Mono path[0] = 'C:/Program Files (x86)/Steam/steamapps/common/RimWorld/RimWorldWin64_Data/Managed'
Mono config path = 'C:/Program Files (x86)/Steam/steamapps/common/RimWorld/MonoBleedingEdge/etc'
[PhysX] Initialized MultithreadedTaskDispatcher with 14 workers.
Initialize engine version: 2022.3.35f1 (011206c7a712)
[Subsystems] Discovering subsystems at path C:/Program Files (x86)/Steam/steamapps/common/RimWorld/RimWorldWin64_Data/UnitySubsystems
GfxDevice: creating device client; threaded=1; jobified=0
Direct3D:
    Version:  Direct3D 11.0 [level 11.1]
    Renderer: NVIDIA GeForce RTX 5080 (ID=0x2c02)
    Vendor:   NVIDIA
    VRAM:     15977 MB
    Driver:   32.0.15.9186
Begin MonoManager ReloadAssembly
- Loaded All Assemblies, in  0.121 seconds
- Finished resetting the current domain, in  0.001 seconds
<RI> Initializing input.
<RI> Input initialized.
<RI> Initialized touch support.
[PhysX] Initialized MultithreadedTaskDispatcher with 14 workers.
UnloadTime: 0.853700 ms
Command line arguments: -disable-compute-shaders
RimWorld 1.6.4871 rev591
Mod RimMandrake: Aftermath dependency (mandrake.rm.ninefold) needs to have <downloadUrl> and/or <steamWorkshopUrl> specified.
Mod RimUtinni: Aftermath Rites dependency (mandrake.rm.aftermath) needs to have <downloadUrl> and/or <steamWorkshopUrl> specified.
Mod RimMandrake: Utinni — Inhabited (Ash'karr) dependency (mandrake.rm.inhabited) needs to have <downloadUrl> and/or <steamWorkshopUrl> specified.
Mod RimMandrake: Utinni — Weather Suite (Ash'karr) dependency (mandrake.rsw.weathersuite) needs to have <downloadUrl> and/or <steamWorkshopUrl> specified.
Mod RimUtinni: Droid Repair Jobs dependency (mandrake.rsw.droidworks) needs to have <downloadUrl> and/or <steamWorkshopUrl> specified.
Mod Inhabited (local) dependency (mandrake.rm.injections) needs to have <downloadUrl> and/or <steamWorkshopUrl> specified.
Mod Jawa Ikee dependency (sarg.alphaanimals) needs to have <downloadUrl> and/or <steamWorkshopUrl> specified.
Mod JawaVoice (SpeakUp reskin) dependency (JPT.speakup) needs to have <downloadUrl> and/or <steamWorkshopUrl> specified.
Mod RimUtinni: Lantern Deeps dependency (BiomesTeam.BiomesCaverns) needs to have <downloadUrl> and/or <steamWorkshopUrl> specified.
Mod RimMandrake: Utinni — Fire Ecology (Pyrelands) dependency (zylle.morevanillabiomes) needs to have <downloadUrl> and/or <steamWorkshopUrl> specified.
Mod RimMandrake: Utinni — Fire Ecology (Pyrelands) dependency (mandrake.rsw.fireecology) needs to have <downloadUrl> and/or <steamWorkshopUrl> specified.
Mod The Rites dependency (mandrake.rut.antiquities) needs to have <downloadUrl> and/or <steamWorkshopUrl> specified.
Mod RimMandrake Sacred Marks dependency (mandrake.rm.graffiti) needs to have <downloadUrl> and/or <steamWorkshopUrl> specified.
Mod RimMandrake: Salvage Claim dependency (mandrake.rm.property) needs to have <downloadUrl> and/or <steamWorkshopUrl> specified.
Mod RimUtinni: Structure Injections dependency (mandrake.rut.desertfixtures) needs to have <downloadUrl> and/or <steamWorkshopUrl> specified.
Mod RimUtinni: Structure Injections dependency (mandrake.rm.injections) needs to have <downloadUrl> and/or <steamWorkshopUrl> specified.
Mod RimStarWars: Structure Injections dependency (mandrake.rm.injections) needs to have <downloadUrl> and/or <steamWorkshopUrl> specified.
Mod RimMandrake: Theft Hauler <packageId> (mandrake.rm.theft_hauler) is not in valid format.
Mod RimMandrake: Theft Hauler dependency (mandrake.rm.property) needs to have <downloadUrl> and/or <steamWorkshopUrl> specified.
Mod RimUtinni: Vault Dungeons dependency (OskarPotocki.VanillaFactionsExpanded.Core) needs to have <downloadUrl> and/or <steamWorkshopUrl> specified.
Mod RimMandrake: Colony Visibility dependency (brrainz.harmony) needs to have <downloadUrl> and/or <steamWorkshopUrl> specified.
Mod RimTalk Expand: AI Storyteller dependency (cyberchronicle.rimtalkexperts) needs to have <downloadUrl> and/or <steamWorkshopUrl> specified.
Mod RimTalk Expand: AI Storyteller dependency (brrainz.harmony) needs to have <downloadUrl> and/or <steamWorkshopUrl> specified.
Mod Custom Room Names - RimTalk Addon dependency (cj.Rimtalk) needs to have <downloadUrl> and/or <steamWorkshopUrl> specified.
Mod Custom Room Names - RimTalk Addon dependency (costel.CustomRoomNames) needs to have <downloadUrl> and/or <steamWorkshopUrl> specified.
Mod RimTalk - Expand Literature dependency (cj.rimtalk) needs to have <downloadUrl> and/or <steamWorkshopUrl> specified.
Mod RimTalk - Expand Toddlers dependency (cyanobot.toddlers) needs to have <downloadUrl> and/or <steamWorkshopUrl> specified.
Mod RimTalk - Expand Toddlers dependency (cj.rimtalk) needs to have <downloadUrl> and/or <steamWorkshopUrl> specified.
Mod Large Pawns dependency (brrainz.harmony) needs to have <downloadUrl> and/or <steamWorkshopUrl> specified.
Mod Wood's Muzzle Flash for Ancient urban ruins has a dependency (issaczhuang.muzzleflash) with empty display name.
Mod Wood's Muzzle Flash for Ancient urban ruins dependency (issaczhuang.muzzleflash) needs to have <downloadUrl> and/or <steamWorkshopUrl> specified.
Mod Wood's Muzzle Flash for Ancient urban ruins has a dependency (xmb.ancienturbanruins.mo) with empty display name.
Mod Wood's Muzzle Flash for Ancient urban ruins dependency (xmb.ancienturbanruins.mo) needs to have <downloadUrl> and/or <steamWorkshopUrl> specified.
Mod Forced Xenogerm Implantation dependency (brrainz.harmony) needs to have <downloadUrl> and/or <steamWorkshopUrl> specified.
Exception loading from System.Xml.XmlElement: System.MissingMethodException: Default constructor not found for type System.String
  at System.RuntimeType.CreateInstanceMono (System.Boolean nonPublic, System.Boolean wrapExceptions) [0x00076] in <51fded79cd284d4d911c5949aff4cb21>:0 
  at System.RuntimeType.CreateInstanceSlow (System.Boolean publicOnly, System.Boolean wrapExceptions, System.Boolean skipCheckThis, System.Boolean fillCache) [0x00009] in <51fded79cd284d4d911c5949aff4cb21>:0 
  at System.RuntimeType.CreateInstanceDefaultCtor (System.Boolean publicOnly, System.Boolean skipCheckThis, System.Boolean fillCache, System.Boolean wrapExceptions, System.Threading.StackCrawlMark& stackMark) [0x00027] in <51fded79cd284d4d911c5949aff4cb21>:0 
  at System.Activator.CreateInstance (System.Type type, System.Boolean nonPublic, System.Boolean wrapExceptions) [0x00020] in <51fded79cd284d4d911c5949aff4cb21>:0 
  at System.Activator.CreateInstance (System.Type type, System.Boolean nonPublic) [0x00000] in <51fded79cd284d4d911c5949aff4cb21>:0 
  at System.Activator.CreateInstance (System.Type type) [0x00000] in <51fded79cd284d4d911c5949aff4cb21>:0 
  at Verse.DirectXmlToObject.ObjectFromXml[T] (System.Xml.XmlNode xmlRoot, System.Boolean doPostLoad) [0x0045c] in <61e4173561894da49d210260257b5097>:0 
  at Verse.DirectXmlToObject.ObjectFromXmlReflection[T] (System.Xml.XmlNode xmlRoot, System.Boolean doPostLoad) [0x00000] in <61e4173561894da49d210260257b5097>:0 
  at Verse.DirectXmlToObject.ObjectFromXml[T] (System.Xml.XmlNode xmlRoot, System.Boolean doPostLoad) [0x0060e] in <61e4173561894da49d210260257b5097>:0 
Fallback handler could not load library C:/Program Files (x86)/Steam/steamapps/common/RimWorld/RimWorldWin64_Data/MonoBleedingEdge/data-00000219378D7B80.dll
Fallback handler could not load library C:/Program Files (x86)/Steam/steamapps/common/RimWorld/RimWorldWin64_Data/MonoBleedingEdge/data-000002196E9EFD00.dll
Prepatcher: Starting... (vanilla load took 26.66367s)
Prepatcher: Game processing took 408.974ms
Prepatcher: Serializing patched assemblies
Prepatcher: Serializing took 1226.9008ms
Prepatcher: Setting refonly
Prepatcher: Loading patched assemblies
Fallback handler could not load library C:/Program Files (x86)/Steam/steamapps/common/RimWorld/RimWorldWin64_Data/MonoBleedingEdge/data-00000219846AE040.dll
Fallback handler could not load library C:/Program Files (x86)/Steam/steamapps/common/RimWorld/RimWorldWin64_Data/MonoBleedingEdge/data-00000219855CD040.dll
Fallback handler could not load library C:/Program Files (x86)/Steam/steamapps/common/RimWorld/RimWorldWin64_Data/MonoBleedingEdge/data-000002196F8F5010.dll
Fallback handler could not load library C:/Program Files (x86)/Steam/steamapps/common/RimWorld/RimWorldWin64_Data/MonoBleedingEdge/data-000002196F62C020.dll
Fallback handler could not load library C:/Program Files (x86)/Steam/steamapps/common/RimWorld/RimWorldWin64_Data/MonoBleedingEdge/data-000002196F904020.dll
Fallback handler could not load library C:/Program Files (x86)/Steam/steamapps/common/RimWorld/RimWorldWin64_Data/MonoBleedingEdge/data-000002196FD31040.dll
Fallback handler could not load library C:/Program Files (x86)/Steam/steamapps/common/RimWorld/RimWorldWin64_Data/MonoBleedingEdge/data-0000021937647880.dll
Fallback handler could not load library C:/Program Files (x86)/Steam/steamapps/common/RimWorld/RimWorldWin64_Data/MonoBleedingEdge/data-000002196F908630.dll
Fallback handler could not load library C:/Program Files (x86)/Steam/steamapps/common/RimWorld/RimWorldWin64_Data/MonoBleedingEdge/data-000002196F978040.dll
Fallback handler could not load library C:/Program Files (x86)/Steam/steamapps/common/RimWorld/RimWorldWin64_Data/MonoBleedingEdge/data-00000219644DFE10.dll
Fallback handler could not load library C:/Program Files (x86)/Steam/steamapps/common/RimWorld/RimWorldWin64_Data/MonoBleedingEdge/data-000002196F98FE50.dll
Fallback handler could not load library C:/Program Files (x86)/Steam/steamapps/common/RimWorld/RimWorldWin64_Data/MonoBleedingEdge/data-000002196F99E860.dll
Fallback handler could not load library C:/Program Files (x86)/Steam/steamapps/common/RimWorld/RimWorldWin64_Data/MonoBleedingEdge/data-000002198583E040.dll
Fallback handler could not load library C:/Program Files (x86)/Steam/steamapps/common/RimWorld/RimWorldWin64_Data/MonoBleedingEdge/data-000002196FD32E50.dll
Fallback handler could not load library C:/Program Files (x86)/Steam/steamapps/common/RimWorld/RimWorldWin64_Data/MonoBleedingEdge/data-000002196FD3D860.dll
Fallback handler could not load library C:/Program Files (x86)/Steam/steamapps/common/RimWorld/RimWorldWin64_Data/MonoBleedingEdge/data-000002195CD47010.dll
Fallback handler could not load library C:/Program Files (x86)/Steam/steamapps/common/RimWorld/RimWorldWin64_Data/MonoBleedingEdge/data-000002196FD4FA70.dll
Fallback handler could not load library C:/Program Files (x86)/Steam/steamapps/common/RimWorld/RimWorldWin64_Data/MonoBleedingEdge/data-000002196F9A4470.dll
Fallback handler could not load library C:/Program Files (x86)/Steam/steamapps/common/RimWorld/RimWorldWin64_Data/MonoBleedingEdge/data-000002196F9A8480.dll
Fallback handler could not load library C:/Program Files (x86)/Steam/steamapps/common/RimWorld/RimWorldWin64_Data/MonoBleedingEdge/data-000002196F4A6070.dll
Fallback handler could not load library C:/Program Files (x86)/Steam/steamapps/common/RimWorld/RimWorldWin64_Data/MonoBleedingEdge/data-000002196FDD4080.dll
Fallback handler could not load library C:/Program Files (x86)/Steam/steamapps/common/RimWorld/RimWorldWin64_Data/MonoBleedingEdge/data-000002196FDD6690.dll
Fallback handler could not load library C:/Program Files (x86)/Steam/steamapps/common/RimWorld/RimWorldWin64_Data/MonoBleedingEdge/data-000002196FDD96A0.dll
Fallback handler could not load library C:/Program Files (x86)/Steam/steamapps/common/RimWorld/RimWorldWin64_Data/MonoBleedingEdge/data-000002196FDDC4B0.dll
Fallback handler could not load library C:/Program Files (x86)/Steam/steamapps/common/RimWorld/RimWorldWin64_Data/MonoBleedingEdge/data-000002196FDDFEC0.dll
Fallback handler could not load library C:/Program Files (x86)/Steam/steamapps/common/RimWorld/RimWorldWin64_Data/MonoBleedingEdge/data-000002196FDE44D0.dll
Fallback handler could not load library C:/Program Files (x86)/Steam/steamapps/common/RimWorld/RimWorldWin64_Data/MonoBleedingEdge/data-000002196F4E58F0.dll
Fallback handler could not load library C:/Program Files (x86)/Steam/steamapps/common/RimWorld/RimWorldWin64_Data/MonoBleedingEdge/data-000002196FEC70F0.dll
Fallback handler could not load library C:/Program Files (x86)/Steam/steamapps/common/RimWorld/RimWorldWin64_Data/MonoBleedingEdge/data-000002196FED0D00.dll
Fallback handler could not load library C:/Program Files (x86)/Steam/steamapps/common/RimWorld/RimWorldWin64_Data/MonoBleedingEdge/data-000002196FF57310.dll
Fallback handler could not load library C:/Program Files (x86)/Steam/steamapps/common/RimWorld/RimWorldWin64_Data/MonoBleedingEdge/data-0000021985985040.dll
Fallback handler could not load library C:/Program Files (x86)/Steam/steamapps/common/RimWorld/RimWorldWin64_Data/MonoBleedingEdge/data-000002196FFCFE20.dll
Fallback handler could not load library C:/Program Files (x86)/Steam/steamapps/common/RimWorld/RimWorldWin64_Data/MonoBleedingEdge/data-000002196FFF8430.dll
Fallback handler could not load library C:/Program Files (x86)/Steam/steamapps/common/RimWorld/RimWorldWin64_Data/MonoBleedingEdge/data-00000219700E61C0.dll
Fallback handler could not load library C:/Program Files (x86)/Steam/steamapps/common/RimWorld/RimWorldWin64_Data/MonoBleedingEdge/data-000002197002AA40.dll
Fallback handler could not load library C:/Program Files (x86)/Steam/steamapps/common/RimWorld/RimWorldWin64_Data/MonoBleedingEdge/data-00000219700EDDD0.dll
Fallback handler could not load library C:/Program Files (x86)/Steam/steamapps/common/RimWorld/RimWorldWin64_Data/MonoBleedingEdge/data-0000021970122FE0.dll
Fallback handler could not load library C:/Program Files (x86)/Steam/steamapps/common/RimWorld/RimWorldWin64_Data/MonoBleedingEdge/data-000002197013B1F0.dll
Fallback handler could not load library C:/Program Files (x86)/Steam/steamapps/common/RimWorld/RimWorldWin64_Data/MonoBleedingEdge/data-0000021985B5D040.dll
Fallback handler could not load library C:/Program Files (x86)/Steam/steamapps/common/RimWorld/RimWorldWin64_Data/MonoBleedingEdge/data-0000021970169E00.dll
Fallback handler could not load library C:/Program Files (x86)/Steam/steamapps/common/RimWorld/RimWorldWin64_Data/MonoBleedingEdge/data-000002196F871160.dll
Fallback handler could not load library C:/Program Files (x86)/Steam/steamapps/common/RimWorld/RimWorldWin64_Data/MonoBleedingEdge/data-000002196F873170.dll
Fallback handler could not load library C:/Program Files (x86)/Steam/steamapps/common/RimWorld/RimWorldWin64_Data/MonoBleedingEdge/data-00000219644DD5F0.dll
Fallback handler could not load library C:/Program Files (x86)/Steam/steamapps/common/RimWorld/RimWorldWin64_Data/MonoBleedingEdge/data-0000021970053050.dll
Fallback handler could not load library C:/Program Files (x86)/Steam/steamapps/common/RimWorld/RimWorldWin64_Data/MonoBleedingEdge/data-000002196FF74B30.dll
Fallback handler could not load library C:/Program Files (x86)/Steam/steamapps/common/RimWorld/RimWorldWin64_Data/MonoBleedingEdge/data-0000021970223C10.dll
Fallback handler could not load library C:/Program Files (x86)/Steam/steamapps/common/RimWorld/RimWorldWin64_Data/MonoBleedingEdge/data-0000021970228220.dll
Fallback handler could not load library C:/Program Files (x86)/Steam/steamapps/common/RimWorld/RimWorldWin64_Data/MonoBleedingEdge/data-0000021970242A30.dll
Fallback handler could not load library C:/Program Files (x86)/Steam/steamapps/common/RimWorld/RimWorldWin64_Data/MonoBleedingEdge/data-0000021970057860.dll
Fallback handler could not load library C:/Program Files (x86)/Steam/steamapps/common/RimWorld/RimWorldWin64_Data/MonoBleedingEdge/data-000002196FF87B60.dll
Fallback handler could not load library C:/Program Files (x86)/Steam/steamapps/common/RimWorld/RimWorldWin64_Data/MonoBleedingEdge/data-0000021970251C50.dll
Fallback handler could not load library C:/Program Files (x86)/Steam/steamapps/common/RimWorld/RimWorldWin64_Data/MonoBleedingEdge/data-000002197025BC60.dll
Fallback handler could not load library C:/Program Files (x86)/Steam/steamapps/common/RimWorld/RimWorldWin64_Data/MonoBleedingEdge/data-0000021970263470.dll
Fallback handler could not load library C:/Program Files (x86)/Steam/steamapps/common/RimWorld/RimWorldWin64_Data/MonoBleedingEdge/data-0000021970268880.dll
Fallback handler could not load library C:/Program Files (x86)/Steam/steamapps/common/RimWorld/RimWorldWin64_Data/MonoBleedingEdge/data-0000021970275CA0.dll
Fallback handler could not load library C:/Program Files (x86)/Steam/steamapps/common/RimWorld/RimWorldWin64_Data/MonoBleedingEdge/data-000002196F9ABA90.dll
Fallback handler could not load library C:/Program Files (x86)/Steam/steamapps/common/RimWorld/RimWorldWin64_Data/MonoBleedingEdge/data-0000021970285EB0.dll
Fallback handler could not load library C:/Program Files (x86)/Steam/steamapps/common/RimWorld/RimWorldWin64_Data/MonoBleedingEdge/data-000002197028C0C0.dll
Fallback handler could not load library C:/Program Files (x86)/Steam/steamapps/common/RimWorld/RimWorldWin64_Data/MonoBleedingEdge/data-000002197029F2E0.dll
Fallback handler could not load library C:/Program Files (x86)/Steam/steamapps/common/RimWorld/RimWorldWin64_Data/MonoBleedingEdge/data-000002196E6EC050.dll
Fallback handler could not load library C:/Program Files (x86)/Steam/steamapps/common/RimWorld/RimWorldWin64_Data/MonoBleedingEdge/data-00000219702A50F0.dll
Fallback handler could not load library C:/Program Files (x86)/Steam/steamapps/common/RimWorld/RimWorldWin64_Data/MonoBleedingEdge/data-00000219702C5900.dll
Fallback handler could not load library C:/Program Files (x86)/Steam/steamapps/common/RimWorld/RimWorldWin64_Data/MonoBleedingEdge/data-00000219702D0720.dll
Fallback handler could not load library C:/Program Files (x86)/Steam/steamapps/common/RimWorld/RimWorldWin64_Data/MonoBleedingEdge/data-00000219702EE330.dll
Fallback handler could not load library C:/Program Files (x86)/Steam/steamapps/common/RimWorld/RimWorldWin64_Data/MonoBleedingEdge/data-00000219702FA540.dll
Fallback handler could not load library C:/Program Files (x86)/Steam/steamapps/common/RimWorld/RimWorldWin64_Data/MonoBleedingEdge/data-000002197034CB50.dll
Fallback handler could not load library C:/Program Files (x86)/Steam/steamapps/common/RimWorld/RimWorldWin64_Data/MonoBleedingEdge/data-0000021970352760.dll
Fallback handler could not load library C:/Program Files (x86)/Steam/steamapps/common/RimWorld/RimWorldWin64_Data/MonoBleedingEdge/data-000002197035CB70.dll
Fallback handler could not load library C:/Program Files (x86)/Steam/steamapps/common/RimWorld/RimWorldWin64_Data/MonoBleedingEdge/data-000002196F9B6020.dll
Fallback handler could not load library C:/Program Files (x86)/Steam/steamapps/common/RimWorld/RimWorldWin64_Data/MonoBleedingEdge/data-0000021970384980.dll
Fallback handler could not load library C:/Program Files (x86)/Steam/steamapps/common/RimWorld/RimWorldWin64_Data/MonoBleedingEdge/data-0000021970387590.dll
Fallback handler could not load library C:/Program Files (x86)/Steam/steamapps/common/RimWorld/RimWorldWin64_Data/MonoBleedingEdge/data-000002197039E1A0.dll
Fallback handler could not load library C:/Program Files (x86)/Steam/steamapps/common/RimWorld/RimWorldWin64_Data/MonoBleedingEdge/data-0000021985CD0080.dll
Fallback handler could not load library C:/Program Files (x86)/Steam/steamapps/common/RimWorld/RimWorldWin64_Data/MonoBleedingEdge/data-00000219703A41B0.dll
Fallback handler could not load library C:/Program Files (x86)/Steam/steamapps/common/RimWorld/RimWorldWin64_Data/MonoBleedingEdge/data-00000219703A83C0.dll
Fallback handler could not load library C:/Program Files (x86)/Steam/steamapps/common/RimWorld/RimWorldWin64_Data/MonoBleedingEdge/data-0000021985CE42A0.dll
Fallback handler could not load library C:/Program Files (x86)/Steam/steamapps/common/RimWorld/RimWorldWin64_Data/MonoBleedingEdge/data-0000021985D024B0.dll
Fallback handler could not load library C:/Program Files (x86)/Steam/steamapps/common/RimWorld/RimWorldWin64_Data/MonoBleedingEdge/data-000002196F4E24E0.dll
Fallback handler could not load library C:/Program Files (x86)/Steam/steamapps/common/RimWorld/RimWorldWin64_Data/MonoBleedingEdge/data-0000021985D094C0.dll
Fallback handler could not load library C:/Program Files (x86)/Steam/steamapps/common/RimWorld/RimWorldWin64_Data/MonoBleedingEdge/data-0000021985D154D0.dll
Fallback handler could not load library C:/Program Files (x86)/Steam/steamapps/common/RimWorld/RimWorldWin64_Data/MonoBleedingEdge/data-0000021985D20AE0.dll
Fallback handler could not load library C:/Program Files (x86)/Steam/steamapps/common/RimWorld/RimWorldWin64_Data/MonoBleedingEdge/data-0000021985D254F0.dll
Fallback handler could not load library C:/Program Files (x86)/Steam/steamapps/common/RimWorld/RimWorldWin64_Data/MonoBleedingEdge/data-0000021985D35100.dll
Fallback handler could not load library C:/Program Files (x86)/Steam/steamapps/common/RimWorld/RimWorldWin64_Data/MonoBleedingEdge/data-0000021985D3A710.dll
Fallback handler could not load library C:/Program Files (x86)/Steam/steamapps/common/RimWorld/RimWorldWin64_Data/MonoBleedingEdge/data-0000021985D74720.dll
Fallback handler could not load library C:/Program Files (x86)/Steam/steamapps/common/RimWorld/RimWorldWin64_Data/MonoBleedingEdge/data-0000021985D78930.dll
Fallback handler could not load library C:/Program Files (x86)/Steam/steamapps/common/RimWorld/RimWorldWin64_Data/MonoBleedingEdge/data-000002196EDD3010.dll
Fallback handler could not load library C:/Program Files (x86)/Steam/steamapps/common/RimWorld/RimWorldWin64_Data/MonoBleedingEdge/data-0000021985D80940.dll
Fallback handler could not load library C:/Program Files (x86)/Steam/steamapps/common/RimWorld/RimWorldWin64_Data/MonoBleedingEdge/data-000002196F4E8D00.dll
Fallback handler could not load library C:/Program Files (x86)/Steam/steamapps/common/RimWorld/RimWorldWin64_Data/MonoBleedingEdge/data-0000021985D95350.dll
Fallback handler could not load library C:/Program Files (x86)/Steam/steamapps/common/RimWorld/RimWorldWin64_Data/MonoBleedingEdge/data-0000021985D9B760.dll
Fallback handler could not load library C:/Program Files (x86)/Steam/steamapps/common/RimWorld/RimWorldWin64_Data/MonoBleedingEdge/data-0000021985DC9970.dll
Fallback handler could not load library C:/Program Files (x86)/Steam/steamapps/common/RimWorld/RimWorldWin64_Data/MonoBleedingEdge/data-000002196F86D140.dll
Fallback handler could not load library C:/Program Files (x86)/Steam/steamapps/common/RimWorld/RimWorldWin64_Data/MonoBleedingEdge/data-0000021986CA6040.dll
Fallback handler could not load library C:/Program Files (x86)/Steam/steamapps/common/RimWorld/RimWorldWin64_Data/MonoBleedingEdge/data-00000219644DC1E0.dll
Fallback handler could not load library C:/Program Files (x86)/Steam/steamapps/common/RimWorld/RimWorldWin64_Data/MonoBleedingEdge/data-0000021985E4F390.dll
Fallback handler could not load library C:/Program Files (x86)/Steam/steamapps/common/RimWorld/RimWorldWin64_Data/MonoBleedingEdge/data-0000021985E529A0.dll
Fallback handler could not load library C:/Program Files (x86)/Steam/steamapps/common/RimWorld/RimWorldWin64_Data/MonoBleedingEdge/data-000002196F89A8A0.dll
Fallback handler could not load library C:/Program Files (x86)/Steam/steamapps/common/RimWorld/RimWorldWin64_Data/MonoBleedingEdge/data-0000021985E5BFB0.dll
Fallback handler could not load library C:/Program Files (x86)/Steam/steamapps/common/RimWorld/RimWorldWin64_Data/MonoBleedingEdge/data-0000021985E687C0.dll
Fallback handler could not load library C:/Program Files (x86)/Steam/steamapps/common/RimWorld/RimWorldWin64_Data/MonoBleedingEdge/data-000002196F4AE8B0.dll
Fallback handler could not load library C:/Program Files (x86)/Steam/steamapps/common/RimWorld/RimWorldWin64_Data/MonoBleedingEdge/data-000002196E68D020.dll
Fallback handler could not load library C:/Program Files (x86)/Steam/steamapps/common/RimWorld/RimWorldWin64_Data/MonoBleedingEdge/data-0000021985E84BE0.dll
Fallback handler could not load library C:/Program Files (x86)/Steam/steamapps/common/RimWorld/RimWorldWin64_Data/MonoBleedingEdge/data-0000021986DD8040.dll
Fallback handler could not load library C:/Program Files (x86)/Steam/steamapps/common/RimWorld/RimWorldWin64_Data/MonoBleedingEdge/data-0000021985E9D010.dll
Fallback handler could not load library C:/Program Files (x86)/Steam/steamapps/common/RimWorld/RimWorldWin64_Data/MonoBleedingEdge/data-0000021985EA1820.dll
Fallback handler could not load library C:/Program Files (x86)/Steam/steamapps/common/RimWorld/RimWorldWin64_Data/MonoBleedingEdge/data-0000021985EA6030.dll
Fallback handler could not load library C:/Program Files (x86)/Steam/steamapps/common/RimWorld/RimWorldWin64_Data/MonoBleedingEdge/data-0000021985EAA640.dll
Fallback handler could not load library C:/Program Files (x86)/Steam/steamapps/common/RimWorld/RimWorldWin64_Data/MonoBleedingEdge/data-000002196F17D510.dll
Fallback handler could not load library C:/Program Files (x86)/Steam/steamapps/common/RimWorld/RimWorldWin64_Data/MonoBleedingEdge/data-0000021985EB9650.dll
Fallback handler could not load library C:/Program Files (x86)/Steam/steamapps/common/RimWorld/RimWorldWin64_Data/MonoBleedingEdge/data-000002196F4AA490.dll
Fallback handler could not load library C:/Program Files (x86)/Steam/steamapps/common/RimWorld/RimWorldWin64_Data/MonoBleedingEdge/data-0000021985EBE260.dll
Fallback handler could not load library C:/Program Files (x86)/Steam/steamapps/common/RimWorld/RimWorldWin64_Data/MonoBleedingEdge/data-0000021985EC0670.dll
Fallback handler could not load library C:/Program Files (x86)/Steam/steamapps/common/RimWorld/RimWorldWin64_Data/MonoBleedingEdge/data-0000021937535630.dll
Fallback handler could not load library C:/Program Files (x86)/Steam/steamapps/common/RimWorld/RimWorldWin64_Data/MonoBleedingEdge/data-0000021985EC5880.dll
Fallback handler could not load library C:/Program Files (x86)/Steam/steamapps/common/RimWorld/RimWorldWin64_Data/MonoBleedingEdge/data-0000021985ED76A0.dll
Fallback handler could not load library C:/Program Files (x86)/Steam/steamapps/common/RimWorld/RimWorldWin64_Data/MonoBleedingEdge/data-0000021985ED92B0.dll
Fallback handler could not load library C:/Program Files (x86)/Steam/steamapps/common/RimWorld/RimWorldWin64_Data/MonoBleedingEdge/data-0000021985EDD8C0.dll
Fallback handler could not load library C:/Program Files (x86)/Steam/steamapps/common/RimWorld/RimWorldWin64_Data/MonoBleedingEdge/data-0000021985EE30D0.dll
Fallback handler could not load library C:/Program Files (x86)/Steam/steamapps/common/RimWorld/RimWorldWin64_Data/MonoBleedingEdge/data-0000021985EF1CE0.dll
Fallback handler could not load library C:/Program Files (x86)/Steam/steamapps/common/RimWorld/RimWorldWin64_Data/MonoBleedingEdge/data-0000021985F0A0F0.dll
Fallback handler could not load library C:/Program Files (x86)/Steam/steamapps/common/RimWorld/RimWorldWin64_Data/MonoBleedingEdge/data-0000021985F255C0.dll
Fallback handler could not load library C:/Program Files (x86)/Steam/steamapps/common/RimWorld/RimWorldWin64_Data/MonoBleedingEdge/data-0000021985F10500.dll
Fallback handler could not load library C:/Program Files (x86)/Steam/steamapps/common/RimWorld/RimWorldWin64_Data/MonoBleedingEdge/data-000002196F86F150.dll
Fallback handler could not load library C:/Program Files (x86)/Steam/steamapps/common/RimWorld/RimWorldWin64_Data/MonoBleedingEdge/data-00000219644E4E50.dll
Fallback handler could not load library C:/Program Files (x86)/Steam/steamapps/common/RimWorld/RimWorldWin64_Data/MonoBleedingEdge/data-000002193755A090.dll
Fallback handler could not load library C:/Program Files (x86)/Steam/steamapps/common/RimWorld/RimWorldWin64_Data/MonoBleedingEdge/data-0000021985F295D0.dll
Fallback handler could not load library C:/Program Files (x86)/Steam/steamapps/common/RimWorld/RimWorldWin64_Data/MonoBleedingEdge/data-0000021985F40DE0.dll
Fallback handler could not load library C:/Program Files (x86)/Steam/steamapps/common/RimWorld/RimWorldWin64_Data/MonoBleedingEdge/data-0000021985F4E1F0.dll
Fallback handler could not load library C:/Program Files (x86)/Steam/steamapps/common/RimWorld/RimWorldWin64_Data/MonoBleedingEdge/data-000002196FBA0480.dll
Fallback handler could not load library C:/Program Files (x86)/Steam/steamapps/common/RimWorld/RimWorldWin64_Data/MonoBleedingEdge/data-0000021985F61200.dll
Fallback handler could not load library C:/Program Files (x86)/Steam/steamapps/common/RimWorld/RimWorldWin64_Data/MonoBleedingEdge/data-0000021985FC8610.dll
Fallback handler could not load library C:/Program Files (x86)/Steam/steamapps/common/RimWorld/RimWorldWin64_Data/MonoBleedingEdge/data-0000021985FF0E20.dll
Fallback handler could not load library C:/Program Files (x86)/Steam/steamapps/common/RimWorld/RimWorldWin64_Data/MonoBleedingEdge/data-0000021985FFEC30.dll
Fallback handler could not load library C:/Program Files (x86)/Steam/steamapps/common/RimWorld/RimWorldWin64_Data/MonoBleedingEdge/data-0000021986004E40.dll
Fallback handler could not load library C:/Program Files (x86)/Steam/steamapps/common/RimWorld/RimWorldWin64_Data/MonoBleedingEdge/data-000002196F895880.dll
Fallback handler could not load library C:/Program Files (x86)/Steam/steamapps/common/RimWorld/RimWorldWin64_Data/MonoBleedingEdge/data-000002198601B650.dll
Fallback handler could not load library C:/Program Files (x86)/Steam/steamapps/common/RimWorld/RimWorldWin64_Data/MonoBleedingEdge/data-000002196F898090.dll
Fallback handler could not load library C:/Program Files (x86)/Steam/steamapps/common/RimWorld/RimWorldWin64_Data/MonoBleedingEdge/data-000002198602BC70.dll
Fallback handler could not load library C:/Program Files (x86)/Steam/steamapps/common/RimWorld/RimWorldWin64_Data/MonoBleedingEdge/data-0000021986032E80.dll
Fallback handler could not load library C:/Program Files (x86)/Steam/steamapps/common/RimWorld/RimWorldWin64_Data/MonoBleedingEdge/data-0000021986037E90.dll
Fallback handler could not load library C:/Program Files (x86)/Steam/steamapps/common/RimWorld/RimWorldWin64_Data/MonoBleedingEdge/data-000002196F893070.dll
Fallback handler could not load library C:/Program Files (x86)/Steam/steamapps/common/RimWorld/RimWorldWin64_Data/MonoBleedingEdge/data-0000021937538250.dll
Fallback handler could not load library C:/Program Files (x86)/Steam/steamapps/common/RimWorld/RimWorldWin64_Data/MonoBleedingEdge/data-00000219860440A0.dll
Fallback handler could not load library C:/Program Files (x86)/Steam/steamapps/common/RimWorld/RimWorldWin64_Data/MonoBleedingEdge/data-00000219860522B0.dll
Fallback handler could not load library C:/Program Files (x86)/Steam/steamapps/common/RimWorld/RimWorldWin64_Data/MonoBleedingEdge/data-0000021986055EC0.dll
Fallback handler could not load library C:/Program Files (x86)/Steam/steamapps/common/RimWorld/RimWorldWin64_Data/MonoBleedingEdge/data-00000219860C5ED0.dll
Fallback handler could not load library C:/Program Files (x86)/Steam/steamapps/common/RimWorld/RimWorldWin64_Data/MonoBleedingEdge/data-00000219860C88E0.dll
Fallback handler could not load library C:/Program Files (x86)/Steam/steamapps/common/RimWorld/RimWorldWin64_Data/MonoBleedingEdge/data-000002198608D6D0.dll
Fallback handler could not load library C:/Program Files (x86)/Steam/steamapps/common/RimWorld/RimWorldWin64_Data/MonoBleedingEdge/data-00000219860DF8F0.dll
Fallback handler could not load library C:/Program Files (x86)/Steam/steamapps/common/RimWorld/RimWorldWin64_Data/MonoBleedingEdge/data-00000219860F9100.dll
Fallback handler could not load library C:/Program Files (x86)/Steam/steamapps/common/RimWorld/RimWorldWin64_Data/MonoBleedingEdge/data-000002196F8A20D0.dll
Fallback handler could not load library C:/Program Files (x86)/Steam/steamapps/common/RimWorld/RimWorldWin64_Data/MonoBleedingEdge/data-000002198612D310.dll
Fallback handler could not load library C:/Program Files (x86)/Steam/steamapps/common/RimWorld/RimWorldWin64_Data/MonoBleedingEdge/data-000002196FBA1690.dll
Fallback handler could not load library C:/Program Files (x86)/Steam/steamapps/common/RimWorld/RimWorldWin64_Data/MonoBleedingEdge/data-0000021986140130.dll
Fallback handler could not load library C:/Program Files (x86)/Steam/steamapps/common/RimWorld/RimWorldWin64_Data/MonoBleedingEdge/data-0000021986142740.dll
Fallback handler could not load library C:/Program Files (x86)/Steam/steamapps/common/RimWorld/RimWorldWin64_Data/MonoBleedingEdge/data-0000021986144350.dll
Fallback handler could not load library C:/Program Files (x86)/Steam/steamapps/common/RimWorld/RimWorldWin64_Data/MonoBleedingEdge/data-000002198614D360.dll
Fallback handler could not load library C:/Program Files (x86)/Steam/steamapps/common/RimWorld/RimWorldWin64_Data/MonoBleedingEdge/data-0000021986151970.dll
Fallback handler could not load library C:/Program Files (x86)/Steam/steamapps/common/RimWorld/RimWorldWin64_Data/MonoBleedingEdge/data-0000021986154780.dll
Fallback handler could not load library C:/Program Files (x86)/Steam/steamapps/common/RimWorld/RimWorldWin64_Data/MonoBleedingEdge/data-000002198616D190.dll
Fallback handler could not load library C:/Program Files (x86)/Steam/steamapps/common/RimWorld/RimWorldWin64_Data/MonoBleedingEdge/data-000002198616FBA0.dll
Fallback handler could not load library C:/Program Files (x86)/Steam/steamapps/common/RimWorld/RimWorldWin64_Data/MonoBleedingEdge/data-000002196F87D1C0.dll
Fallback handler could not load library C:/Program Files (x86)/Steam/steamapps/common/RimWorld/RimWorldWin64_Data/MonoBleedingEdge/data-0000021986F26040.dll
Fallback handler could not load library C:/Program Files (x86)/Steam/steamapps/common/RimWorld/RimWorldWin64_Data/MonoBleedingEdge/data-00000219861721B0.dll
Fallback handler could not load library C:/Program Files (x86)/Steam/steamapps/common/RimWorld/RimWorldWin64_Data/MonoBleedingEdge/data-00000219861785C0.dll
Fallback handler could not load library C:/Program Files (x86)/Steam/steamapps/common/RimWorld/RimWorldWin64_Data/MonoBleedingEdge/data-000002198617D5D0.dll
Fallback handler could not load library C:/Program Files (x86)/Steam/steamapps/common/RimWorld/RimWorldWin64_Data/MonoBleedingEdge/data-00000219861813E0.dll
Fallback handler could not load library C:/Program Files (x86)/Steam/steamapps/common/RimWorld/RimWorldWin64_Data/MonoBleedingEdge/data-00000219861849F0.dll
Fallback handler could not load library C:/Program Files (x86)/Steam/steamapps/common/RimWorld/RimWorldWin64_Data/MonoBleedingEdge/data-0000021986186200.dll
Fallback handler could not load library C:/Program Files (x86)/Steam/steamapps/common/RimWorld/RimWorldWin64_Data/MonoBleedingEdge/data-0000021986198010.dll
Fallback handler could not load library C:/Program Files (x86)/Steam/steamapps/common/RimWorld/RimWorldWin64_Data/MonoBleedingEdge/data-0000021937536C40.dll
Fallback handler could not load library C:/Program Files (x86)/Steam/steamapps/common/RimWorld/RimWorldWin64_Data/MonoBleedingEdge/data-000002198619A620.dll
Fallback handler could not load library C:/Program Files (x86)/Steam/steamapps/common/RimWorld/RimWorldWin64_Data/MonoBleedingEdge/data-00000219861A5A30.dll
Fallback handler could not load library C:/Program Files (x86)/Steam/steamapps/common/RimWorld/RimWorldWin64_Data/MonoBleedingEdge/data-00000219861ACC40.dll
Fallback handler could not load library C:/Program Files (x86)/Steam/steamapps/common/RimWorld/RimWorldWin64_Data/MonoBleedingEdge/data-000002196FB9E060.dll
Fallback handler could not load library C:/Program Files (x86)/Steam/steamapps/common/RimWorld/RimWorldWin64_Data/MonoBleedingEdge/data-00000219861B0C50.dll
Fallback handler could not load library C:/Program Files (x86)/Steam/steamapps/common/RimWorld/RimWorldWin64_Data/MonoBleedingEdge/data-000002196F4A8280.dll
Fallback handler could not load library C:/Program Files (x86)/Steam/steamapps/common/RimWorld/RimWorldWin64_Data/MonoBleedingEdge/data-00000219861B2660.dll
Fallback handler could not load library C:/Program Files (x86)/Steam/steamapps/common/RimWorld/RimWorldWin64_Data/MonoBleedingEdge/data-00000219861B5E70.dll
Fallback handler could not load library C:/Program Files (x86)/Steam/steamapps/common/RimWorld/RimWorldWin64_Data/MonoBleedingEdge/data-00000219861D1C80.dll
Fallback handler could not load library C:/Program Files (x86)/Steam/steamapps/common/RimWorld/RimWorldWin64_Data/MonoBleedingEdge/data-00000219861E4890.dll
Fallback handler could not load library C:/Program Files (x86)/Steam/steamapps/common/RimWorld/RimWorldWin64_Data/MonoBleedingEdge/data-00000219861EA0A0.dll
Fallback handler could not load library C:/Program Files (x86)/Steam/steamapps/common/RimWorld/RimWorldWin64_Data/MonoBleedingEdge/data-00000219861EE2B0.dll
Fallback handler could not load library C:/Program Files (x86)/Steam/steamapps/common/RimWorld/RimWorldWin64_Data/MonoBleedingEdge/data-00000219644E2630.dll
Fallback handler could not load library C:/Program Files (x86)/Steam/steamapps/common/RimWorld/RimWorldWin64_Data/MonoBleedingEdge/data-00000219861F10C0.dll
Fallback handler could not load library C:/Program Files (x86)/Steam/steamapps/common/RimWorld/RimWorldWin64_Data/MonoBleedingEdge/data-00000219861F2AD0.dll
Fallback handler could not load library C:/Program Files (x86)/Steam/steamapps/common/RimWorld/RimWorldWin64_Data/MonoBleedingEdge/data-000002196F87B1B0.dll
Fallback handler could not load library C:/Program Files (x86)/Steam/steamapps/common/RimWorld/RimWorldWin64_Data/MonoBleedingEdge/data-0000021986203010.dll
Fallback handler could not load library C:/Program Files (x86)/Steam/steamapps/common/RimWorld/RimWorldWin64_Data/MonoBleedingEdge/data-0000021986204820.dll
Fallback handler could not load library C:/Program Files (x86)/Steam/steamapps/common/RimWorld/RimWorldWin64_Data/MonoBleedingEdge/data-0000021986209230.dll
Fallback handler could not load library C:/Program Files (x86)/Steam/steamapps/common/RimWorld/RimWorldWin64_Data/MonoBleedingEdge/data-00000219644E1220.dll
Fallback handler could not load library C:/Program Files (x86)/Steam/steamapps/common/RimWorld/RimWorldWin64_Data/MonoBleedingEdge/data-000002196F4B2CD0.dll
Fallback handler could not load library C:/Program Files (x86)/Steam/steamapps/common/RimWorld/RimWorldWin64_Data/MonoBleedingEdge/data-000002198620EA50.dll
Fallback handler could not load library C:/Program Files (x86)/Steam/steamapps/common/RimWorld/RimWorldWin64_Data/MonoBleedingEdge/data-000002196F4DF0D0.dll
Fallback handler could not load library C:/Program Files (x86)/Steam/steamapps/common/RimWorld/RimWorldWin64_Data/MonoBleedingEdge/data-0000021986227C70.dll
Fallback handler could not load library C:/Program Files (x86)/Steam/steamapps/common/RimWorld/RimWorldWin64_Data/MonoBleedingEdge/data-000002196F877190.dll
Fallback handler could not load library C:/Program Files (x86)/Steam/steamapps/common/RimWorld/RimWorldWin64_Data/MonoBleedingEdge/data-0000021986272010.dll
Fallback handler could not load library C:/Program Files (x86)/Steam/steamapps/common/RimWorld/RimWorldWin64_Data/MonoBleedingEdge/data-000002196FBA28A0.dll
Fallback handler could not load library C:/Program Files (x86)/Steam/steamapps/common/RimWorld/RimWorldWin64_Data/MonoBleedingEdge/data-000002196F87F1D0.dll
Fallback handler could not load library C:/Program Files (x86)/Steam/steamapps/common/RimWorld/RimWorldWin64_Data/MonoBleedingEdge/data-0000021986277A20.dll
Fallback handler could not load library C:/Program Files (x86)/Steam/steamapps/common/RimWorld/RimWorldWin64_Data/MonoBleedingEdge/data-000002198629B010.dll
Fallback handler could not load library C:/Program Files (x86)/Steam/steamapps/common/RimWorld/RimWorldWin64_Data/MonoBleedingEdge/data-00000219862A0E20.dll
Fallback handler could not load library C:/Program Files (x86)/Steam/steamapps/common/RimWorld/RimWorldWin64_Data/MonoBleedingEdge/data-00000219862A4A30.dll
Fallback handler could not load library C:/Program Files (x86)/Steam/steamapps/common/RimWorld/RimWorldWin64_Data/MonoBleedingEdge/data-00000219862A7040.dll
Fallback handler could not load library C:/Program Files (x86)/Steam/steamapps/common/RimWorld/RimWorldWin64_Data/MonoBleedingEdge/data-00000219862ABC50.dll
Fallback handler could not load library C:/Program Files (x86)/Steam/steamapps/common/RimWorld/RimWorldWin64_Data/MonoBleedingEdge/data-00000219862AFE60.dll
Fallback handler could not load library C:/Program Files (x86)/Steam/steamapps/common/RimWorld/RimWorldWin64_Data/MonoBleedingEdge/data-00000219862C0870.dll
Fallback handler could not load library C:/Program Files (x86)/Steam/steamapps/common/RimWorld/RimWorldWin64_Data/MonoBleedingEdge/data-00000219862C4280.dll
Fallback handler could not load library C:/Program Files (x86)/Steam/steamapps/common/RimWorld/RimWorldWin64_Data/MonoBleedingEdge/data-00000219862C9E90.dll
Fallback handler could not load library C:/Program Files (x86)/Steam/steamapps/common/RimWorld/RimWorldWin64_Data/MonoBleedingEdge/data-00000219862DFEA0.dll
Fallback handler could not load library C:/Program Files (x86)/Steam/steamapps/common/RimWorld/RimWorldWin64_Data/MonoBleedingEdge/data-00000219862F16B0.dll
Fallback handler could not load library C:/Program Files (x86)/Steam/steamapps/common/RimWorld/RimWorldWin64_Data/MonoBleedingEdge/data-000002196F4EF520.dll
Fallback handler could not load library C:/Program Files (x86)/Steam/steamapps/common/RimWorld/RimWorldWin64_Data/MonoBleedingEdge/data-0000021986306CD0.dll
Fallback handler could not load library C:/Program Files (x86)/Steam/steamapps/common/RimWorld/RimWorldWin64_Data/MonoBleedingEdge/data-00000219863086E0.dll
Fallback handler could not load library C:/Program Files (x86)/Steam/steamapps/common/RimWorld/RimWorldWin64_Data/MonoBleedingEdge/data-0000021986321AF0.dll
Fallback handler could not load library C:/Program Files (x86)/Steam/steamapps/common/RimWorld/RimWorldWin64_Data/MonoBleedingEdge/data-0000021986333B00.dll
Fallback handler could not load library C:/Program Files (x86)/Steam/steamapps/common/RimWorld/RimWorldWin64_Data/MonoBleedingEdge/data-0000021986338910.dll
Fallback handler could not load library C:/Program Files (x86)/Steam/steamapps/common/RimWorld/RimWorldWin64_Data/MonoBleedingEdge/data-00000219644E3A40.dll
Fallback handler could not load library C:/Program Files (x86)/Steam/steamapps/common/RimWorld/RimWorldWin64_Data/MonoBleedingEdge/data-000002198633FD20.dll
Fallback handler could not load library C:/Program Files (x86)/Steam/steamapps/common/RimWorld/RimWorldWin64_Data/MonoBleedingEdge/data-0000021986342930.dll
Fallback handler could not load library C:/Program Files (x86)/Steam/steamapps/common/RimWorld/RimWorldWin64_Data/MonoBleedingEdge/data-0000021986364150.dll
Fallback handler could not load library C:/Program Files (x86)/Steam/steamapps/common/RimWorld/RimWorldWin64_Data/MonoBleedingEdge/data-0000021986370F60.dll
Fallback handler could not load library C:/Program Files (x86)/Steam/steamapps/common/RimWorld/RimWorldWin64_Data/MonoBleedingEdge/data-000002198637AF70.dll
Fallback handler could not load library C:/Program Files (x86)/Steam/steamapps/common/RimWorld/RimWorldWin64_Data/MonoBleedingEdge/data-0000021986384980.dll
Fallback handler could not load library C:/Program Files (x86)/Steam/steamapps/common/RimWorld/RimWorldWin64_Data/MonoBleedingEdge/data-0000021986386590.dll
Fallback handler could not load library C:/Program Files (x86)/Steam/steamapps/common/RimWorld/RimWorldWin64_Data/MonoBleedingEdge/data-000002196F4EC110.dll
Fallback handler could not load library C:/Program Files (x86)/Steam/steamapps/common/RimWorld/RimWorldWin64_Data/MonoBleedingEdge/data-000002198638F5A0.dll
Fallback handler could not load library C:/Program Files (x86)/Steam/steamapps/common/RimWorld/RimWorldWin64_Data/MonoBleedingEdge/data-0000021986394DB0.dll
Fallback handler could not load library C:/Program Files (x86)/Steam/steamapps/common/RimWorld/RimWorldWin64_Data/MonoBleedingEdge/data-00000219863987C0.dll
Fallback handler could not load library C:/Program Files (x86)/Steam/steamapps/common/RimWorld/RimWorldWin64_Data/MonoBleedingEdge/data-00000219863B49D0.dll
Fallback handler could not load library C:/Program Files (x86)/Steam/steamapps/common/RimWorld/RimWorldWin64_Data/MonoBleedingEdge/data-00000219863C05E0.dll
Fallback handler could not load library C:/Program Files (x86)/Steam/steamapps/common/RimWorld/RimWorldWin64_Data/MonoBleedingEdge/data-00000219863C23F0.dll
Fallback handler could not load library C:/Program Files (x86)/Steam/steamapps/common/RimWorld/RimWorldWin64_Data/MonoBleedingEdge/data-0000021937534020.dll
Fallback handler could not load library C:/Program Files (x86)/Steam/steamapps/common/RimWorld/RimWorldWin64_Data/MonoBleedingEdge/data-00000219863E4400.dll
Fallback handler could not load library C:/Program Files (x86)/Steam/steamapps/common/RimWorld/RimWorldWin64_Data/MonoBleedingEdge/data-00000219863EE610.dll
Fallback handler could not load library C:/Program Files (x86)/Steam/steamapps/common/RimWorld/RimWorldWin64_Data/MonoBleedingEdge/data-0000021986403430.dll
Fallback handler could not load library C:/Program Files (x86)/Steam/steamapps/common/RimWorld/RimWorldWin64_Data/MonoBleedingEdge/data-0000021986405E40.dll
Fallback handler could not load library C:/Program Files (x86)/Steam/steamapps/common/RimWorld/RimWorldWin64_Data/MonoBleedingEdge/data-0000021986430A50.dll
Fallback handler could not load library C:/Program Files (x86)/Steam/steamapps/common/RimWorld/RimWorldWin64_Data/MonoBleedingEdge/data-0000021986435060.dll
Fallback handler could not load library C:/Program Files (x86)/Steam/steamapps/common/RimWorld/RimWorldWin64_Data/MonoBleedingEdge/data-00000219644E6260.dll
Fallback handler could not load library C:/Program Files (x86)/Steam/steamapps/common/RimWorld/RimWorldWin64_Data/MonoBleedingEdge/data-000002198643BA70.dll
Fallback handler could not load library C:/Program Files (x86)/Steam/steamapps/common/RimWorld/RimWorldWin64_Data/MonoBleedingEdge/data-0000021986440280.dll
Fallback handler could not load library C:/Program Files (x86)/Steam/steamapps/common/RimWorld/RimWorldWin64_Data/MonoBleedingEdge/data-0000021986441E90.dll
Fallback handler could not load library C:/Program Files (x86)/Steam/steamapps/common/RimWorld/RimWorldWin64_Data/MonoBleedingEdge/data-00000219864638B0.dll
Fallback handler could not load library C:/Program Files (x86)/Steam/steamapps/common/RimWorld/RimWorldWin64_Data/MonoBleedingEdge/data-0000021986490AC0.dll
Fallback handler could not load library C:/Program Files (x86)/Steam/steamapps/common/RimWorld/RimWorldWin64_Data/MonoBleedingEdge/data-000002196F8791A0.dll
Fallback handler could not load library C:/Program Files (x86)/Steam/steamapps/common/RimWorld/RimWorldWin64_Data/MonoBleedingEdge/data-00000219644E8A80.dll
Fallback handler could not load library C:/Program Files (x86)/Steam/steamapps/common/RimWorld/RimWorldWin64_Data/MonoBleedingEdge/data-00000219864928D0.dll
Fallback handler could not load library C:/Program Files (x86)/Steam/steamapps/common/RimWorld/RimWorldWin64_Data/MonoBleedingEdge/data-0000021986497EE0.dll
Fallback handler could not load library C:/Program Files (x86)/Steam/steamapps/common/RimWorld/RimWorldWin64_Data/MonoBleedingEdge/data-00000219864A0CF0.dll
Fallback handler could not load library C:/Program Files (x86)/Steam/steamapps/common/RimWorld/RimWorldWin64_Data/MonoBleedingEdge/data-00000219864A2500.dll
Fallback handler could not load library C:/Program Files (x86)/Steam/steamapps/common/RimWorld/RimWorldWin64_Data/MonoBleedingEdge/data-000002196F4AC6A0.dll
Fallback handler could not load library C:/Program Files (x86)/Steam/steamapps/common/RimWorld/RimWorldWin64_Data/MonoBleedingEdge/data-00000219864C0510.dll
Fallback handler could not load library C:/Program Files (x86)/Steam/steamapps/common/RimWorld/RimWorldWin64_Data/MonoBleedingEdge/data-000002196F8811E0.dll
Fallback handler could not load library C:/Program Files (x86)/Steam/steamapps/common/RimWorld/RimWorldWin64_Data/MonoBleedingEdge/data-00000219864C3D20.dll
Fallback handler could not load library C:/Program Files (x86)/Steam/steamapps/common/RimWorld/RimWorldWin64_Data/MonoBleedingEdge/data-00000219864C8130.dll
Fallback handler could not load library C:/Program Files (x86)/Steam/steamapps/common/RimWorld/RimWorldWin64_Data/MonoBleedingEdge/data-00000219864CCB40.dll
Fallback handler could not load library C:/Program Files (x86)/Steam/steamapps/common/RimWorld/RimWorldWin64_Data/MonoBleedingEdge/data-00000219864EFD50.dll
Fallback handler could not load library C:/Program Files (x86)/Steam/steamapps/common/RimWorld/RimWorldWin64_Data/MonoBleedingEdge/data-00000219864F4B60.dll
Fallback handler could not load library C:/Program Files (x86)/Steam/steamapps/common/RimWorld/RimWorldWin64_Data/MonoBleedingEdge/data-0000021986531D70.dll
Fallback handler could not load library C:/Program Files (x86)/Steam/steamapps/common/RimWorld/RimWorldWin64_Data/MonoBleedingEdge/data-0000021986534980.dll
Fallback handler could not load library C:/Program Files (x86)/Steam/steamapps/common/RimWorld/RimWorldWin64_Data/MonoBleedingEdge/data-0000021986536190.dll
Fallback handler could not load library C:/Program Files (x86)/Steam/steamapps/common/RimWorld/RimWorldWin64_Data/MonoBleedingEdge/data-00000219865393A0.dll
Fallback handler could not load library C:/Program Files (x86)/Steam/steamapps/common/RimWorld/RimWorldWin64_Data/MonoBleedingEdge/data-00000219865469B0.dll
Fallback handler could not load library C:/Program Files (x86)/Steam/steamapps/common/RimWorld/RimWorldWin64_Data/MonoBleedingEdge/data-00000219865539C0.dll
Fallback handler could not load library C:/Program Files (x86)/Steam/steamapps/common/RimWorld/RimWorldWin64_Data/MonoBleedingEdge/data-000002198656E010.dll
Fallback handler could not load library C:/Program Files (x86)/Steam/steamapps/common/RimWorld/RimWorldWin64_Data/MonoBleedingEdge/data-000002196FB9F270.dll
Fallback handler could not load library C:/Program Files (x86)/Steam/steamapps/common/RimWorld/RimWorldWin64_Data/MonoBleedingEdge/data-000002198656FC20.dll
Fallback handler could not load library C:/Program Files (x86)/Steam/steamapps/common/RimWorld/RimWorldWin64_Data/MonoBleedingEdge/data-0000021986572C30.dll
Fallback handler could not load library C:/Program Files (x86)/Steam/steamapps/common/RimWorld/RimWorldWin64_Data/MonoBleedingEdge/data-0000021986579E40.dll
Fallback handler could not load library C:/Program Files (x86)/Steam/steamapps/common/RimWorld/RimWorldWin64_Data/MonoBleedingEdge/data-0000021986582250.dll
Fallback handler could not load library C:/Program Files (x86)/Steam/steamapps/common/RimWorld/RimWorldWin64_Data/MonoBleedingEdge/data-000002198661B730.dll
Fallback handler could not load library C:/Program Files (x86)/Steam/steamapps/common/RimWorld/RimWorldWin64_Data/MonoBleedingEdge/data-00000219865D9060.dll
Fallback handler could not load library C:/Program Files (x86)/Steam/steamapps/common/RimWorld/RimWorldWin64_Data/MonoBleedingEdge/data-00000219865E1C70.dll
Fallback handler could not load library C:/Program Files (x86)/Steam/steamapps/common/RimWorld/RimWorldWin64_Data/MonoBleedingEdge/data-00000219865E6E80.dll
Fallback handler could not load library C:/Program Files (x86)/Steam/steamapps/common/RimWorld/RimWorldWin64_Data/MonoBleedingEdge/data-000002198662F350.dll
Fallback handler could not load library C:/Program Files (x86)/Steam/steamapps/common/RimWorld/RimWorldWin64_Data/MonoBleedingEdge/data-0000021986630F60.dll
Fallback handler could not load library C:/Program Files (x86)/Steam/steamapps/common/RimWorld/RimWorldWin64_Data/MonoBleedingEdge/data-000002198707F040.dll
Fallback handler could not load library C:/Program Files (x86)/Steam/steamapps/common/RimWorld/RimWorldWin64_Data/MonoBleedingEdge/data-0000021986652F70.dll
Fallback handler could not load library C:/Program Files (x86)/Steam/steamapps/common/RimWorld/RimWorldWin64_Data/MonoBleedingEdge/data-0000021986677B80.dll
Fallback handler could not load library C:/Program Files (x86)/Steam/steamapps/common/RimWorld/RimWorldWin64_Data/MonoBleedingEdge/data-00000219865E9E90.dll
Fallback handler could not load library C:/Program Files (x86)/Steam/steamapps/common/RimWorld/RimWorldWin64_Data/MonoBleedingEdge/data-000002198668CD90.dll
Fallback handler could not load library C:/Program Files (x86)/Steam/steamapps/common/RimWorld/RimWorldWin64_Data/MonoBleedingEdge/data-00000219866983B0.dll
Fallback handler could not load library C:/Program Files (x86)/Steam/steamapps/common/RimWorld/RimWorldWin64_Data/MonoBleedingEdge/data-00000219867463C0.dll
Fallback handler could not load library C:/Program Files (x86)/Steam/steamapps/common/RimWorld/RimWorldWin64_Data/MonoBleedingEdge/data-00000219644E9E90.dll
Fallback handler could not load library C:/Program Files (x86)/Steam/steamapps/common/RimWorld/RimWorldWin64_Data/MonoBleedingEdge/data-000002198675AF60.dll
Fallback handler could not load library C:/Program Files (x86)/Steam/steamapps/common/RimWorld/RimWorldWin64_Data/MonoBleedingEdge/data-000002198677A540.dll
Fallback handler could not load library C:/Program Files (x86)/Steam/steamapps/common/RimWorld/RimWorldWin64_Data/MonoBleedingEdge/data-0000021986782150.dll
Fallback handler could not load library C:/Program Files (x86)/Steam/steamapps/common/RimWorld/RimWorldWin64_Data/MonoBleedingEdge/data-00000219865F32A0.dll
Fallback handler could not load library C:/Program Files (x86)/Steam/steamapps/common/RimWorld/RimWorldWin64_Data/MonoBleedingEdge/data-000002198674C3D0.dll
Fallback handler could not load library C:/Program Files (x86)/Steam/steamapps/common/RimWorld/RimWorldWin64_Data/MonoBleedingEdge/data-000002198678F360.dll
Fallback handler could not load library C:/Program Files (x86)/Steam/steamapps/common/RimWorld/RimWorldWin64_Data/MonoBleedingEdge/data-0000021986797370.dll
Fallback handler could not load library C:/Program Files (x86)/Steam/steamapps/common/RimWorld/RimWorldWin64_Data/MonoBleedingEdge/data-00000219867A4B80.dll
Fallback handler could not load library C:/Program Files (x86)/Steam/steamapps/common/RimWorld/RimWorldWin64_Data/MonoBleedingEdge/data-000002196F4F5D40.dll
Fallback handler could not load library C:/Program Files (x86)/Steam/steamapps/common/RimWorld/RimWorldWin64_Data/MonoBleedingEdge/data-0000021986767570.dll
Fallback handler could not load library C:/Program Files (x86)/Steam/steamapps/common/RimWorld/RimWorldWin64_Data/MonoBleedingEdge/data-00000219867AD790.dll
Fallback handler could not load library C:/Program Files (x86)/Steam/steamapps/common/RimWorld/RimWorldWin64_Data/MonoBleedingEdge/data-00000219867BA3A0.dll
Fallback handler could not load library C:/Program Files (x86)/Steam/steamapps/common/RimWorld/RimWorldWin64_Data/MonoBleedingEdge/data-00000219867BF3B0.dll
Fallback handler could not load library C:/Program Files (x86)/Steam/steamapps/common/RimWorld/RimWorldWin64_Data/MonoBleedingEdge/data-00000219867CC5C0.dll
Fallback handler could not load library C:/Program Files (x86)/Steam/steamapps/common/RimWorld/RimWorldWin64_Data/MonoBleedingEdge/data-00000219867D21D0.dll
Fallback handler could not load library C:/Program Files (x86)/Steam/steamapps/common/RimWorld/RimWorldWin64_Data/MonoBleedingEdge/data-00000219867D4DE0.dll
Fallback handler could not load library C:/Program Files (x86)/Steam/steamapps/common/RimWorld/RimWorldWin64_Data/MonoBleedingEdge/data-00000219867D9DF0.dll
Fallback handler could not load library C:/Program Files (x86)/Steam/steamapps/common/RimWorld/RimWorldWin64_Data/MonoBleedingEdge/data-00000219867E1200.dll
Fallback handler could not load library C:/Program Files (x86)/Steam/steamapps/common/RimWorld/RimWorldWin64_Data/MonoBleedingEdge/data-00000219867E2C10.dll
Fallback handler could not load library C:/Program Files (x86)/Steam/steamapps/common/RimWorld/RimWorldWin64_Data/MonoBleedingEdge/data-00000219867E6C20.dll
Fallback handler could not load library C:/Program Files (x86)/Steam/steamapps/common/RimWorld/RimWorldWin64_Data/MonoBleedingEdge/data-000002196F4F2930.dll
Fallback handler could not load library C:/Program Files (x86)/Steam/steamapps/common/RimWorld/RimWorldWin64_Data/MonoBleedingEdge/data-00000219867EBC30.dll
Fallback handler could not load library C:/Program Files (x86)/Steam/steamapps/common/RimWorld/RimWorldWin64_Data/MonoBleedingEdge/data-0000021986769180.dll
Fallback handler could not load library C:/Program Files (x86)/Steam/steamapps/common/RimWorld/RimWorldWin64_Data/MonoBleedingEdge/data-00000219867ED840.dll
Fallback handler could not load library C:/Program Files (x86)/Steam/steamapps/common/RimWorld/RimWorldWin64_Data/MonoBleedingEdge/data-0000021986813450.dll
Fallback handler could not load library C:/Program Files (x86)/Steam/steamapps/common/RimWorld/RimWorldWin64_Data/MonoBleedingEdge/data-000002198682A860.dll
Fallback handler could not load library C:/Program Files (x86)/Steam/steamapps/common/RimWorld/RimWorldWin64_Data/MonoBleedingEdge/data-0000021986830270.dll
Fallback handler could not load library C:/Program Files (x86)/Steam/steamapps/common/RimWorld/RimWorldWin64_Data/MonoBleedingEdge/data-000002196F885200.dll
Fallback handler could not load library C:/Program Files (x86)/Steam/steamapps/common/RimWorld/RimWorldWin64_Data/MonoBleedingEdge/data-0000021986832C80.dll
Fallback handler could not load library C:/Program Files (x86)/Steam/steamapps/common/RimWorld/RimWorldWin64_Data/MonoBleedingEdge/data-00000219868ABEA0.dll
Fallback handler could not load library C:/Program Files (x86)/Steam/steamapps/common/RimWorld/RimWorldWin64_Data/MonoBleedingEdge/data-00000219868B86B0.dll
Fallback handler could not load library C:/Program Files (x86)/Steam/steamapps/common/RimWorld/RimWorldWin64_Data/MonoBleedingEdge/data-00000219868BA4C0.dll
Fallback handler could not load library C:/Program Files (x86)/Steam/steamapps/common/RimWorld/RimWorldWin64_Data/MonoBleedingEdge/data-00000219868C06D0.dll
Fallback handler could not load library C:/Program Files (x86)/Steam/steamapps/common/RimWorld/RimWorldWin64_Data/MonoBleedingEdge/data-00000219868C36E0.dll
Fallback handler could not load library C:/Program Files (x86)/Steam/steamapps/common/RimWorld/RimWorldWin64_Data/MonoBleedingEdge/data-00000219868CF8F0.dll
Fallback handler could not load library C:/Program Files (x86)/Steam/steamapps/common/RimWorld/RimWorldWin64_Data/MonoBleedingEdge/data-00000219868D7D00.dll
Fallback handler could not load library C:/Program Files (x86)/Steam/steamapps/common/RimWorld/RimWorldWin64_Data/MonoBleedingEdge/data-00000219868DB910.dll
Fallback handler could not load library C:/Program Files (x86)/Steam/steamapps/common/RimWorld/RimWorldWin64_Data/MonoBleedingEdge/data-00000219868E1320.dll
Fallback handler could not load library C:/Program Files (x86)/Steam/steamapps/common/RimWorld/RimWorldWin64_Data/MonoBleedingEdge/data-00000219868E5730.dll
Fallback handler could not load library C:/Program Files (x86)/Steam/steamapps/common/RimWorld/RimWorldWin64_Data/MonoBleedingEdge/data-000002198676AF90.dll
Fallback handler could not load library C:/Program Files (x86)/Steam/steamapps/common/RimWorld/RimWorldWin64_Data/MonoBleedingEdge/data-00000219868E9940.dll
Fallback handler could not load library C:/Program Files (x86)/Steam/steamapps/common/RimWorld/RimWorldWin64_Data/MonoBleedingEdge/data-00000219868EBD50.dll
Fallback handler could not load library C:/Program Files (x86)/Steam/steamapps/common/RimWorld/RimWorldWin64_Data/MonoBleedingEdge/data-00000219868ED760.dll
Fallback handler could not load library C:/Program Files (x86)/Steam/steamapps/common/RimWorld/RimWorldWin64_Data/MonoBleedingEdge/data-00000219868FC780.dll
Fallback handler could not load library C:/Program Files (x86)/Steam/steamapps/common/RimWorld/RimWorldWin64_Data/MonoBleedingEdge/data-000002198690B990.dll
Fallback handler could not load library C:/Program Files (x86)/Steam/steamapps/common/RimWorld/RimWorldWin64_Data/MonoBleedingEdge/data-00000219869121A0.dll
Fallback handler could not load library C:/Program Files (x86)/Steam/steamapps/common/RimWorld/RimWorldWin64_Data/MonoBleedingEdge/data-00000219869147B0.dll
Fallback handler could not load library C:/Program Files (x86)/Steam/steamapps/common/RimWorld/RimWorldWin64_Data/MonoBleedingEdge/data-00000219869185C0.dll
Fallback handler could not load library C:/Program Files (x86)/Steam/steamapps/common/RimWorld/RimWorldWin64_Data/MonoBleedingEdge/data-000002198695D010.dll
Fallback handler could not load library C:/Program Files (x86)/Steam/steamapps/common/RimWorld/RimWorldWin64_Data/MonoBleedingEdge/data-000002198697C020.dll
Fallback handler could not load library C:/Program Files (x86)/Steam/steamapps/common/RimWorld/RimWorldWin64_Data/MonoBleedingEdge/data-00000219869B0A30.dll
Fallback handler could not load library C:/Program Files (x86)/Steam/steamapps/common/RimWorld/RimWorldWin64_Data/MonoBleedingEdge/data-00000219869C9E40.dll
Fallback handler could not load library C:/Program Files (x86)/Steam/steamapps/common/RimWorld/RimWorldWin64_Data/MonoBleedingEdge/data-00000219869D3E50.dll
Fallback handler could not load library C:/Program Files (x86)/Steam/steamapps/common/RimWorld/RimWorldWin64_Data/MonoBleedingEdge/data-00000219869D7660.dll
Fallback handler could not load library C:/Program Files (x86)/Steam/steamapps/common/RimWorld/RimWorldWin64_Data/MonoBleedingEdge/data-00000219869F2070.dll
Fallback handler could not load library C:/Program Files (x86)/Steam/steamapps/common/RimWorld/RimWorldWin64_Data/MonoBleedingEdge/data-00000219644EB2A0.dll
Fallback handler could not load library C:/Program Files (x86)/Steam/steamapps/common/RimWorld/RimWorldWin64_Data/MonoBleedingEdge/data-00000219869F6280.dll
Fallback handler could not load library C:/Program Files (x86)/Steam/steamapps/common/RimWorld/RimWorldWin64_Data/MonoBleedingEdge/data-0000021986A01C90.dll
Fallback handler could not load library C:/Program Files (x86)/Steam/steamapps/common/RimWorld/RimWorldWin64_Data/MonoBleedingEdge/data-0000021986A0AEA0.dll
Fallback handler could not load library C:/Program Files (x86)/Steam/steamapps/common/RimWorld/RimWorldWin64_Data/MonoBleedingEdge/data-0000021986A1E6B0.dll
Fallback handler could not load library C:/Program Files (x86)/Steam/steamapps/common/RimWorld/RimWorldWin64_Data/MonoBleedingEdge/data-0000021986A23CC0.dll
Fallback handler could not load library C:/Program Files (x86)/Steam/steamapps/common/RimWorld/RimWorldWin64_Data/MonoBleedingEdge/data-0000021986A2E2D0.dll
Fallback handler could not load library C:/Program Files (x86)/Steam/steamapps/common/RimWorld/RimWorldWin64_Data/MonoBleedingEdge/data-0000021986AB66E0.dll
Fallback handler could not load library C:/Program Files (x86)/Steam/steamapps/common/RimWorld/RimWorldWin64_Data/MonoBleedingEdge/data-0000021986ABD0F0.dll
Fallback handler could not load library C:/Program Files (x86)/Steam/steamapps/common/RimWorld/RimWorldWin64_Data/MonoBleedingEdge/data-0000021986AD4F00.dll
Fallback handler could not load library C:/Program Files (x86)/Steam/steamapps/common/RimWorld/RimWorldWin64_Data/MonoBleedingEdge/data-0000021986ADD710.dll
Fallback handler could not load library C:/Program Files (x86)/Steam/steamapps/common/RimWorld/RimWorldWin64_Data/MonoBleedingEdge/data-0000021986B02320.dll
Fallback handler could not load library C:/Program Files (x86)/Steam/steamapps/common/RimWorld/RimWorldWin64_Data/MonoBleedingEdge/data-0000021986B1A930.dll
Fallback handler could not load library C:/Program Files (x86)/Steam/steamapps/common/RimWorld/RimWorldWin64_Data/MonoBleedingEdge/data-0000021986B46340.dll
Fallback handler could not load library C:/Program Files (x86)/Steam/steamapps/common/RimWorld/RimWorldWin64_Data/MonoBleedingEdge/data-0000021986B53550.dll
Fallback handler could not load library C:/Program Files (x86)/Steam/steamapps/common/RimWorld/RimWorldWin64_Data/MonoBleedingEdge/data-0000021986B5BB60.dll
Fallback handler could not load library C:/Program Files (x86)/Steam/steamapps/common/RimWorld/RimWorldWin64_Data/MonoBleedingEdge/data-0000021986B5E170.dll
Fallback handler could not load library C:/Program Files (x86)/Steam/steamapps/common/RimWorld/RimWorldWin64_Data/MonoBleedingEdge/data-0000021986B6DF80.dll
Fallback handler could not load library C:/Program Files (x86)/Steam/steamapps/common/RimWorld/RimWorldWin64_Data/MonoBleedingEdge/data-0000021986B74B90.dll
Fallback handler could not load library C:/Program Files (x86)/Steam/steamapps/common/RimWorld/RimWorldWin64_Data/MonoBleedingEdge/data-0000021986B78BA0.dll
Fallback handler could not load library C:/Program Files (x86)/Steam/steamapps/common/RimWorld/RimWorldWin64_Data/MonoBleedingEdge/data-0000021986B9E1B0.dll
Fallback handler could not load library C:/Program Files (x86)/Steam/steamapps/common/RimWorld/RimWorldWin64_Data/MonoBleedingEdge/data-0000021986BAE5C0.dll
Fallback handler could not load library C:/Program Files (x86)/Steam/steamapps/common/RimWorld/RimWorldWin64_Data/MonoBleedingEdge/data-0000021986C1D9D0.dll
Fallback handler could not load library C:/Program Files (x86)/Steam/steamapps/common/RimWorld/RimWorldWin64_Data/MonoBleedingEdge/data-0000021986C2CFE0.dll
Fallback handler could not load library C:/Program Files (x86)/Steam/steamapps/common/RimWorld/RimWorldWin64_Data/MonoBleedingEdge/data-0000021986C38BF0.dll
Fallback handler could not load library C:/Program Files (x86)/Steam/steamapps/common/RimWorld/RimWorldWin64_Data/MonoBleedingEdge/data-0000021986C3F800.dll
Fallback handler could not load library C:/Program Files (x86)/Steam/steamapps/common/RimWorld/RimWorldWin64_Data/MonoBleedingEdge/data-0000021986C57A20.dll
Fallback handler could not load library C:/Program Files (x86)/Steam/steamapps/common/RimWorld/RimWorldWin64_Data/MonoBleedingEdge/data-0000021986C60830.dll
Fallback handler could not load library C:/Program Files (x86)/Steam/steamapps/common/RimWorld/RimWorldWin64_Data/MonoBleedingEdge/data-0000021986C68040.dll
Fallback handler could not load library C:/Program Files (x86)/Steam/steamapps/common/RimWorld/RimWorldWin64_Data/MonoBleedingEdge/data-0000021986C76250.dll
Fallback handler could not load library C:/Program Files (x86)/Steam/steamapps/common/RimWorld/RimWorldWin64_Data/MonoBleedingEdge/data-0000021986C7D060.dll
Fallback handler could not load library C:/Program Files (x86)/Steam/steamapps/common/RimWorld/RimWorldWin64_Data/MonoBleedingEdge/data-0000021986C82070.dll
Fallback handler could not load library C:/Program Files (x86)/Steam/steamapps/common/RimWorld/RimWorldWin64_Data/MonoBleedingEdge/data-0000021986C88880.dll
Fallback handler could not load library C:/Program Files (x86)/Steam/steamapps/common/RimWorld/RimWorldWin64_Data/MonoBleedingEdge/data-0000021986C90090.dll
Fallback handler could not load library C:/Program Files (x86)/Steam/steamapps/common/RimWorld/RimWorldWin64_Data/MonoBleedingEdge/data-00000219871C0080.dll
Fallback handler could not load library C:/Program Files (x86)/Steam/steamapps/common/RimWorld/RimWorldWin64_Data/MonoBleedingEdge/data-00000219871DE290.dll
Fallback handler could not load library C:/Program Files (x86)/Steam/steamapps/common/RimWorld/RimWorldWin64_Data/MonoBleedingEdge/data-00000219872476A0.dll
Fallback handler could not load library C:/Program Files (x86)/Steam/steamapps/common/RimWorld/RimWorldWin64_Data/MonoBleedingEdge/data-000002198726FCB0.dll
Fallback handler could not load library C:/Program Files (x86)/Steam/steamapps/common/RimWorld/RimWorldWin64_Data/MonoBleedingEdge/data-0000021986C936A0.dll
Fallback handler could not load library C:/Program Files (x86)/Steam/steamapps/common/RimWorld/RimWorldWin64_Data/MonoBleedingEdge/data-00000219872826C0.dll
Fallback handler could not load library C:/Program Files (x86)/Steam/steamapps/common/RimWorld/RimWorldWin64_Data/MonoBleedingEdge/data-00000219872962D0.dll
Fallback handler could not load library C:/Program Files (x86)/Steam/steamapps/common/RimWorld/RimWorldWin64_Data/MonoBleedingEdge/data-00000219872990E0.dll
Fallback handler could not load library C:/Program Files (x86)/Steam/steamapps/common/RimWorld/RimWorldWin64_Data/MonoBleedingEdge/data-0000021986C98AB0.dll
Fallback handler could not load library C:/Program Files (x86)/Steam/steamapps/common/RimWorld/RimWorldWin64_Data/MonoBleedingEdge/data-0000021986C9AEC0.dll
Fallback handler could not load library C:/Program Files (x86)/Steam/steamapps/common/RimWorld/RimWorldWin64_Data/MonoBleedingEdge/data-00000219872D0EF0.dll
Fallback handler could not load library C:/Program Files (x86)/Steam/steamapps/common/RimWorld/RimWorldWin64_Data/MonoBleedingEdge/data-0000021987302710.dll
Fallback handler could not load library C:/Program Files (x86)/Steam/steamapps/common/RimWorld/RimWorldWin64_Data/MonoBleedingEdge/data-0000021987314F20.dll
Fallback handler could not load library C:/Program Files (x86)/Steam/steamapps/common/RimWorld/RimWorldWin64_Data/MonoBleedingEdge/data-0000021987335B30.dll
Fallback handler could not load library C:/Program Files (x86)/Steam/steamapps/common/RimWorld/RimWorldWin64_Data/MonoBleedingEdge/data-00000219644E7670.dll
Fallback handler could not load library C:/Program Files (x86)/Steam/steamapps/common/RimWorld/RimWorldWin64_Data/MonoBleedingEdge/data-00000219644EDAC0.dll
Fallback handler could not load library C:/Program Files (x86)/Steam/steamapps/common/RimWorld/RimWorldWin64_Data/MonoBleedingEdge/data-000002198733A740.dll
Fallback handler could not load library C:/Program Files (x86)/Steam/steamapps/common/RimWorld/RimWorldWin64_Data/MonoBleedingEdge/data-000002196F4B4EE0.dll
Fallback handler could not load library C:/Program Files (x86)/Steam/steamapps/common/RimWorld/RimWorldWin64_Data/MonoBleedingEdge/data-000002198733C150.dll
Fallback handler could not load library C:/Program Files (x86)/Steam/steamapps/common/RimWorld/RimWorldWin64_Data/MonoBleedingEdge/data-0000021987342560.dll
Fallback handler could not load library C:/Program Files (x86)/Steam/steamapps/common/RimWorld/RimWorldWin64_Data/MonoBleedingEdge/data-0000021987346D70.dll
Fallback handler could not load library C:/Program Files (x86)/Steam/steamapps/common/RimWorld/RimWorldWin64_Data/MonoBleedingEdge/data-0000021987363180.dll
Fallback handler could not load library C:/Program Files (x86)/Steam/steamapps/common/RimWorld/RimWorldWin64_Data/MonoBleedingEdge/data-00000219873C45A0.dll
Fallback handler could not load library C:/Program Files (x86)/Steam/steamapps/common/RimWorld/RimWorldWin64_Data/MonoBleedingEdge/data-00000219873C85B0.dll
Fallback handler could not load library C:/Program Files (x86)/Steam/steamapps/common/RimWorld/RimWorldWin64_Data/MonoBleedingEdge/data-00000219873CA1C0.dll
Fallback handler could not load library C:/Program Files (x86)/Steam/steamapps/common/RimWorld/RimWorldWin64_Data/MonoBleedingEdge/data-00000219873DE820.dll
Fallback handler could not load library C:/Program Files (x86)/Steam/steamapps/common/RimWorld/RimWorldWin64_Data/MonoBleedingEdge/data-00000219873D09D0.dll
Fallback handler could not load library C:/Program Files (x86)/Steam/steamapps/common/RimWorld/RimWorldWin64_Data/MonoBleedingEdge/data-00000219873E4630.dll
Fallback handler could not load library C:/Program Files (x86)/Steam/steamapps/common/RimWorld/RimWorldWin64_Data/MonoBleedingEdge/data-000002196FBA5ED0.dll
Fallback handler could not load library C:/Program Files (x86)/Steam/steamapps/common/RimWorld/RimWorldWin64_Data/MonoBleedingEdge/data-0000021987403840.dll
Fallback handler could not load library C:/Program Files (x86)/Steam/steamapps/common/RimWorld/RimWorldWin64_Data/MonoBleedingEdge/data-0000021987425250.dll
Fallback handler could not load library C:/Program Files (x86)/Steam/steamapps/common/RimWorld/RimWorldWin64_Data/MonoBleedingEdge/data-0000021987426A60.dll
Fallback handler could not load library C:/Program Files (x86)/Steam/steamapps/common/RimWorld/RimWorldWin64_Data/MonoBleedingEdge/data-0000021987434870.dll
Fallback handler could not load library C:/Program Files (x86)/Steam/steamapps/common/RimWorld/RimWorldWin64_Data/MonoBleedingEdge/data-000002198743E280.dll
Fallback handler could not load library C:/Program Files (x86)/Steam/steamapps/common/RimWorld/RimWorldWin64_Data/MonoBleedingEdge/data-0000021987472890.dll
Fallback handler could not load library C:/Program Files (x86)/Steam/steamapps/common/RimWorld/RimWorldWin64_Data/MonoBleedingEdge/data-00000219874746A0.dll
Fallback handler could not load library C:/Program Files (x86)/Steam/steamapps/common/RimWorld/RimWorldWin64_Data/MonoBleedingEdge/data-000002193753C480.dll
Fallback handler could not load library C:/Program Files (x86)/Steam/steamapps/common/RimWorld/RimWorldWin64_Data/MonoBleedingEdge/data-00000219874858B0.dll
Fallback handler could not load library C:/Program Files (x86)/Steam/steamapps/common/RimWorld/RimWorldWin64_Data/MonoBleedingEdge/data-00000219874870C0.dll
Fallback handler could not load library C:/Program Files (x86)/Steam/steamapps/common/RimWorld/RimWorldWin64_Data/MonoBleedingEdge/data-00000219874B82D0.dll
Fallback handler could not load library C:/Program Files (x86)/Steam/steamapps/common/RimWorld/RimWorldWin64_Data/MonoBleedingEdge/data-00000219874D2CE0.dll
Fallback handler could not load library C:/Program Files (x86)/Steam/steamapps/common/RimWorld/RimWorldWin64_Data/MonoBleedingEdge/data-0000021988199040.dll
Fallback handler could not load library C:/Program Files (x86)/Steam/steamapps/common/RimWorld/RimWorldWin64_Data/MonoBleedingEdge/data-00000219874E04F0.dll
Fallback handler could not load library C:/Program Files (x86)/Steam/steamapps/common/RimWorld/RimWorldWin64_Data/MonoBleedingEdge/data-0000021987516700.dll
Fallback handler could not load library C:/Program Files (x86)/Steam/steamapps/common/RimWorld/RimWorldWin64_Data/MonoBleedingEdge/data-0000021987519910.dll
Fallback handler could not load library C:/Program Files (x86)/Steam/steamapps/common/RimWorld/RimWorldWin64_Data/MonoBleedingEdge/data-0000021987548010.dll
Fallback handler could not load library C:/Program Files (x86)/Steam/steamapps/common/RimWorld/RimWorldWin64_Data/MonoBleedingEdge/data-0000021987592420.dll
Fallback handler could not load library C:/Program Files (x86)/Steam/steamapps/common/RimWorld/RimWorldWin64_Data/MonoBleedingEdge/data-0000021987598C30.dll
Fallback handler could not load library C:/Program Files (x86)/Steam/steamapps/common/RimWorld/RimWorldWin64_Data/MonoBleedingEdge/data-00000219875F9840.dll
Fallback handler could not load library C:/Program Files (x86)/Steam/steamapps/common/RimWorld/RimWorldWin64_Data/MonoBleedingEdge/data-000002196F4B0AC0.dll
Fallback handler could not load library C:/Program Files (x86)/Steam/steamapps/common/RimWorld/RimWorldWin64_Data/MonoBleedingEdge/data-00000219875FB650.dll
Fallback handler could not load library C:/Program Files (x86)/Steam/steamapps/common/RimWorld/RimWorldWin64_Data/MonoBleedingEdge/data-000002198760C260.dll
Fallback handler could not load library C:/Program Files (x86)/Steam/steamapps/common/RimWorld/RimWorldWin64_Data/MonoBleedingEdge/data-000002198760F070.dll
Fallback handler could not load library C:/Program Files (x86)/Steam/steamapps/common/RimWorld/RimWorldWin64_Data/MonoBleedingEdge/data-000002198763F880.dll
Fallback handler could not load library C:/Program Files (x86)/Steam/steamapps/common/RimWorld/RimWorldWin64_Data/MonoBleedingEdge/data-0000021987643A90.dll
Fallback handler could not load library C:/Program Files (x86)/Steam/steamapps/common/RimWorld/RimWorldWin64_Data/MonoBleedingEdge/data-00000219876454A0.dll
Fallback handler could not load library C:/Program Files (x86)/Steam/steamapps/common/RimWorld/RimWorldWin64_Data/MonoBleedingEdge/data-000002198765EAB0.dll
Fallback handler could not load library C:/Program Files (x86)/Steam/steamapps/common/RimWorld/RimWorldWin64_Data/MonoBleedingEdge/data-00000219876608C0.dll
Fallback handler could not load library C:/Program Files (x86)/Steam/steamapps/common/RimWorld/RimWorldWin64_Data/MonoBleedingEdge/data-000002198766ECD0.dll
Fallback handler could not load library C:/Program Files (x86)/Steam/steamapps/common/RimWorld/RimWorldWin64_Data/MonoBleedingEdge/data-00000219876712E0.dll
Fallback handler could not load library C:/Program Files (x86)/Steam/steamapps/common/RimWorld/RimWorldWin64_Data/MonoBleedingEdge/data-00000219876822F0.dll
Fallback handler could not load library C:/Program Files (x86)/Steam/steamapps/common/RimWorld/RimWorldWin64_Data/MonoBleedingEdge/data-00000219876B2F00.dll
Fallback handler could not load library C:/Program Files (x86)/Steam/steamapps/common/RimWorld/RimWorldWin64_Data/MonoBleedingEdge/data-00000219876C3110.dll
Fallback handler could not load library C:/Program Files (x86)/Steam/steamapps/common/RimWorld/RimWorldWin64_Data/MonoBleedingEdge/data-00000219876CC120.dll
Fallback handler could not load library C:/Program Files (x86)/Steam/steamapps/common/RimWorld/RimWorldWin64_Data/MonoBleedingEdge/data-00000219876DC730.dll
Fallback handler could not load library C:/Program Files (x86)/Steam/steamapps/common/RimWorld/RimWorldWin64_Data/MonoBleedingEdge/data-00000219876E3540.dll
Fallback handler could not load library C:/Program Files (x86)/Steam/steamapps/common/RimWorld/RimWorldWin64_Data/MonoBleedingEdge/data-000002198777FD80.dll
Fallback handler could not load library C:/Program Files (x86)/Steam/steamapps/common/RimWorld/RimWorldWin64_Data/MonoBleedingEdge/data-000002196F8A48E0.dll
Fallback handler could not load library C:/Program Files (x86)/Steam/steamapps/common/RimWorld/RimWorldWin64_Data/MonoBleedingEdge/data-000002196F89D0B0.dll
Fallback handler could not load library C:/Program Files (x86)/Steam/steamapps/common/RimWorld/RimWorldWin64_Data/MonoBleedingEdge/data-000002198774A150.dll
Fallback handler could not load library C:/Program Files (x86)/Steam/steamapps/common/RimWorld/RimWorldWin64_Data/MonoBleedingEdge/data-0000021987783B90.dll
Fallback handler could not load library C:/Program Files (x86)/Steam/steamapps/common/RimWorld/RimWorldWin64_Data/MonoBleedingEdge/data-000002193753DA90.dll
Fallback handler could not load library C:/Program Files (x86)/Steam/steamapps/common/RimWorld/RimWorldWin64_Data/MonoBleedingEdge/data-00000219877CBDA0.dll
Fallback handler could not load library C:/Program Files (x86)/Steam/steamapps/common/RimWorld/RimWorldWin64_Data/MonoBleedingEdge/data-00000219877F1BB0.dll
Fallback handler could not load library C:/Program Files (x86)/Steam/steamapps/common/RimWorld/RimWorldWin64_Data/MonoBleedingEdge/data-000002198781B7C0.dll
Fallback handler could not load library C:/Program Files (x86)/Steam/steamapps/common/RimWorld/RimWorldWin64_Data/MonoBleedingEdge/data-0000021987835FD0.dll
Fallback handler could not load library C:/Program Files (x86)/Steam/steamapps/common/RimWorld/RimWorldWin64_Data/MonoBleedingEdge/data-0000021987758B60.dll
Fallback handler could not load library C:/Program Files (x86)/Steam/steamapps/common/RimWorld/RimWorldWin64_Data/MonoBleedingEdge/data-000002198786A1E0.dll
Fallback handler could not load library C:/Program Files (x86)/Steam/steamapps/common/RimWorld/RimWorldWin64_Data/MonoBleedingEdge/data-00000219879631F0.dll
Fallback handler could not load library C:/Program Files (x86)/Steam/steamapps/common/RimWorld/RimWorldWin64_Data/MonoBleedingEdge/data-000002198798A400.dll
Fallback handler could not load library C:/Program Files (x86)/Steam/steamapps/common/RimWorld/RimWorldWin64_Data/MonoBleedingEdge/data-0000021987991010.dll
Fallback handler could not load library C:/Program Files (x86)/Steam/steamapps/common/RimWorld/RimWorldWin64_Data/MonoBleedingEdge/data-0000021937539860.dll
Fallback handler could not load library C:/Program Files (x86)/Steam/steamapps/common/RimWorld/RimWorldWin64_Data/MonoBleedingEdge/data-0000021987993A20.dll
Fallback handler could not load library C:/Program Files (x86)/Steam/steamapps/common/RimWorld/RimWorldWin64_Data/MonoBleedingEdge/data-00000219879C3E30.dll
Fallback handler could not load library C:/Program Files (x86)/Steam/steamapps/common/RimWorld/RimWorldWin64_Data/MonoBleedingEdge/data-00000219879DF840.dll
Fallback handler could not load library C:/Program Files (x86)/Steam/steamapps/common/RimWorld/RimWorldWin64_Data/MonoBleedingEdge/data-00000219879EDDE0.dll
Fallback handler could not load library C:/Program Files (x86)/Steam/steamapps/common/RimWorld/RimWorldWin64_Data/MonoBleedingEdge/data-00000219879F67F0.dll
Fallback handler could not load library C:/Program Files (x86)/Steam/steamapps/common/RimWorld/RimWorldWin64_Data/MonoBleedingEdge/data-0000021987A00C00.dll
Fallback handler could not load library C:/Program Files (x86)/Steam/steamapps/common/RimWorld/RimWorldWin64_Data/MonoBleedingEdge/data-0000021987A29C10.dll
Fallback handler could not load library C:/Program Files (x86)/Steam/steamapps/common/RimWorld/RimWorldWin64_Data/MonoBleedingEdge/data-0000021987AF5620.dll
Fallback handler could not load library C:/Program Files (x86)/Steam/steamapps/common/RimWorld/RimWorldWin64_Data/MonoBleedingEdge/data-0000021987B1E430.dll
Fallback handler could not load library C:/Program Files (x86)/Steam/steamapps/common/RimWorld/RimWorldWin64_Data/MonoBleedingEdge/data-0000021987B3CE40.dll
Fallback handler could not load library C:/Program Files (x86)/Steam/steamapps/common/RimWorld/RimWorldWin64_Data/MonoBleedingEdge/data-0000021987BC3010.dll
Fallback handler could not load library C:/Program Files (x86)/Steam/steamapps/common/RimWorld/RimWorldWin64_Data/MonoBleedingEdge/data-0000021987BF9C20.dll
Fallback handler could not load library C:/Program Files (x86)/Steam/steamapps/common/RimWorld/RimWorldWin64_Data/MonoBleedingEdge/data-0000021987C10830.dll
Fallback handler could not load library C:/Program Files (x86)/Steam/steamapps/common/RimWorld/RimWorldWin64_Data/MonoBleedingEdge/data-0000021987C1E440.dll
Fallback handler could not load library C:/Program Files (x86)/Steam/steamapps/common/RimWorld/RimWorldWin64_Data/MonoBleedingEdge/data-0000021987C64E50.dll
Fallback handler could not load library C:/Program Files (x86)/Steam/steamapps/common/RimWorld/RimWorldWin64_Data/MonoBleedingEdge/data-000002193753AE70.dll
Fallback handler could not load library C:/Program Files (x86)/Steam/steamapps/common/RimWorld/RimWorldWin64_Data/MonoBleedingEdge/data-0000021987C86A60.dll
Fallback handler could not load library C:/Program Files (x86)/Steam/steamapps/common/RimWorld/RimWorldWin64_Data/MonoBleedingEdge/data-0000021987CB0870.dll
Fallback handler could not load library C:/Program Files (x86)/Steam/steamapps/common/RimWorld/RimWorldWin64_Data/MonoBleedingEdge/data-0000021987CB9C80.dll
Fallback handler could not load library C:/Program Files (x86)/Steam/steamapps/common/RimWorld/RimWorldWin64_Data/MonoBleedingEdge/data-0000021987CBC090.dll
Fallback handler could not load library C:/Program Files (x86)/Steam/steamapps/common/RimWorld/RimWorldWin64_Data/MonoBleedingEdge/data-0000021987CF1F30.dll
Fallback handler could not load library C:/Program Files (x86)/Steam/steamapps/common/RimWorld/RimWorldWin64_Data/MonoBleedingEdge/data-0000021987CEEF00.dll
Fallback handler could not load library C:/Program Files (x86)/Steam/steamapps/common/RimWorld/RimWorldWin64_Data/MonoBleedingEdge/data-0000021987D0EEC0.dll
Fallback handler could not load library C:/Program Files (x86)/Steam/steamapps/common/RimWorld/RimWorldWin64_Data/MonoBleedingEdge/data-0000021987D26ED0.dll
Fallback handler could not load library C:/Program Files (x86)/Steam/steamapps/common/RimWorld/RimWorldWin64_Data/MonoBleedingEdge/data-0000021987D2DCE0.dll
Fallback handler could not load library C:/Program Files (x86)/Steam/steamapps/common/RimWorld/RimWorldWin64_Data/MonoBleedingEdge/data-0000021987D428F0.dll
Fallback handler could not load library C:/Program Files (x86)/Steam/steamapps/common/RimWorld/RimWorldWin64_Data/MonoBleedingEdge/data-0000021987D4A500.dll
Fallback handler could not load library C:/Program Files (x86)/Steam/steamapps/common/RimWorld/RimWorldWin64_Data/MonoBleedingEdge/data-0000021987D66910.dll
Fallback handler could not load library C:/Program Files (x86)/Steam/steamapps/common/RimWorld/RimWorldWin64_Data/MonoBleedingEdge/data-00000219879E1C50.dll
Fallback handler could not load library C:/Program Files (x86)/Steam/steamapps/common/RimWorld/RimWorldWin64_Data/MonoBleedingEdge/data-0000021987D6A720.dll
Fallback handler could not load library C:/Program Files (x86)/Steam/steamapps/common/RimWorld/RimWorldWin64_Data/MonoBleedingEdge/data-000002196FBA70E0.dll
Fallback handler could not load library C:/Program Files (x86)/Steam/steamapps/common/RimWorld/RimWorldWin64_Data/MonoBleedingEdge/data-0000021987D7CB30.dll
Fallback handler could not load library C:/Program Files (x86)/Steam/steamapps/common/RimWorld/RimWorldWin64_Data/MonoBleedingEdge/data-0000021987D8C140.dll
Fallback handler could not load library C:/Program Files (x86)/Steam/steamapps/common/RimWorld/RimWorldWin64_Data/MonoBleedingEdge/data-0000021987D96350.dll
Fallback handler could not load library C:/Program Files (x86)/Steam/steamapps/common/RimWorld/RimWorldWin64_Data/MonoBleedingEdge/data-000002196F4BB510.dll
Fallback handler could not load library C:/Program Files (x86)/Steam/steamapps/common/RimWorld/RimWorldWin64_Data/MonoBleedingEdge/data-0000021987D98D60.dll
Fallback handler could not load library C:/Program Files (x86)/Steam/steamapps/common/RimWorld/RimWorldWin64_Data/MonoBleedingEdge/data-000002193753F0A0.dll
Fallback handler could not load library C:/Program Files (x86)/Steam/steamapps/common/RimWorld/RimWorldWin64_Data/MonoBleedingEdge/data-0000021987DA8170.dll
Fallback handler could not load library C:/Program Files (x86)/Steam/steamapps/common/RimWorld/RimWorldWin64_Data/MonoBleedingEdge/data-0000021987DE2380.dll
Fallback handler could not load library C:/Program Files (x86)/Steam/steamapps/common/RimWorld/RimWorldWin64_Data/MonoBleedingEdge/data-0000021987DF7D90.dll
Fallback handler could not load library C:/Program Files (x86)/Steam/steamapps/common/RimWorld/RimWorldWin64_Data/MonoBleedingEdge/data-0000021987DFAFA0.dll
Fallback handler could not load library C:/Program Files (x86)/Steam/steamapps/common/RimWorld/RimWorldWin64_Data/MonoBleedingEdge/data-0000021987E015B0.dll
Fallback handler could not load library C:/Program Files (x86)/Steam/steamapps/common/RimWorld/RimWorldWin64_Data/MonoBleedingEdge/data-000002196FBA3AB0.dll
Fallback handler could not load library C:/Program Files (x86)/Steam/steamapps/common/RimWorld/RimWorldWin64_Data/MonoBleedingEdge/data-00000219644EEED0.dll
Fallback handler could not load library C:/Program Files (x86)/Steam/steamapps/common/RimWorld/RimWorldWin64_Data/MonoBleedingEdge/data-0000021987E7DDC0.dll
Fallback handler could not load library C:/Program Files (x86)/Steam/steamapps/common/RimWorld/RimWorldWin64_Data/MonoBleedingEdge/data-0000021987E803D0.dll
Fallback handler could not load library C:/Program Files (x86)/Steam/steamapps/common/RimWorld/RimWorldWin64_Data/MonoBleedingEdge/data-000002196FBA82F0.dll
Fallback handler could not load library C:/Program Files (x86)/Steam/steamapps/common/RimWorld/RimWorldWin64_Data/MonoBleedingEdge/data-0000021987E81FE0.dll
Fallback handler could not load library C:/Program Files (x86)/Steam/steamapps/common/RimWorld/RimWorldWin64_Data/MonoBleedingEdge/data-0000021987F2CBF0.dll
Fallback handler could not load library C:/Program Files (x86)/Steam/steamapps/common/RimWorld/RimWorldWin64_Data/MonoBleedingEdge/data-0000021987F5BA00.dll
Fallback handler could not load library C:/Program Files (x86)/Steam/steamapps/common/RimWorld/RimWorldWin64_Data/MonoBleedingEdge/data-000002196F89F8C0.dll
Fallback handler could not load library C:/Program Files (x86)/Steam/steamapps/common/RimWorld/RimWorldWin64_Data/MonoBleedingEdge/data-0000021987FD87C0.dll
Fallback handler could not load library C:/Program Files (x86)/Steam/steamapps/common/RimWorld/RimWorldWin64_Data/MonoBleedingEdge/data-000002196F4BD720.dll
Fallback handler could not load library C:/Program Files (x86)/Steam/steamapps/common/RimWorld/RimWorldWin64_Data/MonoBleedingEdge/data-0000021987FA7E20.dll
Fallback handler could not load library C:/Program Files (x86)/Steam/steamapps/common/RimWorld/RimWorldWin64_Data/MonoBleedingEdge/data-0000021987FAD230.dll
Fallback handler could not load library C:/Program Files (x86)/Steam/steamapps/common/RimWorld/RimWorldWin64_Data/MonoBleedingEdge/data-0000021987FAF640.dll
Fallback handler could not load library C:/Program Files (x86)/Steam/steamapps/common/RimWorld/RimWorldWin64_Data/MonoBleedingEdge/data-000002196F4B9300.dll
Fallback handler could not load library C:/Program Files (x86)/Steam/steamapps/common/RimWorld/RimWorldWin64_Data/MonoBleedingEdge/data-0000021987FB0E50.dll
Fallback handler could not load library C:/Program Files (x86)/Steam/steamapps/common/RimWorld/RimWorldWin64_Data/MonoBleedingEdge/data-0000021987FB2A60.dll
Fallback handler could not load library C:/Program Files (x86)/Steam/steamapps/common/RimWorld/RimWorldWin64_Data/MonoBleedingEdge/data-0000021987FDBDD0.dll
Fallback handler could not load library C:/Program Files (x86)/Steam/steamapps/common/RimWorld/RimWorldWin64_Data/MonoBleedingEdge/data-0000021987FB6870.dll
Fallback handler could not load library C:/Program Files (x86)/Steam/steamapps/common/RimWorld/RimWorldWin64_Data/MonoBleedingEdge/data-000002196F4B70F0.dll
Fallback handler could not load library C:/Program Files (x86)/Steam/steamapps/common/RimWorld/RimWorldWin64_Data/MonoBleedingEdge/data-0000021987FDE3E0.dll
Fallback handler could not load library C:/Program Files (x86)/Steam/steamapps/common/RimWorld/RimWorldWin64_Data/MonoBleedingEdge/data-0000021988000200.dll
Fallback handler could not load library C:/Program Files (x86)/Steam/steamapps/common/RimWorld/RimWorldWin64_Data/MonoBleedingEdge/data-0000021988003210.dll
Fallback handler could not load library C:/Program Files (x86)/Steam/steamapps/common/RimWorld/RimWorldWin64_Data/MonoBleedingEdge/data-000002198800A820.dll
Fallback handler could not load library C:/Program Files (x86)/Steam/steamapps/common/RimWorld/RimWorldWin64_Data/MonoBleedingEdge/data-000002198800C030.dll
Fallback handler could not load library C:/Program Files (x86)/Steam/steamapps/common/RimWorld/RimWorldWin64_Data/MonoBleedingEdge/data-000002196FBA4CC0.dll
Fallback handler could not load library C:/Program Files (x86)/Steam/steamapps/common/RimWorld/RimWorldWin64_Data/MonoBleedingEdge/data-000002196F88B230.dll
Fallback handler could not load library C:/Program Files (x86)/Steam/steamapps/common/RimWorld/RimWorldWin64_Data/MonoBleedingEdge/data-000002198800EE40.dll
Fallback handler could not load library C:/Program Files (x86)/Steam/steamapps/common/RimWorld/RimWorldWin64_Data/MonoBleedingEdge/data-000002196F4C1B40.dll
Fallback handler could not load library C:/Program Files (x86)/Steam/steamapps/common/RimWorld/RimWorldWin64_Data/MonoBleedingEdge/data-000002196F8AE920.dll
Fallback handler could not load library C:/Program Files (x86)/Steam/steamapps/common/RimWorld/RimWorldWin64_Data/MonoBleedingEdge/data-0000021988034010.dll
Fallback handler could not load library C:/Program Files (x86)/Steam/steamapps/common/RimWorld/RimWorldWin64_Data/MonoBleedingEdge/data-00000219880A2BC0.dll
Fallback handler could not load library C:/Program Files (x86)/Steam/steamapps/common/RimWorld/RimWorldWin64_Data/MonoBleedingEdge/data-000002196F4BF930.dll
Fallback handler could not load library C:/Program Files (x86)/Steam/steamapps/common/RimWorld/RimWorldWin64_Data/MonoBleedingEdge/data-00000219880A59D0.dll
Fallback handler could not load library C:/Program Files (x86)/Steam/steamapps/common/RimWorld/RimWorldWin64_Data/MonoBleedingEdge/data-00000219880A87E0.dll
Fallback handler could not load library C:/Program Files (x86)/Steam/steamapps/common/RimWorld/RimWorldWin64_Data/MonoBleedingEdge/data-00000219375406B0.dll
Fallback handler could not load library C:/Program Files (x86)/Steam/steamapps/common/RimWorld/RimWorldWin64_Data/MonoBleedingEdge/data-000002198807E010.dll
Fallback handler could not load library C:/Program Files (x86)/Steam/steamapps/common/RimWorld/RimWorldWin64_Data/MonoBleedingEdge/data-000002198807FA20.dll
Fallback handler could not load library C:/Program Files (x86)/Steam/steamapps/common/RimWorld/RimWorldWin64_Data/MonoBleedingEdge/data-0000021988081430.dll
Fallback handler could not load library C:/Program Files (x86)/Steam/steamapps/common/RimWorld/RimWorldWin64_Data/MonoBleedingEdge/data-0000021988082E40.dll
Fallback handler could not load library C:/Program Files (x86)/Steam/steamapps/common/RimWorld/RimWorldWin64_Data/MonoBleedingEdge/data-00000219880BE7F0.dll
Fallback handler could not load library C:/Program Files (x86)/Steam/steamapps/common/RimWorld/RimWorldWin64_Data/MonoBleedingEdge/data-00000219880D1480.dll
Fallback handler could not load library C:/Program Files (x86)/Steam/steamapps/common/RimWorld/RimWorldWin64_Data/MonoBleedingEdge/data-00000219880ED210.dll
Fallback handler could not load library C:/Program Files (x86)/Steam/steamapps/common/RimWorld/RimWorldWin64_Data/MonoBleedingEdge/data-000002196F889220.dll
Fallback handler could not load library C:/Program Files (x86)/Steam/steamapps/common/RimWorld/RimWorldWin64_Data/MonoBleedingEdge/data-000002196F88D240.dll
Fallback handler could not load library C:/Program Files (x86)/Steam/steamapps/common/RimWorld/RimWorldWin64_Data/MonoBleedingEdge/data-0000021988087250.dll
Fallback handler could not load library C:/Program Files (x86)/Steam/steamapps/common/RimWorld/RimWorldWin64_Data/MonoBleedingEdge/data-00000219880EEC20.dll
Fallback handler could not load library C:/Program Files (x86)/Steam/steamapps/common/RimWorld/RimWorldWin64_Data/MonoBleedingEdge/data-000002198808A860.dll
Fallback handler could not load library C:/Program Files (x86)/Steam/steamapps/common/RimWorld/RimWorldWin64_Data/MonoBleedingEdge/data-000002196F4C3D50.dll
Fallback handler could not load library C:/Program Files (x86)/Steam/steamapps/common/RimWorld/RimWorldWin64_Data/MonoBleedingEdge/data-00000219880FEA30.dll
Fallback handler could not load library C:/Program Files (x86)/Steam/steamapps/common/RimWorld/RimWorldWin64_Data/MonoBleedingEdge/data-0000021988103640.dll
Fallback handler could not load library C:/Program Files (x86)/Steam/steamapps/common/RimWorld/RimWorldWin64_Data/MonoBleedingEdge/data-0000021988105A50.dll
Fallback handler could not load library C:/Program Files (x86)/Steam/steamapps/common/RimWorld/RimWorldWin64_Data/MonoBleedingEdge/data-0000021988108460.dll
Fallback handler could not load library C:/Program Files (x86)/Steam/steamapps/common/RimWorld/RimWorldWin64_Data/MonoBleedingEdge/data-00000219882B7040.dll
Prepatcher: Done loading
Command line arguments: -disable-compute-shaders
RimWorld 1.6.4871 rev591
Mod RimMandrake: Aftermath dependency (mandrake.rm.ninefold) needs to have <downloadUrl> and/or <steamWorkshopUrl> specified.
Mod RimUtinni: Aftermath Rites dependency (mandrake.rm.aftermath) needs to have <downloadUrl> and/or <steamWorkshopUrl> specified.
Mod RimMandrake: Utinni — Inhabited (Ash'karr) dependency (mandrake.rm.inhabited) needs to have <downloadUrl> and/or <steamWorkshopUrl> specified.
Mod RimMandrake: Utinni — Weather Suite (Ash'karr) dependency (mandrake.rsw.weathersuite) needs to have <downloadUrl> and/or <steamWorkshopUrl> specified.
Mod RimUtinni: Droid Repair Jobs dependency (mandrake.rsw.droidworks) needs to have <downloadUrl> and/or <steamWorkshopUrl> specified.
Mod Inhabited (local) dependency (mandrake.rm.injections) needs to have <downloadUrl> and/or <steamWorkshopUrl> specified.
Mod Jawa Ikee dependency (sarg.alphaanimals) needs to have <downloadUrl> and/or <steamWorkshopUrl> specified.
Mod JawaVoice (SpeakUp reskin) dependency (JPT.speakup) needs to have <downloadUrl> and/or <steamWorkshopUrl> specified.
Mod RimUtinni: Lantern Deeps dependency (BiomesTeam.BiomesCaverns) needs to have <downloadUrl> and/or <steamWorkshopUrl> specified.
Mod RimMandrake: Utinni — Fire Ecology (Pyrelands) dependency (zylle.morevanillabiomes) needs to have <downloadUrl> and/or <steamWorkshopUrl> specified.
Mod RimMandrake: Utinni — Fire Ecology (Pyrelands) dependency (mandrake.rsw.fireecology) needs to have <downloadUrl> and/or <steamWorkshopUrl> specified.
Mod The Rites dependency (mandrake.rut.antiquities) needs to have <downloadUrl> and/or <steamWorkshopUrl> specified.
Mod RimMandrake Sacred Marks dependency (mandrake.rm.graffiti) needs to have <downloadUrl> and/or <steamWorkshopUrl> specified.
Mod RimMandrake: Salvage Claim dependency (mandrake.rm.property) needs to have <downloadUrl> and/or <steamWorkshopUrl> specified.
Mod RimUtinni: Structure Injections dependency (mandrake.rut.desertfixtures) needs to have <downloadUrl> and/or <steamWorkshopUrl> specified.
Mod RimUtinni: Structure Injections dependency (mandrake.rm.injections) needs to have <downloadUrl> and/or <steamWorkshopUrl> specified.
Mod RimStarWars: Structure Injections dependency (mandrake.rm.injections) needs to have <downloadUrl> and/or <steamWorkshopUrl> specified.
Mod RimMandrake: Theft Hauler <packageId> (mandrake.rm.theft_hauler) is not in valid format.
Mod RimMandrake: Theft Hauler dependency (mandrake.rm.property) needs to have <downloadUrl> and/or <steamWorkshopUrl> specified.
Mod RimUtinni: Vault Dungeons dependency (OskarPotocki.VanillaFactionsExpanded.Core) needs to have <downloadUrl> and/or <steamWorkshopUrl> specified.
Mod RimMandrake: Colony Visibility dependency (brrainz.harmony) needs to have <downloadUrl> and/or <steamWorkshopUrl> specified.
Mod RimTalk Expand: AI Storyteller dependency (cyberchronicle.rimtalkexperts) needs to have <downloadUrl> and/or <steamWorkshopUrl> specified.
Mod RimTalk Expand: AI Storyteller dependency (brrainz.harmony) needs to have <downloadUrl> and/or <steamWorkshopUrl> specified.
Mod Custom Room Names - RimTalk Addon dependency (cj.Rimtalk) needs to have <downloadUrl> and/or <steamWorkshopUrl> specified.
Mod Custom Room Names - RimTalk Addon dependency (costel.CustomRoomNames) needs to have <downloadUrl> and/or <steamWorkshopUrl> specified.
Mod RimTalk - Expand Literature dependency (cj.rimtalk) needs to have <downloadUrl> and/or <steamWorkshopUrl> specified.
Mod RimTalk - Expand Toddlers dependency (cyanobot.toddlers) needs to have <downloadUrl> and/or <steamWorkshopUrl> specified.
Mod RimTalk - Expand Toddlers dependency (cj.rimtalk) needs to have <downloadUrl> and/or <steamWorkshopUrl> specified.
Mod Large Pawns dependency (brrainz.harmony) needs to have <downloadUrl> and/or <steamWorkshopUrl> specified.
Mod Wood's Muzzle Flash for Ancient urban ruins has a dependency (issaczhuang.muzzleflash) with empty display name.
Mod Wood's Muzzle Flash for Ancient urban ruins dependency (issaczhuang.muzzleflash) needs to have <downloadUrl> and/or <steamWorkshopUrl> specified.
Mod Wood's Muzzle Flash for Ancient urban ruins has a dependency (xmb.ancienturbanruins.mo) with empty display name.
Mod Wood's Muzzle Flash for Ancient urban ruins dependency (xmb.ancienturbanruins.mo) needs to have <downloadUrl> and/or <steamWorkshopUrl> specified.
Mod Forced Xenogerm Implantation dependency (brrainz.harmony) needs to have <downloadUrl> and/or <steamWorkshopUrl> specified.
Exception loading from System.Xml.XmlElement: System.MissingMethodException: Default constructor not found for type System.String
  at System.RuntimeType.CreateInstanceMono (System.Boolean nonPublic, System.Boolean wrapExceptions) [0x00076] in <51fded79cd284d4d911c5949aff4cb21>:0 
  at System.RuntimeType.CreateInstanceSlow (System.Boolean publicOnly, System.Boolean wrapExceptions, System.Boolean skipCheckThis, System.Boolean fillCache) [0x00009] in <51fded79cd284d4d911c5949aff4cb21>:0 
  at System.RuntimeType.CreateInstanceDefaultCtor (System.Boolean publicOnly, System.Boolean skipCheckThis, System.Boolean fillCache, System.Boolean wrapExceptions, System.Threading.StackCrawlMark& stackMark) [0x00027] in <51fded79cd284d4d911c5949aff4cb21>:0 
  at System.Activator.CreateInstance (System.Type type, System.Boolean nonPublic, System.Boolean wrapExceptions) [0x00020] in <51fded79cd284d4d911c5949aff4cb21>:0 
  at System.Activator.CreateInstance (System.Type type, System.Boolean nonPublic) [0x00000] in <51fded79cd284d4d911c5949aff4cb21>:0 
  at System.Activator.CreateInstance (System.Type type) [0x00000] in <51fded79cd284d4d911c5949aff4cb21>:0 
  at Verse.DirectXmlToObject.ObjectFromXml[T] (System.Xml.XmlNode xmlRoot, System.Boolean doPostLoad) [0x0045c] in <61e4173561894da49d210260257b5097>:0 
  at Verse.DirectXmlToObject.ObjectFromXmlReflection[T] (System.Xml.XmlNode xmlRoot, System.Boolean doPostLoad) [0x00000] in <61e4173561894da49d210260257b5097>:0 
  at Verse.DirectXmlToObject.ObjectFromXml[T] (System.Xml.XmlNode xmlRoot, System.Boolean doPostLoad) [0x0060e] in <61e4173561894da49d210260257b5097>:0 
Fallback handler could not load library C:/Program Files (x86)/Steam/steamapps/common/RimWorld/RimWorldWin64_Data/MonoBleedingEdge/data-000002198D280C90.dll
Fallback handler could not load library C:/Program Files (x86)/Steam/steamapps/common/RimWorld/RimWorldWin64_Data/MonoBleedingEdge/data-000002198F312970.dll
Prepatcher: Restarted with the patched assembly, going silent.
[LoadTracer] armed: CallAll per-type trace + FloatMenuMakerMap.Init/BakeStaticAtlases brackets
[BetterStacktraces] Loaded
ISMA: Patching Selector.Select - Void Select(System.Object, Boolean, Boolean)
ISMA: Patching Selector.SelectInternal - Void SelectInternal(System.Object, Boolean, Boolean)
ISMA: Attempting to patch label method Verse.GenMapUI.DrawPawnLabel
ISMA: Attempting to patch label method Verse.GenMapUI.DrawPawnLabel
ISMA: Attempting to patch label method RimWorld.SocialCardUtility.DrawPawnLabel
ISMA: Attempting to patch label method AM.AnimationManager.DrawLabel
[Real Fog of War] Patched method Boolean CanHitCellFromCellIgnoringRange(Verse.IntVec3, Verse.IntVec3, Boolean) from source Verse.Verb to RimWorldRealFoW.Detours.Verb.
[Real Fog of War] Patched method Void Select(System.Object, Boolean, Boolean) from source RimWorld.Selector to RimWorldRealFoW.Detours.Selector.
[Real Fog of War] Patched method Void MouseoverReadoutOnGUI() from source Verse.MouseoverReadout to RimWorldRealFoW.Detours.MouseoverReadout.
[Real Fog of War] Patched method Void FillBeautyRelevantCells(Verse.IntVec3, Verse.Map) from source RimWorld.BeautyUtility to RimWorldRealFoW.Detours.BeautyUtility.
[Real Fog of War] Patched method System.Collections.Generic.IEnumerable`1[Verse.Pawn] get_Pawns() from source RimWorld.MainTabWindow_Wildlife to RimWorldRealFoW.Detours.MainTabWindowWildlife.
[Real Fog of War] Patched method Void DrawGUIOverlay() from source Verse.Pawn to RimWorldRealFoW.Detours.Pawn.
[Real Fog of War] Patched method Void DrawThingLabel(Verse.Thing, System.String, UnityEngine.Color) from source Verse.GenMapUI to RimWorldRealFoW.Detours.GenMapUI.
[Real Fog of War] Patched method Void TakePrintFrom(Verse.Thing) from source Verse.SectionLayer_ThingsGeneral to RimWorldRealFoW.Detours.SectionLayerThingsGeneral.
[Real Fog of War] Patched method Void TakePrintFrom(Verse.Thing) from source RimWorld.SectionLayer_ThingsPowerGrid to RimWorldRealFoW.Detours.SectionLayerThingsPowerGrid.
[Real Fog of War] Patched method Boolean CanReserve(Verse.Pawn, Verse.LocalTargetInfo, Int32, Int32, Verse.ReservationLayerDef, Boolean) from source Verse.AI.ReservationUtility to RimWorldRealFoW.Detours.ReservationUtility.
[Real Fog of War] Patched method Boolean CanReserveAndReach(Verse.Pawn, Verse.LocalTargetInfo, Verse.AI.PathEndMode, Verse.Danger, Int32, Int32, Verse.ReservationLayerDef, Boolean) from source Verse.AI.ReservationUtility to RimWorldRealFoW.Detours.ReservationUtility.
[Real Fog of War] Patched method Verse.AI.Job HaulToStorageJob(Verse.Pawn, Verse.Thing, Boolean) from source Verse.AI.HaulAIUtility to RimWorldRealFoW.Detours.HaulAIUtility.
[Real Fog of War] Patched method Boolean ShouldShowWindowNow() from source Verse.EnvironmentStatsDrawer to RimWorldRealFoW.Detours.EnvironmentStatsDrawer.
[Real Fog of War] Patched method Void Message(System.String, Verse.LookTargets, Verse.MessageTypeDef, Boolean) from source Verse.Messages to RimWorldRealFoW.Detours.Messages.
[Real Fog of War] Patched method Void ReceiveLetter(Verse.TaggedString, Verse.TaggedString, Verse.LetterDef, Verse.LookTargets, RimWorld.Faction, RimWorld.Quest, System.Collections.Generic.List`1[Verse.ThingDef], System.String, Int32, Boolean) from source Verse.LetterStack to RimWorldRealFoW.Detours.LetterStack.
[Real Fog of War] Patched method Void DrawAt(UnityEngine.Vector3, Boolean) from source RimWorld.MoteBubble to RimWorldRealFoW.Detours.MoteBubble.
[Real Fog of War] Patched method Boolean ShouldSpawnMotesAt(Verse.IntVec3, Verse.Map, Boolean) from source Verse.GenView to RimWorldRealFoW.Detours.GenView.
[Real Fog of War] Patched method Boolean CellBoolDrawerGetBoolInt(Int32) from source RimWorld.FertilityGrid to RimWorldRealFoW.Detours.FertilityGrid.
[Real Fog of War] Patched method Boolean CellBoolDrawerGetBoolInt(Int32) from source Verse.TerrainGrid to RimWorldRealFoW.Detours.TerrainGrid.
[Real Fog of War] Patched method Boolean GetCellBool(Int32) from source Verse.RoofGrid to RimWorldRealFoW.Detours.RoofGrid.
[Real Fog of War] Patched method Verse.AcceptanceReport CanDesignateCell(Verse.IntVec3) from source RimWorld.Designator_AreaBuildRoof to RimWorldRealFoW.Detours.DesignatorPrefix.
[Real Fog of War] Patched method Verse.AcceptanceReport CanDesignateCell(Verse.IntVec3) from source RimWorld.Designator_AreaNoRoof to RimWorldRealFoW.Detours.DesignatorPrefix.
[Real Fog of War] Patched method Verse.AcceptanceReport CanDesignateCell(Verse.IntVec3) from source RimWorld.Designator_ZoneAdd_Growing to RimWorldRealFoW.Detours.DesignatorPrefix.
[Real Fog of War] Patched method Verse.AcceptanceReport CanDesignateCell(Verse.IntVec3) from source RimWorld.Designator_ZoneAddStockpile to RimWorldRealFoW.Detours.DesignatorPrefix.
[Real Fog of War] Patched method Verse.AcceptanceReport CanDesignateCell(Verse.IntVec3) from source RimWorld.Designator_Claim to RimWorldRealFoW.Detours.DesignatorPrefix.
[Real Fog of War] Patched method Verse.AcceptanceReport CanDesignateThing(Verse.Thing) from source RimWorld.Designator_Claim to RimWorldRealFoW.Detours.DesignatorPrefix.
[Real Fog of War] Patched method Verse.AcceptanceReport CanDesignateCell(Verse.IntVec3) from source RimWorld.Designator_Deconstruct to RimWorldRealFoW.Detours.DesignatorPrefix.
[Real Fog of War] Patched method Verse.AcceptanceReport CanDesignateThing(Verse.Thing) from source RimWorld.Designator_Deconstruct to RimWorldRealFoW.Detours.DesignatorPrefix.
[Real Fog of War] Patched method Verse.AcceptanceReport CanDesignateCell(Verse.IntVec3) from source RimWorld.Designator_Haul to RimWorldRealFoW.Detours.DesignatorPrefix.
[Real Fog of War] Patched method Verse.AcceptanceReport CanDesignateThing(Verse.Thing) from source RimWorld.Designator_Haul to RimWorldRealFoW.Detours.DesignatorPrefix.
[Real Fog of War] Patched method Verse.AcceptanceReport CanDesignateCell(Verse.IntVec3) from source RimWorld.Designator_Hunt to RimWorldRealFoW.Detours.DesignatorPrefix.
[Real Fog of War] Patched method Verse.AcceptanceReport CanDesignateThing(Verse.Thing) from source RimWorld.Designator_Hunt to RimWorldRealFoW.Detours.DesignatorPrefix.
[Real Fog of War] Patched method Verse.AcceptanceReport CanDesignateCell(Verse.IntVec3) from source RimWorld.Designator_Plants to RimWorldRealFoW.Detours.DesignatorPrefix.
[Real Fog of War] Patched method Verse.AcceptanceReport CanDesignateThing(Verse.Thing) from source RimWorld.Designator_Plants to RimWorldRealFoW.Detours.DesignatorPrefix.
[Real Fog of War] Patched method Verse.AcceptanceReport CanDesignateThing(Verse.Thing) from source RimWorld.Designator_PlantsHarvest to RimWorldRealFoW.Detours.DesignatorPrefix.
[Real Fog of War] Patched method Verse.AcceptanceReport CanDesignateThing(Verse.Thing) from source RimWorld.Designator_PlantsHarvestWood to RimWorldRealFoW.Detours.DesignatorPrefix.
[Real Fog of War] Patched method Verse.AcceptanceReport CanDesignateCell(Verse.IntVec3) from source RimWorld.Designator_RemoveFloor to RimWorldRealFoW.Detours.DesignatorPrefix.
[Real Fog of War] Patched method Verse.AcceptanceReport CanDesignateCell(Verse.IntVec3) from source RimWorld.Designator_SmoothSurface to RimWorldRealFoW.Detours.DesignatorPrefix.
[Real Fog of War] Patched method Verse.AcceptanceReport CanDesignateCell(Verse.IntVec3) from source RimWorld.Designator_Tame to RimWorldRealFoW.Detours.DesignatorPrefix.
[Real Fog of War] Patched method Verse.AcceptanceReport CanDesignateThing(Verse.Thing) from source RimWorld.Designator_Tame to RimWorldRealFoW.Detours.DesignatorPrefix.
[Real Fog of War] Patched method Verse.AcceptanceReport CanDesignateCell(Verse.IntVec3) from source RimWorld.Designator_Uninstall to RimWorldRealFoW.Detours.DesignatorPrefix.
[Real Fog of War] Patched method Verse.AcceptanceReport CanDesignateThing(Verse.Thing) from source RimWorld.Designator_Uninstall to RimWorldRealFoW.Detours.DesignatorPrefix.
[Real Fog of War] Patched method Verse.AcceptanceReport CanDesignateCell(Verse.IntVec3) from source RimWorld.Designator_Build to RimWorldRealFoW.Detours.DesignatorPlace.
[Real Fog of War] Patched method Verse.AcceptanceReport CanDesignateCell(Verse.IntVec3) from source RimWorld.Designator_Install to RimWorldRealFoW.Detours.DesignatorPlace.
[Real Fog of War] Patched method Verse.AcceptanceReport CanDesignateCell(Verse.IntVec3) from source RimWorld.Designator_Mine to RimWorldRealFoW.Detours.DesignatorMine.
[Real Fog of War] Patched method Void Notify_Added() from source Verse.Designation to RimWorldRealFoW.Detours.Designation.
[Real Fog of War] Patched method Void Notify_Removing() from source Verse.Designation to RimWorldRealFoW.Detours.Designation.
[Real Fog of War] Prefixed method AttackTargetFinder_CanSee.
[Real Fog of War] Prefixed method LetterStack_ReceiveLetter.
[Real Fog of War] Prefixed method OverlayDrawer_DrawOverlay.
[Real Fog of War] Prefixed method SilhouetteUtility_ShouldDrawSilhouette.
[Real Fog of War] Prefixed method SoundStarter_PlayOneShot.
[Real Fog of War] Prefixed method SoundStarter_TrySpawnSustainer.
[Real Fog of War] Postfixed method WorldComponent_GravshipController_LandingEnded.
[Real Fog of War] Interaction bubble is active. Patched
[VBE] RimThemes detected, activating compatibility...
[VBE] Unpatching RimThemes background patch...
[HugsLib] version 12.0.0
[HugsLib] early-initializing AllowTool
Texture '' has dimensions (5333 x 3000) which are not multiples of 4. Compress will not work.
Direct3D: detected that using refresh rate causes time drift. Will stop trusting refresh rate until the game window is moved.
Direct3D: detected that vsync is broken (it does not limit frame rate properly). Delta time will now be calculated using cpu-side time stampling until the game window is moved.
1.6.9543 ::
Fallback handler could not load library C:/Program Files (x86)/Steam/steamapps/common/RimWorld/RimWorldWin64_Data/MonoBleedingEdge/data-000002195D05CCC0.dll
[Custom Room Names] Room.GetRoomRoleLabel patch applied.
[Custom Room Names] RoomRoleDef.PostProcessedLabelCap patch applied.
[DiseaseImmunityProgressTracker] Initialized
DubsMintMenus v1.3.1086
[17:05:27] <color=#4494E3FF>:: Erin's Final Fantasy Animals ::</color> 1.0.9322 ::
FactionCustomizer is successfully initialized!
Fallback handler could not load library C:/Program Files (x86)/Steam/steamapps/common/RimWorld/RimWorldWin64_Data/MonoBleedingEdge/data-00000219D9081020.dll
[Interaction Bubbles v4.2] Initialized
Initializing LightsOut [2025.8.10.12]
[MeaningfulEncounters] Mod loaded successfully.
<color=#bd87f1>[Mood Alerts]</color> Hello there! Running version 1.6.1.
Persistent Precepts Mod class loaded
[RimAI.Framework]SettingsManager: Reloading all configurations...
[RimAI.Framework]SettingsManager: Active status updated. Chat=False, Embedding=False
[RimAI.Framework]SettingsManager: All configurations reloaded.
[RimAI.Framework]SettingsManager: Initialized successfully with separated configurations.
[RimBridge] STARTUP_TIMING phase=main-thread.initialize durationMs=0 elapsedMs=0
[RimBridge] Applied essential Harmony patches.
[RimBridge] Applied 56 optional Harmony patch classes.
[RimBridge] STARTUP_TIMING phase=harmony.startup-patches durationMs=206 elapsedMs=207
[RimBridge] STARTUP_TIMING phase=startup.on-mod-constructed durationMs=0 elapsedMs=207
[RimBridge] STARTUP_TIMING phase=mod-constructor.total durationMs=208 elapsedMs=208
[RimTek] Harmony patches applied.
[Sensible Bed Ownership] Loaded.
Ugh You Got Me: Trying to patch MentalState_SocialFighting.ShouldStop.get.
Ugh You Got Me: Patched MentalState_SocialFighting.ShouldStop.get.
Ugh You Got Me: Trying to patch JobGiver_SocialFighting.TryGiveJob
Ugh You Got Me: Patched JobGiver_SocialFighting.TryGiveJob.
[Universal Pregnancy] Loaded.
[WhatsMissing] Patched Dialog_BillConfig
Loaded What's That Mod.
[LargePawns] EnsureDefTables: no pawn defs found yet (db size 0)
[LargePawns] Giddy-Up MountUtility.Mount patch applied
[LargePawns] Giddy-Up TryAutoMount patch applied
[LargePawns] Giddy-Up mounted patch applied
[LargePawns] CAI-5000 compat patches applied
[RimAI.Core] All Parts Boot OK (services=27, elapsed=146 ms, topk_available=False)
[RimHUD v1.17.5] Initialized
<color=#1c6beb>[FacLoadout]</color> Registered module: 'GiddyUp Mounts' (key: giddyUp, active: True)
[Romance on the Rim] Interaction Bubble compatibility patch applied.
[ChezhouLib] 扫描名单登记: About=599, About登记=0, 当前候选=2
[ChezhouLib] 功能声明扫描: 候选模组=2, XML=36, 登记包=2
[ChezhouLib] 功能门控(早期扫描) 启用: UnityAssets, KindForceRelation, ClCustomMission；关闭: FlyRace, ClipAnimation, RenderNodeRule, KindPawnGeneration, BossHpBar, ModuleAssembly, RequiredApparelVerb, DualWeapon, HARBodyAddon, ClHairAppearance, FACompat, ApparelGraphicPathFallback
[ChezhouLib] 服饰路径模块(早期扫描) 登记模组: 0
[ChezhouLib] 常驻补丁已安装，动画与角色预览渲染补丁按使用状态挂载。
<color=#1c6beb>[KeyzAllowUtilities v1.3.8]</color> Loading KeyzAllowUtilities v1.3.8
Could not find class PrisonerRealism.Settings while resolving node ModSettings. Trying to use PrisonerRealism.PrisonerRealismSettings instead. Full node: <ModSettings Class="PrisonerRealism.Settings"><enableRecruitOffer>False</enableRecruitOffer></ModSettings>
1.6.9701 ::
[SandWorm] Mod loaded.
<color=#00FFFFFF>:: Outer Rim - Core ::</color> 1.6.9306 ::
<color=#00FFFFFF>:: Outland - Genetics ::</color> 1.6.9341 ::
1.0.9299 ::
<color=#00FFFFFF>:: Outer Rim - Droid Depot :: </color>1.6.9313 ::
<color=#00FFFFFF>:: Outer Rim - Galactic Empire :: </color>1.6.9308 ::
[Analyzer] Loaded version 1.6.0 rev 1
[Analyzer] WaterSFX
[Analyzer] WorkTab
<color=#66ffb5>[MeleeAnim]</color> Hello, world!
Build date: 7/31/2026 6:45 PM
Loaded assemblies (13):
0BetterFloatMenu, Version=16.0.0.0, Culture=neutral, PublicKeyToken=null,
0ColourPicker, Version=1.0.0.0, Culture=neutral, PublicKeyToken=null,
AMRetextureSupport, Version=0.0.0.0, Culture=neutral, PublicKeyToken=null,
Meta.Numerics, Version=3.1.0.0, Culture=neutral, PublicKeyToken=67d25c65a6631347,
ModRequestAPI, Version=1.0.0.0, Culture=neutral, PublicKeyToken=null,
ModRequestAPI.Models, Version=1.0.0.0, Culture=neutral, PublicKeyToken=null,
Unity.Newtonsoft.Json, Version=7.0.0.0, Culture=neutral, PublicKeyToken=null,
zAnimationMod, Version=1.0.0.0, Culture=neutral, PublicKeyToken=null,
AM.FacialAnimationPatch, Version=0.0.0.0, Culture=neutral, PublicKeyToken=null,
AM.AlienRacesPatch, Version=0.0.0.0, Culture=neutral, PublicKeyToken=null,
AM.CAI5000Patch, Version=1.0.0.0, Culture=neutral, PublicKeyToken=null,
zz.AM.PerformanceOptimizerPatch, Version=1.0.0.0, Culture=neutral, PublicKeyToken=null,
AM.VehiclesPatch, Version=0.0.0.0, Culture=neutral, PublicKeyToken=null
<color=#66ffb5>[MeleeAnim]</color> Scanning 599 mods for animation data...
<color=#66ffb5>[MeleeAnim]</color> Found 2 mod folders with animation data, total 75 loadable files.
<color=#66ffb5>[MeleeAnim]</color> [<color=#63e0ff>Facial Animation Patch</color>] Successfully loaded Facial Animation patch.
<color=#66ffb5>[MeleeAnim]</color> <color=#ffa8fc>[Alien Races Patch]</color> Loaded alien races patch!
<color=#66ffb5>[MeleeAnim]</color> Initialized CAI-5000 patch
<color=#66ffb5>[MeleeAnim]</color> <color=#ffa8fc>[Perf.Opt]</color> Loaded Performance Optimizer patch!
<color=#66ffb5>[MeleeAnim]</color> <color=#ffa8fc>[Perf.Opt]</color> Successfully patched and disabled buggy optimizations.
<color=#66ffb5>[MeleeAnim]</color> <color=#ffa8fc>[Vehicle Framework Patch]</color> Loaded vehicle framework patch!
[IgnoreConfigErrors] Now active
[IgnoreConfigErrors] Harmony patch complete!
<color=#B266FFFF>[SWCP Core/Tools] </color>Beta version: bugs likely, if not guaranteed! Report bugs on steam workshop page or on discord: 3HEXN3Qbn4
RimThemes NX rev10
ReGrowth 2 5.1-rev6
|RimFridge: Now with Shelves!| Forcing the application of patch lwm.deepstorage | Patches/AddNewUnits_RimFridge.xml of LWM's Deep Storage.
[Torment Master - Start of stack trace]
Verse.PatchOperationAdd(xpath="/Defs/AlienRace.ThingDef_AlienRace/alienRace/raceRestriction/whiteApparelList[not(li[text()='AppleHeadgear'])]"): Failed to find a node with the given xpath
Verse.PatchOperationFindMod(Humanoid Alien Races): Error in <match>
[End of stack trace]
Source file: C:\Program Files (x86)\Steam\steamapps\workshop\content\294100\3746663772\1.6\Patches\Compatibility_AlienRaces_AppleHeadgear.xml
LWM Deep Storage: activated compatibility patch for Vanilla Cooking Expanded
[Vanilla Mining Outpost Patch - Start of stack trace]
Verse.PatchOperationRemove(xpath="Defs/WorldObjectDef[defName="Outpost_Mining"]/modExtensions/li[1]/Resources/Z_Diamond"): Failed to find a node with the given xpath
Verse.PatchOperationSequence: Error in the operation at position=1
Verse.PatchOperationFindMod(Jewelry): Error in <match>
[End of stack trace]
Source file: C:\Program Files (x86)\Steam\steamapps\workshop\content\294100\2968491314\Patches\Outposts.xml
[Biomes! Caverns - Start of stack trace]
Verse.PatchOperationReplace(xpath="Defs/ThingDef[defName="GroundPenetratingScanner"]/placeWorkers/li[text()="PlaceWorker_NotUnderRoof"]"): Failed to find a node with the given xpath
[End of stack trace]
Source file: C:\Program Files (x86)\Steam\steamapps\workshop\content\294100\2969748433\1.6\Patches\BiomesCaverns_GroundPenetratingScanner.xml
[Intimacy - Gender Works - Start of stack trace]
Verse.PatchOperationRemove(xpath="Defs/RecipeDef[defName="ExtractOvum"]/genderPrerequisite"): Failed to find a node with the given xpath
[End of stack trace]
Source file: C:\Program Files (x86)\Steam\steamapps\workshop\content\294100\3534254491\1.6\Patches\Fertility_ops_changes.xml
[Intimacy - Gender Works - Start of stack trace]
Verse.PatchOperationRemove(xpath="Defs/RecipeDef[defName="TerminatePregnancy"]/genderPrerequisite"): Failed to find a node with the given xpath
[End of stack trace]
Source file: C:\Program Files (x86)\Steam\steamapps\workshop\content\294100\3534254491\1.6\Patches\Fertility_ops_changes.xml
[Intimacy - Gender Works - Start of stack trace]
Verse.PatchOperationRemove(xpath="Defs/RecipeDef[defName="ImplantIUD"]/genderPrerequisite"): Failed to find a node with the given xpath
[End of stack trace]
Source file: C:\Program Files (x86)\Steam\steamapps\workshop\content\294100\3534254491\1.6\Patches\Fertility_ops_changes.xml
[Jawa Pawn Flavor — faction backstories and traits - Start of stack trace]
Verse.PatchOperationAdd(xpath="Defs/XenotypeDef[defName="guy762_debugxenotype_droid"]"): Failed to find a node with the given xpath
Verse.PatchOperationConditional(xpath=Defs/XenotypeDef[defName="guy762_debugxenotype_droid"]/label): Error in <nomatch>
Verse.PatchOperationSequence: Error in the operation at position=1
Verse.PatchOperationSequence: Error in the operation at position=1
Verse.PatchOperationFindMod(Star Wars KotOR Resources and Materials): Error in <match>
[End of stack trace]
Source file: C:\Program Files (x86)\Steam\steamapps\common\RimWorld\Mods\PawnFlavor\Patches\PawnFlavorPhase2_Xenotype.xml
XML error: <drawStyleCategory>Wall</drawStyleCategory> doesn't correspond to any field in type BuildingProperties. Context: <building><isInert>true</isInert><isPlaceOverableWall>true</isPlaceOverableWall><ai_chillDestination>false</ai_chillDestination><supportsWallAttachments>true</supportsWallAttachments><isStuffableAirtight>false</isStuffableAirtight><blueprintGraphicData><texPath>Things/Building/Linked/Wall_Blueprint_Atlas</texPath></blueprintGraphicData><relatedBuildCommands><li>Door</li><li>Autodoor</li></relatedBuildCommands><drawStyleCategory>Wall</drawStyleCategory></building>

Possible Matches:
[Source: Rim of Madness - Bones Unofficial Fix]
[File: C:\Program Files (x86)\Steam\steamapps\workshop\content\294100\3252977437\1.6\Patches\OdysseyPatch.xml]
[Def Error]: BoneWall
Rim of Madness - Bones Unofficial Fix\1.6\Defs\ThingDefs_Buildings\Buildings_BoneWall.xml
Parsed 0.3 as int.
[Def Error]: AM_Entrance_LargeElevator
Ancient urban ruins\1.6\Defs\ThingDefs\Building\ThingDef_ConstructableElevators.xml
Parsed 0.3 as int.
[Def Error]: AM_Entrance_UndergroundGarage
Ancient urban ruins\1.6\Defs\ThingDefs\Building\ThingDef_UndergroundGarage.xml
Parsed 7.5 as int.
[Def Error]: Prj_SW_Electricgryllotalpa
Insectoids 2 - Isopoda geneline\1.6\Defs\ThingDefs_Races\Electricgryllotalpa.xml
Tried to use an uninitialized DefOf of type TerrainDefOf. DefOfs are initialized right after all defs all loaded. Uninitialized DefOfs will return only nulls. (hint: don't use DefOfs as default field values in Defs, try to resolve them in ResolveReferences() instead)
[Def Error]: BMT_CrystalCaverns
Biomes! Caverns\1.6\Defs\Biomes\BMT_CrystalCaverns.xml
Parsed 1.5 as int.
[Def Error]: WeatheredBasalt
Minerals Rock\1.6\Defs\ThingDefs_Rocks\Basalt.xml
Parsed 1.5 as int.
[Def Error]: PassableBasalt
Minerals Rock\1.6\Defs\ThingDefs_Rocks\Basalt.xml
Parsed 1.5 as int.
[Def Error]: PassableVacstone
[Torment Master] Patch operation Verse.PatchOperationFindMod(Humanoid Alien Races) failed
file: C:\Program Files (x86)\Steam\steamapps\workshop\content\294100\3746663772\1.6\Patches\Compatibility_AlienRaces_AppleHeadgear.xml
[Vanilla Mining Outpost Patch] Patch operation Verse.PatchOperationFindMod(Gemstones, Jewelry) failed
file: C:\Program Files (x86)\Steam\steamapps\workshop\content\294100\2968491314\Patches\Outposts.xml
[Biomes! Caverns] Patch operation Verse.PatchOperationReplace(Defs/ThingDef[defName="GroundPenetratingScanner"]/placeWorkers/li[text()="PlaceWorker_NotUnderRoof"]) failed
file: C:\Program Files (x86)\Steam\steamapps\workshop\content\294100\2969748433\1.6\Patches\BiomesCaverns_GroundPenetratingScanner.xml
[Intimacy - Gender Works] Patch operation Verse.PatchOperationRemove(Defs/RecipeDef[defName="ExtractOvum"]/genderPrerequisite) failed
file: C:\Program Files (x86)\Steam\steamapps\workshop\content\294100\3534254491\1.6\Patches\Fertility_ops_changes.xml
[Intimacy - Gender Works] Patch operation Verse.PatchOperationRemove(Defs/RecipeDef[defName="TerminatePregnancy"]/genderPrerequisite) failed
file: C:\Program Files (x86)\Steam\steamapps\workshop\content\294100\3534254491\1.6\Patches\Fertility_ops_changes.xml
[Intimacy - Gender Works] Patch operation Verse.PatchOperationRemove(Defs/RecipeDef[defName="ImplantIUD"]/genderPrerequisite) failed
file: C:\Program Files (x86)\Steam\steamapps\workshop\content\294100\3534254491\1.6\Patches\Fertility_ops_changes.xml
[Jawa Pawn Flavor — faction backstories and traits] Patch operation Verse.PatchOperationFindMod(Star Wars KotOR Resources and Materials) failed
file: C:\Program Files (x86)\Steam\steamapps\common\RimWorld\Mods\PawnFlavor\Patches\PawnFlavorPhase2_Xenotype.xml
ConfigurableTechprintsMod :: Backing up pre-modification values...
ConfigurableTechprintsMod :: Processing traders...
ConfigurableTechprintsMod :: No TraderKindDefs with custom settings found.
ConfigurableTechprintsMod :: Processed 19 TraderKindDefs. Reports can be found in mod settings. 
ConfigurableTechprintsMod :: Processing research projects...
ConfigurableTechprintsMod :: No ResearchProjectDefs with custom settings found.
ConfigurableTechprintsMod :: Processed 425 ResearchProjectDefs with default settings. Reports can be found in mod settings. 
Failed to patch VFEInsectoids 2's Creep with additional genes.
[Big & Small] Patched 49 PawnRenderNodeProperties to use PawnRenderingProps_Lite for recolorable graphics.
Remember that you can always disable this again in the mod options.
Could not resolve cross-reference: No Verse.ThingDef named guy762_DroidWeapon_microrocket found to give to ModularWeapons2.MWAbilityProperties ModularWeapons2.MWAbilityProperties

Possible Matches:
[Source: Jawa Armoury Rebalance]
[File: C:\Program Files (x86)\Steam\steamapps\common\RimWorld\Mods\Armoury\Defs\Absorbed_KotorWeapons\ModularPartDefs\Absorbed_KotorWeapons_ModularPartDefs_HelmetArmorTech.xml]
[Source: Jawa Armoury Rebalance]
[File: C:\Program Files (x86)\Steam\steamapps\common\RimWorld\Mods\Armoury\Defs\Absorbed_KotorWeapons\ModularPartDefs\Absorbed_KotorWeapons_ModularPartDefs_Wristgun.xml]
Could not resolve cross-reference: No Verse.ThingDef named guy762_DroidWeapon_trishot found to give to Verse.ThingDefCountClass (1x null)

Possible Matches:
[Source: Jawa Armoury Rebalance]
[File: C:\Program Files (x86)\Steam\steamapps\common\RimWorld\Mods\Armoury\Defs\Absorbed_KotorWeapons\ModularPartDefs\Absorbed_KotorWeapons_ModularPartDefs_Wristgun.xml]
Could not resolve cross-reference: No Verse.ThingDef named guy762_DroidWeapon_microrocket found to give to ModularWeapons2.MWAbilityProperties ModularWeapons2.MWAbilityProperties

Possible Matches:
[Source: Jawa Armoury Rebalance]
[File: C:\Program Files (x86)\Steam\steamapps\common\RimWorld\Mods\Armoury\Defs\Absorbed_KotorWeapons\ModularPartDefs\Absorbed_KotorWeapons_ModularPartDefs_HelmetArmorTech.xml]
[Source: Jawa Armoury Rebalance]
[File: C:\Program Files (x86)\Steam\steamapps\common\RimWorld\Mods\Armoury\Defs\Absorbed_KotorWeapons\ModularPartDefs\Absorbed_KotorWeapons_ModularPartDefs_Wristgun.xml]
Could not resolve cross-reference: No Verse.ThingDef named guy762_DroidWeapon_seekerrocket found to give to ModularWeapons2.MWAbilityProperties ModularWeapons2.MWAbilityProperties

Possible Matches:
[Source: Jawa Armoury Rebalance]
[File: C:\Program Files (x86)\Steam\steamapps\common\RimWorld\Mods\Armoury\Defs\Absorbed_KotorWeapons\ModularPartDefs\Absorbed_KotorWeapons_ModularPartDefs_Wristgun.xml]
Could not resolve cross-reference: No Verse.ThingDef named guy762_DroidWeapon_railgun found to give to Verse.ThingDefCountClass (1x null)

Possible Matches:
[Source: Jawa Armoury Rebalance]
[File: C:\Program Files (x86)\Steam\steamapps\common\RimWorld\Mods\Armoury\Defs\Absorbed_KotorWeapons\ModularPartDefs\Absorbed_KotorWeapons_ModularPartDefs_Wristgun.xml]
Could not resolve cross-reference: No Verse.ThingDef named guy762_DroidWeapon_railgun found to give to Verse.ThingDefCountClass (1x null)

Possible Matches:
[Source: Jawa Armoury Rebalance]
[File: C:\Program Files (x86)\Steam\steamapps\common\RimWorld\Mods\Armoury\Defs\Absorbed_KotorWeapons\ModularPartDefs\Absorbed_KotorWeapons_ModularPartDefs_Wristgun.xml]
Failed to find Verse.PawnKindDef named RSW_DW_OuterRim_AstromechDroid. There are 1810 defs of this type loaded.
Added SEX_Reproduction body part coverage to Apparel_TribalA
Added SEX_Reproduction body part coverage to Apparel_Pants
Added SEX_Reproduction body part coverage to Apparel_Duster
Added SEX_Reproduction body part coverage to Apparel_PlateArmor
Added SEX_Reproduction body part coverage to Apparel_FlakPants
Added SEX_Reproduction body part coverage to Apparel_PowerArmor
Added SEX_Reproduction body part coverage to Apparel_ArmorRecon
Added SEX_Reproduction body part coverage to Apparel_Cape
Added SEX_Reproduction body part coverage to Apparel_Robe
Added SEX_Reproduction body part coverage to Apparel_PsyfocusRobe
Added SEX_Reproduction body part coverage to Apparel_RobeRoyal
Added SEX_Reproduction body part coverage to Apparel_ArmorReconPrestige
Added SEX_Reproduction body part coverage to Apparel_ArmorMarinePrestige
Added SEX_Reproduction body part coverage to Apparel_ArmorCataphract
Added SEX_Reproduction body part coverage to Apparel_ArmorCataphractPrestige
Added SEX_Reproduction body part coverage to Apparel_ArmorLocust
Added SEX_Reproduction body part coverage to Apparel_ArmorMarineGrenadier
Added SEX_Reproduction body part coverage to Apparel_ArmorCataphractPhoenix
Added SEX_Reproduction body part coverage to Apparel_Burka
Added SEX_Reproduction body part coverage to Apparel_KidRomper
Added SEX_Reproduction body part coverage to Apparel_KidPants
Added SEX_Reproduction body part coverage to Apparel_KidTribal
Added SEX_Reproduction body part coverage to Apparel_MechlordSuit
Added SEX_Reproduction body part coverage to Apparel_Vacsuit
Added SEX_Reproduction body part coverage to Apparel_VacsuitChildren
Added SEX_Reproduction body part coverage to AM_MechCommanderSuit
Added SEX_Reproduction body part coverage to AM_MechBreakerArmor
Added SEX_Reproduction body part coverage to Horror_Pants
Added SEX_Reproduction body part coverage to Horror_Overgrowth
Added SEX_Reproduction body part coverage to Horror_Exoskeleton
Added SEX_Reproduction body part coverage to GravTide_DivingHardsuit
Added SEX_Reproduction body part coverage to GravTide_Drysuit
Added SEX_Reproduction body part coverage to Apparel_SOU_RagDress
Added SEX_Reproduction body part coverage to Apparel_SOU_RagDressB
Added SEX_Reproduction body part coverage to Apparel_SOU_TunicPoor
Added SEX_Reproduction body part coverage to Apparel_SOU_TunicFine
Added SEX_Reproduction body part coverage to Apparel_SOU_VicScullery
Added SEX_Reproduction body part coverage to Apparel_SOU_VicHM
Added SEX_Reproduction body part coverage to Apparel_SOU_Coverall
Added SEX_Reproduction body part coverage to Apparel_SOU_SpTight
Added SEX_Reproduction body part coverage to HumanSkinSuit
Added SEX_Reproduction body part coverage to TempuraOnesie
Added SEX_Reproduction body part coverage to VAE_Apparel_Shorts
Added SEX_Reproduction body part coverage to VAE_Apparel_Skirt
Added SEX_Reproduction body part coverage to VAE_Apparel_Trousers
Added SEX_Reproduction body part coverage to VAE_Apparel_Overalls
Added SEX_Reproduction body part coverage to VAE_Apparel_Jeans
Added SEX_Reproduction body part coverage to VAE_Apparel_MilitaryUniform
Added SEX_Reproduction body part coverage to VAE_Apparel_DoctorScrubs
Added SEX_Reproduction body part coverage to VAE_Apparel_LabCoat
Added SEX_Reproduction body part coverage to VAE_Apparel_Jumpsuit
Added SEX_Reproduction body part coverage to VAE_Apparel_Apron
Added SEX_Reproduction body part coverage to VAE_Apparel_PeltCoat
Added SEX_Reproduction body part coverage to VAE_Apparel_TribalKilt
Added SEX_Reproduction body part coverage to VFET_Apparel_TribalHeavy
Added SEX_Reproduction body part coverage to VGE_Apparel_Vacsuit_Prestige
Added SEX_Reproduction body part coverage to VIEHAR_Apparel_Rags
Added SEX_Reproduction body part coverage to VQEA_Apparel_PatientGown
Added SEX_Reproduction body part coverage to VQE_CryptoArmor
Added SEX_Reproduction body part coverage to VQE_CryptoHeavyArmor
Added SEX_Reproduction body part coverage to VREA_Apparel_Archoplate
Added SEX_Reproduction body part coverage to VRE_AncientAstrosuit
Added SEX_Reproduction body part coverage to AM_AScompFD
Added SEX_Reproduction body part coverage to AM_CompFlakSuit
Added SEX_Reproduction body part coverage to BMT_HermeticArmor
Added SEX_Reproduction body part coverage to DP_EtherealCloak
Added SEX_Reproduction body part coverage to DP_NinjaRobe
Added SEX_Reproduction body part coverage to DP_FireCultRobe
Added SEX_Reproduction body part coverage to DP_ShroudOfMadness
Added SEX_Reproduction body part coverage to SGC_Apparel_RescueFrame
Added SEX_Reproduction body part coverage to Apparel_BabyOnesie
Added SEX_Reproduction body part coverage to Apparel_BabyTribal
Added SEX_Reproduction body part coverage to AG_ForsakenCloak
Added SEX_Reproduction body part coverage to AG_ForsakenCloak_Child
Added SEX_Reproduction body part coverage to AG_ForsakenMarineArmor
Added SEX_Reproduction body part coverage to BMT_Apparel_ArmorChitinphract
Added SEX_Reproduction body part coverage to BMT_Apparel_ArmorChitinphractPrestige
Added SEX_Reproduction body part coverage to BMT_Apparel_ArmorBeetlephractPrestige
Added SEX_Reproduction body part coverage to BMT_Apparel_ChitinLightArmor
Added SEX_Reproduction body part coverage to BMT_Apparel_ChitinMediumArmor
Added SEX_Reproduction body part coverage to BMT_Apparel_ChitinHeavyArmor
Added SEX_Reproduction body part coverage to VFEP_Warcasket_Warcasket
Added SEX_Reproduction body part coverage to VFEP_Warcasket_Marine
Added SEX_Reproduction body part coverage to VFEP_Warcasket_Recon
Added SEX_Reproduction body part coverage to VFEP_Warcasket_Cataphract
Added SEX_Reproduction body part coverage to VFEP_Warcasket_Aerial
Added SEX_Reproduction body part coverage to VFEP_Warcasket_Barrage
Added SEX_Reproduction body part coverage to VFEP_Warcasket_Hazard
Added SEX_Reproduction body part coverage to VFEP_Warcasket_Shock
Added SEX_Reproduction body part coverage to VFEP_Apparel_Privateer
Added SEX_Reproduction body part coverage to VFEP_Apparel_Rumsuit
Added SEX_Reproduction body part coverage to VFEP_Warcasket_Siegebreaker
Added SEX_Reproduction body part coverage to VFEP_Warcasket_Guardian
Added SEX_Reproduction body part coverage to VFEP_Warcasket_Controller
Added SEX_Reproduction body part coverage to VFEP_Warcasket_Sarcophagus
Added SEX_Reproduction body part coverage to VFEP_Warcasket_Brute
Added SEX_Reproduction body part coverage to Warcasket_Sentinel
Added SEX_Reproduction body part coverage to Warcasket_GuardianX
Added SEX_Reproduction body part coverage to Warcasket_Tyrant
Added SEX_Reproduction body part coverage to Warcasket_Centurion
Added SEX_Reproduction body part coverage to OuterRim_Bodysuit
Added SEX_Reproduction body part coverage to OuterRim_BoneCuirass
Added SEX_Reproduction body part coverage to OuterRim_CasualClothing
Added SEX_Reproduction body part coverage to OuterRim_ChitinCuirass
Added SEX_Reproduction body part coverage to OuterRim_Cloak
Added SEX_Reproduction body part coverage to OuterRim_CompositeCuirass
Added SEX_Reproduction body part coverage to OuterRim_DesertGarb
Added SEX_Reproduction body part coverage to OuterRim_HermitTunic
Added SEX_Reproduction body part coverage to OuterRim_PaddedCuirass
Added SEX_Reproduction body part coverage to OuterRim_Poncho
Added SEX_Reproduction body part coverage to OuterRim_ScrapperWorksuit
Added SEX_Reproduction body part coverage to BS_BarbarianArmor
Added SEX_Reproduction body part coverage to OuterRim_DroidArmorLight
Added SEX_Reproduction body part coverage to OuterRim_DroidArmorModule
Added SEX_Reproduction body part coverage to OuterRim_DroidArmorHeavy
Added SEX_Reproduction body part coverage to OuterRim_DroidDeflectorShield
Added SEX_Reproduction body part coverage to OuterRim_DroidPropulsionJets
Added SEX_Reproduction body part coverage to OuterRim_ImperialArmyCuirass
Added SEX_Reproduction body part coverage to OuterRim_ImperialArmyUniform
Added SEX_Reproduction body part coverage to OuterRim_ImperialCadetUniform
Added SEX_Reproduction body part coverage to OuterRim_DeathTrooperCuirass
Added SEX_Reproduction body part coverage to OuterRim_ISBAgentCuirass
Added SEX_Reproduction body part coverage to OuterRim_ImperialJumpsuit
Added SEX_Reproduction body part coverage to OuterRim_ImperialOfficerUniform
Added SEX_Reproduction body part coverage to OuterRim_ImperialOfficerUniform_Black
Added SEX_Reproduction body part coverage to OuterRim_ImperialOfficerUniform_White
Added SEX_Reproduction body part coverage to OuterRim_RangeTrooperCuirass
Added SEX_Reproduction body part coverage to OuterRim_ScoutTrooperCuirass
Added SEX_Reproduction body part coverage to OuterRim_SnowtrooperCuirass
Added SEX_Reproduction body part coverage to OuterRim_StormtrooperCuirass
Added SEX_Reproduction body part coverage to OuterRim_StormtrooperCuirass_Specialist
Added SEX_Reproduction body part coverage to OuterRim_StormtrooperCuirass_Pride
Added SEX_Reproduction body part coverage to OuterRim_StormtrooperKama
Added SEX_Reproduction body part coverage to OuterRim_RebelOfficerJacket
Added SEX_Reproduction body part coverage to OuterRim_RebelFleetTrooperUniform
Added SEX_Reproduction body part coverage to OuterRim_RebelForestFatigues
Added SEX_Reproduction body part coverage to OuterRim_RebelForestJacket
Added SEX_Reproduction body part coverage to OuterRim_RebelForestPoncho
Added SEX_Reproduction body part coverage to OuterRim_RebelOfficerUniform
Added SEX_Reproduction body part coverage to _guy762_DevTool_BodyHider
Added SEX_Reproduction body part coverage to GS_SandP_Body
Added SEX_Reproduction body part coverage to guy762_Clothing_scum
Added SEX_Reproduction body part coverage to guy762_Clothing_scumII
Added SEX_Reproduction body part coverage to guy762_Clothing_scumIII
Added SEX_Reproduction body part coverage to guy762_Clothing_civilian
Added SEX_Reproduction body part coverage to guy762_Clothing_rebel
Added SEX_Reproduction body part coverage to guy762_Clothing_smuggler
Added SEX_Reproduction body part coverage to guy762_Clothing_trendy
Added SEX_Reproduction body part coverage to guy762_Clothing_cosmopolitan
Added SEX_Reproduction body part coverage to guy762_Clothing_light
Added SEX_Reproduction body part coverage to guy762_Clothing_RebelCamo
Added SEX_Reproduction body part coverage to guy762_Clothing_RebelCamoII
Added SEX_Reproduction body part coverage to guy762_GenericUniform_fatigues
Added SEX_Reproduction body part coverage to guy762_Bodysuit_Dyeable
Added SEX_Reproduction body part coverage to guy762_Bodysuit_striped
Added SEX_Reproduction body part coverage to guy762_Bodysuit
Added SEX_Reproduction body part coverage to guy762_Robes_gand
Added SEX_Reproduction body part coverage to guy762_JediCloak_light
Added SEX_Reproduction body part coverage to guy762_Robes_jawa
Added SEX_Reproduction body part coverage to guy762_Robes_tusken
Added SEX_Reproduction body part coverage to guy762_Robes_zuckuss
Added SEX_Reproduction body part coverage to guy762_Robes_onderon
Added SEX_Reproduction body part coverage to guy762_MalakTunic
Added SEX_Reproduction body part coverage to guy762_MalakCape
Added SEX_Reproduction body part coverage to guy762_RevanRobes
Added SEX_Reproduction body part coverage to guy762_RevanCloak
Added SEX_Reproduction body part coverage to guy762_NihilusRobes
Added SEX_Reproduction body part coverage to guy762_NihilusCloak
Added SEX_Reproduction body part coverage to guy762_StarForgeRobes
Added SEX_Reproduction body part coverage to guy762_StarForgeCloak
Added SEX_Reproduction body part coverage to guy762_SionTunic
Added SEX_Reproduction body part coverage to guy762_KreiaRobes_DarthTraya
Added SEX_Reproduction body part coverage to guy762_ExarKunArmor
Added SEX_Reproduction body part coverage to guy762_MalgusArmor
Added SEX_Reproduction body part coverage to guy762_HvyArmor
Added SEX_Reproduction body part coverage to guy762_HvyArmor_echani
Added SEX_Reproduction body part coverage to guy762_HvyArmor_durasteel
Added SEX_Reproduction body part coverage to guy762_HvyArmor_flex
Added SEX_Reproduction body part coverage to guy762_HvyArmor_matrix
Added SEX_Reproduction body part coverage to guy762_LgtBattleArmor
Added SEX_Reproduction body part coverage to guy762_LgtBattleArmor_bronzium
Added SEX_Reproduction body part coverage to guy762_LgtBattleArmor_power
Added SEX_Reproduction body part coverage to guy762_LgtBattleArmor_krath
Added SEX_Reproduction body part coverage to guy762_LgtBattleArmor_electromesh
Added SEX_Reproduction body part coverage to guy762_MidBattleArmor
Added SEX_Reproduction body part coverage to guy762_MidBattleArmor_powered
Added SEX_Reproduction body part coverage to guy762_MidBattleArmor_cinnagar
Added SEX_Reproduction body part coverage to guy762_MidBattleArmor_corellian
Added SEX_Reproduction body part coverage to guy762_MidBattleArmor_verpine
Added SEX_Reproduction body part coverage to guy762_Bodysuit_czerka
Added SEX_Reproduction body part coverage to guy762_Clothing_czerka
Added SEX_Reproduction body part coverage to guy762_Clothing_czerkaofficer
Added SEX_Reproduction body part coverage to guy762_LgtBattleArmor_TSL
Added SEX_Reproduction body part coverage to guy762_JediTunic_light
Added SEX_Reproduction body part coverage to guy762_JediTunic_simple
Added SEX_Reproduction body part coverage to guy762_JediTunic_formal
Added SEX_Reproduction body part coverage to guy762_JediTunic_trad
Added SEX_Reproduction body part coverage to guy762_JediTunic_lightOld
Added SEX_Reproduction body part coverage to guy762_MidBattleArmor_mando
Added SEX_Reproduction body part coverage to guy762_MandoArmor_battle
Added SEX_Reproduction body part coverage to guy762_MandoArmor_assault
Added SEX_Reproduction body part coverage to guy762_MandoArmor_supercom
Added SEX_Reproduction body part coverage to guy762_RepUniform_ensign
Added SEX_Reproduction body part coverage to guy762_RepUniform_officer
Added SEX_Reproduction body part coverage to guy762_RepArmor_TSF
Added SEX_Reproduction body part coverage to guy762_RepArmor_trooper
Added SEX_Reproduction body part coverage to guy762_HvyArmor_repcom
Added SEX_Reproduction body part coverage to guy762_HvyArmor_gamorrean
Added SEX_Reproduction body part coverage to guy762_Jacket_exchange
Added SEX_Reproduction body part coverage to guy762_SithTunic_apprentice
Added SEX_Reproduction body part coverage to guy762_SithTunic_assassin
Added SEX_Reproduction body part coverage to guy762_SithTunic_warrior
Added SEX_Reproduction body part coverage to guy762_SithArmor_marauder
Added SEX_Reproduction body part coverage to guy762_SithArmor_colormarauder
Added SEX_Reproduction body part coverage to guy762_SithUniform_ensign
Added SEX_Reproduction body part coverage to guy762_SithUniform_officer
Added SEX_Reproduction body part coverage to guy762_SithArmor_trooper
Added SEX_Reproduction body part coverage to guy762_SithArmor_colortrooper
Added SEX_Reproduction body part coverage to guy762_SithArmor_commando
Added SEX_Reproduction body part coverage to guy762_SithArmor_colorcommando
Added SEX_Reproduction body part coverage to guy762_VisasRobes
Added SEX_Reproduction body part coverage to guy762_JoleeTunic
Added SEX_Reproduction body part coverage to guy762_BastilaTunic
Added SEX_Reproduction body part coverage to guy762_JuhaniTunic
Added SEX_Reproduction body part coverage to RSW_DW_Module_DroidArmorHvy
Added SEX_Reproduction body part coverage to RSW_DW_Module_DroidArmorHvy_env
Added SEX_Reproduction body part coverage to RSW_DW_Module_DroidArmorHvy_desh
Added SEX_Reproduction body part coverage to RSW_DW_Module_DroidArmorHvy_czerka
Added SEX_Reproduction body part coverage to RSW_DW_Module_DroidArmorHvy_impact
Added SEX_Reproduction body part coverage to RSW_DW_Module_DroidArmorHvy_composite
Added SEX_Reproduction body part coverage to RSW_DW_Module_DroidArmorHvy_diatium
Added SEX_Reproduction body part coverage to RSW_DW_Module_DroidArmorLte
Added SEX_Reproduction body part coverage to RSW_DW_Module_DroidArmorLte_env
Added SEX_Reproduction body part coverage to RSW_DW_Module_DroidArmorLte_desh
Added SEX_Reproduction body part coverage to RSW_DW_Module_DroidArmorLte_czerka
Added SEX_Reproduction body part coverage to RSW_DW_Module_DroidArmorLte_impact
Added SEX_Reproduction body part coverage to RSW_DW_Module_DroidArmorLte_composite
Added SEX_Reproduction body part coverage to RSW_DW_Module_DroidArmorLte_agrinium
Added SEX_Reproduction body part coverage to RSW_DW_Module_DroidArmorMid
Added SEX_Reproduction body part coverage to RSW_DW_Module_DroidArmorMid_env
Added SEX_Reproduction body part coverage to RSW_DW_Module_DroidArmorMid_desh
Added SEX_Reproduction body part coverage to RSW_DW_Module_DroidArmorMid_czerka
Added SEX_Reproduction body part coverage to RSW_DW_Module_DroidArmorMid_impact
Added SEX_Reproduction body part coverage to RSW_DW_Module_DroidArmorMid_composite
Added SEX_Reproduction body part coverage to RSW_DW_Module_DroidArmorMid_quadranium
Added SEX_Reproduction body part coverage to VFEP_Warcasket_MechController
Added SEX_Reproduction body part coverage to AM_Apparel_MechlordSuit_Prestige
Added SEX_Reproduction body part coverage to AM_PrestigeMechCommanderSuit
Added SEX_Reproduction body part coverage to AM_PrestigeMechBreakerArmor
Config error in Utinni Shellmandrake.rut.shell: defName Utinni Shellmandrake.rut.shell should only contain letters, numbers, underscores, or dashes.
BodyDef Scorcher_SixLeg has BodyPartRecord of MechanicalThoraxCanManipulate whose children have more or equal coverage than 100% (102.00%)
Exception in ConfigErrors() of CannibalPirate: System.NullReferenceException: Object reference not set to an instance of an object
[Ref 98CE9D87]
  at Verse.Find.get_FactionManager () [0x00005] in <61e4173561894da49d210260257b5097>:0 
  at Worldbuilder.IdeoUtility_IsMemeAllowedFor_Patch.Postfix (RimWorld.FactionDef faction, System.Boolean& __result) [0x00011] in <957447d36eb347bca2c8da40e7802946>:0 
  at RimWorld.IdeoUtility.IsMemeAllowedFor (RimWorld.MemeDef meme, RimWorld.FactionDef faction) [0x0014c] in <61e4173561894da49d210260257b5097>:0 
    - POSTFIX WorldbuilderMod: Void Worldbuilder.IdeoUtility_IsMemeAllowedFor_Patch:Postfix(FactionDef faction, Boolean& __result)
  at RimWorld.FactionDef.<ConfigErrors>b__150_0 (RimWorld.MemeDef x) [0x00000] in <61e4173561894da49d210260257b5097>:0 
  at Verse.GenCollection.FirstOrDefault[T] (System.Collections.Generic.List`1[T] list, System.Predicate`1[T] predicate) [0x00011] in <61e4173561894da49d210260257b5097>:0 
  at RimWorld.FactionDef+<ConfigErrors>d__150.MoveNext () [0x001b3] in <61e4173561894da49d210260257b5097>:0 
  at Verse.DefDatabase`1[T].ErrorCheckAllDefs () [0x00065] in <61e4173561894da49d210260257b5097>:0 

Possible Matches:
[Source: Ideology]
[File: C:\Program Files (x86)\Steam\steamapps\common\RimWorld\Data\Ideology\Defs\FactionDefs\Factions_Misc.xml]
[Source: RimUtinni Patches (Jawa campaign)]
[File: C:\Program Files (x86)\Steam\steamapps\common\RimWorld\Mods\UtinniPatches\Defs\RulePackDefs\Namer_PirateSyndicates.xml]
[Source: Jawa Faction Slate]
[File: C:\Program Files (x86)\Steam\steamapps\common\RimWorld\Mods\FactionSlate\Patches\OnlyOurFactions.xml]
[Source: Orc Clan + Xenotype]
[File: C:\Program Files (x86)\Steam\steamapps\workshop\content\294100\3232348025\Patches\XenotypeIntegration.xml]
[Source: RimUtinni Patches (Jawa campaign)]
[File: C:\Program Files (x86)\Steam\steamapps\common\RimWorld\Mods\UtinniPatches\Patches\BlackstarCompany.xml]
Config error in RUT_ComplexStructures: LandmarkDef RUT_ComplexStructures has no mutators with a chance of 1 or higher.

Possible Matches:
[Source: RimUtinni Patches (Jawa campaign)]
[File: C:\Program Files (x86)\Steam\steamapps\common\RimWorld\Mods\UtinniPatches\Defs\LandmarkDefs\RUT_ComplexStructures.xml]
Exception in ConfigErrors() of PirateYttakin: System.NullReferenceException: Object reference not set to an instance of an object
[Ref 98CE9D87] Duplicate stacktrace, see ref for original

Possible Matches:
[Source: Biotech]
[File: C:\Program Files (x86)\Steam\steamapps\common\RimWorld\Data\Biotech\Defs\FactionDefs\Factions_Misc.xml]
[Source: Biotech]
[File: C:\Program Files (x86)\Steam\steamapps\common\RimWorld\Data\Biotech\Defs\PawnKindDefs_Humanlikes\PawnKinds_Yttakin.xml]
[Source: Biotech]
[File: C:\Program Files (x86)\Steam\steamapps\common\RimWorld\Data\Biotech\Defs\RulePackDefs\RulePacks_Namers_Faction.xml]
[Source: RimUtinni Patches (Jawa campaign)]
[File: C:\Program Files (x86)\Steam\steamapps\common\RimWorld\Mods\UtinniPatches\Defs\RulePackDefs\Namer_PirateSyndicates.xml]
[Source: Jawa Faction Slate]
[File: C:\Program Files (x86)\Steam\steamapps\common\RimWorld\Mods\FactionSlate\Patches\OnlyOurFactions.xml]
[Source: Mechs and Animals for NPC Factions]
[File: C:\Program Files (x86)\Steam\steamapps\workshop\content\294100\3407831843\Patches\NPC_Mechs.xml]
[Source: ReGrowth 2]
[File: C:\Program Files (x86)\Steam\steamapps\workshop\content\294100\2260097569\1.6\Patches\_ModSettings\General-Patches.xml]
[Source: RimUtinni Patches (Jawa campaign)]
[File: C:\Program Files (x86)\Steam\steamapps\common\RimWorld\Mods\UtinniPatches\Patches\BlackstarCompany.xml]
Config error in RSW_FE_Ash_Trace: burnedDef is flammable

Possible Matches:
[Source: RimMandrake: SW — Fire Ecology]
[File: C:\Program Files (x86)\Steam\steamapps\common\RimWorld\Mods\FireEcology\Defs\TerrainDefs\AshLadder.xml]
Config error in RSW_FE_Ash_Light: burnedDef is flammable

Possible Matches:
[Source: RimMandrake: SW — Fire Ecology]
[File: C:\Program Files (x86)\Steam\steamapps\common\RimWorld\Mods\FireEcology\Defs\TerrainDefs\AshLadder.xml]
Config error in RSW_DW_Module_DroidArmorHvy: is smeltable but does not give anything for smelting.

Possible Matches:
[Source: Droidworks]
[File: C:\Program Files (x86)\Steam\steamapps\common\RimWorld\Mods\Droidworks\Defs\Absorbed_KotorDroidModules\Absorbed_KotorDroidModules_Armor.xml]
Config error in RSW_FE_Ground_Sand: burnedDef is flammable

Possible Matches:
[Source: RimMandrake: SW — Fire Ecology]
[File: C:\Program Files (x86)\Steam\steamapps\common\RimWorld\Mods\FireEcology\Defs\TerrainDefs\ScorchableGround.xml]
Config error in RSW_DW_Module_DroidArmorLte: is smeltable but does not give anything for smelting.

Possible Matches:
[Source: Droidworks]
[File: C:\Program Files (x86)\Steam\steamapps\common\RimWorld\Mods\Droidworks\Defs\Absorbed_KotorDroidModules\Absorbed_KotorDroidModules_Armor.xml]
Config error in RSW_FE_Ground_Gravel: burnedDef is flammable

Possible Matches:
[Source: RimMandrake: SW — Fire Ecology]
[File: C:\Program Files (x86)\Steam\steamapps\common\RimWorld\Mods\FireEcology\Defs\TerrainDefs\ScorchableGround.xml]
Config error in RSW_DW_Module_DroidArmorMid: is smeltable but does not give anything for smelting.

Possible Matches:
[Source: Droidworks]
[File: C:\Program Files (x86)\Steam\steamapps\common\RimWorld\Mods\Droidworks\Defs\Absorbed_KotorDroidModules\Absorbed_KotorDroidModules_Armor.xml]
Config error in RSW_FE_Ground_Soil: burnedDef is flammable

Possible Matches:
[Source: RimMandrake: SW — Fire Ecology]
[File: C:\Program Files (x86)\Steam\steamapps\common\RimWorld\Mods\FireEcology\Defs\TerrainDefs\ScorchableGround.xml]
Config error in RSW_FE_Ash_Trace: burnedDef is flammable

Possible Matches:
[Source: RimMandrake: SW — Fire Ecology]
[File: C:\Program Files (x86)\Steam\steamapps\common\RimWorld\Mods\FireEcology\Defs\TerrainDefs\AshLadder.xml]
Config error in RSW_FE_Ground_SoilRich: burnedDef is flammable

Possible Matches:
[Source: RimMandrake: SW — Fire Ecology]
[File: C:\Program Files (x86)\Steam\steamapps\common\RimWorld\Mods\FireEcology\Defs\TerrainDefs\ScorchableGround.xml]
Config error in RSW_FE_Ash_Light: burnedDef is flammable

Possible Matches:
[Source: RimMandrake: SW — Fire Ecology]
[File: C:\Program Files (x86)\Steam\steamapps\common\RimWorld\Mods\FireEcology\Defs\TerrainDefs\AshLadder.xml]
Config error in RSW_FE_Ground_Sand: burnedDef is flammable

Possible Matches:
[Source: RimMandrake: SW — Fire Ecology]
[File: C:\Program Files (x86)\Steam\steamapps\common\RimWorld\Mods\FireEcology\Defs\TerrainDefs\ScorchableGround.xml]
Config error in RSW_DW_Module_DroidArmorHvy: is smeltable but does not give anything for smelting.

Possible Matches:
[Source: Droidworks]
[File: C:\Program Files (x86)\Steam\steamapps\common\RimWorld\Mods\Droidworks\Defs\Absorbed_KotorDroidModules\Absorbed_KotorDroidModules_Armor.xml]
Config error in RSW_FE_Ground_Gravel: burnedDef is flammable

Possible Matches:
[Source: RimMandrake: SW — Fire Ecology]
[File: C:\Program Files (x86)\Steam\steamapps\common\RimWorld\Mods\FireEcology\Defs\TerrainDefs\ScorchableGround.xml]
Config error in RSW_DW_Module_DroidArmorLte: is smeltable but does not give anything for smelting.

Possible Matches:
[Source: Droidworks]
[File: C:\Program Files (x86)\Steam\steamapps\common\RimWorld\Mods\Droidworks\Defs\Absorbed_KotorDroidModules\Absorbed_KotorDroidModules_Armor.xml]
Config error in RSW_FE_Ground_Soil: burnedDef is flammable

Possible Matches:
[Source: RimMandrake: SW — Fire Ecology]
[File: C:\Program Files (x86)\Steam\steamapps\common\RimWorld\Mods\FireEcology\Defs\TerrainDefs\ScorchableGround.xml]
Config error in RSW_DW_Module_DroidArmorMid: is smeltable but does not give anything for smelting.

Possible Matches:
[Source: Droidworks]
[File: C:\Program Files (x86)\Steam\steamapps\common\RimWorld\Mods\Droidworks\Defs\Absorbed_KotorDroidModules\Absorbed_KotorDroidModules_Armor.xml]
Config error in RSW_FE_Ground_SoilRich: burnedDef is flammable

Possible Matches:
[Source: RimMandrake: SW — Fire Ecology]
[File: C:\Program Files (x86)\Steam\steamapps\common\RimWorld\Mods\FireEcology\Defs\TerrainDefs\ScorchableGround.xml]
Config error in Techprint_RR_lighting: description has trailing whitespace
Config error in AdvancedShowers: same research view coords and tab as VCE_StewCooking: 2, 0(RUT_Tree_Hearth)

Possible Matches:
[Source: Dubs Bad Hygiene Lite]
[File: C:\Program Files (x86)\Steam\steamapps\workshop\content\294100\2570319432\1.6\Defs\ResearchProjectDefs\ResearchProjects_Hygiene.xml]
Config error in VCE_StewCooking: same research view coords and tab as AdvancedShowers: 2, 0(RUT_Tree_Hearth)

Possible Matches:
[Source: Vanilla Cooking Expanded - Stews]
[File: C:\Program Files (x86)\Steam\steamapps\workshop\content\294100\2134312965\1.6\Defs\ResearchProjectDefs\Research.xml]
Key binding conflict: MainTab_kNumbersOverviewTab and OpenMapSearch are both bound to Z.
Key binding conflict: CAEngageMelee and KeyBinding_DestroyItem are both bound to X.
Key binding conflict: OpenMapSearch and MainTab_kNumbersOverviewTab are both bound to Z.
Key binding conflict: MainTab_CQFA_LevelSchedule and MainTab_AM_LevelSchedule are both bound to F9.
Key binding conflict: MainTab_History and MainTab_AM_LevelSchedule are both bound to F9.
Key binding conflict: MainTab_AM_LevelSchedule and MainTab_CQFA_LevelSchedule are both bound to F9.
Key binding conflict: MainTab_History and MainTab_CQFA_LevelSchedule are both bound to F9.
Key binding conflict: MainTab_AM_LevelSchedule and MainTab_History are both bound to F9.
Key binding conflict: MainTab_CQFA_LevelSchedule and MainTab_History are both bound to F9.
[ChezhouLib] Registered CL-managed AB: chezhou.chezhoulib.lib => 1.6\assetbundles\clui.ab
[ChezhouLib] Registered CL-managed AB: chezhou.chezhoulib.lib => 1.6\assetbundles\chezhouasset.ab
[ChezhouLib] Registered CL-managed AB: chezhou.chezhoulib.lib => 1.6\assetbundles\chezhouasset_mac.ab
[ChezhouLib] Registered CL-managed AB: chezhou.chezhoulib.lib => 1.6\assetbundles\chezhouasset_linux.ab
[ChezhouLib] CL-managed AB count for chezhou.chezhoulib.lib: 4
[ChezhouLib] 跳过 Unity 根清单 AssetBundle: chezhou.chezhoulib.lib => 1.6\assetbundles\assetbundles
[ChezhouLib] Registered CL-managed AB: chezhou.creature.sandworm => 1.6\assetbundles\sandworm.ab
[ChezhouLib] Registered CL-managed AB: chezhou.creature.sandworm => 1.6\assetbundles\sandworm_mac.ab
[ChezhouLib] Registered CL-managed AB: chezhou.creature.sandworm => 1.6\assetbundles\sandworm_linux.ab
[ChezhouLib] CL-managed AB count for chezhou.creature.sandworm: 3
[ChezhouLib] 跳过 Unity 根清单 AssetBundle: chezhou.creature.sandworm => 1.6\assetbundles\assetbundles
[Real Fog of War] Dubs Mint Minimap is active. Patched
Could not execute post-long-event action. Exception: System.Collections.Generic.KeyNotFoundException: The given key '-1§Vanilla' was not present in the dictionary.
[Ref 1A206835]
 [0x00010] in <51fded79cd284d4d911c5949aff4cb21>:0 
 [0x00000] in <51fded79cd284d4d911c5949aff4cb21>:0 
  at System.Collections.Generic.Dictionary`2[TKey,TValue].get_Item (TKey key) [0x0001e] in <51fded79cd284d4d911c5949aff4cb21>:0 
  at VBE.ModCompat.LoadRimThemesImages () [0x002ae] in <93e469b1367b46ccbec8b054e26aae25>:0 
  at VBE.VBEMod.Initialize () [0x00076] in <93e469b1367b46ccbec8b054e26aae25>:0 
  at Verse.LongEventHandler.ExecuteToExecuteWhenFinished () [0x0007c] in <61e4173561894da49d210260257b5097>:0 
[Biomes! Core v2.6.2.0] Initialized
<color=#FFA500FF>[Map Mode Framework]</color> Assembly for Geological Landforms loaded. Will load compatibility patches.
<color=#FFA500FF>[Map Mode Framework]</color> Assembly for ReGrowth 2 loaded. Will load compatibility patches.
<color=#FFA500FF>[Map Mode Framework]</color> Loading assemblies of patched mods done. Total assemblies loaded: 2
<color=#FFA500FF>[Map Mode Framework]</color> BiomesKitWorldLayer [ReGrowthCore] not found. Render patch not applied.
Quarry:: Total 21 quarryable terrain found, processed: Sandstone, Granite, Limestone, Slate, Marble, Solid ice, Smoothed solid ice, Vacstone, Rose quartz, Cragstone, Onyxglass, Mudstone, Hardened slime, Ancient metal, Smoothed ancient metal, Compressed vacstone, Condensed sand, Ice, Crystal, Basalt, Obsidian
1 QuarryableStoneDef's found
[Biomes! Caverns v1.6.3.0] Initialized
startIndex: 63
endIndex: 75
Start: newobj System.Void System.Text.StringBuilder::.ctor()
End:callvirt virtual System.String System.Object::ToString() [Label14]
Start: call static System.String System.String::Concat(System.String str0, System.String str1) [Label15]
End:ldloc.0 NULL
[Rim Control][TEMP CE detection] expected packageId='CETeam.CombatExtended', detected packageId='<none>', active=False.
RSW_Pawn_SandP_Call SubSound RSW_Pawn_SandP_Call_0 has no resolvedGrains.
RSW_Pawn_SandP_Death SubSound RSW_Pawn_SandP_Death_0 has no resolvedGrains.
RSW_Pawn_SandP_Wounded SubSound RSW_Pawn_SandP_Wounded_0 has no resolvedGrains.
Translation data for language English has 232 errors. Generate translation report for more info.
[LoadTracer] CallAll begin
[LoadTracer] CallAll: 1580 static ctors to run
[LoadTracer] ctor 1/1580: RuntimeAudioClipLoader.Manager [Assembly-CSharp]
[LoadTracer] ctor 2/1580: LudeonTK.DevGUI [Assembly-CSharp]
[LoadTracer] ctor 3/1580: LudeonTK.Dialog_DevCelestial [Assembly-CSharp]
[LoadTracer] ctor 4/1580: LudeonTK.Dialog_DevInfectionPathways [Assembly-CSharp]
[LoadTracer] ctor 5/1580: LudeonTK.Dialog_DevMusic [Assembly-CSharp]
[LoadTracer] ctor 6/1580: LudeonTK.Dialog_DevNoiseBase [Assembly-CSharp]
[LoadTracer] ctor 7/1580: LudeonTK.Dialog_DevPalette [Assembly-CSharp]
[LoadTracer] ctor 8/1580: LudeonTK.EditWindow_Log [Assembly-CSharp]
[LoadTracer] ctor 9/1580: Verse.BaseContent [Assembly-CSharp]
[LoadTracer] ctor 10/1580: Verse.ShaderDatabase [Assembly-CSharp]
[LoadTracer] ctor 11/1580: Verse.WorldComponent_GravshipController [Assembly-CSharp]
[LoadTracer] ctor 12/1580: Verse.TexGame [Assembly-CSharp]
[LoadTracer] ctor 13/1580: Verse.Dialog_CameraConfig [Assembly-CSharp]
[LoadTracer] ctor 14/1580: Verse.LifeStageAge [Assembly-CSharp]
[LoadTracer] ctor 15/1580: Verse.LogEntry [Assembly-CSharp]
[LoadTracer] ctor 16/1580: Verse.DebugMatsSpectrum [Assembly-CSharp]
[LoadTracer] ctor 17/1580: Verse.DebugMatsRandom [Assembly-CSharp]
[LoadTracer] ctor 18/1580: Verse.LavaFXComponent [Assembly-CSharp]
[LoadTracer] ctor 19/1580: Verse.VacuumComponent [Assembly-CSharp]
[LoadTracer] ctor 20/1580: Verse.FishShadowComponent [Assembly-CSharp]
[LoadTracer] ctor 21/1580: Verse.MapDrawLayer_ExteriorLightingOverlay [Assembly-CSharp]
[LoadTracer] ctor 22/1580: Verse.BuildingsDamageSectionLayerUtility [Assembly-CSharp]
[LoadTracer] ctor 23/1580: Verse.SectionLayer_DebugNoise [Assembly-CSharp]
[LoadTracer] ctor 24/1580: Verse.SectionLayer_Gas [Assembly-CSharp]
[LoadTracer] ctor 25/1580: Verse.SectionLayer_LightingOverlay [Assembly-CSharp]
[LoadTracer] ctor 26/1580: Verse.SectionLayer_PollutionCloud [Assembly-CSharp]
[LoadTracer] ctor 27/1580: Verse.SectionLayer_Sand [Assembly-CSharp]
[LoadTracer] ctor 28/1580: Verse.SectionLayer_Snow [Assembly-CSharp]
[LoadTracer] ctor 29/1580: Verse.MapEdgeClipDrawer [Assembly-CSharp]
[LoadTracer] ctor 30/1580: Verse.WeatherOverlayDualPanner [Assembly-CSharp]
[LoadTracer] ctor 31/1580: Verse.ModRequirement [Assembly-CSharp]
[LoadTracer] ctor 32/1580: Verse.GenMapUI [Assembly-CSharp]
[LoadTracer] ctor 33/1580: Verse.PawnHeadOverlays [Assembly-CSharp]
[LoadTracer] ctor 34/1580: Verse.BaseAnimationWorker [Assembly-CSharp]
[LoadTracer] ctor 35/1580: Verse.PawnRenderNodeProperties [Assembly-CSharp]
[LoadTracer] ctor 36/1580: Verse.HediffComp_Chargeable [Assembly-CSharp]
[LoadTracer] ctor 37/1580: Verse.HediffComp_Lactating [Assembly-CSharp]
[LoadTracer] ctor 38/1580: Verse.HediffComp_TendDuration [Assembly-CSharp]
[LoadTracer] ctor 39/1580: Verse.HediffComp_Immunizable [Assembly-CSharp]
[LoadTracer] ctor 40/1580: Verse.PawnDestinationReservationManager [Assembly-CSharp]
[LoadTracer] ctor 41/1580: Verse.Pawn_InventoryTracker [Assembly-CSharp]
[LoadTracer] ctor 42/1580: Verse.MeshPool [Assembly-CSharp]
[LoadTracer] ctor 43/1580: Verse.GraphicMote_RandomWithAgeSecs [Assembly-CSharp]
[LoadTracer] ctor 44/1580: Verse.Graphic_Fleck [Assembly-CSharp]
[LoadTracer] ctor 45/1580: Verse.Graphic_Mote [Assembly-CSharp]
[LoadTracer] ctor 46/1580: Verse.Graphic_MoteRandom [Assembly-CSharp]
[LoadTracer] ctor 47/1580: Verse.Projectile [Assembly-CSharp]
[LoadTracer] ctor 48/1580: Verse.DesignationDragger [Assembly-CSharp]
[LoadTracer] ctor 49/1580: Verse.DesignatorUtility [Assembly-CSharp]
[LoadTracer] ctor 50/1580: Verse.FloatMenuOption [Assembly-CSharp]
[LoadTracer] ctor 51/1580: Verse.Command [Assembly-CSharp]
[LoadTracer] ctor 52/1580: Verse.Command_ActionWithCooldown [Assembly-CSharp]
[LoadTracer] ctor 53/1580: Verse.Command_ColorIcon [Assembly-CSharp]
[LoadTracer] ctor 54/1580: Verse.Command_SetBedOwnerType [Assembly-CSharp]
[LoadTracer] ctor 55/1580: Verse.Command_SetPlantToGrow [Assembly-CSharp]
[LoadTracer] ctor 56/1580: Verse.Gizmo_Slider [Assembly-CSharp]
[LoadTracer] ctor 57/1580: Verse.Listing_Standard [Assembly-CSharp]
[LoadTracer] ctor 58/1580: Verse.Messages [Assembly-CSharp]
[LoadTracer] ctor 59/1580: Verse.ActiveTip [Assembly-CSharp]
[LoadTracer] ctor 60/1580: Verse.UIHighlighter [Assembly-CSharp]
[LoadTracer] ctor 61/1580: Verse.GenUI [Assembly-CSharp]
[LoadTracer] ctor 62/1580: Verse.TabRecord [Assembly-CSharp]
[LoadTracer] ctor 63/1580: Verse.TexButton [Assembly-CSharp]
[LoadTracer] ctor 64/1580: Verse.TexUI [Assembly-CSharp]
[LoadTracer] ctor 65/1580: Verse.Widgets [Assembly-CSharp]
[LoadTracer] ctor 66/1580: Verse.ContentSourceUtility [Assembly-CSharp]
[LoadTracer] ctor 67/1580: Verse.SimpleCurveDrawer [Assembly-CSharp]
[LoadTracer] ctor 68/1580: Verse.GenDraw [Assembly-CSharp]
[LoadTracer] ctor 69/1580: Verse.GenderUtility [Assembly-CSharp]
[LoadTracer] ctor 70/1580: Verse.MatBases [Assembly-CSharp]
[LoadTracer] ctor 71/1580: Verse.ShaderPropertyIDs [Assembly-CSharp]
[LoadTracer] ctor 72/1580: Verse.CustomCursor [Assembly-CSharp]
[LoadTracer] ctor 73/1580: Verse.ScreenFader [Assembly-CSharp]
[LoadTracer] ctor 74/1580: Verse.AI.ReservationManager [Assembly-CSharp]
[LoadTracer] ctor 75/1580: Verse.AI.Group.Lord [Assembly-CSharp]
[LoadTracer] ctor 76/1580: RimWorld.JobDriver_AcceptRole [Assembly-CSharp]
[LoadTracer] ctor 77/1580: RimWorld.JobDriver_GiveSpeech [Assembly-CSharp]
[LoadTracer] ctor 78/1580: RimWorld.ShipJob_Wait [Assembly-CSharp]
[LoadTracer] ctor 79/1580: RimWorld.BookOutcomeDoer_GiveQuest [Assembly-CSharp]
[LoadTracer] ctor 80/1580: RimWorld.CompNeuralSupercharger [Assembly-CSharp]
[LoadTracer] ctor 81/1580: RimWorld.Command_SetNeuralSuperchargerAutoUse [Assembly-CSharp]
[LoadTracer] ctor 82/1580: RimWorld.PawnColumnWorker [Assembly-CSharp]
[LoadTracer] ctor 83/1580: RimWorld.GuardianShipGizmo [Assembly-CSharp]
[LoadTracer] ctor 84/1580: RimWorld.QuestPart_FactionGoodwillChange [Assembly-CSharp]
[LoadTracer] ctor 85/1580: RimWorld.GameCondition_BioluminescentSpores+GlowSporeOverlay [Assembly-CSharp]
[LoadTracer] ctor 86/1580: RimWorld.GameCondition_VolcanicAsh+VolcanicAshOverlay [Assembly-CSharp]
[LoadTracer] ctor 87/1580: RimWorld.SectionLayer_BridgeProps [Assembly-CSharp]
[LoadTracer] ctor 88/1580: RimWorld.MapGizmoUtility [Assembly-CSharp]
[LoadTracer] ctor 89/1580: RimWorld.CompPowerPlantSolar [Assembly-CSharp]
[LoadTracer] ctor 90/1580: RimWorld.CompPowerPlantWater [Assembly-CSharp]
[LoadTracer] ctor 91/1580: RimWorld.CompPowerPlantWind [Assembly-CSharp]
[LoadTracer] ctor 92/1580: RimWorld.PowerOverlayMats [Assembly-CSharp]
[LoadTracer] ctor 93/1580: RimWorld.PowerNetGraphics [Assembly-CSharp]
[LoadTracer] ctor 94/1580: RimWorld.WeatherEvent_LightningStrike [Assembly-CSharp]
[LoadTracer] ctor 95/1580: RimWorld.WeatherEvent_LightningStrikeDelayed [Assembly-CSharp]
[LoadTracer] ctor 96/1580: RimWorld.WeatherOverlay_BloodRain [Assembly-CSharp]
[LoadTracer] ctor 97/1580: RimWorld.WeatherOverlay_BloodFog [Assembly-CSharp]
[LoadTracer] ctor 98/1580: RimWorld.WeatherOverlay_DeepBloodFog [Assembly-CSharp]
[LoadTracer] ctor 99/1580: RimWorld.WeatherOverlay_DeathpallFog [Assembly-CSharp]
[LoadTracer] ctor 100/1580: RimWorld.WeatherOverlay_DeathpallAshes [Assembly-CSharp]
[LoadTracer] ctor 101/1580: RimWorld.WeatherOverlay_Fog [Assembly-CSharp]
[LoadTracer] ctor 102/1580: RimWorld.WeatherOverlay_FogBlind [Assembly-CSharp]
[LoadTracer] ctor 103/1580: RimWorld.WeatherOverlay_GrayPallFog [Assembly-CSharp]
[LoadTracer] ctor 104/1580: RimWorld.WeatherOverlay_GrayPallAsh [Assembly-CSharp]
[LoadTracer] ctor 105/1580: RimWorld.WeatherOverlay_NoxiousHaze [Assembly-CSharp]
[LoadTracer] ctor 106/1580: RimWorld.WeatherOverlay_Rain [Assembly-CSharp]
[LoadTracer] ctor 107/1580: RimWorld.WeatherOverlay_SandHard [Assembly-CSharp]
[LoadTracer] ctor 108/1580: RimWorld.WeatherOverlay_SnowBlizzard [Assembly-CSharp]
[LoadTracer] ctor 109/1580: RimWorld.WeatherOverlay_SnowHard [Assembly-CSharp]
[LoadTracer] ctor 110/1580: RimWorld.WeatherOverlay_SnowGentle [Assembly-CSharp]
[LoadTracer] ctor 111/1580: RimWorld.WeatherOverlay_Fallout [Assembly-CSharp]
[LoadTracer] ctor 112/1580: RimWorld.WeatherOverlay_UnnaturalDarkness [Assembly-CSharp]
[LoadTracer] ctor 113/1580: RimWorld.WeatherOverlay_HateChant [Assembly-CSharp]
[LoadTracer] ctor 114/1580: RimWorld.WeatherOverlay_TorrentialRain [Assembly-CSharp]
[LoadTracer] ctor 115/1580: RimWorld.WeatherOverlay_ToxRain [Assembly-CSharp]
[LoadTracer] ctor 116/1580: RimWorld.Command_Ability [Assembly-CSharp]
[LoadTracer] ctor 117/1580: RimWorld.Gizmo_MechResurrectionCharges [Assembly-CSharp]
[LoadTracer] ctor 118/1580: RimWorld.PawnOverlayDrawer [Assembly-CSharp]
[LoadTracer] ctor 119/1580: RimWorld.PawnNameDatabaseShuffled [Assembly-CSharp]
[LoadTracer] ctor 120/1580: RimWorld.RoyalTitlePermitWorker_CallShuttle [Assembly-CSharp]
[LoadTracer] ctor 121/1580: RimWorld.RoyalTitlePermitWorker_DropResources [Assembly-CSharp]
[LoadTracer] ctor 122/1580: RimWorld.GuestUtility [Assembly-CSharp]
[LoadTracer] ctor 123/1580: RimWorld.MechanitorBandwidthGizmo [Assembly-CSharp]
[LoadTracer] ctor 124/1580: RimWorld.Need [Assembly-CSharp]
[LoadTracer] ctor 125/1580: RimWorld.PsychicEntropyGizmo [Assembly-CSharp]
[LoadTracer] ctor 126/1580: RimWorld.Pawn_RopeTracker [Assembly-CSharp]
[LoadTracer] ctor 127/1580: RimWorld.Pawn_RoyaltyTracker [Assembly-CSharp]
[LoadTracer] ctor 128/1580: RimWorld.Pawn_TrainingTracker [Assembly-CSharp]
[LoadTracer] ctor 129/1580: RimWorld.HostilityResponseModeUtility [Assembly-CSharp]
[LoadTracer] ctor 130/1580: RimWorld.MedicalCareUtility [Assembly-CSharp]
[LoadTracer] ctor 131/1580: RimWorld.Thought [Assembly-CSharp]
[LoadTracer] ctor 132/1580: RimWorld.GravshipCapturer [Assembly-CSharp]
[LoadTracer] ctor 133/1580: RimWorld.GravshipRenderer [Assembly-CSharp]
[LoadTracer] ctor 134/1580: RimWorld.IdeoImpactUtility [Assembly-CSharp]
[LoadTracer] ctor 135/1580: RimWorld.IdeoUIUtility [Assembly-CSharp]
[LoadTracer] ctor 136/1580: RimWorld.Precept_Ritual [Assembly-CSharp]
[LoadTracer] ctor 137/1580: RimWorld.Command_Ritual [Assembly-CSharp]
[LoadTracer] ctor 138/1580: RimWorld.Frame [Assembly-CSharp]
[LoadTracer] ctor 139/1580: RimWorld.MapPortal [Assembly-CSharp]
[LoadTracer] ctor 140/1580: RimWorld.OverlayDrawer [Assembly-CSharp]
[LoadTracer] ctor 141/1580: RimWorld.Building_PowerSwitch [Assembly-CSharp]
[LoadTracer] ctor 142/1580: RimWorld.Building_TurretGun [Assembly-CSharp]
[LoadTracer] ctor 143/1580: RimWorld.Building_OutfitStand [Assembly-CSharp]
[LoadTracer] ctor 144/1580: RimWorld.Building_Storage [Assembly-CSharp]
[LoadTracer] ctor 145/1580: RimWorld.StorageGroupUtility [Assembly-CSharp]
[LoadTracer] ctor 146/1580: RimWorld.Building_Battery [Assembly-CSharp]
[LoadTracer] ctor 147/1580: RimWorld.Building_Electroharvester [Assembly-CSharp]
[LoadTracer] ctor 148/1580: RimWorld.Building_FermentingBarrel [Assembly-CSharp]
[LoadTracer] ctor 149/1580: RimWorld.Building_GeneAssembler [Assembly-CSharp]
[LoadTracer] ctor 150/1580: RimWorld.Building_GeneExtractor [Assembly-CSharp]
[LoadTracer] ctor 151/1580: RimWorld.Building_GravEngine [Assembly-CSharp]
[LoadTracer] ctor 152/1580: RimWorld.Building_GrowthVat [Assembly-CSharp]
[LoadTracer] ctor 153/1580: RimWorld.Building_HoldingPlatform [Assembly-CSharp]
[LoadTracer] ctor 154/1580: RimWorld.Building_MechCharger [Assembly-CSharp]
[LoadTracer] ctor 155/1580: RimWorld.Building_PodLauncher [Assembly-CSharp]
[LoadTracer] ctor 156/1580: RimWorld.Building_SubcoreScanner [Assembly-CSharp]
[LoadTracer] ctor 157/1580: RimWorld.Building_MechGestator [Assembly-CSharp]
[LoadTracer] ctor 158/1580: RimWorld.Building_WorkTableAutonomous [Assembly-CSharp]
[LoadTracer] ctor 159/1580: RimWorld.Bombardment [Assembly-CSharp]
[LoadTracer] ctor 160/1580: RimWorld.GroundSpawner [Assembly-CSharp]
[LoadTracer] ctor 161/1580: RimWorld.MonumentMarker [Assembly-CSharp]
[LoadTracer] ctor 162/1580: RimWorld.Tornado [Assembly-CSharp]
[LoadTracer] ctor 163/1580: RimWorld.TunnelHiveSpawner [Assembly-CSharp]
[LoadTracer] ctor 164/1580: RimWorld.HumanEmbryo [Assembly-CSharp]
[LoadTracer] ctor 165/1580: RimWorld.HumanOvum [Assembly-CSharp]
[LoadTracer] ctor 166/1580: RimWorld.Xenogerm [Assembly-CSharp]
[LoadTracer] ctor 167/1580: RimWorld.AncientHatch [Assembly-CSharp]
[LoadTracer] ctor 168/1580: RimWorld.PitGate [Assembly-CSharp]
[LoadTracer] ctor 169/1580: RimWorld.MoteBubble [Assembly-CSharp]
[LoadTracer] ctor 170/1580: RimWorld.MoteProgressBar [Assembly-CSharp]
[LoadTracer] ctor 171/1580: RimWorld.Plant [Assembly-CSharp]
[LoadTracer] ctor 172/1580: RimWorld.Gizmo_EnergyShieldStatus [Assembly-CSharp]
[LoadTracer] ctor 173/1580: RimWorld.DropPodIncoming [Assembly-CSharp]
[LoadTracer] ctor 174/1580: RimWorld.Skyfaller [Assembly-CSharp]
[LoadTracer] ctor 175/1580: RimWorld.ActivityGizmo [Assembly-CSharp]
[LoadTracer] ctor 176/1580: RimWorld.CompAffectedByFacilities [Assembly-CSharp]
[LoadTracer] ctor 177/1580: RimWorld.CompBandNode [Assembly-CSharp]
[LoadTracer] ctor 178/1580: RimWorld.CompBiosculpterPod [Assembly-CSharp]
[LoadTracer] ctor 179/1580: RimWorld.CompDarklightOverlay [Assembly-CSharp]
[LoadTracer] ctor 180/1580: RimWorld.CompFireOverlay [Assembly-CSharp]
[LoadTracer] ctor 181/1580: RimWorld.CompRitualFireOverlay [Assembly-CSharp]
[LoadTracer] ctor 182/1580: RimWorld.CompHackable [Assembly-CSharp]
[LoadTracer] ctor 183/1580: RimWorld.CompHoldingPlatformTarget [Assembly-CSharp]
[LoadTracer] ctor 184/1580: RimWorld.CompLaunchable [Assembly-CSharp]
[LoadTracer] ctor 185/1580: RimWorld.MechCarrierGizmo [Assembly-CSharp]
[LoadTracer] ctor 186/1580: RimWorld.MechPowerCellGizmo [Assembly-CSharp]
[LoadTracer] ctor 187/1580: RimWorld.CompOrbitalBeam [Assembly-CSharp]
[LoadTracer] ctor 188/1580: RimWorld.CompPlantable [Assembly-CSharp]
[LoadTracer] ctor 189/1580: RimWorld.CompPlantPreventCutting [Assembly-CSharp]
[LoadTracer] ctor 190/1580: RimWorld.CompProjectileInterceptor [Assembly-CSharp]
[LoadTracer] ctor 191/1580: RimWorld.Gizmo_ProjectileInterceptorHitPoints [Assembly-CSharp]
[LoadTracer] ctor 192/1580: RimWorld.CompRadialPulse [Assembly-CSharp]
[LoadTracer] ctor 193/1580: RimWorld.CompRefuelable [Assembly-CSharp]
[LoadTracer] ctor 194/1580: RimWorld.Command_SetTargetFuelLevel [Assembly-CSharp]
[LoadTracer] ctor 195/1580: RimWorld.CompSanguophageMeetingFire [Assembly-CSharp]
[LoadTracer] ctor 196/1580: RimWorld.CompSendSignalOnMotion [Assembly-CSharp]
[LoadTracer] ctor 197/1580: RimWorld.CompShield [Assembly-CSharp]
[LoadTracer] ctor 198/1580: RimWorld.CompShuttle [Assembly-CSharp]
[LoadTracer] ctor 199/1580: RimWorld.CompTargetingBeam [Assembly-CSharp]
[LoadTracer] ctor 200/1580: RimWorld.CompToggleDrawAffectedMeditationFoci [Assembly-CSharp]
[LoadTracer] ctor 201/1580: RimWorld.CompTransporter [Assembly-CSharp]
[LoadTracer] ctor 202/1580: RimWorld.Command_LoadToTransporter [Assembly-CSharp]
[LoadTracer] ctor 203/1580: RimWorld.CompTreeConnection [Assembly-CSharp]
[LoadTracer] ctor 204/1580: RimWorld.Gizmo_PruningConfig [Assembly-CSharp]
[LoadTracer] ctor 205/1580: RimWorld.CompPilotConsole [Assembly-CSharp]
[LoadTracer] ctor 206/1580: RimWorld.Alert [Assembly-CSharp]
[LoadTracer] ctor 207/1580: RimWorld.ColonistBar [Assembly-CSharp]
[LoadTracer] ctor 208/1580: RimWorld.ColonistBarColonistDrawer [Assembly-CSharp]
[LoadTracer] ctor 209/1580: RimWorld.PortraitsCache [Assembly-CSharp]
[LoadTracer] ctor 210/1580: RimWorld.Designator_Dropdown [Assembly-CSharp]
[LoadTracer] ctor 211/1580: RimWorld.Designator_Eyedropper [Assembly-CSharp]
[LoadTracer] ctor 212/1580: RimWorld.Designator_PaintBuilding [Assembly-CSharp]
[LoadTracer] ctor 213/1580: RimWorld.Designator_PaintFloor [Assembly-CSharp]
[LoadTracer] ctor 214/1580: RimWorld.Command_Hide [Assembly-CSharp]
[LoadTracer] ctor 215/1580: RimWorld.Command_Hide_Plans [Assembly-CSharp]
[LoadTracer] ctor 216/1580: RimWorld.Command_Hide_ZoneFishing [Assembly-CSharp]
[LoadTracer] ctor 217/1580: RimWorld.Command_Hide_ZoneGrow [Assembly-CSharp]
[LoadTracer] ctor 218/1580: RimWorld.Command_Hide_ZoneStockpile [Assembly-CSharp]
[LoadTracer] ctor 219/1580: RimWorld.Designator_PlantsCut [Assembly-CSharp]
[LoadTracer] ctor 220/1580: RimWorld.Dialog_BeginLordJob [Assembly-CSharp]
[LoadTracer] ctor 221/1580: RimWorld.Dialog_BeginRitual [Assembly-CSharp]
[LoadTracer] ctor 222/1580: RimWorld.Dialog_EditIdeoStyleItems [Assembly-CSharp]
[LoadTracer] ctor 223/1580: RimWorld.Dialog_MapSearch [Assembly-CSharp]
[LoadTracer] ctor 224/1580: RimWorld.Dialog_Options [Assembly-CSharp]
[LoadTracer] ctor 225/1580: RimWorld.Dialog_StylingStation [Assembly-CSharp]
[LoadTracer] ctor 226/1580: RimWorld.GeneCreationDialogBase [Assembly-CSharp]
[LoadTracer] ctor 227/1580: RimWorld.Dialog_ManageDrugPolicies [Assembly-CSharp]
[LoadTracer] ctor 228/1580: RimWorld.CharacterCardUtility [Assembly-CSharp]
[LoadTracer] ctor 229/1580: RimWorld.HealthCardUtility [Assembly-CSharp]
[LoadTracer] ctor 230/1580: RimWorld.PermitsCardUtility [Assembly-CSharp]
[LoadTracer] ctor 231/1580: RimWorld.SocialCardUtility [Assembly-CSharp]
[LoadTracer] ctor 232/1580: RimWorld.TrainingCardUtility [Assembly-CSharp]
[LoadTracer] ctor 233/1580: RimWorld.TransferableOneWayWidget [Assembly-CSharp]
[LoadTracer] ctor 234/1580: RimWorld.TransferableUIUtility [Assembly-CSharp]
[LoadTracer] ctor 235/1580: RimWorld.MainMenuDrawer [Assembly-CSharp]
[LoadTracer] ctor 236/1580: RimWorld.Page_ChooseIdeoPreset [Assembly-CSharp]
[LoadTracer] ctor 237/1580: RimWorld.Page_ModsConfig [Assembly-CSharp]
[LoadTracer] ctor 238/1580: RimWorld.Page_SelectScenario [Assembly-CSharp]
[LoadTracer] ctor 239/1580: RimWorld.StorytellerUI [Assembly-CSharp]
[LoadTracer] ctor 240/1580: RimWorld.UI_BackgroundMain [Assembly-CSharp]
[LoadTracer] ctor 241/1580: RimWorld.LearningReadout [Assembly-CSharp]
[LoadTracer] ctor 242/1580: RimWorld.InspectPaneFiller [Assembly-CSharp]
[LoadTracer] ctor 243/1580: RimWorld.InspectPaneUtility [Assembly-CSharp]
[LoadTracer] ctor 244/1580: RimWorld.ITab_Pawn_Visitor [Assembly-CSharp]
[LoadTracer] ctor 245/1580: RimWorld.MultiPawnGotoController [Assembly-CSharp]
[LoadTracer] ctor 246/1580: RimWorld.SelectionDrawer [Assembly-CSharp]
[LoadTracer] ctor 247/1580: RimWorld.SelectionDrawerUtility [Assembly-CSharp]
[LoadTracer] ctor 248/1580: RimWorld.MainTabWindow_History [Assembly-CSharp]
[LoadTracer] ctor 249/1580: RimWorld.MainTabWindow_Inspect [Assembly-CSharp]
[LoadTracer] ctor 250/1580: RimWorld.MainTabWindow_Quests [Assembly-CSharp]
[LoadTracer] ctor 251/1580: RimWorld.MainTabWindow_Research [Assembly-CSharp]
[LoadTracer] ctor 252/1580: RimWorld.PawnColumnWorker_Bond [Assembly-CSharp]
[LoadTracer] ctor 253/1580: RimWorld.PawnColumnWorker_Info [Assembly-CSharp]
[LoadTracer] ctor 254/1580: RimWorld.PawnColumnWorker_MentalState [Assembly-CSharp]
[LoadTracer] ctor 255/1580: RimWorld.PawnColumnWorker_Predator [Assembly-CSharp]
[LoadTracer] ctor 256/1580: RimWorld.PawnColumnWorker_Pregnant [Assembly-CSharp]
[LoadTracer] ctor 257/1580: RimWorld.PawnColumnWorker_Energy [Assembly-CSharp]
[LoadTracer] ctor 258/1580: RimWorld.Listing_ResourceReadout [Assembly-CSharp]
[LoadTracer] ctor 259/1580: RimWorld.PawnPsychicRitualRoleSelectionWidget [Assembly-CSharp]
[LoadTracer] ctor 260/1580: RimWorld.PawnRitualRoleSelectionWidget [Assembly-CSharp]
[LoadTracer] ctor 261/1580: RimWorld.PawnRoleSelectionWidgetBase`1 [Assembly-CSharp]
[LoadTracer] ctor 262/1580: RimWorld.PawnPortraitIconsDrawer [Assembly-CSharp]
[LoadTracer] ctor 263/1580: RimWorld.SkillUI [Assembly-CSharp]
[LoadTracer] ctor 264/1580: RimWorld.TexCommand [Assembly-CSharp]
[LoadTracer] ctor 265/1580: RimWorld.Dialog_Trade [Assembly-CSharp]
[LoadTracer] ctor 266/1580: RimWorld.TradeUI [Assembly-CSharp]
[LoadTracer] ctor 267/1580: RimWorld.WidgetsWork [Assembly-CSharp]
[LoadTracer] ctor 268/1580: RimWorld.TilePicker [Assembly-CSharp]
[LoadTracer] ctor 269/1580: RimWorld.WorldTargeter [Assembly-CSharp]
[LoadTracer] ctor 270/1580: RimWorld.Reward_ArchonexusMap [Assembly-CSharp]
[LoadTracer] ctor 271/1580: RimWorld.Reward_BestowingCeremony [Assembly-CSharp]
[LoadTracer] ctor 272/1580: RimWorld.Reward_CampLoot [Assembly-CSharp]
[LoadTracer] ctor 273/1580: RimWorld.Reward_PassageOffworld [Assembly-CSharp]
[LoadTracer] ctor 274/1580: RimWorld.Reward_PossibleFutureReward [Assembly-CSharp]
[LoadTracer] ctor 275/1580: RimWorld.Reward_ShuttleLoot [Assembly-CSharp]
[LoadTracer] ctor 276/1580: RimWorld.Reward_Unknown [Assembly-CSharp]
[LoadTracer] ctor 277/1580: RimWorld.Reward_VisitorsHelp [Assembly-CSharp]
[LoadTracer] ctor 278/1580: RimWorld.PlaceWorker_FuelingPort [Assembly-CSharp]
[LoadTracer] ctor 279/1580: RimWorld.PlaceWorker_SpectatorPreview [Assembly-CSharp]
[LoadTracer] ctor 280/1580: RimWorld.PlaceWorker_RitualFocus [Assembly-CSharp]
[LoadTracer] ctor 281/1580: RimWorld.PlaceWorker_RitualFocusNoArrow [Assembly-CSharp]
[LoadTracer] ctor 282/1580: RimWorld.GeneGizmo_ResourceHemogen [Assembly-CSharp]
[LoadTracer] ctor 283/1580: RimWorld.Gizmo_GrowthTier [Assembly-CSharp]
[LoadTracer] ctor 284/1580: RimWorld.GeneUtility [Assembly-CSharp]
[LoadTracer] ctor 285/1580: RimWorld.QuestGen.Reward_ReimplantXenogerm [Assembly-CSharp]
[LoadTracer] ctor 286/1580: RimWorld.Planet.FactionGiftUtility [Assembly-CSharp]
[LoadTracer] ctor 287/1580: RimWorld.Planet.WorldFeatureTextMesh_TextMeshPro [Assembly-CSharp]
[LoadTracer] ctor 288/1580: RimWorld.Planet.WorldCameraManager [Assembly-CSharp]
[LoadTracer] ctor 289/1580: RimWorld.Planet.WorldDebugMatsSpectrum [Assembly-CSharp]
[LoadTracer] ctor 290/1580: RimWorld.Planet.ExpandableWorldObjectsUtility [Assembly-CSharp]
[LoadTracer] ctor 291/1580: RimWorld.Planet.WorldMaterials [Assembly-CSharp]
[LoadTracer] ctor 292/1580: RimWorld.Planet.ExpandableLandmarksUtility [Assembly-CSharp]
[LoadTracer] ctor 293/1580: RimWorld.Planet.Caravan [Assembly-CSharp]
[LoadTracer] ctor 294/1580: RimWorld.Planet.CaravanFormingUtility [Assembly-CSharp]
[LoadTracer] ctor 295/1580: RimWorld.Planet.CaravanMergeUtility [Assembly-CSharp]
[LoadTracer] ctor 296/1580: RimWorld.Planet.CaravanVisitUtility [Assembly-CSharp]
[LoadTracer] ctor 297/1580: RimWorld.Planet.Caravan_GotoMoteRenderer [Assembly-CSharp]
[LoadTracer] ctor 298/1580: RimWorld.Planet.SettleUtility [Assembly-CSharp]
[LoadTracer] ctor 299/1580: RimWorld.Planet.WorldGizmoUtility [Assembly-CSharp]
[LoadTracer] ctor 300/1580: RimWorld.Planet.MapParent [Assembly-CSharp]
[LoadTracer] ctor 301/1580: RimWorld.Planet.Settlement [Assembly-CSharp]
[LoadTracer] ctor 302/1580: RimWorld.Planet.SettlementAbandonUtility [Assembly-CSharp]
[LoadTracer] ctor 303/1580: RimWorld.Planet.Site [Assembly-CSharp]
[LoadTracer] ctor 304/1580: RimWorld.Planet.WorldObject [Assembly-CSharp]
[LoadTracer] ctor 305/1580: RimWorld.Planet.EscapeShipComp [Assembly-CSharp]
[LoadTracer] ctor 306/1580: RimWorld.Planet.FormCaravanComp [Assembly-CSharp]
[LoadTracer] ctor 307/1580: RimWorld.Planet.TradeRequestComp [Assembly-CSharp]
[LoadTracer] ctor 308/1580: RimWorld.Planet.CompassWidget [Assembly-CSharp]
[LoadTracer] ctor 309/1580: RimWorld.Planet.CaravanThingsTabUtility [Assembly-CSharp]
[LoadTracer] ctor 310/1580: RimWorld.Planet.WITab_Caravan_Health [Assembly-CSharp]
[LoadTracer] ctor 311/1580: RimWorld.Planet.WorldRoutePlanner [Assembly-CSharp]
[LoadTracer] ctor 312/1580: HarmonyMod.Main [HarmonyMod]
[LoadTracer] ctor 313/1580: CombatAI.AssetBundleDatabase [CombatAI]
ISMA: Loaded bundle assets/fogshader.shader
[LoadTracer] ctor 314/1580: CombatAI.CombatAI_MeshMaker [CombatAI]
[LoadTracer] ctor 315/1580: CombatAI.CoverPositionFinder [CombatAI]
[LoadTracer] ctor 316/1580: CombatAI.ITSignalGrid [CombatAI]
[LoadTracer] ctor 317/1580: CombatAI.MapComponent_FogGrid [CombatAI]
Shader 'Custom/FogShader': fallback shader 'Custom/ShaderRGB' not found
[LoadTracer] ctor 318/1580: CombatAI.R.Tex [CombatAI]
[LoadTracer] ctor 319/1580: CombatAI.Gui.HyperTextDef [CombatAI]
[LoadTracer] ctor 320/1580: RimWorldRealFoW.Building_CameraConsole [rimworld-mod-real-fow]
[LoadTracer] ctor 321/1580: RimWorldRealFoW.Building_SurveillanceCamera [rimworld-mod-real-fow]
[LoadTracer] ctor 322/1580: RimWorldRealFoW.RealFoWModStarter [rimworld-mod-real-fow]
[LoadTracer] ctor 323/1580: Mlie.Main [VersionFromManifest]
[LoadTracer] ctor 324/1580: CherryPicker.CherryPickerUtility [CherryPicker]
[Cherry Picker] The database was processed in 00.56733 seconds and the following defs were removed: 
 - IncidentDef/ShamblerAssault, 
 - IncidentDef/ShamblerSwarm, 
 - IncidentDef/SmallShamblerSwarm, 
 - IncidentDef/ShamblerSwarmAnimals, 
 - RecipeDef/GhoulInfusion, 
 - IncidentDef/GhoulAttack, 
 - IncidentDef/CreepJoinerJoin_Metalhorror, 
 - ThingDef/GoldenCube, 
 - ThingDef/WarpedObelisk_Duplicator, 
 - IncidentDef/WarpedObelisk_Duplicator, 
 - ThingDef/WarpedObelisk_Abductor, 
 - IncidentDef/WarpedObelisk_Abductor, 
 - ThingDef/RevenantSpine, 
 - ThingDef/VoidNode, 
 - ThingDef/GravForge, 
 - RecipeDef/Make_GravcoreGF, 
 - ThingDef/AdvShip_GravReactor, 
 - GeneDef/AG_MeatBurst, 
 - GeneDef/Turn_Gene_FleshbeastBurster, 
 - ThingDef/AM_ADAR, 
 - ThingDef/AM_AK101A, 
 - ThingDef/AM_AK68A, 
 - ThingDef/AM_APS, 
 - ThingDef/AM_ASVAL, 
 - ThingDef/AM_AVT, 
 - ThingDef/AM_CPHG, 
 - ThingDef/AM_DTMDR, 
 - ThingDef/AM_FNHG, 
 - ThingDef/AM_Hunter, 
 - ThingDef/AM_M42U, 
 - ThingDef/AM_M4A, 
 - ThingDef/AM_M4ASOP, 
 - ThingDef/AM_M4C, 
 - ThingDef/AM_M5A3LT, 
 - ThingDef/AM_M700A, 
 - ThingDef/AM_MCX, 
 - ThingDef/AM_MCXC, 
 - ThingDef/AM_MK17A, 
 - ThingDef/AM_MK18M, 
 - ThingDef/AM_MK68A, 
 - ThingDef/AM_MPX, 
 - ThingDef/AM_MPXL, 
 - ThingDef/AM_Makarov, 
 - ThingDef/AM_PKM, 
 - ThingDef/AM_PKP, 
 - ThingDef/AM_R11A, 
 - ThingDef/AM_RM68A, 
 - ThingDef/AM_SR25A, 
 - ThingDef/AM_STM, 
 - ThingDef/AM_STMC, 
 - ThingDef/AM_Spear68A, 
 - ThingDef/AM_Spear68C, 
 - ThingDef/AM_TKB68A, 
 - ThingDef/AM_VSS, 
 - ThingDef/Gun_AssaultRifle, 
 - ThingDef/Gun_Autopistol, 
 - ThingDef/Gun_BoltActionRifle, 
 - ThingDef/Gun_ChainShotgun, 
 - ThingDef/Gun_HeavySMG, 
 - ThingDef/Gun_LMG, 
 - ThingDef/Gun_MachinePistol, 
 - ThingDef/Gun_Minigun, 
 - ThingDef/Gun_PumpShotgun, 
 - ThingDef/Gun_Revolver, 
 - ThingDef/Gun_SniperRifle, 
 - ThingDef/VWE_CombatHandgun, 
 - ThingDef/VWE_Gun_AntiMaterialRifle, 
 - ThingDef/VWE_Gun_AntiMaterialRifle_Unique, 
 - ThingDef/VWE_Gun_BattleRifle, 
 - ThingDef/VWE_Gun_BattleRifle_Unique, 
 - ThingDef/VWE_Gun_Carbine, 
 - ThingDef/VWE_Gun_Carbine_Unique, 
 - ThingDef/VWE_Gun_CombatHandgun_Unique, 
 - ThingDef/VWE_Gun_HMG, 
 - ThingDef/VWE_Gun_HMG_Unique, 
 - ThingDef/VWE_Gun_HandCannon, 
 - ThingDef/VWE_Gun_HandCannon_Unique, 
 - ThingDef/VWE_Gun_LeverActionRifle, 
 - ThingDef/VWE_Gun_LeverActionRifle_Unique, 
 - ThingDef/VWE_Gun_LightSMG, 
 - ThingDef/VWE_Gun_LightSMG_Unique, 
 - ThingDef/VWE_Gun_MarksmanRifle, 
 - ThingDef/VWE_Gun_MarksmanRifle_Unique, 
 - ThingDef/VWE_Gun_SMG, 
 - ThingDef/VWE_Gun_SMG_Unique, 
 - ThingDef/VWE_Gun_SawedOffShotgun_Unique, 
 - ThingDef/VWE_Gun_SemiAutomaticRifle, 
 - ThingDef/VWE_Gun_SemiAutomaticRifle_Unique, 
 - ThingDef/VWE_Gun_ServiceRifle, 
 - ThingDef/VWE_Gun_ServiceRifle_Unique, 
 - ThingDef/VWE_Gun_TrenchGun_Unique, 
 - ThingDef/VWE_SawedOffShotgun, 
 - ThingDef/VWE_TrenchGun, 
 - PawnKindDef/Mechanitor, 
 - PawnKindDef/Mechanitor_Basic, 
 - ThingDef/Mechlink, 
 - ThingDef/ControlSublink, 
 - ThingDef/ControlSublinkHigh, 
 - ThingDef/RemoteRepairer, 
 - ThingDef/RemoteShielder, 
 - ThingDef/BandNode, 
 - ThingDef/BurnoutMechlinkBooster, 
 - ThingDef/MechBooster, 
 - ThingDef/MechGestator, 
 - ThingDef/LargeMechGestator, 
 - ThingDef/BasicRecharger, 
 - ThingDef/StandardRecharger, 
 - HediffDef/MechlinkImplant, 
 - HediffDef/BandNode, 
 - HediffDef/ControlSublinkImplant, 
 - ThingDef/AM_InfernusMechlinkBooster, 
 - ThingDef/AM_WarEmpressMechlinkBooster, 
 - ThingDef/AM_ApoptosisMechlinkBooster, 
 - ThingDef/AM_BeamcasterBandNode, 
 - ThingDef/AM_GreaterBandNode, 
 - ThingDef/AM_GreaterMechBooster, 
 - ThingDef/AM_GreaterRecharger, 
 - HediffDef/AM_BeamncasterBandNode, 
 - HediffDef/AM_VoidlinkBandNode, 
 - ThingDef/wallcharger, 
 - ThingDef/largewallcharger, 
 - ThingDef/ultrawallcharger, 
 - ThingDef/WallMountedMechBooster, 
 - ThingDef/VGE_GravshipBasicRecharger, 
 - ThingDef/VGE_GravshipStandardRecharger, 
 - ThingDef/AG_TemporaryBandNode, 
 - ThingDef/VAE_Apparel_CasualTShirt, 
 - ThingDef/VAE_Apparel_Hoodie, 
 - ThingDef/VAE_Apparel_ShirtandTie, 
 - ThingDef/VAE_Apparel_SuitJacket, 
 - ThingDef/VAE_Headgear_Fedora, 
 - ThingDef/VAE_Apparel_Overalls, 
 - ThingDef/VAE_Apparel_Jeans, 
 - ThingDef/VAE_Apparel_ChefsUniform, 
 - ThingDef/VAE_Apparel_MilitaryJacket, 
 - ThingDef/VAE_Apparel_MilitaryUniform, 
 - ThingDef/VAE_Apparel_BuildersJacket, 
 - ThingDef/VAE_Apparel_DoctorScrubs, 
 - ThingDef/VAE_Apparel_LabCoat, 
 - ThingDef/VAE_Apparel_TankTop, 
 - ThingDef/VAE_Apparel_SheriffShirt, 
 - ThingDef/VAE_Apparel_Blouse, 
 - ThingDef/VAE_Apparel_Apron, 
 - ThingDef/VAE_Headgear_Scarf, 
 - ThingDef/VAE_Headgear_Beret, 
 - ThingDef/VAE_Headgear_Hardhat, 
 - ThingDef/VAE_Headgear_SurgicalMask, 
 - ThingDef/VAE_Headgear_BaseballCap, 
 - ThingDef/VAE_Headgear_Sunglasses, 
 - ThingDef/VAE_Headgear_ChefsToque, 
 - ThingDef/AM_AScompFD, 
 - ThingDef/AM_MK4aConcealed, 
 - ThingDef/AM_MK4aDefensive, 
 - ThingDef/AM_CompFlakSuit, 
 - ThingDef/AM_FullyEnclosedHelmet, 
 - ThingDef/AM_NightVisionHelmet, 
 - ThingDef/AM_CataphractHelmetFashion, 
 - ThingDef/AM_CataphractHelmetSlaughter, 
 - ThingDef/AM_ClosedOxygenCylinder, 
 - ThingDef/AM_BulletproofMask, 
 - ThingDef/Armadillo, 
 - ThingDef/BlackBear, 
 - ThingDef/Mandrill, 
 - ThingDef/Penguin, 
 - ThingDef/Zebra, 
 - ThingDef/DA_ForestOwlcat, 
 - ThingDef/DA_ArcticOwlcat, 
 - ThingDef/DA_SilverMole, 
 - ThingDef/AlligatorMan, 
 - ThingDef/BlackBearMan, 
 - ThingDef/MandrillMan, 
 - ThingDef/Neanderthal, 
 - ThingDef/AA_CrystallineCaracal, 
 - ThingDef/AA_DevilSheep, 
 - ThingDef/AA_FlamingoPhoenix, 
 - ThingDef/BMT_GlarralPenguin, 
 - ThingDef/BiomesIslands_Flamingo, 
 - ThingDef/Flamingo, 
 - ThingDef/Alphabeaver, 
 - ThingDef/Cassowary, 
 - ThingDef/Cobra, 
 - ThingDef/Emu, 
 - ThingDef/Gazelle, 
 - ThingDef/Ostrich, 
 - ThingDef/Tortoise, 
 - ThingDef/YorkshireTerrier, 
 - ThingDef/AA_PhoenixOwlcat, 
 - ThingDef/ERN_Chocobo, 
 - ThingDef/ERN_Carbuncle, 
 - ThingDef/ERN_BigCarbuncle, 
 - ThingDef/TYR_KangarooRat, 
 - ThingDef/TYR_Mouse, 
 - ThingDef/Castoroides, 
 - ThingDef/Chalicotherium, 
 - ThingDef/Daeodon, 
 - ThingDef/Deinotherium, 
 - ThingDef/Dinopithecus, 
 - ThingDef/Diprotodon, 
 - ThingDef/Enhydriodon, 
 - ThingDef/Gigantophis, 
 - ThingDef/JRWGigantophis, 
 - ThingDef/Gigantopithecus, 
 - ThingDef/Josephoartigasia, 
 - ThingDef/Megalania, 
 - ThingDef/Megalochelys, 
 - ThingDef/Palaeeudyptes, 
 - ThingDef/Purussaurus, 
 - ThingDef/Quinkana, 
 - ThingDef/Procoptodon, 
 - ThingDef/ShortfacedBear, 
 - ThingDef/Smilodon, 
 - ThingDef/Titanoboa, 
 - ThingDef/JRWTitanoboa, 
 - ThingDef/WoollyMammoth, 
 - ThingDef/MA_Direhorse, 
 - ThingDef/MA_Dunbear, 
 - ThingDef/MA_Furpotamus, 
 - ThingDef/MA_Harpeagle, 
 - ThingDef/MA_Manehound, 
 - ThingDef/MA_Plastemmoth, 
 - ThingDef/MA_Scarodon, 
 - ThingDef/Alligator, 
 - ThingDef/Badger, 
 - ThingDef/Gorilla, 
 - ThingDef/Hippo, 
 - ThingDef/Moose, 
 - ThingDef/Muskox, 
 - ThingDef/Otter, 
 - ThingDef/Porcupine, 
 - ThingDef/Seal, 
 - ThingDef/Tiger, 
 - ThingDef/Walrus, 
 - ThingDef/IronScruff_Flatworm, 
 - ThingDef/IronScruff_Tardigrade, 
 - ThingDef/RG_WoollyStegosaurus, 
 - ThingDef/Cat, 
 - ThingDef/Cat_Scimitar, 
 - ThingDef/VAEWaste_Pestigator, 
 - ThingDef/VAEWaste_Toxafox, 
 - ThingDef/VAEWaste_Toxbear, 
 - ThingDef/VAEWaste_Toxlion, 
 - ThingDef/VAEWaste_Toxscorpion, 
 - ThingDef/VAEWaste_Wasteboar, 
 - ThingDef/VAEWaste_Wastedeer, 
 - ThingDef/VAEWaste_Wasteffalo, 
 - ThingDef/GR_Bearchicken, 
 - ThingDef/GR_Bearwolf, 
 - ThingDef/GR_Beaverwolf, 
 - ThingDef/GR_Boomnotherium, 
 - ThingDef/GR_Catman, 
 - ThingDef/GR_Catwolf, 
 - ThingDef/GR_Chickenbear, 
 - ThingDef/GR_Chickencat, 
 - ThingDef/GR_Chickenffalo, 
 - ThingDef/GR_Chickenlodon, 
 - ThingDef/GR_Chickenwolf, 
 - ThingDef/GR_Dogman, 
 - ThingDef/GR_Lizardman, 
 - ThingDef/GR_Muffalobear, 
 - ThingDef/GR_Molehorse, 
 - ThingDef/GR_Muffalocat, 
 - ThingDef/GR_Muffalochicken, 
 - ThingDef/GR_Muffalowolf, 
 - ThingDef/GR_ParagonChicken, 
 - ThingDef/GR_ParagonFeline, 
 - ThingDef/GR_ParagonHorse, 
 - ThingDef/GR_ParagonHumanoid, 
 - ThingDef/GR_Turkeyman, 
 - ThingDef/GR_Wolfbeaver, 
 - ThingDef/GR_Wolfbear, 
 - ThingDef/GR_Wolfalope, 
 - ThingDef/GR_Wolfcat, 
 - ThingDef/GR_Wolfchicken, 
 - ThingDef/GR_Wolffalo, 
 - ThingDef/GR_Wolfsnake, 
 - ThingDef/GR_WoolyWolf, 
 - ThingDef/VWE_Gun_MakeshiftPistol, 
 - ThingDef/VWE_Gun_MakeshiftSMG, 
 - ThingDef/VWE_Gun_MakeshiftRifle, 
 - ThingDef/VWE_Gun_MakeshiftShotgun, 
 - ThingDef/VWE_Gun_MakeshiftLMG, 
 - ThingDef/VWE_Gun_MakeshiftRevolver, 
 - ThingDef/HMC_Wall_Emp_Turret, 
 - ThingDef/HMC_Wall_Emp_Turret_Ship, 
 - ThingDef/HMC_Wall_FireShotgun_Turret, 
 - ThingDef/HMC_Wall_Foam_Turret, 
 - ThingDef/HMC_Wall_LightMachinegun_Turret, 
 - ThingDef/HMC_Wall_MachineCannon_Turret_Ship, 
 - ThingDef/HMC_Wall_Minigun_Turret, 
 - ThingDef/HMC_Wall_Minigun_Turret_Ship, 
 - ThingDef/HMC_Wall_Rocket_Turret, 
 - ThingDef/HMC_Wall_Emp_Turret_Top, 
 - ThingDef/HMC_Wall_Emp_Turret_Top_Ship, 
 - ThingDef/HMC_Wall_FireShotgun_Turret_Top, 
 - ThingDef/HMC_Gun_TurretFoam, 
 - ThingDef/HMC_Wall_LightMachinegun_Turret_Top, 
 - ThingDef/HMC_Wall_MachineCannon_Turret_Top_Ship, 
 - ThingDef/HMC_Wall_Minigun_Turret_Top, 
 - ThingDef/HMC_Wall_Minigun_Turret_Top_Ship, 
 - ThingDef/HMC_Wall_Rocket_Turret_Top, 
 - ThingDef/Ame_RhodesShotgun, 
 - ThingDef/Ame_RhodesShotgun_Uniqueya, 
 - ThingDef/Artillery_AutoMortar, 
 - ThingDef/Artillery_Mortar, 
 - ThingDef/BS_GiantMusket, 
 - ThingDef/BS_JotunSword, 
 - ThingDef/Beer, 
 - ThingDef/Bow_Great_Unique, 
 - ThingDef/BreadMoAM_Gun_LargeShotgunTurret, 
 - ThingDef/BreadMoAM_Gun_ShotgunTurret, 
 - ThingDef/BreadMoAM_Gun_ShotgunTurretN, 
 - ThingDef/DP_CannonNoEquip, 
 - ThingDef/DP_ChainVulcan, 
 - ThingDef/DP_HolyHandGrenade, 
 - ThingDef/DP_RocketNoEquip, 
 - ThingDef/FT_Artillery_Mortar, 
 - ThingDef/FT_Gun_Autocannon, 
 - ThingDef/FT_Gun_MG, 
 - ThingDef/FT_Gun_QuadMG, 
 - ThingDef/FT_Gun_TurretAA, 
 - ThingDef/FT_Gun_TurretAT, 
 - ThingDef/FT_Gun_TurretPrince, 
 - ThingDef/Gun_AncientArmoredTurret, 
 - ThingDef/Gun_AssaultRifle_Unique, 
 - ThingDef/Gun_AutocannonTurret, 
 - ThingDef/Gun_BoltActionRifle_Unique, 
 - ThingDef/Gun_ChainShotgun_Unique, 
 - ThingDef/Gun_HeavySMG_Unique, 
 - ThingDef/Gun_HellcatRifle, 
 - ThingDef/Gun_HellcatRifle_Unique, 
 - ThingDef/Gun_LMG_Unique, 
 - ThingDef/Gun_MiniTurret, 
 - ThingDef/Gun_MiniTurretMech, 
 - ThingDef/Gun_Minigun_Unique, 
 - ThingDef/Gun_Revolver_Unique, 
 - ThingDef/Gun_SniperRifle_Unique, 
 - ThingDef/Gun_TurretSniper, 
 - ThingDef/HBX_Rapier, 
 - ThingDef/MA_VerdantBow, 
 - ThingDef/MW2_AssaultCarbine, 
 - ThingDef/MW2_BattleRifle, 
 - ThingDef/MW2_HuntingRifle, 
 - ThingDef/MeleeWeapon_Axe, 
 - ThingDef/MeleeWeapon_Gladius, 
 - ThingDef/MeleeWeapon_LongSword, 
 - ThingDef/MeleeWeapon_Mace, 
 - ThingDef/SW_MiniTurretGun, 
 - ThingDef/VFEP_Artillery_Cannon, 
 - ThingDef/VFEP_Artillery_FieldGun, 
 - ThingDef/VFES_Artillery_ArtilleryGun, 
 - ThingDef/VFES_Artillery_Catapult, 
 - ThingDef/VFES_ComplexHmg_Top, 
 - ThingDef/VFES_ComplexMinigun_Top, 
 - ThingDef/VFES_Gun_ArmoredTurret, 
 - ThingDef/VFES_Gun_BallistaTurret, 
 - ThingDef/VFES_Gun_ShotgunTurret, 
 - ThingDef/VFES_TurretDoubleAutocannon_Top, 
 - ThingDef/VFES_TurretMinigun_Top, 
 - ThingDef/VQE_AncientShieldedTurret_Gun, 
 - ThingDef/VQE_AncientSpacerAutocannon_Gun, 
 - ThingDef/VWE_Bow_Compound, 
 - ThingDef/VWE_Bow_Compound_Unique, 
 - ThingDef/VWE_Bow_Crossbow, 
 - ThingDef/VWE_Bow_Crossbow_Unique, 
 - ThingDef/VWE_Bow_Long, 
 - ThingDef/VWE_Bow_Long_Unique, 
 - ThingDef/VWE_FlashGrenade, 
 - ThingDef/VWE_Gun_GrenadeLauncher, 
 - ThingDef/VWE_SmokeGrenade, 
 - ThingDef/VWE_Throwing_Rocks, 
 - ThingDef/m_Khvostov_7G0X, 
 - ThingDef/m_RatKing, 
 - ThingDef/AM_LassoHyperwave, 
 - ThingDef/Apparel_AirwireHeadset, 
 - ThingDef/Apparel_ArchoShuttle, 
 - ThingDef/Apparel_ArmorCataphract, 
 - ThingDef/Apparel_ArmorCataphractPhoenix, 
 - ThingDef/Apparel_ArmorCataphractPrestige, 
 - ThingDef/Apparel_ArmorHelmetCataphract, 
 - ThingDef/Apparel_ArmorHelmetCataphractPrestige, 
 - ThingDef/Apparel_ArmorHelmetMechCommander, 
 - ThingDef/Apparel_ArmorHelmetMechlordHelmet, 
 - ThingDef/Apparel_ArmorHelmetReconPrestige, 
 - ThingDef/Apparel_ArmorLocust, 
 - ThingDef/Apparel_ArmorMarineGrenadier, 
 - ThingDef/Apparel_ArmorMarineHelmetPrestige, 
 - ThingDef/Apparel_ArmorMarinePrestige, 
 - ThingDef/Apparel_ArmorReconPrestige, 
 - ThingDef/Apparel_ArrayHeadset, 
 - ThingDef/Apparel_Bandolier, 
 - ThingDef/Apparel_BiomutationLance, 
 - ThingDef/Apparel_BowlerHat, 
 - ThingDef/Apparel_Burka, 
 - ThingDef/Apparel_ClothMask, 
 - ThingDef/Apparel_CollarShirt, 
 - ThingDef/Apparel_Corset, 
 - ThingDef/Apparel_DeadlifePack, 
 - ThingDef/Apparel_DisruptorFlarePack, 
 - ThingDef/Apparel_Flophat, 
 - ThingDef/Apparel_GasMask, 
 - ThingDef/Apparel_HatLadies, 
 - ThingDef/Apparel_HatTop, 
 - ThingDef/Apparel_LabCoat, 
 - ThingDef/Apparel_MechlordSuit, 
 - ThingDef/Apparel_PackBandwidth, 
 - ThingDef/Apparel_PackControl, 
 - ThingDef/Apparel_PackJump, 
 - ThingDef/Apparel_PackTox, 
 - ThingDef/Apparel_PackTurret, 
 - ThingDef/Apparel_PsychicFoilHelmet, 
 - ThingDef/Apparel_PsychicInsanityLance, 
 - ThingDef/Apparel_PsychicShockLance, 
 - ThingDef/Apparel_Robe, 
 - ThingDef/Apparel_SOU_Bonnet, 
 - ThingDef/Apparel_SOU_VicHM, 
 - ThingDef/Apparel_SOU_VicScullery, 
 - ThingDef/Apparel_Sash, 
 - ThingDef/Apparel_ShardPsychicInsanityLance, 
 - ThingDef/Apparel_ShardPsychicShockLance, 
 - ThingDef/Apparel_SimpleHelmetMedic, 
 - ThingDef/Apparel_Slicecap, 
 - ThingDef/Apparel_Tailcap, 
 - ThingDef/Apparel_TribalA, 
 - ThingDef/Apparel_VisageMask, 
 - ThingDef/BMT_Apparel_DinoHatCarni, 
 - ThingDef/BMT_Apparel_DinoHatHerbi, 
 - ThingDef/BMT_Apparel_DinoHatMascot, 
 - ThingDef/BMT_Apparel_MascotOutfit, 
 - ThingDef/BS_Nisse_Cap, 
 - ThingDef/DP_EtherealBelt, 
 - ThingDef/DP_EtherealCloak, 
 - ThingDef/DP_FireCultRobe, 
 - ThingDef/DP_GlitchedRing, 
 - ThingDef/DP_InsanityLanceUnequip, 
 - ThingDef/DP_MechSignalArtifact, 
 - ThingDef/DP_NinjaRobe, 
 - ThingDef/DP_OrbOfMadness, 
 - ThingDef/DP_ShroudOfMadness, 
 - ThingDef/HumanSkinSuit, 
 - ThingDef/LargeBackpackMC, 
 - ThingDef/OuterRim_StormtrooperCuirass_Pride, 
 - ThingDef/OuterRim_StormtrooperHelmet_Pride, 
 - ThingDef/OuterRim_StormtrooperPauldrons_Pride, 
 - ThingDef/SGC_Apparel_CommandTower, 
 - ThingDef/SmallBackpackMC, 
 - ThingDef/TempuraOnesie, 
 - ThingDef/TornadoGenerator, 
 - ThingDef/VAEA_Apparel_Backpack, 
 - ThingDef/VAEA_Apparel_BattleBanner, 
 - ThingDef/VAEA_Apparel_Quiver, 
 - ThingDef/VAE_Apparel_FleeceShirt, 
 - ThingDef/VAE_Apparel_Shorts, 
 - ThingDef/VAE_Apparel_Skirt, 
 - ThingDef/VAE_Headgear_Glasses, 
 - ThingDef/VFEP_Apparel_Privateer, 
 - ThingDef/VFEP_Apparel_Rumsuit, 
 - ThingDef/VGE_Apparel_VacsuitHelmet_Prestige, 
 - ThingDef/VGE_Apparel_Vacsuit_Prestige, 
 - ThingDef/VIEHAR_Apparel_Beads, 
 - ThingDef/VIEHAR_Apparel_Fez, 
 - ThingDef/VIEHAR_Apparel_HorseMask, 
 - ThingDef/VIEHAR_Apparel_MilitaryCap, 
 - ThingDef/VIEHAR_Apparel_Rags, 
 - ThingDef/VQEA_Apparel_PatientGown, 
 - ThingDef/VQE_Apparel_Parka, 
 - ThingDef/Apparel_ArmorHelmetRecon, 
 - ThingDef/Apparel_ArmorRecon, 
 - ThingDef/Apparel_PowerArmor, 
 - ThingDef/Apparel_PowerArmorHelmet, 
 - ThingDef/AM_AI2A, 
 - ThingDef/AM_CreditCard, 
 - ThingDef/AM_LEGO_HeavyCrane_NotOpen, 
 - ThingDef/AM_LEGO_LandmarkBuilding_NotOpen, 
 - ThingDef/AM_LEGO_LightCrane_NotOpen, 
 - ThingDef/AM_LEGO_MediumCrane_NotOpen, 
 - ThingDef/AM_LEGO_Palace_NotOpen, 
 - ThingDef/AM_MRE, 
 - ThingDef/AM_PKPMagazineComponents, 
 - ThingDef/AM_PackagedCPU, 
 - ThingDef/AM_PackagedGPU, 
 - ThingDef/AM_Pepsi, 
 - ThingDef/AM_PotatoChipsA, 
 - ThingDef/AM_PotatoChipsB, 
 - ThingDef/AM_PotatoChipsC, 
 - ThingDef/AM_PotatoChipsD, 
 - ThingDef/AM_PotatoChipsE, 
 - ThingDef/AM_PotatoChipsF, 
 - ThingDef/AM_Salewa, 
 - ThingDef/AM_TapeMeasure, 
 - ThingDef/BS_GiantMinigun_Unique, 
 - ThingDef/BS_IndestructibelApparel, 
 - ThingDef/BS_JotunRifle_Unique, 
 - ThingDef/BS_JotunRocketLauncher_Unique, 
 - ThingDef/IronScruff_LeatherGerm, 
 - ThingDef/IronScruff_MicrobeSqueezins, 
 - ThingDef/LEGO_GiantRockExcavator_Accomplish, 
 - ThingDef/LEGO_HeavyCrane_Accomplish, 
 - ThingDef/LEGO_LandmarkBuilding_Accomplish, 
 - ThingDef/LEGO_LightCrane_Accomplish, 
 - ThingDef/LEGO_Palace_Accomplish, 
 - ThingDef/BMT_EggGlarralPenguinFertilized, 
 - ThingDef/BMT_EggGlarralPenguinUnfertilized, 
 - ThingDef/BiomesIslands_EggFlamingoFertilized, 
 - ThingDef/BiomesIslands_EggFlamingoUnfertilized, 
 - ThingDef/ERN_EggChocoboUnfertilized, 
 - ThingDef/EggAlligatorFertilized, 
 - ThingDef/EggAlligatorUnfertilized, 
 - ThingDef/EggArcticOwlcatFertilized, 
 - ThingDef/EggArcticOwlcatUnfertilized, 
 - ThingDef/EggCassowaryFertilized, 
 - ThingDef/EggCassowaryUnfertilized, 
 - ThingDef/EggChocoboFertilized, 
 - ThingDef/EggCobraFertilized, 
 - ThingDef/EggCobraUnfertilized, 
 - ThingDef/EggEmuFertilized, 
 - ThingDef/EggEmuUnfertilized, 
 - ThingDef/EggFlamingoFertilized, 
 - ThingDef/EggFlamingoUnfertilized, 
 - ThingDef/EggGigantophisFertilized, 
 - ThingDef/EggMegalaniaFertilized, 
 - ThingDef/EggMegalochelysFertilized, 
 - ThingDef/EggOstrichFertilized, 
 - ThingDef/EggOstrichUnfertilized, 
 - ThingDef/EggOwlcatFertilized, 
 - ThingDef/EggOwlcatUnfertilized, 
 - ThingDef/EggPalaeeudyptesFertilized, 
 - ThingDef/EggPenguinFertilized, 
 - ThingDef/EggPenguinUnFertilized, 
 - ThingDef/EggPurussaurusFertilized, 
 - ThingDef/EggQuinkanaFertilized, 
 - ThingDef/EggTitanoboaFertilized, 
 - ThingDef/EggTortoiseFertilized, 
 - ThingDef/EggTortoiseUnfertilized, 
 - ThingDef/GR_BearChickenEggFertilized, 
 - ThingDef/GR_BearChickenEggUnfertilized, 
 - ThingDef/GR_Castoreum, 
 - ThingDef/GR_ChickenbearEggFertilized, 
 - ThingDef/GR_ChickenbearEggUnfertilized, 
 - ThingDef/GR_Chickenbearfeathers, 
 - ThingDef/GR_ChickencatEggFertilized, 
 - ThingDef/GR_ChickencatEggUnfertilized, 
 - ThingDef/GR_ChickenffaloEggFertilized, 
 - ThingDef/GR_ChickenffaloEggUnfertilized, 
 - ThingDef/GR_ChickenffaloMilk, 
 - ThingDef/GR_ChickenlodonEggFertilized, 
 - ThingDef/GR_ChickenlodonEggUnfertilized, 
 - ThingDef/GR_ChickenwolfEggFertilized, 
 - ThingDef/GR_ChickenwolfEggUnfertilized, 
 - ThingDef/GR_MuffalobearMilk, 
 - ThingDef/GR_MuffalochickenMilk, 
 - ThingDef/GR_ParagonChickenEggFertilized, 
 - ThingDef/GR_ParagonChickenEggUnfertilized, 
 - ThingDef/GR_TurkeymanEggFertilized, 
 - ThingDef/GR_TurkeymanEggUnfertilized, 
 - ThingDef/GR_WolfchickenEggFertilized, 
 - ThingDef/GR_WolfchickenEggUnfertilized, 
 - ThingDef/GR_WolffaloMilk, 
 - ThingDef/GigantophisEggFertilized, 
 - ThingDef/GigantophisEggUnFertilized, 
 - ThingDef/JosephoartigasiaWool, 
 - ThingDef/MA_DirehorseWool, 
 - ThingDef/MA_DunbearMeat, 
 - ThingDef/MA_HarpeagleEggFertilized, 
 - ThingDef/MA_HarpeagleEggUnfertilized, 
 - ThingDef/MA_HarpeagleFeather, 
 - ThingDef/MA_HippoMeat, 
 - ThingDef/MA_HorseBeef, 
 - ThingDef/MA_ScarodonMeat, 
 - ThingDef/MammothWool, 
 - ThingDef/Meat_AA_DevilSheep, 
 - ThingDef/Meat_Alligator, 
 - ThingDef/Meat_AlligatorMan, 
 - ThingDef/Meat_Armadillo, 
 - ThingDef/Meat_BMT_GlarralPenguin, 
 - ThingDef/Meat_Badger, 
 - ThingDef/Meat_BlackBear, 
 - ThingDef/Meat_BlackBearMan, 
 - ThingDef/Meat_Cat_Scimitar, 
 - ThingDef/Meat_Chalicotherium, 
 - ThingDef/Meat_DA_ArcticOwlcat, 
 - ThingDef/Meat_DA_ForestOwlcat, 
 - ThingDef/Meat_DA_SilverMole, 
 - ThingDef/Meat_Diprotodon, 
 - ThingDef/Meat_ERN_BigCarbuncle, 
 - ThingDef/Meat_ERN_Carbuncle, 
 - ThingDef/Meat_Enhydriodon, 
 - ThingDef/Meat_Gazelle, 
 - ThingDef/Meat_Gorilla, 
 - ThingDef/Meat_Hippo, 
 - ThingDef/Meat_IronScruff_Flatworm, 
 - ThingDef/Meat_IronScruff_Tardigrade, 
 - ThingDef/Meat_Josephoartigasia, 
 - ThingDef/Meat_MA_Harpeagle, 
 - ThingDef/Meat_MA_Manehound, 
 - ThingDef/Meat_Mandrill, 
 - ThingDef/Meat_MandrillMan, 
 - ThingDef/Meat_Megalania, 
 - ThingDef/Meat_Moose, 
 - ThingDef/Meat_Muskox, 
 - ThingDef/Meat_Neanderthal, 
 - ThingDef/Meat_Otter, 
 - ThingDef/Meat_Penguin, 
 - ThingDef/Meat_Porcupine, 
 - ThingDef/Meat_Procoptodon, 
 - ThingDef/Meat_Quinkana, 
 - ThingDef/Meat_RG_WoollyStegosaurus, 
 - ThingDef/Meat_Seal, 
 - ThingDef/Meat_TYR_KangarooRat, 
 - ThingDef/Meat_TYR_Mouse, 
 - ThingDef/Meat_Tiger, 
 - ThingDef/Meat_Titanoboa, 
 - ThingDef/Meat_Walrus, 
 - ThingDef/Meat_YorkshireTerrier, 
 - ThingDef/Meat_Zebra, 
 - ThingDef/RG_EggWoollyStegosaurusFertilized, 
 - ThingDef/RG_EggWoollyStegosaurusUnfertilized, 
 - ThingDef/RG_WoolStegosaurus, 
 - ThingDef/TitanoboaEggFertilized, 
 - ThingDef/TitanoboaEggUnFertilized, 
 - ThingDef/WoolMuskox, 
 - ThingDef/AA_EggFlamingoPhoenixFertilized, 
 - ThingDef/BiomesIslands_Leather_Flamingo, 
 - ThingDef/DA_Leather_SilverMole, 
 - ThingDef/Fur_Carbuncle, 
 - ThingDef/Leather_AlligatorMan, 
 - ThingDef/Leather_Armadillo, 
 - ThingDef/Leather_BlackBear, 
 - ThingDef/Leather_BlackBearMan, 
 - ThingDef/Leather_Hippo, 
 - ThingDef/Leather_Mandrill, 
 - ThingDef/Leather_MandrillMan, 
 - ThingDef/Leather_Neanderthal, 
 - ThingDef/Leather_Penguin, 
 - ThingDef/Leather_Zebra, 
 - ThingDef/MA_Leather_Direhorse, 
 - ThingDef/MA_Leather_Dunbear, 
 - ThingDef/MA_Leather_Furpotamus, 
 - ThingDef/MA_Leather_Harpeagle, 
 - ThingDef/MA_Leather_Scarodon, 
 - ThingDef/RG_DinosaursHideHeavy, 
 - ThingDef/AA_FrostLynx, 
 - ThingDef/AA_Genix, 
 - ThingDef/Andrewsarchus, 
 - ThingDef/Aurochs, 
 - ThingDef/BMT_WasteHound, 
 - ThingDef/BS_Centaur, 
 - ThingDef/BS_HumanFouramed, 
 - ThingDef/BS_HumanoidWithTail, 
 - ThingDef/BS_HumanoidWithWings, 
 - ThingDef/BS_JustAHead, 
 - ThingDef/BS_Marlith, 
 - ThingDef/BS_Naga, 
 - ThingDef/BS_SixArmedHuman, 
 - ThingDef/BS_SpiderPersonRace, 
 - ThingDef/Bluebird, 
 - ThingDef/BogHound, 
 - ThingDef/Crow, 
 - ThingDef/GR_Boomachicken, 
 - ThingDef/GR_Booman, 
 - ThingDef/GR_Boomhorse, 
 - ThingDef/GR_Boomwolf, 
 - ThingDef/GR_Catbear, 
 - ThingDef/GR_Catffalo, 
 - ThingDef/GR_Cathorse, 
 - ThingDef/GR_Catrabbit, 
 - ThingDef/GR_Manchicken, 
 - ThingDef/GR_Mansquirrel, 
 - ThingDef/GR_Muffalohorse, 
 - ThingDef/GR_ParagonBear, 
 - ThingDef/GR_ParagonWolf, 
 - ThingDef/GR_Rabbitcat, 
 - ThingDef/GR_Thrumwolf, 
 - ThingDef/GR_WolfShrimp, 
 - ThingDef/Heron, 
 - ThingDef/IronScruff_Hydrazoa, 
 - ThingDef/IronScruff_Jellybird, 
 - ThingDef/JRWAbrictosaurus, 
 - ThingDef/JRWAcrocanthosaurus, 
 - ThingDef/JRWAdalia, 
 - ThingDef/JRWAgilisaurus, 
 - ThingDef/JRWAlbertosaurus, 
 - ThingDef/JRWAllosaurus, 
 - ThingDef/JRWAnkylosaurus, 
 - ThingDef/JRWAntarctopelta, 
 - ThingDef/JRWApatosaurus, 
 - ThingDef/JRWArgentinosaurus, 
 - ThingDef/JRWBaryonyx, 
 - ThingDef/JRWBecklespinax, 
 - ThingDef/JRWBrachiosaurus, 
 - ThingDef/JRWCamarasaurus, 
 - ThingDef/JRWCamptosaurus, 
 - ThingDef/JRWCarcharodontosaurus, 
 - ThingDef/JRWCarnotaurus, 
 - ThingDef/JRWCeratosaurus, 
 - ThingDef/JRWCoahuilaceratops, 
 - ThingDef/JRWCoelophysis, 
 - ThingDef/JRWCompsognathus, 
 - ThingDef/JRWCorythosaurus, 
 - ThingDef/JRWCryolophosaurus, 
 - ThingDef/JRWCyclosphaeroma, 
 - ThingDef/JRWDeinonychus, 
 - ThingDef/JRWDeinosuchus, 
 - ThingDef/JRWDesmatosuchus, 
 - ThingDef/JRWDimetrodon, 
 - ThingDef/JRWDinilysia, 
 - ThingDef/JRWDracorex, 
 - ThingDef/JRWDrinker, 
 - ThingDef/JRWDromaeosaurus, 
 - ThingDef/JRWDryosaurus, 
 - ThingDef/JRWEdaphosaurus, 
 - ThingDef/JRWEdmontosaurus, 
 - ThingDef/JRWEnigmosaurus, 
 - ThingDef/JRWEstemmenosuchus, 
 - ThingDef/JRWGallimimus, 
 - ThingDef/JRWGasosaurus, 
 - ThingDef/JRWGiganotosaurus, 
 - ThingDef/JRWHalszkaraptor, 
 - ThingDef/JRWHolcorobeus, 
 - ThingDef/JRWHomalocephale, 
 - ThingDef/JRWHylonomus, 
 - ThingDef/JRWHypsilophodon, 
 - ThingDef/JRWIndominus, 
 - ThingDef/JRWIndoraptor, 
 - ThingDef/JRWKaprosuchus, 
 - ThingDef/JRWKentrosaurus, 
 - ThingDef/JRWKileskus, 
 - ThingDef/JRWKosmoceratops, 
 - ThingDef/JRWLycaenops, 
 - ThingDef/JRWMetriacanthosaurus, 
 - ThingDef/JRWMicroceratus, 
 - ThingDef/JRWMochlodon, 
 - ThingDef/JRWNanuqsaurus, 
 - ThingDef/JRWNasutoceratops, 
 - ThingDef/JRWOphiacodon, 
 - ThingDef/JRWOrnithosuchus, 
 - ThingDef/JRWOuranosaurus, 
 - ThingDef/JRWOviraptor, 
 - ThingDef/JRWPachycephalosaurus, 
 - ThingDef/JRWPachyrhinosaurus, 
 - ThingDef/JRWParasaurolophus, 
 - ThingDef/JRWParksosaurus, 
 - ThingDef/JRWPrestosuchus, 
 - ThingDef/JRWProtoceratops, 
 - ThingDef/JRWPsittacosaurus, 
 - ThingDef/JRWRajasaurus, 
 - ThingDef/JRWRhabdodon, 
 - ThingDef/JRWRhamphorhynchus, 
 - ThingDef/JRWSaltasaurus, 
 - ThingDef/JRWSarcosuchus, 
 - ThingDef/JRWScutosaurus, 
 - ThingDef/JRWSegnosaurus, 
 - ThingDef/JRWSpinosaurus, 
 - ThingDef/JRWStaurikosaurus, 
 - ThingDef/JRWStegosaurus, 
 - ThingDef/JRWStygimoloch, 
 - ThingDef/JRWStyracosaurus, 
 - ThingDef/JRWSuchomimus, 
 - ThingDef/JRWSupersaurus, 
 - ThingDef/JRWTanystropheus, 
 - ThingDef/JRWTenontosaurus, 
 - ThingDef/JRWTermitotron, 
 - ThingDef/JRWTherizinosaurus, 
 - ThingDef/JRWTorosaurus, 
 - ThingDef/JRWTriceratops, 
 - ThingDef/JRWTroodon, 
 - ThingDef/JRWTupandactylus, 
 - ThingDef/JRWTyrannosaurus, 
 - ThingDef/JRWUdanoceratops, 
 - ThingDef/JRWValdosaurus, 
 - ThingDef/JRWVelociraptor, 
 - ThingDef/JRWWonambi, 
 - ThingDef/JRWYangchuanosaurus, 
 - ThingDef/JRWYi, 
 - ThingDef/JRWYurlunggur, 
 - ThingDef/JRWYutyrannus, 
 - ThingDef/JRWZalmoxes, 
 - ThingDef/JRWZephyrosaurus, 
 - ThingDef/MA_Capryak, 
 - ThingDef/MA_Duskhorn, 
 - ThingDef/MA_Simbakub, 
 - ThingDef/MA_SimbakubAlpha, 
 - ThingDef/Macaw, 
 - ThingDef/Mastodon, 
 - ThingDef/Mink, 
 - ThingDef/MonitorLizard, 
 - ThingDef/MutantCow, 
 - ThingDef/Panda, 
 - ThingDef/Paraceratherium, 
 - ThingDef/Peacock, 
 - ThingDef/PoisonDeer, 
 - ThingDef/PrairieDog, 
 - ThingDef/RG_Hemolope, 
 - ThingDef/RG_KiwiBird, 
 - ThingDef/RG_Neutrolope, 
 - ThingDef/RG_Rabbit, 
 - ThingDef/SeaLion, 
 - ThingDef/SeaTurtle, 
 - ThingDef/Sparrow, 
 - ThingDef/Swan, 
 - ThingDef/AbrictosaurusEggFertilized, 
 - ThingDef/AbrictosaurusEggUnFertilized, 
 - ThingDef/AcrocanthosaurusEggFertilized, 
 - ThingDef/AcrocanthosaurusEggUnFertilized, 
 - ThingDef/AdaliaEggFertilized, 
 - ThingDef/AdaliaEggUnFertilized, 
 - ThingDef/AgilisaurusEggFertilized, 
 - ThingDef/AgilisaurusEggUnFertilized, 
 - ThingDef/AlbertosaurusEggFertilized, 
 - ThingDef/AlbertosaurusEggUnFertilized, 
 - ThingDef/AllosaurusEggFertilized, 
 - ThingDef/AllosaurusEggUnFertilized, 
 - ThingDef/AnkylosaurusEggFertilized, 
 - ThingDef/AnkylosaurusEggUnFertilized, 
 - ThingDef/AntarctopeltaEggFertilized, 
 - ThingDef/AntarctopeltaEggUnFertilized, 
 - ThingDef/ApatosaurusEggFertilized, 
 - ThingDef/ApatosaurusEggUnFertilized, 
 - ThingDef/ArgentinosaurusEggFertilized, 
 - ThingDef/ArgentinosaurusEggUnFertilized, 
 - ThingDef/BaryonyxEggFertilized, 
 - ThingDef/BaryonyxEggUnFertilized, 
 - ThingDef/BecklespinaxEggFertilized, 
 - ThingDef/BecklespinaxEggUnFertilized, 
 - ThingDef/BrachiosaurusEggFertilized, 
 - ThingDef/BrachiosaurusEggUnFertilized, 
 - ThingDef/CamarasaurusEggFertilized, 
 - ThingDef/CamarasaurusEggUnFertilized, 
 - ThingDef/CamptosaurusEggFertilized, 
 - ThingDef/CamptosaurusEggUnFertilized, 
 - ThingDef/CarcharodontosaurusEggFertilized, 
 - ThingDef/CarcharodontosaurusEggUnFertilized, 
 - ThingDef/CarnotaurusEggFertilized, 
 - ThingDef/CarnotaurusEggUnFertilized, 
 - ThingDef/CeratosaurusEggFertilized, 
 - ThingDef/CeratosaurusEggUnFertilized, 
 - ThingDef/CoahuilaceratopsEggFertilized, 
 - ThingDef/CoahuilaceratopsEggUnFertilized, 
 - ThingDef/CoelophysisEggFertilized, 
 - ThingDef/CoelophysisEggUnFertilized, 
 - ThingDef/CompsognathusEggFertilized, 
 - ThingDef/CompsognathusEggUnFertilized, 
 - ThingDef/CorythosaurusEggFertilized, 
 - ThingDef/CorythosaurusEggUnFertilized, 
 - ThingDef/CryolophosaurusEggFertilized, 
 - ThingDef/CryolophosaurusEggUnFertilized, 
 - ThingDef/CyclosphaeromaEggFertilized, 
 - ThingDef/CyclosphaeromaEggUnFertilized, 
 - ThingDef/DeinonychusEggFertilized, 
 - ThingDef/DeinonychusEggUnFertilized, 
 - ThingDef/DeinosuchusEggFertilized, 
 - ThingDef/DeinosuchusEggUnFertilized, 
 - ThingDef/DeinotheriumTusk, 
 - ThingDef/DesmatosuchusEggFertilized, 
 - ThingDef/DesmatosuchusEggUnFertilized, 
 - ThingDef/DimetrodonEggFertilized, 
 - ThingDef/DimetrodonEggUnFertilized, 
 - ThingDef/DinilysiaEggFertilized, 
 - ThingDef/DinilysiaEggUnFertilized, 
 - ThingDef/DracorexEggFertilized, 
 - ThingDef/DracorexEggUnFertilized, 
 - ThingDef/DrinkerEggFertilized, 
 - ThingDef/DrinkerEggUnFertilized, 
 - ThingDef/DromaeosaurusEggFertilized, 
 - ThingDef/DromaeosaurusEggUnFertilized, 
 - ThingDef/DryosaurusEggFertilized, 
 - ThingDef/DryosaurusEggUnFertilized, 
 - ThingDef/EdaphosaurusEggFertilized, 
 - ThingDef/EdaphosaurusEggUnFertilized, 
 - ThingDef/EdmontosaurusEggFertilized, 
 - ThingDef/EdmontosaurusEggUnFertilized, 
 - ThingDef/EggBluebirdFertilized, 
 - ThingDef/EggBluebirdUnfertilized, 
 - ThingDef/EggCrowFertilized, 
 - ThingDef/EggCrowUnfertilized, 
 - ThingDef/EggHeronFertilized, 
 - ThingDef/EggHeronUnfertilized, 
 - ThingDef/EggMacawFertilized, 
 - ThingDef/EggMacawUnfertilized, 
 - ThingDef/EggMonitorLizardFertilized, 
 - ThingDef/EggMonitorLizardUnfertilized, 
 - ThingDef/EggPeacockFertilized, 
 - ThingDef/EggPeacockUnfertilized, 
 - ThingDef/EggSeaTurtleFertilized, 
 - ThingDef/EggSeaTurtleUnfertilized, 
 - ThingDef/EggSparrowFertilized, 
 - ThingDef/EggSparrowUnfertilized, 
 - ThingDef/EggSwanFertilized, 
 - ThingDef/EggSwanUnfertilized, 
 - ThingDef/EnigmosaurusEggFertilized, 
 - ThingDef/EnigmosaurusEggUnFertilized, 
 - ThingDef/EstemmenosuchusEggFertilized, 
 - ThingDef/EstemmenosuchusEggUnFertilized, 
 - ThingDef/GR_BoomachickenEggFertilized, 
 - ThingDef/GR_BoomachickenEggUnfertilized, 
 - ThingDef/GallimimusEggFertilized, 
 - ThingDef/GallimimusEggUnFertilized, 
 - ThingDef/GasosaurusEggFertilized, 
 - ThingDef/GasosaurusEggUnFertilized, 
 - ThingDef/GiganotosaurusEggFertilized, 
 - ThingDef/GiganotosaurusEggUnFertilized, 
 - ThingDef/HalszkaraptorEggFertilized, 
 - ThingDef/HalszkaraptorEggUnFertilized, 
 - ThingDef/HemogenPack, 
 - ThingDef/HolcorobeusEggFertilized, 
 - ThingDef/HolcorobeusEggUnFertilized, 
 - ThingDef/HomalocephaleEggFertilized, 
 - ThingDef/HomalocephaleEggUnFertilized, 
 - ThingDef/HylonomusEggFertilized, 
 - ThingDef/HylonomusEggUnFertilized, 
 - ThingDef/HypsilophodonEggFertilized, 
 - ThingDef/HypsilophodonEggUnFertilized, 
 - ThingDef/IndominusEggFertilized, 
 - ThingDef/IndominusEggUnFertilized, 
 - ThingDef/IndoraptorEggFertilized, 
 - ThingDef/IndoraptorEggUnFertilized, 
 - ThingDef/KaprosuchusEggFertilized, 
 - ThingDef/KaprosuchusEggUnFertilized, 
 - ThingDef/KentrosaurusEggFertilized, 
 - ThingDef/KentrosaurusEggUnFertilized, 
 - ThingDef/KileskusEggFertilized, 
 - ThingDef/KileskusEggUnFertilized, 
 - ThingDef/KosmoceratopsEggFertilized, 
 - ThingDef/KosmoceratopsEggUnFertilized, 
 - ThingDef/Leather_Indominus, 
 - ThingDef/Leather_Indoraptor, 
 - ThingDef/Leather_Mastodon, 
 - ThingDef/Leather_Mink, 
 - ThingDef/Leather_Sealskin, 
 - ThingDef/LycaenopsEggFertilized, 
 - ThingDef/LycaenopsEggUnFertilized, 
 - ThingDef/MA_CapryakMeat, 
 - ThingDef/MA_CapryakMilk, 
 - ThingDef/MA_CapryakWool, 
 - ThingDef/MA_DuskMilk, 
 - ThingDef/MA_DuskWool, 
 - ThingDef/MA_DuskhornHorn, 
 - ThingDef/MA_DuskhornMeat, 
 - ThingDef/MA_Leather_Capryak, 
 - ThingDef/MA_Leather_Duskhorn, 
 - ThingDef/MA_Leather_Simbakub, 
 - ThingDef/MA_Leather_SimbakubAlpha, 
 - ThingDef/MA_PlastemmothTusk, 
 - ThingDef/MastodonTusk, 
 - ThingDef/Meat_Andrewsarchus, 
 - ThingDef/Meat_BMT_WasteHound, 
 - ThingDef/Meat_BogHound, 
 - ThingDef/Meat_IronScruff_Hydrazoa, 
 - ThingDef/Meat_IronScruff_Jellybird, 
 - ThingDef/Meat_MA_Simbakub, 
 - ThingDef/Meat_MA_SimbakubAlpha, 
 - ThingDef/Meat_Mastodon, 
 - ThingDef/Meat_Mink, 
 - ThingDef/Meat_MonitorLizard, 
 - ThingDef/Meat_Panda, 
 - ThingDef/Meat_PrairieDog, 
 - ThingDef/Meat_RG_Hemolope, 
 - ThingDef/Meat_RG_KiwiBird, 
 - ThingDef/Meat_RG_Neutrolope, 
 - ThingDef/Meat_RG_Rabbit, 
 - ThingDef/Meat_SeaLion, 
 - ThingDef/Meat_SeaTurtle, 
 - ThingDef/MetriacanthosaurusEggFertilized, 
 - ThingDef/MetriacanthosaurusEggUnFertilized, 
 - ThingDef/MicroceratusEggFertilized, 
 - ThingDef/MicroceratusEggUnFertilized, 
 - ThingDef/MochlodonEggFertilized, 
 - ThingDef/MochlodonEggUnFertilized, 
 - ThingDef/NanuqsaurusEggFertilized, 
 - ThingDef/NanuqsaurusEggUnFertilized, 
 - ThingDef/NasutoceratopsEggFertilized, 
 - ThingDef/NasutoceratopsEggUnFertilized, 
 - ThingDef/OphiacodonEggFertilized, 
 - ThingDef/OphiacodonEggUnFertilized, 
 - ThingDef/OrnithosuchusEggFertilized, 
 - ThingDef/OrnithosuchusEggUnFertilized, 
 - ThingDef/OuranosaurusEggFertilized, 
 - ThingDef/OuranosaurusEggUnFertilized, 
 - ThingDef/OviraptorEggFertilized, 
 - ThingDef/OviraptorEggUnFertilized, 
 - ThingDef/PachycephalosaurusEggFertilized, 
 - ThingDef/PachycephalosaurusEggUnFertilized, 
 - ThingDef/PachyrhinosaurusEggFertilized, 
 - ThingDef/PachyrhinosaurusEggUnFertilized, 
 - ThingDef/ParasaurolophusEggFertilized, 
 - ThingDef/ParasaurolophusEggUnFertilized, 
 - ThingDef/ParksosaurusEggFertilized, 
 - ThingDef/ParksosaurusEggUnFertilized, 
 - ThingDef/PrestosuchusEggFertilized, 
 - ThingDef/PrestosuchusEggUnFertilized, 
 - ThingDef/ProtoceratopsEggFertilized, 
 - ThingDef/ProtoceratopsEggUnFertilized, 
 - ThingDef/PsittacosaurusEggFertilized, 
 - ThingDef/PsittacosaurusEggUnFertilized, 
 - ThingDef/RG_EggKiwiFertilized, 
 - ThingDef/RG_EggKiwiUnfertilized, 
 - ThingDef/RajasaurusEggFertilized, 
 - ThingDef/RajasaurusEggUnFertilized, 
 - ThingDef/RhabdodonEggFertilized, 
 - ThingDef/RhabdodonEggUnFertilized, 
 - ThingDef/RhamphorhynchusEggFertilized, 
 - ThingDef/RhamphorhynchusEggUnFertilized, 
 - ThingDef/SaltasaurusEggFertilized, 
 - ThingDef/SaltasaurusEggUnFertilized, 
 - ThingDef/SarcosuchusEggFertilized, 
 - ThingDef/SarcosuchusEggUnFertilized, 
 - ThingDef/ScutosaurusEggFertilized, 
 - ThingDef/ScutosaurusEggUnFertilized, 
 - ThingDef/SegnosaurusEggFertilized, 
 - ThingDef/SegnosaurusEggUnFertilized, 
 - ThingDef/SpinosaurusEggFertilized, 
 - ThingDef/SpinosaurusEggUnFertilized, 
 - ThingDef/StaurikosaurusEggFertilized, 
 - ThingDef/StaurikosaurusEggUnFertilized, 
 - ThingDef/StegosaurusEggFertilized, 
 - ThingDef/StegosaurusEggUnFertilized, 
 - ThingDef/StygimolochEggFertilized, 
 - ThingDef/StygimolochEggUnFertilized, 
 - ThingDef/StyracosaurusEggFertilized, 
 - ThingDef/StyracosaurusEggUnFertilized, 
 - ThingDef/SuchomimusEggFertilized, 
 - ThingDef/SuchomimusEggUnFertilized, 
 - ThingDef/SupersaurusEggFertilized, 
 - ThingDef/SupersaurusEggUnFertilized, 
 - ThingDef/TanystropheusEggFertilized, 
 - ThingDef/TanystropheusEggUnFertilized, 
 - ThingDef/TenontosaurusEggFertilized, 
 - ThingDef/TenontosaurusEggUnFertilized, 
 - ThingDef/TermitotronEggFertilized, 
 - ThingDef/TermitotronEggUnFertilized, 
 - ThingDef/TherizinosaurusEggFertilized, 
 - ThingDef/TherizinosaurusEggUnFertilized, 
 - ThingDef/TorosaurusEggFertilized, 
 - ThingDef/TorosaurusEggUnFertilized, 
 - ThingDef/TriceratopsEggFertilized, 
 - ThingDef/TriceratopsEggUnFertilized, 
 - ThingDef/TroodonEggFertilized, 
 - ThingDef/TroodonEggUnFertilized, 
 - ThingDef/TupandactylusEggFertilized, 
 - ThingDef/TupandactylusEggUnFertilized, 
 - ThingDef/TyrannosaurusEggFertilized, 
 - ThingDef/TyrannosaurusEggUnFertilized, 
 - ThingDef/UdanoceratopsEggFertilized, 
 - ThingDef/UdanoceratopsEggUnFertilized, 
 - ThingDef/ValdosaurusEggFertilized, 
 - ThingDef/ValdosaurusEggUnFertilized, 
 - ThingDef/VelociraptorEggFertilized, 
 - ThingDef/VelociraptorEggUnFertilized, 
 - ThingDef/WonambiEggFertilized, 
 - ThingDef/WonambiEggUnFertilized, 
 - ThingDef/WoolMastodon, 
 - ThingDef/YangchuanosaurusEggFertilized, 
 - ThingDef/YangchuanosaurusEggUnFertilized, 
 - ThingDef/YiEggFertilized, 
 - ThingDef/YiEggUnFertilized, 
 - ThingDef/YurlunggurEggFertilized, 
 - ThingDef/YurlunggurEggUnFertilized, 
 - ThingDef/YutyrannusEggFertilized, 
 - ThingDef/YutyrannusEggUnFertilized, 
 - ThingDef/ZalmoxesEggFertilized, 
 - ThingDef/ZalmoxesEggUnFertilized, 
 - ThingDef/ZephyrosaurusEggFertilized, 
 - ThingDef/ZephyrosaurusEggUnFertilized, 
 - ThingDef/FT_RecoillessGun, 
 - ThingDef/FT_TurretEmpero, 
 - ThingDef/FT_TurretHexMortar, 
 - ThingDef/FT_TurretQuadAA, 
 - BiomeDef/AB_IdyllicMeadows, 
 - BiomeDef/AG_NereidPocketPlane, 
 - BiomeDef/AG_PocketPlane, 
 - ThingDef/AM_LassoDevilstrand, 
 - BiomeDef/BorealForest, 
 - BiomeDef/COMIGO_GreaterSwamp_Cold, 
 - BiomeDef/COMIGO_GreaterSwamp_Temperate, 
 - BiomeDef/ColdBog, 
 - ThingDef/ElephantTusk, 
 - ThingDef/FT_Gun_Recoilless, 
 - ThingDef/FT_Gun_TurretEmpero, 
 - ThingDef/FT_Gun_TurretHexMortar, 
 - ThingDef/FT_Gun_TurretQuadAA, 
 - BiomeDef/GlacialPlain, 
 - BiomeDef/Grasslands, 
 - ThingDef/Gun_DeadColumn, 
 - ThingDef/Gun_Incinerator, 
 - BiomeDef/Labyrinth, 
 - BiomeDef/MetalHell, 
 - BiomeDef/Savanna, 
 - BiomeDef/TemperateForest, 
 - BiomeDef/TemperateSwamp, 
 - BiomeDef/TropicalRainforest, 
 - BiomeDef/TropicalSwamp, 
 - BiomeDef/Tundra, 
 - ThingDef/VWE_Gun_Flamethrower, 
 - ThingDef/VWE_MeleeWeapon_Axe, 
 - BiomeDef/Wetland, 
 - BiomeDef/ZBiome_AlpineMeadow, 
 - BiomeDef/ZBiome_CloudForest, 
 - BiomeDef/ZBiome_CoastalDunes, 
 - BiomeDef/ZBiome_GlacialShield, 
 - BiomeDef/ZBiome_Iceberg_NoBeach, 
 - BiomeDef/ZBiome_Marsh, 
 - BiomeDef/ZBiome_Sandbar_NoBeach, 
 - ThingDef/Husky, 
 - ThingDef/LabradorRetriever, 
 - ThingDef/Fox_Fennec, 
 - ThingDef/Capybara, 
 - ThingDef/Plant_TreePine, 
 - ThingDef/Plant_TreeBirch, 
 - ThingDef/Plant_TreePoplar, 
 - ResearchProjectDef/AM_HeavyMechtech, 
 - ResearchProjectDef/AM_StandardMechtech, 
 - ResearchProjectDef/AM_UltraHeavyMechtech, 
 - ResearchProjectDef/AM_WorkerStandardMechtech, 
 - ResearchProjectDef/AdvancedPsychicRituals, 
 - ResearchProjectDef/ArtificialMetabolism, 
 - ResearchProjectDef/AtmosphericHeater, 
 - ResearchProjectDef/BS_AndroidConversion, 
 - ResearchProjectDef/BS_AnimalGrowthSerums, 
 - ResearchProjectDef/BS_ArchiteGeneScience, 
 - ResearchProjectDef/BS_GeneScience, 
 - ResearchProjectDef/BS_MadScienceField, 
 - ResearchProjectDef/BasicMechtech, 
 - ResearchProjectDef/BasicPsychicRituals, 
 - ResearchProjectDef/BioferriteExtraction, 
 - ResearchProjectDef/BioferriteGenerator, 
 - ResearchProjectDef/BioferriteHarvesting, 
 - ResearchProjectDef/BioferriteIgnition, 
 - ResearchProjectDef/BioferriteShaping, 
 - ResearchProjectDef/BlissLobotomy, 
 - ResearchProjectDef/BloodRain, 
 - ResearchProjectDef/BrainWiring, 
 - ResearchProjectDef/Brainwipe, 
 - ResearchProjectDef/CataphractArmor, 
 - ResearchProjectDef/Chronophagy, 
 - ResearchProjectDef/CircadianInfluence, 
 - ResearchProjectDef/CompactWeaponry, 
 - ResearchProjectDef/DeadlifeDust, 
 - ResearchProjectDef/DeathRefusal, 
 - ResearchProjectDef/Deathrest, 
 - ResearchProjectDef/DisruptorFlares, 
 - ResearchProjectDef/Electroharvester, 
 - ResearchProjectDef/EntityContainment, 
 - ResearchProjectDef/FleshShaping, 
 - ResearchProjectDef/FrenzyInducer, 
 - ResearchProjectDef/GR_GeneticAlteration, 
 - ResearchProjectDef/GR_GeneticCompatibility, 
 - ResearchProjectDef/GR_GeneticDuplication, 
 - ResearchProjectDef/GR_GeneticEngineering, 
 - ResearchProjectDef/GR_GeneticMechahybridization, 
 - ResearchProjectDef/GR_HybridImplantology, 
 - ResearchProjectDef/GhoulEnhancements, 
 - ResearchProjectDef/GhoulInfusion, 
 - ResearchProjectDef/GhoulResurrection, 
 - ResearchProjectDef/Gunlink, 
 - ResearchProjectDef/Harp, 
 - ResearchProjectDef/Harpsichord, 
 - ResearchProjectDef/HealingFactors, 
 - ResearchProjectDef/HighMechtech, 
 - ResearchProjectDef/IW_IonChargeWeaponry, 
 - ResearchProjectDef/InsanityWeaponry, 
 - ResearchProjectDef/JuggernautSerum, 
 - ResearchProjectDef/JumpPack, 
 - ResearchProjectDef/MM_Research_Repulsor, 
 - ResearchProjectDef/MatterToEnergyConversion, 
 - ResearchProjectDef/MetalbloodSerum, 
 - ResearchProjectDef/MindNumbSerum, 
 - ResearchProjectDef/MolecularAnalysis, 
 - ResearchProjectDef/MutationWeaponry, 
 - ResearchProjectDef/NeuralComputation, 
 - ResearchProjectDef/NeurosisPulse, 
 - ResearchProjectDef/NobleApparel, 
 - ResearchProjectDef/OuterRim_Blastersmithing, 
 - ResearchProjectDef/Philophagy, 
 - ResearchProjectDef/Piano, 
 - ResearchProjectDef/PleasurePulse, 
 - ResearchProjectDef/ProximityDetector, 
 - ResearchProjectDef/Psychophagy, 
 - ResearchProjectDef/RevenantInvisibility, 
 - ResearchProjectDef/RimFridge_PowerFactorSetting, 
 - ResearchProjectDef/RoyalApparel, 
 - ResearchProjectDef/SecurityDoor, 
 - ResearchProjectDef/SerumSynthesis, 
 - ResearchProjectDef/SkinHardening, 
 - ResearchProjectDef/SkipAbductionPlayer, 
 - ResearchProjectDef/SleepSuppressor, 
 - ResearchProjectDef/SpecializedLimbs, 
 - ResearchProjectDef/StandardMechtech, 
 - ResearchProjectDef/SummonAnimals, 
 - ResearchProjectDef/SummonFleshbeastsPlayer, 
 - ResearchProjectDef/SummonPitGate, 
 - ResearchProjectDef/SummonShamblers, 
 - ResearchProjectDef/TormentMaster_CranialPinResearch, 
 - ResearchProjectDef/TurretPack, 
 - ResearchProjectDef/UltraMechtech, 
 - ResearchProjectDef/VAE_SterileAttire, 
 - ResearchProjectDef/VFEP_SweatFermentation, 
 - ResearchProjectDef/VWE_LaserTargetingSystems, 
 - ResearchProjectDef/VWE_LaserWeapons, 
 - ResearchProjectDef/VWE_MakeshiftWeapons, 
 - ResearchProjectDef/VenomSynthesis, 
 - ResearchProjectDef/VoidSculptures, 
 - ResearchProjectDef/WallStuff, 
 - ResearchProjectDef/guy762_ResearchKotOR_advsabers, 
 - ResearchProjectDef/guy762_ResearchKotOR_bastila, 
 - ResearchProjectDef/guy762_ResearchKotOR_bigZ, 
 - ResearchProjectDef/guy762_ResearchKotOR_canderous, 
 - ResearchProjectDef/guy762_ResearchKotOR_carth, 
 - ResearchProjectDef/guy762_ResearchKotOR_exile, 
 - ResearchProjectDef/guy762_ResearchKotOR_goto, 
 - ResearchProjectDef/guy762_ResearchKotOR_handmaiden, 
 - ResearchProjectDef/guy762_ResearchKotOR_hkequipment, 
 - ResearchProjectDef/guy762_ResearchKotOR_ion, 
 - ResearchProjectDef/guy762_ResearchKotOR_jedi, 
 - ResearchProjectDef/guy762_ResearchKotOR_jolee, 
 - ResearchProjectDef/guy762_ResearchKotOR_juhani, 
 - ResearchProjectDef/guy762_ResearchKotOR_kreia, 
 - ResearchProjectDef/guy762_ResearchKotOR_lightsabers, 
 - ResearchProjectDef/guy762_ResearchKotOR_luxa, 
 - ResearchProjectDef/guy762_ResearchKotOR_malak, 
 - ResearchProjectDef/guy762_ResearchKotOR_nihilus, 
 - ResearchProjectDef/guy762_ResearchKotOR_revan, 
 - ResearchProjectDef/guy762_ResearchKotOR_saberparts, 
 - ResearchProjectDef/guy762_ResearchKotOR_sion, 
 - ResearchProjectDef/guy762_ResearchKotOR_teethree, 
 - ResearchProjectDef/guy762_ResearchKotOR_uncraftable, 
 - ResearchProjectDef/guy762_ResearchKotOR_vao, 
 - ResearchProjectDef/guy762_ResearchKotOR_visas
[LoadTracer] ctor 325/1580: CherryPicker.DefUtility [CherryPicker]
[LoadTracer] ctor 326/1580: Multiplayer.API.MP [0MultiplayerAPI]
[LoadTracer] ctor 327/1580: Fortified.CompProperties_AbilitySelfExplosion [Fortified]
[LoadTracer] ctor 328/1580: Fortified.CompProperties_AbilityDirectionalExplosion [Fortified]
[LoadTracer] ctor 329/1580: Fortified.DefInjection_CompPaintable [Fortified]
[LoadTracer] ctor 330/1580: Fortified.FFF_AssetLoader [Fortified]
[LoadTracer] ctor 331/1580: Fortified.FFF_Icons [Fortified]
[LoadTracer] ctor 332/1580: Fortified.CompMechApparel [Fortified]
[LoadTracer] ctor 333/1580: Fortified.Patch_Bill_ProductionMech_CreateProducts [Fortified]
[LoadTracer] ctor 334/1580: Fortified.Patch_Pawn_DropAndForbidEverything [Fortified]
[LoadTracer] ctor 335/1580: Fortified.HarmonyEntry [Fortified]
[LoadTracer] ctor 336/1580: Fortified.Patch_PawnRenderUtility_DrawAimingApparel [Fortified]
[LoadTracer] ctor 337/1580: Fortified.Patch_BossgroupEverCallable [Fortified]
[LoadTracer] ctor 338/1580: Fortified.Patch_SelectionDrawer_BuildingMover [Fortified]
[LoadTracer] ctor 339/1580: Fortified.ReplaceBuildingValidator [Fortified]
[LoadTracer] ctor 340/1580: Fortified.Gizmo_DamageBlockerStatus [Fortified]
[LoadTracer] ctor 341/1580: Fortified.Patch_GeneratePawnTitle [Fortified]
[LoadTracer] ctor 342/1580: Fortified.Gizmo_AttachmentShieldStatus [Fortified]
[LoadTracer] ctor 343/1580: Fortified.ModificationProfileDatabase [Fortified]
[LoadTracer] ctor 344/1580: Fortified.SubTurret [Fortified]
[LoadTracer] ctor 345/1580: Fortified.SubturretGizmo [Fortified]
[LoadTracer] ctor 346/1580: Fortified.Gizmo_BulletproofPlateStatus [Fortified]
[LoadTracer] ctor 347/1580: Fortified.RimIgnoreStartupSweep [Fortified]
[LoadTracer] ctor 348/1580: Fortified.RecipeInheritanceUtility [Fortified]
[LoadTracer] ctor 349/1580: Fortified.Building_TurretCapacity [Fortified]
[LoadTracer] ctor 350/1580: Fortified.WeaponTagUtil [Fortified]
[LoadTracer] ctor 351/1580: Fortified.RoyalTitlePermitWorker_Bandwidth [Fortified]
[LoadTracer] ctor 352/1580: Fortified.RoyalTitlePermitWorker_CallShuttle_Custom [Fortified]
[LoadTracer] ctor 353/1580: Fortified.RoyalTitlePermitWorker_MechJoin [Fortified]
[LoadTracer] ctor 354/1580: Fortified.RoyalTitlePermitWorker_PawnJoin [Fortified]
[LoadTracer] ctor 355/1580: Fortified.MultiplayerCompatibility.Multiplayer [Fortified]
[LoadTracer] ctor 356/1580: TPRitualAttachableOutcomes.Precept_Ritual_Custom [TPRitualAttachableOutcomes]
[LoadTracer] ctor 357/1580: TPRitualAttachableOutcomes.RitualOutcomeEffectWorker_FromQuality_TP_Custom [TPRitualAttachableOutcomes]
[LoadTracer] ctor 358/1580: TPRitualAttachableOutcomes.HarmonyPatcher [TPRitualAttachableOutcomes]
[LoadTracer] ctor 359/1580: TPRitualAttachableOutcomes.RitualAttachableOutcomeEffectDef_TP_Custom [TPRitualAttachableOutcomes]
[LoadTracer] ctor 360/1580: TPRitualAttachableOutcomes.RitualAttachableOutcomeEffectDef_TP_Custom_Node [TPRitualAttachableOutcomes]
[LoadTracer] ctor 361/1580: TPRitualAttachableOutcomes.TPRitualAttachableOutcomeEffectWorker_Custom [TPRitualAttachableOutcomes]
[LoadTracer] ctor 362/1580: AdaptiveStorage.OnStartup [AdaptiveStorageFramework]
[LoadTracer] ctor 363/1580: AdaptiveStorage.ModCompatibility.Multiplayer [AdaptiveStorageFramework]
[LoadTracer] ctor 364/1580: BigAndSmall.UsableDownedAbility [BigAndSmall]
[LoadTracer] ctor 365/1580: BigAndSmall.DraftGizmos [BigAndSmall]
[LoadTracer] ctor 366/1580: BigAndSmall.DraftedActionData [BigAndSmall]
[LoadTracer] ctor 367/1580: BigAndSmall.BigSmall [BigAndSmall]
[LoadTracer] ctor 368/1580: BigAndSmall.BSCore [BigAndSmall]
[LoadTracer] ctor 369/1580: BigAndSmall.Textures [BigAndSmall]
[LoadTracer] ctor 370/1580: BigAndSmall.SmartColorWidgets [BigAndSmall]
[LoadTracer] ctor 371/1580: BigAndSmall.BigAndSmall_Early [BSXeno]
[LoadTracer] ctor 372/1580: RedHealth.Main [RedHealth]
[LoadTracer] ctor 373/1580: SmashTools.CameraAttacher [SmashTools]
[LoadTracer] ctor 374/1580: SmashTools.StartupTest [SmashTools]
[LoadTracer] ctor 375/1580: SmashTools.SmashLog [SmashTools]
[LoadTracer] ctor 376/1580: SmashTools.CoroutineManager [SmashTools]
[LoadTracer] ctor 377/1580: SmashTools.ProjectStartup [SmashTools]
[SmashPhil.SmashTools] Applying compatibility patch for Jaxe.RimHUD. Active: Yes
[SmashPhil.VehicleFramework] Applying compatibility patch for Jaxe.RimHUD. Active: Yes
[SmashPhil.VehicleFramework] Applying compatibility patch for ludeon.rimworld.odyssey. Active: Yes
[LoadTracer] ctor 378/1580: SmashTools.CameraView [SmashTools]
[LoadTracer] ctor 379/1580: SmashTools.ListingExtension [SmashTools]
[LoadTracer] ctor 380/1580: SmashTools.UIData [SmashTools]
[LoadTracer] ctor 381/1580: SmashTools.UIElements [SmashTools]
[LoadTracer] ctor 382/1580: SmashTools.Dialog_GraphEditor [SmashTools]
[LoadTracer] ctor 383/1580: SmashTools.Ext_Texture [SmashTools]
[LoadTracer] ctor 384/1580: SmashTools.DefIndexManager [SmashTools]
[LoadTracer] ctor 385/1580: SmashTools.Rendering.RenderTextureDrawer [SmashTools]
[LoadTracer] ctor 386/1580: SmashTools.Performance.UnityThread [SmashTools]
[LoadTracer] ctor 387/1580: SmashTools.Animations.Dialog_AnimationEditor [SmashTools]
[LoadTracer] ctor 388/1580: Vehicles.JobGiver_CombatFormation [Vehicles]
[LoadTracer] ctor 389/1580: Vehicles.VehicleOrientationController [Vehicles]
[LoadTracer] ctor 390/1580: Vehicles.CompVehicleLauncher [Vehicles]
[LoadTracer] ctor 391/1580: Vehicles.CompFueledTravel [Vehicles]
[LoadTracer] ctor 392/1580: Vehicles.CompUpgradeTree [Vehicles]
[LoadTracer] ctor 393/1580: Vehicles.AirdropSkyfaller [Vehicles]
[LoadTracer] ctor 394/1580: Vehicles.ProjectileSkyfaller [Vehicles]
[LoadTracer] ctor 395/1580: Vehicles.VehicleSkyfaller [Vehicles]
[LoadTracer] ctor 396/1580: Vehicles.LaunchProtocol [Vehicles]
[LoadTracer] ctor 397/1580: Vehicles.Building_Artillery [Vehicles]
[LoadTracer] ctor 398/1580: Vehicles.TimedExplosion [Vehicles]
[LoadTracer] ctor 399/1580: Vehicles.CursorSettings [Vehicles]
[LoadTracer] ctor 400/1580: Vehicles.Dialog_VehiclePainter [Vehicles]
[LoadTracer] ctor 401/1580: Vehicles.ITab_Vehicle_Upgrades [Vehicles]
[LoadTracer] ctor 402/1580: Vehicles.MaterialPresets [Vehicles]
[LoadTracer] ctor 403/1580: Vehicles.RGBMaterialPool [Vehicles]
[LoadTracer] ctor 404/1580: Vehicles.ShipPassengerCardUtility [Vehicles]
[LoadTracer] ctor 405/1580: Vehicles.TexData [Vehicles]
[LoadTracer] ctor 406/1580: Vehicles.VehicleTex [Vehicles]
[LoadTracer] ctor 407/1580: Vehicles.VehicleHarmony [Vehicles]
[VehicleFramework] version 1.6.2144
[LoadTracer] ctor 408/1580: Vehicles.SettingsCustomizableFields [Vehicles]
[LoadTracer] ctor 409/1580: Vehicles.VehicleMod [Vehicles]
[LoadTracer] ctor 410/1580: Vehicles.VehiclePathingSystem [Vehicles]
[LoadTracer] ctor 411/1580: Vehicles.VehicleRegionMaker [Vehicles]
[LoadTracer] ctor 412/1580: Vehicles.Projectile_Deflected [Vehicles]
[LoadTracer] ctor 413/1580: Vehicles.VehicleTurret [Vehicles]
[LoadTracer] ctor 414/1580: Vehicles.Ext_Vehicles [Vehicles]
[LoadTracer] ctor 415/1580: Vehicles.RaidInjectionHelper [Vehicles]
[LoadTracer] ctor 416/1580: Vehicles.HealthHelper [Vehicles]
[LoadTracer] ctor 417/1580: Vehicles.PathingHelper [Vehicles]
[LoadTracer] ctor 418/1580: Vehicles.VehicleTabHelper_Health [Vehicles]
[LoadTracer] ctor 419/1580: Vehicles.Targeters [Vehicles]
[LoadTracer] ctor 420/1580: Vehicles.Rendering.Gizmo_RefuelableFuelTravel [Vehicles]
[LoadTracer] ctor 421/1580: Vehicles.World.WITab_AerialVehicle_Health [Vehicles]
[LoadTracer] ctor 422/1580: Vehicles.World.TransferableVehicleWidget [Vehicles]
[LoadTracer] ctor 423/1580: Vehicles.World.AerialVehicleTabHelper [Vehicles]
[LoadTracer] ctor 424/1580: Vehicles.World.VehicleCaravan [Vehicles]
[LoadTracer] ctor 425/1580: Vehicles.World.VehicleRoutePlanner [Vehicles]
[LoadTracer] ctor 426/1580: Vehicles.World.AerialVehicleInFlight [Vehicles]
[LoadTracer] ctor 427/1580: XmlExtensions.XmlExtensions [XmlExtensions]
[XML Extensions] Initialized 4 SettingsMenuDef(s) and found 207 unused key(s) from 5 mod(s)
[XML Extensions] 41581 total patch operations run in 287413ms, 7 failed
[XML Extensions] Emitted 4 mod class(es)
[LoadTracer] ctor 428/1580: XmlExtensions.XmlTextures [XmlExtensions]
[LoadTracer] ctor 429/1580: HugsLib.Logs.Dialog_PublishLogs [HugsLib]
[LoadTracer] ctor 430/1580: HugsLib.Logs.LogWindowExtensions [HugsLib]
[LoadTracer] ctor 431/1580: HugsLib.Quickstart.QuickstartController [HugsLib]
[LoadTracer] ctor 432/1580: HugsLib.News.UpdateFeatureImageLoader [HugsLib]
[LoadTracer] ctor 433/1580: HugsLib.Core.HugsLibTextures [HugsLib]
[LoadTracer] ctor 434/1580: HugsLib.Core.StaticInitializer [HugsLib]
[LoadTracer] ctor 435/1580: ModSettingsFramework.Startup [0ModSettingsFramework]
[LoadTracer] ctor 436/1580: KCSG.Postfix_SettlementUtility_Attack [KCSG]
[LoadTracer] ctor 437/1580: KCSG.HarmonyInit [KCSG]
[LoadTracer] ctor 438/1580: KCSG.StartupActions [KCSG]
KCSG has Created 9670 symbolDefs for vanilla and DLCs
[LoadTracer] ctor 439/1580: KCSG.Dialog_ExportWindow [KCSG]
[LoadTracer] ctor 440/1580: KCSG.Postfix_Page_ConfigureStartingPawns_PreOpen [KCSG]
[LoadTracer] ctor 441/1580: KCSG.PrepareCarefully_Util [KCSG]
[LoadTracer] ctor 442/1580: MVCF.MVCF [MVCF]
[LoadTracer] ctor 443/1580: MVCF.VerbComps.CommandPart_Cooldown [MVCF]
[LoadTracer] ctor 444/1580: MVCF.ModCompat.DualWieldCompat [MVCF]
[LoadTracer] ctor 445/1580: MVCF.Commands.Command_VerbTargetExtended [MVCF]
[LoadTracer] ctor 446/1580: Outposts.HarmonyPatches [Outposts]
[LoadTracer] ctor 447/1580: Outposts.TexOutposts [Outposts]
[LoadTracer] ctor 448/1580: Outposts.WITab_Outpost_Health [Outposts]
[LoadTracer] ctor 449/1580: PipeSystem.AutoLinkRefuelables [PipeSystem]
[LoadTracer] ctor 450/1580: PipeSystem.Building_PipeValve [PipeSystem]
[LoadTracer] ctor 451/1580: PipeSystem.CachedAdvancedProcessorsManager [PipeSystem]
[LoadTracer] ctor 452/1580: PipeSystem.CachedSignals [PipeSystem]
[LoadTracer] ctor 453/1580: PipeSystem.CachedResourceThings [PipeSystem]
[LoadTracer] ctor 454/1580: PipeSystem.CompAdvancedResourceProcessor [PipeSystem]
[LoadTracer] ctor 455/1580: PipeSystem.CompConvertToThing [PipeSystem]
[LoadTracer] ctor 456/1580: PipeSystem.CompResourceProcessor [PipeSystem]
[LoadTracer] ctor 457/1580: PipeSystem.CompResourceStorage [PipeSystem]
[LoadTracer] ctor 458/1580: PipeSystem.GraphicsCache [PipeSystem]
[LoadTracer] ctor 459/1580: PipeSystem.LinkedPipes [PipeSystem]
[LoadTracer] ctor 460/1580: PipeSystem.HarmonyInit [PipeSystem]
[LoadTracer] ctor 461/1580: PipeSystem.MaterialCreator [PipeSystem]
[LoadTracer] ctor 462/1580: VEF.BackwardsCompatibilityMigrationUtility [VEF]
[LoadTracer] ctor 463/1580: VEF.SettingsHelper [VEF]
[LoadTracer] ctor 464/1580: VEF.NonPublicProperties [VEF]
[LoadTracer] ctor 465/1580: VEF.ModSettingsHandler [VEF]
[LoadTracer] ctor 466/1580: VEF.HarmonyPatches [VEF]
[LoadTracer] ctor 467/1580: VEF.ModCompatibilityCheck [VEF]
[LoadTracer] ctor 468/1580: VEF.NonPublicFields [VEF]
[LoadTracer] ctor 469/1580: VEF.NonPublicMethods [VEF]
[LoadTracer] ctor 470/1580: VEF.NonPublicMethods+DualWield [VEF]
[LoadTracer] ctor 471/1580: VEF.NonPublicMethods+RimCities [VEF]
[LoadTracer] ctor 472/1580: VEF.Startup [VEF]
[LoadTracer] ctor 473/1580: VEF.Weathers.WeatherOverlay_Effects [VEF]
[LoadTracer] ctor 474/1580: VEF.Sounds.TextureButton [VEF]
[LoadTracer] ctor 475/1580: VEF.Sounds.VEDebug [VEF]
[LoadTracer] ctor 476/1580: VEF.AI.DraftGizmos [VEF]
[LoadTracer] ctor 477/1580: VEF.Planet.MovingBase [VEF]
[LoadTracer] ctor 478/1580: VEF.Planet.HireableSystemStaticInitialization [VEF]
[LoadTracer] ctor 479/1580: VEF.Pawns.VanillaExpandedFramework_PregnancyUtility_PregnancyChanceForPartners_Patch [VEF]
[LoadTracer] ctor 480/1580: VEF.Weapons.VanillaExpandedFramework_PawnRenderUtility_Draw_EquipmentAiming_Patch [VEF]
[LoadTracer] ctor 481/1580: VEF.Weapons.VanillaExpandedFramework_TurretTop_DrawTurret_Patch [VEF]
[LoadTracer] ctor 482/1580: VEF.Weapons.StaticCollectionsClass [VEF]
[LoadTracer] ctor 483/1580: VEF.Weapons.BeamProjectile [VEF]
[LoadTracer] ctor 484/1580: VEF.Weapons.StatPart_Ammo [VEF]
[LoadTracer] ctor 485/1580: VEF.Weapons.VerbUtility [VEF]
[LoadTracer] ctor 486/1580: VEF.Weapons.DefsAlterer [VEF]
[LoadTracer] ctor 487/1580: VEF.Storyteller.RaidPatches [VEF]
[LoadTracer] ctor 488/1580: VEF.Storyteller.Window_Contracts [VEF]
[LoadTracer] ctor 489/1580: VEF.Plants.Plant_WinterBlooming [VEF]
[LoadTracer] ctor 490/1580: VEF.Maps.ActiveTerrainUtility [VEF]
[LoadTracer] ctor 491/1580: VEF.Maps.SectionLayer_CustomRoofGraphic [VEF]
[LoadTracer] ctor 492/1580: VEF.Hediffs.PhasingUtils [VEF]
[LoadTracer] ctor 493/1580: VEF.Hediffs.HediffComp_Spreadable [VEF]
[LoadTracer] ctor 494/1580: VEF.Graphics.Dialog_GraphicCustomization [VEF]
[LoadTracer] ctor 495/1580: VEF.Graphics.GraphicOffsets [VEF]
[LoadTracer] ctor 496/1580: VEF.Graphics.StaticCollectionsClass [VEF]
[LoadTracer] ctor 497/1580: VEF.Genes.GraphicsCache [VEF]
[LoadTracer] ctor 498/1580: VEF.Genes.StaticCollectionsClass [VEF]
[LoadTracer] ctor 499/1580: VEF.Buildings.RecipeInheritance [VEF]
[LoadTracer] ctor 500/1580: VEF.Buildings.StaticCollectionsClass [VEF]
[LoadTracer] ctor 501/1580: VEF.Buildings.CompBouncingArrow [VEF]
[LoadTracer] ctor 502/1580: VEF.Buildings.DoorTeleporter [VEF]
[LoadTracer] ctor 503/1580: VEF.Buildings.Building_AutoDoorLockable [VEF]
[LoadTracer] ctor 504/1580: VEF.Buildings.CompFireOverlayRotatable [VEF]
[LoadTracer] ctor 505/1580: VEF.Buildings.Command_SetItemsToSpawn [VEF]
[LoadTracer] ctor 506/1580: VEF.Buildings.Command_SetStoneType [VEF]
[LoadTracer] ctor 507/1580: VEF.Apparels.CompSwitchApparel [VEF]
[LoadTracer] ctor 508/1580: VEF.Apparels.VanillaShieldsExpandedStartup [VEF]
[LoadTracer] ctor 509/1580: VEF.Apparels.Command_ActionWithCooldown [VEF]
[LoadTracer] ctor 510/1580: VEF.Apparels.CompShieldField [VEF]
[LoadTracer] ctor 511/1580: VEF.Apparels.Gizmo_EnergyShieldGeneratorStatus [VEF]
[LoadTracer] ctor 512/1580: VEF.Apparels.Gizmo_EnergyCompShieldStatus [VEF]
[LoadTracer] ctor 513/1580: VEF.Apparels.CompShieldBubble [VEF]
[LoadTracer] ctor 514/1580: VEF.AnimalBehaviours.CompAttachEffecter [VEF]
[LoadTracer] ctor 515/1580: VEF.AnimalBehaviours.CompMoteReleaser [VEF]
[LoadTracer] ctor 516/1580: VEF.AnimalBehaviours.StaticCollectionsClass [VEF]
[LoadTracer] ctor 517/1580: VEF.AnimalBehaviours.CompGraphicByStyle [VEF]
[LoadTracer] ctor 518/1580: VEF.AnimalBehaviours.CompGraphicByTerrain [VEF]
[LoadTracer] ctor 519/1580: VEF.AnimalBehaviours.CompPawnOverlay [VEF]
[LoadTracer] ctor 520/1580: VEF.Abilities.Command_Ability [VEF]
[LoadTracer] ctor 521/1580: VEF.Abilities.InitializeAbilityComp [VEF]
[LoadTracer] ctor 522/1580: EBSGFramework.Command_AbilityAutocastToggle [EBSGFramework]
[LoadTracer] ctor 523/1580: EBSGFramework.HediffComp_Modular [EBSGFramework]
[LoadTracer] ctor 524/1580: EBSGFramework.HediffComp_Shield [EBSGFramework]
[LoadTracer] ctor 525/1580: EBSGFramework.Gizmo_HediffShieldStatus [EBSGFramework]
[LoadTracer] ctor 526/1580: EBSGFramework.CompShieldEquipment [EBSGFramework]
[LoadTracer] ctor 527/1580: EBSGFramework.Gizmo_ShieldStatus [EBSGFramework]
[LoadTracer] ctor 528/1580: EBSGFramework.GeneGizmo_ResourceGene [EBSGFramework]
[LoadTracer] ctor 529/1580: EBSGFramework.HarmonyPatches [EBSGFramework]
[LoadTracer] ctor 530/1580: EBSGFramework.Building_PawnNeedCharger [EBSGFramework]
[LoadTracer] ctor 531/1580: EBSGFramework.CustomizeableOrbitalStrike [EBSGFramework]
[LoadTracer] ctor 532/1580: WallCommsConsole.HarmonyInit [WallCommsConsole]
[LoadTracer] ctor 533/1580: DisablePseudoTranslate.HarmonyInit+PatchMain [Disable Pseudo Translate]
[LoadTracer] ctor 534/1580: SelectableSculptureGraphic.Main [SelectableSculptureGraphic]
[LoadTracer] ctor 535/1580: FacialAnimation.GraphicPool [FacialAnimation]
[LoadTracer] ctor 536/1580: FacialAnimation.HarmonyPatches [FacialAnimation]
[LoadTracer] ctor 537/1580: FacialAnimation.NL_SelectPartWindow [FacialAnimation]
[LoadTracer] ctor 538/1580: FacialAnimation.UtilModSettings [FacialAnimation]
[LoadTracer] ctor 539/1580: NLCommon.AfterEffectUtils [FacialAnimation]
[LoadTracer] ctor 540/1580: CapturedPersons.HarmonyContainer [CapturedPersons]
[LoadTracer] ctor 541/1580: RedHorse.Core [RedHorse]
[LoadTracer] ctor 542/1580: WallFridgePatch.WallFridgePatchStartup [WallFridgePatch]
[LoadTracer] ctor 543/1580: SR.ModRimWorld.FactionalWar.HarmonyPatches [ModRimworldFactionalWar]
[LoadTracer] ctor 544/1580: SR.ModRimWorld.FactionalWar.SettingWindow [ModRimworldFactionalWar]
[LoadTracer] ctor 545/1580: ActiveTerrain.ActiveTerrainUtility [ActiveTerrain]
Active Terrain Framework initialized. This mod uses Harmony (all patches are non-destructive): Verse.TerrainGrid.SetTerrain, Verse.TerrainGrid.RemoveTopLayer, Verse.MouseoverReadout.MouseoverReadoutOnGUI
[LoadTracer] ctor 546/1580: BiomesPlus.BiomesPlusMod [BiomesPlus]
[LoadTracer] ctor 547/1580: BiomesPlus.WeatherOverlay_Spores [BiomesPlus]
[LoadTracer] ctor 548/1580: AlienWorlds.Startup [AlienWorlds]
[LoadTracer] ctor 549/1580: AlienWorlds.FieldPatcher [AlienWorlds]
[LoadTracer] ctor 550/1580: AlienWorlds.PlanetTypeManager [AlienWorlds]
[LoadTracer] ctor 551/1580: AlienWorlds.WorldbuilderCompat [AlienWorlds]
[LoadTracer] ctor 552/1580: AllowTool.Designator_StripMine [AllowTool]
[LoadTracer] ctor 553/1580: AllowTool.AllowToolDefOf+Textures [AllowTool]
[LoadTracer] ctor 554/1580: CaravanDontRest.HarmonyPatches [AT1.6Vehicle]
[LoadTracer] ctor 555/1580: AlphaBiomes.Command_SetStoneType [AlphaBiomes]
[LoadTracer] ctor 556/1580: AlphaBiomes.CompAlcyoniteSolar [AlphaBiomes]
[LoadTracer] ctor 557/1580: AlphaBiomes.GraphicsCache [AlphaBiomes]
[LoadTracer] ctor 558/1580: AlphaBiomes.Main [AlphaBiomes]
[LoadTracer] ctor 559/1580: AlphaBiomes.AlphaBiomesSettingsHelper [AlphaBiomes]
[LoadTracer] ctor 560/1580: AlphaBiomes.SectionLayer_AsphaltBridges [AlphaBiomes]
[LoadTracer] ctor 561/1580: AlphaBiomes.StaticCollections [AlphaBiomes]
[LoadTracer] ctor 562/1580: AlphaMechs.CompCauseHediff_AoE_WithRestrictions [AlphaMechs]
[LoadTracer] ctor 563/1580: AlphaMechs.CompTargetingBeamBlue [AlphaMechs]
[LoadTracer] ctor 564/1580: AlphaMechs.AlphaMechs_CompShield_Draw_Patch [AlphaMechs]
[LoadTracer] ctor 565/1580: AlphaMechs.AlphaMechs_CompProjectileInterceptor_PostDraw_Patch [AlphaMechs]
[LoadTracer] ctor 566/1580: AlphaMechs.SettingsHelper [AlphaMechs]
[LoadTracer] ctor 567/1580: AlphaMemes.Dialog_ChangeStyles_Swap [AlphaMemes]
[LoadTracer] ctor 568/1580: AlphaMemes.Dialog_ChangeStyles_Swap_Second [AlphaMemes]
[LoadTracer] ctor 569/1580: AlphaMemes.Dialog_ChangeStyles_Area [AlphaMemes]
[LoadTracer] ctor 570/1580: AlphaMemes.AlphaMemes_IdeoUIUtility_DoMemes_Patch [AlphaMemes]
[LoadTracer] ctor 571/1580: AlphaMemes.Main [AlphaMemes]
[LoadTracer] ctor 572/1580: AlphaMemes.SettingsHelper [AlphaMemes]
[LoadTracer] ctor 573/1580: AlphaMemes.Pawn_Detonator [AlphaMemes]
[LoadTracer] ctor 574/1580: AlphaMemes.Building_RumVat [AlphaMemes]
[LoadTracer] ctor 575/1580: AlphaMemes.FuneralFrameWork_StaticStartup [AlphaMemes]
[LoadTracer] ctor 576/1580: AlphaMemes.StaticCollections [AlphaMemes]
[LoadTracer] ctor 577/1580: ambient.HarmonyPatches [ambient]
[LoadTracer] ctor 578/1580: AncientMining.PatchMain [AncientMining]
[LoadTracer] ctor 579/1580: AncientMining.PreApplyDamage_PostFix [AncientMining]
[LoadTracer] ctor 580/1580: AncientMining.CompAutoStoneCutter [AncientMining]
[LoadTracer] ctor 581/1580: AncientMining.StoneCutterUtil [AncientMining]
[LoadTracer] ctor 582/1580: Asimov.AsimovStartup [Asimov]
[LoadTracer] ctor 583/1580: Asimov.GenUtil [Asimov]
[LoadTracer] ctor 584/1580: Asimov.PawnGraphicUtil [Asimov]
[LoadTracer] ctor 585/1580: Asimov.TexUtil [Asimov]
[LoadTracer] ctor 586/1580: Asimov.PawnColumnWorker_Energy [Asimov]
[LoadTracer] ctor 587/1580: Autolinks.Autolinks [Autolinks]
[LoadTracer] ctor 588/1580: CM_Less_Shitty_Ambush.CaravanVisibility_Patches [CM_Less_Shitty_Ambush]
[LoadTracer] ctor 589/1580: CM_Less_Shitty_Ambush.ExitMapGrid_Patches [CM_Less_Shitty_Ambush]
[LoadTracer] ctor 590/1580: CM_Less_Shitty_Ambush.IncidentWorker_Ambush_EnemyFaction_Patches [CM_Less_Shitty_Ambush]
[LoadTracer] ctor 591/1580: CM_Less_Shitty_Ambush.IncidentWorker_Ambush_ManhunterPack_Patches [CM_Less_Shitty_Ambush]
[LoadTracer] ctor 592/1580: CM_Less_Shitty_Ambush.IncidentWorker_CaravanDemand_Patches [CM_Less_Shitty_Ambush]
[LoadTracer] ctor 593/1580: BetterBeggars.BetterBeggars [BetterBeggars]
[LoadTracer] ctor 594/1580: DZY.CrossBreeding.HarmonyPatches [BetterCrossbreeding]
BetterCrossbreeding added CompParentKindDef to 384 egg defs.
[LoadTracer] ctor 595/1580: BetterGrowthMoments.Startup [BetterGrowthMoments]
[ARK - Better Growth Moments] Updating GrowthTiers in-place:
Tier 0: PassChoices=0, PassGains=0, TraitChoices=1, TraitGains=1
Tier 1: PassChoices=0, PassGains=0, TraitChoices=2, TraitGains=1
Tier 2: PassChoices=0, PassGains=0, TraitChoices=3, TraitGains=1
Tier 3: PassChoices=0, PassGains=0, TraitChoices=4, TraitGains=1
Tier 4: PassChoices=1, PassGains=1, TraitChoices=4, TraitGains=1
Tier 5: PassChoices=2, PassGains=1, TraitChoices=4, TraitGains=1
Tier 6: PassChoices=3, PassGains=1, TraitChoices=4, TraitGains=1
Tier 7: PassChoices=4, PassGains=2, TraitChoices=4, TraitGains=1
Tier 8: PassChoices=6, PassGains=3.5, TraitChoices=6, TraitGains=1
[LoadTracer] ctor 596/1580: BetterInfestations.BetterInfestationsMod [BetterInfestations]
[LoadTracer] ctor 597/1580: BetterInfestations.Patches [BetterInfestations]
[LoadTracer] ctor 598/1580: BetterInfestations.TunnelHiveSpawner [BetterInfestations]
[LoadTracer] ctor 599/1580: ModMisMatchWindowPatch.HarmonyPatches [ModMisMatchWindowPatch]
Patching Madeline.ModMismatchWindow
[LoadTracer] ctor 600/1580: BetterProjectileOrigin.BetterProjectileOrigin [BetterProjectileOrigin]
[LoadTracer] ctor 601/1580: BetterProjectileOrigin.BetterProjectileOriginMod [BetterProjectileOrigin]
[LoadTracer] ctor 602/1580: BetterTrees.TransparencyController [BetterTrees]
[LoadTracer] ctor 603/1580: BetterTrees.TextureAndSizeApplier [BetterTrees]
[BetterTrees] Discovered 214 tree types.
[BetterTrees] Queuing settings application...
[LoadTracer] ctor 604/1580: ImprovedWorkbenches.Dialog_ThingFilter [ImprovedWorkbenches]
[LoadTracer] ctor 605/1580: ImprovedWorkbenches.Main [ImprovedWorkbenches]
[LoadTracer] ctor 606/1580: ImprovedWorkbenches.Resources [ImprovedWorkbenches]
[LoadTracer] ctor 607/1580: GravshipSize.GravshipSizeSettings [GravshipSize]
[LoadTracer] ctor 608/1580: BiomeCompatibilityProject.StartUp [BiomeCompatibilityProject]
[LoadTracer] ctor 609/1580: BMT_Fossils.CompDisplayCase [BMT_Fossils]
[LoadTracer] ctor 610/1580: BiomesCore.WaterWalkerPatcher [BiomesCore]
[LoadTracer] ctor 611/1580: BiomesCore.Compatability.FertileFieldsCompatibilityPatch [BiomesCore]
[LoadTracer] ctor 612/1580: BiomesCore.Bridges.SectionLayer_BridgeProps [BiomesCore]
[LoadTracer] ctor 613/1580: BiomesKit.ErrorLogs [BiomesKit]
[LoadTracer] ctor 614/1580: BloodAnimations.ModSupport [BloodAnimations]
[LoadTracer] ctor 615/1580: BreedingRitual.ModInitializer [BreedingRitual]
[LoadTracer] ctor 616/1580: CallForIntel.MyPatcher [CallForIntel]
[LoadTracer] ctor 617/1580: CameraPlus.Assets [CameraPlus]
[LoadTracer] ctor 618/1580: CameraPlus.Refs [CameraPlus]
[LoadTracer] ctor 619/1580: CaravanAdventures.InitPatches [CaravanAdventures]
Caravan Adventures: Applying patch for AlienRaces - adding alienrace corpses to caravan dialog filter
Caravan Adventures: Applying patch to add Alpha Biomes to excluded BiomeDefs for Story Shrine Generation
CA patches complete. v1.8.3 (1.6)
[LoadTracer] ctor 620/1580: CaravanAdventures.Patches.TexCustom [CaravanAdventures]
[LoadTracer] ctor 621/1580: CaravanAdventures.Patches.HarmonyPatcher [CaravanAdventures]
[LoadTracer] ctor 622/1580: CaravanAdventures.CaravanStory.MechChips.Abilities.RapidLaserMote [CaravanAdventures]
[LoadTracer] ctor 623/1580: ChangeMapEdge.ChangeMapEdgeHarmony [ChangeMapEdge]
[LoadTracer] ctor 624/1580: CharacterEditor.CharacterEditorMod [CharacterEditor]
[LoadTracer] ctor 625/1580: ChildrenLearnOnCaravan.HarmonyPatches [ChildrenLearnOnCaravan]
[LoadTracer] ctor 626/1580: ChooseBiomeCommonality.Main [ChooseBiomeCommonality]
[LoadTracer] ctor 627/1580: ChooseWhereToLand.ChooseWhereToLandMod [ChooseWhereToLand]
[LoadTracer] ctor 628/1580: DeepLumpColor.DLCStartup [DeepLumpColor]
[LoadTracer] ctor 629/1580: PeteTimesSix.CompactHediffs.CompactHediffs_PostInit [PeteTimesSix.CompactHediffs]
[LoadTracer] ctor 630/1580: PeteTimesSix.CompactHediffs.Rimworld.CustomHealthCardUtility [PeteTimesSix.CompactHediffs]
[LoadTracer] ctor 631/1580: PeteTimesSix.CompactHediffs.Rimworld.Textures [PeteTimesSix.CompactHediffs]
[LoadTracer] ctor 632/1580: PeteTimesSix.CompactHediffs.ModCompat.ChooseYourMedicine [PeteTimesSix.CompactHediffs]
[LoadTracer] ctor 633/1580: PeteTimesSix.CompactHediffs.ModCompat.EBF [PeteTimesSix.CompactHediffs]
[LoadTracer] ctor 634/1580: PeteTimesSix.CompactHediffs.ModCompat.Pawnmorpher [PeteTimesSix.CompactHediffs]
[LoadTracer] ctor 635/1580: PeteTimesSix.CompactHediffs.ModCompat.SmartMedicine [PeteTimesSix.CompactHediffs]
[LoadTracer] ctor 636/1580: ConfigurableTechprints.CTSettingsScreen [ConfigurableTechprints]
[LoadTracer] ctor 637/1580: CozyFires.CozyFires [CozyFires]
[LoadTracer] ctor 638/1580: CozyFires.Main [CozyFires]
[CozyFires]:Linked 4 cozy fires to 149 beds and chairs.
[LoadTracer] ctor 639/1580: CustomGasTypes.HarmonyPatches [CustomGasTypes]
[LoadTracer] ctor 640/1580: QuestEditor_Library.GameComponent_Editor [QuestEditor_Library]
[LoadTracer] ctor 641/1580: QuestEditor_Library.CQFQuestDefBootstrap [QuestEditor_Library]
[LoadTracer] ctor 642/1580: QuestEditor_Library.CQFEditorTools [QuestEditor_Library]
[LoadTracer] ctor 643/1580: QuestEditor_Library.Designator_CustomLord [QuestEditor_Library]
[LoadTracer] ctor 644/1580: QuestEditor_Library.QuestEditor_Dialog [QuestEditor_Library]
[LoadTracer] ctor 645/1580: QuestEditor_Library.Page_QuestEditor [QuestEditor_Library]
[LoadTracer] ctor 646/1580: QuestEditor_Library.QuestEditor_SaveMapToFile [QuestEditor_Library]
[LoadTracer] ctor 647/1580: QuestEditor_Library.PatchMain [QuestEditor_Library]
[LoadTracer] ctor 648/1580: QuestEditor_Library.QEDefOf [QuestEditor_Library]
[LoadTracer] ctor 649/1580: QuestEditor_Library.CompTransmit [QuestEditor_Library]
[LoadTracer] ctor 650/1580: DancePartyCustomMusic.DancePartyMusicSetup [DancePartyCustomMusic]
[LoadTracer] ctor 651/1580: Bestiary.HarmonyPatches [Bestiary]
[LoadTracer] ctor 652/1580: BloodSuckingAnimals.HarmonyPatches [BloodSuckingAnimals]
[LoadTracer] ctor 653/1580: EmergingAnimals.HarmonyPatches [EmergingAnimals]
[LoadTracer] ctor 654/1580: IllogicalPredator.HarmonyPatches [IllogicalPredator]
[LoadTracer] ctor 655/1580: WanderPreference.HarmonyPatches [WanderPreference]
[LoadTracer] ctor 656/1580: DeathRattle.HarmonyPatches [DeathRattle]
[LoadTracer] ctor 657/1580: DeathRattle.PostDefFixer [DeathRattle]
[LoadTracer] ctor 658/1580: DedicatedTurrets.Building_DedicatedTurret [DedicatedTurrets]
[LoadTracer] ctor 659/1580: DefensivePositions.GearUpAndGoHelper [DefensivePositions]
[LoadTracer] ctor 660/1580: DefensivePositions.DefensivePositions [DefensivePositions]
[LoadTracer] ctor 661/1580: DefensivePositions.Resources+Textures [DefensivePositions]
[LoadTracer] ctor 662/1580: Merthsoft.DesignatorShapes.Icons [Merthsoft.DesignatorShapes]
[LoadTracer] ctor 663/1580: Merthsoft.DesignatorShapes.DesignatorShapes [Merthsoft.DesignatorShapes]
[LoadTracer] ctor 664/1580: DiseaseImmunityProgressTracker.UI.ArteryBlockageWindow [DiseaseImmunityProgressTracker]
[LoadTracer] ctor 665/1580: DiseaseImmunityProgressTracker.UI.ChronicDiseaseWindow [DiseaseImmunityProgressTracker]
[LoadTracer] ctor 666/1580: DiseaseImmunityProgressTracker.UI.CumulativeTendWindow [DiseaseImmunityProgressTracker]
[LoadTracer] ctor 667/1580: DiseaseImmunityProgressTracker.UI.DiseaseGraphWindow [DiseaseImmunityProgressTracker]
[LoadTracer] ctor 668/1580: DiseaseImmunityProgressTracker.UI.FoodPoisoningWindow [DiseaseImmunityProgressTracker]
[LoadTracer] ctor 669/1580: DiseaseImmunityProgressTracker.UI.TimeBasedWindow [DiseaseImmunityProgressTracker]
[LoadTracer] ctor 670/1580: DiseaseImmunityProgressTracker.UI.ToxicBuildupWindow [DiseaseImmunityProgressTracker]
[LoadTracer] ctor 671/1580: DoorsExpanded.PostProcessTextOnStartup [DoorsExpanded]
[LoadTracer] ctor 672/1580: DoorsExpanded.HarmonyPatchesOnStartup [DoorsExpanded]
[LoadTracer] ctor 673/1580: DoorsExpanded.TexButton [DoorsExpanded]
[LoadTracer] ctor 674/1580: DoorsExpanded.TexOverlay [DoorsExpanded]
[LoadTracer] ctor 675/1580: DubRoss.Dialog_BobRoss [DubsPaintShop]
[LoadTracer] ctor 676/1580: DubRoss.MP_Util [DubsPaintShop]
[LoadTracer] ctor 677/1580: DubRoss.HarmonyPatches [DubsPaintShop]
[LoadTracer] ctor 678/1580: DubsBadHygiene.Building_BurnPit [BadHygiene]
[LoadTracer] ctor 679/1580: DubsBadHygiene.Building_Composter [BadHygiene]
[LoadTracer] ctor 680/1580: DubsBadHygiene.Building_FillableThing [BadHygiene]
[LoadTracer] ctor 681/1580: DubsBadHygiene.Building_WashingMachine [BadHygiene]
[LoadTracer] ctor 682/1580: DubsBadHygiene.Building_washbucket [BadHygiene]
[LoadTracer] ctor 683/1580: DubsBadHygiene.Building_WaterTrough [BadHygiene]
[LoadTracer] ctor 684/1580: DubsBadHygiene.PlaceWorker_UserGrid [BadHygiene]
[LoadTracer] ctor 685/1580: DubsBadHygiene.CompAirconBaseUnit [BadHygiene]
[LoadTracer] ctor 686/1580: DubsBadHygiene.CompAirconIndoorUnit [BadHygiene]
[LoadTracer] ctor 687/1580: DubsBadHygiene.CompRoomUnit [BadHygiene]
[LoadTracer] ctor 688/1580: DubsBadHygiene.CompFreezerUnit [BadHygiene]
[LoadTracer] ctor 689/1580: DubsBadHygiene.Gizmo_BoilerStatus [BadHygiene]
[LoadTracer] ctor 690/1580: DubsBadHygiene.CompHeatStore [BadHygiene]
[LoadTracer] ctor 691/1580: DubsBadHygiene.Command_SetTargetDrainLevel [BadHygiene]
[LoadTracer] ctor 692/1580: DubsBadHygiene.CompWaterInlet [BadHygiene]
[LoadTracer] ctor 693/1580: DubsBadHygiene.CompWaterStorage [BadHygiene]
[LoadTracer] ctor 694/1580: DubsBadHygiene.CompWindPump [BadHygiene]
[LoadTracer] ctor 695/1580: DubsBadHygiene.SectionLayer_FertilizerGrid [BadHygiene]
[LoadTracer] ctor 696/1580: DubsBadHygiene.SectionLayer_Irrigation [BadHygiene]
[LoadTracer] ctor 697/1580: DubsBadHygiene.XSectionLayer_Sewage [BadHygiene]
[LoadTracer] ctor 698/1580: DubsBadHygiene.DebugButtonsPatch [BadHygiene]
[LoadTracer] ctor 699/1580: DubsBadHygiene.Dialog_DebugHygiene [BadHygiene]
[LoadTracer] ctor 700/1580: DubsBadHygiene.GraphicsCache [BadHygiene]
[LoadTracer] ctor 701/1580: DubsBadHygiene.SanitationUtil [BadHygiene]
[LoadTracer] ctor 702/1580: DubsBadHygiene.Patches.HarmonyPatches_Fertilizer [BadHygiene]
[LoadTracer] ctor 703/1580: DubsBadHygiene.Patches.HarmonyPatches_Plumbing [BadHygiene]
[LoadTracer] ctor 704/1580: DubsBadHygiene.Patches.HarmonyPatches_Thirst [BadHygiene]
[LoadTracer] ctor 705/1580: DubsBadHygiene.Patches.HarmonyPatches [BadHygiene]
[LoadTracer] ctor 706/1580: DubsMintMenus.MainTabWindow_MintBillMenu [DubsMintMenus]
[LoadTracer] ctor 707/1580: DubsMintMenus.DubGUI [DubsMintMenus]
[LoadTracer] ctor 708/1580: DubsMintMenus.Patch_CompAssignableToPawn [DubsMintMenus]
[LoadTracer] ctor 709/1580: DubsMintMenus.Dialog_AssignBuildingOwner [DubsMintMenus]
[LoadTracer] ctor 710/1580: DubsMintMenus.MintPawns_Health [DubsMintMenus]
[LoadTracer] ctor 711/1580: DubsMintMenus.MintPawns_Gear [DubsMintMenus]
[LoadTracer] ctor 712/1580: DubsMintMenus.MainTabWindow_MayaMenu [DubsMintMenus]
[LoadTracer] ctor 713/1580: DubsMintMenus.MainTabWindow_MintResearch [DubsMintMenus]
[LoadTracer] ctor 714/1580: DubsMintMenus.Patch_HealthCardUtility [DubsMintMenus]
[LoadTracer] ctor 715/1580: DubsMintMenus.HarmonyPatches [DubsMintMenus]
[LoadTracer] ctor 716/1580: DubsMintMenus.MainTabWindow_MintArchitect [DubsMintMenus]
[LoadTracer] ctor 717/1580: DubsMintMenus.Mint_StatsReportUtility [DubsMintMenus]
[LoadTracer] ctor 718/1580: DubsMintMenus.MP_Util [DubsMintMenus]
[LoadTracer] ctor 719/1580: DubsMintMenus.Dialog_PowerManager [DubsMintMenus]
[LoadTracer] ctor 720/1580: DubsMintMenus.Dialog_Options [DubsMintMenus]
[LoadTracer] ctor 721/1580: DubsMintMenus.Patch_BillStack_DoListing [DubsMintMenus]
[LoadTracer] ctor 722/1580: DubsMintMenus.Dialog_FancyDanPlantSetterBob [DubsMintMenus]
[LoadTracer] ctor 723/1580: DubsMintMenus.Patch_Command_SetPlantToGrow [DubsMintMenus]
[LoadTracer] ctor 724/1580: DubsMintMenus.CommandGrow [DubsMintMenus]
[LoadTracer] ctor 725/1580: DubsMintMenus.HarmonyPatches+Patch_FinishProject [DubsMintMenus]
[LoadTracer] ctor 726/1580: DubsMintMinimap.DubGUI [DubsMintMinimap]
[LoadTracer] ctor 727/1580: DubsMintMinimap.H_DoPlaySettingsGlobalControls [DubsMintMinimap]
[LoadTracer] ctor 728/1580: DubsMintMinimap.MainTabWindow_MiniMapSetting [DubsMintMinimap]
[LoadTracer] ctor 729/1580: DubsMintMinimap.MainTabWindow_MiniMap [DubsMintMinimap]
[LoadTracer] ctor 730/1580: DubsMintMinimap.MotePlayerPing [DubsMintMinimap]
[LoadTracer] ctor 731/1580: DubsMintMinimap.MP_Util [DubsMintMinimap]
[LoadTracer] ctor 732/1580: DubsMintMinimap.GraphicsCache [DubsMintMinimap]
[LoadTracer] ctor 733/1580: ColourPicker.colourPicker [DubsMintMinimap]
[LoadTracer] ctor 734/1580: Dubs_Rimkit.VersionCheck [Dubs Rimkit]
[LoadTracer] ctor 735/1580: Blues.ForgeInit [BluesForge]
[Forge] prettified 30 fire overlays.
[LoadTracer] ctor 736/1580: EnableOversizedWeapons.HarmonyPatch [EnableOversizedWeapons]
[LoadTracer] ctor 737/1580: FFAnimals.FFAnimalsStartup [FFAnimals]
<color=#CB53E0FF>:: Erin's Final Fantasy Animals ::</color> Setting ERN_Amaro trainability to Advanced
<color=#CB53E0FF>:: Erin's Final Fantasy Animals ::</color> Setting ERN_BigCarbuncle trainability to Advanced
<color=#CB53E0FF>:: Erin's Final Fantasy Animals ::</color> Setting ERN_Carbuncle trainability to Advanced
<color=#CB53E0FF>:: Erin's Final Fantasy Animals ::</color> Setting ERN_Chocobo trainability to Intermediate
[LoadTracer] ctor 738/1580: Meow.Comp_PawnRenderAdjuster [FaceAddon]
[LoadTracer] ctor 739/1580: FaceAddon.FaceAddonComp [FaceAddon]
[LoadTracer] ctor 740/1580: FaceAddon.HarmonyInit [FaceAddon]
[LoadTracer] ctor 741/1580: FactionCustomizer.ModTextures [FactionCustomizer]
[LoadTracer] ctor 742/1580: MURFactionRaidCooldown.HarmonyPatcher [FactionRaidCooldown]
[LoadTracer] ctor 743/1580: FahrenheitAndCelcius.FahrenheitAndCelcius [FahrenheitAndCelsius]
[LoadTracer] ctor 744/1580: FloatSubMenus.Patches [FloatSubMenu]
[LoadTracer] ctor 745/1580: MapPreview.MapPreviewWidget [MapPreview]
[LoadTracer] ctor 746/1580: MapPreview.TrueTerrainColors [MapPreview]
[TrueTerrainColors v1.12.26.1] Loaded cached true colors for 1791 terrain defs from file.
[LoadTracer] ctor 747/1580: GeologicalLandforms.UserInterfaceUtils [GeologicalLandforms]
[LoadTracer] ctor 748/1580: GiddyUp.ResourceBank [GiddyUpCore]
[LoadTracer] ctor 749/1580: GiddyUp.Setup [GiddyUpCore]
[LoadTracer] ctor 750/1580: GiddyUpCore.Temporary.YayosAnimation_YesItsMe [GiddyUpCore]
[LoadTracer] ctor 751/1580: Rimball.ResourceBank [GravshipExport]
[LoadTracer] ctor 752/1580: GravshipExport.HarmonyInit [GravshipExport]
[LoadTracer] ctor 753/1580: Gravship_Raids.DebugActionsGravshipRaidTemplates [Gravship Raids]
[LoadTracer] ctor 754/1580: Gravship_Raids.DebugActionsGravshipRaidPrefabCapture [Gravship Raids]
[LoadTracer] ctor 755/1580: Gravship_Raids.DebugActionsShuttleRaidTemplates [Gravship Raids]
[LoadTracer] ctor 756/1580: RimWorldGravshipRangeOnMapMod.Main [RimWorldGravshipRangeOnMapMod]
RimWorldGravshipRangeOnMapMod.Main Starting up...
[LoadTracer] ctor 757/1580: Shrinez.ShrineNoSkipPatch [shrineworkpéntek]
[LoadTracer] ctor 758/1580: HarvestWhenButchering.HarvestWhenButcheringMod [HarvestWhenButchering]
[LoadTracer] ctor 759/1580: HarvestWhenButchering.Main [HarvestWhenButchering]
[LoadTracer] ctor 760/1580: Horrors.BiomeWorker_HorrorWastes [Horrors]
[LoadTracer] ctor 761/1580: Horrors.HarmonyPatches [Horrors]
[LoadTracer] ctor 762/1580: Horrors.HorrorsHive [Horrors]
[LoadTracer] ctor 763/1580: MorePrecepts.HarmonyPatches [MorePrecepts]
[LoadTracer] ctor 764/1580: MakePawnsPrisoners.HarmonyPatches [MakePawnsPrisoners]
[LoadTracer] ctor 765/1580: MURIncidentDisabler.HarmonyPatcher [IncidentDisabler]
[LoadTracer] ctor 766/1580: MURIncidentDisabler.Startup [IncidentDisabler]
[LoadTracer] ctor 767/1580: MUR_ISiD.HarmonyPatcher [InfestationSpawnInDark]
[LoadTracer] ctor 768/1580: GravTide.MapComponent_Caustics [GravTide]
[LoadTracer] ctor 769/1580: GravTide.GravTideMain [GravTide]
[GravTide] terrain labels: the tide reads as "shallow ocean water"
[GravTide] retired terrain: GravTide_TidalWater was hash 53380, GravTide_ShoalWater was hash 52248; a save holding either resolves to shallow ocean water
[GravTide] Harmony patches applied to 231 methods:
  MouseoverReadout.MouseoverReadoutOnGUI
  LetterStack.ReceiveLetter
  SoundStarter.PlayOneShot
  CaravanEnterMapUtility.Enter
  CaravanEnterMapUtility.Enter
  Caravan_PathFollower.get_MovingNow
  Caravan_BedsTracker.RecalculateUsedBeds
  Thing.Destroy
  Frame.CompleteConstruction
  TilesPerDayCalculator.ApproxTilesPerDay
  JobGiver_Wander.TryGiveJob
  Caravan_PathFollower.PatherTickInterval
  Caravan_PathFollower.StartPath
  Pawn_RotationTracker.UpdateRotation
  Projectile.get_DamageAmount
  GenConstruct.CanConstruct
  Thing.DeSpawn
  IncidentWorker.TryExecute
  Plant.PlantCollected
  TerrainGrid.SetTerrain
  Pawn.SpawnSetup
  ThingDef.SpecialDisplayStats
  JobGiver_GetRest.GetPriority
  Pawn_MindState.StartFleeingBecauseOfPawnAction
  JobGiver_OptimizeApparel.ApparelScoreGain
  Ideo.MembersCanBuild
  WorldGenStep_Terrain.GenerateTileFor
  WildPlantSpawner.CalculatePlantsWhichCanGrowAt
  IncidentWorker.CanFireNow
  CaravanTicksPerMoveUtility.GetTicksPerMove
  GenRecipe.MakeRecipeProducts
  GenExplosion.DoExplosion
  Building.DeSpawn
  Building.SpawnSetup
  Blueprint.TryReplaceWithSolidThing
  Frame.FailConstruction
  BackCompatibility.BackCompatibleTerrainWithShortHash
  Room.Notify_RoomShapeChanged
  Building_GravEngine.ConsumeFuel
  DropCellFinder.CanPhysicallyDropInto
  DropCellFinder.SkyfallerCanLandAt
  SettlementProximityGoodwillUtility.CheckConfirmSettle
  MapTemperature.get_OutdoorTemp
  SectionLayer_Terrain.Regenerate
  Thing.GetInspectString
  RoofCollapseUtility.WithinRangeOfRoofHolder
  WorldComponent_GravshipController.InitiateTakeoff
  Pawn.SpecialDisplayStats
  WorldInspectPane.get_TileInspectString
  GenConstruct.CanPlaceBlueprintOver
  GenSpawn.SpawningWipes
  GenConstruct.CanBuildOnTerrain
  ThoughtWorker_PsychicDrone.CurrentStateInternal
  CompScanner.get_CanUseNow
  RoyalTitlePermitWorker_CallShuttle.GetReportFromCell
  Skyfaller.Impact
  TendUtility.CalculateBaseTendQuality
  TickManager.TickManagerUpdate
  Caravan.GetInspectString
  WITab_Terrain.ListMiscDetails
  WorldPathGrid.CalculatedMovementDifficultyAt
  Building_TurretGun.get_CanSetForcedTarget
  GridsUtility.GetMaxItemsAllowedInCell
  Verb_MeleeAttackDamage.DamageInfosToApply
  WaterBody.SetFishTypes
  GravshipPlacementUtility.PlaceGravshipInMap
  TerrainGrid.SetUnderTerrain
  Explosion.StartExplosion
  GenStep_ScatterShrines.ShouldSkipMap
  JobGiver_ReactToCloseMeleeThreat.TryGiveJob
  GenUI.ThingsUnderMouse
  EnterPortalUtility.MakeLordsAsAppropriate
  Designator_Deconstruct.DesignateThing
  Designator_Uninstall.DesignateThing
  ITab_Pawn_Gear.TryDrawComfyTemperatureRange
  GravshipPlacementUtility.GetReplacementTerrain
  CompApparelVerbOwner.CanBeUsed
  Verb_LaunchProjectile.Available
  CompMannable.CompFloatMenuOptions
  JobDriver_ManTurret.TryMakePreToilReservations
  OrbitalStrike.StartStrike
  BuildableDef.get_IsResearchFinished
  CompPilotConsole.StartChoosingDestination_NewTemp
  Map.get_CanEverExit
  Verb.get_EffectiveRange
  Thing.DirtyMapMesh
  FilthMaker.TryMakeFilth
  SteadyEnvironmentEffects.DoCellSteadyEffects
  FireUtility.TryStartFireIn
  FireUtility.ChanceToStartFireIn
  FireUtility.TryAttachFire
  FleckMaker.ThrowMicroSparks
  FleckManager.CreateFleck
  FleckMaker.ThrowFireGlow
  WeatherEvent_LightningStrike.DoStrike
  GlowGrid.RegisterGlower
  GlowGrid.DeRegisterGlower
  GlowGrid.GlowGridUpdate_First
  Room.Notify_RoofChanged
  Room.Notify_TerrainChanged
  IncidentWorker.SendStandardLetter
  CompGlower.get_GlowRadius
  PlaceWorker_GlowRadius.DrawGhost
  SampleOneShot.TryMakeAndPlay
  Skyfaller.SpawnSetup
  CameraShaker.DoShake
  Skyfaller.get_CurrentSpeed
  Zone_Growing.GetInspectString
  ITab_Fishing..ctor
  WildAnimalSpawner.CommonalityOfAnimalNow
  WildPlantSpawner.get_CurrentPlantDensityFactor
  WildAnimalSpawner.get_DesiredAnimalDensity
  WorkGiver_GrowerSow.JobOnCell
  WorkGiver_PlantSeed.HasJobOnThing
  WorkGiver_PlantSeed.JobOnThing
  Plant.get_DyingBecauseExposedToVacuum
  Plant.get_CurrentDyingDamagePerTick
  Plant.get_GrowthPerTick
  Bill_Production.GetBillDialog
  SteadyEnvironmentEffects.FinalDeteriorationRate
  FishingUtility.GetCatchesFor
  ITab_Fishing.FillTab
  Section.RegenerateDirtyLayers
  GenStep_FindPlayerStartSpot.Generate
  GenStep_Animals.Generate
  WindManager.get_WindSpeed
  IncidentWorker_ResourcePodCrash.TryExecuteWorker
  CompDissolutionEffect_Pollution.DoDissolutionEffectMap
  QuestGen_Get.GetMap
  IncidentWorker_PawnsArrive.FactionCanBeGroupSource
  GridsUtility.GetAffordances
  CameraJumper.GetWorldTargetOfMap
  TileFinder.IsValidTileForNewSettlement
  TileMutatorDef.IsValidTile
  TerrainGrid.RemoveGravshipTerrainUnsafe
  TerrainGrid.RemoveFoundation
  SectionLayer_GravshipHull.ShouldDrawCornerPiece
  GenTemperature.TryGetTemperatureForCell
  CompOrbitalScanner.CompTick
  CompOrbitalScanner.CompInspectStringExtra
  CompAncientUplink.Notify_Hacked
  CompCauseGameCondition_PsychicEmanation.CompInspectStringExtra
  VacuumUtility.PawnVacuumTickInterval
  WorldObject.Tick
  Pawn_MindState.MindStateTickInterval
  TerrainGrid.SetFoundation
  LoadedLanguage.InjectIntoData_AfterImpliedDefs
  WildPlantSpawner.GetWaterPlantDistanceToShoreWeight
  Building_Door.GetInspectString
  WorkGiver_Flick.JobOnThing
  HediffGiver_VacuumBurn.OnIntervalPassed
  CompOxygenPusher.CompTickRare
  VacuumComponent.ExchangeRoomVacuum
  Building_VacBarrier.get_ExchangeVacuum
  CompTransporter.get_MassUsage
  ITab_ContentsTransporter.get_container
  WITab_Caravan_Items.CacheItems
  CompTransporter.CleanUpLoadingVars
  TouchPathEndModeUtility.IsAdjacentOrInsideAndAllowedToTouch
  TouchPathEndModeUtility.AddAllowedAdjacentRegions
  PathFinder.MakeDestination
  RCellFinder.TryFindGoodAdjacentSpotToTouch
  CaravanTicksPerMoveUtility.GetTicksPerMove
  CompTransporter.PostDeSpawn
  CompTransporter.CompGetGizmosExtra
  CompTransporter.CancelLoad
  CostListCalculator.CostListAdjusted
  Caravan_BedsTracker.GetUsableBeds
  ThoughtWorker_SharedBed.CurrentStateInternal
  Frame.DrawAt
  Prefs.set_DevMode
  Pawn.get_DrawPos
  Caravan.get_MassCapacity
  Caravan.get_MassCapacityExplanation
  Caravan.get_MassUsage
  ITab_ContentsTransporter.OnDropThing
  JobDriver_EnterTransporter.MakeNewToils
  CaravanInventoryUtility.AllInventoryItems
  CaravanAbandonOrBanishUtility.TryAbandonOrBanishViaInterface
  CaravanAbandonOrBanishUtility.TryAbandonOrBanishViaInterface
  CaravanAbandonOrBanishUtility.TryAbandonSpecificCountViaInterface
  CaravanAbandonOrBanishUtility.TryAbandonSpecificCountViaInterface
  Designator_ZoneAdd_Fishing.CanDesignateCell
  WorkGiver_Fish.BestStandSpotFor
  Caravan_NeedsTracker.GetCurrentJoyGainPerTick
  Caravan_NeedsTracker.GetAvailableJoyKindsFor
  WorldPathing.FindPath
  World.Impassable
  WorldPathGrid.Passable
  WorldPathGrid.PassableFast
  WorldGrid.GetRoadMovementDifficultyMultiplier
  WorldPathGrid.PerceivedMovementDifficultyAt
  Caravan_PathFollower.IsNextTilePassable
  Caravan.get_CantMove
  CaravanUtility.BestGotoDestNear
  CaravanArrivalTimeEstimator.EstimatedTicksToArrive
  CaravanArrivalTimeEstimator.EstimatedTicksToArrive
  WorldReachability.CanReach
  WorldReachability.CanReach
  Dialog_FormCaravan.get_MassCapacity
  Dialog_FormCaravan.get_MassUsage
  Caravan_NeedsTracker.TrySatisfyRestNeed
  GravshipUtility.TravelTo
  GravshipUtility.AbandonMap
  WorldComponent_GravshipController.BeginTakeoffCutscene
  WorldComponent_GravshipController.BeginLandingCutscene
  PocketMapUtility.DestroyPocketMap
  MapParent.Abandon
  JobGiver_AnimalFlee.TryGiveJob
  GenCelestial.CurShadowStrength
  SettlementProximityGoodwillUtility.GetConfirmationDescriptions
  WorldComponent_GravshipController.PlaceGravship
  GravshipUtility.ArriveExistingMap
  GravshipUtility.ArriveNewMap
  RaidStrategyWorker.CanUseWith
  MapPlantGrowthRateCalculator.BuildFor
  DateNotifier.AnyPlayerHomeAvgTempIsLowInWinter
  MapTemperature.LocalSeasonsAreMeaningful
  MapTemperature.get_SeasonalTemp
  IncidentWorker_GiveQuest.CanFireNowSub
  GameCondition.CanApplyOnMap
  Building_CommsConsole.get_CanUseCommsNow
  Building_CommsConsole.GetFailureReason
  Region.DangerFor
  Pawn.get_HarmedByVacuum
  Pawn.get_ConcernedByVacuum
  Building_Door.DoorOpen
  Building_Door.DoorTryClose
  SteadyEnvironmentEffects.ProtectedByEdifice
  DropCellFinder.GetBestShuttleLandingSpot
  CaravanArrivalAction_Enter.Arrived
[LoadTracer] ctor 770/1580: GravTide.Building_FishLure [GravTide]
[LoadTracer] ctor 771/1580: GravTide.MapComponent_FishShadows [GravTide]
[LoadTracer] ctor 772/1580: GravTide.SequencerFilter [GravTide]
[GravTide] sequencer bill: 45 admitted def(s) carry genes, 44 do not and were taken off the filter - DA_Fish_SnappingTadpole, swfish_Burra, swfish_Dactopus, swfish_Daggert, swfish_Doshianjelly, swfish_Faa, swfish_FleekEel, swfish_Laa, swfish_Nyork, swfish_PaddyFrog, swfish_Ray, swfish_See, swfish_SinkCrab, BMT_BlindTetra, BMT_DevilsPupfish, BMT_GhostShrimp, BMT_Rocktooth, BMT_CaveAngelFish, BMT_Lumineel, BMT_RockLobster, BMT_StoneSalamander, BMT_BlindCatfish, BMT_Boneblade, BMT_GiantCaveCrab, BMT_GlowCuttlefish, VCEF_AbyssalEel, VCEF_BloodLeech, VCEF_BorealSardine, VCEF_DuskySprat, VCEF_ForsakenAnglerfish, VCEF_FrigidSwimmer, VCEF_GiantPolarPrawn, VCEF_HabdakLongfin, VCEF_Jellyfungus, VCEF_MudSplasherCarp, VCEF_MutantFlatfish, VCEF_OcularFish, VCEF_PinkBlobfish, VCEF_PropaneBag, VCEF_ShadowFry, VCEF_Slimefish, VCEF_Spiderfish, VCEF_Spinyfish, VCEF_Sturgeon
[LoadTracer] ctor 773/1580: GravTide.WhaleCatchLook [GravTide]
[GravTide] named 2 corpse(s) standing in a fish list after the animal rather than after the body
[LoadTracer] ctor 774/1580: GravTide.Building_Hatch [GravTide]
[LoadTracer] ctor 775/1580: GravTide.CompPressuriser [GravTide]
[LoadTracer] ctor 776/1580: GravTide.SectionLayer_Flooded [GravTide]
[LoadTracer] ctor 777/1580: GravTide.CompWasteTank [GravTide]
[LoadTracer] ctor 778/1580: GravTide.CompShipCore [GravTide]
[LoadTracer] ctor 779/1580: GravTide.DeckStorageRule [GravTide]
[GravTide] deck storage rule applied to 197 storage def(s)
[LoadTracer] ctor 780/1580: GravTide.CompAbandonAnchorage [GravTide]
[LoadTracer] ctor 781/1580: GravTide.Vessel+KeyCheck [GravTide]
[LoadTracer] ctor 782/1580: RimMandrake.Ninefold.NinefoldMod [RimMandrakeNinefold]
[RimMandrake.Ninefold] ready: 16 event-hook patches.
[LoadTracer] ctor 783/1580: RimMandrake.Visibility.VisibilityModInit [RimMandrakeVisibility]
[LoadTracer] ctor 784/1580: RimMandrake.Graffiti.ModExtension_Graffiti_Validator [RimMandrakeGraffiti]
[LoadTracer] ctor 785/1580: RimMandrake.Graffiti.BreachBiasHookMod [RimMandrakeGraffiti]
[LoadTracer] ctor 786/1580: RimMandrake.Inhabited.InhabitedMod [Inhabited]
[RimMandrake.Inhabited] ready: 2 patches, 294 characters, 4 places, 0 casts.
[LoadTracer] ctor 787/1580: InjuredCarry.HarmonyInit [InjuredCarry]
[LoadTracer] ctor 788/1580: Bubbles.Core.Textures [Bubbles]
[LoadTracer] ctor 789/1580: ListingExtension [InteractionAreaSettings]
[LoadTracer] ctor 790/1580: InteractionAreaSettings.InteractionAreaSettingsMod [InteractionAreaSettings]
[LoadTracer] ctor 791/1580: InteractionAreaSettings.Main [InteractionAreaSettings]
[LoadTracer] ctor 792/1580: SmallWireGoAway [GoAwaySmallWire]
[LoadTracer] ctor 793/1580: RimMandrake.Utinni.PlantGrowth.JawaPlantGrowthMod [JawaPlantGrowth]
[RimMandrake.Utinni.PlantGrowth] scaling 749 plant defs (default x4, tree x2.5), 8 exempt, 1 terminator biome(s) at x0.4.
[LoadTracer] ctor 794/1580: RimMandrake.StarWars.JawaRules.JawaRulesMod [JawaRules]
[RimMandrake.StarWars.JawaRules] no-sow: armed for xenotype RSW_MandrakeJawa
[RimMandrake.StarWars.JawaRules] droid-relations: armed for humanlike pawns with no relations tracker
[RimMandrake.StarWars.JawaRules] pet-names: armed; tamed and newborn animals will draw from their race namer
[RimMandrake.StarWars.JawaRules] world-labels: armed; world feature names peak at 0.60 alpha instead of 0.30
[RimMandrake.StarWars.JawaRules] world-label-lift: armed; world feature names sit 1.50 above the surface instead of 0.40
[LoadTracer] ctor 795/1580: JecsTools.HarmonyPatches [0JecsTools]
[LoadTracer] ctor 796/1580: JecsTools.HarmonyCaravanPatches [0JecsTools]
[LoadTracer] ctor 797/1580: JecsTools.WorldObject_ProgressBar [0JecsTools]
[LoadTracer] ctor 798/1580: JecsTools.TexButton [0JecsTools]
[LoadTracer] ctor 799/1580: AbilityUser.AbilityButtons [AbilityUser]
[LoadTracer] ctor 800/1580: CompActivatableEffect.HarmonyCompActivatableEffect [CompActivatableEffect]
[LoadTracer] ctor 801/1580: DefModExtension_BigBox.HarmonyDefModExtension_BigBox [CompBigBox]
[LoadTracer] ctor 802/1580: CompDeflector.HarmonyCompDeflector [CompDeflector]
[LoadTracer] ctor 803/1580: CompExtraSounds.HarmonyCompExtraSounds [CompExtraSounds]
[LoadTracer] ctor 804/1580: CompInstalledPart.HarmonyCompInstalledPart [CompInstalledPart]
[LoadTracer] ctor 805/1580: CompInstalledPart.InstalledPartFloatMenuRegistration [CompInstalledPart]
[LoadTracer] ctor 806/1580: CompOversizedWeapon.HarmonyCompOversizedWeapon [CompOversizedWeapon]
[LoadTracer] ctor 807/1580: CompSlotLoadable.SlotLoadableFloatMenuRegistration [CompSlotLoadable]
[LoadTracer] ctor 808/1580: CompSlotLoadable.HarmonyCompSlotLoadable [CompSlotLoadable]
[LoadTracer] ctor 809/1580: CompToggleDef.ITab_ToggleDef+AddITabOnStartup [CompToggleDef]
[LoadTracer] ctor 810/1580: PawnShields.HarmonyPatches [PawnShields]
[LoadTracer] ctor 811/1580: PawnShields.Shields [PawnShields]
[LoadTracer] ctor 812/1580: Jewelry.HarmonyInit [Jewelry]
[LoadTracer] ctor 813/1580: DinoShoo.HarmonyPatches [DinoShoo]
[LoadTracer] ctor 814/1580: ExtraButcheringProducts.ExtraButcheringProducts [ExtraButcheringProducts]
[LoadTracer] ctor 815/1580: NepLandOnAnything.LandOnAnything [LandOnAnything]
Land On Anything: Loaded
Land On Anything: Patching Complete
[LoadTracer] ctor 816/1580: LeaveTheMap.LeaveTheMap [LeaveTheMap]
[LoadTracer] ctor 817/1580: JustPutItOverThere.JustPutItOverThere [JustPutItOverThere]
[LoadTracer] ctor 818/1580: KeepConverting.HarmonyPatches [KeepConverting]
[LoadTracer] ctor 819/1580: KeepConverting.HarmonyPatches+Patch_Command_GizmoOnGUIInt_DrawExtraInfo [KeepConverting]
[LoadTracer] ctor 820/1580: DinnerDateWithEuterpe.ClutterDebugCommands [DinnerDateWithEuterpe]
[LoadTracer] ctor 821/1580: RimworldLaserCannon.HarmonyInit [RimworldLaserCannon]
[LoadTracer] ctor 822/1580: RimworldLaserCannon.RimworldLaserCannon_Initializer [RimworldLaserCannon]
[LoadTracer] ctor 823/1580: LayeredApparel.HarmonyPatches [LayeredApparel]
[LoadTracer] ctor 824/1580: LayeredApparel.Startup [LayeredApparel]
[LoadTracer] ctor 825/1580: LightsOut.Common.Glowers [LightsOut]
[LoadTracer] ctor 826/1580: LightsOut.Common.Lights [LightsOut]
[LoadTracer] ctor 827/1580: LightsOut.Common.Rooms [LightsOut]
[LoadTracer] ctor 828/1580: LightsOut.Common.Tables [LightsOut]
[LoadTracer] ctor 829/1580: LightsOut.Common.Resources [LightsOut]
[LoadTracer] ctor 830/1580: LightsOut.Boilerplate.LateInitializeMod [LightsOut]
[LoadTracer] ctor 831/1580: ListingExtension [LinkableSettings]
[LoadTracer] ctor 832/1580: LinkableSettings.LinkableSettingsMod [LinkableSettings]
[LoadTracer] ctor 833/1580: LinkableSettings.Main [LinkableSettings]
[LoadTracer] ctor 834/1580: MapDesigner.Patches.HarmonyPatches+MapDesigner [MapDesigner]
[Map Designer for 1.4] Initializing.... 
[Map Designer] Finding biomes...
[Map Designer] Applying settings
[Map Designer] Terrain settings: Default
[LoadTracer] ctor 835/1580: MapModeFramework.Core [MapModeFramework]
[LoadTracer] ctor 836/1580: MapModeFramework.Materials [MapModeFramework]
[LoadTracer] ctor 837/1580: MapModeFramework.ModCompatibility [MapModeFramework]
[LoadTracer] ctor 838/1580: MapModeFramework.Resources [MapModeFramework]
[LoadTracer] ctor 839/1580: HugsLogPublisher.Dialog_PublishLogs [HugsLogPublisher]
[LoadTracer] ctor 840/1580: MapPreview.MapPreviewToolbar [MapPreviewMod]
[LoadTracer] ctor 841/1580: MapPreview.MapPreviewWidgetWithPreloader [MapPreviewMod]
[LoadTracer] ctor 842/1580: MapPreview.MapSeedRerollWindow [MapPreviewMod]
[LoadTracer] ctor 843/1580: MassLoveIn.Main [MassLoveIn]
[LoadTracer] ctor 844/1580: MeaningfulEncounters.Icons [MeaningfulEncounters]
[LoadTracer] ctor 845/1580: Megafauna.Main [Megafauna]
[LoadTracer] ctor 846/1580: Megafauna.AlphaBehavioursAndEvents [Megafauna]
[LoadTracer] ctor 847/1580: MetalPipe.Harmony_MetalPipe [MetalPipe]
*metal pipe falling sound effect*
[LoadTracer] ctor 848/1580: MilkyWay.MilkyWayAssets [MilkyWay]
[LoadTracer] ctor 849/1580: MilkyWay.PolygonDrawer [MilkyWay]
[LoadTracer] ctor 850/1580: MineSight.MineSightBootstrap [MineSight]
[LoadTracer] ctor 851/1580: MinesAutomated.CreateRecipeDefs [MinesAutomated]
Mines 2.0 -> RecipeDef named MinesAutomated_RecipeDef_MineableSteel added to the mine.
Mines 2.0 -> RecipeDef named MinesAutomated_RecipeDef_MineableComponentsIndustrial added to the mine.
Mines 2.0 -> RecipeDef named MinesAutomated_RecipeDef_LKDurasteel_Ore added to the mine.
Mines 2.0 -> RecipeDef named MinesAutomated_RecipeDef_GLO_MineableGlowstone added to the mine.
Mines 2.0 -> skipped DA_MineableSteelBeetle: Steel can already be mined by another recipe.
Mines 2.0 -> RecipeDef named MinesAutomated_RecipeDef_LKBeskar_Ore added to the mine.
Mines 2.0 -> RecipeDef named MinesAutomated_RecipeDef_LKORComponent_Ore added to the mine.
Mines 2.0 -> RecipeDef named MinesAutomated_RecipeDef_LKPureBeskar_Ore added to the mine.
Mines 2.0 -> RecipeDef named MinesAutomated_RecipeDef_Force_CrystalFormation_Small added to the mine.
Mines 2.0 -> skipped Force_CrystalFormation_Medium: Force_KyberCrystal can already be mined by another recipe.
Mines 2.0 -> skipped Force_CrystalFormation_Large: Force_KyberCrystal can already be mined by another recipe.
Mines 2.0 -> RecipeDef named MinesAutomated_RecipeDef_KOTOR_MineableDurasteel added to the mine.
Mines 2.0 -> RecipeDef named MinesAutomated_RecipeDef_BMT_MineableAmber added to the mine.
Mines 2.0 -> RecipeDef named MinesAutomated_RecipeDef_MineableUranium added to the mine.
Mines 2.0 -> RecipeDef named MinesAutomated_RecipeDef_DV_MineablePyrinth added to the mine.
Mines 2.0 -> RecipeDef named MinesAutomated_RecipeDef_KOTOR_MineableBronzium added to the mine.
Mines 2.0 -> RecipeDef named MinesAutomated_RecipeDef_MineableSilver added to the mine.
Mines 2.0 -> RecipeDef named MinesAutomated_RecipeDef_BMT_MineableFossils added to the mine.
Mines 2.0 -> RecipeDef named MinesAutomated_RecipeDef_KOTOR_MineableRhydonium added to the mine.
Mines 2.0 -> RecipeDef named MinesAutomated_RecipeDef_MineableRuby added to the mine.
Mines 2.0 -> RecipeDef named MinesAutomated_RecipeDef_MineableSapphire added to the mine.
Mines 2.0 -> RecipeDef named MinesAutomated_RecipeDef_MineableGold added to the mine.
Mines 2.0 -> RecipeDef named MinesAutomated_RecipeDef_KOTOR_MineableCortosis added to the mine.
Mines 2.0 -> RecipeDef named MinesAutomated_RecipeDef_MineableJade added to the mine.
Mines 2.0 -> RecipeDef named MinesAutomated_RecipeDef_MineableDiamond added to the mine.
Mines 2.0 -> RecipeDef named MinesAutomated_RecipeDef_KOTOR_MineableSpice added to the mine.
Mines 2.0 -> RecipeDef named MinesAutomated_RecipeDef_MineablePlasteel added to the mine.
Mines 2.0 -> RecipeDef named MinesAutomated_RecipeDef_KOTOR_MineableBeskar added to the mine.
Mines 2.0 -> RecipeDef named MinesAutomated_RecipeDef_BoulderGlacialIce added to the mine.
Mines 2.0 -> RecipeDef named MinesAutomated_RecipeDef_AB_MineableChocolate added to the mine.
Mines 2.0 -> skipped AB_SmoothedChocolate: Chocolate can already be mined by another recipe.
Mines 2.0 -> RecipeDef named MinesAutomated_RecipeDef_SmallFossils added to the mine.
Mines 2.0 -> skipped WeatheredGlacialIce: MF_ChunkIce can already be mined by another recipe.
Mines 2.0 -> skipped MediumFossil: SmallFossil can already be mined by another recipe.
Mines 2.0 -> RecipeDef named MinesAutomated_RecipeDef_PassableSandstone added to the mine.
Mines 2.0 -> skipped SolidGlacialIce: MF_ChunkIce can already be mined by another recipe.
Mines 2.0 -> skipped SmallPassableSandstone: ChunkSandstone can already be mined by another recipe.
Mines 2.0 -> skipped BoulderSandstone: ChunkSandstone can already be mined by another recipe.
Mines 2.0 -> skipped HewnGlacialIce: MF_ChunkIce can already be mined by another recipe.
Mines 2.0 -> skipped LargeFossil: SmallFossil can already be mined by another recipe.
Mines 2.0 -> RecipeDef named MinesAutomated_RecipeDef_LavaFlowBasalt added to the mine.
Mines 2.0 -> RecipeDef named MinesAutomated_RecipeDef_ObsidianFlow added to the mine.
Mines 2.0 -> skipped SmoothedHewnGlacialIce: MF_ChunkIce can already be mined by another recipe.
Mines 2.0 -> RecipeDef named MinesAutomated_RecipeDef_PassableLimestone added to the mine.
Mines 2.0 -> RecipeDef named MinesAutomated_RecipeDef_PassableMarble added to the mine.
Mines 2.0 -> RecipeDef named MinesAutomated_RecipeDef_PassableSlate added to the mine.
Mines 2.0 -> skipped BoulderLimestone: ChunkLimestone can already be mined by another recipe.
Mines 2.0 -> skipped PassableBasalt: MR_ChunkBasalt can already be mined by another recipe.
Mines 2.0 -> RecipeDef named MinesAutomated_RecipeDef_PassableVacstone added to the mine.
Mines 2.0 -> skipped VEE_MineableJadeite: Jade can already be mined by another recipe.
Mines 2.0 -> skipped VEE_SmoothedJadeite: Jade can already be mined by another recipe.
Mines 2.0 -> skipped WeatheredSandstone: ChunkSandstone can already be mined by another recipe.
Mines 2.0 -> RecipeDef named MinesAutomated_RecipeDef_BigAmethystCrystal added to the mine.
Mines 2.0 -> skipped BigQuartzCrystal: RoughGem can already be mined by another recipe.
Mines 2.0 -> skipped BoulderBasalt: MR_ChunkBasalt can already be mined by another recipe.
Mines 2.0 -> skipped BoulderMarble: ChunkMarble can already be mined by another recipe.
Mines 2.0 -> skipped BoulderVacstone: ChunkVacstone can already be mined by another recipe.
Mines 2.0 -> RecipeDef named MinesAutomated_RecipeDef_SlateForest added to the mine.
Mines 2.0 -> skipped SolidSandstone: ChunkSandstone can already be mined by another recipe.
Mines 2.0 -> RecipeDef named MinesAutomated_RecipeDef_PassableGranite added to the mine.
Mines 2.0 -> skipped SmoothedHewnSandstone: ChunkSandstone can already be mined by another recipe.
Mines 2.0 -> skipped HewnSandstone: ChunkSandstone can already be mined by another recipe.
Mines 2.0 -> skipped MineableObsidian: Obsidian can already be mined by another recipe.
Mines 2.0 -> skipped WeatheredLimestone: ChunkLimestone can already be mined by another recipe.
Mines 2.0 -> skipped WeatheredSlate: PassableSlate can already be mined by another recipe.
Mines 2.0 -> skipped SmoothedHewnSlate: ChunkSlate can already be mined by another recipe.
Mines 2.0 -> skipped BoulderGranite: ChunkGranite can already be mined by another recipe.
Mines 2.0 -> skipped HewnSlate: ChunkSlate can already be mined by another recipe.
Mines 2.0 -> skipped SmoothedHewnLimestone: ChunkLimestone can already be mined by another recipe.
Mines 2.0 -> skipped SolidSlate: PassableSlate can already be mined by another recipe.
Mines 2.0 -> skipped GravTide_MineableBandedIron: Steel can already be mined by another recipe.
Mines 2.0 -> skipped HewnLimestone: ChunkLimestone can already be mined by another recipe.
Mines 2.0 -> skipped SolidLimestone: ChunkLimestone can already be mined by another recipe.
Mines 2.0 -> skipped WeatheredBasalt: MR_ChunkBasalt can already be mined by another recipe.
Mines 2.0 -> skipped WeatheredMarble: ChunkMarble can already be mined by another recipe.
Mines 2.0 -> skipped WeatheredOrePlasteel: Plasteel can already be mined by another recipe.
Mines 2.0 -> skipped SmoothedHewnBasalt: MR_ChunkBasalt can already be mined by another recipe.
Mines 2.0 -> skipped SmoothedHewnMarble: ChunkMarble can already be mined by another recipe.
Mines 2.0 -> skipped SmoothedHewnVacstone: ChunkVacstone can already be mined by another recipe.
Mines 2.0 -> skipped SolidBasalt: MR_ChunkBasalt can already be mined by another recipe.
Mines 2.0 -> skipped SolidMarble: ChunkMarble can already be mined by another recipe.
Mines 2.0 -> skipped SolidVacstone: ChunkVacstone can already be mined by another recipe.
Mines 2.0 -> skipped HewnBasalt: MR_ChunkBasalt can already be mined by another recipe.
Mines 2.0 -> skipped HewnMarble: ChunkMarble can already be mined by another recipe.
Mines 2.0 -> skipped HewnOrePlasteel: ComponentIndustrial can already be mined by another recipe.
Mines 2.0 -> skipped HewnVacstone: ChunkVacstone can already be mined by another recipe.
Mines 2.0 -> skipped SolidOrePlasteel: ComponentIndustrial can already be mined by another recipe.
Mines 2.0 -> skipped WeatheredGranite: ChunkGranite can already be mined by another recipe.
Mines 2.0 -> skipped SolidGranite: ChunkGranite can already be mined by another recipe.
Mines 2.0 -> skipped SmoothedHewnGranite: ChunkGranite can already be mined by another recipe.
Mines 2.0 -> skipped HewnGranite: ChunkGranite can already be mined by another recipe.
Mines 2.0 -> RecipeDef named MinesAutomated_RecipeDef_VEE_MineableComponentSpacer added to the mine.
Mines 2.0 -> RecipeDef named MinesAutomated_RecipeDef_AA_SkySteelClumps added to the mine.
Mines 2.0 -> skipped VGE_Compressed_Gold: Gold can already be mined by another recipe.
Mines 2.0 -> skipped VGE_Compressed_Jade: Jade can already be mined by another recipe.
Mines 2.0 -> skipped VGE_Compressed_Silver: Silver can already be mined by another recipe.
Mines 2.0 -> skipped VGE_Compressed_Steel: Steel can already be mined by another recipe.
Mines 2.0 -> skipped VGE_Compressed_Uranium: Uranium can already be mined by another recipe.
Mines 2.0 -> skipped VGE_Compressed_Plasteel: Plasteel can already be mined by another recipe.
Mines 2.0 -> RecipeDef named MinesAutomated_RecipeDef_BMT_NaturalCrystalWall added to the mine.
Mines 2.0 -> skipped SolidIce: MF_ChunkIce can already be mined by another recipe.
Mines 2.0 -> RecipeDef named MinesAutomated_RecipeDef_GU_RoseQuartz added to the mine.
Mines 2.0 -> skipped Sandstone: ChunkSandstone can already be mined by another recipe.
Mines 2.0 -> skipped Marble: ChunkMarble can already be mined by another recipe.
Mines 2.0 -> RecipeDef named MinesAutomated_RecipeDef_AB_Mudstone added to the mine.
Mines 2.0 -> skipped Slate: ChunkSlate can already be mined by another recipe.
Mines 2.0 -> RecipeDef named MinesAutomated_RecipeDef_AB_Cragstone added to the mine.
Mines 2.0 -> skipped Vacstone: ChunkVacstone can already be mined by another recipe.
Mines 2.0 -> RecipeDef named MinesAutomated_RecipeDef_AB_SlimeStone added to the mine.
Mines 2.0 -> skipped Limestone: ChunkLimestone can already be mined by another recipe.
Mines 2.0 -> skipped Granite: ChunkGranite can already be mined by another recipe.
Mines 2.0 -> RecipeDef named MinesAutomated_RecipeDef_GU_AncientMetals added to the mine.
Mines 2.0 -> RecipeDef named MinesAutomated_RecipeDef_AB_Obsidianstone added to the mine.
Mines 2.0 -> skipped MR_BasaltBase: MR_ChunkBasalt can already be mined by another recipe.
Mines 2.0 -> skipped VGE_Compressed_Vacstone: ChunkVacstone can already be mined by another recipe.
[LoadTracer] ctor 852/1580: MinesAutomatedExtension.OnStartup [MinesAutomatedExtension]
Mines 2.0 Extension -> RecipeDef named MinesAutomatedExtension_RecipeDef_OuterRim_Tibanna added to the mine. This recipe is not affected by the mod settings.
Mines 2.0 Extension -> RecipeDef named MinesAutomatedExtension_RecipeDef_OuterRim_Duracrete added to the mine. This recipe is not affected by the mod settings.
Mines 2.0 Extension -> RecipeDef named MinesAutomatedExtension_RecipeDef_OuterRim_Durafiber added to the mine. This recipe is not affected by the mod settings.
Mines 2.0 Extension -> RecipeDef named MinesAutomatedExtension_RecipeDef_OuterRim_Permacrete added to the mine. This recipe is not affected by the mod settings.
Mines 2.0 Extension -> RecipeDef named MinesAutomatedExtension_RecipeDef_OuterRim_Plastcrete added to the mine. This recipe is not affected by the mod settings.
[LoadTracer] ctor 853/1580: MinifyEverything.MinifyMod [MinifyEverything]
[LoadTracer] ctor 854/1580: AlertSpeaker.Building_AlertSpeaker [MiningCo. AlertSpeaker]
[LoadTracer] ctor 855/1580: DrillTurret.Building_DrillTurret [MiningCo. DrillTurret]
[LoadTracer] ctor 856/1580: MobileMineralSonar.Building_MobileMineralSonar [MiningCo. MMS]
[LoadTracer] ctor 857/1580: Spaceship.Building_OrbitalRelay [MiningCo.-Spaceship]
[LoadTracer] ctor 858/1580: Spaceship.FlyingSpaceship [MiningCo.-Spaceship]
[LoadTracer] ctor 859/1580: Spaceship.FlyingSpaceshipAirstrike [MiningCo.-Spaceship]
[LoadTracer] ctor 860/1580: Spaceship.FlyingSpaceshipLanding [MiningCo.-Spaceship]
[LoadTracer] ctor 861/1580: Spaceship.FlyingSpaceshipTakingOff [MiningCo.-Spaceship]
[LoadTracer] ctor 862/1580: ModularWeapons2.ModularWeapons2 [ModularWeapons2]
[MW2]Now Active
[MW2] WeaponRacks detected
[MW2] ShowMeYourHands detected
[MW2] Harmony patch complete!
[MW2] Injected for 17 weapon styles
[MW2] Misc initializations complete!
[LoadTracer] ctor 863/1580: MW2_MVCFModule.MW2_MVCFModule [MW2_MVCFModule]
[MW2_MVCFModule] Loading VEF detected.
[MW2_MVCFModule] Initialize completed!
[LoadTracer] ctor 864/1580: DangerousGame.HarmonyPatches+DangerousGame [DangerousGame]
More Dangerous Game initializing...
[LoadTracer] ctor 865/1580: MoreFactionInteraction.HarmonyPatches [MoreFactionInteraction]
[LoadTracer] ctor 866/1580: MoreFactionInteraction.MoreFactionWar.MainTabWindow_FactionWar [MoreFactionInteraction]
[LoadTracer] ctor 867/1580: MoreSlaveryStuff.Patcher [MoreSlaveryStuff]
[LoadTracer] ctor 868/1580: VanillaBiomes.VanillaBiomesPatches [VanillaBiomes]
More Vanilla Biomes initialized......
[LoadTracer] ctor 869/1580: MutatorWorldIcons.Init [MutatorWorldIcons]
Harmony patches applied for MutatorWorldIcons
[LoadTracer] ctor 870/1580: WorldGenRules.MyLittlePlanet [MyLittlePlanet]
[LoadTracer] ctor 871/1580: NightmareCore.DisplayUtility [NightmareCore]
[LoadTracer] ctor 872/1580: NightmareCore.ItemDisplayParameters [NightmareCore]
[LoadTracer] ctor 873/1580: NightmareCore.ThingComp_ItemDisplay [NightmareCore]
[LoadTracer] ctor 874/1580: NightmareCore.Window_ItemDisplayEditor [NightmareCore]
[LoadTracer] ctor 875/1580: NightmareCore.ThingComp_AutoHaulThingDisplay [NightmareCore]
[LoadTracer] ctor 876/1580: NightmareCore.ThingComp_MultiItemDisplay [NightmareCore]
[LoadTracer] ctor 877/1580: NightmareCore.Window_MultiItemDisplayEditor [NightmareCore]
[LoadTracer] ctor 878/1580: NightmareCore.Patch_Dialog_Options [NightmareCore]
[LoadTracer] ctor 879/1580: NightmareCore.Utilities.UITextures [NightmareCore]
[LoadTracer] ctor 880/1580: NightmareCore.Utilities.UIUtility [NightmareCore]
[LoadTracer] ctor 881/1580: No_Forced_Slowdown.HarmonyPatches [No Forced Slowdown]
[LoadTracer] ctor 882/1580: NoMissingGeneIcons.Main [NoMissingGeneIcons]
[NoMissingGeneIcons]: Fixed missing gene-graphics for 8 ChemicalDefs. 
Glitterstim, Ji rikknit, Battle stimulant, Adrenal stamina, Adrenal alacrity, Adrenal strength, Rhydonium, Spice
[LoadTracer] ctor 883/1580: NoRandomApparelOnIdeoEdit.Bootstrap [NoRandomApparelOnIdeoEdit]
[LoadTracer] ctor 884/1580: NomadFriendlyQuests.NomadQuestSupportBootstrap [NomadFriendlyQuests]
[LoadTracer] ctor 885/1580: NonUnoPinata.NUPUtility [NonUnoPinata]
[LoadTracer] ctor 886/1580: NonUnoPinata.NonUnoPinata [NonUnoPinata]
[LoadTracer] ctor 887/1580: NonUnoPinata.Patches.RPGStyleInventory_NonUnoPinataPatch [NonUnoPinata]
[LoadTracer] ctor 888/1580: NonUnoPinata.Patches.AwesomeInventory_NonUnoPinataPatch [NonUnoPinata]
[LoadTracer] ctor 889/1580: NonDestructiveGravlaunch.NonDestructiveGravlaunch [NonDestructiveGravlaunch]
[Non-Destructive Gravlaunch] Successful initialisation.
[LoadTracer] ctor 890/1580: Numbers.PawnColumnWorker_Ability [Numbers]
[LoadTracer] ctor 891/1580: Numbers.PawnColumnWorker_Bandwidth [Numbers]
[LoadTracer] ctor 892/1580: Numbers.PawnColumnWorker_DiseaseProgression [Numbers]
[LoadTracer] ctor 893/1580: Numbers.PawnColumnWorker_Need [Numbers]
[LoadTracer] ctor 894/1580: Numbers.StaticConstructorOnGameStart [Numbers]
[LoadTracer] ctor 895/1580: SpeedReboost.SpeedReboostHarmonyPatches [OutofCombatSpeedReBoost]
[LoadTracer] ctor 896/1580: SpeedReboost.Startup [OutofCombatSpeedReBoost]
[LoadTracer] ctor 897/1580: SlowerPawnTickRate.HarmonyInit [SlowerPawnTickRate]
[LoadTracer] ctor 898/1580: PersistentPrecepts.PersistentPrecepts [Persistent Precepts]
PersistentPrecepts Loaded
[LoadTracer] ctor 899/1580: Perspective.TextureBank [Perspective]
[LoadTracer] ctor 900/1580: XylRacesCore.Main [XylRacesCore]
[LoadTracer] ctor 901/1580: MemesAndP.HarmonyInit [MemesAndP]
[LoadTracer] ctor 902/1580: PrepareLanding.MonoController [PrepareLanding]
[LoadTracer] ctor 903/1580: PrepareLanding.StaticInitializer [PrepareLanding]
[PrepareLanding] Page_CreateWorldParams.CanDoNext is already patched. Can't instantiate PreciseWorldGeneration...
index: 0; owner: WorldbuilderMod; patch method: Void Prefix(); priority: 400; before: System.String[]; after: System.String[]
----
[PrepareLanding] Preset folder is at: C:/Users/<redacted>/AppData/LocalLow/Ludeon Studios/RimWorld by Ludeon Studios\PrepareLanding
[LoadTracer] ctor 904/1580: PrepareLanding.Core.Gui.Widgets [PrepareLanding]
[LoadTracer] ctor 905/1580: PrepareLanding.Core.Gui.World.WorldLayerBehaviour [PrepareLanding]
[LoadTracer] ctor 906/1580: PrisonersShouldFearTurrets.PrisonersShouldFearTurrets [PrisonersShouldFearTurrets]
[LoadTracer] ctor 907/1580: PrisonersShouldFearTurrets.PrisonersShouldFearTurretsMod [PrisonersShouldFearTurrets]
[LoadTracer] ctor 908/1580: Shrooms.ModInit [shrooms]
Psilocap Cultivation initialized!
[LoadTracer] ctor 909/1580: GermanQualityLF.GermanQualityLF [GermanQuality]
[Quality Affects HP] Mod initiated.
XML EDITING SHENANIGANS START
1 parts
System.Collections.Generic.List`1[RimWorld.StatPart]
found quality StatPart
Set Defs!
[LoadTracer] ctor 910/1580: Leo.RaidProtectionFee.DefPreloader [Leo.RaidProtectionFee]
[LoadTracer] ctor 911/1580: RealisticHumanSounds.HarmonyPatches [RealisticHumanSounds]
[LoadTracer] ctor 912/1580: RecycleThis.RecycleThis [RecycleThis]
[RecycleThis]: Added 13 things to destroy-benches, 6 things to scrap-benches and 7 things to smelt-benches
[LoadTracer] ctor 913/1580: RecycleThis.RecycleThisMod [RecycleThis]
[LoadTracer] ctor 914/1580: RelevantStatsInDescription.RelevantStatsInDescription [RelevantStatsInDescription]
[RelevantStatsInDescription]: Skipping dps-calculation of Mortar as it has no default projectile defined
[RelevantStatsInDescription]: Skipping dps-calculation of Foam turret as its projectile does not cause damage to health
[RelevantStatsInDescription]: Skipping dps-calculation of Wall Emp Turret as its projectile does not cause damage to health
[RelevantStatsInDescription]: Skipping dps-calculation of Naval Wall Emp Turret as its projectile does not cause damage to health
[RelevantStatsInDescription]: Skipping dps-calculation of Farmland Guardian as its projectile does not cause damage to health
[RelevantStatsInDescription]: Skipping dps-calculation of Sludge sprayer as its projectile does not cause damage to health
[RelevantStatsInDescription]: Skipping dps-calculation of Ancient beam cannon as it has no default projectile defined
[RelevantStatsInDescription]: Skipping dps-calculation of Ion surge column as its projectile does not cause damage to health
[RelevantStatsInDescription]: Skipping dps-calculation of Deadlife column as its projectile does not cause damage to health
[RelevantStatsInDescription]: Skipping dps-calculation of Graser cannon complex as it has no default projectile defined
[RelevantStatsInDescription]: Skipping dps-calculation of Heavy incinerator complex as it has no default projectile defined
[RelevantStatsInDescription]: Skipping dps-calculation of Anti-air turret as it has no default projectile defined
[RelevantStatsInDescription]: Skipping dps-calculation of Artillery as it has no default projectile defined
[RelevantStatsInDescription]: Skipping dps-calculation of Searchlight as it has no default projectile defined
[RelevantStatsInDescription]: Skipping dps-calculation of Tesla arc projector as its projectile does not cause damage to health
[RelevantStatsInDescription]: Skipping dps-calculation of Point defense turret as it has no default projectile defined
[RelevantStatsInDescription]: Skipping dps-calculation of Foam belcher as its projectile does not cause damage to health
[RelevantStatsInDescription]: Skipping dps-calculation of Infantry mortar as it has no default projectile defined
[RelevantStatsInDescription]: Skipping dps-calculation of Multi-barrel mortar launcher as it has no default projectile defined
[RelevantStatsInDescription]: Skipping dps-calculation of Field howitzer as it has no default projectile defined
[RelevantStatsInDescription]: Skipping dps-calculation of Field cannon as it has no default projectile defined
[RelevantStatsInDescription]: Skipping dps-calculation of Gravlite defense turret as it has no default projectile defined
[RelevantStatsInDescription]: Skipping dps-calculation of Field gun as it has no default projectile defined
[LoadTracer] ctor 915/1580: RelevantStatsInDescription.RelevantStatsInDescriptionMod [RelevantStatsInDescription]
[LoadTracer] ctor 916/1580: PeteTimesSix.ResearchReinvented.ResearchReinvented_PostInit [ResearchReinvented]
[LoadTracer] ctor 917/1580: PeteTimesSix.ResearchReinvented.StringsCache [ResearchReinvented]
[LoadTracer] ctor 918/1580: PeteTimesSix.ResearchReinvented.Rimworld.DebugMenuEntries [ResearchReinvented]
[LoadTracer] ctor 919/1580: PeteTimesSix.ResearchReinvented.Rimworld.Textures [ResearchReinvented]
[LoadTracer] ctor 920/1580: PeteTimesSix.ResearchReinvented.ModCompat.DubsMintMenus [ResearchReinvented]
[LoadTracer] ctor 921/1580: PeteTimesSix.ResearchReinvented.ModCompat.HumanoidAlienRaces [ResearchReinvented]
[LoadTracer] ctor 922/1580: PeteTimesSix.ResearchReinvented.ModCompat.ResearchData [ResearchReinvented]
[LoadTracer] ctor 923/1580: PeteTimesSix.ResearchReinvented.Utilities.CustomWidgets.CategoriesVisualizer [ResearchReinvented]
[LoadTracer] ctor 924/1580: PeteTimesSix.ResearchReinvented.Utilities.CustomWidgets.CustomFloatRange [ResearchReinvented]
[LoadTracer] ctor 925/1580: InfoCardPatches.Startup [InfoCardPatches]
[LoadTracer] ctor 926/1580: ResourceDictionary.Startup [ResourceDictionary]
[LoadTracer] ctor 927/1580: BoneMod.HarmonyPatches [BoneMod]
[LoadTracer] ctor 928/1580: RimAI.Framework.Shared.Logging.RimAILoggerBootstrap [RimAI.Framework]
[LoadTracer] ctor 929/1580: Rimefeller.Building_ResourceConsole [Rimefeller]
[LoadTracer] ctor 930/1580: Rimefeller.HarmonyPatches [Rimefeller]
[LoadTracer] ctor 931/1580: Rimefeller.ITab_ResourceConsole [Rimefeller]
[LoadTracer] ctor 932/1580: Rimefeller.BigFuelPowerplant [Rimefeller]
[LoadTracer] ctor 933/1580: Rimefeller.FuelPowerplant [Rimefeller]
[LoadTracer] ctor 934/1580: Rimefeller.Building_Autoclave [Rimefeller]
[LoadTracer] ctor 935/1580: Rimefeller.DebugButtonsPatch [Rimefeller]
[LoadTracer] ctor 936/1580: Rimefeller.Dialog_RimefellerDebugMenu [Rimefeller]
[LoadTracer] ctor 937/1580: Rimefeller.CompOilDerrick [Rimefeller]
[LoadTracer] ctor 938/1580: Rimefeller.Gizmo_CrackerStatus [Rimefeller]
[LoadTracer] ctor 939/1580: Rimefeller.Gizmo_StorageTankGauge [Rimefeller]
[LoadTracer] ctor 940/1580: Rimefeller.CompStorageTank [Rimefeller]
[LoadTracer] ctor 941/1580: Rimefeller.DubUtils [Rimefeller]
[LoadTracer] ctor 942/1580: Rimefeller.GraphicsCache [Rimefeller]
[LoadTracer] ctor 943/1580: Rimefeller.XSectionLayer_Napalm [Rimefeller]
[LoadTracer] ctor 944/1580: Rimefeller.XSectionLayer_OilSpill [Rimefeller]
[LoadTracer] ctor 945/1580: RimFridge.FridgeLighting [RimFridge]
[LoadTracer] ctor 946/1580: RimQuest.HarmonyPatches [RimQuest]
[LoadTracer] ctor 947/1580: RimQuest.Main [RimQuest]
[LoadTracer] ctor 948/1580: RimQuest.RimQuestMod [RimQuest]
[LoadTracer] ctor 949/1580: RimTek.RimTek_Startup_GiveAbility [RimTek]
[LoadTracer] ctor 950/1580: RimTunes.Tags.TagFactory [RimTunes]
[LoadTracer] ctor 951/1580: RimTunes.Configuration.Resources [RimTunes]
[LoadTracer] ctor 952/1580: R_IOTR.Mian.Startup [R_IOTR]
[Romance & Intimacy On The Rim] When you've got romance on the rim, you've also got intimacy!
[LoadTracer] ctor 953/1580: RoofedScanning.Entry [RoofedScanning]
[LoadTracer] ctor 954/1580: RunAndGun.Utilities.DualWieldCompat [RunAndGun]
[LoadTracer] ctor 955/1580: RuthlessPursuingMechanoids.HarmonyPatcher [RuthlessPursuingMechanoids]
[LoadTracer] ctor 956/1580: RW_PlanetAtmosphere.PlanetAtmosphereRenderer [RW_PlanetAtmosphere]
[LoadTracer] ctor 957/1580: RW_PlanetAtmosphere.Patch.HarmonyInjector [RW_PlanetAtmosphere]
[LoadTracer] ctor 958/1580: ScenarioAmender.HarmonyPatches [ScenarioAmender]
[katana.scenarioamender] Loaded
[LoadTracer] ctor 959/1580: SearchOption.HarmonyMain [SearchOption]
[LoadTracer] ctor 960/1580: SelfDyeing.Dialog_ColorPatterns_Tex [SelfDyeing]
[LoadTracer] ctor 961/1580: SelfDyeing.SelfDyeing [SelfDyeing]
[LoadTracer] ctor 962/1580: SensibleBedOwnership.Patch_CompAssignableToPawn [SensibleBedOwnership]
[LoadTracer] ctor 963/1580: SensibleBedOwnership.SensibleBedOwnershipInitializer [SensibleBedOwnership]
[LoadTracer] ctor 964/1580: Boots_SensibleFactions.RunWorldDistributionOnWorldStart [Boots_SensibleFactions]
[LoadTracer] ctor 965/1580: Boots_SensibleFactions.SensibleFactions_Settings [Boots_SensibleFactions]
[LoadTracer] ctor 966/1580: FlyingSloth.SCFilthReducer.SCFilthReducerMod [SC_Filth_Reducer]
[LoadTracer] ctor 967/1580: ShowKnownTechprints.HarmonyPatches [ShowKnownTechprints]
[LoadTracer] ctor 968/1580: SlaveRebellionsImproved.StartUp [SlaveRebellionsImproved]
[LoadTracer] ctor 969/1580: SleepingBuddies.HarmonyBootstrap [SleepingBuddies]
[LoadTracer] ctor 970/1580: SnapOut.SnapOutMultiplayer [SnapOut]
[LoadTracer] ctor 971/1580: Scuttlebugs.Main [Scuttlebugs]
[LoadTracer] ctor 972/1580: Scuttlebugs.ScuttlebugsMod [Scuttlebugs]
[LoadTracer] ctor 973/1580: StandaloneHotSpring.Startup [StandaloneHotSpring]
[LoadTracer] ctor 974/1580: RimWorldStealingMod.Main [RimWorldStealingMod]
[LoadTracer] ctor 975/1580: StorageMemory.StorageMemoryPatcher [StorageMemory]
[LoadTracer] ctor 976/1580: StorytellerEnhanced.HarmonySetup [Storyteller-Enhanced]
[LoadTracer] ctor 977/1580: SurvivalTools.ModCompatibilityCheck [SurvivalTools]
[LoadTracer] ctor 978/1580: SurvivalTools.StaticConstructorClass [SurvivalTools]
[SurvivalToolsReborn] 0.011(R) loaded.
[LoadTracer] ctor 979/1580: SurvivalTools.HarmonyStuff.HarmonyPatches [SurvivalTools]
[LoadTracer] ctor 980/1580: TabSorting.AllCurrentDefsInCategory [TabSorting]
[LoadTracer] ctor 981/1580: TabSorting.ListingExtension [TabSorting]
[LoadTracer] ctor 982/1580: TabSorting.TabSorting [TabSorting]
[TabSorting]: Fixing kitchen room role worker, thanks slippycheeze!
[TabSorting]: Moved 151 lights to the Lights tab.
[TabSorting]: Removing DoorTab since its empty now.
[TabSorting]: Removing ResearchTab since its empty now.
[TabSorting]: Removing KitchenTab since its empty now.
[TabSorting]: Removing StorageTab since its empty now.
[TabSorting]: Removing DecorationTab since its empty now.
[TabSorting]: Removing HospitalTab since its empty now.
[TabSorting]: Removing BedroomTab since its empty now.
[TabSorting]: Removing TableChairsTab since its empty now.
[LoadTracer] ctor 983/1580: TabSorting.TabSortingMod [TabSorting]
[LoadTracer] ctor 984/1580: TormentMaster.Patches.BrazenBullCharredRendering [TormentMaster]
[LoadTracer] ctor 985/1580: TormentMaster.LiveTargetRange.CompLiveTargetRange [TormentMaster]
[LoadTracer] ctor 986/1580: TormentMaster.LaserFlayer.CompLaserFlayer [TormentMaster]
[LoadTracer] ctor 987/1580: TormentMaster.LaserFlayer.CrossRaceProxyManager [TormentMaster]
[LoadTracer] ctor 988/1580: TormentMaster.LaserFlayer.CrossRaceProxyManagerDelegates [TormentMaster]
[LoadTracer] ctor 989/1580: TormentMaster.Definitions.TormentMasterMod [TormentMaster]
[LoadTracer] ctor 990/1580: TormentMaster.BrazenBull.CompBrazenBull [TormentMaster]
[LoadTracer] ctor 991/1580: DropSpot.DropSpotHarmony [DropSpot]
[LoadTracer] ctor 992/1580: TradeUI.TradeUIRework [TradeUI]
[LoadTracer] ctor 993/1580: TraderShips.CompShip [TraderShips]
[LoadTracer] ctor 994/1580: TransparentSubstructure.HarmonyPatches [TransparentSubstructure]
[LoadTracer] ctor 995/1580: TransparentSubstructure.SectionLayer_TransparentTerrain [TransparentSubstructure]
[LoadTracer] ctor 996/1580: TransparentSubstructure.SectionLayer_TransparentTerrainClear [TransparentSubstructure]
[LoadTracer] ctor 997/1580: TransparentSubstructure.SectionLayer_TransparentTerrainMask [TransparentSubstructure]
[LoadTracer] ctor 998/1580: TransparentSubstructure.TransparentTerrainUtility [TransparentSubstructure]
[LoadTracer] ctor 999/1580: TurretPatch.HarmonyPatches [TurretPatch]
[LoadTracer] ctor 1000/1580: UndraftAfterTucking.Main [UndraftAfterTucking]
[LoadTracer] ctor 1001/1580: UniversalPregnancy.UniversalPregnancyConstructor [UniversalPregnancy]
[LoadTracer] ctor 1002/1580: RimWorldColumns.Building_ClaymoreColumn [RimWorldColumns]
[LoadTracer] ctor 1003/1580: RimWorldColumns.Building_RepairColumn [RimWorldColumns]
[LoadTracer] ctor 1004/1580: RimWorldColumns.ClaymoreCharge [RimWorldColumns]
[LoadTracer] ctor 1005/1580: RimWorldColumns.Gizmo_ClaymoreSafetySettings [RimWorldColumns]
[LoadTracer] ctor 1006/1580: RimWorldColumns.HarmonyPatches [RimWorldColumns]
[Utility Columns] - Patching...
[LoadTracer] ctor 1007/1580: VanillaAnimalsExpandedWaste.Main [VanillaAnimalsExpandedWaste]
[LoadTracer] ctor 1008/1580: VAE_Accessories.HarmonyPatches [VAE Accessories]
[LoadTracer] ctor 1009/1580: VanillaCookingExpanded.StaticCollections [VanillaCookingExpanded]
[LoadTracer] ctor 1010/1580: VanillaCookingExpanded.Utils.HarmonyUtility [VanillaCookingExpanded]
[LoadTracer] ctor 1011/1580: VEE.HarmonyInit [VEE]
[LoadTracer] ctor 1012/1580: VEE.StaticCollections [VEE]
[LoadTracer] ctor 1013/1580: VEE.World_and_Map_Components.HazeFullscreenPass [VEE]
[LoadTracer] ctor 1014/1580: VEE.Settings.DefsAlterer [VEE]
[LoadTracer] ctor 1015/1580: VEE.Settings.VEEData [VEE]
[LoadTracer] ctor 1016/1580: VEE.RegularEvents.SpaceBattle [VEE]
[LoadTracer] ctor 1017/1580: VEE.RegularEvents.EarthQuake [VEE]
[LoadTracer] ctor 1018/1580: VFEInsectoids.HordeModeManager [VFEInsectoids]
[LoadTracer] ctor 1019/1580: VFEInsectoids.HarmonyInit [VFEInsectoids]
[LoadTracer] ctor 1020/1580: VFEInsectoids.Gizmo_Hive [VFEInsectoids]
[LoadTracer] ctor 1021/1580: VFEInsectoids.Utils [VFEInsectoids]
[LoadTracer] ctor 1022/1580: VFEInsectoids.SettingsApplier [VFEInsectoids]
[LoadTracer] ctor 1023/1580: VFETribals.Startup [VFETribals]
[LoadTracer] ctor 1024/1580: VFETribals.CompFireOverlay_LargeFire [VFETribals]
[LoadTracer] ctor 1025/1580: VFETribals.ModCompatibility [VFETribals]
[LoadTracer] ctor 1026/1580: VFETribals.Utils [VFETribals]
[LoadTracer] ctor 1027/1580: VFETribals.Window_CustomizeCornerstones [VFETribals]
[LoadTracer] ctor 1028/1580: VanillaFurnitureEC.Alert_ComputerNoChair [VanillaFurnitureEC]
[LoadTracer] ctor 1029/1580: VanillaFurnitureEC.NonPublicMethods [VanillaFurnitureEC]
[LoadTracer] ctor 1030/1580: VanillaFurnitureEC.StaticCollections [VanillaFurnitureEC]
[LoadTracer] ctor 1031/1580: VFEArchitect.SectionLayer_CustomBridgeProps [VFEArchitect]
[LoadTracer] ctor 1032/1580: VanillaFurnitureExpandedFactory.Building_Conveyor [VanillaFurnitureExpandedFactory]
[LoadTracer] ctor 1033/1580: VanillaFurnitureExpandedFactory.PlaceWorker_Conveyor [VanillaFurnitureExpandedFactory]
[LoadTracer] ctor 1034/1580: VanillaFurnitureExpandedFactory.GraphicsCache [VanillaFurnitureExpandedFactory]
[LoadTracer] ctor 1035/1580: VanillaFurnitureExpandedFactory.Startup [VanillaFurnitureExpandedFactory]
[LoadTracer] ctor 1036/1580: VanillaFurnitureExpandedFactory.StaticCollections [VanillaFurnitureExpandedFactory]
[LoadTracer] ctor 1037/1580: VanillaFurnitureExpandedFactory.Building_Autofarmer [VanillaFurnitureExpandedFactory]
[LoadTracer] ctor 1038/1580: VanillaFurnitureExpandedFactory.Command_SetPlantToGrowAutofarmer [VanillaFurnitureExpandedFactory]
[LoadTracer] ctor 1039/1580: VanillaPowerExpanded.Building_SmallBattery [VanillaPowerExpanded]
[LoadTracer] ctor 1040/1580: VanillaPowerExpanded.GraphicsCache [VanillaPowerExpanded]
[LoadTracer] ctor 1041/1580: VanillaPowerExpanded.AlphaBiomesSettingsHelper [VanillaPowerExpanded]
[LoadTracer] ctor 1042/1580: VanillaPowerExpanded.CompPowerAdvancedSolar [VanillaPowerExpanded]
[LoadTracer] ctor 1043/1580: VanillaPowerExpanded.CompSoulsPowerPlant [VanillaPowerExpanded]
[LoadTracer] ctor 1044/1580: VanillaPowerExpanded.CompPowerAdvancedWater [VanillaPowerExpanded]
[LoadTracer] ctor 1045/1580: VanillaPowerExpanded.CompPowerAdvancedWind [VanillaPowerExpanded]
[LoadTracer] ctor 1046/1580: VFEProps.CompAttachEffecter [VFEProps]
[LoadTracer] ctor 1047/1580: VFEProps.CompConstantFireOverlay [VFEProps]
[LoadTracer] ctor 1048/1580: VFEProps.CompMoteReleaser [VFEProps]
[LoadTracer] ctor 1049/1580: VFEProps.Main [VFEProps]
[LoadTracer] ctor 1050/1580: VFEProps.SettingsHelper [VFEProps]
[LoadTracer] ctor 1051/1580: VFEProps.StaticCollections [VFEProps]
[LoadTracer] ctor 1052/1580: VFESecurity.CompConcealed [VFESecurity]
[LoadTracer] ctor 1053/1580: VFESecurity.CompWorldArtillery [VFESecurity]
[LoadTracer] ctor 1054/1580: VFESecurity.Startup [VFESecurity]
[LoadTracer] ctor 1055/1580: VFESecurity.ArtilleryUtils [VFESecurity]
[LoadTracer] ctor 1056/1580: MFSpacer.CompRepairStored [MFSpacer]
[LoadTracer] ctor 1057/1580: MFSpacer.PerformanceFishCompatibility [MFSpacer]
[LoadTracer] ctor 1058/1580: BunkBeds.Utils [BunkBeds]
[LoadTracer] ctor 1059/1580: VanillaGravshipExpanded.WorkGiver_BuildVacBarrierRoof [VanillaGravshipExpanded]
[LoadTracer] ctor 1060/1580: VanillaGravshipExpanded.Building_Agrocell [VanillaGravshipExpanded]
[LoadTracer] ctor 1061/1580: VanillaGravshipExpanded.Building_GravCapacitor [VanillaGravshipExpanded]
[LoadTracer] ctor 1062/1580: VanillaGravshipExpanded.ReplaceStuff [VanillaGravshipExpanded]
[VGE] Initializing replace Stuff compat finished. 1 checks were updated to exclude Vac Checkpoints.
[LoadTracer] ctor 1063/1580: VanillaGravshipExpanded.CompActiveResourceTraderEffecter [VanillaGravshipExpanded]
[LoadTracer] ctor 1064/1580: VanillaGravshipExpanded.CompGravheatAbsorber [VanillaGravshipExpanded]
[LoadTracer] ctor 1065/1580: VanillaGravshipExpanded.CompHeatsink [VanillaGravshipExpanded]
[LoadTracer] ctor 1066/1580: VanillaGravshipExpanded.CompPowerPlantSolarPanelling [VanillaGravshipExpanded]
[LoadTracer] ctor 1067/1580: VanillaGravshipExpanded.CompScannerCluster_OrbitalScannerModule [VanillaGravshipExpanded]
[LoadTracer] ctor 1068/1580: VanillaGravshipExpanded.CompWorldArtillery [VanillaGravshipExpanded]
[LoadTracer] ctor 1069/1580: VanillaGravshipExpanded.DebugActions [VanillaGravshipExpanded]
[LoadTracer] ctor 1070/1580: VanillaGravshipExpanded.ColorableVacBarrierRoofGraphic [VanillaGravshipExpanded]
[LoadTracer] ctor 1071/1580: VanillaGravshipExpanded.ArchitectCategoryTab_DesignationTabOnGUI_Patch [VanillaGravshipExpanded]
[LoadTracer] ctor 1072/1580: VanillaGravshipExpanded.DubsMintMenus_RefreshDesignatorCaches_Patch [VanillaGravshipExpanded]
[LoadTracer] ctor 1073/1580: VanillaGravshipExpanded.DubsMintMenus_Compat_Patches [VanillaGravshipExpanded]
[LoadTracer] ctor 1074/1580: VanillaGravshipExpanded.ResearchTree_Compat_Patches [VanillaGravshipExpanded]
[LoadTracer] ctor 1075/1580: VanillaGravshipExpanded.SemiRandomResearch_Compat_Patches [VanillaGravshipExpanded]
[LoadTracer] ctor 1076/1580: VanillaGravshipExpanded.SettingsHelper [VanillaGravshipExpanded]
[LoadTracer] ctor 1077/1580: VanillaGravshipExpanded.StaticCollections [VanillaGravshipExpanded]
[LoadTracer] ctor 1078/1580: VanillaGravshipExpanded.Building_AutonomousTargeting [VanillaGravshipExpanded]
[LoadTracer] ctor 1079/1580: VanillaGravshipExpanded.Building_Gravlift [VanillaGravshipExpanded]
[LoadTracer] ctor 1080/1580: VanillaGravshipExpanded.Building_GravshipTurret [VanillaGravshipExpanded]
[LoadTracer] ctor 1081/1580: VanillaGravshipExpanded.Building_MechanoidGravEngine [VanillaGravshipExpanded]
[LoadTracer] ctor 1082/1580: VanillaGravshipExpanded.Building_TargetingTerminal [VanillaGravshipExpanded]
[LoadTracer] ctor 1083/1580: VanillaGravshipExpanded.Building_VacCheckpoint [VanillaGravshipExpanded]
[LoadTracer] ctor 1084/1580: VanillaGravshipExpanded.LandingStructure [VanillaGravshipExpanded]
[LoadTracer] ctor 1085/1580: VanillaGravshipExpanded.Designator_RecolorVacBarrierRoof [VanillaGravshipExpanded]
[LoadTracer] ctor 1086/1580: VanillaGravshipExpanded.Dialog_NoLimitColorPicker [VanillaGravshipExpanded]
[LoadTracer] ctor 1087/1580: VanillaGravshipExpanded.GravshipCacheCameraManager [VanillaGravshipExpanded]
[LoadTracer] ctor 1088/1580: VanillaGravshipExpanded.GravshipHelper [VanillaGravshipExpanded]
[LoadTracer] ctor 1089/1580: VHelixienGasE.HarmonyInit [VHelixienGasE]
[LoadTracer] ctor 1090/1580: VHelixienGasE.PlaySettings_DoPlaySettingsGlobalControls [VHelixienGasE]
[LoadTracer] ctor 1091/1580: VHelixienGasE.HelixienGasHandler [VHelixienGasE]
[LoadTracer] ctor 1092/1580: VanillaExplorationExpanded.Main [VanillaExplorationExpanded]
[LoadTracer] ctor 1093/1580: VanillaExplorationExpanded.StaticCollections [VanillaExplorationExpanded]
[LoadTracer] ctor 1094/1580: VOE.Outpost_Artillery [VOE]
[LoadTracer] ctor 1095/1580: VOE.Outpost_Defensive [VOE]
[LoadTracer] ctor 1096/1580: VOE.TexDefensive [VOE]
[LoadTracer] ctor 1097/1580: VanillaQuestsExpandedAncients.Building_AncientWonderdoc [VanillaQuestsExpandedAncients]
[LoadTracer] ctor 1098/1580: VanillaQuestsExpandedAncients.Building_ArchogenInjector [VanillaQuestsExpandedAncients]
[LoadTracer] ctor 1099/1580: VanillaQuestsExpandedAncients.Building_PneumaticTubeLaunchPort [VanillaQuestsExpandedAncients]
[LoadTracer] ctor 1100/1580: VanillaQuestsExpandedAncients.CompAncientWonderdoc [VanillaQuestsExpandedAncients]
[LoadTracer] ctor 1101/1580: VanillaQuestsExpandedAncients.CompBioBattery [VanillaQuestsExpandedAncients]
[LoadTracer] ctor 1102/1580: VanillaQuestsExpandedAncients.GraphicsCache [VanillaQuestsExpandedAncients]
[LoadTracer] ctor 1103/1580: VanillaQuestsExpandedAncients.Main [VanillaQuestsExpandedAncients]
[LoadTracer] ctor 1104/1580: VanillaQuestsExpandedAncients.ModCompatibility [VanillaQuestsExpandedAncients]
[LoadTracer] ctor 1105/1580: VanillaQuestsExpandedCryptoforge.CompNonRefuelable [VanillaQuestsExpandedCryptoforge]
[LoadTracer] ctor 1106/1580: VanillaQuestsExpandedCryptoforge.Gizmo_NonRefuelableFuelStatus [VanillaQuestsExpandedCryptoforge]
[LoadTracer] ctor 1107/1580: VanillaQuestsExpandedCryptoforge.GraphicsCache [VanillaQuestsExpandedCryptoforge]
[LoadTracer] ctor 1108/1580: VanillaQuestsExpandedCryptoforge.Main [VanillaQuestsExpandedCryptoforge]
[LoadTracer] ctor 1109/1580: VanillaQuestsExpandedTheGenerator.Building_Genetron_Studiable [VanillaQuestsExpandedTheGenerator]
[LoadTracer] ctor 1110/1580: VanillaQuestsExpandedTheGenerator.Command_SetTargetUraniumLevel [VanillaQuestsExpandedTheGenerator]
[LoadTracer] ctor 1111/1580: VanillaQuestsExpandedTheGenerator.CompRefuelableWithOverdrive [VanillaQuestsExpandedTheGenerator]
[LoadTracer] ctor 1112/1580: VanillaQuestsExpandedTheGenerator.GraphicsCache [VanillaQuestsExpandedTheGenerator]
[LoadTracer] ctor 1113/1580: VanillaQuestsExpandedTheGenerator.Main [VanillaQuestsExpandedTheGenerator]
[LoadTracer] ctor 1114/1580: VanillaQuestsExpandedTheGenerator.InspectPaneFiller_DrawHealth_Patch [VanillaQuestsExpandedTheGenerator]
[LoadTracer] ctor 1115/1580: VanillaQuestsExpandedTheGenerator.SettingsHelper [VanillaQuestsExpandedTheGenerator]
[LoadTracer] ctor 1116/1580: VanillaQuestsExpandedTheGenerator.StaticCollections [VanillaQuestsExpandedTheGenerator]
[LoadTracer] ctor 1117/1580: VREArchon.WeatherEvent_LightningStrike_PsychicStorm [VREArchon]
[LoadTracer] ctor 1118/1580: VREArchon.Startup [VREArchon]
[LoadTracer] ctor 1119/1580: VanillaRacesExpandedFungoid.Main [VanillaRacesExpanded-Fungoid]
[LoadTracer] ctor 1120/1580: VanillaRacesExpandedFungoid.SettingsHelper [VanillaRacesExpanded-Fungoid]
[LoadTracer] ctor 1121/1580: VanillaRacesExpandedPhytokin.GraphicsCache [VanillaRacesExpanded-Phytokin]
[LoadTracer] ctor 1122/1580: VanillaRacesExpandedStarjack.SettingsHelper [VanillaRacesExpandedStarjack]
[LoadTracer] ctor 1123/1580: VanillaRacesExpandedStarjack.StaticCollections [VanillaRacesExpandedStarjack]
[LoadTracer] ctor 1124/1580: VanillaTradingExpanded.GuiHelper [VanillaTradingExpanded]
[LoadTracer] ctor 1125/1580: VanillaTradingExpanded.Startup [VanillaTradingExpanded]
[LoadTracer] ctor 1126/1580: VanillaTradingExpanded.Window_PerformTransactionGains [VanillaTradingExpanded]
[LoadTracer] ctor 1127/1580: VanillaTradingExpanded.Window_PerformTransactionCosts [VanillaTradingExpanded]
[LoadTracer] ctor 1128/1580: VanillaTradingExpanded.Window_StockMarket [VanillaTradingExpanded]
[LoadTracer] ctor 1129/1580: VanillaTradingExpanded.Window_MarketPrices [VanillaTradingExpanded]
[LoadTracer] ctor 1130/1580: VanillaTraitsExpanded.HarmonyInit [VanillaTraitsExpanded]
[LoadTracer] ctor 1131/1580: VanillaTraitsExpanded.DefsRemover [VanillaTraitsExpanded]
[LoadTracer] ctor 1132/1580: VanillaTraitsExpanded.TraitUtils [VanillaTraitsExpanded]
[LoadTracer] ctor 1133/1580: VehicleRaid.HoverDrawUtils [VehicleRaidFramework]
[LoadTracer] ctor 1134/1580: VehicleRaidFramework.HarmonyInit [VehicleRaidFramework]
[LoadTracer] ctor 1135/1580: VehicleRaidFramework.Patch_VVE_Handbrake [VehicleRaidFramework]
[LoadTracer] ctor 1136/1580: Init [VisitSettlements]
[LoadTracer] ctor 1137/1580: WalkTheWorld.WalkTheWorld_Startup [WalkTheWorld]
[LoadTracer] ctor 1138/1580: wasdedPawn.WASDHarmonyPatch [Source]
[LoadTracer] ctor 1139/1580: WeaponRacks.Building_WeaponStorage [WeaponRacks]
[LoadTracer] ctor 1140/1580: WeaponRacks.HarmonyPatches [WeaponRacks]
[LoadTracer] ctor 1141/1580: WeaponRacks.UIAssets [WeaponRacks]
[LoadTracer] ctor 1142/1580: FluffyUI.TextureChooser [FluffyUI]
[LoadTracer] ctor 1143/1580: WorkTab.Resources [WorkTab]
[LoadTracer] ctor 1144/1580: WorkTab.Job_Extensions [WorkTab]
[LoadTracer] ctor 1145/1580: WorkTab.HarmonyPatches.ThirdPart.TDEnhancementPackPatches [WorkTab]
[LoadTracer] ctor 1146/1580: Worldbuilder.InspectPaneUtility_DoTabs_Patch [Worldbuilder]
[LoadTracer] ctor 1147/1580: Worldbuilder.ModCompat [Worldbuilder]
[LoadTracer] ctor 1148/1580: Worldbuilder.Page_CreateWorldParams_DoWindowContents_Patch [Worldbuilder]
[LoadTracer] ctor 1149/1580: Worldbuilder.Pawn_GetGizmos_Patch [Worldbuilder]
[LoadTracer] ctor 1150/1580: Worldbuilder.Thing_GetGizmos_Patch [Worldbuilder]
[LoadTracer] ctor 1151/1580: Worldbuilder.GizmoUtility [Worldbuilder]
[LoadTracer] ctor 1152/1580: Worldbuilder.Page_SelectWorld [Worldbuilder]
[LoadTracer] ctor 1153/1580: Worldbuilder.Resources [Worldbuilder]
[LoadTracer] ctor 1154/1580: Worldbuilder.Window_ColorPicker [Worldbuilder]
[LoadTracer] ctor 1155/1580: Worldbuilder.Window_CreateOrEditWorld [Worldbuilder]
[LoadTracer] ctor 1156/1580: Worldbuilder.Window_ManageFactions [Worldbuilder]
[LoadTracer] ctor 1157/1580: Worldbuilder.Window_PawnCustomization [Worldbuilder]
[LoadTracer] ctor 1158/1580: Worldbuilder.Window_ThingCustomization [Worldbuilder]
[LoadTracer] ctor 1159/1580: Worldbuilder.CustomizationGraphicUtility [Worldbuilder]
[LoadTracer] ctor 1160/1580: Worldbuilder.WorldbuilderModLatePatching [Worldbuilder]
[LoadTracer] ctor 1161/1580: Worldbuilder.WorldPresetManager [Worldbuilder]
[LoadTracer] ctor 1162/1580: WorldEdit_2_0.MainEditor.Page_SelectWorldTemplate [WorldEdit 2.0]
[LoadTracer] ctor 1163/1580: XenotypeSpawnControl.StaticConstructor [XenotypeSpawnControl]
Loaded file (Xenotype) is from version 1.6.4633 rev1261, we are running version 1.6.4871 rev591.
Loaded file (Xenotype) is from version 1.6.4633 rev1261, we are running version 1.6.4871 rev591.
Loaded file (Xenotype) is from version 1.6.4633 rev1261, we are running version 1.6.4871 rev591.
[LoadTracer] ctor 1164/1580: caravanVisual.caravanVisualMod [caravanVisual]
[LoadTracer] ctor 1165/1580: caravanVisual.Main [caravanVisual]
[LoadTracer] ctor 1166/1580: caravanVisual.HarmonyPatches.WorldObject_Draw [caravanVisual]
[LoadTracer] ctor 1167/1580: yayoCombat.YayoCombatCore [yayoCombat]
[LoadTracer] ctor 1168/1580: RWM_BTD_Remix_GravshipBlueprints.BTD_Patches [RWM_BTD_Remix_GravshipBlueprints]
BTD Gravship Blueprints: Harmony patches applied
[LoadTracer] ctor 1169/1580: RWM_BTD_Remix_GravshipBlueprints.BTD_HarmonyPatch_NanameGravshipMask [RWM_BTD_Remix_GravshipBlueprints]
[LoadTracer] ctor 1170/1580: RWM_BTD_Remix_GravshipBlueprints.BTD_ReplaceStuffCompat [RWM_BTD_Remix_GravshipBlueprints]
BTD Gravship Blueprints: Excluded BTD_QuestSiteSubstructure from Replace Stuff bridge terrains (1).
[LoadTracer] ctor 1171/1580: LFS_GenesExpandedEyes.HarmonyPatch [LFSGeneExpandedEyes]
[GeneExpandedEyes] harmony patch succeeded.
[LoadTracer] ctor 1172/1580: AlphaBehavioursAndEvents.Ability_DestroyEyes [AlphaBehavioursAndEvents]
[LoadTracer] ctor 1173/1580: AlphaBehavioursAndEvents.Ability_OcularEruption [AlphaBehavioursAndEvents]
[LoadTracer] ctor 1174/1580: AlphaBehavioursAndEvents.Ability_OnlyBlackHive [AlphaBehavioursAndEvents]
[LoadTracer] ctor 1175/1580: AlphaBehavioursAndEvents.Ability_SpawnOnRadius [AlphaBehavioursAndEvents]
[LoadTracer] ctor 1176/1580: AlphaBehavioursAndEvents.Ability_Summon [AlphaBehavioursAndEvents]
[LoadTracer] ctor 1177/1580: AlphaBehavioursAndEvents.Ability_Summon_Hive [AlphaBehavioursAndEvents]
[LoadTracer] ctor 1178/1580: AlphaBehavioursAndEvents.Ability_Melee [AlphaBehavioursAndEvents]
[LoadTracer] ctor 1179/1580: AlphaBehavioursAndEvents.HediffComp_AnoleGrown [AlphaBehavioursAndEvents]
[LoadTracer] ctor 1180/1580: AlphaBehavioursAndEvents.AlphaBehavioursAndEvents [AlphaBehavioursAndEvents]
[LoadTracer] ctor 1181/1580: AlphaBehavioursAndEvents.Main [AlphaBehavioursAndEvents]
[LoadTracer] ctor 1182/1580: AlphaBehavioursAndEvents.Pawn_Detonator [AlphaBehavioursAndEvents]
[LoadTracer] ctor 1183/1580: AlphaBehavioursAndEvents.Pawn_GrowOnCombat [AlphaBehavioursAndEvents]
[LoadTracer] ctor 1184/1580: AncientMarket_Libraray.HarmonyInit+PatchMain [ACM_RandomBuildings]
[LoadTracer] ctor 1185/1580: AncientMarket_Libraray.AMDefOf [AncientMarket_Libraray]
[LoadTracer] ctor 1186/1580: AncientMarket_Libraray.CustomSite [AncientMarket_Libraray]
[LoadTracer] ctor 1187/1580: AncientMarket_Libraray.PatchMain [AncientMarket_Libraray]
[LoadTracer] ctor 1188/1580: AncientMarketAI_Libraray.PatchMain [AncientMarketAI_Libraray]
[LoadTracer] ctor 1189/1580: BreadMoFuckIdeoApprelAM.PatchMain [DebugLogHarmony]
[LoadTracer] ctor 1190/1580: BreadMoFuckIdeoApprelAM.FuckIdeoApparel [DebugLogHarmony]
[LoadTracer] ctor 1191/1580: MoteDraw_Libraray.HarmonyPatches [手电筒]
[LoadTracer] ctor 1192/1580: BeltExtractors.BeltExtractorsInit [BeltExtractors]
[LoadTracer] ctor 1193/1580: CustomQuestFramework_LevelAI.CQFADefOf [CustomQuestFramework_LevelAI]
[LoadTracer] ctor 1194/1580: CustomQuestFramework_LevelAI.PatchMain [CustomQuestFramework_LevelAI]
[LoadTracer] ctor 1195/1580: DungeonPack.HarmonyPatches [DungeonPack]
[LoadTracer] ctor 1196/1580: EGIHologramsAndProjectors.CompHologramGraphics [EGI Holograms and Projectors]
[LoadTracer] ctor 1197/1580: EGIHologramsAndProjectors.CompProjectorPawnEffects [EGI Holograms and Projectors]
[LoadTracer] ctor 1198/1580: EGIHologramsAndProjectors.HarmonyPatches [EGI Holograms and Projectors]
[LoadTracer] ctor 1199/1580: EGIHologramsAndProjectors.HologramMaterials [EGI Holograms and Projectors]
Using DDS for Animals: False
33
Using DDS for Arsenal: False
22
Using DDS for Artistic: False
55
Using DDS for Basic: False
27
Using DDS for Biotech: False
33
Using DDS for Child-Care: False
22
Using DDS for Cuisine: False
47
Using DDS for Factions: False
68
Using DDS for Misc: False
40
Using DDS for Recreation: False
18
Using DDS for Scientific: False
29
Using DDS for Styles: False
133
Using DDS for Vanilla: False
12
Using DDS for Projector-Throne: False
Using DDS for Projector-Throne_grand: False
[LoadTracer] ctor 1200/1580: FactionTerritories.Patches [FactionTerritories]
[LoadTracer] ctor 1201/1580: FactionTerritories.FactionTerritoriesUtility [FactionTerritories]
[LoadTracer] ctor 1202/1580: FactionTerritories.Vassalise.VassalisationCaches [FactionTerritories]
[LoadTracer] ctor 1203/1580: FacialAnimationGeneticHeads.Startup [FacialAnimationGeneticHeads]
[FA Genetic Heads] Harmony patches applied
[LoadTracer] ctor 1204/1580: als.gravtech.GravTechSettings [GravTech]
[LoadTracer] ctor 1205/1580: Isopoda_Geneline.HarmonyFixes.NoGeneRender_Fix [Isopoda_Geneline]
[LoadTracer] ctor 1206/1580: Isopoda_Geneline.HarmonyFixes.Tunneler_Fix [Isopoda_Geneline]
[LoadTracer] ctor 1207/1580: Isopoda_Geneline.HarmonyFixes.PawnRenderNode_Body_Fix [Isopoda_Geneline]
[LoadTracer] ctor 1208/1580: Isopoda_Geneline.HarmonyFixes.ProcessApparel_Fix [Isopoda_Geneline]
[LoadTracer] ctor 1209/1580: Isopoda_Geneline.HarmonyFixes.MainPatch+PatchMain [Isopoda_Geneline]
[LoadTracer] ctor 1210/1580: Isopoda_Geneline_AlienRacePatch.AlienRacePatch [Isopoda_Geneline_AlienRacePatch]
[LoadTracer] ctor 1211/1580: Isopoda_Geneline_AlienRacePatch.MainPatch+PatchMain [Isopoda_Geneline_AlienRacePatch]
[LoadTracer] ctor 1212/1580: LargePawns.Main [LargePawns]
[LoadTracer] ctor 1213/1580: LargePawns.Patches.SelectionDrawer_DrawSelectionBracketFor_SmoothPatch [LargePawns]
[LoadTracer] ctor 1214/1580: LWM.DeepStorage.ITab_DeepStorage_Inventory [LWM.DeepStorage]
[LoadTracer] ctor 1215/1580: LWM.DeepStorage.ModInit [LWM.DeepStorage]
LWM.DeepStorage: Set RimFridge uglyStackAppearance = False
LWM.DeepStorage: 🐾 Init starting for RimWorld 1.5+ build!
LWM.DeepStorage: Checked 197 Building_Storage ThingDefs for duplicate comp props.
LWM.DeepStorage: Finished removing multiple comp props.
LWM.DeepStorage: Making Shelf, ShelfSmall, Hopper, MUS_SpaceBase_Shelf, MUS_SpaceBase_ShelfSmall, sbz_Fridge, sbz_LargeFridge, sbz_SingleChestFridge, sbz_DoubleChestFridge, sbz_SingleWallFridge, sbz_DoubleWallFridge, sbz_CorpseFridge, sbz_LargeGravshipCrate, sbz_GravshipCrate, sbz_LongGravshipCrate, sbz_GravshipGlassShelf, sbz_GravshipTwoTierShelf, sbz_GravshipShelf, sbz_SmallGravshipShelf, sbz_GravshipWeaponRack, BarrelD, BarrelE, BarrelF, BarrelG, Bundle_D, CanisterC, CanisterD, CanisterE, CanisterF, ChunkA, ChunkB, ContainerC, ContainerD, CrateH, CrateI, CrateJ, CrateK, CrateL, CylinderA, Freight_A, Freight_B, LockerBank_1x1z, LockerBank_1x2z, LockerBank_1x3z, MealCrate_A, MealCrate_B, asf_rustedtoolbox, ASF_CellarStone, ASF_CellarWood, ASF_CoveredClayPot, ASF_UncoveredClayPot, ASF_Granary, ASF_LargeLogPile, ASF_MeatRack, ASF_SmallLogPile, ASF_StoragePit, ASF_StorageTent, ASF_WeaponRack, ASF_WovenBasket, ASF_WovenBasketDouble, ASF_WovenBasketTriple, BarrelA, BarrelB, BarrelC, BundleA, BundleB, BundleC, CanisterA, CanisterB, CrateA, CrateB, CrateC, CrateD, CrateE, CrateF, CrateG, MetalCrateA, MetalCrateB, MetalCrateC, MetalCrateD, PalletCrateA, PalletCrateB, AB_PropaneTap, AB_PropaneDrain, KibbleDispenser, BMT_DisplayCase, GravTide_OilProductionPlant, GravTide_Wellhead, Reel_AmmoOutput, Reel_AmmoDrain, ChemfuelHopper, ChemfuelSiphon, RefineryLoadingBay, RimFridge_SingleRefrigerator, RimFridge_Refrigerator, RimFridge_QuadRefrigerator, RimFridge_SingleWallRefrigerator, RimFridge_WallRefrigerator, RR_ClosedUrn, RR_HandleUrn, RR_OpenUrn, Shelf_WeaponRack, VFE_Plinth, VFEFactory_FactoryHopper, Shelf_RepairRack, VGE_AstrofuelTap, VGE_AstrofuelDrain, VGE_OxygenCanisterFiller, VGE_OxygenCanisterEmptier, VGE_GravshipShelf, WeaponRacks_1Rack, WeaponRacks_2Rack, WeaponRacks_3Rack, WeaponRacks_4Rack, AM_MaterialElevatorA, AM_MaterialElevatorB, AM_MaterialElevatorC, AM_MaterialElevatorD, QRY_Platform, VCHE_ChemfuelTap, VCHE_ChemfuelDrain, VCHE_DeepchemTap, VCHE_DeepchemDrain, SW_AdaptiveRegularStorageCabin, SW_AdaptiveGlassStorageCabin, SW_AdaptiveFridgeStorageCabin, AG_AncientShelf, OuterRim_TibannaBottler, OuterRim_TibannaSiphon, guy762_SecretFloorPanel_darkwhiteoutlines, guy762_SecretFloorPanel_DoomgiverTile, guy762_SecretFloorPanel_DreadnaughtCabinTile_blue, guy762_SecretFloorPanel_DreadnaughtCabinTile_black, KOTOR_RhydoniumHopper_dispenser, KOTOR_RhydoniumHopper_insert, KOTOR_TibannaHopper_dispenser, KOTOR_TibannaHopper_insert into Deep Storage
LWM.DeepStorage: Settings defs loaded.
LWM.DeepStorage: Multiplayer not detected.
LWM.DeepStorage: ✅ Harmony patches applied.
[LoadTracer] ctor 1216/1580: Sinnamon_Ritual.PatchDriver [ritualRewards]
[LoadTracer] ctor 1217/1580: NiceResearchTab.Assets [NiceResearchTab]
[LoadTracer] ctor 1218/1580: RimMandrake.PlanetPresetPrime.PlanetPresetPrimeMod [PlanetPresetPrime]
[RimMandrake.PlanetPresetPrime] loaded: will prime coverage 1, subdivisions 7. MLP type found.
[LoadTracer] ctor 1219/1580: Quarry.Building_MediQuarry [Quarry]
[LoadTracer] ctor 1220/1580: Quarry.Building_MiniQuarry [Quarry]
[LoadTracer] ctor 1221/1580: Quarry.HarmonyInstance [Quarry]
[LoadTracer] ctor 1222/1580: Quarry.Building_Quarry [Quarry]
[LoadTracer] ctor 1223/1580: Quarry.OreDictionary [Quarry]
[LoadTracer] ctor 1224/1580: Quarry.Static [Quarry]
[LoadTracer] ctor 1225/1580: DZY.RHenG [RHenG]
Chaos Chicken crossbreeding list populated with 1078 entries:
Bear_Grizzly
Bear_Polar
Ostrich
Emu
Cassowary
Cougar
Panther
Lynx
Cat
YorkshireTerrier
GuineaPig
LabradorRetriever
Husky
Monkey
Chicken
Duck
Turkey
Goose
Cow
Boomalope
Muffalo
Bison
Dromedary
Goat
Elk
Yak
Caribou
Horse
Donkey
Elephant
Rhinoceros
Hare
Snowhare
Megascarab
Spelopede
Megaspider
Thrumbo
Cobra
Tortoise
Alphabeaver
Pig
WildBoar
Ibex
Deer
Gazelle
Chinchilla
Sheep
Alpaca
Megasloth
Capybara
Squirrel
Rat
Boomrat
Raccoon
Iguana
Warg
Wolf_Timber
Wolf_Arctic
Fox_Fennec
Fox_Red
Fox_Arctic
Dryad_Basic
Dryad_Woodmaker
Dryad_Berrymaker
Dryad_Medicinemaker
Dryad_Gaumaker
Dryad_Carrier
Dryad_Clawer
Dryad_Barkskin
WasteRat
Toxalope
BogHound
MonitorLizard
PrairieDog
Porcupine
Mastodon
Cat_Scimitar
Wolverine
Wolf_Great
Moose
AlphaThrumbo
Muskox
Tiger
Mink
Gorilla
Badger
Panda
Hippo
Megavole
Alligator
Bullfrog
ColossusToad
LavaSnail
Sparrow
Crow
Bluebird
Quail
Macaw
Flamingo
Heron
Swan
Peacock
Vulture
Walrus
SeaLion
Seal
HermitCrab
StoneCrab
SeaTurtle
Otter
Larva
HiveQueen
Locust
FancyRat
PoisonDeer
PoisonRat
MutantCow
PoisonButterfly
AB_UnshackledCompanionDryad
AM_Dryad_Ocular
AM_Dryad_Spitter
AM_Dryad_Corruptor
AM_Dryad_Unstable
AM_Dryad_Tumorous
AM_UnshackledDryad
AlligatorMan
Armadillo
Bardelot
BlackBear
BlackBearMan
Giantala
Worm
Gigantelope
Jerbal
Mandrill
MandrillMan
Megasquid
Neanderthal
Penguin
Rabbuck
Toraton
Yippa
Zarander
Zebra
BI_Queen
JOE_Landopus
JOE_Cephalope
JOE_Nautilant
DA_Barog
DA_BeardedTroll
DA_BlackScribe
DA_Crestel
DA_DwarvenMuffton
DA_Snaptoad
DA_Goldilox
DA_IroncasketBeetle
DA_Karabal
DA_LeviathanCrab
DA_NorthernDrog
DA_ForestOwlcat
DA_ArcticOwlcat
DA_Phrak
DA_Pilgrim
DA_RedhornedLarpah
DA_ImperialRedhound
DA_RockTroll
DA_SilverMole
DA_Taraal
DA_SnowTaraal
ERN_Amaro
ERN_BigCarbuncle
ERN_Carbuncle
ERN_Chocobo
GRimCobra
GRimTortoise
GRimMonitorLizard
GRimBullfrog
GRimLavaSnail
GRimPinkbird
GRimQuail
GRimStoneCrab
ThrumbaToad
Visceral
Bulwark
Terrorworm
BroodLord
Harvester
Prowler
GravTide_Octopus
GravTide_Narwhal
GravTide_PilotWhale
GravTide_Rockfish
GravTide_Flounder
GravTide_Ray
GravTide_Halosaur
GravTide_Anglerfish
GravTide_Cod
GravTide_Dogfish
GravTide_Snailfish
GravTide_MorayEel
GravTide_Wolffish
GravTide_Monkfish
GravTide_TripodFish
GravTide_Cuttlefish
GravTide_Nautilus
GravTide_DeepSeaOctopus
GravTide_Lobster
GravTide_SpiderCrab
GravTide_MantisShrimp
GravTide_DeepSeaCrab
GravTide_GiantIsopod
GravTide_Eelpout
GravTide_CuskEel
GravTide_Hagfish
GravTide_Chimaera
GravTide_Skate
GravTide_ColdWaterShrimp
GravTide_AntarcticRockcod
GravTide_PolarCod
GravTide_Sculpin
GravTide_Parrotfish
GravTide_Grouper
GravTide_Triggerfish
GravTide_ReefShark
GravTide_Grenadier
GravTide_Blenny
JRWAbrictosaurus
JRWAcrocanthosaurus
JRWAdalia
JRWAgilisaurus
JRWAlbertosaurus
JRWAllosaurus
JRWAnkylosaurus
JRWAntarctopelta
JRWApatosaurus
JRWArchaeopteryx
JRWArgentinosaurus
JRWArthropleura
JRWBagaceratops
JRWBaryonyx
JRWBaseopsis
JRWBecklespinax
JRWBeelzebufo
JRWBernicia
JRWBrachiosaurus
JRWBrachytrachelopan
JRWCaihong
JRWCamarasaurus
JRWCamptosaurus
JRWCarcharodontosaurus
JRWCarnotaurus
JRWCeratosaurus
JRWCoahuilaceratops
JRWCoelophysis
JRWCompsognathus
JRWCorythosaurus
JRWCryolophosaurus
JRWCyclosphaeroma
JRWDeinonychus
JRWDeinosuchus
JRWDesmatosuchus
JRWDilophosaurus
JRWDimetrodon
JRWDinilysia
JRWDiplocaulus
JRWDracorex
JRWDrinker
JRWDromaeosaurus
JRWDryosaurus
JRWEdaphosaurus
JRWEdmontosaurus
JRWEnigmosaurus
JRWEstemmenosuchus
JRWEuoplocephalus
JRWEuphoberia
JRWGallimimus
JRWGasosaurus
JRWGeosternbergia
JRWGeralinura
JRWGiganotosaurus
JRWGigantophis
JRWGorgonops
JRWHalszkaraptor
JRWHolcorobeus
JRWHomalocephale
JRWHylonomus
JRWHynerpeton
JRWHypsilophodon
JRWIndominus
JRWIndoraptor
JRWIschigualastia
JRWKaprosuchus
JRWKentrosaurus
JRWKileskus
JRWKosmoceratops
JRWLycaenops
JRWMacrelcana
JRWManipulator
JRWMeganeura
JRWMetriacanthosaurus
JRWMicroceratus
JRWMochlodon
JRWNanuqsaurus
JRWNasutoceratops
JRWNyctosaurus
JRWOphiacodon
JRWOrnithosuchus
JRWOuranosaurus
JRWOviraptor
JRWPachycephalosaurus
JRWPachyrhinosaurus
JRWParasaurolophus
JRWParksosaurus
JRWPlatyhystrix
JRWPrestosuchus
JRWProtoceratops
JRWProtosolpuga
JRWProtovermes
JRWPsittacosaurus
JRWPteranodon
JRWPulmonoscorpius
JRWQantassaurus
JRWQuetzalcoatlus
JRWRajasaurus
JRWRhabdodon
JRWRhamphorhynchus
JRWSaltasaurus
JRWSarcosuchus
JRWScutosaurus
JRWSegnosaurus
JRWSpinosaurus
JRWStaurikosaurus
JRWStegosaurus
JRWStygimoloch
JRWStyracosaurus
JRWSuchomimus
JRWSupersaurus
JRWTanystropheus
JRWTenontosaurus
JRWTermitotron
JRWTherizinosaurus
JRWTitanoboa
JRWTorosaurus
JRWTriceratops
JRWTroodon
JRWTupandactylus
JRWTyrannosaurus
JRWUdanoceratops
JRWValdosaurus
JRWVelociraptor
JRWWonambi
JRWYangchuanosaurus
JRWYi
JRWYurlunggur
JRWYutyrannus
JRWZalmoxes
JRWZephyrosaurus
TYR_HotfootRat
TYR_KangarooRat
TYR_Lemming
TYR_Mouse
TYR_MousePoison
Arthropleura
Doedicurus
Daeodon
Gigantopithecus
Paraceratherium
Titanis
Titanoboa
WoollyMammoth
Elasmotherium
Smilodon
Chalicotherium
Megaloceros
Procoptodon
Megalania
Gomphotaria
Diprotodon
ShortfacedBear
Dinocrocuta
Sivatherium
Andrewsarchus
Dinornis
Macrauchenia
Quinkana
Deinotherium
Aurochs
Megalochelys
Palaeeudyptes
Josephoartigasia
Gigantophis
Meganeura
Zygolophodon
Platybelodon
Purussaurus
Uintatherium
Pulmonoscorpius
Dinopithecus
Castoroides
Enhydriodon
MA_Aminox
MA_Capryak
MA_Deermoss
MA_Direhorse
MA_Dunbear
MA_Duskhorn
MA_Furpotamus
MA_Gnaut
MA_Harpeagle
MA_Hellboar
MA_Manehound
MA_Narkospider
MA_Plastemmoth
MA_PlastemmothAlpha
MA_Raptorkhan
MA_Scarodon
MA_Simbakub
MA_SimbakubAlpha
MA_Sivatherium
MA_Sporemole
MA_Worhin
IronScruff_Tardigrade
IronScruff_Hydrazoa
IronScruff_Flatworm
IronScruff_Jellybird
Ling_Cockroach
Scuttlebug
Dewback
Rancor
Bantha
Nexu
Acklay
Tauntaun
KraytDragon
Reek
Nerf
Gizka
Porg
Vulptex
Wampa
Akk
Aiwha
Anooba
Behemoth
Beldon
Boarwolf
Blarth
Blixus
Blurrg
Bolotaur
Bogwing
Boma
Bordok
Borcatu
Brezak
Bursa
CanCell
Cannok
ChrysalideRancor
Clodhopper
Convor
CorellianHound
Corinathoth
Dactillion
Dalgo
Devourers
Dianoga
Dragonsnake
Drexl
EnergySpider
Eopie
Falumpaset
Fambaa
Fanback
FeralGrazer
FeralNerf
FrilledGorg
FrogDog
Gelagrub
Gorg
Gornt
Grank
GraniteSlug
Grazer
GreaterKraytDragon
Gualaar
Gullipud
Gundark
Gutkurr
HarvesterBeetle
Hawkbat
Horax
Hrumph
Hssiss
Igitz
Insectomorph
IridonianReek
IthorianReek
Iriaz
Jakobeast
Jamel
Jimvu
JungleRancor
Kaadu
Katarn
KellDragon
KowakianMonkeyLizard
Kinrath
Klorslug
Krykna
Kreetle
KwazelMaw
Kwi
Kybuck
LavaFlea
Leaftail
LongtailGorg
Lothcat
LothWolf
Lylek
Maalraas
Manka
MarshHaunt
Massiff
MastiffPhalone
Mastmot
Mawvorr
Mott
Mudhorn
Mynock
Narglatch
Neebray
Nuna
Ollopom
Orray
PaintedSpat
PekoPeko
Pikobis
Pufferpig
Qormot
Raxshir
Rikknit
Roggwart
Ronto
Rycrit
Runyip
Scavrat
Scurrier
Shaak
Shiro
ShiroTrap
Shyrack
Silooth
Skalder
Sketto
Snoruuk
Squall
Stintaril
Strill
Tach
TeeMuss
TetnissCrab
Thranta
Tibidee
Tooke
Torton
Taozin
Tukata
TuskCat
Urusai
Uvak
Vapaad
Varactyl
Veermok
Voorpak
Vornskyr
Warbird
WarWyrm
Whisperbird
WompRat
Woolamander
Worrt
Wraid
Wyyyschokk
Yobshrimp
Zakkeg
Zeer
RSW_ColoClawFish
RSW_AbyssalColo
RSW_ThornbackColo
RSW_Reefback
RSW_Starmaw
RSW_Lanternwhale
RSW_OpeeSeaKiller
RSW_CrimsonOpee
RSW_ShaleGorger
RSW_SandoAquaMonster
RSW_ElderSando
RSW_StormSando
RSW_Mee
RSW_Faa
RSW_Laa
RSW_Yobshrimp
RSW_SiltLamprey
RSW_RustNipper
VAEWaste_Hydra
VAEWaste_Megatardi
VAEWaste_Pestigator
VAEWaste_Toxafox
VAEWaste_Toxbear
VAEWaste_Toxiguana
VAEWaste_Toxlion
VAEWaste_Toxscorpion
VAEWaste_Wasteboar
VAEWaste_Wastedeer
VAEWaste_Wasteffalo
VFEI2_Acidspitter
VFEI2_Boomtick
VFEI2_Durapod
VFEI2_Empress
VFEI2_Fuelmite
VFEI2_Gigalocust
VFEI2_Gigamite
VFEI2_Hellbeetle
VFEI2_Ironclad
VFEI2_Macrofly
VFEI2_Megapede
VFEI2_Megathrips
VFEI2_Megawasp
VFEI2_Patriarch
VFEI2_Queen
VFEI2_RoyalMegascarab
VFEI2_RoyalMegaspider
VFEI2_RoyalSpelopede
VFEI2_Silverfish
VFEI2_Swarmling
VFEI2_Tankroach
VFEI2_Teramantis
VFEI2_Titantick
VFEI2_Venomite
VQEA_Spliceling
VQEA_Splicehulk
VQEA_Splicefiend
VQEA_Splicetoot
VQE_IceCrawler
VQE_Megamidge
VRE_CompanionDryad
VFEI2_BlackEmpress
VFEI2_BlackQueen
VFEI2_BlackSwarmling
AA_AcanthamoebaGiganteaSmall
AA_AcanthamoebaGiganteaLarge
AA_AcanthamoebaGiganteaHuge
AA_Aerofleet
AA_ColossalAerofleet
AA_Agaripawn
AA_Agaripod
AA_AngelMothLarva
AA_AngelMoth
AA_AnimaColossus
AA_Animalisk
AA_AnimusVox
AA_ArcticLion
AA_LarvalAtispec
AA_Atispec
AA_AuroraSylph
AA_Barbslinger
AA_BedBug
AA_Behemoth
AA_BlackScarab
AA_BlackSpelopede
AA_BlackSpider
AA_Blizzarisk
AA_BlizzariskClutchMother
AA_BloodShrimp
AA_Bobeene
AA_BoulderMit
AA_SummitCrab
AA_Bumbledrone
AA_BumbledroneHierophant
AA_BumbledroneQueen
AA_Cactipine
AA_ChameleonYak
AA_ChemfuelMyrmidon
AA_Cinderlisk
AA_CrepuscularBeetle
AA_CrescendoAnole
AA_CrystallineCaracal
AA_CrystalMit
AA_Darkbeast
AA_DarkVandal
AA_DecayDrake
AA_DesertAve
AA_DevilSheep
AA_DrainerLarva
AA_Drainer
AA_Dunealisk
AA_DunealiskClutchMother
AA_DuskProwler
AA_DuskRat
AA_EmpressButterflyLarva
AA_EmpressButterfly
AA_EngorgedTentacularAberration
AA_Erin
AA_Eyeling
AA_Feralisk
AA_FeraliskClutchMother
AA_FireWasp
AA_FissionMouse
AA_FissionMouseSecond
AA_FissionMouseThird
AA_FlamingoPhoenix
AA_FrostAve
AA_FrostboundBehemoth
AA_Frostling
AA_FrostLynx
AA_Frostmite
AA_FungalHusk
AA_Gallatross
AA_GallatrossMoribund
AA_Genix
AA_GiantCrownedSilkie
AA_Gigantelope
AA_GreatDevourer
AA_GreenGoo
AA_GreyCoatedMouflon
AA_Groundrunner
AA_Helixien
AA_InfectedAerofleet
AA_IronhuskBeetle
AA_Junglelisk
AA_Lockjaw
AA_Locusts
AA_LuciferBug
AA_MammothWorm
AA_Mantrap
AA_MatureFleshbeast
AA_MeadowAve
AA_MegaLouse
AA_Metallovore
AA_Mime
AA_Murkling
AA_MycoidColossus
AA_Needlepost
AA_Needleroll
AA_NightMule
AA_NightAve
AA_Nightling
AA_NightRam
AA_OcularCactus
AA_OcularJelly
AA_OcularNightling
AA_OvergrownColossus
AA_PebbleMit
AA_PedigreedRaptor
AA_PhoenixOwlcat
AA_Plasmorph
AA_Radyak
AA_RaptorShrimp
AA_Ravager
AA_RayHound
AA_Razorjack
AA_RedGoo
AA_RedSpore
AA_RipperHound
AA_RoughPlatedMonitor
AA_RoyalAve
AA_SandLion
AA_SandProwler
AA_SandSquid
AA_ShadowCharger
AA_ShockGoat
AA_Skiphound
AA_Skyeel
AA_Slurrypede
AA_SmallButterfly
AA_SpinedGow
AA_Swarmling
AA_TarGuzzler
AA_TeratogenicOriginator
AA_Terramorph
AA_TetraSlug
AA_Thermadon
AA_Thunderbeast
AA_Thunderox
AA_UnblinkingEye
AA_Wildpawn
AA_Wildpod
AA_WindBeast
AM_Megascarab
AM_Spelopede
AM_Megaspider
BiomesIslands_Flamingo
BMT_LandOctopus
BMT_Maxolotl
GiantToad
KingToad
SW_Electricfish
SW_Electricgryllotalpa
SW_Electrictick
SW_Emperorisopod
SW_Grenadierworm
SW_Juggernautbeetles
DZY_RNGChicken
RG_Hemolope
RG_Rabbit
RG_WoollyStegosaurus
RG_Neutrolope
RG_KiwiBird
AG_OcularSlinger
BMT_AaroxisDendoriaLarvae
BMT_AaroxisDendoriaPupa
BMT_AaroxisDendoria
BMT_AcidSlug
BMT_Basilisk
BMT_Batbird
BMT_BeardedYak
BMT_BloodropLarvae
BMT_BloodropPupa
BMT_BloodropMoth
BMT_BovineBeetleLarvae
BMT_BovineBeetlePupa
BMT_BovineBeetle
BMT_BrownBat
BMT_CactusCrab
BMT_CaveCricket
BMT_CaveLemming
BMT_CaveSpider
BMT_ChemSnail
BMT_CrestedDragon
BMT_CrystalBeetleLarvae
BMT_CrystalBeetlePupa
BMT_CrystalBeetle
BMT_CrystalCrab
BMT_CrystalFairyMole
BMT_CrystalMantis
BMT_Crystalope
BMT_DarkAxolotl
BMT_Diggerpede
BMT_FacetMothLarvae
BMT_FacetMothPupa
BMT_FacetMoth
BMT_FireSalamander
BMT_FleeceSpider
BMT_FoundryBeetleLarvae
BMT_FoundryBeetlePupa
BMT_FoundryBeetle
BMT_FreezerFrog
BMT_FrostweaverSpider
BMT_FungalFerret
BMT_FungalMantis
BMT_FungalWeevil
BMT_Gembug
BMT_GiantSlug
BMT_GiantSnail
BMT_GlarralPenguin
BMT_GlowBat
BMT_GlowSlug
BMT_GoetoTadpole
BMT_GoetoToad
BMT_HoarfrostMastodon
BMT_HungeringHydra
BMT_ImperialToad
BMT_Jellypot
BMT_JewelBeetleLarvae
BMT_JewelBeetlePupa
BMT_JewelBeetle
BMT_MaceDrake
BMT_Maguana
BMT_Megabat
BMT_Megapleura
BMT_MetalloSnail
BMT_Mole
BMT_Molebear
BMT_MossBeetleLarvae
BMT_MossBeetlePupa
BMT_MossBeetle
BMT_MossyFennec
BMT_Pillbug
BMT_PodWorm
BMT_Rimebeak
BMT_RoyalRhinoLarvae
BMT_RoyalRhinoPupa
BMT_RoyalRhino
BMT_SandLeaper
BMT_SandPillar
BMT_ShatterjawBeetleLarvae
BMT_ShatterjawBeetle
BMT_ShimmershellSnail
BMT_SilverSheep
BMT_SmolderstingScorpion
BMT_Snowstalker
BMT_SonarRabbit
BMT_Stoneback
BMT_Thrumbungus
BMT_TruffleMole
BMT_Woollybat
BMT_Xyrion
BMT_Yooka
BMT_BarbedPangolin
BMT_BiliousVarog
BMT_BloodletterPetrel
BMT_BunkerBug
BMT_CarrionVulture
BMT_FamineLocust
BMT_FenridStoat
BMT_Polluwog
BMT_GastroToad
BMT_Glowtail
BMT_Maligoat
BMT_Creature_Mantrap
BMT_Megakrill
BMT_MegaphoridLarva
BMT_Megaphorid
BMT_Megaroach
BMT_MucklurkerCatfish
BMT_MutagenicNorphea
BMT_MutatingTumorfishSpawn
BMT_MutatingTumorfishFry
BMT_MutatingTumorfishAdult
BMT_PustuleHornet
BMT_PustuleHornetSpawned
BMT_ColonyPustuleHornet
BMT_PustuleHornetQueen
BMT_ColonyPustuleHornetQueen
BMT_Sacapillar
BMT_Screecher
BMT_SludgeCrawler
BMT_SmogMothLarvae
BMT_SmogPupa
BMT_SmogMoth
BMT_Swarmcaller
BMT_TaintedTurtle
BMT_ToxSheep
BMT_TripleSnapper
BMT_Varmot
BMT_WasteHound
GR_Elasmobearium
GR_Boomnotherium
GR_Chickenlodon
GR_Mantistanis
GR_Paraceramuffalo
GR_Lizardochs
GR_Doedicoon
GR_Thrumdraeodon
GR_WoolyWolf
GR_BearBug
GR_Boomalisk
GR_Needlechicken
GR_Beetlefleet
GR_Groundffalo
GR_MeadowLizard
GR_AnimusHare
GR_Nighthrumbo
GR_WolfShrimp
GR_ArchotechCentipede
GR_Chickenbear
GR_Chickenlope
GR_Chickenffalo
GR_Chickenwolf
GR_Chickenrabbit
GR_Chickencat
GR_Turkeyman
GR_Boomabear
GR_Boomachicken
GR_Boomffalo
GR_Boomwolf
GR_Boomsquirrel
GR_Boomcat
GR_Booman
GR_Wolfbear
GR_Wolfalope
GR_Wolfchicken
GR_Wolffalo
GR_Wolfbeaver
GR_Wolfcat
GR_Dogman
GR_Thrumbear
GR_Thrumbalope
GR_Thrumbochicken
GR_Thrumffalo
GR_Thrumwolf
GR_Thrumbocat
GR_Thrumbospider
GR_Thrumbolizard
GR_Thrumborat
GR_Thrumhorse
GR_Thrumboman
GR_Bearhorse
GR_Boomhorse
GR_Chickenhorse
GR_Cathorse
GR_Molehorse
GR_Wolfhorse
GR_Muffalohorse
GR_Crocorse
GR_Spiderhorse
GR_Hurseman
GR_Fleshling
GR_AberrantFleshbeast
GR_FleshMonstrosity
GR_FleshGrowth
GR_FleshFlies
GR_Catbear
GR_Catalope
GR_Catchicken
GR_Catffalo
GR_Catrabbit
GR_Catwolf
GR_Catman
GR_Manbear
GR_Manalope
GR_Manchicken
GR_Manffalo
GR_Manwolf
GR_Mancat
GR_Mansquirrel
GR_Bearscarab
GR_Boombeetle
GR_Chickenspider
GR_Muffalopede
GR_Wolfscarab
GR_Spidercat
GR_Manscarab
GR_Mechabear
GR_Mechalope
GR_Mechachicken
GR_Mechaspider
GR_Mechamuffalo
GR_Mecharat
GR_Mechaturtle
GR_Mechawolf
GR_Mechathrumbo
GR_Mechacat
GR_Mechahorse
GR_Mechamime
GR_Muffalobear
GR_Muffalope
GR_Muffalochicken
GR_Muffalowolf
GR_Muffalocat
GR_Muffalorat
GR_Muffaloman
GR_ParagonBear
GR_ParagonBoomalope
GR_ParagonChicken
GR_ParagonMuffalo
GR_ParagonWolf
GR_ParagonRat
GR_ParagonIguana
GR_ParagonHorse
GR_ParagonThrumbo
GR_ParagonHumanoid
GR_ParagonFeline
GR_ParagonInsectoid
GR_Bearodile
GR_Boomsnake
GR_Chickenlizard
GR_Muffalokomodo
GR_Spidersnake
GR_Wolfsnake
GR_Snakecat
GR_Lizardman
GR_Molebear
GR_Squirralope
GR_Rabbitchicken
GR_Ratffalo
GR_Beaverwolf
GR_Rabbitcat
GR_Moleman
GR_Bearalope
GR_Bearchicken
GR_Bearffalo
GR_Bearwolf
GR_Bearmole
GR_Bearcat
GR_Bearman
SWPotF_ysalamir
[LoadTracer] ctor 1226/1580: ReGrowthCore.ModCompatibility [ReGrowthCore]
[LoadTracer] ctor 1227/1580: ReGrowthCore.RockTextureExtension [ReGrowthCore]
[LoadTracer] ctor 1228/1580: ReGrowthCore.PerspectiveOresUtility [ReGrowthCore]
[LoadTracer] ctor 1229/1580: ReGrowthCore.Startup [ReGrowthCore]
[LoadTracer] ctor 1230/1580: ReGrowthCore.ReGrowthUtils [ReGrowthCore]
[LoadTracer] ctor 1231/1580: ReGrowthCore.ScatteredFlames_ResourceBank [ReGrowthCore]
[LoadTracer] ctor 1232/1580: ReGrowthCore.ScatteredFlamesUtility [ReGrowthCore]
[LoadTracer] ctor 1233/1580: ReGrowthCore.SplashesUtility [ReGrowthCore]
[Simple FX: Splashes] The following terrains have been defined as being hard:
 - rough-hewn basalt
 - rough basalt
 - rough-hewn solid snow
 - rough solid snow
 - rough-hewn ancient metal
 - rough-hewn hardened slime
 - rough hardened slime
 - rough-hewn mudstone
 - rough mudstone
 - rough-hewn onyxglass
 - rough onyxglass
 - rough-hewn cragstone
 - rough cragstone
 - rough-hewn rose quartz
 - rough rose quartz
 - rough-hewn vacstone
 - rough vacstone
 - rough-hewn marble
 - rough marble
 - rough-hewn slate
 - rough slate
 - rough-hewn limestone
 - rough limestone
 - rough-hewn granite
 - rough granite
 - rough-hewn sandstone
 - rough sandstone
 - concrete chinampa
 - fine gold tile
 - fine silver tile
 - fine steel tile
 - duracrete tile
 - divoted tile (rust)
 - divoted tile (off-white)
 - divoted tile (iron)
 - divoted tile (slate)
 - crossed grate (steel grey)
 - crossed grate (worn yellow)
 - crossed grate (iron)
 - outland office tile
 - rectangular tile (vertical)
 - rectangular tile (horizontal)
 - metal plating (iron)
 - metal plating (slate)
 - starcruiser cabin tile (black, vertical)
 - starcruiser cabin tile (black, horizontal)
 - starcruiser cabin tile (blue, vertical)
 - starcruiser cabin tile (blue, horizontal)
 - dark metal tile (vertical)
 - dark metal tile (horizontal)
 - pure beskar vented floor
 - beskar vented floor
 - durasteel vented floor
 - gold vented floor
 - silver vented floor
 - steel vented floor
 - pure beskar paneled floor (v)
 - beskar paneled floor (v)
 - durasteel paneled floor (v)
 - gold paneled floor (v)
 - silver paneled floor (v)
 - steel paneled floor (v)
 - pure beskar paneled floor (h)
 - beskar paneled floor (h)
 - durasteel paneled floor (h)
 - gold paneled floor (h)
 - silver paneled floor (h)
 - steel paneled floor (h)
 - plastcrete hex brick road
 - permacrete hex brick road
 - duracrete hex brick road
 - marble hex brick road
 - slate hex brick road
 - limestone hex brick road
 - granite hex brick road
 - sandstone hex brick road
 - plastcrete patterned brick road
 - permacrete patterned brick road
 - duracrete patterned brick road
 - marble patterned brick road
 - slate patterned brick road
 - limestone patterned brick road
 - granite patterned brick road
 - sandstone patterned brick road
 - pure beskar bolted floor
 - beskar bolted floor
 - durasteel bolted floor
 - gold bolted floor
 - silver bolted floor
 - steel bolted floor
 - rusted mech laboratory tile
 - mech laboratory tile
 - white laboratory tile
 - laboratory tile
 - rusted laboratory tile
 - cracked concrete
 - shintao fine marble tile
 - shintao fine slate tile
 - shintao fine limestone tile
 - shintao fine granite tile
 - shintao fine sandstone tile
 - corporate fine marble tile
 - corporate fine slate tile
 - corporate fine limestone tile
 - corporate fine granite tile
 - corporate fine sandstone tile
 - crystal floor
 - heavy mushroom bridge
 - coral floor
 - scorched old carpet
 - rusted biotech lab tile
 - cracked concrete
 - burned bioferrite plate
 - gray surface
 - gravitonium tile
 - concrete flagstone
 - fine concrete tile
 - concrete tile
 - concrete path
 - reinforced concrete bridge
 - concrete cobblestone floor
 - concrete slabs
 - concrete polished stone floor
 - concrete bridge
 - glacial ice
 - Striped ceramic tiles
 - ceramic tile（black）
 - ceramic tile
 - ancient carpet
 - ancient frozen hull tile
 - ancient hull tile
 - factory floor
 - concrete foundation
 - marble bridge
 - slate bridge
 - limestone bridge
 - granite bridge
 - sandstone bridge
 - broken asphalt
 - marble slabs
 - slate slabs
 - limestone slabs
 - granite slabs
 - sandstone slabs
 - marble polished stone floor
 - slate polished stone floor
 - limestone polished stone floor
 - granite polished stone floor
 - sandstone polished stone floor
 - marble cobblestone floor
 - slate cobblestone floor
 - limestone cobblestone floor
 - granite cobblestone floor
 - sandstone cobblestone floor
 - asphalt
 - Scaffold Tile
 - Scaffold floor
 - Warning floor
 - transparent heavy bridge
 - transparent substructure
 - fine sky tile
 - sky tile
 - fine transparent tile
 - sterile tile
 - bone china tile
 - ashen bone china floor
 - bone china floor
 - sapphire tile
 - ruby tile
 - diamond tile
 - platform deck
 - deep-sea concrete foundation
 - waterproof concrete foundation
 - broken gravship substructure
 - marble mosaic tile
 - slate mosaic tile
 - limestone mosaic tile
 - granite mosaic tile
 - sandstone mosaic tile
 - mosaic tile
 - Space-age marble tile
 - Space-age slate tile
 - Space-age limestone tile
 - Space-age granite tile
 - Space-age sandstone tile
 - ocular marble floor
 - ocular slate floor
 - ocular limestone floor
 - ocular granite floor
 - ocular sandstone floor
 - restored tile
 - restored rusted tile
 - neolithic marble packed dirt floor
 - neolithic slate packed dirt floor
 - neolithic limestone packed dirt floor
 - neolithic granite packed dirt floor
 - neolithic sandstone packed dirt floor
 - steampunk marble tile
 - steampunk slate tile
 - steampunk limestone tile
 - steampunk granite tile
 - steampunk sandstone tile
 - pristine limestone flagstone
 - pristine limestone tile
 - futuristic kemetic tile
 - kemetic fine pristine limestone tile
 - kemetic fine marble tile
 - kemetic fine slate tile
 - kemetic fine limestone tile
 - kemetic fine granite tile
 - kemetic fine sandstone tile
 - kemetic pristine limestone tile
 - kemetic marble tile
 - kemetic slate tile
 - kemetic limestone tile
 - kemetic granite tile
 - kemetic sandstone tile
 - jewish fine marble tile
 - jewish fine slate tile
 - jewish fine limestone tile
 - jewish fine granite tile
 - jewish fine sandstone tile
 - jewish marble tile
 - jewish slate tile
 - jewish limestone tile
 - jewish granite tile
 - jewish sandstone tile
 - fine pristine limestone tile
 - horaxian tile
 - flesh tile
 - cubic tile
 - ocular obsidian floor
 - ocular cragstone floor
 - ocular mudstone floor
 - ocular red quartz floor
 - steampunk obsidian tile
 - steampunk cragstone tile
 - steampunk mudstone tile
 - steampunk rose quartz tile
 - kemetic fine obsidian tile
 - kemetic fine cragstone tile
 - kemetic fine mudstone tile
 - kemetic fine rose quartz tile
 - kemetic obsidian tile
 - kemetic cragstone tile
 - kemetic mudstone tile
 - kemetic rose quartz tile
 - jewish fine obsidian tile
 - jewish fine cragstone tile
 - jewish fine mudstone tile
 - jewish fine rose quartz tile
 - jewish obsidian tile
 - jewish cragstone tile
 - jewish mudstone tile
 - jewish rose quartz tile
 - compacted sand
 - onyxglass flagstone
 - cragstone flagstone
 - mudstone flagstone
 - rose quartz flagstone
 - onyxglass tile
 - cragstone tile
 - mudstone tile
 - rose quartz tile
 - fine onyxglass tile
 - fine cragstone tile
 - fine mudstone tile
 - fine rose quartz tile
 - SpaceBase Metal Flooring Vertical
 - SpaceBase Metal Flooring Transverse
 - SpaceBase Metal Flooring
 - ancient heavy bridge
 - heavy bridge
 - gravship substructure
 - vacstone flagstone
 - vacstone tile
 - bioferrite plate
 - hex tile
 - totemic vacstone tile
 - totemic marble tile
 - totemic slate tile
 - totemic limestone tile
 - totemic granite tile
 - totemic sandstone tile
 - spikecore plates
 - vacstone spikecore tile
 - marble spikecore tile
 - slate spikecore tile
 - limestone spikecore tile
 - granite spikecore tile
 - sandstone spikecore tile
 - morbid vacstone tile
 - morbid marble tile
 - morbid slate tile
 - morbid limestone tile
 - morbid granite tile
 - morbid sandstone tile
 - fine vacstone tile
 - fine marble tile
 - fine slate tile
 - fine limestone tile
 - fine granite tile
 - fine sandstone tile
 - broken asphalt
 - marble flagstone
 - slate flagstone
 - limestone flagstone
 - granite flagstone
 - sandstone flagstone
 - marble tile
 - slate tile
 - limestone tile
 - granite tile
 - sandstone tile
 - sterile tile
 - gold tile
 - silver tile
 - steel tile
 - paved tile
 - concrete
[LoadTracer] ctor 1234/1580: ReGrowthCore.ResourceBank [ReGrowthCore]
[LoadTracer] ctor 1235/1580: ReGrowthCore.DevilDust_Tornado [ReGrowthCore]
[LoadTracer] ctor 1236/1580: ReGrowthCore.Command_Hide_ZoneBathing [ReGrowthCore]
[LoadTracer] ctor 1237/1580: ReGrowthCore.WallSnowManager [ReGrowthCore]
[LoadTracer] ctor 1238/1580: ReGrowthCore.ErrorLogs [ReGrowthCore]
[LoadTracer] ctor 1239/1580: Replace_Stuff.TexDefOf [Replace_Stuff]
[LoadTracer] ctor 1240/1580: Replace_Stuff.QBTypes [Replace_Stuff]
[LoadTracer] ctor 1241/1580: Replace_Stuff.ThingDefGenerator_ReplaceFrame [Replace_Stuff]
[LoadTracer] ctor 1242/1580: Replace_Stuff.Replace.ReserveSharing [Replace_Stuff]
[LoadTracer] ctor 1243/1580: Replace_Stuff.PlaceBridges.BridgelikeTerrain [Replace_Stuff]
[LoadTracer] ctor 1244/1580: Replace_Stuff.OverMineable.PlaySettings_BlueprintOverRockToggle [Replace_Stuff]
[LoadTracer] ctor 1245/1580: Replace_Stuff.NewThing.FridgeCompat [Replace_Stuff]
[LoadTracer] ctor 1246/1580: Replace_Stuff.NewThing.NewThingReplacement [Replace_Stuff]
[LoadTracer] ctor 1247/1580: Replace_Stuff.DestroyedRestore.BuildingReviver [Replace_Stuff]
[LoadTracer] ctor 1248/1580: Replace_Stuff.Mod+ModStartup [Replace_Stuff]
[LoadTracer] ctor 1249/1580: PeteTimesSix.ResearchReinvented_SteppingStones.ResearchReinventedSteppingStones_PostInit [ResearchReinvented_SteppingStones]
[LoadTracer] ctor 1250/1580: PeteTimesSix.ResearchReinvented_SteppingStones.Utilities.TechLevelColorUtil [ResearchReinvented_SteppingStones]
[LoadTracer] ctor 1251/1580: PeteTimesSix.ResearchReinvented_SteppingStones.ModCompat.ReplaceLib [ResearchReinvented_SteppingStones]
[LoadTracer] ctor 1252/1580: PeteTimesSix.ResearchReinvented_SteppingStones.DefOfs.ResearchProjectDefOf_Manual [ResearchReinvented_SteppingStones]
[LoadTracer] ctor 1253/1580: RimAI.Core.Source.Boot.StatPartRuntimeInjector [RimAI.Core]
[RimAI Core] StatPart_RimAIServer attached to: ConstructionSpeed, GeneralLaborSpeed, MedicalOperationSpeed, MedicalTendSpeed, MiningSpeed, PlantWorkSpeed, ResearchSpeed, WorkSpeedGlobal
[LoadTracer] ctor 1254/1580: RimHUD.Interface.TexturesPlus [RimHUD]
[LoadTracer] ctor 1255/1580: Spaceports.SpaceportsMisc [Spaceports]
[LoadTracer] ctor 1256/1580: Spaceports.SpaceportsMats [Spaceports]
[LoadTracer] ctor 1257/1580: Spaceports.SpaceportsShuttleVariants [Spaceports]
[LoadTracer] ctor 1258/1580: Spaceports.SpaceportsHarmony [Spaceports]
[Spaceports] Okay, showtime!
[Spaceports] Hospitality not found, patches bypassed.
[Spaceports] Trader Ships FOUND, attempting to patch...
[Spaceports] Attempting to postfix TraderShips.IncidentWorkerTraderShip.FindCloseLandingSpot...
[LoadTracer] ctor 1259/1580: FactionLoadout.UISupport.Textures [FactionLoadout]
[LoadTracer] ctor 1260/1580: RomanceOnTheRim.CachedAnimationFramesGetter [RomanceOnTheRim]
[LoadTracer] ctor 1261/1580: RomanceOnTheRim.AndroidUtility [RomanceOnTheRim]
[LoadTracer] ctor 1262/1580: RomanceOnTheRim.RomanceOnTheRimPatcher [RomanceOnTheRim]
[LoadTracer] ctor 1263/1580: RomanceOnTheRim.CoupleJoyGiverFinder [RomanceOnTheRim]
[LoadTracer] ctor 1264/1580: RomanceOnTheRim.GizmoIcons [RomanceOnTheRim]
[LoadTracer] ctor 1265/1580: RotRInteractionBubbleCompat.RotRInteractionBubbleCompat [RotRInteractionBubbleCompat]
[LoadTracer] ctor 1266/1580: SearchableMenus.Main [SearchableMenus]
[LoadTracer] ctor 1267/1580: ListingExtension [ShowMeYourHands]
[LoadTracer] ctor 1268/1580: ShowMeYourHands.HandDrawer [ShowMeYourHands]
[LoadTracer] ctor 1269/1580: ShowMeYourHands.ShowMeYourHandsMain [ShowMeYourHands]
[LoadTracer] ctor 1270/1580: ShowMeYourHands.ShowMeYourHandsMod [ShowMeYourHands]
[LoadTracer] ctor 1271/1580: StonecuttingExtended.StonecuttingModStartUp [StonecuttingExtended]
[LoadTracer] ctor 1272/1580: Toddlers.Toddlers_Init [Toddlers]
[Toddlers] Added lifestage HumanlikeToddler to 0 races
[Toddlers] Created new toddler lifestage for 0 races
[Toddlers] Skipped 61 races: 
human (Human) : found pre-generated life stage HumanlikeToddler
human (CreepJoiner) : found pre-generated life stage HumanlikeToddler
Pistoeka Sotage Droid (RSW_DW_Race_JDSCIS_Pistoeka_Sotage_Droid) : found pre-generated life stage HumanlikeToddler
B1 Battle Droid (RSW_DW_Race_JDSCIS_B1_Battle_Droid) : found pre-generated life stage HumanlikeToddler
B1 Security Droid (RSW_DW_Race_JDSCIS_B1_Security_Droid) : found pre-generated life stage HumanlikeToddler
B1 Commander Droid (RSW_DW_Race_JDSCIS_B1_Commander_Droid) : found pre-generated life stage HumanlikeToddler
BX Commando Droid (RSW_DW_Race_JDSCIS_BX_Commando_Droid) : found pre-generated life stage HumanlikeToddler
IG-100 MagnaGuards (RSW_DW_Race_JDSCIS_IG-100_MagnaGuards) : found pre-generated life stage HumanlikeToddler
T1 Tactical Droid (RSW_DW_Race_JDSCIS_T1_Tactical_Droid) : found pre-generated life stage HumanlikeToddler
ST Super Tactical Droid (RSW_DW_Race_JDSCIS_ST_Super_Tactical_Droid) : found pre-generated life stage HumanlikeToddler
B2 Super Battle Droid (RSW_DW_Race_JDSCIS_B2_Super_Battle_Droid) : found pre-generated life stage HumanlikeToddler
B2 HA Super Battle Droid (RSW_DW_Race_JDSCIS_B2_HA_Super_Battle_Droid) : found pre-generated life stage HumanlikeToddler
AQ Battle Droid (RSW_DW_Race_JDSCIS_AQ_Battle_Droid) : found pre-generated life stage HumanlikeToddler
Droideka Droid (RSW_DW_Race_JDSCIS_Droideka_Droid) : found pre-generated life stage HumanlikeToddler
Droideka Sharpshooter Droid (RSW_DW_Race_JDSCIS_Droideka_Sharpshooter_Droid) : found pre-generated life stage HumanlikeToddler
Demolition Droid (RSW_DW_Race_JDSCIS_Demolition_Droid) : found pre-generated life stage HumanlikeToddler
DSD1 Dwarf Spider Droid (RSW_DW_Race_JDSCIS_DSD1_Dwarf_Spider_Droid) : found pre-generated life stage HumanlikeToddler
LR-57_Combat_Droid (RSW_DW_Race_JDSCIS_LR-57_Combat_Droid) : found pre-generated life stage HumanlikeToddler
HK-series protocol droid (RSW_DW_Race_guy762_DroidRace_HKseries) : found pre-generated life stage HumanlikeToddler
HK-50 series protocol droid (RSW_DW_Race_guy762_DroidRace_HK50series) : found pre-generated life stage HumanlikeToddler
HK-51 series assassin droid (RSW_DW_Race_guy762_DroidRace_HK51series) : found pre-generated life stage HumanlikeToddler
GE3-series protocol droid (RSW_DW_Race_guy762_DroidRace_GE3PD) : found pre-generated life stage HumanlikeToddler
GE3-series labor droid (RSW_DW_Race_guy762_DroidRace_GE3LD) : found pre-generated life stage HumanlikeToddler
G0-T0 superintelligence droid (RSW_DW_Race_guy762_DroidRace_GOTO) : found pre-generated life stage HumanlikeToddler
KM1-series Mining Droid (RSW_DW_Race_guy762_DroidRace_KM1MD) : found pre-generated life stage HumanlikeToddler
KM1-B Excavation Droid (RSW_DW_Race_guy762_DroidRace_KM1HMD) : found pre-generated life stage HumanlikeToddler
K-X12 utility probe droid (RSW_DW_Race_guy762_DroidRace_KX12UPD) : found pre-generated life stage HumanlikeToddler
K-X12 assassin probe droid (RSW_DW_Race_guy762_DroidRace_KX12APD) : found pre-generated life stage HumanlikeToddler
Municipal Patrol Droid Mark I (RSW_DW_Race_guy762_DroidRace_MPDMkI) : found pre-generated life stage HumanlikeToddler
R-8009 series utility droid (RSW_DW_Race_guy762_DroidRace_R8009UD) : found pre-generated life stage HumanlikeToddler
T3-series utility droid (RSW_DW_Race_guy762_DroidRace_T3series) : found pre-generated life stage HumanlikeToddler
3C-series utility droid (RSW_DW_Race_guy762_DroidRace_3Cseries) : found pre-generated life stage HumanlikeToddler
IT-series utility droid (RSW_DW_Race_guy762_DroidRace_ITseries) : found pre-generated life stage HumanlikeToddler
Devastator-class war droid (RSW_DW_Race_guy762_DroidRace_DevWD) : found pre-generated life stage HumanlikeToddler
Devastator-class Type II assassin droid (RSW_DW_Race_guy762_DroidRace_DevAD) : found pre-generated life stage HumanlikeToddler
Sentinel-class war droid (RSW_DW_Race_guy762_DroidRace_SentWD) : found pre-generated life stage HumanlikeToddler
Assault Droid Mark I (RSW_DW_Race_guy762_DroidRace_ADMkI) : found pre-generated life stage HumanlikeToddler
Star Forge Assault Droid (RSW_DW_Race_guy762_DroidRace_ADMkI_sf) : found pre-generated life stage HumanlikeToddler
Assault Droid Mark IV (RSW_DW_Race_guy762_DroidRace_ADMkIV) : found pre-generated life stage HumanlikeToddler
Assault Droid Mk.IV Type B (RSW_DW_Race_guy762_DroidRace_ADMkIV_sith) : found pre-generated life stage HumanlikeToddler
B1 Battle Droid (RSW_DW_Race_OuterRim_BattleDroid) : found pre-generated life stage HumanlikeToddler
B1A Battle Droid (RSW_DW_Race_OuterRim_BattleDroidAdvanced) : found pre-generated life stage HumanlikeToddler
BX Commando Droid (RSW_DW_Race_OuterRim_CommandoDroid) : found pre-generated life stage HumanlikeToddler
HK-Series Assassin Droid (RSW_DW_Race_OuterRim_HKDroid) : found pre-generated life stage HumanlikeToddler
Imperial Labor Droid (RSW_DW_Race_OuterRim_ImperialLaborDroid) : found pre-generated life stage HumanlikeToddler
KX Security Droid (RSW_DW_Race_OuterRim_KXSecurityDroid) : found pre-generated life stage HumanlikeToddler
MagnaGuard Droid (RSW_DW_Race_OuterRim_MagnaGuardDroid) : found pre-generated life stage HumanlikeToddler
protocol droid (RSW_DW_Race_OuterRim_ProtocolDroid) : found pre-generated life stage HumanlikeToddler
B2 Super Battle Droid (RSW_DW_Race_OuterRim_SuperBattleDroid) : found pre-generated life stage HumanlikeToddler
Super Tactical Droid (RSW_DW_Race_OuterRim_SuperTacticalDroid) : found pre-generated life stage HumanlikeToddler
T-Series Tactical Droid (RSW_DW_Race_OuterRim_TacticalDroid) : found pre-generated life stage HumanlikeToddler
Astromech Droid (RSW_DW_Race_OuterRim_AstromechDroid) : found pre-generated life stage HumanlikeToddler
Muckraker Crab Droid (RSW_DW_Race_OuterRim_MuckrakerDroid) : found pre-generated life stage HumanlikeToddler
Destroyer Droid (RSW_DW_Race_OuterRim_DestroyerDroid) : found pre-generated life stage HumanlikeToddler
DUM Repair Droid (RSW_DW_Race_OuterRim_DUMDroid) : found pre-generated life stage HumanlikeToddler
fx-7 medical droid (RSW_DW_Race_OuterRim_FX7Droid) : found pre-generated life stage HumanlikeToddler
gnk power Droid (RSW_DW_Race_OuterRim_GNKDroid) : found pre-generated life stage HumanlikeToddler
MSE Repair Droid (RSW_DW_Race_OuterRim_MSEDroid) : found pre-generated life stage HumanlikeToddler
salvage assist droid (RSW_DW_Race_OuterRim_SalvageAssistDroid) : found pre-generated life stage HumanlikeToddler
G2 repair droid (RSW_DW_Race_Primitive_G2Unit) : found pre-generated life stage HumanlikeToddler
Junker suicide droid (RSW_DW_Race_Primitive_Junker) : found pre-generated life stage HumanlikeToddler
[LoadTracer] ctor 1273/1580: VCHE.CompPumpjackAnimation [VCHE]
[LoadTracer] ctor 1274/1580: VOEAdditionalOutposts.HarmonyPatches [VOE Additional Outposts]
[LoadTracer] ctor 1275/1580: VOEAdditionalOutposts.TexOutposts [VOE Additional Outposts]
[LoadTracer] ctor 1276/1580: VOEAdditionalOutposts.WITab_Outpost_Bank [VOE Additional Outposts]
[LoadTracer] ctor 1277/1580: VOEAdditionalOutposts.WITab_Outpost_Educational_Center [VOE Additional Outposts]
[LoadTracer] ctor 1278/1580: VOEAdditionalOutposts.WITab_Outpost_Church [VOE Additional Outposts]
[LoadTracer] ctor 1279/1580: VOEAdditionalOutposts.WITab_Outpost_Prison [VOE Additional Outposts]
[LoadTracer] ctor 1280/1580: VOEPrisonerPatch.HarmonyPatches [VOE Prisoner Patch]
[LoadTracer] ctor 1281/1580: WallStuff.WallMounted_Battery [WallStuff]
[LoadTracer] ctor 1282/1580: WallStuff.HarmonyPatches [WallStuff]
[LoadTracer] ctor 1283/1580: WallStuff.MultiAnalyzerPatchApplier [WallStuff]
Applying MultiAnalyzer to WallMountedMultiAnalyzer patch.
Patched AdvancedFabrication: Replaced MultiAnalyzer with WallMountedMultiAnalyzer.
Patched Cryptosleep: Replaced MultiAnalyzer with WallMountedMultiAnalyzer.
Patched ReconArmor: Replaced MultiAnalyzer with WallMountedMultiAnalyzer.
Patched PoweredArmor: Replaced MultiAnalyzer with WallMountedMultiAnalyzer.
Patched ChargedShot: Replaced MultiAnalyzer with WallMountedMultiAnalyzer.
Patched Bionics: Replaced MultiAnalyzer with WallMountedMultiAnalyzer.
Patched ShipBasics: Replaced MultiAnalyzer with WallMountedMultiAnalyzer.
Patched ShipCryptosleep: Replaced MultiAnalyzer with WallMountedMultiAnalyzer.
Patched ShipReactor: Replaced MultiAnalyzer with WallMountedMultiAnalyzer.
Patched ShipEngine: Replaced MultiAnalyzer with WallMountedMultiAnalyzer.
Patched ShipComputerCore: Replaced MultiAnalyzer with WallMountedMultiAnalyzer.
Patched ShipSensorCluster: Replaced MultiAnalyzer with WallMountedMultiAnalyzer.
Patched Biosculpting: Replaced MultiAnalyzer with WallMountedMultiAnalyzer.
Patched Bioregeneration: Replaced MultiAnalyzer with WallMountedMultiAnalyzer.
Patched WastepackAtomizer: Replaced MultiAnalyzer with WallMountedMultiAnalyzer.
Patched Archogenetics: Replaced MultiAnalyzer with WallMountedMultiAnalyzer.
Patched ToxFiltration: Replaced MultiAnalyzer with WallMountedMultiAnalyzer.
Patched AdvancedGravtech: Replaced MultiAnalyzer with WallMountedMultiAnalyzer.
Patched BeamWeapons: Replaced MultiAnalyzer with WallMountedMultiAnalyzer.
Patched SpacerCCTV: Replaced MultiAnalyzer with WallMountedMultiAnalyzer.
Patched Asimov_WirelessCharging: Replaced MultiAnalyzer with WallMountedMultiAnalyzer.
Patched CGT_HalothaneGasProduction: Replaced MultiAnalyzer with WallMountedMultiAnalyzer.
Patched CGT_VXGasProduction: Replaced MultiAnalyzer with WallMountedMultiAnalyzer.
Patched GravTide_DeepSeaEngineering: Replaced MultiAnalyzer with WallMountedMultiAnalyzer.
Patched ResearchDrillTurretEfficientDrilling: Replaced MultiAnalyzer with WallMountedMultiAnalyzer.
Patched ResearchMobileMineralSonarEnhancedScan: Replaced MultiAnalyzer with WallMountedMultiAnalyzer.
Patched BoneRefineII: Replaced MultiAnalyzer with WallMountedMultiAnalyzer.
Patched ScuttlebugsBiology: Replaced MultiAnalyzer with WallMountedMultiAnalyzer.
Patched VFE_Res_AdvancedHydroponics: Replaced MultiAnalyzer with WallMountedMultiAnalyzer.
Patched VFE_AdvancedBatteries: Replaced MultiAnalyzer with WallMountedMultiAnalyzer.
Patched VFE_AdvancedPowerSources: Replaced MultiAnalyzer with WallMountedMultiAnalyzer.
Patched VFE_NuclearPower: Replaced MultiAnalyzer with WallMountedMultiAnalyzer.
Patched VFES_Railgun: Replaced MultiAnalyzer with WallMountedMultiAnalyzer.
Patched VFES_EMPCannon: Replaced MultiAnalyzer with WallMountedMultiAnalyzer.
Patched VFES_RepulsorTechnology: Replaced MultiAnalyzer with WallMountedMultiAnalyzer.
Patched SpacerFurniture: Replaced MultiAnalyzer with WallMountedMultiAnalyzer.
Patched SpacerElectronics: Replaced MultiAnalyzer with WallMountedMultiAnalyzer.
Patched MechUtility: Replaced MultiAnalyzer with WallMountedMultiAnalyzer.
Patched RimAI_AI_Level2: Replaced MultiAnalyzer with WallMountedMultiAnalyzer.
Patched RimAI_AI_Level3: Replaced MultiAnalyzer with WallMountedMultiAnalyzer.
Patched ABF_ResearchProject_Synstruct_Optimization: Replaced MultiAnalyzer with WallMountedMultiAnalyzer.
Patched ABF_ResearchProject_Synstruct_CoreAssistants: Replaced MultiAnalyzer with WallMountedMultiAnalyzer.
Patched ShieldGen_BasicShieldTech: Replaced MultiAnalyzer with WallMountedMultiAnalyzer.
Patched ShieldGen_AdvancedShieldTech: Replaced MultiAnalyzer with WallMountedMultiAnalyzer.
Patched ShieldGen_PortableShieldTech: Replaced MultiAnalyzer with WallMountedMultiAnalyzer.
Patched KOTOR_Research_plasma: Replaced MultiAnalyzer with WallMountedMultiAnalyzer.
Patched KOTOR_Research_Baradium: Replaced MultiAnalyzer with WallMountedMultiAnalyzer.
Patched KOTOR_Research_Durasteel: Replaced MultiAnalyzer with WallMountedMultiAnalyzer.
Patched KOTOR_Research_UltraComponent: Replaced MultiAnalyzer with WallMountedMultiAnalyzer.
Patched KOTOR_Research_cloaking: Replaced MultiAnalyzer with WallMountedMultiAnalyzer.
Patched KOTOR_Research_Implants: Replaced MultiAnalyzer with WallMountedMultiAnalyzer.
Patched KOTOR_Research_AdvImplants: Replaced MultiAnalyzer with WallMountedMultiAnalyzer.
Patched KOTOR_Research_Lobot: Replaced MultiAnalyzer with WallMountedMultiAnalyzer.
Patched guy762_ResearchKotOR_mando: Replaced MultiAnalyzer with WallMountedMultiAnalyzer.
Patched guy762_ResearchKotOR_wookiee: Replaced MultiAnalyzer with WallMountedMultiAnalyzer.
Patched guy762_ResearchKotOR_disruptor: Replaced MultiAnalyzer with WallMountedMultiAnalyzer.
Patched guy762_ResearchKotOR_echanishields: Replaced MultiAnalyzer with WallMountedMultiAnalyzer.
Patched guy762_ResearchKotOR_exupgrade: Replaced MultiAnalyzer with WallMountedMultiAnalyzer.
Patched MM_Research_AncientShipDesigns: Replaced MultiAnalyzer with WallMountedMultiAnalyzer.
Patched MM_Research_CWShipDesigns: Replaced MultiAnalyzer with WallMountedMultiAnalyzer.
Patched MM_Research_EmpireShipDesigns: Replaced MultiAnalyzer with WallMountedMultiAnalyzer.
[LoadTracer] ctor 1284/1580: WallStuff.ResourceBank [WallStuff]
[LoadTracer] ctor 1285/1580: ShipWallEnhanced.TurretExplosiveToggle [ShipWallEnhanced]
[ShipWallEnhanced] Turret explosives enabled for ShipWallMountMiniTurret.
[LoadTracer] ctor 1286/1580: ShipWallEnhanced.Bootstrap [ShipWallEnhanced]
[ShipWallEnhanced] Patching JobDriver_ManTurret.FindAmmoForTurret for haul-source mortar ammo.
[ShipWallEnhanced] Patching JobDriver_ManTurret.FindAmmoForTurret for haul-source mortar ammo.
[LoadTracer] ctor 1287/1580: ShipWallEnhanced.CompBatteryChargeBar [ShipWallEnhanced]
[LoadTracer] ctor 1288/1580: AlphaMemes.Dialog_XenogeneToEndogene [AlphaGenes]
[LoadTracer] ctor 1289/1580: AlphaMemes.Dialog_EndogeneToXenogene [AlphaGenes]
[LoadTracer] ctor 1290/1580: AlphaMemes.Dialog_ChooseAndRemoveGene [AlphaGenes]
[LoadTracer] ctor 1291/1580: AlphaGenes.CompAbilityEffect_Summon [AlphaGenes]
[LoadTracer] ctor 1292/1580: AlphaGenes.CommandAbilityToggle [AlphaGenes]
[LoadTracer] ctor 1293/1580: AlphaGenes.SettingsHelper [AlphaGenes]
[LoadTracer] ctor 1294/1580: AlphaGenes.StaticStartup [AlphaGenes]
[LoadTracer] ctor 1295/1580: AlphaGenes.StaticCollectionsClass [AlphaGenes]
[LoadTracer] ctor 1296/1580: BiomesCaverns.DependencyVersionCheck [BiomesCaverns]
[LoadTracer] ctor 1297/1580: BiomesCaverns.Patches.Methods [BiomesCaverns]
[LoadTracer] ctor 1298/1580: Building_MushroomFermentingBarrel [Caveworld_Flora_Unleashed]
[LoadTracer] ctor 1299/1580: als.gravtech.bc.Building_GravSingularityCannon [GravTechBC]
[LoadTracer] ctor 1300/1580: als.gravtech.bc.GravTechBCSettings [GravTechBC]
[LoadTracer] ctor 1301/1580: AlienRace.HarmonyPatches [AlienRace]
Error during patching RimWorld.PregnancyUtility :: Verse.AcceptanceReport CanEverProduceChild(Verse.Pawn, Verse.Pawn) with: pre  | post: Void CanEverProduceChildPostfix(Verse.Pawn, Verse.Pawn, Verse.AcceptanceReport ByRef) | trans: System.Collections.Generic.IEnumerable`1[HarmonyLib.CodeInstruction] CanEverProduceChildTranspiler(System.Collections.Generic.IEnumerable`1[HarmonyLib.CodeInstruction])
System.Exception: Wrong null argument: brtrue NULL
[Ref A3C4372C]
  at HarmonyLib.MethodCreatorTools+<>c__DisplayClass12_0.<EmitCodes>b__0 (HarmonyLib.CodeInstruction codeInstruction) [0x00155] in <024a0e6ec8c2437ead047b6279389c23>:0 
  at HarmonyLib.CollectionExtensions.Do[T] (System.Collections.Generic.IEnumerable`1[T] sequence, System.Action`1[T] action) [0x00014] in <024a0e6ec8c2437ead047b6279389c23>:0 
  at HarmonyLib.MethodCreatorTools.EmitCodes (HarmonyLib.MethodCreator _, HarmonyLib.Emitter emitter, System.Collections.Generic.List`1[T] codeInstructions) [0x0000d] in <024a0e6ec8c2437ead047b6279389c23>:0 
  at HarmonyLib.MethodCreator.CreateReplacement () [0x008ca] in <024a0e6ec8c2437ead047b6279389c23>:0 
  at HarmonyLib.PatchFunctions.UpdateWrapper (System.Reflection.MethodBase original, HarmonyLib.PatchInfo patchInfo) [0x0007c] in <024a0e6ec8c2437ead047b6279389c23>:0 
  at HarmonyLib.PatchProcessor.Patch () [0x0013c] in <024a0e6ec8c2437ead047b6279389c23>:0 
  at HarmonyLib.Harmony.Patch (System.Reflection.MethodBase original, HarmonyLib.HarmonyMethod prefix, HarmonyLib.HarmonyMethod postfix, HarmonyLib.HarmonyMethod transpiler, HarmonyLib.HarmonyMethod finalizer) [0x0002a] in <024a0e6ec8c2437ead047b6279389c23>:0 
  at AlienRace.AlienHarmony.Patch (System.Reflection.MethodBase original, HarmonyLib.HarmonyMethod prefix, HarmonyLib.HarmonyMethod postfix, HarmonyLib.HarmonyMethod transpiler, HarmonyLib.HarmonyMethod finalizer) [0x000ab] in C:\Program Files (x86)\Steam\steamapps\common\RimWorld\Mods\AlienRaces\Source\AlienRace\AlienRace\AlienHarmony.cs:42 
Alien race successfully completed 278 patches (50 pre, 81 post, 147 trans) with harmony.
[LoadTracer] ctor 1302/1580: AlienRace.RaceSettings [AlienRace]
[LoadTracer] ctor 1303/1580: AlienRace.ScenPart_StartingHumanlikes [AlienRace]
[LoadTracer] ctor 1304/1580: AlienRace.StylingStation [AlienRace]
[LoadTracer] ctor 1305/1580: AlienRace.CachedData [AlienRace]
[LoadTracer] ctor 1306/1580: AlienRace.ExtendedGraphics.Condition [AlienRace]
[LoadTracer] ctor 1307/1580: AlienRace.CachedData+Textures [AlienRace]
[LoadTracer] ctor 1308/1580: PickUpAndHaul.HarmonyPatches [PickUpAndHaul]
PickUpAndHaul v1.1.2¼ welcomes you to RimWorld with pointless logspam.
[LoadTracer] ctor 1309/1580: PrisonLabor.Initialization [PrisonLabor]
[WhatsMissing] Patched Dialog_BillConfig
Enabled Prison Labor v1.6.3
[LoadTracer] ctor 1310/1580: PrisonLabor.Core.Settings.SettingsMenu [PrisonLabor]
[LoadTracer] ctor 1311/1580: PrisonLabor.Core.Interrogation.Ritual.JobDriver_Interrogate [PrisonLabor]
[LoadTracer] ctor 1312/1580: PrisonLabor.Core.GUI_Components.TexturePool [PrisonLabor]
[LoadTracer] ctor 1313/1580: PrisonLabor.CompatibilityPatches.Multiplayer [PrisonLabor]
[LoadTracer] ctor 1314/1580: QuarryCompatibility.HarmonyInit [PrisonLaborQuarryCompatibility]
[PL] Quarry patched
[LoadTracer] ctor 1315/1580: VFEPirates.Projectile_GrapplingHook [VFEPirates]
[LoadTracer] ctor 1316/1580: VFEPirates.CommandAbilityToggle [VFEPirates]
[LoadTracer] ctor 1317/1580: VFEPirates.ModCompatibility [VFEPirates]
[LoadTracer] ctor 1318/1580: VFEPirates.Building_WarcasketFoundry [VFEPirates]
[LoadTracer] ctor 1319/1580: VFEPirates.PawnGenerator_GeneratePawn_Patch [VFEPirates]
[LoadTracer] ctor 1320/1580: VFEPirates.StaticStartup [VFEPirates]
[LoadTracer] ctor 1321/1580: VFEPirates.Verb_LaunchProjectileStaticMultiple [VFEPirates]
[LoadTracer] ctor 1322/1580: RimWorld.CompFireOverlayCool [VanillaMemesExpanded]
[LoadTracer] ctor 1323/1580: VanillaMemesExpanded.CompPermanentFireOverlay [VanillaMemesExpanded]
[LoadTracer] ctor 1324/1580: VanillaMemesExpanded.CompTimedFireOverlay [VanillaMemesExpanded]
[LoadTracer] ctor 1325/1580: VanillaMemesExpanded.VanillaMemesExpanded_IdeoUIUtility_DoMemes_Patch [VanillaMemesExpanded]
[LoadTracer] ctor 1326/1580: VanillaMemesExpanded.Main [VanillaMemesExpanded]
[LoadTracer] ctor 1327/1580: VanillaMemesExpanded.SettingsHelper [VanillaMemesExpanded]
[LoadTracer] ctor 1328/1580: VSE.ExpertiseUIUtility [VSE]
[LoadTracer] ctor 1329/1580: VSE.SettingsHelper [VSE]
[LoadTracer] ctor 1330/1580: VSE.Passions.PassionManager [VSE]
[LoadTracer] ctor 1331/1580: ArtificialBeings.ArtificialBeings_PostInit [Artificial Beings Framework]
[LoadTracer] ctor 1332/1580: ArtificialBeings.ABF_Textures [Artificial Beings Framework]
[LoadTracer] ctor 1333/1580: AlphaSkills.Main [AlphaSkills]
[LoadTracer] ctor 1334/1580: ChezhouLib.AirPath.ReflectionCache [ChezhouLib]
[LoadTracer] ctor 1335/1580: ChezhouLib.Patch.KindAnimationReplacer [ChezhouLib]
[LoadTracer] ctor 1336/1580: ChezhouLib.DebugTools.DebugModules [ChezhouLib]
[LoadTracer] ctor 1337/1580: ChezhouLib.DebugTools.DebugTools_ClReferenceImage [ChezhouLib]
[LoadTracer] ctor 1338/1580: ChezhouLib.DebugTools.DebugTools_ClScreenshot [ChezhouLib]
[LoadTracer] ctor 1339/1580: ChezhouLib.DebugTools.DebugTools_ClShaderInspector [ChezhouLib]
[LoadTracer] ctor 1340/1580: ChezhouLib.DebugTools.DebugTools_KindRuleViewer [ChezhouLib]
[LoadTracer] ctor 1341/1580: ChezhouLib.DebugTools.DebugTools_PawnPhotoStudio [ChezhouLib]
[LoadTracer] ctor 1342/1580: ChezhouLib.DebugTools.DebugTools_UnityEffPool [ChezhouLib]
[LoadTracer] ctor 1343/1580: ChezhouLib.DebugTools.PawnVisualWorkbench.PawnVisualWorkbenchBootstrap [ChezhouLib]
[LoadTracer] ctor 1344/1580: ChezhouLib.DebugTools.PawnVisualWorkbench.PawnVisualWorkbenchOpener [ChezhouLib]
[LoadTracer] ctor 1345/1580: ChezhouLib.Startup.InitiaUnityAssetLord [ChezhouLib]
[ChezhouLib] Asset loader platform: WindowsPlayer
The referenced script (WormController) on this Behaviour is missing!
The referenced script on this Behaviour (Game Object 'head') is missing!
[ChezhouLib][Perf] Asset AB loaded: path=C:\Program Files (x86)\Steam\steamapps\workshop\content\294100\3713982815/1.6/AssetBundles/sandworm.ab, ms=27, prefabs=2, sprites=0, managedDeltaKB=0
[LoadTracer] ctor 1346/1580: ChezhouLib.Startup.InitiaUnityEffLord [ChezhouLib]
[LoadTracer] ctor 1347/1580: ChezhouLib.Startup.InitiaUnityShaderLord [ChezhouLib]
[ChezhouLib][Perf] Shader AB loaded: path=C:\Program Files (x86)\Steam\steamapps\workshop\content\294100\3595247479/1.6/AssetBundles/chezhouasset.ab, ms=6, shaders=11, textures=3, managedDeltaKB=8
[LoadTracer] ctor 1348/1580: ChezhouLib.Startup.ClipAnimationLoader [ChezhouLib]
[ChezhouLib] 已加载 2 个动画 Clip Def。
[LoadTracer] ctor 1349/1580: ChezhouLib.Utils.ClFeatureGateDefBootstrap [ChezhouLib]
[ChezhouLib] 扫描名单登记: About=599, About登记=0, 当前候选=2
[ChezhouLib] 功能门控(Def 注册) 启用: UnityAssets, KindForceRelation, ClCustomMission；关闭: FlyRace, ClipAnimation, RenderNodeRule, KindPawnGeneration, BossHpBar, ModuleAssembly, RequiredApparelVerb, DualWeapon, HARBodyAddon, ClHairAppearance, FACompat, ApparelGraphicPathFallback
[ChezhouLib] 服饰路径模块(Def 注册) 登记模组: 0
[LoadTracer] ctor 1350/1580: ChezhouLib.Startup.InitialBodyAddonApparel [ChezhouLib.HAR]
[LoadTracer] ctor 1351/1580: ChezhouLib.Startup.InitialHairBodyaddon [ChezhouLib.HAR]
[ChezhouLib.HAR] HairstyleRule BodyAddons initialized.
[LoadTracer] ctor 1352/1580: ChezhouLib.HAR.HarCompatBootstrap [ChezhouLib.HAR]
[ChezhouLib.HAR] HAR compatibility features are disabled. Skip compatibility patch registration.
[LoadTracer] ctor 1353/1580: ChezhouLib.FA.FaCompatBootstrap [ChezhouLib.FA]
[ChezhouLib.FA] FACompat 功能未声明启用，跳过兼容补丁注册。
[LoadTracer] ctor 1354/1580: ChezhouLib.FA.Rendering.FacialAnimationLidCoverMaterialCache [ChezhouLib.FA]
[LoadTracer] ctor 1355/1580: ChezhouLib.FA.Rendering.PawnRenderNode_FacialAnimationLidShadow [ChezhouLib.FA]
[LoadTracer] ctor 1356/1580: ChezhouLib.CE.CharacterEditorCompatBootstrap [ChezhouLib.CE]
[ChezhouLib.CE] Character Editor compatibility patches registered.
[LoadTracer] ctor 1357/1580: GTGTraderCore.GTGTC_TradeOptimization_RiskAssessor [GTGTraderCore]
[LoadTracer] ctor 1358/1580: GTGTraderCore.GTGTC_TextLocalizationInjector [GTGTraderCore]
[LoadTracer] ctor 1359/1580: GTGTraderCore.GTGTC_Patch_PricingManager [GTGTraderCore]
[LoadTracer] ctor 1360/1580: GTGTraderCore.GTGTC_ModProbes [GTGTraderCore]
[LoadTracer] ctor 1361/1580: GTGTraderCore.GTGTC_Patch_TradeabilityManager [GTGTraderCore]
[LoadTracer] ctor 1362/1580: GTGTraderCore.GTGTC_ModController [GTGTraderCore]
[GTG Trader Core] Backstory tagging protocol initialized.
[GTG Trader Core] Leader faction mapping synchronized.
[GTG Trader Core] Original stats manager initialized successfully.
[GTG Trader Core] Mod controller initialized successfully
[LoadTracer] ctor 1363/1580: GTGTraderCore.GTGTC_SettingsApplier [GTGTraderCore]
[LoadTracer] ctor 1364/1580: KeyzAllowUtilities.Designator_CutBlighted [KeyzAllowUtilities]
[LoadTracer] ctor 1365/1580: KeyzAllowUtilities.Designator_CutGrown [KeyzAllowUtilities]
[LoadTracer] ctor 1366/1580: KeyzAllowUtilities.Designator_FinishOff [KeyzAllowUtilities]
[LoadTracer] ctor 1367/1580: KeyzAllowUtilities.Designator_Floors [KeyzAllowUtilities]
[LoadTracer] ctor 1368/1580: KeyzAllowUtilities.Designator_HarvestAll [KeyzAllowUtilities]
[LoadTracer] ctor 1369/1580: KeyzAllowUtilities.Designator_HarvestAllWood [KeyzAllowUtilities]
[LoadTracer] ctor 1370/1580: KeyzAllowUtilities.Designator_HarvestGrown [KeyzAllowUtilities]
[LoadTracer] ctor 1371/1580: KeyzAllowUtilities.Designator_HarvestGrownWood [KeyzAllowUtilities]
[LoadTracer] ctor 1372/1580: KeyzAllowUtilities.Designator_HaulUrgently [KeyzAllowUtilities]
[LoadTracer] ctor 1373/1580: KeyzAllowUtilities.Designator_SelectSimilar [KeyzAllowUtilities]
[LoadTracer] ctor 1374/1580: KeyzAllowUtilities.Designator_StripMine [KeyzAllowUtilities]
[LoadTracer] ctor 1375/1580: KeyzAllowUtilities.HarmonyPatches.Pawn_Patches [KeyzAllowUtilities]
[LoadTracer] ctor 1376/1580: KeyzAllowUtilities.HarmonyPatches.Plant_Patches [KeyzAllowUtilities]
[LoadTracer] ctor 1377/1580: KeyzAllowUtilities.HarmonyPatches.Thing_Patches [KeyzAllowUtilities]
[LoadTracer] ctor 1378/1580: KeyzAllowUtilities.FilterUtils+StorageGizmoTextures [KeyzAllowUtilities]
[LoadTracer] ctor 1379/1580: ExtraRitualSeats.HarmonyTST.HarmonyBase [ExtraRitualSeats]
[LoadTracer] ctor 1380/1580: PUAHSharedStorage.Bootstrap [PUAHSharedStorage]
[PUAH Shared Storage] Multi-stack storage cells can now be shared, up to one hauler per stack and never more than 32.
[PUAH Shared Storage] Optional shared vehicle cargo loading is available.
[PUAH Shared Storage] Optional shared source-stack reservations are available in mod settings.
[PUAH Shared Storage] Optional PUAH unload diagnostics are available through the diagnostic logging setting.
[PUAH Shared Storage] Mixed item pickup for multi-stack storage enabled.
[LoadTracer] ctor 1381/1580: PrisonerRealism.PrisonerRealismStartup [PrisonerRealism]
[Prisoner Realism] Loaded (build 43). Harmony patches applied.
[LoadTracer] ctor 1382/1580: Rimesis.BrightLordSpiritUtility [Rimesis]
[LoadTracer] ctor 1383/1580: Rimesis.BrightLordSpiritRendering [Rimesis]
[LoadTracer] ctor 1384/1580: Rimesis.RimesisCosmeticLightning [Rimesis]
[LoadTracer] ctor 1385/1580: SimpleSidearms.rimworld.CompSidearmMemory [SimpleSidearms]
[LoadTracer] ctor 1386/1580: PeteTimesSix.SimpleSidearms.SimpleSidearms_PostInit [SimpleSidearms]
[LoadTracer] ctor 1387/1580: PeteTimesSix.SimpleSidearms.TextureResources [SimpleSidearms]
[LoadTracer] ctor 1388/1580: PeteTimesSix.SimpleSidearms.Rimworld.DebugMenuEntries [SimpleSidearms]
[LoadTracer] ctor 1389/1580: PeteTimesSix.SimpleSidearms.Compat.Tacticowl [SimpleSidearms]
[LoadTracer] ctor 1390/1580: PeteTimesSix.SimpleSidearms.Compat.VFECore [SimpleSidearms]
[LoadTracer] ctor 1391/1580: SimpleSlaveryCollars.HarmonyInit [SimpleSlaveryCollars]
[LoadTracer] ctor 1392/1580: SimpleSlaveryCollars.Gizmos.Gizmo_SlaveCollarStatus [SimpleSlaveryCollars]
[LoadTracer] ctor 1393/1580: TabulaRasa.SubcategoryUtil [TabulaRasa]
[LoadTracer] ctor 1394/1580: TabulaRasa.Hediff_VisualOverlay [TabulaRasa]
[LoadTracer] ctor 1395/1580: TabulaRasa.Comp_Shield [TabulaRasa]
[LoadTracer] ctor 1396/1580: TabulaRasa.Gizmo_ShieldStatus [TabulaRasa]
[LoadTracer] ctor 1397/1580: TabulaRasa.Comp_AdvFireOverlay [TabulaRasa]
[LoadTracer] ctor 1398/1580: TabulaRasa.TexTabulaRasa [TabulaRasa]
[LoadTracer] ctor 1399/1580: TabulaRasa.MiningUtility [TabulaRasa]
[LoadTracer] ctor 1400/1580: TabulaRasa.FactionUtil [TabulaRasa]
[LoadTracer] ctor 1401/1580: TabulaRasa.TabulaRasaStartup [TabulaRasa]
[LoadTracer] ctor 1402/1580: GeneticRim.Building_ArchoWomb [GeneticRim]
[LoadTracer] ctor 1403/1580: GeneticRim.Building_DNAStorageBank [GeneticRim]
[LoadTracer] ctor 1404/1580: GeneticRim.Command_SetParagonList [GeneticRim]
[LoadTracer] ctor 1405/1580: GeneticRim.Command_SetAnimalList [GeneticRim]
[LoadTracer] ctor 1406/1580: GeneticRim.Command_SetGenomeList [GeneticRim]
[LoadTracer] ctor 1407/1580: GeneticRim.CompGenomorpher [GeneticRim]
[LoadTracer] ctor 1408/1580: GeneticRim.CompElectroWomb [GeneticRim]
[LoadTracer] ctor 1409/1580: GeneticRim.SettingsHelper [GeneticRim]
[LoadTracer] ctor 1410/1580: GeneticRim.Window_DesignateGrowthCell [GeneticRim]
[LoadTracer] ctor 1411/1580: GeneticRim.Core [GeneticRim]
[LoadTracer] ctor 1412/1580: GeneticRim.GraphicsCache [GeneticRim]
[LoadTracer] ctor 1413/1580: GeneticRim.Main [GeneticRim]
[LoadTracer] ctor 1414/1580: VanillaVehiclesExpanded.Utils [VanillaVehiclesExpanded]
[LoadTracer] ctor 1415/1580: DivineFramework.OnStartup [0DivineFramework]
[LoadTracer] ctor 1416/1580: BetterRomance.OnStartup [WayBetterRomance]
[LoadTracer] ctor 1417/1580: ArtificialBeings.CompCoherenceNeed [Synstructs Core]
[LoadTracer] ctor 1418/1580: ArtificialBeings.Gizmo_EnergyReservoir [Synstructs Core]
[LoadTracer] ctor 1419/1580: ArtificialBeings.Gizmo_CoherenceStatus [Synstructs Core]
[LoadTracer] ctor 1420/1580: ArtificialBeings.Gizmo_CoherenceEffect [Synstructs Core]
[LoadTracer] ctor 1421/1580: ArtificialBeings.SynstructsCore_PostInit [Synstructs Core]
[LoadTracer] ctor 1422/1580: ArtificialBeings.SynstructsCore_VFEPCompatibility_PostInit [Synstructs Core - VFEP Compatibility]
[LoadTracer] ctor 1423/1580: AchtungMod.Extensions [Achtung]
[LoadTracer] ctor 1424/1580: AchtungMod.ForcedMultiFloatMenuOption [Achtung]
[LoadTracer] ctor 1425/1580: AchtungMod.AchtungLoader [Achtung]
Fallback handler could not load library C:/Program Files (x86)/Steam/steamapps/common/RimWorld/RimWorldWin64_Data/MonoBleedingEdge/data-00000222E653BEC0.dll
[LoadTracer] ctor 1426/1580: AchtungMod.PriorityWork_GetGizmos_Patch [Achtung]
[LoadTracer] ctor 1427/1580: AchtungMod.Tools [Achtung]
[LoadTracer] ctor 1428/1580: Brrainz.Dialog_ModFeatures [ModFeatures]
[LoadTracer] ctor 1429/1580: Brrainz.Dialog_ModFeaturesDismissHelp [ModFeatures]
[LoadTracer] ctor 1430/1580: AlphaVehicles.MainAncient [AlphaVehiclesAncient]
[LoadTracer] ctor 1431/1580: OuterRimCore.Comp_ResourceExtractor [OuterRimCore]
[LoadTracer] ctor 1432/1580: OuterRimCore.OuterRimCoreStartup [OuterRimCore]
[LoadTracer] ctor 1433/1580: OutlandGenes.EggUtil [OutlandGenes]
[LoadTracer] ctor 1434/1580: OutlandGenes.GeneUtil [OutlandGenes]
[LoadTracer] ctor 1435/1580: OutlandGenes.AscenderUtil [OutlandGenes]
[LoadTracer] ctor 1436/1580: CommonSense.Sidearms_Utility [CommonSense]
[LoadTracer] ctor 1437/1580: CommonSense.RPGStyleInventory_CommonSensePatch [CommonSense]
[LoadTracer] ctor 1438/1580: CommonSense.AwesomeInventory_CommonSensePatch [CommonSense]
[LoadTracer] ctor 1439/1580: CommonSense.CommonSense [CommonSense]
[LoadTracer] ctor 1440/1580: CommonSense.Utility [CommonSense]
[LoadTracer] ctor 1441/1580: RimMandrake.DesertVehicleReskin.DesertVehicleReskinMod [DesertVehicleReskin]
[LoadTracer] ctor 1442/1580: FACP.StartupPatcher [FACP]
[FACP] Startup pass: 25 patches applied, 0 switched off, 25 available.
[LoadTracer] ctor 1443/1580: RimMandrake.Utinni.Doctrine.JawaDoctrineCoreMod [JawaDoctrineCore]
[LoadTracer] ctor 1444/1580: ColourPicker.colourPicker [PerformanceAnalyzer]
[LoadTracer] ctor 1445/1580: Analyzer.H_KeyPresses [PerformanceAnalyzer]
[LoadTracer] ctor 1446/1580: Analyzer.Textures [PerformanceAnalyzer]
[LoadTracer] ctor 1447/1580: Analyzer.Profiling.H_RegenerateLayers [PerformanceAnalyzer]
[LoadTracer] ctor 1448/1580: Analyzer.Profiling.DubGUI [PerformanceAnalyzer]
[LoadTracer] ctor 1449/1580: PerformanceOptimizer.ModCompatUtility [PerformanceOptimizer]
[LoadTracer] ctor 1450/1580: PerformanceOptimizer.ComponentCache [PerformanceOptimizer]
[LoadTracer] ctor 1451/1580: AM.Content [zAnimationMod]
[LoadTracer] ctor 1452/1580: ItemControl.PatchPreviewPawn [ItemControl]
[LoadTracer] ctor 1453/1580: ItemControl.ShowMeYourHandsIntegration [ItemControl]
[LoadTracer] ctor 1454/1580: ItemControl.ItemControlBootstrap [ItemControl]
[Rim Control] initialized.
[LoadTracer] ctor 1455/1580: ItemControl.ItemControlContent [ItemControl]
[LoadTracer] ctor 1456/1580: JobEffects.ArmRenderer [JobEffects]
[LoadTracer] ctor 1457/1580: JobEffects.CompletionBurst [JobEffects]
[LoadTracer] ctor 1458/1580: JobEffects.EffectsUtil [JobEffects]
[LoadTracer] ctor 1459/1580: JobEffects.JobEffectsBootstrap [JobEffects]
[LoadTracer] ctor 1460/1580: JobEffects.ToolAnimator [JobEffects]
[LoadTracer] ctor 1461/1580: JobEffects.ToolWarmup [JobEffects]
[LoadTracer] ctor 1462/1580: Lightsaber.Dialog_LightsaberCustomization [Lightsaber]
[LoadTracer] ctor 1463/1580: Lightsaber.HarmonyPatches [Lightsaber]
[LoadTracer] ctor 1464/1580: Lightsaber.LightsaberGraphicsUtil [Lightsaber]
[LoadTracer] ctor 1465/1580: Lightsaber.LightSaberProjectile [Lightsaber]
[LoadTracer] ctor 1466/1580: Lightsaber.Gizmo_LightsaberStance [Lightsaber]
[LoadTracer] ctor 1467/1580: Lightsaber.LightsaberGlowShaderLoader [Lightsaber]
[LoadTracer] ctor 1468/1580: Lightsaber.ShaderPropertyIDAddon [Lightsaber]
[LoadTracer] ctor 1469/1580: Lightsaber.Comp_LightsaberBlade [Lightsaber]
[LoadTracer] ctor 1470/1580: MeleeAnimPatch.HarmonyPatches [MeleeAnimPatch]
[LoadTracer] ctor 1471/1580: AbilityDropdown.AbilityDropdown [AbilityDropdown]
[AbilityDropdown] Now active
[AbilityDropdown] Harmony patch complete!
[LoadTracer] ctor 1472/1580: AddGeneForPK.AddGeneForPK [AddGeneForPK]
[AddGeneForPK] Now active
[AddGeneForPK] Harmony patch complete!
[LoadTracer] ctor 1473/1580: BodyTypeForPawnKind.BodyTypeForPawnKind [BodyTypeForPawnKind]
[BodyTypeForPawnKind] Now active
[BodyTypeForPawnKind] Harmony patch complete!
[LoadTracer] ctor 1474/1580: CallLaborerCustom.CallLaborerCustom [CallLaborerCustom]
[CallLaborerCustom] Now active
[CallLaborerCustom] Harmony patch complete!
[LoadTracer] ctor 1475/1580: CastableInUnconscious.CastableInUnconscious [CastableInUnconscious]
[CastableInUnconscious] Now active
[CastableInUnconscious] Harmony patch complete!
[LoadTracer] ctor 1476/1580: DeflectorHediff.DeflectorHediff [DeflectorHediff]
[DeflectorHediff] Now active
[DeflectorHediff] Harmony patch complete!
[LoadTracer] ctor 1477/1580: HediffsWhileJob.HediffsWhileJob [HediffsWhileJob]
[HediffsWhileJob] Now active
[HediffsWhileJob] Harmony patch complete!
[LoadTracer] ctor 1478/1580: InstantHealingDrug.InstantHealingDrug [InstantHealingDrug]
[InstantHealingDrug] Now active
[InstantHealingDrug] Harmony patch complete!
[InstantHealingDrug] SelfHediffVerb found
[LoadTracer] ctor 1479/1580: JumppackForMeleeAI.JumppackForMeleeAI [JumppackForMeleeAI]
[JumppackForMeleeAI]Now Active
[JumppackForMeleeAI]Harmony patch complete!
[LoadTracer] ctor 1480/1580: KoltoTank.KoltoTankPatches [KoltoTank]
[LoadTracer] ctor 1481/1580: MentalBreakBlocker.MentalBreakBlocker [MentalBreakBlocker]
[MentalBreakBlocker] Now active
[MentalBreakBlocker] Harmony patch complete!
[LoadTracer] ctor 1482/1580: SecondaryMineableYield.SecondaryMineableYield [SecondaryMineableYield]
[SecondaryMineableYield] Now active
[SecondaryMineableYield] Harmony patch complete!
[LoadTracer] ctor 1483/1580: SelfHediffVerb.SelfHediffVerb [SelfHediffVerb]
[SelfHediffVerb] Now active
[SelfHediffVerb] Harmony patch complete!
[LoadTracer] ctor 1484/1580: Spinning_Projectile.SpinningWeaponProjectile [Spinning Projectile]
[LoadTracer] ctor 1485/1580: Spinning_Projectile.MoteWeaponReturn [Spinning Projectile]
[LoadTracer] ctor 1486/1580: Spinning_Projectile.ThingComp_ReturningWeapon [Spinning Projectile]
[LoadTracer] ctor 1487/1580: SWCP.Core.TextureCache [SWCP_Core]
[LoadTracer] ctor 1488/1580: SWCP.Core.CharacterRoleUtils [SWCP_Core]
[LoadTracer] ctor 1489/1580: SWCP.Core.Patches [SWCP_Core]
[LoadTracer] ctor 1490/1580: SWCP.Core.VATS.Command_VATS [SWCP_Core]
[LoadTracer] ctor 1491/1580: SWCP.Core.VATS.Dialog_VATS [SWCP_Core]
[LoadTracer] ctor 1492/1580: SWCP.Core.Unity.Materials [SWCP_Core]
<color=#66ff7fFF>[SWCP Core/Tools] </color>Bundle Path: C:\Program Files (x86)\Steam\steamapps\workshop\content\294100\3254370945\SWCP-UnityAssets\Materials\StandaloneWindows64\SWCPshaders
Unable to open archive file: C:/Program Files (x86)/Steam/steamapps/workshop/content/294100/3254370945/SWCP-UnityAssets/Materials/StandaloneWindows64/SWCPshaders
Failed to read data for the AssetBundle 'C:\Program Files (x86)\Steam\steamapps\workshop\content\294100\3254370945\SWCP-UnityAssets\Materials\StandaloneWindows64\SWCPshaders'.
<color=#66ff7fFF>[SWCP Core/Tools] </color>Failed to load bundle at path: C:\Program Files (x86)\Steam\steamapps\workshop\content\294100\3254370945\SWCP-UnityAssets\Materials\StandaloneWindows64\SWCPshaders
[LoadTracer] ctor 1493/1580: SWCP.Core.Unity.Shaders [SWCP_Core]
<color=#66ff7fFF>[SWCP Core/Tools] </color>Bundle Path: C:\Program Files (x86)\Steam\steamapps\workshop\content\294100\3254370945\SWCP-UnityAssets\Materials\StandaloneWindows64\SWCPshaders
Unable to open archive file: C:/Program Files (x86)/Steam/steamapps/workshop/content/294100/3254370945/SWCP-UnityAssets/Materials/StandaloneWindows64/SWCPshaders
Failed to read data for the AssetBundle 'C:\Program Files (x86)\Steam\steamapps\workshop\content\294100\3254370945\SWCP-UnityAssets\Materials\StandaloneWindows64\SWCPshaders'.
<color=#66ff7fFF>[SWCP Core/Tools] </color>Failed to load bundle at path: C:\Program Files (x86)\Steam\steamapps\workshop\content\294100\3254370945\SWCP-UnityAssets\Materials\StandaloneWindows64\SWCPshaders
<color=#B266FFFF>[SWCP Core/Tools] </color>MainBundle is not initialized, cannot load shader: Assets\Shaders\ZoomShader.shader
[LoadTracer] ctor 1494/1580: SWCP.Currencies.CurrencyManager [SWCP_Currencies]
[LoadTracer] ctor 1495/1580: SWCP.Enlist.EnlistUtils [SWCPEnlist]
[LoadTracer] ctor 1496/1580: TitleRemovesAbility.TitleRemovesAbility [TitleRemovesAbility]
[TitleRemovesAbility] Now active
[TitleRemovesAbility] Harmony patch complete!
[LoadTracer] ctor 1497/1580: VEFHireDialogPatch.VEFHireDialogPatch [VEFHireDialogPatch]
[VEFHireDialogPatch] Now active
[VEFHireDialogPatch] Harmony patch complete!
[LoadTracer] ctor 1498/1580: XenoTitle.XenoTitle [XenoTitle]
[XenoTitle] Now active
[XenoTitle] Harmony patch complete!
[LoadTracer] ctor 1499/1580: JumppackForMeleeAI.JumppackForMeleeAI [JawaArmoury]
[JumppackForMeleeAI]Now Active
[JumppackForMeleeAI]Harmony patch complete!
[LoadTracer] ctor 1500/1580: InstantHealingDrug.InstantHealingDrug [JawaArmoury]
[InstantHealingDrug] Now active
[InstantHealingDrug] Harmony patch complete!
[InstantHealingDrug] SelfHediffVerb found
[LoadTracer] ctor 1501/1580: KoltoTank.KoltoTankPatches [JawaArmoury]
[LoadTracer] ctor 1502/1580: Spinning_Projectile.ThingComp_ReturningWeapon [JawaArmoury]
[LoadTracer] ctor 1503/1580: Spinning_Projectile.MoteWeaponReturn [JawaArmoury]
[LoadTracer] ctor 1504/1580: Spinning_Projectile.SpinningWeaponProjectile [JawaArmoury]
[LoadTracer] ctor 1505/1580: Spinning_Projectile.HarmonyPatches [JawaArmoury]
[LoadTracer] ctor 1506/1580: SelfHediffVerb.SelfHediffVerb [JawaArmoury]
[SelfHediffVerb] Now active
[SelfHediffVerb] Harmony patch complete!
[LoadTracer] ctor 1507/1580: SecondaryMineableYield.SecondaryMineableYield [JawaArmoury]
[SecondaryMineableYield] Now active
[SecondaryMineableYield] Harmony patch complete!
[LoadTracer] ctor 1508/1580: MentalBreakBlocker.MentalBreakBlocker [JawaArmoury]
[MentalBreakBlocker] Now active
[MentalBreakBlocker] Harmony patch complete!
[LoadTracer] ctor 1509/1580: CompExtraSounds.HarmonyCompExtraSounds [JawaArmoury]
[LoadTracer] ctor 1510/1580: RimMandrake.StarWars.JawaIonWeapons.JawaIonVehicleTierMod [JawaIonVehicleTier]
[LoadTracer] ctor 1511/1580: RimMandrake.StarWars.Droidworks.DroidworksNeedGateMod [Droidworks]
[LoadTracer] ctor 1512/1580: RimMandrake.StarWars.Droidworks.DroidworksTradeAdvantageMod [Droidworks]
[LoadTracer] ctor 1513/1580: RimMandrake.StarWars.Droidworks.DroidworksBoltCoreMod [DroidworksBoltCore]
[LoadTracer] ctor 1514/1580: RimMandrake.StarWars.FireEcology.FireEcologyHookMod [FireEcologyHook]
[RimMandrake.StarWars.FireEcology] fulgurite-spawn: armed; strikes on sand-family ground may leave a fulgurite
[RimMandrake.StarWars.FireEcology] fire-tick-ash-scorchfruit: armed; burning cells on scorchable ground may dust loose ash and rarely seed a scorch-fruit pod
[LoadTracer] ctor 1515/1580: RimMandrake.RimDefDump.RimDefDumpBootstrap [RimDefDump]
[RimMandrake.RimDefDump] starting, mode=all, capture=2026-09-09T00-19-04Z, out=C:/Users/Mandrake/AppData/LocalLow/Ludeon Studios/RimWorld by Ludeon Studios\DefDump\captures
[RimMandrake.RimDefDump] animals=1338 (skipped 1401 generated corpse defs) biomes=93 (0 threw and produced no rows) biomeAnimalPairs=5804 statsMissing=0
[RimMandrake.RimDefDump] def type name collision — AbilityDef: RimWorld.AbilityDef=608->AbilityDef.json, VEF.Abilities.AbilityDef=18->VEF.Abilities.AbilityDef.json, AbilityUser.AbilityDef=0->AbilityUser.AbilityDef.json
[RimMandrake.RimDefDump] def type name collision — CharacterDef: RimMandrake.Inhabited.CharacterDef=294->CharacterDef.json, SWCP.Core.CharacterDef=0->SWCP.Core.CharacterDef.json
[RimMandrake.RimDefDump] def type name collision — CustomMapDataDef: AncientMarket_Libraray.CustomMapDataDef=42->CustomMapDataDef.json, QuestEditor_Library.CustomMapDataDef=12->QuestEditor_Library.CustomMapDataDef.json
[RimMandrake.RimDefDump] def type name collision — DefExtensions: DubRoss.DefExtensions=1->DefExtensions.json, DubsBadHygiene.DefExtensions=1->DubsBadHygiene.DefExtensions.json, Rimefeller.DefExtensions=1->Rimefeller.DefExtensions.json
[RimMandrake.RimDefDump] def type name collision — DialogTreeDef: AncientMarket_Libraray.DialogTreeDef=1->DialogTreeDef.json, QuestEditor_Library.DialogTreeDef=0->QuestEditor_Library.DialogTreeDef.json
[RimMandrake.RimDefDump] def type name collision — DubsModOptions: DubsBadHygiene.DubsModOptions=15->DubsModOptions.json, Rimefeller.DubsModOptions=4->Rimefeller.DubsModOptions.json
[RimMandrake.RimDefDump] def type name collision — ExpansionDef: RimWorld.ExpansionDef=6->ExpansionDef.json, CaravanAdventures.Expansions.ExpansionDef=1->CaravanAdventures.Expansions.ExpansionDef.json
[RimMandrake.RimDefDump] def type name collision — FaceTypeDef: FacialAnimation.FaceTypeDef=150->FaceTypeDef.json, FaceAddon.FaceTypeDef=0->FaceAddon.FaceTypeDef.json
[RimMandrake.RimDefDump] def type name collision — ModDef: MVCF.ModDef=6->ModDef.json, VEF.OptionalFeatures.ModDef=6->VEF.OptionalFeatures.ModDef.json
[RimMandrake.RimDefDump] def type name collision — QuestGiverDef: RimQuest.QuestGiverDef=5->QuestGiverDef.json, VEF.Storyteller.QuestGiverDef=1->VEF.Storyteller.QuestGiverDef.json
[RimMandrake.RimDefDump] def type name collision — StructureLayoutDef: KCSG.StructureLayoutDef=304->StructureLayoutDef.json, Fortified.Structures.StructureLayoutDef=0->Fortified.Structures.StructureLayoutDef.json
[RimMandrake.RimDefDump] def type name collision — StructureSetDef: VanillaQuestsExpandedAncients.StructureSetDef=14->StructureSetDef.json, VEF.Storyteller.StructureSetDef=0->VEF.Storyteller.StructureSetDef.json
[RimMandrake.RimDefDump] def type name collision — SymbolDef: KCSG.SymbolDef=9099->SymbolDef.json, Fortified.Structures.SymbolDef=0->Fortified.Structures.SymbolDef.json
[RimMandrake.RimDefDump] wrote 527 def-type files to C:/Users/Mandrake/AppData/LocalLow/Ludeon Studios/RimWorld by Ludeon Studios\DefDump\captures\.writing\defs (13 simple-name collisions disambiguated)
[RimMandrake.RimDefDump] capture published: C:/Users/Mandrake/AppData/LocalLow/Ludeon Studios/RimWorld by Ludeon Studios\DefDump\captures\2026-09-09T00-19-04Z
[RimMandrake.RimDefDump] pruned old capture 2026-09-08T22-04-59Z
[RimMandrake.RimDefDump] done in 18422 ms (animals 309 ms, all-defs 18055 ms)
[LoadTracer] ctor 1516/1580: aRandomKiwi.RimThemes.Autosaver_DoAutosave_Patch [RimThemes]
[LoadTracer] ctor 1517/1580: aRandomKiwi.RimThemes.LoadedModManager_LoadModXmlPatch_Patch [RimThemes]
[LoadTracer] ctor 1518/1580: aRandomKiwi.RimThemes.ModContentPack_LoadDefsPatch_Patch [RimThemes]
[LoadTracer] ctor 1519/1580: aRandomKiwi.RimThemes.ModContentPack_LoadPatches_Patch [RimThemes]
[LoadTracer] ctor 1520/1580: aRandomKiwi.RimThemes.LoadedModManager_CombineIntoUnifiedXML_Patch [RimThemes]
[LoadTracer] ctor 1521/1580: aRandomKiwi.RimThemes.LoadedModManager_ApplyPatches_Patch [RimThemes]
[LoadTracer] ctor 1522/1580: aRandomKiwi.RimThemes.LoadedModManager_ParseAndProcessXML_Patch [RimThemes]
[LoadTracer] ctor 1523/1580: aRandomKiwi.RimThemes.GenGeneric_MethodOnGenericType_Patch [RimThemes]
[LoadTracer] ctor 1524/1580: aRandomKiwi.RimThemes.DirectXmlLoader_DefFromNode_Patch [RimThemes]
[LoadTracer] ctor 1525/1580: aRandomKiwi.RimThemes.XmlInheritance_TryRegister_Patch [RimThemes]
[LoadTracer] ctor 1526/1580: aRandomKiwi.RimThemes.StaticConstructorOnStartupUtility_CallAll_Patch [RimThemes]
[LoadTracer] ctor 1527/1580: aRandomKiwi.RimThemes.RuntimeHelpers_RunClassConstructor_Patch [RimThemes]
[LoadTracer] ctor 1528/1580: aRandomKiwi.RimThemes.Activate_Patch [RimThemes]
[LoadTracer] ctor 1529/1580: aRandomKiwi.RimThemes.InspectPaneUtility_ToggleTab_Patch [RimThemes]
[LoadTracer] ctor 1530/1580: aRandomKiwi.RimThemes.InspectTabBase_DoTabGUI_Patch [RimThemes]
[LoadTracer] ctor 1531/1580: aRandomKiwi.RimThemes.WindowStack_TryRemove_Patch [RimThemes]
[LoadTracer] ctor 1532/1580: aRandomKiwi.RimThemes.WindowsStack_Add_Patch [RimThemes]
[LoadTracer] ctor 1533/1580: aRandomKiwi.RimThemes.EditWindow_Log_DoWindowContents_PrefixPatch [RimThemes]
[LoadTracer] ctor 1534/1580: aRandomKiwi.RimThemes.EditWindow_Log_DoWindowContents_PostfixPatch [RimThemes]
[LoadTracer] ctor 1535/1580: aRandomKiwi.RimThemes.FactionRelationKindUtility_GetColor_Patch [RimThemes]
[LoadTracer] ctor 1536/1580: aRandomKiwi.RimThemes.ModSummaryWindow_DrawWindow_Patch [RimThemes]
[LoadTracer] ctor 1537/1580: aRandomKiwi.RimThemes.World_ExposeData_Patch [RimThemes]
[LoadTracer] ctor 1538/1580: aRandomKiwi.RimThemes.World_FinalizeInit_Patch [RimThemes]
[LoadTracer] ctor 1539/1580: aRandomKiwi.RimThemes.Map_ExposeData_Patch [RimThemes]
[LoadTracer] ctor 1540/1580: aRandomKiwi.RimThemes.Map_ExposeComponents_Patch [RimThemes]
[LoadTracer] ctor 1541/1580: aRandomKiwi.RimThemes.MapLoadCompressedPatch [RimThemes]
[LoadTracer] ctor 1542/1580: aRandomKiwi.RimThemes.CameraDriver_Expose_Patch [RimThemes]
[LoadTracer] ctor 1543/1580: aRandomKiwi.RimThemes.ScribeLoader_FinalizeLoading_Patch [RimThemes]
[LoadTracer] ctor 1544/1580: aRandomKiwi.RimThemes.MapFinalizeLoadPatch [RimThemes]
[LoadTracer] ctor 1545/1580: aRandomKiwi.RimThemes.GameFinalizeInitPatch [RimThemes]
[LoadTracer] ctor 1546/1580: aRandomKiwi.RimThemes.LongEventHandler_QueueLongEvent_Patch [RimThemes]
[LoadTracer] ctor 1547/1580: aRandomKiwi.RimThemes.LongEventHandler_QueueLongEvent2_Patch [RimThemes]
[LoadTracer] ctor 1548/1580: aRandomKiwi.RimThemes.LongEventHandler_QueueLongEvent3_Patch [RimThemes]
[LoadTracer] ctor 1549/1580: aRandomKiwi.RimThemes.WorldRenderer_RegenerateDirtyLayersNow_Async_Patch [RimThemes]
[LoadTracer] ctor 1550/1580: aRandomKiwi.RimThemes.ScribeSaver_FinalizeSaving_Patch [RimThemes]
[LoadTracer] ctor 1551/1580: aRandomKiwi.RimThemes.LoaderGM [RimThemes]
[LoadTracer] ctor 1552/1580: aRandomKiwi.RimThemes.DrawOptionListing_Patch [RimThemes]
[LoadTracer] ctor 1553/1580: aRandomKiwi.RimThemes.MainMenuOnGUI_Patch [RimThemes]
[LoadTracer] ctor 1554/1580: aRandomKiwi.RimThemes.DoMainMenuControls_Patch [RimThemes]
[LoadTracer] ctor 1555/1580: aRandomKiwi.RimThemes.CurFontStyle_Patch [RimThemes]
[LoadTracer] ctor 1556/1580: aRandomKiwi.RimThemes.CurTextFieldStyle_Patch [RimThemes]
[LoadTracer] ctor 1557/1580: aRandomKiwi.RimThemes.CurTextAreaStyle_Patch [RimThemes]
[LoadTracer] ctor 1558/1580: aRandomKiwi.RimThemes.CurTextAreaReadOnlyStyle_Patch [RimThemes]
[LoadTracer] ctor 1559/1580: aRandomKiwi.RimThemes.SpaceBetweenLines_Patch [RimThemes]
[LoadTracer] ctor 1560/1580: aRandomKiwi.RimThemes.LineHeight_Patch [RimThemes]
[LoadTracer] ctor 1561/1580: aRandomKiwi.RimThemes.setFont_Patch [RimThemes]
[LoadTracer] ctor 1562/1580: aRandomKiwi.RimThemes.Notify_LoadedSceneChanged_Patch [RimThemes]
[LoadTracer] ctor 1563/1580: aRandomKiwi.RimThemes.DoWindowContents_Patch [RimThemes]
[LoadTracer] ctor 1564/1580: aRandomKiwi.RimThemes.UI_BackgroundMain_Patch [RimThemes]
[LoadTracer] ctor 1565/1580: aRandomKiwi.RimThemes.GUI_DrawTexture_Patch [RimThemes]
[LoadTracer] ctor 1566/1580: aRandomKiwi.RimThemes.ButtonTextWorker_Patch [RimThemes]
[LoadTracer] ctor 1567/1580: aRandomKiwi.RimThemes.ButtonTextSubtle_Patch [RimThemes]
[LoadTracer] ctor 1568/1580: aRandomKiwi.RimThemes.DrawWindowBackground_Patch [RimThemes]
[LoadTracer] ctor 1569/1580: aRandomKiwi.RimThemes.DrawWindowBackground2_Patch [RimThemes]
[LoadTracer] ctor 1570/1580: aRandomKiwi.RimThemes.Widgets_ButtonImage_Patch [RimThemes]
[LoadTracer] ctor 1571/1580: aRandomKiwi.RimThemes.Widgets_Label1_Patch [RimThemes]
[LoadTracer] ctor 1572/1580: aRandomKiwi.RimThemes.Widgets_Label2_Patch [RimThemes]
[LoadTracer] ctor 1573/1580: aRandomKiwi.RimThemes.Widgets_TextField_Patch [RimThemes]
[LoadTracer] ctor 1574/1580: aRandomKiwi.RimThemes.Widgets_TextArea_Patch [RimThemes]
[LoadTracer] ctor 1575/1580: aRandomKiwi.RimThemes.WindowStackOnGUI_Patch [RimThemes]
[LoadTracer] ctor 1576/1580: aRandomKiwi.RimThemes.Window_Close_Patch [RimThemes]
[LoadTracer] ctor 1577/1580: aRandomKiwi.RimThemes.Loader [RimThemes]
[LoadTracer] ctor 1578/1580: aRandomKiwi.RimThemes.Themes [RimThemes]
[LoadTracer] ctor 1579/1580: aRandomKiwi.RimThemes.RimThemes [RimThemes]
[LoadTracer] ctor 1580/1580: aRandomKiwi.RimThemes.Utils [RimThemes]
[LoadTracer] CallAll complete
[Map Preview v1.12.26.1] Detected potential conflict: The mod "Custom Quest Framework" (QF_Patch) adds a destructive patch that will likely override or break some functionality of Map Preview.
Patch method: static System.Boolean QuestEditor_Library.Patch_MapGenerate::prefix(Verse.IntVec3& mapSize, RimWorld.Planet.MapParent parent, Verse.MapGeneratorDef mapGenerator)
Target method: static Verse.Map Verse.MapGenerator::GenerateMap(Verse.IntVec3 mapSize, RimWorld.Planet.MapParent parent, Verse.MapGeneratorDef mapGenerator, System.Collections.Generic.IEnumerable`1<Verse.GenStepWithParams> extraGenStepDefs, System.Action`1<Verse.Map> extraInitBeforeContentGen, System.Boolean isPocketMap, System.Boolean stepDebugger)
[Geological Landforms v1.7.13.1] Detected potential conflict: The mod "GravTide" (gravtide.mod) adds a destructive patch that will likely override or break some functionality of Geological Landforms.
Patch method: static System.Boolean GravTide.BuildFor_Patch::Prefix(Verse.MapPlantGrowthRateCalculator __instance, Verse.Map map)
Target method: System.Void Verse.MapPlantGrowthRateCalculator::BuildFor(Verse.Map map)
[Geological Landforms v1.7.13.1] Found 6 biome variants in mod Biomes! Caverns.
[Geological Landforms v1.7.13.1] Found landform data in the following mods: Geological Landforms, Biome Transitions, Biomes! Caverns
[Geological Landforms v1.7.13.1] Loaded 49 landforms of which 0 are edited and 0 are custom.
[LunarFramework v1.1.17] Processed 21 Harmony patches in 8301 ms.
Type Dialog_QuestBookStepInfo probably needs a StaticConstructorOnStartup attribute, because it has a field nodeFrame of type Texture2D. All assets must be loaded in the main thread.
Type Patches_WorldLayer_MapMode_OnGUI_Invasions probably needs a StaticConstructorOnStartup attribute, because it has a field DraftIcon of type Texture2D. All assets must be loaded in the main thread.
Type Patches_ExpandableWorldObjectsOnGUI probably needs a StaticConstructorOnStartup attribute, because it has a field DraftIcon of type Texture2D. All assets must be loaded in the main thread.
Type Dialog_EditQuestBookStep probably needs a StaticConstructorOnStartup attribute, because it has a field nodeFrame of type Texture2D. All assets must be loaded in the main thread.
Type Invasion probably needs a StaticConstructorOnStartup attribute, because it has a field AttackSettlementIcon of type Texture2D. All assets must be loaded in the main thread.
Type QuestBookNodeCanvas probably needs a StaticConstructorOnStartup attribute, because it has a field nodeFrame of type Texture2D. All assets must be loaded in the main thread.
Type SandHammerThing probably needs a StaticConstructorOnStartup attribute, because it has a field bottomGraphic of type Graphic. All assets must be loaded in the main thread.
Type Dialog_WorkbenchImageBrowser probably needs a StaticConstructorOnStartup attribute, because it has a field checkerTexture of type Texture2D. All assets must be loaded in the main thread.
Type AnimationTextureLayerRuntime probably needs a StaticConstructorOnStartup attribute, because it has a field DrawBlock of type MaterialPropertyBlock. All assets must be loaded in the main thread.
Type MarkerCache probably needs a StaticConstructorOnStartup attribute, because it has a field outlineGeneratorMaterial of type Material. All assets must be loaded in the main thread.
Type OreHighlightRenderer probably needs a StaticConstructorOnStartup attribute, because it has a field sharedStripeTexture of type Texture2D. All assets must be loaded in the main thread.
Type Patch_GravEngine_GetGizmos probably needs a StaticConstructorOnStartup attribute, because it has a field SaveTex of type Texture2D. All assets must be loaded in the main thread.
Type PlaySettings_ToggleIcons_Patch probably needs a StaticConstructorOnStartup attribute, because it has a field Icon of type Texture2D. All assets must be loaded in the main thread.
Type FloatRangeSlider probably needs a StaticConstructorOnStartup attribute, because it has a field _circleTex of type Texture2D. All assets must be loaded in the main thread.
Type TransparentObject probably needs a StaticConstructorOnStartup attribute, because it has a field copyToDepthMaterial of type Material. All assets must be loaded in the main thread.
Type AnimRenderer probably needs a StaticConstructorOnStartup attribute, because it has a field DefaultCutout of type Material. All assets must be loaded in the main thread.
Type DoExtraIconsTweak probably needs a StaticConstructorOnStartup attribute, because it has a field TechprintIcon_Missing of type Texture2D. All assets must be loaded in the main thread.
Type TransparentObject_Atmosphere probably needs a StaticConstructorOnStartup attribute, because it has a field AtmosphereLUT of type Shader. All assets must be loaded in the main thread.
Type ScrollViewThumb probably needs a StaticConstructorOnStartup attribute, because it has a field _circleTex of type Texture2D. All assets must be loaded in the main thread.
Type Apparel_HumanSkinSuit probably needs a StaticConstructorOnStartup attribute, because it has a field skinBoltGraphic of type Graphic. All assets must be loaded in the main thread.
Type VideoPlayerUtil probably needs a StaticConstructorOnStartup attribute, because it has a field go of type GameObject. All assets must be loaded in the main thread.
Type TransparentObject_Cloud probably needs a StaticConstructorOnStartup attribute, because it has a field SkyBoxCloud of type Shader. All assets must be loaded in the main thread.
Type BGRenderer probably needs a StaticConstructorOnStartup attribute, because it has a field layers of type Texture2D[]. All assets must be loaded in the main thread.
Type Building_DuelSpot probably needs a StaticConstructorOnStartup attribute, because it has a field invisible of type Graphic. All assets must be loaded in the main thread.
Type TransparentObject_Ring probably needs a StaticConstructorOnStartup attribute, because it has a field BasicRing of type Shader. All assets must be loaded in the main thread.
Type GrabUtility probably needs a StaticConstructorOnStartup attribute, because it has a field mpb of type MaterialPropertyBlock. All assets must be loaded in the main thread.
Type Dialog_AnimationDebugger probably needs a StaticConstructorOnStartup attribute, because it has a field mpb of type MaterialPropertyBlock. All assets must be loaded in the main thread.
Type Command_AbilityDropdown probably needs a StaticConstructorOnStartup attribute, because it has a field PlusTex of type Texture2D. All assets must be loaded in the main thread.
Type GrappleFlyer probably needs a StaticConstructorOnStartup attribute, because it has a field mpb of type MaterialPropertyBlock. All assets must be loaded in the main thread.
[LoadTracer] FloatMenuMakerMap.Init begin
[LoadTracer] FloatMenuMakerMap.Init done
[LoadTracer] BakeStaticAtlases begin
[LoadTracer] BakeStaticAtlases done
Unloading 5 Unused Serialized files (Serialized files now loaded: 49)
MVCF successfully applied 65 patches
[Fortified] 涂装着色器加载成功 Fortified/StandardPaintable
[makeitso.configurabletechprints] Patches on methods annotated as Obsolete were detected by HugsLib: RimWorld.TechprintUtility.TryGetTechprintDefToGenerate
[BetterTrees] Applying tree size, texture, and shadow overrides...
[BetterTrees] Caching original graphics, sizes, and altitudes for the first time...
[BetterTrees] Finished applying tree overrides.
[BetterTrees] Pre-caching all transparent tree graphics...
[BetterTrees] Cached 372 transparent graphics.
<color=#FFEB04FF>Biome Compatibility Project: Patching notes</color>
 
****************__________ Starting to patch mod added diseases to mod added biomes... __________****************
 
****************__________ Starting to patch mod added weathers to mod added biomes... __________****************
Added SW_Sandstorm to Savanna with commonality 4
Added SW_DrySandstorm to Savanna with commonality 3
Added SW_Sandstorm to Wasteland with commonality 8
Added SW_DrySandstorm to Wasteland with commonality 6
Added SW_Sandstorm to AB_RockyCrags with commonality 8
Added SW_DrySandstorm to AB_RockyCrags with commonality 6
Added SW_Sandstorm to AB_GallatrossGraveyard with commonality 5
Added SW_Sandstorm to AB_MechanoidIntrusion with commonality 12
Added SW_DrySandstorm to AB_MechanoidIntrusion with commonality 10
Added SW_Sandstorm to AB_TarPits with commonality 4
Added SW_DrySandstorm to AB_TarPits with commonality 3
Added SW_DrySandstorm to ZBiome_DesertOasis with commonality 6
 
****************__________ Starting to patch mod added caravan incidents to mod added biomes... __________****************
Added CACaravanDamselInDistress to Savanna with mtbDays 15
Added CACaravanDamselInDistress to Wasteland with mtbDays 30
Added CACaravanDamselInDistress to Wetland with mtbDays 25
Added CACaravanDamselInDistress to AB_FeraliskInfestedJungle with mtbDays 25
Added CACaravanDamselInDistress to AB_RockyCrags with mtbDays 30
Added CACaravanDamselInDistress to AB_GallatrossGraveyard with mtbDays 20
Added CACaravanDamselInDistress to AB_GelatinousSuperorganism with mtbDays 25
Added CACaravanDamselInDistress to AB_IdyllicMeadows with mtbDays 20
Added CACaravanDamselInDistress to AB_MechanoidIntrusion with mtbDays 35
Added CACaravanDamselInDistress to AB_MiasmicMangrove with mtbDays 30
Added CACaravanDamselInDistress to AB_MycoticJungle with mtbDays 25
Added CACaravanDamselInDistress to AB_OcularForest with mtbDays 20
Added CACaravanDamselInDistress to AB_PropaneLakes with mtbDays 50
Added CACaravanDamselInDistress to AB_TarPits with mtbDays 25
Added CACaravanDamselInDistress to ZBiome_AlpineMeadow with mtbDays 20
Added CACaravanDamselInDistress to ZBiome_Badlands with mtbDays 25
Added CACaravanDamselInDistress to ZBiome_CloudForest with mtbDays 23.33333
Added CACaravanDamselInDistress to ZBiome_CoastalDunes with mtbDays 20
Added CACaravanDamselInDistress to ZBiome_DesertOasis with mtbDays 30
Added CACaravanDamselInDistress to ZBiome_Iceberg_NoBeach with mtbDays 60
Added CACaravanDamselInDistress to ZBiome_Marsh with mtbDays 32.5
Added CACaravanDamselInDistress to ZBiome_Sandbar_NoBeach with mtbDays 20
 
****************__________ Starting to patch VANILLA added caravan incidents to mod added biomes... __________****************
Added Ambush to Wasteland with mtbDays 30
Added ManhunterAmbush to Wasteland with mtbDays 30
Added CaravanMeeting to Wasteland with mtbDays 15
Added CaravanDemand to Wasteland with mtbDays 30
Added Ambush to AB_FeraliskInfestedJungle with mtbDays 25
Added ManhunterAmbush to AB_FeraliskInfestedJungle with mtbDays 25
Added CaravanMeeting to AB_FeraliskInfestedJungle with mtbDays 12.5
Added CaravanDemand to AB_FeraliskInfestedJungle with mtbDays 25
Added Ambush to AB_RockyCrags with mtbDays 30
Added ManhunterAmbush to AB_RockyCrags with mtbDays 30
Added CaravanMeeting to AB_RockyCrags with mtbDays 15
Added CaravanDemand to AB_RockyCrags with mtbDays 30
Added Ambush to AB_GallatrossGraveyard with mtbDays 20
Added ManhunterAmbush to AB_GallatrossGraveyard with mtbDays 20
Added CaravanMeeting to AB_GallatrossGraveyard with mtbDays 10
Added CaravanDemand to AB_GallatrossGraveyard with mtbDays 20
Added Ambush to AB_GelatinousSuperorganism with mtbDays 25
Added ManhunterAmbush to AB_GelatinousSuperorganism with mtbDays 25
Added CaravanMeeting to AB_GelatinousSuperorganism with mtbDays 12.5
Added CaravanDemand to AB_GelatinousSuperorganism with mtbDays 25
Added Ambush to AB_IdyllicMeadows with mtbDays 20
Added ManhunterAmbush to AB_IdyllicMeadows with mtbDays 20
Added CaravanMeeting to AB_IdyllicMeadows with mtbDays 10
Added CaravanDemand to AB_IdyllicMeadows with mtbDays 20
Added Ambush to AB_MechanoidIntrusion with mtbDays 35
Added ManhunterAmbush to AB_MechanoidIntrusion with mtbDays 35
Added CaravanMeeting to AB_MechanoidIntrusion with mtbDays 25
Added CaravanDemand to AB_MechanoidIntrusion with mtbDays 35
Added Ambush to AB_MiasmicMangrove with mtbDays 30
Added ManhunterAmbush to AB_MiasmicMangrove with mtbDays 30
Added CaravanMeeting to AB_MiasmicMangrove with mtbDays 15
Added CaravanDemand to AB_MiasmicMangrove with mtbDays 30
Added Ambush to AB_MycoticJungle with mtbDays 25
Added ManhunterAmbush to AB_MycoticJungle with mtbDays 25
Added CaravanMeeting to AB_MycoticJungle with mtbDays 12.5
Added CaravanDemand to AB_MycoticJungle with mtbDays 25
Added Ambush to AB_OcularForest with mtbDays 20
Added ManhunterAmbush to AB_OcularForest with mtbDays 20
Added CaravanMeeting to AB_OcularForest with mtbDays 10
Added CaravanDemand to AB_OcularForest with mtbDays 20
Added Ambush to AB_PropaneLakes with mtbDays 50
Added ManhunterAmbush to AB_PropaneLakes with mtbDays 50
Added CaravanMeeting to AB_PropaneLakes with mtbDays 57.5
Added CaravanDemand to AB_PropaneLakes with mtbDays 50
Added Ambush to AB_TarPits with mtbDays 25
Added ManhunterAmbush to AB_TarPits with mtbDays 25
Added CaravanMeeting to AB_TarPits with mtbDays 12.5
Added CaravanDemand to AB_TarPits with mtbDays 25
Added Ambush to ZBiome_AlpineMeadow with mtbDays 20
Added ManhunterAmbush to ZBiome_AlpineMeadow with mtbDays 20
Added CaravanMeeting to ZBiome_AlpineMeadow with mtbDays 10
Added CaravanDemand to ZBiome_AlpineMeadow with mtbDays 20
Added Ambush to ZBiome_Badlands with mtbDays 25
Added ManhunterAmbush to ZBiome_Badlands with mtbDays 25
Added CaravanMeeting to ZBiome_Badlands with mtbDays 12.5
Added CaravanDemand to ZBiome_Badlands with mtbDays 25
Added Ambush to ZBiome_CloudForest with mtbDays 23.33333
Added ManhunterAmbush to ZBiome_CloudForest with mtbDays 23.33333
Added CaravanMeeting to ZBiome_CloudForest with mtbDays 11.66667
Added CaravanDemand to ZBiome_CloudForest with mtbDays 23.33333
Added Ambush to ZBiome_CoastalDunes with mtbDays 20
Added ManhunterAmbush to ZBiome_CoastalDunes with mtbDays 20
Added CaravanMeeting to ZBiome_CoastalDunes with mtbDays 10
Added CaravanDemand to ZBiome_CoastalDunes with mtbDays 20
Added Ambush to ZBiome_DesertOasis with mtbDays 30
Added ManhunterAmbush to ZBiome_DesertOasis with mtbDays 30
Added CaravanMeeting to ZBiome_DesertOasis with mtbDays 15
Added CaravanDemand to ZBiome_DesertOasis with mtbDays 30
Added Ambush to ZBiome_Iceberg_NoBeach with mtbDays 60
Added ManhunterAmbush to ZBiome_Iceberg_NoBeach with mtbDays 60
Added CaravanMeeting to ZBiome_Iceberg_NoBeach with mtbDays 80
Added CaravanDemand to ZBiome_Iceberg_NoBeach with mtbDays 60
Added Ambush to ZBiome_Marsh with mtbDays 32.5
Added ManhunterAmbush to ZBiome_Marsh with mtbDays 32.5
Added CaravanMeeting to ZBiome_Marsh with mtbDays 20
Added CaravanDemand to ZBiome_Marsh with mtbDays 32.5
Added Ambush to ZBiome_Sandbar_NoBeach with mtbDays 20
Added ManhunterAmbush to ZBiome_Sandbar_NoBeach with mtbDays 20
Added CaravanMeeting to ZBiome_Sandbar_NoBeach with mtbDays 10
Added CaravanDemand to ZBiome_Sandbar_NoBeach with mtbDays 20
 
****************__________ Starting to patch mod added plants to mod added biomes... __________****************
Added AB_DessertTree to Savanna with commonality 0.0097
Added AB_Aaklac to Savanna with commonality 0.02415
Added AB_HardyGrass to Savanna with commonality 1.1
Added AB_BrownBarrelCactus to Savanna with commonality 0.0633
Added GRimPebbleCactus to Savanna with commonality 0.0535
Added GRim1PebbleCactus to Savanna with commonality 0.0472
Added GRimYellowGrass to Savanna with commonality 0.1998
Added GRimAgavePlant to Savanna with commonality 0.06
Added GRimAgave to Savanna with commonality 0.0804
Added GRimPincushionCactus to Savanna with commonality 0.09845
Added GRim1PincushionCactus to Savanna with commonality 0.0804
Added GRimSaguaroCactus to Savanna with commonality 0.019
Added GRim1SaguaroCactus to Savanna with commonality 0.019
Added AreebianCactus to Savanna with commonality 0.0804
Added TreeDragoberry to Savanna with commonality 0.03235
Added Plant_Chakroot to Savanna with commonality 0.00765
Added Plant_HubbaGourd to Savanna with commonality 0.00765
Added Plant_Chakroot_Wild to Savanna with commonality 0.0804
Added Plant_HubbaGourd_Wild to Savanna with commonality 0.0633
Added VEE_Plant_HoodiaCactus to Savanna with commonality 0.0411
Added VCE_Plant_AloeVera to Savanna with commonality 0.07345
Added VCE_Plant_JadePlant to Savanna with commonality 0.0804
Added VCE_Plant_SnakePlant to Savanna with commonality 0.0633
Added Plant_DesertDandelion to Savanna with commonality 0.13695
Added RG_FlowerCactus to Savanna with commonality 0.0633
Added IronScruff_Bindweed to Volcano with commonality 0.25
Added BMT_FireLavender to Volcano with commonality 0.6
Added BMT_HeatsinkFungus to Volcano with commonality 0.2
Added AB_DessertTree to Wasteland with commonality 0.0194
Added AB_Aaklac to Wasteland with commonality 0.0483
Added AB_HardyGrass to Wasteland with commonality 2.2
Added AB_BrownBarrelCactus to Wasteland with commonality 0.1266
Added GRimPebbleCactus to Wasteland with commonality 0.107
Added GRim1PebbleCactus to Wasteland with commonality 0.0944
Added GRimYellowGrass to Wasteland with commonality 0.3996
Added GRimAgavePlant to Wasteland with commonality 0.12
Added GRimAgave to Wasteland with commonality 0.1608
Added GRimPincushionCactus to Wasteland with commonality 0.1969
Added GRim1PincushionCactus to Wasteland with commonality 0.1608
Added GRimSaguaroCactus to Wasteland with commonality 0.038
Added GRim1SaguaroCactus to Wasteland with commonality 0.038
Added AreebianCactus to Wasteland with commonality 0.1608
Added TreeDragoberry to Wasteland with commonality 0.0647
Added Plant_Chakroot to Wasteland with commonality 0.0153
Added Plant_HubbaGourd to Wasteland with commonality 0.0153
Added Plant_Chakroot_Wild to Wasteland with commonality 0.1608
Added Plant_HubbaGourd_Wild to Wasteland with commonality 0.1266
Added VEE_Plant_HoodiaCactus to Wasteland with commonality 0.0822
Added VCE_Plant_AloeVera to Wasteland with commonality 0.1469
Added VCE_Plant_JadePlant to Wasteland with commonality 0.1608
Added VCE_Plant_SnakePlant to Wasteland with commonality 0.1266
Added Plant_DesertDandelion to Wasteland with commonality 0.2739
Added RG_FlowerCactus to Wasteland with commonality 0.1266
Added Plant_Grass to Wetland with commonality 5
Added RG_Plant_SwampPod to Wetland with commonality 0.025
Added RG_Plant_Raspberry to Wetland with commonality 0.025
Added RG_Plant_TemperateIvy to Wetland with commonality 4
Added RG_Plant_TemperateFern to Wetland with commonality 0.5
Added RG_Plant_BlueDandelion to Wetland with commonality 0.25
Added RG_Plant_RedDandelion to Wetland with commonality 0.25
Added RG_Cibarius to Wetland with commonality 0.0425
Added RG_Plant_TreeCornish to Wetland with commonality 0.4
Added BMT_Plant_Doomsprout to Wetland with commonality 0.05
Added BMT_Plant_EclipsusFlower to Wetland with commonality 0.3
Added BMT_Plant_EclipsusLeaves to Wetland with commonality 0.4
Added BMT_Plant_WildRashroot to Wetland with commonality 0.5
Added BMT_Plant_SewerReed to Wetland with commonality 0.5
Added BMT_Plant_Snaketails to Wetland with commonality 0.5
Added BMT_Plant_Toxcaps to Wetland with commonality 1.5
Added BMT_Plant_TreeBlotBirch to Wetland with commonality 0.25
Added BMT_Plant_TreeClawhandCitron to Wetland with commonality 0.05
Added BMT_Plant_TreeSnakeWillow to Wetland with commonality 0.5
Added BMT_Plant_TreeWormoak to Wetland with commonality 0.75
Added BMT_Plant_TwistedDandelion to Wetland with commonality 0.25
Added Plant_Grass to AB_FeraliskInfestedJungle with commonality 8
Added Plant_TallGrass to AB_FeraliskInfestedJungle with commonality 4.25
Added RG_Plant_SwampPod to AB_FeraliskInfestedJungle with commonality 0.025
Added RG_Plant_Tidalis to AB_FeraliskInfestedJungle with commonality 0.8
Added RG_Plant_Oxalis to AB_FeraliskInfestedJungle with commonality 0.4
Added RG_Plant_Plumeria to AB_FeraliskInfestedJungle with commonality 0.4
Added RG_NeoAmanita to AB_FeraliskInfestedJungle with commonality 0.025
Added RG_Plant_TreeDwarfPalm to AB_FeraliskInfestedJungle with commonality 0.5
Added RG_Plant_TallPalmTree to AB_FeraliskInfestedJungle with commonality 0.05
Added BMT_Plant_BloomingCorpse to AB_FeraliskInfestedJungle with commonality 0.025
Added BMT_Plant_Doomsprout to AB_FeraliskInfestedJungle with commonality 0.1
Added BMT_Plant_EclipsusFlower to AB_FeraliskInfestedJungle with commonality 0.3
Added BMT_Plant_EclipsusLeaves to AB_FeraliskInfestedJungle with commonality 0.4
Added BMT_Plant_Mantrap to AB_FeraliskInfestedJungle with commonality 0.05
Added BMT_Plant_PigsEars to AB_FeraliskInfestedJungle with commonality 2.5
Added BMT_Plant_SewerReed to AB_FeraliskInfestedJungle with commonality 0.2
Added BMT_Plant_Toxcaps to AB_FeraliskInfestedJungle with commonality 2
Added BMT_Plant_ToxicIvy to AB_FeraliskInfestedJungle with commonality 2.5
Added BMT_Plant_TreeClawhandCitron to AB_FeraliskInfestedJungle with commonality 0.05
Added BMT_Plant_TreeSeepingEucalyptus to AB_FeraliskInfestedJungle with commonality 1
Added BMT_Plant_TreeTanglerootMangrove to AB_FeraliskInfestedJungle with commonality 0.75
Added BMT_Plant_TreeWhistlingCane to AB_FeraliskInfestedJungle with commonality 0.25
Added BMT_Plant_TumorbulbHyacinth to AB_FeraliskInfestedJungle with commonality 0.4
Added GRimPebbleCactus to AB_RockyCrags with commonality 0.107
Added GRim1PebbleCactus to AB_RockyCrags with commonality 0.0944
Added GRimYellowGrass to AB_RockyCrags with commonality 0.3996
Added GRimAgavePlant to AB_RockyCrags with commonality 0.12
Added GRimAgave to AB_RockyCrags with commonality 0.1608
Added GRimPincushionCactus to AB_RockyCrags with commonality 0.1969
Added GRim1PincushionCactus to AB_RockyCrags with commonality 0.1608
Added GRimSaguaroCactus to AB_RockyCrags with commonality 0.038
Added GRim1SaguaroCactus to AB_RockyCrags with commonality 0.038
Added AreebianCactus to AB_RockyCrags with commonality 0.1608
Added TreeDragoberry to AB_RockyCrags with commonality 0.0647
Added Plant_Chakroot to AB_RockyCrags with commonality 0.0153
Added Plant_HubbaGourd to AB_RockyCrags with commonality 0.0153
Added Plant_Chakroot_Wild to AB_RockyCrags with commonality 0.1608
Added Plant_HubbaGourd_Wild to AB_RockyCrags with commonality 0.1266
Added VEE_Plant_HoodiaCactus to AB_RockyCrags with commonality 0.0822
Added VCE_Plant_AloeVera to AB_RockyCrags with commonality 0.1469
Added VCE_Plant_JadePlant to AB_RockyCrags with commonality 0.1608
Added VCE_Plant_SnakePlant to AB_RockyCrags with commonality 0.1266
Added Plant_DesertDandelion to AB_RockyCrags with commonality 0.2739
Added RG_FlowerCactus to AB_RockyCrags with commonality 0.1266
Added BushDandys to AB_GallatrossGraveyard with commonality 0.0267
Added GRim2BushPoplar to AB_GallatrossGraveyard with commonality 0.0346
Added GRim1BushPoplar to AB_GallatrossGraveyard with commonality 0.0346
Added GRimBushPoplar to AB_GallatrossGraveyard with commonality 0.0346
Added GRimBrambles to AB_GallatrossGraveyard with commonality 0.0267
Added GRimBush to AB_GallatrossGraveyard with commonality 0.0579
Added GRim1Bush to AB_GallatrossGraveyard with commonality 0.0579
Added GRim2Bush to AB_GallatrossGraveyard with commonality 0.0579
Added GRim3Bush to AB_GallatrossGraveyard with commonality 0.0406
Added GRim4Bush to AB_GallatrossGraveyard with commonality 0.0406
Added GRimBerryBush to AB_GallatrossGraveyard with commonality 0.0125
Added GRim1BerryBush to AB_GallatrossGraveyard with commonality 0.01
Added GRim2BerryBush to AB_GallatrossGraveyard with commonality 0.01
Added GRim3BerryBush to AB_GallatrossGraveyard with commonality 0.01
Added GRim4BerryBush to AB_GallatrossGraveyard with commonality 0.01
Added GRim5BerryBush to AB_GallatrossGraveyard with commonality 0.01
Added GRimShrubLow to AB_GallatrossGraveyard with commonality 0.0786
Added GRim1ShrubLow to AB_GallatrossGraveyard with commonality 0.0786
Added GRim2ShrubLow to AB_GallatrossGraveyard with commonality 0.0786
Added Grim3Shrub to AB_GallatrossGraveyard with commonality 0.0267
Added AreebianBush to AB_GallatrossGraveyard with commonality 0.0406
Added NewGreenBush to AB_GallatrossGraveyard with commonality 0.0267
Added GRimClivia to AB_GallatrossGraveyard with commonality 0.0125
Added ZBiome_Plant_WildRose to AB_GallatrossGraveyard with commonality 0.01
Added ZBiome_Plant_WildDaylily to AB_GallatrossGraveyard with commonality 0.01
Added IronScruff_Juniper to AB_GallatrossGraveyard with commonality 0.0267
Added Plant_MujaFruit to AB_GallatrossGraveyard with commonality 0.01
Added Plant_Nysyllin to AB_GallatrossGraveyard with commonality 0.01
Added Plant_MujaFruit_Wild to AB_GallatrossGraveyard with commonality 0.0199
Added Plant_Nysyllin_Wild to AB_GallatrossGraveyard with commonality 0.0199
Added VEE_Plant_Bluebell to AB_GallatrossGraveyard with commonality 0.01
Added VEE_Plant_Gardenia to AB_GallatrossGraveyard with commonality 0.01
Added VEE_Plant_Gentian to AB_GallatrossGraveyard with commonality 0.01
Added VEE_Plant_Petunia to AB_GallatrossGraveyard with commonality 0.01
Added VEE_Plant_JuniperBush to AB_GallatrossGraveyard with commonality 0.1313
Added VEE_ButtercupFlower to AB_GallatrossGraveyard with commonality 0.0267
Added VEE_ForgetMeNot to AB_GallatrossGraveyard with commonality 0.0267
Added VEE_Knapweed to AB_GallatrossGraveyard with commonality 0.0406
Added VEE_Loosestrife to AB_GallatrossGraveyard with commonality 0.0406
Added VEE_Heather to AB_GallatrossGraveyard with commonality 0.1997
Added VEE_Gorse to AB_GallatrossGraveyard with commonality 0.2846
Added RG_Plant_AridGrass to AB_GallatrossGraveyard with commonality 0.2846
Added RG_Plant_TigerLily to AB_GallatrossGraveyard with commonality 0.0125
Added Plant_Brambles to AB_GallatrossGraveyard with commonality 0.0406
Added RG_Plant_CreepStern to AB_GallatrossGraveyard with commonality 0.016
Added RG_Plant_Dervish to AB_GallatrossGraveyard with commonality 0.016
Added RG_Plant_Oxalis to AB_GallatrossGraveyard with commonality 0.0267
Added RG_Plant_Plumeria to AB_GallatrossGraveyard with commonality 0.01
Added RG_Plant_BramblesRed to AB_GallatrossGraveyard with commonality 0.0267
Added RG_Plant_BramblesYellow to AB_GallatrossGraveyard with commonality 0.0267
Added RG_Plant_CrimsonCushion to AB_GallatrossGraveyard with commonality 0.016
Added RG_Plant_LupineIceland to AB_GallatrossGraveyard with commonality 0.016
Added RotR_RoseOfRebirth to AB_GallatrossGraveyard with commonality 0.01
Added Plant_Grass to AB_GelatinousSuperorganism with commonality 5
Added Plant_TallGrass to AB_GelatinousSuperorganism with commonality 3.1
Added Plant_Brambles to AB_GelatinousSuperorganism with commonality 0.5
Added RG_Plant_SwampPod to AB_GelatinousSuperorganism with commonality 0.025
Added RG_Plant_Raspberry to AB_GelatinousSuperorganism with commonality 0.025
Added RG_Plant_TemperateIvy to AB_GelatinousSuperorganism with commonality 4
Added RG_Plant_TemperateFern to AB_GelatinousSuperorganism with commonality 0.5
Added RG_Plant_BlueDandelion to AB_GelatinousSuperorganism with commonality 0.25
Added RG_Plant_RedDandelion to AB_GelatinousSuperorganism with commonality 0.25
Added RG_Cibarius to AB_GelatinousSuperorganism with commonality 0.0425
Added RG_Plant_TreeCornish to AB_GelatinousSuperorganism with commonality 0.4
Added BMT_Plant_Doomsprout to AB_GelatinousSuperorganism with commonality 0.05
Added BMT_Plant_EclipsusFlower to AB_GelatinousSuperorganism with commonality 0.3
Added BMT_Plant_EclipsusLeaves to AB_GelatinousSuperorganism with commonality 0.4
Added BMT_Plant_WildRashroot to AB_GelatinousSuperorganism with commonality 0.5
Added BMT_Plant_SewerReed to AB_GelatinousSuperorganism with commonality 0.5
Added BMT_Plant_Snaketails to AB_GelatinousSuperorganism with commonality 0.5
Added BMT_Plant_Toxcaps to AB_GelatinousSuperorganism with commonality 1.5
Added BMT_Plant_TreeBlotBirch to AB_GelatinousSuperorganism with commonality 0.25
Added BMT_Plant_TreeClawhandCitron to AB_GelatinousSuperorganism with commonality 0.05
Added BMT_Plant_TreeSnakeWillow to AB_GelatinousSuperorganism with commonality 0.5
Added BMT_Plant_TreeWormoak to AB_GelatinousSuperorganism with commonality 0.75
Added BMT_Plant_TwistedDandelion to AB_GelatinousSuperorganism with commonality 0.25
Added RG_Plant_Raspberry to AB_IdyllicMeadows with commonality 0.05
Added RG_Plant_TemperateIvy to AB_IdyllicMeadows with commonality 3
Added RG_Plant_TemperateFern to AB_IdyllicMeadows with commonality 0.6
Added RG_Plant_BlueDandelion to AB_IdyllicMeadows with commonality 0.5
Added RG_Plant_RedDandelion to AB_IdyllicMeadows with commonality 0.5
Added RG_Cibarius to AB_IdyllicMeadows with commonality 0.05
Added RG_Plant_TreeCornish to AB_IdyllicMeadows with commonality 0.6
Added BMT_Plant_EclipsusFlower to AB_IdyllicMeadows with commonality 0.3
Added BMT_Plant_EclipsusLeaves to AB_IdyllicMeadows with commonality 0.4
Added BMT_Plant_WildRashroot to AB_IdyllicMeadows with commonality 0.5
Added BMT_Plant_SewerReed to AB_IdyllicMeadows with commonality 0.4
Added BMT_Plant_Snaketails to AB_IdyllicMeadows with commonality 0.4
Added BMT_Plant_TreeBlotBirch to AB_IdyllicMeadows with commonality 0.5
Added BMT_Plant_TreeClawhandCitron to AB_IdyllicMeadows with commonality 0.05
Added BMT_Plant_TreeWormoak to AB_IdyllicMeadows with commonality 0.5
Added BMT_Plant_TwistedDandelion to AB_IdyllicMeadows with commonality 0.5
Added TreeDead to AB_MechanoidIntrusion with commonality 0.04
Added GRimTreeDead to AB_MechanoidIntrusion with commonality 0.04
Added Plant_Bloddle to AB_MechanoidIntrusion with commonality 0.1
Added VCE_Plant_Echeveria to AB_MechanoidIntrusion with commonality 0.25
Added VCE_Plant_FairyWashboard to AB_MechanoidIntrusion with commonality 0.22
Added VCE_Plant_PincushionPlant to AB_MechanoidIntrusion with commonality 0.25
Added VCE_Plant_SweetheartPlant to AB_MechanoidIntrusion with commonality 0.2
Added Plant_Grass to AB_MiasmicMangrove with commonality 6
Added Plant_TallGrass to AB_MiasmicMangrove with commonality 2.5
Added RG_Plant_SwampPod to AB_MiasmicMangrove with commonality 0.05
Added RG_Plant_TropicalIvy to AB_MiasmicMangrove with commonality 1.5
Added RG_Plant_TropicalFern to AB_MiasmicMangrove with commonality 0.8
Added RG_Plant_TropicalChokevine to AB_MiasmicMangrove with commonality 1.5
Added RG_Plant_Tidalis to AB_MiasmicMangrove with commonality 0.8
Added RG_Plant_Oxalis to AB_MiasmicMangrove with commonality 0.4
Added RG_Plant_Plumeria to AB_MiasmicMangrove with commonality 0.4
Added RG_NeoAmanita to AB_MiasmicMangrove with commonality 0.025
Added RG_Plant_TreeDwarfPalm to AB_MiasmicMangrove with commonality 0.5
Added RG_Plant_TallPalmTree to AB_MiasmicMangrove with commonality 0.05
Added BMT_Plant_BloomingCorpse to AB_MiasmicMangrove with commonality 0.025
Added BMT_Plant_Doomsprout to AB_MiasmicMangrove with commonality 0.2
Added BMT_Plant_EclipsusFlower to AB_MiasmicMangrove with commonality 0.3
Added BMT_Plant_EclipsusLeaves to AB_MiasmicMangrove with commonality 0.4
Added BMT_Plant_PigsEars to AB_MiasmicMangrove with commonality 3
Added BMT_Plant_Toxcaps to AB_MiasmicMangrove with commonality 4
Added BMT_Plant_ToxicIvy to AB_MiasmicMangrove with commonality 3
Added BMT_Plant_TreeClawhandCitron to AB_MiasmicMangrove with commonality 0.05
Added BMT_Plant_TreeSeepingEucalyptus to AB_MiasmicMangrove with commonality 1.5
Added BMT_Plant_TumorbulbHyacinth to AB_MiasmicMangrove with commonality 0.7
Added Plant_Grass to AB_MycoticJungle with commonality 5
Added Plant_TallGrass to AB_MycoticJungle with commonality 3.1
Added Plant_Brambles to AB_MycoticJungle with commonality 0.5
Added RG_Plant_SwampPod to AB_MycoticJungle with commonality 0.025
Added RG_Plant_Raspberry to AB_MycoticJungle with commonality 0.025
Added RG_Plant_TemperateIvy to AB_MycoticJungle with commonality 4
Added RG_Plant_TemperateFern to AB_MycoticJungle with commonality 0.5
Added RG_Plant_BlueDandelion to AB_MycoticJungle with commonality 0.25
Added RG_Plant_RedDandelion to AB_MycoticJungle with commonality 0.25
Added RG_Cibarius to AB_MycoticJungle with commonality 0.0425
Added RG_Plant_TreeCornish to AB_MycoticJungle with commonality 0.4
Added BMT_Plant_Doomsprout to AB_MycoticJungle with commonality 0.05
Added BMT_Plant_EclipsusFlower to AB_MycoticJungle with commonality 0.3
Added BMT_Plant_EclipsusLeaves to AB_MycoticJungle with commonality 0.4
Added BMT_Plant_WildRashroot to AB_MycoticJungle with commonality 0.5
Added BMT_Plant_SewerReed to AB_MycoticJungle with commonality 0.5
Added BMT_Plant_Snaketails to AB_MycoticJungle with commonality 0.5
Added BMT_Plant_Toxcaps to AB_MycoticJungle with commonality 1.5
Added BMT_Plant_TreeBlotBirch to AB_MycoticJungle with commonality 0.25
Added BMT_Plant_TreeClawhandCitron to AB_MycoticJungle with commonality 0.05
Added BMT_Plant_TreeSnakeWillow to AB_MycoticJungle with commonality 0.5
Added BMT_Plant_TreeWormoak to AB_MycoticJungle with commonality 0.75
Added BMT_Plant_TwistedDandelion to AB_MycoticJungle with commonality 0.25
Added Plant_Grass to AB_OcularForest with commonality 10
Added Plant_TallGrass to AB_OcularForest with commonality 3
Added Plant_Brambles to AB_OcularForest with commonality 1
Added RG_Plant_Raspberry to AB_OcularForest with commonality 0.05
Added RG_Plant_TemperateIvy to AB_OcularForest with commonality 3
Added RG_Plant_TemperateFern to AB_OcularForest with commonality 0.6
Added RG_Plant_BlueDandelion to AB_OcularForest with commonality 0.5
Added RG_Plant_RedDandelion to AB_OcularForest with commonality 0.5
Added RG_Cibarius to AB_OcularForest with commonality 0.05
Added RG_Plant_TreeCornish to AB_OcularForest with commonality 0.6
Added BMT_Plant_EclipsusFlower to AB_OcularForest with commonality 0.3
Added BMT_Plant_EclipsusLeaves to AB_OcularForest with commonality 0.4
Added BMT_Plant_WildRashroot to AB_OcularForest with commonality 0.5
Added BMT_Plant_SewerReed to AB_OcularForest with commonality 0.4
Added BMT_Plant_Snaketails to AB_OcularForest with commonality 0.4
Added BMT_Plant_TreeBlotBirch to AB_OcularForest with commonality 0.5
Added BMT_Plant_TreeClawhandCitron to AB_OcularForest with commonality 0.05
Added BMT_Plant_TreeWormoak to AB_OcularForest with commonality 0.5
Added BMT_Plant_TwistedDandelion to AB_OcularForest with commonality 0.5
Added IronScruff_Bindweed to AB_PyroclasticConflagration with commonality 0.25
Added BMT_FireLavender to AB_PyroclasticConflagration with commonality 0.6
Added BMT_HeatsinkFungus to AB_PyroclasticConflagration with commonality 0.2
Added GRimPebbleCactus to AB_TarPits with commonality 0.0535
Added GRim1PebbleCactus to AB_TarPits with commonality 0.0472
Added GRimYellowGrass to AB_TarPits with commonality 0.1998
Added GRimAgavePlant to AB_TarPits with commonality 0.06
Added GRimAgave to AB_TarPits with commonality 0.0804
Added GRimPincushionCactus to AB_TarPits with commonality 0.09845
Added GRim1PincushionCactus to AB_TarPits with commonality 0.0804
Added GRimSaguaroCactus to AB_TarPits with commonality 0.019
Added GRim1SaguaroCactus to AB_TarPits with commonality 0.019
Added AreebianCactus to AB_TarPits with commonality 0.0804
Added TreeDragoberry to AB_TarPits with commonality 0.03235
Added Plant_Chakroot to AB_TarPits with commonality 0.00765
Added Plant_HubbaGourd to AB_TarPits with commonality 0.00765
Added Plant_Chakroot_Wild to AB_TarPits with commonality 0.0804
Added Plant_HubbaGourd_Wild to AB_TarPits with commonality 0.0633
Added VEE_Plant_HoodiaCactus to AB_TarPits with commonality 0.0411
Added VCE_Plant_AloeVera to AB_TarPits with commonality 0.07345
Added VCE_Plant_JadePlant to AB_TarPits with commonality 0.0804
Added VCE_Plant_SnakePlant to AB_TarPits with commonality 0.0633
Added Plant_DesertDandelion to AB_TarPits with commonality 0.13695
Added RG_FlowerCactus to AB_TarPits with commonality 0.0633
Added Plant_Grass to AB_TarPits with commonality 5
Added Plant_TallGrass to AB_TarPits with commonality 1.5
Added Plant_Brambles to AB_TarPits with commonality 0.5
Added RG_Plant_Raspberry to AB_TarPits with commonality 0.025
Added RG_Plant_TemperateIvy to AB_TarPits with commonality 1.5
Added RG_Plant_TemperateFern to AB_TarPits with commonality 0.3
Added RG_Plant_BlueDandelion to AB_TarPits with commonality 0.25
Added RG_Plant_RedDandelion to AB_TarPits with commonality 0.25
Added RG_Cibarius to AB_TarPits with commonality 0.025
Added RG_Plant_TreeCornish to AB_TarPits with commonality 0.3
Added BMT_Plant_EclipsusFlower to AB_TarPits with commonality 0.15
Added BMT_Plant_EclipsusLeaves to AB_TarPits with commonality 0.2
Added BMT_Plant_WildRashroot to AB_TarPits with commonality 0.25
Added BMT_Plant_SewerReed to AB_TarPits with commonality 0.2
Added BMT_Plant_Snaketails to AB_TarPits with commonality 0.2
Added BMT_Plant_TreeBlotBirch to AB_TarPits with commonality 0.25
Added BMT_Plant_TreeWormoak to AB_TarPits with commonality 0.25
Added BMT_Plant_TwistedDandelion to AB_TarPits with commonality 0.25
Added RG_Plant_Raspberry to ZBiome_AlpineMeadow with commonality 0.055
Added RG_Plant_TemperateIvy to ZBiome_AlpineMeadow with commonality 1.5
Added RG_Plant_TemperateFern to ZBiome_AlpineMeadow with commonality 0.3
Added RG_Cibarius to ZBiome_AlpineMeadow with commonality 0.025
Added RG_Plant_TreeCornish to ZBiome_AlpineMeadow with commonality 0.3
Added BMT_Plant_CryingWolfberryBush to ZBiome_AlpineMeadow with commonality 0.5
Added BMT_Plant_EclipsusFlower to ZBiome_AlpineMeadow with commonality 0.15
Added BMT_Plant_EclipsusLeaves to ZBiome_AlpineMeadow with commonality 0.2
Added BMT_Plant_GreyFern to ZBiome_AlpineMeadow with commonality 1
Added BMT_Plant_GutterPlantain to ZBiome_AlpineMeadow with commonality 0.25
Added BMT_Plant_PaganThorns to ZBiome_AlpineMeadow with commonality 1.5
Added BMT_Plant_WildRashroot to ZBiome_AlpineMeadow with commonality 0.75
Added BMT_Plant_SewerReed to ZBiome_AlpineMeadow with commonality 0.3
Added BMT_Plant_Snaketails to ZBiome_AlpineMeadow with commonality 0.5
Added BMT_Plant_TreeBarbedLarch to ZBiome_AlpineMeadow with commonality 2
Added BMT_Plant_TreeBlotBirch to ZBiome_AlpineMeadow with commonality 2.25
Added BMT_Plant_TreeClawhandCitron to ZBiome_AlpineMeadow with commonality 0.025
Added BMT_Plant_TreeWormoak to ZBiome_AlpineMeadow with commonality 0.25
Added BMT_Plant_TwistedDandelion to ZBiome_AlpineMeadow with commonality 0.25
Added AB_DessertTree to ZBiome_Badlands with commonality 0.0097
Added AB_Aaklac to ZBiome_Badlands with commonality 0.02415
Added AB_HardyGrass to ZBiome_Badlands with commonality 1.1
Added AB_BrownBarrelCactus to ZBiome_Badlands with commonality 0.0633
Added GRimPebbleCactus to ZBiome_Badlands with commonality 0.0535
Added GRim1PebbleCactus to ZBiome_Badlands with commonality 0.0472
Added BushDandys to ZBiome_Badlands with commonality 0.01335
Added GRimYellowGrass to ZBiome_Badlands with commonality 0.1998
Added GRim2BushPoplar to ZBiome_Badlands with commonality 0.0173
Added GRim1BushPoplar to ZBiome_Badlands with commonality 0.0173
Added GRimBushPoplar to ZBiome_Badlands with commonality 0.0173
Added GRimAgavePlant to ZBiome_Badlands with commonality 0.06
Added GRimAgave to ZBiome_Badlands with commonality 0.0804
Added GRimPincushionCactus to ZBiome_Badlands with commonality 0.09845
Added GRim1PincushionCactus to ZBiome_Badlands with commonality 0.0804
Added GRimSaguaroCactus to ZBiome_Badlands with commonality 0.019
Added GRim1SaguaroCactus to ZBiome_Badlands with commonality 0.019
Added GRimBrambles to ZBiome_Badlands with commonality 0.01335
Added GRimBush to ZBiome_Badlands with commonality 0.02895
Added GRim1Bush to ZBiome_Badlands with commonality 0.02895
Added GRim2Bush to ZBiome_Badlands with commonality 0.02895
Added GRim3Bush to ZBiome_Badlands with commonality 0.0203
Added GRim4Bush to ZBiome_Badlands with commonality 0.0203
Added GRimBerryBush to ZBiome_Badlands with commonality 0.00625
Added GRim1BerryBush to ZBiome_Badlands with commonality 0.005
Added GRim2BerryBush to ZBiome_Badlands with commonality 0.005
Added GRim3BerryBush to ZBiome_Badlands with commonality 0.005
Added GRim4BerryBush to ZBiome_Badlands with commonality 0.005
Added GRim5BerryBush to ZBiome_Badlands with commonality 0.005
Added GRimShrubLow to ZBiome_Badlands with commonality 0.0393
Added GRim1ShrubLow to ZBiome_Badlands with commonality 0.0393
Added GRim2ShrubLow to ZBiome_Badlands with commonality 0.0393
Added Grim3Shrub to ZBiome_Badlands with commonality 0.01335
Added AreebianCactus to ZBiome_Badlands with commonality 0.0804
Added AreebianBush to ZBiome_Badlands with commonality 0.0203
Added NewGreenBush to ZBiome_Badlands with commonality 0.01335
Added TreeDragoberry to ZBiome_Badlands with commonality 0.03235
Added GRimClivia to ZBiome_Badlands with commonality 0.00625
Added IronScruff_Juniper to ZBiome_Badlands with commonality 0.01335
Added Plant_Chakroot to ZBiome_Badlands with commonality 0.00765
Added Plant_HubbaGourd to ZBiome_Badlands with commonality 0.00765
Added Plant_MujaFruit to ZBiome_Badlands with commonality 0.005
Added Plant_Nysyllin to ZBiome_Badlands with commonality 0.005
Added Plant_Chakroot_Wild to ZBiome_Badlands with commonality 0.0804
Added Plant_HubbaGourd_Wild to ZBiome_Badlands with commonality 0.0633
Added Plant_MujaFruit_Wild to ZBiome_Badlands with commonality 0.00995
Added Plant_Nysyllin_Wild to ZBiome_Badlands with commonality 0.00995
Added VEE_Plant_Bluebell to ZBiome_Badlands with commonality 0.005
Added VEE_Plant_Gardenia to ZBiome_Badlands with commonality 0.005
Added VEE_Plant_Gentian to ZBiome_Badlands with commonality 0.005
Added VEE_Plant_Petunia to ZBiome_Badlands with commonality 0.005
Added VEE_Plant_JuniperBush to ZBiome_Badlands with commonality 0.06565
Added VEE_Plant_HoodiaCactus to ZBiome_Badlands with commonality 0.0411
Added VEE_ButtercupFlower to ZBiome_Badlands with commonality 0.01335
Added VEE_ForgetMeNot to ZBiome_Badlands with commonality 0.01335
Added VEE_Knapweed to ZBiome_Badlands with commonality 0.0203
Added VEE_Loosestrife to ZBiome_Badlands with commonality 0.0203
Added VEE_Heather to ZBiome_Badlands with commonality 0.09985
Added VEE_Gorse to ZBiome_Badlands with commonality 0.1423
Added VCE_Plant_AloeVera to ZBiome_Badlands with commonality 0.07345
Added VCE_Plant_JadePlant to ZBiome_Badlands with commonality 0.0804
Added VCE_Plant_SnakePlant to ZBiome_Badlands with commonality 0.0633
Added RG_Plant_AridGrass to ZBiome_Badlands with commonality 0.1423
Added Plant_DesertDandelion to ZBiome_Badlands with commonality 0.13695
Added RG_FlowerCactus to ZBiome_Badlands with commonality 0.0633
Added RG_Plant_TigerLily to ZBiome_Badlands with commonality 0.00625
Added Plant_Brambles to ZBiome_Badlands with commonality 0.0203
Added RG_Plant_CreepStern to ZBiome_Badlands with commonality 0.008
Added RG_Plant_Dervish to ZBiome_Badlands with commonality 0.008
Added RG_Plant_Oxalis to ZBiome_Badlands with commonality 0.01335
Added RG_Plant_Plumeria to ZBiome_Badlands with commonality 0.005
Added RG_Plant_BramblesRed to ZBiome_Badlands with commonality 0.01335
Added RG_Plant_BramblesYellow to ZBiome_Badlands with commonality 0.01335
Added RG_Plant_CrimsonCushion to ZBiome_Badlands with commonality 0.008
Added RG_Plant_LupineIceland to ZBiome_Badlands with commonality 0.008
Added RotR_RoseOfRebirth to ZBiome_Badlands with commonality 0.005
Added Plant_TallGrass to ZBiome_CloudForest with commonality 3.833333
Added RG_Plant_Tidalis to ZBiome_CloudForest with commonality 0.5333334
Added RG_Plant_Oxalis to ZBiome_CloudForest with commonality 0.2666667
Added RG_Plant_Plumeria to ZBiome_CloudForest with commonality 0.2666667
Added RG_NeoAmanita to ZBiome_CloudForest with commonality 0.01666667
Added RG_Plant_TreeDwarfPalm to ZBiome_CloudForest with commonality 0.3333333
Added RG_Plant_TallPalmTree to ZBiome_CloudForest with commonality 0.03333334
Added BMT_Plant_BloomingCorpse to ZBiome_CloudForest with commonality 0.01666667
Added BMT_Plant_EclipsusFlower to ZBiome_CloudForest with commonality 0.3
Added BMT_Plant_EclipsusLeaves to ZBiome_CloudForest with commonality 0.4
Added BMT_Plant_PigsEars to ZBiome_CloudForest with commonality 1.666667
Added BMT_Plant_SewerReed to ZBiome_CloudForest with commonality 0.2666667
Added BMT_Plant_ToxicIvy to ZBiome_CloudForest with commonality 1.666667
Added BMT_Plant_TreeClawhandCitron to ZBiome_CloudForest with commonality 0.05
Added BMT_Plant_TreeSeepingEucalyptus to ZBiome_CloudForest with commonality 0.6666667
Added BMT_Plant_TumorbulbHyacinth to ZBiome_CloudForest with commonality 0.2666667
Added RG_Plant_Raspberry to ZBiome_CoastalDunes with commonality 0.025
Added RG_Plant_TemperateIvy to ZBiome_CoastalDunes with commonality 1.5
Added RG_Plant_TemperateFern to ZBiome_CoastalDunes with commonality 0.3
Added RG_Plant_BlueDandelion to ZBiome_CoastalDunes with commonality 0.25
Added RG_Plant_RedDandelion to ZBiome_CoastalDunes with commonality 0.25
Added RG_Cibarius to ZBiome_CoastalDunes with commonality 0.025
Added RG_Plant_TreeCornish to ZBiome_CoastalDunes with commonality 0.3
Added RG_Plant_TropicalChokevine to ZBiome_CoastalDunes with commonality 0.75
Added RG_Plant_Tidalis to ZBiome_CoastalDunes with commonality 0.4
Added RG_Plant_Oxalis to ZBiome_CoastalDunes with commonality 0.2
Added RG_Plant_Plumeria to ZBiome_CoastalDunes with commonality 0.2
Added RG_NeoAmanita to ZBiome_CoastalDunes with commonality 0.0125
Added BMT_Plant_BloomingCorpse to ZBiome_CoastalDunes with commonality 0.0125
Added BMT_Plant_EclipsusFlower to ZBiome_CoastalDunes with commonality 0.3
Added BMT_Plant_EclipsusLeaves to ZBiome_CoastalDunes with commonality 0.4
Added BMT_Plant_Mantrap to ZBiome_CoastalDunes with commonality 0.05
Added BMT_Plant_PigsEars to ZBiome_CoastalDunes with commonality 1
Added BMT_Plant_WildRashroot to ZBiome_CoastalDunes with commonality 0.25
Added BMT_Plant_SewerReed to ZBiome_CoastalDunes with commonality 0.3
Added BMT_Plant_Snaketails to ZBiome_CoastalDunes with commonality 0.2
Added BMT_Plant_ToxicIvy to ZBiome_CoastalDunes with commonality 1
Added BMT_Plant_TreeBlotBirch to ZBiome_CoastalDunes with commonality 0.25
Added BMT_Plant_TreeClawhandCitron to ZBiome_CoastalDunes with commonality 0.05
Added BMT_Plant_TreeSeepingEucalyptus to ZBiome_CoastalDunes with commonality 0.25
Added BMT_Plant_TreeWhistlingCane to ZBiome_CoastalDunes with commonality 0.25
Added BMT_Plant_TreeWormoak to ZBiome_CoastalDunes with commonality 0.25
Added BMT_Plant_TumorbulbHyacinth to ZBiome_CoastalDunes with commonality 0.05
Added BMT_Plant_TwistedDandelion to ZBiome_CoastalDunes with commonality 0.25
Added AB_DessertTree to ZBiome_DesertOasis with commonality 0.0194
Added AB_Aaklac to ZBiome_DesertOasis with commonality 0.0483
Added AB_HardyGrass to ZBiome_DesertOasis with commonality 2.2
Added AB_BrownBarrelCactus to ZBiome_DesertOasis with commonality 0.1266
Added GRimPebbleCactus to ZBiome_DesertOasis with commonality 0.107
Added GRim1PebbleCactus to ZBiome_DesertOasis with commonality 0.0944
Added GRimYellowGrass to ZBiome_DesertOasis with commonality 0.3996
Added GRimAgavePlant to ZBiome_DesertOasis with commonality 0.12
Added GRimAgave to ZBiome_DesertOasis with commonality 0.1608
Added GRimPincushionCactus to ZBiome_DesertOasis with commonality 0.1969
Added GRim1PincushionCactus to ZBiome_DesertOasis with commonality 0.1608
Added GRimSaguaroCactus to ZBiome_DesertOasis with commonality 0.038
Added GRim1SaguaroCactus to ZBiome_DesertOasis with commonality 0.038
Added AreebianCactus to ZBiome_DesertOasis with commonality 0.1608
Added TreeDragoberry to ZBiome_DesertOasis with commonality 0.0647
Added Plant_Chakroot to ZBiome_DesertOasis with commonality 0.0153
Added Plant_HubbaGourd to ZBiome_DesertOasis with commonality 0.0153
Added Plant_Chakroot_Wild to ZBiome_DesertOasis with commonality 0.1608
Added Plant_HubbaGourd_Wild to ZBiome_DesertOasis with commonality 0.1266
Added VEE_Plant_HoodiaCactus to ZBiome_DesertOasis with commonality 0.0822
Added VCE_Plant_AloeVera to ZBiome_DesertOasis with commonality 0.1469
Added VCE_Plant_JadePlant to ZBiome_DesertOasis with commonality 0.1608
Added VCE_Plant_SnakePlant to ZBiome_DesertOasis with commonality 0.1266
Added Plant_DesertDandelion to ZBiome_DesertOasis with commonality 0.2739
Added RG_FlowerCactus to ZBiome_DesertOasis with commonality 0.1266
Added Plant_Grass to ZBiome_Marsh with commonality 7.5
Added RG_Plant_Raspberry to ZBiome_Marsh with commonality 0.01
Added RG_Plant_TemperateIvy to ZBiome_Marsh with commonality 2.5
Added RG_Plant_TemperateFern to ZBiome_Marsh with commonality 0.2
Added RG_Cibarius to ZBiome_Marsh with commonality 0.0175
Added RG_Plant_TreeCornish to ZBiome_Marsh with commonality 0.1
Added BMT_Plant_CryingWolfberryBush to ZBiome_Marsh with commonality 0.035
Added BMT_Plant_Doomsprout to ZBiome_Marsh with commonality 0.15
Added BMT_Plant_EclipsusFlower to ZBiome_Marsh with commonality 0.15
Added BMT_Plant_EclipsusLeaves to ZBiome_Marsh with commonality 0.2
Added BMT_Plant_GutterPlantain to ZBiome_Marsh with commonality 0.25
Added BMT_Plant_PaganThorns to ZBiome_Marsh with commonality 1.5
Added BMT_Plant_WildRashroot to ZBiome_Marsh with commonality 0.35
Added BMT_Plant_SewerReed to ZBiome_Marsh with commonality 0.4
Added BMT_Plant_Snaketails to ZBiome_Marsh with commonality 0.6
Added BMT_Plant_Toxcaps to ZBiome_Marsh with commonality 1.5
Added BMT_Plant_TreeClawhandCitron to ZBiome_Marsh with commonality 0.025
Added BMT_Plant_TreeScalpedCypress to ZBiome_Marsh with commonality 0.25
Added BMT_Plant_TreeSnakeWillow to ZBiome_Marsh with commonality 0.75
Added BMT_Plant_TreeWormoak to ZBiome_Marsh with commonality 0.5
Added Plant_TallGrass to ZBiome_Sandbar_NoBeach with commonality 4.5
Added Plant_Brambles to ZBiome_Sandbar_NoBeach with commonality 0.5
Added RG_Plant_Raspberry to ZBiome_Sandbar_NoBeach with commonality 0.025
Added RG_Plant_TemperateIvy to ZBiome_Sandbar_NoBeach with commonality 1.5
Added RG_Plant_TemperateFern to ZBiome_Sandbar_NoBeach with commonality 0.3
Added RG_Plant_BlueDandelion to ZBiome_Sandbar_NoBeach with commonality 0.25
Added RG_Plant_RedDandelion to ZBiome_Sandbar_NoBeach with commonality 0.25
Added RG_Cibarius to ZBiome_Sandbar_NoBeach with commonality 0.025
Added RG_Plant_TreeCornish to ZBiome_Sandbar_NoBeach with commonality 0.3
Added RG_Plant_TropicalIvy to ZBiome_Sandbar_NoBeach with commonality 0.75
Added RG_Plant_TropicalFern to ZBiome_Sandbar_NoBeach with commonality 0.4
Added RG_Plant_TropicalChokevine to ZBiome_Sandbar_NoBeach with commonality 0.75
Added RG_Plant_Tidalis to ZBiome_Sandbar_NoBeach with commonality 0.4
Added RG_Plant_Oxalis to ZBiome_Sandbar_NoBeach with commonality 0.2
Added RG_Plant_Plumeria to ZBiome_Sandbar_NoBeach with commonality 0.2
Added RG_NeoAmanita to ZBiome_Sandbar_NoBeach with commonality 0.0125
Added RG_Plant_TreeDwarfPalm to ZBiome_Sandbar_NoBeach with commonality 0.25
Added RG_Plant_TallPalmTree to ZBiome_Sandbar_NoBeach with commonality 0.025
Added BMT_Plant_BloomingCorpse to ZBiome_Sandbar_NoBeach with commonality 0.0125
Added BMT_Plant_EclipsusFlower to ZBiome_Sandbar_NoBeach with commonality 0.3
Added BMT_Plant_EclipsusLeaves to ZBiome_Sandbar_NoBeach with commonality 0.4
Added BMT_Plant_Mantrap to ZBiome_Sandbar_NoBeach with commonality 0.05
Added BMT_Plant_PigsEars to ZBiome_Sandbar_NoBeach with commonality 1
Added BMT_Plant_WildRashroot to ZBiome_Sandbar_NoBeach with commonality 0.25
Added BMT_Plant_SewerReed to ZBiome_Sandbar_NoBeach with commonality 0.3
Added BMT_Plant_Snaketails to ZBiome_Sandbar_NoBeach with commonality 0.2
Added BMT_Plant_ToxicIvy to ZBiome_Sandbar_NoBeach with commonality 1
Added BMT_Plant_TreeBlotBirch to ZBiome_Sandbar_NoBeach with commonality 0.25
Added BMT_Plant_TreeClawhandCitron to ZBiome_Sandbar_NoBeach with commonality 0.05
Added BMT_Plant_TreeSeepingEucalyptus to ZBiome_Sandbar_NoBeach with commonality 0.25
Added BMT_Plant_TreeWhistlingCane to ZBiome_Sandbar_NoBeach with commonality 0.25
Added BMT_Plant_TreeWormoak to ZBiome_Sandbar_NoBeach with commonality 0.25
Added BMT_Plant_TumorbulbHyacinth to ZBiome_Sandbar_NoBeach with commonality 0.05
Added BMT_Plant_TwistedDandelion to ZBiome_Sandbar_NoBeach with commonality 0.25
 
****************__________ Starting to patch mod added creatures to mod added biomes... __________****************
Added Jerbal to Savanna with commonality 0.15
Added Toraton to Savanna with commonality 0.15
Added JOE_Landopus to Savanna with commonality 0.05
Added JOE_Cephalope to Savanna with commonality 0.3
Added JOE_Nautilant to Savanna with commonality 0.005
Added DA_BlackScribe to Savanna with commonality 0.15
Added DA_Karabal to Savanna with commonality 0.1
Added DA_Pilgrim to Savanna with commonality 0.1
Added ERN_Amaro to Savanna with commonality 0.05
Added JRWBagaceratops to Savanna with commonality 0.0375
Added JRWBaseopsis to Savanna with commonality 0.05
Added JRWBrachytrachelopan to Savanna with commonality 0.045
Added JRWEuoplocephalus to Savanna with commonality 0.05
Added JRWGeralinura to Savanna with commonality 0.05
Added JRWGorgonops to Savanna with commonality 0.0375
Added JRWProtosolpuga to Savanna with commonality 0.05
Added JRWQantassaurus to Savanna with commonality 0.05
Added TYR_HotfootRat to Savanna with commonality 0.05
Added Arthropleura to Savanna with commonality 0.003
Added Doedicurus to Savanna with commonality 0.007
Added Titanis to Savanna with commonality 0.0025
Added Elasmotherium to Savanna with commonality 0.002
Added Megaloceros to Savanna with commonality 0.005
Added Dinocrocuta to Savanna with commonality 0.0065
Added Sivatherium to Savanna with commonality 0.0025
Added Dinornis to Savanna with commonality 0.0025
Added Macrauchenia to Savanna with commonality 0.0005
Added Meganeura to Savanna with commonality 0.0025
Added Platybelodon to Savanna with commonality 0.0025
Added Uintatherium to Savanna with commonality 0.001
Added Pulmonoscorpius to Savanna with commonality 0.004
Added MA_Hellboar to Savanna with commonality 0.04
Added MA_Raptorkhan to Savanna with commonality 0.025
Added Ling_Cockroach to Savanna with commonality 0.0015
Added Dewback to Savanna with commonality 0.03
Added Rancor to Savanna with commonality 0.045
Added Bantha to Savanna with commonality 0.29
Added Nexu to Savanna with commonality 0.05
Added Acklay to Savanna with commonality 0.024
Added KraytDragon to Savanna with commonality 0.04
Added Reek to Savanna with commonality 0.04
Added Nerf to Savanna with commonality 0.015
Added Gizka to Savanna with commonality 0.09
Added Porg to Savanna with commonality 0.005
Added Vulptex to Savanna with commonality 0.045
Added Akk to Savanna with commonality 0.04
Added Anooba to Savanna with commonality 0.06
Added Beldon to Savanna with commonality 0.005
Added Boarwolf to Savanna with commonality 0.005
Added Blurrg to Savanna with commonality 0.04
Added Bolotaur to Savanna with commonality 0.005
Added Bogwing to Savanna with commonality 0.35
Added Boma to Savanna with commonality 0.02
Added Bordok to Savanna with commonality 0.04
Added Borcatu to Savanna with commonality 0.06
Added Brezak to Savanna with commonality 0.02
Added Bursa to Savanna with commonality 0.005
Added CanCell to Savanna with commonality 0.005
Added Cannok to Savanna with commonality 0.05
Added Clodhopper to Savanna with commonality 0.05
Added Convor to Savanna with commonality 0.005
Added Dactillion to Savanna with commonality 0.05
Added Dalgo to Savanna with commonality 0.04
Added Drexl to Savanna with commonality 0.01
Added EnergySpider to Savanna with commonality 0.005
Added Eopie to Savanna with commonality 0.11
Added Falumpaset to Savanna with commonality 0.005
Added Fambaa to Savanna with commonality 0.04
Added FeralGrazer to Savanna with commonality 0.04
Added FeralNerf to Savanna with commonality 0.04
Added FrilledGorg to Savanna with commonality 0.1
Added Gorg to Savanna with commonality 0.24
Added Grank to Savanna with commonality 0.07
Added GraniteSlug to Savanna with commonality 0.055
Added GreaterKraytDragon to Savanna with commonality 0.0005
Added Gundark to Savanna with commonality 0.015
Added Gutkurr to Savanna with commonality 0.44
Added Hawkbat to Savanna with commonality 0.005
Added Hrumph to Savanna with commonality 0.045
Added Insectomorph to Savanna with commonality 0.08
Added IridonianReek to Savanna with commonality 0.045
Added IthorianReek to Savanna with commonality 0.04
Added Iriaz to Savanna with commonality 0.06
Added Jakobeast to Savanna with commonality 0.04
Added Jamel to Savanna with commonality 0.24
Added Jimvu to Savanna with commonality 0.04
Added Kaadu to Savanna with commonality 0.005
Added Katarn to Savanna with commonality 0.005
Added KellDragon to Savanna with commonality 0.02
Added KowakianMonkeyLizard to Savanna with commonality 0.005
Added Kinrath to Savanna with commonality 0.025
Added Klorslug to Savanna with commonality 0.04
Added Krykna to Savanna with commonality 0.035
Added Kreetle to Savanna with commonality 0.44
Added Kwi to Savanna with commonality 0.06
Added Kybuck to Savanna with commonality 0.04
Added LavaFlea to Savanna with commonality 0.005
Added Leaftail to Savanna with commonality 0.03
Added LongtailGorg to Savanna with commonality 0.22
Added Lothcat to Savanna with commonality 0.06
Added LothWolf to Savanna with commonality 0.04
Added Lylek to Savanna with commonality 0.2
Added Maalraas to Savanna with commonality 0.03
Added Manka to Savanna with commonality 0.04
Added Massiff to Savanna with commonality 0.205
Added MastiffPhalone to Savanna with commonality 0.04
Added Mastmot to Savanna with commonality 0.005
Added Mawvorr to Savanna with commonality 0.01
Added Mott to Savanna with commonality 0.005
Added Mudhorn to Savanna with commonality 0.2
Added Mynock to Savanna with commonality 0.09
Added Narglatch to Savanna with commonality 0.03
Added Neebray to Savanna with commonality 0.09
Added Nuna to Savanna with commonality 0.035
Added Orray to Savanna with commonality 0.05
Added PaintedSpat to Savanna with commonality 0.06
Added PekoPeko to Savanna with commonality 0.005
Added Pikobis to Savanna with commonality 0.01
Added Raxshir to Savanna with commonality 0.04
Added Roggwart to Savanna with commonality 0.005
Added Ronto to Savanna with commonality 0.205
Added Rycrit to Savanna with commonality 0.04
Added Runyip to Savanna with commonality 0.005
Added Scavrat to Savanna with commonality 0.24
Added Scurrier to Savanna with commonality 0.405
Added Shaak to Savanna with commonality 0.04
Added Shiro to Savanna with commonality 0.005
Added ShiroTrap to Savanna with commonality 0.005
Added Shyrack to Savanna with commonality 0.3
Added Skalder to Savanna with commonality 0.03
Added Sketto to Savanna with commonality 0.22
Added Snoruuk to Savanna with commonality 0.005
Added Squall to Savanna with commonality 0.04
Added Strill to Savanna with commonality 0.005
Added Tach to Savanna with commonality 0.005
Added TeeMuss to Savanna with commonality 0.02
Added Thranta to Savanna with commonality 0.01
Added Tibidee to Savanna with commonality 0.0005
Added Tooke to Savanna with commonality 0.09
Added Tukata to Savanna with commonality 0.04
Added TuskCat to Savanna with commonality 0.045
Added Urusai to Savanna with commonality 0.22
Added Uvak to Savanna with commonality 0.015
Added Vapaad to Savanna with commonality 0.025
Added Varactyl to Savanna with commonality 0.05
Added Veermok to Savanna with commonality 0.03
Added Voorpak to Savanna with commonality 0.025
Added Vornskyr to Savanna with commonality 0.04
Added Warbird to Savanna with commonality 0.005
Added WompRat to Savanna with commonality 0.205
Added Worrt to Savanna with commonality 0.105
Added Wraid to Savanna with commonality 0.405
Added Zakkeg to Savanna with commonality 0.005
Added Zeer to Savanna with commonality 0.04
Added VQEA_Splicetoot to Savanna with commonality 0.2
Added AA_AcanthamoebaGiganteaSmall to Savanna with commonality 0.0025
Added AA_AngelMothLarva to Savanna with commonality 0.03
Added AA_AngelMoth to Savanna with commonality 0.03
Added AA_AnimaColossus to Savanna with commonality 0.00025
Added AA_LarvalAtispec to Savanna with commonality 0.0025
Added AA_AuroraSylph to Savanna with commonality 0.005
Added AA_BumbledroneQueen to Savanna with commonality 0.175
Added AA_Cactipine to Savanna with commonality 0.0175
Added AA_ChameleonYak to Savanna with commonality 0.055
Added AA_Cinderlisk to Savanna with commonality 0.01375
Added AA_CrescendoAnole to Savanna with commonality 0.01
Added AA_CrystalMit to Savanna with commonality 0.025
Added AA_DarkVandal to Savanna with commonality 0.005
Added AA_DesertAve to Savanna with commonality 0.2125
Added AA_DrainerLarva to Savanna with commonality 0.005
Added AA_Drainer to Savanna with commonality 0.0025
Added AA_Dunealisk to Savanna with commonality 0.03125
Added AA_DuskProwler to Savanna with commonality 0.0075
Added AA_EmpressButterflyLarva to Savanna with commonality 0.0125
Added AA_EmpressButterfly to Savanna with commonality 0.0125
Added AA_Erin to Savanna with commonality 0.00375
Added AA_GiantCrownedSilkie to Savanna with commonality 0.00125
Added AA_Gigantelope to Savanna with commonality 0.0375
Added AA_GreatDevourer to Savanna with commonality 0.0025
Added AA_GreyCoatedMouflon to Savanna with commonality 0.0125
Added AA_LuciferBug to Savanna with commonality 0.0075
Added AA_MammothWorm to Savanna with commonality 0.0075
Added AA_Mantrap to Savanna with commonality 0.0025
Added AA_MatureFleshbeast to Savanna with commonality 0.0135
Added AA_Murkling to Savanna with commonality 0.025
Added AA_NightAve to Savanna with commonality 0.0025
Added AA_PedigreedRaptor to Savanna with commonality 0.00625
Added AA_Radyak to Savanna with commonality 0.00025
Added AA_Ravager to Savanna with commonality 0.001875
Added AA_RayHound to Savanna with commonality 0.005
Added AA_RoughPlatedMonitor to Savanna with commonality 0.0175
Added AA_RoyalAve to Savanna with commonality 0.00375
Added AA_SandLion to Savanna with commonality 0.025
Added AA_SandProwler to Savanna with commonality 0.025
Added AA_ShadowCharger to Savanna with commonality 0.0025
Added AA_Skiphound to Savanna with commonality 0.00625
Added AA_TeratogenicOriginator to Savanna with commonality 0.005
Added AA_Terramorph to Savanna with commonality 0.0175
Added AA_Thunderbeast to Savanna with commonality 0.0025
Added AA_Thunderox to Savanna with commonality 0.0025
Added AA_WindBeast to Savanna with commonality 0.000625
Added GiantToad to Savanna with commonality 0.015
Added RG_Rimclaw to Savanna with commonality 0.005
Added BMT_CactusCrab to Savanna with commonality 0.09
Added BMT_Diggerpede to Savanna with commonality 0.2
Added BMT_Jellypot to Savanna with commonality 0.35
Added BMT_Stoneback to Savanna with commonality 0.35
Added BMT_PustuleHornetSpawned to Savanna with commonality 0.35
Added GR_Needlechicken to Savanna with commonality 0.5
Added GR_Chickenlope to Savanna with commonality 0.5
Added GR_Boomabear to Savanna with commonality 0.09
Added GR_Boomffalo to Savanna with commonality 0.09
Added GR_Boomsquirrel to Savanna with commonality 0.2
Added GR_Boomcat to Savanna with commonality 0.2
Added GR_FleshGrowth to Savanna with commonality 0.1575
Added GR_Catalope to Savanna with commonality 0.5
Added GR_Manwolf to Savanna with commonality 0.09
Added GR_Boombeetle to Savanna with commonality 0.2
Added GR_ParagonBoomalope to Savanna with commonality 0.09
Added GR_Boomsnake to Savanna with commonality 0.2
Added GR_Squirralope to Savanna with commonality 0.5
Added AM_Dryad_Spitter to Volcano with commonality 0.7
Added DA_Snaptoad to Volcano with commonality 0.18
Added Dewback to Volcano with commonality 0.0573
Added Katarn to Volcano with commonality 0.0573
Added Kybuck to Volcano with commonality 0.4
Added Massiff to Volcano with commonality 0.4
Added Mott to Volcano with commonality 0.7
Added Squall to Volcano with commonality 0.7
Added Taozin to Volcano with commonality 0.0098
Added VAEWaste_Toxiguana to Volcano with commonality 0.4
Added AA_Animalisk to Volcano with commonality 0.2
Added AA_AuroraSylph to Volcano with commonality 0.005
Added AA_ChemfuelMyrmidon to Volcano with commonality 0.25
Added AA_Metallovore to Volcano with commonality 0.25
Added AA_NightMule to Volcano with commonality 0.09
Added AA_PedigreedRaptor to Volcano with commonality 0.005
Added AA_Radyak to Volcano with commonality 0.0005
Added AA_RaptorShrimp to Volcano with commonality 0.2
Added AA_Ravager to Volcano with commonality 0.0025
Added AA_TeratogenicOriginator to Volcano with commonality 0.005
Added AA_Terramorph to Volcano with commonality 0.005
Added BMT_BrownBat to Volcano with commonality 1
Added BMT_CrystalMantis to Volcano with commonality 0.18
Added BMT_GiantSlug to Volcano with commonality 0.18
Added BMT_GoetoTadpole to Volcano with commonality 1
Added BMT_GoetoToad to Volcano with commonality 0.7
Added BMT_Megapleura to Volcano with commonality 0.18
Added BMT_BloodletterPetrel to Volcano with commonality 0.7
Added BMT_GastroToad to Volcano with commonality 0.7
Added BMT_TripleSnapper to Volcano with commonality 0.4
Added GR_Fleshling to Volcano with commonality 1
Added GR_Wolfscarab to Volcano with commonality 0.4
Added GR_Spidercat to Volcano with commonality 0.4
Added Jerbal to Wasteland with commonality 0.3
Added Toraton to Wasteland with commonality 0.3
Added JOE_Cephalope to Wasteland with commonality 0.4
Added DA_BlackScribe to Wasteland with commonality 0.3
Added DA_Karabal to Wasteland with commonality 0.2
Added DA_Pilgrim to Wasteland with commonality 0.2
Added ERN_Amaro to Wasteland with commonality 0.1
Added JRWBagaceratops to Wasteland with commonality 0.075
Added JRWBaseopsis to Wasteland with commonality 0.1
Added JRWBrachytrachelopan to Wasteland with commonality 0.09
Added JRWEuoplocephalus to Wasteland with commonality 0.1
Added JRWGeralinura to Wasteland with commonality 0.1
Added JRWGorgonops to Wasteland with commonality 0.075
Added JRWProtosolpuga to Wasteland with commonality 0.1
Added JRWQantassaurus to Wasteland with commonality 0.1
Added TYR_HotfootRat to Wasteland with commonality 0.1
Added Doedicurus to Wasteland with commonality 0.01
Added Dinocrocuta to Wasteland with commonality 0.008
Added Pulmonoscorpius to Wasteland with commonality 0.008
Added MA_Hellboar to Wasteland with commonality 0.08
Added MA_Raptorkhan to Wasteland with commonality 0.05
Added Ling_Cockroach to Wasteland with commonality 0.003
Added Dewback to Wasteland with commonality 0.05
Added Rancor to Wasteland with commonality 0.01
Added Bantha to Wasteland with commonality 0.5
Added Nexu to Wasteland with commonality 0.02
Added Acklay to Wasteland with commonality 0.008
Added KraytDragon to Wasteland with commonality 0.08
Added Nerf to Wasteland with commonality 0.03
Added Gizka to Wasteland with commonality 0.1
Added Vulptex to Wasteland with commonality 0.08
Added Anooba to Wasteland with commonality 0.08
Added Beldon to Wasteland with commonality 0.01
Added Blurrg to Wasteland with commonality 0.04
Added Bolotaur to Wasteland with commonality 0.01
Added Bogwing to Wasteland with commonality 0.7
Added Brezak to Wasteland with commonality 0.04
Added Cannok to Wasteland with commonality 0.04
Added Clodhopper to Wasteland with commonality 0.04
Added Convor to Wasteland with commonality 0.01
Added Dactillion to Wasteland with commonality 0.08
Added Drexl to Wasteland with commonality 0.01
Added EnergySpider to Wasteland with commonality 0.01
Added Eopie to Wasteland with commonality 0.2
Added FrilledGorg to Wasteland with commonality 0.2
Added Gorg to Wasteland with commonality 0.4
Added Grank to Wasteland with commonality 0.1
Added GreaterKraytDragon to Wasteland with commonality 0.001
Added Gundark to Wasteland with commonality 0.01
Added Gutkurr to Wasteland with commonality 0.8
Added Hrumph to Wasteland with commonality 0.01
Added Insectomorph to Wasteland with commonality 0.08
Added IridonianReek to Wasteland with commonality 0.08
Added Iriaz to Wasteland with commonality 0.04
Added Jamel to Wasteland with commonality 0.4
Added KellDragon to Wasteland with commonality 0.04
Added Kinrath to Wasteland with commonality 0.01
Added Klorslug to Wasteland with commonality 0.08
Added Krykna to Wasteland with commonality 0.01
Added Kreetle to Wasteland with commonality 0.8
Added Kwi to Wasteland with commonality 0.04
Added LavaFlea to Wasteland with commonality 0.01
Added LongtailGorg to Wasteland with commonality 0.4
Added Lothcat to Wasteland with commonality 0.04
Added Lylek to Wasteland with commonality 0.4
Added Massiff to Wasteland with commonality 0.4
Added Mudhorn to Wasteland with commonality 0.4
Added Mynock to Wasteland with commonality 0.1
Added Neebray to Wasteland with commonality 0.1
Added Nuna to Wasteland with commonality 0.01
Added Orray to Wasteland with commonality 0.06
Added PaintedSpat to Wasteland with commonality 0.04
Added Roggwart to Wasteland with commonality 0.01
Added Ronto to Wasteland with commonality 0.4
Added Scavrat to Wasteland with commonality 0.4
Added Scurrier to Wasteland with commonality 0.8
Added Shyrack to Wasteland with commonality 0.6
Added Skalder to Wasteland with commonality 0.04
Added Sketto to Wasteland with commonality 0.4
Added Snoruuk to Wasteland with commonality 0.01
Added Thranta to Wasteland with commonality 0.01
Added Tooke to Wasteland with commonality 0.1
Added Tukata to Wasteland with commonality 0.08
Added TuskCat to Wasteland with commonality 0.01
Added Urusai to Wasteland with commonality 0.4
Added Uvak to Wasteland with commonality 0.02
Added Vapaad to Wasteland with commonality 0.04
Added Varactyl to Wasteland with commonality 0.08
Added Voorpak to Wasteland with commonality 0.01
Added WompRat to Wasteland with commonality 0.4
Added Worrt to Wasteland with commonality 0.2
Added Wraid to Wasteland with commonality 0.8
Added VQEA_Splicetoot to Wasteland with commonality 0.4
Added AA_AngelMothLarva to Wasteland with commonality 0.025
Added AA_AngelMoth to Wasteland with commonality 0.025
Added AA_AuroraSylph to Wasteland with commonality 0.005
Added AA_BumbledroneQueen to Wasteland with commonality 0.35
Added AA_Cactipine to Wasteland with commonality 0.035
Added AA_ChameleonYak to Wasteland with commonality 0.035
Added AA_CrescendoAnole to Wasteland with commonality 0.015
Added AA_DarkVandal to Wasteland with commonality 0.005
Added AA_DesertAve to Wasteland with commonality 0.4
Added AA_DrainerLarva to Wasteland with commonality 0.005
Added AA_Drainer to Wasteland with commonality 0.005
Added AA_Dunealisk to Wasteland with commonality 0.05
Added AA_DuskProwler to Wasteland with commonality 0.015
Added AA_Erin to Wasteland with commonality 0.0075
Added AA_Gigantelope to Wasteland with commonality 0.05
Added AA_LuciferBug to Wasteland with commonality 0.015
Added AA_MammothWorm to Wasteland with commonality 0.015
Added AA_Mantrap to Wasteland with commonality 0.005
Added AA_MatureFleshbeast to Wasteland with commonality 0.027
Added AA_MeadowAve to Wasteland with commonality 0.015
Added AA_Murkling to Wasteland with commonality 0.05
Added AA_Needlepost to Wasteland with commonality 0.05
Added AA_Needleroll to Wasteland with commonality 0.6
Added AA_NightAve to Wasteland with commonality 0.005
Added AA_PedigreedRaptor to Wasteland with commonality 0.0075
Added AA_Ravager to Wasteland with commonality 0.00125
Added AA_RoyalAve to Wasteland with commonality 0.005
Added AA_SandLion to Wasteland with commonality 0.05
Added AA_SandProwler to Wasteland with commonality 0.05
Added AA_SandSquid to Wasteland with commonality 0.025
Added AA_ShadowCharger to Wasteland with commonality 0.005
Added AA_TeratogenicOriginator to Wasteland with commonality 0.005
Added AA_Thunderox to Wasteland with commonality 0.005
Added AA_WindBeast to Wasteland with commonality 0.00125
Added GiantToad to Wasteland with commonality 0.03
Added RG_Rimclaw to Wasteland with commonality 0.01
Added BMT_CactusCrab to Wasteland with commonality 0.18
Added BMT_Diggerpede to Wasteland with commonality 0.4
Added BMT_Jellypot to Wasteland with commonality 0.7
Added BMT_Stoneback to Wasteland with commonality 0.7
Added BMT_PustuleHornetSpawned to Wasteland with commonality 0.7
Added GR_Needlechicken to Wasteland with commonality 1
Added GR_Chickenlope to Wasteland with commonality 1
Added GR_Boomabear to Wasteland with commonality 0.18
Added GR_Boomffalo to Wasteland with commonality 0.18
Added GR_Boomsquirrel to Wasteland with commonality 0.4
Added GR_Boomcat to Wasteland with commonality 0.4
Added GR_FleshGrowth to Wasteland with commonality 0.315
Added GR_Catalope to Wasteland with commonality 1
Added GR_Manwolf to Wasteland with commonality 0.18
Added GR_Boombeetle to Wasteland with commonality 0.4
Added GR_ParagonBoomalope to Wasteland with commonality 0.18
Added GR_Boomsnake to Wasteland with commonality 0.4
Added GR_Squirralope to Wasteland with commonality 1
Added FancyRat to Wetland with commonality 0.05
Added Worm to Wetland with commonality 0.3
Added Gigantelope to Wetland with commonality 0.5
Added Megasquid to Wetland with commonality 0.4
Added Rabbuck to Wetland with commonality 0.4
Added Toraton to Wetland with commonality 0.075
Added JOE_Landopus to Wetland with commonality 0.55
Added JOE_Cephalope to Wetland with commonality 0.285
Added JOE_Nautilant to Wetland with commonality 0.03
Added DA_Barog to Wetland with commonality 0.25
Added DA_Snaptoad to Wetland with commonality 0.25
Added DA_Phrak to Wetland with commonality 0.15
Added DA_RedhornedLarpah to Wetland with commonality 0.005
Added DA_Taraal to Wetland with commonality 0.1
Added ERN_Amaro to Wetland with commonality 0.05
Added JRWArchaeopteryx to Wetland with commonality 0.025
Added JRWArthropleura to Wetland with commonality 0.025
Added JRWBagaceratops to Wetland with commonality 0.0375
Added JRWBeelzebufo to Wetland with commonality 0.1
Added JRWBernicia to Wetland with commonality 0.0625
Added JRWBrachytrachelopan to Wetland with commonality 0.045
Added JRWCaihong to Wetland with commonality 0.025
Added JRWDilophosaurus to Wetland with commonality 0.0625
Added JRWDiplocaulus to Wetland with commonality 0.1
Added JRWEuoplocephalus to Wetland with commonality 0.0375
Added JRWEuphoberia to Wetland with commonality 0.025
Added JRWGeosternbergia to Wetland with commonality 0.05
Added JRWGeralinura to Wetland with commonality 0.05
Added JRWGorgonops to Wetland with commonality 0.0375
Added JRWHynerpeton to Wetland with commonality 0.1
Added JRWIschigualastia to Wetland with commonality 0.0375
Added JRWMacrelcana to Wetland with commonality 0.0625
Added JRWManipulator to Wetland with commonality 0.0625
Added JRWMeganeura to Wetland with commonality 0.0625
Added JRWNyctosaurus to Wetland with commonality 0.05
Added JRWPlatyhystrix to Wetland with commonality 0.1
Added JRWProtosolpuga to Wetland with commonality 0.0625
Added JRWPteranodon to Wetland with commonality 0.05
Added JRWPulmonoscorpius to Wetland with commonality 0.05
Added JRWQantassaurus to Wetland with commonality 0.025
Added JRWQuetzalcoatlus to Wetland with commonality 0.05
Added Arthropleura to Wetland with commonality 0.007999999
Added Doedicurus to Wetland with commonality 0.0035
Added Titanis to Wetland with commonality 0.0025
Added Elasmotherium to Wetland with commonality 0.003
Added Megaloceros to Wetland with commonality 0.0065
Added Dinornis to Wetland with commonality 0.004
Added Macrauchenia to Wetland with commonality 0.003
Added Meganeura to Wetland with commonality 0.019
Added Zygolophodon to Wetland with commonality 0.004
Added Platybelodon to Wetland with commonality 0.0025
Added Uintatherium to Wetland with commonality 0.004
Added Pulmonoscorpius to Wetland with commonality 0.007
Added MA_Aminox to Wetland with commonality 0.025
Added MA_Deermoss to Wetland with commonality 0.11
Added MA_Gnaut to Wetland with commonality 0.46
Added MA_Hellboar to Wetland with commonality 0.02
Added MA_Raptorkhan to Wetland with commonality 0.07
Added MA_Sivatherium to Wetland with commonality 0.025
Added MA_Sporemole to Wetland with commonality 0.02
Added MA_Worhin to Wetland with commonality 0.04
Added Ling_Cockroach to Wetland with commonality 0.005
Added Dewback to Wetland with commonality 0.02
Added Rancor to Wetland with commonality 0.005
Added Bantha to Wetland with commonality 0.01
Added Nexu to Wetland with commonality 0.03
Added Acklay to Wetland with commonality 0.04
Added Reek to Wetland with commonality 0.02
Added Nerf to Wetland with commonality 0.015
Added Gizka to Wetland with commonality 0.6
Added Porg to Wetland with commonality 0.44
Added Vulptex to Wetland with commonality 0.005
Added Akk to Wetland with commonality 0.01
Added Aiwha to Wetland with commonality 0.02
Added Anooba to Wetland with commonality 0.02
Added Behemoth to Wetland with commonality 0.01
Added Beldon to Wetland with commonality 0.01
Added Boarwolf to Wetland with commonality 0.08
Added Blarth to Wetland with commonality 0.045
Added Blixus to Wetland with commonality 0.205
Added Blurrg to Wetland with commonality 0.08
Added Bolotaur to Wetland with commonality 0.4
Added Bogwing to Wetland with commonality 0.045
Added Boma to Wetland with commonality 0.22
Added Bordok to Wetland with commonality 0.5
Added Borcatu to Wetland with commonality 0.12
Added Brezak to Wetland with commonality 0.02
Added Bursa to Wetland with commonality 0.22
Added CanCell to Wetland with commonality 0.4
Added Cannok to Wetland with commonality 0.28
Added Clodhopper to Wetland with commonality 0.42
Added Convor to Wetland with commonality 0.7
Added Corinathoth to Wetland with commonality 0.04
Added Dactillion to Wetland with commonality 0.04
Added Dalgo to Wetland with commonality 0.205
Added Devourers to Wetland with commonality 0.05
Added Dianoga to Wetland with commonality 0.205
Added Dragonsnake to Wetland with commonality 0.3
Added Drexl to Wetland with commonality 0.01
Added Eopie to Wetland with commonality 0.02
Added Falumpaset to Wetland with commonality 0.7
Added Fambaa to Wetland with commonality 0.205
Added Fanback to Wetland with commonality 0.42
Added FeralGrazer to Wetland with commonality 0.4
Added FeralNerf to Wetland with commonality 0.09
Added FrilledGorg to Wetland with commonality 0.6
Added FrogDog to Wetland with commonality 0.045
Added Gelagrub to Wetland with commonality 0.22
Added Gorg to Wetland with commonality 0.32
Added Grank to Wetland with commonality 0.3
Added GraniteSlug to Wetland with commonality 0.1
Added Gualaar to Wetland with commonality 0.2
Added Gullipud to Wetland with commonality 0.6
Added Gundark to Wetland with commonality 0.1
Added Gutkurr to Wetland with commonality 0.005
Added HarvesterBeetle to Wetland with commonality 0.08
Added Hawkbat to Wetland with commonality 0.01
Added Horax to Wetland with commonality 0.005
Added Hrumph to Wetland with commonality 0.9
Added Hssiss to Wetland with commonality 0.42
Added Igitz to Wetland with commonality 0.045
Added Insectomorph to Wetland with commonality 0.32
Added IridonianReek to Wetland with commonality 0.1
Added IthorianReek to Wetland with commonality 0.2
Added Iriaz to Wetland with commonality 0.4
Added Jakobeast to Wetland with commonality 0.2
Added Jamel to Wetland with commonality 0.3
Added Jimvu to Wetland with commonality 0.405
Added Kaadu to Wetland with commonality 0.7
Added Katarn to Wetland with commonality 0.025
Added KellDragon to Wetland with commonality 0.15
Added KowakianMonkeyLizard to Wetland with commonality 0.25
Added Kinrath to Wetland with commonality 0.205
Added Klorslug to Wetland with commonality 0.205
Added Krykna to Wetland with commonality 0.01
Added Kreetle to Wetland with commonality 0.6
Added KwazelMaw to Wetland with commonality 0.3
Added Kwi to Wetland with commonality 0.34
Added Kybuck to Wetland with commonality 0.52
Added Leaftail to Wetland with commonality 0.6
Added LongtailGorg to Wetland with commonality 0.5
Added Lothcat to Wetland with commonality 0.2
Added LothWolf to Wetland with commonality 0.005
Added Maalraas to Wetland with commonality 0.3
Added Manka to Wetland with commonality 0.2
Added MarshHaunt to Wetland with commonality 0.04
Added MastiffPhalone to Wetland with commonality 0.3
Added Mastmot to Wetland with commonality 0.005
Added Mawvorr to Wetland with commonality 0.12
Added Mott to Wetland with commonality 0.7
Added Mynock to Wetland with commonality 0.1
Added Narglatch to Wetland with commonality 0.045
Added Neebray to Wetland with commonality 0.1
Added Nuna to Wetland with commonality 0.7
Added Ollopom to Wetland with commonality 0.5
Added Orray to Wetland with commonality 0.005
Added PaintedSpat to Wetland with commonality 0.005
Added PekoPeko to Wetland with commonality 0.55
Added Pikobis to Wetland with commonality 0.03
Added Qormot to Wetland with commonality 0.6
Added Raxshir to Wetland with commonality 0.005
Added Rikknit to Wetland with commonality 0.1
Added Ronto to Wetland with commonality 0.005
Added Runyip to Wetland with commonality 0.7
Added Scavrat to Wetland with commonality 0.44
Added Scurrier to Wetland with commonality 0.025
Added Shaak to Wetland with commonality 0.4
Added Shiro to Wetland with commonality 0.7
Added ShiroTrap to Wetland with commonality 0.7
Added Silooth to Wetland with commonality 0.44
Added Skalder to Wetland with commonality 0.005
Added Sketto to Wetland with commonality 0.005
Added Snoruuk to Wetland with commonality 0.055
Added Stintaril to Wetland with commonality 0.3
Added Strill to Wetland with commonality 0.05
Added Tach to Wetland with commonality 0.6
Added TeeMuss to Wetland with commonality 0.06
Added TetnissCrab to Wetland with commonality 0.3
Added Thranta to Wetland with commonality 0.405
Added Tooke to Wetland with commonality 0.1
Added Torton to Wetland with commonality 0.005
Added TuskCat to Wetland with commonality 0.4
Added Urusai to Wetland with commonality 0.05
Added Uvak to Wetland with commonality 0.2
Added Vapaad to Wetland with commonality 0.01
Added Varactyl to Wetland with commonality 0.04
Added Veermok to Wetland with commonality 0.4
Added Voorpak to Wetland with commonality 0.405
Added Vornskyr to Wetland with commonality 0.3
Added Whisperbird to Wetland with commonality 0.4
Added WompRat to Wetland with commonality 0.005
Added Woolamander to Wetland with commonality 0.6
Added Worrt to Wetland with commonality 0.155
Added Wraid to Wetland with commonality 0.02
Added Wyyyschokk to Wetland with commonality 0.105
Added Yobshrimp to Wetland with commonality 0.4
Added Zakkeg to Wetland with commonality 0.05
Added Zeer to Wetland with commonality 0.2
Added AA_AcanthamoebaGiganteaSmall to Wetland with commonality 0.00375
Added AA_AngelMothLarva to Wetland with commonality 0.035
Added AA_AngelMoth to Wetland with commonality 0.035
Added AA_AnimaColossus to Wetland with commonality 0.003
Added AA_LarvalAtispec to Wetland with commonality 0.0025
Added AA_AuroraSylph to Wetland with commonality 0.015
Added AA_BumbledroneHierophant to Wetland with commonality 0.0075
Added AA_ChameleonYak to Wetland with commonality 0.0425
Added AA_CrystalMit to Wetland with commonality 0.01
Added AA_Darkbeast to Wetland with commonality 0.0025
Added AA_DarkVandal to Wetland with commonality 0.0375
Added AA_DrainerLarva to Wetland with commonality 0.015
Added AA_Drainer to Wetland with commonality 0.015
Added AA_DuskProwler to Wetland with commonality 0.0375
Added AA_EmpressButterflyLarva to Wetland with commonality 0.0075
Added AA_EmpressButterfly to Wetland with commonality 0.0075
Added AA_Feralisk to Wetland with commonality 0.055
Added AA_GiantCrownedSilkie to Wetland with commonality 0.00125
Added AA_Gigantelope to Wetland with commonality 0.2
Added AA_GreatDevourer to Wetland with commonality 0.0025
Added AA_GreyCoatedMouflon to Wetland with commonality 0.00125
Added AA_Lockjaw to Wetland with commonality 0.05
Added AA_LuciferBug to Wetland with commonality 0.00375
Added AA_Mantrap to Wetland with commonality 0.03
Added AA_MatureFleshbeast to Wetland with commonality 0.005
Added AA_Murkling to Wetland with commonality 0.1025
Added AA_NightAve to Wetland with commonality 0.0125
Added AA_PedigreedRaptor to Wetland with commonality 0.0175
Added AA_Plasmorph to Wetland with commonality 0.015
Added AA_Radyak to Wetland with commonality 0.0005
Added AA_RaptorShrimp to Wetland with commonality 0.01
Added AA_Ravager to Wetland with commonality 0.00375
Added AA_RayHound to Wetland with commonality 0.035
Added AA_Razorjack to Wetland with commonality 0.0125
Added AA_RipperHound to Wetland with commonality 0.01375
Added AA_RoyalAve to Wetland with commonality 0.00375
Added AA_SandSquid to Wetland with commonality 0.0025
Added AA_ShadowCharger to Wetland with commonality 0.02
Added AA_Skiphound to Wetland with commonality 0.00625
Added AA_TeratogenicOriginator to Wetland with commonality 0.005
Added AA_Terramorph to Wetland with commonality 0.01
Added AA_Thunderbeast to Wetland with commonality 0.00875
Added AA_Thunderox to Wetland with commonality 0.0425
Added AA_WindBeast to Wetland with commonality 0.00125
Added GiantToad to Wetland with commonality 0.235
Added FancyRat to AB_FeraliskInfestedJungle with commonality 0.03
Added Giantala to AB_FeraliskInfestedJungle with commonality 0.15
Added Gigantelope to AB_FeraliskInfestedJungle with commonality 0.5
Added Toraton to AB_FeraliskInfestedJungle with commonality 0.1
Added Yippa to AB_FeraliskInfestedJungle with commonality 0.5
Added Zarander to AB_FeraliskInfestedJungle with commonality 0.5
Added JOE_Landopus to AB_FeraliskInfestedJungle with commonality 0.55
Added JOE_Cephalope to AB_FeraliskInfestedJungle with commonality 0.285
Added JOE_Nautilant to AB_FeraliskInfestedJungle with commonality 0.04
Added DA_Barog to AB_FeraliskInfestedJungle with commonality 0.25
Added DA_Snaptoad to AB_FeraliskInfestedJungle with commonality 0.25
Added DA_Phrak to AB_FeraliskInfestedJungle with commonality 0.15
Added ERN_Amaro to AB_FeraliskInfestedJungle with commonality 0.05
Added JRWArchaeopteryx to AB_FeraliskInfestedJungle with commonality 0.05
Added JRWArthropleura to AB_FeraliskInfestedJungle with commonality 0.1
Added JRWBagaceratops to AB_FeraliskInfestedJungle with commonality 0.0375
Added JRWBaseopsis to AB_FeraliskInfestedJungle with commonality 0.025
Added JRWBeelzebufo to AB_FeraliskInfestedJungle with commonality 0.1
Added JRWBernicia to AB_FeraliskInfestedJungle with commonality 0.08750001
Added JRWBrachytrachelopan to AB_FeraliskInfestedJungle with commonality 0.04
Added JRWCaihong to AB_FeraliskInfestedJungle with commonality 0.05
Added JRWDilophosaurus to AB_FeraliskInfestedJungle with commonality 0.08750001
Added JRWDiplocaulus to AB_FeraliskInfestedJungle with commonality 0.1
Added JRWEuoplocephalus to AB_FeraliskInfestedJungle with commonality 0.0375
Added JRWEuphoberia to AB_FeraliskInfestedJungle with commonality 0.1
Added JRWGeosternbergia to AB_FeraliskInfestedJungle with commonality 0.05
Added JRWGeralinura to AB_FeraliskInfestedJungle with commonality 0.05
Added JRWGorgonops to AB_FeraliskInfestedJungle with commonality 0.075
Added JRWHynerpeton to AB_FeraliskInfestedJungle with commonality 0.1
Added JRWIschigualastia to AB_FeraliskInfestedJungle with commonality 0.0375
Added JRWMacrelcana to AB_FeraliskInfestedJungle with commonality 0.08750001
Added JRWManipulator to AB_FeraliskInfestedJungle with commonality 0.08750001
Added JRWMeganeura to AB_FeraliskInfestedJungle with commonality 0.08750001
Added JRWNyctosaurus to AB_FeraliskInfestedJungle with commonality 0.05
Added JRWPlatyhystrix to AB_FeraliskInfestedJungle with commonality 0.1
Added JRWProtosolpuga to AB_FeraliskInfestedJungle with commonality 0.0375
Added JRWPteranodon to AB_FeraliskInfestedJungle with commonality 0.05
Added JRWPulmonoscorpius to AB_FeraliskInfestedJungle with commonality 0.1
Added JRWQantassaurus to AB_FeraliskInfestedJungle with commonality 0.05
Added JRWQuetzalcoatlus to AB_FeraliskInfestedJungle with commonality 0.05
Added TYR_MousePoison to AB_FeraliskInfestedJungle with commonality 0.1
Added Macrauchenia to AB_FeraliskInfestedJungle with commonality 0.005
Added Platybelodon to AB_FeraliskInfestedJungle with commonality 0.0015
Added MA_Raptorkhan to AB_FeraliskInfestedJungle with commonality 0.04
Added MA_Sivatherium to AB_FeraliskInfestedJungle with commonality 0.025
Added Ling_Cockroach to AB_FeraliskInfestedJungle with commonality 0.008
Added Dewback to AB_FeraliskInfestedJungle with commonality 0.005
Added Rancor to AB_FeraliskInfestedJungle with commonality 0.005
Added Bantha to AB_FeraliskInfestedJungle with commonality 0.005
Added Nexu to AB_FeraliskInfestedJungle with commonality 0.04
Added Acklay to AB_FeraliskInfestedJungle with commonality 0.4
Added Reek to AB_FeraliskInfestedJungle with commonality 0.005
Added Nerf to AB_FeraliskInfestedJungle with commonality 0.015
Added Gizka to AB_FeraliskInfestedJungle with commonality 0.8
Added Porg to AB_FeraliskInfestedJungle with commonality 0.2
Added Vulptex to AB_FeraliskInfestedJungle with commonality 0.005
Added Akk to AB_FeraliskInfestedJungle with commonality 0.02
Added Aiwha to AB_FeraliskInfestedJungle with commonality 0.005
Added Anooba to AB_FeraliskInfestedJungle with commonality 0.04
Added Beldon to AB_FeraliskInfestedJungle with commonality 0.005
Added Boarwolf to AB_FeraliskInfestedJungle with commonality 0.02
Added Blarth to AB_FeraliskInfestedJungle with commonality 0.035
Added Blixus to AB_FeraliskInfestedJungle with commonality 0.405
Added Blurrg to AB_FeraliskInfestedJungle with commonality 0.075
Added Bolotaur to AB_FeraliskInfestedJungle with commonality 0.4
Added Bogwing to AB_FeraliskInfestedJungle with commonality 0.035
Added Boma to AB_FeraliskInfestedJungle with commonality 0.4
Added Bordok to AB_FeraliskInfestedJungle with commonality 0.04
Added Borcatu to AB_FeraliskInfestedJungle with commonality 0.8
Added Brezak to AB_FeraliskInfestedJungle with commonality 0.02
Added Bursa to AB_FeraliskInfestedJungle with commonality 0.22
Added CanCell to AB_FeraliskInfestedJungle with commonality 0.8
Added Cannok to AB_FeraliskInfestedJungle with commonality 0.8
Added Clodhopper to AB_FeraliskInfestedJungle with commonality 0.22
Added Convor to AB_FeraliskInfestedJungle with commonality 0.4
Added Corinathoth to AB_FeraliskInfestedJungle with commonality 0.22
Added Dactillion to AB_FeraliskInfestedJungle with commonality 0.2
Added Dalgo to AB_FeraliskInfestedJungle with commonality 0.205
Added Devourers to AB_FeraliskInfestedJungle with commonality 0.8
Added Dianoga to AB_FeraliskInfestedJungle with commonality 0.45
Added Dragonsnake to AB_FeraliskInfestedJungle with commonality 0.5
Added Drexl to AB_FeraliskInfestedJungle with commonality 0.01
Added Eopie to AB_FeraliskInfestedJungle with commonality 0.1
Added Falumpaset to AB_FeraliskInfestedJungle with commonality 0.5
Added Fambaa to AB_FeraliskInfestedJungle with commonality 0.6
Added Fanback to AB_FeraliskInfestedJungle with commonality 0.42
Added FeralGrazer to AB_FeraliskInfestedJungle with commonality 0.1
Added FeralNerf to AB_FeraliskInfestedJungle with commonality 0.035
Added FrilledGorg to AB_FeraliskInfestedJungle with commonality 0.8
Added FrogDog to AB_FeraliskInfestedJungle with commonality 0.035
Added Gelagrub to AB_FeraliskInfestedJungle with commonality 0.7
Added Gorg to AB_FeraliskInfestedJungle with commonality 0.8
Added Grank to AB_FeraliskInfestedJungle with commonality 0.2
Added GraniteSlug to AB_FeraliskInfestedJungle with commonality 0.1
Added Gullipud to AB_FeraliskInfestedJungle with commonality 0.6
Added Gundark to AB_FeraliskInfestedJungle with commonality 0.1
Added Gutkurr to AB_FeraliskInfestedJungle with commonality 0.4
Added HarvesterBeetle to AB_FeraliskInfestedJungle with commonality 0.44
Added Hawkbat to AB_FeraliskInfestedJungle with commonality 0.06
Added Horax to AB_FeraliskInfestedJungle with commonality 0.005
Added Hrumph to AB_FeraliskInfestedJungle with commonality 0.22
Added Hssiss to AB_FeraliskInfestedJungle with commonality 0.44
Added Igitz to AB_FeraliskInfestedJungle with commonality 0.035
Added Insectomorph to AB_FeraliskInfestedJungle with commonality 0.42
Added IridonianReek to AB_FeraliskInfestedJungle with commonality 0.04
Added IthorianReek to AB_FeraliskInfestedJungle with commonality 0.4
Added Iriaz to AB_FeraliskInfestedJungle with commonality 0.5
Added Jamel to AB_FeraliskInfestedJungle with commonality 0.3
Added Jimvu to AB_FeraliskInfestedJungle with commonality 0.105
Added JungleRancor to AB_FeraliskInfestedJungle with commonality 0.001
Added Kaadu to AB_FeraliskInfestedJungle with commonality 0.65
Added Katarn to AB_FeraliskInfestedJungle with commonality 0.06
Added KellDragon to AB_FeraliskInfestedJungle with commonality 0.3
Added KowakianMonkeyLizard to AB_FeraliskInfestedJungle with commonality 0.7
Added Kinrath to AB_FeraliskInfestedJungle with commonality 0.7
Added Klorslug to AB_FeraliskInfestedJungle with commonality 0.5
Added Krykna to AB_FeraliskInfestedJungle with commonality 0.01
Added KwazelMaw to AB_FeraliskInfestedJungle with commonality 0.5
Added Kwi to AB_FeraliskInfestedJungle with commonality 0.44
Added Kybuck to AB_FeraliskInfestedJungle with commonality 0.42
Added Leaftail to AB_FeraliskInfestedJungle with commonality 0.5
Added LongtailGorg to AB_FeraliskInfestedJungle with commonality 0.8
Added Lylek to AB_FeraliskInfestedJungle with commonality 0.02
Added Maalraas to AB_FeraliskInfestedJungle with commonality 0.2
Added Manka to AB_FeraliskInfestedJungle with commonality 0.2
Added MarshHaunt to AB_FeraliskInfestedJungle with commonality 0.025
Added MastiffPhalone to AB_FeraliskInfestedJungle with commonality 0.4
Added Mawvorr to AB_FeraliskInfestedJungle with commonality 0.24
Added Mott to AB_FeraliskInfestedJungle with commonality 0.65
Added Mynock to AB_FeraliskInfestedJungle with commonality 0.1
Added Narglatch to AB_FeraliskInfestedJungle with commonality 0.06
Added Neebray to AB_FeraliskInfestedJungle with commonality 0.1
Added Nuna to AB_FeraliskInfestedJungle with commonality 0.65
Added Ollopom to AB_FeraliskInfestedJungle with commonality 0.5
Added Orray to AB_FeraliskInfestedJungle with commonality 0.02
Added PaintedSpat to AB_FeraliskInfestedJungle with commonality 0.04
Added PekoPeko to AB_FeraliskInfestedJungle with commonality 0.65
Added Pikobis to AB_FeraliskInfestedJungle with commonality 0.22
Added Qormot to AB_FeraliskInfestedJungle with commonality 0.5
Added Raxshir to AB_FeraliskInfestedJungle with commonality 0.2
Added Rikknit to AB_FeraliskInfestedJungle with commonality 0.1
Added Roggwart to AB_FeraliskInfestedJungle with commonality 0.05
Added Runyip to AB_FeraliskInfestedJungle with commonality 0.7
Added Scavrat to AB_FeraliskInfestedJungle with commonality 0.24
Added Scurrier to AB_FeraliskInfestedJungle with commonality 0.105
Added Shaak to AB_FeraliskInfestedJungle with commonality 0.2
Added Shiro to AB_FeraliskInfestedJungle with commonality 0.7
Added Silooth to AB_FeraliskInfestedJungle with commonality 0.6
Added Skalder to AB_FeraliskInfestedJungle with commonality 0.015
Added Sketto to AB_FeraliskInfestedJungle with commonality 0.06
Added Snoruuk to AB_FeraliskInfestedJungle with commonality 0.01
Added Stintaril to AB_FeraliskInfestedJungle with commonality 0.7
Added Strill to AB_FeraliskInfestedJungle with commonality 0.05
Added Tach to AB_FeraliskInfestedJungle with commonality 0.8
Added TeeMuss to AB_FeraliskInfestedJungle with commonality 0.06
Added TetnissCrab to AB_FeraliskInfestedJungle with commonality 0.1
Added Thranta to AB_FeraliskInfestedJungle with commonality 0.405
Added Tooke to AB_FeraliskInfestedJungle with commonality 0.1
Added Torton to AB_FeraliskInfestedJungle with commonality 0.1
Added Taozin to AB_FeraliskInfestedJungle with commonality 0.01
Added TuskCat to AB_FeraliskInfestedJungle with commonality 0.05
Added Urusai to AB_FeraliskInfestedJungle with commonality 0.1
Added Uvak to AB_FeraliskInfestedJungle with commonality 0.1
Added Vapaad to AB_FeraliskInfestedJungle with commonality 0.4
Added Varactyl to AB_FeraliskInfestedJungle with commonality 0.4
Added Veermok to AB_FeraliskInfestedJungle with commonality 0.6
Added Voorpak to AB_FeraliskInfestedJungle with commonality 0.405
Added Vornskyr to AB_FeraliskInfestedJungle with commonality 0.4
Added Whisperbird to AB_FeraliskInfestedJungle with commonality 0.8
Added Woolamander to AB_FeraliskInfestedJungle with commonality 0.8
Added Worrt to AB_FeraliskInfestedJungle with commonality 0.4
Added Wraid to AB_FeraliskInfestedJungle with commonality 0.04
Added Wyyyschokk to AB_FeraliskInfestedJungle with commonality 0.6
Added Yobshrimp to AB_FeraliskInfestedJungle with commonality 0.4
Added Zakkeg to AB_FeraliskInfestedJungle with commonality 0.4
Added Zeer to AB_FeraliskInfestedJungle with commonality 0.3
Added GiantToad to AB_FeraliskInfestedJungle with commonality 0.07
Added Jerbal to AB_RockyCrags with commonality 0.3
Added Toraton to AB_RockyCrags with commonality 0.3
Added JOE_Cephalope to AB_RockyCrags with commonality 0.4
Added DA_BlackScribe to AB_RockyCrags with commonality 0.3
Added DA_Karabal to AB_RockyCrags with commonality 0.2
Added DA_Pilgrim to AB_RockyCrags with commonality 0.2
Added ERN_Amaro to AB_RockyCrags with commonality 0.1
Added JRWBagaceratops to AB_RockyCrags with commonality 0.075
Added JRWBaseopsis to AB_RockyCrags with commonality 0.1
Added JRWBrachytrachelopan to AB_RockyCrags with commonality 0.09
Added JRWEuoplocephalus to AB_RockyCrags with commonality 0.1
Added JRWGeralinura to AB_RockyCrags with commonality 0.1
Added JRWGorgonops to AB_RockyCrags with commonality 0.075
Added JRWProtosolpuga to AB_RockyCrags with commonality 0.1
Added JRWQantassaurus to AB_RockyCrags with commonality 0.1
Added TYR_HotfootRat to AB_RockyCrags with commonality 0.1
Added Doedicurus to AB_RockyCrags with commonality 0.01
Added Dinocrocuta to AB_RockyCrags with commonality 0.008
Added Pulmonoscorpius to AB_RockyCrags with commonality 0.008
Added MA_Hellboar to AB_RockyCrags with commonality 0.08
Added MA_Raptorkhan to AB_RockyCrags with commonality 0.05
Added Ling_Cockroach to AB_RockyCrags with commonality 0.003
Added Dewback to AB_RockyCrags with commonality 0.05
Added Rancor to AB_RockyCrags with commonality 0.01
Added Bantha to AB_RockyCrags with commonality 0.5
Added Nexu to AB_RockyCrags with commonality 0.02
Added Acklay to AB_RockyCrags with commonality 0.008
Added KraytDragon to AB_RockyCrags with commonality 0.08
Added Nerf to AB_RockyCrags with commonality 0.03
Added Gizka to AB_RockyCrags with commonality 0.1
Added Vulptex to AB_RockyCrags with commonality 0.08
Added Anooba to AB_RockyCrags with commonality 0.08
Added Beldon to AB_RockyCrags with commonality 0.01
Added Blurrg to AB_RockyCrags with commonality 0.04
Added Bolotaur to AB_RockyCrags with commonality 0.01
Added Bogwing to AB_RockyCrags with commonality 0.7
Added Borcatu to AB_RockyCrags with commonality 0.08
Added Brezak to AB_RockyCrags with commonality 0.04
Added Cannok to AB_RockyCrags with commonality 0.04
Added Clodhopper to AB_RockyCrags with commonality 0.04
Added Convor to AB_RockyCrags with commonality 0.01
Added Dactillion to AB_RockyCrags with commonality 0.08
Added Drexl to AB_RockyCrags with commonality 0.01
Added EnergySpider to AB_RockyCrags with commonality 0.01
Added Eopie to AB_RockyCrags with commonality 0.2
Added FrilledGorg to AB_RockyCrags with commonality 0.2
Added Gorg to AB_RockyCrags with commonality 0.4
Added Grank to AB_RockyCrags with commonality 0.1
Added GraniteSlug to AB_RockyCrags with commonality 0.1
Added GreaterKraytDragon to AB_RockyCrags with commonality 0.001
Added Gundark to AB_RockyCrags with commonality 0.01
Added Gutkurr to AB_RockyCrags with commonality 0.8
Added Hrumph to AB_RockyCrags with commonality 0.01
Added Insectomorph to AB_RockyCrags with commonality 0.08
Added IridonianReek to AB_RockyCrags with commonality 0.08
Added Iriaz to AB_RockyCrags with commonality 0.04
Added Jamel to AB_RockyCrags with commonality 0.4
Added KellDragon to AB_RockyCrags with commonality 0.04
Added Kinrath to AB_RockyCrags with commonality 0.01
Added Klorslug to AB_RockyCrags with commonality 0.08
Added Krykna to AB_RockyCrags with commonality 0.01
Added Kreetle to AB_RockyCrags with commonality 0.8
Added Kwi to AB_RockyCrags with commonality 0.04
Added LavaFlea to AB_RockyCrags with commonality 0.01
Added LongtailGorg to AB_RockyCrags with commonality 0.4
Added Lothcat to AB_RockyCrags with commonality 0.04
Added Lylek to AB_RockyCrags with commonality 0.4
Added Massiff to AB_RockyCrags with commonality 0.4
Added Mudhorn to AB_RockyCrags with commonality 0.4
Added Mynock to AB_RockyCrags with commonality 0.1
Added Neebray to AB_RockyCrags with commonality 0.1
Added Nuna to AB_RockyCrags with commonality 0.01
Added Orray to AB_RockyCrags with commonality 0.06
Added PaintedSpat to AB_RockyCrags with commonality 0.04
Added Roggwart to AB_RockyCrags with commonality 0.01
Added Ronto to AB_RockyCrags with commonality 0.4
Added Scavrat to AB_RockyCrags with commonality 0.4
Added Scurrier to AB_RockyCrags with commonality 0.8
Added Shyrack to AB_RockyCrags with commonality 0.6
Added Skalder to AB_RockyCrags with commonality 0.04
Added Sketto to AB_RockyCrags with commonality 0.4
Added Snoruuk to AB_RockyCrags with commonality 0.01
Added Thranta to AB_RockyCrags with commonality 0.01
Added Tooke to AB_RockyCrags with commonality 0.1
Added Tukata to AB_RockyCrags with commonality 0.08
Added TuskCat to AB_RockyCrags with commonality 0.01
Added Urusai to AB_RockyCrags with commonality 0.4
Added Uvak to AB_RockyCrags with commonality 0.02
Added Vapaad to AB_RockyCrags with commonality 0.04
Added Varactyl to AB_RockyCrags with commonality 0.08
Added Voorpak to AB_RockyCrags with commonality 0.01
Added WompRat to AB_RockyCrags with commonality 0.4
Added Worrt to AB_RockyCrags with commonality 0.2
Added Wraid to AB_RockyCrags with commonality 0.8
Added VQEA_Splicetoot to AB_RockyCrags with commonality 0.4
Added GiantToad to AB_RockyCrags with commonality 0.03
Added RG_Rimclaw to AB_RockyCrags with commonality 0.01
Added BMT_CactusCrab to AB_RockyCrags with commonality 0.18
Added BMT_Diggerpede to AB_RockyCrags with commonality 0.4
Added BMT_Jellypot to AB_RockyCrags with commonality 0.7
Added BMT_Stoneback to AB_RockyCrags with commonality 0.7
Added BMT_PustuleHornetSpawned to AB_RockyCrags with commonality 0.7
Added GR_Needlechicken to AB_RockyCrags with commonality 1
Added GR_Chickenlope to AB_RockyCrags with commonality 1
Added GR_Boomabear to AB_RockyCrags with commonality 0.18
Added GR_Boomffalo to AB_RockyCrags with commonality 0.18
Added GR_Boomsquirrel to AB_RockyCrags with commonality 0.4
Added GR_Boomcat to AB_RockyCrags with commonality 0.4
Added GR_FleshGrowth to AB_RockyCrags with commonality 0.315
Added GR_Catalope to AB_RockyCrags with commonality 1
Added GR_Manwolf to AB_RockyCrags with commonality 0.18
Added GR_Boombeetle to AB_RockyCrags with commonality 0.4
Added GR_ParagonBoomalope to AB_RockyCrags with commonality 0.18
Added GR_Boomsnake to AB_RockyCrags with commonality 0.4
Added GR_Squirralope to AB_RockyCrags with commonality 1
Added FancyRat to AB_GallatrossGraveyard with commonality 0.01
Added Jerbal to AB_GallatrossGraveyard with commonality 0.3
Added Toraton to AB_GallatrossGraveyard with commonality 0.1
Added DA_BlackScribe to AB_GallatrossGraveyard with commonality 0.25
Added DA_Karabal to AB_GallatrossGraveyard with commonality 0.55
Added DA_Pilgrim to AB_GallatrossGraveyard with commonality 0.55
Added ERN_Amaro to AB_GallatrossGraveyard with commonality 0.08
Added Terrorworm to AB_GallatrossGraveyard with commonality 0.7
Added JRWBagaceratops to AB_GallatrossGraveyard with commonality 0.075
Added JRWBaseopsis to AB_GallatrossGraveyard with commonality 0.1
Added JRWBrachytrachelopan to AB_GallatrossGraveyard with commonality 0.09
Added JRWEuoplocephalus to AB_GallatrossGraveyard with commonality 0.1
Added JRWGeralinura to AB_GallatrossGraveyard with commonality 0.1
Added JRWGorgonops to AB_GallatrossGraveyard with commonality 0.075
Added JRWIschigualastia to AB_GallatrossGraveyard with commonality 0.075
Added JRWProtosolpuga to AB_GallatrossGraveyard with commonality 0.1
Added JRWQantassaurus to AB_GallatrossGraveyard with commonality 0.1
Added Titanis to AB_GallatrossGraveyard with commonality 0.005
Added Sivatherium to AB_GallatrossGraveyard with commonality 0.01
Added Dinornis to AB_GallatrossGraveyard with commonality 0.008
Added Macrauchenia to AB_GallatrossGraveyard with commonality 0.01
Added Uintatherium to AB_GallatrossGraveyard with commonality 0.008
Added Pulmonoscorpius to AB_GallatrossGraveyard with commonality 0.007
Added MA_Hellboar to AB_GallatrossGraveyard with commonality 0.12
Added MA_Raptorkhan to AB_GallatrossGraveyard with commonality 0.1
Added MA_Sivatherium to AB_GallatrossGraveyard with commonality 0.05
Added MA_Worhin to AB_GallatrossGraveyard with commonality 0.04
Added Ling_Cockroach to AB_GallatrossGraveyard with commonality 0.003
Added Dewback to AB_GallatrossGraveyard with commonality 0.02
Added Rancor to AB_GallatrossGraveyard with commonality 0.01
Added Bantha to AB_GallatrossGraveyard with commonality 0.5
Added Nexu to AB_GallatrossGraveyard with commonality 0.07
Added Acklay to AB_GallatrossGraveyard with commonality 0.014
Added KraytDragon to AB_GallatrossGraveyard with commonality 0.04
Added Reek to AB_GallatrossGraveyard with commonality 0.02
Added Nerf to AB_GallatrossGraveyard with commonality 0.03
Added Gizka to AB_GallatrossGraveyard with commonality 0.4
Added Porg to AB_GallatrossGraveyard with commonality 0.04
Added Vulptex to AB_GallatrossGraveyard with commonality 0.08
Added Akk to AB_GallatrossGraveyard with commonality 0.02
Added Anooba to AB_GallatrossGraveyard with commonality 0.16
Added Behemoth to AB_GallatrossGraveyard with commonality 0.4
Added Beldon to AB_GallatrossGraveyard with commonality 0.01
Added Blurrg to AB_GallatrossGraveyard with commonality 0.16
Added Bolotaur to AB_GallatrossGraveyard with commonality 0.4
Added Boma to AB_GallatrossGraveyard with commonality 0.08
Added Borcatu to AB_GallatrossGraveyard with commonality 0.16
Added Brezak to AB_GallatrossGraveyard with commonality 0.4
Added Bursa to AB_GallatrossGraveyard with commonality 0.04
Added Cannok to AB_GallatrossGraveyard with commonality 0.16
Added Clodhopper to AB_GallatrossGraveyard with commonality 0.4
Added Convor to AB_GallatrossGraveyard with commonality 0.04
Added Corinathoth to AB_GallatrossGraveyard with commonality 0.4
Added Dactillion to AB_GallatrossGraveyard with commonality 0.8
Added Dalgo to AB_GallatrossGraveyard with commonality 0.4
Added Drexl to AB_GallatrossGraveyard with commonality 0.01
Added EnergySpider to AB_GallatrossGraveyard with commonality 0.001
Added Eopie to AB_GallatrossGraveyard with commonality 0.8
Added Falumpaset to AB_GallatrossGraveyard with commonality 0.08
Added FeralGrazer to AB_GallatrossGraveyard with commonality 0.04
Added FeralNerf to AB_GallatrossGraveyard with commonality 0.04
Added FrilledGorg to AB_GallatrossGraveyard with commonality 1
Added Gorg to AB_GallatrossGraveyard with commonality 1
Added Grank to AB_GallatrossGraveyard with commonality 0.2
Added GraniteSlug to AB_GallatrossGraveyard with commonality 0.1
Added Gundark to AB_GallatrossGraveyard with commonality 0.1
Added Gutkurr to AB_GallatrossGraveyard with commonality 0.8
Added Hawkbat to AB_GallatrossGraveyard with commonality 0.01
Added Horax to AB_GallatrossGraveyard with commonality 0.01
Added Hrumph to AB_GallatrossGraveyard with commonality 0.5
Added Igitz to AB_GallatrossGraveyard with commonality 0.7
Added Insectomorph to AB_GallatrossGraveyard with commonality 0.8
Added IridonianReek to AB_GallatrossGraveyard with commonality 0.8
Added Iriaz to AB_GallatrossGraveyard with commonality 1
Added Jakobeast to AB_GallatrossGraveyard with commonality 0.04
Added Jamel to AB_GallatrossGraveyard with commonality 0.8
Added Jimvu to AB_GallatrossGraveyard with commonality 0.6
Added Katarn to AB_GallatrossGraveyard with commonality 0.01
Added KowakianMonkeyLizard to AB_GallatrossGraveyard with commonality 0.01
Added Kinrath to AB_GallatrossGraveyard with commonality 0.01
Added Klorslug to AB_GallatrossGraveyard with commonality 0.2
Added Krykna to AB_GallatrossGraveyard with commonality 0.01
Added Kreetle to AB_GallatrossGraveyard with commonality 0.8
Added Kwi to AB_GallatrossGraveyard with commonality 0.6
Added Kybuck to AB_GallatrossGraveyard with commonality 0.6
Added LavaFlea to AB_GallatrossGraveyard with commonality 0.01
Added LongtailGorg to AB_GallatrossGraveyard with commonality 1
Added Lothcat to AB_GallatrossGraveyard with commonality 0.8
Added LothWolf to AB_GallatrossGraveyard with commonality 0.01
Added Lylek to AB_GallatrossGraveyard with commonality 0.08
Added Maalraas to AB_GallatrossGraveyard with commonality 0.08
Added Manka to AB_GallatrossGraveyard with commonality 0.8
Added Massiff to AB_GallatrossGraveyard with commonality 0.6
Added MastiffPhalone to AB_GallatrossGraveyard with commonality 0.8
Added Mawvorr to AB_GallatrossGraveyard with commonality 0.6
Added Mudhorn to AB_GallatrossGraveyard with commonality 0.8
Added Mynock to AB_GallatrossGraveyard with commonality 0.1
Added Narglatch to AB_GallatrossGraveyard with commonality 0.01
Added Neebray to AB_GallatrossGraveyard with commonality 0.1
Added Nuna to AB_GallatrossGraveyard with commonality 0.4
Added Orray to AB_GallatrossGraveyard with commonality 0.18
Added PaintedSpat to AB_GallatrossGraveyard with commonality 0.4
Added PekoPeko to AB_GallatrossGraveyard with commonality 0.08
Added Pikobis to AB_GallatrossGraveyard with commonality 0.04
Added Pufferpig to AB_GallatrossGraveyard with commonality 0.7
Added Qormot to AB_GallatrossGraveyard with commonality 0.2
Added Raxshir to AB_GallatrossGraveyard with commonality 0.1
Added Ronto to AB_GallatrossGraveyard with commonality 0.8
Added Runyip to AB_GallatrossGraveyard with commonality 0.01
Added Scavrat to AB_GallatrossGraveyard with commonality 0.6
Added Scurrier to AB_GallatrossGraveyard with commonality 0.8
Added Shaak to AB_GallatrossGraveyard with commonality 0.08
Added Shiro to AB_GallatrossGraveyard with commonality 0.04
Added ShiroTrap to AB_GallatrossGraveyard with commonality 0.04
Added Shyrack to AB_GallatrossGraveyard with commonality 0.4
Added Silooth to AB_GallatrossGraveyard with commonality 0.08
Added Skalder to AB_GallatrossGraveyard with commonality 0.08
Added Sketto to AB_GallatrossGraveyard with commonality 0.8
Added Snoruuk to AB_GallatrossGraveyard with commonality 0.01
Added Strill to AB_GallatrossGraveyard with commonality 0.2
Added TeeMuss to AB_GallatrossGraveyard with commonality 0.08
Added Thranta to AB_GallatrossGraveyard with commonality 0.01
Added Tooke to AB_GallatrossGraveyard with commonality 0.1
Added Torton to AB_GallatrossGraveyard with commonality 0.012
Added Tukata to AB_GallatrossGraveyard with commonality 0.04
Added TuskCat to AB_GallatrossGraveyard with commonality 0.4
Added Urusai to AB_GallatrossGraveyard with commonality 0.7
Added Uvak to AB_GallatrossGraveyard with commonality 0.8
Added Vapaad to AB_GallatrossGraveyard with commonality 0.08
Added Varactyl to AB_GallatrossGraveyard with commonality 0.8
Added Veermok to AB_GallatrossGraveyard with commonality 0.04
Added Voorpak to AB_GallatrossGraveyard with commonality 0.02
Added Vornskyr to AB_GallatrossGraveyard with commonality 0.08
Added Whisperbird to AB_GallatrossGraveyard with commonality 0.08
Added WompRat to AB_GallatrossGraveyard with commonality 0.4
Added Worrt to AB_GallatrossGraveyard with commonality 0.4
Added Wraid to AB_GallatrossGraveyard with commonality 0.4
Added Zakkeg to AB_GallatrossGraveyard with commonality 0.01
Added Zeer to AB_GallatrossGraveyard with commonality 0.8
Added VAEWaste_Megatardi to AB_GallatrossGraveyard with commonality 0.18
Added GiantToad to AB_GallatrossGraveyard with commonality 0.18
Added BMT_FungalFerret to AB_GallatrossGraveyard with commonality 0.7
Added BMT_FungalWeevil to AB_GallatrossGraveyard with commonality 0.7
Added BMT_GoetoTadpole to AB_GallatrossGraveyard with commonality 1
Added BMT_ImperialToad to AB_GallatrossGraveyard with commonality 0.7
Added BMT_MossBeetle to AB_GallatrossGraveyard with commonality 0.7
Added BMT_TruffleMole to AB_GallatrossGraveyard with commonality 0.4
Added GR_Lizardochs to AB_GallatrossGraveyard with commonality 0.07
Added GR_Fleshling to AB_GallatrossGraveyard with commonality 1
Added GR_AberrantFleshbeast to AB_GallatrossGraveyard with commonality 0.07
Added FancyRat to AB_GelatinousSuperorganism with commonality 0.05
Added Worm to AB_GelatinousSuperorganism with commonality 0.3
Added Gigantelope to AB_GelatinousSuperorganism with commonality 0.5
Added Megasquid to AB_GelatinousSuperorganism with commonality 0.4
Added Rabbuck to AB_GelatinousSuperorganism with commonality 0.4
Added Toraton to AB_GelatinousSuperorganism with commonality 0.075
Added JOE_Landopus to AB_GelatinousSuperorganism with commonality 0.55
Added JOE_Cephalope to AB_GelatinousSuperorganism with commonality 0.285
Added JOE_Nautilant to AB_GelatinousSuperorganism with commonality 0.03
Added DA_Barog to AB_GelatinousSuperorganism with commonality 0.25
Added DA_Snaptoad to AB_GelatinousSuperorganism with commonality 0.25
Added DA_Phrak to AB_GelatinousSuperorganism with commonality 0.15
Added DA_RedhornedLarpah to AB_GelatinousSuperorganism with commonality 0.005
Added DA_Taraal to AB_GelatinousSuperorganism with commonality 0.1
Added ERN_Amaro to AB_GelatinousSuperorganism with commonality 0.05
Added JRWArchaeopteryx to AB_GelatinousSuperorganism with commonality 0.025
Added JRWArthropleura to AB_GelatinousSuperorganism with commonality 0.025
Added JRWBagaceratops to AB_GelatinousSuperorganism with commonality 0.0375
Added JRWBeelzebufo to AB_GelatinousSuperorganism with commonality 0.1
Added JRWBernicia to AB_GelatinousSuperorganism with commonality 0.0625
Added JRWBrachytrachelopan to AB_GelatinousSuperorganism with commonality 0.045
Added JRWCaihong to AB_GelatinousSuperorganism with commonality 0.025
Added JRWDilophosaurus to AB_GelatinousSuperorganism with commonality 0.0625
Added JRWDiplocaulus to AB_GelatinousSuperorganism with commonality 0.1
Added JRWEuoplocephalus to AB_GelatinousSuperorganism with commonality 0.0375
Added JRWEuphoberia to AB_GelatinousSuperorganism with commonality 0.025
Added JRWGeosternbergia to AB_GelatinousSuperorganism with commonality 0.05
Added JRWGeralinura to AB_GelatinousSuperorganism with commonality 0.05
Added JRWGorgonops to AB_GelatinousSuperorganism with commonality 0.0375
Added JRWHynerpeton to AB_GelatinousSuperorganism with commonality 0.1
Added JRWIschigualastia to AB_GelatinousSuperorganism with commonality 0.0375
Added JRWMacrelcana to AB_GelatinousSuperorganism with commonality 0.0625
Added JRWManipulator to AB_GelatinousSuperorganism with commonality 0.0625
Added JRWMeganeura to AB_GelatinousSuperorganism with commonality 0.0625
Added JRWNyctosaurus to AB_GelatinousSuperorganism with commonality 0.05
Added JRWPlatyhystrix to AB_GelatinousSuperorganism with commonality 0.1
Added JRWProtosolpuga to AB_GelatinousSuperorganism with commonality 0.0625
Added JRWPteranodon to AB_GelatinousSuperorganism with commonality 0.05
Added JRWPulmonoscorpius to AB_GelatinousSuperorganism with commonality 0.05
Added JRWQantassaurus to AB_GelatinousSuperorganism with commonality 0.025
Added JRWQuetzalcoatlus to AB_GelatinousSuperorganism with commonality 0.05
Added Doedicurus to AB_GelatinousSuperorganism with commonality 0.0035
Added Elasmotherium to AB_GelatinousSuperorganism with commonality 0.003
Added Megaloceros to AB_GelatinousSuperorganism with commonality 0.0065
Added Macrauchenia to AB_GelatinousSuperorganism with commonality 0.003
Added Zygolophodon to AB_GelatinousSuperorganism with commonality 0.004
Added Platybelodon to AB_GelatinousSuperorganism with commonality 0.0025
Added Uintatherium to AB_GelatinousSuperorganism with commonality 0.004
Added MA_Aminox to AB_GelatinousSuperorganism with commonality 0.025
Added MA_Deermoss to AB_GelatinousSuperorganism with commonality 0.11
Added MA_Gnaut to AB_GelatinousSuperorganism with commonality 0.46
Added MA_Hellboar to AB_GelatinousSuperorganism with commonality 0.02
Added MA_Raptorkhan to AB_GelatinousSuperorganism with commonality 0.07
Added MA_Sivatherium to AB_GelatinousSuperorganism with commonality 0.025
Added MA_Sporemole to AB_GelatinousSuperorganism with commonality 0.02
Added MA_Worhin to AB_GelatinousSuperorganism with commonality 0.04
Added Ling_Cockroach to AB_GelatinousSuperorganism with commonality 0.005
Added Dewback to AB_GelatinousSuperorganism with commonality 0.02
Added Rancor to AB_GelatinousSuperorganism with commonality 0.005
Added Bantha to AB_GelatinousSuperorganism with commonality 0.01
Added Nexu to AB_GelatinousSuperorganism with commonality 0.03
Added Acklay to AB_GelatinousSuperorganism with commonality 0.04
Added Reek to AB_GelatinousSuperorganism with commonality 0.02
Added Nerf to AB_GelatinousSuperorganism with commonality 0.015
Added Gizka to AB_GelatinousSuperorganism with commonality 0.6
Added Porg to AB_GelatinousSuperorganism with commonality 0.44
Added Vulptex to AB_GelatinousSuperorganism with commonality 0.005
Added Akk to AB_GelatinousSuperorganism with commonality 0.01
Added Aiwha to AB_GelatinousSuperorganism with commonality 0.02
Added Anooba to AB_GelatinousSuperorganism with commonality 0.02
Added Behemoth to AB_GelatinousSuperorganism with commonality 0.01
Added Beldon to AB_GelatinousSuperorganism with commonality 0.01
Added Boarwolf to AB_GelatinousSuperorganism with commonality 0.08
Added Blarth to AB_GelatinousSuperorganism with commonality 0.045
Added Blixus to AB_GelatinousSuperorganism with commonality 0.205
Added Blurrg to AB_GelatinousSuperorganism with commonality 0.08
Added Bolotaur to AB_GelatinousSuperorganism with commonality 0.4
Added Bogwing to AB_GelatinousSuperorganism with commonality 0.045
Added Boma to AB_GelatinousSuperorganism with commonality 0.22
Added Bordok to AB_GelatinousSuperorganism with commonality 0.5
Added Borcatu to AB_GelatinousSuperorganism with commonality 0.12
Added Brezak to AB_GelatinousSuperorganism with commonality 0.02
Added Bursa to AB_GelatinousSuperorganism with commonality 0.22
Added CanCell to AB_GelatinousSuperorganism with commonality 0.4
Added Cannok to AB_GelatinousSuperorganism with commonality 0.28
Added Clodhopper to AB_GelatinousSuperorganism with commonality 0.42
Added Convor to AB_GelatinousSuperorganism with commonality 0.7
Added Corinathoth to AB_GelatinousSuperorganism with commonality 0.04
Added Dactillion to AB_GelatinousSuperorganism with commonality 0.04
Added Dalgo to AB_GelatinousSuperorganism with commonality 0.205
Added Devourers to AB_GelatinousSuperorganism with commonality 0.05
Added Dianoga to AB_GelatinousSuperorganism with commonality 0.205
Added Dragonsnake to AB_GelatinousSuperorganism with commonality 0.3
Added Drexl to AB_GelatinousSuperorganism with commonality 0.01
Added Eopie to AB_GelatinousSuperorganism with commonality 0.02
Added Falumpaset to AB_GelatinousSuperorganism with commonality 0.7
Added Fambaa to AB_GelatinousSuperorganism with commonality 0.205
Added Fanback to AB_GelatinousSuperorganism with commonality 0.42
Added FeralGrazer to AB_GelatinousSuperorganism with commonality 0.4
Added FeralNerf to AB_GelatinousSuperorganism with commonality 0.09
Added FrilledGorg to AB_GelatinousSuperorganism with commonality 0.6
Added FrogDog to AB_GelatinousSuperorganism with commonality 0.045
Added Gelagrub to AB_GelatinousSuperorganism with commonality 0.22
Added Gorg to AB_GelatinousSuperorganism with commonality 0.32
Added Grank to AB_GelatinousSuperorganism with commonality 0.3
Added GraniteSlug to AB_GelatinousSuperorganism with commonality 0.1
Added Gualaar to AB_GelatinousSuperorganism with commonality 0.2
Added Gundark to AB_GelatinousSuperorganism with commonality 0.1
Added Gutkurr to AB_GelatinousSuperorganism with commonality 0.005
Added HarvesterBeetle to AB_GelatinousSuperorganism with commonality 0.08
Added Hawkbat to AB_GelatinousSuperorganism with commonality 0.01
Added Horax to AB_GelatinousSuperorganism with commonality 0.005
Added Hrumph to AB_GelatinousSuperorganism with commonality 0.9
Added Hssiss to AB_GelatinousSuperorganism with commonality 0.42
Added Igitz to AB_GelatinousSuperorganism with commonality 0.045
Added Insectomorph to AB_GelatinousSuperorganism with commonality 0.32
Added IridonianReek to AB_GelatinousSuperorganism with commonality 0.1
Added IthorianReek to AB_GelatinousSuperorganism with commonality 0.2
Added Iriaz to AB_GelatinousSuperorganism with commonality 0.4
Added Jakobeast to AB_GelatinousSuperorganism with commonality 0.2
Added Jamel to AB_GelatinousSuperorganism with commonality 0.3
Added Jimvu to AB_GelatinousSuperorganism with commonality 0.405
Added Kaadu to AB_GelatinousSuperorganism with commonality 0.7
Added Katarn to AB_GelatinousSuperorganism with commonality 0.025
Added KellDragon to AB_GelatinousSuperorganism with commonality 0.15
Added KowakianMonkeyLizard to AB_GelatinousSuperorganism with commonality 0.25
Added Kinrath to AB_GelatinousSuperorganism with commonality 0.205
Added Klorslug to AB_GelatinousSuperorganism with commonality 0.205
Added Krykna to AB_GelatinousSuperorganism with commonality 0.01
Added Kreetle to AB_GelatinousSuperorganism with commonality 0.6
Added KwazelMaw to AB_GelatinousSuperorganism with commonality 0.3
Added Kwi to AB_GelatinousSuperorganism with commonality 0.34
Added Kybuck to AB_GelatinousSuperorganism with commonality 0.52
Added Leaftail to AB_GelatinousSuperorganism with commonality 0.6
Added LongtailGorg to AB_GelatinousSuperorganism with commonality 0.5
Added Lothcat to AB_GelatinousSuperorganism with commonality 0.2
Added LothWolf to AB_GelatinousSuperorganism with commonality 0.005
Added Maalraas to AB_GelatinousSuperorganism with commonality 0.3
Added Manka to AB_GelatinousSuperorganism with commonality 0.2
Added MarshHaunt to AB_GelatinousSuperorganism with commonality 0.04
Added MastiffPhalone to AB_GelatinousSuperorganism with commonality 0.3
Added Mastmot to AB_GelatinousSuperorganism with commonality 0.005
Added Mawvorr to AB_GelatinousSuperorganism with commonality 0.12
Added Mott to AB_GelatinousSuperorganism with commonality 0.7
Added Mynock to AB_GelatinousSuperorganism with commonality 0.1
Added Narglatch to AB_GelatinousSuperorganism with commonality 0.045
Added Neebray to AB_GelatinousSuperorganism with commonality 0.1
Added Nuna to AB_GelatinousSuperorganism with commonality 0.7
Added Ollopom to AB_GelatinousSuperorganism with commonality 0.5
Added Orray to AB_GelatinousSuperorganism with commonality 0.005
Added PaintedSpat to AB_GelatinousSuperorganism with commonality 0.005
Added PekoPeko to AB_GelatinousSuperorganism with commonality 0.55
Added Pikobis to AB_GelatinousSuperorganism with commonality 0.03
Added Qormot to AB_GelatinousSuperorganism with commonality 0.6
Added Raxshir to AB_GelatinousSuperorganism with commonality 0.005
Added Rikknit to AB_GelatinousSuperorganism with commonality 0.1
Added Ronto to AB_GelatinousSuperorganism with commonality 0.005
Added Runyip to AB_GelatinousSuperorganism with commonality 0.7
Added Scavrat to AB_GelatinousSuperorganism with commonality 0.44
Added Scurrier to AB_GelatinousSuperorganism with commonality 0.025
Added Shaak to AB_GelatinousSuperorganism with commonality 0.4
Added Shiro to AB_GelatinousSuperorganism with commonality 0.7
Added ShiroTrap to AB_GelatinousSuperorganism with commonality 0.7
Added Silooth to AB_GelatinousSuperorganism with commonality 0.44
Added Skalder to AB_GelatinousSuperorganism with commonality 0.005
Added Sketto to AB_GelatinousSuperorganism with commonality 0.005
Added Stintaril to AB_GelatinousSuperorganism with commonality 0.3
Added Strill to AB_GelatinousSuperorganism with commonality 0.05
Added Tach to AB_GelatinousSuperorganism with commonality 0.6
Added TeeMuss to AB_GelatinousSuperorganism with commonality 0.06
Added TetnissCrab to AB_GelatinousSuperorganism with commonality 0.3
Added Thranta to AB_GelatinousSuperorganism with commonality 0.405
Added Tooke to AB_GelatinousSuperorganism with commonality 0.1
Added Torton to AB_GelatinousSuperorganism with commonality 0.005
Added TuskCat to AB_GelatinousSuperorganism with commonality 0.4
Added Urusai to AB_GelatinousSuperorganism with commonality 0.05
Added Uvak to AB_GelatinousSuperorganism with commonality 0.2
Added Vapaad to AB_GelatinousSuperorganism with commonality 0.01
Added Varactyl to AB_GelatinousSuperorganism with commonality 0.04
Added Veermok to AB_GelatinousSuperorganism with commonality 0.4
Added Voorpak to AB_GelatinousSuperorganism with commonality 0.405
Added Vornskyr to AB_GelatinousSuperorganism with commonality 0.3
Added Whisperbird to AB_GelatinousSuperorganism with commonality 0.4
Added WompRat to AB_GelatinousSuperorganism with commonality 0.005
Added Woolamander to AB_GelatinousSuperorganism with commonality 0.6
Added Worrt to AB_GelatinousSuperorganism with commonality 0.155
Added Wraid to AB_GelatinousSuperorganism with commonality 0.02
Added Wyyyschokk to AB_GelatinousSuperorganism with commonality 0.105
Added Yobshrimp to AB_GelatinousSuperorganism with commonality 0.4
Added Zakkeg to AB_GelatinousSuperorganism with commonality 0.05
Added Zeer to AB_GelatinousSuperorganism with commonality 0.2
Added GiantToad to AB_GelatinousSuperorganism with commonality 0.235
Added FancyRat to AB_IdyllicMeadows with commonality 0.07
Added Worm to AB_IdyllicMeadows with commonality 0.3
Added Gigantelope to AB_IdyllicMeadows with commonality 0.5
Added Megasquid to AB_IdyllicMeadows with commonality 0.5
Added Rabbuck to AB_IdyllicMeadows with commonality 0.5
Added Toraton to AB_IdyllicMeadows with commonality 0.05
Added JOE_Landopus to AB_IdyllicMeadows with commonality 0.1
Added JOE_Cephalope to AB_IdyllicMeadows with commonality 0.07
Added JOE_Nautilant to AB_IdyllicMeadows with commonality 0.01
Added DA_RedhornedLarpah to AB_IdyllicMeadows with commonality 0.01
Added DA_Taraal to AB_IdyllicMeadows with commonality 0.2
Added JRWArchaeopteryx to AB_IdyllicMeadows with commonality 0.05
Added JRWArthropleura to AB_IdyllicMeadows with commonality 0.05
Added JRWBagaceratops to AB_IdyllicMeadows with commonality 0.075
Added JRWBeelzebufo to AB_IdyllicMeadows with commonality 0.1
Added JRWBernicia to AB_IdyllicMeadows with commonality 0.05
Added JRWBrachytrachelopan to AB_IdyllicMeadows with commonality 0.09
Added JRWCaihong to AB_IdyllicMeadows with commonality 0.05
Added JRWDilophosaurus to AB_IdyllicMeadows with commonality 0.05
Added JRWDiplocaulus to AB_IdyllicMeadows with commonality 0.1
Added JRWEuoplocephalus to AB_IdyllicMeadows with commonality 0.075
Added JRWEuphoberia to AB_IdyllicMeadows with commonality 0.05
Added JRWGeosternbergia to AB_IdyllicMeadows with commonality 0.1
Added JRWGeralinura to AB_IdyllicMeadows with commonality 0.05
Added JRWGorgonops to AB_IdyllicMeadows with commonality 0.075
Added JRWHynerpeton to AB_IdyllicMeadows with commonality 0.1
Added JRWIschigualastia to AB_IdyllicMeadows with commonality 0.075
Added JRWMacrelcana to AB_IdyllicMeadows with commonality 0.05
Added JRWManipulator to AB_IdyllicMeadows with commonality 0.05
Added JRWMeganeura to AB_IdyllicMeadows with commonality 0.05
Added JRWNyctosaurus to AB_IdyllicMeadows with commonality 0.1
Added JRWPlatyhystrix to AB_IdyllicMeadows with commonality 0.1
Added JRWProtosolpuga to AB_IdyllicMeadows with commonality 0.05
Added JRWPteranodon to AB_IdyllicMeadows with commonality 0.1
Added JRWPulmonoscorpius to AB_IdyllicMeadows with commonality 0.05
Added JRWQantassaurus to AB_IdyllicMeadows with commonality 0.05
Added JRWQuetzalcoatlus to AB_IdyllicMeadows with commonality 0.1
Added Arthropleura to AB_IdyllicMeadows with commonality 0.006
Added Doedicurus to AB_IdyllicMeadows with commonality 0.004
Added Titanis to AB_IdyllicMeadows with commonality 0.005
Added Elasmotherium to AB_IdyllicMeadows with commonality 0.004
Added Megaloceros to AB_IdyllicMeadows with commonality 0.01
Added Dinornis to AB_IdyllicMeadows with commonality 0.008
Added Macrauchenia to AB_IdyllicMeadows with commonality 0.006
Added Meganeura to AB_IdyllicMeadows with commonality 0.008
Added Zygolophodon to AB_IdyllicMeadows with commonality 0.004
Added Platybelodon to AB_IdyllicMeadows with commonality 0.005
Added Uintatherium to AB_IdyllicMeadows with commonality 0.004
Added Pulmonoscorpius to AB_IdyllicMeadows with commonality 0.007
Added MA_Aminox to AB_IdyllicMeadows with commonality 0.05
Added MA_Deermoss to AB_IdyllicMeadows with commonality 0.06
Added MA_Gnaut to AB_IdyllicMeadows with commonality 0.7
Added MA_Hellboar to AB_IdyllicMeadows with commonality 0.02
Added MA_Raptorkhan to AB_IdyllicMeadows with commonality 0.06
Added MA_Sivatherium to AB_IdyllicMeadows with commonality 0.05
Added MA_Sporemole to AB_IdyllicMeadows with commonality 0.02
Added MA_Worhin to AB_IdyllicMeadows with commonality 0.04
Added Ling_Cockroach to AB_IdyllicMeadows with commonality 0.005
Added Dewback to AB_IdyllicMeadows with commonality 0.04
Added Rancor to AB_IdyllicMeadows with commonality 0.01
Added Bantha to AB_IdyllicMeadows with commonality 0.02
Added Nexu to AB_IdyllicMeadows with commonality 0.06
Added Acklay to AB_IdyllicMeadows with commonality 0.08
Added Reek to AB_IdyllicMeadows with commonality 0.04
Added Nerf to AB_IdyllicMeadows with commonality 0.03
Added Gizka to AB_IdyllicMeadows with commonality 0.4
Added Porg to AB_IdyllicMeadows with commonality 0.08
Added Vulptex to AB_IdyllicMeadows with commonality 0.01
Added Akk to AB_IdyllicMeadows with commonality 0.02
Added Aiwha to AB_IdyllicMeadows with commonality 0.04
Added Anooba to AB_IdyllicMeadows with commonality 0.04
Added Behemoth to AB_IdyllicMeadows with commonality 0.01
Added Beldon to AB_IdyllicMeadows with commonality 0.01
Added Boarwolf to AB_IdyllicMeadows with commonality 0.16
Added Blarth to AB_IdyllicMeadows with commonality 0.01
Added Blixus to AB_IdyllicMeadows with commonality 0.01
Added Blurrg to AB_IdyllicMeadows with commonality 0.16
Added Bolotaur to AB_IdyllicMeadows with commonality 0.8
Added Bogwing to AB_IdyllicMeadows with commonality 0.01
Added Boma to AB_IdyllicMeadows with commonality 0.04
Added Bordok to AB_IdyllicMeadows with commonality 0.8
Added Borcatu to AB_IdyllicMeadows with commonality 0.16
Added Brezak to AB_IdyllicMeadows with commonality 0.04
Added Bursa to AB_IdyllicMeadows with commonality 0.04
Added CanCell to AB_IdyllicMeadows with commonality 0.4
Added Cannok to AB_IdyllicMeadows with commonality 0.16
Added Clodhopper to AB_IdyllicMeadows with commonality 0.8
Added Convor to AB_IdyllicMeadows with commonality 0.6
Added Corinathoth to AB_IdyllicMeadows with commonality 0.04
Added Dactillion to AB_IdyllicMeadows with commonality 0.08
Added Dalgo to AB_IdyllicMeadows with commonality 0.4
Added Devourers to AB_IdyllicMeadows with commonality 0.04
Added Dianoga to AB_IdyllicMeadows with commonality 0.01
Added Drexl to AB_IdyllicMeadows with commonality 0.01
Added Eopie to AB_IdyllicMeadows with commonality 0.04
Added Falumpaset to AB_IdyllicMeadows with commonality 0.8
Added Fambaa to AB_IdyllicMeadows with commonality 0.01
Added Fanback to AB_IdyllicMeadows with commonality 0.04
Added FeralGrazer to AB_IdyllicMeadows with commonality 0.8
Added FeralNerf to AB_IdyllicMeadows with commonality 0.15
Added FrilledGorg to AB_IdyllicMeadows with commonality 0.6
Added FrogDog to AB_IdyllicMeadows with commonality 0.01
Added Gelagrub to AB_IdyllicMeadows with commonality 0.04
Added Gorg to AB_IdyllicMeadows with commonality 0.04
Added Grank to AB_IdyllicMeadows with commonality 0.6
Added GraniteSlug to AB_IdyllicMeadows with commonality 0.1
Added Gualaar to AB_IdyllicMeadows with commonality 0.4
Added Gullipud to AB_IdyllicMeadows with commonality 0.4
Added Gundark to AB_IdyllicMeadows with commonality 0.1
Added Gutkurr to AB_IdyllicMeadows with commonality 0.01
Added HarvesterBeetle to AB_IdyllicMeadows with commonality 0.08
Added Hawkbat to AB_IdyllicMeadows with commonality 0.01
Added Horax to AB_IdyllicMeadows with commonality 0.01
Added Hrumph to AB_IdyllicMeadows with commonality 1
Added Hssiss to AB_IdyllicMeadows with commonality 0.04
Added Igitz to AB_IdyllicMeadows with commonality 0.01
Added Insectomorph to AB_IdyllicMeadows with commonality 0.6
Added IridonianReek to AB_IdyllicMeadows with commonality 0.2
Added IthorianReek to AB_IdyllicMeadows with commonality 0.4
Added Iriaz to AB_IdyllicMeadows with commonality 0.8
Added Jakobeast to AB_IdyllicMeadows with commonality 0.4
Added Jamel to AB_IdyllicMeadows with commonality 0.6
Added Jimvu to AB_IdyllicMeadows with commonality 0.8
Added Kaadu to AB_IdyllicMeadows with commonality 0.5
Added Katarn to AB_IdyllicMeadows with commonality 0.04
Added KowakianMonkeyLizard to AB_IdyllicMeadows with commonality 0.4
Added Kinrath to AB_IdyllicMeadows with commonality 0.01
Added Klorslug to AB_IdyllicMeadows with commonality 0.01
Added Krykna to AB_IdyllicMeadows with commonality 0.01
Added Kreetle to AB_IdyllicMeadows with commonality 0.6
Added Kwi to AB_IdyllicMeadows with commonality 0.6
Added Kybuck to AB_IdyllicMeadows with commonality 1
Added Leaftail to AB_IdyllicMeadows with commonality 0.4
Added LongtailGorg to AB_IdyllicMeadows with commonality 0.4
Added Lothcat to AB_IdyllicMeadows with commonality 0.4
Added LothWolf to AB_IdyllicMeadows with commonality 0.01
Added Maalraas to AB_IdyllicMeadows with commonality 0.6
Added Manka to AB_IdyllicMeadows with commonality 0.4
Added MastiffPhalone to AB_IdyllicMeadows with commonality 0.6
Added Mastmot to AB_IdyllicMeadows with commonality 0.01
Added Mawvorr to AB_IdyllicMeadows with commonality 0.2
Added Mott to AB_IdyllicMeadows with commonality 0.5
Added Mynock to AB_IdyllicMeadows with commonality 0.1
Added Narglatch to AB_IdyllicMeadows with commonality 0.01
Added Neebray to AB_IdyllicMeadows with commonality 0.1
Added Nuna to AB_IdyllicMeadows with commonality 0.5
Added Ollopom to AB_IdyllicMeadows with commonality 0.2
Added Orray to AB_IdyllicMeadows with commonality 0.01
Added PaintedSpat to AB_IdyllicMeadows with commonality 0.01
Added PekoPeko to AB_IdyllicMeadows with commonality 0.2
Added Pikobis to AB_IdyllicMeadows with commonality 0.01
Added Qormot to AB_IdyllicMeadows with commonality 0.8
Added Raxshir to AB_IdyllicMeadows with commonality 0.01
Added Rikknit to AB_IdyllicMeadows with commonality 0.1
Added Ronto to AB_IdyllicMeadows with commonality 0.01
Added Runyip to AB_IdyllicMeadows with commonality 0.8
Added Scavrat to AB_IdyllicMeadows with commonality 0.8
Added Scurrier to AB_IdyllicMeadows with commonality 0.04
Added Shaak to AB_IdyllicMeadows with commonality 0.8
Added Shiro to AB_IdyllicMeadows with commonality 0.6
Added ShiroTrap to AB_IdyllicMeadows with commonality 0.6
Added Silooth to AB_IdyllicMeadows with commonality 0.08
Added Skalder to AB_IdyllicMeadows with commonality 0.01
Added Sketto to AB_IdyllicMeadows with commonality 0.01
Added Snoruuk to AB_IdyllicMeadows with commonality 0.1
Added Stintaril to AB_IdyllicMeadows with commonality 0.4
Added Strill to AB_IdyllicMeadows with commonality 0.1
Added Tach to AB_IdyllicMeadows with commonality 0.6
Added TeeMuss to AB_IdyllicMeadows with commonality 0.08
Added Thranta to AB_IdyllicMeadows with commonality 0.01
Added Tooke to AB_IdyllicMeadows with commonality 0.1
Added Torton to AB_IdyllicMeadows with commonality 0.01
Added TuskCat to AB_IdyllicMeadows with commonality 0.8
Added Urusai to AB_IdyllicMeadows with commonality 0.1
Added Uvak to AB_IdyllicMeadows with commonality 0.4
Added Vapaad to AB_IdyllicMeadows with commonality 0.01
Added Varactyl to AB_IdyllicMeadows with commonality 0.08
Added Veermok to AB_IdyllicMeadows with commonality 0.2
Added Voorpak to AB_IdyllicMeadows with commonality 0.8
Added Vornskyr to AB_IdyllicMeadows with commonality 0.6
Added Whisperbird to AB_IdyllicMeadows with commonality 0.4
Added WompRat to AB_IdyllicMeadows with commonality 0.01
Added Woolamander to AB_IdyllicMeadows with commonality 0.6
Added Worrt to AB_IdyllicMeadows with commonality 0.01
Added Wraid to AB_IdyllicMeadows with commonality 0.04
Added Wyyyschokk to AB_IdyllicMeadows with commonality 0.01
Added Zakkeg to AB_IdyllicMeadows with commonality 0.1
Added Zeer to AB_IdyllicMeadows with commonality 0.4
Added GiantToad to AB_IdyllicMeadows with commonality 0.4
Added Jerbal to AB_MechanoidIntrusion with commonality 0.15
Added DA_BlackScribe to AB_MechanoidIntrusion with commonality 0.15
Added DA_Karabal to AB_MechanoidIntrusion with commonality 0.1
Added DA_Pilgrim to AB_MechanoidIntrusion with commonality 0.1
Added JRWBaseopsis to AB_MechanoidIntrusion with commonality 0.1
Added JRWGeralinura to AB_MechanoidIntrusion with commonality 0.1
Added JRWProtosolpuga to AB_MechanoidIntrusion with commonality 0.1
Added Doedicurus to AB_MechanoidIntrusion with commonality 0.02
Added MA_Hellboar to AB_MechanoidIntrusion with commonality 0.07
Added MA_Raptorkhan to AB_MechanoidIntrusion with commonality 0.05
Added Ling_Cockroach to AB_MechanoidIntrusion with commonality 0.003
Added KraytDragon to AB_MechanoidIntrusion with commonality 0.15
Added Gizka to AB_MechanoidIntrusion with commonality 0.01
Added Vulptex to AB_MechanoidIntrusion with commonality 0.08
Added Anooba to AB_MechanoidIntrusion with commonality 0.01
Added Beldon to AB_MechanoidIntrusion with commonality 0.01
Added Brezak to AB_MechanoidIntrusion with commonality 0.01
Added Cannok to AB_MechanoidIntrusion with commonality 0.4
Added Dactillion to AB_MechanoidIntrusion with commonality 0.02
Added Devourers to AB_MechanoidIntrusion with commonality 0.18
Added Drexl to AB_MechanoidIntrusion with commonality 0.01
Added EnergySpider to AB_MechanoidIntrusion with commonality 0.01
Added Eopie to AB_MechanoidIntrusion with commonality 0.04
Added Falumpaset to AB_MechanoidIntrusion with commonality 0.35
Added FrilledGorg to AB_MechanoidIntrusion with commonality 0.1
Added GraniteSlug to AB_MechanoidIntrusion with commonality 0.1
Added Gutkurr to AB_MechanoidIntrusion with commonality 0.04
Added Iriaz to AB_MechanoidIntrusion with commonality 0.01
Added Jamel to AB_MechanoidIntrusion with commonality 0.08
Added KellDragon to AB_MechanoidIntrusion with commonality 0.08
Added Kinrath to AB_MechanoidIntrusion with commonality 0.01
Added Klorslug to AB_MechanoidIntrusion with commonality 0.01
Added Krykna to AB_MechanoidIntrusion with commonality 0.01
Added Kreetle to AB_MechanoidIntrusion with commonality 0.2
Added KwazelMaw to AB_MechanoidIntrusion with commonality 0.35
Added LavaFlea to AB_MechanoidIntrusion with commonality 0.8
Added Lylek to AB_MechanoidIntrusion with commonality 0.8
Added Massiff to AB_MechanoidIntrusion with commonality 0.08
Added Mynock to AB_MechanoidIntrusion with commonality 0.1
Added Neebray to AB_MechanoidIntrusion with commonality 0.1
Added Orray to AB_MechanoidIntrusion with commonality 0.04
Added PaintedSpat to AB_MechanoidIntrusion with commonality 0.02
Added Roggwart to AB_MechanoidIntrusion with commonality 0.01
Added Ronto to AB_MechanoidIntrusion with commonality 0.2
Added Scavrat to AB_MechanoidIntrusion with commonality 0.3
Added Scurrier to AB_MechanoidIntrusion with commonality 1
Added Shyrack to AB_MechanoidIntrusion with commonality 0.8
Added Skalder to AB_MechanoidIntrusion with commonality 0.02
Added Sketto to AB_MechanoidIntrusion with commonality 0.7
Added Stintaril to AB_MechanoidIntrusion with commonality 0.7
Added Thranta to AB_MechanoidIntrusion with commonality 0.01
Added Tooke to AB_MechanoidIntrusion with commonality 1
Added Tukata to AB_MechanoidIntrusion with commonality 0.01
Added Urusai to AB_MechanoidIntrusion with commonality 0.1
Added Uvak to AB_MechanoidIntrusion with commonality 0.01
Added Vapaad to AB_MechanoidIntrusion with commonality 0.01
Added Varactyl to AB_MechanoidIntrusion with commonality 0.02
Added WarWyrm to AB_MechanoidIntrusion with commonality 0.2
Added WompRat to AB_MechanoidIntrusion with commonality 0.3
Added Wraid to AB_MechanoidIntrusion with commonality 0.4
Added Wyyyschokk to AB_MechanoidIntrusion with commonality 0.1
Added VFEI2_Acidspitter to AB_MechanoidIntrusion with commonality 0.18
Added VFEI2_Boomtick to AB_MechanoidIntrusion with commonality 1
Added VFEI2_Fuelmite to AB_MechanoidIntrusion with commonality 0.4
Added VFEI2_Gigalocust to AB_MechanoidIntrusion with commonality 0.18
Added VFEI2_Hellbeetle to AB_MechanoidIntrusion with commonality 0.4
Added VFEI2_Macrofly to AB_MechanoidIntrusion with commonality 0.4
Added VFEI2_Megathrips to AB_MechanoidIntrusion with commonality 0.7
Added VFEI2_Megawasp to AB_MechanoidIntrusion with commonality 0.4
Added VFEI2_Queen to AB_MechanoidIntrusion with commonality 0.35
Added BMT_BloodropMoth to AB_MechanoidIntrusion with commonality 0.7
Added BMT_Glowtail to AB_MechanoidIntrusion with commonality 0.7
Added BMT_PustuleHornetQueen to AB_MechanoidIntrusion with commonality 0.4
Added BMT_ColonyPustuleHornetQueen to AB_MechanoidIntrusion with commonality 0.4
Added GR_Manscarab to AB_MechanoidIntrusion with commonality 0.4
Added GR_ParagonInsectoid to AB_MechanoidIntrusion with commonality 0.18
Added FancyRat to AB_MiasmicMangrove with commonality 0.03
Added Giantala to AB_MiasmicMangrove with commonality 0.1
Added Gigantelope to AB_MiasmicMangrove with commonality 0.5
Added Toraton to AB_MiasmicMangrove with commonality 0.1
Added Yippa to AB_MiasmicMangrove with commonality 0.5
Added Zarander to AB_MiasmicMangrove with commonality 0.5
Added JOE_Landopus to AB_MiasmicMangrove with commonality 1
Added JOE_Cephalope to AB_MiasmicMangrove with commonality 0.5
Added JOE_Nautilant to AB_MiasmicMangrove with commonality 0.07
Added DA_Barog to AB_MiasmicMangrove with commonality 0.5
Added DA_Snaptoad to AB_MiasmicMangrove with commonality 0.5
Added DA_Phrak to AB_MiasmicMangrove with commonality 0.3
Added JRWArthropleura to AB_MiasmicMangrove with commonality 0.1
Added JRWBeelzebufo to AB_MiasmicMangrove with commonality 0.1
Added JRWBernicia to AB_MiasmicMangrove with commonality 0.075
Added JRWDilophosaurus to AB_MiasmicMangrove with commonality 0.075
Added JRWDiplocaulus to AB_MiasmicMangrove with commonality 0.1
Added JRWEuphoberia to AB_MiasmicMangrove with commonality 0.1
Added JRWGeralinura to AB_MiasmicMangrove with commonality 0.05
Added JRWGorgonops to AB_MiasmicMangrove with commonality 0.075
Added JRWHynerpeton to AB_MiasmicMangrove with commonality 0.1
Added JRWMacrelcana to AB_MiasmicMangrove with commonality 0.075
Added JRWManipulator to AB_MiasmicMangrove with commonality 0.075
Added JRWMeganeura to AB_MiasmicMangrove with commonality 0.075
Added JRWPlatyhystrix to AB_MiasmicMangrove with commonality 0.1
Added JRWProtosolpuga to AB_MiasmicMangrove with commonality 0.075
Added JRWPulmonoscorpius to AB_MiasmicMangrove with commonality 0.1
Added Macrauchenia to AB_MiasmicMangrove with commonality 0.005
Added Ling_Cockroach to AB_MiasmicMangrove with commonality 0.008
Added Gizka to AB_MiasmicMangrove with commonality 0.8
Added Porg to AB_MiasmicMangrove with commonality 0.4
Added Beldon to AB_MiasmicMangrove with commonality 0.01
Added Blarth to AB_MiasmicMangrove with commonality 0.04
Added Blixus to AB_MiasmicMangrove with commonality 0.8
Added Bogwing to AB_MiasmicMangrove with commonality 0.04
Added Boma to AB_MiasmicMangrove with commonality 0.4
Added Bordok to AB_MiasmicMangrove with commonality 0.04
Added Borcatu to AB_MiasmicMangrove with commonality 0.8
Added Bursa to AB_MiasmicMangrove with commonality 0.4
Added CanCell to AB_MiasmicMangrove with commonality 0.8
Added Cannok to AB_MiasmicMangrove with commonality 0.8
Added Clodhopper to AB_MiasmicMangrove with commonality 0.04
Added Convor to AB_MiasmicMangrove with commonality 0.4
Added Corinathoth to AB_MiasmicMangrove with commonality 0.04
Added Dalgo to AB_MiasmicMangrove with commonality 0.01
Added Devourers to AB_MiasmicMangrove with commonality 0.8
Added Dianoga to AB_MiasmicMangrove with commonality 0.8
Added Dragonsnake to AB_MiasmicMangrove with commonality 0.8
Added Drexl to AB_MiasmicMangrove with commonality 0.01
Added Falumpaset to AB_MiasmicMangrove with commonality 0.6
Added Fambaa to AB_MiasmicMangrove with commonality 0.8
Added Fanback to AB_MiasmicMangrove with commonality 0.8
Added FeralNerf to AB_MiasmicMangrove with commonality 0.03
Added FrilledGorg to AB_MiasmicMangrove with commonality 0.8
Added FrogDog to AB_MiasmicMangrove with commonality 0.04
Added Gelagrub to AB_MiasmicMangrove with commonality 0.6
Added Gorg to AB_MiasmicMangrove with commonality 0.8
Added GraniteSlug to AB_MiasmicMangrove with commonality 0.1
Added Gullipud to AB_MiasmicMangrove with commonality 0.8
Added Gundark to AB_MiasmicMangrove with commonality 0.1
Added HarvesterBeetle to AB_MiasmicMangrove with commonality 0.08
Added Hawkbat to AB_MiasmicMangrove with commonality 0.04
Added Hrumph to AB_MiasmicMangrove with commonality 0.4
Added Hssiss to AB_MiasmicMangrove with commonality 0.8
Added Igitz to AB_MiasmicMangrove with commonality 0.04
Added Insectomorph to AB_MiasmicMangrove with commonality 0.04
Added Jimvu to AB_MiasmicMangrove with commonality 0.01
Added JungleRancor to AB_MiasmicMangrove with commonality 0.001
Added Kaadu to AB_MiasmicMangrove with commonality 0.9
Added Katarn to AB_MiasmicMangrove with commonality 0.04
Added KellDragon to AB_MiasmicMangrove with commonality 0.6
Added KowakianMonkeyLizard to AB_MiasmicMangrove with commonality 0.6
Added Kinrath to AB_MiasmicMangrove with commonality 0.6
Added Klorslug to AB_MiasmicMangrove with commonality 0.8
Added Krykna to AB_MiasmicMangrove with commonality 0.01
Added KwazelMaw to AB_MiasmicMangrove with commonality 0.8
Added Kwi to AB_MiasmicMangrove with commonality 0.08
Added Kybuck to AB_MiasmicMangrove with commonality 0.04
Added Leaftail to AB_MiasmicMangrove with commonality 0.6
Added LongtailGorg to AB_MiasmicMangrove with commonality 0.8
Added MarshHaunt to AB_MiasmicMangrove with commonality 0.04
Added Mawvorr to AB_MiasmicMangrove with commonality 0.08
Added Mott to AB_MiasmicMangrove with commonality 0.9
Added Mynock to AB_MiasmicMangrove with commonality 0.1
Added Narglatch to AB_MiasmicMangrove with commonality 0.08
Added Neebray to AB_MiasmicMangrove with commonality 0.1
Added Nuna to AB_MiasmicMangrove with commonality 0.9
Added Ollopom to AB_MiasmicMangrove with commonality 0.8
Added PekoPeko to AB_MiasmicMangrove with commonality 0.9
Added Pikobis to AB_MiasmicMangrove with commonality 0.04
Added Qormot to AB_MiasmicMangrove with commonality 0.4
Added Rikknit to AB_MiasmicMangrove with commonality 0.1
Added Scavrat to AB_MiasmicMangrove with commonality 0.08
Added Scurrier to AB_MiasmicMangrove with commonality 0.01
Added ShiroTrap to AB_MiasmicMangrove with commonality 0.8
Added Silooth to AB_MiasmicMangrove with commonality 0.8
Added Sketto to AB_MiasmicMangrove with commonality 0.04
Added Snoruuk to AB_MiasmicMangrove with commonality 0.01
Added Stintaril to AB_MiasmicMangrove with commonality 0.6
Added Tach to AB_MiasmicMangrove with commonality 0.8
Added TeeMuss to AB_MiasmicMangrove with commonality 0.04
Added TetnissCrab to AB_MiasmicMangrove with commonality 0.2
Added Thranta to AB_MiasmicMangrove with commonality 0.8
Added Tooke to AB_MiasmicMangrove with commonality 0.1
Added Taozin to AB_MiasmicMangrove with commonality 0.01
Added Vapaad to AB_MiasmicMangrove with commonality 0.4
Added Veermok to AB_MiasmicMangrove with commonality 0.8
Added Voorpak to AB_MiasmicMangrove with commonality 0.01
Added Woolamander to AB_MiasmicMangrove with commonality 0.8
Added Worrt to AB_MiasmicMangrove with commonality 0.4
Added Wyyyschokk to AB_MiasmicMangrove with commonality 0.4
Added Yobshrimp to AB_MiasmicMangrove with commonality 0.6
Added GiantToad to AB_MiasmicMangrove with commonality 0.07
Added FancyRat to AB_MycoticJungle with commonality 0.05
Added Worm to AB_MycoticJungle with commonality 0.3
Added Gigantelope to AB_MycoticJungle with commonality 0.5
Added Megasquid to AB_MycoticJungle with commonality 0.4
Added Rabbuck to AB_MycoticJungle with commonality 0.4
Added Toraton to AB_MycoticJungle with commonality 0.075
Added JOE_Landopus to AB_MycoticJungle with commonality 0.55
Added JOE_Cephalope to AB_MycoticJungle with commonality 0.285
Added JOE_Nautilant to AB_MycoticJungle with commonality 0.03
Added DA_Barog to AB_MycoticJungle with commonality 0.25
Added DA_Snaptoad to AB_MycoticJungle with commonality 0.25
Added DA_Phrak to AB_MycoticJungle with commonality 0.15
Added DA_RedhornedLarpah to AB_MycoticJungle with commonality 0.005
Added DA_Taraal to AB_MycoticJungle with commonality 0.1
Added ERN_Amaro to AB_MycoticJungle with commonality 0.05
Added JRWArchaeopteryx to AB_MycoticJungle with commonality 0.025
Added JRWArthropleura to AB_MycoticJungle with commonality 0.025
Added JRWBagaceratops to AB_MycoticJungle with commonality 0.0375
Added JRWBeelzebufo to AB_MycoticJungle with commonality 0.1
Added JRWBernicia to AB_MycoticJungle with commonality 0.0625
Added JRWBrachytrachelopan to AB_MycoticJungle with commonality 0.045
Added JRWCaihong to AB_MycoticJungle with commonality 0.025
Added JRWDilophosaurus to AB_MycoticJungle with commonality 0.0625
Added JRWDiplocaulus to AB_MycoticJungle with commonality 0.1
Added JRWEuoplocephalus to AB_MycoticJungle with commonality 0.0375
Added JRWEuphoberia to AB_MycoticJungle with commonality 0.025
Added JRWGeosternbergia to AB_MycoticJungle with commonality 0.05
Added JRWGeralinura to AB_MycoticJungle with commonality 0.05
Added JRWGorgonops to AB_MycoticJungle with commonality 0.0375
Added JRWHynerpeton to AB_MycoticJungle with commonality 0.1
Added JRWIschigualastia to AB_MycoticJungle with commonality 0.0375
Added JRWMacrelcana to AB_MycoticJungle with commonality 0.0625
Added JRWManipulator to AB_MycoticJungle with commonality 0.0625
Added JRWMeganeura to AB_MycoticJungle with commonality 0.0625
Added JRWNyctosaurus to AB_MycoticJungle with commonality 0.05
Added JRWPlatyhystrix to AB_MycoticJungle with commonality 0.1
Added JRWProtosolpuga to AB_MycoticJungle with commonality 0.0625
Added JRWPteranodon to AB_MycoticJungle with commonality 0.05
Added JRWPulmonoscorpius to AB_MycoticJungle with commonality 0.05
Added JRWQantassaurus to AB_MycoticJungle with commonality 0.025
Added JRWQuetzalcoatlus to AB_MycoticJungle with commonality 0.05
Added Doedicurus to AB_MycoticJungle with commonality 0.0035
Added Titanis to AB_MycoticJungle with commonality 0.0025
Added Elasmotherium to AB_MycoticJungle with commonality 0.003
Added Megaloceros to AB_MycoticJungle with commonality 0.0065
Added Macrauchenia to AB_MycoticJungle with commonality 0.003
Added Zygolophodon to AB_MycoticJungle with commonality 0.004
Added Platybelodon to AB_MycoticJungle with commonality 0.0025
Added Uintatherium to AB_MycoticJungle with commonality 0.004
Added MA_Aminox to AB_MycoticJungle with commonality 0.025
Added MA_Deermoss to AB_MycoticJungle with commonality 0.11
Added MA_Gnaut to AB_MycoticJungle with commonality 0.46
Added MA_Hellboar to AB_MycoticJungle with commonality 0.02
Added MA_Raptorkhan to AB_MycoticJungle with commonality 0.07
Added MA_Sivatherium to AB_MycoticJungle with commonality 0.025
Added MA_Sporemole to AB_MycoticJungle with commonality 0.02
Added MA_Worhin to AB_MycoticJungle with commonality 0.04
Added Ling_Cockroach to AB_MycoticJungle with commonality 0.005
Added Dewback to AB_MycoticJungle with commonality 0.02
Added Rancor to AB_MycoticJungle with commonality 0.005
Added Bantha to AB_MycoticJungle with commonality 0.01
Added Nexu to AB_MycoticJungle with commonality 0.03
Added Acklay to AB_MycoticJungle with commonality 0.04
Added Reek to AB_MycoticJungle with commonality 0.02
Added Nerf to AB_MycoticJungle with commonality 0.015
Added Gizka to AB_MycoticJungle with commonality 0.6
Added Porg to AB_MycoticJungle with commonality 0.44
Added Vulptex to AB_MycoticJungle with commonality 0.005
Added Akk to AB_MycoticJungle with commonality 0.01
Added Aiwha to AB_MycoticJungle with commonality 0.02
Added Anooba to AB_MycoticJungle with commonality 0.02
Added Behemoth to AB_MycoticJungle with commonality 0.01
Added Beldon to AB_MycoticJungle with commonality 0.01
Added Boarwolf to AB_MycoticJungle with commonality 0.08
Added Blarth to AB_MycoticJungle with commonality 0.045
Added Blixus to AB_MycoticJungle with commonality 0.205
Added Blurrg to AB_MycoticJungle with commonality 0.08
Added Bolotaur to AB_MycoticJungle with commonality 0.4
Added Bogwing to AB_MycoticJungle with commonality 0.045
Added Boma to AB_MycoticJungle with commonality 0.22
Added Bordok to AB_MycoticJungle with commonality 0.5
Added Borcatu to AB_MycoticJungle with commonality 0.12
Added Brezak to AB_MycoticJungle with commonality 0.02
Added CanCell to AB_MycoticJungle with commonality 0.4
Added Cannok to AB_MycoticJungle with commonality 0.28
Added Clodhopper to AB_MycoticJungle with commonality 0.42
Added Convor to AB_MycoticJungle with commonality 0.7
Added Corinathoth to AB_MycoticJungle with commonality 0.04
Added Dactillion to AB_MycoticJungle with commonality 0.04
Added Dalgo to AB_MycoticJungle with commonality 0.205
Added Devourers to AB_MycoticJungle with commonality 0.05
Added Dianoga to AB_MycoticJungle with commonality 0.205
Added Dragonsnake to AB_MycoticJungle with commonality 0.3
Added Drexl to AB_MycoticJungle with commonality 0.01
Added Eopie to AB_MycoticJungle with commonality 0.02
Added Falumpaset to AB_MycoticJungle with commonality 0.7
Added Fambaa to AB_MycoticJungle with commonality 0.205
Added Fanback to AB_MycoticJungle with commonality 0.42
Added FeralGrazer to AB_MycoticJungle with commonality 0.4
Added FrilledGorg to AB_MycoticJungle with commonality 0.6
Added FrogDog to AB_MycoticJungle with commonality 0.045
Added Gelagrub to AB_MycoticJungle with commonality 0.22
Added Gorg to AB_MycoticJungle with commonality 0.32
Added Grank to AB_MycoticJungle with commonality 0.3
Added GraniteSlug to AB_MycoticJungle with commonality 0.1
Added Gualaar to AB_MycoticJungle with commonality 0.2
Added Gullipud to AB_MycoticJungle with commonality 0.6
Added Gundark to AB_MycoticJungle with commonality 0.1
Added Gutkurr to AB_MycoticJungle with commonality 0.005
Added HarvesterBeetle to AB_MycoticJungle with commonality 0.08
Added Hawkbat to AB_MycoticJungle with commonality 0.01
Added Horax to AB_MycoticJungle with commonality 0.005
Added Hrumph to AB_MycoticJungle with commonality 0.9
Added Hssiss to AB_MycoticJungle with commonality 0.42
Added Igitz to AB_MycoticJungle with commonality 0.045
Added Insectomorph to AB_MycoticJungle with commonality 0.32
Added IridonianReek to AB_MycoticJungle with commonality 0.1
Added IthorianReek to AB_MycoticJungle with commonality 0.2
Added Iriaz to AB_MycoticJungle with commonality 0.4
Added Jakobeast to AB_MycoticJungle with commonality 0.2
Added Jamel to AB_MycoticJungle with commonality 0.3
Added Jimvu to AB_MycoticJungle with commonality 0.405
Added Kaadu to AB_MycoticJungle with commonality 0.7
Added Katarn to AB_MycoticJungle with commonality 0.025
Added KellDragon to AB_MycoticJungle with commonality 0.15
Added KowakianMonkeyLizard to AB_MycoticJungle with commonality 0.25
Added Kinrath to AB_MycoticJungle with commonality 0.205
Added Klorslug to AB_MycoticJungle with commonality 0.205
Added Krykna to AB_MycoticJungle with commonality 0.01
Added Kreetle to AB_MycoticJungle with commonality 0.6
Added KwazelMaw to AB_MycoticJungle with commonality 0.3
Added Kwi to AB_MycoticJungle with commonality 0.34
Added Kybuck to AB_MycoticJungle with commonality 0.52
Added LongtailGorg to AB_MycoticJungle with commonality 0.5
Added Lothcat to AB_MycoticJungle with commonality 0.2
Added LothWolf to AB_MycoticJungle with commonality 0.005
Added Maalraas to AB_MycoticJungle with commonality 0.3
Added Manka to AB_MycoticJungle with commonality 0.2
Added MarshHaunt to AB_MycoticJungle with commonality 0.04
Added MastiffPhalone to AB_MycoticJungle with commonality 0.3
Added Mastmot to AB_MycoticJungle with commonality 0.005
Added Mawvorr to AB_MycoticJungle with commonality 0.12
Added Mott to AB_MycoticJungle with commonality 0.7
Added Mynock to AB_MycoticJungle with commonality 0.1
Added Narglatch to AB_MycoticJungle with commonality 0.045
Added Neebray to AB_MycoticJungle with commonality 0.1
Added Nuna to AB_MycoticJungle with commonality 0.7
Added Ollopom to AB_MycoticJungle with commonality 0.5
Added Orray to AB_MycoticJungle with commonality 0.005
Added PaintedSpat to AB_MycoticJungle with commonality 0.005
Added PekoPeko to AB_MycoticJungle with commonality 0.55
Added Pikobis to AB_MycoticJungle with commonality 0.03
Added Qormot to AB_MycoticJungle with commonality 0.6
Added Raxshir to AB_MycoticJungle with commonality 0.005
Added Rikknit to AB_MycoticJungle with commonality 0.1
Added Ronto to AB_MycoticJungle with commonality 0.005
Added Runyip to AB_MycoticJungle with commonality 0.7
Added Scavrat to AB_MycoticJungle with commonality 0.44
Added Scurrier to AB_MycoticJungle with commonality 0.025
Added Shaak to AB_MycoticJungle with commonality 0.4
Added Shiro to AB_MycoticJungle with commonality 0.7
Added ShiroTrap to AB_MycoticJungle with commonality 0.7
Added Silooth to AB_MycoticJungle with commonality 0.44
Added Skalder to AB_MycoticJungle with commonality 0.005
Added Sketto to AB_MycoticJungle with commonality 0.005
Added Snoruuk to AB_MycoticJungle with commonality 0.055
Added Stintaril to AB_MycoticJungle with commonality 0.3
Added Tach to AB_MycoticJungle with commonality 0.6
Added TeeMuss to AB_MycoticJungle with commonality 0.06
Added TetnissCrab to AB_MycoticJungle with commonality 0.3
Added Thranta to AB_MycoticJungle with commonality 0.405
Added Tooke to AB_MycoticJungle with commonality 0.1
Added Torton to AB_MycoticJungle with commonality 0.005
Added TuskCat to AB_MycoticJungle with commonality 0.4
Added Urusai to AB_MycoticJungle with commonality 0.05
Added Uvak to AB_MycoticJungle with commonality 0.2
Added Vapaad to AB_MycoticJungle with commonality 0.01
Added Varactyl to AB_MycoticJungle with commonality 0.04
Added Veermok to AB_MycoticJungle with commonality 0.4
Added Voorpak to AB_MycoticJungle with commonality 0.405
Added Vornskyr to AB_MycoticJungle with commonality 0.3
Added Whisperbird to AB_MycoticJungle with commonality 0.4
Added WompRat to AB_MycoticJungle with commonality 0.005
Added Woolamander to AB_MycoticJungle with commonality 0.6
Added Worrt to AB_MycoticJungle with commonality 0.155
Added Wraid to AB_MycoticJungle with commonality 0.02
Added Wyyyschokk to AB_MycoticJungle with commonality 0.105
Added Yobshrimp to AB_MycoticJungle with commonality 0.4
Added Zakkeg to AB_MycoticJungle with commonality 0.05
Added Zeer to AB_MycoticJungle with commonality 0.2
Added GiantToad to AB_MycoticJungle with commonality 0.235
Added FancyRat to AB_OcularForest with commonality 0.07
Added Worm to AB_OcularForest with commonality 0.3
Added Gigantelope to AB_OcularForest with commonality 0.5
Added Megasquid to AB_OcularForest with commonality 0.5
Added Rabbuck to AB_OcularForest with commonality 0.5
Added Toraton to AB_OcularForest with commonality 0.05
Added JOE_Cephalope to AB_OcularForest with commonality 0.07
Added JOE_Nautilant to AB_OcularForest with commonality 0.01
Added DA_RedhornedLarpah to AB_OcularForest with commonality 0.01
Added DA_Taraal to AB_OcularForest with commonality 0.2
Added ERN_Amaro to AB_OcularForest with commonality 0.1
Added JRWArchaeopteryx to AB_OcularForest with commonality 0.05
Added JRWArthropleura to AB_OcularForest with commonality 0.05
Added JRWBagaceratops to AB_OcularForest with commonality 0.075
Added JRWBeelzebufo to AB_OcularForest with commonality 0.1
Added JRWBernicia to AB_OcularForest with commonality 0.05
Added JRWBrachytrachelopan to AB_OcularForest with commonality 0.09
Added JRWCaihong to AB_OcularForest with commonality 0.05
Added JRWDilophosaurus to AB_OcularForest with commonality 0.05
Added JRWDiplocaulus to AB_OcularForest with commonality 0.1
Added JRWEuoplocephalus to AB_OcularForest with commonality 0.075
Added JRWEuphoberia to AB_OcularForest with commonality 0.05
Added JRWGeosternbergia to AB_OcularForest with commonality 0.1
Added JRWGeralinura to AB_OcularForest with commonality 0.05
Added JRWGorgonops to AB_OcularForest with commonality 0.075
Added JRWHynerpeton to AB_OcularForest with commonality 0.1
Added JRWIschigualastia to AB_OcularForest with commonality 0.075
Added JRWMacrelcana to AB_OcularForest with commonality 0.05
Added JRWManipulator to AB_OcularForest with commonality 0.05
Added JRWMeganeura to AB_OcularForest with commonality 0.05
Added JRWNyctosaurus to AB_OcularForest with commonality 0.1
Added JRWPlatyhystrix to AB_OcularForest with commonality 0.1
Added JRWProtosolpuga to AB_OcularForest with commonality 0.05
Added JRWPteranodon to AB_OcularForest with commonality 0.1
Added JRWPulmonoscorpius to AB_OcularForest with commonality 0.05
Added JRWQantassaurus to AB_OcularForest with commonality 0.05
Added JRWQuetzalcoatlus to AB_OcularForest with commonality 0.1
Added Arthropleura to AB_OcularForest with commonality 0.006
Added Doedicurus to AB_OcularForest with commonality 0.004
Added Titanis to AB_OcularForest with commonality 0.005
Added Elasmotherium to AB_OcularForest with commonality 0.004
Added Megaloceros to AB_OcularForest with commonality 0.01
Added Macrauchenia to AB_OcularForest with commonality 0.006
Added Zygolophodon to AB_OcularForest with commonality 0.004
Added Platybelodon to AB_OcularForest with commonality 0.005
Added Uintatherium to AB_OcularForest with commonality 0.004
Added MA_Aminox to AB_OcularForest with commonality 0.05
Added MA_Deermoss to AB_OcularForest with commonality 0.06
Added MA_Gnaut to AB_OcularForest with commonality 0.7
Added MA_Hellboar to AB_OcularForest with commonality 0.02
Added MA_Raptorkhan to AB_OcularForest with commonality 0.06
Added MA_Sivatherium to AB_OcularForest with commonality 0.05
Added MA_Sporemole to AB_OcularForest with commonality 0.02
Added MA_Worhin to AB_OcularForest with commonality 0.04
Added Ling_Cockroach to AB_OcularForest with commonality 0.005
Added Dewback to AB_OcularForest with commonality 0.04
Added Rancor to AB_OcularForest with commonality 0.01
Added Bantha to AB_OcularForest with commonality 0.02
Added Nexu to AB_OcularForest with commonality 0.06
Added Acklay to AB_OcularForest with commonality 0.08
Added Reek to AB_OcularForest with commonality 0.04
Added Nerf to AB_OcularForest with commonality 0.03
Added Gizka to AB_OcularForest with commonality 0.4
Added Porg to AB_OcularForest with commonality 0.08
Added Vulptex to AB_OcularForest with commonality 0.01
Added Akk to AB_OcularForest with commonality 0.02
Added Aiwha to AB_OcularForest with commonality 0.04
Added Anooba to AB_OcularForest with commonality 0.04
Added Behemoth to AB_OcularForest with commonality 0.01
Added Beldon to AB_OcularForest with commonality 0.01
Added Boarwolf to AB_OcularForest with commonality 0.16
Added Blarth to AB_OcularForest with commonality 0.01
Added Blixus to AB_OcularForest with commonality 0.01
Added Blurrg to AB_OcularForest with commonality 0.16
Added Bolotaur to AB_OcularForest with commonality 0.8
Added Bogwing to AB_OcularForest with commonality 0.01
Added Boma to AB_OcularForest with commonality 0.04
Added Borcatu to AB_OcularForest with commonality 0.16
Added Brezak to AB_OcularForest with commonality 0.04
Added Bursa to AB_OcularForest with commonality 0.04
Added CanCell to AB_OcularForest with commonality 0.4
Added Cannok to AB_OcularForest with commonality 0.16
Added Clodhopper to AB_OcularForest with commonality 0.8
Added Corinathoth to AB_OcularForest with commonality 0.04
Added Dactillion to AB_OcularForest with commonality 0.08
Added Dalgo to AB_OcularForest with commonality 0.4
Added Devourers to AB_OcularForest with commonality 0.04
Added Dianoga to AB_OcularForest with commonality 0.01
Added Drexl to AB_OcularForest with commonality 0.01
Added Eopie to AB_OcularForest with commonality 0.04
Added Falumpaset to AB_OcularForest with commonality 0.8
Added Fambaa to AB_OcularForest with commonality 0.01
Added Fanback to AB_OcularForest with commonality 0.04
Added FeralGrazer to AB_OcularForest with commonality 0.8
Added FeralNerf to AB_OcularForest with commonality 0.15
Added FrilledGorg to AB_OcularForest with commonality 0.6
Added Gelagrub to AB_OcularForest with commonality 0.04
Added Gorg to AB_OcularForest with commonality 0.04
Added Grank to AB_OcularForest with commonality 0.6
Added GraniteSlug to AB_OcularForest with commonality 0.1
Added Gualaar to AB_OcularForest with commonality 0.4
Added Gullipud to AB_OcularForest with commonality 0.4
Added Gundark to AB_OcularForest with commonality 0.1
Added Gutkurr to AB_OcularForest with commonality 0.01
Added HarvesterBeetle to AB_OcularForest with commonality 0.08
Added Hawkbat to AB_OcularForest with commonality 0.01
Added Horax to AB_OcularForest with commonality 0.01
Added Hrumph to AB_OcularForest with commonality 1
Added Hssiss to AB_OcularForest with commonality 0.04
Added Igitz to AB_OcularForest with commonality 0.01
Added Insectomorph to AB_OcularForest with commonality 0.6
Added IridonianReek to AB_OcularForest with commonality 0.2
Added IthorianReek to AB_OcularForest with commonality 0.4
Added Iriaz to AB_OcularForest with commonality 0.8
Added Jakobeast to AB_OcularForest with commonality 0.4
Added Jamel to AB_OcularForest with commonality 0.6
Added Jimvu to AB_OcularForest with commonality 0.8
Added Kaadu to AB_OcularForest with commonality 0.5
Added Katarn to AB_OcularForest with commonality 0.04
Added KowakianMonkeyLizard to AB_OcularForest with commonality 0.4
Added Kinrath to AB_OcularForest with commonality 0.01
Added Klorslug to AB_OcularForest with commonality 0.01
Added Krykna to AB_OcularForest with commonality 0.01
Added Kreetle to AB_OcularForest with commonality 0.6
Added Kwi to AB_OcularForest with commonality 0.6
Added Kybuck to AB_OcularForest with commonality 1
Added Leaftail to AB_OcularForest with commonality 0.4
Added LongtailGorg to AB_OcularForest with commonality 0.4
Added Lothcat to AB_OcularForest with commonality 0.4
Added LothWolf to AB_OcularForest with commonality 0.01
Added Maalraas to AB_OcularForest with commonality 0.6
Added Manka to AB_OcularForest with commonality 0.4
Added MastiffPhalone to AB_OcularForest with commonality 0.6
Added Mastmot to AB_OcularForest with commonality 0.01
Added Mawvorr to AB_OcularForest with commonality 0.2
Added Mott to AB_OcularForest with commonality 0.5
Added Mynock to AB_OcularForest with commonality 0.1
Added Narglatch to AB_OcularForest with commonality 0.01
Added Neebray to AB_OcularForest with commonality 0.1
Added Nuna to AB_OcularForest with commonality 0.5
Added Ollopom to AB_OcularForest with commonality 0.2
Added Orray to AB_OcularForest with commonality 0.01
Added PaintedSpat to AB_OcularForest with commonality 0.01
Added PekoPeko to AB_OcularForest with commonality 0.2
Added Pikobis to AB_OcularForest with commonality 0.01
Added Qormot to AB_OcularForest with commonality 0.8
Added Raxshir to AB_OcularForest with commonality 0.01
Added Ronto to AB_OcularForest with commonality 0.01
Added Runyip to AB_OcularForest with commonality 0.8
Added Scavrat to AB_OcularForest with commonality 0.8
Added Scurrier to AB_OcularForest with commonality 0.04
Added Shaak to AB_OcularForest with commonality 0.8
Added Shiro to AB_OcularForest with commonality 0.6
Added ShiroTrap to AB_OcularForest with commonality 0.6
Added Silooth to AB_OcularForest with commonality 0.08
Added Skalder to AB_OcularForest with commonality 0.01
Added Sketto to AB_OcularForest with commonality 0.01
Added Snoruuk to AB_OcularForest with commonality 0.1
Added Stintaril to AB_OcularForest with commonality 0.4
Added Strill to AB_OcularForest with commonality 0.1
Added Tach to AB_OcularForest with commonality 0.6
Added TeeMuss to AB_OcularForest with commonality 0.08
Added Thranta to AB_OcularForest with commonality 0.01
Added Tooke to AB_OcularForest with commonality 0.1
Added Torton to AB_OcularForest with commonality 0.01
Added TuskCat to AB_OcularForest with commonality 0.8
Added Urusai to AB_OcularForest with commonality 0.1
Added Uvak to AB_OcularForest with commonality 0.4
Added Vapaad to AB_OcularForest with commonality 0.01
Added Varactyl to AB_OcularForest with commonality 0.08
Added Veermok to AB_OcularForest with commonality 0.2
Added Voorpak to AB_OcularForest with commonality 0.8
Added Vornskyr to AB_OcularForest with commonality 0.6
Added Whisperbird to AB_OcularForest with commonality 0.4
Added WompRat to AB_OcularForest with commonality 0.01
Added Woolamander to AB_OcularForest with commonality 0.6
Added Worrt to AB_OcularForest with commonality 0.01
Added Wraid to AB_OcularForest with commonality 0.04
Added Wyyyschokk to AB_OcularForest with commonality 0.01
Added Zakkeg to AB_OcularForest with commonality 0.1
Added Zeer to AB_OcularForest with commonality 0.4
Added GiantToad to AB_OcularForest with commonality 0.4
Added PoisonRat to AB_PropaneLakes with commonality 0.5
Added AM_UnshackledDryad to AB_PropaneLakes with commonality 0.7
Added Bardelot to AB_PropaneLakes with commonality 0.05
Added DA_BeardedTroll to AB_PropaneLakes with commonality 0.05
Added Elasmotherium to AB_PropaneLakes with commonality 0.003
Added Gomphotaria to AB_PropaneLakes with commonality 0.0375
Added MA_Aminox to AB_PropaneLakes with commonality 0.01
Added MA_Deermoss to AB_PropaneLakes with commonality 0.03
Added MA_Gnaut to AB_PropaneLakes with commonality 0.05
Added MA_Raptorkhan to AB_PropaneLakes with commonality 0.01
Added MA_Worhin to AB_PropaneLakes with commonality 0.02
Added Rancor to AB_PropaneLakes with commonality 0.005
Added Tauntaun to AB_PropaneLakes with commonality 0.03
Added Nerf to AB_PropaneLakes with commonality 0.005
Added Porg to AB_PropaneLakes with commonality 0.5
Added Vulptex to AB_PropaneLakes with commonality 0.35
Added Wampa to AB_PropaneLakes with commonality 0.01
Added Aiwha to AB_PropaneLakes with commonality 0.005
Added Behemoth to AB_PropaneLakes with commonality 0.005
Added Beldon to AB_PropaneLakes with commonality 0.005
Added Blarth to AB_PropaneLakes with commonality 0.35
Added Leaftail to AB_PropaneLakes with commonality 0.5
Added LothWolf to AB_PropaneLakes with commonality 0.005
Added Maalraas to AB_PropaneLakes with commonality 0.005
Added Mastmot to AB_PropaneLakes with commonality 0.005
Added Narglatch to AB_PropaneLakes with commonality 0.005
Added Neebray to AB_PropaneLakes with commonality 0.5
Added Qormot to AB_PropaneLakes with commonality 0.2
Added TetnissCrab to AB_PropaneLakes with commonality 0.35
Added Tibidee to AB_PropaneLakes with commonality 0.105
Added Voorpak to AB_PropaneLakes with commonality 0.35
Added Warbird to AB_PropaneLakes with commonality 0.005
Added VFEI2_Durapod to AB_PropaneLakes with commonality 0.2
Added VFEI2_Empress to AB_PropaneLakes with commonality 0.175
Added VFEI2_Megapede to AB_PropaneLakes with commonality 0.09
Added VFEI2_RoyalMegaspider to AB_PropaneLakes with commonality 0.09
Added VFEI2_RoyalSpelopede to AB_PropaneLakes with commonality 0.2
Added VFEI2_Silverfish to AB_PropaneLakes with commonality 0.175
Added VFEI2_Tankroach to AB_PropaneLakes with commonality 0.09
Added VFEI2_Venomite to AB_PropaneLakes with commonality 0.2
Added VQE_IceCrawler to AB_PropaneLakes with commonality 0.2
Added BMT_Maxolotl to AB_PropaneLakes with commonality 0.09
Added BMT_FrostweaverSpider to AB_PropaneLakes with commonality 0.09
Added BMT_Rimebeak to AB_PropaneLakes with commonality 0.2
Added BMT_Snowstalker to AB_PropaneLakes with commonality 0.2
Added BMT_Thrumbungus to AB_PropaneLakes with commonality 0.175
Added BMT_FamineLocust to AB_PropaneLakes with commonality 0.35
Added BMT_Megaroach to AB_PropaneLakes with commonality 0.5
Added BMT_PustuleHornet to AB_PropaneLakes with commonality 0.35
Added BMT_PustuleHornetSpawned to AB_PropaneLakes with commonality 0.35
Added BMT_ColonyPustuleHornet to AB_PropaneLakes with commonality 0.35
Added BMT_PustuleHornetQueen to AB_PropaneLakes with commonality 0.2
Added BMT_ColonyPustuleHornetQueen to AB_PropaneLakes with commonality 0.2
Added BMT_Swarmcaller to AB_PropaneLakes with commonality 0.2
Added GR_Thrumdraeodon to AB_PropaneLakes with commonality 0.175
Added GR_Catchicken to AB_PropaneLakes with commonality 0.5
Added GR_Moleman to AB_PropaneLakes with commonality 0.2
Added GR_Bearman to AB_PropaneLakes with commonality 0.2
Added AM_Dryad_Spitter to AB_PyroclasticConflagration with commonality 0.7
Added DA_Snaptoad to AB_PyroclasticConflagration with commonality 0.18
Added Dewback to AB_PyroclasticConflagration with commonality 0.0573
Added Iriaz to AB_PyroclasticConflagration with commonality 0.7
Added Katarn to AB_PyroclasticConflagration with commonality 0.0573
Added Kybuck to AB_PyroclasticConflagration with commonality 0.4
Added Massiff to AB_PyroclasticConflagration with commonality 0.4
Added Mott to AB_PyroclasticConflagration with commonality 0.7
Added Squall to AB_PyroclasticConflagration with commonality 0.7
Added Taozin to AB_PyroclasticConflagration with commonality 0.0098
Added VAEWaste_Toxiguana to AB_PyroclasticConflagration with commonality 0.4
Added BMT_BrownBat to AB_PyroclasticConflagration with commonality 1
Added BMT_CrystalMantis to AB_PyroclasticConflagration with commonality 0.18
Added BMT_GiantSlug to AB_PyroclasticConflagration with commonality 0.18
Added BMT_GlowBat to AB_PyroclasticConflagration with commonality 1
Added BMT_GoetoTadpole to AB_PyroclasticConflagration with commonality 1
Added BMT_GoetoToad to AB_PyroclasticConflagration with commonality 0.7
Added BMT_Megapleura to AB_PyroclasticConflagration with commonality 0.18
Added BMT_BloodletterPetrel to AB_PyroclasticConflagration with commonality 0.7
Added BMT_GastroToad to AB_PyroclasticConflagration with commonality 0.7
Added BMT_ToxSheep to AB_PyroclasticConflagration with commonality 0.7
Added BMT_TripleSnapper to AB_PyroclasticConflagration with commonality 0.4
Added GR_Fleshling to AB_PyroclasticConflagration with commonality 1
Added GR_Wolfscarab to AB_PyroclasticConflagration with commonality 0.4
Added GR_Spidercat to AB_PyroclasticConflagration with commonality 0.4
Added FancyRat to AB_TarPits with commonality 0.035
Added Worm to AB_TarPits with commonality 0.15
Added Gigantelope to AB_TarPits with commonality 0.25
Added Jerbal to AB_TarPits with commonality 0.15
Added Megasquid to AB_TarPits with commonality 0.25
Added Rabbuck to AB_TarPits with commonality 0.25
Added Toraton to AB_TarPits with commonality 0.175
Added JOE_Landopus to AB_TarPits with commonality 0.05
Added JOE_Cephalope to AB_TarPits with commonality 0.235
Added JOE_Nautilant to AB_TarPits with commonality 0.005
Added DA_BlackScribe to AB_TarPits with commonality 0.15
Added DA_Karabal to AB_TarPits with commonality 0.1
Added DA_Pilgrim to AB_TarPits with commonality 0.1
Added DA_RedhornedLarpah to AB_TarPits with commonality 0.005
Added DA_Taraal to AB_TarPits with commonality 0.1
Added ERN_Amaro to AB_TarPits with commonality 0.1
Added JRWArchaeopteryx to AB_TarPits with commonality 0.025
Added JRWArthropleura to AB_TarPits with commonality 0.025
Added JRWBagaceratops to AB_TarPits with commonality 0.075
Added JRWBaseopsis to AB_TarPits with commonality 0.05
Added JRWBeelzebufo to AB_TarPits with commonality 0.05
Added JRWBernicia to AB_TarPits with commonality 0.025
Added JRWBrachytrachelopan to AB_TarPits with commonality 0.09
Added JRWCaihong to AB_TarPits with commonality 0.025
Added JRWDilophosaurus to AB_TarPits with commonality 0.025
Added JRWDiplocaulus to AB_TarPits with commonality 0.05
Added JRWEuoplocephalus to AB_TarPits with commonality 0.08750001
Added JRWEuphoberia to AB_TarPits with commonality 0.025
Added JRWGeosternbergia to AB_TarPits with commonality 0.05
Added JRWGeralinura to AB_TarPits with commonality 0.075
Added JRWGorgonops to AB_TarPits with commonality 0.075
Added JRWHynerpeton to AB_TarPits with commonality 0.05
Added JRWIschigualastia to AB_TarPits with commonality 0.0375
Added JRWMacrelcana to AB_TarPits with commonality 0.025
Added JRWManipulator to AB_TarPits with commonality 0.025
Added JRWMeganeura to AB_TarPits with commonality 0.025
Added JRWNyctosaurus to AB_TarPits with commonality 0.05
Added JRWPlatyhystrix to AB_TarPits with commonality 0.05
Added JRWProtosolpuga to AB_TarPits with commonality 0.075
Added JRWPteranodon to AB_TarPits with commonality 0.05
Added JRWPulmonoscorpius to AB_TarPits with commonality 0.025
Added JRWQantassaurus to AB_TarPits with commonality 0.075
Added JRWQuetzalcoatlus to AB_TarPits with commonality 0.05
Added Titanis to AB_TarPits with commonality 0.0025
Added Elasmotherium to AB_TarPits with commonality 0.002
Added Megaloceros to AB_TarPits with commonality 0.005
Added Dinornis to AB_TarPits with commonality 0.004
Added Macrauchenia to AB_TarPits with commonality 0.003
Added Meganeura to AB_TarPits with commonality 0.004
Added Zygolophodon to AB_TarPits with commonality 0.002
Added Platybelodon to AB_TarPits with commonality 0.0025
Added Uintatherium to AB_TarPits with commonality 0.002
Added Pulmonoscorpius to AB_TarPits with commonality 0.0075
Added MA_Aminox to AB_TarPits with commonality 0.025
Added MA_Deermoss to AB_TarPits with commonality 0.03
Added MA_Gnaut to AB_TarPits with commonality 0.35
Added MA_Hellboar to AB_TarPits with commonality 0.05
Added MA_Raptorkhan to AB_TarPits with commonality 0.055
Added MA_Sivatherium to AB_TarPits with commonality 0.025
Added MA_Sporemole to AB_TarPits with commonality 0.01
Added MA_Worhin to AB_TarPits with commonality 0.02
Added Ling_Cockroach to AB_TarPits with commonality 0.004
Added Dewback to AB_TarPits with commonality 0.045
Added Rancor to AB_TarPits with commonality 0.01
Added Bantha to AB_TarPits with commonality 0.26
Added Nexu to AB_TarPits with commonality 0.04
Added Acklay to AB_TarPits with commonality 0.044
Added KraytDragon to AB_TarPits with commonality 0.04
Added Reek to AB_TarPits with commonality 0.02
Added Gizka to AB_TarPits with commonality 0.25
Added Porg to AB_TarPits with commonality 0.04
Added Vulptex to AB_TarPits with commonality 0.045
Added Akk to AB_TarPits with commonality 0.01
Added Aiwha to AB_TarPits with commonality 0.02
Added Anooba to AB_TarPits with commonality 0.06
Added Behemoth to AB_TarPits with commonality 0.005
Added Beldon to AB_TarPits with commonality 0.01
Added Boarwolf to AB_TarPits with commonality 0.08
Added Blixus to AB_TarPits with commonality 0.005
Added Bolotaur to AB_TarPits with commonality 0.405
Added Bogwing to AB_TarPits with commonality 0.355
Added Boma to AB_TarPits with commonality 0.02
Added Bordok to AB_TarPits with commonality 0.4
Added Borcatu to AB_TarPits with commonality 0.12
Added Brezak to AB_TarPits with commonality 0.04
Added Bursa to AB_TarPits with commonality 0.02
Added CanCell to AB_TarPits with commonality 0.2
Added Cannok to AB_TarPits with commonality 0.09999999
Added Clodhopper to AB_TarPits with commonality 0.42
Added Convor to AB_TarPits with commonality 0.305
Added Corinathoth to AB_TarPits with commonality 0.02
Added Dactillion to AB_TarPits with commonality 0.08
Added Dalgo to AB_TarPits with commonality 0.2
Added Devourers to AB_TarPits with commonality 0.02
Added Dianoga to AB_TarPits with commonality 0.005
Added Drexl to AB_TarPits with commonality 0.01
Added EnergySpider to AB_TarPits with commonality 0.005
Added Eopie to AB_TarPits with commonality 0.12
Added Falumpaset to AB_TarPits with commonality 0.4
Added Fambaa to AB_TarPits with commonality 0.005
Added Fanback to AB_TarPits with commonality 0.02
Added FeralGrazer to AB_TarPits with commonality 0.4
Added FeralNerf to AB_TarPits with commonality 0.075
Added FrilledGorg to AB_TarPits with commonality 0.4
Added FrogDog to AB_TarPits with commonality 0.005
Added Gelagrub to AB_TarPits with commonality 0.02
Added Gorg to AB_TarPits with commonality 0.22
Added Grank to AB_TarPits with commonality 0.35
Added GraniteSlug to AB_TarPits with commonality 0.1
Added GreaterKraytDragon to AB_TarPits with commonality 0.0005
Added Gualaar to AB_TarPits with commonality 0.2
Added Gullipud to AB_TarPits with commonality 0.2
Added Gundark to AB_TarPits with commonality 0.055
Added Gutkurr to AB_TarPits with commonality 0.405
Added HarvesterBeetle to AB_TarPits with commonality 0.04
Added Hawkbat to AB_TarPits with commonality 0.005
Added Horax to AB_TarPits with commonality 0.005
Added Hrumph to AB_TarPits with commonality 0.505
Added Hssiss to AB_TarPits with commonality 0.02
Added Igitz to AB_TarPits with commonality 0.005
Added Insectomorph to AB_TarPits with commonality 0.34
Added IridonianReek to AB_TarPits with commonality 0.14
Added IthorianReek to AB_TarPits with commonality 0.2
Added Iriaz to AB_TarPits with commonality 0.42
Added Jakobeast to AB_TarPits with commonality 0.2
Added Jamel to AB_TarPits with commonality 0.5
Added Jimvu to AB_TarPits with commonality 0.4
Added Kaadu to AB_TarPits with commonality 0.25
Added Katarn to AB_TarPits with commonality 0.02
Added KellDragon to AB_TarPits with commonality 0.02
Added KowakianMonkeyLizard to AB_TarPits with commonality 0.2
Added Kinrath to AB_TarPits with commonality 0.01
Added Klorslug to AB_TarPits with commonality 0.045
Added Krykna to AB_TarPits with commonality 0.01
Added Kreetle to AB_TarPits with commonality 0.7
Added Kwi to AB_TarPits with commonality 0.32
Added Kybuck to AB_TarPits with commonality 0.5
Added LavaFlea to AB_TarPits with commonality 0.005
Added Leaftail to AB_TarPits with commonality 0.2
Added LongtailGorg to AB_TarPits with commonality 0.4
Added LothWolf to AB_TarPits with commonality 0.005
Added Lylek to AB_TarPits with commonality 0.2
Added Maalraas to AB_TarPits with commonality 0.3
Added Manka to AB_TarPits with commonality 0.2
Added Massiff to AB_TarPits with commonality 0.2
Added MastiffPhalone to AB_TarPits with commonality 0.3
Added Mastmot to AB_TarPits with commonality 0.005
Added Mawvorr to AB_TarPits with commonality 0.1
Added Mott to AB_TarPits with commonality 0.25
Added Mudhorn to AB_TarPits with commonality 0.2
Added Mynock to AB_TarPits with commonality 0.1
Added Narglatch to AB_TarPits with commonality 0.005
Added Neebray to AB_TarPits with commonality 0.1
Added Nuna to AB_TarPits with commonality 0.255
Added Ollopom to AB_TarPits with commonality 0.1
Added Orray to AB_TarPits with commonality 0.035
Added PaintedSpat to AB_TarPits with commonality 0.025
Added PekoPeko to AB_TarPits with commonality 0.1
Added Pikobis to AB_TarPits with commonality 0.005
Added Qormot to AB_TarPits with commonality 0.4
Added Raxshir to AB_TarPits with commonality 0.005
Added Rikknit to AB_TarPits with commonality 0.05
Added Roggwart to AB_TarPits with commonality 0.005
Added Ronto to AB_TarPits with commonality 0.205
Added Runyip to AB_TarPits with commonality 0.4
Added Scavrat to AB_TarPits with commonality 0.6
Added Scurrier to AB_TarPits with commonality 0.42
Added Shaak to AB_TarPits with commonality 0.4
Added Shiro to AB_TarPits with commonality 0.3
Added ShiroTrap to AB_TarPits with commonality 0.3
Added Shyrack to AB_TarPits with commonality 0.3
Added Silooth to AB_TarPits with commonality 0.04
Added Skalder to AB_TarPits with commonality 0.025
Added Snoruuk to AB_TarPits with commonality 0.055
Added Stintaril to AB_TarPits with commonality 0.2
Added Strill to AB_TarPits with commonality 0.05
Added Tach to AB_TarPits with commonality 0.3
Added TeeMuss to AB_TarPits with commonality 0.04
Added Thranta to AB_TarPits with commonality 0.01
Added Tooke to AB_TarPits with commonality 0.1
Added Torton to AB_TarPits with commonality 0.005
Added Tukata to AB_TarPits with commonality 0.04
Added TuskCat to AB_TarPits with commonality 0.405
Added Urusai to AB_TarPits with commonality 0.25
Added Uvak to AB_TarPits with commonality 0.21
Added Vapaad to AB_TarPits with commonality 0.025
Added Varactyl to AB_TarPits with commonality 0.08
Added Veermok to AB_TarPits with commonality 0.1
Added Vornskyr to AB_TarPits with commonality 0.3
Added Whisperbird to AB_TarPits with commonality 0.2
Added WompRat to AB_TarPits with commonality 0.205
Added Woolamander to AB_TarPits with commonality 0.3
Added Worrt to AB_TarPits with commonality 0.105
Added Wraid to AB_TarPits with commonality 0.42
Added Wyyyschokk to AB_TarPits with commonality 0.005
Added Zakkeg to AB_TarPits with commonality 0.05
Added Zeer to AB_TarPits with commonality 0.2
Added VQEA_Splicetoot to AB_TarPits with commonality 0.2
Added GiantToad to AB_TarPits with commonality 0.215
Added RG_Rimclaw to AB_TarPits with commonality 0.005
Added BMT_CactusCrab to AB_TarPits with commonality 0.09
Added BMT_Diggerpede to AB_TarPits with commonality 0.2
Added BMT_Jellypot to AB_TarPits with commonality 0.35
Added BMT_Stoneback to AB_TarPits with commonality 0.35
Added BMT_PustuleHornetSpawned to AB_TarPits with commonality 0.35
Added GR_Needlechicken to AB_TarPits with commonality 0.5
Added GR_Chickenlope to AB_TarPits with commonality 0.5
Added GR_Boomabear to AB_TarPits with commonality 0.09
Added GR_Boomffalo to AB_TarPits with commonality 0.09
Added GR_Boomsquirrel to AB_TarPits with commonality 0.2
Added GR_Boomcat to AB_TarPits with commonality 0.2
Added GR_FleshGrowth to AB_TarPits with commonality 0.1575
Added GR_Catalope to AB_TarPits with commonality 0.5
Added GR_Manwolf to AB_TarPits with commonality 0.09
Added GR_Boombeetle to AB_TarPits with commonality 0.2
Added GR_ParagonBoomalope to AB_TarPits with commonality 0.09
Added GR_Boomsnake to AB_TarPits with commonality 0.2
Added GR_Squirralope to AB_TarPits with commonality 0.5
Added FancyRat to ZBiome_AlpineMeadow with commonality 0.035
Added Bardelot to ZBiome_AlpineMeadow with commonality 0.025
Added Worm to ZBiome_AlpineMeadow with commonality 0.15
Added Gigantelope to ZBiome_AlpineMeadow with commonality 0.5
Added Megasquid to ZBiome_AlpineMeadow with commonality 0.25
Added Rabbuck to ZBiome_AlpineMeadow with commonality 0.5
Added Toraton to ZBiome_AlpineMeadow with commonality 0.025
Added JOE_Landopus to ZBiome_AlpineMeadow with commonality 0.05
Added JOE_Cephalope to ZBiome_AlpineMeadow with commonality 0.035
Added JOE_Nautilant to ZBiome_AlpineMeadow with commonality 0.01
Added DA_BeardedTroll to ZBiome_AlpineMeadow with commonality 0.1
Added DA_Crestel to ZBiome_AlpineMeadow with commonality 0.05
Added DA_DwarvenMuffton to ZBiome_AlpineMeadow with commonality 0.25
Added DA_NorthernDrog to ZBiome_AlpineMeadow with commonality 0.125
Added DA_Taraal to ZBiome_AlpineMeadow with commonality 0.14
Added ERN_Amaro to ZBiome_AlpineMeadow with commonality 0.1
Added JRWArchaeopteryx to ZBiome_AlpineMeadow with commonality 0.025
Added JRWBeelzebufo to ZBiome_AlpineMeadow with commonality 0.05
Added JRWBrachytrachelopan to ZBiome_AlpineMeadow with commonality 0.045
Added JRWCaihong to ZBiome_AlpineMeadow with commonality 0.025
Added JRWDilophosaurus to ZBiome_AlpineMeadow with commonality 0.025
Added JRWDiplocaulus to ZBiome_AlpineMeadow with commonality 0.05
Added JRWGorgonops to ZBiome_AlpineMeadow with commonality 0.0375
Added JRWHynerpeton to ZBiome_AlpineMeadow with commonality 0.05
Added JRWManipulator to ZBiome_AlpineMeadow with commonality 0.025
Added JRWPlatyhystrix to ZBiome_AlpineMeadow with commonality 0.05
Added JRWProtosolpuga to ZBiome_AlpineMeadow with commonality 0.025
Added JRWPulmonoscorpius to ZBiome_AlpineMeadow with commonality 0.025
Added JRWQantassaurus to ZBiome_AlpineMeadow with commonality 0.025
Added Arthropleura to ZBiome_AlpineMeadow with commonality 0.003
Added Titanis to ZBiome_AlpineMeadow with commonality 0.0025
Added Dinornis to ZBiome_AlpineMeadow with commonality 0.004
Added Macrauchenia to ZBiome_AlpineMeadow with commonality 0.003
Added Meganeura to ZBiome_AlpineMeadow with commonality 0.004
Added Pulmonoscorpius to ZBiome_AlpineMeadow with commonality 0.0035
Added MA_Aminox to ZBiome_AlpineMeadow with commonality 0.065
Added MA_Hellboar to ZBiome_AlpineMeadow with commonality 0.05
Added MA_Raptorkhan to ZBiome_AlpineMeadow with commonality 0.055
Added MA_Sivatherium to ZBiome_AlpineMeadow with commonality 0.045
Added MA_Sporemole to ZBiome_AlpineMeadow with commonality 0.02
Added Ling_Cockroach to ZBiome_AlpineMeadow with commonality 0.0025
Added AA_LarvalAtispec to ZBiome_AlpineMeadow with commonality 0.0025
Added AA_Bumbledrone to ZBiome_AlpineMeadow with commonality 0.0175
Added AA_BumbledroneHierophant to ZBiome_AlpineMeadow with commonality 0.0025
Added AA_DecayDrake to ZBiome_AlpineMeadow with commonality 0.00125
Added AA_Feralisk to ZBiome_AlpineMeadow with commonality 0.0175
Added AA_OvergrownColossus to ZBiome_AlpineMeadow with commonality 0.0025
Added AA_Plasmorph to ZBiome_AlpineMeadow with commonality 0.0025
Added AA_Razorjack to ZBiome_AlpineMeadow with commonality 0.00625
Added AA_SandSquid to ZBiome_AlpineMeadow with commonality 0.0025
Added AA_ShockGoat to ZBiome_AlpineMeadow with commonality 0.0125
Added AA_Thunderbeast to ZBiome_AlpineMeadow with commonality 0.00625
Added GiantToad to ZBiome_AlpineMeadow with commonality 0.35
Added Jerbal to ZBiome_Badlands with commonality 0.3
Added Toraton to ZBiome_Badlands with commonality 0.2
Added JOE_Cephalope to ZBiome_Badlands with commonality 0.2
Added DA_BlackScribe to ZBiome_Badlands with commonality 0.275
Added DA_Karabal to ZBiome_Badlands with commonality 0.375
Added DA_Pilgrim to ZBiome_Badlands with commonality 0.375
Added ERN_Amaro to ZBiome_Badlands with commonality 0.09
Added Terrorworm to ZBiome_Badlands with commonality 0.35
Added JRWBaseopsis to ZBiome_Badlands with commonality 0.1
Added TYR_HotfootRat to ZBiome_Badlands with commonality 0.05
Added Dinocrocuta to ZBiome_Badlands with commonality 0.008
Added Sivatherium to ZBiome_Badlands with commonality 0.005
Added MA_Hellboar to ZBiome_Badlands with commonality 0.09999999
Added MA_Raptorkhan to ZBiome_Badlands with commonality 0.075
Added MA_Sivatherium to ZBiome_Badlands with commonality 0.025
Added MA_Worhin to ZBiome_Badlands with commonality 0.02
Added Ling_Cockroach to ZBiome_Badlands with commonality 0.003
Added Dewback to ZBiome_Badlands with commonality 0.035
Added Rancor to ZBiome_Badlands with commonality 0.01
Added Bantha to ZBiome_Badlands with commonality 0.5
Added Nexu to ZBiome_Badlands with commonality 0.045
Added Acklay to ZBiome_Badlands with commonality 0.011
Added KraytDragon to ZBiome_Badlands with commonality 0.06
Added Reek to ZBiome_Badlands with commonality 0.01
Added Nerf to ZBiome_Badlands with commonality 0.03
Added Gizka to ZBiome_Badlands with commonality 0.25
Added Porg to ZBiome_Badlands with commonality 0.02
Added Vulptex to ZBiome_Badlands with commonality 0.08
Added Akk to ZBiome_Badlands with commonality 0.01
Added Anooba to ZBiome_Badlands with commonality 0.12
Added Beldon to ZBiome_Badlands with commonality 0.01
Added Blurrg to ZBiome_Badlands with commonality 0.09999999
Added Bolotaur to ZBiome_Badlands with commonality 0.205
Added Bogwing to ZBiome_Badlands with commonality 0.35
Added Boma to ZBiome_Badlands with commonality 0.04
Added Borcatu to ZBiome_Badlands with commonality 0.12
Added Brezak to ZBiome_Badlands with commonality 0.22
Added Bursa to ZBiome_Badlands with commonality 0.02
Added Cannok to ZBiome_Badlands with commonality 0.09999999
Added Clodhopper to ZBiome_Badlands with commonality 0.22
Added Convor to ZBiome_Badlands with commonality 0.025
Added Corinathoth to ZBiome_Badlands with commonality 0.2
Added Dactillion to ZBiome_Badlands with commonality 0.44
Added Dalgo to ZBiome_Badlands with commonality 0.2
Added Drexl to ZBiome_Badlands with commonality 0.01
Added EnergySpider to ZBiome_Badlands with commonality 0.0055
Added Falumpaset to ZBiome_Badlands with commonality 0.04
Added FeralGrazer to ZBiome_Badlands with commonality 0.02
Added FeralNerf to ZBiome_Badlands with commonality 0.02
Added FrilledGorg to ZBiome_Badlands with commonality 0.6
Added Gorg to ZBiome_Badlands with commonality 0.7
Added Grank to ZBiome_Badlands with commonality 0.15
Added GraniteSlug to ZBiome_Badlands with commonality 0.1
Added GreaterKraytDragon to ZBiome_Badlands with commonality 0.0005
Added Gundark to ZBiome_Badlands with commonality 0.055
Added Gutkurr to ZBiome_Badlands with commonality 0.8
Added Hawkbat to ZBiome_Badlands with commonality 0.005
Added Horax to ZBiome_Badlands with commonality 0.005
Added Igitz to ZBiome_Badlands with commonality 0.35
Added Insectomorph to ZBiome_Badlands with commonality 0.44
Added IridonianReek to ZBiome_Badlands with commonality 0.44
Added Iriaz to ZBiome_Badlands with commonality 0.52
Added Jakobeast to ZBiome_Badlands with commonality 0.02
Added Jamel to ZBiome_Badlands with commonality 0.6
Added Jimvu to ZBiome_Badlands with commonality 0.3
Added Katarn to ZBiome_Badlands with commonality 0.005
Added KellDragon to ZBiome_Badlands with commonality 0.02
Added KowakianMonkeyLizard to ZBiome_Badlands with commonality 0.005
Added Kinrath to ZBiome_Badlands with commonality 0.01
Added Klorslug to ZBiome_Badlands with commonality 0.14
Added Krykna to ZBiome_Badlands with commonality 0.01
Added Kreetle to ZBiome_Badlands with commonality 0.8
Added Kwi to ZBiome_Badlands with commonality 0.32
Added Kybuck to ZBiome_Badlands with commonality 0.3
Added LavaFlea to ZBiome_Badlands with commonality 0.01
Added LongtailGorg to ZBiome_Badlands with commonality 0.7
Added Lothcat to ZBiome_Badlands with commonality 0.42
Added LothWolf to ZBiome_Badlands with commonality 0.005
Added Lylek to ZBiome_Badlands with commonality 0.24
Added Maalraas to ZBiome_Badlands with commonality 0.04
Added Manka to ZBiome_Badlands with commonality 0.4
Added Massiff to ZBiome_Badlands with commonality 0.5
Added MastiffPhalone to ZBiome_Badlands with commonality 0.4
Added Mawvorr to ZBiome_Badlands with commonality 0.3
Added Mudhorn to ZBiome_Badlands with commonality 0.6
Added Mynock to ZBiome_Badlands with commonality 0.1
Added Narglatch to ZBiome_Badlands with commonality 0.005
Added Neebray to ZBiome_Badlands with commonality 0.1
Added Nuna to ZBiome_Badlands with commonality 0.205
Added Orray to ZBiome_Badlands with commonality 0.12
Added PaintedSpat to ZBiome_Badlands with commonality 0.22
Added PekoPeko to ZBiome_Badlands with commonality 0.04
Added Pikobis to ZBiome_Badlands with commonality 0.02
Added Pufferpig to ZBiome_Badlands with commonality 0.35
Added Qormot to ZBiome_Badlands with commonality 0.1
Added Raxshir to ZBiome_Badlands with commonality 0.05
Added Roggwart to ZBiome_Badlands with commonality 0.005
Added Ronto to ZBiome_Badlands with commonality 0.6
Added Runyip to ZBiome_Badlands with commonality 0.005
Added Scavrat to ZBiome_Badlands with commonality 0.5
Added Scurrier to ZBiome_Badlands with commonality 0.8
Added Shaak to ZBiome_Badlands with commonality 0.04
Added Shiro to ZBiome_Badlands with commonality 0.02
Added ShiroTrap to ZBiome_Badlands with commonality 0.02
Added Shyrack to ZBiome_Badlands with commonality 0.5
Added Silooth to ZBiome_Badlands with commonality 0.04
Added Skalder to ZBiome_Badlands with commonality 0.06
Added Sketto to ZBiome_Badlands with commonality 0.6
Added Snoruuk to ZBiome_Badlands with commonality 0.01
Added Strill to ZBiome_Badlands with commonality 0.1
Added TeeMuss to ZBiome_Badlands with commonality 0.04
Added Thranta to ZBiome_Badlands with commonality 0.01
Added Tooke to ZBiome_Badlands with commonality 0.1
Added Torton to ZBiome_Badlands with commonality 0.006
Added Tukata to ZBiome_Badlands with commonality 0.06
Added TuskCat to ZBiome_Badlands with commonality 0.205
Added Urusai to ZBiome_Badlands with commonality 0.55
Added Uvak to ZBiome_Badlands with commonality 0.41
Added Vapaad to ZBiome_Badlands with commonality 0.06
Added Varactyl to ZBiome_Badlands with commonality 0.44
Added Veermok to ZBiome_Badlands with commonality 0.02
Added Voorpak to ZBiome_Badlands with commonality 0.015
Added Vornskyr to ZBiome_Badlands with commonality 0.04
Added Whisperbird to ZBiome_Badlands with commonality 0.04
Added WompRat to ZBiome_Badlands with commonality 0.4
Added Worrt to ZBiome_Badlands with commonality 0.3
Added Wraid to ZBiome_Badlands with commonality 0.6
Added Zakkeg to ZBiome_Badlands with commonality 0.005
Added Zeer to ZBiome_Badlands with commonality 0.4
Added VAEWaste_Megatardi to ZBiome_Badlands with commonality 0.09
Added VQEA_Splicetoot to ZBiome_Badlands with commonality 0.2
Added AA_Barbslinger to ZBiome_Badlands with commonality 0.2
Added AA_BumbledroneQueen to ZBiome_Badlands with commonality 0.175
Added AA_Cactipine to ZBiome_Badlands with commonality 0.1425
Added AA_Cinderlisk to ZBiome_Badlands with commonality 0.02
Added AA_CrescendoAnole to ZBiome_Badlands with commonality 0.0175
Added AA_DesertAve to ZBiome_Badlands with commonality 0.3
Added AA_Dunealisk to ZBiome_Badlands with commonality 0.0425
Added AA_Erin to ZBiome_Badlands with commonality 0.0075
Added AA_MammothWorm to ZBiome_Badlands with commonality 0.015
Added AA_Needlepost to ZBiome_Badlands with commonality 0.0425
Added AA_Needleroll to ZBiome_Badlands with commonality 0.3
Added AA_OcularJelly to ZBiome_Badlands with commonality 0.175
Added AA_RoughPlatedMonitor to ZBiome_Badlands with commonality 0.03
Added AA_SandLion to ZBiome_Badlands with commonality 0.07
Added AA_SandProwler to ZBiome_Badlands with commonality 0.0425
Added GiantToad to ZBiome_Badlands with commonality 0.105
Added RG_Rimclaw to ZBiome_Badlands with commonality 0.005
Added BMT_CactusCrab to ZBiome_Badlands with commonality 0.09
Added BMT_Diggerpede to ZBiome_Badlands with commonality 0.2
Added BMT_FungalFerret to ZBiome_Badlands with commonality 0.35
Added BMT_FungalWeevil to ZBiome_Badlands with commonality 0.35
Added BMT_GoetoTadpole to ZBiome_Badlands with commonality 0.5
Added BMT_ImperialToad to ZBiome_Badlands with commonality 0.35
Added BMT_Jellypot to ZBiome_Badlands with commonality 0.35
Added BMT_MossBeetle to ZBiome_Badlands with commonality 0.35
Added BMT_Stoneback to ZBiome_Badlands with commonality 0.35
Added BMT_TruffleMole to ZBiome_Badlands with commonality 0.2
Added BMT_PustuleHornetSpawned to ZBiome_Badlands with commonality 0.35
Added GR_Lizardochs to ZBiome_Badlands with commonality 0.035
Added GR_Needlechicken to ZBiome_Badlands with commonality 0.5
Added GR_Chickenlope to ZBiome_Badlands with commonality 0.5
Added GR_Boomabear to ZBiome_Badlands with commonality 0.09
Added GR_Boomffalo to ZBiome_Badlands with commonality 0.09
Added GR_Boomsquirrel to ZBiome_Badlands with commonality 0.2
Added GR_Boomcat to ZBiome_Badlands with commonality 0.2
Added GR_Fleshling to ZBiome_Badlands with commonality 0.5
Added GR_AberrantFleshbeast to ZBiome_Badlands with commonality 0.035
Added GR_FleshGrowth to ZBiome_Badlands with commonality 0.1575
Added GR_Catalope to ZBiome_Badlands with commonality 0.5
Added GR_Manwolf to ZBiome_Badlands with commonality 0.09
Added GR_Boombeetle to ZBiome_Badlands with commonality 0.2
Added GR_ParagonBoomalope to ZBiome_Badlands with commonality 0.09
Added GR_Boomsnake to ZBiome_Badlands with commonality 0.2
Added GR_Squirralope to ZBiome_Badlands with commonality 0.5
Added FancyRat to ZBiome_CloudForest with commonality 0.04333333
Added Giantala to ZBiome_CloudForest with commonality 0.1
Added Gigantelope to ZBiome_CloudForest with commonality 0.5
Added Toraton to ZBiome_CloudForest with commonality 0.08333334
Added Yippa to ZBiome_CloudForest with commonality 0.3333333
Added Zarander to ZBiome_CloudForest with commonality 0.3333333
Added JOE_Landopus to ZBiome_CloudForest with commonality 0.4
Added JOE_Cephalope to ZBiome_CloudForest with commonality 0.2133333
Added JOE_Nautilant to ZBiome_CloudForest with commonality 0.03
Added ERN_Amaro to ZBiome_CloudForest with commonality 0.06666667
Added JRWProtosolpuga to ZBiome_CloudForest with commonality 0.04166667
Added TYR_MousePoison to ZBiome_CloudForest with commonality 0.06666667
Added MA_Sivatherium to ZBiome_CloudForest with commonality 0.03333334
Added Ling_Cockroach to ZBiome_CloudForest with commonality 0.007000001
Added AA_Wildpod to ZBiome_CloudForest with commonality 0.02333333
Added GiantToad to ZBiome_CloudForest with commonality 0.18
Added FancyRat to ZBiome_CoastalDunes with commonality 0.05
Added Giantala to ZBiome_CoastalDunes with commonality 0.1
Added Worm to ZBiome_CoastalDunes with commonality 0.15
Added Gigantelope to ZBiome_CoastalDunes with commonality 0.5
Added Megasquid to ZBiome_CoastalDunes with commonality 0.25
Added Rabbuck to ZBiome_CoastalDunes with commonality 0.25
Added Toraton to ZBiome_CoastalDunes with commonality 0.075
Added Yippa to ZBiome_CoastalDunes with commonality 0.25
Added Zarander to ZBiome_CoastalDunes with commonality 0.25
Added JOE_Landopus to ZBiome_CoastalDunes with commonality 0.1
Added JOE_Cephalope to ZBiome_CoastalDunes with commonality 0.07
Added JOE_Nautilant to ZBiome_CoastalDunes with commonality 0.01
Added DA_RedhornedLarpah to ZBiome_CoastalDunes with commonality 0.005
Added DA_Taraal to ZBiome_CoastalDunes with commonality 0.1
Added ERN_Amaro to ZBiome_CoastalDunes with commonality 0.1
Added JRWArchaeopteryx to ZBiome_CoastalDunes with commonality 0.075
Added JRWArthropleura to ZBiome_CoastalDunes with commonality 0.075
Added JRWBeelzebufo to ZBiome_CoastalDunes with commonality 0.1
Added JRWBernicia to ZBiome_CoastalDunes with commonality 0.075
Added JRWCaihong to ZBiome_CoastalDunes with commonality 0.075
Added JRWDilophosaurus to ZBiome_CoastalDunes with commonality 0.075
Added JRWDiplocaulus to ZBiome_CoastalDunes with commonality 0.1
Added JRWEuphoberia to ZBiome_CoastalDunes with commonality 0.075
Added JRWGeosternbergia to ZBiome_CoastalDunes with commonality 0.1
Added JRWHynerpeton to ZBiome_CoastalDunes with commonality 0.1
Added JRWIschigualastia to ZBiome_CoastalDunes with commonality 0.075
Added JRWMacrelcana to ZBiome_CoastalDunes with commonality 0.075
Added JRWManipulator to ZBiome_CoastalDunes with commonality 0.075
Added JRWMeganeura to ZBiome_CoastalDunes with commonality 0.075
Added JRWNyctosaurus to ZBiome_CoastalDunes with commonality 0.1
Added JRWPlatyhystrix to ZBiome_CoastalDunes with commonality 0.1
Added JRWPteranodon to ZBiome_CoastalDunes with commonality 0.1
Added JRWPulmonoscorpius to ZBiome_CoastalDunes with commonality 0.075
Added JRWQuetzalcoatlus to ZBiome_CoastalDunes with commonality 0.1
Added TYR_MousePoison to ZBiome_CoastalDunes with commonality 0.05
Added Arthropleura to ZBiome_CoastalDunes with commonality 0.013
Added Titanis to ZBiome_CoastalDunes with commonality 0.0075
Added Elasmotherium to ZBiome_CoastalDunes with commonality 0.002
Added Megaloceros to ZBiome_CoastalDunes with commonality 0.005
Added Dinornis to ZBiome_CoastalDunes with commonality 0.004
Added Macrauchenia to ZBiome_CoastalDunes with commonality 0.0055
Added Meganeura to ZBiome_CoastalDunes with commonality 0.019
Added Zygolophodon to ZBiome_CoastalDunes with commonality 0.002
Added Platybelodon to ZBiome_CoastalDunes with commonality 0.004
Added Uintatherium to ZBiome_CoastalDunes with commonality 0.002
Added MA_Aminox to ZBiome_CoastalDunes with commonality 0.025
Added MA_Deermoss to ZBiome_CoastalDunes with commonality 0.03
Added MA_Gnaut to ZBiome_CoastalDunes with commonality 0.35
Added MA_Sivatherium to ZBiome_CoastalDunes with commonality 0.05
Added MA_Sporemole to ZBiome_CoastalDunes with commonality 0.01
Added Ling_Cockroach to ZBiome_CoastalDunes with commonality 0.0065
Added AA_AcanthamoebaGiganteaSmall to ZBiome_CoastalDunes with commonality 0.00375
Added AA_AnimaColossus to ZBiome_CoastalDunes with commonality 0.0025
Added AA_AnimusVox to ZBiome_CoastalDunes with commonality 0.025
Added AA_LarvalAtispec to ZBiome_CoastalDunes with commonality 0.0025
Added AA_BedBug to ZBiome_CoastalDunes with commonality 0.025
Added AA_BloodShrimp to ZBiome_CoastalDunes with commonality 0.00625
Added AA_BumbledroneHierophant to ZBiome_CoastalDunes with commonality 0.005
Added AA_Darkbeast to ZBiome_CoastalDunes with commonality 0.0025
Added AA_DecayDrake to ZBiome_CoastalDunes with commonality 0.01375
Added AA_EmpressButterflyLarva to ZBiome_CoastalDunes with commonality 0.01
Added AA_EmpressButterfly to ZBiome_CoastalDunes with commonality 0.01
Added AA_Feralisk to ZBiome_CoastalDunes with commonality 0.055
Added AA_GiantCrownedSilkie to ZBiome_CoastalDunes with commonality 0.00125
Added AA_GreyCoatedMouflon to ZBiome_CoastalDunes with commonality 0.00125
Added AA_Groundrunner to ZBiome_CoastalDunes with commonality 0.0675
Added AA_Helixien to ZBiome_CoastalDunes with commonality 0.0125
Added AA_Lockjaw to ZBiome_CoastalDunes with commonality 0.05
Added AA_OcularJelly to ZBiome_CoastalDunes with commonality 0.0025
Added AA_OvergrownColossus to ZBiome_CoastalDunes with commonality 0.0075
Added AA_Plasmorph to ZBiome_CoastalDunes with commonality 0.005
Added AA_Radyak to ZBiome_CoastalDunes with commonality 0.0005
Added AA_RaptorShrimp to ZBiome_CoastalDunes with commonality 0.01
Added AA_RayHound to ZBiome_CoastalDunes with commonality 0.035
Added AA_RipperHound to ZBiome_CoastalDunes with commonality 0.01375
Added AA_ShockGoat to ZBiome_CoastalDunes with commonality 0.0175
Added AA_Skiphound to ZBiome_CoastalDunes with commonality 0.0025
Added AA_Thunderbeast to ZBiome_CoastalDunes with commonality 0.00875
Added AA_Wildpawn to ZBiome_CoastalDunes with commonality 0.025
Added AA_Wildpod to ZBiome_CoastalDunes with commonality 0.0175
Added GiantToad to ZBiome_CoastalDunes with commonality 0.235
Added Jerbal to ZBiome_DesertOasis with commonality 0.3
Added Toraton to ZBiome_DesertOasis with commonality 0.3
Added JOE_Cephalope to ZBiome_DesertOasis with commonality 0.4
Added ERN_Amaro to ZBiome_DesertOasis with commonality 0.1
Added TYR_HotfootRat to ZBiome_DesertOasis with commonality 0.1
Added MA_Hellboar to ZBiome_DesertOasis with commonality 0.08
Added MA_Raptorkhan to ZBiome_DesertOasis with commonality 0.05
Added Ling_Cockroach to ZBiome_DesertOasis with commonality 0.003
Added Dewback to ZBiome_DesertOasis with commonality 0.05
Added Bantha to ZBiome_DesertOasis with commonality 0.5
Added Nexu to ZBiome_DesertOasis with commonality 0.02
Added Acklay to ZBiome_DesertOasis with commonality 0.008
Added KraytDragon to ZBiome_DesertOasis with commonality 0.08
Added Nerf to ZBiome_DesertOasis with commonality 0.03
Added Gizka to ZBiome_DesertOasis with commonality 0.1
Added Vulptex to ZBiome_DesertOasis with commonality 0.08
Added Anooba to ZBiome_DesertOasis with commonality 0.08
Added Beldon to ZBiome_DesertOasis with commonality 0.01
Added Blurrg to ZBiome_DesertOasis with commonality 0.04
Added Bolotaur to ZBiome_DesertOasis with commonality 0.01
Added Bogwing to ZBiome_DesertOasis with commonality 0.7
Added Borcatu to ZBiome_DesertOasis with commonality 0.08
Added Brezak to ZBiome_DesertOasis with commonality 0.04
Added Cannok to ZBiome_DesertOasis with commonality 0.04
Added Clodhopper to ZBiome_DesertOasis with commonality 0.04
Added Convor to ZBiome_DesertOasis with commonality 0.01
Added Drexl to ZBiome_DesertOasis with commonality 0.01
Added Eopie to ZBiome_DesertOasis with commonality 0.2
Added FrilledGorg to ZBiome_DesertOasis with commonality 0.2
Added Gorg to ZBiome_DesertOasis with commonality 0.4
Added Grank to ZBiome_DesertOasis with commonality 0.1
Added GraniteSlug to ZBiome_DesertOasis with commonality 0.1
Added GreaterKraytDragon to ZBiome_DesertOasis with commonality 0.001
Added Gundark to ZBiome_DesertOasis with commonality 0.01
Added Gutkurr to ZBiome_DesertOasis with commonality 0.8
Added Hrumph to ZBiome_DesertOasis with commonality 0.01
Added Insectomorph to ZBiome_DesertOasis with commonality 0.08
Added IridonianReek to ZBiome_DesertOasis with commonality 0.08
Added Iriaz to ZBiome_DesertOasis with commonality 0.04
Added Jamel to ZBiome_DesertOasis with commonality 0.4
Added KellDragon to ZBiome_DesertOasis with commonality 0.04
Added Klorslug to ZBiome_DesertOasis with commonality 0.08
Added Krykna to ZBiome_DesertOasis with commonality 0.01
Added Kreetle to ZBiome_DesertOasis with commonality 0.8
Added Kwi to ZBiome_DesertOasis with commonality 0.04
Added LavaFlea to ZBiome_DesertOasis with commonality 0.01
Added LongtailGorg to ZBiome_DesertOasis with commonality 0.4
Added Lothcat to ZBiome_DesertOasis with commonality 0.04
Added Lylek to ZBiome_DesertOasis with commonality 0.4
Added Massiff to ZBiome_DesertOasis with commonality 0.4
Added Mudhorn to ZBiome_DesertOasis with commonality 0.4
Added Mynock to ZBiome_DesertOasis with commonality 0.1
Added Neebray to ZBiome_DesertOasis with commonality 0.1
Added Nuna to ZBiome_DesertOasis with commonality 0.01
Added Orray to ZBiome_DesertOasis with commonality 0.06
Added PaintedSpat to ZBiome_DesertOasis with commonality 0.04
Added Roggwart to ZBiome_DesertOasis with commonality 0.01
Added Ronto to ZBiome_DesertOasis with commonality 0.4
Added Scavrat to ZBiome_DesertOasis with commonality 0.4
Added Scurrier to ZBiome_DesertOasis with commonality 0.8
Added Shyrack to ZBiome_DesertOasis with commonality 0.6
Added Skalder to ZBiome_DesertOasis with commonality 0.04
Added Sketto to ZBiome_DesertOasis with commonality 0.4
Added Snoruuk to ZBiome_DesertOasis with commonality 0.01
Added Thranta to ZBiome_DesertOasis with commonality 0.01
Added Tooke to ZBiome_DesertOasis with commonality 0.1
Added Tukata to ZBiome_DesertOasis with commonality 0.08
Added TuskCat to ZBiome_DesertOasis with commonality 0.01
Added Urusai to ZBiome_DesertOasis with commonality 0.4
Added Uvak to ZBiome_DesertOasis with commonality 0.02
Added Vapaad to ZBiome_DesertOasis with commonality 0.04
Added Varactyl to ZBiome_DesertOasis with commonality 0.08
Added Voorpak to ZBiome_DesertOasis with commonality 0.01
Added WompRat to ZBiome_DesertOasis with commonality 0.4
Added Worrt to ZBiome_DesertOasis with commonality 0.2
Added Wraid to ZBiome_DesertOasis with commonality 0.8
Added VQEA_Splicetoot to ZBiome_DesertOasis with commonality 0.4
Added AA_OcularJelly to ZBiome_DesertOasis with commonality 0.35
Added GiantToad to ZBiome_DesertOasis with commonality 0.03
Added RG_Rimclaw to ZBiome_DesertOasis with commonality 0.01
Added BMT_CactusCrab to ZBiome_DesertOasis with commonality 0.18
Added BMT_Diggerpede to ZBiome_DesertOasis with commonality 0.4
Added BMT_PustuleHornetSpawned to ZBiome_DesertOasis with commonality 0.7
Added GR_Needlechicken to ZBiome_DesertOasis with commonality 1
Added GR_Boomabear to ZBiome_DesertOasis with commonality 0.18
Added GR_Boomffalo to ZBiome_DesertOasis with commonality 0.18
Added GR_Boomsquirrel to ZBiome_DesertOasis with commonality 0.4
Added GR_Boomcat to ZBiome_DesertOasis with commonality 0.4
Added GR_FleshGrowth to ZBiome_DesertOasis with commonality 0.315
Added GR_Catalope to ZBiome_DesertOasis with commonality 1
Added GR_Manwolf to ZBiome_DesertOasis with commonality 0.18
Added GR_Boombeetle to ZBiome_DesertOasis with commonality 0.4
Added GR_ParagonBoomalope to ZBiome_DesertOasis with commonality 0.18
Added GR_Boomsnake to ZBiome_DesertOasis with commonality 0.4
Added GR_Squirralope to ZBiome_DesertOasis with commonality 1
Added JOE_Nautilant to ZBiome_GlacialShield with commonality 0.01
Added Zygolophodon to ZBiome_GlacialShield with commonality 0.002
Added MA_Raptorkhan to ZBiome_GlacialShield with commonality 0.01
Added PoisonRat to ZBiome_Iceberg_NoBeach with commonality 1
Added AM_UnshackledDryad to ZBiome_Iceberg_NoBeach with commonality 0.7
Added Bardelot to ZBiome_Iceberg_NoBeach with commonality 0.05
Added DA_SnowTaraal to ZBiome_Iceberg_NoBeach with commonality 0.15
Added Porg to ZBiome_Iceberg_NoBeach with commonality 1
Added Vulptex to ZBiome_Iceberg_NoBeach with commonality 0.7
Added Blarth to ZBiome_Iceberg_NoBeach with commonality 0.7
Added Qormot to ZBiome_Iceberg_NoBeach with commonality 0.4
Added TetnissCrab to ZBiome_Iceberg_NoBeach with commonality 0.7
Added Tibidee to ZBiome_Iceberg_NoBeach with commonality 0.2
Added Voorpak to ZBiome_Iceberg_NoBeach with commonality 0.7
Added VFEI2_Durapod to ZBiome_Iceberg_NoBeach with commonality 0.4
Added VFEI2_Empress to ZBiome_Iceberg_NoBeach with commonality 0.35
Added VFEI2_Megapede to ZBiome_Iceberg_NoBeach with commonality 0.18
Added VFEI2_RoyalMegaspider to ZBiome_Iceberg_NoBeach with commonality 0.18
Added VFEI2_RoyalSpelopede to ZBiome_Iceberg_NoBeach with commonality 0.4
Added VFEI2_Silverfish to ZBiome_Iceberg_NoBeach with commonality 0.35
Added VFEI2_Tankroach to ZBiome_Iceberg_NoBeach with commonality 0.18
Added VFEI2_Venomite to ZBiome_Iceberg_NoBeach with commonality 0.4
Added AA_AnimusVox to ZBiome_Iceberg_NoBeach with commonality 0.35
Added AA_SmallButterfly to ZBiome_Iceberg_NoBeach with commonality 0.5
Added BMT_Maxolotl to ZBiome_Iceberg_NoBeach with commonality 0.18
Added BMT_Rimebeak to ZBiome_Iceberg_NoBeach with commonality 0.4
Added GR_Thrumdraeodon to ZBiome_Iceberg_NoBeach with commonality 0.35
Added GR_Catchicken to ZBiome_Iceberg_NoBeach with commonality 1
Added GR_Moleman to ZBiome_Iceberg_NoBeach with commonality 0.4
Added GR_Bearman to ZBiome_Iceberg_NoBeach with commonality 0.4
Added FancyRat to ZBiome_Marsh with commonality 0.015
Added Worm to ZBiome_Marsh with commonality 0.15
Added Gigantelope to ZBiome_Marsh with commonality 0.25
Added Megasquid to ZBiome_Marsh with commonality 0.15
Added Rabbuck to ZBiome_Marsh with commonality 0.15
Added Toraton to ZBiome_Marsh with commonality 0.05
Added JOE_Landopus to ZBiome_Marsh with commonality 0.5
Added JOE_Cephalope to ZBiome_Marsh with commonality 0.285
Added JOE_Nautilant to ZBiome_Marsh with commonality 0.03
Added DA_BeardedTroll to ZBiome_Marsh with commonality 0.1
Added DA_Crestel to ZBiome_Marsh with commonality 0.05
Added DA_DwarvenMuffton to ZBiome_Marsh with commonality 0.1
Added DA_NorthernDrog to ZBiome_Marsh with commonality 0.05
Added DA_RedhornedLarpah to ZBiome_Marsh with commonality 0.0025
Added DA_Taraal to ZBiome_Marsh with commonality 0.03
Added JRWBeelzebufo to ZBiome_Marsh with commonality 0.05
Added JRWBernicia to ZBiome_Marsh with commonality 0.0375
Added JRWDilophosaurus to ZBiome_Marsh with commonality 0.0375
Added JRWDiplocaulus to ZBiome_Marsh with commonality 0.05
Added JRWGeralinura to ZBiome_Marsh with commonality 0.025
Added JRWHynerpeton to ZBiome_Marsh with commonality 0.05
Added JRWMacrelcana to ZBiome_Marsh with commonality 0.0375
Added JRWManipulator to ZBiome_Marsh with commonality 0.0375
Added JRWMeganeura to ZBiome_Marsh with commonality 0.0375
Added JRWPlatyhystrix to ZBiome_Marsh with commonality 0.05
Added JRWProtosolpuga to ZBiome_Marsh with commonality 0.0375
Added JRWPulmonoscorpius to ZBiome_Marsh with commonality 0.025
Added TYR_Lemming to ZBiome_Marsh with commonality 0.5
Added Arthropleura to ZBiome_Marsh with commonality 0.005
Added Doedicurus to ZBiome_Marsh with commonality 0.0015
Added Meganeura to ZBiome_Marsh with commonality 0.015
Added Zygolophodon to ZBiome_Marsh with commonality 0.002
Added Pulmonoscorpius to ZBiome_Marsh with commonality 0.0035
Added MA_Aminox to ZBiome_Marsh with commonality 0.03
Added MA_Hellboar to ZBiome_Marsh with commonality 0.01
Added MA_Raptorkhan to ZBiome_Marsh with commonality 0.04
Added MA_Sporemole to ZBiome_Marsh with commonality 0.02
Added Ling_Cockroach to ZBiome_Marsh with commonality 0.0025
Added AA_AngelMothLarva to ZBiome_Marsh with commonality 0.0175
Added AA_AngelMoth to ZBiome_Marsh with commonality 0.0175
Added AA_AnimusVox to ZBiome_Marsh with commonality 0.005
Added AA_AuroraSylph to ZBiome_Marsh with commonality 0.0075
Added AA_BloodShrimp to ZBiome_Marsh with commonality 0.0025
Added AA_Bumbledrone to ZBiome_Marsh with commonality 0.0175
Added AA_BumbledroneHierophant to ZBiome_Marsh with commonality 0.005
Added AA_DrainerLarva to ZBiome_Marsh with commonality 0.0075
Added AA_Drainer to ZBiome_Marsh with commonality 0.0075
Added AA_EmpressButterflyLarva to ZBiome_Marsh with commonality 0.0025
Added AA_EmpressButterfly to ZBiome_Marsh with commonality 0.0025
Added AA_Feralisk to ZBiome_Marsh with commonality 0.0375
Added AA_Groundrunner to ZBiome_Marsh with commonality 0.0175
Added AA_Lockjaw to ZBiome_Marsh with commonality 0.05
Added AA_OvergrownColossus to ZBiome_Marsh with commonality 0.005
Added AA_Plasmorph to ZBiome_Marsh with commonality 0.0125
Added AA_Razorjack to ZBiome_Marsh with commonality 0.00625
Added AA_Skiphound to ZBiome_Marsh with commonality 0.005
Added AA_Thunderbeast to ZBiome_Marsh with commonality 0.0025
Added GiantToad to ZBiome_Marsh with commonality 0.07
Added FancyRat to ZBiome_Sandbar_NoBeach with commonality 0.05
Added Giantala to ZBiome_Sandbar_NoBeach with commonality 0.1
Added Worm to ZBiome_Sandbar_NoBeach with commonality 0.15
Added Gigantelope to ZBiome_Sandbar_NoBeach with commonality 0.5
Added Megasquid to ZBiome_Sandbar_NoBeach with commonality 0.25
Added Rabbuck to ZBiome_Sandbar_NoBeach with commonality 0.25
Added Toraton to ZBiome_Sandbar_NoBeach with commonality 0.075
Added Yippa to ZBiome_Sandbar_NoBeach with commonality 0.25
Added Zarander to ZBiome_Sandbar_NoBeach with commonality 0.25
Added JOE_Landopus to ZBiome_Sandbar_NoBeach with commonality 0.1
Added JOE_Cephalope to ZBiome_Sandbar_NoBeach with commonality 0.07
Added JOE_Nautilant to ZBiome_Sandbar_NoBeach with commonality 0.01
Added DA_RedhornedLarpah to ZBiome_Sandbar_NoBeach with commonality 0.005
Added DA_Taraal to ZBiome_Sandbar_NoBeach with commonality 0.1
Added ERN_Amaro to ZBiome_Sandbar_NoBeach with commonality 0.1
Added JRWArchaeopteryx to ZBiome_Sandbar_NoBeach with commonality 0.075
Added JRWArthropleura to ZBiome_Sandbar_NoBeach with commonality 0.075
Added JRWBagaceratops to ZBiome_Sandbar_NoBeach with commonality 0.075
Added JRWBeelzebufo to ZBiome_Sandbar_NoBeach with commonality 0.1
Added JRWBernicia to ZBiome_Sandbar_NoBeach with commonality 0.075
Added JRWBrachytrachelopan to ZBiome_Sandbar_NoBeach with commonality 0.085
Added JRWCaihong to ZBiome_Sandbar_NoBeach with commonality 0.075
Added JRWDilophosaurus to ZBiome_Sandbar_NoBeach with commonality 0.075
Added JRWDiplocaulus to ZBiome_Sandbar_NoBeach with commonality 0.1
Added JRWEuoplocephalus to ZBiome_Sandbar_NoBeach with commonality 0.075
Added JRWEuphoberia to ZBiome_Sandbar_NoBeach with commonality 0.075
Added JRWGeosternbergia to ZBiome_Sandbar_NoBeach with commonality 0.1
Added JRWGorgonops to ZBiome_Sandbar_NoBeach with commonality 0.075
Added JRWHynerpeton to ZBiome_Sandbar_NoBeach with commonality 0.1
Added JRWIschigualastia to ZBiome_Sandbar_NoBeach with commonality 0.075
Added JRWMacrelcana to ZBiome_Sandbar_NoBeach with commonality 0.075
Added JRWManipulator to ZBiome_Sandbar_NoBeach with commonality 0.075
Added JRWMeganeura to ZBiome_Sandbar_NoBeach with commonality 0.075
Added JRWNyctosaurus to ZBiome_Sandbar_NoBeach with commonality 0.1
Added JRWPlatyhystrix to ZBiome_Sandbar_NoBeach with commonality 0.1
Added JRWPteranodon to ZBiome_Sandbar_NoBeach with commonality 0.1
Added JRWPulmonoscorpius to ZBiome_Sandbar_NoBeach with commonality 0.075
Added JRWQantassaurus to ZBiome_Sandbar_NoBeach with commonality 0.075
Added JRWQuetzalcoatlus to ZBiome_Sandbar_NoBeach with commonality 0.1
Added TYR_MousePoison to ZBiome_Sandbar_NoBeach with commonality 0.05
Added Arthropleura to ZBiome_Sandbar_NoBeach with commonality 0.013
Added Titanis to ZBiome_Sandbar_NoBeach with commonality 0.0075
Added Elasmotherium to ZBiome_Sandbar_NoBeach with commonality 0.002
Added Megaloceros to ZBiome_Sandbar_NoBeach with commonality 0.005
Added Dinornis to ZBiome_Sandbar_NoBeach with commonality 0.004
Added Macrauchenia to ZBiome_Sandbar_NoBeach with commonality 0.0055
Added Meganeura to ZBiome_Sandbar_NoBeach with commonality 0.019
Added Zygolophodon to ZBiome_Sandbar_NoBeach with commonality 0.002
Added Platybelodon to ZBiome_Sandbar_NoBeach with commonality 0.004
Added Uintatherium to ZBiome_Sandbar_NoBeach with commonality 0.002
Added MA_Aminox to ZBiome_Sandbar_NoBeach with commonality 0.025
Added MA_Deermoss to ZBiome_Sandbar_NoBeach with commonality 0.03
Added MA_Gnaut to ZBiome_Sandbar_NoBeach with commonality 0.35
Added MA_Sivatherium to ZBiome_Sandbar_NoBeach with commonality 0.05
Added MA_Sporemole to ZBiome_Sandbar_NoBeach with commonality 0.01
Added MA_Worhin to ZBiome_Sandbar_NoBeach with commonality 0.02
Added Ling_Cockroach to ZBiome_Sandbar_NoBeach with commonality 0.0065
Added AA_AcanthamoebaGiganteaSmall to ZBiome_Sandbar_NoBeach with commonality 0.00375
Added AA_Aerofleet to ZBiome_Sandbar_NoBeach with commonality 0.15
Added AA_AngelMothLarva to ZBiome_Sandbar_NoBeach with commonality 0.0275
Added AA_AngelMoth to ZBiome_Sandbar_NoBeach with commonality 0.0275
Added AA_AnimaColossus to ZBiome_Sandbar_NoBeach with commonality 0.0025
Added AA_AnimusVox to ZBiome_Sandbar_NoBeach with commonality 0.025
Added AA_LarvalAtispec to ZBiome_Sandbar_NoBeach with commonality 0.0025
Added AA_AuroraSylph to ZBiome_Sandbar_NoBeach with commonality 0.0175
Added AA_BedBug to ZBiome_Sandbar_NoBeach with commonality 0.025
Added AA_BloodShrimp to ZBiome_Sandbar_NoBeach with commonality 0.00625
Added AA_Bumbledrone to ZBiome_Sandbar_NoBeach with commonality 0.0425
Added AA_BumbledroneHierophant to ZBiome_Sandbar_NoBeach with commonality 0.005
Added AA_Darkbeast to ZBiome_Sandbar_NoBeach with commonality 0.0025
Added AA_DarkVandal to ZBiome_Sandbar_NoBeach with commonality 0.0375
Added AA_DecayDrake to ZBiome_Sandbar_NoBeach with commonality 0.01375
Added AA_DrainerLarva to ZBiome_Sandbar_NoBeach with commonality 0.0175
Added AA_Drainer to ZBiome_Sandbar_NoBeach with commonality 0.0175
Added AA_EmpressButterflyLarva to ZBiome_Sandbar_NoBeach with commonality 0.01
Added AA_EmpressButterfly to ZBiome_Sandbar_NoBeach with commonality 0.01
Added AA_Feralisk to ZBiome_Sandbar_NoBeach with commonality 0.055
Added AA_GiantCrownedSilkie to ZBiome_Sandbar_NoBeach with commonality 0.00125
Added AA_Gigantelope to ZBiome_Sandbar_NoBeach with commonality 0.15
Added AA_GreatDevourer to ZBiome_Sandbar_NoBeach with commonality 0.0025
Added AA_GreyCoatedMouflon to ZBiome_Sandbar_NoBeach with commonality 0.00125
Added AA_Groundrunner to ZBiome_Sandbar_NoBeach with commonality 0.0675
Added AA_Helixien to ZBiome_Sandbar_NoBeach with commonality 0.0125
Added AA_Lockjaw to ZBiome_Sandbar_NoBeach with commonality 0.05
Added AA_LuciferBug to ZBiome_Sandbar_NoBeach with commonality 0.00375
Added AA_MatureFleshbeast to ZBiome_Sandbar_NoBeach with commonality 0.005
Added AA_MeadowAve to ZBiome_Sandbar_NoBeach with commonality 0.1175
Added AA_MegaLouse to ZBiome_Sandbar_NoBeach with commonality 0.015
Added AA_NightAve to ZBiome_Sandbar_NoBeach with commonality 0.0075
Added AA_OcularJelly to ZBiome_Sandbar_NoBeach with commonality 0.0025
Added AA_OvergrownColossus to ZBiome_Sandbar_NoBeach with commonality 0.0075
Added AA_PedigreedRaptor to ZBiome_Sandbar_NoBeach with commonality 0.025
Added AA_Plasmorph to ZBiome_Sandbar_NoBeach with commonality 0.005
Added AA_Radyak to ZBiome_Sandbar_NoBeach with commonality 0.0005
Added AA_RaptorShrimp to ZBiome_Sandbar_NoBeach with commonality 0.01
Added AA_Ravager to ZBiome_Sandbar_NoBeach with commonality 0.00375
Added AA_RayHound to ZBiome_Sandbar_NoBeach with commonality 0.035
Added AA_RipperHound to ZBiome_Sandbar_NoBeach with commonality 0.01375
Added AA_RoyalAve to ZBiome_Sandbar_NoBeach with commonality 0.00375
Added AA_ShadowCharger to ZBiome_Sandbar_NoBeach with commonality 0.015
Added AA_ShockGoat to ZBiome_Sandbar_NoBeach with commonality 0.0175
Added AA_Skiphound to ZBiome_Sandbar_NoBeach with commonality 0.0025
Added AA_Thermadon to ZBiome_Sandbar_NoBeach with commonality 0.005
Added AA_Thunderbeast to ZBiome_Sandbar_NoBeach with commonality 0.00875
Added AA_Wildpawn to ZBiome_Sandbar_NoBeach with commonality 0.025
Added AA_Wildpod to ZBiome_Sandbar_NoBeach with commonality 0.0175
Added AA_WindBeast to ZBiome_Sandbar_NoBeach with commonality 0.00125
Added GiantToad to ZBiome_Sandbar_NoBeach with commonality 0.235
Added JOE_Landopus to ZBiome_Grasslands with commonality 0.1
Added JOE_Cephalope to ZBiome_Grasslands with commonality 0.2
Added JOE_Nautilant to ZBiome_Grasslands with commonality 0.01
Added Elasmotherium to ZBiome_Grasslands with commonality 0.004
Added Megaloceros to ZBiome_Grasslands with commonality 0.01
Added Meganeura to ZBiome_Grasslands with commonality 0.005
Added Platybelodon to ZBiome_Grasslands with commonality 0.005
Added Dewback to ZBiome_Grasslands with commonality 0.01
Added Rancor to ZBiome_Grasslands with commonality 0.08
Added Bantha to ZBiome_Grasslands with commonality 0.08
Added Nexu to ZBiome_Grasslands with commonality 0.08
Added Acklay to ZBiome_Grasslands with commonality 0.04
Added Reek to ZBiome_Grasslands with commonality 0.08
Added Porg to ZBiome_Grasslands with commonality 0.01
Added Vulptex to ZBiome_Grasslands with commonality 0.01
Added Akk to ZBiome_Grasslands with commonality 0.08
Added Anooba to ZBiome_Grasslands with commonality 0.04
Added Blurrg to ZBiome_Grasslands with commonality 0.04
Added Boma to ZBiome_Grasslands with commonality 0.04
Added Bordok to ZBiome_Grasslands with commonality 0.08
Added Borcatu to ZBiome_Grasslands with commonality 0.04
Added Bursa to ZBiome_Grasslands with commonality 0.01
Added CanCell to ZBiome_Grasslands with commonality 0.01
Added Cannok to ZBiome_Grasslands with commonality 0.06
Added Dactillion to ZBiome_Grasslands with commonality 0.02
Added Dalgo to ZBiome_Grasslands with commonality 0.08
Added Drexl to ZBiome_Grasslands with commonality 0.01
Added Eopie to ZBiome_Grasslands with commonality 0.02
Added Falumpaset to ZBiome_Grasslands with commonality 0.01
Added Fambaa to ZBiome_Grasslands with commonality 0.08
Added FeralGrazer to ZBiome_Grasslands with commonality 0.08
Added FeralNerf to ZBiome_Grasslands with commonality 0.08
Added Gorg to ZBiome_Grasslands with commonality 0.08
Added GraniteSlug to ZBiome_Grasslands with commonality 0.01
Added Gundark to ZBiome_Grasslands with commonality 0.02
Added Gutkurr to ZBiome_Grasslands with commonality 0.08
Added Hawkbat to ZBiome_Grasslands with commonality 0.01
Added Hrumph to ZBiome_Grasslands with commonality 0.08
Added IridonianReek to ZBiome_Grasslands with commonality 0.01
Added IthorianReek to ZBiome_Grasslands with commonality 0.08
Added Iriaz to ZBiome_Grasslands with commonality 0.08
Added Jakobeast to ZBiome_Grasslands with commonality 0.08
Added Jamel to ZBiome_Grasslands with commonality 0.08
Added Jimvu to ZBiome_Grasslands with commonality 0.08
Added Kaadu to ZBiome_Grasslands with commonality 0.01
Added Katarn to ZBiome_Grasslands with commonality 0.01
Added KowakianMonkeyLizard to ZBiome_Grasslands with commonality 0.01
Added Kinrath to ZBiome_Grasslands with commonality 0.04
Added Krykna to ZBiome_Grasslands with commonality 0.06
Added Kreetle to ZBiome_Grasslands with commonality 0.08
Added Kwi to ZBiome_Grasslands with commonality 0.08
Added Kybuck to ZBiome_Grasslands with commonality 0.08
Added Leaftail to ZBiome_Grasslands with commonality 0.06
Added LongtailGorg to ZBiome_Grasslands with commonality 0.04
Added Lothcat to ZBiome_Grasslands with commonality 0.08
Added LothWolf to ZBiome_Grasslands with commonality 0.08
Added Maalraas to ZBiome_Grasslands with commonality 0.06
Added Manka to ZBiome_Grasslands with commonality 0.08
Added Massiff to ZBiome_Grasslands with commonality 0.01
Added MastiffPhalone to ZBiome_Grasslands with commonality 0.08
Added Mastmot to ZBiome_Grasslands with commonality 0.01
Added Mawvorr to ZBiome_Grasslands with commonality 0.02
Added Mott to ZBiome_Grasslands with commonality 0.01
Added Mynock to ZBiome_Grasslands with commonality 0.08
Added Narglatch to ZBiome_Grasslands with commonality 0.06
Added Neebray to ZBiome_Grasslands with commonality 0.08
Added Orray to ZBiome_Grasslands with commonality 0.04
Added PaintedSpat to ZBiome_Grasslands with commonality 0.08
Added PekoPeko to ZBiome_Grasslands with commonality 0.01
Added Pikobis to ZBiome_Grasslands with commonality 0.02
Added Raxshir to ZBiome_Grasslands with commonality 0.08
Added Ronto to ZBiome_Grasslands with commonality 0.01
Added Rycrit to ZBiome_Grasslands with commonality 0.08
Added Runyip to ZBiome_Grasslands with commonality 0.01
Added Scavrat to ZBiome_Grasslands with commonality 0.08
Added Scurrier to ZBiome_Grasslands with commonality 0.01
Added Shaak to ZBiome_Grasslands with commonality 0.08
Added Shiro to ZBiome_Grasslands with commonality 0.01
Added ShiroTrap to ZBiome_Grasslands with commonality 0.01
Added Skalder to ZBiome_Grasslands with commonality 0.02
Added Sketto to ZBiome_Grasslands with commonality 0.04
Added Squall to ZBiome_Grasslands with commonality 0.08
Added Strill to ZBiome_Grasslands with commonality 0.01
Added Tach to ZBiome_Grasslands with commonality 0.01
Added TeeMuss to ZBiome_Grasslands with commonality 0.04
Added Thranta to ZBiome_Grasslands with commonality 0.01
Added Tibidee to ZBiome_Grasslands with commonality 0.001
Added Tooke to ZBiome_Grasslands with commonality 0.08
Added TuskCat to ZBiome_Grasslands with commonality 0.08
Added Urusai to ZBiome_Grasslands with commonality 0.04
Added Uvak to ZBiome_Grasslands with commonality 0.01
Added Vapaad to ZBiome_Grasslands with commonality 0.01
Added Varactyl to ZBiome_Grasslands with commonality 0.02
Added Veermok to ZBiome_Grasslands with commonality 0.06
Added Voorpak to ZBiome_Grasslands with commonality 0.04
Added Vornskyr to ZBiome_Grasslands with commonality 0.08
Added Warbird to ZBiome_Grasslands with commonality 0.01
Added WompRat to ZBiome_Grasslands with commonality 0.01
Added Worrt to ZBiome_Grasslands with commonality 0.01
Added Wraid to ZBiome_Grasslands with commonality 0.01
Added Zakkeg to ZBiome_Grasslands with commonality 0.01
Added AA_AnimaColossus to ZBiome_Grasslands with commonality 0.0005
Added AA_EmpressButterflyLarva to ZBiome_Grasslands with commonality 0.025
Added AA_EmpressButterfly to ZBiome_Grasslands with commonality 0.025
Added AA_Feralisk to ZBiome_Grasslands with commonality 0.025
Added AA_GiantCrownedSilkie to ZBiome_Grasslands with commonality 0.0025
Added AA_GreyCoatedMouflon to ZBiome_Grasslands with commonality 0.025
Added AA_Groundrunner to ZBiome_Grasslands with commonality 0.035
Added AA_OcularJelly to ZBiome_Grasslands with commonality 0.0025
Added AA_ShockGoat to ZBiome_Grasslands with commonality 0.025
 
****************__________ Starting to patch mod added polluted creatures to mod added biomes... __________****************
Added Rancor to Savanna with commonality 0.01
Added Vulptex to Savanna with commonality 0.015
Added Akk to Savanna with commonality 0.05
Added Borcatu to Savanna with commonality 0.15
Added Cannok to Savanna with commonality 0.04
Added Clodhopper to Savanna with commonality 0.075
Added EnergySpider to Savanna with commonality 0.005
Added FrilledGorg to Savanna with commonality 0.075
Added Gorg to Savanna with commonality 0.095
Added Grank to Savanna with commonality 0.045
Added GraniteSlug to Savanna with commonality 0.15
Added Gundark to Savanna with commonality 0.02
Added Gutkurr to Savanna with commonality 0.025
Added Hawkbat to Savanna with commonality 0.005
Added Insectomorph to Savanna with commonality 0.105
Added KellDragon to Savanna with commonality 0.02
Added Kinrath to Savanna with commonality 0.005
Added Krykna to Savanna with commonality 0.025
Added Kreetle to Savanna with commonality 0.15
Added Lylek to Savanna with commonality 0.02
Added Mynock to Savanna with commonality 0.15
Added Neebray to Savanna with commonality 0.15
Added PaintedSpat to Savanna with commonality 0.045
Added Scavrat to Savanna with commonality 0.15
Added Scurrier to Savanna with commonality 0.075
Added Shyrack to Savanna with commonality 0.04
Added Silooth to Savanna with commonality 0.005
Added Skalder to Savanna with commonality 0.04
Added TeeMuss to Savanna with commonality 0.075
Added Tibidee to Savanna with commonality 0.0005
Added Tooke to Savanna with commonality 0.08000001
Added Tukata to Savanna with commonality 0.02
Added Urusai to Savanna with commonality 0.075
Added Vapaad to Savanna with commonality 0.005
Added Warbird to Savanna with commonality 0.005
Added VAEWaste_Toxiguana to Savanna with commonality 0.5
Added BMT_Polluwog to Savanna with commonality 0.005
Added BMT_GastroToad to Savanna with commonality 0.015
Added BMT_Megaphorid to Savanna with commonality 0.005
Added BMT_Megaroach to Savanna with commonality 0.1
Added BMT_MutagenicNorphea to Savanna with commonality 0.015
Added BMT_SludgeCrawler to Savanna with commonality 0.01
Added BMT_Swarmcaller to Savanna with commonality 0.15
Added Vulptex to Volcano with commonality 0.08
Added Akk to Volcano with commonality 0.08
Added Boma to Volcano with commonality 0.01
Added Cannok to Volcano with commonality 0.08
Added FrilledGorg to Volcano with commonality 0.15
Added GraniteSlug to Volcano with commonality 0.15
Added Insectomorph to Volcano with commonality 0.08
Added Kreetle to Volcano with commonality 0.15
Added LavaFlea to Volcano with commonality 0.15
Added Mynock to Volcano with commonality 0.15
Added Neebray to Volcano with commonality 0.15
Added PaintedSpat to Volcano with commonality 0.08
Added Roggwart to Volcano with commonality 0.15
Added Scavrat to Volcano with commonality 0.01
Added Vapaad to Volcano with commonality 0.08
Added Rancor to Wasteland with commonality 0.01
Added Vulptex to Wasteland with commonality 0.03
Added Akk to Wasteland with commonality 0.02
Added Borcatu to Wasteland with commonality 0.15
Added EnergySpider to Wasteland with commonality 0.01
Added Gorg to Wasteland with commonality 0.04
Added Grank to Wasteland with commonality 0.01
Added GraniteSlug to Wasteland with commonality 0.15
Added Gundark to Wasteland with commonality 0.03
Added Gutkurr to Wasteland with commonality 0.04
Added Hawkbat to Wasteland with commonality 0.01
Added Insectomorph to Wasteland with commonality 0.06
Added KellDragon to Wasteland with commonality 0.04
Added Kinrath to Wasteland with commonality 0.01
Added Krykna to Wasteland with commonality 0.01
Added Kreetle to Wasteland with commonality 0.15
Added Lylek to Wasteland with commonality 0.04
Added Mynock to Wasteland with commonality 0.15
Added Neebray to Wasteland with commonality 0.15
Added PaintedSpat to Wasteland with commonality 0.01
Added Scavrat to Wasteland with commonality 0.15
Added Scurrier to Wasteland with commonality 0.15
Added Shyrack to Wasteland with commonality 0.08
Added Silooth to Wasteland with commonality 0.01
Added Skalder to Wasteland with commonality 0.08
Added Tooke to Wasteland with commonality 0.01
Added Tukata to Wasteland with commonality 0.04
Added Urusai to Wasteland with commonality 0.15
Added Vapaad to Wasteland with commonality 0.01
Added VAEWaste_Toxiguana to Wasteland with commonality 1
Added BMT_Polluwog to Wasteland with commonality 0.01
Added BMT_GastroToad to Wasteland with commonality 0.03
Added BMT_Megaphorid to Wasteland with commonality 0.01
Added BMT_Megaroach to Wasteland with commonality 0.2
Added BMT_MutagenicNorphea to Wasteland with commonality 0.03
Added BMT_SludgeCrawler to Wasteland with commonality 0.02
Added BMT_Swarmcaller to Wasteland with commonality 0.3
Added DA_Phrak to Wetland with commonality 0.2
Added Rancor to Wetland with commonality 0.01
Added Vulptex to Wetland with commonality 0.005
Added Akk to Wetland with commonality 0.005
Added Blixus to Wetland with commonality 0.075
Added Boma to Wetland with commonality 0.005
Added Borcatu to Wetland with commonality 0.04
Added Cannok to Wetland with commonality 0.04
Added Clodhopper to Wetland with commonality 0.04
Added Devourers to Wetland with commonality 0.005
Added Dianoga to Wetland with commonality 0.045
Added Dragonsnake to Wetland with commonality 0.02
Added Gelagrub to Wetland with commonality 0.045
Added Gorg to Wetland with commonality 0.115
Added Grank to Wetland with commonality 0.01
Added GraniteSlug to Wetland with commonality 0.15
Added Gundark to Wetland with commonality 0.01
Added Hawkbat to Wetland with commonality 0.08000001
Added Hssiss to Wetland with commonality 0.075
Added KellDragon to Wetland with commonality 0.005
Added Kinrath to Wetland with commonality 0.04
Added Klorslug to Wetland with commonality 0.04
Added Krykna to Wetland with commonality 0.04
Added Kreetle to Wetland with commonality 0.025
Added KwazelMaw to Wetland with commonality 0.025
Added LongtailGorg to Wetland with commonality 0.04
Added Mynock to Wetland with commonality 0.15
Added Neebray to Wetland with commonality 0.075
Added PaintedSpat to Wetland with commonality 0.005
Added PekoPeko to Wetland with commonality 0.04
Added Scavrat to Wetland with commonality 0.15
Added Scurrier to Wetland with commonality 0.005
Added Silooth to Wetland with commonality 0.075
Added Skalder to Wetland with commonality 0.005
Added Snoruuk to Wetland with commonality 0.075
Added Stintaril to Wetland with commonality 0.01
Added TeeMuss to Wetland with commonality 0.035
Added Tibidee to Wetland with commonality 0.0005
Added Vapaad to Wetland with commonality 0.005
Added Veermok to Wetland with commonality 0.045
Added Whisperbird to Wetland with commonality 0.08
Added WompRat to Wetland with commonality 0.01
Added Zakkeg to Wetland with commonality 0.005
Added BMT_Polluwog to Wetland with commonality 0.08
Added BMT_GastroToad to Wetland with commonality 0.3
Added BMT_Glowtail to Wetland with commonality 0.3
Added BMT_Megaphorid to Wetland with commonality 0.01
Added BMT_Megaroach to Wetland with commonality 0.2
Added BMT_MucklurkerCatfish to Wetland with commonality 0.025
Added BMT_MutagenicNorphea to Wetland with commonality 0.03
Added BMT_MutatingTumorfishSpawn to Wetland with commonality 0.05
Added BMT_MutatingTumorfishFry to Wetland with commonality 0.05
Added BMT_MutatingTumorfishAdult to Wetland with commonality 0.05
Added BMT_SludgeCrawler to Wetland with commonality 0.2
Added BMT_SmogMothLarvae to Wetland with commonality 0.1
Added BMT_SmogMoth to Wetland with commonality 0.05
Added BMT_Swarmcaller to Wetland with commonality 0.3
Added BMT_ToxSheep to Wetland with commonality 0.35
Added BMT_TripleSnapper to Wetland with commonality 0.1
Added DA_Phrak to AB_FeraliskInfestedJungle with commonality 0.275
Added Rancor to AB_FeraliskInfestedJungle with commonality 0.08
Added Vulptex to AB_FeraliskInfestedJungle with commonality 0.005
Added Akk to AB_FeraliskInfestedJungle with commonality 0.04
Added Blixus to AB_FeraliskInfestedJungle with commonality 0.075
Added Boma to AB_FeraliskInfestedJungle with commonality 0.04
Added Borcatu to AB_FeraliskInfestedJungle with commonality 0.04
Added Cannok to AB_FeraliskInfestedJungle with commonality 0.08
Added Devourers to AB_FeraliskInfestedJungle with commonality 0.08
Added Dianoga to AB_FeraliskInfestedJungle with commonality 0.09
Added Dragonsnake to AB_FeraliskInfestedJungle with commonality 0.095
Added FrilledGorg to AB_FeraliskInfestedJungle with commonality 0.075
Added Gelagrub to AB_FeraliskInfestedJungle with commonality 0.115
Added Gorg to AB_FeraliskInfestedJungle with commonality 0.475
Added Grank to AB_FeraliskInfestedJungle with commonality 0.03
Added GraniteSlug to AB_FeraliskInfestedJungle with commonality 0.15
Added Gundark to AB_FeraliskInfestedJungle with commonality 0.015
Added Gutkurr to AB_FeraliskInfestedJungle with commonality 0.005
Added Hawkbat to AB_FeraliskInfestedJungle with commonality 0.095
Added Hssiss to AB_FeraliskInfestedJungle with commonality 0.095
Added Insectomorph to AB_FeraliskInfestedJungle with commonality 0.005
Added JungleRancor to AB_FeraliskInfestedJungle with commonality 0.075
Added Kinrath to AB_FeraliskInfestedJungle with commonality 0.08
Added Klorslug to AB_FeraliskInfestedJungle with commonality 0.04
Added Krykna to AB_FeraliskInfestedJungle with commonality 0.09
Added Kreetle to AB_FeraliskInfestedJungle with commonality 0.25
Added KwazelMaw to AB_FeraliskInfestedJungle with commonality 0.06
Added LavaFlea to AB_FeraliskInfestedJungle with commonality 0.005
Added LongtailGorg to AB_FeraliskInfestedJungle with commonality 0.15
Added MarshHaunt to AB_FeraliskInfestedJungle with commonality 0.075
Added Mynock to AB_FeraliskInfestedJungle with commonality 0.15
Added Neebray to AB_FeraliskInfestedJungle with commonality 0.15
Added PaintedSpat to AB_FeraliskInfestedJungle with commonality 0.055
Added PekoPeko to AB_FeraliskInfestedJungle with commonality 0.08
Added Roggwart to AB_FeraliskInfestedJungle with commonality 0.01
Added Scavrat to AB_FeraliskInfestedJungle with commonality 0.15
Added Scurrier to AB_FeraliskInfestedJungle with commonality 0.005
Added Silooth to AB_FeraliskInfestedJungle with commonality 0.115
Added Skalder to AB_FeraliskInfestedJungle with commonality 0.075
Added Snoruuk to AB_FeraliskInfestedJungle with commonality 0.15
Added Stintaril to AB_FeraliskInfestedJungle with commonality 0.08000001
Added TeeMuss to AB_FeraliskInfestedJungle with commonality 0.05
Added Tooke to AB_FeraliskInfestedJungle with commonality 0.15
Added Taozin to AB_FeraliskInfestedJungle with commonality 0.01
Added Tukata to AB_FeraliskInfestedJungle with commonality 0.005
Added Vapaad to AB_FeraliskInfestedJungle with commonality 0.03
Added Veermok to AB_FeraliskInfestedJungle with commonality 0.08
Added WarWyrm to AB_FeraliskInfestedJungle with commonality 0.001
Added Whisperbird to AB_FeraliskInfestedJungle with commonality 0.15
Added WompRat to AB_FeraliskInfestedJungle with commonality 0.01
Added Wyyyschokk to AB_FeraliskInfestedJungle with commonality 0.08
Added Zakkeg to AB_FeraliskInfestedJungle with commonality 0.04
Added BMT_Polluwog to AB_FeraliskInfestedJungle with commonality 0.08
Added BMT_GastroToad to AB_FeraliskInfestedJungle with commonality 0.3
Added BMT_Glowtail to AB_FeraliskInfestedJungle with commonality 0.55
Added BMT_Creature_Mantrap to AB_FeraliskInfestedJungle with commonality 0.0005
Added BMT_Megaphorid to AB_FeraliskInfestedJungle with commonality 0.01
Added BMT_Megaroach to AB_FeraliskInfestedJungle with commonality 0.2
Added BMT_MucklurkerCatfish to AB_FeraliskInfestedJungle with commonality 0.025
Added BMT_MutagenicNorphea to AB_FeraliskInfestedJungle with commonality 0.03
Added BMT_MutatingTumorfishSpawn to AB_FeraliskInfestedJungle with commonality 0.05
Added BMT_MutatingTumorfishFry to AB_FeraliskInfestedJungle with commonality 0.05
Added BMT_MutatingTumorfishAdult to AB_FeraliskInfestedJungle with commonality 0.05
Added BMT_SludgeCrawler to AB_FeraliskInfestedJungle with commonality 0.2
Added BMT_SmogMothLarvae to AB_FeraliskInfestedJungle with commonality 0.1
Added BMT_SmogMoth to AB_FeraliskInfestedJungle with commonality 0.05
Added BMT_Swarmcaller to AB_FeraliskInfestedJungle with commonality 0.3
Added BMT_ToxSheep to AB_FeraliskInfestedJungle with commonality 0.15
Added BMT_TripleSnapper to AB_FeraliskInfestedJungle with commonality 0.1
Added Rancor to AB_RockyCrags with commonality 0.01
Added Vulptex to AB_RockyCrags with commonality 0.03
Added Akk to AB_RockyCrags with commonality 0.02
Added Borcatu to AB_RockyCrags with commonality 0.15
Added EnergySpider to AB_RockyCrags with commonality 0.01
Added Gorg to AB_RockyCrags with commonality 0.04
Added Grank to AB_RockyCrags with commonality 0.01
Added GraniteSlug to AB_RockyCrags with commonality 0.15
Added Gundark to AB_RockyCrags with commonality 0.03
Added Gutkurr to AB_RockyCrags with commonality 0.04
Added Hawkbat to AB_RockyCrags with commonality 0.01
Added Insectomorph to AB_RockyCrags with commonality 0.06
Added KellDragon to AB_RockyCrags with commonality 0.04
Added Kinrath to AB_RockyCrags with commonality 0.01
Added Krykna to AB_RockyCrags with commonality 0.01
Added Kreetle to AB_RockyCrags with commonality 0.15
Added Lylek to AB_RockyCrags with commonality 0.04
Added Mynock to AB_RockyCrags with commonality 0.15
Added Neebray to AB_RockyCrags with commonality 0.15
Added PaintedSpat to AB_RockyCrags with commonality 0.01
Added Scavrat to AB_RockyCrags with commonality 0.15
Added Scurrier to AB_RockyCrags with commonality 0.15
Added Shyrack to AB_RockyCrags with commonality 0.08
Added Silooth to AB_RockyCrags with commonality 0.01
Added Skalder to AB_RockyCrags with commonality 0.08
Added Tooke to AB_RockyCrags with commonality 0.01
Added Tukata to AB_RockyCrags with commonality 0.04
Added Urusai to AB_RockyCrags with commonality 0.15
Added Vapaad to AB_RockyCrags with commonality 0.01
Added BMT_Polluwog to AB_RockyCrags with commonality 0.01
Added BMT_GastroToad to AB_RockyCrags with commonality 0.03
Added BMT_Megaphorid to AB_RockyCrags with commonality 0.01
Added BMT_Megaroach to AB_RockyCrags with commonality 0.2
Added BMT_MutagenicNorphea to AB_RockyCrags with commonality 0.03
Added BMT_SludgeCrawler to AB_RockyCrags with commonality 0.02
Added BMT_Swarmcaller to AB_RockyCrags with commonality 0.3
Added Rancor to AB_GallatrossGraveyard with commonality 0.08
Added Vulptex to AB_GallatrossGraveyard with commonality 0.04
Added Akk to AB_GallatrossGraveyard with commonality 0.08
Added Boma to AB_GallatrossGraveyard with commonality 0.04
Added Borcatu to AB_GallatrossGraveyard with commonality 0.08
Added Cannok to AB_GallatrossGraveyard with commonality 0.04
Added Clodhopper to AB_GallatrossGraveyard with commonality 0.15
Added FrilledGorg to AB_GallatrossGraveyard with commonality 0.08
Added Gorg to AB_GallatrossGraveyard with commonality 0.06
Added Grank to AB_GallatrossGraveyard with commonality 0.08
Added GraniteSlug to AB_GallatrossGraveyard with commonality 0.15
Added Gundark to AB_GallatrossGraveyard with commonality 0.15
Added Gutkurr to AB_GallatrossGraveyard with commonality 0.08
Added Hawkbat to AB_GallatrossGraveyard with commonality 0.04
Added Insectomorph to AB_GallatrossGraveyard with commonality 0.15
Added KellDragon to AB_GallatrossGraveyard with commonality 0.01
Added Kinrath to AB_GallatrossGraveyard with commonality 0.08
Added Krykna to AB_GallatrossGraveyard with commonality 0.15
Added Kreetle to AB_GallatrossGraveyard with commonality 0.15
Added Lylek to AB_GallatrossGraveyard with commonality 0.01
Added Mynock to AB_GallatrossGraveyard with commonality 0.08
Added Neebray to AB_GallatrossGraveyard with commonality 0.15
Added PaintedSpat to AB_GallatrossGraveyard with commonality 0.15
Added Roggwart to AB_GallatrossGraveyard with commonality 0.01
Added Scavrat to AB_GallatrossGraveyard with commonality 0.15
Added Scurrier to AB_GallatrossGraveyard with commonality 0.15
Added Shyrack to AB_GallatrossGraveyard with commonality 0.04
Added Silooth to AB_GallatrossGraveyard with commonality 0.01
Added Skalder to AB_GallatrossGraveyard with commonality 0.08
Added TeeMuss to AB_GallatrossGraveyard with commonality 0.02
Added Tooke to AB_GallatrossGraveyard with commonality 0.15
Added Urusai to AB_GallatrossGraveyard with commonality 0.15
Added Vapaad to AB_GallatrossGraveyard with commonality 0.01
Added Veermok to AB_GallatrossGraveyard with commonality 0.04
Added WompRat to AB_GallatrossGraveyard with commonality 0.8
Added Zakkeg to AB_GallatrossGraveyard with commonality 0.04
Added BMT_Polluwog to AB_GallatrossGraveyard with commonality 0.01
Added BMT_GastroToad to AB_GallatrossGraveyard with commonality 0.03
Added BMT_Glowtail to AB_GallatrossGraveyard with commonality 0.2
Added BMT_Megaphorid to AB_GallatrossGraveyard with commonality 0.01
Added BMT_Megaroach to AB_GallatrossGraveyard with commonality 0.2
Added BMT_MutagenicNorphea to AB_GallatrossGraveyard with commonality 0.03
Added BMT_SludgeCrawler to AB_GallatrossGraveyard with commonality 0.02
Added BMT_Swarmcaller to AB_GallatrossGraveyard with commonality 0.3
Added DA_Phrak to AB_GelatinousSuperorganism with commonality 0.2
Added Rancor to AB_GelatinousSuperorganism with commonality 0.01
Added Vulptex to AB_GelatinousSuperorganism with commonality 0.005
Added Akk to AB_GelatinousSuperorganism with commonality 0.005
Added Blixus to AB_GelatinousSuperorganism with commonality 0.075
Added Boma to AB_GelatinousSuperorganism with commonality 0.005
Added Borcatu to AB_GelatinousSuperorganism with commonality 0.04
Added Cannok to AB_GelatinousSuperorganism with commonality 0.04
Added Clodhopper to AB_GelatinousSuperorganism with commonality 0.04
Added Devourers to AB_GelatinousSuperorganism with commonality 0.005
Added Dianoga to AB_GelatinousSuperorganism with commonality 0.045
Added Dragonsnake to AB_GelatinousSuperorganism with commonality 0.02
Added Gelagrub to AB_GelatinousSuperorganism with commonality 0.045
Added Gorg to AB_GelatinousSuperorganism with commonality 0.115
Added Grank to AB_GelatinousSuperorganism with commonality 0.01
Added GraniteSlug to AB_GelatinousSuperorganism with commonality 0.15
Added Gundark to AB_GelatinousSuperorganism with commonality 0.01
Added Hawkbat to AB_GelatinousSuperorganism with commonality 0.08000001
Added Hssiss to AB_GelatinousSuperorganism with commonality 0.075
Added KellDragon to AB_GelatinousSuperorganism with commonality 0.005
Added Kinrath to AB_GelatinousSuperorganism with commonality 0.04
Added Klorslug to AB_GelatinousSuperorganism with commonality 0.04
Added Krykna to AB_GelatinousSuperorganism with commonality 0.04
Added Kreetle to AB_GelatinousSuperorganism with commonality 0.025
Added KwazelMaw to AB_GelatinousSuperorganism with commonality 0.025
Added LongtailGorg to AB_GelatinousSuperorganism with commonality 0.04
Added Mynock to AB_GelatinousSuperorganism with commonality 0.15
Added Neebray to AB_GelatinousSuperorganism with commonality 0.075
Added PaintedSpat to AB_GelatinousSuperorganism with commonality 0.005
Added PekoPeko to AB_GelatinousSuperorganism with commonality 0.04
Added Scavrat to AB_GelatinousSuperorganism with commonality 0.15
Added Scurrier to AB_GelatinousSuperorganism with commonality 0.005
Added Silooth to AB_GelatinousSuperorganism with commonality 0.075
Added Skalder to AB_GelatinousSuperorganism with commonality 0.005
Added Snoruuk to AB_GelatinousSuperorganism with commonality 0.075
Added Stintaril to AB_GelatinousSuperorganism with commonality 0.01
Added TeeMuss to AB_GelatinousSuperorganism with commonality 0.035
Added Tibidee to AB_GelatinousSuperorganism with commonality 0.0005
Added Vapaad to AB_GelatinousSuperorganism with commonality 0.005
Added Veermok to AB_GelatinousSuperorganism with commonality 0.045
Added Whisperbird to AB_GelatinousSuperorganism with commonality 0.08
Added WompRat to AB_GelatinousSuperorganism with commonality 0.01
Added Zakkeg to AB_GelatinousSuperorganism with commonality 0.005
Added BMT_Polluwog to AB_GelatinousSuperorganism with commonality 0.08
Added BMT_GastroToad to AB_GelatinousSuperorganism with commonality 0.3
Added BMT_Glowtail to AB_GelatinousSuperorganism with commonality 0.3
Added BMT_Megaphorid to AB_GelatinousSuperorganism with commonality 0.01
Added BMT_Megaroach to AB_GelatinousSuperorganism with commonality 0.2
Added BMT_MucklurkerCatfish to AB_GelatinousSuperorganism with commonality 0.025
Added BMT_MutagenicNorphea to AB_GelatinousSuperorganism with commonality 0.03
Added BMT_MutatingTumorfishSpawn to AB_GelatinousSuperorganism with commonality 0.05
Added BMT_MutatingTumorfishFry to AB_GelatinousSuperorganism with commonality 0.05
Added BMT_MutatingTumorfishAdult to AB_GelatinousSuperorganism with commonality 0.05
Added BMT_SludgeCrawler to AB_GelatinousSuperorganism with commonality 0.2
Added BMT_SmogMothLarvae to AB_GelatinousSuperorganism with commonality 0.1
Added BMT_SmogMoth to AB_GelatinousSuperorganism with commonality 0.05
Added BMT_Swarmcaller to AB_GelatinousSuperorganism with commonality 0.3
Added BMT_ToxSheep to AB_GelatinousSuperorganism with commonality 0.35
Added BMT_TripleSnapper to AB_GelatinousSuperorganism with commonality 0.1
Added Rancor to AB_IdyllicMeadows with commonality 0.01
Added Vulptex to AB_IdyllicMeadows with commonality 0.01
Added Akk to AB_IdyllicMeadows with commonality 0.01
Added Boma to AB_IdyllicMeadows with commonality 0.01
Added Borcatu to AB_IdyllicMeadows with commonality 0.08
Added Cannok to AB_IdyllicMeadows with commonality 0.04
Added Clodhopper to AB_IdyllicMeadows with commonality 0.08
Added Dianoga to AB_IdyllicMeadows with commonality 0.01
Added Gelagrub to AB_IdyllicMeadows with commonality 0.01
Added Gorg to AB_IdyllicMeadows with commonality 0.15
Added Grank to AB_IdyllicMeadows with commonality 0.02
Added GraniteSlug to AB_IdyllicMeadows with commonality 0.15
Added Gundark to AB_IdyllicMeadows with commonality 0.01
Added Hawkbat to AB_IdyllicMeadows with commonality 0.15
Added KellDragon to AB_IdyllicMeadows with commonality 0.01
Added Kinrath to AB_IdyllicMeadows with commonality 0.08
Added Klorslug to AB_IdyllicMeadows with commonality 0.08
Added Krykna to AB_IdyllicMeadows with commonality 0.04
Added Kreetle to AB_IdyllicMeadows with commonality 0.02
Added KwazelMaw to AB_IdyllicMeadows with commonality 0.01
Added Mynock to AB_IdyllicMeadows with commonality 0.15
Added Neebray to AB_IdyllicMeadows with commonality 0.15
Added PaintedSpat to AB_IdyllicMeadows with commonality 0.01
Added PekoPeko to AB_IdyllicMeadows with commonality 0.08
Added Scavrat to AB_IdyllicMeadows with commonality 0.15
Added Scurrier to AB_IdyllicMeadows with commonality 0.01
Added Skalder to AB_IdyllicMeadows with commonality 0.01
Added Snoruuk to AB_IdyllicMeadows with commonality 0.15
Added Stintaril to AB_IdyllicMeadows with commonality 0.01
Added TeeMuss to AB_IdyllicMeadows with commonality 0.04
Added Tibidee to AB_IdyllicMeadows with commonality 0.001
Added Vapaad to AB_IdyllicMeadows with commonality 0.01
Added Veermok to AB_IdyllicMeadows with commonality 0.01
Added Whisperbird to AB_IdyllicMeadows with commonality 0.08
Added WompRat to AB_IdyllicMeadows with commonality 0.01
Added Zakkeg to AB_IdyllicMeadows with commonality 0.01
Added BMT_Polluwog to AB_IdyllicMeadows with commonality 0.08
Added BMT_GastroToad to AB_IdyllicMeadows with commonality 0.3
Added BMT_Glowtail to AB_IdyllicMeadows with commonality 0.4
Added BMT_Megaphorid to AB_IdyllicMeadows with commonality 0.01
Added BMT_Megaroach to AB_IdyllicMeadows with commonality 0.2
Added BMT_MutagenicNorphea to AB_IdyllicMeadows with commonality 0.03
Added BMT_SludgeCrawler to AB_IdyllicMeadows with commonality 0.2
Added BMT_SmogMothLarvae to AB_IdyllicMeadows with commonality 0.1
Added BMT_SmogMoth to AB_IdyllicMeadows with commonality 0.05
Added BMT_Swarmcaller to AB_IdyllicMeadows with commonality 0.3
Added BMT_ToxSheep to AB_IdyllicMeadows with commonality 0.7
Added BMT_TripleSnapper to AB_IdyllicMeadows with commonality 0.1
Added Rancor to AB_MechanoidIntrusion with commonality 0.01
Added Vulptex to AB_MechanoidIntrusion with commonality 0.03
Added Borcatu to AB_MechanoidIntrusion with commonality 0.8
Added EnergySpider to AB_MechanoidIntrusion with commonality 0.01
Added Gorg to AB_MechanoidIntrusion with commonality 0.02
Added GraniteSlug to AB_MechanoidIntrusion with commonality 0.15
Added Gutkurr to AB_MechanoidIntrusion with commonality 0.02
Added Hawkbat to AB_MechanoidIntrusion with commonality 0.01
Added Insectomorph to AB_MechanoidIntrusion with commonality 0.04
Added Kinrath to AB_MechanoidIntrusion with commonality 0.01
Added Krykna to AB_MechanoidIntrusion with commonality 0.01
Added Kreetle to AB_MechanoidIntrusion with commonality 0.15
Added LavaFlea to AB_MechanoidIntrusion with commonality 0.08
Added Lylek to AB_MechanoidIntrusion with commonality 0.08
Added Mynock to AB_MechanoidIntrusion with commonality 0.15
Added PaintedSpat to AB_MechanoidIntrusion with commonality 0.01
Added Roggwart to AB_MechanoidIntrusion with commonality 0.01
Added Scavrat to AB_MechanoidIntrusion with commonality 0.15
Added Scurrier to AB_MechanoidIntrusion with commonality 0.15
Added Shyrack to AB_MechanoidIntrusion with commonality 0.15
Added Silooth to AB_MechanoidIntrusion with commonality 0.01
Added Skalder to AB_MechanoidIntrusion with commonality 0.04
Added Tooke to AB_MechanoidIntrusion with commonality 0.01
Added Tukata to AB_MechanoidIntrusion with commonality 0.08
Added Urusai to AB_MechanoidIntrusion with commonality 0.15
Added Vapaad to AB_MechanoidIntrusion with commonality 0.01
Added WompRat to AB_MechanoidIntrusion with commonality 0.04
Added VAEWaste_Toxiguana to AB_MechanoidIntrusion with commonality 1
Added BMT_Polluwog to AB_MechanoidIntrusion with commonality 0.01
Added BMT_GastroToad to AB_MechanoidIntrusion with commonality 0.03
Added BMT_Megaphorid to AB_MechanoidIntrusion with commonality 0.01
Added BMT_Megaroach to AB_MechanoidIntrusion with commonality 0.2
Added BMT_MutagenicNorphea to AB_MechanoidIntrusion with commonality 0.03
Added BMT_SludgeCrawler to AB_MechanoidIntrusion with commonality 0.02
Added BMT_Swarmcaller to AB_MechanoidIntrusion with commonality 0.3
Added DA_Phrak to AB_MiasmicMangrove with commonality 0.4
Added Rancor to AB_MiasmicMangrove with commonality 0.08
Added Blixus to AB_MiasmicMangrove with commonality 0.15
Added Cannok to AB_MiasmicMangrove with commonality 0.08
Added Devourers to AB_MiasmicMangrove with commonality 0.08
Added Dianoga to AB_MiasmicMangrove with commonality 0.15
Added Dragonsnake to AB_MiasmicMangrove with commonality 0.15
Added FrilledGorg to AB_MiasmicMangrove with commonality 0.15
Added Gelagrub to AB_MiasmicMangrove with commonality 0.08
Added Gorg to AB_MiasmicMangrove with commonality 0.15
Added GraniteSlug to AB_MiasmicMangrove with commonality 0.15
Added Hawkbat to AB_MiasmicMangrove with commonality 0.15
Added Hssiss to AB_MiasmicMangrove with commonality 0.15
Added Kinrath to AB_MiasmicMangrove with commonality 0.08
Added Klorslug to AB_MiasmicMangrove with commonality 0.08
Added Krykna to AB_MiasmicMangrove with commonality 0.15
Added KwazelMaw to AB_MiasmicMangrove with commonality 0.08
Added LongtailGorg to AB_MiasmicMangrove with commonality 0.15
Added MarshHaunt to AB_MiasmicMangrove with commonality 0.15
Added Mynock to AB_MiasmicMangrove with commonality 0.15
Added Neebray to AB_MiasmicMangrove with commonality 0.15
Added PaintedSpat to AB_MiasmicMangrove with commonality 0.03
Added PekoPeko to AB_MiasmicMangrove with commonality 0.08
Added Scavrat to AB_MiasmicMangrove with commonality 0.15
Added Silooth to AB_MiasmicMangrove with commonality 0.15
Added Snoruuk to AB_MiasmicMangrove with commonality 0.15
Added Stintaril to AB_MiasmicMangrove with commonality 0.01
Added TeeMuss to AB_MiasmicMangrove with commonality 0.02
Added Tooke to AB_MiasmicMangrove with commonality 0.15
Added Taozin to AB_MiasmicMangrove with commonality 0.01
Added Tukata to AB_MiasmicMangrove with commonality 0.01
Added Vapaad to AB_MiasmicMangrove with commonality 0.03
Added Veermok to AB_MiasmicMangrove with commonality 0.08
Added WarWyrm to AB_MiasmicMangrove with commonality 0.001
Added Whisperbird to AB_MiasmicMangrove with commonality 0.15
Added WompRat to AB_MiasmicMangrove with commonality 0.01
Added Wyyyschokk to AB_MiasmicMangrove with commonality 0.08
Added BMT_Polluwog to AB_MiasmicMangrove with commonality 0.08
Added BMT_GastroToad to AB_MiasmicMangrove with commonality 0.3
Added BMT_Glowtail to AB_MiasmicMangrove with commonality 0.3
Added BMT_Megaphorid to AB_MiasmicMangrove with commonality 0.01
Added BMT_Megaroach to AB_MiasmicMangrove with commonality 0.2
Added BMT_MucklurkerCatfish to AB_MiasmicMangrove with commonality 0.05
Added BMT_MutagenicNorphea to AB_MiasmicMangrove with commonality 0.03
Added BMT_MutatingTumorfishSpawn to AB_MiasmicMangrove with commonality 0.1
Added BMT_MutatingTumorfishFry to AB_MiasmicMangrove with commonality 0.1
Added BMT_MutatingTumorfishAdult to AB_MiasmicMangrove with commonality 0.1
Added BMT_SludgeCrawler to AB_MiasmicMangrove with commonality 0.2
Added BMT_SmogMothLarvae to AB_MiasmicMangrove with commonality 0.1
Added BMT_SmogMoth to AB_MiasmicMangrove with commonality 0.05
Added BMT_Swarmcaller to AB_MiasmicMangrove with commonality 0.3
Added BMT_TripleSnapper to AB_MiasmicMangrove with commonality 0.1
Added DA_Phrak to AB_MycoticJungle with commonality 0.2
Added Rancor to AB_MycoticJungle with commonality 0.01
Added Vulptex to AB_MycoticJungle with commonality 0.005
Added Akk to AB_MycoticJungle with commonality 0.005
Added Blixus to AB_MycoticJungle with commonality 0.075
Added Boma to AB_MycoticJungle with commonality 0.005
Added Borcatu to AB_MycoticJungle with commonality 0.04
Added Cannok to AB_MycoticJungle with commonality 0.04
Added Clodhopper to AB_MycoticJungle with commonality 0.04
Added Devourers to AB_MycoticJungle with commonality 0.005
Added Dianoga to AB_MycoticJungle with commonality 0.045
Added Dragonsnake to AB_MycoticJungle with commonality 0.02
Added Gelagrub to AB_MycoticJungle with commonality 0.045
Added Gorg to AB_MycoticJungle with commonality 0.115
Added Grank to AB_MycoticJungle with commonality 0.01
Added GraniteSlug to AB_MycoticJungle with commonality 0.15
Added Gundark to AB_MycoticJungle with commonality 0.01
Added Hawkbat to AB_MycoticJungle with commonality 0.08000001
Added Hssiss to AB_MycoticJungle with commonality 0.075
Added KellDragon to AB_MycoticJungle with commonality 0.005
Added Kinrath to AB_MycoticJungle with commonality 0.04
Added Klorslug to AB_MycoticJungle with commonality 0.04
Added Krykna to AB_MycoticJungle with commonality 0.04
Added Kreetle to AB_MycoticJungle with commonality 0.025
Added KwazelMaw to AB_MycoticJungle with commonality 0.025
Added LongtailGorg to AB_MycoticJungle with commonality 0.04
Added Mynock to AB_MycoticJungle with commonality 0.15
Added Neebray to AB_MycoticJungle with commonality 0.075
Added PaintedSpat to AB_MycoticJungle with commonality 0.005
Added PekoPeko to AB_MycoticJungle with commonality 0.04
Added Scavrat to AB_MycoticJungle with commonality 0.15
Added Scurrier to AB_MycoticJungle with commonality 0.005
Added Silooth to AB_MycoticJungle with commonality 0.075
Added Skalder to AB_MycoticJungle with commonality 0.005
Added Snoruuk to AB_MycoticJungle with commonality 0.075
Added Stintaril to AB_MycoticJungle with commonality 0.01
Added TeeMuss to AB_MycoticJungle with commonality 0.035
Added Tibidee to AB_MycoticJungle with commonality 0.0005
Added Vapaad to AB_MycoticJungle with commonality 0.005
Added Veermok to AB_MycoticJungle with commonality 0.045
Added Whisperbird to AB_MycoticJungle with commonality 0.08
Added WompRat to AB_MycoticJungle with commonality 0.01
Added Zakkeg to AB_MycoticJungle with commonality 0.005
Added BMT_Polluwog to AB_MycoticJungle with commonality 0.08
Added BMT_GastroToad to AB_MycoticJungle with commonality 0.3
Added BMT_Glowtail to AB_MycoticJungle with commonality 0.3
Added BMT_Megaphorid to AB_MycoticJungle with commonality 0.01
Added BMT_Megaroach to AB_MycoticJungle with commonality 0.2
Added BMT_MucklurkerCatfish to AB_MycoticJungle with commonality 0.025
Added BMT_MutagenicNorphea to AB_MycoticJungle with commonality 0.03
Added BMT_MutatingTumorfishSpawn to AB_MycoticJungle with commonality 0.05
Added BMT_MutatingTumorfishFry to AB_MycoticJungle with commonality 0.05
Added BMT_MutatingTumorfishAdult to AB_MycoticJungle with commonality 0.05
Added BMT_SludgeCrawler to AB_MycoticJungle with commonality 0.2
Added BMT_SmogMothLarvae to AB_MycoticJungle with commonality 0.1
Added BMT_SmogMoth to AB_MycoticJungle with commonality 0.05
Added BMT_Swarmcaller to AB_MycoticJungle with commonality 0.3
Added BMT_ToxSheep to AB_MycoticJungle with commonality 0.35
Added BMT_TripleSnapper to AB_MycoticJungle with commonality 0.1
Added Rancor to AB_OcularForest with commonality 0.01
Added Vulptex to AB_OcularForest with commonality 0.01
Added Akk to AB_OcularForest with commonality 0.01
Added Boma to AB_OcularForest with commonality 0.01
Added Borcatu to AB_OcularForest with commonality 0.08
Added Cannok to AB_OcularForest with commonality 0.04
Added Clodhopper to AB_OcularForest with commonality 0.08
Added Dianoga to AB_OcularForest with commonality 0.01
Added Gelagrub to AB_OcularForest with commonality 0.01
Added Gorg to AB_OcularForest with commonality 0.15
Added Grank to AB_OcularForest with commonality 0.02
Added GraniteSlug to AB_OcularForest with commonality 0.15
Added Gundark to AB_OcularForest with commonality 0.01
Added Hawkbat to AB_OcularForest with commonality 0.15
Added KellDragon to AB_OcularForest with commonality 0.01
Added Kinrath to AB_OcularForest with commonality 0.08
Added Klorslug to AB_OcularForest with commonality 0.08
Added Krykna to AB_OcularForest with commonality 0.04
Added Kreetle to AB_OcularForest with commonality 0.02
Added KwazelMaw to AB_OcularForest with commonality 0.01
Added Mynock to AB_OcularForest with commonality 0.15
Added Neebray to AB_OcularForest with commonality 0.15
Added PaintedSpat to AB_OcularForest with commonality 0.01
Added PekoPeko to AB_OcularForest with commonality 0.08
Added Scavrat to AB_OcularForest with commonality 0.15
Added Scurrier to AB_OcularForest with commonality 0.01
Added Skalder to AB_OcularForest with commonality 0.01
Added Snoruuk to AB_OcularForest with commonality 0.15
Added Stintaril to AB_OcularForest with commonality 0.01
Added TeeMuss to AB_OcularForest with commonality 0.04
Added Tibidee to AB_OcularForest with commonality 0.001
Added Vapaad to AB_OcularForest with commonality 0.01
Added Veermok to AB_OcularForest with commonality 0.01
Added Whisperbird to AB_OcularForest with commonality 0.08
Added WompRat to AB_OcularForest with commonality 0.01
Added Zakkeg to AB_OcularForest with commonality 0.01
Added BMT_Polluwog to AB_OcularForest with commonality 0.08
Added BMT_GastroToad to AB_OcularForest with commonality 0.3
Added BMT_Glowtail to AB_OcularForest with commonality 0.4
Added BMT_Megaphorid to AB_OcularForest with commonality 0.01
Added BMT_Megaroach to AB_OcularForest with commonality 0.2
Added BMT_MutagenicNorphea to AB_OcularForest with commonality 0.03
Added BMT_SludgeCrawler to AB_OcularForest with commonality 0.2
Added BMT_SmogMothLarvae to AB_OcularForest with commonality 0.1
Added BMT_SmogMoth to AB_OcularForest with commonality 0.05
Added BMT_Swarmcaller to AB_OcularForest with commonality 0.3
Added BMT_ToxSheep to AB_OcularForest with commonality 0.7
Added BMT_TripleSnapper to AB_OcularForest with commonality 0.1
Added BMT_Megakrill to AB_PropaneLakes with commonality 0.05
Added BMT_Megaroach to AB_PropaneLakes with commonality 0.2
Added BMT_Swarmcaller to AB_PropaneLakes with commonality 0.3
Added BMT_Varmot to AB_PropaneLakes with commonality 1
Added Vulptex to AB_PyroclasticConflagration with commonality 0.08
Added Akk to AB_PyroclasticConflagration with commonality 0.08
Added Boma to AB_PyroclasticConflagration with commonality 0.01
Added Cannok to AB_PyroclasticConflagration with commonality 0.08
Added FrilledGorg to AB_PyroclasticConflagration with commonality 0.15
Added GraniteSlug to AB_PyroclasticConflagration with commonality 0.15
Added Insectomorph to AB_PyroclasticConflagration with commonality 0.08
Added Kreetle to AB_PyroclasticConflagration with commonality 0.15
Added LavaFlea to AB_PyroclasticConflagration with commonality 0.15
Added Mynock to AB_PyroclasticConflagration with commonality 0.15
Added Neebray to AB_PyroclasticConflagration with commonality 0.15
Added PaintedSpat to AB_PyroclasticConflagration with commonality 0.08
Added Roggwart to AB_PyroclasticConflagration with commonality 0.15
Added Scavrat to AB_PyroclasticConflagration with commonality 0.01
Added Vapaad to AB_PyroclasticConflagration with commonality 0.08
Added Rancor to AB_TarPits with commonality 0.01
Added Vulptex to AB_TarPits with commonality 0.02
Added Akk to AB_TarPits with commonality 0.015
Added Boma to AB_TarPits with commonality 0.005
Added Borcatu to AB_TarPits with commonality 0.115
Added Cannok to AB_TarPits with commonality 0.02
Added Clodhopper to AB_TarPits with commonality 0.04
Added Dianoga to AB_TarPits with commonality 0.005
Added EnergySpider to AB_TarPits with commonality 0.005
Added Gelagrub to AB_TarPits with commonality 0.005
Added Gorg to AB_TarPits with commonality 0.095
Added Grank to AB_TarPits with commonality 0.015
Added GraniteSlug to AB_TarPits with commonality 0.15
Added Gundark to AB_TarPits with commonality 0.02
Added Gutkurr to AB_TarPits with commonality 0.02
Added Hawkbat to AB_TarPits with commonality 0.08000001
Added Insectomorph to AB_TarPits with commonality 0.03
Added KellDragon to AB_TarPits with commonality 0.025
Added Kinrath to AB_TarPits with commonality 0.045
Added Klorslug to AB_TarPits with commonality 0.04
Added Krykna to AB_TarPits with commonality 0.025
Added Kreetle to AB_TarPits with commonality 0.085
Added KwazelMaw to AB_TarPits with commonality 0.005
Added Lylek to AB_TarPits with commonality 0.02
Added Mynock to AB_TarPits with commonality 0.15
Added Neebray to AB_TarPits with commonality 0.15
Added PaintedSpat to AB_TarPits with commonality 0.01
Added PekoPeko to AB_TarPits with commonality 0.04
Added Scavrat to AB_TarPits with commonality 0.15
Added Scurrier to AB_TarPits with commonality 0.08000001
Added Shyrack to AB_TarPits with commonality 0.04
Added Silooth to AB_TarPits with commonality 0.005
Added Skalder to AB_TarPits with commonality 0.045
Added Snoruuk to AB_TarPits with commonality 0.075
Added Stintaril to AB_TarPits with commonality 0.005
Added TeeMuss to AB_TarPits with commonality 0.02
Added Tibidee to AB_TarPits with commonality 0.0005
Added Tooke to AB_TarPits with commonality 0.005
Added Tukata to AB_TarPits with commonality 0.02
Added Urusai to AB_TarPits with commonality 0.075
Added Vapaad to AB_TarPits with commonality 0.01
Added Veermok to AB_TarPits with commonality 0.005
Added Whisperbird to AB_TarPits with commonality 0.04
Added WompRat to AB_TarPits with commonality 0.005
Added Zakkeg to AB_TarPits with commonality 0.005
Added BMT_Polluwog to AB_TarPits with commonality 0.045
Added BMT_GastroToad to AB_TarPits with commonality 0.165
Added BMT_Glowtail to AB_TarPits with commonality 0.2
Added BMT_Megaphorid to AB_TarPits with commonality 0.01
Added BMT_Megaroach to AB_TarPits with commonality 0.2
Added BMT_MutagenicNorphea to AB_TarPits with commonality 0.03
Added BMT_SludgeCrawler to AB_TarPits with commonality 0.11
Added BMT_SmogMothLarvae to AB_TarPits with commonality 0.05
Added BMT_SmogMoth to AB_TarPits with commonality 0.025
Added BMT_Swarmcaller to AB_TarPits with commonality 0.3
Added BMT_ToxSheep to AB_TarPits with commonality 0.35
Added BMT_TripleSnapper to AB_TarPits with commonality 0.05
Added Gorg to ZBiome_AlpineMeadow with commonality 0.075
Added BMT_BloodletterPetrel to ZBiome_AlpineMeadow with commonality 0.015
Added BMT_FenridStoat to ZBiome_AlpineMeadow with commonality 0.035
Added BMT_Polluwog to ZBiome_AlpineMeadow with commonality 0.045
Added BMT_GastroToad to ZBiome_AlpineMeadow with commonality 0.165
Added BMT_Glowtail to ZBiome_AlpineMeadow with commonality 0.2
Added BMT_Megaphorid to ZBiome_AlpineMeadow with commonality 0.01
Added BMT_Megaroach to ZBiome_AlpineMeadow with commonality 0.2
Added BMT_MutagenicNorphea to ZBiome_AlpineMeadow with commonality 0.03
Added BMT_SludgeCrawler to ZBiome_AlpineMeadow with commonality 0.105
Added BMT_SmogMothLarvae to ZBiome_AlpineMeadow with commonality 0.05
Added BMT_SmogMoth to ZBiome_AlpineMeadow with commonality 0.025
Added BMT_Swarmcaller to ZBiome_AlpineMeadow with commonality 0.3
Added BMT_ToxSheep to ZBiome_AlpineMeadow with commonality 0.75
Added BMT_TripleSnapper to ZBiome_AlpineMeadow with commonality 0.05
Added BMT_Varmot to ZBiome_AlpineMeadow with commonality 0.5
Added VAEWaste_Toxiguana to ZBiome_Badlands with commonality 0.85
Added BMT_Polluwog to ZBiome_Badlands with commonality 0.01
Added BMT_GastroToad to ZBiome_Badlands with commonality 0.03
Added BMT_Glowtail to ZBiome_Badlands with commonality 0.1
Added BMT_Megaphorid to ZBiome_Badlands with commonality 0.01
Added BMT_Megaroach to ZBiome_Badlands with commonality 0.2
Added BMT_MutagenicNorphea to ZBiome_Badlands with commonality 0.03
Added BMT_SludgeCrawler to ZBiome_Badlands with commonality 0.02
Added BMT_Swarmcaller to ZBiome_Badlands with commonality 0.3
Added DA_Phrak to ZBiome_CloudForest with commonality 0.1833333
Added Gorg to ZBiome_CloudForest with commonality 0.3666667
Added BMT_Polluwog to ZBiome_CloudForest with commonality 0.08
Added BMT_GastroToad to ZBiome_CloudForest with commonality 0.3
Added BMT_Glowtail to ZBiome_CloudForest with commonality 0.5
Added BMT_Megaphorid to ZBiome_CloudForest with commonality 0.01
Added BMT_Megaroach to ZBiome_CloudForest with commonality 0.2
Added BMT_MutagenicNorphea to ZBiome_CloudForest with commonality 0.03
Added BMT_SludgeCrawler to ZBiome_CloudForest with commonality 0.2
Added BMT_SmogMothLarvae to ZBiome_CloudForest with commonality 0.1
Added BMT_SmogMoth to ZBiome_CloudForest with commonality 0.05
Added BMT_Swarmcaller to ZBiome_CloudForest with commonality 0.3
Added BMT_ToxSheep to ZBiome_CloudForest with commonality 0.3333333
Added BMT_TripleSnapper to ZBiome_CloudForest with commonality 0.1
Added DA_Phrak to ZBiome_CoastalDunes with commonality 0.075
Added VAEWaste_Hydra to ZBiome_CoastalDunes with commonality 0.075
Added VAEWaste_Megatardi to ZBiome_CoastalDunes with commonality 0.25
Added BMT_Polluwog to ZBiome_CoastalDunes with commonality 0.08
Added BMT_GastroToad to ZBiome_CoastalDunes with commonality 0.3
Added BMT_Glowtail to ZBiome_CoastalDunes with commonality 0.6
Added BMT_Creature_Mantrap to ZBiome_CoastalDunes with commonality 0.0005
Added BMT_Megaphorid to ZBiome_CoastalDunes with commonality 0.01
Added BMT_Megaroach to ZBiome_CoastalDunes with commonality 0.2
Added BMT_MutagenicNorphea to ZBiome_CoastalDunes with commonality 0.03
Added BMT_SludgeCrawler to ZBiome_CoastalDunes with commonality 0.2
Added BMT_SmogMothLarvae to ZBiome_CoastalDunes with commonality 0.1
Added BMT_SmogMoth to ZBiome_CoastalDunes with commonality 0.05
Added BMT_Swarmcaller to ZBiome_CoastalDunes with commonality 0.3
Added BMT_ToxSheep to ZBiome_CoastalDunes with commonality 0.5
Added BMT_TripleSnapper to ZBiome_CoastalDunes with commonality 0.1
Added BMT_Polluwog to ZBiome_DesertOasis with commonality 0.01
Added BMT_GastroToad to ZBiome_DesertOasis with commonality 0.03
Added BMT_Megaphorid to ZBiome_DesertOasis with commonality 0.01
Added BMT_Megaroach to ZBiome_DesertOasis with commonality 0.2
Added BMT_MutagenicNorphea to ZBiome_DesertOasis with commonality 0.03
Added BMT_SludgeCrawler to ZBiome_DesertOasis with commonality 0.02
Added BMT_Swarmcaller to ZBiome_DesertOasis with commonality 0.3
Added BMT_Megakrill to ZBiome_Iceberg_NoBeach with commonality 0.1
Added BMT_Megaroach to ZBiome_Iceberg_NoBeach with commonality 0.2
Added BMT_Swarmcaller to ZBiome_Iceberg_NoBeach with commonality 0.3
Added DA_Phrak to ZBiome_Marsh with commonality 0.2
Added Rancor to ZBiome_Marsh with commonality 0.005
Added Blixus to ZBiome_Marsh with commonality 0.075
Added Borcatu to ZBiome_Marsh with commonality 0.005
Added Cannok to ZBiome_Marsh with commonality 0.04
Added Devourers to ZBiome_Marsh with commonality 0.005
Added Dianoga to ZBiome_Marsh with commonality 0.055
Added Dragonsnake to ZBiome_Marsh with commonality 0.02
Added FrilledGorg to ZBiome_Marsh with commonality 0.015
Added Gelagrub to ZBiome_Marsh with commonality 0.04
Added Gorg to ZBiome_Marsh with commonality 0.055
Added Grank to ZBiome_Marsh with commonality 0.005
Added GraniteSlug to ZBiome_Marsh with commonality 0.15
Added Gundark to ZBiome_Marsh with commonality 0.005
Added Hawkbat to ZBiome_Marsh with commonality 0.005
Added Hssiss to ZBiome_Marsh with commonality 0.115
Added Krykna to ZBiome_Marsh with commonality 0.0275
Added Kreetle to ZBiome_Marsh with commonality 0.015
Added KwazelMaw to ZBiome_Marsh with commonality 0.035
Added LongtailGorg to ZBiome_Marsh with commonality 0.04
Added MarshHaunt to ZBiome_Marsh with commonality 0.075
Added Mynock to ZBiome_Marsh with commonality 0.15
Added Scavrat to ZBiome_Marsh with commonality 0.15
Added Silooth to ZBiome_Marsh with commonality 0.09
Added Stintaril to ZBiome_Marsh with commonality 0.005
Added TeeMuss to ZBiome_Marsh with commonality 0.055
Added TetnissCrab to ZBiome_Marsh with commonality 0.075
Added Veermok to ZBiome_Marsh with commonality 0.04
Added Whisperbird to ZBiome_Marsh with commonality 0.04
Added WompRat to ZBiome_Marsh with commonality 0.005
Added BMT_BloodletterPetrel to ZBiome_Marsh with commonality 0.015
Added BMT_FenridStoat to ZBiome_Marsh with commonality 0.035
Added BMT_Polluwog to ZBiome_Marsh with commonality 0.045
Added BMT_GastroToad to ZBiome_Marsh with commonality 0.165
Added BMT_Glowtail to ZBiome_Marsh with commonality 0.1
Added BMT_Megaphorid to ZBiome_Marsh with commonality 0.01
Added BMT_Megaroach to ZBiome_Marsh with commonality 0.2
Added BMT_MucklurkerCatfish to ZBiome_Marsh with commonality 0.05
Added BMT_MutagenicNorphea to ZBiome_Marsh with commonality 0.03
Added BMT_MutatingTumorfishSpawn to ZBiome_Marsh with commonality 0.1
Added BMT_MutatingTumorfishFry to ZBiome_Marsh with commonality 0.1
Added BMT_MutatingTumorfishAdult to ZBiome_Marsh with commonality 0.1
Added BMT_SludgeCrawler to ZBiome_Marsh with commonality 0.115
Added BMT_SmogMothLarvae to ZBiome_Marsh with commonality 0.05
Added BMT_SmogMoth to ZBiome_Marsh with commonality 0.025
Added BMT_Swarmcaller to ZBiome_Marsh with commonality 0.3
Added BMT_TripleSnapper to ZBiome_Marsh with commonality 0.05
Added BMT_Varmot to ZBiome_Marsh with commonality 0.5
Added DA_Phrak to ZBiome_Sandbar_NoBeach with commonality 0.075
Added VAEWaste_Hydra to ZBiome_Sandbar_NoBeach with commonality 0.075
Added VAEWaste_Megatardi to ZBiome_Sandbar_NoBeach with commonality 0.25
Added BMT_Polluwog to ZBiome_Sandbar_NoBeach with commonality 0.08
Added BMT_GastroToad to ZBiome_Sandbar_NoBeach with commonality 0.3
Added BMT_Glowtail to ZBiome_Sandbar_NoBeach with commonality 0.6
Added BMT_Creature_Mantrap to ZBiome_Sandbar_NoBeach with commonality 0.0005
Added BMT_Megaphorid to ZBiome_Sandbar_NoBeach with commonality 0.01
Added BMT_Megaroach to ZBiome_Sandbar_NoBeach with commonality 0.2
Added BMT_MutagenicNorphea to ZBiome_Sandbar_NoBeach with commonality 0.03
Added BMT_SludgeCrawler to ZBiome_Sandbar_NoBeach with commonality 0.2
Added BMT_SmogMothLarvae to ZBiome_Sandbar_NoBeach with commonality 0.1
Added BMT_SmogMoth to ZBiome_Sandbar_NoBeach with commonality 0.05
Added BMT_Swarmcaller to ZBiome_Sandbar_NoBeach with commonality 0.3
Added BMT_ToxSheep to ZBiome_Sandbar_NoBeach with commonality 0.5
Added BMT_TripleSnapper to ZBiome_Sandbar_NoBeach with commonality 0.1
 
****************__________ Starting to patch mod added coastal creatures to mod added biomes... __________****************
Added Penguin to AB_PropaneLakes with commonality 0.1
Added Penguin to ZBiome_GlacialShield with commonality 0.1
 
****************__________ Starting to patch mod added caravan animals to mod added biomes... __________****************
 
****************__________ Starting to patch mod added fishes to mod added biomes... __________****************
Added swfish_Burra to Savanna with commonality 1
Added swfish_Dactopus to Savanna with commonality 1
Added swfish_Daggert to Savanna with commonality 1
Added swfish_Doshianjelly to Savanna with commonality 1
Added swfish_Faa to Savanna with commonality 1
Added swfish_FleekEel to Savanna with commonality 1
Added swfish_Laa to Savanna with commonality 1
Added swfish_Nyork to Savanna with commonality 1
Added swfish_PaddyFrog to Savanna with commonality 1
Added swfish_Ray to Savanna with commonality 1
Added swfish_See to Savanna with commonality 1
Added swfish_SinkCrab to Savanna with commonality 1
Added swfish_Burra to Volcano with commonality 1
Added swfish_Dactopus to Volcano with commonality 1
Added swfish_Daggert to Volcano with commonality 1
Added swfish_Doshianjelly to Volcano with commonality 1
Added swfish_Faa to Volcano with commonality 1
Added swfish_FleekEel to Volcano with commonality 1
Added swfish_Laa to Volcano with commonality 1
Added swfish_Nyork to Volcano with commonality 1
Added swfish_PaddyFrog to Volcano with commonality 1
Added swfish_Ray to Volcano with commonality 1
Added swfish_See to Volcano with commonality 1
Added swfish_SinkCrab to Volcano with commonality 1
Added DA_Fish_SnappingTadpole to Wetland with commonality 0.5
Added swfish_Burra to Wetland with commonality 1
Added swfish_Dactopus to Wetland with commonality 1
Added swfish_Daggert to Wetland with commonality 1
Added swfish_Doshianjelly to Wetland with commonality 1
Added swfish_Faa to Wetland with commonality 1
Added swfish_FleekEel to Wetland with commonality 1
Added swfish_Laa to Wetland with commonality 1
Added swfish_Nyork to Wetland with commonality 1
Added swfish_PaddyFrog to Wetland with commonality 1
Added swfish_Ray to Wetland with commonality 1
Added swfish_See to Wetland with commonality 1
Added swfish_SinkCrab to Wetland with commonality 1
Added DA_Fish_SnappingTadpole to AB_FeraliskInfestedJungle with commonality 0.5
Added swfish_Burra to AB_RockyCrags with commonality 1
Added swfish_Dactopus to AB_RockyCrags with commonality 1
Added swfish_Daggert to AB_RockyCrags with commonality 1
Added swfish_Doshianjelly to AB_RockyCrags with commonality 1
Added swfish_Faa to AB_RockyCrags with commonality 1
Added swfish_FleekEel to AB_RockyCrags with commonality 1
Added swfish_Laa to AB_RockyCrags with commonality 1
Added swfish_Nyork to AB_RockyCrags with commonality 1
Added swfish_PaddyFrog to AB_RockyCrags with commonality 1
Added swfish_Ray to AB_RockyCrags with commonality 1
Added swfish_See to AB_RockyCrags with commonality 1
Added swfish_SinkCrab to AB_RockyCrags with commonality 1
Added swfish_Burra to AB_GallatrossGraveyard with commonality 1
Added swfish_Dactopus to AB_GallatrossGraveyard with commonality 1
Added swfish_Daggert to AB_GallatrossGraveyard with commonality 1
Added swfish_Doshianjelly to AB_GallatrossGraveyard with commonality 1
Added swfish_Faa to AB_GallatrossGraveyard with commonality 1
Added swfish_FleekEel to AB_GallatrossGraveyard with commonality 1
Added swfish_Laa to AB_GallatrossGraveyard with commonality 1
Added swfish_Nyork to AB_GallatrossGraveyard with commonality 1
Added swfish_PaddyFrog to AB_GallatrossGraveyard with commonality 1
Added swfish_Ray to AB_GallatrossGraveyard with commonality 1
Added swfish_See to AB_GallatrossGraveyard with commonality 1
Added swfish_SinkCrab to AB_GallatrossGraveyard with commonality 1
Added DA_Fish_SnappingTadpole to AB_GelatinousSuperorganism with commonality 0.5
Added swfish_Burra to AB_GelatinousSuperorganism with commonality 1
Added swfish_Dactopus to AB_GelatinousSuperorganism with commonality 1
Added swfish_Daggert to AB_GelatinousSuperorganism with commonality 1
Added swfish_Doshianjelly to AB_GelatinousSuperorganism with commonality 1
Added swfish_Faa to AB_GelatinousSuperorganism with commonality 1
Added swfish_FleekEel to AB_GelatinousSuperorganism with commonality 1
Added swfish_Laa to AB_GelatinousSuperorganism with commonality 1
Added swfish_Nyork to AB_GelatinousSuperorganism with commonality 1
Added swfish_PaddyFrog to AB_GelatinousSuperorganism with commonality 1
Added swfish_Ray to AB_GelatinousSuperorganism with commonality 1
Added swfish_See to AB_GelatinousSuperorganism with commonality 1
Added swfish_SinkCrab to AB_GelatinousSuperorganism with commonality 1
Added swfish_Burra to AB_IdyllicMeadows with commonality 1
Added swfish_Dactopus to AB_IdyllicMeadows with commonality 1
Added swfish_Daggert to AB_IdyllicMeadows with commonality 1
Added swfish_Doshianjelly to AB_IdyllicMeadows with commonality 1
Added swfish_Faa to AB_IdyllicMeadows with commonality 1
Added swfish_FleekEel to AB_IdyllicMeadows with commonality 1
Added swfish_Laa to AB_IdyllicMeadows with commonality 1
Added swfish_Nyork to AB_IdyllicMeadows with commonality 1
Added swfish_PaddyFrog to AB_IdyllicMeadows with commonality 1
Added swfish_Ray to AB_IdyllicMeadows with commonality 1
Added swfish_See to AB_IdyllicMeadows with commonality 1
Added swfish_SinkCrab to AB_IdyllicMeadows with commonality 1
Added DA_Fish_SnappingTadpole to AB_MiasmicMangrove with commonality 1
Added DA_Fish_SnappingTadpole to AB_MycoticJungle with commonality 0.5
Added swfish_Burra to AB_MycoticJungle with commonality 1
Added swfish_Dactopus to AB_MycoticJungle with commonality 1
Added swfish_Daggert to AB_MycoticJungle with commonality 1
Added swfish_Doshianjelly to AB_MycoticJungle with commonality 1
Added swfish_Faa to AB_MycoticJungle with commonality 1
Added swfish_FleekEel to AB_MycoticJungle with commonality 1
Added swfish_Laa to AB_MycoticJungle with commonality 1
Added swfish_Nyork to AB_MycoticJungle with commonality 1
Added swfish_PaddyFrog to AB_MycoticJungle with commonality 1
Added swfish_Ray to AB_MycoticJungle with commonality 1
Added swfish_See to AB_MycoticJungle with commonality 1
Added swfish_SinkCrab to AB_MycoticJungle with commonality 1
Added swfish_Burra to AB_OcularForest with commonality 1
Added swfish_Dactopus to AB_OcularForest with commonality 1
Added swfish_Daggert to AB_OcularForest with commonality 1
Added swfish_Doshianjelly to AB_OcularForest with commonality 1
Added swfish_Faa to AB_OcularForest with commonality 1
Added swfish_FleekEel to AB_OcularForest with commonality 1
Added swfish_Laa to AB_OcularForest with commonality 1
Added swfish_Nyork to AB_OcularForest with commonality 1
Added swfish_PaddyFrog to AB_OcularForest with commonality 1
Added swfish_Ray to AB_OcularForest with commonality 1
Added swfish_See to AB_OcularForest with commonality 1
Added swfish_SinkCrab to AB_OcularForest with commonality 1
Added swfish_Burra to AB_PropaneLakes with commonality 1
Added swfish_Dactopus to AB_PropaneLakes with commonality 1
Added swfish_Daggert to AB_PropaneLakes with commonality 1
Added swfish_Doshianjelly to AB_PropaneLakes with commonality 1
Added swfish_Faa to AB_PropaneLakes with commonality 1
Added swfish_FleekEel to AB_PropaneLakes with commonality 1
Added swfish_Laa to AB_PropaneLakes with commonality 1
Added swfish_Nyork to AB_PropaneLakes with commonality 1
Added swfish_PaddyFrog to AB_PropaneLakes with commonality 1
Added swfish_Ray to AB_PropaneLakes with commonality 1
Added swfish_See to AB_PropaneLakes with commonality 1
Added swfish_SinkCrab to AB_PropaneLakes with commonality 1
Added swfish_Burra to AB_PyroclasticConflagration with commonality 1
Added swfish_Dactopus to AB_PyroclasticConflagration with commonality 1
Added swfish_Daggert to AB_PyroclasticConflagration with commonality 1
Added swfish_Doshianjelly to AB_PyroclasticConflagration with commonality 1
Added swfish_Faa to AB_PyroclasticConflagration with commonality 1
Added swfish_FleekEel to AB_PyroclasticConflagration with commonality 1
Added swfish_Laa to AB_PyroclasticConflagration with commonality 1
Added swfish_Nyork to AB_PyroclasticConflagration with commonality 1
Added swfish_PaddyFrog to AB_PyroclasticConflagration with commonality 1
Added swfish_Ray to AB_PyroclasticConflagration with commonality 1
Added swfish_See to AB_PyroclasticConflagration with commonality 1
Added swfish_SinkCrab to AB_PyroclasticConflagration with commonality 1
Added swfish_Burra to AB_TarPits with commonality 1
Added swfish_Dactopus to AB_TarPits with commonality 1
Added swfish_Daggert to AB_TarPits with commonality 1
Added swfish_Doshianjelly to AB_TarPits with commonality 1
Added swfish_Faa to AB_TarPits with commonality 1
Added swfish_FleekEel to AB_TarPits with commonality 1
Added swfish_Laa to AB_TarPits with commonality 1
Added swfish_Nyork to AB_TarPits with commonality 1
Added swfish_PaddyFrog to AB_TarPits with commonality 1
Added swfish_Ray to AB_TarPits with commonality 1
Added swfish_See to AB_TarPits with commonality 1
Added swfish_SinkCrab to AB_TarPits with commonality 1
Added swfish_Burra to ZBiome_AlpineMeadow with commonality 1
Added swfish_Dactopus to ZBiome_AlpineMeadow with commonality 1
Added swfish_Daggert to ZBiome_AlpineMeadow with commonality 1
Added swfish_Doshianjelly to ZBiome_AlpineMeadow with commonality 1
Added swfish_Faa to ZBiome_AlpineMeadow with commonality 1
Added swfish_FleekEel to ZBiome_AlpineMeadow with commonality 1
Added swfish_Laa to ZBiome_AlpineMeadow with commonality 1
Added swfish_Nyork to ZBiome_AlpineMeadow with commonality 1
Added swfish_PaddyFrog to ZBiome_AlpineMeadow with commonality 1
Added swfish_Ray to ZBiome_AlpineMeadow with commonality 1
Added swfish_See to ZBiome_AlpineMeadow with commonality 1
Added swfish_SinkCrab to ZBiome_AlpineMeadow with commonality 1
Added swfish_Burra to ZBiome_Badlands with commonality 1
Added swfish_Dactopus to ZBiome_Badlands with commonality 1
Added swfish_Daggert to ZBiome_Badlands with commonality 1
Added swfish_Doshianjelly to ZBiome_Badlands with commonality 1
Added swfish_Faa to ZBiome_Badlands with commonality 1
Added swfish_FleekEel to ZBiome_Badlands with commonality 1
Added swfish_Laa to ZBiome_Badlands with commonality 1
Added swfish_Nyork to ZBiome_Badlands with commonality 1
Added swfish_PaddyFrog to ZBiome_Badlands with commonality 1
Added swfish_Ray to ZBiome_Badlands with commonality 1
Added swfish_See to ZBiome_Badlands with commonality 1
Added swfish_SinkCrab to ZBiome_Badlands with commonality 1
Added swfish_Burra to ZBiome_CoastalDunes with commonality 0.5
Added swfish_Dactopus to ZBiome_CoastalDunes with commonality 0.5
Added swfish_Daggert to ZBiome_CoastalDunes with commonality 0.5
Added swfish_Doshianjelly to ZBiome_CoastalDunes with commonality 0.5
Added swfish_Faa to ZBiome_CoastalDunes with commonality 0.5
Added swfish_FleekEel to ZBiome_CoastalDunes with commonality 0.5
Added swfish_Laa to ZBiome_CoastalDunes with commonality 0.5
Added swfish_Nyork to ZBiome_CoastalDunes with commonality 0.5
Added swfish_PaddyFrog to ZBiome_CoastalDunes with commonality 0.5
Added swfish_Ray to ZBiome_CoastalDunes with commonality 0.5
Added swfish_See to ZBiome_CoastalDunes with commonality 0.5
Added swfish_SinkCrab to ZBiome_CoastalDunes with commonality 0.5
Added swfish_Burra to ZBiome_DesertOasis with commonality 1
Added swfish_Dactopus to ZBiome_DesertOasis with commonality 1
Added swfish_Daggert to ZBiome_DesertOasis with commonality 1
Added swfish_Doshianjelly to ZBiome_DesertOasis with commonality 1
Added swfish_Faa to ZBiome_DesertOasis with commonality 1
Added swfish_FleekEel to ZBiome_DesertOasis with commonality 1
Added swfish_Laa to ZBiome_DesertOasis with commonality 1
Added swfish_Nyork to ZBiome_DesertOasis with commonality 1
Added swfish_PaddyFrog to ZBiome_DesertOasis with commonality 1
Added swfish_Ray to ZBiome_DesertOasis with commonality 1
Added swfish_See to ZBiome_DesertOasis with commonality 1
Added swfish_SinkCrab to ZBiome_DesertOasis with commonality 1
Added swfish_Burra to ZBiome_Iceberg_NoBeach with commonality 1
Added swfish_Dactopus to ZBiome_Iceberg_NoBeach with commonality 1
Added swfish_Daggert to ZBiome_Iceberg_NoBeach with commonality 1
Added swfish_Doshianjelly to ZBiome_Iceberg_NoBeach with commonality 1
Added swfish_Faa to ZBiome_Iceberg_NoBeach with commonality 1
Added swfish_FleekEel to ZBiome_Iceberg_NoBeach with commonality 1
Added swfish_Laa to ZBiome_Iceberg_NoBeach with commonality 1
Added swfish_Nyork to ZBiome_Iceberg_NoBeach with commonality 1
Added swfish_PaddyFrog to ZBiome_Iceberg_NoBeach with commonality 1
Added swfish_Ray to ZBiome_Iceberg_NoBeach with commonality 1
Added swfish_See to ZBiome_Iceberg_NoBeach with commonality 1
Added swfish_SinkCrab to ZBiome_Iceberg_NoBeach with commonality 1
Added DA_Fish_SnappingTadpole to ZBiome_Marsh with commonality 1
Added swfish_Burra to ZBiome_Marsh with commonality 1
Added swfish_Dactopus to ZBiome_Marsh with commonality 1
Added swfish_Daggert to ZBiome_Marsh with commonality 1
Added swfish_Doshianjelly to ZBiome_Marsh with commonality 1
Added swfish_Faa to ZBiome_Marsh with commonality 1
Added swfish_FleekEel to ZBiome_Marsh with commonality 1
Added swfish_Laa to ZBiome_Marsh with commonality 1
Added swfish_Nyork to ZBiome_Marsh with commonality 1
Added swfish_PaddyFrog to ZBiome_Marsh with commonality 1
Added swfish_Ray to ZBiome_Marsh with commonality 1
Added swfish_See to ZBiome_Marsh with commonality 1
Added swfish_SinkCrab to ZBiome_Marsh with commonality 1
Added swfish_Burra to ZBiome_Sandbar_NoBeach with commonality 0.5
Added swfish_Dactopus to ZBiome_Sandbar_NoBeach with commonality 0.5
Added swfish_Daggert to ZBiome_Sandbar_NoBeach with commonality 0.5
Added swfish_Doshianjelly to ZBiome_Sandbar_NoBeach with commonality 0.5
Added swfish_Faa to ZBiome_Sandbar_NoBeach with commonality 0.5
Added swfish_FleekEel to ZBiome_Sandbar_NoBeach with commonality 0.5
Added swfish_Laa to ZBiome_Sandbar_NoBeach with commonality 0.5
Added swfish_Nyork to ZBiome_Sandbar_NoBeach with commonality 0.5
Added swfish_PaddyFrog to ZBiome_Sandbar_NoBeach with commonality 0.5
Added swfish_Ray to ZBiome_Sandbar_NoBeach with commonality 0.5
Added swfish_See to ZBiome_Sandbar_NoBeach with commonality 0.5
Added swfish_SinkCrab to ZBiome_Sandbar_NoBeach with commonality 0.5
Added swfish_Burra to ZBiome_Grasslands with commonality 1
Added swfish_Dactopus to ZBiome_Grasslands with commonality 1
Added swfish_Daggert to ZBiome_Grasslands with commonality 1
Added swfish_Doshianjelly to ZBiome_Grasslands with commonality 1
Added swfish_Faa to ZBiome_Grasslands with commonality 1
Added swfish_FleekEel to ZBiome_Grasslands with commonality 1
Added swfish_Laa to ZBiome_Grasslands with commonality 1
Added swfish_Nyork to ZBiome_Grasslands with commonality 1
Added swfish_PaddyFrog to ZBiome_Grasslands with commonality 1
Added swfish_Ray to ZBiome_Grasslands with commonality 1
Added swfish_See to ZBiome_Grasslands with commonality 1
Added swfish_SinkCrab to ZBiome_Grasslands with commonality 1
****************__________ BiomeCompatibilityProject: Patching finished, took us: 192ms __________****************
[LaserCannon] Custom parameters applied.
RSW_Pawn_SandP_Death SubSound RSW_Pawn_SandP_Death_0 has no resolvedGrains.
RSW_Pawn_SandP_Wounded SubSound RSW_Pawn_SandP_Wounded_0 has no resolvedGrains.
[SSC/HAR] Patched 60 alien races: CompSlave added=60, whitelist entries=0
[SSC/HAR] 3 compatibility patches active.
Unloading 3770 unused Assets to reduce memory usage. Loaded Objects now: 146033.
Total: 1459.245100 ms (FindLiveObjects: 14.487400 ms CreateObjectMapping: 6.934900 ms MarkObjects: 1433.354500 ms  DeleteObjects: 4.468000 ms)

[DivineFramework] Loaded version 0.12.1.2
CharacterEditor v1.6.3 initializing...
updating labels for english...
loading pawn slot content from file...
character editor instance created
checking editor settings...
bodysizes genes are active
CharacterEditor v1.6.3 ...done
CameraPlus: Found mod at C:\Program Files (x86)\Steam\steamapps\workshop\content\294100\867467808
Shader 'Camera+/Bordered': fallback shader 'Diffuse' not found
Starting patches: 1403 - 9/8/2026 5:21:33 PM
ISMA: Applying patches
ISMA: Patched ThingComp type RimWorld.CompPowerPlantSolar:PostDraw
ISMA: Patched ThingComp type RimWorld.CompPowerPlantWater:PostDraw
ISMA: Patched ThingComp type RimWorld.CompPowerPlantWind:PostDraw
ISMA: Patched ThingComp type RimWorld.CompDeathrestBindable:PostDraw
ISMA: Patched ThingComp type RimWorld.CompAncientHeatVent:PostDraw
ISMA: Patched ThingComp type RimWorld.CompAtomizer:PostDraw
ISMA: Patched ThingComp type RimWorld.CompBandNode:PostDraw
ISMA: Patched ThingComp type RimWorld.CompBiosculpterPod:PostDraw
ISMA: Patched ThingComp type RimWorld.CompCableConnection:PostDraw
ISMA: Patched ThingComp type RimWorld.CompCauseHediff_AoE:PostDraw
ISMA: Patched ThingComp type RimWorld.CompDarklightOverlay:PostDraw
ISMA: Patched ThingComp type RimWorld.CompDrawAdditionalGraphics:PostDraw
ISMA: Patched ThingComp type RimWorld.CompDryadHolder:PostDraw
ISMA: Patched ThingComp type RimWorld.CompEmptyStateGraphic:PostDraw
ISMA: Patched ThingComp type RimWorld.CompFireOverlay:PostDraw
ISMA: Patched ThingComp type RimWorld.CompRitualFireOverlay:PostDraw
ISMA: Patched ThingComp type RimWorld.CompFleshmassBase:PostDraw
ISMA: Patched ThingComp type RimWorld.CompHackable:PostDraw
ISMA: Patched ThingComp type RimWorld.CompHitchingSpot:PostDraw
ISMA: Patched ThingComp type RimWorld.CompOrbitalBeam:PostDraw
ISMA: Patched ThingComp type RimWorld.CompProjectileInterceptor:PostDraw
ISMA: Patched ThingComp type RimWorld.CompRadialPulse:PostDraw
ISMA: Patched ThingComp type RimWorld.CompRefuelable:PostDraw
ISMA: Patched ThingComp type RimWorld.CompSanguophageMeetingFire:PostDraw
ISMA: Patched ThingComp type RimWorld.CompShield:PostDraw
ISMA: Patched ThingComp type RimWorld.CompTargetingBeam:PostDraw
ISMA: Patched ThingComp type RimWorld.CompThingContainer:PostDraw
ISMA: Patched ThingComp type RimWorld.CompTreeConnection:PostDraw
ISMA: Patched ThingComp type CombatAI.Comps.ThingComp_CCTVTop:PostDraw
ISMA: Patched ThingComp type Fortified.CompSubRelay:PostDraw
ISMA: Patched ThingComp type Fortified.CompCommandRelay:PostDraw
ISMA: Patched ThingComp type Fortified.CompOverseer:PostDraw
ISMA: Patched ThingComp type Fortified.CompAccessKeyActivatable:PostDraw
ISMA: Patched ThingComp type Fortified.CompAccessKeyDoorLink:PostDraw
ISMA: Patched ThingComp type Fortified.CompBuildingMover:PostDraw
ISMA: Patched ThingComp type Fortified.CompBuildingExtraRenderer:PostDraw
ISMA: Patched ThingComp type Vehicles.CompFueledTravel:PostDraw
ISMA: Patched ThingComp type Vehicles.CompDrawLayer:PostDraw
ISMA: Patched ThingComp type Vehicles.CompUpgradeTree:PostDraw
ISMA: Patched ThingComp type PipeSystem.CompAdvancedResourceProcessor:PostDraw
ISMA: Patched ThingComp type PipeSystem.CompResourceStorage:PostDraw
ISMA: Patched ThingComp type VEF.Buildings.CompExtendedBiosculpterPod:PostDraw
ISMA: Patched ThingComp type VEF.Buildings.CompBouncingArrow:PostDraw
ISMA: Patched ThingComp type VEF.Buildings.CompFireOverlayRotatable:PostDraw
ISMA: Patched ThingComp type VEF.Apparels.CompShieldField:PostDraw
ISMA: Patched ThingComp type VEF.Apparels.CompShieldBubble:PostDraw
ISMA: Patched ThingComp type VEF.AnimalBehaviours.CompPawnOverlay:PostDraw
ISMA: Patched ThingComp type EBSGFramework.CompShieldEquipment:PostDraw
ISMA: Patched ThingComp type EBSGFramework.CompComaGeneBindable:PostDraw
ISMA: Patched ThingComp type AlphaBiomes.CompAlcyoniteSolar:PostDraw
ISMA: Patched ThingComp type AlphaMechs.CompCauseHediff_AoE_WithFaction:PostDraw
ISMA: Patched ThingComp type AlphaMechs.CompCauseHediff_AoE_WithRestrictions:PostDraw
ISMA: Patched ThingComp type AlphaMechs.CompTargetingBeamBlue:PostDraw
ISMA: Patched ThingComp type AncientMining.CompAutoStoneCutter:PostDraw
ISMA: Patched ThingComp type Asimov.Comp_AutoCrafterOverlay:PostDraw
ISMA: Patched ThingComp type BMT_Fossils.CompDisplayCase:PostDraw
ISMA: Patched ThingComp type CHAoEOC.CompCauseHediff_AoEOnColonist:PostDraw
ISMA: Patched ThingComp type DubsBadHygiene.Comp_SaunaHeater:PostDraw
ISMA: Patched ThingComp type DubsBadHygiene.CompAirconBaseUnit:PostDraw
ISMA: Patched ThingComp type DubsBadHygiene.CompAirconIndoorUnit:PostDraw
ISMA: Patched ThingComp type DubsBadHygiene.CompBlockage:PostDraw
ISMA: Patched ThingComp type DubsBadHygiene.CompBoiler:PostDraw
ISMA: Patched ThingComp type DubsBadHygiene.CompHeatStore:PostDraw
ISMA: Patched ThingComp type DubsBadHygiene.CompRadiator:PostDraw
ISMA: Patched ThingComp type DubsBadHygiene.CompSewageTreatment:PostDraw
ISMA: Patched ThingComp type DubsBadHygiene.CompWaterStorage:PostDraw
ISMA: Patched ThingComp type DubsBadHygiene.CompWindPump:PostDraw
ISMA: Patched ThingComp type DubsBadHygiene.CompWaterFillable:PostDraw
ISMA: Patched ThingComp type Blues.CompForgedSilentFire:PostDraw
ISMA: Patched ThingComp type Blues.CompForgedSilentDarklight:PostDraw
ISMA: Patched ThingComp type LetsGoExplore.ThingComp_RescueMe:PostDraw
ISMA: Patched ThingComp type GravTide.CompWasteTank:PostDraw
ISMA: Patched ThingComp type GravTide.CompShipCore:PostDraw
ISMA: Patched ThingComp type CompActivatableEffect.CompActivatableEffect:PostDraw
ISMA: Patched ThingComp type CompAnimated.CompAnimated:PostDraw
ISMA: Patched ThingComp type CompOverlays.CompOverlays:PostDraw
ISMA: Patched ThingComp type NightmareCore.ThingComp_AdditionalGraphics:PostDraw
ISMA: Patched ThingComp type NightmareCore.ThingComp_ItemDisplay:PostDraw
ISMA: Patched ThingComp type NightmareCore.ThingComp_MultiItemDisplay:PostDraw
ISMA: Patched ThingComp type NightmareCore.AdditionalGraphics.ThingComp_AdditionalGraphics:PostDraw
ISMA: Patched ThingComp type Rimefeller.CompExplosiveTank:PostDraw
ISMA: Patched ThingComp type Rimefeller.CompRefineryThreader:PostDraw
ISMA: Patched ThingComp type Rimefeller.CompOilDerrick:PostDraw
ISMA: Patched ThingComp type Rimefeller.CompRefinery:PostDraw
ISMA: Patched ThingComp type Rimefeller.CompCrudeCracker:PostDraw
ISMA: Patched ThingComp type Rimefeller.CompStorageTank:PostDraw
ISMA: Patched ThingComp type RimFridge.CompSecondLayer:PostDraw
ISMA: Patched ThingComp type TraderShips.CompShip:PostDraw
ISMA: Patched ThingComp type VFEInsectoids.CompThumper:PostDraw
ISMA: Patched ThingComp type VFETribals.CompFireOverlay_LargeFire:PostDraw
ISMA: Patched ThingComp type VanillaPowerExpanded.CompPowerAdvancedSolar:PostDraw
ISMA: Patched ThingComp type VanillaPowerExpanded.CompSoulsPowerPlant:PostDraw
ISMA: Patched ThingComp type VanillaPowerExpanded.CompPowerAdvancedWater:PostDraw
ISMA: Patched ThingComp type VanillaPowerExpanded.CompPowerAdvancedWind:PostDraw
ISMA: Patched ThingComp type VFEProps.CompConstantFireOverlay:PostDraw
ISMA: Patched ThingComp type VFESecurity.CompDualMannable:PostDraw
ISMA: Patched ThingComp type BunkBeds.CompBunkBed:PostDraw
ISMA: Patched ThingComp type VanillaGravshipExpanded.CompGravheatAbsorber:PostDraw
ISMA: Patched ThingComp type VanillaGravshipExpanded.CompHeatsink:PostDraw
ISMA: Patched ThingComp type VanillaGravshipExpanded.CompPowerPlantSolarPanelling:PostDraw
ISMA: Patched ThingComp type VanillaQuestsExpandedAncients.CompBioBattery:PostDraw
ISMA: Patched ThingComp type VanillaQuestsExpandedAncients.CompKickablePower:PostDraw
ISMA: Patched ThingComp type VanillaQuestsExpandedCryptoforge.CompNonRefuelable:PostDraw
ISMA: Patched ThingComp type EGIHologramsAndProjectors.CompHologramGraphics:PostDraw
ISMA: Patched ThingComp type ShowMeYourHands.HandDrawer:PostDraw
ISMA: Patched ThingComp type VCHE.CompPumpjackAnimation:PostDraw
ISMA: Patched ThingComp type VCHE.CompRefinery:PostDraw
ISMA: Patched ThingComp type ShipWallEnhanced.CompBatteryChargeBar:PostDraw
ISMA: Patched ThingComp type PrisonLabor.Core.Components.PrisonerComp:PostDraw
ISMA: Patched ThingComp type VFEPirates.Fueled:PostDraw
ISMA: Patched ThingComp type RimWorld.CompFireOverlayCool:PostDraw
ISMA: Patched ThingComp type VanillaMemesExpanded.CompPermanentFireOverlay:PostDraw
ISMA: Patched ThingComp type VanillaMemesExpanded.CompTimedFireOverlay:PostDraw
ISMA: Patched ThingComp type ChezhouLib.ClThingThingComp.ThingComp_WeaponLayers:PostDraw
ISMA: Patched ThingComp type ChezhouLib.ClThingComp.ThingComp_BuildingAnimation:PostDraw
ISMA: Patched ThingComp type ChezhouLib.ClThingComp.ThingComp_BuildingMultiFaceAnimation:PostDraw
ISMA: Patched ThingComp type TabulaRasa.Comp_ClusterGrower:PostDraw
ISMA: Patched ThingComp type TabulaRasa.Comp_Shield:PostDraw
ISMA: Patched ThingComp type TabulaRasa.Comp_IdeoIconOverlay:PostDraw
ISMA: Patched ThingComp type TabulaRasa.Comp_HologramProjection:PostDraw
ISMA: Patched ThingComp type TabulaRasa.Comp_AdvFireOverlay:PostDraw
ISMA: Patched ThingComp type GeneticRim.CompGenomorpher:PostDraw
ISMA: Patched ThingComp type GeneticRim.CompElectroWomb:PostDraw
ISMA: Patched ThingComp type KoltoTank.CompSecondLayer:PostDraw
ISMA: Patched ThingComp type SWCP_Shuttles.CompRotatingBlades:PostDraw
ISMA: Patched ThingComp type KoltoTank.CompSecondLayer:PostDraw
ISMA: Patched verb type Verse.Verb_LaunchProjectileStaticOneUse:TryCastShot
ISMA: Patched verb type Verse.Verb_AbilityShoot:TryCastShot
ISMA: Patched verb type Verse.Verb_ArcSprayIncinerator:TryCastShot
ISMA: Patched verb type Verse.Verb_LaunchProjectile:TryCastShot
ISMA: Patched verb type Verse.Verb_Shoot:TryCastShot
ISMA: Patched verb type Verse.Verb_ShootBeam:TryCastShot
ISMA: Patched verb type Verse.Verb_ShootBeam:TryStartCastOn
ISMA: Patched verb type Verse.Verb_SpewFire:TryCastShot
ISMA: Patched verb type Verse.Verb_Spray:TryCastShot
ISMA: Patched verb type Verse.AI.Verb_CastTargetEffect:TryCastShot
ISMA: Patched verb type RimWorld.Verb_CastAbility:TryCastShot
ISMA: Patched verb type RimWorld.Verb_CastAbility:TryStartCastOn
ISMA: Patched verb type RimWorld.Verb_CastAbilityJump:TryCastShot
ISMA: Patched verb type RimWorld.Verb_BeatFire:TryCastShot
ISMA: Patched verb type RimWorld.Verb_Bombardment:TryCastShot
ISMA: Patched verb type RimWorld.Verb_DeployBroadshield:TryCastShot
ISMA: Patched verb type RimWorld.Verb_DeployToxPack:TryCastShot
ISMA: Patched verb type RimWorld.Verb_DeployDeadlifePack:TryCastShot
ISMA: Patched verb type RimWorld.Verb_FirefoamPop:TryCastShot
ISMA: Patched verb type RimWorld.Verb_Ignite:TryCastShot
ISMA: Patched verb type RimWorld.Verb_Jump:TryCastShot
ISMA: Patched verb type RimWorld.Verb_MechCluster:TryCastShot
ISMA: Patched verb type RimWorld.Verb_MeleeAttack:TryCastShot
ISMA: Patched verb type RimWorld.Verb_PowerBeam:TryCastShot
ISMA: Patched verb type RimWorld.Verb_ShootOneUse:TryCastShot
ISMA: Patched verb type RimWorld.Verb_SmokePop:TryCastShot
ISMA: Patched verb type RimWorld.Verb_Spawn:TryCastShot
ISMA: Patched verb type RimWorldRealFoW.Verb_Look:TryCastShot
ISMA: Patched verb type Fortified.Verb_Deploy:TryCastShot
ISMA: Patched verb type Fortified.Verb_LaunchProjectile_AmmoSwitch:TryStartCastOn
ISMA: Patched verb type Fortified.Verb_Shoot_AmmoSwitch:TryStartCastOn
ISMA: Patched verb type Fortified.Verb_CastAbilityArcSprayProjectile:TryCastShot
ISMA: Patched verb type Fortified.Verb_MeleeSweep:TryStartCastOn
ISMA: Patched verb type Fortified.Verb_MultiShoot:TryCastShot
ISMA: Patched verb type Vehicles.Verb_ShootRealistic:TryCastShot
ISMA: Patched verb type Vehicles.Verb_ShootRecoiled:TryCastShot
ISMA: Patched verb type Vehicles.Verb_ShootWorldRecoiled:TryStartCastOn
ISMA: Patched verb type MVCF.Verbs.Verb_SmokePop:TryCastShot
ISMA: Patched verb type VEF.Weapons.Verb_MakeshiftShoot:TryStartCastOn
ISMA: Patched verb type VEF.Weapons.Verb_Shoot:TryCastShot
ISMA: Patched verb type VEF.Weapons.Verb_ShootWithFlintlockSmoke:TryCastShot
ISMA: Patched verb type VEF.Weapons.Verb_ShootWithSmoke:TryCastShot
ISMA: Patched verb type VEF.Abilities.Verb_CastAbility:TryCastShot
ISMA: Patched verb type VEF.Abilities.Verb_CastAbility:TryStartCastOn
ISMA: Patched verb type DedicatedTurrets.Verb_RampingBeam:TryCastShot
ISMA: Patched verb type DedicatedTurrets.Verb_Vaporiser:TryCastShot
ISMA: Patched verb type DedicatedTurrets.Verb_SludgerSpray:TryCastShot
ISMA: Patched verb type DedicatedTurrets.Verb_Zapper:TryCastShot
ISMA: Patched verb type AbilityUser.Verb_UseAbility:TryCastShot
ISMA: Patched verb type CompDeflector.Verb_Deflected:TryCastShot
ISMA: Patched verb type CompDeflector.Verb_Deflected:TryCastShot_V1Vanilla_Modified
ISMA: Patched verb type RimworldLaserCannon.Verb_ShootEnergyPulse:TryCastShot
ISMA: Patched verb type ModularWeapons2.Verb_AbilityUseUBGL:TryCastShot
ISMA: Patched verb type Ling_Cockroach.Verb_JumpToFace:TryCastShot
ISMA: Patched verb type VFEInsectoids.Verb_CastAbilityJumpUnrestricted:TryCastShot
ISMA: Patched verb type VFEInsectoids.Verb_CastAbilityWideTunnels:TryCastShot
ISMA: Patched verb type VFESecurity.Verb_BurnerFireSpew:TryCastShot
ISMA: Patched verb type VFESecurity.Verb_Dazzle:TryCastShot
ISMA: Patched verb type VFESecurity.Verb_ShootWithWorldTargeting:TryCastShot
ISMA: Patched verb type VanillaGravshipExpanded.Verb_ShootWithSmoke:TryCastShot
ISMA: Patched verb type VanillaGravshipExpanded.Verb_ShootWithWorldTargeting:TryCastShot
ISMA: Patched verb type VanillaQuestsExpandedAncients.Verb_CastAbilityLevitation:TryCastShot
ISMA: Patched verb type VREArchon.Verb_CastAbilityBluntJump:TryCastShot
ISMA: Patched verb type Isopoda_Geneline.Verb_Launch_Nurtrition:TryCastShot
ISMA: Patched verb type Spaceports.Verb_CastCallShuttle:TryCastShot
ISMA: Patched verb type Spaceports.Verb_CastCallShuttleArcho:TryCastShot
ISMA: Patched verb type VFEPirates.Verb_ShieldDetonation:TryCastShot
ISMA: Patched verb type VFEPirates.Verb_DroneDeployment:TryCastShot
ISMA: Patched verb type VFEPirates.Verb_LaunchProjectileStaticMultiple:TryCastShot
ISMA: Patched verb type VanillaVehiclesExpanded.Verb_SmokePop:TryCastShot
ISMA: Patched verb type Lightsaber.Verb_AbilityLaunchProjectile:TryCastShot
ISMA: Patched verb type AthenaPort.Verb_ShootRunningBeam:TryCastShot
ISMA: Patched verb type DeflectorHediff.Verb_Deflected:TryCastShot
ISMA: Patched verb type DeflectorHediff.Verb_Deflected:TryCastShot_V1Vanilla_Modified
ISMA: Patched verb type SelfHediffVerb.Verb_SelfHediff:TryCastShot
ISMA: Patched verb type SelfHediffVerb.Verb_SelfHediff:TryCastShot
ISMA: Patched verb type Verse.Verb:TryStartCastOn
ISMA: Patched verb type Verse.Verb:TryStartCastOn
ISMA: TryCastNextBurstShot Patched verb type Verse.Verb:TryCastNextBurstShot
CAI: attempting LoadIf for zetrith.prepatcher
CAI: <color=green>Load success</color> 'active't<System.Boolean> from 'zetrith.prepatcher'
CAI: attempting LoadIf for dubwise.dubsmintminimap
CAI: <color=green>Load success</color> 'active't<System.Boolean> from 'dubwise.dubsmintminimap'
CAI: <color=green>Load success</color> 'Fogged't<System.Reflection.MethodInfo> from 'dubwise.dubsmintminimap'
CAI: <color=green>Load success</color> 'DrawAllPawns't<System.Reflection.MethodInfo> from 'dubwise.dubsmintminimap'
CAI: attempting LoadIf for smashphil.vehicleframework
CAI: <color=green>Load success</color> 'active't<System.Boolean> from 'smashphil.vehicleframework'
CAI: <color=green>Load success</color> 'Vehicle't<System.Type> from 'smashphil.vehicleframework'
Initialize thinknodes
ISMA: SynthyleneRefiner added to raid targets.
ISMA: NapalmRefiner added to raid targets.
ISMA: SynthreadRefiner added to raid targets.
ISMA: SynthamideRefiner added to raid targets.
ISMA: OilWell added to raid targets.
ISMA: DeepOilWell added to raid targets.
ISMA: OilStorage added to raid targets.
ISMA: WoodFiredGenerator added to raid targets.
ISMA: ChemfuelPoweredGenerator added to raid targets.
ISMA: WindTurbine added to raid targets.
ISMA: Battery added to raid targets.
ISMA: SolarGenerator added to raid targets.
ISMA: GeothermalGenerator added to raid targets.
[AllowTool] Applied compatibility patch for "Pick Up And Haul"
  --> [What's That Mod] Took 2.43 seconds to scan all patches. <--
What's That Mod: Wrote to 28684 mod descriptions, 144 patched defs resolved.
What's That Mod took 2463 milliseconds to generate all def descriptions.
[RimHUD v1.17.5] Prisoner Realism Prisoner Realism is does not contain a version check.
<color=#1c6beb>[FacLoadout]</color> Initializing 1 registered module(s)...
<color=#1c6beb>[FacLoadout]</color> Game comp finalized init, applied 0 presets that affected 0 factions.
[ShipWallEnhanced] FuelBarEnabled is True, drawerType set to MapMeshAndRealTime
<color=#66ffb5>[MeleeAnim]</color> Potential patch conflicts (55):
<color=#66ffb5>[MeleeAnim]</color> 
virtual System.Void Verse.Pawn::DrawGUIOverlay()
Prefixes:
  [com.github.lukakama.rimworldmodrealfow] DrawGUIOverlay_Prefix
  [co.uk.epicguru.meleeanimation] Prefix
  [Krkr.Rule56] Prefix
Transpilers:
Postfixes:

Verse.PreRenderResults Verse.PawnRenderer::ParallelGetPreRenderResults(UnityEngine.Vector3 drawLoc, System.Nullable`1<Verse.Rot4> rotOverride, System.Boolean neverAimWeapon, System.Boolean disableCache)
Prefixes:
  [SmashPhil.VehicleFramework] DisableCachingPawnOverlays
  [OskarPotocki.VEF] Prefix
  [Font.Rimesis] Prefix
  [RedMattis.BetterPrerequisites] Prefix
  [rimworld.Nals.FacialAnimation] PrefixParallelGetPreRenderResults
  [GiddyUp] Prefix
Transpilers:
  [net.pardeike.rimworld.lib.harmony] ParallelGetPreRenderResults_Transpiler
  [rimworld.erdelf.alien_race.main] PostureTranspiler
Postfixes:
  [co.uk.epicguru.meleeanimation] Postfix

static System.Void Verse.PawnRenderUtility::DrawEquipmentAiming(Verse.Thing eq, UnityEngine.Vector3 drawLoc, System.Single aimAngle)
Prefixes:
  [OskarPotocki.VEF] Prefix
  [OskarPotocki.VEF] Prefix
  [OskarPotocki.VEF] DrawEquipmentAimingPrefix
  [VFEPirates.Mod] Prefix
  [ChezhouLib.lib] Prefix
  [Neronix17.TabulaRasa.RimWorld] Prefix
  [co.uk.epicguru.meleeanimation] Prefix
  [Lightsabers_ForceThe] DrawEquipmentAimingPreFix
  [OskarPotocki.VEF] DrawDuplicate
  [Mlie.BetterProjectileOrigin] Prefix
  [rimworld.carnysenpai.enableoversizedweapons] Prefix_Drawloc
  [jecstools.jecrell.comps.installedpart] DrawEquipmentAiming_PreFix
  [jecstools.jecrell.comps.oversized] DrawEquipmentAimingPreFix
  [XMB.AncientMall.MO] Prefix
Transpilers:
Postfixes:
  [jecstools.jecrell.comps.activator] DrawEquipmentAimingPostFix
  [jecstools.jecrell.comps.deflector] DrawEquipmentAimingPostFix
  [kaitorisenkou.ModularWeapons2] Postfix_DrawEquipmentAiming

System.Void Verse.PawnRenderer::RenderPawnAt(UnityEngine.Vector3 drawLoc, System.Nullable`1<Verse.Rot4> rotOverride, System.Boolean neverAimWeapon)
Prefixes:
  [net.pardeike.rimworld.mod.camera+] Prefix
  [co.uk.epicguru.meleeanimation] Prefix
  [vlvop.tormentmaster.expansion] Prefix
  [Krkr.Rule56] Prefix
Transpilers:
Postfixes:
  [co.uk.epicguru.meleeanimation] Postfix
  [Rimworld.Alite.EBSG.main] RenderPawnAtPostfix
  [jecstools.chjees.shields] Patch_PawnRenderer_RenderPawnAt
  [meathax.JobEffects] Postfix

static System.Collections.Generic.List`1<Verse.FloatMenuOption> RimWorld.FloatMenuMakerMap::GetOptions(System.Collections.Generic.List`1<Verse.Pawn> selectedPawns, UnityEngine.Vector3 clickPos, RimWorld.FloatMenuContext& context)
Prefixes:
  [sensiblebedownership.1trickPwnyta] Prefix
Transpilers:
Postfixes:
  [rimtek.patch] Postfix
  [alt4s.visitsettlements] Postfix
  [co.uk.epicguru.meleeanimation] Postfix
  [RedMattis.BetterPrerequisites] Postfix
  [rimtek.giveability] Postfix
  [sensiblebedownership.1trickPwnyta] Postfix
  [amoruch.RimWorldStealingMod] Postfix
  [net.pardeike.rimworld.mods.achtung] Postfix

static System.Void Verse.PawnGenerator::GenerateGearFor(Verse.Pawn pawn, Verse.PawnGenerationRequest request)
Prefixes:
Transpilers:
Postfixes:
  [Mlie.YayosCombat3] Postfix
  [PeteTimesSix.SimpleSidearms] GenerateGearFor
  [co.uk.epicguru.meleeanimation] Postfix
  [jecstools.chjees.shields] Patch_PawnGenerator_GenerateGearFor
  [rimworld.erdelf.alien_race.main] GenerateGearForPostfix

static Verse.Pawn RimWorld.PawnUtility::PawnBlockingPathAt(Verse.IntVec3 c, Verse.Pawn forPawn, System.Boolean actAsIfHadCollideWithPawnsJob, System.Boolean collideOnlyWithStandingPawns, System.Boolean forPathFinder, System.Boolean useId)
Prefixes:
  [co.uk.epicguru.meleeanimation] Prefix
  [co.uk.epicguru.meleeanimation] Prefix
Transpilers:
Postfixes:
  [neku.largepawns] Postfix

virtual System.Boolean RimWorld.Verb_MeleeAttack::TryCastShot()
Prefixes:
  [co.uk.epicguru.meleeanimation] Prefix
  [Krkr.Rule56] Prefix
Transpilers:
Postfixes:
  [PeteTimesSix.SimpleSidearms] TryCastShot
  [Krkr.Rule56] Postfix

System.Boolean Verse.HediffSet::get_HasHead()
Prefixes:
  [co.uk.epicguru.meleeanimation] Prefix
  [rimworld.erdelf.alien_race.main] HasHeadPrefix
Transpilers:
Postfixes:

System.Void Verse.PawnRenderTree::ParallelPreDraw(Verse.PawnDrawParms parms)
Prefixes:
  [co.uk.epicguru.meleeanimation] Prefix
  [astryl.sleepingbuddies] Prefix
Transpilers:
Postfixes:
  [co.uk.epicguru.meleeanimation] Postfix
  [rimworld.Nals.FacialAnimation] PostfixParallelPreDraw

System.Void RimWorld.Pawn_ApparelTracker::Notify_ApparelChanged()
Prefixes:
  [co.uk.epicguru.meleeanimation] Prefix
Transpilers:
Postfixes:
  [Fortified] Postfix
  [costel.layeredapparel] Postfix_NotifyApparelChanged
  [Krkr.Rule56] Postfix

System.Void Verse.Pawn_DrawTracker::Notify_MeleeAttackOn(Verse.Thing Target)
Prefixes:
  [co.uk.epicguru.meleeanimation] Prefix
  [meathax.JobEffects] Prefix
Transpilers:
Postfixes:
<color=#66ffb5>[MeleeAnim]</color> Full patch list:
<color=#66ffb5>[MeleeAnim]</color> 
virtual System.Void Verse.Pawn::DrawGUIOverlay()
Prefixes:
  [com.github.lukakama.rimworldmodrealfow] DrawGUIOverlay_Prefix
  [co.uk.epicguru.meleeanimation] Prefix
  [Krkr.Rule56] Prefix
Transpilers:
Postfixes:

Verse.PreRenderResults Verse.PawnRenderer::ParallelGetPreRenderResults(UnityEngine.Vector3 drawLoc, System.Nullable`1<Verse.Rot4> rotOverride, System.Boolean neverAimWeapon, System.Boolean disableCache)
Prefixes:
  [SmashPhil.VehicleFramework] DisableCachingPawnOverlays
  [OskarPotocki.VEF] Prefix
  [Font.Rimesis] Prefix
  [RedMattis.BetterPrerequisites] Prefix
  [rimworld.Nals.FacialAnimation] PrefixParallelGetPreRenderResults
  [GiddyUp] Prefix
Transpilers:
  [net.pardeike.rimworld.lib.harmony] ParallelGetPreRenderResults_Transpiler
  [rimworld.erdelf.alien_race.main] PostureTranspiler
Postfixes:
  [co.uk.epicguru.meleeanimation] Postfix

static System.Void Verse.PawnRenderUtility::DrawEquipmentAiming(Verse.Thing eq, UnityEngine.Vector3 drawLoc, System.Single aimAngle)
Prefixes:
  [OskarPotocki.VEF] Prefix
  [OskarPotocki.VEF] Prefix
  [OskarPotocki.VEF] DrawEquipmentAimingPrefix
  [VFEPirates.Mod] Prefix
  [ChezhouLib.lib] Prefix
  [Neronix17.TabulaRasa.RimWorld] Prefix
  [co.uk.epicguru.meleeanimation] Prefix
  [Lightsabers_ForceThe] DrawEquipmentAimingPreFix
  [OskarPotocki.VEF] DrawDuplicate
  [Mlie.BetterProjectileOrigin] Prefix
  [rimworld.carnysenpai.enableoversizedweapons] Prefix_Drawloc
  [jecstools.jecrell.comps.installedpart] DrawEquipmentAiming_PreFix
  [jecstools.jecrell.comps.oversized] DrawEquipmentAimingPreFix
  [XMB.AncientMall.MO] Prefix
Transpilers:
Postfixes:
  [jecstools.jecrell.comps.activator] DrawEquipmentAimingPostFix
  [jecstools.jecrell.comps.deflector] DrawEquipmentAimingPostFix
  [kaitorisenkou.ModularWeapons2] Postfix_DrawEquipmentAiming

System.Void Verse.PawnRenderer::RenderPawnAt(UnityEngine.Vector3 drawLoc, System.Nullable`1<Verse.Rot4> rotOverride, System.Boolean neverAimWeapon)
Prefixes:
  [net.pardeike.rimworld.mod.camera+] Prefix
  [co.uk.epicguru.meleeanimation] Prefix
  [vlvop.tormentmaster.expansion] Prefix
  [Krkr.Rule56] Prefix
Transpilers:
Postfixes:
  [co.uk.epicguru.meleeanimation] Postfix
  [Rimworld.Alite.EBSG.main] RenderPawnAtPostfix
  [jecstools.chjees.shields] Patch_PawnRenderer_RenderPawnAt
  [meathax.JobEffects] Postfix

static System.Collections.Generic.List`1<Verse.FloatMenuOption> RimWorld.FloatMenuMakerMap::GetOptions(System.Collections.Generic.List`1<Verse.Pawn> selectedPawns, UnityEngine.Vector3 clickPos, RimWorld.FloatMenuContext& context)
Prefixes:
  [sensiblebedownership.1trickPwnyta] Prefix
Transpilers:
Postfixes:
  [rimtek.patch] Postfix
  [alt4s.visitsettlements] Postfix
  [co.uk.epicguru.meleeanimation] Postfix
  [RedMattis.BetterPrerequisites] Postfix
  [rimtek.giveability] Postfix
  [sensiblebedownership.1trickPwnyta] Postfix
  [amoruch.RimWorldStealingMod] Postfix
  [net.pardeike.rimworld.mods.achtung] Postfix

static System.Void Verse.PawnGenerator::GenerateGearFor(Verse.Pawn pawn, Verse.PawnGenerationRequest request)
Prefixes:
Transpilers:
Postfixes:
  [Mlie.YayosCombat3] Postfix
  [PeteTimesSix.SimpleSidearms] GenerateGearFor
  [co.uk.epicguru.meleeanimation] Postfix
  [jecstools.chjees.shields] Patch_PawnGenerator_GenerateGearFor
  [rimworld.erdelf.alien_race.main] GenerateGearForPostfix

static Verse.Pawn RimWorld.PawnUtility::PawnBlockingPathAt(Verse.IntVec3 c, Verse.Pawn forPawn, System.Boolean actAsIfHadCollideWithPawnsJob, System.Boolean collideOnlyWithStandingPawns, System.Boolean forPathFinder, System.Boolean useId)
Prefixes:
  [co.uk.epicguru.meleeanimation] Prefix
  [co.uk.epicguru.meleeanimation] Prefix
Transpilers:
Postfixes:
  [neku.largepawns] Postfix

virtual System.Boolean RimWorld.Verb_MeleeAttack::TryCastShot()
Prefixes:
  [co.uk.epicguru.meleeanimation] Prefix
  [Krkr.Rule56] Prefix
Transpilers:
Postfixes:
  [PeteTimesSix.SimpleSidearms] TryCastShot
  [Krkr.Rule56] Postfix

System.Void RimWorld.Building_ProximityDetector::RunDetection()
Prefixes:
  [co.uk.epicguru.meleeanimation] Prefix
Transpilers:
Postfixes:
  [co.uk.epicguru.meleeanimation] Postfix

System.Boolean Verse.HediffSet::get_HasHead()
Prefixes:
  [co.uk.epicguru.meleeanimation] Prefix
  [rimworld.erdelf.alien_race.main] HasHeadPrefix
Transpilers:
Postfixes:

static System.Boolean RimWorld.InvisibilityUtility::IsPsychologicallyInvisible(Verse.Pawn pawn)
Prefixes:
  [co.uk.epicguru.meleeanimation] Prefix
Transpilers:
Postfixes:

System.Void Verse.PawnRenderer::DrawShadowInternal(UnityEngine.Vector3 drawLoc)
Prefixes:
  [co.uk.epicguru.meleeanimation] Prefix
Transpilers:
Postfixes:

System.Void Verse.PawnRenderer::ParallelPreRenderPawnAt(UnityEngine.Vector3 drawLoc, System.Nullable`1<Verse.Rot4> rotOverride, System.Boolean neverAimWeapon)
Prefixes:
  [co.uk.epicguru.meleeanimation] Prefix
Transpilers:
Postfixes:

System.Void Verse.PawnRenderTree::ParallelPreDraw(Verse.PawnDrawParms parms)
Prefixes:
  [co.uk.epicguru.meleeanimation] Prefix
  [astryl.sleepingbuddies] Prefix
Transpilers:
Postfixes:
  [co.uk.epicguru.meleeanimation] Postfix
  [rimworld.Nals.FacialAnimation] PostfixParallelPreDraw

System.Void RimWorld.Pawn_ApparelTracker::Notify_ApparelChanged()
Prefixes:
  [co.uk.epicguru.meleeanimation] Prefix
Transpilers:
Postfixes:
  [Fortified] Postfix
  [costel.layeredapparel] Postfix_NotifyApparelChanged
  [Krkr.Rule56] Postfix

System.Void Verse.Pawn_DrawTracker::Notify_MeleeAttackOn(Verse.Thing Target)
Prefixes:
  [co.uk.epicguru.meleeanimation] Prefix
  [meathax.JobEffects] Prefix
Transpilers:
Postfixes:

Verse.BattleLogEntry_MeleeCombat RimWorld.Verb_MeleeAttack::CreateCombatLog(System.Func`2<Verse.ManeuverDef, Verse.RulePackDef> rulePackGetter, System.Boolean alwaysShow)
Prefixes:
  [co.uk.epicguru.meleeanimation] Prefix
Transpilers:
Postfixes:

virtual System.Void PerformanceOptimizer.Optimization_PawnUtility_IsInvisible::DoPatches()
Prefixes:
  [co.uk.epicguru.meleeanimation] Prefix
Transpilers:
Postfixes:

virtual System.Void PerformanceOptimizer.Optimization_RefreshRate::DrawSettings(Verse.Listing_Standard section)
Prefixes:
  [co.uk.epicguru.meleeanimation] Prefix
Transpilers:
Postfixes:
Unloading 2 Unused Serialized files (Serialized files now loaded: 51)
<color=#66ffb5>[MeleeAnim]</color> PreCached all retexture info in 7370.0ms
<color=#66ffb5>[MeleeAnim]</color> Loaded tweak data for 103 weapons.
<color=#66ffb5>[MeleeAnim]</color> elsov.beliar 'Beliar Xenotype' has 1 missing weapon tweak data.
<color=#66ffb5>[MeleeAnim]</color> van.beasts 'Dark Ages : Beasts and Monsters' has 2 missing weapon tweak data.
<color=#66ffb5>[MeleeAnim]</color> det.keshig 'Det's Xenotypes - Keshig' has 3 missing weapon tweak data.
<color=#66ffb5>[MeleeAnim]</color> det.epochspyrinth 'Epochs - Pyrinth' has 1 missing weapon tweak data.
<color=#66ffb5>[MeleeAnim]</color> elsov.highborn 'Highborn Xenotype' has 1 missing weapon tweak data.
<color=#66ffb5>[MeleeAnim]</color> mlie.horrors 'Horrors (Continued)' has 1 missing weapon tweak data.
<color=#66ffb5>[MeleeAnim]</color> veterano.mythicages.megafaunabestiary 'Mythic Ages: Megafauna Bestiary' has 15 missing weapon tweak data.
<color=#66ffb5>[MeleeAnim]</color> sihv.rombonesport 'Rim of Madness - Bones Unofficial Fix' has 1 missing weapon tweak data.
<color=#66ffb5>[MeleeAnim]</color> mlie.starwarsanimalcollection 'Star Wars Animal Collection (Continued)' has 10 missing weapon tweak data.
<color=#66ffb5>[MeleeAnim]</color> jellypowered.survivaltools 'Survival Tools Reborn' has 22 missing weapon tweak data.
<color=#66ffb5>[MeleeAnim]</color> ludeon.rimworld 'Core' has 2 missing weapon tweak data.
<color=#66ffb5>[MeleeAnim]</color> vanillaquestsexpanded.ancients 'Vanilla Quests Expanded - Ancients' has 1 missing weapon tweak data.
<color=#66ffb5>[MeleeAnim]</color> vanillaquestsexpanded.cryptoforge 'Vanilla Quests Expanded - Cryptoforge' has 1 missing weapon tweak data.
<color=#66ffb5>[MeleeAnim]</color> mlie.dungeonpack 'Dungeon Pack (Continued)' has 1 missing weapon tweak data.
<color=#66ffb5>[MeleeAnim]</color> als.gravtech 'GravTech' has 2 missing weapon tweak data.
<color=#66ffb5>[MeleeAnim]</color> biomesteam.biomescaverns 'Biomes! Caverns' has 1 missing weapon tweak data.
<color=#66ffb5>[MeleeAnim]</color> biomesteam.biomespollutedlands 'Biomes! Polluted Lands' has 3 missing weapon tweak data.
<color=#66ffb5>[MeleeAnim]</color> lee.theforce.lightsaber 'Star Wars : The Force - Lightsaber' has 5 missing weapon tweak data.
<color=#66ffb5>[MeleeAnim]</color> mandrake.rsw.armoury 'Jawa Armoury Rebalance' has 40 missing weapon tweak data.
<color=#66ffb5>[MeleeAnim]</color> Skipping reporting of missing mod/weapons because user opted out or the feature is disabled by the developer.
<color=#66ffb5>[MeleeAnim]</color> Successfully patched VBE with custom background renderer.
<color=#66ffb5>[MeleeAnim]</color> Patched 3 classes that directly inherit from Verb_MeleeAttack in 554.7 ms to detect hits:
RimWorld.Verb_MeleeApplyHediff from Assembly-CSharp
RimWorld.Verb_MeleeAttackDamage from Assembly-CSharp
Fortified.Verb_MeleeSweep from Fortified
<color=#66ffb5>[MeleeAnim]</color> Found 184 items of clothing that cover hands, took 1.77 ms:
DV_Handwear_KnuckleDusters (Knuckle dusters),
Jewelry_Bracelet (Bracelet),
Jewelry_Ring (Ring),
Jewelry_EltexBracelet (Eltex bracelet),
Jewelry_EltexRing (Eltex ring),
VAE_Handwear_Gloves (Gloves),
RotR_LongingRing (Longing ring),
RotR_StardustBracelet (Stardust bracelet),
VFEP_WarcasketShoulders_Warcasket (Warcasket shoulders),
VFEP_WarcasketShoulders_Marine (Marine warcasket shoulders),
VFEP_WarcasketShoulders_Recon (Recon warcasket shoulders),
VFEP_WarcasketShoulders_Cataphract (Cataphract warcasket shoulders),
VFEP_WarcasketShoulders_Aerial (Aerial warcasket shoulders),
VFEP_WarcasketShoulders_Barrage (Barrage warcasket shoulders),
VFEP_WarcasketShoulders_Hazard (Hazard warcasket shoulders),
VFEP_WarcasketShoulders_Shock (Shock warcasket shoulders),
VFEP_WarcasketShoulders_Siegebreaker (Siegebreaker warcasket shoulders),
VFEP_WarcasketShoulders_Guardian (Guardian warcasket shoulders),
VFEP_WarcasketShoulders_Controller (Controller warcasket shoulders),
VFEP_WarcasketShoulders_Sarcophagus (Sarcophagus warcasket shoulders),
VFEP_WarcasketShoulders_Brute (Brute warcasket shoulders),
WarcasketShoulders_Sentinel (Sentinel shoulders),
WarcasketShoulders_GuardianX (Guardian shoulders),
WarcasketShoulders_Tyrant (Tyrant shoulders),
WarcasketShoulders_Centurion (Centurion shoulders),
OuterRim_Bodysuit (Durafiber bodysuit),
OuterRim_BonePauldrons (Bone pauldrons),
OuterRim_CasualClothing (Casual clothing),
OuterRim_ChitinPauldrons (Chitin pauldrons),
OuterRim_Cloak (Cloak),
OuterRim_CompositePauldrons (Composite pauldrons),
OuterRim_DesertGarb (Desert garb),
OuterRim_HermitTunic (Hermit tunic),
OuterRim_PaddedPauldrons (Padded pauldrons),
OuterRim_Poncho (Poncho),
OuterRim_ScrapperWorksuit (Scrapper worksuit),
OuterRim_DroidArmorLight (Droid armor (light)),
OuterRim_DroidArmorModule (Droid armor (medium)),
OuterRim_DroidArmorHeavy (Droid armor (heavy)),
OuterRim_ImperialArmyPauldrons (Imperial army pauldrons),
OuterRim_ImperialArmyUniform (Imperial army uniform),
OuterRim_ImperialCadetUniform (Imperial cadet uniform),
OuterRim_DeathTrooperPauldrons (Death trooper pauldrons),
OuterRim_ImperialJumpsuit (Imperial jumpsuit),
OuterRim_ImperialOfficerUniform (Imperial officer uniform),
OuterRim_ImperialOfficerUniform_Black (Imperial officer uniform (black)),
OuterRim_ImperialOfficerUniform_White (Imperial officer uniform (white)),
OuterRim_RangeTrooperPauldrons (Range trooper pauldrons),
OuterRim_ScoutTrooperPauldrons (Scout trooper pauldrons),
OuterRim_SnowtrooperPauldrons (Snowtrooper pauldrons (pride)),
OuterRim_StormtrooperPauldrons (Stormtrooper pauldrons),
OuterRim_StormtrooperPauldrons_Enlisted (Stormtrooper pauldrons (black)),
OuterRim_StormtrooperPauldrons_Sergeant (Stormtrooper pauldrons (white)),
OuterRim_StormtrooperPauldrons_Artillery (Stormtrooper pauldrons (yellow)),
OuterRim_StormtrooperPauldrons_Officer (Stormtrooper pauldrons (orange)),
OuterRim_StormtrooperPauldrons_Commander (Stormtrooper pauldrons (red)),
OuterRim_StormtrooperPauldrons_Pride (Stormtrooper pauldrons (pride)),
OuterRim_RebelOfficerJacket (Rebel officer jacket),
OuterRim_RebelFleetTrooperUniform (Rebel fleet trooper uniform),
OuterRim_RebelForestFatigues (Rebel forest fatigues),
OuterRim_RebelForestJacket (Rebel forest jacket),
OuterRim_RebelForestPoncho (Rebel forest poncho),
OuterRim_RebelOfficerUniform (Rebel officer uniform),
_guy762_DevTool_BodyHider (The magic cloak of body hiding),
GS_SandP_Body (Sandpeople wraps),
guy762_Clothing_scum (Clothing, rustic),
guy762_Clothing_scumII (Clothing, rugged),
guy762_Clothing_scumIII (Clothing, rural),
guy762_Clothing_civilian (Clothing, plain),
guy762_Clothing_rebel (Clothing, plain),
guy762_Clothing_smuggler (Clothing, loose),
guy762_Clothing_trendy (Clothing, trendy),
guy762_Clothing_cosmopolitan (Clothing, cosmopolitan),
guy762_Clothing_light (Clothing, light),
guy762_Clothing_RebelCamo (Clothing, fatigues),
guy762_Clothing_RebelCamoII (Clothing, fatigues),
guy762_GenericUniform_fatigues (Uniform, fatigues),
guy762_Bodysuit_Dyeable (Bodysuit, fatigues),
guy762_Bodysuit_striped (Bodysuit, striped fatigues),
guy762_Bodysuit (Bodysuit, vac-sealed),
guy762_Clothing_gamorrean (Gamorrean leathers),
guy762_Robes_gand (Robes, armored),
guy762_Robes_jawa (Robes, rustic),
guy762_Robes_tusken (Robes, rugged),
guy762_Robes_zuckuss (Robes, heavy),
guy762_Robes_onderon (Robes, wayfarer's),
guy762_armband_cortosis (Cortosis gauntlet),
guy762_glove_insulated (Insulated gloves),
guy762_glove_karakan (Karakan gauntlets),
guy762_glove_gamorrean (Gamorrean Wargloves),
guy762_glove_accuracy (Accuracy gloves),
guy762_glove_nagai (Nagai combat gloves),
guy762_glove_eriadu (Eriadu strength amplifier),
guy762_glove_sith (Sith power gauntlets),
guy762_glove_jalshey (Jal Shey perception gloves),
guy762_glove_zeisonsha (Zeison Sha gloves),
guy762_glove_stabilizer (Stabilizer gauntlets),
guy762_glove_infiltrator (Infiltrator gloves),
guy762_glove_detonator (Detonator gloves),
guy762_glove_automation (Automation gloves),
guy762_glove_programmer (Programmer gloves),
guy762_glove_dominator (Dominator gauntlets),
guy762_glove_automation_adv (Improved automation gloves),
guy762_glove_bothan (Bothan precision gloves),
guy762_RevanRobes (Darth Revan's Armor),
guy762_NihilusRobes (Darth Nihilus' Robes),
guy762_StarForgeRobes (Star Forge Robes),
guy762_KreiaRobes_DarthTraya (Darth Traya's Robes),
guy762_ExarKunArmor (Exar Kun's light battle suit),
guy762_MalgusArmor (Darth Malgus' powered battle armor),
guy762_HvyArmor (Heavy battle armor),
guy762_HvyArmor_echani (Echani Heavy Armor),
guy762_HvyArmor_durasteel (Durasteel Heavy Armor),
guy762_HvyArmor_flex (Flex Heavy Armor),
guy762_HvyArmor_matrix (Matrix Armor),
guy762_LgtBattleArmor (Light battle armor),
guy762_LgtBattleArmor_bronzium (Bronzium light battle armor),
guy762_LgtBattleArmor_power (Powered light battle armor),
guy762_LgtBattleArmor_krath (Krath Heavy Armor),
guy762_LgtBattleArmor_electromesh (Electromesh Armor),
guy762_MidBattleArmor (Battle armor),
guy762_MidBattleArmor_powered (Powered battle armor),
guy762_MidBattleArmor_cinnagar (Cinnagar Plate Armor),
guy762_MidBattleArmor_corellian (Corellian Powersuit),
guy762_MidBattleArmor_verpine (Verpine Zal Alloy Mesh),
guy762_Bodysuit_czerka (Czerka laborer worksuit),
guy762_Clothing_czerka (Czerka employee uniform),
guy762_Clothing_czerkaofficer (Czerka officer uniform),
guy762_LgtBattleArmor_TSL (Czerka Enforcer Armor),
guy762_JediTunic_light (Jedi tunic, light),
guy762_JediTunic_simple (Jedi tunic, simple),
guy762_JediTunic_formal (Jedi tunic, formal),
guy762_JediTunic_trad (Jedi tunic, traditional),
guy762_JediTunic_lightOld (Jedi tunic, plain),
guy762_MidBattleArmor_mando (Mandalorian Recon Armor),
guy762_MandoArmor_battle (Mandalorian Battle Armor),
guy762_MandoArmor_assault (Mandalorian Assault Armor),
guy762_MandoArmor_supercom (Mandalorian Supercommando Armor),
guy762_RepUniform_ensign (Republic uniform),
guy762_RepUniform_officer (Republic Officer uniform),
guy762_RepArmor_TSF (Civic Security Armor),
guy762_RepArmor_trooper (Republic Mod Armor),
guy762_HvyArmor_repcom (Republic Commando Powered Armor),
guy762_HvyArmor_gamorrean (M'uhk'gfa),
guy762_SithTunic_apprentice (Sith Apprentice tunic),
guy762_SithTunic_assassin (Sith Assassin tunic),
guy762_SithTunic_warrior (Sith Warrior tunic),
guy762_SithArmor_marauder (Sith Marauder armor (polished)),
guy762_SithArmor_colormarauder (Sith Marauder armor),
guy762_SithUniform_ensign (Sith uniform),
guy762_SithUniform_officer (Sith Officer uniform),
guy762_SithArmor_trooper (Sith Trooper Armor (polished)),
guy762_SithArmor_colortrooper (Sith Trooper Armor),
guy762_SithArmor_commando (Sith Commando Armor (polished)),
guy762_SithArmor_colorcommando (Sith Commando Armor),
guy762_VisasRobes (Visas' robes),
guy762_JoleeTunic (Jolee's Tunic),
guy762_BastilaTunic (Bastila's Tunic),
guy762_JuhaniTunic (Juhani's Tunic),
guy762_glove_survival (Taris survival gloves),
guy762_glove_defense (Czerka defensive gauntlets),
guy762_glove_exchange (Exchange work gloves),
RSW_DW_Module_DroidArmorHvy (Class III droid armor),
RSW_DW_Module_DroidArmorHvy_env (Class III droid environmental plating),
RSW_DW_Module_DroidArmorHvy_desh (Class III droid Desh plating),
RSW_DW_Module_DroidArmorHvy_czerka (Class III Czerka droid armor),
RSW_DW_Module_DroidArmorHvy_impact (Class III droid impact armor),
RSW_DW_Module_DroidArmorHvy_composite (Class III droid composite heavy plating),
RSW_DW_Module_DroidArmorHvy_diatium (Class III droid Diatium armor),
RSW_DW_Module_DroidArmorLte (Class I droid armor),
RSW_DW_Module_DroidArmorLte_env (Class I droid environmental plating),
RSW_DW_Module_DroidArmorLte_desh (Class I droid Desh plating),
RSW_DW_Module_DroidArmorLte_czerka (Class I Czerka droid armor),
RSW_DW_Module_DroidArmorLte_impact (Class I droid impact armor),
RSW_DW_Module_DroidArmorLte_composite (Class I droid composite heavy plating),
RSW_DW_Module_DroidArmorLte_agrinium (Class I droid Agrinium armor),
RSW_DW_Module_DroidArmorMid (Class II droid armor),
RSW_DW_Module_DroidArmorMid_env (Class II droid environmental plating),
RSW_DW_Module_DroidArmorMid_desh (Class II droid Desh plating),
RSW_DW_Module_DroidArmorMid_czerka (Class II Czerka droid armor),
RSW_DW_Module_DroidArmorMid_impact (Class II droid impact armor),
RSW_DW_Module_DroidArmorMid_composite (Class II droid composite heavy plating),
RSW_DW_Module_DroidArmorMid_quadranium (Class II droid Quadranium armor),
VFEP_Warcasket_Shoulders_MechController (Mech master warcasket shoulders)
Unloading 5432 unused Assets to reduce memory usage. Loaded Objects now: 146172.
Total: 1433.622400 ms (FindLiveObjects: 8.384700 ms CreateObjectMapping: 7.247000 ms MarkObjects: 1413.854500 ms  DeleteObjects: 4.135900 ms)

Unloading 1 Unused Serialized files (Serialized files now loaded: 51)
Unloading 0 unused Assets to reduce memory usage. Loaded Objects now: 146172.
Total: 1378.301700 ms (FindLiveObjects: 5.220700 ms CreateObjectMapping: 6.801400 ms MarkObjects: 1366.091200 ms  DeleteObjects: 0.187800 ms)

Unloading 0 Unused Serialized files (Serialized files now loaded: 51)
[HugsLib] initializing QAHPSettings, StackableChunks
[StackableChunks] Chunk Stacks set too: 15
[StackableChunks] Slag Stacks set too: 15
Unloading 0 unused Assets to reduce memory usage. Loaded Objects now: 146172.
Total: 1390.710900 ms (FindLiveObjects: 5.059000 ms CreateObjectMapping: 5.599900 ms MarkObjects: 1379.878300 ms  DeleteObjects: 0.172900 ms)

Unloading 0 Unused Serialized files (Serialized files now loaded: 51)
Unloading 0 unused Assets to reduce memory usage. Loaded Objects now: 146172.
Total: 1391.460600 ms (FindLiveObjects: 5.181900 ms CreateObjectMapping: 5.646000 ms MarkObjects: 1380.450500 ms  DeleteObjects: 0.181600 ms)

Unloading 0 Unused Serialized files (Serialized files now loaded: 51)
Unloading 0 unused Assets to reduce memory usage. Loaded Objects now: 146172.
Total: 1436.697800 ms (FindLiveObjects: 5.131400 ms CreateObjectMapping: 5.761600 ms MarkObjects: 1425.630200 ms  DeleteObjects: 0.173900 ms)

Unloading 0 Unused Serialized files (Serialized files now loaded: 51)
Unloading 0 unused Assets to reduce memory usage. Loaded Objects now: 146172.
Total: 1366.318200 ms (FindLiveObjects: 5.721400 ms CreateObjectMapping: 6.046100 ms MarkObjects: 1354.382300 ms  DeleteObjects: 0.167800 ms)

[RimBridge] Startup conditions satisfied after play-data load; initializing bridge services.
[RimBridge] Applied 6 late virtual-input patch classes.
[RimBridge] STARTUP_TIMING phase=late-input-patches durationMs=37 elapsedMs=984998
[RimBridge] STARTUP_TIMING phase=capabilities.initialize durationMs=1305 elapsedMs=986304
[RimBridge] STARTUP_TIMING phase=logs.initialize durationMs=0 elapsedMs=986305
[RimBridge] STARTUP_TIMING phase=application.run-in-background durationMs=0 elapsedMs=986306
[RimBridge] STARTUP_TIMING phase=debug.playback-defaults durationMs=0 elapsedMs=986307
[RimBridge] STARTUP_TIMING phase=tools.construct durationMs=0 elapsedMs=986307
[RimBridge] STARTUP_TIMING phase=gabp.builder.configure durationMs=0 elapsedMs=986307
[RimBridge] STARTUP_TIMING phase=gabp.server.build durationMs=2 elapsedMs=986310
[RimBridge] STARTUP_TIMING phase=tools.register-core durationMs=3 elapsedMs=986313
[RimBridge] STARTUP_TIMING phase=tools.register-extensions durationMs=1 elapsedMs=986314
[RimBridge] STARTUP_TIMING phase=event-relay.initialize durationMs=1 elapsedMs=986315
[RimBridge] STARTUP_TIMING phase=attention.initialize durationMs=1 elapsedMs=986317
[RimBridge] STARTUP_TIMING phase=gabp.server.start-submit durationMs=7 elapsedMs=986324
[RimBridge] STARTUP_TIMING phase=bridge-start.total durationMs=1325 elapsedMs=986324
[RimBridge] STARTUP_TIMING phase=gabp.server.start-async durationMs=7 elapsedMs=986324
[RimBridge] GABP server running standalone on port 5174
[RimBridge] Bridge token: b80d3f83edfd44b4b881524a1d83510d
CE is trying to create default parameter lists ...
creating default parameter list for genes...
3930 default entities for genes created
creating default parameter list for objects...
12993 default entities for objects created
creating default parameter list for turrets...
118 default entities for turrets created
...lists created
CE is trying to apply modified parameters...
no modifications for genes
no modifications for objects
no modifications for lifestages
...done
[ShowMeYourHands]: Defined hand definitions of 766 weapons
[ShowMeYourHands]: Defined hand definitions of 766 weapons
[GravTide] [GravTide] volcanic country: 12 lava field, 32 volcanic field, 20 volcanic soil, from 477 seam tile(s), 198 spreading; rejected 1024 seen, 530 water, 0 rim
<color=#7F66FFFF>[SWCP Core/Tools] </color>Failed to retrieve a CharacterDefWithRole<TRole> list from the role registry, returning empty.
<color=#7F66FFFF>[SWCP Core/Tools] </color>Failed to retrieve a CharacterDefWithRole<TRole> list from the role registry, returning empty.
XylRacesCore feature check: XylRacesCore.Genes.GeneDefExtension_Pawn = True
[Big and Small]: Found 61 AlienRace.ThingDef_AlienRace ThingDefs.
These are either from HAR races or B&S races automatically converted for compatibility.
<color=#7F66FFFF>[SWCP Core/Tools] </color>Failed to retrieve a CharacterDefWithRole<TRole> list from the role registry, returning empty.
XylRacesCore feature check: XylRacesCore.Genes.HostilityOverride = False
<color=#7F66FFFF>[SWCP Core/Tools] </color>Failed to retrieve a CharacterDefWithRole<TRole> list from the role registry, returning empty.
<color=#7F66FFFF>[SWCP Core/Tools] </color>Failed to retrieve a CharacterDefWithRole<TRole> list from the role registry, returning empty.
<color=#7F66FFFF>[SWCP Core/Tools] </color>Failed to retrieve a CharacterDefWithRole<TRole> list from the role registry, returning empty.
<color=#7F66FFFF>[SWCP Core/Tools] </color>Failed to retrieve a CharacterDefWithRole<TRole> list from the role registry, returning empty.
<color=#7F66FFFF>[SWCP Core/Tools] </color>Failed to retrieve a CharacterDefWithRole<TRole> list from the role registry, returning empty.
<color=#7F66FFFF>[SWCP Core/Tools] </color>Failed to retrieve a CharacterDefWithRole<TRole> list from the role registry, returning empty.
<color=#7F66FFFF>[SWCP Core/Tools] </color>Failed to retrieve a CharacterDefWithRole<TRole> list from the role registry, returning empty.
<color=#7F66FFFF>[SWCP Core/Tools] </color>Failed to retrieve a CharacterDefWithRole<TRole> list from the role registry, returning empty.
<color=#7F66FFFF>[SWCP Core/Tools] </color>Failed to retrieve a CharacterDefWithRole<TRole> list from the role registry, returning empty.
<color=#7F66FFFF>[SWCP Core/Tools] </color>Failed to retrieve a CharacterDefWithRole<TRole> list from the role registry, returning empty.
<color=#7F66FFFF>[SWCP Core/Tools] </color>Failed to retrieve a CharacterDefWithRole<TRole> list from the role registry, returning empty.
<color=#7F66FFFF>[SWCP Core/Tools] </color>Failed to retrieve a CharacterDefWithRole<TRole> list from the role registry, returning empty.
<color=#7F66FFFF>[SWCP Core/Tools] </color>Failed to retrieve a CharacterDefWithRole<TRole> list from the role registry, returning empty.
<color=#7F66FFFF>[SWCP Core/Tools] </color>Failed to retrieve a CharacterDefWithRole<TRole> list from the role registry, returning empty.
<color=#7F66FFFF>[SWCP Core/Tools] </color>Failed to retrieve a CharacterDefWithRole<TRole> list from the role registry, returning empty.
<color=#7F66FFFF>[SWCP Core/Tools] </color>Failed to retrieve a CharacterDefWithRole<TRole> list from the role registry, returning empty.
<color=#7F66FFFF>[SWCP Core/Tools] </color>Failed to retrieve a CharacterDefWithRole<TRole> list from the role registry, returning empty.
<color=#7F66FFFF>[SWCP Core/Tools] </color>Failed to retrieve a CharacterDefWithRole<TRole> list from the role registry, returning empty.
<color=#7F66FFFF>[SWCP Core/Tools] </color>Failed to retrieve a CharacterDefWithRole<TRole> list from the role registry, returning empty.
<color=#7F66FFFF>[SWCP Core/Tools] </color>Failed to retrieve a CharacterDefWithRole<TRole> list from the role registry, returning empty.
<color=#7F66FFFF>[SWCP Core/Tools] </color>Failed to retrieve a CharacterDefWithRole<TRole> list from the role registry, returning empty.
Tried to calculate chance for father with gender "Female".
Tried to calculate chance for father with gender "Female".
Tried to calculate chance for father with gender "Female".
Tried to calculate chance for father with gender "Female".
<color=#7F66FFFF>[SWCP Core/Tools] </color>Failed to retrieve a CharacterDefWithRole<TRole> list from the role registry, returning empty.
Tried to calculate chance for father with gender "Female".
Could not find player faction.
Could not find player faction.
<color=#7F66FFFF>[SWCP Core/Tools] </color>Failed to retrieve a CharacterDefWithRole<TRole> list from the role registry, returning empty.
<color=#7F66FFFF>[SWCP Core/Tools] </color>Failed to retrieve a CharacterDefWithRole<TRole> list from the role registry, returning empty.
Tried to calculate chance for father with gender "Female".
<color=#7F66FFFF>[SWCP Core/Tools] </color>Failed to retrieve a CharacterDefWithRole<TRole> list from the role registry, returning empty.
<color=#7F66FFFF>[SWCP Core/Tools] </color>Failed to retrieve a CharacterDefWithRole<TRole> list from the role registry, returning empty.
<color=#7F66FFFF>[SWCP Core/Tools] </color>Failed to retrieve a CharacterDefWithRole<TRole> list from the role registry, returning empty.
<color=#7F66FFFF>[SWCP Core/Tools] </color>Failed to retrieve a CharacterDefWithRole<TRole> list from the role registry, returning empty.
<color=#7F66FFFF>[SWCP Core/Tools] </color>Failed to retrieve a CharacterDefWithRole<TRole> list from the role registry, returning empty.
<color=#7F66FFFF>[SWCP Core/Tools] </color>Failed to retrieve a CharacterDefWithRole<TRole> list from the role registry, returning empty.
Tried to calculate chance for father with gender "Female".
<color=#7F66FFFF>[SWCP Core/Tools] </color>Failed to retrieve a CharacterDefWithRole<TRole> list from the role registry, returning empty.
Tried to calculate chance for father with gender "Female".
<color=#7F66FFFF>[SWCP Core/Tools] </color>Failed to retrieve a CharacterDefWithRole<TRole> list from the role registry, returning empty.
<color=#7F66FFFF>[SWCP Core/Tools] </color>Failed to retrieve a CharacterDefWithRole<TRole> list from the role registry, returning empty.
<color=#7F66FFFF>[SWCP Core/Tools] </color>Failed to retrieve a CharacterDefWithRole<TRole> list from the role registry, returning empty.
<color=#7F66FFFF>[SWCP Core/Tools] </color>Failed to retrieve a CharacterDefWithRole<TRole> list from the role registry, returning empty.
<color=#7F66FFFF>[SWCP Core/Tools] </color>Failed to retrieve a CharacterDefWithRole<TRole> list from the role registry, returning empty.
<color=#7F66FFFF>[SWCP Core/Tools] </color>Failed to retrieve a CharacterDefWithRole<TRole> list from the role registry, returning empty.
<color=#7F66FFFF>[SWCP Core/Tools] </color>Failed to retrieve a CharacterDefWithRole<TRole> list from the role registry, returning empty.
<color=#7F66FFFF>[SWCP Core/Tools] </color>Failed to retrieve a CharacterDefWithRole<TRole> list from the role registry, returning empty.
<color=#7F66FFFF>[SWCP Core/Tools] </color>Failed to retrieve a CharacterDefWithRole<TRole> list from the role registry, returning empty.
<color=#7F66FFFF>[SWCP Core/Tools] </color>Failed to retrieve a CharacterDefWithRole<TRole> list from the role registry, returning empty.
<color=#7F66FFFF>[SWCP Core/Tools] </color>Failed to retrieve a CharacterDefWithRole<TRole> list from the role registry, returning empty.
<color=#7F66FFFF>[SWCP Core/Tools] </color>Failed to retrieve a CharacterDefWithRole<TRole> list from the role registry, returning empty.
<color=#7F66FFFF>[SWCP Core/Tools] </color>Failed to retrieve a CharacterDefWithRole<TRole> list from the role registry, returning empty.
<color=#7F66FFFF>[SWCP Core/Tools] </color>Failed to retrieve a CharacterDefWithRole<TRole> list from the role registry, returning empty.
<color=#7F66FFFF>[SWCP Core/Tools] </color>Failed to retrieve a CharacterDefWithRole<TRole> list from the role registry, returning empty.
<color=#7F66FFFF>[SWCP Core/Tools] </color>Failed to retrieve a CharacterDefWithRole<TRole> list from the role registry, returning empty.
<color=#7F66FFFF>[SWCP Core/Tools] </color>Failed to retrieve a CharacterDefWithRole<TRole> list from the role registry, returning empty.
<color=#7F66FFFF>[SWCP Core/Tools] </color>Failed to retrieve a CharacterDefWithRole<TRole> list from the role registry, returning empty.
[GravTide] [GravTide] plate seam: 477 tiles (32 ridge, 147 flooded rift, 0 trench, 19 rift valley, 1 collision zone), 3 plate(s) at 30 % coverage, 3 connected piece(s), 0 loose end(s), 4 isolated character flip(s), 1 spreading / 275 colliding interface(s)
adding BorealForestto primary biomes
adding Tundrato primary biomes
adding ColdBogto primary biomes
adding IceSheetto primary biomes
adding TemperateForestto primary biomes
adding TemperateSwampto primary biomes
adding TropicalRainforestto primary biomes
adding TropicalSwampto primary biomes
adding GlacialPlainto primary biomes
adding Glowforestto primary biomes
adding Grasslandsto primary biomes
adding LavaFieldto primary biomes
adding Scarlandsto primary biomes
adding BiomeArcticOasisto primary biomes
adding BiomeAreebto primary biomes
adding BiomeCypreJungleto primary biomes
adding BiomeGRimberlandsto primary biomes
adding BiomeGRimeraldto primary biomes
adding BiomeGRimethystto primary biomes
adding BiomeGRimonadeto primary biomes
adding BiomeGRimondto primary biomes
adding BiomeGRimphireto primary biomes
adding BiomeGRimworldto primary biomes
adding BiomeGrindlandto primary biomes
adding BiomeGRubyto primary biomes
adding BiomeGRuquoiseto primary biomes
adding BiomeMistto primary biomes
adding BiomeToxlandsto primary biomes
adding AridShrublandto primary biomes
adding Desertto primary biomes
adding ExtremeDesertto primary biomes
adding IronScruff_PrimordialGeysersto primary biomes
adding COMIGO_GreaterSwamp_Temperateto primary biomes
adding COMIGO_GreaterSwamp_Coldto primary biomes
adding COMIGO_GreaterSwamp_Tropicalto primary biomes
finished biome cycle
finished biome cycle
finished biome cycle
finished biome cycle
finished biome cycle
finished biome cycle
finished biome cycle
finished biome cycle
finished biome cycle
finished biome cycle
finished biome cycle
finished biome cycle
finished biome cycle
finished biome cycle
finished biome cycle
finished biome cycle
finished biome cycle
finished biome cycle
finished biome cycle
finished biome cycle
finished biome cycle
finished biome cycle
finished biome cycle
finished biome cycle
finished biome cycle
finished biome cycle
finished biome cycle
finished biome cycle
finished biome cycle
finished biome cycle
finished biome cycle
finished biome cycle
finished biome cycle
finished biome cycle
finished biome cycle
adding BorealForestto primary biomes
adding Tundrato primary biomes
adding ColdBogto primary biomes
adding IceSheetto primary biomes
adding TemperateForestto primary biomes
adding TemperateSwampto primary biomes
adding TropicalRainforestto primary biomes
adding TropicalSwampto primary biomes
adding GlacialPlainto primary biomes
adding Glowforestto primary biomes
adding Grasslandsto primary biomes
adding LavaFieldto primary biomes
adding Scarlandsto primary biomes
adding BiomeArcticOasisto primary biomes
adding BiomeAreebto primary biomes
adding BiomeCypreJungleto primary biomes
adding BiomeGRimberlandsto primary biomes
adding BiomeGRimeraldto primary biomes
adding BiomeGRimethystto primary biomes
adding BiomeGRimonadeto primary biomes
adding BiomeGRimondto primary biomes
adding BiomeGRimphireto primary biomes
adding BiomeGRimworldto primary biomes
adding BiomeGrindlandto primary biomes
adding BiomeGRubyto primary biomes
adding BiomeGRuquoiseto primary biomes
adding BiomeMistto primary biomes
adding BiomeToxlandsto primary biomes
adding AridShrublandto primary biomes
adding Desertto primary biomes
adding ExtremeDesertto primary biomes
adding IronScruff_PrimordialGeysersto primary biomes
adding COMIGO_GreaterSwamp_Temperateto primary biomes
adding COMIGO_GreaterSwamp_Coldto primary biomes
adding COMIGO_GreaterSwamp_Tropicalto primary biomes
finished biome cycle
finished biome cycle
finished biome cycle
finished biome cycle
finished biome cycle
finished biome cycle
finished biome cycle
finished biome cycle
finished biome cycle
finished biome cycle
finished biome cycle
finished biome cycle
finished biome cycle
finished biome cycle
finished biome cycle
finished biome cycle
finished biome cycle
finished biome cycle
finished biome cycle
finished biome cycle
finished biome cycle
Finished transpiling 1402 methods - 9/8/2026 5:22:58 PM
finished biome cycle
finished biome cycle
finished biome cycle
finished biome cycle
finished biome cycle
finished biome cycle
finished biome cycle
finished biome cycle
finished biome cycle
finished biome cycle
finished biome cycle
finished biome cycle
finished biome cycle
finished biome cycle
finished biome cycle
finished biome cycle
finished biome cycle
finished biome cycle
finished biome cycle
finished biome cycle
finished biome cycle
finished biome cycle
finished biome cycle
finished biome cycle
finished biome cycle
finished biome cycle
finished biome cycle
finished biome cycle
finished biome cycle
finished biome cycle
finished biome cycle
finished biome cycle
finished biome cycle
finished biome cycle
finished biome cycle
finished biome cycle
finished biome cycle
finished biome cycle
finished biome cycle
finished biome cycle
finished biome cycle
finished biome cycle
finished biome cycle
finished biome cycle
finished biome cycle
finished biome cycle
finished biome cycle
finished biome cycle
finished biome cycle
<color=#7F66FFFF>[SWCP Core/Tools] </color>Failed to retrieve a CharacterDefWithRole<TRole> list from the role registry, returning empty.
Tried to calculate chance for father with gender "Female".
<color=#7F66FFFF>[SWCP Core/Tools] </color>Failed to retrieve a CharacterDefWithRole<TRole> list from the role registry, returning empty.
Tried to calculate chance for father with gender "Female".
Tried to calculate chance for father with gender "Female".
[GravTide] synchronized 134 sea-floor region tile mutators for this world.
<color=#7F66FFFF>[SWCP Core/Tools] </color>Failed to retrieve a CharacterDefWithRole<TRole> list from the role registry, returning empty.
[Ninefold] Ozzik satiation +15.0 (research completed: RR_Organization) -> 15.0 [Neutral]
[Ninefold] Ohm satiation +3.0 (research completed (shared input): RR_Organization) -> 3.0 [Neutral]
[Ninefold] Ozzik satiation +15.0 (research completed: VFET_Fire) -> 30.0 [Content]
[Ninefold] Ohm satiation +3.0 (research completed (shared input): VFET_Fire) -> 6.0 [Neutral]
[Ninefold] Ozzik satiation +15.0 (research completed: VFET_Agriculture) -> 45.0 [Content]
[Ninefold] Ohm satiation +3.0 (research completed (shared input): VFET_Agriculture) -> 9.0 [Neutral]
[Ninefold] Ozzik satiation +15.0 (research completed: VFET_Cultivation) -> 60.0 [Exalted]
[Ninefold] Ohm satiation +3.0 (research completed (shared input): VFET_Cultivation) -> 12.0 [Neutral]
[Ninefold] Ozzik satiation +15.0 (research completed: VFET_Medicine) -> 75.0 [Exalted]
[Ninefold] Ohm satiation +3.0 (research completed (shared input): VFET_Medicine) -> 15.0 [Neutral]
[Ninefold] Ozzik satiation +15.0 (research completed: VFET_AnimalHandling) -> 90.0 [Exalted]
[Ninefold] Ohm satiation +3.0 (research completed (shared input): VFET_AnimalHandling) -> 18.0 [Neutral]
[Ninefold] Ozzik satiation +15.0 (research completed: VFET_Mining) -> 100.0 [Exalted]
[Ninefold] Ohm satiation +3.0 (research completed (shared input): VFET_Mining) -> 21.0 [Content]
[Ninefold] Ozzik satiation +15.0 (research completed: VFET_Construction) -> 100.0 [Exalted]
[Ninefold] Ohm satiation +3.0 (research completed (shared input): VFET_Construction) -> 24.0 [Content]
[Ninefold] Ozzik satiation +15.0 (research completed: VFET_Furniture) -> 100.0 [Exalted]
[Ninefold] Ohm satiation +3.0 (research completed (shared input): VFET_Furniture) -> 27.0 [Content]
[Ninefold] Ozzik satiation +15.0 (research completed: VFET_Tribalwear) -> 100.0 [Exalted]
[Ninefold] Ohm satiation +3.0 (research completed (shared input): VFET_Tribalwear) -> 30.0 [Content]
[Ninefold] Ozzik satiation +15.0 (research completed: VFET_Hunting) -> 100.0 [Exalted]
[Ninefold] Ohm satiation +3.0 (research completed (shared input): VFET_Hunting) -> 33.0 [Content]
[Ninefold] Ozzik satiation +15.0 (research completed: VFET_Weapons) -> 100.0 [Exalted]
[Ninefold] Ohm satiation +3.0 (research completed (shared input): VFET_Weapons) -> 36.0 [Content]
[Ninefold] Ozzik satiation +15.0 (research completed: VFET_Bow) -> 100.0 [Exalted]
[Ninefold] Ohm satiation +3.0 (research completed (shared input): VFET_Bow) -> 39.0 [Content]
[Ninefold] Ozzik satiation +15.0 (research completed: VFET_Culture) -> 100.0 [Exalted]
[Ninefold] Ohm satiation +3.0 (research completed (shared input): VFET_Culture) -> 42.0 [Content]
Tried to calculate chance for father with gender "Female".
Tried to calculate chance for father with gender "Female".
Tried to calculate chance for father with gender "Female".
Tried to calculate chance for father with gender "Female".
Tried to calculate chance for father with gender "Female".
Tried to calculate chance for father with gender "Female".
Tried to calculate chance for father with gender "Female".
Tried to calculate chance for father with gender "Female".
Tried to calculate chance for father with gender "Female".
[Ninefold] Oomo satiation +8.0 (a marriage, the family grows) -> 8.0 [Neutral]
[Ninefold] MobUnloo satiation +3.0 (a marriage, a contract struck) -> 3.0 [Neutral]
[Ninefold] Ozzik satiation +3.0 (a marriage, an act of statecraft) -> 100.0 [Exalted]
Unloading 3 Unused Serialized files (Serialized files now loaded: 51)
[PhysX] Initialized MultithreadedTaskDispatcher with 14 workers.
UnloadTime: 0.491700 ms
FileNotFoundException: Cannot resolve dependency to assembly 'UnityEngine.InputLegacyModule, Version=0.0.0.0, Culture=neutral, PublicKeyToken=null' because it has not been preloaded. When using the ReflectionOnly APIs, dependent assemblies must be pre-loaded or loaded on demand through the ReflectionOnlyAssemblyResolve event.


[YayoCombat] Applying Def patches.
[YayoCombat] Removing ammo recipes. Found 18 ammo recipes.
Unloading 206 unused Assets to reduce memory usage. Loaded Objects now: 146677.
Total: 1790.383200 ms (FindLiveObjects: 7.364400 ms CreateObjectMapping: 6.352900 ms MarkObjects: 1776.231500 ms  DeleteObjects: 0.433700 ms)

[PrepareLanding] Prefilter: 119904 tiles in WorldGrid.tiles
Initializing new game with mods:
  - zetrith.prepatcher
  - brrainz.harmony
  - mandrake.rm.loadtracer
  - aleksey.betterstacktraces
  - Ludeon.RimWorld
  - Ludeon.RimWorld.Royalty
  - Ludeon.RimWorld.Ideology
  - Ludeon.RimWorld.Biotech
  - Ludeon.RimWorld.Anomaly
  - Ludeon.RimWorld.Odyssey
  - Krkr.rule56
  - Mlie.NWNRealFogOfWar
  - Owlchemist.CherryPicker
  - AOBA.Framework
  - vanillaexpanded.backgrounds
  - thesepeople.RitualAttachableOutcomes
  - adaptive.storage.framework
  - RedMattis.BetterPrerequisites
  - SmashPhil.VehicleFramework
  - imranfish.xmlextensions
  - UnlimitedHugs.HugsLib
  - OskarPotocki.VanillaFactionsExpanded.Core
  - EBSG.Framework
  - 04.23.2020
  - AP.huntingmeme
  - Dizzy.CandlesandMeditation
  - HMC.Wall.Furniture
  - jm.disstynan
  - zal.calltradeships
  - lc.tammybee.selectablesculpturegraphic
  - mingtuwuxiang.SpaceBaseDecorative
  - Nals.FacialAnimation
  - Mlie.RFRumorHasIt
  - RH2.CPERS.Arrest.Here
  - CP.Uncle.Boris.Used.Furniture
  - sbz.NeatStorageFridge
  - sbz.GravshipStorage
  - SR.ModRimworld.FactionalWarContinued
  - Mlie.SYRMoreSlaves
  - zav.glowstoneForked
  - ArmoredAmpharos.fancyrats
  - Adaptive.Ideology.Storage
  - Adaptive.PrimitiveStorage
  - Adaptive.SimpleStorage
  - Mlie.AdvancedBiomes
  - Ali.GrowOdysseyPlants
  - 7f.alienworlds
  - AndrewRaphaelLukasik.AllowDeadAnimals
  - UnlimitedHugs.AllowTool
  - duz.almosttherefork
  - sarg.alphabiomes
  - sarg.alphamechs
  - Sarg.AlphaMemes
  - swablu.ambience
  - Vita.CampDangers
  - XMB.AncientMiningIndustry.MO
  - Aqued.DredgeAberrations
  - Neronix17.Asimov
  - ASP.HalituisAmaricanous
  - kshtantrumsounds.Mod
  - automatic.autolinks
  - Fuu.AutoStripOnHaul
  - Mlie.BeastsoftheRim
  - ElSov.Beliar
  - io.github.Relvl.Rimworld.BestApparel
  - Ionfrigate12345.Coolandgoodambush
  - Mlie.BetterBeggars
  - DizzyEevee.BetterCrossbreeding
  - nephlite.advexplosions
  - Arkymn.BetterGrowthMoments
  - zal.betterinfestations
  - coldcrow.betterkibble
  - Madeline.ModMismatchFormatter
  - Mlie.BetterProjectileOrigin
  - JM.betterTraders
  - ChaoticEnrico.BetterTrees
  - falconne.BWM
  - RedMattis.BiggerGravship
  - Kopp.BiomeCompatibilityProject
  - BiomesTeam.BiomesFossils
  - BiomesTeam.CoreFramework
  - zal.biomeskit
  - Fuu.BloodAnimations
  - bs.mbifvte
  - GulMadred.BreedingRitual
  - Memegoddess.BuildFromInventory
  - 8Z.CallForIntel
  - brrainz.cameraplus
  - iforgotmysocks.CaravanAdventures
  - Joe.Cephaloids
  - kapitanoczywisty.changemapedge
  - void.charactereditor
  - heatherathebyne.childrenlearnoncaravan
  - Mlie.ChooseBiomeCommonality
  - kearril.ChooseWhereToLand
  - kikohi.ColoredDeepResources
  - PeteTimesSix.CompactHediffs
  - com.makeitso.configurabletechprints
  - CozyFire.Velcroboy333
  - heatherathebyne.craftingspotslavegear
  - Thumb.BetterCremation
  - Greg.CustomGasTypes
  - HaiLuan.CustomQuestFramework
  - costel.CustomRoomNames
  - DimonSever000.IdeologyVirtues
  - East.DancePartyCustomMusic
  - Van.Beasts
  - Van.DACrypts
  - DarkestDungeon.IncidentSounds
  - Troopersmith1.DeathRattle
  - Mlie.DecorativeCliffs
  - clown.dedicatedturrets
  - GonDragon.DefensivePositions
  - Merthsoft.DesignatorShapes
  - Milkwater.DestinyMod
  - Garwel.DestroyItem
  - det.avaloi
  - det.boglegs
  - det.brawnum
  - det.buzzers
  - det.keshig
  - det.venators
  - cometopapa.deteriorated
  - Lornath.DiseaseImmunityProgressTracker
  - jecrell.doorsexpanded
  - Dubwise.DubsPaintShop
  - Dubwise.DubsBadHygiene.Thirst
  - Dubwise.DubsBadHygiene.Lite
  - Dubwise.DubsMintMenus
  - dubwise.dubsmintminimap
  - Dubwise.DubsRimkit
  - blues.forge
  - YourName.Effigys.Mod
  - CarnySenpai.EnableOversizedWeapons
  - nep.enginesunlimited
  - det.epochsincense
  - det.epochspyrinth
  - Erin.FFAnimals
  - Keshash.ExtraExplosionEffects
  - EoralMilk.FaceAddonFramework
  - azravos.factioncustomizer
  - Mlie.FactionRaidCooldown
  - kosaro.fahrenheitandcelsius
  - tyrannidae.fancyratsplus
  - realify.firefoam
  - Aelanna.FistNerf
  - kathanon.FloatSubMenu
  - temeez.floorlights2
  - Aoba.Fortress.Neolithic
  - m00nl1ght.GeologicalLandforms
  - MemeGoddess.GiddyUp
  - lts.GEG
  - Albion.GoExplore
  - Arcjc007.GravshipCrashes
  - Arcjc007.GravshipExporter
  - sk.gravshipraids
  - imagitama.rimworldgravshiprangeonmap
  - GRimTerra.Biomesmod
  - GRimTerra.TerrainRetexturemod
  - Arti.Shrinez
  - Mlie.HarvestWhenButchering
  - Ael.Tua.HelmetsAddToxResistance
  - ElSov.Highborn
  - Mlie.Horrors
  - hazN.huntingtraps
  - HaiLuan.IWBB
  - amegakull.SCVRole
  - kxp.IdeoSymbolsAsIdeograms
  - llunak.MorePrecepts
  - AgentBlac.MakePawnsPrisoners
  - Mlie.IncidentDisabler
  - Koth.ISiD
  - gravtide.mod
  - mandrake.rm.injections
  - mandrake.rsw.injections
  - mandrake.rm.ninefold
  - mandrake.rm.visibility
  - mandrake.rm.graffiti
  - mandrake.rm.sacredgraffiti
  - mandrake.rm.inhabited
  - mandrake.rut.inhabited
  - Haecriver.InjuredCarry
  - ferny.EasyCaravanFormation
  - Turnovus.Biotech.IntegratedGenes
  - Jaxe.Bubbles
  - Mlie.InteractionAreaSettings
  - GlitchGoblin.InvisibleConduitCont
  - zal.ionweaponry
  - mandrake.rut.factionslate
  - mandrake.rut.plantgrowth
  - mandrake.rsw.jawarules
  - jecrell.jecstools
  - kikohi.jewelry
  - Mlie.JurassicRimworldDinosaursOnly
  - nep.landonanything
  - Timuttie.JustLeaveAlready.fork.mitasamodel
  - Mlie.JustPutItOverThere
  - Linnun.KeepConverting
  - VaguelySexual.ModPackageId.GoesHere
  - Mlie.LargeFactionBases
  - zal.largeoutpost
  - Arcjc007.LaserCannon
  - costel.layeredapparel
  - NoneObsidiaExpansion.LEDLightsStrip
  - juanlopez2008.LightsOut
  - Mlie.LinkableSettings
  - dorbo.watersfx
  - tyrannidae.littlecritters
  - Mlie.LogAfterDefError
  - zylle.MapDesigner
  - NozoMe.MapModeFramework
  - m00nl1ght.MapPreview
  - Udon.MassLoveIn
  - SirDarkElf.MeaningfulEncounters
  - badoaks.MeatOnAStick
  - Samael.NPCMechsAndAnimals
  - Bonible.MedievalMeleeSounds
  - Mewn.MedievalSigns
  - Spino.Megafauna
  - Mlie.MercerBackpacks
  - flangopink.MetalPipe
  - flangopink.MetalPipeHorseshoe
  - Andromeda.MilkyWay
  - rabiosus.minesight
  - Cain.Mineshaft
  - erdelf.MinifyEverything
  - Mlie.MiningCoAlertSpeaker
  - Mlie.MiningCoDrillTurret
  - Mlie.MiningCoMMS
  - Mlie.MiningCoSpaceship
  - Mlie.MoEvents
  - Hali.ModifyLandingTile
  - kaitorisenkou.ModularWeapons2
  - Deadmano.MoodAlerts
  - acutus.moodchainreaction
  - zylle.MoreDangerousGame
  - Mlie.MoreFactionInteraction
  - Bichang.MoreSculpture
  - GarryFlowers.MoreSlaveryStuff
  - zylle.MoreVanillaBiomes
  - tidal.morevanilla.textures
  - MorphsAssorted.BiotechRetex
  - mandrake.rsw.msedroidfix
  - Snobi.MutatorWorldIcons
  - Oblitus.MyLittlePlanet
  - veterano.mythicages.megafaunabestiary
  - RadZerp.naturalPaths
  - zylle.NightLights
  - Nightmare.Core
  - Dingo.NoForcedSlowdown
  - Mlie.NoMissingGeneIcons
  - Edern.NoRandomApparelOnIdeoEdit
  - jaeger972.nomadfreindlyquests
  - avilmask.NonUnoPinata
  - planetace.nondestructivegravlaunch
  - Mehni.Numbers
  - Karew.OrcClan
  - Coolzie.OOCReBoost
  - Arkymn.SlowerPawnTickRate
  - Alleykat.PersistentPrecepts
  - Mlie.PerspectiveBuildings
  - Meltup.PolyamoryBeds.Vanilla
  - Xylthixlm.Races.Core
  - Mlie.PreceptsAndMemes
  - m00nl1ght.UnofficialUpdates.PrepareLanding
  - IronScruff.PrimordialGeysers
  - Mlie.PrisonersShouldFearTurrets
  - Laureeeeeeeeeeeeeeen.shrooms
  - fluxilis.germanquality
  - DawnsGlow.qualcolor
  - Leo.RaidProtectionFee
  - Ingendum.RaiderSwarmCompression
  - zal.randomgrowthchoices
  - Wemd.RealisticDarknessLight
  - Mlie.RealisticHumanSounds
  - mosi.RebalancedAncientJunk
  - Mlie.RecycleThis
  - Reel.TurretPipeline
  - Mlie.RelevantStatsInDescription
  - PeteTimesSix.ResearchReinvented
  - Scorpio.ResourceDictionary
  - Alma.TossEm
  - LingLuo.Cockroach
  - sihv.rombonesPort
  - kilokio.rimai.framework
  - brrainz.rimbridgeserver
  - Dubwise.Rimefeller
  - rimfridge.kv.rw
  - Mlie.RimQuest
  - Deon.rimtek.core
  - Sierra.RT.GeneralTraits
  - DepsCian.RimTunes
  - mianreplicate.romanceandintimacyontherim
  - Kupie.IsJustDoingItLive.PlzDontHateMe.RoofedScanning
  - GHOST.RootsofRimworld
  - MemeGoddess.RunAndGun
  - mandrake.rut.empirepursuit
  - RWNodeTree.RWPlanetAtmosphere
  - moja.salvagerubble
  - plusblankplus.scenarioamenderfork
  - HellRevenger.SearchOption
  - avilmask.SelfDyeing
  - sensiblebedownership.1trickPwnyta
  - Boots.SensibleFactions
  - FlyingSloth.SCFilthReducer
  - Victor.BuyMore
  - shavius.Medieval.Flavour
  - Spacemoth.ShowKnownTechprints
  - Dark.Signs
  - Stokes.simplehoodcape
  - Usgiyi.SlaveOutfits
  - Mlie.SlaveRebellionsImproved
  - astryl.SleepingBuddies
  - Hol.SmeltPatch
  - weilbyte.snapout
  - Krelinos.SocialEXPFromTrade
  - Mlie.SpaceWorms
  - JPT.speakup
  - Elshender.stackablechunks
  - balistafreak.StandaloneHotSpring
  - Mlie.StarWarsAnimalCollection
  - mandrake.rsw.beastnorm
  - mandrake.rsw.seabeasts
  - amoruch.RimWorldStealingMod
  - Karshou.StorageMemory
  - Mlie.StorytellerEnhanced
  - mandrake.rm.strandedquest
  - Kas.StrongerScaling
  - moistestWhale.stuffOnTablesForked
  - Gerrymon.StylizedSlaveCollar
  - jellypowered.survivaltools
  - Mlie.TabSorting
  - ucp.TabletopDecorations
  - Summersausages2TTV.TechLevelEnforcement
  - Sapiently.TheyAtomicMonsters
  - Propickelz.TinkerBench
  - vlvop.tormentmaster.expansion
  - TSA.TorturePod
  - smashphil.dropspot
  - hobtook.tradeui
  - Mlie.TradeableTrinkets
  - automatic.traderships
  - kearril.TradingOptionsContinue
  - Aelanna.TransparentSubstructure
  - Xercaine.Tribal.Furniture
  - geojak.TributeDemand
  - ferny.TriumphantResearch
  - Trouperton.TrystanTravellersShuttleSchematics
  - Error277.Tunneler.Expanded
  - archie.turrettargetpatch
  - marvinkosh.ughyougotme
  - madarauchiha.undraftaftertucking
  - universalpregnancy.1trickPwnyta
  - doomdrvk.UnlimitedNuzzles
  - nephlite.orbitaltradecolumn
  - sirvan.MWRetextured
  - SirVan.SteelRetexture
  - VanillaExpanded.VAEWaste
  - VanillaExpanded.VAPPE
  - VanillaExpanded.VAEAccessories
  - VanillaExpanded.VanillaBackstoriesExpanded
  - VanillaExpanded.VBrewE
  - VanillaExpanded.VCookE
  - VanillaExpanded.VEE
  - OskarPotocki.VFE.Insectoid2
  - OskarPotocki.VFE.Tribals
  - VanillaExpanded.VFECore
  - VanillaExpanded.VFEArchitect
  - VanillaExpanded.VFEArt
  - VanillaExpanded.VFEFactory
  - VanillaExpanded.VFEFarming
  - VanillaExpanded.VFEMedical
  - VanillaExpanded.VFEPower
  - VanillaExpanded.VFEProduction
  - VanillaExpanded.VFEPropsandDecor
  - VanillaExpanded.VFESecurity
  - VanillaExpanded.VFESpacer
  - vanillaexpanded.gravship
  - VanillaExpanded.HelixienGas
  - VanillaExpanded.VIEHAR
  - VanillaExpanded.Ideo.RelicsAndArtifacts
  - VanillaExpanded.VExplorationE
  - vanillaexpanded.outposts
  - VanillaExpanded.VPlantsESucculents
  - vanillaquestsexpanded.ancients
  - vanillaquestsexpanded.cryptoforge
  - vanillaquestsexpanded.generator
  - vanillaracesexpanded.archon
  - vanillaracesexpanded.fungoid
  - vanillaracesexpanded.genie
  - vanillaracesexpanded.phytokin
  - vanillaracesexpanded.saurid
  - vanillaracesexpanded.starjack
  - Gravenwitch.VSRexamined
  - VanillaExpanded.VanillaTradingExpanded
  - VanillaExpanded.VanillaTraitsExpanded
  - VanillaExpanded.VWE
  - VanillaExpanded.VWEMS
  - gabrieel1482.raidvehicleframework
  - NinaGoblin.VisitSettlements
  - addvans.WalkTheWorld
  - Ogliss.g223.wanderingcaravans
  - addvans.WASDedPawn
  - Sl4vP0weR.WeAreUnited
  - Aelanna.WeaponRacks
  - bodlosh.WeaponStats
  - Revolus.WhatsMissing
  - co.uk.epicguru.whatsthatmod
  - winggar.meaningfulparties
  - Tleno.WireheadStyle
  - Fluffy.WorkTab
  - zal.worldmapenhanced
  - ferny.Worldbuilder
  - FunkyShit.Mods.WorldEdit.alpha
  - bs.xenotypespawncontrol
  - Mlie.YayosCaravan
  - Mlie.YayosCombat3
  - Mlie.YayosMeteor
  - btd.remix.gravshipblueprints
  - LazyFridayStudio.GenesExpandedEyes
  - Nals.FacialAnimationExperimentals
  - 7f.alienworlds.tidallylocked
  - sarg.alphaanimals
  - XMB.AncientUrbanrUins.MO
  - mandrake.rut.ashkarrlandmarkart
  - mandrake.rut.ishkolandmarks
  - GroovyTaco.BeltExtractors
  - Maal.BetterTreesMod
  - m00nl1ght.GeologicalLandforms.BiomeTransitions
  - BiomesTeam.BiomesCore
  - mandrake.rm.sauridfrillfix
  - Neronix17.Retexture.CharacterEditor
  - Qux.Comigo.BetterTreesMod
  - HaiLuan.CustomQuestFrameworkAI
  - Lumi.doorsexpanded
  - Mlie.DungeonPack
  - Vesper.EGIHologramsandProjectors
  - jaeger972.factionterritories
  - Aoba.Fortress.Industrial
  - sd.fa.geneticheadsframework
  - GMMP.Dungeon
  - zal.gianttoads
  - als.gravtech
  - GRimTerra.Worldmap
  - Who.VFEE.IsopodaGeneline
  - Icepickgma.InvisibleDisplayCase
  - mandrake.rsw.jawavoice
  - neku.largepawns
  - LWM.DeepStorage
  - Smxrez.makeshiftreexamined
  - badoaks.MeatOnAStick.expansion
  - zacharyfoster.mineralsframework
  - mandrake.rm.gravshipastronautfix
  - Sinnamon.MoreRitualRewards
  - zal.moreutilitypacks
  - Andromeda.NiceResearchTab
  - mandrake.rm.planetpresetprime
  - Xylthixlm.Races.Titan
  - Mlie.PreceptsAndMemesRitualsModule
  - lambda.Psykshroom
  - Ogliss.TheWhiteCrayon.Quarry
  - DizzyEevee.RHenG
  - ReGrowth.BOTR.Core
  - Memegoddess.ReplaceStuff
  - aw.researchreinvented.retextured
  - PeteTimesSix.ResearchReinvented.SteppingStones
  - kilokio.rimai.core
  - Jaxe.RimHUD
  - zal.spaceports
  - co.uk.epicguru.factionloadout
  - Deon.rimtek.digipal
  - Deon.rimtek.docmate
  - telardo.RomanceOnTheRim
  - kathanon.SearchableMenus
  - Mlie.ShowMeYourHands
  - Scherub.StonecuttingExtended
  - cyanobot.toddlers
  - mandrake.rm.toolbeltfix
  - VanillaExpanded.VChemfuelE
  - VanillaExpanded.VCookEStews
  - Kuhlyus.ModPatch.VanillaOutpost
  - MrHydralisk.VOEAdditionalOutposts
  - VanillaExpanded.VWEL
  - Arcjc007.WallStuff
  - fourtoo.glowingbush
  - Kyzy.ShipWallEnhanced
  - Daria40K.AlphaAnimalsPatchOutposts
  - ks.aaretextured
  - sarg.alphagenes
  - Meteores.AncientUrbanRuinsAllDeconstructible.AURAD
  - BiomesTeam.BiomesCaverns
  - BiomesTeam.BiomesPollutedLands
  - mandrake.rsw.blastdoorframeasyncfix
  - zal.comigogreaterswamps
  - Mlie.FunctionalVanillaExpandedProps
  - sd.fa.geneticheadsbiotech
  - sd.fa.geneticheadsmods
  - als.gravtech.bc
  - erdelf.HumanoidAlienRaces
  - zacharyfoster.mineralsfrozen
  - zacharyfoster.mineralsrock
  - zacharyfoster.mineralssparkle
  - Mehni.PickUpAndHaul
  - avius.prisonlabor
  - Reel.FacialAnims
  - mandrake.rm.researchkiteastfix
  - OskarPotocki.VFE.Pirates
  - VanillaExpanded.VMemesE
  - vanillaexpanded.skills
  - Killathon.ArtificialBeings
  - sd.fa.reelsadjustments
  - OPA.AllSpecialistsCanWork
  - sarg.alphaskills
  - Meteores.AncientUrbanRuinsVanillaLoot.AURVL
  - Chezhou.ChezhouLib.lib
  - Broms.DeepOrbit
  - Farhanfair.WarcasketTweaksPatch
  - HalituisAmaricanous.gravtechbigcannons
  - Teiwaz.GTGTraderCore
  - keyz182.KeyzAllowUtilities
  - toastyman.moreritualseats
  - sugarcube.puahsharedstorage
  - Legator.PrisonerRealism
  - Font.Rimesis
  - PeteTimesSix.SimpleSidearms
  - TRIBeagle.simpleslaverycollars
  - neronix17.toolbox
  - VanillaExpanded.VGeneticsE
  - VanillaExpanded.VTEXE.FacialAnims
  - OskarPotocki.VanillaVehiclesExpanded
  - dmp.vfepirates.warcasketwork
  - Aoba.WarCasket
  - divineDerivative.Romance
  - Teiwaz.TAAJG
  - Teiwaz.TACAC
  - Killathon.ArtificialBeings.SynCore
  - brrainz.achtung
  - sd.fa.vteadjustments
  - sarg.alphavehiclesneolithic
  - Kem.BeardAdjustment
  - RedMattis.BigSmall.Core
  - LovelyDovey.Sex.WithEuterpe
  - chezhou.creature.sandworm
  - Neronix17.OuterRim.Core
  - Neronix17.Outland.Genetics
  - neronix17.shieldgenerators
  - Farxmai2.VanillaDeconstructableVehicles
  - RedMattis.Optional
  - RedMattis.BigSmall
  - RedMattis.BigWeapons
  - avilmask.CommonSense
  - mandrake.rm.desertvehiclereskin
  - LovelyDovey.Sex.WithRosaline
  - LovelyDovey.Recreation.WithEuterpe
  - LeutianKane.MineablesOR
  - LeutianKane.Mines2patchOuterRim
  - Neronix17.OuterRim.DroidDepot
  - Neronix17.OuterRim.FurnitureAndDecor
  - Neronix17.OuterRim.GalacticEmpire
  - Neronix17.OuterRim.RebelAlliance
  - Jelheb.RusticMealRetexture
  - FrozenSnowFox.ComplexJobs
  - Dubwise.DubsBreakMod
  - DanZinagri.FacialAnimationCompatabilityProject
  - mandrake.rut.doctrine
  - Dubwise.DubsPerformanceAnalyzer.steam
  - Taranchuk.PerformanceOptimizer
  - co.uk.epicguru.meleeanimation
  - lordfelix.RimControl
  - meathax.ShowMeYourTools
  - lee.theforce.lightsaber
  - guy762.MM.KotORCore
  - mandrake.rsw.starwarsraces
  - mandrake.rsw.armoury
  - mandrake.rsw.jawaikee
  - mandrake.rsw.ionweapons
  - mandrake.rut.shipmemory
  - mandrake.rut.antiquities
  - mandrake.rut.rites
  - mandrake.rut.researchretag
  - mandrake.rm.patches
  - mandrake.rsw.patches
  - mandrake.rut.patches
  - mandrake.rut.pawnflavor
  - btd.gbp.shippack.kotor.vge
  - mandrake.rsw.droidworks
  - mandrake.rsw.seaswaterline
  - mandrake.rm.wreckedmachines
  - mandrake.rsw.fireecology
  - mandrake.rut.fireecology
  - mandrake.rm.property
  - mandrake.rm.salvageclaim
  - mandrake.rm.theft_hauler
  - mandrake.rm.rimdefdump
  - mandrake.rut.birthhatchdemo
  - aRandomKiwi.RimThemes
  - mandrake.rut.shell
  - rw.mod.simplestairs
  - Kutte.Stairs
gridId:0
gridId:1
gridId:2
gridId:3
[Geological Landforms v1.7.13.1] Map generator context: TileId: 70766, Landforms: River & RiverTerrain, BiomeVariants: None, Topology: Inland, TopologyDirection: East (F)
[Map Designer] Applying settings
[Map Designer] Terrain settings: Default
Not generating ores for asteroid step
Not generating ores for asteroid step
Not generating ores for asteroid step
Not generating ores for asteroid step
Not generating ores for asteroid step
Not generating ores for asteroid step
Not generating ores for asteroid step
Not generating ores for asteroid step
Not generating ores for asteroid step
Not generating ores for asteroid step
Not generating ores for asteroid step
Not generating ores for asteroid step
Not generating ores for asteroid step
Not generating ores for asteroid step
Not generating ores for asteroid step
Not generating ores for asteroid step
Not generating ores for asteroid step
Not generating ores for asteroid step
Not generating ores for asteroid step
Not generating ores for asteroid step
Not generating ores for asteroid step
Not generating ores for asteroid step
Not generating ores for asteroid step
Not generating ores for asteroid step
Not generating ores for asteroid step
Tried to calculate chance for father with gender "Female".
Tried to calculate chance for father with gender "Female".
Tried to calculate chance for father with gender "Female".
Tried to calculate chance for father with gender "Female".
Tried to calculate chance for father with gender "Female".
Tried to calculate chance for father with gender "Female".
Scatterer Verse.GenStep_ScatterGroupPrefabs from def Jawa_StampGroundHulk could not find cell to generate at.
[DefensivePositions v1.7.0.0] DefensivePositionsGameComponent initialized in this map.
[GravTide] tidal flats: no channel carved - the map has no deep ocean to run one between
ShallowReservoirSeed == 0 Regenerating seeds
checking editor settings...
bodysizes genes are active
[Ninefold] Ozzik satiation +15.0 (research completed: ComplexFurniture) -> 100.0 [Exalted]
[Ninefold] Ohm satiation +3.0 (research completed (shared input): ComplexFurniture) -> 45.0 [Content]
[Ninefold] Ozzik satiation +15.0 (research completed: PassiveCooler) -> 100.0 [Exalted]
[Ninefold] Ohm satiation +3.0 (research completed (shared input): PassiveCooler) -> 48.0 [Content]
[Ninefold] Ozzik satiation +15.0 (research completed: RR_BasicCraftingFacilities) -> 100.0 [Exalted]
[Ninefold] Ohm satiation +3.0 (research completed (shared input): RR_BasicCraftingFacilities) -> 51.0 [Content]
[Ninefold] Ozzik satiation +15.0 (research completed: Stonecutting) -> 100.0 [Exalted]
[Ninefold] Ohm satiation +3.0 (research completed (shared input): Stonecutting) -> 54.0 [Content]
[Ninefold] Ozzik satiation +15.0 (research completed: RR_BasicApparel) -> 100.0 [Exalted]
[Ninefold] Ohm satiation +3.0 (research completed (shared input): RR_BasicApparel) -> 57.0 [Content]
[Ninefold] Ozzik satiation +15.0 (research completed: ComplexClothing) -> 100.0 [Exalted]
[Ninefold] Ohm satiation +3.0 (research completed (shared input): ComplexClothing) -> 60.0 [Exalted]
