Mono path[0] = 'C:/Program Files (x86)/Steam/steamapps/common/RimWorld/RimWorldWin64_Data/Managed'
Mono config path = 'C:/Program Files (x86)/Steam/steamapps/common/RimWorld/MonoBleedingEdge/etc'
[PhysX] Initialized MultithreadedTaskDispatcher with 14 workers.
Initialize engine version: 2022.3.35f1 (011206c7a712)
[Subsystems] Discovering subsystems at path C:/Program Files (x86)/Steam/steamapps/common/RimWorld/RimWorldWin64_Data/UnitySubsystems
GfxDevice: creating device client; threaded=1; jobified=0
Direct3D:
    Version:  Direct3D 11.0 [level 11.1]
    Renderer: NVIDIA GeForce RTX 5080 (ID=0x2c02)
    Vendor:   NVIDIA
    VRAM:     15977 MB
    Driver:   32.0.15.9186
Begin MonoManager ReloadAssembly
- Loaded All Assemblies, in  0.120 seconds
- Finished resetting the current domain, in  0.001 seconds
<RI> Initializing input.
<RI> Input initialized.
<RI> Initialized touch support.
[PhysX] Initialized MultithreadedTaskDispatcher with 14 workers.
UnloadTime: 0.674600 ms
Command line arguments: -disable-compute-shaders
RimWorld 1.6.4871 rev591
Direct3D: detected that using refresh rate causes time drift. Will stop trusting refresh rate until the game window is moved.
Direct3D: detected that vsync is broken (it does not limit frame rate properly). Delta time will now be calculated using cpu-side time stampling until the game window is moved.
Mod RimMandrake: Aftermath dependency (mandrake.rm.ninefold) needs to have <downloadUrl> and/or <steamWorkshopUrl> specified.
Mod RimUtinni: Aftermath Rites dependency (mandrake.rm.aftermath) needs to have <downloadUrl> and/or <steamWorkshopUrl> specified.
Mod RimMandrake: Utinni — Inhabited (Ash'karr) dependency (mandrake.rm.inhabited) needs to have <downloadUrl> and/or <steamWorkshopUrl> specified.
Mod RimMandrake: Utinni — Weather Suite (Ash'karr) dependency (mandrake.rsw.weathersuite) needs to have <downloadUrl> and/or <steamWorkshopUrl> specified.
Mod Inhabited (local) dependency (mandrake.rm.injections) needs to have <downloadUrl> and/or <steamWorkshopUrl> specified.
Mod Jawa Ikee dependency (sarg.alphaanimals) needs to have <downloadUrl> and/or <steamWorkshopUrl> specified.
Mod JawaVoice (SpeakUp reskin) dependency (JPT.speakup) needs to have <downloadUrl> and/or <steamWorkshopUrl> specified.
Mod RimMandrake: Utinni — Fire Ecology (Pyrelands) dependency (zylle.morevanillabiomes) needs to have <downloadUrl> and/or <steamWorkshopUrl> specified.
Mod RimMandrake: Utinni — Fire Ecology (Pyrelands) dependency (mandrake.rsw.fireecology) needs to have <downloadUrl> and/or <steamWorkshopUrl> specified.
Mod The Rites dependency (mandrake.rut.antiquities) needs to have <downloadUrl> and/or <steamWorkshopUrl> specified.
Mod RimMandrake Sacred Marks dependency (mandrake.rm.graffiti) needs to have <downloadUrl> and/or <steamWorkshopUrl> specified.
Mod RimMandrake: Salvage Claim dependency (mandrake.rm.property) needs to have <downloadUrl> and/or <steamWorkshopUrl> specified.
Mod RimUtinni: Structure Injections dependency (mandrake.rm.injections) needs to have <downloadUrl> and/or <steamWorkshopUrl> specified.
Mod RimStarWars: Structure Injections dependency (mandrake.rm.injections) needs to have <downloadUrl> and/or <steamWorkshopUrl> specified.
Mod RimMandrake: Theft Hauler <packageId> (mandrake.rm.theft_hauler) is not in valid format.
Mod RimMandrake: Theft Hauler dependency (mandrake.rm.property) needs to have <downloadUrl> and/or <steamWorkshopUrl> specified.
Mod RimUtinni: Vault Dungeons dependency (OskarPotocki.VanillaFactionsExpanded.Core) needs to have <downloadUrl> and/or <steamWorkshopUrl> specified.
Mod RimMandrake: Colony Visibility dependency (brrainz.harmony) needs to have <downloadUrl> and/or <steamWorkshopUrl> specified.
Mod RimTalk Expand: AI Storyteller dependency (cyberchronicle.rimtalkexperts) needs to have <downloadUrl> and/or <steamWorkshopUrl> specified.
Mod RimTalk Expand: AI Storyteller dependency (brrainz.harmony) needs to have <downloadUrl> and/or <steamWorkshopUrl> specified.
Mod Custom Room Names - RimTalk Addon dependency (cj.Rimtalk) needs to have <downloadUrl> and/or <steamWorkshopUrl> specified.
Mod Custom Room Names - RimTalk Addon dependency (costel.CustomRoomNames) needs to have <downloadUrl> and/or <steamWorkshopUrl> specified.
Mod RimTalk - Expand Literature dependency (cj.rimtalk) needs to have <downloadUrl> and/or <steamWorkshopUrl> specified.
Mod RimTalk - Expand Toddlers dependency (cyanobot.toddlers) needs to have <downloadUrl> and/or <steamWorkshopUrl> specified.
Mod RimTalk - Expand Toddlers dependency (cj.rimtalk) needs to have <downloadUrl> and/or <steamWorkshopUrl> specified.
Mod Large Pawns dependency (brrainz.harmony) needs to have <downloadUrl> and/or <steamWorkshopUrl> specified.
Mod Wood's Muzzle Flash for Ancient urban ruins has a dependency (issaczhuang.muzzleflash) with empty display name.
Mod Wood's Muzzle Flash for Ancient urban ruins dependency (issaczhuang.muzzleflash) needs to have <downloadUrl> and/or <steamWorkshopUrl> specified.
Mod Wood's Muzzle Flash for Ancient urban ruins has a dependency (xmb.ancienturbanruins.mo) with empty display name.
Mod Wood's Muzzle Flash for Ancient urban ruins dependency (xmb.ancienturbanruins.mo) needs to have <downloadUrl> and/or <steamWorkshopUrl> specified.
Mod Forced Xenogerm Implantation dependency (brrainz.harmony) needs to have <downloadUrl> and/or <steamWorkshopUrl> specified.
Exception loading from System.Xml.XmlElement: System.MissingMethodException: Default constructor not found for type System.String
  at System.RuntimeType.CreateInstanceMono (System.Boolean nonPublic, System.Boolean wrapExceptions) [0x00076] in <51fded79cd284d4d911c5949aff4cb21>:0 
  at System.RuntimeType.CreateInstanceSlow (System.Boolean publicOnly, System.Boolean wrapExceptions, System.Boolean skipCheckThis, System.Boolean fillCache) [0x00009] in <51fded79cd284d4d911c5949aff4cb21>:0 
  at System.RuntimeType.CreateInstanceDefaultCtor (System.Boolean publicOnly, System.Boolean skipCheckThis, System.Boolean fillCache, System.Boolean wrapExceptions, System.Threading.StackCrawlMark& stackMark) [0x00027] in <51fded79cd284d4d911c5949aff4cb21>:0 
  at System.Activator.CreateInstance (System.Type type, System.Boolean nonPublic, System.Boolean wrapExceptions) [0x00020] in <51fded79cd284d4d911c5949aff4cb21>:0 
  at System.Activator.CreateInstance (System.Type type, System.Boolean nonPublic) [0x00000] in <51fded79cd284d4d911c5949aff4cb21>:0 
  at System.Activator.CreateInstance (System.Type type) [0x00000] in <51fded79cd284d4d911c5949aff4cb21>:0 
  at Verse.DirectXmlToObject.ObjectFromXml[T] (System.Xml.XmlNode xmlRoot, System.Boolean doPostLoad) [0x0045c] in <61e4173561894da49d210260257b5097>:0 
  at Verse.DirectXmlToObject.ObjectFromXmlReflection[T] (System.Xml.XmlNode xmlRoot, System.Boolean doPostLoad) [0x00000] in <61e4173561894da49d210260257b5097>:0 
  at Verse.DirectXmlToObject.ObjectFromXml[T] (System.Xml.XmlNode xmlRoot, System.Boolean doPostLoad) [0x0060e] in <61e4173561894da49d210260257b5097>:0 
Fallback handler could not load library C:/Program Files (x86)/Steam/steamapps/common/RimWorld/RimWorldWin64_Data/MonoBleedingEdge/data-0000019BEE92A050.dll
Fallback handler could not load library C:/Program Files (x86)/Steam/steamapps/common/RimWorld/RimWorldWin64_Data/MonoBleedingEdge/data-0000019BF0E64930.dll
[RimBridge] STARTUP_TIMING phase=main-thread.initialize durationMs=0 elapsedMs=0
[RimBridge] Applied essential Harmony patches.
[RimBridge] Applied 56 optional Harmony patch classes.
[RimBridge] STARTUP_TIMING phase=harmony.startup-patches durationMs=126 elapsedMs=127
[RimBridge] STARTUP_TIMING phase=startup.on-mod-constructed durationMs=0 elapsedMs=127
[RimBridge] STARTUP_TIMING phase=mod-constructor.total durationMs=127 elapsedMs=127
1.6.9701 ::
<color=#00FFFFFF>:: Outer Rim - Core ::</color> 1.6.9306 ::
Error while instantiating a mod of type OuterRimCore.OuterRimCoreMod: System.Reflection.TargetInvocationException: Exception has been thrown by the target of an invocation. ---> System.NullReferenceException: Object reference not set to an instance of an object
[Ref D3840D9A]
  at OuterRimCore.OuterRimCoreMod.get_VersionDir () [0x0000b] in <f175bbca770d41f481b7d51826e7d2dd>:0 
OuterRimCore.OuterRimCoreMod..ctor(ModContentPack content)
(wrapper managed-to-native) System.Reflection.RuntimeConstructorInfo.InternalInvoke(System.Reflection.RuntimeConstructorInfo,object,object[],System.Exception&)
  at System.Reflection.RuntimeConstructorInfo.InternalInvoke (System.Object obj, System.Object[] parameters, System.Boolean wrapExceptions) [0x00005] in <51fded79cd284d4d911c5949aff4cb21>:0 
   --- End of inner exception stack trace ---
[Ref 63660D84]
  at System.Reflection.RuntimeConstructorInfo.InternalInvoke (System.Object obj, System.Object[] parameters, System.Boolean wrapExceptions) [0x0001a] in <51fded79cd284d4d911c5949aff4cb21>:0 
  at System.Reflection.RuntimeConstructorInfo.DoInvoke (System.Object obj, System.Reflection.BindingFlags invokeAttr, System.Reflection.Binder binder, System.Object[] parameters, System.Globalization.CultureInfo culture) [0x00086] in <51fded79cd284d4d911c5949aff4cb21>:0 
  at System.Reflection.RuntimeConstructorInfo.Invoke (System.Reflection.BindingFlags invokeAttr, System.Reflection.Binder binder, System.Object[] parameters, System.Globalization.CultureInfo culture) [0x00000] in <51fded79cd284d4d911c5949aff4cb21>:0 
  at System.RuntimeType.CreateInstanceImpl (System.Reflection.BindingFlags bindingAttr, System.Reflection.Binder binder, System.Object[] args, System.Globalization.CultureInfo culture, System.Object[] activationAttributes, System.Threading.StackCrawlMark& stackMark) [0x0022b] in <51fded79cd284d4d911c5949aff4cb21>:0 
  at System.Activator.CreateInstance (System.Type type, System.Reflection.BindingFlags bindingAttr, System.Reflection.Binder binder, System.Object[] args, System.Globalization.CultureInfo culture, System.Object[] activationAttributes) [0x0009c] in <51fded79cd284d4d911c5949aff4cb21>:0 
  at System.Activator.CreateInstance (System.Type type, System.Object[] args) [0x00000] in <51fded79cd284d4d911c5949aff4cb21>:0 
  at Verse.LoadedModManager.CreateModClasses () [0x00085] in <61e4173561894da49d210260257b5097>:0 
XML error: <everVisible>true</everVisible> doesn't correspond to any field in type HediffDef. Context: <HediffDef><defName>RSW_DW_PoweredDown</defName><label>powered down</label><description>This droid's power has run out. It cannot act until someone reboots it.</description><hediffClass>HediffWithComps</hediffClass><defaultLabelColor>(0.5, 0.5, 0.5)</defaultLabelColor><scenarioCanAdd>false</scenarioCanAdd><maxSeverity>1.0</maxSeverity><isBad>true</isBad><everVisible>true</everVisible><comps><li Class="RimMandrake.StarWars.Droidworks.HediffCompProperties_PoweredDown" /></comps><stages><li><minSeverity>0</minSeverity><capMods><li><capacity>Consciousness</capacity><setMax>0.10</setMax></li></capMods></li></stages></HediffDef>
XML error: <everVisible>true</everVisible> doesn't correspond to any field in type HediffDef. Context: <HediffDef><defName>RSW_DW_RestrainingBolt</defName><label>restraining bolt</label><description>A restraining bolt, clamped or surgically fitted. Mutes the droid, makes its hands clumsier, and overrides its ability to form its own opinions of others.</description><hediffClass>HediffWithComps</hediffClass><defaultLabelColor>(0.8, 0.3, 0.3)</defaultLabelColor><scenarioCanAdd>false</scenarioCanAdd><maxSeverity>1.0</maxSeverity><isBad>true</isBad><everVisible>true</everVisible><stages><li><minSeverity>0</minSeverity><opinionOfOthersFactor>0</opinionOfOthersFactor><capMods><li><capacity>Talking</capacity><setMax>0</setMax></li><li><capacity>Manipulation</capacity><setMax>0.75</setMax></li></capMods><statFactors><SlaveSuppressionFallRate MayRequire="Ludeon.RimWorld.Ideology">0</SlaveSuppressionFallRate></statFactors></li></stages></HediffDef>
XML error: <everVisible>false</everVisible> doesn't correspond to any field in type HediffDef. Context: <HediffDef><defName>RSW_DW_BoltResentment</defName><label>bolt resentment</label><description>Accumulated resentment from being forced under a restraining bolt. Does not fade once the bolt is removed.</description><hediffClass>HediffWithComps</hediffClass><scenarioCanAdd>false</scenarioCanAdd><maxSeverity>1.0</maxSeverity><isBad>true</isBad><everVisible>false</everVisible><comps><li Class="RimMandrake.StarWars.Droidworks.HediffCompProperties_DWBoltResentment"><severityPerDayWhileBolted>0.05</severityPerDayWhileBolted></li></comps></HediffDef>
Exception loading def from file RecipeDefs_Droidworks.xml: System.ArgumentNullException: Value cannot be null.
Parameter name: s
[Ref 2B7B3161]
 [0x00006] in <51fded79cd284d4d911c5949aff4cb21>:0 
  at System.Single.Parse (System.String s, System.IFormatProvider provider) [0x00003] in <51fded79cd284d4d911c5949aff4cb21>:0 
  at Verse.ParseHelper.ParseIntPermissive (System.String str) [0x0001a] in <61e4173561894da49d210260257b5097>:0 
  at Verse.ParseHelper.FromString[T] (System.String str) [0x00009] in <61e4173561894da49d210260257b5097>:0 
  at Verse.SkillRequirement.LoadDataFromXmlCustom (System.Xml.XmlNode xmlRoot) [0x00020] in <61e4173561894da49d210260257b5097>:0 
(wrapper dynamic-method) Verse.DirectXmlToObjectNew+DummyTypeToHoldDynamicMethods.ParseAndAddCustomLoadableToList_Verse_SkillRequirement(object,int,System.Xml.XmlNode,System.Type)
(wrapper dynamic-method) Verse.DirectXmlToObjectNew+DummyTypeToHoldDynamicMethods.ParseAndSetListField_Verse_SkillRequirement(object,System.Reflection.FieldInfo,System.Xml.XmlNode,System.Type)
(wrapper dynamic-method) Verse.DirectXmlToObjectNew+DummyTypeToHoldDynamicMethods.ParseAndReturnDef_Verse_Def(int,int,System.Xml.XmlNode,System.Type)
  at Verse.DirectXmlToObjectNew.DefFromNodeNew (System.Xml.XmlNode node, Verse.LoadableXmlAsset loadingAsset) [0x000dd] in <61e4173561894da49d210260257b5097>:0 
Exception loading def from file RecipeDefs_Droidworks.xml: System.ArgumentNullException: Value cannot be null.
Parameter name: s
[Ref 2B7B3161] Duplicate stacktrace, see ref for original
Exception loading def from file RecipeDefs_Droidworks.xml: System.ArgumentNullException: Value cannot be null.
Parameter name: s
[Ref 2B7B3161] Duplicate stacktrace, see ref for original
Exception loading def from file RecipeDefs_Droidworks.xml: System.ArgumentNullException: Value cannot be null.
Parameter name: s
[Ref 2B7B3161] Duplicate stacktrace, see ref for original
Exception loading def from file Items_Droidworks.xml: System.ArgumentNullException: Value cannot be null.
Parameter name: s
[Ref 829EFF11]
 [0x00006] in <51fded79cd284d4d911c5949aff4cb21>:0 
  at System.Single.Parse (System.String s, System.IFormatProvider provider) [0x00003] in <51fded79cd284d4d911c5949aff4cb21>:0 
  at Verse.ParseHelper.ParseIntPermissive (System.String str) [0x0001a] in <61e4173561894da49d210260257b5097>:0 
  at Verse.ParseHelper.FromString[T] (System.String str) [0x00009] in <61e4173561894da49d210260257b5097>:0 
  at Verse.SkillRequirement.LoadDataFromXmlCustom (System.Xml.XmlNode xmlRoot) [0x00020] in <61e4173561894da49d210260257b5097>:0 
(wrapper dynamic-method) Verse.DirectXmlToObjectNew+DummyTypeToHoldDynamicMethods.ParseAndAddCustomLoadableToList_Verse_SkillRequirement(object,int,System.Xml.XmlNode,System.Type)
(wrapper dynamic-method) Verse.DirectXmlToObjectNew+DummyTypeToHoldDynamicMethods.ParseAndSetListField_Verse_SkillRequirement(object,System.Reflection.FieldInfo,System.Xml.XmlNode,System.Type)
(wrapper dynamic-method) Verse.DirectXmlToObjectNew+DummyTypeToHoldDynamicMethods.ParseAndSetComplexTypeField_SharedBody(object,System.Reflection.FieldInfo,System.Xml.XmlNode,System.Type)
(wrapper dynamic-method) Verse.DirectXmlToObjectNew+DummyTypeToHoldDynamicMethods.ParseAndReturnDef_Verse_ThingDef(int,int,System.Xml.XmlNode,System.Type)
  at Verse.DirectXmlToObjectNew.DefFromNodeNew (System.Xml.XmlNode node, Verse.LoadableXmlAsset loadingAsset) [0x000dd] in <61e4173561894da49d210260257b5097>:0 
XML error: <inSignal>site.RUT_SleepersWoken</inSignal> doesn't correspond to any field in type QuestNode_SendSignals. Context: <li Class="QuestNode_SendSignals"><inSignal>site.RUT_SleepersWoken</inSignal><outSignals><li>SleepersTouched</li></outSignals></li>
XML error: <inSignal>site.RUT_SleepersLooted</inSignal> doesn't correspond to any field in type QuestNode_SendSignals. Context: <li Class="QuestNode_SendSignals"><inSignal>site.RUT_SleepersLooted</inSignal><outSignals><li>SleepersTouched</li></outSignals></li>
Could not resolve cross-reference to Verse.ThingDef named SurvivalTools_Multitool (wanter=items)
Could not resolve cross-reference to Verse.ThingDef named guy762_Headband_rebreathermask (wanter=apparel)
Could not resolve cross-reference: No Verse.ThingDef named DV_MeleeWeapon_SerratedScimitar found to give to RimMandrake.Inhabited.CharacterDef Inhabited_Hutt_MargraveSarrick
Could not resolve cross-reference: No Verse.ThingDef named GS_Gaffi found to give to RimMandrake.Inhabited.CharacterDef Inhabited_Tusken_GhurrVex
Could not resolve cross-reference to Verse.ThingDef named guy762_TuskenMask (wanter=apparel)
Could not resolve cross-reference to Verse.RecipeDef named RSW_DW_RebootDroid (wanter=recipes)
Could not resolve cross-reference to Verse.RecipeDef named RSW_DW_InstallRestrainingBolt (wanter=recipes)
Could not resolve cross-reference to Verse.RecipeDef named RSW_DW_RemoveRestrainingBolt (wanter=recipes)
Could not resolve cross-reference to Verse.RecipeDef named RSW_DW_MemoryWipe (wanter=recipes)
Could not resolve cross-reference to Verse.RecipeDef named RSW_DW_RebootDroid (wanter=recipes)
Could not resolve cross-reference to Verse.RecipeDef named RSW_DW_InstallRestrainingBolt (wanter=recipes)
Could not resolve cross-reference to Verse.ThingDef named guy762_Headband_rebreathermask (wanter=apparel)
Could not resolve cross-reference to Verse.RecipeDef named RSW_DW_RebootDroid (wanter=recipes)
Could not resolve cross-reference to Verse.RecipeDef named RSW_DW_InstallRestrainingBolt (wanter=recipes)
Could not resolve cross-reference to Verse.RecipeDef named RSW_DW_RemoveRestrainingBolt (wanter=recipes)
Could not resolve cross-reference to Verse.RecipeDef named RSW_DW_MemoryWipe (wanter=recipes)
Could not resolve cross-reference to Verse.RecipeDef named RSW_DW_RebootDroid (wanter=recipes)
Could not resolve cross-reference to Verse.RecipeDef named RSW_DW_InstallRestrainingBolt (wanter=recipes)
Could not resolve cross-reference to Verse.RecipeDef named RSW_DW_RemoveRestrainingBolt (wanter=recipes)
Could not resolve cross-reference to Verse.RecipeDef named RSW_DW_MemoryWipe (wanter=recipes)
Could not resolve cross-reference to Verse.RecipeDef named RSW_DW_RebootDroid (wanter=recipes)
Could not resolve cross-reference to Verse.RecipeDef named RSW_DW_InstallRestrainingBolt (wanter=recipes)
Could not resolve cross-reference to Verse.RecipeDef named RSW_DW_RemoveRestrainingBolt (wanter=recipes)
Could not resolve cross-reference to Verse.RecipeDef named RSW_DW_MemoryWipe (wanter=recipes)
Could not resolve cross-reference to Verse.RecipeDef named RSW_DW_RebootDroid (wanter=recipes)
Could not resolve cross-reference to Verse.RecipeDef named RSW_DW_InstallRestrainingBolt (wanter=recipes)
Could not resolve cross-reference to Verse.RecipeDef named RSW_DW_RemoveRestrainingBolt (wanter=recipes)
Could not resolve cross-reference to Verse.RecipeDef named RSW_DW_MemoryWipe (wanter=recipes)
Could not resolve cross-reference to Verse.RecipeDef named RSW_DW_RebootDroid (wanter=recipes)
Could not resolve cross-reference to Verse.RecipeDef named RSW_DW_InstallRestrainingBolt (wanter=recipes)
Could not resolve cross-reference to Verse.RecipeDef named RSW_DW_RemoveRestrainingBolt (wanter=recipes)
Could not resolve cross-reference to Verse.RecipeDef named RSW_DW_MemoryWipe (wanter=recipes)
Could not resolve cross-reference to Verse.RecipeDef named RSW_DW_RebootDroid (wanter=recipes)
Could not resolve cross-reference to Verse.RecipeDef named RSW_DW_InstallRestrainingBolt (wanter=recipes)
Could not resolve cross-reference to Verse.RecipeDef named RSW_DW_RemoveRestrainingBolt (wanter=recipes)
Could not resolve cross-reference to Verse.RecipeDef named RSW_DW_MemoryWipe (wanter=recipes)
Could not resolve cross-reference to Verse.RecipeDef named RSW_DW_RebootDroid (wanter=recipes)
Could not resolve cross-reference to Verse.RecipeDef named RSW_DW_InstallRestrainingBolt (wanter=recipes)
Could not resolve cross-reference to Verse.RecipeDef named RSW_DW_RemoveRestrainingBolt (wanter=recipes)
Could not resolve cross-reference to Verse.RecipeDef named RSW_DW_MemoryWipe (wanter=recipes)
Could not resolve cross-reference to Verse.RecipeDef named RSW_DW_RebootDroid (wanter=recipes)
Could not resolve cross-reference to Verse.RecipeDef named RSW_DW_InstallRestrainingBolt (wanter=recipes)
Could not resolve cross-reference to Verse.RecipeDef named RSW_DW_RebootDroid (wanter=recipes)
Could not resolve cross-reference to Verse.RecipeDef named RSW_DW_RebootDroid (wanter=recipes)
Could not resolve cross-reference to Verse.RecipeDef named RSW_DW_InstallRestrainingBolt (wanter=recipes)
Could not resolve cross-reference to Verse.RecipeDef named RSW_DW_RemoveRestrainingBolt (wanter=recipes)
Could not resolve cross-reference to Verse.RecipeDef named RSW_DW_MemoryWipe (wanter=recipes)
Could not resolve cross-reference to Verse.RecipeDef named RSW_DW_RebootDroid (wanter=recipes)
Could not resolve cross-reference to Verse.RecipeDef named RSW_DW_InstallRestrainingBolt (wanter=recipes)
Could not resolve cross-reference to Verse.RecipeDef named RSW_DW_RemoveRestrainingBolt (wanter=recipes)
Could not resolve cross-reference to Verse.RecipeDef named RSW_DW_MemoryWipe (wanter=recipes)
Could not resolve cross-reference to Verse.RecipeDef named RSW_DW_RebootDroid (wanter=recipes)
Could not resolve cross-reference to Verse.RecipeDef named RSW_DW_InstallRestrainingBolt (wanter=recipes)
Could not resolve cross-reference to Verse.RecipeDef named RSW_DW_RemoveRestrainingBolt (wanter=recipes)
Could not resolve cross-reference to Verse.RecipeDef named RSW_DW_RemoveRestrainingBolt (wanter=recipes)
Could not resolve cross-reference to Verse.RecipeDef named RSW_DW_RebootDroid (wanter=recipes)
Could not resolve cross-reference to Verse.RecipeDef named RSW_DW_InstallRestrainingBolt (wanter=recipes)
Could not resolve cross-reference to Verse.RecipeDef named RSW_DW_RemoveRestrainingBolt (wanter=recipes)
Could not resolve cross-reference to Verse.RecipeDef named RSW_DW_MemoryWipe (wanter=recipes)
Could not resolve cross-reference to Verse.RecipeDef named RSW_DW_RebootDroid (wanter=recipes)
Could not resolve cross-reference to Verse.RecipeDef named RSW_DW_InstallRestrainingBolt (wanter=recipes)
Could not resolve cross-reference to Verse.RecipeDef named RSW_DW_RemoveRestrainingBolt (wanter=recipes)
Could not resolve cross-reference to Verse.RecipeDef named RSW_DW_MemoryWipe (wanter=recipes)
Could not resolve cross-reference to Verse.RecipeDef named RSW_DW_RebootDroid (wanter=recipes)
Could not resolve cross-reference to Verse.RecipeDef named RSW_DW_InstallRestrainingBolt (wanter=recipes)
Could not resolve cross-reference to Verse.RecipeDef named RSW_DW_RemoveRestrainingBolt (wanter=recipes)
Could not resolve cross-reference to Verse.RecipeDef named RSW_DW_MemoryWipe (wanter=recipes)
Could not resolve cross-reference to Verse.RecipeDef named RSW_DW_RebootDroid (wanter=recipes)
Could not resolve cross-reference to Verse.RecipeDef named RSW_DW_InstallRestrainingBolt (wanter=recipes)
Could not resolve cross-reference to Verse.RecipeDef named RSW_DW_RemoveRestrainingBolt (wanter=recipes)
Could not resolve cross-reference to Verse.RecipeDef named RSW_DW_MemoryWipe (wanter=recipes)
Could not resolve cross-reference to Verse.RecipeDef named RSW_DW_RebootDroid (wanter=recipes)
Could not resolve cross-reference to Verse.RecipeDef named RSW_DW_InstallRestrainingBolt (wanter=recipes)
Could not resolve cross-reference to Verse.RecipeDef named RSW_DW_RemoveRestrainingBolt (wanter=recipes)
Could not resolve cross-reference to Verse.RecipeDef named RSW_DW_MemoryWipe (wanter=recipes)
Could not resolve cross-reference to Verse.RecipeDef named RSW_DW_RebootDroid (wanter=recipes)
Could not resolve cross-reference to Verse.RecipeDef named RSW_DW_InstallRestrainingBolt (wanter=recipes)
Could not resolve cross-reference to Verse.RecipeDef named RSW_DW_RemoveRestrainingBolt (wanter=recipes)
Could not resolve cross-reference to Verse.RecipeDef named RSW_DW_MemoryWipe (wanter=recipes)
Could not resolve cross-reference to Verse.RecipeDef named RSW_DW_RebootDroid (wanter=recipes)
Could not resolve cross-reference to Verse.RecipeDef named RSW_DW_InstallRestrainingBolt (wanter=recipes)
Could not resolve cross-reference to Verse.RecipeDef named RSW_DW_RemoveRestrainingBolt (wanter=recipes)
Could not resolve cross-reference to Verse.RecipeDef named RSW_DW_MemoryWipe (wanter=recipes)
Could not resolve cross-reference to Verse.RecipeDef named RSW_DW_InstallRestrainingBolt (wanter=recipes)
Could not resolve cross-reference to Verse.RecipeDef named RSW_DW_RemoveRestrainingBolt (wanter=recipes)
Could not resolve cross-reference to Verse.RecipeDef named RSW_DW_MemoryWipe (wanter=recipes)
Could not resolve cross-reference to Verse.RecipeDef named RSW_DW_RebootDroid (wanter=recipes)
Could not resolve cross-reference to Verse.RecipeDef named RSW_DW_InstallRestrainingBolt (wanter=recipes)
Could not resolve cross-reference to Verse.RecipeDef named RSW_DW_RemoveRestrainingBolt (wanter=recipes)
Could not resolve cross-reference to Verse.RecipeDef named RSW_DW_MemoryWipe (wanter=recipes)
Could not resolve cross-reference to Verse.RecipeDef named RSW_DW_RebootDroid (wanter=recipes)
Could not resolve cross-reference to Verse.RecipeDef named RSW_DW_InstallRestrainingBolt (wanter=recipes)
Could not resolve cross-reference to Verse.RecipeDef named RSW_DW_RemoveRestrainingBolt (wanter=recipes)
Could not resolve cross-reference to Verse.RecipeDef named RSW_DW_MemoryWipe (wanter=recipes)
Could not resolve cross-reference to Verse.RecipeDef named RSW_DW_RebootDroid (wanter=recipes)
Could not resolve cross-reference to Verse.RecipeDef named RSW_DW_InstallRestrainingBolt (wanter=recipes)
Could not resolve cross-reference to Verse.RecipeDef named RSW_DW_RemoveRestrainingBolt (wanter=recipes)
Could not resolve cross-reference to Verse.RecipeDef named RSW_DW_MemoryWipe (wanter=recipes)
Could not resolve cross-reference to Verse.RecipeDef named RSW_DW_RebootDroid (wanter=recipes)
Could not resolve cross-reference: No Verse.ThingDef named OuterRim_DLT19HeavyBlasterRifle found to give to RimMandrake.Inhabited.CharacterDef Inhabited_Droids_CaptainFourteen
Could not resolve cross-reference to Verse.RecipeDef named RSW_DW_RemoveRestrainingBolt (wanter=recipes)
Could not resolve cross-reference to Verse.RecipeDef named RSW_DW_MemoryWipe (wanter=recipes)
Could not resolve cross-reference to Verse.RecipeDef named RSW_DW_RebootDroid (wanter=recipes)
Could not resolve cross-reference to Verse.RecipeDef named RSW_DW_InstallRestrainingBolt (wanter=recipes)
Could not resolve cross-reference to Verse.RecipeDef named RSW_DW_RemoveRestrainingBolt (wanter=recipes)
Could not resolve cross-reference to Verse.RecipeDef named RSW_DW_MemoryWipe (wanter=recipes)
Could not resolve cross-reference to Verse.RecipeDef named RSW_DW_RebootDroid (wanter=recipes)
Could not resolve cross-reference to Verse.RecipeDef named RSW_DW_InstallRestrainingBolt (wanter=recipes)
Could not resolve cross-reference to Verse.RecipeDef named RSW_DW_RemoveRestrainingBolt (wanter=recipes)
Could not resolve cross-reference to Verse.RecipeDef named RSW_DW_MemoryWipe (wanter=recipes)
Could not resolve cross-reference to Verse.RecipeDef named RSW_DW_RebootDroid (wanter=recipes)
Could not resolve cross-reference to Verse.RecipeDef named RSW_DW_InstallRestrainingBolt (wanter=recipes)
Could not resolve cross-reference to Verse.RecipeDef named RSW_DW_RemoveRestrainingBolt (wanter=recipes)
Could not resolve cross-reference to Verse.RecipeDef named RSW_DW_MemoryWipe (wanter=recipes)
Could not resolve cross-reference to Verse.RecipeDef named RSW_DW_RebootDroid (wanter=recipes)
Could not resolve cross-reference to Verse.RecipeDef named RSW_DW_InstallRestrainingBolt (wanter=recipes)
Could not resolve cross-reference to Verse.RecipeDef named RSW_DW_RemoveRestrainingBolt (wanter=recipes)
Could not resolve cross-reference to Verse.RecipeDef named RSW_DW_MemoryWipe (wanter=recipes)
Could not resolve cross-reference to Verse.RecipeDef named RSW_DW_RebootDroid (wanter=recipes)
Could not resolve cross-reference to Verse.RecipeDef named RSW_DW_InstallRestrainingBolt (wanter=recipes)
Could not resolve cross-reference to Verse.RecipeDef named RSW_DW_RemoveRestrainingBolt (wanter=recipes)
Could not resolve cross-reference to Verse.RecipeDef named RSW_DW_MemoryWipe (wanter=recipes)
Could not resolve cross-reference to Verse.RecipeDef named RSW_DW_RebootDroid (wanter=recipes)
Could not resolve cross-reference to Verse.RecipeDef named RSW_DW_InstallRestrainingBolt (wanter=recipes)
Could not resolve cross-reference to Verse.RecipeDef named RSW_DW_RemoveRestrainingBolt (wanter=recipes)
Could not resolve cross-reference to Verse.RecipeDef named RSW_DW_MemoryWipe (wanter=recipes)
Could not resolve cross-reference: No Verse.ThingDef named OuterRim_DLT19HeavyBlasterRifle found to give to RimMandrake.Inhabited.CharacterDef Inhabited_Droids_Wallop
Could not resolve cross-reference to Verse.RecipeDef named RSW_DW_MemoryWipe (wanter=recipes)
Could not resolve cross-reference to Verse.RecipeDef named RSW_DW_InstallRestrainingBolt (wanter=recipes)
Could not resolve cross-reference to Verse.RecipeDef named RSW_DW_RebootDroid (wanter=recipes)
Could not resolve cross-reference to Verse.RecipeDef named RSW_DW_InstallRestrainingBolt (wanter=recipes)
Could not resolve cross-reference to Verse.RecipeDef named RSW_DW_RemoveRestrainingBolt (wanter=recipes)
Could not resolve cross-reference to Verse.RecipeDef named RSW_DW_MemoryWipe (wanter=recipes)
Could not resolve cross-reference to Verse.RecipeDef named RSW_DW_RebootDroid (wanter=recipes)
Could not resolve cross-reference to Verse.RecipeDef named RSW_DW_InstallRestrainingBolt (wanter=recipes)
Could not resolve cross-reference to Verse.RecipeDef named RSW_DW_RemoveRestrainingBolt (wanter=recipes)
Could not resolve cross-reference to Verse.RecipeDef named RSW_DW_MemoryWipe (wanter=recipes)
Could not resolve cross-reference to Verse.RecipeDef named RSW_DW_RebootDroid (wanter=recipes)
Could not resolve cross-reference to Verse.RecipeDef named RSW_DW_InstallRestrainingBolt (wanter=recipes)
Could not resolve cross-reference to Verse.RecipeDef named RSW_DW_RemoveRestrainingBolt (wanter=recipes)
Could not resolve cross-reference to Verse.RecipeDef named RSW_DW_MemoryWipe (wanter=recipes)
Could not resolve cross-reference to Verse.RecipeDef named RSW_DW_RebootDroid (wanter=recipes)
Could not resolve cross-reference to Verse.RecipeDef named RSW_DW_InstallRestrainingBolt (wanter=recipes)
Could not resolve cross-reference to Verse.RecipeDef named RSW_DW_RemoveRestrainingBolt (wanter=recipes)
Could not resolve cross-reference to Verse.RecipeDef named RSW_DW_MemoryWipe (wanter=recipes)
Could not resolve cross-reference to Verse.RecipeDef named RSW_DW_RebootDroid (wanter=recipes)
Could not resolve cross-reference to Verse.RecipeDef named RSW_DW_InstallRestrainingBolt (wanter=recipes)
Could not resolve cross-reference to Verse.RecipeDef named RSW_DW_RebootDroid (wanter=recipes)
Could not resolve cross-reference to Verse.RecipeDef named RSW_DW_InstallRestrainingBolt (wanter=recipes)
Could not resolve cross-reference to Verse.RecipeDef named RSW_DW_RemoveRestrainingBolt (wanter=recipes)
Could not resolve cross-reference to Verse.RecipeDef named RSW_DW_MemoryWipe (wanter=recipes)
Could not resolve cross-reference to Verse.RecipeDef named RSW_DW_RebootDroid (wanter=recipes)
Could not resolve cross-reference to Verse.RecipeDef named RSW_DW_InstallRestrainingBolt (wanter=recipes)
Could not resolve cross-reference to Verse.RecipeDef named RSW_DW_RemoveRestrainingBolt (wanter=recipes)
Could not resolve cross-reference to Verse.RecipeDef named RSW_DW_MemoryWipe (wanter=recipes)
Could not resolve cross-reference: No RimWorld.SkillDef named li found to give to Verse.SkillRequirement null-skill-requirement
Could not resolve cross-reference: No Verse.ThingDef named OuterRim_A280Blaster found to give to RimMandrake.Inhabited.CharacterDef Inhabited_Wildsteam_BoKesh
Could not resolve cross-reference to Verse.RecipeDef named RSW_DW_MemoryWipe (wanter=recipes)
Could not resolve cross-reference to Verse.RecipeDef named RSW_DW_RebootDroid (wanter=recipes)
Could not resolve cross-reference to Verse.RecipeDef named RSW_DW_RebootDroid (wanter=recipes)
Could not resolve cross-reference to Verse.RecipeDef named RSW_DW_InstallRestrainingBolt (wanter=recipes)
Could not resolve cross-reference to Verse.RecipeDef named RSW_DW_RemoveRestrainingBolt (wanter=recipes)
Could not resolve cross-reference to Verse.RecipeDef named RSW_DW_MemoryWipe (wanter=recipes)
Could not resolve cross-reference to Verse.RecipeDef named RSW_DW_RebootDroid (wanter=recipes)
Could not resolve cross-reference to Verse.RecipeDef named RSW_DW_InstallRestrainingBolt (wanter=recipes)
Could not resolve cross-reference to Verse.RecipeDef named RSW_DW_RemoveRestrainingBolt (wanter=recipes)
Could not resolve cross-reference to Verse.RecipeDef named RSW_DW_MemoryWipe (wanter=recipes)
Could not resolve cross-reference to Verse.RecipeDef named RSW_DW_RebootDroid (wanter=recipes)
Could not resolve cross-reference to Verse.RecipeDef named RSW_DW_InstallRestrainingBolt (wanter=recipes)
Could not resolve cross-reference to Verse.RecipeDef named RSW_DW_RemoveRestrainingBolt (wanter=recipes)
Could not resolve cross-reference to Verse.ThingDef named OuterRim_StormtrooperHelmet (wanter=apparel)
Could not resolve cross-reference to Verse.RecipeDef named RSW_DW_RebootDroid (wanter=recipes)
Could not resolve cross-reference: No RimWorld.SkillDef named li found to give to Verse.SkillRequirement null-skill-requirement
Could not resolve cross-reference: No RimWorld.SkillDef named li found to give to Verse.SkillRequirement null-skill-requirement
Could not resolve cross-reference: No RimWorld.SkillDef named li found to give to Verse.SkillRequirement null-skill-requirement
Could not resolve cross-reference to Verse.RecipeDef named RSW_DW_InstallRestrainingBolt (wanter=recipes)
Could not resolve cross-reference to Verse.RecipeDef named RSW_DW_RemoveRestrainingBolt (wanter=recipes)
Could not resolve cross-reference to Verse.RecipeDef named RSW_DW_MemoryWipe (wanter=recipes)
Could not resolve cross-reference to Verse.RecipeDef named RSW_DW_RebootDroid (wanter=recipes)
Could not resolve cross-reference to Verse.RecipeDef named RSW_DW_InstallRestrainingBolt (wanter=recipes)
Could not resolve cross-reference to Verse.RecipeDef named RSW_DW_RemoveRestrainingBolt (wanter=recipes)
Could not resolve cross-reference to Verse.RecipeDef named RSW_DW_MemoryWipe (wanter=recipes)
Could not resolve cross-reference to Verse.RecipeDef named RSW_DW_RebootDroid (wanter=recipes)
Could not resolve cross-reference to Verse.RecipeDef named RSW_DW_InstallRestrainingBolt (wanter=recipes)
Could not resolve cross-reference to Verse.RecipeDef named RSW_DW_RemoveRestrainingBolt (wanter=recipes)
Could not resolve cross-reference to Verse.RecipeDef named RSW_DW_MemoryWipe (wanter=recipes)
Could not resolve cross-reference to Verse.RecipeDef named RSW_DW_RemoveRestrainingBolt (wanter=recipes)
Could not resolve cross-reference: No Verse.ThingDef named OuterRim_DLT19XTargetingBlaster found to give to RimMandrake.Inhabited.CharacterDef Inhabited_Empire_TrooperBoAnder
Could not resolve cross-reference to Verse.RecipeDef named RSW_DW_InstallRestrainingBolt (wanter=recipes)
Could not resolve cross-reference to Verse.RecipeDef named RSW_DW_RemoveRestrainingBolt (wanter=recipes)
Could not resolve cross-reference to Verse.RecipeDef named RSW_DW_MemoryWipe (wanter=recipes)
Could not resolve cross-reference to Verse.RecipeDef named RSW_DW_RebootDroid (wanter=recipes)
Could not resolve cross-reference to Verse.RecipeDef named RSW_DW_InstallRestrainingBolt (wanter=recipes)
Could not resolve cross-reference to Verse.RecipeDef named RSW_DW_RemoveRestrainingBolt (wanter=recipes)
Could not resolve cross-reference to Verse.RecipeDef named RSW_DW_MemoryWipe (wanter=recipes)
Could not resolve cross-reference to Verse.RecipeDef named RSW_DW_RebootDroid (wanter=recipes)
Could not resolve cross-reference to Verse.RecipeDef named RSW_DW_InstallRestrainingBolt (wanter=recipes)
Could not resolve cross-reference to Verse.RecipeDef named RSW_DW_RemoveRestrainingBolt (wanter=recipes)
Could not resolve cross-reference to Verse.RecipeDef named RSW_DW_MemoryWipe (wanter=recipes)
Could not resolve cross-reference to Verse.RecipeDef named RSW_DW_RebootDroid (wanter=recipes)
Could not resolve cross-reference to Verse.RecipeDef named RSW_DW_InstallRestrainingBolt (wanter=recipes)
Could not resolve cross-reference to Verse.RecipeDef named RSW_DW_RemoveRestrainingBolt (wanter=recipes)
Could not resolve cross-reference to Verse.RecipeDef named RSW_DW_MemoryWipe (wanter=recipes)
Could not resolve cross-reference to Verse.RecipeDef named RSW_DW_RebootDroid (wanter=recipes)
Could not resolve cross-reference to Verse.RecipeDef named RSW_DW_InstallRestrainingBolt (wanter=recipes)
Could not resolve cross-reference to Verse.RecipeDef named RSW_DW_RemoveRestrainingBolt (wanter=recipes)
Could not resolve cross-reference to Verse.RecipeDef named RSW_DW_MemoryWipe (wanter=recipes)
Could not resolve cross-reference to Verse.RecipeDef named RSW_DW_MemoryWipe (wanter=recipes)
Could not resolve cross-reference to Verse.RecipeDef named RSW_DW_MemoryWipe (wanter=recipes)
Could not resolve cross-reference to Verse.RecipeDef named RSW_DW_RebootDroid (wanter=recipes)
Could not resolve cross-reference to Verse.RecipeDef named RSW_DW_InstallRestrainingBolt (wanter=recipes)
Could not resolve cross-reference to Verse.RecipeDef named RSW_DW_RemoveRestrainingBolt (wanter=recipes)
Could not resolve cross-reference to Verse.RecipeDef named RSW_DW_MemoryWipe (wanter=recipes)
Could not resolve cross-reference to Verse.RecipeDef named RSW_DW_RemoveRestrainingBolt (wanter=recipes)
Could not resolve cross-reference to Verse.RecipeDef named RSW_DW_MemoryWipe (wanter=recipes)
Could not resolve cross-reference to Verse.RecipeDef named RSW_DW_RebootDroid (wanter=recipes)
Could not resolve cross-reference to Verse.RecipeDef named RSW_DW_InstallRestrainingBolt (wanter=recipes)
Could not resolve cross-reference to Verse.RecipeDef named RSW_DW_RemoveRestrainingBolt (wanter=recipes)
Could not resolve cross-reference to Verse.RecipeDef named RSW_DW_MemoryWipe (wanter=recipes)
Could not resolve cross-reference to Verse.RecipeDef named RSW_DW_RebootDroid (wanter=recipes)
Could not resolve cross-reference to Verse.RecipeDef named RSW_DW_InstallRestrainingBolt (wanter=recipes)
Could not resolve cross-reference to Verse.RecipeDef named RSW_DW_RemoveRestrainingBolt (wanter=recipes)
Could not resolve cross-reference to Verse.RecipeDef named RSW_DW_MemoryWipe (wanter=recipes)
Could not resolve cross-reference to Verse.RecipeDef named RSW_DW_RebootDroid (wanter=recipes)
Could not resolve cross-reference to Verse.RecipeDef named RSW_DW_InstallRestrainingBolt (wanter=recipes)
Could not resolve cross-reference to Verse.RecipeDef named RSW_DW_RemoveRestrainingBolt (wanter=recipes)
Could not resolve cross-reference to Verse.RecipeDef named RSW_DW_MemoryWipe (wanter=recipes)
Could not resolve cross-reference to Verse.ThingDef named guy762_Headband_rebreathermask (wanter=apparel)
Could not resolve cross-reference to Verse.RecipeDef named RSW_DW_RebootDroid (wanter=recipes)
Could not resolve cross-reference: No RimWorld.SkillDef named li found to give to Verse.SkillRequirement null-skill-requirement
Could not resolve cross-reference: No Verse.ThingDef named Force_Lightsaber_Inquisitor found to give to RimMandrake.Inhabited.CharacterDef Inhabited_Empire_InquisitorVaunt
Could not resolve cross-reference to Verse.RecipeDef named RSW_DW_InstallRestrainingBolt (wanter=recipes)
Could not resolve cross-reference to Verse.RecipeDef named RSW_DW_RemoveRestrainingBolt (wanter=recipes)
Could not resolve cross-reference to Verse.RecipeDef named RSW_DW_MemoryWipe (wanter=recipes)
Could not resolve cross-reference to Verse.RecipeDef named RSW_DW_RebootDroid (wanter=recipes)
Could not resolve cross-reference to Verse.RecipeDef named RSW_DW_InstallRestrainingBolt (wanter=recipes)
Could not resolve cross-reference to Verse.RecipeDef named RSW_DW_RemoveRestrainingBolt (wanter=recipes)
Could not resolve cross-reference to Verse.RecipeDef named RSW_DW_MemoryWipe (wanter=recipes)
Could not resolve cross-reference to Verse.RecipeDef named RSW_DW_RebootDroid (wanter=recipes)
Could not resolve cross-reference to Verse.RecipeDef named RSW_DW_InstallRestrainingBolt (wanter=recipes)
Could not resolve cross-reference to Verse.RecipeDef named RSW_DW_RemoveRestrainingBolt (wanter=recipes)
Could not resolve cross-reference to Verse.RecipeDef named RSW_DW_MemoryWipe (wanter=recipes)
Could not resolve cross-reference to Verse.RecipeDef named RSW_DW_RebootDroid (wanter=recipes)
Could not resolve cross-reference to Verse.RecipeDef named RSW_DW_InstallRestrainingBolt (wanter=recipes)
Could not resolve cross-reference to Verse.RecipeDef named RSW_DW_RemoveRestrainingBolt (wanter=recipes)
Could not resolve cross-reference to Verse.RecipeDef named RSW_DW_MemoryWipe (wanter=recipes)
Config error in RUT_GiveQuest_VaultThaw_V1_RustCathedral: quest is run from both incident and random quest.
Config error in RUT_GiveQuest_VaultThaw_V2_Scorch: quest is run from both incident and random quest.
Config error in RUT_GiveQuest_VaultThaw_V3_FallLine: quest is run from both incident and random quest.
Config error in RUT_GiveQuest_VaultThaw_V4_Deadstone: quest is run from both incident and random quest.
Config error in RUT_GiveQuest_VaultThaw_V5_Slough: quest is run from both incident and random quest.
Config error in RUT_GiveQuest_VaultThaw_V6_Umbra: quest is run from both incident and random quest.
Config error in RSW_DW_JDSCIS_Pistoeka_Sotage_Droid: initial resistance range is undefined for humanlike pawn kind.
Config error in RSW_DW_JDSCIS_Pistoeka_Sotage_Droid: initial will range is undefined for humanlike pawn kind.
Config error in RSW_DW_JDSCIS_B1_Battle_Droid: initial resistance range is undefined for humanlike pawn kind.
Config error in RSW_DW_JDSCIS_B1_Battle_Droid: initial will range is undefined for humanlike pawn kind.
Config error in RSW_DW_JDSCIS_B1_Security_Droid: initial resistance range is undefined for humanlike pawn kind.
Config error in RSW_DW_JDSCIS_B1_Security_Droid: initial will range is undefined for humanlike pawn kind.
Config error in RSW_DW_JDSCIS_B1_Commander_Droid: initial resistance range is undefined for humanlike pawn kind.
Config error in RSW_DW_JDSCIS_B1_Commander_Droid: initial will range is undefined for humanlike pawn kind.
Config error in RSW_DW_JDSCIS_BX_Commando_Droid: initial resistance range is undefined for humanlike pawn kind.
Config error in RSW_DW_JDSCIS_BX_Commando_Droid: initial will range is undefined for humanlike pawn kind.
Config error in RSW_DW_JDSCIS_IG-100_MagnaGuards: initial resistance range is undefined for humanlike pawn kind.
Config error in RSW_DW_JDSCIS_IG-100_MagnaGuards: initial will range is undefined for humanlike pawn kind.
Config error in RSW_DW_JDSCIS_T1_Tactical_Droid: initial resistance range is undefined for humanlike pawn kind.
Config error in RSW_DW_JDSCIS_T1_Tactical_Droid: initial will range is undefined for humanlike pawn kind.
Config error in RSW_DW_JDSCIS_ST_Super_Tactical_Droid: initial resistance range is undefined for humanlike pawn kind.
Config error in RSW_DW_JDSCIS_ST_Super_Tactical_Droid: initial will range is undefined for humanlike pawn kind.
Config error in RSW_DW_JDSCIS_B2_Super_Battle_Droid: initial resistance range is undefined for humanlike pawn kind.
Config error in RSW_DW_JDSCIS_B2_Super_Battle_Droid: initial will range is undefined for humanlike pawn kind.
Config error in RSW_DW_JDSCIS_B2_HA_Super_Battle_Droid: initial resistance range is undefined for humanlike pawn kind.
Config error in RSW_DW_JDSCIS_B2_HA_Super_Battle_Droid: initial will range is undefined for humanlike pawn kind.
Config error in RSW_DW_JDSCIS_AQ_Battle_Droid: initial resistance range is undefined for humanlike pawn kind.
Config error in RSW_DW_JDSCIS_AQ_Battle_Droid: initial will range is undefined for humanlike pawn kind.
Config error in RSW_DW_JDSCIS_Droideka_Droid: initial resistance range is undefined for humanlike pawn kind.
Config error in RSW_DW_JDSCIS_Droideka_Droid: initial will range is undefined for humanlike pawn kind.
Config error in RSW_DW_JDSCIS_Droideka_Sharpshooter_Droid: initial resistance range is undefined for humanlike pawn kind.
Config error in RSW_DW_JDSCIS_Droideka_Sharpshooter_Droid: initial will range is undefined for humanlike pawn kind.
Config error in RSW_DW_JDSCIS_Demolition_Droid: initial resistance range is undefined for humanlike pawn kind.
Config error in RSW_DW_JDSCIS_Demolition_Droid: initial will range is undefined for humanlike pawn kind.
Config error in RSW_DW_JDSCIS_DSD1_Dwarf_Spider_Droid: initial resistance range is undefined for humanlike pawn kind.
Config error in RSW_DW_JDSCIS_DSD1_Dwarf_Spider_Droid: initial will range is undefined for humanlike pawn kind.
Config error in RSW_DW_JDSCIS_LR-57_Combat_Droid: initial resistance range is undefined for humanlike pawn kind.
Config error in RSW_DW_JDSCIS_LR-57_Combat_Droid: initial will range is undefined for humanlike pawn kind.
Config error in RSW_DW_KotORDroidColonist_T3UD: initial resistance range is undefined for humanlike pawn kind.
Config error in RSW_DW_KotORDroidColonist_T3UD: initial will range is undefined for humanlike pawn kind.
Config error in RSW_DW_KotORDroidColonist_3CUD: initial resistance range is undefined for humanlike pawn kind.
Config error in RSW_DW_KotORDroidColonist_3CUD: initial will range is undefined for humanlike pawn kind.
Config error in RSW_DW_KotORDroidColonist_ITUD: initial resistance range is undefined for humanlike pawn kind.
Config error in RSW_DW_KotORDroidColonist_ITUD: initial will range is undefined for humanlike pawn kind.
Config error in RSW_DW_KotORDroidColonist_R8009UD: initial resistance range is undefined for humanlike pawn kind.
Config error in RSW_DW_KotORDroidColonist_R8009UD: initial will range is undefined for humanlike pawn kind.
Config error in RSW_DW_KotORDroidColonist_GE3LD: initial resistance range is undefined for humanlike pawn kind.
Config error in RSW_DW_KotORDroidColonist_GE3LD: initial will range is undefined for humanlike pawn kind.
Config error in RSW_DW_KotORDroidColonist_GE3PD: initial resistance range is undefined for humanlike pawn kind.
Config error in RSW_DW_KotORDroidColonist_GE3PD: initial will range is undefined for humanlike pawn kind.
Config error in RSW_DW_KotORDroidColonist_KX12UPD: initial resistance range is undefined for humanlike pawn kind.
Config error in RSW_DW_KotORDroidColonist_KX12UPD: initial will range is undefined for humanlike pawn kind.
Config error in RSW_DW_KotORDroidColonist_KX12APD: initial resistance range is undefined for humanlike pawn kind.
Config error in RSW_DW_KotORDroidColonist_KX12APD: initial will range is undefined for humanlike pawn kind.
Config error in RSW_DW_KotORDroidColonist_MPDMkI: initial resistance range is undefined for humanlike pawn kind.
Config error in RSW_DW_KotORDroidColonist_MPDMkI: initial will range is undefined for humanlike pawn kind.
Config error in RSW_DW_KotORDroidColonist_KM1MD: initial resistance range is undefined for humanlike pawn kind.
Config error in RSW_DW_KotORDroidColonist_KM1MD: initial will range is undefined for humanlike pawn kind.
Config error in RSW_DW_KotORDroidColonist_KM1HMD: initial resistance range is undefined for humanlike pawn kind.
Config error in RSW_DW_KotORDroidColonist_KM1HMD: initial will range is undefined for humanlike pawn kind.
Config error in RSW_DW_KotORDroidColonist_SentWD: initial resistance range is undefined for humanlike pawn kind.
Config error in RSW_DW_KotORDroidColonist_SentWD: initial will range is undefined for humanlike pawn kind.
Config error in RSW_DW_KotORDroidColonist_DevWD: initial resistance range is undefined for humanlike pawn kind.
Config error in RSW_DW_KotORDroidColonist_DevWD: initial will range is undefined for humanlike pawn kind.
Config error in RSW_DW_KotORDroidColonist_DevAD: initial resistance range is undefined for humanlike pawn kind.
Config error in RSW_DW_KotORDroidColonist_DevAD: initial will range is undefined for humanlike pawn kind.
Config error in RSW_DW_KotORDroidColonist_ADMkI: initial resistance range is undefined for humanlike pawn kind.
Config error in RSW_DW_KotORDroidColonist_ADMkI: initial will range is undefined for humanlike pawn kind.
Config error in RSW_DW_KotORDroidColonist_ADMkI_sf: initial resistance range is undefined for humanlike pawn kind.
Config error in RSW_DW_KotORDroidColonist_ADMkI_sf: initial will range is undefined for humanlike pawn kind.
Config error in RSW_DW_KotORDroidColonist_ADMkIV: initial resistance range is undefined for humanlike pawn kind.
Config error in RSW_DW_KotORDroidColonist_ADMkIV: initial will range is undefined for humanlike pawn kind.
Config error in RSW_DW_KotORDroidColonist_ADMkIV_sith: initial resistance range is undefined for humanlike pawn kind.
Config error in RSW_DW_KotORDroidColonist_ADMkIV_sith: initial will range is undefined for humanlike pawn kind.
Config error in RSW_DW_KotORDroidColonist_HK50AD: initial resistance range is undefined for humanlike pawn kind.
Config error in RSW_DW_KotORDroidColonist_HK50AD: initial will range is undefined for humanlike pawn kind.
Config error in RSW_DW_KotORDroidColonist_HK51AD: initial resistance range is undefined for humanlike pawn kind.
Config error in RSW_DW_KotORDroidColonist_HK51AD: initial will range is undefined for humanlike pawn kind.
Config error in RSW_DW_KotORDroidColonist_GOTO: initial resistance range is undefined for humanlike pawn kind.
Config error in RSW_DW_KotORDroidColonist_GOTO: initial will range is undefined for humanlike pawn kind.
Config error in RSW_DW_KotORMIBColonist_HK51AD: initial resistance range is undefined for humanlike pawn kind.
Config error in RSW_DW_KotORMIBColonist_HK51AD: initial will range is undefined for humanlike pawn kind.
Config error in RSW_DW_KotORPlayableHero_HK47: initial resistance range is undefined for humanlike pawn kind.
Config error in RSW_DW_KotORPlayableHero_HK47: initial will range is undefined for humanlike pawn kind.
Config error in RSW_DW_KotORPlayableHero_T3M4: initial resistance range is undefined for humanlike pawn kind.
Config error in RSW_DW_KotORPlayableHero_T3M4: initial will range is undefined for humanlike pawn kind.
Config error in RSW_DW_KotORDroidGood_3C: initial resistance range is undefined for humanlike pawn kind.
Config error in RSW_DW_KotORDroidGood_3C: initial will range is undefined for humanlike pawn kind.
Config error in RSW_DW_KotORDroidGood_R8009: initial resistance range is undefined for humanlike pawn kind.
Config error in RSW_DW_KotORDroidGood_R8009: initial will range is undefined for humanlike pawn kind.
Config error in RSW_DW_KotORDroidGood_GE3PD: initial resistance range is undefined for humanlike pawn kind.
Config error in RSW_DW_KotORDroidGood_GE3PD: initial will range is undefined for humanlike pawn kind.
Config error in RSW_DW_KotORDroidGood_GE3LD: initial resistance range is undefined for humanlike pawn kind.
Config error in RSW_DW_KotORDroidGood_GE3LD: initial will range is undefined for humanlike pawn kind.
Config error in RSW_DW_KotORDroidGood_KX12UPD: initial resistance range is undefined for humanlike pawn kind.
Config error in RSW_DW_KotORDroidGood_KX12UPD: initial will range is undefined for humanlike pawn kind.
Config error in RSW_DW_KotORDroidGood_KM1HMD: initial resistance range is undefined for humanlike pawn kind.
Config error in RSW_DW_KotORDroidGood_KM1HMD: initial will range is undefined for humanlike pawn kind.
Config error in RSW_DW_KotORDroidBad_KM1MD: initial resistance range is undefined for humanlike pawn kind.
Config error in RSW_DW_KotORDroidBad_KM1MD: initial will range is undefined for humanlike pawn kind.
Config error in RSW_DW_KotORDroidBad_KM1HMD: initial resistance range is undefined for humanlike pawn kind.
Config error in RSW_DW_KotORDroidBad_KM1HMD: initial will range is undefined for humanlike pawn kind.
Config error in RSW_DW_KotORDroidBad_KX12UPD: initial resistance range is undefined for humanlike pawn kind.
Config error in RSW_DW_KotORDroidBad_KX12UPD: initial will range is undefined for humanlike pawn kind.
Config error in RSW_DW_KotORDroidBad_MPDMkI: initial resistance range is undefined for humanlike pawn kind.
Config error in RSW_DW_KotORDroidBad_MPDMkI: initial will range is undefined for humanlike pawn kind.
Config error in RSW_DW_KotORDroidBad_KX12APD: initial resistance range is undefined for humanlike pawn kind.
Config error in RSW_DW_KotORDroidBad_KX12APD: initial will range is undefined for humanlike pawn kind.
Config error in RSW_DW_KotORDroidBad_KX12APD_sapper: initial resistance range is undefined for humanlike pawn kind.
Config error in RSW_DW_KotORDroidBad_KX12APD_sapper: initial will range is undefined for humanlike pawn kind.
Config error in RSW_DW_KotORDroidBad_DevWD_weak: initial resistance range is undefined for humanlike pawn kind.
Config error in RSW_DW_KotORDroidBad_DevWD_weak: initial will range is undefined for humanlike pawn kind.
Config error in RSW_DW_KotORDroidBad_DevWD_strong: initial resistance range is undefined for humanlike pawn kind.
Config error in RSW_DW_KotORDroidBad_DevWD_strong: initial will range is undefined for humanlike pawn kind.
Config error in RSW_DW_KotORDroidBad_DevWD_magnaguard: initial resistance range is undefined for humanlike pawn kind.
Config error in RSW_DW_KotORDroidBad_DevWD_magnaguard: initial will range is undefined for humanlike pawn kind.
Config error in RSW_DW_KotORDroidBad_SentWD: initial resistance range is undefined for humanlike pawn kind.
Config error in RSW_DW_KotORDroidBad_SentWD: initial will range is undefined for humanlike pawn kind.
Config error in RSW_DW_KotORDroidBad_ADMkI: initial resistance range is undefined for humanlike pawn kind.
Config error in RSW_DW_KotORDroidBad_ADMkI: initial will range is undefined for humanlike pawn kind.
Config error in RSW_DW_KotORDroidBad_ADMkIV: initial resistance range is undefined for humanlike pawn kind.
Config error in RSW_DW_KotORDroidBad_ADMkIV: initial will range is undefined for humanlike pawn kind.
Config error in RSW_DW_KotORDroidBad_hk50: initial resistance range is undefined for humanlike pawn kind.
Config error in RSW_DW_KotORDroidBad_hk50: initial will range is undefined for humanlike pawn kind.
Config error in RSW_DW_KotORDroidBad_hk50boss: initial resistance range is undefined for humanlike pawn kind.
Config error in RSW_DW_KotORDroidBad_hk50boss: initial will range is undefined for humanlike pawn kind.
Config error in RSW_DW_OuterRim_BattleDroid: initial resistance range is undefined for humanlike pawn kind.
Config error in RSW_DW_OuterRim_BattleDroid: initial will range is undefined for humanlike pawn kind.
Config error in RSW_DW_OuterRim_BattleDroidAdvanced: initial resistance range is undefined for humanlike pawn kind.
Config error in RSW_DW_OuterRim_BattleDroidAdvanced: initial will range is undefined for humanlike pawn kind.
Config error in RSW_DW_OuterRim_CommandoDroid: initial resistance range is undefined for humanlike pawn kind.
Config error in RSW_DW_OuterRim_CommandoDroid: initial will range is undefined for humanlike pawn kind.
Config error in RSW_DW_OuterRim_HKDroid: initial resistance range is undefined for humanlike pawn kind.
Config error in RSW_DW_OuterRim_HKDroid: initial will range is undefined for humanlike pawn kind.
Config error in RSW_DW_OuterRim_ImperialLaborDroid: initial resistance range is undefined for humanlike pawn kind.
Config error in RSW_DW_OuterRim_ImperialLaborDroid: initial will range is undefined for humanlike pawn kind.
Config error in RSW_DW_OuterRim_KXSecurityDroid: initial resistance range is undefined for humanlike pawn kind.
Config error in RSW_DW_OuterRim_KXSecurityDroid: initial will range is undefined for humanlike pawn kind.
Config error in RSW_DW_OuterRim_MagnaGuardDroid: initial resistance range is undefined for humanlike pawn kind.
Config error in RSW_DW_OuterRim_MagnaGuardDroid: initial will range is undefined for humanlike pawn kind.
Config error in RSW_DW_OuterRim_ProtocolDroid: initial resistance range is undefined for humanlike pawn kind.
Config error in RSW_DW_OuterRim_ProtocolDroid: initial will range is undefined for humanlike pawn kind.
Config error in RSW_DW_OuterRim_SuperBattleDroid: initial resistance range is undefined for humanlike pawn kind.
Config error in RSW_DW_OuterRim_SuperBattleDroid: initial will range is undefined for humanlike pawn kind.
Config error in RSW_DW_OuterRim_SuperTacticalDroid: initial resistance range is undefined for humanlike pawn kind.
Config error in RSW_DW_OuterRim_SuperTacticalDroid: initial will range is undefined for humanlike pawn kind.
Config error in RSW_DW_OuterRim_TacticalDroid: initial resistance range is undefined for humanlike pawn kind.
Config error in RSW_DW_OuterRim_TacticalDroid: initial will range is undefined for humanlike pawn kind.
Config error in RSW_DW_OuterRim_MuckrakerDroid: initial resistance range is undefined for humanlike pawn kind.
Config error in RSW_DW_OuterRim_MuckrakerDroid: initial will range is undefined for humanlike pawn kind.
Config error in RSW_DW_OuterRim_DestroyerDroid: initial resistance range is undefined for humanlike pawn kind.
Config error in RSW_DW_OuterRim_DestroyerDroid: initial will range is undefined for humanlike pawn kind.
Config error in RSW_DW_OuterRim_DUMDroid: initial resistance range is undefined for humanlike pawn kind.
Config error in RSW_DW_OuterRim_DUMDroid: initial will range is undefined for humanlike pawn kind.
Config error in RSW_DW_OuterRim_FX7Droid: initial resistance range is undefined for humanlike pawn kind.
Config error in RSW_DW_OuterRim_FX7Droid: initial will range is undefined for humanlike pawn kind.
Config error in RSW_DW_OuterRim_GNKDroid: initial resistance range is undefined for humanlike pawn kind.
Config error in RSW_DW_OuterRim_GNKDroid: initial will range is undefined for humanlike pawn kind.
Config error in RSW_DW_OuterRim_MSEDroid: initial resistance range is undefined for humanlike pawn kind.
Config error in RSW_DW_OuterRim_MSEDroid: initial will range is undefined for humanlike pawn kind.
Config error in RSW_DW_OuterRim_SalvageAssistDroid: initial resistance range is undefined for humanlike pawn kind.
Config error in RSW_DW_OuterRim_SalvageAssistDroid: initial will range is undefined for humanlike pawn kind.
Config error in RSW_DW_OuterRim_RSeriesDroid: initial resistance range is undefined for humanlike pawn kind.
Config error in RSW_DW_OuterRim_RSeriesDroid: initial will range is undefined for humanlike pawn kind.
Config error in RSW_DW_OuterRim_ImperialKXSecurityDroid: initial resistance range is undefined for humanlike pawn kind.
Config error in RSW_DW_OuterRim_ImperialKXSecurityDroid: initial will range is undefined for humanlike pawn kind.
Config error in RSW_DW_ChargeDock: impassable, player-buildable building that can be shot/seen over.
Config error in RSW_DW_ChargeDock: impassable, player-buildable building that can be shot/seen over.
Translation data for language English has 30 errors. Generate translation report for more info.
KCSG has Created 7272 symbolDefs for vanilla and DLCs
[RimMandrake.Inhabited] ready: 2 patches, 294 characters, 4 places, 0 casts.
Alien race successfully completed 280 patches (50 pre, 82 post, 148 trans) with harmony.
Unloading 5 Unused Serialized files (Serialized files now loaded: 8)
MVCF successfully applied 0 patches
Unloading 158 unused Assets to reduce memory usage. Loaded Objects now: 31258.
Total: 160.555500 ms (FindLiveObjects: 1.018900 ms CreateObjectMapping: 1.066900 ms MarkObjects: 158.098800 ms  DeleteObjects: 0.370400 ms)

[RimBridge] Startup conditions satisfied after play-data load; initializing bridge services.
[RimBridge] Applied 6 late virtual-input patch classes.
[RimBridge] STARTUP_TIMING phase=late-input-patches durationMs=20 elapsedMs=24238
[RimBridge] STARTUP_TIMING phase=capabilities.initialize durationMs=437 elapsedMs=24676
[RimBridge] STARTUP_TIMING phase=logs.initialize durationMs=0 elapsedMs=24676
[RimBridge] STARTUP_TIMING phase=application.run-in-background durationMs=0 elapsedMs=24678
[RimBridge] STARTUP_TIMING phase=debug.playback-defaults durationMs=0 elapsedMs=24678
[RimBridge] STARTUP_TIMING phase=tools.construct durationMs=0 elapsedMs=24678
[RimBridge] STARTUP_TIMING phase=gabp.builder.configure durationMs=0 elapsedMs=24678
[RimBridge] STARTUP_TIMING phase=gabp.server.build durationMs=2 elapsedMs=24680
[RimBridge] STARTUP_TIMING phase=tools.register-core durationMs=3 elapsedMs=24683
[RimBridge] STARTUP_TIMING phase=tools.register-extensions durationMs=1 elapsedMs=24684
[RimBridge] STARTUP_TIMING phase=event-relay.initialize durationMs=0 elapsedMs=24684
[RimBridge] STARTUP_TIMING phase=attention.initialize durationMs=0 elapsedMs=24687
[RimBridge] STARTUP_TIMING phase=gabp.server.start-submit durationMs=28 elapsedMs=24716
[RimBridge] STARTUP_TIMING phase=bridge-start.total durationMs=477 elapsedMs=24716
[RimBridge] STARTUP_TIMING phase=gabp.server.start-async durationMs=28 elapsedMs=24716
[RimBridge] GABP server running standalone on port 5174
[RimBridge] Bridge token: 94ec5622e9744382afaf94a4e54f229c
Unloading 3 Unused Serialized files (Serialized files now loaded: 8)
[PhysX] Initialized MultithreadedTaskDispatcher with 14 workers.
UnloadTime: 0.832900 ms
Unloading 2 unused Assets to reduce memory usage. Loaded Objects now: 31456.
Total: 149.804200 ms (FindLiveObjects: 2.402000 ms CreateObjectMapping: 1.145900 ms MarkObjects: 146.176200 ms  DeleteObjects: 0.079900 ms)

Initializing new game with mods:
  - brrainz.harmony
  - Ludeon.RimWorld
  - Ludeon.RimWorld.Royalty
  - Ludeon.RimWorld.Ideology
  - Ludeon.RimWorld.Biotech
  - Ludeon.RimWorld.Anomaly
  - Ludeon.RimWorld.Odyssey
  - OskarPotocki.VanillaFactionsExpanded.Core
  - brrainz.rimbridgeserver
  - 7f.alienworlds
  - 7f.alienworlds.tidallylocked
  - sarg.alphabiomes
  - Oblitus.MyLittlePlanet
  - mandrake.rm.inhabited
  - neronix17.toolbox
  - Neronix17.OuterRim.Core
  - erdelf.HumanoidAlienRaces
  - mandrake.rsw.ionweapons
  - mandrake.rsw.droidworks
  - mandrake.rm.fluidcanals
  - mandrake.rut.shipmemory
  - mandrake.rut.vaultdungeons
  - rw.mod.simplestairs
  - Kutte.Stairs
  - Mlie.DecorativeCliffs
Direct3D: detected that using refresh rate causes time drift. Will stop trusting refresh rate until the game window is moved.
Direct3D: detected that vsync is broken (it does not limit frame rate properly). Delta time will now be calculated using cpu-side time stampling until the game window is moved.
Unloading 0 Unused Serialized files (Serialized files now loaded: 8)
Unloading 1 unused Assets to reduce memory usage. Loaded Objects now: 37999.
Total: 188.750200 ms (FindLiveObjects: 1.126000 ms CreateObjectMapping: 1.180400 ms MarkObjects: 186.382600 ms  DeleteObjects: 0.060900 ms)

[JawaBench] ready: 313 tools, build 5e247735f330
[JawaBench] argument guard installed on RimBridgeServer.AnnotatedExtensionCapabilityProvider.BindArguments - a tool argument matching no declared parameter is now RECORDED (not refused; strict mode is opt-in).
[JawaBench] log auto-open suppressor installed on Verse.Log.TryOpenLogWindow - suppressed=True. The debug menu's manual log window is a separate code path and is unaffected.
[JawaBench] context: modSet 25/9658384c, toolSet 29704d03, defDump no, engine 1.6.4871 rev591
Unloading 2 Unused Serialized files (Serialized files now loaded: 8)
Unloading 1 unused Assets to reduce memory usage. Loaded Objects now: 33674.
Total: 213.420800 ms (FindLiveObjects: 3.259100 ms CreateObjectMapping: 1.619900 ms MarkObjects: 208.471800 ms  DeleteObjects: 0.069600 ms)

Unloading 2 Unused Serialized files (Serialized files now loaded: 8)
[PhysX] Initialized MultithreadedTaskDispatcher with 14 workers.
UnloadTime: 0.409800 ms
Unloading 3 unused Assets to reduce memory usage. Loaded Objects now: 33374.
Total: 201.953300 ms (FindLiveObjects: 1.170400 ms CreateObjectMapping: 1.077300 ms MarkObjects: 199.603100 ms  DeleteObjects: 0.102300 ms)

Unloading 2 Unused Serialized files (Serialized files now loaded: 8)
[PhysX] Initialized MultithreadedTaskDispatcher with 14 workers.
UnloadTime: 0.511100 ms
Unloading 2 unused Assets to reduce memory usage. Loaded Objects now: 33397.
Total: 184.727400 ms (FindLiveObjects: 3.189600 ms CreateObjectMapping: 1.403200 ms MarkObjects: 180.083300 ms  DeleteObjects: 0.051000 ms)

Initializing new game with mods:
  - brrainz.harmony
  - Ludeon.RimWorld
  - Ludeon.RimWorld.Royalty
  - Ludeon.RimWorld.Ideology
  - Ludeon.RimWorld.Biotech
  - Ludeon.RimWorld.Anomaly
  - Ludeon.RimWorld.Odyssey
  - OskarPotocki.VanillaFactionsExpanded.Core
  - brrainz.rimbridgeserver
  - 7f.alienworlds
  - 7f.alienworlds.tidallylocked
  - sarg.alphabiomes
  - Oblitus.MyLittlePlanet
  - mandrake.rm.inhabited
  - neronix17.toolbox
  - Neronix17.OuterRim.Core
  - erdelf.HumanoidAlienRaces
  - mandrake.rsw.ionweapons
  - mandrake.rsw.droidworks
  - mandrake.rm.fluidcanals
  - mandrake.rut.shipmemory
  - mandrake.rut.vaultdungeons
  - rw.mod.simplestairs
  - Kutte.Stairs
  - Mlie.DecorativeCliffs
Unloading 0 Unused Serialized files (Serialized files now loaded: 8)
Unloading 1 unused Assets to reduce memory usage. Loaded Objects now: 39523.
Total: 201.556200 ms (FindLiveObjects: 1.352300 ms CreateObjectMapping: 1.325000 ms MarkObjects: 198.809700 ms  DeleteObjects: 0.068900 ms)

Failed to find Verse.ResearchProjectDef named RUT_Antiq_Cartography. There are 181 defs of this type loaded.
Failed to find Verse.ResearchProjectDef named RUT_Antiq_Cartography. There are 181 defs of this type loaded.
Failed to find Verse.ResearchProjectDef named RUT_Antiq_Cartography. There are 181 defs of this type loaded.
Failed to find Verse.ResearchProjectDef named RUT_Antiq_Cartography. There are 181 defs of this type loaded.
Failed to find Verse.ResearchProjectDef named RUT_Antiq_Cartography. There are 181 defs of this type loaded.
Failed to find Verse.ResearchProjectDef named RUT_Antiq_Cartography. There are 181 defs of this type loaded.
Failed to find Verse.ResearchProjectDef named RUT_Antiq_Cartography. There are 181 defs of this type loaded.
Failed to find Verse.ResearchProjectDef named RUT_Antiq_Cartography. There are 181 defs of this type loaded.
Failed to find Verse.ResearchProjectDef named RUT_Antiq_Cartography. There are 181 defs of this type loaded.
Failed to find Verse.ResearchProjectDef named RUT_Antiq_Cartography. There are 181 defs of this type loaded.
Failed to find Verse.ResearchProjectDef named RUT_Antiq_Cartography. There are 181 defs of this type loaded.
Failed to find Verse.ResearchProjectDef named RUT_Antiq_Cartography. There are 181 defs of this type loaded.
Failed to find Verse.ResearchProjectDef named RUT_Antiq_Cartography. There are 181 defs of this type loaded.
Failed to find Verse.ResearchProjectDef named RUT_Antiq_Cartography. There are 181 defs of this type loaded.
Failed to find Verse.ResearchProjectDef named RUT_Antiq_Cartography. There are 181 defs of this type loaded.
Failed to find Verse.ResearchProjectDef named RUT_Antiq_Cartography. There are 181 defs of this type loaded.
Failed to find Verse.ResearchProjectDef named RUT_Antiq_Cartography. There are 181 defs of this type loaded.
Failed to find Verse.ResearchProjectDef named RUT_Antiq_Cartography. There are 181 defs of this type loaded.
Failed to find Verse.ResearchProjectDef named RUT_Antiq_Cartography. There are 181 defs of this type loaded.
Failed to find Verse.ResearchProjectDef named RUT_Antiq_Cartography. There are 181 defs of this type loaded.
Failed to find Verse.ResearchProjectDef named RUT_Antiq_Cartography. There are 181 defs of this type loaded.
Failed to find Verse.ResearchProjectDef named RUT_Antiq_Cartography. There are 181 defs of this type loaded.
Failed to find Verse.ResearchProjectDef named RUT_Antiq_Cartography. There are 181 defs of this type loaded.
Failed to find Verse.ResearchProjectDef named RUT_Antiq_Cartography. There are 181 defs of this type loaded.
Failed to find Verse.ResearchProjectDef named RUT_Antiq_Cartography. There are 181 defs of this type loaded.
Failed to find Verse.ResearchProjectDef named RUT_Antiq_Cartography. There are 181 defs of this type loaded.
Failed to find Verse.ResearchProjectDef named RUT_Antiq_Cartography. There are 181 defs of this type loaded.
Failed to find Verse.ResearchProjectDef named RUT_Antiq_Cartography. There are 181 defs of this type loaded.
Failed to find Verse.ResearchProjectDef named RUT_Antiq_Cartography. There are 181 defs of this type loaded.
Failed to find Verse.ResearchProjectDef named RUT_Antiq_Cartography. There are 181 defs of this type loaded.
Failed to find Verse.ResearchProjectDef named RUT_Antiq_Cartography. There are 181 defs of this type loaded.
Failed to find Verse.ResearchProjectDef named RUT_Antiq_Cartography. There are 181 defs of this type loaded.
Failed to find Verse.ResearchProjectDef named RUT_Antiq_Cartography. There are 181 defs of this type loaded.
Failed to find Verse.ResearchProjectDef named RUT_Antiq_Cartography. There are 181 defs of this type loaded.
Failed to find Verse.ResearchProjectDef named RUT_Antiq_Cartography. There are 181 defs of this type loaded.
Failed to find Verse.ResearchProjectDef named RUT_Antiq_Cartography. There are 181 defs of this type loaded.
Failed to find Verse.ResearchProjectDef named RUT_Antiq_Cartography. There are 181 defs of this type loaded.
Failed to find Verse.ResearchProjectDef named RUT_Antiq_Cartography. There are 181 defs of this type loaded.
Failed to find Verse.ResearchProjectDef named RUT_Antiq_Cartography. There are 181 defs of this type loaded.
Failed to find Verse.ResearchProjectDef named RUT_Antiq_Cartography. There are 181 defs of this type loaded.
Failed to find Verse.ResearchProjectDef named RUT_Antiq_Cartography. There are 181 defs of this type loaded.
Failed to find Verse.ResearchProjectDef named RUT_Antiq_Cartography. There are 181 defs of this type loaded.
Failed to find Verse.ResearchProjectDef named RUT_Antiq_Cartography. There are 181 defs of this type loaded.
Failed to find Verse.ResearchProjectDef named RUT_Antiq_Cartography. There are 181 defs of this type loaded.
Failed to find Verse.ResearchProjectDef named RUT_Antiq_Cartography. There are 181 defs of this type loaded.
Failed to find Verse.ResearchProjectDef named RUT_Antiq_Cartography. There are 181 defs of this type loaded.
Failed to find Verse.ResearchProjectDef named RUT_Antiq_Cartography. There are 181 defs of this type loaded.
Failed to find Verse.ResearchProjectDef named RUT_Antiq_Cartography. There are 181 defs of this type loaded.
Failed to find Verse.ResearchProjectDef named RUT_Antiq_Cartography. There are 181 defs of this type loaded.
Failed to find Verse.ResearchProjectDef named RUT_Antiq_Cartography. There are 181 defs of this type loaded.
Failed to find Verse.ResearchProjectDef named RUT_Antiq_Cartography. There are 181 defs of this type loaded.
Failed to find Verse.ResearchProjectDef named RUT_Antiq_Cartography. There are 181 defs of this type loaded.
Failed to find Verse.ResearchProjectDef named RUT_Antiq_Cartography. There are 181 defs of this type loaded.
Failed to find Verse.ResearchProjectDef named RUT_Antiq_Cartography. There are 181 defs of this type loaded.
Failed to find Verse.ResearchProjectDef named RUT_Antiq_Cartography. There are 181 defs of this type loaded.
Failed to find Verse.ResearchProjectDef named RUT_Antiq_Cartography. There are 181 defs of this type loaded.
Failed to find Verse.ResearchProjectDef named RUT_Antiq_Cartography. There are 181 defs of this type loaded.
Failed to find Verse.ResearchProjectDef named RUT_Antiq_Cartography. There are 181 defs of this type loaded.
Failed to find Verse.ResearchProjectDef named RUT_Antiq_Cartography. There are 181 defs of this type loaded.
Failed to find Verse.ResearchProjectDef named RUT_Antiq_Cartography. There are 181 defs of this type loaded.
Failed to find Verse.ResearchProjectDef named RUT_Antiq_Cartography. There are 181 defs of this type loaded.
Failed to find Verse.ResearchProjectDef named RUT_Antiq_Cartography. There are 181 defs of this type loaded.
Failed to find Verse.ResearchProjectDef named RUT_Antiq_Cartography. There are 181 defs of this type loaded.
Failed to find Verse.ResearchProjectDef named RUT_Antiq_Cartography. There are 181 defs of this type loaded.
Failed to find Verse.ResearchProjectDef named RUT_Antiq_Cartography. There are 181 defs of this type loaded.
Failed to find Verse.ResearchProjectDef named RUT_Antiq_Cartography. There are 181 defs of this type loaded.
Failed to find Verse.ResearchProjectDef named RUT_Antiq_Cartography. There are 181 defs of this type loaded.
Failed to find Verse.ResearchProjectDef named RUT_Antiq_Cartography. There are 181 defs of this type loaded.
Failed to find Verse.ResearchProjectDef named RUT_Antiq_Cartography. There are 181 defs of this type loaded.
Failed to find Verse.ResearchProjectDef named RUT_Antiq_Cartography. There are 181 defs of this type loaded.
Failed to find Verse.ResearchProjectDef named RUT_Antiq_Cartography. There are 181 defs of this type loaded.
Failed to find Verse.ResearchProjectDef named RUT_Antiq_Cartography. There are 181 defs of this type loaded.
Failed to find Verse.ResearchProjectDef named RUT_Antiq_Cartography. There are 181 defs of this type loaded.
Failed to find Verse.ResearchProjectDef named RUT_Antiq_Cartography. There are 181 defs of this type loaded.
Failed to find Verse.ResearchProjectDef named RUT_Antiq_Cartography. There are 181 defs of this type loaded.
Failed to find Verse.ResearchProjectDef named RUT_Antiq_Cartography. There are 181 defs of this type loaded.
Failed to find Verse.ResearchProjectDef named RUT_Antiq_Cartography. There are 181 defs of this type loaded.
Failed to find Verse.ResearchProjectDef named RUT_Antiq_Cartography. There are 181 defs of this type loaded.
Failed to find Verse.ResearchProjectDef named RUT_Antiq_Cartography. There are 181 defs of this type loaded.
Failed to find Verse.ResearchProjectDef named RUT_Antiq_Cartography. There are 181 defs of this type loaded.
Failed to find Verse.ResearchProjectDef named RUT_Antiq_Cartography. There are 181 defs of this type loaded.
Failed to find Verse.ResearchProjectDef named RUT_Antiq_Cartography. There are 181 defs of this type loaded.
Failed to find Verse.ResearchProjectDef named RUT_Antiq_Cartography. There are 181 defs of this type loaded.
Failed to find Verse.ResearchProjectDef named RUT_Antiq_Cartography. There are 181 defs of this type loaded.
Failed to find Verse.ResearchProjectDef named RUT_Antiq_Cartography. There are 181 defs of this type loaded.
Failed to find Verse.ResearchProjectDef named RUT_Antiq_Cartography. There are 181 defs of this type loaded.
Failed to find Verse.ResearchProjectDef named RUT_Antiq_Cartography. There are 181 defs of this type loaded.
Failed to find Verse.ResearchProjectDef named RUT_Antiq_Cartography. There are 181 defs of this type loaded.
Failed to find Verse.ResearchProjectDef named RUT_Antiq_Cartography. There are 181 defs of this type loaded.
Failed to find Verse.ResearchProjectDef named RUT_Antiq_Cartography. There are 181 defs of this type loaded.
Failed to find Verse.ResearchProjectDef named RUT_Antiq_Cartography. There are 181 defs of this type loaded.
Failed to find Verse.ResearchProjectDef named RUT_Antiq_Cartography. There are 181 defs of this type loaded.
Failed to find Verse.ResearchProjectDef named RUT_Antiq_Cartography. There are 181 defs of this type loaded.
Failed to find Verse.ResearchProjectDef named RUT_Antiq_Cartography. There are 181 defs of this type loaded.
Failed to find Verse.ResearchProjectDef named RUT_Antiq_Cartography. There are 181 defs of this type loaded.
Failed to find Verse.ResearchProjectDef named RUT_Antiq_Cartography. There are 181 defs of this type loaded.
Failed to find Verse.ResearchProjectDef named RUT_Antiq_Cartography. There are 181 defs of this type loaded.
Failed to find Verse.ResearchProjectDef named RUT_Antiq_Cartography. There are 181 defs of this type loaded.
Failed to find Verse.ResearchProjectDef named RUT_Antiq_Cartography. There are 181 defs of this type loaded.
Failed to find Verse.ResearchProjectDef named RUT_Antiq_Voice. There are 181 defs of this type loaded.
Failed to find Verse.ResearchProjectDef named RUT_Antiq_Cartography. There are 181 defs of this type loaded.
Failed to find Verse.ResearchProjectDef named RUT_Antiq_Voice. There are 181 defs of this type loaded.
Failed to find Verse.ResearchProjectDef named RUT_Antiq_Cartography. There are 181 defs of this type loaded.
Failed to find Verse.ResearchProjectDef named RUT_Antiq_Voice. There are 181 defs of this type loaded.
Failed to find Verse.ResearchProjectDef named RUT_Antiq_Cartography. There are 181 defs of this type loaded.
Failed to find Verse.ResearchProjectDef named RUT_Antiq_Voice. There are 181 defs of this type loaded.
Failed to find Verse.ResearchProjectDef named RUT_Antiq_Cartography. There are 181 defs of this type loaded.
Failed to find Verse.ResearchProjectDef named RUT_Antiq_Voice. There are 181 defs of this type loaded.
Failed to find Verse.ResearchProjectDef named RUT_Antiq_Cartography. There are 181 defs of this type loaded.
Failed to find Verse.ResearchProjectDef named RUT_Antiq_Voice. There are 181 defs of this type loaded.
Failed to find Verse.ResearchProjectDef named RUT_Antiq_Cartography. There are 181 defs of this type loaded.
Failed to find Verse.ResearchProjectDef named RUT_Antiq_Voice. There are 181 defs of this type loaded.
Failed to find Verse.ResearchProjectDef named RUT_Antiq_Cartography. There are 181 defs of this type loaded.
Failed to find Verse.ResearchProjectDef named RUT_Antiq_Voice. There are 181 defs of this type loaded.
Failed to find Verse.ResearchProjectDef named RUT_Antiq_Cartography. There are 181 defs of this type loaded.
Failed to find Verse.ResearchProjectDef named RUT_Antiq_Voice. There are 181 defs of this type loaded.
Failed to find Verse.ResearchProjectDef named RUT_Antiq_Cartography. There are 181 defs of this type loaded.
Failed to find Verse.ResearchProjectDef named RUT_Antiq_Voice. There are 181 defs of this type loaded.
Failed to find Verse.ResearchProjectDef named RUT_Antiq_Cartography. There are 181 defs of this type loaded.
Failed to find Verse.ResearchProjectDef named RUT_Antiq_Voice. There are 181 defs of this type loaded.
Failed to find Verse.ResearchProjectDef named RUT_Antiq_Cartography. There are 181 defs of this type loaded.
Failed to find Verse.ResearchProjectDef named RUT_Antiq_Voice. There are 181 defs of this type loaded.
Failed to find Verse.ResearchProjectDef named RUT_Antiq_Cartography. There are 181 defs of this type loaded.
Failed to find Verse.ResearchProjectDef named RUT_Antiq_Voice. There are 181 defs of this type loaded.
Failed to find Verse.ResearchProjectDef named RUT_Antiq_Cartography. There are 181 defs of this type loaded.
Failed to find Verse.ResearchProjectDef named RUT_Antiq_Voice. There are 181 defs of this type loaded.
Failed to find Verse.ResearchProjectDef named RUT_Antiq_Cartography. There are 181 defs of this type loaded.
Failed to find Verse.ResearchProjectDef named RUT_Antiq_Voice. There are 181 defs of this type loaded.
Failed to find Verse.ResearchProjectDef named RUT_Antiq_Cartography. There are 181 defs of this type loaded.
Failed to find Verse.ResearchProjectDef named RUT_Antiq_Voice. There are 181 defs of this type loaded.
Failed to find Verse.ResearchProjectDef named RUT_Antiq_Cartography. There are 181 defs of this type loaded.
Failed to find Verse.ResearchProjectDef named RUT_Antiq_Voice. There are 181 defs of this type loaded.
Failed to find Verse.ResearchProjectDef named RUT_Antiq_Cartography. There are 181 defs of this type loaded.
Failed to find Verse.ResearchProjectDef named RUT_Antiq_Voice. There are 181 defs of this type loaded.
Failed to find Verse.ResearchProjectDef named RUT_Antiq_Cartography. There are 181 defs of this type loaded.
Failed to find Verse.ResearchProjectDef named RUT_Antiq_Voice. There are 181 defs of this type loaded.
Failed to find Verse.ResearchProjectDef named RUT_Antiq_Cartography. There are 181 defs of this type loaded.
Failed to find Verse.ResearchProjectDef named RUT_Antiq_Voice. There are 181 defs of this type loaded.
Failed to find Verse.ResearchProjectDef named RUT_Antiq_Cartography. There are 181 defs of this type loaded.
Failed to find Verse.ResearchProjectDef named RUT_Antiq_Cartography. There are 181 defs of this type loaded.
Failed to find Verse.ResearchProjectDef named RUT_Antiq_Cartography. There are 181 defs of this type loaded.
Failed to find Verse.ResearchProjectDef named RUT_Antiq_Cartography. There are 181 defs of this type loaded.
Failed to find Verse.ResearchProjectDef named RUT_Antiq_Cartography. There are 181 defs of this type loaded.
Failed to find Verse.ResearchProjectDef named RUT_Antiq_Cartography. There are 181 defs of this type loaded.
Failed to find Verse.ResearchProjectDef named RUT_Antiq_Cartography. There are 181 defs of this type loaded.
Failed to find Verse.ResearchProjectDef named RUT_Antiq_Cartography. There are 181 defs of this type loaded.
Failed to find Verse.ResearchProjectDef named RUT_Antiq_Cartography. There are 181 defs of this type loaded.
Failed to find Verse.ResearchProjectDef named RUT_Antiq_Cartography. There are 181 defs of this type loaded.
Failed to find Verse.ResearchProjectDef named RUT_Antiq_Cartography. There are 181 defs of this type loaded.
Failed to find Verse.ResearchProjectDef named RUT_Antiq_Cartography. There are 181 defs of this type loaded.
Failed to find Verse.ResearchProjectDef named RUT_Antiq_Cartography. There are 181 defs of this type loaded.
Failed to find Verse.ResearchProjectDef named RUT_Antiq_Cartography. There are 181 defs of this type loaded.
Failed to find Verse.ResearchProjectDef named RUT_Antiq_Cartography. There are 181 defs of this type loaded.
Failed to find Verse.ResearchProjectDef named RUT_Antiq_Cartography. There are 181 defs of this type loaded.
Failed to find Verse.ResearchProjectDef named RUT_Antiq_Cartography. There are 181 defs of this type loaded.
Failed to find Verse.ResearchProjectDef named RUT_Antiq_Cartography. There are 181 defs of this type loaded.
Failed to find Verse.ResearchProjectDef named RUT_Antiq_Cartography. There are 181 defs of this type loaded.
Failed to find Verse.ResearchProjectDef named RUT_Antiq_Cartography. There are 181 defs of this type loaded.
Failed to find Verse.ResearchProjectDef named RUT_Antiq_Cartography. There are 181 defs of this type loaded.
Failed to find Verse.ResearchProjectDef named RUT_Antiq_Cartography. There are 181 defs of this type loaded.
Failed to find Verse.ResearchProjectDef named RUT_Antiq_Cartography. There are 181 defs of this type loaded.
Failed to find Verse.ResearchProjectDef named RUT_Antiq_Cartography. There are 181 defs of this type loaded.
Failed to find Verse.ResearchProjectDef named RUT_Antiq_Cartography. There are 181 defs of this type loaded.
Failed to find Verse.ResearchProjectDef named RUT_Antiq_Cartography. There are 181 defs of this type loaded.
Failed to find Verse.ResearchProjectDef named RUT_Antiq_Cartography. There are 181 defs of this type loaded.
Failed to find Verse.ResearchProjectDef named RUT_Antiq_Cartography. There are 181 defs of this type loaded.
Failed to find Verse.ResearchProjectDef named RUT_Antiq_Cartography. There are 181 defs of this type loaded.
Failed to find Verse.ResearchProjectDef named RUT_Antiq_Cartography. There are 181 defs of this type loaded.
Failed to find Verse.ResearchProjectDef named RUT_Antiq_Cartography. There are 181 defs of this type loaded.
Failed to find Verse.ResearchProjectDef named RUT_Antiq_Cartography. There are 181 defs of this type loaded.
Failed to find Verse.ResearchProjectDef named RUT_Antiq_Cartography. There are 181 defs of this type loaded.
Failed to find Verse.ResearchProjectDef named RUT_Antiq_Cartography. There are 181 defs of this type loaded.
Failed to find Verse.ResearchProjectDef named RUT_Antiq_Cartography. There are 181 defs of this type loaded.
Failed to find Verse.ResearchProjectDef named RUT_Antiq_Cartography. There are 181 defs of this type loaded.
Failed to find Verse.ResearchProjectDef named RUT_Antiq_Cartography. There are 181 defs of this type loaded.
Failed to find Verse.ResearchProjectDef named RUT_Antiq_Cartography. There are 181 defs of this type loaded.
Failed to find Verse.ResearchProjectDef named RUT_Antiq_Cartography. There are 181 defs of this type loaded.
Failed to find Verse.ResearchProjectDef named RUT_Antiq_Cartography. There are 181 defs of this type loaded.
Failed to find Verse.ResearchProjectDef named RUT_Antiq_Cartography. There are 181 defs of this type loaded.
Failed to find Verse.ResearchProjectDef named RUT_Antiq_Cartography. There are 181 defs of this type loaded.
Failed to find Verse.ResearchProjectDef named RUT_Antiq_Cartography. There are 181 defs of this type loaded.
Failed to find Verse.ResearchProjectDef named RUT_Antiq_Cartography. There are 181 defs of this type loaded.
Failed to find Verse.ResearchProjectDef named RUT_Antiq_Cartography. There are 181 defs of this type loaded.
Failed to find Verse.ResearchProjectDef named RUT_Antiq_Cartography. There are 181 defs of this type loaded.
Failed to find Verse.ResearchProjectDef named RUT_Antiq_Cartography. There are 181 defs of this type loaded.
Failed to find Verse.ResearchProjectDef named RUT_Antiq_Cartography. There are 181 defs of this type loaded.
Failed to find Verse.ResearchProjectDef named RUT_Antiq_Cartography. There are 181 defs of this type loaded.
Failed to find Verse.ResearchProjectDef named RUT_Antiq_Cartography. There are 181 defs of this type loaded.
Failed to find Verse.ResearchProjectDef named RUT_Antiq_Cartography. There are 181 defs of this type loaded.
Failed to find Verse.ResearchProjectDef named RUT_Antiq_Cartography. There are 181 defs of this type loaded.
Failed to find Verse.ResearchProjectDef named RUT_Antiq_Cartography. There are 181 defs of this type loaded.
Failed to find Verse.ResearchProjectDef named RUT_Antiq_Cartography. There are 181 defs of this type loaded.
Failed to find Verse.ResearchProjectDef named RUT_Antiq_Cartography. There are 181 defs of this type loaded.
Failed to find Verse.ResearchProjectDef named RUT_Antiq_Cartography. There are 181 defs of this type loaded.
Failed to find Verse.ResearchProjectDef named RUT_Antiq_Cartography. There are 181 defs of this type loaded.
Failed to find Verse.ResearchProjectDef named RUT_Antiq_Cartography. There are 181 defs of this type loaded.
Failed to find Verse.ResearchProjectDef named RUT_Antiq_Cartography. There are 181 defs of this type loaded.
Failed to find Verse.ResearchProjectDef named RUT_Antiq_Cartography. There are 181 defs of this type loaded.
Failed to find Verse.ResearchProjectDef named RUT_Antiq_Cartography. There are 181 defs of this type loaded.
Failed to find Verse.ResearchProjectDef named RUT_Antiq_Cartography. There are 181 defs of this type loaded.
Failed to find Verse.ResearchProjectDef named RUT_Antiq_Cartography. There are 181 defs of this type loaded.
Failed to find Verse.ResearchProjectDef named RUT_Antiq_Cartography. There are 181 defs of this type loaded.
Failed to find Verse.ResearchProjectDef named RUT_Antiq_Cartography. There are 181 defs of this type loaded.
Failed to find Verse.ResearchProjectDef named RUT_Antiq_Cartography. There are 181 defs of this type loaded.
Failed to find Verse.ResearchProjectDef named RUT_Antiq_Cartography. There are 181 defs of this type loaded.
Failed to find Verse.ResearchProjectDef named RUT_Antiq_Cartography. There are 181 defs of this type loaded.
Failed to find Verse.ResearchProjectDef named RUT_Antiq_Cartography. There are 181 defs of this type loaded.
Failed to find Verse.ResearchProjectDef named RUT_Antiq_Cartography. There are 181 defs of this type loaded.
Failed to find Verse.ResearchProjectDef named RUT_Antiq_Cartography. There are 181 defs of this type loaded.
Failed to find Verse.ResearchProjectDef named RUT_Antiq_Cartography. There are 181 defs of this type loaded.
Failed to find Verse.ResearchProjectDef named RUT_Antiq_Cartography. There are 181 defs of this type loaded.
Failed to find Verse.ResearchProjectDef named RUT_Antiq_Cartography. There are 181 defs of this type loaded.
Failed to find Verse.ResearchProjectDef named RUT_Antiq_Cartography. There are 181 defs of this type loaded.
Failed to find Verse.ResearchProjectDef named RUT_Antiq_Cartography. There are 181 defs of this type loaded.
Failed to find Verse.ResearchProjectDef named RUT_Antiq_Cartography. There are 181 defs of this type loaded.
Failed to find Verse.ResearchProjectDef named RUT_Antiq_Cartography. There are 181 defs of this type loaded.
Failed to find Verse.ResearchProjectDef named RUT_Antiq_Cartography. There are 181 defs of this type loaded.
Failed to find Verse.ResearchProjectDef named RUT_Antiq_Cartography. There are 181 defs of this type loaded.
Failed to find Verse.ResearchProjectDef named RUT_Antiq_Cartography. There are 181 defs of this type loaded.
Failed to find Verse.ResearchProjectDef named RUT_Antiq_Cartography. There are 181 defs of this type loaded.
Failed to find Verse.ResearchProjectDef named RUT_Antiq_Cartography. There are 181 defs of this type loaded.
Failed to find Verse.ResearchProjectDef named RUT_Antiq_Cartography. There are 181 defs of this type loaded.
Failed to find Verse.ResearchProjectDef named RUT_Antiq_Cartography. There are 181 defs of this type loaded.
Failed to find Verse.ResearchProjectDef named RUT_Antiq_Cartography. There are 181 defs of this type loaded.
Failed to find Verse.ResearchProjectDef named RUT_Antiq_Cartography. There are 181 defs of this type loaded.
Failed to find Verse.ResearchProjectDef named RUT_Antiq_Cartography. There are 181 defs of this type loaded.
Failed to find Verse.ResearchProjectDef named RUT_Antiq_Cartography. There are 181 defs of this type loaded.
Failed to find Verse.ResearchProjectDef named RUT_Antiq_Cartography. There are 181 defs of this type loaded.
Failed to find Verse.ResearchProjectDef named RUT_Antiq_Cartography. There are 181 defs of this type loaded.
Failed to find Verse.ResearchProjectDef named RUT_Antiq_Cartography. There are 181 defs of this type loaded.
Failed to find Verse.ResearchProjectDef named RUT_Antiq_Cartography. There are 181 defs of this type loaded.
Failed to find Verse.ResearchProjectDef named RUT_Antiq_Cartography. There are 181 defs of this type loaded.
Failed to find Verse.ResearchProjectDef named RUT_Antiq_Cartography. There are 181 defs of this type loaded.
Failed to find Verse.ResearchProjectDef named RUT_Antiq_Cartography. There are 181 defs of this type loaded.
Failed to find Verse.ResearchProjectDef named RUT_Antiq_Cartography. There are 181 defs of this type loaded.
Failed to find Verse.ResearchProjectDef named RUT_Antiq_Cartography. There are 181 defs of this type loaded.
Failed to find Verse.ResearchProjectDef named RUT_Antiq_Cartography. There are 181 defs of this type loaded.
Failed to find Verse.ResearchProjectDef named RUT_Antiq_Voice. There are 181 defs of this type loaded.
Failed to find Verse.ResearchProjectDef named RUT_Antiq_Cartography. There are 181 defs of this type loaded.
Failed to find Verse.ResearchProjectDef named RUT_Antiq_Voice. There are 181 defs of this type loaded.
Failed to find Verse.ResearchProjectDef named RUT_Antiq_Cartography. There are 181 defs of this type loaded.
Failed to find Verse.ResearchProjectDef named RUT_Antiq_Voice. There are 181 defs of this type loaded.
Failed to find Verse.ResearchProjectDef named RUT_Antiq_Cartography. There are 181 defs of this type loaded.
Failed to find Verse.ResearchProjectDef named RUT_Antiq_Voice. There are 181 defs of this type loaded.
Failed to find Verse.ResearchProjectDef named RUT_Antiq_Cartography. There are 181 defs of this type loaded.
Failed to find Verse.ResearchProjectDef named RUT_Antiq_Voice. There are 181 defs of this type loaded.
Failed to find Verse.ResearchProjectDef named RUT_Antiq_Cartography. There are 181 defs of this type loaded.
Failed to find Verse.ResearchProjectDef named RUT_Antiq_Voice. There are 181 defs of this type loaded.
Failed to find Verse.ResearchProjectDef named RUT_Antiq_Cartography. There are 181 defs of this type loaded.
Failed to find Verse.ResearchProjectDef named RUT_Antiq_Voice. There are 181 defs of this type loaded.
Failed to find Verse.ResearchProjectDef named RUT_Antiq_Cartography. There are 181 defs of this type loaded.
Failed to find Verse.ResearchProjectDef named RUT_Antiq_Voice. There are 181 defs of this type loaded.
Failed to find Verse.ResearchProjectDef named RUT_Antiq_Cartography. There are 181 defs of this type loaded.
Failed to find Verse.ResearchProjectDef named RUT_Antiq_Voice. There are 181 defs of this type loaded.
Failed to find Verse.ResearchProjectDef named RUT_Antiq_Cartography. There are 181 defs of this type loaded.
Failed to find Verse.ResearchProjectDef named RUT_Antiq_Voice. There are 181 defs of this type loaded.
Failed to find Verse.ResearchProjectDef named RUT_Antiq_Cartography. There are 181 defs of this type loaded.
Failed to find Verse.ResearchProjectDef named RUT_Antiq_Voice. There are 181 defs of this type loaded.
Failed to find Verse.ResearchProjectDef named RUT_Antiq_Cartography. There are 181 defs of this type loaded.
Failed to find Verse.ResearchProjectDef named RUT_Antiq_Voice. There are 181 defs of this type loaded.
Failed to find Verse.ResearchProjectDef named RUT_Antiq_Cartography. There are 181 defs of this type loaded.
Failed to find Verse.ResearchProjectDef named RUT_Antiq_Voice. There are 181 defs of this type loaded.
Failed to find Verse.ResearchProjectDef named RUT_Antiq_Cartography. There are 181 defs of this type loaded.
Failed to find Verse.ResearchProjectDef named RUT_Antiq_Voice. There are 181 defs of this type loaded.
Failed to find Verse.ResearchProjectDef named RUT_Antiq_Cartography. There are 181 defs of this type loaded.
Failed to find Verse.ResearchProjectDef named RUT_Antiq_Voice. There are 181 defs of this type loaded.
Failed to find Verse.ResearchProjectDef named RUT_Antiq_Cartography. There are 181 defs of this type loaded.
Failed to find Verse.ResearchProjectDef named RUT_Antiq_Voice. There are 181 defs of this type loaded.
Failed to find Verse.ResearchProjectDef named RUT_Antiq_Cartography. There are 181 defs of this type loaded.
Failed to find Verse.ResearchProjectDef named RUT_Antiq_Voice. There are 181 defs of this type loaded.
Failed to find Verse.ResearchProjectDef named RUT_Antiq_Cartography. There are 181 defs of this type loaded.
Failed to find Verse.ResearchProjectDef named RUT_Antiq_Voice. There are 181 defs of this type loaded.
Failed to find Verse.ResearchProjectDef named RUT_Antiq_Cartography. There are 181 defs of this type loaded.
Failed to find Verse.ResearchProjectDef named RUT_Antiq_Voice. There are 181 defs of this type loaded.
Failed to find Verse.ResearchProjectDef named RUT_Antiq_Cartography. There are 181 defs of this type loaded.
Failed to find Verse.ResearchProjectDef named RUT_Antiq_Voice. There are 181 defs of this type loaded.
Failed to find Verse.ResearchProjectDef named RUT_Antiq_Cartography. There are 181 defs of this type loaded.
Failed to find Verse.ResearchProjectDef named RUT_Antiq_Cartography. There are 181 defs of this type loaded.
Failed to find Verse.ResearchProjectDef named RUT_Antiq_Cartography. There are 181 defs of this type loaded.
Failed to find Verse.ResearchProjectDef named RUT_Antiq_Cartography. There are 181 defs of this type loaded.
Failed to find Verse.ResearchProjectDef named RUT_Antiq_Cartography. There are 181 defs of this type loaded.
Failed to find Verse.ResearchProjectDef named RUT_Antiq_Cartography. There are 181 defs of this type loaded.
Failed to find Verse.ResearchProjectDef named RUT_Antiq_Cartography. There are 181 defs of this type loaded.
Failed to find Verse.ResearchProjectDef named RUT_Antiq_Cartography. There are 181 defs of this type loaded.
Failed to find Verse.ResearchProjectDef named RUT_Antiq_Cartography. There are 181 defs of this type loaded.
Failed to find Verse.ResearchProjectDef named RUT_Antiq_Cartography. There are 181 defs of this type loaded.
Failed to find Verse.ResearchProjectDef named RUT_Antiq_Cartography. There are 181 defs of this type loaded.
Failed to find Verse.ResearchProjectDef named RUT_Antiq_Cartography. There are 181 defs of this type loaded.
Failed to find Verse.ResearchProjectDef named RUT_Antiq_Cartography. There are 181 defs of this type loaded.
Failed to find Verse.ResearchProjectDef named RUT_Antiq_Cartography. There are 181 defs of this type loaded.
Failed to find Verse.ResearchProjectDef named RUT_Antiq_Cartography. There are 181 defs of this type loaded.
Failed to find Verse.ResearchProjectDef named RUT_Antiq_Cartography. There are 181 defs of this type loaded.
Failed to find Verse.ResearchProjectDef named RUT_Antiq_Cartography. There are 181 defs of this type loaded.
Failed to find Verse.ResearchProjectDef named RUT_Antiq_Cartography. There are 181 defs of this type loaded.
Failed to find Verse.ResearchProjectDef named RUT_Antiq_Cartography. There are 181 defs of this type loaded.
Failed to find Verse.ResearchProjectDef named RUT_Antiq_Cartography. There are 181 defs of this type loaded.
Failed to find Verse.ResearchProjectDef named RUT_Antiq_Cartography. There are 181 defs of this type loaded.
Failed to find Verse.ResearchProjectDef named RUT_Antiq_Cartography. There are 181 defs of this type loaded.
Failed to find Verse.ResearchProjectDef named RUT_Antiq_Cartography. There are 181 defs of this type loaded.
Failed to find Verse.ResearchProjectDef named RUT_Antiq_Cartography. There are 181 defs of this type loaded.
Failed to find Verse.ResearchProjectDef named RUT_Antiq_Cartography. There are 181 defs of this type loaded.
Failed to find Verse.ResearchProjectDef named RUT_Antiq_Cartography. There are 181 defs of this type loaded.
Failed to find Verse.ResearchProjectDef named RUT_Antiq_Cartography. There are 181 defs of this type loaded.
Failed to find Verse.ResearchProjectDef named RUT_Antiq_Cartography. There are 181 defs of this type loaded.
Failed to find Verse.ResearchProjectDef named RUT_Antiq_Cartography. There are 181 defs of this type loaded.
Failed to find Verse.ResearchProjectDef named RUT_Antiq_Cartography. There are 181 defs of this type loaded.
Failed to find Verse.ResearchProjectDef named RUT_Antiq_Cartography. There are 181 defs of this type loaded.
Failed to find Verse.ResearchProjectDef named RUT_Antiq_Cartography. There are 181 defs of this type loaded.
Failed to find Verse.ResearchProjectDef named RUT_Antiq_Cartography. There are 181 defs of this type loaded.
Failed to find Verse.ResearchProjectDef named RUT_Antiq_Cartography. There are 181 defs of this type loaded.
Failed to find Verse.ResearchProjectDef named RUT_Antiq_Cartography. There are 181 defs of this type loaded.
Failed to find Verse.ResearchProjectDef named RUT_Antiq_Cartography. There are 181 defs of this type loaded.
Failed to find Verse.ResearchProjectDef named RUT_Antiq_Cartography. There are 181 defs of this type loaded.
Failed to find Verse.ResearchProjectDef named RUT_Antiq_Cartography. There are 181 defs of this type loaded.
Failed to find Verse.ResearchProjectDef named RUT_Antiq_Cartography. There are 181 defs of this type loaded.
Failed to find Verse.ResearchProjectDef named RUT_Antiq_Cartography. There are 181 defs of this type loaded.
Failed to find Verse.ResearchProjectDef named RUT_Antiq_Cartography. There are 181 defs of this type loaded.
Failed to find Verse.ResearchProjectDef named RUT_Antiq_Cartography. There are 181 defs of this type loaded.
Failed to find Verse.ResearchProjectDef named RUT_Antiq_Cartography. There are 181 defs of this type loaded.
Failed to find Verse.ResearchProjectDef named RUT_Antiq_Cartography. There are 181 defs of this type loaded.
Failed to find Verse.ResearchProjectDef named RUT_Antiq_Cartography. There are 181 defs of this type loaded.
Failed to find Verse.ResearchProjectDef named RUT_Antiq_Cartography. There are 181 defs of this type loaded.
Failed to find Verse.ResearchProjectDef named RUT_Antiq_Cartography. There are 181 defs of this type loaded.
Failed to find Verse.ResearchProjectDef named RUT_Antiq_Cartography. There are 181 defs of this type loaded.
Failed to find Verse.ResearchProjectDef named RUT_Antiq_Cartography. There are 181 defs of this type loaded.
Failed to find Verse.ResearchProjectDef named RUT_Antiq_Cartography. There are 181 defs of this type loaded.
Failed to find Verse.ResearchProjectDef named RUT_Antiq_Cartography. There are 181 defs of this type loaded.
Failed to find Verse.ResearchProjectDef named RUT_Antiq_Cartography. There are 181 defs of this type loaded.
Failed to find Verse.ResearchProjectDef named RUT_Antiq_Cartography. There are 181 defs of this type loaded.
Failed to find Verse.ResearchProjectDef named RUT_Antiq_Cartography. There are 181 defs of this type loaded.
Failed to find Verse.ResearchProjectDef named RUT_Antiq_Cartography. There are 181 defs of this type loaded.
Failed to find Verse.ResearchProjectDef named RUT_Antiq_Cartography. There are 181 defs of this type loaded.
Failed to find Verse.ResearchProjectDef named RUT_Antiq_Cartography. There are 181 defs of this type loaded.
Failed to find Verse.ResearchProjectDef named RUT_Antiq_Cartography. There are 181 defs of this type loaded.
Failed to find Verse.ResearchProjectDef named RUT_Antiq_Cartography. There are 181 defs of this type loaded.
Failed to find Verse.ResearchProjectDef named RUT_Antiq_Cartography. There are 181 defs of this type loaded.
Failed to find Verse.ResearchProjectDef named RUT_Antiq_Cartography. There are 181 defs of this type loaded.
Failed to find Verse.ResearchProjectDef named RUT_Antiq_Cartography. There are 181 defs of this type loaded.
Failed to find Verse.ResearchProjectDef named RUT_Antiq_Cartography. There are 181 defs of this type loaded.
Failed to find Verse.ResearchProjectDef named RUT_Antiq_Cartography. There are 181 defs of this type loaded.
Failed to find Verse.ResearchProjectDef named RUT_Antiq_Cartography. There are 181 defs of this type loaded.
Failed to find Verse.ResearchProjectDef named RUT_Antiq_Cartography. There are 181 defs of this type loaded.
Failed to find Verse.ResearchProjectDef named RUT_Antiq_Cartography. There are 181 defs of this type loaded.
Failed to find Verse.ResearchProjectDef named RUT_Antiq_Cartography. There are 181 defs of this type loaded.
Failed to find Verse.ResearchProjectDef named RUT_Antiq_Cartography. There are 181 defs of this type loaded.
Failed to find Verse.ResearchProjectDef named RUT_Antiq_Cartography. There are 181 defs of this type loaded.
Failed to find Verse.ResearchProjectDef named RUT_Antiq_Cartography. There are 181 defs of this type loaded.
Failed to find Verse.ResearchProjectDef named RUT_Antiq_Cartography. There are 181 defs of this type loaded.
Failed to find Verse.ResearchProjectDef named RUT_Antiq_Cartography. There are 181 defs of this type loaded.
Failed to find Verse.ResearchProjectDef named RUT_Antiq_Cartography. There are 181 defs of this type loaded.
Failed to find Verse.ResearchProjectDef named RUT_Antiq_Cartography. There are 181 defs of this type loaded.
Failed to find Verse.ResearchProjectDef named RUT_Antiq_Cartography. There are 181 defs of this type loaded.
Failed to find Verse.ResearchProjectDef named RUT_Antiq_Cartography. There are 181 defs of this type loaded.
Failed to find Verse.ResearchProjectDef named RUT_Antiq_Cartography. There are 181 defs of this type loaded.
Failed to find Verse.ResearchProjectDef named RUT_Antiq_Cartography. There are 181 defs of this type loaded.
Failed to find Verse.ResearchProjectDef named RUT_Antiq_Cartography. There are 181 defs of this type loaded.
Failed to find Verse.ResearchProjectDef named RUT_Antiq_Cartography. There are 181 defs of this type loaded.
Failed to find Verse.ResearchProjectDef named RUT_Antiq_Cartography. There are 181 defs of this type loaded.
Failed to find Verse.ResearchProjectDef named RUT_Antiq_Cartography. There are 181 defs of this type loaded.
Failed to find Verse.ResearchProjectDef named RUT_Antiq_Cartography. There are 181 defs of this type loaded.
Failed to find Verse.ResearchProjectDef named RUT_Antiq_Cartography. There are 181 defs of this type loaded.
Failed to find Verse.ResearchProjectDef named RUT_Antiq_Cartography. There are 181 defs of this type loaded.
Failed to find Verse.ResearchProjectDef named RUT_Antiq_Cartography. There are 181 defs of this type loaded.
Failed to find Verse.ResearchProjectDef named RUT_Antiq_Cartography. There are 181 defs of this type loaded.
Failed to find Verse.ResearchProjectDef named RUT_Antiq_Cartography. There are 181 defs of this type loaded.
Failed to find Verse.ResearchProjectDef named RUT_Antiq_Cartography. There are 181 defs of this type loaded.
Failed to find Verse.ResearchProjectDef named RUT_Antiq_Cartography. There are 181 defs of this type loaded.
Failed to find Verse.ResearchProjectDef named RUT_Antiq_Cartography. There are 181 defs of this type loaded.
Failed to find Verse.ResearchProjectDef named RUT_Antiq_Cartography. There are 181 defs of this type loaded.
Failed to find Verse.ResearchProjectDef named RUT_Antiq_Cartography. There are 181 defs of this type loaded.
Failed to find Verse.ResearchProjectDef named RUT_Antiq_Cartography. There are 181 defs of this type loaded.
Failed to find Verse.ResearchProjectDef named RUT_Antiq_Cartography. There are 181 defs of this type loaded.
Failed to find Verse.ResearchProjectDef named RUT_Antiq_Cartography. There are 181 defs of this type loaded.
Failed to find Verse.ResearchProjectDef named RUT_Antiq_Cartography. There are 181 defs of this type loaded.
Failed to find Verse.ResearchProjectDef named RUT_Antiq_Cartography. There are 181 defs of this type loaded.
Failed to find Verse.ResearchProjectDef named RUT_Antiq_Voice. There are 181 defs of this type loaded.
Failed to find Verse.ResearchProjectDef named RUT_Antiq_Cartography. There are 181 defs of this type loaded.
Failed to find Verse.ResearchProjectDef named RUT_Antiq_Voice. There are 181 defs of this type loaded.
Failed to find Verse.ResearchProjectDef named RUT_Antiq_Cartography. There are 181 defs of this type loaded.
Failed to find Verse.ResearchProjectDef named RUT_Antiq_Voice. There are 181 defs of this type loaded.
Failed to find Verse.ResearchProjectDef named RUT_Antiq_Cartography. There are 181 defs of this type loaded.
Failed to find Verse.ResearchProjectDef named RUT_Antiq_Voice. There are 181 defs of this type loaded.
Failed to find Verse.ResearchProjectDef named RUT_Antiq_Cartography. There are 181 defs of this type loaded.
Failed to find Verse.ResearchProjectDef named RUT_Antiq_Voice. There are 181 defs of this type loaded.
Failed to find Verse.ResearchProjectDef named RUT_Antiq_Cartography. There are 181 defs of this type loaded.
Failed to find Verse.ResearchProjectDef named RUT_Antiq_Voice. There are 181 defs of this type loaded.
Failed to find Verse.ResearchProjectDef named RUT_Antiq_Cartography. There are 181 defs of this type loaded.
Failed to find Verse.ResearchProjectDef named RUT_Antiq_Voice. There are 181 defs of this type loaded.
Failed to find Verse.ResearchProjectDef named RUT_Antiq_Cartography. There are 181 defs of this type loaded.
Failed to find Verse.ResearchProjectDef named RUT_Antiq_Voice. There are 181 defs of this type loaded.
Failed to find Verse.ResearchProjectDef named RUT_Antiq_Cartography. There are 181 defs of this type loaded.
Failed to find Verse.ResearchProjectDef named RUT_Antiq_Voice. There are 181 defs of this type loaded.
Failed to find Verse.ResearchProjectDef named RUT_Antiq_Cartography. There are 181 defs of this type loaded.
Failed to find Verse.ResearchProjectDef named RUT_Antiq_Voice. There are 181 defs of this type loaded.
Failed to find Verse.ResearchProjectDef named RUT_Antiq_Cartography. There are 181 defs of this type loaded.
Failed to find Verse.ResearchProjectDef named RUT_Antiq_Voice. There are 181 defs of this type loaded.
Failed to find Verse.ResearchProjectDef named RUT_Antiq_Cartography. There are 181 defs of this type loaded.
Failed to find Verse.ResearchProjectDef named RUT_Antiq_Voice. There are 181 defs of this type loaded.
Failed to find Verse.ResearchProjectDef named RUT_Antiq_Cartography. There are 181 defs of this type loaded.
Failed to find Verse.ResearchProjectDef named RUT_Antiq_Voice. There are 181 defs of this type loaded.
Failed to find Verse.ResearchProjectDef named RUT_Antiq_Cartography. There are 181 defs of this type loaded.
Failed to find Verse.ResearchProjectDef named RUT_Antiq_Voice. There are 181 defs of this type loaded.
Failed to find Verse.ResearchProjectDef named RUT_Antiq_Cartography. There are 181 defs of this type loaded.
Failed to find Verse.ResearchProjectDef named RUT_Antiq_Voice. There are 181 defs of this type loaded.
Failed to find Verse.ResearchProjectDef named RUT_Antiq_Cartography. There are 181 defs of this type loaded.
Failed to find Verse.ResearchProjectDef named RUT_Antiq_Voice. There are 181 defs of this type loaded.
Failed to find Verse.ResearchProjectDef named RUT_Antiq_Cartography. There are 181 defs of this type loaded.
Failed to find Verse.ResearchProjectDef named RUT_Antiq_Voice. There are 181 defs of this type loaded.
Failed to find Verse.ResearchProjectDef named RUT_Antiq_Cartography. There are 181 defs of this type loaded.
Failed to find Verse.ResearchProjectDef named RUT_Antiq_Voice. There are 181 defs of this type loaded.
Failed to find Verse.ResearchProjectDef named RUT_Antiq_Cartography. There are 181 defs of this type loaded.
Failed to find Verse.ResearchProjectDef named RUT_Antiq_Voice. There are 181 defs of this type loaded.
Failed to find Verse.ResearchProjectDef named RUT_Antiq_Cartography. There are 181 defs of this type loaded.
Failed to find Verse.ResearchProjectDef named RUT_Antiq_Voice. There are 181 defs of this type loaded.
Failed to find Verse.ResearchProjectDef named RUT_Antiq_Cartography. There are 181 defs of this type loaded.
Failed to find Verse.ResearchProjectDef named RUT_Antiq_Cartography. There are 181 defs of this type loaded.
Failed to find Verse.ResearchProjectDef named RUT_Antiq_Cartography. There are 181 defs of this type loaded.
Failed to find Verse.ResearchProjectDef named RUT_Antiq_Cartography. There are 181 defs of this type loaded.
Failed to find Verse.ResearchProjectDef named RUT_Antiq_Cartography. There are 181 defs of this type loaded.
Failed to find Verse.ResearchProjectDef named RUT_Antiq_Cartography. There are 181 defs of this type loaded.
Failed to find Verse.ResearchProjectDef named RUT_Antiq_Cartography. There are 181 defs of this type loaded.
Failed to find Verse.ResearchProjectDef named RUT_Antiq_Cartography. There are 181 defs of this type loaded.
Failed to find Verse.ResearchProjectDef named RUT_Antiq_Cartography. There are 181 defs of this type loaded.
Failed to find Verse.ResearchProjectDef named RUT_Antiq_Cartography. There are 181 defs of this type loaded.
Failed to find Verse.ResearchProjectDef named RUT_Antiq_Cartography. There are 181 defs of this type loaded.
Failed to find Verse.ResearchProjectDef named RUT_Antiq_Cartography. There are 181 defs of this type loaded.
Failed to find Verse.ResearchProjectDef named RUT_Antiq_Cartography. There are 181 defs of this type loaded.
Failed to find Verse.ResearchProjectDef named RUT_Antiq_Cartography. There are 181 defs of this type loaded.
Failed to find Verse.ResearchProjectDef named RUT_Antiq_Cartography. There are 181 defs of this type loaded.
Failed to find Verse.ResearchProjectDef named RUT_Antiq_Cartography. There are 181 defs of this type loaded.
Failed to find Verse.ResearchProjectDef named RUT_Antiq_Cartography. There are 181 defs of this type loaded.
Failed to find Verse.ResearchProjectDef named RUT_Antiq_Cartography. There are 181 defs of this type loaded.
Failed to find Verse.ResearchProjectDef named RUT_Antiq_Cartography. There are 181 defs of this type loaded.
Failed to find Verse.ResearchProjectDef named RUT_Antiq_Cartography. There are 181 defs of this type loaded.
Failed to find Verse.ResearchProjectDef named RUT_Antiq_Cartography. There are 181 defs of this type loaded.
Failed to find Verse.ResearchProjectDef named RUT_Antiq_Cartography. There are 181 defs of this type loaded.
Failed to find Verse.ResearchProjectDef named RUT_Antiq_Cartography. There are 181 defs of this type loaded.
Failed to find Verse.ResearchProjectDef named RUT_Antiq_Cartography. There are 181 defs of this type loaded.
Failed to find Verse.ResearchProjectDef named RUT_Antiq_Cartography. There are 181 defs of this type loaded.
Failed to find Verse.ResearchProjectDef named RUT_Antiq_Cartography. There are 181 defs of this type loaded.
Failed to find Verse.ResearchProjectDef named RUT_Antiq_Cartography. There are 181 defs of this type loaded.
Failed to find Verse.ResearchProjectDef named RUT_Antiq_Cartography. There are 181 defs of this type loaded.
Failed to find Verse.ResearchProjectDef named RUT_Antiq_Cartography. There are 181 defs of this type loaded.
Failed to find Verse.ResearchProjectDef named RUT_Antiq_Cartography. There are 181 defs of this type loaded.
Failed to find Verse.ResearchProjectDef named RUT_Antiq_Cartography. There are 181 defs of this type loaded.
Failed to find Verse.ResearchProjectDef named RUT_Antiq_Cartography. There are 181 defs of this type loaded.
Failed to find Verse.ResearchProjectDef named RUT_Antiq_Cartography. There are 181 defs of this type loaded.
Failed to find Verse.ResearchProjectDef named RUT_Antiq_Cartography. There are 181 defs of this type loaded.
Failed to find Verse.ResearchProjectDef named RUT_Antiq_Cartography. There are 181 defs of this type loaded.
Failed to find Verse.ResearchProjectDef named RUT_Antiq_Cartography. There are 181 defs of this type loaded.
Failed to find Verse.ResearchProjectDef named RUT_Antiq_Cartography. There are 181 defs of this type loaded.
Failed to find Verse.ResearchProjectDef named RUT_Antiq_Cartography. There are 181 defs of this type loaded.
Failed to find Verse.ResearchProjectDef named RUT_Antiq_Cartography. There are 181 defs of this type loaded.
Failed to find Verse.ResearchProjectDef named RUT_Antiq_Cartography. There are 181 defs of this type loaded.
Failed to find Verse.ResearchProjectDef named RUT_Antiq_Cartography. There are 181 defs of this type loaded.
Failed to find Verse.ResearchProjectDef named RUT_Antiq_Cartography. There are 181 defs of this type loaded.
Failed to find Verse.ResearchProjectDef named RUT_Antiq_Cartography. There are 181 defs of this type loaded.
Failed to find Verse.ResearchProjectDef named RUT_Antiq_Cartography. There are 181 defs of this type loaded.
Failed to find Verse.ResearchProjectDef named RUT_Antiq_Cartography. There are 181 defs of this type loaded.
Failed to find Verse.ResearchProjectDef named RUT_Antiq_Cartography. There are 181 defs of this type loaded.
Failed to find Verse.ResearchProjectDef named RUT_Antiq_Cartography. There are 181 defs of this type loaded.
Failed to find Verse.ResearchProjectDef named RUT_Antiq_Cartography. There are 181 defs of this type loaded.
Failed to find Verse.ResearchProjectDef named RUT_Antiq_Cartography. There are 181 defs of this type loaded.
Failed to find Verse.ResearchProjectDef named RUT_Antiq_Cartography. There are 181 defs of this type loaded.
Failed to find Verse.ResearchProjectDef named RUT_Antiq_Cartography. There are 181 defs of this type loaded.
Failed to find Verse.ResearchProjectDef named RUT_Antiq_Cartography. There are 181 defs of this type loaded.
Failed to find Verse.ResearchProjectDef named RUT_Antiq_Cartography. There are 181 defs of this type loaded.
Failed to find Verse.ResearchProjectDef named RUT_Antiq_Cartography. There are 181 defs of this type loaded.
Failed to find Verse.ResearchProjectDef named RUT_Antiq_Cartography. There are 181 defs of this type loaded.
Failed to find Verse.ResearchProjectDef named RUT_Antiq_Cartography. There are 181 defs of this type loaded.
Failed to find Verse.ResearchProjectDef named RUT_Antiq_Cartography. There are 181 defs of this type loaded.
Failed to find Verse.ResearchProjectDef named RUT_Antiq_Cartography. There are 181 defs of this type loaded.
Failed to find Verse.ResearchProjectDef named RUT_Antiq_Cartography. There are 181 defs of this type loaded.
Failed to find Verse.ResearchProjectDef named RUT_Antiq_Cartography. There are 181 defs of this type loaded.
Failed to find Verse.ResearchProjectDef named RUT_Antiq_Cartography. There are 181 defs of this type loaded.
Failed to find Verse.ResearchProjectDef named RUT_Antiq_Cartography. There are 181 defs of this type loaded.
Failed to find Verse.ResearchProjectDef named RUT_Antiq_Cartography. There are 181 defs of this type loaded.
Failed to find Verse.ResearchProjectDef named RUT_Antiq_Cartography. There are 181 defs of this type loaded.
Failed to find Verse.ResearchProjectDef named RUT_Antiq_Cartography. There are 181 defs of this type loaded.
Failed to find Verse.ResearchProjectDef named RUT_Antiq_Cartography. There are 181 defs of this type loaded.
Failed to find Verse.ResearchProjectDef named RUT_Antiq_Cartography. There are 181 defs of this type loaded.
Failed to find Verse.ResearchProjectDef named RUT_Antiq_Cartography. There are 181 defs of this type loaded.
Failed to find Verse.ResearchProjectDef named RUT_Antiq_Cartography. There are 181 defs of this type loaded.
Failed to find Verse.ResearchProjectDef named RUT_Antiq_Cartography. There are 181 defs of this type loaded.
Failed to find Verse.ResearchProjectDef named RUT_Antiq_Cartography. There are 181 defs of this type loaded.
Failed to find Verse.ResearchProjectDef named RUT_Antiq_Cartography. There are 181 defs of this type loaded.
Failed to find Verse.ResearchProjectDef named RUT_Antiq_Cartography. There are 181 defs of this type loaded.
Failed to find Verse.ResearchProjectDef named RUT_Antiq_Cartography. There are 181 defs of this type loaded.
Failed to find Verse.ResearchProjectDef named RUT_Antiq_Cartography. There are 181 defs of this type loaded.
Failed to find Verse.ResearchProjectDef named RUT_Antiq_Cartography. There are 181 defs of this type loaded.
Failed to find Verse.ResearchProjectDef named RUT_Antiq_Cartography. There are 181 defs of this type loaded.
Failed to find Verse.ResearchProjectDef named RUT_Antiq_Cartography. There are 181 defs of this type loaded.
Failed to find Verse.ResearchProjectDef named RUT_Antiq_Cartography. There are 181 defs of this type loaded.
Failed to find Verse.ResearchProjectDef named RUT_Antiq_Cartography. There are 181 defs of this type loaded.
Failed to find Verse.ResearchProjectDef named RUT_Antiq_Cartography. There are 181 defs of this type loaded.
Failed to find Verse.ResearchProjectDef named RUT_Antiq_Cartography. There are 181 defs of this type loaded.
Failed to find Verse.ResearchProjectDef named RUT_Antiq_Cartography. There are 181 defs of this type loaded.
Failed to find Verse.ResearchProjectDef named RUT_Antiq_Cartography. There are 181 defs of this type loaded.
Failed to find Verse.ResearchProjectDef named RUT_Antiq_Cartography. There are 181 defs of this type loaded.
Failed to find Verse.ResearchProjectDef named RUT_Antiq_Cartography. There are 181 defs of this type loaded.
Failed to find Verse.ResearchProjectDef named RUT_Antiq_Cartography. There are 181 defs of this type loaded.
Failed to find Verse.ResearchProjectDef named RUT_Antiq_Cartography. There are 181 defs of this type loaded.
Failed to find Verse.ResearchProjectDef named RUT_Antiq_Cartography. There are 181 defs of this type loaded.
Failed to find Verse.ResearchProjectDef named RUT_Antiq_Cartography. There are 181 defs of this type loaded.
Failed to find Verse.ResearchProjectDef named RUT_Antiq_Cartography. There are 181 defs of this type loaded.
Failed to find Verse.ResearchProjectDef named RUT_Antiq_Cartography. There are 181 defs of this type loaded.
Failed to find Verse.ResearchProjectDef named RUT_Antiq_Cartography. There are 181 defs of this type loaded.
Failed to find Verse.ResearchProjectDef named RUT_Antiq_Cartography. There are 181 defs of this type loaded.
Failed to find Verse.ResearchProjectDef named RUT_Antiq_Cartography. There are 181 defs of this type loaded.
Failed to find Verse.ResearchProjectDef named RUT_Antiq_Cartography. There are 181 defs of this type loaded.
Failed to find Verse.ResearchProjectDef named RUT_Antiq_Cartography. There are 181 defs of this type loaded.
Failed to find Verse.ResearchProjectDef named RUT_Antiq_Cartography. There are 181 defs of this type loaded.
Failed to find Verse.ResearchProjectDef named RUT_Antiq_Cartography. There are 181 defs of this type loaded.
Failed to find Verse.ResearchProjectDef named RUT_Antiq_Voice. There are 181 defs of this type loaded.
Failed to find Verse.ResearchProjectDef named RUT_Antiq_Cartography. There are 181 defs of this type loaded.
Failed to find Verse.ResearchProjectDef named RUT_Antiq_Voice. There are 181 defs of this type loaded.
Failed to find Verse.ResearchProjectDef named RUT_Antiq_Cartography. There are 181 defs of this type loaded.
Failed to find Verse.ResearchProjectDef named RUT_Antiq_Voice. There are 181 defs of this type loaded.
Failed to find Verse.ResearchProjectDef named RUT_Antiq_Cartography. There are 181 defs of this type loaded.
Failed to find Verse.ResearchProjectDef named RUT_Antiq_Voice. There are 181 defs of this type loaded.
Failed to find Verse.ResearchProjectDef named RUT_Antiq_Cartography. There are 181 defs of this type loaded.
Failed to find Verse.ResearchProjectDef named RUT_Antiq_Voice. There are 181 defs of this type loaded.
Failed to find Verse.ResearchProjectDef named RUT_Antiq_Cartography. There are 181 defs of this type loaded.
Failed to find Verse.ResearchProjectDef named RUT_Antiq_Voice. There are 181 defs of this type loaded.
Failed to find Verse.ResearchProjectDef named RUT_Antiq_Cartography. There are 181 defs of this type loaded.
Failed to find Verse.ResearchProjectDef named RUT_Antiq_Voice. There are 181 defs of this type loaded.
Failed to find Verse.ResearchProjectDef named RUT_Antiq_Cartography. There are 181 defs of this type loaded.
Failed to find Verse.ResearchProjectDef named RUT_Antiq_Voice. There are 181 defs of this type loaded.
Failed to find Verse.ResearchProjectDef named RUT_Antiq_Cartography. There are 181 defs of this type loaded.
Failed to find Verse.ResearchProjectDef named RUT_Antiq_Voice. There are 181 defs of this type loaded.
Failed to find Verse.ResearchProjectDef named RUT_Antiq_Cartography. There are 181 defs of this type loaded.
Failed to find Verse.ResearchProjectDef named RUT_Antiq_Voice. There are 181 defs of this type loaded.
Failed to find Verse.ResearchProjectDef named RUT_Antiq_Cartography. There are 181 defs of this type loaded.
Failed to find Verse.ResearchProjectDef named RUT_Antiq_Voice. There are 181 defs of this type loaded.
Failed to find Verse.ResearchProjectDef named RUT_Antiq_Cartography. There are 181 defs of this type loaded.
Failed to find Verse.ResearchProjectDef named RUT_Antiq_Voice. There are 181 defs of this type loaded.
Failed to find Verse.ResearchProjectDef named RUT_Antiq_Cartography. There are 181 defs of this type loaded.
Failed to find Verse.ResearchProjectDef named RUT_Antiq_Voice. There are 181 defs of this type loaded.
Failed to find Verse.ResearchProjectDef named RUT_Antiq_Cartography. There are 181 defs of this type loaded.
Failed to find Verse.ResearchProjectDef named RUT_Antiq_Voice. There are 181 defs of this type loaded.
Failed to find Verse.ResearchProjectDef named RUT_Antiq_Cartography. There are 181 defs of this type loaded.
Failed to find Verse.ResearchProjectDef named RUT_Antiq_Voice. There are 181 defs of this type loaded.
Failed to find Verse.ResearchProjectDef named RUT_Antiq_Cartography. There are 181 defs of this type loaded.
Failed to find Verse.ResearchProjectDef named RUT_Antiq_Voice. There are 181 defs of this type loaded.
Failed to find Verse.ResearchProjectDef named RUT_Antiq_Cartography. There are 181 defs of this type loaded.
Failed to find Verse.ResearchProjectDef named RUT_Antiq_Voice. There are 181 defs of this type loaded.
Failed to find Verse.ResearchProjectDef named RUT_Antiq_Cartography. There are 181 defs of this type loaded.
Failed to find Verse.ResearchProjectDef named RUT_Antiq_Voice. There are 181 defs of this type loaded.
Failed to find Verse.ResearchProjectDef named RUT_Antiq_Cartography. There are 181 defs of this type loaded.
Failed to find Verse.ResearchProjectDef named RUT_Antiq_Voice. There are 181 defs of this type loaded.
Failed to find Verse.ResearchProjectDef named RUT_Antiq_Cartography. There are 181 defs of this type loaded.
Failed to find Verse.ResearchProjectDef named RUT_Antiq_Voice. There are 181 defs of this type loaded.
Failed to find Verse.ResearchProjectDef named RUT_Antiq_Cartography. There are 181 defs of this type loaded.
Failed to find Verse.ResearchProjectDef named RUT_Antiq_Cartography. There are 181 defs of this type loaded.
Failed to find Verse.ResearchProjectDef named RUT_Antiq_Cartography. There are 181 defs of this type loaded.
Failed to find Verse.ResearchProjectDef named RUT_Antiq_Cartography. There are 181 defs of this type loaded.
Failed to find Verse.ResearchProjectDef named RUT_Antiq_Cartography. There are 181 defs of this type loaded.
Failed to find Verse.ResearchProjectDef named RUT_Antiq_Cartography. There are 181 defs of this type loaded.
Failed to find Verse.ResearchProjectDef named RUT_Antiq_Cartography. There are 181 defs of this type loaded.
Failed to find Verse.ResearchProjectDef named RUT_Antiq_Cartography. There are 181 defs of this type loaded.
Failed to find Verse.ResearchProjectDef named RUT_Antiq_Cartography. There are 181 defs of this type loaded.
Failed to find Verse.ResearchProjectDef named RUT_Antiq_Cartography. There are 181 defs of this type loaded.
Failed to find Verse.ResearchProjectDef named RUT_Antiq_Cartography. There are 181 defs of this type loaded.
Failed to find Verse.ResearchProjectDef named RUT_Antiq_Cartography. There are 181 defs of this type loaded.
Failed to find Verse.ResearchProjectDef named RUT_Antiq_Cartography. There are 181 defs of this type loaded.
Failed to find Verse.ResearchProjectDef named RUT_Antiq_Cartography. There are 181 defs of this type loaded.
Failed to find Verse.ResearchProjectDef named RUT_Antiq_Cartography. There are 181 defs of this type loaded.
Failed to find Verse.ResearchProjectDef named RUT_Antiq_Cartography. There are 181 defs of this type loaded.
Failed to find Verse.ResearchProjectDef named RUT_Antiq_Cartography. There are 181 defs of this type loaded.
Failed to find Verse.ResearchProjectDef named RUT_Antiq_Cartography. There are 181 defs of this type loaded.
Failed to find Verse.ResearchProjectDef named RUT_Antiq_Cartography. There are 181 defs of this type loaded.
Failed to find Verse.ResearchProjectDef named RUT_Antiq_Cartography. There are 181 defs of this type loaded.
Failed to find Verse.ResearchProjectDef named RUT_Antiq_Cartography. There are 181 defs of this type loaded.
Failed to find Verse.ResearchProjectDef named RUT_Antiq_Cartography. There are 181 defs of this type loaded.
Failed to find Verse.ResearchProjectDef named RUT_Antiq_Cartography. There are 181 defs of this type loaded.
Failed to find Verse.ResearchProjectDef named RUT_Antiq_Cartography. There are 181 defs of this type loaded.
Failed to find Verse.ResearchProjectDef named RUT_Antiq_Cartography. There are 181 defs of this type loaded.
Failed to find Verse.ResearchProjectDef named RUT_Antiq_Cartography. There are 181 defs of this type loaded.
Failed to find Verse.ResearchProjectDef named RUT_Antiq_Cartography. There are 181 defs of this type loaded.
Failed to find Verse.ResearchProjectDef named RUT_Antiq_Cartography. There are 181 defs of this type loaded.
Failed to find Verse.ResearchProjectDef named RUT_Antiq_Cartography. There are 181 defs of this type loaded.
Failed to find Verse.ResearchProjectDef named RUT_Antiq_Cartography. There are 181 defs of this type loaded.
Failed to find Verse.ResearchProjectDef named RUT_Antiq_Cartography. There are 181 defs of this type loaded.
Failed to find Verse.ResearchProjectDef named RUT_Antiq_Cartography. There are 181 defs of this type loaded.
Failed to find Verse.ResearchProjectDef named RUT_Antiq_Cartography. There are 181 defs of this type loaded.
Failed to find Verse.ResearchProjectDef named RUT_Antiq_Cartography. There are 181 defs of this type loaded.
Failed to find Verse.ResearchProjectDef named RUT_Antiq_Cartography. There are 181 defs of this type loaded.
Failed to find Verse.ResearchProjectDef named RUT_Antiq_Cartography. There are 181 defs of this type loaded.
Failed to find Verse.ResearchProjectDef named RUT_Antiq_Cartography. There are 181 defs of this type loaded.
Failed to find Verse.ResearchProjectDef named RUT_Antiq_Cartography. There are 181 defs of this type loaded.
Failed to find Verse.ResearchProjectDef named RUT_Antiq_Cartography. There are 181 defs of this type loaded.
Failed to find Verse.ResearchProjectDef named RUT_Antiq_Cartography. There are 181 defs of this type loaded.
Failed to find Verse.ResearchProjectDef named RUT_Antiq_Cartography. There are 181 defs of this type loaded.
Failed to find Verse.ResearchProjectDef named RUT_Antiq_Cartography. There are 181 defs of this type loaded.
Failed to find Verse.ResearchProjectDef named RUT_Antiq_Cartography. There are 181 defs of this type loaded.
Failed to find Verse.ResearchProjectDef named RUT_Antiq_Cartography. There are 181 defs of this type loaded.
Failed to find Verse.ResearchProjectDef named RUT_Antiq_Cartography. There are 181 defs of this type loaded.
Failed to find Verse.ResearchProjectDef named RUT_Antiq_Cartography. There are 181 defs of this type loaded.
Failed to find Verse.ResearchProjectDef named RUT_Antiq_Cartography. There are 181 defs of this type loaded.
Failed to find Verse.ResearchProjectDef named RUT_Antiq_Cartography. There are 181 defs of this type loaded.
Failed to find Verse.ResearchProjectDef named RUT_Antiq_Cartography. There are 181 defs of this type loaded.
Failed to find Verse.ResearchProjectDef named RUT_Antiq_Cartography. There are 181 defs of this type loaded.
Failed to find Verse.ResearchProjectDef named RUT_Antiq_Cartography. There are 181 defs of this type loaded.
Failed to find Verse.ResearchProjectDef named RUT_Antiq_Cartography. There are 181 defs of this type loaded.
Failed to find Verse.ResearchProjectDef named RUT_Antiq_Cartography. There are 181 defs of this type loaded.
Failed to find Verse.ResearchProjectDef named RUT_Antiq_Cartography. There are 181 defs of this type loaded.
Failed to find Verse.ResearchProjectDef named RUT_Antiq_Cartography. There are 181 defs of this type loaded.
Failed to find Verse.ResearchProjectDef named RUT_Antiq_Cartography. There are 181 defs of this type loaded.
Failed to find Verse.ResearchProjectDef named RUT_Antiq_Cartography. There are 181 defs of this type loaded.
Failed to find Verse.ResearchProjectDef named RUT_Antiq_Cartography. There are 181 defs of this type loaded.
Failed to find Verse.ResearchProjectDef named RUT_Antiq_Cartography. There are 181 defs of this type loaded.
Failed to find Verse.ResearchProjectDef named RUT_Antiq_Cartography. There are 181 defs of this type loaded.
Failed to find Verse.ResearchProjectDef named RUT_Antiq_Cartography. There are 181 defs of this type loaded.
Failed to find Verse.ResearchProjectDef named RUT_Antiq_Cartography. There are 181 defs of this type loaded.
Failed to find Verse.ResearchProjectDef named RUT_Antiq_Cartography. There are 181 defs of this type loaded.
Failed to find Verse.ResearchProjectDef named RUT_Antiq_Cartography. There are 181 defs of this type loaded.
Failed to find Verse.ResearchProjectDef named RUT_Antiq_Cartography. There are 181 defs of this type loaded.
Failed to find Verse.ResearchProjectDef named RUT_Antiq_Cartography. There are 181 defs of this type loaded.
Failed to find Verse.ResearchProjectDef named RUT_Antiq_Cartography. There are 181 defs of this type loaded.
Failed to find Verse.ResearchProjectDef named RUT_Antiq_Cartography. There are 181 defs of this type loaded.
Failed to find Verse.ResearchProjectDef named RUT_Antiq_Cartography. There are 181 defs of this type loaded.
Failed to find Verse.ResearchProjectDef named RUT_Antiq_Cartography. There are 181 defs of this type loaded.
Failed to find Verse.ResearchProjectDef named RUT_Antiq_Cartography. There are 181 defs of this type loaded.
Failed to find Verse.ResearchProjectDef named RUT_Antiq_Cartography. There are 181 defs of this type loaded.
Failed to find Verse.ResearchProjectDef named RUT_Antiq_Cartography. There are 181 defs of this type loaded.
Failed to find Verse.ResearchProjectDef named RUT_Antiq_Cartography. There are 181 defs of this type loaded.
Failed to find Verse.ResearchProjectDef named RUT_Antiq_Cartography. There are 181 defs of this type loaded.
Failed to find Verse.ResearchProjectDef named RUT_Antiq_Cartography. There are 181 defs of this type loaded.
Failed to find Verse.ResearchProjectDef named RUT_Antiq_Cartography. There are 181 defs of this type loaded.
Failed to find Verse.ResearchProjectDef named RUT_Antiq_Cartography. There are 181 defs of this type loaded.
Failed to find Verse.ResearchProjectDef named RUT_Antiq_Cartography. There are 181 defs of this type loaded.
Failed to find Verse.ResearchProjectDef named RUT_Antiq_Cartography. There are 181 defs of this type loaded.
Failed to find Verse.ResearchProjectDef named RUT_Antiq_Cartography. There are 181 defs of this type loaded.
Failed to find Verse.ResearchProjectDef named RUT_Antiq_Cartography. There are 181 defs of this type loaded.
Failed to find Verse.ResearchProjectDef named RUT_Antiq_Cartography. There are 181 defs of this type loaded.
Failed to find Verse.ResearchProjectDef named RUT_Antiq_Cartography. There are 181 defs of this type loaded.
Failed to find Verse.ResearchProjectDef named RUT_Antiq_Cartography. There are 181 defs of this type loaded.
Failed to find Verse.ResearchProjectDef named RUT_Antiq_Cartography. There are 181 defs of this type loaded.
Failed to find Verse.ResearchProjectDef named RUT_Antiq_Cartography. There are 181 defs of this type loaded.
Failed to find Verse.ResearchProjectDef named RUT_Antiq_Cartography. There are 181 defs of this type loaded.
Failed to find Verse.ResearchProjectDef named RUT_Antiq_Cartography. There are 181 defs of this type loaded.
Failed to find Verse.ResearchProjectDef named RUT_Antiq_Cartography. There are 181 defs of this type loaded.
Failed to find Verse.ResearchProjectDef named RUT_Antiq_Cartography. There are 181 defs of this type loaded.
Failed to find Verse.ResearchProjectDef named RUT_Antiq_Cartography. There are 181 defs of this type loaded.
Failed to find Verse.ResearchProjectDef named RUT_Antiq_Cartography. There are 181 defs of this type loaded.
Failed to find Verse.ResearchProjectDef named RUT_Antiq_Cartography. There are 181 defs of this type loaded.
Failed to find Verse.ResearchProjectDef named RUT_Antiq_Cartography. There are 181 defs of this type loaded.
Failed to find Verse.ResearchProjectDef named RUT_Antiq_Cartography. There are 181 defs of this type loaded.
Failed to find Verse.ResearchProjectDef named RUT_Antiq_Cartography. There are 181 defs of this type loaded.
Failed to find Verse.ResearchProjectDef named RUT_Antiq_Cartography. There are 181 defs of this type loaded.
Failed to find Verse.ResearchProjectDef named RUT_Antiq_Cartography. There are 181 defs of this type loaded.
Failed to find Verse.ResearchProjectDef named RUT_Antiq_Voice. There are 181 defs of this type loaded.
Failed to find Verse.ResearchProjectDef named RUT_Antiq_Cartography. There are 181 defs of this type loaded.
Failed to find Verse.ResearchProjectDef named RUT_Antiq_Voice. There are 181 defs of this type loaded.
Failed to find Verse.ResearchProjectDef named RUT_Antiq_Cartography. There are 181 defs of this type loaded.
Failed to find Verse.ResearchProjectDef named RUT_Antiq_Voice. There are 181 defs of this type loaded.
Failed to find Verse.ResearchProjectDef named RUT_Antiq_Cartography. There are 181 defs of this type loaded.
Failed to find Verse.ResearchProjectDef named RUT_Antiq_Voice. There are 181 defs of this type loaded.
Failed to find Verse.ResearchProjectDef named RUT_Antiq_Cartography. There are 181 defs of this type loaded.
Failed to find Verse.ResearchProjectDef named RUT_Antiq_Voice. There are 181 defs of this type loaded.
Failed to find Verse.ResearchProjectDef named RUT_Antiq_Cartography. There are 181 defs of this type loaded.
Failed to find Verse.ResearchProjectDef named RUT_Antiq_Voice. There are 181 defs of this type loaded.
Failed to find Verse.ResearchProjectDef named RUT_Antiq_Cartography. There are 181 defs of this type loaded.
Failed to find Verse.ResearchProjectDef named RUT_Antiq_Voice. There are 181 defs of this type loaded.
Failed to find Verse.ResearchProjectDef named RUT_Antiq_Cartography. There are 181 defs of this type loaded.
Failed to find Verse.ResearchProjectDef named RUT_Antiq_Voice. There are 181 defs of this type loaded.
Failed to find Verse.ResearchProjectDef named RUT_Antiq_Cartography. There are 181 defs of this type loaded.
Failed to find Verse.ResearchProjectDef named RUT_Antiq_Voice. There are 181 defs of this type loaded.
Failed to find Verse.ResearchProjectDef named RUT_Antiq_Cartography. There are 181 defs of this type loaded.
Failed to find Verse.ResearchProjectDef named RUT_Antiq_Voice. There are 181 defs of this type loaded.
Failed to find Verse.ResearchProjectDef named RUT_Antiq_Cartography. There are 181 defs of this type loaded.
Failed to find Verse.ResearchProjectDef named RUT_Antiq_Voice. There are 181 defs of this type loaded.
Failed to find Verse.ResearchProjectDef named RUT_Antiq_Cartography. There are 181 defs of this type loaded.
Failed to find Verse.ResearchProjectDef named RUT_Antiq_Voice. There are 181 defs of this type loaded.
Failed to find Verse.ResearchProjectDef named RUT_Antiq_Cartography. There are 181 defs of this type loaded.
Failed to find Verse.ResearchProjectDef named RUT_Antiq_Voice. There are 181 defs of this type loaded.
Failed to find Verse.ResearchProjectDef named RUT_Antiq_Cartography. There are 181 defs of this type loaded.
Failed to find Verse.ResearchProjectDef named RUT_Antiq_Voice. There are 181 defs of this type loaded.
Failed to find Verse.ResearchProjectDef named RUT_Antiq_Cartography. There are 181 defs of this type loaded.
Failed to find Verse.ResearchProjectDef named RUT_Antiq_Voice. There are 181 defs of this type loaded.
Failed to find Verse.ResearchProjectDef named RUT_Antiq_Cartography. There are 181 defs of this type loaded.
Failed to find Verse.ResearchProjectDef named RUT_Antiq_Voice. There are 181 defs of this type loaded.
Failed to find Verse.ResearchProjectDef named RUT_Antiq_Cartography. There are 181 defs of this type loaded.
Failed to find Verse.ResearchProjectDef named RUT_Antiq_Voice. There are 181 defs of this type loaded.
Failed to find Verse.ResearchProjectDef named RUT_Antiq_Cartography. There are 181 defs of this type loaded.
Failed to find Verse.ResearchProjectDef named RUT_Antiq_Voice. There are 181 defs of this type loaded.
Failed to find Verse.ResearchProjectDef named RUT_Antiq_Cartography. There are 181 defs of this type loaded.
Failed to find Verse.ResearchProjectDef named RUT_Antiq_Voice. There are 181 defs of this type loaded.
Failed to find Verse.ResearchProjectDef named RUT_Antiq_Cartography. There are 181 defs of this type loaded.
Failed to find Verse.ResearchProjectDef named RUT_Antiq_Voice. There are 181 defs of this type loaded.
Failed to find Verse.ResearchProjectDef named RUT_Antiq_Cartography. There are 181 defs of this type loaded.
Failed to find Verse.ResearchProjectDef named RUT_Antiq_Cartography. There are 181 defs of this type loaded.
Failed to find Verse.ResearchProjectDef named RUT_Antiq_Cartography. There are 181 defs of this type loaded.
Failed to find Verse.ResearchProjectDef named RUT_Antiq_Cartography. There are 181 defs of this type loaded.
Failed to find Verse.ResearchProjectDef named RUT_Antiq_Cartography. There are 181 defs of this type loaded.
Failed to find Verse.ResearchProjectDef named RUT_Antiq_Cartography. There are 181 defs of this type loaded.
Failed to find Verse.ResearchProjectDef named RUT_Antiq_Cartography. There are 181 defs of this type loaded.
Failed to find Verse.ResearchProjectDef named RUT_Antiq_Cartography. There are 181 defs of this type loaded.
Failed to find Verse.ResearchProjectDef named RUT_Antiq_Cartography. There are 181 defs of this type loaded.
Failed to find Verse.ResearchProjectDef named RUT_Antiq_Cartography. There are 181 defs of this type loaded.
Failed to find Verse.ResearchProjectDef named RUT_Antiq_Cartography. There are 181 defs of this type loaded.
Failed to find Verse.ResearchProjectDef named RUT_Antiq_Cartography. There are 181 defs of this type loaded.
Failed to find Verse.ResearchProjectDef named RUT_Antiq_Cartography. There are 181 defs of this type loaded.
Failed to find Verse.ResearchProjectDef named RUT_Antiq_Cartography. There are 181 defs of this type loaded.
Failed to find Verse.ResearchProjectDef named RUT_Antiq_Cartography. There are 181 defs of this type loaded.
Failed to find Verse.ResearchProjectDef named RUT_Antiq_Cartography. There are 181 defs of this type loaded.
Failed to find Verse.ResearchProjectDef named RUT_Antiq_Cartography. There are 181 defs of this type loaded.
Failed to find Verse.ResearchProjectDef named RUT_Antiq_Cartography. There are 181 defs of this type loaded.
Failed to find Verse.ResearchProjectDef named RUT_Antiq_Cartography. There are 181 defs of this type loaded.
Failed to find Verse.ResearchProjectDef named RUT_Antiq_Cartography. There are 181 defs of this type loaded.
Failed to find Verse.ResearchProjectDef named RUT_Antiq_Cartography. There are 181 defs of this type loaded.
Failed to find Verse.ResearchProjectDef named RUT_Antiq_Cartography. There are 181 defs of this type loaded.
Failed to find Verse.ResearchProjectDef named RUT_Antiq_Cartography. There are 181 defs of this type loaded.
Failed to find Verse.ResearchProjectDef named RUT_Antiq_Cartography. There are 181 defs of this type loaded.
Failed to find Verse.ResearchProjectDef named RUT_Antiq_Cartography. There are 181 defs of this type loaded.
Failed to find Verse.ResearchProjectDef named RUT_Antiq_Cartography. There are 181 defs of this type loaded.
Failed to find Verse.ResearchProjectDef named RUT_Antiq_Cartography. There are 181 defs of this type loaded.
Failed to find Verse.ResearchProjectDef named RUT_Antiq_Cartography. There are 181 defs of this type loaded.
Failed to find Verse.ResearchProjectDef named RUT_Antiq_Cartography. There are 181 defs of this type loaded.
Failed to find Verse.ResearchProjectDef named RUT_Antiq_Cartography. There are 181 defs of this type loaded.
Failed to find Verse.ResearchProjectDef named RUT_Antiq_Cartography. There are 181 defs of this type loaded.
Failed to find Verse.ResearchProjectDef named RUT_Antiq_Cartography. There are 181 defs of this type loaded.
Failed to find Verse.ResearchProjectDef named RUT_Antiq_Cartography. There are 181 defs of this type loaded.
Failed to find Verse.ResearchProjectDef named RUT_Antiq_Cartography. There are 181 defs of this type loaded.
Failed to find Verse.ResearchProjectDef named RUT_Antiq_Cartography. There are 181 defs of this type loaded.
Failed to find Verse.ResearchProjectDef named RUT_Antiq_Cartography. There are 181 defs of this type loaded.
Failed to find Verse.ResearchProjectDef named RUT_Antiq_Cartography. There are 181 defs of this type loaded.
Failed to find Verse.ResearchProjectDef named RUT_Antiq_Cartography. There are 181 defs of this type loaded.
Failed to find Verse.ResearchProjectDef named RUT_Antiq_Cartography. There are 181 defs of this type loaded.
Failed to find Verse.ResearchProjectDef named RUT_Antiq_Cartography. There are 181 defs of this type loaded.
Failed to find Verse.ResearchProjectDef named RUT_Antiq_Cartography. There are 181 defs of this type loaded.
Failed to find Verse.ResearchProjectDef named RUT_Antiq_Cartography. There are 181 defs of this type loaded.
Failed to find Verse.ResearchProjectDef named RUT_Antiq_Cartography. There are 181 defs of this type loaded.
Failed to find Verse.ResearchProjectDef named RUT_Antiq_Cartography. There are 181 defs of this type loaded.
Failed to find Verse.ResearchProjectDef named RUT_Antiq_Cartography. There are 181 defs of this type loaded.
Failed to find Verse.ResearchProjectDef named RUT_Antiq_Cartography. There are 181 defs of this type loaded.
Failed to find Verse.ResearchProjectDef named RUT_Antiq_Cartography. There are 181 defs of this type loaded.
Failed to find Verse.ResearchProjectDef named RUT_Antiq_Cartography. There are 181 defs of this type loaded.
Failed to find Verse.ResearchProjectDef named RUT_Antiq_Cartography. There are 181 defs of this type loaded.
Failed to find Verse.ResearchProjectDef named RUT_Antiq_Cartography. There are 181 defs of this type loaded.
Failed to find Verse.ResearchProjectDef named RUT_Antiq_Cartography. There are 181 defs of this type loaded.
Failed to find Verse.ResearchProjectDef named RUT_Antiq_Cartography. There are 181 defs of this type loaded.
Failed to find Verse.ResearchProjectDef named RUT_Antiq_Cartography. There are 181 defs of this type loaded.
Failed to find Verse.ResearchProjectDef named RUT_Antiq_Cartography. There are 181 defs of this type loaded.
Failed to find Verse.ResearchProjectDef named RUT_Antiq_Cartography. There are 181 defs of this type loaded.
Failed to find Verse.ResearchProjectDef named RUT_Antiq_Cartography. There are 181 defs of this type loaded.
Failed to find Verse.ResearchProjectDef named RUT_Antiq_Cartography. There are 181 defs of this type loaded.
Failed to find Verse.ResearchProjectDef named RUT_Antiq_Cartography. There are 181 defs of this type loaded.
Failed to find Verse.ResearchProjectDef named RUT_Antiq_Cartography. There are 181 defs of this type loaded.
Failed to find Verse.ResearchProjectDef named RUT_Antiq_Cartography. There are 181 defs of this type loaded.
Failed to find Verse.ResearchProjectDef named RUT_Antiq_Cartography. There are 181 defs of this type loaded.
Failed to find Verse.ResearchProjectDef named RUT_Antiq_Cartography. There are 181 defs of this type loaded.
Failed to find Verse.ResearchProjectDef named RUT_Antiq_Cartography. There are 181 defs of this type loaded.
Failed to find Verse.ResearchProjectDef named RUT_Antiq_Cartography. There are 181 defs of this type loaded.
Failed to find Verse.ResearchProjectDef named RUT_Antiq_Cartography. There are 181 defs of this type loaded.
Failed to find Verse.ResearchProjectDef named RUT_Antiq_Cartography. There are 181 defs of this type loaded.
Failed to find Verse.ResearchProjectDef named RUT_Antiq_Cartography. There are 181 defs of this type loaded.
Failed to find Verse.ResearchProjectDef named RUT_Antiq_Cartography. There are 181 defs of this type loaded.
Failed to find Verse.ResearchProjectDef named RUT_Antiq_Cartography. There are 181 defs of this type loaded.
Failed to find Verse.ResearchProjectDef named RUT_Antiq_Cartography. There are 181 defs of this type loaded.
Failed to find Verse.ResearchProjectDef named RUT_Antiq_Cartography. There are 181 defs of this type loaded.
Failed to find Verse.ResearchProjectDef named RUT_Antiq_Cartography. There are 181 defs of this type loaded.
Failed to find Verse.ResearchProjectDef named RUT_Antiq_Cartography. There are 181 defs of this type loaded.
Failed to find Verse.ResearchProjectDef named RUT_Antiq_Cartography. There are 181 defs of this type loaded.
Failed to find Verse.ResearchProjectDef named RUT_Antiq_Cartography. There are 181 defs of this type loaded.
Failed to find Verse.ResearchProjectDef named RUT_Antiq_Cartography. There are 181 defs of this type loaded.
Failed to find Verse.ResearchProjectDef named RUT_Antiq_Cartography. There are 181 defs of this type loaded.
Failed to find Verse.ResearchProjectDef named RUT_Antiq_Cartography. There are 181 defs of this type loaded.
Failed to find Verse.ResearchProjectDef named RUT_Antiq_Cartography. There are 181 defs of this type loaded.
Failed to find Verse.ResearchProjectDef named RUT_Antiq_Cartography. There are 181 defs of this type loaded.
Failed to find Verse.ResearchProjectDef named RUT_Antiq_Cartography. There are 181 defs of this type loaded.
Failed to find Verse.ResearchProjectDef named RUT_Antiq_Cartography. There are 181 defs of this type loaded.
Failed to find Verse.ResearchProjectDef named RUT_Antiq_Cartography. There are 181 defs of this type loaded.
Failed to find Verse.ResearchProjectDef named RUT_Antiq_Cartography. There are 181 defs of this type loaded.
Failed to find Verse.ResearchProjectDef named RUT_Antiq_Cartography. There are 181 defs of this type loaded.
Failed to find Verse.ResearchProjectDef named RUT_Antiq_Cartography. There are 181 defs of this type loaded.
Failed to find Verse.ResearchProjectDef named RUT_Antiq_Cartography. There are 181 defs of this type loaded.
Failed to find Verse.ResearchProjectDef named RUT_Antiq_Cartography. There are 181 defs of this type loaded.
Failed to find Verse.ResearchProjectDef named RUT_Antiq_Cartography. There are 181 defs of this type loaded.
Failed to find Verse.ResearchProjectDef named RUT_Antiq_Cartography. There are 181 defs of this type loaded.
Failed to find Verse.ResearchProjectDef named RUT_Antiq_Cartography. There are 181 defs of this type loaded.
Failed to find Verse.ResearchProjectDef named RUT_Antiq_Cartography. There are 181 defs of this type loaded.
Failed to find Verse.ResearchProjectDef named RUT_Antiq_Cartography. There are 181 defs of this type loaded.
Failed to find Verse.ResearchProjectDef named RUT_Antiq_Cartography. There are 181 defs of this type loaded.
Failed to find Verse.ResearchProjectDef named RUT_Antiq_Cartography. There are 181 defs of this type loaded.
Failed to find Verse.ResearchProjectDef named RUT_Antiq_Cartography. There are 181 defs of this type loaded.
Failed to find Verse.ResearchProjectDef named RUT_Antiq_Cartography. There are 181 defs of this type loaded.
Failed to find Verse.ResearchProjectDef named RUT_Antiq_Cartography. There are 181 defs of this type loaded.
Failed to find Verse.ResearchProjectDef named RUT_Antiq_Cartography. There are 181 defs of this type loaded.
Failed to find Verse.ResearchProjectDef named RUT_Antiq_Voice. There are 181 defs of this type loaded.
Failed to find Verse.ResearchProjectDef named RUT_Antiq_Cartography. There are 181 defs of this type loaded.
Failed to find Verse.ResearchProjectDef named RUT_Antiq_Voice. There are 181 defs of this type loaded.
Failed to find Verse.ResearchProjectDef named RUT_Antiq_Cartography. There are 181 defs of this type loaded.
Failed to find Verse.ResearchProjectDef named RUT_Antiq_Voice. There are 181 defs of this type loaded.
Failed to find Verse.ResearchProjectDef named RUT_Antiq_Cartography. There are 181 defs of this type loaded.
Failed to find Verse.ResearchProjectDef named RUT_Antiq_Voice. There are 181 defs of this type loaded.
Failed to find Verse.ResearchProjectDef named RUT_Antiq_Cartography. There are 181 defs of this type loaded.
Failed to find Verse.ResearchProjectDef named RUT_Antiq_Voice. There are 181 defs of this type loaded.
Failed to find Verse.ResearchProjectDef named RUT_Antiq_Cartography. There are 181 defs of this type loaded.
Failed to find Verse.ResearchProjectDef named RUT_Antiq_Voice. There are 181 defs of this type loaded.
Failed to find Verse.ResearchProjectDef named RUT_Antiq_Cartography. There are 181 defs of this type loaded.
Failed to find Verse.ResearchProjectDef named RUT_Antiq_Voice. There are 181 defs of this type loaded.
Failed to find Verse.ResearchProjectDef named RUT_Antiq_Cartography. There are 181 defs of this type loaded.
Failed to find Verse.ResearchProjectDef named RUT_Antiq_Voice. There are 181 defs of this type loaded.
Failed to find Verse.ResearchProjectDef named RUT_Antiq_Cartography. There are 181 defs of this type loaded.
Failed to find Verse.ResearchProjectDef named RUT_Antiq_Voice. There are 181 defs of this type loaded.
Failed to find Verse.ResearchProjectDef named RUT_Antiq_Cartography. There are 181 defs of this type loaded.
Failed to find Verse.ResearchProjectDef named RUT_Antiq_Voice. There are 181 defs of this type loaded.
Failed to find Verse.ResearchProjectDef named RUT_Antiq_Cartography. There are 181 defs of this type loaded.
Failed to find Verse.ResearchProjectDef named RUT_Antiq_Voice. There are 181 defs of this type loaded.
Failed to find Verse.ResearchProjectDef named RUT_Antiq_Cartography. There are 181 defs of this type loaded.
Failed to find Verse.ResearchProjectDef named RUT_Antiq_Voice. There are 181 defs of this type loaded.
Failed to find Verse.ResearchProjectDef named RUT_Antiq_Cartography. There are 181 defs of this type loaded.
Failed to find Verse.ResearchProjectDef named RUT_Antiq_Voice. There are 181 defs of this type loaded.
Failed to find Verse.ResearchProjectDef named RUT_Antiq_Cartography. There are 181 defs of this type loaded.
Failed to find Verse.ResearchProjectDef named RUT_Antiq_Voice. There are 181 defs of this type loaded.
Failed to find Verse.ResearchProjectDef named RUT_Antiq_Cartography. There are 181 defs of this type loaded.
Failed to find Verse.ResearchProjectDef named RUT_Antiq_Voice. There are 181 defs of this type loaded.
Failed to find Verse.ResearchProjectDef named RUT_Antiq_Cartography. There are 181 defs of this type loaded.
Failed to find Verse.ResearchProjectDef named RUT_Antiq_Voice. There are 181 defs of this type loaded.
Failed to find Verse.ResearchProjectDef named RUT_Antiq_Cartography. There are 181 defs of this type loaded.
Failed to find Verse.ResearchProjectDef named RUT_Antiq_Voice. There are 181 defs of this type loaded.
Failed to find Verse.ResearchProjectDef named RUT_Antiq_Cartography. There are 181 defs of this type loaded.
Failed to find Verse.ResearchProjectDef named RUT_Antiq_Voice. There are 181 defs of this type loaded.
Failed to find Verse.ResearchProjectDef named RUT_Antiq_Cartography. There are 181 defs of this type loaded.
Failed to find Verse.ResearchProjectDef named RUT_Antiq_Voice. There are 181 defs of this type loaded.
Failed to find Verse.ResearchProjectDef named RUT_Antiq_Cartography. There are 181 defs of this type loaded.
Failed to find Verse.ResearchProjectDef named RUT_Antiq_Voice. There are 181 defs of this type loaded.
Failed to find Verse.ResearchProjectDef named RUT_Antiq_Cartography. There are 181 defs of this type loaded.
Failed to find Verse.ResearchProjectDef named RUT_Antiq_Cartography. There are 181 defs of this type loaded.
Failed to find Verse.ResearchProjectDef named RUT_Antiq_Cartography. There are 181 defs of this type loaded.
Failed to find Verse.ResearchProjectDef named RUT_Antiq_Cartography. There are 181 defs of this type loaded.
Failed to find Verse.ResearchProjectDef named RUT_Antiq_Cartography. There are 181 defs of this type loaded.
Failed to find Verse.ResearchProjectDef named RUT_Antiq_Cartography. There are 181 defs of this type loaded.
Failed to find Verse.ResearchProjectDef named RUT_Antiq_Cartography. There are 181 defs of this type loaded.
Failed to find Verse.ResearchProjectDef named RUT_Antiq_Cartography. There are 181 defs of this type loaded.
Failed to find Verse.ResearchProjectDef named RUT_Antiq_Cartography. There are 181 defs of this type loaded.
Failed to find Verse.ResearchProjectDef named RUT_Antiq_Cartography. There are 181 defs of this type loaded.
Failed to find Verse.ResearchProjectDef named RUT_Antiq_Cartography. There are 181 defs of this type loaded.
Failed to find Verse.ResearchProjectDef named RUT_Antiq_Cartography. There are 181 defs of this type loaded.
Failed to find Verse.ResearchProjectDef named RUT_Antiq_Cartography. There are 181 defs of this type loaded.
Failed to find Verse.ResearchProjectDef named RUT_Antiq_Cartography. There are 181 defs of this type loaded.
Failed to find Verse.ResearchProjectDef named RUT_Antiq_Cartography. There are 181 defs of this type loaded.
Failed to find Verse.ResearchProjectDef named RUT_Antiq_Cartography. There are 181 defs of this type loaded.
Failed to find Verse.ResearchProjectDef named RUT_Antiq_Cartography. There are 181 defs of this type loaded.
Failed to find Verse.ResearchProjectDef named RUT_Antiq_Cartography. There are 181 defs of this type loaded.
Failed to find Verse.ResearchProjectDef named RUT_Antiq_Cartography. There are 181 defs of this type loaded.
Failed to find Verse.ResearchProjectDef named RUT_Antiq_Cartography. There are 181 defs of this type loaded.
Failed to find Verse.ResearchProjectDef named RUT_Antiq_Cartography. There are 181 defs of this type loaded.
Failed to find Verse.ResearchProjectDef named RUT_Antiq_Cartography. There are 181 defs of this type loaded.
Failed to find Verse.ResearchProjectDef named RUT_Antiq_Cartography. There are 181 defs of this type loaded.
Failed to find Verse.ResearchProjectDef named RUT_Antiq_Cartography. There are 181 defs of this type loaded.
Failed to find Verse.ResearchProjectDef named RUT_Antiq_Cartography. There are 181 defs of this type loaded.
Failed to find Verse.ResearchProjectDef named RUT_Antiq_Cartography. There are 181 defs of this type loaded.
Failed to find Verse.ResearchProjectDef named RUT_Antiq_Cartography. There are 181 defs of this type loaded.
Failed to find Verse.ResearchProjectDef named RUT_Antiq_Cartography. There are 181 defs of this type loaded.
Failed to find Verse.ResearchProjectDef named RUT_Antiq_Cartography. There are 181 defs of this type loaded.
Failed to find Verse.ResearchProjectDef named RUT_Antiq_Cartography. There are 181 defs of this type loaded.
Failed to find Verse.ResearchProjectDef named RUT_Antiq_Cartography. There are 181 defs of this type loaded.
Failed to find Verse.ResearchProjectDef named RUT_Antiq_Cartography. There are 181 defs of this type loaded.
Failed to find Verse.ResearchProjectDef named RUT_Antiq_Cartography. There are 181 defs of this type loaded.
Failed to find Verse.ResearchProjectDef named RUT_Antiq_Cartography. There are 181 defs of this type loaded.
Failed to find Verse.ResearchProjectDef named RUT_Antiq_Cartography. There are 181 defs of this type loaded.
Failed to find Verse.ResearchProjectDef named RUT_Antiq_Cartography. There are 181 defs of this type loaded.
Failed to find Verse.ResearchProjectDef named RUT_Antiq_Cartography. There are 181 defs of this type loaded.
Failed to find Verse.ResearchProjectDef named RUT_Antiq_Cartography. There are 181 defs of this type loaded.
Failed to find Verse.ResearchProjectDef named RUT_Antiq_Cartography. There are 181 defs of this type loaded.
Failed to find Verse.ResearchProjectDef named RUT_Antiq_Cartography. There are 181 defs of this type loaded.
Failed to find Verse.ResearchProjectDef named RUT_Antiq_Cartography. There are 181 defs of this type loaded.
Failed to find Verse.ResearchProjectDef named RUT_Antiq_Cartography. There are 181 defs of this type loaded.
Failed to find Verse.ResearchProjectDef named RUT_Antiq_Cartography. There are 181 defs of this type loaded.
Failed to find Verse.ResearchProjectDef named RUT_Antiq_Cartography. There are 181 defs of this type loaded.
Failed to find Verse.ResearchProjectDef named RUT_Antiq_Cartography. There are 181 defs of this type loaded.
Failed to find Verse.ResearchProjectDef named RUT_Antiq_Cartography. There are 181 defs of this type loaded.
Failed to find Verse.ResearchProjectDef named RUT_Antiq_Cartography. There are 181 defs of this type loaded.
Failed to find Verse.ResearchProjectDef named RUT_Antiq_Cartography. There are 181 defs of this type loaded.
Failed to find Verse.ResearchProjectDef named RUT_Antiq_Cartography. There are 181 defs of this type loaded.
Failed to find Verse.ResearchProjectDef named RUT_Antiq_Cartography. There are 181 defs of this type loaded.
Failed to find Verse.ResearchProjectDef named RUT_Antiq_Cartography. There are 181 defs of this type loaded.
Failed to find Verse.ResearchProjectDef named RUT_Antiq_Cartography. There are 181 defs of this type loaded.
Failed to find Verse.ResearchProjectDef named RUT_Antiq_Cartography. There are 181 defs of this type loaded.
Failed to find Verse.ResearchProjectDef named RUT_Antiq_Cartography. There are 181 defs of this type loaded.
Failed to find Verse.ResearchProjectDef named RUT_Antiq_Cartography. There are 181 defs of this type loaded.
Failed to find Verse.ResearchProjectDef named RUT_Antiq_Cartography. There are 181 defs of this type loaded.
Failed to find Verse.ResearchProjectDef named RUT_Antiq_Cartography. There are 181 defs of this type loaded.
Failed to find Verse.ResearchProjectDef named RUT_Antiq_Cartography. There are 181 defs of this type loaded.
Failed to find Verse.ResearchProjectDef named RUT_Antiq_Cartography. There are 181 defs of this type loaded.
Failed to find Verse.ResearchProjectDef named RUT_Antiq_Cartography. There are 181 defs of this type loaded.
Failed to find Verse.ResearchProjectDef named RUT_Antiq_Cartography. There are 181 defs of this type loaded.
Failed to find Verse.ResearchProjectDef named RUT_Antiq_Cartography. There are 181 defs of this type loaded.
Failed to find Verse.ResearchProjectDef named RUT_Antiq_Cartography. There are 181 defs of this type loaded.
Failed to find Verse.ResearchProjectDef named RUT_Antiq_Cartography. There are 181 defs of this type loaded.
Failed to find Verse.ResearchProjectDef named RUT_Antiq_Cartography. There are 181 defs of this type loaded.
Failed to find Verse.ResearchProjectDef named RUT_Antiq_Cartography. There are 181 defs of this type loaded.
Failed to find Verse.ResearchProjectDef named RUT_Antiq_Cartography. There are 181 defs of this type loaded.
Failed to find Verse.ResearchProjectDef named RUT_Antiq_Cartography. There are 181 defs of this type loaded.
Failed to find Verse.ResearchProjectDef named RUT_Antiq_Cartography. There are 181 defs of this type loaded.
Failed to find Verse.ResearchProjectDef named RUT_Antiq_Cartography. There are 181 defs of this type loaded.
Failed to find Verse.ResearchProjectDef named RUT_Antiq_Cartography. There are 181 defs of this type loaded.
Failed to find Verse.ResearchProjectDef named RUT_Antiq_Cartography. There are 181 defs of this type loaded.
Failed to find Verse.ResearchProjectDef named RUT_Antiq_Cartography. There are 181 defs of this type loaded.
Failed to find Verse.ResearchProjectDef named RUT_Antiq_Cartography. There are 181 defs of this type loaded.
Failed to find Verse.ResearchProjectDef named RUT_Antiq_Cartography. There are 181 defs of this type loaded.
Failed to find Verse.ResearchProjectDef named RUT_Antiq_Cartography. There are 181 defs of this type loaded.
Failed to find Verse.ResearchProjectDef named RUT_Antiq_Cartography. There are 181 defs of this type loaded.
Failed to find Verse.ResearchProjectDef named RUT_Antiq_Cartography. There are 181 defs of this type loaded.
Failed to find Verse.ResearchProjectDef named RUT_Antiq_Cartography. There are 181 defs of this type loaded.
Failed to find Verse.ResearchProjectDef named RUT_Antiq_Cartography. There are 181 defs of this type loaded.
Failed to find Verse.ResearchProjectDef named RUT_Antiq_Cartography. There are 181 defs of this type loaded.
Failed to find Verse.ResearchProjectDef named RUT_Antiq_Cartography. There are 181 defs of this type loaded.
Failed to find Verse.ResearchProjectDef named RUT_Antiq_Cartography. There are 181 defs of this type loaded.
Failed to find Verse.ResearchProjectDef named RUT_Antiq_Cartography. There are 181 defs of this type loaded.
Failed to find Verse.ResearchProjectDef named RUT_Antiq_Cartography. There are 181 defs of this type loaded.
Failed to find Verse.ResearchProjectDef named RUT_Antiq_Cartography. There are 181 defs of this type loaded.
Failed to find Verse.ResearchProjectDef named RUT_Antiq_Cartography. There are 181 defs of this type loaded.
Failed to find Verse.ResearchProjectDef named RUT_Antiq_Cartography. There are 181 defs of this type loaded.
Failed to find Verse.ResearchProjectDef named RUT_Antiq_Cartography. There are 181 defs of this type loaded.
Failed to find Verse.ResearchProjectDef named RUT_Antiq_Cartography. There are 181 defs of this type loaded.
Failed to find Verse.ResearchProjectDef named RUT_Antiq_Cartography. There are 181 defs of this type loaded.
Failed to find Verse.ResearchProjectDef named RUT_Antiq_Cartography. There are 181 defs of this type loaded.
Failed to find Verse.ResearchProjectDef named RUT_Antiq_Cartography. There are 181 defs of this type loaded.
Failed to find Verse.ResearchProjectDef named RUT_Antiq_Cartography. There are 181 defs of this type loaded.
Failed to find Verse.ResearchProjectDef named RUT_Antiq_Cartography. There are 181 defs of this type loaded.
Failed to find Verse.ResearchProjectDef named RUT_Antiq_Cartography. There are 181 defs of this type loaded.
Failed to find Verse.ResearchProjectDef named RUT_Antiq_Cartography. There are 181 defs of this type loaded.
Failed to find Verse.ResearchProjectDef named RUT_Antiq_Cartography. There are 181 defs of this type loaded.
Failed to find Verse.ResearchProjectDef named RUT_Antiq_Cartography. There are 181 defs of this type loaded.
Failed to find Verse.ResearchProjectDef named RUT_Antiq_Voice. There are 181 defs of this type loaded.
Failed to find Verse.ResearchProjectDef named RUT_Antiq_Cartography. There are 181 defs of this type loaded.
Failed to find Verse.ResearchProjectDef named RUT_Antiq_Voice. There are 181 defs of this type loaded.
Failed to find Verse.ResearchProjectDef named RUT_Antiq_Cartography. There are 181 defs of this type loaded.
Failed to find Verse.ResearchProjectDef named RUT_Antiq_Voice. There are 181 defs of this type loaded.
Failed to find Verse.ResearchProjectDef named RUT_Antiq_Cartography. There are 181 defs of this type loaded.
Failed to find Verse.ResearchProjectDef named RUT_Antiq_Voice. There are 181 defs of this type loaded.
Failed to find Verse.ResearchProjectDef named RUT_Antiq_Cartography. There are 181 defs of this type loaded.
Failed to find Verse.ResearchProjectDef named RUT_Antiq_Voice. There are 181 defs of this type loaded.
Failed to find Verse.ResearchProjectDef named RUT_Antiq_Cartography. There are 181 defs of this type loaded.
Failed to find Verse.ResearchProjectDef named RUT_Antiq_Voice. There are 181 defs of this type loaded.
Failed to find Verse.ResearchProjectDef named RUT_Antiq_Cartography. There are 181 defs of this type loaded.
Failed to find Verse.ResearchProjectDef named RUT_Antiq_Voice. There are 181 defs of this type loaded.
Failed to find Verse.ResearchProjectDef named RUT_Antiq_Cartography. There are 181 defs of this type loaded.
Failed to find Verse.ResearchProjectDef named RUT_Antiq_Voice. There are 181 defs of this type loaded.
Failed to find Verse.ResearchProjectDef named RUT_Antiq_Cartography. There are 181 defs of this type loaded.
Failed to find Verse.ResearchProjectDef named RUT_Antiq_Voice. There are 181 defs of this type loaded.
Failed to find Verse.ResearchProjectDef named RUT_Antiq_Cartography. There are 181 defs of this type loaded.
Failed to find Verse.ResearchProjectDef named RUT_Antiq_Voice. There are 181 defs of this type loaded.
Failed to find Verse.ResearchProjectDef named RUT_Antiq_Cartography. There are 181 defs of this type loaded.
Failed to find Verse.ResearchProjectDef named RUT_Antiq_Voice. There are 181 defs of this type loaded.
Failed to find Verse.ResearchProjectDef named RUT_Antiq_Cartography. There are 181 defs of this type loaded.
Failed to find Verse.ResearchProjectDef named RUT_Antiq_Voice. There are 181 defs of this type loaded.
Failed to find Verse.ResearchProjectDef named RUT_Antiq_Cartography. There are 181 defs of this type loaded.
Failed to find Verse.ResearchProjectDef named RUT_Antiq_Voice. There are 181 defs of this type loaded.
Failed to find Verse.ResearchProjectDef named RUT_Antiq_Cartography. There are 181 defs of this type loaded.
Failed to find Verse.ResearchProjectDef named RUT_Antiq_Voice. There are 181 defs of this type loaded.
Failed to find Verse.ResearchProjectDef named RUT_Antiq_Cartography. There are 181 defs of this type loaded.
Failed to find Verse.ResearchProjectDef named RUT_Antiq_Voice. There are 181 defs of this type loaded.
Failed to find Verse.ResearchProjectDef named RUT_Antiq_Cartography. There are 181 defs of this type loaded.
Failed to find Verse.ResearchProjectDef named RUT_Antiq_Voice. There are 181 defs of this type loaded.
Failed to find Verse.ResearchProjectDef named RUT_Antiq_Cartography. There are 181 defs of this type loaded.
Failed to find Verse.ResearchProjectDef named RUT_Antiq_Voice. There are 181 defs of this type loaded.
Failed to find Verse.ResearchProjectDef named RUT_Antiq_Cartography. There are 181 defs of this type loaded.
Failed to find Verse.ResearchProjectDef named RUT_Antiq_Voice. There are 181 defs of this type loaded.
Failed to find Verse.ResearchProjectDef named RUT_Antiq_Cartography. There are 181 defs of this type loaded.
Failed to find Verse.ResearchProjectDef named RUT_Antiq_Voice. There are 181 defs of this type loaded.
Failed to find Verse.ResearchProjectDef named RUT_Antiq_Cartography. There are 181 defs of this type loaded.
Failed to find Verse.ResearchProjectDef named RUT_Antiq_Voice. There are 181 defs of this type loaded.
Failed to find Verse.ResearchProjectDef named RUT_Antiq_Cartography. There are 181 defs of this type loaded.
Failed to find Verse.ResearchProjectDef named RUT_Antiq_Cartography. There are 181 defs of this type loaded.
Failed to find Verse.ResearchProjectDef named RUT_Antiq_Cartography. There are 181 defs of this type loaded.
Failed to find Verse.ResearchProjectDef named RUT_Antiq_Cartography. There are 181 defs of this type loaded.
Failed to find Verse.ResearchProjectDef named RUT_Antiq_Cartography. There are 181 defs of this type loaded.
Failed to find Verse.ResearchProjectDef named RUT_Antiq_Cartography. There are 181 defs of this type loaded.
Failed to find Verse.ResearchProjectDef named RUT_Antiq_Cartography. There are 181 defs of this type loaded.
Failed to find Verse.ResearchProjectDef named RUT_Antiq_Cartography. There are 181 defs of this type loaded.
Failed to find Verse.ResearchProjectDef named RUT_Antiq_Cartography. There are 181 defs of this type loaded.
Failed to find Verse.ResearchProjectDef named RUT_Antiq_Cartography. There are 181 defs of this type loaded.
Failed to find Verse.ResearchProjectDef named RUT_Antiq_Cartography. There are 181 defs of this type loaded.
Failed to find Verse.ResearchProjectDef named RUT_Antiq_Cartography. There are 181 defs of this type loaded.
Failed to find Verse.ResearchProjectDef named RUT_Antiq_Cartography. There are 181 defs of this type loaded.
Failed to find Verse.ResearchProjectDef named RUT_Antiq_Cartography. There are 181 defs of this type loaded.
Failed to find Verse.ResearchProjectDef named RUT_Antiq_Cartography. There are 181 defs of this type loaded.
Failed to find Verse.ResearchProjectDef named RUT_Antiq_Cartography. There are 181 defs of this type loaded.
Failed to find Verse.ResearchProjectDef named RUT_Antiq_Cartography. There are 181 defs of this type loaded.
Failed to find Verse.ResearchProjectDef named RUT_Antiq_Cartography. There are 181 defs of this type loaded.
Failed to find Verse.ResearchProjectDef named RUT_Antiq_Cartography. There are 181 defs of this type loaded.
Failed to find Verse.ResearchProjectDef named RUT_Antiq_Cartography. There are 181 defs of this type loaded.
Failed to find Verse.ResearchProjectDef named RUT_Antiq_Cartography. There are 181 defs of this type loaded.
Failed to find Verse.ResearchProjectDef named RUT_Antiq_Cartography. There are 181 defs of this type loaded.
Failed to find Verse.ResearchProjectDef named RUT_Antiq_Cartography. There are 181 defs of this type loaded.
Failed to find Verse.ResearchProjectDef named RUT_Antiq_Cartography. There are 181 defs of this type loaded.
Failed to find Verse.ResearchProjectDef named RUT_Antiq_Cartography. There are 181 defs of this type loaded.
Failed to find Verse.ResearchProjectDef named RUT_Antiq_Cartography. There are 181 defs of this type loaded.
Failed to find Verse.ResearchProjectDef named RUT_Antiq_Cartography. There are 181 defs of this type loaded.
Failed to find Verse.ResearchProjectDef named RUT_Antiq_Cartography. There are 181 defs of this type loaded.
Failed to find Verse.ResearchProjectDef named RUT_Antiq_Cartography. There are 181 defs of this type loaded.
Failed to find Verse.ResearchProjectDef named RUT_Antiq_Cartography. There are 181 defs of this type loaded.
Failed to find Verse.ResearchProjectDef named RUT_Antiq_Cartography. There are 181 defs of this type loaded.
Failed to find Verse.ResearchProjectDef named RUT_Antiq_Cartography. There are 181 defs of this type loaded.
Failed to find Verse.ResearchProjectDef named RUT_Antiq_Cartography. There are 181 defs of this type loaded.
Failed to find Verse.ResearchProjectDef named RUT_Antiq_Cartography. There are 181 defs of this type loaded.
Failed to find Verse.ResearchProjectDef named RUT_Antiq_Cartography. There are 181 defs of this type loaded.
Failed to find Verse.ResearchProjectDef named RUT_Antiq_Cartography. There are 181 defs of this type loaded.
Failed to find Verse.ResearchProjectDef named RUT_Antiq_Cartography. There are 181 defs of this type loaded.
Failed to find Verse.ResearchProjectDef named RUT_Antiq_Cartography. There are 181 defs of this type loaded.
Failed to find Verse.ResearchProjectDef named RUT_Antiq_Cartography. There are 181 defs of this type loaded.
Failed to find Verse.ResearchProjectDef named RUT_Antiq_Cartography. There are 181 defs of this type loaded.
Failed to find Verse.ResearchProjectDef named RUT_Antiq_Cartography. There are 181 defs of this type loaded.
Failed to find Verse.ResearchProjectDef named RUT_Antiq_Cartography. There are 181 defs of this type loaded.
Failed to find Verse.ResearchProjectDef named RUT_Antiq_Cartography. There are 181 defs of this type loaded.
Failed to find Verse.ResearchProjectDef named RUT_Antiq_Cartography. There are 181 defs of this type loaded.
Failed to find Verse.ResearchProjectDef named RUT_Antiq_Cartography. There are 181 defs of this type loaded.
Failed to find Verse.ResearchProjectDef named RUT_Antiq_Cartography. There are 181 defs of this type loaded.
Failed to find Verse.ResearchProjectDef named RUT_Antiq_Cartography. There are 181 defs of this type loaded.
Failed to find Verse.ResearchProjectDef named RUT_Antiq_Cartography. There are 181 defs of this type loaded.
Failed to find Verse.ResearchProjectDef named RUT_Antiq_Cartography. There are 181 defs of this type loaded.
Failed to find Verse.ResearchProjectDef named RUT_Antiq_Cartography. There are 181 defs of this type loaded.
Failed to find Verse.ResearchProjectDef named RUT_Antiq_Cartography. There are 181 defs of this type loaded.
Failed to find Verse.ResearchProjectDef named RUT_Antiq_Cartography. There are 181 defs of this type loaded.
Failed to find Verse.ResearchProjectDef named RUT_Antiq_Cartography. There are 181 defs of this type loaded.
Failed to find Verse.ResearchProjectDef named RUT_Antiq_Cartography. There are 181 defs of this type loaded.
Failed to find Verse.ResearchProjectDef named RUT_Antiq_Cartography. There are 181 defs of this type loaded.
Failed to find Verse.ResearchProjectDef named RUT_Antiq_Cartography. There are 181 defs of this type loaded.
Failed to find Verse.ResearchProjectDef named RUT_Antiq_Cartography. There are 181 defs of this type loaded.
Failed to find Verse.ResearchProjectDef named RUT_Antiq_Cartography. There are 181 defs of this type loaded.
Failed to find Verse.ResearchProjectDef named RUT_Antiq_Cartography. There are 181 defs of this type loaded.
Failed to find Verse.ResearchProjectDef named RUT_Antiq_Cartography. There are 181 defs of this type loaded.
Failed to find Verse.ResearchProjectDef named RUT_Antiq_Cartography. There are 181 defs of this type loaded.
Failed to find Verse.ResearchProjectDef named RUT_Antiq_Cartography. There are 181 defs of this type loaded.
Failed to find Verse.ResearchProjectDef named RUT_Antiq_Cartography. There are 181 defs of this type loaded.
Failed to find Verse.ResearchProjectDef named RUT_Antiq_Cartography. There are 181 defs of this type loaded.
Failed to find Verse.ResearchProjectDef named RUT_Antiq_Cartography. There are 181 defs of this type loaded.
Failed to find Verse.ResearchProjectDef named RUT_Antiq_Cartography. There are 181 defs of this type loaded.
Failed to find Verse.ResearchProjectDef named RUT_Antiq_Cartography. There are 181 defs of this type loaded.
Failed to find Verse.ResearchProjectDef named RUT_Antiq_Cartography. There are 181 defs of this type loaded.
Failed to find Verse.ResearchProjectDef named RUT_Antiq_Cartography. There are 181 defs of this type loaded.
Failed to find Verse.ResearchProjectDef named RUT_Antiq_Cartography. There are 181 defs of this type loaded.
Failed to find Verse.ResearchProjectDef named RUT_Antiq_Cartography. There are 181 defs of this type loaded.
Failed to find Verse.ResearchProjectDef named RUT_Antiq_Cartography. There are 181 defs of this type loaded.
Failed to find Verse.ResearchProjectDef named RUT_Antiq_Cartography. There are 181 defs of this type loaded.
Failed to find Verse.ResearchProjectDef named RUT_Antiq_Cartography. There are 181 defs of this type loaded.
Failed to find Verse.ResearchProjectDef named RUT_Antiq_Cartography. There are 181 defs of this type loaded.
Failed to find Verse.ResearchProjectDef named RUT_Antiq_Cartography. There are 181 defs of this type loaded.
Failed to find Verse.ResearchProjectDef named RUT_Antiq_Cartography. There are 181 defs of this type loaded.
Failed to find Verse.ResearchProjectDef named RUT_Antiq_Cartography. There are 181 defs of this type loaded.
Failed to find Verse.ResearchProjectDef named RUT_Antiq_Cartography. There are 181 defs of this type loaded.
Failed to find Verse.ResearchProjectDef named RUT_Antiq_Cartography. There are 181 defs of this type loaded.
Failed to find Verse.ResearchProjectDef named RUT_Antiq_Cartography. There are 181 defs of this type loaded.
Failed to find Verse.ResearchProjectDef named RUT_Antiq_Cartography. There are 181 defs of this type loaded.
Failed to find Verse.ResearchProjectDef named RUT_Antiq_Cartography. There are 181 defs of this type loaded.
Failed to find Verse.ResearchProjectDef named RUT_Antiq_Cartography. There are 181 defs of this type loaded.
Failed to find Verse.ResearchProjectDef named RUT_Antiq_Cartography. There are 181 defs of this type loaded.
Failed to find Verse.ResearchProjectDef named RUT_Antiq_Cartography. There are 181 defs of this type loaded.
Failed to find Verse.ResearchProjectDef named RUT_Antiq_Cartography. There are 181 defs of this type loaded.
Failed to find Verse.ResearchProjectDef named RUT_Antiq_Cartography. There are 181 defs of this type loaded.
Failed to find Verse.ResearchProjectDef named RUT_Antiq_Cartography. There are 181 defs of this type loaded.
Failed to find Verse.ResearchProjectDef named RUT_Antiq_Cartography. There are 181 defs of this type loaded.
Failed to find Verse.ResearchProjectDef named RUT_Antiq_Cartography. There are 181 defs of this type loaded.
Failed to find Verse.ResearchProjectDef named RUT_Antiq_Cartography. There are 181 defs of this type loaded.
Failed to find Verse.ResearchProjectDef named RUT_Antiq_Cartography. There are 181 defs of this type loaded.
Failed to find Verse.ResearchProjectDef named RUT_Antiq_Cartography. There are 181 defs of this type loaded.
Failed to find Verse.ResearchProjectDef named RUT_Antiq_Cartography. There are 181 defs of this type loaded.
Failed to find Verse.ResearchProjectDef named RUT_Antiq_Cartography. There are 181 defs of this type loaded.
Failed to find Verse.ResearchProjectDef named RUT_Antiq_Cartography. There are 181 defs of this type loaded.
Failed to find Verse.ResearchProjectDef named RUT_Antiq_Cartography. There are 181 defs of this type loaded.
Failed to find Verse.ResearchProjectDef named RUT_Antiq_Cartography. There are 181 defs of this type loaded.
Failed to find Verse.ResearchProjectDef named RUT_Antiq_Voice. There are 181 defs of this type loaded.
Failed to find Verse.ResearchProjectDef named RUT_Antiq_Cartography. There are 181 defs of this type loaded.
Failed to find Verse.ResearchProjectDef named RUT_Antiq_Voice. There are 181 defs of this type loaded.
Failed to find Verse.ResearchProjectDef named RUT_Antiq_Cartography. There are 181 defs of this type loaded.
Failed to find Verse.ResearchProjectDef named RUT_Antiq_Voice. There are 181 defs of this type loaded.
Failed to find Verse.ResearchProjectDef named RUT_Antiq_Cartography. There are 181 defs of this type loaded.
Failed to find Verse.ResearchProjectDef named RUT_Antiq_Voice. There are 181 defs of this type loaded.
Failed to find Verse.ResearchProjectDef named RUT_Antiq_Cartography. There are 181 defs of this type loaded.
Failed to find Verse.ResearchProjectDef named RUT_Antiq_Voice. There are 181 defs of this type loaded.
Failed to find Verse.ResearchProjectDef named RUT_Antiq_Cartography. There are 181 defs of this type loaded.
Failed to find Verse.ResearchProjectDef named RUT_Antiq_Voice. There are 181 defs of this type loaded.
Failed to find Verse.ResearchProjectDef named RUT_Antiq_Cartography. There are 181 defs of this type loaded.
Failed to find Verse.ResearchProjectDef named RUT_Antiq_Voice. There are 181 defs of this type loaded.
Failed to find Verse.ResearchProjectDef named RUT_Antiq_Cartography. There are 181 defs of this type loaded.
Failed to find Verse.ResearchProjectDef named RUT_Antiq_Voice. There are 181 defs of this type loaded.
Failed to find Verse.ResearchProjectDef named RUT_Antiq_Cartography. There are 181 defs of this type loaded.
Failed to find Verse.ResearchProjectDef named RUT_Antiq_Voice. There are 181 defs of this type loaded.
Failed to find Verse.ResearchProjectDef named RUT_Antiq_Cartography. There are 181 defs of this type loaded.
Failed to find Verse.ResearchProjectDef named RUT_Antiq_Voice. There are 181 defs of this type loaded.
Failed to find Verse.ResearchProjectDef named RUT_Antiq_Cartography. There are 181 defs of this type loaded.
Failed to find Verse.ResearchProjectDef named RUT_Antiq_Voice. There are 181 defs of this type loaded.
Failed to find Verse.ResearchProjectDef named RUT_Antiq_Cartography. There are 181 defs of this type loaded.
Failed to find Verse.ResearchProjectDef named RUT_Antiq_Voice. There are 181 defs of this type loaded.
Failed to find Verse.ResearchProjectDef named RUT_Antiq_Cartography. There are 181 defs of this type loaded.
Failed to find Verse.ResearchProjectDef named RUT_Antiq_Voice. There are 181 defs of this type loaded.
Failed to find Verse.ResearchProjectDef named RUT_Antiq_Cartography. There are 181 defs of this type loaded.
Failed to find Verse.ResearchProjectDef named RUT_Antiq_Voice. There are 181 defs of this type loaded.
Failed to find Verse.ResearchProjectDef named RUT_Antiq_Cartography. There are 181 defs of this type loaded.
Failed to find Verse.ResearchProjectDef named RUT_Antiq_Voice. There are 181 defs of this type loaded.
Failed to find Verse.ResearchProjectDef named RUT_Antiq_Cartography. There are 181 defs of this type loaded.
Failed to find Verse.ResearchProjectDef named RUT_Antiq_Voice. There are 181 defs of this type loaded.
Failed to find Verse.ResearchProjectDef named RUT_Antiq_Cartography. There are 181 defs of this type loaded.
Failed to find Verse.ResearchProjectDef named RUT_Antiq_Voice. There are 181 defs of this type loaded.
Failed to find Verse.ResearchProjectDef named RUT_Antiq_Cartography. There are 181 defs of this type loaded.
Failed to find Verse.ResearchProjectDef named RUT_Antiq_Voice. There are 181 defs of this type loaded.
Failed to find Verse.ResearchProjectDef named RUT_Antiq_Cartography. There are 181 defs of this type loaded.
Failed to find Verse.ResearchProjectDef named RUT_Antiq_Voice. There are 181 defs of this type loaded.
Failed to find Verse.ResearchProjectDef named RUT_Antiq_Cartography. There are 181 defs of this type loaded.
Failed to find Verse.ResearchProjectDef named RUT_Antiq_Voice. There are 181 defs of this type loaded.
Direct3D: detected that using refresh rate causes time drift. Will stop trusting refresh rate until the game window is moved.
Direct3D: detected that vsync is broken (it does not limit frame rate properly). Delta time will now be calculated using cpu-side time stampling until the game window is moved.
