Mono path[0] = 'C:/Program Files (x86)/Steam/steamapps/common/RimWorld/RimWorldWin64_Data/Managed'
Mono config path = 'C:/Program Files (x86)/Steam/steamapps/common/RimWorld/MonoBleedingEdge/etc'
[PhysX] Initialized MultithreadedTaskDispatcher with 14 workers.
Initialize engine version: 2022.3.35f1 (011206c7a712)
[Subsystems] Discovering subsystems at path C:/Program Files (x86)/Steam/steamapps/common/RimWorld/RimWorldWin64_Data/UnitySubsystems
GfxDevice: creating device client; threaded=1; jobified=0
Direct3D:
    Version:  Direct3D 11.0 [level 11.1]
    Renderer: NVIDIA GeForce RTX 5080 (ID=0x2c02)
    Vendor:   NVIDIA
    VRAM:     15977 MB
    Driver:   32.0.15.9186
Begin MonoManager ReloadAssembly
- Loaded All Assemblies, in  1.222 seconds
- Finished resetting the current domain, in  0.001 seconds
<RI> Initializing input.
<RI> Input initialized.
<RI> Initialized touch support.
[PhysX] Initialized MultithreadedTaskDispatcher with 14 workers.
UnloadTime: 0.639100 ms
Command line arguments: -disable-compute-shaders
RimWorld 1.6.4871 rev591
Mod RimUtinni: Aftermath Rites dependency (mandrake.rm.aftermath) needs to have <downloadUrl> and/or <steamWorkshopUrl> specified.
Mod RimMandrake: Utinni — Inhabited (Ash'karr) dependency (mandrake.rm.inhabited) needs to have <downloadUrl> and/or <steamWorkshopUrl> specified.
Mod RimMandrake: Utinni — Weather Suite (Ash'karr) dependency (mandrake.rm.weathersuite) needs to have <downloadUrl> and/or <steamWorkshopUrl> specified.
Mod RimUtinni: Droid Repair Jobs dependency (mandrake.rsw.droidworks) needs to have <downloadUrl> and/or <steamWorkshopUrl> specified.
Mod RimMandrake: Greentide dependency (mandrake.rm.creaturebehaviors) needs to have <downloadUrl> and/or <steamWorkshopUrl> specified.
Mod JawaVoice (SpeakUp reskin) dependency (JPT.speakup) needs to have <downloadUrl> and/or <steamWorkshopUrl> specified.
Mod RimUtinni: Lantern Deeps dependency (BiomesTeam.BiomesCaverns) needs to have <downloadUrl> and/or <steamWorkshopUrl> specified.
Mod RimMandrake: Utinni — Fire Ecology (Pyrelands) dependency (zylle.morevanillabiomes) needs to have <downloadUrl> and/or <steamWorkshopUrl> specified.
Mod RimMandrake: Utinni — Fire Ecology (Pyrelands) dependency (mandrake.rm.pyrelands) needs to have <downloadUrl> and/or <steamWorkshopUrl> specified.
Mod RimMandrake: Utinni — Pyrelands Mechanics dependency (mandrake.rut.patches) needs to have <downloadUrl> and/or <steamWorkshopUrl> specified.
Mod The Rites dependency (mandrake.rut.antiquities) needs to have <downloadUrl> and/or <steamWorkshopUrl> specified.
Mod RimMandrake: Utinni — Rust Cathedral Roaches dependency (mandrake.rm.creaturebehaviors) needs to have <downloadUrl> and/or <steamWorkshopUrl> specified.
Mod RimMandrake Sacred Marks dependency (mandrake.rm.graffiti) needs to have <downloadUrl> and/or <steamWorkshopUrl> specified.
Mod RimUtinni: Scarlands Ladder dependency (mandrake.rm.lorestages) needs to have <downloadUrl> and/or <steamWorkshopUrl> specified.
Mod RimMandrake: Ship Vermin dependency (mandrake.rsw.swbestiary) needs to have <downloadUrl> and/or <steamWorkshopUrl> specified.
Mod RimMandrake: Ship Vermin dependency (mandrake.rm.creaturebehaviors) needs to have <downloadUrl> and/or <steamWorkshopUrl> specified.
Mod RimMandrake: SW — Shokk dependency (mandrake.rm.creaturebehaviors) needs to have <downloadUrl> and/or <steamWorkshopUrl> specified.
Mod RimUtinni: Structure Injections dependency (OskarPotocki.VanillaFactionsExpanded.Core) needs to have <downloadUrl> and/or <steamWorkshopUrl> specified.
Mod RimUtinni: Structure Injections dependency (mandrake.rm.injections) needs to have <downloadUrl> and/or <steamWorkshopUrl> specified.
Mod RimStarWars: Structure Injections dependency (mandrake.rm.injections) needs to have <downloadUrl> and/or <steamWorkshopUrl> specified.
Mod RimMandrake: SW — Bestiary dependency (sarg.alphaanimals) needs to have <downloadUrl> and/or <steamWorkshopUrl> specified.
Mod RimUtinni Patches (Jawa campaign) dependency (mandrake.rm.weathersuite) needs to have <downloadUrl> and/or <steamWorkshopUrl> specified.
Mod RimMandrake: Colony Visibility dependency (brrainz.harmony) needs to have <downloadUrl> and/or <steamWorkshopUrl> specified.
Mod RimTalk Expand: AI Storyteller dependency (cyberchronicle.rimtalkexperts) needs to have <downloadUrl> and/or <steamWorkshopUrl> specified.
Mod RimTalk Expand: AI Storyteller dependency (brrainz.harmony) needs to have <downloadUrl> and/or <steamWorkshopUrl> specified.
Mod Custom Room Names - RimTalk Addon dependency (cj.Rimtalk) needs to have <downloadUrl> and/or <steamWorkshopUrl> specified.
Mod Custom Room Names - RimTalk Addon dependency (costel.CustomRoomNames) needs to have <downloadUrl> and/or <steamWorkshopUrl> specified.
Mod RimTalk - Expand Literature dependency (cj.rimtalk) needs to have <downloadUrl> and/or <steamWorkshopUrl> specified.
Mod RimTalk - Expand Toddlers dependency (cyanobot.toddlers) needs to have <downloadUrl> and/or <steamWorkshopUrl> specified.
Mod RimTalk - Expand Toddlers dependency (cj.rimtalk) needs to have <downloadUrl> and/or <steamWorkshopUrl> specified.
Mod Large Pawns dependency (brrainz.harmony) needs to have <downloadUrl> and/or <steamWorkshopUrl> specified.
Mod Wood's Muzzle Flash for Ancient urban ruins has a dependency (issaczhuang.muzzleflash) with empty display name.
Mod Wood's Muzzle Flash for Ancient urban ruins dependency (issaczhuang.muzzleflash) needs to have <downloadUrl> and/or <steamWorkshopUrl> specified.
Mod Wood's Muzzle Flash for Ancient urban ruins has a dependency (xmb.ancienturbanruins.mo) with empty display name.
Mod Wood's Muzzle Flash for Ancient urban ruins dependency (xmb.ancienturbanruins.mo) needs to have <downloadUrl> and/or <steamWorkshopUrl> specified.
Mod Forced Xenogerm Implantation dependency (brrainz.harmony) needs to have <downloadUrl> and/or <steamWorkshopUrl> specified.
Exception loading from System.Xml.XmlElement: System.MissingMethodException: Default constructor not found for type System.String
  at System.RuntimeType.CreateInstanceMono (System.Boolean nonPublic, System.Boolean wrapExceptions) [0x00076] in <51fded79cd284d4d911c5949aff4cb21>:0 
  at System.RuntimeType.CreateInstanceSlow (System.Boolean publicOnly, System.Boolean wrapExceptions, System.Boolean skipCheckThis, System.Boolean fillCache) [0x00009] in <51fded79cd284d4d911c5949aff4cb21>:0 
  at System.RuntimeType.CreateInstanceDefaultCtor (System.Boolean publicOnly, System.Boolean skipCheckThis, System.Boolean fillCache, System.Boolean wrapExceptions, System.Threading.StackCrawlMark& stackMark) [0x00027] in <51fded79cd284d4d911c5949aff4cb21>:0 
  at System.Activator.CreateInstance (System.Type type, System.Boolean nonPublic, System.Boolean wrapExceptions) [0x00020] in <51fded79cd284d4d911c5949aff4cb21>:0 
  at System.Activator.CreateInstance (System.Type type, System.Boolean nonPublic) [0x00000] in <51fded79cd284d4d911c5949aff4cb21>:0 
  at System.Activator.CreateInstance (System.Type type) [0x00000] in <51fded79cd284d4d911c5949aff4cb21>:0 
  at Verse.DirectXmlToObject.ObjectFromXml[T] (System.Xml.XmlNode xmlRoot, System.Boolean doPostLoad) [0x0045c] in <61e4173561894da49d210260257b5097>:0 
  at Verse.DirectXmlToObject.ObjectFromXmlReflection[T] (System.Xml.XmlNode xmlRoot, System.Boolean doPostLoad) [0x00000] in <61e4173561894da49d210260257b5097>:0 
  at Verse.DirectXmlToObject.ObjectFromXml[T] (System.Xml.XmlNode xmlRoot, System.Boolean doPostLoad) [0x0060e] in <61e4173561894da49d210260257b5097>:0 
Fallback handler could not load library C:/Program Files (x86)/Steam/steamapps/common/RimWorld/RimWorldWin64_Data/MonoBleedingEdge/data-0000019671C630C0.dll
Fallback handler could not load library C:/Program Files (x86)/Steam/steamapps/common/RimWorld/RimWorldWin64_Data/MonoBleedingEdge/data-0000019676416150.dll
Prepatcher: Starting... (vanilla load took 13.0191s)
Prepatcher: Game processing took 422.743ms
Prepatcher: Serializing patched assemblies
Prepatcher: Serializing took 1193.2315ms
Prepatcher: Setting refonly
Prepatcher: Loading patched assemblies
Fallback handler could not load library C:/Program Files (x86)/Steam/steamapps/common/RimWorld/RimWorldWin64_Data/MonoBleedingEdge/data-00000196869BF040.dll
Fallback handler could not load library C:/Program Files (x86)/Steam/steamapps/common/RimWorld/RimWorldWin64_Data/MonoBleedingEdge/data-00000196878D6040.dll
Fallback handler could not load library C:/Program Files (x86)/Steam/steamapps/common/RimWorld/RimWorldWin64_Data/MonoBleedingEdge/data-0000019677315020.dll
Fallback handler could not load library C:/Program Files (x86)/Steam/steamapps/common/RimWorld/RimWorldWin64_Data/MonoBleedingEdge/data-000001967787B020.dll
Fallback handler could not load library C:/Program Files (x86)/Steam/steamapps/common/RimWorld/RimWorldWin64_Data/MonoBleedingEdge/data-0000019677139020.dll
Fallback handler could not load library C:/Program Files (x86)/Steam/steamapps/common/RimWorld/RimWorldWin64_Data/MonoBleedingEdge/data-00000196769AB040.dll
Fallback handler could not load library C:/Program Files (x86)/Steam/steamapps/common/RimWorld/RimWorldWin64_Data/MonoBleedingEdge/data-000001967752C030.dll
Fallback handler could not load library C:/Program Files (x86)/Steam/steamapps/common/RimWorld/RimWorldWin64_Data/MonoBleedingEdge/data-000001967713D630.dll
Fallback handler could not load library C:/Program Files (x86)/Steam/steamapps/common/RimWorld/RimWorldWin64_Data/MonoBleedingEdge/data-00000196771AD040.dll
Fallback handler could not load library C:/Program Files (x86)/Steam/steamapps/common/RimWorld/RimWorldWin64_Data/MonoBleedingEdge/data-0000019665BE7380.dll
Fallback handler could not load library C:/Program Files (x86)/Steam/steamapps/common/RimWorld/RimWorldWin64_Data/MonoBleedingEdge/data-0000019677918010.dll
Fallback handler could not load library C:/Program Files (x86)/Steam/steamapps/common/RimWorld/RimWorldWin64_Data/MonoBleedingEdge/data-00000196771C4E50.dll
Fallback handler could not load library C:/Program Files (x86)/Steam/steamapps/common/RimWorld/RimWorldWin64_Data/MonoBleedingEdge/data-0000019687B49040.dll
Fallback handler could not load library C:/Program Files (x86)/Steam/steamapps/common/RimWorld/RimWorldWin64_Data/MonoBleedingEdge/data-0000019677926A20.dll
Fallback handler could not load library C:/Program Files (x86)/Steam/steamapps/common/RimWorld/RimWorldWin64_Data/MonoBleedingEdge/data-0000019677931430.dll
Fallback handler could not load library C:/Program Files (x86)/Steam/steamapps/common/RimWorld/RimWorldWin64_Data/MonoBleedingEdge/data-00000196775DD050.dll
Fallback handler could not load library C:/Program Files (x86)/Steam/steamapps/common/RimWorld/RimWorldWin64_Data/MonoBleedingEdge/data-0000019677943640.dll
Fallback handler could not load library C:/Program Files (x86)/Steam/steamapps/common/RimWorld/RimWorldWin64_Data/MonoBleedingEdge/data-0000019676FD2020.dll
Fallback handler could not load library C:/Program Files (x86)/Steam/steamapps/common/RimWorld/RimWorldWin64_Data/MonoBleedingEdge/data-00000196779C7C50.dll
Fallback handler could not load library C:/Program Files (x86)/Steam/steamapps/common/RimWorld/RimWorldWin64_Data/MonoBleedingEdge/data-0000019675EC46F0.dll
Fallback handler could not load library C:/Program Files (x86)/Steam/steamapps/common/RimWorld/RimWorldWin64_Data/MonoBleedingEdge/data-00000196779CB260.dll
Fallback handler could not load library C:/Program Files (x86)/Steam/steamapps/common/RimWorld/RimWorldWin64_Data/MonoBleedingEdge/data-00000196771CAA60.dll
Fallback handler could not load library C:/Program Files (x86)/Steam/steamapps/common/RimWorld/RimWorldWin64_Data/MonoBleedingEdge/data-00000196771CDA70.dll
Fallback handler could not load library C:/Program Files (x86)/Steam/steamapps/common/RimWorld/RimWorldWin64_Data/MonoBleedingEdge/data-00000196779CD870.dll
Fallback handler could not load library C:/Program Files (x86)/Steam/steamapps/common/RimWorld/RimWorldWin64_Data/MonoBleedingEdge/data-00000196779D1280.dll
Fallback handler could not load library C:/Program Files (x86)/Steam/steamapps/common/RimWorld/RimWorldWin64_Data/MonoBleedingEdge/data-00000196779D5890.dll
Fallback handler could not load library C:/Program Files (x86)/Steam/steamapps/common/RimWorld/RimWorldWin64_Data/MonoBleedingEdge/data-0000019676F81C90.dll
Fallback handler could not load library C:/Program Files (x86)/Steam/steamapps/common/RimWorld/RimWorldWin64_Data/MonoBleedingEdge/data-0000019677AB44A0.dll
Fallback handler could not load library C:/Program Files (x86)/Steam/steamapps/common/RimWorld/RimWorldWin64_Data/MonoBleedingEdge/data-0000019677ABE0B0.dll
Fallback handler could not load library C:/Program Files (x86)/Steam/steamapps/common/RimWorld/RimWorldWin64_Data/MonoBleedingEdge/data-0000019677B446C0.dll
Fallback handler could not load library C:/Program Files (x86)/Steam/steamapps/common/RimWorld/RimWorldWin64_Data/MonoBleedingEdge/data-0000019687C9C040.dll
Fallback handler could not load library C:/Program Files (x86)/Steam/steamapps/common/RimWorld/RimWorldWin64_Data/MonoBleedingEdge/data-0000019677BC09D0.dll
Fallback handler could not load library C:/Program Files (x86)/Steam/steamapps/common/RimWorld/RimWorldWin64_Data/MonoBleedingEdge/data-0000019677BE8FE0.dll
Fallback handler could not load library C:/Program Files (x86)/Steam/steamapps/common/RimWorld/RimWorldWin64_Data/MonoBleedingEdge/data-0000019677B59ED0.dll
Fallback handler could not load library C:/Program Files (x86)/Steam/steamapps/common/RimWorld/RimWorldWin64_Data/MonoBleedingEdge/data-0000019677C1B5F0.dll
Fallback handler could not load library C:/Program Files (x86)/Steam/steamapps/common/RimWorld/RimWorldWin64_Data/MonoBleedingEdge/data-0000019677CD8970.dll
Fallback handler could not load library C:/Program Files (x86)/Steam/steamapps/common/RimWorld/RimWorldWin64_Data/MonoBleedingEdge/data-0000019677D0DB80.dll
Fallback handler could not load library C:/Program Files (x86)/Steam/steamapps/common/RimWorld/RimWorldWin64_Data/MonoBleedingEdge/data-0000019677D25D90.dll
Fallback handler could not load library C:/Program Files (x86)/Steam/steamapps/common/RimWorld/RimWorldWin64_Data/MonoBleedingEdge/data-0000019687E77040.dll
Fallback handler could not load library C:/Program Files (x86)/Steam/steamapps/common/RimWorld/RimWorldWin64_Data/MonoBleedingEdge/data-0000019687FF0080.dll
Fallback handler could not load library C:/Program Files (x86)/Steam/steamapps/common/RimWorld/RimWorldWin64_Data/MonoBleedingEdge/data-00000196770AF160.dll
Fallback handler could not load library C:/Program Files (x86)/Steam/steamapps/common/RimWorld/RimWorldWin64_Data/MonoBleedingEdge/data-00000196770B1170.dll
Fallback handler could not load library C:/Program Files (x86)/Steam/steamapps/common/RimWorld/RimWorldWin64_Data/MonoBleedingEdge/data-0000019665BE3750.dll
Fallback handler could not load library C:/Program Files (x86)/Steam/steamapps/common/RimWorld/RimWorldWin64_Data/MonoBleedingEdge/data-0000019677C43C00.dll
Fallback handler could not load library C:/Program Files (x86)/Steam/steamapps/common/RimWorld/RimWorldWin64_Data/MonoBleedingEdge/data-0000019677B61AE0.dll
Fallback handler could not load library C:/Program Files (x86)/Steam/steamapps/common/RimWorld/RimWorldWin64_Data/MonoBleedingEdge/data-0000019677D549A0.dll
Fallback handler could not load library C:/Program Files (x86)/Steam/steamapps/common/RimWorld/RimWorldWin64_Data/MonoBleedingEdge/data-00000196880AB490.dll
Fallback handler could not load library C:/Program Files (x86)/Steam/steamapps/common/RimWorld/RimWorldWin64_Data/MonoBleedingEdge/data-0000019677D58FB0.dll
Fallback handler could not load library C:/Program Files (x86)/Steam/steamapps/common/RimWorld/RimWorldWin64_Data/MonoBleedingEdge/data-0000019677C48410.dll
Fallback handler could not load library C:/Program Files (x86)/Steam/steamapps/common/RimWorld/RimWorldWin64_Data/MonoBleedingEdge/data-0000019677B74F10.dll
Fallback handler could not load library C:/Program Files (x86)/Steam/steamapps/common/RimWorld/RimWorldWin64_Data/MonoBleedingEdge/data-00000196880C5CA0.dll
Fallback handler could not load library C:/Program Files (x86)/Steam/steamapps/common/RimWorld/RimWorldWin64_Data/MonoBleedingEdge/data-00000196880CFCB0.dll
Fallback handler could not load library C:/Program Files (x86)/Steam/steamapps/common/RimWorld/RimWorldWin64_Data/MonoBleedingEdge/data-0000019677D641C0.dll
Fallback handler could not load library C:/Program Files (x86)/Steam/steamapps/common/RimWorld/RimWorldWin64_Data/MonoBleedingEdge/data-0000019677D695D0.dll
Fallback handler could not load library C:/Program Files (x86)/Steam/steamapps/common/RimWorld/RimWorldWin64_Data/MonoBleedingEdge/data-00000196880D74C0.dll
Fallback handler could not load library C:/Program Files (x86)/Steam/steamapps/common/RimWorld/RimWorldWin64_Data/MonoBleedingEdge/data-00000196880E76D0.dll
Fallback handler could not load library C:/Program Files (x86)/Steam/steamapps/common/RimWorld/RimWorldWin64_Data/MonoBleedingEdge/data-00000196880EDAF0.dll
Fallback handler could not load library C:/Program Files (x86)/Steam/steamapps/common/RimWorld/RimWorldWin64_Data/MonoBleedingEdge/data-00000196880F3D00.dll
Fallback handler could not load library C:/Program Files (x86)/Steam/steamapps/common/RimWorld/RimWorldWin64_Data/MonoBleedingEdge/data-00000196880F6F10.dll
Fallback handler could not load library C:/Program Files (x86)/Steam/steamapps/common/RimWorld/RimWorldWin64_Data/MonoBleedingEdge/data-00000196880FCD20.dll
Fallback handler could not load library C:/Program Files (x86)/Steam/steamapps/common/RimWorld/RimWorldWin64_Data/MonoBleedingEdge/data-00000196880FEB30.dll
Fallback handler could not load library C:/Program Files (x86)/Steam/steamapps/common/RimWorld/RimWorldWin64_Data/MonoBleedingEdge/data-000001968811F340.dll
Fallback handler could not load library C:/Program Files (x86)/Steam/steamapps/common/RimWorld/RimWorldWin64_Data/MonoBleedingEdge/data-0000019688122150.dll
Fallback handler could not load library C:/Program Files (x86)/Steam/steamapps/common/RimWorld/RimWorldWin64_Data/MonoBleedingEdge/data-000001968813FD60.dll
Fallback handler could not load library C:/Program Files (x86)/Steam/steamapps/common/RimWorld/RimWorldWin64_Data/MonoBleedingEdge/data-000001968814C170.dll
Fallback handler could not load library C:/Program Files (x86)/Steam/steamapps/common/RimWorld/RimWorldWin64_Data/MonoBleedingEdge/data-000001968819EB80.dll
Fallback handler could not load library C:/Program Files (x86)/Steam/steamapps/common/RimWorld/RimWorldWin64_Data/MonoBleedingEdge/data-00000196881A4790.dll
Fallback handler could not load library C:/Program Files (x86)/Steam/steamapps/common/RimWorld/RimWorldWin64_Data/MonoBleedingEdge/data-00000196881B8BC0.dll
Fallback handler could not load library C:/Program Files (x86)/Steam/steamapps/common/RimWorld/RimWorldWin64_Data/MonoBleedingEdge/data-00000196881BA7D0.dll
Fallback handler could not load library C:/Program Files (x86)/Steam/steamapps/common/RimWorld/RimWorldWin64_Data/MonoBleedingEdge/data-00000196881BD3E0.dll
Fallback handler could not load library C:/Program Files (x86)/Steam/steamapps/common/RimWorld/RimWorldWin64_Data/MonoBleedingEdge/data-00000196881D3FF0.dll
Fallback handler could not load library C:/Program Files (x86)/Steam/steamapps/common/RimWorld/RimWorldWin64_Data/MonoBleedingEdge/data-00000196881DA000.dll
Fallback handler could not load library C:/Program Files (x86)/Steam/steamapps/common/RimWorld/RimWorldWin64_Data/MonoBleedingEdge/data-00000196881E6210.dll
Fallback handler could not load library C:/Program Files (x86)/Steam/steamapps/common/RimWorld/RimWorldWin64_Data/MonoBleedingEdge/data-00000196881EBC20.dll
Fallback handler could not load library C:/Program Files (x86)/Steam/steamapps/common/RimWorld/RimWorldWin64_Data/MonoBleedingEdge/data-0000019688209E30.dll
Fallback handler could not load library C:/Program Files (x86)/Steam/steamapps/common/RimWorld/RimWorldWin64_Data/MonoBleedingEdge/data-0000019676F78060.dll
Fallback handler could not load library C:/Program Files (x86)/Steam/steamapps/common/RimWorld/RimWorldWin64_Data/MonoBleedingEdge/data-0000019688210E40.dll
Fallback handler could not load library C:/Program Files (x86)/Steam/steamapps/common/RimWorld/RimWorldWin64_Data/MonoBleedingEdge/data-000001968821CC50.dll
Fallback handler could not load library C:/Program Files (x86)/Steam/steamapps/common/RimWorld/RimWorldWin64_Data/MonoBleedingEdge/data-0000019688228260.dll
Fallback handler could not load library C:/Program Files (x86)/Steam/steamapps/common/RimWorld/RimWorldWin64_Data/MonoBleedingEdge/data-000001968822CC70.dll
Fallback handler could not load library C:/Program Files (x86)/Steam/steamapps/common/RimWorld/RimWorldWin64_Data/MonoBleedingEdge/data-000001968823C880.dll
Fallback handler could not load library C:/Program Files (x86)/Steam/steamapps/common/RimWorld/RimWorldWin64_Data/MonoBleedingEdge/data-0000019688241E90.dll
Fallback handler could not load library C:/Program Files (x86)/Steam/steamapps/common/RimWorld/RimWorldWin64_Data/MonoBleedingEdge/data-000001968827BEA0.dll
Fallback handler could not load library C:/Program Files (x86)/Steam/steamapps/common/RimWorld/RimWorldWin64_Data/MonoBleedingEdge/data-00000196882800B0.dll
Fallback handler could not load library C:/Program Files (x86)/Steam/steamapps/common/RimWorld/RimWorldWin64_Data/MonoBleedingEdge/data-00000196882880C0.dll
Fallback handler could not load library C:/Program Files (x86)/Steam/steamapps/common/RimWorld/RimWorldWin64_Data/MonoBleedingEdge/data-0000019688299CE0.dll
Fallback handler could not load library C:/Program Files (x86)/Steam/steamapps/common/RimWorld/RimWorldWin64_Data/MonoBleedingEdge/data-0000019676F7B470.dll
Fallback handler could not load library C:/Program Files (x86)/Steam/steamapps/common/RimWorld/RimWorldWin64_Data/MonoBleedingEdge/data-00000196882AE6F0.dll
Fallback handler could not load library C:/Program Files (x86)/Steam/steamapps/common/RimWorld/RimWorldWin64_Data/MonoBleedingEdge/data-00000196882B4B00.dll
Fallback handler could not load library C:/Program Files (x86)/Steam/steamapps/common/RimWorld/RimWorldWin64_Data/MonoBleedingEdge/data-00000196882E2D10.dll
Fallback handler could not load library C:/Program Files (x86)/Steam/steamapps/common/RimWorld/RimWorldWin64_Data/MonoBleedingEdge/data-00000196770B3180.dll
Fallback handler could not load library C:/Program Files (x86)/Steam/steamapps/common/RimWorld/RimWorldWin64_Data/MonoBleedingEdge/data-0000019688FCA040.dll
Fallback handler could not load library C:/Program Files (x86)/Steam/steamapps/common/RimWorld/RimWorldWin64_Data/MonoBleedingEdge/data-0000019665BF2810.dll
Fallback handler could not load library C:/Program Files (x86)/Steam/steamapps/common/RimWorld/RimWorldWin64_Data/MonoBleedingEdge/data-0000019688360720.dll
Fallback handler could not load library C:/Program Files (x86)/Steam/steamapps/common/RimWorld/RimWorldWin64_Data/MonoBleedingEdge/data-000001961AF94240.dll
Fallback handler could not load library C:/Program Files (x86)/Steam/steamapps/common/RimWorld/RimWorldWin64_Data/MonoBleedingEdge/data-0000019688369D30.dll
Fallback handler could not load library C:/Program Files (x86)/Steam/steamapps/common/RimWorld/RimWorldWin64_Data/MonoBleedingEdge/data-0000019688376540.dll
Fallback handler could not load library C:/Program Files (x86)/Steam/steamapps/common/RimWorld/RimWorldWin64_Data/MonoBleedingEdge/data-0000019675EBE0C0.dll
Fallback handler could not load library C:/Program Files (x86)/Steam/steamapps/common/RimWorld/RimWorldWin64_Data/MonoBleedingEdge/data-00000196766DB7E0.dll
Fallback handler could not load library C:/Program Files (x86)/Steam/steamapps/common/RimWorld/RimWorldWin64_Data/MonoBleedingEdge/data-0000019688382950.dll
Fallback handler could not load library C:/Program Files (x86)/Steam/steamapps/common/RimWorld/RimWorldWin64_Data/MonoBleedingEdge/data-00000196890F0040.dll
Fallback handler could not load library C:/Program Files (x86)/Steam/steamapps/common/RimWorld/RimWorldWin64_Data/MonoBleedingEdge/data-0000019688389360.dll
Fallback handler could not load library C:/Program Files (x86)/Steam/steamapps/common/RimWorld/RimWorldWin64_Data/MonoBleedingEdge/data-000001968838DB70.dll
Fallback handler could not load library C:/Program Files (x86)/Steam/steamapps/common/RimWorld/RimWorldWin64_Data/MonoBleedingEdge/data-0000019688392380.dll
Fallback handler could not load library C:/Program Files (x86)/Steam/steamapps/common/RimWorld/RimWorldWin64_Data/MonoBleedingEdge/data-0000019688396990.dll
Fallback handler could not load library C:/Program Files (x86)/Steam/steamapps/common/RimWorld/RimWorldWin64_Data/MonoBleedingEdge/data-00000196883A59A0.dll
Fallback handler could not load library C:/Program Files (x86)/Steam/steamapps/common/RimWorld/RimWorldWin64_Data/MonoBleedingEdge/data-00000196883AB3C0.dll
Fallback handler could not load library C:/Program Files (x86)/Steam/steamapps/common/RimWorld/RimWorldWin64_Data/MonoBleedingEdge/data-0000019675EC6900.dll
Fallback handler could not load library C:/Program Files (x86)/Steam/steamapps/common/RimWorld/RimWorldWin64_Data/MonoBleedingEdge/data-00000196883AFFD0.dll
Fallback handler could not load library C:/Program Files (x86)/Steam/steamapps/common/RimWorld/RimWorldWin64_Data/MonoBleedingEdge/data-00000196883B23E0.dll
Fallback handler could not load library C:/Program Files (x86)/Steam/steamapps/common/RimWorld/RimWorldWin64_Data/MonoBleedingEdge/data-00000196883BA260.dll
Fallback handler could not load library C:/Program Files (x86)/Steam/steamapps/common/RimWorld/RimWorldWin64_Data/MonoBleedingEdge/data-00000196883C7600.dll
Fallback handler could not load library C:/Program Files (x86)/Steam/steamapps/common/RimWorld/RimWorldWin64_Data/MonoBleedingEdge/data-00000196883C9410.dll
Fallback handler could not load library C:/Program Files (x86)/Steam/steamapps/common/RimWorld/RimWorldWin64_Data/MonoBleedingEdge/data-00000196883CB020.dll
Fallback handler could not load library C:/Program Files (x86)/Steam/steamapps/common/RimWorld/RimWorldWin64_Data/MonoBleedingEdge/data-00000196883CF630.dll
Fallback handler could not load library C:/Program Files (x86)/Steam/steamapps/common/RimWorld/RimWorldWin64_Data/MonoBleedingEdge/data-00000196883D4E40.dll
Fallback handler could not load library C:/Program Files (x86)/Steam/steamapps/common/RimWorld/RimWorldWin64_Data/MonoBleedingEdge/data-00000196883E3A50.dll
Fallback handler could not load library C:/Program Files (x86)/Steam/steamapps/common/RimWorld/RimWorldWin64_Data/MonoBleedingEdge/data-00000196883FBE60.dll
Fallback handler could not load library C:/Program Files (x86)/Steam/steamapps/common/RimWorld/RimWorldWin64_Data/MonoBleedingEdge/data-0000019688417330.dll
Fallback handler could not load library C:/Program Files (x86)/Steam/steamapps/common/RimWorld/RimWorldWin64_Data/MonoBleedingEdge/data-0000019688402270.dll
Fallback handler could not load library C:/Program Files (x86)/Steam/steamapps/common/RimWorld/RimWorldWin64_Data/MonoBleedingEdge/data-00000196770AD150.dll
Fallback handler could not load library C:/Program Files (x86)/Steam/steamapps/common/RimWorld/RimWorldWin64_Data/MonoBleedingEdge/data-0000019665BF3C20.dll
Fallback handler could not load library C:/Program Files (x86)/Steam/steamapps/common/RimWorld/RimWorldWin64_Data/MonoBleedingEdge/data-0000019675B66130.dll
Fallback handler could not load library C:/Program Files (x86)/Steam/steamapps/common/RimWorld/RimWorldWin64_Data/MonoBleedingEdge/data-000001968841D350.dll
Fallback handler could not load library C:/Program Files (x86)/Steam/steamapps/common/RimWorld/RimWorldWin64_Data/MonoBleedingEdge/data-0000019688434B60.dll
Fallback handler could not load library C:/Program Files (x86)/Steam/steamapps/common/RimWorld/RimWorldWin64_Data/MonoBleedingEdge/data-0000019688441F70.dll
Fallback handler could not load library C:/Program Files (x86)/Steam/steamapps/common/RimWorld/RimWorldWin64_Data/MonoBleedingEdge/data-0000019688458600.dll
Fallback handler could not load library C:/Program Files (x86)/Steam/steamapps/common/RimWorld/RimWorldWin64_Data/MonoBleedingEdge/data-0000019688464F90.dll
Fallback handler could not load library C:/Program Files (x86)/Steam/steamapps/common/RimWorld/RimWorldWin64_Data/MonoBleedingEdge/data-00000196884CC3A0.dll
Fallback handler could not load library C:/Program Files (x86)/Steam/steamapps/common/RimWorld/RimWorldWin64_Data/MonoBleedingEdge/data-00000196884F4BB0.dll
Fallback handler could not load library C:/Program Files (x86)/Steam/steamapps/common/RimWorld/RimWorldWin64_Data/MonoBleedingEdge/data-00000196885029C0.dll
Fallback handler could not load library C:/Program Files (x86)/Steam/steamapps/common/RimWorld/RimWorldWin64_Data/MonoBleedingEdge/data-0000019688508BD0.dll
Fallback handler could not load library C:/Program Files (x86)/Steam/steamapps/common/RimWorld/RimWorldWin64_Data/MonoBleedingEdge/data-000001961AF8F220.dll
Fallback handler could not load library C:/Program Files (x86)/Steam/steamapps/common/RimWorld/RimWorldWin64_Data/MonoBleedingEdge/data-000001961AF91A30.dll
Fallback handler could not load library C:/Program Files (x86)/Steam/steamapps/common/RimWorld/RimWorldWin64_Data/MonoBleedingEdge/data-000001968851F3E0.dll
Fallback handler could not load library C:/Program Files (x86)/Steam/steamapps/common/RimWorld/RimWorldWin64_Data/MonoBleedingEdge/data-00000196885265F0.dll
Fallback handler could not load library C:/Program Files (x86)/Steam/steamapps/common/RimWorld/RimWorldWin64_Data/MonoBleedingEdge/data-000001968852B600.dll
Fallback handler could not load library C:/Program Files (x86)/Steam/steamapps/common/RimWorld/RimWorldWin64_Data/MonoBleedingEdge/data-000001961AF8CA10.dll
Fallback handler could not load library C:/Program Files (x86)/Steam/steamapps/common/RimWorld/RimWorldWin64_Data/MonoBleedingEdge/data-00000196883BB870.dll
Fallback handler could not load library C:/Program Files (x86)/Steam/steamapps/common/RimWorld/RimWorldWin64_Data/MonoBleedingEdge/data-000001968853F820.dll
Fallback handler could not load library C:/Program Files (x86)/Steam/steamapps/common/RimWorld/RimWorldWin64_Data/MonoBleedingEdge/data-000001968854DA30.dll
Fallback handler could not load library C:/Program Files (x86)/Steam/steamapps/common/RimWorld/RimWorldWin64_Data/MonoBleedingEdge/data-0000019688551640.dll
Fallback handler could not load library C:/Program Files (x86)/Steam/steamapps/common/RimWorld/RimWorldWin64_Data/MonoBleedingEdge/data-00000196885E2810.dll
Fallback handler could not load library C:/Program Files (x86)/Steam/steamapps/common/RimWorld/RimWorldWin64_Data/MonoBleedingEdge/data-00000196885E5220.dll
Fallback handler could not load library C:/Program Files (x86)/Steam/steamapps/common/RimWorld/RimWorldWin64_Data/MonoBleedingEdge/data-00000196885AA010.dll
Fallback handler could not load library C:/Program Files (x86)/Steam/steamapps/common/RimWorld/RimWorldWin64_Data/MonoBleedingEdge/data-00000196885FC230.dll
Fallback handler could not load library C:/Program Files (x86)/Steam/steamapps/common/RimWorld/RimWorldWin64_Data/MonoBleedingEdge/data-0000019688615A40.dll
Fallback handler could not load library C:/Program Files (x86)/Steam/steamapps/common/RimWorld/RimWorldWin64_Data/MonoBleedingEdge/data-000001961AF99260.dll
Fallback handler could not load library C:/Program Files (x86)/Steam/steamapps/common/RimWorld/RimWorldWin64_Data/MonoBleedingEdge/data-000001968868B010.dll
Fallback handler could not load library C:/Program Files (x86)/Steam/steamapps/common/RimWorld/RimWorldWin64_Data/MonoBleedingEdge/data-00000196884573F0.dll
Fallback handler could not load library C:/Program Files (x86)/Steam/steamapps/common/RimWorld/RimWorldWin64_Data/MonoBleedingEdge/data-000001968868DE20.dll
Fallback handler could not load library C:/Program Files (x86)/Steam/steamapps/common/RimWorld/RimWorldWin64_Data/MonoBleedingEdge/data-000001968868FA30.dll
Fallback handler could not load library C:/Program Files (x86)/Steam/steamapps/common/RimWorld/RimWorldWin64_Data/MonoBleedingEdge/data-0000019688698A40.dll
Fallback handler could not load library C:/Program Files (x86)/Steam/steamapps/common/RimWorld/RimWorldWin64_Data/MonoBleedingEdge/data-000001968869D050.dll
Fallback handler could not load library C:/Program Files (x86)/Steam/steamapps/common/RimWorld/RimWorldWin64_Data/MonoBleedingEdge/data-000001968869FE60.dll
Fallback handler could not load library C:/Program Files (x86)/Steam/steamapps/common/RimWorld/RimWorldWin64_Data/MonoBleedingEdge/data-00000196886B8870.dll
Fallback handler could not load library C:/Program Files (x86)/Steam/steamapps/common/RimWorld/RimWorldWin64_Data/MonoBleedingEdge/data-00000196886BB280.dll
Fallback handler could not load library C:/Program Files (x86)/Steam/steamapps/common/RimWorld/RimWorldWin64_Data/MonoBleedingEdge/data-00000196770BB1C0.dll
Fallback handler could not load library C:/Program Files (x86)/Steam/steamapps/common/RimWorld/RimWorldWin64_Data/MonoBleedingEdge/data-000001968923D040.dll
Fallback handler could not load library C:/Program Files (x86)/Steam/steamapps/common/RimWorld/RimWorldWin64_Data/MonoBleedingEdge/data-00000196886FF010.dll
Fallback handler could not load library C:/Program Files (x86)/Steam/steamapps/common/RimWorld/RimWorldWin64_Data/MonoBleedingEdge/data-0000019688705C20.dll
Fallback handler could not load library C:/Program Files (x86)/Steam/steamapps/common/RimWorld/RimWorldWin64_Data/MonoBleedingEdge/data-000001968870F630.dll
Fallback handler could not load library C:/Program Files (x86)/Steam/steamapps/common/RimWorld/RimWorldWin64_Data/MonoBleedingEdge/data-0000019688716440.dll
Fallback handler could not load library C:/Program Files (x86)/Steam/steamapps/common/RimWorld/RimWorldWin64_Data/MonoBleedingEdge/data-000001968871AC50.dll
Fallback handler could not load library C:/Program Files (x86)/Steam/steamapps/common/RimWorld/RimWorldWin64_Data/MonoBleedingEdge/data-000001968871EC60.dll
Fallback handler could not load library C:/Program Files (x86)/Steam/steamapps/common/RimWorld/RimWorldWin64_Data/MonoBleedingEdge/data-0000019688720A70.dll
Fallback handler could not load library C:/Program Files (x86)/Steam/steamapps/common/RimWorld/RimWorldWin64_Data/MonoBleedingEdge/data-0000019688733A80.dll
Fallback handler could not load library C:/Program Files (x86)/Steam/steamapps/common/RimWorld/RimWorldWin64_Data/MonoBleedingEdge/data-00000196883B7640.dll
Fallback handler could not load library C:/Program Files (x86)/Steam/steamapps/common/RimWorld/RimWorldWin64_Data/MonoBleedingEdge/data-0000019688748010.dll
Fallback handler could not load library C:/Program Files (x86)/Steam/steamapps/common/RimWorld/RimWorldWin64_Data/MonoBleedingEdge/data-0000019688753420.dll
Fallback handler could not load library C:/Program Files (x86)/Steam/steamapps/common/RimWorld/RimWorldWin64_Data/MonoBleedingEdge/data-000001968875A630.dll
Fallback handler could not load library C:/Program Files (x86)/Steam/steamapps/common/RimWorld/RimWorldWin64_Data/MonoBleedingEdge/data-00000196884561E0.dll
Fallback handler could not load library C:/Program Files (x86)/Steam/steamapps/common/RimWorld/RimWorldWin64_Data/MonoBleedingEdge/data-000001968875E640.dll
Fallback handler could not load library C:/Program Files (x86)/Steam/steamapps/common/RimWorld/RimWorldWin64_Data/MonoBleedingEdge/data-0000019688760050.dll
Fallback handler could not load library C:/Program Files (x86)/Steam/steamapps/common/RimWorld/RimWorldWin64_Data/MonoBleedingEdge/data-0000019688762E60.dll
Fallback handler could not load library C:/Program Files (x86)/Steam/steamapps/common/RimWorld/RimWorldWin64_Data/MonoBleedingEdge/data-0000019688767670.dll
Fallback handler could not load library C:/Program Files (x86)/Steam/steamapps/common/RimWorld/RimWorldWin64_Data/MonoBleedingEdge/data-0000019688783480.dll
Fallback handler could not load library C:/Program Files (x86)/Steam/steamapps/common/RimWorld/RimWorldWin64_Data/MonoBleedingEdge/data-00000196887980A0.dll
Fallback handler could not load library C:/Program Files (x86)/Steam/steamapps/common/RimWorld/RimWorldWin64_Data/MonoBleedingEdge/data-000001968879D8B0.dll
Fallback handler could not load library C:/Program Files (x86)/Steam/steamapps/common/RimWorld/RimWorldWin64_Data/MonoBleedingEdge/data-00000196887A1AC0.dll
Fallback handler could not load library C:/Program Files (x86)/Steam/steamapps/common/RimWorld/RimWorldWin64_Data/MonoBleedingEdge/data-0000019665BF5030.dll
Fallback handler could not load library C:/Program Files (x86)/Steam/steamapps/common/RimWorld/RimWorldWin64_Data/MonoBleedingEdge/data-00000196887A48D0.dll
Fallback handler could not load library C:/Program Files (x86)/Steam/steamapps/common/RimWorld/RimWorldWin64_Data/MonoBleedingEdge/data-00000196887A62E0.dll
Fallback handler could not load library C:/Program Files (x86)/Steam/steamapps/common/RimWorld/RimWorldWin64_Data/MonoBleedingEdge/data-00000196770B71A0.dll
Fallback handler could not load library C:/Program Files (x86)/Steam/steamapps/common/RimWorld/RimWorldWin64_Data/MonoBleedingEdge/data-00000196887AD0F0.dll
Fallback handler could not load library C:/Program Files (x86)/Steam/steamapps/common/RimWorld/RimWorldWin64_Data/MonoBleedingEdge/data-00000196887AE900.dll
Fallback handler could not load library C:/Program Files (x86)/Steam/steamapps/common/RimWorld/RimWorldWin64_Data/MonoBleedingEdge/data-00000196887B3310.dll
Fallback handler could not load library C:/Program Files (x86)/Steam/steamapps/common/RimWorld/RimWorldWin64_Data/MonoBleedingEdge/data-0000019665BF6440.dll
Fallback handler could not load library C:/Program Files (x86)/Steam/steamapps/common/RimWorld/RimWorldWin64_Data/MonoBleedingEdge/data-0000019675EC02D0.dll
Fallback handler could not load library C:/Program Files (x86)/Steam/steamapps/common/RimWorld/RimWorldWin64_Data/MonoBleedingEdge/data-00000196887B4B20.dll
Fallback handler could not load library C:/Program Files (x86)/Steam/steamapps/common/RimWorld/RimWorldWin64_Data/MonoBleedingEdge/data-0000019676F850A0.dll
Fallback handler could not load library C:/Program Files (x86)/Steam/steamapps/common/RimWorld/RimWorldWin64_Data/MonoBleedingEdge/data-00000196887BDD30.dll
Fallback handler could not load library C:/Program Files (x86)/Steam/steamapps/common/RimWorld/RimWorldWin64_Data/MonoBleedingEdge/data-00000196770BD1D0.dll
Fallback handler could not load library C:/Program Files (x86)/Steam/steamapps/common/RimWorld/RimWorldWin64_Data/MonoBleedingEdge/data-00000196887C6540.dll
Fallback handler could not load library C:/Program Files (x86)/Steam/steamapps/common/RimWorld/RimWorldWin64_Data/MonoBleedingEdge/data-0000019688454FD0.dll
Fallback handler could not load library C:/Program Files (x86)/Steam/steamapps/common/RimWorld/RimWorldWin64_Data/MonoBleedingEdge/data-00000196770BF1E0.dll
Fallback handler could not load library C:/Program Files (x86)/Steam/steamapps/common/RimWorld/RimWorldWin64_Data/MonoBleedingEdge/data-00000196887CBF50.dll
Fallback handler could not load library C:/Program Files (x86)/Steam/steamapps/common/RimWorld/RimWorldWin64_Data/MonoBleedingEdge/data-00000196887CDD60.dll
Fallback handler could not load library C:/Program Files (x86)/Steam/steamapps/common/RimWorld/RimWorldWin64_Data/MonoBleedingEdge/data-00000196887D3B70.dll
Fallback handler could not load library C:/Program Files (x86)/Steam/steamapps/common/RimWorld/RimWorldWin64_Data/MonoBleedingEdge/data-00000196887DF790.dll
Fallback handler could not load library C:/Program Files (x86)/Steam/steamapps/common/RimWorld/RimWorldWin64_Data/MonoBleedingEdge/data-00000196887E23A0.dll
Fallback handler could not load library C:/Program Files (x86)/Steam/steamapps/common/RimWorld/RimWorldWin64_Data/MonoBleedingEdge/data-00000196887E6FB0.dll
Fallback handler could not load library C:/Program Files (x86)/Steam/steamapps/common/RimWorld/RimWorldWin64_Data/MonoBleedingEdge/data-00000196887EB1C0.dll
Fallback handler could not load library C:/Program Files (x86)/Steam/steamapps/common/RimWorld/RimWorldWin64_Data/MonoBleedingEdge/data-00000196887FBBD0.dll
Fallback handler could not load library C:/Program Files (x86)/Steam/steamapps/common/RimWorld/RimWorldWin64_Data/MonoBleedingEdge/data-00000196887FF5E0.dll
Fallback handler could not load library C:/Program Files (x86)/Steam/steamapps/common/RimWorld/RimWorldWin64_Data/MonoBleedingEdge/data-00000196888051F0.dll
Fallback handler could not load library C:/Program Files (x86)/Steam/steamapps/common/RimWorld/RimWorldWin64_Data/MonoBleedingEdge/data-000001968881B200.dll
Fallback handler could not load library C:/Program Files (x86)/Steam/steamapps/common/RimWorld/RimWorldWin64_Data/MonoBleedingEdge/data-000001968882CE10.dll
Fallback handler could not load library C:/Program Files (x86)/Steam/steamapps/common/RimWorld/RimWorldWin64_Data/MonoBleedingEdge/data-0000019676F884B0.dll
Fallback handler could not load library C:/Program Files (x86)/Steam/steamapps/common/RimWorld/RimWorldWin64_Data/MonoBleedingEdge/data-0000019688832420.dll
Fallback handler could not load library C:/Program Files (x86)/Steam/steamapps/common/RimWorld/RimWorldWin64_Data/MonoBleedingEdge/data-0000019688833E30.dll
Fallback handler could not load library C:/Program Files (x86)/Steam/steamapps/common/RimWorld/RimWorldWin64_Data/MonoBleedingEdge/data-0000019688855250.dll
Fallback handler could not load library C:/Program Files (x86)/Steam/steamapps/common/RimWorld/RimWorldWin64_Data/MonoBleedingEdge/data-0000019688867260.dll
Fallback handler could not load library C:/Program Files (x86)/Steam/steamapps/common/RimWorld/RimWorldWin64_Data/MonoBleedingEdge/data-000001968886C070.dll
Fallback handler could not load library C:/Program Files (x86)/Steam/steamapps/common/RimWorld/RimWorldWin64_Data/MonoBleedingEdge/data-0000019665BF8C60.dll
Fallback handler could not load library C:/Program Files (x86)/Steam/steamapps/common/RimWorld/RimWorldWin64_Data/MonoBleedingEdge/data-0000019688873480.dll
Fallback handler could not load library C:/Program Files (x86)/Steam/steamapps/common/RimWorld/RimWorldWin64_Data/MonoBleedingEdge/data-0000019688874C90.dll
Fallback handler could not load library C:/Program Files (x86)/Steam/steamapps/common/RimWorld/RimWorldWin64_Data/MonoBleedingEdge/data-0000019688881AA0.dll
Fallback handler could not load library C:/Program Files (x86)/Steam/steamapps/common/RimWorld/RimWorldWin64_Data/MonoBleedingEdge/data-000001968888BAB0.dll
Fallback handler could not load library C:/Program Files (x86)/Steam/steamapps/common/RimWorld/RimWorldWin64_Data/MonoBleedingEdge/data-00000196888954C0.dll
Fallback handler could not load library C:/Program Files (x86)/Steam/steamapps/common/RimWorld/RimWorldWin64_Data/MonoBleedingEdge/data-00000196888970D0.dll
Fallback handler could not load library C:/Program Files (x86)/Steam/steamapps/common/RimWorld/RimWorldWin64_Data/MonoBleedingEdge/data-0000019676F7E880.dll
Fallback handler could not load library C:/Program Files (x86)/Steam/steamapps/common/RimWorld/RimWorldWin64_Data/MonoBleedingEdge/data-00000196888A00E0.dll
Fallback handler could not load library C:/Program Files (x86)/Steam/steamapps/common/RimWorld/RimWorldWin64_Data/MonoBleedingEdge/data-00000196888A58F0.dll
Fallback handler could not load library C:/Program Files (x86)/Steam/steamapps/common/RimWorld/RimWorldWin64_Data/MonoBleedingEdge/data-00000196888A9300.dll
Fallback handler could not load library C:/Program Files (x86)/Steam/steamapps/common/RimWorld/RimWorldWin64_Data/MonoBleedingEdge/data-00000196888C5510.dll
Fallback handler could not load library C:/Program Files (x86)/Steam/steamapps/common/RimWorld/RimWorldWin64_Data/MonoBleedingEdge/data-00000196888D1120.dll
Fallback handler could not load library C:/Program Files (x86)/Steam/steamapps/common/RimWorld/RimWorldWin64_Data/MonoBleedingEdge/data-00000196888D6130.dll
Fallback handler could not load library C:/Program Files (x86)/Steam/steamapps/common/RimWorld/RimWorldWin64_Data/MonoBleedingEdge/data-00000196888D7F40.dll
Fallback handler could not load library C:/Program Files (x86)/Steam/steamapps/common/RimWorld/RimWorldWin64_Data/MonoBleedingEdge/data-00000196883BCE80.dll
Fallback handler could not load library C:/Program Files (x86)/Steam/steamapps/common/RimWorld/RimWorldWin64_Data/MonoBleedingEdge/data-00000196888F9F50.dll
Fallback handler could not load library C:/Program Files (x86)/Steam/steamapps/common/RimWorld/RimWorldWin64_Data/MonoBleedingEdge/data-0000019688908170.dll
Fallback handler could not load library C:/Program Files (x86)/Steam/steamapps/common/RimWorld/RimWorldWin64_Data/MonoBleedingEdge/data-000001968890CF80.dll
Fallback handler could not load library C:/Program Files (x86)/Steam/steamapps/common/RimWorld/RimWorldWin64_Data/MonoBleedingEdge/data-000001968893BBA0.dll
Fallback handler could not load library C:/Program Files (x86)/Steam/steamapps/common/RimWorld/RimWorldWin64_Data/MonoBleedingEdge/data-00000196889401B0.dll
Fallback handler could not load library C:/Program Files (x86)/Steam/steamapps/common/RimWorld/RimWorldWin64_Data/MonoBleedingEdge/data-0000019665BFB480.dll
Fallback handler could not load library C:/Program Files (x86)/Steam/steamapps/common/RimWorld/RimWorldWin64_Data/MonoBleedingEdge/data-0000019688946BC0.dll
Fallback handler could not load library C:/Program Files (x86)/Steam/steamapps/common/RimWorld/RimWorldWin64_Data/MonoBleedingEdge/data-000001968894B3D0.dll
Fallback handler could not load library C:/Program Files (x86)/Steam/steamapps/common/RimWorld/RimWorldWin64_Data/MonoBleedingEdge/data-000001968894CFE0.dll
Fallback handler could not load library C:/Program Files (x86)/Steam/steamapps/common/RimWorld/RimWorldWin64_Data/MonoBleedingEdge/data-000001968897A1F0.dll
Fallback handler could not load library C:/Program Files (x86)/Steam/steamapps/common/RimWorld/RimWorldWin64_Data/MonoBleedingEdge/data-00000196770B91B0.dll
Fallback handler could not load library C:/Program Files (x86)/Steam/steamapps/common/RimWorld/RimWorldWin64_Data/MonoBleedingEdge/data-0000019665BF7850.dll
Fallback handler could not load library C:/Program Files (x86)/Steam/steamapps/common/RimWorld/RimWorldWin64_Data/MonoBleedingEdge/data-000001968898C010.dll
Fallback handler could not load library C:/Program Files (x86)/Steam/steamapps/common/RimWorld/RimWorldWin64_Data/MonoBleedingEdge/data-0000019688991620.dll
Fallback handler could not load library C:/Program Files (x86)/Steam/steamapps/common/RimWorld/RimWorldWin64_Data/MonoBleedingEdge/data-000001968899A430.dll
Fallback handler could not load library C:/Program Files (x86)/Steam/steamapps/common/RimWorld/RimWorldWin64_Data/MonoBleedingEdge/data-000001968899BC40.dll
Fallback handler could not load library C:/Program Files (x86)/Steam/steamapps/common/RimWorld/RimWorldWin64_Data/MonoBleedingEdge/data-0000019675EC8B10.dll
Fallback handler could not load library C:/Program Files (x86)/Steam/steamapps/common/RimWorld/RimWorldWin64_Data/MonoBleedingEdge/data-00000196889B9C50.dll
Fallback handler could not load library C:/Program Files (x86)/Steam/steamapps/common/RimWorld/RimWorldWin64_Data/MonoBleedingEdge/data-00000196770C11F0.dll
Fallback handler could not load library C:/Program Files (x86)/Steam/steamapps/common/RimWorld/RimWorldWin64_Data/MonoBleedingEdge/data-00000196889BD460.dll
Fallback handler could not load library C:/Program Files (x86)/Steam/steamapps/common/RimWorld/RimWorldWin64_Data/MonoBleedingEdge/data-00000196889C1870.dll
Fallback handler could not load library C:/Program Files (x86)/Steam/steamapps/common/RimWorld/RimWorldWin64_Data/MonoBleedingEdge/data-00000196889C6280.dll
Fallback handler could not load library C:/Program Files (x86)/Steam/steamapps/common/RimWorld/RimWorldWin64_Data/MonoBleedingEdge/data-00000196889E9490.dll
Fallback handler could not load library C:/Program Files (x86)/Steam/steamapps/common/RimWorld/RimWorldWin64_Data/MonoBleedingEdge/data-00000196889EE2A0.dll
Fallback handler could not load library C:/Program Files (x86)/Steam/steamapps/common/RimWorld/RimWorldWin64_Data/MonoBleedingEdge/data-0000019688A2B4B0.dll
Fallback handler could not load library C:/Program Files (x86)/Steam/steamapps/common/RimWorld/RimWorldWin64_Data/MonoBleedingEdge/data-0000019688A2E0C0.dll
Fallback handler could not load library C:/Program Files (x86)/Steam/steamapps/common/RimWorld/RimWorldWin64_Data/MonoBleedingEdge/data-0000019688A2F8D0.dll
Fallback handler could not load library C:/Program Files (x86)/Steam/steamapps/common/RimWorld/RimWorldWin64_Data/MonoBleedingEdge/data-0000019688A3CEE0.dll
Fallback handler could not load library C:/Program Files (x86)/Steam/steamapps/common/RimWorld/RimWorldWin64_Data/MonoBleedingEdge/data-0000019688A49EF0.dll
Fallback handler could not load library C:/Program Files (x86)/Steam/steamapps/common/RimWorld/RimWorldWin64_Data/MonoBleedingEdge/data-0000019688A53500.dll
Fallback handler could not load library C:/Program Files (x86)/Steam/steamapps/common/RimWorld/RimWorldWin64_Data/MonoBleedingEdge/data-0000019688459810.dll
Fallback handler could not load library C:/Program Files (x86)/Steam/steamapps/common/RimWorld/RimWorldWin64_Data/MonoBleedingEdge/data-0000019688A55110.dll
Fallback handler could not load library C:/Program Files (x86)/Steam/steamapps/common/RimWorld/RimWorldWin64_Data/MonoBleedingEdge/data-0000019688A58120.dll
Fallback handler could not load library C:/Program Files (x86)/Steam/steamapps/common/RimWorld/RimWorldWin64_Data/MonoBleedingEdge/data-0000019688A5F330.dll
Fallback handler could not load library C:/Program Files (x86)/Steam/steamapps/common/RimWorld/RimWorldWin64_Data/MonoBleedingEdge/data-0000019688A67740.dll
Fallback handler could not load library C:/Program Files (x86)/Steam/steamapps/common/RimWorld/RimWorldWin64_Data/MonoBleedingEdge/data-0000019688B00C20.dll
Fallback handler could not load library C:/Program Files (x86)/Steam/steamapps/common/RimWorld/RimWorldWin64_Data/MonoBleedingEdge/data-0000019688ABE550.dll
Fallback handler could not load library C:/Program Files (x86)/Steam/steamapps/common/RimWorld/RimWorldWin64_Data/MonoBleedingEdge/data-0000019688AC7160.dll
Fallback handler could not load library C:/Program Files (x86)/Steam/steamapps/common/RimWorld/RimWorldWin64_Data/MonoBleedingEdge/data-0000019688B04830.dll
Fallback handler could not load library C:/Program Files (x86)/Steam/steamapps/common/RimWorld/RimWorldWin64_Data/MonoBleedingEdge/data-0000019688ACC370.dll
Fallback handler could not load library C:/Program Files (x86)/Steam/steamapps/common/RimWorld/RimWorldWin64_Data/MonoBleedingEdge/data-0000019688B07840.dll
Fallback handler could not load library C:/Program Files (x86)/Steam/steamapps/common/RimWorld/RimWorldWin64_Data/MonoBleedingEdge/data-00000196893B0040.dll
Fallback handler could not load library C:/Program Files (x86)/Steam/steamapps/common/RimWorld/RimWorldWin64_Data/MonoBleedingEdge/data-0000019688B29850.dll
Fallback handler could not load library C:/Program Files (x86)/Steam/steamapps/common/RimWorld/RimWorldWin64_Data/MonoBleedingEdge/data-0000019688B4E460.dll
Fallback handler could not load library C:/Program Files (x86)/Steam/steamapps/common/RimWorld/RimWorldWin64_Data/MonoBleedingEdge/data-0000019688ACDF80.dll
Fallback handler could not load library C:/Program Files (x86)/Steam/steamapps/common/RimWorld/RimWorldWin64_Data/MonoBleedingEdge/data-0000019688AD7390.dll
Fallback handler could not load library C:/Program Files (x86)/Steam/steamapps/common/RimWorld/RimWorldWin64_Data/MonoBleedingEdge/data-0000019688B63670.dll
Fallback handler could not load library C:/Program Files (x86)/Steam/steamapps/common/RimWorld/RimWorldWin64_Data/MonoBleedingEdge/data-0000019688C11680.dll
Fallback handler could not load library C:/Program Files (x86)/Steam/steamapps/common/RimWorld/RimWorldWin64_Data/MonoBleedingEdge/data-0000019665BFC890.dll
Fallback handler could not load library C:/Program Files (x86)/Steam/steamapps/common/RimWorld/RimWorldWin64_Data/MonoBleedingEdge/data-0000019688C26220.dll
Fallback handler could not load library C:/Program Files (x86)/Steam/steamapps/common/RimWorld/RimWorldWin64_Data/MonoBleedingEdge/data-0000019688C4D810.dll
Fallback handler could not load library C:/Program Files (x86)/Steam/steamapps/common/RimWorld/RimWorldWin64_Data/MonoBleedingEdge/data-0000019688C55420.dll
Fallback handler could not load library C:/Program Files (x86)/Steam/steamapps/common/RimWorld/RimWorldWin64_Data/MonoBleedingEdge/data-0000019688C17690.dll
Fallback handler could not load library C:/Program Files (x86)/Steam/steamapps/common/RimWorld/RimWorldWin64_Data/MonoBleedingEdge/data-0000019688C32830.dll
Fallback handler could not load library C:/Program Files (x86)/Steam/steamapps/common/RimWorld/RimWorldWin64_Data/MonoBleedingEdge/data-0000019688C62630.dll
Fallback handler could not load library C:/Program Files (x86)/Steam/steamapps/common/RimWorld/RimWorldWin64_Data/MonoBleedingEdge/data-0000019688C6A640.dll
Fallback handler could not load library C:/Program Files (x86)/Steam/steamapps/common/RimWorld/RimWorldWin64_Data/MonoBleedingEdge/data-0000019688C77E50.dll
Fallback handler could not load library C:/Program Files (x86)/Steam/steamapps/common/RimWorld/RimWorldWin64_Data/MonoBleedingEdge/data-0000019676F8ECD0.dll
Fallback handler could not load library C:/Program Files (x86)/Steam/steamapps/common/RimWorld/RimWorldWin64_Data/MonoBleedingEdge/data-0000019688C35640.dll
Fallback handler could not load library C:/Program Files (x86)/Steam/steamapps/common/RimWorld/RimWorldWin64_Data/MonoBleedingEdge/data-0000019688C80A60.dll
Fallback handler could not load library C:/Program Files (x86)/Steam/steamapps/common/RimWorld/RimWorldWin64_Data/MonoBleedingEdge/data-0000019688C8D670.dll
Fallback handler could not load library C:/Program Files (x86)/Steam/steamapps/common/RimWorld/RimWorldWin64_Data/MonoBleedingEdge/data-0000019688C92680.dll
Fallback handler could not load library C:/Program Files (x86)/Steam/steamapps/common/RimWorld/RimWorldWin64_Data/MonoBleedingEdge/data-0000019688C9F890.dll
Fallback handler could not load library C:/Program Files (x86)/Steam/steamapps/common/RimWorld/RimWorldWin64_Data/MonoBleedingEdge/data-0000019688CA54A0.dll
Fallback handler could not load library C:/Program Files (x86)/Steam/steamapps/common/RimWorld/RimWorldWin64_Data/MonoBleedingEdge/data-0000019688CA80B0.dll
Fallback handler could not load library C:/Program Files (x86)/Steam/steamapps/common/RimWorld/RimWorldWin64_Data/MonoBleedingEdge/data-0000019688CAD0C0.dll
Fallback handler could not load library C:/Program Files (x86)/Steam/steamapps/common/RimWorld/RimWorldWin64_Data/MonoBleedingEdge/data-0000019688CB44D0.dll
Fallback handler could not load library C:/Program Files (x86)/Steam/steamapps/common/RimWorld/RimWorldWin64_Data/MonoBleedingEdge/data-0000019688CF7010.dll
Fallback handler could not load library C:/Program Files (x86)/Steam/steamapps/common/RimWorld/RimWorldWin64_Data/MonoBleedingEdge/data-0000019688CFD030.dll
Fallback handler could not load library C:/Program Files (x86)/Steam/steamapps/common/RimWorld/RimWorldWin64_Data/MonoBleedingEdge/data-0000019676F8B8C0.dll
Fallback handler could not load library C:/Program Files (x86)/Steam/steamapps/common/RimWorld/RimWorldWin64_Data/MonoBleedingEdge/data-0000019688D02040.dll
Fallback handler could not load library C:/Program Files (x86)/Steam/steamapps/common/RimWorld/RimWorldWin64_Data/MonoBleedingEdge/data-0000019688D03C50.dll
Fallback handler could not load library C:/Program Files (x86)/Steam/steamapps/common/RimWorld/RimWorldWin64_Data/MonoBleedingEdge/data-0000019688D05A60.dll
Fallback handler could not load library C:/Program Files (x86)/Steam/steamapps/common/RimWorld/RimWorldWin64_Data/MonoBleedingEdge/data-0000019688D35010.dll
Fallback handler could not load library C:/Program Files (x86)/Steam/steamapps/common/RimWorld/RimWorldWin64_Data/MonoBleedingEdge/data-0000019688D4C420.dll
Fallback handler could not load library C:/Program Files (x86)/Steam/steamapps/common/RimWorld/RimWorldWin64_Data/MonoBleedingEdge/data-0000019688D51E30.dll
Fallback handler could not load library C:/Program Files (x86)/Steam/steamapps/common/RimWorld/RimWorldWin64_Data/MonoBleedingEdge/data-00000196770C5210.dll
Fallback handler could not load library C:/Program Files (x86)/Steam/steamapps/common/RimWorld/RimWorldWin64_Data/MonoBleedingEdge/data-0000019688D54840.dll
Fallback handler could not load library C:/Program Files (x86)/Steam/steamapps/common/RimWorld/RimWorldWin64_Data/MonoBleedingEdge/data-0000019688DADA50.dll
Fallback handler could not load library C:/Program Files (x86)/Steam/steamapps/common/RimWorld/RimWorldWin64_Data/MonoBleedingEdge/data-0000019688DBA260.dll
Fallback handler could not load library C:/Program Files (x86)/Steam/steamapps/common/RimWorld/RimWorldWin64_Data/MonoBleedingEdge/data-0000019688DBC070.dll
Fallback handler could not load library C:/Program Files (x86)/Steam/steamapps/common/RimWorld/RimWorldWin64_Data/MonoBleedingEdge/data-0000019688E04010.dll
Fallback handler could not load library C:/Program Files (x86)/Steam/steamapps/common/RimWorld/RimWorldWin64_Data/MonoBleedingEdge/data-0000019688E07020.dll
Fallback handler could not load library C:/Program Files (x86)/Steam/steamapps/common/RimWorld/RimWorldWin64_Data/MonoBleedingEdge/data-0000019688E13230.dll
Fallback handler could not load library C:/Program Files (x86)/Steam/steamapps/common/RimWorld/RimWorldWin64_Data/MonoBleedingEdge/data-0000019688E1B640.dll
Fallback handler could not load library C:/Program Files (x86)/Steam/steamapps/common/RimWorld/RimWorldWin64_Data/MonoBleedingEdge/data-0000019688E1F250.dll
Fallback handler could not load library C:/Program Files (x86)/Steam/steamapps/common/RimWorld/RimWorldWin64_Data/MonoBleedingEdge/data-0000019688E24C60.dll
Fallback handler could not load library C:/Program Files (x86)/Steam/steamapps/common/RimWorld/RimWorldWin64_Data/MonoBleedingEdge/data-0000019688E29070.dll
Fallback handler could not load library C:/Program Files (x86)/Steam/steamapps/common/RimWorld/RimWorldWin64_Data/MonoBleedingEdge/data-0000019688E2E080.dll
Fallback handler could not load library C:/Program Files (x86)/Steam/steamapps/common/RimWorld/RimWorldWin64_Data/MonoBleedingEdge/data-0000019688E30490.dll
Fallback handler could not load library C:/Program Files (x86)/Steam/steamapps/common/RimWorld/RimWorldWin64_Data/MonoBleedingEdge/data-0000019688E31EA0.dll
Fallback handler could not load library C:/Program Files (x86)/Steam/steamapps/common/RimWorld/RimWorldWin64_Data/MonoBleedingEdge/data-0000019688E38EB0.dll
Fallback handler could not load library C:/Program Files (x86)/Steam/steamapps/common/RimWorld/RimWorldWin64_Data/MonoBleedingEdge/data-0000019688E480C0.dll
Fallback handler could not load library C:/Program Files (x86)/Steam/steamapps/common/RimWorld/RimWorldWin64_Data/MonoBleedingEdge/data-0000019688E4A6D0.dll
Fallback handler could not load library C:/Program Files (x86)/Steam/steamapps/common/RimWorld/RimWorldWin64_Data/MonoBleedingEdge/data-0000019688E4E4E0.dll
Fallback handler could not load library C:/Program Files (x86)/Steam/steamapps/common/RimWorld/RimWorldWin64_Data/MonoBleedingEdge/data-0000019688E51CF0.dll
Fallback handler could not load library C:/Program Files (x86)/Steam/steamapps/common/RimWorld/RimWorldWin64_Data/MonoBleedingEdge/data-0000019688E70D00.dll
Fallback handler could not load library C:/Program Files (x86)/Steam/steamapps/common/RimWorld/RimWorldWin64_Data/MonoBleedingEdge/data-0000019688EA5710.dll
Fallback handler could not load library C:/Program Files (x86)/Steam/steamapps/common/RimWorld/RimWorldWin64_Data/MonoBleedingEdge/data-0000019688EBEB20.dll
Fallback handler could not load library C:/Program Files (x86)/Steam/steamapps/common/RimWorld/RimWorldWin64_Data/MonoBleedingEdge/data-0000019688EC8B30.dll
Fallback handler could not load library C:/Program Files (x86)/Steam/steamapps/common/RimWorld/RimWorldWin64_Data/MonoBleedingEdge/data-0000019688ECC340.dll
Fallback handler could not load library C:/Program Files (x86)/Steam/steamapps/common/RimWorld/RimWorldWin64_Data/MonoBleedingEdge/data-0000019688EE6D50.dll
Fallback handler could not load library C:/Program Files (x86)/Steam/steamapps/common/RimWorld/RimWorldWin64_Data/MonoBleedingEdge/data-0000019665BFA070.dll
Fallback handler could not load library C:/Program Files (x86)/Steam/steamapps/common/RimWorld/RimWorldWin64_Data/MonoBleedingEdge/data-0000019688EFC010.dll
Fallback handler could not load library C:/Program Files (x86)/Steam/steamapps/common/RimWorld/RimWorldWin64_Data/MonoBleedingEdge/data-0000019688F07A20.dll
Fallback handler could not load library C:/Program Files (x86)/Steam/steamapps/common/RimWorld/RimWorldWin64_Data/MonoBleedingEdge/data-0000019688F10C30.dll
Fallback handler could not load library C:/Program Files (x86)/Steam/steamapps/common/RimWorld/RimWorldWin64_Data/MonoBleedingEdge/data-0000019688F24440.dll
Fallback handler could not load library C:/Program Files (x86)/Steam/steamapps/common/RimWorld/RimWorldWin64_Data/MonoBleedingEdge/data-0000019688F29A50.dll
Fallback handler could not load library C:/Program Files (x86)/Steam/steamapps/common/RimWorld/RimWorldWin64_Data/MonoBleedingEdge/data-00000196894F0080.dll
Fallback handler could not load library C:/Program Files (x86)/Steam/steamapps/common/RimWorld/RimWorldWin64_Data/MonoBleedingEdge/data-0000019688F34060.dll
Fallback handler could not load library C:/Program Files (x86)/Steam/steamapps/common/RimWorld/RimWorldWin64_Data/MonoBleedingEdge/data-0000019688F3AA70.dll
Fallback handler could not load library C:/Program Files (x86)/Steam/steamapps/common/RimWorld/RimWorldWin64_Data/MonoBleedingEdge/data-0000019688F52880.dll
Fallback handler could not load library C:/Program Files (x86)/Steam/steamapps/common/RimWorld/RimWorldWin64_Data/MonoBleedingEdge/data-0000019688F5B090.dll
Fallback handler could not load library C:/Program Files (x86)/Steam/steamapps/common/RimWorld/RimWorldWin64_Data/MonoBleedingEdge/data-0000019688F7FCA0.dll
Fallback handler could not load library C:/Program Files (x86)/Steam/steamapps/common/RimWorld/RimWorldWin64_Data/MonoBleedingEdge/data-000001968958CC90.dll
Fallback handler could not load library C:/Program Files (x86)/Steam/steamapps/common/RimWorld/RimWorldWin64_Data/MonoBleedingEdge/data-0000019688F982B0.dll
Fallback handler could not load library C:/Program Files (x86)/Steam/steamapps/common/RimWorld/RimWorldWin64_Data/MonoBleedingEdge/data-0000019688FA54C0.dll
Fallback handler could not load library C:/Program Files (x86)/Steam/steamapps/common/RimWorld/RimWorldWin64_Data/MonoBleedingEdge/data-0000019688FADAD0.dll
Fallback handler could not load library C:/Program Files (x86)/Steam/steamapps/common/RimWorld/RimWorldWin64_Data/MonoBleedingEdge/data-00000196895B86A0.dll
Fallback handler could not load library C:/Program Files (x86)/Steam/steamapps/common/RimWorld/RimWorldWin64_Data/MonoBleedingEdge/data-0000019688FB00E0.dll
Fallback handler could not load library C:/Program Files (x86)/Steam/steamapps/common/RimWorld/RimWorldWin64_Data/MonoBleedingEdge/data-0000019688FB6CF0.dll
Fallback handler could not load library C:/Program Files (x86)/Steam/steamapps/common/RimWorld/RimWorldWin64_Data/MonoBleedingEdge/data-00000196895C84B0.dll
Fallback handler could not load library C:/Program Files (x86)/Steam/steamapps/common/RimWorld/RimWorldWin64_Data/MonoBleedingEdge/data-00000196895EDAC0.dll
Fallback handler could not load library C:/Program Files (x86)/Steam/steamapps/common/RimWorld/RimWorldWin64_Data/MonoBleedingEdge/data-000001968960DEE0.dll
Fallback handler could not load library C:/Program Files (x86)/Steam/steamapps/common/RimWorld/RimWorldWin64_Data/MonoBleedingEdge/data-000001968967D2F0.dll
Fallback handler could not load library C:/Program Files (x86)/Steam/steamapps/common/RimWorld/RimWorldWin64_Data/MonoBleedingEdge/data-000001968968C900.dll
Fallback handler could not load library C:/Program Files (x86)/Steam/steamapps/common/RimWorld/RimWorldWin64_Data/MonoBleedingEdge/data-0000019689698510.dll
Fallback handler could not load library C:/Program Files (x86)/Steam/steamapps/common/RimWorld/RimWorldWin64_Data/MonoBleedingEdge/data-000001968969F120.dll
Fallback handler could not load library C:/Program Files (x86)/Steam/steamapps/common/RimWorld/RimWorldWin64_Data/MonoBleedingEdge/data-00000196896A7330.dll
Fallback handler could not load library C:/Program Files (x86)/Steam/steamapps/common/RimWorld/RimWorldWin64_Data/MonoBleedingEdge/data-00000196896B0140.dll
Fallback handler could not load library C:/Program Files (x86)/Steam/steamapps/common/RimWorld/RimWorldWin64_Data/MonoBleedingEdge/data-00000196896B7950.dll
Fallback handler could not load library C:/Program Files (x86)/Steam/steamapps/common/RimWorld/RimWorldWin64_Data/MonoBleedingEdge/data-00000196896C5B60.dll
Fallback handler could not load library C:/Program Files (x86)/Steam/steamapps/common/RimWorld/RimWorldWin64_Data/MonoBleedingEdge/data-00000196896CC970.dll
Fallback handler could not load library C:/Program Files (x86)/Steam/steamapps/common/RimWorld/RimWorldWin64_Data/MonoBleedingEdge/data-00000196896D1980.dll
Fallback handler could not load library C:/Program Files (x86)/Steam/steamapps/common/RimWorld/RimWorldWin64_Data/MonoBleedingEdge/data-00000196896D8190.dll
Fallback handler could not load library C:/Program Files (x86)/Steam/steamapps/common/RimWorld/RimWorldWin64_Data/MonoBleedingEdge/data-00000196896DF9A0.dll
Fallback handler could not load library C:/Program Files (x86)/Steam/steamapps/common/RimWorld/RimWorldWin64_Data/MonoBleedingEdge/data-00000196896E2FB0.dll
Fallback handler could not load library C:/Program Files (x86)/Steam/steamapps/common/RimWorld/RimWorldWin64_Data/MonoBleedingEdge/data-00000196897011C0.dll
Fallback handler could not load library C:/Program Files (x86)/Steam/steamapps/common/RimWorld/RimWorldWin64_Data/MonoBleedingEdge/data-000001968976A9D0.dll
Fallback handler could not load library C:/Program Files (x86)/Steam/steamapps/common/RimWorld/RimWorldWin64_Data/MonoBleedingEdge/data-0000019689792FE0.dll
Fallback handler could not load library C:/Program Files (x86)/Steam/steamapps/common/RimWorld/RimWorldWin64_Data/MonoBleedingEdge/data-00000196897A59F0.dll
Fallback handler could not load library C:/Program Files (x86)/Steam/steamapps/common/RimWorld/RimWorldWin64_Data/MonoBleedingEdge/data-00000196897AAE00.dll
Fallback handler could not load library C:/Program Files (x86)/Steam/steamapps/common/RimWorld/RimWorldWin64_Data/MonoBleedingEdge/data-00000196897BEA10.dll
Fallback handler could not load library C:/Program Files (x86)/Steam/steamapps/common/RimWorld/RimWorldWin64_Data/MonoBleedingEdge/data-00000196897C1820.dll
Fallback handler could not load library C:/Program Files (x86)/Steam/steamapps/common/RimWorld/RimWorldWin64_Data/MonoBleedingEdge/data-0000019689804030.dll
Fallback handler could not load library C:/Program Files (x86)/Steam/steamapps/common/RimWorld/RimWorldWin64_Data/MonoBleedingEdge/data-0000019689806440.dll
Fallback handler could not load library C:/Program Files (x86)/Steam/steamapps/common/RimWorld/RimWorldWin64_Data/MonoBleedingEdge/data-0000019689809050.dll
Fallback handler could not load library C:/Program Files (x86)/Steam/steamapps/common/RimWorld/RimWorldWin64_Data/MonoBleedingEdge/data-000001968982A860.dll
Fallback handler could not load library C:/Program Files (x86)/Steam/steamapps/common/RimWorld/RimWorldWin64_Data/MonoBleedingEdge/data-000001968983D070.dll
Fallback handler could not load library C:/Program Files (x86)/Steam/steamapps/common/RimWorld/RimWorldWin64_Data/MonoBleedingEdge/data-000001968985DC80.dll
Fallback handler could not load library C:/Program Files (x86)/Steam/steamapps/common/RimWorld/RimWorldWin64_Data/MonoBleedingEdge/data-0000019665C004C0.dll
Fallback handler could not load library C:/Program Files (x86)/Steam/steamapps/common/RimWorld/RimWorldWin64_Data/MonoBleedingEdge/data-0000019665BFF0B0.dll
Fallback handler could not load library C:/Program Files (x86)/Steam/steamapps/common/RimWorld/RimWorldWin64_Data/MonoBleedingEdge/data-0000019689862890.dll
Fallback handler could not load library C:/Program Files (x86)/Steam/steamapps/common/RimWorld/RimWorldWin64_Data/MonoBleedingEdge/data-0000019675EC24E0.dll
Fallback handler could not load library C:/Program Files (x86)/Steam/steamapps/common/RimWorld/RimWorldWin64_Data/MonoBleedingEdge/data-00000196898642A0.dll
Fallback handler could not load library C:/Program Files (x86)/Steam/steamapps/common/RimWorld/RimWorldWin64_Data/MonoBleedingEdge/data-000001968986A6B0.dll
Fallback handler could not load library C:/Program Files (x86)/Steam/steamapps/common/RimWorld/RimWorldWin64_Data/MonoBleedingEdge/data-000001968986EEC0.dll
Fallback handler could not load library C:/Program Files (x86)/Steam/steamapps/common/RimWorld/RimWorldWin64_Data/MonoBleedingEdge/data-000001968988B2D0.dll
Fallback handler could not load library C:/Program Files (x86)/Steam/steamapps/common/RimWorld/RimWorldWin64_Data/MonoBleedingEdge/data-00000196898CC6E0.dll
Fallback handler could not load library C:/Program Files (x86)/Steam/steamapps/common/RimWorld/RimWorldWin64_Data/MonoBleedingEdge/data-00000196898D06F0.dll
Fallback handler could not load library C:/Program Files (x86)/Steam/steamapps/common/RimWorld/RimWorldWin64_Data/MonoBleedingEdge/data-00000196898D2300.dll
Fallback handler could not load library C:/Program Files (x86)/Steam/steamapps/common/RimWorld/RimWorldWin64_Data/MonoBleedingEdge/data-00000196898E6960.dll
Fallback handler could not load library C:/Program Files (x86)/Steam/steamapps/common/RimWorld/RimWorldWin64_Data/MonoBleedingEdge/data-00000196898EC770.dll
Fallback handler could not load library C:/Program Files (x86)/Steam/steamapps/common/RimWorld/RimWorldWin64_Data/MonoBleedingEdge/data-00000196898FE190.dll
Fallback handler could not load library C:/Program Files (x86)/Steam/steamapps/common/RimWorld/RimWorldWin64_Data/MonoBleedingEdge/data-000001968845E050.dll
Fallback handler could not load library C:/Program Files (x86)/Steam/steamapps/common/RimWorld/RimWorldWin64_Data/MonoBleedingEdge/data-000001968991D3A0.dll
Fallback handler could not load library C:/Program Files (x86)/Steam/steamapps/common/RimWorld/RimWorldWin64_Data/MonoBleedingEdge/data-00000196898D8B10.dll
Fallback handler could not load library C:/Program Files (x86)/Steam/steamapps/common/RimWorld/RimWorldWin64_Data/MonoBleedingEdge/data-000001968993EDB0.dll
Fallback handler could not load library C:/Program Files (x86)/Steam/steamapps/common/RimWorld/RimWorldWin64_Data/MonoBleedingEdge/data-000001968994CBC0.dll
Fallback handler could not load library C:/Program Files (x86)/Steam/steamapps/common/RimWorld/RimWorldWin64_Data/MonoBleedingEdge/data-00000196899565D0.dll
Fallback handler could not load library C:/Program Files (x86)/Steam/steamapps/common/RimWorld/RimWorldWin64_Data/MonoBleedingEdge/data-000001968998EBF0.dll
Fallback handler could not load library C:/Program Files (x86)/Steam/steamapps/common/RimWorld/RimWorldWin64_Data/MonoBleedingEdge/data-0000019689990A00.dll
Fallback handler could not load library C:/Program Files (x86)/Steam/steamapps/common/RimWorld/RimWorldWin64_Data/MonoBleedingEdge/data-00000196899A1C10.dll
Fallback handler could not load library C:/Program Files (x86)/Steam/steamapps/common/RimWorld/RimWorldWin64_Data/MonoBleedingEdge/data-00000196899A3420.dll
Fallback handler could not load library C:/Program Files (x86)/Steam/steamapps/common/RimWorld/RimWorldWin64_Data/MonoBleedingEdge/data-00000196899D4630.dll
Fallback handler could not load library C:/Program Files (x86)/Steam/steamapps/common/RimWorld/RimWorldWin64_Data/MonoBleedingEdge/data-00000196899EF040.dll
Fallback handler could not load library C:/Program Files (x86)/Steam/steamapps/common/RimWorld/RimWorldWin64_Data/MonoBleedingEdge/data-000001968A4C4040.dll
Fallback handler could not load library C:/Program Files (x86)/Steam/steamapps/common/RimWorld/RimWorldWin64_Data/MonoBleedingEdge/data-00000196899FC850.dll
Fallback handler could not load library C:/Program Files (x86)/Steam/steamapps/common/RimWorld/RimWorldWin64_Data/MonoBleedingEdge/data-0000019689A32A60.dll
Fallback handler could not load library C:/Program Files (x86)/Steam/steamapps/common/RimWorld/RimWorldWin64_Data/MonoBleedingEdge/data-0000019689A35C70.dll
Fallback handler could not load library C:/Program Files (x86)/Steam/steamapps/common/RimWorld/RimWorldWin64_Data/MonoBleedingEdge/data-0000019689A52480.dll
Fallback handler could not load library C:/Program Files (x86)/Steam/steamapps/common/RimWorld/RimWorldWin64_Data/MonoBleedingEdge/data-0000019689A9C890.dll
Fallback handler could not load library C:/Program Files (x86)/Steam/steamapps/common/RimWorld/RimWorldWin64_Data/MonoBleedingEdge/data-0000019689AA30A0.dll
Fallback handler could not load library C:/Program Files (x86)/Steam/steamapps/common/RimWorld/RimWorldWin64_Data/MonoBleedingEdge/data-0000019689B03CB0.dll
Fallback handler could not load library C:/Program Files (x86)/Steam/steamapps/common/RimWorld/RimWorldWin64_Data/MonoBleedingEdge/data-0000019675ECAD20.dll
Fallback handler could not load library C:/Program Files (x86)/Steam/steamapps/common/RimWorld/RimWorldWin64_Data/MonoBleedingEdge/data-0000019689B05AC0.dll
Fallback handler could not load library C:/Program Files (x86)/Steam/steamapps/common/RimWorld/RimWorldWin64_Data/MonoBleedingEdge/data-0000019689B166D0.dll
Fallback handler could not load library C:/Program Files (x86)/Steam/steamapps/common/RimWorld/RimWorldWin64_Data/MonoBleedingEdge/data-0000019689B194E0.dll
Fallback handler could not load library C:/Program Files (x86)/Steam/steamapps/common/RimWorld/RimWorldWin64_Data/MonoBleedingEdge/data-0000019689B49CF0.dll
Fallback handler could not load library C:/Program Files (x86)/Steam/steamapps/common/RimWorld/RimWorldWin64_Data/MonoBleedingEdge/data-0000019689B4DF00.dll
Fallback handler could not load library C:/Program Files (x86)/Steam/steamapps/common/RimWorld/RimWorldWin64_Data/MonoBleedingEdge/data-0000019689B4F910.dll
Fallback handler could not load library C:/Program Files (x86)/Steam/steamapps/common/RimWorld/RimWorldWin64_Data/MonoBleedingEdge/data-0000019689B68F20.dll
Fallback handler could not load library C:/Program Files (x86)/Steam/steamapps/common/RimWorld/RimWorldWin64_Data/MonoBleedingEdge/data-0000019689B6AD30.dll
Fallback handler could not load library C:/Program Files (x86)/Steam/steamapps/common/RimWorld/RimWorldWin64_Data/MonoBleedingEdge/data-0000019689B79140.dll
Fallback handler could not load library C:/Program Files (x86)/Steam/steamapps/common/RimWorld/RimWorldWin64_Data/MonoBleedingEdge/data-0000019689B7B750.dll
Fallback handler could not load library C:/Program Files (x86)/Steam/steamapps/common/RimWorld/RimWorldWin64_Data/MonoBleedingEdge/data-0000019689B8C760.dll
Fallback handler could not load library C:/Program Files (x86)/Steam/steamapps/common/RimWorld/RimWorldWin64_Data/MonoBleedingEdge/data-0000019689BBD570.dll
Fallback handler could not load library C:/Program Files (x86)/Steam/steamapps/common/RimWorld/RimWorldWin64_Data/MonoBleedingEdge/data-0000019689BCD780.dll
Fallback handler could not load library C:/Program Files (x86)/Steam/steamapps/common/RimWorld/RimWorldWin64_Data/MonoBleedingEdge/data-0000019689BD6790.dll
Fallback handler could not load library C:/Program Files (x86)/Steam/steamapps/common/RimWorld/RimWorldWin64_Data/MonoBleedingEdge/data-0000019689BE6DA0.dll
Fallback handler could not load library C:/Program Files (x86)/Steam/steamapps/common/RimWorld/RimWorldWin64_Data/MonoBleedingEdge/data-0000019689BEDBB0.dll
Fallback handler could not load library C:/Program Files (x86)/Steam/steamapps/common/RimWorld/RimWorldWin64_Data/MonoBleedingEdge/data-0000019689C8A3F0.dll
Fallback handler could not load library C:/Program Files (x86)/Steam/steamapps/common/RimWorld/RimWorldWin64_Data/MonoBleedingEdge/data-000001961AF96A50.dll
Fallback handler could not load library C:/Program Files (x86)/Steam/steamapps/common/RimWorld/RimWorldWin64_Data/MonoBleedingEdge/data-000001961AF9E280.dll
Fallback handler could not load library C:/Program Files (x86)/Steam/steamapps/common/RimWorld/RimWorldWin64_Data/MonoBleedingEdge/data-0000019689C547C0.dll
Fallback handler could not load library C:/Program Files (x86)/Steam/steamapps/common/RimWorld/RimWorldWin64_Data/MonoBleedingEdge/data-0000019689CD0010.dll
Fallback handler could not load library C:/Program Files (x86)/Steam/steamapps/common/RimWorld/RimWorldWin64_Data/MonoBleedingEdge/data-00000196883B8C50.dll
Fallback handler could not load library C:/Program Files (x86)/Steam/steamapps/common/RimWorld/RimWorldWin64_Data/MonoBleedingEdge/data-0000019689D18220.dll
Fallback handler could not load library C:/Program Files (x86)/Steam/steamapps/common/RimWorld/RimWorldWin64_Data/MonoBleedingEdge/data-0000019689D3E030.dll
Fallback handler could not load library C:/Program Files (x86)/Steam/steamapps/common/RimWorld/RimWorldWin64_Data/MonoBleedingEdge/data-0000019689D67C40.dll
Fallback handler could not load library C:/Program Files (x86)/Steam/steamapps/common/RimWorld/RimWorldWin64_Data/MonoBleedingEdge/data-0000019689C631D0.dll
Fallback handler could not load library C:/Program Files (x86)/Steam/steamapps/common/RimWorld/RimWorldWin64_Data/MonoBleedingEdge/data-0000019689D82450.dll
Fallback handler could not load library C:/Program Files (x86)/Steam/steamapps/common/RimWorld/RimWorldWin64_Data/MonoBleedingEdge/data-0000019689E7B460.dll
Fallback handler could not load library C:/Program Files (x86)/Steam/steamapps/common/RimWorld/RimWorldWin64_Data/MonoBleedingEdge/data-0000019689EA2670.dll
Fallback handler could not load library C:/Program Files (x86)/Steam/steamapps/common/RimWorld/RimWorldWin64_Data/MonoBleedingEdge/data-0000019689EA9280.dll
Fallback handler could not load library C:/Program Files (x86)/Steam/steamapps/common/RimWorld/RimWorldWin64_Data/MonoBleedingEdge/data-00000196883C10B0.dll
Fallback handler could not load library C:/Program Files (x86)/Steam/steamapps/common/RimWorld/RimWorldWin64_Data/MonoBleedingEdge/data-0000019689EABC90.dll
Fallback handler could not load library C:/Program Files (x86)/Steam/steamapps/common/RimWorld/RimWorldWin64_Data/MonoBleedingEdge/data-0000019689EDC0A0.dll
Fallback handler could not load library C:/Program Files (x86)/Steam/steamapps/common/RimWorld/RimWorldWin64_Data/MonoBleedingEdge/data-0000019689EF7AB0.dll
Fallback handler could not load library C:/Program Files (x86)/Steam/steamapps/common/RimWorld/RimWorldWin64_Data/MonoBleedingEdge/data-0000019689F06050.dll
Fallback handler could not load library C:/Program Files (x86)/Steam/steamapps/common/RimWorld/RimWorldWin64_Data/MonoBleedingEdge/data-0000019689F0EA60.dll
Fallback handler could not load library C:/Program Files (x86)/Steam/steamapps/common/RimWorld/RimWorldWin64_Data/MonoBleedingEdge/data-0000019689F18E70.dll
Fallback handler could not load library C:/Program Files (x86)/Steam/steamapps/common/RimWorld/RimWorldWin64_Data/MonoBleedingEdge/data-0000019689F41E80.dll
Fallback handler could not load library C:/Program Files (x86)/Steam/steamapps/common/RimWorld/RimWorldWin64_Data/MonoBleedingEdge/data-000001968A00D890.dll
Fallback handler could not load library C:/Program Files (x86)/Steam/steamapps/common/RimWorld/RimWorldWin64_Data/MonoBleedingEdge/data-000001968A0366A0.dll
Fallback handler could not load library C:/Program Files (x86)/Steam/steamapps/common/RimWorld/RimWorldWin64_Data/MonoBleedingEdge/data-000001968A0550B0.dll
Fallback handler could not load library C:/Program Files (x86)/Steam/steamapps/common/RimWorld/RimWorldWin64_Data/MonoBleedingEdge/data-000001968A099EC0.dll
Fallback handler could not load library C:/Program Files (x86)/Steam/steamapps/common/RimWorld/RimWorldWin64_Data/MonoBleedingEdge/data-000001968A0D0AD0.dll
Fallback handler could not load library C:/Program Files (x86)/Steam/steamapps/common/RimWorld/RimWorldWin64_Data/MonoBleedingEdge/data-000001968A0E76E0.dll
Fallback handler could not load library C:/Program Files (x86)/Steam/steamapps/common/RimWorld/RimWorldWin64_Data/MonoBleedingEdge/data-000001968A0F52F0.dll
Fallback handler could not load library C:/Program Files (x86)/Steam/steamapps/common/RimWorld/RimWorldWin64_Data/MonoBleedingEdge/data-000001968A13BD00.dll
Fallback handler could not load library C:/Program Files (x86)/Steam/steamapps/common/RimWorld/RimWorldWin64_Data/MonoBleedingEdge/data-000001968A165B10.dll
Fallback handler could not load library C:/Program Files (x86)/Steam/steamapps/common/RimWorld/RimWorldWin64_Data/MonoBleedingEdge/data-000001968A16EF20.dll
Fallback handler could not load library C:/Program Files (x86)/Steam/steamapps/common/RimWorld/RimWorldWin64_Data/MonoBleedingEdge/data-000001968A171330.dll
Fallback handler could not load library C:/Program Files (x86)/Steam/steamapps/common/RimWorld/RimWorldWin64_Data/MonoBleedingEdge/data-0000019675B6C190.dll
Fallback handler could not load library C:/Program Files (x86)/Steam/steamapps/common/RimWorld/RimWorldWin64_Data/MonoBleedingEdge/data-0000019675B6D1A0.dll
Fallback handler could not load library C:/Program Files (x86)/Steam/steamapps/common/RimWorld/RimWorldWin64_Data/MonoBleedingEdge/data-000001968A183D40.dll
Fallback handler could not load library C:/Program Files (x86)/Steam/steamapps/common/RimWorld/RimWorldWin64_Data/MonoBleedingEdge/data-000001968A19BD50.dll
Fallback handler could not load library C:/Program Files (x86)/Steam/steamapps/common/RimWorld/RimWorldWin64_Data/MonoBleedingEdge/data-000001968A1A2B60.dll
Fallback handler could not load library C:/Program Files (x86)/Steam/steamapps/common/RimWorld/RimWorldWin64_Data/MonoBleedingEdge/data-000001968A1D9010.dll
Fallback handler could not load library C:/Program Files (x86)/Steam/steamapps/common/RimWorld/RimWorldWin64_Data/MonoBleedingEdge/data-000001968A1E0C20.dll
Fallback handler could not load library C:/Program Files (x86)/Steam/steamapps/common/RimWorld/RimWorldWin64_Data/MonoBleedingEdge/data-000001968A1FD030.dll
Fallback handler could not load library C:/Program Files (x86)/Steam/steamapps/common/RimWorld/RimWorldWin64_Data/MonoBleedingEdge/data-0000019689EF9EC0.dll
Fallback handler could not load library C:/Program Files (x86)/Steam/steamapps/common/RimWorld/RimWorldWin64_Data/MonoBleedingEdge/data-000001968A201240.dll
Fallback handler could not load library C:/Program Files (x86)/Steam/steamapps/common/RimWorld/RimWorldWin64_Data/MonoBleedingEdge/data-000001968845AA20.dll
Fallback handler could not load library C:/Program Files (x86)/Steam/steamapps/common/RimWorld/RimWorldWin64_Data/MonoBleedingEdge/data-000001968A255010.dll
Fallback handler could not load library C:/Program Files (x86)/Steam/steamapps/common/RimWorld/RimWorldWin64_Data/MonoBleedingEdge/data-000001968A264620.dll
Fallback handler could not load library C:/Program Files (x86)/Steam/steamapps/common/RimWorld/RimWorldWin64_Data/MonoBleedingEdge/data-0000019675ECF140.dll
Fallback handler could not load library C:/Program Files (x86)/Steam/steamapps/common/RimWorld/RimWorldWin64_Data/MonoBleedingEdge/data-000001968A26F040.dll
Fallback handler could not load library C:/Program Files (x86)/Steam/steamapps/common/RimWorld/RimWorldWin64_Data/MonoBleedingEdge/data-00000196883BE490.dll
Fallback handler could not load library C:/Program Files (x86)/Steam/steamapps/common/RimWorld/RimWorldWin64_Data/MonoBleedingEdge/data-000001968A27E450.dll
Fallback handler could not load library C:/Program Files (x86)/Steam/steamapps/common/RimWorld/RimWorldWin64_Data/MonoBleedingEdge/data-000001968A2B8660.dll
Fallback handler could not load library C:/Program Files (x86)/Steam/steamapps/common/RimWorld/RimWorldWin64_Data/MonoBleedingEdge/data-000001968A2CE070.dll
Fallback handler could not load library C:/Program Files (x86)/Steam/steamapps/common/RimWorld/RimWorldWin64_Data/MonoBleedingEdge/data-000001968A2D1280.dll
Fallback handler could not load library C:/Program Files (x86)/Steam/steamapps/common/RimWorld/RimWorldWin64_Data/MonoBleedingEdge/data-000001968A2D7890.dll
Fallback handler could not load library C:/Program Files (x86)/Steam/steamapps/common/RimWorld/RimWorldWin64_Data/MonoBleedingEdge/data-000001968845CE40.dll
Fallback handler could not load library C:/Program Files (x86)/Steam/steamapps/common/RimWorld/RimWorldWin64_Data/MonoBleedingEdge/data-0000019665C018D0.dll
Fallback handler could not load library C:/Program Files (x86)/Steam/steamapps/common/RimWorld/RimWorldWin64_Data/MonoBleedingEdge/data-000001968A366010.dll
Fallback handler could not load library C:/Program Files (x86)/Steam/steamapps/common/RimWorld/RimWorldWin64_Data/MonoBleedingEdge/data-000001968A368620.dll
Fallback handler could not load library C:/Program Files (x86)/Steam/steamapps/common/RimWorld/RimWorldWin64_Data/MonoBleedingEdge/data-000001968845F260.dll
Fallback handler could not load library C:/Program Files (x86)/Steam/steamapps/common/RimWorld/RimWorldWin64_Data/MonoBleedingEdge/data-000001968A36A230.dll
Fallback handler could not load library C:/Program Files (x86)/Steam/steamapps/common/RimWorld/RimWorldWin64_Data/MonoBleedingEdge/data-000001968A414E40.dll
Fallback handler could not load library C:/Program Files (x86)/Steam/steamapps/common/RimWorld/RimWorldWin64_Data/MonoBleedingEdge/data-000001968A443C50.dll
Fallback handler could not load library C:/Program Files (x86)/Steam/steamapps/common/RimWorld/RimWorldWin64_Data/MonoBleedingEdge/data-000001961AFA32A0.dll
Fallback handler could not load library C:/Program Files (x86)/Steam/steamapps/common/RimWorld/RimWorldWin64_Data/MonoBleedingEdge/data-000001968A4B0550.dll
Fallback handler could not load library C:/Program Files (x86)/Steam/steamapps/common/RimWorld/RimWorldWin64_Data/MonoBleedingEdge/data-0000019675ED1350.dll
Fallback handler could not load library C:/Program Files (x86)/Steam/steamapps/common/RimWorld/RimWorldWin64_Data/MonoBleedingEdge/data-000001968A498080.dll
Fallback handler could not load library C:/Program Files (x86)/Steam/steamapps/common/RimWorld/RimWorldWin64_Data/MonoBleedingEdge/data-000001968A4B3B60.dll
Fallback handler could not load library C:/Program Files (x86)/Steam/steamapps/common/RimWorld/RimWorldWin64_Data/MonoBleedingEdge/data-000001968A5F8550.dll
Fallback handler could not load library C:/Program Files (x86)/Steam/steamapps/common/RimWorld/RimWorldWin64_Data/MonoBleedingEdge/data-0000019675ED3560.dll
Fallback handler could not load library C:/Program Files (x86)/Steam/steamapps/common/RimWorld/RimWorldWin64_Data/MonoBleedingEdge/data-000001968A49D490.dll
Fallback handler could not load library C:/Program Files (x86)/Steam/steamapps/common/RimWorld/RimWorldWin64_Data/MonoBleedingEdge/data-000001968A49F0A0.dll
Fallback handler could not load library C:/Program Files (x86)/Steam/steamapps/common/RimWorld/RimWorldWin64_Data/MonoBleedingEdge/data-000001968A4A2EB0.dll
Fallback handler could not load library C:/Program Files (x86)/Steam/steamapps/common/RimWorld/RimWorldWin64_Data/MonoBleedingEdge/data-000001968A4A54C0.dll
Fallback handler could not load library C:/Program Files (x86)/Steam/steamapps/common/RimWorld/RimWorldWin64_Data/MonoBleedingEdge/data-0000019675ECCF30.dll
Fallback handler could not load library C:/Program Files (x86)/Steam/steamapps/common/RimWorld/RimWorldWin64_Data/MonoBleedingEdge/data-000001968A4B5F70.dll
Fallback handler could not load library C:/Program Files (x86)/Steam/steamapps/common/RimWorld/RimWorldWin64_Data/MonoBleedingEdge/data-000001968A4B7D80.dll
Fallback handler could not load library C:/Program Files (x86)/Steam/steamapps/common/RimWorld/RimWorldWin64_Data/MonoBleedingEdge/data-000001968A5F9D60.dll
Fallback handler could not load library C:/Program Files (x86)/Steam/steamapps/common/RimWorld/RimWorldWin64_Data/MonoBleedingEdge/data-000001968A4A6CD0.dll
Fallback handler could not load library C:/Program Files (x86)/Steam/steamapps/common/RimWorld/RimWorldWin64_Data/MonoBleedingEdge/data-000001968A4BAD90.dll
Fallback handler could not load library C:/Program Files (x86)/Steam/steamapps/common/RimWorld/RimWorldWin64_Data/MonoBleedingEdge/data-000001968845BC30.dll
Fallback handler could not load library C:/Program Files (x86)/Steam/steamapps/common/RimWorld/RimWorldWin64_Data/MonoBleedingEdge/data-00000196770C3200.dll
Fallback handler could not load library C:/Program Files (x86)/Steam/steamapps/common/RimWorld/RimWorldWin64_Data/MonoBleedingEdge/data-000001968A601370.dll
Fallback handler could not load library C:/Program Files (x86)/Steam/steamapps/common/RimWorld/RimWorldWin64_Data/MonoBleedingEdge/data-0000019675EDBDA0.dll
Fallback handler could not load library C:/Program Files (x86)/Steam/steamapps/common/RimWorld/RimWorldWin64_Data/MonoBleedingEdge/data-000001961AFA0A90.dll
Fallback handler could not load library C:/Program Files (x86)/Steam/steamapps/common/RimWorld/RimWorldWin64_Data/MonoBleedingEdge/data-000001968A608990.dll
Fallback handler could not load library C:/Program Files (x86)/Steam/steamapps/common/RimWorld/RimWorldWin64_Data/MonoBleedingEdge/data-000001968A655D50.dll
Fallback handler could not load library C:/Program Files (x86)/Steam/steamapps/common/RimWorld/RimWorldWin64_Data/MonoBleedingEdge/data-0000019675ED7980.dll
Fallback handler could not load library C:/Program Files (x86)/Steam/steamapps/common/RimWorld/RimWorldWin64_Data/MonoBleedingEdge/data-000001968A6311A0.dll
Fallback handler could not load library C:/Program Files (x86)/Steam/steamapps/common/RimWorld/RimWorldWin64_Data/MonoBleedingEdge/data-000001968A658B60.dll
Fallback handler could not load library C:/Program Files (x86)/Steam/steamapps/common/RimWorld/RimWorldWin64_Data/MonoBleedingEdge/data-00000196883C26C0.dll
Fallback handler could not load library C:/Program Files (x86)/Steam/steamapps/common/RimWorld/RimWorldWin64_Data/MonoBleedingEdge/data-000001968A66EB70.dll
Fallback handler could not load library C:/Program Files (x86)/Steam/steamapps/common/RimWorld/RimWorldWin64_Data/MonoBleedingEdge/data-000001968A670580.dll
Fallback handler could not load library C:/Program Files (x86)/Steam/steamapps/common/RimWorld/RimWorldWin64_Data/MonoBleedingEdge/data-000001968A633FB0.dll
Fallback handler could not load library C:/Program Files (x86)/Steam/steamapps/common/RimWorld/RimWorldWin64_Data/MonoBleedingEdge/data-000001968A671F90.dll
Fallback handler could not load library C:/Program Files (x86)/Steam/steamapps/common/RimWorld/RimWorldWin64_Data/MonoBleedingEdge/data-000001968A6383C0.dll
Fallback handler could not load library C:/Program Files (x86)/Steam/steamapps/common/RimWorld/RimWorldWin64_Data/MonoBleedingEdge/data-000001968A6837A0.dll
Fallback handler could not load library C:/Program Files (x86)/Steam/steamapps/common/RimWorld/RimWorldWin64_Data/MonoBleedingEdge/data-000001968A63ADD0.dll
Fallback handler could not load library C:/Program Files (x86)/Steam/steamapps/common/RimWorld/RimWorldWin64_Data/MonoBleedingEdge/data-000001968A63C7E0.dll
Fallback handler could not load library C:/Program Files (x86)/Steam/steamapps/common/RimWorld/RimWorldWin64_Data/MonoBleedingEdge/data-000001968A68BFB0.dll
Fallback handler could not load library C:/Program Files (x86)/Steam/steamapps/common/RimWorld/RimWorldWin64_Data/MonoBleedingEdge/data-00000196770CF260.dll
Fallback handler could not load library C:/Program Files (x86)/Steam/steamapps/common/RimWorld/RimWorldWin64_Data/MonoBleedingEdge/data-000001968A68FDC0.dll
Fallback handler could not load library C:/Program Files (x86)/Steam/steamapps/common/RimWorld/RimWorldWin64_Data/MonoBleedingEdge/data-000001968A695BD0.dll
Fallback handler could not load library C:/Program Files (x86)/Steam/steamapps/common/RimWorld/RimWorldWin64_Data/MonoBleedingEdge/data-0000019675ED5770.dll
Fallback handler could not load library C:/Program Files (x86)/Steam/steamapps/common/RimWorld/RimWorldWin64_Data/MonoBleedingEdge/data-000001968A698DE0.dll
Fallback handler could not load library C:/Program Files (x86)/Steam/steamapps/common/RimWorld/RimWorldWin64_Data/MonoBleedingEdge/data-000001968A69B3F0.dll
Fallback handler could not load library C:/Program Files (x86)/Steam/steamapps/common/RimWorld/RimWorldWin64_Data/MonoBleedingEdge/data-000001968A69F400.dll
Fallback handler could not load library C:/Program Files (x86)/Steam/steamapps/common/RimWorld/RimWorldWin64_Data/MonoBleedingEdge/data-000001968A6A2610.dll
Fallback handler could not load library C:/Program Files (x86)/Steam/steamapps/common/RimWorld/RimWorldWin64_Data/MonoBleedingEdge/data-000001968A6A6220.dll
Fallback handler could not load library C:/Program Files (x86)/Steam/steamapps/common/RimWorld/RimWorldWin64_Data/MonoBleedingEdge/data-000001968A6ACA30.dll
Fallback handler could not load library C:/Program Files (x86)/Steam/steamapps/common/RimWorld/RimWorldWin64_Data/MonoBleedingEdge/data-000001968A6C1040.dll
Fallback handler could not load library C:/Program Files (x86)/Steam/steamapps/common/RimWorld/RimWorldWin64_Data/MonoBleedingEdge/data-000001968A6C2850.dll
Fallback handler could not load library C:/Program Files (x86)/Steam/steamapps/common/RimWorld/RimWorldWin64_Data/MonoBleedingEdge/data-000001968A6C6460.dll
Fallback handler could not load library C:/Program Files (x86)/Steam/steamapps/common/RimWorld/RimWorldWin64_Data/MonoBleedingEdge/data-000001968A6CA470.dll
Fallback handler could not load library C:/Program Files (x86)/Steam/steamapps/common/RimWorld/RimWorldWin64_Data/MonoBleedingEdge/data-000001968A6D5080.dll
Fallback handler could not load library C:/Program Files (x86)/Steam/steamapps/common/RimWorld/RimWorldWin64_Data/MonoBleedingEdge/data-000001968A6DB690.dll
Fallback handler could not load library C:/Program Files (x86)/Steam/steamapps/common/RimWorld/RimWorldWin64_Data/MonoBleedingEdge/data-000001968A701AB0.dll
Fallback handler could not load library C:/Program Files (x86)/Steam/steamapps/common/RimWorld/RimWorldWin64_Data/MonoBleedingEdge/data-000001968A70B2C0.dll
Fallback handler could not load library C:/Program Files (x86)/Steam/steamapps/common/RimWorld/RimWorldWin64_Data/MonoBleedingEdge/data-000001968B5B4040.dll
Fallback handler could not load library C:/Program Files (x86)/Steam/steamapps/common/RimWorld/RimWorldWin64_Data/MonoBleedingEdge/data-0000019665BFDCA0.dll
Fallback handler could not load library C:/Program Files (x86)/Steam/steamapps/common/RimWorld/RimWorldWin64_Data/MonoBleedingEdge/data-00000196770CD250.dll
Prepatcher: Done loading
Command line arguments: -disable-compute-shaders
RimWorld 1.6.4871 rev591
Mod RimUtinni: Aftermath Rites dependency (mandrake.rm.aftermath) needs to have <downloadUrl> and/or <steamWorkshopUrl> specified.
Mod RimMandrake: Utinni — Inhabited (Ash'karr) dependency (mandrake.rm.inhabited) needs to have <downloadUrl> and/or <steamWorkshopUrl> specified.
Mod RimMandrake: Utinni — Weather Suite (Ash'karr) dependency (mandrake.rm.weathersuite) needs to have <downloadUrl> and/or <steamWorkshopUrl> specified.
Mod RimUtinni: Droid Repair Jobs dependency (mandrake.rsw.droidworks) needs to have <downloadUrl> and/or <steamWorkshopUrl> specified.
Mod RimMandrake: Greentide dependency (mandrake.rm.creaturebehaviors) needs to have <downloadUrl> and/or <steamWorkshopUrl> specified.
Mod JawaVoice (SpeakUp reskin) dependency (JPT.speakup) needs to have <downloadUrl> and/or <steamWorkshopUrl> specified.
Mod RimUtinni: Lantern Deeps dependency (BiomesTeam.BiomesCaverns) needs to have <downloadUrl> and/or <steamWorkshopUrl> specified.
Mod RimMandrake: Utinni — Fire Ecology (Pyrelands) dependency (zylle.morevanillabiomes) needs to have <downloadUrl> and/or <steamWorkshopUrl> specified.
Mod RimMandrake: Utinni — Fire Ecology (Pyrelands) dependency (mandrake.rm.pyrelands) needs to have <downloadUrl> and/or <steamWorkshopUrl> specified.
Mod RimMandrake: Utinni — Pyrelands Mechanics dependency (mandrake.rut.patches) needs to have <downloadUrl> and/or <steamWorkshopUrl> specified.
Mod The Rites dependency (mandrake.rut.antiquities) needs to have <downloadUrl> and/or <steamWorkshopUrl> specified.
Mod RimMandrake: Utinni — Rust Cathedral Roaches dependency (mandrake.rm.creaturebehaviors) needs to have <downloadUrl> and/or <steamWorkshopUrl> specified.
Mod RimMandrake Sacred Marks dependency (mandrake.rm.graffiti) needs to have <downloadUrl> and/or <steamWorkshopUrl> specified.
Mod RimUtinni: Scarlands Ladder dependency (mandrake.rm.lorestages) needs to have <downloadUrl> and/or <steamWorkshopUrl> specified.
Mod RimMandrake: Ship Vermin dependency (mandrake.rsw.swbestiary) needs to have <downloadUrl> and/or <steamWorkshopUrl> specified.
Mod RimMandrake: Ship Vermin dependency (mandrake.rm.creaturebehaviors) needs to have <downloadUrl> and/or <steamWorkshopUrl> specified.
Mod RimMandrake: SW — Shokk dependency (mandrake.rm.creaturebehaviors) needs to have <downloadUrl> and/or <steamWorkshopUrl> specified.
Mod RimUtinni: Structure Injections dependency (OskarPotocki.VanillaFactionsExpanded.Core) needs to have <downloadUrl> and/or <steamWorkshopUrl> specified.
Mod RimUtinni: Structure Injections dependency (mandrake.rm.injections) needs to have <downloadUrl> and/or <steamWorkshopUrl> specified.
Mod RimStarWars: Structure Injections dependency (mandrake.rm.injections) needs to have <downloadUrl> and/or <steamWorkshopUrl> specified.
Mod RimMandrake: SW — Bestiary dependency (sarg.alphaanimals) needs to have <downloadUrl> and/or <steamWorkshopUrl> specified.
Mod RimUtinni Patches (Jawa campaign) dependency (mandrake.rm.weathersuite) needs to have <downloadUrl> and/or <steamWorkshopUrl> specified.
Mod RimMandrake: Colony Visibility dependency (brrainz.harmony) needs to have <downloadUrl> and/or <steamWorkshopUrl> specified.
Mod RimTalk Expand: AI Storyteller dependency (cyberchronicle.rimtalkexperts) needs to have <downloadUrl> and/or <steamWorkshopUrl> specified.
Mod RimTalk Expand: AI Storyteller dependency (brrainz.harmony) needs to have <downloadUrl> and/or <steamWorkshopUrl> specified.
Mod Custom Room Names - RimTalk Addon dependency (cj.Rimtalk) needs to have <downloadUrl> and/or <steamWorkshopUrl> specified.
Mod Custom Room Names - RimTalk Addon dependency (costel.CustomRoomNames) needs to have <downloadUrl> and/or <steamWorkshopUrl> specified.
Mod RimTalk - Expand Literature dependency (cj.rimtalk) needs to have <downloadUrl> and/or <steamWorkshopUrl> specified.
Mod RimTalk - Expand Toddlers dependency (cyanobot.toddlers) needs to have <downloadUrl> and/or <steamWorkshopUrl> specified.
Mod RimTalk - Expand Toddlers dependency (cj.rimtalk) needs to have <downloadUrl> and/or <steamWorkshopUrl> specified.
Mod Large Pawns dependency (brrainz.harmony) needs to have <downloadUrl> and/or <steamWorkshopUrl> specified.
Mod Wood's Muzzle Flash for Ancient urban ruins has a dependency (issaczhuang.muzzleflash) with empty display name.
Mod Wood's Muzzle Flash for Ancient urban ruins dependency (issaczhuang.muzzleflash) needs to have <downloadUrl> and/or <steamWorkshopUrl> specified.
Mod Wood's Muzzle Flash for Ancient urban ruins has a dependency (xmb.ancienturbanruins.mo) with empty display name.
Mod Wood's Muzzle Flash for Ancient urban ruins dependency (xmb.ancienturbanruins.mo) needs to have <downloadUrl> and/or <steamWorkshopUrl> specified.
Mod Forced Xenogerm Implantation dependency (brrainz.harmony) needs to have <downloadUrl> and/or <steamWorkshopUrl> specified.
Exception loading from System.Xml.XmlElement: System.MissingMethodException: Default constructor not found for type System.String
  at System.RuntimeType.CreateInstanceMono (System.Boolean nonPublic, System.Boolean wrapExceptions) [0x00076] in <51fded79cd284d4d911c5949aff4cb21>:0 
  at System.RuntimeType.CreateInstanceSlow (System.Boolean publicOnly, System.Boolean wrapExceptions, System.Boolean skipCheckThis, System.Boolean fillCache) [0x00009] in <51fded79cd284d4d911c5949aff4cb21>:0 
  at System.RuntimeType.CreateInstanceDefaultCtor (System.Boolean publicOnly, System.Boolean skipCheckThis, System.Boolean fillCache, System.Boolean wrapExceptions, System.Threading.StackCrawlMark& stackMark) [0x00027] in <51fded79cd284d4d911c5949aff4cb21>:0 
  at System.Activator.CreateInstance (System.Type type, System.Boolean nonPublic, System.Boolean wrapExceptions) [0x00020] in <51fded79cd284d4d911c5949aff4cb21>:0 
  at System.Activator.CreateInstance (System.Type type, System.Boolean nonPublic) [0x00000] in <51fded79cd284d4d911c5949aff4cb21>:0 
  at System.Activator.CreateInstance (System.Type type) [0x00000] in <51fded79cd284d4d911c5949aff4cb21>:0 
  at Verse.DirectXmlToObject.ObjectFromXml[T] (System.Xml.XmlNode xmlRoot, System.Boolean doPostLoad) [0x0045c] in <61e4173561894da49d210260257b5097>:0 
  at Verse.DirectXmlToObject.ObjectFromXmlReflection[T] (System.Xml.XmlNode xmlRoot, System.Boolean doPostLoad) [0x00000] in <61e4173561894da49d210260257b5097>:0 
  at Verse.DirectXmlToObject.ObjectFromXml[T] (System.Xml.XmlNode xmlRoot, System.Boolean doPostLoad) [0x0060e] in <61e4173561894da49d210260257b5097>:0 
Fallback handler could not load library C:/Program Files (x86)/Steam/steamapps/common/RimWorld/RimWorldWin64_Data/MonoBleedingEdge/data-0000019696166020.dll
Fallback handler could not load library C:/Program Files (x86)/Steam/steamapps/common/RimWorld/RimWorldWin64_Data/MonoBleedingEdge/data-00000196961FC680.dll
Prepatcher: Restarted with the patched assembly, going silent.
[LoadTracer] armed: CallAll per-type trace + FloatMenuMakerMap.Init/BakeStaticAtlases brackets
[BetterStacktraces] Loaded
ISMA: Patching Selector.Select - Void Select(System.Object, Boolean, Boolean)
ISMA: Patching Selector.SelectInternal - Void SelectInternal(System.Object, Boolean, Boolean)
ISMA: Attempting to patch label method Verse.GenMapUI.DrawPawnLabel
ISMA: Attempting to patch label method Verse.GenMapUI.DrawPawnLabel
ISMA: Attempting to patch label method RimWorld.SocialCardUtility.DrawPawnLabel
ISMA: Attempting to patch label method AM.AnimationManager.DrawLabel
[Real Fog of War] Patched method Boolean CanHitCellFromCellIgnoringRange(Verse.IntVec3, Verse.IntVec3, Boolean) from source Verse.Verb to RimWorldRealFoW.Detours.Verb.
[Real Fog of War] Patched method Void Select(System.Object, Boolean, Boolean) from source RimWorld.Selector to RimWorldRealFoW.Detours.Selector.
[Real Fog of War] Patched method Void MouseoverReadoutOnGUI() from source Verse.MouseoverReadout to RimWorldRealFoW.Detours.MouseoverReadout.
[Real Fog of War] Patched method Void FillBeautyRelevantCells(Verse.IntVec3, Verse.Map) from source RimWorld.BeautyUtility to RimWorldRealFoW.Detours.BeautyUtility.
[Real Fog of War] Patched method System.Collections.Generic.IEnumerable`1[Verse.Pawn] get_Pawns() from source RimWorld.MainTabWindow_Wildlife to RimWorldRealFoW.Detours.MainTabWindowWildlife.
[Real Fog of War] Patched method Void DrawGUIOverlay() from source Verse.Pawn to RimWorldRealFoW.Detours.Pawn.
[Real Fog of War] Patched method Void DrawThingLabel(Verse.Thing, System.String, UnityEngine.Color) from source Verse.GenMapUI to RimWorldRealFoW.Detours.GenMapUI.
[Real Fog of War] Patched method Void TakePrintFrom(Verse.Thing) from source Verse.SectionLayer_ThingsGeneral to RimWorldRealFoW.Detours.SectionLayerThingsGeneral.
[Real Fog of War] Patched method Void TakePrintFrom(Verse.Thing) from source RimWorld.SectionLayer_ThingsPowerGrid to RimWorldRealFoW.Detours.SectionLayerThingsPowerGrid.
[Real Fog of War] Patched method Boolean CanReserve(Verse.Pawn, Verse.LocalTargetInfo, Int32, Int32, Verse.ReservationLayerDef, Boolean) from source Verse.AI.ReservationUtility to RimWorldRealFoW.Detours.ReservationUtility.
[Real Fog of War] Patched method Boolean CanReserveAndReach(Verse.Pawn, Verse.LocalTargetInfo, Verse.AI.PathEndMode, Verse.Danger, Int32, Int32, Verse.ReservationLayerDef, Boolean) from source Verse.AI.ReservationUtility to RimWorldRealFoW.Detours.ReservationUtility.
[Real Fog of War] Patched method Verse.AI.Job HaulToStorageJob(Verse.Pawn, Verse.Thing, Boolean) from source Verse.AI.HaulAIUtility to RimWorldRealFoW.Detours.HaulAIUtility.
[Real Fog of War] Patched method Boolean ShouldShowWindowNow() from source Verse.EnvironmentStatsDrawer to RimWorldRealFoW.Detours.EnvironmentStatsDrawer.
[Real Fog of War] Patched method Void Message(System.String, Verse.LookTargets, Verse.MessageTypeDef, Boolean) from source Verse.Messages to RimWorldRealFoW.Detours.Messages.
[Real Fog of War] Patched method Void ReceiveLetter(Verse.TaggedString, Verse.TaggedString, Verse.LetterDef, Verse.LookTargets, RimWorld.Faction, RimWorld.Quest, System.Collections.Generic.List`1[Verse.ThingDef], System.String, Int32, Boolean) from source Verse.LetterStack to RimWorldRealFoW.Detours.LetterStack.
[Real Fog of War] Patched method Void DrawAt(UnityEngine.Vector3, Boolean) from source RimWorld.MoteBubble to RimWorldRealFoW.Detours.MoteBubble.
[Real Fog of War] Patched method Boolean ShouldSpawnMotesAt(Verse.IntVec3, Verse.Map, Boolean) from source Verse.GenView to RimWorldRealFoW.Detours.GenView.
[Real Fog of War] Patched method Boolean CellBoolDrawerGetBoolInt(Int32) from source RimWorld.FertilityGrid to RimWorldRealFoW.Detours.FertilityGrid.
[Real Fog of War] Patched method Boolean CellBoolDrawerGetBoolInt(Int32) from source Verse.TerrainGrid to RimWorldRealFoW.Detours.TerrainGrid.
[Real Fog of War] Patched method Boolean GetCellBool(Int32) from source Verse.RoofGrid to RimWorldRealFoW.Detours.RoofGrid.
[Real Fog of War] Patched method Verse.AcceptanceReport CanDesignateCell(Verse.IntVec3) from source RimWorld.Designator_AreaBuildRoof to RimWorldRealFoW.Detours.DesignatorPrefix.
[Real Fog of War] Patched method Verse.AcceptanceReport CanDesignateCell(Verse.IntVec3) from source RimWorld.Designator_AreaNoRoof to RimWorldRealFoW.Detours.DesignatorPrefix.
[Real Fog of War] Patched method Verse.AcceptanceReport CanDesignateCell(Verse.IntVec3) from source RimWorld.Designator_ZoneAdd_Growing to RimWorldRealFoW.Detours.DesignatorPrefix.
[Real Fog of War] Patched method Verse.AcceptanceReport CanDesignateCell(Verse.IntVec3) from source RimWorld.Designator_ZoneAddStockpile to RimWorldRealFoW.Detours.DesignatorPrefix.
[Real Fog of War] Patched method Verse.AcceptanceReport CanDesignateCell(Verse.IntVec3) from source RimWorld.Designator_Claim to RimWorldRealFoW.Detours.DesignatorPrefix.
[Real Fog of War] Patched method Verse.AcceptanceReport CanDesignateThing(Verse.Thing) from source RimWorld.Designator_Claim to RimWorldRealFoW.Detours.DesignatorPrefix.
[Real Fog of War] Patched method Verse.AcceptanceReport CanDesignateCell(Verse.IntVec3) from source RimWorld.Designator_Deconstruct to RimWorldRealFoW.Detours.DesignatorPrefix.
[Real Fog of War] Patched method Verse.AcceptanceReport CanDesignateThing(Verse.Thing) from source RimWorld.Designator_Deconstruct to RimWorldRealFoW.Detours.DesignatorPrefix.
[Real Fog of War] Patched method Verse.AcceptanceReport CanDesignateCell(Verse.IntVec3) from source RimWorld.Designator_Haul to RimWorldRealFoW.Detours.DesignatorPrefix.
[Real Fog of War] Patched method Verse.AcceptanceReport CanDesignateThing(Verse.Thing) from source RimWorld.Designator_Haul to RimWorldRealFoW.Detours.DesignatorPrefix.
[Real Fog of War] Patched method Verse.AcceptanceReport CanDesignateCell(Verse.IntVec3) from source RimWorld.Designator_Hunt to RimWorldRealFoW.Detours.DesignatorPrefix.
[Real Fog of War] Patched method Verse.AcceptanceReport CanDesignateThing(Verse.Thing) from source RimWorld.Designator_Hunt to RimWorldRealFoW.Detours.DesignatorPrefix.
[Real Fog of War] Patched method Verse.AcceptanceReport CanDesignateCell(Verse.IntVec3) from source RimWorld.Designator_Plants to RimWorldRealFoW.Detours.DesignatorPrefix.
[Real Fog of War] Patched method Verse.AcceptanceReport CanDesignateThing(Verse.Thing) from source RimWorld.Designator_Plants to RimWorldRealFoW.Detours.DesignatorPrefix.
[Real Fog of War] Patched method Verse.AcceptanceReport CanDesignateThing(Verse.Thing) from source RimWorld.Designator_PlantsHarvest to RimWorldRealFoW.Detours.DesignatorPrefix.
[Real Fog of War] Patched method Verse.AcceptanceReport CanDesignateThing(Verse.Thing) from source RimWorld.Designator_PlantsHarvestWood to RimWorldRealFoW.Detours.DesignatorPrefix.
[Real Fog of War] Patched method Verse.AcceptanceReport CanDesignateCell(Verse.IntVec3) from source RimWorld.Designator_RemoveFloor to RimWorldRealFoW.Detours.DesignatorPrefix.
[Real Fog of War] Patched method Verse.AcceptanceReport CanDesignateCell(Verse.IntVec3) from source RimWorld.Designator_SmoothSurface to RimWorldRealFoW.Detours.DesignatorPrefix.
[Real Fog of War] Patched method Verse.AcceptanceReport CanDesignateCell(Verse.IntVec3) from source RimWorld.Designator_Tame to RimWorldRealFoW.Detours.DesignatorPrefix.
[Real Fog of War] Patched method Verse.AcceptanceReport CanDesignateThing(Verse.Thing) from source RimWorld.Designator_Tame to RimWorldRealFoW.Detours.DesignatorPrefix.
[Real Fog of War] Patched method Verse.AcceptanceReport CanDesignateCell(Verse.IntVec3) from source RimWorld.Designator_Uninstall to RimWorldRealFoW.Detours.DesignatorPrefix.
[Real Fog of War] Patched method Verse.AcceptanceReport CanDesignateThing(Verse.Thing) from source RimWorld.Designator_Uninstall to RimWorldRealFoW.Detours.DesignatorPrefix.
[Real Fog of War] Patched method Verse.AcceptanceReport CanDesignateCell(Verse.IntVec3) from source RimWorld.Designator_Build to RimWorldRealFoW.Detours.DesignatorPlace.
[Real Fog of War] Patched method Verse.AcceptanceReport CanDesignateCell(Verse.IntVec3) from source RimWorld.Designator_Install to RimWorldRealFoW.Detours.DesignatorPlace.
[Real Fog of War] Patched method Verse.AcceptanceReport CanDesignateCell(Verse.IntVec3) from source RimWorld.Designator_Mine to RimWorldRealFoW.Detours.DesignatorMine.
[Real Fog of War] Patched method Void Notify_Added() from source Verse.Designation to RimWorldRealFoW.Detours.Designation.
[Real Fog of War] Patched method Void Notify_Removing() from source Verse.Designation to RimWorldRealFoW.Detours.Designation.
[Real Fog of War] Prefixed method AttackTargetFinder_CanSee.
[Real Fog of War] Prefixed method LetterStack_ReceiveLetter.
[Real Fog of War] Prefixed method OverlayDrawer_DrawOverlay.
[Real Fog of War] Prefixed method SilhouetteUtility_ShouldDrawSilhouette.
[Real Fog of War] Prefixed method SoundStarter_PlayOneShot.
[Real Fog of War] Prefixed method SoundStarter_TrySpawnSustainer.
[Real Fog of War] Postfixed method WorldComponent_GravshipController_LandingEnded.
[Real Fog of War] Interaction bubble is active. Patched
[VBE] RimThemes detected, activating compatibility...
[VBE] Unpatching RimThemes background patch...
[HugsLib] version 12.0.0
[HugsLib] early-initializing AllowTool
Texture '' has dimensions (5333 x 3000) which are not multiples of 4. Compress will not work.
Fallback handler could not load library C:/Program Files (x86)/Steam/steamapps/common/RimWorld/RimWorldWin64_Data/MonoBleedingEdge/data-00000196CA191450.dll
[Custom Room Names] Room.GetRoomRoleLabel patch applied.
[Custom Room Names] RoomRoleDef.PostProcessedLabelCap patch applied.
[DiseaseImmunityProgressTracker] Initialized
DubsMintMenus v1.3.1086
FactionCustomizer is successfully initialized!
Fallback handler could not load library C:/Program Files (x86)/Steam/steamapps/common/RimWorld/RimWorldWin64_Data/MonoBleedingEdge/data-00000196CA8A7010.dll
[Interaction Bubbles v4.2] Initialized
Initializing LightsOut [2026.9.12.1]
[MeaningfulEncounters] Mod loaded successfully.
<color=#bd87f1>[Mood Alerts]</color> Hello there! Running version 1.6.1.
Persistent Precepts Mod class loaded
[RimAI.Framework]SettingsManager: Reloading all configurations...
[RimAI.Framework]SettingsManager: Active status updated. Chat=False, Embedding=False
[RimAI.Framework]SettingsManager: All configurations reloaded.
[RimAI.Framework]SettingsManager: Initialized successfully with separated configurations.
[RimBridge] STARTUP_TIMING phase=main-thread.initialize durationMs=0 elapsedMs=0
[RimBridge] Applied essential Harmony patches.
[RimBridge] Applied 56 optional Harmony patch classes.
[RimBridge] STARTUP_TIMING phase=harmony.startup-patches durationMs=221 elapsedMs=222
[RimBridge] STARTUP_TIMING phase=startup.on-mod-constructed durationMs=0 elapsedMs=224
[RimBridge] STARTUP_TIMING phase=mod-constructor.total durationMs=225 elapsedMs=225
[RimTek] Harmony patches applied.
[Sensible Bed Ownership] Loaded.
Ugh You Got Me: Trying to patch MentalState_SocialFighting.ShouldStop.get.
Ugh You Got Me: Patched MentalState_SocialFighting.ShouldStop.get.
Ugh You Got Me: Trying to patch JobGiver_SocialFighting.TryGiveJob
Ugh You Got Me: Patched JobGiver_SocialFighting.TryGiveJob.
[Universal Pregnancy] Loaded.
[WhatsMissing] Patched Dialog_BillConfig
Loaded What's That Mod.
[LargePawns] EnsureDefTables: no pawn defs found yet (db size 0)
[LargePawns] Giddy-Up MountUtility.Mount patch applied
[LargePawns] Giddy-Up TryAutoMount patch applied
[LargePawns] Giddy-Up mounted patch applied
[LargePawns] CAI-5000 compat patches applied
[RimAI.Core] All Parts Boot OK (services=27, elapsed=129 ms, topk_available=False)
[RimHUD v1.17.5] Initialized
<color=#1c6beb>[FacLoadout]</color> Registered module: 'GiddyUp Mounts' (key: giddyUp, active: True)
[Romance on the Rim] Interaction Bubble compatibility patch applied.
[ChezhouLib] 扫描名单登记: About=593, About登记=0, 当前候选=2
[ChezhouLib] 功能声明扫描: 候选模组=2, XML=36, 登记包=2
[ChezhouLib] 功能门控(早期扫描) 启用: UnityAssets, KindForceRelation, ClCustomMission；关闭: FlyRace, ClipAnimation, RenderNodeRule, KindPawnGeneration, BossHpBar, ModuleAssembly, RequiredApparelVerb, DualWeapon, HARBodyAddon, ClHairAppearance, FACompat, ApparelGraphicPathFallback
[ChezhouLib] 服饰路径模块(早期扫描) 登记模组: 0
[ChezhouLib] 常驻补丁已安装，动画与角色预览渲染补丁按使用状态挂载。
<color=#1c6beb>[KeyzAllowUtilities v1.3.8]</color> Loading KeyzAllowUtilities v1.3.8
Could not find class PrisonerRealism.Settings while resolving node ModSettings. Trying to use PrisonerRealism.PrisonerRealismSettings instead. Full node: <ModSettings Class="PrisonerRealism.Settings"><enableRecruitOffer>False</enableRecruitOffer></ModSettings>
1.6.9701 ::
[SandWorm] Mod loaded.
<color=#00FFFFFF>:: Outer Rim - Core ::</color> 1.6.9306 ::
<color=#00FFFFFF>:: Outland - Genetics ::</color> 1.6.9341 ::
1.0.9299 ::
<color=#00FFFFFF>:: Outer Rim - Galactic Empire :: </color>1.6.9308 ::
[Analyzer] Loaded version 1.6.0 rev 1
[Analyzer] WaterSFX
[Analyzer] WorkTab
<color=#66ffb5>[MeleeAnim]</color> Hello, world!
Build date: 7/31/2026 6:45 PM
Loaded assemblies (13):
0BetterFloatMenu, Version=16.0.0.0, Culture=neutral, PublicKeyToken=null,
0ColourPicker, Version=1.0.0.0, Culture=neutral, PublicKeyToken=null,
AMRetextureSupport, Version=0.0.0.0, Culture=neutral, PublicKeyToken=null,
Meta.Numerics, Version=3.1.0.0, Culture=neutral, PublicKeyToken=67d25c65a6631347,
ModRequestAPI, Version=1.0.0.0, Culture=neutral, PublicKeyToken=null,
ModRequestAPI.Models, Version=1.0.0.0, Culture=neutral, PublicKeyToken=null,
Unity.Newtonsoft.Json, Version=7.0.0.0, Culture=neutral, PublicKeyToken=null,
zAnimationMod, Version=1.0.0.0, Culture=neutral, PublicKeyToken=null,
AM.FacialAnimationPatch, Version=0.0.0.0, Culture=neutral, PublicKeyToken=null,
AM.AlienRacesPatch, Version=0.0.0.0, Culture=neutral, PublicKeyToken=null,
AM.CAI5000Patch, Version=1.0.0.0, Culture=neutral, PublicKeyToken=null,
zz.AM.PerformanceOptimizerPatch, Version=1.0.0.0, Culture=neutral, PublicKeyToken=null,
AM.VehiclesPatch, Version=0.0.0.0, Culture=neutral, PublicKeyToken=null
<color=#66ffb5>[MeleeAnim]</color> Scanning 593 mods for animation data...
<color=#66ffb5>[MeleeAnim]</color> Found 2 mod folders with animation data, total 75 loadable files.
<color=#66ffb5>[MeleeAnim]</color> [<color=#63e0ff>Facial Animation Patch</color>] Successfully loaded Facial Animation patch.
<color=#66ffb5>[MeleeAnim]</color> <color=#ffa8fc>[Alien Races Patch]</color> Loaded alien races patch!
<color=#66ffb5>[MeleeAnim]</color> Initialized CAI-5000 patch
<color=#66ffb5>[MeleeAnim]</color> <color=#ffa8fc>[Perf.Opt]</color> Loaded Performance Optimizer patch!
<color=#66ffb5>[MeleeAnim]</color> <color=#ffa8fc>[Perf.Opt]</color> Successfully patched and disabled buggy optimizations.
<color=#66ffb5>[MeleeAnim]</color> <color=#ffa8fc>[Vehicle Framework Patch]</color> Loaded vehicle framework patch!
[IgnoreConfigErrors] Now active
[IgnoreConfigErrors] Harmony patch complete!
<color=#B266FFFF>[SWCP Core/Tools] </color>Beta version: bugs likely, if not guaranteed! Report bugs on steam workshop page or on discord: 3HEXN3Qbn4
null texture passed to GUI.DrawTexture
null texture passed to GUI.DrawTexture
null texture passed to GUI.DrawTexture
null texture passed to GUI.DrawTexture
null texture passed to GUI.DrawTexture
null texture passed to GUI.DrawTexture
RimThemes NX rev10
[RimMandrake.GravshipLanding] ready.
ReGrowth 2 5.1-rev6
|RimFridge: Now with Shelves!| Forcing the application of patch lwm.deepstorage | Patches/AddNewUnits_RimFridge.xml of LWM's Deep Storage.
[Torment Master - Start of stack trace]
Verse.PatchOperationAdd(xpath="/Defs/AlienRace.ThingDef_AlienRace/alienRace/raceRestriction/whiteApparelList[not(li[text()='AppleHeadgear'])]"): Failed to find a node with the given xpath
Verse.PatchOperationFindMod(Humanoid Alien Races): Error in <match>
[End of stack trace]
Source file: C:\Program Files (x86)\Steam\steamapps\workshop\content\294100\3746663772\1.6\Patches\Compatibility_AlienRaces_AppleHeadgear.xml
LWM Deep Storage: activated compatibility patch for Vanilla Cooking Expanded
[Vanilla Mining Outpost Patch - Start of stack trace]
Verse.PatchOperationRemove(xpath="Defs/WorldObjectDef[defName="Outpost_Mining"]/modExtensions/li[1]/Resources/Z_Diamond"): Failed to find a node with the given xpath
Verse.PatchOperationSequence: Error in the operation at position=1
Verse.PatchOperationFindMod(Jewelry): Error in <match>
[End of stack trace]
Source file: C:\Program Files (x86)\Steam\steamapps\workshop\content\294100\2968491314\Patches\Outposts.xml
[Biomes! Caverns - Start of stack trace]
Verse.PatchOperationReplace(xpath="Defs/ThingDef[defName="GroundPenetratingScanner"]/placeWorkers/li[text()="PlaceWorker_NotUnderRoof"]"): Failed to find a node with the given xpath
[End of stack trace]
Source file: C:\Program Files (x86)\Steam\steamapps\workshop\content\294100\2969748433\1.6\Patches\BiomesCaverns_GroundPenetratingScanner.xml
[Intimacy - Gender Works - Start of stack trace]
Verse.PatchOperationRemove(xpath="Defs/RecipeDef[defName="ExtractOvum"]/genderPrerequisite"): Failed to find a node with the given xpath
[End of stack trace]
Source file: C:\Program Files (x86)\Steam\steamapps\workshop\content\294100\3534254491\1.6\Patches\Fertility_ops_changes.xml
[Intimacy - Gender Works - Start of stack trace]
Verse.PatchOperationRemove(xpath="Defs/RecipeDef[defName="TerminatePregnancy"]/genderPrerequisite"): Failed to find a node with the given xpath
[End of stack trace]
Source file: C:\Program Files (x86)\Steam\steamapps\workshop\content\294100\3534254491\1.6\Patches\Fertility_ops_changes.xml
[Intimacy - Gender Works - Start of stack trace]
Verse.PatchOperationRemove(xpath="Defs/RecipeDef[defName="ImplantIUD"]/genderPrerequisite"): Failed to find a node with the given xpath
[End of stack trace]
Source file: C:\Program Files (x86)\Steam\steamapps\workshop\content\294100\3534254491\1.6\Patches\Fertility_ops_changes.xml
[Jawa Doctrine Patches - Start of stack trace]
Verse.PatchOperationAdd(xpath="/Defs/ThingDef[defName="GR_Elasmobearium"]/statBases"): Failed to find a node with the given xpath
Verse.PatchOperationConditional(xpath=/Defs/ThingDef[defName="GR_Elasmobearium"]/statBases/MeatAmount): Error in <nomatch>
Verse.PatchOperationSequence: Error in the operation at position=1
Verse.PatchOperationFindMod(Vanilla Genetics Expanded): Error in <match>
[End of stack trace]
Source file: C:\Program Files (x86)\Steam\steamapps\common\RimWorld\Mods\Doctrine\Patches\MegafaunaYield.xml
[RimStarWars Patches - Start of stack trace]
Verse.PatchOperationRemove(xpath="/Defs/PawnKindDef[@Name="guy762_DroidPawnKindBase"]/modExtensions/li[@Class="ArtificialBeings.ABF_ArtificialPawnKindExtension"]"): Failed to find a node with the given xpath
Verse.PatchOperationFindMod(ABF: Artificial Beings Framework): Error in <nomatch>
[End of stack trace]
Source file: C:\Program Files (x86)\Steam\steamapps\common\RimWorld\Mods\StarWarsPatches\Patches\DroidDonor_ABFGate.xml
[RimStarWars Patches - Start of stack trace]
Verse.PatchOperationRemove(xpath="/Defs/PawnKindDef[@Name="KotORDroidBase_good"]/modExtensions/li[@Class="ArtificialBeings.ABF_ArtificialPawnKindExtension"]"): Failed to find a node with the given xpath
Verse.PatchOperationFindMod(ABF: Artificial Beings Framework): Error in <nomatch>
[End of stack trace]
Source file: C:\Program Files (x86)\Steam\steamapps\common\RimWorld\Mods\StarWarsPatches\Patches\DroidDonor_ABFGate.xml
[RimStarWars Patches - Start of stack trace]
Verse.PatchOperationRemove(xpath="/Defs/PawnKindDef[@Name="SWCPDroidBase_bad"]/modExtensions/li[@Class="ArtificialBeings.ABF_ArtificialPawnKindExtension"]"): Failed to find a node with the given xpath
Verse.PatchOperationFindMod(ABF: Artificial Beings Framework): Error in <nomatch>
[End of stack trace]
Source file: C:\Program Files (x86)\Steam\steamapps\common\RimWorld\Mods\StarWarsPatches\Patches\DroidDonor_ABFGate.xml
[RimStarWars Patches - Start of stack trace]
Verse.PatchOperationRemove(xpath="/Defs/ThingDef[defName="guy762_DroidBattery"]/ingestible/outcomeDoers/li[@Class="ArtificialBeings.IngestionOutcomeDoer_OffsetArtificialNeed"]"): Failed to find a node with the given xpath
Verse.PatchOperationFindMod(ABF: Artificial Beings Framework): Error in <nomatch>
[End of stack trace]
Source file: C:\Program Files (x86)\Steam\steamapps\common\RimWorld\Mods\StarWarsPatches\Patches\DroidDonor_ABFGate.xml
[RimStarWars Patches - Start of stack trace]
Verse.PatchOperationRemove(xpath="/Defs/ThingDef[defName="guy762_DroidBattery_adv"]/ingestible/outcomeDoers/li[@Class="ArtificialBeings.IngestionOutcomeDoer_OffsetArtificialNeed"]"): Failed to find a node with the given xpath
Verse.PatchOperationFindMod(ABF: Artificial Beings Framework): Error in <nomatch>
[End of stack trace]
Source file: C:\Program Files (x86)\Steam\steamapps\common\RimWorld\Mods\StarWarsPatches\Patches\DroidDonor_ABFGate.xml
[RimStarWars Patches - Start of stack trace]
Verse.PatchOperationAdd(xpath="/Defs/ThingDef[defName="OuterRim_DroidWeapon_BlasterCannon"]"): Failed to find a node with the given xpath
Verse.PatchOperationConditional(xpath=/Defs/ThingDef[defName="OuterRim_DroidWeapon_BlasterCannon"]/weaponTags): Error in <nomatch>
[End of stack trace]
Source file: C:\Program Files (x86)\Steam\steamapps\common\RimWorld\Mods\StarWarsPatches\Patches\WeaponTags_Renormalise.xml
[RimStarWars Patches - Start of stack trace]
Verse.PatchOperationAdd(xpath="/Defs/ThingDef[defName="OuterRim_DroidWeapon_TwinWristBlaster"]"): Failed to find a node with the given xpath
Verse.PatchOperationConditional(xpath=/Defs/ThingDef[defName="OuterRim_DroidWeapon_TwinWristBlaster"]/weaponTags): Error in <nomatch>
[End of stack trace]
Source file: C:\Program Files (x86)\Steam\steamapps\common\RimWorld\Mods\StarWarsPatches\Patches\WeaponTags_Renormalise.xml
[RimStarWars Patches - Start of stack trace]
Verse.PatchOperationAdd(xpath="/Defs/ThingDef[defName="OuterRim_DroidWeapon_WristBlaster"]"): Failed to find a node with the given xpath
Verse.PatchOperationConditional(xpath=/Defs/ThingDef[defName="OuterRim_DroidWeapon_WristBlaster"]/weaponTags): Error in <nomatch>
[End of stack trace]
Source file: C:\Program Files (x86)\Steam\steamapps\common\RimWorld\Mods\StarWarsPatches\Patches\WeaponTags_Renormalise.xml
[RimStarWars Patches - Start of stack trace]
Verse.PatchOperationAdd(xpath="/Defs/ThingDef[defName="OuterRim_DroidWeapon_WristBlasterIon"]"): Failed to find a node with the given xpath
Verse.PatchOperationConditional(xpath=/Defs/ThingDef[defName="OuterRim_DroidWeapon_WristBlasterIon"]/weaponTags): Error in <nomatch>
[End of stack trace]
Source file: C:\Program Files (x86)\Steam\steamapps\common\RimWorld\Mods\StarWarsPatches\Patches\WeaponTags_Renormalise.xml
[RimUtinni Patches (Jawa campaign) - Start of stack trace]
Verse.PatchOperationAdd(xpath="/Defs/ThingDef[defName="ERN_Amaro"]"): Failed to find a node with the given xpath
Verse.PatchOperationConditional(xpath=/Defs/ThingDef[defName="ERN_Amaro"]/statBases): Error in <nomatch>
[End of stack trace]
Source file: C:\Program Files (x86)\Steam\steamapps\common\RimWorld\Mods\UtinniPatches\Patches\AnimalTolerances_Ashkarr.xml
[RimUtinni Patches (Jawa campaign) - Start of stack trace]
Verse.PatchOperationAdd(xpath="/Defs/ThingDef[defName="GR_Chickenlodon"]"): Failed to find a node with the given xpath
Verse.PatchOperationConditional(xpath=/Defs/ThingDef[defName="GR_Chickenlodon"]/statBases): Error in <nomatch>
[End of stack trace]
Source file: C:\Program Files (x86)\Steam\steamapps\common\RimWorld\Mods\UtinniPatches\Patches\AnimalTolerances_Ashkarr.xml
[RimUtinni Patches (Jawa campaign) - Start of stack trace]
Verse.PatchOperationAdd(xpath="/Defs/ThingDef[defName="GR_Doedicoon"]"): Failed to find a node with the given xpath
Verse.PatchOperationConditional(xpath=/Defs/ThingDef[defName="GR_Doedicoon"]/statBases): Error in <nomatch>
[End of stack trace]
Source file: C:\Program Files (x86)\Steam\steamapps\common\RimWorld\Mods\UtinniPatches\Patches\AnimalTolerances_Ashkarr.xml
[RimUtinni Patches (Jawa campaign) - Start of stack trace]
Verse.PatchOperationAdd(xpath="/Defs/ThingDef[defName="GR_Elasmobearium"]"): Failed to find a node with the given xpath
Verse.PatchOperationConditional(xpath=/Defs/ThingDef[defName="GR_Elasmobearium"]/statBases): Error in <nomatch>
[End of stack trace]
Source file: C:\Program Files (x86)\Steam\steamapps\common\RimWorld\Mods\UtinniPatches\Patches\AnimalTolerances_Ashkarr.xml
[RimUtinni Patches (Jawa campaign) - Start of stack trace]
Verse.PatchOperationAdd(xpath="/Defs/ThingDef[defName="GR_Mantistanis"]"): Failed to find a node with the given xpath
Verse.PatchOperationConditional(xpath=/Defs/ThingDef[defName="GR_Mantistanis"]/statBases): Error in <nomatch>
[End of stack trace]
Source file: C:\Program Files (x86)\Steam\steamapps\common\RimWorld\Mods\UtinniPatches\Patches\AnimalTolerances_Ashkarr.xml
[RimUtinni Patches (Jawa campaign) - Start of stack trace]
Verse.PatchOperationAdd(xpath="/Defs/ThingDef[defName="GR_Paraceramuffalo"]"): Failed to find a node with the given xpath
Verse.PatchOperationConditional(xpath=/Defs/ThingDef[defName="GR_Paraceramuffalo"]/statBases): Error in <nomatch>
[End of stack trace]
Source file: C:\Program Files (x86)\Steam\steamapps\common\RimWorld\Mods\UtinniPatches\Patches\AnimalTolerances_Ashkarr.xml
[RimUtinni Patches (Jawa campaign) - Start of stack trace]
Verse.PatchOperationAdd(xpath="/Defs/ThingDef[defName="GR_WoolyWolf"]"): Failed to find a node with the given xpath
Verse.PatchOperationConditional(xpath=/Defs/ThingDef[defName="GR_WoolyWolf"]/statBases): Error in <nomatch>
[End of stack trace]
Source file: C:\Program Files (x86)\Steam\steamapps\common\RimWorld\Mods\UtinniPatches\Patches\AnimalTolerances_Ashkarr.xml
[RimUtinni Patches (Jawa campaign) - Start of stack trace]
Verse.PatchOperationAdd(xpath="/Defs/ThingDef[defName="TYR_KangarooRat"]"): Failed to find a node with the given xpath
Verse.PatchOperationConditional(xpath=/Defs/ThingDef[defName="TYR_KangarooRat"]/statBases): Error in <nomatch>
[End of stack trace]
Source file: C:\Program Files (x86)\Steam\steamapps\common\RimWorld\Mods\UtinniPatches\Patches\AnimalTolerances_Ashkarr.xml
[RimUtinni Patches (Jawa campaign) - Start of stack trace]
Verse.PatchOperationAdd(xpath="/Defs/ThingDef[defName="TYR_Lemming"]"): Failed to find a node with the given xpath
Verse.PatchOperationConditional(xpath=/Defs/ThingDef[defName="TYR_Lemming"]/statBases): Error in <nomatch>
[End of stack trace]
Source file: C:\Program Files (x86)\Steam\steamapps\common\RimWorld\Mods\UtinniPatches\Patches\AnimalTolerances_Ashkarr.xml
[RimUtinni Patches (Jawa campaign) - Start of stack trace]
Verse.PatchOperationAdd(xpath="/Defs/ThingDef[defName="TYR_Mouse"]"): Failed to find a node with the given xpath
Verse.PatchOperationConditional(xpath=/Defs/ThingDef[defName="TYR_Mouse"]/statBases): Error in <nomatch>
[End of stack trace]
Source file: C:\Program Files (x86)\Steam\steamapps\common\RimWorld\Mods\UtinniPatches\Patches\AnimalTolerances_Ashkarr.xml
[RimUtinni Patches (Jawa campaign) - Start of stack trace]
Verse.PatchOperationAdd(xpath="/Defs/ThingDef[defName="VAEWaste_Hydra"]"): Failed to find a node with the given xpath
Verse.PatchOperationConditional(xpath=/Defs/ThingDef[defName="VAEWaste_Hydra"]/statBases): Error in <nomatch>
[End of stack trace]
Source file: C:\Program Files (x86)\Steam\steamapps\common\RimWorld\Mods\UtinniPatches\Patches\AnimalTolerances_Ashkarr.xml
[RimUtinni Patches (Jawa campaign) - Start of stack trace]
Verse.PatchOperationAdd(xpath="/Defs/ThingDef[defName="VAEWaste_Pestigator"]"): Failed to find a node with the given xpath
Verse.PatchOperationConditional(xpath=/Defs/ThingDef[defName="VAEWaste_Pestigator"]/statBases): Error in <nomatch>
[End of stack trace]
Source file: C:\Program Files (x86)\Steam\steamapps\common\RimWorld\Mods\UtinniPatches\Patches\AnimalTolerances_Ashkarr.xml
[RimUtinni Patches (Jawa campaign) - Start of stack trace]
Verse.PatchOperationAdd(xpath="/Defs/ThingDef[defName="VAEWaste_Toxafox"]"): Failed to find a node with the given xpath
Verse.PatchOperationConditional(xpath=/Defs/ThingDef[defName="VAEWaste_Toxafox"]/statBases): Error in <nomatch>
[End of stack trace]
Source file: C:\Program Files (x86)\Steam\steamapps\common\RimWorld\Mods\UtinniPatches\Patches\AnimalTolerances_Ashkarr.xml
[RimUtinni Patches (Jawa campaign) - Start of stack trace]
Verse.PatchOperationAdd(xpath="/Defs/ThingDef[defName="VAEWaste_Toxbear"]"): Failed to find a node with the given xpath
Verse.PatchOperationConditional(xpath=/Defs/ThingDef[defName="VAEWaste_Toxbear"]/statBases): Error in <nomatch>
[End of stack trace]
Source file: C:\Program Files (x86)\Steam\steamapps\common\RimWorld\Mods\UtinniPatches\Patches\AnimalTolerances_Ashkarr.xml
[RimUtinni Patches (Jawa campaign) - Start of stack trace]
Verse.PatchOperationAdd(xpath="/Defs/ThingDef[defName="VAEWaste_Toxiguana"]"): Failed to find a node with the given xpath
Verse.PatchOperationConditional(xpath=/Defs/ThingDef[defName="VAEWaste_Toxiguana"]/statBases): Error in <nomatch>
[End of stack trace]
Source file: C:\Program Files (x86)\Steam\steamapps\common\RimWorld\Mods\UtinniPatches\Patches\AnimalTolerances_Ashkarr.xml
[RimUtinni Patches (Jawa campaign) - Start of stack trace]
Verse.PatchOperationAdd(xpath="/Defs/ThingDef[defName="VAEWaste_Toxlion"]"): Failed to find a node with the given xpath
Verse.PatchOperationConditional(xpath=/Defs/ThingDef[defName="VAEWaste_Toxlion"]/statBases): Error in <nomatch>
[End of stack trace]
Source file: C:\Program Files (x86)\Steam\steamapps\common\RimWorld\Mods\UtinniPatches\Patches\AnimalTolerances_Ashkarr.xml
[RimUtinni Patches (Jawa campaign) - Start of stack trace]
Verse.PatchOperationAdd(xpath="/Defs/ThingDef[defName="VAEWaste_Toxscorpion"]"): Failed to find a node with the given xpath
Verse.PatchOperationConditional(xpath=/Defs/ThingDef[defName="VAEWaste_Toxscorpion"]/statBases): Error in <nomatch>
[End of stack trace]
Source file: C:\Program Files (x86)\Steam\steamapps\common\RimWorld\Mods\UtinniPatches\Patches\AnimalTolerances_Ashkarr.xml
[RimUtinni Patches (Jawa campaign) - Start of stack trace]
Verse.PatchOperationAdd(xpath="/Defs/ThingDef[defName="VAEWaste_Wastedeer"]"): Failed to find a node with the given xpath
Verse.PatchOperationConditional(xpath=/Defs/ThingDef[defName="VAEWaste_Wastedeer"]/statBases): Error in <nomatch>
[End of stack trace]
Source file: C:\Program Files (x86)\Steam\steamapps\common\RimWorld\Mods\UtinniPatches\Patches\AnimalTolerances_Ashkarr.xml
Direct3D: detected that using refresh rate causes time drift. Will stop trusting refresh rate until the game window is moved.
Direct3D: detected that vsync is broken (it does not limit frame rate properly). Delta time will now be calculated using cpu-side time stampling until the game window is moved.
[RimUtinni Patches (Jawa campaign) - Start of stack trace]
Verse.PatchOperationReplace(xpath="Defs/PawnKindDef[defName="GR_Paraceramuffalo"]/lifeStages/li[1]/bodyGraphicData/drawSize"): Failed to find a node with the given xpath
Verse.PatchOperationSequence: Error in the operation at position=36
[End of stack trace]
Source file: C:\Program Files (x86)\Steam\steamapps\common\RimWorld\Mods\UtinniPatches\Patches\CreatureResize_Ashkarr.xml
[Jawa Pawn Flavor — faction backstories and traits - Start of stack trace]
Verse.PatchOperationAdd(xpath="Defs/XenotypeDef[defName="guy762_debugxenotype_droid"]"): Failed to find a node with the given xpath
Verse.PatchOperationConditional(xpath=Defs/XenotypeDef[defName="guy762_debugxenotype_droid"]/label): Error in <nomatch>
Verse.PatchOperationSequence: Error in the operation at position=1
Verse.PatchOperationSequence: Error in the operation at position=1
Verse.PatchOperationFindMod(Star Wars KotOR Resources and Materials): Error in <match>
[End of stack trace]
Source file: C:\Program Files (x86)\Steam\steamapps\common\RimWorld\Mods\PawnFlavor\Patches\PawnFlavorPhase2_Xenotype.xml
XML error: <drawStyleCategory>Wall</drawStyleCategory> doesn't correspond to any field in type BuildingProperties. Context: <building><isInert>true</isInert><isPlaceOverableWall>true</isPlaceOverableWall><ai_chillDestination>false</ai_chillDestination><supportsWallAttachments>true</supportsWallAttachments><isStuffableAirtight>false</isStuffableAirtight><blueprintGraphicData><texPath>Things/Building/Linked/Wall_Blueprint_Atlas</texPath></blueprintGraphicData><relatedBuildCommands><li>Door</li><li>Autodoor</li></relatedBuildCommands><drawStyleCategory>Wall</drawStyleCategory></building>

Possible Matches:
[Source: Rim of Madness - Bones Unofficial Fix]
[File: C:\Program Files (x86)\Steam\steamapps\workshop\content\294100\3252977437\1.6\Patches\OdysseyPatch.xml]
[Def Error]: BoneWall
Rim of Madness - Bones Unofficial Fix\1.6\Defs\ThingDefs_Buildings\Buildings_BoneWall.xml
Parsed 0.3 as int.
[Def Error]: AM_Entrance_LargeElevator
Ancient urban ruins\1.6\Defs\ThingDefs\Building\ThingDef_ConstructableElevators.xml
Parsed 0.3 as int.
[Def Error]: AM_Entrance_UndergroundGarage
Ancient urban ruins\1.6\Defs\ThingDefs\Building\ThingDef_UndergroundGarage.xml
Exception loading def from file AdvShip_GravReactor.xml: System.ArgumentException: Could not find type named VanillaGravshipExpanded.TurretExtension_SubstructureDamage from node <li MayRequire="vanillaexpanded.gravship" Class="VanillaGravshipExpanded.TurretExtension_SubstructureDamage"><substructureDamageRadius>3.6</substructureDamageRadius></li>
Parameter name: node
[Ref 6F2CD764]
  at Verse.DirectXmlToObjectNew.ResolveTypeForNode (System.Type defaultType, System.Xml.XmlNode node) [0x0005a] in <61e4173561894da49d210260257b5097>:0 
(wrapper dynamic-method) Verse.DirectXmlToObjectNew+DummyTypeToHoldDynamicMethods.ParseAndSetListField_Verse_DefModExtension(object,System.Reflection.FieldInfo,System.Xml.XmlNode,System.Type)
(wrapper dynamic-method) Verse.DirectXmlToObjectNew+DummyTypeToHoldDynamicMethods.ParseAndReturnDef_Verse_ThingDef(int,int,System.Xml.XmlNode,System.Type)
  at Verse.DirectXmlToObjectNew.DefFromNodeNew (System.Xml.XmlNode node, Verse.LoadableXmlAsset loadingAsset) [0x0014c] in <61e4173561894da49d210260257b5097>:0 
    - PREFIX SmashPhil.VehicleFramework: Boolean SmashTools.Patching.Patch_XmlParsing:PreProcessAttributesOnDef(Def& __result, XmlNode node)
    - PREFIX Dubwise.DubsBadHygiene: Boolean DubsBadHygiene.DubsBadHygieneMod:Prefix(XmlNode node, LoadableXmlAsset loadingAsset, Def& __result)
    - PREFIX ordpus.logafterdeferror: Void LogAfterDefError.DirectXmlLoader_DefFromNode:Prefix(LogMessage& __state)
    - POSTFIX SmashPhil.VehicleFramework: Void SmashTools.Patching.Patch_XmlParsing:ReadCustomAttributesOnDef(XmlNode node)
    - POSTFIX ChaoticEnrico.BetterTrees.ExplicitTreeExclusions: Void BetterTrees.ExplicitTreeExclusionRegistry:RecordExclusionFromLoadedDef(XmlNode node, Def __result)
    - POSTFIX ordpus.logafterdeferror: Void LogAfterDefError.DirectXmlLoader_DefFromNode:Postfix(Def __result, LoadableXmlAsset loadingAsset, LogMessage __state)

Possible Matches:
[Source: GravTech]
[File: C:\Program Files (x86)\Steam\steamapps\workshop\content\294100\3545374124\1.6\Defs\ThingDefs_Buildings\AdvShip_GravReactor.xml]
Exception loading def from file AdvShip_GravReactor.xml: System.ArgumentException: Could not find type named VanillaGravshipExpanded.TurretExtension_SubstructureDamage from node <li MayRequire="vanillaexpanded.gravship" Class="VanillaGravshipExpanded.TurretExtension_SubstructureDamage"><substructureDamageRadius>1.5</substructureDamageRadius></li>
Parameter name: node
[Ref 6F2CD764] Duplicate stacktrace, see ref for original

Possible Matches:
[Source: GravTech]
[File: C:\Program Files (x86)\Steam\steamapps\workshop\content\294100\3545374124\1.6\Defs\ThingDefs_Buildings\AdvShip_GravReactor.xml]
Parsed 7.5 as int.
[Def Error]: Prj_SW_Electricgryllotalpa
Insectoids 2 - Isopoda geneline\1.6\Defs\ThingDefs_Races\Electricgryllotalpa.xml
Tried to use an uninitialized DefOf of type TerrainDefOf. DefOfs are initialized right after all defs all loaded. Uninitialized DefOfs will return only nulls. (hint: don't use DefOfs as default field values in Defs, try to resolve them in ResolveReferences() instead)
[Def Error]: BMT_CrystalCaverns
Biomes! Caverns\1.6\Defs\Biomes\BMT_CrystalCaverns.xml
Exception loading def from file GravRailArtillery_GTbc.xml: System.ArgumentException: Could not find type named VanillaGravshipExpanded.TurretExtension_SubstructureDamage from node <li Class="VanillaGravshipExpanded.TurretExtension_SubstructureDamage"><substructureDamageRadius>2.8</substructureDamageRadius></li>
Parameter name: node
[Ref 6F2CD764] Duplicate stacktrace, see ref for original

Possible Matches:
[Source: GravTech - Big cannons]
[File: C:\Program Files (x86)\Steam\steamapps\workshop\content\294100\3628174105\1.6\Defs\ThingDefs_Buildings\GravRailArtillery_GTbc.xml]
Exception loading def from file TheSingularityCannon_GTbc.xml: System.ArgumentException: Could not find type named VanillaGravshipExpanded.TurretExtension_SubstructureDamage from node <li Class="VanillaGravshipExpanded.TurretExtension_SubstructureDamage"><substructureDamageRadius>15.9</substructureDamageRadius></li>
Parameter name: node
[Ref 6F2CD764] Duplicate stacktrace, see ref for original

Possible Matches:
[Source: GravTech - Big cannons]
[File: C:\Program Files (x86)\Steam\steamapps\workshop\content\294100\3628174105\1.6\Defs\ThingDefs_Buildings\TheSingularityCannon_GTbc.xml]
Parsed 1.5 as int.
[Def Error]: WeatheredBasalt
Minerals Rock\1.6\Defs\ThingDefs_Rocks\Basalt.xml
Parsed 1.5 as int.
[Def Error]: PassableBasalt
Minerals Rock\1.6\Defs\ThingDefs_Rocks\Basalt.xml
Parsed 1.5 as int.
[Def Error]: PassableVacstone
[Torment Master] Patch operation Verse.PatchOperationFindMod(Humanoid Alien Races) failed
file: C:\Program Files (x86)\Steam\steamapps\workshop\content\294100\3746663772\1.6\Patches\Compatibility_AlienRaces_AppleHeadgear.xml
[Vanilla Mining Outpost Patch] Patch operation Verse.PatchOperationFindMod(Gemstones, Jewelry) failed
file: C:\Program Files (x86)\Steam\steamapps\workshop\content\294100\2968491314\Patches\Outposts.xml
[Biomes! Caverns] Patch operation Verse.PatchOperationReplace(Defs/ThingDef[defName="GroundPenetratingScanner"]/placeWorkers/li[text()="PlaceWorker_NotUnderRoof"]) failed
file: C:\Program Files (x86)\Steam\steamapps\workshop\content\294100\2969748433\1.6\Patches\BiomesCaverns_GroundPenetratingScanner.xml
[Intimacy - Gender Works] Patch operation Verse.PatchOperationRemove(Defs/RecipeDef[defName="ExtractOvum"]/genderPrerequisite) failed
file: C:\Program Files (x86)\Steam\steamapps\workshop\content\294100\3534254491\1.6\Patches\Fertility_ops_changes.xml
[Intimacy - Gender Works] Patch operation Verse.PatchOperationRemove(Defs/RecipeDef[defName="TerminatePregnancy"]/genderPrerequisite) failed
file: C:\Program Files (x86)\Steam\steamapps\workshop\content\294100\3534254491\1.6\Patches\Fertility_ops_changes.xml
[Intimacy - Gender Works] Patch operation Verse.PatchOperationRemove(Defs/RecipeDef[defName="ImplantIUD"]/genderPrerequisite) failed
file: C:\Program Files (x86)\Steam\steamapps\workshop\content\294100\3534254491\1.6\Patches\Fertility_ops_changes.xml
[Jawa Doctrine Patches] Patch operation Verse.PatchOperationFindMod(Vanilla Genetics Expanded) failed
file: C:\Program Files (x86)\Steam\steamapps\common\RimWorld\Mods\Doctrine\Patches\MegafaunaYield.xml
[RimStarWars Patches] Patch operation Verse.PatchOperationFindMod(ABF: Artificial Beings Framework) failed
file: C:\Program Files (x86)\Steam\steamapps\common\RimWorld\Mods\StarWarsPatches\Patches\DroidDonor_ABFGate.xml
[RimStarWars Patches] Patch operation Verse.PatchOperationFindMod(ABF: Artificial Beings Framework) failed
file: C:\Program Files (x86)\Steam\steamapps\common\RimWorld\Mods\StarWarsPatches\Patches\DroidDonor_ABFGate.xml
[RimStarWars Patches] Patch operation Verse.PatchOperationFindMod(ABF: Artificial Beings Framework) failed
file: C:\Program Files (x86)\Steam\steamapps\common\RimWorld\Mods\StarWarsPatches\Patches\DroidDonor_ABFGate.xml
[RimStarWars Patches] Patch operation Verse.PatchOperationFindMod(ABF: Artificial Beings Framework) failed
file: C:\Program Files (x86)\Steam\steamapps\common\RimWorld\Mods\StarWarsPatches\Patches\DroidDonor_ABFGate.xml
[RimStarWars Patches] Patch operation Verse.PatchOperationFindMod(ABF: Artificial Beings Framework) failed
file: C:\Program Files (x86)\Steam\steamapps\common\RimWorld\Mods\StarWarsPatches\Patches\DroidDonor_ABFGate.xml
[RimStarWars Patches] Patch operation Verse.PatchOperationConditional(/Defs/ThingDef[defName="OuterRim_DroidWeapon_BlasterCannon"]/weaponTags) failed
file: C:\Program Files (x86)\Steam\steamapps\common\RimWorld\Mods\StarWarsPatches\Patches\WeaponTags_Renormalise.xml
[RimStarWars Patches] Patch operation Verse.PatchOperationConditional(/Defs/ThingDef[defName="OuterRim_DroidWeapon_TwinWristBlaster"]/weaponTags) failed
file: C:\Program Files (x86)\Steam\steamapps\common\RimWorld\Mods\StarWarsPatches\Patches\WeaponTags_Renormalise.xml
[RimStarWars Patches] Patch operation Verse.PatchOperationConditional(/Defs/ThingDef[defName="OuterRim_DroidWeapon_WristBlaster"]/weaponTags) failed
file: C:\Program Files (x86)\Steam\steamapps\common\RimWorld\Mods\StarWarsPatches\Patches\WeaponTags_Renormalise.xml
[RimStarWars Patches] Patch operation Verse.PatchOperationConditional(/Defs/ThingDef[defName="OuterRim_DroidWeapon_WristBlasterIon"]/weaponTags) failed
file: C:\Program Files (x86)\Steam\steamapps\common\RimWorld\Mods\StarWarsPatches\Patches\WeaponTags_Renormalise.xml
[RimUtinni Patches (Jawa campaign)] Patch operation Verse.PatchOperationConditional(/Defs/ThingDef[defName="ERN_Amaro"]/statBases) failed
file: C:\Program Files (x86)\Steam\steamapps\common\RimWorld\Mods\UtinniPatches\Patches\AnimalTolerances_Ashkarr.xml
[RimUtinni Patches (Jawa campaign)] Patch operation Verse.PatchOperationConditional(/Defs/ThingDef[defName="GR_Chickenlodon"]/statBases) failed
file: C:\Program Files (x86)\Steam\steamapps\common\RimWorld\Mods\UtinniPatches\Patches\AnimalTolerances_Ashkarr.xml
[RimUtinni Patches (Jawa campaign)] Patch operation Verse.PatchOperationConditional(/Defs/ThingDef[defName="GR_Doedicoon"]/statBases) failed
file: C:\Program Files (x86)\Steam\steamapps\common\RimWorld\Mods\UtinniPatches\Patches\AnimalTolerances_Ashkarr.xml
[RimUtinni Patches (Jawa campaign)] Patch operation Verse.PatchOperationConditional(/Defs/ThingDef[defName="GR_Elasmobearium"]/statBases) failed
file: C:\Program Files (x86)\Steam\steamapps\common\RimWorld\Mods\UtinniPatches\Patches\AnimalTolerances_Ashkarr.xml
[RimUtinni Patches (Jawa campaign)] Patch operation Verse.PatchOperationConditional(/Defs/ThingDef[defName="GR_Mantistanis"]/statBases) failed
file: C:\Program Files (x86)\Steam\steamapps\common\RimWorld\Mods\UtinniPatches\Patches\AnimalTolerances_Ashkarr.xml
[RimUtinni Patches (Jawa campaign)] Patch operation Verse.PatchOperationConditional(/Defs/ThingDef[defName="GR_Paraceramuffalo"]/statBases) failed
file: C:\Program Files (x86)\Steam\steamapps\common\RimWorld\Mods\UtinniPatches\Patches\AnimalTolerances_Ashkarr.xml
[RimUtinni Patches (Jawa campaign)] Patch operation Verse.PatchOperationConditional(/Defs/ThingDef[defName="GR_WoolyWolf"]/statBases) failed
file: C:\Program Files (x86)\Steam\steamapps\common\RimWorld\Mods\UtinniPatches\Patches\AnimalTolerances_Ashkarr.xml
[RimUtinni Patches (Jawa campaign)] Patch operation Verse.PatchOperationConditional(/Defs/ThingDef[defName="TYR_KangarooRat"]/statBases) failed
file: C:\Program Files (x86)\Steam\steamapps\common\RimWorld\Mods\UtinniPatches\Patches\AnimalTolerances_Ashkarr.xml
[RimUtinni Patches (Jawa campaign)] Patch operation Verse.PatchOperationConditional(/Defs/ThingDef[defName="TYR_Lemming"]/statBases) failed
file: C:\Program Files (x86)\Steam\steamapps\common\RimWorld\Mods\UtinniPatches\Patches\AnimalTolerances_Ashkarr.xml
[RimUtinni Patches (Jawa campaign)] Patch operation Verse.PatchOperationConditional(/Defs/ThingDef[defName="TYR_Mouse"]/statBases) failed
file: C:\Program Files (x86)\Steam\steamapps\common\RimWorld\Mods\UtinniPatches\Patches\AnimalTolerances_Ashkarr.xml
[RimUtinni Patches (Jawa campaign)] Patch operation Verse.PatchOperationConditional(/Defs/ThingDef[defName="VAEWaste_Hydra"]/statBases) failed
file: C:\Program Files (x86)\Steam\steamapps\common\RimWorld\Mods\UtinniPatches\Patches\AnimalTolerances_Ashkarr.xml
[RimUtinni Patches (Jawa campaign)] Patch operation Verse.PatchOperationConditional(/Defs/ThingDef[defName="VAEWaste_Pestigator"]/statBases) failed
file: C:\Program Files (x86)\Steam\steamapps\common\RimWorld\Mods\UtinniPatches\Patches\AnimalTolerances_Ashkarr.xml
[RimUtinni Patches (Jawa campaign)] Patch operation Verse.PatchOperationConditional(/Defs/ThingDef[defName="VAEWaste_Toxafox"]/statBases) failed
file: C:\Program Files (x86)\Steam\steamapps\common\RimWorld\Mods\UtinniPatches\Patches\AnimalTolerances_Ashkarr.xml
[RimUtinni Patches (Jawa campaign)] Patch operation Verse.PatchOperationConditional(/Defs/ThingDef[defName="VAEWaste_Toxbear"]/statBases) failed
file: C:\Program Files (x86)\Steam\steamapps\common\RimWorld\Mods\UtinniPatches\Patches\AnimalTolerances_Ashkarr.xml
[RimUtinni Patches (Jawa campaign)] Patch operation Verse.PatchOperationConditional(/Defs/ThingDef[defName="VAEWaste_Toxiguana"]/statBases) failed
file: C:\Program Files (x86)\Steam\steamapps\common\RimWorld\Mods\UtinniPatches\Patches\AnimalTolerances_Ashkarr.xml
[RimUtinni Patches (Jawa campaign)] Patch operation Verse.PatchOperationConditional(/Defs/ThingDef[defName="VAEWaste_Toxlion"]/statBases) failed
file: C:\Program Files (x86)\Steam\steamapps\common\RimWorld\Mods\UtinniPatches\Patches\AnimalTolerances_Ashkarr.xml
[RimUtinni Patches (Jawa campaign)] Patch operation Verse.PatchOperationConditional(/Defs/ThingDef[defName="VAEWaste_Toxscorpion"]/statBases) failed
file: C:\Program Files (x86)\Steam\steamapps\common\RimWorld\Mods\UtinniPatches\Patches\AnimalTolerances_Ashkarr.xml
[RimUtinni Patches (Jawa campaign)] Patch operation Verse.PatchOperationConditional(/Defs/ThingDef[defName="VAEWaste_Wastedeer"]/statBases) failed
file: C:\Program Files (x86)\Steam\steamapps\common\RimWorld\Mods\UtinniPatches\Patches\AnimalTolerances_Ashkarr.xml
[RimUtinni Patches (Jawa campaign)] Patch operation Verse.PatchOperationSequence(count=60, lastFailedOperation=Verse.PatchOperationReplace(Defs/PawnKindDef[defName="GR_Paraceramuffalo"]/lifeStages/li[1]/bodyGraphicData/drawSize)) failed
file: C:\Program Files (x86)\Steam\steamapps\common\RimWorld\Mods\UtinniPatches\Patches\CreatureResize_Ashkarr.xml
[Jawa Pawn Flavor — faction backstories and traits] Patch operation Verse.PatchOperationFindMod(Star Wars KotOR Resources and Materials) failed
file: C:\Program Files (x86)\Steam\steamapps\common\RimWorld\Mods\PawnFlavor\Patches\PawnFlavorPhase2_Xenotype.xml
Could not resolve cross-reference: No Verse.SoundDef named Pawn_Squirrel_Call found to give to Verse.LifeStageAge Verse.LifeStageAge (using undefined sound instead)
Could not resolve cross-reference: No Verse.SoundDef named Pawn_Squirrel_Call found to give to Verse.LifeStageAge Verse.LifeStageAge (using undefined sound instead)
Could not resolve cross-reference: No Verse.SoundDef named Pawn_Squirrel_Call found to give to Verse.LifeStageAge Verse.LifeStageAge (using undefined sound instead)
Could not resolve cross-reference: No Verse.SoundDef named Pawn_Squirrel_Call found to give to Verse.LifeStageAge Verse.LifeStageAge (using undefined sound instead)
ConfigurableTechprintsMod :: Backing up pre-modification values...
ConfigurableTechprintsMod :: Processing traders...
ConfigurableTechprintsMod :: No TraderKindDefs with custom settings found.
ConfigurableTechprintsMod :: Processed 19 TraderKindDefs. Reports can be found in mod settings. 
ConfigurableTechprintsMod :: Processing research projects...
ConfigurableTechprintsMod :: No ResearchProjectDefs with custom settings found.
ConfigurableTechprintsMod :: Processed 402 ResearchProjectDefs with default settings. Reports can be found in mod settings. 
Failed to patch VFEInsectoids 2's Creep with additional genes.
[Big & Small] Patched 49 PawnRenderNodeProperties to use PawnRenderingProps_Lite for recolorable graphics.
Remember that you can always disable this again in the mod options.
Could not resolve cross-reference: No Verse.PawnKindDef named RSW_Eopie found to give to RimWorld.BiomeAnimalRecord RimWorld.BiomeAnimalRecord

Possible Matches:
[Source: RimUtinni Patches (Jawa campaign)]
[File: C:\Program Files (x86)\Steam\steamapps\common\RimWorld\Mods\UtinniPatches\Patches\BiomeCast_Ashkarr.xml]
Could not resolve cross-reference: No Verse.PawnKindDef named RSW_Convor found to give to RimWorld.BiomeAnimalRecord RimWorld.BiomeAnimalRecord

Possible Matches:
[Source: RimUtinni Patches (Jawa campaign)]
[File: C:\Program Files (x86)\Steam\steamapps\common\RimWorld\Mods\UtinniPatches\Patches\BiomeCast_Ashkarr.xml]
Could not resolve cross-reference: No Verse.PawnKindDef named RSW_Clodhopper found to give to RimWorld.BiomeAnimalRecord RimWorld.BiomeAnimalRecord

Possible Matches:
[Source: RimUtinni Patches (Jawa campaign)]
[File: C:\Program Files (x86)\Steam\steamapps\common\RimWorld\Mods\UtinniPatches\Patches\BiomeCast_Ashkarr.xml]
Could not resolve cross-reference: No Verse.PawnKindDef named RSW_Beldon found to give to RimWorld.BiomeAnimalRecord RimWorld.BiomeAnimalRecord

Possible Matches:
[Source: RimUtinni Patches (Jawa campaign)]
[File: C:\Program Files (x86)\Steam\steamapps\common\RimWorld\Mods\UtinniPatches\Patches\BiomeCast_Ashkarr.xml]
Could not resolve cross-reference: No Verse.PawnKindDef named RSW_Convor found to give to RimWorld.BiomeAnimalRecord RimWorld.BiomeAnimalRecord

Possible Matches:
[Source: RimUtinni Patches (Jawa campaign)]
[File: C:\Program Files (x86)\Steam\steamapps\common\RimWorld\Mods\UtinniPatches\Patches\BiomeCast_Ashkarr.xml]
Could not resolve cross-reference: No Verse.PawnKindDef named RSW_Beldon found to give to RimWorld.BiomeAnimalRecord RimWorld.BiomeAnimalRecord

Possible Matches:
[Source: RimUtinni Patches (Jawa campaign)]
[File: C:\Program Files (x86)\Steam\steamapps\common\RimWorld\Mods\UtinniPatches\Patches\BiomeCast_Ashkarr.xml]
Could not resolve cross-reference: No Verse.ThingDef named GravReactorExplosionHuge found to give to RimWorld.CompProperties_Explosive RimWorld.CompProperties_Explosive

Possible Matches:
[Source: GravTech]
[File: C:\Program Files (x86)\Steam\steamapps\workshop\content\294100\3545374124\1.6\Defs\ThingDefs_Buildings\AdvShip_GravReactor.xml]
Could not resolve cross-reference: No Verse.PawnKindDef named RSW_Corinathoth found to give to RimWorld.BiomeAnimalRecord RimWorld.BiomeAnimalRecord

Possible Matches:
[Source: RimUtinni Patches (Jawa campaign)]
[File: C:\Program Files (x86)\Steam\steamapps\common\RimWorld\Mods\UtinniPatches\Patches\BiomeCast_Ashkarr.xml]
Could not resolve cross-reference: No Verse.PawnKindDef named RSW_Anooba found to give to RimWorld.BiomeAnimalRecord RimWorld.BiomeAnimalRecord

Possible Matches:
[Source: RimUtinni Patches (Jawa campaign)]
[File: C:\Program Files (x86)\Steam\steamapps\common\RimWorld\Mods\UtinniPatches\Patches\BiomeCast_Ashkarr.xml]
Could not resolve cross-reference: No Verse.PawnKindDef named RSW_Convor found to give to RimWorld.BiomeAnimalRecord RimWorld.BiomeAnimalRecord

Possible Matches:
[Source: RimUtinni Patches (Jawa campaign)]
[File: C:\Program Files (x86)\Steam\steamapps\common\RimWorld\Mods\UtinniPatches\Patches\BiomeCast_Ashkarr.xml]
Could not resolve cross-reference: No Verse.ThingDef named GTbc_Gun_GravRailArtillery found to give to RimWorld.BuildingProperties RimWorld.BuildingProperties

Possible Matches:
[Source: GravTech - Big cannons]
[File: C:\Program Files (x86)\Steam\steamapps\workshop\content\294100\3628174105\1.6\Defs\ThingDefs_Buildings\GravRailArtillery_GTbc.xml]
Could not resolve cross-reference: No Verse.PawnKindDef named RSW_Borcatu found to give to RimWorld.BiomeAnimalRecord RimWorld.BiomeAnimalRecord

Possible Matches:
[Source: RimUtinni Patches (Jawa campaign)]
[File: C:\Program Files (x86)\Steam\steamapps\common\RimWorld\Mods\UtinniPatches\Patches\BiomeCast_Ashkarr.xml]
Could not resolve cross-reference: No Verse.ThingDef named GravReactorExplosionBig found to give to RimWorld.CompProperties_Explosive RimWorld.CompProperties_Explosive

Possible Matches:
[Source: GravTech]
[File: C:\Program Files (x86)\Steam\steamapps\workshop\content\294100\3545374124\1.6\Defs\ThingDefs_Buildings\AdvShip_GravReactor.xml]
Could not resolve cross-reference: No Verse.PawnKindDef named RSW_Eopie found to give to RimWorld.BiomeAnimalRecord RimWorld.BiomeAnimalRecord

Possible Matches:
[Source: RimUtinni Patches (Jawa campaign)]
[File: C:\Program Files (x86)\Steam\steamapps\common\RimWorld\Mods\UtinniPatches\Patches\BiomeCast_Ashkarr.xml]
Could not resolve cross-reference: No Verse.PawnKindDef named RSW_Cannok found to give to RimWorld.BiomeAnimalRecord RimWorld.BiomeAnimalRecord

Possible Matches:
[Source: RimUtinni Patches (Jawa campaign)]
[File: C:\Program Files (x86)\Steam\steamapps\common\RimWorld\Mods\UtinniPatches\Patches\BiomeCast_Ashkarr.xml]
Could not resolve cross-reference: No Verse.ThingDef named GTbc_Gun_TheSingularityCannon found to give to RimWorld.BuildingProperties RimWorld.BuildingProperties

Possible Matches:
[Source: GravTech - Big cannons]
[File: C:\Program Files (x86)\Steam\steamapps\workshop\content\294100\3628174105\1.6\Defs\ThingDefs_Buildings\TheSingularityCannon_GTbc.xml]
Could not resolve cross-reference: No Verse.PawnKindDef named RSW_Dalgo found to give to RimWorld.BiomeAnimalRecord RimWorld.BiomeAnimalRecord

Possible Matches:
[Source: RimUtinni Patches (Jawa campaign)]
[File: C:\Program Files (x86)\Steam\steamapps\common\RimWorld\Mods\UtinniPatches\Patches\BiomeCast_Ashkarr.xml]
Could not resolve cross-reference: No Verse.PawnKindDef named RSW_Anooba found to give to RimWorld.BiomeAnimalRecord RimWorld.BiomeAnimalRecord

Possible Matches:
[Source: RimUtinni Patches (Jawa campaign)]
[File: C:\Program Files (x86)\Steam\steamapps\common\RimWorld\Mods\UtinniPatches\Patches\BiomeCast_Ashkarr.xml]
Could not resolve cross-reference: No Verse.ThingDef named GravReactorExplosionBig found to give to RimWorld.CompProperties_Explosive RimWorld.CompProperties_Explosive

Possible Matches:
[Source: GravTech]
[File: C:\Program Files (x86)\Steam\steamapps\workshop\content\294100\3545374124\1.6\Defs\ThingDefs_Buildings\AdvShip_GravReactor.xml]
Could not resolve cross-reference: No Verse.PawnKindDef named RSW_Dianoga found to give to RimWorld.BiomeAnimalRecord RimWorld.BiomeAnimalRecord

Possible Matches:
[Source: RimUtinni Patches (Jawa campaign)]
[File: C:\Program Files (x86)\Steam\steamapps\common\RimWorld\Mods\UtinniPatches\Patches\BiomeCast_Ashkarr.xml]
Could not resolve cross-reference: No Verse.PawnKindDef named RSW_Clodhopper found to give to RimWorld.BiomeAnimalRecord RimWorld.BiomeAnimalRecord

Possible Matches:
[Source: RimUtinni Patches (Jawa campaign)]
[File: C:\Program Files (x86)\Steam\steamapps\common\RimWorld\Mods\UtinniPatches\Patches\BiomeCast_Ashkarr.xml]
Could not resolve cross-reference: No Verse.PawnKindDef named RSW_Convor found to give to RimWorld.BiomeAnimalRecord RimWorld.BiomeAnimalRecord

Possible Matches:
[Source: RimUtinni Patches (Jawa campaign)]
[File: C:\Program Files (x86)\Steam\steamapps\common\RimWorld\Mods\UtinniPatches\Patches\BiomeCast_Ashkarr.xml]
Could not resolve cross-reference: No Verse.PawnKindDef named RSW_Beldon found to give to RimWorld.BiomeAnimalRecord RimWorld.BiomeAnimalRecord

Possible Matches:
[Source: RimUtinni Patches (Jawa campaign)]
[File: C:\Program Files (x86)\Steam\steamapps\common\RimWorld\Mods\UtinniPatches\Patches\BiomeCast_Ashkarr.xml]
Could not resolve cross-reference: No Verse.PawnKindDef named RSW_Dragonsnake found to give to RimWorld.BiomeAnimalRecord RimWorld.BiomeAnimalRecord

Possible Matches:
[Source: RimUtinni Patches (Jawa campaign)]
[File: C:\Program Files (x86)\Steam\steamapps\common\RimWorld\Mods\UtinniPatches\Patches\BiomeCast_Ashkarr.xml]
Could not resolve cross-reference: No Verse.PawnKindDef named RSW_Bolotaur found to give to RimWorld.BiomeAnimalRecord RimWorld.BiomeAnimalRecord

Possible Matches:
[Source: RimUtinni Patches (Jawa campaign)]
[File: C:\Program Files (x86)\Steam\steamapps\common\RimWorld\Mods\UtinniPatches\Patches\BiomeCast_Ashkarr.xml]
Could not resolve cross-reference: No Verse.PawnKindDef named RSW_Anooba found to give to RimWorld.BiomeAnimalRecord RimWorld.BiomeAnimalRecord

Possible Matches:
[Source: RimUtinni Patches (Jawa campaign)]
[File: C:\Program Files (x86)\Steam\steamapps\common\RimWorld\Mods\UtinniPatches\Patches\BiomeCast_Ashkarr.xml]
Could not resolve cross-reference: No Verse.PawnKindDef named RSW_Eopie found to give to RimWorld.BiomeAnimalRecord RimWorld.BiomeAnimalRecord

Possible Matches:
[Source: RimUtinni Patches (Jawa campaign)]
[File: C:\Program Files (x86)\Steam\steamapps\common\RimWorld\Mods\UtinniPatches\Patches\BiomeCast_Ashkarr.xml]
Could not resolve cross-reference: No Verse.PawnKindDef named RSW_Eopie found to give to RimWorld.BiomeAnimalRecord RimWorld.BiomeAnimalRecord

Possible Matches:
[Source: RimUtinni Patches (Jawa campaign)]
[File: C:\Program Files (x86)\Steam\steamapps\common\RimWorld\Mods\UtinniPatches\Patches\BiomeCast_Ashkarr.xml]
Could not resolve cross-reference: No Verse.PawnKindDef named RSW_Beldon found to give to RimWorld.BiomeAnimalRecord RimWorld.BiomeAnimalRecord

Possible Matches:
[Source: RimUtinni Patches (Jawa campaign)]
[File: C:\Program Files (x86)\Steam\steamapps\common\RimWorld\Mods\UtinniPatches\Patches\BiomeCast_Ashkarr.xml]
Could not resolve cross-reference: No Verse.PawnKindDef named RSW_Eopie found to give to RimWorld.BiomeAnimalRecord RimWorld.BiomeAnimalRecord

Possible Matches:
[Source: RimUtinni Patches (Jawa campaign)]
[File: C:\Program Files (x86)\Steam\steamapps\common\RimWorld\Mods\UtinniPatches\Patches\BiomeCast_Ashkarr.xml]
Could not resolve cross-reference: No Verse.PawnKindDef named RSW_CanCell found to give to RimWorld.BiomeAnimalRecord RimWorld.BiomeAnimalRecord

Possible Matches:
[Source: RimUtinni Patches (Jawa campaign)]
[File: C:\Program Files (x86)\Steam\steamapps\common\RimWorld\Mods\UtinniPatches\Patches\BiomeCast_Ashkarr.xml]
Could not resolve cross-reference: No Verse.PawnKindDef named RSW_Clodhopper found to give to RimWorld.BiomeAnimalRecord RimWorld.BiomeAnimalRecord

Possible Matches:
[Source: RimUtinni Patches (Jawa campaign)]
[File: C:\Program Files (x86)\Steam\steamapps\common\RimWorld\Mods\UtinniPatches\Patches\BiomeCast_Ashkarr.xml]
Could not resolve cross-reference: No Verse.PawnKindDef named RSW_Bolotaur found to give to RimWorld.BiomeAnimalRecord RimWorld.BiomeAnimalRecord

Possible Matches:
[Source: RimUtinni Patches (Jawa campaign)]
[File: C:\Program Files (x86)\Steam\steamapps\common\RimWorld\Mods\UtinniPatches\Patches\BiomeCast_Ashkarr.xml]
Could not resolve cross-reference: No Verse.PawnKindDef named RSW_Convor found to give to RimWorld.BiomeAnimalRecord RimWorld.BiomeAnimalRecord

Possible Matches:
[Source: RimUtinni Patches (Jawa campaign)]
[File: C:\Program Files (x86)\Steam\steamapps\common\RimWorld\Mods\UtinniPatches\Patches\BiomeCast_Ashkarr.xml]
Could not resolve cross-reference: No Verse.PawnKindDef named RSW_Corinathoth found to give to RimWorld.BiomeAnimalRecord RimWorld.BiomeAnimalRecord

Possible Matches:
[Source: RimUtinni Patches (Jawa campaign)]
[File: C:\Program Files (x86)\Steam\steamapps\common\RimWorld\Mods\UtinniPatches\Patches\BiomeCast_Ashkarr.xml]
Could not resolve cross-reference: No Verse.PawnKindDef named RSW_Cannok found to give to RimWorld.BiomeAnimalRecord RimWorld.BiomeAnimalRecord

Possible Matches:
[Source: RimUtinni Patches (Jawa campaign)]
[File: C:\Program Files (x86)\Steam\steamapps\common\RimWorld\Mods\UtinniPatches\Patches\BiomeCast_Ashkarr.xml]
Could not resolve cross-reference: No Verse.PawnKindDef named RSW_Boma found to give to RimWorld.BiomeAnimalRecord RimWorld.BiomeAnimalRecord

Possible Matches:
[Source: RimUtinni Patches (Jawa campaign)]
[File: C:\Program Files (x86)\Steam\steamapps\common\RimWorld\Mods\UtinniPatches\Patches\BiomeCast_Ashkarr.xml]
Could not resolve cross-reference: No Verse.PawnKindDef named RSW_Dactillion found to give to RimWorld.BiomeAnimalRecord RimWorld.BiomeAnimalRecord

Possible Matches:
[Source: RimUtinni Patches (Jawa campaign)]
[File: C:\Program Files (x86)\Steam\steamapps\common\RimWorld\Mods\UtinniPatches\Patches\BiomeCast_Ashkarr.xml]
Could not resolve cross-reference: No Verse.PawnKindDef named RSW_Eopie found to give to RimWorld.BiomeAnimalRecord RimWorld.BiomeAnimalRecord

Possible Matches:
[Source: RimUtinni Patches (Jawa campaign)]
[File: C:\Program Files (x86)\Steam\steamapps\common\RimWorld\Mods\UtinniPatches\Patches\BiomeCast_Ashkarr.xml]
Could not resolve cross-reference: No Verse.PawnKindDef named RSW_Anooba found to give to RimWorld.BiomeAnimalRecord RimWorld.BiomeAnimalRecord

Possible Matches:
[Source: RimUtinni Patches (Jawa campaign)]
[File: C:\Program Files (x86)\Steam\steamapps\common\RimWorld\Mods\UtinniPatches\Patches\BiomeCast_Ashkarr.xml]
Could not resolve cross-reference: No Verse.PawnKindDef named GR_Mantistanis found to give to RimWorld.BiomeAnimalRecord RimWorld.BiomeAnimalRecord

Possible Matches:
[Source: Jawa Doctrine Patches]
[File: C:\Program Files (x86)\Steam\steamapps\common\RimWorld\Mods\Doctrine\Patches\MegafaunaYield.xml]
[Source: RimUtinni Patches (Jawa campaign)]
[File: C:\Program Files (x86)\Steam\steamapps\common\RimWorld\Mods\UtinniPatches\Patches\AnimalTolerances_Ashkarr.xml]
[Source: RimUtinni Patches (Jawa campaign)]
[File: C:\Program Files (x86)\Steam\steamapps\common\RimWorld\Mods\UtinniPatches\Patches\BiomeCast_Ashkarr.xml]
Failed to find Verse.PawnKindDef named VAEWaste_Wasteboar. There are 1807 defs of this type loaded.

Possible Matches:
[Source: Vanilla Landmarks Expanded]
[File: C:\Program Files (x86)\Steam\steamapps\workshop\content\294100\3656316229\1.6\Defs\TileMutators\TileMutators_Animals.xml]
[Source: Jawa Doctrine Patches]
[File: C:\Program Files (x86)\Steam\steamapps\common\RimWorld\Mods\Doctrine\Patches\MegafaunaYield.xml]
Failed to find Verse.ThingDef named GTbc_Gun_TheSingularityCannon. There are 25441 defs of this type loaded.

Possible Matches:
[Source: GravTech - Big cannons]
[File: C:\Program Files (x86)\Steam\steamapps\workshop\content\294100\3628174105\1.6\Defs\ThingDefs_Buildings\TheSingularityCannon_GTbc.xml]
Failed to find Verse.PawnKindDef named VAEWaste_Toxscorpion. There are 1807 defs of this type loaded.

Possible Matches:
[Source: Vanilla Landmarks Expanded]
[File: C:\Program Files (x86)\Steam\steamapps\workshop\content\294100\3656316229\1.6\Defs\TileMutators\TileMutators_Animals.xml]
[Source: Jawa Doctrine Patches]
[File: C:\Program Files (x86)\Steam\steamapps\common\RimWorld\Mods\Doctrine\Patches\MegafaunaYield.xml]
[Source: RimUtinni Patches (Jawa campaign)]
[File: C:\Program Files (x86)\Steam\steamapps\common\RimWorld\Mods\UtinniPatches\Patches\AnimalTolerances_Ashkarr.xml]
Failed to find Verse.PawnKindDef named VAEWaste_Toxiguana. There are 1807 defs of this type loaded.

Possible Matches:
[Source: Vanilla Landmarks Expanded]
[File: C:\Program Files (x86)\Steam\steamapps\workshop\content\294100\3656316229\1.6\Defs\TileMutators\TileMutators_Animals.xml]
[Source: Jawa Doctrine Patches]
[File: C:\Program Files (x86)\Steam\steamapps\common\RimWorld\Mods\Doctrine\Patches\MegafaunaYield.xml]
[Source: RimUtinni Patches (Jawa campaign)]
[File: C:\Program Files (x86)\Steam\steamapps\common\RimWorld\Mods\UtinniPatches\Patches\AnimalTolerances_Ashkarr.xml]
Failed to find Verse.PawnKindDef named VAEWaste_Toxlion. There are 1807 defs of this type loaded.

Possible Matches:
[Source: Vanilla Landmarks Expanded]
[File: C:\Program Files (x86)\Steam\steamapps\workshop\content\294100\3656316229\1.6\Defs\TileMutators\TileMutators_Animals.xml]
[Source: Jawa Doctrine Patches]
[File: C:\Program Files (x86)\Steam\steamapps\common\RimWorld\Mods\Doctrine\Patches\MegafaunaYield.xml]
[Source: RimUtinni Patches (Jawa campaign)]
[File: C:\Program Files (x86)\Steam\steamapps\common\RimWorld\Mods\UtinniPatches\Patches\AnimalTolerances_Ashkarr.xml]
Failed to find Verse.PawnKindDef named VAEWaste_Toxbear. There are 1807 defs of this type loaded.

Possible Matches:
[Source: Vanilla Landmarks Expanded]
[File: C:\Program Files (x86)\Steam\steamapps\workshop\content\294100\3656316229\1.6\Defs\TileMutators\TileMutators_Animals.xml]
[Source: Jawa Doctrine Patches]
[File: C:\Program Files (x86)\Steam\steamapps\common\RimWorld\Mods\Doctrine\Patches\MegafaunaYield.xml]
[Source: RimUtinni Patches (Jawa campaign)]
[File: C:\Program Files (x86)\Steam\steamapps\common\RimWorld\Mods\UtinniPatches\Patches\AnimalTolerances_Ashkarr.xml]
Failed to find Verse.PawnKindDef named VAEWaste_Toxafox. There are 1807 defs of this type loaded.

Possible Matches:
[Source: Vanilla Landmarks Expanded]
[File: C:\Program Files (x86)\Steam\steamapps\workshop\content\294100\3656316229\1.6\Defs\TileMutators\TileMutators_Animals.xml]
[Source: RimUtinni Patches (Jawa campaign)]
[File: C:\Program Files (x86)\Steam\steamapps\common\RimWorld\Mods\UtinniPatches\Patches\AnimalTolerances_Ashkarr.xml]
Failed to find Verse.PawnKindDef named VAEWaste_Pestigator. There are 1807 defs of this type loaded.

Possible Matches:
[Source: Vanilla Landmarks Expanded]
[File: C:\Program Files (x86)\Steam\steamapps\workshop\content\294100\3656316229\1.6\Defs\TileMutators\TileMutators_Animals.xml]
[Source: Jawa Doctrine Patches]
[File: C:\Program Files (x86)\Steam\steamapps\common\RimWorld\Mods\Doctrine\Patches\MegafaunaYield.xml]
[Source: RimUtinni Patches (Jawa campaign)]
[File: C:\Program Files (x86)\Steam\steamapps\common\RimWorld\Mods\UtinniPatches\Patches\AnimalTolerances_Ashkarr.xml]
[Source: RimUtinni Patches (Jawa campaign)]
[File: C:\Program Files (x86)\Steam\steamapps\common\RimWorld\Mods\UtinniPatches\Patches\CreatureResize_Ashkarr.xml]
Failed to find Verse.PawnKindDef named VAEWaste_Hydra. There are 1807 defs of this type loaded.

Possible Matches:
[Source: Vanilla Landmarks Expanded]
[File: C:\Program Files (x86)\Steam\steamapps\workshop\content\294100\3656316229\1.6\Defs\TileMutators\TileMutators_Animals.xml]
[Source: RimUtinni Patches (Jawa campaign)]
[File: C:\Program Files (x86)\Steam\steamapps\common\RimWorld\Mods\UtinniPatches\Patches\AnimalTolerances_Ashkarr.xml]
Failed to find Verse.PawnKindDef named VAEWaste_Wasteffalo. There are 1807 defs of this type loaded.

Possible Matches:
[Source: Vanilla Landmarks Expanded]
[File: C:\Program Files (x86)\Steam\steamapps\workshop\content\294100\3656316229\1.6\Defs\TileMutators\TileMutators_Animals.xml]
[Source: Jawa Doctrine Patches]
[File: C:\Program Files (x86)\Steam\steamapps\common\RimWorld\Mods\Doctrine\Patches\MegafaunaYield.xml]
Failed to find Verse.PawnKindDef named VAEWaste_Wastedeer. There are 1807 defs of this type loaded.

Possible Matches:
[Source: Vanilla Landmarks Expanded]
[File: C:\Program Files (x86)\Steam\steamapps\workshop\content\294100\3656316229\1.6\Defs\TileMutators\TileMutators_Animals.xml]
[Source: Jawa Doctrine Patches]
[File: C:\Program Files (x86)\Steam\steamapps\common\RimWorld\Mods\Doctrine\Patches\MegafaunaYield.xml]
[Source: RimUtinni Patches (Jawa campaign)]
[File: C:\Program Files (x86)\Steam\steamapps\common\RimWorld\Mods\UtinniPatches\Patches\AnimalTolerances_Ashkarr.xml]
Failed to find Verse.JobDef named VAEWaste_AttackTree. There are 858 defs of this type loaded.
Failed to find Verse.JobDef named VAEWaste_AttackSelf. There are 858 defs of this type loaded.
Failed to find Verse.JobDef named VAEWaste_EatWastepack. There are 858 defs of this type loaded.
Failed to find Verse.HediffDef named VAEWaste_LongToxflu. There are 1481 defs of this type loaded.
Failed to find Verse.HediffDef named VAEWaste_Toxflu. There are 1481 defs of this type loaded.
Added SEX_Reproduction body part coverage to Apparel_TribalA
Added SEX_Reproduction body part coverage to Apparel_Pants
Added SEX_Reproduction body part coverage to Apparel_Duster
Added SEX_Reproduction body part coverage to Apparel_PlateArmor
Added SEX_Reproduction body part coverage to Apparel_FlakPants
Added SEX_Reproduction body part coverage to Apparel_PowerArmor
Added SEX_Reproduction body part coverage to Apparel_ArmorRecon
Added SEX_Reproduction body part coverage to Apparel_Cape
Added SEX_Reproduction body part coverage to Apparel_Robe
Added SEX_Reproduction body part coverage to Apparel_PsyfocusRobe
Added SEX_Reproduction body part coverage to Apparel_RobeRoyal
Added SEX_Reproduction body part coverage to Apparel_ArmorReconPrestige
Added SEX_Reproduction body part coverage to Apparel_ArmorMarinePrestige
Added SEX_Reproduction body part coverage to Apparel_ArmorCataphract
Added SEX_Reproduction body part coverage to Apparel_ArmorCataphractPrestige
Added SEX_Reproduction body part coverage to Apparel_ArmorLocust
Added SEX_Reproduction body part coverage to Apparel_ArmorMarineGrenadier
Added SEX_Reproduction body part coverage to Apparel_ArmorCataphractPhoenix
Added SEX_Reproduction body part coverage to Apparel_Burka
Added SEX_Reproduction body part coverage to Apparel_KidRomper
Added SEX_Reproduction body part coverage to Apparel_KidPants
Added SEX_Reproduction body part coverage to Apparel_KidTribal
Added SEX_Reproduction body part coverage to Apparel_MechlordSuit
Added SEX_Reproduction body part coverage to Apparel_Vacsuit
Added SEX_Reproduction body part coverage to Apparel_VacsuitChildren
Added SEX_Reproduction body part coverage to AM_MechCommanderSuit
Added SEX_Reproduction body part coverage to AM_MechBreakerArmor
Added SEX_Reproduction body part coverage to Horror_Pants
Added SEX_Reproduction body part coverage to Horror_Overgrowth
Added SEX_Reproduction body part coverage to Horror_Exoskeleton
Added SEX_Reproduction body part coverage to GravTide_DivingHardsuit
Added SEX_Reproduction body part coverage to GravTide_Drysuit
Added SEX_Reproduction body part coverage to Apparel_SOU_RagDress
Added SEX_Reproduction body part coverage to Apparel_SOU_RagDressB
Added SEX_Reproduction body part coverage to Apparel_SOU_TunicPoor
Added SEX_Reproduction body part coverage to Apparel_SOU_TunicFine
Added SEX_Reproduction body part coverage to Apparel_SOU_VicScullery
Added SEX_Reproduction body part coverage to Apparel_SOU_VicHM
Added SEX_Reproduction body part coverage to Apparel_SOU_Coverall
Added SEX_Reproduction body part coverage to Apparel_SOU_SpTight
Added SEX_Reproduction body part coverage to HumanSkinSuit
Added SEX_Reproduction body part coverage to TempuraOnesie
Added SEX_Reproduction body part coverage to VAE_Apparel_Shorts
Added SEX_Reproduction body part coverage to VAE_Apparel_Skirt
Added SEX_Reproduction body part coverage to VAE_Apparel_Trousers
Added SEX_Reproduction body part coverage to VAE_Apparel_Overalls
Added SEX_Reproduction body part coverage to VAE_Apparel_Jeans
Added SEX_Reproduction body part coverage to VAE_Apparel_MilitaryUniform
Added SEX_Reproduction body part coverage to VAE_Apparel_DoctorScrubs
Added SEX_Reproduction body part coverage to VAE_Apparel_LabCoat
Added SEX_Reproduction body part coverage to VAE_Apparel_Jumpsuit
Added SEX_Reproduction body part coverage to VAE_Apparel_Apron
Added SEX_Reproduction body part coverage to VAE_Apparel_PeltCoat
Added SEX_Reproduction body part coverage to VAE_Apparel_TribalKilt
Added SEX_Reproduction body part coverage to VFET_Apparel_TribalHeavy
Added SEX_Reproduction body part coverage to VGE_Apparel_Vacsuit_Prestige
Added SEX_Reproduction body part coverage to VIEHAR_Apparel_Rags
Added SEX_Reproduction body part coverage to VQEA_Apparel_PatientGown
Added SEX_Reproduction body part coverage to VQE_CryptoArmor
Added SEX_Reproduction body part coverage to VQE_CryptoHeavyArmor
Added SEX_Reproduction body part coverage to VREA_Apparel_Archoplate
Added SEX_Reproduction body part coverage to VRE_AncientAstrosuit
Added SEX_Reproduction body part coverage to AM_AScompFD
Added SEX_Reproduction body part coverage to AM_CompFlakSuit
Added SEX_Reproduction body part coverage to BMT_HermeticArmor
Added SEX_Reproduction body part coverage to DP_EtherealCloak
Added SEX_Reproduction body part coverage to DP_NinjaRobe
Added SEX_Reproduction body part coverage to DP_FireCultRobe
Added SEX_Reproduction body part coverage to DP_ShroudOfMadness
Added SEX_Reproduction body part coverage to SGC_Apparel_RescueFrame
Added SEX_Reproduction body part coverage to Apparel_BabyOnesie
Added SEX_Reproduction body part coverage to Apparel_BabyTribal
Added SEX_Reproduction body part coverage to AG_ForsakenCloak
Added SEX_Reproduction body part coverage to AG_ForsakenCloak_Child
Added SEX_Reproduction body part coverage to AG_ForsakenMarineArmor
Added SEX_Reproduction body part coverage to BMT_Apparel_ArmorChitinphract
Added SEX_Reproduction body part coverage to BMT_Apparel_ArmorChitinphractPrestige
Added SEX_Reproduction body part coverage to BMT_Apparel_ArmorBeetlephractPrestige
Added SEX_Reproduction body part coverage to BMT_Apparel_ChitinLightArmor
Added SEX_Reproduction body part coverage to BMT_Apparel_ChitinMediumArmor
Added SEX_Reproduction body part coverage to BMT_Apparel_ChitinHeavyArmor
Added SEX_Reproduction body part coverage to VFEP_Warcasket_Warcasket
Added SEX_Reproduction body part coverage to VFEP_Warcasket_Marine
Added SEX_Reproduction body part coverage to VFEP_Warcasket_Recon
Added SEX_Reproduction body part coverage to VFEP_Warcasket_Cataphract
Added SEX_Reproduction body part coverage to VFEP_Warcasket_Aerial
Added SEX_Reproduction body part coverage to VFEP_Warcasket_Barrage
Added SEX_Reproduction body part coverage to VFEP_Warcasket_Hazard
Added SEX_Reproduction body part coverage to VFEP_Warcasket_Shock
Added SEX_Reproduction body part coverage to VFEP_Apparel_Privateer
Added SEX_Reproduction body part coverage to VFEP_Apparel_Rumsuit
Added SEX_Reproduction body part coverage to VFEP_Warcasket_Siegebreaker
Added SEX_Reproduction body part coverage to VFEP_Warcasket_Guardian
Added SEX_Reproduction body part coverage to VFEP_Warcasket_Controller
Added SEX_Reproduction body part coverage to VFEP_Warcasket_Sarcophagus
Added SEX_Reproduction body part coverage to VFEP_Warcasket_Brute
Added SEX_Reproduction body part coverage to Warcasket_Sentinel
Added SEX_Reproduction body part coverage to Warcasket_GuardianX
Added SEX_Reproduction body part coverage to Warcasket_Tyrant
Added SEX_Reproduction body part coverage to Warcasket_Centurion
Added SEX_Reproduction body part coverage to OuterRim_Bodysuit
Added SEX_Reproduction body part coverage to OuterRim_BoneCuirass
Added SEX_Reproduction body part coverage to OuterRim_CasualClothing
Added SEX_Reproduction body part coverage to OuterRim_ChitinCuirass
Added SEX_Reproduction body part coverage to OuterRim_Cloak
Added SEX_Reproduction body part coverage to OuterRim_CompositeCuirass
Added SEX_Reproduction body part coverage to OuterRim_DesertGarb
Added SEX_Reproduction body part coverage to OuterRim_HermitTunic
Added SEX_Reproduction body part coverage to OuterRim_PaddedCuirass
Added SEX_Reproduction body part coverage to OuterRim_Poncho
Added SEX_Reproduction body part coverage to OuterRim_ScrapperWorksuit
Added SEX_Reproduction body part coverage to BS_BarbarianArmor
Added SEX_Reproduction body part coverage to OuterRim_ImperialArmyCuirass
Added SEX_Reproduction body part coverage to OuterRim_ImperialArmyUniform
Added SEX_Reproduction body part coverage to OuterRim_ImperialCadetUniform
Added SEX_Reproduction body part coverage to OuterRim_DeathTrooperCuirass
Added SEX_Reproduction body part coverage to OuterRim_ISBAgentCuirass
Added SEX_Reproduction body part coverage to OuterRim_ImperialJumpsuit
Added SEX_Reproduction body part coverage to OuterRim_ImperialOfficerUniform
Added SEX_Reproduction body part coverage to OuterRim_ImperialOfficerUniform_Black
Added SEX_Reproduction body part coverage to OuterRim_ImperialOfficerUniform_White
Added SEX_Reproduction body part coverage to OuterRim_RangeTrooperCuirass
Added SEX_Reproduction body part coverage to OuterRim_ScoutTrooperCuirass
Added SEX_Reproduction body part coverage to OuterRim_SnowtrooperCuirass
Added SEX_Reproduction body part coverage to OuterRim_StormtrooperCuirass
Added SEX_Reproduction body part coverage to OuterRim_StormtrooperCuirass_Specialist
Added SEX_Reproduction body part coverage to OuterRim_StormtrooperCuirass_Pride
Added SEX_Reproduction body part coverage to OuterRim_StormtrooperKama
Added SEX_Reproduction body part coverage to OuterRim_RebelOfficerJacket
Added SEX_Reproduction body part coverage to OuterRim_RebelFleetTrooperUniform
Added SEX_Reproduction body part coverage to OuterRim_RebelForestFatigues
Added SEX_Reproduction body part coverage to OuterRim_RebelForestJacket
Added SEX_Reproduction body part coverage to OuterRim_RebelForestPoncho
Added SEX_Reproduction body part coverage to OuterRim_RebelOfficerUniform
Added SEX_Reproduction body part coverage to _guy762_DevTool_BodyHider
Added SEX_Reproduction body part coverage to GS_SandP_Body
Added SEX_Reproduction body part coverage to guy762_Clothing_scum
Added SEX_Reproduction body part coverage to guy762_Clothing_scumII
Added SEX_Reproduction body part coverage to guy762_Clothing_scumIII
Added SEX_Reproduction body part coverage to guy762_Clothing_civilian
Added SEX_Reproduction body part coverage to guy762_Clothing_rebel
Added SEX_Reproduction body part coverage to guy762_Clothing_smuggler
Added SEX_Reproduction body part coverage to guy762_Clothing_trendy
Added SEX_Reproduction body part coverage to guy762_Clothing_cosmopolitan
Added SEX_Reproduction body part coverage to guy762_Clothing_light
Added SEX_Reproduction body part coverage to guy762_Clothing_RebelCamo
Added SEX_Reproduction body part coverage to guy762_Clothing_RebelCamoII
Added SEX_Reproduction body part coverage to guy762_GenericUniform_fatigues
Added SEX_Reproduction body part coverage to guy762_Bodysuit_Dyeable
Added SEX_Reproduction body part coverage to guy762_Bodysuit_striped
Added SEX_Reproduction body part coverage to guy762_Bodysuit
Added SEX_Reproduction body part coverage to guy762_Robes_gand
Added SEX_Reproduction body part coverage to guy762_JediCloak_light
Added SEX_Reproduction body part coverage to guy762_Robes_jawa
Added SEX_Reproduction body part coverage to guy762_Robes_tusken
Added SEX_Reproduction body part coverage to guy762_Robes_zuckuss
Added SEX_Reproduction body part coverage to guy762_Robes_onderon
Added SEX_Reproduction body part coverage to guy762_MalakTunic
Added SEX_Reproduction body part coverage to guy762_MalakCape
Added SEX_Reproduction body part coverage to guy762_RevanRobes
Added SEX_Reproduction body part coverage to guy762_RevanCloak
Added SEX_Reproduction body part coverage to guy762_NihilusRobes
Added SEX_Reproduction body part coverage to guy762_NihilusCloak
Added SEX_Reproduction body part coverage to guy762_StarForgeRobes
Added SEX_Reproduction body part coverage to guy762_StarForgeCloak
Added SEX_Reproduction body part coverage to guy762_SionTunic
Added SEX_Reproduction body part coverage to guy762_KreiaRobes_DarthTraya
Added SEX_Reproduction body part coverage to guy762_ExarKunArmor
Added SEX_Reproduction body part coverage to guy762_MalgusArmor
Added SEX_Reproduction body part coverage to guy762_HvyArmor
Added SEX_Reproduction body part coverage to guy762_HvyArmor_echani
Added SEX_Reproduction body part coverage to guy762_HvyArmor_durasteel
Added SEX_Reproduction body part coverage to guy762_HvyArmor_flex
Added SEX_Reproduction body part coverage to guy762_HvyArmor_matrix
Added SEX_Reproduction body part coverage to guy762_LgtBattleArmor
Added SEX_Reproduction body part coverage to guy762_LgtBattleArmor_bronzium
Added SEX_Reproduction body part coverage to guy762_LgtBattleArmor_power
Added SEX_Reproduction body part coverage to guy762_LgtBattleArmor_krath
Added SEX_Reproduction body part coverage to guy762_LgtBattleArmor_electromesh
Added SEX_Reproduction body part coverage to guy762_MidBattleArmor
Added SEX_Reproduction body part coverage to guy762_MidBattleArmor_powered
Added SEX_Reproduction body part coverage to guy762_MidBattleArmor_cinnagar
Added SEX_Reproduction body part coverage to guy762_MidBattleArmor_corellian
Added SEX_Reproduction body part coverage to guy762_MidBattleArmor_verpine
Added SEX_Reproduction body part coverage to guy762_Bodysuit_czerka
Added SEX_Reproduction body part coverage to guy762_Clothing_czerka
Added SEX_Reproduction body part coverage to guy762_Clothing_czerkaofficer
Added SEX_Reproduction body part coverage to guy762_LgtBattleArmor_TSL
Added SEX_Reproduction body part coverage to guy762_JediTunic_light
Added SEX_Reproduction body part coverage to guy762_JediTunic_simple
Added SEX_Reproduction body part coverage to guy762_JediTunic_formal
Added SEX_Reproduction body part coverage to guy762_JediTunic_trad
Added SEX_Reproduction body part coverage to guy762_JediTunic_lightOld
Added SEX_Reproduction body part coverage to guy762_MidBattleArmor_mando
Added SEX_Reproduction body part coverage to guy762_MandoArmor_battle
Added SEX_Reproduction body part coverage to guy762_MandoArmor_assault
Added SEX_Reproduction body part coverage to guy762_MandoArmor_supercom
Added SEX_Reproduction body part coverage to guy762_RepUniform_ensign
Added SEX_Reproduction body part coverage to guy762_RepUniform_officer
Added SEX_Reproduction body part coverage to guy762_RepArmor_TSF
Added SEX_Reproduction body part coverage to guy762_RepArmor_trooper
Added SEX_Reproduction body part coverage to guy762_HvyArmor_repcom
Added SEX_Reproduction body part coverage to guy762_HvyArmor_gamorrean
Added SEX_Reproduction body part coverage to guy762_Jacket_exchange
Added SEX_Reproduction body part coverage to guy762_SithTunic_apprentice
Added SEX_Reproduction body part coverage to guy762_SithTunic_assassin
Added SEX_Reproduction body part coverage to guy762_SithTunic_warrior
Added SEX_Reproduction body part coverage to guy762_SithArmor_marauder
Added SEX_Reproduction body part coverage to guy762_SithArmor_colormarauder
Added SEX_Reproduction body part coverage to guy762_SithUniform_ensign
Added SEX_Reproduction body part coverage to guy762_SithUniform_officer
Added SEX_Reproduction body part coverage to guy762_SithArmor_trooper
Added SEX_Reproduction body part coverage to guy762_SithArmor_colortrooper
Added SEX_Reproduction body part coverage to guy762_SithArmor_commando
Added SEX_Reproduction body part coverage to guy762_SithArmor_colorcommando
Added SEX_Reproduction body part coverage to guy762_VisasRobes
Added SEX_Reproduction body part coverage to guy762_JoleeTunic
Added SEX_Reproduction body part coverage to guy762_BastilaTunic
Added SEX_Reproduction body part coverage to guy762_JuhaniTunic
Added SEX_Reproduction body part coverage to RSW_DW_Module_DroidArmorHvy
Added SEX_Reproduction body part coverage to RSW_DW_Module_DroidArmorHvy_env
Added SEX_Reproduction body part coverage to RSW_DW_Module_DroidArmorHvy_desh
Added SEX_Reproduction body part coverage to RSW_DW_Module_DroidArmorHvy_czerka
Added SEX_Reproduction body part coverage to RSW_DW_Module_DroidArmorHvy_impact
Added SEX_Reproduction body part coverage to RSW_DW_Module_DroidArmorHvy_composite
Added SEX_Reproduction body part coverage to RSW_DW_Module_DroidArmorHvy_diatium
Added SEX_Reproduction body part coverage to RSW_DW_Module_DroidArmorLte
Added SEX_Reproduction body part coverage to RSW_DW_Module_DroidArmorLte_env
Added SEX_Reproduction body part coverage to RSW_DW_Module_DroidArmorLte_desh
Added SEX_Reproduction body part coverage to RSW_DW_Module_DroidArmorLte_czerka
Added SEX_Reproduction body part coverage to RSW_DW_Module_DroidArmorLte_impact
Added SEX_Reproduction body part coverage to RSW_DW_Module_DroidArmorLte_composite
Added SEX_Reproduction body part coverage to RSW_DW_Module_DroidArmorLte_agrinium
Added SEX_Reproduction body part coverage to RSW_DW_Module_DroidArmorMid
Added SEX_Reproduction body part coverage to RSW_DW_Module_DroidArmorMid_env
Added SEX_Reproduction body part coverage to RSW_DW_Module_DroidArmorMid_desh
Added SEX_Reproduction body part coverage to RSW_DW_Module_DroidArmorMid_czerka
Added SEX_Reproduction body part coverage to RSW_DW_Module_DroidArmorMid_impact
Added SEX_Reproduction body part coverage to RSW_DW_Module_DroidArmorMid_composite
Added SEX_Reproduction body part coverage to RSW_DW_Module_DroidArmorMid_quadranium
Added SEX_Reproduction body part coverage to VFEP_Warcasket_MechController
Added SEX_Reproduction body part coverage to AM_Apparel_MechlordSuit_Prestige
Added SEX_Reproduction body part coverage to AM_PrestigeMechCommanderSuit
Added SEX_Reproduction body part coverage to AM_PrestigeMechBreakerArmor
BodyDef Scorcher_SixLeg has BodyPartRecord of MechanicalThoraxCanManipulate whose children have more or equal coverage than 100% (102.00%)
Config error in Utinni Shellmandrake.rut.menushell: defName Utinni Shellmandrake.rut.menushell should only contain letters, numbers, underscores, or dashes.
Config error in TargetedInsultingSpree: label contains illegal character(s): "[]{}". This can cause issues during grammar resolution. If this was intended, you can use the "ignoreIllegalLabelCharacterConfigError" flag.

Possible Matches:
[Source: Core]
[File: C:\Program Files (x86)\Steam\steamapps\common\RimWorld\Data\Core\Defs\MentalStateDefs\MentalStates_Mood.xml]
Config error in Wasteland: Duplicate animal record: AA_Eyeling

Possible Matches:
[Source: Advanced Biomes (Continued)]
[File: C:\Program Files (x86)\Steam\steamapps\workshop\content\294100\3541022508\1.6\Defs\BiomeDefs\Biomes_Wasteland.xml]
Config error in RUT_ComplexStructures: LandmarkDef RUT_ComplexStructures has no mutators with a chance of 1 or higher.

Possible Matches:
[Source: RimUtinni Patches (Jawa campaign)]
[File: C:\Program Files (x86)\Steam\steamapps\common\RimWorld\Mods\UtinniPatches\Defs\LandmarkDefs\RUT_ComplexStructures.xml]
Config error in RSW_ToxinDependence: needClass is null

Possible Matches:
[Source: RimMandrake: SW — Bestiary]
[File: C:\Program Files (x86)\Steam\steamapps\common\RimWorld\Mods\SWBestiary\Defs\BiomesTeamPort\Support\RSW_BiomesTeamPort_Support.xml]
Config error in RM_Dunes_Sand: depositFilthChance is set but depositFilthDef is null — no filth can be laid.

Possible Matches:
[Source: Moving Dunes]
[File: C:\Program Files (x86)\Steam\steamapps\common\RimWorld\Mods\MovingDunes\Defs\DuneMaterialDefs\Materials.xml]
Exception in ConfigErrors() of CannibalPirate: System.NullReferenceException: Object reference not set to an instance of an object
[Ref 35D201A7]
  at Verse.Find.get_FactionManager () [0x00005] in <61e4173561894da49d210260257b5097>:0 
  at Worldbuilder.IdeoUtility_IsMemeAllowedFor_Patch.Postfix (RimWorld.FactionDef faction, System.Boolean& __result) [0x00011] in <78e2a0b7c4cd464fafacf54dc8a1a418>:0 
  at RimWorld.IdeoUtility.IsMemeAllowedFor (RimWorld.MemeDef meme, RimWorld.FactionDef faction) [0x0014c] in <61e4173561894da49d210260257b5097>:0 
    - POSTFIX WorldbuilderMod: Void Worldbuilder.IdeoUtility_IsMemeAllowedFor_Patch:Postfix(FactionDef faction, Boolean& __result)
  at RimWorld.FactionDef.<ConfigErrors>b__150_0 (RimWorld.MemeDef x) [0x00000] in <61e4173561894da49d210260257b5097>:0 
  at Verse.GenCollection.FirstOrDefault[T] (System.Collections.Generic.List`1[T] list, System.Predicate`1[T] predicate) [0x00011] in <61e4173561894da49d210260257b5097>:0 
  at RimWorld.FactionDef+<ConfigErrors>d__150.MoveNext () [0x001b3] in <61e4173561894da49d210260257b5097>:0 
  at Verse.DefDatabase`1[T].ErrorCheckAllDefs () [0x00065] in <61e4173561894da49d210260257b5097>:0 

Possible Matches:
[Source: Ideology]
[File: C:\Program Files (x86)\Steam\steamapps\common\RimWorld\Data\Ideology\Defs\FactionDefs\Factions_Misc.xml]
[Source: RimUtinni Patches (Jawa campaign)]
[File: C:\Program Files (x86)\Steam\steamapps\common\RimWorld\Mods\UtinniPatches\Defs\RulePackDefs\Namer_PirateSyndicates.xml]
[Source: Orc Clan + Xenotype]
[File: C:\Program Files (x86)\Steam\steamapps\workshop\content\294100\3232348025\Patches\XenotypeIntegration.xml]
[Source: RimUtinni Patches (Jawa campaign)]
[File: C:\Program Files (x86)\Steam\steamapps\common\RimWorld\Mods\UtinniPatches\Patches\BlackstarCompany.xml]
[Source: RimUtinni Patches (Jawa campaign)]
[File: C:\Program Files (x86)\Steam\steamapps\common\RimWorld\Mods\UtinniPatches\Patches\FactionSlate\OnlyOurFactions.xml]
Config error in AM_AncientLogisticsSystem: Hyperweave tradeability doesn't allow traders to sell this thing

Possible Matches:
[Source: Ancient urban ruins]
[File: C:\Program Files (x86)\Steam\steamapps\workshop\content\294100\3316062206\1.6\Defs\TraderKinds.xml]
Config error in Wasteland: Duplicate animal record: AA_Eyeling

Possible Matches:
[Source: Advanced Biomes (Continued)]
[File: C:\Program Files (x86)\Steam\steamapps\workshop\content\294100\3541022508\1.6\Defs\BiomeDefs\Biomes_Wasteland.xml]
Exception in ConfigErrors() of PirateYttakin: System.NullReferenceException: Object reference not set to an instance of an object
[Ref 35D201A7] Duplicate stacktrace, see ref for original

Possible Matches:
[Source: Biotech]
[File: C:\Program Files (x86)\Steam\steamapps\common\RimWorld\Data\Biotech\Defs\FactionDefs\Factions_Misc.xml]
[Source: Biotech]
[File: C:\Program Files (x86)\Steam\steamapps\common\RimWorld\Data\Biotech\Defs\PawnKindDefs_Humanlikes\PawnKinds_Yttakin.xml]
[Source: Biotech]
[File: C:\Program Files (x86)\Steam\steamapps\common\RimWorld\Data\Biotech\Defs\RulePackDefs\RulePacks_Namers_Faction.xml]
[Source: RimUtinni Patches (Jawa campaign)]
[File: C:\Program Files (x86)\Steam\steamapps\common\RimWorld\Mods\UtinniPatches\Defs\RulePackDefs\Namer_PirateSyndicates.xml]
[Source: ReGrowth 2]
[File: C:\Program Files (x86)\Steam\steamapps\workshop\content\294100\2260097569\1.6\Patches\_ModSettings\General-Patches.xml]
[Source: RimUtinni Patches (Jawa campaign)]
[File: C:\Program Files (x86)\Steam\steamapps\common\RimWorld\Mods\UtinniPatches\Patches\BlackstarCompany.xml]
[Source: RimUtinni Patches (Jawa campaign)]
[File: C:\Program Files (x86)\Steam\steamapps\common\RimWorld\Mods\UtinniPatches\Patches\FactionSlate\OnlyOurFactions.xml]
Config error in RM_FE_Ash_Trace: burnedDef is flammable

Possible Matches:
[Source: Pyrelands]
[File: C:\Program Files (x86)\Steam\steamapps\common\RimWorld\Mods\Pyrelands\Defs\TerrainDefs\AshLadder.xml]
Config error in RUT_Slough_GelatinousBreach: LandmarkDef RUT_Slough_GelatinousBreach has no mutators with a chance of 1 or higher.

Possible Matches:
[Source: RimUtinni Patches (Jawa campaign)]
[File: C:\Program Files (x86)\Steam\steamapps\common\RimWorld\Mods\UtinniPatches\Defs\LandmarkDefs\RUT_Slough_GelatinousBreach.xml]
Exception in ConfigErrors() of BiomeCypreJungle: System.NullReferenceException: Object reference not set to an instance of an object
[Ref 50CAEF97]
  at RimWorld.BiomeDef+<ConfigErrors>d__109.MoveNext () [0x000ed] in <61e4173561894da49d210260257b5097>:0 
  at Verse.DefDatabase`1[T].ErrorCheckAllDefs () [0x00065] in <61e4173561894da49d210260257b5097>:0 

Possible Matches:
[Source: GRiNDTerra Biomes]
[File: C:\Program Files (x86)\Steam\steamapps\workshop\content\294100\3537211820\1.6\Defs\BiomeDefs\Biome_CypreJungle.xml]
[Source: GRiNDTerra Biomes]
[File: C:\Program Files (x86)\Steam\steamapps\workshop\content\294100\3537211820\LoadFolders\WorldMapBeautificationProject\Patches\GRiNDTerra Biomes.xml]
[Source: GRiNDTerra Biomes]
[File: C:\Program Files (x86)\Steam\steamapps\workshop\content\294100\3537211820\1.6\Patches\Alphabiometile.xml]
[Source: GRiNDTerra Biomes]
[File: C:\Program Files (x86)\Steam\steamapps\workshop\content\294100\3537211820\1.6\Patches\PatchTileMutators.xml]
[Source: GRiNDTerra Biomes]
[File: C:\Program Files (x86)\Steam\steamapps\workshop\content\294100\3537211820\1.6\Patches\VLandmarksEx.xml]
[Source: RimUtinni Patches (Jawa campaign)]
[File: C:\Program Files (x86)\Steam\steamapps\common\RimWorld\Mods\UtinniPatches\Patches\AncientDangerGenSteps_AmbientDoctrine.xml]
[Source: RimUtinni Patches (Jawa campaign)]
[File: C:\Program Files (x86)\Steam\steamapps\common\RimWorld\Mods\UtinniPatches\Patches\BiomeCast_Ashkarr.xml]
[Source: RimUtinni Patches (Jawa campaign)]
[File: C:\Program Files (x86)\Steam\steamapps\common\RimWorld\Mods\UtinniPatches\Patches\BiomeDescriptions_Ashkarr.xml]
[Source: RimUtinni Patches (Jawa campaign)]
[File: C:\Program Files (x86)\Steam\steamapps\common\RimWorld\Mods\UtinniPatches\Patches\BiomeFishTypes_Greentide.xml]
[Source: RimUtinni Patches (Jawa campaign)]
[File: C:\Program Files (x86)\Steam\steamapps\common\RimWorld\Mods\UtinniPatches\Patches\BiomeFlora_Ashkarr.xml]
[Source: RimUtinni Patches (Jawa campaign)]
[File: C:\Program Files (x86)\Steam\steamapps\common\RimWorld\Mods\UtinniPatches\Patches\BiomeNames_Ashkarr.xml]
Config error in guy762_BaseTraderKind_Czerka: Hyperweave tradeability doesn't allow traders to sell this thing

Possible Matches:
[Source: Star Wars KotOR Resources and Materials]
[File: C:\Program Files (x86)\Steam\steamapps\workshop\content\294100\3254370945\1.6\Defs\TraderKindDefs\BaseTrader_Czerka.xml]
Exception in ConfigErrors() of AridShrubland: System.NullReferenceException: Object reference not set to an instance of an object
[Ref 50CAEF97] Duplicate stacktrace, see ref for original

Possible Matches:
[Source: Core]
[File: C:\Program Files (x86)\Steam\steamapps\common\RimWorld\Data\Core\Defs\BiomeDefs\Biomes_WarmArid.xml]
[Source: Core]
[File: C:\Program Files (x86)\Steam\steamapps\common\RimWorld\Data\Core\Defs\RulePackDefs\RulePacks_Namers_WorldFeatures.xml]
[Source: Core]
[File: C:\Program Files (x86)\Steam\steamapps\common\RimWorld\Data\Core\Defs\Storyteller\Incidents_Caravan_All.xml]
[Source: Core]
[File: C:\Program Files (x86)\Steam\steamapps\common\RimWorld\Data\Core\Defs\Storyteller\Incidents_Map_Misc.xml]
[Source: Core]
[File: C:\Program Files (x86)\Steam\steamapps\common\RimWorld\Data\Core\Defs\Misc\FeatureDefs\Features.xml]
[Source: Odyssey]
[File: C:\Program Files (x86)\Steam\steamapps\common\RimWorld\Data\Odyssey\Defs\TileMutators\TileMutators_AncientStructures.xml]
[Source: Odyssey]
[File: C:\Program Files (x86)\Steam\steamapps\common\RimWorld\Data\Odyssey\Defs\TileMutators\TileMutators_ManMade.xml]
[Source: Odyssey]
[File: C:\Program Files (x86)\Steam\steamapps\common\RimWorld\Data\Odyssey\Defs\TileMutators\TileMutators_Modifiers.xml]
[Source: Odyssey]
[File: C:\Program Files (x86)\Steam\steamapps\common\RimWorld\Data\Odyssey\Defs\TileMutators\TileMutators_Natural.xml]
[Source: AA FancyRats]
[File: C:\Program Files (x86)\Steam\steamapps\workshop\content\294100\2113851330\1.6\Defs\ThingDefs_Races\Races_Animal_FancyRat.xml]
[Source: Alpha Biomes]
[File: C:\Program Files (x86)\Steam\steamapps\workshop\content\294100\1841354677\1.6\Mods\Odyssey\Defs\TileMutators\TileMutators_Landmarks_Natural.xml]
[Source: Alpha Biomes]
[File: C:\Program Files (x86)\Steam\steamapps\workshop\content\294100\1841354677\1.6\Mods\Odyssey\Defs\TileMutators\TileMutators_ManMade.xml]
[Source: Alpha Biomes]
[File: C:\Program Files (x86)\Steam\steamapps\workshop\content\294100\1841354677\1.6\Mods\Odyssey\Defs\TileMutators\TileMutators_Natural.xml]
[Source: Alpha Biomes]
[File: C:\Program Files (x86)\Steam\steamapps\workshop\content\294100\1841354677\1.6\Defs\BiomeDefs\Biomes_GallatrossGraveyard.xml]
[Source: Beasts of the Rim (Continued)]
[File: C:\Program Files (x86)\Steam\steamapps\workshop\content\294100\2194018641\1.6\Defs\ThingDefs_Races\Races_Animal_Armadillo.xml]
[Source: Beasts of the Rim (Continued)]
[File: C:\Program Files (x86)\Steam\steamapps\workshop\content\294100\2194018641\1.6\Defs\ThingDefs_Races\Races_Animal_Jerbal.xml]
[Source: Beasts of the Rim (Continued)]
[File: C:\Program Files (x86)\Steam\steamapps\workshop\content\294100\2194018641\1.6\Defs\ThingDefs_Races\Races_Animal_MandrillMan.xml]
[Source: Beasts of the Rim (Continued)]
[File: C:\Program Files (x86)\Steam\steamapps\workshop\content\294100\2194018641\1.6\Defs\ThingDefs_Races\Races_Animal_Neanderthal.xml]
[Source: Beasts of the Rim (Continued)]
[File: C:\Program Files (x86)\Steam\steamapps\workshop\content\294100\2194018641\1.6\Defs\ThingDefs_Races\Races_Animal_Toraton.xml]
[Source: Beasts of the Rim (Continued)]
[File: C:\Program Files (x86)\Steam\steamapps\workshop\content\294100\2194018641\1.6\Defs\ThingDefs_Races\Races_Animal_Zebra.xml]
[Source: Caravan Adventures]
[File: C:\Program Files (x86)\Steam\steamapps\workshop\content\294100\2558957509\1.6\Defs\IncidentDefs\CaravanIncidents.xml]
[Source: Dark Ages : Beasts and Monsters]
[File: C:\Program Files (x86)\Steam\steamapps\workshop\content\294100\3472275628\1.6\Defs\ThingDefs_Races\Animal_BlackScribe.xml]
[Source: Dark Ages : Beasts and Monsters]
[File: C:\Program Files (x86)\Steam\steamapps\workshop\content\294100\3472275628\1.6\Defs\ThingDefs_Races\Animal_Karabal.xml]
[Source: Dark Ages : Beasts and Monsters]
[File: C:\Program Files (x86)\Steam\steamapps\workshop\content\294100\3472275628\1.6\Defs\ThingDefs_Races\Animal_Pilgrim.xml]
[Source: GRiNDTerra Terrain Retexture]
[File: C:\Program Files (x86)\Steam\steamapps\workshop\content\294100\3543925559\1.6\Defs\BiomeDefs\Biomes_NewArid.xml]
[Source: RimStarWars: Structure Injections]
[File: C:\Program Files (x86)\Steam\steamapps\common\RimWorld\Mods\StructureInjectionsSW\Defs\TileMutatorDefs_Batch2.xml]
[Source: RimStarWars: Structure Injections]
[File: C:\Program Files (x86)\Steam\steamapps\common\RimWorld\Mods\StructureInjectionsSW\Defs\TileMutatorDefs_MoistureFarm.xml]
[Source: Jurassic Rimworld - Dinosaurs Only (Continued)]
[File: C:\Program Files (x86)\Steam\steamapps\workshop\content\294100\3541510004\1.6\Defs\ThingDef_Races\Race_Albertosaurus.xml]
[Source: Jurassic Rimworld - Dinosaurs Only (Continued)]
[File: C:\Program Files (x86)\Steam\steamapps\workshop\content\294100\3541510004\1.6\Defs\ThingDef_Races\Race_Ankylosaurus.xml]
[Source: Jurassic Rimworld - Dinosaurs Only (Continued)]
[File: C:\Program Files (x86)\Steam\steamapps\workshop\content\294100\3541510004\1.6\Defs\ThingDef_Races\Race_Apatosaurus.xml]
[Source: Jurassic Rimworld - Dinosaurs Only (Continued)]
[File: C:\Program Files (x86)\Steam\steamapps\workshop\content\294100\3541510004\1.6\Defs\ThingDef_Races\Race_Argentinosaurus.xml]
[Source: Jurassic Rimworld - Dinosaurs Only (Continued)]
[File: C:\Program Files (x86)\Steam\steamapps\workshop\content\294100\3541510004\1.6\Defs\ThingDef_Races\Race_Bagaceratops.xml]
[Source: Jurassic Rimworld - Dinosaurs Only (Continued)]
[File: C:\Program Files (x86)\Steam\steamapps\workshop\content\294100\3541510004\1.6\Defs\ThingDef_Races\Race_Baseopsis.xml]
[Source: Jurassic Rimworld - Dinosaurs Only (Continued)]
[File: C:\Program Files (x86)\Steam\steamapps\workshop\content\294100\3541510004\1.6\Defs\ThingDef_Races\Race_Brachytrachelopan.xml]
[Source: Jurassic Rimworld - Dinosaurs Only (Continued)]
[File: C:\Program Files (x86)\Steam\steamapps\workshop\content\294100\3541510004\1.6\Defs\ThingDef_Races\Race_Camarasaurus.xml]
[Source: Jurassic Rimworld - Dinosaurs Only (Continued)]
[File: C:\Program Files (x86)\Steam\steamapps\workshop\content\294100\3541510004\1.6\Defs\ThingDef_Races\Race_Desmatosuchus.xml]
[Source: Jurassic Rimworld - Dinosaurs Only (Continued)]
[File: C:\Program Files (x86)\Steam\steamapps\workshop\content\294100\3541510004\1.6\Defs\ThingDef_Races\Race_Dimetrodon.xml]
[Source: Jurassic Rimworld - Dinosaurs Only (Continued)]
[File: C:\Program Files (x86)\Steam\steamapps\workshop\content\294100\3541510004\1.6\Defs\ThingDef_Races\Race_Dinilysia.xml]
[Source: Jurassic Rimworld - Dinosaurs Only (Continued)]
[File: C:\Program Files (x86)\Steam\steamapps\workshop\content\294100\3541510004\1.6\Defs\ThingDef_Races\Race_Dromaeosaurus.xml]
[Source: Jurassic Rimworld - Dinosaurs Only (Continued)]
[File: C:\Program Files (x86)\Steam\steamapps\workshop\content\294100\3541510004\1.6\Defs\ThingDef_Races\Race_Edaphosaurus.xml]
[Source: Jurassic Rimworld - Dinosaurs Only (Continued)]
[File: C:\Program Files (x86)\Steam\steamapps\workshop\content\294100\3541510004\1.6\Defs\ThingDef_Races\Race_Euoplocephalus.xml]
[Source: Jurassic Rimworld - Dinosaurs Only (Continued)]
[File: C:\Program Files (x86)\Steam\steamapps\workshop\content\294100\3541510004\1.6\Defs\ThingDef_Races\Race_Gallimimus.xml]
[Source: Jurassic Rimworld - Dinosaurs Only (Continued)]
[File: C:\Program Files (x86)\Steam\steamapps\workshop\content\294100\3541510004\1.6\Defs\ThingDef_Races\Race_Gasosaurus.xml]
[Source: Jurassic Rimworld - Dinosaurs Only (Continued)]
[File: C:\Program Files (x86)\Steam\steamapps\workshop\content\294100\3541510004\1.6\Defs\ThingDef_Races\Race_Geralinura.xml]
[Source: Jurassic Rimworld - Dinosaurs Only (Continued)]
[File: C:\Program Files (x86)\Steam\steamapps\workshop\content\294100\3541510004\1.6\Defs\ThingDef_Races\Race_Gorgonops.xml]
[Source: Jurassic Rimworld - Dinosaurs Only (Continued)]
[File: C:\Program Files (x86)\Steam\steamapps\workshop\content\294100\3541510004\1.6\Defs\ThingDef_Races\Race_Homalocephale.xml]
[Source: Jurassic Rimworld - Dinosaurs Only (Continued)]
[File: C:\Program Files (x86)\Steam\steamapps\workshop\content\294100\3541510004\1.6\Defs\ThingDef_Races\Race_Ischigualastia.xml]
[Source: Jurassic Rimworld - Dinosaurs Only (Continued)]
[File: C:\Program Files (x86)\Steam\steamapps\workshop\content\294100\3541510004\1.6\Defs\ThingDef_Races\Race_Kaprosuchus.xml]
[Source: Jurassic Rimworld - Dinosaurs Only (Continued)]
[File: C:\Program Files (x86)\Steam\steamapps\workshop\content\294100\3541510004\1.6\Defs\ThingDef_Races\Race_Kileskus.xml]
[Source: Jurassic Rimworld - Dinosaurs Only (Continued)]
[File: C:\Program Files (x86)\Steam\steamapps\workshop\content\294100\3541510004\1.6\Defs\ThingDef_Races\Race_Lycaenops.xml]
[Source: Jurassic Rimworld - Dinosaurs Only (Continued)]
[File: C:\Program Files (x86)\Steam\steamapps\workshop\content\294100\3541510004\1.6\Defs\ThingDef_Races\Race_Microceratus.xml]
[Source: Jurassic Rimworld - Dinosaurs Only (Continued)]
[File: C:\Program Files (x86)\Steam\steamapps\workshop\content\294100\3541510004\1.6\Defs\ThingDef_Races\Race_Ophiacodon.xml]
[Source: Jurassic Rimworld - Dinosaurs Only (Continued)]
[File: C:\Program Files (x86)\Steam\steamapps\workshop\content\294100\3541510004\1.6\Defs\ThingDef_Races\Race_Ornithosuchus.xml]
[Source: Jurassic Rimworld - Dinosaurs Only (Continued)]
[File: C:\Program Files (x86)\Steam\steamapps\workshop\content\294100\3541510004\1.6\Defs\ThingDef_Races\Race_Oviraptor.xml]
[Source: Jurassic Rimworld - Dinosaurs Only (Continued)]
[File: C:\Program Files (x86)\Steam\steamapps\workshop\content\294100\3541510004\1.6\Defs\ThingDef_Races\Race_Pachycephalosaurus.xml]
[Source: Jurassic Rimworld - Dinosaurs Only (Continued)]
[File: C:\Program Files (x86)\Steam\steamapps\workshop\content\294100\3541510004\1.6\Defs\ThingDef_Races\Race_Pachyrhinosaurus.xml]
[Source: Jurassic Rimworld - Dinosaurs Only (Continued)]
[File: C:\Program Files (x86)\Steam\steamapps\workshop\content\294100\3541510004\1.6\Defs\ThingDef_Races\Race_Prestosuchus.xml]
[Source: Jurassic Rimworld - Dinosaurs Only (Continued)]
[File: C:\Program Files (x86)\Steam\steamapps\workshop\content\294100\3541510004\1.6\Defs\ThingDef_Races\Race_Protoceratops.xml]
[Source: Jurassic Rimworld - Dinosaurs Only (Continued)]
[File: C:\Program Files (x86)\Steam\steamapps\workshop\content\294100\3541510004\1.6\Defs\ThingDef_Races\Race_Protosolpuga.xml]
[Source: Jurassic Rimworld - Dinosaurs Only (Continued)]
[File: C:\Program Files (x86)\Steam\steamapps\workshop\content\294100\3541510004\1.6\Defs\ThingDef_Races\Race_Qantassaurus.xml]
[Source: Jurassic Rimworld - Dinosaurs Only (Continued)]
[File: C:\Program Files (x86)\Steam\steamapps\workshop\content\294100\3541510004\1.6\Defs\ThingDef_Races\Race_Saltasaurus.xml]
[Source: Jurassic Rimworld - Dinosaurs Only (Continued)]
[File: C:\Program Files (x86)\Steam\steamapps\workshop\content\294100\3541510004\1.6\Defs\ThingDef_Races\Race_Stygimoloch.xml]
[Source: Jurassic Rimworld - Dinosaurs Only (Continued)]
[File: C:\Program Files (x86)\Steam\steamapps\workshop\content\294100\3541510004\1.6\Defs\ThingDef_Races\Race_Supersaurus.xml]
[Source: Jurassic Rimworld - Dinosaurs Only (Continued)]
[File: C:\Program Files (x86)\Steam\steamapps\workshop\content\294100\3541510004\1.6\Defs\ThingDef_Races\Race_Tanystropheus.xml]
[Source: Jurassic Rimworld - Dinosaurs Only (Continued)]
[File: C:\Program Files (x86)\Steam\steamapps\workshop\content\294100\3541510004\1.6\Defs\ThingDef_Races\Race_Termitotron.xml]
[Source: Jurassic Rimworld - Dinosaurs Only (Continued)]
[File: C:\Program Files (x86)\Steam\steamapps\workshop\content\294100\3541510004\1.6\Defs\ThingDef_Races\Race_Torosaurus.xml]
[Source: Jurassic Rimworld - Dinosaurs Only (Continued)]
[File: C:\Program Files (x86)\Steam\steamapps\workshop\content\294100\3541510004\1.6\Defs\ThingDef_Races\Race_Troodon.xml]
[Source: Jurassic Rimworld - Dinosaurs Only (Continued)]
[File: C:\Program Files (x86)\Steam\steamapps\workshop\content\294100\3541510004\1.6\Defs\ThingDef_Races\Race_Udanoceratops.xml]
[Source: Jurassic Rimworld - Dinosaurs Only (Continued)]
[File: C:\Program Files (x86)\Steam\steamapps\workshop\content\294100\3541510004\1.6\Defs\ThingDef_Races\Race_Velociraptor.xml]
[Source: Jurassic Rimworld - Dinosaurs Only (Continued)]
[File: C:\Program Files (x86)\Steam\steamapps\workshop\content\294100\3541510004\1.6\Defs\ThingDef_Races\Race_Wonambi.xml]
[Source: Jurassic Rimworld - Dinosaurs Only (Continued)]
[File: C:\Program Files (x86)\Steam\steamapps\workshop\content\294100\3541510004\1.6\Defs\ThingDef_Races\Race_Yurlunggur.xml]
[Source: More Vanilla Biomes]
[File: C:\Program Files (x86)\Steam\steamapps\workshop\content\294100\1931453053\1.6\Defs\ZBiome_FeatureDefs.xml]
[Source: Rim cockroach]
[File: C:\Program Files (x86)\Steam\steamapps\workshop\content\294100\3196253802\1.6\Defs\Normal.xml]
[Source: Star Wars Animal Collection (Continued)]
[File: C:\Program Files (x86)\Steam\steamapps\workshop\content\294100\3497316713\1.6\Defs\ThingDefs_Plants\Plants_Farm_SW.xml]
[Source: Star Wars Animal Collection (Continued)]
[File: C:\Program Files (x86)\Steam\steamapps\workshop\content\294100\3497316713\1.6\Defs\ThingDefs_Races\Races_Animal_SW.xml]
[Source: Vanilla Events Expanded]
[File: C:\Program Files (x86)\Steam\steamapps\workshop\content\294100\1938420742\1.6\Defs\Storyteller\Incidents_Map_Misc.xml]
[Source: Vanilla Landmarks Expanded]
[File: C:\Program Files (x86)\Steam\steamapps\workshop\content\294100\3656316229\1.6\Defs\TileMutators\TileMutators_Animals.xml]
[Source: Vanilla Landmarks Expanded]
[File: C:\Program Files (x86)\Steam\steamapps\workshop\content\294100\3656316229\1.6\Defs\TileMutators\TileMutators_Landmarks_Natural.xml]
[Source: Vanilla Landmarks Expanded]
[File: C:\Program Files (x86)\Steam\steamapps\workshop\content\294100\3656316229\1.6\Defs\TileMutators\TileMutators_Plants.xml]
[Source: Vanilla Landmarks Expanded]
[File: C:\Program Files (x86)\Steam\steamapps\workshop\content\294100\3656316229\1.6\Defs\TileMutators\TileMutators_Weather.xml]
[Source: Alpha Animals]
[File: C:\Program Files (x86)\Steam\steamapps\workshop\content\294100\1541721856\1.6\Defs\ThingDefs_Races\Races_AcanthamoebaGigantea.xml]
[Source: Alpha Animals]
[File: C:\Program Files (x86)\Steam\steamapps\workshop\content\294100\1541721856\1.6\Defs\ThingDefs_Races\Races_Aerofleet.xml]
[Source: Alpha Animals]
[File: C:\Program Files (x86)\Steam\steamapps\workshop\content\294100\1541721856\1.6\Defs\ThingDefs_Races\Races_AngelMoth.xml]
[Source: Alpha Animals]
[File: C:\Program Files (x86)\Steam\steamapps\workshop\content\294100\1541721856\1.6\Defs\ThingDefs_Races\Races_AnimusVox.xml]
[Source: Alpha Animals]
[File: C:\Program Files (x86)\Steam\steamapps\workshop\content\294100\1541721856\1.6\Defs\ThingDefs_Races\Races_Atispec.xml]
[Source: Alpha Animals]
[File: C:\Program Files (x86)\Steam\steamapps\workshop\content\294100\1541721856\1.6\Defs\ThingDefs_Races\Races_AuroraSylph.xml]
[Source: Alpha Animals]
[File: C:\Program Files (x86)\Steam\steamapps\workshop\content\294100\1541721856\1.6\Defs\ThingDefs_Races\Races_BarbSlinger.xml]
[Source: Alpha Animals]
[File: C:\Program Files (x86)\Steam\steamapps\workshop\content\294100\1541721856\1.6\Defs\ThingDefs_Races\Races_BedBug.xml]
[Source: Alpha Animals]
[File: C:\Program Files (x86)\Steam\steamapps\workshop\content\294100\1541721856\1.6\Defs\ThingDefs_Races\Races_BloodShrimp.xml]
[Source: Alpha Animals]
[File: C:\Program Files (x86)\Steam\steamapps\workshop\content\294100\1541721856\1.6\Defs\ThingDefs_Races\Races_BoulderMit.xml]
[Source: Alpha Animals]
[File: C:\Program Files (x86)\Steam\steamapps\workshop\content\294100\1541721856\1.6\Defs\ThingDefs_Races\Races_Bumbledrone.xml]
[Source: Alpha Animals]
[File: C:\Program Files (x86)\Steam\steamapps\workshop\content\294100\1541721856\1.6\Defs\ThingDefs_Races\Races_Cactipine.xml]
[Source: Alpha Animals]
[File: C:\Program Files (x86)\Steam\steamapps\workshop\content\294100\1541721856\1.6\Defs\ThingDefs_Races\Races_ChameleonYak.xml]
[Source: Alpha Animals]
[File: C:\Program Files (x86)\Steam\steamapps\workshop\content\294100\1541721856\1.6\Defs\ThingDefs_Races\Races_Cinderlisk.xml]
[Source: Alpha Animals]
[File: C:\Program Files (x86)\Steam\steamapps\workshop\content\294100\1541721856\1.6\Defs\ThingDefs_Races\Races_CrescendoAnole.xml]
[Source: Alpha Animals]
[File: C:\Program Files (x86)\Steam\steamapps\workshop\content\294100\1541721856\1.6\Defs\ThingDefs_Races\Races_CrystallineCaracal.xml]
[Source: Alpha Animals]
[File: C:\Program Files (x86)\Steam\steamapps\workshop\content\294100\1541721856\1.6\Defs\ThingDefs_Races\Races_CrystalMit.xml]
[Source: Alpha Animals]
[File: C:\Program Files (x86)\Steam\steamapps\workshop\content\294100\1541721856\1.6\Defs\ThingDefs_Races\Races_DarkVandal.xml]
[Source: Alpha Animals]
[File: C:\Program Files (x86)\Steam\steamapps\workshop\content\294100\1541721856\1.6\Defs\ThingDefs_Races\Races_DesertAve.xml]
[Source: Alpha Animals]
[File: C:\Program Files (x86)\Steam\steamapps\workshop\content\294100\1541721856\1.6\Defs\ThingDefs_Races\Races_Drainer.xml]
[Source: Alpha Animals]
[File: C:\Program Files (x86)\Steam\steamapps\workshop\content\294100\1541721856\1.6\Defs\ThingDefs_Races\Races_Dunealisk.xml]
[Source: Alpha Animals]
[File: C:\Program Files (x86)\Steam\steamapps\workshop\content\294100\1541721856\1.6\Defs\ThingDefs_Races\Races_DuskProwler.xml]
[Source: Alpha Animals]
[File: C:\Program Files (x86)\Steam\steamapps\workshop\content\294100\1541721856\1.6\Defs\ThingDefs_Races\Races_Erin.xml]
[Source: Alpha Animals]
[File: C:\Program Files (x86)\Steam\steamapps\workshop\content\294100\1541721856\1.6\Defs\ThingDefs_Races\Races_FissionMouse.xml]
[Source: Alpha Animals]
[File: C:\Program Files (x86)\Steam\steamapps\workshop\content\294100\1541721856\1.6\Defs\ThingDefs_Races\Races_FlamingoPhoenix.xml]
[Source: Alpha Animals]
[File: C:\Program Files (x86)\Steam\steamapps\workshop\content\294100\1541721856\1.6\Defs\ThingDefs_Races\Races_Gigantelope.xml]
[Source: Alpha Animals]
[File: C:\Program Files (x86)\Steam\steamapps\workshop\content\294100\1541721856\1.6\Defs\ThingDefs_Races\Races_GreatDevourer.xml]
[Source: Alpha Animals]
[File: C:\Program Files (x86)\Steam\steamapps\workshop\content\294100\1541721856\1.6\Defs\ThingDefs_Races\Races_Helixien.xml]
[Source: Alpha Animals]
[File: C:\Program Files (x86)\Steam\steamapps\workshop\content\294100\1541721856\1.6\Defs\ThingDefs_Races\Races_LuciferBug.xml]
[Source: Alpha Animals]
[File: C:\Program Files (x86)\Steam\steamapps\workshop\content\294100\1541721856\1.6\Defs\ThingDefs_Races\Races_MammothWorm.xml]
[Source: Alpha Animals]
[File: C:\Program Files (x86)\Steam\steamapps\workshop\content\294100\1541721856\1.6\Defs\ThingDefs_Races\Races_Mantrap.xml]
[Source: Alpha Animals]
[File: C:\Program Files (x86)\Steam\steamapps\workshop\content\294100\1541721856\1.6\Defs\ThingDefs_Races\Races_MatureFleshbeast.xml]
[Source: Alpha Animals]
[File: C:\Program Files (x86)\Steam\steamapps\workshop\content\294100\1541721856\1.6\Defs\ThingDefs_Races\Races_MeadowAve.xml]
[Source: Alpha Animals]
[File: C:\Program Files (x86)\Steam\steamapps\workshop\content\294100\1541721856\1.6\Defs\ThingDefs_Races\Races_MegaLouse.xml]
[Source: Alpha Animals]
[File: C:\Program Files (x86)\Steam\steamapps\workshop\content\294100\1541721856\1.6\Defs\ThingDefs_Races\Races_Murkling.xml]
[Source: Alpha Animals]
[File: C:\Program Files (x86)\Steam\steamapps\workshop\content\294100\1541721856\1.6\Defs\ThingDefs_Races\Races_NeedlePost.xml]
[Source: Alpha Animals]
[File: C:\Program Files (x86)\Steam\steamapps\workshop\content\294100\1541721856\1.6\Defs\ThingDefs_Races\Races_NightAve.xml]
[Source: Alpha Animals]
[File: C:\Program Files (x86)\Steam\steamapps\workshop\content\294100\1541721856\1.6\Defs\ThingDefs_Races\Races_Nightling.xml]
[Source: Alpha Animals]
[File: C:\Program Files (x86)\Steam\steamapps\workshop\content\294100\1541721856\1.6\Defs\ThingDefs_Races\Races_PebbleMit.xml]
[Source: Alpha Animals]
[File: C:\Program Files (x86)\Steam\steamapps\workshop\content\294100\1541721856\1.6\Defs\ThingDefs_Races\Races_PedigreedRaptor.xml]
[Source: Alpha Animals]
[File: C:\Program Files (x86)\Steam\steamapps\workshop\content\294100\1541721856\1.6\Defs\ThingDefs_Races\Races_PhoenixOwlcat.xml]
[Source: Alpha Animals]
[File: C:\Program Files (x86)\Steam\steamapps\workshop\content\294100\1541721856\1.6\Defs\ThingDefs_Races\Races_Radyak.xml]
[Source: Alpha Animals]
[File: C:\Program Files (x86)\Steam\steamapps\workshop\content\294100\1541721856\1.6\Defs\ThingDefs_Races\Races_Ravager.xml]
[Source: Alpha Animals]
[File: C:\Program Files (x86)\Steam\steamapps\workshop\content\294100\1541721856\1.6\Defs\ThingDefs_Races\Races_RayHound.xml]
[Source: Alpha Animals]
[File: C:\Program Files (x86)\Steam\steamapps\workshop\content\294100\1541721856\1.6\Defs\ThingDefs_Races\Races_Razorjack.xml]
[Source: Alpha Animals]
[File: C:\Program Files (x86)\Steam\steamapps\workshop\content\294100\1541721856\1.6\Defs\ThingDefs_Races\Races_RipperHound.xml]
[Source: Alpha Animals]
[File: C:\Program Files (x86)\Steam\steamapps\workshop\content\294100\1541721856\1.6\Defs\ThingDefs_Races\Races_RoughPlatedMonitor.xml]
[Source: Alpha Animals]
[File: C:\Program Files (x86)\Steam\steamapps\workshop\content\294100\1541721856\1.6\Defs\ThingDefs_Races\Races_RoyalAve.xml]
[Source: Alpha Animals]
[File: C:\Program Files (x86)\Steam\steamapps\workshop\content\294100\1541721856\1.6\Defs\ThingDefs_Races\Races_SandLion.xml]
[Source: Alpha Animals]
[File: C:\Program Files (x86)\Steam\steamapps\workshop\content\294100\1541721856\1.6\Defs\ThingDefs_Races\Races_SandProwler.xml]
[Source: Alpha Animals]
[File: C:\Program Files (x86)\Steam\steamapps\workshop\content\294100\1541721856\1.6\Defs\ThingDefs_Races\Races_SandSquid.xml]
[Source: Alpha Animals]
[File: C:\Program Files (x86)\Steam\steamapps\workshop\content\294100\1541721856\1.6\Defs\ThingDefs_Races\Races_ShadowCharger.xml]
[Source: Alpha Animals]
[File: C:\Program Files (x86)\Steam\steamapps\workshop\content\294100\1541721856\1.6\Defs\ThingDefs_Races\Races_Skiphound.xml]
[Source: Alpha Animals]
[File: C:\Program Files (x86)\Steam\steamapps\workshop\content\294100\1541721856\1.6\Defs\ThingDefs_Races\Races_Slurrypede.xml]
[Source: Alpha Animals]
[File: C:\Program Files (x86)\Steam\steamapps\workshop\content\294100\1541721856\1.6\Defs\ThingDefs_Races\Races_Swarmling.xml]
[Source: Alpha Animals]
[File: C:\Program Files (x86)\Steam\steamapps\workshop\content\294100\1541721856\1.6\Defs\ThingDefs_Races\Races_TeratogenicOriginator.xml]
[Source: Alpha Animals]
[File: C:\Program Files (x86)\Steam\steamapps\workshop\content\294100\1541721856\1.6\Defs\ThingDefs_Races\Races_Terramorph.xml]
[Source: Alpha Animals]
[File: C:\Program Files (x86)\Steam\steamapps\workshop\content\294100\1541721856\1.6\Defs\ThingDefs_Races\Races_TetraSlug.xml]
[Source: Alpha Animals]
[File: C:\Program Files (x86)\Steam\steamapps\workshop\content\294100\1541721856\1.6\Defs\ThingDefs_Races\Races_Thermadon.xml]
[Source: Alpha Animals]
[File: C:\Program Files (x86)\Steam\steamapps\workshop\content\294100\1541721856\1.6\Defs\ThingDefs_Races\Races_Thunderbeast.xml]
[Source: Alpha Animals]
[File: C:\Program Files (x86)\Steam\steamapps\workshop\content\294100\1541721856\1.6\Defs\ThingDefs_Races\Races_Thunderox.xml]
[Source: Alpha Animals]
[File: C:\Program Files (x86)\Steam\steamapps\workshop\content\294100\1541721856\1.6\Defs\ThingDefs_Races\Races_Wildpawn.xml]
[Source: Alpha Animals]
[File: C:\Program Files (x86)\Steam\steamapps\workshop\content\294100\1541721856\1.6\Defs\ThingDefs_Races\Races_Wildpod.xml]
[Source: Alpha Animals]
[File: C:\Program Files (x86)\Steam\steamapps\workshop\content\294100\1541721856\1.6\Defs\ThingDefs_Races\Races_Windbeast.xml]
[Source: Giant Toads (Continued)]
[File: C:\Program Files (x86)\Steam\steamapps\workshop\content\294100\3365223736\1.6\Defs\ThingDefs_Races\GiantToad.xml]
[Source: More Ritual Rewards]
[File: C:\Program Files (x86)\Steam\steamapps\workshop\content\294100\2582489076\1.6\Defs\Storyteller\Incidents_Map_Misc.xml]
[Source: ReGrowth 2]
[File: C:\Program Files (x86)\Steam\steamapps\workshop\content\294100\2260097569\1.6\Defs\Storyteller\Incidents_Map_Misc.xml]
[Source: ReGrowth 2]
[File: C:\Program Files (x86)\Steam\steamapps\workshop\content\294100\2260097569\1.6\Defs\ThingDefs_Races\Races_Animal_Hares.xml]
[Source: ReGrowth 2]
[File: C:\Program Files (x86)\Steam\steamapps\workshop\content\294100\2260097569\1.6\Defs\ThingDefs_Races\Races_Animal_Special.xml]
[Source: Biomes! Polluted Lands]
[File: C:\Program Files (x86)\Steam\steamapps\workshop\content\294100\3390196656\1.6\Defs\IncidentDefs\BMT_Incidents.xml]
[Source: RimMandrake: SW — Bestiary]
[File: C:\Program Files (x86)\Steam\steamapps\common\RimWorld\Mods\SWBestiary\Defs\ThingDefs_Races\RSW_Absorbed_Baseopsis.xml]
[Source: RimMandrake: SW — Bestiary]
[File: C:\Program Files (x86)\Steam\steamapps\common\RimWorld\Mods\SWBestiary\Defs\ThingDefs_Races\RSW_Absorbed_Diplocaulus.xml]
[Source: RimMandrake: SW — Bestiary]
[File: C:\Program Files (x86)\Steam\steamapps\common\RimWorld\Mods\SWBestiary\Defs\ThingDefs_Races\RSW_Absorbed_Platyhystrix.xml]
[Source: RimMandrake: SW — Bestiary]
[File: C:\Program Files (x86)\Steam\steamapps\common\RimWorld\Mods\SWBestiary\Defs\ThingDefs_Races\RSW_Absorbed_Protosolpuga.xml]
[Source: RimMandrake: SW — Bestiary]
[File: C:\Program Files (x86)\Steam\steamapps\common\RimWorld\Mods\SWBestiary\Defs\ThingDefs_Races\RSW_Absorbed_Protovermes.xml]
[Source: RimMandrake: SW — Bestiary]
[File: C:\Program Files (x86)\Steam\steamapps\common\RimWorld\Mods\SWBestiary\Defs\ThingDefs_Races\RSW_Absorbed_Termitotron.xml]
[Source: RimMandrake: SW — Bestiary]
[File: C:\Program Files (x86)\Steam\steamapps\common\RimWorld\Mods\SWBestiary\Defs\ThingDefs_Races\RSW_Acklay.xml]
[Source: RimMandrake: SW — Bestiary]
[File: C:\Program Files (x86)\Steam\steamapps\common\RimWorld\Mods\SWBestiary\Defs\ThingDefs_Races\RSW_Bantha.xml]
[Source: RimMandrake: SW — Bestiary]
[File: C:\Program Files (x86)\Steam\steamapps\common\RimWorld\Mods\SWBestiary\Defs\ThingDefs_Races\RSW_Dewback.xml]
[Source: RimMandrake: SW — Bestiary]
[File: C:\Program Files (x86)\Steam\steamapps\common\RimWorld\Mods\SWBestiary\Defs\ThingDefs_Races\RSW_Iriaz.xml]
[Source: RimMandrake: SW — Bestiary]
[File: C:\Program Files (x86)\Steam\steamapps\common\RimWorld\Mods\SWBestiary\Defs\ThingDefs_Races\RSW_Jerba.xml]
[Source: RimMandrake: SW — Bestiary]
[File: C:\Program Files (x86)\Steam\steamapps\common\RimWorld\Mods\SWBestiary\Defs\ThingDefs_Races\RSW_Mudhorn.xml]
[Source: RimMandrake: SW — Bestiary]
[File: C:\Program Files (x86)\Steam\steamapps\common\RimWorld\Mods\SWBestiary\Defs\ThingDefs_Races\RSW_Nuna.xml]
[Source: RimMandrake: SW — Bestiary]
[File: C:\Program Files (x86)\Steam\steamapps\common\RimWorld\Mods\SWBestiary\Defs\ThingDefs_Races\RSW_Porg.xml]
[Source: RimMandrake: SW — Bestiary]
[File: C:\Program Files (x86)\Steam\steamapps\common\RimWorld\Mods\SWBestiary\Defs\ThingDefs_Races\RSW_Vulptex.xml]
[Source: RimMandrake: SW — Bestiary]
[File: C:\Program Files (x86)\Steam\steamapps\common\RimWorld\Mods\SWBestiary\Defs\ThingDefs_Races\RSW_Wampa.xml]
[Source: RimUtinni Patches (Jawa campaign)]
[File: C:\Program Files (x86)\Steam\steamapps\common\RimWorld\Mods\UtinniPatches\Defs\BiomeDefs\RUT_AridShrubland.xml]
[Source: Star Wars Animal Collection (Continued)]
[File: C:\Program Files (x86)\Steam\steamapps\workshop\content\294100\3497316713\1.6\Patches\OddyseyPatch.xml]
[Source: Star Wars Animal Collection (Continued)]
[File: C:\Program Files (x86)\Steam\steamapps\workshop\content\294100\3497316713\1.6\Patches\PollutedBiomesPatch.xml]
[Source: Alpha Animals]
[File: C:\Program Files (x86)\Steam\steamapps\workshop\content\294100\1541721856\1.6\Patches\VanillaFactionsExpandedMechanoidsPatch.xml]
[Source: GRimTerra World Map]
[File: C:\Program Files (x86)\Steam\steamapps\workshop\content\294100\3546956014\1.6\Patches\GRimWMPatch1.xml]
[Source: ReGrowth 2]
[File: C:\Program Files (x86)\Steam\steamapps\workshop\content\294100\2260097569\1.6\Patches\Core\Core-Basic.xml]
[Source: ReGrowth 2]
[File: C:\Program Files (x86)\Steam\steamapps\workshop\content\294100\2260097569\1.6\Patches\Core\Core-Biomes.xml]
[Source: ReGrowth 2]
[File: C:\Program Files (x86)\Steam\steamapps\workshop\content\294100\2260097569\1.6\Patches\_ModSettings\General-Patches.xml]
[Source: ReGrowth 2]
[File: C:\Program Files (x86)\Steam\steamapps\workshop\content\294100\2260097569\1.6\Patches\_ModSettings\Retexture-Patches.xml]
[Source: Biomes! Polluted Lands]
[File: C:\Program Files (x86)\Steam\steamapps\workshop\content\294100\3390196656\1.6\Patches\Patches_PlantSpawn_VanillaBiomes.xml]
[Source: Biomes! Polluted Lands]
[File: C:\Program Files (x86)\Steam\steamapps\workshop\content\294100\3390196656\1.6\Patches\t_AnimalsSpawn_Vanilla.xml]
[Source: RimStarWars Patches]
[File: C:\Program Files (x86)\Steam\steamapps\common\RimWorld\Mods\StarWarsPatches\Patches\SWDesertWeather_Attach.xml]
[Source: RimUtinni Patches (Jawa campaign)]
[File: C:\Program Files (x86)\Steam\steamapps\common\RimWorld\Mods\UtinniPatches\Patches\AncientDangerGenSteps_AmbientDoctrine.xml]
[Source: RimUtinni Patches (Jawa campaign)]
[File: C:\Program Files (x86)\Steam\steamapps\common\RimWorld\Mods\UtinniPatches\Patches\AnimalBiomeDuplicates_Fix.xml]
[Source: RimUtinni Patches (Jawa campaign)]
[File: C:\Program Files (x86)\Steam\steamapps\common\RimWorld\Mods\UtinniPatches\Patches\AnimalBiomeDuplicates_Generated.xml]
[Source: RimUtinni Patches (Jawa campaign)]
[File: C:\Program Files (x86)\Steam\steamapps\common\RimWorld\Mods\UtinniPatches\Patches\BiomeCastEvictions_WildBiomes.xml]
[Source: RimUtinni Patches (Jawa campaign)]
[File: C:\Program Files (x86)\Steam\steamapps\common\RimWorld\Mods\UtinniPatches\Patches\BiomeCast_Ashkarr.xml]
[Source: RimUtinni Patches (Jawa campaign)]
[File: C:\Program Files (x86)\Steam\steamapps\common\RimWorld\Mods\UtinniPatches\Patches\BiomeDescriptions_Ashkarr.xml]
[Source: RimUtinni Patches (Jawa campaign)]
[File: C:\Program Files (x86)\Steam\steamapps\common\RimWorld\Mods\UtinniPatches\Patches\BiomeFlora_Ashkarr.xml]
[Source: RimUtinni Patches (Jawa campaign)]
[File: C:\Program Files (x86)\Steam\steamapps\common\RimWorld\Mods\UtinniPatches\Patches\BiomeNames_Ashkarr.xml]
[Source: RimUtinni Patches (Jawa campaign)]
[File: C:\Program Files (x86)\Steam\steamapps\common\RimWorld\Mods\UtinniPatches\Patches\FishTypesStrip_NoFishBiomes.xml]
[Source: RimUtinni Patches (Jawa campaign)]
[File: C:\Program Files (x86)\Steam\steamapps\common\RimWorld\Mods\UtinniPatches\Patches\JawaTerrain_DuneSeas.xml]
[Source: RimUtinni Patches (Jawa campaign)]
[File: C:\Program Files (x86)\Steam\steamapps\common\RimWorld\Mods\UtinniPatches\Patches\JawaTerrain_SaltPans.xml]
[Source: RimUtinni Patches (Jawa campaign)]
[File: C:\Program Files (x86)\Steam\steamapps\common\RimWorld\Mods\UtinniPatches\Patches\JawaWorld_BiomeMix.xml]
[Source: RimUtinni Patches (Jawa campaign)]
[File: C:\Program Files (x86)\Steam\steamapps\common\RimWorld\Mods\UtinniPatches\Patches\Absorbed_Cephaloids\Absorbed_Cephaloids_Patches.xml]
[Source: RimUtinni Patches (Jawa campaign)]
[File: C:\Program Files (x86)\Steam\steamapps\common\RimWorld\Mods\UtinniPatches\Patches\Absorbed_VESucculents\Absorbed_VESucculents_BiomesPatch.xml]
Config error in RM_FE_Ash_Light: burnedDef is flammable

Possible Matches:
[Source: Pyrelands]
[File: C:\Program Files (x86)\Steam\steamapps\common\RimWorld\Mods\Pyrelands\Defs\TerrainDefs\AshLadder.xml]
Exception in ConfigErrors() of Desert: System.NullReferenceException: Object reference not set to an instance of an object
[Ref 50CAEF97] Duplicate stacktrace, see ref for original

Possible Matches:
[Source: Core]
[File: C:\Program Files (x86)\Steam\steamapps\common\RimWorld\Data\Core\Defs\BiomeDefs\Biomes_WarmArid.xml]
[Source: Core]
[File: C:\Program Files (x86)\Steam\steamapps\common\RimWorld\Data\Core\Defs\Goodwill\GoodwillEvents_Quests.xml]
[Source: Core]
[File: C:\Program Files (x86)\Steam\steamapps\common\RimWorld\Data\Core\Defs\RulePackDefs\RulePacks_Namers_WorldFeatures.xml]
[Source: Core]
[File: C:\Program Files (x86)\Steam\steamapps\common\RimWorld\Data\Core\Defs\Storyteller\Incidents_Caravan_All.xml]
[Source: Core]
[File: C:\Program Files (x86)\Steam\steamapps\common\RimWorld\Data\Core\Defs\Storyteller\Incidents_Map_Misc.xml]
[Source: Core]
[File: C:\Program Files (x86)\Steam\steamapps\common\RimWorld\Data\Core\Defs\Storyteller\Storytellers.xml]
[Source: Core]
[File: C:\Program Files (x86)\Steam\steamapps\common\RimWorld\Data\Core\Defs\BackstoryDefs\Solid\Solid_Child.xml]
[Source: Core]
[File: C:\Program Files (x86)\Steam\steamapps\common\RimWorld\Data\Core\Defs\Misc\FeatureDefs\Features.xml]
[Source: Core]
[File: C:\Program Files (x86)\Steam\steamapps\common\RimWorld\Data\Core\Defs\RulePackDefs\Books\RulePacks_Book_Namers.xml]
[Source: Royalty]
[File: C:\Program Files (x86)\Steam\steamapps\common\RimWorld\Data\Royalty\Defs\IncidentDefs\Incidents_World_Quests.xml]
[Source: Royalty]
[File: C:\Program Files (x86)\Steam\steamapps\common\RimWorld\Data\Royalty\Defs\BackstoryDefs\Shuffled\ImperialFighter_Adult.xml]
[Source: Royalty]
[File: C:\Program Files (x86)\Steam\steamapps\common\RimWorld\Data\Royalty\Defs\QuestScriptDefs\Intro\Script_Intro_Deserter.xml]
[Source: Odyssey]
[File: C:\Program Files (x86)\Steam\steamapps\common\RimWorld\Data\Odyssey\Defs\LayoutDefs\Layouts_AncientRuins.xml]
[Source: Odyssey]
[File: C:\Program Files (x86)\Steam\steamapps\common\RimWorld\Data\Odyssey\Defs\LayoutDefs\Layouts_OrbitalPlatform.xml]
[Source: Odyssey]
[File: C:\Program Files (x86)\Steam\steamapps\common\RimWorld\Data\Odyssey\Defs\LayoutRoomDefs\LayoutRooms_OrbitalPlatform.xml]
[Source: Odyssey]
[File: C:\Program Files (x86)\Steam\steamapps\common\RimWorld\Data\Odyssey\Defs\LayoutRoomDefs\LayoutRooms_Special.xml]
[Source: Odyssey]
[File: C:\Program Files (x86)\Steam\steamapps\common\RimWorld\Data\Odyssey\Defs\QuestScriptDefs\Script_GravShip.xml]
[Source: Odyssey]
[File: C:\Program Files (x86)\Steam\steamapps\common\RimWorld\Data\Odyssey\Defs\TileMutators\TileMutators_AncientStructures.xml]
[Source: Odyssey]
[File: C:\Program Files (x86)\Steam\steamapps\common\RimWorld\Data\Odyssey\Defs\TileMutators\TileMutators_ManMade.xml]
[Source: Odyssey]
[File: C:\Program Files (x86)\Steam\steamapps\common\RimWorld\Data\Odyssey\Defs\TileMutators\TileMutators_Modifiers.xml]
[Source: Odyssey]
[File: C:\Program Files (x86)\Steam\steamapps\common\RimWorld\Data\Odyssey\Defs\TileMutators\TileMutators_Natural.xml]
[Source: Vanilla Backgrounds Expanded]
[File: C:\Program Files (x86)\Steam\steamapps\workshop\content\294100\2775017012\1.6\Defs\Backgrounds.xml]
[Source: [MUS]太空基地家具Space Base Furniture]
[File: C:\Program Files (x86)\Steam\steamapps\workshop\content\294100\3523916780\1.6\Defs\SpaceBase-1build.xml]
[Source: [MUS]太空基地家具Space Base Furniture]
[File: C:\Program Files (x86)\Steam\steamapps\workshop\content\294100\3523916780\1.6\Defs\SpaceBase-4buildmember.xml]
[Source: Alpha Biomes]
[File: C:\Program Files (x86)\Steam\steamapps\workshop\content\294100\1841354677\1.6\Mods\Odyssey\Defs\MutatorIconDef\MutatorIconDef.xml]
[Source: Alpha Biomes]
[File: C:\Program Files (x86)\Steam\steamapps\workshop\content\294100\1841354677\1.6\Mods\Odyssey\Defs\RulePackDefs\RulePacks_Namers_Landmarks.xml]
[Source: Alpha Biomes]
[File: C:\Program Files (x86)\Steam\steamapps\workshop\content\294100\1841354677\1.6\Mods\Odyssey\Defs\ThingDefs_Plants\Plants_Odyssey_Cacti.xml]
[Source: Alpha Biomes]
[File: C:\Program Files (x86)\Steam\steamapps\workshop\content\294100\1841354677\1.6\Mods\Odyssey\Defs\TileMutators\Landmarks.xml]
[Source: Alpha Biomes]
[File: C:\Program Files (x86)\Steam\steamapps\workshop\content\294100\1841354677\1.6\Mods\Odyssey\Defs\TileMutators\TileMutators_Fauna.xml]
[Source: Alpha Biomes]
[File: C:\Program Files (x86)\Steam\steamapps\workshop\content\294100\1841354677\1.6\Mods\Odyssey\Defs\TileMutators\TileMutators_Flora.xml]
[Source: Alpha Biomes]
[File: C:\Program Files (x86)\Steam\steamapps\workshop\content\294100\1841354677\1.6\Mods\Odyssey\Defs\TileMutators\TileMutators_Landmarks_Natural.xml]
[Source: Alpha Biomes]
[File: C:\Program Files (x86)\Steam\steamapps\workshop\content\294100\1841354677\1.6\Mods\Odyssey\Defs\TileMutators\TileMutators_ManMade.xml]
[Source: Alpha Biomes]
[File: C:\Program Files (x86)\Steam\steamapps\workshop\content\294100\1841354677\1.6\Mods\Odyssey\Defs\TileMutators\TileMutators_Natural.xml]
[Source: Alpha Biomes]
[File: C:\Program Files (x86)\Steam\steamapps\workshop\content\294100\1841354677\1.6\Mods\Odyssey\Defs\TileMutators\TileMutators_Weather.xml]
[Source: Alpha Memes]
[File: C:\Program Files (x86)\Steam\steamapps\workshop\content\294100\2661356814\1.6\Defs\RanchAnimalsDefs\RanchAnimalsDefs.xml]
[Source: Beasts of the Rim (Continued)]
[File: C:\Program Files (x86)\Steam\steamapps\workshop\content\294100\2194018641\1.6\Defs\ThingDefs_Races\Races_Animal_Armadillo.xml]
[Source: Beasts of the Rim (Continued)]
[File: C:\Program Files (x86)\Steam\steamapps\workshop\content\294100\2194018641\1.6\Defs\ThingDefs_Races\Races_Animal_Jerbal.xml]
[Source: Beasts of the Rim (Continued)]
[File: C:\Program Files (x86)\Steam\steamapps\workshop\content\294100\2194018641\1.6\Defs\ThingDefs_Races\Races_Animal_Toraton.xml]
[Source: Beasts of the Rim (Continued)]
[File: C:\Program Files (x86)\Steam\steamapps\workshop\content\294100\2194018641\1.6\Defs\ThingDefs_Races\Races_Animal_Zebra.xml]
[Source: Caravan Adventures]
[File: C:\Program Files (x86)\Steam\steamapps\workshop\content\294100\2558957509\1.6\Defs\IncidentDefs\CaravanIncidents.xml]
[Source: Dark Ages : Beasts and Monsters]
[File: C:\Program Files (x86)\Steam\steamapps\workshop\content\294100\3472275628\1.6\Defs\ThingDefs_Races\Animal_BlackScribe.xml]
[Source: Dark Ages : Beasts and Monsters]
[File: C:\Program Files (x86)\Steam\steamapps\workshop\content\294100\3472275628\1.6\Defs\ThingDefs_Races\Animal_Karabal.xml]
[Source: Dark Ages : Beasts and Monsters]
[File: C:\Program Files (x86)\Steam\steamapps\workshop\content\294100\3472275628\1.6\Defs\ThingDefs_Races\Animal_Pilgrim.xml]
[Source: Geological Landforms]
[File: C:\Program Files (x86)\Steam\steamapps\workshop\content\294100\2773943594\1.6\Defs\TileMutators.xml]
[Source: GRiNDTerra Biomes]
[File: C:\Program Files (x86)\Steam\steamapps\workshop\content\294100\3537211820\1.6\Defs\BiomeDefs\Biome_GRimworld.xml]
[Source: GRiNDTerra Terrain Retexture]
[File: C:\Program Files (x86)\Steam\steamapps\workshop\content\294100\3543925559\1.6\Defs\BiomeDefs\Biomes_NewArid.xml]
[Source: RimStarWars: Structure Injections]
[File: C:\Program Files (x86)\Steam\steamapps\common\RimWorld\Mods\StructureInjectionsSW\Defs\TileMutatorDefs_Batch2.xml]
[Source: RimStarWars: Structure Injections]
[File: C:\Program Files (x86)\Steam\steamapps\common\RimWorld\Mods\StructureInjectionsSW\Defs\TileMutatorDefs_MoistureFarm.xml]
[Source: Jurassic Rimworld - Dinosaurs Only (Continued)]
[File: C:\Program Files (x86)\Steam\steamapps\workshop\content\294100\3541510004\1.6\Defs\ThingDef_Races\Race_Albertosaurus.xml]
[Source: Jurassic Rimworld - Dinosaurs Only (Continued)]
[File: C:\Program Files (x86)\Steam\steamapps\workshop\content\294100\3541510004\1.6\Defs\ThingDef_Races\Race_Ankylosaurus.xml]
[Source: Jurassic Rimworld - Dinosaurs Only (Continued)]
[File: C:\Program Files (x86)\Steam\steamapps\workshop\content\294100\3541510004\1.6\Defs\ThingDef_Races\Race_Bagaceratops.xml]
[Source: Jurassic Rimworld - Dinosaurs Only (Continued)]
[File: C:\Program Files (x86)\Steam\steamapps\workshop\content\294100\3541510004\1.6\Defs\ThingDef_Races\Race_Baseopsis.xml]
[Source: Jurassic Rimworld - Dinosaurs Only (Continued)]
[File: C:\Program Files (x86)\Steam\steamapps\workshop\content\294100\3541510004\1.6\Defs\ThingDef_Races\Race_Brachytrachelopan.xml]
[Source: Jurassic Rimworld - Dinosaurs Only (Continued)]
[File: C:\Program Files (x86)\Steam\steamapps\workshop\content\294100\3541510004\1.6\Defs\ThingDef_Races\Race_Desmatosuchus.xml]
[Source: Jurassic Rimworld - Dinosaurs Only (Continued)]
[File: C:\Program Files (x86)\Steam\steamapps\workshop\content\294100\3541510004\1.6\Defs\ThingDef_Races\Race_Dimetrodon.xml]
[Source: Jurassic Rimworld - Dinosaurs Only (Continued)]
[File: C:\Program Files (x86)\Steam\steamapps\workshop\content\294100\3541510004\1.6\Defs\ThingDef_Races\Race_Dinilysia.xml]
[Source: Jurassic Rimworld - Dinosaurs Only (Continued)]
[File: C:\Program Files (x86)\Steam\steamapps\workshop\content\294100\3541510004\1.6\Defs\ThingDef_Races\Race_Edaphosaurus.xml]
[Source: Jurassic Rimworld - Dinosaurs Only (Continued)]
[File: C:\Program Files (x86)\Steam\steamapps\workshop\content\294100\3541510004\1.6\Defs\ThingDef_Races\Race_Euoplocephalus.xml]
[Source: Jurassic Rimworld - Dinosaurs Only (Continued)]
[File: C:\Program Files (x86)\Steam\steamapps\workshop\content\294100\3541510004\1.6\Defs\ThingDef_Races\Race_Gallimimus.xml]
[Source: Jurassic Rimworld - Dinosaurs Only (Continued)]
[File: C:\Program Files (x86)\Steam\steamapps\workshop\content\294100\3541510004\1.6\Defs\ThingDef_Races\Race_Gasosaurus.xml]
[Source: Jurassic Rimworld - Dinosaurs Only (Continued)]
[File: C:\Program Files (x86)\Steam\steamapps\workshop\content\294100\3541510004\1.6\Defs\ThingDef_Races\Race_Geralinura.xml]
[Source: Jurassic Rimworld - Dinosaurs Only (Continued)]
[File: C:\Program Files (x86)\Steam\steamapps\workshop\content\294100\3541510004\1.6\Defs\ThingDef_Races\Race_Gorgonops.xml]
[Source: Jurassic Rimworld - Dinosaurs Only (Continued)]
[File: C:\Program Files (x86)\Steam\steamapps\workshop\content\294100\3541510004\1.6\Defs\ThingDef_Races\Race_Homalocephale.xml]
[Source: Jurassic Rimworld - Dinosaurs Only (Continued)]
[File: C:\Program Files (x86)\Steam\steamapps\workshop\content\294100\3541510004\1.6\Defs\ThingDef_Races\Race_Kaprosuchus.xml]
[Source: Jurassic Rimworld - Dinosaurs Only (Continued)]
[File: C:\Program Files (x86)\Steam\steamapps\workshop\content\294100\3541510004\1.6\Defs\ThingDef_Races\Race_Lycaenops.xml]
[Source: Jurassic Rimworld - Dinosaurs Only (Continued)]
[File: C:\Program Files (x86)\Steam\steamapps\workshop\content\294100\3541510004\1.6\Defs\ThingDef_Races\Race_Microceratus.xml]
[Source: Jurassic Rimworld - Dinosaurs Only (Continued)]
[File: C:\Program Files (x86)\Steam\steamapps\workshop\content\294100\3541510004\1.6\Defs\ThingDef_Races\Race_Ophiacodon.xml]
[Source: Jurassic Rimworld - Dinosaurs Only (Continued)]
[File: C:\Program Files (x86)\Steam\steamapps\workshop\content\294100\3541510004\1.6\Defs\ThingDef_Races\Race_Ornithosuchus.xml]
[Source: Jurassic Rimworld - Dinosaurs Only (Continued)]
[File: C:\Program Files (x86)\Steam\steamapps\workshop\content\294100\3541510004\1.6\Defs\ThingDef_Races\Race_Oviraptor.xml]
[Source: Jurassic Rimworld - Dinosaurs Only (Continued)]
[File: C:\Program Files (x86)\Steam\steamapps\workshop\content\294100\3541510004\1.6\Defs\ThingDef_Races\Race_Pachycephalosaurus.xml]
[Source: Jurassic Rimworld - Dinosaurs Only (Continued)]
[File: C:\Program Files (x86)\Steam\steamapps\workshop\content\294100\3541510004\1.6\Defs\ThingDef_Races\Race_Pachyrhinosaurus.xml]
[Source: Jurassic Rimworld - Dinosaurs Only (Continued)]
[File: C:\Program Files (x86)\Steam\steamapps\workshop\content\294100\3541510004\1.6\Defs\ThingDef_Races\Race_Prestosuchus.xml]
[Source: Jurassic Rimworld - Dinosaurs Only (Continued)]
[File: C:\Program Files (x86)\Steam\steamapps\workshop\content\294100\3541510004\1.6\Defs\ThingDef_Races\Race_Protoceratops.xml]
[Source: Jurassic Rimworld - Dinosaurs Only (Continued)]
[File: C:\Program Files (x86)\Steam\steamapps\workshop\content\294100\3541510004\1.6\Defs\ThingDef_Races\Race_Protosolpuga.xml]
[Source: Jurassic Rimworld - Dinosaurs Only (Continued)]
[File: C:\Program Files (x86)\Steam\steamapps\workshop\content\294100\3541510004\1.6\Defs\ThingDef_Races\Race_Qantassaurus.xml]
[Source: Jurassic Rimworld - Dinosaurs Only (Continued)]
[File: C:\Program Files (x86)\Steam\steamapps\workshop\content\294100\3541510004\1.6\Defs\ThingDef_Races\Race_Stygimoloch.xml]
[Source: Jurassic Rimworld - Dinosaurs Only (Continued)]
[File: C:\Program Files (x86)\Steam\steamapps\workshop\content\294100\3541510004\1.6\Defs\ThingDef_Races\Race_Tanystropheus.xml]
[Source: Jurassic Rimworld - Dinosaurs Only (Continued)]
[File: C:\Program Files (x86)\Steam\steamapps\workshop\content\294100\3541510004\1.6\Defs\ThingDef_Races\Race_Termitotron.xml]
[Source: Jurassic Rimworld - Dinosaurs Only (Continued)]
[File: C:\Program Files (x86)\Steam\steamapps\workshop\content\294100\3541510004\1.6\Defs\ThingDef_Races\Race_Torosaurus.xml]
[Source: Jurassic Rimworld - Dinosaurs Only (Continued)]
[File: C:\Program Files (x86)\Steam\steamapps\workshop\content\294100\3541510004\1.6\Defs\ThingDef_Races\Race_Udanoceratops.xml]
[Source: More Vanilla Biomes]
[File: C:\Program Files (x86)\Steam\steamapps\workshop\content\294100\1931453053\1.6\Defs\ZBiome_FeatureDefs.xml]
[Source: More Vanilla Biomes]
[File: C:\Program Files (x86)\Steam\steamapps\workshop\content\294100\1931453053\1.6\Defs\BiomeDefs\ZBiome_DesertOasis.xml]
[Source: Rim cockroach]
[File: C:\Program Files (x86)\Steam\steamapps\workshop\content\294100\3196253802\1.6\Defs\Normal.xml]
[Source: Star Wars Animal Collection (Continued)]
[File: C:\Program Files (x86)\Steam\steamapps\workshop\content\294100\3497316713\1.6\Defs\ThingDefs_Plants\Plants_Farm_SW.xml]
[Source: Star Wars Animal Collection (Continued)]
[File: C:\Program Files (x86)\Steam\steamapps\workshop\content\294100\3497316713\1.6\Defs\ThingDefs_Races\Races_Animal_SW.xml]
[Source: Vanilla Backstories Expanded]
[File: C:\Program Files (x86)\Steam\steamapps\workshop\content\294100\2861806869\1.6\Defs\BackstoryDefs\Vanilla_Expanded_Backstories.xml]
[Source: Vanilla Events Expanded]
[File: C:\Program Files (x86)\Steam\steamapps\workshop\content\294100\1938420742\1.6\Defs\Storyteller\Incidents_Map_Misc.xml]
[Source: Vanilla Furniture Expanded - Factory]
[File: C:\Program Files (x86)\Steam\steamapps\workshop\content\294100\3686924415\1.6\Defs\ProcessDefs\ProcessDefs_AutomatedAmmunitionPress.xml]
[Source: Vanilla Furniture Expanded - Factory]
[File: C:\Program Files (x86)\Steam\steamapps\workshop\content\294100\3686924415\1.6\Defs\ThingDefs_Buildings\Buildings_Factories.xml]
[Source: Vanilla Gravship Expanded - Chapter 1]
[File: C:\Program Files (x86)\Steam\steamapps\workshop\content\294100\3609835606\1.6\Defs\LayoutDefs\Layouts_OrbitalPlatform.xml]
[Source: Vanilla Landmarks Expanded]
[File: C:\Program Files (x86)\Steam\steamapps\workshop\content\294100\3656316229\1.6\Defs\RulePackDefs\RulePacks_Namers_Landmarks.xml]
[Source: Vanilla Landmarks Expanded]
[File: C:\Program Files (x86)\Steam\steamapps\workshop\content\294100\3656316229\1.6\Defs\TileMutators\Landmarks.xml]
[Source: Vanilla Landmarks Expanded]
[File: C:\Program Files (x86)\Steam\steamapps\workshop\content\294100\3656316229\1.6\Defs\TileMutators\TileMutators_Animals.xml]
[Source: Vanilla Landmarks Expanded]
[File: C:\Program Files (x86)\Steam\steamapps\workshop\content\294100\3656316229\1.6\Defs\TileMutators\TileMutators_Geological.xml]
[Source: Vanilla Landmarks Expanded]
[File: C:\Program Files (x86)\Steam\steamapps\workshop\content\294100\3656316229\1.6\Defs\TileMutators\TileMutators_Landmarks_Natural.xml]
[Source: Vanilla Landmarks Expanded]
[File: C:\Program Files (x86)\Steam\steamapps\workshop\content\294100\3656316229\1.6\Defs\TileMutators\TileMutators_Plants.xml]
[Source: Vanilla Landmarks Expanded]
[File: C:\Program Files (x86)\Steam\steamapps\workshop\content\294100\3656316229\1.6\Defs\TileMutators\TileMutators_Weather.xml]
[Source: Vanilla Outposts Expanded]
[File: C:\Program Files (x86)\Steam\steamapps\workshop\content\294100\2688941031\1.6\Defs\WorldObjectDefs\Outposts.xml]
[Source: Vanilla Weapons Expanded]
[File: C:\Program Files (x86)\Steam\steamapps\workshop\content\294100\1814383360\1.6\Mods\Odyssey\Defs\Goodwill\GoodwillEvents_Misc_Odyssey.xml]
[Source: Vanilla Weapons Expanded]
[File: C:\Program Files (x86)\Steam\steamapps\workshop\content\294100\1814383360\1.6\Mods\Odyssey\Defs\WeaponTraitDefs\WeaponTraitDefs_Modded.xml]
[Source: [LFS] Genes Expanded - Eyes]
[File: C:\Program Files (x86)\Steam\steamapps\workshop\content\294100\2922457045\Compatibility\FacialAnimation\1.5\Defs\FAFelineEyes.xml]
[Source: [LFS] Genes Expanded - Eyes]
[File: C:\Program Files (x86)\Steam\steamapps\workshop\content\294100\2922457045\Compatibility\FacialAnimation\1.5\Defs\FAHumanEyes.xml]
[Source: [LFS] Genes Expanded - Eyes]
[File: C:\Program Files (x86)\Steam\steamapps\workshop\content\294100\2922457045\Compatibility\FacialAnimation\1.5\Defs\FAReptileEyes.xml]
[Source: [LFS] Genes Expanded - Eyes]
[File: C:\Program Files (x86)\Steam\steamapps\workshop\content\294100\2922457045\Versions\1.6\Defs\GeneDefs\Eyes\FelineEyes.xml]
[Source: [LFS] Genes Expanded - Eyes]
[File: C:\Program Files (x86)\Steam\steamapps\workshop\content\294100\2922457045\Versions\1.6\Defs\GeneDefs\Eyes\HumanEyes.xml]
[Source: [LFS] Genes Expanded - Eyes]
[File: C:\Program Files (x86)\Steam\steamapps\workshop\content\294100\2922457045\Versions\1.6\Defs\GeneDefs\Eyes\ReptileEyes.xml]
[Source: Alpha Animals]
[File: C:\Program Files (x86)\Steam\steamapps\workshop\content\294100\1541721856\1.6\Defs\HediffDefs\Hediffs_Global_Misc.xml]
[Source: Alpha Animals]
[File: C:\Program Files (x86)\Steam\steamapps\workshop\content\294100\1541721856\1.6\Defs\ThingDefs_Items\Items_Resource_Eggs.xml]
[Source: Alpha Animals]
[File: C:\Program Files (x86)\Steam\steamapps\workshop\content\294100\1541721856\1.6\Defs\ThingDefs_Items\Items_Resource_Stuff_Leather.xml]
[Source: Alpha Animals]
[File: C:\Program Files (x86)\Steam\steamapps\workshop\content\294100\1541721856\1.6\Defs\ThingDefs_Races\Races_Aerofleet.xml]
[Source: Alpha Animals]
[File: C:\Program Files (x86)\Steam\steamapps\workshop\content\294100\1541721856\1.6\Defs\ThingDefs_Races\Races_AngelMoth.xml]
[Source: Alpha Animals]
[File: C:\Program Files (x86)\Steam\steamapps\workshop\content\294100\1541721856\1.6\Defs\ThingDefs_Races\Races_AuroraSylph.xml]
[Source: Alpha Animals]
[File: C:\Program Files (x86)\Steam\steamapps\workshop\content\294100\1541721856\1.6\Defs\ThingDefs_Races\Races_BarbSlinger.xml]
[Source: Alpha Animals]
[File: C:\Program Files (x86)\Steam\steamapps\workshop\content\294100\1541721856\1.6\Defs\ThingDefs_Races\Races_BoulderMit.xml]
[Source: Alpha Animals]
[File: C:\Program Files (x86)\Steam\steamapps\workshop\content\294100\1541721856\1.6\Defs\ThingDefs_Races\Races_Bumbledrone.xml]
[Source: Alpha Animals]
[File: C:\Program Files (x86)\Steam\steamapps\workshop\content\294100\1541721856\1.6\Defs\ThingDefs_Races\Races_Cactipine.xml]
[Source: Alpha Animals]
[File: C:\Program Files (x86)\Steam\steamapps\workshop\content\294100\1541721856\1.6\Defs\ThingDefs_Races\Races_ChameleonYak.xml]
[Source: Alpha Animals]
[File: C:\Program Files (x86)\Steam\steamapps\workshop\content\294100\1541721856\1.6\Defs\ThingDefs_Races\Races_Cinderlisk.xml]
[Source: Alpha Animals]
[File: C:\Program Files (x86)\Steam\steamapps\workshop\content\294100\1541721856\1.6\Defs\ThingDefs_Races\Races_CrescendoAnole.xml]
[Source: Alpha Animals]
[File: C:\Program Files (x86)\Steam\steamapps\workshop\content\294100\1541721856\1.6\Defs\ThingDefs_Races\Races_CrystalMit.xml]
[Source: Alpha Animals]
[File: C:\Program Files (x86)\Steam\steamapps\workshop\content\294100\1541721856\1.6\Defs\ThingDefs_Races\Races_DarkVandal.xml]
[Source: Alpha Animals]
[File: C:\Program Files (x86)\Steam\steamapps\workshop\content\294100\1541721856\1.6\Defs\ThingDefs_Races\Races_DesertAve.xml]
[Source: Alpha Animals]
[File: C:\Program Files (x86)\Steam\steamapps\workshop\content\294100\1541721856\1.6\Defs\ThingDefs_Races\Races_Drainer.xml]
[Source: Alpha Animals]
[File: C:\Program Files (x86)\Steam\steamapps\workshop\content\294100\1541721856\1.6\Defs\ThingDefs_Races\Races_Dunealisk.xml]
[Source: Alpha Animals]
[File: C:\Program Files (x86)\Steam\steamapps\workshop\content\294100\1541721856\1.6\Defs\ThingDefs_Races\Races_DuskProwler.xml]
[Source: Alpha Animals]
[File: C:\Program Files (x86)\Steam\steamapps\workshop\content\294100\1541721856\1.6\Defs\ThingDefs_Races\Races_Erin.xml]
[Source: Alpha Animals]
[File: C:\Program Files (x86)\Steam\steamapps\workshop\content\294100\1541721856\1.6\Defs\ThingDefs_Races\Races_FissionMouse.xml]
[Source: Alpha Animals]
[File: C:\Program Files (x86)\Steam\steamapps\workshop\content\294100\1541721856\1.6\Defs\ThingDefs_Races\Races_Gigantelope.xml]
[Source: Alpha Animals]
[File: C:\Program Files (x86)\Steam\steamapps\workshop\content\294100\1541721856\1.6\Defs\ThingDefs_Races\Races_GreatDevourer.xml]
[Source: Alpha Animals]
[File: C:\Program Files (x86)\Steam\steamapps\workshop\content\294100\1541721856\1.6\Defs\ThingDefs_Races\Races_LuciferBug.xml]
[Source: Alpha Animals]
[File: C:\Program Files (x86)\Steam\steamapps\workshop\content\294100\1541721856\1.6\Defs\ThingDefs_Races\Races_MammothWorm.xml]
[Source: Alpha Animals]
[File: C:\Program Files (x86)\Steam\steamapps\workshop\content\294100\1541721856\1.6\Defs\ThingDefs_Races\Races_Mantrap.xml]
[Source: Alpha Animals]
[File: C:\Program Files (x86)\Steam\steamapps\workshop\content\294100\1541721856\1.6\Defs\ThingDefs_Races\Races_MatureFleshbeast.xml]
[Source: Alpha Animals]
[File: C:\Program Files (x86)\Steam\steamapps\workshop\content\294100\1541721856\1.6\Defs\ThingDefs_Races\Races_MeadowAve.xml]
[Source: Alpha Animals]
[File: C:\Program Files (x86)\Steam\steamapps\workshop\content\294100\1541721856\1.6\Defs\ThingDefs_Races\Races_MegaLouse.xml]
[Source: Alpha Animals]
[File: C:\Program Files (x86)\Steam\steamapps\workshop\content\294100\1541721856\1.6\Defs\ThingDefs_Races\Races_Murkling.xml]
[Source: Alpha Animals]
[File: C:\Program Files (x86)\Steam\steamapps\workshop\content\294100\1541721856\1.6\Defs\ThingDefs_Races\Races_NeedlePost.xml]
[Source: Alpha Animals]
[File: C:\Program Files (x86)\Steam\steamapps\workshop\content\294100\1541721856\1.6\Defs\ThingDefs_Races\Races_NeedleRoll.xml]
[Source: Alpha Animals]
[File: C:\Program Files (x86)\Steam\steamapps\workshop\content\294100\1541721856\1.6\Defs\ThingDefs_Races\Races_NightAve.xml]
[Source: Alpha Animals]
[File: C:\Program Files (x86)\Steam\steamapps\workshop\content\294100\1541721856\1.6\Defs\ThingDefs_Races\Races_Nightling.xml]
[Source: Alpha Animals]
[File: C:\Program Files (x86)\Steam\steamapps\workshop\content\294100\1541721856\1.6\Defs\ThingDefs_Races\Races_PebbleMit.xml]
[Source: Alpha Animals]
[File: C:\Program Files (x86)\Steam\steamapps\workshop\content\294100\1541721856\1.6\Defs\ThingDefs_Races\Races_PedigreedRaptor.xml]
[Source: Alpha Animals]
[File: C:\Program Files (x86)\Steam\steamapps\workshop\content\294100\1541721856\1.6\Defs\ThingDefs_Races\Races_PhoenixOwlcat.xml]
[Source: Alpha Animals]
[File: C:\Program Files (x86)\Steam\steamapps\workshop\content\294100\1541721856\1.6\Defs\ThingDefs_Races\Races_Ravager.xml]
[Source: Alpha Animals]
[File: C:\Program Files (x86)\Steam\steamapps\workshop\content\294100\1541721856\1.6\Defs\ThingDefs_Races\Races_Razorjack.xml]
[Source: Alpha Animals]
[File: C:\Program Files (x86)\Steam\steamapps\workshop\content\294100\1541721856\1.6\Defs\ThingDefs_Races\Races_RoughPlatedMonitor.xml]
[Source: Alpha Animals]
[File: C:\Program Files (x86)\Steam\steamapps\workshop\content\294100\1541721856\1.6\Defs\ThingDefs_Races\Races_RoyalAve.xml]
[Source: Alpha Animals]
[File: C:\Program Files (x86)\Steam\steamapps\workshop\content\294100\1541721856\1.6\Defs\ThingDefs_Races\Races_SandLion.xml]
[Source: Alpha Animals]
[File: C:\Program Files (x86)\Steam\steamapps\workshop\content\294100\1541721856\1.6\Defs\ThingDefs_Races\Races_SandProwler.xml]
[Source: Alpha Animals]
[File: C:\Program Files (x86)\Steam\steamapps\workshop\content\294100\1541721856\1.6\Defs\ThingDefs_Races\Races_SandSquid.xml]
[Source: Alpha Animals]
[File: C:\Program Files (x86)\Steam\steamapps\workshop\content\294100\1541721856\1.6\Defs\ThingDefs_Races\Races_ShadowCharger.xml]
[Source: Alpha Animals]
[File: C:\Program Files (x86)\Steam\steamapps\workshop\content\294100\1541721856\1.6\Defs\ThingDefs_Races\Races_Slurrypede.xml]
[Source: Alpha Animals]
[File: C:\Program Files (x86)\Steam\steamapps\workshop\content\294100\1541721856\1.6\Defs\ThingDefs_Races\Races_Swarmling.xml]
[Source: Alpha Animals]
[File: C:\Program Files (x86)\Steam\steamapps\workshop\content\294100\1541721856\1.6\Defs\ThingDefs_Races\Races_TeratogenicOriginator.xml]
[Source: Alpha Animals]
[File: C:\Program Files (x86)\Steam\steamapps\workshop\content\294100\1541721856\1.6\Defs\ThingDefs_Races\Races_Terramorph.xml]
[Source: Alpha Animals]
[File: C:\Program Files (x86)\Steam\steamapps\workshop\content\294100\1541721856\1.6\Defs\ThingDefs_Races\Races_TetraSlug.xml]
[Source: Alpha Animals]
[File: C:\Program Files (x86)\Steam\steamapps\workshop\content\294100\1541721856\1.6\Defs\ThingDefs_Races\Races_Thermadon.xml]
[Source: Alpha Animals]
[File: C:\Program Files (x86)\Steam\steamapps\workshop\content\294100\1541721856\1.6\Defs\ThingDefs_Races\Races_Thunderox.xml]
[Source: Alpha Animals]
[File: C:\Program Files (x86)\Steam\steamapps\workshop\content\294100\1541721856\1.6\Defs\ThingDefs_Races\Races_Windbeast.xml]
[Source: Alpha Animals]
[File: C:\Program Files (x86)\Steam\steamapps\workshop\content\294100\1541721856\1.6\Defs\ToggleableSpawnDef\ToggleableSpawnDef.xml]
[Source: Giant Toads (Continued)]
[File: C:\Program Files (x86)\Steam\steamapps\workshop\content\294100\3365223736\1.6\Defs\ThingDefs_Races\GiantToad.xml]
[Source: ReGrowth 2]
[File: C:\Program Files (x86)\Steam\steamapps\workshop\content\294100\2260097569\1.6\Defs\Storyteller\Incidents_Map_Misc.xml]
[Source: ReGrowth 2]
[File: C:\Program Files (x86)\Steam\steamapps\workshop\content\294100\2260097569\1.6\Defs\ThingDefs_Plants\Plants_Wild_Arid.xml]
[Source: ReGrowth 2]
[File: C:\Program Files (x86)\Steam\steamapps\workshop\content\294100\2260097569\1.6\Defs\ThingDefs_Races\Races_Animal_Hares.xml]
[Source: ReGrowth 2]
[File: C:\Program Files (x86)\Steam\steamapps\workshop\content\294100\2260097569\1.6\Defs\ThingDefs_Races\Races_Animal_Special.xml]
[Source: Show Me Your Hands]
[File: C:\Program Files (x86)\Steam\steamapps\workshop\content\294100\2475965842\1.6\Defs\Mods\cgf1.gunsgalore.copsandrobbers.coldwar.xml]
[Source: Show Me Your Hands]
[File: C:\Program Files (x86)\Steam\steamapps\workshop\content\294100\2475965842\1.6\Defs\Mods\cgf1.gunsgalore.magnum.i.xml]
[Source: Show Me Your Hands]
[File: C:\Program Files (x86)\Steam\steamapps\workshop\content\294100\2475965842\1.6\Defs\Mods\CP.RimmuNation.Weapons.xml]
[Source: Show Me Your Hands]
[File: C:\Program Files (x86)\Steam\steamapps\workshop\content\294100\2475965842\1.6\Defs\Mods\Mlie.RamboWeaponsPack.xml]
[Source: Show Me Your Hands]
[File: C:\Program Files (x86)\Steam\steamapps\workshop\content\294100\2475965842\1.6\Defs\Mods\rick.fcpdr.xml]
[Source: Biomes! Caverns]
[File: C:\Program Files (x86)\Steam\steamapps\workshop\content\294100\2969748433\1.6\Defs\BiomeVariants\BMT_DesertShallows.xml]
[Source: Biomes! Caverns]
[File: C:\Program Files (x86)\Steam\steamapps\workshop\content\294100\2969748433\1.6\Defs\BiomeVariants\BMT_ShallowCave.xml]
[Source: Vanilla Genetics Expanded]
[File: C:\Program Files (x86)\Steam\steamapps\workshop\content\294100\2801160906\1.6\Mods\AlphaAnimals\Defs\ExtractableAnimalsLists\ExtractableAnimalsLists_Alpha.xml]
[Source: LEVIATHANS:SANDWORM]
[File: C:\Program Files (x86)\Steam\steamapps\workshop\content\294100\3713982815\1.6\Defs\SandWorm_QuestDefs.xml]
[Source: LEVIATHANS:SANDWORM]
[File: C:\Program Files (x86)\Steam\steamapps\workshop\content\294100\3713982815\1.6\Defs\SandWorm_QuestScriptDefs.xml]
[Source: Outer Rim - Core]
[File: C:\Program Files (x86)\Steam\steamapps\workshop\content\294100\2919227155\1.6\Defs\ThingDefs_Apparel\DesertGarb.xml]
[Source: Outer Rim - Galactic Empire]
[File: C:\Program Files (x86)\Steam\steamapps\workshop\content\294100\2919248699\1.6\Defs\FactionDefs\FactionDefs.xml]
[Source: Outer Rim - Galactic Empire]
[File: C:\Program Files (x86)\Steam\steamapps\workshop\content\294100\2919248699\1.6\Defs\PawnKindDefs\PawnKinds_Stormtroopers.xml]
[Source: RimMandrake: SW — Bestiary]
[File: C:\Program Files (x86)\Steam\steamapps\common\RimWorld\Mods\SWBestiary\Defs\ThingDefs_Items\RSW_SandSwimmer_Items.xml]
[Source: RimMandrake: SW — Bestiary]
[File: C:\Program Files (x86)\Steam\steamapps\common\RimWorld\Mods\SWBestiary\Defs\ThingDefs_Races\RSW_Absorbed_Baseopsis.xml]
[Source: RimMandrake: SW — Bestiary]
[File: C:\Program Files (x86)\Steam\steamapps\common\RimWorld\Mods\SWBestiary\Defs\ThingDefs_Races\RSW_Absorbed_Protosolpuga.xml]
[Source: RimMandrake: SW — Bestiary]
[File: C:\Program Files (x86)\Steam\steamapps\common\RimWorld\Mods\SWBestiary\Defs\ThingDefs_Races\RSW_Absorbed_Termitotron.xml]
[Source: RimMandrake: SW — Bestiary]
[File: C:\Program Files (x86)\Steam\steamapps\common\RimWorld\Mods\SWBestiary\Defs\ThingDefs_Races\RSW_Acklay.xml]
[Source: RimMandrake: SW — Bestiary]
[File: C:\Program Files (x86)\Steam\steamapps\common\RimWorld\Mods\SWBestiary\Defs\ThingDefs_Races\RSW_Bantha.xml]
[Source: RimMandrake: SW — Bestiary]
[File: C:\Program Files (x86)\Steam\steamapps\common\RimWorld\Mods\SWBestiary\Defs\ThingDefs_Races\RSW_Dewback.xml]
[Source: RimMandrake: SW — Bestiary]
[File: C:\Program Files (x86)\Steam\steamapps\common\RimWorld\Mods\SWBestiary\Defs\ThingDefs_Races\RSW_Iriaz.xml]
[Source: RimMandrake: SW — Bestiary]
[File: C:\Program Files (x86)\Steam\steamapps\common\RimWorld\Mods\SWBestiary\Defs\ThingDefs_Races\RSW_Jerba.xml]
[Source: RimMandrake: SW — Bestiary]
[File: C:\Program Files (x86)\Steam\steamapps\common\RimWorld\Mods\SWBestiary\Defs\ThingDefs_Races\RSW_Mudhorn.xml]
[Source: RimMandrake: SW — Bestiary]
[File: C:\Program Files (x86)\Steam\steamapps\common\RimWorld\Mods\SWBestiary\Defs\ThingDefs_Races\RSW_Nuna.xml]
[Source: RimMandrake: SW — Bestiary]
[File: C:\Program Files (x86)\Steam\steamapps\common\RimWorld\Mods\SWBestiary\Defs\ThingDefs_Races\RSW_Porg.xml]
[Source: RimMandrake: SW — Bestiary]
[File: C:\Program Files (x86)\Steam\steamapps\common\RimWorld\Mods\SWBestiary\Defs\ThingDefs_Races\RSW_Vulptex.xml]
[Source: RimMandrake: SW — Bestiary]
[File: C:\Program Files (x86)\Steam\steamapps\common\RimWorld\Mods\SWBestiary\Defs\ThingDefs_Races\RSW_Wampa.xml]
[Source: RimUtinni Patches (Jawa campaign)]
[File: C:\Program Files (x86)\Steam\steamapps\common\RimWorld\Mods\UtinniPatches\Defs\BiomeDefs\RUT_BlueDesert.xml]
[Source: RimUtinni Patches (Jawa campaign)]
[File: C:\Program Files (x86)\Steam\steamapps\common\RimWorld\Mods\UtinniPatches\Defs\BiomeDefs\RUT_Desert.xml]
[Source: RimUtinni Patches (Jawa campaign)]
[File: C:\Program Files (x86)\Steam\steamapps\common\RimWorld\Mods\UtinniPatches\Defs\BiomeDefs\RUT_ExtremeDesert.xml]
[Source: RimUtinni Patches (Jawa campaign)]
[File: C:\Program Files (x86)\Steam\steamapps\common\RimWorld\Mods\UtinniPatches\Defs\BiomeDefs\RUT_WeepingStones.xml]
[Source: RimUtinni Patches (Jawa campaign)]
[File: C:\Program Files (x86)\Steam\steamapps\common\RimWorld\Mods\UtinniPatches\Defs\CultureDefs\JawaLeaderTitles.xml]
[Source: RimUtinni Patches (Jawa campaign)]
[File: C:\Program Files (x86)\Steam\steamapps\common\RimWorld\Mods\UtinniPatches\Defs\PawnKindDefs\JawaFactionRoster.xml]
[Source: Jawa Pawn Flavor — faction backstories and traits]
[File: C:\Program Files (x86)\Steam\steamapps\common\RimWorld\Mods\PawnFlavor\Defs\Backstories_Empire_Hutt.xml]
[Source: Alpha Biomes]
[File: C:\Program Files (x86)\Steam\steamapps\workshop\content\294100\1841354677\1.6\Patches\PassiveCamouflagePatch.xml]
[Source: Alpha Biomes]
[File: C:\Program Files (x86)\Steam\steamapps\workshop\content\294100\1841354677\1.6\Patches\VAEPatch.xml]
[Source: Beliar Xenotype]
[File: C:\Program Files (x86)\Steam\steamapps\workshop\content\294100\3237072670\1.6\Patches\FactionPatches.xml]
[Source: Custom Gas Types]
[File: C:\Program Files (x86)\Steam\steamapps\workshop\content\294100\3756399441\Patches\ApparelCompat_Rimatomics.xml]
[Source: GRiNDTerra Biomes]
[File: C:\Program Files (x86)\Steam\steamapps\workshop\content\294100\3537211820\1.6\Patches\VLandmarksEx.xml]
[Source: More Vanilla Biomes]
[File: C:\Program Files (x86)\Steam\steamapps\workshop\content\294100\1931453053\1.6\Mods\ReGrowthCore\Patches\ReGrowth Core.xml]
[Source: More Vanilla Biomes]
[File: C:\Program Files (x86)\Steam\steamapps\workshop\content\294100\1931453053\1.6\Mods\JurassicRimworld\Patches\Jurassic Rimworld.xml]
[Source: More Vanilla Biomes]
[File: C:\Program Files (x86)\Steam\steamapps\workshop\content\294100\1931453053\1.6\Mods\AlphaAnimals\Patches\Alpha Animals.xml]
[Source: More Vanilla Biomes]
[File: C:\Program Files (x86)\Steam\steamapps\workshop\content\294100\1931453053\1.6\Mods\DLC_Odyssey\Patches\Odyssey DLC.xml]
[Source: More Vanilla Biomes]
[File: C:\Program Files (x86)\Steam\steamapps\workshop\content\294100\1931453053\1.6\Patches\ZBiome_BiomesIslands.xml]
[Source: More Vanilla Biomes]
[File: C:\Program Files (x86)\Steam\steamapps\workshop\content\294100\1931453053\1.6\Patches\ZBiome_Patches.xml]
[Source: More Vanilla Biomes]
[File: C:\Program Files (x86)\Steam\steamapps\workshop\content\294100\1931453053\1.6\Patches\ZBiome_VanillaFishingPatch.xml]
[Source: Star Wars Animal Collection (Continued)]
[File: C:\Program Files (x86)\Steam\steamapps\workshop\content\294100\3497316713\1.6\Patches\MoreVanillaBiomesPatch.xml]
[Source: Star Wars Animal Collection (Continued)]
[File: C:\Program Files (x86)\Steam\steamapps\workshop\content\294100\3497316713\1.6\Patches\OddyseyPatch.xml]
[Source: Star Wars Animal Collection (Continued)]
[File: C:\Program Files (x86)\Steam\steamapps\workshop\content\294100\3497316713\1.6\Patches\PollutedBiomesPatch.xml]
[Source: Vanilla Furniture Expanded - Factory]
[File: C:\Program Files (x86)\Steam\steamapps\workshop\content\294100\3686924415\1.6\Patches\VanillaChemfuelExpandedPatch.xml]
[Source: Vanilla Gravship Expanded - Chapter 1]
[File: C:\Program Files (x86)\Steam\steamapps\workshop\content\294100\3609835606\1.6\Patches\ArmorVacuumResistancePatch.xml]
[Source: [LFS] Genes Expanded - Eyes]
[File: C:\Program Files (x86)\Steam\steamapps\workshop\content\294100\2922457045\Compatibility\DetBoglegs\Patches\DetBoglegsEyePatch.xml]
[Source: [LFS] Genes Expanded - Eyes]
[File: C:\Program Files (x86)\Steam\steamapps\workshop\content\294100\2922457045\Compatibility\VRESaurid\Patches\VRESauridEyePatch.xml]
[Source: [LFS] Genes Expanded - Eyes]
[File: C:\Program Files (x86)\Steam\steamapps\workshop\content\294100\2922457045\Compatibility\FacialAnimation\1.5\Patches\FAFelineEyesPatch.xml]
[Source: [LFS] Genes Expanded - Eyes]
[File: C:\Program Files (x86)\Steam\steamapps\workshop\content\294100\2922457045\Compatibility\FacialAnimation\1.5\Patches\FAHumanEyesPatch.xml]
[Source: [LFS] Genes Expanded - Eyes]
[File: C:\Program Files (x86)\Steam\steamapps\workshop\content\294100\2922457045\Compatibility\FacialAnimation\1.5\Patches\FAReptileEyesPatch.xml]
[Source: [LFS] Genes Expanded - Eyes]
[File: C:\Program Files (x86)\Steam\steamapps\workshop\content\294100\2922457045\Versions\1.6\Patches\CoreGenesToSpawn.xml]
[Source: Alpha Animals]
[File: C:\Program Files (x86)\Steam\steamapps\workshop\content\294100\1541721856\1.6\Patches\GiddyUpPatch.xml]
[Source: Alpha Animals]
[File: C:\Program Files (x86)\Steam\steamapps\workshop\content\294100\1541721856\1.6\Patches\NatureIsPrettySweetPatch.xml]
[Source: Alpha Animals]
[File: C:\Program Files (x86)\Steam\steamapps\workshop\content\294100\1541721856\1.6\Patches\VanillaFactionsExpandedMechanoidsPatch.xml]
[Source: Ash'karr Landmark Art]
[File: C:\Program Files (x86)\Steam\steamapps\common\RimWorld\Mods\AshkarrLandmarkArt\Patches\LandmarkIcons.xml]
[Source: JawaVoice (SpeakUp reskin)]
[File: C:\Program Files (x86)\Steam\steamapps\common\RimWorld\Mods\JawaVoice\Patches\JawaVoice_Ideology.xml]
[Source: ReGrowth 2]
[File: C:\Program Files (x86)\Steam\steamapps\workshop\content\294100\2260097569\1.6\Patches\Core\Core-Biomes.xml]
[Source: ReGrowth 2]
[File: C:\Program Files (x86)\Steam\steamapps\workshop\content\294100\2260097569\1.6\Patches\_ModSettings\General-Patches.xml]
[Source: Rimsential - Spaceports (Continued)]
[File: C:\Program Files (x86)\Steam\steamapps\workshop\content\294100\3225120958\1.6\Patches\VFEDeserters_Patch.xml]
[Source: Biomes! Caverns]
[File: C:\Program Files (x86)\Steam\steamapps\workshop\content\294100\2969748433\1.6\Mods\AlphaAnimals\Patches\BiomesCaverns_AlphaAnimals.xml]
[Source: Biomes! Polluted Lands]
[File: C:\Program Files (x86)\Steam\steamapps\workshop\content\294100\3390196656\1.6\Patches\Patches_PlantSpawn_VanillaBiomes.xml]
[Source: Biomes! Polluted Lands]
[File: C:\Program Files (x86)\Steam\steamapps\workshop\content\294100\3390196656\1.6\Patches\t_AnimalsSpawn_Vanilla.xml]
[Source: Vanilla Genetics Expanded]
[File: C:\Program Files (x86)\Steam\steamapps\workshop\content\294100\2801160906\1.6\Mods\AlphaAnimals\Patches\AlphaAnimalsPatch_AlphaAnimals.xml]
[Source: Vanilla Genetics Expanded]
[File: C:\Program Files (x86)\Steam\steamapps\workshop\content\294100\2801160906\1.6\Patches\GeneExtractionPatches\AnimalsExpandedPatch.xml]
[Source: Desert Vehicle Reskin — Alpha Vehicles Neolithic]
[File: C:\Program Files (x86)\Steam\steamapps\common\RimWorld\Mods\DesertVehicleReskin\Patches\DraughtFuel_Marker.xml]
[Source: Intimacy - Gender Works]
[File: C:\Program Files (x86)\Steam\steamapps\workshop\content\294100\3534254491\1.6\Patches\HAR_mods_reproductives.xml]
[Source: RimStarWars Patches]
[File: C:\Program Files (x86)\Steam\steamapps\common\RimWorld\Mods\StarWarsPatches\Patches\SWDesertWeather_Attach.xml]
[Source: RimUtinni Patches (Jawa campaign)]
[File: C:\Program Files (x86)\Steam\steamapps\common\RimWorld\Mods\UtinniPatches\Patches\AncientDangerGenSteps_AmbientDoctrine.xml]
[Source: RimUtinni Patches (Jawa campaign)]
[File: C:\Program Files (x86)\Steam\steamapps\common\RimWorld\Mods\UtinniPatches\Patches\AnimalBiomeDuplicates_Fix.xml]
[Source: RimUtinni Patches (Jawa campaign)]
[File: C:\Program Files (x86)\Steam\steamapps\common\RimWorld\Mods\UtinniPatches\Patches\AnimalBiomeDuplicates_Generated.xml]
[Source: RimUtinni Patches (Jawa campaign)]
[File: C:\Program Files (x86)\Steam\steamapps\common\RimWorld\Mods\UtinniPatches\Patches\AnimalTolerances_Ashkarr.xml]
[Source: RimUtinni Patches (Jawa campaign)]
[File: C:\Program Files (x86)\Steam\steamapps\common\RimWorld\Mods\UtinniPatches\Patches\BiomeCastEvictions_WildBiomes.xml]
[Source: RimUtinni Patches (Jawa campaign)]
[File: C:\Program Files (x86)\Steam\steamapps\common\RimWorld\Mods\UtinniPatches\Patches\BiomeCast_Ashkarr.xml]
[Source: RimUtinni Patches (Jawa campaign)]
[File: C:\Program Files (x86)\Steam\steamapps\common\RimWorld\Mods\UtinniPatches\Patches\BiomeDescriptions_Ashkarr.xml]
[Source: RimUtinni Patches (Jawa campaign)]
[File: C:\Program Files (x86)\Steam\steamapps\common\RimWorld\Mods\UtinniPatches\Patches\BiomeFishTypes_Ashkarr.xml]
[Source: RimUtinni Patches (Jawa campaign)]
[File: C:\Program Files (x86)\Steam\steamapps\common\RimWorld\Mods\UtinniPatches\Patches\BiomeFlora_Ashkarr.xml]
[Source: RimUtinni Patches (Jawa campaign)]
[File: C:\Program Files (x86)\Steam\steamapps\common\RimWorld\Mods\UtinniPatches\Patches\BiomeNames_Ashkarr.xml]
[Source: RimUtinni Patches (Jawa campaign)]
[File: C:\Program Files (x86)\Steam\steamapps\common\RimWorld\Mods\UtinniPatches\Patches\DeepDesertTribes.xml]
[Source: RimUtinni Patches (Jawa campaign)]
[File: C:\Program Files (x86)\Steam\steamapps\common\RimWorld\Mods\UtinniPatches\Patches\FishTypesStrip_NoFishBiomes.xml]
[Source: RimUtinni Patches (Jawa campaign)]
[File: C:\Program Files (x86)\Steam\steamapps\common\RimWorld\Mods\UtinniPatches\Patches\HomesteadDefenseLeague.xml]
[Source: RimUtinni Patches (Jawa campaign)]
[File: C:\Program Files (x86)\Steam\steamapps\common\RimWorld\Mods\UtinniPatches\Patches\Ikee_Rename.xml]
[Source: RimUtinni Patches (Jawa campaign)]
[File: C:\Program Files (x86)\Steam\steamapps\common\RimWorld\Mods\UtinniPatches\Patches\JawaTerrain_DuneSeas.xml]
[Source: RimUtinni Patches (Jawa campaign)]
[File: C:\Program Files (x86)\Steam\steamapps\common\RimWorld\Mods\UtinniPatches\Patches\JawaTerrain_SaltPans.xml]
[Source: RimUtinni Patches (Jawa campaign)]
[File: C:\Program Files (x86)\Steam\steamapps\common\RimWorld\Mods\UtinniPatches\Patches\JawaWorld_BiomeMix.xml]
[Source: RimUtinni Patches (Jawa campaign)]
[File: C:\Program Files (x86)\Steam\steamapps\common\RimWorld\Mods\UtinniPatches\Patches\OasisMutator_DesertOasis.xml]
[Source: RimUtinni Patches (Jawa campaign)]
[File: C:\Program Files (x86)\Steam\steamapps\common\RimWorld\Mods\UtinniPatches\Patches\Absorbed_Cephaloids\Absorbed_Cephaloids_Patches.xml]
[Source: RimUtinni Patches (Jawa campaign)]
[File: C:\Program Files (x86)\Steam\steamapps\common\RimWorld\Mods\UtinniPatches\Patches\Absorbed_VESucculents\Absorbed_VESucculents_BiomesPatch.xml]
[Source: Moving Dunes]
[File: C:\Program Files (x86)\Steam\steamapps\common\RimWorld\Mods\MovingDunes\Patches\BiomeBindings.xml]
Config error in RSW_KilnClay: ingestible preferability > DesperateOnlyForHumanlikes but socialPropernessMatters=false. This will cause bugs wherein wardens will look in prison cells for food to give to prisoners and so will repeatedly pick up and drop food inside the cell.

Possible Matches:
[Source: RimMandrake: SW — Bestiary]
[File: C:\Program Files (x86)\Steam\steamapps\common\RimWorld\Mods\SWBestiary\Defs\Livestock\ThingDefs_Animals\ThingDefs_Onnik.xml]
Config error in guy762_BaseTraderKind_HuttGalleon: Hyperweave tradeability doesn't allow traders to sell this thing

Possible Matches:
[Source: Star Wars KotOR Resources and Materials]
[File: C:\Program Files (x86)\Steam\steamapps\workshop\content\294100\3254370945\1.6\Defs\TraderKindDefs\BaseTrader_HuttGalleon.xml]
Config error in RM_FE_Ground_Sand: burnedDef is flammable

Possible Matches:
[Source: Pyrelands]
[File: C:\Program Files (x86)\Steam\steamapps\common\RimWorld\Mods\Pyrelands\Defs\TerrainDefs\ScorchableGround.xml]
Config error in ExtremeDesert: Duplicate animal record: AA_Eyeling

Possible Matches:
[Source: Core]
[File: C:\Program Files (x86)\Steam\steamapps\common\RimWorld\Data\Core\Defs\BiomeDefs\Biomes_WarmArid.xml]
[Source: GRiNDTerra Terrain Retexture]
[File: C:\Program Files (x86)\Steam\steamapps\workshop\content\294100\3543925559\1.6\Defs\BiomeDefs\Biomes_NewArid.xml]
Config error in guy762_TraderKind_Czerka: Hyperweave tradeability doesn't allow traders to sell this thing

Possible Matches:
[Source: Star Wars KotOR Resources and Materials]
[File: C:\Program Files (x86)\Steam\steamapps\workshop\content\294100\3254370945\1.6\Defs\TraderKindDefs\OrbitalTrader_Czerka.xml]
Config error in RSW_MeeJuv: lifeStages minAges are not in ascending order

Possible Matches:
[Source: RimMandrake: SW — Bestiary]
[File: C:\Program Files (x86)\Steam\steamapps\common\RimWorld\Mods\SWBestiary\Defs\SeaBeasts\ThingDefs_Races\SeaBeasts_NurseryJuveniles.xml]
Config error in RM_FE_Ground_Gravel: burnedDef is flammable

Possible Matches:
[Source: Pyrelands]
[File: C:\Program Files (x86)\Steam\steamapps\common\RimWorld\Mods\Pyrelands\Defs\TerrainDefs\ScorchableGround.xml]
Config error in ExtremeDesert: Duplicate animal record: AA_Eyeling

Possible Matches:
[Source: Core]
[File: C:\Program Files (x86)\Steam\steamapps\common\RimWorld\Data\Core\Defs\BiomeDefs\Biomes_WarmArid.xml]
[Source: GRiNDTerra Terrain Retexture]
[File: C:\Program Files (x86)\Steam\steamapps\workshop\content\294100\3543925559\1.6\Defs\BiomeDefs\Biomes_NewArid.xml]
Config error in guy762_TraderKind_HuttGalleon: Hyperweave tradeability doesn't allow traders to sell this thing

Possible Matches:
[Source: Star Wars KotOR Resources and Materials]
[File: C:\Program Files (x86)\Steam\steamapps\workshop\content\294100\3254370945\1.6\Defs\TraderKindDefs\OrbitalTrader_HuttGalleon.xml]
Config error in RSW_MeeJuv: lifeStages minAges are not in ascending order

Possible Matches:
[Source: RimMandrake: SW — Bestiary]
[File: C:\Program Files (x86)\Steam\steamapps\common\RimWorld\Mods\SWBestiary\Defs\SeaBeasts\ThingDefs_Races\SeaBeasts_NurseryJuveniles.xml]
Exception in ConfigErrors() of ZBiome_Badlands: System.NullReferenceException: Object reference not set to an instance of an object
[Ref 50CAEF97] Duplicate stacktrace, see ref for original

Possible Matches:
[Source: More Vanilla Biomes]
[File: C:\Program Files (x86)\Steam\steamapps\workshop\content\294100\1931453053\1.6\Defs\ZBiome_FeatureDefs.xml]
[Source: More Vanilla Biomes]
[File: C:\Program Files (x86)\Steam\steamapps\workshop\content\294100\1931453053\1.6\Defs\BiomeDefs\ZBiome_Badlands.xml]
[Source: RimUtinni Patches (Jawa campaign)]
[File: C:\Program Files (x86)\Steam\steamapps\common\RimWorld\Mods\UtinniPatches\Defs\BiomeDefs\RUT_CrackedLands.xml]
[Source: More Vanilla Biomes]
[File: C:\Program Files (x86)\Steam\steamapps\workshop\content\294100\1931453053\1.6\Mods\ReGrowthCore\Patches\ReGrowth Core.xml]
[Source: More Vanilla Biomes]
[File: C:\Program Files (x86)\Steam\steamapps\workshop\content\294100\1931453053\1.6\Mods\JurassicRimworld\Patches\Jurassic Rimworld.xml]
[Source: More Vanilla Biomes]
[File: C:\Program Files (x86)\Steam\steamapps\workshop\content\294100\1931453053\1.6\Mods\AlphaAnimals\Patches\Alpha Animals.xml]
[Source: More Vanilla Biomes]
[File: C:\Program Files (x86)\Steam\steamapps\workshop\content\294100\1931453053\1.6\Mods\DLC_Odyssey\Patches\Odyssey DLC.xml]
[Source: More Vanilla Biomes]
[File: C:\Program Files (x86)\Steam\steamapps\workshop\content\294100\1931453053\1.6\Patches\ZBiome_Patches.xml]
[Source: More Vanilla Biomes]
[File: C:\Program Files (x86)\Steam\steamapps\workshop\content\294100\1931453053\1.6\Patches\ZBiome_VanillaFishingPatch.xml]
[Source: Star Wars Animal Collection (Continued)]
[File: C:\Program Files (x86)\Steam\steamapps\workshop\content\294100\3497316713\1.6\Patches\MoreVanillaBiomesPatch.xml]
[Source: RimStarWars Patches]
[File: C:\Program Files (x86)\Steam\steamapps\common\RimWorld\Mods\StarWarsPatches\Patches\SWDesertWeather_Attach.xml]
[Source: RimUtinni Patches (Jawa campaign)]
[File: C:\Program Files (x86)\Steam\steamapps\common\RimWorld\Mods\UtinniPatches\Patches\AnimalBiomeDuplicates_Generated.xml]
[Source: RimUtinni Patches (Jawa campaign)]
[File: C:\Program Files (x86)\Steam\steamapps\common\RimWorld\Mods\UtinniPatches\Patches\BiomeCastEvictions_WildBiomes.xml]
[Source: RimUtinni Patches (Jawa campaign)]
[File: C:\Program Files (x86)\Steam\steamapps\common\RimWorld\Mods\UtinniPatches\Patches\BiomeCast_Ashkarr.xml]
[Source: RimUtinni Patches (Jawa campaign)]
[File: C:\Program Files (x86)\Steam\steamapps\common\RimWorld\Mods\UtinniPatches\Patches\BiomeDescriptions_Ashkarr.xml]
[Source: RimUtinni Patches (Jawa campaign)]
[File: C:\Program Files (x86)\Steam\steamapps\common\RimWorld\Mods\UtinniPatches\Patches\BiomeFlora_Ashkarr.xml]
[Source: RimUtinni Patches (Jawa campaign)]
[File: C:\Program Files (x86)\Steam\steamapps\common\RimWorld\Mods\UtinniPatches\Patches\BiomeNames_Ashkarr.xml]
[Source: RimUtinni Patches (Jawa campaign)]
[File: C:\Program Files (x86)\Steam\steamapps\common\RimWorld\Mods\UtinniPatches\Patches\JawaWorld_BiomeMix.xml]
[Source: RimUtinni Patches (Jawa campaign)]
[File: C:\Program Files (x86)\Steam\steamapps\common\RimWorld\Mods\UtinniPatches\Patches\SandFishing_CrackedLands.xml]
Config error in RM_FE_Ground_Soil: burnedDef is flammable

Possible Matches:
[Source: Pyrelands]
[File: C:\Program Files (x86)\Steam\steamapps\common\RimWorld\Mods\Pyrelands\Defs\TerrainDefs\ScorchableGround.xml]
Exception in ConfigErrors() of ZBiome_DesertOasis: System.NullReferenceException: Object reference not set to an instance of an object
[Ref 50CAEF97] Duplicate stacktrace, see ref for original

Possible Matches:
[Source: Dark Ages : Beasts and Monsters]
[File: C:\Program Files (x86)\Steam\steamapps\workshop\content\294100\3472275628\1.6\Defs\ThingDefs_Races\Animal_BlackScribe.xml]
[Source: Dark Ages : Beasts and Monsters]
[File: C:\Program Files (x86)\Steam\steamapps\workshop\content\294100\3472275628\1.6\Defs\ThingDefs_Races\Animal_Karabal.xml]
[Source: Dark Ages : Beasts and Monsters]
[File: C:\Program Files (x86)\Steam\steamapps\workshop\content\294100\3472275628\1.6\Defs\ThingDefs_Races\Animal_Pilgrim.xml]
[Source: More Vanilla Biomes]
[File: C:\Program Files (x86)\Steam\steamapps\workshop\content\294100\1931453053\1.6\Defs\BiomeDefs\ZBiome_DesertOasis.xml]
[Source: ReGrowth 2]
[File: C:\Program Files (x86)\Steam\steamapps\workshop\content\294100\2260097569\1.6\Defs\Storyteller\Incidents_Map_Misc.xml]
[Source: More Vanilla Biomes]
[File: C:\Program Files (x86)\Steam\steamapps\workshop\content\294100\1931453053\1.6\Mods\ReGrowthCore\Patches\ReGrowth Core.xml]
[Source: More Vanilla Biomes]
[File: C:\Program Files (x86)\Steam\steamapps\workshop\content\294100\1931453053\1.6\Mods\JurassicRimworld\Patches\Jurassic Rimworld.xml]
[Source: More Vanilla Biomes]
[File: C:\Program Files (x86)\Steam\steamapps\workshop\content\294100\1931453053\1.6\Mods\AlphaAnimals\Patches\Alpha Animals.xml]
[Source: More Vanilla Biomes]
[File: C:\Program Files (x86)\Steam\steamapps\workshop\content\294100\1931453053\1.6\Mods\DLC_Odyssey\Patches\Odyssey DLC.xml]
[Source: More Vanilla Biomes]
[File: C:\Program Files (x86)\Steam\steamapps\workshop\content\294100\1931453053\1.6\Patches\ZBiome_BiomesIslands.xml]
[Source: More Vanilla Biomes]
[File: C:\Program Files (x86)\Steam\steamapps\workshop\content\294100\1931453053\1.6\Patches\ZBiome_Patches.xml]
[Source: More Vanilla Biomes]
[File: C:\Program Files (x86)\Steam\steamapps\workshop\content\294100\1931453053\1.6\Patches\ZBiome_VanillaFishingPatch.xml]
[Source: Star Wars Animal Collection (Continued)]
[File: C:\Program Files (x86)\Steam\steamapps\workshop\content\294100\3497316713\1.6\Patches\MoreVanillaBiomesPatch.xml]
[Source: RimStarWars Patches]
[File: C:\Program Files (x86)\Steam\steamapps\common\RimWorld\Mods\StarWarsPatches\Patches\SWDesertWeather_Attach.xml]
[Source: RimUtinni Patches (Jawa campaign)]
[File: C:\Program Files (x86)\Steam\steamapps\common\RimWorld\Mods\UtinniPatches\Patches\AnimalBiomeDuplicates_Fix.xml]
[Source: RimUtinni Patches (Jawa campaign)]
[File: C:\Program Files (x86)\Steam\steamapps\common\RimWorld\Mods\UtinniPatches\Patches\AnimalBiomeDuplicates_Generated.xml]
[Source: RimUtinni Patches (Jawa campaign)]
[File: C:\Program Files (x86)\Steam\steamapps\common\RimWorld\Mods\UtinniPatches\Patches\BiomeCastEvictions_WildBiomes.xml]
[Source: RimUtinni Patches (Jawa campaign)]
[File: C:\Program Files (x86)\Steam\steamapps\common\RimWorld\Mods\UtinniPatches\Patches\BiomeCast_Ashkarr.xml]
[Source: RimUtinni Patches (Jawa campaign)]
[File: C:\Program Files (x86)\Steam\steamapps\common\RimWorld\Mods\UtinniPatches\Patches\BiomeDescriptions_Ashkarr.xml]
[Source: RimUtinni Patches (Jawa campaign)]
[File: C:\Program Files (x86)\Steam\steamapps\common\RimWorld\Mods\UtinniPatches\Patches\BiomeFishTypes_Ashkarr.xml]
[Source: RimUtinni Patches (Jawa campaign)]
[File: C:\Program Files (x86)\Steam\steamapps\common\RimWorld\Mods\UtinniPatches\Patches\BiomeFlora_Ashkarr.xml]
[Source: RimUtinni Patches (Jawa campaign)]
[File: C:\Program Files (x86)\Steam\steamapps\common\RimWorld\Mods\UtinniPatches\Patches\BiomeNames_Ashkarr.xml]
[Source: RimUtinni Patches (Jawa campaign)]
[File: C:\Program Files (x86)\Steam\steamapps\common\RimWorld\Mods\UtinniPatches\Patches\Ikee_Rename.xml]
[Source: RimUtinni Patches (Jawa campaign)]
[File: C:\Program Files (x86)\Steam\steamapps\common\RimWorld\Mods\UtinniPatches\Patches\JawaWorld_BiomeMix.xml]
[Source: RimUtinni Patches (Jawa campaign)]
[File: C:\Program Files (x86)\Steam\steamapps\common\RimWorld\Mods\UtinniPatches\Patches\OasisMutator_DesertOasis.xml]
Config error in RSW_MeeJuv: lifeStages minAges are not in ascending order

Possible Matches:
[Source: RimMandrake: SW — Bestiary]
[File: C:\Program Files (x86)\Steam\steamapps\common\RimWorld\Mods\SWBestiary\Defs\SeaBeasts\ThingDefs_Races\SeaBeasts_NurseryJuveniles.xml]
Config error in RM_FE_Ground_SoilRich: burnedDef is flammable

Possible Matches:
[Source: Pyrelands]
[File: C:\Program Files (x86)\Steam\steamapps\common\RimWorld\Mods\Pyrelands\Defs\TerrainDefs\ScorchableGround.xml]
Config error in ZBiome_Grasslands: Duplicate animal record: Gizka

Possible Matches:
[Source: More Vanilla Biomes]
[File: C:\Program Files (x86)\Steam\steamapps\workshop\content\294100\1931453053\1.6\Defs\ZBiome_FeatureDefs.xml]
[Source: More Vanilla Biomes]
[File: C:\Program Files (x86)\Steam\steamapps\workshop\content\294100\1931453053\1.6\Defs\BiomeDefs\ZBiome_Grasslands.xml]
Config error in RSW_FaaJuv: lifeStages minAges are not in ascending order

Possible Matches:
[Source: RimMandrake: SW — Bestiary]
[File: C:\Program Files (x86)\Steam\steamapps\common\RimWorld\Mods\SWBestiary\Defs\SeaBeasts\ThingDefs_Races\SeaBeasts_NurseryJuveniles.xml]
Config error in ZBiome_Grasslands: Duplicate animal record: Nuna

Possible Matches:
[Source: More Vanilla Biomes]
[File: C:\Program Files (x86)\Steam\steamapps\workshop\content\294100\1931453053\1.6\Defs\ZBiome_FeatureDefs.xml]
[Source: More Vanilla Biomes]
[File: C:\Program Files (x86)\Steam\steamapps\workshop\content\294100\1931453053\1.6\Defs\BiomeDefs\ZBiome_Grasslands.xml]
Config error in RSW_FaaJuv: lifeStages minAges are not in ascending order

Possible Matches:
[Source: RimMandrake: SW — Bestiary]
[File: C:\Program Files (x86)\Steam\steamapps\common\RimWorld\Mods\SWBestiary\Defs\SeaBeasts\ThingDefs_Races\SeaBeasts_NurseryJuveniles.xml]
Config error in RSW_KilnClay: ingestible preferability > DesperateOnlyForHumanlikes but socialPropernessMatters=false. This will cause bugs wherein wardens will look in prison cells for food to give to prisoners and so will repeatedly pick up and drop food inside the cell.

Possible Matches:
[Source: RimMandrake: SW — Bestiary]
[File: C:\Program Files (x86)\Steam\steamapps\common\RimWorld\Mods\SWBestiary\Defs\Livestock\ThingDefs_Animals\ThingDefs_Onnik.xml]
Config error in ZBiome_Grasslands: Duplicate animal record: Orray

Possible Matches:
[Source: More Vanilla Biomes]
[File: C:\Program Files (x86)\Steam\steamapps\workshop\content\294100\1931453053\1.6\Defs\ZBiome_FeatureDefs.xml]
[Source: More Vanilla Biomes]
[File: C:\Program Files (x86)\Steam\steamapps\workshop\content\294100\1931453053\1.6\Defs\BiomeDefs\ZBiome_Grasslands.xml]
Config error in RSW_FaaJuv: lifeStages minAges are not in ascending order

Possible Matches:
[Source: RimMandrake: SW — Bestiary]
[File: C:\Program Files (x86)\Steam\steamapps\common\RimWorld\Mods\SWBestiary\Defs\SeaBeasts\ThingDefs_Races\SeaBeasts_NurseryJuveniles.xml]
Config error in RSW_MeeJuv: lifeStages minAges are not in ascending order

Possible Matches:
[Source: RimMandrake: SW — Bestiary]
[File: C:\Program Files (x86)\Steam\steamapps\common\RimWorld\Mods\SWBestiary\Defs\SeaBeasts\ThingDefs_Races\SeaBeasts_NurseryJuveniles.xml]
Config error in ZBiome_Grasslands: Duplicate animal record: Zeer

Possible Matches:
[Source: More Vanilla Biomes]
[File: C:\Program Files (x86)\Steam\steamapps\workshop\content\294100\1931453053\1.6\Defs\ZBiome_FeatureDefs.xml]
[Source: More Vanilla Biomes]
[File: C:\Program Files (x86)\Steam\steamapps\workshop\content\294100\1931453053\1.6\Defs\BiomeDefs\ZBiome_Grasslands.xml]
Config error in RSW_LaaJuv: lifeStages minAges are not in ascending order

Possible Matches:
[Source: RimMandrake: SW — Bestiary]
[File: C:\Program Files (x86)\Steam\steamapps\common\RimWorld\Mods\SWBestiary\Defs\SeaBeasts\ThingDefs_Races\SeaBeasts_NurseryJuveniles.xml]
Config error in RSW_MeeJuv: lifeStages minAges are not in ascending order

Possible Matches:
[Source: RimMandrake: SW — Bestiary]
[File: C:\Program Files (x86)\Steam\steamapps\common\RimWorld\Mods\SWBestiary\Defs\SeaBeasts\ThingDefs_Races\SeaBeasts_NurseryJuveniles.xml]
Config error in ZBiome_Grasslands: Duplicate animal record: Zeer

Possible Matches:
[Source: More Vanilla Biomes]
[File: C:\Program Files (x86)\Steam\steamapps\workshop\content\294100\1931453053\1.6\Defs\ZBiome_FeatureDefs.xml]
[Source: More Vanilla Biomes]
[File: C:\Program Files (x86)\Steam\steamapps\workshop\content\294100\1931453053\1.6\Defs\BiomeDefs\ZBiome_Grasslands.xml]
Config error in RSW_LaaJuv: lifeStages minAges are not in ascending order

Possible Matches:
[Source: RimMandrake: SW — Bestiary]
[File: C:\Program Files (x86)\Steam\steamapps\common\RimWorld\Mods\SWBestiary\Defs\SeaBeasts\ThingDefs_Races\SeaBeasts_NurseryJuveniles.xml]
Config error in RSW_MeeJuv: lifeStages minAges are not in ascending order

Possible Matches:
[Source: RimMandrake: SW — Bestiary]
[File: C:\Program Files (x86)\Steam\steamapps\common\RimWorld\Mods\SWBestiary\Defs\SeaBeasts\ThingDefs_Races\SeaBeasts_NurseryJuveniles.xml]
Config error in ZBiome_Grasslands: Duplicate animal record: Nuna

Possible Matches:
[Source: More Vanilla Biomes]
[File: C:\Program Files (x86)\Steam\steamapps\workshop\content\294100\1931453053\1.6\Defs\ZBiome_FeatureDefs.xml]
[Source: More Vanilla Biomes]
[File: C:\Program Files (x86)\Steam\steamapps\workshop\content\294100\1931453053\1.6\Defs\BiomeDefs\ZBiome_Grasslands.xml]
Config error in RSW_LaaJuv: lifeStages minAges are not in ascending order

Possible Matches:
[Source: RimMandrake: SW — Bestiary]
[File: C:\Program Files (x86)\Steam\steamapps\common\RimWorld\Mods\SWBestiary\Defs\SeaBeasts\ThingDefs_Races\SeaBeasts_NurseryJuveniles.xml]
Exception in ConfigErrors() of ZBiome_Grasslands: System.NullReferenceException: Object reference not set to an instance of an object
[Ref 50CAEF97] Duplicate stacktrace, see ref for original

Possible Matches:
[Source: Dark Ages : Beasts and Monsters]
[File: C:\Program Files (x86)\Steam\steamapps\workshop\content\294100\3472275628\1.6\Defs\ThingDefs_Races\Animal_RedhornedLarpah.xml]
[Source: RimStarWars: Structure Injections]
[File: C:\Program Files (x86)\Steam\steamapps\common\RimWorld\Mods\StructureInjectionsSW\Defs\TileMutatorDefs_Batch2.xml]
[Source: More Vanilla Biomes]
[File: C:\Program Files (x86)\Steam\steamapps\workshop\content\294100\1931453053\1.6\Defs\ZBiome_FeatureDefs.xml]
[Source: More Vanilla Biomes]
[File: C:\Program Files (x86)\Steam\steamapps\workshop\content\294100\1931453053\1.6\Defs\BiomeDefs\ZBiome_Grasslands.xml]
[Source: More Vanilla Biomes]
[File: C:\Program Files (x86)\Steam\steamapps\workshop\content\294100\1931453053\1.6\Mods\ReGrowthCore\Patches\ReGrowth Core.xml]
[Source: More Vanilla Biomes]
[File: C:\Program Files (x86)\Steam\steamapps\workshop\content\294100\1931453053\1.6\Mods\JurassicRimworld\Patches\Jurassic Rimworld.xml]
[Source: More Vanilla Biomes]
[File: C:\Program Files (x86)\Steam\steamapps\workshop\content\294100\1931453053\1.6\Mods\AlphaAnimals\Patches\Alpha Animals.xml]
[Source: More Vanilla Biomes]
[File: C:\Program Files (x86)\Steam\steamapps\workshop\content\294100\1931453053\1.6\Mods\DLC_Odyssey\Patches\Odyssey DLC.xml]
[Source: More Vanilla Biomes]
[File: C:\Program Files (x86)\Steam\steamapps\workshop\content\294100\1931453053\1.6\Patches\ZBiome_Patches.xml]
[Source: More Vanilla Biomes]
[File: C:\Program Files (x86)\Steam\steamapps\workshop\content\294100\1931453053\1.6\Patches\ZBiome_VanillaFishingPatch.xml]
[Source: Star Wars Animal Collection (Continued)]
[File: C:\Program Files (x86)\Steam\steamapps\workshop\content\294100\3497316713\1.6\Patches\MoreVanillaBiomesPatch.xml]
[Source: RimUtinni Patches (Jawa campaign)]
[File: C:\Program Files (x86)\Steam\steamapps\common\RimWorld\Mods\UtinniPatches\Patches\AncientDangerGenSteps_AmbientDoctrine.xml]
[Source: RimUtinni Patches (Jawa campaign)]
[File: C:\Program Files (x86)\Steam\steamapps\common\RimWorld\Mods\UtinniPatches\Patches\AnimalBiomeDuplicates_Fix.xml]
[Source: RimUtinni Patches (Jawa campaign)]
[File: C:\Program Files (x86)\Steam\steamapps\common\RimWorld\Mods\UtinniPatches\Patches\AnimalBiomeDuplicates_Generated.xml]
[Source: RimUtinni Patches (Jawa campaign)]
[File: C:\Program Files (x86)\Steam\steamapps\common\RimWorld\Mods\UtinniPatches\Patches\AshStorms_Pyrelands.xml]
[Source: RimUtinni Patches (Jawa campaign)]
[File: C:\Program Files (x86)\Steam\steamapps\common\RimWorld\Mods\UtinniPatches\Patches\BiomeCastEvictions_WildBiomes.xml]
[Source: RimUtinni Patches (Jawa campaign)]
[File: C:\Program Files (x86)\Steam\steamapps\common\RimWorld\Mods\UtinniPatches\Patches\BiomeCast_Ashkarr.xml]
[Source: RimUtinni Patches (Jawa campaign)]
[File: C:\Program Files (x86)\Steam\steamapps\common\RimWorld\Mods\UtinniPatches\Patches\BiomeFlora_Ashkarr.xml]
[Source: RimUtinni Patches (Jawa campaign)]
[File: C:\Program Files (x86)\Steam\steamapps\common\RimWorld\Mods\UtinniPatches\Patches\BiomeNames_Ashkarr.xml]
[Source: RimUtinni Patches (Jawa campaign)]
[File: C:\Program Files (x86)\Steam\steamapps\common\RimWorld\Mods\UtinniPatches\Patches\FishTypesStrip_NoFishBiomes.xml]
[Source: RimUtinni Patches (Jawa campaign)]
[File: C:\Program Files (x86)\Steam\steamapps\common\RimWorld\Mods\UtinniPatches\Patches\JawaWorld_BiomeMix.xml]
[Source: RimUtinni Patches (Jawa campaign)]
[File: C:\Program Files (x86)\Steam\steamapps\common\RimWorld\Mods\UtinniPatches\Patches\ManyWaters_RiverSteam_Ashkarr.xml]
[Source: RimMandrake: Utinni — Fire Ecology (Pyrelands)]
[File: C:\Program Files (x86)\Steam\steamapps\common\RimWorld\Mods\PyrelandsFireEcology\Patches\PyrelandsGround_ScorchableTerrain.xml]
[Source: RimMandrake: Utinni — Fire Ecology (Pyrelands)]
[File: C:\Program Files (x86)\Steam\steamapps\common\RimWorld\Mods\PyrelandsFireEcology\Patches\PyrelandsWeather_BlackRain.xml]
[Source: RimMandrake: Utinni — Fire Ecology (Pyrelands)]
[File: C:\Program Files (x86)\Steam\steamapps\common\RimWorld\Mods\PyrelandsFireEcology\Patches\PyrelandsWeather_RuledTable.xml]
[Source: RimMandrake: Utinni — Fire Ecology (Pyrelands)]
[File: C:\Program Files (x86)\Steam\steamapps\common\RimWorld\Mods\PyrelandsFireEcology\Patches\PyrelandsWeather_Stage0.xml]
Config error in RSW_FaaJuv: lifeStages minAges are not in ascending order

Possible Matches:
[Source: RimMandrake: SW — Bestiary]
[File: C:\Program Files (x86)\Steam\steamapps\common\RimWorld\Mods\SWBestiary\Defs\SeaBeasts\ThingDefs_Races\SeaBeasts_NurseryJuveniles.xml]
Config error in RSW_YobshrimpJuv: lifeStages minAges are not in ascending order

Possible Matches:
[Source: RimMandrake: SW — Bestiary]
[File: C:\Program Files (x86)\Steam\steamapps\common\RimWorld\Mods\SWBestiary\Defs\SeaBeasts\ThingDefs_Races\SeaBeasts_NurseryJuveniles.xml]
Config error in RSW_FaaJuv: lifeStages minAges are not in ascending order

Possible Matches:
[Source: RimMandrake: SW — Bestiary]
[File: C:\Program Files (x86)\Steam\steamapps\common\RimWorld\Mods\SWBestiary\Defs\SeaBeasts\ThingDefs_Races\SeaBeasts_NurseryJuveniles.xml]
Config error in RSW_YobshrimpJuv: lifeStages minAges are not in ascending order

Possible Matches:
[Source: RimMandrake: SW — Bestiary]
[File: C:\Program Files (x86)\Steam\steamapps\common\RimWorld\Mods\SWBestiary\Defs\SeaBeasts\ThingDefs_Races\SeaBeasts_NurseryJuveniles.xml]
Config error in RSW_FaaJuv: lifeStages minAges are not in ascending order

Possible Matches:
[Source: RimMandrake: SW — Bestiary]
[File: C:\Program Files (x86)\Steam\steamapps\common\RimWorld\Mods\SWBestiary\Defs\SeaBeasts\ThingDefs_Races\SeaBeasts_NurseryJuveniles.xml]
Config error in RSW_YobshrimpJuv: lifeStages minAges are not in ascending order

Possible Matches:
[Source: RimMandrake: SW — Bestiary]
[File: C:\Program Files (x86)\Steam\steamapps\common\RimWorld\Mods\SWBestiary\Defs\SeaBeasts\ThingDefs_Races\SeaBeasts_NurseryJuveniles.xml]
Config error in RSW_LaaJuv: lifeStages minAges are not in ascending order

Possible Matches:
[Source: RimMandrake: SW — Bestiary]
[File: C:\Program Files (x86)\Steam\steamapps\common\RimWorld\Mods\SWBestiary\Defs\SeaBeasts\ThingDefs_Races\SeaBeasts_NurseryJuveniles.xml]
Config error in RSW_SiltLampreyJuv: lifeStages minAges are not in ascending order

Possible Matches:
[Source: RimMandrake: SW — Bestiary]
[File: C:\Program Files (x86)\Steam\steamapps\common\RimWorld\Mods\SWBestiary\Defs\SeaBeasts\ThingDefs_Races\SeaBeasts_NurseryJuveniles.xml]
Config error in RSW_LaaJuv: lifeStages minAges are not in ascending order

Possible Matches:
[Source: RimMandrake: SW — Bestiary]
[File: C:\Program Files (x86)\Steam\steamapps\common\RimWorld\Mods\SWBestiary\Defs\SeaBeasts\ThingDefs_Races\SeaBeasts_NurseryJuveniles.xml]
Config error in RSW_SiltLampreyJuv: lifeStages minAges are not in ascending order

Possible Matches:
[Source: RimMandrake: SW — Bestiary]
[File: C:\Program Files (x86)\Steam\steamapps\common\RimWorld\Mods\SWBestiary\Defs\SeaBeasts\ThingDefs_Races\SeaBeasts_NurseryJuveniles.xml]
Config error in RSW_LaaJuv: lifeStages minAges are not in ascending order

Possible Matches:
[Source: RimMandrake: SW — Bestiary]
[File: C:\Program Files (x86)\Steam\steamapps\common\RimWorld\Mods\SWBestiary\Defs\SeaBeasts\ThingDefs_Races\SeaBeasts_NurseryJuveniles.xml]
Config error in RSW_SiltLampreyJuv: lifeStages minAges are not in ascending order

Possible Matches:
[Source: RimMandrake: SW — Bestiary]
[File: C:\Program Files (x86)\Steam\steamapps\common\RimWorld\Mods\SWBestiary\Defs\SeaBeasts\ThingDefs_Races\SeaBeasts_NurseryJuveniles.xml]
Config error in RSW_YobshrimpJuv: lifeStages minAges are not in ascending order

Possible Matches:
[Source: RimMandrake: SW — Bestiary]
[File: C:\Program Files (x86)\Steam\steamapps\common\RimWorld\Mods\SWBestiary\Defs\SeaBeasts\ThingDefs_Races\SeaBeasts_NurseryJuveniles.xml]
Config error in RSW_RustNipperJuv: lifeStages minAges are not in ascending order

Possible Matches:
[Source: RimMandrake: SW — Bestiary]
[File: C:\Program Files (x86)\Steam\steamapps\common\RimWorld\Mods\SWBestiary\Defs\SeaBeasts\ThingDefs_Races\SeaBeasts_NurseryJuveniles.xml]
Config error in RSW_YobshrimpJuv: lifeStages minAges are not in ascending order

Possible Matches:
[Source: RimMandrake: SW — Bestiary]
[File: C:\Program Files (x86)\Steam\steamapps\common\RimWorld\Mods\SWBestiary\Defs\SeaBeasts\ThingDefs_Races\SeaBeasts_NurseryJuveniles.xml]
Config error in RSW_RustNipperJuv: lifeStages minAges are not in ascending order

Possible Matches:
[Source: RimMandrake: SW — Bestiary]
[File: C:\Program Files (x86)\Steam\steamapps\common\RimWorld\Mods\SWBestiary\Defs\SeaBeasts\ThingDefs_Races\SeaBeasts_NurseryJuveniles.xml]
Config error in RSW_YobshrimpJuv: lifeStages minAges are not in ascending order

Possible Matches:
[Source: RimMandrake: SW — Bestiary]
[File: C:\Program Files (x86)\Steam\steamapps\common\RimWorld\Mods\SWBestiary\Defs\SeaBeasts\ThingDefs_Races\SeaBeasts_NurseryJuveniles.xml]
Config error in RSW_RustNipperJuv: lifeStages minAges are not in ascending order

Possible Matches:
[Source: RimMandrake: SW — Bestiary]
[File: C:\Program Files (x86)\Steam\steamapps\common\RimWorld\Mods\SWBestiary\Defs\SeaBeasts\ThingDefs_Races\SeaBeasts_NurseryJuveniles.xml]
Config error in RSW_SiltLampreyJuv: lifeStages minAges are not in ascending order

Possible Matches:
[Source: RimMandrake: SW — Bestiary]
[File: C:\Program Files (x86)\Steam\steamapps\common\RimWorld\Mods\SWBestiary\Defs\SeaBeasts\ThingDefs_Races\SeaBeasts_NurseryJuveniles.xml]
Config error in RSW_OpeeSeaKillerJuv: lifeStages minAges are not in ascending order

Possible Matches:
[Source: RimMandrake: SW — Bestiary]
[File: C:\Program Files (x86)\Steam\steamapps\common\RimWorld\Mods\SWBestiary\Defs\SeaBeasts\ThingDefs_Races\SeaBeasts_NurseryJuveniles.xml]
Config error in RSW_SiltLampreyJuv: lifeStages minAges are not in ascending order

Possible Matches:
[Source: RimMandrake: SW — Bestiary]
[File: C:\Program Files (x86)\Steam\steamapps\common\RimWorld\Mods\SWBestiary\Defs\SeaBeasts\ThingDefs_Races\SeaBeasts_NurseryJuveniles.xml]
Config error in RSW_OpeeSeaKillerJuv: lifeStages minAges are not in ascending order

Possible Matches:
[Source: RimMandrake: SW — Bestiary]
[File: C:\Program Files (x86)\Steam\steamapps\common\RimWorld\Mods\SWBestiary\Defs\SeaBeasts\ThingDefs_Races\SeaBeasts_NurseryJuveniles.xml]
Config error in RSW_SiltLampreyJuv: lifeStages minAges are not in ascending order

Possible Matches:
[Source: RimMandrake: SW — Bestiary]
[File: C:\Program Files (x86)\Steam\steamapps\common\RimWorld\Mods\SWBestiary\Defs\SeaBeasts\ThingDefs_Races\SeaBeasts_NurseryJuveniles.xml]
Config error in RSW_OpeeSeaKillerJuv: lifeStages minAges are not in ascending order

Possible Matches:
[Source: RimMandrake: SW — Bestiary]
[File: C:\Program Files (x86)\Steam\steamapps\common\RimWorld\Mods\SWBestiary\Defs\SeaBeasts\ThingDefs_Races\SeaBeasts_NurseryJuveniles.xml]
Config error in RSW_RustNipperJuv: lifeStages minAges are not in ascending order

Possible Matches:
[Source: RimMandrake: SW — Bestiary]
[File: C:\Program Files (x86)\Steam\steamapps\common\RimWorld\Mods\SWBestiary\Defs\SeaBeasts\ThingDefs_Races\SeaBeasts_NurseryJuveniles.xml]
Config error in RUT_TwinkleSpikeTestPlant: has nutrition but ingestible properties are null

Possible Matches:
[Source: RimUtinni Patches (Jawa campaign)]
[File: C:\Program Files (x86)\Steam\steamapps\common\RimWorld\Mods\UtinniPatches\Defs\ThingDefs_Plants\RUT_TwinkleSpikeTestPlant.xml]
Config error in RSW_RustNipperJuv: lifeStages minAges are not in ascending order

Possible Matches:
[Source: RimMandrake: SW — Bestiary]
[File: C:\Program Files (x86)\Steam\steamapps\common\RimWorld\Mods\SWBestiary\Defs\SeaBeasts\ThingDefs_Races\SeaBeasts_NurseryJuveniles.xml]
Config error in RM_FE_Ash_Trace: burnedDef is flammable

Possible Matches:
[Source: Pyrelands]
[File: C:\Program Files (x86)\Steam\steamapps\common\RimWorld\Mods\Pyrelands\Defs\TerrainDefs\AshLadder.xml]
Config error in RSW_RustNipperJuv: lifeStages minAges are not in ascending order

Possible Matches:
[Source: RimMandrake: SW — Bestiary]
[File: C:\Program Files (x86)\Steam\steamapps\common\RimWorld\Mods\SWBestiary\Defs\SeaBeasts\ThingDefs_Races\SeaBeasts_NurseryJuveniles.xml]
Config error in AdvancedShowers: same research view coords and tab as VCE_StewCooking: 2, 0(RUT_Tree_Hearth)

Possible Matches:
[Source: Dubs Bad Hygiene Lite]
[File: C:\Program Files (x86)\Steam\steamapps\workshop\content\294100\2570319432\1.6\Defs\ResearchProjectDefs\ResearchProjects_Hygiene.xml]
Config error in RM_FE_Ash_Light: burnedDef is flammable

Possible Matches:
[Source: Pyrelands]
[File: C:\Program Files (x86)\Steam\steamapps\common\RimWorld\Mods\Pyrelands\Defs\TerrainDefs\AshLadder.xml]
Config error in RSW_OpeeSeaKillerJuv: lifeStages minAges are not in ascending order

Possible Matches:
[Source: RimMandrake: SW — Bestiary]
[File: C:\Program Files (x86)\Steam\steamapps\common\RimWorld\Mods\SWBestiary\Defs\SeaBeasts\ThingDefs_Races\SeaBeasts_NurseryJuveniles.xml]
Config error in VCE_StewCooking: same research view coords and tab as AdvancedShowers: 2, 0(RUT_Tree_Hearth)

Possible Matches:
[Source: Vanilla Cooking Expanded - Stews]
[File: C:\Program Files (x86)\Steam\steamapps\workshop\content\294100\2134312965\1.6\Defs\ResearchProjectDefs\Research.xml]
Config error in RM_FE_Ground_Sand: burnedDef is flammable

Possible Matches:
[Source: Pyrelands]
[File: C:\Program Files (x86)\Steam\steamapps\common\RimWorld\Mods\Pyrelands\Defs\TerrainDefs\ScorchableGround.xml]
Config error in RSW_OpeeSeaKillerJuv: lifeStages minAges are not in ascending order

Possible Matches:
[Source: RimMandrake: SW — Bestiary]
[File: C:\Program Files (x86)\Steam\steamapps\common\RimWorld\Mods\SWBestiary\Defs\SeaBeasts\ThingDefs_Races\SeaBeasts_NurseryJuveniles.xml]
Config error in RM_FE_Ground_Gravel: burnedDef is flammable

Possible Matches:
[Source: Pyrelands]
[File: C:\Program Files (x86)\Steam\steamapps\common\RimWorld\Mods\Pyrelands\Defs\TerrainDefs\ScorchableGround.xml]
Config error in RSW_OpeeSeaKillerJuv: lifeStages minAges are not in ascending order

Possible Matches:
[Source: RimMandrake: SW — Bestiary]
[File: C:\Program Files (x86)\Steam\steamapps\common\RimWorld\Mods\SWBestiary\Defs\SeaBeasts\ThingDefs_Races\SeaBeasts_NurseryJuveniles.xml]
Config error in RM_FE_Ground_Soil: burnedDef is flammable

Possible Matches:
[Source: Pyrelands]
[File: C:\Program Files (x86)\Steam\steamapps\common\RimWorld\Mods\Pyrelands\Defs\TerrainDefs\ScorchableGround.xml]
Config error in RUT_TwinkleSpikeTestPlant: has nutrition but ingestible properties are null

Possible Matches:
[Source: RimUtinni Patches (Jawa campaign)]
[File: C:\Program Files (x86)\Steam\steamapps\common\RimWorld\Mods\UtinniPatches\Defs\ThingDefs_Plants\RUT_TwinkleSpikeTestPlant.xml]
Config error in RM_FE_Ground_SoilRich: burnedDef is flammable

Possible Matches:
[Source: Pyrelands]
[File: C:\Program Files (x86)\Steam\steamapps\common\RimWorld\Mods\Pyrelands\Defs\TerrainDefs\ScorchableGround.xml]
Config error in Techprint_RR_lighting: description has trailing whitespace
Key binding conflict: MainTab_kNumbersOverviewTab and OpenMapSearch are both bound to Z.
Key binding conflict: CAEngageMelee and KeyBinding_DestroyItem are both bound to X.
Key binding conflict: OpenMapSearch and MainTab_kNumbersOverviewTab are both bound to Z.
Key binding conflict: MainTab_CQFA_LevelSchedule and MainTab_AM_LevelSchedule are both bound to F9.
Key binding conflict: MainTab_History and MainTab_AM_LevelSchedule are both bound to F9.
Key binding conflict: MainTab_AM_LevelSchedule and MainTab_CQFA_LevelSchedule are both bound to F9.
Key binding conflict: MainTab_History and MainTab_CQFA_LevelSchedule are both bound to F9.
Key binding conflict: MainTab_AM_LevelSchedule and MainTab_History are both bound to F9.
Key binding conflict: MainTab_CQFA_LevelSchedule and MainTab_History are both bound to F9.
[ChezhouLib] Registered CL-managed AB: chezhou.chezhoulib.lib => 1.6\assetbundles\clui.ab
[ChezhouLib] Registered CL-managed AB: chezhou.chezhoulib.lib => 1.6\assetbundles\chezhouasset.ab
[ChezhouLib] Registered CL-managed AB: chezhou.chezhoulib.lib => 1.6\assetbundles\chezhouasset_mac.ab
[ChezhouLib] Registered CL-managed AB: chezhou.chezhoulib.lib => 1.6\assetbundles\chezhouasset_linux.ab
[ChezhouLib] CL-managed AB count for chezhou.chezhoulib.lib: 4
[ChezhouLib] 跳过 Unity 根清单 AssetBundle: chezhou.chezhoulib.lib => 1.6\assetbundles\assetbundles
[ChezhouLib] Registered CL-managed AB: chezhou.creature.sandworm => 1.6\assetbundles\sandworm.ab
[ChezhouLib] Registered CL-managed AB: chezhou.creature.sandworm => 1.6\assetbundles\sandworm_mac.ab
[ChezhouLib] Registered CL-managed AB: chezhou.creature.sandworm => 1.6\assetbundles\sandworm_linux.ab
[ChezhouLib] CL-managed AB count for chezhou.creature.sandworm: 3
[ChezhouLib] 跳过 Unity 根清单 AssetBundle: chezhou.creature.sandworm => 1.6\assetbundles\assetbundles
[Real Fog of War] Dubs Mint Minimap is active. Patched
Could not execute post-long-event action. Exception: System.Collections.Generic.KeyNotFoundException: The given key '-1§Vanilla' was not present in the dictionary.
[Ref 1A206835]
 [0x00010] in <51fded79cd284d4d911c5949aff4cb21>:0 
 [0x00000] in <51fded79cd284d4d911c5949aff4cb21>:0 
  at System.Collections.Generic.Dictionary`2[TKey,TValue].get_Item (TKey key) [0x0001e] in <51fded79cd284d4d911c5949aff4cb21>:0 
  at VBE.ModCompat.LoadRimThemesImages () [0x002ae] in <93e469b1367b46ccbec8b054e26aae25>:0 
  at VBE.VBEMod.Initialize () [0x00076] in <93e469b1367b46ccbec8b054e26aae25>:0 
  at Verse.LongEventHandler.ExecuteToExecuteWhenFinished () [0x0007c] in <61e4173561894da49d210260257b5097>:0 
[Biomes! Core v2.6.2.0] Initialized
<color=#FFA500FF>[Map Mode Framework]</color> Assembly for Geological Landforms loaded. Will load compatibility patches.
<color=#FFA500FF>[Map Mode Framework]</color> Assembly for ReGrowth 2 loaded. Will load compatibility patches.
<color=#FFA500FF>[Map Mode Framework]</color> Loading assemblies of patched mods done. Total assemblies loaded: 2
<color=#FFA500FF>[Map Mode Framework]</color> BiomesKitWorldLayer [ReGrowthCore] not found. Render patch not applied.
Quarry:: Total 21 quarryable terrain found, processed: Sandstone, Granite, Limestone, Slate, Marble, Solid ice, Smoothed solid ice, Vacstone, Rose quartz, Cragstone, Onyxglass, Mudstone, Hardened slime, Ancient metal, Smoothed ancient metal, Compressed vacstone, Condensed sand, Ice, Crystal, Basalt, Obsidian
1 QuarryableStoneDef's found
[Biomes! Caverns v1.6.3.0] Initialized
startIndex: 63
endIndex: 75
Start: newobj System.Void System.Text.StringBuilder::.ctor()
End:callvirt virtual System.String System.Object::ToString() [Label14]
Start: call static System.String System.String::Concat(System.String str0, System.String str1) [Label15]
End:ldloc.0 NULL
[Rim Control][TEMP CE detection] expected packageId='CETeam.CombatExtended', detected packageId='<none>', active=False.
Collection cannot init: No textures found at path RotSporeKit/Things/Item/SpiderHead/SpiderHead
Collection cannot init: No textures found at path swresource/AbsorbedEggs/RSW_InsectEgg
Collection cannot init: No textures found at path swresource/Trophies/BanthaHorn
Collection cannot init: No textures found at path Things/Pawn/Animal/SeaBeasts/Mee/Mee_south
Collection cannot init: No textures found at path Things/Pawn/Animal/SeaBeasts/Faa/Faa_south
Collection cannot init: No textures found at path Things/Pawn/Animal/SeaBeasts/Laa/Laa_south
Collection cannot init: No textures found at path Things/Item/Resource/Leather/Leather_Plain
Collection cannot init: No textures found at path Things/Item/Resource/Leather/Leather_Plain
Could not load Texture2D at 'Things/Plant/Bush' for def 'RUT_TwinkleSpikeTestPlant' in any active mod or in base resources.
MatFrom with null sourceTex.
Failed to find any textures at Things/Pawn/Animal/RUT_CathedralRoach/RUT_CathedralRoach while constructing Multi(initPath=Things/Pawn/Animal/RUT_CathedralRoach/RUT_CathedralRoach, color=RGBA(1.000, 1.000, 1.000, 1.000), colorTwo=RGBA(1.000, 1.000, 1.000, 1.000))
Failed to find any textures at Things/Pawn/Animal/RUT_ScarRoach/RUT_ScarRoach while constructing Multi(initPath=Things/Pawn/Animal/RUT_ScarRoach/RUT_ScarRoach, color=RGBA(1.000, 1.000, 1.000, 1.000), colorTwo=RGBA(1.000, 1.000, 1.000, 1.000))
RSW_Pawn_SandP_Call SubSound RSW_Pawn_SandP_Call_0 has no resolvedGrains.
RSW_Pawn_SandP_Death SubSound RSW_Pawn_SandP_Death_0 has no resolvedGrains.
RSW_Pawn_SandP_Wounded SubSound RSW_Pawn_SandP_Wounded_0 has no resolvedGrains.
Translation data for language English has 232 errors. Generate translation report for more info.
[LoadTracer] CallAll begin
[LoadTracer] CallAll: 1563 static ctors to run
[LoadTracer] ctor 1/1563: RuntimeAudioClipLoader.Manager [Assembly-CSharp]
[LoadTracer] ctor 2/1563: LudeonTK.DevGUI [Assembly-CSharp]
[LoadTracer] ctor 3/1563: LudeonTK.Dialog_DevCelestial [Assembly-CSharp]
[LoadTracer] ctor 4/1563: LudeonTK.Dialog_DevInfectionPathways [Assembly-CSharp]
[LoadTracer] ctor 5/1563: LudeonTK.Dialog_DevMusic [Assembly-CSharp]
[LoadTracer] ctor 6/1563: LudeonTK.Dialog_DevNoiseBase [Assembly-CSharp]
[LoadTracer] ctor 7/1563: LudeonTK.Dialog_DevPalette [Assembly-CSharp]
[LoadTracer] ctor 8/1563: LudeonTK.EditWindow_Log [Assembly-CSharp]
[LoadTracer] ctor 9/1563: Verse.BaseContent [Assembly-CSharp]
[LoadTracer] ctor 10/1563: Verse.ShaderDatabase [Assembly-CSharp]
[LoadTracer] ctor 11/1563: Verse.WorldComponent_GravshipController [Assembly-CSharp]
[LoadTracer] ctor 12/1563: Verse.TexGame [Assembly-CSharp]
[LoadTracer] ctor 13/1563: Verse.Dialog_CameraConfig [Assembly-CSharp]
[LoadTracer] ctor 14/1563: Verse.LifeStageAge [Assembly-CSharp]
[LoadTracer] ctor 15/1563: Verse.LogEntry [Assembly-CSharp]
[LoadTracer] ctor 16/1563: Verse.DebugMatsSpectrum [Assembly-CSharp]
[LoadTracer] ctor 17/1563: Verse.DebugMatsRandom [Assembly-CSharp]
[LoadTracer] ctor 18/1563: Verse.LavaFXComponent [Assembly-CSharp]
[LoadTracer] ctor 19/1563: Verse.VacuumComponent [Assembly-CSharp]
[LoadTracer] ctor 20/1563: Verse.FishShadowComponent [Assembly-CSharp]
[LoadTracer] ctor 21/1563: Verse.MapDrawLayer_ExteriorLightingOverlay [Assembly-CSharp]
[LoadTracer] ctor 22/1563: Verse.BuildingsDamageSectionLayerUtility [Assembly-CSharp]
[LoadTracer] ctor 23/1563: Verse.SectionLayer_DebugNoise [Assembly-CSharp]
[LoadTracer] ctor 24/1563: Verse.SectionLayer_Gas [Assembly-CSharp]
[LoadTracer] ctor 25/1563: Verse.SectionLayer_LightingOverlay [Assembly-CSharp]
[LoadTracer] ctor 26/1563: Verse.SectionLayer_PollutionCloud [Assembly-CSharp]
[LoadTracer] ctor 27/1563: Verse.SectionLayer_Sand [Assembly-CSharp]
[LoadTracer] ctor 28/1563: Verse.SectionLayer_Snow [Assembly-CSharp]
[LoadTracer] ctor 29/1563: Verse.MapEdgeClipDrawer [Assembly-CSharp]
[LoadTracer] ctor 30/1563: Verse.WeatherOverlayDualPanner [Assembly-CSharp]
[LoadTracer] ctor 31/1563: Verse.ModRequirement [Assembly-CSharp]
[LoadTracer] ctor 32/1563: Verse.GenMapUI [Assembly-CSharp]
[LoadTracer] ctor 33/1563: Verse.PawnHeadOverlays [Assembly-CSharp]
[LoadTracer] ctor 34/1563: Verse.BaseAnimationWorker [Assembly-CSharp]
[LoadTracer] ctor 35/1563: Verse.PawnRenderNodeProperties [Assembly-CSharp]
[LoadTracer] ctor 36/1563: Verse.HediffComp_Chargeable [Assembly-CSharp]
[LoadTracer] ctor 37/1563: Verse.HediffComp_Lactating [Assembly-CSharp]
[LoadTracer] ctor 38/1563: Verse.HediffComp_TendDuration [Assembly-CSharp]
[LoadTracer] ctor 39/1563: Verse.HediffComp_Immunizable [Assembly-CSharp]
[LoadTracer] ctor 40/1563: Verse.PawnDestinationReservationManager [Assembly-CSharp]
[LoadTracer] ctor 41/1563: Verse.Pawn_InventoryTracker [Assembly-CSharp]
[LoadTracer] ctor 42/1563: Verse.MeshPool [Assembly-CSharp]
[LoadTracer] ctor 43/1563: Verse.GraphicMote_RandomWithAgeSecs [Assembly-CSharp]
[LoadTracer] ctor 44/1563: Verse.Graphic_Fleck [Assembly-CSharp]
[LoadTracer] ctor 45/1563: Verse.Graphic_Mote [Assembly-CSharp]
[LoadTracer] ctor 46/1563: Verse.Graphic_MoteRandom [Assembly-CSharp]
[LoadTracer] ctor 47/1563: Verse.Projectile [Assembly-CSharp]
[LoadTracer] ctor 48/1563: Verse.DesignationDragger [Assembly-CSharp]
[LoadTracer] ctor 49/1563: Verse.DesignatorUtility [Assembly-CSharp]
[LoadTracer] ctor 50/1563: Verse.FloatMenuOption [Assembly-CSharp]
[LoadTracer] ctor 51/1563: Verse.Command [Assembly-CSharp]
[LoadTracer] ctor 52/1563: Verse.Command_ActionWithCooldown [Assembly-CSharp]
[LoadTracer] ctor 53/1563: Verse.Command_ColorIcon [Assembly-CSharp]
[LoadTracer] ctor 54/1563: Verse.Command_SetBedOwnerType [Assembly-CSharp]
[LoadTracer] ctor 55/1563: Verse.Command_SetPlantToGrow [Assembly-CSharp]
[LoadTracer] ctor 56/1563: Verse.Gizmo_Slider [Assembly-CSharp]
[LoadTracer] ctor 57/1563: Verse.Listing_Standard [Assembly-CSharp]
[LoadTracer] ctor 58/1563: Verse.Messages [Assembly-CSharp]
[LoadTracer] ctor 59/1563: Verse.ActiveTip [Assembly-CSharp]
[LoadTracer] ctor 60/1563: Verse.UIHighlighter [Assembly-CSharp]
[LoadTracer] ctor 61/1563: Verse.GenUI [Assembly-CSharp]
[LoadTracer] ctor 62/1563: Verse.TabRecord [Assembly-CSharp]
[LoadTracer] ctor 63/1563: Verse.TexButton [Assembly-CSharp]
[LoadTracer] ctor 64/1563: Verse.TexUI [Assembly-CSharp]
[LoadTracer] ctor 65/1563: Verse.Widgets [Assembly-CSharp]
[LoadTracer] ctor 66/1563: Verse.ContentSourceUtility [Assembly-CSharp]
[LoadTracer] ctor 67/1563: Verse.SimpleCurveDrawer [Assembly-CSharp]
[LoadTracer] ctor 68/1563: Verse.GenDraw [Assembly-CSharp]
[LoadTracer] ctor 69/1563: Verse.GenderUtility [Assembly-CSharp]
[LoadTracer] ctor 70/1563: Verse.MatBases [Assembly-CSharp]
[LoadTracer] ctor 71/1563: Verse.ShaderPropertyIDs [Assembly-CSharp]
[LoadTracer] ctor 72/1563: Verse.CustomCursor [Assembly-CSharp]
[LoadTracer] ctor 73/1563: Verse.ScreenFader [Assembly-CSharp]
[LoadTracer] ctor 74/1563: Verse.AI.ReservationManager [Assembly-CSharp]
[LoadTracer] ctor 75/1563: Verse.AI.Group.Lord [Assembly-CSharp]
[LoadTracer] ctor 76/1563: RimWorld.JobDriver_AcceptRole [Assembly-CSharp]
[LoadTracer] ctor 77/1563: RimWorld.JobDriver_GiveSpeech [Assembly-CSharp]
[LoadTracer] ctor 78/1563: RimWorld.ShipJob_Wait [Assembly-CSharp]
[LoadTracer] ctor 79/1563: RimWorld.BookOutcomeDoer_GiveQuest [Assembly-CSharp]
[LoadTracer] ctor 80/1563: RimWorld.CompNeuralSupercharger [Assembly-CSharp]
[LoadTracer] ctor 81/1563: RimWorld.Command_SetNeuralSuperchargerAutoUse [Assembly-CSharp]
[LoadTracer] ctor 82/1563: RimWorld.PawnColumnWorker [Assembly-CSharp]
[LoadTracer] ctor 83/1563: RimWorld.GuardianShipGizmo [Assembly-CSharp]
[LoadTracer] ctor 84/1563: RimWorld.QuestPart_FactionGoodwillChange [Assembly-CSharp]
[LoadTracer] ctor 85/1563: RimWorld.GameCondition_BioluminescentSpores+GlowSporeOverlay [Assembly-CSharp]
[LoadTracer] ctor 86/1563: RimWorld.GameCondition_VolcanicAsh+VolcanicAshOverlay [Assembly-CSharp]
[LoadTracer] ctor 87/1563: RimWorld.SectionLayer_BridgeProps [Assembly-CSharp]
[LoadTracer] ctor 88/1563: RimWorld.MapGizmoUtility [Assembly-CSharp]
[LoadTracer] ctor 89/1563: RimWorld.CompPowerPlantSolar [Assembly-CSharp]
[LoadTracer] ctor 90/1563: RimWorld.CompPowerPlantWater [Assembly-CSharp]
[LoadTracer] ctor 91/1563: RimWorld.CompPowerPlantWind [Assembly-CSharp]
[LoadTracer] ctor 92/1563: RimWorld.PowerOverlayMats [Assembly-CSharp]
[LoadTracer] ctor 93/1563: RimWorld.PowerNetGraphics [Assembly-CSharp]
[LoadTracer] ctor 94/1563: RimWorld.WeatherEvent_LightningStrike [Assembly-CSharp]
[LoadTracer] ctor 95/1563: RimWorld.WeatherEvent_LightningStrikeDelayed [Assembly-CSharp]
[LoadTracer] ctor 96/1563: RimWorld.WeatherOverlay_BloodRain [Assembly-CSharp]
[LoadTracer] ctor 97/1563: RimWorld.WeatherOverlay_BloodFog [Assembly-CSharp]
[LoadTracer] ctor 98/1563: RimWorld.WeatherOverlay_DeepBloodFog [Assembly-CSharp]
[LoadTracer] ctor 99/1563: RimWorld.WeatherOverlay_DeathpallFog [Assembly-CSharp]
[LoadTracer] ctor 100/1563: RimWorld.WeatherOverlay_DeathpallAshes [Assembly-CSharp]
[LoadTracer] ctor 101/1563: RimWorld.WeatherOverlay_Fog [Assembly-CSharp]
[LoadTracer] ctor 102/1563: RimWorld.WeatherOverlay_FogBlind [Assembly-CSharp]
[LoadTracer] ctor 103/1563: RimWorld.WeatherOverlay_GrayPallFog [Assembly-CSharp]
[LoadTracer] ctor 104/1563: RimWorld.WeatherOverlay_GrayPallAsh [Assembly-CSharp]
[LoadTracer] ctor 105/1563: RimWorld.WeatherOverlay_NoxiousHaze [Assembly-CSharp]
[LoadTracer] ctor 106/1563: RimWorld.WeatherOverlay_Rain [Assembly-CSharp]
[LoadTracer] ctor 107/1563: RimWorld.WeatherOverlay_SandHard [Assembly-CSharp]
[LoadTracer] ctor 108/1563: RimWorld.WeatherOverlay_SnowBlizzard [Assembly-CSharp]
[LoadTracer] ctor 109/1563: RimWorld.WeatherOverlay_SnowHard [Assembly-CSharp]
[LoadTracer] ctor 110/1563: RimWorld.WeatherOverlay_SnowGentle [Assembly-CSharp]
[LoadTracer] ctor 111/1563: RimWorld.WeatherOverlay_Fallout [Assembly-CSharp]
[LoadTracer] ctor 112/1563: RimWorld.WeatherOverlay_UnnaturalDarkness [Assembly-CSharp]
[LoadTracer] ctor 113/1563: RimWorld.WeatherOverlay_HateChant [Assembly-CSharp]
[LoadTracer] ctor 114/1563: RimWorld.WeatherOverlay_TorrentialRain [Assembly-CSharp]
[LoadTracer] ctor 115/1563: RimWorld.WeatherOverlay_ToxRain [Assembly-CSharp]
[LoadTracer] ctor 116/1563: RimWorld.Command_Ability [Assembly-CSharp]
[LoadTracer] ctor 117/1563: RimWorld.Gizmo_MechResurrectionCharges [Assembly-CSharp]
[LoadTracer] ctor 118/1563: RimWorld.PawnOverlayDrawer [Assembly-CSharp]
[LoadTracer] ctor 119/1563: RimWorld.PawnNameDatabaseShuffled [Assembly-CSharp]
[LoadTracer] ctor 120/1563: RimWorld.RoyalTitlePermitWorker_CallShuttle [Assembly-CSharp]
[LoadTracer] ctor 121/1563: RimWorld.RoyalTitlePermitWorker_DropResources [Assembly-CSharp]
[LoadTracer] ctor 122/1563: RimWorld.GuestUtility [Assembly-CSharp]
[LoadTracer] ctor 123/1563: RimWorld.MechanitorBandwidthGizmo [Assembly-CSharp]
[LoadTracer] ctor 124/1563: RimWorld.Need [Assembly-CSharp]
[LoadTracer] ctor 125/1563: RimWorld.PsychicEntropyGizmo [Assembly-CSharp]
[LoadTracer] ctor 126/1563: RimWorld.Pawn_RopeTracker [Assembly-CSharp]
[LoadTracer] ctor 127/1563: RimWorld.Pawn_RoyaltyTracker [Assembly-CSharp]
[LoadTracer] ctor 128/1563: RimWorld.Pawn_TrainingTracker [Assembly-CSharp]
[LoadTracer] ctor 129/1563: RimWorld.HostilityResponseModeUtility [Assembly-CSharp]
[LoadTracer] ctor 130/1563: RimWorld.MedicalCareUtility [Assembly-CSharp]
[LoadTracer] ctor 131/1563: RimWorld.Thought [Assembly-CSharp]
[LoadTracer] ctor 132/1563: RimWorld.GravshipCapturer [Assembly-CSharp]
[LoadTracer] ctor 133/1563: RimWorld.GravshipRenderer [Assembly-CSharp]
[LoadTracer] ctor 134/1563: RimWorld.IdeoImpactUtility [Assembly-CSharp]
[LoadTracer] ctor 135/1563: RimWorld.IdeoUIUtility [Assembly-CSharp]
[LoadTracer] ctor 136/1563: RimWorld.Precept_Ritual [Assembly-CSharp]
[LoadTracer] ctor 137/1563: RimWorld.Command_Ritual [Assembly-CSharp]
[LoadTracer] ctor 138/1563: RimWorld.Frame [Assembly-CSharp]
[LoadTracer] ctor 139/1563: RimWorld.MapPortal [Assembly-CSharp]
[LoadTracer] ctor 140/1563: RimWorld.OverlayDrawer [Assembly-CSharp]
[LoadTracer] ctor 141/1563: RimWorld.Building_PowerSwitch [Assembly-CSharp]
[LoadTracer] ctor 142/1563: RimWorld.Building_TurretGun [Assembly-CSharp]
[LoadTracer] ctor 143/1563: RimWorld.Building_OutfitStand [Assembly-CSharp]
[LoadTracer] ctor 144/1563: RimWorld.Building_Storage [Assembly-CSharp]
[LoadTracer] ctor 145/1563: RimWorld.StorageGroupUtility [Assembly-CSharp]
[LoadTracer] ctor 146/1563: RimWorld.Building_Battery [Assembly-CSharp]
[LoadTracer] ctor 147/1563: RimWorld.Building_Electroharvester [Assembly-CSharp]
[LoadTracer] ctor 148/1563: RimWorld.Building_FermentingBarrel [Assembly-CSharp]
[LoadTracer] ctor 149/1563: RimWorld.Building_GeneAssembler [Assembly-CSharp]
[LoadTracer] ctor 150/1563: RimWorld.Building_GeneExtractor [Assembly-CSharp]
[LoadTracer] ctor 151/1563: RimWorld.Building_GravEngine [Assembly-CSharp]
[LoadTracer] ctor 152/1563: RimWorld.Building_GrowthVat [Assembly-CSharp]
[LoadTracer] ctor 153/1563: RimWorld.Building_HoldingPlatform [Assembly-CSharp]
[LoadTracer] ctor 154/1563: RimWorld.Building_MechCharger [Assembly-CSharp]
[LoadTracer] ctor 155/1563: RimWorld.Building_PodLauncher [Assembly-CSharp]
[LoadTracer] ctor 156/1563: RimWorld.Building_SubcoreScanner [Assembly-CSharp]
[LoadTracer] ctor 157/1563: RimWorld.Building_MechGestator [Assembly-CSharp]
[LoadTracer] ctor 158/1563: RimWorld.Building_WorkTableAutonomous [Assembly-CSharp]
[LoadTracer] ctor 159/1563: RimWorld.Bombardment [Assembly-CSharp]
[LoadTracer] ctor 160/1563: RimWorld.GroundSpawner [Assembly-CSharp]
[LoadTracer] ctor 161/1563: RimWorld.MonumentMarker [Assembly-CSharp]
[LoadTracer] ctor 162/1563: RimWorld.Tornado [Assembly-CSharp]
[LoadTracer] ctor 163/1563: RimWorld.TunnelHiveSpawner [Assembly-CSharp]
[LoadTracer] ctor 164/1563: RimWorld.HumanEmbryo [Assembly-CSharp]
[LoadTracer] ctor 165/1563: RimWorld.HumanOvum [Assembly-CSharp]
[LoadTracer] ctor 166/1563: RimWorld.Xenogerm [Assembly-CSharp]
[LoadTracer] ctor 167/1563: RimWorld.AncientHatch [Assembly-CSharp]
[LoadTracer] ctor 168/1563: RimWorld.PitGate [Assembly-CSharp]
[LoadTracer] ctor 169/1563: RimWorld.MoteBubble [Assembly-CSharp]
[LoadTracer] ctor 170/1563: RimWorld.MoteProgressBar [Assembly-CSharp]
[LoadTracer] ctor 171/1563: RimWorld.Plant [Assembly-CSharp]
[LoadTracer] ctor 172/1563: RimWorld.Gizmo_EnergyShieldStatus [Assembly-CSharp]
[LoadTracer] ctor 173/1563: RimWorld.DropPodIncoming [Assembly-CSharp]
[LoadTracer] ctor 174/1563: RimWorld.Skyfaller [Assembly-CSharp]
[LoadTracer] ctor 175/1563: RimWorld.ActivityGizmo [Assembly-CSharp]
[LoadTracer] ctor 176/1563: RimWorld.CompAffectedByFacilities [Assembly-CSharp]
[LoadTracer] ctor 177/1563: RimWorld.CompBandNode [Assembly-CSharp]
[LoadTracer] ctor 178/1563: RimWorld.CompBiosculpterPod [Assembly-CSharp]
[LoadTracer] ctor 179/1563: RimWorld.CompDarklightOverlay [Assembly-CSharp]
[LoadTracer] ctor 180/1563: RimWorld.CompFireOverlay [Assembly-CSharp]
[LoadTracer] ctor 181/1563: RimWorld.CompRitualFireOverlay [Assembly-CSharp]
[LoadTracer] ctor 182/1563: RimWorld.CompHackable [Assembly-CSharp]
[LoadTracer] ctor 183/1563: RimWorld.CompHoldingPlatformTarget [Assembly-CSharp]
[LoadTracer] ctor 184/1563: RimWorld.CompLaunchable [Assembly-CSharp]
[LoadTracer] ctor 185/1563: RimWorld.MechCarrierGizmo [Assembly-CSharp]
[LoadTracer] ctor 186/1563: RimWorld.MechPowerCellGizmo [Assembly-CSharp]
[LoadTracer] ctor 187/1563: RimWorld.CompOrbitalBeam [Assembly-CSharp]
[LoadTracer] ctor 188/1563: RimWorld.CompPlantable [Assembly-CSharp]
[LoadTracer] ctor 189/1563: RimWorld.CompPlantPreventCutting [Assembly-CSharp]
[LoadTracer] ctor 190/1563: RimWorld.CompProjectileInterceptor [Assembly-CSharp]
[LoadTracer] ctor 191/1563: RimWorld.Gizmo_ProjectileInterceptorHitPoints [Assembly-CSharp]
[LoadTracer] ctor 192/1563: RimWorld.CompRadialPulse [Assembly-CSharp]
[LoadTracer] ctor 193/1563: RimWorld.CompRefuelable [Assembly-CSharp]
[LoadTracer] ctor 194/1563: RimWorld.Command_SetTargetFuelLevel [Assembly-CSharp]
[LoadTracer] ctor 195/1563: RimWorld.CompSanguophageMeetingFire [Assembly-CSharp]
[LoadTracer] ctor 196/1563: RimWorld.CompSendSignalOnMotion [Assembly-CSharp]
[LoadTracer] ctor 197/1563: RimWorld.CompShield [Assembly-CSharp]
[LoadTracer] ctor 198/1563: RimWorld.CompShuttle [Assembly-CSharp]
[LoadTracer] ctor 199/1563: RimWorld.CompTargetingBeam [Assembly-CSharp]
[LoadTracer] ctor 200/1563: RimWorld.CompToggleDrawAffectedMeditationFoci [Assembly-CSharp]
[LoadTracer] ctor 201/1563: RimWorld.CompTransporter [Assembly-CSharp]
[LoadTracer] ctor 202/1563: RimWorld.Command_LoadToTransporter [Assembly-CSharp]
[LoadTracer] ctor 203/1563: RimWorld.CompTreeConnection [Assembly-CSharp]
[LoadTracer] ctor 204/1563: RimWorld.Gizmo_PruningConfig [Assembly-CSharp]
[LoadTracer] ctor 205/1563: RimWorld.CompPilotConsole [Assembly-CSharp]
[LoadTracer] ctor 206/1563: RimWorld.Alert [Assembly-CSharp]
[LoadTracer] ctor 207/1563: RimWorld.ColonistBar [Assembly-CSharp]
[LoadTracer] ctor 208/1563: RimWorld.ColonistBarColonistDrawer [Assembly-CSharp]
[LoadTracer] ctor 209/1563: RimWorld.PortraitsCache [Assembly-CSharp]
[LoadTracer] ctor 210/1563: RimWorld.Designator_Dropdown [Assembly-CSharp]
[LoadTracer] ctor 211/1563: RimWorld.Designator_Eyedropper [Assembly-CSharp]
[LoadTracer] ctor 212/1563: RimWorld.Designator_PaintBuilding [Assembly-CSharp]
[LoadTracer] ctor 213/1563: RimWorld.Designator_PaintFloor [Assembly-CSharp]
[LoadTracer] ctor 214/1563: RimWorld.Command_Hide [Assembly-CSharp]
[LoadTracer] ctor 215/1563: RimWorld.Command_Hide_Plans [Assembly-CSharp]
[LoadTracer] ctor 216/1563: RimWorld.Command_Hide_ZoneFishing [Assembly-CSharp]
[LoadTracer] ctor 217/1563: RimWorld.Command_Hide_ZoneGrow [Assembly-CSharp]
[LoadTracer] ctor 218/1563: RimWorld.Command_Hide_ZoneStockpile [Assembly-CSharp]
[LoadTracer] ctor 219/1563: RimWorld.Designator_PlantsCut [Assembly-CSharp]
[LoadTracer] ctor 220/1563: RimWorld.Dialog_BeginLordJob [Assembly-CSharp]
[LoadTracer] ctor 221/1563: RimWorld.Dialog_BeginRitual [Assembly-CSharp]
[LoadTracer] ctor 222/1563: RimWorld.Dialog_EditIdeoStyleItems [Assembly-CSharp]
[LoadTracer] ctor 223/1563: RimWorld.Dialog_MapSearch [Assembly-CSharp]
[LoadTracer] ctor 224/1563: RimWorld.Dialog_Options [Assembly-CSharp]
[LoadTracer] ctor 225/1563: RimWorld.Dialog_StylingStation [Assembly-CSharp]
[LoadTracer] ctor 226/1563: RimWorld.GeneCreationDialogBase [Assembly-CSharp]
[LoadTracer] ctor 227/1563: RimWorld.Dialog_ManageDrugPolicies [Assembly-CSharp]
[LoadTracer] ctor 228/1563: RimWorld.CharacterCardUtility [Assembly-CSharp]
[LoadTracer] ctor 229/1563: RimWorld.HealthCardUtility [Assembly-CSharp]
[LoadTracer] ctor 230/1563: RimWorld.PermitsCardUtility [Assembly-CSharp]
[LoadTracer] ctor 231/1563: RimWorld.SocialCardUtility [Assembly-CSharp]
[LoadTracer] ctor 232/1563: RimWorld.TrainingCardUtility [Assembly-CSharp]
[LoadTracer] ctor 233/1563: RimWorld.TransferableOneWayWidget [Assembly-CSharp]
[LoadTracer] ctor 234/1563: RimWorld.TransferableUIUtility [Assembly-CSharp]
[LoadTracer] ctor 235/1563: RimWorld.MainMenuDrawer [Assembly-CSharp]
[LoadTracer] ctor 236/1563: RimWorld.Page_ChooseIdeoPreset [Assembly-CSharp]
[LoadTracer] ctor 237/1563: RimWorld.Page_ModsConfig [Assembly-CSharp]
[LoadTracer] ctor 238/1563: RimWorld.Page_SelectScenario [Assembly-CSharp]
[LoadTracer] ctor 239/1563: RimWorld.StorytellerUI [Assembly-CSharp]
[LoadTracer] ctor 240/1563: RimWorld.UI_BackgroundMain [Assembly-CSharp]
[LoadTracer] ctor 241/1563: RimWorld.LearningReadout [Assembly-CSharp]
[LoadTracer] ctor 242/1563: RimWorld.InspectPaneFiller [Assembly-CSharp]
[LoadTracer] ctor 243/1563: RimWorld.InspectPaneUtility [Assembly-CSharp]
[LoadTracer] ctor 244/1563: RimWorld.ITab_Pawn_Visitor [Assembly-CSharp]
[LoadTracer] ctor 245/1563: RimWorld.MultiPawnGotoController [Assembly-CSharp]
[LoadTracer] ctor 246/1563: RimWorld.SelectionDrawer [Assembly-CSharp]
[LoadTracer] ctor 247/1563: RimWorld.SelectionDrawerUtility [Assembly-CSharp]
[LoadTracer] ctor 248/1563: RimWorld.MainTabWindow_History [Assembly-CSharp]
[LoadTracer] ctor 249/1563: RimWorld.MainTabWindow_Inspect [Assembly-CSharp]
[LoadTracer] ctor 250/1563: RimWorld.MainTabWindow_Quests [Assembly-CSharp]
[LoadTracer] ctor 251/1563: RimWorld.MainTabWindow_Research [Assembly-CSharp]
[LoadTracer] ctor 252/1563: RimWorld.PawnColumnWorker_Bond [Assembly-CSharp]
[LoadTracer] ctor 253/1563: RimWorld.PawnColumnWorker_Info [Assembly-CSharp]
[LoadTracer] ctor 254/1563: RimWorld.PawnColumnWorker_MentalState [Assembly-CSharp]
[LoadTracer] ctor 255/1563: RimWorld.PawnColumnWorker_Predator [Assembly-CSharp]
[LoadTracer] ctor 256/1563: RimWorld.PawnColumnWorker_Pregnant [Assembly-CSharp]
[LoadTracer] ctor 257/1563: RimWorld.PawnColumnWorker_Energy [Assembly-CSharp]
[LoadTracer] ctor 258/1563: RimWorld.Listing_ResourceReadout [Assembly-CSharp]
[LoadTracer] ctor 259/1563: RimWorld.PawnPsychicRitualRoleSelectionWidget [Assembly-CSharp]
[LoadTracer] ctor 260/1563: RimWorld.PawnRitualRoleSelectionWidget [Assembly-CSharp]
[LoadTracer] ctor 261/1563: RimWorld.PawnRoleSelectionWidgetBase`1 [Assembly-CSharp]
[LoadTracer] ctor 262/1563: RimWorld.PawnPortraitIconsDrawer [Assembly-CSharp]
[LoadTracer] ctor 263/1563: RimWorld.SkillUI [Assembly-CSharp]
[LoadTracer] ctor 264/1563: RimWorld.TexCommand [Assembly-CSharp]
[LoadTracer] ctor 265/1563: RimWorld.Dialog_Trade [Assembly-CSharp]
[LoadTracer] ctor 266/1563: RimWorld.TradeUI [Assembly-CSharp]
[LoadTracer] ctor 267/1563: RimWorld.WidgetsWork [Assembly-CSharp]
[LoadTracer] ctor 268/1563: RimWorld.TilePicker [Assembly-CSharp]
[LoadTracer] ctor 269/1563: RimWorld.WorldTargeter [Assembly-CSharp]
[LoadTracer] ctor 270/1563: RimWorld.Reward_ArchonexusMap [Assembly-CSharp]
[LoadTracer] ctor 271/1563: RimWorld.Reward_BestowingCeremony [Assembly-CSharp]
[LoadTracer] ctor 272/1563: RimWorld.Reward_CampLoot [Assembly-CSharp]
[LoadTracer] ctor 273/1563: RimWorld.Reward_PassageOffworld [Assembly-CSharp]
[LoadTracer] ctor 274/1563: RimWorld.Reward_PossibleFutureReward [Assembly-CSharp]
[LoadTracer] ctor 275/1563: RimWorld.Reward_ShuttleLoot [Assembly-CSharp]
[LoadTracer] ctor 276/1563: RimWorld.Reward_Unknown [Assembly-CSharp]
[LoadTracer] ctor 277/1563: RimWorld.Reward_VisitorsHelp [Assembly-CSharp]
[LoadTracer] ctor 278/1563: RimWorld.PlaceWorker_FuelingPort [Assembly-CSharp]
[LoadTracer] ctor 279/1563: RimWorld.PlaceWorker_SpectatorPreview [Assembly-CSharp]
[LoadTracer] ctor 280/1563: RimWorld.PlaceWorker_RitualFocus [Assembly-CSharp]
[LoadTracer] ctor 281/1563: RimWorld.PlaceWorker_RitualFocusNoArrow [Assembly-CSharp]
[LoadTracer] ctor 282/1563: RimWorld.GeneGizmo_ResourceHemogen [Assembly-CSharp]
[LoadTracer] ctor 283/1563: RimWorld.Gizmo_GrowthTier [Assembly-CSharp]
[LoadTracer] ctor 284/1563: RimWorld.GeneUtility [Assembly-CSharp]
[LoadTracer] ctor 285/1563: RimWorld.QuestGen.Reward_ReimplantXenogerm [Assembly-CSharp]
[LoadTracer] ctor 286/1563: RimWorld.Planet.FactionGiftUtility [Assembly-CSharp]
[LoadTracer] ctor 287/1563: RimWorld.Planet.WorldFeatureTextMesh_TextMeshPro [Assembly-CSharp]
[LoadTracer] ctor 288/1563: RimWorld.Planet.WorldCameraManager [Assembly-CSharp]
[LoadTracer] ctor 289/1563: RimWorld.Planet.WorldDebugMatsSpectrum [Assembly-CSharp]
[LoadTracer] ctor 290/1563: RimWorld.Planet.ExpandableWorldObjectsUtility [Assembly-CSharp]
[LoadTracer] ctor 291/1563: RimWorld.Planet.WorldMaterials [Assembly-CSharp]
[LoadTracer] ctor 292/1563: RimWorld.Planet.ExpandableLandmarksUtility [Assembly-CSharp]
[LoadTracer] ctor 293/1563: RimWorld.Planet.Caravan [Assembly-CSharp]
[LoadTracer] ctor 294/1563: RimWorld.Planet.CaravanFormingUtility [Assembly-CSharp]
[LoadTracer] ctor 295/1563: RimWorld.Planet.CaravanMergeUtility [Assembly-CSharp]
[LoadTracer] ctor 296/1563: RimWorld.Planet.CaravanVisitUtility [Assembly-CSharp]
[LoadTracer] ctor 297/1563: RimWorld.Planet.Caravan_GotoMoteRenderer [Assembly-CSharp]
[LoadTracer] ctor 298/1563: RimWorld.Planet.SettleUtility [Assembly-CSharp]
[LoadTracer] ctor 299/1563: RimWorld.Planet.WorldGizmoUtility [Assembly-CSharp]
[LoadTracer] ctor 300/1563: RimWorld.Planet.MapParent [Assembly-CSharp]
[LoadTracer] ctor 301/1563: RimWorld.Planet.Settlement [Assembly-CSharp]
[LoadTracer] ctor 302/1563: RimWorld.Planet.SettlementAbandonUtility [Assembly-CSharp]
[LoadTracer] ctor 303/1563: RimWorld.Planet.Site [Assembly-CSharp]
[LoadTracer] ctor 304/1563: RimWorld.Planet.WorldObject [Assembly-CSharp]
[LoadTracer] ctor 305/1563: RimWorld.Planet.EscapeShipComp [Assembly-CSharp]
[LoadTracer] ctor 306/1563: RimWorld.Planet.FormCaravanComp [Assembly-CSharp]
[LoadTracer] ctor 307/1563: RimWorld.Planet.TradeRequestComp [Assembly-CSharp]
[LoadTracer] ctor 308/1563: RimWorld.Planet.CompassWidget [Assembly-CSharp]
[LoadTracer] ctor 309/1563: RimWorld.Planet.CaravanThingsTabUtility [Assembly-CSharp]
[LoadTracer] ctor 310/1563: RimWorld.Planet.WITab_Caravan_Health [Assembly-CSharp]
[LoadTracer] ctor 311/1563: RimWorld.Planet.WorldRoutePlanner [Assembly-CSharp]
[LoadTracer] ctor 312/1563: HarmonyMod.Main [HarmonyMod]
[LoadTracer] ctor 313/1563: CombatAI.AssetBundleDatabase [CombatAI]
ISMA: Loaded bundle assets/fogshader.shader
[LoadTracer] ctor 314/1563: CombatAI.CombatAI_MeshMaker [CombatAI]
[LoadTracer] ctor 315/1563: CombatAI.CoverPositionFinder [CombatAI]
[LoadTracer] ctor 316/1563: CombatAI.ITSignalGrid [CombatAI]
[LoadTracer] ctor 317/1563: CombatAI.MapComponent_FogGrid [CombatAI]
Shader 'Custom/FogShader': fallback shader 'Custom/ShaderRGB' not found
[LoadTracer] ctor 318/1563: CombatAI.R.Tex [CombatAI]
[LoadTracer] ctor 319/1563: CombatAI.Gui.HyperTextDef [CombatAI]
[LoadTracer] ctor 320/1563: RimWorldRealFoW.Building_CameraConsole [rimworld-mod-real-fow]
[LoadTracer] ctor 321/1563: RimWorldRealFoW.Building_SurveillanceCamera [rimworld-mod-real-fow]
[LoadTracer] ctor 322/1563: RimWorldRealFoW.RealFoWModStarter [rimworld-mod-real-fow]
[LoadTracer] ctor 323/1563: Mlie.Main [VersionFromManifest]
[LoadTracer] ctor 324/1563: CherryPicker.CherryPickerUtility [CherryPicker]
[Cherry Picker] The database was processed in 00.65307 seconds and the following defs were removed: 
 - IncidentDef/ShamblerAssault, 
 - IncidentDef/ShamblerSwarm, 
 - IncidentDef/SmallShamblerSwarm, 
 - IncidentDef/ShamblerSwarmAnimals, 
 - RecipeDef/GhoulInfusion, 
 - IncidentDef/GhoulAttack, 
 - IncidentDef/CreepJoinerJoin_Metalhorror, 
 - ThingDef/GoldenCube, 
 - ThingDef/WarpedObelisk_Duplicator, 
 - IncidentDef/WarpedObelisk_Duplicator, 
 - ThingDef/WarpedObelisk_Abductor, 
 - IncidentDef/WarpedObelisk_Abductor, 
 - ThingDef/RevenantSpine, 
 - ThingDef/VoidNode, 
 - ThingDef/GravForge, 
 - RecipeDef/Make_GravcoreGF, 
 - ThingDef/AdvShip_GravReactor, 
 - GeneDef/AG_MeatBurst, 
 - GeneDef/Turn_Gene_FleshbeastBurster, 
 - ThingDef/AM_ADAR, 
 - ThingDef/AM_AK101A, 
 - ThingDef/AM_AK68A, 
 - ThingDef/AM_APS, 
 - ThingDef/AM_ASVAL, 
 - ThingDef/AM_AVT, 
 - ThingDef/AM_CPHG, 
 - ThingDef/AM_DTMDR, 
 - ThingDef/AM_FNHG, 
 - ThingDef/AM_Hunter, 
 - ThingDef/AM_M42U, 
 - ThingDef/AM_M4A, 
 - ThingDef/AM_M4ASOP, 
 - ThingDef/AM_M4C, 
 - ThingDef/AM_M5A3LT, 
 - ThingDef/AM_M700A, 
 - ThingDef/AM_MCX, 
 - ThingDef/AM_MCXC, 
 - ThingDef/AM_MK17A, 
 - ThingDef/AM_MK18M, 
 - ThingDef/AM_MK68A, 
 - ThingDef/AM_MPX, 
 - ThingDef/AM_MPXL, 
 - ThingDef/AM_Makarov, 
 - ThingDef/AM_PKM, 
 - ThingDef/AM_PKP, 
 - ThingDef/AM_R11A, 
 - ThingDef/AM_RM68A, 
 - ThingDef/AM_SR25A, 
 - ThingDef/AM_STM, 
 - ThingDef/AM_STMC, 
 - ThingDef/AM_Spear68A, 
 - ThingDef/AM_Spear68C, 
 - ThingDef/AM_TKB68A, 
 - ThingDef/AM_VSS, 
 - ThingDef/Gun_AssaultRifle, 
 - ThingDef/Gun_Autopistol, 
 - ThingDef/Gun_BoltActionRifle, 
 - ThingDef/Gun_ChainShotgun, 
 - ThingDef/Gun_HeavySMG, 
 - ThingDef/Gun_LMG, 
 - ThingDef/Gun_MachinePistol, 
 - ThingDef/Gun_Minigun, 
 - ThingDef/Gun_PumpShotgun, 
 - ThingDef/Gun_Revolver, 
 - ThingDef/Gun_SniperRifle, 
 - ThingDef/VWE_CombatHandgun, 
 - ThingDef/VWE_Gun_AntiMaterialRifle, 
 - ThingDef/VWE_Gun_AntiMaterialRifle_Unique, 
 - ThingDef/VWE_Gun_BattleRifle, 
 - ThingDef/VWE_Gun_BattleRifle_Unique, 
 - ThingDef/VWE_Gun_Carbine, 
 - ThingDef/VWE_Gun_Carbine_Unique, 
 - ThingDef/VWE_Gun_CombatHandgun_Unique, 
 - ThingDef/VWE_Gun_HMG, 
 - ThingDef/VWE_Gun_HMG_Unique, 
 - ThingDef/VWE_Gun_HandCannon, 
 - ThingDef/VWE_Gun_HandCannon_Unique, 
 - ThingDef/VWE_Gun_LeverActionRifle, 
 - ThingDef/VWE_Gun_LeverActionRifle_Unique, 
 - ThingDef/VWE_Gun_LightSMG, 
 - ThingDef/VWE_Gun_LightSMG_Unique, 
 - ThingDef/VWE_Gun_MarksmanRifle, 
 - ThingDef/VWE_Gun_MarksmanRifle_Unique, 
 - ThingDef/VWE_Gun_SMG, 
 - ThingDef/VWE_Gun_SMG_Unique, 
 - ThingDef/VWE_Gun_SawedOffShotgun_Unique, 
 - ThingDef/VWE_Gun_SemiAutomaticRifle, 
 - ThingDef/VWE_Gun_SemiAutomaticRifle_Unique, 
 - ThingDef/VWE_Gun_ServiceRifle, 
 - ThingDef/VWE_Gun_ServiceRifle_Unique, 
 - ThingDef/VWE_Gun_TrenchGun_Unique, 
 - ThingDef/VWE_SawedOffShotgun, 
 - ThingDef/VWE_TrenchGun, 
 - PawnKindDef/Mechanitor, 
 - PawnKindDef/Mechanitor_Basic, 
 - ThingDef/Mechlink, 
 - ThingDef/ControlSublink, 
 - ThingDef/ControlSublinkHigh, 
 - ThingDef/RemoteRepairer, 
 - ThingDef/RemoteShielder, 
 - ThingDef/BandNode, 
 - ThingDef/BurnoutMechlinkBooster, 
 - ThingDef/MechBooster, 
 - ThingDef/MechGestator, 
 - ThingDef/LargeMechGestator, 
 - ThingDef/BasicRecharger, 
 - ThingDef/StandardRecharger, 
 - HediffDef/MechlinkImplant, 
 - HediffDef/BandNode, 
 - HediffDef/ControlSublinkImplant, 
 - ThingDef/AM_InfernusMechlinkBooster, 
 - ThingDef/AM_WarEmpressMechlinkBooster, 
 - ThingDef/AM_ApoptosisMechlinkBooster, 
 - ThingDef/AM_BeamcasterBandNode, 
 - ThingDef/AM_GreaterBandNode, 
 - ThingDef/AM_GreaterMechBooster, 
 - ThingDef/AM_GreaterRecharger, 
 - HediffDef/AM_BeamncasterBandNode, 
 - HediffDef/AM_VoidlinkBandNode, 
 - ThingDef/wallcharger, 
 - ThingDef/largewallcharger, 
 - ThingDef/ultrawallcharger, 
 - ThingDef/WallMountedMechBooster, 
 - ThingDef/VGE_GravshipBasicRecharger, 
 - ThingDef/VGE_GravshipStandardRecharger, 
 - ThingDef/AG_TemporaryBandNode, 
 - ThingDef/VAE_Apparel_CasualTShirt, 
 - ThingDef/VAE_Apparel_Hoodie, 
 - ThingDef/VAE_Apparel_ShirtandTie, 
 - ThingDef/VAE_Apparel_SuitJacket, 
 - ThingDef/VAE_Headgear_Fedora, 
 - ThingDef/VAE_Apparel_Overalls, 
 - ThingDef/VAE_Apparel_Jeans, 
 - ThingDef/VAE_Apparel_ChefsUniform, 
 - ThingDef/VAE_Apparel_MilitaryJacket, 
 - ThingDef/VAE_Apparel_MilitaryUniform, 
 - ThingDef/VAE_Apparel_BuildersJacket, 
 - ThingDef/VAE_Apparel_DoctorScrubs, 
 - ThingDef/VAE_Apparel_LabCoat, 
 - ThingDef/VAE_Apparel_TankTop, 
 - ThingDef/VAE_Apparel_SheriffShirt, 
 - ThingDef/VAE_Apparel_Blouse, 
 - ThingDef/VAE_Apparel_Apron, 
 - ThingDef/VAE_Headgear_Scarf, 
 - ThingDef/VAE_Headgear_Beret, 
 - ThingDef/VAE_Headgear_Hardhat, 
 - ThingDef/VAE_Headgear_SurgicalMask, 
 - ThingDef/VAE_Headgear_BaseballCap, 
 - ThingDef/VAE_Headgear_Sunglasses, 
 - ThingDef/VAE_Headgear_ChefsToque, 
 - ThingDef/AM_AScompFD, 
 - ThingDef/AM_MK4aConcealed, 
 - ThingDef/AM_MK4aDefensive, 
 - ThingDef/AM_CompFlakSuit, 
 - ThingDef/AM_FullyEnclosedHelmet, 
 - ThingDef/AM_NightVisionHelmet, 
 - ThingDef/AM_CataphractHelmetFashion, 
 - ThingDef/AM_CataphractHelmetSlaughter, 
 - ThingDef/AM_ClosedOxygenCylinder, 
 - ThingDef/AM_BulletproofMask, 
 - ThingDef/Armadillo, 
 - ThingDef/BlackBear, 
 - ThingDef/Mandrill, 
 - ThingDef/Penguin, 
 - ThingDef/Zebra, 
 - ThingDef/DA_ForestOwlcat, 
 - ThingDef/DA_ArcticOwlcat, 
 - ThingDef/DA_SilverMole, 
 - ThingDef/AlligatorMan, 
 - ThingDef/BlackBearMan, 
 - ThingDef/MandrillMan, 
 - ThingDef/Neanderthal, 
 - ThingDef/AA_CrystallineCaracal, 
 - ThingDef/AA_DevilSheep, 
 - ThingDef/AA_FlamingoPhoenix, 
 - ThingDef/BMT_GlarralPenguin, 
 - ThingDef/BiomesIslands_Flamingo, 
 - ThingDef/Flamingo, 
 - ThingDef/Alphabeaver, 
 - ThingDef/Cassowary, 
 - ThingDef/Cobra, 
 - ThingDef/Emu, 
 - ThingDef/Gazelle, 
 - ThingDef/Ostrich, 
 - ThingDef/Tortoise, 
 - ThingDef/YorkshireTerrier, 
 - ThingDef/AA_PhoenixOwlcat, 
 - ThingDef/JRWGigantophis, 
 - ThingDef/JRWTitanoboa, 
 - ThingDef/Alligator, 
 - ThingDef/Badger, 
 - ThingDef/Gorilla, 
 - ThingDef/Hippo, 
 - ThingDef/Moose, 
 - ThingDef/Muskox, 
 - ThingDef/Otter, 
 - ThingDef/Porcupine, 
 - ThingDef/Seal, 
 - ThingDef/Tiger, 
 - ThingDef/Walrus, 
 - ThingDef/IronScruff_Flatworm, 
 - ThingDef/IronScruff_Tardigrade, 
 - ThingDef/RG_WoollyStegosaurus, 
 - ThingDef/Cat, 
 - ThingDef/Cat_Scimitar, 
 - ThingDef/GR_Bearchicken, 
 - ThingDef/GR_Bearwolf, 
 - ThingDef/GR_Beaverwolf, 
 - ThingDef/GR_Catman, 
 - ThingDef/GR_Catwolf, 
 - ThingDef/GR_Chickenbear, 
 - ThingDef/GR_Chickencat, 
 - ThingDef/GR_Chickenffalo, 
 - ThingDef/GR_Chickenwolf, 
 - ThingDef/GR_Dogman, 
 - ThingDef/GR_Lizardman, 
 - ThingDef/GR_Muffalobear, 
 - ThingDef/GR_Molehorse, 
 - ThingDef/GR_Muffalocat, 
 - ThingDef/GR_Muffalochicken, 
 - ThingDef/GR_Muffalowolf, 
 - ThingDef/GR_ParagonChicken, 
 - ThingDef/GR_ParagonFeline, 
 - ThingDef/GR_ParagonHorse, 
 - ThingDef/GR_ParagonHumanoid, 
 - ThingDef/GR_Turkeyman, 
 - ThingDef/GR_Wolfbeaver, 
 - ThingDef/GR_Wolfbear, 
 - ThingDef/GR_Wolfalope, 
 - ThingDef/GR_Wolfcat, 
 - ThingDef/GR_Wolfchicken, 
 - ThingDef/GR_Wolffalo, 
 - ThingDef/GR_Wolfsnake, 
 - ThingDef/VWE_Gun_MakeshiftPistol, 
 - ThingDef/VWE_Gun_MakeshiftSMG, 
 - ThingDef/VWE_Gun_MakeshiftRifle, 
 - ThingDef/VWE_Gun_MakeshiftShotgun, 
 - ThingDef/VWE_Gun_MakeshiftLMG, 
 - ThingDef/VWE_Gun_MakeshiftRevolver, 
 - ThingDef/HMC_Wall_Emp_Turret, 
 - ThingDef/HMC_Wall_Emp_Turret_Ship, 
 - ThingDef/HMC_Wall_FireShotgun_Turret, 
 - ThingDef/HMC_Wall_Foam_Turret, 
 - ThingDef/HMC_Wall_LightMachinegun_Turret, 
 - ThingDef/HMC_Wall_MachineCannon_Turret_Ship, 
 - ThingDef/HMC_Wall_Minigun_Turret, 
 - ThingDef/HMC_Wall_Minigun_Turret_Ship, 
 - ThingDef/HMC_Wall_Rocket_Turret, 
 - ThingDef/HMC_Wall_Emp_Turret_Top, 
 - ThingDef/HMC_Wall_Emp_Turret_Top_Ship, 
 - ThingDef/HMC_Wall_FireShotgun_Turret_Top, 
 - ThingDef/HMC_Gun_TurretFoam, 
 - ThingDef/HMC_Wall_LightMachinegun_Turret_Top, 
 - ThingDef/HMC_Wall_MachineCannon_Turret_Top_Ship, 
 - ThingDef/HMC_Wall_Minigun_Turret_Top, 
 - ThingDef/HMC_Wall_Minigun_Turret_Top_Ship, 
 - ThingDef/HMC_Wall_Rocket_Turret_Top, 
 - ThingDef/Ame_RhodesShotgun, 
 - ThingDef/Ame_RhodesShotgun_Uniqueya, 
 - ThingDef/Artillery_AutoMortar, 
 - ThingDef/Artillery_Mortar, 
 - ThingDef/BS_GiantMusket, 
 - ThingDef/BS_JotunSword, 
 - ThingDef/Beer, 
 - ThingDef/Bow_Great_Unique, 
 - ThingDef/BreadMoAM_Gun_LargeShotgunTurret, 
 - ThingDef/BreadMoAM_Gun_ShotgunTurret, 
 - ThingDef/BreadMoAM_Gun_ShotgunTurretN, 
 - ThingDef/DP_CannonNoEquip, 
 - ThingDef/DP_ChainVulcan, 
 - ThingDef/DP_HolyHandGrenade, 
 - ThingDef/DP_RocketNoEquip, 
 - ThingDef/FT_Artillery_Mortar, 
 - ThingDef/FT_Gun_Autocannon, 
 - ThingDef/FT_Gun_MG, 
 - ThingDef/FT_Gun_QuadMG, 
 - ThingDef/FT_Gun_TurretAA, 
 - ThingDef/FT_Gun_TurretAT, 
 - ThingDef/FT_Gun_TurretPrince, 
 - ThingDef/Gun_AncientArmoredTurret, 
 - ThingDef/Gun_AssaultRifle_Unique, 
 - ThingDef/Gun_AutocannonTurret, 
 - ThingDef/Gun_BoltActionRifle_Unique, 
 - ThingDef/Gun_ChainShotgun_Unique, 
 - ThingDef/Gun_HeavySMG_Unique, 
 - ThingDef/Gun_HellcatRifle, 
 - ThingDef/Gun_HellcatRifle_Unique, 
 - ThingDef/Gun_LMG_Unique, 
 - ThingDef/Gun_MiniTurret, 
 - ThingDef/Gun_MiniTurretMech, 
 - ThingDef/Gun_Minigun_Unique, 
 - ThingDef/Gun_Revolver_Unique, 
 - ThingDef/Gun_SniperRifle_Unique, 
 - ThingDef/Gun_TurretSniper, 
 - ThingDef/HBX_Rapier, 
 - ThingDef/MW2_AssaultCarbine, 
 - ThingDef/MW2_BattleRifle, 
 - ThingDef/MW2_HuntingRifle, 
 - ThingDef/MeleeWeapon_Axe, 
 - ThingDef/MeleeWeapon_Gladius, 
 - ThingDef/MeleeWeapon_LongSword, 
 - ThingDef/MeleeWeapon_Mace, 
 - ThingDef/SW_MiniTurretGun, 
 - ThingDef/VFEP_Artillery_Cannon, 
 - ThingDef/VFEP_Artillery_FieldGun, 
 - ThingDef/VFES_Artillery_ArtilleryGun, 
 - ThingDef/VFES_Artillery_Catapult, 
 - ThingDef/VFES_ComplexHmg_Top, 
 - ThingDef/VFES_ComplexMinigun_Top, 
 - ThingDef/VFES_Gun_ArmoredTurret, 
 - ThingDef/VFES_Gun_BallistaTurret, 
 - ThingDef/VFES_Gun_ShotgunTurret, 
 - ThingDef/VFES_TurretDoubleAutocannon_Top, 
 - ThingDef/VFES_TurretMinigun_Top, 
 - ThingDef/VQE_AncientShieldedTurret_Gun, 
 - ThingDef/VQE_AncientSpacerAutocannon_Gun, 
 - ThingDef/VWE_Bow_Compound, 
 - ThingDef/VWE_Bow_Compound_Unique, 
 - ThingDef/VWE_Bow_Crossbow, 
 - ThingDef/VWE_Bow_Crossbow_Unique, 
 - ThingDef/VWE_Bow_Long, 
 - ThingDef/VWE_Bow_Long_Unique, 
 - ThingDef/VWE_FlashGrenade, 
 - ThingDef/VWE_Gun_GrenadeLauncher, 
 - ThingDef/VWE_SmokeGrenade, 
 - ThingDef/VWE_Throwing_Rocks, 
 - ThingDef/m_Khvostov_7G0X, 
 - ThingDef/m_RatKing, 
 - ThingDef/AM_LassoHyperwave, 
 - ThingDef/Apparel_AirwireHeadset, 
 - ThingDef/Apparel_ArchoShuttle, 
 - ThingDef/Apparel_ArmorCataphract, 
 - ThingDef/Apparel_ArmorCataphractPhoenix, 
 - ThingDef/Apparel_ArmorCataphractPrestige, 
 - ThingDef/Apparel_ArmorHelmetCataphract, 
 - ThingDef/Apparel_ArmorHelmetCataphractPrestige, 
 - ThingDef/Apparel_ArmorHelmetMechCommander, 
 - ThingDef/Apparel_ArmorHelmetMechlordHelmet, 
 - ThingDef/Apparel_ArmorHelmetReconPrestige, 
 - ThingDef/Apparel_ArmorLocust, 
 - ThingDef/Apparel_ArmorMarineGrenadier, 
 - ThingDef/Apparel_ArmorMarineHelmetPrestige, 
 - ThingDef/Apparel_ArmorMarinePrestige, 
 - ThingDef/Apparel_ArmorReconPrestige, 
 - ThingDef/Apparel_ArrayHeadset, 
 - ThingDef/Apparel_Bandolier, 
 - ThingDef/Apparel_BiomutationLance, 
 - ThingDef/Apparel_BowlerHat, 
 - ThingDef/Apparel_Burka, 
 - ThingDef/Apparel_ClothMask, 
 - ThingDef/Apparel_CollarShirt, 
 - ThingDef/Apparel_Corset, 
 - ThingDef/Apparel_DeadlifePack, 
 - ThingDef/Apparel_DisruptorFlarePack, 
 - ThingDef/Apparel_Flophat, 
 - ThingDef/Apparel_GasMask, 
 - ThingDef/Apparel_HatLadies, 
 - ThingDef/Apparel_HatTop, 
 - ThingDef/Apparel_LabCoat, 
 - ThingDef/Apparel_MechlordSuit, 
 - ThingDef/Apparel_PackBandwidth, 
 - ThingDef/Apparel_PackControl, 
 - ThingDef/Apparel_PackJump, 
 - ThingDef/Apparel_PackTox, 
 - ThingDef/Apparel_PackTurret, 
 - ThingDef/Apparel_PsychicFoilHelmet, 
 - ThingDef/Apparel_PsychicInsanityLance, 
 - ThingDef/Apparel_PsychicShockLance, 
 - ThingDef/Apparel_Robe, 
 - ThingDef/Apparel_SOU_Bonnet, 
 - ThingDef/Apparel_SOU_VicHM, 
 - ThingDef/Apparel_SOU_VicScullery, 
 - ThingDef/Apparel_Sash, 
 - ThingDef/Apparel_ShardPsychicInsanityLance, 
 - ThingDef/Apparel_ShardPsychicShockLance, 
 - ThingDef/Apparel_SimpleHelmetMedic, 
 - ThingDef/Apparel_Slicecap, 
 - ThingDef/Apparel_Tailcap, 
 - ThingDef/Apparel_TribalA, 
 - ThingDef/Apparel_VisageMask, 
 - ThingDef/BMT_Apparel_DinoHatCarni, 
 - ThingDef/BMT_Apparel_DinoHatHerbi, 
 - ThingDef/BMT_Apparel_DinoHatMascot, 
 - ThingDef/BMT_Apparel_MascotOutfit, 
 - ThingDef/BS_Nisse_Cap, 
 - ThingDef/DP_EtherealBelt, 
 - ThingDef/DP_EtherealCloak, 
 - ThingDef/DP_FireCultRobe, 
 - ThingDef/DP_GlitchedRing, 
 - ThingDef/DP_InsanityLanceUnequip, 
 - ThingDef/DP_MechSignalArtifact, 
 - ThingDef/DP_NinjaRobe, 
 - ThingDef/DP_OrbOfMadness, 
 - ThingDef/DP_ShroudOfMadness, 
 - ThingDef/HumanSkinSuit, 
 - ThingDef/LargeBackpackMC, 
 - ThingDef/OuterRim_StormtrooperCuirass_Pride, 
 - ThingDef/OuterRim_StormtrooperHelmet_Pride, 
 - ThingDef/OuterRim_StormtrooperPauldrons_Pride, 
 - ThingDef/SGC_Apparel_CommandTower, 
 - ThingDef/SmallBackpackMC, 
 - ThingDef/TempuraOnesie, 
 - ThingDef/TornadoGenerator, 
 - ThingDef/VAEA_Apparel_Backpack, 
 - ThingDef/VAEA_Apparel_BattleBanner, 
 - ThingDef/VAEA_Apparel_Quiver, 
 - ThingDef/VAE_Apparel_FleeceShirt, 
 - ThingDef/VAE_Apparel_Shorts, 
 - ThingDef/VAE_Apparel_Skirt, 
 - ThingDef/VAE_Headgear_Glasses, 
 - ThingDef/VFEP_Apparel_Privateer, 
 - ThingDef/VFEP_Apparel_Rumsuit, 
 - ThingDef/VGE_Apparel_VacsuitHelmet_Prestige, 
 - ThingDef/VGE_Apparel_Vacsuit_Prestige, 
 - ThingDef/VIEHAR_Apparel_Beads, 
 - ThingDef/VIEHAR_Apparel_Fez, 
 - ThingDef/VIEHAR_Apparel_HorseMask, 
 - ThingDef/VIEHAR_Apparel_MilitaryCap, 
 - ThingDef/VIEHAR_Apparel_Rags, 
 - ThingDef/VQEA_Apparel_PatientGown, 
 - ThingDef/VQE_Apparel_Parka, 
 - ThingDef/Apparel_ArmorHelmetRecon, 
 - ThingDef/Apparel_ArmorRecon, 
 - ThingDef/Apparel_PowerArmor, 
 - ThingDef/Apparel_PowerArmorHelmet, 
 - ThingDef/AM_AI2A, 
 - ThingDef/AM_CreditCard, 
 - ThingDef/AM_LEGO_HeavyCrane_NotOpen, 
 - ThingDef/AM_LEGO_LandmarkBuilding_NotOpen, 
 - ThingDef/AM_LEGO_LightCrane_NotOpen, 
 - ThingDef/AM_LEGO_MediumCrane_NotOpen, 
 - ThingDef/AM_LEGO_Palace_NotOpen, 
 - ThingDef/AM_MRE, 
 - ThingDef/AM_PKPMagazineComponents, 
 - ThingDef/AM_PackagedCPU, 
 - ThingDef/AM_PackagedGPU, 
 - ThingDef/AM_Pepsi, 
 - ThingDef/AM_PotatoChipsA, 
 - ThingDef/AM_PotatoChipsB, 
 - ThingDef/AM_PotatoChipsC, 
 - ThingDef/AM_PotatoChipsD, 
 - ThingDef/AM_PotatoChipsE, 
 - ThingDef/AM_PotatoChipsF, 
 - ThingDef/AM_Salewa, 
 - ThingDef/AM_TapeMeasure, 
 - ThingDef/BS_GiantMinigun_Unique, 
 - ThingDef/BS_IndestructibelApparel, 
 - ThingDef/BS_JotunRifle_Unique, 
 - ThingDef/BS_JotunRocketLauncher_Unique, 
 - ThingDef/IronScruff_LeatherGerm, 
 - ThingDef/IronScruff_MicrobeSqueezins, 
 - ThingDef/LEGO_GiantRockExcavator_Accomplish, 
 - ThingDef/LEGO_HeavyCrane_Accomplish, 
 - ThingDef/LEGO_LandmarkBuilding_Accomplish, 
 - ThingDef/LEGO_LightCrane_Accomplish, 
 - ThingDef/LEGO_Palace_Accomplish, 
 - ThingDef/BMT_EggGlarralPenguinFertilized, 
 - ThingDef/BMT_EggGlarralPenguinUnfertilized, 
 - ThingDef/BiomesIslands_EggFlamingoFertilized, 
 - ThingDef/BiomesIslands_EggFlamingoUnfertilized, 
 - ThingDef/EggAlligatorFertilized, 
 - ThingDef/EggAlligatorUnfertilized, 
 - ThingDef/EggArcticOwlcatFertilized, 
 - ThingDef/EggArcticOwlcatUnfertilized, 
 - ThingDef/EggCassowaryFertilized, 
 - ThingDef/EggCassowaryUnfertilized, 
 - ThingDef/EggCobraFertilized, 
 - ThingDef/EggCobraUnfertilized, 
 - ThingDef/EggEmuFertilized, 
 - ThingDef/EggEmuUnfertilized, 
 - ThingDef/EggFlamingoFertilized, 
 - ThingDef/EggFlamingoUnfertilized, 
 - ThingDef/EggOstrichFertilized, 
 - ThingDef/EggOstrichUnfertilized, 
 - ThingDef/EggOwlcatFertilized, 
 - ThingDef/EggOwlcatUnfertilized, 
 - ThingDef/EggPenguinFertilized, 
 - ThingDef/EggPenguinUnFertilized, 
 - ThingDef/EggTortoiseFertilized, 
 - ThingDef/EggTortoiseUnfertilized, 
 - ThingDef/GR_BearChickenEggFertilized, 
 - ThingDef/GR_BearChickenEggUnfertilized, 
 - ThingDef/GR_Castoreum, 
 - ThingDef/GR_ChickenbearEggFertilized, 
 - ThingDef/GR_ChickenbearEggUnfertilized, 
 - ThingDef/GR_Chickenbearfeathers, 
 - ThingDef/GR_ChickencatEggFertilized, 
 - ThingDef/GR_ChickencatEggUnfertilized, 
 - ThingDef/GR_ChickenffaloEggFertilized, 
 - ThingDef/GR_ChickenffaloEggUnfertilized, 
 - ThingDef/GR_ChickenffaloMilk, 
 - ThingDef/GR_ChickenwolfEggFertilized, 
 - ThingDef/GR_ChickenwolfEggUnfertilized, 
 - ThingDef/GR_MuffalobearMilk, 
 - ThingDef/GR_MuffalochickenMilk, 
 - ThingDef/GR_ParagonChickenEggFertilized, 
 - ThingDef/GR_ParagonChickenEggUnfertilized, 
 - ThingDef/GR_TurkeymanEggFertilized, 
 - ThingDef/GR_TurkeymanEggUnfertilized, 
 - ThingDef/GR_WolfchickenEggFertilized, 
 - ThingDef/GR_WolfchickenEggUnfertilized, 
 - ThingDef/GR_WolffaloMilk, 
 - ThingDef/GigantophisEggFertilized, 
 - ThingDef/GigantophisEggUnFertilized, 
 - ThingDef/Meat_AA_DevilSheep, 
 - ThingDef/Meat_Alligator, 
 - ThingDef/Meat_AlligatorMan, 
 - ThingDef/Meat_Armadillo, 
 - ThingDef/Meat_BMT_GlarralPenguin, 
 - ThingDef/Meat_Badger, 
 - ThingDef/Meat_BlackBear, 
 - ThingDef/Meat_BlackBearMan, 
 - ThingDef/Meat_Cat_Scimitar, 
 - ThingDef/Meat_DA_ArcticOwlcat, 
 - ThingDef/Meat_DA_ForestOwlcat, 
 - ThingDef/Meat_DA_SilverMole, 
 - ThingDef/Meat_Gazelle, 
 - ThingDef/Meat_Gorilla, 
 - ThingDef/Meat_Hippo, 
 - ThingDef/Meat_IronScruff_Flatworm, 
 - ThingDef/Meat_IronScruff_Tardigrade, 
 - ThingDef/Meat_Mandrill, 
 - ThingDef/Meat_MandrillMan, 
 - ThingDef/Meat_Moose, 
 - ThingDef/Meat_Muskox, 
 - ThingDef/Meat_Neanderthal, 
 - ThingDef/Meat_Otter, 
 - ThingDef/Meat_Penguin, 
 - ThingDef/Meat_Porcupine, 
 - ThingDef/Meat_RG_WoollyStegosaurus, 
 - ThingDef/Meat_Seal, 
 - ThingDef/Meat_Tiger, 
 - ThingDef/Meat_Walrus, 
 - ThingDef/Meat_YorkshireTerrier, 
 - ThingDef/Meat_Zebra, 
 - ThingDef/RG_EggWoollyStegosaurusFertilized, 
 - ThingDef/RG_EggWoollyStegosaurusUnfertilized, 
 - ThingDef/RG_WoolStegosaurus, 
 - ThingDef/TitanoboaEggFertilized, 
 - ThingDef/TitanoboaEggUnFertilized, 
 - ThingDef/WoolMuskox, 
 - ThingDef/AA_EggFlamingoPhoenixFertilized, 
 - ThingDef/BiomesIslands_Leather_Flamingo, 
 - ThingDef/DA_Leather_SilverMole, 
 - ThingDef/Leather_AlligatorMan, 
 - ThingDef/Leather_Armadillo, 
 - ThingDef/Leather_BlackBear, 
 - ThingDef/Leather_BlackBearMan, 
 - ThingDef/Leather_Hippo, 
 - ThingDef/Leather_Mandrill, 
 - ThingDef/Leather_MandrillMan, 
 - ThingDef/Leather_Neanderthal, 
 - ThingDef/Leather_Penguin, 
 - ThingDef/Leather_Zebra, 
 - ThingDef/RG_DinosaursHideHeavy, 
 - ThingDef/AA_FrostLynx, 
 - ThingDef/AA_Genix, 
 - ThingDef/BMT_WasteHound, 
 - ThingDef/BS_Centaur, 
 - ThingDef/BS_HumanFouramed, 
 - ThingDef/BS_HumanoidWithTail, 
 - ThingDef/BS_HumanoidWithWings, 
 - ThingDef/BS_JustAHead, 
 - ThingDef/BS_Marlith, 
 - ThingDef/BS_Naga, 
 - ThingDef/BS_SixArmedHuman, 
 - ThingDef/BS_SpiderPersonRace, 
 - ThingDef/Bluebird, 
 - ThingDef/BogHound, 
 - ThingDef/Crow, 
 - ThingDef/GR_Boomachicken, 
 - ThingDef/GR_Booman, 
 - ThingDef/GR_Boomhorse, 
 - ThingDef/GR_Boomwolf, 
 - ThingDef/GR_Catbear, 
 - ThingDef/GR_Catffalo, 
 - ThingDef/GR_Cathorse, 
 - ThingDef/GR_Catrabbit, 
 - ThingDef/GR_Manchicken, 
 - ThingDef/GR_Mansquirrel, 
 - ThingDef/GR_Muffalohorse, 
 - ThingDef/GR_ParagonBear, 
 - ThingDef/GR_ParagonWolf, 
 - ThingDef/GR_Rabbitcat, 
 - ThingDef/GR_Thrumwolf, 
 - ThingDef/GR_WolfShrimp, 
 - ThingDef/Heron, 
 - ThingDef/IronScruff_Hydrazoa, 
 - ThingDef/IronScruff_Jellybird, 
 - ThingDef/JRWAbrictosaurus, 
 - ThingDef/JRWAcrocanthosaurus, 
 - ThingDef/JRWAdalia, 
 - ThingDef/JRWAgilisaurus, 
 - ThingDef/JRWAlbertosaurus, 
 - ThingDef/JRWAllosaurus, 
 - ThingDef/JRWAnkylosaurus, 
 - ThingDef/JRWAntarctopelta, 
 - ThingDef/JRWApatosaurus, 
 - ThingDef/JRWArgentinosaurus, 
 - ThingDef/JRWBaryonyx, 
 - ThingDef/JRWBecklespinax, 
 - ThingDef/JRWBrachiosaurus, 
 - ThingDef/JRWCamarasaurus, 
 - ThingDef/JRWCamptosaurus, 
 - ThingDef/JRWCarcharodontosaurus, 
 - ThingDef/JRWCarnotaurus, 
 - ThingDef/JRWCeratosaurus, 
 - ThingDef/JRWCoahuilaceratops, 
 - ThingDef/JRWCoelophysis, 
 - ThingDef/JRWCompsognathus, 
 - ThingDef/JRWCorythosaurus, 
 - ThingDef/JRWCryolophosaurus, 
 - ThingDef/JRWCyclosphaeroma, 
 - ThingDef/JRWDeinonychus, 
 - ThingDef/JRWDeinosuchus, 
 - ThingDef/JRWDesmatosuchus, 
 - ThingDef/JRWDimetrodon, 
 - ThingDef/JRWDinilysia, 
 - ThingDef/JRWDracorex, 
 - ThingDef/JRWDrinker, 
 - ThingDef/JRWDromaeosaurus, 
 - ThingDef/JRWDryosaurus, 
 - ThingDef/JRWEdaphosaurus, 
 - ThingDef/JRWEdmontosaurus, 
 - ThingDef/JRWEnigmosaurus, 
 - ThingDef/JRWEstemmenosuchus, 
 - ThingDef/JRWGallimimus, 
 - ThingDef/JRWGasosaurus, 
 - ThingDef/JRWGiganotosaurus, 
 - ThingDef/JRWHalszkaraptor, 
 - ThingDef/JRWHolcorobeus, 
 - ThingDef/JRWHomalocephale, 
 - ThingDef/JRWHylonomus, 
 - ThingDef/JRWHypsilophodon, 
 - ThingDef/JRWIndominus, 
 - ThingDef/JRWIndoraptor, 
 - ThingDef/JRWKaprosuchus, 
 - ThingDef/JRWKentrosaurus, 
 - ThingDef/JRWKileskus, 
 - ThingDef/JRWKosmoceratops, 
 - ThingDef/JRWLycaenops, 
 - ThingDef/JRWMetriacanthosaurus, 
 - ThingDef/JRWMicroceratus, 
 - ThingDef/JRWMochlodon, 
 - ThingDef/JRWNanuqsaurus, 
 - ThingDef/JRWNasutoceratops, 
 - ThingDef/JRWOphiacodon, 
 - ThingDef/JRWOrnithosuchus, 
 - ThingDef/JRWOuranosaurus, 
 - ThingDef/JRWOviraptor, 
 - ThingDef/JRWPachycephalosaurus, 
 - ThingDef/JRWPachyrhinosaurus, 
 - ThingDef/JRWParasaurolophus, 
 - ThingDef/JRWParksosaurus, 
 - ThingDef/JRWPrestosuchus, 
 - ThingDef/JRWProtoceratops, 
 - ThingDef/JRWPsittacosaurus, 
 - ThingDef/JRWRajasaurus, 
 - ThingDef/JRWRhabdodon, 
 - ThingDef/JRWRhamphorhynchus, 
 - ThingDef/JRWSaltasaurus, 
 - ThingDef/JRWSarcosuchus, 
 - ThingDef/JRWScutosaurus, 
 - ThingDef/JRWSegnosaurus, 
 - ThingDef/JRWSpinosaurus, 
 - ThingDef/JRWStaurikosaurus, 
 - ThingDef/JRWStegosaurus, 
 - ThingDef/JRWStygimoloch, 
 - ThingDef/JRWStyracosaurus, 
 - ThingDef/JRWSuchomimus, 
 - ThingDef/JRWSupersaurus, 
 - ThingDef/JRWTanystropheus, 
 - ThingDef/JRWTenontosaurus, 
 - ThingDef/JRWTermitotron, 
 - ThingDef/JRWTherizinosaurus, 
 - ThingDef/JRWTorosaurus, 
 - ThingDef/JRWTriceratops, 
 - ThingDef/JRWTroodon, 
 - ThingDef/JRWTupandactylus, 
 - ThingDef/JRWTyrannosaurus, 
 - ThingDef/JRWUdanoceratops, 
 - ThingDef/JRWValdosaurus, 
 - ThingDef/JRWVelociraptor, 
 - ThingDef/JRWWonambi, 
 - ThingDef/JRWYangchuanosaurus, 
 - ThingDef/JRWYi, 
 - ThingDef/JRWYurlunggur, 
 - ThingDef/JRWYutyrannus, 
 - ThingDef/JRWZalmoxes, 
 - ThingDef/JRWZephyrosaurus, 
 - ThingDef/Macaw, 
 - ThingDef/Mastodon, 
 - ThingDef/Mink, 
 - ThingDef/MonitorLizard, 
 - ThingDef/MutantCow, 
 - ThingDef/Panda, 
 - ThingDef/Peacock, 
 - ThingDef/PoisonDeer, 
 - ThingDef/PrairieDog, 
 - ThingDef/RG_Hemolope, 
 - ThingDef/RG_KiwiBird, 
 - ThingDef/RG_Neutrolope, 
 - ThingDef/RG_Rabbit, 
 - ThingDef/SeaLion, 
 - ThingDef/SeaTurtle, 
 - ThingDef/Sparrow, 
 - ThingDef/Swan, 
 - ThingDef/AbrictosaurusEggFertilized, 
 - ThingDef/AbrictosaurusEggUnFertilized, 
 - ThingDef/AcrocanthosaurusEggFertilized, 
 - ThingDef/AcrocanthosaurusEggUnFertilized, 
 - ThingDef/AdaliaEggFertilized, 
 - ThingDef/AdaliaEggUnFertilized, 
 - ThingDef/AgilisaurusEggFertilized, 
 - ThingDef/AgilisaurusEggUnFertilized, 
 - ThingDef/AlbertosaurusEggFertilized, 
 - ThingDef/AlbertosaurusEggUnFertilized, 
 - ThingDef/AllosaurusEggFertilized, 
 - ThingDef/AllosaurusEggUnFertilized, 
 - ThingDef/AnkylosaurusEggFertilized, 
 - ThingDef/AnkylosaurusEggUnFertilized, 
 - ThingDef/AntarctopeltaEggFertilized, 
 - ThingDef/AntarctopeltaEggUnFertilized, 
 - ThingDef/ApatosaurusEggFertilized, 
 - ThingDef/ApatosaurusEggUnFertilized, 
 - ThingDef/ArgentinosaurusEggFertilized, 
 - ThingDef/ArgentinosaurusEggUnFertilized, 
 - ThingDef/BaryonyxEggFertilized, 
 - ThingDef/BaryonyxEggUnFertilized, 
 - ThingDef/BecklespinaxEggFertilized, 
 - ThingDef/BecklespinaxEggUnFertilized, 
 - ThingDef/BrachiosaurusEggFertilized, 
 - ThingDef/BrachiosaurusEggUnFertilized, 
 - ThingDef/CamarasaurusEggFertilized, 
 - ThingDef/CamarasaurusEggUnFertilized, 
 - ThingDef/CamptosaurusEggFertilized, 
 - ThingDef/CamptosaurusEggUnFertilized, 
 - ThingDef/CarcharodontosaurusEggFertilized, 
 - ThingDef/CarcharodontosaurusEggUnFertilized, 
 - ThingDef/CarnotaurusEggFertilized, 
 - ThingDef/CarnotaurusEggUnFertilized, 
 - ThingDef/CeratosaurusEggFertilized, 
 - ThingDef/CeratosaurusEggUnFertilized, 
 - ThingDef/CoahuilaceratopsEggFertilized, 
 - ThingDef/CoahuilaceratopsEggUnFertilized, 
 - ThingDef/CoelophysisEggFertilized, 
 - ThingDef/CoelophysisEggUnFertilized, 
 - ThingDef/CompsognathusEggFertilized, 
 - ThingDef/CompsognathusEggUnFertilized, 
 - ThingDef/CorythosaurusEggFertilized, 
 - ThingDef/CorythosaurusEggUnFertilized, 
 - ThingDef/CryolophosaurusEggFertilized, 
 - ThingDef/CryolophosaurusEggUnFertilized, 
 - ThingDef/CyclosphaeromaEggFertilized, 
 - ThingDef/CyclosphaeromaEggUnFertilized, 
 - ThingDef/DeinonychusEggFertilized, 
 - ThingDef/DeinonychusEggUnFertilized, 
 - ThingDef/DeinosuchusEggFertilized, 
 - ThingDef/DeinosuchusEggUnFertilized, 
 - ThingDef/DesmatosuchusEggFertilized, 
 - ThingDef/DesmatosuchusEggUnFertilized, 
 - ThingDef/DimetrodonEggFertilized, 
 - ThingDef/DimetrodonEggUnFertilized, 
 - ThingDef/DinilysiaEggFertilized, 
 - ThingDef/DinilysiaEggUnFertilized, 
 - ThingDef/DracorexEggFertilized, 
 - ThingDef/DracorexEggUnFertilized, 
 - ThingDef/DrinkerEggFertilized, 
 - ThingDef/DrinkerEggUnFertilized, 
 - ThingDef/DromaeosaurusEggFertilized, 
 - ThingDef/DromaeosaurusEggUnFertilized, 
 - ThingDef/DryosaurusEggFertilized, 
 - ThingDef/DryosaurusEggUnFertilized, 
 - ThingDef/EdaphosaurusEggFertilized, 
 - ThingDef/EdaphosaurusEggUnFertilized, 
 - ThingDef/EdmontosaurusEggFertilized, 
 - ThingDef/EdmontosaurusEggUnFertilized, 
 - ThingDef/EggBluebirdFertilized, 
 - ThingDef/EggBluebirdUnfertilized, 
 - ThingDef/EggCrowFertilized, 
 - ThingDef/EggCrowUnfertilized, 
 - ThingDef/EggHeronFertilized, 
 - ThingDef/EggHeronUnfertilized, 
 - ThingDef/EggMacawFertilized, 
 - ThingDef/EggMacawUnfertilized, 
 - ThingDef/EggMonitorLizardFertilized, 
 - ThingDef/EggMonitorLizardUnfertilized, 
 - ThingDef/EggPeacockFertilized, 
 - ThingDef/EggPeacockUnfertilized, 
 - ThingDef/EggSeaTurtleFertilized, 
 - ThingDef/EggSeaTurtleUnfertilized, 
 - ThingDef/EggSparrowFertilized, 
 - ThingDef/EggSparrowUnfertilized, 
 - ThingDef/EggSwanFertilized, 
 - ThingDef/EggSwanUnfertilized, 
 - ThingDef/EnigmosaurusEggFertilized, 
 - ThingDef/EnigmosaurusEggUnFertilized, 
 - ThingDef/EstemmenosuchusEggFertilized, 
 - ThingDef/EstemmenosuchusEggUnFertilized, 
 - ThingDef/GR_BoomachickenEggFertilized, 
 - ThingDef/GR_BoomachickenEggUnfertilized, 
 - ThingDef/GallimimusEggFertilized, 
 - ThingDef/GallimimusEggUnFertilized, 
 - ThingDef/GasosaurusEggFertilized, 
 - ThingDef/GasosaurusEggUnFertilized, 
 - ThingDef/GiganotosaurusEggFertilized, 
 - ThingDef/GiganotosaurusEggUnFertilized, 
 - ThingDef/HalszkaraptorEggFertilized, 
 - ThingDef/HalszkaraptorEggUnFertilized, 
 - ThingDef/HemogenPack, 
 - ThingDef/HolcorobeusEggFertilized, 
 - ThingDef/HolcorobeusEggUnFertilized, 
 - ThingDef/HomalocephaleEggFertilized, 
 - ThingDef/HomalocephaleEggUnFertilized, 
 - ThingDef/HylonomusEggFertilized, 
 - ThingDef/HylonomusEggUnFertilized, 
 - ThingDef/HypsilophodonEggFertilized, 
 - ThingDef/HypsilophodonEggUnFertilized, 
 - ThingDef/IndominusEggFertilized, 
 - ThingDef/IndominusEggUnFertilized, 
 - ThingDef/IndoraptorEggFertilized, 
 - ThingDef/IndoraptorEggUnFertilized, 
 - ThingDef/KaprosuchusEggFertilized, 
 - ThingDef/KaprosuchusEggUnFertilized, 
 - ThingDef/KentrosaurusEggFertilized, 
 - ThingDef/KentrosaurusEggUnFertilized, 
 - ThingDef/KileskusEggFertilized, 
 - ThingDef/KileskusEggUnFertilized, 
 - ThingDef/KosmoceratopsEggFertilized, 
 - ThingDef/KosmoceratopsEggUnFertilized, 
 - ThingDef/Leather_Indominus, 
 - ThingDef/Leather_Indoraptor, 
 - ThingDef/Leather_Mastodon, 
 - ThingDef/Leather_Mink, 
 - ThingDef/Leather_Sealskin, 
 - ThingDef/LycaenopsEggFertilized, 
 - ThingDef/LycaenopsEggUnFertilized, 
 - ThingDef/MastodonTusk, 
 - ThingDef/Meat_BMT_WasteHound, 
 - ThingDef/Meat_BogHound, 
 - ThingDef/Meat_IronScruff_Hydrazoa, 
 - ThingDef/Meat_IronScruff_Jellybird, 
 - ThingDef/Meat_Mastodon, 
 - ThingDef/Meat_Mink, 
 - ThingDef/Meat_MonitorLizard, 
 - ThingDef/Meat_Panda, 
 - ThingDef/Meat_PrairieDog, 
 - ThingDef/Meat_RG_Hemolope, 
 - ThingDef/Meat_RG_KiwiBird, 
 - ThingDef/Meat_RG_Neutrolope, 
 - ThingDef/Meat_RG_Rabbit, 
 - ThingDef/Meat_SeaLion, 
 - ThingDef/Meat_SeaTurtle, 
 - ThingDef/MetriacanthosaurusEggFertilized, 
 - ThingDef/MetriacanthosaurusEggUnFertilized, 
 - ThingDef/MicroceratusEggFertilized, 
 - ThingDef/MicroceratusEggUnFertilized, 
 - ThingDef/MochlodonEggFertilized, 
 - ThingDef/MochlodonEggUnFertilized, 
 - ThingDef/NanuqsaurusEggFertilized, 
 - ThingDef/NanuqsaurusEggUnFertilized, 
 - ThingDef/NasutoceratopsEggFertilized, 
 - ThingDef/NasutoceratopsEggUnFertilized, 
 - ThingDef/OphiacodonEggFertilized, 
 - ThingDef/OphiacodonEggUnFertilized, 
 - ThingDef/OrnithosuchusEggFertilized, 
 - ThingDef/OrnithosuchusEggUnFertilized, 
 - ThingDef/OuranosaurusEggFertilized, 
 - ThingDef/OuranosaurusEggUnFertilized, 
 - ThingDef/OviraptorEggFertilized, 
 - ThingDef/OviraptorEggUnFertilized, 
 - ThingDef/PachycephalosaurusEggFertilized, 
 - ThingDef/PachycephalosaurusEggUnFertilized, 
 - ThingDef/PachyrhinosaurusEggFertilized, 
 - ThingDef/PachyrhinosaurusEggUnFertilized, 
 - ThingDef/ParasaurolophusEggFertilized, 
 - ThingDef/ParasaurolophusEggUnFertilized, 
 - ThingDef/ParksosaurusEggFertilized, 
 - ThingDef/ParksosaurusEggUnFertilized, 
 - ThingDef/PrestosuchusEggFertilized, 
 - ThingDef/PrestosuchusEggUnFertilized, 
 - ThingDef/ProtoceratopsEggFertilized, 
 - ThingDef/ProtoceratopsEggUnFertilized, 
 - ThingDef/PsittacosaurusEggFertilized, 
 - ThingDef/PsittacosaurusEggUnFertilized, 
 - ThingDef/RG_EggKiwiFertilized, 
 - ThingDef/RG_EggKiwiUnfertilized, 
 - ThingDef/RajasaurusEggFertilized, 
 - ThingDef/RajasaurusEggUnFertilized, 
 - ThingDef/RhabdodonEggFertilized, 
 - ThingDef/RhabdodonEggUnFertilized, 
 - ThingDef/RhamphorhynchusEggFertilized, 
 - ThingDef/RhamphorhynchusEggUnFertilized, 
 - ThingDef/SaltasaurusEggFertilized, 
 - ThingDef/SaltasaurusEggUnFertilized, 
 - ThingDef/SarcosuchusEggFertilized, 
 - ThingDef/SarcosuchusEggUnFertilized, 
 - ThingDef/ScutosaurusEggFertilized, 
 - ThingDef/ScutosaurusEggUnFertilized, 
 - ThingDef/SegnosaurusEggFertilized, 
 - ThingDef/SegnosaurusEggUnFertilized, 
 - ThingDef/SpinosaurusEggFertilized, 
 - ThingDef/SpinosaurusEggUnFertilized, 
 - ThingDef/StaurikosaurusEggFertilized, 
 - ThingDef/StaurikosaurusEggUnFertilized, 
 - ThingDef/StegosaurusEggFertilized, 
 - ThingDef/StegosaurusEggUnFertilized, 
 - ThingDef/StygimolochEggFertilized, 
 - ThingDef/StygimolochEggUnFertilized, 
 - ThingDef/StyracosaurusEggFertilized, 
 - ThingDef/StyracosaurusEggUnFertilized, 
 - ThingDef/SuchomimusEggFertilized, 
 - ThingDef/SuchomimusEggUnFertilized, 
 - ThingDef/SupersaurusEggFertilized, 
 - ThingDef/SupersaurusEggUnFertilized, 
 - ThingDef/TanystropheusEggFertilized, 
 - ThingDef/TanystropheusEggUnFertilized, 
 - ThingDef/TenontosaurusEggFertilized, 
 - ThingDef/TenontosaurusEggUnFertilized, 
 - ThingDef/TermitotronEggFertilized, 
 - ThingDef/TermitotronEggUnFertilized, 
 - ThingDef/TherizinosaurusEggFertilized, 
 - ThingDef/TherizinosaurusEggUnFertilized, 
 - ThingDef/TorosaurusEggFertilized, 
 - ThingDef/TorosaurusEggUnFertilized, 
 - ThingDef/TriceratopsEggFertilized, 
 - ThingDef/TriceratopsEggUnFertilized, 
 - ThingDef/TroodonEggFertilized, 
 - ThingDef/TroodonEggUnFertilized, 
 - ThingDef/TupandactylusEggFertilized, 
 - ThingDef/TupandactylusEggUnFertilized, 
 - ThingDef/TyrannosaurusEggFertilized, 
 - ThingDef/TyrannosaurusEggUnFertilized, 
 - ThingDef/UdanoceratopsEggFertilized, 
 - ThingDef/UdanoceratopsEggUnFertilized, 
 - ThingDef/ValdosaurusEggFertilized, 
 - ThingDef/ValdosaurusEggUnFertilized, 
 - ThingDef/VelociraptorEggFertilized, 
 - ThingDef/VelociraptorEggUnFertilized, 
 - ThingDef/WonambiEggFertilized, 
 - ThingDef/WonambiEggUnFertilized, 
 - ThingDef/WoolMastodon, 
 - ThingDef/YangchuanosaurusEggFertilized, 
 - ThingDef/YangchuanosaurusEggUnFertilized, 
 - ThingDef/YiEggFertilized, 
 - ThingDef/YiEggUnFertilized, 
 - ThingDef/YurlunggurEggFertilized, 
 - ThingDef/YurlunggurEggUnFertilized, 
 - ThingDef/YutyrannusEggFertilized, 
 - ThingDef/YutyrannusEggUnFertilized, 
 - ThingDef/ZalmoxesEggFertilized, 
 - ThingDef/ZalmoxesEggUnFertilized, 
 - ThingDef/ZephyrosaurusEggFertilized, 
 - ThingDef/ZephyrosaurusEggUnFertilized, 
 - ThingDef/FT_RecoillessGun, 
 - ThingDef/FT_TurretEmpero, 
 - ThingDef/FT_TurretHexMortar, 
 - ThingDef/FT_TurretQuadAA, 
 - BiomeDef/AB_IdyllicMeadows, 
 - BiomeDef/AG_NereidPocketPlane, 
 - BiomeDef/AG_PocketPlane, 
 - ThingDef/AM_LassoDevilstrand, 
 - BiomeDef/BorealForest, 
 - BiomeDef/COMIGO_GreaterSwamp_Cold, 
 - BiomeDef/COMIGO_GreaterSwamp_Temperate, 
 - BiomeDef/ColdBog, 
 - ThingDef/ElephantTusk, 
 - ThingDef/FT_Gun_Recoilless, 
 - ThingDef/FT_Gun_TurretEmpero, 
 - ThingDef/FT_Gun_TurretHexMortar, 
 - ThingDef/FT_Gun_TurretQuadAA, 
 - BiomeDef/GlacialPlain, 
 - BiomeDef/Grasslands, 
 - ThingDef/Gun_DeadColumn, 
 - ThingDef/Gun_Incinerator, 
 - BiomeDef/Labyrinth, 
 - BiomeDef/MetalHell, 
 - BiomeDef/Savanna, 
 - BiomeDef/TemperateForest, 
 - BiomeDef/TemperateSwamp, 
 - BiomeDef/TropicalRainforest, 
 - BiomeDef/TropicalSwamp, 
 - BiomeDef/Tundra, 
 - ThingDef/VWE_Gun_Flamethrower, 
 - ThingDef/VWE_MeleeWeapon_Axe, 
 - BiomeDef/Wetland, 
 - BiomeDef/ZBiome_AlpineMeadow, 
 - BiomeDef/ZBiome_CloudForest, 
 - BiomeDef/ZBiome_CoastalDunes, 
 - BiomeDef/ZBiome_GlacialShield, 
 - BiomeDef/ZBiome_Iceberg_NoBeach, 
 - BiomeDef/ZBiome_Marsh, 
 - BiomeDef/ZBiome_Sandbar_NoBeach, 
 - ThingDef/Husky, 
 - ThingDef/LabradorRetriever, 
 - ThingDef/Fox_Fennec, 
 - ThingDef/Capybara, 
 - ThingDef/Plant_TreePine, 
 - ThingDef/Plant_TreeBirch, 
 - ThingDef/Plant_TreePoplar, 
 - ResearchProjectDef/AM_HeavyMechtech, 
 - ResearchProjectDef/AM_StandardMechtech, 
 - ResearchProjectDef/AM_UltraHeavyMechtech, 
 - ResearchProjectDef/AM_WorkerStandardMechtech, 
 - ResearchProjectDef/AdvancedPsychicRituals, 
 - ResearchProjectDef/ArtificialMetabolism, 
 - ResearchProjectDef/AtmosphericHeater, 
 - ResearchProjectDef/BS_AndroidConversion, 
 - ResearchProjectDef/BS_AnimalGrowthSerums, 
 - ResearchProjectDef/BS_ArchiteGeneScience, 
 - ResearchProjectDef/BS_GeneScience, 
 - ResearchProjectDef/BS_MadScienceField, 
 - ResearchProjectDef/BasicMechtech, 
 - ResearchProjectDef/BasicPsychicRituals, 
 - ResearchProjectDef/BioferriteExtraction, 
 - ResearchProjectDef/BioferriteGenerator, 
 - ResearchProjectDef/BioferriteHarvesting, 
 - ResearchProjectDef/BioferriteIgnition, 
 - ResearchProjectDef/BioferriteShaping, 
 - ResearchProjectDef/BlissLobotomy, 
 - ResearchProjectDef/BloodRain, 
 - ResearchProjectDef/BrainWiring, 
 - ResearchProjectDef/Brainwipe, 
 - ResearchProjectDef/CataphractArmor, 
 - ResearchProjectDef/Chronophagy, 
 - ResearchProjectDef/CircadianInfluence, 
 - ResearchProjectDef/CompactWeaponry, 
 - ResearchProjectDef/DeadlifeDust, 
 - ResearchProjectDef/DeathRefusal, 
 - ResearchProjectDef/Deathrest, 
 - ResearchProjectDef/DisruptorFlares, 
 - ResearchProjectDef/Electroharvester, 
 - ResearchProjectDef/EntityContainment, 
 - ResearchProjectDef/FleshShaping, 
 - ResearchProjectDef/FrenzyInducer, 
 - ResearchProjectDef/GR_GeneticAlteration, 
 - ResearchProjectDef/GR_GeneticCompatibility, 
 - ResearchProjectDef/GR_GeneticDuplication, 
 - ResearchProjectDef/GR_GeneticEngineering, 
 - ResearchProjectDef/GR_GeneticMechahybridization, 
 - ResearchProjectDef/GR_HybridImplantology, 
 - ResearchProjectDef/GhoulEnhancements, 
 - ResearchProjectDef/GhoulInfusion, 
 - ResearchProjectDef/GhoulResurrection, 
 - ResearchProjectDef/Gunlink, 
 - ResearchProjectDef/Harp, 
 - ResearchProjectDef/Harpsichord, 
 - ResearchProjectDef/HealingFactors, 
 - ResearchProjectDef/HighMechtech, 
 - ResearchProjectDef/IW_IonChargeWeaponry, 
 - ResearchProjectDef/InsanityWeaponry, 
 - ResearchProjectDef/JuggernautSerum, 
 - ResearchProjectDef/JumpPack, 
 - ResearchProjectDef/MM_Research_Repulsor, 
 - ResearchProjectDef/MatterToEnergyConversion, 
 - ResearchProjectDef/MetalbloodSerum, 
 - ResearchProjectDef/MindNumbSerum, 
 - ResearchProjectDef/MolecularAnalysis, 
 - ResearchProjectDef/MutationWeaponry, 
 - ResearchProjectDef/NeuralComputation, 
 - ResearchProjectDef/NeurosisPulse, 
 - ResearchProjectDef/NobleApparel, 
 - ResearchProjectDef/OuterRim_Blastersmithing, 
 - ResearchProjectDef/Philophagy, 
 - ResearchProjectDef/Piano, 
 - ResearchProjectDef/PleasurePulse, 
 - ResearchProjectDef/ProximityDetector, 
 - ResearchProjectDef/Psychophagy, 
 - ResearchProjectDef/RevenantInvisibility, 
 - ResearchProjectDef/RimFridge_PowerFactorSetting, 
 - ResearchProjectDef/RoyalApparel, 
 - ResearchProjectDef/SecurityDoor, 
 - ResearchProjectDef/SerumSynthesis, 
 - ResearchProjectDef/SkinHardening, 
 - ResearchProjectDef/SkipAbductionPlayer, 
 - ResearchProjectDef/SleepSuppressor, 
 - ResearchProjectDef/SpecializedLimbs, 
 - ResearchProjectDef/StandardMechtech, 
 - ResearchProjectDef/SummonAnimals, 
 - ResearchProjectDef/SummonFleshbeastsPlayer, 
 - ResearchProjectDef/SummonPitGate, 
 - ResearchProjectDef/SummonShamblers, 
 - ResearchProjectDef/TormentMaster_CranialPinResearch, 
 - ResearchProjectDef/TurretPack, 
 - ResearchProjectDef/UltraMechtech, 
 - ResearchProjectDef/VAE_SterileAttire, 
 - ResearchProjectDef/VFEP_SweatFermentation, 
 - ResearchProjectDef/VWE_LaserTargetingSystems, 
 - ResearchProjectDef/VWE_LaserWeapons, 
 - ResearchProjectDef/VWE_MakeshiftWeapons, 
 - ResearchProjectDef/VenomSynthesis, 
 - ResearchProjectDef/VoidSculptures, 
 - ResearchProjectDef/WallStuff, 
 - ResearchProjectDef/guy762_ResearchKotOR_advsabers, 
 - ResearchProjectDef/guy762_ResearchKotOR_bastila, 
 - ResearchProjectDef/guy762_ResearchKotOR_bigZ, 
 - ResearchProjectDef/guy762_ResearchKotOR_canderous, 
 - ResearchProjectDef/guy762_ResearchKotOR_carth, 
 - ResearchProjectDef/guy762_ResearchKotOR_exile, 
 - ResearchProjectDef/guy762_ResearchKotOR_goto, 
 - ResearchProjectDef/guy762_ResearchKotOR_handmaiden, 
 - ResearchProjectDef/guy762_ResearchKotOR_hkequipment, 
 - ResearchProjectDef/guy762_ResearchKotOR_ion, 
 - ResearchProjectDef/guy762_ResearchKotOR_jedi, 
 - ResearchProjectDef/guy762_ResearchKotOR_jolee, 
 - ResearchProjectDef/guy762_ResearchKotOR_juhani, 
 - ResearchProjectDef/guy762_ResearchKotOR_kreia, 
 - ResearchProjectDef/guy762_ResearchKotOR_lightsabers, 
 - ResearchProjectDef/guy762_ResearchKotOR_luxa, 
 - ResearchProjectDef/guy762_ResearchKotOR_malak, 
 - ResearchProjectDef/guy762_ResearchKotOR_nihilus, 
 - ResearchProjectDef/guy762_ResearchKotOR_revan, 
 - ResearchProjectDef/guy762_ResearchKotOR_saberparts, 
 - ResearchProjectDef/guy762_ResearchKotOR_sion, 
 - ResearchProjectDef/guy762_ResearchKotOR_teethree, 
 - ResearchProjectDef/guy762_ResearchKotOR_uncraftable, 
 - ResearchProjectDef/guy762_ResearchKotOR_vao, 
 - ResearchProjectDef/guy762_ResearchKotOR_visas, 
 - ThingDef/AA_Blizzarisk, 
 - ThingDef/AA_BlizzariskClutchMother, 
 - ThingDef/AA_BlizzariskEggFertilized, 
 - ThingDef/AA_BlizzariskSuperEggFertilized, 
 - IncidentDef/AA_IncidentBlizzariskClutchMother, 
 - FactionDef/AM_EnemyPirate, 
 - ScenarioDef/AM_SafeHouse, 
 - ScenarioDef/AM_ScavengerGroup, 
 - QuestScriptDef/ACM_AncientRandomSite, 
 - QuestScriptDef/AM_Quest_Mall_L, 
 - QuestScriptDef/AM_Quest_Mall_S, 
 - QuestScriptDef/AM_Quest_Reserve, 
 - QuestScriptDef/AM_Quest_Street, 
 - PawnKindDef/AM_Drifter, 
 - PawnKindDef/AM_EnemyScavenger, 
 - PawnKindDef/AM_Megascarab, 
 - PawnKindDef/AM_Megaspider, 
 - PawnKindDef/AM_Mercenary_Slasher, 
 - PawnKindDef/AM_Pirate, 
 - PawnKindDef/AM_PirateBoss, 
 - PawnKindDef/AM_Scavenger, 
 - PawnKindDef/AM_Spelopede, 
 - PawnKindDef/AM_Thrasher, 
 - PawnKindDef/AncientMallGuards, 
 - PawnKindDef/AncientSlaughter, 
 - PawnKindDef/AncientSoldierBoss, 
 - PawnKindDef/AncientSoldierBossN, 
 - ResearchProjectDef/AM_RecyclingAssembly, 
 - GenStepDef/ACM_AncientRandomComplex, 
 - GenStepDef/AM_CustomMap_Step_Data, 
 - GenStepDef/AM_CustomMap_Step_Fog, 
 - GenStepDef/AM_CustomMap_Step_Terrain, 
 - HediffDef/AM_Analgesic, 
 - HediffDef/AM_AntibioticS, 
 - HediffDef/AM_AntipyreticAnalgesic, 
 - HediffDef/AM_CellRegeneration, 
 - HediffDef/AM_IntegratedTorsoArmor, 
 - HediffDef/AM_Metalblood, 
 - HediffDef/AM_RampageParasite, 
 - HediffDef/AM_RegenerativeHormone, 
 - RecipeDef/AM_DecomposingWeapons, 
 - RecipeDef/AM_DecomposingWeaponsI, 
 - RecipeDef/AM_DisassembleLightArmor, 
 - RecipeDef/AM_DisassemblePolyethylenePlate, 
 - RecipeDef/Administer_AM_AnalgesicRegenerationInjector, 
 - RecipeDef/Administer_AM_Antibiotic, 
 - RecipeDef/Administer_AM_BigSurgicalBag, 
 - RecipeDef/Administer_AM_Budweiser, 
 - RecipeDef/Administer_AM_CellRegenerationInjector, 
 - RecipeDef/Administer_AM_Coca, 
 - RecipeDef/Administer_AM_EssentialBalm, 
 - RecipeDef/Administer_AM_Fanta, 
 - RecipeDef/Administer_AM_Ibuprofen, 
 - RecipeDef/Administer_AM_MetalbloodInjector, 
 - RecipeDef/Administer_AM_MilkBeer, 
 - RecipeDef/Administer_AM_Sprite, 
 - RecipeDef/Administer_AM_SurgicalBag, 
 - RecipeDef/Administer_AM_TsingtaoBeer, 
 - RecipeDef/InstallIntegratedTorsoArmor, 
 - RecipeDef/InstallRampageParasite, 
 - RecipeDef/Make_AM_ADAR, 
 - RecipeDef/Make_AM_AI2A, 
 - RecipeDef/Make_AM_AI2ABulk, 
 - RecipeDef/Make_AM_AK101A, 
 - RecipeDef/Make_AM_AK68A, 
 - RecipeDef/Make_AM_APS, 
 - RecipeDef/Make_AM_ASVAL, 
 - RecipeDef/Make_AM_AScompFD, 
 - RecipeDef/Make_AM_AVT, 
 - RecipeDef/Make_AM_AnalgesicRegenerationInjector, 
 - RecipeDef/Make_AM_AnalgesicRegenerationInjectorBulk, 
 - RecipeDef/Make_AM_BulletproofMask, 
 - RecipeDef/Make_AM_CPHG, 
 - RecipeDef/Make_AM_CellRegenerationInjector, 
 - RecipeDef/Make_AM_CellRegenerationInjectorBulk, 
 - RecipeDef/Make_AM_CompFlakSuit, 
 - RecipeDef/Make_AM_DTMDR, 
 - RecipeDef/Make_AM_FNHG, 
 - RecipeDef/Make_AM_FirstAidKit, 
 - RecipeDef/Make_AM_FirstAidKitBulk, 
 - RecipeDef/Make_AM_FullyEnclosedHelmet, 
 - RecipeDef/Make_AM_Grizzly, 
 - RecipeDef/Make_AM_GrizzlyBulk, 
 - RecipeDef/Make_AM_HemostaticAgent, 
 - RecipeDef/Make_AM_HemostaticAgentBulk, 
 - RecipeDef/Make_AM_Hunter, 
 - RecipeDef/Make_AM_M42U, 
 - RecipeDef/Make_AM_M4A, 
 - RecipeDef/Make_AM_M4ASOP, 
 - RecipeDef/Make_AM_M4C, 
 - RecipeDef/Make_AM_M5A3LT, 
 - RecipeDef/Make_AM_M700A, 
 - RecipeDef/Make_AM_MCX, 
 - RecipeDef/Make_AM_MCXC, 
 - RecipeDef/Make_AM_MK17A, 
 - RecipeDef/Make_AM_MK18M, 
 - RecipeDef/Make_AM_MK4aConcealed, 
 - RecipeDef/Make_AM_MK4aDefensive, 
 - RecipeDef/Make_AM_MK68A, 
 - RecipeDef/Make_AM_MPX, 
 - RecipeDef/Make_AM_MPXL, 
 - RecipeDef/Make_AM_Makarov, 
 - RecipeDef/Make_AM_MetalbloodInjector, 
 - RecipeDef/Make_AM_MetalbloodInjectorBulk, 
 - RecipeDef/Make_AM_NightVisionHelmet, 
 - RecipeDef/Make_AM_PKM, 
 - RecipeDef/Make_AM_PKP, 
 - RecipeDef/Make_AM_R11A, 
 - RecipeDef/Make_AM_RM68A, 
 - RecipeDef/Make_AM_SR25A, 
 - RecipeDef/Make_AM_STM, 
 - RecipeDef/Make_AM_STMC, 
 - RecipeDef/Make_AM_Salewa, 
 - RecipeDef/Make_AM_SalewaBulk, 
 - RecipeDef/Make_AM_Spear68A, 
 - RecipeDef/Make_AM_Spear68C, 
 - RecipeDef/Make_AM_TKB68A, 
 - RecipeDef/Make_AM_VSS, 
 - RecipeDef/Make_LEGO_GiantRockExcavator_Accomplish, 
 - BackstoryDef/AM_ChemicalPlantIntern, 
 - BackstoryDef/AM_DisasterOrphans, 
 - BackstoryDef/AM_FailedExperimentalSubjects, 
 - BackstoryDef/AM_FashionGuy, 
 - BackstoryDef/AM_FormerAthlete, 
 - BackstoryDef/AM_LaboratoryKid, 
 - BackstoryDef/AM_ResearchersChild, 
 - BackstoryDef/AM_RisingStar, 
 - BackstoryDef/AM_RunawayChild, 
 - BackstoryDef/AM_SpecialUnits, 
 - TerrainDef/AM_BlackTile, 
 - TerrainDef/AM_RCFloor, 
 - TerrainDef/AM_Tile, 
 - TerrainDef/AM_WhiteTile, 
 - TraitDef/AM_Elite, 
 - TraitDef/AM_MallGuards, 
 - TraitDef/AM_Slaughter, 
 - ThoughtDef/AM_PotatoChips, 
 - ThoughtDef/AM_Softdrink, 
 - SpecialThingFilterDef/AM_AMGuns_Filter, 
 - SpecialThingFilterDef/AM_Test_Filter, 
 - WeatherDef/AM_Facilities, 
 - TraderKindDef/AM_AncientLogisticsSystem, 
 - MainButtonDef/AM_LevelSchedule, 
 - DesignationCategoryDef/AM_FLOOR, 
 - BiomeDef/AM_UndergroundSpace, 
 - ThingDef/AM_227FURYComponents, 
 - ThingDef/AM_338PrecisionComponents, 
 - ThingDef/AM_ADI, 
 - ThingDef/AM_AVendingMachine, 
 - ThingDef/AM_AbandonedBigBread, 
 - ThingDef/AM_AbandonedBus, 
 - ThingDef/AM_AbandonedForklift, 
 - ThingDef/AM_AllowRightTurn, 
 - ThingDef/AM_AllowableTurn, 
 - ThingDef/AM_AluminumSplint, 
 - ThingDef/AM_Amublance, 
 - ThingDef/AM_AnalgesicRegenerationInjector, 
 - ThingDef/AM_AncientATM, 
 - ThingDef/AM_AncientAirConditioner, 
 - ThingDef/AM_AncientBarrel, 
 - ThingDef/AM_AncientBed, 
 - ThingDef/AM_AncientCashRegister, 
 - ThingDef/AM_AncientContainer, 
 - ThingDef/AM_AncientCrate, 
 - ThingDef/AM_AncientDismantlingWorkbench, 
 - ThingDef/AM_AncientDisplayBank, 
 - ThingDef/AM_AncientEquipmentBlocks, 
 - ThingDef/AM_AncientFence, 
 - ThingDef/AM_AncientFuelNode, 
 - ThingDef/AM_AncientGenerator, 
 - ThingDef/AM_AncientGrizzly, 
 - ThingDef/AM_AncientHydrant, 
 - ThingDef/AM_AncientKitchenSink, 
 - ThingDef/AM_AncientLockerBank, 
 - ThingDef/AM_AncientMachine, 
 - ThingDef/AM_AncientMicrowave, 
 - ThingDef/AM_AncientMilitaryCrate, 
 - ThingDef/AM_AncientOperatingTable, 
 - ThingDef/AM_AncientOven, 
 - ThingDef/AM_AncientPipelineSection, 
 - ThingDef/AM_AncientPipes, 
 - ThingDef/AM_AncientPodCar, 
 - ThingDef/AM_AncientRazorWire, 
 - ThingDef/AM_AncientRefrigerator, 
 - ThingDef/AM_AncientRevolvingDoorA, 
 - ThingDef/AM_AncientRevolvingDoorB, 
 - ThingDef/AM_AncientRevolvingDoorC, 
 - ThingDef/AM_AncientRoadblocks, 
 - ThingDef/AM_AncientRustedCar, 
 - ThingDef/AM_AncientRustedCarFrame, 
 - ThingDef/AM_AncientRustedJeep, 
 - ThingDef/AM_AncientRustedTruck, 
 - ThingDef/AM_AncientSecurityTurret, 
 - ThingDef/AM_AncientShoppingCart, 
 - ThingDef/AM_AncientStove, 
 - ThingDef/AM_AncientTankTrap, 
 - ThingDef/AM_AncientToilet, 
 - ThingDef/AM_AncientTruckCarriages, 
 - ThingDef/AM_AncientVendingMachine, 
 - ThingDef/AM_AncientWheel, 
 - ThingDef/AM_Antibiotic, 
 - ThingDef/AM_AramidCloth, 
 - ThingDef/AM_ArmoredGate, 
 - ThingDef/AM_ArmoredGateL, 
 - ThingDef/AM_ArmoredGateS, 
 - ThingDef/AM_ArmoredGateXS, 
 - ThingDef/AM_ArmoredGate_invincible, 
 - ThingDef/AM_Arrow, 
 - ThingDef/AM_AtriumA, 
 - ThingDef/AM_AtriumB, 
 - ThingDef/AM_AtriumC, 
 - ThingDef/AM_AtriumCorridorEast, 
 - ThingDef/AM_AtriumCorridorNorth, 
 - ThingDef/AM_BDAShelfA, 
 - ThingDef/AM_BDAShelfA_Open_Decoration, 
 - ThingDef/AM_BDAShelfB, 
 - ThingDef/AM_BDAShelfB_Open_Decoration, 
 - ThingDef/AM_BTR82A, 
 - ThingDef/AM_BakingThermometer, 
 - ThingDef/AM_BigCase, 
 - ThingDef/AM_BigCase_Open_Decoration, 
 - ThingDef/AM_BigSurgicalBag, 
 - ThingDef/AM_Bishop, 
 - ThingDef/AM_BlockedElevators, 
 - ThingDef/AM_BlockedElevatorsA, 
 - ThingDef/AM_BlockedElevatorsD, 
 - ThingDef/AM_BlockedElevatorsDA, 
 - ThingDef/AM_BlockedLargeElevator, 
 - ThingDef/AM_BlockedStairs, 
 - ThingDef/AM_BlockedStairsD, 
 - ThingDef/AM_BlockedStairsX, 
 - ThingDef/AM_BlockedUndergroundGarageEntrance, 
 - ThingDef/AM_BookCase, 
 - ThingDef/AM_BrassLionStatue, 
 - ThingDef/AM_BriefCase, 
 - ThingDef/AM_BriefCase_SalvagePoint, 
 - ThingDef/AM_Budweiser, 
 - ThingDef/AM_BurgerPaperBag, 
 - ThingDef/AM_BurgerPaperBox, 
 - ThingDef/AM_BusRouteSignA, 
 - ThingDef/AM_BusRouteSignB, 
 - ThingDef/AM_BusStop, 
 - ThingDef/AM_CPU, 
 - ThingDef/AM_CannedBraisedPorkbelly, 
 - ThingDef/AM_CannedHerring, 
 - ThingDef/AM_CannedPeas, 
 - ThingDef/AM_CannedStewedBeef, 
 - ThingDef/AM_CardboardBox, 
 - ThingDef/AM_CardboardBox_Impassable, 
 - ThingDef/AM_CellRegenerationInjector, 
 - ThingDef/AM_ClothesHanger, 
 - ThingDef/AM_ClothesHangerEmpty_Decoration, 
 - ThingDef/AM_Coca, 
 - ThingDef/AM_ComponentWeapon, 
 - ThingDef/AM_ComputerCase, 
 - ThingDef/AM_Cone, 
 - ThingDef/AM_ConfidentialIntelMapA, 
 - ThingDef/AM_ConfidentialIntelMapB, 
 - ThingDef/AM_ConstructionSite, 
 - ThingDef/AM_Counter_Atlas_JewelryA, 
 - ThingDef/AM_Counter_Atlas_JewelryB, 
 - ThingDef/AM_Counter_Atlas_Weapon, 
 - ThingDef/AM_Crossroad, 
 - ThingDef/AM_Crosstie, 
 - ThingDef/AM_Crown, 
 - ThingDef/AM_D2A, 
 - ThingDef/AM_DK, 
 - ThingDef/AM_DamagedEmptyShelves, 
 - ThingDef/AM_DeliciousCannedBeef, 
 - ThingDef/AM_DilapidatedMap, 
 - ThingDef/AM_DiningChair, 
 - ThingDef/AM_DoubleDeckRacks, 
 - ThingDef/AM_DoubleDeckRacks_Open_Decoration, 
 - ThingDef/AM_DownwardStairs, 
 - ThingDef/AM_Effigy, 
 - ThingDef/AM_ElectricalBox, 
 - ThingDef/AM_ElectricalTape, 
 - ThingDef/AM_EmptyBox, 
 - ThingDef/AM_EmptyCans, 
 - ThingDef/AM_EmptyShelves_Decoration, 
 - ThingDef/AM_Entrance_Bunker, 
 - ThingDef/AM_Entrance_CommercialStreet, 
 - ThingDef/AM_Entrance_LargeElevator, 
 - ThingDef/AM_Entrance_Mall_A, 
 - ThingDef/AM_Entrance_Mall_B, 
 - ThingDef/AM_Entrance_ReserveBunker, 
 - ThingDef/AM_Entrance_Shelter, 
 - ThingDef/AM_Entrance_Subway, 
 - ThingDef/AM_Entrance_UndergroundGarage, 
 - ThingDef/AM_EssentialBalm, 
 - ThingDef/AM_Exit_DoubleElevator, 
 - ThingDef/AM_Exit_Elevator, 
 - ThingDef/AM_Exit_L, 
 - ThingDef/AM_Exit_S, 
 - ThingDef/AM_Exit_Staircase, 
 - ThingDef/AM_Exit_Staircase_LargeElevator, 
 - ThingDef/AM_Exit_Staircase_UndergroundGarage, 
 - ThingDef/AM_Fanta, 
 - ThingDef/AM_Filth_DriedBlood, 
 - ThingDef/AM_Filth_MoldyUniform, 
 - ThingDef/AM_Filth_OilSmear, 
 - ThingDef/AM_Filth_ScatteredDocuments, 
 - ThingDef/AM_FireTruck, 
 - ThingDef/AM_FirstAidKit, 
 - ThingDef/AM_FloorSignageA, 
 - ThingDef/AM_FloorSignageB, 
 - ThingDef/AM_FloorSignageC, 
 - ThingDef/AM_FloorSignageD, 
 - ThingDef/AM_Freezer, 
 - ThingDef/AM_FreightTrainCarriages, 
 - ThingDef/AM_FrontDesk, 
 - ThingDef/AM_FrontDeskB, 
 - ThingDef/AM_GPU, 
 - ThingDef/AM_GameConsole, 
 - ThingDef/AM_GoldenEgg, 
 - ThingDef/AM_GoldenRoosterStatue, 
 - ThingDef/AM_Grizzly, 
 - ThingDef/AM_HDD, 
 - ThingDef/AM_HG, 
 - ThingDef/AM_HallSignage, 
 - ThingDef/AM_HeavyCompositePlate, 
 - ThingDef/AM_HemostaticAgent, 
 - ThingDef/AM_Ibuprofen, 
 - ThingDef/AM_IndicatorLine, 
 - ThingDef/AM_IndicatorLine_Yellow, 
 - ThingDef/AM_Injection_StorageRacks, 
 - ThingDef/AM_IntegratedTorsoArmor, 
 - ThingDef/AM_IntelMap, 
 - ThingDef/AM_KeyCard, 
 - ThingDef/AM_Knight, 
 - ThingDef/AM_LBT, 
 - ThingDef/AM_LBT_Decoration, 
 - ThingDef/AM_LEDX, 
 - ThingDef/AM_LEGO_GiantRockExcavator_NotOpen, 
 - ThingDef/AM_LargeBackpack, 
 - ThingDef/AM_LargeBackpack_Decoration, 
 - ThingDef/AM_LargeScreenTelevision, 
 - ThingDef/AM_MBSS, 
 - ThingDef/AM_MBSS_Decoration, 
 - ThingDef/AM_MI26_D, 
 - ThingDef/AM_MallBench, 
 - ThingDef/AM_MallColumn, 
 - ThingDef/AM_MallPew, 
 - ThingDef/AM_MallWoodenBench, 
 - ThingDef/AM_ManAtWork, 
 - ThingDef/AM_MaterialElevatorA, 
 - ThingDef/AM_MaterialElevatorB, 
 - ThingDef/AM_MaterialElevatorC, 
 - ThingDef/AM_MaterialElevatorD, 
 - ThingDef/AM_MedicalSupplies_StorageRacks, 
 - ThingDef/AM_MetalbloodInjector, 
 - ThingDef/AM_MilitarySupplies_StorageRacks, 
 - ThingDef/AM_MilkBeer, 
 - ThingDef/AM_Model, 
 - ThingDef/AM_ModelEmpty, 
 - ThingDef/AM_Modelf, 
 - ThingDef/AM_ModelfEmpty, 
 - ThingDef/AM_MotorVehicleLane, 
 - ThingDef/AM_NoAccess, 
 - ThingDef/AM_NoGhoul, 
 - ThingDef/AM_NoParking, 
 - ThingDef/AM_NoTurningAaround, 
 - ThingDef/AM_Notice, 
 - ThingDef/AM_OilDrum, 
 - ThingDef/AM_OldBigCase, 
 - ThingDef/AM_OldFreezer_Decoration, 
 - ThingDef/AM_OldSmallCase, 
 - ThingDef/AM_OldWeaponCase, 
 - ThingDef/AM_OneLiterGlassAdhesive, 
 - ThingDef/AM_Palisade, 
 - ThingDef/AM_PaperBox_A, 
 - ThingDef/AM_PaperBox_A_Open_Decoration, 
 - ThingDef/AM_PaperBox_B, 
 - ThingDef/AM_PaperBox_B_Open_Decoration, 
 - ThingDef/AM_PaperBox_C, 
 - ThingDef/AM_PaperBox_C_Open_Decoration, 
 - ThingDef/AM_ParkingLotColumn, 
 - ThingDef/AM_ParkingLotSignage, 
 - ThingDef/AM_ParkingPermitted, 
 - ThingDef/AM_ParterreA, 
 - ThingDef/AM_ParterreB, 
 - ThingDef/AM_ParterreC, 
 - ThingDef/AM_ParterreD_East, 
 - ThingDef/AM_ParterreD_north, 
 - ThingDef/AM_Pawn, 
 - ThingDef/AM_PelvicHammock, 
 - ThingDef/AM_PostmanShoulderBag, 
 - ThingDef/AM_PostmanShoulderBag_Decoration, 
 - ThingDef/AM_PotatoChips, 
 - ThingDef/AM_Queen, 
 - ThingDef/AM_RFC, 
 - ThingDef/AM_RadioIntercom, 
 - ThingDef/AM_Rail, 
 - ThingDef/AM_RampageParasite, 
 - ThingDef/AM_Refrigerator, 
 - ThingDef/AM_RefrigeratorEmpty, 
 - ThingDef/AM_RollingShutter, 
 - ThingDef/AM_RollingShutter_I, 
 - ThingDef/AM_RollingShutter_II, 
 - ThingDef/AM_RollingShutter_III, 
 - ThingDef/AM_RollingShutter_III_HP, 
 - ThingDef/AM_RollingShutter_II_HP, 
 - ThingDef/AM_RollingShutter_I_HP, 
 - ThingDef/AM_RollingShutter_NoHP, 
 - ThingDef/AM_Rook, 
 - ThingDef/AM_RustyEmptyShelves_Decoration, 
 - ThingDef/AM_SICC, 
 - ThingDef/AM_SICC_SalvagePoint, 
 - ThingDef/AM_SSD, 
 - ThingDef/AM_Scav, 
 - ThingDef/AM_Scav_Decoration, 
 - ThingDef/AM_ShoppingMallGuideMap, 
 - ThingDef/AM_SlideSign, 
 - ThingDef/AM_SmallCase, 
 - ThingDef/AM_SmallCase_Open_Decoration, 
 - ThingDef/AM_SmallGenerator, 
 - ThingDef/AM_SmallShoppingGuideMapA, 
 - ThingDef/AM_SmallShoppingGuideMapB, 
 - ThingDef/AM_SmallShoppingGuideMapC, 
 - ThingDef/AM_Snack_StorageRacks, 
 - ThingDef/AM_SpeedLimit40KPH, 
 - ThingDef/AM_SpiritualFortressA, 
 - ThingDef/AM_SpiritualFortressB, 
 - ThingDef/AM_SpiritualFortressC, 
 - ThingDef/AM_SpiritualFortressD, 
 - ThingDef/AM_SportsBag, 
 - ThingDef/AM_SportsBag_Decoration, 
 - ThingDef/AM_Sprite, 
 - ThingDef/AM_SteepAscent, 
 - ThingDef/AM_StorageRacks, 
 - ThingDef/AM_SurgicalBag, 
 - ThingDef/AM_THICC, 
 - ThingDef/AM_ThreeLayerRacks, 
 - ThingDef/AM_ThreeLayerRacks_Open_Decoration, 
 - ThingDef/AM_TousledStorageRacks, 
 - ThingDef/AM_Trader, 
 - ThingDef/AM_TransportPod, 
 - ThingDef/AM_TravelBag, 
 - ThingDef/AM_TravelBag_Decoration, 
 - ThingDef/AM_TsingtaoBeer, 
 - ThingDef/AM_TurnAround, 
 - ThingDef/AM_UHMWPEPlate, 
 - ThingDef/AM_VC, 
 - ThingDef/AM_VegetableShelf, 
 - ThingDef/AM_VegetableShelfEmpty_Decoration, 
 - ThingDef/AM_VendingMachine, 
 - ThingDef/AM_VendingMachine_Decoration, 
 - ThingDef/AM_VirutalMiner, 
 - ThingDef/AM_Wall_Atlas_AcientConcrete, 
 - ThingDef/AM_Wall_Atlas_AcientConcrete_HP, 
 - ThingDef/AM_Wall_Atlas_Concrete, 
 - ThingDef/AM_Wall_Atlas_Concrete_HP, 
 - ThingDef/AM_Wall_Atlas_Glass, 
 - ThingDef/AM_Wall_Atlas_LoadBearing, 
 - ThingDef/AM_WatchForBug, 
 - ThingDef/AM_WatchForGorehulk, 
 - ThingDef/AM_WatchForMachine, 
 - ThingDef/AM_WatchForMetalhorror, 
 - ThingDef/AM_WatchForNoctol, 
 - ThingDef/AM_WayBill, 
 - ThingDef/AM_WeaponCase, 
 - ThingDef/AM_WeaponCaseLow, 
 - ThingDef/AM_WeaponCase_Open_Decoration, 
 - ThingDef/AM_brokedLogisticsTerminal, 
 - ThingDef/LEGO_MediumCrane_Accomplish, 
 - ThingDef/Techprint_AM_RecyclingAssembly, 
 - ThingDef/Boomalope, 
 - ThingDef/Boomrat, 
 - ThingDef/VFEI2_Boomtick, 
 - ThingDef/GR_Bearalope, 
 - ThingDef/GR_Boomabear, 
 - ThingDef/GR_Boomalisk, 
 - ThingDef/GR_Boombeetle, 
 - ThingDef/GR_Boomcat, 
 - ThingDef/GR_Boomffalo, 
 - ThingDef/GR_Boomsnake, 
 - ThingDef/GR_Boomsquirrel, 
 - ThingDef/GR_Chickenlope, 
 - ThingDef/GR_Manalope, 
 - ThingDef/GR_ParagonBoomalope, 
 - ThingDef/GR_Squirralope, 
 - AbilityDef/VQEA_Levitation, 
 - GeneDef/VQEA_Levitation, 
 - AbilityDef/VQEA_Invisibility, 
 - GeneDef/VQEA_Invisibility, 
 - AbilityDef/VQEA_InfernoSpew, 
 - GeneDef/VQEA_InfernoSpew, 
 - AbilityDef/VQEA_HellsphereBlast, 
 - GeneDef/VQEA_HellsphereBlast, 
 - ThingDef/AA_Feralisk, 
 - ThingDef/AA_FeraliskClutchMother, 
 - ThingDef/AA_FeraliskEggFertilized, 
 - ThingDef/AA_FeraliskEggUnfertilized, 
 - ThingDef/AA_FeraliskSuperEggFertilized, 
 - ThingDef/AA_Cinderlisk, 
 - ThingDef/AA_CinderliskEggFertilized, 
 - ThingDef/AA_Animalisk, 
 - ThingDef/AA_AnimaliskEggFertilized, 
 - ThingDef/AA_Dunealisk, 
 - ThingDef/AA_DunealiskClutchMother, 
 - ThingDef/AA_DunealiskEggFertilized, 
 - ThingDef/AA_DunealiskSuperEggFertilized, 
 - ThingDef/AA_Junglelisk, 
 - ThingDef/AA_JungleliskEggFertilized, 
 - IncidentDef/AA_IncidentAnimaliskEnters, 
 - IncidentDef/AA_IncidentDunealiskClutchMother, 
 - IncidentDef/AA_IncidentFeraliskClutchMother, 
 - ThingDef/BMT_Maguana, 
 - ThingDef/BMT_EggMaguanaFertilized, 
 - ThingDef/BMT_EggMaguanaUnfertilized, 
 - BackstoryDef/REBC118, 
 - BackstoryDef/REBC119, 
 - BackstoryDef/REBC120, 
 - BackstoryDef/REBC121, 
 - BackstoryDef/SH_MED_LandlessKnight, 
 - BackstoryDef/SH_MED_MedievalCommander, 
 - BackstoryDef/SH_MED_MedievalLabourer, 
 - BackstoryDef/SH_MED_MedievalMason, 
 - BackstoryDef/SH_MED_MedievalRoyalty, 
 - BackstoryDef/SH_MED_MedievalScholar, 
 - BackstoryDef/SH_MED_PlagueDoctor, 
 - BackstoryDef/SH_MED_ReligiousKnight, 
 - BackstoryDef/SH_MED_RuralLord, 
 - BackstoryDef/VA_MED_Archer, 
 - BackstoryDef/VA_MED_Brave, 
 - BackstoryDef/VA_MED_ConventChild, 
 - BackstoryDef/VA_MED_CountryLordling, 
 - BackstoryDef/VA_MED_MedievalLordling, 
 - BackstoryDef/VA_MED_MedievalSlave, 
 - BackstoryDef/VA_MED_PoliticalCaptive, 
 - BackstoryDef/VA_MED_RichKid, 
 - BackstoryDef/VA_MED_RoyalBastard, 
 - BackstoryDef/VA_MED_RoyalMasseuse, 
 - BackstoryDef/VA_MED_ServingBoy, 
 - BackstoryDef/VA_MED_UnwantedSurvivor, 
 - BackstoryDef/VA_MED_Warrior, 
 - BackstoryDef/VQE_ArchiteVolunteer1, 
 - BackstoryDef/VQE_BetrayalStudy21, 
 - BackstoryDef/VQE_BoneReforged6, 
 - BackstoryDef/VQE_BrainProbed8, 
 - BackstoryDef/VQE_CombatDrills15, 
 - BackstoryDef/VQE_CompassionPunished24, 
 - BackstoryDef/VQE_DeceptionStudy16, 
 - BackstoryDef/VQE_EnhancedSoldier5, 
 - BackstoryDef/VQE_EyeReplaced10, 
 - BackstoryDef/VQE_FalseFamily22, 
 - BackstoryDef/VQE_GeneFighter3, 
 - BackstoryDef/VQE_GroupConflict17, 
 - BackstoryDef/VQE_IdealPatient, 
 - BackstoryDef/VQE_IsolationChamber14, 
 - BackstoryDef/VQE_IsolationTest19, 
 - BackstoryDef/VQE_KidnappedChild, 
 - BackstoryDef/VQE_LossExperiment20, 
 - BackstoryDef/VQE_MilitaryExperiment4, 
 - BackstoryDef/VQE_MuscleStitched9, 
 - BackstoryDef/VQE_ObedienceTrial18, 
 - BackstoryDef/VQE_PainTolerance13, 
 - BackstoryDef/VQE_SilenceStudy25, 
 - BackstoryDef/VQE_SkinGrafted7, 
 - BackstoryDef/VQE_StarvationTrial23, 
 - BackstoryDef/VQE_StressTest11, 
 - BackstoryDef/VQE_ToxicExposure12, 
 - BackstoryDef/VQE_TrialSubject2, 
 - BackstoryDef/VREA_ArchohavenArchitect, 
 - BackstoryDef/VREA_ArchonCadet, 
 - BackstoryDef/VREA_ArchonChildExplorer, 
 - BackstoryDef/VREA_ArchonCrystalCarver, 
 - BackstoryDef/VREA_ArchonDimensionalFarmer, 
 - BackstoryDef/VREA_ArchonDreamchild, 
 - BackstoryDef/VREA_ArchonDreamseer, 
 - BackstoryDef/VREA_ArchonLuminaryApprentice, 
 - BackstoryDef/VREA_ArchonMindweaver, 
 - BackstoryDef/VREA_ArchonNexusScholar, 
 - BackstoryDef/VREA_ArchonNexusborn, 
 - BackstoryDef/VREA_ArchonNoviceCasterChild, 
 - BackstoryDef/VREA_ArchonPsyLord, 
 - BackstoryDef/VREA_ArchonStarChild, 
 - BackstoryDef/VREA_ArchonStarwhisperer, 
 - BackstoryDef/VREA_ArchonStrategyProdigy, 
 - BackstoryDef/VREA_ArchonVoidrunner, 
 - BackstoryDef/VREA_ArchonVoidwalker, 
 - BackstoryDef/VREA_AstralHunter, 
 - BackstoryDef/VREA_AstralVanguard, 
 - BackstoryDef/VREA_CelestialDiplomat, 
 - BackstoryDef/VREA_CelestialStrategist, 
 - BackstoryDef/VREA_DimensionalArtisan, 
 - BackstoryDef/VREA_DimensionalNomad, 
 - BackstoryDef/VREA_DimensionalPhilosopher, 
 - BackstoryDef/VREA_DimensionalSmith, 
 - BackstoryDef/VREA_DimensionalStrategist, 
 - BackstoryDef/VREA_DimensionalWarden, 
 - BackstoryDef/VREA_EclipsedGeneral, 
 - BackstoryDef/VREA_EltexAlchemist, 
 - BackstoryDef/VREA_EltexHunter, 
 - BackstoryDef/VREA_EltexScholar, 
 - BackstoryDef/VREA_EtherealAgriculturist, 
 - BackstoryDef/VREA_EtherealAssassin, 
 - BackstoryDef/VREA_HarmonicArtisan, 
 - BackstoryDef/VREA_HarmonicTuner, 
 - BackstoryDef/VREA_NexusGuard, 
 - BackstoryDef/VREA_OmnipotentGardener, 
 - BackstoryDef/VREA_StarWhisperer, 
 - BackstoryDef/VREA_StellarAgriculturist, 
 - BackstoryDef/VREA_StellarCartographer, 
 - BackstoryDef/VREA_VoidFarmer, 
 - BackstoryDef/VREA_VoidHarmonizer, 
 - BackstoryDef/VREA_VoidHarmonizer2, 
 - BackstoryDef/VREA_VoidMarauder, 
 - BackstoryDef/VREA_VoidMediator, 
 - BackstoryDef/VREA_VoidPhilosopher, 
 - BackstoryDef/VREA_VoidStrider, 
 - BackstoryDef/VREA_VoidVanguard, 
 - BackstoryDef/VREA_VoidWhisperer, 
 - BackstoryDef/VREA_VoidshieldGuardian, 
 - BackstoryDef/VREA_WarpBladesman, 
 - ThingDef/BMAD_GrowthTurret, 
 - ThingDef/BMAD_ShrinkTurret, 
 - ThingDef/BreadMoAM_Turret_ShotgunTurret, 
 - ThingDef/BreadMoAM_Turret_ShotgunTurretN, 
 - ThingDef/DP_MinigunTurret, 
 - ThingDef/DeadColumnMod, 
 - ThingDef/FT_AutoCannon, 
 - ThingDef/FT_Maxim4M, 
 - ThingDef/FT_Turret_Mortar, 
 - ThingDef/Metalhorror, 
 - ThingDef/ShipWallMountMiniTurret, 
 - ThingDef/Trispike, 
 - ThingDef/Turret_AncientArmoredTurret, 
 - ThingDef/Turret_AutoMiniTurret, 
 - ThingDef/Turret_Autocannon, 
 - ThingDef/Turret_MiniTurret, 
 - ThingDef/Turret_Mortar, 
 - ThingDef/Turret_TacticalTurret, 
 - ThingDef/VFES_Complex_Charge, 
 - ThingDef/VFES_Complex_Hmg, 
 - ThingDef/VFES_Complex_Minigun, 
 - ThingDef/VFES_Turret_ArmoredTurret, 
 - ThingDef/VFES_Turret_ChargeTurret, 
 - ThingDef/VFES_Turret_Concealed, 
 - ThingDef/VFES_Turret_MilitaryTurret, 
 - ThingDef/VFES_Turret_ShotgunTurret, 
 - ThingDef/VGE_PointDefenseTurret, 
 - ThingDef/VQE_AncientShieldedTurret, 
 - ThingDef/VulcanTurret, 
 - PawnKindDef/Ghoul, 
 - PawnKindDef/Metalhorror, 
 - PawnKindDef/ShamblerSoldier, 
 - PawnKindDef/ShamblerSwarmer, 
 - PawnKindDef/Trispike, 
 - TraitDef/VQE_IdealPatient, 
 - FactionDef/BS_Dvergr_Medieval_Union, 
 - FactionDef/BS_LittlePeople, 
 - FactionDef/BS_Muspelheim, 
 - FactionDef/BS_Niflheim, 
 - FactionDef/BS_OgreFaction, 
 - PawnKindDef/BS_CrossbowDvergr, 
 - PawnKindDef/BS_Crossbowman, 
 - PawnKindDef/BS_DvergrGunner, 
 - PawnKindDef/BS_DvergrMecha, 
 - PawnKindDef/BS_DvergrSniper, 
 - PawnKindDef/BS_DvergrTraditionalist, 
 - PawnKindDef/BS_Dvergr_Artificer, 
 - PawnKindDef/BS_Dvergr_Knight, 
 - PawnKindDef/BS_Dvergr_Lord, 
 - PawnKindDef/BS_FleshGolemWarrior, 
 - PawnKindDef/BS_Jotun_Berserker, 
 - PawnKindDef/BS_Jotun_Berserker_Limited, 
 - PawnKindDef/BS_Jotun_Berserker_Simple, 
 - PawnKindDef/BS_Jotun_Hunter, 
 - PawnKindDef/BS_Jotun_Javelin, 
 - PawnKindDef/BS_Jotun_Knight, 
 - PawnKindDef/BS_Jotun_Lord, 
 - PawnKindDef/BS_Jotun_Lord_Limited, 
 - PawnKindDef/BS_Jotun_Modernized, 
 - PawnKindDef/BS_Jotun_Modernized_Limited, 
 - PawnKindDef/BS_Jotun_MuspelKnight_Limited, 
 - PawnKindDef/BS_Jotun_NiflJavelin, 
 - PawnKindDef/BS_Jotun_NiflKnight, 
 - PawnKindDef/BS_Jotun_NiflKnight_Limited, 
 - PawnKindDef/BS_Jotun_Raider, 
 - PawnKindDef/BS_Jotun_RaiderLord, 
 - PawnKindDef/BS_Jotun_RaiderLord_Limited, 
 - PawnKindDef/BS_LittleBigVillager, 
 - PawnKindDef/BS_NisseGunner, 
 - PawnKindDef/BS_NisseMecha, 
 - PawnKindDef/BS_Nisse_Mage, 
 - PawnKindDef/BS_Ogre_Berserker, 
 - PawnKindDef/BS_Ogre_Chieftain, 
 - PawnKindDef/BS_Ogre_Cook, 
 - PawnKindDef/BS_Ogre_Hunter, 
 - PawnKindDef/BS_Ogre_Warrior, 
 - PawnKindDef/BS_PilotedFleshGolemWarrior, 
 - PawnKindDef/BS_RedcapSlasher, 
 - PawnKindDef/BS_RedcapSlasherMk2, 
 - PawnKindDef/BS_Troll_Archer_Young, 
 - PawnKindDef/BS_Troll_Raider_Adult, 
 - PawnKindDef/BS_Troll_Raider_Adult2, 
 - PawnKindDef/BS_Troll_Ranged_Adult, 
 - PawnKindDef/BS_Troll_Ranged_Adult2, 
 - PawnKindDef/BS_Troll_Simple_Adult, 
 - PawnKindDef/BS_Troll_Simple_Ancient, 
 - PawnKindDef/BS_Troll_Simple_Old, 
 - PawnKindDef/BS_Troll_Simple_Young, 
 - RecipeDef/Make_BS_BarbarianArmor, 
 - RecipeDef/Make_BS_Nisse_Cap, 
 - RecipeDef/Make_VFEM_Bow_HeavyCrossbow, 
 - ScenarioDef/BS_Exiled_Jotun_Adventurer, 
 - ThingDef/BS_BarbarianArmor, 
 - ThingDef/VFEM_Bow_HeavyCrossbow, 
 - TraderKindDef/BS_Base_Ogre, 
 - TraderKindDef/BS_Caravan_Ogre, 
 - XenotypeDef/BS_BrokenTitan, 
 - XenotypeDef/BS_Corrupterd_Titan, 
 - XenotypeDef/BS_Dwarf, 
 - XenotypeDef/BS_FireJotun, 
 - XenotypeDef/BS_FleshGolemServant, 
 - XenotypeDef/BS_FrostJotun, 
 - XenotypeDef/BS_Gnome, 
 - XenotypeDef/BS_GreatOgre, 
 - XenotypeDef/BS_Half_Jotun, 
 - XenotypeDef/BS_Hearthdoll, 
 - XenotypeDef/BS_Hearthguard, 
 - XenotypeDef/BS_Jotun, 
 - XenotypeDef/BS_Ogre, 
 - XenotypeDef/BS_PilotableFleshGolem, 
 - XenotypeDef/BS_Redcap, 
 - XenotypeDef/BS_Surtr, 
 - XenotypeDef/BS_Svartalf, 
 - XenotypeDef/BS_Troll, 
 - XenotypeDef/BS_TrollAdult, 
 - XenotypeDef/BS_TrollOld, 
 - XenotypeDef/BS_Ymir, 
 - GeneDef/Outland_XenotypeAscension_BS_BrokenTitan, 
 - AbilityDef/Outland_XenotypeImplanter_BS_BrokenTitan, 
 - GeneDef/Outland_XenotypeImplanter_BS_BrokenTitan, 
 - GeneDef/Outland_XenotypeAscension_BS_Corrupterd_Titan, 
 - AbilityDef/Outland_XenotypeImplanter_BS_Corrupterd_Titan, 
 - GeneDef/Outland_XenotypeImplanter_BS_Corrupterd_Titan, 
 - GeneDef/Outland_XenotypeAscension_BS_Dwarf, 
 - AbilityDef/Outland_XenotypeImplanter_BS_Dwarf, 
 - GeneDef/Outland_XenotypeImplanter_BS_Dwarf, 
 - GeneDef/Outland_XenotypeAscension_BS_FireJotun, 
 - AbilityDef/Outland_XenotypeImplanter_BS_FireJotun, 
 - GeneDef/Outland_XenotypeImplanter_BS_FireJotun, 
 - GeneDef/Outland_XenotypeAscension_BS_FleshGolemServant, 
 - AbilityDef/Outland_XenotypeImplanter_BS_FleshGolemServant, 
 - GeneDef/Outland_XenotypeImplanter_BS_FleshGolemServant, 
 - GeneDef/Outland_XenotypeAscension_BS_FrostJotun, 
 - AbilityDef/Outland_XenotypeImplanter_BS_FrostJotun, 
 - GeneDef/Outland_XenotypeImplanter_BS_FrostJotun, 
 - GeneDef/Outland_XenotypeAscension_BS_Gnome, 
 - AbilityDef/Outland_XenotypeImplanter_BS_Gnome, 
 - GeneDef/Outland_XenotypeImplanter_BS_Gnome, 
 - GeneDef/Outland_XenotypeAscension_BS_GreatOgre, 
 - AbilityDef/Outland_XenotypeImplanter_BS_GreatOgre, 
 - GeneDef/Outland_XenotypeImplanter_BS_GreatOgre, 
 - GeneDef/Outland_XenotypeAscension_BS_Half_Jotun, 
 - AbilityDef/Outland_XenotypeImplanter_BS_Half_Jotun, 
 - GeneDef/Outland_XenotypeImplanter_BS_Half_Jotun, 
 - GeneDef/Outland_XenotypeAscension_BS_Hearthdoll, 
 - AbilityDef/Outland_XenotypeImplanter_BS_Hearthdoll, 
 - GeneDef/Outland_XenotypeImplanter_BS_Hearthdoll, 
 - GeneDef/Outland_XenotypeAscension_BS_Hearthguard, 
 - AbilityDef/Outland_XenotypeImplanter_BS_Hearthguard, 
 - GeneDef/Outland_XenotypeImplanter_BS_Hearthguard, 
 - GeneDef/Outland_XenotypeAscension_BS_Jotun, 
 - AbilityDef/Outland_XenotypeImplanter_BS_Jotun, 
 - GeneDef/Outland_XenotypeImplanter_BS_Jotun, 
 - GeneDef/Outland_XenotypeAscension_BS_Ogre, 
 - AbilityDef/Outland_XenotypeImplanter_BS_Ogre, 
 - GeneDef/Outland_XenotypeImplanter_BS_Ogre, 
 - GeneDef/Outland_XenotypeAscension_BS_PilotableFleshGolem, 
 - AbilityDef/Outland_XenotypeImplanter_BS_PilotableFleshGolem, 
 - GeneDef/Outland_XenotypeImplanter_BS_PilotableFleshGolem, 
 - GeneDef/Outland_XenotypeAscension_BS_Redcap, 
 - AbilityDef/Outland_XenotypeImplanter_BS_Redcap, 
 - GeneDef/Outland_XenotypeImplanter_BS_Redcap, 
 - GeneDef/Outland_XenotypeAscension_BS_Surtr, 
 - AbilityDef/Outland_XenotypeImplanter_BS_Surtr, 
 - GeneDef/Outland_XenotypeImplanter_BS_Surtr, 
 - GeneDef/Outland_XenotypeAscension_BS_Svartalf, 
 - AbilityDef/Outland_XenotypeImplanter_BS_Svartalf, 
 - GeneDef/Outland_XenotypeImplanter_BS_Svartalf, 
 - GeneDef/Outland_XenotypeAscension_BS_Troll, 
 - AbilityDef/Outland_XenotypeImplanter_BS_Troll, 
 - GeneDef/Outland_XenotypeImplanter_BS_Troll, 
 - GeneDef/Outland_XenotypeAscension_BS_TrollAdult, 
 - AbilityDef/Outland_XenotypeImplanter_BS_TrollAdult, 
 - GeneDef/Outland_XenotypeImplanter_BS_TrollAdult, 
 - GeneDef/Outland_XenotypeAscension_BS_TrollOld, 
 - AbilityDef/Outland_XenotypeImplanter_BS_TrollOld, 
 - GeneDef/Outland_XenotypeImplanter_BS_TrollOld, 
 - GeneDef/Outland_XenotypeAscension_BS_Ymir, 
 - AbilityDef/Outland_XenotypeImplanter_BS_Ymir, 
 - GeneDef/Outland_XenotypeImplanter_BS_Ymir, 
 - ThingDef/OuterRim_TibannaSiphon, 
 - ThingDef/OuterRim_TibannaExtractorLight, 
 - ThingDef/OuterRim_TibannaExtractorHeavy
[LoadTracer] ctor 325/1563: CherryPicker.DefUtility [CherryPicker]
[LoadTracer] ctor 326/1563: Multiplayer.API.MP [0MultiplayerAPI]
[LoadTracer] ctor 327/1563: Fortified.CompProperties_AbilitySelfExplosion [Fortified]
[LoadTracer] ctor 328/1563: Fortified.CompProperties_AbilityDirectionalExplosion [Fortified]
[LoadTracer] ctor 329/1563: Fortified.DefInjection_CompPaintable [Fortified]
[LoadTracer] ctor 330/1563: Fortified.FFF_AssetLoader [Fortified]
[LoadTracer] ctor 331/1563: Fortified.FFF_Icons [Fortified]
[LoadTracer] ctor 332/1563: Fortified.CompMechApparel [Fortified]
[LoadTracer] ctor 333/1563: Fortified.Patch_Bill_ProductionMech_CreateProducts [Fortified]
[LoadTracer] ctor 334/1563: Fortified.Patch_Pawn_DropAndForbidEverything [Fortified]
[LoadTracer] ctor 335/1563: Fortified.HarmonyEntry [Fortified]
[LoadTracer] ctor 336/1563: Fortified.Patch_PawnRenderUtility_DrawAimingApparel [Fortified]
[LoadTracer] ctor 337/1563: Fortified.Patch_BossgroupEverCallable [Fortified]
[LoadTracer] ctor 338/1563: Fortified.Patch_SelectionDrawer_BuildingMover [Fortified]
[LoadTracer] ctor 339/1563: Fortified.ReplaceBuildingValidator [Fortified]
[LoadTracer] ctor 340/1563: Fortified.Gizmo_DamageBlockerStatus [Fortified]
[LoadTracer] ctor 341/1563: Fortified.Patch_GeneratePawnTitle [Fortified]
[LoadTracer] ctor 342/1563: Fortified.Gizmo_AttachmentShieldStatus [Fortified]
[LoadTracer] ctor 343/1563: Fortified.ModificationProfileDatabase [Fortified]
[LoadTracer] ctor 344/1563: Fortified.SubTurret [Fortified]
[LoadTracer] ctor 345/1563: Fortified.SubturretGizmo [Fortified]
[LoadTracer] ctor 346/1563: Fortified.Gizmo_BulletproofPlateStatus [Fortified]
[LoadTracer] ctor 347/1563: Fortified.RimIgnoreStartupSweep [Fortified]
[LoadTracer] ctor 348/1563: Fortified.RecipeInheritanceUtility [Fortified]
[LoadTracer] ctor 349/1563: Fortified.Building_TurretCapacity [Fortified]
[LoadTracer] ctor 350/1563: Fortified.WeaponTagUtil [Fortified]
[LoadTracer] ctor 351/1563: Fortified.RoyalTitlePermitWorker_Bandwidth [Fortified]
[LoadTracer] ctor 352/1563: Fortified.RoyalTitlePermitWorker_CallShuttle_Custom [Fortified]
[LoadTracer] ctor 353/1563: Fortified.RoyalTitlePermitWorker_MechJoin [Fortified]
[LoadTracer] ctor 354/1563: Fortified.RoyalTitlePermitWorker_PawnJoin [Fortified]
[LoadTracer] ctor 355/1563: Fortified.MultiplayerCompatibility.Multiplayer [Fortified]
[LoadTracer] ctor 356/1563: TPRitualAttachableOutcomes.Precept_Ritual_Custom [TPRitualAttachableOutcomes]
[LoadTracer] ctor 357/1563: TPRitualAttachableOutcomes.RitualOutcomeEffectWorker_FromQuality_TP_Custom [TPRitualAttachableOutcomes]
[LoadTracer] ctor 358/1563: TPRitualAttachableOutcomes.HarmonyPatcher [TPRitualAttachableOutcomes]
[LoadTracer] ctor 359/1563: TPRitualAttachableOutcomes.RitualAttachableOutcomeEffectDef_TP_Custom [TPRitualAttachableOutcomes]
[LoadTracer] ctor 360/1563: TPRitualAttachableOutcomes.RitualAttachableOutcomeEffectDef_TP_Custom_Node [TPRitualAttachableOutcomes]
[LoadTracer] ctor 361/1563: TPRitualAttachableOutcomes.TPRitualAttachableOutcomeEffectWorker_Custom [TPRitualAttachableOutcomes]
[LoadTracer] ctor 362/1563: AdaptiveStorage.OnStartup [AdaptiveStorageFramework]
[LoadTracer] ctor 363/1563: AdaptiveStorage.ModCompatibility.Multiplayer [AdaptiveStorageFramework]
[LoadTracer] ctor 364/1563: BigAndSmall.UsableDownedAbility [BigAndSmall]
[LoadTracer] ctor 365/1563: BigAndSmall.DraftGizmos [BigAndSmall]
[LoadTracer] ctor 366/1563: BigAndSmall.DraftedActionData [BigAndSmall]
[LoadTracer] ctor 367/1563: BigAndSmall.BigSmall [BigAndSmall]
[LoadTracer] ctor 368/1563: BigAndSmall.BSCore [BigAndSmall]
[LoadTracer] ctor 369/1563: BigAndSmall.Textures [BigAndSmall]
[LoadTracer] ctor 370/1563: BigAndSmall.SmartColorWidgets [BigAndSmall]
[LoadTracer] ctor 371/1563: BigAndSmall.BigAndSmall_Early [BSXeno]
[LoadTracer] ctor 372/1563: RedHealth.Main [RedHealth]
[LoadTracer] ctor 373/1563: SmashTools.CameraAttacher [SmashTools]
[LoadTracer] ctor 374/1563: SmashTools.StartupTest [SmashTools]
[LoadTracer] ctor 375/1563: SmashTools.SmashLog [SmashTools]
[LoadTracer] ctor 376/1563: SmashTools.CoroutineManager [SmashTools]
[LoadTracer] ctor 377/1563: SmashTools.ProjectStartup [SmashTools]
[SmashPhil.SmashTools] Applying compatibility patch for Jaxe.RimHUD. Active: Yes
[SmashPhil.VehicleFramework] Applying compatibility patch for Jaxe.RimHUD. Active: Yes
[SmashPhil.VehicleFramework] Applying compatibility patch for ludeon.rimworld.odyssey. Active: Yes
[LoadTracer] ctor 378/1563: SmashTools.CameraView [SmashTools]
[LoadTracer] ctor 379/1563: SmashTools.ListingExtension [SmashTools]
[LoadTracer] ctor 380/1563: SmashTools.UIData [SmashTools]
[LoadTracer] ctor 381/1563: SmashTools.UIElements [SmashTools]
[LoadTracer] ctor 382/1563: SmashTools.Dialog_GraphEditor [SmashTools]
[LoadTracer] ctor 383/1563: SmashTools.Ext_Texture [SmashTools]
[LoadTracer] ctor 384/1563: SmashTools.DefIndexManager [SmashTools]
[LoadTracer] ctor 385/1563: SmashTools.Rendering.RenderTextureDrawer [SmashTools]
[LoadTracer] ctor 386/1563: SmashTools.Performance.UnityThread [SmashTools]
[LoadTracer] ctor 387/1563: SmashTools.Animations.Dialog_AnimationEditor [SmashTools]
[LoadTracer] ctor 388/1563: Vehicles.JobGiver_CombatFormation [Vehicles]
[LoadTracer] ctor 389/1563: Vehicles.VehicleOrientationController [Vehicles]
[LoadTracer] ctor 390/1563: Vehicles.CompVehicleLauncher [Vehicles]
[LoadTracer] ctor 391/1563: Vehicles.CompFueledTravel [Vehicles]
[LoadTracer] ctor 392/1563: Vehicles.CompUpgradeTree [Vehicles]
[LoadTracer] ctor 393/1563: Vehicles.AirdropSkyfaller [Vehicles]
[LoadTracer] ctor 394/1563: Vehicles.ProjectileSkyfaller [Vehicles]
[LoadTracer] ctor 395/1563: Vehicles.VehicleSkyfaller [Vehicles]
[LoadTracer] ctor 396/1563: Vehicles.LaunchProtocol [Vehicles]
[LoadTracer] ctor 397/1563: Vehicles.Building_Artillery [Vehicles]
[LoadTracer] ctor 398/1563: Vehicles.TimedExplosion [Vehicles]
[LoadTracer] ctor 399/1563: Vehicles.CursorSettings [Vehicles]
[LoadTracer] ctor 400/1563: Vehicles.Dialog_VehiclePainter [Vehicles]
[LoadTracer] ctor 401/1563: Vehicles.ITab_Vehicle_Upgrades [Vehicles]
[LoadTracer] ctor 402/1563: Vehicles.MaterialPresets [Vehicles]
[LoadTracer] ctor 403/1563: Vehicles.RGBMaterialPool [Vehicles]
[LoadTracer] ctor 404/1563: Vehicles.ShipPassengerCardUtility [Vehicles]
[LoadTracer] ctor 405/1563: Vehicles.TexData [Vehicles]
[LoadTracer] ctor 406/1563: Vehicles.VehicleTex [Vehicles]
[LoadTracer] ctor 407/1563: Vehicles.VehicleHarmony [Vehicles]
[VehicleFramework] version 1.6.2144
[LoadTracer] ctor 408/1563: Vehicles.SettingsCustomizableFields [Vehicles]
[LoadTracer] ctor 409/1563: Vehicles.VehicleMod [Vehicles]
[LoadTracer] ctor 410/1563: Vehicles.VehiclePathingSystem [Vehicles]
[LoadTracer] ctor 411/1563: Vehicles.VehicleRegionMaker [Vehicles]
[LoadTracer] ctor 412/1563: Vehicles.Projectile_Deflected [Vehicles]
[LoadTracer] ctor 413/1563: Vehicles.VehicleTurret [Vehicles]
[LoadTracer] ctor 414/1563: Vehicles.Ext_Vehicles [Vehicles]
[LoadTracer] ctor 415/1563: Vehicles.RaidInjectionHelper [Vehicles]
[LoadTracer] ctor 416/1563: Vehicles.HealthHelper [Vehicles]
[LoadTracer] ctor 417/1563: Vehicles.PathingHelper [Vehicles]
[LoadTracer] ctor 418/1563: Vehicles.VehicleTabHelper_Health [Vehicles]
[LoadTracer] ctor 419/1563: Vehicles.Targeters [Vehicles]
[LoadTracer] ctor 420/1563: Vehicles.Rendering.Gizmo_RefuelableFuelTravel [Vehicles]
[LoadTracer] ctor 421/1563: Vehicles.World.WITab_AerialVehicle_Health [Vehicles]
[LoadTracer] ctor 422/1563: Vehicles.World.TransferableVehicleWidget [Vehicles]
[LoadTracer] ctor 423/1563: Vehicles.World.AerialVehicleTabHelper [Vehicles]
[LoadTracer] ctor 424/1563: Vehicles.World.VehicleCaravan [Vehicles]
[LoadTracer] ctor 425/1563: Vehicles.World.VehicleRoutePlanner [Vehicles]
[LoadTracer] ctor 426/1563: Vehicles.World.AerialVehicleInFlight [Vehicles]
[LoadTracer] ctor 427/1563: XmlExtensions.XmlExtensions [XmlExtensions]
[XML Extensions] Initialized 3 SettingsMenuDef(s) and found 226 unused key(s) from 6 mod(s)
[XML Extensions] 39241 total patch operations run in 288842ms, 36 failed
[XML Extensions] Emitted 3 mod class(es)
[LoadTracer] ctor 428/1563: XmlExtensions.XmlTextures [XmlExtensions]
[LoadTracer] ctor 429/1563: HugsLib.Logs.Dialog_PublishLogs [HugsLib]
[LoadTracer] ctor 430/1563: HugsLib.Logs.LogWindowExtensions [HugsLib]
[LoadTracer] ctor 431/1563: HugsLib.Quickstart.QuickstartController [HugsLib]
[LoadTracer] ctor 432/1563: HugsLib.News.UpdateFeatureImageLoader [HugsLib]
[LoadTracer] ctor 433/1563: HugsLib.Core.HugsLibTextures [HugsLib]
[LoadTracer] ctor 434/1563: HugsLib.Core.StaticInitializer [HugsLib]
[LoadTracer] ctor 435/1563: ModSettingsFramework.Startup [0ModSettingsFramework]
[LoadTracer] ctor 436/1563: KCSG.Postfix_SettlementUtility_Attack [KCSG]
[LoadTracer] ctor 437/1563: KCSG.HarmonyInit [KCSG]
[LoadTracer] ctor 438/1563: KCSG.StartupActions [KCSG]
KCSG has Created 9660 symbolDefs for vanilla and DLCs
[LoadTracer] ctor 439/1563: KCSG.Dialog_ExportWindow [KCSG]
[LoadTracer] ctor 440/1563: KCSG.Postfix_Page_ConfigureStartingPawns_PreOpen [KCSG]
[LoadTracer] ctor 441/1563: KCSG.PrepareCarefully_Util [KCSG]
[LoadTracer] ctor 442/1563: MVCF.MVCF [MVCF]
[LoadTracer] ctor 443/1563: MVCF.VerbComps.CommandPart_Cooldown [MVCF]
[LoadTracer] ctor 444/1563: MVCF.ModCompat.DualWieldCompat [MVCF]
[LoadTracer] ctor 445/1563: MVCF.Commands.Command_VerbTargetExtended [MVCF]
[LoadTracer] ctor 446/1563: Outposts.HarmonyPatches [Outposts]
[LoadTracer] ctor 447/1563: Outposts.TexOutposts [Outposts]
[LoadTracer] ctor 448/1563: Outposts.WITab_Outpost_Health [Outposts]
[LoadTracer] ctor 449/1563: PipeSystem.AutoLinkRefuelables [PipeSystem]
[LoadTracer] ctor 450/1563: PipeSystem.Building_PipeValve [PipeSystem]
[LoadTracer] ctor 451/1563: PipeSystem.CachedAdvancedProcessorsManager [PipeSystem]
[LoadTracer] ctor 452/1563: PipeSystem.CachedSignals [PipeSystem]
[LoadTracer] ctor 453/1563: PipeSystem.CachedResourceThings [PipeSystem]
[LoadTracer] ctor 454/1563: PipeSystem.CompAdvancedResourceProcessor [PipeSystem]
[LoadTracer] ctor 455/1563: PipeSystem.CompConvertToThing [PipeSystem]
[LoadTracer] ctor 456/1563: PipeSystem.CompResourceProcessor [PipeSystem]
[LoadTracer] ctor 457/1563: PipeSystem.CompResourceStorage [PipeSystem]
[LoadTracer] ctor 458/1563: PipeSystem.GraphicsCache [PipeSystem]
[LoadTracer] ctor 459/1563: PipeSystem.LinkedPipes [PipeSystem]
[LoadTracer] ctor 460/1563: PipeSystem.HarmonyInit [PipeSystem]
[LoadTracer] ctor 461/1563: PipeSystem.MaterialCreator [PipeSystem]
[LoadTracer] ctor 462/1563: VEF.BackwardsCompatibilityMigrationUtility [VEF]
[LoadTracer] ctor 463/1563: VEF.SettingsHelper [VEF]
[LoadTracer] ctor 464/1563: VEF.NonPublicProperties [VEF]
[LoadTracer] ctor 465/1563: VEF.ModSettingsHandler [VEF]
[LoadTracer] ctor 466/1563: VEF.HarmonyPatches [VEF]
[LoadTracer] ctor 467/1563: VEF.ModCompatibilityCheck [VEF]
[LoadTracer] ctor 468/1563: VEF.NonPublicFields [VEF]
[LoadTracer] ctor 469/1563: VEF.NonPublicMethods [VEF]
[LoadTracer] ctor 470/1563: VEF.NonPublicMethods+DualWield [VEF]
[LoadTracer] ctor 471/1563: VEF.NonPublicMethods+RimCities [VEF]
[LoadTracer] ctor 472/1563: VEF.Startup [VEF]
[LoadTracer] ctor 473/1563: VEF.Weathers.WeatherOverlay_Effects [VEF]
[LoadTracer] ctor 474/1563: VEF.Sounds.TextureButton [VEF]
[LoadTracer] ctor 475/1563: VEF.Sounds.VEDebug [VEF]
[LoadTracer] ctor 476/1563: VEF.AI.DraftGizmos [VEF]
[LoadTracer] ctor 477/1563: VEF.Planet.MovingBase [VEF]
[LoadTracer] ctor 478/1563: VEF.Planet.HireableSystemStaticInitialization [VEF]
[LoadTracer] ctor 479/1563: VEF.Pawns.VanillaExpandedFramework_PregnancyUtility_PregnancyChanceForPartners_Patch [VEF]
[LoadTracer] ctor 480/1563: VEF.Weapons.VanillaExpandedFramework_PawnRenderUtility_Draw_EquipmentAiming_Patch [VEF]
[LoadTracer] ctor 481/1563: VEF.Weapons.VanillaExpandedFramework_TurretTop_DrawTurret_Patch [VEF]
[LoadTracer] ctor 482/1563: VEF.Weapons.StaticCollectionsClass [VEF]
[LoadTracer] ctor 483/1563: VEF.Weapons.BeamProjectile [VEF]
[LoadTracer] ctor 484/1563: VEF.Weapons.StatPart_Ammo [VEF]
[LoadTracer] ctor 485/1563: VEF.Weapons.VerbUtility [VEF]
[LoadTracer] ctor 486/1563: VEF.Weapons.DefsAlterer [VEF]
[LoadTracer] ctor 487/1563: VEF.Storyteller.RaidPatches [VEF]
[LoadTracer] ctor 488/1563: VEF.Storyteller.Window_Contracts [VEF]
[LoadTracer] ctor 489/1563: VEF.Plants.Plant_WinterBlooming [VEF]
[LoadTracer] ctor 490/1563: VEF.Maps.ActiveTerrainUtility [VEF]
[LoadTracer] ctor 491/1563: VEF.Maps.SectionLayer_CustomRoofGraphic [VEF]
[LoadTracer] ctor 492/1563: VEF.Hediffs.PhasingUtils [VEF]
[LoadTracer] ctor 493/1563: VEF.Hediffs.HediffComp_Spreadable [VEF]
[LoadTracer] ctor 494/1563: VEF.Graphics.Dialog_GraphicCustomization [VEF]
[LoadTracer] ctor 495/1563: VEF.Graphics.GraphicOffsets [VEF]
[LoadTracer] ctor 496/1563: VEF.Graphics.StaticCollectionsClass [VEF]
[LoadTracer] ctor 497/1563: VEF.Genes.GraphicsCache [VEF]
[LoadTracer] ctor 498/1563: VEF.Genes.StaticCollectionsClass [VEF]
[LoadTracer] ctor 499/1563: VEF.Buildings.RecipeInheritance [VEF]
[LoadTracer] ctor 500/1563: VEF.Buildings.StaticCollectionsClass [VEF]
[LoadTracer] ctor 501/1563: VEF.Buildings.CompBouncingArrow [VEF]
[LoadTracer] ctor 502/1563: VEF.Buildings.DoorTeleporter [VEF]
[LoadTracer] ctor 503/1563: VEF.Buildings.Building_AutoDoorLockable [VEF]
[LoadTracer] ctor 504/1563: VEF.Buildings.CompFireOverlayRotatable [VEF]
[LoadTracer] ctor 505/1563: VEF.Buildings.Command_SetItemsToSpawn [VEF]
[LoadTracer] ctor 506/1563: VEF.Buildings.Command_SetStoneType [VEF]
[LoadTracer] ctor 507/1563: VEF.Apparels.CompSwitchApparel [VEF]
[LoadTracer] ctor 508/1563: VEF.Apparels.VanillaShieldsExpandedStartup [VEF]
[LoadTracer] ctor 509/1563: VEF.Apparels.Command_ActionWithCooldown [VEF]
[LoadTracer] ctor 510/1563: VEF.Apparels.CompShieldField [VEF]
[LoadTracer] ctor 511/1563: VEF.Apparels.Gizmo_EnergyShieldGeneratorStatus [VEF]
[LoadTracer] ctor 512/1563: VEF.Apparels.Gizmo_EnergyCompShieldStatus [VEF]
[LoadTracer] ctor 513/1563: VEF.Apparels.CompShieldBubble [VEF]
[LoadTracer] ctor 514/1563: VEF.AnimalBehaviours.CompAttachEffecter [VEF]
[LoadTracer] ctor 515/1563: VEF.AnimalBehaviours.CompMoteReleaser [VEF]
[LoadTracer] ctor 516/1563: VEF.AnimalBehaviours.StaticCollectionsClass [VEF]
[LoadTracer] ctor 517/1563: VEF.AnimalBehaviours.CompGraphicByStyle [VEF]
[LoadTracer] ctor 518/1563: VEF.AnimalBehaviours.CompGraphicByTerrain [VEF]
[LoadTracer] ctor 519/1563: VEF.AnimalBehaviours.CompPawnOverlay [VEF]
[LoadTracer] ctor 520/1563: VEF.Abilities.Command_Ability [VEF]
[LoadTracer] ctor 521/1563: VEF.Abilities.InitializeAbilityComp [VEF]
[LoadTracer] ctor 522/1563: EBSGFramework.Command_AbilityAutocastToggle [EBSGFramework]
[LoadTracer] ctor 523/1563: EBSGFramework.HediffComp_Modular [EBSGFramework]
[LoadTracer] ctor 524/1563: EBSGFramework.HediffComp_Shield [EBSGFramework]
[LoadTracer] ctor 525/1563: EBSGFramework.Gizmo_HediffShieldStatus [EBSGFramework]
[LoadTracer] ctor 526/1563: EBSGFramework.CompShieldEquipment [EBSGFramework]
[LoadTracer] ctor 527/1563: EBSGFramework.Gizmo_ShieldStatus [EBSGFramework]
[LoadTracer] ctor 528/1563: EBSGFramework.GeneGizmo_ResourceGene [EBSGFramework]
[LoadTracer] ctor 529/1563: EBSGFramework.HarmonyPatches [EBSGFramework]
[LoadTracer] ctor 530/1563: EBSGFramework.Building_PawnNeedCharger [EBSGFramework]
[LoadTracer] ctor 531/1563: EBSGFramework.CustomizeableOrbitalStrike [EBSGFramework]
[LoadTracer] ctor 532/1563: WallCommsConsole.HarmonyInit [WallCommsConsole]
[LoadTracer] ctor 533/1563: DisablePseudoTranslate.HarmonyInit+PatchMain [Disable Pseudo Translate]
[LoadTracer] ctor 534/1563: SelectableSculptureGraphic.Main [SelectableSculptureGraphic]
[LoadTracer] ctor 535/1563: FacialAnimation.GraphicPool [FacialAnimation]
[LoadTracer] ctor 536/1563: FacialAnimation.HarmonyPatches [FacialAnimation]
[LoadTracer] ctor 537/1563: FacialAnimation.NL_SelectPartWindow [FacialAnimation]
[LoadTracer] ctor 538/1563: FacialAnimation.UtilModSettings [FacialAnimation]
[LoadTracer] ctor 539/1563: NLCommon.AfterEffectUtils [FacialAnimation]
[LoadTracer] ctor 540/1563: CapturedPersons.HarmonyContainer [CapturedPersons]
[LoadTracer] ctor 541/1563: RedHorse.Core [RedHorse]
[LoadTracer] ctor 542/1563: WallFridgePatch.WallFridgePatchStartup [WallFridgePatch]
[LoadTracer] ctor 543/1563: SR.ModRimWorld.FactionalWar.HarmonyPatches [ModRimworldFactionalWar]
[LoadTracer] ctor 544/1563: SR.ModRimWorld.FactionalWar.SettingWindow [ModRimworldFactionalWar]
[LoadTracer] ctor 545/1563: ActiveTerrain.ActiveTerrainUtility [ActiveTerrain]
Active Terrain Framework initialized. This mod uses Harmony (all patches are non-destructive): Verse.TerrainGrid.SetTerrain, Verse.TerrainGrid.RemoveTopLayer, Verse.MouseoverReadout.MouseoverReadoutOnGUI
[LoadTracer] ctor 546/1563: BiomesPlus.BiomesPlusMod [BiomesPlus]
[LoadTracer] ctor 547/1563: BiomesPlus.WeatherOverlay_Spores [BiomesPlus]
[LoadTracer] ctor 548/1563: AlienWorlds.Startup [AlienWorlds]
[LoadTracer] ctor 549/1563: AlienWorlds.FieldPatcher [AlienWorlds]
[LoadTracer] ctor 550/1563: AlienWorlds.PlanetTypeManager [AlienWorlds]
[LoadTracer] ctor 551/1563: AlienWorlds.WorldbuilderCompat [AlienWorlds]
[LoadTracer] ctor 552/1563: AllowTool.Designator_StripMine [AllowTool]
[LoadTracer] ctor 553/1563: AllowTool.AllowToolDefOf+Textures [AllowTool]
[LoadTracer] ctor 554/1563: CaravanDontRest.HarmonyPatches [AT1.6Vehicle]
[LoadTracer] ctor 555/1563: AlphaBiomes.Command_SetStoneType [AlphaBiomes]
[LoadTracer] ctor 556/1563: AlphaBiomes.CompAlcyoniteSolar [AlphaBiomes]
[LoadTracer] ctor 557/1563: AlphaBiomes.GraphicsCache [AlphaBiomes]
[LoadTracer] ctor 558/1563: AlphaBiomes.Main [AlphaBiomes]
[LoadTracer] ctor 559/1563: AlphaBiomes.AlphaBiomesSettingsHelper [AlphaBiomes]
[LoadTracer] ctor 560/1563: AlphaBiomes.SectionLayer_AsphaltBridges [AlphaBiomes]
[LoadTracer] ctor 561/1563: AlphaBiomes.StaticCollections [AlphaBiomes]
[LoadTracer] ctor 562/1563: AlphaMechs.CompCauseHediff_AoE_WithRestrictions [AlphaMechs]
[LoadTracer] ctor 563/1563: AlphaMechs.CompTargetingBeamBlue [AlphaMechs]
[LoadTracer] ctor 564/1563: AlphaMechs.AlphaMechs_CompShield_Draw_Patch [AlphaMechs]
[LoadTracer] ctor 565/1563: AlphaMechs.AlphaMechs_CompProjectileInterceptor_PostDraw_Patch [AlphaMechs]
[LoadTracer] ctor 566/1563: AlphaMechs.SettingsHelper [AlphaMechs]
[LoadTracer] ctor 567/1563: AlphaMechs.StaticCollections [AlphaMechs]
[LoadTracer] ctor 568/1563: AlphaMemes.Dialog_ChangeStyles_Swap [AlphaMemes]
[LoadTracer] ctor 569/1563: AlphaMemes.Dialog_ChangeStyles_Swap_Second [AlphaMemes]
[LoadTracer] ctor 570/1563: AlphaMemes.Dialog_ChangeStyles_Area [AlphaMemes]
[LoadTracer] ctor 571/1563: AlphaMemes.AlphaMemes_IdeoUIUtility_DoMemes_Patch [AlphaMemes]
[LoadTracer] ctor 572/1563: AlphaMemes.Main [AlphaMemes]
[LoadTracer] ctor 573/1563: AlphaMemes.SettingsHelper [AlphaMemes]
[LoadTracer] ctor 574/1563: AlphaMemes.Pawn_Detonator [AlphaMemes]
[LoadTracer] ctor 575/1563: AlphaMemes.Building_RumVat [AlphaMemes]
[LoadTracer] ctor 576/1563: AlphaMemes.FuneralFrameWork_StaticStartup [AlphaMemes]
[LoadTracer] ctor 577/1563: AlphaMemes.StaticCollections [AlphaMemes]
[LoadTracer] ctor 578/1563: ambient.HarmonyPatches [ambient]
[LoadTracer] ctor 579/1563: AncientMining.PatchMain [AncientMining]
[LoadTracer] ctor 580/1563: AncientMining.PreApplyDamage_PostFix [AncientMining]
[LoadTracer] ctor 581/1563: AncientMining.CompAutoStoneCutter [AncientMining]
[LoadTracer] ctor 582/1563: AncientMining.StoneCutterUtil [AncientMining]
[LoadTracer] ctor 583/1563: Autolinks.Autolinks [Autolinks]
[LoadTracer] ctor 584/1563: CM_Less_Shitty_Ambush.CaravanVisibility_Patches [CM_Less_Shitty_Ambush]
[LoadTracer] ctor 585/1563: CM_Less_Shitty_Ambush.ExitMapGrid_Patches [CM_Less_Shitty_Ambush]
[LoadTracer] ctor 586/1563: CM_Less_Shitty_Ambush.IncidentWorker_Ambush_EnemyFaction_Patches [CM_Less_Shitty_Ambush]
[LoadTracer] ctor 587/1563: CM_Less_Shitty_Ambush.IncidentWorker_Ambush_ManhunterPack_Patches [CM_Less_Shitty_Ambush]
[LoadTracer] ctor 588/1563: CM_Less_Shitty_Ambush.IncidentWorker_CaravanDemand_Patches [CM_Less_Shitty_Ambush]
[LoadTracer] ctor 589/1563: BetterBeggars.BetterBeggars [BetterBeggars]
[LoadTracer] ctor 590/1563: BetterGrowthMoments.Startup [BetterGrowthMoments]
[ARK - Better Growth Moments] Updating GrowthTiers in-place:
Tier 0: PassChoices=0, PassGains=0, TraitChoices=1, TraitGains=1
Tier 1: PassChoices=0, PassGains=0, TraitChoices=2, TraitGains=1
Tier 2: PassChoices=0, PassGains=0, TraitChoices=3, TraitGains=1
Tier 3: PassChoices=0, PassGains=0, TraitChoices=4, TraitGains=1
Tier 4: PassChoices=1, PassGains=1, TraitChoices=4, TraitGains=1
Tier 5: PassChoices=2, PassGains=1, TraitChoices=4, TraitGains=1
Tier 6: PassChoices=3, PassGains=1, TraitChoices=4, TraitGains=1
Tier 7: PassChoices=4, PassGains=2, TraitChoices=4, TraitGains=1
Tier 8: PassChoices=6, PassGains=3.5, TraitChoices=6, TraitGains=1
[LoadTracer] ctor 591/1563: BetterInfestations.BetterInfestationsMod [BetterInfestations]
[LoadTracer] ctor 592/1563: BetterInfestations.Patches [BetterInfestations]
[LoadTracer] ctor 593/1563: BetterInfestations.TunnelHiveSpawner [BetterInfestations]
[LoadTracer] ctor 594/1563: ModMisMatchWindowPatch.HarmonyPatches [ModMisMatchWindowPatch]
Patching Madeline.ModMismatchWindow
[LoadTracer] ctor 595/1563: BetterProjectileOrigin.BetterProjectileOrigin [BetterProjectileOrigin]
[LoadTracer] ctor 596/1563: BetterProjectileOrigin.BetterProjectileOriginMod [BetterProjectileOrigin]
[LoadTracer] ctor 597/1563: BetterTrees.TransparencyController [BetterTrees]
[LoadTracer] ctor 598/1563: BetterTrees.TextureAndSizeApplier [BetterTrees]
[BetterTrees] Discovered 220 tree types.
[BetterTrees] Queuing settings application...
[LoadTracer] ctor 599/1563: ImprovedWorkbenches.Dialog_ThingFilter [ImprovedWorkbenches]
[LoadTracer] ctor 600/1563: ImprovedWorkbenches.Main [ImprovedWorkbenches]
[LoadTracer] ctor 601/1563: ImprovedWorkbenches.Resources [ImprovedWorkbenches]
[LoadTracer] ctor 602/1563: GravshipSize.GravshipSizeSettings [GravshipSize]
[LoadTracer] ctor 603/1563: BiomeCompatibilityProject.StartUp [BiomeCompatibilityProject]
[LoadTracer] ctor 604/1563: BMT_Fossils.CompDisplayCase [BMT_Fossils]
[LoadTracer] ctor 605/1563: BiomesCore.WaterWalkerPatcher [BiomesCore]
[LoadTracer] ctor 606/1563: BiomesCore.Compatability.FertileFieldsCompatibilityPatch [BiomesCore]
[LoadTracer] ctor 607/1563: BiomesCore.Bridges.SectionLayer_BridgeProps [BiomesCore]
[LoadTracer] ctor 608/1563: BiomesKit.ErrorLogs [BiomesKit]
[LoadTracer] ctor 609/1563: BloodAnimations.ModSupport [BloodAnimations]
[LoadTracer] ctor 610/1563: BreedingRitual.ModInitializer [BreedingRitual]
[LoadTracer] ctor 611/1563: CallForIntel.MyPatcher [CallForIntel]
[LoadTracer] ctor 612/1563: CameraPlus.Assets [CameraPlus]
[LoadTracer] ctor 613/1563: CameraPlus.Refs [CameraPlus]
[LoadTracer] ctor 614/1563: CaravanAdventures.InitPatches [CaravanAdventures]
Caravan Adventures: Applying patch for AlienRaces - adding alienrace corpses to caravan dialog filter
Caravan Adventures: Applying patch to add Alpha Biomes to excluded BiomeDefs for Story Shrine Generation
CA patches complete. v1.8.3 (1.6)
[LoadTracer] ctor 615/1563: CaravanAdventures.Patches.TexCustom [CaravanAdventures]
[LoadTracer] ctor 616/1563: CaravanAdventures.Patches.HarmonyPatcher [CaravanAdventures]
[LoadTracer] ctor 617/1563: CaravanAdventures.CaravanStory.MechChips.Abilities.RapidLaserMote [CaravanAdventures]
[LoadTracer] ctor 618/1563: ChangeMapEdge.ChangeMapEdgeHarmony [ChangeMapEdge]
[LoadTracer] ctor 619/1563: CharacterEditor.CharacterEditorMod [CharacterEditor]
[LoadTracer] ctor 620/1563: ChildrenLearnOnCaravan.HarmonyPatches [ChildrenLearnOnCaravan]
[LoadTracer] ctor 621/1563: ChooseWhereToLand.ChooseWhereToLandMod [ChooseWhereToLand]
[LoadTracer] ctor 622/1563: DeepLumpColor.DLCStartup [DeepLumpColor]
[LoadTracer] ctor 623/1563: PeteTimesSix.CompactHediffs.CompactHediffs_PostInit [PeteTimesSix.CompactHediffs]
[LoadTracer] ctor 624/1563: PeteTimesSix.CompactHediffs.Rimworld.CustomHealthCardUtility [PeteTimesSix.CompactHediffs]
[LoadTracer] ctor 625/1563: PeteTimesSix.CompactHediffs.Rimworld.Textures [PeteTimesSix.CompactHediffs]
[LoadTracer] ctor 626/1563: PeteTimesSix.CompactHediffs.ModCompat.ChooseYourMedicine [PeteTimesSix.CompactHediffs]
[LoadTracer] ctor 627/1563: PeteTimesSix.CompactHediffs.ModCompat.EBF [PeteTimesSix.CompactHediffs]
[LoadTracer] ctor 628/1563: PeteTimesSix.CompactHediffs.ModCompat.Pawnmorpher [PeteTimesSix.CompactHediffs]
[LoadTracer] ctor 629/1563: PeteTimesSix.CompactHediffs.ModCompat.SmartMedicine [PeteTimesSix.CompactHediffs]
[LoadTracer] ctor 630/1563: ConfigurableTechprints.CTSettingsScreen [ConfigurableTechprints]
[LoadTracer] ctor 631/1563: CozyFires.CozyFires [CozyFires]
[LoadTracer] ctor 632/1563: CozyFires.Main [CozyFires]
[CozyFires]:Linked 4 cozy fires to 149 beds and chairs.
[LoadTracer] ctor 633/1563: CustomGasTypes.HarmonyPatches [CustomGasTypes]
[LoadTracer] ctor 634/1563: QuestEditor_Library.GameComponent_Editor [QuestEditor_Library]
[LoadTracer] ctor 635/1563: QuestEditor_Library.CQFQuestDefBootstrap [QuestEditor_Library]
[LoadTracer] ctor 636/1563: QuestEditor_Library.CQFEditorTools [QuestEditor_Library]
[LoadTracer] ctor 637/1563: QuestEditor_Library.Designator_CustomLord [QuestEditor_Library]
[LoadTracer] ctor 638/1563: QuestEditor_Library.QuestEditor_Dialog [QuestEditor_Library]
[LoadTracer] ctor 639/1563: QuestEditor_Library.Page_QuestEditor [QuestEditor_Library]
[LoadTracer] ctor 640/1563: QuestEditor_Library.QuestEditor_SaveMapToFile [QuestEditor_Library]
[LoadTracer] ctor 641/1563: QuestEditor_Library.PatchMain [QuestEditor_Library]
[LoadTracer] ctor 642/1563: QuestEditor_Library.QEDefOf [QuestEditor_Library]
[LoadTracer] ctor 643/1563: QuestEditor_Library.CompTransmit [QuestEditor_Library]
[LoadTracer] ctor 644/1563: DancePartyCustomMusic.DancePartyMusicSetup [DancePartyCustomMusic]
[LoadTracer] ctor 645/1563: Bestiary.HarmonyPatches [Bestiary]
[LoadTracer] ctor 646/1563: BloodSuckingAnimals.HarmonyPatches [BloodSuckingAnimals]
[LoadTracer] ctor 647/1563: EmergingAnimals.HarmonyPatches [EmergingAnimals]
[LoadTracer] ctor 648/1563: IllogicalPredator.HarmonyPatches [IllogicalPredator]
[LoadTracer] ctor 649/1563: WanderPreference.HarmonyPatches [WanderPreference]
[LoadTracer] ctor 650/1563: DeathRattle.HarmonyPatches [DeathRattle]
[LoadTracer] ctor 651/1563: DeathRattle.PostDefFixer [DeathRattle]
[LoadTracer] ctor 652/1563: DedicatedTurrets.Building_DedicatedTurret [DedicatedTurrets]
[LoadTracer] ctor 653/1563: DefensivePositions.GearUpAndGoHelper [DefensivePositions]
[LoadTracer] ctor 654/1563: DefensivePositions.DefensivePositions [DefensivePositions]
[LoadTracer] ctor 655/1563: DefensivePositions.Resources+Textures [DefensivePositions]
[LoadTracer] ctor 656/1563: Merthsoft.DesignatorShapes.Icons [Merthsoft.DesignatorShapes]
[LoadTracer] ctor 657/1563: Merthsoft.DesignatorShapes.DesignatorShapes [Merthsoft.DesignatorShapes]
[LoadTracer] ctor 658/1563: DiseaseImmunityProgressTracker.UI.ArteryBlockageWindow [DiseaseImmunityProgressTracker]
[LoadTracer] ctor 659/1563: DiseaseImmunityProgressTracker.UI.ChronicDiseaseWindow [DiseaseImmunityProgressTracker]
[LoadTracer] ctor 660/1563: DiseaseImmunityProgressTracker.UI.CumulativeTendWindow [DiseaseImmunityProgressTracker]
[LoadTracer] ctor 661/1563: DiseaseImmunityProgressTracker.UI.DiseaseGraphWindow [DiseaseImmunityProgressTracker]
[LoadTracer] ctor 662/1563: DiseaseImmunityProgressTracker.UI.FoodPoisoningWindow [DiseaseImmunityProgressTracker]
[LoadTracer] ctor 663/1563: DiseaseImmunityProgressTracker.UI.TimeBasedWindow [DiseaseImmunityProgressTracker]
[LoadTracer] ctor 664/1563: DiseaseImmunityProgressTracker.UI.ToxicBuildupWindow [DiseaseImmunityProgressTracker]
[LoadTracer] ctor 665/1563: DoorsExpanded.PostProcessTextOnStartup [DoorsExpanded]
[LoadTracer] ctor 666/1563: DoorsExpanded.HarmonyPatchesOnStartup [DoorsExpanded]
[LoadTracer] ctor 667/1563: DoorsExpanded.TexButton [DoorsExpanded]
[LoadTracer] ctor 668/1563: DoorsExpanded.TexOverlay [DoorsExpanded]
[LoadTracer] ctor 669/1563: DubRoss.Dialog_BobRoss [DubsPaintShop]
[LoadTracer] ctor 670/1563: DubRoss.MP_Util [DubsPaintShop]
[LoadTracer] ctor 671/1563: DubRoss.HarmonyPatches [DubsPaintShop]
[LoadTracer] ctor 672/1563: DubsBadHygiene.Building_BurnPit [BadHygiene]
[LoadTracer] ctor 673/1563: DubsBadHygiene.Building_Composter [BadHygiene]
[LoadTracer] ctor 674/1563: DubsBadHygiene.Building_FillableThing [BadHygiene]
[LoadTracer] ctor 675/1563: DubsBadHygiene.Building_WashingMachine [BadHygiene]
[LoadTracer] ctor 676/1563: DubsBadHygiene.Building_washbucket [BadHygiene]
[LoadTracer] ctor 677/1563: DubsBadHygiene.Building_WaterTrough [BadHygiene]
[LoadTracer] ctor 678/1563: DubsBadHygiene.PlaceWorker_UserGrid [BadHygiene]
[LoadTracer] ctor 679/1563: DubsBadHygiene.CompAirconBaseUnit [BadHygiene]
[LoadTracer] ctor 680/1563: DubsBadHygiene.CompAirconIndoorUnit [BadHygiene]
[LoadTracer] ctor 681/1563: DubsBadHygiene.CompRoomUnit [BadHygiene]
[LoadTracer] ctor 682/1563: DubsBadHygiene.CompFreezerUnit [BadHygiene]
[LoadTracer] ctor 683/1563: DubsBadHygiene.Gizmo_BoilerStatus [BadHygiene]
[LoadTracer] ctor 684/1563: DubsBadHygiene.CompHeatStore [BadHygiene]
[LoadTracer] ctor 685/1563: DubsBadHygiene.Command_SetTargetDrainLevel [BadHygiene]
[LoadTracer] ctor 686/1563: DubsBadHygiene.CompWaterInlet [BadHygiene]
[LoadTracer] ctor 687/1563: DubsBadHygiene.CompWaterStorage [BadHygiene]
[LoadTracer] ctor 688/1563: DubsBadHygiene.CompWindPump [BadHygiene]
[LoadTracer] ctor 689/1563: DubsBadHygiene.SectionLayer_FertilizerGrid [BadHygiene]
[LoadTracer] ctor 690/1563: DubsBadHygiene.SectionLayer_Irrigation [BadHygiene]
[LoadTracer] ctor 691/1563: DubsBadHygiene.XSectionLayer_Sewage [BadHygiene]
[LoadTracer] ctor 692/1563: DubsBadHygiene.DebugButtonsPatch [BadHygiene]
[LoadTracer] ctor 693/1563: DubsBadHygiene.Dialog_DebugHygiene [BadHygiene]
[LoadTracer] ctor 694/1563: DubsBadHygiene.GraphicsCache [BadHygiene]
[LoadTracer] ctor 695/1563: DubsBadHygiene.SanitationUtil [BadHygiene]
[LoadTracer] ctor 696/1563: DubsBadHygiene.Patches.HarmonyPatches_Fertilizer [BadHygiene]
[LoadTracer] ctor 697/1563: DubsBadHygiene.Patches.HarmonyPatches_Plumbing [BadHygiene]
[LoadTracer] ctor 698/1563: DubsBadHygiene.Patches.HarmonyPatches_Thirst [BadHygiene]
[LoadTracer] ctor 699/1563: DubsBadHygiene.Patches.HarmonyPatches [BadHygiene]
[LoadTracer] ctor 700/1563: DubsMintMenus.MainTabWindow_MintBillMenu [DubsMintMenus]
[LoadTracer] ctor 701/1563: DubsMintMenus.DubGUI [DubsMintMenus]
[LoadTracer] ctor 702/1563: DubsMintMenus.Patch_CompAssignableToPawn [DubsMintMenus]
[LoadTracer] ctor 703/1563: DubsMintMenus.Dialog_AssignBuildingOwner [DubsMintMenus]
[LoadTracer] ctor 704/1563: DubsMintMenus.MintPawns_Health [DubsMintMenus]
[LoadTracer] ctor 705/1563: DubsMintMenus.MintPawns_Gear [DubsMintMenus]
[LoadTracer] ctor 706/1563: DubsMintMenus.MainTabWindow_MayaMenu [DubsMintMenus]
[LoadTracer] ctor 707/1563: DubsMintMenus.MainTabWindow_MintResearch [DubsMintMenus]
[LoadTracer] ctor 708/1563: DubsMintMenus.Patch_HealthCardUtility [DubsMintMenus]
[LoadTracer] ctor 709/1563: DubsMintMenus.HarmonyPatches [DubsMintMenus]
[LoadTracer] ctor 710/1563: DubsMintMenus.MainTabWindow_MintArchitect [DubsMintMenus]
[LoadTracer] ctor 711/1563: DubsMintMenus.Mint_StatsReportUtility [DubsMintMenus]
[LoadTracer] ctor 712/1563: DubsMintMenus.MP_Util [DubsMintMenus]
[LoadTracer] ctor 713/1563: DubsMintMenus.Dialog_PowerManager [DubsMintMenus]
[LoadTracer] ctor 714/1563: DubsMintMenus.Dialog_Options [DubsMintMenus]
[LoadTracer] ctor 715/1563: DubsMintMenus.Patch_BillStack_DoListing [DubsMintMenus]
[LoadTracer] ctor 716/1563: DubsMintMenus.Dialog_FancyDanPlantSetterBob [DubsMintMenus]
[LoadTracer] ctor 717/1563: DubsMintMenus.Patch_Command_SetPlantToGrow [DubsMintMenus]
[LoadTracer] ctor 718/1563: DubsMintMenus.CommandGrow [DubsMintMenus]
[LoadTracer] ctor 719/1563: DubsMintMenus.HarmonyPatches+Patch_FinishProject [DubsMintMenus]
[LoadTracer] ctor 720/1563: DubsMintMinimap.DubGUI [DubsMintMinimap]
[LoadTracer] ctor 721/1563: DubsMintMinimap.H_DoPlaySettingsGlobalControls [DubsMintMinimap]
[LoadTracer] ctor 722/1563: DubsMintMinimap.MainTabWindow_MiniMapSetting [DubsMintMinimap]
[LoadTracer] ctor 723/1563: DubsMintMinimap.MainTabWindow_MiniMap [DubsMintMinimap]
[LoadTracer] ctor 724/1563: DubsMintMinimap.MotePlayerPing [DubsMintMinimap]
[LoadTracer] ctor 725/1563: DubsMintMinimap.MP_Util [DubsMintMinimap]
[LoadTracer] ctor 726/1563: DubsMintMinimap.GraphicsCache [DubsMintMinimap]
[LoadTracer] ctor 727/1563: ColourPicker.colourPicker [DubsMintMinimap]
[LoadTracer] ctor 728/1563: Dubs_Rimkit.VersionCheck [Dubs Rimkit]
[LoadTracer] ctor 729/1563: Blues.ForgeInit [BluesForge]
[Forge] prettified 29 fire overlays.
[LoadTracer] ctor 730/1563: EnableOversizedWeapons.HarmonyPatch [EnableOversizedWeapons]
[LoadTracer] ctor 731/1563: Meow.Comp_PawnRenderAdjuster [FaceAddon]
[LoadTracer] ctor 732/1563: FaceAddon.FaceAddonComp [FaceAddon]
[LoadTracer] ctor 733/1563: FaceAddon.HarmonyInit [FaceAddon]
[LoadTracer] ctor 734/1563: FactionCustomizer.ModTextures [FactionCustomizer]
[LoadTracer] ctor 735/1563: MURFactionRaidCooldown.HarmonyPatcher [FactionRaidCooldown]
[LoadTracer] ctor 736/1563: FahrenheitAndCelcius.FahrenheitAndCelcius [FahrenheitAndCelsius]
[LoadTracer] ctor 737/1563: FloatSubMenus.Patches [FloatSubMenu]
[LoadTracer] ctor 738/1563: MapPreview.MapPreviewWidget [MapPreview]
[LoadTracer] ctor 739/1563: MapPreview.TrueTerrainColors [MapPreview]
[TrueTerrainColors v1.12.26.1] Loaded cached true colors for 1820 terrain defs from file.
[LoadTracer] ctor 740/1563: GeologicalLandforms.UserInterfaceUtils [GeologicalLandforms]
[LoadTracer] ctor 741/1563: GiddyUp.ResourceBank [GiddyUpCore]
[LoadTracer] ctor 742/1563: GiddyUp.Setup [GiddyUpCore]
[Giddy-Up] An error occured calling AllWildAnimals. This may happen if a mod has malformed PawnKindDef when the game is trying to process the def database for the first time. Skipping...
System.ArgumentNullException: Value cannot be null.
Parameter name: key
[Ref 20F80A1E]
 [0x00006] in <51fded79cd284d4d911c5949aff4cb21>:0 
  at System.Collections.Generic.Dictionary`2[TKey,TValue].TryInsert (TKey key, TValue value, System.Collections.Generic.InsertionBehavior behavior) [0x00008] in <51fded79cd284d4d911c5949aff4cb21>:0 
  at System.Collections.Generic.Dictionary`2[TKey,TValue].Add (TKey key, TValue value) [0x00000] in <51fded79cd284d4d911c5949aff4cb21>:0 
  at RimWorld.BiomeDef.CommonalityOfAnimal (Verse.PawnKindDef animalDef) [0x0003d] in <61e4173561894da49d210260257b5097>:0 
  at RimWorld.BiomeDef+<get_AllWildAnimals>d__94.MoveNext () [0x00049] in <61e4173561894da49d210260257b5097>:0 
  at GiddyUp.MountUtility.BuildAnimalBiomeCache () [0x00035] in /home/runner/work/GiddyUp2/GiddyUp2/mod/Source/Core/MountUtility.cs:51 
[Giddy-Up] An error occured calling AllWildAnimals. This may happen if a mod has malformed PawnKindDef when the game is trying to process the def database for the first time. Skipping...
System.ArgumentException: An item with the same key has already been added. Key: Zeer
[Ref 862618C7]
 [0x00006] in <51fded79cd284d4d911c5949aff4cb21>:0 
  at System.Collections.Generic.Dictionary`2[TKey,TValue].TryInsert (TKey key, TValue value, System.Collections.Generic.InsertionBehavior behavior) [0x0015a] in <51fded79cd284d4d911c5949aff4cb21>:0 
  at System.Collections.Generic.Dictionary`2[TKey,TValue].Add (TKey key, TValue value) [0x00000] in <51fded79cd284d4d911c5949aff4cb21>:0 
  at RimWorld.BiomeDef.CommonalityOfAnimal (Verse.PawnKindDef animalDef) [0x0003d] in <61e4173561894da49d210260257b5097>:0 
  at RimWorld.BiomeDef+<get_AllWildAnimals>d__94.MoveNext () [0x00049] in <61e4173561894da49d210260257b5097>:0 
  at GiddyUp.MountUtility.BuildAnimalBiomeCache () [0x00035] in /home/runner/work/GiddyUp2/GiddyUp2/mod/Source/Core/MountUtility.cs:51 
[Giddy-Up] An error occured calling AllWildAnimals. This may happen if a mod has malformed PawnKindDef when the game is trying to process the def database for the first time. Skipping...
System.ArgumentNullException: Value cannot be null.
Parameter name: key
[Ref 20F80A1E] Duplicate stacktrace, see ref for original
[Giddy-Up] An error occured calling AllWildAnimals. This may happen if a mod has malformed PawnKindDef when the game is trying to process the def database for the first time. Skipping...
System.ArgumentNullException: Value cannot be null.
Parameter name: key
[Ref 20F80A1E] Duplicate stacktrace, see ref for original
[Giddy-Up] An error occured calling AllWildAnimals. This may happen if a mod has malformed PawnKindDef when the game is trying to process the def database for the first time. Skipping...
System.ArgumentException: An item with the same key has already been added. Key: AA_Eyeling
[Ref 862618C7] Duplicate stacktrace, see ref for original
[Giddy-Up] An error occured calling AllWildAnimals. This may happen if a mod has malformed PawnKindDef when the game is trying to process the def database for the first time. Skipping...
System.ArgumentNullException: Value cannot be null.
Parameter name: key
[Ref 20F80A1E] Duplicate stacktrace, see ref for original
[Giddy-Up] An error occured calling AllWildAnimals. This may happen if a mod has malformed PawnKindDef when the game is trying to process the def database for the first time. Skipping...
System.ArgumentNullException: Value cannot be null.
Parameter name: key
[Ref 20F80A1E] Duplicate stacktrace, see ref for original
[Giddy-Up] An error occured calling AllWildAnimals. This may happen if a mod has malformed PawnKindDef when the game is trying to process the def database for the first time. Skipping...
System.ArgumentNullException: Value cannot be null.
Parameter name: key
[Ref 20F80A1E] Duplicate stacktrace, see ref for original
[Giddy-Up] An error occured calling AllWildAnimals. This may happen if a mod has malformed PawnKindDef when the game is trying to process the def database for the first time. Skipping...
System.ArgumentNullException: Value cannot be null.
Parameter name: key
[Ref 20F80A1E] Duplicate stacktrace, see ref for original
[Giddy-Up] An error occured calling AllWildAnimals. This may happen if a mod has malformed PawnKindDef when the game is trying to process the def database for the first time. Skipping...
System.ArgumentNullException: Value cannot be null.
Parameter name: key
[Ref 20F80A1E] Duplicate stacktrace, see ref for original
[Giddy-Up] An error occured calling AllWildAnimals. This may happen if a mod has malformed PawnKindDef when the game is trying to process the def database for the first time. Skipping...
System.ArgumentNullException: Value cannot be null.
Parameter name: key
[Ref 20F80A1E] Duplicate stacktrace, see ref for original
[Giddy-Up] An error occured calling AllWildAnimals. This may happen if a mod has malformed PawnKindDef when the game is trying to process the def database for the first time. Skipping...
System.ArgumentNullException: Value cannot be null.
Parameter name: key
[Ref 20F80A1E] Duplicate stacktrace, see ref for original
[Giddy-Up] An error occured calling AllWildAnimals. This may happen if a mod has malformed PawnKindDef when the game is trying to process the def database for the first time. Skipping...
System.ArgumentNullException: Value cannot be null.
Parameter name: key
[Ref 20F80A1E] Duplicate stacktrace, see ref for original
Failed to find any textures at Things/Pawn/Animal/RUT_ScarRoach/RUT_ScarRoach while constructing Multi(initPath=Things/Pawn/Animal/RUT_ScarRoach/RUT_ScarRoach, color=RGBA(1.000, 1.000, 1.000, 1.000), colorTwo=RGBA(1.000, 1.000, 1.000, 1.000))
Failed to find any textures at Things/Pawn/Animal/RUT_ScarRoach/RUT_ScarRoach while constructing Multi(initPath=Things/Pawn/Animal/RUT_ScarRoach/RUT_ScarRoach, color=RGBA(1.000, 1.000, 1.000, 1.000), colorTwo=RGBA(1.000, 1.000, 1.000, 1.000))
[LoadTracer] ctor 743/1563: GiddyUpCore.Temporary.YayosAnimation_YesItsMe [GiddyUpCore]
[LoadTracer] ctor 744/1563: Rimball.ResourceBank [GravshipExport]
[LoadTracer] ctor 745/1563: GravshipExport.HarmonyInit [GravshipExport]
[LoadTracer] ctor 746/1563: Gravship_Raids.DebugActionsGravshipRaidTemplates [Gravship Raids]
[LoadTracer] ctor 747/1563: Gravship_Raids.DebugActionsGravshipRaidPrefabCapture [Gravship Raids]
[LoadTracer] ctor 748/1563: Gravship_Raids.DebugActionsShuttleRaidTemplates [Gravship Raids]
[LoadTracer] ctor 749/1563: RimWorldGravshipRangeOnMapMod.Main [RimWorldGravshipRangeOnMapMod]
RimWorldGravshipRangeOnMapMod.Main Starting up...
[LoadTracer] ctor 750/1563: Shrinez.ShrineNoSkipPatch [shrineworkpéntek]
[LoadTracer] ctor 751/1563: Horrors.BiomeWorker_HorrorWastes [Horrors]
[LoadTracer] ctor 752/1563: Horrors.HarmonyPatches [Horrors]
[LoadTracer] ctor 753/1563: Horrors.HorrorsHive [Horrors]
[LoadTracer] ctor 754/1563: MorePrecepts.HarmonyPatches [MorePrecepts]
[LoadTracer] ctor 755/1563: MakePawnsPrisoners.HarmonyPatches [MakePawnsPrisoners]
[LoadTracer] ctor 756/1563: MURIncidentDisabler.HarmonyPatcher [IncidentDisabler]
[LoadTracer] ctor 757/1563: MURIncidentDisabler.Startup [IncidentDisabler]
[LoadTracer] ctor 758/1563: MUR_ISiD.HarmonyPatcher [InfestationSpawnInDark]
[LoadTracer] ctor 759/1563: GravTide.MapComponent_Caustics [GravTide]
[LoadTracer] ctor 760/1563: GravTide.GravTideMain [GravTide]
[GravTide] terrain labels: the tide reads as "shallow ocean water"
[GravTide] retired terrain: GravTide_TidalWater was hash 53380, GravTide_ShoalWater was hash 52248; a save holding either resolves to shallow ocean water
[GravTide] Harmony patches applied to 262 methods:
  MouseoverReadout.MouseoverReadoutOnGUI
  LetterStack.ReceiveLetter
  SoundStarter.PlayOneShot
  Game.Dispose
  CaravanEnterMapUtility.Enter
  CaravanEnterMapUtility.Enter
  Caravan_PathFollower.get_MovingNow
  Caravan_BedsTracker.RecalculateUsedBeds
  Thing.Destroy
  Frame.CompleteConstruction
  TilesPerDayCalculator.ApproxTilesPerDay
  JobGiver_Wander.TryGiveJob
  Caravan_PathFollower.PatherTickInterval
  Caravan_PathFollower.StartPath
  Pawn_RotationTracker.UpdateRotation
  Projectile.get_DamageAmount
  Thing.DeSpawn
  GenConstruct.CanConstruct
  IncidentWorker.TryExecute
  Plant.PlantCollected
  TerrainGrid.SetTerrain
  Pawn.SpawnSetup
  StatWorker.GetValueUnfinalized
  ThingDef.SpecialDisplayStats
  JobGiver_GetRest.GetPriority
  Pawn_MindState.StartFleeingBecauseOfPawnAction
  JobGiver_OptimizeApparel.ApparelScoreGain
  Ideo.MembersCanBuild
  WorldGenStep_Terrain.GenerateTileFor
  WildPlantSpawner.CalculatePlantsWhichCanGrowAt
  IncidentWorker.CanFireNow
  CaravanTicksPerMoveUtility.GetTicksPerMove
  GenRecipe.MakeRecipeProducts
  Building.DeSpawn
  Building.SpawnSetup
  Pawn_Thinker.get_MainThinkTree
  Blueprint.TryReplaceWithSolidThing
  Frame.FailConstruction
  BackCompatibility.BackCompatibleTerrainWithShortHash
  Room.Notify_RoomShapeChanged
  Building_GravEngine.ConsumeFuel
  DropCellFinder.CanPhysicallyDropInto
  DropCellFinder.SkyfallerCanLandAt
  GenConstruct.CanBuildOnTerrain
  SettlementProximityGoodwillUtility.CheckConfirmSettle
  MapTemperature.get_OutdoorTemp
  SectionLayer_Terrain.Regenerate
  Thing.GetInspectString
  RoofCollapseUtility.WithinRangeOfRoofHolder
  WorldComponent_GravshipController.InitiateTakeoff
  WorldComponent_GravshipController.TakeoffEnded
  Pawn.SpecialDisplayStats
  JobDriver_PlantSow.MakeNewToils
  WorldInspectPane.get_TileInspectString
  GenConstruct.CanPlaceBlueprintOver
  GenSpawn.SpawningWipes
  ThoughtWorker_PsychicDrone.CurrentStateInternal
  CompScanner.get_CanUseNow
  RoyalTitlePermitWorker_CallShuttle.GetReportFromCell
  Skyfaller.Impact
  TickManager.TickManagerUpdate
  Caravan.GetInspectString
  WITab_Terrain.ListMiscDetails
  WorldPathGrid.CalculatedMovementDifficultyAt
  Building_TurretGun.get_CanSetForcedTarget
  GridsUtility.GetMaxItemsAllowedInCell
  Verb_MeleeAttackDamage.DamageInfosToApply
  WaterBody.SetFishTypes
  GravshipPlacementUtility.PlaceGravshipInMap
  TerrainGrid.SetUnderTerrain
  Explosion.StartExplosion
  GenStep_ScatterShrines.ShouldSkipMap
  JobGiver_ReactToCloseMeleeThreat.TryGiveJob
  JobDriver_Wear.MakeNewToils
  JobDriver_Wear.TryUnequipSomething
  GenUI.ThingsUnderMouse
  EnterPortalUtility.MakeLordsAsAppropriate
  Designator_Deconstruct.DesignateThing
  Designator_Uninstall.DesignateThing
  ITab_Pawn_Gear.TryDrawComfyTemperatureRange
  GravshipPlacementUtility.GetReplacementTerrain
  CompApparelVerbOwner.CanBeUsed
  Verb_LaunchProjectile.Available
  CompMannable.CompFloatMenuOptions
  JobDriver_ManTurret.TryMakePreToilReservations
  OrbitalStrike.StartStrike
  OrbitalStrike.Tick
  Bombardment.StartStrike
  Bombardment.Tick
  PowerBeam.StartStrike
  PowerBeam.Tick
  RoyalTitlePermitWorker_OrbitalStrike.CallBombardment
  BuildableDef.get_IsResearchFinished
  CompPilotConsole.StartChoosingDestination_NewTemp
  Map.get_CanEverExit
  Verb.get_EffectiveRange
  CompFlickable.set_SwitchIsOn
  GlowGrid.DirtyCell
  Thing.DirtyMapMesh
  FilthMaker.TryMakeFilth
  SteadyEnvironmentEffects.DoCellSteadyEffects
  Fire.TickInterval
  FireUtility.TryStartFireIn
  FireUtility.ChanceToStartFireIn
  FireUtility.TryAttachFire
  FleckMaker.ThrowMicroSparks
  FleckManager.CreateFleck
  FleckMaker.ThrowFireGlow
  WeatherEvent_LightningStrike.DoStrike
  WeatherEvent_LightningStrike.FireEvent
  Skyfaller.<SpawnThings>b__59_0
  GlowGrid.RegisterGlower
  GlowGrid.DeRegisterGlower
  GlowGrid.GlowGridUpdate_First
  Room.Notify_RoofChanged
  Room.Notify_TerrainChanged
  IncidentWorker.SendIncidentLetter
  CompGlower.get_GlowRadius
  PlaceWorker_GlowRadius.DrawGhost
  SampleOneShot.TryMakeAndPlay
  Skyfaller.SpawnSetup
  Skyfaller.get_CurrentSpeed
  Pawn_Thinker.get_ConstantThinkTree
  Zone_Growing.GetInspectString
  ITab_Fishing..ctor
  WildAnimalSpawner.CommonalityOfAnimalNow
  WildPlantSpawner.get_CurrentPlantDensityFactor
  WildAnimalSpawner.get_DesiredAnimalDensity
  JobDriver_PlantSeed.MakeNewToils
  WorkGiver_GrowerSow.JobOnCell
  WorkGiver_PlantSeed.HasJobOnThing
  WorkGiver_PlantSeed.JobOnThing
  Plant.get_DyingBecauseExposedToVacuum
  Plant.get_CurrentDyingDamagePerTick
  Plant.get_GrowthPerTick
  Bill_Production.GetBillDialog
  StatPart_EnvironmentalEffects.TransformValue
  StatPart_EnvironmentalEffects.ExplanationPart
  SteadyEnvironmentEffects.FinalDeteriorationRate
  FishingUtility.GetCatchesFor
  ITab_Fishing.FillTab
  Section.RegenerateDirtyLayers
  GenStep_FindPlayerStartSpot.Generate
  GenStep_Animals.Generate
  WindManager.get_WindSpeed
  IncidentWorker_ResourcePodCrash.TryExecuteWorker
  CompDissolutionEffect_Pollution.DoDissolutionEffectMap
  QuestGen_Get.GetMap
  IncidentWorker_PawnsArrive.FactionCanBeGroupSource
  GridsUtility.GetAffordances
  CameraJumper.GetWorldTargetOfMap
  TileFinder.IsValidTileForNewSettlement
  TileMutatorDef.IsValidTile
  JobGiver_FindOxygen.TryGiveJob
  JobDriver_Goto.MakeNewToils
  TerrainGrid.RemoveGravshipTerrainUnsafe
  TerrainGrid.RemoveFoundation
  SectionLayer_GravshipHull.ShouldDrawCornerPiece
  GenTemperature.TryGetTemperatureForCell
  CompOrbitalScanner.CompTick
  CompOrbitalScanner.CompInspectStringExtra
  CompAncientUplink.Notify_Hacked
  CompCauseGameCondition_PsychicEmanation.CompInspectStringExtra
  VacuumUtility.PawnVacuumTickInterval
  WorldObject.Tick
  Pawn_MindState.MindStateTickInterval
  TerrainGrid.SetFoundation
  LoadedLanguage.InjectIntoData_AfterImpliedDefs
  WildPlantSpawner.GetWaterPlantDistanceToShoreWeight
  CompHackable.CanHackNow
  CompHackable.CanHackNow
  CompHackable.Hack
  CompHackable.HackNow
  JobDriver_Hack.MakeNewToils
  Building_Door.GetInspectString
  WorkGiver_Flick.JobOnThing
  HediffGiver_VacuumBurn.OnIntervalPassed
  CompOxygenPusher.CompTickRare
  VacuumComponent.ExchangeRoomVacuum
  Building_VacBarrier.get_ExchangeVacuum
  TouchPathEndModeUtility.IsAdjacentOrInsideAndAllowedToTouch
  TouchPathEndModeUtility.AddAllowedAdjacentRegions
  PathFinder.MakeDestination
  RCellFinder.TryFindGoodAdjacentSpotToTouch
  CompTransporter.get_MassUsage
  ITab_ContentsTransporter.get_container
  CompTransporter.CleanUpLoadingVars
  CompTransporter.PostDeSpawn
  CompTransporter.CompGetGizmosExtra
  CompTransporter.CancelLoad
  GenConstruct.CanGetResources_NewTemp
  CostListCalculator.CostListAdjusted
  Caravan_BedsTracker.GetUsableBeds
  ThoughtWorker_SharedBed.CurrentStateInternal
  Frame.DrawAt
  Prefs.set_DevMode
  Pawn.get_DrawPos
  Caravan.get_MassCapacity
  Caravan.get_MassCapacityExplanation
  Caravan.get_MassUsage
  ITab_ContentsTransporter.OnDropThing
  JobDriver_EnterTransporter.MakeNewToils
  CaravanInventoryUtility.AllInventoryItems
  CaravanAbandonOrBanishUtility.TryAbandonOrBanishViaInterface
  CaravanAbandonOrBanishUtility.TryAbandonOrBanishViaInterface
  CaravanAbandonOrBanishUtility.TryAbandonSpecificCountViaInterface
  CaravanAbandonOrBanishUtility.TryAbandonSpecificCountViaInterface
  ThingOwnerUtility.TryGetFixedTemperature
  Designator_ZoneAdd_Fishing.CanDesignateCell
  WorkGiver_Fish.BestStandSpotFor
  TendUtility.CalculateBaseTendQuality
  Caravan_NeedsTracker.GetCurrentJoyGainPerTick
  Caravan_NeedsTracker.GetAvailableJoyKindsFor
  WorldPathing.FindPath
  World.Impassable
  WorldPathGrid.Passable
  WorldPathGrid.PassableFast
  WorldGrid.GetRoadMovementDifficultyMultiplier
  WorldPathGrid.PerceivedMovementDifficultyAt
  Caravan_PathFollower.IsNextTilePassable
  Caravan.get_CantMove
  CaravanUtility.BestGotoDestNear
  CaravanArrivalTimeEstimator.EstimatedTicksToArrive
  CaravanArrivalTimeEstimator.EstimatedTicksToArrive
  WorldReachability.CanReach
  WorldReachability.CanReach
  Dialog_FormCaravan.get_MassCapacity
  Dialog_FormCaravan.get_MassUsage
  CaravanInfo..ctor
  CaravanTicksPerMoveUtility.GetTicksPerMove
  Caravan_NeedsTracker.TrySatisfyRestNeed
  GravshipUtility.TravelTo
  GravshipUtility.AbandonMap
  WorldComponent_GravshipController.AbortLanding
  WorldComponent_GravshipController.BeginTakeoffCutscene
  WorldComponent_GravshipController.BeginLandingCutscene
  PocketMapUtility.DestroyPocketMap
  MapParent.Abandon
  JobGiver_AnimalFlee.TryGiveJob
  JobGiver_Wander.GetExactWanderDest
  GenCelestial.CurShadowStrength
  SettlementProximityGoodwillUtility.GetConfirmationDescriptions
  WorldComponent_GravshipController.PlaceGravship
  GravshipUtility.ArriveExistingMap
  GravshipUtility.ArriveNewMap
  RaidStrategyWorker.CanUseWith
  MapPlantGrowthRateCalculator.BuildFor
  DateNotifier.AnyPlayerHomeAvgTempIsLowInWinter
  MapTemperature.LocalSeasonsAreMeaningful
  MapTemperature.get_SeasonalTemp
  IncidentWorker_GiveQuest.CanFireNowSub
  GameCondition.CanApplyOnMap
  Building_CommsConsole.get_CanUseCommsNow
  Building_CommsConsole.GetFailureReason
  Region.DangerFor
  Pawn.get_HarmedByVacuum
  Pawn.get_ConcernedByVacuum
  Building_Door.DoorOpen
  Building_Door.DoorTryClose
  SteadyEnvironmentEffects.ProtectedByEdifice
  DropCellFinder.GetBestShuttleLandingSpot
  CaravanArrivalAction_Enter.Arrived
[LoadTracer] ctor 761/1563: GravTide.Building_FishLure [GravTide]
[LoadTracer] ctor 762/1563: GravTide.MapComponent_FishShadows [GravTide]
[LoadTracer] ctor 763/1563: GravTide.SequencerFilter [GravTide]
[GravTide] sequencer bill: 45 admitted def(s) carry genes, 48 do not and were taken off the filter - DA_Fish_SnappingTadpole, swfish_Burra, swfish_Dactopus, swfish_Daggert, swfish_Doshianjelly, swfish_Faa, swfish_FleekEel, swfish_Laa, swfish_Nyork, swfish_PaddyFrog, swfish_Ray, swfish_See, swfish_SinkCrab, BMT_BlindTetra, BMT_DevilsPupfish, BMT_GhostShrimp, BMT_Rocktooth, BMT_CaveAngelFish, BMT_Lumineel, BMT_RockLobster, BMT_StoneSalamander, BMT_BlindCatfish, BMT_Boneblade, BMT_GiantCaveCrab, BMT_GlowCuttlefish, RSW_DuneCrawler, RSW_MeeCatch, RSW_FaaCatch, RSW_LaaCatch, VCEF_AbyssalEel, VCEF_BloodLeech, VCEF_BorealSardine, VCEF_DuskySprat, VCEF_ForsakenAnglerfish, VCEF_FrigidSwimmer, VCEF_GiantPolarPrawn, VCEF_HabdakLongfin, VCEF_Jellyfungus, VCEF_MudSplasherCarp, VCEF_MutantFlatfish, VCEF_OcularFish, VCEF_PinkBlobfish, VCEF_PropaneBag, VCEF_ShadowFry, VCEF_Slimefish, VCEF_Spiderfish, VCEF_Spinyfish, VCEF_Sturgeon
[LoadTracer] ctor 764/1563: GravTide.WhaleCatchLook [GravTide]
[GravTide] named 2 corpse(s) standing in a fish list after the animal rather than after the body
[LoadTracer] ctor 765/1563: GravTide.Building_Hatch [GravTide]
[LoadTracer] ctor 766/1563: GravTide.CompPressuriser [GravTide]
[LoadTracer] ctor 767/1563: GravTide.SectionLayer_Flooded [GravTide]
[LoadTracer] ctor 768/1563: GravTide.CompWasteTank [GravTide]
[LoadTracer] ctor 769/1563: GravTide.CompShipCore [GravTide]
[LoadTracer] ctor 770/1563: GravTide.DeckStorageRule [GravTide]
[GravTide] deck storage rule applied to 196 storage def(s)
[LoadTracer] ctor 771/1563: GravTide.CompAbandonAnchorage [GravTide]
[LoadTracer] ctor 772/1563: GravTide.Vessel+KeyCheck [GravTide]
[LoadTracer] ctor 773/1563: RimMandrake.Ninefold.ChronicleSubscriber [RimMandrakeNinefold]
[RimMandrake.Ninefold] subscribed to RimMandrake.Aftermath.ChronicleEvents.
[LoadTracer] ctor 774/1563: RimMandrake.Ninefold.NinefoldMod [RimMandrakeNinefold]
[RimMandrake.Ninefold] ready: 17 event-hook patches.
[LoadTracer] ctor 775/1563: RimMandrake.Aftermath.AftermathMod [RimMandrakeAftermath]
[RimMandrake.Aftermath] ready: 5 battle-recorder patches.
[LoadTracer] ctor 776/1563: RimMandrake.Visibility.VisibilityModInit [RimMandrakeVisibility]
[LoadTracer] ctor 777/1563: RimMandrake.Graffiti.ModExtension_Graffiti_Validator [RimMandrakeGraffiti]
[LoadTracer] ctor 778/1563: RimMandrake.Graffiti.BreachBiasHookMod [RimMandrakeGraffiti]
[LoadTracer] ctor 779/1563: RimMandrake.Inhabited.InhabitedMod [Inhabited]
[RimMandrake.Inhabited] ready: 2 patches, 294 characters, 4 places, 0 casts.
[LoadTracer] ctor 780/1563: RimMandrake.Inhabited.StructureInjectionsBridge [Inhabited]
[LoadTracer] ctor 781/1563: InjuredCarry.HarmonyInit [InjuredCarry]
[LoadTracer] ctor 782/1563: Bubbles.Core.Textures [Bubbles]
[LoadTracer] ctor 783/1563: ListingExtension [InteractionAreaSettings]
[LoadTracer] ctor 784/1563: InteractionAreaSettings.InteractionAreaSettingsMod [InteractionAreaSettings]
[LoadTracer] ctor 785/1563: InteractionAreaSettings.Main [InteractionAreaSettings]
[LoadTracer] ctor 786/1563: SmallWireGoAway [GoAwaySmallWire]
[LoadTracer] ctor 787/1563: RimMandrake.Utinni.PlantGrowth.JawaPlantGrowthMod [JawaPlantGrowth]
[RimMandrake.Utinni.PlantGrowth] scaling 776 plant defs (default x4, tree x2.5), 10 exempt, 1 terminator biome(s) at x0.4.
[LoadTracer] ctor 788/1563: RimMandrake.StarWars.JawaRules.JawaRulesMod [JawaRules]
[RimMandrake.StarWars.JawaRules] no-sow: armed for xenotype RSW_MandrakeJawa
[RimMandrake.StarWars.JawaRules] droid-relations: armed for humanlike pawns with no relations tracker
[RimMandrake.StarWars.JawaRules] pet-names: armed; tamed and newborn animals will draw from their race namer
[RimMandrake.StarWars.JawaRules] world-labels: armed; world feature names peak at 0.60 alpha instead of 0.30
[RimMandrake.StarWars.JawaRules] world-label-lift: armed; world feature names sit 1.50 above the surface instead of 0.40
[LoadTracer] ctor 789/1563: JecsTools.HarmonyPatches [0JecsTools]
[LoadTracer] ctor 790/1563: JecsTools.HarmonyCaravanPatches [0JecsTools]
[LoadTracer] ctor 791/1563: JecsTools.WorldObject_ProgressBar [0JecsTools]
[LoadTracer] ctor 792/1563: JecsTools.TexButton [0JecsTools]
[LoadTracer] ctor 793/1563: AbilityUser.AbilityButtons [AbilityUser]
[LoadTracer] ctor 794/1563: CompActivatableEffect.HarmonyCompActivatableEffect [CompActivatableEffect]
[LoadTracer] ctor 795/1563: DefModExtension_BigBox.HarmonyDefModExtension_BigBox [CompBigBox]
[LoadTracer] ctor 796/1563: CompDeflector.HarmonyCompDeflector [CompDeflector]
[LoadTracer] ctor 797/1563: CompExtraSounds.HarmonyCompExtraSounds [CompExtraSounds]
[LoadTracer] ctor 798/1563: CompInstalledPart.HarmonyCompInstalledPart [CompInstalledPart]
[LoadTracer] ctor 799/1563: CompInstalledPart.InstalledPartFloatMenuRegistration [CompInstalledPart]
[LoadTracer] ctor 800/1563: CompOversizedWeapon.HarmonyCompOversizedWeapon [CompOversizedWeapon]
[LoadTracer] ctor 801/1563: CompSlotLoadable.SlotLoadableFloatMenuRegistration [CompSlotLoadable]
[LoadTracer] ctor 802/1563: CompSlotLoadable.HarmonyCompSlotLoadable [CompSlotLoadable]
[LoadTracer] ctor 803/1563: CompToggleDef.ITab_ToggleDef+AddITabOnStartup [CompToggleDef]
[LoadTracer] ctor 804/1563: PawnShields.HarmonyPatches [PawnShields]
[LoadTracer] ctor 805/1563: PawnShields.Shields [PawnShields]
[LoadTracer] ctor 806/1563: Jewelry.HarmonyInit [Jewelry]
[LoadTracer] ctor 807/1563: DinoShoo.HarmonyPatches [DinoShoo]
[LoadTracer] ctor 808/1563: ExtraButcheringProducts.ExtraButcheringProducts [ExtraButcheringProducts]
[LoadTracer] ctor 809/1563: NepLandOnAnything.LandOnAnything [LandOnAnything]
Land On Anything: Loaded
Land On Anything: Patching Complete
[LoadTracer] ctor 810/1563: LeaveTheMap.LeaveTheMap [LeaveTheMap]
[LoadTracer] ctor 811/1563: JustPutItOverThere.JustPutItOverThere [JustPutItOverThere]
[LoadTracer] ctor 812/1563: KeepConverting.HarmonyPatches [KeepConverting]
[LoadTracer] ctor 813/1563: KeepConverting.HarmonyPatches+Patch_Command_GizmoOnGUIInt_DrawExtraInfo [KeepConverting]
[LoadTracer] ctor 814/1563: DinnerDateWithEuterpe.ClutterDebugCommands [DinnerDateWithEuterpe]
[LoadTracer] ctor 815/1563: RimworldLaserCannon.HarmonyInit [RimworldLaserCannon]
[LoadTracer] ctor 816/1563: RimworldLaserCannon.RimworldLaserCannon_Initializer [RimworldLaserCannon]
[LoadTracer] ctor 817/1563: LayeredApparel.HarmonyPatches [LayeredApparel]
[LoadTracer] ctor 818/1563: LayeredApparel.Startup [LayeredApparel]
[LoadTracer] ctor 819/1563: LightsOut.Common.Glowers [LightsOut]
[LoadTracer] ctor 820/1563: LightsOut.Common.Lights [LightsOut]
[LoadTracer] ctor 821/1563: LightsOut.Common.Rooms [LightsOut]
[LoadTracer] ctor 822/1563: LightsOut.Common.Tables [LightsOut]
[LoadTracer] ctor 823/1563: LightsOut.Common.Resources [LightsOut]
[LoadTracer] ctor 824/1563: LightsOut.Boilerplate.LateInitializeMod [LightsOut]
[LoadTracer] ctor 825/1563: ListingExtension [LinkableSettings]
[LoadTracer] ctor 826/1563: LinkableSettings.LinkableSettingsMod [LinkableSettings]
[LoadTracer] ctor 827/1563: LinkableSettings.Main [LinkableSettings]
[LoadTracer] ctor 828/1563: MapDesigner.Patches.HarmonyPatches+MapDesigner [MapDesigner]
[Map Designer for 1.4] Initializing.... 
[Map Designer] Finding biomes...
[Map Designer] Applying settings
[Map Designer] Terrain settings: Default
[LoadTracer] ctor 829/1563: MapModeFramework.Core [MapModeFramework]
[LoadTracer] ctor 830/1563: MapModeFramework.Materials [MapModeFramework]
[LoadTracer] ctor 831/1563: MapModeFramework.ModCompatibility [MapModeFramework]
[LoadTracer] ctor 832/1563: MapModeFramework.Resources [MapModeFramework]
[LoadTracer] ctor 833/1563: HugsLogPublisher.Dialog_PublishLogs [HugsLogPublisher]
[LoadTracer] ctor 834/1563: MapPreview.MapPreviewToolbar [MapPreviewMod]
[LoadTracer] ctor 835/1563: MapPreview.MapPreviewWidgetWithPreloader [MapPreviewMod]
[LoadTracer] ctor 836/1563: MapPreview.MapSeedRerollWindow [MapPreviewMod]
[LoadTracer] ctor 837/1563: MassLoveIn.Main [MassLoveIn]
[LoadTracer] ctor 838/1563: MeaningfulEncounters.Icons [MeaningfulEncounters]
[LoadTracer] ctor 839/1563: MetalPipe.Harmony_MetalPipe [MetalPipe]
*metal pipe falling sound effect*
[LoadTracer] ctor 840/1563: MilkyWay.MilkyWayAssets [MilkyWay]
[LoadTracer] ctor 841/1563: MilkyWay.PolygonDrawer [MilkyWay]
[LoadTracer] ctor 842/1563: MineSight.MineSightBootstrap [MineSight]
[LoadTracer] ctor 843/1563: MinesAutomated.CreateRecipeDefs [MinesAutomated]
Mines 2.0 -> RecipeDef named MinesAutomated_RecipeDef_MineableSteel added to the mine.
Mines 2.0 -> RecipeDef named MinesAutomated_RecipeDef_MineableComponentsIndustrial added to the mine.
Mines 2.0 -> RecipeDef named MinesAutomated_RecipeDef_RUT_Webwork_SilkKnot added to the mine.
Mines 2.0 -> RecipeDef named MinesAutomated_RecipeDef_LKDurasteel_Ore added to the mine.
Mines 2.0 -> RecipeDef named MinesAutomated_RecipeDef_GLO_MineableGlowstone added to the mine.
Mines 2.0 -> skipped DA_MineableSteelBeetle: Steel can already be mined by another recipe.
Mines 2.0 -> RecipeDef named MinesAutomated_RecipeDef_LKBeskar_Ore added to the mine.
Mines 2.0 -> RecipeDef named MinesAutomated_RecipeDef_LKORComponent_Ore added to the mine.
Mines 2.0 -> RecipeDef named MinesAutomated_RecipeDef_LKPureBeskar_Ore added to the mine.
Mines 2.0 -> RecipeDef named MinesAutomated_RecipeDef_Force_CrystalFormation_Small added to the mine.
Mines 2.0 -> skipped Force_CrystalFormation_Medium: Force_KyberCrystal can already be mined by another recipe.
Mines 2.0 -> skipped Force_CrystalFormation_Large: Force_KyberCrystal can already be mined by another recipe.
Mines 2.0 -> RecipeDef named MinesAutomated_RecipeDef_KOTOR_MineableDurasteel added to the mine.
Mines 2.0 -> RecipeDef named MinesAutomated_RecipeDef_BMT_MineableAmber added to the mine.
Mines 2.0 -> RecipeDef named MinesAutomated_RecipeDef_MineableUranium added to the mine.
Mines 2.0 -> RecipeDef named MinesAutomated_RecipeDef_DV_MineablePyrinth added to the mine.
Mines 2.0 -> RecipeDef named MinesAutomated_RecipeDef_KOTOR_MineableBronzium added to the mine.
Mines 2.0 -> RecipeDef named MinesAutomated_RecipeDef_MineableSilver added to the mine.
Mines 2.0 -> RecipeDef named MinesAutomated_RecipeDef_BMT_MineableFossils added to the mine.
Mines 2.0 -> RecipeDef named MinesAutomated_RecipeDef_KOTOR_MineableRhydonium added to the mine.
Mines 2.0 -> RecipeDef named MinesAutomated_RecipeDef_MineableRuby added to the mine.
Mines 2.0 -> RecipeDef named MinesAutomated_RecipeDef_MineableSapphire added to the mine.
Mines 2.0 -> RecipeDef named MinesAutomated_RecipeDef_MineableGold added to the mine.
Mines 2.0 -> RecipeDef named MinesAutomated_RecipeDef_KOTOR_MineableCortosis added to the mine.
Mines 2.0 -> RecipeDef named MinesAutomated_RecipeDef_MineableJade added to the mine.
Mines 2.0 -> RecipeDef named MinesAutomated_RecipeDef_MineableDiamond added to the mine.
Mines 2.0 -> RecipeDef named MinesAutomated_RecipeDef_KOTOR_MineableSpice added to the mine.
Mines 2.0 -> RecipeDef named MinesAutomated_RecipeDef_MineablePlasteel added to the mine.
Mines 2.0 -> RecipeDef named MinesAutomated_RecipeDef_KOTOR_MineableBeskar added to the mine.
Mines 2.0 -> RecipeDef named MinesAutomated_RecipeDef_BoulderGlacialIce added to the mine.
Mines 2.0 -> RecipeDef named MinesAutomated_RecipeDef_AB_MineableChocolate added to the mine.
Mines 2.0 -> skipped AB_SmoothedChocolate: Chocolate can already be mined by another recipe.
Mines 2.0 -> RecipeDef named MinesAutomated_RecipeDef_SmallFossils added to the mine.
Mines 2.0 -> skipped WeatheredGlacialIce: MF_ChunkIce can already be mined by another recipe.
Mines 2.0 -> skipped MediumFossil: SmallFossil can already be mined by another recipe.
Mines 2.0 -> RecipeDef named MinesAutomated_RecipeDef_PassableSandstone added to the mine.
Mines 2.0 -> skipped SolidGlacialIce: MF_ChunkIce can already be mined by another recipe.
Mines 2.0 -> skipped SmallPassableSandstone: ChunkSandstone can already be mined by another recipe.
Mines 2.0 -> skipped BoulderSandstone: ChunkSandstone can already be mined by another recipe.
Mines 2.0 -> skipped HewnGlacialIce: MF_ChunkIce can already be mined by another recipe.
Mines 2.0 -> skipped LargeFossil: SmallFossil can already be mined by another recipe.
Mines 2.0 -> RecipeDef named MinesAutomated_RecipeDef_LavaFlowBasalt added to the mine.
Mines 2.0 -> RecipeDef named MinesAutomated_RecipeDef_ObsidianFlow added to the mine.
Mines 2.0 -> skipped SmoothedHewnGlacialIce: MF_ChunkIce can already be mined by another recipe.
Mines 2.0 -> RecipeDef named MinesAutomated_RecipeDef_PassableLimestone added to the mine.
Mines 2.0 -> RecipeDef named MinesAutomated_RecipeDef_PassableMarble added to the mine.
Mines 2.0 -> RecipeDef named MinesAutomated_RecipeDef_PassableSlate added to the mine.
Mines 2.0 -> skipped BoulderLimestone: ChunkLimestone can already be mined by another recipe.
Mines 2.0 -> skipped PassableBasalt: MR_ChunkBasalt can already be mined by another recipe.
Mines 2.0 -> RecipeDef named MinesAutomated_RecipeDef_PassableVacstone added to the mine.
Mines 2.0 -> skipped VEE_MineableJadeite: Jade can already be mined by another recipe.
Mines 2.0 -> skipped VEE_SmoothedJadeite: Jade can already be mined by another recipe.
Mines 2.0 -> skipped WeatheredSandstone: ChunkSandstone can already be mined by another recipe.
Mines 2.0 -> RecipeDef named MinesAutomated_RecipeDef_BigAmethystCrystal added to the mine.
Mines 2.0 -> skipped BigQuartzCrystal: RoughGem can already be mined by another recipe.
Mines 2.0 -> skipped BoulderBasalt: MR_ChunkBasalt can already be mined by another recipe.
Mines 2.0 -> skipped BoulderMarble: ChunkMarble can already be mined by another recipe.
Mines 2.0 -> skipped BoulderVacstone: ChunkVacstone can already be mined by another recipe.
Mines 2.0 -> RecipeDef named MinesAutomated_RecipeDef_SlateForest added to the mine.
Mines 2.0 -> skipped SolidSandstone: ChunkSandstone can already be mined by another recipe.
Mines 2.0 -> RecipeDef named MinesAutomated_RecipeDef_PassableGranite added to the mine.
Mines 2.0 -> skipped SmoothedHewnSandstone: ChunkSandstone can already be mined by another recipe.
Mines 2.0 -> skipped HewnSandstone: ChunkSandstone can already be mined by another recipe.
Mines 2.0 -> skipped MineableObsidian: Obsidian can already be mined by another recipe.
Mines 2.0 -> skipped WeatheredLimestone: ChunkLimestone can already be mined by another recipe.
Mines 2.0 -> skipped WeatheredSlate: PassableSlate can already be mined by another recipe.
Mines 2.0 -> skipped SmoothedHewnSlate: ChunkSlate can already be mined by another recipe.
Mines 2.0 -> skipped BoulderGranite: ChunkGranite can already be mined by another recipe.
Mines 2.0 -> skipped HewnSlate: ChunkSlate can already be mined by another recipe.
Mines 2.0 -> skipped SmoothedHewnLimestone: ChunkLimestone can already be mined by another recipe.
Mines 2.0 -> skipped SolidSlate: PassableSlate can already be mined by another recipe.
Mines 2.0 -> skipped GravTide_MineableBandedIron: Steel can already be mined by another recipe.
Mines 2.0 -> skipped HewnLimestone: ChunkLimestone can already be mined by another recipe.
Mines 2.0 -> skipped SolidLimestone: ChunkLimestone can already be mined by another recipe.
Mines 2.0 -> skipped WeatheredBasalt: MR_ChunkBasalt can already be mined by another recipe.
Mines 2.0 -> skipped WeatheredMarble: ChunkMarble can already be mined by another recipe.
Mines 2.0 -> skipped WeatheredOrePlasteel: Plasteel can already be mined by another recipe.
Mines 2.0 -> skipped SmoothedHewnBasalt: MR_ChunkBasalt can already be mined by another recipe.
Mines 2.0 -> skipped SmoothedHewnMarble: ChunkMarble can already be mined by another recipe.
Mines 2.0 -> skipped SmoothedHewnVacstone: ChunkVacstone can already be mined by another recipe.
Mines 2.0 -> skipped SolidBasalt: MR_ChunkBasalt can already be mined by another recipe.
Mines 2.0 -> skipped SolidMarble: ChunkMarble can already be mined by another recipe.
Mines 2.0 -> skipped SolidVacstone: ChunkVacstone can already be mined by another recipe.
Mines 2.0 -> skipped HewnBasalt: MR_ChunkBasalt can already be mined by another recipe.
Mines 2.0 -> skipped HewnMarble: ChunkMarble can already be mined by another recipe.
Mines 2.0 -> skipped HewnOrePlasteel: ComponentIndustrial can already be mined by another recipe.
Mines 2.0 -> skipped HewnVacstone: ChunkVacstone can already be mined by another recipe.
Mines 2.0 -> skipped SolidOrePlasteel: ComponentIndustrial can already be mined by another recipe.
Mines 2.0 -> skipped WeatheredGranite: ChunkGranite can already be mined by another recipe.
Mines 2.0 -> skipped SolidGranite: ChunkGranite can already be mined by another recipe.
Mines 2.0 -> skipped SmoothedHewnGranite: ChunkGranite can already be mined by another recipe.
Mines 2.0 -> skipped HewnGranite: ChunkGranite can already be mined by another recipe.
Mines 2.0 -> RecipeDef named MinesAutomated_RecipeDef_VEE_MineableComponentSpacer added to the mine.
Mines 2.0 -> RecipeDef named MinesAutomated_RecipeDef_AA_SkySteelClumps added to the mine.
Mines 2.0 -> skipped VGE_Compressed_Gold: Gold can already be mined by another recipe.
Mines 2.0 -> skipped VGE_Compressed_Jade: Jade can already be mined by another recipe.
Mines 2.0 -> skipped VGE_Compressed_Silver: Silver can already be mined by another recipe.
Mines 2.0 -> skipped VGE_Compressed_Steel: Steel can already be mined by another recipe.
Mines 2.0 -> skipped VGE_Compressed_Uranium: Uranium can already be mined by another recipe.
Mines 2.0 -> skipped VGE_Compressed_Plasteel: Plasteel can already be mined by another recipe.
Mines 2.0 -> RecipeDef named MinesAutomated_RecipeDef_BMT_NaturalCrystalWall added to the mine.
Mines 2.0 -> skipped SolidIce: MF_ChunkIce can already be mined by another recipe.
Mines 2.0 -> RecipeDef named MinesAutomated_RecipeDef_GU_RoseQuartz added to the mine.
Mines 2.0 -> skipped Sandstone: ChunkSandstone can already be mined by another recipe.
Mines 2.0 -> skipped Marble: ChunkMarble can already be mined by another recipe.
Mines 2.0 -> RecipeDef named MinesAutomated_RecipeDef_AB_Mudstone added to the mine.
Mines 2.0 -> skipped Slate: ChunkSlate can already be mined by another recipe.
Mines 2.0 -> RecipeDef named MinesAutomated_RecipeDef_AB_Cragstone added to the mine.
Mines 2.0 -> skipped Vacstone: ChunkVacstone can already be mined by another recipe.
Mines 2.0 -> RecipeDef named MinesAutomated_RecipeDef_AB_SlimeStone added to the mine.
Mines 2.0 -> skipped Limestone: ChunkLimestone can already be mined by another recipe.
Mines 2.0 -> skipped Granite: ChunkGranite can already be mined by another recipe.
Mines 2.0 -> RecipeDef named MinesAutomated_RecipeDef_GU_AncientMetals added to the mine.
Mines 2.0 -> RecipeDef named MinesAutomated_RecipeDef_AB_Obsidianstone added to the mine.
Mines 2.0 -> skipped MR_BasaltBase: MR_ChunkBasalt can already be mined by another recipe.
Mines 2.0 -> skipped VGE_Compressed_Vacstone: ChunkVacstone can already be mined by another recipe.
[LoadTracer] ctor 844/1563: MinesAutomatedExtension.OnStartup [MinesAutomatedExtension]
Mines 2.0 Extension -> RecipeDef named MinesAutomatedExtension_RecipeDef_OuterRim_Duracrete added to the mine. This recipe is not affected by the mod settings.
Mines 2.0 Extension -> RecipeDef named MinesAutomatedExtension_RecipeDef_OuterRim_Durafiber added to the mine. This recipe is not affected by the mod settings.
Mines 2.0 Extension -> RecipeDef named MinesAutomatedExtension_RecipeDef_OuterRim_Permacrete added to the mine. This recipe is not affected by the mod settings.
Mines 2.0 Extension -> RecipeDef named MinesAutomatedExtension_RecipeDef_OuterRim_Plastcrete added to the mine. This recipe is not affected by the mod settings.
[LoadTracer] ctor 845/1563: MinifyEverything.MinifyMod [MinifyEverything]
[LoadTracer] ctor 846/1563: AlertSpeaker.Building_AlertSpeaker [MiningCo. AlertSpeaker]
[LoadTracer] ctor 847/1563: DrillTurret.Building_DrillTurret [MiningCo. DrillTurret]
[LoadTracer] ctor 848/1563: MobileMineralSonar.Building_MobileMineralSonar [MiningCo. MMS]
[LoadTracer] ctor 849/1563: Spaceship.Building_OrbitalRelay [MiningCo.-Spaceship]
[LoadTracer] ctor 850/1563: Spaceship.FlyingSpaceship [MiningCo.-Spaceship]
[LoadTracer] ctor 851/1563: Spaceship.FlyingSpaceshipAirstrike [MiningCo.-Spaceship]
[LoadTracer] ctor 852/1563: Spaceship.FlyingSpaceshipLanding [MiningCo.-Spaceship]
[LoadTracer] ctor 853/1563: Spaceship.FlyingSpaceshipTakingOff [MiningCo.-Spaceship]
[LoadTracer] ctor 854/1563: ModularWeapons2.ModularWeapons2 [ModularWeapons2]
[MW2]Now Active
[MW2] WeaponRacks detected
[MW2] ShowMeYourHands detected
[MW2] Harmony patch complete!
[MW2] Injected for 17 weapon styles
[MW2] Misc initializations complete!
[LoadTracer] ctor 855/1563: MW2_MVCFModule.MW2_MVCFModule [MW2_MVCFModule]
[MW2_MVCFModule] Loading VEF detected.
[MW2_MVCFModule] Initialize completed!
[LoadTracer] ctor 856/1563: MoreFactionInteraction.HarmonyPatches [MoreFactionInteraction]
[LoadTracer] ctor 857/1563: MoreFactionInteraction.MoreFactionWar.MainTabWindow_FactionWar [MoreFactionInteraction]
[LoadTracer] ctor 858/1563: MoreSlaveryStuff.Patcher [MoreSlaveryStuff]
[LoadTracer] ctor 859/1563: VanillaBiomes.VanillaBiomesPatches [VanillaBiomes]
More Vanilla Biomes initialized......
[LoadTracer] ctor 860/1563: MutatorWorldIcons.Init [MutatorWorldIcons]
Harmony patches applied for MutatorWorldIcons
[LoadTracer] ctor 861/1563: WorldGenRules.MyLittlePlanet [MyLittlePlanet]
[LoadTracer] ctor 862/1563: NightmareCore.DisplayUtility [NightmareCore]
[LoadTracer] ctor 863/1563: NightmareCore.ItemDisplayParameters [NightmareCore]
[LoadTracer] ctor 864/1563: NightmareCore.ThingComp_ItemDisplay [NightmareCore]
[LoadTracer] ctor 865/1563: NightmareCore.Window_ItemDisplayEditor [NightmareCore]
[LoadTracer] ctor 866/1563: NightmareCore.ThingComp_AutoHaulThingDisplay [NightmareCore]
[LoadTracer] ctor 867/1563: NightmareCore.ThingComp_MultiItemDisplay [NightmareCore]
[LoadTracer] ctor 868/1563: NightmareCore.Window_MultiItemDisplayEditor [NightmareCore]
[LoadTracer] ctor 869/1563: NightmareCore.Patch_Dialog_Options [NightmareCore]
[LoadTracer] ctor 870/1563: NightmareCore.Utilities.UITextures [NightmareCore]
[LoadTracer] ctor 871/1563: NightmareCore.Utilities.UIUtility [NightmareCore]
[LoadTracer] ctor 872/1563: No_Forced_Slowdown.HarmonyPatches [No Forced Slowdown]
[LoadTracer] ctor 873/1563: NoMissingGeneIcons.Main [NoMissingGeneIcons]
[NoMissingGeneIcons]: Fixed missing gene-graphics for 8 ChemicalDefs. 
Glitterstim, Ji rikknit, Battle stimulant, Adrenal stamina, Adrenal alacrity, Adrenal strength, Rhydonium, Spice
[LoadTracer] ctor 874/1563: NoRandomApparelOnIdeoEdit.Bootstrap [NoRandomApparelOnIdeoEdit]
[LoadTracer] ctor 875/1563: NomadFriendlyQuests.NomadQuestSupportBootstrap [NomadFriendlyQuests]
[LoadTracer] ctor 876/1563: NonUnoPinata.NUPUtility [NonUnoPinata]
[LoadTracer] ctor 877/1563: NonUnoPinata.NonUnoPinata [NonUnoPinata]
[LoadTracer] ctor 878/1563: NonUnoPinata.Patches.RPGStyleInventory_NonUnoPinataPatch [NonUnoPinata]
[LoadTracer] ctor 879/1563: NonUnoPinata.Patches.AwesomeInventory_NonUnoPinataPatch [NonUnoPinata]
[LoadTracer] ctor 880/1563: NonDestructiveGravlaunch.NonDestructiveGravlaunch [NonDestructiveGravlaunch]
[Non-Destructive Gravlaunch] Successful initialisation.
[LoadTracer] ctor 881/1563: Numbers.PawnColumnWorker_Ability [Numbers]
[LoadTracer] ctor 882/1563: Numbers.PawnColumnWorker_Bandwidth [Numbers]
[LoadTracer] ctor 883/1563: Numbers.PawnColumnWorker_DiseaseProgression [Numbers]
[LoadTracer] ctor 884/1563: Numbers.PawnColumnWorker_Need [Numbers]
[LoadTracer] ctor 885/1563: Numbers.StaticConstructorOnGameStart [Numbers]
[LoadTracer] ctor 886/1563: SpeedReboost.SpeedReboostHarmonyPatches [OutofCombatSpeedReBoost]
[LoadTracer] ctor 887/1563: SpeedReboost.Startup [OutofCombatSpeedReBoost]
[LoadTracer] ctor 888/1563: SlowerPawnTickRate.HarmonyInit [SlowerPawnTickRate]
[LoadTracer] ctor 889/1563: PersistentPrecepts.PersistentPrecepts [Persistent Precepts]
PersistentPrecepts Loaded
[LoadTracer] ctor 890/1563: Perspective.TextureBank [Perspective]
[LoadTracer] ctor 891/1563: XylRacesCore.Main [XylRacesCore]
[LoadTracer] ctor 892/1563: MemesAndP.HarmonyInit [MemesAndP]
[LoadTracer] ctor 893/1563: PrepareLanding.MonoController [PrepareLanding]
[LoadTracer] ctor 894/1563: PrepareLanding.StaticInitializer [PrepareLanding]
[PrepareLanding] Page_CreateWorldParams.CanDoNext is already patched. Can't instantiate PreciseWorldGeneration...
index: 0; owner: WorldbuilderMod; patch method: Void Prefix(); priority: 400; before: System.String[]; after: System.String[]
----
[PrepareLanding] Preset folder is at: C:/Users/<redacted>/AppData/LocalLow/Ludeon Studios/RimWorld by Ludeon Studios\PrepareLanding
[LoadTracer] ctor 895/1563: PrepareLanding.Core.Gui.Widgets [PrepareLanding]
[LoadTracer] ctor 896/1563: PrepareLanding.Core.Gui.World.WorldLayerBehaviour [PrepareLanding]
[LoadTracer] ctor 897/1563: PrisonersShouldFearTurrets.PrisonersShouldFearTurrets [PrisonersShouldFearTurrets]
[LoadTracer] ctor 898/1563: PrisonersShouldFearTurrets.PrisonersShouldFearTurretsMod [PrisonersShouldFearTurrets]
[LoadTracer] ctor 899/1563: Shrooms.ModInit [shrooms]
Psilocap Cultivation initialized!
[LoadTracer] ctor 900/1563: Leo.RaidProtectionFee.DefPreloader [Leo.RaidProtectionFee]
[LoadTracer] ctor 901/1563: RealisticHumanSounds.HarmonyPatches [RealisticHumanSounds]
[LoadTracer] ctor 902/1563: RecycleThis.RecycleThis [RecycleThis]
[RecycleThis]: Added 13 things to destroy-benches, 6 things to scrap-benches and 7 things to smelt-benches
[LoadTracer] ctor 903/1563: RecycleThis.RecycleThisMod [RecycleThis]
[LoadTracer] ctor 904/1563: RelevantStatsInDescription.RelevantStatsInDescription [RelevantStatsInDescription]
[RelevantStatsInDescription]: Skipping dps-calculation of Mortar as it has no default projectile defined
[RelevantStatsInDescription]: Skipping dps-calculation of Foam turret as its projectile does not cause damage to health
[RelevantStatsInDescription]: Skipping dps-calculation of Armor Emp Turret as its projectile does not cause damage to health
[RelevantStatsInDescription]: Skipping dps-calculation of Emp Turret as its projectile does not cause damage to health
[RelevantStatsInDescription]: Skipping dps-calculation of Farmland Guardian as its projectile does not cause damage to health
[RelevantStatsInDescription]: Skipping dps-calculation of Wall Emp Turret as its projectile does not cause damage to health
[RelevantStatsInDescription]: Skipping dps-calculation of Naval Wall Emp Turret as its projectile does not cause damage to health
[RelevantStatsInDescription]: Skipping dps-calculation of Farmland Guardian as its projectile does not cause damage to health
[RelevantStatsInDescription]: Skipping dps-calculation of Sludge sprayer as its projectile does not cause damage to health
[RelevantStatsInDescription]: Skipping dps-calculation of Ancient beam cannon as it has no default projectile defined
[RelevantStatsInDescription]: Skipping dps-calculation of Ion surge column as its projectile does not cause damage to health
[RelevantStatsInDescription]: Skipping dps-calculation of Deadlife column as its projectile does not cause damage to health
[RelevantStatsInDescription]: Skipping dps-calculation of Graser cannon complex as it has no default projectile defined
[RelevantStatsInDescription]: Skipping dps-calculation of Heavy incinerator complex as it has no default projectile defined
[RelevantStatsInDescription]: Skipping dps-calculation of Anti-air turret as it has no default projectile defined
[RelevantStatsInDescription]: Skipping dps-calculation of Artillery as it has no default projectile defined
[RelevantStatsInDescription]: Skipping dps-calculation of Searchlight as it has no default projectile defined
[RelevantStatsInDescription]: Skipping dps-calculation of Tesla arc projector as its projectile does not cause damage to health
[RelevantStatsInDescription]: Skipping dps-calculation of Point defense turret as it has no default projectile defined
[RelevantStatsInDescription]: Skipping dps-calculation of Foam belcher as its projectile does not cause damage to health
[RelevantStatsInDescription]: Skipping dps-calculation of Infantry mortar as it has no default projectile defined
[RelevantStatsInDescription]: Skipping dps-calculation of Multi-barrel mortar launcher as it has no default projectile defined
[RelevantStatsInDescription]: Skipping dps-calculation of Field howitzer as it has no default projectile defined
[RelevantStatsInDescription]: Skipping dps-calculation of Field cannon as it has no default projectile defined
[RelevantStatsInDescription]: Skipping dps-calculation of Gravlite defense turret as it has no default projectile defined
[RelevantStatsInDescription]: Skipping dps-calculation of Field gun as it has no default projectile defined
[LoadTracer] ctor 905/1563: RelevantStatsInDescription.RelevantStatsInDescriptionMod [RelevantStatsInDescription]
[LoadTracer] ctor 906/1563: PeteTimesSix.ResearchReinvented.ResearchReinvented_PostInit [ResearchReinvented]
[LoadTracer] ctor 907/1563: PeteTimesSix.ResearchReinvented.StringsCache [ResearchReinvented]
[LoadTracer] ctor 908/1563: PeteTimesSix.ResearchReinvented.Rimworld.DebugMenuEntries [ResearchReinvented]
[LoadTracer] ctor 909/1563: PeteTimesSix.ResearchReinvented.Rimworld.Textures [ResearchReinvented]
[LoadTracer] ctor 910/1563: PeteTimesSix.ResearchReinvented.ModCompat.DubsMintMenus [ResearchReinvented]
[LoadTracer] ctor 911/1563: PeteTimesSix.ResearchReinvented.ModCompat.HumanoidAlienRaces [ResearchReinvented]
[LoadTracer] ctor 912/1563: PeteTimesSix.ResearchReinvented.ModCompat.ResearchData [ResearchReinvented]
[LoadTracer] ctor 913/1563: PeteTimesSix.ResearchReinvented.Utilities.CustomWidgets.CategoriesVisualizer [ResearchReinvented]
[LoadTracer] ctor 914/1563: PeteTimesSix.ResearchReinvented.Utilities.CustomWidgets.CustomFloatRange [ResearchReinvented]
[LoadTracer] ctor 915/1563: InfoCardPatches.Startup [InfoCardPatches]
[LoadTracer] ctor 916/1563: ResourceDictionary.Startup [ResourceDictionary]
[LoadTracer] ctor 917/1563: BoneMod.HarmonyPatches [BoneMod]
[LoadTracer] ctor 918/1563: RimAI.Framework.Shared.Logging.RimAILoggerBootstrap [RimAI.Framework]
[LoadTracer] ctor 919/1563: Rimefeller.Building_ResourceConsole [Rimefeller]
[LoadTracer] ctor 920/1563: Rimefeller.HarmonyPatches [Rimefeller]
[LoadTracer] ctor 921/1563: Rimefeller.ITab_ResourceConsole [Rimefeller]
[LoadTracer] ctor 922/1563: Rimefeller.BigFuelPowerplant [Rimefeller]
[LoadTracer] ctor 923/1563: Rimefeller.FuelPowerplant [Rimefeller]
[LoadTracer] ctor 924/1563: Rimefeller.Building_Autoclave [Rimefeller]
[LoadTracer] ctor 925/1563: Rimefeller.DebugButtonsPatch [Rimefeller]
[LoadTracer] ctor 926/1563: Rimefeller.Dialog_RimefellerDebugMenu [Rimefeller]
[LoadTracer] ctor 927/1563: Rimefeller.CompOilDerrick [Rimefeller]
[LoadTracer] ctor 928/1563: Rimefeller.Gizmo_CrackerStatus [Rimefeller]
[LoadTracer] ctor 929/1563: Rimefeller.Gizmo_StorageTankGauge [Rimefeller]
[LoadTracer] ctor 930/1563: Rimefeller.CompStorageTank [Rimefeller]
[LoadTracer] ctor 931/1563: Rimefeller.DubUtils [Rimefeller]
[LoadTracer] ctor 932/1563: Rimefeller.GraphicsCache [Rimefeller]
[LoadTracer] ctor 933/1563: Rimefeller.XSectionLayer_Napalm [Rimefeller]
[LoadTracer] ctor 934/1563: Rimefeller.XSectionLayer_OilSpill [Rimefeller]
[LoadTracer] ctor 935/1563: RimFridge.FridgeLighting [RimFridge]
[LoadTracer] ctor 936/1563: RimQuest.HarmonyPatches [RimQuest]
[LoadTracer] ctor 937/1563: RimQuest.Main [RimQuest]
[LoadTracer] ctor 938/1563: RimQuest.RimQuestMod [RimQuest]
[LoadTracer] ctor 939/1563: RimTek.RimTek_Startup_GiveAbility [RimTek]
[LoadTracer] ctor 940/1563: RimTunes.Tags.TagFactory [RimTunes]
[LoadTracer] ctor 941/1563: RimTunes.Configuration.Resources [RimTunes]
[LoadTracer] ctor 942/1563: R_IOTR.Mian.Startup [R_IOTR]
[Romance & Intimacy On The Rim] When you've got romance on the rim, you've also got intimacy!
[LoadTracer] ctor 943/1563: RoofedScanning.Entry [RoofedScanning]
[LoadTracer] ctor 944/1563: RunAndGun.Utilities.DualWieldCompat [RunAndGun]
[LoadTracer] ctor 945/1563: RuthlessPursuingMechanoids.HarmonyPatcher [RuthlessPursuingMechanoids]
[LoadTracer] ctor 946/1563: RW_PlanetAtmosphere.PlanetAtmosphereRenderer [RW_PlanetAtmosphere]
[LoadTracer] ctor 947/1563: RW_PlanetAtmosphere.Patch.HarmonyInjector [RW_PlanetAtmosphere]
[LoadTracer] ctor 948/1563: ScenarioAmender.HarmonyPatches [ScenarioAmender]
[katana.scenarioamender] Loaded
[LoadTracer] ctor 949/1563: SearchOption.HarmonyMain [SearchOption]
[LoadTracer] ctor 950/1563: SelfDyeing.Dialog_ColorPatterns_Tex [SelfDyeing]
[LoadTracer] ctor 951/1563: SelfDyeing.SelfDyeing [SelfDyeing]
[LoadTracer] ctor 952/1563: SensibleBedOwnership.Patch_CompAssignableToPawn [SensibleBedOwnership]
[LoadTracer] ctor 953/1563: SensibleBedOwnership.SensibleBedOwnershipInitializer [SensibleBedOwnership]
[LoadTracer] ctor 954/1563: Boots_SensibleFactions.RunWorldDistributionOnWorldStart [Boots_SensibleFactions]
[LoadTracer] ctor 955/1563: Boots_SensibleFactions.SensibleFactions_Settings [Boots_SensibleFactions]
[LoadTracer] ctor 956/1563: FlyingSloth.SCFilthReducer.SCFilthReducerMod [SC_Filth_Reducer]
[LoadTracer] ctor 957/1563: ShowKnownTechprints.HarmonyPatches [ShowKnownTechprints]
[LoadTracer] ctor 958/1563: SlaveRebellionsImproved.StartUp [SlaveRebellionsImproved]
[LoadTracer] ctor 959/1563: SleepingBuddies.HarmonyBootstrap [SleepingBuddies]
[LoadTracer] ctor 960/1563: SnapOut.SnapOutMultiplayer [SnapOut]
[LoadTracer] ctor 961/1563: Scuttlebugs.Main [Scuttlebugs]
[LoadTracer] ctor 962/1563: Scuttlebugs.ScuttlebugsMod [Scuttlebugs]
[LoadTracer] ctor 963/1563: StandaloneHotSpring.Startup [StandaloneHotSpring]
[LoadTracer] ctor 964/1563: RimWorldStealingMod.Main [RimWorldStealingMod]
[LoadTracer] ctor 965/1563: StorageMemory.StorageMemoryPatcher [StorageMemory]
[LoadTracer] ctor 966/1563: StorytellerEnhanced.HarmonySetup [Storyteller-Enhanced]
[LoadTracer] ctor 967/1563: SurvivalTools.ModCompatibilityCheck [SurvivalTools]
[LoadTracer] ctor 968/1563: SurvivalTools.StaticConstructorClass [SurvivalTools]
[SurvivalToolsReborn] 0.011(R) loaded.
[LoadTracer] ctor 969/1563: SurvivalTools.HarmonyStuff.HarmonyPatches [SurvivalTools]
[LoadTracer] ctor 970/1563: TabSorting.AllCurrentDefsInCategory [TabSorting]
[LoadTracer] ctor 971/1563: TabSorting.ListingExtension [TabSorting]
[LoadTracer] ctor 972/1563: TabSorting.TabSorting [TabSorting]
[TabSorting]: Fixing kitchen room role worker, thanks slippycheeze!
[TabSorting]: Moved 153 lights to the Lights tab.
[TabSorting]: Removing DoorTab since its empty now.
[TabSorting]: Removing ResearchTab since its empty now.
[TabSorting]: Removing KitchenTab since its empty now.
[TabSorting]: Removing StorageTab since its empty now.
[TabSorting]: Removing DecorationTab since its empty now.
[TabSorting]: Removing HospitalTab since its empty now.
[TabSorting]: Removing BedroomTab since its empty now.
[TabSorting]: Removing TableChairsTab since its empty now.
[LoadTracer] ctor 973/1563: TabSorting.TabSortingMod [TabSorting]
[LoadTracer] ctor 974/1563: TormentMaster.Patches.BrazenBullCharredRendering [TormentMaster]
[LoadTracer] ctor 975/1563: TormentMaster.LiveTargetRange.CompLiveTargetRange [TormentMaster]
[LoadTracer] ctor 976/1563: TormentMaster.LaserFlayer.CompLaserFlayer [TormentMaster]
[LoadTracer] ctor 977/1563: TormentMaster.LaserFlayer.CrossRaceProxyManager [TormentMaster]
[LoadTracer] ctor 978/1563: TormentMaster.LaserFlayer.CrossRaceProxyManagerDelegates [TormentMaster]
[LoadTracer] ctor 979/1563: TormentMaster.Definitions.TormentMasterMod [TormentMaster]
[LoadTracer] ctor 980/1563: TormentMaster.BrazenBull.CompBrazenBull [TormentMaster]
[LoadTracer] ctor 981/1563: DropSpot.DropSpotHarmony [DropSpot]
[LoadTracer] ctor 982/1563: TradeUI.TradeUIRework [TradeUI]
[LoadTracer] ctor 983/1563: TraderShips.CompShip [TraderShips]
[LoadTracer] ctor 984/1563: TransparentSubstructure.HarmonyPatches [TransparentSubstructure]
[LoadTracer] ctor 985/1563: TransparentSubstructure.SectionLayer_TransparentTerrain [TransparentSubstructure]
[LoadTracer] ctor 986/1563: TransparentSubstructure.SectionLayer_TransparentTerrainClear [TransparentSubstructure]
[LoadTracer] ctor 987/1563: TransparentSubstructure.SectionLayer_TransparentTerrainMask [TransparentSubstructure]
[LoadTracer] ctor 988/1563: TransparentSubstructure.TransparentTerrainUtility [TransparentSubstructure]
[LoadTracer] ctor 989/1563: TriumphantResearch.Window_ResearchComplete [TriumphantResearch]
[LoadTracer] ctor 990/1563: UndraftAfterTucking.Main [UndraftAfterTucking]
[LoadTracer] ctor 991/1563: UniversalPregnancy.UniversalPregnancyConstructor [UniversalPregnancy]
[LoadTracer] ctor 992/1563: RimWorldColumns.Building_ClaymoreColumn [RimWorldColumns]
[LoadTracer] ctor 993/1563: RimWorldColumns.Building_RepairColumn [RimWorldColumns]
[LoadTracer] ctor 994/1563: RimWorldColumns.ClaymoreCharge [RimWorldColumns]
[LoadTracer] ctor 995/1563: RimWorldColumns.Gizmo_ClaymoreSafetySettings [RimWorldColumns]
[LoadTracer] ctor 996/1563: RimWorldColumns.HarmonyPatches [RimWorldColumns]
[Utility Columns] - Patching...
[LoadTracer] ctor 997/1563: VAE_Accessories.HarmonyPatches [VAE Accessories]
[LoadTracer] ctor 998/1563: VanillaCookingExpanded.StaticCollections [VanillaCookingExpanded]
[LoadTracer] ctor 999/1563: VanillaCookingExpanded.Utils.HarmonyUtility [VanillaCookingExpanded]
[LoadTracer] ctor 1000/1563: VEE.HarmonyInit [VEE]
[LoadTracer] ctor 1001/1563: VEE.StaticCollections [VEE]
[LoadTracer] ctor 1002/1563: VEE.HazeFullscreenPass [VEE]
[LoadTracer] ctor 1003/1563: VEE.Settings.DefsAlterer [VEE]
[LoadTracer] ctor 1004/1563: VEE.Settings.VEEData [VEE]
[LoadTracer] ctor 1005/1563: VEE.RegularEvents.SpaceBattle [VEE]
[LoadTracer] ctor 1006/1563: VEE.RegularEvents.EarthQuake [VEE]
[LoadTracer] ctor 1007/1563: VFEInsectoids.HordeModeManager [VFEInsectoids]
[LoadTracer] ctor 1008/1563: VFEInsectoids.HarmonyInit [VFEInsectoids]
[LoadTracer] ctor 1009/1563: VFEInsectoids.Gizmo_Hive [VFEInsectoids]
[LoadTracer] ctor 1010/1563: VFEInsectoids.Utils [VFEInsectoids]
[LoadTracer] ctor 1011/1563: VFEInsectoids.SettingsApplier [VFEInsectoids]
[LoadTracer] ctor 1012/1563: VFETribals.Startup [VFETribals]
[LoadTracer] ctor 1013/1563: VFETribals.CompFireOverlay_LargeFire [VFETribals]
[LoadTracer] ctor 1014/1563: VFETribals.ModCompatibility [VFETribals]
[LoadTracer] ctor 1015/1563: VFETribals.Utils [VFETribals]
[LoadTracer] ctor 1016/1563: VFETribals.Window_CustomizeCornerstones [VFETribals]
[LoadTracer] ctor 1017/1563: VanillaFurnitureEC.Alert_ComputerNoChair [VanillaFurnitureEC]
[LoadTracer] ctor 1018/1563: VanillaFurnitureEC.NonPublicMethods [VanillaFurnitureEC]
[LoadTracer] ctor 1019/1563: VanillaFurnitureEC.StaticCollections [VanillaFurnitureEC]
[LoadTracer] ctor 1020/1563: VFEArchitect.SectionLayer_CustomBridgeProps [VFEArchitect]
[LoadTracer] ctor 1021/1563: VanillaFurnitureExpandedFactory.Building_Conveyor [VanillaFurnitureExpandedFactory]
[LoadTracer] ctor 1022/1563: VanillaFurnitureExpandedFactory.PlaceWorker_Conveyor [VanillaFurnitureExpandedFactory]
[LoadTracer] ctor 1023/1563: VanillaFurnitureExpandedFactory.GraphicsCache [VanillaFurnitureExpandedFactory]
[LoadTracer] ctor 1024/1563: VanillaFurnitureExpandedFactory.Startup [VanillaFurnitureExpandedFactory]
[LoadTracer] ctor 1025/1563: VanillaFurnitureExpandedFactory.StaticCollections [VanillaFurnitureExpandedFactory]
[LoadTracer] ctor 1026/1563: VanillaFurnitureExpandedFactory.Building_Autofarmer [VanillaFurnitureExpandedFactory]
[LoadTracer] ctor 1027/1563: VanillaFurnitureExpandedFactory.Command_SetPlantToGrowAutofarmer [VanillaFurnitureExpandedFactory]
[LoadTracer] ctor 1028/1563: VanillaPowerExpanded.Building_SmallBattery [VanillaPowerExpanded]
[LoadTracer] ctor 1029/1563: VanillaPowerExpanded.GraphicsCache [VanillaPowerExpanded]
[LoadTracer] ctor 1030/1563: VanillaPowerExpanded.AlphaBiomesSettingsHelper [VanillaPowerExpanded]
[LoadTracer] ctor 1031/1563: VanillaPowerExpanded.CompPowerAdvancedSolar [VanillaPowerExpanded]
[LoadTracer] ctor 1032/1563: VanillaPowerExpanded.CompSoulsPowerPlant [VanillaPowerExpanded]
[LoadTracer] ctor 1033/1563: VanillaPowerExpanded.CompPowerAdvancedWater [VanillaPowerExpanded]
[LoadTracer] ctor 1034/1563: VanillaPowerExpanded.CompPowerAdvancedWind [VanillaPowerExpanded]
[LoadTracer] ctor 1035/1563: VFEProps.CompAttachEffecter [VFEProps]
[LoadTracer] ctor 1036/1563: VFEProps.CompConstantFireOverlay [VFEProps]
[LoadTracer] ctor 1037/1563: VFEProps.CompMoteReleaser [VFEProps]
[LoadTracer] ctor 1038/1563: VFEProps.Main [VFEProps]
[LoadTracer] ctor 1039/1563: VFEProps.SettingsHelper [VFEProps]
[LoadTracer] ctor 1040/1563: VFEProps.StaticCollections [VFEProps]
[LoadTracer] ctor 1041/1563: VFESecurity.CompConcealed [VFESecurity]
[LoadTracer] ctor 1042/1563: VFESecurity.CompWorldArtillery [VFESecurity]
[LoadTracer] ctor 1043/1563: VFESecurity.Startup [VFESecurity]
[LoadTracer] ctor 1044/1563: VFESecurity.ArtilleryUtils [VFESecurity]
[LoadTracer] ctor 1045/1563: MFSpacer.CompRepairStored [MFSpacer]
[LoadTracer] ctor 1046/1563: MFSpacer.PerformanceFishCompatibility [MFSpacer]
[LoadTracer] ctor 1047/1563: BunkBeds.Utils [BunkBeds]
[LoadTracer] ctor 1048/1563: VanillaGravshipExpanded.WorkGiver_BuildVacBarrierRoof [VanillaGravshipExpanded]
[LoadTracer] ctor 1049/1563: VanillaGravshipExpanded.Building_Agrocell [VanillaGravshipExpanded]
[LoadTracer] ctor 1050/1563: VanillaGravshipExpanded.Building_GravCapacitor [VanillaGravshipExpanded]
[LoadTracer] ctor 1051/1563: VanillaGravshipExpanded.ReplaceStuff [VanillaGravshipExpanded]
[VGE] Initializing replace Stuff compat finished. 1 checks were updated to exclude Vac Checkpoints.
[LoadTracer] ctor 1052/1563: VanillaGravshipExpanded.CompActiveResourceTraderEffecter [VanillaGravshipExpanded]
[LoadTracer] ctor 1053/1563: VanillaGravshipExpanded.CompGravheatAbsorber [VanillaGravshipExpanded]
[LoadTracer] ctor 1054/1563: VanillaGravshipExpanded.CompHeatsink [VanillaGravshipExpanded]
[LoadTracer] ctor 1055/1563: VanillaGravshipExpanded.CompPowerPlantSolarPanelling [VanillaGravshipExpanded]
[LoadTracer] ctor 1056/1563: VanillaGravshipExpanded.CompScannerCluster_OrbitalScannerModule [VanillaGravshipExpanded]
[LoadTracer] ctor 1057/1563: VanillaGravshipExpanded.CompVacCheckpoint [VanillaGravshipExpanded]
[LoadTracer] ctor 1058/1563: VanillaGravshipExpanded.CompWorldArtillery [VanillaGravshipExpanded]
[LoadTracer] ctor 1059/1563: VanillaGravshipExpanded.DebugActions [VanillaGravshipExpanded]
[LoadTracer] ctor 1060/1563: VanillaGravshipExpanded.ColorableVacBarrierRoofGraphic [VanillaGravshipExpanded]
[LoadTracer] ctor 1061/1563: VanillaGravshipExpanded.ArchitectCategoryTab_DesignationTabOnGUI_Patch [VanillaGravshipExpanded]
[LoadTracer] ctor 1062/1563: VanillaGravshipExpanded.DubsMintMenus_RefreshDesignatorCaches_Patch [VanillaGravshipExpanded]
[LoadTracer] ctor 1063/1563: VanillaGravshipExpanded.DubsMintMenus_Compat_Patches [VanillaGravshipExpanded]
[LoadTracer] ctor 1064/1563: VanillaGravshipExpanded.ResearchTree_Compat_Patches [VanillaGravshipExpanded]
[LoadTracer] ctor 1065/1563: VanillaGravshipExpanded.SemiRandomResearch_Compat_Patches [VanillaGravshipExpanded]
[LoadTracer] ctor 1066/1563: VanillaGravshipExpanded.SettingsHelper [VanillaGravshipExpanded]
[LoadTracer] ctor 1067/1563: VanillaGravshipExpanded.LandingStructureBase [VanillaGravshipExpanded]
[LoadTracer] ctor 1068/1563: VanillaGravshipExpanded.StaticCollections [VanillaGravshipExpanded]
[LoadTracer] ctor 1069/1563: VanillaGravshipExpanded.Building_AutonomousTargeting [VanillaGravshipExpanded]
[LoadTracer] ctor 1070/1563: VanillaGravshipExpanded.Building_Gravlift [VanillaGravshipExpanded]
[LoadTracer] ctor 1071/1563: VanillaGravshipExpanded.Building_GravshipTurret [VanillaGravshipExpanded]
[LoadTracer] ctor 1072/1563: VanillaGravshipExpanded.Building_MechanoidGravEngine [VanillaGravshipExpanded]
[LoadTracer] ctor 1073/1563: VanillaGravshipExpanded.TurretLinkerUtility [VanillaGravshipExpanded]
[LoadTracer] ctor 1074/1563: VanillaGravshipExpanded.Designator_RecolorVacBarrierRoof [VanillaGravshipExpanded]
[LoadTracer] ctor 1075/1563: VanillaGravshipExpanded.Dialog_NoLimitColorPicker [VanillaGravshipExpanded]
[LoadTracer] ctor 1076/1563: VanillaGravshipExpanded.GravshipCacheCameraManager [VanillaGravshipExpanded]
[LoadTracer] ctor 1077/1563: VanillaGravshipExpanded.GravshipHelper [VanillaGravshipExpanded]
[LoadTracer] ctor 1078/1563: VHelixienGasE.HarmonyInit [VHelixienGasE]
[LoadTracer] ctor 1079/1563: VHelixienGasE.PlaySettings_DoPlaySettingsGlobalControls [VHelixienGasE]
[LoadTracer] ctor 1080/1563: VHelixienGasE.HelixienGasHandler [VHelixienGasE]
[LoadTracer] ctor 1081/1563: VanillaExplorationExpanded.Main [VanillaExplorationExpanded]
[LoadTracer] ctor 1082/1563: VanillaExplorationExpanded.StaticCollections [VanillaExplorationExpanded]
[LoadTracer] ctor 1083/1563: VOE.Outpost_Artillery [VOE]
[LoadTracer] ctor 1084/1563: VOE.Outpost_Defensive [VOE]
[LoadTracer] ctor 1085/1563: VOE.TexDefensive [VOE]
[LoadTracer] ctor 1086/1563: VanillaQuestsExpandedAncients.Building_AncientWonderdoc [VanillaQuestsExpandedAncients]
[LoadTracer] ctor 1087/1563: VanillaQuestsExpandedAncients.Building_ArchogenInjector [VanillaQuestsExpandedAncients]
[LoadTracer] ctor 1088/1563: VanillaQuestsExpandedAncients.Building_PneumaticTubeLaunchPort [VanillaQuestsExpandedAncients]
[LoadTracer] ctor 1089/1563: VanillaQuestsExpandedAncients.CompAncientWonderdoc [VanillaQuestsExpandedAncients]
[LoadTracer] ctor 1090/1563: VanillaQuestsExpandedAncients.CompBioBattery [VanillaQuestsExpandedAncients]
[LoadTracer] ctor 1091/1563: VanillaQuestsExpandedAncients.GraphicsCache [VanillaQuestsExpandedAncients]
[LoadTracer] ctor 1092/1563: VanillaQuestsExpandedAncients.Main [VanillaQuestsExpandedAncients]
[LoadTracer] ctor 1093/1563: VanillaQuestsExpandedAncients.ModCompatibility [VanillaQuestsExpandedAncients]
[LoadTracer] ctor 1094/1563: VanillaQuestsExpandedCryptoforge.CompNonRefuelable [VanillaQuestsExpandedCryptoforge]
[LoadTracer] ctor 1095/1563: VanillaQuestsExpandedCryptoforge.Gizmo_NonRefuelableFuelStatus [VanillaQuestsExpandedCryptoforge]
[LoadTracer] ctor 1096/1563: VanillaQuestsExpandedCryptoforge.GraphicsCache [VanillaQuestsExpandedCryptoforge]
[LoadTracer] ctor 1097/1563: VanillaQuestsExpandedCryptoforge.Main [VanillaQuestsExpandedCryptoforge]
[LoadTracer] ctor 1098/1563: VanillaQuestsExpandedTheGenerator.Building_Genetron_Studiable [VanillaQuestsExpandedTheGenerator]
[LoadTracer] ctor 1099/1563: VanillaQuestsExpandedTheGenerator.Command_SetTargetUraniumLevel [VanillaQuestsExpandedTheGenerator]
[LoadTracer] ctor 1100/1563: VanillaQuestsExpandedTheGenerator.CompRefuelableWithOverdrive [VanillaQuestsExpandedTheGenerator]
[LoadTracer] ctor 1101/1563: VanillaQuestsExpandedTheGenerator.GraphicsCache [VanillaQuestsExpandedTheGenerator]
[LoadTracer] ctor 1102/1563: VanillaQuestsExpandedTheGenerator.Main [VanillaQuestsExpandedTheGenerator]
[LoadTracer] ctor 1103/1563: VanillaQuestsExpandedTheGenerator.InspectPaneFiller_DrawHealth_Patch [VanillaQuestsExpandedTheGenerator]
[LoadTracer] ctor 1104/1563: VanillaQuestsExpandedTheGenerator.SettingsHelper [VanillaQuestsExpandedTheGenerator]
[LoadTracer] ctor 1105/1563: VanillaQuestsExpandedTheGenerator.StaticCollections [VanillaQuestsExpandedTheGenerator]
[LoadTracer] ctor 1106/1563: VREArchon.WeatherEvent_LightningStrike_PsychicStorm [VREArchon]
[LoadTracer] ctor 1107/1563: VREArchon.Startup [VREArchon]
[LoadTracer] ctor 1108/1563: VanillaRacesExpandedFungoid.Main [VanillaRacesExpanded-Fungoid]
[LoadTracer] ctor 1109/1563: VanillaRacesExpandedFungoid.SettingsHelper [VanillaRacesExpanded-Fungoid]
[LoadTracer] ctor 1110/1563: VanillaRacesExpandedPhytokin.GraphicsCache [VanillaRacesExpanded-Phytokin]
[LoadTracer] ctor 1111/1563: VanillaRacesExpandedStarjack.SettingsHelper [VanillaRacesExpandedStarjack]
[LoadTracer] ctor 1112/1563: VanillaRacesExpandedStarjack.StaticCollections [VanillaRacesExpandedStarjack]
[LoadTracer] ctor 1113/1563: VanillaTradingExpanded.GuiHelper [VanillaTradingExpanded]
[LoadTracer] ctor 1114/1563: VanillaTradingExpanded.Startup [VanillaTradingExpanded]
[LoadTracer] ctor 1115/1563: VanillaTradingExpanded.Window_PerformTransactionGains [VanillaTradingExpanded]
[LoadTracer] ctor 1116/1563: VanillaTradingExpanded.Window_PerformTransactionCosts [VanillaTradingExpanded]
[LoadTracer] ctor 1117/1563: VanillaTradingExpanded.Window_StockMarket [VanillaTradingExpanded]
[LoadTracer] ctor 1118/1563: VanillaTradingExpanded.Window_MarketPrices [VanillaTradingExpanded]
[LoadTracer] ctor 1119/1563: VanillaTraitsExpanded.HarmonyInit [VanillaTraitsExpanded]
[LoadTracer] ctor 1120/1563: VanillaTraitsExpanded.DefsRemover [VanillaTraitsExpanded]
[LoadTracer] ctor 1121/1563: VanillaTraitsExpanded.TraitUtils [VanillaTraitsExpanded]
[LoadTracer] ctor 1122/1563: VehicleRaid.HoverDrawUtils [VehicleRaidFramework]
[LoadTracer] ctor 1123/1563: VehicleRaidFramework.HarmonyInit [VehicleRaidFramework]
[LoadTracer] ctor 1124/1563: VehicleRaidFramework.Patch_VVE_Handbrake [VehicleRaidFramework]
[LoadTracer] ctor 1125/1563: Init [VisitSettlements]
[LoadTracer] ctor 1126/1563: WalkTheWorld.WalkTheWorld_Startup [WalkTheWorld]
[LoadTracer] ctor 1127/1563: wasdedPawn.WASDHarmonyPatch [Source]
[LoadTracer] ctor 1128/1563: WeaponRacks.Building_WeaponStorage [WeaponRacks]
[LoadTracer] ctor 1129/1563: WeaponRacks.HarmonyPatches [WeaponRacks]
[LoadTracer] ctor 1130/1563: WeaponRacks.UIAssets [WeaponRacks]
[LoadTracer] ctor 1131/1563: FluffyUI.TextureChooser [FluffyUI]
[LoadTracer] ctor 1132/1563: WorkTab.Resources [WorkTab]
[LoadTracer] ctor 1133/1563: WorkTab.Job_Extensions [WorkTab]
[LoadTracer] ctor 1134/1563: WorkTab.HarmonyPatches.ThirdPart.TDEnhancementPackPatches [WorkTab]
[LoadTracer] ctor 1135/1563: Worldbuilder.InspectPaneUtility_DoTabs_Patch [Worldbuilder]
[LoadTracer] ctor 1136/1563: Worldbuilder.ModCompat [Worldbuilder]
[LoadTracer] ctor 1137/1563: Worldbuilder.Page_CreateWorldParams_DoWindowContents_Patch [Worldbuilder]
[LoadTracer] ctor 1138/1563: Worldbuilder.Pawn_GetGizmos_Patch [Worldbuilder]
[LoadTracer] ctor 1139/1563: Worldbuilder.Thing_GetGizmos_Patch [Worldbuilder]
[LoadTracer] ctor 1140/1563: Worldbuilder.GizmoUtility [Worldbuilder]
[LoadTracer] ctor 1141/1563: Worldbuilder.Page_SelectWorld [Worldbuilder]
[LoadTracer] ctor 1142/1563: Worldbuilder.Resources [Worldbuilder]
[LoadTracer] ctor 1143/1563: Worldbuilder.Window_ColorPicker [Worldbuilder]
[LoadTracer] ctor 1144/1563: Worldbuilder.Window_CreateOrEditWorld [Worldbuilder]
[LoadTracer] ctor 1145/1563: Worldbuilder.Window_ManageFactions [Worldbuilder]
[LoadTracer] ctor 1146/1563: Worldbuilder.Window_PawnCustomization [Worldbuilder]
[LoadTracer] ctor 1147/1563: Worldbuilder.Window_ThingCustomization [Worldbuilder]
[LoadTracer] ctor 1148/1563: Worldbuilder.CustomizationGraphicUtility [Worldbuilder]
[LoadTracer] ctor 1149/1563: Worldbuilder.WorldbuilderModLatePatching [Worldbuilder]
[LoadTracer] ctor 1150/1563: Worldbuilder.WorldPresetManager [Worldbuilder]
[LoadTracer] ctor 1151/1563: WorldEdit_2_0.MainEditor.Page_SelectWorldTemplate [WorldEdit 2.0]
[LoadTracer] ctor 1152/1563: XenotypeSpawnControl.StaticConstructor [XenotypeSpawnControl]
Loaded file (Xenotype) is from version 1.6.4633 rev1261, we are running version 1.6.4871 rev591.
Loaded file (Xenotype) is from version 1.6.4633 rev1261, we are running version 1.6.4871 rev591.
Loaded file (Xenotype) is from version 1.6.4633 rev1261, we are running version 1.6.4871 rev591.
[LoadTracer] ctor 1153/1563: caravanVisual.caravanVisualMod [caravanVisual]
[LoadTracer] ctor 1154/1563: caravanVisual.Main [caravanVisual]
[LoadTracer] ctor 1155/1563: caravanVisual.HarmonyPatches.WorldObject_Draw [caravanVisual]
[LoadTracer] ctor 1156/1563: yayoCombat.YayoCombatCore [yayoCombat]
[LoadTracer] ctor 1157/1563: RWM_BTD_Remix_GravshipBlueprints.BTD_Patches [RWM_BTD_Remix_GravshipBlueprints]
BTD: Could not rewrite the PositiveBuysNegativeSells label in Dialog_Trade.DoWindowContents; the gravship purchase window will show vanilla's buy and sell hint instead of the running cost
BTD: Could not rewrite the ConfirmTraderShortFunds prompt in Dialog_Trade.DoWindowContents; overpaying for a gravship will show vanilla's insufficient silver wording
BTD Gravship Blueprints: Harmony patches applied
[LoadTracer] ctor 1158/1563: RWM_BTD_Remix_GravshipBlueprints.BTD_HarmonyPatch_VGELandingHooks [RWM_BTD_Remix_GravshipBlueprints]
[LoadTracer] ctor 1159/1563: RWM_BTD_Remix_GravshipBlueprints.BTD_HarmonyPatch_NanameGravshipMask [RWM_BTD_Remix_GravshipBlueprints]
[LoadTracer] ctor 1160/1563: RWM_BTD_Remix_GravshipBlueprints.BTD_ReplaceStuffCompat [RWM_BTD_Remix_GravshipBlueprints]
BTD Gravship Blueprints: Excluded BTD_QuestSiteSubstructure from Replace Stuff bridge terrains (1).
[LoadTracer] ctor 1161/1563: LFS_GenesExpandedEyes.HarmonyPatch [LFSGeneExpandedEyes]
[GeneExpandedEyes] harmony patch succeeded.
[LoadTracer] ctor 1162/1563: AlphaBehavioursAndEvents.Ability_DestroyEyes [AlphaBehavioursAndEvents]
[LoadTracer] ctor 1163/1563: AlphaBehavioursAndEvents.Ability_OcularEruption [AlphaBehavioursAndEvents]
[LoadTracer] ctor 1164/1563: AlphaBehavioursAndEvents.Ability_OnlyBlackHive [AlphaBehavioursAndEvents]
[LoadTracer] ctor 1165/1563: AlphaBehavioursAndEvents.Ability_SpawnOnRadius [AlphaBehavioursAndEvents]
[LoadTracer] ctor 1166/1563: AlphaBehavioursAndEvents.Ability_Summon [AlphaBehavioursAndEvents]
[LoadTracer] ctor 1167/1563: AlphaBehavioursAndEvents.Ability_Summon_Hive [AlphaBehavioursAndEvents]
[LoadTracer] ctor 1168/1563: AlphaBehavioursAndEvents.Ability_Melee [AlphaBehavioursAndEvents]
[LoadTracer] ctor 1169/1563: AlphaBehavioursAndEvents.HediffComp_AnoleGrown [AlphaBehavioursAndEvents]
[LoadTracer] ctor 1170/1563: AlphaBehavioursAndEvents.AlphaBehavioursAndEvents [AlphaBehavioursAndEvents]
[LoadTracer] ctor 1171/1563: AlphaBehavioursAndEvents.Main [AlphaBehavioursAndEvents]
[LoadTracer] ctor 1172/1563: AlphaBehavioursAndEvents.Pawn_Detonator [AlphaBehavioursAndEvents]
[LoadTracer] ctor 1173/1563: AlphaBehavioursAndEvents.Pawn_GrowOnCombat [AlphaBehavioursAndEvents]
[LoadTracer] ctor 1174/1563: AncientMarket_Libraray.HarmonyInit+PatchMain [ACM_RandomBuildings]
[LoadTracer] ctor 1175/1563: AncientMarket_Libraray.AMDefOf [AncientMarket_Libraray]
[LoadTracer] ctor 1176/1563: AncientMarket_Libraray.CustomSite [AncientMarket_Libraray]
[LoadTracer] ctor 1177/1563: AncientMarket_Libraray.PatchMain [AncientMarket_Libraray]
[LoadTracer] ctor 1178/1563: AncientMarketAI_Libraray.PatchMain [AncientMarketAI_Libraray]
[LoadTracer] ctor 1179/1563: BreadMoFuckIdeoApprelAM.PatchMain [DebugLogHarmony]
[LoadTracer] ctor 1180/1563: BreadMoFuckIdeoApprelAM.FuckIdeoApparel [DebugLogHarmony]
[LoadTracer] ctor 1181/1563: MoteDraw_Libraray.HarmonyPatches [手电筒]
[LoadTracer] ctor 1182/1563: BeltExtractors.BeltExtractorsInit [BeltExtractors]
[LoadTracer] ctor 1183/1563: CustomQuestFramework_LevelAI.CQFADefOf [CustomQuestFramework_LevelAI]
[LoadTracer] ctor 1184/1563: CustomQuestFramework_LevelAI.PatchMain [CustomQuestFramework_LevelAI]
[LoadTracer] ctor 1185/1563: DungeonPack.HarmonyPatches [DungeonPack]
[LoadTracer] ctor 1186/1563: EGIHologramsAndProjectors.CompHologramGraphics [EGI Holograms and Projectors]
[LoadTracer] ctor 1187/1563: EGIHologramsAndProjectors.CompProjectorPawnEffects [EGI Holograms and Projectors]
[LoadTracer] ctor 1188/1563: EGIHologramsAndProjectors.HarmonyPatches [EGI Holograms and Projectors]
[LoadTracer] ctor 1189/1563: EGIHologramsAndProjectors.HologramMaterials [EGI Holograms and Projectors]
Using DDS for Animals: False
33
Using DDS for Arsenal: False
22
Using DDS for Artistic: False
55
Using DDS for Basic: False
27
Using DDS for Biotech: False
33
Using DDS for Child-Care: False
22
Using DDS for Cuisine: False
47
Using DDS for Factions: False
68
Using DDS for Misc: False
40
Using DDS for Recreation: False
18
Using DDS for Scientific: False
29
Using DDS for Styles: False
133
Using DDS for Vanilla: False
12
Using DDS for Projector-Throne: False
Using DDS for Projector-Throne_grand: False
[LoadTracer] ctor 1190/1563: FactionTerritories.Patches [FactionTerritories]
[LoadTracer] ctor 1191/1563: FactionTerritories.FactionTerritoriesUtility [FactionTerritories]
[LoadTracer] ctor 1192/1563: FactionTerritories.Vassalise.VassalisationCaches [FactionTerritories]
[LoadTracer] ctor 1193/1563: FacialAnimationGeneticHeads.Startup [FacialAnimationGeneticHeads]
[FA Genetic Heads] Harmony patches applied
[LoadTracer] ctor 1194/1563: als.gravtech.GravTechSettings [GravTech]
[LoadTracer] ctor 1195/1563: Isopoda_Geneline.HarmonyFixes.NoGeneRender_Fix [Isopoda_Geneline]
[LoadTracer] ctor 1196/1563: Isopoda_Geneline.HarmonyFixes.Tunneler_Fix [Isopoda_Geneline]
[LoadTracer] ctor 1197/1563: Isopoda_Geneline.HarmonyFixes.PawnRenderNode_Body_Fix [Isopoda_Geneline]
[LoadTracer] ctor 1198/1563: Isopoda_Geneline.HarmonyFixes.ProcessApparel_Fix [Isopoda_Geneline]
[LoadTracer] ctor 1199/1563: Isopoda_Geneline.HarmonyFixes.MainPatch+PatchMain [Isopoda_Geneline]
[LoadTracer] ctor 1200/1563: Isopoda_Geneline_AlienRacePatch.AlienRacePatch [Isopoda_Geneline_AlienRacePatch]
[LoadTracer] ctor 1201/1563: Isopoda_Geneline_AlienRacePatch.MainPatch+PatchMain [Isopoda_Geneline_AlienRacePatch]
[LoadTracer] ctor 1202/1563: LargePawns.Main [LargePawns]
[LoadTracer] ctor 1203/1563: LargePawns.Patches.SelectionDrawer_DrawSelectionBracketFor_SmoothPatch [LargePawns]
[LoadTracer] ctor 1204/1563: LWM.DeepStorage.ITab_DeepStorage_Inventory [LWM.DeepStorage]
[LoadTracer] ctor 1205/1563: LWM.DeepStorage.ModInit [LWM.DeepStorage]
LWM.DeepStorage: Set RimFridge uglyStackAppearance = False
LWM.DeepStorage: 🐾 Init starting for RimWorld 1.5+ build!
LWM.DeepStorage: Checked 196 Building_Storage ThingDefs for duplicate comp props.
LWM.DeepStorage: Finished removing multiple comp props.
LWM.DeepStorage: Making Shelf, ShelfSmall, Hopper, MUS_SpaceBase_Shelf, MUS_SpaceBase_ShelfSmall, sbz_Fridge, sbz_LargeFridge, sbz_SingleChestFridge, sbz_DoubleChestFridge, sbz_SingleWallFridge, sbz_DoubleWallFridge, sbz_CorpseFridge, sbz_LargeGravshipCrate, sbz_GravshipCrate, sbz_LongGravshipCrate, sbz_GravshipGlassShelf, sbz_GravshipTwoTierShelf, sbz_GravshipShelf, sbz_SmallGravshipShelf, sbz_GravshipWeaponRack, BarrelD, BarrelE, BarrelF, BarrelG, Bundle_D, CanisterC, CanisterD, CanisterE, CanisterF, ChunkA, ChunkB, ContainerC, ContainerD, CrateH, CrateI, CrateJ, CrateK, CrateL, CylinderA, Freight_A, Freight_B, LockerBank_1x1z, LockerBank_1x2z, LockerBank_1x3z, MealCrate_A, MealCrate_B, asf_rustedtoolbox, ASF_CellarStone, ASF_CellarWood, ASF_CoveredClayPot, ASF_UncoveredClayPot, ASF_Granary, ASF_LargeLogPile, ASF_MeatRack, ASF_SmallLogPile, ASF_StoragePit, ASF_StorageTent, ASF_WeaponRack, ASF_WovenBasket, ASF_WovenBasketDouble, ASF_WovenBasketTriple, BarrelA, BarrelB, BarrelC, BundleA, BundleB, BundleC, CanisterA, CanisterB, CrateA, CrateB, CrateC, CrateD, CrateE, CrateF, CrateG, MetalCrateA, MetalCrateB, MetalCrateC, MetalCrateD, PalletCrateA, PalletCrateB, AB_PropaneTap, AB_PropaneDrain, BMT_DisplayCase, GravTide_OilProductionPlant, GravTide_Wellhead, Reel_AmmoOutput, Reel_AmmoDrain, ChemfuelHopper, ChemfuelSiphon, RefineryLoadingBay, RimFridge_SingleRefrigerator, RimFridge_Refrigerator, RimFridge_QuadRefrigerator, RimFridge_SingleWallRefrigerator, RimFridge_WallRefrigerator, RR_ClosedUrn, RR_HandleUrn, RR_OpenUrn, Shelf_WeaponRack, VFE_Plinth, VFEFactory_FactoryHopper, Shelf_RepairRack, VGE_AstrofuelTap, VGE_AstrofuelDrain, VGE_OxygenCanisterFiller, VGE_OxygenCanisterEmptier, VGE_GravshipShelf, WeaponRacks_1Rack, WeaponRacks_2Rack, WeaponRacks_3Rack, WeaponRacks_4Rack, AM_MaterialElevatorA, AM_MaterialElevatorB, AM_MaterialElevatorC, AM_MaterialElevatorD, QRY_Platform, VCHE_ChemfuelTap, VCHE_ChemfuelDrain, VCHE_DeepchemTap, VCHE_DeepchemDrain, SW_AdaptiveRegularStorageCabin, SW_AdaptiveGlassStorageCabin, SW_AdaptiveFridgeStorageCabin, AG_AncientShelf, OuterRim_TibannaBottler, OuterRim_TibannaSiphon, guy762_SecretFloorPanel_darkwhiteoutlines, guy762_SecretFloorPanel_DoomgiverTile, guy762_SecretFloorPanel_DreadnaughtCabinTile_blue, guy762_SecretFloorPanel_DreadnaughtCabinTile_black, KOTOR_RhydoniumHopper_dispenser, KOTOR_RhydoniumHopper_insert, KOTOR_TibannaHopper_dispenser, KOTOR_TibannaHopper_insert into Deep Storage
Could not load reference to Verse.ThingDef named Meat_TYR_HotfootRat
Could not load reference to Verse.ThingDef named Meat_TYR_KangarooRat
Could not load reference to Verse.ThingDef named Meat_TYR_Lemming
Could not load reference to Verse.ThingDef named Meat_TYR_Mouse
Could not load reference to Verse.ThingDef named Meat_TYR_MousePoison
Could not load reference to Verse.ThingDef named Corpse_TYR_HotfootRat
Could not load reference to Verse.ThingDef named Corpse_TYR_KangarooRat
Could not load reference to Verse.ThingDef named Corpse_TYR_Lemming
Could not load reference to Verse.ThingDef named Corpse_TYR_Mouse
Could not load reference to Verse.ThingDef named Corpse_TYR_MousePoison
LWM.DeepStorage: Settings defs loaded.
LWM.DeepStorage: Multiplayer not detected.
LWM.DeepStorage: ✅ Harmony patches applied.
[LoadTracer] ctor 1206/1563: Sinnamon_Ritual.PatchDriver [ritualRewards]
[LoadTracer] ctor 1207/1563: NiceResearchTab.Assets [NiceResearchTab]
[LoadTracer] ctor 1208/1563: RimMandrake.PlanetPresetPrime.PlanetPresetPrimeMod [PlanetPresetPrime]
[RimMandrake.PlanetPresetPrime] loaded: will prime coverage 1, subdivisions 7. MLP type found.
[LoadTracer] ctor 1209/1563: Quarry.Building_MediQuarry [Quarry]
[LoadTracer] ctor 1210/1563: Quarry.Building_MiniQuarry [Quarry]
[LoadTracer] ctor 1211/1563: Quarry.HarmonyInstance [Quarry]
[LoadTracer] ctor 1212/1563: Quarry.Building_Quarry [Quarry]
[LoadTracer] ctor 1213/1563: Quarry.OreDictionary [Quarry]
[LoadTracer] ctor 1214/1563: Quarry.Static [Quarry]
[LoadTracer] ctor 1215/1563: ReGrowthCore.ModCompatibility [ReGrowthCore]
[LoadTracer] ctor 1216/1563: ReGrowthCore.RockTextureExtension [ReGrowthCore]
[LoadTracer] ctor 1217/1563: ReGrowthCore.PerspectiveOresUtility [ReGrowthCore]
[LoadTracer] ctor 1218/1563: ReGrowthCore.Startup [ReGrowthCore]
[LoadTracer] ctor 1219/1563: ReGrowthCore.ReGrowthUtils [ReGrowthCore]
[LoadTracer] ctor 1220/1563: ReGrowthCore.ScatteredFlames_ResourceBank [ReGrowthCore]
[LoadTracer] ctor 1221/1563: ReGrowthCore.ScatteredFlamesUtility [ReGrowthCore]
[LoadTracer] ctor 1222/1563: ReGrowthCore.SplashesUtility [ReGrowthCore]
[Simple FX: Splashes] The following terrains have been defined as being hard:
 - rough-hewn basalt
 - rough basalt
 - rough-hewn solid snow
 - rough solid snow
 - rough-hewn ancient metal
 - rough-hewn hardened slime
 - rough hardened slime
 - rough-hewn mudstone
 - rough mudstone
 - rough-hewn onyxglass
 - rough onyxglass
 - rough-hewn cragstone
 - rough cragstone
 - rough-hewn rose quartz
 - rough rose quartz
 - rough-hewn vacstone
 - rough vacstone
 - rough-hewn marble
 - rough marble
 - rough-hewn slate
 - rough slate
 - rough-hewn limestone
 - rough limestone
 - rough-hewn granite
 - rough granite
 - rough-hewn sandstone
 - rough sandstone
 - concrete chinampa
 - fine gold tile
 - fine silver tile
 - fine steel tile
 - duracrete tile
 - divoted tile (rust)
 - divoted tile (off-white)
 - divoted tile (iron)
 - divoted tile (slate)
 - crossed grate (steel grey)
 - crossed grate (worn yellow)
 - crossed grate (iron)
 - outland office tile
 - rectangular tile (vertical)
 - rectangular tile (horizontal)
 - metal plating (iron)
 - metal plating (slate)
 - starcruiser cabin tile (black, vertical)
 - starcruiser cabin tile (black, horizontal)
 - starcruiser cabin tile (blue, vertical)
 - starcruiser cabin tile (blue, horizontal)
 - dark metal tile (vertical)
 - dark metal tile (horizontal)
 - pure beskar vented floor
 - beskar vented floor
 - durasteel vented floor
 - gold vented floor
 - silver vented floor
 - steel vented floor
 - pure beskar paneled floor (v)
 - beskar paneled floor (v)
 - durasteel paneled floor (v)
 - gold paneled floor (v)
 - silver paneled floor (v)
 - steel paneled floor (v)
 - pure beskar paneled floor (h)
 - beskar paneled floor (h)
 - durasteel paneled floor (h)
 - gold paneled floor (h)
 - silver paneled floor (h)
 - steel paneled floor (h)
 - plastcrete hex brick road
 - permacrete hex brick road
 - duracrete hex brick road
 - marble hex brick road
 - slate hex brick road
 - limestone hex brick road
 - granite hex brick road
 - sandstone hex brick road
 - plastcrete patterned brick road
 - permacrete patterned brick road
 - duracrete patterned brick road
 - marble patterned brick road
 - slate patterned brick road
 - limestone patterned brick road
 - granite patterned brick road
 - sandstone patterned brick road
 - pure beskar bolted floor
 - beskar bolted floor
 - durasteel bolted floor
 - gold bolted floor
 - silver bolted floor
 - steel bolted floor
 - rusted mech laboratory tile
 - mech laboratory tile
 - white laboratory tile
 - laboratory tile
 - rusted laboratory tile
 - cracked concrete
 - shintao fine marble tile
 - shintao fine slate tile
 - shintao fine limestone tile
 - shintao fine granite tile
 - shintao fine sandstone tile
 - corporate fine marble tile
 - corporate fine slate tile
 - corporate fine limestone tile
 - corporate fine granite tile
 - corporate fine sandstone tile
 - heavy mushroom bridge
 - crystal floor
 - heavy mushroom bridge
 - coral floor
 - scorched old carpet
 - rusted biotech lab tile
 - cracked concrete
 - burned bioferrite plate
 - gray surface
 - gravitonium tile
 - concrete flagstone
 - fine concrete tile
 - concrete tile
 - concrete path
 - reinforced concrete bridge
 - concrete cobblestone floor
 - concrete slabs
 - concrete polished stone floor
 - concrete bridge
 - glacial ice
 - ancient carpet
 - ancient frozen hull tile
 - ancient hull tile
 - factory floor
 - concrete foundation
 - marble bridge
 - slate bridge
 - limestone bridge
 - granite bridge
 - sandstone bridge
 - broken asphalt
 - marble slabs
 - slate slabs
 - limestone slabs
 - granite slabs
 - sandstone slabs
 - marble polished stone floor
 - slate polished stone floor
 - limestone polished stone floor
 - granite polished stone floor
 - sandstone polished stone floor
 - marble cobblestone floor
 - slate cobblestone floor
 - limestone cobblestone floor
 - granite cobblestone floor
 - sandstone cobblestone floor
 - asphalt
 - Scaffold Tile
 - Scaffold floor
 - Warning floor
 - transparent heavy bridge
 - transparent substructure
 - fine sky tile
 - sky tile
 - fine transparent tile
 - sterile tile
 - bone china tile
 - ashen bone china floor
 - bone china floor
 - sapphire tile
 - ruby tile
 - diamond tile
 - platform deck
 - deep-sea concrete foundation
 - waterproof concrete foundation
 - broken gravship substructure
 - marble mosaic tile
 - slate mosaic tile
 - limestone mosaic tile
 - granite mosaic tile
 - sandstone mosaic tile
 - mosaic tile
 - Space-age marble tile
 - Space-age slate tile
 - Space-age limestone tile
 - Space-age granite tile
 - Space-age sandstone tile
 - ocular marble floor
 - ocular slate floor
 - ocular limestone floor
 - ocular granite floor
 - ocular sandstone floor
 - restored tile
 - restored rusted tile
 - neolithic marble packed dirt floor
 - neolithic slate packed dirt floor
 - neolithic limestone packed dirt floor
 - neolithic granite packed dirt floor
 - neolithic sandstone packed dirt floor
 - steampunk marble tile
 - steampunk slate tile
 - steampunk limestone tile
 - steampunk granite tile
 - steampunk sandstone tile
 - pristine limestone flagstone
 - pristine limestone tile
 - futuristic kemetic tile
 - kemetic fine pristine limestone tile
 - kemetic fine marble tile
 - kemetic fine slate tile
 - kemetic fine limestone tile
 - kemetic fine granite tile
 - kemetic fine sandstone tile
 - kemetic pristine limestone tile
 - kemetic marble tile
 - kemetic slate tile
 - kemetic limestone tile
 - kemetic granite tile
 - kemetic sandstone tile
 - jewish fine marble tile
 - jewish fine slate tile
 - jewish fine limestone tile
 - jewish fine granite tile
 - jewish fine sandstone tile
 - jewish marble tile
 - jewish slate tile
 - jewish limestone tile
 - jewish granite tile
 - jewish sandstone tile
 - fine pristine limestone tile
 - horaxian tile
 - flesh tile
 - cubic tile
 - ocular obsidian floor
 - ocular cragstone floor
 - ocular mudstone floor
 - ocular red quartz floor
 - steampunk obsidian tile
 - steampunk cragstone tile
 - steampunk mudstone tile
 - steampunk rose quartz tile
 - kemetic fine obsidian tile
 - kemetic fine cragstone tile
 - kemetic fine mudstone tile
 - kemetic fine rose quartz tile
 - kemetic obsidian tile
 - kemetic cragstone tile
 - kemetic mudstone tile
 - kemetic rose quartz tile
 - jewish fine obsidian tile
 - jewish fine cragstone tile
 - jewish fine mudstone tile
 - jewish fine rose quartz tile
 - jewish obsidian tile
 - jewish cragstone tile
 - jewish mudstone tile
 - jewish rose quartz tile
 - compacted sand
 - onyxglass flagstone
 - cragstone flagstone
 - mudstone flagstone
 - rose quartz flagstone
 - onyxglass tile
 - cragstone tile
 - mudstone tile
 - rose quartz tile
 - fine onyxglass tile
 - fine cragstone tile
 - fine mudstone tile
 - fine rose quartz tile
 - SpaceBase Metal Flooring Vertical
 - SpaceBase Metal Flooring Transverse
 - SpaceBase Metal Flooring
 - ancient heavy bridge
 - heavy bridge
 - gravship substructure
 - vacstone flagstone
 - vacstone tile
 - bioferrite plate
 - hex tile
 - totemic vacstone tile
 - totemic marble tile
 - totemic slate tile
 - totemic limestone tile
 - totemic granite tile
 - totemic sandstone tile
 - spikecore plates
 - vacstone spikecore tile
 - marble spikecore tile
 - slate spikecore tile
 - limestone spikecore tile
 - granite spikecore tile
 - sandstone spikecore tile
 - morbid vacstone tile
 - morbid marble tile
 - morbid slate tile
 - morbid limestone tile
 - morbid granite tile
 - morbid sandstone tile
 - fine vacstone tile
 - fine marble tile
 - fine slate tile
 - fine limestone tile
 - fine granite tile
 - fine sandstone tile
 - broken asphalt
 - marble flagstone
 - slate flagstone
 - limestone flagstone
 - granite flagstone
 - sandstone flagstone
 - marble tile
 - slate tile
 - limestone tile
 - granite tile
 - sandstone tile
 - sterile tile
 - gold tile
 - silver tile
 - steel tile
 - paved tile
 - concrete
[LoadTracer] ctor 1223/1563: ReGrowthCore.ResourceBank [ReGrowthCore]
[LoadTracer] ctor 1224/1563: ReGrowthCore.DevilDust_Tornado [ReGrowthCore]
[LoadTracer] ctor 1225/1563: ReGrowthCore.Command_Hide_ZoneBathing [ReGrowthCore]
[LoadTracer] ctor 1226/1563: ReGrowthCore.WallSnowManager [ReGrowthCore]
[LoadTracer] ctor 1227/1563: ReGrowthCore.ErrorLogs [ReGrowthCore]
[LoadTracer] ctor 1228/1563: Replace_Stuff.TexDefOf [Replace_Stuff]
[LoadTracer] ctor 1229/1563: Replace_Stuff.QBTypes [Replace_Stuff]
[LoadTracer] ctor 1230/1563: Replace_Stuff.ThingDefGenerator_ReplaceFrame [Replace_Stuff]
[LoadTracer] ctor 1231/1563: Replace_Stuff.Replace.ReserveSharing [Replace_Stuff]
[LoadTracer] ctor 1232/1563: Replace_Stuff.PlaceBridges.BridgelikeTerrain [Replace_Stuff]
[LoadTracer] ctor 1233/1563: Replace_Stuff.OverMineable.PlaySettings_BlueprintOverRockToggle [Replace_Stuff]
[LoadTracer] ctor 1234/1563: Replace_Stuff.NewThing.FridgeCompat [Replace_Stuff]
[LoadTracer] ctor 1235/1563: Replace_Stuff.NewThing.NewThingReplacement [Replace_Stuff]
[LoadTracer] ctor 1236/1563: Replace_Stuff.DestroyedRestore.BuildingReviver [Replace_Stuff]
[LoadTracer] ctor 1237/1563: Replace_Stuff.Mod+ModStartup [Replace_Stuff]
[LoadTracer] ctor 1238/1563: PeteTimesSix.ResearchReinvented_SteppingStones.ResearchReinventedSteppingStones_PostInit [ResearchReinvented_SteppingStones]
[LoadTracer] ctor 1239/1563: PeteTimesSix.ResearchReinvented_SteppingStones.Utilities.TechLevelColorUtil [ResearchReinvented_SteppingStones]
[LoadTracer] ctor 1240/1563: PeteTimesSix.ResearchReinvented_SteppingStones.ModCompat.ReplaceLib [ResearchReinvented_SteppingStones]
[LoadTracer] ctor 1241/1563: PeteTimesSix.ResearchReinvented_SteppingStones.DefOfs.ResearchProjectDefOf_Manual [ResearchReinvented_SteppingStones]
[LoadTracer] ctor 1242/1563: RimAI.Core.Source.Boot.StatPartRuntimeInjector [RimAI.Core]
[RimAI Core] StatPart_RimAIServer attached to: ConstructionSpeed, GeneralLaborSpeed, MedicalOperationSpeed, MedicalTendSpeed, MiningSpeed, PlantWorkSpeed, ResearchSpeed, WorkSpeedGlobal
[LoadTracer] ctor 1243/1563: RimHUD.Interface.TexturesPlus [RimHUD]
[LoadTracer] ctor 1244/1563: Spaceports.SpaceportsMisc [Spaceports]
[LoadTracer] ctor 1245/1563: Spaceports.SpaceportsMats [Spaceports]
[LoadTracer] ctor 1246/1563: Spaceports.SpaceportsShuttleVariants [Spaceports]
[LoadTracer] ctor 1247/1563: Spaceports.SpaceportsHarmony [Spaceports]
[Spaceports] Okay, showtime!
[Spaceports] Hospitality not found, patches bypassed.
[Spaceports] Trader Ships FOUND, attempting to patch...
[Spaceports] Attempting to postfix TraderShips.IncidentWorkerTraderShip.FindCloseLandingSpot...
[LoadTracer] ctor 1248/1563: FactionLoadout.UISupport.Textures [FactionLoadout]
[LoadTracer] ctor 1249/1563: RomanceOnTheRim.CachedAnimationFramesGetter [RomanceOnTheRim]
[LoadTracer] ctor 1250/1563: RomanceOnTheRim.AndroidUtility [RomanceOnTheRim]
[LoadTracer] ctor 1251/1563: RomanceOnTheRim.RomanceOnTheRimPatcher [RomanceOnTheRim]
[LoadTracer] ctor 1252/1563: RomanceOnTheRim.CoupleJoyGiverFinder [RomanceOnTheRim]
[LoadTracer] ctor 1253/1563: RomanceOnTheRim.GizmoIcons [RomanceOnTheRim]
[LoadTracer] ctor 1254/1563: RotRInteractionBubbleCompat.RotRInteractionBubbleCompat [RotRInteractionBubbleCompat]
[LoadTracer] ctor 1255/1563: SearchableMenus.Main [SearchableMenus]
[LoadTracer] ctor 1256/1563: ListingExtension [ShowMeYourHands]
[LoadTracer] ctor 1257/1563: ShowMeYourHands.HandDrawer [ShowMeYourHands]
[LoadTracer] ctor 1258/1563: ShowMeYourHands.ShowMeYourHandsMain [ShowMeYourHands]
[LoadTracer] ctor 1259/1563: ShowMeYourHands.ShowMeYourHandsMod [ShowMeYourHands]
[LoadTracer] ctor 1260/1563: StonecuttingExtended.StonecuttingModStartUp [StonecuttingExtended]
[LoadTracer] ctor 1261/1563: Toddlers.Toddlers_Init [Toddlers]
[Toddlers] Added lifestage HumanlikeToddler to 0 races
[Toddlers] Created new toddler lifestage for 0 races
[Toddlers] Skipped 61 races: 
human (Human) : found pre-generated life stage HumanlikeToddler
human (CreepJoiner) : found pre-generated life stage HumanlikeToddler
Pistoeka Sotage Droid (RSW_DW_Race_JDSCIS_Pistoeka_Sotage_Droid) : found pre-generated life stage HumanlikeToddler
B1 Battle Droid (RSW_DW_Race_JDSCIS_B1_Battle_Droid) : found pre-generated life stage HumanlikeToddler
B1 Security Droid (RSW_DW_Race_JDSCIS_B1_Security_Droid) : found pre-generated life stage HumanlikeToddler
B1 Commander Droid (RSW_DW_Race_JDSCIS_B1_Commander_Droid) : found pre-generated life stage HumanlikeToddler
BX Commando Droid (RSW_DW_Race_JDSCIS_BX_Commando_Droid) : found pre-generated life stage HumanlikeToddler
IG-100 MagnaGuards (RSW_DW_Race_JDSCIS_IG-100_MagnaGuards) : found pre-generated life stage HumanlikeToddler
T1 Tactical Droid (RSW_DW_Race_JDSCIS_T1_Tactical_Droid) : found pre-generated life stage HumanlikeToddler
ST Super Tactical Droid (RSW_DW_Race_JDSCIS_ST_Super_Tactical_Droid) : found pre-generated life stage HumanlikeToddler
B2 Super Battle Droid (RSW_DW_Race_JDSCIS_B2_Super_Battle_Droid) : found pre-generated life stage HumanlikeToddler
B2 HA Super Battle Droid (RSW_DW_Race_JDSCIS_B2_HA_Super_Battle_Droid) : found pre-generated life stage HumanlikeToddler
AQ Battle Droid (RSW_DW_Race_JDSCIS_AQ_Battle_Droid) : found pre-generated life stage HumanlikeToddler
Droideka Droid (RSW_DW_Race_JDSCIS_Droideka_Droid) : found pre-generated life stage HumanlikeToddler
Droideka Sharpshooter Droid (RSW_DW_Race_JDSCIS_Droideka_Sharpshooter_Droid) : found pre-generated life stage HumanlikeToddler
Demolition Droid (RSW_DW_Race_JDSCIS_Demolition_Droid) : found pre-generated life stage HumanlikeToddler
DSD1 Dwarf Spider Droid (RSW_DW_Race_JDSCIS_DSD1_Dwarf_Spider_Droid) : found pre-generated life stage HumanlikeToddler
LR-57_Combat_Droid (RSW_DW_Race_JDSCIS_LR-57_Combat_Droid) : found pre-generated life stage HumanlikeToddler
HK-series protocol droid (RSW_DW_Race_guy762_DroidRace_HKseries) : found pre-generated life stage HumanlikeToddler
HK-50 series protocol droid (RSW_DW_Race_guy762_DroidRace_HK50series) : found pre-generated life stage HumanlikeToddler
HK-51 series assassin droid (RSW_DW_Race_guy762_DroidRace_HK51series) : found pre-generated life stage HumanlikeToddler
GE3-series protocol droid (RSW_DW_Race_guy762_DroidRace_GE3PD) : found pre-generated life stage HumanlikeToddler
GE3-series labor droid (RSW_DW_Race_guy762_DroidRace_GE3LD) : found pre-generated life stage HumanlikeToddler
G0-T0 superintelligence droid (RSW_DW_Race_guy762_DroidRace_GOTO) : found pre-generated life stage HumanlikeToddler
KM1-series Mining Droid (RSW_DW_Race_guy762_DroidRace_KM1MD) : found pre-generated life stage HumanlikeToddler
KM1-B Excavation Droid (RSW_DW_Race_guy762_DroidRace_KM1HMD) : found pre-generated life stage HumanlikeToddler
K-X12 utility probe droid (RSW_DW_Race_guy762_DroidRace_KX12UPD) : found pre-generated life stage HumanlikeToddler
K-X12 assassin probe droid (RSW_DW_Race_guy762_DroidRace_KX12APD) : found pre-generated life stage HumanlikeToddler
Municipal Patrol Droid Mark I (RSW_DW_Race_guy762_DroidRace_MPDMkI) : found pre-generated life stage HumanlikeToddler
R-8009 series utility droid (RSW_DW_Race_guy762_DroidRace_R8009UD) : found pre-generated life stage HumanlikeToddler
T3-series utility droid (RSW_DW_Race_guy762_DroidRace_T3series) : found pre-generated life stage HumanlikeToddler
3C-series utility droid (RSW_DW_Race_guy762_DroidRace_3Cseries) : found pre-generated life stage HumanlikeToddler
IT-series utility droid (RSW_DW_Race_guy762_DroidRace_ITseries) : found pre-generated life stage HumanlikeToddler
Devastator-class war droid (RSW_DW_Race_guy762_DroidRace_DevWD) : found pre-generated life stage HumanlikeToddler
Devastator-class Type II assassin droid (RSW_DW_Race_guy762_DroidRace_DevAD) : found pre-generated life stage HumanlikeToddler
Sentinel-class war droid (RSW_DW_Race_guy762_DroidRace_SentWD) : found pre-generated life stage HumanlikeToddler
Assault Droid Mark I (RSW_DW_Race_guy762_DroidRace_ADMkI) : found pre-generated life stage HumanlikeToddler
Star Forge Assault Droid (RSW_DW_Race_guy762_DroidRace_ADMkI_sf) : found pre-generated life stage HumanlikeToddler
Assault Droid Mark IV (RSW_DW_Race_guy762_DroidRace_ADMkIV) : found pre-generated life stage HumanlikeToddler
Assault Droid Mk.IV Type B (RSW_DW_Race_guy762_DroidRace_ADMkIV_sith) : found pre-generated life stage HumanlikeToddler
B1 Battle Droid (RSW_DW_Race_OuterRim_BattleDroid) : found pre-generated life stage HumanlikeToddler
B1A Battle Droid (RSW_DW_Race_OuterRim_BattleDroidAdvanced) : found pre-generated life stage HumanlikeToddler
BX Commando Droid (RSW_DW_Race_OuterRim_CommandoDroid) : found pre-generated life stage HumanlikeToddler
HK-Series Assassin Droid (RSW_DW_Race_OuterRim_HKDroid) : found pre-generated life stage HumanlikeToddler
Imperial Labor Droid (RSW_DW_Race_OuterRim_ImperialLaborDroid) : found pre-generated life stage HumanlikeToddler
KX Security Droid (RSW_DW_Race_OuterRim_KXSecurityDroid) : found pre-generated life stage HumanlikeToddler
MagnaGuard Droid (RSW_DW_Race_OuterRim_MagnaGuardDroid) : found pre-generated life stage HumanlikeToddler
protocol droid (RSW_DW_Race_OuterRim_ProtocolDroid) : found pre-generated life stage HumanlikeToddler
B2 Super Battle Droid (RSW_DW_Race_OuterRim_SuperBattleDroid) : found pre-generated life stage HumanlikeToddler
Super Tactical Droid (RSW_DW_Race_OuterRim_SuperTacticalDroid) : found pre-generated life stage HumanlikeToddler
T-Series Tactical Droid (RSW_DW_Race_OuterRim_TacticalDroid) : found pre-generated life stage HumanlikeToddler
Astromech Droid (RSW_DW_Race_OuterRim_AstromechDroid) : found pre-generated life stage HumanlikeToddler
Muckraker Crab Droid (RSW_DW_Race_OuterRim_MuckrakerDroid) : found pre-generated life stage HumanlikeToddler
Destroyer Droid (RSW_DW_Race_OuterRim_DestroyerDroid) : found pre-generated life stage HumanlikeToddler
DUM Repair Droid (RSW_DW_Race_OuterRim_DUMDroid) : found pre-generated life stage HumanlikeToddler
fx-7 medical droid (RSW_DW_Race_OuterRim_FX7Droid) : found pre-generated life stage HumanlikeToddler
gnk power Droid (RSW_DW_Race_OuterRim_GNKDroid) : found pre-generated life stage HumanlikeToddler
MSE Repair Droid (RSW_DW_Race_OuterRim_MSEDroid) : found pre-generated life stage HumanlikeToddler
salvage assist droid (RSW_DW_Race_OuterRim_SalvageAssistDroid) : found pre-generated life stage HumanlikeToddler
G2 repair droid (RSW_DW_Race_Primitive_G2Unit) : found pre-generated life stage HumanlikeToddler
Junker suicide droid (RSW_DW_Race_Primitive_Junker) : found pre-generated life stage HumanlikeToddler
[LoadTracer] ctor 1262/1563: VCHE.CompPumpjackAnimation [VCHE]
[LoadTracer] ctor 1263/1563: VOEAdditionalOutposts.HarmonyPatches [VOE Additional Outposts]
[LoadTracer] ctor 1264/1563: VOEAdditionalOutposts.TexOutposts [VOE Additional Outposts]
[LoadTracer] ctor 1265/1563: VOEAdditionalOutposts.WITab_Outpost_Bank [VOE Additional Outposts]
[LoadTracer] ctor 1266/1563: VOEAdditionalOutposts.WITab_Outpost_Educational_Center [VOE Additional Outposts]
[LoadTracer] ctor 1267/1563: VOEAdditionalOutposts.WITab_Outpost_Church [VOE Additional Outposts]
[LoadTracer] ctor 1268/1563: VOEAdditionalOutposts.WITab_Outpost_Prison [VOE Additional Outposts]
[LoadTracer] ctor 1269/1563: VOEPrisonerPatch.HarmonyPatches [VOE Prisoner Patch]
[LoadTracer] ctor 1270/1563: WallStuff.WallMounted_Battery [WallStuff]
[LoadTracer] ctor 1271/1563: WallStuff.HarmonyPatches [WallStuff]
[LoadTracer] ctor 1272/1563: WallStuff.MultiAnalyzerPatchApplier [WallStuff]
Applying MultiAnalyzer to WallMountedMultiAnalyzer patch.
Patched AdvancedFabrication: Replaced MultiAnalyzer with WallMountedMultiAnalyzer.
Patched Cryptosleep: Replaced MultiAnalyzer with WallMountedMultiAnalyzer.
Patched ReconArmor: Replaced MultiAnalyzer with WallMountedMultiAnalyzer.
Patched PoweredArmor: Replaced MultiAnalyzer with WallMountedMultiAnalyzer.
Patched ChargedShot: Replaced MultiAnalyzer with WallMountedMultiAnalyzer.
Patched Bionics: Replaced MultiAnalyzer with WallMountedMultiAnalyzer.
Patched ShipBasics: Replaced MultiAnalyzer with WallMountedMultiAnalyzer.
Patched ShipCryptosleep: Replaced MultiAnalyzer with WallMountedMultiAnalyzer.
Patched ShipReactor: Replaced MultiAnalyzer with WallMountedMultiAnalyzer.
Patched ShipEngine: Replaced MultiAnalyzer with WallMountedMultiAnalyzer.
Patched ShipComputerCore: Replaced MultiAnalyzer with WallMountedMultiAnalyzer.
Patched ShipSensorCluster: Replaced MultiAnalyzer with WallMountedMultiAnalyzer.
Patched Biosculpting: Replaced MultiAnalyzer with WallMountedMultiAnalyzer.
Patched Bioregeneration: Replaced MultiAnalyzer with WallMountedMultiAnalyzer.
Patched WastepackAtomizer: Replaced MultiAnalyzer with WallMountedMultiAnalyzer.
Patched Archogenetics: Replaced MultiAnalyzer with WallMountedMultiAnalyzer.
Patched ToxFiltration: Replaced MultiAnalyzer with WallMountedMultiAnalyzer.
Patched AdvancedGravtech: Replaced MultiAnalyzer with WallMountedMultiAnalyzer.
Patched BeamWeapons: Replaced MultiAnalyzer with WallMountedMultiAnalyzer.
Patched SpacerCCTV: Replaced MultiAnalyzer with WallMountedMultiAnalyzer.
Patched CGT_HalothaneGasProduction: Replaced MultiAnalyzer with WallMountedMultiAnalyzer.
Patched CGT_VXGasProduction: Replaced MultiAnalyzer with WallMountedMultiAnalyzer.
Patched GravTide_DeepSeaEngineering: Replaced MultiAnalyzer with WallMountedMultiAnalyzer.
Patched ResearchDrillTurretEfficientDrilling: Replaced MultiAnalyzer with WallMountedMultiAnalyzer.
Patched ResearchMobileMineralSonarEnhancedScan: Replaced MultiAnalyzer with WallMountedMultiAnalyzer.
Patched BoneRefineII: Replaced MultiAnalyzer with WallMountedMultiAnalyzer.
Patched ScuttlebugsBiology: Replaced MultiAnalyzer with WallMountedMultiAnalyzer.
Patched VFE_Res_AdvancedHydroponics: Replaced MultiAnalyzer with WallMountedMultiAnalyzer.
Patched VFE_AdvancedBatteries: Replaced MultiAnalyzer with WallMountedMultiAnalyzer.
Patched VFE_AdvancedPowerSources: Replaced MultiAnalyzer with WallMountedMultiAnalyzer.
Patched VFE_NuclearPower: Replaced MultiAnalyzer with WallMountedMultiAnalyzer.
Patched VFES_Railgun: Replaced MultiAnalyzer with WallMountedMultiAnalyzer.
Patched VFES_EMPCannon: Replaced MultiAnalyzer with WallMountedMultiAnalyzer.
Patched VFES_RepulsorTechnology: Replaced MultiAnalyzer with WallMountedMultiAnalyzer.
Patched SpacerFurniture: Replaced MultiAnalyzer with WallMountedMultiAnalyzer.
Patched SpacerElectronics: Replaced MultiAnalyzer with WallMountedMultiAnalyzer.
Patched MechUtility: Replaced MultiAnalyzer with WallMountedMultiAnalyzer.
Patched RimAI_AI_Level2: Replaced MultiAnalyzer with WallMountedMultiAnalyzer.
Patched RimAI_AI_Level3: Replaced MultiAnalyzer with WallMountedMultiAnalyzer.
Patched ShieldGen_BasicShieldTech: Replaced MultiAnalyzer with WallMountedMultiAnalyzer.
Patched ShieldGen_AdvancedShieldTech: Replaced MultiAnalyzer with WallMountedMultiAnalyzer.
Patched ShieldGen_PortableShieldTech: Replaced MultiAnalyzer with WallMountedMultiAnalyzer.
Patched KOTOR_Research_plasma: Replaced MultiAnalyzer with WallMountedMultiAnalyzer.
Patched KOTOR_Research_Baradium: Replaced MultiAnalyzer with WallMountedMultiAnalyzer.
Patched KOTOR_Research_Durasteel: Replaced MultiAnalyzer with WallMountedMultiAnalyzer.
Patched KOTOR_Research_UltraComponent: Replaced MultiAnalyzer with WallMountedMultiAnalyzer.
Patched KOTOR_Research_cloaking: Replaced MultiAnalyzer with WallMountedMultiAnalyzer.
Patched KOTOR_Research_Implants: Replaced MultiAnalyzer with WallMountedMultiAnalyzer.
Patched KOTOR_Research_AdvImplants: Replaced MultiAnalyzer with WallMountedMultiAnalyzer.
Patched KOTOR_Research_Lobot: Replaced MultiAnalyzer with WallMountedMultiAnalyzer.
Patched guy762_ResearchKotOR_mando: Replaced MultiAnalyzer with WallMountedMultiAnalyzer.
Patched guy762_ResearchKotOR_wookiee: Replaced MultiAnalyzer with WallMountedMultiAnalyzer.
Patched guy762_ResearchKotOR_disruptor: Replaced MultiAnalyzer with WallMountedMultiAnalyzer.
Patched guy762_ResearchKotOR_echanishields: Replaced MultiAnalyzer with WallMountedMultiAnalyzer.
Patched guy762_ResearchKotOR_exupgrade: Replaced MultiAnalyzer with WallMountedMultiAnalyzer.
Patched MM_Research_AncientShipDesigns: Replaced MultiAnalyzer with WallMountedMultiAnalyzer.
Patched MM_Research_CWShipDesigns: Replaced MultiAnalyzer with WallMountedMultiAnalyzer.
Patched MM_Research_EmpireShipDesigns: Replaced MultiAnalyzer with WallMountedMultiAnalyzer.
[LoadTracer] ctor 1273/1563: WallStuff.ResourceBank [WallStuff]
[LoadTracer] ctor 1274/1563: ShipWallEnhanced.TurretExplosiveToggle [ShipWallEnhanced]
[ShipWallEnhanced] Turret explosives enabled for ShipWallMountMiniTurret.
[LoadTracer] ctor 1275/1563: ShipWallEnhanced.Bootstrap [ShipWallEnhanced]
[ShipWallEnhanced] Patching JobDriver_ManTurret.FindAmmoForTurret for haul-source mortar ammo.
[ShipWallEnhanced] Patching JobDriver_ManTurret.FindAmmoForTurret for haul-source mortar ammo.
[LoadTracer] ctor 1276/1563: ShipWallEnhanced.CompBatteryChargeBar [ShipWallEnhanced]
[LoadTracer] ctor 1277/1563: AlphaMemes.Dialog_XenogeneToEndogene [AlphaGenes]
[LoadTracer] ctor 1278/1563: AlphaMemes.Dialog_EndogeneToXenogene [AlphaGenes]
[LoadTracer] ctor 1279/1563: AlphaMemes.Dialog_ChooseAndRemoveGene [AlphaGenes]
[LoadTracer] ctor 1280/1563: AlphaGenes.CompAbilityEffect_Summon [AlphaGenes]
[LoadTracer] ctor 1281/1563: AlphaGenes.CommandAbilityToggle [AlphaGenes]
[LoadTracer] ctor 1282/1563: AlphaGenes.SettingsHelper [AlphaGenes]
[LoadTracer] ctor 1283/1563: AlphaGenes.StaticStartup [AlphaGenes]
[LoadTracer] ctor 1284/1563: AlphaGenes.StaticCollectionsClass [AlphaGenes]
[LoadTracer] ctor 1285/1563: BiomesCaverns.DependencyVersionCheck [BiomesCaverns]
[LoadTracer] ctor 1286/1563: BiomesCaverns.Patches.Methods [BiomesCaverns]
[LoadTracer] ctor 1287/1563: Building_MushroomFermentingBarrel [Caveworld_Flora_Unleashed]
[LoadTracer] ctor 1288/1563: als.gravtech.bc.Building_GravSingularityCannon [GravTechBC]
[LoadTracer] ctor 1289/1563: als.gravtech.bc.GravTechBCSettings [GravTechBC]
[LoadTracer] ctor 1290/1563: AlienRace.HarmonyPatches [AlienRace]
Error during patching RimWorld.PregnancyUtility :: Verse.AcceptanceReport CanEverProduceChild(Verse.Pawn, Verse.Pawn) with: pre  | post: Void CanEverProduceChildPostfix(Verse.Pawn, Verse.Pawn, Verse.AcceptanceReport ByRef) | trans: System.Collections.Generic.IEnumerable`1[HarmonyLib.CodeInstruction] CanEverProduceChildTranspiler(System.Collections.Generic.IEnumerable`1[HarmonyLib.CodeInstruction])
System.Exception: Wrong null argument: brtrue NULL
[Ref A3C4372C]
  at HarmonyLib.MethodCreatorTools+<>c__DisplayClass12_0.<EmitCodes>b__0 (HarmonyLib.CodeInstruction codeInstruction) [0x00155] in <024a0e6ec8c2437ead047b6279389c23>:0 
  at HarmonyLib.CollectionExtensions.Do[T] (System.Collections.Generic.IEnumerable`1[T] sequence, System.Action`1[T] action) [0x00014] in <024a0e6ec8c2437ead047b6279389c23>:0 
  at HarmonyLib.MethodCreatorTools.EmitCodes (HarmonyLib.MethodCreator _, HarmonyLib.Emitter emitter, System.Collections.Generic.List`1[T] codeInstructions) [0x0000d] in <024a0e6ec8c2437ead047b6279389c23>:0 
  at HarmonyLib.MethodCreator.CreateReplacement () [0x008ca] in <024a0e6ec8c2437ead047b6279389c23>:0 
  at HarmonyLib.PatchFunctions.UpdateWrapper (System.Reflection.MethodBase original, HarmonyLib.PatchInfo patchInfo) [0x0007c] in <024a0e6ec8c2437ead047b6279389c23>:0 
  at HarmonyLib.PatchProcessor.Patch () [0x0013c] in <024a0e6ec8c2437ead047b6279389c23>:0 
  at HarmonyLib.Harmony.Patch (System.Reflection.MethodBase original, HarmonyLib.HarmonyMethod prefix, HarmonyLib.HarmonyMethod postfix, HarmonyLib.HarmonyMethod transpiler, HarmonyLib.HarmonyMethod finalizer) [0x0002a] in <024a0e6ec8c2437ead047b6279389c23>:0 
  at AlienRace.AlienHarmony.Patch (System.Reflection.MethodBase original, HarmonyLib.HarmonyMethod prefix, HarmonyLib.HarmonyMethod postfix, HarmonyLib.HarmonyMethod transpiler, HarmonyLib.HarmonyMethod finalizer) [0x000ab] in C:\Program Files (x86)\Steam\steamapps\common\RimWorld\Mods\AlienRaces\Source\AlienRace\AlienRace\AlienHarmony.cs:42 
Alien race successfully completed 278 patches (50 pre, 81 post, 147 trans) with harmony.
[LoadTracer] ctor 1291/1563: AlienRace.RaceSettings [AlienRace]
[LoadTracer] ctor 1292/1563: AlienRace.ScenPart_StartingHumanlikes [AlienRace]
[LoadTracer] ctor 1293/1563: AlienRace.StylingStation [AlienRace]
[LoadTracer] ctor 1294/1563: AlienRace.CachedData [AlienRace]
[LoadTracer] ctor 1295/1563: AlienRace.ExtendedGraphics.Condition [AlienRace]
[LoadTracer] ctor 1296/1563: AlienRace.CachedData+Textures [AlienRace]
[LoadTracer] ctor 1297/1563: PickUpAndHaul.HarmonyPatches [PickUpAndHaul]
PickUpAndHaul v1.1.2¼ welcomes you to RimWorld with pointless logspam.
[LoadTracer] ctor 1298/1563: PrisonLabor.Initialization [PrisonLabor]
[WhatsMissing] Patched Dialog_BillConfig
Enabled Prison Labor v1.6.3
[LoadTracer] ctor 1299/1563: PrisonLabor.Core.Settings.SettingsMenu [PrisonLabor]
[LoadTracer] ctor 1300/1563: PrisonLabor.Core.Interrogation.Ritual.JobDriver_Interrogate [PrisonLabor]
[LoadTracer] ctor 1301/1563: PrisonLabor.Core.GUI_Components.TexturePool [PrisonLabor]
[LoadTracer] ctor 1302/1563: PrisonLabor.CompatibilityPatches.Multiplayer [PrisonLabor]
[LoadTracer] ctor 1303/1563: QuarryCompatibility.HarmonyInit [PrisonLaborQuarryCompatibility]
[PL] Quarry patched
[LoadTracer] ctor 1304/1563: VFEPirates.Projectile_GrapplingHook [VFEPirates]
[LoadTracer] ctor 1305/1563: VFEPirates.CommandAbilityToggle [VFEPirates]
[LoadTracer] ctor 1306/1563: VFEPirates.ModCompatibility [VFEPirates]
[LoadTracer] ctor 1307/1563: VFEPirates.Building_WarcasketFoundry [VFEPirates]
[LoadTracer] ctor 1308/1563: VFEPirates.PawnGenerator_GeneratePawn_Patch [VFEPirates]
[LoadTracer] ctor 1309/1563: VFEPirates.StaticStartup [VFEPirates]
[LoadTracer] ctor 1310/1563: VFEPirates.Verb_LaunchProjectileStaticMultiple [VFEPirates]
[LoadTracer] ctor 1311/1563: RimWorld.CompFireOverlayCool [VanillaMemesExpanded]
[LoadTracer] ctor 1312/1563: VanillaMemesExpanded.CompPermanentFireOverlay [VanillaMemesExpanded]
[LoadTracer] ctor 1313/1563: VanillaMemesExpanded.CompTimedFireOverlay [VanillaMemesExpanded]
[LoadTracer] ctor 1314/1563: VanillaMemesExpanded.VanillaMemesExpanded_IdeoUIUtility_DoMemes_Patch [VanillaMemesExpanded]
[LoadTracer] ctor 1315/1563: VanillaMemesExpanded.Main [VanillaMemesExpanded]
[LoadTracer] ctor 1316/1563: VanillaMemesExpanded.SettingsHelper [VanillaMemesExpanded]
[LoadTracer] ctor 1317/1563: VSE.ExpertiseUIUtility [VSE]
[LoadTracer] ctor 1318/1563: VSE.SettingsHelper [VSE]
[LoadTracer] ctor 1319/1563: VSE.Passions.PassionManager [VSE]
[LoadTracer] ctor 1320/1563: AlphaSkills.Main [AlphaSkills]
[LoadTracer] ctor 1321/1563: ChezhouLib.AirPath.ReflectionCache [ChezhouLib]
[LoadTracer] ctor 1322/1563: ChezhouLib.Patch.KindAnimationReplacer [ChezhouLib]
[LoadTracer] ctor 1323/1563: ChezhouLib.DebugTools.DebugModules [ChezhouLib]
[LoadTracer] ctor 1324/1563: ChezhouLib.DebugTools.DebugTools_ClReferenceImage [ChezhouLib]
[LoadTracer] ctor 1325/1563: ChezhouLib.DebugTools.DebugTools_ClScreenshot [ChezhouLib]
[LoadTracer] ctor 1326/1563: ChezhouLib.DebugTools.DebugTools_ClShaderInspector [ChezhouLib]
[LoadTracer] ctor 1327/1563: ChezhouLib.DebugTools.DebugTools_KindRuleViewer [ChezhouLib]
[LoadTracer] ctor 1328/1563: ChezhouLib.DebugTools.DebugTools_PawnPhotoStudio [ChezhouLib]
[LoadTracer] ctor 1329/1563: ChezhouLib.DebugTools.DebugTools_UnityEffPool [ChezhouLib]
[LoadTracer] ctor 1330/1563: ChezhouLib.DebugTools.PawnVisualWorkbench.PawnVisualWorkbenchBootstrap [ChezhouLib]
[LoadTracer] ctor 1331/1563: ChezhouLib.DebugTools.PawnVisualWorkbench.PawnVisualWorkbenchOpener [ChezhouLib]
[LoadTracer] ctor 1332/1563: ChezhouLib.Startup.InitiaUnityAssetLord [ChezhouLib]
[ChezhouLib] Asset loader platform: WindowsPlayer
The referenced script (WormController) on this Behaviour is missing!
The referenced script on this Behaviour (Game Object 'head') is missing!
[ChezhouLib][Perf] Asset AB loaded: path=C:\Program Files (x86)\Steam\steamapps\workshop\content\294100\3713982815/1.6/AssetBundles/sandworm.ab, ms=23, prefabs=2, sprites=0, managedDeltaKB=0
[LoadTracer] ctor 1333/1563: ChezhouLib.Startup.InitiaUnityEffLord [ChezhouLib]
[LoadTracer] ctor 1334/1563: ChezhouLib.Startup.InitiaUnityShaderLord [ChezhouLib]
[ChezhouLib][Perf] Shader AB loaded: path=C:\Program Files (x86)\Steam\steamapps\workshop\content\294100\3595247479/1.6/AssetBundles/chezhouasset.ab, ms=5, shaders=11, textures=3, managedDeltaKB=8
[LoadTracer] ctor 1335/1563: ChezhouLib.Startup.ClipAnimationLoader [ChezhouLib]
[ChezhouLib] 已加载 2 个动画 Clip Def。
[LoadTracer] ctor 1336/1563: ChezhouLib.Utils.ClFeatureGateDefBootstrap [ChezhouLib]
[ChezhouLib] 扫描名单登记: About=593, About登记=0, 当前候选=2
[ChezhouLib] 功能门控(Def 注册) 启用: UnityAssets, KindForceRelation, ClCustomMission；关闭: FlyRace, ClipAnimation, RenderNodeRule, KindPawnGeneration, BossHpBar, ModuleAssembly, RequiredApparelVerb, DualWeapon, HARBodyAddon, ClHairAppearance, FACompat, ApparelGraphicPathFallback
[ChezhouLib] 服饰路径模块(Def 注册) 登记模组: 0
[LoadTracer] ctor 1337/1563: ChezhouLib.Startup.InitialBodyAddonApparel [ChezhouLib.HAR]
[LoadTracer] ctor 1338/1563: ChezhouLib.Startup.InitialHairBodyaddon [ChezhouLib.HAR]
[ChezhouLib.HAR] HairstyleRule BodyAddons initialized.
[LoadTracer] ctor 1339/1563: ChezhouLib.HAR.HarCompatBootstrap [ChezhouLib.HAR]
[ChezhouLib.HAR] HAR compatibility features are disabled. Skip compatibility patch registration.
[LoadTracer] ctor 1340/1563: ChezhouLib.FA.FaCompatBootstrap [ChezhouLib.FA]
[ChezhouLib.FA] FACompat 功能未声明启用，跳过兼容补丁注册。
[LoadTracer] ctor 1341/1563: ChezhouLib.FA.Rendering.FacialAnimationLidCoverMaterialCache [ChezhouLib.FA]
[LoadTracer] ctor 1342/1563: ChezhouLib.FA.Rendering.PawnRenderNode_FacialAnimationLidShadow [ChezhouLib.FA]
[LoadTracer] ctor 1343/1563: ChezhouLib.CE.CharacterEditorCompatBootstrap [ChezhouLib.CE]
[ChezhouLib.CE] Character Editor compatibility patches registered.
[LoadTracer] ctor 1344/1563: GTGTraderCore.GTGTC_TradeOptimization_RiskAssessor [GTGTraderCore]
[LoadTracer] ctor 1345/1563: GTGTraderCore.GTGTC_TextLocalizationInjector [GTGTraderCore]
[LoadTracer] ctor 1346/1563: GTGTraderCore.GTGTC_Patch_PricingManager [GTGTraderCore]
[LoadTracer] ctor 1347/1563: GTGTraderCore.GTGTC_ModProbes [GTGTraderCore]
[LoadTracer] ctor 1348/1563: GTGTraderCore.GTGTC_Patch_TradeabilityManager [GTGTraderCore]
[LoadTracer] ctor 1349/1563: GTGTraderCore.GTGTC_ModController [GTGTraderCore]
[GTG Trader Core] Backstory tagging protocol initialized.
[GTG Trader Core] Leader faction mapping synchronized.
[GTG Trader Core] Original stats manager initialized successfully.
[GTG Trader Core] Mod controller initialized successfully
[LoadTracer] ctor 1350/1563: GTGTraderCore.GTGTC_SettingsApplier [GTGTraderCore]
[LoadTracer] ctor 1351/1563: KeyzAllowUtilities.Designator_CutBlighted [KeyzAllowUtilities]
[LoadTracer] ctor 1352/1563: KeyzAllowUtilities.Designator_CutGrown [KeyzAllowUtilities]
[LoadTracer] ctor 1353/1563: KeyzAllowUtilities.Designator_FinishOff [KeyzAllowUtilities]
[LoadTracer] ctor 1354/1563: KeyzAllowUtilities.Designator_Floors [KeyzAllowUtilities]
[LoadTracer] ctor 1355/1563: KeyzAllowUtilities.Designator_HarvestAll [KeyzAllowUtilities]
[LoadTracer] ctor 1356/1563: KeyzAllowUtilities.Designator_HarvestAllWood [KeyzAllowUtilities]
[LoadTracer] ctor 1357/1563: KeyzAllowUtilities.Designator_HarvestGrown [KeyzAllowUtilities]
[LoadTracer] ctor 1358/1563: KeyzAllowUtilities.Designator_HarvestGrownWood [KeyzAllowUtilities]
[LoadTracer] ctor 1359/1563: KeyzAllowUtilities.Designator_HaulUrgently [KeyzAllowUtilities]
[LoadTracer] ctor 1360/1563: KeyzAllowUtilities.Designator_SelectSimilar [KeyzAllowUtilities]
[LoadTracer] ctor 1361/1563: KeyzAllowUtilities.Designator_StripMine [KeyzAllowUtilities]
[LoadTracer] ctor 1362/1563: KeyzAllowUtilities.HarmonyPatches.Pawn_Patches [KeyzAllowUtilities]
[LoadTracer] ctor 1363/1563: KeyzAllowUtilities.HarmonyPatches.Plant_Patches [KeyzAllowUtilities]
[LoadTracer] ctor 1364/1563: KeyzAllowUtilities.HarmonyPatches.Thing_Patches [KeyzAllowUtilities]
[LoadTracer] ctor 1365/1563: KeyzAllowUtilities.FilterUtils+StorageGizmoTextures [KeyzAllowUtilities]
[LoadTracer] ctor 1366/1563: ExtraRitualSeats.HarmonyTST.HarmonyBase [ExtraRitualSeats]
[LoadTracer] ctor 1367/1563: PUAHSharedStorage.Bootstrap [PUAHSharedStorage]
[PUAH Shared Storage] Multi-stack storage cells can now be shared, up to one hauler per stack and never more than 32.
[PUAH Shared Storage] Optional shared vehicle cargo loading is available.
[PUAH Shared Storage] Optional shared source-stack reservations are available in mod settings.
[PUAH Shared Storage] Optional PUAH unload diagnostics are available through the diagnostic logging setting.
[PUAH Shared Storage] Mixed item pickup for multi-stack storage enabled.
[LoadTracer] ctor 1368/1563: PrisonerRealism.PrisonerRealismStartup [PrisonerRealism]
[Prisoner Realism] Loaded (build 43). Harmony patches applied.
[LoadTracer] ctor 1369/1563: Rimesis.BrightLordSpiritUtility [Rimesis]
[LoadTracer] ctor 1370/1563: Rimesis.BrightLordSpiritRendering [Rimesis]
[LoadTracer] ctor 1371/1563: Rimesis.RimesisCosmeticLightning [Rimesis]
[LoadTracer] ctor 1372/1563: SimpleSidearms.rimworld.CompSidearmMemory [SimpleSidearms]
[LoadTracer] ctor 1373/1563: PeteTimesSix.SimpleSidearms.SimpleSidearms_PostInit [SimpleSidearms]
[LoadTracer] ctor 1374/1563: PeteTimesSix.SimpleSidearms.TextureResources [SimpleSidearms]
[LoadTracer] ctor 1375/1563: PeteTimesSix.SimpleSidearms.Rimworld.DebugMenuEntries [SimpleSidearms]
[LoadTracer] ctor 1376/1563: PeteTimesSix.SimpleSidearms.Compat.Tacticowl [SimpleSidearms]
[LoadTracer] ctor 1377/1563: PeteTimesSix.SimpleSidearms.Compat.VFECore [SimpleSidearms]
[LoadTracer] ctor 1378/1563: SimpleSlaveryCollars.HarmonyInit [SimpleSlaveryCollars]
[LoadTracer] ctor 1379/1563: SimpleSlaveryCollars.Gizmos.Gizmo_SlaveCollarStatus [SimpleSlaveryCollars]
[LoadTracer] ctor 1380/1563: TabulaRasa.SubcategoryUtil [TabulaRasa]
[LoadTracer] ctor 1381/1563: TabulaRasa.Hediff_VisualOverlay [TabulaRasa]
[LoadTracer] ctor 1382/1563: TabulaRasa.Comp_Shield [TabulaRasa]
[LoadTracer] ctor 1383/1563: TabulaRasa.Gizmo_ShieldStatus [TabulaRasa]
[LoadTracer] ctor 1384/1563: TabulaRasa.Comp_AdvFireOverlay [TabulaRasa]
[LoadTracer] ctor 1385/1563: TabulaRasa.TexTabulaRasa [TabulaRasa]
[LoadTracer] ctor 1386/1563: TabulaRasa.MiningUtility [TabulaRasa]
[LoadTracer] ctor 1387/1563: TabulaRasa.FactionUtil [TabulaRasa]
[LoadTracer] ctor 1388/1563: TabulaRasa.TabulaRasaStartup [TabulaRasa]
[LoadTracer] ctor 1389/1563: GeneticRim.Building_ArchoWomb [GeneticRim]
[LoadTracer] ctor 1390/1563: GeneticRim.Building_DNAStorageBank [GeneticRim]
[LoadTracer] ctor 1391/1563: GeneticRim.Command_SetParagonList [GeneticRim]
[LoadTracer] ctor 1392/1563: GeneticRim.Command_SetAnimalList [GeneticRim]
[LoadTracer] ctor 1393/1563: GeneticRim.Command_SetGenomeList [GeneticRim]
[LoadTracer] ctor 1394/1563: GeneticRim.CompGenomorpher [GeneticRim]
[LoadTracer] ctor 1395/1563: GeneticRim.CompElectroWomb [GeneticRim]
[LoadTracer] ctor 1396/1563: GeneticRim.SettingsHelper [GeneticRim]
[LoadTracer] ctor 1397/1563: GeneticRim.Window_DesignateGrowthCell [GeneticRim]
[LoadTracer] ctor 1398/1563: GeneticRim.Core [GeneticRim]
[LoadTracer] ctor 1399/1563: GeneticRim.GraphicsCache [GeneticRim]
[LoadTracer] ctor 1400/1563: GeneticRim.Main [GeneticRim]
[LoadTracer] ctor 1401/1563: VanillaVehiclesExpanded.Utils [VanillaVehiclesExpanded]
[LoadTracer] ctor 1402/1563: DivineFramework.OnStartup [0DivineFramework]
[LoadTracer] ctor 1403/1563: BetterRomance.OnStartup [WayBetterRomance]
[LoadTracer] ctor 1404/1563: AchtungMod.Extensions [Achtung]
[LoadTracer] ctor 1405/1563: AchtungMod.ForcedMultiFloatMenuOption [Achtung]
[LoadTracer] ctor 1406/1563: AchtungMod.AchtungLoader [Achtung]
Fallback handler could not load library C:/Program Files (x86)/Steam/steamapps/common/RimWorld/RimWorldWin64_Data/MonoBleedingEdge/data-000001A0269FC050.dll
[LoadTracer] ctor 1407/1563: AchtungMod.PriorityWork_GetGizmos_Patch [Achtung]
[LoadTracer] ctor 1408/1563: AchtungMod.Tools [Achtung]
[LoadTracer] ctor 1409/1563: Brrainz.Dialog_ModFeatures [ModFeatures]
[LoadTracer] ctor 1410/1563: Brrainz.Dialog_ModFeaturesDismissHelp [ModFeatures]
[LoadTracer] ctor 1411/1563: AlphaVehicles.MainAncient [AlphaVehiclesAncient]
[LoadTracer] ctor 1412/1563: OuterRimCore.Comp_ResourceExtractor [OuterRimCore]
[LoadTracer] ctor 1413/1563: OuterRimCore.OuterRimCoreStartup [OuterRimCore]
[LoadTracer] ctor 1414/1563: OutlandGenes.EggUtil [OutlandGenes]
[LoadTracer] ctor 1415/1563: OutlandGenes.GeneUtil [OutlandGenes]
[LoadTracer] ctor 1416/1563: OutlandGenes.AscenderUtil [OutlandGenes]
[LoadTracer] ctor 1417/1563: CommonSense.Sidearms_Utility [CommonSense]
[LoadTracer] ctor 1418/1563: CommonSense.RPGStyleInventory_CommonSensePatch [CommonSense]
[LoadTracer] ctor 1419/1563: CommonSense.AwesomeInventory_CommonSensePatch [CommonSense]
[LoadTracer] ctor 1420/1563: CommonSense.CommonSense [CommonSense]
[LoadTracer] ctor 1421/1563: CommonSense.Utility [CommonSense]
[LoadTracer] ctor 1422/1563: RimMandrake.DesertVehicleReskin.DesertVehicleReskinMod [DesertVehicleReskin]
[LoadTracer] ctor 1423/1563: FACP.StartupPatcher [FACP]
[FACP] Startup pass: 25 patches applied, 0 switched off, 25 available.
[LoadTracer] ctor 1424/1563: RimMandrake.Utinni.Doctrine.JawaDoctrineCoreMod [JawaDoctrineCore]
[LoadTracer] ctor 1425/1563: ColourPicker.colourPicker [PerformanceAnalyzer]
[LoadTracer] ctor 1426/1563: Analyzer.H_KeyPresses [PerformanceAnalyzer]
[LoadTracer] ctor 1427/1563: Analyzer.Textures [PerformanceAnalyzer]
[LoadTracer] ctor 1428/1563: Analyzer.Profiling.H_RegenerateLayers [PerformanceAnalyzer]
[LoadTracer] ctor 1429/1563: Analyzer.Profiling.DubGUI [PerformanceAnalyzer]
[LoadTracer] ctor 1430/1563: PerformanceOptimizer.ModCompatUtility [PerformanceOptimizer]
[LoadTracer] ctor 1431/1563: PerformanceOptimizer.ComponentCache [PerformanceOptimizer]
[LoadTracer] ctor 1432/1563: AM.Content [zAnimationMod]
[LoadTracer] ctor 1433/1563: ItemControl.PatchPreviewPawn [ItemControl]
[LoadTracer] ctor 1434/1563: ItemControl.ShowMeYourHandsIntegration [ItemControl]
[LoadTracer] ctor 1435/1563: ItemControl.ItemControlBootstrap [ItemControl]
[Rim Control] initialized.
[LoadTracer] ctor 1436/1563: ItemControl.ItemControlContent [ItemControl]
[LoadTracer] ctor 1437/1563: JobEffects.ArmRenderer [JobEffects]
[LoadTracer] ctor 1438/1563: JobEffects.CompletionBurst [JobEffects]
[LoadTracer] ctor 1439/1563: JobEffects.EffectsUtil [JobEffects]
[LoadTracer] ctor 1440/1563: JobEffects.JobEffectsBootstrap [JobEffects]
[LoadTracer] ctor 1441/1563: JobEffects.ToolAnimator [JobEffects]
[LoadTracer] ctor 1442/1563: JobEffects.ToolWarmup [JobEffects]
[LoadTracer] ctor 1443/1563: Lightsaber.Dialog_LightsaberCustomization [Lightsaber]
[LoadTracer] ctor 1444/1563: Lightsaber.HarmonyPatches [Lightsaber]
[LoadTracer] ctor 1445/1563: Lightsaber.LightsaberGraphicsUtil [Lightsaber]
[LoadTracer] ctor 1446/1563: Lightsaber.LightSaberProjectile [Lightsaber]
[LoadTracer] ctor 1447/1563: Lightsaber.Gizmo_LightsaberStance [Lightsaber]
[LoadTracer] ctor 1448/1563: Lightsaber.LightsaberGlowShaderLoader [Lightsaber]
[LoadTracer] ctor 1449/1563: Lightsaber.ShaderPropertyIDAddon [Lightsaber]
[LoadTracer] ctor 1450/1563: Lightsaber.Comp_LightsaberBlade [Lightsaber]
[LoadTracer] ctor 1451/1563: MeleeAnimPatch.HarmonyPatches [MeleeAnimPatch]
[LoadTracer] ctor 1452/1563: AbilityDropdown.AbilityDropdown [AbilityDropdown]
[AbilityDropdown] Now active
[AbilityDropdown] Harmony patch complete!
[LoadTracer] ctor 1453/1563: AddGeneForPK.AddGeneForPK [AddGeneForPK]
[AddGeneForPK] Now active
[AddGeneForPK] Harmony patch complete!
[LoadTracer] ctor 1454/1563: BodyTypeForPawnKind.BodyTypeForPawnKind [BodyTypeForPawnKind]
[BodyTypeForPawnKind] Now active
[BodyTypeForPawnKind] Harmony patch complete!
[LoadTracer] ctor 1455/1563: CallLaborerCustom.CallLaborerCustom [CallLaborerCustom]
[CallLaborerCustom] Now active
[CallLaborerCustom] Harmony patch complete!
[LoadTracer] ctor 1456/1563: CastableInUnconscious.CastableInUnconscious [CastableInUnconscious]
[CastableInUnconscious] Now active
[CastableInUnconscious] Harmony patch complete!
[LoadTracer] ctor 1457/1563: DeflectorHediff.DeflectorHediff [DeflectorHediff]
[DeflectorHediff] Now active
[DeflectorHediff] Harmony patch complete!
[LoadTracer] ctor 1458/1563: HediffsWhileJob.HediffsWhileJob [HediffsWhileJob]
[HediffsWhileJob] Now active
[HediffsWhileJob] Harmony patch complete!
[LoadTracer] ctor 1459/1563: InstantHealingDrug.InstantHealingDrug [InstantHealingDrug]
[InstantHealingDrug] Now active
[InstantHealingDrug] Harmony patch complete!
[InstantHealingDrug] SelfHediffVerb found
[LoadTracer] ctor 1460/1563: JumppackForMeleeAI.JumppackForMeleeAI [JumppackForMeleeAI]
[JumppackForMeleeAI]Now Active
[JumppackForMeleeAI]Harmony patch complete!
[LoadTracer] ctor 1461/1563: KoltoTank.KoltoTankPatches [KoltoTank]
[LoadTracer] ctor 1462/1563: MentalBreakBlocker.MentalBreakBlocker [MentalBreakBlocker]
[MentalBreakBlocker] Now active
[MentalBreakBlocker] Harmony patch complete!
[LoadTracer] ctor 1463/1563: SecondaryMineableYield.SecondaryMineableYield [SecondaryMineableYield]
[SecondaryMineableYield] Now active
[SecondaryMineableYield] Harmony patch complete!
[LoadTracer] ctor 1464/1563: SelfHediffVerb.SelfHediffVerb [SelfHediffVerb]
[SelfHediffVerb] Now active
[SelfHediffVerb] Harmony patch complete!
[LoadTracer] ctor 1465/1563: Spinning_Projectile.SpinningWeaponProjectile [Spinning Projectile]
[LoadTracer] ctor 1466/1563: Spinning_Projectile.MoteWeaponReturn [Spinning Projectile]
[LoadTracer] ctor 1467/1563: Spinning_Projectile.ThingComp_ReturningWeapon [Spinning Projectile]
[LoadTracer] ctor 1468/1563: SWCP.Core.TextureCache [SWCP_Core]
[LoadTracer] ctor 1469/1563: SWCP.Core.CharacterRoleUtils [SWCP_Core]
[LoadTracer] ctor 1470/1563: SWCP.Core.Patches [SWCP_Core]
[LoadTracer] ctor 1471/1563: SWCP.Core.VATS.Command_VATS [SWCP_Core]
[LoadTracer] ctor 1472/1563: SWCP.Core.VATS.Dialog_VATS [SWCP_Core]
[LoadTracer] ctor 1473/1563: SWCP.Core.Unity.Materials [SWCP_Core]
<color=#66ff7fFF>[SWCP Core/Tools] </color>Bundle Path: C:\Program Files (x86)\Steam\steamapps\workshop\content\294100\3254370945\SWCP-UnityAssets\Materials\StandaloneWindows64\SWCPshaders
Unable to open archive file: C:/Program Files (x86)/Steam/steamapps/workshop/content/294100/3254370945/SWCP-UnityAssets/Materials/StandaloneWindows64/SWCPshaders
Failed to read data for the AssetBundle 'C:\Program Files (x86)\Steam\steamapps\workshop\content\294100\3254370945\SWCP-UnityAssets\Materials\StandaloneWindows64\SWCPshaders'.
<color=#66ff7fFF>[SWCP Core/Tools] </color>Failed to load bundle at path: C:\Program Files (x86)\Steam\steamapps\workshop\content\294100\3254370945\SWCP-UnityAssets\Materials\StandaloneWindows64\SWCPshaders
[LoadTracer] ctor 1474/1563: SWCP.Core.Unity.Shaders [SWCP_Core]
<color=#66ff7fFF>[SWCP Core/Tools] </color>Bundle Path: C:\Program Files (x86)\Steam\steamapps\workshop\content\294100\3254370945\SWCP-UnityAssets\Materials\StandaloneWindows64\SWCPshaders
Unable to open archive file: C:/Program Files (x86)/Steam/steamapps/workshop/content/294100/3254370945/SWCP-UnityAssets/Materials/StandaloneWindows64/SWCPshaders
Failed to read data for the AssetBundle 'C:\Program Files (x86)\Steam\steamapps\workshop\content\294100\3254370945\SWCP-UnityAssets\Materials\StandaloneWindows64\SWCPshaders'.
<color=#66ff7fFF>[SWCP Core/Tools] </color>Failed to load bundle at path: C:\Program Files (x86)\Steam\steamapps\workshop\content\294100\3254370945\SWCP-UnityAssets\Materials\StandaloneWindows64\SWCPshaders
<color=#B266FFFF>[SWCP Core/Tools] </color>MainBundle is not initialized, cannot load shader: Assets\Shaders\ZoomShader.shader
[LoadTracer] ctor 1475/1563: SWCP.Currencies.CurrencyManager [SWCP_Currencies]
[LoadTracer] ctor 1476/1563: SWCP.Enlist.EnlistUtils [SWCPEnlist]
[LoadTracer] ctor 1477/1563: TitleRemovesAbility.TitleRemovesAbility [TitleRemovesAbility]
[TitleRemovesAbility] Now active
[TitleRemovesAbility] Harmony patch complete!
[LoadTracer] ctor 1478/1563: VEFHireDialogPatch.VEFHireDialogPatch [VEFHireDialogPatch]
[VEFHireDialogPatch] Now active
[VEFHireDialogPatch] Harmony patch complete!
[LoadTracer] ctor 1479/1563: XenoTitle.XenoTitle [XenoTitle]
[XenoTitle] Now active
[XenoTitle] Harmony patch complete!
[LoadTracer] ctor 1480/1563: JumppackForMeleeAI.JumppackForMeleeAI [JawaArmoury]
[JumppackForMeleeAI]Now Active
[JumppackForMeleeAI]Harmony patch complete!
[LoadTracer] ctor 1481/1563: InstantHealingDrug.InstantHealingDrug [JawaArmoury]
[InstantHealingDrug] Now active
[InstantHealingDrug] Harmony patch complete!
[InstantHealingDrug] SelfHediffVerb found
[LoadTracer] ctor 1482/1563: KoltoTank.KoltoTankPatches [JawaArmoury]
[LoadTracer] ctor 1483/1563: Spinning_Projectile.ThingComp_ReturningWeapon [JawaArmoury]
[LoadTracer] ctor 1484/1563: Spinning_Projectile.MoteWeaponReturn [JawaArmoury]
[LoadTracer] ctor 1485/1563: Spinning_Projectile.SpinningWeaponProjectile [JawaArmoury]
[LoadTracer] ctor 1486/1563: Spinning_Projectile.HarmonyPatches [JawaArmoury]
[LoadTracer] ctor 1487/1563: SelfHediffVerb.SelfHediffVerb [JawaArmoury]
[SelfHediffVerb] Now active
[SelfHediffVerb] Harmony patch complete!
[LoadTracer] ctor 1488/1563: SecondaryMineableYield.SecondaryMineableYield [JawaArmoury]
[SecondaryMineableYield] Now active
[SecondaryMineableYield] Harmony patch complete!
[LoadTracer] ctor 1489/1563: MentalBreakBlocker.MentalBreakBlocker [JawaArmoury]
[MentalBreakBlocker] Now active
[MentalBreakBlocker] Harmony patch complete!
[LoadTracer] ctor 1490/1563: CompExtraSounds.HarmonyCompExtraSounds [JawaArmoury]
[LoadTracer] ctor 1491/1563: RimMandrake.StarWars.JawaIonWeapons.JawaIonVehicleTierMod [JawaIonVehicleTier]
[LoadTracer] ctor 1492/1563: VanillaAnimalsExpandedWaste.Main [VanillaAnimalsExpandedWaste]
[LoadTracer] ctor 1493/1563: RimMandrake.StarWars.Droidworks.DroidworksNeedGateMod [Droidworks]
[LoadTracer] ctor 1494/1563: RimMandrake.StarWars.Droidworks.DroidworksTradeAdvantageMod [Droidworks]
[LoadTracer] ctor 1495/1563: RimMandrake.StarWars.Droidworks.DroidworksBoltCoreMod [DroidworksBoltCore]
[LoadTracer] ctor 1496/1563: RimMandrake.StarWars.FireEcology.FireEcologyHookMod [FireEcologyHook]
[RimMandrake.StarWars.FireEcology] fulgurite-spawn: armed; strikes on sand-family ground may leave a fulgurite
[RimMandrake.StarWars.FireEcology] fire-tick-ash-scorchfruit: armed; burning cells on scorchable ground may dust loose ash and rarely seed a scorch-fruit pod
[LoadTracer] ctor 1497/1563: RimMandrake.MovingDunes.MovingDunesMod [RimMandrakeMovingDunes]
[RimMandrake.MovingDunes] sand-holds-on-sand: armed; on a dune-field map, Sand and SoftSand terrain hold depth (water, space and full-fillage buildings still refuse it)
[RimMandrake.MovingDunes] ambient-decay-suppression: armed; vanilla's -1/180 per-cell-visit sand decay is scaled by the map material's ambientDecayFactor (0 = drifts persist)
[RimMandrake.MovingDunes] vanilla-sand-layer-suppression: armed; the vanilla sand submesh is disabled on skinned maps so the tinted layer never double-draws
[RimMandrake.MovingDunes] hide-depths: 6106 items @0.45, 637 plants @0.55, 191 filth @0.2 (of 25440 ThingDefs; defs with their own value untouched).
[LoadTracer] ctor 1498/1563: RimMandrake.RimDefDump.RimDefDumpBootstrap [RimDefDump]
[RimMandrake.RimDefDump] starting, mode=all, capture=2026-09-12T19-16-27Z, out=C:/Users/Mandrake/AppData/LocalLow/Ludeon Studios/RimWorld by Ludeon Studios\DefDump\captures
[RimMandrake.RimDefDump] animals=1341 (skipped 1404 generated corpse defs) biomes=116 (0 threw and produced no rows) biomeAnimalPairs=4616 statsMissing=0
[RimMandrake.RimDefDump] def type name collision — AbilityDef: RimWorld.AbilityDef=600->AbilityDef.json, VEF.Abilities.AbilityDef=17->VEF.Abilities.AbilityDef.json, AbilityUser.AbilityDef=0->AbilityUser.AbilityDef.json
[RimMandrake.RimDefDump] def type name collision — CharacterDef: RimMandrake.Inhabited.CharacterDef=294->CharacterDef.json, SWCP.Core.CharacterDef=0->SWCP.Core.CharacterDef.json
[RimMandrake.RimDefDump] def type name collision — CustomMapDataDef: AncientMarket_Libraray.CustomMapDataDef=42->CustomMapDataDef.json, QuestEditor_Library.CustomMapDataDef=12->QuestEditor_Library.CustomMapDataDef.json
[RimMandrake.RimDefDump] def type name collision — DefExtensions: DubRoss.DefExtensions=1->DefExtensions.json, DubsBadHygiene.DefExtensions=1->DubsBadHygiene.DefExtensions.json, Rimefeller.DefExtensions=1->Rimefeller.DefExtensions.json
[RimMandrake.RimDefDump] def type name collision — DialogTreeDef: AncientMarket_Libraray.DialogTreeDef=1->DialogTreeDef.json, QuestEditor_Library.DialogTreeDef=0->QuestEditor_Library.DialogTreeDef.json
[RimMandrake.RimDefDump] def type name collision — DubsModOptions: DubsBadHygiene.DubsModOptions=15->DubsModOptions.json, Rimefeller.DubsModOptions=4->Rimefeller.DubsModOptions.json
[RimMandrake.RimDefDump] def type name collision — ExpansionDef: RimWorld.ExpansionDef=6->ExpansionDef.json, CaravanAdventures.Expansions.ExpansionDef=1->CaravanAdventures.Expansions.ExpansionDef.json
[RimMandrake.RimDefDump] def type name collision — FaceTypeDef: FacialAnimation.FaceTypeDef=150->FaceTypeDef.json, FaceAddon.FaceTypeDef=0->FaceAddon.FaceTypeDef.json
[RimMandrake.RimDefDump] def type name collision — ModDef: VEF.OptionalFeatures.ModDef=6->ModDef.json, MVCF.ModDef=5->MVCF.ModDef.json
[RimMandrake.RimDefDump] def type name collision — QuestGiverDef: RimQuest.QuestGiverDef=5->QuestGiverDef.json, VEF.Storyteller.QuestGiverDef=1->VEF.Storyteller.QuestGiverDef.json
[RimMandrake.RimDefDump] def type name collision — StructureLayoutDef: KCSG.StructureLayoutDef=304->StructureLayoutDef.json, Fortified.Structures.StructureLayoutDef=0->Fortified.Structures.StructureLayoutDef.json
[RimMandrake.RimDefDump] def type name collision — StructureSetDef: VanillaQuestsExpandedAncients.StructureSetDef=14->StructureSetDef.json, VEF.Storyteller.StructureSetDef=0->VEF.Storyteller.StructureSetDef.json
[RimMandrake.RimDefDump] def type name collision — SymbolDef: KCSG.SymbolDef=9089->SymbolDef.json, Fortified.Structures.SymbolDef=0->Fortified.Structures.SymbolDef.json
[RimMandrake.RimDefDump] wrote 533 def-type files to C:/Users/Mandrake/AppData/LocalLow/Ludeon Studios/RimWorld by Ludeon Studios\DefDump\captures\.writing\defs (13 simple-name collisions disambiguated)
[RimMandrake.RimDefDump] capture published: C:/Users/Mandrake/AppData/LocalLow/Ludeon Studios/RimWorld by Ludeon Studios\DefDump\captures\2026-09-12T19-16-27Z
[RimMandrake.RimDefDump] pruned old capture 2026-09-12T13-00-30Z
[RimMandrake.RimDefDump] done in 17500 ms (animals 281 ms, all-defs 17142 ms)
[LoadTracer] ctor 1499/1563: aRandomKiwi.RimThemes.Autosaver_DoAutosave_Patch [RimThemes]
[LoadTracer] ctor 1500/1563: aRandomKiwi.RimThemes.LoadedModManager_LoadModXmlPatch_Patch [RimThemes]
[LoadTracer] ctor 1501/1563: aRandomKiwi.RimThemes.ModContentPack_LoadDefsPatch_Patch [RimThemes]
[LoadTracer] ctor 1502/1563: aRandomKiwi.RimThemes.ModContentPack_LoadPatches_Patch [RimThemes]
[LoadTracer] ctor 1503/1563: aRandomKiwi.RimThemes.LoadedModManager_CombineIntoUnifiedXML_Patch [RimThemes]
[LoadTracer] ctor 1504/1563: aRandomKiwi.RimThemes.LoadedModManager_ApplyPatches_Patch [RimThemes]
[LoadTracer] ctor 1505/1563: aRandomKiwi.RimThemes.LoadedModManager_ParseAndProcessXML_Patch [RimThemes]
[LoadTracer] ctor 1506/1563: aRandomKiwi.RimThemes.GenGeneric_MethodOnGenericType_Patch [RimThemes]
[LoadTracer] ctor 1507/1563: aRandomKiwi.RimThemes.DirectXmlLoader_DefFromNode_Patch [RimThemes]
[LoadTracer] ctor 1508/1563: aRandomKiwi.RimThemes.XmlInheritance_TryRegister_Patch [RimThemes]
[LoadTracer] ctor 1509/1563: aRandomKiwi.RimThemes.StaticConstructorOnStartupUtility_CallAll_Patch [RimThemes]
[LoadTracer] ctor 1510/1563: aRandomKiwi.RimThemes.RuntimeHelpers_RunClassConstructor_Patch [RimThemes]
[LoadTracer] ctor 1511/1563: aRandomKiwi.RimThemes.Activate_Patch [RimThemes]
[LoadTracer] ctor 1512/1563: aRandomKiwi.RimThemes.InspectPaneUtility_ToggleTab_Patch [RimThemes]
[LoadTracer] ctor 1513/1563: aRandomKiwi.RimThemes.InspectTabBase_DoTabGUI_Patch [RimThemes]
[LoadTracer] ctor 1514/1563: aRandomKiwi.RimThemes.WindowStack_TryRemove_Patch [RimThemes]
[LoadTracer] ctor 1515/1563: aRandomKiwi.RimThemes.WindowsStack_Add_Patch [RimThemes]
[LoadTracer] ctor 1516/1563: aRandomKiwi.RimThemes.EditWindow_Log_DoWindowContents_PrefixPatch [RimThemes]
[LoadTracer] ctor 1517/1563: aRandomKiwi.RimThemes.EditWindow_Log_DoWindowContents_PostfixPatch [RimThemes]
[LoadTracer] ctor 1518/1563: aRandomKiwi.RimThemes.FactionRelationKindUtility_GetColor_Patch [RimThemes]
[LoadTracer] ctor 1519/1563: aRandomKiwi.RimThemes.ModSummaryWindow_DrawWindow_Patch [RimThemes]
[LoadTracer] ctor 1520/1563: aRandomKiwi.RimThemes.World_ExposeData_Patch [RimThemes]
[LoadTracer] ctor 1521/1563: aRandomKiwi.RimThemes.World_FinalizeInit_Patch [RimThemes]
[LoadTracer] ctor 1522/1563: aRandomKiwi.RimThemes.Map_ExposeData_Patch [RimThemes]
[LoadTracer] ctor 1523/1563: aRandomKiwi.RimThemes.Map_ExposeComponents_Patch [RimThemes]
[LoadTracer] ctor 1524/1563: aRandomKiwi.RimThemes.MapLoadCompressedPatch [RimThemes]
[LoadTracer] ctor 1525/1563: aRandomKiwi.RimThemes.CameraDriver_Expose_Patch [RimThemes]
[LoadTracer] ctor 1526/1563: aRandomKiwi.RimThemes.ScribeLoader_FinalizeLoading_Patch [RimThemes]
[LoadTracer] ctor 1527/1563: aRandomKiwi.RimThemes.MapFinalizeLoadPatch [RimThemes]
[LoadTracer] ctor 1528/1563: aRandomKiwi.RimThemes.GameFinalizeInitPatch [RimThemes]
[LoadTracer] ctor 1529/1563: aRandomKiwi.RimThemes.LongEventHandler_QueueLongEvent_Patch [RimThemes]
[LoadTracer] ctor 1530/1563: aRandomKiwi.RimThemes.LongEventHandler_QueueLongEvent2_Patch [RimThemes]
[LoadTracer] ctor 1531/1563: aRandomKiwi.RimThemes.LongEventHandler_QueueLongEvent3_Patch [RimThemes]
[LoadTracer] ctor 1532/1563: aRandomKiwi.RimThemes.WorldRenderer_RegenerateDirtyLayersNow_Async_Patch [RimThemes]
[LoadTracer] ctor 1533/1563: aRandomKiwi.RimThemes.ScribeSaver_FinalizeSaving_Patch [RimThemes]
[LoadTracer] ctor 1534/1563: aRandomKiwi.RimThemes.LoaderGM [RimThemes]
[LoadTracer] ctor 1535/1563: aRandomKiwi.RimThemes.DrawOptionListing_Patch [RimThemes]
[LoadTracer] ctor 1536/1563: aRandomKiwi.RimThemes.MainMenuOnGUI_Patch [RimThemes]
[LoadTracer] ctor 1537/1563: aRandomKiwi.RimThemes.DoMainMenuControls_Patch [RimThemes]
[LoadTracer] ctor 1538/1563: aRandomKiwi.RimThemes.CurFontStyle_Patch [RimThemes]
[LoadTracer] ctor 1539/1563: aRandomKiwi.RimThemes.CurTextFieldStyle_Patch [RimThemes]
[LoadTracer] ctor 1540/1563: aRandomKiwi.RimThemes.CurTextAreaStyle_Patch [RimThemes]
[LoadTracer] ctor 1541/1563: aRandomKiwi.RimThemes.CurTextAreaReadOnlyStyle_Patch [RimThemes]
[LoadTracer] ctor 1542/1563: aRandomKiwi.RimThemes.SpaceBetweenLines_Patch [RimThemes]
[LoadTracer] ctor 1543/1563: aRandomKiwi.RimThemes.LineHeight_Patch [RimThemes]
[LoadTracer] ctor 1544/1563: aRandomKiwi.RimThemes.setFont_Patch [RimThemes]
[LoadTracer] ctor 1545/1563: aRandomKiwi.RimThemes.Notify_LoadedSceneChanged_Patch [RimThemes]
[LoadTracer] ctor 1546/1563: aRandomKiwi.RimThemes.DoWindowContents_Patch [RimThemes]
[LoadTracer] ctor 1547/1563: aRandomKiwi.RimThemes.UI_BackgroundMain_Patch [RimThemes]
[LoadTracer] ctor 1548/1563: aRandomKiwi.RimThemes.GUI_DrawTexture_Patch [RimThemes]
[LoadTracer] ctor 1549/1563: aRandomKiwi.RimThemes.ButtonTextWorker_Patch [RimThemes]
[LoadTracer] ctor 1550/1563: aRandomKiwi.RimThemes.ButtonTextSubtle_Patch [RimThemes]
[LoadTracer] ctor 1551/1563: aRandomKiwi.RimThemes.DrawWindowBackground_Patch [RimThemes]
[LoadTracer] ctor 1552/1563: aRandomKiwi.RimThemes.DrawWindowBackground2_Patch [RimThemes]
[LoadTracer] ctor 1553/1563: aRandomKiwi.RimThemes.Widgets_ButtonImage_Patch [RimThemes]
[LoadTracer] ctor 1554/1563: aRandomKiwi.RimThemes.Widgets_Label1_Patch [RimThemes]
[LoadTracer] ctor 1555/1563: aRandomKiwi.RimThemes.Widgets_Label2_Patch [RimThemes]
[LoadTracer] ctor 1556/1563: aRandomKiwi.RimThemes.Widgets_TextField_Patch [RimThemes]
[LoadTracer] ctor 1557/1563: aRandomKiwi.RimThemes.Widgets_TextArea_Patch [RimThemes]
[LoadTracer] ctor 1558/1563: aRandomKiwi.RimThemes.WindowStackOnGUI_Patch [RimThemes]
[LoadTracer] ctor 1559/1563: aRandomKiwi.RimThemes.Window_Close_Patch [RimThemes]
[LoadTracer] ctor 1560/1563: aRandomKiwi.RimThemes.Loader [RimThemes]
[LoadTracer] ctor 1561/1563: aRandomKiwi.RimThemes.Themes [RimThemes]
[LoadTracer] ctor 1562/1563: aRandomKiwi.RimThemes.RimThemes [RimThemes]
[LoadTracer] ctor 1563/1563: aRandomKiwi.RimThemes.Utils [RimThemes]
[LoadTracer] CallAll complete
[Map Preview v1.12.26.1] Detected potential conflict: The mod "Custom Quest Framework" (QF_Patch) adds a destructive patch that will likely override or break some functionality of Map Preview.
Patch method: static System.Boolean QuestEditor_Library.Patch_MapGenerate::prefix(Verse.IntVec3& mapSize, RimWorld.Planet.MapParent parent, Verse.MapGeneratorDef mapGenerator)
Target method: static Verse.Map Verse.MapGenerator::GenerateMap(Verse.IntVec3 mapSize, RimWorld.Planet.MapParent parent, Verse.MapGeneratorDef mapGenerator, System.Collections.Generic.IEnumerable`1<Verse.GenStepWithParams> extraGenStepDefs, System.Action`1<Verse.Map> extraInitBeforeContentGen, System.Boolean isPocketMap, System.Boolean stepDebugger)
[Geological Landforms v1.7.13.1] Detected potential conflict: The mod "GravTide" (gravtide.mod) adds a destructive patch that will likely override or break some functionality of Geological Landforms.
Patch method: static System.Boolean GravTide.WeatherEvent_LightningStrike_FireEvent_Patch::Prefix(Verse.Map ___map, Verse.IntVec3& ___strikeLoc)
Target method: virtual System.Void RimWorld.WeatherEvent_LightningStrike::FireEvent()
[Geological Landforms v1.7.13.1] Detected potential conflict: The mod "GravTide" (gravtide.mod) adds a destructive patch that will likely override or break some functionality of Geological Landforms.
Patch method: static System.Boolean GravTide.BuildFor_Patch::Prefix(Verse.MapPlantGrowthRateCalculator __instance, Verse.Map map)
Target method: System.Void Verse.MapPlantGrowthRateCalculator::BuildFor(Verse.Map map)
[Geological Landforms v1.7.13.1] Found 6 biome variants in mod Biomes! Caverns.
[Geological Landforms v1.7.13.1] Found landform data in the following mods: Geological Landforms, Biome Transitions, Biomes! Caverns
[Geological Landforms v1.7.13.1] Loaded 49 landforms of which 0 are edited and 0 are custom.
[LunarFramework v1.1.17] Processed 21 Harmony patches in 8002 ms.
Type Dialog_QuestBookStepInfo probably needs a StaticConstructorOnStartup attribute, because it has a field nodeFrame of type Texture2D. All assets must be loaded in the main thread.
Type Dialog_EditQuestBookStep probably needs a StaticConstructorOnStartup attribute, because it has a field nodeFrame of type Texture2D. All assets must be loaded in the main thread.
Type Patches_WorldLayer_MapMode_OnGUI_Invasions probably needs a StaticConstructorOnStartup attribute, because it has a field DraftIcon of type Texture2D. All assets must be loaded in the main thread.
Type QuestBookNodeCanvas probably needs a StaticConstructorOnStartup attribute, because it has a field nodeFrame of type Texture2D. All assets must be loaded in the main thread.
Type Patches_ExpandableWorldObjectsOnGUI probably needs a StaticConstructorOnStartup attribute, because it has a field DraftIcon of type Texture2D. All assets must be loaded in the main thread.
Type Invasion probably needs a StaticConstructorOnStartup attribute, because it has a field AttackSettlementIcon of type Texture2D. All assets must be loaded in the main thread.
Type SandHammerThing probably needs a StaticConstructorOnStartup attribute, because it has a field bottomGraphic of type Graphic. All assets must be loaded in the main thread.
Type Dialog_WorkbenchImageBrowser probably needs a StaticConstructorOnStartup attribute, because it has a field checkerTexture of type Texture2D. All assets must be loaded in the main thread.
Type AnimationTextureLayerRuntime probably needs a StaticConstructorOnStartup attribute, because it has a field DrawBlock of type MaterialPropertyBlock. All assets must be loaded in the main thread.
Type MarkerCache probably needs a StaticConstructorOnStartup attribute, because it has a field outlineGeneratorMaterial of type Material. All assets must be loaded in the main thread.
Type Patch_GravEngine_GetGizmos probably needs a StaticConstructorOnStartup attribute, because it has a field SaveTex of type Texture2D. All assets must be loaded in the main thread.
Type PlaySettings_ToggleIcons_Patch probably needs a StaticConstructorOnStartup attribute, because it has a field Icon of type Texture2D. All assets must be loaded in the main thread.
Type OreHighlightRenderer probably needs a StaticConstructorOnStartup attribute, because it has a field sharedStripeTexture of type Texture2D. All assets must be loaded in the main thread.
Type AnimRenderer probably needs a StaticConstructorOnStartup attribute, because it has a field DefaultCutout of type Material. All assets must be loaded in the main thread.
Type FloatRangeSlider probably needs a StaticConstructorOnStartup attribute, because it has a field _circleTex of type Texture2D. All assets must be loaded in the main thread.
Type TransparentObject probably needs a StaticConstructorOnStartup attribute, because it has a field copyToDepthMaterial of type Material. All assets must be loaded in the main thread.
Type VideoPlayerUtil probably needs a StaticConstructorOnStartup attribute, because it has a field go of type GameObject. All assets must be loaded in the main thread.
Type DoExtraIconsTweak probably needs a StaticConstructorOnStartup attribute, because it has a field TechprintIcon_Missing of type Texture2D. All assets must be loaded in the main thread.
Type ScrollViewThumb probably needs a StaticConstructorOnStartup attribute, because it has a field _circleTex of type Texture2D. All assets must be loaded in the main thread.
Type TransparentObject_Atmosphere probably needs a StaticConstructorOnStartup attribute, because it has a field AtmosphereLUT of type Shader. All assets must be loaded in the main thread.
Type Apparel_HumanSkinSuit probably needs a StaticConstructorOnStartup attribute, because it has a field skinBoltGraphic of type Graphic. All assets must be loaded in the main thread.
Type BGRenderer probably needs a StaticConstructorOnStartup attribute, because it has a field layers of type Texture2D[]. All assets must be loaded in the main thread.
Type BTD_DesignRenderer probably needs a StaticConstructorOnStartup attribute, because it has a field vgeTileMaterial of type Material. All assets must be loaded in the main thread.
Type TransparentObject_Cloud probably needs a StaticConstructorOnStartup attribute, because it has a field SkyBoxCloud of type Shader. All assets must be loaded in the main thread.
Type Dialog_AnimationDebugger probably needs a StaticConstructorOnStartup attribute, because it has a field mpb of type MaterialPropertyBlock. All assets must be loaded in the main thread.
Type Building_DuelSpot probably needs a StaticConstructorOnStartup attribute, because it has a field invisible of type Graphic. All assets must be loaded in the main thread.
Type GrabUtility probably needs a StaticConstructorOnStartup attribute, because it has a field mpb of type MaterialPropertyBlock. All assets must be loaded in the main thread.
Type TransparentObject_Ring probably needs a StaticConstructorOnStartup attribute, because it has a field BasicRing of type Shader. All assets must be loaded in the main thread.
Type Command_AbilityDropdown probably needs a StaticConstructorOnStartup attribute, because it has a field PlusTex of type Texture2D. All assets must be loaded in the main thread.
Type GrappleFlyer probably needs a StaticConstructorOnStartup attribute, because it has a field mpb of type MaterialPropertyBlock. All assets must be loaded in the main thread.
[LoadTracer] FloatMenuMakerMap.Init begin
[LoadTracer] FloatMenuMakerMap.Init done
[LoadTracer] BakeStaticAtlases begin
[LoadTracer] BakeStaticAtlases done
Unloading 5 Unused Serialized files (Serialized files now loaded: 48)
MVCF successfully applied 65 patches
[Fortified] 涂装着色器加载成功 Fortified/StandardPaintable
[makeitso.configurabletechprints] Patches on methods annotated as Obsolete were detected by HugsLib: RimWorld.TechprintUtility.TryGetTechprintDefToGenerate
[BetterTrees] Applying tree size, texture, and shadow overrides...
[BetterTrees] Caching original graphics, sizes, and altitudes for the first time...
[BetterTrees] Finished applying tree overrides.
[BetterTrees] Pre-caching all transparent tree graphics...
[BetterTrees] Cached 378 transparent graphics.
<color=#FFEB04FF>Biome Compatibility Project: Patching notes</color>
 
****************__________ Starting to patch mod added diseases to mod added biomes... __________****************
 
****************__________ Starting to patch mod added weathers to mod added biomes... __________****************
Added RSW_SW_Sandstorm to Savanna with commonality 4
Added RSW_SW_DrySandstorm to Savanna with commonality 3
Added RSW_SW_Sandstorm to Wasteland with commonality 8
Added RSW_SW_DrySandstorm to Wasteland with commonality 6
Added RSW_SW_Sandstorm to AB_GallatrossGraveyard with commonality 5
Added RSW_SW_Sandstorm to AB_RockyCrags with commonality 8
Added RSW_SW_DrySandstorm to AB_RockyCrags with commonality 6
Added RSW_SW_Sandstorm to AB_MechanoidIntrusion with commonality 12
Added RSW_SW_DrySandstorm to AB_MechanoidIntrusion with commonality 10
Added RSW_SW_Sandstorm to AB_TarPits with commonality 4
Added RSW_SW_DrySandstorm to AB_TarPits with commonality 3
Added RSW_SW_DrySandstorm to ZBiome_DesertOasis with commonality 6
 
****************__________ Starting to patch mod added caravan incidents to mod added biomes... __________****************
Added CACaravanDamselInDistress to Savanna with mtbDays 15
Added CACaravanDamselInDistress to Wasteland with mtbDays 30
Added CACaravanDamselInDistress to Wetland with mtbDays 25
Added CACaravanDamselInDistress to AB_GallatrossGraveyard with mtbDays 20
Added CACaravanDamselInDistress to AB_IdyllicMeadows with mtbDays 20
Added CACaravanDamselInDistress to AB_OcularForest with mtbDays 20
Added CACaravanDamselInDistress to AB_RockyCrags with mtbDays 30
Added CACaravanDamselInDistress to AB_MiasmicMangrove with mtbDays 30
Added CACaravanDamselInDistress to AB_PropaneLakes with mtbDays 50
Added CACaravanDamselInDistress to AB_MycoticJungle with mtbDays 25
Added CACaravanDamselInDistress to AB_MechanoidIntrusion with mtbDays 35
Added CACaravanDamselInDistress to AB_GelatinousSuperorganism with mtbDays 25
Added CACaravanDamselInDistress to AB_TarPits with mtbDays 25
Added CACaravanDamselInDistress to AB_FeraliskInfestedJungle with mtbDays 25
Added CACaravanDamselInDistress to ZBiome_AlpineMeadow with mtbDays 20
Added CACaravanDamselInDistress to ZBiome_CloudForest with mtbDays 23.33333
Added CACaravanDamselInDistress to ZBiome_CoastalDunes with mtbDays 20
Added CACaravanDamselInDistress to ZBiome_Iceberg_NoBeach with mtbDays 60
Added CACaravanDamselInDistress to ZBiome_Marsh with mtbDays 32.5
Added CACaravanDamselInDistress to ZBiome_Sandbar_NoBeach with mtbDays 20
Added CACaravanDamselInDistress to ZBiome_Badlands with mtbDays 25
Added CACaravanDamselInDistress to ZBiome_DesertOasis with mtbDays 30
 
****************__________ Starting to patch VANILLA added caravan incidents to mod added biomes... __________****************
Added Ambush to Wasteland with mtbDays 30
Added ManhunterAmbush to Wasteland with mtbDays 30
Added CaravanMeeting to Wasteland with mtbDays 15
Added CaravanDemand to Wasteland with mtbDays 30
Added Ambush to AB_GallatrossGraveyard with mtbDays 20
Added ManhunterAmbush to AB_GallatrossGraveyard with mtbDays 20
Added CaravanMeeting to AB_GallatrossGraveyard with mtbDays 10
Added CaravanDemand to AB_GallatrossGraveyard with mtbDays 20
Added Ambush to AB_IdyllicMeadows with mtbDays 20
Added ManhunterAmbush to AB_IdyllicMeadows with mtbDays 20
Added CaravanMeeting to AB_IdyllicMeadows with mtbDays 10
Added CaravanDemand to AB_IdyllicMeadows with mtbDays 20
Added Ambush to AB_OcularForest with mtbDays 20
Added ManhunterAmbush to AB_OcularForest with mtbDays 20
Added CaravanMeeting to AB_OcularForest with mtbDays 10
Added CaravanDemand to AB_OcularForest with mtbDays 20
Added Ambush to AB_RockyCrags with mtbDays 30
Added ManhunterAmbush to AB_RockyCrags with mtbDays 30
Added CaravanMeeting to AB_RockyCrags with mtbDays 15
Added CaravanDemand to AB_RockyCrags with mtbDays 30
Added Ambush to AB_MiasmicMangrove with mtbDays 30
Added ManhunterAmbush to AB_MiasmicMangrove with mtbDays 30
Added CaravanMeeting to AB_MiasmicMangrove with mtbDays 15
Added CaravanDemand to AB_MiasmicMangrove with mtbDays 30
Added Ambush to AB_PropaneLakes with mtbDays 50
Added ManhunterAmbush to AB_PropaneLakes with mtbDays 50
Added CaravanMeeting to AB_PropaneLakes with mtbDays 57.5
Added CaravanDemand to AB_PropaneLakes with mtbDays 50
Added Ambush to AB_MycoticJungle with mtbDays 25
Added ManhunterAmbush to AB_MycoticJungle with mtbDays 25
Added CaravanMeeting to AB_MycoticJungle with mtbDays 12.5
Added CaravanDemand to AB_MycoticJungle with mtbDays 25
Added Ambush to AB_MechanoidIntrusion with mtbDays 35
Added ManhunterAmbush to AB_MechanoidIntrusion with mtbDays 35
Added CaravanMeeting to AB_MechanoidIntrusion with mtbDays 25
Added CaravanDemand to AB_MechanoidIntrusion with mtbDays 35
Added Ambush to AB_GelatinousSuperorganism with mtbDays 25
Added ManhunterAmbush to AB_GelatinousSuperorganism with mtbDays 25
Added CaravanMeeting to AB_GelatinousSuperorganism with mtbDays 12.5
Added CaravanDemand to AB_GelatinousSuperorganism with mtbDays 25
Added Ambush to AB_TarPits with mtbDays 25
Added ManhunterAmbush to AB_TarPits with mtbDays 25
Added CaravanMeeting to AB_TarPits with mtbDays 12.5
Added CaravanDemand to AB_TarPits with mtbDays 25
Added Ambush to AB_FeraliskInfestedJungle with mtbDays 25
Added ManhunterAmbush to AB_FeraliskInfestedJungle with mtbDays 25
Added CaravanMeeting to AB_FeraliskInfestedJungle with mtbDays 12.5
Added CaravanDemand to AB_FeraliskInfestedJungle with mtbDays 25
Added Ambush to ZBiome_AlpineMeadow with mtbDays 20
Added ManhunterAmbush to ZBiome_AlpineMeadow with mtbDays 20
Added CaravanMeeting to ZBiome_AlpineMeadow with mtbDays 10
Added CaravanDemand to ZBiome_AlpineMeadow with mtbDays 20
Added Ambush to ZBiome_CloudForest with mtbDays 23.33333
Added ManhunterAmbush to ZBiome_CloudForest with mtbDays 23.33333
Added CaravanMeeting to ZBiome_CloudForest with mtbDays 11.66667
Added CaravanDemand to ZBiome_CloudForest with mtbDays 23.33333
Added Ambush to ZBiome_CoastalDunes with mtbDays 20
Added ManhunterAmbush to ZBiome_CoastalDunes with mtbDays 20
Added CaravanMeeting to ZBiome_CoastalDunes with mtbDays 10
Added CaravanDemand to ZBiome_CoastalDunes with mtbDays 20
Added Ambush to ZBiome_Iceberg_NoBeach with mtbDays 60
Added ManhunterAmbush to ZBiome_Iceberg_NoBeach with mtbDays 60
Added CaravanMeeting to ZBiome_Iceberg_NoBeach with mtbDays 80
Added CaravanDemand to ZBiome_Iceberg_NoBeach with mtbDays 60
Added Ambush to ZBiome_Marsh with mtbDays 32.5
Added ManhunterAmbush to ZBiome_Marsh with mtbDays 32.5
Added CaravanMeeting to ZBiome_Marsh with mtbDays 20
Added CaravanDemand to ZBiome_Marsh with mtbDays 32.5
Added Ambush to ZBiome_Sandbar_NoBeach with mtbDays 20
Added ManhunterAmbush to ZBiome_Sandbar_NoBeach with mtbDays 20
Added CaravanMeeting to ZBiome_Sandbar_NoBeach with mtbDays 10
Added CaravanDemand to ZBiome_Sandbar_NoBeach with mtbDays 20
Added Ambush to ZBiome_Badlands with mtbDays 25
Added ManhunterAmbush to ZBiome_Badlands with mtbDays 25
Added CaravanMeeting to ZBiome_Badlands with mtbDays 12.5
Added CaravanDemand to ZBiome_Badlands with mtbDays 25
Added Ambush to ZBiome_DesertOasis with mtbDays 30
Added ManhunterAmbush to ZBiome_DesertOasis with mtbDays 30
Added CaravanMeeting to ZBiome_DesertOasis with mtbDays 15
Added CaravanDemand to ZBiome_DesertOasis with mtbDays 30
 
****************__________ Starting to patch mod added plants to mod added biomes... __________****************
Added AB_DessertTree to Savanna with commonality 0.03
Added AB_Aaklac to Savanna with commonality 0.06
Added AB_HardyGrass to Savanna with commonality 0.3
Added Plant_Chakroot_Wild to Savanna with commonality 0.15
Added Plant_HubbaGourd_Wild to Savanna with commonality 0.1
Added VCE_Plant_AloeVera to Savanna with commonality 0.005
Added VCE_Plant_BunnyEarsCactus to Savanna with commonality 0.005
Added VCE_Plant_Echeveria to Savanna with commonality 0.005
Added VCE_Plant_FairyWashboard to Savanna with commonality 0.005
Added VCE_Plant_JadePlant to Savanna with commonality 0.005
Added VCE_Plant_PeyotePlant to Savanna with commonality 0.005
Added VCE_Plant_PincushionPlant to Savanna with commonality 0.005
Added VCE_Plant_SnakePlant to Savanna with commonality 0.005
Added AB_DessertTree to Wasteland with commonality 0.06
Added AB_Aaklac to Wasteland with commonality 0.12
Added AB_HardyGrass to Wasteland with commonality 0.6
Added Plant_Chakroot_Wild to Wasteland with commonality 0.3
Added Plant_HubbaGourd_Wild to Wasteland with commonality 0.2
Added VCE_Plant_AloeVera to Wasteland with commonality 0.01
Added VCE_Plant_BunnyEarsCactus to Wasteland with commonality 0.01
Added VCE_Plant_Echeveria to Wasteland with commonality 0.01
Added VCE_Plant_FairyWashboard to Wasteland with commonality 0.01
Added VCE_Plant_JadePlant to Wasteland with commonality 0.01
Added VCE_Plant_PeyotePlant to Wasteland with commonality 0.01
Added VCE_Plant_PincushionPlant to Wasteland with commonality 0.01
Added VCE_Plant_SnakePlant to Wasteland with commonality 0.01
Added Plant_Grass to Wetland with commonality 5
Added RG_Plant_SwampPod to Wetland with commonality 0.025
Added RG_Plant_Raspberry to Wetland with commonality 0.025
Added RG_Plant_TemperateIvy to Wetland with commonality 4
Added RG_Plant_TemperateFern to Wetland with commonality 0.5
Added RG_Plant_BlueDandelion to Wetland with commonality 0.25
Added RG_Plant_RedDandelion to Wetland with commonality 0.25
Added RG_Cibarius to Wetland with commonality 0.0425
Added RG_Plant_TreeCornish to Wetland with commonality 0.4
Added BMT_Plant_Doomsprout to Wetland with commonality 0.05
Added BMT_Plant_EclipsusFlower to Wetland with commonality 0.3
Added BMT_Plant_EclipsusLeaves to Wetland with commonality 0.4
Added BMT_Plant_WildRashroot to Wetland with commonality 0.5
Added BMT_Plant_SewerReed to Wetland with commonality 0.5
Added BMT_Plant_Snaketails to Wetland with commonality 0.5
Added BMT_Plant_Toxcaps to Wetland with commonality 1.5
Added BMT_Plant_TreeBlotBirch to Wetland with commonality 0.25
Added BMT_Plant_TreeClawhandCitron to Wetland with commonality 0.05
Added BMT_Plant_TreeSnakeWillow to Wetland with commonality 0.5
Added BMT_Plant_TreeWormoak to Wetland with commonality 0.75
Added BMT_Plant_TwistedDandelion to Wetland with commonality 0.25
Added Plant_Nysyllin_Wild to AB_GallatrossGraveyard with commonality 0.22
Added RG_Plant_AridGrass to AB_GallatrossGraveyard with commonality 0.5
Added Plant_Brambles to AB_GallatrossGraveyard with commonality 0.3
Added RG_Plant_CreepStern to AB_GallatrossGraveyard with commonality 0.2
Added RG_Plant_Dervish to AB_GallatrossGraveyard with commonality 0.2
Added RG_Plant_CrimsonCushion to AB_GallatrossGraveyard with commonality 0.2
Added RG_Plant_Raspberry to AB_IdyllicMeadows with commonality 0.05
Added RG_Plant_TemperateIvy to AB_IdyllicMeadows with commonality 3
Added RG_Plant_TemperateFern to AB_IdyllicMeadows with commonality 0.6
Added RG_Plant_BlueDandelion to AB_IdyllicMeadows with commonality 0.5
Added RG_Plant_RedDandelion to AB_IdyllicMeadows with commonality 0.5
Added RG_Cibarius to AB_IdyllicMeadows with commonality 0.05
Added RG_Plant_TreeCornish to AB_IdyllicMeadows with commonality 0.6
Added BMT_Plant_EclipsusFlower to AB_IdyllicMeadows with commonality 0.3
Added BMT_Plant_EclipsusLeaves to AB_IdyllicMeadows with commonality 0.4
Added BMT_Plant_WildRashroot to AB_IdyllicMeadows with commonality 0.5
Added BMT_Plant_SewerReed to AB_IdyllicMeadows with commonality 0.4
Added BMT_Plant_Snaketails to AB_IdyllicMeadows with commonality 0.4
Added BMT_Plant_TreeBlotBirch to AB_IdyllicMeadows with commonality 0.5
Added BMT_Plant_TreeClawhandCitron to AB_IdyllicMeadows with commonality 0.05
Added BMT_Plant_TreeWormoak to AB_IdyllicMeadows with commonality 0.5
Added BMT_Plant_TwistedDandelion to AB_IdyllicMeadows with commonality 0.5
Added Plant_Grass to AB_OcularForest with commonality 10
Added Plant_TallGrass to AB_OcularForest with commonality 3
Added Plant_Brambles to AB_OcularForest with commonality 1
Added RG_Plant_Raspberry to AB_OcularForest with commonality 0.05
Added RG_Plant_TemperateIvy to AB_OcularForest with commonality 3
Added RG_Plant_TemperateFern to AB_OcularForest with commonality 0.6
Added RG_Plant_BlueDandelion to AB_OcularForest with commonality 0.5
Added RG_Plant_RedDandelion to AB_OcularForest with commonality 0.5
Added RG_Cibarius to AB_OcularForest with commonality 0.05
Added RG_Plant_TreeCornish to AB_OcularForest with commonality 0.6
Added BMT_Plant_EclipsusFlower to AB_OcularForest with commonality 0.3
Added BMT_Plant_EclipsusLeaves to AB_OcularForest with commonality 0.4
Added BMT_Plant_WildRashroot to AB_OcularForest with commonality 0.5
Added BMT_Plant_SewerReed to AB_OcularForest with commonality 0.4
Added BMT_Plant_Snaketails to AB_OcularForest with commonality 0.4
Added BMT_Plant_TreeBlotBirch to AB_OcularForest with commonality 0.5
Added BMT_Plant_TreeClawhandCitron to AB_OcularForest with commonality 0.05
Added BMT_Plant_TreeWormoak to AB_OcularForest with commonality 0.5
Added BMT_Plant_TwistedDandelion to AB_OcularForest with commonality 0.5
Added Plant_Chakroot_Wild to AB_RockyCrags with commonality 0.3
Added Plant_HubbaGourd_Wild to AB_RockyCrags with commonality 0.2
Added VCE_Plant_AloeVera to AB_RockyCrags with commonality 0.01
Added VCE_Plant_BunnyEarsCactus to AB_RockyCrags with commonality 0.01
Added VCE_Plant_Echeveria to AB_RockyCrags with commonality 0.01
Added VCE_Plant_FairyWashboard to AB_RockyCrags with commonality 0.01
Added VCE_Plant_JadePlant to AB_RockyCrags with commonality 0.01
Added VCE_Plant_PeyotePlant to AB_RockyCrags with commonality 0.01
Added VCE_Plant_PincushionPlant to AB_RockyCrags with commonality 0.01
Added VCE_Plant_SnakePlant to AB_RockyCrags with commonality 0.01
Added Plant_Grass to AB_MiasmicMangrove with commonality 6
Added Plant_TallGrass to AB_MiasmicMangrove with commonality 2.5
Added RG_Plant_SwampPod to AB_MiasmicMangrove with commonality 0.05
Added RG_Plant_TropicalIvy to AB_MiasmicMangrove with commonality 1.5
Added RG_Plant_TropicalFern to AB_MiasmicMangrove with commonality 0.8
Added RG_Plant_TropicalChokevine to AB_MiasmicMangrove with commonality 1.5
Added RG_Plant_Tidalis to AB_MiasmicMangrove with commonality 0.8
Added RG_Plant_Oxalis to AB_MiasmicMangrove with commonality 0.4
Added RG_Plant_Plumeria to AB_MiasmicMangrove with commonality 0.4
Added RG_NeoAmanita to AB_MiasmicMangrove with commonality 0.025
Added RG_Plant_TreeDwarfPalm to AB_MiasmicMangrove with commonality 0.5
Added RG_Plant_TallPalmTree to AB_MiasmicMangrove with commonality 0.05
Added BMT_Plant_BloomingCorpse to AB_MiasmicMangrove with commonality 0.025
Added BMT_Plant_Doomsprout to AB_MiasmicMangrove with commonality 0.2
Added BMT_Plant_EclipsusFlower to AB_MiasmicMangrove with commonality 0.3
Added BMT_Plant_EclipsusLeaves to AB_MiasmicMangrove with commonality 0.4
Added BMT_Plant_PigsEars to AB_MiasmicMangrove with commonality 3
Added BMT_Plant_Toxcaps to AB_MiasmicMangrove with commonality 4
Added BMT_Plant_ToxicIvy to AB_MiasmicMangrove with commonality 3
Added BMT_Plant_TreeClawhandCitron to AB_MiasmicMangrove with commonality 0.05
Added BMT_Plant_TreeSeepingEucalyptus to AB_MiasmicMangrove with commonality 1.5
Added BMT_Plant_TumorbulbHyacinth to AB_MiasmicMangrove with commonality 0.7
Added VCE_Plant_AloeVera to AB_MiasmicMangrove with commonality 0.01
Added VCE_Plant_Echeveria to AB_MiasmicMangrove with commonality 0.01
Added VCE_Plant_JadePlant to AB_MiasmicMangrove with commonality 0.01
Added VCE_Plant_SnakePlant to AB_MiasmicMangrove with commonality 0.01
Added Plant_Grass to AB_MycoticJungle with commonality 5
Added Plant_TallGrass to AB_MycoticJungle with commonality 3.1
Added Plant_Brambles to AB_MycoticJungle with commonality 0.5
Added RG_Plant_SwampPod to AB_MycoticJungle with commonality 0.025
Added RG_Plant_Raspberry to AB_MycoticJungle with commonality 0.025
Added RG_Plant_TemperateIvy to AB_MycoticJungle with commonality 4
Added RG_Plant_TemperateFern to AB_MycoticJungle with commonality 0.5
Added RG_Plant_BlueDandelion to AB_MycoticJungle with commonality 0.25
Added RG_Plant_RedDandelion to AB_MycoticJungle with commonality 0.25
Added RG_Cibarius to AB_MycoticJungle with commonality 0.0425
Added RG_Plant_TreeCornish to AB_MycoticJungle with commonality 0.4
Added BMT_Plant_Doomsprout to AB_MycoticJungle with commonality 0.05
Added BMT_Plant_EclipsusFlower to AB_MycoticJungle with commonality 0.3
Added BMT_Plant_EclipsusLeaves to AB_MycoticJungle with commonality 0.4
Added BMT_Plant_WildRashroot to AB_MycoticJungle with commonality 0.5
Added BMT_Plant_SewerReed to AB_MycoticJungle with commonality 0.5
Added BMT_Plant_Snaketails to AB_MycoticJungle with commonality 0.5
Added BMT_Plant_Toxcaps to AB_MycoticJungle with commonality 1.5
Added BMT_Plant_TreeBlotBirch to AB_MycoticJungle with commonality 0.25
Added BMT_Plant_TreeClawhandCitron to AB_MycoticJungle with commonality 0.05
Added BMT_Plant_TreeSnakeWillow to AB_MycoticJungle with commonality 0.5
Added BMT_Plant_TreeWormoak to AB_MycoticJungle with commonality 0.75
Added BMT_Plant_TwistedDandelion to AB_MycoticJungle with commonality 0.25
Added Plant_Bloddle to AB_MechanoidIntrusion with commonality 0.05
Added VCE_Plant_AloeVera to AB_MechanoidIntrusion with commonality 0.01
Added VCE_Plant_BunnyEarsCactus to AB_MechanoidIntrusion with commonality 0.01
Added VCE_Plant_Echeveria to AB_MechanoidIntrusion with commonality 0.01
Added VCE_Plant_FairyWashboard to AB_MechanoidIntrusion with commonality 0.01
Added VCE_Plant_JadePlant to AB_MechanoidIntrusion with commonality 0.01
Added VCE_Plant_PeyotePlant to AB_MechanoidIntrusion with commonality 0.01
Added VCE_Plant_PincushionPlant to AB_MechanoidIntrusion with commonality 0.01
Added VCE_Plant_SnakePlant to AB_MechanoidIntrusion with commonality 0.01
Added Plant_Grass to AB_GelatinousSuperorganism with commonality 5
Added Plant_TallGrass to AB_GelatinousSuperorganism with commonality 3.1
Added Plant_Brambles to AB_GelatinousSuperorganism with commonality 0.5
Added RG_Plant_SwampPod to AB_GelatinousSuperorganism with commonality 0.025
Added RG_Plant_Raspberry to AB_GelatinousSuperorganism with commonality 0.025
Added RG_Plant_TemperateIvy to AB_GelatinousSuperorganism with commonality 4
Added RG_Plant_TemperateFern to AB_GelatinousSuperorganism with commonality 0.5
Added RG_Plant_BlueDandelion to AB_GelatinousSuperorganism with commonality 0.25
Added RG_Plant_RedDandelion to AB_GelatinousSuperorganism with commonality 0.25
Added RG_Cibarius to AB_GelatinousSuperorganism with commonality 0.0425
Added RG_Plant_TreeCornish to AB_GelatinousSuperorganism with commonality 0.4
Added BMT_Plant_Doomsprout to AB_GelatinousSuperorganism with commonality 0.05
Added BMT_Plant_EclipsusFlower to AB_GelatinousSuperorganism with commonality 0.3
Added BMT_Plant_EclipsusLeaves to AB_GelatinousSuperorganism with commonality 0.4
Added BMT_Plant_WildRashroot to AB_GelatinousSuperorganism with commonality 0.5
Added BMT_Plant_SewerReed to AB_GelatinousSuperorganism with commonality 0.5
Added BMT_Plant_Snaketails to AB_GelatinousSuperorganism with commonality 0.5
Added BMT_Plant_Toxcaps to AB_GelatinousSuperorganism with commonality 1.5
Added BMT_Plant_TreeBlotBirch to AB_GelatinousSuperorganism with commonality 0.25
Added BMT_Plant_TreeClawhandCitron to AB_GelatinousSuperorganism with commonality 0.05
Added BMT_Plant_TreeSnakeWillow to AB_GelatinousSuperorganism with commonality 0.5
Added BMT_Plant_TreeWormoak to AB_GelatinousSuperorganism with commonality 0.75
Added BMT_Plant_TwistedDandelion to AB_GelatinousSuperorganism with commonality 0.25
Added Plant_Chakroot_Wild to AB_TarPits with commonality 0.15
Added Plant_HubbaGourd_Wild to AB_TarPits with commonality 0.1
Added Plant_Grass to AB_TarPits with commonality 5
Added Plant_TallGrass to AB_TarPits with commonality 1.5
Added Plant_Brambles to AB_TarPits with commonality 0.5
Added RG_Plant_Raspberry to AB_TarPits with commonality 0.025
Added RG_Plant_TemperateIvy to AB_TarPits with commonality 1.5
Added RG_Plant_TemperateFern to AB_TarPits with commonality 0.3
Added RG_Plant_BlueDandelion to AB_TarPits with commonality 0.25
Added RG_Plant_RedDandelion to AB_TarPits with commonality 0.25
Added RG_Cibarius to AB_TarPits with commonality 0.025
Added RG_Plant_TreeCornish to AB_TarPits with commonality 0.3
Added BMT_Plant_EclipsusFlower to AB_TarPits with commonality 0.15
Added BMT_Plant_EclipsusLeaves to AB_TarPits with commonality 0.2
Added BMT_Plant_WildRashroot to AB_TarPits with commonality 0.25
Added BMT_Plant_SewerReed to AB_TarPits with commonality 0.2
Added BMT_Plant_Snaketails to AB_TarPits with commonality 0.2
Added BMT_Plant_TreeBlotBirch to AB_TarPits with commonality 0.25
Added BMT_Plant_TreeClawhandCitron to AB_TarPits with commonality 0.025
Added BMT_Plant_TreeWormoak to AB_TarPits with commonality 0.25
Added BMT_Plant_TwistedDandelion to AB_TarPits with commonality 0.25
Added VCE_Plant_AloeVera to AB_TarPits with commonality 0.005
Added VCE_Plant_BunnyEarsCactus to AB_TarPits with commonality 0.005
Added VCE_Plant_Echeveria to AB_TarPits with commonality 0.005
Added VCE_Plant_FairyWashboard to AB_TarPits with commonality 0.005
Added VCE_Plant_JadePlant to AB_TarPits with commonality 0.005
Added VCE_Plant_PeyotePlant to AB_TarPits with commonality 0.005
Added VCE_Plant_PincushionPlant to AB_TarPits with commonality 0.005
Added VCE_Plant_SnakePlant to AB_TarPits with commonality 0.005
Added Plant_Grass to AB_FeraliskInfestedJungle with commonality 8
Added Plant_TallGrass to AB_FeraliskInfestedJungle with commonality 4.25
Added RG_Plant_SwampPod to AB_FeraliskInfestedJungle with commonality 0.025
Added RG_Plant_TropicalIvy to AB_FeraliskInfestedJungle with commonality 1.5
Added RG_Plant_TropicalFern to AB_FeraliskInfestedJungle with commonality 0.8
Added RG_Plant_Tidalis to AB_FeraliskInfestedJungle with commonality 0.8
Added RG_Plant_Oxalis to AB_FeraliskInfestedJungle with commonality 0.4
Added RG_Plant_Plumeria to AB_FeraliskInfestedJungle with commonality 0.4
Added RG_NeoAmanita to AB_FeraliskInfestedJungle with commonality 0.025
Added RG_Plant_TreeDwarfPalm to AB_FeraliskInfestedJungle with commonality 0.5
Added RG_Plant_TallPalmTree to AB_FeraliskInfestedJungle with commonality 0.05
Added BMT_Plant_BloomingCorpse to AB_FeraliskInfestedJungle with commonality 0.025
Added BMT_Plant_Doomsprout to AB_FeraliskInfestedJungle with commonality 0.1
Added BMT_Plant_EclipsusFlower to AB_FeraliskInfestedJungle with commonality 0.3
Added BMT_Plant_EclipsusLeaves to AB_FeraliskInfestedJungle with commonality 0.4
Added BMT_Plant_Mantrap to AB_FeraliskInfestedJungle with commonality 0.05
Added BMT_Plant_PigsEars to AB_FeraliskInfestedJungle with commonality 2.5
Added BMT_Plant_SewerReed to AB_FeraliskInfestedJungle with commonality 0.2
Added BMT_Plant_Toxcaps to AB_FeraliskInfestedJungle with commonality 2
Added BMT_Plant_ToxicIvy to AB_FeraliskInfestedJungle with commonality 2.5
Added BMT_Plant_TreeClawhandCitron to AB_FeraliskInfestedJungle with commonality 0.05
Added BMT_Plant_TreeSeepingEucalyptus to AB_FeraliskInfestedJungle with commonality 1
Added BMT_Plant_TreeTanglerootMangrove to AB_FeraliskInfestedJungle with commonality 0.75
Added BMT_Plant_TreeWhistlingCane to AB_FeraliskInfestedJungle with commonality 0.25
Added BMT_Plant_TumorbulbHyacinth to AB_FeraliskInfestedJungle with commonality 0.4
Added VCE_Plant_AloeVera to AB_FeraliskInfestedJungle with commonality 0.01
Added VCE_Plant_Echeveria to AB_FeraliskInfestedJungle with commonality 0.01
Added VCE_Plant_JadePlant to AB_FeraliskInfestedJungle with commonality 0.01
Added VCE_Plant_SnakePlant to AB_FeraliskInfestedJungle with commonality 0.01
Added RG_Plant_Raspberry to ZBiome_AlpineMeadow with commonality 0.055
Added RG_Plant_TemperateIvy to ZBiome_AlpineMeadow with commonality 1.5
Added RG_Plant_TemperateFern to ZBiome_AlpineMeadow with commonality 0.3
Added RG_Cibarius to ZBiome_AlpineMeadow with commonality 0.025
Added RG_Plant_TreeCornish to ZBiome_AlpineMeadow with commonality 0.3
Added BMT_Plant_CryingWolfberryBush to ZBiome_AlpineMeadow with commonality 0.5
Added BMT_Plant_EclipsusFlower to ZBiome_AlpineMeadow with commonality 0.15
Added BMT_Plant_EclipsusLeaves to ZBiome_AlpineMeadow with commonality 0.2
Added BMT_Plant_GreyFern to ZBiome_AlpineMeadow with commonality 1
Added BMT_Plant_GutterPlantain to ZBiome_AlpineMeadow with commonality 0.25
Added BMT_Plant_PaganThorns to ZBiome_AlpineMeadow with commonality 1.5
Added BMT_Plant_WildRashroot to ZBiome_AlpineMeadow with commonality 0.75
Added BMT_Plant_SewerReed to ZBiome_AlpineMeadow with commonality 0.3
Added BMT_Plant_Snaketails to ZBiome_AlpineMeadow with commonality 0.5
Added BMT_Plant_TreeBarbedLarch to ZBiome_AlpineMeadow with commonality 2
Added BMT_Plant_TreeBlotBirch to ZBiome_AlpineMeadow with commonality 2.25
Added BMT_Plant_TreeClawhandCitron to ZBiome_AlpineMeadow with commonality 0.025
Added BMT_Plant_TreeWormoak to ZBiome_AlpineMeadow with commonality 0.25
Added BMT_Plant_TwistedDandelion to ZBiome_AlpineMeadow with commonality 0.25
Added Plant_TallGrass to ZBiome_CloudForest with commonality 3.833333
Added RG_Plant_Tidalis to ZBiome_CloudForest with commonality 0.5333334
Added RG_Plant_Oxalis to ZBiome_CloudForest with commonality 0.2666667
Added RG_Plant_Plumeria to ZBiome_CloudForest with commonality 0.2666667
Added RG_NeoAmanita to ZBiome_CloudForest with commonality 0.01666667
Added RG_Plant_TreeDwarfPalm to ZBiome_CloudForest with commonality 0.3333333
Added RG_Plant_TallPalmTree to ZBiome_CloudForest with commonality 0.03333334
Added BMT_Plant_BloomingCorpse to ZBiome_CloudForest with commonality 0.01666667
Added BMT_Plant_EclipsusFlower to ZBiome_CloudForest with commonality 0.3
Added BMT_Plant_EclipsusLeaves to ZBiome_CloudForest with commonality 0.4
Added BMT_Plant_PigsEars to ZBiome_CloudForest with commonality 1.666667
Added BMT_Plant_SewerReed to ZBiome_CloudForest with commonality 0.2666667
Added BMT_Plant_ToxicIvy to ZBiome_CloudForest with commonality 1.666667
Added BMT_Plant_TreeClawhandCitron to ZBiome_CloudForest with commonality 0.05
Added BMT_Plant_TreeSeepingEucalyptus to ZBiome_CloudForest with commonality 0.6666667
Added BMT_Plant_TumorbulbHyacinth to ZBiome_CloudForest with commonality 0.2666667
Added VCE_Plant_AloeVera to ZBiome_CloudForest with commonality 0.006666666
Added VCE_Plant_Echeveria to ZBiome_CloudForest with commonality 0.006666666
Added VCE_Plant_JadePlant to ZBiome_CloudForest with commonality 0.006666666
Added VCE_Plant_SnakePlant to ZBiome_CloudForest with commonality 0.006666666
Added RG_Plant_Raspberry to ZBiome_CoastalDunes with commonality 0.025
Added RG_Plant_TemperateIvy to ZBiome_CoastalDunes with commonality 1.5
Added RG_Plant_TemperateFern to ZBiome_CoastalDunes with commonality 0.3
Added RG_Plant_BlueDandelion to ZBiome_CoastalDunes with commonality 0.25
Added RG_Plant_RedDandelion to ZBiome_CoastalDunes with commonality 0.25
Added RG_Cibarius to ZBiome_CoastalDunes with commonality 0.025
Added RG_Plant_TreeCornish to ZBiome_CoastalDunes with commonality 0.3
Added RG_Plant_TropicalChokevine to ZBiome_CoastalDunes with commonality 0.75
Added RG_Plant_Tidalis to ZBiome_CoastalDunes with commonality 0.4
Added RG_Plant_Oxalis to ZBiome_CoastalDunes with commonality 0.2
Added RG_Plant_Plumeria to ZBiome_CoastalDunes with commonality 0.2
Added RG_NeoAmanita to ZBiome_CoastalDunes with commonality 0.0125
Added BMT_Plant_BloomingCorpse to ZBiome_CoastalDunes with commonality 0.0125
Added BMT_Plant_EclipsusFlower to ZBiome_CoastalDunes with commonality 0.3
Added BMT_Plant_EclipsusLeaves to ZBiome_CoastalDunes with commonality 0.4
Added BMT_Plant_Mantrap to ZBiome_CoastalDunes with commonality 0.05
Added BMT_Plant_PigsEars to ZBiome_CoastalDunes with commonality 1
Added BMT_Plant_WildRashroot to ZBiome_CoastalDunes with commonality 0.25
Added BMT_Plant_SewerReed to ZBiome_CoastalDunes with commonality 0.3
Added BMT_Plant_Snaketails to ZBiome_CoastalDunes with commonality 0.2
Added BMT_Plant_ToxicIvy to ZBiome_CoastalDunes with commonality 1
Added BMT_Plant_TreeBlotBirch to ZBiome_CoastalDunes with commonality 0.25
Added BMT_Plant_TreeClawhandCitron to ZBiome_CoastalDunes with commonality 0.05
Added BMT_Plant_TreeSeepingEucalyptus to ZBiome_CoastalDunes with commonality 0.25
Added BMT_Plant_TreeWhistlingCane to ZBiome_CoastalDunes with commonality 0.25
Added BMT_Plant_TreeWormoak to ZBiome_CoastalDunes with commonality 0.25
Added BMT_Plant_TumorbulbHyacinth to ZBiome_CoastalDunes with commonality 0.05
Added BMT_Plant_TwistedDandelion to ZBiome_CoastalDunes with commonality 0.25
Added VCE_Plant_AloeVera to ZBiome_CoastalDunes with commonality 0.005
Added VCE_Plant_Echeveria to ZBiome_CoastalDunes with commonality 0.005
Added VCE_Plant_JadePlant to ZBiome_CoastalDunes with commonality 0.005
Added VCE_Plant_SnakePlant to ZBiome_CoastalDunes with commonality 0.005
Added Plant_Grass to ZBiome_Marsh with commonality 7.5
Added RG_Plant_Raspberry to ZBiome_Marsh with commonality 0.01
Added RG_Plant_TemperateIvy to ZBiome_Marsh with commonality 2.5
Added RG_Plant_TemperateFern to ZBiome_Marsh with commonality 0.2
Added RG_Cibarius to ZBiome_Marsh with commonality 0.0175
Added RG_Plant_TreeCornish to ZBiome_Marsh with commonality 0.1
Added BMT_Plant_CryingWolfberryBush to ZBiome_Marsh with commonality 0.035
Added BMT_Plant_Doomsprout to ZBiome_Marsh with commonality 0.15
Added BMT_Plant_EclipsusFlower to ZBiome_Marsh with commonality 0.15
Added BMT_Plant_EclipsusLeaves to ZBiome_Marsh with commonality 0.2
Added BMT_Plant_GutterPlantain to ZBiome_Marsh with commonality 0.25
Added BMT_Plant_PaganThorns to ZBiome_Marsh with commonality 1.5
Added BMT_Plant_WildRashroot to ZBiome_Marsh with commonality 0.35
Added BMT_Plant_SewerReed to ZBiome_Marsh with commonality 0.4
Added BMT_Plant_Snaketails to ZBiome_Marsh with commonality 0.6
Added BMT_Plant_Toxcaps to ZBiome_Marsh with commonality 1.5
Added BMT_Plant_TreeClawhandCitron to ZBiome_Marsh with commonality 0.025
Added BMT_Plant_TreeScalpedCypress to ZBiome_Marsh with commonality 0.25
Added BMT_Plant_TreeSnakeWillow to ZBiome_Marsh with commonality 0.75
Added BMT_Plant_TreeWormoak to ZBiome_Marsh with commonality 0.5
Added Plant_TallGrass to ZBiome_Sandbar_NoBeach with commonality 4.5
Added Plant_Brambles to ZBiome_Sandbar_NoBeach with commonality 0.5
Added RG_Plant_Raspberry to ZBiome_Sandbar_NoBeach with commonality 0.025
Added RG_Plant_TemperateIvy to ZBiome_Sandbar_NoBeach with commonality 1.5
Added RG_Plant_TemperateFern to ZBiome_Sandbar_NoBeach with commonality 0.3
Added RG_Plant_BlueDandelion to ZBiome_Sandbar_NoBeach with commonality 0.25
Added RG_Plant_RedDandelion to ZBiome_Sandbar_NoBeach with commonality 0.25
Added RG_Cibarius to ZBiome_Sandbar_NoBeach with commonality 0.025
Added RG_Plant_TreeCornish to ZBiome_Sandbar_NoBeach with commonality 0.3
Added RG_Plant_TropicalIvy to ZBiome_Sandbar_NoBeach with commonality 0.75
Added RG_Plant_TropicalFern to ZBiome_Sandbar_NoBeach with commonality 0.4
Added RG_Plant_TropicalChokevine to ZBiome_Sandbar_NoBeach with commonality 0.75
Added RG_Plant_Tidalis to ZBiome_Sandbar_NoBeach with commonality 0.4
Added RG_Plant_Oxalis to ZBiome_Sandbar_NoBeach with commonality 0.2
Added RG_Plant_Plumeria to ZBiome_Sandbar_NoBeach with commonality 0.2
Added RG_NeoAmanita to ZBiome_Sandbar_NoBeach with commonality 0.0125
Added RG_Plant_TreeDwarfPalm to ZBiome_Sandbar_NoBeach with commonality 0.25
Added RG_Plant_TallPalmTree to ZBiome_Sandbar_NoBeach with commonality 0.025
Added BMT_Plant_BloomingCorpse to ZBiome_Sandbar_NoBeach with commonality 0.0125
Added BMT_Plant_EclipsusFlower to ZBiome_Sandbar_NoBeach with commonality 0.3
Added BMT_Plant_EclipsusLeaves to ZBiome_Sandbar_NoBeach with commonality 0.4
Added BMT_Plant_Mantrap to ZBiome_Sandbar_NoBeach with commonality 0.05
Added BMT_Plant_PigsEars to ZBiome_Sandbar_NoBeach with commonality 1
Added BMT_Plant_WildRashroot to ZBiome_Sandbar_NoBeach with commonality 0.25
Added BMT_Plant_SewerReed to ZBiome_Sandbar_NoBeach with commonality 0.3
Added BMT_Plant_Snaketails to ZBiome_Sandbar_NoBeach with commonality 0.2
Added BMT_Plant_ToxicIvy to ZBiome_Sandbar_NoBeach with commonality 1
Added BMT_Plant_TreeBlotBirch to ZBiome_Sandbar_NoBeach with commonality 0.25
Added BMT_Plant_TreeClawhandCitron to ZBiome_Sandbar_NoBeach with commonality 0.05
Added BMT_Plant_TreeSeepingEucalyptus to ZBiome_Sandbar_NoBeach with commonality 0.25
Added BMT_Plant_TreeWhistlingCane to ZBiome_Sandbar_NoBeach with commonality 0.25
Added BMT_Plant_TreeWormoak to ZBiome_Sandbar_NoBeach with commonality 0.25
Added BMT_Plant_TumorbulbHyacinth to ZBiome_Sandbar_NoBeach with commonality 0.05
Added BMT_Plant_TwistedDandelion to ZBiome_Sandbar_NoBeach with commonality 0.25
Added VCE_Plant_AloeVera to ZBiome_Sandbar_NoBeach with commonality 0.005
Added VCE_Plant_Echeveria to ZBiome_Sandbar_NoBeach with commonality 0.005
Added VCE_Plant_JadePlant to ZBiome_Sandbar_NoBeach with commonality 0.005
Added VCE_Plant_SnakePlant to ZBiome_Sandbar_NoBeach with commonality 0.005
Added AB_DessertTree to ZBiome_Badlands with commonality 0.03
Added AB_Aaklac to ZBiome_Badlands with commonality 0.06
Added Plant_Chakroot_Wild to ZBiome_Badlands with commonality 0.15
Added Plant_HubbaGourd_Wild to ZBiome_Badlands with commonality 0.1
Added Plant_Nysyllin_Wild to ZBiome_Badlands with commonality 0.11
Added RG_Plant_AridGrass to ZBiome_Badlands with commonality 0.25
Added Plant_Brambles to ZBiome_Badlands with commonality 0.15
Added RG_Plant_CreepStern to ZBiome_Badlands with commonality 0.1
Added RG_Plant_Dervish to ZBiome_Badlands with commonality 0.1
Added RG_Plant_CrimsonCushion to ZBiome_Badlands with commonality 0.1
Added VCE_Plant_AloeVera to ZBiome_Badlands with commonality 0.01
Added VCE_Plant_BunnyEarsCactus to ZBiome_Badlands with commonality 0.01
Added VCE_Plant_Echeveria to ZBiome_Badlands with commonality 0.01
Added VCE_Plant_FairyWashboard to ZBiome_Badlands with commonality 0.01
Added VCE_Plant_JadePlant to ZBiome_Badlands with commonality 0.01
Added VCE_Plant_PeyotePlant to ZBiome_Badlands with commonality 0.01
Added VCE_Plant_PincushionPlant to ZBiome_Badlands with commonality 0.01
Added VCE_Plant_SnakePlant to ZBiome_Badlands with commonality 0.01
Added AB_DessertTree to ZBiome_DesertOasis with commonality 0.06
Added AB_Aaklac to ZBiome_DesertOasis with commonality 0.12
Added AB_HardyGrass to ZBiome_DesertOasis with commonality 0.6
Added Plant_Chakroot_Wild to ZBiome_DesertOasis with commonality 0.3
Added Plant_HubbaGourd_Wild to ZBiome_DesertOasis with commonality 0.2
Added VCE_Plant_AloeVera to ZBiome_DesertOasis with commonality 0.01
Added VCE_Plant_BunnyEarsCactus to ZBiome_DesertOasis with commonality 0.01
Added VCE_Plant_Echeveria to ZBiome_DesertOasis with commonality 0.01
Added VCE_Plant_FairyWashboard to ZBiome_DesertOasis with commonality 0.01
Added VCE_Plant_JadePlant to ZBiome_DesertOasis with commonality 0.01
Added VCE_Plant_PeyotePlant to ZBiome_DesertOasis with commonality 0.01
Added VCE_Plant_PincushionPlant to ZBiome_DesertOasis with commonality 0.01
Added VCE_Plant_SnakePlant to ZBiome_DesertOasis with commonality 0.01
 
****************__________ Starting to patch mod added creatures to mod added biomes... __________****************
Added Dewback to Savanna with commonality 0.005
Added Rancor to Savanna with commonality 0.04
Added Bantha to Savanna with commonality 0.04
Added Nexu to Savanna with commonality 0.04
Added Acklay to Savanna with commonality 0.02
Added Reek to Savanna with commonality 0.04
Added Gizka to Savanna with commonality 0.04
Added Porg to Savanna with commonality 0.005
Added Vulptex to Savanna with commonality 0.005
Added Akk to Savanna with commonality 0.04
Added Anooba to Savanna with commonality 0.02
Added Boarwolf to Savanna with commonality 0.005
Added Blurrg to Savanna with commonality 0.02
Added Boma to Savanna with commonality 0.02
Added Bordok to Savanna with commonality 0.04
Added Borcatu to Savanna with commonality 0.02
Added Bursa to Savanna with commonality 0.005
Added CanCell to Savanna with commonality 0.005
Added Cannok to Savanna with commonality 0.03
Added Clodhopper to Savanna with commonality 0.03
Added Dactillion to Savanna with commonality 0.01
Added Dalgo to Savanna with commonality 0.04
Added Drexl to Savanna with commonality 0.005
Added Eopie to Savanna with commonality 0.01
Added Falumpaset to Savanna with commonality 0.005
Added Fambaa to Savanna with commonality 0.04
Added FeralGrazer to Savanna with commonality 0.04
Added FeralNerf to Savanna with commonality 0.04
Added Gorg to Savanna with commonality 0.04
Added Grank to Savanna with commonality 0.02
Added GraniteSlug to Savanna with commonality 0.005
Added Gundark to Savanna with commonality 0.01
Added Gutkurr to Savanna with commonality 0.04
Added Hawkbat to Savanna with commonality 0.005
Added Hrumph to Savanna with commonality 0.04
Added Insectomorph to Savanna with commonality 0.04
Added IridonianReek to Savanna with commonality 0.005
Added IthorianReek to Savanna with commonality 0.04
Added Iriaz to Savanna with commonality 0.04
Added Jakobeast to Savanna with commonality 0.04
Added Jamel to Savanna with commonality 0.04
Added Jimvu to Savanna with commonality 0.04
Added Kaadu to Savanna with commonality 0.005
Added Katarn to Savanna with commonality 0.005
Added KowakianMonkeyLizard to Savanna with commonality 0.005
Added Kinrath to Savanna with commonality 0.02
Added Krykna to Savanna with commonality 0.03
Added Kreetle to Savanna with commonality 0.04
Added Kwi to Savanna with commonality 0.04
Added Kybuck to Savanna with commonality 0.04
Added Leaftail to Savanna with commonality 0.03
Added LongtailGorg to Savanna with commonality 0.02
Added Lothcat to Savanna with commonality 0.04
Added LothWolf to Savanna with commonality 0.04
Added Maalraas to Savanna with commonality 0.03
Added Manka to Savanna with commonality 0.04
Added Massiff to Savanna with commonality 0.005
Added MastiffPhalone to Savanna with commonality 0.04
Added Mastmot to Savanna with commonality 0.005
Added Mawvorr to Savanna with commonality 0.01
Added Mott to Savanna with commonality 0.005
Added Mynock to Savanna with commonality 0.04
Added Narglatch to Savanna with commonality 0.03
Added Neebray to Savanna with commonality 0.04
Added Nuna to Savanna with commonality 0.03
Added Orray to Savanna with commonality 0.02
Added PaintedSpat to Savanna with commonality 0.04
Added PekoPeko to Savanna with commonality 0.005
Added Pikobis to Savanna with commonality 0.01
Added Raxshir to Savanna with commonality 0.04
Added Ronto to Savanna with commonality 0.005
Added Rycrit to Savanna with commonality 0.04
Added Runyip to Savanna with commonality 0.005
Added Scavrat to Savanna with commonality 0.04
Added Scurrier to Savanna with commonality 0.005
Added Shaak to Savanna with commonality 0.04
Added Shiro to Savanna with commonality 0.005
Added ShiroTrap to Savanna with commonality 0.005
Added Skalder to Savanna with commonality 0.01
Added Sketto to Savanna with commonality 0.02
Added Squall to Savanna with commonality 0.04
Added Strill to Savanna with commonality 0.005
Added Tach to Savanna with commonality 0.005
Added TeeMuss to Savanna with commonality 0.02
Added Thranta to Savanna with commonality 0.005
Added Tibidee to Savanna with commonality 0.0005
Added Tooke to Savanna with commonality 0.04
Added TuskCat to Savanna with commonality 0.04
Added Urusai to Savanna with commonality 0.02
Added Uvak to Savanna with commonality 0.005
Added Vapaad to Savanna with commonality 0.005
Added Varactyl to Savanna with commonality 0.01
Added Veermok to Savanna with commonality 0.03
Added Voorpak to Savanna with commonality 0.02
Added Vornskyr to Savanna with commonality 0.04
Added Warbird to Savanna with commonality 0.005
Added WompRat to Savanna with commonality 0.005
Added Worrt to Savanna with commonality 0.005
Added Wraid to Savanna with commonality 0.005
Added Zakkeg to Savanna with commonality 0.005
Added Zeer to Savanna with commonality 0.04
Added AA_AcanthamoebaGiganteaSmall to Savanna with commonality 0.0025
Added AA_AngelMothLarva to Savanna with commonality 0.0175
Added AA_AngelMoth to Savanna with commonality 0.0175
Added AA_AnimaColossus to Savanna with commonality 0.00025
Added AA_LarvalAtispec to Savanna with commonality 0.0025
Added AA_AuroraSylph to Savanna with commonality 0.0025
Added AA_ChameleonYak to Savanna with commonality 0.0375
Added AA_CrescendoAnole to Savanna with commonality 0.0025
Added AA_CrystalMit to Savanna with commonality 0.0075
Added AA_DarkVandal to Savanna with commonality 0.0025
Added AA_DesertAve to Savanna with commonality 0.0125
Added AA_DrainerLarva to Savanna with commonality 0.0025
Added AA_EmpressButterflyLarva to Savanna with commonality 0.0125
Added AA_EmpressButterfly to Savanna with commonality 0.0125
Added AA_GiantCrownedSilkie to Savanna with commonality 0.00125
Added AA_Gigantelope to Savanna with commonality 0.0125
Added AA_GreyCoatedMouflon to Savanna with commonality 0.0125
Added AA_PedigreedRaptor to Savanna with commonality 0.0025
Added AA_Radyak to Savanna with commonality 0.00025
Added AA_Ravager to Savanna with commonality 0.00125
Added AA_RayHound to Savanna with commonality 0.005
Added AA_RoyalAve to Savanna with commonality 0.00125
Added AA_Skiphound to Savanna with commonality 0.00625
Added AA_TeratogenicOriginator to Savanna with commonality 0.0025
Added AA_Thunderbeast to Savanna with commonality 0.0025
Added BMT_Jellypot to Savanna with commonality 0.35
Added RSW_Bantha to Savanna with commonality 0.4
Added JOE_Landopus to Savanna with commonality 0.05
Added JOE_Cephalope to Savanna with commonality 0.1
Added JOE_Nautilant to Savanna with commonality 0.005
Added BMT_Jellypot to Wasteland with commonality 0.7
Added RSW_Bantha to Wasteland with commonality 0.8
Added FancyRat to Wetland with commonality 0.05
Added Worm to Wetland with commonality 0.3
Added Gigantelope to Wetland with commonality 0.5
Added Megasquid to Wetland with commonality 0.4
Added Rabbuck to Wetland with commonality 0.4
Added Toraton to Wetland with commonality 0.075
Added DA_Barog to Wetland with commonality 0.25
Added DA_Snaptoad to Wetland with commonality 0.25
Added DA_Phrak to Wetland with commonality 0.15
Added DA_RedhornedLarpah to Wetland with commonality 0.005
Added DA_Taraal to Wetland with commonality 0.1
Added JRWArchaeopteryx to Wetland with commonality 0.025
Added JRWArthropleura to Wetland with commonality 0.025
Added JRWBagaceratops to Wetland with commonality 0.0375
Added JRWBeelzebufo to Wetland with commonality 0.1
Added JRWBernicia to Wetland with commonality 0.0625
Added JRWBrachytrachelopan to Wetland with commonality 0.045
Added JRWCaihong to Wetland with commonality 0.025
Added JRWDilophosaurus to Wetland with commonality 0.0625
Added JRWDiplocaulus to Wetland with commonality 0.1
Added JRWEuoplocephalus to Wetland with commonality 0.0375
Added JRWEuphoberia to Wetland with commonality 0.025
Added JRWGeosternbergia to Wetland with commonality 0.05
Added JRWGeralinura to Wetland with commonality 0.05
Added JRWGorgonops to Wetland with commonality 0.0375
Added JRWHynerpeton to Wetland with commonality 0.1
Added JRWIschigualastia to Wetland with commonality 0.0375
Added JRWMacrelcana to Wetland with commonality 0.0625
Added JRWManipulator to Wetland with commonality 0.0625
Added JRWMeganeura to Wetland with commonality 0.0625
Added JRWNyctosaurus to Wetland with commonality 0.05
Added JRWPlatyhystrix to Wetland with commonality 0.1
Added JRWProtosolpuga to Wetland with commonality 0.0625
Added JRWPteranodon to Wetland with commonality 0.05
Added JRWPulmonoscorpius to Wetland with commonality 0.05
Added JRWQantassaurus to Wetland with commonality 0.025
Added JRWQuetzalcoatlus to Wetland with commonality 0.05
Added Ling_Cockroach to Wetland with commonality 0.005
Added Dewback to Wetland with commonality 0.02
Added Rancor to Wetland with commonality 0.005
Added Bantha to Wetland with commonality 0.01
Added Nexu to Wetland with commonality 0.03
Added Acklay to Wetland with commonality 0.04
Added Reek to Wetland with commonality 0.02
Added Nerf to Wetland with commonality 0.015
Added Gizka to Wetland with commonality 0.6
Added Porg to Wetland with commonality 0.44
Added Vulptex to Wetland with commonality 0.005
Added Akk to Wetland with commonality 0.01
Added Aiwha to Wetland with commonality 0.02
Added Anooba to Wetland with commonality 0.02
Added Behemoth to Wetland with commonality 0.01
Added Beldon to Wetland with commonality 0.01
Added Boarwolf to Wetland with commonality 0.08
Added Blarth to Wetland with commonality 0.045
Added Blixus to Wetland with commonality 0.205
Added Blurrg to Wetland with commonality 0.08
Added Bolotaur to Wetland with commonality 0.4
Added Bogwing to Wetland with commonality 0.045
Added Boma to Wetland with commonality 0.22
Added Bordok to Wetland with commonality 0.5
Added Borcatu to Wetland with commonality 0.12
Added Brezak to Wetland with commonality 0.02
Added Bursa to Wetland with commonality 0.22
Added CanCell to Wetland with commonality 0.4
Added Cannok to Wetland with commonality 0.28
Added Clodhopper to Wetland with commonality 0.42
Added Convor to Wetland with commonality 0.7
Added Corinathoth to Wetland with commonality 0.04
Added Dactillion to Wetland with commonality 0.04
Added Dalgo to Wetland with commonality 0.205
Added Devourers to Wetland with commonality 0.05
Added Dianoga to Wetland with commonality 0.205
Added Dragonsnake to Wetland with commonality 0.3
Added Drexl to Wetland with commonality 0.01
Added Eopie to Wetland with commonality 0.02
Added Falumpaset to Wetland with commonality 0.7
Added Fambaa to Wetland with commonality 0.205
Added Fanback to Wetland with commonality 0.42
Added FeralGrazer to Wetland with commonality 0.4
Added FeralNerf to Wetland with commonality 0.09
Added FrilledGorg to Wetland with commonality 0.6
Added FrogDog to Wetland with commonality 0.045
Added Gelagrub to Wetland with commonality 0.22
Added Gorg to Wetland with commonality 0.32
Added Grank to Wetland with commonality 0.3
Added GraniteSlug to Wetland with commonality 0.1
Added Gualaar to Wetland with commonality 0.2
Added Gullipud to Wetland with commonality 0.6
Added Gundark to Wetland with commonality 0.1
Added Gutkurr to Wetland with commonality 0.005
Added HarvesterBeetle to Wetland with commonality 0.08
Added Hawkbat to Wetland with commonality 0.01
Added Horax to Wetland with commonality 0.005
Added Hrumph to Wetland with commonality 0.9
Added Hssiss to Wetland with commonality 0.42
Added Igitz to Wetland with commonality 0.045
Added Insectomorph to Wetland with commonality 0.32
Added IridonianReek to Wetland with commonality 0.1
Added IthorianReek to Wetland with commonality 0.2
Added Iriaz to Wetland with commonality 0.4
Added Jakobeast to Wetland with commonality 0.2
Added Jamel to Wetland with commonality 0.3
Added Jimvu to Wetland with commonality 0.405
Added Kaadu to Wetland with commonality 0.7
Added Katarn to Wetland with commonality 0.025
Added KellDragon to Wetland with commonality 0.15
Added KowakianMonkeyLizard to Wetland with commonality 0.25
Added Kinrath to Wetland with commonality 0.205
Added Klorslug to Wetland with commonality 0.205
Added Krykna to Wetland with commonality 0.01
Added Kreetle to Wetland with commonality 0.6
Added KwazelMaw to Wetland with commonality 0.3
Added Kwi to Wetland with commonality 0.34
Added Kybuck to Wetland with commonality 0.52
Added Leaftail to Wetland with commonality 0.6
Added LongtailGorg to Wetland with commonality 0.5
Added Lothcat to Wetland with commonality 0.2
Added LothWolf to Wetland with commonality 0.005
Added Maalraas to Wetland with commonality 0.3
Added Manka to Wetland with commonality 0.2
Added MarshHaunt to Wetland with commonality 0.04
Added MastiffPhalone to Wetland with commonality 0.3
Added Mastmot to Wetland with commonality 0.005
Added Mawvorr to Wetland with commonality 0.12
Added Mott to Wetland with commonality 0.7
Added Mynock to Wetland with commonality 0.1
Added Narglatch to Wetland with commonality 0.045
Added Neebray to Wetland with commonality 0.1
Added Nuna to Wetland with commonality 0.7
Added Ollopom to Wetland with commonality 0.5
Added Orray to Wetland with commonality 0.005
Added PaintedSpat to Wetland with commonality 0.005
Added PekoPeko to Wetland with commonality 0.55
Added Pikobis to Wetland with commonality 0.03
Added Qormot to Wetland with commonality 0.6
Added Raxshir to Wetland with commonality 0.005
Added Rikknit to Wetland with commonality 0.1
Added Ronto to Wetland with commonality 0.005
Added Runyip to Wetland with commonality 0.7
Added Scavrat to Wetland with commonality 0.44
Added Scurrier to Wetland with commonality 0.025
Added Shaak to Wetland with commonality 0.4
Added Shiro to Wetland with commonality 0.7
Added ShiroTrap to Wetland with commonality 0.7
Added Silooth to Wetland with commonality 0.44
Added Skalder to Wetland with commonality 0.005
Added Sketto to Wetland with commonality 0.005
Added Snoruuk to Wetland with commonality 0.055
Added Stintaril to Wetland with commonality 0.3
Added Strill to Wetland with commonality 0.05
Added Tach to Wetland with commonality 0.6
Added TeeMuss to Wetland with commonality 0.06
Added TetnissCrab to Wetland with commonality 0.3
Added Thranta to Wetland with commonality 0.405
Added Tooke to Wetland with commonality 0.1
Added Torton to Wetland with commonality 0.005
Added TuskCat to Wetland with commonality 0.4
Added Urusai to Wetland with commonality 0.05
Added Uvak to Wetland with commonality 0.2
Added Vapaad to Wetland with commonality 0.01
Added Varactyl to Wetland with commonality 0.04
Added Veermok to Wetland with commonality 0.4
Added Voorpak to Wetland with commonality 0.405
Added Vornskyr to Wetland with commonality 0.3
Added Whisperbird to Wetland with commonality 0.4
Added WompRat to Wetland with commonality 0.005
Added Woolamander to Wetland with commonality 0.6
Added Worrt to Wetland with commonality 0.155
Added Wraid to Wetland with commonality 0.02
Added Wyyyschokk to Wetland with commonality 0.105
Added Yobshrimp to Wetland with commonality 0.4
Added Zakkeg to Wetland with commonality 0.05
Added Zeer to Wetland with commonality 0.2
Added AA_AcanthamoebaGiganteaSmall to Wetland with commonality 0.00375
Added AA_AngelMothLarva to Wetland with commonality 0.035
Added AA_AngelMoth to Wetland with commonality 0.035
Added AA_AnimaColossus to Wetland with commonality 0.003
Added AA_LarvalAtispec to Wetland with commonality 0.0025
Added AA_AuroraSylph to Wetland with commonality 0.015
Added AA_BumbledroneHierophant to Wetland with commonality 0.0075
Added AA_ChameleonYak to Wetland with commonality 0.0425
Added AA_CrystalMit to Wetland with commonality 0.01
Added AA_Darkbeast to Wetland with commonality 0.0025
Added AA_DarkVandal to Wetland with commonality 0.0375
Added AA_DrainerLarva to Wetland with commonality 0.015
Added AA_Drainer to Wetland with commonality 0.015
Added AA_DuskProwler to Wetland with commonality 0.0375
Added AA_EmpressButterflyLarva to Wetland with commonality 0.0075
Added AA_EmpressButterfly to Wetland with commonality 0.0075
Added AA_GiantCrownedSilkie to Wetland with commonality 0.00125
Added AA_Gigantelope to Wetland with commonality 0.2
Added AA_GreatDevourer to Wetland with commonality 0.0025
Added AA_GreyCoatedMouflon to Wetland with commonality 0.00125
Added AA_Lockjaw to Wetland with commonality 0.05
Added AA_LuciferBug to Wetland with commonality 0.00375
Added AA_Mantrap to Wetland with commonality 0.03
Added AA_MatureFleshbeast to Wetland with commonality 0.005
Added AA_Murkling to Wetland with commonality 0.1025
Added AA_NightAve to Wetland with commonality 0.0125
Added AA_PedigreedRaptor to Wetland with commonality 0.0175
Added AA_Plasmorph to Wetland with commonality 0.015
Added AA_Radyak to Wetland with commonality 0.0005
Added AA_RaptorShrimp to Wetland with commonality 0.01
Added AA_Ravager to Wetland with commonality 0.00375
Added AA_RayHound to Wetland with commonality 0.035
Added AA_Razorjack to Wetland with commonality 0.0125
Added AA_RipperHound to Wetland with commonality 0.01375
Added AA_RoyalAve to Wetland with commonality 0.00375
Added AA_SandSquid to Wetland with commonality 0.0025
Added AA_ShadowCharger to Wetland with commonality 0.02
Added AA_Skiphound to Wetland with commonality 0.00625
Added AA_TeratogenicOriginator to Wetland with commonality 0.005
Added AA_Terramorph to Wetland with commonality 0.01
Added AA_Thunderbeast to Wetland with commonality 0.00875
Added AA_Thunderox to Wetland with commonality 0.0425
Added AA_WindBeast to Wetland with commonality 0.00125
Added GiantToad to Wetland with commonality 0.235
Added RSW_Diplocaulus to Wetland with commonality 0.1
Added RSW_Holcorobeus to Wetland with commonality 0.0625
Added RSW_Platyhystrix to Wetland with commonality 0.1
Added RSW_Protosolpuga to Wetland with commonality 0.0625
Added RSW_Segnosaurus to Wetland with commonality 0.045
Added RSW_Acklay to Wetland with commonality 0.04
Added RSW_Bantha to Wetland with commonality 0.01
Added RSW_Dewback to Wetland with commonality 0.02
Added RSW_Iriaz to Wetland with commonality 0.4
Added RSW_Nuna to Wetland with commonality 0.7
Added RSW_Porg to Wetland with commonality 0.44
Added RSW_Vulptex to Wetland with commonality 0.005
Added JOE_Landopus to Wetland with commonality 0.55
Added JOE_Cephalope to Wetland with commonality 0.285
Added JOE_Nautilant to Wetland with commonality 0.03
Added BMT_ImperialToad to AB_GallatrossGraveyard with commonality 0.7
Added BMT_MossBeetle to AB_GallatrossGraveyard with commonality 0.3
Added FancyRat to AB_IdyllicMeadows with commonality 0.07
Added Worm to AB_IdyllicMeadows with commonality 0.3
Added Gigantelope to AB_IdyllicMeadows with commonality 0.5
Added Megasquid to AB_IdyllicMeadows with commonality 0.5
Added Rabbuck to AB_IdyllicMeadows with commonality 0.5
Added Toraton to AB_IdyllicMeadows with commonality 0.05
Added DA_RedhornedLarpah to AB_IdyllicMeadows with commonality 0.01
Added DA_Taraal to AB_IdyllicMeadows with commonality 0.2
Added JRWArchaeopteryx to AB_IdyllicMeadows with commonality 0.05
Added JRWArthropleura to AB_IdyllicMeadows with commonality 0.05
Added JRWBagaceratops to AB_IdyllicMeadows with commonality 0.075
Added JRWBeelzebufo to AB_IdyllicMeadows with commonality 0.1
Added JRWBernicia to AB_IdyllicMeadows with commonality 0.05
Added JRWBrachytrachelopan to AB_IdyllicMeadows with commonality 0.09
Added JRWCaihong to AB_IdyllicMeadows with commonality 0.05
Added JRWDilophosaurus to AB_IdyllicMeadows with commonality 0.05
Added JRWDiplocaulus to AB_IdyllicMeadows with commonality 0.1
Added JRWEuoplocephalus to AB_IdyllicMeadows with commonality 0.075
Added JRWEuphoberia to AB_IdyllicMeadows with commonality 0.05
Added JRWGeosternbergia to AB_IdyllicMeadows with commonality 0.1
Added JRWGeralinura to AB_IdyllicMeadows with commonality 0.05
Added JRWGorgonops to AB_IdyllicMeadows with commonality 0.075
Added JRWHynerpeton to AB_IdyllicMeadows with commonality 0.1
Added JRWIschigualastia to AB_IdyllicMeadows with commonality 0.075
Added JRWMacrelcana to AB_IdyllicMeadows with commonality 0.05
Added JRWManipulator to AB_IdyllicMeadows with commonality 0.05
Added JRWMeganeura to AB_IdyllicMeadows with commonality 0.05
Added JRWNyctosaurus to AB_IdyllicMeadows with commonality 0.1
Added JRWPlatyhystrix to AB_IdyllicMeadows with commonality 0.1
Added JRWProtosolpuga to AB_IdyllicMeadows with commonality 0.05
Added JRWPteranodon to AB_IdyllicMeadows with commonality 0.1
Added JRWPulmonoscorpius to AB_IdyllicMeadows with commonality 0.05
Added JRWQantassaurus to AB_IdyllicMeadows with commonality 0.05
Added JRWQuetzalcoatlus to AB_IdyllicMeadows with commonality 0.1
Added Ling_Cockroach to AB_IdyllicMeadows with commonality 0.005
Added Dewback to AB_IdyllicMeadows with commonality 0.04
Added Rancor to AB_IdyllicMeadows with commonality 0.01
Added Bantha to AB_IdyllicMeadows with commonality 0.02
Added Nexu to AB_IdyllicMeadows with commonality 0.06
Added Acklay to AB_IdyllicMeadows with commonality 0.08
Added Reek to AB_IdyllicMeadows with commonality 0.04
Added Nerf to AB_IdyllicMeadows with commonality 0.03
Added Gizka to AB_IdyllicMeadows with commonality 0.4
Added Porg to AB_IdyllicMeadows with commonality 0.08
Added Vulptex to AB_IdyllicMeadows with commonality 0.01
Added Akk to AB_IdyllicMeadows with commonality 0.02
Added Aiwha to AB_IdyllicMeadows with commonality 0.04
Added Anooba to AB_IdyllicMeadows with commonality 0.04
Added Behemoth to AB_IdyllicMeadows with commonality 0.01
Added Beldon to AB_IdyllicMeadows with commonality 0.01
Added Boarwolf to AB_IdyllicMeadows with commonality 0.16
Added Blarth to AB_IdyllicMeadows with commonality 0.01
Added Blixus to AB_IdyllicMeadows with commonality 0.01
Added Blurrg to AB_IdyllicMeadows with commonality 0.16
Added Bolotaur to AB_IdyllicMeadows with commonality 0.8
Added Bogwing to AB_IdyllicMeadows with commonality 0.01
Added Boma to AB_IdyllicMeadows with commonality 0.04
Added Bordok to AB_IdyllicMeadows with commonality 0.8
Added Borcatu to AB_IdyllicMeadows with commonality 0.16
Added Brezak to AB_IdyllicMeadows with commonality 0.04
Added Bursa to AB_IdyllicMeadows with commonality 0.04
Added CanCell to AB_IdyllicMeadows with commonality 0.4
Added Cannok to AB_IdyllicMeadows with commonality 0.16
Added Clodhopper to AB_IdyllicMeadows with commonality 0.8
Added Convor to AB_IdyllicMeadows with commonality 0.6
Added Corinathoth to AB_IdyllicMeadows with commonality 0.04
Added Dactillion to AB_IdyllicMeadows with commonality 0.08
Added Dalgo to AB_IdyllicMeadows with commonality 0.4
Added Devourers to AB_IdyllicMeadows with commonality 0.04
Added Dianoga to AB_IdyllicMeadows with commonality 0.01
Added Drexl to AB_IdyllicMeadows with commonality 0.01
Added Eopie to AB_IdyllicMeadows with commonality 0.04
Added Falumpaset to AB_IdyllicMeadows with commonality 0.8
Added Fambaa to AB_IdyllicMeadows with commonality 0.01
Added Fanback to AB_IdyllicMeadows with commonality 0.04
Added FeralGrazer to AB_IdyllicMeadows with commonality 0.8
Added FeralNerf to AB_IdyllicMeadows with commonality 0.15
Added FrilledGorg to AB_IdyllicMeadows with commonality 0.6
Added FrogDog to AB_IdyllicMeadows with commonality 0.01
Added Gelagrub to AB_IdyllicMeadows with commonality 0.04
Added Gorg to AB_IdyllicMeadows with commonality 0.04
Added Grank to AB_IdyllicMeadows with commonality 0.6
Added GraniteSlug to AB_IdyllicMeadows with commonality 0.1
Added Gualaar to AB_IdyllicMeadows with commonality 0.4
Added Gullipud to AB_IdyllicMeadows with commonality 0.4
Added Gundark to AB_IdyllicMeadows with commonality 0.1
Added Gutkurr to AB_IdyllicMeadows with commonality 0.01
Added HarvesterBeetle to AB_IdyllicMeadows with commonality 0.08
Added Hawkbat to AB_IdyllicMeadows with commonality 0.01
Added Horax to AB_IdyllicMeadows with commonality 0.01
Added Hrumph to AB_IdyllicMeadows with commonality 1
Added Hssiss to AB_IdyllicMeadows with commonality 0.04
Added Igitz to AB_IdyllicMeadows with commonality 0.01
Added Insectomorph to AB_IdyllicMeadows with commonality 0.6
Added IridonianReek to AB_IdyllicMeadows with commonality 0.2
Added IthorianReek to AB_IdyllicMeadows with commonality 0.4
Added Iriaz to AB_IdyllicMeadows with commonality 0.8
Added Jakobeast to AB_IdyllicMeadows with commonality 0.4
Added Jamel to AB_IdyllicMeadows with commonality 0.6
Added Jimvu to AB_IdyllicMeadows with commonality 0.8
Added Kaadu to AB_IdyllicMeadows with commonality 0.5
Added Katarn to AB_IdyllicMeadows with commonality 0.04
Added KowakianMonkeyLizard to AB_IdyllicMeadows with commonality 0.4
Added Kinrath to AB_IdyllicMeadows with commonality 0.01
Added Klorslug to AB_IdyllicMeadows with commonality 0.01
Added Krykna to AB_IdyllicMeadows with commonality 0.01
Added Kreetle to AB_IdyllicMeadows with commonality 0.6
Added Kwi to AB_IdyllicMeadows with commonality 0.6
Added Kybuck to AB_IdyllicMeadows with commonality 1
Added Leaftail to AB_IdyllicMeadows with commonality 0.4
Added LongtailGorg to AB_IdyllicMeadows with commonality 0.4
Added Lothcat to AB_IdyllicMeadows with commonality 0.4
Added LothWolf to AB_IdyllicMeadows with commonality 0.01
Added Maalraas to AB_IdyllicMeadows with commonality 0.6
Added Manka to AB_IdyllicMeadows with commonality 0.4
Added MastiffPhalone to AB_IdyllicMeadows with commonality 0.6
Added Mastmot to AB_IdyllicMeadows with commonality 0.01
Added Mawvorr to AB_IdyllicMeadows with commonality 0.2
Added Mott to AB_IdyllicMeadows with commonality 0.5
Added Mynock to AB_IdyllicMeadows with commonality 0.1
Added Narglatch to AB_IdyllicMeadows with commonality 0.01
Added Neebray to AB_IdyllicMeadows with commonality 0.1
Added Nuna to AB_IdyllicMeadows with commonality 0.5
Added Ollopom to AB_IdyllicMeadows with commonality 0.2
Added Orray to AB_IdyllicMeadows with commonality 0.01
Added PaintedSpat to AB_IdyllicMeadows with commonality 0.01
Added PekoPeko to AB_IdyllicMeadows with commonality 0.2
Added Pikobis to AB_IdyllicMeadows with commonality 0.01
Added Qormot to AB_IdyllicMeadows with commonality 0.8
Added Raxshir to AB_IdyllicMeadows with commonality 0.01
Added Rikknit to AB_IdyllicMeadows with commonality 0.1
Added Ronto to AB_IdyllicMeadows with commonality 0.01
Added Runyip to AB_IdyllicMeadows with commonality 0.8
Added Scavrat to AB_IdyllicMeadows with commonality 0.8
Added Scurrier to AB_IdyllicMeadows with commonality 0.04
Added Shaak to AB_IdyllicMeadows with commonality 0.8
Added Shiro to AB_IdyllicMeadows with commonality 0.6
Added ShiroTrap to AB_IdyllicMeadows with commonality 0.6
Added Silooth to AB_IdyllicMeadows with commonality 0.08
Added Skalder to AB_IdyllicMeadows with commonality 0.01
Added Sketto to AB_IdyllicMeadows with commonality 0.01
Added Snoruuk to AB_IdyllicMeadows with commonality 0.1
Added Stintaril to AB_IdyllicMeadows with commonality 0.4
Added Strill to AB_IdyllicMeadows with commonality 0.1
Added Tach to AB_IdyllicMeadows with commonality 0.6
Added TeeMuss to AB_IdyllicMeadows with commonality 0.08
Added Thranta to AB_IdyllicMeadows with commonality 0.01
Added Tooke to AB_IdyllicMeadows with commonality 0.1
Added Torton to AB_IdyllicMeadows with commonality 0.01
Added TuskCat to AB_IdyllicMeadows with commonality 0.8
Added Urusai to AB_IdyllicMeadows with commonality 0.1
Added Uvak to AB_IdyllicMeadows with commonality 0.4
Added Vapaad to AB_IdyllicMeadows with commonality 0.01
Added Varactyl to AB_IdyllicMeadows with commonality 0.08
Added Veermok to AB_IdyllicMeadows with commonality 0.2
Added Voorpak to AB_IdyllicMeadows with commonality 0.8
Added Vornskyr to AB_IdyllicMeadows with commonality 0.6
Added Whisperbird to AB_IdyllicMeadows with commonality 0.4
Added WompRat to AB_IdyllicMeadows with commonality 0.01
Added Woolamander to AB_IdyllicMeadows with commonality 0.6
Added Worrt to AB_IdyllicMeadows with commonality 0.01
Added Wraid to AB_IdyllicMeadows with commonality 0.04
Added Wyyyschokk to AB_IdyllicMeadows with commonality 0.01
Added Zakkeg to AB_IdyllicMeadows with commonality 0.1
Added Zeer to AB_IdyllicMeadows with commonality 0.4
Added GiantToad to AB_IdyllicMeadows with commonality 0.4
Added RSW_Diplocaulus to AB_IdyllicMeadows with commonality 0.1
Added RSW_Holcorobeus to AB_IdyllicMeadows with commonality 0.05
Added RSW_Platyhystrix to AB_IdyllicMeadows with commonality 0.1
Added RSW_Protosolpuga to AB_IdyllicMeadows with commonality 0.05
Added RSW_Segnosaurus to AB_IdyllicMeadows with commonality 0.09
Added RSW_Acklay to AB_IdyllicMeadows with commonality 0.08
Added RSW_Bantha to AB_IdyllicMeadows with commonality 0.02
Added RSW_Dewback to AB_IdyllicMeadows with commonality 0.04
Added RSW_Iriaz to AB_IdyllicMeadows with commonality 0.8
Added RSW_Nuna to AB_IdyllicMeadows with commonality 0.5
Added RSW_Porg to AB_IdyllicMeadows with commonality 0.08
Added RSW_Vulptex to AB_IdyllicMeadows with commonality 0.01
Added JOE_Landopus to AB_IdyllicMeadows with commonality 0.1
Added JOE_Cephalope to AB_IdyllicMeadows with commonality 0.07
Added JOE_Nautilant to AB_IdyllicMeadows with commonality 0.01
Added FancyRat to AB_OcularForest with commonality 0.07
Added Worm to AB_OcularForest with commonality 0.3
Added Gigantelope to AB_OcularForest with commonality 0.5
Added Megasquid to AB_OcularForest with commonality 0.5
Added Rabbuck to AB_OcularForest with commonality 0.5
Added Toraton to AB_OcularForest with commonality 0.05
Added DA_RedhornedLarpah to AB_OcularForest with commonality 0.01
Added DA_Taraal to AB_OcularForest with commonality 0.2
Added JRWArchaeopteryx to AB_OcularForest with commonality 0.05
Added JRWArthropleura to AB_OcularForest with commonality 0.05
Added JRWBagaceratops to AB_OcularForest with commonality 0.075
Added JRWBeelzebufo to AB_OcularForest with commonality 0.1
Added JRWBernicia to AB_OcularForest with commonality 0.05
Added JRWBrachytrachelopan to AB_OcularForest with commonality 0.09
Added JRWCaihong to AB_OcularForest with commonality 0.05
Added JRWDilophosaurus to AB_OcularForest with commonality 0.05
Added JRWDiplocaulus to AB_OcularForest with commonality 0.1
Added JRWEuoplocephalus to AB_OcularForest with commonality 0.075
Added JRWEuphoberia to AB_OcularForest with commonality 0.05
Added JRWGeosternbergia to AB_OcularForest with commonality 0.1
Added JRWGeralinura to AB_OcularForest with commonality 0.05
Added JRWGorgonops to AB_OcularForest with commonality 0.075
Added JRWHynerpeton to AB_OcularForest with commonality 0.1
Added JRWIschigualastia to AB_OcularForest with commonality 0.075
Added JRWMacrelcana to AB_OcularForest with commonality 0.05
Added JRWManipulator to AB_OcularForest with commonality 0.05
Added JRWMeganeura to AB_OcularForest with commonality 0.05
Added JRWNyctosaurus to AB_OcularForest with commonality 0.1
Added JRWPlatyhystrix to AB_OcularForest with commonality 0.1
Added JRWProtosolpuga to AB_OcularForest with commonality 0.05
Added JRWPteranodon to AB_OcularForest with commonality 0.1
Added JRWPulmonoscorpius to AB_OcularForest with commonality 0.05
Added JRWQantassaurus to AB_OcularForest with commonality 0.05
Added JRWQuetzalcoatlus to AB_OcularForest with commonality 0.1
Added Ling_Cockroach to AB_OcularForest with commonality 0.005
Added Dewback to AB_OcularForest with commonality 0.04
Added Rancor to AB_OcularForest with commonality 0.01
Added Bantha to AB_OcularForest with commonality 0.02
Added Nexu to AB_OcularForest with commonality 0.06
Added Acklay to AB_OcularForest with commonality 0.08
Added Reek to AB_OcularForest with commonality 0.04
Added Nerf to AB_OcularForest with commonality 0.03
Added Gizka to AB_OcularForest with commonality 0.4
Added Porg to AB_OcularForest with commonality 0.08
Added Vulptex to AB_OcularForest with commonality 0.01
Added Akk to AB_OcularForest with commonality 0.02
Added Aiwha to AB_OcularForest with commonality 0.04
Added Anooba to AB_OcularForest with commonality 0.04
Added Behemoth to AB_OcularForest with commonality 0.01
Added Beldon to AB_OcularForest with commonality 0.01
Added Boarwolf to AB_OcularForest with commonality 0.16
Added Blarth to AB_OcularForest with commonality 0.01
Added Blixus to AB_OcularForest with commonality 0.01
Added Blurrg to AB_OcularForest with commonality 0.16
Added Bolotaur to AB_OcularForest with commonality 0.8
Added Bogwing to AB_OcularForest with commonality 0.01
Added Boma to AB_OcularForest with commonality 0.04
Added Bordok to AB_OcularForest with commonality 0.8
Added Borcatu to AB_OcularForest with commonality 0.16
Added Brezak to AB_OcularForest with commonality 0.04
Added Bursa to AB_OcularForest with commonality 0.04
Added CanCell to AB_OcularForest with commonality 0.4
Added Cannok to AB_OcularForest with commonality 0.16
Added Clodhopper to AB_OcularForest with commonality 0.8
Added Convor to AB_OcularForest with commonality 0.6
Added Corinathoth to AB_OcularForest with commonality 0.04
Added Dactillion to AB_OcularForest with commonality 0.08
Added Dalgo to AB_OcularForest with commonality 0.4
Added Devourers to AB_OcularForest with commonality 0.04
Added Dianoga to AB_OcularForest with commonality 0.01
Added Drexl to AB_OcularForest with commonality 0.01
Added Eopie to AB_OcularForest with commonality 0.04
Added Falumpaset to AB_OcularForest with commonality 0.8
Added Fambaa to AB_OcularForest with commonality 0.01
Added Fanback to AB_OcularForest with commonality 0.04
Added FeralGrazer to AB_OcularForest with commonality 0.8
Added FeralNerf to AB_OcularForest with commonality 0.15
Added FrilledGorg to AB_OcularForest with commonality 0.6
Added FrogDog to AB_OcularForest with commonality 0.01
Added Gelagrub to AB_OcularForest with commonality 0.04
Added Gorg to AB_OcularForest with commonality 0.04
Added Grank to AB_OcularForest with commonality 0.6
Added GraniteSlug to AB_OcularForest with commonality 0.1
Added Gualaar to AB_OcularForest with commonality 0.4
Added Gullipud to AB_OcularForest with commonality 0.4
Added Gundark to AB_OcularForest with commonality 0.1
Added Gutkurr to AB_OcularForest with commonality 0.01
Added HarvesterBeetle to AB_OcularForest with commonality 0.08
Added Hawkbat to AB_OcularForest with commonality 0.01
Added Horax to AB_OcularForest with commonality 0.01
Added Hrumph to AB_OcularForest with commonality 1
Added Hssiss to AB_OcularForest with commonality 0.04
Added Igitz to AB_OcularForest with commonality 0.01
Added Insectomorph to AB_OcularForest with commonality 0.6
Added IridonianReek to AB_OcularForest with commonality 0.2
Added IthorianReek to AB_OcularForest with commonality 0.4
Added Iriaz to AB_OcularForest with commonality 0.8
Added Jakobeast to AB_OcularForest with commonality 0.4
Added Jamel to AB_OcularForest with commonality 0.6
Added Jimvu to AB_OcularForest with commonality 0.8
Added Kaadu to AB_OcularForest with commonality 0.5
Added Katarn to AB_OcularForest with commonality 0.04
Added KowakianMonkeyLizard to AB_OcularForest with commonality 0.4
Added Kinrath to AB_OcularForest with commonality 0.01
Added Klorslug to AB_OcularForest with commonality 0.01
Added Krykna to AB_OcularForest with commonality 0.01
Added Kreetle to AB_OcularForest with commonality 0.6
Added Kwi to AB_OcularForest with commonality 0.6
Added Kybuck to AB_OcularForest with commonality 1
Added Leaftail to AB_OcularForest with commonality 0.4
Added LongtailGorg to AB_OcularForest with commonality 0.4
Added Lothcat to AB_OcularForest with commonality 0.4
Added LothWolf to AB_OcularForest with commonality 0.01
Added Maalraas to AB_OcularForest with commonality 0.6
Added Manka to AB_OcularForest with commonality 0.4
Added MastiffPhalone to AB_OcularForest with commonality 0.6
Added Mastmot to AB_OcularForest with commonality 0.01
Added Mawvorr to AB_OcularForest with commonality 0.2
Added Mott to AB_OcularForest with commonality 0.5
Added Mynock to AB_OcularForest with commonality 0.1
Added Narglatch to AB_OcularForest with commonality 0.01
Added Neebray to AB_OcularForest with commonality 0.1
Added Nuna to AB_OcularForest with commonality 0.5
Added Ollopom to AB_OcularForest with commonality 0.2
Added Orray to AB_OcularForest with commonality 0.01
Added PaintedSpat to AB_OcularForest with commonality 0.01
Added PekoPeko to AB_OcularForest with commonality 0.2
Added Pikobis to AB_OcularForest with commonality 0.01
Added Qormot to AB_OcularForest with commonality 0.8
Added Raxshir to AB_OcularForest with commonality 0.01
Added Rikknit to AB_OcularForest with commonality 0.1
Added Ronto to AB_OcularForest with commonality 0.01
Added Runyip to AB_OcularForest with commonality 0.8
Added Scavrat to AB_OcularForest with commonality 0.8
Added Scurrier to AB_OcularForest with commonality 0.04
Added Shaak to AB_OcularForest with commonality 0.8
Added Shiro to AB_OcularForest with commonality 0.6
Added ShiroTrap to AB_OcularForest with commonality 0.6
Added Silooth to AB_OcularForest with commonality 0.08
Added Skalder to AB_OcularForest with commonality 0.01
Added Sketto to AB_OcularForest with commonality 0.01
Added Snoruuk to AB_OcularForest with commonality 0.1
Added Stintaril to AB_OcularForest with commonality 0.4
Added Strill to AB_OcularForest with commonality 0.1
Added Tach to AB_OcularForest with commonality 0.6
Added TeeMuss to AB_OcularForest with commonality 0.08
Added Thranta to AB_OcularForest with commonality 0.01
Added Tooke to AB_OcularForest with commonality 0.1
Added Torton to AB_OcularForest with commonality 0.01
Added TuskCat to AB_OcularForest with commonality 0.8
Added Urusai to AB_OcularForest with commonality 0.1
Added Uvak to AB_OcularForest with commonality 0.4
Added Vapaad to AB_OcularForest with commonality 0.01
Added Varactyl to AB_OcularForest with commonality 0.08
Added Veermok to AB_OcularForest with commonality 0.2
Added Voorpak to AB_OcularForest with commonality 0.8
Added Vornskyr to AB_OcularForest with commonality 0.6
Added Whisperbird to AB_OcularForest with commonality 0.4
Added WompRat to AB_OcularForest with commonality 0.01
Added Woolamander to AB_OcularForest with commonality 0.6
Added Worrt to AB_OcularForest with commonality 0.01
Added Wraid to AB_OcularForest with commonality 0.04
Added Wyyyschokk to AB_OcularForest with commonality 0.01
Added Zakkeg to AB_OcularForest with commonality 0.1
Added Zeer to AB_OcularForest with commonality 0.4
Added GiantToad to AB_OcularForest with commonality 0.4
Added RSW_Diplocaulus to AB_OcularForest with commonality 0.1
Added RSW_Holcorobeus to AB_OcularForest with commonality 0.05
Added RSW_Platyhystrix to AB_OcularForest with commonality 0.1
Added RSW_Protosolpuga to AB_OcularForest with commonality 0.05
Added RSW_Segnosaurus to AB_OcularForest with commonality 0.09
Added RSW_Acklay to AB_OcularForest with commonality 0.08
Added RSW_Bantha to AB_OcularForest with commonality 0.02
Added RSW_Dewback to AB_OcularForest with commonality 0.04
Added RSW_Iriaz to AB_OcularForest with commonality 0.8
Added RSW_Nuna to AB_OcularForest with commonality 0.5
Added RSW_Porg to AB_OcularForest with commonality 0.08
Added RSW_Vulptex to AB_OcularForest with commonality 0.01
Added JOE_Landopus to AB_OcularForest with commonality 0.1
Added JOE_Cephalope to AB_OcularForest with commonality 0.07
Added JOE_Nautilant to AB_OcularForest with commonality 0.01
Added BMT_Jellypot to AB_RockyCrags with commonality 0.7
Added RSW_Bantha to AB_RockyCrags with commonality 0.8
Added FancyRat to AB_MiasmicMangrove with commonality 0.03
Added Giantala to AB_MiasmicMangrove with commonality 0.1
Added Gigantelope to AB_MiasmicMangrove with commonality 0.5
Added Toraton to AB_MiasmicMangrove with commonality 0.1
Added Yippa to AB_MiasmicMangrove with commonality 0.5
Added Zarander to AB_MiasmicMangrove with commonality 0.5
Added DA_Barog to AB_MiasmicMangrove with commonality 0.5
Added DA_Snaptoad to AB_MiasmicMangrove with commonality 0.5
Added DA_Phrak to AB_MiasmicMangrove with commonality 0.3
Added JRWArthropleura to AB_MiasmicMangrove with commonality 0.1
Added JRWBeelzebufo to AB_MiasmicMangrove with commonality 0.1
Added JRWBernicia to AB_MiasmicMangrove with commonality 0.075
Added JRWDilophosaurus to AB_MiasmicMangrove with commonality 0.075
Added JRWDiplocaulus to AB_MiasmicMangrove with commonality 0.1
Added JRWEuphoberia to AB_MiasmicMangrove with commonality 0.1
Added JRWGeralinura to AB_MiasmicMangrove with commonality 0.05
Added JRWGorgonops to AB_MiasmicMangrove with commonality 0.075
Added JRWHynerpeton to AB_MiasmicMangrove with commonality 0.1
Added JRWMacrelcana to AB_MiasmicMangrove with commonality 0.075
Added JRWManipulator to AB_MiasmicMangrove with commonality 0.075
Added JRWMeganeura to AB_MiasmicMangrove with commonality 0.075
Added JRWPlatyhystrix to AB_MiasmicMangrove with commonality 0.1
Added JRWProtosolpuga to AB_MiasmicMangrove with commonality 0.075
Added JRWPulmonoscorpius to AB_MiasmicMangrove with commonality 0.1
Added Ling_Cockroach to AB_MiasmicMangrove with commonality 0.008
Added Gizka to AB_MiasmicMangrove with commonality 0.8
Added Porg to AB_MiasmicMangrove with commonality 0.4
Added Beldon to AB_MiasmicMangrove with commonality 0.01
Added Blarth to AB_MiasmicMangrove with commonality 0.04
Added Blixus to AB_MiasmicMangrove with commonality 0.8
Added Bogwing to AB_MiasmicMangrove with commonality 0.04
Added Boma to AB_MiasmicMangrove with commonality 0.4
Added Bordok to AB_MiasmicMangrove with commonality 0.04
Added Borcatu to AB_MiasmicMangrove with commonality 0.8
Added Bursa to AB_MiasmicMangrove with commonality 0.4
Added CanCell to AB_MiasmicMangrove with commonality 0.8
Added Cannok to AB_MiasmicMangrove with commonality 0.8
Added Clodhopper to AB_MiasmicMangrove with commonality 0.04
Added Convor to AB_MiasmicMangrove with commonality 0.4
Added Corinathoth to AB_MiasmicMangrove with commonality 0.04
Added Dalgo to AB_MiasmicMangrove with commonality 0.01
Added Devourers to AB_MiasmicMangrove with commonality 0.8
Added Dianoga to AB_MiasmicMangrove with commonality 0.8
Added Dragonsnake to AB_MiasmicMangrove with commonality 0.8
Added Drexl to AB_MiasmicMangrove with commonality 0.01
Added Falumpaset to AB_MiasmicMangrove with commonality 0.6
Added Fambaa to AB_MiasmicMangrove with commonality 0.8
Added Fanback to AB_MiasmicMangrove with commonality 0.8
Added FeralNerf to AB_MiasmicMangrove with commonality 0.03
Added FrilledGorg to AB_MiasmicMangrove with commonality 0.8
Added FrogDog to AB_MiasmicMangrove with commonality 0.04
Added Gelagrub to AB_MiasmicMangrove with commonality 0.6
Added Gorg to AB_MiasmicMangrove with commonality 0.8
Added GraniteSlug to AB_MiasmicMangrove with commonality 0.1
Added Gullipud to AB_MiasmicMangrove with commonality 0.8
Added Gundark to AB_MiasmicMangrove with commonality 0.1
Added HarvesterBeetle to AB_MiasmicMangrove with commonality 0.08
Added Hawkbat to AB_MiasmicMangrove with commonality 0.04
Added Hrumph to AB_MiasmicMangrove with commonality 0.4
Added Hssiss to AB_MiasmicMangrove with commonality 0.8
Added Igitz to AB_MiasmicMangrove with commonality 0.04
Added Insectomorph to AB_MiasmicMangrove with commonality 0.04
Added Jimvu to AB_MiasmicMangrove with commonality 0.01
Added JungleRancor to AB_MiasmicMangrove with commonality 0.001
Added Kaadu to AB_MiasmicMangrove with commonality 0.9
Added Katarn to AB_MiasmicMangrove with commonality 0.04
Added KellDragon to AB_MiasmicMangrove with commonality 0.6
Added KowakianMonkeyLizard to AB_MiasmicMangrove with commonality 0.6
Added Kinrath to AB_MiasmicMangrove with commonality 0.6
Added Klorslug to AB_MiasmicMangrove with commonality 0.8
Added Krykna to AB_MiasmicMangrove with commonality 0.01
Added KwazelMaw to AB_MiasmicMangrove with commonality 0.8
Added Kwi to AB_MiasmicMangrove with commonality 0.08
Added Kybuck to AB_MiasmicMangrove with commonality 0.04
Added Leaftail to AB_MiasmicMangrove with commonality 0.6
Added LongtailGorg to AB_MiasmicMangrove with commonality 0.8
Added MarshHaunt to AB_MiasmicMangrove with commonality 0.04
Added Mawvorr to AB_MiasmicMangrove with commonality 0.08
Added Mott to AB_MiasmicMangrove with commonality 0.9
Added Mynock to AB_MiasmicMangrove with commonality 0.1
Added Narglatch to AB_MiasmicMangrove with commonality 0.08
Added Neebray to AB_MiasmicMangrove with commonality 0.1
Added Nuna to AB_MiasmicMangrove with commonality 0.9
Added Ollopom to AB_MiasmicMangrove with commonality 0.8
Added PekoPeko to AB_MiasmicMangrove with commonality 0.9
Added Pikobis to AB_MiasmicMangrove with commonality 0.04
Added Qormot to AB_MiasmicMangrove with commonality 0.4
Added Rikknit to AB_MiasmicMangrove with commonality 0.1
Added Scavrat to AB_MiasmicMangrove with commonality 0.08
Added Scurrier to AB_MiasmicMangrove with commonality 0.01
Added ShiroTrap to AB_MiasmicMangrove with commonality 0.8
Added Silooth to AB_MiasmicMangrove with commonality 0.8
Added Sketto to AB_MiasmicMangrove with commonality 0.04
Added Snoruuk to AB_MiasmicMangrove with commonality 0.01
Added Stintaril to AB_MiasmicMangrove with commonality 0.6
Added Tach to AB_MiasmicMangrove with commonality 0.8
Added TeeMuss to AB_MiasmicMangrove with commonality 0.04
Added TetnissCrab to AB_MiasmicMangrove with commonality 0.2
Added Thranta to AB_MiasmicMangrove with commonality 0.8
Added Tooke to AB_MiasmicMangrove with commonality 0.1
Added Taozin to AB_MiasmicMangrove with commonality 0.01
Added Vapaad to AB_MiasmicMangrove with commonality 0.4
Added Veermok to AB_MiasmicMangrove with commonality 0.8
Added Voorpak to AB_MiasmicMangrove with commonality 0.01
Added Whisperbird to AB_MiasmicMangrove with commonality 0.8
Added Woolamander to AB_MiasmicMangrove with commonality 0.8
Added Worrt to AB_MiasmicMangrove with commonality 0.4
Added Wyyyschokk to AB_MiasmicMangrove with commonality 0.4
Added GiantToad to AB_MiasmicMangrove with commonality 0.07
Added RSW_Diplocaulus to AB_MiasmicMangrove with commonality 0.1
Added RSW_Holcorobeus to AB_MiasmicMangrove with commonality 0.075
Added RSW_Platyhystrix to AB_MiasmicMangrove with commonality 0.1
Added RSW_Protosolpuga to AB_MiasmicMangrove with commonality 0.075
Added RSW_Nuna to AB_MiasmicMangrove with commonality 0.9
Added RSW_Porg to AB_MiasmicMangrove with commonality 0.4
Added JOE_Landopus to AB_MiasmicMangrove with commonality 1
Added JOE_Cephalope to AB_MiasmicMangrove with commonality 0.5
Added JOE_Nautilant to AB_MiasmicMangrove with commonality 0.07
Added Bardelot to AB_PropaneLakes with commonality 0.05
Added DA_BeardedTroll to AB_PropaneLakes with commonality 0.05
Added DA_SnowTaraal to AB_PropaneLakes with commonality 0.075
Added Rancor to AB_PropaneLakes with commonality 0.005
Added Tauntaun to AB_PropaneLakes with commonality 0.03
Added Nerf to AB_PropaneLakes with commonality 0.005
Added Wampa to AB_PropaneLakes with commonality 0.01
Added Aiwha to AB_PropaneLakes with commonality 0.005
Added Behemoth to AB_PropaneLakes with commonality 0.005
Added Beldon to AB_PropaneLakes with commonality 0.005
Added Jakobeast to AB_PropaneLakes with commonality 0.02
Added LothWolf to AB_PropaneLakes with commonality 0.005
Added Maalraas to AB_PropaneLakes with commonality 0.005
Added Mastmot to AB_PropaneLakes with commonality 0.005
Added Narglatch to AB_PropaneLakes with commonality 0.005
Added Tibidee to AB_PropaneLakes with commonality 0.005
Added Warbird to AB_PropaneLakes with commonality 0.005
Added RSW_Wampa to AB_PropaneLakes with commonality 0.01
Added JOE_Cephalope to AB_PropaneLakes with commonality 0.005
Added JOE_Nautilant to AB_PropaneLakes with commonality 0.01
Added FancyRat to AB_MycoticJungle with commonality 0.05
Added Worm to AB_MycoticJungle with commonality 0.3
Added Gigantelope to AB_MycoticJungle with commonality 0.5
Added Megasquid to AB_MycoticJungle with commonality 0.4
Added Rabbuck to AB_MycoticJungle with commonality 0.4
Added Toraton to AB_MycoticJungle with commonality 0.075
Added DA_Barog to AB_MycoticJungle with commonality 0.25
Added DA_Snaptoad to AB_MycoticJungle with commonality 0.25
Added DA_Phrak to AB_MycoticJungle with commonality 0.15
Added DA_RedhornedLarpah to AB_MycoticJungle with commonality 0.005
Added DA_Taraal to AB_MycoticJungle with commonality 0.1
Added JRWArchaeopteryx to AB_MycoticJungle with commonality 0.025
Added JRWArthropleura to AB_MycoticJungle with commonality 0.025
Added JRWBagaceratops to AB_MycoticJungle with commonality 0.0375
Added JRWBeelzebufo to AB_MycoticJungle with commonality 0.1
Added JRWBernicia to AB_MycoticJungle with commonality 0.0625
Added JRWBrachytrachelopan to AB_MycoticJungle with commonality 0.045
Added JRWCaihong to AB_MycoticJungle with commonality 0.025
Added JRWDilophosaurus to AB_MycoticJungle with commonality 0.0625
Added JRWDiplocaulus to AB_MycoticJungle with commonality 0.1
Added JRWEuoplocephalus to AB_MycoticJungle with commonality 0.0375
Added JRWEuphoberia to AB_MycoticJungle with commonality 0.025
Added JRWGeosternbergia to AB_MycoticJungle with commonality 0.05
Added JRWGeralinura to AB_MycoticJungle with commonality 0.05
Added JRWGorgonops to AB_MycoticJungle with commonality 0.0375
Added JRWHynerpeton to AB_MycoticJungle with commonality 0.1
Added JRWIschigualastia to AB_MycoticJungle with commonality 0.0375
Added JRWMacrelcana to AB_MycoticJungle with commonality 0.0625
Added JRWManipulator to AB_MycoticJungle with commonality 0.0625
Added JRWMeganeura to AB_MycoticJungle with commonality 0.0625
Added JRWNyctosaurus to AB_MycoticJungle with commonality 0.05
Added JRWPlatyhystrix to AB_MycoticJungle with commonality 0.1
Added JRWProtosolpuga to AB_MycoticJungle with commonality 0.0625
Added JRWPteranodon to AB_MycoticJungle with commonality 0.05
Added JRWPulmonoscorpius to AB_MycoticJungle with commonality 0.05
Added JRWQantassaurus to AB_MycoticJungle with commonality 0.025
Added JRWQuetzalcoatlus to AB_MycoticJungle with commonality 0.05
Added Ling_Cockroach to AB_MycoticJungle with commonality 0.005
Added Dewback to AB_MycoticJungle with commonality 0.02
Added Rancor to AB_MycoticJungle with commonality 0.005
Added Bantha to AB_MycoticJungle with commonality 0.01
Added Nexu to AB_MycoticJungle with commonality 0.03
Added Acklay to AB_MycoticJungle with commonality 0.04
Added Reek to AB_MycoticJungle with commonality 0.02
Added Nerf to AB_MycoticJungle with commonality 0.015
Added Gizka to AB_MycoticJungle with commonality 0.6
Added Porg to AB_MycoticJungle with commonality 0.44
Added Vulptex to AB_MycoticJungle with commonality 0.005
Added Akk to AB_MycoticJungle with commonality 0.01
Added Aiwha to AB_MycoticJungle with commonality 0.02
Added Anooba to AB_MycoticJungle with commonality 0.02
Added Behemoth to AB_MycoticJungle with commonality 0.01
Added Beldon to AB_MycoticJungle with commonality 0.01
Added Boarwolf to AB_MycoticJungle with commonality 0.08
Added Blarth to AB_MycoticJungle with commonality 0.045
Added Blixus to AB_MycoticJungle with commonality 0.205
Added Blurrg to AB_MycoticJungle with commonality 0.08
Added Bolotaur to AB_MycoticJungle with commonality 0.4
Added Bogwing to AB_MycoticJungle with commonality 0.045
Added Boma to AB_MycoticJungle with commonality 0.22
Added Bordok to AB_MycoticJungle with commonality 0.5
Added Borcatu to AB_MycoticJungle with commonality 0.12
Added Brezak to AB_MycoticJungle with commonality 0.02
Added Bursa to AB_MycoticJungle with commonality 0.22
Added CanCell to AB_MycoticJungle with commonality 0.4
Added Cannok to AB_MycoticJungle with commonality 0.28
Added Clodhopper to AB_MycoticJungle with commonality 0.42
Added Convor to AB_MycoticJungle with commonality 0.7
Added Corinathoth to AB_MycoticJungle with commonality 0.04
Added Dactillion to AB_MycoticJungle with commonality 0.04
Added Dalgo to AB_MycoticJungle with commonality 0.205
Added Devourers to AB_MycoticJungle with commonality 0.05
Added Dianoga to AB_MycoticJungle with commonality 0.205
Added Dragonsnake to AB_MycoticJungle with commonality 0.3
Added Drexl to AB_MycoticJungle with commonality 0.01
Added Eopie to AB_MycoticJungle with commonality 0.02
Added Falumpaset to AB_MycoticJungle with commonality 0.7
Added Fambaa to AB_MycoticJungle with commonality 0.205
Added Fanback to AB_MycoticJungle with commonality 0.42
Added FeralGrazer to AB_MycoticJungle with commonality 0.4
Added FeralNerf to AB_MycoticJungle with commonality 0.09
Added FrilledGorg to AB_MycoticJungle with commonality 0.6
Added FrogDog to AB_MycoticJungle with commonality 0.045
Added Gelagrub to AB_MycoticJungle with commonality 0.22
Added Gorg to AB_MycoticJungle with commonality 0.32
Added Grank to AB_MycoticJungle with commonality 0.3
Added GraniteSlug to AB_MycoticJungle with commonality 0.1
Added Gualaar to AB_MycoticJungle with commonality 0.2
Added Gullipud to AB_MycoticJungle with commonality 0.6
Added Gundark to AB_MycoticJungle with commonality 0.1
Added Gutkurr to AB_MycoticJungle with commonality 0.005
Added HarvesterBeetle to AB_MycoticJungle with commonality 0.08
Added Hawkbat to AB_MycoticJungle with commonality 0.01
Added Horax to AB_MycoticJungle with commonality 0.005
Added Hrumph to AB_MycoticJungle with commonality 0.9
Added Hssiss to AB_MycoticJungle with commonality 0.42
Added Igitz to AB_MycoticJungle with commonality 0.045
Added Insectomorph to AB_MycoticJungle with commonality 0.32
Added IridonianReek to AB_MycoticJungle with commonality 0.1
Added IthorianReek to AB_MycoticJungle with commonality 0.2
Added Iriaz to AB_MycoticJungle with commonality 0.4
Added Jakobeast to AB_MycoticJungle with commonality 0.2
Added Jamel to AB_MycoticJungle with commonality 0.3
Added Jimvu to AB_MycoticJungle with commonality 0.405
Added Kaadu to AB_MycoticJungle with commonality 0.7
Added Katarn to AB_MycoticJungle with commonality 0.025
Added KellDragon to AB_MycoticJungle with commonality 0.15
Added KowakianMonkeyLizard to AB_MycoticJungle with commonality 0.25
Added Kinrath to AB_MycoticJungle with commonality 0.205
Added Klorslug to AB_MycoticJungle with commonality 0.205
Added Krykna to AB_MycoticJungle with commonality 0.01
Added Kreetle to AB_MycoticJungle with commonality 0.6
Added KwazelMaw to AB_MycoticJungle with commonality 0.3
Added Kwi to AB_MycoticJungle with commonality 0.34
Added Kybuck to AB_MycoticJungle with commonality 0.52
Added Leaftail to AB_MycoticJungle with commonality 0.6
Added LongtailGorg to AB_MycoticJungle with commonality 0.5
Added Lothcat to AB_MycoticJungle with commonality 0.2
Added LothWolf to AB_MycoticJungle with commonality 0.005
Added Maalraas to AB_MycoticJungle with commonality 0.3
Added Manka to AB_MycoticJungle with commonality 0.2
Added MarshHaunt to AB_MycoticJungle with commonality 0.04
Added MastiffPhalone to AB_MycoticJungle with commonality 0.3
Added Mastmot to AB_MycoticJungle with commonality 0.005
Added Mawvorr to AB_MycoticJungle with commonality 0.12
Added Mott to AB_MycoticJungle with commonality 0.7
Added Mynock to AB_MycoticJungle with commonality 0.1
Added Narglatch to AB_MycoticJungle with commonality 0.045
Added Neebray to AB_MycoticJungle with commonality 0.1
Added Nuna to AB_MycoticJungle with commonality 0.7
Added Ollopom to AB_MycoticJungle with commonality 0.5
Added Orray to AB_MycoticJungle with commonality 0.005
Added PaintedSpat to AB_MycoticJungle with commonality 0.005
Added PekoPeko to AB_MycoticJungle with commonality 0.55
Added Pikobis to AB_MycoticJungle with commonality 0.03
Added Qormot to AB_MycoticJungle with commonality 0.6
Added Raxshir to AB_MycoticJungle with commonality 0.005
Added Rikknit to AB_MycoticJungle with commonality 0.1
Added Ronto to AB_MycoticJungle with commonality 0.005
Added Runyip to AB_MycoticJungle with commonality 0.7
Added Scavrat to AB_MycoticJungle with commonality 0.44
Added Scurrier to AB_MycoticJungle with commonality 0.025
Added Shaak to AB_MycoticJungle with commonality 0.4
Added Shiro to AB_MycoticJungle with commonality 0.7
Added ShiroTrap to AB_MycoticJungle with commonality 0.7
Added Silooth to AB_MycoticJungle with commonality 0.44
Added Skalder to AB_MycoticJungle with commonality 0.005
Added Sketto to AB_MycoticJungle with commonality 0.005
Added Snoruuk to AB_MycoticJungle with commonality 0.055
Added Stintaril to AB_MycoticJungle with commonality 0.3
Added Strill to AB_MycoticJungle with commonality 0.05
Added Tach to AB_MycoticJungle with commonality 0.6
Added TeeMuss to AB_MycoticJungle with commonality 0.06
Added TetnissCrab to AB_MycoticJungle with commonality 0.3
Added Thranta to AB_MycoticJungle with commonality 0.405
Added Tooke to AB_MycoticJungle with commonality 0.1
Added Torton to AB_MycoticJungle with commonality 0.005
Added TuskCat to AB_MycoticJungle with commonality 0.4
Added Urusai to AB_MycoticJungle with commonality 0.05
Added Uvak to AB_MycoticJungle with commonality 0.2
Added Vapaad to AB_MycoticJungle with commonality 0.01
Added Varactyl to AB_MycoticJungle with commonality 0.04
Added Veermok to AB_MycoticJungle with commonality 0.4
Added Voorpak to AB_MycoticJungle with commonality 0.405
Added Vornskyr to AB_MycoticJungle with commonality 0.3
Added Whisperbird to AB_MycoticJungle with commonality 0.4
Added WompRat to AB_MycoticJungle with commonality 0.005
Added Woolamander to AB_MycoticJungle with commonality 0.6
Added Worrt to AB_MycoticJungle with commonality 0.155
Added Wraid to AB_MycoticJungle with commonality 0.02
Added Wyyyschokk to AB_MycoticJungle with commonality 0.105
Added Yobshrimp to AB_MycoticJungle with commonality 0.4
Added Zakkeg to AB_MycoticJungle with commonality 0.05
Added Zeer to AB_MycoticJungle with commonality 0.2
Added GiantToad to AB_MycoticJungle with commonality 0.235
Added RSW_Diplocaulus to AB_MycoticJungle with commonality 0.1
Added RSW_Holcorobeus to AB_MycoticJungle with commonality 0.0625
Added RSW_Platyhystrix to AB_MycoticJungle with commonality 0.1
Added RSW_Protosolpuga to AB_MycoticJungle with commonality 0.0625
Added RSW_Segnosaurus to AB_MycoticJungle with commonality 0.045
Added RSW_Acklay to AB_MycoticJungle with commonality 0.04
Added RSW_Bantha to AB_MycoticJungle with commonality 0.01
Added RSW_Dewback to AB_MycoticJungle with commonality 0.02
Added RSW_Iriaz to AB_MycoticJungle with commonality 0.4
Added RSW_Nuna to AB_MycoticJungle with commonality 0.7
Added RSW_Porg to AB_MycoticJungle with commonality 0.44
Added RSW_Vulptex to AB_MycoticJungle with commonality 0.005
Added JOE_Landopus to AB_MycoticJungle with commonality 0.55
Added JOE_Cephalope to AB_MycoticJungle with commonality 0.285
Added JOE_Nautilant to AB_MycoticJungle with commonality 0.03
Added KraytDragon to AB_MechanoidIntrusion with commonality 0.15
Added Gizka to AB_MechanoidIntrusion with commonality 0.01
Added GraniteSlug to AB_MechanoidIntrusion with commonality 0.1
Added GreaterKraytDragon to AB_MechanoidIntrusion with commonality 0.001
Added Kreetle to AB_MechanoidIntrusion with commonality 0.2
Added Mynock to AB_MechanoidIntrusion with commonality 0.3
Added Scavrat to AB_MechanoidIntrusion with commonality 0.6
Added Scurrier to AB_MechanoidIntrusion with commonality 0.1
Added WarWyrm to AB_MechanoidIntrusion with commonality 0.2
Added WompRat to AB_MechanoidIntrusion with commonality 0.4
Added VFEI2_Fuelmite to AB_MechanoidIntrusion with commonality 0.3
Added RSW_Wampa to AB_MechanoidIntrusion with commonality 0.02
Added FancyRat to AB_GelatinousSuperorganism with commonality 0.05
Added Worm to AB_GelatinousSuperorganism with commonality 0.3
Added Gigantelope to AB_GelatinousSuperorganism with commonality 0.5
Added Megasquid to AB_GelatinousSuperorganism with commonality 0.4
Added Rabbuck to AB_GelatinousSuperorganism with commonality 0.4
Added Toraton to AB_GelatinousSuperorganism with commonality 0.075
Added DA_Barog to AB_GelatinousSuperorganism with commonality 0.25
Added DA_Snaptoad to AB_GelatinousSuperorganism with commonality 0.25
Added DA_Phrak to AB_GelatinousSuperorganism with commonality 0.15
Added DA_RedhornedLarpah to AB_GelatinousSuperorganism with commonality 0.005
Added DA_Taraal to AB_GelatinousSuperorganism with commonality 0.1
Added JRWArchaeopteryx to AB_GelatinousSuperorganism with commonality 0.025
Added JRWArthropleura to AB_GelatinousSuperorganism with commonality 0.025
Added JRWBagaceratops to AB_GelatinousSuperorganism with commonality 0.0375
Added JRWBeelzebufo to AB_GelatinousSuperorganism with commonality 0.1
Added JRWBernicia to AB_GelatinousSuperorganism with commonality 0.0625
Added JRWBrachytrachelopan to AB_GelatinousSuperorganism with commonality 0.045
Added JRWCaihong to AB_GelatinousSuperorganism with commonality 0.025
Added JRWDilophosaurus to AB_GelatinousSuperorganism with commonality 0.0625
Added JRWDiplocaulus to AB_GelatinousSuperorganism with commonality 0.1
Added JRWEuoplocephalus to AB_GelatinousSuperorganism with commonality 0.0375
Added JRWEuphoberia to AB_GelatinousSuperorganism with commonality 0.025
Added JRWGeosternbergia to AB_GelatinousSuperorganism with commonality 0.05
Added JRWGeralinura to AB_GelatinousSuperorganism with commonality 0.05
Added JRWGorgonops to AB_GelatinousSuperorganism with commonality 0.0375
Added JRWHynerpeton to AB_GelatinousSuperorganism with commonality 0.1
Added JRWIschigualastia to AB_GelatinousSuperorganism with commonality 0.0375
Added JRWMacrelcana to AB_GelatinousSuperorganism with commonality 0.0625
Added JRWManipulator to AB_GelatinousSuperorganism with commonality 0.0625
Added JRWMeganeura to AB_GelatinousSuperorganism with commonality 0.0625
Added JRWNyctosaurus to AB_GelatinousSuperorganism with commonality 0.05
Added JRWPlatyhystrix to AB_GelatinousSuperorganism with commonality 0.1
Added JRWProtosolpuga to AB_GelatinousSuperorganism with commonality 0.0625
Added JRWPteranodon to AB_GelatinousSuperorganism with commonality 0.05
Added JRWPulmonoscorpius to AB_GelatinousSuperorganism with commonality 0.05
Added JRWQantassaurus to AB_GelatinousSuperorganism with commonality 0.025
Added JRWQuetzalcoatlus to AB_GelatinousSuperorganism with commonality 0.05
Added Ling_Cockroach to AB_GelatinousSuperorganism with commonality 0.005
Added Dewback to AB_GelatinousSuperorganism with commonality 0.02
Added Rancor to AB_GelatinousSuperorganism with commonality 0.005
Added Bantha to AB_GelatinousSuperorganism with commonality 0.01
Added Nexu to AB_GelatinousSuperorganism with commonality 0.03
Added Acklay to AB_GelatinousSuperorganism with commonality 0.04
Added Reek to AB_GelatinousSuperorganism with commonality 0.02
Added Nerf to AB_GelatinousSuperorganism with commonality 0.015
Added Gizka to AB_GelatinousSuperorganism with commonality 0.6
Added Porg to AB_GelatinousSuperorganism with commonality 0.44
Added Vulptex to AB_GelatinousSuperorganism with commonality 0.005
Added Akk to AB_GelatinousSuperorganism with commonality 0.01
Added Aiwha to AB_GelatinousSuperorganism with commonality 0.02
Added Anooba to AB_GelatinousSuperorganism with commonality 0.02
Added Behemoth to AB_GelatinousSuperorganism with commonality 0.01
Added Beldon to AB_GelatinousSuperorganism with commonality 0.01
Added Boarwolf to AB_GelatinousSuperorganism with commonality 0.08
Added Blarth to AB_GelatinousSuperorganism with commonality 0.045
Added Blixus to AB_GelatinousSuperorganism with commonality 0.205
Added Blurrg to AB_GelatinousSuperorganism with commonality 0.08
Added Bolotaur to AB_GelatinousSuperorganism with commonality 0.4
Added Bogwing to AB_GelatinousSuperorganism with commonality 0.045
Added Boma to AB_GelatinousSuperorganism with commonality 0.22
Added Bordok to AB_GelatinousSuperorganism with commonality 0.5
Added Borcatu to AB_GelatinousSuperorganism with commonality 0.12
Added Brezak to AB_GelatinousSuperorganism with commonality 0.02
Added Bursa to AB_GelatinousSuperorganism with commonality 0.22
Added CanCell to AB_GelatinousSuperorganism with commonality 0.4
Added Cannok to AB_GelatinousSuperorganism with commonality 0.28
Added Clodhopper to AB_GelatinousSuperorganism with commonality 0.42
Added Convor to AB_GelatinousSuperorganism with commonality 0.7
Added Corinathoth to AB_GelatinousSuperorganism with commonality 0.04
Added Dactillion to AB_GelatinousSuperorganism with commonality 0.04
Added Dalgo to AB_GelatinousSuperorganism with commonality 0.205
Added Devourers to AB_GelatinousSuperorganism with commonality 0.05
Added Dianoga to AB_GelatinousSuperorganism with commonality 0.205
Added Dragonsnake to AB_GelatinousSuperorganism with commonality 0.3
Added Drexl to AB_GelatinousSuperorganism with commonality 0.01
Added Eopie to AB_GelatinousSuperorganism with commonality 0.02
Added Falumpaset to AB_GelatinousSuperorganism with commonality 0.7
Added Fambaa to AB_GelatinousSuperorganism with commonality 0.205
Added Fanback to AB_GelatinousSuperorganism with commonality 0.42
Added FeralGrazer to AB_GelatinousSuperorganism with commonality 0.4
Added FeralNerf to AB_GelatinousSuperorganism with commonality 0.09
Added FrilledGorg to AB_GelatinousSuperorganism with commonality 0.6
Added FrogDog to AB_GelatinousSuperorganism with commonality 0.045
Added Gelagrub to AB_GelatinousSuperorganism with commonality 0.22
Added Gorg to AB_GelatinousSuperorganism with commonality 0.32
Added Grank to AB_GelatinousSuperorganism with commonality 0.3
Added GraniteSlug to AB_GelatinousSuperorganism with commonality 0.1
Added Gualaar to AB_GelatinousSuperorganism with commonality 0.2
Added Gullipud to AB_GelatinousSuperorganism with commonality 0.6
Added Gundark to AB_GelatinousSuperorganism with commonality 0.1
Added Gutkurr to AB_GelatinousSuperorganism with commonality 0.005
Added HarvesterBeetle to AB_GelatinousSuperorganism with commonality 0.08
Added Hawkbat to AB_GelatinousSuperorganism with commonality 0.01
Added Horax to AB_GelatinousSuperorganism with commonality 0.005
Added Hrumph to AB_GelatinousSuperorganism with commonality 0.9
Added Hssiss to AB_GelatinousSuperorganism with commonality 0.42
Added Igitz to AB_GelatinousSuperorganism with commonality 0.045
Added Insectomorph to AB_GelatinousSuperorganism with commonality 0.32
Added IridonianReek to AB_GelatinousSuperorganism with commonality 0.1
Added IthorianReek to AB_GelatinousSuperorganism with commonality 0.2
Added Iriaz to AB_GelatinousSuperorganism with commonality 0.4
Added Jakobeast to AB_GelatinousSuperorganism with commonality 0.2
Added Jamel to AB_GelatinousSuperorganism with commonality 0.3
Added Jimvu to AB_GelatinousSuperorganism with commonality 0.405
Added Kaadu to AB_GelatinousSuperorganism with commonality 0.7
Added Katarn to AB_GelatinousSuperorganism with commonality 0.025
Added KellDragon to AB_GelatinousSuperorganism with commonality 0.15
Added KowakianMonkeyLizard to AB_GelatinousSuperorganism with commonality 0.25
Added Kinrath to AB_GelatinousSuperorganism with commonality 0.205
Added Klorslug to AB_GelatinousSuperorganism with commonality 0.205
Added Krykna to AB_GelatinousSuperorganism with commonality 0.01
Added Kreetle to AB_GelatinousSuperorganism with commonality 0.6
Added KwazelMaw to AB_GelatinousSuperorganism with commonality 0.3
Added Kwi to AB_GelatinousSuperorganism with commonality 0.34
Added Kybuck to AB_GelatinousSuperorganism with commonality 0.52
Added Leaftail to AB_GelatinousSuperorganism with commonality 0.6
Added LongtailGorg to AB_GelatinousSuperorganism with commonality 0.5
Added Lothcat to AB_GelatinousSuperorganism with commonality 0.2
Added LothWolf to AB_GelatinousSuperorganism with commonality 0.005
Added Maalraas to AB_GelatinousSuperorganism with commonality 0.3
Added Manka to AB_GelatinousSuperorganism with commonality 0.2
Added MarshHaunt to AB_GelatinousSuperorganism with commonality 0.04
Added MastiffPhalone to AB_GelatinousSuperorganism with commonality 0.3
Added Mastmot to AB_GelatinousSuperorganism with commonality 0.005
Added Mawvorr to AB_GelatinousSuperorganism with commonality 0.12
Added Mott to AB_GelatinousSuperorganism with commonality 0.7
Added Mynock to AB_GelatinousSuperorganism with commonality 0.1
Added Narglatch to AB_GelatinousSuperorganism with commonality 0.045
Added Neebray to AB_GelatinousSuperorganism with commonality 0.1
Added Nuna to AB_GelatinousSuperorganism with commonality 0.7
Added Ollopom to AB_GelatinousSuperorganism with commonality 0.5
Added Orray to AB_GelatinousSuperorganism with commonality 0.005
Added PaintedSpat to AB_GelatinousSuperorganism with commonality 0.005
Added PekoPeko to AB_GelatinousSuperorganism with commonality 0.55
Added Pikobis to AB_GelatinousSuperorganism with commonality 0.03
Added Qormot to AB_GelatinousSuperorganism with commonality 0.6
Added Raxshir to AB_GelatinousSuperorganism with commonality 0.005
Added Rikknit to AB_GelatinousSuperorganism with commonality 0.1
Added Ronto to AB_GelatinousSuperorganism with commonality 0.005
Added Runyip to AB_GelatinousSuperorganism with commonality 0.7
Added Scavrat to AB_GelatinousSuperorganism with commonality 0.44
Added Scurrier to AB_GelatinousSuperorganism with commonality 0.025
Added Shaak to AB_GelatinousSuperorganism with commonality 0.4
Added Shiro to AB_GelatinousSuperorganism with commonality 0.7
Added ShiroTrap to AB_GelatinousSuperorganism with commonality 0.7
Added Silooth to AB_GelatinousSuperorganism with commonality 0.44
Added Skalder to AB_GelatinousSuperorganism with commonality 0.005
Added Sketto to AB_GelatinousSuperorganism with commonality 0.005
Added Snoruuk to AB_GelatinousSuperorganism with commonality 0.055
Added Stintaril to AB_GelatinousSuperorganism with commonality 0.3
Added Strill to AB_GelatinousSuperorganism with commonality 0.05
Added Tach to AB_GelatinousSuperorganism with commonality 0.6
Added TeeMuss to AB_GelatinousSuperorganism with commonality 0.06
Added TetnissCrab to AB_GelatinousSuperorganism with commonality 0.3
Added Thranta to AB_GelatinousSuperorganism with commonality 0.405
Added Tooke to AB_GelatinousSuperorganism with commonality 0.1
Added Torton to AB_GelatinousSuperorganism with commonality 0.005
Added TuskCat to AB_GelatinousSuperorganism with commonality 0.4
Added Urusai to AB_GelatinousSuperorganism with commonality 0.05
Added Uvak to AB_GelatinousSuperorganism with commonality 0.2
Added Vapaad to AB_GelatinousSuperorganism with commonality 0.01
Added Varactyl to AB_GelatinousSuperorganism with commonality 0.04
Added Veermok to AB_GelatinousSuperorganism with commonality 0.4
Added Voorpak to AB_GelatinousSuperorganism with commonality 0.405
Added Vornskyr to AB_GelatinousSuperorganism with commonality 0.3
Added Whisperbird to AB_GelatinousSuperorganism with commonality 0.4
Added WompRat to AB_GelatinousSuperorganism with commonality 0.005
Added Woolamander to AB_GelatinousSuperorganism with commonality 0.6
Added Worrt to AB_GelatinousSuperorganism with commonality 0.155
Added Wraid to AB_GelatinousSuperorganism with commonality 0.02
Added Wyyyschokk to AB_GelatinousSuperorganism with commonality 0.105
Added Yobshrimp to AB_GelatinousSuperorganism with commonality 0.4
Added Zakkeg to AB_GelatinousSuperorganism with commonality 0.05
Added Zeer to AB_GelatinousSuperorganism with commonality 0.2
Added GiantToad to AB_GelatinousSuperorganism with commonality 0.235
Added RSW_Diplocaulus to AB_GelatinousSuperorganism with commonality 0.1
Added RSW_Holcorobeus to AB_GelatinousSuperorganism with commonality 0.0625
Added RSW_Platyhystrix to AB_GelatinousSuperorganism with commonality 0.1
Added RSW_Protosolpuga to AB_GelatinousSuperorganism with commonality 0.0625
Added RSW_Segnosaurus to AB_GelatinousSuperorganism with commonality 0.045
Added RSW_Acklay to AB_GelatinousSuperorganism with commonality 0.04
Added RSW_Bantha to AB_GelatinousSuperorganism with commonality 0.01
Added RSW_Dewback to AB_GelatinousSuperorganism with commonality 0.02
Added RSW_Iriaz to AB_GelatinousSuperorganism with commonality 0.4
Added RSW_Nuna to AB_GelatinousSuperorganism with commonality 0.7
Added RSW_Porg to AB_GelatinousSuperorganism with commonality 0.44
Added RSW_Vulptex to AB_GelatinousSuperorganism with commonality 0.005
Added JOE_Landopus to AB_GelatinousSuperorganism with commonality 0.55
Added JOE_Cephalope to AB_GelatinousSuperorganism with commonality 0.285
Added JOE_Nautilant to AB_GelatinousSuperorganism with commonality 0.03
Added FancyRat to AB_TarPits with commonality 0.035
Added Worm to AB_TarPits with commonality 0.15
Added Gigantelope to AB_TarPits with commonality 0.25
Added Megasquid to AB_TarPits with commonality 0.25
Added Rabbuck to AB_TarPits with commonality 0.25
Added Toraton to AB_TarPits with commonality 0.025
Added DA_RedhornedLarpah to AB_TarPits with commonality 0.005
Added DA_Taraal to AB_TarPits with commonality 0.1
Added JRWArchaeopteryx to AB_TarPits with commonality 0.025
Added JRWArthropleura to AB_TarPits with commonality 0.025
Added JRWBagaceratops to AB_TarPits with commonality 0.0375
Added JRWBeelzebufo to AB_TarPits with commonality 0.05
Added JRWBernicia to AB_TarPits with commonality 0.025
Added JRWBrachytrachelopan to AB_TarPits with commonality 0.045
Added JRWCaihong to AB_TarPits with commonality 0.025
Added JRWDilophosaurus to AB_TarPits with commonality 0.025
Added JRWDiplocaulus to AB_TarPits with commonality 0.05
Added JRWEuoplocephalus to AB_TarPits with commonality 0.0375
Added JRWEuphoberia to AB_TarPits with commonality 0.025
Added JRWGeosternbergia to AB_TarPits with commonality 0.05
Added JRWGeralinura to AB_TarPits with commonality 0.025
Added JRWGorgonops to AB_TarPits with commonality 0.0375
Added JRWHynerpeton to AB_TarPits with commonality 0.05
Added JRWIschigualastia to AB_TarPits with commonality 0.0375
Added JRWMacrelcana to AB_TarPits with commonality 0.025
Added JRWManipulator to AB_TarPits with commonality 0.025
Added JRWMeganeura to AB_TarPits with commonality 0.025
Added JRWNyctosaurus to AB_TarPits with commonality 0.05
Added JRWPlatyhystrix to AB_TarPits with commonality 0.05
Added JRWProtosolpuga to AB_TarPits with commonality 0.025
Added JRWPteranodon to AB_TarPits with commonality 0.05
Added JRWPulmonoscorpius to AB_TarPits with commonality 0.025
Added JRWQantassaurus to AB_TarPits with commonality 0.025
Added JRWQuetzalcoatlus to AB_TarPits with commonality 0.05
Added Ling_Cockroach to AB_TarPits with commonality 0.0025
Added Dewback to AB_TarPits with commonality 0.02
Added Rancor to AB_TarPits with commonality 0.005
Added Bantha to AB_TarPits with commonality 0.01
Added Nexu to AB_TarPits with commonality 0.03
Added Acklay to AB_TarPits with commonality 0.04
Added Reek to AB_TarPits with commonality 0.02
Added Nerf to AB_TarPits with commonality 0.015
Added Gizka to AB_TarPits with commonality 0.2
Added Porg to AB_TarPits with commonality 0.04
Added Vulptex to AB_TarPits with commonality 0.005
Added Akk to AB_TarPits with commonality 0.01
Added Aiwha to AB_TarPits with commonality 0.02
Added Anooba to AB_TarPits with commonality 0.02
Added Behemoth to AB_TarPits with commonality 0.005
Added Beldon to AB_TarPits with commonality 0.005
Added Boarwolf to AB_TarPits with commonality 0.08
Added Blarth to AB_TarPits with commonality 0.005
Added Blixus to AB_TarPits with commonality 0.005
Added Blurrg to AB_TarPits with commonality 0.08
Added Bolotaur to AB_TarPits with commonality 0.4
Added Bogwing to AB_TarPits with commonality 0.005
Added Boma to AB_TarPits with commonality 0.02
Added Bordok to AB_TarPits with commonality 0.4
Added Borcatu to AB_TarPits with commonality 0.08
Added Brezak to AB_TarPits with commonality 0.02
Added Bursa to AB_TarPits with commonality 0.02
Added CanCell to AB_TarPits with commonality 0.2
Added Cannok to AB_TarPits with commonality 0.08
Added Clodhopper to AB_TarPits with commonality 0.4
Added Convor to AB_TarPits with commonality 0.3
Added Corinathoth to AB_TarPits with commonality 0.02
Added Dactillion to AB_TarPits with commonality 0.04
Added Dalgo to AB_TarPits with commonality 0.2
Added Devourers to AB_TarPits with commonality 0.02
Added Dianoga to AB_TarPits with commonality 0.005
Added Drexl to AB_TarPits with commonality 0.005
Added Eopie to AB_TarPits with commonality 0.02
Added Falumpaset to AB_TarPits with commonality 0.4
Added Fambaa to AB_TarPits with commonality 0.005
Added Fanback to AB_TarPits with commonality 0.02
Added FeralGrazer to AB_TarPits with commonality 0.4
Added FeralNerf to AB_TarPits with commonality 0.075
Added FrilledGorg to AB_TarPits with commonality 0.3
Added FrogDog to AB_TarPits with commonality 0.005
Added Gelagrub to AB_TarPits with commonality 0.02
Added Gorg to AB_TarPits with commonality 0.02
Added Grank to AB_TarPits with commonality 0.3
Added GraniteSlug to AB_TarPits with commonality 0.05
Added Gualaar to AB_TarPits with commonality 0.2
Added Gullipud to AB_TarPits with commonality 0.2
Added Gundark to AB_TarPits with commonality 0.05
Added Gutkurr to AB_TarPits with commonality 0.005
Added HarvesterBeetle to AB_TarPits with commonality 0.04
Added Hawkbat to AB_TarPits with commonality 0.005
Added Horax to AB_TarPits with commonality 0.005
Added Hrumph to AB_TarPits with commonality 0.5
Added Hssiss to AB_TarPits with commonality 0.02
Added Igitz to AB_TarPits with commonality 0.005
Added Insectomorph to AB_TarPits with commonality 0.3
Added IridonianReek to AB_TarPits with commonality 0.1
Added IthorianReek to AB_TarPits with commonality 0.2
Added Iriaz to AB_TarPits with commonality 0.4
Added Jakobeast to AB_TarPits with commonality 0.2
Added Jamel to AB_TarPits with commonality 0.3
Added Jimvu to AB_TarPits with commonality 0.4
Added Kaadu to AB_TarPits with commonality 0.25
Added Katarn to AB_TarPits with commonality 0.02
Added KowakianMonkeyLizard to AB_TarPits with commonality 0.2
Added Kinrath to AB_TarPits with commonality 0.005
Added Klorslug to AB_TarPits with commonality 0.005
Added Krykna to AB_TarPits with commonality 0.005
Added Kreetle to AB_TarPits with commonality 0.3
Added Kwi to AB_TarPits with commonality 0.3
Added Kybuck to AB_TarPits with commonality 0.5
Added Leaftail to AB_TarPits with commonality 0.2
Added LongtailGorg to AB_TarPits with commonality 0.2
Added Lothcat to AB_TarPits with commonality 0.2
Added LothWolf to AB_TarPits with commonality 0.005
Added Maalraas to AB_TarPits with commonality 0.3
Added Manka to AB_TarPits with commonality 0.2
Added MastiffPhalone to AB_TarPits with commonality 0.3
Added Mastmot to AB_TarPits with commonality 0.005
Added Mawvorr to AB_TarPits with commonality 0.1
Added Mott to AB_TarPits with commonality 0.25
Added Mynock to AB_TarPits with commonality 0.05
Added Narglatch to AB_TarPits with commonality 0.005
Added Neebray to AB_TarPits with commonality 0.05
Added Nuna to AB_TarPits with commonality 0.25
Added Ollopom to AB_TarPits with commonality 0.1
Added Orray to AB_TarPits with commonality 0.005
Added PaintedSpat to AB_TarPits with commonality 0.005
Added PekoPeko to AB_TarPits with commonality 0.1
Added Pikobis to AB_TarPits with commonality 0.005
Added Qormot to AB_TarPits with commonality 0.4
Added Raxshir to AB_TarPits with commonality 0.005
Added Rikknit to AB_TarPits with commonality 0.05
Added Ronto to AB_TarPits with commonality 0.005
Added Runyip to AB_TarPits with commonality 0.4
Added Scavrat to AB_TarPits with commonality 0.4
Added Scurrier to AB_TarPits with commonality 0.02
Added Shaak to AB_TarPits with commonality 0.4
Added Shiro to AB_TarPits with commonality 0.3
Added ShiroTrap to AB_TarPits with commonality 0.3
Added Silooth to AB_TarPits with commonality 0.04
Added Skalder to AB_TarPits with commonality 0.005
Added Sketto to AB_TarPits with commonality 0.005
Added Snoruuk to AB_TarPits with commonality 0.05
Added Stintaril to AB_TarPits with commonality 0.2
Added Strill to AB_TarPits with commonality 0.05
Added Tach to AB_TarPits with commonality 0.3
Added TeeMuss to AB_TarPits with commonality 0.04
Added Thranta to AB_TarPits with commonality 0.005
Added Tooke to AB_TarPits with commonality 0.05
Added Torton to AB_TarPits with commonality 0.005
Added TuskCat to AB_TarPits with commonality 0.4
Added Urusai to AB_TarPits with commonality 0.05
Added Uvak to AB_TarPits with commonality 0.2
Added Vapaad to AB_TarPits with commonality 0.005
Added Varactyl to AB_TarPits with commonality 0.04
Added Veermok to AB_TarPits with commonality 0.1
Added Voorpak to AB_TarPits with commonality 0.4
Added Vornskyr to AB_TarPits with commonality 0.3
Added Whisperbird to AB_TarPits with commonality 0.2
Added WompRat to AB_TarPits with commonality 0.005
Added Woolamander to AB_TarPits with commonality 0.3
Added Worrt to AB_TarPits with commonality 0.005
Added Wraid to AB_TarPits with commonality 0.02
Added Wyyyschokk to AB_TarPits with commonality 0.005
Added Zakkeg to AB_TarPits with commonality 0.05
Added Zeer to AB_TarPits with commonality 0.2
Added GiantToad to AB_TarPits with commonality 0.2
Added BMT_Jellypot to AB_TarPits with commonality 0.35
Added RSW_Diplocaulus to AB_TarPits with commonality 0.05
Added RSW_Holcorobeus to AB_TarPits with commonality 0.025
Added RSW_Platyhystrix to AB_TarPits with commonality 0.05
Added RSW_Protosolpuga to AB_TarPits with commonality 0.025
Added RSW_Segnosaurus to AB_TarPits with commonality 0.045
Added RSW_Acklay to AB_TarPits with commonality 0.04
Added RSW_Bantha to AB_TarPits with commonality 0.41
Added RSW_Dewback to AB_TarPits with commonality 0.02
Added RSW_Iriaz to AB_TarPits with commonality 0.4
Added RSW_Nuna to AB_TarPits with commonality 0.25
Added RSW_Porg to AB_TarPits with commonality 0.04
Added RSW_Vulptex to AB_TarPits with commonality 0.005
Added JOE_Landopus to AB_TarPits with commonality 0.05
Added JOE_Cephalope to AB_TarPits with commonality 0.035
Added JOE_Nautilant to AB_TarPits with commonality 0.005
Added FancyRat to AB_FeraliskInfestedJungle with commonality 0.03
Added Giantala to AB_FeraliskInfestedJungle with commonality 0.15
Added Gigantelope to AB_FeraliskInfestedJungle with commonality 0.5
Added Toraton to AB_FeraliskInfestedJungle with commonality 0.1
Added Yippa to AB_FeraliskInfestedJungle with commonality 0.5
Added Zarander to AB_FeraliskInfestedJungle with commonality 0.5
Added DA_Barog to AB_FeraliskInfestedJungle with commonality 0.25
Added DA_Snaptoad to AB_FeraliskInfestedJungle with commonality 0.25
Added DA_Phrak to AB_FeraliskInfestedJungle with commonality 0.15
Added JRWArchaeopteryx to AB_FeraliskInfestedJungle with commonality 0.05
Added JRWArthropleura to AB_FeraliskInfestedJungle with commonality 0.1
Added JRWBagaceratops to AB_FeraliskInfestedJungle with commonality 0.0375
Added JRWBaseopsis to AB_FeraliskInfestedJungle with commonality 0.025
Added JRWBeelzebufo to AB_FeraliskInfestedJungle with commonality 0.1
Added JRWBernicia to AB_FeraliskInfestedJungle with commonality 0.08750001
Added JRWBrachytrachelopan to AB_FeraliskInfestedJungle with commonality 0.04
Added JRWCaihong to AB_FeraliskInfestedJungle with commonality 0.05
Added JRWDilophosaurus to AB_FeraliskInfestedJungle with commonality 0.08750001
Added JRWDiplocaulus to AB_FeraliskInfestedJungle with commonality 0.1
Added JRWEuoplocephalus to AB_FeraliskInfestedJungle with commonality 0.0375
Added JRWEuphoberia to AB_FeraliskInfestedJungle with commonality 0.1
Added JRWGeosternbergia to AB_FeraliskInfestedJungle with commonality 0.05
Added JRWGeralinura to AB_FeraliskInfestedJungle with commonality 0.05
Added JRWGorgonops to AB_FeraliskInfestedJungle with commonality 0.075
Added JRWHynerpeton to AB_FeraliskInfestedJungle with commonality 0.1
Added JRWIschigualastia to AB_FeraliskInfestedJungle with commonality 0.0375
Added JRWMacrelcana to AB_FeraliskInfestedJungle with commonality 0.08750001
Added JRWManipulator to AB_FeraliskInfestedJungle with commonality 0.08750001
Added JRWMeganeura to AB_FeraliskInfestedJungle with commonality 0.08750001
Added JRWNyctosaurus to AB_FeraliskInfestedJungle with commonality 0.05
Added JRWPlatyhystrix to AB_FeraliskInfestedJungle with commonality 0.1
Added JRWProtosolpuga to AB_FeraliskInfestedJungle with commonality 0.0375
Added JRWPteranodon to AB_FeraliskInfestedJungle with commonality 0.05
Added JRWPulmonoscorpius to AB_FeraliskInfestedJungle with commonality 0.1
Added JRWQantassaurus to AB_FeraliskInfestedJungle with commonality 0.05
Added JRWQuetzalcoatlus to AB_FeraliskInfestedJungle with commonality 0.05
Added Ling_Cockroach to AB_FeraliskInfestedJungle with commonality 0.008
Added Dewback to AB_FeraliskInfestedJungle with commonality 0.005
Added Rancor to AB_FeraliskInfestedJungle with commonality 0.005
Added Bantha to AB_FeraliskInfestedJungle with commonality 0.005
Added Nexu to AB_FeraliskInfestedJungle with commonality 0.04
Added Acklay to AB_FeraliskInfestedJungle with commonality 0.4
Added Reek to AB_FeraliskInfestedJungle with commonality 0.005
Added Nerf to AB_FeraliskInfestedJungle with commonality 0.015
Added Gizka to AB_FeraliskInfestedJungle with commonality 0.8
Added Porg to AB_FeraliskInfestedJungle with commonality 0.2
Added Vulptex to AB_FeraliskInfestedJungle with commonality 0.005
Added Akk to AB_FeraliskInfestedJungle with commonality 0.02
Added Aiwha to AB_FeraliskInfestedJungle with commonality 0.005
Added Anooba to AB_FeraliskInfestedJungle with commonality 0.04
Added Beldon to AB_FeraliskInfestedJungle with commonality 0.005
Added Boarwolf to AB_FeraliskInfestedJungle with commonality 0.02
Added Blarth to AB_FeraliskInfestedJungle with commonality 0.035
Added Blixus to AB_FeraliskInfestedJungle with commonality 0.405
Added Blurrg to AB_FeraliskInfestedJungle with commonality 0.075
Added Bolotaur to AB_FeraliskInfestedJungle with commonality 0.4
Added Bogwing to AB_FeraliskInfestedJungle with commonality 0.035
Added Boma to AB_FeraliskInfestedJungle with commonality 0.4
Added Bordok to AB_FeraliskInfestedJungle with commonality 0.04
Added Borcatu to AB_FeraliskInfestedJungle with commonality 0.8
Added Brezak to AB_FeraliskInfestedJungle with commonality 0.02
Added Bursa to AB_FeraliskInfestedJungle with commonality 0.22
Added CanCell to AB_FeraliskInfestedJungle with commonality 0.8
Added Cannok to AB_FeraliskInfestedJungle with commonality 0.8
Added Clodhopper to AB_FeraliskInfestedJungle with commonality 0.22
Added Convor to AB_FeraliskInfestedJungle with commonality 0.4
Added Corinathoth to AB_FeraliskInfestedJungle with commonality 0.22
Added Dactillion to AB_FeraliskInfestedJungle with commonality 0.2
Added Dalgo to AB_FeraliskInfestedJungle with commonality 0.205
Added Devourers to AB_FeraliskInfestedJungle with commonality 0.8
Added Dianoga to AB_FeraliskInfestedJungle with commonality 0.45
Added Dragonsnake to AB_FeraliskInfestedJungle with commonality 0.5
Added Drexl to AB_FeraliskInfestedJungle with commonality 0.01
Added Eopie to AB_FeraliskInfestedJungle with commonality 0.1
Added Falumpaset to AB_FeraliskInfestedJungle with commonality 0.5
Added Fambaa to AB_FeraliskInfestedJungle with commonality 0.6
Added Fanback to AB_FeraliskInfestedJungle with commonality 0.42
Added FeralGrazer to AB_FeraliskInfestedJungle with commonality 0.1
Added FeralNerf to AB_FeraliskInfestedJungle with commonality 0.035
Added FrilledGorg to AB_FeraliskInfestedJungle with commonality 0.8
Added FrogDog to AB_FeraliskInfestedJungle with commonality 0.035
Added Gelagrub to AB_FeraliskInfestedJungle with commonality 0.7
Added Gorg to AB_FeraliskInfestedJungle with commonality 0.8
Added Grank to AB_FeraliskInfestedJungle with commonality 0.2
Added GraniteSlug to AB_FeraliskInfestedJungle with commonality 0.1
Added Gullipud to AB_FeraliskInfestedJungle with commonality 0.6
Added Gundark to AB_FeraliskInfestedJungle with commonality 0.1
Added Gutkurr to AB_FeraliskInfestedJungle with commonality 0.4
Added HarvesterBeetle to AB_FeraliskInfestedJungle with commonality 0.44
Added Hawkbat to AB_FeraliskInfestedJungle with commonality 0.06
Added Horax to AB_FeraliskInfestedJungle with commonality 0.005
Added Hrumph to AB_FeraliskInfestedJungle with commonality 0.22
Added Hssiss to AB_FeraliskInfestedJungle with commonality 0.44
Added Igitz to AB_FeraliskInfestedJungle with commonality 0.035
Added Insectomorph to AB_FeraliskInfestedJungle with commonality 0.42
Added IridonianReek to AB_FeraliskInfestedJungle with commonality 0.04
Added IthorianReek to AB_FeraliskInfestedJungle with commonality 0.4
Added Iriaz to AB_FeraliskInfestedJungle with commonality 0.5
Added Jamel to AB_FeraliskInfestedJungle with commonality 0.3
Added Jimvu to AB_FeraliskInfestedJungle with commonality 0.105
Added JungleRancor to AB_FeraliskInfestedJungle with commonality 0.001
Added Kaadu to AB_FeraliskInfestedJungle with commonality 0.65
Added Katarn to AB_FeraliskInfestedJungle with commonality 0.06
Added KellDragon to AB_FeraliskInfestedJungle with commonality 0.3
Added KowakianMonkeyLizard to AB_FeraliskInfestedJungle with commonality 0.7
Added Kinrath to AB_FeraliskInfestedJungle with commonality 0.7
Added Klorslug to AB_FeraliskInfestedJungle with commonality 0.5
Added Krykna to AB_FeraliskInfestedJungle with commonality 0.01
Added KwazelMaw to AB_FeraliskInfestedJungle with commonality 0.5
Added Kwi to AB_FeraliskInfestedJungle with commonality 0.44
Added Kybuck to AB_FeraliskInfestedJungle with commonality 0.42
Added Leaftail to AB_FeraliskInfestedJungle with commonality 0.5
Added LongtailGorg to AB_FeraliskInfestedJungle with commonality 0.8
Added Lylek to AB_FeraliskInfestedJungle with commonality 0.02
Added Maalraas to AB_FeraliskInfestedJungle with commonality 0.2
Added Manka to AB_FeraliskInfestedJungle with commonality 0.2
Added MarshHaunt to AB_FeraliskInfestedJungle with commonality 0.025
Added Massiff to AB_FeraliskInfestedJungle with commonality 0.05
Added MastiffPhalone to AB_FeraliskInfestedJungle with commonality 0.4
Added Mawvorr to AB_FeraliskInfestedJungle with commonality 0.24
Added Mott to AB_FeraliskInfestedJungle with commonality 0.65
Added Mynock to AB_FeraliskInfestedJungle with commonality 0.1
Added Narglatch to AB_FeraliskInfestedJungle with commonality 0.06
Added Neebray to AB_FeraliskInfestedJungle with commonality 0.1
Added Nuna to AB_FeraliskInfestedJungle with commonality 0.65
Added Ollopom to AB_FeraliskInfestedJungle with commonality 0.5
Added Orray to AB_FeraliskInfestedJungle with commonality 0.02
Added PaintedSpat to AB_FeraliskInfestedJungle with commonality 0.04
Added PekoPeko to AB_FeraliskInfestedJungle with commonality 0.65
Added Pikobis to AB_FeraliskInfestedJungle with commonality 0.22
Added Qormot to AB_FeraliskInfestedJungle with commonality 0.5
Added Raxshir to AB_FeraliskInfestedJungle with commonality 0.2
Added Rikknit to AB_FeraliskInfestedJungle with commonality 0.1
Added Roggwart to AB_FeraliskInfestedJungle with commonality 0.05
Added Ronto to AB_FeraliskInfestedJungle with commonality 0.1
Added Runyip to AB_FeraliskInfestedJungle with commonality 0.7
Added Scavrat to AB_FeraliskInfestedJungle with commonality 0.24
Added Scurrier to AB_FeraliskInfestedJungle with commonality 0.105
Added Shaak to AB_FeraliskInfestedJungle with commonality 0.2
Added Shiro to AB_FeraliskInfestedJungle with commonality 0.7
Added ShiroTrap to AB_FeraliskInfestedJungle with commonality 0.7
Added Silooth to AB_FeraliskInfestedJungle with commonality 0.6
Added Skalder to AB_FeraliskInfestedJungle with commonality 0.015
Added Sketto to AB_FeraliskInfestedJungle with commonality 0.06
Added Snoruuk to AB_FeraliskInfestedJungle with commonality 0.01
Added Stintaril to AB_FeraliskInfestedJungle with commonality 0.7
Added Strill to AB_FeraliskInfestedJungle with commonality 0.05
Added Tach to AB_FeraliskInfestedJungle with commonality 0.8
Added TeeMuss to AB_FeraliskInfestedJungle with commonality 0.06
Added TetnissCrab to AB_FeraliskInfestedJungle with commonality 0.1
Added Thranta to AB_FeraliskInfestedJungle with commonality 0.405
Added Tooke to AB_FeraliskInfestedJungle with commonality 0.1
Added Torton to AB_FeraliskInfestedJungle with commonality 0.1
Added Taozin to AB_FeraliskInfestedJungle with commonality 0.01
Added TuskCat to AB_FeraliskInfestedJungle with commonality 0.05
Added Urusai to AB_FeraliskInfestedJungle with commonality 0.1
Added Uvak to AB_FeraliskInfestedJungle with commonality 0.1
Added Vapaad to AB_FeraliskInfestedJungle with commonality 0.4
Added Varactyl to AB_FeraliskInfestedJungle with commonality 0.4
Added Veermok to AB_FeraliskInfestedJungle with commonality 0.6
Added Voorpak to AB_FeraliskInfestedJungle with commonality 0.405
Added Vornskyr to AB_FeraliskInfestedJungle with commonality 0.4
Added Whisperbird to AB_FeraliskInfestedJungle with commonality 0.8
Added WompRat to AB_FeraliskInfestedJungle with commonality 0.2
Added Woolamander to AB_FeraliskInfestedJungle with commonality 0.8
Added Worrt to AB_FeraliskInfestedJungle with commonality 0.4
Added Wraid to AB_FeraliskInfestedJungle with commonality 0.04
Added Yobshrimp to AB_FeraliskInfestedJungle with commonality 0.4
Added Zakkeg to AB_FeraliskInfestedJungle with commonality 0.4
Added Zeer to AB_FeraliskInfestedJungle with commonality 0.3
Added GiantToad to AB_FeraliskInfestedJungle with commonality 0.07
Added RSW_Baseopsis to AB_FeraliskInfestedJungle with commonality 0.025
Added RSW_Diplocaulus to AB_FeraliskInfestedJungle with commonality 0.1
Added RSW_Holcorobeus to AB_FeraliskInfestedJungle with commonality 0.08750001
Added RSW_Platyhystrix to AB_FeraliskInfestedJungle with commonality 0.1
Added RSW_Protosolpuga to AB_FeraliskInfestedJungle with commonality 0.0375
Added RSW_Segnosaurus to AB_FeraliskInfestedJungle with commonality 0.04
Added RSW_Termitotron to AB_FeraliskInfestedJungle with commonality 0.025
Added RSW_Acklay to AB_FeraliskInfestedJungle with commonality 0.4
Added RSW_Bantha to AB_FeraliskInfestedJungle with commonality 0.005
Added RSW_Dewback to AB_FeraliskInfestedJungle with commonality 0.005
Added RSW_Iriaz to AB_FeraliskInfestedJungle with commonality 0.5
Added RSW_Nuna to AB_FeraliskInfestedJungle with commonality 0.65
Added RSW_Porg to AB_FeraliskInfestedJungle with commonality 0.2
Added RSW_Vulptex to AB_FeraliskInfestedJungle with commonality 0.005
Added JOE_Landopus to AB_FeraliskInfestedJungle with commonality 0.55
Added JOE_Cephalope to AB_FeraliskInfestedJungle with commonality 0.285
Added JOE_Nautilant to AB_FeraliskInfestedJungle with commonality 0.04
Added FancyRat to ZBiome_AlpineMeadow with commonality 0.035
Added Bardelot to ZBiome_AlpineMeadow with commonality 0.025
Added Worm to ZBiome_AlpineMeadow with commonality 0.15
Added Gigantelope to ZBiome_AlpineMeadow with commonality 0.5
Added Megasquid to ZBiome_AlpineMeadow with commonality 0.25
Added Rabbuck to ZBiome_AlpineMeadow with commonality 0.5
Added Toraton to ZBiome_AlpineMeadow with commonality 0.025
Added DA_BeardedTroll to ZBiome_AlpineMeadow with commonality 0.1
Added DA_Crestel to ZBiome_AlpineMeadow with commonality 0.05
Added DA_DwarvenMuffton to ZBiome_AlpineMeadow with commonality 0.25
Added DA_NorthernDrog to ZBiome_AlpineMeadow with commonality 0.125
Added DA_Taraal to ZBiome_AlpineMeadow with commonality 0.14
Added JRWArchaeopteryx to ZBiome_AlpineMeadow with commonality 0.025
Added JRWBeelzebufo to ZBiome_AlpineMeadow with commonality 0.05
Added JRWBrachytrachelopan to ZBiome_AlpineMeadow with commonality 0.045
Added JRWCaihong to ZBiome_AlpineMeadow with commonality 0.025
Added JRWDilophosaurus to ZBiome_AlpineMeadow with commonality 0.025
Added JRWDiplocaulus to ZBiome_AlpineMeadow with commonality 0.05
Added JRWGorgonops to ZBiome_AlpineMeadow with commonality 0.0375
Added JRWHynerpeton to ZBiome_AlpineMeadow with commonality 0.05
Added JRWManipulator to ZBiome_AlpineMeadow with commonality 0.025
Added JRWPlatyhystrix to ZBiome_AlpineMeadow with commonality 0.05
Added JRWProtosolpuga to ZBiome_AlpineMeadow with commonality 0.025
Added JRWPulmonoscorpius to ZBiome_AlpineMeadow with commonality 0.025
Added JRWQantassaurus to ZBiome_AlpineMeadow with commonality 0.025
Added Ling_Cockroach to ZBiome_AlpineMeadow with commonality 0.0025
Added AA_LarvalAtispec to ZBiome_AlpineMeadow with commonality 0.0025
Added AA_Bumbledrone to ZBiome_AlpineMeadow with commonality 0.0175
Added AA_BumbledroneHierophant to ZBiome_AlpineMeadow with commonality 0.0025
Added AA_DecayDrake to ZBiome_AlpineMeadow with commonality 0.00125
Added AA_OvergrownColossus to ZBiome_AlpineMeadow with commonality 0.0025
Added AA_Plasmorph to ZBiome_AlpineMeadow with commonality 0.0025
Added AA_Razorjack to ZBiome_AlpineMeadow with commonality 0.00625
Added AA_SandSquid to ZBiome_AlpineMeadow with commonality 0.0025
Added AA_ShockGoat to ZBiome_AlpineMeadow with commonality 0.0125
Added AA_Thunderbeast to ZBiome_AlpineMeadow with commonality 0.00625
Added GiantToad to ZBiome_AlpineMeadow with commonality 0.35
Added RSW_Diplocaulus to ZBiome_AlpineMeadow with commonality 0.05
Added RSW_Holcorobeus to ZBiome_AlpineMeadow with commonality 0.05
Added RSW_Platyhystrix to ZBiome_AlpineMeadow with commonality 0.05
Added RSW_Protosolpuga to ZBiome_AlpineMeadow with commonality 0.025
Added RSW_Segnosaurus to ZBiome_AlpineMeadow with commonality 0.09
Added RSW_Acklay to ZBiome_AlpineMeadow with commonality 0.044
Added RSW_Bantha to ZBiome_AlpineMeadow with commonality 0.015
Added RSW_Dewback to ZBiome_AlpineMeadow with commonality 0.04
Added RSW_Iriaz to ZBiome_AlpineMeadow with commonality 0.42
Added RSW_Mudhorn to ZBiome_AlpineMeadow with commonality 0.05
Added RSW_Nuna to ZBiome_AlpineMeadow with commonality 0.27
Added RSW_Porg to ZBiome_AlpineMeadow with commonality 0.06
Added RSW_Vulptex to ZBiome_AlpineMeadow with commonality 0.01
Added RSW_Wampa to ZBiome_AlpineMeadow with commonality 0.02
Added JOE_Landopus to ZBiome_AlpineMeadow with commonality 0.05
Added JOE_Cephalope to ZBiome_AlpineMeadow with commonality 0.035
Added JOE_Nautilant to ZBiome_AlpineMeadow with commonality 0.01
Added FancyRat to ZBiome_CloudForest with commonality 0.04333333
Added Giantala to ZBiome_CloudForest with commonality 0.1
Added Gigantelope to ZBiome_CloudForest with commonality 0.5
Added Toraton to ZBiome_CloudForest with commonality 0.08333334
Added Yippa to ZBiome_CloudForest with commonality 0.3333333
Added Zarander to ZBiome_CloudForest with commonality 0.3333333
Added JRWProtosolpuga to ZBiome_CloudForest with commonality 0.04166667
Added Ling_Cockroach to ZBiome_CloudForest with commonality 0.007000001
Added AA_Wildpod to ZBiome_CloudForest with commonality 0.02333333
Added GiantToad to ZBiome_CloudForest with commonality 0.18
Added RSW_Diplocaulus to ZBiome_CloudForest with commonality 0.1
Added RSW_Holcorobeus to ZBiome_CloudForest with commonality 0.075
Added RSW_Platyhystrix to ZBiome_CloudForest with commonality 0.1
Added RSW_Protosolpuga to ZBiome_CloudForest with commonality 0.04166667
Added RSW_Segnosaurus to ZBiome_CloudForest with commonality 0.05666667
Added RSW_Acklay to ZBiome_CloudForest with commonality 0.2933333
Added RSW_Bantha to ZBiome_CloudForest with commonality 0.01
Added RSW_Dewback to ZBiome_CloudForest with commonality 0.01666667
Added RSW_Iriaz to ZBiome_CloudForest with commonality 0.6
Added RSW_Nuna to ZBiome_CloudForest with commonality 0.6
Added RSW_Porg to ZBiome_CloudForest with commonality 0.16
Added RSW_Vulptex to ZBiome_CloudForest with commonality 0.006666666
Added JOE_Landopus to ZBiome_CloudForest with commonality 0.4
Added JOE_Cephalope to ZBiome_CloudForest with commonality 0.2133333
Added JOE_Nautilant to ZBiome_CloudForest with commonality 0.03
Added FancyRat to ZBiome_CoastalDunes with commonality 0.05
Added Giantala to ZBiome_CoastalDunes with commonality 0.1
Added Worm to ZBiome_CoastalDunes with commonality 0.15
Added Gigantelope to ZBiome_CoastalDunes with commonality 0.5
Added Megasquid to ZBiome_CoastalDunes with commonality 0.25
Added Rabbuck to ZBiome_CoastalDunes with commonality 0.25
Added Toraton to ZBiome_CoastalDunes with commonality 0.075
Added Yippa to ZBiome_CoastalDunes with commonality 0.25
Added Zarander to ZBiome_CoastalDunes with commonality 0.25
Added DA_RedhornedLarpah to ZBiome_CoastalDunes with commonality 0.005
Added DA_Taraal to ZBiome_CoastalDunes with commonality 0.1
Added JRWArchaeopteryx to ZBiome_CoastalDunes with commonality 0.075
Added JRWArthropleura to ZBiome_CoastalDunes with commonality 0.075
Added JRWBeelzebufo to ZBiome_CoastalDunes with commonality 0.1
Added JRWBernicia to ZBiome_CoastalDunes with commonality 0.075
Added JRWCaihong to ZBiome_CoastalDunes with commonality 0.075
Added JRWDilophosaurus to ZBiome_CoastalDunes with commonality 0.075
Added JRWDiplocaulus to ZBiome_CoastalDunes with commonality 0.1
Added JRWEuphoberia to ZBiome_CoastalDunes with commonality 0.075
Added JRWGeosternbergia to ZBiome_CoastalDunes with commonality 0.1
Added JRWHynerpeton to ZBiome_CoastalDunes with commonality 0.1
Added JRWIschigualastia to ZBiome_CoastalDunes with commonality 0.075
Added JRWMacrelcana to ZBiome_CoastalDunes with commonality 0.075
Added JRWManipulator to ZBiome_CoastalDunes with commonality 0.075
Added JRWMeganeura to ZBiome_CoastalDunes with commonality 0.075
Added JRWNyctosaurus to ZBiome_CoastalDunes with commonality 0.1
Added JRWPlatyhystrix to ZBiome_CoastalDunes with commonality 0.1
Added JRWPteranodon to ZBiome_CoastalDunes with commonality 0.1
Added JRWPulmonoscorpius to ZBiome_CoastalDunes with commonality 0.075
Added JRWQuetzalcoatlus to ZBiome_CoastalDunes with commonality 0.1
Added Ling_Cockroach to ZBiome_CoastalDunes with commonality 0.0065
Added AA_AcanthamoebaGiganteaSmall to ZBiome_CoastalDunes with commonality 0.00375
Added AA_AnimaColossus to ZBiome_CoastalDunes with commonality 0.0025
Added AA_AnimusVox to ZBiome_CoastalDunes with commonality 0.025
Added AA_LarvalAtispec to ZBiome_CoastalDunes with commonality 0.0025
Added AA_BedBug to ZBiome_CoastalDunes with commonality 0.025
Added AA_BloodShrimp to ZBiome_CoastalDunes with commonality 0.00625
Added AA_BumbledroneHierophant to ZBiome_CoastalDunes with commonality 0.005
Added AA_Darkbeast to ZBiome_CoastalDunes with commonality 0.0025
Added AA_DecayDrake to ZBiome_CoastalDunes with commonality 0.01375
Added AA_EmpressButterflyLarva to ZBiome_CoastalDunes with commonality 0.01
Added AA_EmpressButterfly to ZBiome_CoastalDunes with commonality 0.01
Added AA_GiantCrownedSilkie to ZBiome_CoastalDunes with commonality 0.00125
Added AA_GreyCoatedMouflon to ZBiome_CoastalDunes with commonality 0.00125
Added AA_Groundrunner to ZBiome_CoastalDunes with commonality 0.0675
Added AA_Helixien to ZBiome_CoastalDunes with commonality 0.0125
Added AA_Lockjaw to ZBiome_CoastalDunes with commonality 0.05
Added AA_OcularJelly to ZBiome_CoastalDunes with commonality 0.0025
Added AA_OvergrownColossus to ZBiome_CoastalDunes with commonality 0.0075
Added AA_Plasmorph to ZBiome_CoastalDunes with commonality 0.005
Added AA_Radyak to ZBiome_CoastalDunes with commonality 0.0005
Added AA_RaptorShrimp to ZBiome_CoastalDunes with commonality 0.01
Added AA_RayHound to ZBiome_CoastalDunes with commonality 0.035
Added AA_RipperHound to ZBiome_CoastalDunes with commonality 0.01375
Added AA_ShockGoat to ZBiome_CoastalDunes with commonality 0.0175
Added AA_Skiphound to ZBiome_CoastalDunes with commonality 0.0025
Added AA_Thunderbeast to ZBiome_CoastalDunes with commonality 0.00875
Added AA_Wildpawn to ZBiome_CoastalDunes with commonality 0.025
Added AA_Wildpod to ZBiome_CoastalDunes with commonality 0.0175
Added GiantToad to ZBiome_CoastalDunes with commonality 0.235
Added RSW_Baseopsis to ZBiome_CoastalDunes with commonality 0.025
Added RSW_Diplocaulus to ZBiome_CoastalDunes with commonality 0.1
Added RSW_Holcorobeus to ZBiome_CoastalDunes with commonality 0.075
Added RSW_Platyhystrix to ZBiome_CoastalDunes with commonality 0.1
Added RSW_Protosolpuga to ZBiome_CoastalDunes with commonality 0.025
Added RSW_Segnosaurus to ZBiome_CoastalDunes with commonality 0.085
Added RSW_Termitotron to ZBiome_CoastalDunes with commonality 0.025
Added RSW_Acklay to ZBiome_CoastalDunes with commonality 0.44
Added RSW_Bantha to ZBiome_CoastalDunes with commonality 0.015
Added RSW_Dewback to ZBiome_CoastalDunes with commonality 0.025
Added RSW_Iriaz to ZBiome_CoastalDunes with commonality 0.9
Added RSW_Nuna to ZBiome_CoastalDunes with commonality 0.45
Added RSW_Porg to ZBiome_CoastalDunes with commonality 0.04
Added RSW_Vulptex to ZBiome_CoastalDunes with commonality 0.01
Added JOE_Landopus to ZBiome_CoastalDunes with commonality 0.1
Added JOE_Cephalope to ZBiome_CoastalDunes with commonality 0.07
Added JOE_Nautilant to ZBiome_CoastalDunes with commonality 0.01
Added JOE_Nautilant to ZBiome_GlacialShield with commonality 0.01
Added Bardelot to ZBiome_Iceberg_NoBeach with commonality 0.05
Added DA_SnowTaraal to ZBiome_Iceberg_NoBeach with commonality 0.15
Added JOE_Cephalope to ZBiome_Iceberg_NoBeach with commonality 0.01
Added JOE_Nautilant to ZBiome_Iceberg_NoBeach with commonality 0.01
Added FancyRat to ZBiome_Marsh with commonality 0.015
Added Worm to ZBiome_Marsh with commonality 0.15
Added Gigantelope to ZBiome_Marsh with commonality 0.25
Added Megasquid to ZBiome_Marsh with commonality 0.15
Added Rabbuck to ZBiome_Marsh with commonality 0.15
Added Toraton to ZBiome_Marsh with commonality 0.05
Added DA_BeardedTroll to ZBiome_Marsh with commonality 0.1
Added DA_Crestel to ZBiome_Marsh with commonality 0.05
Added DA_DwarvenMuffton to ZBiome_Marsh with commonality 0.1
Added DA_NorthernDrog to ZBiome_Marsh with commonality 0.05
Added DA_RedhornedLarpah to ZBiome_Marsh with commonality 0.0025
Added DA_Taraal to ZBiome_Marsh with commonality 0.03
Added JRWBeelzebufo to ZBiome_Marsh with commonality 0.05
Added JRWBernicia to ZBiome_Marsh with commonality 0.0375
Added JRWDilophosaurus to ZBiome_Marsh with commonality 0.0375
Added JRWDiplocaulus to ZBiome_Marsh with commonality 0.05
Added JRWGeralinura to ZBiome_Marsh with commonality 0.025
Added JRWHynerpeton to ZBiome_Marsh with commonality 0.05
Added JRWMacrelcana to ZBiome_Marsh with commonality 0.0375
Added JRWManipulator to ZBiome_Marsh with commonality 0.0375
Added JRWMeganeura to ZBiome_Marsh with commonality 0.0375
Added JRWPlatyhystrix to ZBiome_Marsh with commonality 0.05
Added JRWProtosolpuga to ZBiome_Marsh with commonality 0.0375
Added JRWPulmonoscorpius to ZBiome_Marsh with commonality 0.025
Added Ling_Cockroach to ZBiome_Marsh with commonality 0.0025
Added AA_AngelMothLarva to ZBiome_Marsh with commonality 0.0175
Added AA_AngelMoth to ZBiome_Marsh with commonality 0.0175
Added AA_AnimusVox to ZBiome_Marsh with commonality 0.005
Added AA_AuroraSylph to ZBiome_Marsh with commonality 0.0075
Added AA_BloodShrimp to ZBiome_Marsh with commonality 0.0025
Added AA_Bumbledrone to ZBiome_Marsh with commonality 0.0175
Added AA_BumbledroneHierophant to ZBiome_Marsh with commonality 0.005
Added AA_DrainerLarva to ZBiome_Marsh with commonality 0.0075
Added AA_Drainer to ZBiome_Marsh with commonality 0.0075
Added AA_EmpressButterflyLarva to ZBiome_Marsh with commonality 0.0025
Added AA_EmpressButterfly to ZBiome_Marsh with commonality 0.0025
Added AA_Groundrunner to ZBiome_Marsh with commonality 0.0175
Added AA_Lockjaw to ZBiome_Marsh with commonality 0.05
Added AA_OvergrownColossus to ZBiome_Marsh with commonality 0.005
Added AA_Plasmorph to ZBiome_Marsh with commonality 0.0125
Added AA_Razorjack to ZBiome_Marsh with commonality 0.00625
Added AA_Skiphound to ZBiome_Marsh with commonality 0.005
Added AA_Thunderbeast to ZBiome_Marsh with commonality 0.0025
Added GiantToad to ZBiome_Marsh with commonality 0.07
Added RSW_Diplocaulus to ZBiome_Marsh with commonality 0.05
Added RSW_Holcorobeus to ZBiome_Marsh with commonality 0.0375
Added RSW_Platyhystrix to ZBiome_Marsh with commonality 0.05
Added RSW_Protosolpuga to ZBiome_Marsh with commonality 0.0375
Added RSW_Nuna to ZBiome_Marsh with commonality 0.455
Added RSW_Porg to ZBiome_Marsh with commonality 0.42
Added RSW_Wampa to ZBiome_Marsh with commonality 0.02
Added JOE_Landopus to ZBiome_Marsh with commonality 0.5
Added JOE_Cephalope to ZBiome_Marsh with commonality 0.285
Added JOE_Nautilant to ZBiome_Marsh with commonality 0.03
Added FancyRat to ZBiome_Sandbar_NoBeach with commonality 0.05
Added Giantala to ZBiome_Sandbar_NoBeach with commonality 0.1
Added Worm to ZBiome_Sandbar_NoBeach with commonality 0.15
Added Gigantelope to ZBiome_Sandbar_NoBeach with commonality 0.5
Added Megasquid to ZBiome_Sandbar_NoBeach with commonality 0.25
Added Rabbuck to ZBiome_Sandbar_NoBeach with commonality 0.25
Added Toraton to ZBiome_Sandbar_NoBeach with commonality 0.075
Added Yippa to ZBiome_Sandbar_NoBeach with commonality 0.25
Added Zarander to ZBiome_Sandbar_NoBeach with commonality 0.25
Added DA_RedhornedLarpah to ZBiome_Sandbar_NoBeach with commonality 0.005
Added DA_Taraal to ZBiome_Sandbar_NoBeach with commonality 0.1
Added JRWArchaeopteryx to ZBiome_Sandbar_NoBeach with commonality 0.075
Added JRWArthropleura to ZBiome_Sandbar_NoBeach with commonality 0.075
Added JRWBagaceratops to ZBiome_Sandbar_NoBeach with commonality 0.075
Added JRWBeelzebufo to ZBiome_Sandbar_NoBeach with commonality 0.1
Added JRWBernicia to ZBiome_Sandbar_NoBeach with commonality 0.075
Added JRWBrachytrachelopan to ZBiome_Sandbar_NoBeach with commonality 0.085
Added JRWCaihong to ZBiome_Sandbar_NoBeach with commonality 0.075
Added JRWDilophosaurus to ZBiome_Sandbar_NoBeach with commonality 0.075
Added JRWDiplocaulus to ZBiome_Sandbar_NoBeach with commonality 0.1
Added JRWEuoplocephalus to ZBiome_Sandbar_NoBeach with commonality 0.075
Added JRWEuphoberia to ZBiome_Sandbar_NoBeach with commonality 0.075
Added JRWGeosternbergia to ZBiome_Sandbar_NoBeach with commonality 0.1
Added JRWGorgonops to ZBiome_Sandbar_NoBeach with commonality 0.075
Added JRWHynerpeton to ZBiome_Sandbar_NoBeach with commonality 0.1
Added JRWIschigualastia to ZBiome_Sandbar_NoBeach with commonality 0.075
Added JRWMacrelcana to ZBiome_Sandbar_NoBeach with commonality 0.075
Added JRWManipulator to ZBiome_Sandbar_NoBeach with commonality 0.075
Added JRWMeganeura to ZBiome_Sandbar_NoBeach with commonality 0.075
Added JRWNyctosaurus to ZBiome_Sandbar_NoBeach with commonality 0.1
Added JRWPlatyhystrix to ZBiome_Sandbar_NoBeach with commonality 0.1
Added JRWPteranodon to ZBiome_Sandbar_NoBeach with commonality 0.1
Added JRWPulmonoscorpius to ZBiome_Sandbar_NoBeach with commonality 0.075
Added JRWQantassaurus to ZBiome_Sandbar_NoBeach with commonality 0.075
Added JRWQuetzalcoatlus to ZBiome_Sandbar_NoBeach with commonality 0.1
Added Ling_Cockroach to ZBiome_Sandbar_NoBeach with commonality 0.0065
Added AA_AcanthamoebaGiganteaSmall to ZBiome_Sandbar_NoBeach with commonality 0.00375
Added AA_Aerofleet to ZBiome_Sandbar_NoBeach with commonality 0.15
Added AA_AngelMothLarva to ZBiome_Sandbar_NoBeach with commonality 0.0275
Added AA_AngelMoth to ZBiome_Sandbar_NoBeach with commonality 0.0275
Added AA_AnimaColossus to ZBiome_Sandbar_NoBeach with commonality 0.0025
Added AA_AnimusVox to ZBiome_Sandbar_NoBeach with commonality 0.025
Added AA_LarvalAtispec to ZBiome_Sandbar_NoBeach with commonality 0.0025
Added AA_AuroraSylph to ZBiome_Sandbar_NoBeach with commonality 0.0175
Added AA_BedBug to ZBiome_Sandbar_NoBeach with commonality 0.025
Added AA_BloodShrimp to ZBiome_Sandbar_NoBeach with commonality 0.00625
Added AA_Bumbledrone to ZBiome_Sandbar_NoBeach with commonality 0.0425
Added AA_BumbledroneHierophant to ZBiome_Sandbar_NoBeach with commonality 0.005
Added AA_Darkbeast to ZBiome_Sandbar_NoBeach with commonality 0.0025
Added AA_DarkVandal to ZBiome_Sandbar_NoBeach with commonality 0.0375
Added AA_DecayDrake to ZBiome_Sandbar_NoBeach with commonality 0.01375
Added AA_DrainerLarva to ZBiome_Sandbar_NoBeach with commonality 0.0175
Added AA_Drainer to ZBiome_Sandbar_NoBeach with commonality 0.0175
Added AA_EmpressButterflyLarva to ZBiome_Sandbar_NoBeach with commonality 0.01
Added AA_EmpressButterfly to ZBiome_Sandbar_NoBeach with commonality 0.01
Added AA_GiantCrownedSilkie to ZBiome_Sandbar_NoBeach with commonality 0.00125
Added AA_Gigantelope to ZBiome_Sandbar_NoBeach with commonality 0.15
Added AA_GreatDevourer to ZBiome_Sandbar_NoBeach with commonality 0.0025
Added AA_GreyCoatedMouflon to ZBiome_Sandbar_NoBeach with commonality 0.00125
Added AA_Groundrunner to ZBiome_Sandbar_NoBeach with commonality 0.0675
Added AA_Helixien to ZBiome_Sandbar_NoBeach with commonality 0.0125
Added AA_Lockjaw to ZBiome_Sandbar_NoBeach with commonality 0.05
Added AA_LuciferBug to ZBiome_Sandbar_NoBeach with commonality 0.00375
Added AA_MatureFleshbeast to ZBiome_Sandbar_NoBeach with commonality 0.005
Added AA_MeadowAve to ZBiome_Sandbar_NoBeach with commonality 0.1175
Added AA_MegaLouse to ZBiome_Sandbar_NoBeach with commonality 0.015
Added AA_NightAve to ZBiome_Sandbar_NoBeach with commonality 0.0075
Added AA_OcularJelly to ZBiome_Sandbar_NoBeach with commonality 0.0025
Added AA_OvergrownColossus to ZBiome_Sandbar_NoBeach with commonality 0.0075
Added AA_PedigreedRaptor to ZBiome_Sandbar_NoBeach with commonality 0.025
Added AA_Plasmorph to ZBiome_Sandbar_NoBeach with commonality 0.005
Added AA_Radyak to ZBiome_Sandbar_NoBeach with commonality 0.0005
Added AA_RaptorShrimp to ZBiome_Sandbar_NoBeach with commonality 0.01
Added AA_Ravager to ZBiome_Sandbar_NoBeach with commonality 0.00375
Added AA_RayHound to ZBiome_Sandbar_NoBeach with commonality 0.035
Added AA_RipperHound to ZBiome_Sandbar_NoBeach with commonality 0.01375
Added AA_RoyalAve to ZBiome_Sandbar_NoBeach with commonality 0.00375
Added AA_ShadowCharger to ZBiome_Sandbar_NoBeach with commonality 0.015
Added AA_ShockGoat to ZBiome_Sandbar_NoBeach with commonality 0.0175
Added AA_Skiphound to ZBiome_Sandbar_NoBeach with commonality 0.0025
Added AA_Thermadon to ZBiome_Sandbar_NoBeach with commonality 0.005
Added AA_Thunderbeast to ZBiome_Sandbar_NoBeach with commonality 0.00875
Added AA_Wildpawn to ZBiome_Sandbar_NoBeach with commonality 0.025
Added AA_Wildpod to ZBiome_Sandbar_NoBeach with commonality 0.0175
Added AA_WindBeast to ZBiome_Sandbar_NoBeach with commonality 0.00125
Added GiantToad to ZBiome_Sandbar_NoBeach with commonality 0.235
Added RSW_Baseopsis to ZBiome_Sandbar_NoBeach with commonality 0.025
Added RSW_Diplocaulus to ZBiome_Sandbar_NoBeach with commonality 0.1
Added RSW_Holcorobeus to ZBiome_Sandbar_NoBeach with commonality 0.075
Added RSW_Platyhystrix to ZBiome_Sandbar_NoBeach with commonality 0.1
Added RSW_Protosolpuga to ZBiome_Sandbar_NoBeach with commonality 0.025
Added RSW_Segnosaurus to ZBiome_Sandbar_NoBeach with commonality 0.085
Added RSW_Termitotron to ZBiome_Sandbar_NoBeach with commonality 0.025
Added RSW_Acklay to ZBiome_Sandbar_NoBeach with commonality 0.44
Added RSW_Bantha to ZBiome_Sandbar_NoBeach with commonality 0.015
Added RSW_Dewback to ZBiome_Sandbar_NoBeach with commonality 0.025
Added RSW_Iriaz to ZBiome_Sandbar_NoBeach with commonality 0.9
Added RSW_Nuna to ZBiome_Sandbar_NoBeach with commonality 0.45
Added RSW_Porg to ZBiome_Sandbar_NoBeach with commonality 0.04
Added RSW_Vulptex to ZBiome_Sandbar_NoBeach with commonality 0.01
Added JOE_Landopus to ZBiome_Sandbar_NoBeach with commonality 0.1
Added JOE_Cephalope to ZBiome_Sandbar_NoBeach with commonality 0.07
Added JOE_Nautilant to ZBiome_Sandbar_NoBeach with commonality 0.01
Added BMT_ImperialToad to ZBiome_Badlands with commonality 0.35
Added BMT_Jellypot to ZBiome_Badlands with commonality 0.35
Added BMT_MossBeetle to ZBiome_Badlands with commonality 0.15
Added RSW_Bantha to ZBiome_Badlands with commonality 0.4
Added AA_AcanthamoebaGiganteaSmall to ZBiome_Grasslands with commonality 0.005
Added AA_Aerofleet to ZBiome_Grasslands with commonality 0.15
Added AA_AngelMothLarva to ZBiome_Grasslands with commonality 0.035
Added AA_AngelMoth to ZBiome_Grasslands with commonality 0.035
Added AA_AnimaColossus to ZBiome_Grasslands with commonality 0.0005
Added AA_AnimusVox to ZBiome_Grasslands with commonality 0.01
Added AA_LarvalAtispec to ZBiome_Grasslands with commonality 0.005
Added AA_AuroraSylph to ZBiome_Grasslands with commonality 0.005
Added AA_BedBug to ZBiome_Grasslands with commonality 0.005
Added AA_BoulderMit to ZBiome_Grasslands with commonality 0.025
Added AA_Bumbledrone to ZBiome_Grasslands with commonality 0.035
Added AA_ChameleonYak to ZBiome_Grasslands with commonality 0.075
Added AA_CrescendoAnole to ZBiome_Grasslands with commonality 0.005
Added AA_CrystalMit to ZBiome_Grasslands with commonality 0.015
Added AA_DarkVandal to ZBiome_Grasslands with commonality 0.005
Added AA_DesertAve to ZBiome_Grasslands with commonality 0.025
Added AA_DrainerLarva to ZBiome_Grasslands with commonality 0.005
Added AA_EmpressButterflyLarva to ZBiome_Grasslands with commonality 0.025
Added AA_EmpressButterfly to ZBiome_Grasslands with commonality 0.025
Added AA_FissionMouse to ZBiome_Grasslands with commonality 0.025
Added AA_GiantCrownedSilkie to ZBiome_Grasslands with commonality 0.0025
Added AA_Gigantelope to ZBiome_Grasslands with commonality 0.025
Added AA_GreyCoatedMouflon to ZBiome_Grasslands with commonality 0.025
Added AA_Groundrunner to ZBiome_Grasslands with commonality 0.035
Added AA_MeadowAve to ZBiome_Grasslands with commonality 0.025
Added AA_MegaLouse to ZBiome_Grasslands with commonality 0.005
Added AA_OcularJelly to ZBiome_Grasslands with commonality 0.0025
Added AA_PebbleMit to ZBiome_Grasslands with commonality 0.025
Added AA_PedigreedRaptor to ZBiome_Grasslands with commonality 0.005
Added AA_Radyak to ZBiome_Grasslands with commonality 0.0005
Added AA_Ravager to ZBiome_Grasslands with commonality 0.0025
Added AA_RayHound to ZBiome_Grasslands with commonality 0.01
Added AA_RoyalAve to ZBiome_Grasslands with commonality 0.0025
Added AA_ShockGoat to ZBiome_Grasslands with commonality 0.025
Added AA_Skiphound to ZBiome_Grasslands with commonality 0.0125
Added AA_Slurrypede to ZBiome_Grasslands with commonality 0.005
Added AA_TeratogenicOriginator to ZBiome_Grasslands with commonality 0.005
Added AA_TetraSlug to ZBiome_Grasslands with commonality 0.0005
Added AA_Thunderbeast to ZBiome_Grasslands with commonality 0.005
Added JOE_Landopus to ZBiome_Grasslands with commonality 0.1
Added JOE_Cephalope to ZBiome_Grasslands with commonality 0.2
Added JOE_Nautilant to ZBiome_Grasslands with commonality 0.01
Added BMT_Jellypot to ZBiome_DesertOasis with commonality 0.7
Added RSW_Bantha to ZBiome_DesertOasis with commonality 0.8
 
****************__________ Starting to patch mod added polluted creatures to mod added biomes... __________****************
Added Rancor to Savanna with commonality 0.01
Added Vulptex to Savanna with commonality 0.015
Added Akk to Savanna with commonality 0.05
Added Borcatu to Savanna with commonality 0.15
Added Cannok to Savanna with commonality 0.04
Added Clodhopper to Savanna with commonality 0.075
Added EnergySpider to Savanna with commonality 0.005
Added FrilledGorg to Savanna with commonality 0.075
Added Gorg to Savanna with commonality 0.095
Added Grank to Savanna with commonality 0.045
Added GraniteSlug to Savanna with commonality 0.15
Added Gundark to Savanna with commonality 0.02
Added Gutkurr to Savanna with commonality 0.025
Added Hawkbat to Savanna with commonality 0.005
Added Insectomorph to Savanna with commonality 0.105
Added KellDragon to Savanna with commonality 0.02
Added Kinrath to Savanna with commonality 0.005
Added Krykna to Savanna with commonality 0.025
Added Kreetle to Savanna with commonality 0.15
Added Lylek to Savanna with commonality 0.02
Added Mynock to Savanna with commonality 0.15
Added Neebray to Savanna with commonality 0.15
Added PaintedSpat to Savanna with commonality 0.045
Added Scavrat to Savanna with commonality 0.15
Added Scurrier to Savanna with commonality 0.075
Added Shyrack to Savanna with commonality 0.04
Added Silooth to Savanna with commonality 0.005
Added Skalder to Savanna with commonality 0.04
Added TeeMuss to Savanna with commonality 0.075
Added Tibidee to Savanna with commonality 0.0005
Added Tooke to Savanna with commonality 0.08000001
Added Tukata to Savanna with commonality 0.02
Added Urusai to Savanna with commonality 0.075
Added Vapaad to Savanna with commonality 0.005
Added Warbird to Savanna with commonality 0.005
Added BMT_Polluwog to Savanna with commonality 0.005
Added BMT_GastroToad to Savanna with commonality 0.015
Added BMT_Megaphorid to Savanna with commonality 0.005
Added BMT_Megaroach to Savanna with commonality 0.1
Added BMT_MutagenicNorphea to Savanna with commonality 0.015
Added BMT_SludgeCrawler to Savanna with commonality 0.01
Added BMT_Swarmcaller to Savanna with commonality 0.15
Added Rancor to Wasteland with commonality 0.01
Added Vulptex to Wasteland with commonality 0.03
Added Akk to Wasteland with commonality 0.02
Added Borcatu to Wasteland with commonality 0.15
Added EnergySpider to Wasteland with commonality 0.01
Added Gorg to Wasteland with commonality 0.04
Added Grank to Wasteland with commonality 0.01
Added GraniteSlug to Wasteland with commonality 0.15
Added Gundark to Wasteland with commonality 0.03
Added Gutkurr to Wasteland with commonality 0.04
Added Hawkbat to Wasteland with commonality 0.01
Added Insectomorph to Wasteland with commonality 0.06
Added KellDragon to Wasteland with commonality 0.04
Added Kinrath to Wasteland with commonality 0.01
Added Krykna to Wasteland with commonality 0.01
Added Kreetle to Wasteland with commonality 0.15
Added Lylek to Wasteland with commonality 0.04
Added Mynock to Wasteland with commonality 0.15
Added Neebray to Wasteland with commonality 0.15
Added PaintedSpat to Wasteland with commonality 0.01
Added Scavrat to Wasteland with commonality 0.15
Added Scurrier to Wasteland with commonality 0.15
Added Shyrack to Wasteland with commonality 0.08
Added Silooth to Wasteland with commonality 0.01
Added Skalder to Wasteland with commonality 0.08
Added Tooke to Wasteland with commonality 0.01
Added Tukata to Wasteland with commonality 0.04
Added Urusai to Wasteland with commonality 0.15
Added Vapaad to Wasteland with commonality 0.01
Added BMT_Polluwog to Wasteland with commonality 0.01
Added BMT_GastroToad to Wasteland with commonality 0.03
Added BMT_Megaphorid to Wasteland with commonality 0.01
Added BMT_Megaroach to Wasteland with commonality 0.2
Added BMT_MutagenicNorphea to Wasteland with commonality 0.03
Added BMT_SludgeCrawler to Wasteland with commonality 0.02
Added BMT_Swarmcaller to Wasteland with commonality 0.3
Added Vulptex to Volcano with commonality 0.08
Added Akk to Volcano with commonality 0.08
Added Boma to Volcano with commonality 0.01
Added Cannok to Volcano with commonality 0.08
Added FrilledGorg to Volcano with commonality 0.15
Added GraniteSlug to Volcano with commonality 0.15
Added Insectomorph to Volcano with commonality 0.08
Added Kreetle to Volcano with commonality 0.15
Added LavaFlea to Volcano with commonality 0.15
Added Mynock to Volcano with commonality 0.15
Added Neebray to Volcano with commonality 0.15
Added PaintedSpat to Volcano with commonality 0.08
Added Roggwart to Volcano with commonality 0.15
Added Scavrat to Volcano with commonality 0.01
Added Vapaad to Volcano with commonality 0.08
Added DA_Phrak to Wetland with commonality 0.2
Added Rancor to Wetland with commonality 0.01
Added Vulptex to Wetland with commonality 0.005
Added Akk to Wetland with commonality 0.005
Added Blixus to Wetland with commonality 0.075
Added Boma to Wetland with commonality 0.005
Added Borcatu to Wetland with commonality 0.04
Added Cannok to Wetland with commonality 0.04
Added Clodhopper to Wetland with commonality 0.04
Added Devourers to Wetland with commonality 0.005
Added Dianoga to Wetland with commonality 0.045
Added Dragonsnake to Wetland with commonality 0.02
Added Gelagrub to Wetland with commonality 0.045
Added Gorg to Wetland with commonality 0.115
Added Grank to Wetland with commonality 0.01
Added GraniteSlug to Wetland with commonality 0.15
Added Gundark to Wetland with commonality 0.01
Added Hawkbat to Wetland with commonality 0.08000001
Added Hssiss to Wetland with commonality 0.075
Added KellDragon to Wetland with commonality 0.005
Added Kinrath to Wetland with commonality 0.04
Added Klorslug to Wetland with commonality 0.04
Added Krykna to Wetland with commonality 0.04
Added Kreetle to Wetland with commonality 0.025
Added KwazelMaw to Wetland with commonality 0.025
Added LongtailGorg to Wetland with commonality 0.04
Added Mynock to Wetland with commonality 0.15
Added Neebray to Wetland with commonality 0.075
Added PaintedSpat to Wetland with commonality 0.005
Added PekoPeko to Wetland with commonality 0.04
Added Scavrat to Wetland with commonality 0.15
Added Scurrier to Wetland with commonality 0.005
Added Silooth to Wetland with commonality 0.075
Added Skalder to Wetland with commonality 0.005
Added Snoruuk to Wetland with commonality 0.075
Added Stintaril to Wetland with commonality 0.01
Added TeeMuss to Wetland with commonality 0.035
Added Tibidee to Wetland with commonality 0.0005
Added Vapaad to Wetland with commonality 0.005
Added Veermok to Wetland with commonality 0.045
Added Whisperbird to Wetland with commonality 0.08
Added WompRat to Wetland with commonality 0.01
Added Zakkeg to Wetland with commonality 0.005
Added BMT_Polluwog to Wetland with commonality 0.08
Added BMT_GastroToad to Wetland with commonality 0.3
Added BMT_Glowtail to Wetland with commonality 0.3
Added BMT_Megaphorid to Wetland with commonality 0.01
Added BMT_Megaroach to Wetland with commonality 0.2
Added BMT_MucklurkerCatfish to Wetland with commonality 0.025
Added BMT_MutagenicNorphea to Wetland with commonality 0.03
Added BMT_MutatingTumorfishSpawn to Wetland with commonality 0.05
Added BMT_MutatingTumorfishFry to Wetland with commonality 0.05
Added BMT_MutatingTumorfishAdult to Wetland with commonality 0.05
Added BMT_SludgeCrawler to Wetland with commonality 0.2
Added BMT_SmogMothLarvae to Wetland with commonality 0.1
Added BMT_SmogMoth to Wetland with commonality 0.05
Added BMT_Swarmcaller to Wetland with commonality 0.3
Added BMT_ToxSheep to Wetland with commonality 0.35
Added BMT_TripleSnapper to Wetland with commonality 0.1
Added Rancor to AB_GallatrossGraveyard with commonality 0.08
Added Vulptex to AB_GallatrossGraveyard with commonality 0.04
Added Akk to AB_GallatrossGraveyard with commonality 0.08
Added Boma to AB_GallatrossGraveyard with commonality 0.04
Added Borcatu to AB_GallatrossGraveyard with commonality 0.08
Added Cannok to AB_GallatrossGraveyard with commonality 0.04
Added Clodhopper to AB_GallatrossGraveyard with commonality 0.15
Added FrilledGorg to AB_GallatrossGraveyard with commonality 0.08
Added Gorg to AB_GallatrossGraveyard with commonality 0.06
Added Grank to AB_GallatrossGraveyard with commonality 0.08
Added GraniteSlug to AB_GallatrossGraveyard with commonality 0.15
Added Gundark to AB_GallatrossGraveyard with commonality 0.15
Added Gutkurr to AB_GallatrossGraveyard with commonality 0.08
Added Hawkbat to AB_GallatrossGraveyard with commonality 0.04
Added Insectomorph to AB_GallatrossGraveyard with commonality 0.15
Added KellDragon to AB_GallatrossGraveyard with commonality 0.01
Added Kinrath to AB_GallatrossGraveyard with commonality 0.08
Added Krykna to AB_GallatrossGraveyard with commonality 0.15
Added Kreetle to AB_GallatrossGraveyard with commonality 0.15
Added Lylek to AB_GallatrossGraveyard with commonality 0.01
Added Mynock to AB_GallatrossGraveyard with commonality 0.08
Added Neebray to AB_GallatrossGraveyard with commonality 0.15
Added PaintedSpat to AB_GallatrossGraveyard with commonality 0.15
Added Roggwart to AB_GallatrossGraveyard with commonality 0.01
Added Scavrat to AB_GallatrossGraveyard with commonality 0.15
Added Scurrier to AB_GallatrossGraveyard with commonality 0.15
Added Shyrack to AB_GallatrossGraveyard with commonality 0.04
Added Silooth to AB_GallatrossGraveyard with commonality 0.01
Added Skalder to AB_GallatrossGraveyard with commonality 0.08
Added TeeMuss to AB_GallatrossGraveyard with commonality 0.02
Added Tooke to AB_GallatrossGraveyard with commonality 0.15
Added Urusai to AB_GallatrossGraveyard with commonality 0.15
Added Vapaad to AB_GallatrossGraveyard with commonality 0.01
Added Veermok to AB_GallatrossGraveyard with commonality 0.04
Added WompRat to AB_GallatrossGraveyard with commonality 0.8
Added Zakkeg to AB_GallatrossGraveyard with commonality 0.04
Added BMT_Polluwog to AB_GallatrossGraveyard with commonality 0.01
Added BMT_GastroToad to AB_GallatrossGraveyard with commonality 0.03
Added BMT_Glowtail to AB_GallatrossGraveyard with commonality 0.2
Added BMT_Megaphorid to AB_GallatrossGraveyard with commonality 0.01
Added BMT_Megaroach to AB_GallatrossGraveyard with commonality 0.2
Added BMT_MutagenicNorphea to AB_GallatrossGraveyard with commonality 0.03
Added BMT_SludgeCrawler to AB_GallatrossGraveyard with commonality 0.02
Added BMT_Swarmcaller to AB_GallatrossGraveyard with commonality 0.3
Added Rancor to AB_IdyllicMeadows with commonality 0.01
Added Vulptex to AB_IdyllicMeadows with commonality 0.01
Added Akk to AB_IdyllicMeadows with commonality 0.01
Added Boma to AB_IdyllicMeadows with commonality 0.01
Added Borcatu to AB_IdyllicMeadows with commonality 0.08
Added Cannok to AB_IdyllicMeadows with commonality 0.04
Added Clodhopper to AB_IdyllicMeadows with commonality 0.08
Added Dianoga to AB_IdyllicMeadows with commonality 0.01
Added Gelagrub to AB_IdyllicMeadows with commonality 0.01
Added Gorg to AB_IdyllicMeadows with commonality 0.15
Added Grank to AB_IdyllicMeadows with commonality 0.02
Added GraniteSlug to AB_IdyllicMeadows with commonality 0.15
Added Gundark to AB_IdyllicMeadows with commonality 0.01
Added Hawkbat to AB_IdyllicMeadows with commonality 0.15
Added KellDragon to AB_IdyllicMeadows with commonality 0.01
Added Kinrath to AB_IdyllicMeadows with commonality 0.08
Added Klorslug to AB_IdyllicMeadows with commonality 0.08
Added Krykna to AB_IdyllicMeadows with commonality 0.04
Added Kreetle to AB_IdyllicMeadows with commonality 0.02
Added KwazelMaw to AB_IdyllicMeadows with commonality 0.01
Added Mynock to AB_IdyllicMeadows with commonality 0.15
Added Neebray to AB_IdyllicMeadows with commonality 0.15
Added PaintedSpat to AB_IdyllicMeadows with commonality 0.01
Added PekoPeko to AB_IdyllicMeadows with commonality 0.08
Added Scavrat to AB_IdyllicMeadows with commonality 0.15
Added Scurrier to AB_IdyllicMeadows with commonality 0.01
Added Skalder to AB_IdyllicMeadows with commonality 0.01
Added Snoruuk to AB_IdyllicMeadows with commonality 0.15
Added Stintaril to AB_IdyllicMeadows with commonality 0.01
Added TeeMuss to AB_IdyllicMeadows with commonality 0.04
Added Tibidee to AB_IdyllicMeadows with commonality 0.001
Added Vapaad to AB_IdyllicMeadows with commonality 0.01
Added Veermok to AB_IdyllicMeadows with commonality 0.01
Added Whisperbird to AB_IdyllicMeadows with commonality 0.08
Added WompRat to AB_IdyllicMeadows with commonality 0.01
Added Zakkeg to AB_IdyllicMeadows with commonality 0.01
Added BMT_Polluwog to AB_IdyllicMeadows with commonality 0.08
Added BMT_GastroToad to AB_IdyllicMeadows with commonality 0.3
Added BMT_Glowtail to AB_IdyllicMeadows with commonality 0.4
Added BMT_Megaphorid to AB_IdyllicMeadows with commonality 0.01
Added BMT_Megaroach to AB_IdyllicMeadows with commonality 0.2
Added BMT_MutagenicNorphea to AB_IdyllicMeadows with commonality 0.03
Added BMT_SludgeCrawler to AB_IdyllicMeadows with commonality 0.2
Added BMT_SmogMothLarvae to AB_IdyllicMeadows with commonality 0.1
Added BMT_SmogMoth to AB_IdyllicMeadows with commonality 0.05
Added BMT_Swarmcaller to AB_IdyllicMeadows with commonality 0.3
Added BMT_ToxSheep to AB_IdyllicMeadows with commonality 0.7
Added BMT_TripleSnapper to AB_IdyllicMeadows with commonality 0.1
Added Rancor to AB_OcularForest with commonality 0.01
Added Vulptex to AB_OcularForest with commonality 0.01
Added Akk to AB_OcularForest with commonality 0.01
Added Boma to AB_OcularForest with commonality 0.01
Added Borcatu to AB_OcularForest with commonality 0.08
Added Cannok to AB_OcularForest with commonality 0.04
Added Clodhopper to AB_OcularForest with commonality 0.08
Added Dianoga to AB_OcularForest with commonality 0.01
Added Gelagrub to AB_OcularForest with commonality 0.01
Added Gorg to AB_OcularForest with commonality 0.15
Added Grank to AB_OcularForest with commonality 0.02
Added GraniteSlug to AB_OcularForest with commonality 0.15
Added Gundark to AB_OcularForest with commonality 0.01
Added Hawkbat to AB_OcularForest with commonality 0.15
Added KellDragon to AB_OcularForest with commonality 0.01
Added Kinrath to AB_OcularForest with commonality 0.08
Added Klorslug to AB_OcularForest with commonality 0.08
Added Krykna to AB_OcularForest with commonality 0.04
Added Kreetle to AB_OcularForest with commonality 0.02
Added KwazelMaw to AB_OcularForest with commonality 0.01
Added Mynock to AB_OcularForest with commonality 0.15
Added Neebray to AB_OcularForest with commonality 0.15
Added PaintedSpat to AB_OcularForest with commonality 0.01
Added PekoPeko to AB_OcularForest with commonality 0.08
Added Scavrat to AB_OcularForest with commonality 0.15
Added Scurrier to AB_OcularForest with commonality 0.01
Added Skalder to AB_OcularForest with commonality 0.01
Added Snoruuk to AB_OcularForest with commonality 0.15
Added Stintaril to AB_OcularForest with commonality 0.01
Added TeeMuss to AB_OcularForest with commonality 0.04
Added Tibidee to AB_OcularForest with commonality 0.001
Added Vapaad to AB_OcularForest with commonality 0.01
Added Veermok to AB_OcularForest with commonality 0.01
Added Whisperbird to AB_OcularForest with commonality 0.08
Added WompRat to AB_OcularForest with commonality 0.01
Added Zakkeg to AB_OcularForest with commonality 0.01
Added BMT_Polluwog to AB_OcularForest with commonality 0.08
Added BMT_GastroToad to AB_OcularForest with commonality 0.3
Added BMT_Glowtail to AB_OcularForest with commonality 0.4
Added BMT_Megaphorid to AB_OcularForest with commonality 0.01
Added BMT_Megaroach to AB_OcularForest with commonality 0.2
Added BMT_MutagenicNorphea to AB_OcularForest with commonality 0.03
Added BMT_SludgeCrawler to AB_OcularForest with commonality 0.2
Added BMT_SmogMothLarvae to AB_OcularForest with commonality 0.1
Added BMT_SmogMoth to AB_OcularForest with commonality 0.05
Added BMT_Swarmcaller to AB_OcularForest with commonality 0.3
Added BMT_ToxSheep to AB_OcularForest with commonality 0.7
Added BMT_TripleSnapper to AB_OcularForest with commonality 0.1
Added Vulptex to AB_PyroclasticConflagration with commonality 0.08
Added Akk to AB_PyroclasticConflagration with commonality 0.08
Added Boma to AB_PyroclasticConflagration with commonality 0.01
Added Cannok to AB_PyroclasticConflagration with commonality 0.08
Added FrilledGorg to AB_PyroclasticConflagration with commonality 0.15
Added GraniteSlug to AB_PyroclasticConflagration with commonality 0.15
Added Insectomorph to AB_PyroclasticConflagration with commonality 0.08
Added Kreetle to AB_PyroclasticConflagration with commonality 0.15
Added LavaFlea to AB_PyroclasticConflagration with commonality 0.15
Added Mynock to AB_PyroclasticConflagration with commonality 0.15
Added Neebray to AB_PyroclasticConflagration with commonality 0.15
Added PaintedSpat to AB_PyroclasticConflagration with commonality 0.08
Added Roggwart to AB_PyroclasticConflagration with commonality 0.15
Added Scavrat to AB_PyroclasticConflagration with commonality 0.01
Added Vapaad to AB_PyroclasticConflagration with commonality 0.08
Added Rancor to AB_RockyCrags with commonality 0.01
Added Vulptex to AB_RockyCrags with commonality 0.03
Added Akk to AB_RockyCrags with commonality 0.02
Added Borcatu to AB_RockyCrags with commonality 0.15
Added EnergySpider to AB_RockyCrags with commonality 0.01
Added Gorg to AB_RockyCrags with commonality 0.04
Added Grank to AB_RockyCrags with commonality 0.01
Added GraniteSlug to AB_RockyCrags with commonality 0.15
Added Gundark to AB_RockyCrags with commonality 0.03
Added Gutkurr to AB_RockyCrags with commonality 0.04
Added Hawkbat to AB_RockyCrags with commonality 0.01
Added Insectomorph to AB_RockyCrags with commonality 0.06
Added KellDragon to AB_RockyCrags with commonality 0.04
Added Kinrath to AB_RockyCrags with commonality 0.01
Added Krykna to AB_RockyCrags with commonality 0.01
Added Kreetle to AB_RockyCrags with commonality 0.15
Added Lylek to AB_RockyCrags with commonality 0.04
Added Mynock to AB_RockyCrags with commonality 0.15
Added Neebray to AB_RockyCrags with commonality 0.15
Added PaintedSpat to AB_RockyCrags with commonality 0.01
Added Scavrat to AB_RockyCrags with commonality 0.15
Added Scurrier to AB_RockyCrags with commonality 0.15
Added Shyrack to AB_RockyCrags with commonality 0.08
Added Silooth to AB_RockyCrags with commonality 0.01
Added Skalder to AB_RockyCrags with commonality 0.08
Added Tooke to AB_RockyCrags with commonality 0.01
Added Tukata to AB_RockyCrags with commonality 0.04
Added Urusai to AB_RockyCrags with commonality 0.15
Added Vapaad to AB_RockyCrags with commonality 0.01
Added BMT_Polluwog to AB_RockyCrags with commonality 0.01
Added BMT_GastroToad to AB_RockyCrags with commonality 0.03
Added BMT_Megaphorid to AB_RockyCrags with commonality 0.01
Added BMT_Megaroach to AB_RockyCrags with commonality 0.2
Added BMT_MutagenicNorphea to AB_RockyCrags with commonality 0.03
Added BMT_SludgeCrawler to AB_RockyCrags with commonality 0.02
Added BMT_Swarmcaller to AB_RockyCrags with commonality 0.3
Added DA_Phrak to AB_MiasmicMangrove with commonality 0.4
Added Rancor to AB_MiasmicMangrove with commonality 0.08
Added Blixus to AB_MiasmicMangrove with commonality 0.15
Added Cannok to AB_MiasmicMangrove with commonality 0.08
Added Devourers to AB_MiasmicMangrove with commonality 0.08
Added Dianoga to AB_MiasmicMangrove with commonality 0.15
Added Dragonsnake to AB_MiasmicMangrove with commonality 0.15
Added FrilledGorg to AB_MiasmicMangrove with commonality 0.15
Added Gelagrub to AB_MiasmicMangrove with commonality 0.08
Added Gorg to AB_MiasmicMangrove with commonality 0.15
Added GraniteSlug to AB_MiasmicMangrove with commonality 0.15
Added Hawkbat to AB_MiasmicMangrove with commonality 0.15
Added Hssiss to AB_MiasmicMangrove with commonality 0.15
Added Kinrath to AB_MiasmicMangrove with commonality 0.08
Added Klorslug to AB_MiasmicMangrove with commonality 0.08
Added Krykna to AB_MiasmicMangrove with commonality 0.15
Added KwazelMaw to AB_MiasmicMangrove with commonality 0.08
Added LongtailGorg to AB_MiasmicMangrove with commonality 0.15
Added MarshHaunt to AB_MiasmicMangrove with commonality 0.15
Added Mynock to AB_MiasmicMangrove with commonality 0.15
Added Neebray to AB_MiasmicMangrove with commonality 0.15
Added PaintedSpat to AB_MiasmicMangrove with commonality 0.03
Added PekoPeko to AB_MiasmicMangrove with commonality 0.08
Added Scavrat to AB_MiasmicMangrove with commonality 0.15
Added Silooth to AB_MiasmicMangrove with commonality 0.15
Added Snoruuk to AB_MiasmicMangrove with commonality 0.15
Added Stintaril to AB_MiasmicMangrove with commonality 0.01
Added TeeMuss to AB_MiasmicMangrove with commonality 0.02
Added Tooke to AB_MiasmicMangrove with commonality 0.15
Added Taozin to AB_MiasmicMangrove with commonality 0.01
Added Tukata to AB_MiasmicMangrove with commonality 0.01
Added Vapaad to AB_MiasmicMangrove with commonality 0.03
Added Veermok to AB_MiasmicMangrove with commonality 0.08
Added WarWyrm to AB_MiasmicMangrove with commonality 0.001
Added Whisperbird to AB_MiasmicMangrove with commonality 0.15
Added WompRat to AB_MiasmicMangrove with commonality 0.01
Added Wyyyschokk to AB_MiasmicMangrove with commonality 0.08
Added BMT_Polluwog to AB_MiasmicMangrove with commonality 0.08
Added BMT_GastroToad to AB_MiasmicMangrove with commonality 0.3
Added BMT_Glowtail to AB_MiasmicMangrove with commonality 0.3
Added BMT_Megaphorid to AB_MiasmicMangrove with commonality 0.01
Added BMT_Megaroach to AB_MiasmicMangrove with commonality 0.2
Added BMT_MucklurkerCatfish to AB_MiasmicMangrove with commonality 0.05
Added BMT_MutagenicNorphea to AB_MiasmicMangrove with commonality 0.03
Added BMT_MutatingTumorfishSpawn to AB_MiasmicMangrove with commonality 0.1
Added BMT_MutatingTumorfishFry to AB_MiasmicMangrove with commonality 0.1
Added BMT_MutatingTumorfishAdult to AB_MiasmicMangrove with commonality 0.1
Added BMT_SludgeCrawler to AB_MiasmicMangrove with commonality 0.2
Added BMT_SmogMothLarvae to AB_MiasmicMangrove with commonality 0.1
Added BMT_SmogMoth to AB_MiasmicMangrove with commonality 0.05
Added BMT_Swarmcaller to AB_MiasmicMangrove with commonality 0.3
Added BMT_TripleSnapper to AB_MiasmicMangrove with commonality 0.1
Added BMT_Megakrill to AB_PropaneLakes with commonality 0.05
Added BMT_Megaroach to AB_PropaneLakes with commonality 0.2
Added BMT_Swarmcaller to AB_PropaneLakes with commonality 0.3
Added BMT_Varmot to AB_PropaneLakes with commonality 1
Added DA_Phrak to AB_MycoticJungle with commonality 0.2
Added Rancor to AB_MycoticJungle with commonality 0.01
Added Vulptex to AB_MycoticJungle with commonality 0.005
Added Akk to AB_MycoticJungle with commonality 0.005
Added Blixus to AB_MycoticJungle with commonality 0.075
Added Boma to AB_MycoticJungle with commonality 0.005
Added Borcatu to AB_MycoticJungle with commonality 0.04
Added Cannok to AB_MycoticJungle with commonality 0.04
Added Clodhopper to AB_MycoticJungle with commonality 0.04
Added Devourers to AB_MycoticJungle with commonality 0.005
Added Dianoga to AB_MycoticJungle with commonality 0.045
Added Dragonsnake to AB_MycoticJungle with commonality 0.02
Added Gelagrub to AB_MycoticJungle with commonality 0.045
Added Gorg to AB_MycoticJungle with commonality 0.115
Added Grank to AB_MycoticJungle with commonality 0.01
Added GraniteSlug to AB_MycoticJungle with commonality 0.15
Added Gundark to AB_MycoticJungle with commonality 0.01
Added Hawkbat to AB_MycoticJungle with commonality 0.08000001
Added Hssiss to AB_MycoticJungle with commonality 0.075
Added KellDragon to AB_MycoticJungle with commonality 0.005
Added Kinrath to AB_MycoticJungle with commonality 0.04
Added Klorslug to AB_MycoticJungle with commonality 0.04
Added Krykna to AB_MycoticJungle with commonality 0.04
Added Kreetle to AB_MycoticJungle with commonality 0.025
Added KwazelMaw to AB_MycoticJungle with commonality 0.025
Added LongtailGorg to AB_MycoticJungle with commonality 0.04
Added Mynock to AB_MycoticJungle with commonality 0.15
Added Neebray to AB_MycoticJungle with commonality 0.075
Added PaintedSpat to AB_MycoticJungle with commonality 0.005
Added PekoPeko to AB_MycoticJungle with commonality 0.04
Added Scavrat to AB_MycoticJungle with commonality 0.15
Added Scurrier to AB_MycoticJungle with commonality 0.005
Added Silooth to AB_MycoticJungle with commonality 0.075
Added Skalder to AB_MycoticJungle with commonality 0.005
Added Snoruuk to AB_MycoticJungle with commonality 0.075
Added Stintaril to AB_MycoticJungle with commonality 0.01
Added TeeMuss to AB_MycoticJungle with commonality 0.035
Added Tibidee to AB_MycoticJungle with commonality 0.0005
Added Vapaad to AB_MycoticJungle with commonality 0.005
Added Veermok to AB_MycoticJungle with commonality 0.045
Added Whisperbird to AB_MycoticJungle with commonality 0.08
Added WompRat to AB_MycoticJungle with commonality 0.01
Added Zakkeg to AB_MycoticJungle with commonality 0.005
Added BMT_Polluwog to AB_MycoticJungle with commonality 0.08
Added BMT_GastroToad to AB_MycoticJungle with commonality 0.3
Added BMT_Glowtail to AB_MycoticJungle with commonality 0.3
Added BMT_Megaphorid to AB_MycoticJungle with commonality 0.01
Added BMT_Megaroach to AB_MycoticJungle with commonality 0.2
Added BMT_MucklurkerCatfish to AB_MycoticJungle with commonality 0.025
Added BMT_MutagenicNorphea to AB_MycoticJungle with commonality 0.03
Added BMT_MutatingTumorfishSpawn to AB_MycoticJungle with commonality 0.05
Added BMT_MutatingTumorfishFry to AB_MycoticJungle with commonality 0.05
Added BMT_MutatingTumorfishAdult to AB_MycoticJungle with commonality 0.05
Added BMT_SludgeCrawler to AB_MycoticJungle with commonality 0.2
Added BMT_SmogMothLarvae to AB_MycoticJungle with commonality 0.1
Added BMT_SmogMoth to AB_MycoticJungle with commonality 0.05
Added BMT_Swarmcaller to AB_MycoticJungle with commonality 0.3
Added BMT_ToxSheep to AB_MycoticJungle with commonality 0.35
Added BMT_TripleSnapper to AB_MycoticJungle with commonality 0.1
Added Rancor to AB_MechanoidIntrusion with commonality 0.01
Added Vulptex to AB_MechanoidIntrusion with commonality 0.03
Added Borcatu to AB_MechanoidIntrusion with commonality 0.8
Added EnergySpider to AB_MechanoidIntrusion with commonality 0.01
Added Gorg to AB_MechanoidIntrusion with commonality 0.02
Added GraniteSlug to AB_MechanoidIntrusion with commonality 0.15
Added Gutkurr to AB_MechanoidIntrusion with commonality 0.02
Added Hawkbat to AB_MechanoidIntrusion with commonality 0.01
Added Insectomorph to AB_MechanoidIntrusion with commonality 0.04
Added Kinrath to AB_MechanoidIntrusion with commonality 0.01
Added Krykna to AB_MechanoidIntrusion with commonality 0.01
Added Kreetle to AB_MechanoidIntrusion with commonality 0.15
Added LavaFlea to AB_MechanoidIntrusion with commonality 0.08
Added Lylek to AB_MechanoidIntrusion with commonality 0.08
Added Mynock to AB_MechanoidIntrusion with commonality 0.15
Added PaintedSpat to AB_MechanoidIntrusion with commonality 0.01
Added Roggwart to AB_MechanoidIntrusion with commonality 0.01
Added Scavrat to AB_MechanoidIntrusion with commonality 0.15
Added Scurrier to AB_MechanoidIntrusion with commonality 0.15
Added Shyrack to AB_MechanoidIntrusion with commonality 0.15
Added Silooth to AB_MechanoidIntrusion with commonality 0.01
Added Skalder to AB_MechanoidIntrusion with commonality 0.04
Added Tooke to AB_MechanoidIntrusion with commonality 0.01
Added Tukata to AB_MechanoidIntrusion with commonality 0.08
Added Urusai to AB_MechanoidIntrusion with commonality 0.15
Added Vapaad to AB_MechanoidIntrusion with commonality 0.01
Added WompRat to AB_MechanoidIntrusion with commonality 0.04
Added BMT_Polluwog to AB_MechanoidIntrusion with commonality 0.01
Added BMT_GastroToad to AB_MechanoidIntrusion with commonality 0.03
Added BMT_Megaphorid to AB_MechanoidIntrusion with commonality 0.01
Added BMT_Megaroach to AB_MechanoidIntrusion with commonality 0.2
Added BMT_MutagenicNorphea to AB_MechanoidIntrusion with commonality 0.03
Added BMT_SludgeCrawler to AB_MechanoidIntrusion with commonality 0.02
Added BMT_Swarmcaller to AB_MechanoidIntrusion with commonality 0.3
Added DA_Phrak to AB_GelatinousSuperorganism with commonality 0.2
Added Rancor to AB_GelatinousSuperorganism with commonality 0.01
Added Vulptex to AB_GelatinousSuperorganism with commonality 0.005
Added Akk to AB_GelatinousSuperorganism with commonality 0.005
Added Blixus to AB_GelatinousSuperorganism with commonality 0.075
Added Boma to AB_GelatinousSuperorganism with commonality 0.005
Added Borcatu to AB_GelatinousSuperorganism with commonality 0.04
Added Cannok to AB_GelatinousSuperorganism with commonality 0.04
Added Clodhopper to AB_GelatinousSuperorganism with commonality 0.04
Added Devourers to AB_GelatinousSuperorganism with commonality 0.005
Added Dianoga to AB_GelatinousSuperorganism with commonality 0.045
Added Dragonsnake to AB_GelatinousSuperorganism with commonality 0.02
Added Gelagrub to AB_GelatinousSuperorganism with commonality 0.045
Added Gorg to AB_GelatinousSuperorganism with commonality 0.115
Added Grank to AB_GelatinousSuperorganism with commonality 0.01
Added GraniteSlug to AB_GelatinousSuperorganism with commonality 0.15
Added Gundark to AB_GelatinousSuperorganism with commonality 0.01
Added Hawkbat to AB_GelatinousSuperorganism with commonality 0.08000001
Added Hssiss to AB_GelatinousSuperorganism with commonality 0.075
Added KellDragon to AB_GelatinousSuperorganism with commonality 0.005
Added Kinrath to AB_GelatinousSuperorganism with commonality 0.04
Added Klorslug to AB_GelatinousSuperorganism with commonality 0.04
Added Krykna to AB_GelatinousSuperorganism with commonality 0.04
Added Kreetle to AB_GelatinousSuperorganism with commonality 0.025
Added KwazelMaw to AB_GelatinousSuperorganism with commonality 0.025
Added LongtailGorg to AB_GelatinousSuperorganism with commonality 0.04
Added Mynock to AB_GelatinousSuperorganism with commonality 0.15
Added Neebray to AB_GelatinousSuperorganism with commonality 0.075
Added PaintedSpat to AB_GelatinousSuperorganism with commonality 0.005
Added PekoPeko to AB_GelatinousSuperorganism with commonality 0.04
Added Scavrat to AB_GelatinousSuperorganism with commonality 0.15
Added Scurrier to AB_GelatinousSuperorganism with commonality 0.005
Added Silooth to AB_GelatinousSuperorganism with commonality 0.075
Added Skalder to AB_GelatinousSuperorganism with commonality 0.005
Added Snoruuk to AB_GelatinousSuperorganism with commonality 0.075
Added Stintaril to AB_GelatinousSuperorganism with commonality 0.01
Added TeeMuss to AB_GelatinousSuperorganism with commonality 0.035
Added Tibidee to AB_GelatinousSuperorganism with commonality 0.0005
Added Vapaad to AB_GelatinousSuperorganism with commonality 0.005
Added Veermok to AB_GelatinousSuperorganism with commonality 0.045
Added Whisperbird to AB_GelatinousSuperorganism with commonality 0.08
Added WompRat to AB_GelatinousSuperorganism with commonality 0.01
Added Zakkeg to AB_GelatinousSuperorganism with commonality 0.005
Added BMT_Polluwog to AB_GelatinousSuperorganism with commonality 0.08
Added BMT_GastroToad to AB_GelatinousSuperorganism with commonality 0.3
Added BMT_Glowtail to AB_GelatinousSuperorganism with commonality 0.3
Added BMT_Megaphorid to AB_GelatinousSuperorganism with commonality 0.01
Added BMT_Megaroach to AB_GelatinousSuperorganism with commonality 0.2
Added BMT_MucklurkerCatfish to AB_GelatinousSuperorganism with commonality 0.025
Added BMT_MutagenicNorphea to AB_GelatinousSuperorganism with commonality 0.03
Added BMT_MutatingTumorfishSpawn to AB_GelatinousSuperorganism with commonality 0.05
Added BMT_MutatingTumorfishFry to AB_GelatinousSuperorganism with commonality 0.05
Added BMT_MutatingTumorfishAdult to AB_GelatinousSuperorganism with commonality 0.05
Added BMT_SludgeCrawler to AB_GelatinousSuperorganism with commonality 0.2
Added BMT_SmogMothLarvae to AB_GelatinousSuperorganism with commonality 0.1
Added BMT_SmogMoth to AB_GelatinousSuperorganism with commonality 0.05
Added BMT_Swarmcaller to AB_GelatinousSuperorganism with commonality 0.3
Added BMT_ToxSheep to AB_GelatinousSuperorganism with commonality 0.35
Added BMT_TripleSnapper to AB_GelatinousSuperorganism with commonality 0.1
Added Rancor to AB_TarPits with commonality 0.01
Added Vulptex to AB_TarPits with commonality 0.02
Added Akk to AB_TarPits with commonality 0.015
Added Boma to AB_TarPits with commonality 0.005
Added Borcatu to AB_TarPits with commonality 0.115
Added Cannok to AB_TarPits with commonality 0.02
Added Clodhopper to AB_TarPits with commonality 0.04
Added Dianoga to AB_TarPits with commonality 0.005
Added EnergySpider to AB_TarPits with commonality 0.005
Added Gelagrub to AB_TarPits with commonality 0.005
Added Gorg to AB_TarPits with commonality 0.095
Added Grank to AB_TarPits with commonality 0.015
Added GraniteSlug to AB_TarPits with commonality 0.15
Added Gundark to AB_TarPits with commonality 0.02
Added Gutkurr to AB_TarPits with commonality 0.02
Added Hawkbat to AB_TarPits with commonality 0.08000001
Added Insectomorph to AB_TarPits with commonality 0.03
Added KellDragon to AB_TarPits with commonality 0.025
Added Kinrath to AB_TarPits with commonality 0.045
Added Klorslug to AB_TarPits with commonality 0.04
Added Krykna to AB_TarPits with commonality 0.025
Added Kreetle to AB_TarPits with commonality 0.085
Added KwazelMaw to AB_TarPits with commonality 0.005
Added Lylek to AB_TarPits with commonality 0.02
Added Mynock to AB_TarPits with commonality 0.15
Added Neebray to AB_TarPits with commonality 0.15
Added PaintedSpat to AB_TarPits with commonality 0.01
Added PekoPeko to AB_TarPits with commonality 0.04
Added Scavrat to AB_TarPits with commonality 0.15
Added Scurrier to AB_TarPits with commonality 0.08000001
Added Shyrack to AB_TarPits with commonality 0.04
Added Silooth to AB_TarPits with commonality 0.005
Added Skalder to AB_TarPits with commonality 0.045
Added Snoruuk to AB_TarPits with commonality 0.075
Added Stintaril to AB_TarPits with commonality 0.005
Added TeeMuss to AB_TarPits with commonality 0.02
Added Tibidee to AB_TarPits with commonality 0.0005
Added Tooke to AB_TarPits with commonality 0.005
Added Tukata to AB_TarPits with commonality 0.02
Added Urusai to AB_TarPits with commonality 0.075
Added Vapaad to AB_TarPits with commonality 0.01
Added Veermok to AB_TarPits with commonality 0.005
Added Whisperbird to AB_TarPits with commonality 0.04
Added WompRat to AB_TarPits with commonality 0.005
Added Zakkeg to AB_TarPits with commonality 0.005
Added BMT_Polluwog to AB_TarPits with commonality 0.045
Added BMT_GastroToad to AB_TarPits with commonality 0.165
Added BMT_Glowtail to AB_TarPits with commonality 0.2
Added BMT_Megaphorid to AB_TarPits with commonality 0.01
Added BMT_Megaroach to AB_TarPits with commonality 0.2
Added BMT_MutagenicNorphea to AB_TarPits with commonality 0.03
Added BMT_SludgeCrawler to AB_TarPits with commonality 0.11
Added BMT_SmogMothLarvae to AB_TarPits with commonality 0.05
Added BMT_SmogMoth to AB_TarPits with commonality 0.025
Added BMT_Swarmcaller to AB_TarPits with commonality 0.3
Added BMT_ToxSheep to AB_TarPits with commonality 0.35
Added BMT_TripleSnapper to AB_TarPits with commonality 0.05
Added DA_Phrak to AB_FeraliskInfestedJungle with commonality 0.275
Added Rancor to AB_FeraliskInfestedJungle with commonality 0.08
Added Vulptex to AB_FeraliskInfestedJungle with commonality 0.005
Added Akk to AB_FeraliskInfestedJungle with commonality 0.04
Added Blixus to AB_FeraliskInfestedJungle with commonality 0.075
Added Boma to AB_FeraliskInfestedJungle with commonality 0.04
Added Borcatu to AB_FeraliskInfestedJungle with commonality 0.04
Added Cannok to AB_FeraliskInfestedJungle with commonality 0.08
Added Devourers to AB_FeraliskInfestedJungle with commonality 0.08
Added Dianoga to AB_FeraliskInfestedJungle with commonality 0.09
Added Dragonsnake to AB_FeraliskInfestedJungle with commonality 0.095
Added FrilledGorg to AB_FeraliskInfestedJungle with commonality 0.075
Added Gelagrub to AB_FeraliskInfestedJungle with commonality 0.115
Added Gorg to AB_FeraliskInfestedJungle with commonality 0.475
Added Grank to AB_FeraliskInfestedJungle with commonality 0.03
Added GraniteSlug to AB_FeraliskInfestedJungle with commonality 0.15
Added Gundark to AB_FeraliskInfestedJungle with commonality 0.015
Added Gutkurr to AB_FeraliskInfestedJungle with commonality 0.005
Added Hawkbat to AB_FeraliskInfestedJungle with commonality 0.095
Added Hssiss to AB_FeraliskInfestedJungle with commonality 0.095
Added Insectomorph to AB_FeraliskInfestedJungle with commonality 0.005
Added JungleRancor to AB_FeraliskInfestedJungle with commonality 0.075
Added Kinrath to AB_FeraliskInfestedJungle with commonality 0.08
Added Klorslug to AB_FeraliskInfestedJungle with commonality 0.04
Added Krykna to AB_FeraliskInfestedJungle with commonality 0.09
Added Kreetle to AB_FeraliskInfestedJungle with commonality 0.25
Added KwazelMaw to AB_FeraliskInfestedJungle with commonality 0.06
Added LavaFlea to AB_FeraliskInfestedJungle with commonality 0.005
Added LongtailGorg to AB_FeraliskInfestedJungle with commonality 0.15
Added MarshHaunt to AB_FeraliskInfestedJungle with commonality 0.075
Added Mynock to AB_FeraliskInfestedJungle with commonality 0.15
Added Neebray to AB_FeraliskInfestedJungle with commonality 0.15
Added PaintedSpat to AB_FeraliskInfestedJungle with commonality 0.055
Added PekoPeko to AB_FeraliskInfestedJungle with commonality 0.08
Added Roggwart to AB_FeraliskInfestedJungle with commonality 0.01
Added Scavrat to AB_FeraliskInfestedJungle with commonality 0.15
Added Scurrier to AB_FeraliskInfestedJungle with commonality 0.005
Added Silooth to AB_FeraliskInfestedJungle with commonality 0.115
Added Skalder to AB_FeraliskInfestedJungle with commonality 0.075
Added Snoruuk to AB_FeraliskInfestedJungle with commonality 0.15
Added Stintaril to AB_FeraliskInfestedJungle with commonality 0.08000001
Added TeeMuss to AB_FeraliskInfestedJungle with commonality 0.05
Added Tooke to AB_FeraliskInfestedJungle with commonality 0.15
Added Taozin to AB_FeraliskInfestedJungle with commonality 0.01
Added Tukata to AB_FeraliskInfestedJungle with commonality 0.005
Added Vapaad to AB_FeraliskInfestedJungle with commonality 0.03
Added Veermok to AB_FeraliskInfestedJungle with commonality 0.08
Added WarWyrm to AB_FeraliskInfestedJungle with commonality 0.001
Added Whisperbird to AB_FeraliskInfestedJungle with commonality 0.15
Added WompRat to AB_FeraliskInfestedJungle with commonality 0.01
Added Wyyyschokk to AB_FeraliskInfestedJungle with commonality 0.08
Added Zakkeg to AB_FeraliskInfestedJungle with commonality 0.04
Added BMT_Polluwog to AB_FeraliskInfestedJungle with commonality 0.08
Added BMT_GastroToad to AB_FeraliskInfestedJungle with commonality 0.3
Added BMT_Glowtail to AB_FeraliskInfestedJungle with commonality 0.55
Added BMT_Creature_Mantrap to AB_FeraliskInfestedJungle with commonality 0.0005
Added BMT_Megaphorid to AB_FeraliskInfestedJungle with commonality 0.01
Added BMT_Megaroach to AB_FeraliskInfestedJungle with commonality 0.2
Added BMT_MucklurkerCatfish to AB_FeraliskInfestedJungle with commonality 0.025
Added BMT_MutagenicNorphea to AB_FeraliskInfestedJungle with commonality 0.03
Added BMT_MutatingTumorfishSpawn to AB_FeraliskInfestedJungle with commonality 0.05
Added BMT_MutatingTumorfishFry to AB_FeraliskInfestedJungle with commonality 0.05
Added BMT_MutatingTumorfishAdult to AB_FeraliskInfestedJungle with commonality 0.05
Added BMT_SludgeCrawler to AB_FeraliskInfestedJungle with commonality 0.2
Added BMT_SmogMothLarvae to AB_FeraliskInfestedJungle with commonality 0.1
Added BMT_SmogMoth to AB_FeraliskInfestedJungle with commonality 0.05
Added BMT_Swarmcaller to AB_FeraliskInfestedJungle with commonality 0.3
Added BMT_ToxSheep to AB_FeraliskInfestedJungle with commonality 0.15
Added BMT_TripleSnapper to AB_FeraliskInfestedJungle with commonality 0.1
Added Gorg to ZBiome_AlpineMeadow with commonality 0.075
Added BMT_BloodletterPetrel to ZBiome_AlpineMeadow with commonality 0.015
Added BMT_FenridStoat to ZBiome_AlpineMeadow with commonality 0.035
Added BMT_Polluwog to ZBiome_AlpineMeadow with commonality 0.045
Added BMT_GastroToad to ZBiome_AlpineMeadow with commonality 0.165
Added BMT_Glowtail to ZBiome_AlpineMeadow with commonality 0.2
Added BMT_Megaphorid to ZBiome_AlpineMeadow with commonality 0.01
Added BMT_Megaroach to ZBiome_AlpineMeadow with commonality 0.2
Added BMT_MutagenicNorphea to ZBiome_AlpineMeadow with commonality 0.03
Added BMT_SludgeCrawler to ZBiome_AlpineMeadow with commonality 0.105
Added BMT_SmogMothLarvae to ZBiome_AlpineMeadow with commonality 0.05
Added BMT_SmogMoth to ZBiome_AlpineMeadow with commonality 0.025
Added BMT_Swarmcaller to ZBiome_AlpineMeadow with commonality 0.3
Added BMT_ToxSheep to ZBiome_AlpineMeadow with commonality 0.75
Added BMT_TripleSnapper to ZBiome_AlpineMeadow with commonality 0.05
Added BMT_Varmot to ZBiome_AlpineMeadow with commonality 0.5
Added DA_Phrak to ZBiome_CloudForest with commonality 0.1833333
Added Gorg to ZBiome_CloudForest with commonality 0.3666667
Added BMT_Polluwog to ZBiome_CloudForest with commonality 0.08
Added BMT_GastroToad to ZBiome_CloudForest with commonality 0.3
Added BMT_Glowtail to ZBiome_CloudForest with commonality 0.5
Added BMT_Megaphorid to ZBiome_CloudForest with commonality 0.01
Added BMT_Megaroach to ZBiome_CloudForest with commonality 0.2
Added BMT_MutagenicNorphea to ZBiome_CloudForest with commonality 0.03
Added BMT_SludgeCrawler to ZBiome_CloudForest with commonality 0.2
Added BMT_SmogMothLarvae to ZBiome_CloudForest with commonality 0.1
Added BMT_SmogMoth to ZBiome_CloudForest with commonality 0.05
Added BMT_Swarmcaller to ZBiome_CloudForest with commonality 0.3
Added BMT_ToxSheep to ZBiome_CloudForest with commonality 0.3333333
Added BMT_TripleSnapper to ZBiome_CloudForest with commonality 0.1
Added DA_Phrak to ZBiome_CoastalDunes with commonality 0.075
Added BMT_Polluwog to ZBiome_CoastalDunes with commonality 0.08
Added BMT_GastroToad to ZBiome_CoastalDunes with commonality 0.3
Added BMT_Glowtail to ZBiome_CoastalDunes with commonality 0.6
Added BMT_Creature_Mantrap to ZBiome_CoastalDunes with commonality 0.0005
Added BMT_Megaphorid to ZBiome_CoastalDunes with commonality 0.01
Added BMT_Megaroach to ZBiome_CoastalDunes with commonality 0.2
Added BMT_MutagenicNorphea to ZBiome_CoastalDunes with commonality 0.03
Added BMT_SludgeCrawler to ZBiome_CoastalDunes with commonality 0.2
Added BMT_SmogMothLarvae to ZBiome_CoastalDunes with commonality 0.1
Added BMT_SmogMoth to ZBiome_CoastalDunes with commonality 0.05
Added BMT_Swarmcaller to ZBiome_CoastalDunes with commonality 0.3
Added BMT_ToxSheep to ZBiome_CoastalDunes with commonality 0.5
Added BMT_TripleSnapper to ZBiome_CoastalDunes with commonality 0.1
Added BMT_Megakrill to ZBiome_Iceberg_NoBeach with commonality 0.1
Added BMT_Megaroach to ZBiome_Iceberg_NoBeach with commonality 0.2
Added BMT_Swarmcaller to ZBiome_Iceberg_NoBeach with commonality 0.3
Added DA_Phrak to ZBiome_Marsh with commonality 0.2
Added Rancor to ZBiome_Marsh with commonality 0.005
Added Blixus to ZBiome_Marsh with commonality 0.075
Added Borcatu to ZBiome_Marsh with commonality 0.005
Added Cannok to ZBiome_Marsh with commonality 0.04
Added Devourers to ZBiome_Marsh with commonality 0.005
Added Dianoga to ZBiome_Marsh with commonality 0.055
Added Dragonsnake to ZBiome_Marsh with commonality 0.02
Added FrilledGorg to ZBiome_Marsh with commonality 0.015
Added Gelagrub to ZBiome_Marsh with commonality 0.04
Added Gorg to ZBiome_Marsh with commonality 0.055
Added Grank to ZBiome_Marsh with commonality 0.005
Added GraniteSlug to ZBiome_Marsh with commonality 0.15
Added Gundark to ZBiome_Marsh with commonality 0.005
Added Hawkbat to ZBiome_Marsh with commonality 0.005
Added Hssiss to ZBiome_Marsh with commonality 0.115
Added Krykna to ZBiome_Marsh with commonality 0.0275
Added Kreetle to ZBiome_Marsh with commonality 0.015
Added KwazelMaw to ZBiome_Marsh with commonality 0.035
Added LongtailGorg to ZBiome_Marsh with commonality 0.04
Added MarshHaunt to ZBiome_Marsh with commonality 0.075
Added Mynock to ZBiome_Marsh with commonality 0.15
Added Scavrat to ZBiome_Marsh with commonality 0.15
Added Silooth to ZBiome_Marsh with commonality 0.09
Added Stintaril to ZBiome_Marsh with commonality 0.005
Added TeeMuss to ZBiome_Marsh with commonality 0.055
Added TetnissCrab to ZBiome_Marsh with commonality 0.075
Added Veermok to ZBiome_Marsh with commonality 0.04
Added Whisperbird to ZBiome_Marsh with commonality 0.04
Added WompRat to ZBiome_Marsh with commonality 0.005
Added BMT_BloodletterPetrel to ZBiome_Marsh with commonality 0.015
Added BMT_FenridStoat to ZBiome_Marsh with commonality 0.035
Added BMT_Polluwog to ZBiome_Marsh with commonality 0.045
Added BMT_GastroToad to ZBiome_Marsh with commonality 0.165
Added BMT_Glowtail to ZBiome_Marsh with commonality 0.1
Added BMT_Megaphorid to ZBiome_Marsh with commonality 0.01
Added BMT_Megaroach to ZBiome_Marsh with commonality 0.2
Added BMT_MucklurkerCatfish to ZBiome_Marsh with commonality 0.05
Added BMT_MutagenicNorphea to ZBiome_Marsh with commonality 0.03
Added BMT_MutatingTumorfishSpawn to ZBiome_Marsh with commonality 0.1
Added BMT_MutatingTumorfishFry to ZBiome_Marsh with commonality 0.1
Added BMT_MutatingTumorfishAdult to ZBiome_Marsh with commonality 0.1
Added BMT_SludgeCrawler to ZBiome_Marsh with commonality 0.115
Added BMT_SmogMothLarvae to ZBiome_Marsh with commonality 0.05
Added BMT_SmogMoth to ZBiome_Marsh with commonality 0.025
Added BMT_Swarmcaller to ZBiome_Marsh with commonality 0.3
Added BMT_TripleSnapper to ZBiome_Marsh with commonality 0.05
Added BMT_Varmot to ZBiome_Marsh with commonality 0.5
Added DA_Phrak to ZBiome_Sandbar_NoBeach with commonality 0.075
Added BMT_Polluwog to ZBiome_Sandbar_NoBeach with commonality 0.08
Added BMT_GastroToad to ZBiome_Sandbar_NoBeach with commonality 0.3
Added BMT_Glowtail to ZBiome_Sandbar_NoBeach with commonality 0.6
Added BMT_Creature_Mantrap to ZBiome_Sandbar_NoBeach with commonality 0.0005
Added BMT_Megaphorid to ZBiome_Sandbar_NoBeach with commonality 0.01
Added BMT_Megaroach to ZBiome_Sandbar_NoBeach with commonality 0.2
Added BMT_MutagenicNorphea to ZBiome_Sandbar_NoBeach with commonality 0.03
Added BMT_SludgeCrawler to ZBiome_Sandbar_NoBeach with commonality 0.2
Added BMT_SmogMothLarvae to ZBiome_Sandbar_NoBeach with commonality 0.1
Added BMT_SmogMoth to ZBiome_Sandbar_NoBeach with commonality 0.05
Added BMT_Swarmcaller to ZBiome_Sandbar_NoBeach with commonality 0.3
Added BMT_ToxSheep to ZBiome_Sandbar_NoBeach with commonality 0.5
Added BMT_TripleSnapper to ZBiome_Sandbar_NoBeach with commonality 0.1
Added BMT_Polluwog to ZBiome_Badlands with commonality 0.01
Added BMT_GastroToad to ZBiome_Badlands with commonality 0.03
Added BMT_Glowtail to ZBiome_Badlands with commonality 0.1
Added BMT_Megaphorid to ZBiome_Badlands with commonality 0.01
Added BMT_Megaroach to ZBiome_Badlands with commonality 0.2
Added BMT_MutagenicNorphea to ZBiome_Badlands with commonality 0.03
Added BMT_SludgeCrawler to ZBiome_Badlands with commonality 0.02
Added BMT_Swarmcaller to ZBiome_Badlands with commonality 0.3
Added BMT_Polluwog to ZBiome_DesertOasis with commonality 0.01
Added BMT_GastroToad to ZBiome_DesertOasis with commonality 0.03
Added BMT_Megaphorid to ZBiome_DesertOasis with commonality 0.01
Added BMT_Megaroach to ZBiome_DesertOasis with commonality 0.2
Added BMT_MutagenicNorphea to ZBiome_DesertOasis with commonality 0.03
Added BMT_SludgeCrawler to ZBiome_DesertOasis with commonality 0.02
Added BMT_Swarmcaller to ZBiome_DesertOasis with commonality 0.3
 
****************__________ Starting to patch mod added coastal creatures to mod added biomes... __________****************
Added Penguin to AB_PropaneLakes with commonality 0.1
Added Penguin to ZBiome_GlacialShield with commonality 0.1
 
****************__________ Starting to patch mod added caravan animals to mod added biomes... __________****************
 
****************__________ Starting to patch mod added fishes to mod added biomes... __________****************
Added swfish_Burra to Savanna with commonality 0.5
Added swfish_Dactopus to Savanna with commonality 0.5
Added swfish_Daggert to Savanna with commonality 0.5
Added swfish_Doshianjelly to Savanna with commonality 0.5
Added swfish_Faa to Savanna with commonality 0.5
Added swfish_FleekEel to Savanna with commonality 0.5
Added swfish_Laa to Savanna with commonality 0.5
Added swfish_Nyork to Savanna with commonality 0.5
Added swfish_PaddyFrog to Savanna with commonality 0.5
Added swfish_Ray to Savanna with commonality 0.5
Added swfish_See to Savanna with commonality 0.5
Added swfish_SinkCrab to Savanna with commonality 0.5
Added DA_Fish_SnappingTadpole to Wetland with commonality 0.5
Added swfish_Burra to Wetland with commonality 1
Added swfish_Dactopus to Wetland with commonality 1
Added swfish_Daggert to Wetland with commonality 1
Added swfish_Doshianjelly to Wetland with commonality 1
Added swfish_Faa to Wetland with commonality 1
Added swfish_FleekEel to Wetland with commonality 1
Added swfish_Laa to Wetland with commonality 1
Added swfish_Nyork to Wetland with commonality 1
Added swfish_PaddyFrog to Wetland with commonality 1
Added swfish_Ray to Wetland with commonality 1
Added swfish_See to Wetland with commonality 1
Added swfish_SinkCrab to Wetland with commonality 1
Added DA_Fish_SnappingTadpole to AB_GallatrossGraveyard with commonality 0
Added DA_Fish_SnappingTadpole to AB_GallatrossGraveyard with commonality 0
Added DA_Fish_SnappingTadpole to AB_GallatrossGraveyard with commonality 0
Added DA_Fish_SnappingTadpole to AB_GallatrossGraveyard with commonality 0
Added GravTide_Fish_Rockfish to AB_GallatrossGraveyard with commonality 0
Added GravTide_Fish_Rockfish to AB_GallatrossGraveyard with commonality 0
Added GravTide_Fish_Rockfish to AB_GallatrossGraveyard with commonality 0
Added GravTide_Fish_Rockfish to AB_GallatrossGraveyard with commonality 0
Added GravTide_Fish_Ray to AB_GallatrossGraveyard with commonality 0
Added GravTide_Fish_Ray to AB_GallatrossGraveyard with commonality 0
Added GravTide_Fish_Ray to AB_GallatrossGraveyard with commonality 0
Added GravTide_Fish_Ray to AB_GallatrossGraveyard with commonality 0
Added GravTide_Fish_Halosaur to AB_GallatrossGraveyard with commonality 0
Added GravTide_Fish_Halosaur to AB_GallatrossGraveyard with commonality 0
Added GravTide_Fish_Halosaur to AB_GallatrossGraveyard with commonality 0
Added GravTide_Fish_Halosaur to AB_GallatrossGraveyard with commonality 0
Added GravTide_Fish_Anglerfish to AB_GallatrossGraveyard with commonality 0
Added GravTide_Fish_Anglerfish to AB_GallatrossGraveyard with commonality 0
Added GravTide_Fish_Anglerfish to AB_GallatrossGraveyard with commonality 0
Added GravTide_Fish_Anglerfish to AB_GallatrossGraveyard with commonality 0
Added GravTide_Fish_Snailfish to AB_GallatrossGraveyard with commonality 0
Added GravTide_Fish_Snailfish to AB_GallatrossGraveyard with commonality 0
Added GravTide_Fish_Snailfish to AB_GallatrossGraveyard with commonality 0
Added GravTide_Fish_Snailfish to AB_GallatrossGraveyard with commonality 0
Added GravTide_Fish_MorayEel to AB_GallatrossGraveyard with commonality 0
Added GravTide_Fish_MorayEel to AB_GallatrossGraveyard with commonality 0
Added GravTide_Fish_MorayEel to AB_GallatrossGraveyard with commonality 0
Added GravTide_Fish_MorayEel to AB_GallatrossGraveyard with commonality 0
Added GravTide_Fish_Wolffish to AB_GallatrossGraveyard with commonality 0
Added GravTide_Fish_Wolffish to AB_GallatrossGraveyard with commonality 0
Added GravTide_Fish_Wolffish to AB_GallatrossGraveyard with commonality 0
Added GravTide_Fish_Wolffish to AB_GallatrossGraveyard with commonality 0
Added GravTide_Fish_Monkfish to AB_GallatrossGraveyard with commonality 0
Added GravTide_Fish_Monkfish to AB_GallatrossGraveyard with commonality 0
Added GravTide_Fish_Monkfish to AB_GallatrossGraveyard with commonality 0
Added GravTide_Fish_Monkfish to AB_GallatrossGraveyard with commonality 0
Added GravTide_Fish_TripodFish to AB_GallatrossGraveyard with commonality 0
Added GravTide_Fish_TripodFish to AB_GallatrossGraveyard with commonality 0
Added GravTide_Fish_TripodFish to AB_GallatrossGraveyard with commonality 0
Added GravTide_Fish_TripodFish to AB_GallatrossGraveyard with commonality 0
Added GravTide_Fish_Eelpout to AB_GallatrossGraveyard with commonality 0
Added GravTide_Fish_Eelpout to AB_GallatrossGraveyard with commonality 0
Added GravTide_Fish_Eelpout to AB_GallatrossGraveyard with commonality 0
Added GravTide_Fish_Eelpout to AB_GallatrossGraveyard with commonality 0
Added GravTide_Fish_CuskEel to AB_GallatrossGraveyard with commonality 0
Added GravTide_Fish_CuskEel to AB_GallatrossGraveyard with commonality 0
Added GravTide_Fish_CuskEel to AB_GallatrossGraveyard with commonality 0
Added GravTide_Fish_CuskEel to AB_GallatrossGraveyard with commonality 0
Added GravTide_Fish_Hagfish to AB_GallatrossGraveyard with commonality 0
Added GravTide_Fish_Hagfish to AB_GallatrossGraveyard with commonality 0
Added GravTide_Fish_Hagfish to AB_GallatrossGraveyard with commonality 0
Added GravTide_Fish_Hagfish to AB_GallatrossGraveyard with commonality 0
Added GravTide_Fish_Chimaera to AB_GallatrossGraveyard with commonality 0
Added GravTide_Fish_Chimaera to AB_GallatrossGraveyard with commonality 0
Added GravTide_Fish_Chimaera to AB_GallatrossGraveyard with commonality 0
Added GravTide_Fish_Chimaera to AB_GallatrossGraveyard with commonality 0
Added GravTide_Fish_AntarcticRockcod to AB_GallatrossGraveyard with commonality 0
Added GravTide_Fish_AntarcticRockcod to AB_GallatrossGraveyard with commonality 0
Added GravTide_Fish_AntarcticRockcod to AB_GallatrossGraveyard with commonality 0
Added GravTide_Fish_AntarcticRockcod to AB_GallatrossGraveyard with commonality 0
Added GravTide_Fish_PolarCod to AB_GallatrossGraveyard with commonality 0
Added GravTide_Fish_PolarCod to AB_GallatrossGraveyard with commonality 0
Added GravTide_Fish_PolarCod to AB_GallatrossGraveyard with commonality 0
Added GravTide_Fish_PolarCod to AB_GallatrossGraveyard with commonality 0
Added GravTide_Fish_Sculpin to AB_GallatrossGraveyard with commonality 0
Added GravTide_Fish_Sculpin to AB_GallatrossGraveyard with commonality 0
Added GravTide_Fish_Sculpin to AB_GallatrossGraveyard with commonality 0
Added GravTide_Fish_Sculpin to AB_GallatrossGraveyard with commonality 0
Added GravTide_Fish_ReefFish to AB_GallatrossGraveyard with commonality 0
Added GravTide_Fish_ReefFish to AB_GallatrossGraveyard with commonality 0
Added GravTide_Fish_ReefFish to AB_GallatrossGraveyard with commonality 0
Added GravTide_Fish_ReefFish to AB_GallatrossGraveyard with commonality 0
Added GravTide_Fish_Grenadier to AB_GallatrossGraveyard with commonality 0
Added GravTide_Fish_Grenadier to AB_GallatrossGraveyard with commonality 0
Added GravTide_Fish_Grenadier to AB_GallatrossGraveyard with commonality 0
Added GravTide_Fish_Grenadier to AB_GallatrossGraveyard with commonality 0
Added GravTide_Fish_Blenny to AB_GallatrossGraveyard with commonality 0
Added GravTide_Fish_Blenny to AB_GallatrossGraveyard with commonality 0
Added GravTide_Fish_Blenny to AB_GallatrossGraveyard with commonality 0
Added GravTide_Fish_Blenny to AB_GallatrossGraveyard with commonality 0
Added GravTide_Fish_Octopus to AB_GallatrossGraveyard with commonality 0
Added GravTide_Fish_Octopus to AB_GallatrossGraveyard with commonality 0
Added GravTide_Fish_Octopus to AB_GallatrossGraveyard with commonality 0
Added GravTide_Fish_Octopus to AB_GallatrossGraveyard with commonality 0
Added GravTide_Fish_DeepSeaOctopus to AB_GallatrossGraveyard with commonality 0
Added GravTide_Fish_DeepSeaOctopus to AB_GallatrossGraveyard with commonality 0
Added GravTide_Fish_DeepSeaOctopus to AB_GallatrossGraveyard with commonality 0
Added GravTide_Fish_DeepSeaOctopus to AB_GallatrossGraveyard with commonality 0
Added GravTide_Fish_Cuttlefish to AB_GallatrossGraveyard with commonality 0
Added GravTide_Fish_Cuttlefish to AB_GallatrossGraveyard with commonality 0
Added GravTide_Fish_Cuttlefish to AB_GallatrossGraveyard with commonality 0
Added GravTide_Fish_Cuttlefish to AB_GallatrossGraveyard with commonality 0
Added GravTide_Fish_Nautilus to AB_GallatrossGraveyard with commonality 0
Added GravTide_Fish_Nautilus to AB_GallatrossGraveyard with commonality 0
Added GravTide_Fish_Nautilus to AB_GallatrossGraveyard with commonality 0
Added GravTide_Fish_Nautilus to AB_GallatrossGraveyard with commonality 0
Added GravTide_Fish_SpiderCrab to AB_GallatrossGraveyard with commonality 0
Added GravTide_Fish_SpiderCrab to AB_GallatrossGraveyard with commonality 0
Added GravTide_Fish_SpiderCrab to AB_GallatrossGraveyard with commonality 0
Added GravTide_Fish_SpiderCrab to AB_GallatrossGraveyard with commonality 0
Added GravTide_Fish_DeepSeaCrab to AB_GallatrossGraveyard with commonality 0
Added GravTide_Fish_DeepSeaCrab to AB_GallatrossGraveyard with commonality 0
Added GravTide_Fish_DeepSeaCrab to AB_GallatrossGraveyard with commonality 0
Added GravTide_Fish_DeepSeaCrab to AB_GallatrossGraveyard with commonality 0
Added GravTide_Fish_Lobster to AB_GallatrossGraveyard with commonality 0
Added GravTide_Fish_Lobster to AB_GallatrossGraveyard with commonality 0
Added GravTide_Fish_Lobster to AB_GallatrossGraveyard with commonality 0
Added GravTide_Fish_Lobster to AB_GallatrossGraveyard with commonality 0
Added GravTide_Fish_MantisShrimp to AB_GallatrossGraveyard with commonality 0
Added GravTide_Fish_MantisShrimp to AB_GallatrossGraveyard with commonality 0
Added GravTide_Fish_MantisShrimp to AB_GallatrossGraveyard with commonality 0
Added GravTide_Fish_MantisShrimp to AB_GallatrossGraveyard with commonality 0
Added GravTide_Fish_ColdWaterShrimp to AB_GallatrossGraveyard with commonality 0
Added GravTide_Fish_ColdWaterShrimp to AB_GallatrossGraveyard with commonality 0
Added GravTide_Fish_ColdWaterShrimp to AB_GallatrossGraveyard with commonality 0
Added GravTide_Fish_ColdWaterShrimp to AB_GallatrossGraveyard with commonality 0
Added GravTide_Fish_GiantIsopod to AB_GallatrossGraveyard with commonality 0
Added GravTide_Fish_GiantIsopod to AB_GallatrossGraveyard with commonality 0
Added GravTide_Fish_GiantIsopod to AB_GallatrossGraveyard with commonality 0
Added GravTide_Fish_GiantIsopod to AB_GallatrossGraveyard with commonality 0
Added swfish_Burra to AB_GallatrossGraveyard with commonality 0
Added swfish_Burra to AB_GallatrossGraveyard with commonality 0
Added swfish_Burra to AB_GallatrossGraveyard with commonality 0
Added swfish_Burra to AB_GallatrossGraveyard with commonality 0
Added swfish_Dactopus to AB_GallatrossGraveyard with commonality 0
Added swfish_Dactopus to AB_GallatrossGraveyard with commonality 0
Added swfish_Dactopus to AB_GallatrossGraveyard with commonality 0
Added swfish_Dactopus to AB_GallatrossGraveyard with commonality 0
Added swfish_Daggert to AB_GallatrossGraveyard with commonality 0
Added swfish_Daggert to AB_GallatrossGraveyard with commonality 0
Added swfish_Daggert to AB_GallatrossGraveyard with commonality 0
Added swfish_Daggert to AB_GallatrossGraveyard with commonality 0
Added swfish_Doshianjelly to AB_GallatrossGraveyard with commonality 0
Added swfish_Doshianjelly to AB_GallatrossGraveyard with commonality 0
Added swfish_Doshianjelly to AB_GallatrossGraveyard with commonality 0
Added swfish_Doshianjelly to AB_GallatrossGraveyard with commonality 0
Added swfish_Faa to AB_GallatrossGraveyard with commonality 0
Added swfish_Faa to AB_GallatrossGraveyard with commonality 0
Added swfish_Faa to AB_GallatrossGraveyard with commonality 0
Added swfish_Faa to AB_GallatrossGraveyard with commonality 0
Added swfish_FleekEel to AB_GallatrossGraveyard with commonality 0
Added swfish_FleekEel to AB_GallatrossGraveyard with commonality 0
Added swfish_FleekEel to AB_GallatrossGraveyard with commonality 0
Added swfish_FleekEel to AB_GallatrossGraveyard with commonality 0
Added swfish_Laa to AB_GallatrossGraveyard with commonality 0
Added swfish_Laa to AB_GallatrossGraveyard with commonality 0
Added swfish_Laa to AB_GallatrossGraveyard with commonality 0
Added swfish_Laa to AB_GallatrossGraveyard with commonality 0
Added swfish_Nyork to AB_GallatrossGraveyard with commonality 0
Added swfish_Nyork to AB_GallatrossGraveyard with commonality 0
Added swfish_Nyork to AB_GallatrossGraveyard with commonality 0
Added swfish_Nyork to AB_GallatrossGraveyard with commonality 0
Added swfish_PaddyFrog to AB_GallatrossGraveyard with commonality 0
Added swfish_PaddyFrog to AB_GallatrossGraveyard with commonality 0
Added swfish_PaddyFrog to AB_GallatrossGraveyard with commonality 0
Added swfish_PaddyFrog to AB_GallatrossGraveyard with commonality 0
Added swfish_Ray to AB_GallatrossGraveyard with commonality 0
Added swfish_Ray to AB_GallatrossGraveyard with commonality 0
Added swfish_Ray to AB_GallatrossGraveyard with commonality 0
Added swfish_Ray to AB_GallatrossGraveyard with commonality 0
Added swfish_See to AB_GallatrossGraveyard with commonality 0
Added swfish_See to AB_GallatrossGraveyard with commonality 0
Added swfish_See to AB_GallatrossGraveyard with commonality 0
Added swfish_See to AB_GallatrossGraveyard with commonality 0
Added swfish_SinkCrab to AB_GallatrossGraveyard with commonality 0
Added swfish_SinkCrab to AB_GallatrossGraveyard with commonality 0
Added swfish_SinkCrab to AB_GallatrossGraveyard with commonality 0
Added swfish_SinkCrab to AB_GallatrossGraveyard with commonality 0
Added BMT_BlindTetra to AB_GallatrossGraveyard with commonality 0
Added BMT_BlindTetra to AB_GallatrossGraveyard with commonality 0
Added BMT_BlindTetra to AB_GallatrossGraveyard with commonality 0
Added BMT_BlindTetra to AB_GallatrossGraveyard with commonality 0
Added BMT_DevilsPupfish to AB_GallatrossGraveyard with commonality 0
Added BMT_DevilsPupfish to AB_GallatrossGraveyard with commonality 0
Added BMT_DevilsPupfish to AB_GallatrossGraveyard with commonality 0
Added BMT_DevilsPupfish to AB_GallatrossGraveyard with commonality 0
Added BMT_GhostShrimp to AB_GallatrossGraveyard with commonality 0
Added BMT_GhostShrimp to AB_GallatrossGraveyard with commonality 0
Added BMT_GhostShrimp to AB_GallatrossGraveyard with commonality 0
Added BMT_GhostShrimp to AB_GallatrossGraveyard with commonality 0
Added BMT_Rocktooth to AB_GallatrossGraveyard with commonality 0
Added BMT_Rocktooth to AB_GallatrossGraveyard with commonality 0
Added BMT_Rocktooth to AB_GallatrossGraveyard with commonality 0
Added BMT_Rocktooth to AB_GallatrossGraveyard with commonality 0
Added BMT_CaveAngelFish to AB_GallatrossGraveyard with commonality 0
Added BMT_CaveAngelFish to AB_GallatrossGraveyard with commonality 0
Added BMT_CaveAngelFish to AB_GallatrossGraveyard with commonality 0
Added BMT_CaveAngelFish to AB_GallatrossGraveyard with commonality 0
Added BMT_Lumineel to AB_GallatrossGraveyard with commonality 0
Added BMT_Lumineel to AB_GallatrossGraveyard with commonality 0
Added BMT_Lumineel to AB_GallatrossGraveyard with commonality 0
Added BMT_Lumineel to AB_GallatrossGraveyard with commonality 0
Added BMT_RockLobster to AB_GallatrossGraveyard with commonality 0
Added BMT_RockLobster to AB_GallatrossGraveyard with commonality 0
Added BMT_RockLobster to AB_GallatrossGraveyard with commonality 0
Added BMT_RockLobster to AB_GallatrossGraveyard with commonality 0
Added BMT_StoneSalamander to AB_GallatrossGraveyard with commonality 0
Added BMT_StoneSalamander to AB_GallatrossGraveyard with commonality 0
Added BMT_StoneSalamander to AB_GallatrossGraveyard with commonality 0
Added BMT_StoneSalamander to AB_GallatrossGraveyard with commonality 0
Added BMT_BlindCatfish to AB_GallatrossGraveyard with commonality 0
Added BMT_BlindCatfish to AB_GallatrossGraveyard with commonality 0
Added BMT_BlindCatfish to AB_GallatrossGraveyard with commonality 0
Added BMT_BlindCatfish to AB_GallatrossGraveyard with commonality 0
Added BMT_Boneblade to AB_GallatrossGraveyard with commonality 0
Added BMT_Boneblade to AB_GallatrossGraveyard with commonality 0
Added BMT_Boneblade to AB_GallatrossGraveyard with commonality 0
Added BMT_Boneblade to AB_GallatrossGraveyard with commonality 0
Added BMT_GiantCaveCrab to AB_GallatrossGraveyard with commonality 0
Added BMT_GiantCaveCrab to AB_GallatrossGraveyard with commonality 0
Added BMT_GiantCaveCrab to AB_GallatrossGraveyard with commonality 0
Added BMT_GiantCaveCrab to AB_GallatrossGraveyard with commonality 0
Added BMT_GlowCuttlefish to AB_GallatrossGraveyard with commonality 0
Added BMT_GlowCuttlefish to AB_GallatrossGraveyard with commonality 0
Added BMT_GlowCuttlefish to AB_GallatrossGraveyard with commonality 0
Added BMT_GlowCuttlefish to AB_GallatrossGraveyard with commonality 0
Added RSW_DuneCrawler to AB_GallatrossGraveyard with commonality 0
Added RSW_DuneCrawler to AB_GallatrossGraveyard with commonality 0
Added RSW_DuneCrawler to AB_GallatrossGraveyard with commonality 0
Added RSW_DuneCrawler to AB_GallatrossGraveyard with commonality 0
Added RSW_MeeCatch to AB_GallatrossGraveyard with commonality 0
Added RSW_MeeCatch to AB_GallatrossGraveyard with commonality 0
Added RSW_MeeCatch to AB_GallatrossGraveyard with commonality 0
Added RSW_MeeCatch to AB_GallatrossGraveyard with commonality 0
Added RSW_FaaCatch to AB_GallatrossGraveyard with commonality 0
Added RSW_FaaCatch to AB_GallatrossGraveyard with commonality 0
Added RSW_FaaCatch to AB_GallatrossGraveyard with commonality 0
Added RSW_FaaCatch to AB_GallatrossGraveyard with commonality 0
Added RSW_LaaCatch to AB_GallatrossGraveyard with commonality 0
Added RSW_LaaCatch to AB_GallatrossGraveyard with commonality 0
Added RSW_LaaCatch to AB_GallatrossGraveyard with commonality 0
Added RSW_LaaCatch to AB_GallatrossGraveyard with commonality 0
Added swfish_Burra to AB_IdyllicMeadows with commonality 1
Added swfish_Dactopus to AB_IdyllicMeadows with commonality 1
Added swfish_Daggert to AB_IdyllicMeadows with commonality 1
Added swfish_Doshianjelly to AB_IdyllicMeadows with commonality 1
Added swfish_Faa to AB_IdyllicMeadows with commonality 1
Added swfish_FleekEel to AB_IdyllicMeadows with commonality 1
Added swfish_Laa to AB_IdyllicMeadows with commonality 1
Added swfish_Nyork to AB_IdyllicMeadows with commonality 1
Added swfish_PaddyFrog to AB_IdyllicMeadows with commonality 1
Added swfish_Ray to AB_IdyllicMeadows with commonality 1
Added swfish_See to AB_IdyllicMeadows with commonality 1
Added swfish_SinkCrab to AB_IdyllicMeadows with commonality 1
Added DA_Fish_SnappingTadpole to AB_PyroclasticConflagration with commonality 0
Added DA_Fish_SnappingTadpole to AB_PyroclasticConflagration with commonality 0
Added DA_Fish_SnappingTadpole to AB_PyroclasticConflagration with commonality 0
Added DA_Fish_SnappingTadpole to AB_PyroclasticConflagration with commonality 0
Added GravTide_Fish_Rockfish to AB_PyroclasticConflagration with commonality 0
Added GravTide_Fish_Rockfish to AB_PyroclasticConflagration with commonality 0
Added GravTide_Fish_Rockfish to AB_PyroclasticConflagration with commonality 0
Added GravTide_Fish_Rockfish to AB_PyroclasticConflagration with commonality 0
Added GravTide_Fish_Ray to AB_PyroclasticConflagration with commonality 0
Added GravTide_Fish_Ray to AB_PyroclasticConflagration with commonality 0
Added GravTide_Fish_Ray to AB_PyroclasticConflagration with commonality 0
Added GravTide_Fish_Ray to AB_PyroclasticConflagration with commonality 0
Added GravTide_Fish_Halosaur to AB_PyroclasticConflagration with commonality 0
Added GravTide_Fish_Halosaur to AB_PyroclasticConflagration with commonality 0
Added GravTide_Fish_Halosaur to AB_PyroclasticConflagration with commonality 0
Added GravTide_Fish_Halosaur to AB_PyroclasticConflagration with commonality 0
Added GravTide_Fish_Anglerfish to AB_PyroclasticConflagration with commonality 0
Added GravTide_Fish_Anglerfish to AB_PyroclasticConflagration with commonality 0
Added GravTide_Fish_Anglerfish to AB_PyroclasticConflagration with commonality 0
Added GravTide_Fish_Anglerfish to AB_PyroclasticConflagration with commonality 0
Added GravTide_Fish_Snailfish to AB_PyroclasticConflagration with commonality 0
Added GravTide_Fish_Snailfish to AB_PyroclasticConflagration with commonality 0
Added GravTide_Fish_Snailfish to AB_PyroclasticConflagration with commonality 0
Added GravTide_Fish_Snailfish to AB_PyroclasticConflagration with commonality 0
Added GravTide_Fish_MorayEel to AB_PyroclasticConflagration with commonality 0
Added GravTide_Fish_MorayEel to AB_PyroclasticConflagration with commonality 0
Added GravTide_Fish_MorayEel to AB_PyroclasticConflagration with commonality 0
Added GravTide_Fish_MorayEel to AB_PyroclasticConflagration with commonality 0
Added GravTide_Fish_Wolffish to AB_PyroclasticConflagration with commonality 0
Added GravTide_Fish_Wolffish to AB_PyroclasticConflagration with commonality 0
Added GravTide_Fish_Wolffish to AB_PyroclasticConflagration with commonality 0
Added GravTide_Fish_Wolffish to AB_PyroclasticConflagration with commonality 0
Added GravTide_Fish_Monkfish to AB_PyroclasticConflagration with commonality 0
Added GravTide_Fish_Monkfish to AB_PyroclasticConflagration with commonality 0
Added GravTide_Fish_Monkfish to AB_PyroclasticConflagration with commonality 0
Added GravTide_Fish_Monkfish to AB_PyroclasticConflagration with commonality 0
Added GravTide_Fish_TripodFish to AB_PyroclasticConflagration with commonality 0
Added GravTide_Fish_TripodFish to AB_PyroclasticConflagration with commonality 0
Added GravTide_Fish_TripodFish to AB_PyroclasticConflagration with commonality 0
Added GravTide_Fish_TripodFish to AB_PyroclasticConflagration with commonality 0
Added GravTide_Fish_Eelpout to AB_PyroclasticConflagration with commonality 0
Added GravTide_Fish_Eelpout to AB_PyroclasticConflagration with commonality 0
Added GravTide_Fish_Eelpout to AB_PyroclasticConflagration with commonality 0
Added GravTide_Fish_Eelpout to AB_PyroclasticConflagration with commonality 0
Added GravTide_Fish_CuskEel to AB_PyroclasticConflagration with commonality 0
Added GravTide_Fish_CuskEel to AB_PyroclasticConflagration with commonality 0
Added GravTide_Fish_CuskEel to AB_PyroclasticConflagration with commonality 0
Added GravTide_Fish_CuskEel to AB_PyroclasticConflagration with commonality 0
Added GravTide_Fish_Hagfish to AB_PyroclasticConflagration with commonality 0
Added GravTide_Fish_Hagfish to AB_PyroclasticConflagration with commonality 0
Added GravTide_Fish_Hagfish to AB_PyroclasticConflagration with commonality 0
Added GravTide_Fish_Hagfish to AB_PyroclasticConflagration with commonality 0
Added GravTide_Fish_Chimaera to AB_PyroclasticConflagration with commonality 0
Added GravTide_Fish_Chimaera to AB_PyroclasticConflagration with commonality 0
Added GravTide_Fish_Chimaera to AB_PyroclasticConflagration with commonality 0
Added GravTide_Fish_Chimaera to AB_PyroclasticConflagration with commonality 0
Added GravTide_Fish_AntarcticRockcod to AB_PyroclasticConflagration with commonality 0
Added GravTide_Fish_AntarcticRockcod to AB_PyroclasticConflagration with commonality 0
Added GravTide_Fish_AntarcticRockcod to AB_PyroclasticConflagration with commonality 0
Added GravTide_Fish_AntarcticRockcod to AB_PyroclasticConflagration with commonality 0
Added GravTide_Fish_PolarCod to AB_PyroclasticConflagration with commonality 0
Added GravTide_Fish_PolarCod to AB_PyroclasticConflagration with commonality 0
Added GravTide_Fish_PolarCod to AB_PyroclasticConflagration with commonality 0
Added GravTide_Fish_PolarCod to AB_PyroclasticConflagration with commonality 0
Added GravTide_Fish_Sculpin to AB_PyroclasticConflagration with commonality 0
Added GravTide_Fish_Sculpin to AB_PyroclasticConflagration with commonality 0
Added GravTide_Fish_Sculpin to AB_PyroclasticConflagration with commonality 0
Added GravTide_Fish_Sculpin to AB_PyroclasticConflagration with commonality 0
Added GravTide_Fish_ReefFish to AB_PyroclasticConflagration with commonality 0
Added GravTide_Fish_ReefFish to AB_PyroclasticConflagration with commonality 0
Added GravTide_Fish_ReefFish to AB_PyroclasticConflagration with commonality 0
Added GravTide_Fish_ReefFish to AB_PyroclasticConflagration with commonality 0
Added GravTide_Fish_Grenadier to AB_PyroclasticConflagration with commonality 0
Added GravTide_Fish_Grenadier to AB_PyroclasticConflagration with commonality 0
Added GravTide_Fish_Grenadier to AB_PyroclasticConflagration with commonality 0
Added GravTide_Fish_Grenadier to AB_PyroclasticConflagration with commonality 0
Added GravTide_Fish_Blenny to AB_PyroclasticConflagration with commonality 0
Added GravTide_Fish_Blenny to AB_PyroclasticConflagration with commonality 0
Added GravTide_Fish_Blenny to AB_PyroclasticConflagration with commonality 0
Added GravTide_Fish_Blenny to AB_PyroclasticConflagration with commonality 0
Added GravTide_Fish_Octopus to AB_PyroclasticConflagration with commonality 0
Added GravTide_Fish_Octopus to AB_PyroclasticConflagration with commonality 0
Added GravTide_Fish_Octopus to AB_PyroclasticConflagration with commonality 0
Added GravTide_Fish_Octopus to AB_PyroclasticConflagration with commonality 0
Added GravTide_Fish_DeepSeaOctopus to AB_PyroclasticConflagration with commonality 0
Added GravTide_Fish_DeepSeaOctopus to AB_PyroclasticConflagration with commonality 0
Added GravTide_Fish_DeepSeaOctopus to AB_PyroclasticConflagration with commonality 0
Added GravTide_Fish_DeepSeaOctopus to AB_PyroclasticConflagration with commonality 0
Added GravTide_Fish_Cuttlefish to AB_PyroclasticConflagration with commonality 0
Added GravTide_Fish_Cuttlefish to AB_PyroclasticConflagration with commonality 0
Added GravTide_Fish_Cuttlefish to AB_PyroclasticConflagration with commonality 0
Added GravTide_Fish_Cuttlefish to AB_PyroclasticConflagration with commonality 0
Added GravTide_Fish_Nautilus to AB_PyroclasticConflagration with commonality 0
Added GravTide_Fish_Nautilus to AB_PyroclasticConflagration with commonality 0
Added GravTide_Fish_Nautilus to AB_PyroclasticConflagration with commonality 0
Added GravTide_Fish_Nautilus to AB_PyroclasticConflagration with commonality 0
Added GravTide_Fish_SpiderCrab to AB_PyroclasticConflagration with commonality 0
Added GravTide_Fish_SpiderCrab to AB_PyroclasticConflagration with commonality 0
Added GravTide_Fish_SpiderCrab to AB_PyroclasticConflagration with commonality 0
Added GravTide_Fish_SpiderCrab to AB_PyroclasticConflagration with commonality 0
Added GravTide_Fish_DeepSeaCrab to AB_PyroclasticConflagration with commonality 0
Added GravTide_Fish_DeepSeaCrab to AB_PyroclasticConflagration with commonality 0
Added GravTide_Fish_DeepSeaCrab to AB_PyroclasticConflagration with commonality 0
Added GravTide_Fish_DeepSeaCrab to AB_PyroclasticConflagration with commonality 0
Added GravTide_Fish_Lobster to AB_PyroclasticConflagration with commonality 0
Added GravTide_Fish_Lobster to AB_PyroclasticConflagration with commonality 0
Added GravTide_Fish_Lobster to AB_PyroclasticConflagration with commonality 0
Added GravTide_Fish_Lobster to AB_PyroclasticConflagration with commonality 0
Added GravTide_Fish_MantisShrimp to AB_PyroclasticConflagration with commonality 0
Added GravTide_Fish_MantisShrimp to AB_PyroclasticConflagration with commonality 0
Added GravTide_Fish_MantisShrimp to AB_PyroclasticConflagration with commonality 0
Added GravTide_Fish_MantisShrimp to AB_PyroclasticConflagration with commonality 0
Added GravTide_Fish_ColdWaterShrimp to AB_PyroclasticConflagration with commonality 0
Added GravTide_Fish_ColdWaterShrimp to AB_PyroclasticConflagration with commonality 0
Added GravTide_Fish_ColdWaterShrimp to AB_PyroclasticConflagration with commonality 0
Added GravTide_Fish_ColdWaterShrimp to AB_PyroclasticConflagration with commonality 0
Added GravTide_Fish_GiantIsopod to AB_PyroclasticConflagration with commonality 0
Added GravTide_Fish_GiantIsopod to AB_PyroclasticConflagration with commonality 0
Added GravTide_Fish_GiantIsopod to AB_PyroclasticConflagration with commonality 0
Added GravTide_Fish_GiantIsopod to AB_PyroclasticConflagration with commonality 0
Added swfish_Burra to AB_PyroclasticConflagration with commonality 0
Added swfish_Burra to AB_PyroclasticConflagration with commonality 0
Added swfish_Burra to AB_PyroclasticConflagration with commonality 0
Added swfish_Burra to AB_PyroclasticConflagration with commonality 0
Added swfish_Dactopus to AB_PyroclasticConflagration with commonality 0
Added swfish_Dactopus to AB_PyroclasticConflagration with commonality 0
Added swfish_Dactopus to AB_PyroclasticConflagration with commonality 0
Added swfish_Dactopus to AB_PyroclasticConflagration with commonality 0
Added swfish_Daggert to AB_PyroclasticConflagration with commonality 0
Added swfish_Daggert to AB_PyroclasticConflagration with commonality 0
Added swfish_Daggert to AB_PyroclasticConflagration with commonality 0
Added swfish_Daggert to AB_PyroclasticConflagration with commonality 0
Added swfish_Doshianjelly to AB_PyroclasticConflagration with commonality 0
Added swfish_Doshianjelly to AB_PyroclasticConflagration with commonality 0
Added swfish_Doshianjelly to AB_PyroclasticConflagration with commonality 0
Added swfish_Doshianjelly to AB_PyroclasticConflagration with commonality 0
Added swfish_Faa to AB_PyroclasticConflagration with commonality 0
Added swfish_Faa to AB_PyroclasticConflagration with commonality 0
Added swfish_Faa to AB_PyroclasticConflagration with commonality 0
Added swfish_Faa to AB_PyroclasticConflagration with commonality 0
Added swfish_FleekEel to AB_PyroclasticConflagration with commonality 0
Added swfish_FleekEel to AB_PyroclasticConflagration with commonality 0
Added swfish_FleekEel to AB_PyroclasticConflagration with commonality 0
Added swfish_FleekEel to AB_PyroclasticConflagration with commonality 0
Added swfish_Laa to AB_PyroclasticConflagration with commonality 0
Added swfish_Laa to AB_PyroclasticConflagration with commonality 0
Added swfish_Laa to AB_PyroclasticConflagration with commonality 0
Added swfish_Laa to AB_PyroclasticConflagration with commonality 0
Added swfish_Nyork to AB_PyroclasticConflagration with commonality 0
Added swfish_Nyork to AB_PyroclasticConflagration with commonality 0
Added swfish_Nyork to AB_PyroclasticConflagration with commonality 0
Added swfish_Nyork to AB_PyroclasticConflagration with commonality 0
Added swfish_PaddyFrog to AB_PyroclasticConflagration with commonality 0
Added swfish_PaddyFrog to AB_PyroclasticConflagration with commonality 0
Added swfish_PaddyFrog to AB_PyroclasticConflagration with commonality 0
Added swfish_PaddyFrog to AB_PyroclasticConflagration with commonality 0
Added swfish_Ray to AB_PyroclasticConflagration with commonality 0
Added swfish_Ray to AB_PyroclasticConflagration with commonality 0
Added swfish_Ray to AB_PyroclasticConflagration with commonality 0
Added swfish_Ray to AB_PyroclasticConflagration with commonality 0
Added swfish_See to AB_PyroclasticConflagration with commonality 0
Added swfish_See to AB_PyroclasticConflagration with commonality 0
Added swfish_See to AB_PyroclasticConflagration with commonality 0
Added swfish_See to AB_PyroclasticConflagration with commonality 0
Added swfish_SinkCrab to AB_PyroclasticConflagration with commonality 0
Added swfish_SinkCrab to AB_PyroclasticConflagration with commonality 0
Added swfish_SinkCrab to AB_PyroclasticConflagration with commonality 0
Added swfish_SinkCrab to AB_PyroclasticConflagration with commonality 0
Added BMT_BlindTetra to AB_PyroclasticConflagration with commonality 0
Added BMT_BlindTetra to AB_PyroclasticConflagration with commonality 0
Added BMT_BlindTetra to AB_PyroclasticConflagration with commonality 0
Added BMT_BlindTetra to AB_PyroclasticConflagration with commonality 0
Added BMT_DevilsPupfish to AB_PyroclasticConflagration with commonality 0
Added BMT_DevilsPupfish to AB_PyroclasticConflagration with commonality 0
Added BMT_DevilsPupfish to AB_PyroclasticConflagration with commonality 0
Added BMT_DevilsPupfish to AB_PyroclasticConflagration with commonality 0
Added BMT_GhostShrimp to AB_PyroclasticConflagration with commonality 0
Added BMT_GhostShrimp to AB_PyroclasticConflagration with commonality 0
Added BMT_GhostShrimp to AB_PyroclasticConflagration with commonality 0
Added BMT_GhostShrimp to AB_PyroclasticConflagration with commonality 0
Added BMT_Rocktooth to AB_PyroclasticConflagration with commonality 0
Added BMT_Rocktooth to AB_PyroclasticConflagration with commonality 0
Added BMT_Rocktooth to AB_PyroclasticConflagration with commonality 0
Added BMT_Rocktooth to AB_PyroclasticConflagration with commonality 0
Added BMT_CaveAngelFish to AB_PyroclasticConflagration with commonality 0
Added BMT_CaveAngelFish to AB_PyroclasticConflagration with commonality 0
Added BMT_CaveAngelFish to AB_PyroclasticConflagration with commonality 0
Added BMT_CaveAngelFish to AB_PyroclasticConflagration with commonality 0
Added BMT_Lumineel to AB_PyroclasticConflagration with commonality 0
Added BMT_Lumineel to AB_PyroclasticConflagration with commonality 0
Added BMT_Lumineel to AB_PyroclasticConflagration with commonality 0
Added BMT_Lumineel to AB_PyroclasticConflagration with commonality 0
Added BMT_RockLobster to AB_PyroclasticConflagration with commonality 0
Added BMT_RockLobster to AB_PyroclasticConflagration with commonality 0
Added BMT_RockLobster to AB_PyroclasticConflagration with commonality 0
Added BMT_RockLobster to AB_PyroclasticConflagration with commonality 0
Added BMT_StoneSalamander to AB_PyroclasticConflagration with commonality 0
Added BMT_StoneSalamander to AB_PyroclasticConflagration with commonality 0
Added BMT_StoneSalamander to AB_PyroclasticConflagration with commonality 0
Added BMT_StoneSalamander to AB_PyroclasticConflagration with commonality 0
Added BMT_BlindCatfish to AB_PyroclasticConflagration with commonality 0
Added BMT_BlindCatfish to AB_PyroclasticConflagration with commonality 0
Added BMT_BlindCatfish to AB_PyroclasticConflagration with commonality 0
Added BMT_BlindCatfish to AB_PyroclasticConflagration with commonality 0
Added BMT_Boneblade to AB_PyroclasticConflagration with commonality 0
Added BMT_Boneblade to AB_PyroclasticConflagration with commonality 0
Added BMT_Boneblade to AB_PyroclasticConflagration with commonality 0
Added BMT_Boneblade to AB_PyroclasticConflagration with commonality 0
Added BMT_GiantCaveCrab to AB_PyroclasticConflagration with commonality 0
Added BMT_GiantCaveCrab to AB_PyroclasticConflagration with commonality 0
Added BMT_GiantCaveCrab to AB_PyroclasticConflagration with commonality 0
Added BMT_GiantCaveCrab to AB_PyroclasticConflagration with commonality 0
Added BMT_GlowCuttlefish to AB_PyroclasticConflagration with commonality 0
Added BMT_GlowCuttlefish to AB_PyroclasticConflagration with commonality 0
Added BMT_GlowCuttlefish to AB_PyroclasticConflagration with commonality 0
Added BMT_GlowCuttlefish to AB_PyroclasticConflagration with commonality 0
Added RSW_DuneCrawler to AB_PyroclasticConflagration with commonality 0
Added RSW_DuneCrawler to AB_PyroclasticConflagration with commonality 0
Added RSW_DuneCrawler to AB_PyroclasticConflagration with commonality 0
Added RSW_DuneCrawler to AB_PyroclasticConflagration with commonality 0
Added RSW_MeeCatch to AB_PyroclasticConflagration with commonality 0
Added RSW_MeeCatch to AB_PyroclasticConflagration with commonality 0
Added RSW_MeeCatch to AB_PyroclasticConflagration with commonality 0
Added RSW_MeeCatch to AB_PyroclasticConflagration with commonality 0
Added RSW_FaaCatch to AB_PyroclasticConflagration with commonality 0
Added RSW_FaaCatch to AB_PyroclasticConflagration with commonality 0
Added RSW_FaaCatch to AB_PyroclasticConflagration with commonality 0
Added RSW_FaaCatch to AB_PyroclasticConflagration with commonality 0
Added RSW_LaaCatch to AB_PyroclasticConflagration with commonality 0
Added RSW_LaaCatch to AB_PyroclasticConflagration with commonality 0
Added RSW_LaaCatch to AB_PyroclasticConflagration with commonality 0
Added RSW_LaaCatch to AB_PyroclasticConflagration with commonality 0
Added DA_Fish_SnappingTadpole to AB_MiasmicMangrove with commonality 1
Added swfish_Burra to ZBiome_AlpineMeadow with commonality 1
Added swfish_Dactopus to ZBiome_AlpineMeadow with commonality 1
Added swfish_Daggert to ZBiome_AlpineMeadow with commonality 1
Added swfish_Doshianjelly to ZBiome_AlpineMeadow with commonality 1
Added swfish_Faa to ZBiome_AlpineMeadow with commonality 1
Added swfish_FleekEel to ZBiome_AlpineMeadow with commonality 1
Added swfish_Laa to ZBiome_AlpineMeadow with commonality 1
Added swfish_Nyork to ZBiome_AlpineMeadow with commonality 1
Added swfish_PaddyFrog to ZBiome_AlpineMeadow with commonality 1
Added swfish_Ray to ZBiome_AlpineMeadow with commonality 1
Added swfish_See to ZBiome_AlpineMeadow with commonality 1
Added swfish_SinkCrab to ZBiome_AlpineMeadow with commonality 1
Added swfish_Burra to ZBiome_CoastalDunes with commonality 0.5
Added swfish_Dactopus to ZBiome_CoastalDunes with commonality 0.5
Added swfish_Daggert to ZBiome_CoastalDunes with commonality 0.5
Added swfish_Doshianjelly to ZBiome_CoastalDunes with commonality 0.5
Added swfish_Faa to ZBiome_CoastalDunes with commonality 0.5
Added swfish_FleekEel to ZBiome_CoastalDunes with commonality 0.5
Added swfish_Laa to ZBiome_CoastalDunes with commonality 0.5
Added swfish_Nyork to ZBiome_CoastalDunes with commonality 0.5
Added swfish_PaddyFrog to ZBiome_CoastalDunes with commonality 0.5
Added swfish_Ray to ZBiome_CoastalDunes with commonality 0.5
Added swfish_See to ZBiome_CoastalDunes with commonality 0.5
Added swfish_SinkCrab to ZBiome_CoastalDunes with commonality 0.5
Added swfish_Burra to ZBiome_Iceberg_NoBeach with commonality 1
Added swfish_Dactopus to ZBiome_Iceberg_NoBeach with commonality 1
Added swfish_Daggert to ZBiome_Iceberg_NoBeach with commonality 1
Added swfish_Doshianjelly to ZBiome_Iceberg_NoBeach with commonality 1
Added swfish_Faa to ZBiome_Iceberg_NoBeach with commonality 1
Added swfish_FleekEel to ZBiome_Iceberg_NoBeach with commonality 1
Added swfish_Laa to ZBiome_Iceberg_NoBeach with commonality 1
Added swfish_Nyork to ZBiome_Iceberg_NoBeach with commonality 1
Added swfish_PaddyFrog to ZBiome_Iceberg_NoBeach with commonality 1
Added swfish_Ray to ZBiome_Iceberg_NoBeach with commonality 1
Added swfish_See to ZBiome_Iceberg_NoBeach with commonality 1
Added swfish_SinkCrab to ZBiome_Iceberg_NoBeach with commonality 1
Added DA_Fish_SnappingTadpole to ZBiome_Marsh with commonality 1
Added swfish_Burra to ZBiome_Marsh with commonality 1
Added swfish_Dactopus to ZBiome_Marsh with commonality 1
Added swfish_Daggert to ZBiome_Marsh with commonality 1
Added swfish_Doshianjelly to ZBiome_Marsh with commonality 1
Added swfish_Faa to ZBiome_Marsh with commonality 1
Added swfish_FleekEel to ZBiome_Marsh with commonality 1
Added swfish_Laa to ZBiome_Marsh with commonality 1
Added swfish_Nyork to ZBiome_Marsh with commonality 1
Added swfish_PaddyFrog to ZBiome_Marsh with commonality 1
Added swfish_Ray to ZBiome_Marsh with commonality 1
Added swfish_See to ZBiome_Marsh with commonality 1
Added swfish_SinkCrab to ZBiome_Marsh with commonality 1
Added swfish_Burra to ZBiome_Sandbar_NoBeach with commonality 0.5
Added swfish_Dactopus to ZBiome_Sandbar_NoBeach with commonality 0.5
Added swfish_Daggert to ZBiome_Sandbar_NoBeach with commonality 0.5
Added swfish_Doshianjelly to ZBiome_Sandbar_NoBeach with commonality 0.5
Added swfish_Faa to ZBiome_Sandbar_NoBeach with commonality 0.5
Added swfish_FleekEel to ZBiome_Sandbar_NoBeach with commonality 0.5
Added swfish_Laa to ZBiome_Sandbar_NoBeach with commonality 0.5
Added swfish_Nyork to ZBiome_Sandbar_NoBeach with commonality 0.5
Added swfish_PaddyFrog to ZBiome_Sandbar_NoBeach with commonality 0.5
Added swfish_Ray to ZBiome_Sandbar_NoBeach with commonality 0.5
Added swfish_See to ZBiome_Sandbar_NoBeach with commonality 0.5
Added swfish_SinkCrab to ZBiome_Sandbar_NoBeach with commonality 0.5
Added DA_Fish_SnappingTadpole to ZBiome_Badlands with commonality 0
Added DA_Fish_SnappingTadpole to ZBiome_Badlands with commonality 0
Added DA_Fish_SnappingTadpole to ZBiome_Badlands with commonality 0
Added DA_Fish_SnappingTadpole to ZBiome_Badlands with commonality 0
Added GravTide_Fish_Rockfish to ZBiome_Badlands with commonality 0
Added GravTide_Fish_Rockfish to ZBiome_Badlands with commonality 0
Added GravTide_Fish_Rockfish to ZBiome_Badlands with commonality 0
Added GravTide_Fish_Rockfish to ZBiome_Badlands with commonality 0
Added GravTide_Fish_Ray to ZBiome_Badlands with commonality 0
Added GravTide_Fish_Ray to ZBiome_Badlands with commonality 0
Added GravTide_Fish_Ray to ZBiome_Badlands with commonality 0
Added GravTide_Fish_Ray to ZBiome_Badlands with commonality 0
Added GravTide_Fish_Halosaur to ZBiome_Badlands with commonality 0
Added GravTide_Fish_Halosaur to ZBiome_Badlands with commonality 0
Added GravTide_Fish_Halosaur to ZBiome_Badlands with commonality 0
Added GravTide_Fish_Halosaur to ZBiome_Badlands with commonality 0
Added GravTide_Fish_Anglerfish to ZBiome_Badlands with commonality 0
Added GravTide_Fish_Anglerfish to ZBiome_Badlands with commonality 0
Added GravTide_Fish_Anglerfish to ZBiome_Badlands with commonality 0
Added GravTide_Fish_Anglerfish to ZBiome_Badlands with commonality 0
Added GravTide_Fish_Snailfish to ZBiome_Badlands with commonality 0
Added GravTide_Fish_Snailfish to ZBiome_Badlands with commonality 0
Added GravTide_Fish_Snailfish to ZBiome_Badlands with commonality 0
Added GravTide_Fish_Snailfish to ZBiome_Badlands with commonality 0
Added GravTide_Fish_MorayEel to ZBiome_Badlands with commonality 0
Added GravTide_Fish_MorayEel to ZBiome_Badlands with commonality 0
Added GravTide_Fish_MorayEel to ZBiome_Badlands with commonality 0
Added GravTide_Fish_MorayEel to ZBiome_Badlands with commonality 0
Added GravTide_Fish_Wolffish to ZBiome_Badlands with commonality 0
Added GravTide_Fish_Wolffish to ZBiome_Badlands with commonality 0
Added GravTide_Fish_Wolffish to ZBiome_Badlands with commonality 0
Added GravTide_Fish_Wolffish to ZBiome_Badlands with commonality 0
Added GravTide_Fish_Monkfish to ZBiome_Badlands with commonality 0
Added GravTide_Fish_Monkfish to ZBiome_Badlands with commonality 0
Added GravTide_Fish_Monkfish to ZBiome_Badlands with commonality 0
Added GravTide_Fish_Monkfish to ZBiome_Badlands with commonality 0
Added GravTide_Fish_TripodFish to ZBiome_Badlands with commonality 0
Added GravTide_Fish_TripodFish to ZBiome_Badlands with commonality 0
Added GravTide_Fish_TripodFish to ZBiome_Badlands with commonality 0
Added GravTide_Fish_TripodFish to ZBiome_Badlands with commonality 0
Added GravTide_Fish_Eelpout to ZBiome_Badlands with commonality 0
Added GravTide_Fish_Eelpout to ZBiome_Badlands with commonality 0
Added GravTide_Fish_Eelpout to ZBiome_Badlands with commonality 0
Added GravTide_Fish_Eelpout to ZBiome_Badlands with commonality 0
Added GravTide_Fish_CuskEel to ZBiome_Badlands with commonality 0
Added GravTide_Fish_CuskEel to ZBiome_Badlands with commonality 0
Added GravTide_Fish_CuskEel to ZBiome_Badlands with commonality 0
Added GravTide_Fish_CuskEel to ZBiome_Badlands with commonality 0
Added GravTide_Fish_Hagfish to ZBiome_Badlands with commonality 0
Added GravTide_Fish_Hagfish to ZBiome_Badlands with commonality 0
Added GravTide_Fish_Hagfish to ZBiome_Badlands with commonality 0
Added GravTide_Fish_Hagfish to ZBiome_Badlands with commonality 0
Added GravTide_Fish_Chimaera to ZBiome_Badlands with commonality 0
Added GravTide_Fish_Chimaera to ZBiome_Badlands with commonality 0
Added GravTide_Fish_Chimaera to ZBiome_Badlands with commonality 0
Added GravTide_Fish_Chimaera to ZBiome_Badlands with commonality 0
Added GravTide_Fish_AntarcticRockcod to ZBiome_Badlands with commonality 0
Added GravTide_Fish_AntarcticRockcod to ZBiome_Badlands with commonality 0
Added GravTide_Fish_AntarcticRockcod to ZBiome_Badlands with commonality 0
Added GravTide_Fish_AntarcticRockcod to ZBiome_Badlands with commonality 0
Added GravTide_Fish_PolarCod to ZBiome_Badlands with commonality 0
Added GravTide_Fish_PolarCod to ZBiome_Badlands with commonality 0
Added GravTide_Fish_PolarCod to ZBiome_Badlands with commonality 0
Added GravTide_Fish_PolarCod to ZBiome_Badlands with commonality 0
Added GravTide_Fish_Sculpin to ZBiome_Badlands with commonality 0
Added GravTide_Fish_Sculpin to ZBiome_Badlands with commonality 0
Added GravTide_Fish_Sculpin to ZBiome_Badlands with commonality 0
Added GravTide_Fish_Sculpin to ZBiome_Badlands with commonality 0
Added GravTide_Fish_ReefFish to ZBiome_Badlands with commonality 0
Added GravTide_Fish_ReefFish to ZBiome_Badlands with commonality 0
Added GravTide_Fish_ReefFish to ZBiome_Badlands with commonality 0
Added GravTide_Fish_ReefFish to ZBiome_Badlands with commonality 0
Added GravTide_Fish_Grenadier to ZBiome_Badlands with commonality 0
Added GravTide_Fish_Grenadier to ZBiome_Badlands with commonality 0
Added GravTide_Fish_Grenadier to ZBiome_Badlands with commonality 0
Added GravTide_Fish_Grenadier to ZBiome_Badlands with commonality 0
Added GravTide_Fish_Blenny to ZBiome_Badlands with commonality 0
Added GravTide_Fish_Blenny to ZBiome_Badlands with commonality 0
Added GravTide_Fish_Blenny to ZBiome_Badlands with commonality 0
Added GravTide_Fish_Blenny to ZBiome_Badlands with commonality 0
Added GravTide_Fish_Octopus to ZBiome_Badlands with commonality 0
Added GravTide_Fish_Octopus to ZBiome_Badlands with commonality 0
Added GravTide_Fish_Octopus to ZBiome_Badlands with commonality 0
Added GravTide_Fish_Octopus to ZBiome_Badlands with commonality 0
Added GravTide_Fish_DeepSeaOctopus to ZBiome_Badlands with commonality 0
Added GravTide_Fish_DeepSeaOctopus to ZBiome_Badlands with commonality 0
Added GravTide_Fish_DeepSeaOctopus to ZBiome_Badlands with commonality 0
Added GravTide_Fish_DeepSeaOctopus to ZBiome_Badlands with commonality 0
Added GravTide_Fish_Cuttlefish to ZBiome_Badlands with commonality 0
Added GravTide_Fish_Cuttlefish to ZBiome_Badlands with commonality 0
Added GravTide_Fish_Cuttlefish to ZBiome_Badlands with commonality 0
Added GravTide_Fish_Cuttlefish to ZBiome_Badlands with commonality 0
Added GravTide_Fish_Nautilus to ZBiome_Badlands with commonality 0
Added GravTide_Fish_Nautilus to ZBiome_Badlands with commonality 0
Added GravTide_Fish_Nautilus to ZBiome_Badlands with commonality 0
Added GravTide_Fish_Nautilus to ZBiome_Badlands with commonality 0
Added GravTide_Fish_SpiderCrab to ZBiome_Badlands with commonality 0
Added GravTide_Fish_SpiderCrab to ZBiome_Badlands with commonality 0
Added GravTide_Fish_SpiderCrab to ZBiome_Badlands with commonality 0
Added GravTide_Fish_SpiderCrab to ZBiome_Badlands with commonality 0
Added GravTide_Fish_DeepSeaCrab to ZBiome_Badlands with commonality 0
Added GravTide_Fish_DeepSeaCrab to ZBiome_Badlands with commonality 0
Added GravTide_Fish_DeepSeaCrab to ZBiome_Badlands with commonality 0
Added GravTide_Fish_DeepSeaCrab to ZBiome_Badlands with commonality 0
Added GravTide_Fish_Lobster to ZBiome_Badlands with commonality 0
Added GravTide_Fish_Lobster to ZBiome_Badlands with commonality 0
Added GravTide_Fish_Lobster to ZBiome_Badlands with commonality 0
Added GravTide_Fish_Lobster to ZBiome_Badlands with commonality 0
Added GravTide_Fish_MantisShrimp to ZBiome_Badlands with commonality 0
Added GravTide_Fish_MantisShrimp to ZBiome_Badlands with commonality 0
Added GravTide_Fish_MantisShrimp to ZBiome_Badlands with commonality 0
Added GravTide_Fish_MantisShrimp to ZBiome_Badlands with commonality 0
Added GravTide_Fish_ColdWaterShrimp to ZBiome_Badlands with commonality 0
Added GravTide_Fish_ColdWaterShrimp to ZBiome_Badlands with commonality 0
Added GravTide_Fish_ColdWaterShrimp to ZBiome_Badlands with commonality 0
Added GravTide_Fish_ColdWaterShrimp to ZBiome_Badlands with commonality 0
Added GravTide_Fish_GiantIsopod to ZBiome_Badlands with commonality 0
Added GravTide_Fish_GiantIsopod to ZBiome_Badlands with commonality 0
Added GravTide_Fish_GiantIsopod to ZBiome_Badlands with commonality 0
Added GravTide_Fish_GiantIsopod to ZBiome_Badlands with commonality 0
Added swfish_Burra to ZBiome_Badlands with commonality 0
Added swfish_Burra to ZBiome_Badlands with commonality 0
Added swfish_Burra to ZBiome_Badlands with commonality 0
Added swfish_Burra to ZBiome_Badlands with commonality 0
Added swfish_Dactopus to ZBiome_Badlands with commonality 0
Added swfish_Dactopus to ZBiome_Badlands with commonality 0
Added swfish_Dactopus to ZBiome_Badlands with commonality 0
Added swfish_Dactopus to ZBiome_Badlands with commonality 0
Added swfish_Daggert to ZBiome_Badlands with commonality 0
Added swfish_Daggert to ZBiome_Badlands with commonality 0
Added swfish_Daggert to ZBiome_Badlands with commonality 0
Added swfish_Daggert to ZBiome_Badlands with commonality 0
Added swfish_Doshianjelly to ZBiome_Badlands with commonality 0
Added swfish_Doshianjelly to ZBiome_Badlands with commonality 0
Added swfish_Doshianjelly to ZBiome_Badlands with commonality 0
Added swfish_Doshianjelly to ZBiome_Badlands with commonality 0
Added swfish_Faa to ZBiome_Badlands with commonality 0
Added swfish_Faa to ZBiome_Badlands with commonality 0
Added swfish_Faa to ZBiome_Badlands with commonality 0
Added swfish_Faa to ZBiome_Badlands with commonality 0
Added swfish_FleekEel to ZBiome_Badlands with commonality 0
Added swfish_FleekEel to ZBiome_Badlands with commonality 0
Added swfish_FleekEel to ZBiome_Badlands with commonality 0
Added swfish_FleekEel to ZBiome_Badlands with commonality 0
Added swfish_Laa to ZBiome_Badlands with commonality 0
Added swfish_Laa to ZBiome_Badlands with commonality 0
Added swfish_Laa to ZBiome_Badlands with commonality 0
Added swfish_Laa to ZBiome_Badlands with commonality 0
Added swfish_Nyork to ZBiome_Badlands with commonality 0
Added swfish_Nyork to ZBiome_Badlands with commonality 0
Added swfish_Nyork to ZBiome_Badlands with commonality 0
Added swfish_Nyork to ZBiome_Badlands with commonality 0
Added swfish_PaddyFrog to ZBiome_Badlands with commonality 0
Added swfish_PaddyFrog to ZBiome_Badlands with commonality 0
Added swfish_PaddyFrog to ZBiome_Badlands with commonality 0
Added swfish_PaddyFrog to ZBiome_Badlands with commonality 0
Added swfish_Ray to ZBiome_Badlands with commonality 0
Added swfish_Ray to ZBiome_Badlands with commonality 0
Added swfish_Ray to ZBiome_Badlands with commonality 0
Added swfish_Ray to ZBiome_Badlands with commonality 0
Added swfish_See to ZBiome_Badlands with commonality 0
Added swfish_See to ZBiome_Badlands with commonality 0
Added swfish_See to ZBiome_Badlands with commonality 0
Added swfish_See to ZBiome_Badlands with commonality 0
Added swfish_SinkCrab to ZBiome_Badlands with commonality 0
Added swfish_SinkCrab to ZBiome_Badlands with commonality 0
Added swfish_SinkCrab to ZBiome_Badlands with commonality 0
Added swfish_SinkCrab to ZBiome_Badlands with commonality 0
Added BMT_BlindTetra to ZBiome_Badlands with commonality 0
Added BMT_BlindTetra to ZBiome_Badlands with commonality 0
Added BMT_BlindTetra to ZBiome_Badlands with commonality 0
Added BMT_BlindTetra to ZBiome_Badlands with commonality 0
Added BMT_DevilsPupfish to ZBiome_Badlands with commonality 0
Added BMT_DevilsPupfish to ZBiome_Badlands with commonality 0
Added BMT_DevilsPupfish to ZBiome_Badlands with commonality 0
Added BMT_DevilsPupfish to ZBiome_Badlands with commonality 0
Added BMT_GhostShrimp to ZBiome_Badlands with commonality 0
Added BMT_GhostShrimp to ZBiome_Badlands with commonality 0
Added BMT_GhostShrimp to ZBiome_Badlands with commonality 0
Added BMT_GhostShrimp to ZBiome_Badlands with commonality 0
Added BMT_Rocktooth to ZBiome_Badlands with commonality 0
Added BMT_Rocktooth to ZBiome_Badlands with commonality 0
Added BMT_Rocktooth to ZBiome_Badlands with commonality 0
Added BMT_CaveAngelFish to ZBiome_Badlands with commonality 0
Added BMT_CaveAngelFish to ZBiome_Badlands with commonality 0
Added BMT_CaveAngelFish to ZBiome_Badlands with commonality 0
Added BMT_CaveAngelFish to ZBiome_Badlands with commonality 0
Added BMT_Lumineel to ZBiome_Badlands with commonality 0
Added BMT_Lumineel to ZBiome_Badlands with commonality 0
Added BMT_Lumineel to ZBiome_Badlands with commonality 0
Added BMT_Lumineel to ZBiome_Badlands with commonality 0
Added BMT_RockLobster to ZBiome_Badlands with commonality 0
Added BMT_RockLobster to ZBiome_Badlands with commonality 0
Added BMT_RockLobster to ZBiome_Badlands with commonality 0
Added BMT_RockLobster to ZBiome_Badlands with commonality 0
Added BMT_StoneSalamander to ZBiome_Badlands with commonality 0
Added BMT_StoneSalamander to ZBiome_Badlands with commonality 0
Added BMT_StoneSalamander to ZBiome_Badlands with commonality 0
Added BMT_StoneSalamander to ZBiome_Badlands with commonality 0
Added BMT_BlindCatfish to ZBiome_Badlands with commonality 0
Added BMT_BlindCatfish to ZBiome_Badlands with commonality 0
Added BMT_BlindCatfish to ZBiome_Badlands with commonality 0
Added BMT_BlindCatfish to ZBiome_Badlands with commonality 0
Added BMT_Boneblade to ZBiome_Badlands with commonality 0
Added BMT_Boneblade to ZBiome_Badlands with commonality 0
Added BMT_Boneblade to ZBiome_Badlands with commonality 0
Added BMT_GiantCaveCrab to ZBiome_Badlands with commonality 0
Added BMT_GiantCaveCrab to ZBiome_Badlands with commonality 0
Added BMT_GiantCaveCrab to ZBiome_Badlands with commonality 0
Added BMT_GiantCaveCrab to ZBiome_Badlands with commonality 0
Added BMT_GlowCuttlefish to ZBiome_Badlands with commonality 0
Added BMT_GlowCuttlefish to ZBiome_Badlands with commonality 0
Added BMT_GlowCuttlefish to ZBiome_Badlands with commonality 0
Added BMT_GlowCuttlefish to ZBiome_Badlands with commonality 0
Added RSW_DuneCrawler to ZBiome_Badlands with commonality 0
Added RSW_DuneCrawler to ZBiome_Badlands with commonality 0
Added RSW_DuneCrawler to ZBiome_Badlands with commonality 0
Added RSW_MeeCatch to ZBiome_Badlands with commonality 0
Added RSW_MeeCatch to ZBiome_Badlands with commonality 0
Added RSW_MeeCatch to ZBiome_Badlands with commonality 0
Added RSW_MeeCatch to ZBiome_Badlands with commonality 0
Added RSW_FaaCatch to ZBiome_Badlands with commonality 0
Added RSW_FaaCatch to ZBiome_Badlands with commonality 0
Added RSW_FaaCatch to ZBiome_Badlands with commonality 0
Added RSW_FaaCatch to ZBiome_Badlands with commonality 0
Added RSW_LaaCatch to ZBiome_Badlands with commonality 0
Added RSW_LaaCatch to ZBiome_Badlands with commonality 0
Added RSW_LaaCatch to ZBiome_Badlands with commonality 0
Added RSW_LaaCatch to ZBiome_Badlands with commonality 0
Added DA_Fish_SnappingTadpole to ZBiome_DesertOasis with commonality 0
Added DA_Fish_SnappingTadpole to ZBiome_DesertOasis with commonality 0
Added DA_Fish_SnappingTadpole to ZBiome_DesertOasis with commonality 0
Added DA_Fish_SnappingTadpole to ZBiome_DesertOasis with commonality 0
Added GravTide_Fish_Rockfish to ZBiome_DesertOasis with commonality 0
Added GravTide_Fish_Rockfish to ZBiome_DesertOasis with commonality 0
Added GravTide_Fish_Rockfish to ZBiome_DesertOasis with commonality 0
Added GravTide_Fish_Rockfish to ZBiome_DesertOasis with commonality 0
Added GravTide_Fish_Ray to ZBiome_DesertOasis with commonality 0
Added GravTide_Fish_Ray to ZBiome_DesertOasis with commonality 0
Added GravTide_Fish_Ray to ZBiome_DesertOasis with commonality 0
Added GravTide_Fish_Ray to ZBiome_DesertOasis with commonality 0
Added GravTide_Fish_Halosaur to ZBiome_DesertOasis with commonality 0
Added GravTide_Fish_Halosaur to ZBiome_DesertOasis with commonality 0
Added GravTide_Fish_Halosaur to ZBiome_DesertOasis with commonality 0
Added GravTide_Fish_Halosaur to ZBiome_DesertOasis with commonality 0
Added GravTide_Fish_Anglerfish to ZBiome_DesertOasis with commonality 0
Added GravTide_Fish_Anglerfish to ZBiome_DesertOasis with commonality 0
Added GravTide_Fish_Anglerfish to ZBiome_DesertOasis with commonality 0
Added GravTide_Fish_Anglerfish to ZBiome_DesertOasis with commonality 0
Added GravTide_Fish_Snailfish to ZBiome_DesertOasis with commonality 0
Added GravTide_Fish_Snailfish to ZBiome_DesertOasis with commonality 0
Added GravTide_Fish_Snailfish to ZBiome_DesertOasis with commonality 0
Added GravTide_Fish_Snailfish to ZBiome_DesertOasis with commonality 0
Added GravTide_Fish_MorayEel to ZBiome_DesertOasis with commonality 0
Added GravTide_Fish_MorayEel to ZBiome_DesertOasis with commonality 0
Added GravTide_Fish_MorayEel to ZBiome_DesertOasis with commonality 0
Added GravTide_Fish_MorayEel to ZBiome_DesertOasis with commonality 0
Added GravTide_Fish_Wolffish to ZBiome_DesertOasis with commonality 0
Added GravTide_Fish_Wolffish to ZBiome_DesertOasis with commonality 0
Added GravTide_Fish_Wolffish to ZBiome_DesertOasis with commonality 0
Added GravTide_Fish_Wolffish to ZBiome_DesertOasis with commonality 0
Added GravTide_Fish_Monkfish to ZBiome_DesertOasis with commonality 0
Added GravTide_Fish_Monkfish to ZBiome_DesertOasis with commonality 0
Added GravTide_Fish_Monkfish to ZBiome_DesertOasis with commonality 0
Added GravTide_Fish_Monkfish to ZBiome_DesertOasis with commonality 0
Added GravTide_Fish_TripodFish to ZBiome_DesertOasis with commonality 0
Added GravTide_Fish_TripodFish to ZBiome_DesertOasis with commonality 0
Added GravTide_Fish_TripodFish to ZBiome_DesertOasis with commonality 0
Added GravTide_Fish_TripodFish to ZBiome_DesertOasis with commonality 0
Added GravTide_Fish_Eelpout to ZBiome_DesertOasis with commonality 0
Added GravTide_Fish_Eelpout to ZBiome_DesertOasis with commonality 0
Added GravTide_Fish_Eelpout to ZBiome_DesertOasis with commonality 0
Added GravTide_Fish_Eelpout to ZBiome_DesertOasis with commonality 0
Added GravTide_Fish_CuskEel to ZBiome_DesertOasis with commonality 0
Added GravTide_Fish_CuskEel to ZBiome_DesertOasis with commonality 0
Added GravTide_Fish_CuskEel to ZBiome_DesertOasis with commonality 0
Added GravTide_Fish_CuskEel to ZBiome_DesertOasis with commonality 0
Added GravTide_Fish_Hagfish to ZBiome_DesertOasis with commonality 0
Added GravTide_Fish_Hagfish to ZBiome_DesertOasis with commonality 0
Added GravTide_Fish_Hagfish to ZBiome_DesertOasis with commonality 0
Added GravTide_Fish_Hagfish to ZBiome_DesertOasis with commonality 0
Added GravTide_Fish_Chimaera to ZBiome_DesertOasis with commonality 0
Added GravTide_Fish_Chimaera to ZBiome_DesertOasis with commonality 0
Added GravTide_Fish_Chimaera to ZBiome_DesertOasis with commonality 0
Added GravTide_Fish_Chimaera to ZBiome_DesertOasis with commonality 0
Added GravTide_Fish_AntarcticRockcod to ZBiome_DesertOasis with commonality 0
Added GravTide_Fish_AntarcticRockcod to ZBiome_DesertOasis with commonality 0
Added GravTide_Fish_AntarcticRockcod to ZBiome_DesertOasis with commonality 0
Added GravTide_Fish_AntarcticRockcod to ZBiome_DesertOasis with commonality 0
Added GravTide_Fish_PolarCod to ZBiome_DesertOasis with commonality 0
Added GravTide_Fish_PolarCod to ZBiome_DesertOasis with commonality 0
Added GravTide_Fish_PolarCod to ZBiome_DesertOasis with commonality 0
Added GravTide_Fish_PolarCod to ZBiome_DesertOasis with commonality 0
Added GravTide_Fish_Sculpin to ZBiome_DesertOasis with commonality 0
Added GravTide_Fish_Sculpin to ZBiome_DesertOasis with commonality 0
Added GravTide_Fish_Sculpin to ZBiome_DesertOasis with commonality 0
Added GravTide_Fish_Sculpin to ZBiome_DesertOasis with commonality 0
Added GravTide_Fish_ReefFish to ZBiome_DesertOasis with commonality 0
Added GravTide_Fish_ReefFish to ZBiome_DesertOasis with commonality 0
Added GravTide_Fish_ReefFish to ZBiome_DesertOasis with commonality 0
Added GravTide_Fish_ReefFish to ZBiome_DesertOasis with commonality 0
Added GravTide_Fish_Grenadier to ZBiome_DesertOasis with commonality 0
Added GravTide_Fish_Grenadier to ZBiome_DesertOasis with commonality 0
Added GravTide_Fish_Grenadier to ZBiome_DesertOasis with commonality 0
Added GravTide_Fish_Grenadier to ZBiome_DesertOasis with commonality 0
Added GravTide_Fish_Blenny to ZBiome_DesertOasis with commonality 0
Added GravTide_Fish_Blenny to ZBiome_DesertOasis with commonality 0
Added GravTide_Fish_Blenny to ZBiome_DesertOasis with commonality 0
Added GravTide_Fish_Blenny to ZBiome_DesertOasis with commonality 0
Added GravTide_Fish_Octopus to ZBiome_DesertOasis with commonality 0
Added GravTide_Fish_Octopus to ZBiome_DesertOasis with commonality 0
Added GravTide_Fish_Octopus to ZBiome_DesertOasis with commonality 0
Added GravTide_Fish_Octopus to ZBiome_DesertOasis with commonality 0
Added GravTide_Fish_DeepSeaOctopus to ZBiome_DesertOasis with commonality 0
Added GravTide_Fish_DeepSeaOctopus to ZBiome_DesertOasis with commonality 0
Added GravTide_Fish_DeepSeaOctopus to ZBiome_DesertOasis with commonality 0
Added GravTide_Fish_DeepSeaOctopus to ZBiome_DesertOasis with commonality 0
Added GravTide_Fish_Cuttlefish to ZBiome_DesertOasis with commonality 0
Added GravTide_Fish_Cuttlefish to ZBiome_DesertOasis with commonality 0
Added GravTide_Fish_Cuttlefish to ZBiome_DesertOasis with commonality 0
Added GravTide_Fish_Cuttlefish to ZBiome_DesertOasis with commonality 0
Added GravTide_Fish_Nautilus to ZBiome_DesertOasis with commonality 0
Added GravTide_Fish_Nautilus to ZBiome_DesertOasis with commonality 0
Added GravTide_Fish_Nautilus to ZBiome_DesertOasis with commonality 0
Added GravTide_Fish_Nautilus to ZBiome_DesertOasis with commonality 0
Added GravTide_Fish_SpiderCrab to ZBiome_DesertOasis with commonality 0
Added GravTide_Fish_SpiderCrab to ZBiome_DesertOasis with commonality 0
Added GravTide_Fish_SpiderCrab to ZBiome_DesertOasis with commonality 0
Added GravTide_Fish_SpiderCrab to ZBiome_DesertOasis with commonality 0
Added GravTide_Fish_DeepSeaCrab to ZBiome_DesertOasis with commonality 0
Added GravTide_Fish_DeepSeaCrab to ZBiome_DesertOasis with commonality 0
Added GravTide_Fish_DeepSeaCrab to ZBiome_DesertOasis with commonality 0
Added GravTide_Fish_DeepSeaCrab to ZBiome_DesertOasis with commonality 0
Added GravTide_Fish_Lobster to ZBiome_DesertOasis with commonality 0
Added GravTide_Fish_Lobster to ZBiome_DesertOasis with commonality 0
Added GravTide_Fish_Lobster to ZBiome_DesertOasis with commonality 0
Added GravTide_Fish_Lobster to ZBiome_DesertOasis with commonality 0
Added GravTide_Fish_MantisShrimp to ZBiome_DesertOasis with commonality 0
Added GravTide_Fish_MantisShrimp to ZBiome_DesertOasis with commonality 0
Added GravTide_Fish_MantisShrimp to ZBiome_DesertOasis with commonality 0
Added GravTide_Fish_MantisShrimp to ZBiome_DesertOasis with commonality 0
Added GravTide_Fish_ColdWaterShrimp to ZBiome_DesertOasis with commonality 0
Added GravTide_Fish_ColdWaterShrimp to ZBiome_DesertOasis with commonality 0
Added GravTide_Fish_ColdWaterShrimp to ZBiome_DesertOasis with commonality 0
Added GravTide_Fish_ColdWaterShrimp to ZBiome_DesertOasis with commonality 0
Added GravTide_Fish_GiantIsopod to ZBiome_DesertOasis with commonality 0
Added GravTide_Fish_GiantIsopod to ZBiome_DesertOasis with commonality 0
Added GravTide_Fish_GiantIsopod to ZBiome_DesertOasis with commonality 0
Added GravTide_Fish_GiantIsopod to ZBiome_DesertOasis with commonality 0
Added swfish_Burra to ZBiome_DesertOasis with commonality 0
Added swfish_Burra to ZBiome_DesertOasis with commonality 0
Added swfish_Burra to ZBiome_DesertOasis with commonality 0
Added swfish_Dactopus to ZBiome_DesertOasis with commonality 0
Added swfish_Dactopus to ZBiome_DesertOasis with commonality 0
Added swfish_Dactopus to ZBiome_DesertOasis with commonality 0
Added swfish_Dactopus to ZBiome_DesertOasis with commonality 0
Added swfish_Daggert to ZBiome_DesertOasis with commonality 0
Added swfish_Daggert to ZBiome_DesertOasis with commonality 0
Added swfish_Daggert to ZBiome_DesertOasis with commonality 0
Added swfish_Doshianjelly to ZBiome_DesertOasis with commonality 0
Added swfish_Doshianjelly to ZBiome_DesertOasis with commonality 0
Added swfish_Doshianjelly to ZBiome_DesertOasis with commonality 0
Added swfish_Doshianjelly to ZBiome_DesertOasis with commonality 0
Added swfish_Faa to ZBiome_DesertOasis with commonality 0
Added swfish_Faa to ZBiome_DesertOasis with commonality 0
Added swfish_Faa to ZBiome_DesertOasis with commonality 0
Added swfish_Faa to ZBiome_DesertOasis with commonality 0
Added swfish_FleekEel to ZBiome_DesertOasis with commonality 0
Added swfish_FleekEel to ZBiome_DesertOasis with commonality 0
Added swfish_FleekEel to ZBiome_DesertOasis with commonality 0
Added swfish_FleekEel to ZBiome_DesertOasis with commonality 0
Added swfish_Laa to ZBiome_DesertOasis with commonality 0
Added swfish_Laa to ZBiome_DesertOasis with commonality 0
Added swfish_Laa to ZBiome_DesertOasis with commonality 0
Added swfish_Laa to ZBiome_DesertOasis with commonality 0
Added swfish_Nyork to ZBiome_DesertOasis with commonality 0
Added swfish_Nyork to ZBiome_DesertOasis with commonality 0
Added swfish_Nyork to ZBiome_DesertOasis with commonality 0
Added swfish_PaddyFrog to ZBiome_DesertOasis with commonality 0
Added swfish_PaddyFrog to ZBiome_DesertOasis with commonality 0
Added swfish_PaddyFrog to ZBiome_DesertOasis with commonality 0
Added swfish_PaddyFrog to ZBiome_DesertOasis with commonality 0
Added swfish_Ray to ZBiome_DesertOasis with commonality 0
Added swfish_Ray to ZBiome_DesertOasis with commonality 0
Added swfish_Ray to ZBiome_DesertOasis with commonality 0
Added swfish_Ray to ZBiome_DesertOasis with commonality 0
Added swfish_See to ZBiome_DesertOasis with commonality 0
Added swfish_See to ZBiome_DesertOasis with commonality 0
Added swfish_See to ZBiome_DesertOasis with commonality 0
Added swfish_SinkCrab to ZBiome_DesertOasis with commonality 0
Added swfish_SinkCrab to ZBiome_DesertOasis with commonality 0
Added swfish_SinkCrab to ZBiome_DesertOasis with commonality 0
Added swfish_SinkCrab to ZBiome_DesertOasis with commonality 0
Added BMT_BlindTetra to ZBiome_DesertOasis with commonality 0
Added BMT_BlindTetra to ZBiome_DesertOasis with commonality 0
Added BMT_BlindTetra to ZBiome_DesertOasis with commonality 0
Added BMT_BlindTetra to ZBiome_DesertOasis with commonality 0
Added BMT_DevilsPupfish to ZBiome_DesertOasis with commonality 0
Added BMT_DevilsPupfish to ZBiome_DesertOasis with commonality 0
Added BMT_DevilsPupfish to ZBiome_DesertOasis with commonality 0
Added BMT_DevilsPupfish to ZBiome_DesertOasis with commonality 0
Added BMT_GhostShrimp to ZBiome_DesertOasis with commonality 0
Added BMT_GhostShrimp to ZBiome_DesertOasis with commonality 0
Added BMT_GhostShrimp to ZBiome_DesertOasis with commonality 0
Added BMT_GhostShrimp to ZBiome_DesertOasis with commonality 0
Added BMT_Rocktooth to ZBiome_DesertOasis with commonality 0
Added BMT_Rocktooth to ZBiome_DesertOasis with commonality 0
Added BMT_Rocktooth to ZBiome_DesertOasis with commonality 0
Added BMT_Rocktooth to ZBiome_DesertOasis with commonality 0
Added BMT_CaveAngelFish to ZBiome_DesertOasis with commonality 0
Added BMT_CaveAngelFish to ZBiome_DesertOasis with commonality 0
Added BMT_CaveAngelFish to ZBiome_DesertOasis with commonality 0
Added BMT_CaveAngelFish to ZBiome_DesertOasis with commonality 0
Added BMT_Lumineel to ZBiome_DesertOasis with commonality 0
Added BMT_Lumineel to ZBiome_DesertOasis with commonality 0
Added BMT_Lumineel to ZBiome_DesertOasis with commonality 0
Added BMT_Lumineel to ZBiome_DesertOasis with commonality 0
Added BMT_RockLobster to ZBiome_DesertOasis with commonality 0
Added BMT_RockLobster to ZBiome_DesertOasis with commonality 0
Added BMT_RockLobster to ZBiome_DesertOasis with commonality 0
Added BMT_RockLobster to ZBiome_DesertOasis with commonality 0
Added BMT_StoneSalamander to ZBiome_DesertOasis with commonality 0
Added BMT_StoneSalamander to ZBiome_DesertOasis with commonality 0
Added BMT_StoneSalamander to ZBiome_DesertOasis with commonality 0
Added BMT_StoneSalamander to ZBiome_DesertOasis with commonality 0
Added BMT_BlindCatfish to ZBiome_DesertOasis with commonality 0
Added BMT_BlindCatfish to ZBiome_DesertOasis with commonality 0
Added BMT_BlindCatfish to ZBiome_DesertOasis with commonality 0
Added BMT_BlindCatfish to ZBiome_DesertOasis with commonality 0
Added BMT_Boneblade to ZBiome_DesertOasis with commonality 0
Added BMT_Boneblade to ZBiome_DesertOasis with commonality 0
Added BMT_Boneblade to ZBiome_DesertOasis with commonality 0
Added BMT_Boneblade to ZBiome_DesertOasis with commonality 0
Added BMT_GiantCaveCrab to ZBiome_DesertOasis with commonality 0
Added BMT_GiantCaveCrab to ZBiome_DesertOasis with commonality 0
Added BMT_GiantCaveCrab to ZBiome_DesertOasis with commonality 0
Added BMT_GiantCaveCrab to ZBiome_DesertOasis with commonality 0
Added BMT_GlowCuttlefish to ZBiome_DesertOasis with commonality 0
Added BMT_GlowCuttlefish to ZBiome_DesertOasis with commonality 0
Added BMT_GlowCuttlefish to ZBiome_DesertOasis with commonality 0
Added BMT_GlowCuttlefish to ZBiome_DesertOasis with commonality 0
Added RSW_DuneCrawler to ZBiome_DesertOasis with commonality 0
Added RSW_DuneCrawler to ZBiome_DesertOasis with commonality 0
Added RSW_DuneCrawler to ZBiome_DesertOasis with commonality 0
Added RSW_DuneCrawler to ZBiome_DesertOasis with commonality 0
Added RSW_MeeCatch to ZBiome_DesertOasis with commonality 0
Added RSW_MeeCatch to ZBiome_DesertOasis with commonality 0
Added RSW_MeeCatch to ZBiome_DesertOasis with commonality 0
Added RSW_MeeCatch to ZBiome_DesertOasis with commonality 0
Added RSW_FaaCatch to ZBiome_DesertOasis with commonality 0
Added RSW_FaaCatch to ZBiome_DesertOasis with commonality 0
Added RSW_FaaCatch to ZBiome_DesertOasis with commonality 0
Added RSW_FaaCatch to ZBiome_DesertOasis with commonality 0
Added RSW_LaaCatch to ZBiome_DesertOasis with commonality 0
Added RSW_LaaCatch to ZBiome_DesertOasis with commonality 0
Added RSW_LaaCatch to ZBiome_DesertOasis with commonality 0
Added RSW_LaaCatch to ZBiome_DesertOasis with commonality 0
****************__________ BiomeCompatibilityProject: Patching finished, took us: 208ms __________****************
[LaserCannon] Custom parameters applied.
RSW_Pawn_SandP_Death SubSound RSW_Pawn_SandP_Death_0 has no resolvedGrains.
RSW_Pawn_SandP_Wounded SubSound RSW_Pawn_SandP_Wounded_0 has no resolvedGrains.
[SSC/HAR] Patched 60 alien races: CompSlave added=60, whitelist entries=0
[SSC/HAR] 3 compatibility patches active.
Unloading 3842 unused Assets to reduce memory usage. Loaded Objects now: 145060.
Total: 1427.493600 ms (FindLiveObjects: 16.308300 ms CreateObjectMapping: 7.272200 ms MarkObjects: 1399.099400 ms  DeleteObjects: 4.813500 ms)

[DivineFramework] Loaded version 0.12.1.2
CharacterEditor v1.6.3 initializing...
updating labels for english...
loading pawn slot content from file...
character editor instance created
checking editor settings...
bodysizes genes are active
CharacterEditor v1.6.3 ...done
CameraPlus: Found mod at C:\Program Files (x86)\Steam\steamapps\workshop\content\294100\867467808
Shader 'Camera+/Bordered': fallback shader 'Diffuse' not found
Starting patches: 1378 - 9/12/2026 12:18:57 PM
ISMA: Applying patches
ISMA: Patched ThingComp type RimWorld.CompPowerPlantSolar:PostDraw
ISMA: Patched ThingComp type RimWorld.CompPowerPlantWater:PostDraw
ISMA: Patched ThingComp type RimWorld.CompPowerPlantWind:PostDraw
ISMA: Patched ThingComp type RimWorld.CompDeathrestBindable:PostDraw
ISMA: Patched ThingComp type RimWorld.CompAncientHeatVent:PostDraw
ISMA: Patched ThingComp type RimWorld.CompAtomizer:PostDraw
ISMA: Patched ThingComp type RimWorld.CompBandNode:PostDraw
ISMA: Patched ThingComp type RimWorld.CompBiosculpterPod:PostDraw
ISMA: Patched ThingComp type RimWorld.CompCableConnection:PostDraw
ISMA: Patched ThingComp type RimWorld.CompCauseHediff_AoE:PostDraw
ISMA: Patched ThingComp type RimWorld.CompDarklightOverlay:PostDraw
ISMA: Patched ThingComp type RimWorld.CompDrawAdditionalGraphics:PostDraw
ISMA: Patched ThingComp type RimWorld.CompDryadHolder:PostDraw
ISMA: Patched ThingComp type RimWorld.CompEmptyStateGraphic:PostDraw
ISMA: Patched ThingComp type RimWorld.CompFireOverlay:PostDraw
ISMA: Patched ThingComp type RimWorld.CompRitualFireOverlay:PostDraw
ISMA: Patched ThingComp type RimWorld.CompFleshmassBase:PostDraw
ISMA: Patched ThingComp type RimWorld.CompHackable:PostDraw
ISMA: Patched ThingComp type RimWorld.CompHitchingSpot:PostDraw
ISMA: Patched ThingComp type RimWorld.CompOrbitalBeam:PostDraw
ISMA: Patched ThingComp type RimWorld.CompProjectileInterceptor:PostDraw
ISMA: Patched ThingComp type RimWorld.CompRadialPulse:PostDraw
ISMA: Patched ThingComp type RimWorld.CompRefuelable:PostDraw
ISMA: Patched ThingComp type RimWorld.CompSanguophageMeetingFire:PostDraw
ISMA: Patched ThingComp type RimWorld.CompShield:PostDraw
ISMA: Patched ThingComp type RimWorld.CompTargetingBeam:PostDraw
ISMA: Patched ThingComp type RimWorld.CompThingContainer:PostDraw
ISMA: Patched ThingComp type RimWorld.CompTreeConnection:PostDraw
ISMA: Patched ThingComp type CombatAI.Comps.ThingComp_CCTVTop:PostDraw
ISMA: Patched ThingComp type Fortified.CompSubRelay:PostDraw
ISMA: Patched ThingComp type Fortified.CompCommandRelay:PostDraw
ISMA: Patched ThingComp type Fortified.CompOverseer:PostDraw
ISMA: Patched ThingComp type Fortified.CompAccessKeyActivatable:PostDraw
ISMA: Patched ThingComp type Fortified.CompAccessKeyDoorLink:PostDraw
ISMA: Patched ThingComp type Fortified.CompBuildingMover:PostDraw
ISMA: Patched ThingComp type Fortified.CompBuildingExtraRenderer:PostDraw
ISMA: Patched ThingComp type Vehicles.CompFueledTravel:PostDraw
ISMA: Patched ThingComp type Vehicles.CompDrawLayer:PostDraw
ISMA: Patched ThingComp type Vehicles.CompUpgradeTree:PostDraw
ISMA: Patched ThingComp type PipeSystem.CompAdvancedResourceProcessor:PostDraw
ISMA: Patched ThingComp type PipeSystem.CompResourceStorage:PostDraw
ISMA: Patched ThingComp type VEF.Buildings.CompExtendedBiosculpterPod:PostDraw
ISMA: Patched ThingComp type VEF.Buildings.CompBouncingArrow:PostDraw
ISMA: Patched ThingComp type VEF.Buildings.CompFireOverlayRotatable:PostDraw
ISMA: Patched ThingComp type VEF.Apparels.CompShieldField:PostDraw
ISMA: Patched ThingComp type VEF.Apparels.CompShieldBubble:PostDraw
ISMA: Patched ThingComp type VEF.AnimalBehaviours.CompPawnOverlay:PostDraw
ISMA: Patched ThingComp type EBSGFramework.CompShieldEquipment:PostDraw
ISMA: Patched ThingComp type EBSGFramework.CompComaGeneBindable:PostDraw
ISMA: Patched ThingComp type AlphaBiomes.CompAlcyoniteSolar:PostDraw
ISMA: Patched ThingComp type AlphaMechs.CompCauseHediff_AoE_WithFaction:PostDraw
ISMA: Patched ThingComp type AlphaMechs.CompCauseHediff_AoE_WithRestrictions:PostDraw
ISMA: Patched ThingComp type AlphaMechs.CompTargetingBeamBlue:PostDraw
ISMA: Patched ThingComp type AncientMining.CompAutoStoneCutter:PostDraw
ISMA: Patched ThingComp type BMT_Fossils.CompDisplayCase:PostDraw
ISMA: Patched ThingComp type CHAoEOC.CompCauseHediff_AoEOnColonist:PostDraw
ISMA: Patched ThingComp type DubsBadHygiene.Comp_SaunaHeater:PostDraw
ISMA: Patched ThingComp type DubsBadHygiene.CompAirconBaseUnit:PostDraw
ISMA: Patched ThingComp type DubsBadHygiene.CompAirconIndoorUnit:PostDraw
ISMA: Patched ThingComp type DubsBadHygiene.CompBlockage:PostDraw
ISMA: Patched ThingComp type DubsBadHygiene.CompBoiler:PostDraw
ISMA: Patched ThingComp type DubsBadHygiene.CompHeatStore:PostDraw
ISMA: Patched ThingComp type DubsBadHygiene.CompRadiator:PostDraw
ISMA: Patched ThingComp type DubsBadHygiene.CompSewageTreatment:PostDraw
ISMA: Patched ThingComp type DubsBadHygiene.CompWaterStorage:PostDraw
ISMA: Patched ThingComp type DubsBadHygiene.CompWindPump:PostDraw
ISMA: Patched ThingComp type DubsBadHygiene.CompWaterFillable:PostDraw
ISMA: Patched ThingComp type Blues.CompForgedSilentFire:PostDraw
ISMA: Patched ThingComp type Blues.CompForgedSilentDarklight:PostDraw
ISMA: Patched ThingComp type LetsGoExplore.ThingComp_RescueMe:PostDraw
ISMA: Patched ThingComp type GravTide.CompWasteTank:PostDraw
ISMA: Patched ThingComp type GravTide.CompShipCore:PostDraw
ISMA: Patched ThingComp type CompActivatableEffect.CompActivatableEffect:PostDraw
ISMA: Patched ThingComp type CompAnimated.CompAnimated:PostDraw
ISMA: Patched ThingComp type CompOverlays.CompOverlays:PostDraw
ISMA: Patched ThingComp type NightmareCore.ThingComp_AdditionalGraphics:PostDraw
ISMA: Patched ThingComp type NightmareCore.ThingComp_ItemDisplay:PostDraw
ISMA: Patched ThingComp type NightmareCore.ThingComp_MultiItemDisplay:PostDraw
ISMA: Patched ThingComp type NightmareCore.AdditionalGraphics.ThingComp_AdditionalGraphics:PostDraw
ISMA: Patched ThingComp type Rimefeller.CompExplosiveTank:PostDraw
ISMA: Patched ThingComp type Rimefeller.CompRefineryThreader:PostDraw
ISMA: Patched ThingComp type Rimefeller.CompOilDerrick:PostDraw
ISMA: Patched ThingComp type Rimefeller.CompRefinery:PostDraw
ISMA: Patched ThingComp type Rimefeller.CompCrudeCracker:PostDraw
ISMA: Patched ThingComp type Rimefeller.CompStorageTank:PostDraw
ISMA: Patched ThingComp type RimFridge.CompSecondLayer:PostDraw
ISMA: Patched ThingComp type TraderShips.CompShip:PostDraw
ISMA: Patched ThingComp type VFEInsectoids.CompThumper:PostDraw
ISMA: Patched ThingComp type VFETribals.CompFireOverlay_LargeFire:PostDraw
ISMA: Patched ThingComp type VanillaPowerExpanded.CompPowerAdvancedSolar:PostDraw
ISMA: Patched ThingComp type VanillaPowerExpanded.CompSoulsPowerPlant:PostDraw
ISMA: Patched ThingComp type VanillaPowerExpanded.CompPowerAdvancedWater:PostDraw
ISMA: Patched ThingComp type VanillaPowerExpanded.CompPowerAdvancedWind:PostDraw
ISMA: Patched ThingComp type VFEProps.CompConstantFireOverlay:PostDraw
ISMA: Patched ThingComp type VFESecurity.CompDualMannable:PostDraw
ISMA: Patched ThingComp type BunkBeds.CompBunkBed:PostDraw
ISMA: Patched ThingComp type VanillaGravshipExpanded.CompGravheatAbsorber:PostDraw
ISMA: Patched ThingComp type VanillaGravshipExpanded.CompHeatsink:PostDraw
ISMA: Patched ThingComp type VanillaGravshipExpanded.CompPowerPlantSolarPanelling:PostDraw
ISMA: Patched ThingComp type VanillaQuestsExpandedAncients.CompBioBattery:PostDraw
ISMA: Patched ThingComp type VanillaQuestsExpandedAncients.CompKickablePower:PostDraw
ISMA: Patched ThingComp type VanillaQuestsExpandedCryptoforge.CompNonRefuelable:PostDraw
ISMA: Patched ThingComp type EGIHologramsAndProjectors.CompHologramGraphics:PostDraw
ISMA: Patched ThingComp type ShowMeYourHands.HandDrawer:PostDraw
ISMA: Patched ThingComp type VCHE.CompPumpjackAnimation:PostDraw
ISMA: Patched ThingComp type VCHE.CompRefinery:PostDraw
ISMA: Patched ThingComp type ShipWallEnhanced.CompBatteryChargeBar:PostDraw
ISMA: Patched ThingComp type PrisonLabor.Core.Components.PrisonerComp:PostDraw
ISMA: Patched ThingComp type VFEPirates.Fueled:PostDraw
ISMA: Patched ThingComp type RimWorld.CompFireOverlayCool:PostDraw
ISMA: Patched ThingComp type VanillaMemesExpanded.CompPermanentFireOverlay:PostDraw
ISMA: Patched ThingComp type VanillaMemesExpanded.CompTimedFireOverlay:PostDraw
ISMA: Patched ThingComp type ChezhouLib.ClThingThingComp.ThingComp_WeaponLayers:PostDraw
ISMA: Patched ThingComp type ChezhouLib.ClThingComp.ThingComp_BuildingAnimation:PostDraw
ISMA: Patched ThingComp type ChezhouLib.ClThingComp.ThingComp_BuildingMultiFaceAnimation:PostDraw
ISMA: Patched ThingComp type TabulaRasa.Comp_ClusterGrower:PostDraw
ISMA: Patched ThingComp type TabulaRasa.Comp_Shield:PostDraw
ISMA: Patched ThingComp type TabulaRasa.Comp_IdeoIconOverlay:PostDraw
ISMA: Patched ThingComp type TabulaRasa.Comp_HologramProjection:PostDraw
ISMA: Patched ThingComp type TabulaRasa.Comp_AdvFireOverlay:PostDraw
ISMA: Patched ThingComp type GeneticRim.CompGenomorpher:PostDraw
ISMA: Patched ThingComp type GeneticRim.CompElectroWomb:PostDraw
ISMA: Patched ThingComp type KoltoTank.CompSecondLayer:PostDraw
ISMA: Patched ThingComp type SWCP_Shuttles.CompRotatingBlades:PostDraw
ISMA: Patched ThingComp type KoltoTank.CompSecondLayer:PostDraw
ISMA: Patched verb type Verse.Verb_LaunchProjectileStaticOneUse:TryCastShot
ISMA: Patched verb type Verse.Verb_AbilityShoot:TryCastShot
ISMA: Patched verb type Verse.Verb_ArcSprayIncinerator:TryCastShot
ISMA: Patched verb type Verse.Verb_LaunchProjectile:TryCastShot
ISMA: Patched verb type Verse.Verb_Shoot:TryCastShot
ISMA: Patched verb type Verse.Verb_ShootBeam:TryCastShot
ISMA: Patched verb type Verse.Verb_ShootBeam:TryStartCastOn
ISMA: Patched verb type Verse.Verb_SpewFire:TryCastShot
ISMA: Patched verb type Verse.Verb_Spray:TryCastShot
ISMA: Patched verb type Verse.AI.Verb_CastTargetEffect:TryCastShot
ISMA: Patched verb type RimWorld.Verb_CastAbility:TryCastShot
ISMA: Patched verb type RimWorld.Verb_CastAbility:TryStartCastOn
ISMA: Patched verb type RimWorld.Verb_CastAbilityJump:TryCastShot
ISMA: Patched verb type RimWorld.Verb_BeatFire:TryCastShot
ISMA: Patched verb type RimWorld.Verb_Bombardment:TryCastShot
ISMA: Patched verb type RimWorld.Verb_DeployBroadshield:TryCastShot
ISMA: Patched verb type RimWorld.Verb_DeployToxPack:TryCastShot
ISMA: Patched verb type RimWorld.Verb_DeployDeadlifePack:TryCastShot
ISMA: Patched verb type RimWorld.Verb_FirefoamPop:TryCastShot
ISMA: Patched verb type RimWorld.Verb_Ignite:TryCastShot
ISMA: Patched verb type RimWorld.Verb_Jump:TryCastShot
ISMA: Patched verb type RimWorld.Verb_MechCluster:TryCastShot
ISMA: Patched verb type RimWorld.Verb_MeleeAttack:TryCastShot
ISMA: Patched verb type RimWorld.Verb_PowerBeam:TryCastShot
ISMA: Patched verb type RimWorld.Verb_ShootOneUse:TryCastShot
ISMA: Patched verb type RimWorld.Verb_SmokePop:TryCastShot
ISMA: Patched verb type RimWorld.Verb_Spawn:TryCastShot
ISMA: Patched verb type RimWorldRealFoW.Verb_Look:TryCastShot
ISMA: Patched verb type Fortified.Verb_Deploy:TryCastShot
ISMA: Patched verb type Fortified.Verb_LaunchProjectile_AmmoSwitch:TryStartCastOn
ISMA: Patched verb type Fortified.Verb_Shoot_AmmoSwitch:TryStartCastOn
ISMA: Patched verb type Fortified.Verb_CastAbilityArcSprayProjectile:TryCastShot
ISMA: Patched verb type Fortified.Verb_MeleeSweep:TryStartCastOn
ISMA: Patched verb type Fortified.Verb_MultiShoot:TryCastShot
ISMA: Patched verb type Vehicles.Verb_ShootRealistic:TryCastShot
ISMA: Patched verb type Vehicles.Verb_ShootRecoiled:TryCastShot
ISMA: Patched verb type Vehicles.Verb_ShootWorldRecoiled:TryStartCastOn
ISMA: Patched verb type MVCF.Verbs.Verb_SmokePop:TryCastShot
ISMA: Patched verb type VEF.Weapons.Verb_MakeshiftShoot:TryStartCastOn
ISMA: Patched verb type VEF.Weapons.Verb_Shoot:TryCastShot
ISMA: Patched verb type VEF.Weapons.Verb_ShootWithFlintlockSmoke:TryCastShot
ISMA: Patched verb type VEF.Weapons.Verb_ShootWithSmoke:TryCastShot
ISMA: Patched verb type VEF.Abilities.Verb_CastAbility:TryCastShot
ISMA: Patched verb type VEF.Abilities.Verb_CastAbility:TryStartCastOn
ISMA: Patched verb type DedicatedTurrets.Verb_RampingBeam:TryCastShot
ISMA: Patched verb type DedicatedTurrets.Verb_Vaporiser:TryCastShot
ISMA: Patched verb type DedicatedTurrets.Verb_SludgerSpray:TryCastShot
ISMA: Patched verb type DedicatedTurrets.Verb_Zapper:TryCastShot
ISMA: Patched verb type AbilityUser.Verb_UseAbility:TryCastShot
ISMA: Patched verb type CompDeflector.Verb_Deflected:TryCastShot
ISMA: Patched verb type CompDeflector.Verb_Deflected:TryCastShot_V1Vanilla_Modified
ISMA: Patched verb type RimworldLaserCannon.Verb_ShootEnergyPulse:TryCastShot
ISMA: Patched verb type ModularWeapons2.Verb_AbilityUseUBGL:TryCastShot
ISMA: Patched verb type Ling_Cockroach.Verb_JumpToFace:TryCastShot
ISMA: Patched verb type VFEInsectoids.Verb_CastAbilityJumpUnrestricted:TryCastShot
ISMA: Patched verb type VFEInsectoids.Verb_CastAbilityWideTunnels:TryCastShot
ISMA: Patched verb type VFESecurity.Verb_BurnerFireSpew:TryCastShot
ISMA: Patched verb type VFESecurity.Verb_Dazzle:TryCastShot
ISMA: Patched verb type VFESecurity.Verb_ShootWithWorldTargeting:TryCastShot
ISMA: Patched verb type VanillaGravshipExpanded.Verb_ShootWithSmoke:TryCastShot
ISMA: Patched verb type VanillaGravshipExpanded.Verb_ShootWithWorldTargeting:TryCastShot
ISMA: Patched verb type VanillaQuestsExpandedAncients.Verb_CastAbilityLevitation:TryCastShot
ISMA: Patched verb type VREArchon.Verb_CastAbilityBluntJump:TryCastShot
ISMA: Patched verb type Isopoda_Geneline.Verb_Launch_Nurtrition:TryCastShot
ISMA: Patched verb type Spaceports.Verb_CastCallShuttle:TryCastShot
ISMA: Patched verb type Spaceports.Verb_CastCallShuttleArcho:TryCastShot
ISMA: Patched verb type VFEPirates.Verb_ShieldDetonation:TryCastShot
ISMA: Patched verb type VFEPirates.Verb_DroneDeployment:TryCastShot
ISMA: Patched verb type VFEPirates.Verb_LaunchProjectileStaticMultiple:TryCastShot
ISMA: Patched verb type VanillaVehiclesExpanded.Verb_SmokePop:TryCastShot
ISMA: Patched verb type Lightsaber.Verb_AbilityLaunchProjectile:TryCastShot
ISMA: Patched verb type AthenaPort.Verb_ShootRunningBeam:TryCastShot
ISMA: Patched verb type DeflectorHediff.Verb_Deflected:TryCastShot
ISMA: Patched verb type DeflectorHediff.Verb_Deflected:TryCastShot_V1Vanilla_Modified
ISMA: Patched verb type SelfHediffVerb.Verb_SelfHediff:TryCastShot
ISMA: Patched verb type SelfHediffVerb.Verb_SelfHediff:TryCastShot
ISMA: Patched verb type Verse.Verb:TryStartCastOn
ISMA: Patched verb type Verse.Verb:TryStartCastOn
ISMA: TryCastNextBurstShot Patched verb type Verse.Verb:TryCastNextBurstShot
CAI: attempting LoadIf for zetrith.prepatcher
CAI: <color=green>Load success</color> 'active't<System.Boolean> from 'zetrith.prepatcher'
CAI: attempting LoadIf for dubwise.dubsmintminimap
CAI: <color=green>Load success</color> 'active't<System.Boolean> from 'dubwise.dubsmintminimap'
CAI: <color=green>Load success</color> 'Fogged't<System.Reflection.MethodInfo> from 'dubwise.dubsmintminimap'
CAI: <color=green>Load success</color> 'DrawAllPawns't<System.Reflection.MethodInfo> from 'dubwise.dubsmintminimap'
CAI: attempting LoadIf for smashphil.vehicleframework
CAI: <color=green>Load success</color> 'active't<System.Boolean> from 'smashphil.vehicleframework'
CAI: <color=green>Load success</color> 'Vehicle't<System.Type> from 'smashphil.vehicleframework'
Initialize thinknodes
ISMA: SynthyleneRefiner added to raid targets.
ISMA: NapalmRefiner added to raid targets.
ISMA: SynthreadRefiner added to raid targets.
ISMA: SynthamideRefiner added to raid targets.
ISMA: OilWell added to raid targets.
ISMA: DeepOilWell added to raid targets.
ISMA: OilStorage added to raid targets.
ISMA: WoodFiredGenerator added to raid targets.
ISMA: ChemfuelPoweredGenerator added to raid targets.
ISMA: WindTurbine added to raid targets.
ISMA: Battery added to raid targets.
ISMA: SolarGenerator added to raid targets.
ISMA: GeothermalGenerator added to raid targets.
[AllowTool] Applied compatibility patch for "Pick Up And Haul"
  --> [What's That Mod] Took 1.88 seconds to scan all patches. <--
What's That Mod: Wrote to 27963 mod descriptions, 134 patched defs resolved.
What's That Mod took 1906 milliseconds to generate all def descriptions.
[RimHUD v1.17.5] Prisoner Realism Prisoner Realism is does not contain a version check.
<color=#1c6beb>[FacLoadout]</color> Initializing 1 registered module(s)...
<color=#1c6beb>[FacLoadout]</color> Game comp finalized init, applied 0 presets that affected 0 factions.
[ShipWallEnhanced] FuelBarEnabled is True, drawerType set to MapMeshAndRealTime
<color=#66ffb5>[MeleeAnim]</color> Potential patch conflicts (55):
<color=#66ffb5>[MeleeAnim]</color> 
virtual System.Void Verse.Pawn::DrawGUIOverlay()
Prefixes:
  [com.github.lukakama.rimworldmodrealfow] DrawGUIOverlay_Prefix
  [co.uk.epicguru.meleeanimation] Prefix
  [Krkr.Rule56] Prefix
Transpilers:
Postfixes:

Verse.PreRenderResults Verse.PawnRenderer::ParallelGetPreRenderResults(UnityEngine.Vector3 drawLoc, System.Nullable`1<Verse.Rot4> rotOverride, System.Boolean neverAimWeapon, System.Boolean disableCache)
Prefixes:
  [SmashPhil.VehicleFramework] DisableCachingPawnOverlays
  [OskarPotocki.VEF] Prefix
  [Font.Rimesis] Prefix
  [RedMattis.BetterPrerequisites] Prefix
  [rimworld.Nals.FacialAnimation] PrefixParallelGetPreRenderResults
  [GiddyUp] Prefix
Transpilers:
  [net.pardeike.rimworld.lib.harmony] ParallelGetPreRenderResults_Transpiler
  [rimworld.erdelf.alien_race.main] PostureTranspiler
Postfixes:
  [co.uk.epicguru.meleeanimation] Postfix

static System.Void Verse.PawnRenderUtility::DrawEquipmentAiming(Verse.Thing eq, UnityEngine.Vector3 drawLoc, System.Single aimAngle)
Prefixes:
  [OskarPotocki.VEF] Prefix
  [OskarPotocki.VEF] Prefix
  [OskarPotocki.VEF] DrawEquipmentAimingPrefix
  [VFEPirates.Mod] Prefix
  [ChezhouLib.lib] Prefix
  [Neronix17.TabulaRasa.RimWorld] Prefix
  [co.uk.epicguru.meleeanimation] Prefix
  [Lightsabers_ForceThe] DrawEquipmentAimingPreFix
  [OskarPotocki.VEF] DrawDuplicate
  [Mlie.BetterProjectileOrigin] Prefix
  [rimworld.carnysenpai.enableoversizedweapons] Prefix_Drawloc
  [jecstools.jecrell.comps.installedpart] DrawEquipmentAiming_PreFix
  [jecstools.jecrell.comps.oversized] DrawEquipmentAimingPreFix
  [XMB.AncientMall.MO] Prefix
Transpilers:
Postfixes:
  [jecstools.jecrell.comps.activator] DrawEquipmentAimingPostFix
  [jecstools.jecrell.comps.deflector] DrawEquipmentAimingPostFix
  [kaitorisenkou.ModularWeapons2] Postfix_DrawEquipmentAiming

System.Void Verse.PawnRenderer::RenderPawnAt(UnityEngine.Vector3 drawLoc, System.Nullable`1<Verse.Rot4> rotOverride, System.Boolean neverAimWeapon)
Prefixes:
  [net.pardeike.rimworld.mod.camera+] Prefix
  [co.uk.epicguru.meleeanimation] Prefix
  [vlvop.tormentmaster.expansion] Prefix
  [Krkr.Rule56] Prefix
Transpilers:
Postfixes:
  [co.uk.epicguru.meleeanimation] Postfix
  [Rimworld.Alite.EBSG.main] RenderPawnAtPostfix
  [jecstools.chjees.shields] Patch_PawnRenderer_RenderPawnAt
  [meathax.JobEffects] Postfix

static System.Collections.Generic.List`1<Verse.FloatMenuOption> RimWorld.FloatMenuMakerMap::GetOptions(System.Collections.Generic.List`1<Verse.Pawn> selectedPawns, UnityEngine.Vector3 clickPos, RimWorld.FloatMenuContext& context)
Prefixes:
  [sensiblebedownership.1trickPwnyta] Prefix
Transpilers:
Postfixes:
  [rimtek.patch] Postfix
  [alt4s.visitsettlements] Postfix
  [co.uk.epicguru.meleeanimation] Postfix
  [RedMattis.BetterPrerequisites] Postfix
  [rimtek.giveability] Postfix
  [sensiblebedownership.1trickPwnyta] Postfix
  [amoruch.RimWorldStealingMod] Postfix
  [net.pardeike.rimworld.mods.achtung] Postfix

static System.Void Verse.PawnGenerator::GenerateGearFor(Verse.Pawn pawn, Verse.PawnGenerationRequest request)
Prefixes:
Transpilers:
Postfixes:
  [Mlie.YayosCombat3] Postfix
  [PeteTimesSix.SimpleSidearms] GenerateGearFor
  [co.uk.epicguru.meleeanimation] Postfix
  [jecstools.chjees.shields] Patch_PawnGenerator_GenerateGearFor
  [rimworld.erdelf.alien_race.main] GenerateGearForPostfix

static Verse.Pawn RimWorld.PawnUtility::PawnBlockingPathAt(Verse.IntVec3 c, Verse.Pawn forPawn, System.Boolean actAsIfHadCollideWithPawnsJob, System.Boolean collideOnlyWithStandingPawns, System.Boolean forPathFinder, System.Boolean useId)
Prefixes:
  [co.uk.epicguru.meleeanimation] Prefix
  [co.uk.epicguru.meleeanimation] Prefix
Transpilers:
Postfixes:
  [neku.largepawns] Postfix

virtual System.Boolean RimWorld.Verb_MeleeAttack::TryCastShot()
Prefixes:
  [co.uk.epicguru.meleeanimation] Prefix
  [Krkr.Rule56] Prefix
Transpilers:
Postfixes:
  [PeteTimesSix.SimpleSidearms] TryCastShot
  [Krkr.Rule56] Postfix

System.Boolean Verse.HediffSet::get_HasHead()
Prefixes:
  [co.uk.epicguru.meleeanimation] Prefix
  [rimworld.erdelf.alien_race.main] HasHeadPrefix
Transpilers:
Postfixes:

System.Void Verse.PawnRenderTree::ParallelPreDraw(Verse.PawnDrawParms parms)
Prefixes:
  [co.uk.epicguru.meleeanimation] Prefix
  [astryl.sleepingbuddies] Prefix
Transpilers:
Postfixes:
  [co.uk.epicguru.meleeanimation] Postfix
  [rimworld.Nals.FacialAnimation] PostfixParallelPreDraw

System.Void RimWorld.Pawn_ApparelTracker::Notify_ApparelChanged()
Prefixes:
  [co.uk.epicguru.meleeanimation] Prefix
Transpilers:
Postfixes:
  [Fortified] Postfix
  [costel.layeredapparel] Postfix_NotifyApparelChanged
  [Krkr.Rule56] Postfix

System.Void Verse.Pawn_DrawTracker::Notify_MeleeAttackOn(Verse.Thing Target)
Prefixes:
  [co.uk.epicguru.meleeanimation] Prefix
  [meathax.JobEffects] Prefix
Transpilers:
Postfixes:
<color=#66ffb5>[MeleeAnim]</color> Full patch list:
<color=#66ffb5>[MeleeAnim]</color> 
virtual System.Void Verse.Pawn::DrawGUIOverlay()
Prefixes:
  [com.github.lukakama.rimworldmodrealfow] DrawGUIOverlay_Prefix
  [co.uk.epicguru.meleeanimation] Prefix
  [Krkr.Rule56] Prefix
Transpilers:
Postfixes:

Verse.PreRenderResults Verse.PawnRenderer::ParallelGetPreRenderResults(UnityEngine.Vector3 drawLoc, System.Nullable`1<Verse.Rot4> rotOverride, System.Boolean neverAimWeapon, System.Boolean disableCache)
Prefixes:
  [SmashPhil.VehicleFramework] DisableCachingPawnOverlays
  [OskarPotocki.VEF] Prefix
  [Font.Rimesis] Prefix
  [RedMattis.BetterPrerequisites] Prefix
  [rimworld.Nals.FacialAnimation] PrefixParallelGetPreRenderResults
  [GiddyUp] Prefix
Transpilers:
  [net.pardeike.rimworld.lib.harmony] ParallelGetPreRenderResults_Transpiler
  [rimworld.erdelf.alien_race.main] PostureTranspiler
Postfixes:
  [co.uk.epicguru.meleeanimation] Postfix

static System.Void Verse.PawnRenderUtility::DrawEquipmentAiming(Verse.Thing eq, UnityEngine.Vector3 drawLoc, System.Single aimAngle)
Prefixes:
  [OskarPotocki.VEF] Prefix
  [OskarPotocki.VEF] Prefix
  [OskarPotocki.VEF] DrawEquipmentAimingPrefix
  [VFEPirates.Mod] Prefix
  [ChezhouLib.lib] Prefix
  [Neronix17.TabulaRasa.RimWorld] Prefix
  [co.uk.epicguru.meleeanimation] Prefix
  [Lightsabers_ForceThe] DrawEquipmentAimingPreFix
  [OskarPotocki.VEF] DrawDuplicate
  [Mlie.BetterProjectileOrigin] Prefix
  [rimworld.carnysenpai.enableoversizedweapons] Prefix_Drawloc
  [jecstools.jecrell.comps.installedpart] DrawEquipmentAiming_PreFix
  [jecstools.jecrell.comps.oversized] DrawEquipmentAimingPreFix
  [XMB.AncientMall.MO] Prefix
Transpilers:
Postfixes:
  [jecstools.jecrell.comps.activator] DrawEquipmentAimingPostFix
  [jecstools.jecrell.comps.deflector] DrawEquipmentAimingPostFix
  [kaitorisenkou.ModularWeapons2] Postfix_DrawEquipmentAiming

System.Void Verse.PawnRenderer::RenderPawnAt(UnityEngine.Vector3 drawLoc, System.Nullable`1<Verse.Rot4> rotOverride, System.Boolean neverAimWeapon)
Prefixes:
  [net.pardeike.rimworld.mod.camera+] Prefix
  [co.uk.epicguru.meleeanimation] Prefix
  [vlvop.tormentmaster.expansion] Prefix
  [Krkr.Rule56] Prefix
Transpilers:
Postfixes:
  [co.uk.epicguru.meleeanimation] Postfix
  [Rimworld.Alite.EBSG.main] RenderPawnAtPostfix
  [jecstools.chjees.shields] Patch_PawnRenderer_RenderPawnAt
  [meathax.JobEffects] Postfix

static System.Collections.Generic.List`1<Verse.FloatMenuOption> RimWorld.FloatMenuMakerMap::GetOptions(System.Collections.Generic.List`1<Verse.Pawn> selectedPawns, UnityEngine.Vector3 clickPos, RimWorld.FloatMenuContext& context)
Prefixes:
  [sensiblebedownership.1trickPwnyta] Prefix
Transpilers:
Postfixes:
  [rimtek.patch] Postfix
  [alt4s.visitsettlements] Postfix
  [co.uk.epicguru.meleeanimation] Postfix
  [RedMattis.BetterPrerequisites] Postfix
  [rimtek.giveability] Postfix
  [sensiblebedownership.1trickPwnyta] Postfix
  [amoruch.RimWorldStealingMod] Postfix
  [net.pardeike.rimworld.mods.achtung] Postfix

static System.Void Verse.PawnGenerator::GenerateGearFor(Verse.Pawn pawn, Verse.PawnGenerationRequest request)
Prefixes:
Transpilers:
Postfixes:
  [Mlie.YayosCombat3] Postfix
  [PeteTimesSix.SimpleSidearms] GenerateGearFor
  [co.uk.epicguru.meleeanimation] Postfix
  [jecstools.chjees.shields] Patch_PawnGenerator_GenerateGearFor
  [rimworld.erdelf.alien_race.main] GenerateGearForPostfix

static Verse.Pawn RimWorld.PawnUtility::PawnBlockingPathAt(Verse.IntVec3 c, Verse.Pawn forPawn, System.Boolean actAsIfHadCollideWithPawnsJob, System.Boolean collideOnlyWithStandingPawns, System.Boolean forPathFinder, System.Boolean useId)
Prefixes:
  [co.uk.epicguru.meleeanimation] Prefix
  [co.uk.epicguru.meleeanimation] Prefix
Transpilers:
Postfixes:
  [neku.largepawns] Postfix

virtual System.Boolean RimWorld.Verb_MeleeAttack::TryCastShot()
Prefixes:
  [co.uk.epicguru.meleeanimation] Prefix
  [Krkr.Rule56] Prefix
Transpilers:
Postfixes:
  [PeteTimesSix.SimpleSidearms] TryCastShot
  [Krkr.Rule56] Postfix

System.Void RimWorld.Building_ProximityDetector::RunDetection()
Prefixes:
  [co.uk.epicguru.meleeanimation] Prefix
Transpilers:
Postfixes:
  [co.uk.epicguru.meleeanimation] Postfix

System.Boolean Verse.HediffSet::get_HasHead()
Prefixes:
  [co.uk.epicguru.meleeanimation] Prefix
  [rimworld.erdelf.alien_race.main] HasHeadPrefix
Transpilers:
Postfixes:

static System.Boolean RimWorld.InvisibilityUtility::IsPsychologicallyInvisible(Verse.Pawn pawn)
Prefixes:
  [co.uk.epicguru.meleeanimation] Prefix
Transpilers:
Postfixes:

System.Void Verse.PawnRenderer::DrawShadowInternal(UnityEngine.Vector3 drawLoc)
Prefixes:
  [co.uk.epicguru.meleeanimation] Prefix
Transpilers:
Postfixes:

System.Void Verse.PawnRenderer::ParallelPreRenderPawnAt(UnityEngine.Vector3 drawLoc, System.Nullable`1<Verse.Rot4> rotOverride, System.Boolean neverAimWeapon)
Prefixes:
  [co.uk.epicguru.meleeanimation] Prefix
Transpilers:
Postfixes:

System.Void Verse.PawnRenderTree::ParallelPreDraw(Verse.PawnDrawParms parms)
Prefixes:
  [co.uk.epicguru.meleeanimation] Prefix
  [astryl.sleepingbuddies] Prefix
Transpilers:
Postfixes:
  [co.uk.epicguru.meleeanimation] Postfix
  [rimworld.Nals.FacialAnimation] PostfixParallelPreDraw

System.Void RimWorld.Pawn_ApparelTracker::Notify_ApparelChanged()
Prefixes:
  [co.uk.epicguru.meleeanimation] Prefix
Transpilers:
Postfixes:
  [Fortified] Postfix
  [costel.layeredapparel] Postfix_NotifyApparelChanged
  [Krkr.Rule56] Postfix

System.Void Verse.Pawn_DrawTracker::Notify_MeleeAttackOn(Verse.Thing Target)
Prefixes:
  [co.uk.epicguru.meleeanimation] Prefix
  [meathax.JobEffects] Prefix
Transpilers:
Postfixes:

Verse.BattleLogEntry_MeleeCombat RimWorld.Verb_MeleeAttack::CreateCombatLog(System.Func`2<Verse.ManeuverDef, Verse.RulePackDef> rulePackGetter, System.Boolean alwaysShow)
Prefixes:
  [co.uk.epicguru.meleeanimation] Prefix
Transpilers:
Postfixes:

virtual System.Void PerformanceOptimizer.Optimization_PawnUtility_IsInvisible::DoPatches()
Prefixes:
  [co.uk.epicguru.meleeanimation] Prefix
Transpilers:
Postfixes:

virtual System.Void PerformanceOptimizer.Optimization_RefreshRate::DrawSettings(Verse.Listing_Standard section)
Prefixes:
  [co.uk.epicguru.meleeanimation] Prefix
Transpilers:
Postfixes:
Unloading 2 Unused Serialized files (Serialized files now loaded: 50)
<color=#66ffb5>[MeleeAnim]</color> PreCached all retexture info in 5844.2ms
<color=#66ffb5>[MeleeAnim]</color> Loaded tweak data for 97 weapons.
<color=#66ffb5>[MeleeAnim]</color> elsov.beliar 'Beliar Xenotype' has 1 missing weapon tweak data.
<color=#66ffb5>[MeleeAnim]</color> van.beasts 'Dark Ages : Beasts and Monsters' has 2 missing weapon tweak data.
<color=#66ffb5>[MeleeAnim]</color> det.keshig 'Det's Xenotypes - Keshig' has 3 missing weapon tweak data.
<color=#66ffb5>[MeleeAnim]</color> det.epochspyrinth 'Epochs - Pyrinth' has 1 missing weapon tweak data.
<color=#66ffb5>[MeleeAnim]</color> elsov.highborn 'Highborn Xenotype' has 1 missing weapon tweak data.
<color=#66ffb5>[MeleeAnim]</color> mlie.horrors 'Horrors (Continued)' has 1 missing weapon tweak data.
<color=#66ffb5>[MeleeAnim]</color> sihv.rombonesport 'Rim of Madness - Bones Unofficial Fix' has 1 missing weapon tweak data.
<color=#66ffb5>[MeleeAnim]</color> mlie.starwarsanimalcollection 'Star Wars Animal Collection (Continued)' has 11 missing weapon tweak data.
<color=#66ffb5>[MeleeAnim]</color> mandrake.rsw.swbestiary 'RimMandrake: SW — Bestiary' has 7 missing weapon tweak data.
<color=#66ffb5>[MeleeAnim]</color> jellypowered.survivaltools 'Survival Tools Reborn' has 22 missing weapon tweak data.
<color=#66ffb5>[MeleeAnim]</color> ludeon.rimworld 'Core' has 2 missing weapon tweak data.
<color=#66ffb5>[MeleeAnim]</color> vanillaquestsexpanded.ancients 'Vanilla Quests Expanded - Ancients' has 1 missing weapon tweak data.
<color=#66ffb5>[MeleeAnim]</color> vanillaquestsexpanded.cryptoforge 'Vanilla Quests Expanded - Cryptoforge' has 1 missing weapon tweak data.
<color=#66ffb5>[MeleeAnim]</color> mlie.dungeonpack 'Dungeon Pack (Continued)' has 1 missing weapon tweak data.
<color=#66ffb5>[MeleeAnim]</color> als.gravtech 'GravTech' has 2 missing weapon tweak data.
<color=#66ffb5>[MeleeAnim]</color> biomesteam.biomescaverns 'Biomes! Caverns' has 1 missing weapon tweak data.
<color=#66ffb5>[MeleeAnim]</color> mandrake.rut.rotsporekit 'RimUtinni: Rot Spore Kit' has 3 missing weapon tweak data.
<color=#66ffb5>[MeleeAnim]</color> biomesteam.biomespollutedlands 'Biomes! Polluted Lands' has 3 missing weapon tweak data.
<color=#66ffb5>[MeleeAnim]</color> lee.theforce.lightsaber 'Star Wars : The Force - Lightsaber' has 5 missing weapon tweak data.
<color=#66ffb5>[MeleeAnim]</color> mandrake.rsw.armoury 'Jawa Armoury Rebalance' has 40 missing weapon tweak data.
<color=#66ffb5>[MeleeAnim]</color> Skipping reporting of missing mod/weapons because user opted out or the feature is disabled by the developer.
<color=#66ffb5>[MeleeAnim]</color> Successfully patched VBE with custom background renderer.
<color=#66ffb5>[MeleeAnim]</color> Patched 3 classes that directly inherit from Verb_MeleeAttack in 787.8 ms to detect hits:
RimWorld.Verb_MeleeApplyHediff from Assembly-CSharp
RimWorld.Verb_MeleeAttackDamage from Assembly-CSharp
Fortified.Verb_MeleeSweep from Fortified
<color=#66ffb5>[MeleeAnim]</color> Found 181 items of clothing that cover hands, took 1.70 ms:
DV_Handwear_KnuckleDusters (Knuckle dusters),
Jewelry_Bracelet (Bracelet),
Jewelry_Ring (Ring),
Jewelry_EltexBracelet (Eltex bracelet),
Jewelry_EltexRing (Eltex ring),
VAE_Handwear_Gloves (Gloves),
RotR_LongingRing (Longing ring),
RotR_StardustBracelet (Stardust bracelet),
VFEP_WarcasketShoulders_Warcasket (Warcasket shoulders),
VFEP_WarcasketShoulders_Marine (Marine warcasket shoulders),
VFEP_WarcasketShoulders_Recon (Recon warcasket shoulders),
VFEP_WarcasketShoulders_Cataphract (Cataphract warcasket shoulders),
VFEP_WarcasketShoulders_Aerial (Aerial warcasket shoulders),
VFEP_WarcasketShoulders_Barrage (Barrage warcasket shoulders),
VFEP_WarcasketShoulders_Hazard (Hazard warcasket shoulders),
VFEP_WarcasketShoulders_Shock (Shock warcasket shoulders),
VFEP_WarcasketShoulders_Siegebreaker (Siegebreaker warcasket shoulders),
VFEP_WarcasketShoulders_Guardian (Guardian warcasket shoulders),
VFEP_WarcasketShoulders_Controller (Controller warcasket shoulders),
VFEP_WarcasketShoulders_Sarcophagus (Sarcophagus warcasket shoulders),
VFEP_WarcasketShoulders_Brute (Brute warcasket shoulders),
WarcasketShoulders_Sentinel (Sentinel shoulders),
WarcasketShoulders_GuardianX (Guardian shoulders),
WarcasketShoulders_Tyrant (Tyrant shoulders),
WarcasketShoulders_Centurion (Centurion shoulders),
OuterRim_Bodysuit (Durafiber bodysuit),
OuterRim_BonePauldrons (Bone pauldrons),
OuterRim_CasualClothing (Casual clothing),
OuterRim_ChitinPauldrons (Chitin pauldrons),
OuterRim_Cloak (Cloak),
OuterRim_CompositePauldrons (Composite pauldrons),
OuterRim_DesertGarb (Desert garb),
OuterRim_HermitTunic (Hermit tunic),
OuterRim_PaddedPauldrons (Padded pauldrons),
OuterRim_Poncho (Poncho),
OuterRim_ScrapperWorksuit (Scrapper worksuit),
OuterRim_ImperialArmyPauldrons (Imperial army pauldrons),
OuterRim_ImperialArmyUniform (Imperial army uniform),
OuterRim_ImperialCadetUniform (Imperial cadet uniform),
OuterRim_DeathTrooperPauldrons (Death trooper pauldrons),
OuterRim_ImperialJumpsuit (Imperial jumpsuit),
OuterRim_ImperialOfficerUniform (Imperial officer uniform),
OuterRim_ImperialOfficerUniform_Black (Imperial officer uniform (black)),
OuterRim_ImperialOfficerUniform_White (Imperial officer uniform (white)),
OuterRim_RangeTrooperPauldrons (Range trooper pauldrons),
OuterRim_ScoutTrooperPauldrons (Scout trooper pauldrons),
OuterRim_SnowtrooperPauldrons (Snowtrooper pauldrons (pride)),
OuterRim_StormtrooperPauldrons (Stormtrooper pauldrons),
OuterRim_StormtrooperPauldrons_Enlisted (Stormtrooper pauldrons (black)),
OuterRim_StormtrooperPauldrons_Sergeant (Stormtrooper pauldrons (white)),
OuterRim_StormtrooperPauldrons_Artillery (Stormtrooper pauldrons (yellow)),
OuterRim_StormtrooperPauldrons_Officer (Stormtrooper pauldrons (orange)),
OuterRim_StormtrooperPauldrons_Commander (Stormtrooper pauldrons (red)),
OuterRim_StormtrooperPauldrons_Pride (Stormtrooper pauldrons (pride)),
OuterRim_RebelOfficerJacket (Rebel officer jacket),
OuterRim_RebelFleetTrooperUniform (Rebel fleet trooper uniform),
OuterRim_RebelForestFatigues (Rebel forest fatigues),
OuterRim_RebelForestJacket (Rebel forest jacket),
OuterRim_RebelForestPoncho (Rebel forest poncho),
OuterRim_RebelOfficerUniform (Rebel officer uniform),
_guy762_DevTool_BodyHider (The magic cloak of body hiding),
GS_SandP_Body (Sandpeople wraps),
guy762_Clothing_scum (Clothing, rustic),
guy762_Clothing_scumII (Clothing, rugged),
guy762_Clothing_scumIII (Clothing, rural),
guy762_Clothing_civilian (Clothing, plain),
guy762_Clothing_rebel (Clothing, plain),
guy762_Clothing_smuggler (Clothing, loose),
guy762_Clothing_trendy (Clothing, trendy),
guy762_Clothing_cosmopolitan (Clothing, cosmopolitan),
guy762_Clothing_light (Clothing, light),
guy762_Clothing_RebelCamo (Clothing, fatigues),
guy762_Clothing_RebelCamoII (Clothing, fatigues),
guy762_GenericUniform_fatigues (Uniform, fatigues),
guy762_Bodysuit_Dyeable (Bodysuit, fatigues),
guy762_Bodysuit_striped (Bodysuit, striped fatigues),
guy762_Bodysuit (Bodysuit, vac-sealed),
guy762_Clothing_gamorrean (Gamorrean leathers),
guy762_Robes_gand (Robes, armored),
guy762_Robes_jawa (Robes, rustic),
guy762_Robes_tusken (Robes, rugged),
guy762_Robes_zuckuss (Robes, heavy),
guy762_Robes_onderon (Robes, wayfarer's),
guy762_armband_cortosis (Cortosis gauntlet),
guy762_glove_insulated (Insulated gloves),
guy762_glove_karakan (Karakan gauntlets),
guy762_glove_gamorrean (Gamorrean Wargloves),
guy762_glove_accuracy (Accuracy gloves),
guy762_glove_nagai (Nagai combat gloves),
guy762_glove_eriadu (Eriadu strength amplifier),
guy762_glove_sith (Sith power gauntlets),
guy762_glove_jalshey (Jal Shey perception gloves),
guy762_glove_zeisonsha (Zeison Sha gloves),
guy762_glove_stabilizer (Stabilizer gauntlets),
guy762_glove_infiltrator (Infiltrator gloves),
guy762_glove_detonator (Detonator gloves),
guy762_glove_automation (Automation gloves),
guy762_glove_programmer (Programmer gloves),
guy762_glove_dominator (Dominator gauntlets),
guy762_glove_automation_adv (Improved automation gloves),
guy762_glove_bothan (Bothan precision gloves),
guy762_RevanRobes (Darth Revan's Armor),
guy762_NihilusRobes (Darth Nihilus' Robes),
guy762_StarForgeRobes (Star Forge Robes),
guy762_KreiaRobes_DarthTraya (Darth Traya's Robes),
guy762_ExarKunArmor (Exar Kun's light battle suit),
guy762_MalgusArmor (Darth Malgus' powered battle armor),
guy762_HvyArmor (Heavy battle armor),
guy762_HvyArmor_echani (Echani Heavy Armor),
guy762_HvyArmor_durasteel (Durasteel Heavy Armor),
guy762_HvyArmor_flex (Flex Heavy Armor),
guy762_HvyArmor_matrix (Matrix Armor),
guy762_LgtBattleArmor (Light battle armor),
guy762_LgtBattleArmor_bronzium (Bronzium light battle armor),
guy762_LgtBattleArmor_power (Powered light battle armor),
guy762_LgtBattleArmor_krath (Krath Heavy Armor),
guy762_LgtBattleArmor_electromesh (Electromesh Armor),
guy762_MidBattleArmor (Battle armor),
guy762_MidBattleArmor_powered (Powered battle armor),
guy762_MidBattleArmor_cinnagar (Cinnagar Plate Armor),
guy762_MidBattleArmor_corellian (Corellian Powersuit),
guy762_MidBattleArmor_verpine (Verpine Zal Alloy Mesh),
guy762_Bodysuit_czerka (Czerka laborer worksuit),
guy762_Clothing_czerka (Czerka employee uniform),
guy762_Clothing_czerkaofficer (Czerka officer uniform),
guy762_LgtBattleArmor_TSL (Czerka Enforcer Armor),
guy762_JediTunic_light (Jedi tunic, light),
guy762_JediTunic_simple (Jedi tunic, simple),
guy762_JediTunic_formal (Jedi tunic, formal),
guy762_JediTunic_trad (Jedi tunic, traditional),
guy762_JediTunic_lightOld (Jedi tunic, plain),
guy762_MidBattleArmor_mando (Mandalorian Recon Armor),
guy762_MandoArmor_battle (Mandalorian Battle Armor),
guy762_MandoArmor_assault (Mandalorian Assault Armor),
guy762_MandoArmor_supercom (Mandalorian Supercommando Armor),
guy762_RepUniform_ensign (Republic uniform),
guy762_RepUniform_officer (Republic Officer uniform),
guy762_RepArmor_TSF (Civic Security Armor),
guy762_RepArmor_trooper (Republic Mod Armor),
guy762_HvyArmor_repcom (Republic Commando Powered Armor),
guy762_HvyArmor_gamorrean (M'uhk'gfa),
guy762_SithTunic_apprentice (Sith Apprentice tunic),
guy762_SithTunic_assassin (Sith Assassin tunic),
guy762_SithTunic_warrior (Sith Warrior tunic),
guy762_SithArmor_marauder (Sith Marauder armor (polished)),
guy762_SithArmor_colormarauder (Sith Marauder armor),
guy762_SithUniform_ensign (Sith uniform),
guy762_SithUniform_officer (Sith Officer uniform),
guy762_SithArmor_trooper (Sith Trooper Armor (polished)),
guy762_SithArmor_colortrooper (Sith Trooper Armor),
guy762_SithArmor_commando (Sith Commando Armor (polished)),
guy762_SithArmor_colorcommando (Sith Commando Armor),
guy762_VisasRobes (Visas' robes),
guy762_JoleeTunic (Jolee's Tunic),
guy762_BastilaTunic (Bastila's Tunic),
guy762_JuhaniTunic (Juhani's Tunic),
guy762_glove_survival (Taris survival gloves),
guy762_glove_defense (Czerka defensive gauntlets),
guy762_glove_exchange (Exchange work gloves),
RSW_DW_Module_DroidArmorHvy (Class III droid armor),
RSW_DW_Module_DroidArmorHvy_env (Class III droid environmental plating),
RSW_DW_Module_DroidArmorHvy_desh (Class III droid Desh plating),
RSW_DW_Module_DroidArmorHvy_czerka (Class III Czerka droid armor),
RSW_DW_Module_DroidArmorHvy_impact (Class III droid impact armor),
RSW_DW_Module_DroidArmorHvy_composite (Class III droid composite heavy plating),
RSW_DW_Module_DroidArmorHvy_diatium (Class III droid Diatium armor),
RSW_DW_Module_DroidArmorLte (Class I droid armor),
RSW_DW_Module_DroidArmorLte_env (Class I droid environmental plating),
RSW_DW_Module_DroidArmorLte_desh (Class I droid Desh plating),
RSW_DW_Module_DroidArmorLte_czerka (Class I Czerka droid armor),
RSW_DW_Module_DroidArmorLte_impact (Class I droid impact armor),
RSW_DW_Module_DroidArmorLte_composite (Class I droid composite heavy plating),
RSW_DW_Module_DroidArmorLte_agrinium (Class I droid Agrinium armor),
RSW_DW_Module_DroidArmorMid (Class II droid armor),
RSW_DW_Module_DroidArmorMid_env (Class II droid environmental plating),
RSW_DW_Module_DroidArmorMid_desh (Class II droid Desh plating),
RSW_DW_Module_DroidArmorMid_czerka (Class II Czerka droid armor),
RSW_DW_Module_DroidArmorMid_impact (Class II droid impact armor),
RSW_DW_Module_DroidArmorMid_composite (Class II droid composite heavy plating),
RSW_DW_Module_DroidArmorMid_quadranium (Class II droid Quadranium armor),
VFEP_Warcasket_Shoulders_MechController (Mech master warcasket shoulders)
Unloading 5297 unused Assets to reduce memory usage. Loaded Objects now: 145204.
Total: 1340.529400 ms (FindLiveObjects: 10.639700 ms CreateObjectMapping: 6.649600 ms MarkObjects: 1319.480800 ms  DeleteObjects: 3.758800 ms)

Unloading 1 Unused Serialized files (Serialized files now loaded: 50)
Unloading 0 unused Assets to reduce memory usage. Loaded Objects now: 145204.
Total: 1463.229400 ms (FindLiveObjects: 5.232400 ms CreateObjectMapping: 7.084900 ms MarkObjects: 1450.736800 ms  DeleteObjects: 0.174700 ms)

Unloading 0 Unused Serialized files (Serialized files now loaded: 50)
[HugsLib] initializing StackableChunks
[StackableChunks] Chunk Stacks set too: 15
[StackableChunks] Slag Stacks set too: 15
Unloading 0 unused Assets to reduce memory usage. Loaded Objects now: 145204.
Total: 1336.283500 ms (FindLiveObjects: 5.354400 ms CreateObjectMapping: 6.581300 ms MarkObjects: 1324.168600 ms  DeleteObjects: 0.178900 ms)

Unloading 0 Unused Serialized files (Serialized files now loaded: 50)
Unloading 0 unused Assets to reduce memory usage. Loaded Objects now: 145204.
Total: 1392.543200 ms (FindLiveObjects: 5.134200 ms CreateObjectMapping: 5.676500 ms MarkObjects: 1381.568100 ms  DeleteObjects: 0.163900 ms)

Unloading 0 Unused Serialized files (Serialized files now loaded: 50)
Unloading 0 unused Assets to reduce memory usage. Loaded Objects now: 145204.
Total: 1357.979700 ms (FindLiveObjects: 5.083500 ms CreateObjectMapping: 5.712100 ms MarkObjects: 1346.989300 ms  DeleteObjects: 0.194400 ms)

Unloading 0 Unused Serialized files (Serialized files now loaded: 50)
Unloading 0 unused Assets to reduce memory usage. Loaded Objects now: 145204.
Total: 1390.124000 ms (FindLiveObjects: 5.895000 ms CreateObjectMapping: 6.451500 ms MarkObjects: 1377.602100 ms  DeleteObjects: 0.174900 ms)

[RimBridge] Startup conditions satisfied after play-data load; initializing bridge services.
[RimBridge] Applied 6 late virtual-input patch classes.
[RimBridge] STARTUP_TIMING phase=late-input-patches durationMs=33 elapsedMs=1002959
[RimBridge] STARTUP_TIMING phase=capabilities.initialize durationMs=1352 elapsedMs=1004312
[RimBridge] STARTUP_TIMING phase=logs.initialize durationMs=1 elapsedMs=1004313
[RimBridge] STARTUP_TIMING phase=application.run-in-background durationMs=0 elapsedMs=1004315
[RimBridge] STARTUP_TIMING phase=debug.playback-defaults durationMs=0 elapsedMs=1004315
[RimBridge] STARTUP_TIMING phase=tools.construct durationMs=0 elapsedMs=1004315
[RimBridge] STARTUP_TIMING phase=gabp.builder.configure durationMs=0 elapsedMs=1004316
[RimBridge] STARTUP_TIMING phase=gabp.server.build durationMs=1 elapsedMs=1004317
[RimBridge] STARTUP_TIMING phase=tools.register-core durationMs=3 elapsedMs=1004320
[RimBridge] STARTUP_TIMING phase=tools.register-extensions durationMs=1 elapsedMs=1004321
[RimBridge] STARTUP_TIMING phase=event-relay.initialize durationMs=0 elapsedMs=1004321
[RimBridge] STARTUP_TIMING phase=attention.initialize durationMs=1 elapsedMs=1004324
[RimBridge] STARTUP_TIMING phase=gabp.server.start-submit durationMs=12 elapsedMs=1004337
[RimBridge] STARTUP_TIMING phase=bridge-start.total durationMs=1378 elapsedMs=1004338
[RimBridge] STARTUP_TIMING phase=gabp.server.start-async durationMs=12 elapsedMs=1004337
[RimBridge] GABP server running standalone on port 5174
[RimBridge] Bridge token: 910be4a586c84805939d8dad498178e2
CE is trying to create default parameter lists ...
creating default parameter list for genes...
3908 default entities for genes created
creating default parameter list for objects...
12886 default entities for objects created
creating default parameter list for turrets...
125 default entities for turrets created
...lists created
CE is trying to apply modified parameters...
no modifications for genes
no modifications for objects
no modifications for lifestages
...done
[ShowMeYourHands]: Defined hand definitions of 749 weapons
[ShowMeYourHands]: Defined hand definitions of 749 weapons
null texture passed to GUI.DrawTexture
null texture passed to GUI.DrawTexture
null texture passed to GUI.DrawTexture
null texture passed to GUI.DrawTexture
null texture passed to GUI.DrawTexture
null texture passed to GUI.DrawTexture
Unloading 3 Unused Serialized files (Serialized files now loaded: 50)
[PhysX] Initialized MultithreadedTaskDispatcher with 14 workers.
UnloadTime: 0.496500 ms
FileNotFoundException: Cannot resolve dependency to assembly 'UnityEngine.InputLegacyModule, Version=0.0.0.0, Culture=neutral, PublicKeyToken=null' because it has not been preloaded. When using the ReflectionOnly APIs, dependent assemblies must be pre-loaded or loaded on demand through the ReflectionOnlyAssemblyResolve event.


[YayoCombat] Applying Def patches.
[YayoCombat] Removing ammo recipes. Found 18 ammo recipes.
Unloading 206 unused Assets to reduce memory usage. Loaded Objects now: 145696.
Total: 1410.150000 ms (FindLiveObjects: 12.907300 ms CreateObjectMapping: 5.558100 ms MarkObjects: 1391.284600 ms  DeleteObjects: 0.399700 ms)

Loading game from file CANONICAL_ASHKARR_START_2026-09-12 with mods:
  - zetrith.prepatcher
  - brrainz.harmony
  - mandrake.rm.loadtracer
  - aleksey.betterstacktraces
  - Ludeon.RimWorld
  - Ludeon.RimWorld.Royalty
  - Ludeon.RimWorld.Ideology
  - Ludeon.RimWorld.Biotech
  - Ludeon.RimWorld.Anomaly
  - Ludeon.RimWorld.Odyssey
  - Krkr.rule56
  - Mlie.NWNRealFogOfWar
  - Owlchemist.CherryPicker
  - AOBA.Framework
  - vanillaexpanded.backgrounds
  - thesepeople.RitualAttachableOutcomes
  - adaptive.storage.framework
  - RedMattis.BetterPrerequisites
  - SmashPhil.VehicleFramework
  - imranfish.xmlextensions
  - UnlimitedHugs.HugsLib
  - OskarPotocki.VanillaFactionsExpanded.Core
  - EBSG.Framework
  - 04.23.2020
  - AP.huntingmeme
  - Dizzy.CandlesandMeditation
  - HMC.Wall.Furniture
  - jm.disstynan
  - zal.calltradeships
  - lc.tammybee.selectablesculpturegraphic
  - mingtuwuxiang.SpaceBaseDecorative
  - Nals.FacialAnimation
  - Mlie.RFRumorHasIt
  - RH2.CPERS.Arrest.Here
  - CP.Uncle.Boris.Used.Furniture
  - sbz.NeatStorageFridge
  - sbz.GravshipStorage
  - SR.ModRimworld.FactionalWarContinued
  - Mlie.SYRMoreSlaves
  - zav.glowstoneForked
  - ArmoredAmpharos.fancyrats
  - Adaptive.Ideology.Storage
  - Adaptive.PrimitiveStorage
  - Adaptive.SimpleStorage
  - Mlie.AdvancedBiomes
  - Ali.GrowOdysseyPlants
  - 7f.alienworlds
  - AndrewRaphaelLukasik.AllowDeadAnimals
  - UnlimitedHugs.AllowTool
  - duz.almosttherefork
  - sarg.alphabiomes
  - sarg.alphamechs
  - Sarg.AlphaMemes
  - swablu.ambience
  - Vita.CampDangers
  - XMB.AncientMiningIndustry.MO
  - Aqued.DredgeAberrations
  - ASP.HalituisAmaricanous
  - kshtantrumsounds.Mod
  - automatic.autolinks
  - Fuu.AutoStripOnHaul
  - Mlie.BeastsoftheRim
  - ElSov.Beliar
  - io.github.Relvl.Rimworld.BestApparel
  - Ionfrigate12345.Coolandgoodambush
  - Mlie.BetterBeggars
  - nephlite.advexplosions
  - Arkymn.BetterGrowthMoments
  - zal.betterinfestations
  - Madeline.ModMismatchFormatter
  - Mlie.BetterProjectileOrigin
  - JM.betterTraders
  - ChaoticEnrico.BetterTrees
  - falconne.BWM
  - RedMattis.BiggerGravship
  - Kopp.BiomeCompatibilityProject
  - BiomesTeam.BiomesFossils
  - BiomesTeam.CoreFramework
  - zal.biomeskit
  - Fuu.BloodAnimations
  - bs.mbifvte
  - GulMadred.BreedingRitual
  - Memegoddess.BuildFromInventory
  - 8Z.CallForIntel
  - brrainz.cameraplus
  - iforgotmysocks.CaravanAdventures
  - kapitanoczywisty.changemapedge
  - void.charactereditor
  - heatherathebyne.childrenlearnoncaravan
  - kearril.ChooseWhereToLand
  - kikohi.ColoredDeepResources
  - PeteTimesSix.CompactHediffs
  - com.makeitso.configurabletechprints
  - CozyFire.Velcroboy333
  - heatherathebyne.craftingspotslavegear
  - Thumb.BetterCremation
  - Greg.CustomGasTypes
  - HaiLuan.CustomQuestFramework
  - costel.CustomRoomNames
  - DimonSever000.IdeologyVirtues
  - East.DancePartyCustomMusic
  - Van.Beasts
  - Van.DACrypts
  - DarkestDungeon.IncidentSounds
  - Troopersmith1.DeathRattle
  - Mlie.DecorativeCliffs
  - clown.dedicatedturrets
  - GonDragon.DefensivePositions
  - Merthsoft.DesignatorShapes
  - Milkwater.DestinyMod
  - Garwel.DestroyItem
  - det.avaloi
  - det.boglegs
  - det.brawnum
  - det.buzzers
  - det.keshig
  - det.venators
  - cometopapa.deteriorated
  - Lornath.DiseaseImmunityProgressTracker
  - jecrell.doorsexpanded
  - Dubwise.DubsPaintShop
  - Dubwise.DubsBadHygiene.Thirst
  - Dubwise.DubsBadHygiene.Lite
  - Dubwise.DubsMintMenus
  - dubwise.dubsmintminimap
  - Dubwise.DubsRimkit
  - blues.forge
  - YourName.Effigys.Mod
  - CarnySenpai.EnableOversizedWeapons
  - nep.enginesunlimited
  - det.epochsincense
  - det.epochspyrinth
  - Keshash.ExtraExplosionEffects
  - EoralMilk.FaceAddonFramework
  - azravos.factioncustomizer
  - Mlie.FactionRaidCooldown
  - kosaro.fahrenheitandcelsius
  - tyrannidae.fancyratsplus
  - realify.firefoam
  - kathanon.FloatSubMenu
  - temeez.floorlights2
  - Aoba.Fortress.Neolithic
  - m00nl1ght.GeologicalLandforms
  - MemeGoddess.GiddyUp
  - lts.GEG
  - Albion.GoExplore
  - Arcjc007.GravshipCrashes
  - Arcjc007.GravshipExporter
  - sk.gravshipraids
  - imagitama.rimworldgravshiprangeonmap
  - GRimTerra.Biomesmod
  - GRimTerra.TerrainRetexturemod
  - Arti.Shrinez
  - Ael.Tua.HelmetsAddToxResistance
  - ElSov.Highborn
  - Mlie.Horrors
  - hazN.huntingtraps
  - HaiLuan.IWBB
  - amegakull.SCVRole
  - kxp.IdeoSymbolsAsIdeograms
  - llunak.MorePrecepts
  - AgentBlac.MakePawnsPrisoners
  - Mlie.IncidentDisabler
  - Koth.ISiD
  - gravtide.mod
  - mandrake.rm.injections
  - mandrake.rsw.injections
  - mandrake.rm.ninefold
  - mandrake.rm.aftermath
  - mandrake.rm.visibility
  - mandrake.rm.graffiti
  - mandrake.rm.sacredgraffiti
  - mandrake.rm.inhabited
  - mandrake.rut.inhabited
  - Haecriver.InjuredCarry
  - ferny.EasyCaravanFormation
  - Turnovus.Biotech.IntegratedGenes
  - Jaxe.Bubbles
  - Mlie.InteractionAreaSettings
  - GlitchGoblin.InvisibleConduitCont
  - zal.ionweaponry
  - mandrake.rut.plantgrowth
  - mandrake.rsw.jawarules
  - jecrell.jecstools
  - kikohi.jewelry
  - Mlie.JurassicRimworldDinosaursOnly
  - nep.landonanything
  - Timuttie.JustLeaveAlready.fork.mitasamodel
  - Mlie.JustPutItOverThere
  - Linnun.KeepConverting
  - VaguelySexual.ModPackageId.GoesHere
  - Mlie.LargeFactionBases
  - zal.largeoutpost
  - Arcjc007.LaserCannon
  - costel.layeredapparel
  - NoneObsidiaExpansion.LEDLightsStrip
  - juanlopez2008.LightsOut
  - Mlie.LinkableSettings
  - dorbo.watersfx
  - Mlie.LogAfterDefError
  - zylle.MapDesigner
  - NozoMe.MapModeFramework
  - m00nl1ght.MapPreview
  - Udon.MassLoveIn
  - SirDarkElf.MeaningfulEncounters
  - badoaks.MeatOnAStick
  - Bonible.MedievalMeleeSounds
  - Mewn.MedievalSigns
  - Mlie.MercerBackpacks
  - flangopink.MetalPipe
  - flangopink.MetalPipeHorseshoe
  - Andromeda.MilkyWay
  - rabiosus.minesight
  - Cain.Mineshaft
  - erdelf.MinifyEverything
  - Mlie.MiningCoAlertSpeaker
  - Mlie.MiningCoDrillTurret
  - Mlie.MiningCoMMS
  - Mlie.MiningCoSpaceship
  - Mlie.MoEvents
  - mandrake.rut.scavengerevents
  - Hali.ModifyLandingTile
  - kaitorisenkou.ModularWeapons2
  - Deadmano.MoodAlerts
  - acutus.moodchainreaction
  - Mlie.MoreFactionInteraction
  - Bichang.MoreSculpture
  - GarryFlowers.MoreSlaveryStuff
  - zylle.MoreVanillaBiomes
  - tidal.morevanilla.textures
  - MorphsAssorted.BiotechRetex
  - Snobi.MutatorWorldIcons
  - Oblitus.MyLittlePlanet
  - RadZerp.naturalPaths
  - zylle.NightLights
  - Nightmare.Core
  - Dingo.NoForcedSlowdown
  - Mlie.NoMissingGeneIcons
  - Edern.NoRandomApparelOnIdeoEdit
  - jaeger972.nomadfreindlyquests
  - avilmask.NonUnoPinata
  - planetace.nondestructivegravlaunch
  - Mehni.Numbers
  - Karew.OrcClan
  - Coolzie.OOCReBoost
  - Arkymn.SlowerPawnTickRate
  - Alleykat.PersistentPrecepts
  - Mlie.PerspectiveBuildings
  - Meltup.PolyamoryBeds.Vanilla
  - Xylthixlm.Races.Core
  - Mlie.PreceptsAndMemes
  - m00nl1ght.UnofficialUpdates.PrepareLanding
  - IronScruff.PrimordialGeysers
  - Mlie.PrisonersShouldFearTurrets
  - Laureeeeeeeeeeeeeeen.shrooms
  - DawnsGlow.qualcolor
  - Leo.RaidProtectionFee
  - Ingendum.RaiderSwarmCompression
  - zal.randomgrowthchoices
  - Wemd.RealisticDarknessLight
  - Mlie.RealisticHumanSounds
  - Mlie.RecycleThis
  - Reel.TurretPipeline
  - Mlie.RelevantStatsInDescription
  - PeteTimesSix.ResearchReinvented
  - Scorpio.ResourceDictionary
  - Alma.TossEm
  - LingLuo.Cockroach
  - sihv.rombonesPort
  - kilokio.rimai.framework
  - brrainz.rimbridgeserver
  - Dubwise.Rimefeller
  - rimfridge.kv.rw
  - Mlie.RimQuest
  - Deon.rimtek.core
  - Sierra.RT.GeneralTraits
  - DepsCian.RimTunes
  - mianreplicate.romanceandintimacyontherim
  - Kupie.IsJustDoingItLive.PlzDontHateMe.RoofedScanning
  - GHOST.RootsofRimworld
  - MemeGoddess.RunAndGun
  - mandrake.rut.empirepursuit
  - RWNodeTree.RWPlanetAtmosphere
  - moja.salvagerubble
  - plusblankplus.scenarioamenderfork
  - HellRevenger.SearchOption
  - avilmask.SelfDyeing
  - sensiblebedownership.1trickPwnyta
  - Boots.SensibleFactions
  - FlyingSloth.SCFilthReducer
  - shavius.Medieval.Flavour
  - Spacemoth.ShowKnownTechprints
  - Dark.Signs
  - Stokes.simplehoodcape
  - Usgiyi.SlaveOutfits
  - Mlie.SlaveRebellionsImproved
  - astryl.SleepingBuddies
  - Hol.SmeltPatch
  - weilbyte.snapout
  - Krelinos.SocialEXPFromTrade
  - Mlie.SpaceWorms
  - JPT.speakup
  - Elshender.stackablechunks
  - balistafreak.StandaloneHotSpring
  - Mlie.StarWarsAnimalCollection
  - mandrake.rsw.mynockartoverride
  - mandrake.rsw.kreetleartoverride
  - mandrake.rsw.lockjawartoverride
  - mandrake.rsw.horaxartoverride
  - mandrake.rsw.fambaaartoverride
  - mandrake.rsw.dragonsnakeartoverride
  - mandrake.rsw.zakkegartoverride
  - mandrake.rsw.insectomorphartoverride
  - mandrake.rsw.rontoartoverride
  - mandrake.rsw.anoobaartoverride
  - mandrake.rsw.dewbackartoverride
  - amoruch.RimWorldStealingMod
  - Karshou.StorageMemory
  - Mlie.StorytellerEnhanced
  - mandrake.rm.strandedquest
  - Kas.StrongerScaling
  - moistestWhale.stuffOnTablesForked
  - Gerrymon.StylizedSlaveCollar
  - jellypowered.survivaltools
  - Mlie.TabSorting
  - ucp.TabletopDecorations
  - Summersausages2TTV.TechLevelEnforcement
  - Sapiently.TheyAtomicMonsters
  - Propickelz.TinkerBench
  - vlvop.tormentmaster.expansion
  - TSA.TorturePod
  - smashphil.dropspot
  - hobtook.tradeui
  - Mlie.TradeableTrinkets
  - automatic.traderships
  - kearril.TradingOptionsContinue
  - Aelanna.TransparentSubstructure
  - Xercaine.Tribal.Furniture
  - geojak.TributeDemand
  - ferny.TriumphantResearch
  - Trouperton.TrystanTravellersShuttleSchematics
  - Error277.Tunneler.Expanded
  - marvinkosh.ughyougotme
  - madarauchiha.undraftaftertucking
  - universalpregnancy.1trickPwnyta
  - nephlite.orbitaltradecolumn
  - sirvan.MWRetextured
  - SirVan.SteelRetexture
  - VanillaExpanded.VAPPE
  - VanillaExpanded.VAEAccessories
  - VanillaExpanded.VanillaBackstoriesExpanded
  - VanillaExpanded.VBrewE
  - VanillaExpanded.VCookE
  - VanillaExpanded.VEE
  - OskarPotocki.VFE.Insectoid2
  - OskarPotocki.VFE.Tribals
  - VanillaExpanded.VFECore
  - VanillaExpanded.VFEArchitect
  - VanillaExpanded.VFEArt
  - VanillaExpanded.VFEFactory
  - VanillaExpanded.VFEFarming
  - VanillaExpanded.VFEMedical
  - VanillaExpanded.VFEPower
  - VanillaExpanded.VFEProduction
  - VanillaExpanded.VFEPropsandDecor
  - VanillaExpanded.VFESecurity
  - VanillaExpanded.VFESpacer
  - vanillaexpanded.gravship
  - VanillaExpanded.HelixienGas
  - VanillaExpanded.VIEHAR
  - VanillaExpanded.Ideo.RelicsAndArtifacts
  - VanillaExpanded.VExplorationE
  - vanillaexpanded.outposts
  - vanillaquestsexpanded.ancients
  - vanillaquestsexpanded.cryptoforge
  - vanillaquestsexpanded.generator
  - vanillaracesexpanded.archon
  - vanillaracesexpanded.fungoid
  - vanillaracesexpanded.genie
  - vanillaracesexpanded.phytokin
  - vanillaracesexpanded.saurid
  - vanillaracesexpanded.starjack
  - Gravenwitch.VSRexamined
  - VanillaExpanded.VanillaTradingExpanded
  - VanillaExpanded.VanillaTraitsExpanded
  - VanillaExpanded.VWE
  - VanillaExpanded.VWEMS
  - gabrieel1482.raidvehicleframework
  - NinaGoblin.VisitSettlements
  - addvans.WalkTheWorld
  - Ogliss.g223.wanderingcaravans
  - addvans.WASDedPawn
  - Sl4vP0weR.WeAreUnited
  - Aelanna.WeaponRacks
  - bodlosh.WeaponStats
  - Revolus.WhatsMissing
  - co.uk.epicguru.whatsthatmod
  - winggar.meaningfulparties
  - Tleno.WireheadStyle
  - Fluffy.WorkTab
  - zal.worldmapenhanced
  - ferny.Worldbuilder
  - FunkyShit.Mods.WorldEdit.alpha
  - bs.xenotypespawncontrol
  - Mlie.YayosCaravan
  - Mlie.YayosCombat3
  - Mlie.YayosMeteor
  - btd.remix.gravshipblueprints
  - LazyFridayStudio.GenesExpandedEyes
  - Nals.FacialAnimationExperimentals
  - 7f.alienworlds.tidallylocked
  - sarg.alphaanimals
  - mandrake.rut.frostmiteartoverride
  - XMB.AncientUrbanrUins.MO
  - mandrake.rut.ashkarrlandmarkart
  - mandrake.rut.ishkolandmarks
  - GroovyTaco.BeltExtractors
  - Maal.BetterTreesMod
  - m00nl1ght.GeologicalLandforms.BiomeTransitions
  - BiomesTeam.BiomesCore
  - Neronix17.Retexture.CharacterEditor
  - Qux.Comigo.BetterTreesMod
  - HaiLuan.CustomQuestFrameworkAI
  - Mlie.DungeonPack
  - Vesper.EGIHologramsandProjectors
  - jaeger972.factionterritories
  - Aoba.Fortress.Industrial
  - sd.fa.geneticheadsframework
  - GMMP.Dungeon
  - zal.gianttoads
  - als.gravtech
  - GRimTerra.Worldmap
  - Who.VFEE.IsopodaGeneline
  - Icepickgma.InvisibleDisplayCase
  - mandrake.rsw.jawavoice
  - neku.largepawns
  - LWM.DeepStorage
  - Smxrez.makeshiftreexamined
  - badoaks.MeatOnAStick.expansion
  - zacharyfoster.mineralsframework
  - Sinnamon.MoreRitualRewards
  - zal.moreutilitypacks
  - Andromeda.NiceResearchTab
  - mandrake.rm.planetpresetprime
  - Xylthixlm.Races.Titan
  - Mlie.PreceptsAndMemesRitualsModule
  - lambda.Psykshroom
  - Ogliss.TheWhiteCrayon.Quarry
  - ReGrowth.BOTR.Core
  - Memegoddess.ReplaceStuff
  - aw.researchreinvented.retextured
  - PeteTimesSix.ResearchReinvented.SteppingStones
  - kilokio.rimai.core
  - Jaxe.RimHUD
  - zal.spaceports
  - co.uk.epicguru.factionloadout
  - Deon.rimtek.digipal
  - Deon.rimtek.docmate
  - telardo.RomanceOnTheRim
  - kathanon.SearchableMenus
  - Mlie.ShowMeYourHands
  - Scherub.StonecuttingExtended
  - cyanobot.toddlers
  - VanillaExpanded.VChemfuelE
  - VanillaExpanded.VCookEStews
  - Kuhlyus.ModPatch.VanillaOutpost
  - MrHydralisk.VOEAdditionalOutposts
  - VanillaExpanded.VWEL
  - Arcjc007.WallStuff
  - fourtoo.glowingbush
  - Kyzy.ShipWallEnhanced
  - Daria40K.AlphaAnimalsPatchOutposts
  - ks.aaretextured
  - sarg.alphagenes
  - Meteores.AncientUrbanRuinsAllDeconstructible.AURAD
  - BiomesTeam.BiomesCaverns
  - mandrake.rut.puffmiteartoverride
  - mandrake.rut.rotsporekit
  - BiomesTeam.BiomesPollutedLands
  - mandrake.rut.kroffaartoverride
  - zal.comigogreaterswamps
  - Mlie.FunctionalVanillaExpandedProps
  - sd.fa.geneticheadsbiotech
  - sd.fa.geneticheadsmods
  - als.gravtech.bc
  - erdelf.HumanoidAlienRaces
  - zacharyfoster.mineralsfrozen
  - zacharyfoster.mineralsrock
  - zacharyfoster.mineralssparkle
  - Mehni.PickUpAndHaul
  - avius.prisonlabor
  - Reel.FacialAnims
  - OskarPotocki.VFE.Pirates
  - VanillaExpanded.VMemesE
  - vanillaexpanded.skills
  - sd.fa.reelsadjustments
  - OPA.AllSpecialistsCanWork
  - sarg.alphaskills
  - Meteores.AncientUrbanRuinsVanillaLoot.AURVL
  - Chezhou.ChezhouLib.lib
  - Broms.DeepOrbit
  - HalituisAmaricanous.gravtechbigcannons
  - Teiwaz.GTGTraderCore
  - keyz182.KeyzAllowUtilities
  - toastyman.moreritualseats
  - sugarcube.puahsharedstorage
  - Legator.PrisonerRealism
  - Font.Rimesis
  - PeteTimesSix.SimpleSidearms
  - TRIBeagle.simpleslaverycollars
  - neronix17.toolbox
  - VanillaExpanded.VGeneticsE
  - mandrake.rut.spidercatartoverride
  - mandrake.rut.gritheartoverride
  - mandrake.rut.gruttartoverride
  - VanillaExpanded.VTEXE.FacialAnims
  - OskarPotocki.VanillaVehiclesExpanded
  - dmp.vfepirates.warcasketwork
  - Aoba.WarCasket
  - divineDerivative.Romance
  - Teiwaz.TAAJG
  - Teiwaz.TACAC
  - brrainz.achtung
  - sd.fa.vteadjustments
  - sarg.alphavehiclesneolithic
  - Kem.BeardAdjustment
  - RedMattis.BigSmall.Core
  - LovelyDovey.Sex.WithEuterpe
  - chezhou.creature.sandworm
  - Neronix17.OuterRim.Core
  - Neronix17.Outland.Genetics
  - neronix17.shieldgenerators
  - RedMattis.Optional
  - RedMattis.BigSmall
  - RedMattis.BigWeapons
  - avilmask.CommonSense
  - mandrake.rsw.desertvehiclereskin
  - LovelyDovey.Sex.WithRosaline
  - LovelyDovey.Recreation.WithEuterpe
  - LeutianKane.MineablesOR
  - LeutianKane.Mines2patchOuterRim
  - Neronix17.OuterRim.FurnitureAndDecor
  - Neronix17.OuterRim.GalacticEmpire
  - Neronix17.OuterRim.RebelAlliance
  - Jelheb.RusticMealRetexture
  - FrozenSnowFox.ComplexJobs
  - Dubwise.DubsBreakMod
  - DanZinagri.FacialAnimationCompatabilityProject
  - mandrake.rut.doctrine
  - Dubwise.DubsPerformanceAnalyzer.steam
  - Taranchuk.PerformanceOptimizer
  - co.uk.epicguru.meleeanimation
  - lordfelix.RimControl
  - meathax.ShowMeYourTools
  - lee.theforce.lightsaber
  - guy762.MM.KotORCore
  - mandrake.rsw.starwarsraces
  - mandrake.rsw.armoury
  - mandrake.rm.proximityhatch
  - mandrake.rm.creaturebehaviors
  - mandrake.rsw.swbestiary
  - mandrake.rm.shipvermin
  - mandrake.rsw.shokk
  - mandrake.rm.greentide
  - mandrake.rsw.ionweapons
  - mandrake.rut.shipmemory
  - mandrake.rut.antiquities
  - mandrake.rut.rites
  - mandrake.rut.researchretag
  - zylle.sandcastles
  - mandrake.rm.patches
  - mandrake.rsw.patches
  - mandrake.rut.patches
  - mandrake.rut.pawnflavor
  - btd.gbp.shippack.kotor.vge
  - mandrake.rsw.droidworks
  - mandrake.rut.droidrepairjobs
  - mandrake.rm.wreckedmachines
  - mandrake.rm.pyrelands
  - mandrake.rut.fireecology
  - mandrake.rm.movingdunes
  - mandrake.rm.fluidcanals
  - mandrake.rm.oracle
  - mandrake.rm.property
  - mandrake.rm.rimdefdump
  - mandrake.rut.birthhatchdemo
  - aRandomKiwi.RimThemes
  - mandrake.rut.menushell
  - mandrake.rut.shokkweaveeconomy
  - mandrake.rut.rustcathedralroaches
  - mandrake.rm.gravshiplanding
  - rw.mod.simplestairs
  - Kutte.Stairs
XylRacesCore feature check: XylRacesCore.Genes.GeneDefExtension_Pawn = True
[RimAI.Core][P6.Persistence] op=load, nodes=21, elapsed=17ms
Tried to register the same load ID twice: null, pathRelToParent=/sourcePrecept, parent=guy762_LgtBattleArmor915
Tried to register the same load ID twice: null, pathRelToParent=/sourcePrecept, parent=guy762_Robes_tusken910
Tried to register the same load ID twice: null, pathRelToParent=/sourcePrecept, parent=guy762_TuskenMask909
You need to provide working lists for the keys and values in order to be able to load such dictionary. label=forgetTimers
gridId:0
gridId:1
gridId:2
gridId:3
gridId:0
gridId:1
gridId:2
gridId:3
Tried to register the same load ID twice: null, pathRelToParent=/sourcePrecept, parent=guy762_Robes_jawa632208
Tried to register the same load ID twice: null, pathRelToParent=/sourcePrecept, parent=guy762_Accessory_poncho632210
Tried to register the same load ID twice: null, pathRelToParent=/sourcePrecept, parent=guy762_JawaHood632209
Tried to register the same load ID twice: null, pathRelToParent=/sourcePrecept, parent=guy762_Robes_jawa470528
Tried to register the same load ID twice: null, pathRelToParent=/sourcePrecept, parent=guy762_JawaHood470529
Tried to register the same load ID twice: null, pathRelToParent=/sourcePrecept, parent=guy762_Robes_jawa470531
Tried to register the same load ID twice: null, pathRelToParent=/sourcePrecept, parent=guy762_JawaHood470532
Tried to register the same load ID twice: null, pathRelToParent=/sourcePrecept, parent=guy762_Robes_jawa470525
Tried to register the same load ID twice: null, pathRelToParent=/sourcePrecept, parent=guy762_JawaHood470526
Tried to register the same load ID twice: null, pathRelToParent=/sourcePrecept, parent=guy762_Robes_jawa470522
Tried to register the same load ID twice: null, pathRelToParent=/sourcePrecept, parent=guy762_JawaHood470523
Tried to register the same load ID twice: null, pathRelToParent=/sourcePrecept, parent=guy762_Clothing_smuggler667625
Tried to register the same load ID twice: null, pathRelToParent=/sourcePrecept, parent=guy762_HelmetMilitary667624
Tried to register the same load ID twice: null, pathRelToParent=/sourcePrecept, parent=guy762_Clothing_scumIII667635
Tried to register the same load ID twice: null, pathRelToParent=/sourcePrecept, parent=guy762_Headband_bandana667636
Tried to register the same load ID twice: null, pathRelToParent=/sourcePrecept, parent=guy762_Clothing_scumIII667643
Tried to register the same load ID twice: null, pathRelToParent=/sourcePrecept, parent=guy762_HelmetCombat_hutt667642
Cannot register VanillaTradingExpanded.Company VanillaTradingExpanded.Company, (id=Company_29 in loaded object directory. Id already used by VanillaTradingExpanded.Company VanillaTradingExpanded.Company.
Could not get load ID. We're asking for something which was never added during LoadingVars. pathRelToParent=/sourcePrecept, parent=guy762_LgtBattleArmor915
Could not get load ID. We're asking for something which was never added during LoadingVars. pathRelToParent=/sourcePrecept, parent=guy762_Robes_tusken910
Could not get load ID. We're asking for something which was never added during LoadingVars. pathRelToParent=/sourcePrecept, parent=guy762_TuskenMask909
Cannot fill dictionary because there are no values. label=forgetTimers
Could not get load ID. We're asking for something which was never added during LoadingVars. pathRelToParent=/sourcePrecept, parent=guy762_Robes_jawa632208
Could not get load ID. We're asking for something which was never added during LoadingVars. pathRelToParent=/sourcePrecept, parent=guy762_Accessory_poncho632210
Could not get load ID. We're asking for something which was never added during LoadingVars. pathRelToParent=/sourcePrecept, parent=guy762_JawaHood632209
Could not get load ID. We're asking for something which was never added during LoadingVars. pathRelToParent=/sourcePrecept, parent=guy762_Robes_jawa470528
Could not get load ID. We're asking for something which was never added during LoadingVars. pathRelToParent=/sourcePrecept, parent=guy762_JawaHood470529
Could not get load ID. We're asking for something which was never added during LoadingVars. pathRelToParent=/sourcePrecept, parent=guy762_Robes_jawa470531
Could not get load ID. We're asking for something which was never added during LoadingVars. pathRelToParent=/sourcePrecept, parent=guy762_JawaHood470532
Could not get load ID. We're asking for something which was never added during LoadingVars. pathRelToParent=/sourcePrecept, parent=guy762_Robes_jawa470525
Could not get load ID. We're asking for something which was never added during LoadingVars. pathRelToParent=/sourcePrecept, parent=guy762_JawaHood470526
Could not get load ID. We're asking for something which was never added during LoadingVars. pathRelToParent=/sourcePrecept, parent=guy762_Robes_jawa470522
Could not get load ID. We're asking for something which was never added during LoadingVars. pathRelToParent=/sourcePrecept, parent=guy762_JawaHood470523
Could not get load ID. We're asking for something which was never added during LoadingVars. pathRelToParent=/sourcePrecept, parent=guy762_Clothing_smuggler667625
Could not get load ID. We're asking for something which was never added during LoadingVars. pathRelToParent=/sourcePrecept, parent=guy762_HelmetMilitary667624
Could not get load ID. We're asking for something which was never added during LoadingVars. pathRelToParent=/sourcePrecept, parent=guy762_Clothing_scumIII667635
Could not get load ID. We're asking for something which was never added during LoadingVars. pathRelToParent=/sourcePrecept, parent=guy762_Headband_bandana667636
Could not get load ID. We're asking for something which was never added during LoadingVars. pathRelToParent=/sourcePrecept, parent=guy762_Clothing_scumIII667643
Could not get load ID. We're asking for something which was never added during LoadingVars. pathRelToParent=/sourcePrecept, parent=guy762_HelmetCombat_hutt667642
<color=#66ffb5>[MeleeAnim]</color> Loaded 0 animation renderers on map Map-3-PlayerHome
Could not find think node with key 1152619254
Could not find think node with key 1152619254
Could not find think node with key -1134158159
Could not find think node with key -1134158159
Could not find think node with key -1134158159
Finished transpiling 1377 methods - 9/12/2026 12:20:27 PM
[Big and Small]: Found 61 AlienRace.ThingDef_AlienRace ThingDefs.
These are either from HAR races or B&S races automatically converted for compatibility.
[DefensivePositions v1.7.0.0] DefensivePositionsGameComponent initialized in this map.
[GravTide] tidal flats: no channel carved - the map has no deep ocean to run one between
[BTD:Trace] T3 FinalizeInit: map 3 pocket=False pending=False hasSpawnedStartingShip=False
[RimMandrake.MovingDunes] dune field armed on ExtremeDesert with material RM_Dunes_Sand; wind SE, K=2005 attempts/batch over 62500 cells.
checking editor settings...
bodysizes genes are active
Failed to find Verse.ResearchProjectDef named RimFridge_PowerFactorSetting. There are 397 defs of this type loaded.

Possible Matches:
[Source: RimFridge: Now with Shelves!]
[File: C:\Program Files (x86)\Steam\steamapps\workshop\content\294100\2898411376\1.6\Defs\ResearchProjectDefs\ResearchProjects.xml]
[Source: RimFridge: Now with Shelves!]
[File: C:\Program Files (x86)\Steam\steamapps\workshop\content\294100\2898411376\1.6\Defs\ThingDefs_Buildings\Fridge_Building.xml]
[Source: RimFridge: Now with Shelves!]
[File: C:\Program Files (x86)\Steam\steamapps\workshop\content\294100\2898411376\1.6\Defs\ThingDefs_Buildings\WallFridge_Building.xml]
System.NullReferenceException: Object reference not set to an instance of an object
[Ref 785D44E7]
  at RimFridge.RimFridgeComponent.StartedOrLoadedGame () [0x0001a] in <948532676ba340059cc9093181148128>:0 
    - TRANSPILER PerformanceOptimizer.Main: IEnumerable`1 PerformanceOptimizer.Optimization_FasterGetCompReplacement:Transpiler(IEnumerable`1 instructions, MethodBase method)
  at RimFridge.RimFridgeComponent.LoadedGame () [0x00000] in <948532676ba340059cc9093181148128>:0 
  at Verse.GameComponentUtility.LoadedGame () [0x0001a] in <61e4173561894da49d210260257b5097>:0 
    - POSTFIX SmashPhil.VehicleFramework: Void SmashTools.GameEvent:RaiseOnLoadGame()
    - POSTFIX SmashPhil.VehicleFramework: Void UpdateLogTool.Patches:UpdateOnLoadedGame()
    - POSTFIX OskarPotocki.VEF: Void VEF.Factions.VanillaExpandedFramework_GameComponentUtility_LoadedGame_Patch+LoadedGame:Postfix()
System.NullReferenceException: Object reference not set to an instance of an object
[Ref 7F1E7021]
  at als.gravtech.bc.GravTechBCSettings.ApplySettings () [0x0041b] in <094816b7573c41de9366d0d5f71276c5>:0 
    - TRANSPILER PerformanceOptimizer.Main: IEnumerable`1 PerformanceOptimizer.Optimization_FasterGetCompReplacement:Transpiler(IEnumerable`1 instructions, MethodBase method)
  at als.gravtech.bc.ApplyToLoaded.LoadedGame () [0x00001] in <094816b7573c41de9366d0d5f71276c5>:0 
  at Verse.GameComponentUtility.LoadedGame () [0x0001a] in <61e4173561894da49d210260257b5097>:0 
    - POSTFIX SmashPhil.VehicleFramework: Void SmashTools.GameEvent:RaiseOnLoadGame()
    - POSTFIX SmashPhil.VehicleFramework: Void UpdateLogTool.Patches:UpdateOnLoadedGame()
    - POSTFIX OskarPotocki.VEF: Void VEF.Factions.VanillaExpandedFramework_GameComponentUtility_LoadedGame_Patch+LoadedGame:Postfix()
Alien Worlds Framework: PlanetTypeDef.TidallyLocked: <biomeConfigs> contains key ExtremeDesert, which isn't present in <biomes>. Skipping.
Alien Worlds Framework: PlanetTypeDef.TidallyLocked: <biomeConfigs> contains key Desert, which isn't present in <biomes>. Skipping.
Alien Worlds Framework: PlanetTypeDef.TidallyLocked: <biomeConfigs> contains key ZBiome_Badlands, which isn't present in <biomes>. Skipping.
Alien Worlds Framework: PlanetTypeDef.TidallyLocked: <biomeConfigs> contains key AridShrubland, which isn't present in <biomes>. Skipping.
Alien Worlds Framework: PlanetTypeDef.TidallyLocked: <biomeConfigs> contains key Wasteland, which isn't present in <biomes>. Skipping.
Alien Worlds Framework: PlanetTypeDef.TidallyLocked: <biomeConfigs> contains key AB_RockyCrags, which isn't present in <biomes>. Skipping.
Alien Worlds Framework: PlanetTypeDef.TidallyLocked: <biomeConfigs> contains key ZBiome_DesertOasis, which isn't present in <biomes>. Skipping.
Alien Worlds Framework: PlanetTypeDef.TidallyLocked: <biomeConfigs> contains key AB_FeraliskInfestedJungle, which isn't present in <biomes>. Skipping.
Alien Worlds Framework: PlanetTypeDef.TidallyLocked: <biomeConfigs> contains key AB_MiasmicMangrove, which isn't present in <biomes>. Skipping.
Alien Worlds Framework: PlanetTypeDef.TidallyLocked: <biomeConfigs> contains key AB_MycoticJungle, which isn't present in <biomes>. Skipping.
Alien Worlds Framework: PlanetTypeDef.TidallyLocked: <biomeConfigs> contains key COMIGO_GreaterSwamp_Tropical, which isn't present in <biomes>. Skipping.
Alien Worlds Framework: PlanetTypeDef.TidallyLocked: <biomeConfigs> contains key AB_OcularForest, which isn't present in <biomes>. Skipping.
Alien Worlds Framework: PlanetTypeDef.TidallyLocked: <biomeConfigs> contains key AB_TarPits, which isn't present in <biomes>. Skipping.
Alien Worlds Framework: PlanetTypeDef.TidallyLocked: <biomeConfigs> contains key AB_PropaneLakes, which isn't present in <biomes>. Skipping.
Alien Worlds Framework: PlanetTypeDef.TidallyLocked: <biomeConfigs> contains key AB_MechanoidIntrusion, which isn't present in <biomes>. Skipping.
Alien Worlds Framework: PlanetTypeDef.TidallyLocked: <biomeConfigs> contains key AB_GallatrossGraveyard, which isn't present in <biomes>. Skipping.
Alien Worlds Framework: PlanetTypeDef.TidallyLocked: <biomeConfigs> contains key AB_PyroclasticConflagration, which isn't present in <biomes>. Skipping.
Alien Worlds Framework: PlanetTypeDef.TidallyLocked: <biomeConfigs> contains key Volcano, which isn't present in <biomes>. Skipping.
Alien Worlds Framework: PlanetTypeDef.TidallyLocked: <biomeConfigs> contains key LavaField, which isn't present in <biomes>. Skipping.
Alien Worlds Framework: PlanetTypeDef.TidallyLocked: <biomeConfigs> contains key Scarlands, which isn't present in <biomes>. Skipping.
Alien Worlds Framework: PlanetTypeDef.TidallyLocked: <biomeConfigs> contains key IronScruff_PrimordialGeysers, which isn't present in <biomes>. Skipping.
Alien Worlds Framework: PlanetTypeDef.TidallyLocked: <biomeConfigs> contains key BMT_CrystalCaverns, which isn't present in <biomes>. Skipping.
Alien Worlds Framework: PlanetTypeDef.TidallyLocked: <biomeConfigs> contains key BMT_EarthenDepths, which isn't present in <biomes>. Skipping.
Alien Worlds Framework: PlanetTypeDef.TidallyLocked: <biomeConfigs> contains key BMT_FungalForest, which isn't present in <biomes>. Skipping.
Alien Worlds Framework: PlanetTypeDef.TidallyLocked: <biomeConfigs> contains key HorrorWastes, which isn't present in <biomes>. Skipping.
Alien Worlds Framework: PlanetTypeDef.TidallyLocked: <biomeConfigs> contains key Glowforest, which isn't present in <biomes>. Skipping.
Alien Worlds Framework: PlanetTypeDef.TidallyLocked: <biomeConfigs> contains key PoisonForest, which isn't present in <biomes>. Skipping.
Unloading 0 Unused Serialized files (Serialized files now loaded: 50)
XylRacesCore feature check: XylRacesCore.Genes.HostilityOverride = False
Faction leader for Hutt Cartel is null.
Faction leader for Deepwater Compact is null.
Faction leader for Wildsteam Clan is null.
Faction leader for Geonosian Foundry Hive is null.
Faction leader for Free Droid Enclaves is null.
Faction leader for Ascendant Helix is null.
Number of DestinyMod exotics on the map: 0
[RimTunes] [12:20:32.395] [AudioSourceProvider.cs:31] [WARNING]: Primary audio source is null, creating backup
[RimAI.Core][P3] Scheduler ready
Unloading 1 unused Assets to reduce memory usage. Loaded Objects now: 154094.
Total: 1530.089900 ms (FindLiveObjects: 5.348600 ms CreateObjectMapping: 6.476900 ms MarkObjects: 1518.074800 ms  DeleteObjects: 0.189200 ms)

[PrepareLanding] Prefilter: 21872 tiles in WorldGrid.tiles
XylRacesCore feature check: XylRacesCore.Genes.GeneDefExtension_Rendering = True
[JawaBench] ready: 320 tools, build 8f4e8a0be187
[JawaBench] argument guard installed on RimBridgeServer.AnnotatedExtensionCapabilityProvider.BindArguments - a tool argument matching no declared parameter is now RECORDED (not refused; strict mode is opt-in).
[JawaBench] log auto-open suppressor installed on Verse.Log.TryOpenLogWindow - suppressed=True. The debug menu's manual log window is a separate code path and is unaffected.
[JawaBench] context: modSet 593/6fb845e3, toolSet d2e6d828, defDump ARMED, engine 1.6.4871 rev591
Failed to get non background biome near tile with a landmark which has to rotate away from the background. Tile: (RUT_GreySea elev=-350m hill=Flat temp=10.8°C rain=0mm swampiness=0% potentialRoads=0 (allowed=True) potentialRivers=0 (allowed=False))
TileMutatorWorker_AnimalHabitat: Could not find animal in biome with commonality > 0.1, either increase some commonalities, or decrease animalDensity in the biomeDef below this mutators min of 0.3
Tile 201 has multiple mutators: Custom/CutoutComplex_CompactedTechA, Custom/Plant cutout_HubbaGourdC
Tile 265 has multiple mutators: Custom/CutoutComplex_HewnRockWallE_ASM0, Custom/Plant cutout_HubbaGourdA
Tile 657 has multiple mutators: Custom/CutoutComplex_SmoothedRockWallC_ASM0, Custom/Plant cutout_HubbaGourdA
Tile 658 has multiple mutators: Custom/CutoutComplex_RockFlecked_Atlas_ASM0, Custom/Plant cutout_HubbaGourdA
Tile 661 has multiple mutators: Custom/CutoutComplex_SmoothedGraniteA_ASM0, Custom/Plant cutout_HubbaGourdC
Tile 1198 has multiple mutators: Custom/CutoutComplex_PassableGraniteC_s, Custom/Plant cutout_HubbaGourdB
Tile 2008 has multiple mutators: Custom/CutoutComplex_PassableLimestoneD, Custom/Plant cutout_HubbaGourdA
Tile 2009 has multiple mutators: Custom/CutoutComplex_WeatheredSlateE_s, Custom/Plant cutout_HubbaGourdC
Tile 2394 has multiple mutators: Custom/CutoutComplex_PassableSlateB_s, Custom/Plant cutout_HubbaGourdA
Tile 2935 has multiple mutators: Custom/Cutout_GiantSnaptoad_Baby_east, Custom/Plant cutout_TreeCocoaA
Tile 3515 has multiple mutators: Custom/CutoutComplex_SmoothedRockWallA_ASM0, Custom/Cutout_AA_CrepuscularBeetle_east
Tile 3620 has multiple mutators: Custom/Cutout_SmallFossilH, Custom/Plant cutout_HubbaGourdC
Tile 3628 has multiple mutators: Custom/Transparent post light_KyberCrystalFormation2, Custom/Plant cutout_HubbaGourdC
Tile 3629 has multiple mutators: Custom/CutoutComplex_HewnRockWallC_ASM0, Custom/Plant cutout_HubbaGourdA
Tile 4014 has multiple mutators: Custom/CutoutComplex_CompactedTechA, Custom/Plant cutout_HubbaGourdA
Tile 4015 has multiple mutators: Custom/CutoutComplex_WeatheredSlateB, Custom/Plant cutout_HubbaGourdB
Tile 5192 has multiple mutators: Custom/CutoutComplex_HewnRockWallE_ASM0, Custom/CutoutComplex_BanthaW_j_east
Tile 6362 has multiple mutators: Custom/CutoutComplex_RockFlecked_Atlas_ASM0, Custom/Plant cutout_HubbaGourdC
Tile 6368 has multiple mutators: Custom/CutoutComplex_WeatheredSandstoneC, Custom/Plant cutout_HubbaGourdA
Tile 6387 has multiple mutators: Custom/CutoutComplex_CompactedTechC, Custom/Plant cutout_HubbaGourdA
Tile 6388 has multiple mutators: Custom/CutoutComplex_SolidGraniteC_s, Custom/Plant cutout_HubbaGourdA
Tile 6389 has multiple mutators: Custom/CutoutComplex_PassableBasaltE, Custom/Plant cutout_HubbaGourdB
Tile 6391 has multiple mutators: Custom/CutoutComplex_HewnRockWallD_ASM0, Custom/Plant cutout_HubbaGourdA
Tile 6606 has multiple mutators: Custom/CutoutComplex_WeatheredSlateE, Custom/Plant cutout_HubbaGourdB
Tile 6684 has multiple mutators: Custom/CutoutComplex_WeatheredLimestoneG_s, Custom/Plant cutout_HubbaGourdA
Tile 7079 has multiple mutators: Custom/Cutout_Diggerpede_east, Custom/CutoutComplex_BigQuartzCrystalE
Tile 8362 has multiple mutators: Custom/Plant cutout_SmokeleafPlantA, Custom/Cutout_ImperialToad_east
Tile 8486 has multiple mutators: Custom/CutoutComplex_WeatheredLimestoneE, Custom/Plant cutout_HubbaGourdB
Tile 8488 has multiple mutators: Custom/CutoutComplex_HewnRockWallE_ASM0, Custom/Plant cutout_HubbaGourdC
Tile 8515 has multiple mutators: Custom/CutoutComplex_PassableSlateA, Custom/Plant cutout_TinctoriaD
Tile 8870 has multiple mutators: Custom/CutoutComplex_WeatheredSlateE_s, Custom/Plant cutout_HubbaGourdB
Tile 8874 has multiple mutators: Custom/CutoutComplex_BigQuartzCrystalB_s, Custom/Plant cutout_HubbaGourdB
Tile 8875 has multiple mutators: Custom/CutoutComplex_WeatheredLimestoneC, Custom/Plant cutout_HubbaGourdB
Tile 10163 has multiple mutators: Custom/Plant cutout_HubbaGourdB, Custom/Cutout_Jellypot_east
Tile 11222 has multiple mutators: Custom/CutoutComplex_SolidOreTechC, Custom/Plant cutout_HubbaGourdC
Tile 11223 has multiple mutators: Custom/CutoutComplex_WeatheredLimestoneA_s, Custom/Plant cutout_HubbaGourdB
Tile 11224 has multiple mutators: Custom/CutoutComplex_RockFlecked_Atlas_ASM0, Custom/Plant cutout_HubbaGourdA
Tile 11227 has multiple mutators: Custom/CutoutComplex_HewnSandstoneA_ASM0, Custom/Plant cutout_HubbaGourdA
Tile 11230 has multiple mutators: Custom/CutoutComplex_PassableMarbleI, Custom/Plant cutout_HubbaGourdB
Tile 11247 has multiple mutators: Custom/CutoutComplex_RockFlecked_Atlas_ASM0, Custom/Plant cutout_HubbaGourdA
Tile 11248 has multiple mutators: Custom/CutoutComplex_SmoothedMarbleB_ASM0, Custom/Plant cutout_HubbaGourdB
Tile 11249 has multiple mutators: Custom/CutoutComplex_RockFlecked_Atlas_ASM0, Custom/Plant cutout_HubbaGourdA
Tile 11251 has multiple mutators: Custom/CutoutComplex_PassableBasaltE_s, Custom/Plant cutout_HubbaGourdB
Tile 11890 has multiple mutators: Custom/CutoutComplex_RockFlecked_Atlas_ASM0, Custom/Cutout_Mott_m_east
Tile 12248 has multiple mutators: Custom/CutoutComplex_WeatheredSlateD_s, Custom/Cutout_ChemSnail_east
Tile 13485 has multiple mutators: Custom/CutoutComplex_RockFlecked_Atlas_ASM0, Custom/Cutout_Ollopom_east
Tile 14468 has multiple mutators: Custom/CutoutComplex_RG_RockFlecked_Atlas_ASM0, Custom/Plant cutout_HubbaGourdA
Tile 14469 has multiple mutators: Custom/CutoutComplex_SmoothedSandstoneA_ASM0, Custom/Plant cutout_HubbaGourdB
Tile 14470 has multiple mutators: Custom/CutoutComplex_RockFlecked_Atlas_ASM0, Custom/Plant cutout_HubbaGourdA
Tile 14471 has multiple mutators: Custom/CutoutComplex_SolidMarbleE, Custom/Plant cutout_HubbaGourdA
Tile 14472 has multiple mutators: Custom/CutoutComplex_CompactedTechC, Custom/Plant cutout_HubbaGourdC
Tile 14481 has multiple mutators: Custom/CutoutComplex_PassableSandstoneD, Custom/Plant cutout_HubbaGourdB
Tile 14485 has multiple mutators: Custom/CutoutComplex_BigQuartzCrystalD_s, Custom/Plant cutout_HubbaGourdC
Tile 14486 has multiple mutators: Custom/CutoutComplex_PassableBasaltB, Custom/Plant cutout_HubbaGourdC
Tile 14490 has multiple mutators: Custom/CutoutComplex_HewnRockWallC_ASM0, Custom/Plant cutout_HubbaGourdA
Tile 14491 has multiple mutators: Custom/CutoutComplex_PassableBasaltE_s, Custom/Plant cutout_HubbaGourdC
Tile 15076 has multiple mutators: Custom/Cutout_ImperialToad_east, Custom/Plant cutout_HubbaGourdC
Tile 15178 has multiple mutators: Custom/CutoutComplex_SmoothedMarbleC_ASM0, Custom/Cutout_PekoPeko_m_east
Tile 16620 has multiple mutators: Custom/CutoutComplex_HewnRockWallB_ASM0, Custom/Plant cutout_HubbaGourdB
Tile 18649 has multiple mutators: Custom/CutoutComplex_PassableLimestoneB_s, Custom/Cutout_FO_NightPest_east
Tile 19280 has multiple mutators: Custom/CutoutComplex_SolidMarbleA, Custom/Plant cutout_HubbaGourdA
Tile 19281 has multiple mutators: Custom/CutoutComplex_LargeFossilEmbeddedB, Custom/Plant cutout_HubbaGourdA
Tile 19283 has multiple mutators: Custom/CutoutComplex_RockFlecked_Atlas_ASM0, Custom/Plant cutout_HubbaGourdB
Tile 19287 has multiple mutators: Custom/CutoutComplex_RockFlecked_Atlas_ASM0, Custom/Plant cutout_HubbaGourdA
Tile 19329 has multiple mutators: Custom/CutoutComplex_SolidMarbleA_s, Custom/Plant cutout_HubbaGourdC
Tile 19330 has multiple mutators: Custom/CutoutComplex_RockFlecked_Atlas_ASM0, Custom/Plant cutout_HubbaGourdA
Tile 19331 has multiple mutators: Custom/CutoutComplex_BigQuartzCrystalC, Custom/Plant cutout_HubbaGourdC
Tile 19332 has multiple mutators: Custom/CutoutComplex_WeatheredBasaltD_s, Custom/Plant cutout_HubbaGourdA
Tile 19333 has multiple mutators: Custom/CutoutComplex_SolidOreTechC, Custom/Plant cutout_HubbaGourdA
Tile 19334 has multiple mutators: Custom/CutoutComplex_WeatheredMarbleB_s, Custom/Plant cutout_HubbaGourdB
Tile 19335 has multiple mutators: Custom/CutoutComplex_WeatheredSlateD, Custom/Plant cutout_HubbaGourdC
Tile 19336 has multiple mutators: Custom/CutoutComplex_fossil_colored_atlas_ASM0, Custom/Plant cutout_HubbaGourdC
Tile 19337 has multiple mutators: Custom/CutoutComplex_RG_CrystalRockFleck_Atlas_ASM0, Custom/Plant cutout_HubbaGourdC
Tile 19339 has multiple mutators: Custom/CutoutComplex_RockFlecked_Atlas_ASM0, Custom/Plant cutout_HubbaGourdA
Tile 21639 has multiple mutators: Custom/CutoutComplex_SmoothedRockWallC_ASM0, Custom/Plant cutout_HubbaGourdA
Tile 21644 has multiple mutators: Custom/CutoutComplex_PassableSlateC_s, Custom/Plant cutout_HubbaGourdB
Tile 21645 has multiple mutators: Custom/CutoutComplex_RockFlecked_Atlas_ASM0, Custom/Plant cutout_HubbaGourdB
Tile 21646 has multiple mutators: Custom/CutoutComplex_PassableLimestoneI_s, Custom/Plant cutout_HubbaGourdC
Tile 21651 has multiple mutators: Custom/CutoutComplex_RockFlecked_Atlas_ASM0, Custom/Plant cutout_HubbaGourdA
Tile 21652 has multiple mutators: Custom/CutoutComplex_PassableSlateD, Custom/Plant cutout_HubbaGourdB
RimWorldGravshipRangeOnMapMod.WorldRendererPatch Found gravship engine 'gravship engine' on map 'Zeddo's Salvage Yard'
RimWorldGravshipRangeOnMapMod.WorldRendererPatch Max launch distance: 20
RimWorldGravshipRangeOnMapMod.WorldRendererPatch Fuel-limited distance: 20
Desired shader compiler platform 4 is not available in shader blob
ERROR: Shader Planet/SunFlare shader is not supported on this GPU (none of subshaders/fallbacks are suitable)
Desired shader compiler platform 4 is not available in shader blob
ERROR: Shader Planet/Tonemaps shader is not supported on this GPU (none of subshaders/fallbacks are suitable)
Desired shader compiler platform 4 is not available in shader blob
ERROR: Shader Planet/WriteDepth shader is not supported on this GPU (none of subshaders/fallbacks are suitable)
Desired shader compiler platform 4 is not available in shader blob
ERROR: Shader Planet/RemoveAlpha shader is not supported on this GPU (none of subshaders/fallbacks are suitable)
Desired shader compiler platform 4 is not available in shader blob
ERROR: Shader Planet/AddToTarget shader is not supported on this GPU (none of subshaders/fallbacks are suitable)
Desired shader compiler platform 4 is not available in shader blob
ERROR: Shader Planet/AtmosphereLUT shader is not supported on this GPU (none of subshaders/fallbacks are suitable)
Desired shader compiler platform 4 is not available in shader blob
ERROR: Shader Planet/TranslucentGenrater shader is not supported on this GPU (none of subshaders/fallbacks are suitable)
Desired shader compiler platform 4 is not available in shader blob
ERROR: Shader Planet/OutSunLightLUTGenrater shader is not supported on this GPU (none of subshaders/fallbacks are suitable)
Desired shader compiler platform 4 is not available in shader blob
ERROR: Shader Planet/InSunLightLUTGenrater shader is not supported on this GPU (none of subshaders/fallbacks are suitable)
Desired shader compiler platform 4 is not available in shader blob
ERROR: Shader Planet/ScatterGenrater shader is not supported on this GPU (none of subshaders/fallbacks are suitable)
Desired shader compiler platform 4 is not available in shader blob
ERROR: Shader Custom/BasicRing shader is not supported on this GPU (none of subshaders/fallbacks are suitable)
Desired shader compiler platform 4 is not available in shader blob
ERROR: Shader Planet/CopyToDepth shader is not supported on this GPU (none of subshaders/fallbacks are suitable)
Direct3D: detected that using refresh rate causes time drift. Will stop trusting refresh rate until the game window is moved.
Direct3D: detected that vsync is broken (it does not limit frame rate properly). Delta time will now be calculated using cpu-side time stampling until the game window is moved.
