Mono path[0] = 'C:/Program Files (x86)/Steam/steamapps/common/RimWorld/RimWorldWin64_Data/Managed'
Mono config path = 'C:/Program Files (x86)/Steam/steamapps/common/RimWorld/MonoBleedingEdge/etc'
[PhysX] Initialized MultithreadedTaskDispatcher with 14 workers.
Initialize engine version: 2022.3.35f1 (011206c7a712)
[Subsystems] Discovering subsystems at path C:/Program Files (x86)/Steam/steamapps/common/RimWorld/RimWorldWin64_Data/UnitySubsystems
GfxDevice: creating device client; threaded=1; jobified=0
Direct3D:
    Version:  Direct3D 11.0 [level 11.1]
    Renderer: NVIDIA GeForce RTX 5080 (ID=0x2c02)
    Vendor:   NVIDIA
    VRAM:     15977 MB
    Driver:   32.0.15.9186
Begin MonoManager ReloadAssembly
- Loaded All Assemblies, in  0.110 seconds
- Finished resetting the current domain, in  0.001 seconds
<RI> Initializing input.
<RI> Input initialized.
<RI> Initialized touch support.
[PhysX] Initialized MultithreadedTaskDispatcher with 14 workers.
UnloadTime: 0.674300 ms
Command line arguments: -disable-compute-shaders
RimWorld 1.6.4871 rev591
Mod Jawa Ikee dependency (sarg.alphaanimals) needs to have <downloadUrl> and/or <steamWorkshopUrl> specified.
Mod JawaVoice (SpeakUp reskin) dependency (JPT.speakup) needs to have <downloadUrl> and/or <steamWorkshopUrl> specified.
Direct3D: detected that using refresh rate causes time drift. Will stop trusting refresh rate until the game window is moved.
Direct3D: detected that vsync is broken (it does not limit frame rate properly). Delta time will now be calculated using cpu-side time stampling until the game window is moved.
Mod RimTalk Expand: AI Storyteller dependency (cyberchronicle.rimtalkexperts) needs to have <downloadUrl> and/or <steamWorkshopUrl> specified.
Mod RimTalk Expand: AI Storyteller dependency (brrainz.harmony) needs to have <downloadUrl> and/or <steamWorkshopUrl> specified.
Mod Custom Room Names - RimTalk Addon dependency (cj.Rimtalk) needs to have <downloadUrl> and/or <steamWorkshopUrl> specified.
Mod Custom Room Names - RimTalk Addon dependency (costel.CustomRoomNames) needs to have <downloadUrl> and/or <steamWorkshopUrl> specified.
Mod RimTalk - Expand Dialogue dependency (cj.RimTalk) needs to have <downloadUrl> and/or <steamWorkshopUrl> specified.
Mod RimTalk - Expand Dialogue dependency (brrainz.harmony) needs to have <downloadUrl> and/or <steamWorkshopUrl> specified.
Mod RimTalk - Expand Actions Core dependency (cj.RimTalk) needs to have <downloadUrl> and/or <steamWorkshopUrl> specified.
Mod RimTalk - Expand Actions Core dependency (brrainz.harmony) needs to have <downloadUrl> and/or <steamWorkshopUrl> specified.
Mod RimTalk - Expand Relation dependency (cj.RimTalk) needs to have <downloadUrl> and/or <steamWorkshopUrl> specified.
Mod RimTalk - Expand Relation dependency (brrainz.harmony) needs to have <downloadUrl> and/or <steamWorkshopUrl> specified.
Mod RimTalk - Expand Thoughts dependency (cj.RimTalk) needs to have <downloadUrl> and/or <steamWorkshopUrl> specified.
Mod RimTalk - Expand Thoughts dependency (brrainz.harmony) needs to have <downloadUrl> and/or <steamWorkshopUrl> specified.
Mod RimTalk - Expand Literature dependency (cj.rimtalk) needs to have <downloadUrl> and/or <steamWorkshopUrl> specified.
Mod RimTalk - Expand Toddlers dependency (cyanobot.toddlers) needs to have <downloadUrl> and/or <steamWorkshopUrl> specified.
Mod RimTalk - Expand Toddlers dependency (cj.rimtalk) needs to have <downloadUrl> and/or <steamWorkshopUrl> specified.
Mod Large Pawns dependency (brrainz.harmony) needs to have <downloadUrl> and/or <steamWorkshopUrl> specified.
Mod Wood's Muzzle Flash for Ancient urban ruins has a dependency (issaczhuang.muzzleflash) with empty display name.
Mod Wood's Muzzle Flash for Ancient urban ruins dependency (issaczhuang.muzzleflash) needs to have <downloadUrl> and/or <steamWorkshopUrl> specified.
Mod Wood's Muzzle Flash for Ancient urban ruins has a dependency (xmb.ancienturbanruins.mo) with empty display name.
Mod Wood's Muzzle Flash for Ancient urban ruins dependency (xmb.ancienturbanruins.mo) needs to have <downloadUrl> and/or <steamWorkshopUrl> specified.
Mod Forced Xenogerm Implantation dependency (brrainz.harmony) needs to have <downloadUrl> and/or <steamWorkshopUrl> specified.
Exception loading from System.Xml.XmlElement: System.MissingMethodException: Default constructor not found for type System.String
  at System.RuntimeType.CreateInstanceMono (System.Boolean nonPublic, System.Boolean wrapExceptions) [0x00076] in <51fded79cd284d4d911c5949aff4cb21>:0 
  at System.RuntimeType.CreateInstanceSlow (System.Boolean publicOnly, System.Boolean wrapExceptions, System.Boolean skipCheckThis, System.Boolean fillCache) [0x00009] in <51fded79cd284d4d911c5949aff4cb21>:0 
  at System.RuntimeType.CreateInstanceDefaultCtor (System.Boolean publicOnly, System.Boolean skipCheckThis, System.Boolean fillCache, System.Boolean wrapExceptions, System.Threading.StackCrawlMark& stackMark) [0x00027] in <51fded79cd284d4d911c5949aff4cb21>:0 
  at System.Activator.CreateInstance (System.Type type, System.Boolean nonPublic, System.Boolean wrapExceptions) [0x00020] in <51fded79cd284d4d911c5949aff4cb21>:0 
  at System.Activator.CreateInstance (System.Type type, System.Boolean nonPublic) [0x00000] in <51fded79cd284d4d911c5949aff4cb21>:0 
  at System.Activator.CreateInstance (System.Type type) [0x00000] in <51fded79cd284d4d911c5949aff4cb21>:0 
  at Verse.DirectXmlToObject.ObjectFromXml[T] (System.Xml.XmlNode xmlRoot, System.Boolean doPostLoad) [0x0045c] in <61e4173561894da49d210260257b5097>:0 
  at Verse.DirectXmlToObject.ObjectFromXmlReflection[T] (System.Xml.XmlNode xmlRoot, System.Boolean doPostLoad) [0x00000] in <61e4173561894da49d210260257b5097>:0 
  at Verse.DirectXmlToObject.ObjectFromXml[T] (System.Xml.XmlNode xmlRoot, System.Boolean doPostLoad) [0x0060e] in <61e4173561894da49d210260257b5097>:0 
Fallback handler could not load library C:/Program Files (x86)/Steam/steamapps/common/RimWorld/RimWorldWin64_Data/MonoBleedingEdge/data-00000285C1A57050.dll
Fallback handler could not load library C:/Program Files (x86)/Steam/steamapps/common/RimWorld/RimWorldWin64_Data/MonoBleedingEdge/data-00000285F84C7140.dll
Prepatcher: Starting... (vanilla load took 3.827263s)
Prepatcher: Game processing took 414.763ms
Prepatcher: Serializing patched assemblies
Prepatcher: Serializing took 1194.9035ms
Prepatcher: Setting refonly
Prepatcher: Loading patched assemblies
Fallback handler could not load library C:/Program Files (x86)/Steam/steamapps/common/RimWorld/RimWorldWin64_Data/MonoBleedingEdge/data-0000028602419040.dll
Fallback handler could not load library C:/Program Files (x86)/Steam/steamapps/common/RimWorld/RimWorldWin64_Data/MonoBleedingEdge/data-0000028434F80040.dll
Fallback handler could not load library C:/Program Files (x86)/Steam/steamapps/common/RimWorld/RimWorldWin64_Data/MonoBleedingEdge/data-00000285F87B4020.dll
Fallback handler could not load library C:/Program Files (x86)/Steam/steamapps/common/RimWorld/RimWorldWin64_Data/MonoBleedingEdge/data-00000285F8858020.dll
Fallback handler could not load library C:/Program Files (x86)/Steam/steamapps/common/RimWorld/RimWorldWin64_Data/MonoBleedingEdge/data-00000285C45A3020.dll
Fallback handler could not load library C:/Program Files (x86)/Steam/steamapps/common/RimWorld/RimWorldWin64_Data/MonoBleedingEdge/data-00000285F89C4020.dll
Fallback handler could not load library C:/Program Files (x86)/Steam/steamapps/common/RimWorld/RimWorldWin64_Data/MonoBleedingEdge/data-00000285F9338050.dll
Fallback handler could not load library C:/Program Files (x86)/Steam/steamapps/common/RimWorld/RimWorldWin64_Data/MonoBleedingEdge/data-00000285F85F6D30.dll
Fallback handler could not load library C:/Program Files (x86)/Steam/steamapps/common/RimWorld/RimWorldWin64_Data/MonoBleedingEdge/data-000002860333C040.dll
Fallback handler could not load library C:/Program Files (x86)/Steam/steamapps/common/RimWorld/RimWorldWin64_Data/MonoBleedingEdge/data-00000285F8A62030.dll
Fallback handler could not load library C:/Program Files (x86)/Steam/steamapps/common/RimWorld/RimWorldWin64_Data/MonoBleedingEdge/data-00000285F9346A60.dll
Fallback handler could not load library C:/Program Files (x86)/Steam/steamapps/common/RimWorld/RimWorldWin64_Data/MonoBleedingEdge/data-00000285F8A4E020.dll
Fallback handler could not load library C:/Program Files (x86)/Steam/steamapps/common/RimWorld/RimWorldWin64_Data/MonoBleedingEdge/data-00000285F9687040.dll
Fallback handler could not load library C:/Program Files (x86)/Steam/steamapps/common/RimWorld/RimWorldWin64_Data/MonoBleedingEdge/data-00000285C4463980.dll
Fallback handler could not load library C:/Program Files (x86)/Steam/steamapps/common/RimWorld/RimWorldWin64_Data/MonoBleedingEdge/data-00000285F827B5F0.dll
Fallback handler could not load library C:/Program Files (x86)/Steam/steamapps/common/RimWorld/RimWorldWin64_Data/MonoBleedingEdge/data-00000285F80C7F90.dll
Fallback handler could not load library C:/Program Files (x86)/Steam/steamapps/common/RimWorld/RimWorldWin64_Data/MonoBleedingEdge/data-00000285E6473430.dll
Fallback handler could not load library C:/Program Files (x86)/Steam/steamapps/common/RimWorld/RimWorldWin64_Data/MonoBleedingEdge/data-00000285E6475A40.dll
Fallback handler could not load library C:/Program Files (x86)/Steam/steamapps/common/RimWorld/RimWorldWin64_Data/MonoBleedingEdge/data-00000285F89EB4F0.dll
Fallback handler could not load library C:/Program Files (x86)/Steam/steamapps/common/RimWorld/RimWorldWin64_Data/MonoBleedingEdge/data-00000285F89EE300.dll
Fallback handler could not load library C:/Program Files (x86)/Steam/steamapps/common/RimWorld/RimWorldWin64_Data/MonoBleedingEdge/data-00000285F89F1D10.dll
Fallback handler could not load library C:/Program Files (x86)/Steam/steamapps/common/RimWorld/RimWorldWin64_Data/MonoBleedingEdge/data-00000285F970B650.dll
Fallback handler could not load library C:/Program Files (x86)/Steam/steamapps/common/RimWorld/RimWorldWin64_Data/MonoBleedingEdge/data-00000285F8CE8450.dll
Fallback handler could not load library C:/Program Files (x86)/Steam/steamapps/common/RimWorld/RimWorldWin64_Data/MonoBleedingEdge/data-00000285F8ECA010.dll
Fallback handler could not load library C:/Program Files (x86)/Steam/steamapps/common/RimWorld/RimWorldWin64_Data/MonoBleedingEdge/data-00000285F97E9E60.dll
Fallback handler could not load library C:/Program Files (x86)/Steam/steamapps/common/RimWorld/RimWorldWin64_Data/MonoBleedingEdge/data-00000285F9358C70.dll
Fallback handler could not load library C:/Program Files (x86)/Steam/steamapps/common/RimWorld/RimWorldWin64_Data/MonoBleedingEdge/data-0000028603451040.dll
Fallback handler could not load library C:/Program Files (x86)/Steam/steamapps/common/RimWorld/RimWorldWin64_Data/MonoBleedingEdge/data-00000285F98A31E0.dll
Fallback handler could not load library C:/Program Files (x86)/Steam/steamapps/common/RimWorld/RimWorldWin64_Data/MonoBleedingEdge/data-00000285F98CB7F0.dll
Fallback handler could not load library C:/Program Files (x86)/Steam/steamapps/common/RimWorld/RimWorldWin64_Data/MonoBleedingEdge/data-00000285F93814B0.dll
Fallback handler could not load library C:/Program Files (x86)/Steam/steamapps/common/RimWorld/RimWorldWin64_Data/MonoBleedingEdge/data-00000285F98FDE00.dll
Fallback handler could not load library C:/Program Files (x86)/Steam/steamapps/common/RimWorld/RimWorldWin64_Data/MonoBleedingEdge/data-00000285F99B9580.dll
Fallback handler could not load library C:/Program Files (x86)/Steam/steamapps/common/RimWorld/RimWorldWin64_Data/MonoBleedingEdge/data-00000285F93890C0.dll
Fallback handler could not load library C:/Program Files (x86)/Steam/steamapps/common/RimWorld/RimWorldWin64_Data/MonoBleedingEdge/data-00000285F99EE790.dll
Fallback handler could not load library C:/Program Files (x86)/Steam/steamapps/common/RimWorld/RimWorldWin64_Data/MonoBleedingEdge/data-0000028603623040.dll
Fallback handler could not load library C:/Program Files (x86)/Steam/steamapps/common/RimWorld/RimWorldWin64_Data/MonoBleedingEdge/data-00000285F9A1D3A0.dll
Fallback handler could not load library C:/Program Files (x86)/Steam/steamapps/common/RimWorld/RimWorldWin64_Data/MonoBleedingEdge/data-00000285F8794060.dll
Fallback handler could not load library C:/Program Files (x86)/Steam/steamapps/common/RimWorld/RimWorldWin64_Data/MonoBleedingEdge/data-00000285F8796070.dll
Fallback handler could not load library C:/Program Files (x86)/Steam/steamapps/common/RimWorld/RimWorldWin64_Data/MonoBleedingEdge/data-00000285EE1B4B30.dll
Fallback handler could not load library C:/Program Files (x86)/Steam/steamapps/common/RimWorld/RimWorldWin64_Data/MonoBleedingEdge/data-00000285F907A030.dll
Fallback handler could not load library C:/Program Files (x86)/Steam/steamapps/common/RimWorld/RimWorldWin64_Data/MonoBleedingEdge/data-00000285F953A030.dll
Fallback handler could not load library C:/Program Files (x86)/Steam/steamapps/common/RimWorld/RimWorldWin64_Data/MonoBleedingEdge/data-00000285F9AD4DB0.dll
Fallback handler could not load library C:/Program Files (x86)/Steam/steamapps/common/RimWorld/RimWorldWin64_Data/MonoBleedingEdge/data-00000285F9AD93C0.dll
Fallback handler could not load library C:/Program Files (x86)/Steam/steamapps/common/RimWorld/RimWorldWin64_Data/MonoBleedingEdge/data-00000285F93A12D0.dll
Fallback handler could not load library C:/Program Files (x86)/Steam/steamapps/common/RimWorld/RimWorldWin64_Data/MonoBleedingEdge/data-00000285EE1B3720.dll
Fallback handler could not load library C:/Program Files (x86)/Steam/steamapps/common/RimWorld/RimWorldWin64_Data/MonoBleedingEdge/data-00000285F93AC4E0.dll
Fallback handler could not load library C:/Program Files (x86)/Steam/steamapps/common/RimWorld/RimWorldWin64_Data/MonoBleedingEdge/data-00000285F93AFAF0.dll
Fallback handler could not load library C:/Program Files (x86)/Steam/steamapps/common/RimWorld/RimWorldWin64_Data/MonoBleedingEdge/data-00000285F9AF3BD0.dll
Fallback handler could not load library C:/Program Files (x86)/Steam/steamapps/common/RimWorld/RimWorldWin64_Data/MonoBleedingEdge/data-00000285F9926410.dll
Fallback handler could not load library C:/Program Files (x86)/Steam/steamapps/common/RimWorld/RimWorldWin64_Data/MonoBleedingEdge/data-00000285F8B24F00.dll
Fallback handler could not load library C:/Program Files (x86)/Steam/steamapps/common/RimWorld/RimWorldWin64_Data/MonoBleedingEdge/data-00000285F9AFDBE0.dll
Fallback handler could not load library C:/Program Files (x86)/Steam/steamapps/common/RimWorld/RimWorldWin64_Data/MonoBleedingEdge/data-00000285F9B05DF0.dll
Fallback handler could not load library C:/Program Files (x86)/Steam/steamapps/common/RimWorld/RimWorldWin64_Data/MonoBleedingEdge/data-00000285F8ED3C20.dll
Fallback handler could not load library C:/Program Files (x86)/Steam/steamapps/common/RimWorld/RimWorldWin64_Data/MonoBleedingEdge/data-00000285F9B16000.dll
Fallback handler could not load library C:/Program Files (x86)/Steam/steamapps/common/RimWorld/RimWorldWin64_Data/MonoBleedingEdge/data-00000285F8B2A310.dll
Fallback handler could not load library C:/Program Files (x86)/Steam/steamapps/common/RimWorld/RimWorldWin64_Data/MonoBleedingEdge/data-00000285F9B1C210.dll
Fallback handler could not load library C:/Program Files (x86)/Steam/steamapps/common/RimWorld/RimWorldWin64_Data/MonoBleedingEdge/data-00000285F93BA020.dll
Fallback handler could not load library C:/Program Files (x86)/Steam/steamapps/common/RimWorld/RimWorldWin64_Data/MonoBleedingEdge/data-00000285F9B22020.dll
Fallback handler could not load library C:/Program Files (x86)/Steam/steamapps/common/RimWorld/RimWorldWin64_Data/MonoBleedingEdge/data-00000285F9B42830.dll
Fallback handler could not load library C:/Program Files (x86)/Steam/steamapps/common/RimWorld/RimWorldWin64_Data/MonoBleedingEdge/data-00000285F9B45640.dll
Fallback handler could not load library C:/Program Files (x86)/Steam/steamapps/common/RimWorld/RimWorldWin64_Data/MonoBleedingEdge/data-00000285F9B61A50.dll
Fallback handler could not load library C:/Program Files (x86)/Steam/steamapps/common/RimWorld/RimWorldWin64_Data/MonoBleedingEdge/data-00000285F9B6DC60.dll
Fallback handler could not load library C:/Program Files (x86)/Steam/steamapps/common/RimWorld/RimWorldWin64_Data/MonoBleedingEdge/data-00000285F9BB9E70.dll
Fallback handler could not load library C:/Program Files (x86)/Steam/steamapps/common/RimWorld/RimWorldWin64_Data/MonoBleedingEdge/data-00000285F9BBFA80.dll
Fallback handler could not load library C:/Program Files (x86)/Steam/steamapps/common/RimWorld/RimWorldWin64_Data/MonoBleedingEdge/data-00000285F9BC9E90.dll
Fallback handler could not load library C:/Program Files (x86)/Steam/steamapps/common/RimWorld/RimWorldWin64_Data/MonoBleedingEdge/data-00000285F85FC940.dll
Fallback handler could not load library C:/Program Files (x86)/Steam/steamapps/common/RimWorld/RimWorldWin64_Data/MonoBleedingEdge/data-00000285F8ED6030.dll
Fallback handler could not load library C:/Program Files (x86)/Steam/steamapps/common/RimWorld/RimWorldWin64_Data/MonoBleedingEdge/data-00000285F9BF1CA0.dll
Fallback handler could not load library C:/Program Files (x86)/Steam/steamapps/common/RimWorld/RimWorldWin64_Data/MonoBleedingEdge/data-0000028603780080.dll
Fallback handler could not load library C:/Program Files (x86)/Steam/steamapps/common/RimWorld/RimWorldWin64_Data/MonoBleedingEdge/data-0000028603786090.dll
Fallback handler could not load library C:/Program Files (x86)/Steam/steamapps/common/RimWorld/RimWorldWin64_Data/MonoBleedingEdge/data-00000285F9C088B0.dll
Fallback handler could not load library C:/Program Files (x86)/Steam/steamapps/common/RimWorld/RimWorldWin64_Data/MonoBleedingEdge/data-00000286037922A0.dll
Fallback handler could not load library C:/Program Files (x86)/Steam/steamapps/common/RimWorld/RimWorldWin64_Data/MonoBleedingEdge/data-00000286037970B0.dll
Fallback handler could not load library C:/Program Files (x86)/Steam/steamapps/common/RimWorld/RimWorldWin64_Data/MonoBleedingEdge/data-00000286037D7010.dll
Fallback handler could not load library C:/Program Files (x86)/Steam/steamapps/common/RimWorld/RimWorldWin64_Data/MonoBleedingEdge/data-00000285F8CEEC70.dll
Fallback handler could not load library C:/Program Files (x86)/Steam/steamapps/common/RimWorld/RimWorldWin64_Data/MonoBleedingEdge/data-00000286037DE020.dll
Fallback handler could not load library C:/Program Files (x86)/Steam/steamapps/common/RimWorld/RimWorldWin64_Data/MonoBleedingEdge/data-00000286037EA030.dll
Fallback handler could not load library C:/Program Files (x86)/Steam/steamapps/common/RimWorld/RimWorldWin64_Data/MonoBleedingEdge/data-00000286037F5640.dll
Fallback handler could not load library C:/Program Files (x86)/Steam/steamapps/common/RimWorld/RimWorldWin64_Data/MonoBleedingEdge/data-00000286037FA050.dll
Fallback handler could not load library C:/Program Files (x86)/Steam/steamapps/common/RimWorld/RimWorldWin64_Data/MonoBleedingEdge/data-0000028603809C60.dll
Fallback handler could not load library C:/Program Files (x86)/Steam/steamapps/common/RimWorld/RimWorldWin64_Data/MonoBleedingEdge/data-000002860380F270.dll
Fallback handler could not load library C:/Program Files (x86)/Steam/steamapps/common/RimWorld/RimWorldWin64_Data/MonoBleedingEdge/data-0000028603849280.dll
Fallback handler could not load library C:/Program Files (x86)/Steam/steamapps/common/RimWorld/RimWorldWin64_Data/MonoBleedingEdge/data-000002860384D490.dll
Fallback handler could not load library C:/Program Files (x86)/Steam/steamapps/common/RimWorld/RimWorldWin64_Data/MonoBleedingEdge/data-00000285F9C0CAC0.dll
Fallback handler could not load library C:/Program Files (x86)/Steam/steamapps/common/RimWorld/RimWorldWin64_Data/MonoBleedingEdge/data-00000286038554A0.dll
Fallback handler could not load library C:/Program Files (x86)/Steam/steamapps/common/RimWorld/RimWorldWin64_Data/MonoBleedingEdge/data-00000285F8CF2080.dll
Fallback handler could not load library C:/Program Files (x86)/Steam/steamapps/common/RimWorld/RimWorldWin64_Data/MonoBleedingEdge/data-0000028603869EB0.dll
Fallback handler could not load library C:/Program Files (x86)/Steam/steamapps/common/RimWorld/RimWorldWin64_Data/MonoBleedingEdge/data-00000286038702C0.dll
Fallback handler could not load library C:/Program Files (x86)/Steam/steamapps/common/RimWorld/RimWorldWin64_Data/MonoBleedingEdge/data-000002860389E4D0.dll
Fallback handler could not load library C:/Program Files (x86)/Steam/steamapps/common/RimWorld/RimWorldWin64_Data/MonoBleedingEdge/data-00000285F87A20D0.dll
Fallback handler could not load library C:/Program Files (x86)/Steam/steamapps/common/RimWorld/RimWorldWin64_Data/MonoBleedingEdge/data-000002860475F040.dll
Fallback handler could not load library C:/Program Files (x86)/Steam/steamapps/common/RimWorld/RimWorldWin64_Data/MonoBleedingEdge/data-00000285EE1B9B70.dll
Fallback handler could not load library C:/Program Files (x86)/Steam/steamapps/common/RimWorld/RimWorldWin64_Data/MonoBleedingEdge/data-000002860391BEE0.dll
Fallback handler could not load library C:/Program Files (x86)/Steam/steamapps/common/RimWorld/RimWorldWin64_Data/MonoBleedingEdge/data-000002860391F4F0.dll
Fallback handler could not load library C:/Program Files (x86)/Steam/steamapps/common/RimWorld/RimWorldWin64_Data/MonoBleedingEdge/data-0000028603928B00.dll
Fallback handler could not load library C:/Program Files (x86)/Steam/steamapps/common/RimWorld/RimWorldWin64_Data/MonoBleedingEdge/data-00000285F92EA880.dll
Fallback handler could not load library C:/Program Files (x86)/Steam/steamapps/common/RimWorld/RimWorldWin64_Data/MonoBleedingEdge/data-0000028603930310.dll
Fallback handler could not load library C:/Program Files (x86)/Steam/steamapps/common/RimWorld/RimWorldWin64_Data/MonoBleedingEdge/data-000002860393CB20.dll
Fallback handler could not load library C:/Program Files (x86)/Steam/steamapps/common/RimWorld/RimWorldWin64_Data/MonoBleedingEdge/data-00000285F80CA1A0.dll
Fallback handler could not load library C:/Program Files (x86)/Steam/steamapps/common/RimWorld/RimWorldWin64_Data/MonoBleedingEdge/data-00000285F8B2D520.dll
Fallback handler could not load library C:/Program Files (x86)/Steam/steamapps/common/RimWorld/RimWorldWin64_Data/MonoBleedingEdge/data-0000028603948F30.dll
Fallback handler could not load library C:/Program Files (x86)/Steam/steamapps/common/RimWorld/RimWorldWin64_Data/MonoBleedingEdge/data-000002860488D040.dll
Fallback handler could not load library C:/Program Files (x86)/Steam/steamapps/common/RimWorld/RimWorldWin64_Data/MonoBleedingEdge/data-000002860394F940.dll
Fallback handler could not load library C:/Program Files (x86)/Steam/steamapps/common/RimWorld/RimWorldWin64_Data/MonoBleedingEdge/data-0000028603954150.dll
Fallback handler could not load library C:/Program Files (x86)/Steam/steamapps/common/RimWorld/RimWorldWin64_Data/MonoBleedingEdge/data-0000028603958960.dll
Fallback handler could not load library C:/Program Files (x86)/Steam/steamapps/common/RimWorld/RimWorldWin64_Data/MonoBleedingEdge/data-000002860395CF70.dll
Fallback handler could not load library C:/Program Files (x86)/Steam/steamapps/common/RimWorld/RimWorldWin64_Data/MonoBleedingEdge/data-00000285F8ED8C40.dll
Fallback handler could not load library C:/Program Files (x86)/Steam/steamapps/common/RimWorld/RimWorldWin64_Data/MonoBleedingEdge/data-000002860396BF80.dll
Fallback handler could not load library C:/Program Files (x86)/Steam/steamapps/common/RimWorld/RimWorldWin64_Data/MonoBleedingEdge/data-00000285F80CC3B0.dll
Fallback handler could not load library C:/Program Files (x86)/Steam/steamapps/common/RimWorld/RimWorldWin64_Data/MonoBleedingEdge/data-0000028603970B90.dll
Fallback handler could not load library C:/Program Files (x86)/Steam/steamapps/common/RimWorld/RimWorldWin64_Data/MonoBleedingEdge/data-0000028603972FA0.dll
Fallback handler could not load library C:/Program Files (x86)/Steam/steamapps/common/RimWorld/RimWorldWin64_Data/MonoBleedingEdge/data-00000285F920C570.dll
Fallback handler could not load library C:/Program Files (x86)/Steam/steamapps/common/RimWorld/RimWorldWin64_Data/MonoBleedingEdge/data-00000286039781B0.dll
Fallback handler could not load library C:/Program Files (x86)/Steam/steamapps/common/RimWorld/RimWorldWin64_Data/MonoBleedingEdge/data-0000028603979FC0.dll
Fallback handler could not load library C:/Program Files (x86)/Steam/steamapps/common/RimWorld/RimWorldWin64_Data/MonoBleedingEdge/data-000002860397BBD0.dll
Fallback handler could not load library C:/Program Files (x86)/Steam/steamapps/common/RimWorld/RimWorldWin64_Data/MonoBleedingEdge/data-00000286039801E0.dll
Fallback handler could not load library C:/Program Files (x86)/Steam/steamapps/common/RimWorld/RimWorldWin64_Data/MonoBleedingEdge/data-00000286039859F0.dll
Fallback handler could not load library C:/Program Files (x86)/Steam/steamapps/common/RimWorld/RimWorldWin64_Data/MonoBleedingEdge/data-0000028603994600.dll
Fallback handler could not load library C:/Program Files (x86)/Steam/steamapps/common/RimWorld/RimWorldWin64_Data/MonoBleedingEdge/data-00000286039ACA10.dll
Fallback handler could not load library C:/Program Files (x86)/Steam/steamapps/common/RimWorld/RimWorldWin64_Data/MonoBleedingEdge/data-00000286039C7EE0.dll
Fallback handler could not load library C:/Program Files (x86)/Steam/steamapps/common/RimWorld/RimWorldWin64_Data/MonoBleedingEdge/data-00000286039B2E20.dll
Fallback handler could not load library C:/Program Files (x86)/Steam/steamapps/common/RimWorld/RimWorldWin64_Data/MonoBleedingEdge/data-00000285F879E0B0.dll
Fallback handler could not load library C:/Program Files (x86)/Steam/steamapps/common/RimWorld/RimWorldWin64_Data/MonoBleedingEdge/data-00000285EE1BAF80.dll
Fallback handler could not load library C:/Program Files (x86)/Steam/steamapps/common/RimWorld/RimWorldWin64_Data/MonoBleedingEdge/data-0000028603A0D060.dll
Fallback handler could not load library C:/Program Files (x86)/Steam/steamapps/common/RimWorld/RimWorldWin64_Data/MonoBleedingEdge/data-0000028603A2D020.dll
Fallback handler could not load library C:/Program Files (x86)/Steam/steamapps/common/RimWorld/RimWorldWin64_Data/MonoBleedingEdge/data-0000028603A44830.dll
Fallback handler could not load library C:/Program Files (x86)/Steam/steamapps/common/RimWorld/RimWorldWin64_Data/MonoBleedingEdge/data-0000028603A51C40.dll
Fallback handler could not load library C:/Program Files (x86)/Steam/steamapps/common/RimWorld/RimWorldWin64_Data/MonoBleedingEdge/data-00000285F8B03280.dll
Fallback handler could not load library C:/Program Files (x86)/Steam/steamapps/common/RimWorld/RimWorldWin64_Data/MonoBleedingEdge/data-0000028603A64C50.dll
Fallback handler could not load library C:/Program Files (x86)/Steam/steamapps/common/RimWorld/RimWorldWin64_Data/MonoBleedingEdge/data-0000028603ACC060.dll
Fallback handler could not load library C:/Program Files (x86)/Steam/steamapps/common/RimWorld/RimWorldWin64_Data/MonoBleedingEdge/data-0000028603AF4870.dll
Fallback handler could not load library C:/Program Files (x86)/Steam/steamapps/common/RimWorld/RimWorldWin64_Data/MonoBleedingEdge/data-0000028603B0A690.dll
Fallback handler could not load library C:/Program Files (x86)/Steam/steamapps/common/RimWorld/RimWorldWin64_Data/MonoBleedingEdge/data-0000028603B108A0.dll
Fallback handler could not load library C:/Program Files (x86)/Steam/steamapps/common/RimWorld/RimWorldWin64_Data/MonoBleedingEdge/data-00000285F92E8070.dll
Fallback handler could not load library C:/Program Files (x86)/Steam/steamapps/common/RimWorld/RimWorldWin64_Data/MonoBleedingEdge/data-0000028603B270B0.dll
Fallback handler could not load library C:/Program Files (x86)/Steam/steamapps/common/RimWorld/RimWorldWin64_Data/MonoBleedingEdge/data-00000285F92EF8A0.dll
Fallback handler could not load library C:/Program Files (x86)/Steam/steamapps/common/RimWorld/RimWorldWin64_Data/MonoBleedingEdge/data-0000028603B2F6C0.dll
Fallback handler could not load library C:/Program Files (x86)/Steam/steamapps/common/RimWorld/RimWorldWin64_Data/MonoBleedingEdge/data-0000028603B368D0.dll
Fallback handler could not load library C:/Program Files (x86)/Steam/steamapps/common/RimWorld/RimWorldWin64_Data/MonoBleedingEdge/data-0000028603B3B8E0.dll
Fallback handler could not load library C:/Program Files (x86)/Steam/steamapps/common/RimWorld/RimWorldWin64_Data/MonoBleedingEdge/data-00000285F92F48C0.dll
Fallback handler could not load library C:/Program Files (x86)/Steam/steamapps/common/RimWorld/RimWorldWin64_Data/MonoBleedingEdge/data-00000285F920DB80.dll
Fallback handler could not load library C:/Program Files (x86)/Steam/steamapps/common/RimWorld/RimWorldWin64_Data/MonoBleedingEdge/data-0000028603B47AF0.dll
Fallback handler could not load library C:/Program Files (x86)/Steam/steamapps/common/RimWorld/RimWorldWin64_Data/MonoBleedingEdge/data-0000028603B55D00.dll
Fallback handler could not load library C:/Program Files (x86)/Steam/steamapps/common/RimWorld/RimWorldWin64_Data/MonoBleedingEdge/data-0000028603B59910.dll
Fallback handler could not load library C:/Program Files (x86)/Steam/steamapps/common/RimWorld/RimWorldWin64_Data/MonoBleedingEdge/data-0000028603BC9920.dll
Fallback handler could not load library C:/Program Files (x86)/Steam/steamapps/common/RimWorld/RimWorldWin64_Data/MonoBleedingEdge/data-0000028603BCC330.dll
Fallback handler could not load library C:/Program Files (x86)/Steam/steamapps/common/RimWorld/RimWorldWin64_Data/MonoBleedingEdge/data-0000028603BE3340.dll
Fallback handler could not load library C:/Program Files (x86)/Steam/steamapps/common/RimWorld/RimWorldWin64_Data/MonoBleedingEdge/data-0000028603B91120.dll
Fallback handler could not load library C:/Program Files (x86)/Steam/steamapps/common/RimWorld/RimWorldWin64_Data/MonoBleedingEdge/data-0000028603BE7B50.dll
Fallback handler could not load library C:/Program Files (x86)/Steam/steamapps/common/RimWorld/RimWorldWin64_Data/MonoBleedingEdge/data-0000028603C01360.dll
Fallback handler could not load library C:/Program Files (x86)/Steam/steamapps/common/RimWorld/RimWorldWin64_Data/MonoBleedingEdge/data-00000285F92ED090.dll
Fallback handler could not load library C:/Program Files (x86)/Steam/steamapps/common/RimWorld/RimWorldWin64_Data/MonoBleedingEdge/data-0000028603C2F570.dll
Fallback handler could not load library C:/Program Files (x86)/Steam/steamapps/common/RimWorld/RimWorldWin64_Data/MonoBleedingEdge/data-00000285F8B056A0.dll
Fallback handler could not load library C:/Program Files (x86)/Steam/steamapps/common/RimWorld/RimWorldWin64_Data/MonoBleedingEdge/data-0000028603C32380.dll
Fallback handler could not load library C:/Program Files (x86)/Steam/steamapps/common/RimWorld/RimWorldWin64_Data/MonoBleedingEdge/data-0000028603C34990.dll
Fallback handler could not load library C:/Program Files (x86)/Steam/steamapps/common/RimWorld/RimWorldWin64_Data/MonoBleedingEdge/data-0000028603C365A0.dll
Fallback handler could not load library C:/Program Files (x86)/Steam/steamapps/common/RimWorld/RimWorldWin64_Data/MonoBleedingEdge/data-0000028603C3F5B0.dll
Fallback handler could not load library C:/Program Files (x86)/Steam/steamapps/common/RimWorld/RimWorldWin64_Data/MonoBleedingEdge/data-0000028603C43BC0.dll
Fallback handler could not load library C:/Program Files (x86)/Steam/steamapps/common/RimWorld/RimWorldWin64_Data/MonoBleedingEdge/data-0000028603C469D0.dll
Fallback handler could not load library C:/Program Files (x86)/Steam/steamapps/common/RimWorld/RimWorldWin64_Data/MonoBleedingEdge/data-0000028603C5F3E0.dll
Fallback handler could not load library C:/Program Files (x86)/Steam/steamapps/common/RimWorld/RimWorldWin64_Data/MonoBleedingEdge/data-0000028603C61DF0.dll
Fallback handler could not load library C:/Program Files (x86)/Steam/steamapps/common/RimWorld/RimWorldWin64_Data/MonoBleedingEdge/data-00000285F87A40E0.dll
Fallback handler could not load library C:/Program Files (x86)/Steam/steamapps/common/RimWorld/RimWorldWin64_Data/MonoBleedingEdge/data-0000028603C76010.dll
Fallback handler could not load library C:/Program Files (x86)/Steam/steamapps/common/RimWorld/RimWorldWin64_Data/MonoBleedingEdge/data-0000028603C80820.dll
Fallback handler could not load library C:/Program Files (x86)/Steam/steamapps/common/RimWorld/RimWorldWin64_Data/MonoBleedingEdge/data-00000285F92133C0.dll
Fallback handler could not load library C:/Program Files (x86)/Steam/steamapps/common/RimWorld/RimWorldWin64_Data/MonoBleedingEdge/data-0000028603C82E30.dll
Fallback handler could not load library C:/Program Files (x86)/Steam/steamapps/common/RimWorld/RimWorldWin64_Data/MonoBleedingEdge/data-0000028603C8E240.dll
Fallback handler could not load library C:/Program Files (x86)/Steam/steamapps/common/RimWorld/RimWorldWin64_Data/MonoBleedingEdge/data-0000028603C95450.dll
Fallback handler could not load library C:/Program Files (x86)/Steam/steamapps/common/RimWorld/RimWorldWin64_Data/MonoBleedingEdge/data-00000285F8B04490.dll
Fallback handler could not load library C:/Program Files (x86)/Steam/steamapps/common/RimWorld/RimWorldWin64_Data/MonoBleedingEdge/data-0000028603C99460.dll
Fallback handler could not load library C:/Program Files (x86)/Steam/steamapps/common/RimWorld/RimWorldWin64_Data/MonoBleedingEdge/data-00000285F80D4BF0.dll
Fallback handler could not load library C:/Program Files (x86)/Steam/steamapps/common/RimWorld/RimWorldWin64_Data/MonoBleedingEdge/data-0000028603C9AE70.dll
Fallback handler could not load library C:/Program Files (x86)/Steam/steamapps/common/RimWorld/RimWorldWin64_Data/MonoBleedingEdge/data-0000028603C9E480.dll
Fallback handler could not load library C:/Program Files (x86)/Steam/steamapps/common/RimWorld/RimWorldWin64_Data/MonoBleedingEdge/data-0000028603CBA290.dll
Fallback handler could not load library C:/Program Files (x86)/Steam/steamapps/common/RimWorld/RimWorldWin64_Data/MonoBleedingEdge/data-0000028603CCCEA0.dll
Fallback handler could not load library C:/Program Files (x86)/Steam/steamapps/common/RimWorld/RimWorldWin64_Data/MonoBleedingEdge/data-0000028603CD26B0.dll
Fallback handler could not load library C:/Program Files (x86)/Steam/steamapps/common/RimWorld/RimWorldWin64_Data/MonoBleedingEdge/data-0000028603CD68C0.dll
Fallback handler could not load library C:/Program Files (x86)/Steam/steamapps/common/RimWorld/RimWorldWin64_Data/MonoBleedingEdge/data-00000285EE1BC390.dll
Fallback handler could not load library C:/Program Files (x86)/Steam/steamapps/common/RimWorld/RimWorldWin64_Data/MonoBleedingEdge/data-0000028603CD96D0.dll
Fallback handler could not load library C:/Program Files (x86)/Steam/steamapps/common/RimWorld/RimWorldWin64_Data/MonoBleedingEdge/data-0000028603CDB0E0.dll
Fallback handler could not load library C:/Program Files (x86)/Steam/steamapps/common/RimWorld/RimWorldWin64_Data/MonoBleedingEdge/data-00000285F87A60F0.dll
Fallback handler could not load library C:/Program Files (x86)/Steam/steamapps/common/RimWorld/RimWorldWin64_Data/MonoBleedingEdge/data-00000285F8EDA650.dll
Fallback handler could not load library C:/Program Files (x86)/Steam/steamapps/common/RimWorld/RimWorldWin64_Data/MonoBleedingEdge/data-0000028603CE1EF0.dll
Fallback handler could not load library C:/Program Files (x86)/Steam/steamapps/common/RimWorld/RimWorldWin64_Data/MonoBleedingEdge/data-0000028603CE6900.dll
Fallback handler could not load library C:/Program Files (x86)/Steam/steamapps/common/RimWorld/RimWorldWin64_Data/MonoBleedingEdge/data-00000285EE1B8760.dll
Fallback handler could not load library C:/Program Files (x86)/Steam/steamapps/common/RimWorld/RimWorldWin64_Data/MonoBleedingEdge/data-00000285F80CE5C0.dll
Fallback handler could not load library C:/Program Files (x86)/Steam/steamapps/common/RimWorld/RimWorldWin64_Data/MonoBleedingEdge/data-0000028603CF0120.dll
Fallback handler could not load library C:/Program Files (x86)/Steam/steamapps/common/RimWorld/RimWorldWin64_Data/MonoBleedingEdge/data-00000285F8CF5490.dll
Fallback handler could not load library C:/Program Files (x86)/Steam/steamapps/common/RimWorld/RimWorldWin64_Data/MonoBleedingEdge/data-0000028603CF9330.dll
Fallback handler could not load library C:/Program Files (x86)/Steam/steamapps/common/RimWorld/RimWorldWin64_Data/MonoBleedingEdge/data-00000285F87A8100.dll
Fallback handler could not load library C:/Program Files (x86)/Steam/steamapps/common/RimWorld/RimWorldWin64_Data/MonoBleedingEdge/data-0000028603D01B40.dll
Fallback handler could not load library C:/Program Files (x86)/Steam/steamapps/common/RimWorld/RimWorldWin64_Data/MonoBleedingEdge/data-00000285F8B02070.dll
Fallback handler could not load library C:/Program Files (x86)/Steam/steamapps/common/RimWorld/RimWorldWin64_Data/MonoBleedingEdge/data-00000285F87AC120.dll
Fallback handler could not load library C:/Program Files (x86)/Steam/steamapps/common/RimWorld/RimWorldWin64_Data/MonoBleedingEdge/data-0000028603D07550.dll
Fallback handler could not load library C:/Program Files (x86)/Steam/steamapps/common/RimWorld/RimWorldWin64_Data/MonoBleedingEdge/data-0000028603D09360.dll
Fallback handler could not load library C:/Program Files (x86)/Steam/steamapps/common/RimWorld/RimWorldWin64_Data/MonoBleedingEdge/data-0000028603D0CB70.dll
Fallback handler could not load library C:/Program Files (x86)/Steam/steamapps/common/RimWorld/RimWorldWin64_Data/MonoBleedingEdge/data-0000028603D10780.dll
Fallback handler could not load library C:/Program Files (x86)/Steam/steamapps/common/RimWorld/RimWorldWin64_Data/MonoBleedingEdge/data-0000028603D12D90.dll
Fallback handler could not load library C:/Program Files (x86)/Steam/steamapps/common/RimWorld/RimWorldWin64_Data/MonoBleedingEdge/data-0000028603D179A0.dll
Fallback handler could not load library C:/Program Files (x86)/Steam/steamapps/common/RimWorld/RimWorldWin64_Data/MonoBleedingEdge/data-0000028603D1BBB0.dll
Fallback handler could not load library C:/Program Files (x86)/Steam/steamapps/common/RimWorld/RimWorldWin64_Data/MonoBleedingEdge/data-0000028603D2C5C0.dll
Fallback handler could not load library C:/Program Files (x86)/Steam/steamapps/common/RimWorld/RimWorldWin64_Data/MonoBleedingEdge/data-0000028603D2FFD0.dll
Fallback handler could not load library C:/Program Files (x86)/Steam/steamapps/common/RimWorld/RimWorldWin64_Data/MonoBleedingEdge/data-0000028603D35BE0.dll
Fallback handler could not load library C:/Program Files (x86)/Steam/steamapps/common/RimWorld/RimWorldWin64_Data/MonoBleedingEdge/data-0000028603D4BBF0.dll
Fallback handler could not load library C:/Program Files (x86)/Steam/steamapps/common/RimWorld/RimWorldWin64_Data/MonoBleedingEdge/data-0000028603D5D400.dll
Fallback handler could not load library C:/Program Files (x86)/Steam/steamapps/common/RimWorld/RimWorldWin64_Data/MonoBleedingEdge/data-00000285F8CEB860.dll
Fallback handler could not load library C:/Program Files (x86)/Steam/steamapps/common/RimWorld/RimWorldWin64_Data/MonoBleedingEdge/data-0000028603D62A10.dll
Fallback handler could not load library C:/Program Files (x86)/Steam/steamapps/common/RimWorld/RimWorldWin64_Data/MonoBleedingEdge/data-0000028603DA6010.dll
Fallback handler could not load library C:/Program Files (x86)/Steam/steamapps/common/RimWorld/RimWorldWin64_Data/MonoBleedingEdge/data-0000028603DBF420.dll
Fallback handler could not load library C:/Program Files (x86)/Steam/steamapps/common/RimWorld/RimWorldWin64_Data/MonoBleedingEdge/data-0000028603DE1440.dll
Fallback handler could not load library C:/Program Files (x86)/Steam/steamapps/common/RimWorld/RimWorldWin64_Data/MonoBleedingEdge/data-0000028603DE6250.dll
Fallback handler could not load library C:/Program Files (x86)/Steam/steamapps/common/RimWorld/RimWorldWin64_Data/MonoBleedingEdge/data-00000285EE1C13D0.dll
Fallback handler could not load library C:/Program Files (x86)/Steam/steamapps/common/RimWorld/RimWorldWin64_Data/MonoBleedingEdge/data-0000028603DED660.dll
Fallback handler could not load library C:/Program Files (x86)/Steam/steamapps/common/RimWorld/RimWorldWin64_Data/MonoBleedingEdge/data-0000028603DF0270.dll
Fallback handler could not load library C:/Program Files (x86)/Steam/steamapps/common/RimWorld/RimWorldWin64_Data/MonoBleedingEdge/data-0000028603DF1A80.dll
Fallback handler could not load library C:/Program Files (x86)/Steam/steamapps/common/RimWorld/RimWorldWin64_Data/MonoBleedingEdge/data-0000028603DFE890.dll
Fallback handler could not load library C:/Program Files (x86)/Steam/steamapps/common/RimWorld/RimWorldWin64_Data/MonoBleedingEdge/data-0000028603E088A0.dll
Fallback handler could not load library C:/Program Files (x86)/Steam/steamapps/common/RimWorld/RimWorldWin64_Data/MonoBleedingEdge/data-0000028603E122B0.dll
Fallback handler could not load library C:/Program Files (x86)/Steam/steamapps/common/RimWorld/RimWorldWin64_Data/MonoBleedingEdge/data-0000028603E13EC0.dll
Fallback handler could not load library C:/Program Files (x86)/Steam/steamapps/common/RimWorld/RimWorldWin64_Data/MonoBleedingEdge/data-00000285F8D024D0.dll
Fallback handler could not load library C:/Program Files (x86)/Steam/steamapps/common/RimWorld/RimWorldWin64_Data/MonoBleedingEdge/data-0000028603E1CED0.dll
Fallback handler could not load library C:/Program Files (x86)/Steam/steamapps/common/RimWorld/RimWorldWin64_Data/MonoBleedingEdge/data-0000028603E216E0.dll
Fallback handler could not load library C:/Program Files (x86)/Steam/steamapps/common/RimWorld/RimWorldWin64_Data/MonoBleedingEdge/data-0000028603E250F0.dll
Fallback handler could not load library C:/Program Files (x86)/Steam/steamapps/common/RimWorld/RimWorldWin64_Data/MonoBleedingEdge/data-0000028603E41300.dll
Fallback handler could not load library C:/Program Files (x86)/Steam/steamapps/common/RimWorld/RimWorldWin64_Data/MonoBleedingEdge/data-0000028603E4CD10.dll
Fallback handler could not load library C:/Program Files (x86)/Steam/steamapps/common/RimWorld/RimWorldWin64_Data/MonoBleedingEdge/data-0000028603E4EB20.dll
Fallback handler could not load library C:/Program Files (x86)/Steam/steamapps/common/RimWorld/RimWorldWin64_Data/MonoBleedingEdge/data-00000285F9211DB0.dll
Fallback handler could not load library C:/Program Files (x86)/Steam/steamapps/common/RimWorld/RimWorldWin64_Data/MonoBleedingEdge/data-0000028603E70B30.dll
Fallback handler could not load library C:/Program Files (x86)/Steam/steamapps/common/RimWorld/RimWorldWin64_Data/MonoBleedingEdge/data-0000028603E7AD40.dll
Fallback handler could not load library C:/Program Files (x86)/Steam/steamapps/common/RimWorld/RimWorldWin64_Data/MonoBleedingEdge/data-0000028603E7FB50.dll
Fallback handler could not load library C:/Program Files (x86)/Steam/steamapps/common/RimWorld/RimWorldWin64_Data/MonoBleedingEdge/data-0000028603E82560.dll
Fallback handler could not load library C:/Program Files (x86)/Steam/steamapps/common/RimWorld/RimWorldWin64_Data/MonoBleedingEdge/data-0000028603EAC970.dll
Fallback handler could not load library C:/Program Files (x86)/Steam/steamapps/common/RimWorld/RimWorldWin64_Data/MonoBleedingEdge/data-0000028603EB0F80.dll
Fallback handler could not load library C:/Program Files (x86)/Steam/steamapps/common/RimWorld/RimWorldWin64_Data/MonoBleedingEdge/data-00000285EE1BFFC0.dll
Fallback handler could not load library C:/Program Files (x86)/Steam/steamapps/common/RimWorld/RimWorldWin64_Data/MonoBleedingEdge/data-0000028603EB7990.dll
Fallback handler could not load library C:/Program Files (x86)/Steam/steamapps/common/RimWorld/RimWorldWin64_Data/MonoBleedingEdge/data-0000028603EBC1A0.dll
Fallback handler could not load library C:/Program Files (x86)/Steam/steamapps/common/RimWorld/RimWorldWin64_Data/MonoBleedingEdge/data-0000028603EBDDB0.dll
Fallback handler could not load library C:/Program Files (x86)/Steam/steamapps/common/RimWorld/RimWorldWin64_Data/MonoBleedingEdge/data-0000028603ECF7C0.dll
Fallback handler could not load library C:/Program Files (x86)/Steam/steamapps/common/RimWorld/RimWorldWin64_Data/MonoBleedingEdge/data-0000028603EFC9D0.dll
Fallback handler could not load library C:/Program Files (x86)/Steam/steamapps/common/RimWorld/RimWorldWin64_Data/MonoBleedingEdge/data-00000285F87AE130.dll
Fallback handler could not load library C:/Program Files (x86)/Steam/steamapps/common/RimWorld/RimWorldWin64_Data/MonoBleedingEdge/data-00000285EE1BD7A0.dll
Fallback handler could not load library C:/Program Files (x86)/Steam/steamapps/common/RimWorld/RimWorldWin64_Data/MonoBleedingEdge/data-0000028603EFE7E0.dll
Fallback handler could not load library C:/Program Files (x86)/Steam/steamapps/common/RimWorld/RimWorldWin64_Data/MonoBleedingEdge/data-0000028603F03DF0.dll
Fallback handler could not load library C:/Program Files (x86)/Steam/steamapps/common/RimWorld/RimWorldWin64_Data/MonoBleedingEdge/data-0000028603F0CC00.dll
Fallback handler could not load library C:/Program Files (x86)/Steam/steamapps/common/RimWorld/RimWorldWin64_Data/MonoBleedingEdge/data-0000028603F0E410.dll
Fallback handler could not load library C:/Program Files (x86)/Steam/steamapps/common/RimWorld/RimWorldWin64_Data/MonoBleedingEdge/data-0000028603F2C420.dll
Fallback handler could not load library C:/Program Files (x86)/Steam/steamapps/common/RimWorld/RimWorldWin64_Data/MonoBleedingEdge/data-00000285F80D07D0.dll
Fallback handler could not load library C:/Program Files (x86)/Steam/steamapps/common/RimWorld/RimWorldWin64_Data/MonoBleedingEdge/data-0000028603F2F230.dll
Fallback handler could not load library C:/Program Files (x86)/Steam/steamapps/common/RimWorld/RimWorldWin64_Data/MonoBleedingEdge/data-0000028603F36AB0.dll
Fallback handler could not load library C:/Program Files (x86)/Steam/steamapps/common/RimWorld/RimWorldWin64_Data/MonoBleedingEdge/data-0000028603F74010.dll
Fallback handler could not load library C:/Program Files (x86)/Steam/steamapps/common/RimWorld/RimWorldWin64_Data/MonoBleedingEdge/data-0000028603F78420.dll
Fallback handler could not load library C:/Program Files (x86)/Steam/steamapps/common/RimWorld/RimWorldWin64_Data/MonoBleedingEdge/data-0000028603F7CE30.dll
Fallback handler could not load library C:/Program Files (x86)/Steam/steamapps/common/RimWorld/RimWorldWin64_Data/MonoBleedingEdge/data-0000028603FA0040.dll
Fallback handler could not load library C:/Program Files (x86)/Steam/steamapps/common/RimWorld/RimWorldWin64_Data/MonoBleedingEdge/data-0000028603FA4E50.dll
Fallback handler could not load library C:/Program Files (x86)/Steam/steamapps/common/RimWorld/RimWorldWin64_Data/MonoBleedingEdge/data-0000028603FE2060.dll
Fallback handler could not load library C:/Program Files (x86)/Steam/steamapps/common/RimWorld/RimWorldWin64_Data/MonoBleedingEdge/data-0000028603FE4C70.dll
Fallback handler could not load library C:/Program Files (x86)/Steam/steamapps/common/RimWorld/RimWorldWin64_Data/MonoBleedingEdge/data-0000028603FE6480.dll
Fallback handler could not load library C:/Program Files (x86)/Steam/steamapps/common/RimWorld/RimWorldWin64_Data/MonoBleedingEdge/data-0000028603FE9690.dll
Fallback handler could not load library C:/Program Files (x86)/Steam/steamapps/common/RimWorld/RimWorldWin64_Data/MonoBleedingEdge/data-0000028603FF6CA0.dll
Fallback handler could not load library C:/Program Files (x86)/Steam/steamapps/common/RimWorld/RimWorldWin64_Data/MonoBleedingEdge/data-0000028604003CB0.dll
Fallback handler could not load library C:/Program Files (x86)/Steam/steamapps/common/RimWorld/RimWorldWin64_Data/MonoBleedingEdge/data-00000286040152D0.dll
Fallback handler could not load library C:/Program Files (x86)/Steam/steamapps/common/RimWorld/RimWorldWin64_Data/MonoBleedingEdge/data-00000285F8B08CD0.dll
Fallback handler could not load library C:/Program Files (x86)/Steam/steamapps/common/RimWorld/RimWorldWin64_Data/MonoBleedingEdge/data-0000028604016EE0.dll
Fallback handler could not load library C:/Program Files (x86)/Steam/steamapps/common/RimWorld/RimWorldWin64_Data/MonoBleedingEdge/data-0000028604019EF0.dll
Fallback handler could not load library C:/Program Files (x86)/Steam/steamapps/common/RimWorld/RimWorldWin64_Data/MonoBleedingEdge/data-0000028604021100.dll
Fallback handler could not load library C:/Program Files (x86)/Steam/steamapps/common/RimWorld/RimWorldWin64_Data/MonoBleedingEdge/data-0000028604029510.dll
Fallback handler could not load library C:/Program Files (x86)/Steam/steamapps/common/RimWorld/RimWorldWin64_Data/MonoBleedingEdge/data-00000286040C29F0.dll
Fallback handler could not load library C:/Program Files (x86)/Steam/steamapps/common/RimWorld/RimWorldWin64_Data/MonoBleedingEdge/data-0000028604080320.dll
Fallback handler could not load library C:/Program Files (x86)/Steam/steamapps/common/RimWorld/RimWorldWin64_Data/MonoBleedingEdge/data-0000028604088F30.dll
Fallback handler could not load library C:/Program Files (x86)/Steam/steamapps/common/RimWorld/RimWorldWin64_Data/MonoBleedingEdge/data-0000028604098010.dll
Fallback handler could not load library C:/Program Files (x86)/Steam/steamapps/common/RimWorld/RimWorldWin64_Data/MonoBleedingEdge/data-000002860409B020.dll
Fallback handler could not load library C:/Program Files (x86)/Steam/steamapps/common/RimWorld/RimWorldWin64_Data/MonoBleedingEdge/data-00000286040C6600.dll
Fallback handler could not load library C:/Program Files (x86)/Steam/steamapps/common/RimWorld/RimWorldWin64_Data/MonoBleedingEdge/data-00000286049DB040.dll
Fallback handler could not load library C:/Program Files (x86)/Steam/steamapps/common/RimWorld/RimWorldWin64_Data/MonoBleedingEdge/data-00000286040E8610.dll
Fallback handler could not load library C:/Program Files (x86)/Steam/steamapps/common/RimWorld/RimWorldWin64_Data/MonoBleedingEdge/data-000002860410D220.dll
Fallback handler could not load library C:/Program Files (x86)/Steam/steamapps/common/RimWorld/RimWorldWin64_Data/MonoBleedingEdge/data-0000028604B27040.dll
Fallback handler could not load library C:/Program Files (x86)/Steam/steamapps/common/RimWorld/RimWorldWin64_Data/MonoBleedingEdge/data-0000028604122430.dll
Fallback handler could not load library C:/Program Files (x86)/Steam/steamapps/common/RimWorld/RimWorldWin64_Data/MonoBleedingEdge/data-000002860412B840.dll
Fallback handler could not load library C:/Program Files (x86)/Steam/steamapps/common/RimWorld/RimWorldWin64_Data/MonoBleedingEdge/data-000002860412EE50.dll
Fallback handler could not load library C:/Program Files (x86)/Steam/steamapps/common/RimWorld/RimWorldWin64_Data/MonoBleedingEdge/data-00000286041DCE60.dll
Fallback handler could not load library C:/Program Files (x86)/Steam/steamapps/common/RimWorld/RimWorldWin64_Data/MonoBleedingEdge/data-00000286041F1A00.dll
Fallback handler could not load library C:/Program Files (x86)/Steam/steamapps/common/RimWorld/RimWorldWin64_Data/MonoBleedingEdge/data-00000285EE1C27E0.dll
Fallback handler could not load library C:/Program Files (x86)/Steam/steamapps/common/RimWorld/RimWorldWin64_Data/MonoBleedingEdge/data-00000286041FAA10.dll
Fallback handler could not load library C:/Program Files (x86)/Steam/steamapps/common/RimWorld/RimWorldWin64_Data/MonoBleedingEdge/data-0000028604219FF0.dll
Fallback handler could not load library C:/Program Files (x86)/Steam/steamapps/common/RimWorld/RimWorldWin64_Data/MonoBleedingEdge/data-0000028604263010.dll
Fallback handler could not load library C:/Program Files (x86)/Steam/steamapps/common/RimWorld/RimWorldWin64_Data/MonoBleedingEdge/data-00000286041E2E70.dll
Fallback handler could not load library C:/Program Files (x86)/Steam/steamapps/common/RimWorld/RimWorldWin64_Data/MonoBleedingEdge/data-00000285F8CFBCB0.dll
Fallback handler could not load library C:/Program Files (x86)/Steam/steamapps/common/RimWorld/RimWorldWin64_Data/MonoBleedingEdge/data-0000028604207020.dll
Fallback handler could not load library C:/Program Files (x86)/Steam/steamapps/common/RimWorld/RimWorldWin64_Data/MonoBleedingEdge/data-0000028604270220.dll
Fallback handler could not load library C:/Program Files (x86)/Steam/steamapps/common/RimWorld/RimWorldWin64_Data/MonoBleedingEdge/data-0000028604278230.dll
Fallback handler could not load library C:/Program Files (x86)/Steam/steamapps/common/RimWorld/RimWorldWin64_Data/MonoBleedingEdge/data-0000028604285A40.dll
Fallback handler could not load library C:/Program Files (x86)/Steam/steamapps/common/RimWorld/RimWorldWin64_Data/MonoBleedingEdge/data-00000285F8CFF0C0.dll
Fallback handler could not load library C:/Program Files (x86)/Steam/steamapps/common/RimWorld/RimWorldWin64_Data/MonoBleedingEdge/data-0000028604209E30.dll
Fallback handler could not load library C:/Program Files (x86)/Steam/steamapps/common/RimWorld/RimWorldWin64_Data/MonoBleedingEdge/data-000002860428E650.dll
Fallback handler could not load library C:/Program Files (x86)/Steam/steamapps/common/RimWorld/RimWorldWin64_Data/MonoBleedingEdge/data-000002860429B260.dll
Fallback handler could not load library C:/Program Files (x86)/Steam/steamapps/common/RimWorld/RimWorldWin64_Data/MonoBleedingEdge/data-00000286042A0270.dll
Fallback handler could not load library C:/Program Files (x86)/Steam/steamapps/common/RimWorld/RimWorldWin64_Data/MonoBleedingEdge/data-00000286042AD480.dll
Fallback handler could not load library C:/Program Files (x86)/Steam/steamapps/common/RimWorld/RimWorldWin64_Data/MonoBleedingEdge/data-00000286042B3090.dll
Fallback handler could not load library C:/Program Files (x86)/Steam/steamapps/common/RimWorld/RimWorldWin64_Data/MonoBleedingEdge/data-00000286042B5CA0.dll
Fallback handler could not load library C:/Program Files (x86)/Steam/steamapps/common/RimWorld/RimWorldWin64_Data/MonoBleedingEdge/data-00000286042BACB0.dll
Fallback handler could not load library C:/Program Files (x86)/Steam/steamapps/common/RimWorld/RimWorldWin64_Data/MonoBleedingEdge/data-00000286042C20C0.dll
Fallback handler could not load library C:/Program Files (x86)/Steam/steamapps/common/RimWorld/RimWorldWin64_Data/MonoBleedingEdge/data-00000286042C3AD0.dll
Fallback handler could not load library C:/Program Files (x86)/Steam/steamapps/common/RimWorld/RimWorldWin64_Data/MonoBleedingEdge/data-00000286042C7AE0.dll
Fallback handler could not load library C:/Program Files (x86)/Steam/steamapps/common/RimWorld/RimWorldWin64_Data/MonoBleedingEdge/data-00000285F8CF88A0.dll
Fallback handler could not load library C:/Program Files (x86)/Steam/steamapps/common/RimWorld/RimWorldWin64_Data/MonoBleedingEdge/data-00000286042CCAF0.dll
Fallback handler could not load library C:/Program Files (x86)/Steam/steamapps/common/RimWorld/RimWorldWin64_Data/MonoBleedingEdge/data-00000286042CE700.dll
Fallback handler could not load library C:/Program Files (x86)/Steam/steamapps/common/RimWorld/RimWorldWin64_Data/MonoBleedingEdge/data-00000286042D0510.dll
Fallback handler could not load library C:/Program Files (x86)/Steam/steamapps/common/RimWorld/RimWorldWin64_Data/MonoBleedingEdge/data-00000286042F6120.dll
Fallback handler could not load library C:/Program Files (x86)/Steam/steamapps/common/RimWorld/RimWorldWin64_Data/MonoBleedingEdge/data-000002860430D530.dll
Fallback handler could not load library C:/Program Files (x86)/Steam/steamapps/common/RimWorld/RimWorldWin64_Data/MonoBleedingEdge/data-0000028604312F40.dll
Fallback handler could not load library C:/Program Files (x86)/Steam/steamapps/common/RimWorld/RimWorldWin64_Data/MonoBleedingEdge/data-0000028603F34AA0.dll
Fallback handler could not load library C:/Program Files (x86)/Steam/steamapps/common/RimWorld/RimWorldWin64_Data/MonoBleedingEdge/data-0000028604315950.dll
Fallback handler could not load library C:/Program Files (x86)/Steam/steamapps/common/RimWorld/RimWorldWin64_Data/MonoBleedingEdge/data-000002860436EB60.dll
Fallback handler could not load library C:/Program Files (x86)/Steam/steamapps/common/RimWorld/RimWorldWin64_Data/MonoBleedingEdge/data-000002860437B370.dll
Fallback handler could not load library C:/Program Files (x86)/Steam/steamapps/common/RimWorld/RimWorldWin64_Data/MonoBleedingEdge/data-000002860437D180.dll
Fallback handler could not load library C:/Program Files (x86)/Steam/steamapps/common/RimWorld/RimWorldWin64_Data/MonoBleedingEdge/data-0000028604383390.dll
Fallback handler could not load library C:/Program Files (x86)/Steam/steamapps/common/RimWorld/RimWorldWin64_Data/MonoBleedingEdge/data-00000286043863A0.dll
Fallback handler could not load library C:/Program Files (x86)/Steam/steamapps/common/RimWorld/RimWorldWin64_Data/MonoBleedingEdge/data-00000286043925B0.dll
Fallback handler could not load library C:/Program Files (x86)/Steam/steamapps/common/RimWorld/RimWorldWin64_Data/MonoBleedingEdge/data-00000286043AEDC0.dll
Fallback handler could not load library C:/Program Files (x86)/Steam/steamapps/common/RimWorld/RimWorldWin64_Data/MonoBleedingEdge/data-00000286043B71D0.dll
Fallback handler could not load library C:/Program Files (x86)/Steam/steamapps/common/RimWorld/RimWorldWin64_Data/MonoBleedingEdge/data-00000286043BADE0.dll
Fallback handler could not load library C:/Program Files (x86)/Steam/steamapps/common/RimWorld/RimWorldWin64_Data/MonoBleedingEdge/data-00000286043C07F0.dll
Fallback handler could not load library C:/Program Files (x86)/Steam/steamapps/common/RimWorld/RimWorldWin64_Data/MonoBleedingEdge/data-00000286043C4C00.dll
Fallback handler could not load library C:/Program Files (x86)/Steam/steamapps/common/RimWorld/RimWorldWin64_Data/MonoBleedingEdge/data-00000286043C8E10.dll
Fallback handler could not load library C:/Program Files (x86)/Steam/steamapps/common/RimWorld/RimWorldWin64_Data/MonoBleedingEdge/data-00000286043CA820.dll
Fallback handler could not load library C:/Program Files (x86)/Steam/steamapps/common/RimWorld/RimWorldWin64_Data/MonoBleedingEdge/data-00000286043CCC30.dll
Fallback handler could not load library C:/Program Files (x86)/Steam/steamapps/common/RimWorld/RimWorldWin64_Data/MonoBleedingEdge/data-00000286043CE640.dll
Fallback handler could not load library C:/Program Files (x86)/Steam/steamapps/common/RimWorld/RimWorldWin64_Data/MonoBleedingEdge/data-00000286043D5650.dll
Fallback handler could not load library C:/Program Files (x86)/Steam/steamapps/common/RimWorld/RimWorldWin64_Data/MonoBleedingEdge/data-00000286043E4860.dll
Fallback handler could not load library C:/Program Files (x86)/Steam/steamapps/common/RimWorld/RimWorldWin64_Data/MonoBleedingEdge/data-00000286043EB070.dll
Fallback handler could not load library C:/Program Files (x86)/Steam/steamapps/common/RimWorld/RimWorldWin64_Data/MonoBleedingEdge/data-00000286043ED680.dll
Fallback handler could not load library C:/Program Files (x86)/Steam/steamapps/common/RimWorld/RimWorldWin64_Data/MonoBleedingEdge/data-00000286043F1490.dll
Fallback handler could not load library C:/Program Files (x86)/Steam/steamapps/common/RimWorld/RimWorldWin64_Data/MonoBleedingEdge/data-00000286043F4CA0.dll
Fallback handler could not load library C:/Program Files (x86)/Steam/steamapps/common/RimWorld/RimWorldWin64_Data/MonoBleedingEdge/data-0000028604413CB0.dll
Fallback handler could not load library C:/Program Files (x86)/Steam/steamapps/common/RimWorld/RimWorldWin64_Data/MonoBleedingEdge/data-00000286044484C0.dll
Fallback handler could not load library C:/Program Files (x86)/Steam/steamapps/common/RimWorld/RimWorldWin64_Data/MonoBleedingEdge/data-00000286044618D0.dll
Fallback handler could not load library C:/Program Files (x86)/Steam/steamapps/common/RimWorld/RimWorldWin64_Data/MonoBleedingEdge/data-000002860446B8E0.dll
Fallback handler could not load library C:/Program Files (x86)/Steam/steamapps/common/RimWorld/RimWorldWin64_Data/MonoBleedingEdge/data-000002860446F0F0.dll
Fallback handler could not load library C:/Program Files (x86)/Steam/steamapps/common/RimWorld/RimWorldWin64_Data/MonoBleedingEdge/data-0000028604489B00.dll
Fallback handler could not load library C:/Program Files (x86)/Steam/steamapps/common/RimWorld/RimWorldWin64_Data/MonoBleedingEdge/data-00000285EE1BEBB0.dll
Fallback handler could not load library C:/Program Files (x86)/Steam/steamapps/common/RimWorld/RimWorldWin64_Data/MonoBleedingEdge/data-000002860448DD10.dll
Fallback handler could not load library C:/Program Files (x86)/Steam/steamapps/common/RimWorld/RimWorldWin64_Data/MonoBleedingEdge/data-0000028604499720.dll
Fallback handler could not load library C:/Program Files (x86)/Steam/steamapps/common/RimWorld/RimWorldWin64_Data/MonoBleedingEdge/data-00000286044A2930.dll
Fallback handler could not load library C:/Program Files (x86)/Steam/steamapps/common/RimWorld/RimWorldWin64_Data/MonoBleedingEdge/data-00000286044B6140.dll
Fallback handler could not load library C:/Program Files (x86)/Steam/steamapps/common/RimWorld/RimWorldWin64_Data/MonoBleedingEdge/data-00000286044BB750.dll
Fallback handler could not load library C:/Program Files (x86)/Steam/steamapps/common/RimWorld/RimWorldWin64_Data/MonoBleedingEdge/data-0000028604507010.dll
Fallback handler could not load library C:/Program Files (x86)/Steam/steamapps/common/RimWorld/RimWorldWin64_Data/MonoBleedingEdge/data-000002860458F420.dll
Fallback handler could not load library C:/Program Files (x86)/Steam/steamapps/common/RimWorld/RimWorldWin64_Data/MonoBleedingEdge/data-0000028604595E30.dll
Fallback handler could not load library C:/Program Files (x86)/Steam/steamapps/common/RimWorld/RimWorldWin64_Data/MonoBleedingEdge/data-00000286045ADC40.dll
Fallback handler could not load library C:/Program Files (x86)/Steam/steamapps/common/RimWorld/RimWorldWin64_Data/MonoBleedingEdge/data-00000286045B6450.dll
Fallback handler could not load library C:/Program Files (x86)/Steam/steamapps/common/RimWorld/RimWorldWin64_Data/MonoBleedingEdge/data-00000286045DB060.dll
Fallback handler could not load library C:/Program Files (x86)/Steam/steamapps/common/RimWorld/RimWorldWin64_Data/MonoBleedingEdge/data-00000286045F3670.dll
Fallback handler could not load library C:/Program Files (x86)/Steam/steamapps/common/RimWorld/RimWorldWin64_Data/MonoBleedingEdge/data-000002860461F080.dll
Fallback handler could not load library C:/Program Files (x86)/Steam/steamapps/common/RimWorld/RimWorldWin64_Data/MonoBleedingEdge/data-000002860462C290.dll
Fallback handler could not load library C:/Program Files (x86)/Steam/steamapps/common/RimWorld/RimWorldWin64_Data/MonoBleedingEdge/data-00000286046348A0.dll
Fallback handler could not load library C:/Program Files (x86)/Steam/steamapps/common/RimWorld/RimWorldWin64_Data/MonoBleedingEdge/data-0000028604636EB0.dll
Fallback handler could not load library C:/Program Files (x86)/Steam/steamapps/common/RimWorld/RimWorldWin64_Data/MonoBleedingEdge/data-0000028604646CC0.dll
Fallback handler could not load library C:/Program Files (x86)/Steam/steamapps/common/RimWorld/RimWorldWin64_Data/MonoBleedingEdge/data-000002860464D8D0.dll
Fallback handler could not load library C:/Program Files (x86)/Steam/steamapps/common/RimWorld/RimWorldWin64_Data/MonoBleedingEdge/data-00000286046518E0.dll
Fallback handler could not load library C:/Program Files (x86)/Steam/steamapps/common/RimWorld/RimWorldWin64_Data/MonoBleedingEdge/data-0000028604676EF0.dll
Fallback handler could not load library C:/Program Files (x86)/Steam/steamapps/common/RimWorld/RimWorldWin64_Data/MonoBleedingEdge/data-0000028604687300.dll
Fallback handler could not load library C:/Program Files (x86)/Steam/steamapps/common/RimWorld/RimWorldWin64_Data/MonoBleedingEdge/data-00000286046D8710.dll
Fallback handler could not load library C:/Program Files (x86)/Steam/steamapps/common/RimWorld/RimWorldWin64_Data/MonoBleedingEdge/data-00000286046E7D20.dll
Fallback handler could not load library C:/Program Files (x86)/Steam/steamapps/common/RimWorld/RimWorldWin64_Data/MonoBleedingEdge/data-0000028604703940.dll
Fallback handler could not load library C:/Program Files (x86)/Steam/steamapps/common/RimWorld/RimWorldWin64_Data/MonoBleedingEdge/data-000002860470A550.dll
Fallback handler could not load library C:/Program Files (x86)/Steam/steamapps/common/RimWorld/RimWorldWin64_Data/MonoBleedingEdge/data-0000028604712760.dll
Fallback handler could not load library C:/Program Files (x86)/Steam/steamapps/common/RimWorld/RimWorldWin64_Data/MonoBleedingEdge/data-000002860473D010.dll
Fallback handler could not load library C:/Program Files (x86)/Steam/steamapps/common/RimWorld/RimWorldWin64_Data/MonoBleedingEdge/data-0000028604CF0080.dll
Fallback handler could not load library C:/Program Files (x86)/Steam/steamapps/common/RimWorld/RimWorldWin64_Data/MonoBleedingEdge/data-0000028604744820.dll
Fallback handler could not load library C:/Program Files (x86)/Steam/steamapps/common/RimWorld/RimWorldWin64_Data/MonoBleedingEdge/data-0000028604CFE290.dll
Fallback handler could not load library C:/Program Files (x86)/Steam/steamapps/common/RimWorld/RimWorldWin64_Data/MonoBleedingEdge/data-0000028604D032A0.dll
Fallback handler could not load library C:/Program Files (x86)/Steam/steamapps/common/RimWorld/RimWorldWin64_Data/MonoBleedingEdge/data-0000028604D09AB0.dll
Fallback handler could not load library C:/Program Files (x86)/Steam/steamapps/common/RimWorld/RimWorldWin64_Data/MonoBleedingEdge/data-000002860474B630.dll
Fallback handler could not load library C:/Program Files (x86)/Steam/steamapps/common/RimWorld/RimWorldWin64_Data/MonoBleedingEdge/data-0000028604D112C0.dll
Fallback handler could not load library C:/Program Files (x86)/Steam/steamapps/common/RimWorld/RimWorldWin64_Data/MonoBleedingEdge/data-0000028604D2F4D0.dll
Fallback handler could not load library C:/Program Files (x86)/Steam/steamapps/common/RimWorld/RimWorldWin64_Data/MonoBleedingEdge/data-0000028604D988E0.dll
Fallback handler could not load library C:/Program Files (x86)/Steam/steamapps/common/RimWorld/RimWorldWin64_Data/MonoBleedingEdge/data-0000028604DC0EF0.dll
Fallback handler could not load library C:/Program Files (x86)/Steam/steamapps/common/RimWorld/RimWorldWin64_Data/MonoBleedingEdge/data-0000028604DD3900.dll
Fallback handler could not load library C:/Program Files (x86)/Steam/steamapps/common/RimWorld/RimWorldWin64_Data/MonoBleedingEdge/data-0000028604DD8D10.dll
Fallback handler could not load library C:/Program Files (x86)/Steam/steamapps/common/RimWorld/RimWorldWin64_Data/MonoBleedingEdge/data-0000028604DEC920.dll
Fallback handler could not load library C:/Program Files (x86)/Steam/steamapps/common/RimWorld/RimWorldWin64_Data/MonoBleedingEdge/data-0000028604DEF730.dll
Fallback handler could not load library C:/Program Files (x86)/Steam/steamapps/common/RimWorld/RimWorldWin64_Data/MonoBleedingEdge/data-0000028604E27540.dll
Fallback handler could not load library C:/Program Files (x86)/Steam/steamapps/common/RimWorld/RimWorldWin64_Data/MonoBleedingEdge/data-0000028604E29950.dll
Fallback handler could not load library C:/Program Files (x86)/Steam/steamapps/common/RimWorld/RimWorldWin64_Data/MonoBleedingEdge/data-0000028604E2C560.dll
Fallback handler could not load library C:/Program Files (x86)/Steam/steamapps/common/RimWorld/RimWorldWin64_Data/MonoBleedingEdge/data-0000028604E4D970.dll
Fallback handler could not load library C:/Program Files (x86)/Steam/steamapps/common/RimWorld/RimWorldWin64_Data/MonoBleedingEdge/data-0000028604E60180.dll
Fallback handler could not load library C:/Program Files (x86)/Steam/steamapps/common/RimWorld/RimWorldWin64_Data/MonoBleedingEdge/data-0000028604E80D90.dll
Fallback handler could not load library C:/Program Files (x86)/Steam/steamapps/common/RimWorld/RimWorldWin64_Data/MonoBleedingEdge/data-00000285EE1C7820.dll
Fallback handler could not load library C:/Program Files (x86)/Steam/steamapps/common/RimWorld/RimWorldWin64_Data/MonoBleedingEdge/data-00000285EE1C6410.dll
Fallback handler could not load library C:/Program Files (x86)/Steam/steamapps/common/RimWorld/RimWorldWin64_Data/MonoBleedingEdge/data-0000028604E859A0.dll
Fallback handler could not load library C:/Program Files (x86)/Steam/steamapps/common/RimWorld/RimWorldWin64_Data/MonoBleedingEdge/data-00000285F80D9010.dll
Fallback handler could not load library C:/Program Files (x86)/Steam/steamapps/common/RimWorld/RimWorldWin64_Data/MonoBleedingEdge/data-0000028604E873B0.dll
Fallback handler could not load library C:/Program Files (x86)/Steam/steamapps/common/RimWorld/RimWorldWin64_Data/MonoBleedingEdge/data-0000028604E8D7C0.dll
Fallback handler could not load library C:/Program Files (x86)/Steam/steamapps/common/RimWorld/RimWorldWin64_Data/MonoBleedingEdge/data-0000028604E91FD0.dll
Fallback handler could not load library C:/Program Files (x86)/Steam/steamapps/common/RimWorld/RimWorldWin64_Data/MonoBleedingEdge/data-0000028604EAE3E0.dll
Fallback handler could not load library C:/Program Files (x86)/Steam/steamapps/common/RimWorld/RimWorldWin64_Data/MonoBleedingEdge/data-0000028604EEF7F0.dll
Fallback handler could not load library C:/Program Files (x86)/Steam/steamapps/common/RimWorld/RimWorldWin64_Data/MonoBleedingEdge/data-0000028604EF3800.dll
Fallback handler could not load library C:/Program Files (x86)/Steam/steamapps/common/RimWorld/RimWorldWin64_Data/MonoBleedingEdge/data-0000028604EF5410.dll
Fallback handler could not load library C:/Program Files (x86)/Steam/steamapps/common/RimWorld/RimWorldWin64_Data/MonoBleedingEdge/data-0000028604F09A70.dll
Fallback handler could not load library C:/Program Files (x86)/Steam/steamapps/common/RimWorld/RimWorldWin64_Data/MonoBleedingEdge/data-0000028604EFBC20.dll
Fallback handler could not load library C:/Program Files (x86)/Steam/steamapps/common/RimWorld/RimWorldWin64_Data/MonoBleedingEdge/data-0000028604F0F880.dll
Fallback handler could not load library C:/Program Files (x86)/Steam/steamapps/common/RimWorld/RimWorldWin64_Data/MonoBleedingEdge/data-00000285F8B07AC0.dll
Fallback handler could not load library C:/Program Files (x86)/Steam/steamapps/common/RimWorld/RimWorldWin64_Data/MonoBleedingEdge/data-0000028604F4D010.dll
Fallback handler could not load library C:/Program Files (x86)/Steam/steamapps/common/RimWorld/RimWorldWin64_Data/MonoBleedingEdge/data-0000028604F6EA20.dll
Fallback handler could not load library C:/Program Files (x86)/Steam/steamapps/common/RimWorld/RimWorldWin64_Data/MonoBleedingEdge/data-0000028604F70230.dll
Fallback handler could not load library C:/Program Files (x86)/Steam/steamapps/common/RimWorld/RimWorldWin64_Data/MonoBleedingEdge/data-0000028604F7E040.dll
Fallback handler could not load library C:/Program Files (x86)/Steam/steamapps/common/RimWorld/RimWorldWin64_Data/MonoBleedingEdge/data-0000028604F87A50.dll
Fallback handler could not load library C:/Program Files (x86)/Steam/steamapps/common/RimWorld/RimWorldWin64_Data/MonoBleedingEdge/data-0000028604FB8E60.dll
Fallback handler could not load library C:/Program Files (x86)/Steam/steamapps/common/RimWorld/RimWorldWin64_Data/MonoBleedingEdge/data-0000028604FBAA70.dll
Fallback handler could not load library C:/Program Files (x86)/Steam/steamapps/common/RimWorld/RimWorldWin64_Data/MonoBleedingEdge/data-00000285F920F190.dll
Fallback handler could not load library C:/Program Files (x86)/Steam/steamapps/common/RimWorld/RimWorldWin64_Data/MonoBleedingEdge/data-0000028604FCBC80.dll
Fallback handler could not load library C:/Program Files (x86)/Steam/steamapps/common/RimWorld/RimWorldWin64_Data/MonoBleedingEdge/data-0000028604FE7020.dll
Fallback handler could not load library C:/Program Files (x86)/Steam/steamapps/common/RimWorld/RimWorldWin64_Data/MonoBleedingEdge/data-0000028605018230.dll
Fallback handler could not load library C:/Program Files (x86)/Steam/steamapps/common/RimWorld/RimWorldWin64_Data/MonoBleedingEdge/data-0000028605032C40.dll
Fallback handler could not load library C:/Program Files (x86)/Steam/steamapps/common/RimWorld/RimWorldWin64_Data/MonoBleedingEdge/data-0000028605CC0040.dll
Fallback handler could not load library C:/Program Files (x86)/Steam/steamapps/common/RimWorld/RimWorldWin64_Data/MonoBleedingEdge/data-0000028605040450.dll
Fallback handler could not load library C:/Program Files (x86)/Steam/steamapps/common/RimWorld/RimWorldWin64_Data/MonoBleedingEdge/data-0000028605076660.dll
Fallback handler could not load library C:/Program Files (x86)/Steam/steamapps/common/RimWorld/RimWorldWin64_Data/MonoBleedingEdge/data-0000028605079870.dll
Fallback handler could not load library C:/Program Files (x86)/Steam/steamapps/common/RimWorld/RimWorldWin64_Data/MonoBleedingEdge/data-0000028605096080.dll
Fallback handler could not load library C:/Program Files (x86)/Steam/steamapps/common/RimWorld/RimWorldWin64_Data/MonoBleedingEdge/data-00000286050E0490.dll
Fallback handler could not load library C:/Program Files (x86)/Steam/steamapps/common/RimWorld/RimWorldWin64_Data/MonoBleedingEdge/data-00000286050E6CA0.dll
Fallback handler could not load library C:/Program Files (x86)/Steam/steamapps/common/RimWorld/RimWorldWin64_Data/MonoBleedingEdge/data-00000286051478B0.dll
Fallback handler could not load library C:/Program Files (x86)/Steam/steamapps/common/RimWorld/RimWorldWin64_Data/MonoBleedingEdge/data-00000285F80D29E0.dll
Fallback handler could not load library C:/Program Files (x86)/Steam/steamapps/common/RimWorld/RimWorldWin64_Data/MonoBleedingEdge/data-00000286051496C0.dll
Fallback handler could not load library C:/Program Files (x86)/Steam/steamapps/common/RimWorld/RimWorldWin64_Data/MonoBleedingEdge/data-000002860515A2D0.dll
Fallback handler could not load library C:/Program Files (x86)/Steam/steamapps/common/RimWorld/RimWorldWin64_Data/MonoBleedingEdge/data-000002860515D0E0.dll
Fallback handler could not load library C:/Program Files (x86)/Steam/steamapps/common/RimWorld/RimWorldWin64_Data/MonoBleedingEdge/data-000002860518D8F0.dll
Fallback handler could not load library C:/Program Files (x86)/Steam/steamapps/common/RimWorld/RimWorldWin64_Data/MonoBleedingEdge/data-0000028605191B00.dll
Fallback handler could not load library C:/Program Files (x86)/Steam/steamapps/common/RimWorld/RimWorldWin64_Data/MonoBleedingEdge/data-0000028605193510.dll
Fallback handler could not load library C:/Program Files (x86)/Steam/steamapps/common/RimWorld/RimWorldWin64_Data/MonoBleedingEdge/data-00000286051ACB20.dll
Fallback handler could not load library C:/Program Files (x86)/Steam/steamapps/common/RimWorld/RimWorldWin64_Data/MonoBleedingEdge/data-00000286051AE930.dll
Fallback handler could not load library C:/Program Files (x86)/Steam/steamapps/common/RimWorld/RimWorldWin64_Data/MonoBleedingEdge/data-00000286051BCD40.dll
Fallback handler could not load library C:/Program Files (x86)/Steam/steamapps/common/RimWorld/RimWorldWin64_Data/MonoBleedingEdge/data-00000286051BF350.dll
Fallback handler could not load library C:/Program Files (x86)/Steam/steamapps/common/RimWorld/RimWorldWin64_Data/MonoBleedingEdge/data-00000286051D0360.dll
Fallback handler could not load library C:/Program Files (x86)/Steam/steamapps/common/RimWorld/RimWorldWin64_Data/MonoBleedingEdge/data-0000028605200F70.dll
Fallback handler could not load library C:/Program Files (x86)/Steam/steamapps/common/RimWorld/RimWorldWin64_Data/MonoBleedingEdge/data-0000028605211180.dll
Fallback handler could not load library C:/Program Files (x86)/Steam/steamapps/common/RimWorld/RimWorldWin64_Data/MonoBleedingEdge/data-000002860521A190.dll
Fallback handler could not load library C:/Program Files (x86)/Steam/steamapps/common/RimWorld/RimWorldWin64_Data/MonoBleedingEdge/data-000002860522A7A0.dll
Fallback handler could not load library C:/Program Files (x86)/Steam/steamapps/common/RimWorld/RimWorldWin64_Data/MonoBleedingEdge/data-00000286052315B0.dll
Fallback handler could not load library C:/Program Files (x86)/Steam/steamapps/common/RimWorld/RimWorldWin64_Data/MonoBleedingEdge/data-00000286052CD9D0.dll
Fallback handler could not load library C:/Program Files (x86)/Steam/steamapps/common/RimWorld/RimWorldWin64_Data/MonoBleedingEdge/data-00000286053A8DE0.dll
Fallback handler could not load library C:/Program Files (x86)/Steam/steamapps/common/RimWorld/RimWorldWin64_Data/MonoBleedingEdge/data-00000285F92F98E0.dll
Fallback handler could not load library C:/Program Files (x86)/Steam/steamapps/common/RimWorld/RimWorldWin64_Data/MonoBleedingEdge/data-00000285F92F20B0.dll
Fallback handler could not load library C:/Program Files (x86)/Steam/steamapps/common/RimWorld/RimWorldWin64_Data/MonoBleedingEdge/data-0000028605297FC0.dll
Fallback handler could not load library C:/Program Files (x86)/Steam/steamapps/common/RimWorld/RimWorldWin64_Data/MonoBleedingEdge/data-00000286053ACBF0.dll
Fallback handler could not load library C:/Program Files (x86)/Steam/steamapps/common/RimWorld/RimWorldWin64_Data/MonoBleedingEdge/data-00000285F92149D0.dll
Fallback handler could not load library C:/Program Files (x86)/Steam/steamapps/common/RimWorld/RimWorldWin64_Data/MonoBleedingEdge/data-00000286053F4E00.dll
Fallback handler could not load library C:/Program Files (x86)/Steam/steamapps/common/RimWorld/RimWorldWin64_Data/MonoBleedingEdge/data-000002860541AC10.dll
Fallback handler could not load library C:/Program Files (x86)/Steam/steamapps/common/RimWorld/RimWorldWin64_Data/MonoBleedingEdge/data-0000028605485010.dll
Fallback handler could not load library C:/Program Files (x86)/Steam/steamapps/common/RimWorld/RimWorldWin64_Data/MonoBleedingEdge/data-000002860549F820.dll
Fallback handler could not load library C:/Program Files (x86)/Steam/steamapps/common/RimWorld/RimWorldWin64_Data/MonoBleedingEdge/data-00000286052A69D0.dll
Fallback handler could not load library C:/Program Files (x86)/Steam/steamapps/common/RimWorld/RimWorldWin64_Data/MonoBleedingEdge/data-00000286054D3A30.dll
Fallback handler could not load library C:/Program Files (x86)/Steam/steamapps/common/RimWorld/RimWorldWin64_Data/MonoBleedingEdge/data-00000286055B0440.dll
Fallback handler could not load library C:/Program Files (x86)/Steam/steamapps/common/RimWorld/RimWorldWin64_Data/MonoBleedingEdge/data-00000286055D7850.dll
Fallback handler could not load library C:/Program Files (x86)/Steam/steamapps/common/RimWorld/RimWorldWin64_Data/MonoBleedingEdge/data-00000286055E0070.dll
Fallback handler could not load library C:/Program Files (x86)/Steam/steamapps/common/RimWorld/RimWorldWin64_Data/MonoBleedingEdge/data-00000285F92107A0.dll
Fallback handler could not load library C:/Program Files (x86)/Steam/steamapps/common/RimWorld/RimWorldWin64_Data/MonoBleedingEdge/data-00000286055E2C80.dll
Fallback handler could not load library C:/Program Files (x86)/Steam/steamapps/common/RimWorld/RimWorldWin64_Data/MonoBleedingEdge/data-0000028605613090.dll
Fallback handler could not load library C:/Program Files (x86)/Steam/steamapps/common/RimWorld/RimWorldWin64_Data/MonoBleedingEdge/data-000002860562EAA0.dll
Fallback handler could not load library C:/Program Files (x86)/Steam/steamapps/common/RimWorld/RimWorldWin64_Data/MonoBleedingEdge/data-000002860563D040.dll
Fallback handler could not load library C:/Program Files (x86)/Steam/steamapps/common/RimWorld/RimWorldWin64_Data/MonoBleedingEdge/data-00000285F80DD430.dll
Fallback handler could not load library C:/Program Files (x86)/Steam/steamapps/common/RimWorld/RimWorldWin64_Data/MonoBleedingEdge/data-0000028605645A50.dll
Fallback handler could not load library C:/Program Files (x86)/Steam/steamapps/common/RimWorld/RimWorldWin64_Data/MonoBleedingEdge/data-000002860566EA60.dll
Fallback handler could not load library C:/Program Files (x86)/Steam/steamapps/common/RimWorld/RimWorldWin64_Data/MonoBleedingEdge/data-000002860572F270.dll
Fallback handler could not load library C:/Program Files (x86)/Steam/steamapps/common/RimWorld/RimWorldWin64_Data/MonoBleedingEdge/data-0000028605758080.dll
Fallback handler could not load library C:/Program Files (x86)/Steam/steamapps/common/RimWorld/RimWorldWin64_Data/MonoBleedingEdge/data-0000028605776A90.dll
Fallback handler could not load library C:/Program Files (x86)/Steam/steamapps/common/RimWorld/RimWorldWin64_Data/MonoBleedingEdge/data-00000286057BB8A0.dll
Fallback handler could not load library C:/Program Files (x86)/Steam/steamapps/common/RimWorld/RimWorldWin64_Data/MonoBleedingEdge/data-00000286057F24B0.dll
Fallback handler could not load library C:/Program Files (x86)/Steam/steamapps/common/RimWorld/RimWorldWin64_Data/MonoBleedingEdge/data-00000286058090C0.dll
Fallback handler could not load library C:/Program Files (x86)/Steam/steamapps/common/RimWorld/RimWorldWin64_Data/MonoBleedingEdge/data-0000028605816CD0.dll
Fallback handler could not load library C:/Program Files (x86)/Steam/steamapps/common/RimWorld/RimWorldWin64_Data/MonoBleedingEdge/data-000002860585D6E0.dll
Fallback handler could not load library C:/Program Files (x86)/Steam/steamapps/common/RimWorld/RimWorldWin64_Data/MonoBleedingEdge/data-00000285F9215FE0.dll
Fallback handler could not load library C:/Program Files (x86)/Steam/steamapps/common/RimWorld/RimWorldWin64_Data/MonoBleedingEdge/data-000002860587F2F0.dll
Fallback handler could not load library C:/Program Files (x86)/Steam/steamapps/common/RimWorld/RimWorldWin64_Data/MonoBleedingEdge/data-00000286058A9100.dll
Fallback handler could not load library C:/Program Files (x86)/Steam/steamapps/common/RimWorld/RimWorldWin64_Data/MonoBleedingEdge/data-00000286058B2510.dll
Fallback handler could not load library C:/Program Files (x86)/Steam/steamapps/common/RimWorld/RimWorldWin64_Data/MonoBleedingEdge/data-00000286058B4920.dll
Fallback handler could not load library C:/Program Files (x86)/Steam/steamapps/common/RimWorld/RimWorldWin64_Data/MonoBleedingEdge/data-0000028603A0F080.dll
Fallback handler could not load library C:/Program Files (x86)/Steam/steamapps/common/RimWorld/RimWorldWin64_Data/MonoBleedingEdge/data-0000028603A10090.dll
Fallback handler could not load library C:/Program Files (x86)/Steam/steamapps/common/RimWorld/RimWorldWin64_Data/MonoBleedingEdge/data-00000286058C7930.dll
Fallback handler could not load library C:/Program Files (x86)/Steam/steamapps/common/RimWorld/RimWorldWin64_Data/MonoBleedingEdge/data-00000286058E1940.dll
Fallback handler could not load library C:/Program Files (x86)/Steam/steamapps/common/RimWorld/RimWorldWin64_Data/MonoBleedingEdge/data-000002860592A010.dll
Fallback handler could not load library C:/Program Files (x86)/Steam/steamapps/common/RimWorld/RimWorldWin64_Data/MonoBleedingEdge/data-000002860593EC20.dll
Fallback handler could not load library C:/Program Files (x86)/Steam/steamapps/common/RimWorld/RimWorldWin64_Data/MonoBleedingEdge/data-0000028605946830.dll
Fallback handler could not load library C:/Program Files (x86)/Steam/steamapps/common/RimWorld/RimWorldWin64_Data/MonoBleedingEdge/data-0000028605962C40.dll
Fallback handler could not load library C:/Program Files (x86)/Steam/steamapps/common/RimWorld/RimWorldWin64_Data/MonoBleedingEdge/data-0000028605630EB0.dll
Fallback handler could not load library C:/Program Files (x86)/Steam/steamapps/common/RimWorld/RimWorldWin64_Data/MonoBleedingEdge/data-0000028605966850.dll
Fallback handler could not load library C:/Program Files (x86)/Steam/steamapps/common/RimWorld/RimWorldWin64_Data/MonoBleedingEdge/data-00000285F8B09EE0.dll
Fallback handler could not load library C:/Program Files (x86)/Steam/steamapps/common/RimWorld/RimWorldWin64_Data/MonoBleedingEdge/data-0000028605978C60.dll
Fallback handler could not load library C:/Program Files (x86)/Steam/steamapps/common/RimWorld/RimWorldWin64_Data/MonoBleedingEdge/data-0000028605988270.dll
Fallback handler could not load library C:/Program Files (x86)/Steam/steamapps/common/RimWorld/RimWorldWin64_Data/MonoBleedingEdge/data-0000028605992480.dll
Fallback handler could not load library C:/Program Files (x86)/Steam/steamapps/common/RimWorld/RimWorldWin64_Data/MonoBleedingEdge/data-00000285F80DB220.dll
Fallback handler could not load library C:/Program Files (x86)/Steam/steamapps/common/RimWorld/RimWorldWin64_Data/MonoBleedingEdge/data-0000028605994E90.dll
Fallback handler could not load library C:/Program Files (x86)/Steam/steamapps/common/RimWorld/RimWorldWin64_Data/MonoBleedingEdge/data-00000286059A20A0.dll
Fallback handler could not load library C:/Program Files (x86)/Steam/steamapps/common/RimWorld/RimWorldWin64_Data/MonoBleedingEdge/data-00000286059A5CB0.dll
Fallback handler could not load library C:/Program Files (x86)/Steam/steamapps/common/RimWorld/RimWorldWin64_Data/MonoBleedingEdge/data-00000286059DFEC0.dll
Fallback handler could not load library C:/Program Files (x86)/Steam/steamapps/common/RimWorld/RimWorldWin64_Data/MonoBleedingEdge/data-00000286059F58D0.dll
Fallback handler could not load library C:/Program Files (x86)/Steam/steamapps/common/RimWorld/RimWorldWin64_Data/MonoBleedingEdge/data-00000286059F8AE0.dll
Fallback handler could not load library C:/Program Files (x86)/Steam/steamapps/common/RimWorld/RimWorldWin64_Data/MonoBleedingEdge/data-00000286059FF0F0.dll
Fallback handler could not load library C:/Program Files (x86)/Steam/steamapps/common/RimWorld/RimWorldWin64_Data/MonoBleedingEdge/data-00000285F8B068B0.dll
Fallback handler could not load library C:/Program Files (x86)/Steam/steamapps/common/RimWorld/RimWorldWin64_Data/MonoBleedingEdge/data-00000285EE1C3BF0.dll
Fallback handler could not load library C:/Program Files (x86)/Steam/steamapps/common/RimWorld/RimWorldWin64_Data/MonoBleedingEdge/data-0000028605A7B900.dll
Fallback handler could not load library C:/Program Files (x86)/Steam/steamapps/common/RimWorld/RimWorldWin64_Data/MonoBleedingEdge/data-00000285F8B0D510.dll
Fallback handler could not load library C:/Program Files (x86)/Steam/steamapps/common/RimWorld/RimWorldWin64_Data/MonoBleedingEdge/data-0000028605A7D510.dll
Fallback handler could not load library C:/Program Files (x86)/Steam/steamapps/common/RimWorld/RimWorldWin64_Data/MonoBleedingEdge/data-0000028605AF6920.dll
Fallback handler could not load library C:/Program Files (x86)/Steam/steamapps/common/RimWorld/RimWorldWin64_Data/MonoBleedingEdge/data-0000028605B25730.dll
Fallback handler could not load library C:/Program Files (x86)/Steam/steamapps/common/RimWorld/RimWorldWin64_Data/MonoBleedingEdge/data-00000285F92FE900.dll
Fallback handler could not load library C:/Program Files (x86)/Steam/steamapps/common/RimWorld/RimWorldWin64_Data/MonoBleedingEdge/data-0000028605BA24F0.dll
Fallback handler could not load library C:/Program Files (x86)/Steam/steamapps/common/RimWorld/RimWorldWin64_Data/MonoBleedingEdge/data-00000285F80D6E00.dll
Fallback handler could not load library C:/Program Files (x86)/Steam/steamapps/common/RimWorld/RimWorldWin64_Data/MonoBleedingEdge/data-0000028605B69B40.dll
Fallback handler could not load library C:/Program Files (x86)/Steam/steamapps/common/RimWorld/RimWorldWin64_Data/MonoBleedingEdge/data-0000028605B6EF50.dll
Fallback handler could not load library C:/Program Files (x86)/Steam/steamapps/common/RimWorld/RimWorldWin64_Data/MonoBleedingEdge/data-0000028605B71360.dll
Fallback handler could not load library C:/Program Files (x86)/Steam/steamapps/common/RimWorld/RimWorldWin64_Data/MonoBleedingEdge/data-00000285F80DF640.dll
Fallback handler could not load library C:/Program Files (x86)/Steam/steamapps/common/RimWorld/RimWorldWin64_Data/MonoBleedingEdge/data-0000028605B72B70.dll
Fallback handler could not load library C:/Program Files (x86)/Steam/steamapps/common/RimWorld/RimWorldWin64_Data/MonoBleedingEdge/data-0000028605B7E010.dll
Fallback handler could not load library C:/Program Files (x86)/Steam/steamapps/common/RimWorld/RimWorldWin64_Data/MonoBleedingEdge/data-0000028605BA7B10.dll
Fallback handler could not load library C:/Program Files (x86)/Steam/steamapps/common/RimWorld/RimWorldWin64_Data/MonoBleedingEdge/data-0000028605BAA120.dll
Fallback handler could not load library C:/Program Files (x86)/Steam/steamapps/common/RimWorld/RimWorldWin64_Data/MonoBleedingEdge/data-00000285F80E5C70.dll
Fallback handler could not load library C:/Program Files (x86)/Steam/steamapps/common/RimWorld/RimWorldWin64_Data/MonoBleedingEdge/data-0000028605BBB940.dll
Fallback handler could not load library C:/Program Files (x86)/Steam/steamapps/common/RimWorld/RimWorldWin64_Data/MonoBleedingEdge/data-0000028605BBD750.dll
Fallback handler could not load library C:/Program Files (x86)/Steam/steamapps/common/RimWorld/RimWorldWin64_Data/MonoBleedingEdge/data-0000028605BC0760.dll
Fallback handler could not load library C:/Program Files (x86)/Steam/steamapps/common/RimWorld/RimWorldWin64_Data/MonoBleedingEdge/data-0000028605BC7D70.dll
Fallback handler could not load library C:/Program Files (x86)/Steam/steamapps/common/RimWorld/RimWorldWin64_Data/MonoBleedingEdge/data-0000028605BC9580.dll
Fallback handler could not load library C:/Program Files (x86)/Steam/steamapps/common/RimWorld/RimWorldWin64_Data/MonoBleedingEdge/data-00000285F8B0E720.dll
Fallback handler could not load library C:/Program Files (x86)/Steam/steamapps/common/RimWorld/RimWorldWin64_Data/MonoBleedingEdge/data-0000028603F38AC0.dll
Fallback handler could not load library C:/Program Files (x86)/Steam/steamapps/common/RimWorld/RimWorldWin64_Data/MonoBleedingEdge/data-0000028605BCC390.dll
Fallback handler could not load library C:/Program Files (x86)/Steam/steamapps/common/RimWorld/RimWorldWin64_Data/MonoBleedingEdge/data-00000285F80E3A60.dll
Fallback handler could not load library C:/Program Files (x86)/Steam/steamapps/common/RimWorld/RimWorldWin64_Data/MonoBleedingEdge/data-00000285F92FC0F0.dll
Fallback handler could not load library C:/Program Files (x86)/Steam/steamapps/common/RimWorld/RimWorldWin64_Data/MonoBleedingEdge/data-0000028605BCF9A0.dll
Fallback handler could not load library C:/Program Files (x86)/Steam/steamapps/common/RimWorld/RimWorldWin64_Data/MonoBleedingEdge/data-0000028605C1CD60.dll
Fallback handler could not load library C:/Program Files (x86)/Steam/steamapps/common/RimWorld/RimWorldWin64_Data/MonoBleedingEdge/data-00000285F80E1850.dll
Fallback handler could not load library C:/Program Files (x86)/Steam/steamapps/common/RimWorld/RimWorldWin64_Data/MonoBleedingEdge/data-0000028605BF81B0.dll
Fallback handler could not load library C:/Program Files (x86)/Steam/steamapps/common/RimWorld/RimWorldWin64_Data/MonoBleedingEdge/data-0000028605C2FB80.dll
Fallback handler could not load library C:/Program Files (x86)/Steam/steamapps/common/RimWorld/RimWorldWin64_Data/MonoBleedingEdge/data-00000285F92175F0.dll
Fallback handler could not load library C:/Program Files (x86)/Steam/steamapps/common/RimWorld/RimWorldWin64_Data/MonoBleedingEdge/data-0000028605C45B90.dll
Fallback handler could not load library C:/Program Files (x86)/Steam/steamapps/common/RimWorld/RimWorldWin64_Data/MonoBleedingEdge/data-0000028605C475A0.dll
Fallback handler could not load library C:/Program Files (x86)/Steam/steamapps/common/RimWorld/RimWorldWin64_Data/MonoBleedingEdge/data-0000028605BFAFC0.dll
Fallback handler could not load library C:/Program Files (x86)/Steam/steamapps/common/RimWorld/RimWorldWin64_Data/MonoBleedingEdge/data-0000028605BFC9D0.dll
Fallback handler could not load library C:/Program Files (x86)/Steam/steamapps/common/RimWorld/RimWorldWin64_Data/MonoBleedingEdge/data-00000285F9218C00.dll
Fallback handler could not load library C:/Program Files (x86)/Steam/steamapps/common/RimWorld/RimWorldWin64_Data/MonoBleedingEdge/data-0000028603F32A90.dll
Fallback handler could not load library C:/Program Files (x86)/Steam/steamapps/common/RimWorld/RimWorldWin64_Data/MonoBleedingEdge/data-0000028605C00DE0.dll
Fallback handler could not load library C:/Program Files (x86)/Steam/steamapps/common/RimWorld/RimWorldWin64_Data/MonoBleedingEdge/data-0000028605C48FB0.dll
Prepatcher: Done loading
Command line arguments: -disable-compute-shaders
RimWorld 1.6.4871 rev591
Mod Jawa Ikee dependency (sarg.alphaanimals) needs to have <downloadUrl> and/or <steamWorkshopUrl> specified.
Mod JawaVoice (SpeakUp reskin) dependency (JPT.speakup) needs to have <downloadUrl> and/or <steamWorkshopUrl> specified.
Mod RimTalk Expand: AI Storyteller dependency (cyberchronicle.rimtalkexperts) needs to have <downloadUrl> and/or <steamWorkshopUrl> specified.
Mod RimTalk Expand: AI Storyteller dependency (brrainz.harmony) needs to have <downloadUrl> and/or <steamWorkshopUrl> specified.
Mod Custom Room Names - RimTalk Addon dependency (cj.Rimtalk) needs to have <downloadUrl> and/or <steamWorkshopUrl> specified.
Mod Custom Room Names - RimTalk Addon dependency (costel.CustomRoomNames) needs to have <downloadUrl> and/or <steamWorkshopUrl> specified.
Mod RimTalk - Expand Dialogue dependency (cj.RimTalk) needs to have <downloadUrl> and/or <steamWorkshopUrl> specified.
Mod RimTalk - Expand Dialogue dependency (brrainz.harmony) needs to have <downloadUrl> and/or <steamWorkshopUrl> specified.
Mod RimTalk - Expand Actions Core dependency (cj.RimTalk) needs to have <downloadUrl> and/or <steamWorkshopUrl> specified.
Mod RimTalk - Expand Actions Core dependency (brrainz.harmony) needs to have <downloadUrl> and/or <steamWorkshopUrl> specified.
Mod RimTalk - Expand Relation dependency (cj.RimTalk) needs to have <downloadUrl> and/or <steamWorkshopUrl> specified.
Mod RimTalk - Expand Relation dependency (brrainz.harmony) needs to have <downloadUrl> and/or <steamWorkshopUrl> specified.
Mod RimTalk - Expand Thoughts dependency (cj.RimTalk) needs to have <downloadUrl> and/or <steamWorkshopUrl> specified.
Mod RimTalk - Expand Thoughts dependency (brrainz.harmony) needs to have <downloadUrl> and/or <steamWorkshopUrl> specified.
Mod RimTalk - Expand Literature dependency (cj.rimtalk) needs to have <downloadUrl> and/or <steamWorkshopUrl> specified.
Mod RimTalk - Expand Toddlers dependency (cyanobot.toddlers) needs to have <downloadUrl> and/or <steamWorkshopUrl> specified.
Mod RimTalk - Expand Toddlers dependency (cj.rimtalk) needs to have <downloadUrl> and/or <steamWorkshopUrl> specified.
Mod Large Pawns dependency (brrainz.harmony) needs to have <downloadUrl> and/or <steamWorkshopUrl> specified.
Mod Wood's Muzzle Flash for Ancient urban ruins has a dependency (issaczhuang.muzzleflash) with empty display name.
Mod Wood's Muzzle Flash for Ancient urban ruins dependency (issaczhuang.muzzleflash) needs to have <downloadUrl> and/or <steamWorkshopUrl> specified.
Mod Wood's Muzzle Flash for Ancient urban ruins has a dependency (xmb.ancienturbanruins.mo) with empty display name.
Mod Wood's Muzzle Flash for Ancient urban ruins dependency (xmb.ancienturbanruins.mo) needs to have <downloadUrl> and/or <steamWorkshopUrl> specified.
Mod Forced Xenogerm Implantation dependency (brrainz.harmony) needs to have <downloadUrl> and/or <steamWorkshopUrl> specified.
Exception loading from System.Xml.XmlElement: System.MissingMethodException: Default constructor not found for type System.String
  at System.RuntimeType.CreateInstanceMono (System.Boolean nonPublic, System.Boolean wrapExceptions) [0x00076] in <51fded79cd284d4d911c5949aff4cb21>:0 
  at System.RuntimeType.CreateInstanceSlow (System.Boolean publicOnly, System.Boolean wrapExceptions, System.Boolean skipCheckThis, System.Boolean fillCache) [0x00009] in <51fded79cd284d4d911c5949aff4cb21>:0 
  at System.RuntimeType.CreateInstanceDefaultCtor (System.Boolean publicOnly, System.Boolean skipCheckThis, System.Boolean fillCache, System.Boolean wrapExceptions, System.Threading.StackCrawlMark& stackMark) [0x00027] in <51fded79cd284d4d911c5949aff4cb21>:0 
  at System.Activator.CreateInstance (System.Type type, System.Boolean nonPublic, System.Boolean wrapExceptions) [0x00020] in <51fded79cd284d4d911c5949aff4cb21>:0 
  at System.Activator.CreateInstance (System.Type type, System.Boolean nonPublic) [0x00000] in <51fded79cd284d4d911c5949aff4cb21>:0 
  at System.Activator.CreateInstance (System.Type type) [0x00000] in <51fded79cd284d4d911c5949aff4cb21>:0 
  at Verse.DirectXmlToObject.ObjectFromXml[T] (System.Xml.XmlNode xmlRoot, System.Boolean doPostLoad) [0x0045c] in <61e4173561894da49d210260257b5097>:0 
  at Verse.DirectXmlToObject.ObjectFromXmlReflection[T] (System.Xml.XmlNode xmlRoot, System.Boolean doPostLoad) [0x00000] in <61e4173561894da49d210260257b5097>:0 
  at Verse.DirectXmlToObject.ObjectFromXml[T] (System.Xml.XmlNode xmlRoot, System.Boolean doPostLoad) [0x0060e] in <61e4173561894da49d210260257b5097>:0 
Fallback handler could not load library C:/Program Files (x86)/Steam/steamapps/common/RimWorld/RimWorldWin64_Data/MonoBleedingEdge/data-000002860E1A3010.dll
Fallback handler could not load library C:/Program Files (x86)/Steam/steamapps/common/RimWorld/RimWorldWin64_Data/MonoBleedingEdge/data-000002860E481130.dll
Prepatcher: Restarted with the patched assembly, going silent.
[BetterStacktraces] Loaded
[HugsLib] version 12.0.0
[HugsLib] early-initializing AllowTool
1.6.9543 ::
Fallback handler could not load library C:/Program Files (x86)/Steam/steamapps/common/RimWorld/RimWorldWin64_Data/MonoBleedingEdge/data-00000286124E8040.dll
[Custom Room Names] Room.GetRoomRoleLabel patch applied.
[Custom Room Names] RoomRoleDef.PostProcessedLabelCap patch applied.
[DiseaseImmunityProgressTracker] Initialized
DubsMintMenus v1.3.1086
[13:51:16] <color=#4494E3FF>:: Erin's Final Fantasy Animals ::</color> 1.0.9322 ::
FactionCustomizer is successfully initialized!
Fallback handler could not load library C:/Program Files (x86)/Steam/steamapps/common/RimWorld/RimWorldWin64_Data/MonoBleedingEdge/data-00000286128BF030.dll
[Interaction Bubbles v4.2] Initialized
Initializing LightsOut [2025.8.10.12]
[MeaningfulEncounters] Mod loaded successfully.
<color=#bd87f1>[Mood Alerts]</color> Hello there! Running version 1.6.1.
Persistent Precepts Mod class loaded
[RimAI.Framework]SettingsManager: Reloading all configurations...
[RimAI.Framework]SettingsManager: Active status updated. Chat=False, Embedding=False
[RimAI.Framework]SettingsManager: All configurations reloaded.
[RimAI.Framework]SettingsManager: Initialized successfully with separated configurations.
[RimBridge] STARTUP_TIMING phase=main-thread.initialize durationMs=0 elapsedMs=0
[RimBridge] Applied essential Harmony patches.
[RimBridge] Applied 56 optional Harmony patch classes.
[RimBridge] STARTUP_TIMING phase=harmony.startup-patches durationMs=214 elapsedMs=215
[RimBridge] STARTUP_TIMING phase=startup.on-mod-constructed durationMs=0 elapsedMs=215
[RimBridge] STARTUP_TIMING phase=mod-constructor.total durationMs=216 elapsedMs=216
[RimTek] Harmony patches applied.
[Sensible Bed Ownership] Loaded.
Ugh You Got Me: Trying to patch MentalState_SocialFighting.ShouldStop.get.
Ugh You Got Me: Patched MentalState_SocialFighting.ShouldStop.get.
Ugh You Got Me: Trying to patch JobGiver_SocialFighting.TryGiveJob
Ugh You Got Me: Patched JobGiver_SocialFighting.TryGiveJob.
[Universal Pregnancy] Loaded.
[WhatsMissing] Patched Dialog_BillConfig
Loaded What's That Mod.
[LargePawns] EnsureDefTables: no pawn defs found yet (db size 0)
[LargePawns] Giddy-Up MountUtility.Mount patch applied
[LargePawns] Giddy-Up TryAutoMount patch applied
[LargePawns] Giddy-Up mounted patch applied
[LargePawns] CAI-5000 not found — CAI compat patches skipped
[RimAI.Core] All Parts Boot OK (services=27, elapsed=127 ms, topk_available=False)
[RimHUD v1.17.5] Initialized
<color=#1c6beb>[FacLoadout]</color> Registered module: 'GiddyUp Mounts' (key: giddyUp, active: True)
[Romance on the Rim] Interaction Bubble compatibility patch applied.
[Isekai Leveling] Compatibility patches active:
  - Simple Sidearms: DEX affects Weapon swap speed
  - Character Editor: Isekai stats section added to character creation
  - RimHUD: Custom widgets for Level, Rank, and XP
[Isekai OST] DLC music override ready: 9 transition checks patched (base + 8 overrides).
[Isekai WorldBoss] BodySize hitbox patch applied
[Isekai WorldBoss] HealthScale body-HP patch applied
[Isekai WorldBoss] Patched PawnRenderNode.GraphicFor (base)
[Isekai WorldBoss] Patched PawnRenderNode_AnimalPack.GraphicFor
[Isekai WorldBoss] Patched PawnRenderNode_AnimalPart.GraphicFor
[Isekai WorldBoss] Patched PawnRenderNode_Body.GraphicFor
[Isekai WorldBoss] Patched PawnRenderNode_Fur.GraphicFor
[Isekai WorldBoss] Patched PawnRenderNode_Tattoo_Body.GraphicFor
[Isekai WorldBoss] Patched PawnRenderNode_Devourer.GraphicFor
[Isekai WorldBoss] Patched PawnRenderNode_NociosphereSegment.GraphicFor
[Isekai WorldBoss] Patched PawnRenderNode_Head.GraphicFor
[Isekai WorldBoss] Patched PawnRenderNode_Stump.GraphicFor
[Isekai WorldBoss] Patched PawnRenderNode_Hair.GraphicFor
[Isekai WorldBoss] Patched PawnRenderNode_Beard.GraphicFor
[Isekai WorldBoss] Patched PawnRenderNode_Tattoo_Head.GraphicFor
[Isekai WorldBoss] Patched PawnRenderNode_Parent.GraphicFor
[Isekai WorldBoss] Patched PawnRenderNode_TurretGun.GraphicFor
[Isekai WorldBoss] Total GraphicFor patches: 15 (base + 14 overrides)
[Isekai WorldBoss] HostileTo patch applied (boss-team cohesion)
[Isekai Leveling] Mod initialized successfully! (73 patches applied)
[Isekai Leveling] Critical patch verification: 4/4 verified OK
[Isekai Leveling] Settings: TamedRetention=0.5, HealthMult=1, STR_MeleeDmg=0.02, VIT_MaxHP=0.04, VIT_DR=0.01, ExclAnimals=False
[ChezhouLib] 扫描名单登记: About=585, About登记=0, 当前候选=2
[ChezhouLib] 功能声明扫描: 候选模组=2, XML=32, 登记包=2
[ChezhouLib] 功能门控(早期扫描) 启用: UnityAssets, KindForceRelation, ClCustomMission；关闭: FlyRace, ClipAnimation, RenderNodeRule, KindPawnGeneration, BossHpBar, ModuleAssembly, RequiredApparelVerb, DualWeapon, HARBodyAddon, ClHairAppearance, FACompat, ApparelGraphicPathFallback
[ChezhouLib] 服饰路径模块(早期扫描) 登记模组: 0
[ChezhouLib] MaterialPool Harmony hook disabled: MaterialPoolHookRemoved-20260816-3
[ChezhouLib] 动画节点矩阵补丁已绑定 PawnRenderNode.GetTransform。
[ChezhouLib] Regular Harmony patches applied.
<color=#1c6beb>[KeyzAllowUtilities v1.3.8]</color> Loading KeyzAllowUtilities v1.3.8
1.6.9701 ::
[SandWorm] Mod loaded.
<color=#00FFFFFF>:: Outer Rim - Core ::</color> 1.6.9306 ::
<color=#00FFFFFF>:: Outland - Genetics ::</color> 1.6.9341 ::
1.0.9299 ::
<color=#00FFFFFF>:: Outer Rim - Droid Depot :: </color>1.6.9313 ::
<color=#00FFFFFF>:: Outer Rim - Galactic Empire :: </color>1.6.9308 ::
[Analyzer] Loaded version 1.6.0 rev 1
[Analyzer] WaterSFX
[Analyzer] WorkTab
<color=#66ffb5>[MeleeAnim]</color> Hello, world!
Build date: 7/31/2026 6:45 PM
Loaded assemblies (12):
0BetterFloatMenu, Version=16.0.0.0, Culture=neutral, PublicKeyToken=null,
0ColourPicker, Version=1.0.0.0, Culture=neutral, PublicKeyToken=null,
AMRetextureSupport, Version=0.0.0.0, Culture=neutral, PublicKeyToken=null,
Meta.Numerics, Version=3.1.0.0, Culture=neutral, PublicKeyToken=67d25c65a6631347,
ModRequestAPI, Version=1.0.0.0, Culture=neutral, PublicKeyToken=null,
ModRequestAPI.Models, Version=1.0.0.0, Culture=neutral, PublicKeyToken=null,
Unity.Newtonsoft.Json, Version=7.0.0.0, Culture=neutral, PublicKeyToken=null,
zAnimationMod, Version=1.0.0.0, Culture=neutral, PublicKeyToken=null,
AM.FacialAnimationPatch, Version=0.0.0.0, Culture=neutral, PublicKeyToken=null,
AM.AlienRacesPatch, Version=0.0.0.0, Culture=neutral, PublicKeyToken=null,
zz.AM.PerformanceOptimizerPatch, Version=1.0.0.0, Culture=neutral, PublicKeyToken=null,
AM.VehiclesPatch, Version=0.0.0.0, Culture=neutral, PublicKeyToken=null
<color=#66ffb5>[MeleeAnim]</color> Scanning 585 mods for animation data...
<color=#66ffb5>[MeleeAnim]</color> Found 2 mod folders with animation data, total 75 loadable files.
<color=#66ffb5>[MeleeAnim]</color> [<color=#63e0ff>Facial Animation Patch</color>] Successfully loaded Facial Animation patch.
<color=#66ffb5>[MeleeAnim]</color> <color=#ffa8fc>[Alien Races Patch]</color> Loaded alien races patch!
<color=#66ffb5>[MeleeAnim]</color> <color=#ffa8fc>[Perf.Opt]</color> Loaded Performance Optimizer patch!
<color=#66ffb5>[MeleeAnim]</color> <color=#ffa8fc>[Perf.Opt]</color> Successfully patched and disabled buggy optimizations.
<color=#66ffb5>[MeleeAnim]</color> <color=#ffa8fc>[Vehicle Framework Patch]</color> Loaded vehicle framework patch!
[IgnoreConfigErrors] Now active
[IgnoreConfigErrors] Harmony patch complete!
<color=#B266FFFF>[SWCP Core/Tools] </color>Beta version: bugs likely, if not guaranteed! Report bugs on steam workshop page or on discord: 3HEXN3Qbn4
ReGrowth 2 5.1-rev6
|RimFridge: Now with Shelves!| Forcing the application of patch lwm.deepstorage | Patches/AddNewUnits_RimFridge.xml of LWM's Deep Storage.
LWM Deep Storage: activated compatibility patch for Vanilla Cooking Expanded
[Vanilla Mining Outpost Patch - Start of stack trace]
Verse.PatchOperationRemove(xpath="Defs/WorldObjectDef[defName="Outpost_Mining"]/modExtensions/li[1]/Resources/Z_Diamond"): Failed to find a node with the given xpath
Verse.PatchOperationSequence: Error in the operation at position=1
Verse.PatchOperationFindMod(Jewelry): Error in <match>
[End of stack trace]
Source file: C:\Program Files (x86)\Steam\steamapps\workshop\content\294100\2968491314\Patches\Outposts.xml
[Biomes! Caverns - Start of stack trace]
Verse.PatchOperationReplace(xpath="Defs/ThingDef[defName="GroundPenetratingScanner"]/placeWorkers/li[text()="PlaceWorker_NotUnderRoof"]"): Failed to find a node with the given xpath
[End of stack trace]
Source file: C:\Program Files (x86)\Steam\steamapps\workshop\content\294100\2969748433\1.6\Patches\BiomesCaverns_GroundPenetratingScanner.xml
[Intimacy - Gender Works - Start of stack trace]
Verse.PatchOperationRemove(xpath="Defs/RecipeDef[defName="ExtractOvum"]/genderPrerequisite"): Failed to find a node with the given xpath
[End of stack trace]
Source file: C:\Program Files (x86)\Steam\steamapps\workshop\content\294100\3534254491\1.6\Patches\Fertility_ops_changes.xml
[Intimacy - Gender Works - Start of stack trace]
Verse.PatchOperationRemove(xpath="Defs/RecipeDef[defName="TerminatePregnancy"]/genderPrerequisite"): Failed to find a node with the given xpath
[End of stack trace]
Source file: C:\Program Files (x86)\Steam\steamapps\workshop\content\294100\3534254491\1.6\Patches\Fertility_ops_changes.xml
[Intimacy - Gender Works - Start of stack trace]
Verse.PatchOperationRemove(xpath="Defs/RecipeDef[defName="ImplantIUD"]/genderPrerequisite"): Failed to find a node with the given xpath
[End of stack trace]
Source file: C:\Program Files (x86)\Steam\steamapps\workshop\content\294100\3534254491\1.6\Patches\Fertility_ops_changes.xml
Could not find a type named VanillaFurnitureExpanded.ThoughtWorker_ThoughtFromNearbyThingDef

Possible Matches:
[Source: Onimods - Electric Torches and Braziers]
[File: C:\Program Files (x86)\Steam\steamapps\workshop\content\294100\3301583634\CurentVersion\LoadFolders\DarkAgesCrypts\Defs\ElectricTorches_DarkAgesCrypts_Thoughts.xml]
[Source: Vanilla Furniture Expanded - Factory]
[File: C:\Program Files (x86)\Steam\steamapps\workshop\content\294100\3686924415\1.6\Mods\Odyssey\Defs\ThingDefs_Buildings\Buildings_Factories_Odyssey.xml]
[Source: Vanilla Furniture Expanded - Factory]
[File: C:\Program Files (x86)\Steam\steamapps\workshop\content\294100\3686924415\1.6\Mods\VanillaCookingExpanded\Defs\ProcessDefs\ProcessDefs_AutoCannery.xml]
[Source: Vanilla Furniture Expanded - Factory]
[File: C:\Program Files (x86)\Steam\steamapps\workshop\content\294100\3686924415\1.6\Defs\DrillableMetalsDefs\DrillableMetalsDefs.xml]
[Source: Vanilla Furniture Expanded - Factory]
[File: C:\Program Files (x86)\Steam\steamapps\workshop\content\294100\3686924415\1.6\Defs\JobDefs\JobDefs.xml]
[Source: Vanilla Furniture Expanded - Factory]
[File: C:\Program Files (x86)\Steam\steamapps\workshop\content\294100\3686924415\1.6\Defs\ProcessDefs\ProcessDefs_AutomatedBiofuelRefinery.xml]
[Source: Vanilla Furniture Expanded - Factory]
[File: C:\Program Files (x86)\Steam\steamapps\workshop\content\294100\3686924415\1.6\Defs\ProcessDefs\ProcessDefs_AutomatedDrill.xml]
[Source: Vanilla Furniture Expanded - Factory]
[File: C:\Program Files (x86)\Steam\steamapps\workshop\content\294100\3686924415\1.6\Defs\ProcessDefs\ProcessDefs_AutomatedMachiningBay.xml]
[Source: Vanilla Furniture Expanded - Factory]
[File: C:\Program Files (x86)\Steam\steamapps\workshop\content\294100\3686924415\1.6\Defs\ProcessDefs\ProcessDefs_AutomatedMasonrySaw.xml]
[Source: Vanilla Furniture Expanded - Factory]
[File: C:\Program Files (x86)\Steam\steamapps\workshop\content\294100\3686924415\1.6\Defs\ProcessDefs\ProcessDefs_AutomatedMincer.xml]
[Source: Vanilla Furniture Expanded - Factory]
[File: C:\Program Files (x86)\Steam\steamapps\workshop\content\294100\3686924415\1.6\Defs\ProcessDefs\ProcessDefs_AutomatedSmelter.xml]
[Source: Vanilla Furniture Expanded - Factory]
[File: C:\Program Files (x86)\Steam\steamapps\workshop\content\294100\3686924415\1.6\Defs\ProcessDefs\ProcessDefs_ConveyorOven.xml]
[Source: Vanilla Furniture Expanded - Factory]
[File: C:\Program Files (x86)\Steam\steamapps\workshop\content\294100\3686924415\1.6\Defs\ProcessTemplateDefs\AutoloomProcessTemplateDefs.xml]
[Source: Vanilla Furniture Expanded - Factory]
[File: C:\Program Files (x86)\Steam\steamapps\workshop\content\294100\3686924415\1.6\Defs\ProcessTemplateDefs\FishProcessTemplateDefs.xml]
[Source: Vanilla Furniture Expanded - Factory]
[File: C:\Program Files (x86)\Steam\steamapps\workshop\content\294100\3686924415\1.6\Defs\ProcessTemplateDefs\MachiningProcessTemplateDefs.xml]
[Source: Vanilla Furniture Expanded - Factory]
[File: C:\Program Files (x86)\Steam\steamapps\workshop\content\294100\3686924415\1.6\Defs\Rooms\RoomRoles.xml]
[Source: Vanilla Furniture Expanded - Factory]
[File: C:\Program Files (x86)\Steam\steamapps\workshop\content\294100\3686924415\1.6\Defs\ThingDefs_Buildings\Buildings_Conveyors.xml]
[Source: Vanilla Furniture Expanded - Factory]
[File: C:\Program Files (x86)\Steam\steamapps\workshop\content\294100\3686924415\1.6\Defs\ThingDefs_Buildings\Buildings_Factories.xml]
[Source: Vanilla Furniture Expanded - Factory]
[File: C:\Program Files (x86)\Steam\steamapps\workshop\content\294100\3686924415\1.6\Defs\ThingDefs_Buildings\Buildings_Hoppers.xml]
[Source: Vanilla Ideology Expanded - Memes and Structures]
[File: C:\Program Files (x86)\Steam\steamapps\workshop\content\294100\2636329500\1.6\Defs\PreceptDefs\Precepts_Fire.xml]
[Source: Alpha Biomes]
[File: C:\Program Files (x86)\Steam\steamapps\workshop\content\294100\1841354677\1.6\Mods\Odyssey\Patches\VFEPowerPatch.xml]
[Source: Alpha Biomes]
[File: C:\Program Files (x86)\Steam\steamapps\workshop\content\294100\1841354677\1.6\Patches\SolarPanelsUpgradePatch.xml]
[Source: Cozy Fires]
[File: C:\Program Files (x86)\Steam\steamapps\workshop\content\294100\2390924647\1.6\Patches\ComfortGivers.xml]
[Source: Knick Knacks - Let your colonists decorate!]
[File: C:\Program Files (x86)\Steam\steamapps\workshop\content\294100\3595196942\1.6\Patches\SurfaceBlacklist.xml]
[Source: LightsOut]
[File: C:\Program Files (x86)\Steam\steamapps\workshop\content\294100\2584269293\Patches\VPE_GasLampPatch.xml]
[Source: Perspective: Buildings (Continued)]
[File: C:\Program Files (x86)\Steam\steamapps\workshop\content\294100\3346955193\Patches\patch.owlchemist.perspectivebuildings.xml]
[Source: Polyamory Beds (Vanilla Edition)]
[File: C:\Program Files (x86)\Steam\steamapps\workshop\content\294100\3276496684\Common\Patches\NanoRepairTech\NanoRepairTech_Patch.xml]
[Source: Polyamory Beds (Vanilla Edition)]
[File: C:\Program Files (x86)\Steam\steamapps\workshop\content\294100\3276496684\Common\Patches\VFE\VanilliaFurnitureExpanded_Patch.xml]
[Source: Reel's Turret Pipeline]
[File: C:\Program Files (x86)\Steam\steamapps\workshop\content\294100\3424132769\1.6\Patches\VFE Nonlethal.xml]
[Source: Reel's Turret Pipeline]
[File: C:\Program Files (x86)\Steam\steamapps\workshop\content\294100\3424132769\1.6\Patches\VFE Security DLC.xml]
[Source: Reel's Turret Pipeline]
[File: C:\Program Files (x86)\Steam\steamapps\workshop\content\294100\3424132769\1.6\Patches\VFE Security.xml]
[Source: Vanilla Brewing Expanded]
[File: C:\Program Files (x86)\Steam\steamapps\workshop\content\294100\2186560858\1.6\Patches\VanillaFurnitureExpandedPatch.xml]
[Source: Vanilla Factions Expanded - Tribals]
[File: C:\Program Files (x86)\Steam\steamapps\workshop\content\294100\3079786283\1.6\Patches\Mods\VanillaFurnitureExpanded.xml]
[Source: Vanilla Factions Expanded - Tribals]
[File: C:\Program Files (x86)\Steam\steamapps\workshop\content\294100\3079786283\1.6\Patches\Mods\VanillaFurnitureExpandedArchitect.xml]
[Source: Vanilla Factions Expanded - Tribals]
[File: C:\Program Files (x86)\Steam\steamapps\workshop\content\294100\3079786283\1.6\Patches\Mods\VanillaFurnitureExpandedFarming.xml]
[Source: Vanilla Factions Expanded - Tribals]
[File: C:\Program Files (x86)\Steam\steamapps\workshop\content\294100\3079786283\1.6\Patches\Mods\VanillaFurnitureExpandedSecurity.xml]
[Source: Vanilla Furniture Expanded - Spacer Module]
[File: C:\Program Files (x86)\Steam\steamapps\workshop\content\294100\2028381079\1.6\Patches\Linkables_Patch.xml]
[Source: Vanilla Furniture Expanded - Spacer Module]
[File: C:\Program Files (x86)\Steam\steamapps\workshop\content\294100\2028381079\1.6\Patches\Research.xml]
[Source: Vanilla Helixien Gas Expanded]
[File: C:\Program Files (x86)\Steam\steamapps\workshop\content\294100\2877699803\1.6\Patches\VFEProductionPatch.xml]
[Source: Fortifications - Industrial]
[File: C:\Program Files (x86)\Steam\steamapps\workshop\content\294100\2561619583\1.6\XMLextension\Patches\XMLEPatch.xml]
[Source: Fortifications - Industrial]
[File: C:\Program Files (x86)\Steam\steamapps\workshop\content\294100\2561619583\1.6\Patches\VanillaFurnitureExpandedArchitect.xml]
[Source: Invisible Display Case Continued]
[File: C:\Program Files (x86)\Steam\steamapps\workshop\content\294100\3546566196\1.6\Patches\ModPatches.xml]
[Source: Rimsential - Spaceports (Continued)]
[File: C:\Program Files (x86)\Steam\steamapps\workshop\content\294100\3225120958\1.6\Patches\Spaceports_Patches.xml]
[Source: Vanilla Cooking Expanded - Stews]
[File: C:\Program Files (x86)\Steam\steamapps\workshop\content\294100\2134312965\1.6\Patches\VanillaFurnitureExpandedPatch.xml]
[Source: WallStuff]
[File: C:\Program Files (x86)\Steam\steamapps\workshop\content\294100\1994340640\1.6\Patches\ToolBoard_Patch_VFE.xml]
[Source: More Ritual Seats]
[File: C:\Program Files (x86)\Steam\steamapps\workshop\content\294100\3411913071\Patches\Patch_VFESecurityExtension.xml]
[Source: Desert Vehicle Reskin — Alpha Vehicles Neolithic]
[File: C:\Program Files (x86)\Steam\steamapps\common\RimWorld\Mods\DesertVehicleReskin\Patches\EopieSled_Identity.xml]
[Source: Intimacy - Socio Butterfly]
[File: C:\Program Files (x86)\Steam\steamapps\workshop\content\294100\3630896210\Compatibility assemblies\Ideology\Patches\Jobs.xml]
[Source: Intimacy - Socio Butterfly]
[File: C:\Program Files (x86)\Steam\steamapps\workshop\content\294100\3630896210\1.6\Patches\Jobs_joining_patches.xml]
[Source: [FSF] Complex Jobs]
[File: C:\Program Files (x86)\Steam\steamapps\workshop\content\294100\2069684319\1.6\Ludeon\Core\Patches\1000_Cooking_Core.xml]
[Source: [FSF] Complex Jobs]
[File: C:\Program Files (x86)\Steam\steamapps\workshop\content\294100\2069684319\1.6\Ludeon\Core\Patches\415_FSFProduction_FSF.xml]
[Source: Show Me Your Tools - Forked]
[File: C:\Program Files (x86)\Steam\steamapps\workshop\content\294100\3774821567\Patches\Compat_VFEProduction.xml]
[Source: Jawa Armoury Rebalance]
[File: C:\Program Files (x86)\Steam\steamapps\common\RimWorld\Mods\Jawa_Armoury\Patches\Armoury_RangedDamage.xml]
[Source: Jawa Armoury Rebalance]
[File: C:\Program Files (x86)\Steam\steamapps\common\RimWorld\Mods\Jawa_Armoury\Patches\Turrets_DamageDoctrine.xml]
[Source: Jawa Armoury Rebalance]
[File: C:\Program Files (x86)\Steam\steamapps\common\RimWorld\Mods\Jawa_Armoury\Patches\Turrets_Renames.xml]
Exception loading def from file ElectricTorches_DarkAgesCrypts_Thoughts.xml: System.ArgumentException: Could not find type named VanillaFurnitureExpanded.ThoughtGiverByProximityDefExtension from node <li MayRequire="Ludeon.RimWorld.Royalty" Class="VanillaFurnitureExpanded.ThoughtGiverByProximityDefExtension"><ThingToGiveThought>Onimods_Colored_DA_BloodflameSepulchralBrazier</ThingToGiveThought><DistanceToGiveThought>8</DistanceToGiveThought></li>
Parameter name: node
[Ref 57F5BFC0]
  at Verse.DirectXmlToObjectNew.ResolveTypeForNode (System.Type defaultType, System.Xml.XmlNode node) [0x0005a] in <61e4173561894da49d210260257b5097>:0 
(wrapper dynamic-method) Verse.DirectXmlToObjectNew+DummyTypeToHoldDynamicMethods.ParseAndSetListField_Verse_DefModExtension(object,System.Reflection.FieldInfo,System.Xml.XmlNode,System.Type)
(wrapper dynamic-method) Verse.DirectXmlToObjectNew+DummyTypeToHoldDynamicMethods.ParseAndReturnDef_Verse_Def(int,int,System.Xml.XmlNode,System.Type)
  at Verse.DirectXmlToObjectNew.DefFromNodeNew (System.Xml.XmlNode node, Verse.LoadableXmlAsset loadingAsset) [0x0014c] in <61e4173561894da49d210260257b5097>:0 
    - PREFIX SmashPhil.VehicleFramework: Boolean SmashTools.Patching.Patch_XmlParsing:PreProcessAttributesOnDef(Def& __result, XmlNode node)
    - PREFIX Dubwise.DubsBadHygiene: Boolean DubsBadHygiene.DubsBadHygieneMod:Prefix(XmlNode node, LoadableXmlAsset loadingAsset, Def& __result)
    - PREFIX ordpus.logafterdeferror: Void LogAfterDefError.DirectXmlLoader_DefFromNode:Prefix(LogMessage& __state)
    - POSTFIX SmashPhil.VehicleFramework: Void SmashTools.Patching.Patch_XmlParsing:ReadCustomAttributesOnDef(XmlNode node)
    - POSTFIX ordpus.logafterdeferror: Void LogAfterDefError.DirectXmlLoader_DefFromNode:Postfix(Def __result, LoadableXmlAsset loadingAsset, LogMessage __state)

Possible Matches:
[Source: Onimods - Electric Torches and Braziers]
[File: C:\Program Files (x86)\Steam\steamapps\workshop\content\294100\3301583634\CurentVersion\LoadFolders\DarkAgesCrypts\Defs\ElectricTorches_DarkAgesCrypts_Thoughts.xml]
Could not find a type named VanillaFurnitureExpanded.ThoughtWorker_ThoughtFromNearbyThingDef

Possible Matches:
[Source: Onimods - Electric Torches and Braziers]
[File: C:\Program Files (x86)\Steam\steamapps\workshop\content\294100\3301583634\CurentVersion\LoadFolders\DarkAgesCrypts\Defs\ElectricTorches_DarkAgesCrypts_Thoughts.xml]
[Source: Vanilla Furniture Expanded - Factory]
[File: C:\Program Files (x86)\Steam\steamapps\workshop\content\294100\3686924415\1.6\Mods\Odyssey\Defs\ThingDefs_Buildings\Buildings_Factories_Odyssey.xml]
[Source: Vanilla Furniture Expanded - Factory]
[File: C:\Program Files (x86)\Steam\steamapps\workshop\content\294100\3686924415\1.6\Mods\VanillaCookingExpanded\Defs\ProcessDefs\ProcessDefs_AutoCannery.xml]
[Source: Vanilla Furniture Expanded - Factory]
[File: C:\Program Files (x86)\Steam\steamapps\workshop\content\294100\3686924415\1.6\Defs\DrillableMetalsDefs\DrillableMetalsDefs.xml]
[Source: Vanilla Furniture Expanded - Factory]
[File: C:\Program Files (x86)\Steam\steamapps\workshop\content\294100\3686924415\1.6\Defs\JobDefs\JobDefs.xml]
[Source: Vanilla Furniture Expanded - Factory]
[File: C:\Program Files (x86)\Steam\steamapps\workshop\content\294100\3686924415\1.6\Defs\ProcessDefs\ProcessDefs_AutomatedBiofuelRefinery.xml]
[Source: Vanilla Furniture Expanded - Factory]
[File: C:\Program Files (x86)\Steam\steamapps\workshop\content\294100\3686924415\1.6\Defs\ProcessDefs\ProcessDefs_AutomatedDrill.xml]
[Source: Vanilla Furniture Expanded - Factory]
[File: C:\Program Files (x86)\Steam\steamapps\workshop\content\294100\3686924415\1.6\Defs\ProcessDefs\ProcessDefs_AutomatedMachiningBay.xml]
[Source: Vanilla Furniture Expanded - Factory]
[File: C:\Program Files (x86)\Steam\steamapps\workshop\content\294100\3686924415\1.6\Defs\ProcessDefs\ProcessDefs_AutomatedMasonrySaw.xml]
[Source: Vanilla Furniture Expanded - Factory]
[File: C:\Program Files (x86)\Steam\steamapps\workshop\content\294100\3686924415\1.6\Defs\ProcessDefs\ProcessDefs_AutomatedMincer.xml]
[Source: Vanilla Furniture Expanded - Factory]
[File: C:\Program Files (x86)\Steam\steamapps\workshop\content\294100\3686924415\1.6\Defs\ProcessDefs\ProcessDefs_AutomatedSmelter.xml]
[Source: Vanilla Furniture Expanded - Factory]
[File: C:\Program Files (x86)\Steam\steamapps\workshop\content\294100\3686924415\1.6\Defs\ProcessDefs\ProcessDefs_ConveyorOven.xml]
[Source: Vanilla Furniture Expanded - Factory]
[File: C:\Program Files (x86)\Steam\steamapps\workshop\content\294100\3686924415\1.6\Defs\ProcessTemplateDefs\AutoloomProcessTemplateDefs.xml]
[Source: Vanilla Furniture Expanded - Factory]
[File: C:\Program Files (x86)\Steam\steamapps\workshop\content\294100\3686924415\1.6\Defs\ProcessTemplateDefs\FishProcessTemplateDefs.xml]
[Source: Vanilla Furniture Expanded - Factory]
[File: C:\Program Files (x86)\Steam\steamapps\workshop\content\294100\3686924415\1.6\Defs\ProcessTemplateDefs\MachiningProcessTemplateDefs.xml]
[Source: Vanilla Furniture Expanded - Factory]
[File: C:\Program Files (x86)\Steam\steamapps\workshop\content\294100\3686924415\1.6\Defs\Rooms\RoomRoles.xml]
[Source: Vanilla Furniture Expanded - Factory]
[File: C:\Program Files (x86)\Steam\steamapps\workshop\content\294100\3686924415\1.6\Defs\ThingDefs_Buildings\Buildings_Conveyors.xml]
[Source: Vanilla Furniture Expanded - Factory]
[File: C:\Program Files (x86)\Steam\steamapps\workshop\content\294100\3686924415\1.6\Defs\ThingDefs_Buildings\Buildings_Factories.xml]
[Source: Vanilla Furniture Expanded - Factory]
[File: C:\Program Files (x86)\Steam\steamapps\workshop\content\294100\3686924415\1.6\Defs\ThingDefs_Buildings\Buildings_Hoppers.xml]
[Source: Vanilla Ideology Expanded - Memes and Structures]
[File: C:\Program Files (x86)\Steam\steamapps\workshop\content\294100\2636329500\1.6\Defs\PreceptDefs\Precepts_Fire.xml]
[Source: Alpha Biomes]
[File: C:\Program Files (x86)\Steam\steamapps\workshop\content\294100\1841354677\1.6\Mods\Odyssey\Patches\VFEPowerPatch.xml]
[Source: Alpha Biomes]
[File: C:\Program Files (x86)\Steam\steamapps\workshop\content\294100\1841354677\1.6\Patches\SolarPanelsUpgradePatch.xml]
[Source: Cozy Fires]
[File: C:\Program Files (x86)\Steam\steamapps\workshop\content\294100\2390924647\1.6\Patches\ComfortGivers.xml]
[Source: Knick Knacks - Let your colonists decorate!]
[File: C:\Program Files (x86)\Steam\steamapps\workshop\content\294100\3595196942\1.6\Patches\SurfaceBlacklist.xml]
[Source: LightsOut]
[File: C:\Program Files (x86)\Steam\steamapps\workshop\content\294100\2584269293\Patches\VPE_GasLampPatch.xml]
[Source: Perspective: Buildings (Continued)]
[File: C:\Program Files (x86)\Steam\steamapps\workshop\content\294100\3346955193\Patches\patch.owlchemist.perspectivebuildings.xml]
[Source: Polyamory Beds (Vanilla Edition)]
[File: C:\Program Files (x86)\Steam\steamapps\workshop\content\294100\3276496684\Common\Patches\NanoRepairTech\NanoRepairTech_Patch.xml]
[Source: Polyamory Beds (Vanilla Edition)]
[File: C:\Program Files (x86)\Steam\steamapps\workshop\content\294100\3276496684\Common\Patches\VFE\VanilliaFurnitureExpanded_Patch.xml]
[Source: Reel's Turret Pipeline]
[File: C:\Program Files (x86)\Steam\steamapps\workshop\content\294100\3424132769\1.6\Patches\VFE Nonlethal.xml]
[Source: Reel's Turret Pipeline]
[File: C:\Program Files (x86)\Steam\steamapps\workshop\content\294100\3424132769\1.6\Patches\VFE Security DLC.xml]
[Source: Reel's Turret Pipeline]
[File: C:\Program Files (x86)\Steam\steamapps\workshop\content\294100\3424132769\1.6\Patches\VFE Security.xml]
[Source: Vanilla Brewing Expanded]
[File: C:\Program Files (x86)\Steam\steamapps\workshop\content\294100\2186560858\1.6\Patches\VanillaFurnitureExpandedPatch.xml]
[Source: Vanilla Factions Expanded - Tribals]
[File: C:\Program Files (x86)\Steam\steamapps\workshop\content\294100\3079786283\1.6\Patches\Mods\VanillaFurnitureExpanded.xml]
[Source: Vanilla Factions Expanded - Tribals]
[File: C:\Program Files (x86)\Steam\steamapps\workshop\content\294100\3079786283\1.6\Patches\Mods\VanillaFurnitureExpandedArchitect.xml]
[Source: Vanilla Factions Expanded - Tribals]
[File: C:\Program Files (x86)\Steam\steamapps\workshop\content\294100\3079786283\1.6\Patches\Mods\VanillaFurnitureExpandedFarming.xml]
[Source: Vanilla Factions Expanded - Tribals]
[File: C:\Program Files (x86)\Steam\steamapps\workshop\content\294100\3079786283\1.6\Patches\Mods\VanillaFurnitureExpandedSecurity.xml]
[Source: Vanilla Furniture Expanded - Spacer Module]
[File: C:\Program Files (x86)\Steam\steamapps\workshop\content\294100\2028381079\1.6\Patches\Linkables_Patch.xml]
[Source: Vanilla Furniture Expanded - Spacer Module]
[File: C:\Program Files (x86)\Steam\steamapps\workshop\content\294100\2028381079\1.6\Patches\Research.xml]
[Source: Vanilla Helixien Gas Expanded]
[File: C:\Program Files (x86)\Steam\steamapps\workshop\content\294100\2877699803\1.6\Patches\VFEProductionPatch.xml]
[Source: Fortifications - Industrial]
[File: C:\Program Files (x86)\Steam\steamapps\workshop\content\294100\2561619583\1.6\XMLextension\Patches\XMLEPatch.xml]
[Source: Fortifications - Industrial]
[File: C:\Program Files (x86)\Steam\steamapps\workshop\content\294100\2561619583\1.6\Patches\VanillaFurnitureExpandedArchitect.xml]
[Source: Invisible Display Case Continued]
[File: C:\Program Files (x86)\Steam\steamapps\workshop\content\294100\3546566196\1.6\Patches\ModPatches.xml]
[Source: Rimsential - Spaceports (Continued)]
[File: C:\Program Files (x86)\Steam\steamapps\workshop\content\294100\3225120958\1.6\Patches\Spaceports_Patches.xml]
[Source: Vanilla Cooking Expanded - Stews]
[File: C:\Program Files (x86)\Steam\steamapps\workshop\content\294100\2134312965\1.6\Patches\VanillaFurnitureExpandedPatch.xml]
[Source: WallStuff]
[File: C:\Program Files (x86)\Steam\steamapps\workshop\content\294100\1994340640\1.6\Patches\ToolBoard_Patch_VFE.xml]
[Source: More Ritual Seats]
[File: C:\Program Files (x86)\Steam\steamapps\workshop\content\294100\3411913071\Patches\Patch_VFESecurityExtension.xml]
[Source: Desert Vehicle Reskin — Alpha Vehicles Neolithic]
[File: C:\Program Files (x86)\Steam\steamapps\common\RimWorld\Mods\DesertVehicleReskin\Patches\EopieSled_Identity.xml]
[Source: Intimacy - Socio Butterfly]
[File: C:\Program Files (x86)\Steam\steamapps\workshop\content\294100\3630896210\Compatibility assemblies\Ideology\Patches\Jobs.xml]
[Source: Intimacy - Socio Butterfly]
[File: C:\Program Files (x86)\Steam\steamapps\workshop\content\294100\3630896210\1.6\Patches\Jobs_joining_patches.xml]
[Source: [FSF] Complex Jobs]
[File: C:\Program Files (x86)\Steam\steamapps\workshop\content\294100\2069684319\1.6\Ludeon\Core\Patches\1000_Cooking_Core.xml]
[Source: [FSF] Complex Jobs]
[File: C:\Program Files (x86)\Steam\steamapps\workshop\content\294100\2069684319\1.6\Ludeon\Core\Patches\415_FSFProduction_FSF.xml]
[Source: Show Me Your Tools - Forked]
[File: C:\Program Files (x86)\Steam\steamapps\workshop\content\294100\3774821567\Patches\Compat_VFEProduction.xml]
[Source: Jawa Armoury Rebalance]
[File: C:\Program Files (x86)\Steam\steamapps\common\RimWorld\Mods\Jawa_Armoury\Patches\Armoury_RangedDamage.xml]
[Source: Jawa Armoury Rebalance]
[File: C:\Program Files (x86)\Steam\steamapps\common\RimWorld\Mods\Jawa_Armoury\Patches\Turrets_DamageDoctrine.xml]
[Source: Jawa Armoury Rebalance]
[File: C:\Program Files (x86)\Steam\steamapps\common\RimWorld\Mods\Jawa_Armoury\Patches\Turrets_Renames.xml]
Exception loading def from file ElectricTorches_DarkAgesCrypts_Thoughts.xml: System.ArgumentException: Could not find type named VanillaFurnitureExpanded.ThoughtGiverByProximityDefExtension from node <li Class="VanillaFurnitureExpanded.ThoughtGiverByProximityDefExtension"><ThingToGiveThought>Onimods_Colored_DA_BloodflameSepulchralStatue</ThingToGiveThought><DistanceToGiveThought>8</DistanceToGiveThought></li>
Parameter name: node
[Ref 57F5BFC0] Duplicate stacktrace, see ref for original

Possible Matches:
[Source: Onimods - Electric Torches and Braziers]
[File: C:\Program Files (x86)\Steam\steamapps\workshop\content\294100\3301583634\CurentVersion\LoadFolders\DarkAgesCrypts\Defs\ElectricTorches_DarkAgesCrypts_Thoughts.xml]
XML error: <drawStyleCategory>Wall</drawStyleCategory> doesn't correspond to any field in type BuildingProperties. Context: <building><isInert>true</isInert><isPlaceOverableWall>true</isPlaceOverableWall><ai_chillDestination>false</ai_chillDestination><supportsWallAttachments>true</supportsWallAttachments><isStuffableAirtight>false</isStuffableAirtight><blueprintGraphicData><texPath>Things/Building/Linked/Wall_Blueprint_Atlas</texPath></blueprintGraphicData><relatedBuildCommands><li>Door</li><li>Autodoor</li></relatedBuildCommands><drawStyleCategory>Wall</drawStyleCategory></building>

Possible Matches:
[Source: Rim of Madness - Bones Unofficial Fix]
[File: C:\Program Files (x86)\Steam\steamapps\workshop\content\294100\3252977437\1.6\Patches\OdysseyPatch.xml]
[Def Error]: BoneWall
Rim of Madness - Bones Unofficial Fix\1.6\Defs\ThingDefs_Buildings\Buildings_BoneWall.xml
Parsed 0.3 as int.
[Def Error]: AM_Entrance_LargeElevator
Ancient urban ruins\1.6\Defs\ThingDefs\Building\ThingDef_ConstructableElevators.xml
Parsed 0.3 as int.
[Def Error]: AM_Entrance_UndergroundGarage
Ancient urban ruins\1.6\Defs\ThingDefs\Building\ThingDef_UndergroundGarage.xml
Parsed 7.5 as int.
[Def Error]: Prj_SW_Electricgryllotalpa
Insectoids 2 - Isopoda geneline\1.6\Defs\ThingDefs_Races\Electricgryllotalpa.xml
Tried to use an uninitialized DefOf of type TerrainDefOf. DefOfs are initialized right after all defs all loaded. Uninitialized DefOfs will return only nulls. (hint: don't use DefOfs as default field values in Defs, try to resolve them in ResolveReferences() instead)
[Def Error]: BMT_CrystalCaverns
Biomes! Caverns\1.6\Defs\Biomes\BMT_CrystalCaverns.xml
Parsed 1.5 as int.
[Def Error]: WeatheredBasalt
Minerals Rock\1.6\Defs\ThingDefs_Rocks\Basalt.xml
Parsed 1.5 as int.
[Def Error]: PassableBasalt
Minerals Rock\1.6\Defs\ThingDefs_Rocks\Basalt.xml
Parsed 1.5 as int.
[Def Error]: PassableVacstone
[Vanilla Mining Outpost Patch] Patch operation Verse.PatchOperationFindMod(Gemstones, Jewelry) failed
file: C:\Program Files (x86)\Steam\steamapps\workshop\content\294100\2968491314\Patches\Outposts.xml
[Biomes! Caverns] Patch operation Verse.PatchOperationReplace(Defs/ThingDef[defName="GroundPenetratingScanner"]/placeWorkers/li[text()="PlaceWorker_NotUnderRoof"]) failed
file: C:\Program Files (x86)\Steam\steamapps\workshop\content\294100\2969748433\1.6\Patches\BiomesCaverns_GroundPenetratingScanner.xml
[Intimacy - Gender Works] Patch operation Verse.PatchOperationRemove(Defs/RecipeDef[defName="ExtractOvum"]/genderPrerequisite) failed
file: C:\Program Files (x86)\Steam\steamapps\workshop\content\294100\3534254491\1.6\Patches\Fertility_ops_changes.xml
[Intimacy - Gender Works] Patch operation Verse.PatchOperationRemove(Defs/RecipeDef[defName="TerminatePregnancy"]/genderPrerequisite) failed
file: C:\Program Files (x86)\Steam\steamapps\workshop\content\294100\3534254491\1.6\Patches\Fertility_ops_changes.xml
[Intimacy - Gender Works] Patch operation Verse.PatchOperationRemove(Defs/RecipeDef[defName="ImplantIUD"]/genderPrerequisite) failed
file: C:\Program Files (x86)\Steam\steamapps\workshop\content\294100\3534254491\1.6\Patches\Fertility_ops_changes.xml
Could not resolve cross-reference: No Verse.SoundDef named Pawn_Melee_Punch_HitBuilding found to give to Verse.RaceProperties Verse.RaceProperties (using undefined sound instead)
Could not resolve cross-reference: No Verse.SoundDef named Pawn_Melee_Punch_HitBuilding found to give to Verse.RaceProperties Verse.RaceProperties (using undefined sound instead)
Could not resolve cross-reference: No Verse.SoundDef named Pawn_Melee_Punch_HitBuilding found to give to Verse.RaceProperties Verse.RaceProperties (using undefined sound instead)
Could not resolve cross-reference: No Verse.SoundDef named Pawn_Melee_Punch_HitBuilding found to give to Verse.RaceProperties Verse.RaceProperties (using undefined sound instead)
Could not resolve cross-reference: No Verse.SoundDef named Pawn_Melee_Punch_HitBuilding found to give to Verse.RaceProperties Verse.RaceProperties (using undefined sound instead)
Could not resolve cross-reference: No Verse.SoundDef named Pawn_Melee_Punch_HitBuilding found to give to Verse.RaceProperties Verse.RaceProperties (using undefined sound instead)
Could not resolve cross-reference: No Verse.SoundDef named Pawn_Melee_Punch_HitBuilding found to give to Verse.RaceProperties Verse.RaceProperties (using undefined sound instead)
Could not resolve cross-reference: No Verse.SoundDef named Pawn_Melee_Punch_HitBuilding found to give to Verse.RaceProperties Verse.RaceProperties (using undefined sound instead)
Could not resolve cross-reference: No Verse.SoundDef named Pawn_Melee_Punch_HitBuilding found to give to Verse.RaceProperties Verse.RaceProperties (using undefined sound instead)
Could not resolve cross-reference: No Verse.SoundDef named Pawn_Melee_Punch_HitBuilding found to give to Verse.RaceProperties Verse.RaceProperties (using undefined sound instead)
Could not resolve cross-reference: No Verse.SoundDef named Pawn_Melee_Punch_HitBuilding found to give to Verse.RaceProperties Verse.RaceProperties (using undefined sound instead)
Could not resolve cross-reference: No Verse.SoundDef named Pawn_Melee_Punch_HitBuilding found to give to Verse.RaceProperties Verse.RaceProperties (using undefined sound instead)
Could not resolve cross-reference: No Verse.SoundDef named Pawn_Melee_Punch_HitBuilding found to give to Verse.RaceProperties Verse.RaceProperties (using undefined sound instead)
Could not resolve cross-reference: No Verse.SoundDef named Pawn_Melee_Punch_HitBuilding found to give to Verse.RaceProperties Verse.RaceProperties (using undefined sound instead)
Could not resolve cross-reference: No Verse.SoundDef named Pawn_Melee_Punch_HitBuilding found to give to Verse.RaceProperties Verse.RaceProperties (using undefined sound instead)
Could not resolve cross-reference: No Verse.SoundDef named Pawn_Melee_Punch_HitBuilding found to give to Verse.RaceProperties Verse.RaceProperties (using undefined sound instead)
ConfigurableTechprintsMod :: Backing up pre-modification values...
ConfigurableTechprintsMod :: Processing traders...
ConfigurableTechprintsMod :: No TraderKindDefs with custom settings found.
ConfigurableTechprintsMod :: Processed 19 TraderKindDefs. Reports can be found in mod settings. 
ConfigurableTechprintsMod :: Processing research projects...
ConfigurableTechprintsMod :: No ResearchProjectDefs with custom settings found.
ConfigurableTechprintsMod :: Processed 394 ResearchProjectDefs with default settings. Reports can be found in mod settings. 
Failed to patch VFEInsectoids 2's Creep with additional genes.
[Big & Small] Patched 49 PawnRenderNodeProperties to use PawnRenderingProps_Lite for recolorable graphics.
Remember that you can always disable this again in the mod options.
Could not resolve cross-reference to Verse.PawnKindDef named BMT_Boomapillar (wanter=pawnKindDefs)

Possible Matches:
[Source: TraderGen]
[File: C:\Program Files (x86)\Steam\steamapps\workshop\content\294100\3525848981\1.6\Defs\TraderSpecializationDefs\TG_Specializations.xml]
Could not resolve cross-reference to Verse.PawnKindDef named BMT_BoomMoth (wanter=pawnKindDefs)

Possible Matches:
[Source: TraderGen]
[File: C:\Program Files (x86)\Steam\steamapps\workshop\content\294100\3525848981\1.6\Defs\TraderSpecializationDefs\TG_Specializations.xml]
Could not resolve cross-reference to Verse.PawnKindDef named BMT_Goeto (wanter=pawnKindDefs)

Possible Matches:
[Source: TraderGen]
[File: C:\Program Files (x86)\Steam\steamapps\workshop\content\294100\3525848981\1.6\Defs\TraderSpecializationDefs\TG_Specializations.xml]
[Source: Biomes! Caverns]
[File: C:\Program Files (x86)\Steam\steamapps\workshop\content\294100\2969748433\1.6\Defs\Animals\BMT_GoetoToad.xml]
[Source: Biomes! Caverns]
[File: C:\Program Files (x86)\Steam\steamapps\workshop\content\294100\2969748433\1.6\Defs\Biomes\BMT_FungalForest.xml]
[Source: Biomes! Caverns]
[File: C:\Program Files (x86)\Steam\steamapps\workshop\content\294100\2969748433\1.6\Defs\BiomeVariants\BMT_ShallowCave.xml]
[Source: Jawa Patches (local)]
[File: C:\Program Files (x86)\Steam\steamapps\common\RimWorld\Mods\Jawa_Patches\Patches\AnimalTolerances_Ashkarr.xml]
[Source: Jawa Patches (local)]
[File: C:\Program Files (x86)\Steam\steamapps\common\RimWorld\Mods\Jawa_Patches\Patches\BiomeCast_Ashkarr.xml]
Could not resolve cross-reference to Verse.PawnKindDef named BMT_Jewelbug (wanter=pawnKindDefs)

Possible Matches:
[Source: TraderGen]
[File: C:\Program Files (x86)\Steam\steamapps\workshop\content\294100\3525848981\1.6\Defs\TraderSpecializationDefs\TG_Specializations.xml]
Could not resolve cross-reference to Verse.PawnKindDef named BMT_SandyToad (wanter=pawnKindDefs)

Possible Matches:
[Source: TraderGen]
[File: C:\Program Files (x86)\Steam\steamapps\workshop\content\294100\3525848981\1.6\Defs\TraderSpecializationDefs\TG_Specializations.xml]
Could not resolve cross-reference to Verse.PawnKindDef named BMT_Woolybat (wanter=pawnKindDefs)

Possible Matches:
[Source: TraderGen]
[File: C:\Program Files (x86)\Steam\steamapps\workshop\content\294100\3525848981\1.6\Defs\TraderSpecializationDefs\TG_Specializations.xml]
Could not resolve cross-reference to Verse.PawnKindDef named BMT_WoollySpider (wanter=pawnKindDefs)

Possible Matches:
[Source: TraderGen]
[File: C:\Program Files (x86)\Steam\steamapps\workshop\content\294100\3525848981\1.6\Defs\TraderSpecializationDefs\TG_Specializations.xml]
Could not resolve cross-reference to Verse.ThingDef named BMT_BoomSpore (wanter=thingDefs)

Possible Matches:
[Source: TraderGen]
[File: C:\Program Files (x86)\Steam\steamapps\workshop\content\294100\3525848981\1.6\Defs\TraderSpecializationDefs\TG_Specializations.xml]
[Source: Biomes! Caverns]
[File: C:\Program Files (x86)\Steam\steamapps\workshop\content\294100\2969748433\1.6\Defs\Plants\BMT_Blastpod.xml]
Could not resolve cross-reference: No Verse.ThingDef named VWE_Tool_Whip found to give to RimWorld.StockGenerator_SingleDef RimWorld.StockGenerator_SingleDef

Possible Matches:
[Source: TraderGen]
[File: C:\Program Files (x86)\Steam\steamapps\workshop\content\294100\3525848981\1.6\Defs\TraderSpecializationDefs\TG_Specializations.xml]
[Source: Vanilla Weapons Expanded]
[File: C:\Program Files (x86)\Steam\steamapps\workshop\content\294100\1814383360\1.6\Defs\Misc\Migration.xml]
[Source: Show Me Your Hands]
[File: C:\Program Files (x86)\Steam\steamapps\workshop\content\294100\2475965842\1.6\Defs\Mods\VanillaExpanded.VWE.xml]
Added SEX_Reproduction body part coverage to Apparel_TribalA
Added SEX_Reproduction body part coverage to Apparel_Pants
Added SEX_Reproduction body part coverage to Apparel_Duster
Added SEX_Reproduction body part coverage to Apparel_PlateArmor
Added SEX_Reproduction body part coverage to Apparel_FlakPants
Added SEX_Reproduction body part coverage to Apparel_PowerArmor
Added SEX_Reproduction body part coverage to Apparel_ArmorRecon
Added SEX_Reproduction body part coverage to Apparel_Cape
Added SEX_Reproduction body part coverage to Apparel_Robe
Added SEX_Reproduction body part coverage to Apparel_PsyfocusRobe
Added SEX_Reproduction body part coverage to Apparel_RobeRoyal
Added SEX_Reproduction body part coverage to Apparel_ArmorReconPrestige
Added SEX_Reproduction body part coverage to Apparel_ArmorMarinePrestige
Added SEX_Reproduction body part coverage to Apparel_ArmorCataphract
Added SEX_Reproduction body part coverage to Apparel_ArmorCataphractPrestige
Added SEX_Reproduction body part coverage to Apparel_ArmorLocust
Added SEX_Reproduction body part coverage to Apparel_ArmorMarineGrenadier
Added SEX_Reproduction body part coverage to Apparel_ArmorCataphractPhoenix
Added SEX_Reproduction body part coverage to Apparel_Burka
Added SEX_Reproduction body part coverage to Apparel_KidRomper
Added SEX_Reproduction body part coverage to Apparel_KidPants
Added SEX_Reproduction body part coverage to Apparel_KidTribal
Added SEX_Reproduction body part coverage to Apparel_MechlordSuit
Added SEX_Reproduction body part coverage to Apparel_Vacsuit
Added SEX_Reproduction body part coverage to Apparel_VacsuitChildren
Added SEX_Reproduction body part coverage to AM_MechCommanderSuit
Added SEX_Reproduction body part coverage to AM_MechBreakerArmor
Added SEX_Reproduction body part coverage to Horror_Pants
Added SEX_Reproduction body part coverage to Horror_Overgrowth
Added SEX_Reproduction body part coverage to Horror_Exoskeleton
Added SEX_Reproduction body part coverage to Apparel_SOU_RagDress
Added SEX_Reproduction body part coverage to Apparel_SOU_RagDressB
Added SEX_Reproduction body part coverage to Apparel_SOU_TunicPoor
Added SEX_Reproduction body part coverage to Apparel_SOU_TunicFine
Added SEX_Reproduction body part coverage to Apparel_SOU_VicScullery
Added SEX_Reproduction body part coverage to Apparel_SOU_VicHM
Added SEX_Reproduction body part coverage to Apparel_SOU_Coverall
Added SEX_Reproduction body part coverage to Apparel_SOU_SpTight
Added SEX_Reproduction body part coverage to HumanSkinSuit
Added SEX_Reproduction body part coverage to TempuraOnesie
Added SEX_Reproduction body part coverage to VAE_Apparel_Shorts
Added SEX_Reproduction body part coverage to VAE_Apparel_Skirt
Added SEX_Reproduction body part coverage to VAE_Apparel_Trousers
Added SEX_Reproduction body part coverage to VAE_Apparel_Overalls
Added SEX_Reproduction body part coverage to VAE_Apparel_Jeans
Added SEX_Reproduction body part coverage to VAE_Apparel_MilitaryUniform
Added SEX_Reproduction body part coverage to VAE_Apparel_DoctorScrubs
Added SEX_Reproduction body part coverage to VAE_Apparel_LabCoat
Added SEX_Reproduction body part coverage to VAE_Apparel_Jumpsuit
Added SEX_Reproduction body part coverage to VAE_Apparel_Apron
Added SEX_Reproduction body part coverage to VAE_Apparel_PeltCoat
Added SEX_Reproduction body part coverage to VAE_Apparel_TribalKilt
Added SEX_Reproduction body part coverage to VFET_Apparel_TribalHeavy
Added SEX_Reproduction body part coverage to VGE_Apparel_Vacsuit_Prestige
Added SEX_Reproduction body part coverage to VIEHAR_Apparel_Rags
Added SEX_Reproduction body part coverage to VQEA_Apparel_PatientGown
Added SEX_Reproduction body part coverage to VQE_CryptoArmor
Added SEX_Reproduction body part coverage to VQE_CryptoHeavyArmor
Added SEX_Reproduction body part coverage to VREA_Apparel_Archoplate
Added SEX_Reproduction body part coverage to VRE_AncientAstrosuit
Added SEX_Reproduction body part coverage to AM_AScompFD
Added SEX_Reproduction body part coverage to AM_CompFlakSuit
Added SEX_Reproduction body part coverage to BMT_HermeticArmor
Added SEX_Reproduction body part coverage to DP_EtherealCloak
Added SEX_Reproduction body part coverage to DP_NinjaRobe
Added SEX_Reproduction body part coverage to DP_FireCultRobe
Added SEX_Reproduction body part coverage to DP_ShroudOfMadness
Added SEX_Reproduction body part coverage to SGC_Apparel_RescueFrame
Added SEX_Reproduction body part coverage to Apparel_BabyOnesie
Added SEX_Reproduction body part coverage to Apparel_BabyTribal
Added SEX_Reproduction body part coverage to AG_ForsakenCloak
Added SEX_Reproduction body part coverage to AG_ForsakenCloak_Child
Added SEX_Reproduction body part coverage to AG_ForsakenMarineArmor
Added SEX_Reproduction body part coverage to BMT_Apparel_ArmorChitinphract
Added SEX_Reproduction body part coverage to BMT_Apparel_ArmorChitinphractPrestige
Added SEX_Reproduction body part coverage to BMT_Apparel_ArmorBeetlephractPrestige
Added SEX_Reproduction body part coverage to BMT_Apparel_ChitinLightArmor
Added SEX_Reproduction body part coverage to BMT_Apparel_ChitinMediumArmor
Added SEX_Reproduction body part coverage to BMT_Apparel_ChitinHeavyArmor
Added SEX_Reproduction body part coverage to VFEP_Warcasket_Warcasket
Added SEX_Reproduction body part coverage to VFEP_Warcasket_Marine
Added SEX_Reproduction body part coverage to VFEP_Warcasket_Recon
Added SEX_Reproduction body part coverage to VFEP_Warcasket_Cataphract
Added SEX_Reproduction body part coverage to VFEP_Warcasket_Aerial
Added SEX_Reproduction body part coverage to VFEP_Warcasket_Barrage
Added SEX_Reproduction body part coverage to VFEP_Warcasket_Hazard
Added SEX_Reproduction body part coverage to VFEP_Warcasket_Shock
Added SEX_Reproduction body part coverage to VFEP_Apparel_Privateer
Added SEX_Reproduction body part coverage to VFEP_Apparel_Rumsuit
Added SEX_Reproduction body part coverage to VFEP_Warcasket_Siegebreaker
Added SEX_Reproduction body part coverage to VFEP_Warcasket_Guardian
Added SEX_Reproduction body part coverage to VFEP_Warcasket_Controller
Added SEX_Reproduction body part coverage to VFEP_Warcasket_Sarcophagus
Added SEX_Reproduction body part coverage to VFEP_Warcasket_Brute
Added SEX_Reproduction body part coverage to Warcasket_Sentinel
Added SEX_Reproduction body part coverage to Warcasket_GuardianX
Added SEX_Reproduction body part coverage to Warcasket_Tyrant
Added SEX_Reproduction body part coverage to Warcasket_Centurion
Added SEX_Reproduction body part coverage to OuterRim_Bodysuit
Added SEX_Reproduction body part coverage to OuterRim_BoneCuirass
Added SEX_Reproduction body part coverage to OuterRim_CasualClothing
Added SEX_Reproduction body part coverage to OuterRim_ChitinCuirass
Added SEX_Reproduction body part coverage to OuterRim_Cloak
Added SEX_Reproduction body part coverage to OuterRim_CompositeCuirass
Added SEX_Reproduction body part coverage to OuterRim_DesertGarb
Added SEX_Reproduction body part coverage to OuterRim_HermitTunic
Added SEX_Reproduction body part coverage to OuterRim_PaddedCuirass
Added SEX_Reproduction body part coverage to OuterRim_Poncho
Added SEX_Reproduction body part coverage to OuterRim_ScrapperWorksuit
Added SEX_Reproduction body part coverage to BS_BarbarianArmor
Added SEX_Reproduction body part coverage to OuterRim_DroidArmorLight
Added SEX_Reproduction body part coverage to OuterRim_DroidArmorModule
Added SEX_Reproduction body part coverage to OuterRim_DroidArmorHeavy
Added SEX_Reproduction body part coverage to OuterRim_DroidDeflectorShield
Added SEX_Reproduction body part coverage to OuterRim_DroidPropulsionJets
Added SEX_Reproduction body part coverage to OuterRim_ImperialArmyCuirass
Added SEX_Reproduction body part coverage to OuterRim_ImperialArmyUniform
Added SEX_Reproduction body part coverage to OuterRim_ImperialCadetUniform
Added SEX_Reproduction body part coverage to OuterRim_DeathTrooperCuirass
Added SEX_Reproduction body part coverage to OuterRim_ISBAgentCuirass
Added SEX_Reproduction body part coverage to OuterRim_ImperialJumpsuit
Added SEX_Reproduction body part coverage to OuterRim_ImperialOfficerUniform
Added SEX_Reproduction body part coverage to OuterRim_ImperialOfficerUniform_Black
Added SEX_Reproduction body part coverage to OuterRim_ImperialOfficerUniform_White
Added SEX_Reproduction body part coverage to OuterRim_RangeTrooperCuirass
Added SEX_Reproduction body part coverage to OuterRim_ScoutTrooperCuirass
Added SEX_Reproduction body part coverage to OuterRim_SnowtrooperCuirass
Added SEX_Reproduction body part coverage to OuterRim_StormtrooperCuirass
Added SEX_Reproduction body part coverage to OuterRim_StormtrooperCuirass_Specialist
Added SEX_Reproduction body part coverage to OuterRim_StormtrooperCuirass_Pride
Added SEX_Reproduction body part coverage to OuterRim_StormtrooperKama
Added SEX_Reproduction body part coverage to OuterRim_RebelOfficerJacket
Added SEX_Reproduction body part coverage to OuterRim_RebelFleetTrooperUniform
Added SEX_Reproduction body part coverage to OuterRim_RebelForestFatigues
Added SEX_Reproduction body part coverage to OuterRim_RebelForestJacket
Added SEX_Reproduction body part coverage to OuterRim_RebelForestPoncho
Added SEX_Reproduction body part coverage to OuterRim_RebelOfficerUniform
Added SEX_Reproduction body part coverage to guy762_DroidArmorHvy
Added SEX_Reproduction body part coverage to guy762_DroidArmorHvy_env
Added SEX_Reproduction body part coverage to guy762_DroidArmorHvy_desh
Added SEX_Reproduction body part coverage to guy762_DroidArmorHvy_czerka
Added SEX_Reproduction body part coverage to guy762_DroidArmorHvy_impact
Added SEX_Reproduction body part coverage to guy762_DroidArmorHvy_composite
Added SEX_Reproduction body part coverage to guy762_DroidArmorHvy_diatium
Added SEX_Reproduction body part coverage to guy762_DroidArmorLte
Added SEX_Reproduction body part coverage to guy762_DroidArmorLte_env
Added SEX_Reproduction body part coverage to guy762_DroidArmorLte_desh
Added SEX_Reproduction body part coverage to guy762_DroidArmorLte_czerka
Added SEX_Reproduction body part coverage to guy762_DroidArmorLte_impact
Added SEX_Reproduction body part coverage to guy762_DroidArmorLte_composite
Added SEX_Reproduction body part coverage to guy762_DroidArmorLte_agrinium
Added SEX_Reproduction body part coverage to guy762_DroidArmorMid
Added SEX_Reproduction body part coverage to guy762_DroidArmorMid_env
Added SEX_Reproduction body part coverage to guy762_DroidArmorMid_desh
Added SEX_Reproduction body part coverage to guy762_DroidArmorMid_czerka
Added SEX_Reproduction body part coverage to guy762_DroidArmorMid_impact
Added SEX_Reproduction body part coverage to guy762_DroidArmorMid_composite
Added SEX_Reproduction body part coverage to guy762_DroidArmorMid_quadranium
Added SEX_Reproduction body part coverage to _guy762_DevTool_BodyHider
Added SEX_Reproduction body part coverage to GS_SandP_Body
Added SEX_Reproduction body part coverage to guy762_Clothing_scum
Added SEX_Reproduction body part coverage to guy762_Clothing_scumII
Added SEX_Reproduction body part coverage to guy762_Clothing_scumIII
Added SEX_Reproduction body part coverage to guy762_Clothing_civilian
Added SEX_Reproduction body part coverage to guy762_Clothing_rebel
Added SEX_Reproduction body part coverage to guy762_Clothing_smuggler
Added SEX_Reproduction body part coverage to guy762_Clothing_trendy
Added SEX_Reproduction body part coverage to guy762_Clothing_cosmopolitan
Added SEX_Reproduction body part coverage to guy762_Clothing_light
Added SEX_Reproduction body part coverage to guy762_Clothing_RebelCamo
Added SEX_Reproduction body part coverage to guy762_Clothing_RebelCamoII
Added SEX_Reproduction body part coverage to guy762_GenericUniform_fatigues
Added SEX_Reproduction body part coverage to guy762_Bodysuit_Dyeable
Added SEX_Reproduction body part coverage to guy762_Bodysuit_striped
Added SEX_Reproduction body part coverage to guy762_Bodysuit
Added SEX_Reproduction body part coverage to guy762_Robes_gand
Added SEX_Reproduction body part coverage to guy762_JediCloak_light
Added SEX_Reproduction body part coverage to guy762_Robes_jawa
Added SEX_Reproduction body part coverage to guy762_Robes_tusken
Added SEX_Reproduction body part coverage to guy762_Robes_zuckuss
Added SEX_Reproduction body part coverage to guy762_Robes_onderon
Added SEX_Reproduction body part coverage to guy762_MalakTunic
Added SEX_Reproduction body part coverage to guy762_MalakCape
Added SEX_Reproduction body part coverage to guy762_RevanRobes
Added SEX_Reproduction body part coverage to guy762_RevanCloak
Added SEX_Reproduction body part coverage to guy762_NihilusRobes
Added SEX_Reproduction body part coverage to guy762_NihilusCloak
Added SEX_Reproduction body part coverage to guy762_StarForgeRobes
Added SEX_Reproduction body part coverage to guy762_StarForgeCloak
Added SEX_Reproduction body part coverage to guy762_SionTunic
Added SEX_Reproduction body part coverage to guy762_KreiaRobes_DarthTraya
Added SEX_Reproduction body part coverage to guy762_ExarKunArmor
Added SEX_Reproduction body part coverage to guy762_MalgusArmor
Added SEX_Reproduction body part coverage to guy762_HvyArmor
Added SEX_Reproduction body part coverage to guy762_HvyArmor_echani
Added SEX_Reproduction body part coverage to guy762_HvyArmor_durasteel
Added SEX_Reproduction body part coverage to guy762_HvyArmor_flex
Added SEX_Reproduction body part coverage to guy762_HvyArmor_matrix
Added SEX_Reproduction body part coverage to guy762_LgtBattleArmor
Added SEX_Reproduction body part coverage to guy762_LgtBattleArmor_bronzium
Added SEX_Reproduction body part coverage to guy762_LgtBattleArmor_power
Added SEX_Reproduction body part coverage to guy762_LgtBattleArmor_krath
Added SEX_Reproduction body part coverage to guy762_LgtBattleArmor_electromesh
Added SEX_Reproduction body part coverage to guy762_MidBattleArmor
Added SEX_Reproduction body part coverage to guy762_MidBattleArmor_powered
Added SEX_Reproduction body part coverage to guy762_MidBattleArmor_cinnagar
Added SEX_Reproduction body part coverage to guy762_MidBattleArmor_corellian
Added SEX_Reproduction body part coverage to guy762_MidBattleArmor_verpine
Added SEX_Reproduction body part coverage to guy762_Bodysuit_czerka
Added SEX_Reproduction body part coverage to guy762_Clothing_czerka
Added SEX_Reproduction body part coverage to guy762_Clothing_czerkaofficer
Added SEX_Reproduction body part coverage to guy762_LgtBattleArmor_TSL
Added SEX_Reproduction body part coverage to guy762_JediTunic_light
Added SEX_Reproduction body part coverage to guy762_JediTunic_simple
Added SEX_Reproduction body part coverage to guy762_JediTunic_formal
Added SEX_Reproduction body part coverage to guy762_JediTunic_trad
Added SEX_Reproduction body part coverage to guy762_JediTunic_lightOld
Added SEX_Reproduction body part coverage to guy762_MidBattleArmor_mando
Added SEX_Reproduction body part coverage to guy762_MandoArmor_battle
Added SEX_Reproduction body part coverage to guy762_MandoArmor_assault
Added SEX_Reproduction body part coverage to guy762_MandoArmor_supercom
Added SEX_Reproduction body part coverage to guy762_RepUniform_ensign
Added SEX_Reproduction body part coverage to guy762_RepUniform_officer
Added SEX_Reproduction body part coverage to guy762_RepArmor_TSF
Added SEX_Reproduction body part coverage to guy762_RepArmor_trooper
Added SEX_Reproduction body part coverage to guy762_HvyArmor_repcom
Added SEX_Reproduction body part coverage to guy762_HvyArmor_gamorrean
Added SEX_Reproduction body part coverage to guy762_Jacket_exchange
Added SEX_Reproduction body part coverage to guy762_SithTunic_apprentice
Added SEX_Reproduction body part coverage to guy762_SithTunic_assassin
Added SEX_Reproduction body part coverage to guy762_SithTunic_warrior
Added SEX_Reproduction body part coverage to guy762_SithArmor_marauder
Added SEX_Reproduction body part coverage to guy762_SithArmor_colormarauder
Added SEX_Reproduction body part coverage to guy762_SithUniform_ensign
Added SEX_Reproduction body part coverage to guy762_SithUniform_officer
Added SEX_Reproduction body part coverage to guy762_SithArmor_trooper
Added SEX_Reproduction body part coverage to guy762_SithArmor_colortrooper
Added SEX_Reproduction body part coverage to guy762_SithArmor_commando
Added SEX_Reproduction body part coverage to guy762_SithArmor_colorcommando
Added SEX_Reproduction body part coverage to guy762_VisasRobes
Added SEX_Reproduction body part coverage to guy762_JoleeTunic
Added SEX_Reproduction body part coverage to guy762_BastilaTunic
Added SEX_Reproduction body part coverage to guy762_JuhaniTunic
Added SEX_Reproduction body part coverage to VFEP_Warcasket_MechController
Added SEX_Reproduction body part coverage to AM_Apparel_MechlordSuit_Prestige
Added SEX_Reproduction body part coverage to AM_PrestigeMechCommanderSuit
Added SEX_Reproduction body part coverage to AM_PrestigeMechBreakerArmor
BodyDef Scorcher_SixLeg has BodyPartRecord of MechanicalThoraxCanManipulate whose children have more or equal coverage than 100% (102.00%)
Exception in ConfigErrors() of CannibalPirate: System.NullReferenceException: Object reference not set to an instance of an object
[Ref 98CE9D87]
  at Verse.Find.get_FactionManager () [0x00005] in <61e4173561894da49d210260257b5097>:0 
  at Worldbuilder.IdeoUtility_IsMemeAllowedFor_Patch.Postfix (RimWorld.FactionDef faction, System.Boolean& __result) [0x00011] in <957447d36eb347bca2c8da40e7802946>:0 
  at RimWorld.IdeoUtility.IsMemeAllowedFor (RimWorld.MemeDef meme, RimWorld.FactionDef faction) [0x0014c] in <61e4173561894da49d210260257b5097>:0 
    - POSTFIX WorldbuilderMod: Void Worldbuilder.IdeoUtility_IsMemeAllowedFor_Patch:Postfix(FactionDef faction, Boolean& __result)
  at RimWorld.FactionDef.<ConfigErrors>b__150_0 (RimWorld.MemeDef x) [0x00000] in <61e4173561894da49d210260257b5097>:0 
  at Verse.GenCollection.FirstOrDefault[T] (System.Collections.Generic.List`1[T] list, System.Predicate`1[T] predicate) [0x00011] in <61e4173561894da49d210260257b5097>:0 
  at RimWorld.FactionDef+<ConfigErrors>d__150.MoveNext () [0x001b3] in <61e4173561894da49d210260257b5097>:0 
  at Verse.DefDatabase`1[T].ErrorCheckAllDefs () [0x00065] in <61e4173561894da49d210260257b5097>:0 

Possible Matches:
[Source: Ideology]
[File: C:\Program Files (x86)\Steam\steamapps\common\RimWorld\Data\Ideology\Defs\FactionDefs\Factions_Misc.xml]
[Source: Jawa Patches (local)]
[File: C:\Program Files (x86)\Steam\steamapps\common\RimWorld\Mods\Jawa_Patches\Defs\RulePackDefs\Namer_PirateSyndicates.xml]
[Source: Jawa Faction Slate]
[File: C:\Program Files (x86)\Steam\steamapps\common\RimWorld\Mods\JawaFactionSlate\Patches\OnlyOurFactions.xml]
[Source: Orc Clan + Xenotype]
[File: C:\Program Files (x86)\Steam\steamapps\workshop\content\294100\3232348025\Patches\XenotypeIntegration.xml]
[Source: Jawa Patches (local)]
[File: C:\Program Files (x86)\Steam\steamapps\common\RimWorld\Mods\Jawa_Patches\Patches\BlackstarCompany.xml]
Exception in ConfigErrors() of PirateYttakin: System.NullReferenceException: Object reference not set to an instance of an object
[Ref 98CE9D87] Duplicate stacktrace, see ref for original

Possible Matches:
[Source: Biotech]
[File: C:\Program Files (x86)\Steam\steamapps\common\RimWorld\Data\Biotech\Defs\FactionDefs\Factions_Misc.xml]
[Source: Biotech]
[File: C:\Program Files (x86)\Steam\steamapps\common\RimWorld\Data\Biotech\Defs\PawnKindDefs_Humanlikes\PawnKinds_Yttakin.xml]
[Source: Biotech]
[File: C:\Program Files (x86)\Steam\steamapps\common\RimWorld\Data\Biotech\Defs\RulePackDefs\RulePacks_Namers_Faction.xml]
[Source: Jawa Patches (local)]
[File: C:\Program Files (x86)\Steam\steamapps\common\RimWorld\Mods\Jawa_Patches\Defs\RulePackDefs\Namer_PirateSyndicates.xml]
[Source: Jawa Faction Slate]
[File: C:\Program Files (x86)\Steam\steamapps\common\RimWorld\Mods\JawaFactionSlate\Patches\OnlyOurFactions.xml]
[Source: Mechs and Animals for NPC Factions]
[File: C:\Program Files (x86)\Steam\steamapps\workshop\content\294100\3407831843\Patches\NPC_Mechs.xml]
[Source: ReGrowth 2]
[File: C:\Program Files (x86)\Steam\steamapps\workshop\content\294100\2260097569\1.6\Patches\_ModSettings\General-Patches.xml]
[Source: Jawa Patches (local)]
[File: C:\Program Files (x86)\Steam\steamapps\common\RimWorld\Mods\Jawa_Patches\Patches\BlackstarCompany.xml]
Config error in JawaIon_Stun: stages are not in order of minSeverity

Possible Matches:
[Source: Jawa Ion Weapons (local)]
[File: C:\Program Files (x86)\Steam\steamapps\common\RimWorld\Mods\JawaIonWeapons\Defs\HediffDefs_JawaIonStun.xml]
Config error in TG_Husbandry: [TraderGen]  TG_Husbandry could not process config errors of the stock generator in position 5 due to an exception:

Possible Matches:
[Source: TraderGen]
[File: C:\Program Files (x86)\Steam\steamapps\workshop\content\294100\3525848981\1.6\Defs\TraderSpecializationDefs\TG_Specializations.xml]
Config error in SignWoodenMulti: impassable, player-buildable building that can be shot/seen over.

Possible Matches:
[Source: Signs and Comments]
[File: C:\Program Files (x86)\Steam\steamapps\workshop\content\294100\3281950776\1.6\Defs\ThingDefs_Signs\Buildings_Signs.xml]
Config error in SignWoodenMulti: impassable, player-buildable building that can be shot/seen over.

Possible Matches:
[Source: Signs and Comments]
[File: C:\Program Files (x86)\Steam\steamapps\workshop\content\294100\3281950776\1.6\Defs\ThingDefs_Signs\Buildings_Signs.xml]
Config error in TG_Husbandry: System.NullReferenceException: Object reference not set to an instance of an object
[Ref E4D398E0]
  at RimWorld.StockGenerator_SingleDef+<ConfigErrors>d__3.MoveNext () [0x0008f] in <61e4173561894da49d210260257b5097>:0 
  at System.Collections.Generic.List`1[T].AddEnumerable (System.Collections.Generic.IEnumerable`1[T] enumerable) [0x00059] in <51fded79cd284d4d911c5949aff4cb21>:0 
System.Collections.Generic.List`1[[System.String, mscorlib, Version=4.0.0.0, Culture=neutral, PublicKeyToken=b77a5c561934e089]]..ctor(IEnumerable`1 collection)
  at System.Linq.Enumerable.ToList[TSource] (System.Collections.Generic.IEnumerable`1[T] source) [0x00018] in <1f993cbf88314b1baa1e10ca917bdc64>:0 
  at TraderGen.TraderSpecializationDef+<ConfigErrors>d__1.MoveNext () [0x000b2] in <b6923fd0a222414a9c2b006245e9d751>:0 

Possible Matches:
[Source: TraderGen]
[File: C:\Program Files (x86)\Steam\steamapps\workshop\content\294100\3525848981\1.6\Defs\TraderSpecializationDefs\TG_Specializations.xml]
Config error in SignPanelWood: impassable, player-buildable building that can be shot/seen over.

Possible Matches:
[Source: Signs and Comments]
[File: C:\Program Files (x86)\Steam\steamapps\workshop\content\294100\3281950776\1.6\Defs\ThingDefs_Signs\Buildings_Signs.xml]
Config error in SignPanelWood: impassable, player-buildable building that can be shot/seen over.

Possible Matches:
[Source: Signs and Comments]
[File: C:\Program Files (x86)\Steam\steamapps\workshop\content\294100\3281950776\1.6\Defs\ThingDefs_Signs\Buildings_Signs.xml]
Config error in SignCairn: impassable, player-buildable building that can be shot/seen over.

Possible Matches:
[Source: Signs and Comments]
[File: C:\Program Files (x86)\Steam\steamapps\workshop\content\294100\3281950776\1.6\Defs\ThingDefs_Signs\Buildings_Signs.xml]
Config error in SignCairn: impassable, player-buildable building that can be shot/seen over.

Possible Matches:
[Source: Signs and Comments]
[File: C:\Program Files (x86)\Steam\steamapps\workshop\content\294100\3281950776\1.6\Defs\ThingDefs_Signs\Buildings_Signs.xml]
Config error in SignObelisk: impassable, player-buildable building that can be shot/seen over.

Possible Matches:
[Source: Signs and Comments]
[File: C:\Program Files (x86)\Steam\steamapps\workshop\content\294100\3281950776\1.6\Defs\ThingDefs_Signs\Buildings_Signs.xml]
Config error in SignObelisk: impassable, player-buildable building that can be shot/seen over.

Possible Matches:
[Source: Signs and Comments]
[File: C:\Program Files (x86)\Steam\steamapps\workshop\content\294100\3281950776\1.6\Defs\ThingDefs_Signs\Buildings_Signs.xml]
Config error in SignSlab: impassable, player-buildable building that can be shot/seen over.

Possible Matches:
[Source: Signs and Comments]
[File: C:\Program Files (x86)\Steam\steamapps\workshop\content\294100\3281950776\1.6\Defs\ThingDefs_Signs\Buildings_Signs.xml]
Config error in SignSlab: impassable, player-buildable building that can be shot/seen over.

Possible Matches:
[Source: Signs and Comments]
[File: C:\Program Files (x86)\Steam\steamapps\workshop\content\294100\3281950776\1.6\Defs\ThingDefs_Signs\Buildings_Signs.xml]
Config error in SignPanel: impassable, player-buildable building that can be shot/seen over.

Possible Matches:
[Source: Signs and Comments]
[File: C:\Program Files (x86)\Steam\steamapps\workshop\content\294100\3281950776\1.6\Defs\ThingDefs_Signs\Buildings_Signs.xml]
Config error in SignPanel: impassable, player-buildable building that can be shot/seen over.

Possible Matches:
[Source: Signs and Comments]
[File: C:\Program Files (x86)\Steam\steamapps\workshop\content\294100\3281950776\1.6\Defs\ThingDefs_Signs\Buildings_Signs.xml]
Config error in SignNature: impassable, player-buildable building that can be shot/seen over.

Possible Matches:
[Source: Signs and Comments]
[File: C:\Program Files (x86)\Steam\steamapps\workshop\content\294100\3281950776\1.6\Defs\ThingDefs_Signs\Buildings_Signs.xml]
Config error in SignNature: impassable, player-buildable building that can be shot/seen over.

Possible Matches:
[Source: Signs and Comments]
[File: C:\Program Files (x86)\Steam\steamapps\workshop\content\294100\3281950776\1.6\Defs\ThingDefs_Signs\Buildings_Signs.xml]
Config error in SignBillboard: impassable, player-buildable building that can be shot/seen over.

Possible Matches:
[Source: Signs and Comments]
[File: C:\Program Files (x86)\Steam\steamapps\workshop\content\294100\3281950776\1.6\Defs\ThingDefs_Signs\Buildings_Signs.xml]
Config error in SignBillboard: impassable, player-buildable building that can be shot/seen over.

Possible Matches:
[Source: Signs and Comments]
[File: C:\Program Files (x86)\Steam\steamapps\workshop\content\294100\3281950776\1.6\Defs\ThingDefs_Signs\Buildings_Signs.xml]
Config error in SignRoadLED: impassable, player-buildable building that can be shot/seen over.

Possible Matches:
[Source: Signs and Comments]
[File: C:\Program Files (x86)\Steam\steamapps\workshop\content\294100\3281950776\1.6\Defs\ThingDefs_Signs\Buildings_Signs.xml]
Config error in SignRoadLED: impassable, player-buildable building that can be shot/seen over.

Possible Matches:
[Source: Signs and Comments]
[File: C:\Program Files (x86)\Steam\steamapps\workshop\content\294100\3281950776\1.6\Defs\ThingDefs_Signs\Buildings_Signs.xml]
Config error in Techprint_RR_lighting: description has trailing whitespace
Config error in Techprint_guy762_ResearchKotOR_lightsabers: description has trailing whitespace
Key binding conflict: MainTab_kNumbersOverviewTab and OpenMapSearch are both bound to Z.
Key binding conflict: CAEngageMelee and KeyBinding_DestroyItem are both bound to X.
Key binding conflict: OpenMapSearch and MainTab_kNumbersOverviewTab are both bound to Z.
Key binding conflict: MainTab_CQFA_LevelSchedule and MainTab_AM_LevelSchedule are both bound to F9.
Key binding conflict: MainTab_History and MainTab_AM_LevelSchedule are both bound to F9.
Key binding conflict: MainTab_AM_LevelSchedule and MainTab_CQFA_LevelSchedule are both bound to F9.
Key binding conflict: MainTab_History and MainTab_CQFA_LevelSchedule are both bound to F9.
Key binding conflict: MainTab_AM_LevelSchedule and MainTab_History are both bound to F9.
Key binding conflict: MainTab_CQFA_LevelSchedule and MainTab_History are both bound to F9.
[ChezhouLib] Registered CL-managed AB: chezhou.chezhoulib.lib => 1.6\assetbundles\clui.ab
[ChezhouLib] Registered CL-managed AB: chezhou.chezhoulib.lib => 1.6\assetbundles\chezhouasset.ab
[ChezhouLib] Registered CL-managed AB: chezhou.chezhoulib.lib => 1.6\assetbundles\chezhouasset_mac.ab
[ChezhouLib] Registered CL-managed AB: chezhou.chezhoulib.lib => 1.6\assetbundles\chezhouasset_linux.ab
[ChezhouLib] CL-managed AB count for chezhou.chezhoulib.lib: 4
[ChezhouLib] 跳过 Unity 根清单 AssetBundle: chezhou.chezhoulib.lib => 1.6\assetbundles\assetbundles
[ChezhouLib] Registered CL-managed AB: chezhou.creature.sandworm => 1.6\assetbundles\sandworm.ab
[ChezhouLib] Registered CL-managed AB: chezhou.creature.sandworm => 1.6\assetbundles\sandworm_mac.ab
[ChezhouLib] CL-managed AB count for chezhou.creature.sandworm: 2
[ChezhouLib] 跳过 Unity 根清单 AssetBundle: chezhou.creature.sandworm => 1.6\assetbundles\assetbundles
[Biomes! Core v2.6.2.0] Initialized
<color=#FFA500FF>[Map Mode Framework]</color> Assembly for Geological Landforms loaded. Will load compatibility patches.
<color=#FFA500FF>[Map Mode Framework]</color> Assembly for ReGrowth 2 loaded. Will load compatibility patches.
<color=#FFA500FF>[Map Mode Framework]</color> Loading assemblies of patched mods done. Total assemblies loaded: 2
<color=#FFA500FF>[Map Mode Framework]</color> BiomesKitWorldLayer [ReGrowthCore] not found. Render patch not applied.
Quarry:: Total 21 quarryable terrain found, processed: Sandstone, Granite, Limestone, Slate, Marble, Solid ice, Smoothed solid ice, Vacstone, Rose quartz, Cragstone, Onyxglass, Mudstone, Hardened slime, Ancient metal, Smoothed ancient metal, Compressed vacstone, Condensed sand, Ice, Crystal, Basalt, Obsidian
1 QuarryableStoneDef's found
[Biomes! Caverns v1.6.3.0] Initialized
startIndex: 63
endIndex: 75
Start: newobj System.Void System.Text.StringBuilder::.ctor()
End:callvirt virtual System.String System.Object::ToString() [Label14]
Start: call static System.String System.String::Concat(System.String str0, System.String str1) [Label15]
End:ldloc.0 NULL
[Rimesis] Indexed 771 weapons and 346 armor-layer entries, plus 11 Engineer combat utilities in 16.28 ms; Rimesis loadout events now use cached tag/package buckets.
[Rimesis] VFE Pirates Warcasket compatibility enabled (18 armor, 18 shoulders, 18 helmets, 4 melee weapons, 11 ranged weapons).
[Rimesis] Engineer vehicle definition checks ready (35 loaded Vehicle Framework pawn kind(s)).
RimMandrake_Pawn_SandP_Call SubSound RimMandrake_Pawn_SandP_Call_0 has no resolvedGrains.
RimMandrake_Pawn_SandP_Death SubSound RimMandrake_Pawn_SandP_Death_0 has no resolvedGrains.
RimMandrake_Pawn_SandP_Wounded SubSound RimMandrake_Pawn_SandP_Wounded_0 has no resolvedGrains.
Translation data for language English has 221 errors. Generate translation report for more info.
[Cherry Picker] The database was processed in 00.70107 seconds and the following defs were removed: 
 - IncidentDef/ShamblerAssault, 
 - IncidentDef/ShamblerSwarm, 
 - IncidentDef/SmallShamblerSwarm, 
 - IncidentDef/ShamblerSwarmAnimals, 
 - PawnKindDef/ShamblerSoldier, 
 - PawnKindDef/ShamblerSwarmer, 
 - PawnKindDef/Ghoul, 
 - RecipeDef/GhoulInfusion, 
 - IncidentDef/GhoulAttack, 
 - PawnKindDef/Metalhorror, 
 - IncidentDef/CreepJoinerJoin_Metalhorror, 
 - PawnKindDef/Trispike, 
 - ThingDef/GoldenCube, 
 - ThingDef/WarpedObelisk_Duplicator, 
 - IncidentDef/WarpedObelisk_Duplicator, 
 - ThingDef/WarpedObelisk_Abductor, 
 - IncidentDef/WarpedObelisk_Abductor, 
 - ThingDef/RevenantSpine, 
 - ThingDef/VoidNode, 
 - ThingDef/GravForge, 
 - RecipeDef/Make_GravcoreGF, 
 - ThingDef/AdvShip_GravReactor, 
 - GeneDef/AG_MeatBurst, 
 - GeneDef/Turn_Gene_FleshbeastBurster, 
 - ThingDef/AM_ADAR, 
 - ThingDef/AM_AK101A, 
 - ThingDef/AM_AK68A, 
 - ThingDef/AM_APS, 
 - ThingDef/AM_ASVAL, 
 - ThingDef/AM_AVT, 
 - ThingDef/AM_CPHG, 
 - ThingDef/AM_DTMDR, 
 - ThingDef/AM_FNHG, 
 - ThingDef/AM_Hunter, 
 - ThingDef/AM_M42U, 
 - ThingDef/AM_M4A, 
 - ThingDef/AM_M4ASOP, 
 - ThingDef/AM_M4C, 
 - ThingDef/AM_M5A3LT, 
 - ThingDef/AM_M700A, 
 - ThingDef/AM_MCX, 
 - ThingDef/AM_MCXC, 
 - ThingDef/AM_MK17A, 
 - ThingDef/AM_MK18M, 
 - ThingDef/AM_MK68A, 
 - ThingDef/AM_MPX, 
 - ThingDef/AM_MPXL, 
 - ThingDef/AM_Makarov, 
 - ThingDef/AM_PKM, 
 - ThingDef/AM_PKP, 
 - ThingDef/AM_R11A, 
 - ThingDef/AM_RM68A, 
 - ThingDef/AM_SR25A, 
 - ThingDef/AM_STM, 
 - ThingDef/AM_STMC, 
 - ThingDef/AM_Spear68A, 
 - ThingDef/AM_Spear68C, 
 - ThingDef/AM_TKB68A, 
 - ThingDef/AM_VSS, 
 - ThingDef/Gun_AssaultRifle, 
 - ThingDef/Gun_Autopistol, 
 - ThingDef/Gun_BoltActionRifle, 
 - ThingDef/Gun_ChainShotgun, 
 - ThingDef/Gun_HeavySMG, 
 - ThingDef/Gun_LMG, 
 - ThingDef/Gun_MachinePistol, 
 - ThingDef/Gun_Minigun, 
 - ThingDef/Gun_PumpShotgun, 
 - ThingDef/Gun_Revolver, 
 - ThingDef/Gun_SniperRifle, 
 - ThingDef/VWE_CombatHandgun, 
 - ThingDef/VWE_Gun_AntiMaterialRifle, 
 - ThingDef/VWE_Gun_AntiMaterialRifle_Unique, 
 - ThingDef/VWE_Gun_BattleRifle, 
 - ThingDef/VWE_Gun_BattleRifle_Unique, 
 - ThingDef/VWE_Gun_Carbine, 
 - ThingDef/VWE_Gun_Carbine_Unique, 
 - ThingDef/VWE_Gun_CombatHandgun_Unique, 
 - ThingDef/VWE_Gun_HMG, 
 - ThingDef/VWE_Gun_HMG_Unique, 
 - ThingDef/VWE_Gun_HandCannon, 
 - ThingDef/VWE_Gun_HandCannon_Unique, 
 - ThingDef/VWE_Gun_LeverActionRifle, 
 - ThingDef/VWE_Gun_LeverActionRifle_Unique, 
 - ThingDef/VWE_Gun_LightSMG, 
 - ThingDef/VWE_Gun_LightSMG_Unique, 
 - ThingDef/VWE_Gun_MarksmanRifle, 
 - ThingDef/VWE_Gun_MarksmanRifle_Unique, 
 - ThingDef/VWE_Gun_SMG, 
 - ThingDef/VWE_Gun_SMG_Unique, 
 - ThingDef/VWE_Gun_SawedOffShotgun_Unique, 
 - ThingDef/VWE_Gun_SemiAutomaticRifle, 
 - ThingDef/VWE_Gun_SemiAutomaticRifle_Unique, 
 - ThingDef/VWE_Gun_ServiceRifle, 
 - ThingDef/VWE_Gun_ServiceRifle_Unique, 
 - ThingDef/VWE_Gun_TrenchGun_Unique, 
 - ThingDef/VWE_SawedOffShotgun, 
 - ThingDef/VWE_TrenchGun, 
 - PawnKindDef/Mechanitor, 
 - PawnKindDef/Mechanitor_Basic, 
 - ThingDef/Mechlink, 
 - ThingDef/ControlSublink, 
 - ThingDef/ControlSublinkHigh, 
 - ThingDef/RemoteRepairer, 
 - ThingDef/RemoteShielder, 
 - ThingDef/BandNode, 
 - ThingDef/BurnoutMechlinkBooster, 
 - ThingDef/MechBooster, 
 - ThingDef/MechGestator, 
 - ThingDef/LargeMechGestator, 
 - ThingDef/BasicRecharger, 
 - ThingDef/StandardRecharger, 
 - HediffDef/MechlinkImplant, 
 - HediffDef/BandNode, 
 - HediffDef/ControlSublinkImplant, 
 - ThingDef/AM_InfernusMechlinkBooster, 
 - ThingDef/AM_WarEmpressMechlinkBooster, 
 - ThingDef/AM_ApoptosisMechlinkBooster, 
 - ThingDef/AM_BeamcasterBandNode, 
 - ThingDef/AM_GreaterBandNode, 
 - ThingDef/AM_GreaterMechBooster, 
 - ThingDef/AM_GreaterRecharger, 
 - HediffDef/AM_BeamncasterBandNode, 
 - HediffDef/AM_VoidlinkBandNode, 
 - ThingDef/wallcharger, 
 - ThingDef/largewallcharger, 
 - ThingDef/ultrawallcharger, 
 - ThingDef/WallMountedMechBooster, 
 - ThingDef/VGE_GravshipBasicRecharger, 
 - ThingDef/VGE_GravshipStandardRecharger, 
 - ThingDef/AG_TemporaryBandNode, 
 - ThingDef/VAE_Apparel_CasualTShirt, 
 - ThingDef/VAE_Apparel_Hoodie, 
 - ThingDef/VAE_Apparel_ShirtandTie, 
 - ThingDef/VAE_Apparel_SuitJacket, 
 - ThingDef/VAE_Headgear_Fedora, 
 - ThingDef/VAE_Apparel_Overalls, 
 - ThingDef/VAE_Apparel_Jeans, 
 - ThingDef/VAE_Apparel_ChefsUniform, 
 - ThingDef/VAE_Apparel_MilitaryJacket, 
 - ThingDef/VAE_Apparel_MilitaryUniform, 
 - ThingDef/VAE_Apparel_BuildersJacket, 
 - ThingDef/VAE_Apparel_DoctorScrubs, 
 - ThingDef/VAE_Apparel_LabCoat, 
 - ThingDef/VAE_Apparel_TankTop, 
 - ThingDef/VAE_Apparel_SheriffShirt, 
 - ThingDef/VAE_Apparel_Blouse, 
 - ThingDef/VAE_Apparel_Apron, 
 - ThingDef/VAE_Headgear_Scarf, 
 - ThingDef/VAE_Headgear_Beret, 
 - ThingDef/VAE_Headgear_Hardhat, 
 - ThingDef/VAE_Headgear_SurgicalMask, 
 - ThingDef/VAE_Headgear_BaseballCap, 
 - ThingDef/VAE_Headgear_Sunglasses, 
 - ThingDef/VAE_Headgear_ChefsToque, 
 - ThingDef/AM_AScompFD, 
 - ThingDef/AM_MK4aConcealed, 
 - ThingDef/AM_MK4aDefensive, 
 - ThingDef/AM_CompFlakSuit, 
 - ThingDef/AM_FullyEnclosedHelmet, 
 - ThingDef/AM_NightVisionHelmet, 
 - ThingDef/AM_CataphractHelmetFashion, 
 - ThingDef/AM_CataphractHelmetSlaughter, 
 - ThingDef/AM_ClosedOxygenCylinder, 
 - ThingDef/AM_BulletproofMask, 
 - ThingDef/Armadillo, 
 - ThingDef/BlackBear, 
 - ThingDef/Mandrill, 
 - ThingDef/Penguin, 
 - ThingDef/Zebra, 
 - ThingDef/DA_ForestOwlcat, 
 - ThingDef/DA_ArcticOwlcat, 
 - ThingDef/DA_SilverMole, 
 - ThingDef/AlligatorMan, 
 - ThingDef/BlackBearMan, 
 - ThingDef/MandrillMan, 
 - ThingDef/Neanderthal, 
 - ThingDef/AA_CrystallineCaracal, 
 - ThingDef/AA_DevilSheep, 
 - ThingDef/AA_FlamingoPhoenix, 
 - ThingDef/BMT_GlarralPenguin, 
 - ThingDef/BiomesIslands_Flamingo, 
 - ThingDef/Flamingo, 
 - ThingDef/Alphabeaver, 
 - ThingDef/Cassowary, 
 - ThingDef/Cobra, 
 - ThingDef/Emu, 
 - ThingDef/Gazelle, 
 - ThingDef/Ostrich, 
 - ThingDef/Tortoise, 
 - ThingDef/YorkshireTerrier, 
 - ThingDef/AA_PhoenixOwlcat, 
 - ThingDef/ERN_Chocobo, 
 - ThingDef/ERN_Carbuncle, 
 - ThingDef/ERN_BigCarbuncle, 
 - ThingDef/TYR_KangarooRat, 
 - ThingDef/TYR_Mouse, 
 - ThingDef/Castoroides, 
 - ThingDef/Chalicotherium, 
 - ThingDef/Daeodon, 
 - ThingDef/Deinotherium, 
 - ThingDef/Dinopithecus, 
 - ThingDef/Diprotodon, 
 - ThingDef/Enhydriodon, 
 - ThingDef/Gigantophis, 
 - ThingDef/JRWGigantophis, 
 - ThingDef/Gigantopithecus, 
 - ThingDef/Josephoartigasia, 
 - ThingDef/Megalania, 
 - ThingDef/Megalochelys, 
 - ThingDef/Palaeeudyptes, 
 - ThingDef/Purussaurus, 
 - ThingDef/Quinkana, 
 - ThingDef/Procoptodon, 
 - ThingDef/ShortfacedBear, 
 - ThingDef/Smilodon, 
 - ThingDef/Titanoboa, 
 - ThingDef/JRWTitanoboa, 
 - ThingDef/WoollyMammoth, 
 - ThingDef/MA_Direhorse, 
 - ThingDef/MA_Dunbear, 
 - ThingDef/MA_Furpotamus, 
 - ThingDef/MA_Harpeagle, 
 - ThingDef/MA_Manehound, 
 - ThingDef/MA_Plastemmoth, 
 - ThingDef/MA_Scarodon, 
 - ThingDef/Alligator, 
 - ThingDef/Badger, 
 - ThingDef/Gorilla, 
 - ThingDef/Hippo, 
 - ThingDef/Moose, 
 - ThingDef/Muskox, 
 - ThingDef/Otter, 
 - ThingDef/Porcupine, 
 - ThingDef/Seal, 
 - ThingDef/Tiger, 
 - ThingDef/Walrus, 
 - ThingDef/IronScruff_Flatworm, 
 - ThingDef/IronScruff_Tardigrade, 
 - ThingDef/RG_WoollyStegosaurus, 
 - ThingDef/Cat, 
 - ThingDef/Cat_Scimitar, 
 - ThingDef/VAEWaste_Pestigator, 
 - ThingDef/VAEWaste_Toxafox, 
 - ThingDef/VAEWaste_Toxbear, 
 - ThingDef/VAEWaste_Toxlion, 
 - ThingDef/VAEWaste_Toxscorpion, 
 - ThingDef/VAEWaste_Wasteboar, 
 - ThingDef/VAEWaste_Wastedeer, 
 - ThingDef/VAEWaste_Wasteffalo, 
 - ThingDef/GR_Bearchicken, 
 - ThingDef/GR_Bearwolf, 
 - ThingDef/GR_Beaverwolf, 
 - ThingDef/GR_Boomnotherium, 
 - ThingDef/GR_Catman, 
 - ThingDef/GR_Catwolf, 
 - ThingDef/GR_Chickenbear, 
 - ThingDef/GR_Chickencat, 
 - ThingDef/GR_Chickenffalo, 
 - ThingDef/GR_Chickenlodon, 
 - ThingDef/GR_Chickenwolf, 
 - ThingDef/GR_Dogman, 
 - ThingDef/GR_Lizardman, 
 - ThingDef/GR_Muffalobear, 
 - ThingDef/GR_Molehorse, 
 - ThingDef/GR_Muffalocat, 
 - ThingDef/GR_Muffalochicken, 
 - ThingDef/GR_Muffalowolf, 
 - ThingDef/GR_ParagonChicken, 
 - ThingDef/GR_ParagonFeline, 
 - ThingDef/GR_ParagonHorse, 
 - ThingDef/GR_ParagonHumanoid, 
 - ThingDef/GR_Turkeyman, 
 - ThingDef/GR_Wolfbeaver, 
 - ThingDef/GR_Wolfbear, 
 - ThingDef/GR_Wolfalope, 
 - ThingDef/GR_Wolfcat, 
 - ThingDef/GR_Wolfchicken, 
 - ThingDef/GR_Wolffalo, 
 - ThingDef/GR_Wolfsnake, 
 - ThingDef/GR_WoolyWolf, 
 - ThingDef/VWE_Gun_MakeshiftPistol, 
 - ThingDef/VWE_Gun_MakeshiftSMG, 
 - ThingDef/VWE_Gun_MakeshiftRifle, 
 - ThingDef/VWE_Gun_MakeshiftShotgun, 
 - ThingDef/VWE_Gun_MakeshiftLMG, 
 - ThingDef/VWE_Gun_MakeshiftRevolver, 
 - ThingDef/HMC_Wall_Emp_Turret, 
 - ThingDef/HMC_Wall_Emp_Turret_Ship, 
 - ThingDef/HMC_Wall_FireShotgun_Turret, 
 - ThingDef/HMC_Wall_Foam_Turret, 
 - ThingDef/HMC_Wall_LightMachinegun_Turret, 
 - ThingDef/HMC_Wall_MachineCannon_Turret_Ship, 
 - ThingDef/HMC_Wall_Minigun_Turret, 
 - ThingDef/HMC_Wall_Minigun_Turret_Ship, 
 - ThingDef/HMC_Wall_Rocket_Turret, 
 - ThingDef/HMC_Wall_Emp_Turret_Top, 
 - ThingDef/HMC_Wall_Emp_Turret_Top_Ship, 
 - ThingDef/HMC_Wall_FireShotgun_Turret_Top, 
 - ThingDef/HMC_Gun_TurretFoam, 
 - ThingDef/HMC_Wall_LightMachinegun_Turret_Top, 
 - ThingDef/HMC_Wall_MachineCannon_Turret_Top_Ship, 
 - ThingDef/HMC_Wall_Minigun_Turret_Top, 
 - ThingDef/HMC_Wall_Minigun_Turret_Top_Ship, 
 - ThingDef/HMC_Wall_Rocket_Turret_Top, 
 - ThingDef/Ame_RhodesShotgun, 
 - ThingDef/Ame_RhodesShotgun_Uniqueya, 
 - ThingDef/Artillery_AutoMortar, 
 - ThingDef/Artillery_Mortar, 
 - ThingDef/BS_GiantMusket, 
 - ThingDef/BS_JotunSword, 
 - ThingDef/Beer, 
 - ThingDef/Bow_Great_Unique, 
 - ThingDef/BreadMoAM_Gun_LargeShotgunTurret, 
 - ThingDef/BreadMoAM_Gun_ShotgunTurret, 
 - ThingDef/BreadMoAM_Gun_ShotgunTurretN, 
 - ThingDef/DP_CannonNoEquip, 
 - ThingDef/DP_ChainVulcan, 
 - ThingDef/DP_HolyHandGrenade, 
 - ThingDef/DP_RocketNoEquip, 
 - ThingDef/FT_Artillery_Mortar, 
 - ThingDef/FT_Gun_Autocannon, 
 - ThingDef/FT_Gun_MG, 
 - ThingDef/FT_Gun_QuadMG, 
 - ThingDef/FT_Gun_TurretAA, 
 - ThingDef/FT_Gun_TurretAT, 
 - ThingDef/FT_Gun_TurretPrince, 
 - ThingDef/Gun_AncientArmoredTurret, 
 - ThingDef/Gun_AssaultRifle_Unique, 
 - ThingDef/Gun_AutocannonTurret, 
 - ThingDef/Gun_BoltActionRifle_Unique, 
 - ThingDef/Gun_ChainShotgun_Unique, 
 - ThingDef/Gun_HeavySMG_Unique, 
 - ThingDef/Gun_HellcatRifle, 
 - ThingDef/Gun_HellcatRifle_Unique, 
 - ThingDef/Gun_LMG_Unique, 
 - ThingDef/Gun_MiniTurret, 
 - ThingDef/Gun_MiniTurretMech, 
 - ThingDef/Gun_Minigun_Unique, 
 - ThingDef/Gun_Revolver_Unique, 
 - ThingDef/Gun_SniperRifle_Unique, 
 - ThingDef/Gun_TurretSniper, 
 - ThingDef/HBX_Rapier, 
 - ThingDef/MA_VerdantBow, 
 - ThingDef/MW2_AssaultCarbine, 
 - ThingDef/MW2_BattleRifle, 
 - ThingDef/MW2_HuntingRifle, 
 - ThingDef/MeleeWeapon_Axe, 
 - ThingDef/MeleeWeapon_Gladius, 
 - ThingDef/MeleeWeapon_LongSword, 
 - ThingDef/MeleeWeapon_Mace, 
 - ThingDef/SW_MiniTurretGun, 
 - ThingDef/VFEP_Artillery_Cannon, 
 - ThingDef/VFEP_Artillery_FieldGun, 
 - ThingDef/VFES_Artillery_ArtilleryGun, 
 - ThingDef/VFES_Artillery_Catapult, 
 - ThingDef/VFES_ComplexHmg_Top, 
 - ThingDef/VFES_ComplexMinigun_Top, 
 - ThingDef/VFES_Gun_ArmoredTurret, 
 - ThingDef/VFES_Gun_BallistaTurret, 
 - ThingDef/VFES_Gun_ShotgunTurret, 
 - ThingDef/VFES_TurretDoubleAutocannon_Top, 
 - ThingDef/VFES_TurretMinigun_Top, 
 - ThingDef/VQE_AncientShieldedTurret_Gun, 
 - ThingDef/VQE_AncientSpacerAutocannon_Gun, 
 - ThingDef/VWE_Bow_Compound, 
 - ThingDef/VWE_Bow_Compound_Unique, 
 - ThingDef/VWE_Bow_Crossbow, 
 - ThingDef/VWE_Bow_Crossbow_Unique, 
 - ThingDef/VWE_Bow_Long, 
 - ThingDef/VWE_Bow_Long_Unique, 
 - ThingDef/VWE_FlashGrenade, 
 - ThingDef/VWE_Gun_GrenadeLauncher, 
 - ThingDef/VWE_SmokeGrenade, 
 - ThingDef/VWE_Throwing_Rocks, 
 - ThingDef/m_Khvostov_7G0X, 
 - ThingDef/m_RatKing, 
 - ThingDef/AM_LassoHyperwave, 
 - ThingDef/Apparel_AirwireHeadset, 
 - ThingDef/Apparel_ArchoShuttle, 
 - ThingDef/Apparel_ArmorCataphract, 
 - ThingDef/Apparel_ArmorCataphractPhoenix, 
 - ThingDef/Apparel_ArmorCataphractPrestige, 
 - ThingDef/Apparel_ArmorHelmetCataphract, 
 - ThingDef/Apparel_ArmorHelmetCataphractPrestige, 
 - ThingDef/Apparel_ArmorHelmetMechCommander, 
 - ThingDef/Apparel_ArmorHelmetMechlordHelmet, 
 - ThingDef/Apparel_ArmorHelmetReconPrestige, 
 - ThingDef/Apparel_ArmorLocust, 
 - ThingDef/Apparel_ArmorMarineGrenadier, 
 - ThingDef/Apparel_ArmorMarineHelmetPrestige, 
 - ThingDef/Apparel_ArmorMarinePrestige, 
 - ThingDef/Apparel_ArmorReconPrestige, 
 - ThingDef/Apparel_ArrayHeadset, 
 - ThingDef/Apparel_Bandolier, 
 - ThingDef/Apparel_BiomutationLance, 
 - ThingDef/Apparel_BowlerHat, 
 - ThingDef/Apparel_Burka, 
 - ThingDef/Apparel_ClothMask, 
 - ThingDef/Apparel_CollarShirt, 
 - ThingDef/Apparel_Corset, 
 - ThingDef/Apparel_DeadlifePack, 
 - ThingDef/Apparel_DisruptorFlarePack, 
 - ThingDef/Apparel_Flophat, 
 - ThingDef/Apparel_GasMask, 
 - ThingDef/Apparel_HatLadies, 
 - ThingDef/Apparel_HatTop, 
 - ThingDef/Apparel_LabCoat, 
 - ThingDef/Apparel_MechlordSuit, 
 - ThingDef/Apparel_PackBandwidth, 
 - ThingDef/Apparel_PackControl, 
 - ThingDef/Apparel_PackJump, 
 - ThingDef/Apparel_PackTox, 
 - ThingDef/Apparel_PackTurret, 
 - ThingDef/Apparel_PsychicFoilHelmet, 
 - ThingDef/Apparel_PsychicInsanityLance, 
 - ThingDef/Apparel_PsychicShockLance, 
 - ThingDef/Apparel_Robe, 
 - ThingDef/Apparel_SOU_Bonnet, 
 - ThingDef/Apparel_SOU_VicHM, 
 - ThingDef/Apparel_SOU_VicScullery, 
 - ThingDef/Apparel_Sash, 
 - ThingDef/Apparel_ShardPsychicInsanityLance, 
 - ThingDef/Apparel_ShardPsychicShockLance, 
 - ThingDef/Apparel_SimpleHelmetMedic, 
 - ThingDef/Apparel_Slicecap, 
 - ThingDef/Apparel_Tailcap, 
 - ThingDef/Apparel_TribalA, 
 - ThingDef/Apparel_VisageMask, 
 - ThingDef/BMT_Apparel_DinoHatCarni, 
 - ThingDef/BMT_Apparel_DinoHatHerbi, 
 - ThingDef/BMT_Apparel_DinoHatMascot, 
 - ThingDef/BMT_Apparel_MascotOutfit, 
 - ThingDef/BS_Nisse_Cap, 
 - ThingDef/DP_EtherealBelt, 
 - ThingDef/DP_EtherealCloak, 
 - ThingDef/DP_FireCultRobe, 
 - ThingDef/DP_GlitchedRing, 
 - ThingDef/DP_InsanityLanceUnequip, 
 - ThingDef/DP_MechSignalArtifact, 
 - ThingDef/DP_NinjaRobe, 
 - ThingDef/DP_OrbOfMadness, 
 - ThingDef/DP_ShroudOfMadness, 
 - ThingDef/HumanSkinSuit, 
 - ThingDef/LargeBackpackMC, 
 - ThingDef/OuterRim_StormtrooperCuirass_Pride, 
 - ThingDef/OuterRim_StormtrooperHelmet_Pride, 
 - ThingDef/OuterRim_StormtrooperPauldrons_Pride, 
 - ThingDef/SGC_Apparel_CommandTower, 
 - ThingDef/SmallBackpackMC, 
 - ThingDef/TempuraOnesie, 
 - ThingDef/TornadoGenerator, 
 - ThingDef/VAEA_Apparel_Backpack, 
 - ThingDef/VAEA_Apparel_BattleBanner, 
 - ThingDef/VAEA_Apparel_Quiver, 
 - ThingDef/VAE_Apparel_FleeceShirt, 
 - ThingDef/VAE_Apparel_Shorts, 
 - ThingDef/VAE_Apparel_Skirt, 
 - ThingDef/VAE_Headgear_Glasses, 
 - ThingDef/VFEP_Apparel_Privateer, 
 - ThingDef/VFEP_Apparel_Rumsuit, 
 - ThingDef/VGE_Apparel_VacsuitHelmet_Prestige, 
 - ThingDef/VGE_Apparel_Vacsuit_Prestige, 
 - ThingDef/VIEHAR_Apparel_Beads, 
 - ThingDef/VIEHAR_Apparel_Fez, 
 - ThingDef/VIEHAR_Apparel_HorseMask, 
 - ThingDef/VIEHAR_Apparel_MilitaryCap, 
 - ThingDef/VIEHAR_Apparel_Rags, 
 - ThingDef/VQEA_Apparel_PatientGown, 
 - ThingDef/VQE_Apparel_Parka, 
 - ThingDef/Apparel_ArmorHelmetRecon, 
 - ThingDef/Apparel_ArmorRecon, 
 - ThingDef/Apparel_PowerArmor, 
 - ThingDef/Apparel_PowerArmorHelmet, 
 - ThingDef/AM_AI2A, 
 - ThingDef/AM_CreditCard, 
 - ThingDef/AM_LEGO_HeavyCrane_NotOpen, 
 - ThingDef/AM_LEGO_LandmarkBuilding_NotOpen, 
 - ThingDef/AM_LEGO_LightCrane_NotOpen, 
 - ThingDef/AM_LEGO_MediumCrane_NotOpen, 
 - ThingDef/AM_LEGO_Palace_NotOpen, 
 - ThingDef/AM_MRE, 
 - ThingDef/AM_PKPMagazineComponents, 
 - ThingDef/AM_PackagedCPU, 
 - ThingDef/AM_PackagedGPU, 
 - ThingDef/AM_Pepsi, 
 - ThingDef/AM_PotatoChipsA, 
 - ThingDef/AM_PotatoChipsB, 
 - ThingDef/AM_PotatoChipsC, 
 - ThingDef/AM_PotatoChipsD, 
 - ThingDef/AM_PotatoChipsE, 
 - ThingDef/AM_PotatoChipsF, 
 - ThingDef/AM_Salewa, 
 - ThingDef/AM_TapeMeasure, 
 - ThingDef/BS_GiantMinigun_Unique, 
 - ThingDef/BS_IndestructibelApparel, 
 - ThingDef/BS_JotunRifle_Unique, 
 - ThingDef/BS_JotunRocketLauncher_Unique, 
 - ThingDef/IronScruff_LeatherGerm, 
 - ThingDef/IronScruff_MicrobeSqueezins, 
 - ThingDef/Isekai_BigManaCore, 
 - ThingDef/Isekai_HerosAwakeningScroll, 
 - ThingDef/Isekai_HugeManaCore, 
 - ThingDef/Isekai_ManaCore, 
 - ThingDef/Isekai_ManaEssence, 
 - ThingDef/Isekai_RegressionOrb, 
 - ThingDef/Isekai_ReincarnationCrystal, 
 - ThingDef/Isekai_ReinforcementCore, 
 - ThingDef/Isekai_RespecOrb, 
 - ThingDef/Isekai_Rune_Bulwark, 
 - ThingDef/Isekai_Rune_Bulwark_II, 
 - ThingDef/Isekai_Rune_Bulwark_III, 
 - ThingDef/Isekai_Rune_Bulwark_IV, 
 - ThingDef/Isekai_Rune_Devastation, 
 - ThingDef/Isekai_Rune_Devastation_II, 
 - ThingDef/Isekai_Rune_Devastation_III, 
 - ThingDef/Isekai_Rune_Devastation_IV, 
 - ThingDef/Isekai_Rune_Devastation_V, 
 - ThingDef/Isekai_Rune_Evasion, 
 - ThingDef/Isekai_Rune_Evasion_II, 
 - ThingDef/Isekai_Rune_Evasion_III, 
 - ThingDef/Isekai_Rune_Evasion_IV, 
 - ThingDef/Isekai_Rune_Evasion_V, 
 - ThingDef/Isekai_Rune_Flame, 
 - ThingDef/Isekai_Rune_Flame_II, 
 - ThingDef/Isekai_Rune_Flame_III, 
 - ThingDef/Isekai_Rune_Flame_IV, 
 - ThingDef/Isekai_Rune_Flame_V, 
 - ThingDef/Isekai_Rune_Fortitude, 
 - ThingDef/Isekai_Rune_Fortitude_II, 
 - ThingDef/Isekai_Rune_Fortitude_III, 
 - ThingDef/Isekai_Rune_Fortitude_IV, 
 - ThingDef/Isekai_Rune_Fortitude_V, 
 - ThingDef/Isekai_Rune_Frost, 
 - ThingDef/Isekai_Rune_Frost_II, 
 - ThingDef/Isekai_Rune_Frost_III, 
 - ThingDef/Isekai_Rune_Frost_IV, 
 - ThingDef/Isekai_Rune_Frost_V, 
 - ThingDef/Isekai_Rune_Fury, 
 - ThingDef/Isekai_Rune_Fury_II, 
 - ThingDef/Isekai_Rune_Fury_III, 
 - ThingDef/Isekai_Rune_Fury_IV, 
 - ThingDef/Isekai_Rune_Fury_V, 
 - ThingDef/Isekai_Rune_Havoc, 
 - ThingDef/Isekai_Rune_Havoc_II, 
 - ThingDef/Isekai_Rune_Havoc_III, 
 - ThingDef/Isekai_Rune_Havoc_IV, 
 - ThingDef/Isekai_Rune_Havoc_V, 
 - ThingDef/Isekai_Rune_Precision, 
 - ThingDef/Isekai_Rune_Precision_II, 
 - ThingDef/Isekai_Rune_Precision_III, 
 - ThingDef/Isekai_Rune_Precision_IV, 
 - ThingDef/Isekai_Rune_Precision_V, 
 - ThingDef/Isekai_Rune_Regeneration, 
 - ThingDef/Isekai_Rune_Regeneration_II, 
 - ThingDef/Isekai_Rune_Regeneration_III, 
 - ThingDef/Isekai_Rune_Regeneration_IV, 
 - ThingDef/Isekai_Rune_Regeneration_V, 
 - ThingDef/Isekai_Rune_Resistance, 
 - ThingDef/Isekai_Rune_Resistance_II, 
 - ThingDef/Isekai_Rune_Resistance_III, 
 - ThingDef/Isekai_Rune_Resistance_IV, 
 - ThingDef/Isekai_Rune_Resistance_V, 
 - ThingDef/Isekai_Rune_Sharpness, 
 - ThingDef/Isekai_Rune_Sharpness_II, 
 - ThingDef/Isekai_Rune_Sharpness_III, 
 - ThingDef/Isekai_Rune_Sharpness_IV, 
 - ThingDef/Isekai_Rune_Sharpness_V, 
 - ThingDef/Isekai_Rune_Swiftness, 
 - ThingDef/Isekai_Rune_Swiftness_II, 
 - ThingDef/Isekai_Rune_Swiftness_III, 
 - ThingDef/Isekai_Rune_Swiftness_IV, 
 - ThingDef/Isekai_Rune_Swiftness_V, 
 - ThingDef/Isekai_Rune_Thunder, 
 - ThingDef/Isekai_Rune_Thunder_II, 
 - ThingDef/Isekai_Rune_Thunder_III, 
 - ThingDef/Isekai_Rune_Thunder_IV, 
 - ThingDef/Isekai_Rune_Thunder_V, 
 - ThingDef/Isekai_Rune_Vampirism, 
 - ThingDef/Isekai_Rune_Vampirism_II, 
 - ThingDef/Isekai_Rune_Vampirism_III, 
 - ThingDef/Isekai_Rune_Vampirism_IV, 
 - ThingDef/Isekai_Rune_Vampirism_V, 
 - ThingDef/Isekai_Rune_Vitality, 
 - ThingDef/Isekai_Rune_Vitality_II, 
 - ThingDef/Isekai_Rune_Vitality_III, 
 - ThingDef/Isekai_Rune_Vitality_IV, 
 - ThingDef/Isekai_Rune_Vitality_V, 
 - ThingDef/Isekai_Rune_Warding, 
 - ThingDef/Isekai_Rune_Warding_II, 
 - ThingDef/Isekai_Rune_Warding_III, 
 - ThingDef/Isekai_Rune_Warding_IV, 
 - ThingDef/Isekai_Rune_Warding_V, 
 - ThingDef/Isekai_SmallManaCore, 
 - ThingDef/Isekai_StarFragment, 
 - ThingDef/Isekai_SummoningCircleScroll, 
 - ThingDef/Isekai_VillainsMask, 
 - ThingDef/LEGO_GiantRockExcavator_Accomplish, 
 - ThingDef/LEGO_HeavyCrane_Accomplish, 
 - ThingDef/LEGO_LandmarkBuilding_Accomplish, 
 - ThingDef/LEGO_LightCrane_Accomplish, 
 - ThingDef/LEGO_Palace_Accomplish, 
 - ThingDef/BMT_EggGlarralPenguinFertilized, 
 - ThingDef/BMT_EggGlarralPenguinUnfertilized, 
 - ThingDef/BiomesIslands_EggFlamingoFertilized, 
 - ThingDef/BiomesIslands_EggFlamingoUnfertilized, 
 - ThingDef/ERN_EggChocoboUnfertilized, 
 - ThingDef/EggAlligatorFertilized, 
 - ThingDef/EggAlligatorUnfertilized, 
 - ThingDef/EggArcticOwlcatFertilized, 
 - ThingDef/EggArcticOwlcatUnfertilized, 
 - ThingDef/EggCassowaryFertilized, 
 - ThingDef/EggCassowaryUnfertilized, 
 - ThingDef/EggChocoboFertilized, 
 - ThingDef/EggCobraFertilized, 
 - ThingDef/EggCobraUnfertilized, 
 - ThingDef/EggEmuFertilized, 
 - ThingDef/EggEmuUnfertilized, 
 - ThingDef/EggFlamingoFertilized, 
 - ThingDef/EggFlamingoUnfertilized, 
 - ThingDef/EggGigantophisFertilized, 
 - ThingDef/EggMegalaniaFertilized, 
 - ThingDef/EggMegalochelysFertilized, 
 - ThingDef/EggOstrichFertilized, 
 - ThingDef/EggOstrichUnfertilized, 
 - ThingDef/EggOwlcatFertilized, 
 - ThingDef/EggOwlcatUnfertilized, 
 - ThingDef/EggPalaeeudyptesFertilized, 
 - ThingDef/EggPenguinFertilized, 
 - ThingDef/EggPenguinUnFertilized, 
 - ThingDef/EggPurussaurusFertilized, 
 - ThingDef/EggQuinkanaFertilized, 
 - ThingDef/EggTitanoboaFertilized, 
 - ThingDef/EggTortoiseFertilized, 
 - ThingDef/EggTortoiseUnfertilized, 
 - ThingDef/GR_BearChickenEggFertilized, 
 - ThingDef/GR_BearChickenEggUnfertilized, 
 - ThingDef/GR_Castoreum, 
 - ThingDef/GR_ChickenbearEggFertilized, 
 - ThingDef/GR_ChickenbearEggUnfertilized, 
 - ThingDef/GR_Chickenbearfeathers, 
 - ThingDef/GR_ChickencatEggFertilized, 
 - ThingDef/GR_ChickencatEggUnfertilized, 
 - ThingDef/GR_ChickenffaloEggFertilized, 
 - ThingDef/GR_ChickenffaloEggUnfertilized, 
 - ThingDef/GR_ChickenffaloMilk, 
 - ThingDef/GR_ChickenlodonEggFertilized, 
 - ThingDef/GR_ChickenlodonEggUnfertilized, 
 - ThingDef/GR_ChickenwolfEggFertilized, 
 - ThingDef/GR_ChickenwolfEggUnfertilized, 
 - ThingDef/GR_MuffalobearMilk, 
 - ThingDef/GR_MuffalochickenMilk, 
 - ThingDef/GR_ParagonChickenEggFertilized, 
 - ThingDef/GR_ParagonChickenEggUnfertilized, 
 - ThingDef/GR_TurkeymanEggFertilized, 
 - ThingDef/GR_TurkeymanEggUnfertilized, 
 - ThingDef/GR_WolfchickenEggFertilized, 
 - ThingDef/GR_WolfchickenEggUnfertilized, 
 - ThingDef/GR_WolffaloMilk, 
 - ThingDef/GigantophisEggFertilized, 
 - ThingDef/GigantophisEggUnFertilized, 
 - ThingDef/JosephoartigasiaWool, 
 - ThingDef/MA_DirehorseWool, 
 - ThingDef/MA_DunbearMeat, 
 - ThingDef/MA_HarpeagleEggFertilized, 
 - ThingDef/MA_HarpeagleEggUnfertilized, 
 - ThingDef/MA_HarpeagleFeather, 
 - ThingDef/MA_HippoMeat, 
 - ThingDef/MA_HorseBeef, 
 - ThingDef/MA_ScarodonMeat, 
 - ThingDef/MammothWool, 
 - ThingDef/Meat_AA_DevilSheep, 
 - ThingDef/Meat_Alligator, 
 - ThingDef/Meat_AlligatorMan, 
 - ThingDef/Meat_Armadillo, 
 - ThingDef/Meat_BMT_GlarralPenguin, 
 - ThingDef/Meat_Badger, 
 - ThingDef/Meat_BlackBear, 
 - ThingDef/Meat_BlackBearMan, 
 - ThingDef/Meat_Cat_Scimitar, 
 - ThingDef/Meat_Chalicotherium, 
 - ThingDef/Meat_DA_ArcticOwlcat, 
 - ThingDef/Meat_DA_ForestOwlcat, 
 - ThingDef/Meat_DA_SilverMole, 
 - ThingDef/Meat_Diprotodon, 
 - ThingDef/Meat_ERN_BigCarbuncle, 
 - ThingDef/Meat_ERN_Carbuncle, 
 - ThingDef/Meat_Enhydriodon, 
 - ThingDef/Meat_Gazelle, 
 - ThingDef/Meat_Gorilla, 
 - ThingDef/Meat_Hippo, 
 - ThingDef/Meat_IronScruff_Flatworm, 
 - ThingDef/Meat_IronScruff_Tardigrade, 
 - ThingDef/Meat_Josephoartigasia, 
 - ThingDef/Meat_MA_Harpeagle, 
 - ThingDef/Meat_MA_Manehound, 
 - ThingDef/Meat_Mandrill, 
 - ThingDef/Meat_MandrillMan, 
 - ThingDef/Meat_Megalania, 
 - ThingDef/Meat_Moose, 
 - ThingDef/Meat_Muskox, 
 - ThingDef/Meat_Neanderthal, 
 - ThingDef/Meat_Otter, 
 - ThingDef/Meat_Penguin, 
 - ThingDef/Meat_Porcupine, 
 - ThingDef/Meat_Procoptodon, 
 - ThingDef/Meat_Quinkana, 
 - ThingDef/Meat_RG_WoollyStegosaurus, 
 - ThingDef/Meat_Seal, 
 - ThingDef/Meat_TYR_KangarooRat, 
 - ThingDef/Meat_TYR_Mouse, 
 - ThingDef/Meat_Tiger, 
 - ThingDef/Meat_Titanoboa, 
 - ThingDef/Meat_Walrus, 
 - ThingDef/Meat_YorkshireTerrier, 
 - ThingDef/Meat_Zebra, 
 - ThingDef/RG_EggWoollyStegosaurusFertilized, 
 - ThingDef/RG_EggWoollyStegosaurusUnfertilized, 
 - ThingDef/RG_WoolStegosaurus, 
 - ThingDef/TitanoboaEggFertilized, 
 - ThingDef/TitanoboaEggUnFertilized, 
 - ThingDef/WoolMuskox, 
 - ThingDef/AA_EggFlamingoPhoenixFertilized, 
 - ThingDef/BiomesIslands_Leather_Flamingo, 
 - ThingDef/DA_Leather_SilverMole, 
 - ThingDef/Fur_Carbuncle, 
 - ThingDef/Leather_AlligatorMan, 
 - ThingDef/Leather_Armadillo, 
 - ThingDef/Leather_BlackBear, 
 - ThingDef/Leather_BlackBearMan, 
 - ThingDef/Leather_Hippo, 
 - ThingDef/Leather_Mandrill, 
 - ThingDef/Leather_MandrillMan, 
 - ThingDef/Leather_Neanderthal, 
 - ThingDef/Leather_Penguin, 
 - ThingDef/Leather_Zebra, 
 - ThingDef/MA_Leather_Direhorse, 
 - ThingDef/MA_Leather_Dunbear, 
 - ThingDef/MA_Leather_Furpotamus, 
 - ThingDef/MA_Leather_Harpeagle, 
 - ThingDef/MA_Leather_Scarodon, 
 - ThingDef/RG_DinosaursHideHeavy, 
 - ThingDef/AA_FrostLynx, 
 - ThingDef/AA_Genix, 
 - ThingDef/Andrewsarchus, 
 - ThingDef/Aurochs, 
 - ThingDef/BMT_WasteHound, 
 - ThingDef/BS_Centaur, 
 - ThingDef/BS_HumanFouramed, 
 - ThingDef/BS_HumanoidWithTail, 
 - ThingDef/BS_HumanoidWithWings, 
 - ThingDef/BS_JustAHead, 
 - ThingDef/BS_Marlith, 
 - ThingDef/BS_Naga, 
 - ThingDef/BS_SixArmedHuman, 
 - ThingDef/BS_SpiderPersonRace, 
 - ThingDef/Bluebird, 
 - ThingDef/BogHound, 
 - ThingDef/Crow, 
 - ThingDef/GR_Boomachicken, 
 - ThingDef/GR_Booman, 
 - ThingDef/GR_Boomhorse, 
 - ThingDef/GR_Boomwolf, 
 - ThingDef/GR_Catbear, 
 - ThingDef/GR_Catffalo, 
 - ThingDef/GR_Cathorse, 
 - ThingDef/GR_Catrabbit, 
 - ThingDef/GR_Manchicken, 
 - ThingDef/GR_Mansquirrel, 
 - ThingDef/GR_Muffalohorse, 
 - ThingDef/GR_ParagonBear, 
 - ThingDef/GR_ParagonWolf, 
 - ThingDef/GR_Rabbitcat, 
 - ThingDef/GR_Thrumwolf, 
 - ThingDef/GR_WolfShrimp, 
 - ThingDef/Heron, 
 - ThingDef/IronScruff_Hydrazoa, 
 - ThingDef/IronScruff_Jellybird, 
 - ThingDef/JRWAbrictosaurus, 
 - ThingDef/JRWAcrocanthosaurus, 
 - ThingDef/JRWAdalia, 
 - ThingDef/JRWAgilisaurus, 
 - ThingDef/JRWAlbertosaurus, 
 - ThingDef/JRWAllosaurus, 
 - ThingDef/JRWAnkylosaurus, 
 - ThingDef/JRWAntarctopelta, 
 - ThingDef/JRWApatosaurus, 
 - ThingDef/JRWArgentinosaurus, 
 - ThingDef/JRWBaryonyx, 
 - ThingDef/JRWBecklespinax, 
 - ThingDef/JRWBrachiosaurus, 
 - ThingDef/JRWCamarasaurus, 
 - ThingDef/JRWCamptosaurus, 
 - ThingDef/JRWCarcharodontosaurus, 
 - ThingDef/JRWCarnotaurus, 
 - ThingDef/JRWCeratosaurus, 
 - ThingDef/JRWCoahuilaceratops, 
 - ThingDef/JRWCoelophysis, 
 - ThingDef/JRWCompsognathus, 
 - ThingDef/JRWCorythosaurus, 
 - ThingDef/JRWCryolophosaurus, 
 - ThingDef/JRWCyclosphaeroma, 
 - ThingDef/JRWDeinonychus, 
 - ThingDef/JRWDeinosuchus, 
 - ThingDef/JRWDesmatosuchus, 
 - ThingDef/JRWDimetrodon, 
 - ThingDef/JRWDinilysia, 
 - ThingDef/JRWDracorex, 
 - ThingDef/JRWDrinker, 
 - ThingDef/JRWDromaeosaurus, 
 - ThingDef/JRWDryosaurus, 
 - ThingDef/JRWEdaphosaurus, 
 - ThingDef/JRWEdmontosaurus, 
 - ThingDef/JRWEnigmosaurus, 
 - ThingDef/JRWEstemmenosuchus, 
 - ThingDef/JRWGallimimus, 
 - ThingDef/JRWGasosaurus, 
 - ThingDef/JRWGiganotosaurus, 
 - ThingDef/JRWHalszkaraptor, 
 - ThingDef/JRWHolcorobeus, 
 - ThingDef/JRWHomalocephale, 
 - ThingDef/JRWHylonomus, 
 - ThingDef/JRWHypsilophodon, 
 - ThingDef/JRWIndominus, 
 - ThingDef/JRWIndoraptor, 
 - ThingDef/JRWKaprosuchus, 
 - ThingDef/JRWKentrosaurus, 
 - ThingDef/JRWKileskus, 
 - ThingDef/JRWKosmoceratops, 
 - ThingDef/JRWLycaenops, 
 - ThingDef/JRWMetriacanthosaurus, 
 - ThingDef/JRWMicroceratus, 
 - ThingDef/JRWMochlodon, 
 - ThingDef/JRWNanuqsaurus, 
 - ThingDef/JRWNasutoceratops, 
 - ThingDef/JRWOphiacodon, 
 - ThingDef/JRWOrnithosuchus, 
 - ThingDef/JRWOuranosaurus, 
 - ThingDef/JRWOviraptor, 
 - ThingDef/JRWPachycephalosaurus, 
 - ThingDef/JRWPachyrhinosaurus, 
 - ThingDef/JRWParasaurolophus, 
 - ThingDef/JRWParksosaurus, 
 - ThingDef/JRWPrestosuchus, 
 - ThingDef/JRWProtoceratops, 
 - ThingDef/JRWPsittacosaurus, 
 - ThingDef/JRWRajasaurus, 
 - ThingDef/JRWRhabdodon, 
 - ThingDef/JRWRhamphorhynchus, 
 - ThingDef/JRWSaltasaurus, 
 - ThingDef/JRWSarcosuchus, 
 - ThingDef/JRWScutosaurus, 
 - ThingDef/JRWSegnosaurus, 
 - ThingDef/JRWSpinosaurus, 
 - ThingDef/JRWStaurikosaurus, 
 - ThingDef/JRWStegosaurus, 
 - ThingDef/JRWStygimoloch, 
 - ThingDef/JRWStyracosaurus, 
 - ThingDef/JRWSuchomimus, 
 - ThingDef/JRWSupersaurus, 
 - ThingDef/JRWTanystropheus, 
 - ThingDef/JRWTenontosaurus, 
 - ThingDef/JRWTermitotron, 
 - ThingDef/JRWTherizinosaurus, 
 - ThingDef/JRWTorosaurus, 
 - ThingDef/JRWTriceratops, 
 - ThingDef/JRWTroodon, 
 - ThingDef/JRWTupandactylus, 
 - ThingDef/JRWTyrannosaurus, 
 - ThingDef/JRWUdanoceratops, 
 - ThingDef/JRWValdosaurus, 
 - ThingDef/JRWVelociraptor, 
 - ThingDef/JRWWonambi, 
 - ThingDef/JRWYangchuanosaurus, 
 - ThingDef/JRWYi, 
 - ThingDef/JRWYurlunggur, 
 - ThingDef/JRWYutyrannus, 
 - ThingDef/JRWZalmoxes, 
 - ThingDef/JRWZephyrosaurus, 
 - ThingDef/MA_Capryak, 
 - ThingDef/MA_Duskhorn, 
 - ThingDef/MA_Simbakub, 
 - ThingDef/MA_SimbakubAlpha, 
 - ThingDef/Macaw, 
 - ThingDef/Mastodon, 
 - ThingDef/Metalhorror, 
 - ThingDef/Mink, 
 - ThingDef/MonitorLizard, 
 - ThingDef/MutantCow, 
 - ThingDef/Panda, 
 - ThingDef/Paraceratherium, 
 - ThingDef/Peacock, 
 - ThingDef/PoisonDeer, 
 - ThingDef/PrairieDog, 
 - ThingDef/RG_Hemolope, 
 - ThingDef/RG_KiwiBird, 
 - ThingDef/RG_Neutrolope, 
 - ThingDef/RG_Rabbit, 
 - ThingDef/SeaLion, 
 - ThingDef/SeaTurtle, 
 - ThingDef/Sparrow, 
 - ThingDef/Swan, 
 - ThingDef/Trispike, 
 - ThingDef/AbrictosaurusEggFertilized, 
 - ThingDef/AbrictosaurusEggUnFertilized, 
 - ThingDef/AcrocanthosaurusEggFertilized, 
 - ThingDef/AcrocanthosaurusEggUnFertilized, 
 - ThingDef/AdaliaEggFertilized, 
 - ThingDef/AdaliaEggUnFertilized, 
 - ThingDef/AgilisaurusEggFertilized, 
 - ThingDef/AgilisaurusEggUnFertilized, 
 - ThingDef/AlbertosaurusEggFertilized, 
 - ThingDef/AlbertosaurusEggUnFertilized, 
 - ThingDef/AllosaurusEggFertilized, 
 - ThingDef/AllosaurusEggUnFertilized, 
 - ThingDef/AnkylosaurusEggFertilized, 
 - ThingDef/AnkylosaurusEggUnFertilized, 
 - ThingDef/AntarctopeltaEggFertilized, 
 - ThingDef/AntarctopeltaEggUnFertilized, 
 - ThingDef/ApatosaurusEggFertilized, 
 - ThingDef/ApatosaurusEggUnFertilized, 
 - ThingDef/ArgentinosaurusEggFertilized, 
 - ThingDef/ArgentinosaurusEggUnFertilized, 
 - ThingDef/BaryonyxEggFertilized, 
 - ThingDef/BaryonyxEggUnFertilized, 
 - ThingDef/BecklespinaxEggFertilized, 
 - ThingDef/BecklespinaxEggUnFertilized, 
 - ThingDef/BrachiosaurusEggFertilized, 
 - ThingDef/BrachiosaurusEggUnFertilized, 
 - ThingDef/CamarasaurusEggFertilized, 
 - ThingDef/CamarasaurusEggUnFertilized, 
 - ThingDef/CamptosaurusEggFertilized, 
 - ThingDef/CamptosaurusEggUnFertilized, 
 - ThingDef/CarcharodontosaurusEggFertilized, 
 - ThingDef/CarcharodontosaurusEggUnFertilized, 
 - ThingDef/CarnotaurusEggFertilized, 
 - ThingDef/CarnotaurusEggUnFertilized, 
 - ThingDef/CeratosaurusEggFertilized, 
 - ThingDef/CeratosaurusEggUnFertilized, 
 - ThingDef/CoahuilaceratopsEggFertilized, 
 - ThingDef/CoahuilaceratopsEggUnFertilized, 
 - ThingDef/CoelophysisEggFertilized, 
 - ThingDef/CoelophysisEggUnFertilized, 
 - ThingDef/CompsognathusEggFertilized, 
 - ThingDef/CompsognathusEggUnFertilized, 
 - ThingDef/CorythosaurusEggFertilized, 
 - ThingDef/CorythosaurusEggUnFertilized, 
 - ThingDef/CryolophosaurusEggFertilized, 
 - ThingDef/CryolophosaurusEggUnFertilized, 
 - ThingDef/CyclosphaeromaEggFertilized, 
 - ThingDef/CyclosphaeromaEggUnFertilized, 
 - ThingDef/DeinonychusEggFertilized, 
 - ThingDef/DeinonychusEggUnFertilized, 
 - ThingDef/DeinosuchusEggFertilized, 
 - ThingDef/DeinosuchusEggUnFertilized, 
 - ThingDef/DeinotheriumTusk, 
 - ThingDef/DesmatosuchusEggFertilized, 
 - ThingDef/DesmatosuchusEggUnFertilized, 
 - ThingDef/DimetrodonEggFertilized, 
 - ThingDef/DimetrodonEggUnFertilized, 
 - ThingDef/DinilysiaEggFertilized, 
 - ThingDef/DinilysiaEggUnFertilized, 
 - ThingDef/DracorexEggFertilized, 
 - ThingDef/DracorexEggUnFertilized, 
 - ThingDef/DrinkerEggFertilized, 
 - ThingDef/DrinkerEggUnFertilized, 
 - ThingDef/DromaeosaurusEggFertilized, 
 - ThingDef/DromaeosaurusEggUnFertilized, 
 - ThingDef/DryosaurusEggFertilized, 
 - ThingDef/DryosaurusEggUnFertilized, 
 - ThingDef/EdaphosaurusEggFertilized, 
 - ThingDef/EdaphosaurusEggUnFertilized, 
 - ThingDef/EdmontosaurusEggFertilized, 
 - ThingDef/EdmontosaurusEggUnFertilized, 
 - ThingDef/EggBluebirdFertilized, 
 - ThingDef/EggBluebirdUnfertilized, 
 - ThingDef/EggCrowFertilized, 
 - ThingDef/EggCrowUnfertilized, 
 - ThingDef/EggHeronFertilized, 
 - ThingDef/EggHeronUnfertilized, 
 - ThingDef/EggMacawFertilized, 
 - ThingDef/EggMacawUnfertilized, 
 - ThingDef/EggMonitorLizardFertilized, 
 - ThingDef/EggMonitorLizardUnfertilized, 
 - ThingDef/EggPeacockFertilized, 
 - ThingDef/EggPeacockUnfertilized, 
 - ThingDef/EggSeaTurtleFertilized, 
 - ThingDef/EggSeaTurtleUnfertilized, 
 - ThingDef/EggSparrowFertilized, 
 - ThingDef/EggSparrowUnfertilized, 
 - ThingDef/EggSwanFertilized, 
 - ThingDef/EggSwanUnfertilized, 
 - ThingDef/EnigmosaurusEggFertilized, 
 - ThingDef/EnigmosaurusEggUnFertilized, 
 - ThingDef/EstemmenosuchusEggFertilized, 
 - ThingDef/EstemmenosuchusEggUnFertilized, 
 - ThingDef/GR_BoomachickenEggFertilized, 
 - ThingDef/GR_BoomachickenEggUnfertilized, 
 - ThingDef/GallimimusEggFertilized, 
 - ThingDef/GallimimusEggUnFertilized, 
 - ThingDef/GasosaurusEggFertilized, 
 - ThingDef/GasosaurusEggUnFertilized, 
 - ThingDef/GiganotosaurusEggFertilized, 
 - ThingDef/GiganotosaurusEggUnFertilized, 
 - ThingDef/HalszkaraptorEggFertilized, 
 - ThingDef/HalszkaraptorEggUnFertilized, 
 - ThingDef/HemogenPack, 
 - ThingDef/HolcorobeusEggFertilized, 
 - ThingDef/HolcorobeusEggUnFertilized, 
 - ThingDef/HomalocephaleEggFertilized, 
 - ThingDef/HomalocephaleEggUnFertilized, 
 - ThingDef/HylonomusEggFertilized, 
 - ThingDef/HylonomusEggUnFertilized, 
 - ThingDef/HypsilophodonEggFertilized, 
 - ThingDef/HypsilophodonEggUnFertilized, 
 - ThingDef/IndominusEggFertilized, 
 - ThingDef/IndominusEggUnFertilized, 
 - ThingDef/IndoraptorEggFertilized, 
 - ThingDef/IndoraptorEggUnFertilized, 
 - ThingDef/KaprosuchusEggFertilized, 
 - ThingDef/KaprosuchusEggUnFertilized, 
 - ThingDef/KentrosaurusEggFertilized, 
 - ThingDef/KentrosaurusEggUnFertilized, 
 - ThingDef/KileskusEggFertilized, 
 - ThingDef/KileskusEggUnFertilized, 
 - ThingDef/KosmoceratopsEggFertilized, 
 - ThingDef/KosmoceratopsEggUnFertilized, 
 - ThingDef/Leather_Indominus, 
 - ThingDef/Leather_Indoraptor, 
 - ThingDef/Leather_Mastodon, 
 - ThingDef/Leather_Mink, 
 - ThingDef/Leather_Sealskin, 
 - ThingDef/LycaenopsEggFertilized, 
 - ThingDef/LycaenopsEggUnFertilized, 
 - ThingDef/MA_CapryakMeat, 
 - ThingDef/MA_CapryakMilk, 
 - ThingDef/MA_CapryakWool, 
 - ThingDef/MA_DuskMilk, 
 - ThingDef/MA_DuskWool, 
 - ThingDef/MA_DuskhornHorn, 
 - ThingDef/MA_DuskhornMeat, 
 - ThingDef/MA_Leather_Capryak, 
 - ThingDef/MA_Leather_Duskhorn, 
 - ThingDef/MA_Leather_Simbakub, 
 - ThingDef/MA_Leather_SimbakubAlpha, 
 - ThingDef/MA_PlastemmothTusk, 
 - ThingDef/MastodonTusk, 
 - ThingDef/Meat_Andrewsarchus, 
 - ThingDef/Meat_BMT_WasteHound, 
 - ThingDef/Meat_BogHound, 
 - ThingDef/Meat_IronScruff_Hydrazoa, 
 - ThingDef/Meat_IronScruff_Jellybird, 
 - ThingDef/Meat_MA_Simbakub, 
 - ThingDef/Meat_MA_SimbakubAlpha, 
 - ThingDef/Meat_Mastodon, 
 - ThingDef/Meat_Mink, 
 - ThingDef/Meat_MonitorLizard, 
 - ThingDef/Meat_Panda, 
 - ThingDef/Meat_PrairieDog, 
 - ThingDef/Meat_RG_Hemolope, 
 - ThingDef/Meat_RG_KiwiBird, 
 - ThingDef/Meat_RG_Neutrolope, 
 - ThingDef/Meat_RG_Rabbit, 
 - ThingDef/Meat_SeaLion, 
 - ThingDef/Meat_SeaTurtle, 
 - ThingDef/MetriacanthosaurusEggFertilized, 
 - ThingDef/MetriacanthosaurusEggUnFertilized, 
 - ThingDef/MicroceratusEggFertilized, 
 - ThingDef/MicroceratusEggUnFertilized, 
 - ThingDef/MochlodonEggFertilized, 
 - ThingDef/MochlodonEggUnFertilized, 
 - ThingDef/NanuqsaurusEggFertilized, 
 - ThingDef/NanuqsaurusEggUnFertilized, 
 - ThingDef/NasutoceratopsEggFertilized, 
 - ThingDef/NasutoceratopsEggUnFertilized, 
 - ThingDef/OphiacodonEggFertilized, 
 - ThingDef/OphiacodonEggUnFertilized, 
 - ThingDef/OrnithosuchusEggFertilized, 
 - ThingDef/OrnithosuchusEggUnFertilized, 
 - ThingDef/OuranosaurusEggFertilized, 
 - ThingDef/OuranosaurusEggUnFertilized, 
 - ThingDef/OviraptorEggFertilized, 
 - ThingDef/OviraptorEggUnFertilized, 
 - ThingDef/PachycephalosaurusEggFertilized, 
 - ThingDef/PachycephalosaurusEggUnFertilized, 
 - ThingDef/PachyrhinosaurusEggFertilized, 
 - ThingDef/PachyrhinosaurusEggUnFertilized, 
 - ThingDef/ParasaurolophusEggFertilized, 
 - ThingDef/ParasaurolophusEggUnFertilized, 
 - ThingDef/ParksosaurusEggFertilized, 
 - ThingDef/ParksosaurusEggUnFertilized, 
 - ThingDef/PrestosuchusEggFertilized, 
 - ThingDef/PrestosuchusEggUnFertilized, 
 - ThingDef/ProtoceratopsEggFertilized, 
 - ThingDef/ProtoceratopsEggUnFertilized, 
 - ThingDef/PsittacosaurusEggFertilized, 
 - ThingDef/PsittacosaurusEggUnFertilized, 
 - ThingDef/RG_EggKiwiFertilized, 
 - ThingDef/RG_EggKiwiUnfertilized, 
 - ThingDef/RajasaurusEggFertilized, 
 - ThingDef/RajasaurusEggUnFertilized, 
 - ThingDef/RhabdodonEggFertilized, 
 - ThingDef/RhabdodonEggUnFertilized, 
 - ThingDef/RhamphorhynchusEggFertilized, 
 - ThingDef/RhamphorhynchusEggUnFertilized, 
 - ThingDef/SaltasaurusEggFertilized, 
 - ThingDef/SaltasaurusEggUnFertilized, 
 - ThingDef/SarcosuchusEggFertilized, 
 - ThingDef/SarcosuchusEggUnFertilized, 
 - ThingDef/ScutosaurusEggFertilized, 
 - ThingDef/ScutosaurusEggUnFertilized, 
 - ThingDef/SegnosaurusEggFertilized, 
 - ThingDef/SegnosaurusEggUnFertilized, 
 - ThingDef/SpinosaurusEggFertilized, 
 - ThingDef/SpinosaurusEggUnFertilized, 
 - ThingDef/StaurikosaurusEggFertilized, 
 - ThingDef/StaurikosaurusEggUnFertilized, 
 - ThingDef/StegosaurusEggFertilized, 
 - ThingDef/StegosaurusEggUnFertilized, 
 - ThingDef/StygimolochEggFertilized, 
 - ThingDef/StygimolochEggUnFertilized, 
 - ThingDef/StyracosaurusEggFertilized, 
 - ThingDef/StyracosaurusEggUnFertilized, 
 - ThingDef/SuchomimusEggFertilized, 
 - ThingDef/SuchomimusEggUnFertilized, 
 - ThingDef/SupersaurusEggFertilized, 
 - ThingDef/SupersaurusEggUnFertilized, 
 - ThingDef/TanystropheusEggFertilized, 
 - ThingDef/TanystropheusEggUnFertilized, 
 - ThingDef/TenontosaurusEggFertilized, 
 - ThingDef/TenontosaurusEggUnFertilized, 
 - ThingDef/TermitotronEggFertilized, 
 - ThingDef/TermitotronEggUnFertilized, 
 - ThingDef/TherizinosaurusEggFertilized, 
 - ThingDef/TherizinosaurusEggUnFertilized, 
 - ThingDef/TorosaurusEggFertilized, 
 - ThingDef/TorosaurusEggUnFertilized, 
 - ThingDef/TriceratopsEggFertilized, 
 - ThingDef/TriceratopsEggUnFertilized, 
 - ThingDef/TroodonEggFertilized, 
 - ThingDef/TroodonEggUnFertilized, 
 - ThingDef/TupandactylusEggFertilized, 
 - ThingDef/TupandactylusEggUnFertilized, 
 - ThingDef/TyrannosaurusEggFertilized, 
 - ThingDef/TyrannosaurusEggUnFertilized, 
 - ThingDef/UdanoceratopsEggFertilized, 
 - ThingDef/UdanoceratopsEggUnFertilized, 
 - ThingDef/ValdosaurusEggFertilized, 
 - ThingDef/ValdosaurusEggUnFertilized, 
 - ThingDef/VelociraptorEggFertilized, 
 - ThingDef/VelociraptorEggUnFertilized, 
 - ThingDef/WonambiEggFertilized, 
 - ThingDef/WonambiEggUnFertilized, 
 - ThingDef/WoolMastodon, 
 - ThingDef/YangchuanosaurusEggFertilized, 
 - ThingDef/YangchuanosaurusEggUnFertilized, 
 - ThingDef/YiEggFertilized, 
 - ThingDef/YiEggUnFertilized, 
 - ThingDef/YurlunggurEggFertilized, 
 - ThingDef/YurlunggurEggUnFertilized, 
 - ThingDef/YutyrannusEggFertilized, 
 - ThingDef/YutyrannusEggUnFertilized, 
 - ThingDef/ZalmoxesEggFertilized, 
 - ThingDef/ZalmoxesEggUnFertilized, 
 - ThingDef/ZephyrosaurusEggFertilized, 
 - ThingDef/ZephyrosaurusEggUnFertilized, 
 - ThingDef/FT_RecoillessGun, 
 - ThingDef/FT_TurretEmpero, 
 - ThingDef/FT_TurretHexMortar, 
 - ThingDef/FT_TurretQuadAA, 
 - BiomeDef/AB_IdyllicMeadows, 
 - BiomeDef/AG_NereidPocketPlane, 
 - BiomeDef/AG_PocketPlane, 
 - ThingDef/AM_LassoDevilstrand, 
 - BiomeDef/BorealForest, 
 - BiomeDef/COMIGO_GreaterSwamp_Cold, 
 - BiomeDef/COMIGO_GreaterSwamp_Temperate, 
 - BiomeDef/ColdBog, 
 - ThingDef/ElephantTusk, 
 - ThingDef/FT_Gun_Recoilless, 
 - ThingDef/FT_Gun_TurretEmpero, 
 - ThingDef/FT_Gun_TurretHexMortar, 
 - ThingDef/FT_Gun_TurretQuadAA, 
 - BiomeDef/GlacialPlain, 
 - BiomeDef/Grasslands, 
 - ThingDef/Gun_DeadColumn, 
 - ThingDef/Gun_Incinerator, 
 - BiomeDef/Labyrinth, 
 - BiomeDef/MetalHell, 
 - BiomeDef/Savanna, 
 - BiomeDef/TemperateForest, 
 - BiomeDef/TemperateSwamp, 
 - BiomeDef/TropicalRainforest, 
 - BiomeDef/TropicalSwamp, 
 - BiomeDef/Tundra, 
 - ThingDef/VWE_Gun_Flamethrower, 
 - ThingDef/VWE_MeleeWeapon_Axe, 
 - BiomeDef/Wetland, 
 - BiomeDef/ZBiome_AlpineMeadow, 
 - BiomeDef/ZBiome_CloudForest, 
 - BiomeDef/ZBiome_CoastalDunes, 
 - BiomeDef/ZBiome_GlacialShield, 
 - BiomeDef/ZBiome_Iceberg_NoBeach, 
 - BiomeDef/ZBiome_Marsh, 
 - BiomeDef/ZBiome_Sandbar_NoBeach, 
 - ThingDef/Husky, 
 - ThingDef/LabradorRetriever, 
 - ThingDef/Fox_Fennec, 
 - ThingDef/Capybara, 
 - ThingDef/Plant_TreePine, 
 - ThingDef/Plant_TreeBirch, 
 - ThingDef/Plant_TreePoplar, 
 - BackstoryDef/RBM_Akabeko, 
 - BackstoryDef/RBM_Alpha, 
 - BackstoryDef/RBM_AnimalGuardian, 
 - BackstoryDef/RBM_BraveGuardian, 
 - BackstoryDef/RBM_CityDweller, 
 - BackstoryDef/RBM_ClumsyGuardian, 
 - BackstoryDef/RBM_CompassionateGuardian, 
 - BackstoryDef/RBM_CutOfMeat, 
 - BackstoryDef/RBM_ElegantGuardian, 
 - BackstoryDef/RBM_Feral, 
 - BackstoryDef/RBM_FriendlyGuardian, 
 - BackstoryDef/RBM_Hothead, 
 - BackstoryDef/RBM_HumanFighter, 
 - BackstoryDef/RBM_HumanRancher, 
 - BackstoryDef/RBM_IllicitGuardian, 
 - BackstoryDef/RBM_IndependentMonarch, 
 - BackstoryDef/RBM_Isolated, 
 - BackstoryDef/RBM_Lab-GrownGuardian, 
 - BackstoryDef/RBM_Logger, 
 - BackstoryDef/RBM_MazeDweller, 
 - BackstoryDef/RBM_MinotaurCultist, 
 - BackstoryDef/RBM_PiningGuardian, 
 - BackstoryDef/RBM_Powerhouse, 
 - BackstoryDef/RBM_ProspectiveGuardian, 
 - BackstoryDef/RBM_ProtectedMonarch, 
 - BackstoryDef/RBM_RejectedGuardian, 
 - BackstoryDef/RBM_RoyalYouth, 
 - BackstoryDef/RBM_Runaway, 
 - BackstoryDef/RBM_SearchingMonarch, 
 - BackstoryDef/RBM_ShowCalf, 
 - BackstoryDef/RBM_StandardGuardian, 
 - BackstoryDef/RBM_StoicGuardian, 
 - BackstoryDef/RBM_Treasurekeeper, 
 - BackstoryDef/RBM_Veal, 
 - BackstoryDef/RBM_WildBeast, 
 - BackstoryDef/RBM_Xenohustler, 
 - BackstoryDef/REBC118, 
 - BackstoryDef/REBC119, 
 - BackstoryDef/REBC120, 
 - BackstoryDef/REBC121, 
 - BackstoryDef/SH_MED_LandlessKnight, 
 - BackstoryDef/SH_MED_MedievalCommander, 
 - BackstoryDef/SH_MED_MedievalLabourer, 
 - BackstoryDef/SH_MED_MedievalMason, 
 - BackstoryDef/SH_MED_MedievalRoyalty, 
 - BackstoryDef/SH_MED_MedievalScholar, 
 - BackstoryDef/SH_MED_PlagueDoctor, 
 - BackstoryDef/SH_MED_ReligiousKnight, 
 - BackstoryDef/SH_MED_RuralLord, 
 - BackstoryDef/VA_MED_Archer, 
 - BackstoryDef/VA_MED_Brave, 
 - BackstoryDef/VA_MED_ConventChild, 
 - BackstoryDef/VA_MED_CountryLordling, 
 - BackstoryDef/VA_MED_MedievalLordling, 
 - BackstoryDef/VA_MED_MedievalSlave, 
 - BackstoryDef/VA_MED_PoliticalCaptive, 
 - BackstoryDef/VA_MED_RichKid, 
 - BackstoryDef/VA_MED_RoyalBastard, 
 - BackstoryDef/VA_MED_RoyalMasseuse, 
 - BackstoryDef/VA_MED_ServingBoy, 
 - BackstoryDef/VA_MED_UnwantedSurvivor, 
 - BackstoryDef/VA_MED_Warrior, 
 - BackstoryDef/VQE_ArchiteVolunteer1, 
 - BackstoryDef/VQE_BetrayalStudy21, 
 - BackstoryDef/VQE_BoneReforged6, 
 - BackstoryDef/VQE_BrainProbed8, 
 - BackstoryDef/VQE_CombatDrills15, 
 - BackstoryDef/VQE_CompassionPunished24, 
 - BackstoryDef/VQE_DeceptionStudy16, 
 - BackstoryDef/VQE_EnhancedSoldier5, 
 - BackstoryDef/VQE_EyeReplaced10, 
 - BackstoryDef/VQE_FalseFamily22, 
 - BackstoryDef/VQE_GeneFighter3, 
 - BackstoryDef/VQE_GroupConflict17, 
 - BackstoryDef/VQE_IdealPatient, 
 - BackstoryDef/VQE_IsolationChamber14, 
 - BackstoryDef/VQE_IsolationTest19, 
 - BackstoryDef/VQE_KidnappedChild, 
 - BackstoryDef/VQE_LossExperiment20, 
 - BackstoryDef/VQE_MilitaryExperiment4, 
 - BackstoryDef/VQE_MuscleStitched9, 
 - BackstoryDef/VQE_ObedienceTrial18, 
 - BackstoryDef/VQE_PainTolerance13, 
 - BackstoryDef/VQE_SilenceStudy25, 
 - BackstoryDef/VQE_SkinGrafted7, 
 - BackstoryDef/VQE_StarvationTrial23, 
 - BackstoryDef/VQE_StressTest11, 
 - BackstoryDef/VQE_ToxicExposure12, 
 - BackstoryDef/VQE_TrialSubject2, 
 - BackstoryDef/VREA_ArchohavenArchitect, 
 - BackstoryDef/VREA_ArchonCadet, 
 - BackstoryDef/VREA_ArchonChildExplorer, 
 - BackstoryDef/VREA_ArchonCrystalCarver, 
 - BackstoryDef/VREA_ArchonDimensionalFarmer, 
 - BackstoryDef/VREA_ArchonDreamchild, 
 - BackstoryDef/VREA_ArchonDreamseer, 
 - BackstoryDef/VREA_ArchonLuminaryApprentice, 
 - BackstoryDef/VREA_ArchonMindweaver, 
 - BackstoryDef/VREA_ArchonNexusScholar, 
 - BackstoryDef/VREA_ArchonNexusborn, 
 - BackstoryDef/VREA_ArchonNoviceCasterChild, 
 - BackstoryDef/VREA_ArchonPsyLord, 
 - BackstoryDef/VREA_ArchonStarChild, 
 - BackstoryDef/VREA_ArchonStarwhisperer, 
 - BackstoryDef/VREA_ArchonStrategyProdigy, 
 - BackstoryDef/VREA_ArchonVoidrunner, 
 - BackstoryDef/VREA_ArchonVoidwalker, 
 - BackstoryDef/VREA_AstralHunter, 
 - BackstoryDef/VREA_AstralVanguard, 
 - BackstoryDef/VREA_CelestialDiplomat, 
 - BackstoryDef/VREA_CelestialStrategist, 
 - BackstoryDef/VREA_DimensionalArtisan, 
 - BackstoryDef/VREA_DimensionalNomad, 
 - BackstoryDef/VREA_DimensionalPhilosopher, 
 - BackstoryDef/VREA_DimensionalSmith, 
 - BackstoryDef/VREA_DimensionalStrategist, 
 - BackstoryDef/VREA_DimensionalWarden, 
 - BackstoryDef/VREA_EclipsedGeneral, 
 - BackstoryDef/VREA_EltexAlchemist, 
 - BackstoryDef/VREA_EltexHunter, 
 - BackstoryDef/VREA_EltexScholar, 
 - BackstoryDef/VREA_EtherealAgriculturist, 
 - BackstoryDef/VREA_EtherealAssassin, 
 - BackstoryDef/VREA_HarmonicArtisan, 
 - BackstoryDef/VREA_HarmonicTuner, 
 - BackstoryDef/VREA_NexusGuard, 
 - BackstoryDef/VREA_OmnipotentGardener, 
 - BackstoryDef/VREA_StarWhisperer, 
 - BackstoryDef/VREA_StellarAgriculturist, 
 - BackstoryDef/VREA_StellarCartographer, 
 - BackstoryDef/VREA_VoidFarmer, 
 - BackstoryDef/VREA_VoidHarmonizer, 
 - BackstoryDef/VREA_VoidHarmonizer2, 
 - BackstoryDef/VREA_VoidMarauder, 
 - BackstoryDef/VREA_VoidMediator, 
 - BackstoryDef/VREA_VoidPhilosopher, 
 - BackstoryDef/VREA_VoidStrider, 
 - BackstoryDef/VREA_VoidVanguard, 
 - BackstoryDef/VREA_VoidWhisperer, 
 - BackstoryDef/VREA_VoidshieldGuardian, 
 - BackstoryDef/VREA_WarpBladesman, 
 - TraitDef/RBM_Herculean_Trait, 
 - TraitDef/VQE_IdealPatient, 
 - ThingDef/VGE_PointDefenseTurret, 
 - ThingDef/Turret_Autocannon, 
 - ThingDef/Turret_Mortar, 
 - ThingDef/Turret_AncientArmoredTurret, 
 - ThingDef/VQE_AncientShieldedTurret, 
 - ThingDef/BreadMoAM_Turret_ShotgunTurret, 
 - ThingDef/BreadMoAM_Turret_ShotgunTurretN, 
 - ThingDef/DP_MinigunTurret, 
 - ThingDef/FT_AutoCannon, 
 - ThingDef/FT_Maxim4M, 
 - ThingDef/ShipWallMountMiniTurret, 
 - ThingDef/Turret_AutoMiniTurret, 
 - ThingDef/Turret_MiniTurret, 
 - ThingDef/Turret_TacticalTurret, 
 - ThingDef/VFES_Complex_Charge, 
 - ThingDef/VFES_Complex_Hmg, 
 - ThingDef/VFES_Complex_Minigun, 
 - ThingDef/VFES_Turret_ArmoredTurret, 
 - ThingDef/VFES_Turret_ChargeTurret, 
 - ThingDef/VFES_Turret_Concealed, 
 - ThingDef/VFES_Turret_MilitaryTurret, 
 - ThingDef/VFES_Turret_ShotgunTurret, 
 - ThingDef/VulcanTurret, 
 - ThingDef/BMAD_GrowthTurret, 
 - ThingDef/BMAD_ShrinkTurret, 
 - ThingDef/DeadColumnMod, 
 - ThingDef/FT_Turret_Mortar
[SmashPhil.SmashTools] Applying compatibility patch for Jaxe.RimHUD. Active: Yes
[SmashPhil.VehicleFramework] Applying compatibility patch for Jaxe.RimHUD. Active: Yes
[SmashPhil.VehicleFramework] Applying compatibility patch for ludeon.rimworld.odyssey. Active: Yes
[VehicleFramework] version 1.6.2144
[XML Extensions] Initialized 4 SettingsMenuDef(s) and found 207 unused key(s) from 5 mod(s)
[XML Extensions] 24710 total patch operations run in 228141ms, 5 failed
[XML Extensions] Emitted 4 mod class(es)
KCSG has Created 9670 symbolDefs for vanilla and DLCs
Active Terrain Framework initialized. This mod uses Harmony (all patches are non-destructive): Verse.TerrainGrid.SetTerrain, Verse.TerrainGrid.RemoveTopLayer, Verse.MouseoverReadout.MouseoverReadoutOnGUI
BetterCrossbreeding added CompParentKindDef to 383 egg defs.
[ARK - Better Growth Moments] Updating GrowthTiers in-place:
Tier 0: PassChoices=0, PassGains=0, TraitChoices=1, TraitGains=1
Tier 1: PassChoices=0, PassGains=0, TraitChoices=2, TraitGains=1
Tier 2: PassChoices=0, PassGains=0, TraitChoices=3, TraitGains=1
Tier 3: PassChoices=0, PassGains=0, TraitChoices=4, TraitGains=1
Tier 4: PassChoices=1, PassGains=1, TraitChoices=4, TraitGains=1
Tier 5: PassChoices=2, PassGains=1, TraitChoices=4, TraitGains=1
Tier 6: PassChoices=3, PassGains=1, TraitChoices=4, TraitGains=1
Tier 7: PassChoices=4, PassGains=2, TraitChoices=4, TraitGains=1
Tier 8: PassChoices=6, PassGains=3, TraitChoices=6, TraitGains=1
Patching Madeline.ModMismatchWindow
[BetterTrees] Discovered 191 tree types.
[BetterTrees] Queuing settings application...
Caravan Adventures: Applying patch for AlienRaces - adding alienrace corpses to caravan dialog filter
Caravan Adventures: Applying patch to add Alpha Biomes to excluded BiomeDefs for Story Shrine Generation
CA patches complete. v1.8.3 (1.6)
[CozyFires]:Linked 4 cozy fires to 149 beds and chairs.
[Forge] prettified 29 fire overlays.
<color=#CB53E0FF>:: Erin's Final Fantasy Animals ::</color> Setting ERN_Amaro trainability to Advanced
<color=#CB53E0FF>:: Erin's Final Fantasy Animals ::</color> Setting ERN_BigCarbuncle trainability to Advanced
<color=#CB53E0FF>:: Erin's Final Fantasy Animals ::</color> Setting ERN_Carbuncle trainability to Advanced
<color=#CB53E0FF>:: Erin's Final Fantasy Animals ::</color> Setting ERN_Chocobo trainability to Intermediate
[TrueTerrainColors v1.12.26.1] Loaded cached true colors for 1714 terrain defs from file.
RimWorldGravshipRangeOnMapMod.Main Starting up...
[Inhabited] ready: 2 patches, 294 characters, 0 places, 0 casts.
[JawaPlantGrowth] scaling 662 plant defs (default x4, tree x2.5), 7 exempt, 1 terminator biome(s) at x0.4.
[JawaRules] no-sow: armed for xenotype MandrakeJawa
[JawaRules] droid-relations: armed for humanlike pawns with no relations tracker
[JawaRules] pet-names: armed; tamed and newborn animals will draw from their race namer
[JawaRules] world-labels: armed; world feature names peak at 0.60 alpha instead of 0.30
[JawaRules] world-label-lift: armed; world feature names sit 1.50 above the surface instead of 0.40
[Map Designer for 1.4] Initializing.... 
[Map Designer] Finding biomes...
[Map Designer] Applying settings
[Map Designer] Terrain settings: Default
*metal pipe falling sound effect*
Mines 2.0 -> RecipeDef named MinesAutomated_RecipeDef_MineableSteel added to the mine.
Mines 2.0 -> RecipeDef named MinesAutomated_RecipeDef_MineableComponentsIndustrial added to the mine.
Mines 2.0 -> RecipeDef named MinesAutomated_RecipeDef_LKDurasteel_Ore added to the mine.
Mines 2.0 -> RecipeDef named MinesAutomated_RecipeDef_GLO_MineableGlowstone added to the mine.
Mines 2.0 -> skipped DA_MineableSteelBeetle: Steel can already be mined by another recipe.
Mines 2.0 -> RecipeDef named MinesAutomated_RecipeDef_LKBeskar_Ore added to the mine.
Mines 2.0 -> RecipeDef named MinesAutomated_RecipeDef_LKORComponent_Ore added to the mine.
Mines 2.0 -> RecipeDef named MinesAutomated_RecipeDef_LKPureBeskar_Ore added to the mine.
Mines 2.0 -> RecipeDef named MinesAutomated_RecipeDef_Force_CrystalFormation_Small added to the mine.
Mines 2.0 -> skipped Force_CrystalFormation_Medium: Force_KyberCrystal can already be mined by another recipe.
Mines 2.0 -> skipped Force_CrystalFormation_Large: Force_KyberCrystal can already be mined by another recipe.
Mines 2.0 -> RecipeDef named MinesAutomated_RecipeDef_KOTOR_MineableDurasteel added to the mine.
Mines 2.0 -> RecipeDef named MinesAutomated_RecipeDef_BMT_MineableAmber added to the mine.
Mines 2.0 -> RecipeDef named MinesAutomated_RecipeDef_MineableUranium added to the mine.
Mines 2.0 -> RecipeDef named MinesAutomated_RecipeDef_DV_MineablePyrinth added to the mine.
Mines 2.0 -> RecipeDef named MinesAutomated_RecipeDef_KOTOR_MineableBronzium added to the mine.
Mines 2.0 -> RecipeDef named MinesAutomated_RecipeDef_MineableSilver added to the mine.
Mines 2.0 -> RecipeDef named MinesAutomated_RecipeDef_BMT_MineableFossils added to the mine.
Mines 2.0 -> RecipeDef named MinesAutomated_RecipeDef_KOTOR_MineableRhydonium added to the mine.
Mines 2.0 -> RecipeDef named MinesAutomated_RecipeDef_MineableRuby added to the mine.
Mines 2.0 -> RecipeDef named MinesAutomated_RecipeDef_MineableSapphire added to the mine.
Mines 2.0 -> RecipeDef named MinesAutomated_RecipeDef_MineableGold added to the mine.
Mines 2.0 -> RecipeDef named MinesAutomated_RecipeDef_KOTOR_MineableCortosis added to the mine.
Mines 2.0 -> RecipeDef named MinesAutomated_RecipeDef_MineableJade added to the mine.
Mines 2.0 -> RecipeDef named MinesAutomated_RecipeDef_MineableDiamond added to the mine.
Mines 2.0 -> RecipeDef named MinesAutomated_RecipeDef_KOTOR_MineableSpice added to the mine.
Mines 2.0 -> RecipeDef named MinesAutomated_RecipeDef_MineablePlasteel added to the mine.
Mines 2.0 -> RecipeDef named MinesAutomated_RecipeDef_KOTOR_MineableBeskar added to the mine.
Mines 2.0 -> RecipeDef named MinesAutomated_RecipeDef_BoulderGlacialIce added to the mine.
Mines 2.0 -> RecipeDef named MinesAutomated_RecipeDef_SmallFossils added to the mine.
Mines 2.0 -> skipped WeatheredGlacialIce: MF_ChunkIce can already be mined by another recipe.
Mines 2.0 -> skipped MediumFossil: SmallFossil can already be mined by another recipe.
Mines 2.0 -> RecipeDef named MinesAutomated_RecipeDef_PassableSandstone added to the mine.
Mines 2.0 -> skipped SolidGlacialIce: MF_ChunkIce can already be mined by another recipe.
Mines 2.0 -> skipped SmallPassableSandstone: ChunkSandstone can already be mined by another recipe.
Mines 2.0 -> skipped BoulderSandstone: ChunkSandstone can already be mined by another recipe.
Mines 2.0 -> skipped HewnGlacialIce: MF_ChunkIce can already be mined by another recipe.
Mines 2.0 -> skipped LargeFossil: SmallFossil can already be mined by another recipe.
Mines 2.0 -> RecipeDef named MinesAutomated_RecipeDef_LavaFlowBasalt added to the mine.
Mines 2.0 -> RecipeDef named MinesAutomated_RecipeDef_ObsidianFlow added to the mine.
Mines 2.0 -> skipped SmoothedHewnGlacialIce: MF_ChunkIce can already be mined by another recipe.
Mines 2.0 -> RecipeDef named MinesAutomated_RecipeDef_PassableLimestone added to the mine.
Mines 2.0 -> RecipeDef named MinesAutomated_RecipeDef_PassableMarble added to the mine.
Mines 2.0 -> RecipeDef named MinesAutomated_RecipeDef_PassableSlate added to the mine.
Mines 2.0 -> skipped BoulderLimestone: ChunkLimestone can already be mined by another recipe.
Mines 2.0 -> skipped PassableBasalt: MR_ChunkBasalt can already be mined by another recipe.
Mines 2.0 -> RecipeDef named MinesAutomated_RecipeDef_PassableVacstone added to the mine.
Mines 2.0 -> skipped VEE_MineableJadeite: Jade can already be mined by another recipe.
Mines 2.0 -> skipped VEE_SmoothedJadeite: Jade can already be mined by another recipe.
Mines 2.0 -> skipped WeatheredSandstone: ChunkSandstone can already be mined by another recipe.
Mines 2.0 -> RecipeDef named MinesAutomated_RecipeDef_BigAmethystCrystal added to the mine.
Mines 2.0 -> skipped BigQuartzCrystal: RoughGem can already be mined by another recipe.
Mines 2.0 -> skipped BoulderBasalt: MR_ChunkBasalt can already be mined by another recipe.
Mines 2.0 -> skipped BoulderMarble: ChunkMarble can already be mined by another recipe.
Mines 2.0 -> skipped BoulderVacstone: ChunkVacstone can already be mined by another recipe.
Mines 2.0 -> RecipeDef named MinesAutomated_RecipeDef_SlateForest added to the mine.
Mines 2.0 -> skipped SolidSandstone: ChunkSandstone can already be mined by another recipe.
Mines 2.0 -> RecipeDef named MinesAutomated_RecipeDef_PassableGranite added to the mine.
Mines 2.0 -> skipped SmoothedHewnSandstone: ChunkSandstone can already be mined by another recipe.
Mines 2.0 -> skipped HewnSandstone: ChunkSandstone can already be mined by another recipe.
Mines 2.0 -> skipped MineableObsidian: Obsidian can already be mined by another recipe.
Mines 2.0 -> skipped WeatheredLimestone: ChunkLimestone can already be mined by another recipe.
Mines 2.0 -> skipped WeatheredSlate: PassableSlate can already be mined by another recipe.
Mines 2.0 -> skipped SmoothedHewnSlate: ChunkSlate can already be mined by another recipe.
Mines 2.0 -> skipped BoulderGranite: ChunkGranite can already be mined by another recipe.
Mines 2.0 -> skipped HewnSlate: ChunkSlate can already be mined by another recipe.
Mines 2.0 -> skipped SmoothedHewnLimestone: ChunkLimestone can already be mined by another recipe.
Mines 2.0 -> skipped SolidSlate: PassableSlate can already be mined by another recipe.
Mines 2.0 -> skipped HewnLimestone: ChunkLimestone can already be mined by another recipe.
Mines 2.0 -> skipped SolidLimestone: ChunkLimestone can already be mined by another recipe.
Mines 2.0 -> skipped WeatheredBasalt: MR_ChunkBasalt can already be mined by another recipe.
Mines 2.0 -> skipped WeatheredMarble: ChunkMarble can already be mined by another recipe.
Mines 2.0 -> skipped WeatheredOrePlasteel: Plasteel can already be mined by another recipe.
Mines 2.0 -> skipped SmoothedHewnBasalt: MR_ChunkBasalt can already be mined by another recipe.
Mines 2.0 -> skipped SmoothedHewnMarble: ChunkMarble can already be mined by another recipe.
Mines 2.0 -> skipped SmoothedHewnVacstone: ChunkVacstone can already be mined by another recipe.
Mines 2.0 -> skipped SolidBasalt: MR_ChunkBasalt can already be mined by another recipe.
Mines 2.0 -> skipped SolidMarble: ChunkMarble can already be mined by another recipe.
Mines 2.0 -> skipped SolidVacstone: ChunkVacstone can already be mined by another recipe.
Mines 2.0 -> skipped HewnBasalt: MR_ChunkBasalt can already be mined by another recipe.
Mines 2.0 -> skipped HewnMarble: ChunkMarble can already be mined by another recipe.
Mines 2.0 -> skipped HewnOrePlasteel: ComponentIndustrial can already be mined by another recipe.
Mines 2.0 -> skipped HewnVacstone: ChunkVacstone can already be mined by another recipe.
Mines 2.0 -> skipped SolidOrePlasteel: ComponentIndustrial can already be mined by another recipe.
Mines 2.0 -> skipped WeatheredGranite: ChunkGranite can already be mined by another recipe.
Mines 2.0 -> skipped SolidGranite: ChunkGranite can already be mined by another recipe.
Mines 2.0 -> skipped SmoothedHewnGranite: ChunkGranite can already be mined by another recipe.
Mines 2.0 -> skipped HewnGranite: ChunkGranite can already be mined by another recipe.
Mines 2.0 -> RecipeDef named MinesAutomated_RecipeDef_VEE_MineableComponentSpacer added to the mine.
Mines 2.0 -> RecipeDef named MinesAutomated_RecipeDef_AA_SkySteelClumps added to the mine.
Mines 2.0 -> skipped VGE_Compressed_Gold: Gold can already be mined by another recipe.
Mines 2.0 -> skipped VGE_Compressed_Jade: Jade can already be mined by another recipe.
Mines 2.0 -> skipped VGE_Compressed_Silver: Silver can already be mined by another recipe.
Mines 2.0 -> skipped VGE_Compressed_Steel: Steel can already be mined by another recipe.
Mines 2.0 -> skipped VGE_Compressed_Uranium: Uranium can already be mined by another recipe.
Mines 2.0 -> skipped VGE_Compressed_Plasteel: Plasteel can already be mined by another recipe.
Mines 2.0 -> RecipeDef named MinesAutomated_RecipeDef_BMT_NaturalCrystalWall added to the mine.
Mines 2.0 -> skipped SolidIce: MF_ChunkIce can already be mined by another recipe.
Mines 2.0 -> RecipeDef named MinesAutomated_RecipeDef_GU_RoseQuartz added to the mine.
Mines 2.0 -> skipped Sandstone: ChunkSandstone can already be mined by another recipe.
Mines 2.0 -> skipped Marble: ChunkMarble can already be mined by another recipe.
Mines 2.0 -> RecipeDef named MinesAutomated_RecipeDef_AB_Mudstone added to the mine.
Mines 2.0 -> skipped Slate: ChunkSlate can already be mined by another recipe.
Mines 2.0 -> RecipeDef named MinesAutomated_RecipeDef_AB_Cragstone added to the mine.
Mines 2.0 -> skipped Vacstone: ChunkVacstone can already be mined by another recipe.
Mines 2.0 -> RecipeDef named MinesAutomated_RecipeDef_AB_SlimeStone added to the mine.
Mines 2.0 -> skipped Limestone: ChunkLimestone can already be mined by another recipe.
Mines 2.0 -> skipped Granite: ChunkGranite can already be mined by another recipe.
Mines 2.0 -> RecipeDef named MinesAutomated_RecipeDef_GU_AncientMetals added to the mine.
Mines 2.0 -> RecipeDef named MinesAutomated_RecipeDef_AB_Obsidianstone added to the mine.
Mines 2.0 -> skipped MR_BasaltBase: MR_ChunkBasalt can already be mined by another recipe.
Mines 2.0 -> skipped VGE_Compressed_Vacstone: ChunkVacstone can already be mined by another recipe.
Mines 2.0 Extension -> RecipeDef named MinesAutomatedExtension_RecipeDef_OuterRim_Tibanna added to the mine. This recipe is not affected by the mod settings.
Mines 2.0 Extension -> RecipeDef named MinesAutomatedExtension_RecipeDef_OuterRim_Duracrete added to the mine. This recipe is not affected by the mod settings.
Mines 2.0 Extension -> RecipeDef named MinesAutomatedExtension_RecipeDef_OuterRim_Durafiber added to the mine. This recipe is not affected by the mod settings.
Mines 2.0 Extension -> RecipeDef named MinesAutomatedExtension_RecipeDef_OuterRim_Permacrete added to the mine. This recipe is not affected by the mod settings.
Mines 2.0 Extension -> RecipeDef named MinesAutomatedExtension_RecipeDef_OuterRim_Plastcrete added to the mine. This recipe is not affected by the mod settings.
[MW2]Now Active
[MW2] WeaponRacks detected
[MW2] ShowMeYourHands detected
[MW2] Harmony patch complete!
[MW2] Injected for 16 weapon styles
[MW2] Misc initializations complete!
[MW2_MVCFModule] Loading VEF detected.
[MW2_MVCFModule] Initialize completed!
More Dangerous Game initializing...
More Vanilla Biomes initialized......
Harmony patches applied for MutatorWorldIcons
[NoMissingGeneIcons]: Fixed missing gene-graphics for 8 ChemicalDefs. 
Glitterstim, Ji rikknit, Battle stimulant, Adrenal stamina, Adrenal alacrity, Adrenal strength, Rhydonium, Spice
[Non-Destructive Gravlaunch] Successful initialisation.
PersistentPrecepts Loaded
[PrepareLanding] Page_CreateWorldParams.CanDoNext is already patched. Can't instantiate PreciseWorldGeneration...
index: 0; owner: WorldbuilderMod; patch method: Void Prefix(); priority: 400; before: System.String[]; after: System.String[]
----
[PrepareLanding] Preset folder is at: C:/Users/<redacted>/AppData/LocalLow/Ludeon Studios/RimWorld by Ludeon Studios\PrepareLanding
Psilocap Cultivation initialized!
[Quality Affects HP] Mod initiated.
XML EDITING SHENANIGANS START
3 parts
System.Collections.Generic.List`1[RimWorld.StatPart]
found quality StatPart
Set Defs!
[RecycleThis]: Added 13 things to destroy-benches, 6 things to scrap-benches and 7 things to smelt-benches
[RelevantStatsInDescription]: Skipping dps-calculation of Mortar as it has no default projectile defined
[RelevantStatsInDescription]: Skipping dps-calculation of Foam turret as its projectile does not cause damage to health
[RelevantStatsInDescription]: Skipping dps-calculation of Wall Emp Turret as its projectile does not cause damage to health
[RelevantStatsInDescription]: Skipping dps-calculation of Naval Wall Emp Turret as its projectile does not cause damage to health
[RelevantStatsInDescription]: Skipping dps-calculation of Farmland Guardian as its projectile does not cause damage to health
[RelevantStatsInDescription]: Skipping dps-calculation of Sludge sprayer as its projectile does not cause damage to health
[RelevantStatsInDescription]: Skipping dps-calculation of Ancient beam cannon as it has no default projectile defined
[RelevantStatsInDescription]: Skipping dps-calculation of Ion surge column as its projectile does not cause damage to health
[RelevantStatsInDescription]: Skipping dps-calculation of Deadlife column as its projectile does not cause damage to health
[RelevantStatsInDescription]: Skipping dps-calculation of Graser cannon complex as it has no default projectile defined
[RelevantStatsInDescription]: Skipping dps-calculation of Heavy incinerator complex as it has no default projectile defined
[RelevantStatsInDescription]: Skipping dps-calculation of Anti-air turret as it has no default projectile defined
[RelevantStatsInDescription]: Skipping dps-calculation of Artillery as it has no default projectile defined
[RelevantStatsInDescription]: Skipping dps-calculation of Searchlight as it has no default projectile defined
[RelevantStatsInDescription]: Skipping dps-calculation of Tesla arc projector as its projectile does not cause damage to health
[RelevantStatsInDescription]: Skipping dps-calculation of Point defense turret as it has no default projectile defined
[RelevantStatsInDescription]: Skipping dps-calculation of Foam belcher as its projectile does not cause damage to health
[RelevantStatsInDescription]: Skipping dps-calculation of Infantry mortar as it has no default projectile defined
[RelevantStatsInDescription]: Skipping dps-calculation of Multi-barrel mortar launcher as it has no default projectile defined
[RelevantStatsInDescription]: Skipping dps-calculation of Field howitzer as it has no default projectile defined
[RelevantStatsInDescription]: Skipping dps-calculation of Field cannon as it has no default projectile defined
[RelevantStatsInDescription]: Skipping dps-calculation of Gravlite defense turret as it has no default projectile defined
[RelevantStatsInDescription]: Skipping dps-calculation of Field gun as it has no default projectile defined
Compatibility-Patch for MintMenu architect is active.
Compatibility-Patch for MintMenu research is active.
Allow patch: RIMMSqol:ActiveTip_TipRect[TipWindowMaxWidth]
Allow patch: RIMMSqol:Alert_Active[HiddenAlerts]
Allow patch: RIMMSqol:ArchitectButtonFix[ArchitectButtonVisibility]
Allow patch: RIMMSqol:CompPowerTrader_PowerOn[PowerTraderZero]
Allow patch: RIMMSqol:CompPowerTrader_ResetPowerVars[PowerTraderZero]
Allow patch: RIMMSqol:CompPowerTrader_ReceiveCompSignal[PowerTraderZero]
Allow patch: RIMMSqol:CompPowerTrader_PostSpawnSetup[PowerTraderZero]
Allow patch: RIMMSqol:CompBreakdownable_Notify_Repaired[PowerTraderZero]
Allow patch: RIMMSqol:DefMapSaveStateFixRecordDef[DefMap]
Allow patch: RIMMSqol:DefMapSaveStateFixWorkTypeDef[DefMap]
Allow patch: RIMMSqol:Designator_Dropdown_ProcessInput[DesignatorDropdown]
Allow patch: RIMMSqol:ArchitectCategoryTab_DesignationTabOnGUI[DesignatorDropdown]
Allow patch: RIMMSqol:Designator_Place_DoExtraGuiControls[RIMMSQoL.HideRotationControls]
Allow patch: RIMMSqol:ExpectationsUtility_CurrentExpectationFor[PawnValueExpectations]
Allow patch: RIMMSqol:FloatMenuDecorations_Designator_Dropdown_ProcessInput[FloatMenuDecorations]
Allow patch: RIMMSqol:FloatMenuDecorations_Designator_Build_ProcessInput[FloatMenuDecorations]
Allow patch: RIMMSqol:GlobalControlsUtility_DoDate[GlobalControls]
Allow patch: RIMMSqol:LetterStack_ReceiveLetter[HiddenAlerts]
Allow patch: RIMMSqol:XmlInheritance_Resolve
Allow patch: RIMMSqol:MainButtonsRoot_MainButtonsOnGUI[RIMMSQoL.KeyBindings]
Allow patch: RIMMSqol:MainTabWindow_Research_DrawRightRect[ResearchTabDrawer]
Allow patch: RIMMSqol:MainTabWindow_Research_PostOpen[ResearchTabDrawer]
Allow patch: RIMMSqol:Messages_AcceptsMessage[HiddenAlerts]
Allow patch: RIMMSqol:PawnGraphicSet_ResolveAllGraphics[RIMMSQoL.PawnPackRendering]
Allow patch: RIMMSqol:PanwRenderer_DrawEquipmentAiming[PawnApparelRendering]
Allow patch: RIMMSqol:PlaySettings_DoPlaySettingsGlobalControls[GlobalControls]
Allow patch: RIMMSqol:PreventAnimalFamilies_Pawn_RelationsTracker_AddDirectRelation[PreventAnimalFamilies]
Allow patch: RIMMSqol:PreventAnimalFamilies_TaleRecorder_RecordTale[PreventAnimalFamilies]
Allow patch: RIMMSqol:PreventTamenessDecay_Pawn_TrainingTracker_TrainingTrackerTickRare[StopTamenessDecay]
Allow patch: RIMMSqol:ReplaceNumericTextboxesInt[NumericTextboxes]
Allow patch: RIMMSqol:ReplaceNumericTextboxesFloat[NumericTextboxes]
Allow patch: RIMMSqol:RoofCollapseUtility_WithinRangeOfRoofHolder[RoofCollapse]
Allow patch: RIMMSqol:RoofCollapseCellsFinder_CheckCollapseFlyingRoofs_1[RoofCollapse]
Allow patch: RIMMSqol:RoofCollapseCellsFinder_CheckCollapseFlyingRoofs_2[RoofCollapse]
Allow patch: RIMMSqol:SnowUtility_MovementTicksAddOn[WeatherBuildupMovementTicksAddOn]
Allow patch: RIMMSqol:SpawnRemnantColony[RemnantColony]
Allow patch: RIMMSqol:DisplayConfirmationDialog[RemnantColony]
Allow patch: RIMMSqol:Text_ClampTextWithEllipsis[NumericTextboxes]
Allow patch: RIMMSqol:ThingFilter_SetAllow_StuffCategoryDef[ThingFilterBugfix]
Allow patch: RIMMSqol:ThingForbiddenPredicatesFix[ForbidByContext]
Allow patch: RIMMSqol:ThinkResultContextFood1[ForbidByContext]
Allow patch: RIMMSqol:ThinkResultContextFood2[ForbidByContext]
Allow patch: RIMMSqol:ThinkResultContextFood3[ForbidByContext]
Allow patch: RIMMSqol:ThinkResultContextFood4[ForbidByContext]
Allow patch: RIMMSqol:ThinkResultContextRecover[ForbidByContext]
Allow patch: RIMMSqol:TrackLevelUp[TrackLevelUp]
Allow patch: RIMMSqol:StopSkillDecay[StopSkillDecay]
Allow patch: RIMMSqol:SkillRecord_LearningSaturatedToday[StopSkillDecay]
Allow patch: RIMMSqol:SkillUI_GetSkillDescription[StopSkillDecay]
Allow patch: RIMMSqol:WorkGiver_DoBill_TryFindBestBillIngredientsInSet_AllowMix[DoBillIngredientOverflow]
Allow patch: RIMMSqol.translations:LanguageChangeListener[LanguageChangeListener]
Allow patch: RIMMSqol.storyteller:MapDeiniter_Deinit[Storyteller]
Allow patch: RIMMSqol.storyteller:Storyteller_StorytellerTick[Storyteller]
Allow patch: RIMMSqol.remnantcolony:Dialog_FormCaravan_Notify_ChoseRoute[City]
Allow patch: RIMMSqol.remnantcolony:Dialog_FormCaravan_Get_CurrentTile[City]
Allow patch: RIMMSqol.performance.worldpawngc:WorldPawnGC_WorldPawnGCTick[WorldPawnGC]
Allow patch: RIMMSqol.performance.worldpawngc:WorldPawnGC_RunGC[WorldPawnGC]
Allow patch: RIMMSqol.performance.worldpawngc:WorldPawnGC_LogDotgraph[WorldPawnGC]
Allow patch: RIMMSqol.performance.worldpawngc:WorldPawnGC_PawnGCDebugResults[WorldPawnGC]
Allow patch: RIMMSqol.performance.pawn_rotationtracker:Pawn_RotationTracker_Face[PawnRotation]
Allow patch: RIMMSqol.performance.pawn_rotationtracker:Pawn_RotationTracker_FaceCell[PawnRotation]
[Romance & Intimacy On The Rim] When you've got romance on the rim, you've also got intimacy!
RBM_Minotaur Mod Harmony Patches Loaded
[katana.scenarioamender] Loaded
[SurvivalToolsReborn] 0.011(R) loaded.
[TabSorting]: Fixing kitchen room role worker, thanks slippycheeze!
[TabSorting]: Moved 164 lights to the Lights tab.
[TabSorting]: Removing DoorTab since its empty now.
[TabSorting]: Removing ResearchTab since its empty now.
[TabSorting]: Removing KitchenTab since its empty now.
[TabSorting]: Removing StorageTab since its empty now.
[TabSorting]: Removing DecorationTab since its empty now.
[TabSorting]: Removing HospitalTab since its empty now.
[TabSorting]: Removing BedroomTab since its empty now.
[TabSorting]: Removing TableChairsTab since its empty now.
[Utility Columns] - Patching...
[VGE] Initializing replace Stuff compat finished. 1 checks were updated to exclude Vac Checkpoints.
Loaded file (Xenotype) is from version 1.6.4633 rev1261, we are running version 1.6.4871 rev591.
Loaded file (Xenotype) is from version 1.6.4633 rev1261, we are running version 1.6.4871 rev591.
Loaded file (Xenotype) is from version 1.6.4633 rev1261, we are running version 1.6.4871 rev591.
BTD Gravship Blueprints: Harmony patches applied
BTD Gravship Blueprints: Excluded BTD_QuestSiteSubstructure from Replace Stuff bridge terrains (1).
[GeneExpandedEyes] harmony patch succeeded.
Using DDS for Animals: False
33
Using DDS for Arsenal: False
22
Using DDS for Artistic: False
55
Using DDS for Basic: False
27
Using DDS for Biotech: False
33
Using DDS for Child-Care: False
22
Using DDS for Cuisine: False
47
Using DDS for Factions: False
68
Using DDS for Misc: False
40
Using DDS for Recreation: False
18
Using DDS for Scientific: False
29
Using DDS for Styles: False
133
Using DDS for Vanilla: False
12
Using DDS for Projector-Throne: False
Using DDS for Projector-Throne_grand: False
[FA Genetic Heads] Harmony patches applied
LWM.DeepStorage: Set RimFridge uglyStackAppearance = False
LWM.DeepStorage: 🐾 Init starting for RimWorld 1.5+ build!
LWM.DeepStorage: Checked 195 Building_Storage ThingDefs for duplicate comp props.
LWM.DeepStorage: Finished removing multiple comp props.
LWM.DeepStorage: Making Shelf, ShelfSmall, Hopper, MUS_SpaceBase_Shelf, MUS_SpaceBase_ShelfSmall, sbz_Fridge, sbz_LargeFridge, sbz_SingleChestFridge, sbz_DoubleChestFridge, sbz_SingleWallFridge, sbz_DoubleWallFridge, sbz_CorpseFridge, sbz_LargeGravshipCrate, sbz_GravshipCrate, sbz_LongGravshipCrate, sbz_GravshipGlassShelf, sbz_GravshipTwoTierShelf, sbz_GravshipShelf, sbz_SmallGravshipShelf, sbz_GravshipWeaponRack, BarrelD, BarrelE, BarrelF, BarrelG, Bundle_D, CanisterC, CanisterD, CanisterE, CanisterF, ChunkA, ChunkB, ContainerC, ContainerD, CrateH, CrateI, CrateJ, CrateK, CrateL, CylinderA, Freight_A, Freight_B, LockerBank_1x1z, LockerBank_1x2z, LockerBank_1x3z, MealCrate_A, MealCrate_B, asf_rustedtoolbox, ASF_CellarStone, ASF_CellarWood, ASF_CoveredClayPot, ASF_UncoveredClayPot, ASF_Granary, ASF_LargeLogPile, ASF_MeatRack, ASF_SmallLogPile, ASF_StoragePit, ASF_StorageTent, ASF_WeaponRack, ASF_WovenBasket, ASF_WovenBasketDouble, ASF_WovenBasketTriple, BarrelA, BarrelB, BarrelC, BundleA, BundleB, BundleC, CanisterA, CanisterB, CrateA, CrateB, CrateC, CrateD, CrateE, CrateF, CrateG, MetalCrateA, MetalCrateB, MetalCrateC, MetalCrateD, PalletCrateA, PalletCrateB, AB_PropaneTap, AB_PropaneDrain, KibbleDispenser, BMT_DisplayCase, Reel_AmmoOutput, Reel_AmmoDrain, ChemfuelHopper, ChemfuelSiphon, RefineryLoadingBay, RimFridge_SingleRefrigerator, RimFridge_Refrigerator, RimFridge_QuadRefrigerator, RimFridge_SingleWallRefrigerator, RimFridge_WallRefrigerator, RR_ClosedUrn, RR_HandleUrn, RR_OpenUrn, Shelf_WeaponRack, VFE_Plinth, VFEFactory_FactoryHopper, Shelf_RepairRack, VGE_AstrofuelTap, VGE_AstrofuelDrain, VGE_OxygenCanisterFiller, VGE_OxygenCanisterEmptier, VGE_GravshipShelf, WeaponRacks_1Rack, WeaponRacks_2Rack, WeaponRacks_3Rack, WeaponRacks_4Rack, AM_MaterialElevatorA, AM_MaterialElevatorB, AM_MaterialElevatorC, AM_MaterialElevatorD, QRY_Platform, VCHE_ChemfuelTap, VCHE_ChemfuelDrain, VCHE_DeepchemTap, VCHE_DeepchemDrain, SW_AdaptiveRegularStorageCabin, SW_AdaptiveGlassStorageCabin, SW_AdaptiveFridgeStorageCabin, AG_AncientShelf, OuterRim_TibannaBottler, OuterRim_TibannaSiphon, guy762_SecretFloorPanel_darkwhiteoutlines, guy762_SecretFloorPanel_DoomgiverTile, guy762_SecretFloorPanel_DreadnaughtCabinTile_blue, guy762_SecretFloorPanel_DreadnaughtCabinTile_black, KOTOR_RhydoniumHopper_dispenser, KOTOR_RhydoniumHopper_insert, KOTOR_TibannaHopper_dispenser, KOTOR_TibannaHopper_insert into Deep Storage
LWM.DeepStorage: Settings defs loaded.
LWM.DeepStorage: Multiplayer not detected.
LWM.DeepStorage: ✅ Harmony patches applied.
[PlanetPresetPrime] loaded: will prime coverage 1, subdivisions 7. MLP type found.
Chaos Chicken crossbreeding list populated with 1023 entries:
Bear_Grizzly
Bear_Polar
Ostrich
Emu
Cassowary
Cougar
Panther
Lynx
Cat
YorkshireTerrier
GuineaPig
LabradorRetriever
Husky
Monkey
Chicken
Duck
Turkey
Goose
Cow
Boomalope
Muffalo
Bison
Dromedary
Goat
Elk
Yak
Caribou
Horse
Donkey
Elephant
Rhinoceros
Hare
Snowhare
Megascarab
Spelopede
Megaspider
Thrumbo
Cobra
Tortoise
Alphabeaver
Pig
WildBoar
Ibex
Deer
Gazelle
Chinchilla
Sheep
Alpaca
Megasloth
Capybara
Squirrel
Rat
Boomrat
Raccoon
Iguana
Warg
Wolf_Timber
Wolf_Arctic
Fox_Fennec
Fox_Red
Fox_Arctic
Dryad_Basic
Dryad_Woodmaker
Dryad_Berrymaker
Dryad_Medicinemaker
Dryad_Gaumaker
Dryad_Carrier
Dryad_Clawer
Dryad_Barkskin
WasteRat
Toxalope
Metalhorror
Trispike
BogHound
MonitorLizard
PrairieDog
Porcupine
Mastodon
Cat_Scimitar
Wolverine
Wolf_Great
Moose
AlphaThrumbo
Muskox
Tiger
Mink
Gorilla
Badger
Panda
Hippo
Megavole
Alligator
Bullfrog
ColossusToad
LavaSnail
Sparrow
Crow
Bluebird
Quail
Macaw
Flamingo
Heron
Swan
Peacock
Vulture
Walrus
SeaLion
Seal
HermitCrab
StoneCrab
SeaTurtle
Otter
Larva
HiveQueen
Locust
FancyRat
PoisonDeer
PoisonRat
MutantCow
PoisonButterfly
AM_Dryad_Ocular
AM_Dryad_Spitter
AM_Dryad_Corruptor
AM_Dryad_Unstable
AM_Dryad_Tumorous
AM_UnshackledDryad
AlligatorMan
Armadillo
Bardelot
BlackBear
BlackBearMan
Giantala
Worm
Gigantelope
Jerbal
Mandrill
MandrillMan
Megasquid
Neanderthal
Penguin
Rabbuck
Toraton
Yippa
Zarander
Zebra
BI_Queen
JOE_Landopus
JOE_Cephalope
JOE_Nautilant
DA_Barog
DA_BeardedTroll
DA_BlackScribe
DA_Crestel
DA_DwarvenMuffton
DA_Snaptoad
DA_Goldilox
DA_IroncasketBeetle
DA_Karabal
DA_LeviathanCrab
DA_NorthernDrog
DA_ForestOwlcat
DA_ArcticOwlcat
DA_Phrak
DA_Pilgrim
DA_RedhornedLarpah
DA_ImperialRedhound
DA_RockTroll
DA_SilverMole
DA_Taraal
DA_SnowTaraal
ERN_Amaro
ERN_BigCarbuncle
ERN_Carbuncle
ERN_Chocobo
GRimCobra
GRimTortoise
GRimMonitorLizard
GRimBullfrog
GRimLavaSnail
GRimPinkbird
GRimQuail
GRimStoneCrab
ThrumbaToad
Visceral
Bulwark
Terrorworm
BroodLord
Harvester
Prowler
JRWAbrictosaurus
JRWAcrocanthosaurus
JRWAdalia
JRWAgilisaurus
JRWAlbertosaurus
JRWAllosaurus
JRWAnkylosaurus
JRWAntarctopelta
JRWApatosaurus
JRWArchaeopteryx
JRWArgentinosaurus
JRWArthropleura
JRWBagaceratops
JRWBaryonyx
JRWBaseopsis
JRWBecklespinax
JRWBeelzebufo
JRWBernicia
JRWBrachiosaurus
JRWBrachytrachelopan
JRWCaihong
JRWCamarasaurus
JRWCamptosaurus
JRWCarcharodontosaurus
JRWCarnotaurus
JRWCeratosaurus
JRWCoahuilaceratops
JRWCoelophysis
JRWCompsognathus
JRWCorythosaurus
JRWCryolophosaurus
JRWCyclosphaeroma
JRWDeinonychus
JRWDeinosuchus
JRWDesmatosuchus
JRWDilophosaurus
JRWDimetrodon
JRWDinilysia
JRWDiplocaulus
JRWDracorex
JRWDrinker
JRWDromaeosaurus
JRWDryosaurus
JRWEdaphosaurus
JRWEdmontosaurus
JRWEnigmosaurus
JRWEstemmenosuchus
JRWEuoplocephalus
JRWEuphoberia
JRWGallimimus
JRWGasosaurus
JRWGeosternbergia
JRWGeralinura
JRWGiganotosaurus
JRWGigantophis
JRWGorgonops
JRWHalszkaraptor
JRWHolcorobeus
JRWHomalocephale
JRWHylonomus
JRWHynerpeton
JRWHypsilophodon
JRWIndominus
JRWIndoraptor
JRWIschigualastia
JRWKaprosuchus
JRWKentrosaurus
JRWKileskus
JRWKosmoceratops
JRWLycaenops
JRWMacrelcana
JRWManipulator
JRWMeganeura
JRWMetriacanthosaurus
JRWMicroceratus
JRWMochlodon
JRWNanuqsaurus
JRWNasutoceratops
JRWNyctosaurus
JRWOphiacodon
JRWOrnithosuchus
JRWOuranosaurus
JRWOviraptor
JRWPachycephalosaurus
JRWPachyrhinosaurus
JRWParasaurolophus
JRWParksosaurus
JRWPlatyhystrix
JRWPrestosuchus
JRWProtoceratops
JRWProtosolpuga
JRWProtovermes
JRWPsittacosaurus
JRWPteranodon
JRWPulmonoscorpius
JRWQantassaurus
JRWQuetzalcoatlus
JRWRajasaurus
JRWRhabdodon
JRWRhamphorhynchus
JRWSaltasaurus
JRWSarcosuchus
JRWScutosaurus
JRWSegnosaurus
JRWSpinosaurus
JRWStaurikosaurus
JRWStegosaurus
JRWStygimoloch
JRWStyracosaurus
JRWSuchomimus
JRWSupersaurus
JRWTanystropheus
JRWTenontosaurus
JRWTermitotron
JRWTherizinosaurus
JRWTitanoboa
JRWTorosaurus
JRWTriceratops
JRWTroodon
JRWTupandactylus
JRWTyrannosaurus
JRWUdanoceratops
JRWValdosaurus
JRWVelociraptor
JRWWonambi
JRWYangchuanosaurus
JRWYi
JRWYurlunggur
JRWYutyrannus
JRWZalmoxes
JRWZephyrosaurus
TYR_HotfootRat
TYR_KangarooRat
TYR_Lemming
TYR_Mouse
TYR_MousePoison
Arthropleura
Doedicurus
Daeodon
Gigantopithecus
Paraceratherium
Titanis
Titanoboa
WoollyMammoth
Elasmotherium
Smilodon
Chalicotherium
Megaloceros
Procoptodon
Megalania
Gomphotaria
Diprotodon
ShortfacedBear
Dinocrocuta
Sivatherium
Andrewsarchus
Dinornis
Macrauchenia
Quinkana
Deinotherium
Aurochs
Megalochelys
Palaeeudyptes
Josephoartigasia
Gigantophis
Meganeura
Zygolophodon
Platybelodon
Purussaurus
Uintatherium
Pulmonoscorpius
Dinopithecus
Castoroides
Enhydriodon
MA_Aminox
MA_Capryak
MA_Deermoss
MA_Direhorse
MA_Dunbear
MA_Duskhorn
MA_Furpotamus
MA_Gnaut
MA_Harpeagle
MA_Hellboar
MA_Manehound
MA_Narkospider
MA_Plastemmoth
MA_PlastemmothAlpha
MA_Raptorkhan
MA_Scarodon
MA_Simbakub
MA_SimbakubAlpha
MA_Sivatherium
MA_Sporemole
MA_Worhin
IronScruff_Tardigrade
IronScruff_Hydrazoa
IronScruff_Flatworm
IronScruff_Jellybird
Ling_Cockroach
Scuttlebug
Dewback
Rancor
Bantha
Nexu
Acklay
Tauntaun
KraytDragon
Reek
Nerf
Gizka
Porg
Vulptex
Wampa
Akk
Aiwha
Anooba
Behemoth
Beldon
Boarwolf
Blarth
Blixus
Blurrg
Bolotaur
Bogwing
Boma
Bordok
Borcatu
Brezak
Bursa
CanCell
Cannok
ChrysalideRancor
Clodhopper
Convor
CorellianHound
Corinathoth
Dactillion
Dalgo
Devourers
Dianoga
Dragonsnake
Drexl
EnergySpider
Eopie
Falumpaset
Fambaa
Fanback
FeralGrazer
FeralNerf
FrilledGorg
FrogDog
Gelagrub
Gorg
Gornt
Grank
GraniteSlug
Grazer
GreaterKraytDragon
Gualaar
Gullipud
Gundark
Gutkurr
HarvesterBeetle
Hawkbat
Horax
Hrumph
Hssiss
Igitz
Insectomorph
IridonianReek
IthorianReek
Iriaz
Jakobeast
Jamel
Jimvu
JungleRancor
Kaadu
Katarn
KellDragon
KowakianMonkeyLizard
Kinrath
Klorslug
Krykna
Kreetle
KwazelMaw
Kwi
Kybuck
LavaFlea
Leaftail
LongtailGorg
Lothcat
LothWolf
Lylek
Maalraas
Manka
MarshHaunt
Massiff
MastiffPhalone
Mastmot
Mawvorr
Mott
Mudhorn
Mynock
Narglatch
Neebray
Nuna
Ollopom
Orray
PaintedSpat
PekoPeko
Pikobis
Pufferpig
Qormot
Raxshir
Rikknit
Roggwart
Ronto
Rycrit
Runyip
Scavrat
Scurrier
Shaak
Shiro
ShiroTrap
Shyrack
Silooth
Skalder
Sketto
Snoruuk
Squall
Stintaril
Strill
Tach
TeeMuss
TetnissCrab
Thranta
Tibidee
Tooke
Torton
Taozin
Tukata
TuskCat
Urusai
Uvak
Vapaad
Varactyl
Veermok
Voorpak
Vornskyr
Warbird
WarWyrm
Whisperbird
WompRat
Woolamander
Worrt
Wraid
Wyyyschokk
Yobshrimp
Zakkeg
Zeer
Titan
VAEWaste_Hydra
VAEWaste_Megatardi
VAEWaste_Pestigator
VAEWaste_Toxafox
VAEWaste_Toxbear
VAEWaste_Toxiguana
VAEWaste_Toxlion
VAEWaste_Toxscorpion
VAEWaste_Wasteboar
VAEWaste_Wastedeer
VAEWaste_Wasteffalo
VFEI2_Acidspitter
VFEI2_Boomtick
VFEI2_Durapod
VFEI2_Empress
VFEI2_Fuelmite
VFEI2_Gigalocust
VFEI2_Gigamite
VFEI2_Hellbeetle
VFEI2_Ironclad
VFEI2_Macrofly
VFEI2_Megapede
VFEI2_Megathrips
VFEI2_Megawasp
VFEI2_Patriarch
VFEI2_Queen
VFEI2_RoyalMegascarab
VFEI2_RoyalMegaspider
VFEI2_RoyalSpelopede
VFEI2_Silverfish
VFEI2_Swarmling
VFEI2_Tankroach
VFEI2_Teramantis
VFEI2_Titantick
VFEI2_Venomite
VQEA_Spliceling
VQEA_Splicehulk
VQEA_Splicefiend
VQEA_Splicetoot
VQE_IceCrawler
VQE_Megamidge
VRE_CompanionDryad
VFEI2_BlackEmpress
VFEI2_BlackQueen
VFEI2_BlackSwarmling
AA_AcanthamoebaGiganteaSmall
AA_AcanthamoebaGiganteaLarge
AA_AcanthamoebaGiganteaHuge
AA_Aerofleet
AA_ColossalAerofleet
AA_Agaripawn
AA_Agaripod
AA_AngelMothLarva
AA_AngelMoth
AA_AnimaColossus
AA_Animalisk
AA_AnimusVox
AA_ArcticLion
AA_LarvalAtispec
AA_Atispec
AA_AuroraSylph
AA_Barbslinger
AA_BedBug
AA_Behemoth
AA_BlackScarab
AA_BlackSpelopede
AA_BlackSpider
AA_Blizzarisk
AA_BlizzariskClutchMother
AA_BloodShrimp
AA_Bobeene
AA_BoulderMit
AA_SummitCrab
AA_Bumbledrone
AA_BumbledroneHierophant
AA_BumbledroneQueen
AA_Cactipine
AA_ChameleonYak
AA_ChemfuelMyrmidon
AA_Cinderlisk
AA_CrepuscularBeetle
AA_CrescendoAnole
AA_CrystallineCaracal
AA_CrystalMit
AA_Darkbeast
AA_DarkVandal
AA_DecayDrake
AA_DesertAve
AA_DevilSheep
AA_DrainerLarva
AA_Drainer
AA_Dunealisk
AA_DunealiskClutchMother
AA_DuskProwler
AA_DuskRat
AA_EmpressButterflyLarva
AA_EmpressButterfly
AA_EngorgedTentacularAberration
AA_Erin
AA_Eyeling
AA_Feralisk
AA_FeraliskClutchMother
AA_FireWasp
AA_FissionMouse
AA_FissionMouseSecond
AA_FissionMouseThird
AA_FlamingoPhoenix
AA_FrostAve
AA_FrostboundBehemoth
AA_Frostling
AA_FrostLynx
AA_Frostmite
AA_FungalHusk
AA_Gallatross
AA_GallatrossMoribund
AA_Genix
AA_GiantCrownedSilkie
AA_Gigantelope
AA_GreatDevourer
AA_GreenGoo
AA_GreyCoatedMouflon
AA_Groundrunner
AA_Helixien
AA_InfectedAerofleet
AA_IronhuskBeetle
AA_Junglelisk
AA_Lockjaw
AA_Locusts
AA_LuciferBug
AA_MammothWorm
AA_Mantrap
AA_MatureFleshbeast
AA_MeadowAve
AA_MegaLouse
AA_Metallovore
AA_Mime
AA_Murkling
AA_MycoidColossus
AA_Needlepost
AA_Needleroll
AA_NightMule
AA_NightAve
AA_Nightling
AA_NightRam
AA_OcularJelly
AA_OcularNightling
AA_OvergrownColossus
AA_PebbleMit
AA_PedigreedRaptor
AA_PhoenixOwlcat
AA_Plasmorph
AA_Radyak
AA_RaptorShrimp
AA_Ravager
AA_RayHound
AA_Razorjack
AA_RedGoo
AA_RedSpore
AA_RipperHound
AA_RoughPlatedMonitor
AA_RoyalAve
AA_SandLion
AA_SandProwler
AA_SandSquid
AA_ShadowCharger
AA_ShockGoat
AA_Skiphound
AA_Skyeel
AA_Slurrypede
AA_SmallButterfly
AA_SpinedGow
AA_Swarmling
AA_TarGuzzler
AA_TeratogenicOriginator
AA_Terramorph
AA_TetraSlug
AA_Thermadon
AA_Thunderbeast
AA_Thunderox
AA_UnblinkingEye
AA_Wildpawn
AA_Wildpod
AA_WindBeast
AM_Megascarab
AM_Spelopede
AM_Megaspider
BiomesIslands_Flamingo
BMT_LandOctopus
BMT_Maxolotl
GiantToad
KingToad
SW_Electricfish
SW_Electricgryllotalpa
SW_Electrictick
SW_Emperorisopod
SW_Grenadierworm
SW_Juggernautbeetles
DZY_RNGChicken
RG_Hemolope
RG_Rabbit
RG_WoollyStegosaurus
RG_Neutrolope
RG_KiwiBird
AG_OcularSlinger
BMT_AaroxisDendoriaLarvae
BMT_AaroxisDendoriaPupa
BMT_AaroxisDendoria
BMT_AcidSlug
BMT_Basilisk
BMT_Batbird
BMT_BeardedYak
BMT_BloodropLarvae
BMT_BloodropPupa
BMT_BloodropMoth
BMT_BovineBeetleLarvae
BMT_BovineBeetlePupa
BMT_BovineBeetle
BMT_BrownBat
BMT_CactusCrab
BMT_CaveCricket
BMT_CaveLemming
BMT_CaveSpider
BMT_ChemSnail
BMT_CrestedDragon
BMT_CrystalBeetleLarvae
BMT_CrystalBeetlePupa
BMT_CrystalBeetle
BMT_CrystalCrab
BMT_CrystalFairyMole
BMT_CrystalMantis
BMT_Crystalope
BMT_DarkAxolotl
BMT_Diggerpede
BMT_FacetMothLarvae
BMT_FacetMothPupa
BMT_FacetMoth
BMT_FireSalamander
BMT_FleeceSpider
BMT_FoundryBeetleLarvae
BMT_FoundryBeetlePupa
BMT_FoundryBeetle
BMT_FreezerFrog
BMT_FrostweaverSpider
BMT_FungalFerret
BMT_FungalMantis
BMT_FungalWeevil
BMT_Gembug
BMT_GiantSlug
BMT_GiantSnail
BMT_GlarralPenguin
BMT_GlowBat
BMT_GlowSlug
BMT_GoetoTadpole
BMT_GoetoToad
BMT_HoarfrostMastodon
BMT_HungeringHydra
BMT_ImperialToad
BMT_Jellypot
BMT_JewelBeetleLarvae
BMT_JewelBeetlePupa
BMT_JewelBeetle
BMT_MaceDrake
BMT_Maguana
BMT_Megabat
BMT_Megapleura
BMT_MetalloSnail
BMT_Mole
BMT_Molebear
BMT_MossBeetleLarvae
BMT_MossBeetlePupa
BMT_MossBeetle
BMT_MossyFennec
BMT_Pillbug
BMT_PodWorm
BMT_Rimebeak
BMT_RoyalRhinoLarvae
BMT_RoyalRhinoPupa
BMT_RoyalRhino
BMT_SandLeaper
BMT_SandPillar
BMT_ShatterjawBeetleLarvae
BMT_ShatterjawBeetle
BMT_ShimmershellSnail
BMT_SilverSheep
BMT_SmolderstingScorpion
BMT_Snowstalker
BMT_SonarRabbit
BMT_Stoneback
BMT_Thrumbungus
BMT_TruffleMole
BMT_Woollybat
BMT_Xyrion
BMT_Yooka
BMT_BarbedPangolin
BMT_BiliousVarog
BMT_BloodletterPetrel
BMT_BunkerBug
BMT_CarrionVulture
BMT_FamineLocust
BMT_FenridStoat
BMT_Polluwog
BMT_GastroToad
BMT_Glowtail
BMT_Maligoat
BMT_Creature_Mantrap
BMT_Megakrill
BMT_MegaphoridLarva
BMT_Megaphorid
BMT_Megaroach
BMT_MucklurkerCatfish
BMT_MutagenicNorphea
BMT_MutatingTumorfishSpawn
BMT_MutatingTumorfishFry
BMT_MutatingTumorfishAdult
BMT_PustuleHornet
BMT_PustuleHornetSpawned
BMT_ColonyPustuleHornet
BMT_PustuleHornetQueen
BMT_ColonyPustuleHornetQueen
BMT_Sacapillar
BMT_Screecher
BMT_SludgeCrawler
BMT_SmogMothLarvae
BMT_SmogPupa
BMT_SmogMoth
BMT_Swarmcaller
BMT_TaintedTurtle
BMT_ToxSheep
BMT_TripleSnapper
BMT_Varmot
BMT_WasteHound
GR_Elasmobearium
GR_Boomnotherium
GR_Chickenlodon
GR_Mantistanis
GR_Paraceramuffalo
GR_Lizardochs
GR_Doedicoon
GR_Thrumdraeodon
GR_WoolyWolf
GR_BearBug
GR_Boomalisk
GR_Needlechicken
GR_Beetlefleet
GR_Groundffalo
GR_MeadowLizard
GR_AnimusHare
GR_Nighthrumbo
GR_WolfShrimp
GR_ArchotechCentipede
GR_Chickenbear
GR_Chickenlope
GR_Chickenffalo
GR_Chickenwolf
GR_Chickenrabbit
GR_Chickencat
GR_Turkeyman
GR_Boomabear
GR_Boomachicken
GR_Boomffalo
GR_Boomwolf
GR_Boomsquirrel
GR_Boomcat
GR_Booman
GR_Wolfbear
GR_Wolfalope
GR_Wolfchicken
GR_Wolffalo
GR_Wolfbeaver
GR_Wolfcat
GR_Dogman
GR_Thrumbear
GR_Thrumbalope
GR_Thrumbochicken
GR_Thrumffalo
GR_Thrumwolf
GR_Thrumbocat
GR_Thrumbospider
GR_Thrumbolizard
GR_Thrumborat
GR_Thrumhorse
GR_Thrumboman
GR_Bearhorse
GR_Boomhorse
GR_Chickenhorse
GR_Cathorse
GR_Molehorse
GR_Wolfhorse
GR_Muffalohorse
GR_Crocorse
GR_Spiderhorse
GR_Hurseman
GR_Fleshling
GR_AberrantFleshbeast
GR_FleshMonstrosity
GR_FleshGrowth
GR_FleshFlies
GR_Catbear
GR_Catalope
GR_Catchicken
GR_Catffalo
GR_Catrabbit
GR_Catwolf
GR_Catman
GR_Manbear
GR_Manalope
GR_Manchicken
GR_Manffalo
GR_Manwolf
GR_Mancat
GR_Mansquirrel
GR_Bearscarab
GR_Boombeetle
GR_Chickenspider
GR_Muffalopede
GR_Wolfscarab
GR_Spidercat
GR_Manscarab
GR_Mechabear
GR_Mechalope
GR_Mechachicken
GR_Mechaspider
GR_Mechamuffalo
GR_Mecharat
GR_Mechaturtle
GR_Mechawolf
GR_Mechathrumbo
GR_Mechacat
GR_Mechahorse
GR_Mechamime
GR_Muffalobear
GR_Muffalope
GR_Muffalochicken
GR_Muffalowolf
GR_Muffalocat
GR_Muffalorat
GR_Muffaloman
GR_ParagonBear
GR_ParagonBoomalope
GR_ParagonChicken
GR_ParagonMuffalo
GR_ParagonWolf
GR_ParagonRat
GR_ParagonIguana
GR_ParagonHorse
GR_ParagonThrumbo
GR_ParagonHumanoid
GR_ParagonFeline
GR_ParagonInsectoid
GR_Bearodile
GR_Boomsnake
GR_Chickenlizard
GR_Muffalokomodo
GR_Spidersnake
GR_Wolfsnake
GR_Snakecat
GR_Lizardman
GR_Molebear
GR_Squirralope
GR_Rabbitchicken
GR_Ratffalo
GR_Beaverwolf
GR_Rabbitcat
GR_Moleman
GR_Bearalope
GR_Bearchicken
GR_Bearffalo
GR_Bearwolf
GR_Bearmole
GR_Bearcat
GR_Bearman
SWPotF_ysalamir
[Simple FX: Splashes] The following terrains have been defined as being hard:
 - rough-hewn basalt
 - rough basalt
 - rough-hewn solid snow
 - rough solid snow
 - rough-hewn ancient metal
 - rough-hewn hardened slime
 - rough hardened slime
 - rough-hewn mudstone
 - rough mudstone
 - rough-hewn onyxglass
 - rough onyxglass
 - rough-hewn cragstone
 - rough cragstone
 - rough-hewn rose quartz
 - rough rose quartz
 - rough-hewn vacstone
 - rough vacstone
 - rough-hewn marble
 - rough marble
 - rough-hewn slate
 - rough slate
 - rough-hewn limestone
 - rough limestone
 - rough-hewn granite
 - rough granite
 - rough-hewn sandstone
 - rough sandstone
 - concrete chinampa
 - fine gold tile
 - fine silver tile
 - fine steel tile
 - fine pristine limestone tile
 - ocular obsidian floor
 - ocular cragstone floor
 - ocular mudstone floor
 - ocular red quartz floor
 - fine onyxglass tile
 - fine cragstone tile
 - fine mudstone tile
 - fine rose quartz tile
 - duracrete tile
 - divoted tile (rust)
 - divoted tile (off-white)
 - divoted tile (iron)
 - divoted tile (slate)
 - crossed grate (steel grey)
 - crossed grate (worn yellow)
 - crossed grate (iron)
 - outland office tile
 - rectangular tile (vertical)
 - rectangular tile (horizontal)
 - metal plating (iron)
 - metal plating (slate)
 - starcruiser cabin tile (black, vertical)
 - starcruiser cabin tile (black, horizontal)
 - starcruiser cabin tile (blue, vertical)
 - starcruiser cabin tile (blue, horizontal)
 - dark metal tile (vertical)
 - dark metal tile (horizontal)
 - pure beskar vented floor
 - beskar vented floor
 - durasteel vented floor
 - gold vented floor
 - silver vented floor
 - steel vented floor
 - pure beskar paneled floor (v)
 - beskar paneled floor (v)
 - durasteel paneled floor (v)
 - gold paneled floor (v)
 - silver paneled floor (v)
 - steel paneled floor (v)
 - pure beskar paneled floor (h)
 - beskar paneled floor (h)
 - durasteel paneled floor (h)
 - gold paneled floor (h)
 - silver paneled floor (h)
 - steel paneled floor (h)
 - plastcrete hex brick road
 - permacrete hex brick road
 - duracrete hex brick road
 - marble hex brick road
 - slate hex brick road
 - limestone hex brick road
 - granite hex brick road
 - sandstone hex brick road
 - plastcrete patterned brick road
 - permacrete patterned brick road
 - duracrete patterned brick road
 - marble patterned brick road
 - slate patterned brick road
 - limestone patterned brick road
 - granite patterned brick road
 - sandstone patterned brick road
 - pure beskar bolted floor
 - beskar bolted floor
 - durasteel bolted floor
 - gold bolted floor
 - silver bolted floor
 - steel bolted floor
 - rusted mech laboratory tile
 - mech laboratory tile
 - white laboratory tile
 - laboratory tile
 - rusted laboratory tile
 - cracked concrete
 - shintao fine marble tile
 - shintao fine slate tile
 - shintao fine limestone tile
 - shintao fine granite tile
 - shintao fine sandstone tile
 - corporate fine marble tile
 - corporate fine slate tile
 - corporate fine limestone tile
 - corporate fine granite tile
 - corporate fine sandstone tile
 - crystal floor
 - heavy mushroom bridge
 - coral floor
 - scorched old carpet
 - rusted biotech lab tile
 - cracked concrete
 - burned bioferrite plate
 - gray surface
 - gravitonium tile
 - concrete flagstone
 - fine concrete tile
 - concrete tile
 - concrete path
 - reinforced concrete bridge
 - concrete cobblestone floor
 - concrete slabs
 - concrete polished stone floor
 - concrete bridge
 - glacial ice
 - Striped ceramic tiles
 - ceramic tile（black）
 - ceramic tile
 - ancient carpet
 - ancient frozen hull tile
 - ancient hull tile
 - factory floor
 - concrete foundation
 - marble bridge
 - slate bridge
 - limestone bridge
 - granite bridge
 - sandstone bridge
 - broken asphalt
 - marble slabs
 - slate slabs
 - limestone slabs
 - granite slabs
 - sandstone slabs
 - marble polished stone floor
 - slate polished stone floor
 - limestone polished stone floor
 - granite polished stone floor
 - sandstone polished stone floor
 - marble cobblestone floor
 - slate cobblestone floor
 - limestone cobblestone floor
 - granite cobblestone floor
 - sandstone cobblestone floor
 - asphalt
 - Scaffold Tile
 - Scaffold floor
 - Warning floor
 - transparent heavy bridge
 - transparent substructure
 - fine sky tile
 - sky tile
 - fine transparent tile
 - sterile tile
 - bone china tile
 - ashen bone china floor
 - bone china floor
 - sapphire tile
 - ruby tile
 - diamond tile
 - broken gravship substructure
 - marble mosaic tile
 - slate mosaic tile
 - limestone mosaic tile
 - granite mosaic tile
 - sandstone mosaic tile
 - mosaic tile
 - Space-age marble tile
 - Space-age slate tile
 - Space-age limestone tile
 - Space-age granite tile
 - Space-age sandstone tile
 - ocular marble floor
 - ocular slate floor
 - ocular limestone floor
 - ocular granite floor
 - ocular sandstone floor
 - restored tile
 - restored rusted tile
 - neolithic marble packed dirt floor
 - neolithic slate packed dirt floor
 - neolithic limestone packed dirt floor
 - neolithic granite packed dirt floor
 - neolithic sandstone packed dirt floor
 - steampunk marble tile
 - steampunk slate tile
 - steampunk limestone tile
 - steampunk granite tile
 - steampunk sandstone tile
 - pristine limestone flagstone
 - pristine limestone tile
 - futuristic kemetic tile
 - kemetic fine pristine limestone tile
 - kemetic fine marble tile
 - kemetic fine slate tile
 - kemetic fine limestone tile
 - kemetic fine granite tile
 - kemetic fine sandstone tile
 - kemetic pristine limestone tile
 - kemetic marble tile
 - kemetic slate tile
 - kemetic limestone tile
 - kemetic granite tile
 - kemetic sandstone tile
 - jewish fine marble tile
 - jewish fine slate tile
 - jewish fine limestone tile
 - jewish fine granite tile
 - jewish fine sandstone tile
 - jewish marble tile
 - jewish slate tile
 - jewish limestone tile
 - jewish granite tile
 - jewish sandstone tile
 - horaxian tile
 - flesh tile
 - cubic tile
 - steampunk obsidian tile
 - steampunk cragstone tile
 - steampunk mudstone tile
 - steampunk rose quartz tile
 - kemetic fine obsidian tile
 - kemetic fine cragstone tile
 - kemetic fine mudstone tile
 - kemetic fine rose quartz tile
 - kemetic obsidian tile
 - kemetic cragstone tile
 - kemetic mudstone tile
 - kemetic rose quartz tile
 - jewish fine obsidian tile
 - jewish fine cragstone tile
 - jewish fine mudstone tile
 - jewish fine rose quartz tile
 - jewish obsidian tile
 - jewish cragstone tile
 - jewish mudstone tile
 - jewish rose quartz tile
 - compacted sand
 - onyxglass flagstone
 - cragstone flagstone
 - mudstone flagstone
 - rose quartz flagstone
 - onyxglass tile
 - cragstone tile
 - mudstone tile
 - rose quartz tile
 - SpaceBase Metal Flooring Vertical
 - SpaceBase Metal Flooring Transverse
 - SpaceBase Metal Flooring
 - ancient heavy bridge
 - heavy bridge
 - gravship substructure
 - vacstone flagstone
 - vacstone tile
 - bioferrite plate
 - hex tile
 - totemic vacstone tile
 - totemic marble tile
 - totemic slate tile
 - totemic limestone tile
 - totemic granite tile
 - totemic sandstone tile
 - spikecore plates
 - vacstone spikecore tile
 - marble spikecore tile
 - slate spikecore tile
 - limestone spikecore tile
 - granite spikecore tile
 - sandstone spikecore tile
 - morbid vacstone tile
 - morbid marble tile
 - morbid slate tile
 - morbid limestone tile
 - morbid granite tile
 - morbid sandstone tile
 - fine vacstone tile
 - fine marble tile
 - fine slate tile
 - fine limestone tile
 - fine granite tile
 - fine sandstone tile
 - broken asphalt
 - marble flagstone
 - slate flagstone
 - limestone flagstone
 - granite flagstone
 - sandstone flagstone
 - marble tile
 - slate tile
 - limestone tile
 - granite tile
 - sandstone tile
 - sterile tile
 - gold tile
 - silver tile
 - steel tile
 - paved tile
 - concrete
[RimAI Core] StatPart_RimAIServer attached to: ConstructionSpeed, GeneralLaborSpeed, MedicalOperationSpeed, MedicalTendSpeed, MiningSpeed, PlantWorkSpeed, ResearchSpeed, WorkSpeedGlobal
[Spaceports] Okay, showtime!
[Spaceports] Hospitality not found, patches bypassed.
[Spaceports] Trader Ships FOUND, attempting to patch...
[Spaceports] Attempting to postfix TraderShips.IncidentWorkerTraderShip.FindCloseLandingSpot...
[ShowMeYourHands]: RIMMSqol loaded, will remove their destructive Prefixes for the rotation-methods
[Toddlers] Added lifestage HumanlikeToddler to 0 races
[Toddlers] Created new toddler lifestage for 0 races
[Toddlers] Skipped 24 races: 
human (Human) : found pre-generated life stage HumanlikeToddler
human (CreepJoiner) : found pre-generated life stage HumanlikeToddler
Assault Droid Mark I (guy762_DroidRace_ADMkI) : could not identify baby and child life stages
Star Forge Assault Droid (guy762_DroidRace_ADMkI_sf) : could not identify baby and child life stages
Assault Droid Mark IV (guy762_DroidRace_ADMkIV) : could not identify baby and child life stages
Assault Droid Mk.IV Type B (guy762_DroidRace_ADMkIV_sith) : could not identify baby and child life stages
Devastator-class war droid (guy762_DroidRace_DevWD) : could not identify baby and child life stages
Devastator-class Type II assassin droid (guy762_DroidRace_DevAD) : could not identify baby and child life stages
GE3-series protocol droid (guy762_DroidRace_GE3PD) : could not identify baby and child life stages
GE3-series labor droid (guy762_DroidRace_GE3LD) : could not identify baby and child life stages
G0-T0 superintelligence droid (guy762_DroidRace_GOTO) : could not identify baby and child life stages
HK-series protocol droid (guy762_DroidRace_HKseries) : could not identify baby and child life stages
HK-50 series protocol droid (guy762_DroidRace_HK50series) : could not identify baby and child life stages
HK-51 series assassin droid (guy762_DroidRace_HK51series) : could not identify baby and child life stages
KM1-series Mining Droid (guy762_DroidRace_KM1MD) : could not identify baby and child life stages
KM1-B Excavation Droid (guy762_DroidRace_KM1HMD) : could not identify baby and child life stages
K-X12 utility probe droid (guy762_DroidRace_KX12UPD) : could not identify baby and child life stages
K-X12 assassin probe droid (guy762_DroidRace_KX12APD) : could not identify baby and child life stages
Municipal Patrol Droid Mark I (guy762_DroidRace_MPDMkI) : could not identify baby and child life stages
R-8009 series utility droid (guy762_DroidRace_R8009UD) : could not identify baby and child life stages
Sentinel-class war droid (guy762_DroidRace_SentWD) : could not identify baby and child life stages
T3-series utility droid (guy762_DroidRace_T3series) : could not identify baby and child life stages
3C-series utility droid (guy762_DroidRace_3Cseries) : could not identify baby and child life stages
IT-series utility droid (guy762_DroidRace_ITseries) : could not identify baby and child life stages
Applying MultiAnalyzer to WallMountedMultiAnalyzer patch.
Patched AdvancedFabrication: Replaced MultiAnalyzer with WallMountedMultiAnalyzer.
Patched Cryptosleep: Replaced MultiAnalyzer with WallMountedMultiAnalyzer.
Patched ReconArmor: Replaced MultiAnalyzer with WallMountedMultiAnalyzer.
Patched PoweredArmor: Replaced MultiAnalyzer with WallMountedMultiAnalyzer.
Patched ChargedShot: Replaced MultiAnalyzer with WallMountedMultiAnalyzer.
Patched Bionics: Replaced MultiAnalyzer with WallMountedMultiAnalyzer.
Patched ShipBasics: Replaced MultiAnalyzer with WallMountedMultiAnalyzer.
Patched ShipCryptosleep: Replaced MultiAnalyzer with WallMountedMultiAnalyzer.
Patched ShipReactor: Replaced MultiAnalyzer with WallMountedMultiAnalyzer.
Patched ShipEngine: Replaced MultiAnalyzer with WallMountedMultiAnalyzer.
Patched ShipComputerCore: Replaced MultiAnalyzer with WallMountedMultiAnalyzer.
Patched ShipSensorCluster: Replaced MultiAnalyzer with WallMountedMultiAnalyzer.
Patched CataphractArmor: Replaced MultiAnalyzer with WallMountedMultiAnalyzer.
Patched ArtificialMetabolism: Replaced MultiAnalyzer with WallMountedMultiAnalyzer.
Patched NeuralComputation: Replaced MultiAnalyzer with WallMountedMultiAnalyzer.
Patched SkinHardening: Replaced MultiAnalyzer with WallMountedMultiAnalyzer.
Patched HealingFactors: Replaced MultiAnalyzer with WallMountedMultiAnalyzer.
Patched FleshShaping: Replaced MultiAnalyzer with WallMountedMultiAnalyzer.
Patched MolecularAnalysis: Replaced MultiAnalyzer with WallMountedMultiAnalyzer.
Patched CircadianInfluence: Replaced MultiAnalyzer with WallMountedMultiAnalyzer.
Patched Biosculpting: Replaced MultiAnalyzer with WallMountedMultiAnalyzer.
Patched Bioregeneration: Replaced MultiAnalyzer with WallMountedMultiAnalyzer.
Patched HighMechtech: Replaced MultiAnalyzer with WallMountedMultiAnalyzer.
Patched UltraMechtech: Replaced MultiAnalyzer with WallMountedMultiAnalyzer.
Patched WastepackAtomizer: Replaced MultiAnalyzer with WallMountedMultiAnalyzer.
Patched Archogenetics: Replaced MultiAnalyzer with WallMountedMultiAnalyzer.
Patched ToxFiltration: Replaced MultiAnalyzer with WallMountedMultiAnalyzer.
Patched AdvancedGravtech: Replaced MultiAnalyzer with WallMountedMultiAnalyzer.
Patched BeamWeapons: Replaced MultiAnalyzer with WallMountedMultiAnalyzer.
Patched BS_AndroidConversion: Replaced MultiAnalyzer with WallMountedMultiAnalyzer.
Patched Asimov_WirelessCharging: Replaced MultiAnalyzer with WallMountedMultiAnalyzer.
Patched CGT_HalothaneGasProduction: Replaced MultiAnalyzer with WallMountedMultiAnalyzer.
Patched CGT_VXGasProduction: Replaced MultiAnalyzer with WallMountedMultiAnalyzer.
Patched IW_IonChargeWeaponry: Replaced MultiAnalyzer with WallMountedMultiAnalyzer.
Patched ResearchDrillTurretEfficientDrilling: Replaced MultiAnalyzer with WallMountedMultiAnalyzer.
Patched ResearchMobileMineralSonarEnhancedScan: Replaced MultiAnalyzer with WallMountedMultiAnalyzer.
Patched BoneRefineII: Replaced MultiAnalyzer with WallMountedMultiAnalyzer.
Patched ScuttlebugsBiology: Replaced MultiAnalyzer with WallMountedMultiAnalyzer.
Patched VFE_Res_AdvancedHydroponics: Replaced MultiAnalyzer with WallMountedMultiAnalyzer.
Patched VFE_AdvancedBatteries: Replaced MultiAnalyzer with WallMountedMultiAnalyzer.
Patched VFE_AdvancedPowerSources: Replaced MultiAnalyzer with WallMountedMultiAnalyzer.
Patched VFE_NuclearPower: Replaced MultiAnalyzer with WallMountedMultiAnalyzer.
Patched VFES_Railgun: Replaced MultiAnalyzer with WallMountedMultiAnalyzer.
Patched VFES_EMPCannon: Replaced MultiAnalyzer with WallMountedMultiAnalyzer.
Patched VFES_RepulsorTechnology: Replaced MultiAnalyzer with WallMountedMultiAnalyzer.
Patched SpacerFurniture: Replaced MultiAnalyzer with WallMountedMultiAnalyzer.
Patched SpacerElectronics: Replaced MultiAnalyzer with WallMountedMultiAnalyzer.
Patched VWE_LaserTargetingSystems: Replaced MultiAnalyzer with WallMountedMultiAnalyzer.
Patched MechUtility: Replaced MultiAnalyzer with WallMountedMultiAnalyzer.
Patched RimAI_AI_Level2: Replaced MultiAnalyzer with WallMountedMultiAnalyzer.
Patched RimAI_AI_Level3: Replaced MultiAnalyzer with WallMountedMultiAnalyzer.
Patched VWE_LaserWeapons: Replaced MultiAnalyzer with WallMountedMultiAnalyzer.
Patched MatterToEnergyConversion: Replaced MultiAnalyzer with WallMountedMultiAnalyzer.
Patched ABF_ResearchProject_Synstruct_Optimization: Replaced MultiAnalyzer with WallMountedMultiAnalyzer.
Patched ABF_ResearchProject_Synstruct_CoreAssistants: Replaced MultiAnalyzer with WallMountedMultiAnalyzer.
Patched BS_ArchiteGeneScience: Replaced MultiAnalyzer with WallMountedMultiAnalyzer.
Patched ShieldGen_BasicShieldTech: Replaced MultiAnalyzer with WallMountedMultiAnalyzer.
Patched ShieldGen_AdvancedShieldTech: Replaced MultiAnalyzer with WallMountedMultiAnalyzer.
Patched ShieldGen_PortableShieldTech: Replaced MultiAnalyzer with WallMountedMultiAnalyzer.
Patched guy762_ResearchKotOR_droidassault: Replaced MultiAnalyzer with WallMountedMultiAnalyzer.
Patched guy762_ResearchKotOR_droidassassin: Replaced MultiAnalyzer with WallMountedMultiAnalyzer.
Patched guy762_ResearchKotOR_droidintel: Replaced MultiAnalyzer with WallMountedMultiAnalyzer.
Patched guy762_ResearchKotOR_droidsith: Replaced MultiAnalyzer with WallMountedMultiAnalyzer.
Patched guy762_ResearchKotOR_hk: Replaced MultiAnalyzer with WallMountedMultiAnalyzer.
Patched guy762_ResearchKotOR_droidtech: Replaced MultiAnalyzer with WallMountedMultiAnalyzer.
Patched guy762_ResearchKotOR_hvyshields: Replaced MultiAnalyzer with WallMountedMultiAnalyzer.
Patched guy762_ResearchKotOR_iondamp: Replaced MultiAnalyzer with WallMountedMultiAnalyzer.
Patched guy762_ResearchKotOR_deflectors: Replaced MultiAnalyzer with WallMountedMultiAnalyzer.
Patched MM_Research_Repulsor: Replaced MultiAnalyzer with WallMountedMultiAnalyzer.
Patched MM_Research_AncientShipDesigns: Replaced MultiAnalyzer with WallMountedMultiAnalyzer.
Patched MM_Research_CWShipDesigns: Replaced MultiAnalyzer with WallMountedMultiAnalyzer.
Patched MM_Research_EmpireShipDesigns: Replaced MultiAnalyzer with WallMountedMultiAnalyzer.
Patched KOTOR_Research_plasma: Replaced MultiAnalyzer with WallMountedMultiAnalyzer.
Patched KOTOR_Research_Baradium: Replaced MultiAnalyzer with WallMountedMultiAnalyzer.
Patched KOTOR_Research_Durasteel: Replaced MultiAnalyzer with WallMountedMultiAnalyzer.
Patched KOTOR_Research_UltraComponent: Replaced MultiAnalyzer with WallMountedMultiAnalyzer.
Patched KOTOR_Research_cloaking: Replaced MultiAnalyzer with WallMountedMultiAnalyzer.
Patched KOTOR_Research_Implants: Replaced MultiAnalyzer with WallMountedMultiAnalyzer.
Patched KOTOR_Research_AdvImplants: Replaced MultiAnalyzer with WallMountedMultiAnalyzer.
Patched KOTOR_Research_Lobot: Replaced MultiAnalyzer with WallMountedMultiAnalyzer.
Patched guy762_ResearchKotOR_saberparts: Replaced MultiAnalyzer with WallMountedMultiAnalyzer.
Patched guy762_ResearchKotOR_mando: Replaced MultiAnalyzer with WallMountedMultiAnalyzer.
Patched guy762_ResearchKotOR_wookiee: Replaced MultiAnalyzer with WallMountedMultiAnalyzer.
Patched guy762_ResearchKotOR_uncraftable: Replaced MultiAnalyzer with WallMountedMultiAnalyzer.
Patched guy762_ResearchKotOR_teethree: Replaced MultiAnalyzer with WallMountedMultiAnalyzer.
Patched guy762_ResearchKotOR_hkequipment: Replaced MultiAnalyzer with WallMountedMultiAnalyzer.
Patched guy762_ResearchKotOR_revan: Replaced MultiAnalyzer with WallMountedMultiAnalyzer.
Patched guy762_ResearchKotOR_malak: Replaced MultiAnalyzer with WallMountedMultiAnalyzer.
Patched guy762_ResearchKotOR_sion: Replaced MultiAnalyzer with WallMountedMultiAnalyzer.
Patched guy762_ResearchKotOR_nihilus: Replaced MultiAnalyzer with WallMountedMultiAnalyzer.
Patched guy762_ResearchKotOR_visas: Replaced MultiAnalyzer with WallMountedMultiAnalyzer.
Patched guy762_ResearchKotOR_exile: Replaced MultiAnalyzer with WallMountedMultiAnalyzer.
Patched guy762_ResearchKotOR_canderous: Replaced MultiAnalyzer with WallMountedMultiAnalyzer.
Patched guy762_ResearchKotOR_carth: Replaced MultiAnalyzer with WallMountedMultiAnalyzer.
Patched guy762_ResearchKotOR_vao: Replaced MultiAnalyzer with WallMountedMultiAnalyzer.
Patched guy762_ResearchKotOR_bigZ: Replaced MultiAnalyzer with WallMountedMultiAnalyzer.
Patched guy762_ResearchKotOR_handmaiden: Replaced MultiAnalyzer with WallMountedMultiAnalyzer.
Patched guy762_ResearchKotOR_goto: Replaced MultiAnalyzer with WallMountedMultiAnalyzer.
Patched guy762_ResearchKotOR_jolee: Replaced MultiAnalyzer with WallMountedMultiAnalyzer.
Patched guy762_ResearchKotOR_bastila: Replaced MultiAnalyzer with WallMountedMultiAnalyzer.
Patched guy762_ResearchKotOR_juhani: Replaced MultiAnalyzer with WallMountedMultiAnalyzer.
Patched guy762_ResearchKotOR_luxa: Replaced MultiAnalyzer with WallMountedMultiAnalyzer.
Patched guy762_ResearchKotOR_kreia: Replaced MultiAnalyzer with WallMountedMultiAnalyzer.
Patched guy762_ResearchKotOR_ion: Replaced MultiAnalyzer with WallMountedMultiAnalyzer.
Patched guy762_ResearchKotOR_disruptor: Replaced MultiAnalyzer with WallMountedMultiAnalyzer.
Patched guy762_ResearchKotOR_echanishields: Replaced MultiAnalyzer with WallMountedMultiAnalyzer.
Patched guy762_ResearchKotOR_exupgrade: Replaced MultiAnalyzer with WallMountedMultiAnalyzer.
[ShipWallEnhanced] Turret explosives enabled for ShipWallMountMiniTurret.
[ShipWallEnhanced] Patching JobDriver_ManTurret.FindAmmoForTurret for haul-source mortar ammo.
[ShipWallEnhanced] Patching JobDriver_ManTurret.FindAmmoForTurret for haul-source mortar ammo.
Error during patching RimWorld.PregnancyUtility :: Verse.AcceptanceReport CanEverProduceChild(Verse.Pawn, Verse.Pawn) with: pre  | post: Void CanEverProduceChildPostfix(Verse.Pawn, Verse.Pawn, Verse.AcceptanceReport ByRef) | trans: System.Collections.Generic.IEnumerable`1[HarmonyLib.CodeInstruction] CanEverProduceChildTranspiler(System.Collections.Generic.IEnumerable`1[HarmonyLib.CodeInstruction])
System.Exception: Wrong null argument: brtrue NULL
[Ref A3C4372C]
  at HarmonyLib.MethodCreatorTools+<>c__DisplayClass12_0.<EmitCodes>b__0 (HarmonyLib.CodeInstruction codeInstruction) [0x00155] in <024a0e6ec8c2437ead047b6279389c23>:0 
  at HarmonyLib.CollectionExtensions.Do[T] (System.Collections.Generic.IEnumerable`1[T] sequence, System.Action`1[T] action) [0x00014] in <024a0e6ec8c2437ead047b6279389c23>:0 
  at HarmonyLib.MethodCreatorTools.EmitCodes (HarmonyLib.MethodCreator _, HarmonyLib.Emitter emitter, System.Collections.Generic.List`1[T] codeInstructions) [0x0000d] in <024a0e6ec8c2437ead047b6279389c23>:0 
  at HarmonyLib.MethodCreator.CreateReplacement () [0x008ca] in <024a0e6ec8c2437ead047b6279389c23>:0 
  at HarmonyLib.PatchFunctions.UpdateWrapper (System.Reflection.MethodBase original, HarmonyLib.PatchInfo patchInfo) [0x0007c] in <024a0e6ec8c2437ead047b6279389c23>:0 
  at HarmonyLib.PatchProcessor.Patch () [0x0013c] in <024a0e6ec8c2437ead047b6279389c23>:0 
  at HarmonyLib.Harmony.Patch (System.Reflection.MethodBase original, HarmonyLib.HarmonyMethod prefix, HarmonyLib.HarmonyMethod postfix, HarmonyLib.HarmonyMethod transpiler, HarmonyLib.HarmonyMethod finalizer) [0x0002a] in <024a0e6ec8c2437ead047b6279389c23>:0 
  at AlienRace.AlienHarmony.Patch (System.Reflection.MethodBase original, HarmonyLib.HarmonyMethod prefix, HarmonyLib.HarmonyMethod postfix, HarmonyLib.HarmonyMethod transpiler, HarmonyLib.HarmonyMethod finalizer) [0x000ab] in C:\Program Files (x86)\Steam\steamapps\common\RimWorld\Mods\AlienRaces\Source\AlienRace\AlienRace\AlienHarmony.cs:42 
Alien race successfully completed 278 patches (50 pre, 81 post, 147 trans) with harmony.
[IsekaiLeveling] Stats window textures loaded.
[Isekai] Guild quest frequency set to: every 1 days
[Isekai Leveling] Mob Rank system initialized: 1127 creatures ranked, 0 skipped.
[Isekai Leveling] Forge system initialized: 1618 items enhanced, 0 skipped.
[Isekai Leveling] DBZ-style aura system initialized.
[Isekai Leveling] Simple Sidearms compatibility initialized successfully.
[Isekai Leveling] Character Editor detected - Isekai Stats window available via mod settings or dev mode
PickUpAndHaul v1.1.2¼ welcomes you to RimWorld with pointless logspam.
[WhatsMissing] Patched Dialog_BillConfig
Enabled Prison Labor v1.6.3
[PL] Quarry patched
[ChezhouLib] Asset loader platform: WindowsPlayer
The referenced script (WormController) on this Behaviour is missing!
The referenced script on this Behaviour (Game Object 'head') is missing!
[ChezhouLib][Perf] Asset AB loaded: path=C:\Program Files (x86)\Steam\steamapps\workshop\content\294100\3713982815/1.6/AssetBundles/sandworm.ab, ms=15, prefabs=2, sprites=0, managedDeltaKB=0
[ChezhouLib][Perf] Shader AB loaded: path=C:\Program Files (x86)\Steam\steamapps\workshop\content\294100\3595247479/1.6/AssetBundles/chezhouasset.ab, ms=1, shaders=10, textures=3, managedDeltaKB=12
[ChezhouLib] 已加载 0 个动画 Clip Def。
[ChezhouLib] 扫描名单登记: About=585, About登记=0, 当前候选=2
[ChezhouLib] 功能门控(Def 注册) 启用: UnityAssets, KindForceRelation, ClCustomMission；关闭: FlyRace, ClipAnimation, RenderNodeRule, KindPawnGeneration, BossHpBar, ModuleAssembly, RequiredApparelVerb, DualWeapon, HARBodyAddon, ClHairAppearance, FACompat, ApparelGraphicPathFallback
[ChezhouLib] 服饰路径模块(Def 注册) 登记模组: 0
[ChezhouLib.HAR] HairstyleRule BodyAddons initialized.
[ChezhouLib.HAR] HAR compatibility features are disabled. Skip compatibility patch registration.
[ChezhouLib.FA] FACompat 功能未声明启用，跳过兼容补丁注册。
[ChezhouLib.CE] Character Editor compatibility patches registered.
[GTG Trader Core] Backstory tagging protocol initialized.
[GTG Trader Core] Leader faction mapping synchronized.
[GTG Trader Core] Original stats manager initialized successfully.
[GTG Trader Core] Mod controller initialized successfully
[PUAH Shared Storage] Multi-stack storage cells can now be shared, up to one hauler per stack and never more than 32.
[PUAH Shared Storage] Mixed item pickup for multi-stack storage enabled.
[Prisoner Realism] Loaded (build 42). Harmony patches applied.
Fallback handler could not load library C:/Program Files (x86)/Steam/steamapps/common/RimWorld/RimWorldWin64_Data/MonoBleedingEdge/data-0000028EB3D9EF20.dll
[FACP] RBM_BovineHead: no "Things/Pawn/Humanlike/Markings/Head_NoseRing/Ring" texture to redirect.
[FACP] Startup pass: 25 patches applied, 0 switched off, 25 available.
[Rim Control] initialized.
[AbilityDropdown] Now active
[AbilityDropdown] Harmony patch complete!
[AddGeneForPK] Now active
[AddGeneForPK] Harmony patch complete!
[BodyTypeForPawnKind] Now active
[BodyTypeForPawnKind] Harmony patch complete!
[CallLaborerCustom] Now active
[CallLaborerCustom] Harmony patch complete!
[CastableInUnconscious] Now active
[CastableInUnconscious] Harmony patch complete!
[DeflectorHediff] Now active
[DeflectorHediff] Harmony patch complete!
[HediffsWhileJob] Now active
[HediffsWhileJob] Harmony patch complete!
[InstantHealingDrug] Now active
[InstantHealingDrug] Harmony patch complete!
[InstantHealingDrug] SelfHediffVerb found
[JumppackForMeleeAI]Now Active
[JumppackForMeleeAI]Harmony patch complete!
[MentalBreakBlocker] Now active
[MentalBreakBlocker] Harmony patch complete!
[SecondaryMineableYield] Now active
[SecondaryMineableYield] Harmony patch complete!
[SelfHediffVerb] Now active
[SelfHediffVerb] Harmony patch complete!
<color=#66ff7fFF>[SWCP Core/Tools] </color>Bundle Path: C:\Program Files (x86)\Steam\steamapps\workshop\content\294100\3254370945\SWCP-UnityAssets\Materials\StandaloneWindows64\SWCPshaders
Unable to open archive file: C:/Program Files (x86)/Steam/steamapps/workshop/content/294100/3254370945/SWCP-UnityAssets/Materials/StandaloneWindows64/SWCPshaders
Failed to read data for the AssetBundle 'C:\Program Files (x86)\Steam\steamapps\workshop\content\294100\3254370945\SWCP-UnityAssets\Materials\StandaloneWindows64\SWCPshaders'.
<color=#66ff7fFF>[SWCP Core/Tools] </color>Failed to load bundle at path: C:\Program Files (x86)\Steam\steamapps\workshop\content\294100\3254370945\SWCP-UnityAssets\Materials\StandaloneWindows64\SWCPshaders
<color=#66ff7fFF>[SWCP Core/Tools] </color>Bundle Path: C:\Program Files (x86)\Steam\steamapps\workshop\content\294100\3254370945\SWCP-UnityAssets\Materials\StandaloneWindows64\SWCPshaders
Unable to open archive file: C:/Program Files (x86)/Steam/steamapps/workshop/content/294100/3254370945/SWCP-UnityAssets/Materials/StandaloneWindows64/SWCPshaders
Failed to read data for the AssetBundle 'C:\Program Files (x86)\Steam\steamapps\workshop\content\294100\3254370945\SWCP-UnityAssets\Materials\StandaloneWindows64\SWCPshaders'.
<color=#66ff7fFF>[SWCP Core/Tools] </color>Failed to load bundle at path: C:\Program Files (x86)\Steam\steamapps\workshop\content\294100\3254370945\SWCP-UnityAssets\Materials\StandaloneWindows64\SWCPshaders
<color=#B266FFFF>[SWCP Core/Tools] </color>MainBundle is not initialized, cannot load shader: Assets\Shaders\ZoomShader.shader
[TitleRemovesAbility] Now active
[TitleRemovesAbility] Harmony patch complete!
[VEFHireDialogPatch] Now active
[VEFHireDialogPatch] Harmony patch complete!
[XenoTitle] Now active
[XenoTitle] Harmony patch complete!
[RimDefDump] starting, mode=all, capture=2026-08-30T21-02-58Z, out=C:/Users/Mandrake/AppData/LocalLow/Ludeon Studios/RimWorld by Ludeon Studios\DefDump\captures
[RimDefDump] animals=1260 (skipped 1264 generated corpse defs) biomes=81 biomeAnimalPairs=5725
[RimDefDump] def type name collision — AbilityDef: RimWorld.AbilityDef=612->AbilityDef.json, VEF.Abilities.AbilityDef=18->VEF.Abilities.AbilityDef.json, AbilityUser.AbilityDef=0->AbilityUser.AbilityDef.json
[RimDefDump] def type name collision — ExpansionDef: RimWorld.ExpansionDef=6->ExpansionDef.json, CaravanAdventures.Expansions.ExpansionDef=1->CaravanAdventures.Expansions.ExpansionDef.json
[RimDefDump] def type name collision — StructureLayoutDef: KCSG.StructureLayoutDef=301->StructureLayoutDef.json, Fortified.Structures.StructureLayoutDef=0->Fortified.Structures.StructureLayoutDef.json
[RimDefDump] def type name collision — SymbolDef: KCSG.SymbolDef=9099->SymbolDef.json, Fortified.Structures.SymbolDef=0->Fortified.Structures.SymbolDef.json
[RimDefDump] def type name collision — ModDef: MVCF.ModDef=6->ModDef.json, VEF.OptionalFeatures.ModDef=6->VEF.OptionalFeatures.ModDef.json
[RimDefDump] def type name collision — QuestGiverDef: RimQuest.QuestGiverDef=5->QuestGiverDef.json, VEF.Storyteller.QuestGiverDef=1->VEF.Storyteller.QuestGiverDef.json
[RimDefDump] def type name collision — StructureSetDef: VanillaQuestsExpandedAncients.StructureSetDef=14->StructureSetDef.json, VEF.Storyteller.StructureSetDef=0->VEF.Storyteller.StructureSetDef.json
[RimDefDump] def type name collision — FaceTypeDef: FacialAnimation.FaceTypeDef=159->FaceTypeDef.json, FaceAddon.FaceTypeDef=0->FaceAddon.FaceTypeDef.json
[RimDefDump] def type name collision — CustomMapDataDef: AncientMarket_Libraray.CustomMapDataDef=42->CustomMapDataDef.json, QuestEditor_Library.CustomMapDataDef=12->QuestEditor_Library.CustomMapDataDef.json
[RimDefDump] def type name collision — DialogTreeDef: AncientMarket_Libraray.DialogTreeDef=1->DialogTreeDef.json, QuestEditor_Library.DialogTreeDef=0->QuestEditor_Library.DialogTreeDef.json
[RimDefDump] def type name collision — DefExtensions: DubRoss.DefExtensions=1->DefExtensions.json, DubsBadHygiene.DefExtensions=1->DubsBadHygiene.DefExtensions.json, Rimefeller.DefExtensions=1->Rimefeller.DefExtensions.json
[RimDefDump] def type name collision — DubsModOptions: DubsBadHygiene.DubsModOptions=15->DubsModOptions.json, Rimefeller.DubsModOptions=4->Rimefeller.DubsModOptions.json
[RimDefDump] def type name collision — CharacterDef: Inhabited.CharacterDef=294->CharacterDef.json, SWCP.Core.CharacterDef=0->SWCP.Core.CharacterDef.json
[RimDefDump] wrote 536 def-type files to C:/Users/Mandrake/AppData/LocalLow/Ludeon Studios/RimWorld by Ludeon Studios\DefDump\captures\.writing\defs (13 simple-name collisions disambiguated)
[RimDefDump] capture published: C:/Users/Mandrake/AppData/LocalLow/Ludeon Studios/RimWorld by Ludeon Studios\DefDump\captures\2026-08-30T21-02-58Z
[RimDefDump] pruned old capture 2026-08-30T01-41-15Z
[RimDefDump] done in 15103 ms (animals 245 ms, all-defs 14793 ms)
[Map Preview v1.12.26.1] Detected potential conflict: The mod "Custom Quest Framework" (QF_Patch) adds a destructive patch that will likely override or break some functionality of Map Preview.
Patch method: static System.Boolean QuestEditor_Library.Patch_MapGenerate::prefix(Verse.IntVec3& mapSize, RimWorld.Planet.MapParent parent, Verse.MapGeneratorDef mapGenerator)
Target method: static Verse.Map Verse.MapGenerator::GenerateMap(Verse.IntVec3 mapSize, RimWorld.Planet.MapParent parent, Verse.MapGeneratorDef mapGenerator, System.Collections.Generic.IEnumerable`1<Verse.GenStepWithParams> extraGenStepDefs, System.Action`1<Verse.Map> extraInitBeforeContentGen, System.Boolean isPocketMap, System.Boolean stepDebugger)
[Geological Landforms v1.7.13.1] Found 6 biome variants in mod Biomes! Caverns.
[Geological Landforms v1.7.13.1] Found landform data in the following mods: Geological Landforms, Biome Transitions, Biomes! Caverns
[Geological Landforms v1.7.13.1] Loaded 49 landforms of which 0 are edited and 0 are custom.
[LunarFramework v1.1.17] Processed 20 Harmony patches in 7878 ms.
Type Patches_WorldLayer_MapMode_OnGUI_Invasions probably needs a StaticConstructorOnStartup attribute, because it has a field DraftIcon of type Texture2D. All assets must be loaded in the main thread.
Type Patches_ExpandableWorldObjectsOnGUI probably needs a StaticConstructorOnStartup attribute, because it has a field DraftIcon of type Texture2D. All assets must be loaded in the main thread.
Type Invasion probably needs a StaticConstructorOnStartup attribute, because it has a field AttackSettlementIcon of type Texture2D. All assets must be loaded in the main thread.
Type OreHighlightRenderer probably needs a StaticConstructorOnStartup attribute, because it has a field sharedStripeTexture of type Texture2D. All assets must be loaded in the main thread.
Type MarkerCache probably needs a StaticConstructorOnStartup attribute, because it has a field outlineGeneratorMaterial of type Material. All assets must be loaded in the main thread.
Type SandHammerThing probably needs a StaticConstructorOnStartup attribute, because it has a field bottomGraphic of type Graphic. All assets must be loaded in the main thread.
Type PlaySettings_ToggleIcons_Patch probably needs a StaticConstructorOnStartup attribute, because it has a field Icon of type Texture2D. All assets must be loaded in the main thread.
Type Dialog_QuestBookStepInfo probably needs a StaticConstructorOnStartup attribute, because it has a field nodeFrame of type Texture2D. All assets must be loaded in the main thread.
Type Dialog_EditQuestBookStep probably needs a StaticConstructorOnStartup attribute, because it has a field nodeFrame of type Texture2D. All assets must be loaded in the main thread.
Type QuestBookNodeCanvas probably needs a StaticConstructorOnStartup attribute, because it has a field nodeFrame of type Texture2D. All assets must be loaded in the main thread.
Type Patch_GravEngine_GetGizmos probably needs a StaticConstructorOnStartup attribute, because it has a field SaveTex of type Texture2D. All assets must be loaded in the main thread.
Type Dialog_WorkbenchImageBrowser probably needs a StaticConstructorOnStartup attribute, because it has a field checkerTexture of type Texture2D. All assets must be loaded in the main thread.
Type ScrollViewThumb probably needs a StaticConstructorOnStartup attribute, because it has a field _circleTex of type Texture2D. All assets must be loaded in the main thread.
Type TransparentObject probably needs a StaticConstructorOnStartup attribute, because it has a field copyToDepthMaterial of type Material. All assets must be loaded in the main thread.
Type FloatRangeSlider probably needs a StaticConstructorOnStartup attribute, because it has a field _circleTex of type Texture2D. All assets must be loaded in the main thread.
Type DoExtraIconsTweak probably needs a StaticConstructorOnStartup attribute, because it has a field TechprintIcon_Missing of type Texture2D. All assets must be loaded in the main thread.
Type AnimationTextureLayerRuntime probably needs a StaticConstructorOnStartup attribute, because it has a field DrawBlock of type MaterialPropertyBlock. All assets must be loaded in the main thread.
Type Apparel_HumanSkinSuit probably needs a StaticConstructorOnStartup attribute, because it has a field skinBoltGraphic of type Graphic. All assets must be loaded in the main thread.
Type TransparentObject_Atmosphere probably needs a StaticConstructorOnStartup attribute, because it has a field AtmosphereLUT of type Shader. All assets must be loaded in the main thread.
Type TransparentObject_Cloud probably needs a StaticConstructorOnStartup attribute, because it has a field SkyBoxCloud of type Shader. All assets must be loaded in the main thread.
Type TransparentObject_Ring probably needs a StaticConstructorOnStartup attribute, because it has a field BasicRing of type Shader. All assets must be loaded in the main thread.
Type VideoPlayerUtil probably needs a StaticConstructorOnStartup attribute, because it has a field go of type GameObject. All assets must be loaded in the main thread.
Type Building_DuelSpot probably needs a StaticConstructorOnStartup attribute, because it has a field invisible of type Graphic. All assets must be loaded in the main thread.
Type GrabUtility probably needs a StaticConstructorOnStartup attribute, because it has a field mpb of type MaterialPropertyBlock. All assets must be loaded in the main thread.
Type AnimRenderer probably needs a StaticConstructorOnStartup attribute, because it has a field DefaultCutout of type Material. All assets must be loaded in the main thread.
Type BGRenderer probably needs a StaticConstructorOnStartup attribute, because it has a field layers of type Texture2D[]. All assets must be loaded in the main thread.
Type Command_AbilityDropdown probably needs a StaticConstructorOnStartup attribute, because it has a field PlusTex of type Texture2D. All assets must be loaded in the main thread.
Type GrappleFlyer probably needs a StaticConstructorOnStartup attribute, because it has a field mpb of type MaterialPropertyBlock. All assets must be loaded in the main thread.
Type Dialog_AnimationDebugger probably needs a StaticConstructorOnStartup attribute, because it has a field mpb of type MaterialPropertyBlock. All assets must be loaded in the main thread.
Unloading 5 Unused Serialized files (Serialized files now loaded: 44)
MVCF successfully applied 65 patches
[Fortified] 涂装着色器加载成功 Fortified/StandardPaintable
[makeitso.configurabletechprints] Patches on methods annotated as Obsolete were detected by HugsLib: RimWorld.TechprintUtility.TryGetTechprintDefToGenerate
[BetterTrees] Applying tree size, texture, and shadow overrides...
[BetterTrees] Caching original graphics, sizes, and altitudes for the first time...
[BetterTrees] Finished applying tree overrides.
[BetterTrees] Pre-caching all transparent tree graphics...
[BetterTrees] Cached 346 transparent graphics.
<color=#FFEB04FF>Biome Compatibility Project: Patching notes</color>
 
****************__________ Starting to patch mod added diseases to mod added biomes... __________****************
 
****************__________ Starting to patch mod added weathers to mod added biomes... __________****************
Added SW_Sandstorm to Savanna with commonality 4
Added SW_DrySandstorm to Savanna with commonality 3
Added SW_Sandstorm to Wasteland with commonality 8
Added SW_DrySandstorm to Wasteland with commonality 6
Added SW_Sandstorm to AB_RockyCrags with commonality 8
Added SW_DrySandstorm to AB_RockyCrags with commonality 6
Added SW_Sandstorm to AB_GallatrossGraveyard with commonality 5
Added SW_Sandstorm to AB_MechanoidIntrusion with commonality 12
Added SW_DrySandstorm to AB_MechanoidIntrusion with commonality 10
Added SW_Sandstorm to AB_TarPits with commonality 4
Added SW_DrySandstorm to AB_TarPits with commonality 3
Added SW_DrySandstorm to ZBiome_DesertOasis with commonality 6
 
****************__________ Starting to patch mod added caravan incidents to mod added biomes... __________****************
Added CACaravanDamselInDistress to Savanna with mtbDays 15
Added CACaravanDamselInDistress to Wasteland with mtbDays 30
Added CACaravanDamselInDistress to Wetland with mtbDays 25
Added CACaravanDamselInDistress to AB_FeraliskInfestedJungle with mtbDays 25
Added CACaravanDamselInDistress to AB_RockyCrags with mtbDays 30
Added CACaravanDamselInDistress to AB_GallatrossGraveyard with mtbDays 20
Added CACaravanDamselInDistress to AB_GelatinousSuperorganism with mtbDays 25
Added CACaravanDamselInDistress to AB_IdyllicMeadows with mtbDays 20
Added CACaravanDamselInDistress to AB_MechanoidIntrusion with mtbDays 35
Added CACaravanDamselInDistress to AB_MiasmicMangrove with mtbDays 30
Added CACaravanDamselInDistress to AB_MycoticJungle with mtbDays 25
Added CACaravanDamselInDistress to AB_OcularForest with mtbDays 20
Added CACaravanDamselInDistress to AB_PropaneLakes with mtbDays 50
Added CACaravanDamselInDistress to AB_TarPits with mtbDays 25
Added CACaravanDamselInDistress to ZBiome_AlpineMeadow with mtbDays 20
Added CACaravanDamselInDistress to ZBiome_Badlands with mtbDays 25
Added CACaravanDamselInDistress to ZBiome_CloudForest with mtbDays 23.33333
Added CACaravanDamselInDistress to ZBiome_CoastalDunes with mtbDays 20
Added CACaravanDamselInDistress to ZBiome_DesertOasis with mtbDays 30
Added CACaravanDamselInDistress to ZBiome_Iceberg_NoBeach with mtbDays 60
Added CACaravanDamselInDistress to ZBiome_Marsh with mtbDays 32.5
Added CACaravanDamselInDistress to ZBiome_Sandbar_NoBeach with mtbDays 20
 
****************__________ Starting to patch VANILLA added caravan incidents to mod added biomes... __________****************
Added Ambush to Wasteland with mtbDays 30
Added ManhunterAmbush to Wasteland with mtbDays 30
Added CaravanMeeting to Wasteland with mtbDays 15
Added CaravanDemand to Wasteland with mtbDays 30
Added Ambush to AB_FeraliskInfestedJungle with mtbDays 25
Added ManhunterAmbush to AB_FeraliskInfestedJungle with mtbDays 25
Added CaravanMeeting to AB_FeraliskInfestedJungle with mtbDays 12.5
Added CaravanDemand to AB_FeraliskInfestedJungle with mtbDays 25
Added Ambush to AB_RockyCrags with mtbDays 30
Added ManhunterAmbush to AB_RockyCrags with mtbDays 30
Added CaravanMeeting to AB_RockyCrags with mtbDays 15
Added CaravanDemand to AB_RockyCrags with mtbDays 30
Added Ambush to AB_GallatrossGraveyard with mtbDays 20
Added ManhunterAmbush to AB_GallatrossGraveyard with mtbDays 20
Added CaravanMeeting to AB_GallatrossGraveyard with mtbDays 10
Added CaravanDemand to AB_GallatrossGraveyard with mtbDays 20
Added Ambush to AB_GelatinousSuperorganism with mtbDays 25
Added ManhunterAmbush to AB_GelatinousSuperorganism with mtbDays 25
Added CaravanMeeting to AB_GelatinousSuperorganism with mtbDays 12.5
Added CaravanDemand to AB_GelatinousSuperorganism with mtbDays 25
Added Ambush to AB_IdyllicMeadows with mtbDays 20
Added ManhunterAmbush to AB_IdyllicMeadows with mtbDays 20
Added CaravanMeeting to AB_IdyllicMeadows with mtbDays 10
Added CaravanDemand to AB_IdyllicMeadows with mtbDays 20
Added Ambush to AB_MechanoidIntrusion with mtbDays 35
Added ManhunterAmbush to AB_MechanoidIntrusion with mtbDays 35
Added CaravanMeeting to AB_MechanoidIntrusion with mtbDays 25
Added CaravanDemand to AB_MechanoidIntrusion with mtbDays 35
Added Ambush to AB_MiasmicMangrove with mtbDays 30
Added ManhunterAmbush to AB_MiasmicMangrove with mtbDays 30
Added CaravanMeeting to AB_MiasmicMangrove with mtbDays 15
Added CaravanDemand to AB_MiasmicMangrove with mtbDays 30
Added Ambush to AB_MycoticJungle with mtbDays 25
Added ManhunterAmbush to AB_MycoticJungle with mtbDays 25
Added CaravanMeeting to AB_MycoticJungle with mtbDays 12.5
Added CaravanDemand to AB_MycoticJungle with mtbDays 25
Added Ambush to AB_OcularForest with mtbDays 20
Added ManhunterAmbush to AB_OcularForest with mtbDays 20
Added CaravanMeeting to AB_OcularForest with mtbDays 10
Added CaravanDemand to AB_OcularForest with mtbDays 20
Added Ambush to AB_PropaneLakes with mtbDays 50
Added ManhunterAmbush to AB_PropaneLakes with mtbDays 50
Added CaravanMeeting to AB_PropaneLakes with mtbDays 57.5
Added CaravanDemand to AB_PropaneLakes with mtbDays 50
Added Ambush to AB_TarPits with mtbDays 25
Added ManhunterAmbush to AB_TarPits with mtbDays 25
Added CaravanMeeting to AB_TarPits with mtbDays 12.5
Added CaravanDemand to AB_TarPits with mtbDays 25
Added Ambush to ZBiome_AlpineMeadow with mtbDays 20
Added ManhunterAmbush to ZBiome_AlpineMeadow with mtbDays 20
Added CaravanMeeting to ZBiome_AlpineMeadow with mtbDays 10
Added CaravanDemand to ZBiome_AlpineMeadow with mtbDays 20
Added Ambush to ZBiome_Badlands with mtbDays 25
Added ManhunterAmbush to ZBiome_Badlands with mtbDays 25
Added CaravanMeeting to ZBiome_Badlands with mtbDays 12.5
Added CaravanDemand to ZBiome_Badlands with mtbDays 25
Added Ambush to ZBiome_CloudForest with mtbDays 23.33333
Added ManhunterAmbush to ZBiome_CloudForest with mtbDays 23.33333
Added CaravanMeeting to ZBiome_CloudForest with mtbDays 11.66667
Added CaravanDemand to ZBiome_CloudForest with mtbDays 23.33333
Added Ambush to ZBiome_CoastalDunes with mtbDays 20
Added ManhunterAmbush to ZBiome_CoastalDunes with mtbDays 20
Added CaravanMeeting to ZBiome_CoastalDunes with mtbDays 10
Added CaravanDemand to ZBiome_CoastalDunes with mtbDays 20
Added Ambush to ZBiome_DesertOasis with mtbDays 30
Added ManhunterAmbush to ZBiome_DesertOasis with mtbDays 30
Added CaravanMeeting to ZBiome_DesertOasis with mtbDays 15
Added CaravanDemand to ZBiome_DesertOasis with mtbDays 30
Added Ambush to ZBiome_Iceberg_NoBeach with mtbDays 60
Added ManhunterAmbush to ZBiome_Iceberg_NoBeach with mtbDays 60
Added CaravanMeeting to ZBiome_Iceberg_NoBeach with mtbDays 80
Added CaravanDemand to ZBiome_Iceberg_NoBeach with mtbDays 60
Added Ambush to ZBiome_Marsh with mtbDays 32.5
Added ManhunterAmbush to ZBiome_Marsh with mtbDays 32.5
Added CaravanMeeting to ZBiome_Marsh with mtbDays 20
Added CaravanDemand to ZBiome_Marsh with mtbDays 32.5
Added Ambush to ZBiome_Sandbar_NoBeach with mtbDays 20
Added ManhunterAmbush to ZBiome_Sandbar_NoBeach with mtbDays 20
Added CaravanMeeting to ZBiome_Sandbar_NoBeach with mtbDays 10
Added CaravanDemand to ZBiome_Sandbar_NoBeach with mtbDays 20
 
****************__________ Starting to patch mod added plants to mod added biomes... __________****************
Added AB_DessertTree to Savanna with commonality 0.0097
Added AB_Aaklac to Savanna with commonality 0.02415
Added AB_HardyGrass to Savanna with commonality 1.1
Added AB_BrownBarrelCactus to Savanna with commonality 0.0633
Added GRimPebbleCactus to Savanna with commonality 0.0535
Added GRim1PebbleCactus to Savanna with commonality 0.0472
Added GRimYellowGrass to Savanna with commonality 0.1998
Added GRimAgavePlant to Savanna with commonality 0.06
Added GRimAgave to Savanna with commonality 0.0804
Added GRimPincushionCactus to Savanna with commonality 0.09845
Added GRim1PincushionCactus to Savanna with commonality 0.0804
Added GRimSaguaroCactus to Savanna with commonality 0.019
Added GRim1SaguaroCactus to Savanna with commonality 0.019
Added AreebianCactus to Savanna with commonality 0.0804
Added TreeDragoberry to Savanna with commonality 0.03235
Added Plant_Chakroot to Savanna with commonality 0.00765
Added Plant_HubbaGourd to Savanna with commonality 0.00765
Added Plant_Chakroot_Wild to Savanna with commonality 0.0804
Added Plant_HubbaGourd_Wild to Savanna with commonality 0.0633
Added VEE_Plant_HoodiaCactus to Savanna with commonality 0.0411
Added VCE_Plant_AloeVera to Savanna with commonality 0.07345
Added VCE_Plant_JadePlant to Savanna with commonality 0.0804
Added VCE_Plant_SnakePlant to Savanna with commonality 0.0633
Added Plant_DesertDandelion to Savanna with commonality 0.13695
Added RG_FlowerCactus to Savanna with commonality 0.0633
Added IronScruff_Bindweed to Volcano with commonality 0.25
Added BMT_FireLavender to Volcano with commonality 0.6
Added BMT_HeatsinkFungus to Volcano with commonality 0.2
Added AB_DessertTree to Wasteland with commonality 0.0194
Added AB_Aaklac to Wasteland with commonality 0.0483
Added AB_HardyGrass to Wasteland with commonality 2.2
Added AB_BrownBarrelCactus to Wasteland with commonality 0.1266
Added GRimPebbleCactus to Wasteland with commonality 0.107
Added GRim1PebbleCactus to Wasteland with commonality 0.0944
Added GRimYellowGrass to Wasteland with commonality 0.3996
Added GRimAgavePlant to Wasteland with commonality 0.12
Added GRimAgave to Wasteland with commonality 0.1608
Added GRimPincushionCactus to Wasteland with commonality 0.1969
Added GRim1PincushionCactus to Wasteland with commonality 0.1608
Added GRimSaguaroCactus to Wasteland with commonality 0.038
Added GRim1SaguaroCactus to Wasteland with commonality 0.038
Added AreebianCactus to Wasteland with commonality 0.1608
Added TreeDragoberry to Wasteland with commonality 0.0647
Added Plant_Chakroot to Wasteland with commonality 0.0153
Added Plant_HubbaGourd to Wasteland with commonality 0.0153
Added Plant_Chakroot_Wild to Wasteland with commonality 0.1608
Added Plant_HubbaGourd_Wild to Wasteland with commonality 0.1266
Added VEE_Plant_HoodiaCactus to Wasteland with commonality 0.0822
Added VCE_Plant_AloeVera to Wasteland with commonality 0.1469
Added VCE_Plant_JadePlant to Wasteland with commonality 0.1608
Added VCE_Plant_SnakePlant to Wasteland with commonality 0.1266
Added Plant_DesertDandelion to Wasteland with commonality 0.2739
Added RG_FlowerCactus to Wasteland with commonality 0.1266
Added Plant_Grass to Wetland with commonality 5
Added RG_Plant_SwampPod to Wetland with commonality 0.025
Added RG_Plant_Raspberry to Wetland with commonality 0.025
Added RG_Plant_TemperateIvy to Wetland with commonality 4
Added RG_Plant_TemperateFern to Wetland with commonality 0.5
Added RG_Plant_BlueDandelion to Wetland with commonality 0.25
Added RG_Plant_RedDandelion to Wetland with commonality 0.25
Added RG_Cibarius to Wetland with commonality 0.0425
Added RG_Plant_TreeCornish to Wetland with commonality 0.4
Added BMT_Plant_Doomsprout to Wetland with commonality 0.05
Added BMT_Plant_EclipsusFlower to Wetland with commonality 0.3
Added BMT_Plant_EclipsusLeaves to Wetland with commonality 0.4
Added BMT_Plant_WildRashroot to Wetland with commonality 0.5
Added BMT_Plant_SewerReed to Wetland with commonality 0.5
Added BMT_Plant_Snaketails to Wetland with commonality 0.5
Added BMT_Plant_Toxcaps to Wetland with commonality 1.5
Added BMT_Plant_TreeBlotBirch to Wetland with commonality 0.25
Added BMT_Plant_TreeClawhandCitron to Wetland with commonality 0.05
Added BMT_Plant_TreeSnakeWillow to Wetland with commonality 0.5
Added BMT_Plant_TreeWormoak to Wetland with commonality 0.75
Added BMT_Plant_TwistedDandelion to Wetland with commonality 0.25
Added Plant_Grass to AB_FeraliskInfestedJungle with commonality 8
Added Plant_TallGrass to AB_FeraliskInfestedJungle with commonality 4.25
Added RG_Plant_SwampPod to AB_FeraliskInfestedJungle with commonality 0.025
Added RG_Plant_Tidalis to AB_FeraliskInfestedJungle with commonality 0.8
Added RG_Plant_Oxalis to AB_FeraliskInfestedJungle with commonality 0.4
Added RG_Plant_Plumeria to AB_FeraliskInfestedJungle with commonality 0.4
Added RG_NeoAmanita to AB_FeraliskInfestedJungle with commonality 0.025
Added RG_Plant_TreeDwarfPalm to AB_FeraliskInfestedJungle with commonality 0.5
Added RG_Plant_TallPalmTree to AB_FeraliskInfestedJungle with commonality 0.05
Added BMT_Plant_BloomingCorpse to AB_FeraliskInfestedJungle with commonality 0.025
Added BMT_Plant_Doomsprout to AB_FeraliskInfestedJungle with commonality 0.1
Added BMT_Plant_EclipsusFlower to AB_FeraliskInfestedJungle with commonality 0.3
Added BMT_Plant_EclipsusLeaves to AB_FeraliskInfestedJungle with commonality 0.4
Added BMT_Plant_Mantrap to AB_FeraliskInfestedJungle with commonality 0.05
Added BMT_Plant_PigsEars to AB_FeraliskInfestedJungle with commonality 2.5
Added BMT_Plant_SewerReed to AB_FeraliskInfestedJungle with commonality 0.2
Added BMT_Plant_Toxcaps to AB_FeraliskInfestedJungle with commonality 2
Added BMT_Plant_ToxicIvy to AB_FeraliskInfestedJungle with commonality 2.5
Added BMT_Plant_TreeClawhandCitron to AB_FeraliskInfestedJungle with commonality 0.05
Added BMT_Plant_TreeSeepingEucalyptus to AB_FeraliskInfestedJungle with commonality 1
Added BMT_Plant_TreeTanglerootMangrove to AB_FeraliskInfestedJungle with commonality 0.75
Added BMT_Plant_TreeWhistlingCane to AB_FeraliskInfestedJungle with commonality 0.25
Added BMT_Plant_TumorbulbHyacinth to AB_FeraliskInfestedJungle with commonality 0.4
Added GRimPebbleCactus to AB_RockyCrags with commonality 0.107
Added GRim1PebbleCactus to AB_RockyCrags with commonality 0.0944
Added GRimYellowGrass to AB_RockyCrags with commonality 0.3996
Added GRimAgavePlant to AB_RockyCrags with commonality 0.12
Added GRimAgave to AB_RockyCrags with commonality 0.1608
Added GRimPincushionCactus to AB_RockyCrags with commonality 0.1969
Added GRim1PincushionCactus to AB_RockyCrags with commonality 0.1608
Added GRimSaguaroCactus to AB_RockyCrags with commonality 0.038
Added GRim1SaguaroCactus to AB_RockyCrags with commonality 0.038
Added AreebianCactus to AB_RockyCrags with commonality 0.1608
Added TreeDragoberry to AB_RockyCrags with commonality 0.0647
Added Plant_Chakroot to AB_RockyCrags with commonality 0.0153
Added Plant_HubbaGourd to AB_RockyCrags with commonality 0.0153
Added Plant_Chakroot_Wild to AB_RockyCrags with commonality 0.1608
Added Plant_HubbaGourd_Wild to AB_RockyCrags with commonality 0.1266
Added VEE_Plant_HoodiaCactus to AB_RockyCrags with commonality 0.0822
Added VCE_Plant_AloeVera to AB_RockyCrags with commonality 0.1469
Added VCE_Plant_JadePlant to AB_RockyCrags with commonality 0.1608
Added VCE_Plant_SnakePlant to AB_RockyCrags with commonality 0.1266
Added Plant_DesertDandelion to AB_RockyCrags with commonality 0.2739
Added RG_FlowerCactus to AB_RockyCrags with commonality 0.1266
Added BushDandys to AB_GallatrossGraveyard with commonality 0.0267
Added GRim2BushPoplar to AB_GallatrossGraveyard with commonality 0.0346
Added GRim1BushPoplar to AB_GallatrossGraveyard with commonality 0.0346
Added GRimBushPoplar to AB_GallatrossGraveyard with commonality 0.0346
Added GRimBrambles to AB_GallatrossGraveyard with commonality 0.0267
Added GRimBush to AB_GallatrossGraveyard with commonality 0.0579
Added GRim1Bush to AB_GallatrossGraveyard with commonality 0.0579
Added GRim2Bush to AB_GallatrossGraveyard with commonality 0.0579
Added GRim3Bush to AB_GallatrossGraveyard with commonality 0.0406
Added GRim4Bush to AB_GallatrossGraveyard with commonality 0.0406
Added GRimBerryBush to AB_GallatrossGraveyard with commonality 0.0125
Added GRim1BerryBush to AB_GallatrossGraveyard with commonality 0.01
Added GRim2BerryBush to AB_GallatrossGraveyard with commonality 0.01
Added GRim3BerryBush to AB_GallatrossGraveyard with commonality 0.01
Added GRim4BerryBush to AB_GallatrossGraveyard with commonality 0.01
Added GRim5BerryBush to AB_GallatrossGraveyard with commonality 0.01
Added GRimShrubLow to AB_GallatrossGraveyard with commonality 0.0786
Added GRim1ShrubLow to AB_GallatrossGraveyard with commonality 0.0786
Added GRim2ShrubLow to AB_GallatrossGraveyard with commonality 0.0786
Added Grim3Shrub to AB_GallatrossGraveyard with commonality 0.0267
Added AreebianBush to AB_GallatrossGraveyard with commonality 0.0406
Added NewGreenBush to AB_GallatrossGraveyard with commonality 0.0267
Added GRimClivia to AB_GallatrossGraveyard with commonality 0.0125
Added ZBiome_Plant_WildRose to AB_GallatrossGraveyard with commonality 0.01
Added ZBiome_Plant_WildDaylily to AB_GallatrossGraveyard with commonality 0.01
Added IronScruff_Juniper to AB_GallatrossGraveyard with commonality 0.0267
Added Plant_MujaFruit to AB_GallatrossGraveyard with commonality 0.01
Added Plant_Nysyllin to AB_GallatrossGraveyard with commonality 0.01
Added Plant_MujaFruit_Wild to AB_GallatrossGraveyard with commonality 0.0199
Added Plant_Nysyllin_Wild to AB_GallatrossGraveyard with commonality 0.0199
Added VEE_Plant_Bluebell to AB_GallatrossGraveyard with commonality 0.01
Added VEE_Plant_Gardenia to AB_GallatrossGraveyard with commonality 0.01
Added VEE_Plant_Gentian to AB_GallatrossGraveyard with commonality 0.01
Added VEE_Plant_Petunia to AB_GallatrossGraveyard with commonality 0.01
Added VEE_Plant_JuniperBush to AB_GallatrossGraveyard with commonality 0.1313
Added VEE_ButtercupFlower to AB_GallatrossGraveyard with commonality 0.0267
Added VEE_ForgetMeNot to AB_GallatrossGraveyard with commonality 0.0267
Added VEE_Knapweed to AB_GallatrossGraveyard with commonality 0.0406
Added VEE_Loosestrife to AB_GallatrossGraveyard with commonality 0.0406
Added VEE_Heather to AB_GallatrossGraveyard with commonality 0.1997
Added VEE_Gorse to AB_GallatrossGraveyard with commonality 0.2846
Added RG_Plant_AridGrass to AB_GallatrossGraveyard with commonality 0.2846
Added RG_Plant_TigerLily to AB_GallatrossGraveyard with commonality 0.0125
Added Plant_Brambles to AB_GallatrossGraveyard with commonality 0.0406
Added RG_Plant_CreepStern to AB_GallatrossGraveyard with commonality 0.016
Added RG_Plant_Dervish to AB_GallatrossGraveyard with commonality 0.016
Added RG_Plant_Oxalis to AB_GallatrossGraveyard with commonality 0.0267
Added RG_Plant_Plumeria to AB_GallatrossGraveyard with commonality 0.01
Added RG_Plant_BramblesRed to AB_GallatrossGraveyard with commonality 0.0267
Added RG_Plant_BramblesYellow to AB_GallatrossGraveyard with commonality 0.0267
Added RG_Plant_CrimsonCushion to AB_GallatrossGraveyard with commonality 0.016
Added RG_Plant_LupineIceland to AB_GallatrossGraveyard with commonality 0.016
Added RotR_RoseOfRebirth to AB_GallatrossGraveyard with commonality 0.01
Added Plant_Grass to AB_GelatinousSuperorganism with commonality 5
Added Plant_TallGrass to AB_GelatinousSuperorganism with commonality 3.1
Added Plant_Brambles to AB_GelatinousSuperorganism with commonality 0.5
Added RG_Plant_SwampPod to AB_GelatinousSuperorganism with commonality 0.025
Added RG_Plant_Raspberry to AB_GelatinousSuperorganism with commonality 0.025
Added RG_Plant_TemperateIvy to AB_GelatinousSuperorganism with commonality 4
Added RG_Plant_TemperateFern to AB_GelatinousSuperorganism with commonality 0.5
Added RG_Plant_BlueDandelion to AB_GelatinousSuperorganism with commonality 0.25
Added RG_Plant_RedDandelion to AB_GelatinousSuperorganism with commonality 0.25
Added RG_Cibarius to AB_GelatinousSuperorganism with commonality 0.0425
Added RG_Plant_TreeCornish to AB_GelatinousSuperorganism with commonality 0.4
Added BMT_Plant_Doomsprout to AB_GelatinousSuperorganism with commonality 0.05
Added BMT_Plant_EclipsusFlower to AB_GelatinousSuperorganism with commonality 0.3
Added BMT_Plant_EclipsusLeaves to AB_GelatinousSuperorganism with commonality 0.4
Added BMT_Plant_WildRashroot to AB_GelatinousSuperorganism with commonality 0.5
Added BMT_Plant_SewerReed to AB_GelatinousSuperorganism with commonality 0.5
Added BMT_Plant_Snaketails to AB_GelatinousSuperorganism with commonality 0.5
Added BMT_Plant_Toxcaps to AB_GelatinousSuperorganism with commonality 1.5
Added BMT_Plant_TreeBlotBirch to AB_GelatinousSuperorganism with commonality 0.25
Added BMT_Plant_TreeClawhandCitron to AB_GelatinousSuperorganism with commonality 0.05
Added BMT_Plant_TreeSnakeWillow to AB_GelatinousSuperorganism with commonality 0.5
Added BMT_Plant_TreeWormoak to AB_GelatinousSuperorganism with commonality 0.75
Added BMT_Plant_TwistedDandelion to AB_GelatinousSuperorganism with commonality 0.25
Added RG_Plant_Raspberry to AB_IdyllicMeadows with commonality 0.05
Added RG_Plant_TemperateIvy to AB_IdyllicMeadows with commonality 3
Added RG_Plant_TemperateFern to AB_IdyllicMeadows with commonality 0.6
Added RG_Plant_BlueDandelion to AB_IdyllicMeadows with commonality 0.5
Added RG_Plant_RedDandelion to AB_IdyllicMeadows with commonality 0.5
Added RG_Cibarius to AB_IdyllicMeadows with commonality 0.05
Added RG_Plant_TreeCornish to AB_IdyllicMeadows with commonality 0.6
Added BMT_Plant_EclipsusFlower to AB_IdyllicMeadows with commonality 0.3
Added BMT_Plant_EclipsusLeaves to AB_IdyllicMeadows with commonality 0.4
Added BMT_Plant_WildRashroot to AB_IdyllicMeadows with commonality 0.5
Added BMT_Plant_SewerReed to AB_IdyllicMeadows with commonality 0.4
Added BMT_Plant_Snaketails to AB_IdyllicMeadows with commonality 0.4
Added BMT_Plant_TreeBlotBirch to AB_IdyllicMeadows with commonality 0.5
Added BMT_Plant_TreeClawhandCitron to AB_IdyllicMeadows with commonality 0.05
Added BMT_Plant_TreeWormoak to AB_IdyllicMeadows with commonality 0.5
Added BMT_Plant_TwistedDandelion to AB_IdyllicMeadows with commonality 0.5
Added TreeDead to AB_MechanoidIntrusion with commonality 0.04
Added GRimTreeDead to AB_MechanoidIntrusion with commonality 0.04
Added Plant_Bloddle to AB_MechanoidIntrusion with commonality 0.1
Added VCE_Plant_Echeveria to AB_MechanoidIntrusion with commonality 0.25
Added VCE_Plant_FairyWashboard to AB_MechanoidIntrusion with commonality 0.22
Added VCE_Plant_PincushionPlant to AB_MechanoidIntrusion with commonality 0.25
Added VCE_Plant_SweetheartPlant to AB_MechanoidIntrusion with commonality 0.2
Added Plant_Grass to AB_MiasmicMangrove with commonality 6
Added Plant_TallGrass to AB_MiasmicMangrove with commonality 2.5
Added RG_Plant_SwampPod to AB_MiasmicMangrove with commonality 0.05
Added RG_Plant_TropicalIvy to AB_MiasmicMangrove with commonality 1.5
Added RG_Plant_TropicalFern to AB_MiasmicMangrove with commonality 0.8
Added RG_Plant_TropicalChokevine to AB_MiasmicMangrove with commonality 1.5
Added RG_Plant_Tidalis to AB_MiasmicMangrove with commonality 0.8
Added RG_Plant_Oxalis to AB_MiasmicMangrove with commonality 0.4
Added RG_Plant_Plumeria to AB_MiasmicMangrove with commonality 0.4
Added RG_NeoAmanita to AB_MiasmicMangrove with commonality 0.025
Added RG_Plant_TreeDwarfPalm to AB_MiasmicMangrove with commonality 0.5
Added RG_Plant_TallPalmTree to AB_MiasmicMangrove with commonality 0.05
Added BMT_Plant_BloomingCorpse to AB_MiasmicMangrove with commonality 0.025
Added BMT_Plant_Doomsprout to AB_MiasmicMangrove with commonality 0.2
Added BMT_Plant_EclipsusFlower to AB_MiasmicMangrove with commonality 0.3
Added BMT_Plant_EclipsusLeaves to AB_MiasmicMangrove with commonality 0.4
Added BMT_Plant_PigsEars to AB_MiasmicMangrove with commonality 3
Added BMT_Plant_Toxcaps to AB_MiasmicMangrove with commonality 4
Added BMT_Plant_ToxicIvy to AB_MiasmicMangrove with commonality 3
Added BMT_Plant_TreeClawhandCitron to AB_MiasmicMangrove with commonality 0.05
Added BMT_Plant_TreeSeepingEucalyptus to AB_MiasmicMangrove with commonality 1.5
Added BMT_Plant_TumorbulbHyacinth to AB_MiasmicMangrove with commonality 0.7
Added Plant_Grass to AB_MycoticJungle with commonality 5
Added Plant_TallGrass to AB_MycoticJungle with commonality 3.1
Added Plant_Brambles to AB_MycoticJungle with commonality 0.5
Added RG_Plant_SwampPod to AB_MycoticJungle with commonality 0.025
Added RG_Plant_Raspberry to AB_MycoticJungle with commonality 0.025
Added RG_Plant_TemperateIvy to AB_MycoticJungle with commonality 4
Added RG_Plant_TemperateFern to AB_MycoticJungle with commonality 0.5
Added RG_Plant_BlueDandelion to AB_MycoticJungle with commonality 0.25
Added RG_Plant_RedDandelion to AB_MycoticJungle with commonality 0.25
Added RG_Cibarius to AB_MycoticJungle with commonality 0.0425
Added RG_Plant_TreeCornish to AB_MycoticJungle with commonality 0.4
Added BMT_Plant_Doomsprout to AB_MycoticJungle with commonality 0.05
Added BMT_Plant_EclipsusFlower to AB_MycoticJungle with commonality 0.3
Added BMT_Plant_EclipsusLeaves to AB_MycoticJungle with commonality 0.4
Added BMT_Plant_WildRashroot to AB_MycoticJungle with commonality 0.5
Added BMT_Plant_SewerReed to AB_MycoticJungle with commonality 0.5
Added BMT_Plant_Snaketails to AB_MycoticJungle with commonality 0.5
Added BMT_Plant_Toxcaps to AB_MycoticJungle with commonality 1.5
Added BMT_Plant_TreeBlotBirch to AB_MycoticJungle with commonality 0.25
Added BMT_Plant_TreeClawhandCitron to AB_MycoticJungle with commonality 0.05
Added BMT_Plant_TreeSnakeWillow to AB_MycoticJungle with commonality 0.5
Added BMT_Plant_TreeWormoak to AB_MycoticJungle with commonality 0.75
Added BMT_Plant_TwistedDandelion to AB_MycoticJungle with commonality 0.25
Added Plant_Grass to AB_OcularForest with commonality 10
Added Plant_TallGrass to AB_OcularForest with commonality 3
Added Plant_Brambles to AB_OcularForest with commonality 1
Added RG_Plant_Raspberry to AB_OcularForest with commonality 0.05
Added RG_Plant_TemperateIvy to AB_OcularForest with commonality 3
Added RG_Plant_TemperateFern to AB_OcularForest with commonality 0.6
Added RG_Plant_BlueDandelion to AB_OcularForest with commonality 0.5
Added RG_Plant_RedDandelion to AB_OcularForest with commonality 0.5
Added RG_Cibarius to AB_OcularForest with commonality 0.05
Added RG_Plant_TreeCornish to AB_OcularForest with commonality 0.6
Added BMT_Plant_EclipsusFlower to AB_OcularForest with commonality 0.3
Added BMT_Plant_EclipsusLeaves to AB_OcularForest with commonality 0.4
Added BMT_Plant_WildRashroot to AB_OcularForest with commonality 0.5
Added BMT_Plant_SewerReed to AB_OcularForest with commonality 0.4
Added BMT_Plant_Snaketails to AB_OcularForest with commonality 0.4
Added BMT_Plant_TreeBlotBirch to AB_OcularForest with commonality 0.5
Added BMT_Plant_TreeClawhandCitron to AB_OcularForest with commonality 0.05
Added BMT_Plant_TreeWormoak to AB_OcularForest with commonality 0.5
Added BMT_Plant_TwistedDandelion to AB_OcularForest with commonality 0.5
Added IronScruff_Bindweed to AB_PyroclasticConflagration with commonality 0.25
Added BMT_FireLavender to AB_PyroclasticConflagration with commonality 0.6
Added BMT_HeatsinkFungus to AB_PyroclasticConflagration with commonality 0.2
Added GRimPebbleCactus to AB_TarPits with commonality 0.0535
Added GRim1PebbleCactus to AB_TarPits with commonality 0.0472
Added GRimYellowGrass to AB_TarPits with commonality 0.1998
Added GRimAgavePlant to AB_TarPits with commonality 0.06
Added GRimAgave to AB_TarPits with commonality 0.0804
Added GRimPincushionCactus to AB_TarPits with commonality 0.09845
Added GRim1PincushionCactus to AB_TarPits with commonality 0.0804
Added GRimSaguaroCactus to AB_TarPits with commonality 0.019
Added GRim1SaguaroCactus to AB_TarPits with commonality 0.019
Added AreebianCactus to AB_TarPits with commonality 0.0804
Added TreeDragoberry to AB_TarPits with commonality 0.03235
Added Plant_Chakroot to AB_TarPits with commonality 0.00765
Added Plant_HubbaGourd to AB_TarPits with commonality 0.00765
Added Plant_Chakroot_Wild to AB_TarPits with commonality 0.0804
Added Plant_HubbaGourd_Wild to AB_TarPits with commonality 0.0633
Added VEE_Plant_HoodiaCactus to AB_TarPits with commonality 0.0411
Added VCE_Plant_AloeVera to AB_TarPits with commonality 0.07345
Added VCE_Plant_JadePlant to AB_TarPits with commonality 0.0804
Added VCE_Plant_SnakePlant to AB_TarPits with commonality 0.0633
Added Plant_DesertDandelion to AB_TarPits with commonality 0.13695
Added RG_FlowerCactus to AB_TarPits with commonality 0.0633
Added Plant_Grass to AB_TarPits with commonality 5
Added Plant_TallGrass to AB_TarPits with commonality 1.5
Added Plant_Brambles to AB_TarPits with commonality 0.5
Added RG_Plant_Raspberry to AB_TarPits with commonality 0.025
Added RG_Plant_TemperateIvy to AB_TarPits with commonality 1.5
Added RG_Plant_TemperateFern to AB_TarPits with commonality 0.3
Added RG_Plant_BlueDandelion to AB_TarPits with commonality 0.25
Added RG_Plant_RedDandelion to AB_TarPits with commonality 0.25
Added RG_Cibarius to AB_TarPits with commonality 0.025
Added RG_Plant_TreeCornish to AB_TarPits with commonality 0.3
Added BMT_Plant_EclipsusFlower to AB_TarPits with commonality 0.15
Added BMT_Plant_EclipsusLeaves to AB_TarPits with commonality 0.2
Added BMT_Plant_WildRashroot to AB_TarPits with commonality 0.25
Added BMT_Plant_SewerReed to AB_TarPits with commonality 0.2
Added BMT_Plant_Snaketails to AB_TarPits with commonality 0.2
Added BMT_Plant_TreeBlotBirch to AB_TarPits with commonality 0.25
Added BMT_Plant_TreeWormoak to AB_TarPits with commonality 0.25
Added BMT_Plant_TwistedDandelion to AB_TarPits with commonality 0.25
Added RG_Plant_Raspberry to ZBiome_AlpineMeadow with commonality 0.055
Added RG_Plant_TemperateIvy to ZBiome_AlpineMeadow with commonality 1.5
Added RG_Plant_TemperateFern to ZBiome_AlpineMeadow with commonality 0.3
Added RG_Cibarius to ZBiome_AlpineMeadow with commonality 0.025
Added RG_Plant_TreeCornish to ZBiome_AlpineMeadow with commonality 0.3
Added BMT_Plant_CryingWolfberryBush to ZBiome_AlpineMeadow with commonality 0.5
Added BMT_Plant_EclipsusFlower to ZBiome_AlpineMeadow with commonality 0.15
Added BMT_Plant_EclipsusLeaves to ZBiome_AlpineMeadow with commonality 0.2
Added BMT_Plant_GreyFern to ZBiome_AlpineMeadow with commonality 1
Added BMT_Plant_GutterPlantain to ZBiome_AlpineMeadow with commonality 0.25
Added BMT_Plant_PaganThorns to ZBiome_AlpineMeadow with commonality 1.5
Added BMT_Plant_WildRashroot to ZBiome_AlpineMeadow with commonality 0.75
Added BMT_Plant_SewerReed to ZBiome_AlpineMeadow with commonality 0.3
Added BMT_Plant_Snaketails to ZBiome_AlpineMeadow with commonality 0.5
Added BMT_Plant_TreeBarbedLarch to ZBiome_AlpineMeadow with commonality 2
Added BMT_Plant_TreeBlotBirch to ZBiome_AlpineMeadow with commonality 2.25
Added BMT_Plant_TreeClawhandCitron to ZBiome_AlpineMeadow with commonality 0.025
Added BMT_Plant_TreeWormoak to ZBiome_AlpineMeadow with commonality 0.25
Added BMT_Plant_TwistedDandelion to ZBiome_AlpineMeadow with commonality 0.25
Added AB_DessertTree to ZBiome_Badlands with commonality 0.0097
Added AB_Aaklac to ZBiome_Badlands with commonality 0.02415
Added AB_HardyGrass to ZBiome_Badlands with commonality 1.1
Added AB_BrownBarrelCactus to ZBiome_Badlands with commonality 0.0633
Added GRimPebbleCactus to ZBiome_Badlands with commonality 0.0535
Added GRim1PebbleCactus to ZBiome_Badlands with commonality 0.0472
Added BushDandys to ZBiome_Badlands with commonality 0.01335
Added GRimYellowGrass to ZBiome_Badlands with commonality 0.1998
Added GRim2BushPoplar to ZBiome_Badlands with commonality 0.0173
Added GRim1BushPoplar to ZBiome_Badlands with commonality 0.0173
Added GRimBushPoplar to ZBiome_Badlands with commonality 0.0173
Added GRimAgavePlant to ZBiome_Badlands with commonality 0.06
Added GRimAgave to ZBiome_Badlands with commonality 0.0804
Added GRimPincushionCactus to ZBiome_Badlands with commonality 0.09845
Added GRim1PincushionCactus to ZBiome_Badlands with commonality 0.0804
Added GRimSaguaroCactus to ZBiome_Badlands with commonality 0.019
Added GRim1SaguaroCactus to ZBiome_Badlands with commonality 0.019
Added GRimBrambles to ZBiome_Badlands with commonality 0.01335
Added GRimBush to ZBiome_Badlands with commonality 0.02895
Added GRim1Bush to ZBiome_Badlands with commonality 0.02895
Added GRim2Bush to ZBiome_Badlands with commonality 0.02895
Added GRim3Bush to ZBiome_Badlands with commonality 0.0203
Added GRim4Bush to ZBiome_Badlands with commonality 0.0203
Added GRimBerryBush to ZBiome_Badlands with commonality 0.00625
Added GRim1BerryBush to ZBiome_Badlands with commonality 0.005
Added GRim2BerryBush to ZBiome_Badlands with commonality 0.005
Added GRim3BerryBush to ZBiome_Badlands with commonality 0.005
Added GRim4BerryBush to ZBiome_Badlands with commonality 0.005
Added GRim5BerryBush to ZBiome_Badlands with commonality 0.005
Added GRimShrubLow to ZBiome_Badlands with commonality 0.0393
Added GRim1ShrubLow to ZBiome_Badlands with commonality 0.0393
Added GRim2ShrubLow to ZBiome_Badlands with commonality 0.0393
Added Grim3Shrub to ZBiome_Badlands with commonality 0.01335
Added AreebianCactus to ZBiome_Badlands with commonality 0.0804
Added AreebianBush to ZBiome_Badlands with commonality 0.0203
Added NewGreenBush to ZBiome_Badlands with commonality 0.01335
Added TreeDragoberry to ZBiome_Badlands with commonality 0.03235
Added GRimClivia to ZBiome_Badlands with commonality 0.00625
Added IronScruff_Juniper to ZBiome_Badlands with commonality 0.01335
Added Plant_Chakroot to ZBiome_Badlands with commonality 0.00765
Added Plant_HubbaGourd to ZBiome_Badlands with commonality 0.00765
Added Plant_MujaFruit to ZBiome_Badlands with commonality 0.005
Added Plant_Nysyllin to ZBiome_Badlands with commonality 0.005
Added Plant_Chakroot_Wild to ZBiome_Badlands with commonality 0.0804
Added Plant_HubbaGourd_Wild to ZBiome_Badlands with commonality 0.0633
Added Plant_MujaFruit_Wild to ZBiome_Badlands with commonality 0.00995
Added Plant_Nysyllin_Wild to ZBiome_Badlands with commonality 0.00995
Added VEE_Plant_Bluebell to ZBiome_Badlands with commonality 0.005
Added VEE_Plant_Gardenia to ZBiome_Badlands with commonality 0.005
Added VEE_Plant_Gentian to ZBiome_Badlands with commonality 0.005
Added VEE_Plant_Petunia to ZBiome_Badlands with commonality 0.005
Added VEE_Plant_JuniperBush to ZBiome_Badlands with commonality 0.06565
Added VEE_Plant_HoodiaCactus to ZBiome_Badlands with commonality 0.0411
Added VEE_ButtercupFlower to ZBiome_Badlands with commonality 0.01335
Added VEE_ForgetMeNot to ZBiome_Badlands with commonality 0.01335
Added VEE_Knapweed to ZBiome_Badlands with commonality 0.0203
Added VEE_Loosestrife to ZBiome_Badlands with commonality 0.0203
Added VEE_Heather to ZBiome_Badlands with commonality 0.09985
Added VEE_Gorse to ZBiome_Badlands with commonality 0.1423
Added VCE_Plant_AloeVera to ZBiome_Badlands with commonality 0.07345
Added VCE_Plant_JadePlant to ZBiome_Badlands with commonality 0.0804
Added VCE_Plant_SnakePlant to ZBiome_Badlands with commonality 0.0633
Added RG_Plant_AridGrass to ZBiome_Badlands with commonality 0.1423
Added Plant_DesertDandelion to ZBiome_Badlands with commonality 0.13695
Added RG_FlowerCactus to ZBiome_Badlands with commonality 0.0633
Added RG_Plant_TigerLily to ZBiome_Badlands with commonality 0.00625
Added Plant_Brambles to ZBiome_Badlands with commonality 0.0203
Added RG_Plant_CreepStern to ZBiome_Badlands with commonality 0.008
Added RG_Plant_Dervish to ZBiome_Badlands with commonality 0.008
Added RG_Plant_Oxalis to ZBiome_Badlands with commonality 0.01335
Added RG_Plant_Plumeria to ZBiome_Badlands with commonality 0.005
Added RG_Plant_BramblesRed to ZBiome_Badlands with commonality 0.01335
Added RG_Plant_BramblesYellow to ZBiome_Badlands with commonality 0.01335
Added RG_Plant_CrimsonCushion to ZBiome_Badlands with commonality 0.008
Added RG_Plant_LupineIceland to ZBiome_Badlands with commonality 0.008
Added RotR_RoseOfRebirth to ZBiome_Badlands with commonality 0.005
Added Plant_TallGrass to ZBiome_CloudForest with commonality 3.833333
Added RG_Plant_Tidalis to ZBiome_CloudForest with commonality 0.5333334
Added RG_Plant_Oxalis to ZBiome_CloudForest with commonality 0.2666667
Added RG_Plant_Plumeria to ZBiome_CloudForest with commonality 0.2666667
Added RG_NeoAmanita to ZBiome_CloudForest with commonality 0.01666667
Added RG_Plant_TreeDwarfPalm to ZBiome_CloudForest with commonality 0.3333333
Added RG_Plant_TallPalmTree to ZBiome_CloudForest with commonality 0.03333334
Added BMT_Plant_BloomingCorpse to ZBiome_CloudForest with commonality 0.01666667
Added BMT_Plant_EclipsusFlower to ZBiome_CloudForest with commonality 0.3
Added BMT_Plant_EclipsusLeaves to ZBiome_CloudForest with commonality 0.4
Added BMT_Plant_PigsEars to ZBiome_CloudForest with commonality 1.666667
Added BMT_Plant_SewerReed to ZBiome_CloudForest with commonality 0.2666667
Added BMT_Plant_ToxicIvy to ZBiome_CloudForest with commonality 1.666667
Added BMT_Plant_TreeClawhandCitron to ZBiome_CloudForest with commonality 0.05
Added BMT_Plant_TreeSeepingEucalyptus to ZBiome_CloudForest with commonality 0.6666667
Added BMT_Plant_TumorbulbHyacinth to ZBiome_CloudForest with commonality 0.2666667
Added RG_Plant_Raspberry to ZBiome_CoastalDunes with commonality 0.025
Added RG_Plant_TemperateIvy to ZBiome_CoastalDunes with commonality 1.5
Added RG_Plant_TemperateFern to ZBiome_CoastalDunes with commonality 0.3
Added RG_Plant_BlueDandelion to ZBiome_CoastalDunes with commonality 0.25
Added RG_Plant_RedDandelion to ZBiome_CoastalDunes with commonality 0.25
Added RG_Cibarius to ZBiome_CoastalDunes with commonality 0.025
Added RG_Plant_TreeCornish to ZBiome_CoastalDunes with commonality 0.3
Added RG_Plant_TropicalChokevine to ZBiome_CoastalDunes with commonality 0.75
Added RG_Plant_Tidalis to ZBiome_CoastalDunes with commonality 0.4
Added RG_Plant_Oxalis to ZBiome_CoastalDunes with commonality 0.2
Added RG_Plant_Plumeria to ZBiome_CoastalDunes with commonality 0.2
Added RG_NeoAmanita to ZBiome_CoastalDunes with commonality 0.0125
Added BMT_Plant_BloomingCorpse to ZBiome_CoastalDunes with commonality 0.0125
Added BMT_Plant_EclipsusFlower to ZBiome_CoastalDunes with commonality 0.3
Added BMT_Plant_EclipsusLeaves to ZBiome_CoastalDunes with commonality 0.4
Added BMT_Plant_Mantrap to ZBiome_CoastalDunes with commonality 0.05
Added BMT_Plant_PigsEars to ZBiome_CoastalDunes with commonality 1
Added BMT_Plant_WildRashroot to ZBiome_CoastalDunes with commonality 0.25
Added BMT_Plant_SewerReed to ZBiome_CoastalDunes with commonality 0.3
Added BMT_Plant_Snaketails to ZBiome_CoastalDunes with commonality 0.2
Added BMT_Plant_ToxicIvy to ZBiome_CoastalDunes with commonality 1
Added BMT_Plant_TreeBlotBirch to ZBiome_CoastalDunes with commonality 0.25
Added BMT_Plant_TreeClawhandCitron to ZBiome_CoastalDunes with commonality 0.05
Added BMT_Plant_TreeSeepingEucalyptus to ZBiome_CoastalDunes with commonality 0.25
Added BMT_Plant_TreeWhistlingCane to ZBiome_CoastalDunes with commonality 0.25
Added BMT_Plant_TreeWormoak to ZBiome_CoastalDunes with commonality 0.25
Added BMT_Plant_TumorbulbHyacinth to ZBiome_CoastalDunes with commonality 0.05
Added BMT_Plant_TwistedDandelion to ZBiome_CoastalDunes with commonality 0.25
Added AB_DessertTree to ZBiome_DesertOasis with commonality 0.0194
Added AB_Aaklac to ZBiome_DesertOasis with commonality 0.0483
Added AB_HardyGrass to ZBiome_DesertOasis with commonality 2.2
Added AB_BrownBarrelCactus to ZBiome_DesertOasis with commonality 0.1266
Added GRimPebbleCactus to ZBiome_DesertOasis with commonality 0.107
Added GRim1PebbleCactus to ZBiome_DesertOasis with commonality 0.0944
Added GRimYellowGrass to ZBiome_DesertOasis with commonality 0.3996
Added GRimAgavePlant to ZBiome_DesertOasis with commonality 0.12
Added GRimAgave to ZBiome_DesertOasis with commonality 0.1608
Added GRimPincushionCactus to ZBiome_DesertOasis with commonality 0.1969
Added GRim1PincushionCactus to ZBiome_DesertOasis with commonality 0.1608
Added GRimSaguaroCactus to ZBiome_DesertOasis with commonality 0.038
Added GRim1SaguaroCactus to ZBiome_DesertOasis with commonality 0.038
Added AreebianCactus to ZBiome_DesertOasis with commonality 0.1608
Added TreeDragoberry to ZBiome_DesertOasis with commonality 0.0647
Added Plant_Chakroot to ZBiome_DesertOasis with commonality 0.0153
Added Plant_HubbaGourd to ZBiome_DesertOasis with commonality 0.0153
Added Plant_Chakroot_Wild to ZBiome_DesertOasis with commonality 0.1608
Added Plant_HubbaGourd_Wild to ZBiome_DesertOasis with commonality 0.1266
Added VEE_Plant_HoodiaCactus to ZBiome_DesertOasis with commonality 0.0822
Added VCE_Plant_AloeVera to ZBiome_DesertOasis with commonality 0.1469
Added VCE_Plant_JadePlant to ZBiome_DesertOasis with commonality 0.1608
Added VCE_Plant_SnakePlant to ZBiome_DesertOasis with commonality 0.1266
Added Plant_DesertDandelion to ZBiome_DesertOasis with commonality 0.2739
Added RG_FlowerCactus to ZBiome_DesertOasis with commonality 0.1266
Added Plant_Grass to ZBiome_Marsh with commonality 7.5
Added RG_Plant_Raspberry to ZBiome_Marsh with commonality 0.01
Added RG_Plant_TemperateIvy to ZBiome_Marsh with commonality 2.5
Added RG_Plant_TemperateFern to ZBiome_Marsh with commonality 0.2
Added RG_Cibarius to ZBiome_Marsh with commonality 0.0175
Added RG_Plant_TreeCornish to ZBiome_Marsh with commonality 0.1
Added BMT_Plant_CryingWolfberryBush to ZBiome_Marsh with commonality 0.035
Added BMT_Plant_Doomsprout to ZBiome_Marsh with commonality 0.15
Added BMT_Plant_EclipsusFlower to ZBiome_Marsh with commonality 0.15
Added BMT_Plant_EclipsusLeaves to ZBiome_Marsh with commonality 0.2
Added BMT_Plant_GutterPlantain to ZBiome_Marsh with commonality 0.25
Added BMT_Plant_PaganThorns to ZBiome_Marsh with commonality 1.5
Added BMT_Plant_WildRashroot to ZBiome_Marsh with commonality 0.35
Added BMT_Plant_SewerReed to ZBiome_Marsh with commonality 0.4
Added BMT_Plant_Snaketails to ZBiome_Marsh with commonality 0.6
Added BMT_Plant_Toxcaps to ZBiome_Marsh with commonality 1.5
Added BMT_Plant_TreeClawhandCitron to ZBiome_Marsh with commonality 0.025
Added BMT_Plant_TreeScalpedCypress to ZBiome_Marsh with commonality 0.25
Added BMT_Plant_TreeSnakeWillow to ZBiome_Marsh with commonality 0.75
Added BMT_Plant_TreeWormoak to ZBiome_Marsh with commonality 0.5
Added Plant_TallGrass to ZBiome_Sandbar_NoBeach with commonality 4.5
Added Plant_Brambles to ZBiome_Sandbar_NoBeach with commonality 0.5
Added RG_Plant_Raspberry to ZBiome_Sandbar_NoBeach with commonality 0.025
Added RG_Plant_TemperateIvy to ZBiome_Sandbar_NoBeach with commonality 1.5
Added RG_Plant_TemperateFern to ZBiome_Sandbar_NoBeach with commonality 0.3
Added RG_Plant_BlueDandelion to ZBiome_Sandbar_NoBeach with commonality 0.25
Added RG_Plant_RedDandelion to ZBiome_Sandbar_NoBeach with commonality 0.25
Added RG_Cibarius to ZBiome_Sandbar_NoBeach with commonality 0.025
Added RG_Plant_TreeCornish to ZBiome_Sandbar_NoBeach with commonality 0.3
Added RG_Plant_TropicalIvy to ZBiome_Sandbar_NoBeach with commonality 0.75
Added RG_Plant_TropicalFern to ZBiome_Sandbar_NoBeach with commonality 0.4
Added RG_Plant_TropicalChokevine to ZBiome_Sandbar_NoBeach with commonality 0.75
Added RG_Plant_Tidalis to ZBiome_Sandbar_NoBeach with commonality 0.4
Added RG_Plant_Oxalis to ZBiome_Sandbar_NoBeach with commonality 0.2
Added RG_Plant_Plumeria to ZBiome_Sandbar_NoBeach with commonality 0.2
Added RG_NeoAmanita to ZBiome_Sandbar_NoBeach with commonality 0.0125
Added RG_Plant_TreeDwarfPalm to ZBiome_Sandbar_NoBeach with commonality 0.25
Added RG_Plant_TallPalmTree to ZBiome_Sandbar_NoBeach with commonality 0.025
Added BMT_Plant_BloomingCorpse to ZBiome_Sandbar_NoBeach with commonality 0.0125
Added BMT_Plant_EclipsusFlower to ZBiome_Sandbar_NoBeach with commonality 0.3
Added BMT_Plant_EclipsusLeaves to ZBiome_Sandbar_NoBeach with commonality 0.4
Added BMT_Plant_Mantrap to ZBiome_Sandbar_NoBeach with commonality 0.05
Added BMT_Plant_PigsEars to ZBiome_Sandbar_NoBeach with commonality 1
Added BMT_Plant_WildRashroot to ZBiome_Sandbar_NoBeach with commonality 0.25
Added BMT_Plant_SewerReed to ZBiome_Sandbar_NoBeach with commonality 0.3
Added BMT_Plant_Snaketails to ZBiome_Sandbar_NoBeach with commonality 0.2
Added BMT_Plant_ToxicIvy to ZBiome_Sandbar_NoBeach with commonality 1
Added BMT_Plant_TreeBlotBirch to ZBiome_Sandbar_NoBeach with commonality 0.25
Added BMT_Plant_TreeClawhandCitron to ZBiome_Sandbar_NoBeach with commonality 0.05
Added BMT_Plant_TreeSeepingEucalyptus to ZBiome_Sandbar_NoBeach with commonality 0.25
Added BMT_Plant_TreeWhistlingCane to ZBiome_Sandbar_NoBeach with commonality 0.25
Added BMT_Plant_TreeWormoak to ZBiome_Sandbar_NoBeach with commonality 0.25
Added BMT_Plant_TumorbulbHyacinth to ZBiome_Sandbar_NoBeach with commonality 0.05
Added BMT_Plant_TwistedDandelion to ZBiome_Sandbar_NoBeach with commonality 0.25
 
****************__________ Starting to patch mod added creatures to mod added biomes... __________****************
 
****************__________ Starting to patch mod added polluted creatures to mod added biomes... __________****************
Added Rancor to Savanna with commonality 0.01
Added Vulptex to Savanna with commonality 0.015
Added Akk to Savanna with commonality 0.05
Added Borcatu to Savanna with commonality 0.15
Added Cannok to Savanna with commonality 0.04
Added Clodhopper to Savanna with commonality 0.075
Added EnergySpider to Savanna with commonality 0.005
Added FrilledGorg to Savanna with commonality 0.075
Added Gorg to Savanna with commonality 0.095
Added Grank to Savanna with commonality 0.045
Added GraniteSlug to Savanna with commonality 0.15
Added Gundark to Savanna with commonality 0.02
Added Gutkurr to Savanna with commonality 0.025
Added Hawkbat to Savanna with commonality 0.005
Added Insectomorph to Savanna with commonality 0.105
Added KellDragon to Savanna with commonality 0.02
Added Kinrath to Savanna with commonality 0.005
Added Krykna to Savanna with commonality 0.025
Added Kreetle to Savanna with commonality 0.15
Added Lylek to Savanna with commonality 0.02
Added Mynock to Savanna with commonality 0.15
Added Neebray to Savanna with commonality 0.15
Added PaintedSpat to Savanna with commonality 0.045
Added Scavrat to Savanna with commonality 0.15
Added Scurrier to Savanna with commonality 0.075
Added Shyrack to Savanna with commonality 0.04
Added Silooth to Savanna with commonality 0.005
Added Skalder to Savanna with commonality 0.04
Added TeeMuss to Savanna with commonality 0.075
Added Tibidee to Savanna with commonality 0.0005
Added Tooke to Savanna with commonality 0.08000001
Added Tukata to Savanna with commonality 0.02
Added Urusai to Savanna with commonality 0.075
Added Vapaad to Savanna with commonality 0.005
Added Warbird to Savanna with commonality 0.005
Added VAEWaste_Toxiguana to Savanna with commonality 0.5
Added BMT_Polluwog to Savanna with commonality 0.005
Added BMT_GastroToad to Savanna with commonality 0.015
Added BMT_Megaphorid to Savanna with commonality 0.005
Added BMT_Megaroach to Savanna with commonality 0.1
Added BMT_MutagenicNorphea to Savanna with commonality 0.015
Added BMT_SludgeCrawler to Savanna with commonality 0.01
Added BMT_Swarmcaller to Savanna with commonality 0.15
Added Vulptex to Volcano with commonality 0.08
Added Akk to Volcano with commonality 0.08
Added Boma to Volcano with commonality 0.01
Added Cannok to Volcano with commonality 0.08
Added FrilledGorg to Volcano with commonality 0.15
Added GraniteSlug to Volcano with commonality 0.15
Added Insectomorph to Volcano with commonality 0.08
Added Kreetle to Volcano with commonality 0.15
Added LavaFlea to Volcano with commonality 0.15
Added Mynock to Volcano with commonality 0.15
Added Neebray to Volcano with commonality 0.15
Added PaintedSpat to Volcano with commonality 0.08
Added Roggwart to Volcano with commonality 0.15
Added Scavrat to Volcano with commonality 0.01
Added Vapaad to Volcano with commonality 0.08
Added Rancor to Wasteland with commonality 0.01
Added Vulptex to Wasteland with commonality 0.03
Added Akk to Wasteland with commonality 0.02
Added Borcatu to Wasteland with commonality 0.15
Added EnergySpider to Wasteland with commonality 0.01
Added Gorg to Wasteland with commonality 0.04
Added Grank to Wasteland with commonality 0.01
Added GraniteSlug to Wasteland with commonality 0.15
Added Gundark to Wasteland with commonality 0.03
Added Gutkurr to Wasteland with commonality 0.04
Added Hawkbat to Wasteland with commonality 0.01
Added Insectomorph to Wasteland with commonality 0.06
Added KellDragon to Wasteland with commonality 0.04
Added Kinrath to Wasteland with commonality 0.01
Added Krykna to Wasteland with commonality 0.01
Added Kreetle to Wasteland with commonality 0.15
Added Lylek to Wasteland with commonality 0.04
Added Mynock to Wasteland with commonality 0.15
Added Neebray to Wasteland with commonality 0.15
Added PaintedSpat to Wasteland with commonality 0.01
Added Scavrat to Wasteland with commonality 0.15
Added Scurrier to Wasteland with commonality 0.15
Added Shyrack to Wasteland with commonality 0.08
Added Silooth to Wasteland with commonality 0.01
Added Skalder to Wasteland with commonality 0.08
Added Tooke to Wasteland with commonality 0.01
Added Tukata to Wasteland with commonality 0.04
Added Urusai to Wasteland with commonality 0.15
Added Vapaad to Wasteland with commonality 0.01
Added VAEWaste_Toxiguana to Wasteland with commonality 1
Added BMT_Polluwog to Wasteland with commonality 0.01
Added BMT_GastroToad to Wasteland with commonality 0.03
Added BMT_Megaphorid to Wasteland with commonality 0.01
Added BMT_Megaroach to Wasteland with commonality 0.2
Added BMT_MutagenicNorphea to Wasteland with commonality 0.03
Added BMT_SludgeCrawler to Wasteland with commonality 0.02
Added BMT_Swarmcaller to Wasteland with commonality 0.3
Added DA_Phrak to Wetland with commonality 0.2
Added Rancor to Wetland with commonality 0.01
Added Vulptex to Wetland with commonality 0.005
Added Akk to Wetland with commonality 0.005
Added Blixus to Wetland with commonality 0.075
Added Boma to Wetland with commonality 0.005
Added Borcatu to Wetland with commonality 0.04
Added Cannok to Wetland with commonality 0.04
Added Clodhopper to Wetland with commonality 0.04
Added Devourers to Wetland with commonality 0.005
Added Dianoga to Wetland with commonality 0.045
Added Dragonsnake to Wetland with commonality 0.02
Added Gelagrub to Wetland with commonality 0.045
Added Gorg to Wetland with commonality 0.115
Added Grank to Wetland with commonality 0.01
Added GraniteSlug to Wetland with commonality 0.15
Added Gundark to Wetland with commonality 0.01
Added Hawkbat to Wetland with commonality 0.08000001
Added Hssiss to Wetland with commonality 0.075
Added KellDragon to Wetland with commonality 0.005
Added Kinrath to Wetland with commonality 0.04
Added Klorslug to Wetland with commonality 0.04
Added Krykna to Wetland with commonality 0.04
Added Kreetle to Wetland with commonality 0.025
Added KwazelMaw to Wetland with commonality 0.025
Added LongtailGorg to Wetland with commonality 0.04
Added Mynock to Wetland with commonality 0.15
Added Neebray to Wetland with commonality 0.075
Added PaintedSpat to Wetland with commonality 0.005
Added PekoPeko to Wetland with commonality 0.04
Added Scavrat to Wetland with commonality 0.15
Added Scurrier to Wetland with commonality 0.005
Added Silooth to Wetland with commonality 0.075
Added Skalder to Wetland with commonality 0.005
Added Snoruuk to Wetland with commonality 0.075
Added Stintaril to Wetland with commonality 0.01
Added TeeMuss to Wetland with commonality 0.035
Added Tibidee to Wetland with commonality 0.0005
Added Vapaad to Wetland with commonality 0.005
Added Veermok to Wetland with commonality 0.045
Added Whisperbird to Wetland with commonality 0.08
Added WompRat to Wetland with commonality 0.01
Added Zakkeg to Wetland with commonality 0.005
Added BMT_Polluwog to Wetland with commonality 0.08
Added BMT_GastroToad to Wetland with commonality 0.3
Added BMT_Glowtail to Wetland with commonality 0.3
Added BMT_Megaphorid to Wetland with commonality 0.01
Added BMT_Megaroach to Wetland with commonality 0.2
Added BMT_MucklurkerCatfish to Wetland with commonality 0.025
Added BMT_MutagenicNorphea to Wetland with commonality 0.03
Added BMT_MutatingTumorfishSpawn to Wetland with commonality 0.05
Added BMT_MutatingTumorfishFry to Wetland with commonality 0.05
Added BMT_MutatingTumorfishAdult to Wetland with commonality 0.05
Added BMT_SludgeCrawler to Wetland with commonality 0.2
Added BMT_SmogMothLarvae to Wetland with commonality 0.1
Added BMT_SmogMoth to Wetland with commonality 0.05
Added BMT_Swarmcaller to Wetland with commonality 0.3
Added BMT_ToxSheep to Wetland with commonality 0.35
Added BMT_TripleSnapper to Wetland with commonality 0.1
Added DA_Phrak to AB_FeraliskInfestedJungle with commonality 0.275
Added Rancor to AB_FeraliskInfestedJungle with commonality 0.08
Added Vulptex to AB_FeraliskInfestedJungle with commonality 0.005
Added Akk to AB_FeraliskInfestedJungle with commonality 0.04
Added Blixus to AB_FeraliskInfestedJungle with commonality 0.075
Added Boma to AB_FeraliskInfestedJungle with commonality 0.04
Added Borcatu to AB_FeraliskInfestedJungle with commonality 0.04
Added Cannok to AB_FeraliskInfestedJungle with commonality 0.08
Added Devourers to AB_FeraliskInfestedJungle with commonality 0.08
Added Dianoga to AB_FeraliskInfestedJungle with commonality 0.09
Added Dragonsnake to AB_FeraliskInfestedJungle with commonality 0.095
Added FrilledGorg to AB_FeraliskInfestedJungle with commonality 0.075
Added Gelagrub to AB_FeraliskInfestedJungle with commonality 0.115
Added Gorg to AB_FeraliskInfestedJungle with commonality 0.475
Added Grank to AB_FeraliskInfestedJungle with commonality 0.03
Added GraniteSlug to AB_FeraliskInfestedJungle with commonality 0.15
Added Gundark to AB_FeraliskInfestedJungle with commonality 0.015
Added Gutkurr to AB_FeraliskInfestedJungle with commonality 0.005
Added Hawkbat to AB_FeraliskInfestedJungle with commonality 0.095
Added Hssiss to AB_FeraliskInfestedJungle with commonality 0.095
Added Insectomorph to AB_FeraliskInfestedJungle with commonality 0.005
Added JungleRancor to AB_FeraliskInfestedJungle with commonality 0.075
Added Kinrath to AB_FeraliskInfestedJungle with commonality 0.08
Added Klorslug to AB_FeraliskInfestedJungle with commonality 0.04
Added Krykna to AB_FeraliskInfestedJungle with commonality 0.09
Added Kreetle to AB_FeraliskInfestedJungle with commonality 0.25
Added KwazelMaw to AB_FeraliskInfestedJungle with commonality 0.06
Added LavaFlea to AB_FeraliskInfestedJungle with commonality 0.005
Added LongtailGorg to AB_FeraliskInfestedJungle with commonality 0.15
Added MarshHaunt to AB_FeraliskInfestedJungle with commonality 0.075
Added Mynock to AB_FeraliskInfestedJungle with commonality 0.15
Added Neebray to AB_FeraliskInfestedJungle with commonality 0.15
Added PaintedSpat to AB_FeraliskInfestedJungle with commonality 0.055
Added PekoPeko to AB_FeraliskInfestedJungle with commonality 0.08
Added Roggwart to AB_FeraliskInfestedJungle with commonality 0.01
Added Scavrat to AB_FeraliskInfestedJungle with commonality 0.15
Added Scurrier to AB_FeraliskInfestedJungle with commonality 0.005
Added Silooth to AB_FeraliskInfestedJungle with commonality 0.115
Added Skalder to AB_FeraliskInfestedJungle with commonality 0.075
Added Snoruuk to AB_FeraliskInfestedJungle with commonality 0.15
Added Stintaril to AB_FeraliskInfestedJungle with commonality 0.08000001
Added TeeMuss to AB_FeraliskInfestedJungle with commonality 0.05
Added Tooke to AB_FeraliskInfestedJungle with commonality 0.15
Added Taozin to AB_FeraliskInfestedJungle with commonality 0.01
Added Tukata to AB_FeraliskInfestedJungle with commonality 0.005
Added Vapaad to AB_FeraliskInfestedJungle with commonality 0.03
Added Veermok to AB_FeraliskInfestedJungle with commonality 0.08
Added WarWyrm to AB_FeraliskInfestedJungle with commonality 0.001
Added Whisperbird to AB_FeraliskInfestedJungle with commonality 0.15
Added WompRat to AB_FeraliskInfestedJungle with commonality 0.01
Added Wyyyschokk to AB_FeraliskInfestedJungle with commonality 0.08
Added Zakkeg to AB_FeraliskInfestedJungle with commonality 0.04
Added BMT_Polluwog to AB_FeraliskInfestedJungle with commonality 0.08
Added BMT_GastroToad to AB_FeraliskInfestedJungle with commonality 0.3
Added BMT_Glowtail to AB_FeraliskInfestedJungle with commonality 0.55
Added BMT_Creature_Mantrap to AB_FeraliskInfestedJungle with commonality 0.0005
Added BMT_Megaphorid to AB_FeraliskInfestedJungle with commonality 0.01
Added BMT_Megaroach to AB_FeraliskInfestedJungle with commonality 0.2
Added BMT_MucklurkerCatfish to AB_FeraliskInfestedJungle with commonality 0.025
Added BMT_MutagenicNorphea to AB_FeraliskInfestedJungle with commonality 0.03
Added BMT_MutatingTumorfishSpawn to AB_FeraliskInfestedJungle with commonality 0.05
Added BMT_MutatingTumorfishFry to AB_FeraliskInfestedJungle with commonality 0.05
Added BMT_MutatingTumorfishAdult to AB_FeraliskInfestedJungle with commonality 0.05
Added BMT_SludgeCrawler to AB_FeraliskInfestedJungle with commonality 0.2
Added BMT_SmogMothLarvae to AB_FeraliskInfestedJungle with commonality 0.1
Added BMT_SmogMoth to AB_FeraliskInfestedJungle with commonality 0.05
Added BMT_Swarmcaller to AB_FeraliskInfestedJungle with commonality 0.3
Added BMT_ToxSheep to AB_FeraliskInfestedJungle with commonality 0.15
Added BMT_TripleSnapper to AB_FeraliskInfestedJungle with commonality 0.1
Added Rancor to AB_RockyCrags with commonality 0.01
Added Vulptex to AB_RockyCrags with commonality 0.03
Added Akk to AB_RockyCrags with commonality 0.02
Added Borcatu to AB_RockyCrags with commonality 0.15
Added EnergySpider to AB_RockyCrags with commonality 0.01
Added Gorg to AB_RockyCrags with commonality 0.04
Added Grank to AB_RockyCrags with commonality 0.01
Added GraniteSlug to AB_RockyCrags with commonality 0.15
Added Gundark to AB_RockyCrags with commonality 0.03
Added Gutkurr to AB_RockyCrags with commonality 0.04
Added Hawkbat to AB_RockyCrags with commonality 0.01
Added Insectomorph to AB_RockyCrags with commonality 0.06
Added KellDragon to AB_RockyCrags with commonality 0.04
Added Kinrath to AB_RockyCrags with commonality 0.01
Added Krykna to AB_RockyCrags with commonality 0.01
Added Kreetle to AB_RockyCrags with commonality 0.15
Added Lylek to AB_RockyCrags with commonality 0.04
Added Mynock to AB_RockyCrags with commonality 0.15
Added Neebray to AB_RockyCrags with commonality 0.15
Added PaintedSpat to AB_RockyCrags with commonality 0.01
Added Scavrat to AB_RockyCrags with commonality 0.15
Added Scurrier to AB_RockyCrags with commonality 0.15
Added Shyrack to AB_RockyCrags with commonality 0.08
Added Silooth to AB_RockyCrags with commonality 0.01
Added Skalder to AB_RockyCrags with commonality 0.08
Added Tooke to AB_RockyCrags with commonality 0.01
Added Tukata to AB_RockyCrags with commonality 0.04
Added Urusai to AB_RockyCrags with commonality 0.15
Added Vapaad to AB_RockyCrags with commonality 0.01
Added BMT_Polluwog to AB_RockyCrags with commonality 0.01
Added BMT_GastroToad to AB_RockyCrags with commonality 0.03
Added BMT_Megaphorid to AB_RockyCrags with commonality 0.01
Added BMT_Megaroach to AB_RockyCrags with commonality 0.2
Added BMT_MutagenicNorphea to AB_RockyCrags with commonality 0.03
Added BMT_SludgeCrawler to AB_RockyCrags with commonality 0.02
Added BMT_Swarmcaller to AB_RockyCrags with commonality 0.3
Added Rancor to AB_GallatrossGraveyard with commonality 0.08
Added Vulptex to AB_GallatrossGraveyard with commonality 0.04
Added Akk to AB_GallatrossGraveyard with commonality 0.08
Added Boma to AB_GallatrossGraveyard with commonality 0.04
Added Borcatu to AB_GallatrossGraveyard with commonality 0.08
Added Cannok to AB_GallatrossGraveyard with commonality 0.04
Added Clodhopper to AB_GallatrossGraveyard with commonality 0.15
Added FrilledGorg to AB_GallatrossGraveyard with commonality 0.08
Added Gorg to AB_GallatrossGraveyard with commonality 0.06
Added Grank to AB_GallatrossGraveyard with commonality 0.08
Added GraniteSlug to AB_GallatrossGraveyard with commonality 0.15
Added Gundark to AB_GallatrossGraveyard with commonality 0.15
Added Gutkurr to AB_GallatrossGraveyard with commonality 0.08
Added Hawkbat to AB_GallatrossGraveyard with commonality 0.04
Added Insectomorph to AB_GallatrossGraveyard with commonality 0.15
Added KellDragon to AB_GallatrossGraveyard with commonality 0.01
Added Kinrath to AB_GallatrossGraveyard with commonality 0.08
Added Krykna to AB_GallatrossGraveyard with commonality 0.15
Added Kreetle to AB_GallatrossGraveyard with commonality 0.15
Added Lylek to AB_GallatrossGraveyard with commonality 0.01
Added Mynock to AB_GallatrossGraveyard with commonality 0.08
Added Neebray to AB_GallatrossGraveyard with commonality 0.15
Added PaintedSpat to AB_GallatrossGraveyard with commonality 0.15
Added Roggwart to AB_GallatrossGraveyard with commonality 0.01
Added Scavrat to AB_GallatrossGraveyard with commonality 0.15
Added Scurrier to AB_GallatrossGraveyard with commonality 0.15
Added Shyrack to AB_GallatrossGraveyard with commonality 0.04
Added Silooth to AB_GallatrossGraveyard with commonality 0.01
Added Skalder to AB_GallatrossGraveyard with commonality 0.08
Added TeeMuss to AB_GallatrossGraveyard with commonality 0.02
Added Tooke to AB_GallatrossGraveyard with commonality 0.15
Added Urusai to AB_GallatrossGraveyard with commonality 0.15
Added Vapaad to AB_GallatrossGraveyard with commonality 0.01
Added Veermok to AB_GallatrossGraveyard with commonality 0.04
Added WompRat to AB_GallatrossGraveyard with commonality 0.8
Added Zakkeg to AB_GallatrossGraveyard with commonality 0.04
Added BMT_Polluwog to AB_GallatrossGraveyard with commonality 0.01
Added BMT_GastroToad to AB_GallatrossGraveyard with commonality 0.03
Added BMT_Glowtail to AB_GallatrossGraveyard with commonality 0.2
Added BMT_Megaphorid to AB_GallatrossGraveyard with commonality 0.01
Added BMT_Megaroach to AB_GallatrossGraveyard with commonality 0.2
Added BMT_MutagenicNorphea to AB_GallatrossGraveyard with commonality 0.03
Added BMT_SludgeCrawler to AB_GallatrossGraveyard with commonality 0.02
Added BMT_Swarmcaller to AB_GallatrossGraveyard with commonality 0.3
Added DA_Phrak to AB_GelatinousSuperorganism with commonality 0.2
Added Rancor to AB_GelatinousSuperorganism with commonality 0.01
Added Vulptex to AB_GelatinousSuperorganism with commonality 0.005
Added Akk to AB_GelatinousSuperorganism with commonality 0.005
Added Blixus to AB_GelatinousSuperorganism with commonality 0.075
Added Boma to AB_GelatinousSuperorganism with commonality 0.005
Added Borcatu to AB_GelatinousSuperorganism with commonality 0.04
Added Cannok to AB_GelatinousSuperorganism with commonality 0.04
Added Clodhopper to AB_GelatinousSuperorganism with commonality 0.04
Added Devourers to AB_GelatinousSuperorganism with commonality 0.005
Added Dianoga to AB_GelatinousSuperorganism with commonality 0.045
Added Dragonsnake to AB_GelatinousSuperorganism with commonality 0.02
Added Gelagrub to AB_GelatinousSuperorganism with commonality 0.045
Added Gorg to AB_GelatinousSuperorganism with commonality 0.115
Added Grank to AB_GelatinousSuperorganism with commonality 0.01
Added GraniteSlug to AB_GelatinousSuperorganism with commonality 0.15
Added Gundark to AB_GelatinousSuperorganism with commonality 0.01
Added Hawkbat to AB_GelatinousSuperorganism with commonality 0.08000001
Added Hssiss to AB_GelatinousSuperorganism with commonality 0.075
Added KellDragon to AB_GelatinousSuperorganism with commonality 0.005
Added Kinrath to AB_GelatinousSuperorganism with commonality 0.04
Added Klorslug to AB_GelatinousSuperorganism with commonality 0.04
Added Krykna to AB_GelatinousSuperorganism with commonality 0.04
Added Kreetle to AB_GelatinousSuperorganism with commonality 0.025
Added KwazelMaw to AB_GelatinousSuperorganism with commonality 0.025
Added LongtailGorg to AB_GelatinousSuperorganism with commonality 0.04
Added Mynock to AB_GelatinousSuperorganism with commonality 0.15
Added Neebray to AB_GelatinousSuperorganism with commonality 0.075
Added PaintedSpat to AB_GelatinousSuperorganism with commonality 0.005
Added PekoPeko to AB_GelatinousSuperorganism with commonality 0.04
Added Scavrat to AB_GelatinousSuperorganism with commonality 0.15
Added Scurrier to AB_GelatinousSuperorganism with commonality 0.005
Added Silooth to AB_GelatinousSuperorganism with commonality 0.075
Added Skalder to AB_GelatinousSuperorganism with commonality 0.005
Added Snoruuk to AB_GelatinousSuperorganism with commonality 0.075
Added Stintaril to AB_GelatinousSuperorganism with commonality 0.01
Added TeeMuss to AB_GelatinousSuperorganism with commonality 0.035
Added Tibidee to AB_GelatinousSuperorganism with commonality 0.0005
Added Vapaad to AB_GelatinousSuperorganism with commonality 0.005
Added Veermok to AB_GelatinousSuperorganism with commonality 0.045
Added Whisperbird to AB_GelatinousSuperorganism with commonality 0.08
Added WompRat to AB_GelatinousSuperorganism with commonality 0.01
Added Zakkeg to AB_GelatinousSuperorganism with commonality 0.005
Added BMT_Polluwog to AB_GelatinousSuperorganism with commonality 0.08
Added BMT_GastroToad to AB_GelatinousSuperorganism with commonality 0.3
Added BMT_Glowtail to AB_GelatinousSuperorganism with commonality 0.3
Added BMT_Megaphorid to AB_GelatinousSuperorganism with commonality 0.01
Added BMT_Megaroach to AB_GelatinousSuperorganism with commonality 0.2
Added BMT_MucklurkerCatfish to AB_GelatinousSuperorganism with commonality 0.025
Added BMT_MutagenicNorphea to AB_GelatinousSuperorganism with commonality 0.03
Added BMT_MutatingTumorfishSpawn to AB_GelatinousSuperorganism with commonality 0.05
Added BMT_MutatingTumorfishFry to AB_GelatinousSuperorganism with commonality 0.05
Added BMT_MutatingTumorfishAdult to AB_GelatinousSuperorganism with commonality 0.05
Added BMT_SludgeCrawler to AB_GelatinousSuperorganism with commonality 0.2
Added BMT_SmogMothLarvae to AB_GelatinousSuperorganism with commonality 0.1
Added BMT_SmogMoth to AB_GelatinousSuperorganism with commonality 0.05
Added BMT_Swarmcaller to AB_GelatinousSuperorganism with commonality 0.3
Added BMT_ToxSheep to AB_GelatinousSuperorganism with commonality 0.35
Added BMT_TripleSnapper to AB_GelatinousSuperorganism with commonality 0.1
Added Rancor to AB_IdyllicMeadows with commonality 0.01
Added Vulptex to AB_IdyllicMeadows with commonality 0.01
Added Akk to AB_IdyllicMeadows with commonality 0.01
Added Boma to AB_IdyllicMeadows with commonality 0.01
Added Borcatu to AB_IdyllicMeadows with commonality 0.08
Added Cannok to AB_IdyllicMeadows with commonality 0.04
Added Clodhopper to AB_IdyllicMeadows with commonality 0.08
Added Dianoga to AB_IdyllicMeadows with commonality 0.01
Added Gelagrub to AB_IdyllicMeadows with commonality 0.01
Added Gorg to AB_IdyllicMeadows with commonality 0.15
Added Grank to AB_IdyllicMeadows with commonality 0.02
Added GraniteSlug to AB_IdyllicMeadows with commonality 0.15
Added Gundark to AB_IdyllicMeadows with commonality 0.01
Added Hawkbat to AB_IdyllicMeadows with commonality 0.15
Added KellDragon to AB_IdyllicMeadows with commonality 0.01
Added Kinrath to AB_IdyllicMeadows with commonality 0.08
Added Klorslug to AB_IdyllicMeadows with commonality 0.08
Added Krykna to AB_IdyllicMeadows with commonality 0.04
Added Kreetle to AB_IdyllicMeadows with commonality 0.02
Added KwazelMaw to AB_IdyllicMeadows with commonality 0.01
Added Mynock to AB_IdyllicMeadows with commonality 0.15
Added Neebray to AB_IdyllicMeadows with commonality 0.15
Added PaintedSpat to AB_IdyllicMeadows with commonality 0.01
Added PekoPeko to AB_IdyllicMeadows with commonality 0.08
Added Scavrat to AB_IdyllicMeadows with commonality 0.15
Added Scurrier to AB_IdyllicMeadows with commonality 0.01
Added Skalder to AB_IdyllicMeadows with commonality 0.01
Added Snoruuk to AB_IdyllicMeadows with commonality 0.15
Added Stintaril to AB_IdyllicMeadows with commonality 0.01
Added TeeMuss to AB_IdyllicMeadows with commonality 0.04
Added Tibidee to AB_IdyllicMeadows with commonality 0.001
Added Vapaad to AB_IdyllicMeadows with commonality 0.01
Added Veermok to AB_IdyllicMeadows with commonality 0.01
Added Whisperbird to AB_IdyllicMeadows with commonality 0.08
Added WompRat to AB_IdyllicMeadows with commonality 0.01
Added Zakkeg to AB_IdyllicMeadows with commonality 0.01
Added BMT_Polluwog to AB_IdyllicMeadows with commonality 0.08
Added BMT_GastroToad to AB_IdyllicMeadows with commonality 0.3
Added BMT_Glowtail to AB_IdyllicMeadows with commonality 0.4
Added BMT_Megaphorid to AB_IdyllicMeadows with commonality 0.01
Added BMT_Megaroach to AB_IdyllicMeadows with commonality 0.2
Added BMT_MutagenicNorphea to AB_IdyllicMeadows with commonality 0.03
Added BMT_SludgeCrawler to AB_IdyllicMeadows with commonality 0.2
Added BMT_SmogMothLarvae to AB_IdyllicMeadows with commonality 0.1
Added BMT_SmogMoth to AB_IdyllicMeadows with commonality 0.05
Added BMT_Swarmcaller to AB_IdyllicMeadows with commonality 0.3
Added BMT_ToxSheep to AB_IdyllicMeadows with commonality 0.7
Added BMT_TripleSnapper to AB_IdyllicMeadows with commonality 0.1
Added Rancor to AB_MechanoidIntrusion with commonality 0.01
Added Vulptex to AB_MechanoidIntrusion with commonality 0.03
Added Borcatu to AB_MechanoidIntrusion with commonality 0.8
Added EnergySpider to AB_MechanoidIntrusion with commonality 0.01
Added Gorg to AB_MechanoidIntrusion with commonality 0.02
Added GraniteSlug to AB_MechanoidIntrusion with commonality 0.15
Added Gutkurr to AB_MechanoidIntrusion with commonality 0.02
Added Hawkbat to AB_MechanoidIntrusion with commonality 0.01
Added Insectomorph to AB_MechanoidIntrusion with commonality 0.04
Added Kinrath to AB_MechanoidIntrusion with commonality 0.01
Added Krykna to AB_MechanoidIntrusion with commonality 0.01
Added Kreetle to AB_MechanoidIntrusion with commonality 0.15
Added LavaFlea to AB_MechanoidIntrusion with commonality 0.08
Added Lylek to AB_MechanoidIntrusion with commonality 0.08
Added Mynock to AB_MechanoidIntrusion with commonality 0.15
Added PaintedSpat to AB_MechanoidIntrusion with commonality 0.01
Added Roggwart to AB_MechanoidIntrusion with commonality 0.01
Added Scavrat to AB_MechanoidIntrusion with commonality 0.15
Added Scurrier to AB_MechanoidIntrusion with commonality 0.15
Added Shyrack to AB_MechanoidIntrusion with commonality 0.15
Added Silooth to AB_MechanoidIntrusion with commonality 0.01
Added Skalder to AB_MechanoidIntrusion with commonality 0.04
Added Tooke to AB_MechanoidIntrusion with commonality 0.01
Added Tukata to AB_MechanoidIntrusion with commonality 0.08
Added Urusai to AB_MechanoidIntrusion with commonality 0.15
Added Vapaad to AB_MechanoidIntrusion with commonality 0.01
Added WompRat to AB_MechanoidIntrusion with commonality 0.04
Added VAEWaste_Toxiguana to AB_MechanoidIntrusion with commonality 1
Added BMT_Polluwog to AB_MechanoidIntrusion with commonality 0.01
Added BMT_GastroToad to AB_MechanoidIntrusion with commonality 0.03
Added BMT_Megaphorid to AB_MechanoidIntrusion with commonality 0.01
Added BMT_Megaroach to AB_MechanoidIntrusion with commonality 0.2
Added BMT_MutagenicNorphea to AB_MechanoidIntrusion with commonality 0.03
Added BMT_SludgeCrawler to AB_MechanoidIntrusion with commonality 0.02
Added BMT_Swarmcaller to AB_MechanoidIntrusion with commonality 0.3
Added DA_Phrak to AB_MiasmicMangrove with commonality 0.4
Added Rancor to AB_MiasmicMangrove with commonality 0.08
Added Blixus to AB_MiasmicMangrove with commonality 0.15
Added Cannok to AB_MiasmicMangrove with commonality 0.08
Added Devourers to AB_MiasmicMangrove with commonality 0.08
Added Dianoga to AB_MiasmicMangrove with commonality 0.15
Added Dragonsnake to AB_MiasmicMangrove with commonality 0.15
Added FrilledGorg to AB_MiasmicMangrove with commonality 0.15
Added Gelagrub to AB_MiasmicMangrove with commonality 0.08
Added Gorg to AB_MiasmicMangrove with commonality 0.15
Added GraniteSlug to AB_MiasmicMangrove with commonality 0.15
Added Hawkbat to AB_MiasmicMangrove with commonality 0.15
Added Hssiss to AB_MiasmicMangrove with commonality 0.15
Added Kinrath to AB_MiasmicMangrove with commonality 0.08
Added Klorslug to AB_MiasmicMangrove with commonality 0.08
Added Krykna to AB_MiasmicMangrove with commonality 0.15
Added KwazelMaw to AB_MiasmicMangrove with commonality 0.08
Added LongtailGorg to AB_MiasmicMangrove with commonality 0.15
Added MarshHaunt to AB_MiasmicMangrove with commonality 0.15
Added Mynock to AB_MiasmicMangrove with commonality 0.15
Added Neebray to AB_MiasmicMangrove with commonality 0.15
Added PaintedSpat to AB_MiasmicMangrove with commonality 0.03
Added PekoPeko to AB_MiasmicMangrove with commonality 0.08
Added Scavrat to AB_MiasmicMangrove with commonality 0.15
Added Silooth to AB_MiasmicMangrove with commonality 0.15
Added Snoruuk to AB_MiasmicMangrove with commonality 0.15
Added Stintaril to AB_MiasmicMangrove with commonality 0.01
Added TeeMuss to AB_MiasmicMangrove with commonality 0.02
Added Tooke to AB_MiasmicMangrove with commonality 0.15
Added Taozin to AB_MiasmicMangrove with commonality 0.01
Added Tukata to AB_MiasmicMangrove with commonality 0.01
Added Vapaad to AB_MiasmicMangrove with commonality 0.03
Added Veermok to AB_MiasmicMangrove with commonality 0.08
Added WarWyrm to AB_MiasmicMangrove with commonality 0.001
Added Whisperbird to AB_MiasmicMangrove with commonality 0.15
Added WompRat to AB_MiasmicMangrove with commonality 0.01
Added Wyyyschokk to AB_MiasmicMangrove with commonality 0.08
Added BMT_Polluwog to AB_MiasmicMangrove with commonality 0.08
Added BMT_GastroToad to AB_MiasmicMangrove with commonality 0.3
Added BMT_Glowtail to AB_MiasmicMangrove with commonality 0.3
Added BMT_Megaphorid to AB_MiasmicMangrove with commonality 0.01
Added BMT_Megaroach to AB_MiasmicMangrove with commonality 0.2
Added BMT_MucklurkerCatfish to AB_MiasmicMangrove with commonality 0.05
Added BMT_MutagenicNorphea to AB_MiasmicMangrove with commonality 0.03
Added BMT_MutatingTumorfishSpawn to AB_MiasmicMangrove with commonality 0.1
Added BMT_MutatingTumorfishFry to AB_MiasmicMangrove with commonality 0.1
Added BMT_MutatingTumorfishAdult to AB_MiasmicMangrove with commonality 0.1
Added BMT_SludgeCrawler to AB_MiasmicMangrove with commonality 0.2
Added BMT_SmogMothLarvae to AB_MiasmicMangrove with commonality 0.1
Added BMT_SmogMoth to AB_MiasmicMangrove with commonality 0.05
Added BMT_Swarmcaller to AB_MiasmicMangrove with commonality 0.3
Added BMT_TripleSnapper to AB_MiasmicMangrove with commonality 0.1
Added DA_Phrak to AB_MycoticJungle with commonality 0.2
Added Rancor to AB_MycoticJungle with commonality 0.01
Added Vulptex to AB_MycoticJungle with commonality 0.005
Added Akk to AB_MycoticJungle with commonality 0.005
Added Blixus to AB_MycoticJungle with commonality 0.075
Added Boma to AB_MycoticJungle with commonality 0.005
Added Borcatu to AB_MycoticJungle with commonality 0.04
Added Cannok to AB_MycoticJungle with commonality 0.04
Added Clodhopper to AB_MycoticJungle with commonality 0.04
Added Devourers to AB_MycoticJungle with commonality 0.005
Added Dianoga to AB_MycoticJungle with commonality 0.045
Added Dragonsnake to AB_MycoticJungle with commonality 0.02
Added Gelagrub to AB_MycoticJungle with commonality 0.045
Added Gorg to AB_MycoticJungle with commonality 0.115
Added Grank to AB_MycoticJungle with commonality 0.01
Added GraniteSlug to AB_MycoticJungle with commonality 0.15
Added Gundark to AB_MycoticJungle with commonality 0.01
Added Hawkbat to AB_MycoticJungle with commonality 0.08000001
Added Hssiss to AB_MycoticJungle with commonality 0.075
Added KellDragon to AB_MycoticJungle with commonality 0.005
Added Kinrath to AB_MycoticJungle with commonality 0.04
Added Klorslug to AB_MycoticJungle with commonality 0.04
Added Krykna to AB_MycoticJungle with commonality 0.04
Added Kreetle to AB_MycoticJungle with commonality 0.025
Added KwazelMaw to AB_MycoticJungle with commonality 0.025
Added LongtailGorg to AB_MycoticJungle with commonality 0.04
Added Mynock to AB_MycoticJungle with commonality 0.15
Added Neebray to AB_MycoticJungle with commonality 0.075
Added PaintedSpat to AB_MycoticJungle with commonality 0.005
Added PekoPeko to AB_MycoticJungle with commonality 0.04
Added Scavrat to AB_MycoticJungle with commonality 0.15
Added Scurrier to AB_MycoticJungle with commonality 0.005
Added Silooth to AB_MycoticJungle with commonality 0.075
Added Skalder to AB_MycoticJungle with commonality 0.005
Added Snoruuk to AB_MycoticJungle with commonality 0.075
Added Stintaril to AB_MycoticJungle with commonality 0.01
Added TeeMuss to AB_MycoticJungle with commonality 0.035
Added Tibidee to AB_MycoticJungle with commonality 0.0005
Added Vapaad to AB_MycoticJungle with commonality 0.005
Added Veermok to AB_MycoticJungle with commonality 0.045
Added Whisperbird to AB_MycoticJungle with commonality 0.08
Added WompRat to AB_MycoticJungle with commonality 0.01
Added Zakkeg to AB_MycoticJungle with commonality 0.005
Added BMT_Polluwog to AB_MycoticJungle with commonality 0.08
Added BMT_GastroToad to AB_MycoticJungle with commonality 0.3
Added BMT_Glowtail to AB_MycoticJungle with commonality 0.3
Added BMT_Megaphorid to AB_MycoticJungle with commonality 0.01
Added BMT_Megaroach to AB_MycoticJungle with commonality 0.2
Added BMT_MucklurkerCatfish to AB_MycoticJungle with commonality 0.025
Added BMT_MutagenicNorphea to AB_MycoticJungle with commonality 0.03
Added BMT_MutatingTumorfishSpawn to AB_MycoticJungle with commonality 0.05
Added BMT_MutatingTumorfishFry to AB_MycoticJungle with commonality 0.05
Added BMT_MutatingTumorfishAdult to AB_MycoticJungle with commonality 0.05
Added BMT_SludgeCrawler to AB_MycoticJungle with commonality 0.2
Added BMT_SmogMothLarvae to AB_MycoticJungle with commonality 0.1
Added BMT_SmogMoth to AB_MycoticJungle with commonality 0.05
Added BMT_Swarmcaller to AB_MycoticJungle with commonality 0.3
Added BMT_ToxSheep to AB_MycoticJungle with commonality 0.35
Added BMT_TripleSnapper to AB_MycoticJungle with commonality 0.1
Added Rancor to AB_OcularForest with commonality 0.01
Added Vulptex to AB_OcularForest with commonality 0.01
Added Akk to AB_OcularForest with commonality 0.01
Added Boma to AB_OcularForest with commonality 0.01
Added Borcatu to AB_OcularForest with commonality 0.08
Added Cannok to AB_OcularForest with commonality 0.04
Added Clodhopper to AB_OcularForest with commonality 0.08
Added Dianoga to AB_OcularForest with commonality 0.01
Added Gelagrub to AB_OcularForest with commonality 0.01
Added Gorg to AB_OcularForest with commonality 0.15
Added Grank to AB_OcularForest with commonality 0.02
Added GraniteSlug to AB_OcularForest with commonality 0.15
Added Gundark to AB_OcularForest with commonality 0.01
Added Hawkbat to AB_OcularForest with commonality 0.15
Added KellDragon to AB_OcularForest with commonality 0.01
Added Kinrath to AB_OcularForest with commonality 0.08
Added Klorslug to AB_OcularForest with commonality 0.08
Added Krykna to AB_OcularForest with commonality 0.04
Added Kreetle to AB_OcularForest with commonality 0.02
Added KwazelMaw to AB_OcularForest with commonality 0.01
Added Mynock to AB_OcularForest with commonality 0.15
Added Neebray to AB_OcularForest with commonality 0.15
Added PaintedSpat to AB_OcularForest with commonality 0.01
Added PekoPeko to AB_OcularForest with commonality 0.08
Added Scavrat to AB_OcularForest with commonality 0.15
Added Scurrier to AB_OcularForest with commonality 0.01
Added Skalder to AB_OcularForest with commonality 0.01
Added Snoruuk to AB_OcularForest with commonality 0.15
Added Stintaril to AB_OcularForest with commonality 0.01
Added TeeMuss to AB_OcularForest with commonality 0.04
Added Tibidee to AB_OcularForest with commonality 0.001
Added Vapaad to AB_OcularForest with commonality 0.01
Added Veermok to AB_OcularForest with commonality 0.01
Added Whisperbird to AB_OcularForest with commonality 0.08
Added WompRat to AB_OcularForest with commonality 0.01
Added Zakkeg to AB_OcularForest with commonality 0.01
Added BMT_Polluwog to AB_OcularForest with commonality 0.08
Added BMT_GastroToad to AB_OcularForest with commonality 0.3
Added BMT_Glowtail to AB_OcularForest with commonality 0.4
Added BMT_Megaphorid to AB_OcularForest with commonality 0.01
Added BMT_Megaroach to AB_OcularForest with commonality 0.2
Added BMT_MutagenicNorphea to AB_OcularForest with commonality 0.03
Added BMT_SludgeCrawler to AB_OcularForest with commonality 0.2
Added BMT_SmogMothLarvae to AB_OcularForest with commonality 0.1
Added BMT_SmogMoth to AB_OcularForest with commonality 0.05
Added BMT_Swarmcaller to AB_OcularForest with commonality 0.3
Added BMT_ToxSheep to AB_OcularForest with commonality 0.7
Added BMT_TripleSnapper to AB_OcularForest with commonality 0.1
Added BMT_Megakrill to AB_PropaneLakes with commonality 0.05
Added BMT_Megaroach to AB_PropaneLakes with commonality 0.2
Added BMT_Swarmcaller to AB_PropaneLakes with commonality 0.3
Added BMT_Varmot to AB_PropaneLakes with commonality 1
Added Vulptex to AB_PyroclasticConflagration with commonality 0.08
Added Akk to AB_PyroclasticConflagration with commonality 0.08
Added Boma to AB_PyroclasticConflagration with commonality 0.01
Added Cannok to AB_PyroclasticConflagration with commonality 0.08
Added FrilledGorg to AB_PyroclasticConflagration with commonality 0.15
Added GraniteSlug to AB_PyroclasticConflagration with commonality 0.15
Added Insectomorph to AB_PyroclasticConflagration with commonality 0.08
Added Kreetle to AB_PyroclasticConflagration with commonality 0.15
Added LavaFlea to AB_PyroclasticConflagration with commonality 0.15
Added Mynock to AB_PyroclasticConflagration with commonality 0.15
Added Neebray to AB_PyroclasticConflagration with commonality 0.15
Added PaintedSpat to AB_PyroclasticConflagration with commonality 0.08
Added Roggwart to AB_PyroclasticConflagration with commonality 0.15
Added Scavrat to AB_PyroclasticConflagration with commonality 0.01
Added Vapaad to AB_PyroclasticConflagration with commonality 0.08
Added Rancor to AB_TarPits with commonality 0.01
Added Vulptex to AB_TarPits with commonality 0.02
Added Akk to AB_TarPits with commonality 0.015
Added Boma to AB_TarPits with commonality 0.005
Added Borcatu to AB_TarPits with commonality 0.115
Added Cannok to AB_TarPits with commonality 0.02
Added Clodhopper to AB_TarPits with commonality 0.04
Added Dianoga to AB_TarPits with commonality 0.005
Added EnergySpider to AB_TarPits with commonality 0.005
Added Gelagrub to AB_TarPits with commonality 0.005
Added Gorg to AB_TarPits with commonality 0.095
Added Grank to AB_TarPits with commonality 0.015
Added GraniteSlug to AB_TarPits with commonality 0.15
Added Gundark to AB_TarPits with commonality 0.02
Added Gutkurr to AB_TarPits with commonality 0.02
Added Hawkbat to AB_TarPits with commonality 0.08000001
Added Insectomorph to AB_TarPits with commonality 0.03
Added KellDragon to AB_TarPits with commonality 0.025
Added Kinrath to AB_TarPits with commonality 0.045
Added Klorslug to AB_TarPits with commonality 0.04
Added Krykna to AB_TarPits with commonality 0.025
Added Kreetle to AB_TarPits with commonality 0.085
Added KwazelMaw to AB_TarPits with commonality 0.005
Added Lylek to AB_TarPits with commonality 0.02
Added Mynock to AB_TarPits with commonality 0.15
Added Neebray to AB_TarPits with commonality 0.15
Added PaintedSpat to AB_TarPits with commonality 0.01
Added PekoPeko to AB_TarPits with commonality 0.04
Added Scavrat to AB_TarPits with commonality 0.15
Added Scurrier to AB_TarPits with commonality 0.08000001
Added Shyrack to AB_TarPits with commonality 0.04
Added Silooth to AB_TarPits with commonality 0.005
Added Skalder to AB_TarPits with commonality 0.045
Added Snoruuk to AB_TarPits with commonality 0.075
Added Stintaril to AB_TarPits with commonality 0.005
Added TeeMuss to AB_TarPits with commonality 0.02
Added Tibidee to AB_TarPits with commonality 0.0005
Added Tooke to AB_TarPits with commonality 0.005
Added Tukata to AB_TarPits with commonality 0.02
Added Urusai to AB_TarPits with commonality 0.075
Added Vapaad to AB_TarPits with commonality 0.01
Added Veermok to AB_TarPits with commonality 0.005
Added Whisperbird to AB_TarPits with commonality 0.04
Added WompRat to AB_TarPits with commonality 0.005
Added Zakkeg to AB_TarPits with commonality 0.005
Added BMT_Polluwog to AB_TarPits with commonality 0.045
Added BMT_GastroToad to AB_TarPits with commonality 0.165
Added BMT_Glowtail to AB_TarPits with commonality 0.2
Added BMT_Megaphorid to AB_TarPits with commonality 0.01
Added BMT_Megaroach to AB_TarPits with commonality 0.2
Added BMT_MutagenicNorphea to AB_TarPits with commonality 0.03
Added BMT_SludgeCrawler to AB_TarPits with commonality 0.11
Added BMT_SmogMothLarvae to AB_TarPits with commonality 0.05
Added BMT_SmogMoth to AB_TarPits with commonality 0.025
Added BMT_Swarmcaller to AB_TarPits with commonality 0.3
Added BMT_ToxSheep to AB_TarPits with commonality 0.35
Added BMT_TripleSnapper to AB_TarPits with commonality 0.05
Added Gorg to ZBiome_AlpineMeadow with commonality 0.075
Added BMT_BloodletterPetrel to ZBiome_AlpineMeadow with commonality 0.015
Added BMT_FenridStoat to ZBiome_AlpineMeadow with commonality 0.035
Added BMT_Polluwog to ZBiome_AlpineMeadow with commonality 0.045
Added BMT_GastroToad to ZBiome_AlpineMeadow with commonality 0.165
Added BMT_Glowtail to ZBiome_AlpineMeadow with commonality 0.2
Added BMT_Megaphorid to ZBiome_AlpineMeadow with commonality 0.01
Added BMT_Megaroach to ZBiome_AlpineMeadow with commonality 0.2
Added BMT_MutagenicNorphea to ZBiome_AlpineMeadow with commonality 0.03
Added BMT_SludgeCrawler to ZBiome_AlpineMeadow with commonality 0.105
Added BMT_SmogMothLarvae to ZBiome_AlpineMeadow with commonality 0.05
Added BMT_SmogMoth to ZBiome_AlpineMeadow with commonality 0.025
Added BMT_Swarmcaller to ZBiome_AlpineMeadow with commonality 0.3
Added BMT_ToxSheep to ZBiome_AlpineMeadow with commonality 0.75
Added BMT_TripleSnapper to ZBiome_AlpineMeadow with commonality 0.05
Added BMT_Varmot to ZBiome_AlpineMeadow with commonality 0.5
Added VAEWaste_Toxiguana to ZBiome_Badlands with commonality 0.85
Added BMT_Polluwog to ZBiome_Badlands with commonality 0.01
Added BMT_GastroToad to ZBiome_Badlands with commonality 0.03
Added BMT_Glowtail to ZBiome_Badlands with commonality 0.1
Added BMT_Megaphorid to ZBiome_Badlands with commonality 0.01
Added BMT_Megaroach to ZBiome_Badlands with commonality 0.2
Added BMT_MutagenicNorphea to ZBiome_Badlands with commonality 0.03
Added BMT_SludgeCrawler to ZBiome_Badlands with commonality 0.02
Added BMT_Swarmcaller to ZBiome_Badlands with commonality 0.3
Added DA_Phrak to ZBiome_CloudForest with commonality 0.1833333
Added Gorg to ZBiome_CloudForest with commonality 0.3666667
Added BMT_Polluwog to ZBiome_CloudForest with commonality 0.08
Added BMT_GastroToad to ZBiome_CloudForest with commonality 0.3
Added BMT_Glowtail to ZBiome_CloudForest with commonality 0.5
Added BMT_Megaphorid to ZBiome_CloudForest with commonality 0.01
Added BMT_Megaroach to ZBiome_CloudForest with commonality 0.2
Added BMT_MutagenicNorphea to ZBiome_CloudForest with commonality 0.03
Added BMT_SludgeCrawler to ZBiome_CloudForest with commonality 0.2
Added BMT_SmogMothLarvae to ZBiome_CloudForest with commonality 0.1
Added BMT_SmogMoth to ZBiome_CloudForest with commonality 0.05
Added BMT_Swarmcaller to ZBiome_CloudForest with commonality 0.3
Added BMT_ToxSheep to ZBiome_CloudForest with commonality 0.3333333
Added BMT_TripleSnapper to ZBiome_CloudForest with commonality 0.1
Added DA_Phrak to ZBiome_CoastalDunes with commonality 0.075
Added VAEWaste_Hydra to ZBiome_CoastalDunes with commonality 0.075
Added VAEWaste_Megatardi to ZBiome_CoastalDunes with commonality 0.25
Added BMT_Polluwog to ZBiome_CoastalDunes with commonality 0.08
Added BMT_GastroToad to ZBiome_CoastalDunes with commonality 0.3
Added BMT_Glowtail to ZBiome_CoastalDunes with commonality 0.6
Added BMT_Creature_Mantrap to ZBiome_CoastalDunes with commonality 0.0005
Added BMT_Megaphorid to ZBiome_CoastalDunes with commonality 0.01
Added BMT_Megaroach to ZBiome_CoastalDunes with commonality 0.2
Added BMT_MutagenicNorphea to ZBiome_CoastalDunes with commonality 0.03
Added BMT_SludgeCrawler to ZBiome_CoastalDunes with commonality 0.2
Added BMT_SmogMothLarvae to ZBiome_CoastalDunes with commonality 0.1
Added BMT_SmogMoth to ZBiome_CoastalDunes with commonality 0.05
Added BMT_Swarmcaller to ZBiome_CoastalDunes with commonality 0.3
Added BMT_ToxSheep to ZBiome_CoastalDunes with commonality 0.5
Added BMT_TripleSnapper to ZBiome_CoastalDunes with commonality 0.1
Added BMT_Polluwog to ZBiome_DesertOasis with commonality 0.01
Added BMT_GastroToad to ZBiome_DesertOasis with commonality 0.03
Added BMT_Megaphorid to ZBiome_DesertOasis with commonality 0.01
Added BMT_Megaroach to ZBiome_DesertOasis with commonality 0.2
Added BMT_MutagenicNorphea to ZBiome_DesertOasis with commonality 0.03
Added BMT_SludgeCrawler to ZBiome_DesertOasis with commonality 0.02
Added BMT_Swarmcaller to ZBiome_DesertOasis with commonality 0.3
Added BMT_Megakrill to ZBiome_Iceberg_NoBeach with commonality 0.1
Added BMT_Megaroach to ZBiome_Iceberg_NoBeach with commonality 0.2
Added BMT_Swarmcaller to ZBiome_Iceberg_NoBeach with commonality 0.3
Added DA_Phrak to ZBiome_Marsh with commonality 0.2
Added Rancor to ZBiome_Marsh with commonality 0.005
Added Blixus to ZBiome_Marsh with commonality 0.075
Added Borcatu to ZBiome_Marsh with commonality 0.005
Added Cannok to ZBiome_Marsh with commonality 0.04
Added Devourers to ZBiome_Marsh with commonality 0.005
Added Dianoga to ZBiome_Marsh with commonality 0.055
Added Dragonsnake to ZBiome_Marsh with commonality 0.02
Added FrilledGorg to ZBiome_Marsh with commonality 0.015
Added Gelagrub to ZBiome_Marsh with commonality 0.04
Added Gorg to ZBiome_Marsh with commonality 0.055
Added Grank to ZBiome_Marsh with commonality 0.005
Added GraniteSlug to ZBiome_Marsh with commonality 0.15
Added Gundark to ZBiome_Marsh with commonality 0.005
Added Hawkbat to ZBiome_Marsh with commonality 0.005
Added Hssiss to ZBiome_Marsh with commonality 0.115
Added Krykna to ZBiome_Marsh with commonality 0.0275
Added Kreetle to ZBiome_Marsh with commonality 0.015
Added KwazelMaw to ZBiome_Marsh with commonality 0.035
Added LongtailGorg to ZBiome_Marsh with commonality 0.04
Added MarshHaunt to ZBiome_Marsh with commonality 0.075
Added Mynock to ZBiome_Marsh with commonality 0.15
Added Scavrat to ZBiome_Marsh with commonality 0.15
Added Silooth to ZBiome_Marsh with commonality 0.09
Added Stintaril to ZBiome_Marsh with commonality 0.005
Added TeeMuss to ZBiome_Marsh with commonality 0.055
Added TetnissCrab to ZBiome_Marsh with commonality 0.075
Added Veermok to ZBiome_Marsh with commonality 0.04
Added Whisperbird to ZBiome_Marsh with commonality 0.04
Added WompRat to ZBiome_Marsh with commonality 0.005
Added BMT_BloodletterPetrel to ZBiome_Marsh with commonality 0.015
Added BMT_FenridStoat to ZBiome_Marsh with commonality 0.035
Added BMT_Polluwog to ZBiome_Marsh with commonality 0.045
Added BMT_GastroToad to ZBiome_Marsh with commonality 0.165
Added BMT_Glowtail to ZBiome_Marsh with commonality 0.1
Added BMT_Megaphorid to ZBiome_Marsh with commonality 0.01
Added BMT_Megaroach to ZBiome_Marsh with commonality 0.2
Added BMT_MucklurkerCatfish to ZBiome_Marsh with commonality 0.05
Added BMT_MutagenicNorphea to ZBiome_Marsh with commonality 0.03
Added BMT_MutatingTumorfishSpawn to ZBiome_Marsh with commonality 0.1
Added BMT_MutatingTumorfishFry to ZBiome_Marsh with commonality 0.1
Added BMT_MutatingTumorfishAdult to ZBiome_Marsh with commonality 0.1
Added BMT_SludgeCrawler to ZBiome_Marsh with commonality 0.115
Added BMT_SmogMothLarvae to ZBiome_Marsh with commonality 0.05
Added BMT_SmogMoth to ZBiome_Marsh with commonality 0.025
Added BMT_Swarmcaller to ZBiome_Marsh with commonality 0.3
Added BMT_TripleSnapper to ZBiome_Marsh with commonality 0.05
Added BMT_Varmot to ZBiome_Marsh with commonality 0.5
Added DA_Phrak to ZBiome_Sandbar_NoBeach with commonality 0.075
Added VAEWaste_Hydra to ZBiome_Sandbar_NoBeach with commonality 0.075
Added VAEWaste_Megatardi to ZBiome_Sandbar_NoBeach with commonality 0.25
Added BMT_Polluwog to ZBiome_Sandbar_NoBeach with commonality 0.08
Added BMT_GastroToad to ZBiome_Sandbar_NoBeach with commonality 0.3
Added BMT_Glowtail to ZBiome_Sandbar_NoBeach with commonality 0.6
Added BMT_Creature_Mantrap to ZBiome_Sandbar_NoBeach with commonality 0.0005
Added BMT_Megaphorid to ZBiome_Sandbar_NoBeach with commonality 0.01
Added BMT_Megaroach to ZBiome_Sandbar_NoBeach with commonality 0.2
Added BMT_MutagenicNorphea to ZBiome_Sandbar_NoBeach with commonality 0.03
Added BMT_SludgeCrawler to ZBiome_Sandbar_NoBeach with commonality 0.2
Added BMT_SmogMothLarvae to ZBiome_Sandbar_NoBeach with commonality 0.1
Added BMT_SmogMoth to ZBiome_Sandbar_NoBeach with commonality 0.05
Added BMT_Swarmcaller to ZBiome_Sandbar_NoBeach with commonality 0.3
Added BMT_ToxSheep to ZBiome_Sandbar_NoBeach with commonality 0.5
Added BMT_TripleSnapper to ZBiome_Sandbar_NoBeach with commonality 0.1
 
****************__________ Starting to patch mod added coastal creatures to mod added biomes... __________****************
Added Penguin to AB_PropaneLakes with commonality 0.1
Added Penguin to ZBiome_GlacialShield with commonality 0.1
 
****************__________ Starting to patch mod added caravan animals to mod added biomes... __________****************
 
****************__________ Starting to patch mod added fishes to mod added biomes... __________****************
Added swfish_Burra to Savanna with commonality 1
Added swfish_Dactopus to Savanna with commonality 1
Added swfish_Daggert to Savanna with commonality 1
Added swfish_Doshianjelly to Savanna with commonality 1
Added swfish_Faa to Savanna with commonality 1
Added swfish_FleekEel to Savanna with commonality 1
Added swfish_Laa to Savanna with commonality 1
Added swfish_Nyork to Savanna with commonality 1
Added swfish_PaddyFrog to Savanna with commonality 1
Added swfish_Ray to Savanna with commonality 1
Added swfish_See to Savanna with commonality 1
Added swfish_SinkCrab to Savanna with commonality 1
Added swfish_Burra to Volcano with commonality 1
Added swfish_Dactopus to Volcano with commonality 1
Added swfish_Daggert to Volcano with commonality 1
Added swfish_Doshianjelly to Volcano with commonality 1
Added swfish_Faa to Volcano with commonality 1
Added swfish_FleekEel to Volcano with commonality 1
Added swfish_Laa to Volcano with commonality 1
Added swfish_Nyork to Volcano with commonality 1
Added swfish_PaddyFrog to Volcano with commonality 1
Added swfish_Ray to Volcano with commonality 1
Added swfish_See to Volcano with commonality 1
Added swfish_SinkCrab to Volcano with commonality 1
Added DA_Fish_SnappingTadpole to Wetland with commonality 0.5
Added swfish_Burra to Wetland with commonality 1
Added swfish_Dactopus to Wetland with commonality 1
Added swfish_Daggert to Wetland with commonality 1
Added swfish_Doshianjelly to Wetland with commonality 1
Added swfish_Faa to Wetland with commonality 1
Added swfish_FleekEel to Wetland with commonality 1
Added swfish_Laa to Wetland with commonality 1
Added swfish_Nyork to Wetland with commonality 1
Added swfish_PaddyFrog to Wetland with commonality 1
Added swfish_Ray to Wetland with commonality 1
Added swfish_See to Wetland with commonality 1
Added swfish_SinkCrab to Wetland with commonality 1
Added DA_Fish_SnappingTadpole to AB_FeraliskInfestedJungle with commonality 0.5
Added swfish_Burra to AB_RockyCrags with commonality 1
Added swfish_Dactopus to AB_RockyCrags with commonality 1
Added swfish_Daggert to AB_RockyCrags with commonality 1
Added swfish_Doshianjelly to AB_RockyCrags with commonality 1
Added swfish_Faa to AB_RockyCrags with commonality 1
Added swfish_FleekEel to AB_RockyCrags with commonality 1
Added swfish_Laa to AB_RockyCrags with commonality 1
Added swfish_Nyork to AB_RockyCrags with commonality 1
Added swfish_PaddyFrog to AB_RockyCrags with commonality 1
Added swfish_Ray to AB_RockyCrags with commonality 1
Added swfish_See to AB_RockyCrags with commonality 1
Added swfish_SinkCrab to AB_RockyCrags with commonality 1
Added swfish_Burra to AB_GallatrossGraveyard with commonality 1
Added swfish_Dactopus to AB_GallatrossGraveyard with commonality 1
Added swfish_Daggert to AB_GallatrossGraveyard with commonality 1
Added swfish_Doshianjelly to AB_GallatrossGraveyard with commonality 1
Added swfish_Faa to AB_GallatrossGraveyard with commonality 1
Added swfish_FleekEel to AB_GallatrossGraveyard with commonality 1
Added swfish_Laa to AB_GallatrossGraveyard with commonality 1
Added swfish_Nyork to AB_GallatrossGraveyard with commonality 1
Added swfish_PaddyFrog to AB_GallatrossGraveyard with commonality 1
Added swfish_Ray to AB_GallatrossGraveyard with commonality 1
Added swfish_See to AB_GallatrossGraveyard with commonality 1
Added swfish_SinkCrab to AB_GallatrossGraveyard with commonality 1
Added DA_Fish_SnappingTadpole to AB_GelatinousSuperorganism with commonality 0.5
Added swfish_Burra to AB_GelatinousSuperorganism with commonality 1
Added swfish_Dactopus to AB_GelatinousSuperorganism with commonality 1
Added swfish_Daggert to AB_GelatinousSuperorganism with commonality 1
Added swfish_Doshianjelly to AB_GelatinousSuperorganism with commonality 1
Added swfish_Faa to AB_GelatinousSuperorganism with commonality 1
Added swfish_FleekEel to AB_GelatinousSuperorganism with commonality 1
Added swfish_Laa to AB_GelatinousSuperorganism with commonality 1
Added swfish_Nyork to AB_GelatinousSuperorganism with commonality 1
Added swfish_PaddyFrog to AB_GelatinousSuperorganism with commonality 1
Added swfish_Ray to AB_GelatinousSuperorganism with commonality 1
Added swfish_See to AB_GelatinousSuperorganism with commonality 1
Added swfish_SinkCrab to AB_GelatinousSuperorganism with commonality 1
Added swfish_Burra to AB_IdyllicMeadows with commonality 1
Added swfish_Dactopus to AB_IdyllicMeadows with commonality 1
Added swfish_Daggert to AB_IdyllicMeadows with commonality 1
Added swfish_Doshianjelly to AB_IdyllicMeadows with commonality 1
Added swfish_Faa to AB_IdyllicMeadows with commonality 1
Added swfish_FleekEel to AB_IdyllicMeadows with commonality 1
Added swfish_Laa to AB_IdyllicMeadows with commonality 1
Added swfish_Nyork to AB_IdyllicMeadows with commonality 1
Added swfish_PaddyFrog to AB_IdyllicMeadows with commonality 1
Added swfish_Ray to AB_IdyllicMeadows with commonality 1
Added swfish_See to AB_IdyllicMeadows with commonality 1
Added swfish_SinkCrab to AB_IdyllicMeadows with commonality 1
Added DA_Fish_SnappingTadpole to AB_MiasmicMangrove with commonality 1
Added DA_Fish_SnappingTadpole to AB_MycoticJungle with commonality 0.5
Added swfish_Burra to AB_MycoticJungle with commonality 1
Added swfish_Dactopus to AB_MycoticJungle with commonality 1
Added swfish_Daggert to AB_MycoticJungle with commonality 1
Added swfish_Doshianjelly to AB_MycoticJungle with commonality 1
Added swfish_Faa to AB_MycoticJungle with commonality 1
Added swfish_FleekEel to AB_MycoticJungle with commonality 1
Added swfish_Laa to AB_MycoticJungle with commonality 1
Added swfish_Nyork to AB_MycoticJungle with commonality 1
Added swfish_PaddyFrog to AB_MycoticJungle with commonality 1
Added swfish_Ray to AB_MycoticJungle with commonality 1
Added swfish_See to AB_MycoticJungle with commonality 1
Added swfish_SinkCrab to AB_MycoticJungle with commonality 1
Added swfish_Burra to AB_OcularForest with commonality 1
Added swfish_Dactopus to AB_OcularForest with commonality 1
Added swfish_Daggert to AB_OcularForest with commonality 1
Added swfish_Doshianjelly to AB_OcularForest with commonality 1
Added swfish_Faa to AB_OcularForest with commonality 1
Added swfish_FleekEel to AB_OcularForest with commonality 1
Added swfish_Laa to AB_OcularForest with commonality 1
Added swfish_Nyork to AB_OcularForest with commonality 1
Added swfish_PaddyFrog to AB_OcularForest with commonality 1
Added swfish_Ray to AB_OcularForest with commonality 1
Added swfish_See to AB_OcularForest with commonality 1
Added swfish_SinkCrab to AB_OcularForest with commonality 1
Added swfish_Burra to AB_PropaneLakes with commonality 1
Added swfish_Dactopus to AB_PropaneLakes with commonality 1
Added swfish_Daggert to AB_PropaneLakes with commonality 1
Added swfish_Doshianjelly to AB_PropaneLakes with commonality 1
Added swfish_Faa to AB_PropaneLakes with commonality 1
Added swfish_FleekEel to AB_PropaneLakes with commonality 1
Added swfish_Laa to AB_PropaneLakes with commonality 1
Added swfish_Nyork to AB_PropaneLakes with commonality 1
Added swfish_PaddyFrog to AB_PropaneLakes with commonality 1
Added swfish_Ray to AB_PropaneLakes with commonality 1
Added swfish_See to AB_PropaneLakes with commonality 1
Added swfish_SinkCrab to AB_PropaneLakes with commonality 1
Added swfish_Burra to AB_PyroclasticConflagration with commonality 1
Added swfish_Dactopus to AB_PyroclasticConflagration with commonality 1
Added swfish_Daggert to AB_PyroclasticConflagration with commonality 1
Added swfish_Doshianjelly to AB_PyroclasticConflagration with commonality 1
Added swfish_Faa to AB_PyroclasticConflagration with commonality 1
Added swfish_FleekEel to AB_PyroclasticConflagration with commonality 1
Added swfish_Laa to AB_PyroclasticConflagration with commonality 1
Added swfish_Nyork to AB_PyroclasticConflagration with commonality 1
Added swfish_PaddyFrog to AB_PyroclasticConflagration with commonality 1
Added swfish_Ray to AB_PyroclasticConflagration with commonality 1
Added swfish_See to AB_PyroclasticConflagration with commonality 1
Added swfish_SinkCrab to AB_PyroclasticConflagration with commonality 1
Added swfish_Burra to AB_TarPits with commonality 1
Added swfish_Dactopus to AB_TarPits with commonality 1
Added swfish_Daggert to AB_TarPits with commonality 1
Added swfish_Doshianjelly to AB_TarPits with commonality 1
Added swfish_Faa to AB_TarPits with commonality 1
Added swfish_FleekEel to AB_TarPits with commonality 1
Added swfish_Laa to AB_TarPits with commonality 1
Added swfish_Nyork to AB_TarPits with commonality 1
Added swfish_PaddyFrog to AB_TarPits with commonality 1
Added swfish_Ray to AB_TarPits with commonality 1
Added swfish_See to AB_TarPits with commonality 1
Added swfish_SinkCrab to AB_TarPits with commonality 1
Added swfish_Burra to ZBiome_AlpineMeadow with commonality 1
Added swfish_Dactopus to ZBiome_AlpineMeadow with commonality 1
Added swfish_Daggert to ZBiome_AlpineMeadow with commonality 1
Added swfish_Doshianjelly to ZBiome_AlpineMeadow with commonality 1
Added swfish_Faa to ZBiome_AlpineMeadow with commonality 1
Added swfish_FleekEel to ZBiome_AlpineMeadow with commonality 1
Added swfish_Laa to ZBiome_AlpineMeadow with commonality 1
Added swfish_Nyork to ZBiome_AlpineMeadow with commonality 1
Added swfish_PaddyFrog to ZBiome_AlpineMeadow with commonality 1
Added swfish_Ray to ZBiome_AlpineMeadow with commonality 1
Added swfish_See to ZBiome_AlpineMeadow with commonality 1
Added swfish_SinkCrab to ZBiome_AlpineMeadow with commonality 1
Added swfish_Burra to ZBiome_Badlands with commonality 1
Added swfish_Dactopus to ZBiome_Badlands with commonality 1
Added swfish_Daggert to ZBiome_Badlands with commonality 1
Added swfish_Doshianjelly to ZBiome_Badlands with commonality 1
Added swfish_Faa to ZBiome_Badlands with commonality 1
Added swfish_FleekEel to ZBiome_Badlands with commonality 1
Added swfish_Laa to ZBiome_Badlands with commonality 1
Added swfish_Nyork to ZBiome_Badlands with commonality 1
Added swfish_PaddyFrog to ZBiome_Badlands with commonality 1
Added swfish_Ray to ZBiome_Badlands with commonality 1
Added swfish_See to ZBiome_Badlands with commonality 1
Added swfish_SinkCrab to ZBiome_Badlands with commonality 1
Added swfish_Burra to ZBiome_CoastalDunes with commonality 0.5
Added swfish_Dactopus to ZBiome_CoastalDunes with commonality 0.5
Added swfish_Daggert to ZBiome_CoastalDunes with commonality 0.5
Added swfish_Doshianjelly to ZBiome_CoastalDunes with commonality 0.5
Added swfish_Faa to ZBiome_CoastalDunes with commonality 0.5
Added swfish_FleekEel to ZBiome_CoastalDunes with commonality 0.5
Added swfish_Laa to ZBiome_CoastalDunes with commonality 0.5
Added swfish_Nyork to ZBiome_CoastalDunes with commonality 0.5
Added swfish_PaddyFrog to ZBiome_CoastalDunes with commonality 0.5
Added swfish_Ray to ZBiome_CoastalDunes with commonality 0.5
Added swfish_See to ZBiome_CoastalDunes with commonality 0.5
Added swfish_SinkCrab to ZBiome_CoastalDunes with commonality 0.5
Added swfish_Burra to ZBiome_DesertOasis with commonality 1
Added swfish_Dactopus to ZBiome_DesertOasis with commonality 1
Added swfish_Daggert to ZBiome_DesertOasis with commonality 1
Added swfish_Doshianjelly to ZBiome_DesertOasis with commonality 1
Added swfish_Faa to ZBiome_DesertOasis with commonality 1
Added swfish_FleekEel to ZBiome_DesertOasis with commonality 1
Added swfish_Laa to ZBiome_DesertOasis with commonality 1
Added swfish_Nyork to ZBiome_DesertOasis with commonality 1
Added swfish_PaddyFrog to ZBiome_DesertOasis with commonality 1
Added swfish_Ray to ZBiome_DesertOasis with commonality 1
Added swfish_See to ZBiome_DesertOasis with commonality 1
Added swfish_SinkCrab to ZBiome_DesertOasis with commonality 1
Added swfish_Burra to ZBiome_Iceberg_NoBeach with commonality 1
Added swfish_Dactopus to ZBiome_Iceberg_NoBeach with commonality 1
Added swfish_Daggert to ZBiome_Iceberg_NoBeach with commonality 1
Added swfish_Doshianjelly to ZBiome_Iceberg_NoBeach with commonality 1
Added swfish_Faa to ZBiome_Iceberg_NoBeach with commonality 1
Added swfish_FleekEel to ZBiome_Iceberg_NoBeach with commonality 1
Added swfish_Laa to ZBiome_Iceberg_NoBeach with commonality 1
Added swfish_Nyork to ZBiome_Iceberg_NoBeach with commonality 1
Added swfish_PaddyFrog to ZBiome_Iceberg_NoBeach with commonality 1
Added swfish_Ray to ZBiome_Iceberg_NoBeach with commonality 1
Added swfish_See to ZBiome_Iceberg_NoBeach with commonality 1
Added swfish_SinkCrab to ZBiome_Iceberg_NoBeach with commonality 1
Added DA_Fish_SnappingTadpole to ZBiome_Marsh with commonality 1
Added swfish_Burra to ZBiome_Marsh with commonality 1
Added swfish_Dactopus to ZBiome_Marsh with commonality 1
Added swfish_Daggert to ZBiome_Marsh with commonality 1
Added swfish_Doshianjelly to ZBiome_Marsh with commonality 1
Added swfish_Faa to ZBiome_Marsh with commonality 1
Added swfish_FleekEel to ZBiome_Marsh with commonality 1
Added swfish_Laa to ZBiome_Marsh with commonality 1
Added swfish_Nyork to ZBiome_Marsh with commonality 1
Added swfish_PaddyFrog to ZBiome_Marsh with commonality 1
Added swfish_Ray to ZBiome_Marsh with commonality 1
Added swfish_See to ZBiome_Marsh with commonality 1
Added swfish_SinkCrab to ZBiome_Marsh with commonality 1
Added swfish_Burra to ZBiome_Sandbar_NoBeach with commonality 0.5
Added swfish_Dactopus to ZBiome_Sandbar_NoBeach with commonality 0.5
Added swfish_Daggert to ZBiome_Sandbar_NoBeach with commonality 0.5
Added swfish_Doshianjelly to ZBiome_Sandbar_NoBeach with commonality 0.5
Added swfish_Faa to ZBiome_Sandbar_NoBeach with commonality 0.5
Added swfish_FleekEel to ZBiome_Sandbar_NoBeach with commonality 0.5
Added swfish_Laa to ZBiome_Sandbar_NoBeach with commonality 0.5
Added swfish_Nyork to ZBiome_Sandbar_NoBeach with commonality 0.5
Added swfish_PaddyFrog to ZBiome_Sandbar_NoBeach with commonality 0.5
Added swfish_Ray to ZBiome_Sandbar_NoBeach with commonality 0.5
Added swfish_See to ZBiome_Sandbar_NoBeach with commonality 0.5
Added swfish_SinkCrab to ZBiome_Sandbar_NoBeach with commonality 0.5
Added swfish_Burra to ZBiome_Grasslands with commonality 1
Added swfish_Dactopus to ZBiome_Grasslands with commonality 1
Added swfish_Daggert to ZBiome_Grasslands with commonality 1
Added swfish_Doshianjelly to ZBiome_Grasslands with commonality 1
Added swfish_Faa to ZBiome_Grasslands with commonality 1
Added swfish_FleekEel to ZBiome_Grasslands with commonality 1
Added swfish_Laa to ZBiome_Grasslands with commonality 1
Added swfish_Nyork to ZBiome_Grasslands with commonality 1
Added swfish_PaddyFrog to ZBiome_Grasslands with commonality 1
Added swfish_Ray to ZBiome_Grasslands with commonality 1
Added swfish_See to ZBiome_Grasslands with commonality 1
Added swfish_SinkCrab to ZBiome_Grasslands with commonality 1
****************__________ BiomeCompatibilityProject: Patching finished, took us: 178ms __________****************
[LaserCannon] Custom parameters applied.
RimMandrake_Pawn_SandP_Death SubSound RimMandrake_Pawn_SandP_Death_0 has no resolvedGrains.
RimMandrake_Pawn_SandP_Wounded SubSound RimMandrake_Pawn_SandP_Wounded_0 has no resolvedGrains.
[SSC/HAR] Patched 23 alien races: CompSlave added=23, whitelist entries=110
[SSC/HAR] 3 compatibility patches active.
Unloading 3629 unused Assets to reduce memory usage. Loaded Objects now: 145051.
Total: 1422.504500 ms (FindLiveObjects: 11.078600 ms CreateObjectMapping: 6.835300 ms MarkObjects: 1400.730400 ms  DeleteObjects: 3.859600 ms)

[DivineFramework] Loaded version 0.12.1.2
CharacterEditor v1.6.3 initializing...
updating labels for english...
loading pawn slot content from file...
character editor instance created
checking editor settings...
bodysizes genes are active
CharacterEditor v1.6.3 ...done
CameraPlus: Found mod at C:\Program Files (x86)\Steam\steamapps\workshop\content\294100\867467808
Shader 'Camera+/Bordered': fallback shader 'Diffuse' not found
Starting patches: 1479 - 8/30/2026 2:04:31 PM
[AllowTool] Applied compatibility patch for "Pick Up And Haul"
  --> [What's That Mod] Took 1.40 seconds to scan all patches. <--
What's That Mod: Wrote to 28305 mod descriptions, 183 patched defs resolved.
What's That Mod took 1435 milliseconds to generate all def descriptions.
[RimHUD v1.17.5] Prisoner Realism Prisoner Realism is does not contain a version check.
<color=#1c6beb>[FacLoadout]</color> Initializing 1 registered module(s)...
<color=#1c6beb>[FacLoadout]</color> Game comp finalized init, applied 0 presets that affected 0 factions.
[ShipWallEnhanced] FuelBarEnabled is True, drawerType set to MapMeshAndRealTime
<color=#66ffb5>[MeleeAnim]</color> Potential patch conflicts (50):
<color=#66ffb5>[MeleeAnim]</color> 
Verse.PreRenderResults Verse.PawnRenderer::ParallelGetPreRenderResults(UnityEngine.Vector3 drawLoc, System.Nullable`1<Verse.Rot4> rotOverride, System.Boolean neverAimWeapon, System.Boolean disableCache)
Prefixes:
  [SmashPhil.VehicleFramework] DisableCachingPawnOverlays
  [OskarPotocki.VEF] Prefix
  [Font.Rimesis] Prefix
  [RedMattis.BetterPrerequisites] Prefix
  [rimworld.Nals.FacialAnimation] PrefixParallelGetPreRenderResults
  [GiddyUp] Prefix
Transpilers:
  [net.pardeike.rimworld.lib.harmony] ParallelGetPreRenderResults_Transpiler
  [rimworld.erdelf.alien_race.main] PostureTranspiler
Postfixes:
  [co.uk.epicguru.meleeanimation] Postfix

static System.Void Verse.PawnRenderUtility::DrawEquipmentAiming(Verse.Thing eq, UnityEngine.Vector3 drawLoc, System.Single aimAngle)
Prefixes:
  [OskarPotocki.VEF] Prefix
  [OskarPotocki.VEF] Prefix
  [OskarPotocki.VEF] DrawEquipmentAimingPrefix
  [VFEPirates.Mod] Prefix
  [ChezhouLib.lib] Prefix
  [Neronix17.TabulaRasa.RimWorld] Prefix
  [co.uk.epicguru.meleeanimation] Prefix
  [Lightsabers_ForceThe] DrawEquipmentAimingPreFix
  [OskarPotocki.VEF] DrawDuplicate
  [Mlie.BetterProjectileOrigin] Prefix
  [rimworld.carnysenpai.enableoversizedweapons] Prefix_Drawloc
  [jecstools.jecrell.comps.installedpart] DrawEquipmentAiming_PreFix
  [jecstools.jecrell.comps.oversized] DrawEquipmentAimingPreFix
  [XMB.AncientMall.MO] Prefix
Transpilers:
  [ChezhouLib.lib] Transpiler
  [RIMMSqol] Transpiler
Postfixes:
  [jecstools.jecrell.comps.activator] DrawEquipmentAimingPostFix
  [jecstools.jecrell.comps.deflector] DrawEquipmentAimingPostFix
  [kaitorisenkou.ModularWeapons2] Postfix_DrawEquipmentAiming

System.Void Verse.PawnRenderer::RenderPawnAt(UnityEngine.Vector3 drawLoc, System.Nullable`1<Verse.Rot4> rotOverride, System.Boolean neverAimWeapon)
Prefixes:
  [net.pardeike.rimworld.mod.camera+] Prefix
  [co.uk.epicguru.meleeanimation] Prefix
  [vlvop.tormentmaster.expansion] Prefix
Transpilers:
Postfixes:
  [co.uk.epicguru.meleeanimation] Postfix
  [Rimworld.Alite.EBSG.main] RenderPawnAtPostfix
  [jecstools.chjees.shields] Patch_PawnRenderer_RenderPawnAt
  [meathax.JobEffects] Postfix

static System.Collections.Generic.List`1<Verse.FloatMenuOption> RimWorld.FloatMenuMakerMap::GetOptions(System.Collections.Generic.List`1<Verse.Pawn> selectedPawns, UnityEngine.Vector3 clickPos, RimWorld.FloatMenuContext& context)
Prefixes:
  [sensiblebedownership.1trickPwnyta] Prefix
Transpilers:
Postfixes:
  [rimtek.patch] Postfix
  [alt4s.visitsettlements] Postfix
  [co.uk.epicguru.meleeanimation] Postfix
  [RedMattis.BetterPrerequisites] Postfix
  [rimtek.giveability] Postfix
  [sensiblebedownership.1trickPwnyta] Postfix
  [amoruch.RimWorldStealingMod] Postfix
  [net.pardeike.rimworld.mods.achtung] Postfix

static System.Void Verse.PawnGenerator::GenerateGearFor(Verse.Pawn pawn, Verse.PawnGenerationRequest request)
Prefixes:
Transpilers:
Postfixes:
  [Mlie.YayosCombat3] Postfix
  [PeteTimesSix.SimpleSidearms] GenerateGearFor
  [co.uk.epicguru.meleeanimation] Postfix
  [jecstools.chjees.shields] Patch_PawnGenerator_GenerateGearFor
  [rimworld.erdelf.alien_race.main] GenerateGearForPostfix

static Verse.Pawn RimWorld.PawnUtility::PawnBlockingPathAt(Verse.IntVec3 c, Verse.Pawn forPawn, System.Boolean actAsIfHadCollideWithPawnsJob, System.Boolean collideOnlyWithStandingPawns, System.Boolean forPathFinder, System.Boolean useId)
Prefixes:
  [co.uk.epicguru.meleeanimation] Prefix
  [co.uk.epicguru.meleeanimation] Prefix
Transpilers:
Postfixes:
  [neku.largepawns] Postfix

virtual System.Boolean RimWorld.Verb_MeleeAttack::TryCastShot()
Prefixes:
  [co.uk.epicguru.meleeanimation] Prefix
Transpilers:
Postfixes:
  [PeteTimesSix.SimpleSidearms] TryCastShot

System.Boolean Verse.HediffSet::get_HasHead()
Prefixes:
  [co.uk.epicguru.meleeanimation] Prefix
  [rimworld.erdelf.alien_race.main] HasHeadPrefix
Transpilers:
Postfixes:

System.Void Verse.PawnRenderTree::ParallelPreDraw(Verse.PawnDrawParms parms)
Prefixes:
  [co.uk.epicguru.meleeanimation] Prefix
  [astryl.sleepingbuddies] Prefix
Transpilers:
Postfixes:
  [co.uk.epicguru.meleeanimation] Postfix
  [rimworld.Nals.FacialAnimation] PostfixParallelPreDraw

System.Void RimWorld.Pawn_ApparelTracker::Notify_ApparelChanged()
Prefixes:
  [co.uk.epicguru.meleeanimation] Prefix
Transpilers:
Postfixes:
  [costel.layeredapparel] Postfix_NotifyApparelChanged

System.Void Verse.Pawn_DrawTracker::Notify_MeleeAttackOn(Verse.Thing Target)
Prefixes:
  [co.uk.epicguru.meleeanimation] Prefix
  [meathax.JobEffects] Prefix
Transpilers:
Postfixes:
<color=#66ffb5>[MeleeAnim]</color> Full patch list:
<color=#66ffb5>[MeleeAnim]</color> 
Verse.PreRenderResults Verse.PawnRenderer::ParallelGetPreRenderResults(UnityEngine.Vector3 drawLoc, System.Nullable`1<Verse.Rot4> rotOverride, System.Boolean neverAimWeapon, System.Boolean disableCache)
Prefixes:
  [SmashPhil.VehicleFramework] DisableCachingPawnOverlays
  [OskarPotocki.VEF] Prefix
  [Font.Rimesis] Prefix
  [RedMattis.BetterPrerequisites] Prefix
  [rimworld.Nals.FacialAnimation] PrefixParallelGetPreRenderResults
  [GiddyUp] Prefix
Transpilers:
  [net.pardeike.rimworld.lib.harmony] ParallelGetPreRenderResults_Transpiler
  [rimworld.erdelf.alien_race.main] PostureTranspiler
Postfixes:
  [co.uk.epicguru.meleeanimation] Postfix

static System.Void Verse.PawnRenderUtility::DrawEquipmentAiming(Verse.Thing eq, UnityEngine.Vector3 drawLoc, System.Single aimAngle)
Prefixes:
  [OskarPotocki.VEF] Prefix
  [OskarPotocki.VEF] Prefix
  [OskarPotocki.VEF] DrawEquipmentAimingPrefix
  [VFEPirates.Mod] Prefix
  [ChezhouLib.lib] Prefix
  [Neronix17.TabulaRasa.RimWorld] Prefix
  [co.uk.epicguru.meleeanimation] Prefix
  [Lightsabers_ForceThe] DrawEquipmentAimingPreFix
  [OskarPotocki.VEF] DrawDuplicate
  [Mlie.BetterProjectileOrigin] Prefix
  [rimworld.carnysenpai.enableoversizedweapons] Prefix_Drawloc
  [jecstools.jecrell.comps.installedpart] DrawEquipmentAiming_PreFix
  [jecstools.jecrell.comps.oversized] DrawEquipmentAimingPreFix
  [XMB.AncientMall.MO] Prefix
Transpilers:
  [ChezhouLib.lib] Transpiler
  [RIMMSqol] Transpiler
Postfixes:
  [jecstools.jecrell.comps.activator] DrawEquipmentAimingPostFix
  [jecstools.jecrell.comps.deflector] DrawEquipmentAimingPostFix
  [kaitorisenkou.ModularWeapons2] Postfix_DrawEquipmentAiming

System.Void Verse.PawnRenderer::RenderPawnAt(UnityEngine.Vector3 drawLoc, System.Nullable`1<Verse.Rot4> rotOverride, System.Boolean neverAimWeapon)
Prefixes:
  [net.pardeike.rimworld.mod.camera+] Prefix
  [co.uk.epicguru.meleeanimation] Prefix
  [vlvop.tormentmaster.expansion] Prefix
Transpilers:
Postfixes:
  [co.uk.epicguru.meleeanimation] Postfix
  [Rimworld.Alite.EBSG.main] RenderPawnAtPostfix
  [jecstools.chjees.shields] Patch_PawnRenderer_RenderPawnAt
  [meathax.JobEffects] Postfix

static System.Collections.Generic.List`1<Verse.FloatMenuOption> RimWorld.FloatMenuMakerMap::GetOptions(System.Collections.Generic.List`1<Verse.Pawn> selectedPawns, UnityEngine.Vector3 clickPos, RimWorld.FloatMenuContext& context)
Prefixes:
  [sensiblebedownership.1trickPwnyta] Prefix
Transpilers:
Postfixes:
  [rimtek.patch] Postfix
  [alt4s.visitsettlements] Postfix
  [co.uk.epicguru.meleeanimation] Postfix
  [RedMattis.BetterPrerequisites] Postfix
  [rimtek.giveability] Postfix
  [sensiblebedownership.1trickPwnyta] Postfix
  [amoruch.RimWorldStealingMod] Postfix
  [net.pardeike.rimworld.mods.achtung] Postfix

static System.Void Verse.PawnGenerator::GenerateGearFor(Verse.Pawn pawn, Verse.PawnGenerationRequest request)
Prefixes:
Transpilers:
Postfixes:
  [Mlie.YayosCombat3] Postfix
  [PeteTimesSix.SimpleSidearms] GenerateGearFor
  [co.uk.epicguru.meleeanimation] Postfix
  [jecstools.chjees.shields] Patch_PawnGenerator_GenerateGearFor
  [rimworld.erdelf.alien_race.main] GenerateGearForPostfix

static Verse.Pawn RimWorld.PawnUtility::PawnBlockingPathAt(Verse.IntVec3 c, Verse.Pawn forPawn, System.Boolean actAsIfHadCollideWithPawnsJob, System.Boolean collideOnlyWithStandingPawns, System.Boolean forPathFinder, System.Boolean useId)
Prefixes:
  [co.uk.epicguru.meleeanimation] Prefix
  [co.uk.epicguru.meleeanimation] Prefix
Transpilers:
Postfixes:
  [neku.largepawns] Postfix

virtual System.Boolean RimWorld.Verb_MeleeAttack::TryCastShot()
Prefixes:
  [co.uk.epicguru.meleeanimation] Prefix
Transpilers:
Postfixes:
  [PeteTimesSix.SimpleSidearms] TryCastShot

System.Void RimWorld.Building_ProximityDetector::RunDetection()
Prefixes:
  [co.uk.epicguru.meleeanimation] Prefix
Transpilers:
Postfixes:
  [co.uk.epicguru.meleeanimation] Postfix

System.Boolean Verse.HediffSet::get_HasHead()
Prefixes:
  [co.uk.epicguru.meleeanimation] Prefix
  [rimworld.erdelf.alien_race.main] HasHeadPrefix
Transpilers:
Postfixes:

static System.Boolean RimWorld.InvisibilityUtility::IsPsychologicallyInvisible(Verse.Pawn pawn)
Prefixes:
  [co.uk.epicguru.meleeanimation] Prefix
Transpilers:
Postfixes:

System.Void Verse.PawnRenderer::DrawShadowInternal(UnityEngine.Vector3 drawLoc)
Prefixes:
  [co.uk.epicguru.meleeanimation] Prefix
Transpilers:
Postfixes:

System.Void Verse.PawnRenderer::ParallelPreRenderPawnAt(UnityEngine.Vector3 drawLoc, System.Nullable`1<Verse.Rot4> rotOverride, System.Boolean neverAimWeapon)
Prefixes:
  [co.uk.epicguru.meleeanimation] Prefix
Transpilers:
Postfixes:

System.Void Verse.PawnRenderTree::ParallelPreDraw(Verse.PawnDrawParms parms)
Prefixes:
  [co.uk.epicguru.meleeanimation] Prefix
  [astryl.sleepingbuddies] Prefix
Transpilers:
Postfixes:
  [co.uk.epicguru.meleeanimation] Postfix
  [rimworld.Nals.FacialAnimation] PostfixParallelPreDraw

System.Void RimWorld.Pawn_ApparelTracker::Notify_ApparelChanged()
Prefixes:
  [co.uk.epicguru.meleeanimation] Prefix
Transpilers:
Postfixes:
  [costel.layeredapparel] Postfix_NotifyApparelChanged

virtual System.Void Verse.Pawn::DrawGUIOverlay()
Prefixes:
  [co.uk.epicguru.meleeanimation] Prefix
Transpilers:
Postfixes:

System.Void Verse.Pawn_DrawTracker::Notify_MeleeAttackOn(Verse.Thing Target)
Prefixes:
  [co.uk.epicguru.meleeanimation] Prefix
  [meathax.JobEffects] Prefix
Transpilers:
Postfixes:

Verse.BattleLogEntry_MeleeCombat RimWorld.Verb_MeleeAttack::CreateCombatLog(System.Func`2<Verse.ManeuverDef, Verse.RulePackDef> rulePackGetter, System.Boolean alwaysShow)
Prefixes:
  [co.uk.epicguru.meleeanimation] Prefix
Transpilers:
Postfixes:

virtual System.Void PerformanceOptimizer.Optimization_PawnUtility_IsInvisible::DoPatches()
Prefixes:
  [co.uk.epicguru.meleeanimation] Prefix
Transpilers:
Postfixes:

virtual System.Void PerformanceOptimizer.Optimization_RefreshRate::DrawSettings(Verse.Listing_Standard section)
Prefixes:
  [co.uk.epicguru.meleeanimation] Prefix
Transpilers:
Postfixes:
Unloading 2 Unused Serialized files (Serialized files now loaded: 46)
<color=#66ffb5>[MeleeAnim]</color> PreCached all retexture info in 7907.2ms
<color=#66ffb5>[MeleeAnim]</color> Loaded tweak data for 138 weapons.
<color=#66ffb5>[MeleeAnim]</color> m3.continued.jangodsoul.starwars.bti '[JDS] StarWars - Armory' has 4 missing weapon tweak data.
<color=#66ffb5>[MeleeAnim]</color> elsov.beliar 'Beliar Xenotype' has 1 missing weapon tweak data.
<color=#66ffb5>[MeleeAnim]</color> van.beasts 'Dark Ages : Beasts and Monsters' has 2 missing weapon tweak data.
<color=#66ffb5>[MeleeAnim]</color> det.keshig 'Det's Xenotypes - Keshig' has 3 missing weapon tweak data.
<color=#66ffb5>[MeleeAnim]</color> det.epochspyrinth 'Epochs - Pyrinth' has 1 missing weapon tweak data.
<color=#66ffb5>[MeleeAnim]</color> elsov.highborn 'Highborn Xenotype' has 1 missing weapon tweak data.
<color=#66ffb5>[MeleeAnim]</color> mlie.horrors 'Horrors (Continued)' has 1 missing weapon tweak data.
<color=#66ffb5>[MeleeAnim]</color> veterano.mythicages.megafaunabestiary 'Mythic Ages: Megafauna Bestiary' has 15 missing weapon tweak data.
<color=#66ffb5>[MeleeAnim]</color> sihv.rombonesport 'Rim of Madness - Bones Unofficial Fix' has 1 missing weapon tweak data.
<color=#66ffb5>[MeleeAnim]</color> tug.minotaur 'Roo's Minotaur Xenotype' has 6 missing weapon tweak data.
<color=#66ffb5>[MeleeAnim]</color> mlie.starwarsanimalcollection 'Star Wars Animal Collection (Continued)' has 10 missing weapon tweak data.
<color=#66ffb5>[MeleeAnim]</color> jellypowered.survivaltools 'Survival Tools Reborn' has 22 missing weapon tweak data.
<color=#66ffb5>[MeleeAnim]</color> ludeon.rimworld 'Core' has 2 missing weapon tweak data.
<color=#66ffb5>[MeleeAnim]</color> vanillaquestsexpanded.ancients 'Vanilla Quests Expanded - Ancients' has 1 missing weapon tweak data.
<color=#66ffb5>[MeleeAnim]</color> vanillaquestsexpanded.cryptoforge 'Vanilla Quests Expanded - Cryptoforge' has 1 missing weapon tweak data.
<color=#66ffb5>[MeleeAnim]</color> mlie.dungeonpack 'Dungeon Pack (Continued)' has 1 missing weapon tweak data.
<color=#66ffb5>[MeleeAnim]</color> als.gravtech 'GravTech' has 2 missing weapon tweak data.
<color=#66ffb5>[MeleeAnim]</color> biomesteam.biomescaverns 'Biomes! Caverns' has 1 missing weapon tweak data.
<color=#66ffb5>[MeleeAnim]</color> biomesteam.biomespollutedlands 'Biomes! Polluted Lands' has 3 missing weapon tweak data.
<color=#66ffb5>[MeleeAnim]</color> lee.theforce.lightsaber 'Star Wars : The Force - Lightsaber' has 5 missing weapon tweak data.
<color=#66ffb5>[MeleeAnim]</color> Skipping reporting of missing mod/weapons because user opted out or the feature is disabled by the developer.
<color=#66ffb5>[MeleeAnim]</color> Successfully patched VBE with custom background renderer.
<color=#66ffb5>[MeleeAnim]</color> Patched 3 classes that directly inherit from Verb_MeleeAttack in 530.2 ms to detect hits:
RimWorld.Verb_MeleeApplyHediff from Assembly-CSharp
RimWorld.Verb_MeleeAttackDamage from Assembly-CSharp
Fortified.Verb_MeleeSweep from Fortified
<color=#66ffb5>[MeleeAnim]</color> Found 184 items of clothing that cover hands, took 1.60 ms:
DV_Handwear_KnuckleDusters (Knuckle dusters),
Jewelry_Bracelet (Bracelet),
Jewelry_Ring (Ring),
Jewelry_EltexBracelet (Eltex bracelet),
Jewelry_EltexRing (Eltex ring),
VAE_Handwear_Gloves (Gloves),
RotR_LongingRing (Longing ring),
RotR_StardustBracelet (Stardust bracelet),
VFEP_WarcasketShoulders_Warcasket (Warcasket shoulders),
VFEP_WarcasketShoulders_Marine (Marine warcasket shoulders),
VFEP_WarcasketShoulders_Recon (Recon warcasket shoulders),
VFEP_WarcasketShoulders_Cataphract (Cataphract warcasket shoulders),
VFEP_WarcasketShoulders_Aerial (Aerial warcasket shoulders),
VFEP_WarcasketShoulders_Barrage (Barrage warcasket shoulders),
VFEP_WarcasketShoulders_Hazard (Hazard warcasket shoulders),
VFEP_WarcasketShoulders_Shock (Shock warcasket shoulders),
VFEP_WarcasketShoulders_Siegebreaker (Siegebreaker warcasket shoulders),
VFEP_WarcasketShoulders_Guardian (Guardian warcasket shoulders),
VFEP_WarcasketShoulders_Controller (Controller warcasket shoulders),
VFEP_WarcasketShoulders_Sarcophagus (Sarcophagus warcasket shoulders),
VFEP_WarcasketShoulders_Brute (Brute warcasket shoulders),
WarcasketShoulders_Sentinel (Sentinel shoulders),
WarcasketShoulders_GuardianX (Guardian shoulders),
WarcasketShoulders_Tyrant (Tyrant shoulders),
WarcasketShoulders_Centurion (Centurion shoulders),
OuterRim_Bodysuit (Durafiber bodysuit),
OuterRim_BonePauldrons (Bone pauldrons),
OuterRim_CasualClothing (Casual clothing),
OuterRim_ChitinPauldrons (Chitin pauldrons),
OuterRim_Cloak (Cloak),
OuterRim_CompositePauldrons (Composite pauldrons),
OuterRim_DesertGarb (Desert garb),
OuterRim_HermitTunic (Hermit tunic),
OuterRim_PaddedPauldrons (Padded pauldrons),
OuterRim_Poncho (Poncho),
OuterRim_ScrapperWorksuit (Scrapper worksuit),
OuterRim_DroidArmorLight (Droid armor (light)),
OuterRim_DroidArmorModule (Droid armor (medium)),
OuterRim_DroidArmorHeavy (Droid armor (heavy)),
OuterRim_ImperialArmyPauldrons (Imperial army pauldrons),
OuterRim_ImperialArmyUniform (Imperial army uniform),
OuterRim_ImperialCadetUniform (Imperial cadet uniform),
OuterRim_DeathTrooperPauldrons (Death trooper pauldrons),
OuterRim_ImperialJumpsuit (Imperial jumpsuit),
OuterRim_ImperialOfficerUniform (Imperial officer uniform),
OuterRim_ImperialOfficerUniform_Black (Imperial officer uniform (black)),
OuterRim_ImperialOfficerUniform_White (Imperial officer uniform (white)),
OuterRim_RangeTrooperPauldrons (Range trooper pauldrons),
OuterRim_ScoutTrooperPauldrons (Scout trooper pauldrons),
OuterRim_SnowtrooperPauldrons (Snowtrooper pauldrons (pride)),
OuterRim_StormtrooperPauldrons (Stormtrooper pauldrons),
OuterRim_StormtrooperPauldrons_Enlisted (Stormtrooper pauldrons (black)),
OuterRim_StormtrooperPauldrons_Sergeant (Stormtrooper pauldrons (white)),
OuterRim_StormtrooperPauldrons_Artillery (Stormtrooper pauldrons (yellow)),
OuterRim_StormtrooperPauldrons_Officer (Stormtrooper pauldrons (orange)),
OuterRim_StormtrooperPauldrons_Commander (Stormtrooper pauldrons (red)),
OuterRim_StormtrooperPauldrons_Pride (Stormtrooper pauldrons (pride)),
OuterRim_RebelOfficerJacket (Rebel officer jacket),
OuterRim_RebelFleetTrooperUniform (Rebel fleet trooper uniform),
OuterRim_RebelForestFatigues (Rebel forest fatigues),
OuterRim_RebelForestJacket (Rebel forest jacket),
OuterRim_RebelForestPoncho (Rebel forest poncho),
OuterRim_RebelOfficerUniform (Rebel officer uniform),
guy762_DroidArmorHvy (Class III droid armor),
guy762_DroidArmorHvy_env (Class III droid environmental plating),
guy762_DroidArmorHvy_desh (Class III droid Desh plating),
guy762_DroidArmorHvy_czerka (Class III Czerka droid armor),
guy762_DroidArmorHvy_impact (Class III droid impact armor),
guy762_DroidArmorHvy_composite (Class III droid composite heavy plating),
guy762_DroidArmorHvy_diatium (Class III droid Diatium armor),
guy762_DroidArmorLte (Class I droid armor),
guy762_DroidArmorLte_env (Class I droid environmental plating),
guy762_DroidArmorLte_desh (Class I droid Desh plating),
guy762_DroidArmorLte_czerka (Class I Czerka droid armor),
guy762_DroidArmorLte_impact (Class I droid impact armor),
guy762_DroidArmorLte_composite (Class I droid composite heavy plating),
guy762_DroidArmorLte_agrinium (Class I droid Agrinium armor),
guy762_DroidArmorMid (Class II droid armor),
guy762_DroidArmorMid_env (Class II droid environmental plating),
guy762_DroidArmorMid_desh (Class II droid Desh plating),
guy762_DroidArmorMid_czerka (Class II Czerka droid armor),
guy762_DroidArmorMid_impact (Class II droid impact armor),
guy762_DroidArmorMid_composite (Class II droid composite heavy plating),
guy762_DroidArmorMid_quadranium (Class II droid Quadranium armor),
_guy762_DevTool_BodyHider (The magic cloak of body hiding),
GS_SandP_Body (Sandpeople wraps),
guy762_Clothing_scum (Clothing, rustic),
guy762_Clothing_scumII (Clothing, rugged),
guy762_Clothing_scumIII (Clothing, rural),
guy762_Clothing_civilian (Clothing, plain),
guy762_Clothing_rebel (Clothing, plain),
guy762_Clothing_smuggler (Clothing, loose),
guy762_Clothing_trendy (Clothing, trendy),
guy762_Clothing_cosmopolitan (Clothing, cosmopolitan),
guy762_Clothing_light (Clothing, light),
guy762_Clothing_RebelCamo (Clothing, fatigues),
guy762_Clothing_RebelCamoII (Clothing, fatigues),
guy762_GenericUniform_fatigues (Uniform, fatigues),
guy762_Bodysuit_Dyeable (Bodysuit, fatigues),
guy762_Bodysuit_striped (Bodysuit, striped fatigues),
guy762_Bodysuit (Bodysuit, vac-sealed),
guy762_Clothing_gamorrean (Gamorrean leathers),
guy762_Robes_gand (Robes, armored),
guy762_Robes_jawa (Robes, rustic),
guy762_Robes_tusken (Robes, rugged),
guy762_Robes_zuckuss (Robes, heavy),
guy762_Robes_onderon (Robes, wayfarer's),
guy762_armband_cortosis (Cortosis gauntlet),
guy762_glove_insulated (Insulated gloves),
guy762_glove_karakan (Karakan gauntlets),
guy762_glove_gamorrean (Gamorrean Wargloves),
guy762_glove_accuracy (Accuracy gloves),
guy762_glove_nagai (Nagai combat gloves),
guy762_glove_eriadu (Eriadu strength amplifier),
guy762_glove_sith (Sith power gauntlets),
guy762_glove_jalshey (Jal Shey perception gloves),
guy762_glove_zeisonsha (Zeison Sha gloves),
guy762_glove_stabilizer (Stabilizer gauntlets),
guy762_glove_infiltrator (Infiltrator gloves),
guy762_glove_detonator (Detonator gloves),
guy762_glove_automation (Automation gloves),
guy762_glove_programmer (Programmer gloves),
guy762_glove_dominator (Dominator gauntlets),
guy762_glove_automation_adv (Improved automation gloves),
guy762_glove_bothan (Bothan precision gloves),
guy762_RevanRobes (Darth Revan's Armor),
guy762_NihilusRobes (Darth Nihilus' Robes),
guy762_StarForgeRobes (Star Forge Robes),
guy762_KreiaRobes_DarthTraya (Darth Traya's Robes),
guy762_ExarKunArmor (Exar Kun's light battle suit),
guy762_MalgusArmor (Darth Malgus' powered battle armor),
guy762_HvyArmor (Heavy battle armor),
guy762_HvyArmor_echani (Echani Heavy Armor),
guy762_HvyArmor_durasteel (Durasteel Heavy Armor),
guy762_HvyArmor_flex (Flex Heavy Armor),
guy762_HvyArmor_matrix (Matrix Armor),
guy762_LgtBattleArmor (Light battle armor),
guy762_LgtBattleArmor_bronzium (Bronzium light battle armor),
guy762_LgtBattleArmor_power (Powered light battle armor),
guy762_LgtBattleArmor_krath (Krath Heavy Armor),
guy762_LgtBattleArmor_electromesh (Electromesh Armor),
guy762_MidBattleArmor (Battle armor),
guy762_MidBattleArmor_powered (Powered battle armor),
guy762_MidBattleArmor_cinnagar (Cinnagar Plate Armor),
guy762_MidBattleArmor_corellian (Corellian Powersuit),
guy762_MidBattleArmor_verpine (Verpine Zal Alloy Mesh),
guy762_Bodysuit_czerka (Czerka laborer worksuit),
guy762_Clothing_czerka (Czerka employee uniform),
guy762_Clothing_czerkaofficer (Czerka officer uniform),
guy762_LgtBattleArmor_TSL (Czerka Enforcer Armor),
guy762_JediTunic_light (Jedi tunic, light),
guy762_JediTunic_simple (Jedi tunic, simple),
guy762_JediTunic_formal (Jedi tunic, formal),
guy762_JediTunic_trad (Jedi tunic, traditional),
guy762_JediTunic_lightOld (Jedi tunic, plain),
guy762_MidBattleArmor_mando (Mandalorian Recon Armor),
guy762_MandoArmor_battle (Mandalorian Battle Armor),
guy762_MandoArmor_assault (Mandalorian Assault Armor),
guy762_MandoArmor_supercom (Mandalorian Supercommando Armor),
guy762_RepUniform_ensign (Republic uniform),
guy762_RepUniform_officer (Republic Officer uniform),
guy762_RepArmor_TSF (Civic Security Armor),
guy762_RepArmor_trooper (Republic Mod Armor),
guy762_HvyArmor_repcom (Republic Commando Powered Armor),
guy762_HvyArmor_gamorrean (M'uhk'gfa),
guy762_SithTunic_apprentice (Sith Apprentice tunic),
guy762_SithTunic_assassin (Sith Assassin tunic),
guy762_SithTunic_warrior (Sith Warrior tunic),
guy762_SithArmor_marauder (Sith Marauder armor (polished)),
guy762_SithArmor_colormarauder (Sith Marauder armor),
guy762_SithUniform_ensign (Sith uniform),
guy762_SithUniform_officer (Sith Officer uniform),
guy762_SithArmor_trooper (Sith Trooper Armor (polished)),
guy762_SithArmor_colortrooper (Sith Trooper Armor),
guy762_SithArmor_commando (Sith Commando Armor (polished)),
guy762_SithArmor_colorcommando (Sith Commando Armor),
guy762_VisasRobes (Visas' robes),
guy762_JoleeTunic (Jolee's Tunic),
guy762_BastilaTunic (Bastila's Tunic),
guy762_JuhaniTunic (Juhani's Tunic),
guy762_glove_survival (Taris survival gloves),
guy762_glove_defense (Czerka defensive gauntlets),
guy762_glove_exchange (Exchange work gloves),
VFEP_Warcasket_Shoulders_MechController (Mech master warcasket shoulders)
Unloading 5341 unused Assets to reduce memory usage. Loaded Objects now: 145188.
Total: 1315.263600 ms (FindLiveObjects: 5.988000 ms CreateObjectMapping: 6.987100 ms MarkObjects: 1298.565700 ms  DeleteObjects: 3.722500 ms)

Unloading 1 Unused Serialized files (Serialized files now loaded: 46)
Unloading 0 unused Assets to reduce memory usage. Loaded Objects now: 145188.
Total: 1347.105600 ms (FindLiveObjects: 5.008300 ms CreateObjectMapping: 6.675000 ms MarkObjects: 1335.250700 ms  DeleteObjects: 0.171200 ms)

Unloading 0 Unused Serialized files (Serialized files now loaded: 46)
Unloading 0 unused Assets to reduce memory usage. Loaded Objects now: 145188.
Total: 1293.077400 ms (FindLiveObjects: 4.968700 ms CreateObjectMapping: 5.714300 ms MarkObjects: 1282.218200 ms  DeleteObjects: 0.175900 ms)

Unloading 0 Unused Serialized files (Serialized files now loaded: 46)
[HugsLib] initializing QAHPSettings, StackableChunks
[StackableChunks] Chunk Stacks set too: 15
[StackableChunks] Slag Stacks set too: 15
Unloading 0 unused Assets to reduce memory usage. Loaded Objects now: 145188.
Total: 1396.064500 ms (FindLiveObjects: 5.003000 ms CreateObjectMapping: 5.588100 ms MarkObjects: 1385.305800 ms  DeleteObjects: 0.167200 ms)

Unloading 0 Unused Serialized files (Serialized files now loaded: 46)
Unloading 0 unused Assets to reduce memory usage. Loaded Objects now: 145188.
Total: 1302.240800 ms (FindLiveObjects: 5.065600 ms CreateObjectMapping: 5.613100 ms MarkObjects: 1291.398000 ms  DeleteObjects: 0.163300 ms)

Unloading 0 Unused Serialized files (Serialized files now loaded: 46)
Unloading 0 unused Assets to reduce memory usage. Loaded Objects now: 145188.
Total: 1359.751400 ms (FindLiveObjects: 5.176300 ms CreateObjectMapping: 5.515400 ms MarkObjects: 1348.868100 ms  DeleteObjects: 0.191100 ms)

[RimBridge] Startup conditions satisfied after play-data load; initializing bridge services.
[RimBridge] Applied 6 late virtual-input patch classes.
[RimBridge] STARTUP_TIMING phase=late-input-patches durationMs=44 elapsedMs=815455
[RimBridge] STARTUP_TIMING phase=capabilities.initialize durationMs=1259 elapsedMs=816715
[RimBridge] STARTUP_TIMING phase=logs.initialize durationMs=1 elapsedMs=816716
[RimBridge] STARTUP_TIMING phase=application.run-in-background durationMs=0 elapsedMs=816717
[RimBridge] STARTUP_TIMING phase=debug.playback-defaults durationMs=0 elapsedMs=816718
[RimBridge] STARTUP_TIMING phase=tools.construct durationMs=0 elapsedMs=816718
[RimBridge] STARTUP_TIMING phase=gabp.builder.configure durationMs=0 elapsedMs=816718
[RimBridge] STARTUP_TIMING phase=gabp.server.build durationMs=1 elapsedMs=816719
[RimBridge] STARTUP_TIMING phase=tools.register-core durationMs=2 elapsedMs=816722
[RimBridge] STARTUP_TIMING phase=tools.register-extensions durationMs=1 elapsedMs=816723
[RimBridge] STARTUP_TIMING phase=event-relay.initialize durationMs=1 elapsedMs=816724
[RimBridge] STARTUP_TIMING phase=attention.initialize durationMs=1 elapsedMs=816728
[RimBridge] STARTUP_TIMING phase=gabp.server.start-submit durationMs=5 elapsedMs=816733
[RimBridge] STARTUP_TIMING phase=bridge-start.total durationMs=1278 elapsedMs=816734
[RimBridge] STARTUP_TIMING phase=gabp.server.start-async durationMs=6 elapsedMs=816734
[RimBridge] GABP server running standalone on port 5174
[RimBridge] Bridge token: 882e4b98a2a94c6a90bf143460ba7784
CE is trying to create default parameter lists ...
creating default parameter list for genes...
3887 default entities for genes created
creating default parameter list for objects...
12752 default entities for objects created
creating default parameter list for turrets...
117 default entities for turrets created
...lists created
CE is trying to apply modified parameters...
no modifications for genes
no modifications for objects
no modifications for lifestages
...done
[ShowMeYourHands]: Defined hand definitions of 771 weapons
[ShowMeYourHands]: Defined hand definitions of 771 weapons
[ShowMeYourHands]: There is an unexpected patch of the weapon-rendering function. This may affect hand-positions. Please report the following information to the author of the 'Show Me Your Hands'-mod
Transpiler 0. Owner: ChezhouLib.lib, Method: System.Collections.Generic.IEnumerable`1[HarmonyLib.CodeInstruction] Transpiler(System.Collections.Generic.IEnumerable`1[HarmonyLib.CodeInstruction]), Prio: 400
Finished transpiling 1478 methods - 8/30/2026 2:05:58 PM
<color=#7F66FFFF>[SWCP Core/Tools] </color>Failed to retrieve a CharacterDefWithRole<TRole> list from the role registry, returning empty.
<color=#7F66FFFF>[SWCP Core/Tools] </color>Failed to retrieve a CharacterDefWithRole<TRole> list from the role registry, returning empty.
XylRacesCore feature check: XylRacesCore.Genes.GeneDefExtension_Pawn = True
[Big and Small]: Found 24 AlienRace.ThingDef_AlienRace ThingDefs.
These are either from HAR races or B&S races automatically converted for compatibility.
[Isekai Forge] Skipping Flebe<color=#999999FF>, Accountant</color>: failed equipChance roll (20 %) for rank E
<color=#7F66FFFF>[SWCP Core/Tools] </color>Failed to retrieve a CharacterDefWithRole<TRole> list from the role registry, returning empty.
XylRacesCore feature check: XylRacesCore.Genes.HostilityOverride = False
[Isekai Forge] Enhancing Bacchus<color=#999999FF>, Hermit</color> (rank D): maxRef=2, runeChance=20 %, maxRuneRank=1
<color=#7F66FFFF>[SWCP Core/Tools] </color>Failed to retrieve a CharacterDefWithRole<TRole> list from the role registry, returning empty.
[Isekai Forge] Skipping Zippy<color=#999999FF>, Officer</color>: failed equipChance roll (40 %) for rank D
<color=#7F66FFFF>[SWCP Core/Tools] </color>Failed to retrieve a CharacterDefWithRole<TRole> list from the role registry, returning empty.
[Isekai Forge] Skipping Foxy<color=#999999FF>, Arbiter</color>: failed equipChance roll (10 %) for rank F
<color=#7F66FFFF>[SWCP Core/Tools] </color>Failed to retrieve a CharacterDefWithRole<TRole> list from the role registry, returning empty.
[Isekai Forge] Enhancing Wolle<color=#999999FF>, Mechanic</color> (rank E): maxRef=1, runeChance=10 %, maxRuneRank=1
<color=#7F66FFFF>[SWCP Core/Tools] </color>Failed to retrieve a CharacterDefWithRole<TRole> list from the role registry, returning empty.
[Isekai Forge] Skipping Kit<color=#999999FF>, Researcher</color>: failed equipChance roll (10 %) for rank F
<color=#7F66FFFF>[SWCP Core/Tools] </color>Failed to retrieve a CharacterDefWithRole<TRole> list from the role registry, returning empty.
[Isekai Forge] Skipping Hakuja<color=#999999FF>, Healer</color>: failed equipChance roll (40 %) for rank D
<color=#7F66FFFF>[SWCP Core/Tools] </color>Failed to retrieve a CharacterDefWithRole<TRole> list from the role registry, returning empty.
[Isekai Forge] Skipping Sammy<color=#999999FF>, Counselor</color>: failed equipChance roll (10 %) for rank F
<color=#7F66FFFF>[SWCP Core/Tools] </color>Failed to retrieve a CharacterDefWithRole<TRole> list from the role registry, returning empty.
[Isekai Forge] Skipping Martin<color=#999999FF>, Bureaucrat</color>: failed equipChance roll (10 %) for rank F
<color=#7F66FFFF>[SWCP Core/Tools] </color>Failed to retrieve a CharacterDefWithRole<TRole> list from the role registry, returning empty.
[Isekai Forge] Skipping Lissa<color=#999999FF>, Crafter</color>: failed equipChance roll (10 %) for rank F
<color=#7F66FFFF>[SWCP Core/Tools] </color>Failed to retrieve a CharacterDefWithRole<TRole> list from the role registry, returning empty.
[Isekai Forge] Skipping Kalgehx<color=#999999FF>, Hunter</color>: failed equipChance roll (10 %) for rank F
<color=#7F66FFFF>[SWCP Core/Tools] </color>Failed to retrieve a CharacterDefWithRole<TRole> list from the role registry, returning empty.
[Isekai Forge] Skipping Nebulys<color=#999999FF>, Hunter</color>: failed equipChance roll (20 %) for rank E
<color=#7F66FFFF>[SWCP Core/Tools] </color>Failed to retrieve a CharacterDefWithRole<TRole> list from the role registry, returning empty.
[Isekai Forge] Skipping Furr<color=#999999FF>, Captain</color>: failed equipChance roll (10 %) for rank F
<color=#7F66FFFF>[SWCP Core/Tools] </color>Failed to retrieve a CharacterDefWithRole<TRole> list from the role registry, returning empty.
[Isekai Forge] Skipping Bellerose<color=#999999FF>, Pirate</color>: failed equipChance roll (40 %) for rank D
<color=#7F66FFFF>[SWCP Core/Tools] </color>Failed to retrieve a CharacterDefWithRole<TRole> list from the role registry, returning empty.
[Isekai Forge] Skipping Erika<color=#999999FF>, Physicist</color>: failed equipChance roll (10 %) for rank F
<color=#7F66FFFF>[SWCP Core/Tools] </color>Failed to retrieve a CharacterDefWithRole<TRole> list from the role registry, returning empty.
[Isekai Forge] Enhancing Arty<color=#999999FF>, Broker</color> (rank A): maxRef=6, runeChance=65 %, maxRuneRank=3
<color=#7F66FFFF>[SWCP Core/Tools] </color>Failed to retrieve a CharacterDefWithRole<TRole> list from the role registry, returning empty.
[Isekai Forge] Skipping Jet<color=#999999FF>, Officer</color>: failed equipChance roll (10 %) for rank F
<color=#7F66FFFF>[SWCP Core/Tools] </color>Failed to retrieve a CharacterDefWithRole<TRole> list from the role registry, returning empty.
[Isekai Forge] Skipping Flea<color=#999999FF>, Programmer</color>: failed equipChance roll (20 %) for rank E
<color=#7F66FFFF>[SWCP Core/Tools] </color>Failed to retrieve a CharacterDefWithRole<TRole> list from the role registry, returning empty.
[Isekai Forge] Skipping Frenchy<color=#999999FF>, Executive</color>: failed equipChance roll (20 %) for rank E
<color=#7F66FFFF>[SWCP Core/Tools] </color>Failed to retrieve a CharacterDefWithRole<TRole> list from the role registry, returning empty.
[Isekai Forge] Skipping Erisen<color=#999999FF>, Researcher</color>: failed equipChance roll (20 %) for rank E
<color=#7F66FFFF>[SWCP Core/Tools] </color>Failed to retrieve a CharacterDefWithRole<TRole> list from the role registry, returning empty.
[Isekai Forge] Skipping Marjot<color=#999999FF>, Scientist</color>: failed equipChance roll (40 %) for rank D
<color=#7F66FFFF>[SWCP Core/Tools] </color>Failed to retrieve a CharacterDefWithRole<TRole> list from the role registry, returning empty.
[Isekai Forge] Skipping Freydís<color=#999999FF>, Herder</color>: failed equipChance roll (10 %) for rank F
<color=#7F66FFFF>[SWCP Core/Tools] </color>Failed to retrieve a CharacterDefWithRole<TRole> list from the role registry, returning empty.
[Isekai Forge] Skipping Skye<color=#999999FF>, Enforcer</color>: failed equipChance roll (10 %) for rank F
<color=#7F66FFFF>[SWCP Core/Tools] </color>Failed to retrieve a CharacterDefWithRole<TRole> list from the role registry, returning empty.
[Isekai Forge] Skipping Mushinto<color=#999999FF>, Hunter</color>: failed equipChance roll (20 %) for rank E
<color=#7F66FFFF>[SWCP Core/Tools] </color>Failed to retrieve a CharacterDefWithRole<TRole> list from the role registry, returning empty.
[Isekai Forge] Enhancing Sizzle<color=#999999FF>, Carver</color> (rank D): maxRef=2, runeChance=20 %, maxRuneRank=1
<color=#7F66FFFF>[SWCP Core/Tools] </color>Failed to retrieve a CharacterDefWithRole<TRole> list from the role registry, returning empty.
[Isekai Forge] Skipping Vicky<color=#999999FF>, Pariah</color>: failed equipChance roll (20 %) for rank E
<color=#7F66FFFF>[SWCP Core/Tools] </color>Failed to retrieve a CharacterDefWithRole<TRole> list from the role registry, returning empty.
<color=#7F66FFFF>[SWCP Core/Tools] </color>Failed to retrieve a CharacterDefWithRole<TRole> list from the role registry, returning empty.
<color=#7F66FFFF>[SWCP Core/Tools] </color>Failed to retrieve a CharacterDefWithRole<TRole> list from the role registry, returning empty.
<color=#7F66FFFF>[SWCP Core/Tools] </color>Failed to retrieve a CharacterDefWithRole<TRole> list from the role registry, returning empty.
<color=#7F66FFFF>[SWCP Core/Tools] </color>Failed to retrieve a CharacterDefWithRole<TRole> list from the role registry, returning empty.
<color=#7F66FFFF>[SWCP Core/Tools] </color>Failed to retrieve a CharacterDefWithRole<TRole> list from the role registry, returning empty.
[Isekai Forge] Skipping Söderena<color=#999999FF>, Pyro</color>: failed equipChance roll (20 %) for rank E
<color=#7F66FFFF>[SWCP Core/Tools] </color>Failed to retrieve a CharacterDefWithRole<TRole> list from the role registry, returning empty.
[Isekai Forge] Skipping Maru<color=#999999FF>, Salvager</color>: failed equipChance roll (10 %) for rank F
<color=#7F66FFFF>[SWCP Core/Tools] </color>Failed to retrieve a CharacterDefWithRole<TRole> list from the role registry, returning empty.
<color=#7F66FFFF>[SWCP Core/Tools] </color>Failed to retrieve a CharacterDefWithRole<TRole> list from the role registry, returning empty.
<color=#7F66FFFF>[SWCP Core/Tools] </color>Failed to retrieve a CharacterDefWithRole<TRole> list from the role registry, returning empty.
<color=#7F66FFFF>[SWCP Core/Tools] </color>Failed to retrieve a CharacterDefWithRole<TRole> list from the role registry, returning empty.
<color=#7F66FFFF>[SWCP Core/Tools] </color>Failed to retrieve a CharacterDefWithRole<TRole> list from the role registry, returning empty.
<color=#7F66FFFF>[SWCP Core/Tools] </color>Failed to retrieve a CharacterDefWithRole<TRole> list from the role registry, returning empty.
<color=#7F66FFFF>[SWCP Core/Tools] </color>Failed to retrieve a CharacterDefWithRole<TRole> list from the role registry, returning empty.
<color=#7F66FFFF>[SWCP Core/Tools] </color>Failed to retrieve a CharacterDefWithRole<TRole> list from the role registry, returning empty.
<color=#7F66FFFF>[SWCP Core/Tools] </color>Failed to retrieve a CharacterDefWithRole<TRole> list from the role registry, returning empty.
<color=#7F66FFFF>[SWCP Core/Tools] </color>Failed to retrieve a CharacterDefWithRole<TRole> list from the role registry, returning empty.
<color=#7F66FFFF>[SWCP Core/Tools] </color>Failed to retrieve a CharacterDefWithRole<TRole> list from the role registry, returning empty.
<color=#7F66FFFF>[SWCP Core/Tools] </color>Failed to retrieve a CharacterDefWithRole<TRole> list from the role registry, returning empty.
<color=#7F66FFFF>[SWCP Core/Tools] </color>Failed to retrieve a CharacterDefWithRole<TRole> list from the role registry, returning empty.
<color=#7F66FFFF>[SWCP Core/Tools] </color>Failed to retrieve a CharacterDefWithRole<TRole> list from the role registry, returning empty.
<color=#7F66FFFF>[SWCP Core/Tools] </color>Failed to retrieve a CharacterDefWithRole<TRole> list from the role registry, returning empty.
<color=#7F66FFFF>[SWCP Core/Tools] </color>Failed to retrieve a CharacterDefWithRole<TRole> list from the role registry, returning empty.
<color=#7F66FFFF>[SWCP Core/Tools] </color>Failed to retrieve a CharacterDefWithRole<TRole> list from the role registry, returning empty.
<color=#7F66FFFF>[SWCP Core/Tools] </color>Failed to retrieve a CharacterDefWithRole<TRole> list from the role registry, returning empty.
<color=#7F66FFFF>[SWCP Core/Tools] </color>Failed to retrieve a CharacterDefWithRole<TRole> list from the role registry, returning empty.
<color=#7F66FFFF>[SWCP Core/Tools] </color>Failed to retrieve a CharacterDefWithRole<TRole> list from the role registry, returning empty.
adding BorealForestto primary biomes
adding Tundrato primary biomes
adding ColdBogto primary biomes
adding IceSheetto primary biomes
adding TemperateForestto primary biomes
adding TemperateSwampto primary biomes
adding TropicalRainforestto primary biomes
adding TropicalSwampto primary biomes
adding GlacialPlainto primary biomes
adding Glowforestto primary biomes
adding Grasslandsto primary biomes
adding LavaFieldto primary biomes
adding Scarlandsto primary biomes
adding BiomeArcticOasisto primary biomes
adding BiomeAreebto primary biomes
adding BiomeCypreJungleto primary biomes
adding BiomeGRimberlandsto primary biomes
adding BiomeGRimeraldto primary biomes
adding BiomeGRimethystto primary biomes
adding BiomeGRimonadeto primary biomes
adding BiomeGRimondto primary biomes
adding BiomeGRimphireto primary biomes
adding BiomeGRimworldto primary biomes
adding BiomeGrindlandto primary biomes
adding BiomeGRubyto primary biomes
adding BiomeGRuquoiseto primary biomes
adding BiomeMistto primary biomes
adding BiomeToxlandsto primary biomes
adding AridShrublandto primary biomes
adding Desertto primary biomes
adding ExtremeDesertto primary biomes
adding IronScruff_PrimordialGeysersto primary biomes
adding COMIGO_GreaterSwamp_Temperateto primary biomes
adding COMIGO_GreaterSwamp_Coldto primary biomes
adding COMIGO_GreaterSwamp_Tropicalto primary biomes
finished biome cycle
finished biome cycle
finished biome cycle
finished biome cycle
finished biome cycle
finished biome cycle
finished biome cycle
finished biome cycle
finished biome cycle
finished biome cycle
finished biome cycle
finished biome cycle
finished biome cycle
finished biome cycle
finished biome cycle
finished biome cycle
finished biome cycle
finished biome cycle
finished biome cycle
finished biome cycle
finished biome cycle
finished biome cycle
finished biome cycle
finished biome cycle
finished biome cycle
finished biome cycle
finished biome cycle
finished biome cycle
finished biome cycle
finished biome cycle
finished biome cycle
finished biome cycle
finished biome cycle
finished biome cycle
finished biome cycle
adding BorealForestto primary biomes
adding Tundrato primary biomes
adding ColdBogto primary biomes
adding IceSheetto primary biomes
adding TemperateForestto primary biomes
adding TemperateSwampto primary biomes
adding TropicalRainforestto primary biomes
adding TropicalSwampto primary biomes
adding GlacialPlainto primary biomes
adding Glowforestto primary biomes
adding Grasslandsto primary biomes
adding LavaFieldto primary biomes
adding Scarlandsto primary biomes
adding BiomeArcticOasisto primary biomes
adding BiomeAreebto primary biomes
adding BiomeCypreJungleto primary biomes
adding BiomeGRimberlandsto primary biomes
adding BiomeGRimeraldto primary biomes
adding BiomeGRimethystto primary biomes
adding BiomeGRimonadeto primary biomes
adding BiomeGRimondto primary biomes
adding BiomeGRimphireto primary biomes
adding BiomeGRimworldto primary biomes
adding BiomeGrindlandto primary biomes
adding BiomeGRubyto primary biomes
adding BiomeGRuquoiseto primary biomes
adding BiomeMistto primary biomes
adding BiomeToxlandsto primary biomes
adding AridShrublandto primary biomes
adding Desertto primary biomes
adding ExtremeDesertto primary biomes
adding IronScruff_PrimordialGeysersto primary biomes
adding COMIGO_GreaterSwamp_Temperateto primary biomes
adding COMIGO_GreaterSwamp_Coldto primary biomes
adding COMIGO_GreaterSwamp_Tropicalto primary biomes
finished biome cycle
finished biome cycle
finished biome cycle
finished biome cycle
finished biome cycle
finished biome cycle
finished biome cycle
finished biome cycle
finished biome cycle
finished biome cycle
finished biome cycle
finished biome cycle
finished biome cycle
finished biome cycle
finished biome cycle
finished biome cycle
finished biome cycle
finished biome cycle
finished biome cycle
finished biome cycle
finished biome cycle
finished biome cycle
finished biome cycle
finished biome cycle
finished biome cycle
finished biome cycle
finished biome cycle
finished biome cycle
finished biome cycle
finished biome cycle
finished biome cycle
finished biome cycle
finished biome cycle
finished biome cycle
finished biome cycle
finished biome cycle
finished biome cycle
finished biome cycle
finished biome cycle
finished biome cycle
finished biome cycle
finished biome cycle
finished biome cycle
finished biome cycle
finished biome cycle
finished biome cycle
finished biome cycle
finished biome cycle
finished biome cycle
finished biome cycle
finished biome cycle
finished biome cycle
finished biome cycle
finished biome cycle
finished biome cycle
finished biome cycle
finished biome cycle
finished biome cycle
finished biome cycle
finished biome cycle
finished biome cycle
finished biome cycle
finished biome cycle
finished biome cycle
finished biome cycle
finished biome cycle
finished biome cycle
finished biome cycle
finished biome cycle
finished biome cycle
<color=#7F66FFFF>[SWCP Core/Tools] </color>Failed to retrieve a CharacterDefWithRole<TRole> list from the role registry, returning empty.
[Isekai Forge] Skipping Nytro<color=#999999FF>, Computer</color>: failed equipChance roll (20 %) for rank E
<color=#7F66FFFF>[SWCP Core/Tools] </color>Failed to retrieve a CharacterDefWithRole<TRole> list from the role registry, returning empty.
[Isekai Forge] Skipping John<color=#999999FF>, Butcher</color>: failed equipChance roll (20 %) for rank E
<color=#7F66FFFF>[SWCP Core/Tools] </color>Failed to retrieve a CharacterDefWithRole<TRole> list from the role registry, returning empty.
[Isekai Forge] Enhancing Sebastien<color=#999999FF>, Boss</color> (rank B): maxRef=4, runeChance=50 %, maxRuneRank=2
[Isekai Forge] Skipping Pan<color=#999999FF>, Adventurer</color>: failed equipChance roll (10 %) for rank F
[Isekai Forge] Skipping Sleepy<color=#999999FF>, Financier</color>: failed equipChance roll (20 %) for rank E
[Isekai Forge] Skipping Sunbin<color=#999999FF>, Animal farmer</color>: failed equipChance roll (10 %) for rank F
[Isekai Forge] Skipping Steppie<color=#999999FF>, Patriot</color>: failed equipChance roll (10 %) for rank F
[Isekai Forge] Skipping Metti<color=#999999FF>, Maid</color>: failed equipChance roll (20 %) for rank E
[Isekai Forge] Enhancing Ibarra<color=#999999FF>, Demoscener</color> (rank D): maxRef=2, runeChance=20 %, maxRuneRank=1
[Isekai Forge] Skipping Blair<color=#999999FF>, Architect</color>: failed equipChance roll (20 %) for rank E
[Isekai Forge] Skipping Hollytops<color=#999999FF>, Prosecuted Vet</color>: failed equipChance roll (20 %) for rank E
[Isekai Forge] Skipping Methfessel<color=#999999FF>, Broker</color>: failed equipChance roll (10 %) for rank F
[Isekai Forge] Skipping Julian<color=#999999FF>, Ranger</color>: failed equipChance roll (10 %) for rank F
[Isekai Forge] Skipping Naria<color=#999999FF>, Lady</color>: failed equipChance roll (40 %) for rank D
Unloading 3 Unused Serialized files (Serialized files now loaded: 46)
[PhysX] Initialized MultithreadedTaskDispatcher with 14 workers.
UnloadTime: 0.449600 ms
FileNotFoundException: Cannot resolve dependency to assembly 'UnityEngine.InputLegacyModule, Version=0.0.0.0, Culture=neutral, PublicKeyToken=null' because it has not been preloaded. When using the ReflectionOnly APIs, dependent assemblies must be pre-loaded or loaded on demand through the ReflectionOnlyAssemblyResolve event.


[YayoCombat] Applying Def patches.
[YayoCombat] Removing ammo recipes. Found 18 ammo recipes.
Unloading 3 unused Assets to reduce memory usage. Loaded Objects now: 145410.
Total: 1596.367600 ms (FindLiveObjects: 15.143600 ms CreateObjectMapping: 5.789800 ms MarkObjects: 1575.255700 ms  DeleteObjects: 0.178300 ms)

[PrepareLanding] Prefilter: 119904 tiles in WorldGrid.tiles
Initializing new game with mods:
  - zetrith.prepatcher
  - brrainz.harmony
  - aleksey.betterstacktraces
  - Ludeon.RimWorld
  - Ludeon.RimWorld.Royalty
  - Ludeon.RimWorld.Ideology
  - Ludeon.RimWorld.Biotech
  - Ludeon.RimWorld.Anomaly
  - Ludeon.RimWorld.Odyssey
  - Owlchemist.CherryPicker
  - AOBA.Framework
  - vanillaexpanded.backgrounds
  - thesepeople.RitualAttachableOutcomes
  - adaptive.storage.framework
  - RedMattis.BetterPrerequisites
  - SmashPhil.VehicleFramework
  - imranfish.xmlextensions
  - UnlimitedHugs.HugsLib
  - OskarPotocki.VanillaFactionsExpanded.Core
  - EBSG.Framework
  - 04.23.2020
  - AP.huntingmeme
  - Dizzy.CandlesandMeditation
  - HMC.Wall.Furniture
  - M3.Continued.JangoDsoul.StarWars.BTI
  - jm.disstynan
  - zal.calltradeships
  - lc.tammybee.selectablesculpturegraphic
  - mingtuwuxiang.SpaceBaseDecorative
  - Nals.FacialAnimation
  - Mlie.RFRumorHasIt
  - RH2.CPERS.Arrest.Here
  - CP.Uncle.Boris.Used.Furniture
  - sbz.NeatStorageFridge
  - sbz.GravshipStorage
  - SR.ModRimworld.FactionalWarContinued
  - Mlie.SYRMoreSlaves
  - zav.glowstoneForked
  - ArmoredAmpharos.fancyrats
  - Adaptive.Ideology.Storage
  - Adaptive.PrimitiveStorage
  - Adaptive.SimpleStorage
  - Mlie.AdvancedBiomes
  - Ali.GrowOdysseyPlants
  - 7f.alienworlds
  - AndrewRaphaelLukasik.AllowDeadAnimals
  - UnlimitedHugs.AllowTool
  - duz.almosttherefork
  - sarg.alphabiomes
  - sarg.alphamechs
  - Sarg.AlphaMemes
  - swablu.ambience
  - Vita.CampDangers
  - XMB.AncientMiningIndustry.MO
  - Aqued.DredgeAberrations
  - rpgwanderer.opturret
  - Neronix17.Asimov
  - ASP.HalituisAmaricanous
  - kshtantrumsounds.Mod
  - automatic.autolinks
  - Fuu.AutoStripOnHaul
  - Mlie.BeastsoftheRim
  - ElSov.Beliar
  - io.github.Relvl.Rimworld.BestApparel
  - Ionfrigate12345.Coolandgoodambush
  - Mlie.BetterBeggars
  - DizzyEevee.BetterCrossbreeding
  - nephlite.advexplosions
  - Arkymn.BetterGrowthMoments
  - zal.betterinfestations
  - coldcrow.betterkibble
  - Madeline.ModMismatchFormatter
  - Mlie.BetterProjectileOrigin
  - JM.betterTraders
  - ChaoticEnrico.BetterTrees
  - falconne.BWM
  - BusinBurg.BusinFeatures
  - RedMattis.BiggerGravship
  - Kopp.BiomeCompatibilityProject
  - BiomesTeam.BiomesFossils
  - BiomesTeam.CoreFramework
  - zal.biomeskit
  - Fuu.BloodAnimations
  - bs.mbifvte
  - GulMadred.BreedingRitual
  - Memegoddess.BuildFromInventory
  - 8Z.CallForIntel
  - brrainz.cameraplus
  - iforgotmysocks.CaravanAdventures
  - Joe.Cephaloids
  - kapitanoczywisty.changemapedge
  - void.charactereditor
  - heatherathebyne.childrenlearnoncaravan
  - Mlie.ChooseBiomeCommonality
  - kearril.ChooseWhereToLand
  - Mlie.ChooseWildAnimalSpawns
  - kikohi.ColoredDeepResources
  - PeteTimesSix.CompactHediffs
  - com.makeitso.configurabletechprints
  - CozyFire.Velcroboy333
  - heatherathebyne.craftingspotslavegear
  - Thumb.BetterCremation
  - Greg.CustomGasTypes
  - HaiLuan.CustomQuestFramework
  - costel.CustomRoomNames
  - DimonSever000.IdeologyVirtues
  - East.DancePartyCustomMusic
  - Van.Beasts
  - Van.DACrypts
  - DarkestDungeon.IncidentSounds
  - Troopersmith1.DeathRattle
  - Mlie.DecorativeCliffs
  - clown.dedicatedturrets
  - GonDragon.DefensivePositions
  - Merthsoft.DesignatorShapes
  - Milkwater.DestinyMod
  - Garwel.DestroyItem
  - det.avaloi
  - det.boglegs
  - det.brawnum
  - det.buzzers
  - det.keshig
  - det.venators
  - cometopapa.deteriorated
  - Lornath.DiseaseImmunityProgressTracker
  - jecrell.doorsexpanded
  - Dubwise.DubsPaintShop
  - Dubwise.DubsBadHygiene.Thirst
  - Dubwise.DubsBadHygiene.Lite
  - Dubwise.DubsMintMenus
  - dubwise.dubsmintminimap
  - Dubwise.DubsRimkit
  - blues.forge
  - maincrep.eweb
  - YourName.Effigys.Mod
  - CarnySenpai.EnableOversizedWeapons
  - nep.enginesunlimited
  - det.epochsincense
  - det.epochspyrinth
  - Erin.FFAnimals
  - Keshash.ExtraExplosionEffects
  - EoralMilk.FaceAddonFramework
  - azravos.factioncustomizer
  - Mlie.FactionRaidCooldown
  - kosaro.fahrenheitandcelsius
  - tyrannidae.fancyratsplus
  - realify.firefoam
  - Aelanna.FistNerf
  - kathanon.FloatSubMenu
  - temeez.floorlights2
  - Aoba.Fortress.Neolithic
  - m00nl1ght.GeologicalLandforms
  - MemeGoddess.GiddyUp
  - lts.GEG
  - Albion.GoExplore
  - Mlie.GraffitiMod
  - Arcjc007.GravshipCrashes
  - Arcjc007.GravshipExporter
  - sk.gravshipraids
  - imagitama.rimworldgravshiprangeonmap
  - GRimTerra.Biomesmod
  - GRimTerra.TerrainRetexturemod
  - Arti.Shrinez
  - Mlie.HarvestWhenButchering
  - Ael.Tua.HelmetsAddToxResistance
  - ElSov.Highborn
  - Mlie.Horrors
  - hazN.huntingtraps
  - HaiLuan.IWBB
  - amegakull.SCVRole
  - kxp.IdeoSymbolsAsIdeograms
  - llunak.MorePrecepts
  - AgentBlac.MakePawnsPrisoners
  - Mlie.IncidentDisabler
  - Koth.ISiD
  - mandrake.inhabited
  - Haecriver.InjuredCarry
  - ferny.EasyCaravanFormation
  - Turnovus.Biotech.IntegratedGenes
  - Jaxe.Bubbles
  - Mlie.InteractionAreaSettings
  - GlitchGoblin.InvisibleConduitCont
  - zal.ionweaponry
  - mandrake.jawafactionslate
  - mandrake.jawaplantgrowth
  - mandrake.jawarules
  - jecrell.jecstools
  - kikohi.jewelry
  - Mlie.JurassicRimworldDinosaursOnly
  - MF.JFKLanding
  - Timuttie.JustLeaveAlready.fork.mitasamodel
  - Mlie.JustPutItOverThere
  - Linnun.KeepConverting
  - VaguelySexual.ModPackageId.GoesHere
  - Mlie.LargeFactionBases
  - zal.largeoutpost
  - Arcjc007.LaserCannon
  - costel.layeredapparel
  - NoneObsidiaExpansion.LEDLightsStrip
  - juanlopez2008.LightsOut
  - Mlie.LinkableSettings
  - dorbo.watersfx
  - tyrannidae.littlecritters
  - Mlie.LogAfterDefError
  - zylle.MapDesigner
  - NozoMe.MapModeFramework
  - m00nl1ght.MapPreview
  - Udon.MassLoveIn
  - SirDarkElf.MeaningfulEncounters
  - badoaks.MeatOnAStick
  - Samael.NPCMechsAndAnimals
  - Bonible.MedievalMeleeSounds
  - Mewn.MedievalSigns
  - Spino.Megafauna
  - Mlie.MercerBackpacks
  - flangopink.MetalPipe
  - flangopink.MetalPipeHorseshoe
  - Andromeda.MilkyWay
  - rabiosus.minesight
  - Cain.Mineshaft
  - erdelf.MinifyEverything
  - Mlie.MiningCoAlertSpeaker
  - Mlie.MiningCoDrillTurret
  - Mlie.MiningCoMMS
  - Mlie.MiningCoSpaceship
  - Mlie.MoEvents
  - Hali.ModifyLandingTile
  - kaitorisenkou.ModularWeapons2
  - Deadmano.MoodAlerts
  - acutus.moodchainreaction
  - zylle.MoreDangerousGame
  - Mlie.MoreFactionInteraction
  - Bichang.MoreSculpture
  - GarryFlowers.MoreSlaveryStuff
  - zylle.MoreVanillaBiomes
  - tidal.morevanilla.textures
  - MorphsAssorted.BiotechRetex
  - mandrake.msedroidfix
  - Snobi.MutatorWorldIcons
  - Oblitus.MyLittlePlanet
  - veterano.mythicages.megafaunabestiary
  - RadZerp.naturalPaths
  - zylle.NightLights
  - Nightmare.Core
  - Dingo.NoForcedSlowdown
  - Mlie.NoMissingGeneIcons
  - Edern.NoRandomApparelOnIdeoEdit
  - jaeger972.nomadfreindlyquests
  - avilmask.NonUnoPinata
  - planetace.nondestructivegravlaunch
  - Mehni.Numbers
  - Onimods.ElectricTorches
  - Karew.OrcClan
  - Coolzie.OOCReBoost
  - Arkymn.SlowerPawnTickRate
  - Alleykat.PersistentPrecepts
  - Mlie.PerspectiveBuildings
  - Meltup.PolyamoryBeds.Vanilla
  - Xylthixlm.Races.Core
  - Mlie.PreceptsAndMemes
  - m00nl1ght.UnofficialUpdates.PrepareLanding
  - IronScruff.PrimordialGeysers
  - Mlie.PrisonersShouldFearTurrets
  - Laureeeeeeeeeeeeeeen.shrooms
  - fluxilis.germanquality
  - DawnsGlow.qualcolor
  - Leo.RaidProtectionFee
  - Ingendum.RaiderSwarmCompression
  - zal.randomgrowthchoices
  - Wemd.RealisticDarknessLight
  - Mlie.RealisticHumanSounds
  - mosi.RebalancedAncientJunk
  - Mlie.RecycleThis
  - Reel.TurretPipeline
  - Mlie.RelevantStatsInDescription
  - PeteTimesSix.ResearchReinvented
  - Scorpio.ResourceDictionary
  - Alma.TossEm
  - LingLuo.Cockroach
  - sihv.rombonesPort
  - kilokio.rimai.framework
  - brrainz.rimbridgeserver
  - Dubwise.Rimefeller
  - rimfridge.kv.rw
  - MalteSchulze.RIMMSqol
  - Mlie.RimQuest
  - Deon.rimtek.core
  - Sierra.RT.GeneralTraits
  - DepsCian.RimTunes
  - Sov.Sith
  - mianreplicate.romanceandintimacyontherim
  - tug.Minotaur
  - Kupie.IsJustDoingItLive.PlzDontHateMe.RoofedScanning
  - GHOST.RootsofRimworld
  - MemeGoddess.RunAndGun
  - mandrake.empirepursuit
  - RWNodeTree.RWPlanetAtmosphere
  - moja.salvagerubble
  - plusblankplus.scenarioamenderfork
  - MemeGoddess.SearchAndDestroy
  - HellRevenger.SearchOption
  - avilmask.SelfDyeing
  - sensiblebedownership.1trickPwnyta
  - Boots.SensibleFactions
  - FlyingSloth.SCFilthReducer
  - Victor.BuyMore
  - shavius.Medieval.Flavour
  - Spacemoth.ShowKnownTechprints
  - Dark.Signs
  - Stokes.simplehoodcape
  - Usgiyi.SlaveOutfits
  - Mlie.SlaveRebellionsImproved
  - astryl.SleepingBuddies
  - Hol.SmeltPatch
  - weilbyte.snapout
  - Krelinos.SocialEXPFromTrade
  - Mlie.SpaceWorms
  - JPT.speakup
  - Elshender.stackablechunks
  - balistafreak.StandaloneHotSpring
  - Mlie.StarWarsAnimalCollection
  - lumi.swlights
  - StarWars.ThemedSounds
  - amoruch.RimWorldStealingMod
  - Karshou.StorageMemory
  - Mlie.StorytellerEnhanced
  - mandrake.strandedquest
  - Kas.StrongerScaling
  - moistestWhale.stuffOnTablesForked
  - Gerrymon.StylizedSlaveCollar
  - jellypowered.survivaltools
  - Mlie.TabSorting
  - ucp.TabletopDecorations
  - Summersausages2TTV.TechLevelEnforcement
  - Sapiently.TheyAtomicMonsters
  - Propickelz.TinkerBench
  - titans.fl
  - vlvop.tormentmaster.expansion
  - TSA.TorturePod
  - smashphil.dropspot
  - hobtook.tradeui
  - Mlie.TradeableTrinkets
  - automatic.traderships
  - joseasoler.TraderGen
  - kearril.TradingOptionsContinue
  - Aelanna.TransparentSubstructure
  - Xercaine.Tribal.Furniture
  - geojak.TributeDemand
  - ferny.TriumphantResearch
  - Trouperton.TrystanTravellersShuttleSchematics
  - Error277.Tunneler.Expanded
  - archie.turrettargetpatch
  - marvinkosh.ughyougotme
  - madarauchiha.undraftaftertucking
  - universalpregnancy.1trickPwnyta
  - doomdrvk.UnlimitedNuzzles
  - nephlite.orbitaltradecolumn
  - sirvan.MWRetextured
  - SirVan.SteelRetexture
  - VanillaExpanded.VAEWaste
  - VanillaExpanded.VAPPE
  - VanillaExpanded.VAEAccessories
  - VanillaExpanded.VanillaBackstoriesExpanded
  - VanillaExpanded.VBrewE
  - VanillaExpanded.VCookE
  - VanillaExpanded.VEE
  - OskarPotocki.VFE.Insectoid2
  - OskarPotocki.VFE.Tribals
  - VanillaExpanded.VFECore
  - VanillaExpanded.VFEArchitect
  - VanillaExpanded.VFEArt
  - VanillaExpanded.VFEFactory
  - VanillaExpanded.VFEFarming
  - VanillaExpanded.VFEMedical
  - VanillaExpanded.VFEPower
  - VanillaExpanded.VFEProduction
  - VanillaExpanded.VFEPropsandDecor
  - VanillaExpanded.VFESecurity
  - VanillaExpanded.VFESpacer
  - vanillaexpanded.gravship
  - VanillaExpanded.HelixienGas
  - VanillaExpanded.VIEHAR
  - VanillaExpanded.Ideo.RelicsAndArtifacts
  - VanillaExpanded.VExplorationE
  - vanillaexpanded.outposts
  - VanillaExpanded.VPlantsESucculents
  - vanillaquestsexpanded.ancients
  - vanillaquestsexpanded.cryptoforge
  - vanillaquestsexpanded.generator
  - vanillaracesexpanded.archon
  - vanillaracesexpanded.fungoid
  - vanillaracesexpanded.genie
  - vanillaracesexpanded.phytokin
  - vanillaracesexpanded.saurid
  - vanillaracesexpanded.starjack
  - Gravenwitch.VSRexamined
  - VanillaExpanded.VanillaTradingExpanded
  - VanillaExpanded.VanillaTraitsExpanded
  - VanillaExpanded.VWE
  - VanillaExpanded.VWEMS
  - gabrieel1482.raidvehicleframework
  - NinaGoblin.VisitSettlements
  - addvans.WalkTheWorld
  - Ogliss.g223.wanderingcaravans
  - addvans.WASDedPawn
  - Sl4vP0weR.WeAreUnited
  - Aelanna.WeaponRacks
  - bodlosh.WeaponStats
  - Revolus.WhatsMissing
  - co.uk.epicguru.whatsthatmod
  - winggar.meaningfulparties
  - Tleno.WireheadStyle
  - Fluffy.WorkTab
  - zal.worldmapenhanced
  - ferny.Worldbuilder
  - FunkyShit.Mods.WorldEdit.alpha
  - bs.xenotypespawncontrol
  - Mlie.YayosCaravan
  - Mlie.YayosCombat3
  - Mlie.YayosMeteor
  - btd.remix.gravshipblueprints
  - M3.Continued.JangoDsoul.StarWars.TSDA
  - LazyFridayStudio.GenesExpandedEyes
  - Nals.FacialAnimationExperimentals
  - 7f.alienworlds.tidallylocked
  - sarg.alphaanimals
  - XMB.AncientUrbanrUins.MO
  - mandrake.ashkarrlandmarkart
  - GroovyTaco.BeltExtractors
  - Maal.BetterTreesMod
  - m00nl1ght.GeologicalLandforms.BiomeTransitions
  - BiomesTeam.BiomesCore
  - mandrake.sauridfrillfix
  - Neronix17.Retexture.CharacterEditor
  - Qux.Comigo.BetterTreesMod
  - HaiLuan.CustomQuestFrameworkAI
  - Lumi.doorsexpanded
  - Mlie.DungeonPack
  - Vesper.EGIHologramsandProjectors
  - jaeger972.factionterritories
  - Aoba.Fortress.Industrial
  - sd.fa.geneticheadsframework
  - GMMP.Dungeon
  - zal.gianttoads
  - als.gravtech
  - GRimTerra.Worldmap
  - Who.VFEE.IsopodaGeneline
  - Icepickgma.InvisibleDisplayCase
  - mandrake.jawavoice
  - neku.largepawns
  - LWM.DeepStorage
  - Smxrez.makeshiftreexamined
  - badoaks.MeatOnAStick.expansion
  - zacharyfoster.mineralsframework
  - mandrake.gravshipastronautfix
  - Sinnamon.MoreRitualRewards
  - zal.moreutilitypacks
  - Andromeda.NiceResearchTab
  - mandrake.planetpresetprime
  - Xylthixlm.Races.Titan
  - Mlie.PreceptsAndMemesRitualsModule
  - lambda.Psykshroom
  - Ogliss.TheWhiteCrayon.Quarry
  - DizzyEevee.RHenG
  - ReGrowth.BOTR.Core
  - Memegoddess.ReplaceStuff
  - aw.researchreinvented.retextured
  - PeteTimesSix.ResearchReinvented.SteppingStones
  - kilokio.rimai.core
  - Jaxe.RimHUD
  - zal.spaceports
  - co.uk.epicguru.factionloadout
  - Deon.rimtek.digipal
  - Deon.rimtek.docmate
  - telardo.RomanceOnTheRim
  - kathanon.SearchableMenus
  - Mlie.ShowMeYourHands
  - Scherub.StonecuttingExtended
  - cyanobot.toddlers
  - mandrake.toolbeltfix
  - VanillaExpanded.VChemfuelE
  - VanillaExpanded.VCookEStews
  - Kuhlyus.ModPatch.VanillaOutpost
  - MrHydralisk.VOEAdditionalOutposts
  - VanillaExpanded.VWEL
  - Arcjc007.WallStuff
  - fourtoo.glowingbush
  - Kyzy.ShipWallEnhanced
  - Daria40K.AlphaAnimalsPatchOutposts
  - ks.aaretextured
  - sarg.alphagenes
  - Meteores.AncientUrbanRuinsAllDeconstructible.AURAD
  - BiomesTeam.BiomesCaverns
  - BiomesTeam.BiomesPollutedLands
  - mandrake.blastdoorframeasyncfix
  - zal.comigogreaterswamps
  - Mlie.FunctionalVanillaExpandedProps
  - sd.fa.geneticheadsbiotech
  - sd.fa.geneticheadsmods
  - als.gravtech.bc
  - erdelf.HumanoidAlienRaces
  - JellyCreative.IsekaiLeveling
  - zacharyfoster.mineralsfrozen
  - zacharyfoster.mineralsrock
  - zacharyfoster.mineralssparkle
  - Mehni.PickUpAndHaul
  - avius.prisonlabor
  - Reel.FacialAnims
  - mandrake.researchkiteastfix
  - OskarPotocki.VFE.Pirates
  - VanillaExpanded.VMemesE
  - vanillaexpanded.skills
  - Killathon.ArtificialBeings
  - sd.fa.reelsadjustments
  - OPA.AllSpecialistsCanWork
  - sarg.alphaskills
  - Meteores.AncientUrbanRuinsVanillaLoot.AURVL
  - Chezhou.ChezhouLib.lib
  - Broms.DeepOrbit
  - Farhanfair.WarcasketTweaksPatch
  - HalituisAmaricanous.gravtechbigcannons
  - Teiwaz.GTGTraderCore
  - keyz182.KeyzAllowUtilities
  - toastyman.moreritualseats
  - sugarcube.puahsharedstorage
  - Legator.PrisonerRealism
  - Font.Rimesis
  - PeteTimesSix.SimpleSidearms
  - TRIBeagle.simpleslaverycollars
  - neronix17.toolbox
  - VanillaExpanded.VGeneticsE
  - VanillaExpanded.VTEXE.FacialAnims
  - OskarPotocki.VanillaVehiclesExpanded
  - dmp.vfepirates.warcasketwork
  - Aoba.WarCasket
  - divineDerivative.Romance
  - Teiwaz.TAAJG
  - Teiwaz.TACAC
  - Killathon.ArtificialBeings.SynCore
  - brrainz.achtung
  - sd.fa.vteadjustments
  - sarg.alphavehiclesneolithic
  - Kem.BeardAdjustment
  - RedMattis.BigSmall.Core
  - LovelyDovey.Sex.WithEuterpe
  - chezhou.creature.sandworm
  - Neronix17.OuterRim.Core
  - Neronix17.Outland.Genetics
  - neronix17.shieldgenerators
  - Farxmai2.VanillaDeconstructableVehicles
  - RedMattis.Optional
  - RedMattis.BigSmall
  - RedMattis.BigWeapons
  - avilmask.CommonSense
  - mandrake.desertvehiclereskin
  - LovelyDovey.Sex.WithRosaline
  - LovelyDovey.Recreation.WithEuterpe
  - LeutianKane.MineablesOR
  - LeutianKane.Mines2patchOuterRim
  - Neronix17.OuterRim.DroidDepot
  - Neronix17.OuterRim.FurnitureAndDecor
  - Neronix17.OuterRim.GalacticEmpire
  - Neronix17.OuterRim.RebelAlliance
  - Jelheb.RusticMealRetexture
  - FrozenSnowFox.ComplexJobs
  - Dubwise.DubsBreakMod
  - DanZinagri.FacialAnimationCompatabilityProject
  - mandrake.jawa.doctrine
  - Dubwise.DubsPerformanceAnalyzer.steam
  - Taranchuk.PerformanceOptimizer
  - co.uk.epicguru.meleeanimation
  - lordfelix.RimControl
  - meathax.ShowMeYourTools
  - lee.theforce.lightsaber
  - guy762.MM.KotORCore
  - mandrake.starwarsraces
  - guy762.KotORWeapons
  - mandrake.jawa.armoury
  - mandrake.jawaikee
  - mandrake.jawaionweapons
  - mandrake.jawa.patches
  - mandrake.jawapawnflavor
  - guy762.KotORDroids
  - btd.gbp.shippack.kotor.vge
  - mandrake.rimdefdump
[Map Preview v1.12.26.1] Detected RNG usage in constructor of map component ambient.MapSounds (37) from mod swablu.ambience with 62500/3481 iterations. Map Preview will take this into account from now on, but any previews generated until now may have been inaccurate.
[Geological Landforms v1.7.13.1] Map generator context: TileId: 85902, Landforms: None, BiomeVariants: None, Topology: Inland, TopologyDirection: North (F)
[Map Designer] Applying settings
[Map Designer] Terrain settings: Default
Not generating ores for asteroid step
Not generating ores for asteroid step
Not generating ores for asteroid step
Not generating ores for asteroid step
Not generating ores for asteroid step
Not generating ores for asteroid step
Not generating ores for asteroid step
Not generating ores for asteroid step
Not generating ores for asteroid step
Not generating ores for asteroid step
Not generating ores for asteroid step
Not generating ores for asteroid step
Not generating ores for asteroid step
Not generating ores for asteroid step
Not generating ores for asteroid step
Not generating ores for asteroid step
Not generating ores for asteroid step
Not generating ores for asteroid step
Not generating ores for asteroid step
Not generating ores for asteroid step
Not generating ores for asteroid step
Not generating ores for asteroid step
Not generating ores for asteroid step
Not generating ores for asteroid step
Not generating ores for asteroid step
Not generating ores for asteroid step
Not generating ores for asteroid step
Not generating ores for asteroid step
Not generating ores for asteroid step
Not generating ores for asteroid step
Not generating ores for asteroid step
Not generating ores for asteroid step
Not generating ores for asteroid step
Not generating ores for asteroid step
Not generating ores for asteroid step
Not generating ores for asteroid step
Not generating ores for asteroid step
Not generating ores for asteroid step
Not generating ores for asteroid step
Not generating ores for asteroid step
Not generating ores for asteroid step
Not generating ores for asteroid step
Not generating ores for asteroid step
Not generating ores for asteroid step
Not generating ores for asteroid step
Not generating ores for asteroid step
Not generating ores for asteroid step
Not generating ores for asteroid step
Not generating ores for asteroid step
Not generating ores for asteroid step
Not generating ores for asteroid step
Not generating ores for asteroid step
Not generating ores for asteroid step
Not generating ores for asteroid step
Not generating ores for asteroid step
Not generating ores for asteroid step
Not generating ores for asteroid step
Not generating ores for asteroid step
Not generating ores for asteroid step
Not generating ores for asteroid step
Not generating ores for asteroid step
Not generating ores for asteroid step
Not generating ores for asteroid step
Not generating ores for asteroid step
Not generating ores for asteroid step
Not generating ores for asteroid step
Not generating ores for asteroid step
Not generating ores for asteroid step
Not generating ores for asteroid step
Not generating ores for asteroid step
Not generating ores for asteroid step
Not generating ores for asteroid step
Not generating ores for asteroid step
Not generating ores for asteroid step
Not generating ores for asteroid step
Not generating ores for asteroid step
Not generating ores for asteroid step
Not generating ores for asteroid step
Not generating ores for asteroid step
Not generating ores for asteroid step
Not generating ores for asteroid step
Not generating ores for asteroid step
Not generating ores for asteroid step
Not generating ores for asteroid step
Not generating ores for asteroid step
Not generating ores for asteroid step
Not generating ores for asteroid step
Not generating ores for asteroid step
Not generating ores for asteroid step
Not generating ores for asteroid step
Not generating ores for asteroid step
Not generating ores for asteroid step
Not generating ores for asteroid step
Not generating ores for asteroid step
[Isekai Forge] Enhancing Rangel<color=#999999FF>, Cosplayer</color> (rank B): maxRef=4, runeChance=50 %, maxRuneRank=2
Tried to calculate chance for mother with gender "Male".
[Isekai Forge] Skipping Shield<color=#999999FF>, Bartender</color>: failed equipChance roll (10 %) for rank F
Tried to calculate chance for mother with gender "Male".
[Isekai Forge] Skipping Fumiko<color=#999999FF>, Messenger</color>: failed equipChance roll (10 %) for rank F
Tried to calculate chance for mother with gender "Male".
[Isekai Forge] Skipping Smarty<color=#999999FF>, Messenger</color>: failed equipChance roll (20 %) for rank E
[Isekai Forge] Skipping Loser<color=#999999FF>, Pilot</color>: failed equipChance roll (20 %) for rank E
[Isekai Forge] Skipping Kim<color=#999999FF>, Techie</color>: failed equipChance roll (10 %) for rank F
[Isekai Forge] Skipping Bowman<color=#999999FF>, Pilot</color>: failed equipChance roll (10 %) for rank F
Tried to calculate chance for mother with gender "Male".
[Isekai Forge] Enhancing Alpha<color=#999999FF>, Techie</color> (rank D): maxRef=2, runeChance=20 %, maxRuneRank=1
Scatterer Verse.GenStep_ScatterGroupPrefabs from def Jawa_StampGroundHulk could not find cell to generate at.
[Isekai Forge] Skipping BB<color=#999999FF>, Chef</color>: failed equipChance roll (55 %) for rank C
[DefensivePositions v1.7.0.0] DefensivePositionsGameComponent initialized in this map.
ShallowReservoirSeed == 0 Regenerating seeds
StandingLamp, SunLamp, WallLamp, FloodLight, TubeTelevision, FlatscreenTelevision, MegascreenTelevision, OrbitalTradeBeacon, CommsConsole, MoisturePump, GroundPenetratingScanner, LongRangeMineralScanner, MultiAnalyzer, VitalsMonitor, PowerConduit, HiddenConduit, WaterproofConduit, PowerSwitch, WoodFiredGenerator, ChemfuelPoweredGenerator, WindTurbine, Battery, SolarGenerator, GeothermalGenerator, WatermillGenerator, ElectricTailoringBench, ElectricSmithy, TableMachining, ElectricStove, ElectricSmelter, BiofuelRefinery, FabricationBench, HiTechResearchBench, ElectricCrematorium, HydroponicsBasin, DeepDrill, NutrientPasteDispenser, Turret_MiniTurret, Turret_Autocannon, Turret_Sniper, Turret_FoamTurret, Turret_RocketswarmLauncher, Ship_Beam, Ship_CryptosleepCasket, Ship_ComputerCore, Ship_Reactor, Ship_Engine, Ship_SensorCluster, PsychicEmanator, VanometricPowerCell, InfiniteChemreactor, Autodoor, Heater, Cooler, UnstablePowerCell, ShipLandingBeacon, SleepAccelerator, BiosculpterPod, NeuralSupercharger, LightBall, Loudspeaker, Autobong, DeathrestCasket, Hemopump, HemogenAmplifier, GlucosoidPump, PsychofluidPump, DeathrestAccelerator, BandNode, ToxifierGenerator, GeneAssembler, GeneBank, GeneExtractor, GrowthVat, PollutionPump, WastepackAtomizer, GeneProcessor, MechBooster, MechGestator, LargeMechGestator, SubcoreEncoder, SubcoreSoftscanner, SubcoreRipscanner, BasicRecharger, StandardRecharger, SecurityDoor, ElectricInhibitor, ProximityDetector, AtmosphericHeater, FrenzyInducer, SleepSuppressor, BioferriteGenerator, Electroharvester, BioferriteShaper, SerumCentrifuge, BioferriteHarvester, GravEngine, GravcorePowerCell, PilotSubpersonaCore, GravshipShieldGenerator, AncientGravReactor, AncientTerraformer, LifeSupportUnit, OrbitalScanner, OxygenPump, VacBarrier, KCSG_PowerConduit, HMC_Wall_Emp_Turret, HMC_Wall_Emp_Turret_Ship, HMC_Wall_FireShotgun_Turret, HMC_Wall_LightMachinegun_Turret, HMC_Wall_MachineCannon_Turret_Ship, HMC_Wall_Minigun_Turret, HMC_Wall_Minigun_Turret_Ship, HMC_Wall_OrbitalTradeBeacon, HMC_Wall_Rocket_Turret, HMC_Wall_Comms_Console, HMC_Wall_Multi_Analyzer, HMC_Wall_TV, HMC_Wall_Vitals_Monitor, JDS_Blastech_Workbench, MUS_SpaceBase_BigAutoDoor, MUS_SpaceBase_AutoDoor, MUS_SpaceBase_Window, MUS_SpaceBase_WallLamp, MUS_SpaceBase_WindowModule, MUS_SpaceBase_MonitorModule, MUS_SpaceBase_MonitorForestModule, MUS_SpaceBase_MonitorOceanModule, MUS_SpaceBase_MonitorDesertModule, MUS_SpaceBase_CompactBattery, MUS_SpaceBase_SolarGeneratorModule, MUS_SpaceBase_FloorLamp, MUS_SpaceBase_Television, MUS_SpaceBase_BigTelevision, MUS_SpaceBase_HolographicInstrument, RH2_LampEndTable, RH2_Panasonic_Television, RH2_Panasonic_LCDTelevision, RH2_Xbox360_GameConsole, RH2_Floodlight_Big, RH2_MiniFloodlight, RH2_HolmoFloorLamp, RH_RadioTradeBeacon, RH2_FIRMAN3650_Generator, RH2_DEWEY2KW_Generator, RH2_MEP007B_Generator, RH2_DEFENDER1_Generator, RH2_DeskLamplight, RH2_LaptopCommsConsole, RH_MusicRadio, sbz_Fridge, sbz_LargeFridge, sbz_SingleChestFridge, sbz_DoubleChestFridge, sbz_SingleWallFridge, sbz_DoubleWallFridge, sbz_CorpseFridge, AB_MechanoidReceiver, AB_MycoticCollector, AB_MagmaThermalPlant, AB_PropanePump, AB_SlimeCompressor, AB_AlcyoniteSolar, AB_AlcyoniteSolar_Advanced, AB_OcularGasSpewer, AB_AlienComplianceCenter, AB_CoreSampleDrill, AB_Turret_Propane, AB_ExoticAutoDoor, AB_TarPump, AM_BeamcasterBandNode, AM_GreaterBandNode, AM_GreaterMechBooster, AM_MechEfficiencyBooster, AM_MechArmorBooster, AM_MechTargettingBooster, AM_MechDisruptor, AM_GreaterRecharger, AM_GrogDispenser, BreadMo_AncientRemoteMineralScanners, BreadMoAM_Turret_ShotgunTurret, BreadMoAM_Turret_ShotgunTurretN, BreadMoAM_Turret_LargeShotgun, BreadMoAM_AutomaticDrillingRig, BreadMoAM_OreDressingMachine, BreadMoAM_TunnelBoringMachine, Turret_AutoChargeBlaster_OP, Asimov_ChargepackCharger, Asimov_ChargePad, Asimov_LongRangeWirelessCharger, Asimov_WirelessCharger, BMT_DisplayLight, CAChemfuelPoweredGenerator, Turret_Atomiser, Turret_Vaporiser, Turret_Sludger, Turret_Zapper, EngramStation, PH_AutodoorDouble, PH_AutodoorTriple, PH_DoorBlastSingle, PH_DoorBlastDoor, PH_DoorThickBlastDoor, PH_DoorButton, PH_DoorLever, PH_DoorRemoteSingle, PH_DoorRemoteDouble, PH_DoorRemoteTriple, ToiletAdvStuff, ShowerAdvStuff, HotTub, DBHSaunaHeaterElec, BluesHumidifier, FloorLightSquare, FloorLightStripe, FloorLightSmallStripe, FloorLightPlus, FloorLightCorner, FloorLightInverseCorner, FloorLightCornerSmall, FloorLightInverseCornerSmall, FloorLightStripeMiddle, FloorLightSmallStripeMiddle, FloorLightSmallStripeDiagonal, FloorLightTriangleCorner, FloorLightTriangle, FloorLightPathEnd, FloorLightPathLine, FloorLightPathCorner, FloorLightPathPlus, FloorLightT, FloorTileLightSquare, FloorLightSmallDStripe, FloorLightEndSmall, FloorLightInverseCornerCSmall, FloorLightInverseCorner2Small, FloorLightInverseCorner3Small, FloorLightInverseCorner4Small, LaserTableSculpting, BigLaserCannon, NOE_LightsStrip, NOE_HiddenLightsStrip, AlertSpeaker, DrillTurret, MobileMineralSonar, LandingPad, OrbitalRelay, MW_GunsmithStation, ZNLSmall, ZNLLarge, ZNLGrand, Onimods_ElectricTorches_DA_SepulchralBrazier, Onimods_ElectricTorches_DA_DarklightSepulchralBrazier, Onimods_ElectricTorches_DA_BloodflameSepulchralBrazier, Onimods_ElectricTorches_DA_SepulchralStatue, Onimods_ElectricTorches_DA_DarkligtSepulchralStatue, Onimods_ElectricTorches_DA_BloodflameSepulchralStatue, Onimods_ElectricBrazier, Onimods_ElectricDarklightBrazier, Onimods_ElectricDarktorch, Onimods_ElectricDarktorchFungus, Onimods_ElectricTorchLamp, Onimods_ElectricTorchWallLamp, SparkGrid, OilWell, DeepOilWell, ResourceConsole, CrudeCracker, FuelPowerplant, LargeFuelPowerplant, ChemfuelHopper, ChemfuelSiphon, SynthyleneRefiner, NapalmRefiner, SynthreadRefiner, SynthamideRefiner, HyperweaveRefiner, NeutroamineRefiner, Autoclave, RimFridge_SingleRefrigerator, RimFridge_Refrigerator, RimFridge_QuadRefrigerator, RimFridge_SingleWallRefrigerator, RimFridge_WallRefrigerator, SignWallLargeLit, SignWallNeonOpen, SignWallNeonCocktail, SwLightA, SwLightB, ucp_tablelamp, ucp_picniclamp, TM_Tinkerbench, TM_Biohacker, AutoVendingMachine, FungusFiredGenerator, LightColumnMod, DarkColumnMod, OrbitalTradeColumnMod, Wall_TradeDevice, SunColumnMod, Wall_SunDevice, Wall_HeatDevice, IceColumnMod, Wall_CoolDevice, DetColumnMod, FlameColumnMod, EMPColumnMod, DeadColumnMod, VBE_SodaFountain, VCE_ElectricPot, VCE_DeepFrier, VCE_CanningMachine, VFEI2_StaticPod, Radio_Industrial, Radio_Spacer, Joy_Arcade, Joy_InudstrialComputer, Joy_ModernComputer, VFE_DeskLamp, VFE_FloorLamp, Light_Streetlamp, VFE_RoyalLamp, HologramBase, VFEFactory_AutomatedFishfarm, VFEFactory_AutomatedCannery, VFEFactory_Autofarmer, VFEFactory_AutomatedDrillPlatform, VFEFactory_AutomatedSmelter, VFEFactory_AutomatedBiofuelRefinery, VFEFactory_AutomatedMasonrySaw, VFEFactory_AutomatedMincer, VFEFactory_ConveyorOven, VFEFactory_AutomatedAssembler, VFEFactory_NeutroamineSynthesizer, VFEFactory_AutomatedAmmunitionPress, VFEFactory_Autoloom, VFEFactory_AutomatedAlloyForge, VFEFactory_AutomatedDistillery, VFEFactory_MedicineGranulator, VFEFactory_AutomatedMachiningBay, VFEFactory_AutomatedCrematorium, VFEFactory_Heatsink, VFE_Ecosystem, VFE_Hydroponics_Tilable, VFE_Ecosystem_Tilable, VFE_Sprinkler, Facility_VitalsCentre, VFE_AdvancedWindTurbine, VFE_AdvancedSolarGenerator, VFE_AdvancedWatermillGenerator, VPE_AdvancedGeothermalGenerator, VFE_LargeBattery, VFE_SmallBattery, VFE_AdvancedBattery, VFE_LargeAdvancedBattery, VPE_NuclearGenerator, VFE_PortableWoodFiredGenerator, VFE_PortableChemfuelPoweredGenerator, VFE_IndustrialWoodFiredGenerator, VFE_IndustrialChemfuelPoweredGenerator, VFE_TidalGenerator, VFE_SmallVanometricPowerCell, VFE_LargeVanometricPowerCell, VPE_ArchotechViolenceGenerator, VFE_TableMachiningLarge, VFE_TableSmithyLarge, VFE_TableStoveLarge, VFE_TableTailorLarge, VFE_ComponentFabricationBench, VFE_TableButcherElectric, VFE_TableDrugLabElectric, VFE_TableStonecutterElectric, VFEPD_VGE_CompactStove, VFEPD_VGE_CompactDrugLab, VFEPD_VGE_CompactMachiningTable, VFEPD_VGE_CompactSmithy, VFEPD_VGE_CompactTailor, VFEPD_VGE_CompactRefinery, VFEPD_VGE_CompactFabBench, VFES_Turret_AntiAir, VFES_Turret_Concealed, VFES_ConcealedBarrier, VFES_SmallRepulsor, VFES_LargeRepulsor, VFES_Turret_MilitaryTurret, VFES_Turret_ArmoredTurret, VFES_Turret_Searchlight, VFES_Turret_Flame, VFES_Turret_ShotgunTurret, VFES_Turret_AutocannonDouble, VFES_Turret_Minigun, VFES_Turret_ChargeTurret, VFES_Turret_ChargeRailgun, VFES_Turret_TeslaBlaster, Table_IlluminatedEndTable, Table_IlluminatedDresser, VFES_Table_IlluminatedWardrobe, UltrascreenTV, VFES_WallMountedTelevision, VFES_TelevisionSpeaker, Shelf_RepairRack, VFES_AirPurifier, Table_interactive_1x1c, Table_interactive_2x2c, VGE_CompactBiosculpterPod, VGE_OperatorSubpersonaCore, VGE_GravshipBasicRecharger, VGE_GravshipStandardRecharger, VGE_CompactGeneBank, VGE_AstrofuelGenerator, VGE_IndustrialAstrofuelGenerator, VGE_AstrofuelSynthesizer, VGE_OxygenHarvester, VGE_LifeSupportSystem, VGE_IndustrialOxygenPump, VGE_OxygenReclaimer, VGE_Agrocell, VGE_PointDefenseTurret, VGE_AnticraftCaster, VGE_CompactStove, VGE_CompactDrugLab, VGE_CompactMachiningTable, VGE_CompactSmithy, VGE_CompactTailor, VGE_CompactRefinery, VGE_CompactFabBench, VGE_GravjumperEngine, VGE_GravhulkEngine, VGE_CommsTerminal, VGE_WallOrbitalTradeBeacon, VGE_SmallHeatsink, VGE_LargeHeatsink, VGE_GravcorePowerCoil, VGE_GravshipCapacitor, VGE_SolarPanelling, VGE_CompactResearchBench, VGE_CompactMultiAnalyzer, VGE_GravshipScannerCluster, VGE_GunnerSubpersonaCore, VGE_MaintenanceHub, VGE_CapacitorHarmonizer, VGE_VacBarrierDouble, VGE_VacBarrierTriple, VGE_VacBarrierQuintuple, VHGE_GasSunLamp, VHGE_GasLamp, VHGE_GasWallLamp, VHGE_GasFloodlight, VHGE_HelixienGenerator, VHGE_IndustrialHelixienGenerator, VHGE_GasPoweredCrematorium, VHGE_GasPoweredSmelter, VHGE_GasPoweredStove, VHGE_GasPoweredSmithy, VHGE_GasPoweredRefinery, VHGE_GasCooler, VHGE_GasHeater, VQEA_ArchogenInjector, VQEA_NeurostabilizerArray, VQEA_CognitiveRecoveryArray, VQEA_RapidInfusionPump, VQEA_ArchiteRecycler, VQEA_GenomicAttenuator, VQEA_RejectionBufferCoil, VQEA_SpliceframeUplink, VQEA_MutagenInhibitorCore, VQEA_TraitSelectionPrism, VQEA_AberrationRedirector, VQEA_ComplexityHarmonizer, VQEA_ArchitePathingArray, VQEA_AncientWonderdoc, VQEA_AncientSunLamp, VQEA_AncientChemfuelGenerator, VQEA_AncientBioBattery, VQEA_AncientWorkshop, VqEA_AncientCookingStation, VQEA_AncientGreenbed, VQE_CryptofusionCoil, VQE_FrozenCryptogenerator, VQE_AncientCryptoforge, VQE_AncientShieldedTurret, VQE_AncientSpacerAutocannon, VQE_SmallFlashfreezer, VQE_AncientFloorHeater, VQE_Genetron_Basic, VQE_Genetron_ChemfuelPowered, VQE_Genetron_ChemfuelBoosted, VQE_Genetron_ChemfuelCharged, VQE_Genetron_ChemfuelFortified, VQE_Genetron_Geothermal, VQE_Genetron_SteamPowered, VQE_Genetron_ThermalVent, VQE_Genetron_HeatPowered, VQE_AncientOvergrownGenetron, VQE_Genetron_UraniumPowered, VQE_Genetron_Nuclear, VQE_Genetron_Isotopic, VQE_Genetron_Atomic, VQE_Genetron_WoodFired, VQE_Genetron_WoodFueled, VQE_Genetron_WoodPowered, VQE_Genetron_WoodBlasting, VTE_TradingTerminal, BTD_GravjumperEngine_Dormant, BTD_GravhulkEngine_Dormant, BTD_GravEngine_Dormant, AA_BlueGelBattery, AA_HexaGelBattery, AA_HexagelCoreReactor, AM_SmallGenerator, AM_AncientDismantlingWorkbench, AM_LargeScreenTelevision, AM_ElectricalBox, AM_VirutalMiner, AM_MaterialElevatorA, AM_MaterialElevatorC, BMT_MagmaPump, BMT_LavaGenerator, PH_AutodoorB, PH_AutodoorC, PH_AutodoorD, PH_AutodoorE, PH_AutodoorF, SW_DoorJail, PH_DoorThickBlastBDoor, PH_DoorBlastCDoor, PH_DoorBlastDDoor, PH_MonoDoorA, PH_MonoDoorB, PH_MonoDoorC, PH_MonoDoorD, DP_GenPowerUnit, DP_MinigunTurret, SmallProjector, LargeProjector, GrandProjector, ProjectorThrone, GrandProjectorThrone, FT_Turret_BunkerL, FT_Turret_BunkerM, FT_Turret_BunkerC, FT_Turret_BunkerF, FT_FuelGenerator, FT_ENIAC, FT_AntennaTower, FT_Radio, FT_TableLathe, FT_TableChemistry, FT_TableConcreteMixer, AdvShip_ComputerCore, AdvShip_GravReactor, AdvShip_ShieldGenerator, AsteroidCollector, BigVacBarrier, GravBattery, GravChemreactor_GT, GravForge, Turret_GravBlaster, Turret_BeamRepeater, CoolerPylon_GT, HeaterPylon_GT, GravDecreasePylon_GT, GravIncreasePylon_GT, VFEI2_IsopodaGlowPod, VFEI2_IsopodaGlowPodSpire, Cooler_Over, Cooler_Over2W, RR_VoltaicPile, RimAI_AIServer_Lv1A, RimAI_AIServer_Lv2A, RimAI_AIServer_Lv3A, RimAI_AITerminalA, RimAI_GWAntennaA, Spaceports_FuelProcessor, Spaceports_FuelTank, Spaceports_FuelDispenser, Spaceports_ShuttleLandingPad, Spaceports_Beacon, Facility_DocMate, PS_DeepchemRefinery, VCHE_DeepchemPumpjack, wallcharger, largewallcharger, ultrawallcharger, WallscreenTelevision, SmallWallscreenTelevision, Wall_Hifi, WallMountedNeuralSupercharger, WallMountableSleepAccelerator, WallMountedMechBooster, WallMountedOrbitalTradeBeacon, WallMountedCommsConsole, WallMountedGroundPenetratingScanner, WallMountedLongRangeMineralScanner, WallMountedMultiAnalyzer, WallMountedBattery, WallPowerSwitch, Nano_Cloud_Dispenser, WallHeater, WallCooler, WallClimateController, Replicator, SW_AdaptiveFridgeStorageCabin, ShipWallProteinBreedingCabin, ShipWallStarchSynthesisCabin, ShipWallBatteryCabin, ShipWallSmallColdNnclearGeneratorCabin, ShipWallGravcorePowerCellCabin, ShipWallShieldGeneratorCabin, ShipWallChemreactorCabinStandard, ShipWallChemreactorCabinAdvanced, ShipWallChemfuelPoweredGeneratorCabin, ShipWallMountMiniSolarPanel, ShipWallMountBatteryUnit, ShipWallMountMiniTurret, AG_ForsakenForge, BMT_AdvancedFungiponicsBasin, BMT_FungalPowerGenerator, BMT_CrystalPoweredGenerator, BMT_CrystalIncubator, GTbc_HugeGravBlaster, GTbc_GravliteDefenseTurret, GTbc_GravRailArtillery, GTbc_GravjumperComputer, GTbc_GravWaveAnalyzer, GTbc_AdvGravheatAbsorber, GTbc_MaintenanceDevice, GTbc_WallOxygenHarvester, GTbc_AdvOxygenHarvester, GTbc_AdvLifeSupportSystem, GTbc_ReinforcedSolarPanelling, GTbc_TheSingularityCannon, VFEP_WarcasketFoundry, VFEP_ShipChunkBattery, VFEP_ShipChunkGauntletTurret, VFEP_ShipChunkReactor, GR_AncientCryofreezer, GR_AncientBioBattery, GR_GenePod, GR_ElectroWomb, GR_LargeElectroWomb, GR_TissueGrinder, GR_GeneticsTinkeringTable, GR_GeneticExtractionTable, GR_GeneRecombinator, GR_TissueGrowingVat, VVE_GarageBench, VVE_GarageAutoDoor, VVE_GarageAutoDoorOpened, VVE_GarageAutoDoorLarge, VVE_GarageAutoDoorLargeOpened, ABF_Thing_Synstruct_Beamcoil, ABF_Thing_Synstruct_Enervoir, ABF_Thing_Synstruct_Powerjack, ABF_Thing_Synstruct_Cradle, ABF_Thing_Synstruct_PartWorkbench, BMAD_ShrinkTurret, BMAD_GrowthTurret, OuterRim_ShieldGenerator, OuterRim_FusionReactorPortable, OuterRim_FusionReactorLight, OuterRim_FusionReactorHeavy, OuterRim_HoloTable, OuterRim_HypertechFabricator, OuterRim_MineralMinerLight, OuterRim_MineralMinerMedium, OuterRim_MineralMinerHeavy, OuterRim_HypertechResearchBench, OuterRim_HypertechTerminal, OuterRim_HypertechTerminalWide, OuterRim_HypertechWall, OuterRim_MediumLaserCannon, OuterRim_ProtonMortar, OuterRim_Turbolaser, OuterRim_AnaxesTurret, OuterRim_HeavyImperialTurbolaser, OuterRim_HeavyIonCannon, OuterRim_HeavyLaserCannon, OuterRim_HeavyTurbolaser, OuterRim_ProtonArtillery, OuterRim_TibannaExtractorHeavy, OuterRim_TibannaExtractorLight, ShieldGen_Shield_Durex, ShieldGen_Shield_Trojan, OuterRim_DroidFactory, OuterRim_DoorCorellian, OuterRim_DoorCorellianWide, OuterRim_DoorCoruscant, OuterRim_DoorCoruscantWide, OuterRim_DoorTatooine, OuterRim_DoorTatooineWide, guy762_KotORWorkbench, guy762_decor_BigRebelScreen, guy762_decor_TowerTerminalA, guy762_decor_StandingTerminalA, KOTOR_GonkBuilding, kotor_DrugLab, KotOR_MoistureVaporator_big, KOTOR_ShieldBank, kotor_holo_dancerF, kotor_holo_dancerM, kotor_holo_bith, GS_ImperialLamp, guy762_Autodoor1x1_DoomgiverA, guy762_Autodoor1x1_TatooineA, guy762_Autodoor1x1_SandcrawlerA, guy762_Autodoor1x1_DreadnaughtA, guy762_DoubleAutodoor_DoomgiverVerticalA, guy762_DoubleAutodoor_Vjun, guy762_DoubleAutodoor_NarShaddaa, guy762_DoubleAutodoor_NarShaddaa_colorable, guy762_DoubleAutodoor_DreadnaughtVerticalA, guy762_DoubleAutodoor_TatooineVerticalA, guy762_PoweredWall_DoomgiverA, guy762_PoweredWall_DreadnaughtA, guy762_PoweredWall_NarShaddaaCantinaA, guy762_PoweredWall_SandcrawlerInteriorWallA, guy762_PoweredWall_TatooineStuccoWallA, guy762_PoweredWall_TatooineStuccoWallB, guy762_PoweredWall_TatooineStuccoWallC, guy762_PoweredWall_SandcrawlerHull, guy762_PoweredWall_ImpBaseA, KoltoTank, KOTOR_FuelRefinery, KOTOR_ReactorRhydonium_small, KOTOR_ReactorRhydonium_medium, kotor_plasmacatalyst, KOTOR_PlasmaAmmoBank, kotor_PlasmaFurnace, BS_AndroidFuelRefinery, BS_AndroidChargingStation, AB_MagmaThermalPlant_Advanced, LWM_DS_RimFridge_Refrigerator, WallMountedTradingTerminal, Blueprint_VGE_CompactBiosculpterPod, Frame_VGE_CompactBiosculpterPod, Blueprint_Install_VGE_CompactBiosculpterPod, Blueprint_VGE_CompactGeneBank, Frame_VGE_CompactGeneBank, Blueprint_Install_VGE_CompactGeneBank, Blueprint_VGE_CompactStove, Frame_VGE_CompactStove, Blueprint_Install_VGE_CompactStove, Blueprint_VGE_CompactDrugLab, Frame_VGE_CompactDrugLab, Blueprint_Install_VGE_CompactDrugLab, Blueprint_VGE_CompactMachiningTable, Frame_VGE_CompactMachiningTable, Blueprint_Install_VGE_CompactMachiningTable, Blueprint_VGE_CompactSmithy, Frame_VGE_CompactSmithy, Blueprint_Install_VGE_CompactSmithy, Blueprint_VGE_CompactTailor, Frame_VGE_CompactTailor, Blueprint_Install_VGE_CompactTailor, Blueprint_VGE_CompactRefinery, Frame_VGE_CompactRefinery, Blueprint_Install_VGE_CompactRefinery, Blueprint_VGE_CompactFabBench, Frame_VGE_CompactFabBench, Blueprint_Install_VGE_CompactFabBench, Blueprint_VGE_CompactResearchBench, Frame_VGE_CompactResearchBench, Blueprint_Install_VGE_CompactResearchBench, Blueprint_VGE_CompactMultiAnalyzer, Frame_VGE_CompactMultiAnalyzer, Blueprint_Install_VGE_CompactMultiAnalyzer, Techprint_VGE_CompactWorkspaces, VGE_CompactResearchBench_ReplaceStuff
checking editor settings...
bodysizes genes are active
[Isekai Leveling] Empire leader Foxy set to Nation rank (level 800).
[Isekai Leveling] Build titles on load: 2 titled, 45 below the 20 allocated-point entry threshold. e.g. Foxy = Archer Emperor
Tried to calculate chance for mother with gender "Male".
[Isekai Forge] Skipping Smith<color=#999999FF>, Inventor</color>: failed equipChance roll (40 %) for rank D
canLovinTick for Sebastien was set at 57935 (965 seconds)
canLovinTick for Pan was set at 29521 (492 seconds)
canLovinTick for Steppie was set at 13144 (219 seconds)
Unloading 0 Unused Serialized files (Serialized files now loaded: 46)
Faction leader for Ascendant Helix is null.
Faction leader for Deepwater Compact is null.
Faction leader for Free Droid Enclaves is null.
Faction leader for Geonosian Foundry Hive is null.
Faction leader for Hutt Cartel is null.
Faction leader for Wildsteam Clan is null.
Number of DestinyMod exotics on the map: 0
[RimTunes] [14:15:15.384] [AudioSourceProvider.cs:31] [WARNING]: Primary audio source is null, creating backup
[RimAI.Core][P3] Scheduler ready
Unloading 1 unused Assets to reduce memory usage. Loaded Objects now: 154877.
Total: 1600.011800 ms (FindLiveObjects: 6.658600 ms CreateObjectMapping: 6.958400 ms MarkObjects: 1586.191100 ms  DeleteObjects: 0.203500 ms)

[PrepareLanding] Prefilter: 119904 tiles in WorldGrid.tiles
[FA Genetic Heads] HeadTypeDef: assigned HeadNormal to Sebastien
[FA Genetic Heads] SkinTypeDef: assigned SkinNormal to Sebastien
[FA Genetic Heads] HeadTypeDef: assigned HeadSquare to Pan
[FA Genetic Heads] SkinTypeDef: assigned SkinFurrows to Pan
[FA Genetic Heads] HeadTypeDef: assigned HeadNormal to Steppie
[FA Genetic Heads] SkinTypeDef: assigned SkinFreckledCheek to Steppie
XylRacesCore feature check: XylRacesCore.Genes.GeneDefExtension_Rendering = True
[JawaBench] ready: 301 tools, build 04cefd96fd37
[JawaBench] argument guard installed on RimBridgeServer.AnnotatedExtensionCapabilityProvider.BindArguments - a tool argument matching no declared parameter is now RECORDED (not refused; strict mode is opt-in).
[JawaBench] context: modSet 585/1c51d2d0, toolSet cc17a69f, defDump ARMED, engine 1.6.4871 rev591
[Isekai Forge] Skipping SS-4305<color=#999999FF>, Droid</color>: failed equipChance roll (20 %) for rank E
[Isekai Forge] Skipping QB-8428<color=#999999FF>, Droid</color>: failed equipChance roll (10 %) for rank F
[Isekai Forge] Skipping VQ-9933<color=#999999FF>, Droid</color>: failed equipChance roll (10 %) for rank F
[Isekai Forge] Skipping CE-7816<color=#999999FF>, Droid</color>: failed equipChance roll (10 %) for rank F
[Isekai Forge] Skipping UM-6686<color=#999999FF>, Droid</color>: failed equipChance roll (20 %) for rank E
[Isekai Forge] Enhancing BG-2266<color=#999999FF>, Droid</color> (rank F): maxRef=1, runeChance=5 %, maxRuneRank=1
[Isekai Forge] Skipping LA-7583<color=#999999FF>, Droid</color>: failed equipChance roll (10 %) for rank F
[Isekai Forge] Skipping ZM-1598<color=#999999FF>, Droid</color>: failed equipChance roll (10 %) for rank F
[Isekai Forge] Skipping LM-3030<color=#999999FF>, Droid</color>: failed equipChance roll (10 %) for rank F
[Isekai Forge] Enhancing KI-4990<color=#999999FF>, Droid</color> (rank F): maxRef=1, runeChance=5 %, maxRuneRank=1
[Isekai Forge] Skipping PY-9575<color=#999999FF>, Droid</color>: failed equipChance roll (10 %) for rank F
[Isekai Forge] Skipping LP-2676<color=#999999FF>, Droid</color>: failed equipChance roll (20 %) for rank E
[Isekai Forge] Skipping CS-7651<color=#999999FF>, Droid</color>: failed equipChance roll (10 %) for rank F
[Isekai Forge] Enhancing WW-4245<color=#999999FF>, Droid</color> (rank D): maxRef=2, runeChance=20 %, maxRuneRank=1
[Isekai Forge] Skipping SB-8298<color=#999999FF>, Droid</color>: failed equipChance roll (10 %) for rank F
[Isekai Forge] Skipping PO-2045<color=#999999FF>, Droid</color>: failed equipChance roll (10 %) for rank F
[Isekai Forge] Skipping NW-5931<color=#999999FF>, Droid</color>: failed equipChance roll (10 %) for rank F
[Isekai Forge] Enhancing WB-8223<color=#999999FF>, Droid</color> (rank F): maxRef=1, runeChance=5 %, maxRuneRank=1
[Isekai Forge] Skipping IP-7704<color=#999999FF>, Droid</color>: failed equipChance roll (20 %) for rank E
[Isekai Forge] Skipping ZP-3344<color=#999999FF>, Droid</color>: failed equipChance roll (10 %) for rank F
[Isekai Forge] Skipping BA-5903<color=#999999FF>, Droid</color>: failed equipChance roll (55 %) for rank C
[Isekai Forge] Enhancing CF-0458<color=#999999FF>, Droid</color> (rank C): maxRef=3, runeChance=35 %, maxRuneRank=1
[Isekai Forge] Skipping ZP-1149<color=#999999FF>, Droid</color>: failed equipChance roll (10 %) for rank F
[Isekai Forge] Skipping WV-9414<color=#999999FF>, Droid</color>: failed equipChance roll (10 %) for rank F
[Isekai Forge] Enhancing ZG-4555<color=#999999FF>, Droid</color> (rank F): maxRef=1, runeChance=5 %, maxRuneRank=1
[Isekai Forge] Skipping IB-4616<color=#999999FF>, Droid</color>: failed equipChance roll (10 %) for rank F
[Isekai Forge] Skipping HS-1270<color=#999999FF>, Droid</color>: failed equipChance roll (10 %) for rank F
[Isekai Forge] Skipping Poplar<color=#999999FF>, Droid</color>: failed equipChance roll (10 %) for rank F
[Isekai Forge] Skipping Serath<color=#999999FF>, Droid</color>: failed equipChance roll (10 %) for rank F
[Isekai Forge] Skipping Kortmag<color=#999999FF>, Droid</color>: failed equipChance roll (10 %) for rank F
Tried to generate 3 traits for ID-331 over 500 extra times and failed.
[Isekai Forge] Skipping 3C-X0<color=#999999FF>, Utility droid</color>: failed equipChance roll (10 %) for rank F
[Isekai Forge] Enhancing 3C-S8<color=#999999FF>, Utility droid</color> (rank C): maxRef=3, runeChance=35 %, maxRuneRank=1
Tried to generate 3 traits for 3C-D4 over 500 extra times and failed.
[Isekai Forge] Skipping 3C-D4<color=#999999FF>, Utility droid</color>: failed equipChance roll (10 %) for rank F
Tried to generate 2 traits for 3C-V6 over 500 extra times and failed.
[Isekai Forge] Skipping 3C-V6<color=#999999FF>, Utility droid</color>: failed equipChance roll (10 %) for rank F
Tried to generate 3 traits for 3C-X4 over 500 extra times and failed.
[Isekai Forge] Skipping 3C-X4<color=#999999FF>, Utility droid</color>: failed equipChance roll (55 %) for rank C
Tried to generate 2 traits for 3C-A1 over 500 extra times and failed.
[Isekai Forge] Skipping 3C-A1<color=#999999FF>, Utility droid</color>: failed equipChance roll (20 %) for rank E
Tried to generate 2 traits for ID-600 over 500 extra times and failed.
[Isekai Forge] Skipping 3C-K7<color=#999999FF>, Utility droid</color>: failed equipChance roll (10 %) for rank F
[Isekai Forge] Enhancing 3C-U9<color=#999999FF>, Utility droid</color> (rank A): maxRef=6, runeChance=65 %, maxRuneRank=3
Tried to generate 3 traits for ID-590 over 500 extra times and failed.
[Isekai Forge] Skipping 3C-S3<color=#999999FF>, Utility droid</color>: failed equipChance roll (20 %) for rank E
Tried to generate 2 traits for 3C-T0 over 500 extra times and failed.
[Isekai Forge] Enhancing 3C-T0<color=#999999FF>, Utility droid</color> (rank B): maxRef=4, runeChance=50 %, maxRuneRank=2
Tried to generate 2 traits for 3C-S2 over 500 extra times and failed.
[Isekai Forge] Skipping 3C-S2<color=#999999FF>, Utility droid</color>: failed equipChance roll (40 %) for rank D
Tried to generate 3 traits for ID-288 over 500 extra times and failed.
[Isekai Forge] Skipping 3C-U4<color=#999999FF>, Utility droid</color>: failed equipChance roll (10 %) for rank F
[Isekai Forge] Skipping 3C-H6<color=#999999FF>, Utility droid</color>: failed equipChance roll (20 %) for rank E
Tried to generate 2 traits for ID-869 over 500 extra times and failed.
[Isekai Forge] Skipping 3C-M4<color=#999999FF>, Utility droid</color>: failed equipChance roll (20 %) for rank E
Tried to generate 2 traits for ID-769 over 500 extra times and failed.
[Isekai Forge] Skipping 3C-H1<color=#999999FF>, Utility droid</color>: failed equipChance roll (20 %) for rank E
Tried to generate 2 traits for ID-558 over 500 extra times and failed.
[Isekai Forge] Skipping 3C-L7<color=#999999FF>, Utility droid</color>: failed equipChance roll (55 %) for rank C
Tried to generate 3 traits for 3C-L7 over 500 extra times and failed.
[Isekai Forge] Enhancing 3C-L7<color=#999999FF>, Utility droid</color> (rank F): maxRef=1, runeChance=5 %, maxRuneRank=1
Tried to generate 2 traits for 3C-U7 over 500 extra times and failed.
[Isekai Forge] Skipping 3C-U7<color=#999999FF>, Utility droid</color>: failed equipChance roll (10 %) for rank F
Tried to generate 3 traits for ID-239 over 500 extra times and failed.
[Isekai Forge] Skipping 3C-I1<color=#999999FF>, Utility droid</color>: failed equipChance roll (40 %) for rank D
[Isekai Forge] Skipping 3C-R0<color=#999999FF>, Utility droid</color>: failed equipChance roll (10 %) for rank F
Tried to generate 3 traits for ID-252 over 500 extra times and failed.
[Isekai Forge] Skipping ID-252<color=#999999FF>, Mining droid</color>: failed equipChance roll (20 %) for rank E
Tried to generate 2 traits for ID-768 over 500 extra times and failed.
[Isekai Forge] Skipping ID-768<color=#999999FF>, Mining droid</color>: failed equipChance roll (70 %) for rank B
Tried to generate 2 traits for ID-375 over 500 extra times and failed.
[Isekai Forge] Skipping ID-375<color=#999999FF>, Mining droid</color>: failed equipChance roll (70 %) for rank B
[Isekai Forge] Skipping ID-865<color=#999999FF>, Mining droid</color>: failed equipChance roll (10 %) for rank F
Tried to generate 2 traits for ID-968 over 500 extra times and failed.
[Isekai Forge] Skipping ID-968<color=#999999FF>, Mining droid</color>: failed equipChance roll (40 %) for rank D
Tried to generate 3 traits for ID-360 over 500 extra times and failed.
[Isekai Forge] Skipping ID-360<color=#999999FF>, Mining droid</color>: failed equipChance roll (20 %) for rank E
Tried to generate 2 traits for ID-777 over 500 extra times and failed.
[Isekai Forge] Enhancing ID-777<color=#999999FF>, Mining droid</color> (rank B): maxRef=4, runeChance=50 %, maxRuneRank=2
Tried to generate 3 traits for KM1 over 500 extra times and failed.
[Isekai Forge] Skipping ID-884<color=#999999FF>, Mining droid</color>: failed equipChance roll (20 %) for rank E
[Isekai Forge] Skipping ID-387<color=#999999FF>, Mining droid</color>: failed equipChance roll (20 %) for rank E
[Isekai Forge] Skipping ID-845<color=#999999FF>, Mining droid</color>: failed equipChance roll (85 %) for rank A
[Isekai Forge] Skipping ID-442<color=#999999FF>, Mining droid</color>: failed equipChance roll (10 %) for rank F
Tried to generate 2 traits for KM1 over 500 extra times and failed.
[Isekai Forge] Skipping ID-471<color=#999999FF>, Mining droid</color>: failed equipChance roll (20 %) for rank E
Tried to generate 3 traits for KM1 over 500 extra times and failed.
[Isekai Forge] Skipping ID-945<color=#999999FF>, Mining droid</color>: failed equipChance roll (10 %) for rank F
Tried to generate 3 traits for KM1 over 500 extra times and failed.
[Isekai Forge] Skipping ID-901<color=#999999FF>, Mining droid</color>: failed equipChance roll (40 %) for rank D
[Isekai Forge] Enhancing ID-138<color=#999999FF>, Mining droid</color> (rank D): maxRef=2, runeChance=20 %, maxRuneRank=1
[Isekai Forge] Skipping ID-227<color=#999999FF>, Mining droid</color>: failed equipChance roll (10 %) for rank F
Tried to generate 3 traits for KM1 over 500 extra times and failed.
[Isekai Forge] Skipping ID-246<color=#999999FF>, Mining droid</color>: failed equipChance roll (20 %) for rank E
Tried to generate 2 traits for KM1 over 500 extra times and failed.
[Isekai Forge] Skipping ID-541<color=#999999FF>, Mining droid</color>: failed equipChance roll (10 %) for rank F
Tried to generate 3 traits for KM1 over 500 extra times and failed.
[Isekai Forge] Enhancing ID-824<color=#999999FF>, Mining droid</color> (rank E): maxRef=1, runeChance=10 %, maxRuneRank=1
Tried to generate 3 traits for ID-294 over 500 extra times and failed.
[Isekai Forge] Skipping ID-294<color=#999999FF>, Mining droid</color>: failed equipChance roll (20 %) for rank E
IntimacyGiver_Sex: Sebastien cannot currently do lovin'
IntimacyGiver_Sex: Steppie cannot currently do lovin'
ID-360 tried to run JobGiver_OptimizeApparel without an OutfitTracker
IntimacyGiver_Sex: Pan cannot currently do lovin'
IntimacyGiver_Sex: Sebastien cannot currently do lovin'
Sebastien failed to get a job from any IntimacyGivers
IntimacyGiver_Sex: Sebastien cannot currently do lovin'
Sebastien failed to get a job from any IntimacyGivers
[MCR][MoodChain] Sebastien: Starting scan. Candidates=73, CurrentMood=0.50
[MCR][MoodChain] Sebastien: Eval Pan: opinion=45, mood=0.51, happy=False, sad=False, thought=null
[MCR][MoodChain] Sebastien: Eval Steppie: opinion=25, mood=0.51, happy=False, sad=False, thought=null
[MCR][MoodChain] Sebastien: Scan finished. NewlyAddedMemories=0
Sebastien was recruited into a conversation.
Pan is already in conversation.
Steppie is already in conversation.
Interaction count for current active conversation: 1
Sebastien is already in conversation.
Pan is already in conversation.
Steppie is already in conversation.
[MCR][MoodChain] Steppie: Starting scan. Candidates=73, CurrentMood=0.51
[MCR][MoodChain] Steppie: Eval Sebastien: opinion=45, mood=0.51, happy=False, sad=False, thought=null
[MCR][MoodChain] Steppie: Eval Pan: opinion=45, mood=0.51, happy=False, sad=False, thought=null
[MCR][MoodChain] Steppie: Scan finished. NewlyAddedMemories=0
Interaction count for current active conversation: 2
Sebastien is already in conversation.
Pan is already in conversation.
Steppie is already in conversation.
Interaction count for current active conversation: 3
Sebastien is already in conversation.
Pan is already in conversation.
Steppie is already in conversation.
[MCR][MoodChain] Pan: Starting scan. Candidates=73, CurrentMood=0.52
[MCR][MoodChain] Pan: Eval Sebastien: opinion=77, mood=0.52, happy=False, sad=False, thought=null
[MCR][MoodChain] Pan: Eval Steppie: opinion=55, mood=0.53, happy=False, sad=False, thought=null
[MCR][MoodChain] Pan: Scan finished. NewlyAddedMemories=0
Interaction count for current active conversation: 4
Sebastien is already in conversation.
Pan is already in conversation.
Steppie is already in conversation.
[MCR][MoodChain] Sebastien: Starting scan. Candidates=73, CurrentMood=0.53
[MCR][MoodChain] Sebastien: Eval Pan: opinion=56, mood=0.54, happy=False, sad=False, thought=null
[MCR][MoodChain] Sebastien: Eval Steppie: opinion=38, mood=0.54, happy=False, sad=False, thought=null
[MCR][MoodChain] Sebastien: Scan finished. NewlyAddedMemories=0
Interaction count for current active conversation: 5
Sebastien is already in conversation.
Pan is already in conversation.
Steppie is already in conversation.
[MCR][MoodChain] Steppie: Starting scan. Candidates=73, CurrentMood=0.54
[MCR][MoodChain] Steppie: Eval Sebastien: opinion=55, mood=0.54, happy=False, sad=False, thought=null
[MCR][MoodChain] Steppie: Eval Pan: opinion=56, mood=0.54, happy=False, sad=False, thought=null
[MCR][MoodChain] Steppie: Scan finished. NewlyAddedMemories=0
Interaction count for current active conversation: 6
Sebastien is already in conversation.
Pan is already in conversation.
Steppie is already in conversation.
[VEF] Error while generating Column at (200, 0, 60): System.NullReferenceException: Object reference not set to an instance of an object
[Ref F5F3412C]
  at KCSG.SymbolUtils.GenerateBuildingAt (Verse.Map map, Verse.IntVec3 cell, KCSG.SymbolDef symbol, KCSG.StructureLayoutDef layout, RimWorld.Faction faction, System.Collections.Generic.ICollection`1[T] spawnedThings, Verse.ThingDef wallStuff) [0x00568] in <065df7cc2c96475eb67a313cecd3067f>:0 
  at KCSG.SymbolUtils.Generate (KCSG.SymbolDef symbol, KCSG.StructureLayoutDef layout, Verse.Map map, Verse.IntVec3 cell, RimWorld.Faction faction, Verse.ThingDef wallForRoom, System.Collections.Generic.ICollection`1[T] spawnedThings) [0x00135] in <065df7cc2c96475eb67a313cecd3067f>:0 . Most likely caused by other third-party mods, check the stacktrace to detect the faulty mod.
[Isekai Forge] Skipping KJ-4101<color=#999999FF>, Droid</color>: failed equipChance roll (10 %) for rank F
[Isekai Forge] Skipping JM-6220<color=#999999FF>, Droid</color>: failed equipChance roll (10 %) for rank F
[Isekai Forge] Enhancing PA-8019<color=#999999FF>, Droid</color> (rank F): maxRef=1, runeChance=5 %, maxRuneRank=1
Tried to calculate chance for father with gender "Female".
Tried to calculate chance for mother with gender "Male".
Tried to calculate chance for mother with gender "Male".
[Isekai Forge] Skipping Lynx<color=#999999FF>, Experiment</color>: failed equipChance roll (10 %) for rank F
Tried to calculate chance for father with gender "Female".
[Isekai Forge] Skipping Nicole<color=#999999FF>, Dancer</color>: failed equipChance roll (20 %) for rank E
Tried to calculate chance for mother with gender "Male".
[Isekai Forge] Skipping Humps<color=#999999FF>, Knight</color>: failed equipChance roll (70 %) for rank B
Tried to calculate chance for father with gender "Female".
Tried to calculate chance for mother with gender "Male".
[Isekai Forge] Skipping Chaz<color=#999999FF>, Handywoman</color>: failed equipChance roll (20 %) for rank E
Tried to calculate chance for mother with gender "Male".
Tried to calculate chance for father with gender "Female".
[Isekai Forge] Enhancing Toni<color=#999999FF>, Surgeon</color> (rank B): maxRef=4, runeChance=50 %, maxRuneRank=2
Tried to calculate chance for mother with gender "Male".
Tried to calculate chance for father with gender "Female".
[Isekai Forge] Enhancing Zack<color=#999999FF>, Sheltered</color> (rank SSS): maxRef=10, runeChance=100 %, maxRuneRank=5
Tried to calculate chance for father with gender "Female".
[Isekai Forge] Skipping Syn<color=#999999FF>, Inventor</color>: failed equipChance roll (20 %) for rank E
[FA Genetic Heads] HeadTypeDef: assigned HeadNormal to Syn
[FA Genetic Heads] SkinTypeDef: assigned SkinFreckled to Syn
Tried to calculate chance for father with gender "Female".
Tried to calculate chance for father with gender "Female".
[Isekai Forge] Skipping Colin<color=#999999FF>, Controller</color>: failed equipChance roll (10 %) for rank F
[Isekai Forge] Enhancing Naria<color=#999999FF>, Lady</color> (rank D): maxRef=2, runeChance=20 %, maxRuneRank=1
[Isekai Forge] Enhancing Ibarra<color=#999999FF>, Demoscener</color> (rank D): maxRef=2, runeChance=20 %, maxRuneRank=1
[FA Genetic Heads] HeadTypeDef: assigned HeadSquare to Colin
[FA Genetic Heads] SkinTypeDef: assigned SkinNormal to Colin
[FA Genetic Heads] HeadTypeDef: assigned HeadNormal to Naria
[FA Genetic Heads] SkinTypeDef: assigned SkinNormal to Naria
[FA Genetic Heads] HeadTypeDef: assigned HeadNormal to Ibarra
[FA Genetic Heads] SkinTypeDef: assigned SkinCrowsFeet to Ibarra
[Isekai Forge] Skipping CY-4619<color=#999999FF>, Droid</color>: failed equipChance roll (20 %) for rank E
[Isekai Forge] Skipping CA-1313<color=#999999FF>, Droid</color>: failed equipChance roll (55 %) for rank C
[Isekai Forge] Skipping Kresh<color=#999999FF>, Droid</color>: failed equipChance roll (10 %) for rank F
[Isekai Forge] Skipping Ren'ad<color=#999999FF>, Droid</color>: failed equipChance roll (10 %) for rank F
[Isekai Forge] Skipping MK-8790<color=#999999FF>, Droid</color>: failed equipChance roll (10 %) for rank F
[Isekai Forge] Skipping ZH-6489<color=#999999FF>, Droid</color>: failed equipChance roll (10 %) for rank F
[Isekai Forge] Skipping Riley<color=#999999FF>, Illuminator</color>: failed equipChance roll (55 %) for rank C
[FA Genetic Heads] HeadTypeDef: assigned HeadNormal to Riley
[FA Genetic Heads] SkinTypeDef: assigned SkinBruise to Riley
[Isekai Forge] Enhancing Unay<color=#999999FF>, Researcher</color> (rank E): maxRef=1, runeChance=10 %, maxRuneRank=1
[Isekai Forge] Skipping Belsaas<color=#999999FF>, Liar</color>: failed equipChance roll (70 %) for rank B
[Isekai Forge] Skipping Alan<color=#999999FF>, Survivor</color>: failed equipChance roll (20 %) for rank E
[Isekai Forge] Skipping Hollytops<color=#999999FF>, Prosecuted Vet</color>: failed equipChance roll (20 %) for rank E
[Isekai Forge] Skipping Tris<color=#999999FF>, Carver</color>: failed equipChance roll (10 %) for rank F
[Isekai Forge] Skipping Blair<color=#999999FF>, Architect</color>: failed equipChance roll (20 %) for rank E
[Isekai Forge] Skipping Regina<color=#999999FF>, Surgeon</color>: failed equipChance roll (20 %) for rank E
Tried to calculate chance for mother with gender "Male".
Tried to calculate chance for mother with gender "Male".
Tried to calculate chance for father with gender "Female".
[Isekai Forge] Skipping Dilli<color=#999999FF>, Sailor</color>: failed equipChance roll (40 %) for rank D
[Isekai Forge] Enhancing Metti<color=#999999FF>, Maid</color> (rank E): maxRef=1, runeChance=10 %, maxRuneRank=1
Tried to calculate chance for father with gender "Female".
Tried to calculate chance for mother with gender "Male".
[Isekai Forge] Skipping Trip<color=#999999FF>, Escapee</color>: failed equipChance roll (10 %) for rank F
Tried to calculate chance for father with gender "Female".
[Isekai Forge] Enhancing Mie<color=#999999FF>, Ninja</color> (rank E): maxRef=1, runeChance=10 %, maxRuneRank=1
[Isekai Forge] Skipping Jenni<color=#999999FF>, Surgeon</color>: failed equipChance roll (40 %) for rank D
[Isekai Forge] Skipping Piu<color=#999999FF>, Disgraced</color>: failed equipChance roll (10 %) for rank F
[Isekai Forge] Skipping Crabby<color=#999999FF>, Vengeful</color>: failed equipChance roll (10 %) for rank F
[Isekai Forge] Enhancing Sunbin<color=#999999FF>, Animal farmer</color> (rank S): maxRef=8, runeChance=75 %, maxRuneRank=3
Tried to calculate chance for mother with gender "Male".
[Isekai Forge] Skipping Dongrui<color=#999999FF>, Techie</color>: failed equipChance roll (10 %) for rank F
Tried to calculate chance for father with gender "Female".
Tried to calculate chance for mother with gender "Male".
[Isekai Forge] Enhancing Tail<color=#999999FF>, Artist</color> (rank D): maxRef=2, runeChance=20 %, maxRuneRank=1
[Isekai Forge] Enhancing Kap<color=#999999FF>, Colonist</color> (rank E): maxRef=1, runeChance=10 %, maxRuneRank=1
[Isekai Forge] Skipping Sleepy<color=#999999FF>, Financier</color>: failed equipChance roll (20 %) for rank E
[Isekai Forge] Skipping Wrukoin<color=#999999FF>, Paramedic</color>: failed equipChance roll (20 %) for rank E
Tried to calculate chance for mother with gender "Male".
Tried to calculate chance for father with gender "Female".
Tried to calculate chance for mother with gender "Male".
[Isekai Forge] Skipping Sam<color=#999999FF>, Sniper</color>: failed equipChance roll (20 %) for rank E
[Isekai Forge] Skipping Lucky<color=#999999FF>, Fixer</color>: failed equipChance roll (10 %) for rank F
[Isekai Forge] Enhancing Hanjia<color=#999999FF>, Rudie</color> (rank C): maxRef=3, runeChance=35 %, maxRuneRank=1
Tried to calculate chance for father with gender "Female".
Tried to calculate chance for mother with gender "Male".
Tried to calculate chance for father with gender "Female".
Tried to calculate chance for mother with gender "Male".
Tried to calculate chance for father with gender "Female".
Tried to calculate chance for mother with gender "Male".
[Isekai Forge] Enhancing Zeke<color=#999999FF>, Cog</color> (rank C): maxRef=3, runeChance=35 %, maxRuneRank=1
Tried to calculate chance for mother with gender "Male".
Tried to calculate chance for mother with gender "Male".
[Isekai Forge] Skipping Galloway<color=#999999FF>, Cave explorer</color>: failed equipChance roll (40 %) for rank D
Tried to calculate chance for father with gender "Female".
Tried to calculate chance for father with gender "Female".
Tried to calculate chance for mother with gender "Male".
[Isekai Forge] Skipping Marie<color=#999999FF>, Geologist</color>: failed equipChance roll (20 %) for rank E
[Isekai Forge] Skipping Hadley<color=#999999FF>, Masseuse</color>: failed equipChance roll (20 %) for rank E
[Isekai Forge] Skipping Yann<color=#999999FF>, Gatherer</color>: failed equipChance roll (10 %) for rank F
Tried to calculate chance for father with gender "Female".
[Isekai Forge] Skipping Hotaru<color=#999999FF>, Alchemist</color>: failed equipChance roll (40 %) for rank D
[Isekai Forge] Skipping Harawytt<color=#999999FF>, Geologist</color>: failed equipChance roll (40 %) for rank D
[Isekai Forge] Enhancing Banana<color=#999999FF>, Technician</color> (rank E): maxRef=1, runeChance=10 %, maxRuneRank=1
Tried to calculate chance for father with gender "Female".
[Isekai Forge] Skipping Tanders<color=#999999FF>, Wretch</color>: failed equipChance roll (55 %) for rank C
Tried to calculate chance for father with gender "Female".
Tried to calculate chance for father with gender "Female".
Tried to calculate chance for mother with gender "Male".
[Isekai Forge] Skipping Bambi<color=#999999FF>, Propagandist</color>: failed equipChance roll (40 %) for rank D
[Isekai Forge] Skipping Nag<color=#999999FF>, Bureaucrat</color>: failed equipChance roll (10 %) for rank F
[Isekai Forge] Enhancing Apple<color=#999999FF>, Defector</color> (rank C): maxRef=3, runeChance=35 %, maxRuneRank=1
[Isekai Forge] Skipping Yutaka<color=#999999FF>, Geologist</color>: failed equipChance roll (10 %) for rank F
Tried to calculate chance for mother with gender "Male".
[Isekai Forge] Enhancing Emmie<color=#999999FF>, Sex slave</color> (rank C): maxRef=3, runeChance=35 %, maxRuneRank=1
[Isekai Forge] Skipping Kraxproz<color=#999999FF>, Curator</color>: failed equipChance roll (40 %) for rank D
Tried to calculate chance for mother with gender "Male".
[Isekai Forge] Skipping Yew<color=#999999FF>, Shopkid</color>: failed equipChance roll (20 %) for rank E
[Isekai Forge] Skipping Cullen<color=#999999FF>, Artist</color>: failed equipChance roll (10 %) for rank F
[Isekai Forge] Enhancing O'Hagan<color=#999999FF>, Quack</color> (rank B): maxRef=4, runeChance=50 %, maxRuneRank=2
[Isekai Forge] Skipping Klthar<color=#999999FF>, Patient</color>: failed equipChance roll (40 %) for rank D
Tried to calculate chance for father with gender "Female".
Tried to calculate chance for father with gender "Female".
Tried to calculate chance for father with gender "Female".
Tried to calculate chance for father with gender "Female".
Tried to calculate chance for father with gender "Female".
Tried to calculate chance for father with gender "Female".
[Isekai Forge] Enhancing Einarrsdóttir<color=#999999FF>, Writer</color> (rank F): maxRef=1, runeChance=5 %, maxRuneRank=1
[Isekai Forge] Enhancing Wester<color=#999999FF>, Assassin</color> (rank F): maxRef=1, runeChance=5 %, maxRuneRank=1
[Isekai Forge] Skipping Lemnos<color=#999999FF>, Technician</color>: failed equipChance roll (70 %) for rank B
Tried to calculate chance for father with gender "Female".
[Isekai Forge] Enhancing Buck<color=#999999FF>, Deserter</color> (rank D): maxRef=2, runeChance=20 %, maxRuneRank=1
[Isekai Forge] Skipping Rynyk<color=#999999FF>, Assassin</color>: failed equipChance roll (10 %) for rank F
Tried to calculate chance for father with gender "Female".
Tried to calculate chance for father with gender "Female".
Tried to calculate chance for father with gender "Female".
[Isekai Forge] Skipping Nadine<color=#999999FF>, Logger</color>: failed equipChance roll (40 %) for rank D
Tried to calculate chance for father with gender "Female".
[Isekai Forge] Enhancing Darkeye<color=#999999FF>, Deathjack</color> (rank C): maxRef=3, runeChance=35 %, maxRuneRank=1
Tried to calculate chance for mother with gender "Male".
Tried to calculate chance for mother with gender "Male".
[Isekai Forge] Skipping Wakwushytt<color=#999999FF>, Grunt</color>: failed equipChance roll (20 %) for rank E
Tried to calculate chance for mother with gender "Male".
Tried to calculate chance for mother with gender "Male".
[Isekai Forge] Skipping Hawkins<color=#999999FF>, Patient</color>: failed equipChance roll (55 %) for rank C
Tried to calculate chance for father with gender "Female".
Tried to calculate chance for father with gender "Female".
Tried to calculate chance for father with gender "Female".
[Isekai Forge] Enhancing Shiki<color=#999999FF>, Escapee</color> (rank F): maxRef=1, runeChance=5 %, maxRuneRank=1
Tried to calculate chance for father with gender "Female".
Tried to calculate chance for father with gender "Female".
Tried to calculate chance for mother with gender "Male".
Tried to calculate chance for mother with gender "Male".
[Isekai Forge] Enhancing Dalila<color=#999999FF>, Barber</color> (rank F): maxRef=1, runeChance=5 %, maxRuneRank=1
Tried to calculate chance for father with gender "Female".
[Isekai Forge] Skipping Lacey<color=#999999FF>, Deserter</color>: failed equipChance roll (40 %) for rank D
Tried to calculate chance for father with gender "Female".
Tried to calculate chance for father with gender "Female".
[Isekai Forge] Skipping Kaznav<color=#999999FF>, Hunter</color>: failed equipChance roll (20 %) for rank E
Tried to calculate chance for father with gender "Female".
Tried to calculate chance for father with gender "Female".
[Isekai Forge] Enhancing Charly<color=#999999FF>, Disgraced</color> (rank E): maxRef=1, runeChance=10 %, maxRuneRank=1
[Isekai Forge] Skipping Fairwing<color=#999999FF>, Handler</color>: failed equipChance roll (55 %) for rank C
[Isekai Forge] Enhancing Bizz<color=#999999FF>, Survivor</color> (rank C): maxRef=3, runeChance=35 %, maxRuneRank=1
Tried to calculate chance for father with gender "Female".
[Isekai Forge] Skipping Mal<color=#999999FF>, Roboticist</color>: failed equipChance roll (20 %) for rank E
[Isekai Forge] Enhancing Seziv<color=#999999FF>, Priest</color> (rank A): maxRef=6, runeChance=65 %, maxRuneRank=3
Tried to calculate chance for father with gender "Female".
Tried to calculate chance for father with gender "Female".
[Isekai Forge] Enhancing Pineda<color=#999999FF>, Spy</color> (rank E): maxRef=1, runeChance=10 %, maxRuneRank=1
Tried to calculate chance for father with gender "Female".
Tried to calculate chance for father with gender "Female".
Tried to calculate chance for mother with gender "Male".
[Isekai Forge] Skipping Marceline<color=#999999FF>, Cave builder</color>: failed equipChance roll (10 %) for rank F
[Isekai Forge] Skipping Camaem<color=#999999FF>, Pilot</color>: failed equipChance roll (20 %) for rank E
Tried to calculate chance for father with gender "Female".
Tried to calculate chance for father with gender "Female".
Tried to calculate chance for father with gender "Female".
[Isekai Forge] Enhancing Happy<color=#999999FF>, Drifter</color> (rank E): maxRef=1, runeChance=10 %, maxRuneRank=1
[Isekai Forge] Skipping Malvina<color=#999999FF>, Translator</color>: failed equipChance roll (10 %) for rank F
[Isekai Forge] Skipping Grímhildr<color=#999999FF>, Hunter</color>: failed equipChance roll (20 %) for rank E
Tried to calculate chance for father with gender "Female".
[Isekai Forge] Enhancing Andrea<color=#999999FF>, Vengeful</color> (rank B): maxRef=4, runeChance=50 %, maxRuneRank=2
Tried to calculate chance for father with gender "Female".
Tried to calculate chance for father with gender "Female".
[Isekai Forge] Skipping Sachiko<color=#999999FF>, Mariner</color>: failed equipChance roll (85 %) for rank A
Tried to calculate chance for mother with gender "Male".
[Isekai Forge] Skipping Blua<color=#999999FF>, Tender</color>: failed equipChance roll (10 %) for rank F
Tried to calculate chance for father with gender "Female".
Tried to calculate chance for father with gender "Female".
Tried to calculate chance for father with gender "Female".
Tried to calculate chance for father with gender "Female".
Tried to calculate chance for father with gender "Female".
Tried to calculate chance for father with gender "Female".
[Isekai Forge] Skipping Hayes<color=#999999FF>, Barber</color>: failed equipChance roll (10 %) for rank F
Tried to calculate chance for father with gender "Female".
[Isekai Forge] Skipping Ames<color=#999999FF>, Weaver</color>: failed equipChance roll (10 %) for rank F
Tried to calculate chance for mother with gender "Male".
[Isekai Forge] Skipping Dy<color=#999999FF>, Sailor</color>: failed equipChance roll (20 %) for rank E
Tried to calculate chance for mother with gender "Male".
[Isekai Forge] Skipping Abbott<color=#999999FF>, Warrior</color>: failed equipChance roll (40 %) for rank D
Tried to calculate chance for father with gender "Female".
Tried to calculate chance for father with gender "Female".
Tried to calculate chance for father with gender "Female".
Tried to calculate chance for father with gender "Female".
Tried to calculate chance for father with gender "Female".
[Isekai Forge] Skipping Phi<color=#999999FF>, Barber</color>: failed equipChance roll (20 %) for rank E
Tried to calculate chance for father with gender "Female".
Tried to calculate chance for father with gender "Female".
Tried to calculate chance for father with gender "Female".
Tried to calculate chance for father with gender "Female".
[Isekai Forge] Enhancing Izzy<color=#999999FF>, Hunter</color> (rank D): maxRef=2, runeChance=20 %, maxRuneRank=1
Tried to calculate chance for mother with gender "Male".
Tried to calculate chance for mother with gender "Male".
[Isekai Forge] Enhancing Yaytt<color=#999999FF>, Hunter</color> (rank F): maxRef=1, runeChance=5 %, maxRuneRank=1
Tried to calculate chance for father with gender "Female".
Tried to calculate chance for father with gender "Female".
[Isekai Forge] Enhancing Ten'ain<color=#999999FF>, Bureaucrat</color> (rank A): maxRef=6, runeChance=65 %, maxRuneRank=3
Tried to calculate chance for father with gender "Female".
Tried to calculate chance for father with gender "Female".
[Isekai Forge] Skipping Geordie<color=#999999FF>, Priest</color>: failed equipChance roll (10 %) for rank F
Tried to calculate chance for father with gender "Female".
Tried to calculate chance for father with gender "Female".
Tried to calculate chance for father with gender "Female".
Tried to calculate chance for father with gender "Female".
Tried to calculate chance for father with gender "Female".
Tried to calculate chance for father with gender "Female".
[Isekai Forge] Skipping Ivo<color=#999999FF>, Urchin</color>: failed equipChance roll (10 %) for rank F
Tried to calculate chance for father with gender "Female".
Tried to calculate chance for mother with gender "Male".
[Isekai Forge] Skipping Carys<color=#999999FF>, Healer</color>: failed equipChance roll (20 %) for rank E
[Isekai Forge] Skipping Lu<color=#999999FF>, Prostitute</color>: failed equipChance roll (40 %) for rank D
Tried to calculate chance for mother with gender "Male".
[Isekai Forge] Skipping Kaleun<color=#999999FF>, Captain</color>: failed equipChance roll (10 %) for rank F
[Isekai Forge] Skipping Aigulf<color=#999999FF>, Landsknecht</color>: failed equipChance roll (10 %) for rank F
Tried to calculate chance for father with gender "Female".
Tried to calculate chance for father with gender "Female".
Tried to calculate chance for father with gender "Female".
[Isekai Forge] Enhancing Jambo<color=#999999FF>, Bought</color> (rank A): maxRef=6, runeChance=65 %, maxRuneRank=3
Tried to calculate chance for father with gender "Female".
Tried to calculate chance for mother with gender "Male".
[Isekai Forge] Enhancing Oculus<color=#999999FF>, Gardener</color> (rank C): maxRef=3, runeChance=35 %, maxRuneRank=1
Tried to calculate chance for father with gender "Female".
Tried to calculate chance for father with gender "Female".
[Isekai Forge] Skipping Tsukira<color=#999999FF>, Kin</color>: failed equipChance roll (10 %) for rank F
Tried to calculate chance for mother with gender "Male".
[Isekai Forge] Skipping Fjellsmel<color=#999999FF>, Scientist</color>: failed equipChance roll (10 %) for rank F
Tried to calculate chance for mother with gender "Male".
Tried to calculate chance for mother with gender "Male".
[Isekai Forge] Skipping Megumi<color=#999999FF>, Oaf</color>: failed equipChance roll (40 %) for rank D
[Isekai Forge] Skipping Small<color=#999999FF>, Soldier</color>: failed equipChance roll (10 %) for rank F
[Isekai Forge] Enhancing Onesan<color=#999999FF>, Merchant</color> (rank S): maxRef=8, runeChance=75 %, maxRuneRank=3
Tried to calculate chance for father with gender "Female".
[Isekai Forge] Skipping Lizzie<color=#999999FF>, Troll</color>: failed equipChance roll (20 %) for rank E
[Isekai Forge] Enhancing Pyrrha<color=#999999FF>, Broker</color> (rank D): maxRef=2, runeChance=20 %, maxRuneRank=1
[Isekai Forge] Skipping Combaro<color=#999999FF>, Banneret</color>: failed equipChance roll (55 %) for rank C
[Isekai Forge] Skipping Targrin<color=#999999FF>, Demoscener</color>: failed equipChance roll (20 %) for rank E
[Isekai Forge] Skipping Garo<color=#999999FF>, Cultist</color>: failed equipChance roll (40 %) for rank D
Tried to calculate chance for father with gender "Female".
[Isekai Forge] Skipping Carroll<color=#999999FF>, Sheriff</color>: failed equipChance roll (10 %) for rank F
Tried to calculate chance for father with gender "Female".
Tried to calculate chance for mother with gender "Male".
[Isekai Forge] Skipping Genevieve<color=#999999FF>, Warrior</color>: failed equipChance roll (10 %) for rank F
Tried to calculate chance for mother with gender "Male".
[Isekai Forge] Enhancing Jackalope<color=#999999FF>, Professor</color> (rank B): maxRef=4, runeChance=50 %, maxRuneRank=2
Tried to calculate chance for father with gender "Female".
[Isekai Forge] Skipping Luxemburg<color=#999999FF>, Exile</color>: failed equipChance roll (40 %) for rank D
[Isekai Forge] Skipping Lumpy<color=#999999FF>, Maid</color>: failed equipChance roll (55 %) for rank C
[Isekai Forge] Enhancing Evan<color=#999999FF>, Captain</color> (rank E): maxRef=1, runeChance=10 %, maxRuneRank=1
Tried to calculate chance for mother with gender "Male".
Tried to calculate chance for father with gender "Female".
[Isekai Forge] Enhancing Kuebler<color=#999999FF>, Soldier</color> (rank F): maxRef=1, runeChance=5 %, maxRuneRank=1
Tried to calculate chance for mother with gender "Male".
[Isekai Forge] Enhancing Mendez<color=#999999FF>, Contract miner</color> (rank F): maxRef=1, runeChance=5 %, maxRuneRank=1
Tried to calculate chance for father with gender "Female".
Tried to calculate chance for father with gender "Female".
[Isekai Forge] Skipping Rusos<color=#999999FF>, Cultist</color>: failed equipChance roll (10 %) for rank F
Tried to calculate chance for father with gender "Female".
[Isekai Forge] Skipping Taali<color=#999999FF>, Auditor</color>: failed equipChance roll (40 %) for rank D
Tried to calculate chance for father with gender "Female".
[Isekai Forge] Skipping Krueger<color=#999999FF>, Farmer</color>: failed equipChance roll (40 %) for rank D
Tried to calculate chance for father with gender "Female".
[Isekai Forge] Skipping Victor<color=#999999FF>, Explorer</color>: failed equipChance roll (10 %) for rank F
Tried to calculate chance for father with gender "Female".
[Isekai Forge] Enhancing Lev<color=#999999FF>, Rancher</color> (rank A): maxRef=6, runeChance=65 %, maxRuneRank=3
Tried to calculate chance for father with gender "Female".
Tried to calculate chance for mother with gender "Male".
[Isekai Forge] Skipping V<color=#999999FF>, Janitor</color>: failed equipChance roll (20 %) for rank E
[Isekai Forge] Skipping Dan<color=#999999FF>, Inspector</color>: failed equipChance roll (10 %) for rank F
Tried to calculate chance for mother with gender "Male".
[Isekai Forge] Skipping Misaki<color=#999999FF>, Retainer</color>: failed equipChance roll (55 %) for rank C
Tried to calculate chance for father with gender "Female".
Tried to calculate chance for father with gender "Female".
[Isekai Forge] Enhancing Hallbjǫrg<color=#999999FF>, Paramedic</color> (rank C): maxRef=3, runeChance=35 %, maxRuneRank=1
[Isekai Forge] Skipping Riku<color=#999999FF>, Bureaucrat</color>: failed equipChance roll (10 %) for rank F
[Isekai Forge] Skipping Flipp<color=#999999FF>, Ranger</color>: failed equipChance roll (10 %) for rank F
[Isekai Forge] Enhancing Doug<color=#999999FF>, Winger</color> (rank C): maxRef=3, runeChance=35 %, maxRuneRank=1
Tried to calculate chance for father with gender "Female".
Tried to calculate chance for father with gender "Female".
[Isekai Forge] Skipping Four Eyes<color=#999999FF>, Surveyor</color>: failed equipChance roll (20 %) for rank E
Tried to calculate chance for father with gender "Female".
[Isekai Forge] Skipping Donna<color=#999999FF>, Cosplayer</color>: failed equipChance roll (40 %) for rank D
Tried to calculate chance for father with gender "Female".
[Isekai Forge] Skipping Teite<color=#999999FF>, Hermit</color>: failed equipChance roll (10 %) for rank F
[Isekai Forge] Skipping Einarrson<color=#999999FF>, Maid</color>: failed equipChance roll (10 %) for rank F
[Isekai Forge] Skipping Beats<color=#999999FF>, Hunter</color>: failed equipChance roll (55 %) for rank C
Tried to calculate chance for father with gender "Female".
Tried to calculate chance for mother with gender "Male".
Tried to calculate chance for father with gender "Female".
Tried to calculate chance for mother with gender "Male".
Tried to calculate chance for father with gender "Female".
Tried to calculate chance for mother with gender "Male".
Tried to calculate chance for father with gender "Female".
[Isekai Forge] Skipping Behra<color=#999999FF>, Nurse</color>: failed equipChance roll (40 %) for rank D
Tried to calculate chance for father with gender "Female".
Tried to calculate chance for father with gender "Female".
[Isekai Forge] Skipping Kitten<color=#999999FF>, Cog</color>: failed equipChance roll (10 %) for rank F
[Isekai Forge] Enhancing Process<color=#999999FF>, Quack</color> (rank B): maxRef=4, runeChance=50 %, maxRuneRank=2
Tried to calculate chance for mother with gender "Male".
Tried to calculate chance for father with gender "Female".
[Isekai Forge] Enhancing Krugger<color=#999999FF>, Collector</color> (rank F): maxRef=1, runeChance=5 %, maxRuneRank=1
Tried to calculate chance for father with gender "Female".
Tried to calculate chance for mother with gender "Male".
Tried to calculate chance for father with gender "Female".
Tried to calculate chance for father with gender "Female".
Tried to calculate chance for mother with gender "Male".
Tried to calculate chance for father with gender "Female".
[Isekai Forge] Skipping Latch<color=#999999FF>, Smuggler</color>: failed equipChance roll (40 %) for rank D
[Isekai Forge] Enhancing Ho<color=#999999FF>, Janitor</color> (rank F): maxRef=1, runeChance=5 %, maxRuneRank=1
Tried to calculate chance for father with gender "Female".
[Isekai Forge] Skipping Coyote<color=#999999FF>, Soldier</color>: failed equipChance roll (10 %) for rank F
Tried to calculate chance for father with gender "Female".
Tried to calculate chance for father with gender "Female".
Tried to calculate chance for father with gender "Female".
Tried to calculate chance for father with gender "Female".
[Isekai Forge] Skipping Kena<color=#999999FF>, Artifacter</color>: failed equipChance roll (20 %) for rank E
[Isekai Forge] Enhancing Monkey<color=#999999FF>, Ash-speaker</color> (rank D): maxRef=2, runeChance=20 %, maxRuneRank=1
[Isekai Forge] Skipping Bella<color=#999999FF>, Farmer</color>: failed equipChance roll (20 %) for rank E
[Isekai Forge] Skipping Danielle<color=#999999FF>, Hunter</color>: failed equipChance roll (20 %) for rank E
Tried to calculate chance for father with gender "Female".
Tried to calculate chance for father with gender "Female".
Tried to calculate chance for father with gender "Female".
[Isekai Forge] Enhancing Rose<color=#999999FF>, Gardener</color> (rank F): maxRef=1, runeChance=5 %, maxRuneRank=1
[Isekai Forge] Skipping Maverick<color=#999999FF>, Bombardier</color>: failed equipChance roll (20 %) for rank E
Tried to calculate chance for father with gender "Female".
Tried to calculate chance for mother with gender "Male".
[Isekai Forge] Skipping Ognar<color=#999999FF>, Researcher</color>: failed equipChance roll (20 %) for rank E
Tried to calculate chance for father with gender "Female".
[Isekai Forge] Skipping Cait<color=#999999FF>, Gymnast</color>: failed equipChance roll (20 %) for rank E
[Isekai Forge] Enhancing Kendra<color=#999999FF>, Mechanic</color> (rank F): maxRef=1, runeChance=5 %, maxRuneRank=1
[Isekai Forge] Skipping Steroid<color=#999999FF>, Artist</color>: failed equipChance roll (10 %) for rank F
[Isekai Forge] Skipping Danny<color=#999999FF>, Runner</color>: failed equipChance roll (40 %) for rank D
Tried to calculate chance for father with gender "Female".
[Isekai Forge] Skipping Wûmtsai-Niznis<color=#999999FF>, Medic</color>: failed equipChance roll (10 %) for rank F
Tried to calculate chance for father with gender "Female".
Tried to calculate chance for father with gender "Female".
Tried to calculate chance for father with gender "Female".
[Isekai Forge] Skipping Schmidty<color=#999999FF>, Malingerer</color>: failed equipChance roll (20 %) for rank E
[Isekai Forge] Skipping Ivy<color=#999999FF>, Doomsayer</color>: failed equipChance roll (10 %) for rank F
[Isekai Forge] Skipping Mlie<color=#999999FF>, Restorer</color>: failed equipChance roll (40 %) for rank D
[Isekai Forge] Skipping Li<color=#999999FF>, Tender</color>: failed equipChance roll (55 %) for rank C
[Isekai Forge] Enhancing Magnhildr<color=#999999FF>, Stewkeeper</color> (rank SS): maxRef=9, runeChance=85 %, maxRuneRank=4
[Isekai Forge] Enhancing Feeb<color=#999999FF>, Subject</color> (rank D): maxRef=2, runeChance=20 %, maxRuneRank=1
Tried to calculate chance for father with gender "Female".
[Isekai Forge] Skipping Mister<color=#999999FF>, Banneret</color>: failed equipChance roll (10 %) for rank F
[Isekai Forge] Skipping Parks<color=#999999FF>, Caller</color>: failed equipChance roll (10 %) for rank F
Tried to calculate chance for father with gender "Female".
[Isekai Forge] Enhancing Rubber<color=#999999FF>, Gifted</color> (rank D): maxRef=2, runeChance=20 %, maxRuneRank=1
[Isekai Forge] Enhancing Zebo<color=#999999FF>, Cook</color> (rank S): maxRef=8, runeChance=75 %, maxRuneRank=3
Tried to calculate chance for father with gender "Female".
[Isekai Forge] Enhancing Pepsi<color=#999999FF>, Bureaucrat</color> (rank E): maxRef=1, runeChance=10 %, maxRuneRank=1
Tried to calculate chance for father with gender "Female".
[Isekai Forge] Skipping McClain<color=#999999FF>, Spy</color>: failed equipChance roll (40 %) for rank D
[Isekai Forge] Enhancing Storch<color=#999999FF>, Marine</color> (rank E): maxRef=1, runeChance=10 %, maxRuneRank=1
[Isekai Forge] Skipping Triss<color=#999999FF>, Arbiter</color>: failed equipChance roll (10 %) for rank F
[Isekai Forge] Skipping Snake<color=#999999FF>, Settler</color>: failed equipChance roll (40 %) for rank D
[Isekai Forge] Skipping Red<color=#999999FF>, Trooper</color>: failed equipChance roll (10 %) for rank F
Tried to calculate chance for father with gender "Female".
[Isekai Forge] Enhancing Mullins<color=#999999FF>, Policeman</color> (rank E): maxRef=1, runeChance=10 %, maxRuneRank=1
[Isekai Forge] Skipping Georgette<color=#999999FF>, Drone</color>: failed equipChance roll (10 %) for rank F
[Isekai Forge] Skipping I'alema'c<color=#999999FF>, Machinist</color>: failed equipChance roll (40 %) for rank D
Tried to calculate chance for mother with gender "Male".
[Isekai Forge] Enhancing Nails<color=#999999FF>, Escapee</color> (rank C): maxRef=3, runeChance=35 %, maxRuneRank=1
Tried to calculate chance for mother with gender "Male".
[Isekai Forge] Enhancing Nelly<color=#999999FF>, Marineworlder</color> (rank E): maxRef=1, runeChance=10 %, maxRuneRank=1
Tried to calculate chance for father with gender "Female".
Tried to calculate chance for father with gender "Female".
Tried to calculate chance for father with gender "Female".
Tried to calculate chance for father with gender "Female".
[Isekai Forge] Skipping Jayden<color=#999999FF>, Envoy</color>: failed equipChance roll (10 %) for rank F
[Isekai Forge] Skipping Sheet<color=#999999FF>, Marine</color>: failed equipChance roll (70 %) for rank B
Tried to calculate chance for father with gender "Female".
[Isekai Forge] Skipping O'imaush'c<color=#999999FF>, Cadet</color>: failed equipChance roll (20 %) for rank E
Tried to calculate chance for mother with gender "Male".
Tried to calculate chance for father with gender "Female".
[Isekai Forge] Skipping Jack<color=#999999FF>, Assembler</color>: failed equipChance roll (55 %) for rank C
Tried to calculate chance for mother with gender "Male".
Tried to calculate chance for mother with gender "Male".
Tried to calculate chance for mother with gender "Male".
[Isekai Forge] Skipping Canga<color=#999999FF>, Warrior</color>: failed equipChance roll (40 %) for rank D
[Isekai Forge] Enhancing Andrew<color=#999999FF>, Scrapper</color> (rank B): maxRef=4, runeChance=50 %, maxRuneRank=2
Tried to calculate chance for father with gender "Female".
[Isekai Forge] Enhancing Pinky<color=#999999FF>, Deserter</color> (rank E): maxRef=1, runeChance=10 %, maxRuneRank=1
Tried to calculate chance for mother with gender "Male".
[Isekai Forge] Skipping Richards<color=#999999FF>, Informant</color>: failed equipChance roll (10 %) for rank F
[Isekai Forge] Enhancing Lucky<color=#999999FF>, Fixer</color> (rank F): maxRef=1, runeChance=5 %, maxRuneRank=1
Tried to calculate chance for mother with gender "Male".
[Isekai Forge] Enhancing Medcalf<color=#999999FF>, Bureaucrat</color> (rank F): maxRef=1, runeChance=5 %, maxRuneRank=1
[Isekai Forge] Skipping McKenzie<color=#999999FF>, Forester</color>: failed equipChance roll (10 %) for rank F
[Isekai Forge] Skipping Manuel<color=#999999FF>, Trooper</color>: failed equipChance roll (40 %) for rank D
Tried to calculate chance for father with gender "Female".
[Isekai Forge] Skipping Table<color=#999999FF>, Janitor</color>: failed equipChance roll (10 %) for rank F
Tried to calculate chance for mother with gender "Male".
Tried to calculate chance for father with gender "Female".
[Isekai Forge] Enhancing Debby<color=#999999FF>, Farmer</color> (rank D): maxRef=2, runeChance=20 %, maxRuneRank=1
[Isekai Forge] Skipping Hadley<color=#999999FF>, Masseuse</color>: failed equipChance roll (20 %) for rank E
Tried to calculate chance for mother with gender "Male".
[Isekai Forge] Skipping Ichabod<color=#999999FF>, Brat</color>: failed equipChance roll (10 %) for rank F
Tried to calculate chance for father with gender "Female".
Tried to calculate chance for father with gender "Female".
[Isekai Forge] Enhancing Thorn<color=#999999FF>, Janitor</color> (rank S): maxRef=8, runeChance=75 %, maxRuneRank=3
[Isekai Forge] Skipping Bright<color=#999999FF>, Deserter</color>: failed equipChance roll (20 %) for rank E
[Isekai Forge] Skipping A'awaom'c<color=#999999FF>, Patient</color>: failed equipChance roll (20 %) for rank E
Tried to calculate chance for father with gender "Female".
[Isekai Forge] Skipping Strinic<color=#999999FF>, Trooper</color>: failed equipChance roll (20 %) for rank E
Tried to calculate chance for father with gender "Female".
Tried to calculate chance for father with gender "Female".
[Isekai Forge] Enhancing Emma<color=#999999FF>, Ballerina</color> (rank D): maxRef=2, runeChance=20 %, maxRuneRank=1
Tried to calculate chance for mother with gender "Male".
[Isekai Forge] Enhancing Ware<color=#999999FF>, Sommelier </color> (rank C): maxRef=3, runeChance=35 %, maxRuneRank=1
Tried to calculate chance for father with gender "Female".
Tried to calculate chance for father with gender "Female".
[Isekai Forge] Skipping Cox<color=#999999FF>, Bastard</color>: failed equipChance roll (20 %) for rank E
[Isekai Forge] Skipping Yoko<color=#999999FF>, Dreamer</color>: failed equipChance roll (20 %) for rank E
[Isekai Forge] Skipping Fred<color=#999999FF>, Contract miner</color>: failed equipChance roll (10 %) for rank F
[Isekai Forge] Skipping Rc'isol'i<color=#999999FF>, Techie</color>: failed equipChance roll (20 %) for rank E
Tried to calculate chance for father with gender "Female".
Tried to calculate chance for father with gender "Female".
Tried to calculate chance for father with gender "Female".
Tried to calculate chance for mother with gender "Male".
Tried to calculate chance for father with gender "Female".
Tried to calculate chance for mother with gender "Male".
Tried to calculate chance for father with gender "Female".
[Isekai Forge] Skipping Big Red<color=#999999FF>, Inventor</color>: failed equipChance roll (40 %) for rank D
Tried to calculate chance for mother with gender "Male".
Tried to calculate chance for mother with gender "Male".
Tried to calculate chance for mother with gender "Male".
[Isekai Forge] Skipping Kerr<color=#999999FF>, Trooper</color>: failed equipChance roll (20 %) for rank E
[Isekai Forge] Enhancing Malone<color=#999999FF>, Bureaucrat</color> (rank A): maxRef=6, runeChance=65 %, maxRuneRank=3
Tried to calculate chance for father with gender "Female".
Tried to calculate chance for mother with gender "Male".
Tried to calculate chance for mother with gender "Male".
Tried to calculate chance for father with gender "Female".
Tried to calculate chance for mother with gender "Male".
Tried to calculate chance for father with gender "Female".
Tried to calculate chance for father with gender "Female".
[Isekai Forge] Skipping Luke<color=#999999FF>, Cosplayer</color>: failed equipChance roll (10 %) for rank F
Tried to calculate chance for mother with gender "Male".
Tried to calculate chance for father with gender "Female".
Tried to calculate chance for father with gender "Female".
Tried to calculate chance for father with gender "Female".
[Isekai Forge] Skipping Toy<color=#999999FF>, Priestess</color>: failed equipChance roll (10 %) for rank F
Tried to calculate chance for father with gender "Female".
Tried to calculate chance for father with gender "Female".
Tried to calculate chance for father with gender "Female".
[Isekai Forge] Skipping Veronica<color=#999999FF>, Prosecuted Vet</color>: failed equipChance roll (20 %) for rank E
[Isekai Forge] Skipping Sylvester<color=#999999FF>, Tinkerer</color>: failed equipChance roll (20 %) for rank E
Tried to calculate chance for father with gender "Female".
Tried to calculate chance for father with gender "Female".
[Isekai Forge] Enhancing Jake<color=#999999FF>, Cook</color> (rank C): maxRef=3, runeChance=35 %, maxRuneRank=1
Tried to calculate chance for father with gender "Female".
Tried to calculate chance for father with gender "Female".
Tried to calculate chance for father with gender "Female".
Tried to calculate chance for father with gender "Female".
Tried to calculate chance for father with gender "Female".
Tried to calculate chance for mother with gender "Male".
Tried to calculate chance for father with gender "Female".
Tried to calculate chance for father with gender "Female".
Tried to calculate chance for mother with gender "Male".
Tried to calculate chance for father with gender "Female".
[Isekai Forge] Skipping K<color=#999999FF>, Jeweler</color>: failed equipChance roll (20 %) for rank E
Tried to calculate chance for mother with gender "Male".
Tried to calculate chance for father with gender "Female".
Tried to calculate chance for father with gender "Female".
Tried to calculate chance for father with gender "Female".
[Isekai Forge] Enhancing Wiley<color=#999999FF>, Zookeeper</color> (rank C): maxRef=3, runeChance=35 %, maxRuneRank=1
Tried to calculate chance for father with gender "Female".
Tried to calculate chance for father with gender "Female".
Tried to calculate chance for father with gender "Female".
Tried to calculate chance for father with gender "Female".
[Isekai Forge] Skipping Bertha<color=#999999FF>, Trooper</color>: failed equipChance roll (20 %) for rank E
Tried to calculate chance for mother with gender "Male".
Tried to calculate chance for father with gender "Female".
Tried to calculate chance for mother with gender "Male".
Tried to calculate chance for father with gender "Female".
Tried to calculate chance for mother with gender "Male".
Tried to calculate chance for father with gender "Female".
[Isekai Forge] Skipping Riggs<color=#999999FF>, Trooper</color>: failed equipChance roll (20 %) for rank E
Tried to calculate chance for father with gender "Female".
Tried to calculate chance for father with gender "Female".
Tried to calculate chance for father with gender "Female".
Tried to calculate chance for father with gender "Female".
Tried to calculate chance for father with gender "Female".
[Isekai Forge] Skipping Yuna<color=#999999FF>, Mechanic</color>: failed equipChance roll (20 %) for rank E
Tried to calculate chance for mother with gender "Male".
[Isekai Forge] Skipping Conway<color=#999999FF>, Deserter</color>: failed equipChance roll (10 %) for rank F
[FA Genetic Heads] HeadTypeDef: assigned HeadNormal to Zebo
[FA Genetic Heads] SkinTypeDef: assigned SkinNormal to Zebo
[FA Genetic Heads] HeadTypeDef: assigned HeadNormal to Pepsi
[FA Genetic Heads] SkinTypeDef: assigned SkinNormal to Pepsi
[FA Genetic Heads] HeadTypeDef: assigned HeadNormal to McClain
[FA Genetic Heads] SkinTypeDef: assigned SkinFreckles3 to McClain
[FA Genetic Heads] HeadTypeDef: assigned HeadNormal to Storch
[FA Genetic Heads] SkinTypeDef: assigned SkinCheekScar to Storch
[FA Genetic Heads] HeadTypeDef: assigned HeadPointy to Red
[FA Genetic Heads] SkinTypeDef: assigned SkinFreckledCheek to Red
[FA Genetic Heads] HeadTypeDef: assigned HeadPointy to Georgette
[FA Genetic Heads] SkinTypeDef: assigned SkinNormal to Georgette
[FA Genetic Heads] HeadTypeDef: assigned HeadNormal to Nails
[FA Genetic Heads] SkinTypeDef: assigned SkinFreckled to Nails
[FA Genetic Heads] HeadTypeDef: assigned HeadSquare to Jayden
[FA Genetic Heads] SkinTypeDef: assigned SkinRightEye to Jayden
[FA Genetic Heads] HeadTypeDef: assigned HeadNormal to Sheet
[FA Genetic Heads] SkinTypeDef: assigned SkinNormal to Sheet
[FA Genetic Heads] HeadTypeDef: assigned HeadNormal to Jack
[FA Genetic Heads] SkinTypeDef: assigned SkinNormal to Jack
[FA Genetic Heads] HeadTypeDef: assigned HeadPointy to Pinky
[FA Genetic Heads] SkinTypeDef: assigned SkinNormal to Pinky
[FA Genetic Heads] HeadTypeDef: assigned HeadSquare to Richards
[FA Genetic Heads] SkinTypeDef: assigned SkinBruise to Richards
[FA Genetic Heads] HeadTypeDef: assigned HeadSquare to Lucky
[FA Genetic Heads] SkinTypeDef: assigned SkinNormal to Lucky
[FA Genetic Heads] HeadTypeDef: assigned HeadSquare to Manuel
[FA Genetic Heads] SkinTypeDef: assigned SkinNormal to Manuel
[FA Genetic Heads] HeadTypeDef: assigned HeadPointy to Debby
[FA Genetic Heads] SkinTypeDef: assigned SkinFreckles to Debby
[FA Genetic Heads] HeadTypeDef: assigned HeadNormal to Hadley
[FA Genetic Heads] SkinTypeDef: assigned SkinCrowsFeet to Hadley
[FA Genetic Heads] HeadTypeDef: assigned HeadNormal to Ichabod
[FA Genetic Heads] SkinTypeDef: assigned SkinLeftChin to Ichabod
[FA Genetic Heads] HeadTypeDef: assigned HeadNormal to Strinic
[FA Genetic Heads] SkinTypeDef: assigned SkinFreckledCheek to Strinic
[FA Genetic Heads] HeadTypeDef: assigned HeadNormal to Emma
[FA Genetic Heads] SkinTypeDef: assigned SkinFurrows to Emma
[FA Genetic Heads] HeadTypeDef: assigned HeadPointy to Ware
[FA Genetic Heads] SkinTypeDef: assigned SkinFreckles2 to Ware
[FA Genetic Heads] HeadTypeDef: assigned HeadPointy to Cox
[FA Genetic Heads] SkinTypeDef: assigned SkinFreckled to Cox
[FA Genetic Heads] HeadTypeDef: assigned HeadNormal to Big Red
[FA Genetic Heads] SkinTypeDef: assigned SkinNormal to Big Red
[FA Genetic Heads] HeadTypeDef: assigned HeadSquare to Kerr
[FA Genetic Heads] SkinTypeDef: assigned SkinNormal to Kerr
[FA Genetic Heads] HeadTypeDef: assigned HeadSquare to Malone
[FA Genetic Heads] SkinTypeDef: assigned SkinNormal to Malone
[FA Genetic Heads] HeadTypeDef: assigned HeadSquare to Luke
[FA Genetic Heads] SkinTypeDef: assigned SkinCheekbones to Luke
[FA Genetic Heads] HeadTypeDef: assigned HeadSquare to Jake
[FA Genetic Heads] SkinTypeDef: assigned SkinTiredEyes to Jake
[FA Genetic Heads] HeadTypeDef: assigned HeadNormal to K
[FA Genetic Heads] SkinTypeDef: assigned SkinFreckles to K
[FA Genetic Heads] HeadTypeDef: assigned HeadNormal to Wiley
[FA Genetic Heads] SkinTypeDef: assigned SkinNormal to Wiley
[FA Genetic Heads] HeadTypeDef: assigned HeadNormal to Bertha
[FA Genetic Heads] SkinTypeDef: assigned SkinCheekScar to Bertha
[FA Genetic Heads] HeadTypeDef: assigned HeadNormal to Riggs
[FA Genetic Heads] SkinTypeDef: assigned SkinForeheadScar to Riggs
[FA Genetic Heads] HeadTypeDef: assigned HeadPointy to Yuna
[FA Genetic Heads] SkinTypeDef: assigned SkinFreckles2 to Yuna
[FA Genetic Heads] HeadTypeDef: assigned HeadSquare to Conway
[FA Genetic Heads] SkinTypeDef: assigned SkinSmileLines to Conway
Tried to calculate chance for father with gender "Female".
Tried to calculate chance for father with gender "Female".
[Isekai Forge] Skipping Crown<color=#999999FF>, Deserter</color>: failed equipChance roll (10 %) for rank F
Tried to calculate chance for father with gender "Female".
Tried to calculate chance for father with gender "Female".
Tried to calculate chance for father with gender "Female".
Tried to calculate chance for father with gender "Female".
[Isekai Forge] Skipping Bonehead<color=#999999FF>, Marineworlder</color>: failed equipChance roll (10 %) for rank F
Tried to calculate chance for mother with gender "Male".
Tried to calculate chance for mother with gender "Male".
Tried to calculate chance for father with gender "Female".
[Isekai Forge] Enhancing Szczesniak<color=#999999FF>, Cadet</color> (rank D): maxRef=2, runeChance=20 %, maxRuneRank=1
Tried to calculate chance for father with gender "Female".
Tried to calculate chance for father with gender "Female".
Tried to calculate chance for mother with gender "Male".
Tried to calculate chance for father with gender "Female".
Tried to calculate chance for mother with gender "Male".
Tried to calculate chance for father with gender "Female".
[Isekai Forge] Skipping Maya<color=#999999FF>, Acrobat</color>: failed equipChance roll (20 %) for rank E
[Isekai Forge] Skipping Manu<color=#999999FF>, Trooper</color>: failed equipChance roll (20 %) for rank E
[Isekai Forge] Skipping Caroline<color=#999999FF>, Deserter</color>: failed equipChance roll (10 %) for rank F
Tried to calculate chance for father with gender "Female".
Tried to calculate chance for mother with gender "Male".
Tried to calculate chance for father with gender "Female".
[Isekai Forge] Enhancing Hilary<color=#999999FF>, Policewoman</color> (rank E): maxRef=1, runeChance=10 %, maxRuneRank=1
Tried to calculate chance for mother with gender "Male".
[Isekai Forge] Skipping Tobi<color=#999999FF>, Miner</color>: failed equipChance roll (20 %) for rank E
[Isekai Forge] Skipping Amelia<color=#999999FF>, Clown</color>: failed equipChance roll (20 %) for rank E
[Isekai Forge] Enhancing Slick<color=#999999FF>, Critic</color> (rank S): maxRef=8, runeChance=75 %, maxRuneRank=3
[Isekai Forge] Enhancing Gabby<color=#999999FF>, Assembler</color> (rank B): maxRef=4, runeChance=50 %, maxRuneRank=2
[Isekai Forge] Skipping Brian<color=#999999FF>, Inspector</color>: failed equipChance roll (40 %) for rank D
[Isekai Forge] Skipping Powers<color=#999999FF>, Pilot</color>: failed equipChance roll (10 %) for rank F
Tried to calculate chance for father with gender "Female".
Tried to calculate chance for mother with gender "Male".
Tried to calculate chance for father with gender "Female".
Tried to calculate chance for father with gender "Female".
Tried to calculate chance for mother with gender "Male".
Tried to calculate chance for father with gender "Female".
Tried to calculate chance for father with gender "Female".
Tried to calculate chance for mother with gender "Male".
[Isekai Forge] Skipping Sia<color=#999999FF>, Deserter</color>: failed equipChance roll (10 %) for rank F
[Isekai Forge] Skipping Ophelia<color=#999999FF>, Keeper</color>: failed equipChance roll (10 %) for rank F
[Isekai Forge] Skipping Guillermo<color=#999999FF>, Deserter</color>: failed equipChance roll (10 %) for rank F
[Isekai Forge] Skipping Mariya<color=#999999FF>, Janitor</color>: failed equipChance roll (40 %) for rank D
[Isekai Forge] Enhancing Shyly<color=#999999FF>, Farmer</color> (rank A): maxRef=6, runeChance=65 %, maxRuneRank=3
Tried to calculate chance for father with gender "Female".
Tried to calculate chance for father with gender "Female".
[Isekai Forge] Skipping Rachel<color=#999999FF>, Propagandist</color>: failed equipChance roll (55 %) for rank C
[Isekai Forge] Skipping Hitch<color=#999999FF>, Escapee</color>: failed equipChance roll (10 %) for rank F
[Isekai Forge] Skipping E'apaoma'c<color=#999999FF>, Rioter</color>: failed equipChance roll (10 %) for rank F
[Isekai Forge] Skipping Rs'ezuri'h<color=#999999FF>, Mechanic</color>: failed equipChance roll (10 %) for rank F
[Isekai Forge] Enhancing Qh'esar'g<color=#999999FF>, Trooper</color> (rank E): maxRef=1, runeChance=10 %, maxRuneRank=1
Tried to calculate chance for father with gender "Female".
Tried to calculate chance for father with gender "Female".
[Isekai Forge] Skipping A'vuasha'i<color=#999999FF>, Trooper</color>: failed equipChance roll (10 %) for rank F
Tried to calculate chance for father with gender "Female".
Tried to calculate chance for father with gender "Female".
Tried to calculate chance for father with gender "Female".
[Isekai Forge] Enhancing Knox<color=#999999FF>, Pilot</color> (rank E): maxRef=1, runeChance=10 %, maxRuneRank=1
[Isekai Forge] Enhancing Gabby<color=#999999FF>, Assembler</color> (rank B): maxRef=4, runeChance=50 %, maxRuneRank=2
Tried to calculate chance for father with gender "Female".
[Isekai Forge] Skipping Kaufman<color=#999999FF>, Trooper</color>: failed equipChance roll (10 %) for rank F
Tried to calculate chance for father with gender "Female".
Tried to calculate chance for father with gender "Female".
[Isekai Forge] Skipping Marina<color=#999999FF>, Farmer</color>: failed equipChance roll (55 %) for rank C
Tried to calculate chance for father with gender "Female".
Tried to calculate chance for father with gender "Female".
Tried to calculate chance for father with gender "Female".
Tried to calculate chance for father with gender "Female".
Tried to calculate chance for father with gender "Female".
[Isekai Forge] Skipping Tomboy<color=#999999FF>, Architect</color>: failed equipChance roll (10 %) for rank F
[Isekai Forge] Skipping Kouhei<color=#999999FF>, Mariner</color>: failed equipChance roll (20 %) for rank E
[Isekai Forge] Skipping Darren<color=#999999FF>, Miner</color>: failed equipChance roll (10 %) for rank F
Tried to calculate chance for father with gender "Female".
Tried to calculate chance for father with gender "Female".
[Isekai Forge] Skipping Bucky<color=#999999FF>, Escapee</color>: failed equipChance roll (10 %) for rank F
Tried to calculate chance for father with gender "Female".
Tried to calculate chance for father with gender "Female".
[Isekai Forge] Skipping Sugar<color=#999999FF>, Deserter</color>: failed equipChance roll (10 %) for rank F
[Isekai Forge] Skipping Hok<color=#999999FF>, Mechanic</color>: failed equipChance roll (10 %) for rank F
[Isekai Forge] Enhancing Cassandra<color=#999999FF>, Deserter</color> (rank C): maxRef=3, runeChance=35 %, maxRuneRank=1
Tried to calculate chance for father with gender "Female".
Tried to calculate chance for father with gender "Female".
Tried to calculate chance for father with gender "Female".
[Isekai Forge] Skipping O'doame'lu<color=#999999FF>, Trooper</color>: failed equipChance roll (20 %) for rank E
Tried to calculate chance for father with gender "Female".
Tried to calculate chance for father with gender "Female".
Tried to calculate chance for father with gender "Female".
[Isekai Forge] Skipping Omi<color=#999999FF>, Supremacist</color>: failed equipChance roll (10 %) for rank F
Tried to calculate chance for father with gender "Female".
Tried to calculate chance for father with gender "Female".
Tried to calculate chance for father with gender "Female".
Tried to calculate chance for father with gender "Female".
Tried to calculate chance for father with gender "Female".
Tried to calculate chance for father with gender "Female".
Tried to calculate chance for father with gender "Female".
[Isekai Forge] Skipping Philly<color=#999999FF>, Mailwoman</color>: failed equipChance roll (10 %) for rank F
[Isekai Forge] Skipping Ryo<color=#999999FF>, Maid</color>: failed equipChance roll (40 %) for rank D
Tried to calculate chance for mother with gender "Male".
Tried to calculate chance for father with gender "Female".
[Isekai Forge] Enhancing Garrett<color=#999999FF>, Deserter</color> (rank E): maxRef=1, runeChance=10 %, maxRuneRank=1
[Isekai Forge] Skipping Guillermo<color=#999999FF>, Deserter</color>: failed equipChance roll (10 %) for rank F
Tried to calculate chance for father with gender "Female".
[Isekai Forge] Skipping Hampton<color=#999999FF>, Deserter</color>: failed equipChance roll (20 %) for rank E
Tried to calculate chance for father with gender "Female".
Tried to calculate chance for father with gender "Female".
Tried to calculate chance for father with gender "Female".
Tried to calculate chance for father with gender "Female".
Tried to calculate chance for father with gender "Female".
[Isekai Forge] Enhancing I'osaz'ea<color=#999999FF>, Keeper</color> (rank E): maxRef=1, runeChance=10 %, maxRuneRank=1
[Isekai Forge] Enhancing O'poth'z<color=#999999FF>, Mechanic</color> (rank E): maxRef=1, runeChance=10 %, maxRuneRank=1
[Isekai Forge] Skipping Takeru<color=#999999FF>, Deserter</color>: failed equipChance roll (20 %) for rank E
Tried to calculate chance for father with gender "Female".
Tried to calculate chance for father with gender "Female".
Tried to calculate chance for father with gender "Female".
Tried to calculate chance for father with gender "Female".
[Isekai Forge] Skipping Tamara<color=#999999FF>, Ballerina</color>: failed equipChance roll (10 %) for rank F
[Isekai Forge] Skipping Hairy<color=#999999FF>, Deserter</color>: failed equipChance roll (20 %) for rank E
Tried to calculate chance for father with gender "Female".
Tried to calculate chance for mother with gender "Male".
[Isekai Forge] Enhancing Hailsham<color=#999999FF>, Jeweler</color> (rank B): maxRef=4, runeChance=50 %, maxRuneRank=2
Tried to calculate chance for mother with gender "Male".
[Isekai Forge] Skipping Gomez<color=#999999FF>, Trooper</color>: failed equipChance roll (20 %) for rank E
Tried to calculate chance for father with gender "Female".
Tried to calculate chance for father with gender "Female".
Tried to calculate chance for father with gender "Female".
Tried to calculate chance for father with gender "Female".
Tried to calculate chance for father with gender "Female".
[Isekai Forge] Enhancing Squirt<color=#999999FF>, Gardener</color> (rank D): maxRef=2, runeChance=20 %, maxRuneRank=1
Tried to calculate chance for father with gender "Female".
[Isekai Forge] Skipping Seungtek<color=#999999FF>, Prodigy</color>: failed equipChance roll (10 %) for rank F
Tried to calculate chance for mother with gender "Male".
[Isekai Forge] Skipping Travis<color=#999999FF>, Brat</color>: failed equipChance roll (10 %) for rank F
Tried to calculate chance for mother with gender "Male".
Tried to calculate chance for father with gender "Female".
Tried to calculate chance for father with gender "Female".
Tried to calculate chance for father with gender "Female".
[Isekai Forge] Skipping Niko<color=#999999FF>, Shitposter</color>: failed equipChance roll (10 %) for rank F
[Isekai Forge] Skipping Hitch<color=#999999FF>, Escapee</color>: failed equipChance roll (10 %) for rank F
Tried to calculate chance for mother with gender "Male".
Tried to calculate chance for mother with gender "Male".
Tried to calculate chance for mother with gender "Male".
[Isekai Forge] Skipping Flex<color=#999999FF>, Rioter</color>: failed equipChance roll (10 %) for rank F
[Isekai Forge] Enhancing Newman<color=#999999FF>, Sommelier </color> (rank C): maxRef=3, runeChance=35 %, maxRuneRank=1
[Isekai Forge] Skipping Lyle<color=#999999FF>, Trooper</color>: failed equipChance roll (55 %) for rank C
Tried to calculate chance for father with gender "Female".
[Isekai Forge] Skipping Stubby<color=#999999FF>, Deserter</color>: failed equipChance roll (20 %) for rank E
[Isekai Forge] Skipping Yolanda<color=#999999FF>, Cog</color>: failed equipChance roll (10 %) for rank F
[Isekai Forge] Skipping Shea<color=#999999FF>, Doctor</color>: failed equipChance roll (20 %) for rank E
Tried to calculate chance for father with gender "Female".
[Isekai Forge] Skipping Shorty<color=#999999FF>, Deserter</color>: failed equipChance roll (20 %) for rank E
[FA Genetic Heads] HeadTypeDef: assigned HeadNormal to Bonehead
[FA Genetic Heads] SkinTypeDef: assigned SkinRightEye to Bonehead
[FA Genetic Heads] HeadTypeDef: assigned HeadNormal to Szczesniak
[FA Genetic Heads] SkinTypeDef: assigned SkinCheekScar to Szczesniak
[FA Genetic Heads] HeadTypeDef: assigned HeadPointy to Caroline
[FA Genetic Heads] SkinTypeDef: assigned SkinFreckledCheek to Caroline
[FA Genetic Heads] HeadTypeDef: assigned HeadPointy to Hilary
[FA Genetic Heads] SkinTypeDef: assigned SkinFrownLines to Hilary
[FA Genetic Heads] HeadTypeDef: assigned HeadNormal to Tobi
[FA Genetic Heads] SkinTypeDef: assigned SkinNormal to Tobi
[FA Genetic Heads] HeadTypeDef: assigned HeadSquare to Powers
[FA Genetic Heads] SkinTypeDef: assigned SkinNormal to Powers
[FA Genetic Heads] HeadTypeDef: assigned HeadNormal to Sia
[FA Genetic Heads] SkinTypeDef: assigned SkinNormal to Sia
[FA Genetic Heads] HeadTypeDef: assigned HeadSquare to Knox
[FA Genetic Heads] SkinTypeDef: assigned SkinNormal to Knox
[FA Genetic Heads] HeadTypeDef: assigned HeadNormal to Gabby
[FA Genetic Heads] SkinTypeDef: assigned SkinNormal to Gabby
[FA Genetic Heads] HeadTypeDef: assigned HeadSquare to Kaufman
[FA Genetic Heads] SkinTypeDef: assigned SkinChinCleft to Kaufman
[FA Genetic Heads] HeadTypeDef: assigned HeadPointy to Marina
[FA Genetic Heads] SkinTypeDef: assigned SkinFreckledCheek to Marina
[FA Genetic Heads] HeadTypeDef: assigned HeadSquare to Darren
[FA Genetic Heads] SkinTypeDef: assigned SkinNormal to Darren
[FA Genetic Heads] HeadTypeDef: assigned HeadNormal to Bucky
[FA Genetic Heads] SkinTypeDef: assigned SkinNormal to Bucky
[FA Genetic Heads] HeadTypeDef: assigned HeadNormal to Cassandra
[FA Genetic Heads] SkinTypeDef: assigned SkinFreckles2 to Cassandra
[FA Genetic Heads] HeadTypeDef: assigned HeadNormal to Omi
[FA Genetic Heads] SkinTypeDef: assigned SkinFreckledCheek to Omi
[FA Genetic Heads] HeadTypeDef: assigned HeadNormal to Philly
[FA Genetic Heads] SkinTypeDef: assigned SkinFreckledCheek to Philly
[FA Genetic Heads] HeadTypeDef: assigned HeadNormal to Garrett
[FA Genetic Heads] SkinTypeDef: assigned SkinFreckles2 to Garrett
[FA Genetic Heads] HeadTypeDef: assigned HeadNormal to Guillermo
[FA Genetic Heads] SkinTypeDef: assigned SkinForheadWrinkles to Guillermo
[FA Genetic Heads] HeadTypeDef: assigned HeadNormal to Hailsham
[FA Genetic Heads] SkinTypeDef: assigned SkinRightEye to Hailsham
[FA Genetic Heads] HeadTypeDef: assigned HeadNormal to Seungtek
[FA Genetic Heads] SkinTypeDef: assigned SkinFreckled to Seungtek
[FA Genetic Heads] HeadTypeDef: assigned HeadNormal to Travis
[FA Genetic Heads] SkinTypeDef: assigned SkinNormal to Travis
[FA Genetic Heads] HeadTypeDef: assigned HeadSquare to Niko
[FA Genetic Heads] SkinTypeDef: assigned SkinBruise to Niko
[FA Genetic Heads] HeadTypeDef: assigned HeadNormal to Hitch
[FA Genetic Heads] SkinTypeDef: assigned SkinTiredEyes to Hitch
[FA Genetic Heads] HeadTypeDef: assigned HeadNormal to Flex
[FA Genetic Heads] SkinTypeDef: assigned SkinTiredEyes to Flex
[FA Genetic Heads] HeadTypeDef: assigned HeadNormal to Lyle
[FA Genetic Heads] SkinTypeDef: assigned SkinBandaid to Lyle
[FA Genetic Heads] HeadTypeDef: assigned HeadSquare to Shorty
[FA Genetic Heads] SkinTypeDef: assigned SkinNormal to Shorty
Tried to calculate chance for father with gender "Female".
Tried to calculate chance for father with gender "Female".
[Isekai Forge] Enhancing Ingrid<color=#999999FF>, Auditor</color> (rank F): maxRef=1, runeChance=5 %, maxRuneRank=1
Tried to calculate chance for father with gender "Female".
Tried to calculate chance for father with gender "Female".
[Isekai Forge] Enhancing Dalton<color=#999999FF>, Fixer</color> (rank B): maxRef=4, runeChance=50 %, maxRuneRank=2
Tried to calculate chance for father with gender "Female".
Tried to calculate chance for mother with gender "Male".
Tried to calculate chance for father with gender "Female".
[Isekai Forge] Skipping Tennies<color=#999999FF>, Butler</color>: failed equipChance roll (10 %) for rank F
[Isekai Forge] Skipping Shea<color=#999999FF>, Doctor</color>: failed equipChance roll (20 %) for rank E
Tried to calculate chance for father with gender "Female".
Tried to calculate chance for father with gender "Female".
Tried to calculate chance for father with gender "Female".
Tried to calculate chance for father with gender "Female".
Tried to calculate chance for father with gender "Female".
Tried to calculate chance for mother with gender "Male".
Tried to calculate chance for mother with gender "Male".
Tried to calculate chance for father with gender "Female".
Tried to calculate chance for father with gender "Female".
Tried to calculate chance for father with gender "Female".
[Isekai Forge] Skipping Noble<color=#999999FF>, Mariner</color>: failed equipChance roll (40 %) for rank D
Tried to calculate chance for father with gender "Female".
Tried to calculate chance for father with gender "Female".
Tried to calculate chance for mother with gender "Male".
Tried to calculate chance for mother with gender "Male".
Tried to calculate chance for mother with gender "Male".
Tried to calculate chance for mother with gender "Male".
Tried to calculate chance for mother with gender "Male".
Tried to calculate chance for mother with gender "Male".
Tried to calculate chance for father with gender "Female".
Tried to calculate chance for father with gender "Female".
Tried to calculate chance for father with gender "Female".
Tried to calculate chance for father with gender "Female".
[Isekai Forge] Skipping Teresa<color=#999999FF>, Deserter</color>: failed equipChance roll (55 %) for rank C
[Isekai Forge] Skipping Hammer<color=#999999FF>, Servant</color>: failed equipChance roll (10 %) for rank F
Tried to calculate chance for father with gender "Female".
Tried to calculate chance for father with gender "Female".
Tried to calculate chance for mother with gender "Male".
Tried to calculate chance for father with gender "Female".
[Isekai Forge] Skipping Webb<color=#999999FF>, Cadet</color>: failed equipChance roll (20 %) for rank E
[Isekai Forge] Skipping Hok<color=#999999FF>, Mechanic</color>: failed equipChance roll (10 %) for rank F
Tried to calculate chance for father with gender "Female".
Tried to calculate chance for father with gender "Female".
[Isekai Forge] Skipping White<color=#999999FF>, Medic</color>: failed equipChance roll (10 %) for rank F
Tried to calculate chance for father with gender "Female".
Tried to calculate chance for mother with gender "Male".
[Isekai Forge] Skipping Batze<color=#999999FF>, Trooper</color>: failed equipChance roll (10 %) for rank F
Tried to calculate chance for father with gender "Female".
Tried to calculate chance for mother with gender "Male".
Tried to calculate chance for father with gender "Female".
Tried to calculate chance for mother with gender "Male".
[Isekai Forge] Skipping Ross<color=#999999FF>, Mailman</color>: failed equipChance roll (10 %) for rank F
Tried to calculate chance for father with gender "Female".
Tried to calculate chance for father with gender "Female".
Tried to calculate chance for father with gender "Female".
Tried to calculate chance for father with gender "Female".
[Isekai Forge] Skipping Strick<color=#999999FF>, Cadet</color>: failed equipChance roll (55 %) for rank C
Tried to calculate chance for mother with gender "Male".
Tried to calculate chance for mother with gender "Male".
[Isekai Forge] Enhancing Cammy<color=#999999FF>, Acrobat</color> (rank B): maxRef=4, runeChance=50 %, maxRuneRank=2
[Isekai Forge] Skipping Paine<color=#999999FF>, Farmer</color>: failed equipChance roll (10 %) for rank F
[Isekai Forge] Skipping MacDaddy<color=#999999FF>, Cook</color>: failed equipChance roll (10 %) for rank F
Tried to calculate chance for father with gender "Female".
[Isekai Forge] Skipping I'emuth'v<color=#999999FF>, Manager</color>: failed equipChance roll (10 %) for rank F
Tried to calculate chance for mother with gender "Male".
Tried to calculate chance for father with gender "Female".
[Isekai Forge] Skipping Poopy<color=#999999FF>, Cosplayer</color>: failed equipChance roll (10 %) for rank F
Tried to calculate chance for mother with gender "Male".
[Isekai Forge] Enhancing Aevirtana<color=#999999FF>, Brat</color> (rank D): maxRef=2, runeChance=20 %, maxRuneRank=1
Tried to calculate chance for father with gender "Female".
[Isekai Forge] Enhancing Sarge<color=#999999FF>, Deserter</color> (rank B): maxRef=4, runeChance=50 %, maxRuneRank=2
[Isekai Forge] Skipping Emi<color=#999999FF>, Cook</color>: failed equipChance roll (55 %) for rank C
[Isekai Forge] Skipping Irwin<color=#999999FF>, Trooper</color>: failed equipChance roll (20 %) for rank E
Tried to calculate chance for father with gender "Female".
[Isekai Forge] Skipping Engie<color=#999999FF>, Engineer</color>: failed equipChance roll (10 %) for rank F
[Isekai Forge] Skipping Doc<color=#999999FF>, Gardener</color>: failed equipChance roll (10 %) for rank F
Tried to calculate chance for father with gender "Female".
Tried to calculate chance for father with gender "Female".
Tried to calculate chance for father with gender "Female".
[Isekai Forge] Skipping The Victorious<color=#999999FF>, Surgeon</color>: failed equipChance roll (10 %) for rank F
[Isekai Forge] Skipping Ayano<color=#999999FF>, Deserter</color>: failed equipChance roll (10 %) for rank F
Tried to calculate chance for father with gender "Female".
Tried to calculate chance for father with gender "Female".
Tried to calculate chance for mother with gender "Male".
Tried to calculate chance for father with gender "Female".
[Isekai Forge] Skipping Canim<color=#999999FF>, Medic</color>: failed equipChance roll (55 %) for rank C
Tried to calculate chance for father with gender "Female".
[Isekai Forge] Skipping Keisuke<color=#999999FF>, Deserter</color>: failed equipChance roll (10 %) for rank F
Tried to calculate chance for father with gender "Female".
Tried to calculate chance for father with gender "Female".
Tried to calculate chance for father with gender "Female".
Tried to calculate chance for father with gender "Female".
Tried to calculate chance for father with gender "Female".
Tried to calculate chance for mother with gender "Male".
Tried to calculate chance for father with gender "Female".
Tried to calculate chance for father with gender "Female".
[Isekai Forge] Skipping Proctor<color=#999999FF>, Deserter</color>: failed equipChance roll (40 %) for rank D
[Isekai Forge] Enhancing Teresa<color=#999999FF>, Deserter</color> (rank C): maxRef=3, runeChance=35 %, maxRuneRank=1
Tried to calculate chance for father with gender "Female".
Tried to calculate chance for father with gender "Female".
[Isekai Forge] Skipping Little<color=#999999FF>, Builder</color>: failed equipChance roll (40 %) for rank D
Tried to calculate chance for mother with gender "Male".
Tried to calculate chance for father with gender "Female".
[Isekai Forge] Skipping Semi<color=#999999FF>, Servant</color>: failed equipChance roll (10 %) for rank F
[Isekai Forge] Enhancing Quinn<color=#999999FF>, Bureaucrat</color> (rank D): maxRef=2, runeChance=20 %, maxRuneRank=1
Tried to calculate chance for mother with gender "Male".
[Isekai Forge] Skipping Ed<color=#999999FF>, Trooper</color>: failed equipChance roll (10 %) for rank F
[Isekai Forge] Enhancing Thorn<color=#999999FF>, Janitor</color> (rank S): maxRef=8, runeChance=75 %, maxRuneRank=3
Tried to calculate chance for mother with gender "Male".
Tried to calculate chance for mother with gender "Male".
Tried to calculate chance for mother with gender "Male".
[Isekai Forge] Skipping I'asoak'lo<color=#999999FF>, Dancer</color>: failed equipChance roll (10 %) for rank F
[Isekai Forge] Skipping Chili<color=#999999FF>, Clown</color>: failed equipChance roll (10 %) for rank F
[Isekai Forge] Skipping Bulba<color=#999999FF>, Trooper</color>: failed equipChance roll (10 %) for rank F
Tried to calculate chance for father with gender "Female".
Tried to calculate chance for mother with gender "Male".
[Isekai Forge] Skipping Hunky<color=#999999FF>, Jeweler</color>: failed equipChance roll (40 %) for rank D
Tried to calculate chance for father with gender "Female".
Tried to calculate chance for father with gender "Female".
Tried to calculate chance for father with gender "Female".
Tried to calculate chance for father with gender "Female".
[Isekai Forge] Skipping Dappler<color=#999999FF>, Deserter</color>: failed equipChance roll (10 %) for rank F
Tried to calculate chance for father with gender "Female".
Tried to calculate chance for father with gender "Female".
Tried to calculate chance for father with gender "Female".
[Isekai Forge] Skipping Sissy<color=#999999FF>, Servant</color>: failed equipChance roll (20 %) for rank E
[Isekai Forge] Enhancing Almeida<color=#999999FF>, Trooper</color> (rank D): maxRef=2, runeChance=20 %, maxRuneRank=1
Tried to calculate chance for father with gender "Female".
Tried to calculate chance for father with gender "Female".
[Isekai Forge] Enhancing Justin<color=#999999FF>, Fixer</color> (rank E): maxRef=1, runeChance=10 %, maxRuneRank=1
Tried to calculate chance for father with gender "Female".
Tried to calculate chance for father with gender "Female".
Tried to calculate chance for father with gender "Female".
Tried to calculate chance for father with gender "Female".
Tried to calculate chance for father with gender "Female".
Tried to calculate chance for mother with gender "Male".
[Isekai Forge] Skipping Agriche<color=#999999FF>, Trooper</color>: failed equipChance roll (10 %) for rank F
Tried to calculate chance for mother with gender "Male".
[Isekai Forge] Enhancing Vay<color=#999999FF>, Cog</color> (rank F): maxRef=1, runeChance=5 %, maxRuneRank=1
[Isekai Forge] Skipping Haruto<color=#999999FF>, Translator</color>: failed equipChance roll (20 %) for rank E
[Isekai Forge] Skipping Guille<color=#999999FF>, Deserter</color>: failed equipChance roll (10 %) for rank F
[Isekai Forge] Skipping Rya<color=#999999FF>, Masseuse</color>: failed equipChance roll (10 %) for rank F
[Isekai Forge] Skipping U'orat'p<color=#999999FF>, Trooper</color>: failed equipChance roll (20 %) for rank E
Tried to calculate chance for father with gender "Female".
[Isekai Forge] Skipping Wendy<color=#999999FF>, Torturer</color>: failed equipChance roll (20 %) for rank E
[Isekai Forge] Skipping Manu<color=#999999FF>, Trooper</color>: failed equipChance roll (20 %) for rank E
Tried to calculate chance for father with gender "Female".
Tried to calculate chance for father with gender "Female".
[Isekai Forge] Skipping Frankie<color=#999999FF>, Brat</color>: failed equipChance roll (10 %) for rank F
[Isekai Forge] Skipping Savanna<color=#999999FF>, Navigator</color>: failed equipChance roll (10 %) for rank F
[Isekai Forge] Enhancing Paulo<color=#999999FF>, Dude</color> (rank S): maxRef=8, runeChance=75 %, maxRuneRank=3
Tried to calculate chance for mother with gender "Male".
Tried to calculate chance for father with gender "Female".
[Isekai Forge] Skipping Chiyoko<color=#999999FF>, Spy</color>: failed equipChance roll (10 %) for rank F
Tried to calculate chance for father with gender "Female".
Tried to calculate chance for father with gender "Female".
Tried to calculate chance for father with gender "Female".
Tried to calculate chance for father with gender "Female".
Tried to calculate chance for father with gender "Female".
Tried to calculate chance for father with gender "Female".
[Isekai Forge] Skipping Rosa<color=#999999FF>, Mailwoman</color>: failed equipChance roll (10 %) for rank F
[FA Genetic Heads] HeadTypeDef: assigned HeadNormal to Ingrid
[FA Genetic Heads] SkinTypeDef: assigned SkinNormal to Ingrid
[FA Genetic Heads] HeadTypeDef: assigned HeadSquare to Tennies
[FA Genetic Heads] SkinTypeDef: assigned SkinCheekbones to Tennies
[FA Genetic Heads] HeadTypeDef: assigned HeadNormal to Shea
[FA Genetic Heads] SkinTypeDef: assigned SkinFreckledCheek to Shea
[FA Genetic Heads] HeadTypeDef: assigned HeadSquare to Noble
[FA Genetic Heads] SkinTypeDef: assigned SkinNormal to Noble
[FA Genetic Heads] HeadTypeDef: assigned HeadNormal to Hammer
[FA Genetic Heads] SkinTypeDef: assigned SkinNormal to Hammer
[FA Genetic Heads] HeadTypeDef: assigned HeadNormal to Webb
[FA Genetic Heads] SkinTypeDef: assigned SkinNormal to Webb
[FA Genetic Heads] HeadTypeDef: assigned HeadNormal to Hok
[FA Genetic Heads] SkinTypeDef: assigned SkinFreckled to Hok
[FA Genetic Heads] HeadTypeDef: assigned HeadPointy to White
[FA Genetic Heads] SkinTypeDef: assigned SkinBruise to White
[FA Genetic Heads] HeadTypeDef: assigned HeadNormal to Batze
[FA Genetic Heads] SkinTypeDef: assigned SkinNormal to Batze
[FA Genetic Heads] HeadTypeDef: assigned HeadSquare to Strick
[FA Genetic Heads] SkinTypeDef: assigned SkinFreckles2 to Strick
[FA Genetic Heads] HeadTypeDef: assigned HeadNormal to MacDaddy
[FA Genetic Heads] SkinTypeDef: assigned SkinNormal to MacDaddy
[FA Genetic Heads] HeadTypeDef: assigned HeadNormal to Poopy
[FA Genetic Heads] SkinTypeDef: assigned SkinEyeshadow to Poopy
[FA Genetic Heads] HeadTypeDef: assigned HeadNormal to Aevirtana
[FA Genetic Heads] SkinTypeDef: assigned SkinFreckled to Aevirtana
[FA Genetic Heads] HeadTypeDef: assigned HeadNormal to Sarge
[FA Genetic Heads] SkinTypeDef: assigned SkinFreckledCheek to Sarge
[FA Genetic Heads] HeadTypeDef: assigned HeadNormal to Ayano
[FA Genetic Heads] SkinTypeDef: assigned SkinSmileLines to Ayano
[FA Genetic Heads] HeadTypeDef: assigned HeadPointy to Canim
[FA Genetic Heads] SkinTypeDef: assigned SkinFreckledCheek to Canim
[FA Genetic Heads] HeadTypeDef: assigned HeadSquare to Keisuke
[FA Genetic Heads] SkinTypeDef: assigned SkinForheadWrinkles to Keisuke
[FA Genetic Heads] HeadTypeDef: assigned HeadNormal to Proctor
[FA Genetic Heads] SkinTypeDef: assigned SkinFreckles to Proctor
[FA Genetic Heads] HeadTypeDef: assigned HeadPointy to Teresa
[FA Genetic Heads] SkinTypeDef: assigned SkinCheekbones to Teresa
[FA Genetic Heads] HeadTypeDef: assigned HeadPointy to Semi
[FA Genetic Heads] SkinTypeDef: assigned SkinNormal to Semi
[FA Genetic Heads] HeadTypeDef: assigned HeadNormal to Quinn
[FA Genetic Heads] SkinTypeDef: assigned SkinFreckled to Quinn
[FA Genetic Heads] HeadTypeDef: assigned HeadNormal to Thorn
[FA Genetic Heads] SkinTypeDef: assigned SkinFreckledCheek to Thorn
[FA Genetic Heads] HeadTypeDef: assigned HeadNormal to Hunky
[FA Genetic Heads] SkinTypeDef: assigned SkinNormal to Hunky
[FA Genetic Heads] HeadTypeDef: assigned HeadPointy to Dappler
[FA Genetic Heads] SkinTypeDef: assigned SkinFreckles2 to Dappler
[FA Genetic Heads] HeadTypeDef: assigned HeadSquare to Justin
[FA Genetic Heads] SkinTypeDef: assigned SkinChinCleft to Justin
[FA Genetic Heads] HeadTypeDef: assigned HeadNormal to Agriche
[FA Genetic Heads] SkinTypeDef: assigned SkinForheadWrinkles to Agriche
[FA Genetic Heads] HeadTypeDef: assigned HeadSquare to Guille
[FA Genetic Heads] SkinTypeDef: assigned SkinNormal to Guille
[FA Genetic Heads] HeadTypeDef: assigned HeadPointy to Wendy
[FA Genetic Heads] SkinTypeDef: assigned SkinFreckled to Wendy
[FA Genetic Heads] HeadTypeDef: assigned HeadSquare to Manu
[FA Genetic Heads] SkinTypeDef: assigned SkinNormal to Manu
[FA Genetic Heads] HeadTypeDef: assigned HeadNormal to Frankie
[FA Genetic Heads] SkinTypeDef: assigned SkinEyeshadow to Frankie
[FA Genetic Heads] HeadTypeDef: assigned HeadPointy to Chiyoko
[FA Genetic Heads] SkinTypeDef: assigned SkinCrowsFeet to Chiyoko
[Isekai Forge] Skipping Karlsen<color=#999999FF>, Defector</color>: failed equipChance roll (20 %) for rank E
Tried to calculate chance for father with gender "Female".
Tried to calculate chance for father with gender "Female".
Tried to calculate chance for father with gender "Female".
[Isekai Forge] Enhancing Milena<color=#999999FF>, Collector</color> (rank E): maxRef=1, runeChance=10 %, maxRuneRank=1
Tried to calculate chance for father with gender "Female".
Tried to calculate chance for father with gender "Female".
Tried to calculate chance for father with gender "Female".
Tried to calculate chance for father with gender "Female".
Tried to calculate chance for father with gender "Female".
Tried to calculate chance for father with gender "Female".
Tried to calculate chance for father with gender "Female".
Tried to calculate chance for father with gender "Female".
[Isekai Forge] Enhancing Brio<color=#999999FF>, Explorer</color> (rank B): maxRef=4, runeChance=50 %, maxRuneRank=2
[Isekai Forge] Enhancing Pecs<color=#999999FF>, Settler</color> (rank A): maxRef=6, runeChance=65 %, maxRuneRank=3
[Isekai Forge] Enhancing Noriko<color=#999999FF>, Artist</color> (rank D): maxRef=2, runeChance=20 %, maxRuneRank=1
[Isekai Forge] Skipping Riku<color=#999999FF>, Bureaucrat</color>: failed equipChance roll (10 %) for rank F
Tried to calculate chance for father with gender "Female".
Tried to calculate chance for father with gender "Female".
[Isekai Forge] Enhancing Pheanox<color=#999999FF>, Wargame fanatic</color> (rank A): maxRef=6, runeChance=65 %, maxRuneRank=3
Tried to calculate chance for mother with gender "Male".
Tried to calculate chance for father with gender "Female".
Tried to calculate chance for father with gender "Female".
[Isekai Forge] Enhancing Hodges<color=#999999FF>, Runner</color> (rank D): maxRef=2, runeChance=20 %, maxRuneRank=1
[Isekai Forge] Skipping Raquel<color=#999999FF>, Driller</color>: failed equipChance roll (10 %) for rank F
Tried to calculate chance for father with gender "Female".
[Isekai Forge] Enhancing Lilith<color=#999999FF>, Defector</color> (rank S): maxRef=8, runeChance=75 %, maxRuneRank=3
[Isekai Forge] Enhancing Mays<color=#999999FF>, Prosecuted Vet</color> (rank B): maxRef=4, runeChance=50 %, maxRuneRank=2
[Isekai Forge] Enhancing Fugly<color=#999999FF>, Deserter</color> (rank D): maxRef=2, runeChance=20 %, maxRuneRank=1
[Isekai Forge] Enhancing Carlos<color=#999999FF>, Deserter</color> (rank B): maxRef=4, runeChance=50 %, maxRuneRank=2
[Isekai Forge] Enhancing Ferrell<color=#999999FF>, Acrobat</color> (rank E): maxRef=1, runeChance=10 %, maxRuneRank=1
[Isekai Forge] Skipping Lin<color=#999999FF>, Gunsmith</color>: failed equipChance roll (10 %) for rank F
[Isekai Forge] Enhancing Leonid<color=#999999FF>, Arbiter</color> (rank F): maxRef=1, runeChance=5 %, maxRuneRank=1
Tried to calculate chance for father with gender "Female".
Tried to calculate chance for father with gender "Female".
Tried to calculate chance for father with gender "Female".
Tried to calculate chance for father with gender "Female".
Tried to calculate chance for father with gender "Female".
Tried to calculate chance for father with gender "Female".
[Isekai Forge] Enhancing Simon<color=#999999FF>, Jailbird</color> (rank D): maxRef=2, runeChance=20 %, maxRuneRank=1
Tried to calculate chance for father with gender "Female".
Tried to calculate chance for mother with gender "Male".
Tried to calculate chance for father with gender "Female".
Tried to calculate chance for mother with gender "Male".
[Isekai Forge] Skipping Harrison<color=#999999FF>, Runner</color>: failed equipChance roll (20 %) for rank E
[Isekai Forge] Enhancing Suzune<color=#999999FF>, Debt-born</color> (rank D): maxRef=2, runeChance=20 %, maxRuneRank=1
Tried to calculate chance for father with gender "Female".
[Isekai Forge] Skipping Weber<color=#999999FF>, Mineralogist</color>: failed equipChance roll (10 %) for rank F
[Isekai Forge] Skipping Sins<color=#999999FF>, Enforcer</color>: failed equipChance roll (10 %) for rank F
[Isekai Forge] Skipping Svejgaard<color=#999999FF>, Scientist</color>: failed equipChance roll (10 %) for rank F
Tried to calculate chance for father with gender "Female".
[Isekai Forge] Enhancing Chavi<color=#999999FF>, Runner</color> (rank D): maxRef=2, runeChance=20 %, maxRuneRank=1
Tried to calculate chance for father with gender "Female".
Tried to calculate chance for father with gender "Female".
[Isekai Forge] Skipping Anna<color=#999999FF>, Blessed</color>: failed equipChance roll (55 %) for rank C
[Isekai Forge] Skipping Nichols<color=#999999FF>, Acrobat</color>: failed equipChance roll (10 %) for rank F
[Isekai Forge] Enhancing Lawman<color=#999999FF>, Governor</color> (rank D): maxRef=2, runeChance=20 %, maxRuneRank=1
Tried to calculate chance for father with gender "Female".
[Isekai Forge] Enhancing Engie<color=#999999FF>, Foundryman</color> (rank C): maxRef=3, runeChance=35 %, maxRuneRank=1
Tried to calculate chance for father with gender "Female".
Tried to calculate chance for mother with gender "Male".
[Isekai Forge] Skipping Yegor<color=#999999FF>, Runner</color>: failed equipChance roll (10 %) for rank F
[Isekai Forge] Skipping Dipilo<color=#999999FF>, Vet</color>: failed equipChance roll (20 %) for rank E
[Isekai Forge] Enhancing Tate<color=#999999FF>, Enforcer</color> (rank S): maxRef=8, runeChance=75 %, maxRuneRank=3
Tried to calculate chance for father with gender "Female".
[Isekai Forge] Skipping Bink<color=#999999FF>, Geologist</color>: failed equipChance roll (55 %) for rank C
Tried to calculate chance for father with gender "Female".
Tried to calculate chance for father with gender "Female".
Tried to calculate chance for father with gender "Female".
[Isekai Forge] Enhancing Lenka<color=#999999FF>, Prisoner</color> (rank C): maxRef=3, runeChance=35 %, maxRuneRank=1
[Isekai Forge] Skipping De Dion<color=#999999FF>, Banneret</color>: failed equipChance roll (10 %) for rank F
Tried to calculate chance for father with gender "Female".
[Isekai Forge] Enhancing Trevino<color=#999999FF>, Majordomo</color> (rank D): maxRef=2, runeChance=20 %, maxRuneRank=1
Tried to calculate chance for father with gender "Female".
Tried to calculate chance for father with gender "Female".
[Isekai Forge] Skipping Nickel<color=#999999FF>, Enforcer</color>: failed equipChance roll (10 %) for rank F
[Isekai Forge] Enhancing Vince<color=#999999FF>, Engineer</color> (rank B): maxRef=4, runeChance=50 %, maxRuneRank=2
[Isekai Forge] Skipping Dee<color=#999999FF>, Paramedic</color>: failed equipChance roll (55 %) for rank C
Tried to calculate chance for father with gender "Female".
[Isekai Forge] Enhancing Alistair<color=#999999FF>, Auditor</color> (rank E): maxRef=1, runeChance=10 %, maxRuneRank=1
Tried to calculate chance for mother with gender "Male".
Tried to calculate chance for mother with gender "Male".
[Isekai Forge] Skipping Money<color=#999999FF>, Barkeep</color>: failed equipChance roll (70 %) for rank B
[Isekai Forge] Skipping Timur<color=#999999FF>, Enforcer</color>: failed equipChance roll (20 %) for rank E
[Isekai Forge] Skipping Yannick<color=#999999FF>, Policeman</color>: failed equipChance roll (10 %) for rank F
[Isekai Forge] Skipping McNeil<color=#999999FF>, Grunt</color>: failed equipChance roll (40 %) for rank D
[Isekai Forge] Enhancing Cahuella<color=#999999FF>, Collector</color> (rank B): maxRef=4, runeChance=50 %, maxRuneRank=2
Tried to calculate chance for father with gender "Female".
[Isekai Forge] Skipping Giggles<color=#999999FF>, Patient</color>: failed equipChance roll (10 %) for rank F
[Isekai Forge] Skipping Waltz<color=#999999FF>, Chemist</color>: failed equipChance roll (20 %) for rank E
[Isekai Forge] Skipping Lizbeth<color=#999999FF>, Runner</color>: failed equipChance roll (20 %) for rank E
[Isekai Forge] Enhancing Mila<color=#999999FF>, Therapist</color> (rank D): maxRef=2, runeChance=20 %, maxRuneRank=1
[Isekai Forge] Skipping Sadako<color=#999999FF>, Trooper</color>: failed equipChance roll (10 %) for rank F
[Isekai Forge] Enhancing Jerry<color=#999999FF>, Deserter</color> (rank S): maxRef=8, runeChance=75 %, maxRuneRank=3
[Isekai Forge] Enhancing Mitsuya<color=#999999FF>, Politician</color> (rank B): maxRef=4, runeChance=50 %, maxRuneRank=2
Tried to calculate chance for father with gender "Female".
Tried to calculate chance for father with gender "Female".
Tried to calculate chance for father with gender "Female".
[Isekai Forge] Skipping Jumper<color=#999999FF>, Taster</color>: failed equipChance roll (85 %) for rank A
[Isekai Forge] Skipping Scottish<color=#999999FF>, Banker</color>: failed equipChance roll (20 %) for rank E
[Isekai Forge] Skipping Roslyn<color=#999999FF>, Runner</color>: failed equipChance roll (10 %) for rank F
Tried to calculate chance for father with gender "Female".
Tried to calculate chance for father with gender "Female".
Tried to calculate chance for father with gender "Female".
Tried to calculate chance for father with gender "Female".
Tried to calculate chance for father with gender "Female".
[Isekai Forge] Enhancing Dumbo<color=#999999FF>, Cook</color> (rank C): maxRef=3, runeChance=35 %, maxRuneRank=1
[Isekai Forge] Skipping Dev<color=#999999FF>, Deserter</color>: failed equipChance roll (55 %) for rank C
[Isekai Forge] Enhancing Levin<color=#999999FF>, Chemist</color> (rank C): maxRef=3, runeChance=35 %, maxRuneRank=1
[FA Genetic Heads] HeadTypeDef: assigned HeadNormal to Riku
[FA Genetic Heads] SkinTypeDef: assigned SkinSmileLines to Riku
[FA Genetic Heads] HeadTypeDef: assigned HeadPointy to Pheanox
[FA Genetic Heads] SkinTypeDef: assigned SkinForheadWrinkles to Pheanox
[Isekai Forge] Skipping Nickel<color=#999999FF>, Enforcer</color>: failed equipChance roll (10 %) for rank F
[Isekai Forge] Enhancing Vince<color=#999999FF>, Engineer</color> (rank B): maxRef=4, runeChance=50 %, maxRuneRank=2
Tried to calculate chance for father with gender "Female".
Tried to calculate chance for father with gender "Female".
Tried to calculate chance for father with gender "Female".
[Isekai Forge] Skipping Stomp<color=#999999FF>, Scientist</color>: failed equipChance roll (55 %) for rank C
[Isekai Forge] Skipping Grant<color=#999999FF>, Researcher</color>: failed equipChance roll (10 %) for rank F
[Isekai Forge] Skipping Sneffi<color=#999999FF>, Escapee</color>: failed equipChance roll (10 %) for rank F
[Isekai Forge] Skipping Xiaoer<color=#999999FF>, Pirate</color>: failed equipChance roll (55 %) for rank C
[Isekai Forge] Skipping Shepherd<color=#999999FF>, Debt-born</color>: failed equipChance roll (10 %) for rank F
[Isekai Forge] Skipping Livi<color=#999999FF>, Debt-born</color>: failed equipChance roll (20 %) for rank E
[Isekai Forge] Skipping Dolly<color=#999999FF>, Sommelier </color>: failed equipChance roll (10 %) for rank F
Tried to calculate chance for father with gender "Female".
Tried to calculate chance for father with gender "Female".
[Isekai Forge] Skipping Cindy<color=#999999FF>, Trooper</color>: failed equipChance roll (10 %) for rank F
[Isekai Forge] Skipping Otto<color=#999999FF>, Cosplayer</color>: failed equipChance roll (20 %) for rank E
[Isekai Forge] Skipping Kimmy<color=#999999FF>, Student</color>: failed equipChance roll (20 %) for rank E
[Isekai Forge] Enhancing Boris<color=#999999FF>, Rioter</color> (rank E): maxRef=1, runeChance=10 %, maxRuneRank=1
[Isekai Forge] Skipping Steven<color=#999999FF>, Agent</color>: failed equipChance roll (10 %) for rank F
[Isekai Forge] Skipping Squirrel<color=#999999FF>, Pilot</color>: failed equipChance roll (10 %) for rank F
Tried to calculate chance for father with gender "Female".
[Isekai Forge] Skipping Alo<color=#999999FF>, Researcher</color>: failed equipChance roll (40 %) for rank D
Tried to calculate chance for father with gender "Female".
Tried to calculate chance for father with gender "Female".
Tried to calculate chance for father with gender "Female".
Tried to calculate chance for father with gender "Female".
[Isekai Forge] Skipping Cannon<color=#999999FF>, Enlisted</color>: failed equipChance roll (10 %) for rank F
Tried to calculate chance for father with gender "Female".
Tried to calculate chance for father with gender "Female".
[Isekai Forge] Skipping Ludmila<color=#999999FF>, Explorer</color>: failed equipChance roll (10 %) for rank F
[Isekai Forge] Enhancing Fausto<color=#999999FF>, Ranger</color> (rank E): maxRef=1, runeChance=10 %, maxRuneRank=1
[Isekai Forge] Skipping Mendoza<color=#999999FF>, Runner</color>: failed equipChance roll (40 %) for rank D
Tried to calculate chance for father with gender "Female".
Tried to calculate chance for father with gender "Female".
Tried to calculate chance for father with gender "Female".
[Isekai Forge] Enhancing Harrell<color=#999999FF>, Enforcer</color> (rank C): maxRef=3, runeChance=35 %, maxRuneRank=1
Tried to calculate chance for father with gender "Female".
Tried to calculate chance for father with gender "Female".
Tried to calculate chance for father with gender "Female".
Tried to calculate chance for father with gender "Female".
Tried to calculate chance for father with gender "Female".
Tried to calculate chance for father with gender "Female".
[Isekai Forge] Skipping Kevin<color=#999999FF>, Runner</color>: failed equipChance roll (10 %) for rank F
Tried to calculate chance for father with gender "Female".
Tried to calculate chance for father with gender "Female".
Tried to calculate chance for father with gender "Female".
[Isekai Forge] Enhancing Rika<color=#999999FF>, Scientist</color> (rank E): maxRef=1, runeChance=10 %, maxRuneRank=1
[Isekai Forge] Skipping Chase<color=#999999FF>, Runner</color>: failed equipChance roll (55 %) for rank C
Tried to calculate chance for mother with gender "Male".
Tried to calculate chance for mother with gender "Male".
Tried to calculate chance for mother with gender "Male".
[Isekai Forge] Enhancing Alice<color=#999999FF>, Counselor</color> (rank D): maxRef=2, runeChance=20 %, maxRuneRank=1
Tried to calculate chance for mother with gender "Male".
[Isekai Forge] Skipping Tia<color=#999999FF>, Enforcer</color>: failed equipChance roll (20 %) for rank E
[Isekai Forge] Skipping Stench<color=#999999FF>, Colonist</color>: failed equipChance roll (10 %) for rank F
[Isekai Forge] Enhancing Klara<color=#999999FF>, Broker</color> (rank D): maxRef=2, runeChance=20 %, maxRuneRank=1
[Isekai Forge] Skipping Enrique<color=#999999FF>, Researcher</color>: failed equipChance roll (40 %) for rank D
[Isekai Forge] Skipping Gransier<color=#999999FF>, Oracle</color>: failed equipChance roll (10 %) for rank F
[Isekai Forge] Skipping Vilborg<color=#999999FF>, Driller</color>: failed equipChance roll (40 %) for rank D
[Isekai Forge] Skipping Styrbjǫrnson<color=#999999FF>, Animal farmer</color>: failed equipChance roll (10 %) for rank F
[Isekai Forge] Enhancing Tiantian<color=#999999FF>, Forester</color> (rank C): maxRef=3, runeChance=35 %, maxRuneRank=1
[Isekai Forge] Skipping Ruby<color=#999999FF>, Prosecuted Vet</color>: failed equipChance roll (40 %) for rank D
[Isekai Forge] Skipping Ian<color=#999999FF>, Architect</color>: failed equipChance roll (20 %) for rank E
[Isekai Forge] Skipping Lau<color=#999999FF>, Palace-raised</color>: failed equipChance roll (40 %) for rank D
[Isekai Forge] Skipping Sergio<color=#999999FF>, Spy</color>: failed equipChance roll (55 %) for rank C
Tried to calculate chance for mother with gender "Male".
Tried to calculate chance for father with gender "Female".
[Isekai Forge] Skipping Strapping<color=#999999FF>, Farmer</color>: failed equipChance roll (10 %) for rank F
Tried to calculate chance for father with gender "Female".
Tried to calculate chance for father with gender "Female".
Tried to calculate chance for father with gender "Female".
[Isekai Forge] Enhancing Nana<color=#999999FF>, Enforcer</color> (rank E): maxRef=1, runeChance=10 %, maxRuneRank=1
Tried to calculate chance for father with gender "Female".
Tried to calculate chance for father with gender "Female".
Tried to calculate chance for father with gender "Female".
[Isekai Forge] Enhancing Chewy<color=#999999FF>, High urber</color> (rank B): maxRef=4, runeChance=50 %, maxRuneRank=2
Tried to calculate chance for father with gender "Female".
Tried to calculate chance for father with gender "Female".
Tried to calculate chance for father with gender "Female".
[Isekai Forge] Skipping Candice<color=#999999FF>, Reporter</color>: failed equipChance roll (20 %) for rank E
[Isekai Forge] Skipping Ulfheðinn<color=#999999FF>, Illuminator</color>: failed equipChance roll (40 %) for rank D
[Isekai Forge] Skipping Max<color=#999999FF>, Pilot</color>: failed equipChance roll (10 %) for rank F
[Isekai Forge] Skipping Ísgerðrdóttir<color=#999999FF>, Landsknecht</color>: failed equipChance roll (10 %) for rank F
[Isekai Forge] Skipping Brandr<color=#999999FF>, Vet</color>: failed equipChance roll (10 %) for rank F
[Isekai Forge] Skipping Wright<color=#999999FF>, Orphan</color>: failed equipChance roll (20 %) for rank E
[Isekai Forge] Enhancing Artyom<color=#999999FF>, Fostered</color> (rank SS): maxRef=9, runeChance=85 %, maxRuneRank=4
[Isekai Forge] Skipping O'Connell<color=#999999FF>, Palace-raised</color>: failed equipChance roll (10 %) for rank F
Tried to calculate chance for father with gender "Female".
Tried to calculate chance for father with gender "Female".
[Isekai Forge] Skipping Tim<color=#999999FF>, Orphan</color>: failed equipChance roll (10 %) for rank F
[Isekai Forge] Skipping Samantha<color=#999999FF>, Minister</color>: failed equipChance roll (10 %) for rank F
Tried to calculate chance for father with gender "Female".
Tried to calculate chance for mother with gender "Male".
Tried to calculate chance for father with gender "Female".
Tried to calculate chance for mother with gender "Male".
Tried to calculate chance for father with gender "Female".
Tried to calculate chance for mother with gender "Male".
[Isekai Forge] Enhancing ZJ<color=#999999FF>, Contract miner</color> (rank D): maxRef=2, runeChance=20 %, maxRuneRank=1
Tried to calculate chance for father with gender "Female".
[Isekai Forge] Skipping Olsen<color=#999999FF>, Escapee</color>: failed equipChance roll (10 %) for rank F
Tried to calculate chance for father with gender "Female".
[Isekai Forge] Skipping Noodles<color=#999999FF>, Bureaucrat</color>: failed equipChance roll (20 %) for rank E
[Isekai Forge] Skipping Wolf<color=#999999FF>, Researcher</color>: failed equipChance roll (40 %) for rank D
[Isekai Forge] Skipping Lorall<color=#999999FF>, Guardian</color>: failed equipChance roll (20 %) for rank E
Tried to calculate chance for father with gender "Female".
[Isekai Forge] Skipping Nevil<color=#999999FF>, Tactician</color>: failed equipChance roll (10 %) for rank F
[Isekai Forge] Skipping Vaeb<color=#999999FF>, Enforcer</color>: failed equipChance roll (40 %) for rank D
[Isekai Forge] Skipping Gleb<color=#999999FF>, Jailbird</color>: failed equipChance roll (10 %) for rank F
[FA Genetic Heads] HeadTypeDef: assigned HeadNormal to Nickel
[FA Genetic Heads] SkinTypeDef: assigned SkinNormal to Nickel
[FA Genetic Heads] HeadTypeDef: assigned HeadNormal to Vince
[FA Genetic Heads] SkinTypeDef: assigned SkinNormal to Vince
[FA Genetic Heads] HeadTypeDef: assigned HeadNormal to Stomp
[FA Genetic Heads] SkinTypeDef: assigned SkinSmileLines to Stomp
[FA Genetic Heads] HeadTypeDef: assigned HeadPointy to Gransier
[FA Genetic Heads] SkinTypeDef: assigned SkinForheadWrinkles to Gransier
[FA Genetic Heads] HeadTypeDef: assigned HeadPointy to Nana
[FA Genetic Heads] SkinTypeDef: assigned SkinSmileLines to Nana
[Isekai Forge] Skipping Haruto<color=#999999FF>, Translator</color>: failed equipChance roll (20 %) for rank E
Tried to calculate chance for mother with gender "Male".
Tried to calculate chance for mother with gender "Male".
[Isekai Forge] Skipping Freya<color=#999999FF>, Keeper</color>: failed equipChance roll (20 %) for rank E
[Isekai Forge] Skipping Schmidt<color=#999999FF>, Escapee</color>: failed equipChance roll (55 %) for rank C
[Isekai Forge] Skipping Ad<color=#999999FF>, Escapee</color>: failed equipChance roll (10 %) for rank F
[Isekai Forge] Enhancing Jerry<color=#999999FF>, Deserter</color> (rank S): maxRef=8, runeChance=75 %, maxRuneRank=3
Tried to calculate chance for father with gender "Female".
Tried to calculate chance for father with gender "Female".
Tried to calculate chance for father with gender "Female".
Tried to calculate chance for father with gender "Female".
Tried to calculate chance for father with gender "Female".
Tried to calculate chance for father with gender "Female".
[Isekai Forge] Skipping Preacher<color=#999999FF>, Trooper</color>: failed equipChance roll (55 %) for rank C
Tried to calculate chance for father with gender "Female".
Tried to calculate chance for father with gender "Female".
[Isekai Forge] Skipping Zach<color=#999999FF>, Deserter</color>: failed equipChance roll (40 %) for rank D
Tried to calculate chance for mother with gender "Male".
Tried to calculate chance for mother with gender "Male".
Tried to calculate chance for mother with gender "Male".
Tried to calculate chance for mother with gender "Male".
[Isekai Forge] Skipping Sappy<color=#999999FF>, Propagandist</color>: failed equipChance roll (20 %) for rank E
Tried to calculate chance for father with gender "Female".
[Isekai Forge] Enhancing Wobin<color=#999999FF>, Techie</color> (rank F): maxRef=1, runeChance=5 %, maxRuneRank=1
[Isekai Forge] Skipping Camacho<color=#999999FF>, Deserter</color>: failed equipChance roll (20 %) for rank E
[Isekai Forge] Skipping Irwin<color=#999999FF>, Trooper</color>: failed equipChance roll (20 %) for rank E
[Isekai Forge] Skipping Morris<color=#999999FF>, Orphan</color>: failed equipChance roll (20 %) for rank E
Tried to calculate chance for father with gender "Female".
Tried to calculate chance for father with gender "Female".
Tried to calculate chance for father with gender "Female".
[Isekai Forge] Skipping Beatriz<color=#999999FF>, Trooper</color>: failed equipChance roll (55 %) for rank C
Tried to calculate chance for father with gender "Female".
Tried to calculate chance for father with gender "Female".
[Isekai Forge] Skipping Mike<color=#999999FF>, Escapee</color>: failed equipChance roll (20 %) for rank E
[Isekai Forge] Skipping Maya<color=#999999FF>, Acrobat</color>: failed equipChance roll (20 %) for rank E
Tried to calculate chance for father with gender "Female".
[Isekai Forge] Skipping Phelps<color=#999999FF>, Trooper</color>: failed equipChance roll (20 %) for rank E
[Isekai Forge] Skipping Husky<color=#999999FF>, Escapee</color>: failed equipChance roll (10 %) for rank F
Tried to calculate chance for father with gender "Female".
Tried to calculate chance for father with gender "Female".
[Isekai Forge] Skipping Haney<color=#999999FF>, Mechanic</color>: failed equipChance roll (10 %) for rank F
Tried to calculate chance for father with gender "Female".
Tried to calculate chance for father with gender "Female".
[Isekai Forge] Skipping Blaze<color=#999999FF>, Keeper</color>: failed equipChance roll (10 %) for rank F
[Isekai Forge] Skipping Paine<color=#999999FF>, Farmer</color>: failed equipChance roll (10 %) for rank F
[Isekai Forge] Skipping Tth'izuoma'a<color=#999999FF>, Brat</color>: failed equipChance roll (10 %) for rank F
Tried to calculate chance for father with gender "Female".
Tried to calculate chance for father with gender "Female".
Tried to calculate chance for father with gender "Female".
Tried to calculate chance for father with gender "Female".
Tried to calculate chance for father with gender "Female".
Tried to calculate chance for father with gender "Female".
[Isekai Forge] Skipping Nose<color=#999999FF>, Escapee</color>: failed equipChance roll (20 %) for rank E
[Isekai Forge] Skipping Saunders<color=#999999FF>, Deserter</color>: failed equipChance roll (10 %) for rank F
Tried to calculate chance for father with gender "Female".
Tried to calculate chance for father with gender "Female".
Tried to calculate chance for father with gender "Female".
Tried to calculate chance for father with gender "Female".
Tried to calculate chance for father with gender "Female".
Tried to calculate chance for father with gender "Female".
Tried to calculate chance for father with gender "Female".
[Isekai Forge] Enhancing Iskra<color=#999999FF>, Trooper</color> (rank D): maxRef=2, runeChance=20 %, maxRuneRank=1
[Isekai Forge] Enhancing Klem<color=#999999FF>, Trooper</color> (rank C): maxRef=3, runeChance=35 %, maxRuneRank=1
Tried to calculate chance for mother with gender "Male".
Tried to calculate chance for father with gender "Female".
Tried to calculate chance for father with gender "Female".
[Isekai Forge] Skipping Teal<color=#999999FF>, Mechanic</color>: failed equipChance roll (70 %) for rank B
[Isekai Forge] Enhancing Cammy<color=#999999FF>, Acrobat</color> (rank B): maxRef=4, runeChance=50 %, maxRuneRank=2
[Isekai Forge] Skipping Metroa<color=#999999FF>, Propagandist</color>: failed equipChance roll (20 %) for rank E
[Isekai Forge] Skipping Bob<color=#999999FF>, Deserter</color>: failed equipChance roll (10 %) for rank F
Tried to calculate chance for father with gender "Female".
Tried to calculate chance for father with gender "Female".
Tried to calculate chance for father with gender "Female".
Tried to calculate chance for father with gender "Female".
[Isekai Forge] Skipping Whitney<color=#999999FF>, Orphan</color>: failed equipChance roll (20 %) for rank E
Tried to calculate chance for father with gender "Female".
Tried to calculate chance for father with gender "Female".
[Isekai Forge] Skipping Pepper<color=#999999FF>, Torturer</color>: failed equipChance roll (40 %) for rank D
[Isekai Forge] Skipping Borisch<color=#999999FF>, Doctor</color>: failed equipChance roll (10 %) for rank F
[Isekai Forge] Skipping Bret<color=#999999FF>, Trooper</color>: failed equipChance roll (20 %) for rank E
Tried to calculate chance for father with gender "Female".
Tried to calculate chance for father with gender "Female".
Tried to calculate chance for father with gender "Female".
[Isekai Forge] Enhancing Betty<color=#999999FF>, Mechanic</color> (rank E): maxRef=1, runeChance=10 %, maxRuneRank=1
[Isekai Forge] Skipping Hartman<color=#999999FF>, Farmer</color>: failed equipChance roll (10 %) for rank F
Tried to calculate chance for mother with gender "Male".
Tried to calculate chance for father with gender "Female".
[Isekai Forge] Skipping Napa<color=#999999FF>, Mechanic</color>: failed equipChance roll (55 %) for rank C
Tried to calculate chance for father with gender "Female".
[Isekai Forge] Skipping Collier<color=#999999FF>, Farmer</color>: failed equipChance roll (20 %) for rank E
Tried to calculate chance for father with gender "Female".
Tried to calculate chance for father with gender "Female".
Tried to calculate chance for father with gender "Female".
[Isekai Forge] Skipping Sofia<color=#999999FF>, Coordinator</color>: failed equipChance roll (20 %) for rank E
[Isekai Forge] Skipping Aaron<color=#999999FF>, Deserter</color>: failed equipChance roll (40 %) for rank D
[Isekai Forge] Skipping Cristina<color=#999999FF>, Deserter</color>: failed equipChance roll (20 %) for rank E
[Isekai Forge] Skipping Teddy<color=#999999FF>, Cook</color>: failed equipChance roll (40 %) for rank D
Tried to calculate chance for mother with gender "Male".
Tried to calculate chance for father with gender "Female".
Tried to calculate chance for mother with gender "Male".
Tried to calculate chance for father with gender "Female".
Tried to calculate chance for mother with gender "Male".
Tried to calculate chance for father with gender "Female".
Tried to calculate chance for father with gender "Female".
Tried to calculate chance for mother with gender "Male".
[Isekai Forge] Skipping Youko<color=#999999FF>, Deserter</color>: failed equipChance roll (20 %) for rank E
Tried to calculate chance for father with gender "Female".
Tried to calculate chance for father with gender "Female".
Tried to calculate chance for father with gender "Female".
[Isekai Forge] Skipping Squint<color=#999999FF>, Trooper</color>: failed equipChance roll (20 %) for rank E
[Isekai Forge] Enhancing Roman<color=#999999FF>, Mute</color> (rank C): maxRef=3, runeChance=35 %, maxRuneRank=1
Tried to calculate chance for father with gender "Female".
[Isekai Forge] Skipping Bazza<color=#999999FF>, Jeweler</color>: failed equipChance roll (10 %) for rank F
[Isekai Forge] Skipping Rachel<color=#999999FF>, Propagandist</color>: failed equipChance roll (55 %) for rank C
Tried to calculate chance for father with gender "Female".
Tried to calculate chance for father with gender "Female".
[Isekai Forge] Enhancing Alex<color=#999999FF>, Paramedic</color> (rank F): maxRef=1, runeChance=5 %, maxRuneRank=1
Tried to calculate chance for father with gender "Female".
Tried to calculate chance for father with gender "Female".
Tried to calculate chance for father with gender "Female".
[Isekai Forge] Skipping Aquarist<color=#999999FF>, Deserter</color>: failed equipChance roll (10 %) for rank F
[Isekai Forge] Enhancing Isabel<color=#999999FF>, Shitposter</color> (rank C): maxRef=3, runeChance=35 %, maxRuneRank=1
[Isekai Forge] Skipping Oleg<color=#999999FF>, Deserter</color>: failed equipChance roll (10 %) for rank F
[Isekai Forge] Skipping Raisa<color=#999999FF>, Trooper</color>: failed equipChance roll (10 %) for rank F
[Isekai Forge] Enhancing Rafael<color=#999999FF>, Trooper</color> (rank SS): maxRef=9, runeChance=85 %, maxRuneRank=4
[Isekai Forge] Skipping Tom<color=#999999FF>, Dancer</color>: failed equipChance roll (20 %) for rank E
Tried to calculate chance for father with gender "Female".
Tried to calculate chance for mother with gender "Male".
Tried to calculate chance for father with gender "Female".
Tried to calculate chance for father with gender "Female".
Tried to calculate chance for mother with gender "Male".
Tried to calculate chance for father with gender "Female".
[Isekai Forge] Skipping Panshen<color=#999999FF>, Digger</color>: failed equipChance roll (20 %) for rank E
[Isekai Forge] Skipping Nelson<color=#999999FF>, Sergeant</color>: failed equipChance roll (10 %) for rank F
[Isekai Forge] Skipping Ophelian<color=#999999FF>, Trooper</color>: failed equipChance roll (20 %) for rank E
[Isekai Forge] Skipping Humberto<color=#999999FF>, Doctor</color>: failed equipChance roll (40 %) for rank D
[Isekai Forge] Skipping Aimi<color=#999999FF>, Ornamenter</color>: failed equipChance roll (10 %) for rank F
[Isekai Forge] Skipping Phelps<color=#999999FF>, Trooper</color>: failed equipChance roll (20 %) for rank E
[Isekai Forge] Skipping I'apina'm<color=#999999FF>, Deserter</color>: failed equipChance roll (10 %) for rank F
[Isekai Forge] Skipping Cindy<color=#999999FF>, Trooper</color>: failed equipChance roll (10 %) for rank F
Tried to calculate chance for father with gender "Female".
Tried to calculate chance for father with gender "Female".
Tried to calculate chance for mother with gender "Male".
Tried to calculate chance for father with gender "Female".
Tried to calculate chance for father with gender "Female".
Tried to calculate chance for mother with gender "Male".
Tried to calculate chance for father with gender "Female".
[Isekai Forge] Skipping Sky<color=#999999FF>, Deserter</color>: failed equipChance roll (20 %) for rank E
[Isekai Forge] Skipping Yefim<color=#999999FF>, Masseuse</color>: failed equipChance roll (20 %) for rank E
[Isekai Forge] Enhancing Coralie<color=#999999FF>, Deserter</color> (rank F): maxRef=1, runeChance=5 %, maxRuneRank=1
[Isekai Forge] Enhancing Pham<color=#999999FF>, Trooper</color> (rank C): maxRef=3, runeChance=35 %, maxRuneRank=1
[Isekai Forge] Enhancing Geese<color=#999999FF>, Street rat</color> (rank E): maxRef=1, runeChance=10 %, maxRuneRank=1
Tried to calculate chance for father with gender "Female".
[Isekai Forge] Skipping Cricket<color=#999999FF>, Psychopath</color>: failed equipChance roll (20 %) for rank E
Tried to calculate chance for father with gender "Female".
Tried to calculate chance for father with gender "Female".
Tried to calculate chance for father with gender "Female".
[Isekai Forge] Skipping Vlad<color=#999999FF>, Trooper</color>: failed equipChance roll (20 %) for rank E
[Isekai Forge] Skipping Squint<color=#999999FF>, Trooper</color>: failed equipChance roll (20 %) for rank E
[Isekai Forge] Skipping Shouta<color=#999999FF>, Rioter</color>: failed equipChance roll (20 %) for rank E
[Isekai Forge] Enhancing Avery<color=#999999FF>, Cook</color> (rank C): maxRef=3, runeChance=35 %, maxRuneRank=1
Tried to calculate chance for father with gender "Female".
Tried to calculate chance for father with gender "Female".
Tried to calculate chance for father with gender "Female".
[Isekai Forge] Skipping Lottie<color=#999999FF>, Trooper</color>: failed equipChance roll (20 %) for rank E
Tried to calculate chance for father with gender "Female".
[Isekai Forge] Skipping Estes<color=#999999FF>, Deserter</color>: failed equipChance roll (20 %) for rank E
Tried to calculate chance for mother with gender "Male".
Tried to calculate chance for mother with gender "Male".
Tried to calculate chance for father with gender "Female".
Tried to calculate chance for mother with gender "Male".
Tried to calculate chance for father with gender "Female".
Tried to calculate chance for mother with gender "Male".
[Isekai Forge] Skipping Kumiko<color=#999999FF>, Trooper</color>: failed equipChance roll (20 %) for rank E
[Isekai Forge] Enhancing Moose<color=#999999FF>, Housemate</color> (rank D): maxRef=2, runeChance=20 %, maxRuneRank=1
[Isekai Forge] Skipping Madam<color=#999999FF>, Jeweler</color>: failed equipChance roll (55 %) for rank C
Tried to calculate chance for father with gender "Female".
Tried to calculate chance for father with gender "Female".
[Isekai Forge] Skipping Cristobal<color=#999999FF>, Cog</color>: failed equipChance roll (10 %) for rank F
Tried to calculate chance for father with gender "Female".
Tried to calculate chance for mother with gender "Male".
Tried to calculate chance for father with gender "Female".
Tried to calculate chance for mother with gender "Male".
Tried to calculate chance for father with gender "Female".
[Isekai Forge] Enhancing Freckles<color=#999999FF>, Auditor</color> (rank E): maxRef=1, runeChance=10 %, maxRuneRank=1
[Isekai Forge] Skipping Irma<color=#999999FF>, Deserter</color>: failed equipChance roll (10 %) for rank F
[Isekai Forge] Skipping Rios<color=#999999FF>, Janitor</color>: failed equipChance roll (10 %) for rank F
Tried to calculate chance for mother with gender "Male".
Tried to calculate chance for father with gender "Female".
[Isekai Forge] Skipping Stumpy<color=#999999FF>, Ornamenter</color>: failed equipChance roll (10 %) for rank F
[Isekai Forge] Enhancing Charles<color=#999999FF>, Deserter</color> (rank D): maxRef=2, runeChance=20 %, maxRuneRank=1
[Isekai Forge] Skipping Brian<color=#999999FF>, Inspector</color>: failed equipChance roll (40 %) for rank D
Tried to calculate chance for father with gender "Female".
[Isekai Forge] Skipping Boyer<color=#999999FF>, Brat</color>: failed equipChance roll (20 %) for rank E
[Isekai Forge] Skipping Cherry<color=#999999FF>, Torturer</color>: failed equipChance roll (40 %) for rank D
[Isekai Forge] Enhancing Kumiko<color=#999999FF>, Trooper</color> (rank E): maxRef=1, runeChance=10 %, maxRuneRank=1
[Isekai Forge] Enhancing Roman<color=#999999FF>, Mute</color> (rank C): maxRef=3, runeChance=35 %, maxRuneRank=1
Tried to calculate chance for father with gender "Female".
[Isekai Forge] Skipping Darby<color=#999999FF>, Butler</color>: failed equipChance roll (10 %) for rank F
Tried to calculate chance for father with gender "Female".
Tried to calculate chance for father with gender "Female".
Tried to calculate chance for mother with gender "Male".
Tried to calculate chance for father with gender "Female".
Tried to calculate chance for mother with gender "Male".
Tried to calculate chance for father with gender "Female".
[Isekai Forge] Skipping Lindsey<color=#999999FF>, Dreamer</color>: failed equipChance roll (10 %) for rank F
[Isekai Forge] Skipping Ida<color=#999999FF>, Warlordess</color>: failed equipChance roll (10 %) for rank F
[Isekai Forge] Enhancing Svart<color=#999999FF>, Banneret</color> (rank D): maxRef=2, runeChance=20 %, maxRuneRank=1
[Isekai Forge] Skipping Luviam<color=#999999FF>, Cadet</color>: failed equipChance roll (20 %) for rank E
Tried to calculate chance for mother with gender "Male".
Tried to calculate chance for mother with gender "Male".
Tried to calculate chance for mother with gender "Male".
[Isekai Forge] Skipping Stanislav<color=#999999FF>, Coordinator</color>: failed equipChance roll (40 %) for rank D
[Isekai Forge] Skipping Ophelia<color=#999999FF>, Keeper</color>: failed equipChance roll (10 %) for rank F
Tried to calculate chance for father with gender "Female".
Tried to calculate chance for father with gender "Female".
Tried to calculate chance for father with gender "Female".
Tried to calculate chance for father with gender "Female".
Tried to calculate chance for father with gender "Female".
[Isekai Forge] Enhancing Glasses<color=#999999FF>, Inquisitress</color> (rank A): maxRef=6, runeChance=65 %, maxRuneRank=3
[Isekai Forge] Skipping Andres<color=#999999FF>, Cadet</color>: failed equipChance roll (20 %) for rank E
[Isekai Forge] Skipping William<color=#999999FF>, Cosplayer</color>: failed equipChance roll (10 %) for rank F
Tried to calculate chance for father with gender "Female".
Tried to calculate chance for father with gender "Female".
Tried to calculate chance for father with gender "Female".
Tried to calculate chance for father with gender "Female".
Tried to calculate chance for father with gender "Female".
Tried to calculate chance for father with gender "Female".
[Isekai Forge] Skipping Ida<color=#999999FF>, Warlordess</color>: failed equipChance roll (10 %) for rank F
[Isekai Forge] Skipping Vendel<color=#999999FF>, Slaughterer</color>: failed equipChance roll (20 %) for rank E
[Isekai Forge] Skipping Chris<color=#999999FF>, Techie</color>: failed equipChance roll (20 %) for rank E
Tried to calculate chance for father with gender "Female".
[Isekai Forge] Enhancing Ali<color=#999999FF>, Cosplayer</color> (rank C): maxRef=3, runeChance=35 %, maxRuneRank=1
[Isekai Forge] Enhancing Glasses<color=#999999FF>, Inquisitress</color> (rank A): maxRef=6, runeChance=65 %, maxRuneRank=3
[Isekai Forge] Skipping Black<color=#999999FF>, Escapee</color>: failed equipChance roll (55 %) for rank C
Tried to calculate chance for father with gender "Female".
Tried to calculate chance for father with gender "Female".
Tried to calculate chance for father with gender "Female".
[Isekai Forge] Skipping Lucy<color=#999999FF>, Street rat</color>: failed equipChance roll (10 %) for rank F
Tried to calculate chance for father with gender "Female".
Tried to calculate chance for father with gender "Female".
Tried to calculate chance for father with gender "Female".
[Isekai Forge] Skipping Yumi<color=#999999FF>, Trooper</color>: failed equipChance roll (20 %) for rank E
[Isekai Forge] Skipping Skrebel<color=#999999FF>, Trooper</color>: failed equipChance roll (40 %) for rank D
[Isekai Forge] Skipping Yena<color=#999999FF>, Trooper</color>: failed equipChance roll (10 %) for rank F
[Isekai Forge] Enhancing McClure<color=#999999FF>, Escapee</color> (rank E): maxRef=1, runeChance=10 %, maxRuneRank=1
Tried to calculate chance for mother with gender "Male".
Tried to calculate chance for father with gender "Female".
Tried to calculate chance for mother with gender "Male".
Tried to calculate chance for father with gender "Female".
[Isekai Forge] Enhancing A'eguzo'b<color=#999999FF>, Deserter</color> (rank SS): maxRef=9, runeChance=85 %, maxRuneRank=4
[Isekai Forge] Skipping Sd'ruk'a<color=#999999FF>, Housemate</color>: failed equipChance roll (40 %) for rank D
[Isekai Forge] Skipping A'vuowi'e<color=#999999FF>, Trooper</color>: failed equipChance roll (20 %) for rank E
Tried to calculate chance for father with gender "Female".
Tried to calculate chance for father with gender "Female".
[Isekai Forge] Skipping Lover<color=#999999FF>, Policewoman</color>: failed equipChance roll (10 %) for rank F
Tried to calculate chance for father with gender "Female".
Tried to calculate chance for father with gender "Female".
Tried to calculate chance for father with gender "Female".
[Isekai Forge] Skipping Ramirez<color=#999999FF>, Bastard</color>: failed equipChance roll (20 %) for rank E
Tried to calculate chance for father with gender "Female".
Tried to calculate chance for mother with gender "Male".
[Isekai Forge] Enhancing Don<color=#999999FF>, Inspector</color> (rank E): maxRef=1, runeChance=10 %, maxRuneRank=1
Tried to calculate chance for father with gender "Female".
[Isekai Forge] Skipping Yang<color=#999999FF>, Spy</color>: failed equipChance roll (10 %) for rank F
Tried to calculate chance for father with gender "Female".
Tried to calculate chance for mother with gender "Male".
Tried to calculate chance for father with gender "Female".
Tried to calculate chance for mother with gender "Male".
[Isekai Forge] Skipping Marta<color=#999999FF>, Deserter</color>: failed equipChance roll (20 %) for rank E
[Isekai Forge] Skipping Gilbert<color=#999999FF>, Trooper</color>: failed equipChance roll (40 %) for rank D
Tried to calculate chance for father with gender "Female".
[Isekai Forge] Skipping Clara<color=#999999FF>, Fixer</color>: failed equipChance roll (20 %) for rank E
Tried to calculate chance for father with gender "Female".
Tried to calculate chance for father with gender "Female".
[Isekai Forge] Skipping Sparks<color=#999999FF>, Trooper</color>: failed equipChance roll (20 %) for rank E
[Isekai Forge] Skipping Fuentes<color=#999999FF>, Cosplayer</color>: failed equipChance roll (20 %) for rank E
Tried to calculate chance for father with gender "Female".
Tried to calculate chance for father with gender "Female".
Tried to calculate chance for father with gender "Female".
[Isekai Forge] Skipping Fernanda<color=#999999FF>, Ornamenter</color>: failed equipChance roll (20 %) for rank E
[Isekai Forge] Skipping Salazar<color=#999999FF>, Deserter</color>: failed equipChance roll (10 %) for rank F
[Isekai Forge] Enhancing Hauser<color=#999999FF>, Trooper</color> (rank B): maxRef=4, runeChance=50 %, maxRuneRank=2
[Isekai Forge] Skipping Poppy<color=#999999FF>, Trooper</color>: failed equipChance roll (10 %) for rank F
[Isekai Forge] Skipping Andrade<color=#999999FF>, Deserter</color>: failed equipChance roll (55 %) for rank C
Tried to calculate chance for father with gender "Female".
Tried to calculate chance for father with gender "Female".
[Isekai Forge] Enhancing Pansy<color=#999999FF>, Actor</color> (rank C): maxRef=3, runeChance=35 %, maxRuneRank=1
[Isekai Forge] Skipping Stone<color=#999999FF>, Deserter</color>: failed equipChance roll (40 %) for rank D
[Isekai Forge] Skipping Cream<color=#999999FF>, Gifted</color>: failed equipChance roll (20 %) for rank E
Tried to calculate chance for father with gender "Female".
Tried to calculate chance for father with gender "Female".
Tried to calculate chance for father with gender "Female".
Tried to calculate chance for father with gender "Female".
Tried to calculate chance for father with gender "Female".
[Isekai Forge] Skipping El<color=#999999FF>, Deserter</color>: failed equipChance roll (20 %) for rank E
[Isekai Forge] Enhancing Tabi<color=#999999FF>, Trooper</color> (rank B): maxRef=4, runeChance=50 %, maxRuneRank=2
[Isekai Forge] Enhancing Carlos<color=#999999FF>, Deserter</color> (rank B): maxRef=4, runeChance=50 %, maxRuneRank=2
[Isekai Forge] Skipping Mason<color=#999999FF>, Cadet</color>: failed equipChance roll (20 %) for rank E
Tried to calculate chance for father with gender "Female".
Tried to calculate chance for father with gender "Female".
Tried to calculate chance for father with gender "Female".
Tried to calculate chance for father with gender "Female".
[Isekai Forge] Enhancing Oca<color=#999999FF>, Brat</color> (rank D): maxRef=2, runeChance=20 %, maxRuneRank=1
Tried to calculate chance for father with gender "Female".
[Isekai Forge] Skipping Jasmine<color=#999999FF>, Researcher</color>: failed equipChance roll (20 %) for rank E
[Isekai Forge] Skipping Solomon<color=#999999FF>, Cook</color>: failed equipChance roll (20 %) for rank E
[Isekai Forge] Enhancing Hunter<color=#999999FF>, Researcher</color> (rank A): maxRef=6, runeChance=65 %, maxRuneRank=3
Tried to calculate chance for father with gender "Female".
Tried to calculate chance for father with gender "Female".
[Isekai Forge] Skipping Starry<color=#999999FF>, Deserter</color>: failed equipChance roll (20 %) for rank E
Tried to calculate chance for father with gender "Female".
Tried to calculate chance for father with gender "Female".
Tried to calculate chance for father with gender "Female".
[Isekai Forge] Skipping Jerk<color=#999999FF>, Trooper</color>: failed equipChance roll (10 %) for rank F
Tried to calculate chance for father with gender "Female".
Tried to calculate chance for father with gender "Female".
[Isekai Forge] Skipping Huffman<color=#999999FF>, Logger</color>: failed equipChance roll (20 %) for rank E
[Isekai Forge] Skipping Marty<color=#999999FF>, Student</color>: failed equipChance roll (40 %) for rank D
[Isekai Forge] Enhancing Mayumi<color=#999999FF>, Grunt</color> (rank E): maxRef=1, runeChance=10 %, maxRuneRank=1
Tried to calculate chance for father with gender "Female".
Tried to calculate chance for father with gender "Female".
Tried to calculate chance for father with gender "Female".
[Isekai Forge] Enhancing Black Widow<color=#999999FF>, Cadet</color> (rank E): maxRef=1, runeChance=10 %, maxRuneRank=1
[Isekai Forge] Skipping Tanner<color=#999999FF>, Deserter</color>: failed equipChance roll (10 %) for rank F
[Isekai Forge] Enhancing Kelvin<color=#999999FF>, Brat</color> (rank E): maxRef=1, runeChance=10 %, maxRuneRank=1
Tried to calculate chance for mother with gender "Male".
Tried to calculate chance for mother with gender "Male".
Tried to calculate chance for mother with gender "Male".
Tried to calculate chance for father with gender "Female".
[Isekai Forge] Skipping Liliya<color=#999999FF>, Deserter</color>: failed equipChance roll (20 %) for rank E
Tried to calculate chance for father with gender "Female".
Tried to calculate chance for father with gender "Female".
Tried to calculate chance for father with gender "Female".
Tried to calculate chance for father with gender "Female".
Tried to calculate chance for father with gender "Female".
Tried to calculate chance for father with gender "Female".
[Isekai Forge] Skipping Mesa<color=#999999FF>, Trooper</color>: failed equipChance roll (10 %) for rank F
[Isekai Forge] Skipping Amara<color=#999999FF>, Deserter</color>: failed equipChance roll (20 %) for rank E
[Isekai Forge] Skipping Barrera<color=#999999FF>, Coordinator</color>: failed equipChance roll (40 %) for rank D
[Isekai Forge] Skipping Matt<color=#999999FF>, Trooper</color>: failed equipChance roll (10 %) for rank F
[Isekai Forge] Skipping I'esamo'k<color=#999999FF>, Coordinator</color>: failed equipChance roll (10 %) for rank F
Tried to calculate chance for mother with gender "Male".
Tried to calculate chance for mother with gender "Male".
Tried to calculate chance for mother with gender "Male".
[Isekai Forge] Skipping Smelly<color=#999999FF>, Mechanic</color>: failed equipChance roll (20 %) for rank E
[Isekai Forge] Skipping Archer<color=#999999FF>, Escapee</color>: failed equipChance roll (10 %) for rank F
[Isekai Forge] Enhancing Tee<color=#999999FF>, Deserter</color> (rank C): maxRef=3, runeChance=35 %, maxRuneRank=1
[Isekai Forge] Skipping Warren<color=#999999FF>, Propagandist</color>: failed equipChance roll (10 %) for rank F
Tried to calculate chance for father with gender "Female".
Tried to calculate chance for father with gender "Female".
[Isekai Forge] Skipping Lubov<color=#999999FF>, Informant</color>: failed equipChance roll (40 %) for rank D
[Isekai Forge] Enhancing Rice<color=#999999FF>, Deserter</color> (rank E): maxRef=1, runeChance=10 %, maxRuneRank=1
[Isekai Forge] Skipping Kenneth<color=#999999FF>, Deserter</color>: failed equipChance roll (10 %) for rank F
[Isekai Forge] Enhancing Qh'zoshi'ra<color=#999999FF>, Street rat</color> (rank D): maxRef=2, runeChance=20 %, maxRuneRank=1
[Isekai Forge] Skipping Salazar<color=#999999FF>, Deserter</color>: failed equipChance roll (10 %) for rank F
Tried to calculate chance for father with gender "Female".
Tried to calculate chance for father with gender "Female".
Tried to calculate chance for father with gender "Female".
[Isekai Forge] Skipping Tatyana<color=#999999FF>, Deserter</color>: failed equipChance roll (10 %) for rank F
[Isekai Forge] Enhancing Immanuil<color=#999999FF>, Keeper</color> (rank D): maxRef=2, runeChance=20 %, maxRuneRank=1
Tried to calculate chance for father with gender "Female".
Tried to calculate chance for father with gender "Female".
Tried to calculate chance for father with gender "Female".
Tried to calculate chance for father with gender "Female".
[Isekai Forge] Enhancing Ripley<color=#999999FF>, Psychic</color> (rank D): maxRef=2, runeChance=20 %, maxRuneRank=1
[Isekai Forge] Skipping Masi<color=#999999FF>, Mariner</color>: failed equipChance roll (40 %) for rank D
[Isekai Forge] Skipping Inessa<color=#999999FF>, Deserter</color>: failed equipChance roll (55 %) for rank C
[Isekai Forge] Skipping Ketildísdóttir<color=#999999FF>, Slaughterer</color>: failed equipChance roll (10 %) for rank F
[Isekai Forge] Skipping Yuzuki<color=#999999FF>, Cog</color>: failed equipChance roll (10 %) for rank F
Tried to calculate chance for father with gender "Female".
Tried to calculate chance for father with gender "Female".
[Isekai Forge] Skipping Gumpy<color=#999999FF>, Deserter</color>: failed equipChance roll (20 %) for rank E
[Isekai Forge] Skipping Preston<color=#999999FF>, Trooper</color>: failed equipChance roll (40 %) for rank D
Tried to calculate chance for father with gender "Female".
[Isekai Forge] Enhancing Lips<color=#999999FF>, Trooper</color> (rank B): maxRef=4, runeChance=50 %, maxRuneRank=2
[Isekai Forge] Skipping Broman<color=#999999FF>, Deserter</color>: failed equipChance roll (10 %) for rank F
[Isekai Forge] Skipping Zinh<color=#999999FF>, Machinist</color>: failed equipChance roll (40 %) for rank D
Tried to calculate chance for father with gender "Female".
Tried to calculate chance for father with gender "Female".
Tried to calculate chance for father with gender "Female".
[Isekai Forge] Enhancing Penny<color=#999999FF>, Medic</color> (rank C): maxRef=3, runeChance=35 %, maxRuneRank=1
Tried to calculate chance for father with gender "Female".
Tried to calculate chance for father with gender "Female".
Tried to calculate chance for father with gender "Female".
Tried to calculate chance for father with gender "Female".
Tried to calculate chance for father with gender "Female".
Tried to calculate chance for father with gender "Female".
Tried to calculate chance for father with gender "Female".
Tried to calculate chance for father with gender "Female".
[Isekai Forge] Enhancing Kouma<color=#999999FF>, Auditor</color> (rank D): maxRef=2, runeChance=20 %, maxRuneRank=1
Tried to calculate chance for mother with gender "Male".
Tried to calculate chance for mother with gender "Male".
Tried to calculate chance for mother with gender "Male".
Tried to calculate chance for father with gender "Female".
[Isekai Forge] Skipping Brynn<color=#999999FF>, Mailwoman</color>: failed equipChance roll (10 %) for rank F
Tried to calculate chance for father with gender "Female".
[Isekai Forge] Skipping Anya<color=#999999FF>, Brat</color>: failed equipChance roll (10 %) for rank F
[Isekai Forge] Skipping Lambert<color=#999999FF>, Lighter</color>: failed equipChance roll (20 %) for rank E
[Isekai Forge] Skipping Knight<color=#999999FF>, Propagandist</color>: failed equipChance roll (40 %) for rank D
Tried to calculate chance for father with gender "Female".
Tried to calculate chance for father with gender "Female".
[Isekai Forge] Enhancing Min<color=#999999FF>, Pop idol</color> (rank SS): maxRef=9, runeChance=85 %, maxRuneRank=4
[Isekai Forge] Skipping Masahiro<color=#999999FF>, Gifted</color>: failed equipChance roll (20 %) for rank E
[Isekai Forge] Skipping Drew<color=#999999FF>, Builder</color>: failed equipChance roll (70 %) for rank B
[Isekai Forge] Skipping Kate<color=#999999FF>, Pushover</color>: failed equipChance roll (10 %) for rank F
Tried to calculate chance for father with gender "Female".
Tried to calculate chance for mother with gender "Male".
Tried to calculate chance for father with gender "Female".
Tried to calculate chance for father with gender "Female".
Tried to calculate chance for father with gender "Female".
[Isekai Forge] Enhancing Janus<color=#999999FF>, Trooper</color> (rank F): maxRef=1, runeChance=5 %, maxRuneRank=1
[Isekai Forge] Skipping Andrews<color=#999999FF>, Trooper</color>: failed equipChance roll (10 %) for rank F
[Isekai Forge] Enhancing Preston<color=#999999FF>, Trooper</color> (rank D): maxRef=2, runeChance=20 %, maxRuneRank=1
[Isekai Forge] Skipping Sparks<color=#999999FF>, Trooper</color>: failed equipChance roll (20 %) for rank E
Tried to calculate chance for father with gender "Female".
Tried to calculate chance for father with gender "Female".
Tried to calculate chance for father with gender "Female".
[Isekai Forge] Enhancing Ash<color=#999999FF>, Trooper</color> (rank B): maxRef=4, runeChance=50 %, maxRuneRank=2
[Isekai Forge] Enhancing Dudley<color=#999999FF>, Informant</color> (rank S): maxRef=8, runeChance=75 %, maxRuneRank=3
[Isekai Forge] Skipping Farren<color=#999999FF>, Marineworlder</color>: failed equipChance roll (10 %) for rank F
Tried to calculate chance for father with gender "Female".
Tried to calculate chance for father with gender "Female".
Tried to calculate chance for father with gender "Female".
Tried to calculate chance for father with gender "Female".
Tried to calculate chance for father with gender "Female".
Tried to calculate chance for father with gender "Female".
Tried to calculate chance for mother with gender "Male".
Tried to calculate chance for mother with gender "Male".
Tried to calculate chance for mother with gender "Male".
Tried to calculate chance for mother with gender "Male".
[Isekai Forge] Enhancing Griffin<color=#999999FF>, Deserter</color> (rank C): maxRef=3, runeChance=35 %, maxRuneRank=1
[Isekai Forge] Skipping Takuya<color=#999999FF>, Builder</color>: failed equipChance roll (10 %) for rank F
[Isekai Forge] Skipping Muller<color=#999999FF>, Inspector</color>: failed equipChance roll (10 %) for rank F
[Isekai Forge] Skipping Archer<color=#999999FF>, Escapee</color>: failed equipChance roll (10 %) for rank F
Tried to calculate chance for father with gender "Female".
Tried to calculate chance for father with gender "Female".
Tried to calculate chance for father with gender "Female".
Tried to calculate chance for father with gender "Female".
Tried to calculate chance for father with gender "Female".
Tried to calculate chance for father with gender "Female".
[Isekai Forge] Enhancing Rew<color=#999999FF>, Deserter</color> (rank D): maxRef=2, runeChance=20 %, maxRuneRank=1
Tried to calculate chance for father with gender "Female".
[Isekai Forge] Enhancing Teo<color=#999999FF>, Janitor</color> (rank D): maxRef=2, runeChance=20 %, maxRuneRank=1
[Isekai Forge] Skipping Sk'oraemu'k<color=#999999FF>, Deserter</color>: failed equipChance roll (20 %) for rank E
[Isekai Forge] Enhancing Brethorst<color=#999999FF>, Coordinator</color> (rank E): maxRef=1, runeChance=10 %, maxRuneRank=1
[Isekai Forge] Enhancing Gilbert<color=#999999FF>, Trooper</color> (rank D): maxRef=2, runeChance=20 %, maxRuneRank=1
Tried to calculate chance for father with gender "Female".
[Isekai Forge] Skipping Gumpy<color=#999999FF>, Sommelier </color>: failed equipChance roll (70 %) for rank B
Tried to calculate chance for mother with gender "Male".
Tried to calculate chance for mother with gender "Male".
Tried to calculate chance for mother with gender "Male".
[Isekai Forge] Enhancing Aletta<color=#999999FF>, Masseuse</color> (rank B): maxRef=4, runeChance=50 %, maxRuneRank=2
[Isekai Forge] Skipping Foley<color=#999999FF>, Trooper</color>: failed equipChance roll (70 %) for rank B
[Isekai Forge] Skipping Corsi<color=#999999FF>, Rioter</color>: failed equipChance roll (10 %) for rank F
Tried to calculate chance for mother with gender "Male".
Tried to calculate chance for father with gender "Female".
[Isekai Forge] Skipping Rodgers<color=#999999FF>, Servant</color>: failed equipChance roll (10 %) for rank F
Tried to calculate chance for father with gender "Female".
Tried to calculate chance for mother with gender "Male".
[Isekai Forge] Skipping Jen<color=#999999FF>, Trooper</color>: failed equipChance roll (10 %) for rank F
Tried to calculate chance for father with gender "Female".
Tried to calculate chance for father with gender "Female".
[Isekai Forge] Skipping Dweeb<color=#999999FF>, Cog</color>: failed equipChance roll (20 %) for rank E
[Isekai Forge] Skipping Lottie<color=#999999FF>, Trooper</color>: failed equipChance roll (20 %) for rank E
Tried to calculate chance for father with gender "Female".
[Isekai Forge] Skipping Bartolomeo<color=#999999FF>, Dancer</color>: failed equipChance roll (10 %) for rank F
[Isekai Forge] Skipping Dudley<color=#999999FF>, Informant</color>: failed equipChance roll (95 %) for rank S
Tried to calculate chance for father with gender "Female".
[Isekai Forge] Skipping Tammy<color=#999999FF>, Deserter</color>: failed equipChance roll (20 %) for rank E
Tried to calculate chance for father with gender "Female".
Tried to calculate chance for father with gender "Female".
Tried to calculate chance for mother with gender "Male".
Tried to calculate chance for father with gender "Female".
[Isekai Forge] Enhancing Grump<color=#999999FF>, Trooper</color> (rank C): maxRef=3, runeChance=35 %, maxRuneRank=1
Tried to calculate chance for father with gender "Female".
Tried to calculate chance for father with gender "Female".
[Isekai Forge] Skipping Irina<color=#999999FF>, Deserter</color>: failed equipChance roll (10 %) for rank F
[Isekai Forge] Skipping Lord<color=#999999FF>, Cosplayer</color>: failed equipChance roll (70 %) for rank B
[Isekai Forge] Skipping Ng'muari'ea<color=#999999FF>, Zookeeper</color>: failed equipChance roll (20 %) for rank E
Tried to calculate chance for mother with gender "Male".
[Isekai Forge] Skipping Sd'cire'ua<color=#999999FF>, Trooper</color>: failed equipChance roll (20 %) for rank E
[Isekai Forge] Skipping Oleg<color=#999999FF>, Deserter</color>: failed equipChance roll (10 %) for rank F
Tried to calculate chance for father with gender "Female".
Tried to calculate chance for father with gender "Female".
Tried to calculate chance for father with gender "Female".
[Isekai Forge] Enhancing Jane<color=#999999FF>, Deserter</color> (rank D): maxRef=2, runeChance=20 %, maxRuneRank=1
[Isekai Forge] Skipping Marquez<color=#999999FF>, Ornamenter</color>: failed equipChance roll (40 %) for rank D
Tried to calculate chance for father with gender "Female".
Tried to calculate chance for mother with gender "Male".
[Isekai Forge] Enhancing Simmons<color=#999999FF>, Deserter</color> (rank E): maxRef=1, runeChance=10 %, maxRuneRank=1
[Isekai Forge] Skipping Antonina<color=#999999FF>, Trooper</color>: failed equipChance roll (10 %) for rank F
[Isekai Forge] Skipping Sk'owulu't<color=#999999FF>, Masseuse</color>: failed equipChance roll (20 %) for rank E
Tried to calculate chance for father with gender "Female".
Tried to calculate chance for father with gender "Female".
Tried to calculate chance for father with gender "Female".
Tried to calculate chance for mother with gender "Male".
Tried to calculate chance for father with gender "Female".
Tried to calculate chance for mother with gender "Male".
[Isekai Forge] Skipping Shigeko<color=#999999FF>, Trooper</color>: failed equipChance roll (10 %) for rank F
[Isekai Forge] Skipping Nine<color=#999999FF>, Dancer</color>: failed equipChance roll (20 %) for rank E
[Isekai Forge] Skipping Andrei<color=#999999FF>, Deserter</color>: failed equipChance roll (10 %) for rank F
[Isekai Forge] Enhancing Sissy<color=#999999FF>, Servant</color> (rank E): maxRef=1, runeChance=10 %, maxRuneRank=1
[Isekai Forge] Skipping Coriveau<color=#999999FF>, Coordinator</color>: failed equipChance roll (10 %) for rank F
[Isekai Forge] Skipping Decker<color=#999999FF>, Dancer</color>: failed equipChance roll (20 %) for rank E
Tried to calculate chance for father with gender "Female".
Tried to calculate chance for father with gender "Female".
Tried to calculate chance for father with gender "Female".
[Isekai Forge] Enhancing McKinney<color=#999999FF>, Trooper</color> (rank E): maxRef=1, runeChance=10 %, maxRuneRank=1
Tried to calculate chance for father with gender "Female".
Tried to calculate chance for father with gender "Female".
Tried to calculate chance for mother with gender "Male".
[Isekai Forge] Skipping Lara<color=#999999FF>, Deserter</color>: failed equipChance roll (10 %) for rank F
[Isekai Forge] Skipping Ace<color=#999999FF>, House girl</color>: failed equipChance roll (10 %) for rank F
Tried to calculate chance for father with gender "Female".
Tried to calculate chance for father with gender "Female".
[Isekai Forge] Skipping Jaeyoung<color=#999999FF>, Trooper</color>: failed equipChance roll (20 %) for rank E
Tried to calculate chance for father with gender "Female".
Tried to calculate chance for father with gender "Female".
Tried to calculate chance for father with gender "Female".
[Isekai Forge] Skipping Annabel<color=#999999FF>, Marineworlder</color>: failed equipChance roll (55 %) for rank C
Tried to calculate chance for father with gender "Female".
[Isekai Forge] Skipping Mary<color=#999999FF>, Trooper</color>: failed equipChance roll (20 %) for rank E
Tried to calculate chance for mother with gender "Male".
[Isekai Forge] Skipping Jess<color=#999999FF>, Servant</color>: failed equipChance roll (10 %) for rank F
[Isekai Forge] Skipping Kasen<color=#999999FF>, Brat</color>: failed equipChance roll (10 %) for rank F
[Isekai Forge] Skipping Skrebel<color=#999999FF>, Trooper</color>: failed equipChance roll (40 %) for rank D
Tried to calculate chance for father with gender "Female".
Tried to calculate chance for father with gender "Female".
Tried to calculate chance for father with gender "Female".
[Isekai Forge] Skipping Callie<color=#999999FF>, Servant</color>: failed equipChance roll (10 %) for rank F
[Isekai Forge] Skipping Cole<color=#999999FF>, Trooper</color>: failed equipChance roll (10 %) for rank F
Tried to calculate chance for father with gender "Female".
[Isekai Forge] Skipping Kat<color=#999999FF>, Trooper</color>: failed equipChance roll (10 %) for rank F
[Isekai Forge] Skipping Th'ezare'lo<color=#999999FF>, Cadet</color>: failed equipChance roll (40 %) for rank D
Tried to calculate chance for mother with gender "Male".
Tried to calculate chance for mother with gender "Male".
[Isekai Forge] Enhancing Henriette<color=#999999FF>, Deserter</color> (rank E): maxRef=1, runeChance=10 %, maxRuneRank=1
[Isekai Forge] Skipping Scots<color=#999999FF>, Brat</color>: failed equipChance roll (20 %) for rank E
Tried to calculate chance for mother with gender "Male".
[Isekai Forge] Enhancing Harvey<color=#999999FF>, Deserter</color> (rank B): maxRef=4, runeChance=50 %, maxRuneRank=2
Tried to calculate chance for father with gender "Female".
Tried to calculate chance for father with gender "Female".
[Isekai Forge] Skipping Chung<color=#999999FF>, Trooper</color>: failed equipChance roll (10 %) for rank F
[Isekai Forge] Skipping A'comi'p<color=#999999FF>, Deserter</color>: failed equipChance roll (10 %) for rank F
Tried to calculate chance for father with gender "Female".
Tried to calculate chance for father with gender "Female".
Tried to calculate chance for father with gender "Female".
[Isekai Forge] Enhancing Fergie<color=#999999FF>, Cosplayer</color> (rank E): maxRef=1, runeChance=10 %, maxRuneRank=1
[Isekai Forge] Skipping Gile<color=#999999FF>, Fixer</color>: failed equipChance roll (20 %) for rank E
[Isekai Forge] Enhancing Billy<color=#999999FF>, Grunt</color> (rank S): maxRef=8, runeChance=75 %, maxRuneRank=3
Tried to calculate chance for father with gender "Female".
Tried to calculate chance for father with gender "Female".
Tried to calculate chance for father with gender "Female".
[Isekai Forge] Enhancing Dora<color=#999999FF>, Deserter</color> (rank F): maxRef=1, runeChance=5 %, maxRuneRank=1
[Isekai Forge] Skipping Benoxis<color=#999999FF>, Miner</color>: failed equipChance roll (10 %) for rank F
[Isekai Forge] Skipping Dano<color=#999999FF>, Cog</color>: failed equipChance roll (20 %) for rank E
Tried to calculate chance for mother with gender "Male".
Tried to calculate chance for mother with gender "Male".
[Isekai Forge] Enhancing Beck<color=#999999FF>, Driller</color> (rank C): maxRef=3, runeChance=35 %, maxRuneRank=1
[Isekai Forge] Enhancing Irioth<color=#999999FF>, Marine</color> (rank C): maxRef=3, runeChance=35 %, maxRuneRank=1
[Isekai Forge] Enhancing Bas<color=#999999FF>, Auditor</color> (rank E): maxRef=1, runeChance=10 %, maxRuneRank=1
[Isekai Forge] Skipping Rurik<color=#999999FF>, Deserter</color>: failed equipChance roll (55 %) for rank C
[Isekai Forge] Skipping Ren<color=#999999FF>, Trooper</color>: failed equipChance roll (10 %) for rank F
Tried to calculate chance for father with gender "Female".
Tried to calculate chance for father with gender "Female".
Tried to calculate chance for father with gender "Female".
Tried to calculate chance for father with gender "Female".
[Isekai Forge] Skipping Ariel<color=#999999FF>, Trooper</color>: failed equipChance roll (20 %) for rank E
Tried to calculate chance for father with gender "Female".
Tried to calculate chance for father with gender "Female".
[Isekai Forge] Skipping Inga<color=#999999FF>, Mechanic</color>: failed equipChance roll (20 %) for rank E
[Isekai Forge] Enhancing Dieter<color=#999999FF>, Deserter</color> (rank C): maxRef=3, runeChance=35 %, maxRuneRank=1
[Isekai Forge] Skipping Black Widow<color=#999999FF>, Cadet</color>: failed equipChance roll (20 %) for rank E
Tried to calculate chance for father with gender "Female".
Tried to calculate chance for father with gender "Female".
Tried to calculate chance for father with gender "Female".
Tried to calculate chance for father with gender "Female".
Tried to calculate chance for father with gender "Female".
Tried to calculate chance for father with gender "Female".
[Isekai Forge] Enhancing Gaines<color=#999999FF>, Paramedic</color> (rank S): maxRef=8, runeChance=75 %, maxRuneRank=3
Tried to calculate chance for mother with gender "Male".
Tried to calculate chance for mother with gender "Male".
Tried to calculate chance for mother with gender "Male".
[Isekai Forge] Skipping Crim<color=#999999FF>, Fixer</color>: failed equipChance roll (10 %) for rank F
[Isekai Forge] Skipping Rewantaz<color=#999999FF>, Deserter</color>: failed equipChance roll (10 %) for rank F
[Isekai Forge] Skipping Gert<color=#999999FF>, Escapee</color>: failed equipChance roll (20 %) for rank E
[Isekai Forge] Skipping Wally<color=#999999FF>, Brat</color>: failed equipChance roll (20 %) for rank E
Tried to calculate chance for mother with gender "Male".
Tried to calculate chance for father with gender "Female".
Tried to calculate chance for mother with gender "Male".
Tried to calculate chance for father with gender "Female".
Tried to calculate chance for mother with gender "Male".
Tried to calculate chance for father with gender "Female".
[Isekai Forge] Skipping Natalya<color=#999999FF>, Policewoman</color>: failed equipChance roll (10 %) for rank F
[Isekai Forge] Skipping Boyd<color=#999999FF>, Maid</color>: failed equipChance roll (10 %) for rank F
[Isekai Forge] Enhancing Leighton<color=#999999FF>, Deserter</color> (rank D): maxRef=2, runeChance=20 %, maxRuneRank=1
[Isekai Forge] Enhancing Serg<color=#999999FF>, Assembler</color> (rank C): maxRef=3, runeChance=35 %, maxRuneRank=1
Tried to calculate chance for father with gender "Female".
[Isekai Forge] Skipping O'Neill<color=#999999FF>, Mechanic</color>: failed equipChance roll (10 %) for rank F
Tried to calculate chance for mother with gender "Male".
Tried to calculate chance for mother with gender "Male".
Tried to calculate chance for mother with gender "Male".
[Isekai Forge] Skipping Bud<color=#999999FF>, Slaughterer</color>: failed equipChance roll (10 %) for rank F
[Isekai Forge] Skipping Oyster<color=#999999FF>, Plank cutter</color>: failed equipChance roll (20 %) for rank E
Tried to calculate chance for father with gender "Female".
Tried to calculate chance for father with gender "Female".
Tried to calculate chance for father with gender "Female".
Tried to calculate chance for mother with gender "Male".
Tried to calculate chance for mother with gender "Male".
Tried to calculate chance for mother with gender "Male".
[Isekai Forge] Skipping Kristy<color=#999999FF>, Deserter</color>: failed equipChance roll (10 %) for rank F
[Isekai Forge] Skipping Abe<color=#999999FF>, Trooper</color>: failed equipChance roll (40 %) for rank D
[Isekai Forge] Enhancing Kelley<color=#999999FF>, Psychic</color> (rank F): maxRef=1, runeChance=5 %, maxRuneRank=1
Tried to calculate chance for mother with gender "Male".
Tried to calculate chance for mother with gender "Male".
Tried to calculate chance for mother with gender "Male".
Tried to calculate chance for father with gender "Female".
[Isekai Forge] Enhancing Maiki<color=#999999FF>, Sommelier </color> (rank SS): maxRef=9, runeChance=85 %, maxRuneRank=4
Tried to calculate chance for father with gender "Female".
Tried to calculate chance for father with gender "Female".
Tried to calculate chance for father with gender "Female".
[Isekai Forge] Enhancing Alberto<color=#999999FF>, Collector</color> (rank A): maxRef=6, runeChance=65 %, maxRuneRank=3
[Isekai Forge] Skipping Valerie<color=#999999FF>, Scout</color>: failed equipChance roll (10 %) for rank F
Tried to calculate chance for father with gender "Female".
Tried to calculate chance for father with gender "Female".
Tried to calculate chance for father with gender "Female".
Tried to calculate chance for father with gender "Female".
Tried to calculate chance for father with gender "Female".
Tried to calculate chance for father with gender "Female".
[Isekai Forge] Enhancing Badluck<color=#999999FF>, Henchman</color> (rank C): maxRef=3, runeChance=35 %, maxRuneRank=1
[Isekai Forge] Skipping Otis<color=#999999FF>, Runner</color>: failed equipChance roll (10 %) for rank F
[Isekai Forge] Skipping Denis<color=#999999FF>, Cosplayer</color>: failed equipChance roll (10 %) for rank F
Tried to calculate chance for father with gender "Female".
Tried to calculate chance for father with gender "Female".
[Isekai Forge] Skipping Sparkles<color=#999999FF>, Jeweler</color>: failed equipChance roll (55 %) for rank C
[Isekai Forge] Enhancing Dodo<color=#999999FF>, Runner</color> (rank B): maxRef=4, runeChance=50 %, maxRuneRank=2
[Isekai Forge] Enhancing Maria<color=#999999FF>, Mailwoman</color> (rank E): maxRef=1, runeChance=10 %, maxRuneRank=1
[Isekai Forge] Enhancing Diluo<color=#999999FF>, Servant</color> (rank F): maxRef=1, runeChance=5 %, maxRuneRank=1
[Isekai Forge] Skipping Rengo<color=#999999FF>, Seamstress</color>: failed equipChance roll (10 %) for rank F
[Isekai Forge] Skipping Higgs<color=#999999FF>, Soldier</color>: failed equipChance roll (20 %) for rank E
Tried to calculate chance for father with gender "Female".
Tried to calculate chance for father with gender "Female".
[Isekai Forge] Skipping Haynes<color=#999999FF>, Scrapper</color>: failed equipChance roll (20 %) for rank E
Tried to calculate chance for mother with gender "Male".
Tried to calculate chance for father with gender "Female".
Tried to calculate chance for mother with gender "Male".
Tried to calculate chance for father with gender "Female".
Tried to calculate chance for mother with gender "Male".
[Isekai Forge] Skipping Sampson<color=#999999FF>, Cosplayer</color>: failed equipChance roll (40 %) for rank D
[Isekai Forge] Skipping Pete<color=#999999FF>, Subject</color>: failed equipChance roll (70 %) for rank B
Tried to calculate chance for father with gender "Female".
Tried to calculate chance for father with gender "Female".
Tried to calculate chance for father with gender "Female".
Tried to calculate chance for father with gender "Female".
Tried to calculate chance for father with gender "Female".
Tried to calculate chance for father with gender "Female".
[Isekai Forge] Skipping Valentina<color=#999999FF>, Runner</color>: failed equipChance roll (55 %) for rank C
[Isekai Forge] Enhancing Wheatley<color=#999999FF>, Vet</color> (rank A): maxRef=6, runeChance=65 %, maxRuneRank=3
Tried to calculate chance for father with gender "Female".
Tried to calculate chance for father with gender "Female".
Tried to calculate chance for father with gender "Female".
Tried to calculate chance for father with gender "Female".
[Isekai Forge] Skipping JD<color=#999999FF>, Forester</color>: failed equipChance roll (10 %) for rank F
Tried to calculate chance for father with gender "Female".
Tried to calculate chance for father with gender "Female".
Tried to calculate chance for father with gender "Female".
Tried to calculate chance for father with gender "Female".
[Isekai Forge] Skipping Lumi<color=#999999FF>, Hunter</color>: failed equipChance roll (20 %) for rank E
Tried to calculate chance for father with gender "Female".
Tried to calculate chance for father with gender "Female".
Tried to calculate chance for father with gender "Female".
[Isekai Forge] Enhancing Gibson<color=#999999FF>, Survivor</color> (rank C): maxRef=3, runeChance=35 %, maxRuneRank=1
Tried to calculate chance for father with gender "Female".
[Isekai Forge] Enhancing Acevedo<color=#999999FF>, Runner</color> (rank D): maxRef=2, runeChance=20 %, maxRuneRank=1
[Isekai Forge] Skipping Galina<color=#999999FF>, Rudie</color>: failed equipChance roll (55 %) for rank C
[Isekai Forge] Skipping Hale<color=#999999FF>, Runner</color>: failed equipChance roll (40 %) for rank D
Tried to calculate chance for father with gender "Female".
Tried to calculate chance for mother with gender "Male".
[Isekai Forge] Skipping Theo<color=#999999FF>, Exile</color>: failed equipChance roll (20 %) for rank E
Tried to calculate chance for father with gender "Female".
Tried to calculate chance for father with gender "Female".
[Isekai Forge] Skipping Monty<color=#999999FF>, Spy</color>: failed equipChance roll (10 %) for rank F
[Isekai Forge] Skipping Sarai<color=#999999FF>, Engineer</color>: failed equipChance roll (10 %) for rank F
[Isekai Forge] Skipping Yates<color=#999999FF>, Priest</color>: failed equipChance roll (10 %) for rank F
[Isekai Forge] Skipping Cali<color=#999999FF>, Cultist</color>: failed equipChance roll (20 %) for rank E
[Isekai Forge] Skipping Claire<color=#999999FF>, Grunt</color>: failed equipChance roll (40 %) for rank D
[Isekai Forge] Skipping Edson<color=#999999FF>, Deserter</color>: failed equipChance roll (40 %) for rank D
[Isekai Forge] Skipping Orion<color=#999999FF>, Arbiter</color>: failed equipChance roll (20 %) for rank E
[Isekai Forge] Skipping Stuart<color=#999999FF>, Majordomo</color>: failed equipChance roll (10 %) for rank F
[Isekai Forge] Skipping Frog<color=#999999FF>, Farmer</color>: failed equipChance roll (10 %) for rank F
[Isekai Forge] Enhancing Speedy<color=#999999FF>, Actor</color> (rank C): maxRef=3, runeChance=35 %, maxRuneRank=1
[Isekai Forge] Enhancing Peters<color=#999999FF>, Enforcer</color> (rank B): maxRef=4, runeChance=50 %, maxRuneRank=2
[Isekai Forge] Skipping Guerra<color=#999999FF>, Controller</color>: failed equipChance roll (10 %) for rank F
Tried to calculate chance for father with gender "Female".
Tried to calculate chance for father with gender "Female".
Tried to calculate chance for father with gender "Female".
[Isekai Forge] Skipping Sale<color=#999999FF>, Fighter</color>: failed equipChance roll (10 %) for rank F
[Isekai Forge] Enhancing MJ<color=#999999FF>, Paramedic</color> (rank SS): maxRef=9, runeChance=85 %, maxRuneRank=4
[Isekai Forge] Skipping Diver<color=#999999FF>, Mercenary</color>: failed equipChance roll (20 %) for rank E
[Isekai Forge] Skipping Lee<color=#999999FF>, Pirate</color>: failed equipChance roll (10 %) for rank F
Tried to calculate chance for mother with gender "Male".
Tried to calculate chance for father with gender "Female".
[Isekai Forge] Skipping Connor<color=#999999FF>, Enforcer</color>: failed equipChance roll (20 %) for rank E
[Isekai Forge] Skipping Mei<color=#999999FF>, Urchin</color>: failed equipChance roll (10 %) for rank F
[Isekai Forge] Skipping McCormick<color=#999999FF>, Grunt</color>: failed equipChance roll (10 %) for rank F
Tried to calculate chance for father with gender "Female".
Tried to calculate chance for mother with gender "Male".
[Isekai Forge] Skipping Eva<color=#999999FF>, Runner</color>: failed equipChance roll (40 %) for rank D
Tried to calculate chance for father with gender "Female".
[Isekai Forge] Skipping Rita<color=#999999FF>, Prosecuted Vet</color>: failed equipChance roll (10 %) for rank F
[Isekai Forge] Skipping Speedy<color=#999999FF>, Actor</color>: failed equipChance roll (55 %) for rank C
Tried to calculate chance for father with gender "Female".
[Isekai Forge] Skipping Keiko<color=#999999FF>, Surgeon</color>: failed equipChance roll (40 %) for rank D
Tried to calculate chance for father with gender "Female".
Tried to calculate chance for father with gender "Female".
Tried to calculate chance for father with gender "Female".
Tried to calculate chance for father with gender "Female".
Tried to calculate chance for father with gender "Female".
Tried to calculate chance for father with gender "Female".
Tried to calculate chance for father with gender "Female".
Tried to calculate chance for father with gender "Female".
[Isekai Forge] Enhancing Howard<color=#999999FF>, Engineer</color> (rank C): maxRef=3, runeChance=35 %, maxRuneRank=1
[Isekai Forge] Skipping Olesya<color=#999999FF>, Fishfarmer</color>: failed equipChance roll (20 %) for rank E
[Isekai Forge] Enhancing Lobster<color=#999999FF>, Warrior</color> (rank E): maxRef=1, runeChance=10 %, maxRuneRank=1
[Isekai Forge] Enhancing Rin<color=#999999FF>, Deserter</color> (rank A): maxRef=6, runeChance=65 %, maxRuneRank=3
[Isekai Forge] Skipping Noodle<color=#999999FF>, Deserter</color>: failed equipChance roll (10 %) for rank F
[Isekai Forge] Skipping Kiyoshi<color=#999999FF>, Supplier</color>: failed equipChance roll (20 %) for rank E
[Isekai Forge] Skipping Eastlake<color=#999999FF>, Trooper</color>: failed equipChance roll (20 %) for rank E
[Isekai Forge] Enhancing Anon<color=#999999FF>, Deserter</color> (rank D): maxRef=2, runeChance=20 %, maxRuneRank=1
[Isekai Forge] Skipping Bryn<color=#999999FF>, Chemist</color>: failed equipChance roll (10 %) for rank F
Tried to calculate chance for father with gender "Female".
Tried to calculate chance for mother with gender "Male".
Tried to calculate chance for father with gender "Female".
Tried to calculate chance for mother with gender "Male".
Tried to calculate chance for father with gender "Female".
Tried to calculate chance for mother with gender "Male".
[Isekai Forge] Enhancing Rocha<color=#999999FF>, Driller</color> (rank E): maxRef=1, runeChance=10 %, maxRuneRank=1
[Isekai Forge] Skipping Frog<color=#999999FF>, Farmer</color>: failed equipChance roll (10 %) for rank F
Tried to calculate chance for father with gender "Female".
[Isekai Forge] Skipping Donovan<color=#999999FF>, Liar</color>: failed equipChance roll (10 %) for rank F
[Isekai Forge] Enhancing Diver<color=#999999FF>, Mercenary</color> (rank F): maxRef=1, runeChance=5 %, maxRuneRank=1
[Isekai Forge] Skipping Josh<color=#999999FF>, Runner</color>: failed equipChance roll (10 %) for rank F
Tried to calculate chance for father with gender "Female".
[Isekai Forge] Enhancing Lowell<color=#999999FF>, Farmer</color> (rank D): maxRef=2, runeChance=20 %, maxRuneRank=1
Tried to calculate chance for father with gender "Female".
Tried to calculate chance for mother with gender "Male".
Tried to calculate chance for mother with gender "Male".
Tried to calculate chance for father with gender "Female".
Tried to calculate chance for mother with gender "Male".
Tried to calculate chance for mother with gender "Male".
Tried to calculate chance for father with gender "Female".
[Isekai Forge] Skipping Maskinnen<color=#999999FF>, Engineer</color>: failed equipChance roll (20 %) for rank E
[Isekai Forge] Skipping Friends<color=#999999FF>, Coordinator</color>: failed equipChance roll (20 %) for rank E
[Isekai Forge] Skipping Nonna<color=#999999FF>, Cog</color>: failed equipChance roll (10 %) for rank F
[Isekai Forge] Enhancing Jono<color=#999999FF>, Biologist</color> (rank F): maxRef=1, runeChance=5 %, maxRuneRank=1
[Isekai Forge] Enhancing Bennett<color=#999999FF>, Runner</color> (rank C): maxRef=3, runeChance=35 %, maxRuneRank=1
Tried to calculate chance for father with gender "Female".
[Isekai Forge] Skipping McMillan<color=#999999FF>, Arbiter</color>: failed equipChance roll (20 %) for rank E
Tried to calculate chance for mother with gender "Male".
Tried to calculate chance for mother with gender "Male".
[Isekai Forge] Skipping Chara<color=#999999FF>, Politician</color>: failed equipChance roll (20 %) for rank E
Tried to calculate chance for father with gender "Female".
Tried to calculate chance for father with gender "Female".
Tried to calculate chance for father with gender "Female".
Tried to calculate chance for father with gender "Female".
Tried to calculate chance for father with gender "Female".
Tried to calculate chance for father with gender "Female".
[Isekai Forge] Skipping Sakura<color=#999999FF>, Rudie</color>: failed equipChance roll (20 %) for rank E
[Isekai Forge] Enhancing Yaroslav<color=#999999FF>, Chef</color> (rank E): maxRef=1, runeChance=10 %, maxRuneRank=1
Tried to calculate chance for father with gender "Female".
[Isekai Forge] Skipping Duck<color=#999999FF>, Enforcer</color>: failed equipChance roll (20 %) for rank E
Tried to calculate chance for mother with gender "Male".
Tried to calculate chance for mother with gender "Male".
Tried to calculate chance for mother with gender "Male".
[Isekai Forge] Skipping Carle<color=#999999FF>, Escapee</color>: failed equipChance roll (10 %) for rank F
[Isekai Forge] Skipping VV<color=#999999FF>, Explorer</color>: failed equipChance roll (10 %) for rank F
[Isekai Forge] Enhancing Amanda<color=#999999FF>, Rudie</color> (rank D): maxRef=2, runeChance=20 %, maxRuneRank=1
[Isekai Forge] Enhancing Shaffer<color=#999999FF>, Trooper</color> (rank C): maxRef=3, runeChance=35 %, maxRuneRank=1
[Isekai Forge] Skipping Matthew<color=#999999FF>, Deserter</color>: failed equipChance roll (10 %) for rank F
[Isekai Forge] Skipping Sir<color=#999999FF>, Living Cure</color>: failed equipChance roll (20 %) for rank E
Tried to calculate chance for father with gender "Female".
[Isekai Forge] Enhancing Valdez<color=#999999FF>, Inventor</color> (rank E): maxRef=1, runeChance=10 %, maxRuneRank=1
[Isekai Forge] Enhancing Shannon<color=#999999FF>, Driller</color> (rank B): maxRef=4, runeChance=50 %, maxRuneRank=2
Tried to calculate chance for mother with gender "Male".
Tried to calculate chance for mother with gender "Male".
Tried to calculate chance for mother with gender "Male".
[Isekai Forge] Skipping Jordyn<color=#999999FF>, Gamer</color>: failed equipChance roll (40 %) for rank D
[Isekai Forge] Skipping Kassie<color=#999999FF>, Majordomo</color>: failed equipChance roll (40 %) for rank D
Tried to calculate chance for father with gender "Female".
[Isekai Forge] Skipping Fitz<color=#999999FF>, Caravaneer</color>: failed equipChance roll (70 %) for rank B
[Isekai Forge] Enhancing Valdez<color=#999999FF>, Inventor</color> (rank E): maxRef=1, runeChance=10 %, maxRuneRank=1
[Isekai Forge] Skipping Love<color=#999999FF>, Prodigy</color>: failed equipChance roll (10 %) for rank F
Tried to calculate chance for mother with gender "Male".
Tried to calculate chance for father with gender "Female".
[Isekai Forge] Skipping Barbara<color=#999999FF>, Surgeon</color>: failed equipChance roll (40 %) for rank D
[Isekai Forge] Skipping Souta<color=#999999FF>, Palace-raised</color>: failed equipChance roll (10 %) for rank F
Tried to calculate chance for father with gender "Female".
Tried to calculate chance for father with gender "Female".
[Isekai Forge] Skipping Felicia<color=#999999FF>, Trooper</color>: failed equipChance roll (20 %) for rank E
[Isekai Forge] Skipping Susskind<color=#999999FF>, Cadet</color>: failed equipChance roll (20 %) for rank E
[Isekai Forge] Skipping Emily<color=#999999FF>, Enforcer</color>: failed equipChance roll (40 %) for rank D
Tried to calculate chance for mother with gender "Male".
Tried to calculate chance for mother with gender "Male".
[Isekai Forge] Skipping Cholaky<color=#999999FF>, Soldier</color>: failed equipChance roll (10 %) for rank F
[Isekai Forge] Skipping Wong<color=#999999FF>, Inventor</color>: failed equipChance roll (10 %) for rank F
[Isekai Forge] Skipping Maxwell<color=#999999FF>, Prodigy</color>: failed equipChance roll (40 %) for rank D
[Isekai Forge] Skipping Wuwui<color=#999999FF>, Acrobat</color>: failed equipChance roll (10 %) for rank F
[Isekai Forge] Skipping Hans<color=#999999FF>, Mute</color>: failed equipChance roll (55 %) for rank C
Tried to calculate chance for father with gender "Female".
[Isekai Forge] Enhancing Jamie<color=#999999FF>, Policeman</color> (rank D): maxRef=2, runeChance=20 %, maxRuneRank=1
Tried to calculate chance for father with gender "Female".
[Isekai Forge] Skipping Trofim<color=#999999FF>, Runner</color>: failed equipChance roll (10 %) for rank F
[Isekai Forge] Enhancing Davidson<color=#999999FF>, Builder</color> (rank F): maxRef=1, runeChance=5 %, maxRuneRank=1
[Isekai Forge] Skipping Paulette<color=#999999FF>, Deserter</color>: failed equipChance roll (20 %) for rank E
[Isekai Forge] Skipping Han<color=#999999FF>, Soldier</color>: failed equipChance roll (20 %) for rank E
[Isekai Forge] Skipping Gulak<color=#999999FF>, Blaster</color>: failed equipChance roll (20 %) for rank E
Tried to calculate chance for father with gender "Female".
Tried to calculate chance for father with gender "Female".
Tried to calculate chance for father with gender "Female".
[Isekai Forge] Skipping Holster<color=#999999FF>, Marine</color>: failed equipChance roll (20 %) for rank E
Tried to calculate chance for father with gender "Female".
[Isekai Forge] Skipping Kyle<color=#999999FF>, Surgeon</color>: failed equipChance roll (20 %) for rank E
[Isekai Forge] Skipping Shino<color=#999999FF>, Majordomo</color>: failed equipChance roll (10 %) for rank F
[Isekai Forge] Skipping Shepard<color=#999999FF>, Auditor</color>: failed equipChance roll (40 %) for rank D
[Isekai Forge] Enhancing Marine<color=#999999FF>, Farmer</color> (rank C): maxRef=3, runeChance=35 %, maxRuneRank=1
Tried to calculate chance for father with gender "Female".
[Isekai Forge] Skipping Kamrov<color=#999999FF>, Nomad</color>: failed equipChance roll (40 %) for rank D
[Isekai Forge] Skipping Zhang<color=#999999FF>, Mineralogist</color>: failed equipChance roll (20 %) for rank E
[Isekai Forge] Skipping James<color=#999999FF>, Escapee</color>: failed equipChance roll (55 %) for rank C
Tried to calculate chance for father with gender "Female".
[Isekai Forge] Skipping Ulfric<color=#999999FF>, Disappeared</color>: failed equipChance roll (10 %) for rank F
Tried to calculate chance for father with gender "Female".
[Isekai Forge] Skipping Nancy<color=#999999FF>, Farmer</color>: failed equipChance roll (20 %) for rank E
Tried to calculate chance for mother with gender "Male".
Tried to calculate chance for mother with gender "Male".
[Isekai Forge] Skipping Petersen<color=#999999FF>, Gardener</color>: failed equipChance roll (55 %) for rank C
[Isekai Forge] Enhancing JT<color=#999999FF>, Enforcer</color> (rank A): maxRef=6, runeChance=65 %, maxRuneRank=3
[Isekai Forge] Skipping Boy<color=#999999FF>, Engineer</color>: failed equipChance roll (20 %) for rank E
[Isekai Forge] Skipping Turtle<color=#999999FF>, Medic</color>: failed equipChance roll (40 %) for rank D
[Isekai Forge] Skipping Mayer<color=#999999FF>, Runner</color>: failed equipChance roll (20 %) for rank E
Tried to calculate chance for mother with gender "Male".
Tried to calculate chance for mother with gender "Male".
[Isekai Forge] Skipping Tony<color=#999999FF>, Enlisted</color>: failed equipChance roll (10 %) for rank F
Tried to calculate chance for father with gender "Female".
[Isekai Forge] Skipping Hurley<color=#999999FF>, Contract miner</color>: failed equipChance roll (20 %) for rank E
Tried to calculate chance for father with gender "Female".
Tried to calculate chance for mother with gender "Male".
Tried to calculate chance for father with gender "Female".
Tried to calculate chance for mother with gender "Male".
Tried to calculate chance for father with gender "Female".
[Isekai Forge] Skipping Cass<color=#999999FF>, Majordomo</color>: failed equipChance roll (20 %) for rank E
Tried to calculate chance for father with gender "Female".
[Isekai Forge] Skipping Mox<color=#999999FF>, Demoscener</color>: failed equipChance roll (20 %) for rank E
Tried to calculate chance for mother with gender "Male".
Tried to calculate chance for mother with gender "Male".
Tried to calculate chance for mother with gender "Male".
[Isekai Forge] Skipping Friedman<color=#999999FF>, Cave explorer</color>: failed equipChance roll (20 %) for rank E
[Isekai Forge] Enhancing Tamii<color=#999999FF>, Deserter</color> (rank D): maxRef=2, runeChance=20 %, maxRuneRank=1
[Isekai Forge] Enhancing Ruslan<color=#999999FF>, Grunt</color> (rank E): maxRef=1, runeChance=10 %, maxRuneRank=1
[Isekai Forge] Skipping Sylph<color=#999999FF>, Enforcer</color>: failed equipChance roll (20 %) for rank E
Tried to calculate chance for mother with gender "Male".
[Isekai Forge] Enhancing Trolinger<color=#999999FF>, Logger</color> (rank F): maxRef=1, runeChance=5 %, maxRuneRank=1
Tried to calculate chance for father with gender "Female".
[Isekai Forge] Skipping Cook<color=#999999FF>, Majordomo</color>: failed equipChance roll (20 %) for rank E
Tried to calculate chance for father with gender "Female".
[Isekai Forge] Enhancing Juliette<color=#999999FF>, Traveller</color> (rank E): maxRef=1, runeChance=10 %, maxRuneRank=1
Tried to calculate chance for father with gender "Female".
Tried to calculate chance for mother with gender "Male".
[Isekai Forge] Enhancing Calderon<color=#999999FF>, Collector</color> (rank D): maxRef=2, runeChance=20 %, maxRuneRank=1
[Isekai Forge] Skipping Andy<color=#999999FF>, Engineer</color>: failed equipChance roll (20 %) for rank E
Tried to calculate chance for father with gender "Female".
Tried to calculate chance for father with gender "Female".
[Isekai Forge] Skipping Rhae<color=#999999FF>, Lord</color>: failed equipChance roll (10 %) for rank F
[Isekai Forge] Skipping Henderson<color=#999999FF>, Housewife</color>: failed equipChance roll (10 %) for rank F
[Isekai Forge] Skipping Karic<color=#999999FF>, Miner</color>: failed equipChance roll (10 %) for rank F
[Isekai Forge] Skipping Simmy<color=#999999FF>, Controller</color>: failed equipChance roll (20 %) for rank E
[Isekai Forge] Enhancing Melinda<color=#999999FF>, Gardener</color> (rank C): maxRef=3, runeChance=35 %, maxRuneRank=1
[Isekai Forge] Skipping Larry<color=#999999FF>, Digger</color>: failed equipChance roll (20 %) for rank E
[Isekai Forge] Skipping Agate<color=#999999FF>, Majordomo</color>: failed equipChance roll (10 %) for rank F
Tried to calculate chance for mother with gender "Male".
Tried to calculate chance for mother with gender "Male".
[Isekai Forge] Skipping Falo<color=#999999FF>, Shitposter</color>: failed equipChance roll (55 %) for rank C
Tried to calculate chance for father with gender "Female".
Tried to calculate chance for father with gender "Female".
Tried to calculate chance for father with gender "Female".
Tried to calculate chance for father with gender "Female".
Tried to calculate chance for father with gender "Female".
Tried to calculate chance for father with gender "Female".
[Isekai Forge] Skipping Cinos<color=#999999FF>, Collector</color>: failed equipChance roll (10 %) for rank F
Tried to calculate chance for mother with gender "Male".
Tried to calculate chance for father with gender "Female".
[Isekai Forge] Skipping Villegas<color=#999999FF>, Manager</color>: failed equipChance roll (40 %) for rank D
Tried to calculate chance for mother with gender "Male".
[Isekai Forge] Skipping Hood<color=#999999FF>, Coma child</color>: failed equipChance roll (10 %) for rank F
Tried to calculate chance for father with gender "Female".
[Isekai Forge] Skipping Snow<color=#999999FF>, Enforcer</color>: failed equipChance roll (20 %) for rank E
Tried to calculate chance for mother with gender "Male".
[Isekai Forge] Enhancing Carimyna<color=#999999FF>, Enforcer</color> (rank C): maxRef=3, runeChance=35 %, maxRuneRank=1
Tried to calculate chance for father with gender "Female".
Tried to calculate chance for father with gender "Female".
Tried to calculate chance for father with gender "Female".
[Isekai Forge] Skipping McCarty<color=#999999FF>, Priest</color>: failed equipChance roll (20 %) for rank E
Tried to calculate chance for mother with gender "Male".
Tried to calculate chance for mother with gender "Male".
Tried to calculate chance for mother with gender "Male".
[Isekai Forge] Enhancing Mo<color=#999999FF>, Inspector</color> (rank F): maxRef=1, runeChance=5 %, maxRuneRank=1
Tried to calculate chance for mother with gender "Male".
Tried to calculate chance for mother with gender "Male".
Tried to calculate chance for mother with gender "Male".
[Isekai Forge] Skipping Wallis<color=#999999FF>, Palace-raised</color>: failed equipChance roll (40 %) for rank D
[Isekai Forge] Enhancing Maker<color=#999999FF>, Artificer</color> (rank C): maxRef=3, runeChance=35 %, maxRuneRank=1
[Isekai Forge] Skipping Cale<color=#999999FF>, Spy</color>: failed equipChance roll (20 %) for rank E
[Isekai Forge] Skipping Hiroshi<color=#999999FF>, Deserter</color>: failed equipChance roll (10 %) for rank F
[Isekai Forge] Skipping Dave<color=#999999FF>, Shitposter</color>: failed equipChance roll (10 %) for rank F
Tried to calculate chance for mother with gender "Male".
[Isekai Forge] Skipping Cynapse<color=#999999FF>, Hermit</color>: failed equipChance roll (10 %) for rank F
Tried to calculate chance for father with gender "Female".
[Isekai Forge] Skipping Danil<color=#999999FF>, Evangelist</color>: failed equipChance roll (20 %) for rank E
Tried to calculate chance for father with gender "Female".
Tried to calculate chance for father with gender "Female".
Tried to calculate chance for father with gender "Female".
Tried to calculate chance for father with gender "Female".
[Isekai Forge] Enhancing Schneider<color=#999999FF>, Coordinator</color> (rank E): maxRef=1, runeChance=10 %, maxRuneRank=1
[Isekai Forge] Skipping Jude<color=#999999FF>, Enforcer</color>: failed equipChance roll (10 %) for rank F
[Isekai Forge] Skipping Daniil<color=#999999FF>, Caretaker</color>: failed equipChance roll (10 %) for rank F
Tried to calculate chance for mother with gender "Male".
Tried to calculate chance for father with gender "Female".
[Isekai Forge] Skipping Medina<color=#999999FF>, Enforcer</color>: failed equipChance roll (55 %) for rank C
Tried to calculate chance for father with gender "Female".
Tried to calculate chance for mother with gender "Male".
[Isekai Forge] Skipping Akio<color=#999999FF>, Enforcer</color>: failed equipChance roll (10 %) for rank F
Tried to calculate chance for father with gender "Female".
Tried to calculate chance for father with gender "Female".
Tried to calculate chance for father with gender "Female".
[Isekai Forge] Skipping Sloan<color=#999999FF>, Hostess</color>: failed equipChance roll (20 %) for rank E
[Isekai Forge] Skipping Babbi<color=#999999FF>, Hostess</color>: failed equipChance roll (10 %) for rank F
[Isekai Forge] Skipping Fjord<color=#999999FF>, Gifted</color>: failed equipChance roll (20 %) for rank E
[Isekai Forge] Skipping Rodriguez<color=#999999FF>, Patriot</color>: failed equipChance roll (10 %) for rank F
[Isekai Forge] Skipping Emilia<color=#999999FF>, Grunt</color>: failed equipChance roll (20 %) for rank E
[Isekai Forge] Skipping Evans<color=#999999FF>, Enforcer</color>: failed equipChance roll (10 %) for rank F
Tried to calculate chance for father with gender "Female".
Tried to calculate chance for mother with gender "Male".
Tried to calculate chance for father with gender "Female".
Tried to calculate chance for mother with gender "Male".
Tried to calculate chance for father with gender "Female".
[Isekai Forge] Skipping Mathilde<color=#999999FF>, Majordomo</color>: failed equipChance roll (10 %) for rank F
Tried to calculate chance for father with gender "Female".
Tried to calculate chance for father with gender "Female".
[Isekai Forge] Enhancing Del<color=#999999FF>, Drone</color> (rank D): maxRef=2, runeChance=20 %, maxRuneRank=1
Tried to calculate chance for father with gender "Female".
Tried to calculate chance for father with gender "Female".
Tried to calculate chance for father with gender "Female".
[Isekai Forge] Skipping Gnugfur<color=#999999FF>, Gigolo</color>: failed equipChance roll (10 %) for rank F
Tried to calculate chance for father with gender "Female".
Tried to calculate chance for father with gender "Female".
[Isekai Forge] Enhancing Polly<color=#999999FF>, Enforcer</color> (rank D): maxRef=2, runeChance=20 %, maxRuneRank=1
[Isekai Forge] Skipping Miriam<color=#999999FF>, Cadet</color>: failed equipChance roll (20 %) for rank E
Tried to calculate chance for mother with gender "Male".
Tried to calculate chance for mother with gender "Male".
Tried to calculate chance for mother with gender "Male".
[Isekai Forge] Enhancing Beryl<color=#999999FF>, Cook</color> (rank F): maxRef=1, runeChance=5 %, maxRuneRank=1
Tried to calculate chance for mother with gender "Male".
[Isekai Forge] Skipping Kaiju<color=#999999FF>, Farmer</color>: failed equipChance roll (20 %) for rank E
Tried to calculate chance for father with gender "Female".
Tried to calculate chance for father with gender "Female".
Tried to calculate chance for father with gender "Female".
[Isekai Forge] Enhancing Dutchy<color=#999999FF>, Manager</color> (rank E): maxRef=1, runeChance=10 %, maxRuneRank=1
[Isekai Forge] Enhancing Mcmeeks<color=#999999FF>, Coordinator</color> (rank S): maxRef=8, runeChance=75 %, maxRuneRank=3
Tried to calculate chance for mother with gender "Male".
[Isekai Forge] Skipping Aguilar<color=#999999FF>, Housewife</color>: failed equipChance roll (10 %) for rank F
[Isekai Forge] Skipping Alexei<color=#999999FF>, Paramedic</color>: failed equipChance roll (10 %) for rank F
[Isekai Forge] Skipping Boring<color=#999999FF>, Coordinator</color>: failed equipChance roll (40 %) for rank D
Tried to calculate chance for father with gender "Female".
Tried to calculate chance for father with gender "Female".
[Isekai Forge] Skipping Bliss<color=#999999FF>, Majordomo</color>: failed equipChance roll (10 %) for rank F
Tried to calculate chance for father with gender "Female".
Tried to calculate chance for father with gender "Female".
Tried to calculate chance for father with gender "Female".
[Isekai Forge] Skipping Daejong<color=#999999FF>, Orphan</color>: failed equipChance roll (10 %) for rank F
[Isekai Forge] Skipping Waldo<color=#999999FF>, Engineer</color>: failed equipChance roll (20 %) for rank E
[Isekai Forge] Skipping Fiona<color=#999999FF>, Techie</color>: failed equipChance roll (40 %) for rank D
[Isekai Forge] Skipping Brookie<color=#999999FF>, Trooper</color>: failed equipChance roll (55 %) for rank C
[Isekai Forge] Skipping Shields<color=#999999FF>, Farmer</color>: failed equipChance roll (10 %) for rank F
[Isekai Forge] Skipping Rod<color=#999999FF>, Bureaucrat</color>: failed equipChance roll (20 %) for rank E
[Isekai Forge] Skipping Yakov<color=#999999FF>, Enforcer</color>: failed equipChance roll (10 %) for rank F
Tried to calculate chance for father with gender "Female".
Tried to calculate chance for father with gender "Female".
[Isekai Forge] Skipping Lloyd<color=#999999FF>, Herbalist</color>: failed equipChance roll (10 %) for rank F
Tried to calculate chance for mother with gender "Male".
[Isekai Forge] Skipping Antonino<color=#999999FF>, Researcher</color>: failed equipChance roll (20 %) for rank E
Tried to calculate chance for mother with gender "Male".
Tried to calculate chance for father with gender "Female".
Tried to calculate chance for father with gender "Female".
Tried to calculate chance for father with gender "Female".
[Isekai Forge] Skipping Wyn<color=#999999FF>, Engineer</color>: failed equipChance roll (20 %) for rank E
[Isekai Forge] Enhancing Daisuke<color=#999999FF>, Majordomo</color> (rank C): maxRef=3, runeChance=35 %, maxRuneRank=1
Tried to calculate chance for mother with gender "Male".
Tried to calculate chance for mother with gender "Male".
[Isekai Forge] Skipping Kristina<color=#999999FF>, Inspector</color>: failed equipChance roll (10 %) for rank F
[Isekai Forge] Skipping Finn<color=#999999FF>, Trooper</color>: failed equipChance roll (40 %) for rank D
[Isekai Forge] Skipping Caitlyn<color=#999999FF>, Translator</color>: failed equipChance roll (20 %) for rank E
[Isekai Forge] Enhancing Rubio<color=#999999FF>, Enforcer</color> (rank E): maxRef=1, runeChance=10 %, maxRuneRank=1
[Isekai Forge] Skipping Sayuri<color=#999999FF>, Deserter</color>: failed equipChance roll (10 %) for rank F
[Isekai Forge] Enhancing Agu<color=#999999FF>, Propagandist</color> (rank D): maxRef=2, runeChance=20 %, maxRuneRank=1
Tried to calculate chance for father with gender "Female".
Tried to calculate chance for mother with gender "Male".
[Isekai Forge] Skipping Midori<color=#999999FF>, Clown</color>: failed equipChance roll (10 %) for rank F
[Isekai Forge] Skipping Leon<color=#999999FF>, Housemate</color>: failed equipChance roll (10 %) for rank F
[Isekai Forge] Skipping Mordy<color=#999999FF>, Coordinator</color>: failed equipChance roll (40 %) for rank D
[Isekai Forge] Skipping Dyer<color=#999999FF>, Auditor</color>: failed equipChance roll (20 %) for rank E
[Isekai Forge] Skipping Urist<color=#999999FF>, Ornamenter</color>: failed equipChance roll (40 %) for rank D
[Isekai Forge] Skipping Eilén<color=#999999FF>, Enforcer</color>: failed equipChance roll (10 %) for rank F
[Isekai Forge] Skipping Velma<color=#999999FF>, Majordomo</color>: failed equipChance roll (55 %) for rank C
Tried to calculate chance for father with gender "Female".
Tried to calculate chance for father with gender "Female".
[Isekai Forge] Skipping Hansa<color=#999999FF>, Enforcer</color>: failed equipChance roll (10 %) for rank F
Tried to calculate chance for mother with gender "Male".
Tried to calculate chance for mother with gender "Male".
[Isekai Forge] Skipping Maisie<color=#999999FF>, Patriot</color>: failed equipChance roll (10 %) for rank F
[Isekai Forge] Skipping Nadezhda<color=#999999FF>, Speaker</color>: failed equipChance roll (20 %) for rank E
[Isekai Forge] Enhancing Smalls<color=#999999FF>, Quartermaster</color> (rank A): maxRef=6, runeChance=65 %, maxRuneRank=3
Tried to calculate chance for father with gender "Female".
Tried to calculate chance for father with gender "Female".
[Isekai Forge] Skipping Reef<color=#999999FF>, Gardener</color>: failed equipChance roll (10 %) for rank F
[Isekai Forge] Enhancing Cain<color=#999999FF>, Barkeep</color> (rank E): maxRef=1, runeChance=10 %, maxRuneRank=1
Tried to calculate chance for father with gender "Female".
[Isekai Forge] Skipping Akayo<color=#999999FF>, Defector</color>: failed equipChance roll (40 %) for rank D
[Isekai Forge] Skipping Shackleford<color=#999999FF>, Maid</color>: failed equipChance roll (55 %) for rank C
Tried to calculate chance for father with gender "Female".
Tried to calculate chance for father with gender "Female".
[Isekai Forge] Skipping Dao<color=#999999FF>, Enforcer</color>: failed equipChance roll (10 %) for rank F
[Isekai Forge] Skipping Karen<color=#999999FF>, Rancher</color>: failed equipChance roll (40 %) for rank D
[Isekai Forge] Skipping Stevens<color=#999999FF>, Blaster</color>: failed equipChance roll (20 %) for rank E
Tried to calculate chance for father with gender "Female".
[Isekai Forge] Skipping Graves<color=#999999FF>, Engineer</color>: failed equipChance roll (40 %) for rank D
[Isekai Forge] Skipping Vladlena<color=#999999FF>, Tinkerer</color>: failed equipChance roll (20 %) for rank E
[Isekai Forge] Enhancing Viktor<color=#999999FF>, Cultist</color> (rank B): maxRef=4, runeChance=50 %, maxRuneRank=2
[Isekai Forge] Enhancing Eduard<color=#999999FF>, Enforcer</color> (rank F): maxRef=1, runeChance=5 %, maxRuneRank=1
Tried to calculate chance for father with gender "Female".
Tried to calculate chance for father with gender "Female".
Tried to calculate chance for father with gender "Female".
[Isekai Forge] Skipping Speights<color=#999999FF>, Arbiter</color>: failed equipChance roll (20 %) for rank E
Tried to calculate chance for mother with gender "Male".
[Isekai Forge] Skipping Gallagher<color=#999999FF>, Inspector</color>: failed equipChance roll (10 %) for rank F
[Isekai Forge] Skipping Isis<color=#999999FF>, Spy</color>: failed equipChance roll (20 %) for rank E
Tried to calculate chance for father with gender "Female".
Tried to calculate chance for father with gender "Female".
Tried to calculate chance for father with gender "Female".
[Isekai Forge] Enhancing Roo<color=#999999FF>, Enforcer</color> (rank C): maxRef=3, runeChance=35 %, maxRuneRank=1
[Isekai Forge] Enhancing Nestor<color=#999999FF>, Researcher</color> (rank E): maxRef=1, runeChance=10 %, maxRuneRank=1
[Isekai Forge] Skipping Sis<color=#999999FF>, Majordomo</color>: failed equipChance roll (10 %) for rank F
Tried to calculate chance for mother with gender "Male".
Tried to calculate chance for mother with gender "Male".
Tried to calculate chance for mother with gender "Male".
Tried to calculate chance for father with gender "Female".
[Isekai Forge] Skipping AJ<color=#999999FF>, Walker</color>: failed equipChance roll (10 %) for rank F
Tried to calculate chance for father with gender "Female".
[Isekai Forge] Enhancing Cybele<color=#999999FF>, Shopkid</color> (rank B): maxRef=4, runeChance=50 %, maxRuneRank=2
[Isekai Forge] Skipping Felix<color=#999999FF>, Worker</color>: failed equipChance roll (20 %) for rank E
[RimAI.Core][P6.Persistence] op=save, nodes=12, elapsed=6ms
Unloading 1 Unused Serialized files (Serialized files now loaded: 46)
Unloading 450 unused Assets to reduce memory usage. Loaded Objects now: 161120.
Total: 1836.345000 ms (FindLiveObjects: 18.246600 ms CreateObjectMapping: 6.913300 ms MarkObjects: 1810.648700 ms  DeleteObjects: 0.536000 ms)

NullReferenceException: Object reference not set to an instance of an object
[Ref F19396BF] Duplicate stacktrace, see ref for original

Unloading 2 Unused Serialized files (Serialized files now loaded: 46)
[PhysX] Initialized MultithreadedTaskDispatcher with 14 workers.
UnloadTime: 0.427500 ms
[DivineFramework] Loaded version 0.12.1.2
checking editor settings...
bodysizes genes are active
CharacterEditor v1.6.3 ...done
Unloading 16 unused Assets to reduce memory usage. Loaded Objects now: 161070.
Total: 1726.210600 ms (FindLiveObjects: 5.969600 ms CreateObjectMapping: 6.902100 ms MarkObjects: 1713.075300 ms  DeleteObjects: 0.263500 ms)

