mod,packageId,file,xpath
Big and Small - Framework,redmattis.betterprerequisites,1.6/Base/Patches/compatibilityPatches.xml,"Defs/ThingDef[defName=""VNPE_NutrientPasteFeeder""]/comps/li[@Class=""PipeSystem.CompProperties_ConvertResourceToThing""]/maxOutputStackSize"
Vanilla Expanded Framework,oskarpotocki.vanillafactionsexpanded.core,1.6/Patches/Biotech/LearningBonusPatches.xml,"Defs/ThingDef[defName=""Blackboard""]/comps/li[@Class=""CompProperties_Facility""]/statOffsets"
Vanilla Expanded Framework,oskarpotocki.vanillafactionsexpanded.core,1.6/Patches/Biotech/LearningBonusPatches.xml,"Defs/ThingDef[defName=""Blackboard""]/comps/li[@Class=""CompProperties_Facility""]"
Vanilla Expanded Framework,oskarpotocki.vanillafactionsexpanded.core,1.6/Patches/Biotech/LearningBonusPatches.xml,"Defs/ThingDef[defName=""SchoolDesk""]/statBases"
Vanilla Expanded Framework,oskarpotocki.vanillafactionsexpanded.core,1.6/Patches/Biotech/LearningBonusPatches.xml,"Defs/ThingDef/comps/li[compClass=""CompStatEntrySchoolDesk""]"
Vanilla Expanded Framework,oskarpotocki.vanillafactionsexpanded.core,1.6/Patches/Biotech/LearningBonusPatches.xml,"Defs/ThingDef/comps/li[compClass=""CompInspectStringBlackboard""]"
[HMC]Wall Furniture,hmc.wall.furniture,1.6/Patches/Patch.xml,"/Defs/ThingDef/comps/li[@Class=""CompProperties_AffectedByFacilities""]/linkableFacilities/li[text()=""ToolCabinet""]/.."
[HMC]Wall Furniture,hmc.wall.furniture,1.6/Patches/Patch.xml,"*/ThingDef[defName = ""HiTechResearchBench""]/comps/li[@Class=""CompProperties_AffectedByFacilities""]/linkableFacilities"
[HMC]Wall Furniture,hmc.wall.furniture,1.6/Patches/Patch.xml,"/Defs/ThingDef/comps/li[@Class=""CompProperties_AffectedByFacilities""]/linkableFacilities/li[text()=""VitalsMonitor""]/.."
[HMC]Wall Furniture,hmc.wall.furniture,1.6/Patches/Reel‘sTurretPipeline.xml,"/Defs/ThingDef[defName=""HMC_Wall_Emp_Turret""]/comps/li[@Class=""CompProperties_Refuelable""]/fuelFilter/thingDefs/li"
[HMC]Wall Furniture,hmc.wall.furniture,1.6/Patches/Reel‘sTurretPipeline.xml,"/Defs/ThingDef[defName=""HMC_Wall_Emp_Turret_Ship""]/comps/li[@Class=""CompProperties_Refuelable""]/fuelFilter/thingDefs/li"
[HMC]Wall Furniture,hmc.wall.furniture,1.6/Patches/Reel‘sTurretPipeline.xml,"/Defs/ThingDef[defName=""HMC_Wall_FireShotgun_Turret""]/comps/li[@Class=""CompProperties_Refuelable""]/fuelFilter/thingDefs/li"
[HMC]Wall Furniture,hmc.wall.furniture,1.6/Patches/Reel‘sTurretPipeline.xml,"/Defs/ThingDef[defName=""HMC_Wall_LightMachinegun_Turret""]/comps/li[@Class=""CompProperties_Refuelable""]/fuelFilter/thingDefs/li"
[HMC]Wall Furniture,hmc.wall.furniture,1.6/Patches/Reel‘sTurretPipeline.xml,"/Defs/ThingDef[defName=""HMC_Wall_MachineCannon_Turret_Ship""]/comps/li[@Class=""CompProperties_Refuelable""]/fuelFilter/thingDefs/li"
[HMC]Wall Furniture,hmc.wall.furniture,1.6/Patches/Reel‘sTurretPipeline.xml,"/Defs/ThingDef[defName=""HMC_Wall_Minigun_Turret""]/comps/li[@Class=""CompProperties_Refuelable""]/fuelFilter/thingDefs/li"
[HMC]Wall Furniture,hmc.wall.furniture,1.6/Patches/Reel‘sTurretPipeline.xml,"/Defs/ThingDef[defName=""HMC_Wall_Minigun_Turret_Ship""]/comps/li[@Class=""CompProperties_Refuelable""]/fuelFilter/thingDefs/li"
[RH2] Uncle Boris' - Used Furniture,cp.uncle.boris.used.furniture,1.6/Patches/Linkables_Patch.xml,"Defs/ThingDef[defName = ""HospitalBed""]/comps/li[@Class = ""CompProperties_AffectedByFacilities""]/linkableFacilities"
[RH2] Uncle Boris' - Used Furniture,cp.uncle.boris.used.furniture,1.6/Patches/Linkables_Patch.xml,"Defs/ThingDef[@Name = ""BasicBedBase""]/comps/li[@Class = ""CompProperties_AffectedByFacilities""]/linkableFacilities"
[RH2] Uncle Boris' - Used Furniture,cp.uncle.boris.used.furniture,1.6/Patches/Linkables_Patch.xml,"Defs/ThingDef[defName = ""Bedroll""]/comps/li[@Class = ""CompProperties_AffectedByFacilities""]/linkableFacilities"
[RH2] Uncle Boris' - Used Furniture,cp.uncle.boris.used.furniture,1.6/Patches/Patch_AddKidnappedColonistEventTo_RC - Copy.xml,"*/ThingDef[defName=""RH2_MissionBoard""]/comps/li[@Class=""ReinforcementCall.CompProperties_MissionBoardRC""]/doableMissions"
[RH2] Uncle Boris' - Used Furniture,cp.uncle.boris.used.furniture,1.6/Patches/Patch_AddSparklingWorldsEventsToMission_RC - Copy.xml,"*/ThingDef[defName=""RH2_MissionBoard""]/comps/li[@Class=""ReinforcementCall.CompProperties_MissionBoardRC""]/doableMissions"
[RH2] Uncle Boris' - Used Furniture,cp.uncle.boris.used.furniture,1.6/Patches/Patch_RealRuins.xml,"*/ThingDef[defName=""RH2_MissionBoard""]/comps/li[@Class=""ReinforcementCall.CompProperties_MissionBoardRC""]/doableMissions"
[RH2] Uncle Boris' - Used Furniture,cp.uncle.boris.used.furniture,1.6/Patches/Patch_Royalty.xml,"*/ThingDef[defName=""RH2_MissionBoard""]/comps/li[@Class=""ReinforcementCall.CompProperties_MissionBoardRC""]/doableQuests"
[RH2] Uncle Boris' - Used Furniture,cp.uncle.boris.used.furniture,1.6/Patches/Patch_Royalty.xml,"*/ThingDef[defName=""RH2_MissionBoard""]/comps/li[@Class=""ReinforcementCall.CompProperties_MissionBoardRC""]/doableQuests"
[RH2] Uncle Boris' - Used Furniture,cp.uncle.boris.used.furniture,1.6/Patches/Patch_Royalty.xml,"*/ThingDef[defName=""RH2_MissionBoard""]/comps/li[@Class=""ReinforcementCall.CompProperties_MissionBoardRC""]/doableQuests"
[RH2] Uncle Boris' - Used Furniture,cp.uncle.boris.used.furniture,1.6/Patches/Patch_Royalty.xml,"*/ThingDef[defName=""RH2_MissionBoard""]/comps/li[@Class=""ReinforcementCall.CompProperties_MissionBoardRC""]/doableQuests"
[RH2] Uncle Boris' - Used Furniture,cp.uncle.boris.used.furniture,1.6/Patches/Patch_Royalty.xml,"*/ThingDef[defName=""RH2_MissionBoard""]/comps/li[@Class=""ReinforcementCall.CompProperties_MissionBoardRC""]/doableQuests"
[RH2] Uncle Boris' - Used Furniture,cp.uncle.boris.used.furniture,1.6/Patches/Patch_Royalty.xml,"*/ThingDef[defName=""RH2_MissionBoard""]/comps/li[@Class=""ReinforcementCall.CompProperties_MissionBoardRC""]/doableQuests"
[RH2] Uncle Boris' - Used Furniture,cp.uncle.boris.used.furniture,1.6/Patches/Patch_Royalty.xml,"*/ThingDef[defName=""RH2_MissionBoard""]/comps/li[@Class=""ReinforcementCall.CompProperties_MissionBoardRC""]/doableQuests"
[RH2] Uncle Boris' - Used Furniture,cp.uncle.boris.used.furniture,1.6/Patches/Patch_Royalty.xml,"*/ThingDef[defName=""RH2_MissionBoard""]/comps/li[@Class=""ReinforcementCall.CompProperties_MissionBoardRC""]/doableQuests"
[RH2] Uncle Boris' - Used Furniture,cp.uncle.boris.used.furniture,1.6/Patches/Patch_Royalty.xml,"*/ThingDef[defName=""RH2_MissionBoard""]/comps/li[@Class=""ReinforcementCall.CompProperties_MissionBoardRC""]/doableQuests"
[RH2] Uncle Boris' - Used Furniture,cp.uncle.boris.used.furniture,1.6/Patches/Patch_VanillaExpandedSettlers.xml,"*/ThingDef[defName=""RH2_MissionBoard""]/comps/li[@Class=""ReinforcementCall.CompProperties_MissionBoardRC""]/doableQuests"
Alpha Biomes,sarg.alphabiomes,1.6/Patches/BirdsBeyondTemperateForest.xml,"/Defs/BiomeDef[defName=""AB_GallatrossGraveyard""]/wildAnimals"
Alpha Biomes,sarg.alphabiomes,1.6/Patches/BirdsBeyondTemperateForest.xml,"/Defs/BiomeDef[defName=""AB_GelatinousSuperorganism""]/wildAnimals"
Alpha Biomes,sarg.alphabiomes,1.6/Patches/BirdsBeyondTemperateForest.xml,"/Defs/BiomeDef[defName=""AB_IdyllicMeadows""]/wildAnimals"
Alpha Biomes,sarg.alphabiomes,1.6/Patches/BirdsBeyondTemperateForest.xml,"/Defs/BiomeDef[defName=""AB_MechanoidIntrusion""]/wildAnimals"
Alpha Biomes,sarg.alphabiomes,1.6/Patches/BirdsBeyondTemperateForest.xml,"/Defs/BiomeDef[defName=""AB_MycoticJungle""]/wildAnimals"
Alpha Biomes,sarg.alphabiomes,1.6/Patches/BirdsBeyondTemperateForest.xml,"/Defs/BiomeDef[defName=""AB_OcularForest""]/wildAnimals"
Alpha Biomes,sarg.alphabiomes,1.6/Patches/BirdsBeyondTemperateForest.xml,"/Defs/BiomeDef[defName=""AB_RockyCrags""]/wildAnimals"
Alpha Biomes,sarg.alphabiomes,1.6/Patches/BirdsBeyondTemperateForest.xml,"/Defs/BiomeDef[defName=""AB_TarPits""]/wildAnimals"
Alpha Biomes,sarg.alphabiomes,1.6/Patches/BirdsBeyondTropicalForest.xml,"/Defs/BiomeDef[defName=""AB_FeraliskInfestedJungle""]/wildAnimals"
Alpha Biomes,sarg.alphabiomes,1.6/Patches/BirdsBeyondTropicalForest.xml,"/Defs/BiomeDef[defName=""AB_MiasmicMangrove""]/wildAnimals"
Alpha Biomes,sarg.alphabiomes,1.6/Patches/BirdsBeyondTropicalForest.xml,"/Defs/BiomeDef[defName=""AB_MycoticJungle""]/wildAnimals"
Alpha Biomes,sarg.alphabiomes,1.6/Patches/BirdsBeyondTropicalForest.xml,"/Defs/BiomeDef[defName=""AB_OcularForest""]/wildAnimals"
Alpha Biomes,sarg.alphabiomes,1.6/Patches/DinosauriaPatch.xml,"/Defs/ThingDef[defName=""TyrannosaurusRex""]/race/wildBiomes"
Alpha Biomes,sarg.alphabiomes,1.6/Patches/DinosauriaPatch.xml,"/Defs/ThingDef[defName=""Yutyrannus""]/race/wildBiomes"
Alpha Biomes,sarg.alphabiomes,1.6/Patches/DinosauriaPatch.xml,"/Defs/ThingDef[defName=""Carnotaurus""]/race/wildBiomes"
Alpha Biomes,sarg.alphabiomes,1.6/Patches/DinosauriaPatch.xml,"/Defs/ThingDef[defName=""Allosaurus""]/race/wildBiomes"
Alpha Biomes,sarg.alphabiomes,1.6/Patches/DinosauriaPatch.xml,"/Defs/ThingDef[defName=""Spinosaurus""]/race/wildBiomes"
Alpha Biomes,sarg.alphabiomes,1.6/Patches/DinosauriaPatch.xml,"/Defs/ThingDef[defName=""Baryonyx""]/race/wildBiomes"
Alpha Biomes,sarg.alphabiomes,1.6/Patches/DinosauriaPatch.xml,"/Defs/ThingDef[defName=""Ankylosaurus""]/race/wildBiomes"
Alpha Biomes,sarg.alphabiomes,1.6/Patches/DinosauriaPatch.xml,"/Defs/ThingDef[defName=""Minmi""]/race/wildBiomes"
Alpha Biomes,sarg.alphabiomes,1.6/Patches/DinosauriaPatch.xml,"/Defs/ThingDef[defName=""Brachiosaurus""]/race/wildBiomes"
Alpha Biomes,sarg.alphabiomes,1.6/Patches/DinosauriaPatch.xml,"/Defs/ThingDef[defName=""Brontosaurus""]/race/wildBiomes"
Alpha Biomes,sarg.alphabiomes,1.6/Patches/DinosauriaPatch.xml,"/Defs/ThingDef[defName=""Diplodocus""]/race/wildBiomes"
Alpha Biomes,sarg.alphabiomes,1.6/Patches/DinosauriaPatch.xml,"/Defs/ThingDef[defName=""Magyarosaurus""]/race/wildBiomes"
Alpha Biomes,sarg.alphabiomes,1.6/Patches/DinosauriaPatch.xml,"/Defs/ThingDef[defName=""Utahraptor""]/race/wildBiomes"
Alpha Biomes,sarg.alphabiomes,1.6/Patches/DinosauriaPatch.xml,"/Defs/ThingDef[defName=""Dakotaraptor""]/race/wildBiomes"
Alpha Biomes,sarg.alphabiomes,1.6/Patches/DinosauriaPatch.xml,"/Defs/ThingDef[defName=""Dilophosaurus""]/race/wildBiomes"
Alpha Biomes,sarg.alphabiomes,1.6/Patches/DinosauriaPatch.xml,"/Defs/ThingDef[defName=""Velociraptor""]/race/wildBiomes"
Alpha Biomes,sarg.alphabiomes,1.6/Patches/DinosauriaPatch.xml,"/Defs/ThingDef[defName=""Compsognathus""]/race/wildBiomes"
Alpha Biomes,sarg.alphabiomes,1.6/Patches/DinosauriaPatch.xml,"/Defs/ThingDef[defName=""Iguanodon""]/race/wildBiomes"
Alpha Biomes,sarg.alphabiomes,1.6/Patches/DinosauriaPatch.xml,"/Defs/ThingDef[defName=""Parasaur""]/race/wildBiomes"
Alpha Biomes,sarg.alphabiomes,1.6/Patches/DinosauriaPatch.xml,"/Defs/ThingDef[defName=""Pachycephalosaurus""]/race/wildBiomes"
Alpha Biomes,sarg.alphabiomes,1.6/Patches/DinosauriaPatch.xml,"/Defs/ThingDef[defName=""Stygimoloch""]/race/wildBiomes"
Alpha Biomes,sarg.alphabiomes,1.6/Patches/DinosauriaPatch.xml,"/Defs/ThingDef[defName=""Stegosaurus""]/race/wildBiomes"
Alpha Biomes,sarg.alphabiomes,1.6/Patches/DinosauriaPatch.xml,"/Defs/ThingDef[defName=""Triceratops""]/race/wildBiomes"
Alpha Biomes,sarg.alphabiomes,1.6/Patches/DinosauriaPatch.xml,"/Defs/ThingDef[defName=""Pteranodon""]/race/wildBiomes"
Alpha Biomes,sarg.alphabiomes,1.6/Patches/ErinsFinalFantasyAnimals.xml,"/Defs/BiomeDef[defName=""AB_GelatinousSuperorganism"" or defName=""AB_MiasmicMangrove"" or defName=""AB_PyroclasticConflagration"" or defName=""AB_TarPits""]/wildAnimals"
Alpha Biomes,sarg.alphabiomes,1.6/Patches/ErinsFinalFantasyAnimals.xml,"/Defs/BiomeDef[defName=""AB_IdyllicMeadows"" or defName=""AB_MycoticJungle""]/wildAnimals"
Alpha Biomes,sarg.alphabiomes,1.6/Patches/ErinsFinalFantasyAnimals.xml,"/Defs/BiomeDef[defName=""AB_IdyllicMeadows"" or defName=""AB_MycoticJungle""]/wildAnimals"
Alpha Biomes,sarg.alphabiomes,1.6/Patches/ErinsFoxSquirrel.xml,"/Defs/BiomeDef[defName=""AB_FeraliskInfestedJungle"" or defName=""AB_MycoticJungle""]/wildAnimals"
Alpha Biomes,sarg.alphabiomes,1.6/Patches/ErinsFoxSquirrel.xml,"/Defs/BiomeDef[defName=""AB_IdyllicMeadows"" or defName=""AB_OcularForest""]/wildAnimals"
Alpha Biomes,sarg.alphabiomes,1.6/Patches/ErinsFoxSquirrel.xml,"/Defs/BiomeDef[defName=""AB_MiasmicMangrove""]/wildAnimals"
Alpha Biomes,sarg.alphabiomes,1.6/Patches/ErinsFriendlyFerrets.xml,"/Defs/BiomeDef[defName=""AB_IdyllicMeadows"" or defName=""AB_MycoticJungle""]/wildAnimals"
Alpha Biomes,sarg.alphabiomes,1.6/Patches/ErinsValheimCreatures.xml,"/Defs/BiomeDef[defName=""AB_PropaneLakes""]/wildAnimals"
Alpha Biomes,sarg.alphabiomes,1.6/Patches/ErinsValheimCreatures.xml,"/Defs/BiomeDef[defName=""AB_IdyllicMeadows"" or defName=""AB_TarPits""]/wildAnimals"
Alpha Biomes,sarg.alphabiomes,1.6/Patches/ErinsValheimCreatures.xml,"/Defs/BiomeDef[defName=""AB_GelatinousSuperorganism"" or defName=""AB_MiasmicMangrove""]/wildAnimals"
Alpha Biomes,sarg.alphabiomes,1.6/Patches/ErinsValheimCreatures.xml,"/Defs/BiomeDef[defName=""AB_GelatinousSuperorganism"" or defName=""AB_MycoticJungle""]/wildAnimals"
Alpha Biomes,sarg.alphabiomes,1.6/Patches/FishIndustryPatch.xml,"/Defs/PawnKindDef[defName=""PawnKindDefFishSduiggles""]/naturalBiomes"
Alpha Biomes,sarg.alphabiomes,1.6/Patches/FishIndustryPatch.xml,"/Defs/PawnKindDef[defName=""PawnKindDefFishSeasnake""]/naturalBiomes"
Alpha Biomes,sarg.alphabiomes,1.6/Patches/FishIndustryPatch.xml,"/Defs/PawnKindDef[defName=""PawnKindDefFishMashgon""]/naturalBiomes"
Alpha Biomes,sarg.alphabiomes,1.6/Patches/FishIndustryPatch.xml,"/Defs/PawnKindDef[defName=""PawnKindDefFishBlueblade""]/naturalBiomes"
Alpha Biomes,sarg.alphabiomes,1.6/Patches/FishIndustryPatch.xml,"/Defs/PawnKindDef[defName=""PawnKindDefFishTailteeth""]/naturalBiomes"
Alpha Biomes,sarg.alphabiomes,1.6/Patches/MagicalMenageriePatch.xml,"/Defs/ThingDef[defName=""MM_Ahuizotl""]/race/wildBiomes"
Alpha Biomes,sarg.alphabiomes,1.6/Patches/MagicalMenageriePatch.xml,"/Defs/ThingDef[defName=""MM_Chimera""]/race/wildBiomes"
Alpha Biomes,sarg.alphabiomes,1.6/Patches/MagicalMenageriePatch.xml,"/Defs/ThingDef[defName=""MM_ErymanthianBoar""]/race/wildBiomes"
Alpha Biomes,sarg.alphabiomes,1.6/Patches/MagicalMenageriePatch.xml,"/Defs/ThingDef[defName=""MM_Griffin""]/race/wildBiomes"
Alpha Biomes,sarg.alphabiomes,1.6/Patches/MagicalMenageriePatch.xml,"/Defs/ThingDef[defName=""MM_Kitsune""]/race/wildBiomes"
Alpha Biomes,sarg.alphabiomes,1.6/Patches/MagicalMenageriePatch.xml,"/Defs/ThingDef[defName=""MM_LernaeanHydra""]/race/wildBiomes"
Alpha Biomes,sarg.alphabiomes,1.6/Patches/MagicalMenageriePatch.xml,"/Defs/ThingDef[defName=""MM_Manticore""]/race/wildBiomes"
Alpha Biomes,sarg.alphabiomes,1.6/Patches/MagicalMenageriePatch.xml,"/Defs/ThingDef[defName=""MM_Pegasus""]/race/wildBiomes"
Alpha Biomes,sarg.alphabiomes,1.6/Patches/MagicalMenageriePatch.xml,"/Defs/ThingDef[defName=""MM_Unicorn""]/race/wildBiomes"
Alpha Biomes,sarg.alphabiomes,1.6/Patches/MagicalMenageriePatch.xml,"/Defs/ThingDef[defName=""MM_Qilin""]/race/wildBiomes"
Alpha Biomes,sarg.alphabiomes,1.6/Patches/MagicalMenageriePatch.xml,"/Defs/ThingDef[defName=""MM_WildMinotaur""]/race/wildBiomes"
Alpha Biomes,sarg.alphabiomes,1.6/Patches/MagicalMenageriePatch.xml,"/Defs/ThingDef[defName=""MM_WillOWisp""]/race/wildBiomes"
Alpha Biomes,sarg.alphabiomes,1.6/Patches/MagicalMenageriePatch.xml,"/Defs/ThingDef[defName=""MM_Catoblepas""]/race/wildBiomes"
Alpha Biomes,sarg.alphabiomes,1.6/Patches/MagicalMenageriePatch.xml,"/Defs/ThingDef[defName=""MM_CeryneianHind""]/race/wildBiomes"
Alpha Biomes,sarg.alphabiomes,1.6/Patches/MagicalMenageriePatch.xml,"/Defs/ThingDef[defName=""MM_Cerberus""]/race/wildBiomes"
Alpha Biomes,sarg.alphabiomes,1.6/Patches/MagicalMenageriePatch.xml,"/Defs/ThingDef[defName=""MM_Basilisk""]/race/wildBiomes"
Alpha Biomes,sarg.alphabiomes,1.6/Patches/MagicalMenageriePatch.xml,"/Defs/ThingDef[defName=""MM_Fenghuang""]/race/wildBiomes"
Alpha Biomes,sarg.alphabiomes,1.6/Patches/MagicalMenageriePatch.xml,"/Defs/ThingDef[defName=""MM_Ieltxu""]/race/wildBiomes"
Alpha Biomes,sarg.alphabiomes,1.6/Patches/MagicalMenageriePatch.xml,"/Defs/ThingDef[defName=""MM_Kappa""]/race/wildBiomes"
Alpha Biomes,sarg.alphabiomes,1.6/Patches/MagicalMenageriePatch.xml,"/Defs/ThingDef[defName=""MM_LesserWyvern""]/race/wildBiomes"
Alpha Biomes,sarg.alphabiomes,1.6/Patches/MagicalMenageriePatch.xml,"/Defs/ThingDef[defName=""MM_Phoenix""]/race/wildBiomes"
Alpha Biomes,sarg.alphabiomes,1.6/Patches/MagicalMenageriePatch.xml,"/Defs/ThingDef[defName=""MM_Salamander""]/race/wildBiomes"
Alpha Biomes,sarg.alphabiomes,1.6/Patches/MagicalMenageriePatch.xml,"/Defs/ThingDef[defName=""MM_Tlilcoatl""]/race/wildBiomes"
Alpha Biomes,sarg.alphabiomes,1.6/Patches/MagicalMenageriePatch.xml,"/Defs/ThingDef[defName=""MM_Xiezhi""]/race/wildBiomes"
Alpha Biomes,sarg.alphabiomes,1.6/Patches/MegafaunaPatch.xml,"/Defs/ThingDef[defName=""Arthropleura""]/race/wildBiomes"
Alpha Biomes,sarg.alphabiomes,1.6/Patches/MegafaunaPatch.xml,"/Defs/ThingDef[defName=""Doedicurus""]/race/wildBiomes"
Alpha Biomes,sarg.alphabiomes,1.6/Patches/MegafaunaPatch.xml,"/Defs/ThingDef[defName=""Daeodon""]/race/wildBiomes"
Alpha Biomes,sarg.alphabiomes,1.6/Patches/MegafaunaPatch.xml,"/Defs/ThingDef[defName=""Gigantopithecus""]/race/wildBiomes"
Alpha Biomes,sarg.alphabiomes,1.6/Patches/MegafaunaPatch.xml,"/Defs/ThingDef[defName=""Titanis""]/race/wildBiomes"
Alpha Biomes,sarg.alphabiomes,1.6/Patches/MegafaunaPatch.xml,"/Defs/ThingDef[defName=""Titanoboa""]/race/wildBiomes"
Alpha Biomes,sarg.alphabiomes,1.6/Patches/MegafaunaPatch.xml,"/Defs/ThingDef[defName=""Smilodon""]/race/wildBiomes"
Alpha Biomes,sarg.alphabiomes,1.6/Patches/MegafaunaPatch.xml,"/Defs/ThingDef[defName=""Procoptodon""]/race/wildBiomes"
Alpha Biomes,sarg.alphabiomes,1.6/Patches/MegafaunaPatch.xml,"/Defs/ThingDef[defName=""Megalania""]/race/wildBiomes"
Alpha Biomes,sarg.alphabiomes,1.6/Patches/MegafaunaPatch.xml,"/Defs/ThingDef[defName=""Dinocrocuta""]/race/wildBiomes"
Alpha Biomes,sarg.alphabiomes,1.6/Patches/MegafaunaPatch.xml,"/Defs/ThingDef[defName=""Dinornis""]/race/wildBiomes"
Alpha Biomes,sarg.alphabiomes,1.6/Patches/MegafaunaPatch.xml,"/Defs/ThingDef[defName=""Quinkana""]/race/wildBiomes"
Alpha Biomes,sarg.alphabiomes,1.6/Patches/MegafaunaPatch.xml,"/Defs/ThingDef[defName=""Megalochelys""]/race/wildBiomes"
Alpha Biomes,sarg.alphabiomes,1.6/Patches/MegafaunaPatch.xml,"/Defs/ThingDef[defName=""Josephoartigasia""]/race/wildBiomes"
Alpha Biomes,sarg.alphabiomes,1.6/Patches/MegafaunaPatch.xml,"/Defs/ThingDef[defName=""Gigantophis""]/race/wildBiomes"
Alpha Biomes,sarg.alphabiomes,1.6/Patches/MegafaunaPatch.xml,"/Defs/ThingDef[defName=""Meganeura""]/race/wildBiomes"
Alpha Biomes,sarg.alphabiomes,1.6/Patches/MegafaunaPatch.xml,"/Defs/ThingDef[defName=""Purussaurus""]/race/wildBiomes"
Alpha Biomes,sarg.alphabiomes,1.6/Patches/MegafaunaPatch.xml,"/Defs/ThingDef[defName=""Pulmonoscorpius""]/race/wildBiomes"
Alpha Biomes,sarg.alphabiomes,1.6/Patches/MegafaunaPatch.xml,"/Defs/ThingDef[defName=""Castoroides""]/race/wildBiomes"
Alpha Biomes,sarg.alphabiomes,1.6/Patches/OpossumFriends.xml,"/Defs/BiomeDef[defName=""AB_GelatinousSuperorganism"" or defName=""AB_IdyllicMeadows"" or defName=""AB_MycoticJungle""]/wildAnimals"
Alpha Biomes,sarg.alphabiomes,1.6/Patches/RegrowthRemasteredExtinctAnimals.xml,"/Defs/BiomeDef[defName=""AB_FeraliskInfestedJungle""]/wildAnimals"
Alpha Biomes,sarg.alphabiomes,1.6/Patches/RegrowthRemasteredExtinctAnimals.xml,"/Defs/BiomeDef[defName=""AB_GallatrossGraveyard""]/wildAnimals"
Alpha Biomes,sarg.alphabiomes,1.6/Patches/RegrowthRemasteredExtinctAnimals.xml,"/Defs/BiomeDef[defName=""AB_GelatinousSuperorganism""]/wildAnimals"
Alpha Biomes,sarg.alphabiomes,1.6/Patches/RegrowthRemasteredExtinctAnimals.xml,"/Defs/BiomeDef[defName=""AB_IdyllicMeadows""]/wildAnimals"
Alpha Biomes,sarg.alphabiomes,1.6/Patches/RegrowthRemasteredExtinctAnimals.xml,"/Defs/BiomeDef[defName=""AB_MechanoidIntrusion""]/wildAnimals"
Alpha Biomes,sarg.alphabiomes,1.6/Patches/RegrowthRemasteredExtinctAnimals.xml,"/Defs/BiomeDef[defName=""AB_MiasmicMangrove""]/wildAnimals"
Alpha Biomes,sarg.alphabiomes,1.6/Patches/RegrowthRemasteredExtinctAnimals.xml,"/Defs/BiomeDef[defName=""AB_MycoticJungle""]/wildAnimals"
Alpha Biomes,sarg.alphabiomes,1.6/Patches/RegrowthRemasteredExtinctAnimals.xml,"/Defs/BiomeDef[defName=""AB_PropaneLakes""]/wildAnimals"
Alpha Biomes,sarg.alphabiomes,1.6/Patches/RegrowthRemasteredExtinctAnimals.xml,"/Defs/BiomeDef[defName=""AB_TarPits""]/wildAnimals"
Alpha Biomes,sarg.alphabiomes,1.6/Patches/VAEPatch.xml,"/Defs/ThingDef[defName=""AEXP_Coyote""]/race/wildBiomes"
Alpha Biomes,sarg.alphabiomes,1.6/Patches/VAEPatch.xml,"/Defs/ThingDef[defName=""AEXP_Giraffe""]/race/wildBiomes"
Alpha Biomes,sarg.alphabiomes,1.6/Patches/VAEPatch.xml,"/Defs/ThingDef[defName=""AEXP_Zebra""]/race/wildBiomes"
Alpha Biomes,sarg.alphabiomes,1.6/Patches/VAEPatch.xml,"/Defs/ThingDef[defName=""AEXP_Wildebeest""]/race/wildBiomes"
Alpha Biomes,sarg.alphabiomes,1.6/Patches/VAEPatch.xml,"/Defs/ThingDef[defName=""AEXP_Crocodile""]/race/wildBiomes"
Alpha Biomes,sarg.alphabiomes,1.6/Patches/VAEPatch.xml,"/Defs/ThingDef[defName=""AEXP_ArcticCoyote""]/race/wildBiomes"
Alpha Biomes,sarg.alphabiomes,1.6/Patches/VAEPatch.xml,"/Defs/ThingDef[defName=""AEXP_BlackBear""]/race/wildBiomes"
Alpha Biomes,sarg.alphabiomes,1.6/Patches/VAEPatch.xml,"/Defs/ThingDef[defName=""AEXP_Hyena""]/race/wildBiomes"
Alpha Biomes,sarg.alphabiomes,1.6/Patches/VAEPatch.xml,"/Defs/ThingDef[defName=""AEXP_DesertTortoise""]/race/wildBiomes"
Alpha Biomes,sarg.alphabiomes,1.6/Patches/VAEPatch.xml,"/Defs/ThingDef[defName=""AEXP_Lion""]/race/wildBiomes"
Alpha Biomes,sarg.alphabiomes,1.6/Patches/VAEPatch.xml,"/Defs/ThingDef[defName=""AEXP_GilaMonster""]/race/wildBiomes"
Alpha Biomes,sarg.alphabiomes,1.6/Patches/VAEPatch.xml,"/Defs/ThingDef[defName=""AEXP_Camel""]/race/wildBiomes"
Alpha Biomes,sarg.alphabiomes,1.6/Patches/VAEPatch.xml,"/Defs/ThingDef[defName=""AEXP_Rattlesnake""]/race/wildBiomes"
Alpha Biomes,sarg.alphabiomes,1.6/Patches/VAEPatch.xml,"/Defs/ThingDef[defName=""AEXP_Megascorpion""]/race/wildBiomes"
Alpha Biomes,sarg.alphabiomes,1.6/Patches/VAEPatch.xml,"/Defs/ThingDef[defName=""AEXP_RedPanda""]/race/wildBiomes"
Alpha Biomes,sarg.alphabiomes,1.6/Patches/VAEPatch.xml,"/Defs/ThingDef[defName=""AEXP_WildGoose""]/race/wildBiomes"
Alpha Biomes,sarg.alphabiomes,1.6/Patches/VAEPatch.xml,"/Defs/ThingDef[defName=""AEXP_Jaguar""]/race/wildBiomes"
Alpha Biomes,sarg.alphabiomes,1.6/Patches/VAEPatch.xml,"/Defs/ThingDef[defName=""AEXP_Lemur""]/race/wildBiomes"
Alpha Biomes,sarg.alphabiomes,1.6/Patches/VAEPatch.xml,"/Defs/ThingDef[defName=""AEXP_Mandrill""]/race/wildBiomes"
Alpha Biomes,sarg.alphabiomes,1.6/Patches/VAEPatch.xml,"/Defs/ThingDef[defName=""AEXP_Tapir""]/race/wildBiomes"
Alpha Biomes,sarg.alphabiomes,1.6/Patches/VAEPatch.xml,"/Defs/ThingDef[defName=""AEXP_Anaconda""]/race/wildBiomes"
Alpha Biomes,sarg.alphabiomes,1.6/Patches/VAEPatch.xml,"/Defs/ThingDef[defName=""AEXP_IndianElephant""]/race/wildBiomes"
Alpha Biomes,sarg.alphabiomes,1.6/Patches/VAEPatch.xml,"/Defs/ThingDef[defName=""AEXP_MegaWolverine""]/race/wildBiomes"
Alpha Biomes,sarg.alphabiomes,1.6/Patches/VAEPatch.xml,"/Defs/ThingDef[defName=""AEXP_Hedgehog""]/race/wildBiomes"
Alpha Biomes,sarg.alphabiomes,1.6/Mods/Odyssey/Patches/PyroclasticConflagrationLavaPatch.xml,"Defs/BiomeDef[defName=""AB_PyroclasticConflagration""]/terrainPatchMakers/li[@Name=""AB_LiquidLava""]/thresholds/li[@Name=""AB_LiquidLava""]/terrain"
Alpha Biomes,sarg.alphabiomes,1.6/Mods/Odyssey/Patches/PyroclasticConflagrationLavaPatch.xml,"Defs/BiomeDef[defName=""AB_PyroclasticConflagration""]/terrainPatchMakers/li[@Name=""AB_Obsidian""]/thresholds/li/terrain"
Alpha Mechs,sarg.alphamechs,1.6/Patches/RoyaltyPatch.xml,"/Defs/ThingDef[defName = ""MechAssembler""]/comps/li[@Class = ""CompProperties_SpawnerPawn""]/spawnablePawnKinds"
Alpha Mechs,sarg.alphamechs,1.6/Patches/RoyaltyPatch.xml,"/Defs/ThingDef[defName = ""MechCapsule""]/comps/li[@Class = ""CompProperties_PawnSpawnOnWakeup""]/spawnablePawnKinds"
Alpha Mechs,sarg.alphamechs,1.6/Mods/Biotech/Patches/AlphaAnimalsPatch.xml,"/Defs/ThingDef[defName = ""AM_Mech_PristineSlurrypede""]/comps/li[@Class = ""VEF.AnimalBehaviours.CompProperties_AnimalProduct""]"
Alpha Mechs,sarg.alphamechs,1.6/Mods/Biotech/Patches/AlphaAnimalsPatch.xml,"/Defs/ThingDef[defName = ""AM_Mech_PristineSlurrypede""]/comps/li[@Class = ""VEF.AnimalBehaviours.CompProperties_AnimalProduct""]"
Alpha Memes,sarg.alphamemes,1.6/Patches/MakingFurnitureStyleable/AnimalBoxBedPatch.xml,"/Defs/ThingDef[defName = ""AnimalSleepingBox""]/comps/li[@Class = ""CompProperties_Styleable""]"
Alpha Memes,sarg.alphamemes,1.6/Patches/MakingFurnitureStyleable/ArmchairPatch.xml,"/Defs/ThingDef[defName = ""Armchair""]/comps/li[@Class = ""CompProperties_Styleable""]"
Alpha Memes,sarg.alphamemes,1.6/Patches/MakingFurnitureStyleable/BabyDecorationPatch.xml,"/Defs/ThingDef[defName = ""BabyDecoration""]/comps/li[@Class = ""CompProperties_Styleable""]"
Alpha Memes,sarg.alphamemes,1.6/Patches/MakingFurnitureStyleable/BedsPatch.xml,"/Defs/ThingDef[defName = ""Bed""]/comps/li[@Class = ""CompProperties_Styleable""]"
Alpha Memes,sarg.alphamemes,1.6/Patches/MakingFurnitureStyleable/BedsPatch.xml,"/Defs/ThingDef[defName = ""DoubleBed""]/comps/li[@Class = ""CompProperties_Styleable""]"
Alpha Memes,sarg.alphamemes,1.6/Patches/MakingFurnitureStyleable/BedsPatch.xml,"/Defs/ThingDef[defName = ""HospitalBed""]/comps/li[@Class = ""CompProperties_Styleable""]"
Alpha Memes,sarg.alphamemes,1.6/Patches/MakingFurnitureStyleable/BedsPatch.xml,"/Defs/ThingDef[defName = ""RoyalBed""]/comps/li[@Class = ""CompProperties_Styleable""]"
Alpha Memes,sarg.alphamemes,1.6/Patches/MakingFurnitureStyleable/BlackboardPatch.xml,"/Defs/ThingDef[defName = ""Blackboard""]/comps/li[@Class = ""CompProperties_Styleable""]"
Alpha Memes,sarg.alphamemes,1.6/Patches/MakingFurnitureStyleable/BonsaiPotPatch.xml,"/Defs/ThingDef[defName = ""PlantPot_Bonsai""]/comps/li[@Class = ""CompProperties_Styleable""]"
Alpha Memes,sarg.alphamemes,1.6/Patches/MakingFurnitureStyleable/BraziersPatch.xml,"/Defs/ThingDef[defName = ""Brazier""]/comps/li[@Class = ""CompProperties_Styleable""]"
Alpha Memes,sarg.alphamemes,1.6/Patches/MakingFurnitureStyleable/BraziersPatch.xml,"/Defs/ThingDef[defName = ""DarklightBrazier""]/comps/li[@Class = ""CompProperties_Styleable""]"
Alpha Memes,sarg.alphamemes,1.6/Patches/MakingFurnitureStyleable/CampfirePatch.xml,"/Defs/ThingDef[defName = ""Campfire""]/comps/li[@Class = ""CompProperties_Styleable""]"
Alpha Memes,sarg.alphamemes,1.6/Patches/MakingFurnitureStyleable/ChessTablePatch.xml,"/Defs/ThingDef[defName = ""ChessTable""]/comps/li[@Class = ""CompProperties_Styleable""]"
Alpha Memes,sarg.alphamemes,1.6/Patches/MakingFurnitureStyleable/ComponentsPatch.xml,"/Defs/ThingDef[defName = ""ComponentIndustrial""]/comps/li[@Class = ""CompProperties_Styleable""]"
Alpha Memes,sarg.alphamemes,1.6/Patches/MakingFurnitureStyleable/ComponentsPatch.xml,"/Defs/ThingDef[defName = ""ComponentSpacer""]/comps/li[@Class = ""CompProperties_Styleable""]"
Alpha Memes,sarg.alphamemes,1.6/Patches/MakingFurnitureStyleable/CoolerPatch.xml,"/Defs/ThingDef[defName = ""Cooler""]/comps/li[@Class = ""CompProperties_Styleable""]"
Alpha Memes,sarg.alphamemes,1.6/Patches/MakingFurnitureStyleable/CouchPatch.xml,"/Defs/ThingDef[defName = ""Couch""]/comps/li[@Class = ""CompProperties_Styleable""]"
Alpha Memes,sarg.alphamemes,1.6/Patches/MakingFurnitureStyleable/CribPatch.xml,"/Defs/ThingDef[defName = ""Crib""]/comps/li[@Class = ""CompProperties_Styleable""]"
Alpha Memes,sarg.alphamemes,1.6/Patches/MakingFurnitureStyleable/DarktorchPatch.xml,"/Defs/ThingDef[defName = ""Darktorch""]/comps/li[@Class = ""CompProperties_Styleable""]"
Alpha Memes,sarg.alphamemes,1.6/Patches/MakingFurnitureStyleable/DeepDrillPatch.xml,"/Defs/ThingDef[defName = ""DeepDrill""]/comps/li[@Class = ""CompProperties_Styleable""]"
Alpha Memes,sarg.alphamemes,1.6/Patches/MakingFurnitureStyleable/DoorPatch.xml,"/Defs/ThingDef[defName = ""Door""]/comps/li[@Class = ""CompProperties_Styleable""]"
Alpha Memes,sarg.alphamemes,1.6/Patches/MakingFurnitureStyleable/DrapePatch.xml,"/Defs/ThingDef[defName = ""Drape""]/comps/li[@Class = ""CompProperties_Styleable""]"
Alpha Memes,sarg.alphamemes,1.6/Patches/MakingFurnitureStyleable/DresserPatch.xml,"/Defs/ThingDef[defName = ""Dresser""]/comps/li[@Class = ""CompProperties_Styleable""]"
Alpha Memes,sarg.alphamemes,1.6/Patches/MakingFurnitureStyleable/EndTablePatch.xml,"/Defs/ThingDef[defName = ""EndTable""]/comps/li[@Class = ""CompProperties_Styleable""]"
Alpha Memes,sarg.alphamemes,1.6/Patches/MakingFurnitureStyleable/FirefoamPopperPatch.xml,"/Defs/ThingDef[defName = ""FirefoamPopper""]/comps/li[@Class = ""CompProperties_Styleable""]"
Alpha Memes,sarg.alphamemes,1.6/Patches/MakingFurnitureStyleable/FloodlightPatch.xml,"/Defs/ThingDef[defName = ""FloodLight""]/comps/li[@Class = ""CompProperties_Styleable""]"
Alpha Memes,sarg.alphamemes,1.6/Patches/MakingFurnitureStyleable/GeneratorsPatch.xml,"/Defs/ThingDef[defName = ""WoodFiredGenerator""]/comps/li[@Class = ""CompProperties_Styleable""]"
Alpha Memes,sarg.alphamemes,1.6/Patches/MakingFurnitureStyleable/GeneratorsPatch.xml,"/Defs/ThingDef[defName = ""ChemfuelPoweredGenerator""]/comps/li[@Class = ""CompProperties_Styleable""]"
Alpha Memes,sarg.alphamemes,1.6/Patches/MakingFurnitureStyleable/GeneratorsPatch.xml,"/Defs/ThingDef[defName = ""SolarGenerator""]/comps/li[@Class = ""CompProperties_Styleable""]"
Alpha Memes,sarg.alphamemes,1.6/Patches/MakingFurnitureStyleable/GeneratorsPatch.xml,"/Defs/ThingDef[defName = ""GeothermalGenerator""]/comps/li[@Class = ""CompProperties_Styleable""]"
Alpha Memes,sarg.alphamemes,1.6/Patches/MakingFurnitureStyleable/HoldingPlatformPatch.xml,"/Defs/ThingDef[defName = ""HoldingPlatform""]/comps/li[@Class = ""CompProperties_Styleable""]"
Alpha Memes,sarg.alphamemes,1.6/Patches/MakingFurnitureStyleable/HorseshoesPinPatch.xml,"/Defs/ThingDef[defName = ""HorseshoesPin""]/comps/li[@Class = ""CompProperties_Styleable""]"
Alpha Memes,sarg.alphamemes,1.6/Patches/MakingFurnitureStyleable/MultianalyzerPatch.xml,"/Defs/ThingDef[defName = ""MultiAnalyzer""]/comps/li[@Class = ""CompProperties_Styleable""]"
Alpha Memes,sarg.alphamemes,1.6/Patches/MakingFurnitureStyleable/NutrientMealsPatch.xml,"/Defs/ThingDef[defName = ""MealNutrientPaste""]/comps/li[@Class = ""CompProperties_Styleable""]"
Alpha Memes,sarg.alphamemes,1.6/Patches/MakingFurnitureStyleable/OrbitalTradeBeaconPatch.xml,"/Defs/ThingDef[defName = ""OrbitalTradeBeacon""]/comps/li[@Class = ""CompProperties_Styleable""]"
Alpha Memes,sarg.alphamemes,1.6/Patches/MakingFurnitureStyleable/PenMarkerPatch.xml,"/Defs/ThingDef[defName = ""PenMarker""]/comps/li[@Class = ""CompProperties_Styleable""]"
Alpha Memes,sarg.alphamemes,1.6/Patches/MakingFurnitureStyleable/ReliquaryPatch.xml,"/Defs/ThingDef[defName = ""Reliquary""]/comps/li[@Class = ""CompProperties_Styleable""]"
Alpha Memes,sarg.alphamemes,1.6/Patches/MakingFurnitureStyleable/SunLampPatch.xml,"/Defs/ThingDef[defName = ""SunLamp""]/comps/li[@Class = ""CompProperties_Styleable""]"
Alpha Memes,sarg.alphamemes,1.6/Patches/MakingFurnitureStyleable/TelescopePatch.xml,"/Defs/ThingDef[defName = ""Telescope""]/comps/li[@Class = ""CompProperties_Styleable""]"
Alpha Memes,sarg.alphamemes,1.6/Patches/MakingFurnitureStyleable/ThronePatch.xml,"/Defs/ThingDef[defName = ""Throne""]/comps/li[@Class = ""CompProperties_Styleable""]"
Alpha Memes,sarg.alphamemes,1.6/Patches/MakingFurnitureStyleable/ToyBoxPatch.xml,"/Defs/ThingDef[defName = ""ToyBox""]/comps/li[@Class = ""CompProperties_Styleable""]"
Alpha Memes,sarg.alphamemes,1.6/Patches/MakingFurnitureStyleable/TubeTelevisionPatch.xml,"/Defs/ThingDef[defName = ""TubeTelevision""]/comps/li[@Class = ""CompProperties_Styleable""]"
Alpha Memes,sarg.alphamemes,1.6/Patches/MakingFurnitureStyleable/VitalsMonitorPatch.xml,"/Defs/ThingDef[defName = ""VitalsMonitor""]/comps/li[@Class = ""CompProperties_Styleable""]"
Alpha Memes,sarg.alphamemes,1.6/Patches/MakingFurnitureStyleable/WallPatch.xml,"/Defs/ThingDef[defName = ""Wall""]/comps/li[@Class = ""CompProperties_Styleable""]"
Alpha Memes,sarg.alphamemes,1.6/Mods/Royalty/Patches/ShipBeaconPatch.xml,"/Defs/ThingDef[defName = ""ShipLandingBeacon""]/comps/li[@Class = ""CompProperties_Styleable""]"
Alpha Memes,sarg.alphamemes,1.6/Mods/VanillaPowerExpanded/Patches/GeneratorsVPEPatches.xml,"/Defs/ThingDef[defName = ""VPE_NuclearGenerator""]/comps/li[@Class = ""CompProperties_Styleable""]"
Alpha Memes,sarg.alphamemes,1.6/Mods/VanillaPowerExpanded/Patches/GeneratorsVPEPatches.xml,"/Defs/ThingDef[defName = ""VFE_AdvancedSolarGenerator""]/comps/li[@Class = ""CompProperties_Styleable""]"
Alpha Memes,sarg.alphamemes,1.6/Mods/VanillaPowerExpanded/Patches/GeneratorsVPEPatches.xml,"/Defs/ThingDef[defName = ""VFE_AdvancedWindTurbine""]/comps/li[@Class = ""CompProperties_Styleable""]"
Alpha Memes,sarg.alphamemes,1.6/Mods/VanillaPowerExpanded/Patches/GeneratorsVPEPatches.xml,"/Defs/ThingDef[defName = ""VFE_LargeBattery""]/comps/li[@Class = ""CompProperties_Styleable""]"
Alpha Memes,sarg.alphamemes,1.6/Mods/VanillaPowerExpanded/Patches/GeneratorsVPEPatches.xml,"/Defs/ThingDef[defName = ""VFE_LargeAdvancedBattery""]/comps/li[@Class = ""CompProperties_Styleable""]"
Alpha Memes,sarg.alphamemes,1.6/Mods/VanillaPowerExpanded/Patches/GeneratorsVPEPatches.xml,"/Defs/ThingDef[defName = ""VFE_SmallBattery""]/comps/li[@Class = ""CompProperties_Styleable""]"
Alpha Memes,sarg.alphamemes,1.6/Mods/VanillaPowerExpanded/Patches/GeneratorsVPEPatches.xml,"/Defs/ThingDef[defName = ""VFE_AdvancedBattery""]/comps/li[@Class = ""CompProperties_Styleable""]"
Alpha Memes,sarg.alphamemes,1.6/Mods/VanillaPowerExpanded/Patches/GeneratorsVPEPatches.xml,"/Defs/ThingDef[defName = ""VFE_AdvancedWatermillGenerator""]/comps/li[@Class = ""CompProperties_Styleable""]"
Alpha Memes,sarg.alphamemes,1.6/Mods/VanillaPowerExpanded/Patches/GeneratorsVPEPatches.xml,"/Defs/ThingDef[defName = ""VFE_TidalGenerator""]/comps/li[@Class = ""CompProperties_Styleable""]"
Alpha Memes,sarg.alphamemes,1.6/Mods/VanillaHelixienGas/Patches/GeneratorsVHGEPatches.xml,"/Defs/ThingDef[defName = ""VHGE_HelixienPipe""]/comps/li[@Class = ""CompProperties_Styleable""]"
Alpha Memes,sarg.alphamemes,1.6/Mods/VanillaHelixienGas/Patches/GeneratorsVHGEPatches.xml,"/Defs/ThingDef[defName = ""VHGE_GasTank""]/comps/li[@Class = ""CompProperties_Styleable""]"
Alpha Memes,sarg.alphamemes,1.6/Mods/VanillaHelixienGas/Patches/GeneratorsVHGEPatches.xml,"/Defs/ThingDef[defName = ""VHGE_HelixienPump""]/comps/li[@Class = ""CompProperties_Styleable""]"
Alpha Memes,sarg.alphamemes,1.6/Mods/VanillaHelixienGas/Patches/GeneratorsVHGEPatches.xml,"/Defs/ThingDef[defName = ""VHGE_HelixienGenerator""]/comps/li[@Class = ""CompProperties_Styleable""]"
Alpha Memes,sarg.alphamemes,1.6/Mods/VanillaHelixienGas/Patches/GeneratorsVHGEPatches.xml,"/Defs/ThingDef[defName = ""VHGE_GasPoweredStove""]/comps/li[@Class = ""CompProperties_Styleable""]"
Alpha Memes,sarg.alphamemes,1.6/Mods/VanillaHelixienGas/Patches/GeneratorsVHGEPatches.xml,"/Defs/ThingDef[defName = ""VHGE_GasPoweredSmelter""]/comps/li[@Class = ""CompProperties_Styleable""]"
Alpha Memes,sarg.alphamemes,1.6/Mods/VanillaHelixienGas/Patches/GeneratorsVHGEPatches.xml,"/Defs/ThingDef[defName = ""VHGE_GasPoweredCrematorium""]/comps/li[@Class = ""CompProperties_Styleable""]"
Alpha Memes,sarg.alphamemes,1.6/Mods/VanillaHelixienGas/Patches/GeneratorsVHGEPatches.xml,"/Defs/ThingDef[defName = ""VHGE_GasCooler""]/comps/li[@Class = ""CompProperties_Styleable""]"
Alpha Memes,sarg.alphamemes,1.6/Mods/VanillaHelixienGas/Patches/GeneratorsVHGEPatches.xml,"/Defs/ThingDef[defName = ""VHGE_GasHeater""]/comps/li[@Class = ""CompProperties_Styleable""]"
Alpha Memes,sarg.alphamemes,1.6/Mods/VanillaHelixienGas/Patches/GeneratorsVHGEPatches.xml,"/Defs/ThingDef[defName = ""VHGE_GasSunLamp""]/comps/li[@Class = ""CompProperties_Styleable""]"
Alpha Memes,sarg.alphamemes,1.6/Mods/VanillaHelixienGas/Patches/GeneratorsVHGEPatches.xml,"/Defs/ThingDef[defName = ""VHGE_GasWallLight""]/comps/li[@Class = ""CompProperties_Styleable""]"
Alpha Memes,sarg.alphamemes,1.6/Mods/Rimefeller/Patches/GeneratorsRimefellerPatches.xml,"/Defs/ThingDef[defName = ""OilWell""]/comps/li[@Class = ""CompProperties_Styleable""]"
Alpha Memes,sarg.alphamemes,1.6/Mods/Rimefeller/Patches/GeneratorsRimefellerPatches.xml,"/Defs/ThingDef[defName = ""DeepOilWell""]/comps/li[@Class = ""CompProperties_Styleable""]"
Alpha Memes,sarg.alphamemes,1.6/Mods/Rimefeller/Patches/GeneratorsRimefellerPatches.xml,"/Defs/ThingDef[defName = ""OilStorage""]/comps/li[@Class = ""CompProperties_Styleable""]"
Alpha Memes,sarg.alphamemes,1.6/Mods/Rimefeller/Patches/GeneratorsRimefellerPatches.xml,"/Defs/ThingDef[defName = ""FuelStorage""]/comps/li[@Class = ""CompProperties_Styleable""]"
Astronomy Style Pack,asp.halituisamaricanous,Patches/patch_CompProperties_Styleable.xml,"/Defs/ThingDef[defName = ""Armchair""]/comps/li[@Class = ""CompProperties_Styleable""]"
Astronomy Style Pack,asp.halituisamaricanous,Patches/patch_CompProperties_Styleable.xml,"/Defs/ThingDef[defName = ""FloodLight""]/comps/li[@Class = ""CompProperties_Styleable""]"
Astronomy Style Pack,asp.halituisamaricanous,Patches/patch_CompProperties_Styleable.xml,"/Defs/ThingDef[defName = ""WallLamp""]/comps/li[@Class = ""CompProperties_Styleable""]"
Beliar Xenotype,elsov.beliar,1.6/Patches/AnomalyPatches.xml,"Defs/ThingDef[defName=""BX_BloodletterBlade""]/statBases"
Better Beggars (Continued),mlie.betterbeggars,1.6/Patches/Core.xml,"/Defs/StorytellerDef[@Name=""BaseStoryteller""]/comps/li[incident=""GiveQuest_Beggars""]/incident"
Better Kibble,coldcrow.betterkibble,1.6/Patches/BetterKibble_Core_Patch.xml,"Defs/ThingDef[defName = ""Kibble""]/statBases/MarketValue"
Better Kibble,coldcrow.betterkibble,1.6/Patches/BetterKibble_Core_Patch.xml,"Defs/ThingDef[defName = ""Kibble""]/statBases/Nutrition"
Better Kibble,coldcrow.betterkibble,1.6/Patches/BetterKibble_Core_Patch.xml,"Defs/ThingDef[defName = ""Kibble""]/statBases"
Caravan Adventures,iforgotmysocks.caravanadventures,1.6/Expansions/RM/Patches/Patches/RMChangeBossesToInsects.xml,"Defs/PawnKindDef[defName=""CADevourer"" or defName=""CACrystalScythe"" or defName=""CAHarbinger"" or defName=""CAHavoc"" or defName=""CAEndBossMech""]/lifeStages/li/bodyGraphicData/drawSize"
Caravan Adventures,iforgotmysocks.caravanadventures,1.6/Expansions/RM/Patches/Patches/RMChangeBossesToInsects.xml,"Defs/ThingDef[@Name=""CABaseMechanoid""]/race/fleshType"
Cephaloids,joe.cephaloids,Patches/Joes_Cephaloids_Patches.xml,"/Defs/BiomeDef[defName = ""BorealForest""]/wildAnimals"
Cephaloids,joe.cephaloids,Patches/Joes_Cephaloids_Patches.xml,"/Defs/BiomeDef[defName = ""Tundra""]/wildAnimals"
Cephaloids,joe.cephaloids,Patches/Joes_Cephaloids_Patches.xml,"/Defs/BiomeDef[defName = ""ColdBog""]/wildAnimals"
Cephaloids,joe.cephaloids,Patches/Joes_Cephaloids_Patches.xml,"/Defs/BiomeDef[defName = ""IceSheet""]/wildAnimals"
Cephaloids,joe.cephaloids,Patches/Joes_Cephaloids_Patches.xml,"/Defs/BiomeDef[defName = ""SeaIce""]/wildAnimals"
Cephaloids,joe.cephaloids,Patches/Joes_Cephaloids_Patches.xml,"/Defs/BiomeDef[defName = ""AridShrubland""]/wildAnimals"
Cephaloids,joe.cephaloids,Patches/Joes_Cephaloids_Patches.xml,"/Defs/BiomeDef[defName = ""Desert""]/wildAnimals"
Cephaloids,joe.cephaloids,Patches/Joes_Cephaloids_Patches.xml,"/Defs/BiomeDef[defName = ""ExtremeDesert""]/wildAnimals"
Cephaloids,joe.cephaloids,Patches/Joes_Cephaloids_Patches.xml,"/Defs/BiomeDef[defName = ""TropicalRainforest""]/wildAnimals"
Cephaloids,joe.cephaloids,Patches/Joes_Cephaloids_Patches.xml,"/Defs/BiomeDef[defName = ""TropicalSwamp""]/wildAnimals"
Cephaloids,joe.cephaloids,Patches/Joes_Cephaloids_Patches.xml,"/Defs/BiomeDef[defName = ""TemperateForest""]/wildAnimals"
Cephaloids,joe.cephaloids,Patches/Joes_Cephaloids_Patches.xml,"/Defs/BiomeDef[defName = ""TemperateSwamp""]/wildAnimals"
Cephaloids,joe.cephaloids,Patches/Joes_Cephaloids_Patches.xml,"/Defs/BiomeDef[defName = ""GlacialPlain""]/wildAnimals"
Cephaloids,joe.cephaloids,Patches/Joes_Cephaloids_Patches.xml,"/Defs/BiomeDef[defName = ""Scarlands""]/wildAnimals"
Cephaloids,joe.cephaloids,Patches/Joes_Cephaloids_Patches.xml,"/Defs/BiomeDef[defName = ""LavaField""]/wildAnimals"
Cephaloids,joe.cephaloids,Patches/Joes_Cephaloids_Patches.xml,"/Defs/BiomeDef[defName = ""Grasslands""]/wildAnimals"
Cephaloids,joe.cephaloids,Patches/Joes_Cephaloids_Patches.xml,"/Defs/BiomeDef[defName = ""Glowforest""]/wildAnimals"
Cozy Fires,cozyfire.velcroboy333,1.6/Patches/ComfortGivers.xml,"Defs/ThingDef[defName=""SleepingSpot"" or defName=""DoubleSleepingSpot"" or defName=""AnimalSleepingSpot""]/statBases"
Cozy Fires,cozyfire.velcroboy333,1.6/Patches/ComfortGivers.xml,"Defs/ThingDef[defName=""ZP_Andon"" or defName=""ZP_ElectricAndon""]/comps/li[@Class = ""CompProperties_Facility""]/statOffsets"
Dark Ages : Beasts and Monsters,van.beasts,Patches/PatchPollutedBiomes.xml,"/Defs/BiomeDef[defName = ""TemperateSwamp""]/pollutionWildAnimals"
Dark Ages : Beasts and Monsters,van.beasts,Patches/PatchPollutedBiomes.xml,"/Defs/BiomeDef[defName = ""TropicalRainforest""]/pollutionWildAnimals"
Dark Ages : Beasts and Monsters,van.beasts,Patches/PatchPollutedBiomes.xml,"/Defs/BiomeDef[defName = ""TropicalSwamp""]/pollutionWildAnimals"
Dark Ages : Beasts and Monsters,van.beasts,1.6/Mods/Odyssey/Patches/BiomesPatches.xml,"Defs/BiomeDef[defName=""ColdBog"" or defName=""TemperateSwamp"" or defName=""TropicalSwamp""]/fishTypes/freshwater_Uncommon"
Dark Ages : Crypts and Tombs,van.dacrypts,Patches/PatchMisc.xml,"Defs/ThingDef[defName=""Grave"" or defName=""Sarcophagus""]/comps/li[@Class=""CompProperties_MeditationFocus""]/offsets/li[@Class=""FocusStrengthOffset_NearbyGraves""]/defs"
Dark Ages : Crypts and Tombs,van.dacrypts,Patches/PatchMisc.xml,"Defs/ThingDef[defName=""Campfire"" or defName=""TorchLamp"" or defName=""TorchWallLamp"" or defName=""Brazier"" or defName=""DarklightBrazier"" or defName=""Darktorch"" or defName=""DarktorchFungus"" or defName=""SanguphageMeetingTorch""]/comps/li[@Class=""CompProperties_MeditationFocus""]/offsets/li[@Class=""FocusStrengthOffset_BuildingDefsLit""]/defs"
Dark Ages : Crypts and Tombs,van.dacrypts,Patches/PatchMisc.xml,"Defs/ThingDef/comps/li[@Class=""CompProperties_MeditationFocus""][focusTypes/li=""Morbid""]/offsets/li[@Class=""FocusStrengthOffset_NearbyGraves""]/defs"
Darkest Dungeon Incident Sounds,darkestdungeon.incidentsounds,Patches/Patches.xml,"/Defs/ThingDef[defName=""Human""]/race/lifeStageAges/li[5]"
Dynamic Effects Forge,blues.forge,Patches/FirePatch_FurnitureExpanded.xml,"/Defs/ThingDef[defName=""FFE_WoodFiredHeater""]/comps/li[@Class=""CompProperties_FireOverlay""]"
Dynamic Effects Forge,blues.forge,Patches/FirePatch_FurnitureExpanded.xml,"/Defs/ThingDef[defName=""FFE_WoodFiredHeater""]/comps/li[@Class=""CompProperties_FireOverlay""]"
Dynamic Effects Forge,blues.forge,Patches/FirePatch_MedievalOverhaul.xml,"/Defs/ThingDef[defName=""DankPyon_RusticHearth""]/comps/li[@Class=""MedievalOverhaul.CompProperties_FireOverlaySouth""]"
Dynamic Effects Forge,blues.forge,Patches/FirePatch_MedievalOverhaul.xml,"/Defs/ThingDef[defName=""DankPyon_RusticHearth""]/comps/li[@Class=""MedievalOverhaul.CompProperties_FireOverlaySouth""]"
Dynamic Effects Forge,blues.forge,Patches/FirePatch_MedievalOverhaul.xml,"/Defs/ThingDef[defName=""DankPyon_Pyre""]/comps/li[@Class=""CompProperties_FireOverlay""]"
Dynamic Effects Forge,blues.forge,Patches/FirePatch_MedievalOverhaul.xml,"/Defs/ThingDef[defName=""DankPyon_Pyre""]/comps/li[@Class=""CompProperties_FireOverlay""]"
Engines Unlimited,nep.enginesunlimited,1.6/Patches/Odyssey_enginecount.xml,"Defs/ThingDef/comps/li[@Class=""CompProperties_GravshipThruster""]/maxSimultaneous"
Epochs - Pyrinth,det.epochspyrinth,1.6/Patches/Royalty_Patch.xml,"Defs/ThingDef[defName=""Campfire"" or defName=""TorchLamp"" or defName=""DarktorchFungus"" or defName=""Darktorch"" or defName=""Brazier"" or defName=""DarklightBrazier""]/comps/li[@Class=""CompProperties_MeditationFocus""]/offsets/li[@Class=""FocusStrengthOffset_BuildingDefsLit""]/defs"
FancyRats+,tyrannidae.fancyratsplus,1.6/Patches/RatPatches.xml,"/Defs/PawnKindDef[defName=""Rat""]/lifeStages"
FancyRats+,tyrannidae.fancyratsplus,1.6/Patches/RatPatches.xml,"/Defs/PawnKindDef[defName=""Rat""]/label"
FancyRats+,tyrannidae.fancyratsplus,1.6/Patches/RatPatches.xml,"/Defs/PawnKindDef[defName=""FancyRat""]/label"
FancyRats+,tyrannidae.fancyratsplus,1.6/Patches/RatPatches.xml,"/Defs/PawnKindDef[defName=""FancyRat""]/lifeStages"
FancyRats+,tyrannidae.fancyratsplus,1.6/Patches/RatPatches.xml,"/Defs/PawnKindDef[defName=""FancyRat""]/alternateGraphics"
FancyRats+,tyrannidae.fancyratsplus,1.6/Patches/RatPatches.xml,"/Defs/PawnKindDef[defName=""PoisonRat""]/label"
FancyRats+,tyrannidae.fancyratsplus,1.6/Patches/RatPatches.xml,"Defs/PawnKindDef[defName=""PoisonRat""]/lifeStages"
FancyRats+,tyrannidae.fancyratsplus,1.6/Patches/RatPatches.xml,"Defs/PawnKindDef[defName=""PoisonRat""]"
Firefoam poppers aren't ugly!,realify.firefoam,Patches/Patch.xml,"Defs/ThingDef[defName=""FirefoamPopper""]/statBases/Beauty"
Fists Aren't Made of Steel,aelanna.fistnerf,Patches/Races.xml,"Defs/ThingDef[defName=""Human""]/tools/li/capacities/li[text()=""Blunt""]"
Fists Aren't Made of Steel,aelanna.fistnerf,Patches/Races.xml,"Defs/ThingDef[@ParentName=""HumanRace""]/tools/li/capacities/li[text()=""Blunt""]"
Fists Aren't Made of Steel,aelanna.fistnerf,Patches/Races.xml,"Defs/ThingDef[@ParentName=""HumanRace""]/tools/li/capacities/li[text()=""Blunt""]"
Fists Aren't Made of Steel,aelanna.fistnerf,Patches/Races.xml,"Defs/AlienRace.ThingDef_AlienRace[@ParentName=""BasePawn""]/tools/li/capacities/li[text()=""Blunt""]"
Fists Aren't Made of Steel,aelanna.fistnerf,Patches/Races.xml,"Defs/AlienRace.ThingDef_AlienRace[@ParentName=""BasePawn""]/tools/li/capacities/li[text()=""Blunt""]"
Grimstone : Beasts,abrolo.grimstone.beasts,1.6/Patches/Add_Animals_To_Biomes.xml,"Defs/BiomeDef [defName=""TemperateForest""]/wildAnimals"
Grimstone : Beasts,abrolo.grimstone.beasts,1.6/Patches/Add_Animals_To_Biomes.xml,"Defs/BiomeDef [defName=""TemperateSwamp""]/wildAnimals"
Grimstone : Beasts,abrolo.grimstone.beasts,1.6/Patches/Add_Animals_To_Biomes.xml,"Defs/BiomeDef [defName=""AridShrubland""]/wildAnimals"
Grimstone : Beasts,abrolo.grimstone.beasts,1.6/Patches/Add_Animals_To_Biomes.xml,"Defs/BiomeDef [defName=""BorealForest""]/wildAnimals"
Grimstone : Beasts,abrolo.grimstone.beasts,1.6/Patches/Add_Animals_To_Biomes.xml,"Defs/BiomeDef [defName=""Tundra""]/wildAnimals"
Grimstone : Beasts,abrolo.grimstone.beasts,1.6/Patches/Add_Animals_To_Biomes.xml,"Defs/BiomeDef [defName=""ColdBog""]/wildAnimals"
Grimstone : Beasts,abrolo.grimstone.beasts,1.6/Patches/Add_Animals_To_Biomes.xml,"Defs/BiomeDef [defName=""IceSheet""]/wildAnimals"
Grimstone : Beasts,abrolo.grimstone.beasts,1.6/Patches/Add_Animals_To_Biomes.xml,"Defs/BiomeDef[defName=""Glowforest""]/wildAnimals"
Grimstone : Beasts,abrolo.grimstone.beasts,1.6/Patches/Add_Animals_To_Biomes.xml,"Defs/BiomeDef[defName=""Scarlands""]/wildAnimals"
Grimstone : Beasts,abrolo.grimstone.beasts,1.6/Patches/Add_Animals_To_Biomes.xml,"Defs/BiomeDef[defName=""Grasslands""]/wildAnimals"
Grimstone : Beasts,abrolo.grimstone.beasts,1.6/Patches/Add_Animals_To_Biomes.xml,"Defs/BiomeDef[defName=""GlacialPlain""]/wildAnimals"
Grimstone : Beasts,abrolo.grimstone.beasts,1.6/Patches/Add_Animals_To_Biomes.xml,"Defs/BiomeDef[defName=""LavaField""]/wildAnimals"
Integrated Genes,turnovus.biotech.integratedgenes,1.6/Ideology/Patches/BiosculpterHealingCycle.xml,"Defs/ThingDef[defName=""BiosculpterPod""]/comps/li[key=""medic""]/conditionsToPossiblyCure"
Invisible Conduit Continued,glitchgoblin.invisibleconduitcont,Patches/zzz_Conduit_Invisible.xml,"/Defs/ThingDef[defName = ""PowerConduit""]/statBases/Beauty"
Invisible Conduit Continued,glitchgoblin.invisibleconduitcont,Patches/zzz_Conduit_Invisible.xml,"/Defs/ThingDef[defName = ""PowerConduit""]/statBases/Flammability"
Invisible Conduit Continued,glitchgoblin.invisibleconduitcont,1.6/Patches/zzz_Conduit_Invisible.xml,"/Defs/ThingDef[defName = ""PowerConduit""]/statBases/Beauty"
Invisible Conduit Continued,glitchgoblin.invisibleconduitcont,1.6/Patches/zzz_Conduit_Invisible.xml,"/Defs/ThingDef[defName = ""PowerConduit""]/statBases/Flammability"
Jewelry,kikohi.jewelry,1.6/Patches/Patches_Royalty.xml,"Defs/PawnKindDef[defName=""Empire_Royal_Esquire"" or defName=""Empire_Royal_Knight""]"
Jewelry,kikohi.jewelry,1.6/Patches/Patches_Royalty.xml,"Defs/PawnKindDef[defName=""Empire_Royal_Praetor"" or defName=""Empire_Royal_Baron""]"
Jewelry,kikohi.jewelry,1.6/Patches/Patches_Royalty.xml,"Defs/PawnKindDef[defName=""Empire_Royal_Count"" or defName=""Empire_Royal_Duke"" or defName=""Empire_Royal_Consul"" or defName=""Empire_Royal_Stellarch""]"
Jewelry,kikohi.jewelry,1.6/Patches/Patches_Royalty.xml,"Defs/PawnKindDef[@Name=""RoyalBase""]/apparelMoney"
More Slavery Stuff,garryflowers.moreslaverystuff,Patches/MixedBedsPatches.xml,"/Defs/ThingDef[thingClass=""Building_Bed""]/comps/li[compClass=""CompAssignableToPawn_Bed""]"
More Vanilla Biomes,zylle.morevanillabiomes,1.6/Patches/ZBiome_BiomesIslands.xml,"/Defs/BiomeDef[defName = ""ZBiome_Sandbar_NoBeach""]/plantDensity"
More Vanilla Biomes,zylle.morevanillabiomes,1.6/Patches/ZBiome_BiomesIslands.xml,"/Defs/BiomeDef[defName = ""ZBiome_Sandbar_NoBeach""]/animalDensity"
More Vanilla Biomes,zylle.morevanillabiomes,1.6/Patches/ZBiome_BiomesIslands.xml,"/Defs/BiomeDef[defName = ""ZBiome_Sandbar_NoBeach""]/wildPlants"
More Vanilla Biomes,zylle.morevanillabiomes,1.6/Patches/ZBiome_BiomesIslands.xml,"/Defs/BiomeDef[defName = ""ZBiome_Sandbar_NoBeach""]/wildAnimals"
More Vanilla Biomes,zylle.morevanillabiomes,1.6/Patches/ZBiome_BiomesIslands.xml,"/Defs/BiomeDef[defName = ""ZBiome_CoastalDunes""]/wildPlants"
More Vanilla Biomes,zylle.morevanillabiomes,1.6/Patches/ZBiome_BiomesIslands.xml,"/Defs/BiomeDef[defName = ""ZBiome_CoastalDunes""]/wildAnimals"
More Vanilla Biomes,zylle.morevanillabiomes,1.6/Patches/ZBiome_BiomesIslands.xml,"/Defs/BiomeDef[defName = ""ZBiome_Iceberg_NoBeach""]/plantDensity"
More Vanilla Biomes,zylle.morevanillabiomes,1.6/Patches/ZBiome_BiomesIslands.xml,"/Defs/BiomeDef[defName = ""ZBiome_Iceberg_NoBeach""]/animalDensity"
More Vanilla Biomes,zylle.morevanillabiomes,1.6/Patches/ZBiome_BiomesIslands.xml,"/Defs/BiomeDef[defName = ""ZBiome_Iceberg_NoBeach""]/wildPlants"
More Vanilla Biomes,zylle.morevanillabiomes,1.6/Patches/ZBiome_BiomesIslands.xml,"/Defs/BiomeDef[defName = ""ZBiome_Iceberg_NoBeach""]/wildAnimals"
More Vanilla Biomes,zylle.morevanillabiomes,1.6/Patches/ZBiome_BiomesIslands.xml,"/Defs/BiomeDef[defName = ""ZBiome_Marsh""]/wildPlants"
More Vanilla Biomes,zylle.morevanillabiomes,1.6/Patches/ZBiome_BiomesIslands.xml,"/Defs/BiomeDef[defName = ""ZBiome_CloudForest""]/wildPlants"
More Vanilla Biomes,zylle.morevanillabiomes,1.6/Patches/ZBiome_BiomesIslands.xml,"/Defs/BiomeDef[defName = ""ZBiome_DesertOasis""]/wildPlants"
More Vanilla Biomes,zylle.morevanillabiomes,1.6/Mods/AlphaAnimals/Patches/Alpha Animals.xml,"/Defs/ThingDef[defName = ""AA_AcanthamoebaGiganteaSmall""]/race/wildBiomes"
More Vanilla Biomes,zylle.morevanillabiomes,1.6/Mods/AlphaAnimals/Patches/Alpha Animals.xml,"/Defs/ThingDef[defName = ""AA_Aerofleet""]/race/wildBiomes"
More Vanilla Biomes,zylle.morevanillabiomes,1.6/Mods/AlphaAnimals/Patches/Alpha Animals.xml,"/Defs/ThingDef[defName = ""AA_AngelMothLarva""]/race/wildBiomes"
More Vanilla Biomes,zylle.morevanillabiomes,1.6/Mods/AlphaAnimals/Patches/Alpha Animals.xml,"/Defs/ThingDef[defName = ""AA_AngelMoth""]/race/wildBiomes"
More Vanilla Biomes,zylle.morevanillabiomes,1.6/Mods/AlphaAnimals/Patches/Alpha Animals.xml,"/Defs/ThingDef[defName = ""AA_AnimaColossus""]/race/wildBiomes"
More Vanilla Biomes,zylle.morevanillabiomes,1.6/Mods/AlphaAnimals/Patches/Alpha Animals.xml,"/Defs/ThingDef[defName = ""AA_AnimusVox""]/race/wildBiomes"
More Vanilla Biomes,zylle.morevanillabiomes,1.6/Mods/AlphaAnimals/Patches/Alpha Animals.xml,"/Defs/ThingDef[defName = ""AA_ArcticLion""]/race/wildBiomes"
More Vanilla Biomes,zylle.morevanillabiomes,1.6/Mods/AlphaAnimals/Patches/Alpha Animals.xml,"/Defs/ThingDef[defName = ""AA_LarvalAtispec""]/race/wildBiomes"
More Vanilla Biomes,zylle.morevanillabiomes,1.6/Mods/AlphaAnimals/Patches/Alpha Animals.xml,"/Defs/ThingDef[defName = ""AA_AuroraSylph""]/race/wildBiomes"
More Vanilla Biomes,zylle.morevanillabiomes,1.6/Mods/AlphaAnimals/Patches/Alpha Animals.xml,"/Defs/ThingDef[defName = ""AA_Barbslinger""]/race/wildBiomes"
More Vanilla Biomes,zylle.morevanillabiomes,1.6/Mods/AlphaAnimals/Patches/Alpha Animals.xml,"/Defs/ThingDef[defName = ""AA_BedBug""]/race/wildBiomes"
More Vanilla Biomes,zylle.morevanillabiomes,1.6/Mods/AlphaAnimals/Patches/Alpha Animals.xml,"/Defs/ThingDef[defName = ""AA_Blizzarisk""]/race/wildBiomes"
More Vanilla Biomes,zylle.morevanillabiomes,1.6/Mods/AlphaAnimals/Patches/Alpha Animals.xml,"/Defs/ThingDef[defName = ""AA_BloodShrimp""]/race/wildBiomes"
More Vanilla Biomes,zylle.morevanillabiomes,1.6/Mods/AlphaAnimals/Patches/Alpha Animals.xml,"/Defs/ThingDef[defName = ""AA_BoulderMit""]/race/wildBiomes"
More Vanilla Biomes,zylle.morevanillabiomes,1.6/Mods/AlphaAnimals/Patches/Alpha Animals.xml,"/Defs/ThingDef[defName = ""AA_Bumbledrone""]/race/wildBiomes"
More Vanilla Biomes,zylle.morevanillabiomes,1.6/Mods/AlphaAnimals/Patches/Alpha Animals.xml,"/Defs/ThingDef[defName = ""AA_BumbledroneHierophant""]/race/wildBiomes"
More Vanilla Biomes,zylle.morevanillabiomes,1.6/Mods/AlphaAnimals/Patches/Alpha Animals.xml,"/Defs/ThingDef[defName = ""AA_Cactipine""]/race/wildBiomes"
More Vanilla Biomes,zylle.morevanillabiomes,1.6/Mods/AlphaAnimals/Patches/Alpha Animals.xml,"/Defs/ThingDef[defName = ""AA_ChameleonYak""]/race/wildBiomes"
More Vanilla Biomes,zylle.morevanillabiomes,1.6/Mods/AlphaAnimals/Patches/Alpha Animals.xml,"/Defs/ThingDef[defName = ""AA_Cinderlisk""]/race/wildBiomes"
More Vanilla Biomes,zylle.morevanillabiomes,1.6/Mods/AlphaAnimals/Patches/Alpha Animals.xml,"/Defs/ThingDef[defName = ""AA_CrescendoAnole""]/race/wildBiomes"
More Vanilla Biomes,zylle.morevanillabiomes,1.6/Mods/AlphaAnimals/Patches/Alpha Animals.xml,"/Defs/ThingDef[defName = ""AA_CrystallineCaracal""]/race/wildBiomes"
More Vanilla Biomes,zylle.morevanillabiomes,1.6/Mods/AlphaAnimals/Patches/Alpha Animals.xml,"/Defs/ThingDef[defName = ""AA_CrystalMit""]/race/wildBiomes"
More Vanilla Biomes,zylle.morevanillabiomes,1.6/Mods/AlphaAnimals/Patches/Alpha Animals.xml,"/Defs/ThingDef[defName = ""AA_Darkbeast""]/race/wildBiomes"
More Vanilla Biomes,zylle.morevanillabiomes,1.6/Mods/AlphaAnimals/Patches/Alpha Animals.xml,"/Defs/ThingDef[defName = ""AA_DarkVandal""]/race/wildBiomes"
More Vanilla Biomes,zylle.morevanillabiomes,1.6/Mods/AlphaAnimals/Patches/Alpha Animals.xml,"/Defs/ThingDef[defName = ""AA_DecayDrake""]/race/wildBiomes"
More Vanilla Biomes,zylle.morevanillabiomes,1.6/Mods/AlphaAnimals/Patches/Alpha Animals.xml,"/Defs/ThingDef[defName = ""AA_DesertAve""]/race/wildBiomes"
More Vanilla Biomes,zylle.morevanillabiomes,1.6/Mods/AlphaAnimals/Patches/Alpha Animals.xml,"/Defs/ThingDef[defName = ""AA_DrainerLarva""]/race/wildBiomes"
More Vanilla Biomes,zylle.morevanillabiomes,1.6/Mods/AlphaAnimals/Patches/Alpha Animals.xml,"/Defs/ThingDef[defName = ""AA_Drainer""]/race/wildBiomes"
More Vanilla Biomes,zylle.morevanillabiomes,1.6/Mods/AlphaAnimals/Patches/Alpha Animals.xml,"/Defs/ThingDef[defName = ""AA_Dunealisk""]/race/wildBiomes"
More Vanilla Biomes,zylle.morevanillabiomes,1.6/Mods/AlphaAnimals/Patches/Alpha Animals.xml,"/Defs/ThingDef[defName = ""AA_DuskProwler""]/race/wildBiomes"
More Vanilla Biomes,zylle.morevanillabiomes,1.6/Mods/AlphaAnimals/Patches/Alpha Animals.xml,"/Defs/ThingDef[defName = ""AA_EmpressButterflyLarva""]/race/wildBiomes"
More Vanilla Biomes,zylle.morevanillabiomes,1.6/Mods/AlphaAnimals/Patches/Alpha Animals.xml,"/Defs/ThingDef[defName = ""AA_EmpressButterfly""]/race/wildBiomes"
More Vanilla Biomes,zylle.morevanillabiomes,1.6/Mods/AlphaAnimals/Patches/Alpha Animals.xml,"/Defs/ThingDef[defName = ""AA_Erin""]/race/wildBiomes"
More Vanilla Biomes,zylle.morevanillabiomes,1.6/Mods/AlphaAnimals/Patches/Alpha Animals.xml,"/Defs/ThingDef[defName = ""AA_Feralisk""]/race/wildBiomes"
More Vanilla Biomes,zylle.morevanillabiomes,1.6/Mods/AlphaAnimals/Patches/Alpha Animals.xml,"/Defs/ThingDef[defName = ""AA_FissionMouse""]/race/wildBiomes"
More Vanilla Biomes,zylle.morevanillabiomes,1.6/Mods/AlphaAnimals/Patches/Alpha Animals.xml,"/Defs/ThingDef[defName = ""AA_FlamingoPhoenix""]/race/wildBiomes"
More Vanilla Biomes,zylle.morevanillabiomes,1.6/Mods/AlphaAnimals/Patches/Alpha Animals.xml,"/Defs/ThingDef[defName = ""AA_FrostAve""]/race/wildBiomes"
More Vanilla Biomes,zylle.morevanillabiomes,1.6/Mods/AlphaAnimals/Patches/Alpha Animals.xml,"/Defs/ThingDef[defName = ""AA_FrostLynx""]/race/wildBiomes"
More Vanilla Biomes,zylle.morevanillabiomes,1.6/Mods/AlphaAnimals/Patches/Alpha Animals.xml,"/Defs/ThingDef[defName = ""AA_Frostmite""]/race/wildBiomes"
More Vanilla Biomes,zylle.morevanillabiomes,1.6/Mods/AlphaAnimals/Patches/Alpha Animals.xml,"/Defs/ThingDef[defName = ""AA_Genix""]/race/wildBiomes"
More Vanilla Biomes,zylle.morevanillabiomes,1.6/Mods/AlphaAnimals/Patches/Alpha Animals.xml,"/Defs/ThingDef[defName = ""AA_GiantCrownedSilkie""]/race/wildBiomes"
More Vanilla Biomes,zylle.morevanillabiomes,1.6/Mods/AlphaAnimals/Patches/Alpha Animals.xml,"/Defs/ThingDef[defName = ""AA_Gigantelope""]/race/wildBiomes"
More Vanilla Biomes,zylle.morevanillabiomes,1.6/Mods/AlphaAnimals/Patches/Alpha Animals.xml,"/Defs/ThingDef[defName = ""AA_GreatDevourer""]/race/wildBiomes"
More Vanilla Biomes,zylle.morevanillabiomes,1.6/Mods/AlphaAnimals/Patches/Alpha Animals.xml,"/Defs/ThingDef[defName = ""AA_GreyCoatedMouflon""]/race/wildBiomes"
More Vanilla Biomes,zylle.morevanillabiomes,1.6/Mods/AlphaAnimals/Patches/Alpha Animals.xml,"/Defs/ThingDef[defName = ""AA_Groundrunner""]/race/wildBiomes"
More Vanilla Biomes,zylle.morevanillabiomes,1.6/Mods/AlphaAnimals/Patches/Alpha Animals.xml,"/Defs/ThingDef[defName = ""AA_Helixien""]/race/wildBiomes"
More Vanilla Biomes,zylle.morevanillabiomes,1.6/Mods/AlphaAnimals/Patches/Alpha Animals.xml,"/Defs/ThingDef[defName = ""AA_Lockjaw""]/race/wildBiomes"
More Vanilla Biomes,zylle.morevanillabiomes,1.6/Mods/AlphaAnimals/Patches/Alpha Animals.xml,"/Defs/ThingDef[defName = ""AA_LuciferBug""]/race/wildBiomes"
More Vanilla Biomes,zylle.morevanillabiomes,1.6/Mods/AlphaAnimals/Patches/Alpha Animals.xml,"/Defs/ThingDef[defName = ""AA_MammothWorm""]/race/wildBiomes"
More Vanilla Biomes,zylle.morevanillabiomes,1.6/Mods/AlphaAnimals/Patches/Alpha Animals.xml,"/Defs/ThingDef[defName = ""AA_Mantrap""]/race/wildBiomes"
More Vanilla Biomes,zylle.morevanillabiomes,1.6/Mods/AlphaAnimals/Patches/Alpha Animals.xml,"/Defs/ThingDef[defName = ""AA_MatureFleshbeast""]/race/wildBiomes"
More Vanilla Biomes,zylle.morevanillabiomes,1.6/Mods/AlphaAnimals/Patches/Alpha Animals.xml,"/Defs/ThingDef[defName = ""AA_MeadowAve""]/race/wildBiomes"
More Vanilla Biomes,zylle.morevanillabiomes,1.6/Mods/AlphaAnimals/Patches/Alpha Animals.xml,"/Defs/ThingDef[defName = ""AA_MegaLouse""]/race/wildBiomes"
More Vanilla Biomes,zylle.morevanillabiomes,1.6/Mods/AlphaAnimals/Patches/Alpha Animals.xml,"/Defs/ThingDef[defName = ""AA_Murkling""]/race/wildBiomes"
More Vanilla Biomes,zylle.morevanillabiomes,1.6/Mods/AlphaAnimals/Patches/Alpha Animals.xml,"/Defs/ThingDef[defName = ""AA_Needlepost""]/race/wildBiomes"
More Vanilla Biomes,zylle.morevanillabiomes,1.6/Mods/AlphaAnimals/Patches/Alpha Animals.xml,"/Defs/ThingDef[defName = ""AA_Needleroll""]/race/wildBiomes"
More Vanilla Biomes,zylle.morevanillabiomes,1.6/Mods/AlphaAnimals/Patches/Alpha Animals.xml,"/Defs/ThingDef[defName = ""AA_NightAve""]/race/wildBiomes"
More Vanilla Biomes,zylle.morevanillabiomes,1.6/Mods/AlphaAnimals/Patches/Alpha Animals.xml,"/Defs/ThingDef[defName = ""AA_Nightling""]/race/wildBiomes"
More Vanilla Biomes,zylle.morevanillabiomes,1.6/Mods/AlphaAnimals/Patches/Alpha Animals.xml,"/Defs/ThingDef[defName = ""AA_OcularJelly""]/race/wildBiomes"
More Vanilla Biomes,zylle.morevanillabiomes,1.6/Mods/AlphaAnimals/Patches/Alpha Animals.xml,"/Defs/ThingDef[defName = ""AA_OvergrownColossus""]/race/wildBiomes"
More Vanilla Biomes,zylle.morevanillabiomes,1.6/Mods/AlphaAnimals/Patches/Alpha Animals.xml,"/Defs/ThingDef[defName = ""AA_PebbleMit""]/race/wildBiomes"
More Vanilla Biomes,zylle.morevanillabiomes,1.6/Mods/AlphaAnimals/Patches/Alpha Animals.xml,"/Defs/ThingDef[defName = ""AA_PedigreedRaptor""]/race/wildBiomes"
More Vanilla Biomes,zylle.morevanillabiomes,1.6/Mods/AlphaAnimals/Patches/Alpha Animals.xml,"/Defs/ThingDef[defName = ""AA_PhoenixOwlcat""]/race/wildBiomes"
More Vanilla Biomes,zylle.morevanillabiomes,1.6/Mods/AlphaAnimals/Patches/Alpha Animals.xml,"/Defs/ThingDef[defName = ""AA_Plasmorph""]/race/wildBiomes"
More Vanilla Biomes,zylle.morevanillabiomes,1.6/Mods/AlphaAnimals/Patches/Alpha Animals.xml,"/Defs/ThingDef[defName = ""AA_Radyak""]/race/wildBiomes"
More Vanilla Biomes,zylle.morevanillabiomes,1.6/Mods/AlphaAnimals/Patches/Alpha Animals.xml,"/Defs/ThingDef[defName = ""AA_RaptorShrimp""]/race/wildBiomes"
More Vanilla Biomes,zylle.morevanillabiomes,1.6/Mods/AlphaAnimals/Patches/Alpha Animals.xml,"/Defs/ThingDef[defName = ""AA_Ravager""]/race/wildBiomes"
More Vanilla Biomes,zylle.morevanillabiomes,1.6/Mods/AlphaAnimals/Patches/Alpha Animals.xml,"/Defs/ThingDef[defName = ""AA_RayHound""]/race/wildBiomes"
More Vanilla Biomes,zylle.morevanillabiomes,1.6/Mods/AlphaAnimals/Patches/Alpha Animals.xml,"/Defs/ThingDef[defName = ""AA_Razorjack""]/race/wildBiomes"
More Vanilla Biomes,zylle.morevanillabiomes,1.6/Mods/AlphaAnimals/Patches/Alpha Animals.xml,"/Defs/ThingDef[defName = ""AA_RipperHound""]/race/wildBiomes"
More Vanilla Biomes,zylle.morevanillabiomes,1.6/Mods/AlphaAnimals/Patches/Alpha Animals.xml,"/Defs/ThingDef[defName = ""AA_RoughPlatedMonitor""]/race/wildBiomes"
More Vanilla Biomes,zylle.morevanillabiomes,1.6/Mods/AlphaAnimals/Patches/Alpha Animals.xml,"/Defs/ThingDef[defName = ""AA_RoyalAve""]/race/wildBiomes"
More Vanilla Biomes,zylle.morevanillabiomes,1.6/Mods/AlphaAnimals/Patches/Alpha Animals.xml,"/Defs/ThingDef[defName = ""AA_SandLion""]/race/wildBiomes"
More Vanilla Biomes,zylle.morevanillabiomes,1.6/Mods/AlphaAnimals/Patches/Alpha Animals.xml,"/Defs/ThingDef[defName = ""AA_SandProwler""]/race/wildBiomes"
More Vanilla Biomes,zylle.morevanillabiomes,1.6/Mods/AlphaAnimals/Patches/Alpha Animals.xml,"/Defs/ThingDef[defName = ""AA_SandSquid""]/race/wildBiomes"
More Vanilla Biomes,zylle.morevanillabiomes,1.6/Mods/AlphaAnimals/Patches/Alpha Animals.xml,"/Defs/ThingDef[defName = ""AA_ShadowCharger""]/race/wildBiomes"
More Vanilla Biomes,zylle.morevanillabiomes,1.6/Mods/AlphaAnimals/Patches/Alpha Animals.xml,"/Defs/ThingDef[defName = ""AA_ShockGoat""]/race/wildBiomes"
More Vanilla Biomes,zylle.morevanillabiomes,1.6/Mods/AlphaAnimals/Patches/Alpha Animals.xml,"/Defs/ThingDef[defName = ""AA_Skiphound""]/race/wildBiomes"
More Vanilla Biomes,zylle.morevanillabiomes,1.6/Mods/AlphaAnimals/Patches/Alpha Animals.xml,"/Defs/ThingDef[defName = ""AA_Slurrypede""]/race/wildBiomes"
More Vanilla Biomes,zylle.morevanillabiomes,1.6/Mods/AlphaAnimals/Patches/Alpha Animals.xml,"/Defs/ThingDef[defName = ""AA_Swarmling""]/race/wildBiomes"
More Vanilla Biomes,zylle.morevanillabiomes,1.6/Mods/AlphaAnimals/Patches/Alpha Animals.xml,"/Defs/ThingDef[defName = ""AA_TeratogenicOriginator""]/race/wildBiomes"
More Vanilla Biomes,zylle.morevanillabiomes,1.6/Mods/AlphaAnimals/Patches/Alpha Animals.xml,"/Defs/ThingDef[defName = ""AA_Terramorph""]/race/wildBiomes"
More Vanilla Biomes,zylle.morevanillabiomes,1.6/Mods/AlphaAnimals/Patches/Alpha Animals.xml,"/Defs/ThingDef[defName = ""AA_TetraSlug""]/race/wildBiomes"
More Vanilla Biomes,zylle.morevanillabiomes,1.6/Mods/AlphaAnimals/Patches/Alpha Animals.xml,"/Defs/ThingDef[defName = ""AA_Thermadon""]/race/wildBiomes"
More Vanilla Biomes,zylle.morevanillabiomes,1.6/Mods/AlphaAnimals/Patches/Alpha Animals.xml,"/Defs/ThingDef[defName = ""AA_Thunderbeast""]/race/wildBiomes"
More Vanilla Biomes,zylle.morevanillabiomes,1.6/Mods/AlphaAnimals/Patches/Alpha Animals.xml,"/Defs/ThingDef[defName = ""AA_Thunderox""]/race/wildBiomes"
More Vanilla Biomes,zylle.morevanillabiomes,1.6/Mods/AlphaAnimals/Patches/Alpha Animals.xml,"/Defs/ThingDef[defName = ""AA_Wildpawn""]/race/wildBiomes"
More Vanilla Biomes,zylle.morevanillabiomes,1.6/Mods/AlphaAnimals/Patches/Alpha Animals.xml,"/Defs/ThingDef[defName = ""AA_Wildpod""]/race/wildBiomes"
More Vanilla Biomes,zylle.morevanillabiomes,1.6/Mods/AlphaAnimals/Patches/Alpha Animals.xml,"/Defs/ThingDef[defName = ""AA_WindBeast""]/race/wildBiomes"
More Vanilla Biomes,zylle.morevanillabiomes,1.6/Mods/JurassicRimworld/Patches/Jurassic Rimworld.xml,"/Defs/ThingDef[defName = ""JRWOrnithosuchus""]/race/wildBiomes"
More Vanilla Biomes,zylle.morevanillabiomes,1.6/Mods/JurassicRimworld/Patches/Jurassic Rimworld.xml,"/Defs/ThingDef[defName = ""JRWOuranosaurus""]/race/wildBiomes"
More Vanilla Biomes,zylle.morevanillabiomes,1.6/Mods/JurassicRimworld/Patches/Jurassic Rimworld.xml,"/Defs/ThingDef[defName = ""JRWOviraptor""]/race/wildBiomes"
More Vanilla Biomes,zylle.morevanillabiomes,1.6/Mods/JurassicRimworld/Patches/Jurassic Rimworld.xml,"/Defs/ThingDef[defName = ""JRWPachycephalosaurus""]/race/wildBiomes"
More Vanilla Biomes,zylle.morevanillabiomes,1.6/Mods/JurassicRimworld/Patches/Jurassic Rimworld.xml,"/Defs/ThingDef[defName = ""JRWPachyrhinosaurus""]/race/wildBiomes"
More Vanilla Biomes,zylle.morevanillabiomes,1.6/Mods/JurassicRimworld/Patches/Jurassic Rimworld.xml,"/Defs/ThingDef[defName = ""JRWParasaurolophus""]/race/wildBiomes"
More Vanilla Biomes,zylle.morevanillabiomes,1.6/Mods/JurassicRimworld/Patches/Jurassic Rimworld.xml,"/Defs/ThingDef[defName = ""JRWParksosaurus""]/race/wildBiomes"
More Vanilla Biomes,zylle.morevanillabiomes,1.6/Mods/JurassicRimworld/Patches/Jurassic Rimworld.xml,"/Defs/ThingDef[defName = ""JRWPlatyhystrix""]/race/wildBiomes"
More Vanilla Biomes,zylle.morevanillabiomes,1.6/Mods/JurassicRimworld/Patches/Jurassic Rimworld.xml,"/Defs/ThingDef[defName = ""JRWPrestosuchus""]/race/wildBiomes"
More Vanilla Biomes,zylle.morevanillabiomes,1.6/Mods/JurassicRimworld/Patches/Jurassic Rimworld.xml,"/Defs/ThingDef[defName = ""JRWProtoceratops""]/race/wildBiomes"
More Vanilla Biomes,zylle.morevanillabiomes,1.6/Mods/JurassicRimworld/Patches/Jurassic Rimworld.xml,"/Defs/ThingDef[defName = ""JRWProtosolpuga""]/race/wildBiomes"
More Vanilla Biomes,zylle.morevanillabiomes,1.6/Mods/JurassicRimworld/Patches/Jurassic Rimworld.xml,"/Defs/ThingDef[defName = ""JRWPsittacosaurus""]/race/wildBiomes"
More Vanilla Biomes,zylle.morevanillabiomes,1.6/Mods/JurassicRimworld/Patches/Jurassic Rimworld.xml,"/Defs/ThingDef[defName = ""JRWPteranodon""]/race/wildBiomes"
More Vanilla Biomes,zylle.morevanillabiomes,1.6/Mods/JurassicRimworld/Patches/Jurassic Rimworld.xml,"/Defs/ThingDef[defName = ""JRWPulmonoscorpius""]/race/wildBiomes"
More Vanilla Biomes,zylle.morevanillabiomes,1.6/Mods/JurassicRimworld/Patches/Jurassic Rimworld.xml,"/Defs/ThingDef[defName = ""JRWQantassaurus""]/race/wildBiomes"
More Vanilla Biomes,zylle.morevanillabiomes,1.6/Mods/JurassicRimworld/Patches/Jurassic Rimworld.xml,"/Defs/ThingDef[defName = ""JRWQuetzalcoatlus""]/race/wildBiomes"
More Vanilla Biomes,zylle.morevanillabiomes,1.6/Mods/JurassicRimworld/Patches/Jurassic Rimworld.xml,"/Defs/ThingDef[defName = ""JRWRajasaurus""]/race/wildBiomes"
More Vanilla Biomes,zylle.morevanillabiomes,1.6/Mods/JurassicRimworld/Patches/Jurassic Rimworld.xml,"/Defs/ThingDef[defName = ""JRWRhabdodon""]/race/wildBiomes"
More Vanilla Biomes,zylle.morevanillabiomes,1.6/Mods/JurassicRimworld/Patches/Jurassic Rimworld.xml,"/Defs/ThingDef[defName = ""JRWRhamphorhynchus""]/race/wildBiomes"
More Vanilla Biomes,zylle.morevanillabiomes,1.6/Mods/JurassicRimworld/Patches/Jurassic Rimworld.xml,"/Defs/ThingDef[defName = ""JRWSaltasaurus""]/race/wildBiomes"
More Vanilla Biomes,zylle.morevanillabiomes,1.6/Mods/JurassicRimworld/Patches/Jurassic Rimworld.xml,"/Defs/ThingDef[defName = ""JRWSarcosuchus""]/race/wildBiomes"
More Vanilla Biomes,zylle.morevanillabiomes,1.6/Mods/JurassicRimworld/Patches/Jurassic Rimworld.xml,"/Defs/ThingDef[defName = ""JRWScutosaurus""]/race/wildBiomes"
More Vanilla Biomes,zylle.morevanillabiomes,1.6/Mods/JurassicRimworld/Patches/Jurassic Rimworld.xml,"/Defs/ThingDef[defName = ""JRWSegnosaurus""]/race/wildBiomes"
More Vanilla Biomes,zylle.morevanillabiomes,1.6/Mods/JurassicRimworld/Patches/Jurassic Rimworld.xml,"/Defs/ThingDef[defName = ""JRWSpinosaurus""]/race/wildBiomes"
More Vanilla Biomes,zylle.morevanillabiomes,1.6/Mods/JurassicRimworld/Patches/Jurassic Rimworld.xml,"/Defs/ThingDef[defName = ""JRWStaurikosaurus""]/race/wildBiomes"
More Vanilla Biomes,zylle.morevanillabiomes,1.6/Mods/JurassicRimworld/Patches/Jurassic Rimworld.xml,"/Defs/ThingDef[defName = ""JRWStegosaurus""]/race/wildBiomes"
More Vanilla Biomes,zylle.morevanillabiomes,1.6/Mods/JurassicRimworld/Patches/Jurassic Rimworld.xml,"/Defs/ThingDef[defName = ""JRWStygimoloch""]/race/wildBiomes"
More Vanilla Biomes,zylle.morevanillabiomes,1.6/Mods/JurassicRimworld/Patches/Jurassic Rimworld.xml,"/Defs/ThingDef[defName = ""JRWStyracosaurus""]/race/wildBiomes"
More Vanilla Biomes,zylle.morevanillabiomes,1.6/Mods/JurassicRimworld/Patches/Jurassic Rimworld.xml,"/Defs/ThingDef[defName = ""JRWSuchomimus""]/race/wildBiomes"
More Vanilla Biomes,zylle.morevanillabiomes,1.6/Mods/JurassicRimworld/Patches/Jurassic Rimworld.xml,"/Defs/ThingDef[defName = ""JRWSupersaurus""]/race/wildBiomes"
More Vanilla Biomes,zylle.morevanillabiomes,1.6/Mods/JurassicRimworld/Patches/Jurassic Rimworld.xml,"/Defs/ThingDef[defName = ""JRWTanystropheus""]/race/wildBiomes"
More Vanilla Biomes,zylle.morevanillabiomes,1.6/Mods/JurassicRimworld/Patches/Jurassic Rimworld.xml,"/Defs/ThingDef[defName = ""JRWTenontosaurus""]/race/wildBiomes"
More Vanilla Biomes,zylle.morevanillabiomes,1.6/Mods/JurassicRimworld/Patches/Jurassic Rimworld.xml,"/Defs/ThingDef[defName = ""JRWTermitotron""]/race/wildBiomes"
More Vanilla Biomes,zylle.morevanillabiomes,1.6/Mods/JurassicRimworld/Patches/Jurassic Rimworld.xml,"/Defs/ThingDef[defName = ""JRWTherizinosaurus""]/race/wildBiomes"
More Vanilla Biomes,zylle.morevanillabiomes,1.6/Mods/JurassicRimworld/Patches/Jurassic Rimworld.xml,"/Defs/ThingDef[defName = ""JRWTitanoboa""]/race/wildBiomes"
More Vanilla Biomes,zylle.morevanillabiomes,1.6/Mods/JurassicRimworld/Patches/Jurassic Rimworld.xml,"/Defs/ThingDef[defName = ""JRWTorosaurus""]/race/wildBiomes"
More Vanilla Biomes,zylle.morevanillabiomes,1.6/Mods/JurassicRimworld/Patches/Jurassic Rimworld.xml,"/Defs/ThingDef[defName = ""JRWTriceratops""]/race/wildBiomes"
More Vanilla Biomes,zylle.morevanillabiomes,1.6/Mods/JurassicRimworld/Patches/Jurassic Rimworld.xml,"/Defs/ThingDef[defName = ""JRWTroodon""]/race/wildBiomes"
More Vanilla Biomes,zylle.morevanillabiomes,1.6/Mods/JurassicRimworld/Patches/Jurassic Rimworld.xml,"/Defs/ThingDef[defName = ""JRWTupandactylus""]/race/wildBiomes"
More Vanilla Biomes,zylle.morevanillabiomes,1.6/Mods/JurassicRimworld/Patches/Jurassic Rimworld.xml,"/Defs/ThingDef[defName = ""JRWTyrannosaurus""]/race/wildBiomes"
More Vanilla Biomes,zylle.morevanillabiomes,1.6/Mods/JurassicRimworld/Patches/Jurassic Rimworld.xml,"/Defs/ThingDef[defName = ""JRWUdanoceratops""]/race/wildBiomes"
More Vanilla Biomes,zylle.morevanillabiomes,1.6/Mods/JurassicRimworld/Patches/Jurassic Rimworld.xml,"/Defs/ThingDef[defName = ""JRWValdosaurus""]/race/wildBiomes"
More Vanilla Biomes,zylle.morevanillabiomes,1.6/Mods/JurassicRimworld/Patches/Jurassic Rimworld.xml,"/Defs/ThingDef[defName = ""JRWVelociraptor""]/race/wildBiomes"
More Vanilla Biomes,zylle.morevanillabiomes,1.6/Mods/JurassicRimworld/Patches/Jurassic Rimworld.xml,"/Defs/ThingDef[defName = ""JRWWonambi""]/race/wildBiomes"
More Vanilla Biomes,zylle.morevanillabiomes,1.6/Mods/JurassicRimworld/Patches/Jurassic Rimworld.xml,"/Defs/ThingDef[defName = ""JRWYangchuanosaurus""]/race/wildBiomes"
More Vanilla Biomes,zylle.morevanillabiomes,1.6/Mods/JurassicRimworld/Patches/Jurassic Rimworld.xml,"/Defs/ThingDef[defName = ""JRWYi""]/race/wildBiomes"
More Vanilla Biomes,zylle.morevanillabiomes,1.6/Mods/JurassicRimworld/Patches/Jurassic Rimworld.xml,"/Defs/ThingDef[defName = ""JRWYurlunggur""]/race/wildBiomes"
More Vanilla Biomes,zylle.morevanillabiomes,1.6/Mods/JurassicRimworld/Patches/Jurassic Rimworld.xml,"/Defs/ThingDef[defName = ""JRWYutyrannus""]/race/wildBiomes"
More Vanilla Biomes,zylle.morevanillabiomes,1.6/Mods/JurassicRimworld/Patches/Jurassic Rimworld.xml,"/Defs/ThingDef[defName = ""JRWZalmoxes""]/race/wildBiomes"
More Vanilla Biomes,zylle.morevanillabiomes,1.6/Mods/JurassicRimworld/Patches/Jurassic Rimworld.xml,"/Defs/ThingDef[defName = ""JRWZephyrosaurus""]/race/wildBiomes"
More Vanilla Biomes,zylle.morevanillabiomes,1.6/Mods/JurassicRimworld/Patches/Jurassic Rimworld.xml,"/Defs/ThingDef[defName = ""JRWCryolophosaurus""]/race/wildBiomes"
More Vanilla Biomes,zylle.morevanillabiomes,1.6/Mods/JurassicRimworld/Patches/Jurassic Rimworld.xml,"/Defs/ThingDef[defName = ""JRWCyclosphaeroma""]/race/wildBiomes"
More Vanilla Biomes,zylle.morevanillabiomes,1.6/Mods/JurassicRimworld/Patches/Jurassic Rimworld.xml,"/Defs/ThingDef[defName = ""JRWDeinonychus""]/race/wildBiomes"
More Vanilla Biomes,zylle.morevanillabiomes,1.6/Mods/JurassicRimworld/Patches/Jurassic Rimworld.xml,"/Defs/ThingDef[defName = ""JRWDeinosuchus""]/race/wildBiomes"
More Vanilla Biomes,zylle.morevanillabiomes,1.6/Mods/JurassicRimworld/Patches/Jurassic Rimworld.xml,"/Defs/ThingDef[defName = ""JRWDesmatosuchus""]/race/wildBiomes"
More Vanilla Biomes,zylle.morevanillabiomes,1.6/Mods/JurassicRimworld/Patches/Jurassic Rimworld.xml,"/Defs/ThingDef[defName = ""JRWDilophosaurus""]/race/wildBiomes"
More Vanilla Biomes,zylle.morevanillabiomes,1.6/Mods/JurassicRimworld/Patches/Jurassic Rimworld.xml,"/Defs/ThingDef[defName = ""JRWDimetrodon""]/race/wildBiomes"
More Vanilla Biomes,zylle.morevanillabiomes,1.6/Mods/JurassicRimworld/Patches/Jurassic Rimworld.xml,"/Defs/ThingDef[defName = ""JRWDinilysia""]/race/wildBiomes"
More Vanilla Biomes,zylle.morevanillabiomes,1.6/Mods/JurassicRimworld/Patches/Jurassic Rimworld.xml,"/Defs/ThingDef[defName = ""JRWDiplocaulus""]/race/wildBiomes"
More Vanilla Biomes,zylle.morevanillabiomes,1.6/Mods/JurassicRimworld/Patches/Jurassic Rimworld.xml,"/Defs/ThingDef[defName = ""JRWDracorex""]/race/wildBiomes"
More Vanilla Biomes,zylle.morevanillabiomes,1.6/Mods/JurassicRimworld/Patches/Jurassic Rimworld.xml,"/Defs/ThingDef[defName = ""JRWDrinker""]/race/wildBiomes"
More Vanilla Biomes,zylle.morevanillabiomes,1.6/Mods/JurassicRimworld/Patches/Jurassic Rimworld.xml,"/Defs/ThingDef[defName = ""JRWDromaeosaurus""]/race/wildBiomes"
More Vanilla Biomes,zylle.morevanillabiomes,1.6/Mods/JurassicRimworld/Patches/Jurassic Rimworld.xml,"/Defs/ThingDef[defName = ""JRWDryosaurus""]/race/wildBiomes"
More Vanilla Biomes,zylle.morevanillabiomes,1.6/Mods/JurassicRimworld/Patches/Jurassic Rimworld.xml,"/Defs/ThingDef[defName = ""JRWEdaphosaurus""]/race/wildBiomes"
More Vanilla Biomes,zylle.morevanillabiomes,1.6/Mods/JurassicRimworld/Patches/Jurassic Rimworld.xml,"/Defs/ThingDef[defName = ""JRWEdmontosaurus""]/race/wildBiomes"
More Vanilla Biomes,zylle.morevanillabiomes,1.6/Mods/JurassicRimworld/Patches/Jurassic Rimworld.xml,"/Defs/ThingDef[defName = ""JRWEnigmosaurus""]/race/wildBiomes"
More Vanilla Biomes,zylle.morevanillabiomes,1.6/Mods/JurassicRimworld/Patches/Jurassic Rimworld.xml,"/Defs/ThingDef[defName = ""JRWEstemmenosuchus""]/race/wildBiomes"
More Vanilla Biomes,zylle.morevanillabiomes,1.6/Mods/JurassicRimworld/Patches/Jurassic Rimworld.xml,"/Defs/ThingDef[defName = ""JRWEuoplocephalus""]/race/wildBiomes"
More Vanilla Biomes,zylle.morevanillabiomes,1.6/Mods/JurassicRimworld/Patches/Jurassic Rimworld.xml,"/Defs/ThingDef[defName = ""JRWEuphoberia""]/race/wildBiomes"
More Vanilla Biomes,zylle.morevanillabiomes,1.6/Mods/JurassicRimworld/Patches/Jurassic Rimworld.xml,"/Defs/ThingDef[defName = ""JRWGallimimus""]/race/wildBiomes"
More Vanilla Biomes,zylle.morevanillabiomes,1.6/Mods/JurassicRimworld/Patches/Jurassic Rimworld.xml,"/Defs/ThingDef[defName = ""JRWGasosaurus""]/race/wildBiomes"
More Vanilla Biomes,zylle.morevanillabiomes,1.6/Mods/JurassicRimworld/Patches/Jurassic Rimworld.xml,"/Defs/ThingDef[defName = ""JRWGeosternbergia""]/race/wildBiomes"
More Vanilla Biomes,zylle.morevanillabiomes,1.6/Mods/JurassicRimworld/Patches/Jurassic Rimworld.xml,"/Defs/ThingDef[defName = ""JRWGeralinura""]/race/wildBiomes"
More Vanilla Biomes,zylle.morevanillabiomes,1.6/Mods/JurassicRimworld/Patches/Jurassic Rimworld.xml,"/Defs/ThingDef[defName = ""JRWGiganotosaurus""]/race/wildBiomes"
More Vanilla Biomes,zylle.morevanillabiomes,1.6/Mods/JurassicRimworld/Patches/Jurassic Rimworld.xml,"/Defs/ThingDef[defName = ""JRWGigantophis""]/race/wildBiomes"
More Vanilla Biomes,zylle.morevanillabiomes,1.6/Mods/JurassicRimworld/Patches/Jurassic Rimworld.xml,"/Defs/ThingDef[defName = ""JRWGorgonops""]/race/wildBiomes"
More Vanilla Biomes,zylle.morevanillabiomes,1.6/Mods/JurassicRimworld/Patches/Jurassic Rimworld.xml,"/Defs/ThingDef[defName = ""JRWHalszkaraptor""]/race/wildBiomes"
More Vanilla Biomes,zylle.morevanillabiomes,1.6/Mods/JurassicRimworld/Patches/Jurassic Rimworld.xml,"/Defs/ThingDef[defName = ""JRWHolcorobeus""]/race/wildBiomes"
More Vanilla Biomes,zylle.morevanillabiomes,1.6/Mods/JurassicRimworld/Patches/Jurassic Rimworld.xml,"/Defs/ThingDef[defName = ""JRWHomalocephale""]/race/wildBiomes"
More Vanilla Biomes,zylle.morevanillabiomes,1.6/Mods/JurassicRimworld/Patches/Jurassic Rimworld.xml,"/Defs/ThingDef[defName = ""JRWHylonomus""]/race/wildBiomes"
More Vanilla Biomes,zylle.morevanillabiomes,1.6/Mods/JurassicRimworld/Patches/Jurassic Rimworld.xml,"/Defs/ThingDef[defName = ""JRWHynerpeton""]/race/wildBiomes"
More Vanilla Biomes,zylle.morevanillabiomes,1.6/Mods/JurassicRimworld/Patches/Jurassic Rimworld.xml,"/Defs/ThingDef[defName = ""JRWHypsilophodon""]/race/wildBiomes"
More Vanilla Biomes,zylle.morevanillabiomes,1.6/Mods/JurassicRimworld/Patches/Jurassic Rimworld.xml,"/Defs/ThingDef[defName = ""JRWIndominus""]/race/wildBiomes"
More Vanilla Biomes,zylle.morevanillabiomes,1.6/Mods/JurassicRimworld/Patches/Jurassic Rimworld.xml,"/Defs/ThingDef[defName = ""JRWIndoraptor""]/race/wildBiomes"
More Vanilla Biomes,zylle.morevanillabiomes,1.6/Mods/JurassicRimworld/Patches/Jurassic Rimworld.xml,"/Defs/ThingDef[defName = ""JRWIschigualastia""]/race/wildBiomes"
More Vanilla Biomes,zylle.morevanillabiomes,1.6/Mods/JurassicRimworld/Patches/Jurassic Rimworld.xml,"/Defs/ThingDef[defName = ""JRWKaprosuchus""]/race/wildBiomes"
More Vanilla Biomes,zylle.morevanillabiomes,1.6/Mods/JurassicRimworld/Patches/Jurassic Rimworld.xml,"/Defs/ThingDef[defName = ""JRWKentrosaurus""]/race/wildBiomes"
More Vanilla Biomes,zylle.morevanillabiomes,1.6/Mods/JurassicRimworld/Patches/Jurassic Rimworld.xml,"/Defs/ThingDef[defName = ""JRWKileskus""]/race/wildBiomes"
More Vanilla Biomes,zylle.morevanillabiomes,1.6/Mods/JurassicRimworld/Patches/Jurassic Rimworld.xml,"/Defs/ThingDef[defName = ""JRWKosmoceratops""]/race/wildBiomes"
More Vanilla Biomes,zylle.morevanillabiomes,1.6/Mods/JurassicRimworld/Patches/Jurassic Rimworld.xml,"/Defs/ThingDef[defName = ""JRWLycaenops""]/race/wildBiomes"
More Vanilla Biomes,zylle.morevanillabiomes,1.6/Mods/JurassicRimworld/Patches/Jurassic Rimworld.xml,"/Defs/ThingDef[defName = ""JRWMacrelcana""]/race/wildBiomes"
More Vanilla Biomes,zylle.morevanillabiomes,1.6/Mods/JurassicRimworld/Patches/Jurassic Rimworld.xml,"/Defs/ThingDef[defName = ""JRWManipulator""]/race/wildBiomes"
More Vanilla Biomes,zylle.morevanillabiomes,1.6/Mods/JurassicRimworld/Patches/Jurassic Rimworld.xml,"/Defs/ThingDef[defName = ""JRWMeganeura""]/race/wildBiomes"
More Vanilla Biomes,zylle.morevanillabiomes,1.6/Mods/JurassicRimworld/Patches/Jurassic Rimworld.xml,"/Defs/ThingDef[defName = ""JRWMetriacanthosaurus""]/race/wildBiomes"
More Vanilla Biomes,zylle.morevanillabiomes,1.6/Mods/JurassicRimworld/Patches/Jurassic Rimworld.xml,"/Defs/ThingDef[defName = ""JRWMicroceratus""]/race/wildBiomes"
More Vanilla Biomes,zylle.morevanillabiomes,1.6/Mods/JurassicRimworld/Patches/Jurassic Rimworld.xml,"/Defs/ThingDef[defName = ""JRWMochlodon""]/race/wildBiomes"
More Vanilla Biomes,zylle.morevanillabiomes,1.6/Mods/JurassicRimworld/Patches/Jurassic Rimworld.xml,"/Defs/ThingDef[defName = ""JRWNanuqsaurus""]/race/wildBiomes"
More Vanilla Biomes,zylle.morevanillabiomes,1.6/Mods/JurassicRimworld/Patches/Jurassic Rimworld.xml,"/Defs/ThingDef[defName = ""JRWNasutoceratops""]/race/wildBiomes"
More Vanilla Biomes,zylle.morevanillabiomes,1.6/Mods/JurassicRimworld/Patches/Jurassic Rimworld.xml,"/Defs/ThingDef[defName = ""JRWNyctosaurus""]/race/wildBiomes"
More Vanilla Biomes,zylle.morevanillabiomes,1.6/Mods/JurassicRimworld/Patches/Jurassic Rimworld.xml,"/Defs/ThingDef[defName = ""JRWOphiacodon""]/race/wildBiomes"
More Vanilla Biomes,zylle.morevanillabiomes,1.6/Mods/JurassicRimworld/Patches/Jurassic Rimworld.xml,"/Defs/ThingDef[defName = ""JRWAbrictosaurus""]/race/wildBiomes"
More Vanilla Biomes,zylle.morevanillabiomes,1.6/Mods/JurassicRimworld/Patches/Jurassic Rimworld.xml,"/Defs/ThingDef[defName = ""JRWAcrocanthosaurus""]/race/wildBiomes"
More Vanilla Biomes,zylle.morevanillabiomes,1.6/Mods/JurassicRimworld/Patches/Jurassic Rimworld.xml,"/Defs/ThingDef[defName = ""JRWAdalia""]/race/wildBiomes"
More Vanilla Biomes,zylle.morevanillabiomes,1.6/Mods/JurassicRimworld/Patches/Jurassic Rimworld.xml,"/Defs/ThingDef[defName = ""JRWAgilisaurus""]/race/wildBiomes"
More Vanilla Biomes,zylle.morevanillabiomes,1.6/Mods/JurassicRimworld/Patches/Jurassic Rimworld.xml,"/Defs/ThingDef[defName = ""JRWAlbertosaurus""]/race/wildBiomes"
More Vanilla Biomes,zylle.morevanillabiomes,1.6/Mods/JurassicRimworld/Patches/Jurassic Rimworld.xml,"/Defs/ThingDef[defName = ""JRWAllosaurus""]/race/wildBiomes"
More Vanilla Biomes,zylle.morevanillabiomes,1.6/Mods/JurassicRimworld/Patches/Jurassic Rimworld.xml,"/Defs/ThingDef[defName = ""JRWAnkylosaurus""]/race/wildBiomes"
More Vanilla Biomes,zylle.morevanillabiomes,1.6/Mods/JurassicRimworld/Patches/Jurassic Rimworld.xml,"/Defs/ThingDef[defName = ""JRWAntarctopelta""]/race/wildBiomes"
More Vanilla Biomes,zylle.morevanillabiomes,1.6/Mods/JurassicRimworld/Patches/Jurassic Rimworld.xml,"/Defs/ThingDef[defName = ""JRWApatosaurus""]/race/wildBiomes"
More Vanilla Biomes,zylle.morevanillabiomes,1.6/Mods/JurassicRimworld/Patches/Jurassic Rimworld.xml,"/Defs/ThingDef[defName = ""JRWArchaeopteryx""]/race/wildBiomes"
More Vanilla Biomes,zylle.morevanillabiomes,1.6/Mods/JurassicRimworld/Patches/Jurassic Rimworld.xml,"/Defs/ThingDef[defName = ""JRWArgentinosaurus""]/race/wildBiomes"
More Vanilla Biomes,zylle.morevanillabiomes,1.6/Mods/JurassicRimworld/Patches/Jurassic Rimworld.xml,"/Defs/ThingDef[defName = ""JRWArthropleura""]/race/wildBiomes"
More Vanilla Biomes,zylle.morevanillabiomes,1.6/Mods/JurassicRimworld/Patches/Jurassic Rimworld.xml,"/Defs/ThingDef[defName = ""JRWBagaceratops""]/race/wildBiomes"
More Vanilla Biomes,zylle.morevanillabiomes,1.6/Mods/JurassicRimworld/Patches/Jurassic Rimworld.xml,"/Defs/ThingDef[defName = ""JRWBaryonyx""]/race/wildBiomes"
More Vanilla Biomes,zylle.morevanillabiomes,1.6/Mods/JurassicRimworld/Patches/Jurassic Rimworld.xml,"/Defs/ThingDef[defName = ""JRWBaseopsis""]/race/wildBiomes"
More Vanilla Biomes,zylle.morevanillabiomes,1.6/Mods/JurassicRimworld/Patches/Jurassic Rimworld.xml,"/Defs/ThingDef[defName = ""JRWBecklespinax""]/race/wildBiomes"
More Vanilla Biomes,zylle.morevanillabiomes,1.6/Mods/JurassicRimworld/Patches/Jurassic Rimworld.xml,"/Defs/ThingDef[defName = ""JRWBeelzebufo""]/race/wildBiomes"
More Vanilla Biomes,zylle.morevanillabiomes,1.6/Mods/JurassicRimworld/Patches/Jurassic Rimworld.xml,"/Defs/ThingDef[defName = ""JRWBernicia""]/race/wildBiomes"
More Vanilla Biomes,zylle.morevanillabiomes,1.6/Mods/JurassicRimworld/Patches/Jurassic Rimworld.xml,"/Defs/ThingDef[defName = ""JRWBrachiosaurus""]/race/wildBiomes"
More Vanilla Biomes,zylle.morevanillabiomes,1.6/Mods/JurassicRimworld/Patches/Jurassic Rimworld.xml,"/Defs/ThingDef[defName = ""JRWBrachytrachelopan""]/race/wildBiomes"
More Vanilla Biomes,zylle.morevanillabiomes,1.6/Mods/JurassicRimworld/Patches/Jurassic Rimworld.xml,"/Defs/ThingDef[defName = ""JRWCaihong""]/race/wildBiomes"
More Vanilla Biomes,zylle.morevanillabiomes,1.6/Mods/JurassicRimworld/Patches/Jurassic Rimworld.xml,"/Defs/ThingDef[defName = ""JRWCamarasaurus""]/race/wildBiomes"
More Vanilla Biomes,zylle.morevanillabiomes,1.6/Mods/JurassicRimworld/Patches/Jurassic Rimworld.xml,"/Defs/ThingDef[defName = ""JRWCamptosaurus""]/race/wildBiomes"
More Vanilla Biomes,zylle.morevanillabiomes,1.6/Mods/JurassicRimworld/Patches/Jurassic Rimworld.xml,"/Defs/ThingDef[defName = ""JRWCarcharodontosaurus""]/race/wildBiomes"
More Vanilla Biomes,zylle.morevanillabiomes,1.6/Mods/JurassicRimworld/Patches/Jurassic Rimworld.xml,"/Defs/ThingDef[defName = ""JRWCarnotaurus""]/race/wildBiomes"
More Vanilla Biomes,zylle.morevanillabiomes,1.6/Mods/JurassicRimworld/Patches/Jurassic Rimworld.xml,"/Defs/ThingDef[defName = ""JRWCeratosaurus""]/race/wildBiomes"
More Vanilla Biomes,zylle.morevanillabiomes,1.6/Mods/JurassicRimworld/Patches/Jurassic Rimworld.xml,"/Defs/ThingDef[defName = ""JRWCoahuilaceratops""]/race/wildBiomes"
More Vanilla Biomes,zylle.morevanillabiomes,1.6/Mods/JurassicRimworld/Patches/Jurassic Rimworld.xml,"/Defs/ThingDef[defName = ""JRWCoelophysis""]/race/wildBiomes"
More Vanilla Biomes,zylle.morevanillabiomes,1.6/Mods/JurassicRimworld/Patches/Jurassic Rimworld.xml,"/Defs/ThingDef[defName = ""JRWCompsognathus""]/race/wildBiomes"
More Vanilla Biomes,zylle.morevanillabiomes,1.6/Mods/JurassicRimworld/Patches/Jurassic Rimworld.xml,"/Defs/ThingDef[defName = ""JRWCorythosaurus""]/race/wildBiomes"
More Vanilla Biomes,zylle.morevanillabiomes,1.6/Mods/MythicAgesMegafauna/Patches/MythicAgesMegafauna.xml,"/Defs/BiomeDef[defName = ""ZBiome_AlpineMeadow""]/wildAnimals"
More Vanilla Biomes,zylle.morevanillabiomes,1.6/Mods/MythicAgesMegafauna/Patches/MythicAgesMegafauna.xml,"/Defs/BiomeDef[defName = ""ZBiome_Badlands""]/wildAnimals"
More Vanilla Biomes,zylle.morevanillabiomes,1.6/Mods/MythicAgesMegafauna/Patches/MythicAgesMegafauna.xml,"/Defs/BiomeDef[defName = ""ZBiome_CloudForest""]/wildAnimals"
More Vanilla Biomes,zylle.morevanillabiomes,1.6/Mods/MythicAgesMegafauna/Patches/MythicAgesMegafauna.xml,"/Defs/BiomeDef[defName = ""ZBiome_CoastalDunes""]/wildAnimals"
More Vanilla Biomes,zylle.morevanillabiomes,1.6/Mods/MythicAgesMegafauna/Patches/MythicAgesMegafauna.xml,"/Defs/BiomeDef[defName = ""ZBiome_DesertOasis""]/wildAnimals"
More Vanilla Biomes,zylle.morevanillabiomes,1.6/Mods/MythicAgesMegafauna/Patches/MythicAgesMegafauna.xml,"/Defs/BiomeDef[defName = ""ZBiome_GlacialShield""]/wildAnimals"
More Vanilla Biomes,zylle.morevanillabiomes,1.6/Mods/MythicAgesMegafauna/Patches/MythicAgesMegafauna.xml,"/Defs/BiomeDef[defName = ""ZBiome_Grasslands""]/wildAnimals"
More Vanilla Biomes,zylle.morevanillabiomes,1.6/Mods/MythicAgesMegafauna/Patches/MythicAgesMegafauna.xml,"/Defs/BiomeDef[defName = ""ZBiome_Iceberg_NoBeach""]/wildAnimals"
More Vanilla Biomes,zylle.morevanillabiomes,1.6/Mods/MythicAgesMegafauna/Patches/MythicAgesMegafauna.xml,"/Defs/BiomeDef[defName = ""ZBiome_Marsh""]/wildAnimals"
More Vanilla Biomes,zylle.morevanillabiomes,1.6/Mods/MythicAgesMegafauna/Patches/MythicAgesMegafauna.xml,"/Defs/BiomeDef[defName = ""ZBiome_Sandbar_NoBeach""]/wildAnimals"
More Vanilla Biomes,zylle.morevanillabiomes,1.6/Mods/Megafauna/Patches/Megafauna.xml,"/Defs/ThingDef[defName = ""Arthropleura""]/race/wildBiomes"
More Vanilla Biomes,zylle.morevanillabiomes,1.6/Mods/Megafauna/Patches/Megafauna.xml,"/Defs/ThingDef[defName = ""Doedicurus""]/race/wildBiomes"
More Vanilla Biomes,zylle.morevanillabiomes,1.6/Mods/Megafauna/Patches/Megafauna.xml,"/Defs/ThingDef[defName = ""Daeodon""]/race/wildBiomes"
More Vanilla Biomes,zylle.morevanillabiomes,1.6/Mods/Megafauna/Patches/Megafauna.xml,"/Defs/ThingDef[defName = ""Gigantopithecus""]/race/wildBiomes"
More Vanilla Biomes,zylle.morevanillabiomes,1.6/Mods/Megafauna/Patches/Megafauna.xml,"/Defs/ThingDef[defName = ""Paraceratherium""]/race/wildBiomes"
More Vanilla Biomes,zylle.morevanillabiomes,1.6/Mods/Megafauna/Patches/Megafauna.xml,"/Defs/ThingDef[defName = ""Titanis""]/race/wildBiomes"
More Vanilla Biomes,zylle.morevanillabiomes,1.6/Mods/Megafauna/Patches/Megafauna.xml,"/Defs/ThingDef[defName = ""Titanoboa""]/race/wildBiomes"
More Vanilla Biomes,zylle.morevanillabiomes,1.6/Mods/Megafauna/Patches/Megafauna.xml,"/Defs/ThingDef[defName = ""WoollyMammoth""]/race/wildBiomes"
More Vanilla Biomes,zylle.morevanillabiomes,1.6/Mods/Megafauna/Patches/Megafauna.xml,"/Defs/ThingDef[defName = ""Elasmotherium""]/race/wildBiomes"
More Vanilla Biomes,zylle.morevanillabiomes,1.6/Mods/Megafauna/Patches/Megafauna.xml,"/Defs/ThingDef[defName = ""Smilodon""]/race/wildBiomes"
More Vanilla Biomes,zylle.morevanillabiomes,1.6/Mods/Megafauna/Patches/Megafauna.xml,"/Defs/ThingDef[defName = ""Chalicotherium""]/race/wildBiomes"
More Vanilla Biomes,zylle.morevanillabiomes,1.6/Mods/Megafauna/Patches/Megafauna.xml,"/Defs/ThingDef[defName = ""Megaloceros""]/race/wildBiomes"
More Vanilla Biomes,zylle.morevanillabiomes,1.6/Mods/Megafauna/Patches/Megafauna.xml,"/Defs/ThingDef[defName = ""Procoptodon""]/race/wildBiomes"
More Vanilla Biomes,zylle.morevanillabiomes,1.6/Mods/Megafauna/Patches/Megafauna.xml,"/Defs/ThingDef[defName = ""Megalania""]/race/wildBiomes"
More Vanilla Biomes,zylle.morevanillabiomes,1.6/Mods/Megafauna/Patches/Megafauna.xml,"/Defs/ThingDef[defName = ""Gomphotaria""]/race/wildBiomes"
More Vanilla Biomes,zylle.morevanillabiomes,1.6/Mods/Megafauna/Patches/Megafauna.xml,"/Defs/ThingDef[defName = ""Diprotodon""]/race/wildBiomes"
More Vanilla Biomes,zylle.morevanillabiomes,1.6/Mods/Megafauna/Patches/Megafauna.xml,"/Defs/ThingDef[defName = ""ShortfacedBear""]/race/wildBiomes"
More Vanilla Biomes,zylle.morevanillabiomes,1.6/Mods/Megafauna/Patches/Megafauna.xml,"/Defs/ThingDef[defName = ""Dinocrocuta""]/race/wildBiomes"
More Vanilla Biomes,zylle.morevanillabiomes,1.6/Mods/Megafauna/Patches/Megafauna.xml,"/Defs/ThingDef[defName = ""Sivatherium""]/race/wildBiomes"
More Vanilla Biomes,zylle.morevanillabiomes,1.6/Mods/Megafauna/Patches/Megafauna.xml,"/Defs/ThingDef[defName = ""Andrewsarchus""]/race/wildBiomes"
More Vanilla Biomes,zylle.morevanillabiomes,1.6/Mods/Megafauna/Patches/Megafauna.xml,"/Defs/ThingDef[defName = ""Dinornis""]/race/wildBiomes"
More Vanilla Biomes,zylle.morevanillabiomes,1.6/Mods/Megafauna/Patches/Megafauna.xml,"/Defs/ThingDef[defName = ""Macrauchenia""]/race/wildBiomes"
More Vanilla Biomes,zylle.morevanillabiomes,1.6/Mods/Megafauna/Patches/Megafauna.xml,"/Defs/ThingDef[defName = ""Quinkana""]/race/wildBiomes"
More Vanilla Biomes,zylle.morevanillabiomes,1.6/Mods/Megafauna/Patches/Megafauna.xml,"/Defs/ThingDef[defName = ""Deinotherium""]/race/wildBiomes"
More Vanilla Biomes,zylle.morevanillabiomes,1.6/Mods/Megafauna/Patches/Megafauna.xml,"/Defs/ThingDef[defName = ""Aurochs""]/race/wildBiomes"
More Vanilla Biomes,zylle.morevanillabiomes,1.6/Mods/Megafauna/Patches/Megafauna.xml,"/Defs/ThingDef[defName = ""Megalochelys""]/race/wildBiomes"
More Vanilla Biomes,zylle.morevanillabiomes,1.6/Mods/Megafauna/Patches/Megafauna.xml,"/Defs/ThingDef[defName = ""Palaeeudyptes""]/race/wildBiomes"
More Vanilla Biomes,zylle.morevanillabiomes,1.6/Mods/Megafauna/Patches/Megafauna.xml,"/Defs/ThingDef[defName = ""Josephoartigasia""]/race/wildBiomes"
More Vanilla Biomes,zylle.morevanillabiomes,1.6/Mods/Megafauna/Patches/Megafauna.xml,"/Defs/ThingDef[defName = ""Gigantophis""]/race/wildBiomes"
More Vanilla Biomes,zylle.morevanillabiomes,1.6/Mods/Megafauna/Patches/Megafauna.xml,"/Defs/ThingDef[defName = ""Meganeura""]/race/wildBiomes"
More Vanilla Biomes,zylle.morevanillabiomes,1.6/Mods/Megafauna/Patches/Megafauna.xml,"/Defs/ThingDef[defName = ""Zygolophodon""]/race/wildBiomes"
More Vanilla Biomes,zylle.morevanillabiomes,1.6/Mods/Megafauna/Patches/Megafauna.xml,"/Defs/ThingDef[defName = ""Platybelodon""]/race/wildBiomes"
More Vanilla Biomes,zylle.morevanillabiomes,1.6/Mods/Megafauna/Patches/Megafauna.xml,"/Defs/ThingDef[defName = ""Purussaurus""]/race/wildBiomes"
More Vanilla Biomes,zylle.morevanillabiomes,1.6/Mods/Megafauna/Patches/Megafauna.xml,"/Defs/ThingDef[defName = ""Uintatherium""]/race/wildBiomes"
More Vanilla Biomes,zylle.morevanillabiomes,1.6/Mods/Megafauna/Patches/Megafauna.xml,"/Defs/ThingDef[defName = ""Pulmonoscorpius""]/race/wildBiomes"
More Vanilla Biomes,zylle.morevanillabiomes,1.6/Mods/Megafauna/Patches/Megafauna.xml,"/Defs/ThingDef[defName = ""Dinopithecus""]/race/wildBiomes"
More Vanilla Biomes,zylle.morevanillabiomes,1.6/Mods/Megafauna/Patches/Megafauna.xml,"/Defs/ThingDef[defName = ""Castoroides""]/race/wildBiomes"
More Vanilla Biomes,zylle.morevanillabiomes,1.6/Mods/Megafauna/Patches/Megafauna.xml,"/Defs/ThingDef[defName = ""Enhydriodon""]/race/wildBiomes"
More Vanilla Biomes,zylle.morevanillabiomes,1.6/Mods/ReGrowthCore/Patches/ReGrowth Core.xml,"/Defs/BiomeDef[defName=""ZBiome_AlpineMeadow""]/wildPlants"
More Vanilla Biomes,zylle.morevanillabiomes,1.6/Mods/ReGrowthCore/Patches/ReGrowth Core.xml,"/Defs/BiomeDef[defName=""ZBiome_Badlands""]/wildPlants"
More Vanilla Biomes,zylle.morevanillabiomes,1.6/Mods/ReGrowthCore/Patches/ReGrowth Core.xml,"/Defs/BiomeDef[defName=""ZBiome_CloudForest""]/wildPlants"
More Vanilla Biomes,zylle.morevanillabiomes,1.6/Mods/ReGrowthCore/Patches/ReGrowth Core.xml,"/Defs/BiomeDef[defName=""ZBiome_CoastalDunes""]/wildPlants"
More Vanilla Biomes,zylle.morevanillabiomes,1.6/Mods/ReGrowthCore/Patches/ReGrowth Core.xml,"/Defs/BiomeDef[defName=""ZBiome_DesertOasis""]/wildPlants"
More Vanilla Biomes,zylle.morevanillabiomes,1.6/Mods/ReGrowthCore/Patches/ReGrowth Core.xml,"/Defs/BiomeDef[defName=""ZBiome_GlacialShield""]/wildPlants"
More Vanilla Biomes,zylle.morevanillabiomes,1.6/Mods/ReGrowthCore/Patches/ReGrowth Core.xml,"/Defs/BiomeDef[defName=""ZBiome_Grasslands""]/wildPlants"
More Vanilla Biomes,zylle.morevanillabiomes,1.6/Mods/ReGrowthCore/Patches/ReGrowth Core.xml,"/Defs/BiomeDef[defName=""ZBiome_Iceberg_NoBeach""]/wildPlants"
More Vanilla Biomes,zylle.morevanillabiomes,1.6/Mods/ReGrowthCore/Patches/ReGrowth Core.xml,"/Defs/BiomeDef[defName=""ZBiome_Marsh""]/wildPlants"
More Vanilla Biomes,zylle.morevanillabiomes,1.6/Mods/ReGrowthCore/Patches/ReGrowth Core.xml,"/Defs/BiomeDef[defName=""ZBiome_Sandbar_NoBeach""]/wildPlants"
More Vanilla Biomes,zylle.morevanillabiomes,1.6/Mods/ReGrowthCore/Patches/ReGrowth Core.xml,"/Defs/ThingDef[defName = ""RG_Rabbit""]/race/wildBiomes"
More Vanilla Biomes,zylle.morevanillabiomes,1.6/Mods/ReGrowthCore/Patches/ReGrowth Core.xml,"/Defs/ThingDef[defName = ""RG_Neutrolope""]/race/wildBiomes"
More Vanilla Biomes,zylle.morevanillabiomes,1.6/Mods/ReGrowthCore/Patches/ReGrowth Core.xml,"/Defs/ThingDef[defName = ""RG_KiwiBird""]/race/wildBiomes"
More Vanilla Biomes,zylle.morevanillabiomes,1.6/Mods/VEAnimalsCore/Patches/VEAnimals Core.xml,"/Defs/ThingDef[defName = ""AEXP_Coyote""]/race/wildBiomes"
More Vanilla Biomes,zylle.morevanillabiomes,1.6/Mods/VEAnimalsCore/Patches/VEAnimals Core.xml,"/Defs/ThingDef[defName = ""AEXP_Giraffe""]/race/wildBiomes"
More Vanilla Biomes,zylle.morevanillabiomes,1.6/Mods/VEAnimalsCore/Patches/VEAnimals Core.xml,"/Defs/ThingDef[defName = ""AEXP_Zebra""]/race/wildBiomes"
More Vanilla Biomes,zylle.morevanillabiomes,1.6/Mods/VEAnimalsCore/Patches/VEAnimals Core.xml,"/Defs/ThingDef[defName = ""AEXP_Wildebeest""]/race/wildBiomes"
More Vanilla Biomes,zylle.morevanillabiomes,1.6/Mods/VEAnimalsCore/Patches/VEAnimals Core.xml,"/Defs/ThingDef[defName = ""AEXP_Crocodile""]/race/wildBiomes"
More Vanilla Biomes,zylle.morevanillabiomes,1.6/Mods/VEAnimalsCore/Patches/VEAnimals Core.xml,"/Defs/ThingDef[defName = ""AEXP_Cheetah""]/race/wildBiomes"
More Vanilla Biomes,zylle.morevanillabiomes,1.6/Mods/VEAnimalsCore/Patches/VEAnimals Core.xml,"/Defs/ThingDef[defName = ""AEXP_Boombat""]/race/wildBiomes"
More Vanilla Biomes,zylle.morevanillabiomes,1.6/Mods/VEAnimalsCore/Patches/VEAnimals Core.xml,"/Defs/ThingDef[defName = ""AEXP_Kangaroo""]/race/wildBiomes"
More Vanilla Biomes,zylle.morevanillabiomes,1.6/Mods/VEAnimalsCore/Patches/VEAnimals Core.xml,"/Defs/ThingDef[defName = ""AEXP_Koala""]/race/wildBiomes"
More Vanilla Biomes,zylle.morevanillabiomes,1.6/Mods/VEAnimalsCore/Patches/VEAnimals Core.xml,"/Defs/ThingDef[defName = ""AEXP_Platypus""]/race/wildBiomes"
More Vanilla Biomes,zylle.morevanillabiomes,1.6/Mods/VEAnimalsCore/Patches/VEAnimals Core.xml,"/Defs/ThingDef[defName = ""AEXP_ArcticCoyote""]/race/wildBiomes"
More Vanilla Biomes,zylle.morevanillabiomes,1.6/Mods/VEAnimalsCore/Patches/VEAnimals Core.xml,"/Defs/ThingDef[defName = ""AEXP_BlackBear""]/race/wildBiomes"
More Vanilla Biomes,zylle.morevanillabiomes,1.6/Mods/VEAnimalsCore/Patches/VEAnimals Core.xml,"/Defs/ThingDef[defName = ""AEXP_Hyena""]/race/wildBiomes"
More Vanilla Biomes,zylle.morevanillabiomes,1.6/Mods/VEAnimalsCore/Patches/VEAnimals Core.xml,"/Defs/ThingDef[defName = ""AEXP_DesertTortoise""]/race/wildBiomes"
More Vanilla Biomes,zylle.morevanillabiomes,1.6/Mods/VEAnimalsCore/Patches/VEAnimals Core.xml,"/Defs/ThingDef[defName = ""AEXP_Lion""]/race/wildBiomes"
More Vanilla Biomes,zylle.morevanillabiomes,1.6/Mods/VEAnimalsCore/Patches/VEAnimals Core.xml,"/Defs/ThingDef[defName = ""AEXP_GilaMonster""]/race/wildBiomes"
More Vanilla Biomes,zylle.morevanillabiomes,1.6/Mods/VEAnimalsCore/Patches/VEAnimals Core.xml,"/Defs/ThingDef[defName = ""AEXP_Camel""]/race/wildBiomes"
More Vanilla Biomes,zylle.morevanillabiomes,1.6/Mods/VEAnimalsCore/Patches/VEAnimals Core.xml,"/Defs/ThingDef[defName = ""AEXP_Rattlesnake""]/race/wildBiomes"
More Vanilla Biomes,zylle.morevanillabiomes,1.6/Mods/VEAnimalsCore/Patches/VEAnimals Core.xml,"/Defs/ThingDef[defName = ""AEXP_Megascorpion""]/race/wildBiomes"
More Vanilla Biomes,zylle.morevanillabiomes,1.6/Mods/VEAnimalsCore/Patches/VEAnimals Core.xml,"/Defs/ThingDef[defName = ""AEXP_RedPanda""]/race/wildBiomes"
More Vanilla Biomes,zylle.morevanillabiomes,1.6/Mods/VEAnimalsCore/Patches/VEAnimals Core.xml,"/Defs/ThingDef[defName = ""AEXP_WildGoose""]/race/wildBiomes"
More Vanilla Biomes,zylle.morevanillabiomes,1.6/Mods/VEAnimalsCore/Patches/VEAnimals Core.xml,"/Defs/ThingDef[defName = ""AEXP_Beaver""]/race/wildBiomes"
More Vanilla Biomes,zylle.morevanillabiomes,1.6/Mods/VEAnimalsCore/Patches/VEAnimals Core.xml,"/Defs/ThingDef[defName = ""AEXP_Hedgehog""]/race/wildBiomes"
More Vanilla Biomes,zylle.morevanillabiomes,1.6/Mods/VEAnimalsCore/Patches/VEAnimals Core.xml,"/Defs/ThingDef[defName = ""AEXP_Jaguar""]/race/wildBiomes"
More Vanilla Biomes,zylle.morevanillabiomes,1.6/Mods/VEAnimalsCore/Patches/VEAnimals Core.xml,"/Defs/ThingDef[defName = ""AEXP_Lemur""]/race/wildBiomes"
More Vanilla Biomes,zylle.morevanillabiomes,1.6/Mods/VEAnimalsCore/Patches/VEAnimals Core.xml,"/Defs/ThingDef[defName = ""AEXP_Mandrill""]/race/wildBiomes"
More Vanilla Biomes,zylle.morevanillabiomes,1.6/Mods/VEAnimalsCore/Patches/VEAnimals Core.xml,"/Defs/ThingDef[defName = ""AEXP_Tapir""]/race/wildBiomes"
More Vanilla Biomes,zylle.morevanillabiomes,1.6/Mods/VEAnimalsCore/Patches/VEAnimals Core.xml,"/Defs/ThingDef[defName = ""AEXP_Anaconda""]/race/wildBiomes"
More Vanilla Biomes,zylle.morevanillabiomes,1.6/Mods/VEAnimalsCore/Patches/VEAnimals Core.xml,"/Defs/ThingDef[defName = ""AEXP_IndianElephant""]/race/wildBiomes"
More Vanilla Biomes,zylle.morevanillabiomes,1.6/Mods/VEAnimalsCore/Patches/VEAnimals Core.xml,"/Defs/ThingDef[defName = ""AEXP_MegaWolverine""]/race/wildBiomes"
More Vanilla Biomes,zylle.morevanillabiomes,1.6/Mods/VEAnimalsWaste/Patches/VEAnimalesWaste.xml,"/Defs/BiomeDef[defName = ""ZBiome_AlpineMeadow""]/pollutionWildAnimals"
More Vanilla Biomes,zylle.morevanillabiomes,1.6/Mods/VEAnimalsWaste/Patches/VEAnimalesWaste.xml,"/Defs/BiomeDef[defName = ""ZBiome_Badlands""]/pollutionWildAnimals"
More Vanilla Biomes,zylle.morevanillabiomes,1.6/Mods/VEAnimalsWaste/Patches/VEAnimalesWaste.xml,"/Defs/BiomeDef[defName = ""ZBiome_CloudForest""]/pollutionWildAnimals"
More Vanilla Biomes,zylle.morevanillabiomes,1.6/Mods/VEAnimalsWaste/Patches/VEAnimalesWaste.xml,"/Defs/BiomeDef[defName = ""ZBiome_CoastalDunes""]/pollutionWildAnimals"
More Vanilla Biomes,zylle.morevanillabiomes,1.6/Mods/VEAnimalsWaste/Patches/VEAnimalesWaste.xml,"/Defs/BiomeDef[defName = ""ZBiome_DesertOasis""]/pollutionWildAnimals"
More Vanilla Biomes,zylle.morevanillabiomes,1.6/Mods/VEAnimalsWaste/Patches/VEAnimalesWaste.xml,"/Defs/BiomeDef[defName = ""ZBiome_GlacialShield""]/pollutionWildAnimals"
More Vanilla Biomes,zylle.morevanillabiomes,1.6/Mods/VEAnimalsWaste/Patches/VEAnimalesWaste.xml,"/Defs/BiomeDef[defName = ""ZBiome_Grasslands""]/pollutionWildAnimals"
More Vanilla Biomes,zylle.morevanillabiomes,1.6/Mods/VEAnimalsWaste/Patches/VEAnimalesWaste.xml,"/Defs/BiomeDef[defName = ""ZBiome_Marsh""]/pollutionWildAnimals"
More Vanilla Biomes,zylle.morevanillabiomes,1.6/Mods/VEAnimalsWaste/Patches/VEAnimalesWaste.xml,"/Defs/BiomeDef[defName = ""ZBiome_Sandbar_NoBeach""]/pollutionWildAnimals"
More Vanilla Textures,tidal.morevanilla.textures,1.6/Patches/Races_Animal_BigBirds.xml,"/Defs/PawnKindDef[defName=""Ostrich""]/lifeStages/li[1]/bodyGraphicData/texPath"
More Vanilla Textures,tidal.morevanilla.textures,1.6/Patches/Races_Animal_BigBirds.xml,"/Defs/PawnKindDef[defName=""Emu""]/lifeStages/li[1]/bodyGraphicData"
More Vanilla Textures,tidal.morevanilla.textures,1.6/Patches/Races_Animal_BigBirds.xml,"/Defs/PawnKindDef[defName=""Emu""]/lifeStages/li[2]/bodyGraphicData"
More Vanilla Textures,tidal.morevanilla.textures,1.6/Patches/Races_Animal_BigBirds.xml,"/Defs/PawnKindDef[defName=""Emu""]/lifeStages/li[1]/bodyGraphicData/texPath"
More Vanilla Textures,tidal.morevanilla.textures,1.6/Patches/Races_Animal_BigBirds.xml,"/Defs/PawnKindDef[defName=""Emu""]/lifeStages/li[1]/dessicatedBodyGraphicData/texPath"
More Vanilla Textures,tidal.morevanilla.textures,1.6/Patches/Races_Animal_BigBirds.xml,"/Defs/PawnKindDef[defName=""Emu""]"
More Vanilla Textures,tidal.morevanilla.textures,1.6/Patches/Races_Animal_BigBirds.xml,"/Defs/PawnKindDef[defName=""Emu""]/lifeStages/li[2]/bodyGraphicData/texPath"
More Vanilla Textures,tidal.morevanilla.textures,1.6/Patches/Races_Animal_BigBirds.xml,"/Defs/PawnKindDef[defName=""Emu""]/lifeStages/li[3]/bodyGraphicData"
More Vanilla Textures,tidal.morevanilla.textures,1.6/Patches/Races_Animal_BigBirds.xml,"/Defs/PawnKindDef[defName=""Cassowary""]/lifeStages/li[1]/bodyGraphicData/texPath"
More Vanilla Textures,tidal.morevanilla.textures,1.6/Patches/Races_Animal_BigBirds.xml,"/Defs/PawnKindDef[defName=""Cassowary""]/lifeStages/li[1]/dessicatedBodyGraphicData/texPath"
More Vanilla Textures,tidal.morevanilla.textures,1.6/Patches/Races_Animal_ChickenGroup.xml,"/Defs/PawnKindDef[defName=""Chicken""]/lifeStages/li[label=""chick""]/bodyGraphicData/texPath"
More Vanilla Textures,tidal.morevanilla.textures,1.6/Patches/Races_Animal_ChickenGroup.xml,"/Defs/PawnKindDef[defName=""Chicken""]/lifeStages/li[label=""chick""]/bodyGraphicData/color"
More Vanilla Textures,tidal.morevanilla.textures,1.6/Patches/Races_Animal_ChickenGroup.xml,"/Defs/PawnKindDef[defName=""Chicken""]/lifeStages/li[label=""chick""]/dessicatedBodyGraphicData/texPath"
More Vanilla Textures,tidal.morevanilla.textures,1.6/Patches/Races_Animal_ChickenGroup.xml,"/Defs/PawnKindDef[defName=""Duck""]/lifeStages/li[label=""duckling""]/bodyGraphicData/texPath"
More Vanilla Textures,tidal.morevanilla.textures,1.6/Patches/Races_Animal_ChickenGroup.xml,"/Defs/PawnKindDef[defName=""Duck""]/lifeStages/li[label=""duckling""]/swimmingGraphicData/texPath"
More Vanilla Textures,tidal.morevanilla.textures,1.6/Patches/Races_Animal_PigGroup.xml,"/Defs/PawnKindDef[defName=""Gazelle""]/lifeStages/li[1]/bodyGraphicData/texPath"
More Vanilla Textures,tidal.morevanilla.textures,1.6/Patches/Races_Animal_PigGroup.xml,"/Defs/PawnKindDef[defName=""Gazelle""]/lifeStages/li[1]/dessicatedBodyGraphicData/texPath"
More Vanilla Textures,tidal.morevanilla.textures,1.6/Patches/Races_Animal_PigGroup.xml,"/Defs/PawnKindDef[defName=""Gazelle""]/lifeStages/li[2]"
More Vanilla Textures,tidal.morevanilla.textures,1.6/Patches/Races_Animal_PigGroup.xml,"/Defs/PawnKindDef[defName=""Gazelle""]/lifeStages/li[3]"
Primordial Geysers,ironscruff.primordialgeysers,1.6/Patches/PrimordialGeysers_AlphaAnimalsPatch.xml,"/Defs/BiomeDef[defName = ""IronScruff_PrimordialGeysers""]/wildAnimals"
Primordial Geysers,ironscruff.primordialgeysers,1.6/Patches/PrimordialGeysers_OdysseyPatch.xml,"/Defs/BiomeDef[defName = ""IronScruff_PrimordialGeysers""]/terrainPatchMakers/li/thresholds/li[terrain=""WaterShallow""]/terrain"
Primordial Geysers,ironscruff.primordialgeysers,1.6/Patches/PrimordialGeysers_VanillaAnimalsExpandedPatch.xml,"/Defs/BiomeDef[defName = ""IronScruff_PrimordialGeysers""]/wildAnimals"
Realistic Human Sounds (Continued),mlie.realistichumansounds,1.6/Patches/BaseMod_Patch.xml,"/Defs/ThingDef[defName = ""Human""]/race/lifeStageAges"
Recycle This (Continued),mlie.recyclethis,1.6/Patches/WorkTypes.xml,"/Defs/ThingDef[defName=""Mech_Fabricor""]/race/mechEnabledWorkTypes"
Recycle This (Continued),mlie.recyclethis,1.6/Patches/WorkTypes.xml,"/Defs/ThingDef[defName=""Mech_AdvancedFabricor""]/race/mechEnabledWorkTypes"
Reel's Turret Pipeline,reel.turretpipeline,1.6/Patches/Giant autocannon turret.xml,"/Defs/ThingDef[defName=""Turret_GiantAutocannon""]/comps/li[@Class=""CompProperties_Refuelable""]/fuelFilter/thingDefs/li"
Reel's Turret Pipeline,reel.turretpipeline,1.6/Patches/Giant uranium turret.xml,"/Defs/ThingDef[defName=""Turret_GiantUraniumSlug""]/comps/li[@Class=""CompProperties_Refuelable""]/fuelFilter/thingDefs/li"
Reel's Turret Pipeline,reel.turretpipeline,1.6/Patches/Rimeffect Renegade.xml,"/Defs/ThingDef[defName=""RE_Turret_MassAccelerator""]/comps/li[@Class=""CompProperties_Refuelable""]/fuelFilter/thingDefs/li"
Reel's Turret Pipeline,reel.turretpipeline,1.6/Patches/Rimeffect Renegade.xml,"/Defs/ThingDef[defName=""RE_Turret_HeavyMassAccelerator""]/comps/li[@Class=""CompProperties_Refuelable""]/fuelFilter/thingDefs/li"
Reel's Turret Pipeline,reel.turretpipeline,1.6/Patches/Rimeffect.xml,"/Defs/ThingDef[defName=""RE_Turret_MassAccelerator""]/comps/li[@Class=""CompProperties_Refuelable""]/fuelFilter/thingDefs/li"
Reel's Turret Pipeline,reel.turretpipeline,1.6/Patches/Rimeffect.xml,"/Defs/ThingDef[defName=""RE_Turret_HeavyMassAccelerator""]/comps/li[@Class=""CompProperties_Refuelable""]/fuelFilter/thingDefs/li"
Reel's Turret Pipeline,reel.turretpipeline,1.6/Patches/Smxrez Hidden.xml,"/Defs/ThingDef[defName=""VFES_Turret_FloorTurretAutoCannon""]/comps/li[@Class=""CompProperties_Refuelable""]/fuelFilter/thingDefs/li"
Reel's Turret Pipeline,reel.turretpipeline,1.6/Patches/Smxrez Hidden.xml,"/Defs/ThingDef[defName=""VFES_Turret_FloorTurretCharge""]/comps/li[@Class=""CompProperties_Refuelable""]/fuelFilter/thingDefs/li"
Reel's Turret Pipeline,reel.turretpipeline,1.6/Patches/Smxrez Hidden.xml,"/Defs/ThingDef[defName=""VFES_Turret_FloorTurretShotgun""]/comps/li[@Class=""CompProperties_Refuelable""]/fuelFilter/thingDefs/li"
Reel's Turret Pipeline,reel.turretpipeline,1.6/Patches/Vanilla.xml,"/Defs/ThingDef[defName=""Turret_MiniTurret""]/comps/li[@Class=""CompProperties_Refuelable""]/fuelFilter/thingDefs/li"
Reel's Turret Pipeline,reel.turretpipeline,1.6/Patches/Vanilla.xml,"/Defs/ThingDef[defName=""Turret_Autocannon""]/comps/li[@Class=""CompProperties_Refuelable""]/fuelFilter/thingDefs/li"
Reel's Turret Pipeline,reel.turretpipeline,1.6/Patches/Vanilla.xml,"/Defs/ThingDef[defName=""Turret_Sniper""]/comps/li[@Class=""CompProperties_Refuelable""]/fuelFilter/thingDefs/li"
Reel's Turret Pipeline,reel.turretpipeline,1.6/Patches/VFE Ancients.xml,"/Defs/ThingDef[defName=""VFEA_Turret_AncientSecurityTurret""]/comps/li[@Class=""CompProperties_Refuelable""]/fuelFilter/thingDefs/li"
Reel's Turret Pipeline,reel.turretpipeline,1.6/Patches/VFE Ancients.xml,"/Defs/ThingDef[defName=""VFEA_Turret_AncientPointDefense""]/comps/li[@Class=""CompProperties_Refuelable""]/fuelFilter/thingDefs/li"
Reel's Turret Pipeline,reel.turretpipeline,1.6/Patches/VFE Nonlethal.xml,"/Defs/ThingDef[defName=""VFES_Turret_NonLethalTurret""]/comps/li[@Class=""CompProperties_Refuelable""]/fuelFilter/thingDefs/li"
Reel's Turret Pipeline,reel.turretpipeline,1.6/Patches/VFE Security DLC.xml,"/Defs/ThingDef[defName=""VFES_Complex_GraserCannon""]/comps/li[@Class=""CompProperties_Refuelable""]/fuelFilter/thingDefs/li"
Reel's Turret Pipeline,reel.turretpipeline,1.6/Patches/VFE Security.xml,"/Defs/ThingDef[defName=""VFES_Turret_MilitaryTurret""]/comps/li[@Class=""CompProperties_Refuelable""]/fuelFilter/thingDefs/li"
Reel's Turret Pipeline,reel.turretpipeline,1.6/Patches/VFE Security.xml,"/Defs/ThingDef[defName=""VFES_Turret_ShotgunTurret""]/comps/li[@Class=""CompProperties_Refuelable""]/fuelFilter/thingDefs/li"
Reel's Turret Pipeline,reel.turretpipeline,1.6/Patches/VFE Security.xml,"/Defs/ThingDef[defName=""VFES_Turret_ArmoredTurret""]/comps/li[@Class=""CompProperties_Refuelable""]/fuelFilter/thingDefs/li"
Reel's Turret Pipeline,reel.turretpipeline,1.6/Patches/VFE Security.xml,"/Defs/ThingDef[defName=""VFES_Turret_AutocannonDouble""]/comps/li[@Class=""CompProperties_Refuelable""]/fuelFilter/thingDefs/li"
Reel's Turret Pipeline,reel.turretpipeline,1.6/Patches/VFE Security.xml,"/Defs/ThingDef[defName=""VFES_Turret_Concealed""]/comps/li[@Class=""CompProperties_Refuelable""]/fuelFilter/thingDefs/li"
Reel's Turret Pipeline,reel.turretpipeline,1.6/Patches/VFE Security.xml,"/Defs/ThingDef[defName=""VFES_Turret_SentryGun""]/comps/li[@Class=""CompProperties_Refuelable""]/fuelFilter/thingDefs/li"
Reel's Turret Pipeline,reel.turretpipeline,1.6/Patches/VFE Security.xml,"/Defs/ThingDef[defName=""VFES_Turret_ChargeTurret""]/comps/li[@Class=""CompProperties_Refuelable""]/fuelFilter/thingDefs/li"
Reel's Turret Pipeline,reel.turretpipeline,1.6/Patches/VFE Security.xml,"/Defs/ThingDef[defName=""VFES_Complex_Charge""]/comps/li[@Class=""CompProperties_Refuelable""]/fuelFilter/thingDefs/li"
Reel's Turret Pipeline,reel.turretpipeline,1.6/Patches/VFE Security.xml,"/Defs/ThingDef[defName=""VFES_Complex_Hmg""]/comps/li[@Class=""CompProperties_Refuelable""]/fuelFilter/thingDefs/li"
Reel's Turret Pipeline,reel.turretpipeline,1.6/Patches/VFE Security.xml,"/Defs/ThingDef[defName=""VFES_Complex_Minigun""]/comps/li[@Class=""CompProperties_Refuelable""]/fuelFilter/thingDefs/li"
Reel's Turret Pipeline,reel.turretpipeline,1.6/Patches/VFE Security.xml,"/Defs/ThingDef[defName=""VFES_Complex_GraserCannon""]/comps/li[@Class=""CompProperties_Refuelable""]/fuelFilter/thingDefs/li"
Reel's Turret Pipeline,reel.turretpipeline,1.6/Patches/VFE Security.xml,"/Defs/ThingDef[defName=""VFES_Turret_AntiAir""]/comps/li[@Class=""CompProperties_Refuelable""]/fuelFilter/thingDefs/li"
Reel's Turret Pipeline,reel.turretpipeline,1.6/Patches/VFE Security.xml,"/Defs/ThingDef[defName=""VFES_Turret_Minigun""]/comps/li[@Class=""CompProperties_Refuelable""]/fuelFilter/thingDefs/li"
Reel's Turret Pipeline,reel.turretpipeline,1.6/Patches/VFE Security.xml,"/Defs/ThingDef[defName=""VFES_Turret_ChargeRailgun""]/comps/li[@Class=""CompProperties_Refuelable""]/fuelFilter/thingDefs/li"
Research Reinvented,petetimessix.researchreinvented,v1.6/Patches/SurgeryOutcomes.xml,"Defs/SurgeryOutcomeEffectDef[defName=""SurgeryOutcomeBase""]/comps/li[@Class=""SurgeryOutcomeComp_ClampToRange""]"
Research Reinvented,petetimessix.researchreinvented,v1.6/Patches/SurgeryOutcomes.xml,"Defs/SurgeryOutcomeEffectDef[defName=""SurgeryOutcomeBase""]/comps/li[@Class=""SurgeryOutcomeComp_ClampToRange""]"
Rim of Madness - Bones Unofficial Fix,sihv.rombonesport,Patches/BonelessInsects.xml,"/Defs/ThingDef[@Name=""BaseInsect""]/statBases"
Rim of Madness - Bones Unofficial Fix,sihv.rombonesport,Patches/BonelessMegafauna.xml,"/Defs/ThingDef[defName=""Arthropleura""]/statBases"
Rim of Madness - Bones Unofficial Fix,sihv.rombonesport,Patches/BonelessMegafauna.xml,"/Defs/ThingDef[defName=""Meganeura""]/statBases"
Rim of Madness - Bones Unofficial Fix,sihv.rombonesport,Patches/BonelessMegafauna.xml,"/Defs/ThingDef[defName=""Pulmonoscorpius""]/statBases"
Rim of Madness - Bones Unofficial Fix,sihv.rombonesport,Patches/Mechanoid.xml,"/Defs/ThingDef[defName = ""Mechanoid_Centipede""]/statBases"
Rim of Madness - Bones Unofficial Fix,sihv.rombonesport,Patches/Mechanoid.xml,"/Defs/ThingDef[defName = ""Mechanoid_Scyther""]/statBases"
Rim of Madness - Bones Unofficial Fix,sihv.rombonesport,Patches/RimocracyPatch.xml,"/Defs/ThingDef[defName=""BoneChair"" or defName=""BoneThrone""]/statBases"
Rim of Madness - Bones Unofficial Fix,sihv.rombonesport,1.6/Patches/BonelessAlphaAnimals.xml,"/Defs/ThingDef[@Name=""BaseInsect2""]/statBases"
Rim of Madness - Bones Unofficial Fix,sihv.rombonesport,1.6/Patches/BonelessAlphaAnimals.xml,"/Defs/ThingDef[@Name=""AA_AlphaBaseInsect""]/statBases"
Rim of Madness - Bones Unofficial Fix,sihv.rombonesport,1.6/Patches/BonelessAlphaAnimals.xml,"/Defs/ThingDef[defName=""AA_AcanthamoebaGiganteaSmall""]/statBases"
Rim of Madness - Bones Unofficial Fix,sihv.rombonesport,1.6/Patches/BonelessAlphaAnimals.xml,"/Defs/ThingDef[defName=""AA_AcanthamoebaGiganteaLarge""]/statBases"
Rim of Madness - Bones Unofficial Fix,sihv.rombonesport,1.6/Patches/BonelessAlphaAnimals.xml,"/Defs/ThingDef[defName=""AA_AcanthamoebaGiganteaHuge""]/statBases"
Rim of Madness - Bones Unofficial Fix,sihv.rombonesport,1.6/Patches/BonelessAlphaAnimals.xml,"/Defs/ThingDef[defName=""AA_AngelMothLarva""]/statBases"
Rim of Madness - Bones Unofficial Fix,sihv.rombonesport,1.6/Patches/BonelessAlphaAnimals.xml,"/Defs/ThingDef[defName=""AA_AngelMoth""]/statBases"
Rim of Madness - Bones Unofficial Fix,sihv.rombonesport,1.6/Patches/BonelessAlphaAnimals.xml,"/Defs/ThingDef[defName=""AA_Agaripod""]/statBases"
Rim of Madness - Bones Unofficial Fix,sihv.rombonesport,1.6/Patches/BonelessAlphaAnimals.xml,"/Defs/ThingDef[defName=""AA_Agaripawn""]/statBases"
Rim of Madness - Bones Unofficial Fix,sihv.rombonesport,1.6/Patches/BonelessAlphaAnimals.xml,"/Defs/ThingDef[defName=""AA_Aerofleet""]/statBases"
Rim of Madness - Bones Unofficial Fix,sihv.rombonesport,1.6/Patches/BonelessAlphaAnimals.xml,"/Defs/ThingDef[defName=""AA_ColossalAerofleet""]/statBases"
Rim of Madness - Bones Unofficial Fix,sihv.rombonesport,1.6/Patches/BonelessAlphaAnimals.xml,"/Defs/ThingDef[defName=""AA_Animalisk""]/statBases"
Rim of Madness - Bones Unofficial Fix,sihv.rombonesport,1.6/Patches/BonelessAlphaAnimals.xml,"/Defs/ThingDef[defName=""AA_LarvalAtispec""]/statBases"
Rim of Madness - Bones Unofficial Fix,sihv.rombonesport,1.6/Patches/BonelessAlphaAnimals.xml,"/Defs/ThingDef[defName=""AA_Atispec""]/statBases"
Rim of Madness - Bones Unofficial Fix,sihv.rombonesport,1.6/Patches/BonelessAlphaAnimals.xml,"/Defs/ThingDef[defName=""AA_AuroraSylph""]/statBases"
Rim of Madness - Bones Unofficial Fix,sihv.rombonesport,1.6/Patches/BonelessAlphaAnimals.xml,"/Defs/ThingDef[defName=""AA_Barbslinger""]/statBases"
Rim of Madness - Bones Unofficial Fix,sihv.rombonesport,1.6/Patches/BonelessAlphaAnimals.xml,"/Defs/ThingDef[defName=""AA_BedBug""]/statBases"
Rim of Madness - Bones Unofficial Fix,sihv.rombonesport,1.6/Patches/BonelessAlphaAnimals.xml,"/Defs/ThingDef[defName=""AA_BlackScarab""]/statBases"
Rim of Madness - Bones Unofficial Fix,sihv.rombonesport,1.6/Patches/BonelessAlphaAnimals.xml,"/Defs/ThingDef[defName=""AA_BlackSpelopede""]/statBases"
Rim of Madness - Bones Unofficial Fix,sihv.rombonesport,1.6/Patches/BonelessAlphaAnimals.xml,"/Defs/ThingDef[defName=""AA_BlackSpider""]/statBases"
Rim of Madness - Bones Unofficial Fix,sihv.rombonesport,1.6/Patches/BonelessAlphaAnimals.xml,"/Defs/ThingDef[defName=""AA_Blizzarisk""]/statBases"
Rim of Madness - Bones Unofficial Fix,sihv.rombonesport,1.6/Patches/BonelessAlphaAnimals.xml,"/Defs/ThingDef[defName=""AA_BlizzariskClutchMother""]/statBases"
Rim of Madness - Bones Unofficial Fix,sihv.rombonesport,1.6/Patches/BonelessAlphaAnimals.xml,"/Defs/ThingDef[defName=""AA_BloodShrimp""]/statBases"
Rim of Madness - Bones Unofficial Fix,sihv.rombonesport,1.6/Patches/BonelessAlphaAnimals.xml,"/Defs/ThingDef[defName=""AA_BoulderMit""]/statBases"
Rim of Madness - Bones Unofficial Fix,sihv.rombonesport,1.6/Patches/BonelessAlphaAnimals.xml,"/Defs/ThingDef[defName=""AA_SummitCrab""]/statBases"
Rim of Madness - Bones Unofficial Fix,sihv.rombonesport,1.6/Patches/BonelessAlphaAnimals.xml,"/Defs/ThingDef[defName=""AA_Bumbledrone""]/statBases"
Rim of Madness - Bones Unofficial Fix,sihv.rombonesport,1.6/Patches/BonelessAlphaAnimals.xml,"/Defs/ThingDef[defName=""AA_BumbledroneHierophant""]/statBases"
Rim of Madness - Bones Unofficial Fix,sihv.rombonesport,1.6/Patches/BonelessAlphaAnimals.xml,"/Defs/ThingDef[defName=""AA_BumbledroneQueen""]/statBases"
Rim of Madness - Bones Unofficial Fix,sihv.rombonesport,1.6/Patches/BonelessAlphaAnimals.xml,"/Defs/ThingDef[defName=""AA_Cactipine""]/statBases"
Rim of Madness - Bones Unofficial Fix,sihv.rombonesport,1.6/Patches/BonelessAlphaAnimals.xml,"/Defs/ThingDef[defName=""AA_ChemfuelMyrmidon""]/statBases"
Rim of Madness - Bones Unofficial Fix,sihv.rombonesport,1.6/Patches/BonelessAlphaAnimals.xml,"/Defs/ThingDef[defName=""AA_Cinderlisk""]/statBases"
Rim of Madness - Bones Unofficial Fix,sihv.rombonesport,1.6/Patches/BonelessAlphaAnimals.xml,"/Defs/ThingDef[defName=""AA_CrepuscularBeetle""]/statBases"
Rim of Madness - Bones Unofficial Fix,sihv.rombonesport,1.6/Patches/BonelessAlphaAnimals.xml,"/Defs/ThingDef[defName=""AA_CrystalMit""]/statBases"
Rim of Madness - Bones Unofficial Fix,sihv.rombonesport,1.6/Patches/BonelessAlphaAnimals.xml,"/Defs/ThingDef[defName=""AA_DrainerLarva""]/statBases"
Rim of Madness - Bones Unofficial Fix,sihv.rombonesport,1.6/Patches/BonelessAlphaAnimals.xml,"/Defs/ThingDef[defName=""AA_Drainer""]/statBases"
Rim of Madness - Bones Unofficial Fix,sihv.rombonesport,1.6/Patches/BonelessAlphaAnimals.xml,"/Defs/ThingDef[defName=""AA_Dunealisk""]/statBases"
Rim of Madness - Bones Unofficial Fix,sihv.rombonesport,1.6/Patches/BonelessAlphaAnimals.xml,"/Defs/ThingDef[defName=""AA_DunealiskClutchMother""]/statBases"
Rim of Madness - Bones Unofficial Fix,sihv.rombonesport,1.6/Patches/BonelessAlphaAnimals.xml,"/Defs/ThingDef[defName=""AA_EmpressButterflyLarva""]/statBases"
Rim of Madness - Bones Unofficial Fix,sihv.rombonesport,1.6/Patches/BonelessAlphaAnimals.xml,"/Defs/ThingDef[defName=""AA_EmpressButterfly""]/statBases"
Rim of Madness - Bones Unofficial Fix,sihv.rombonesport,1.6/Patches/BonelessAlphaAnimals.xml,"/Defs/ThingDef[defName=""AA_EngorgedTentacularAberration""]/statBases"
Rim of Madness - Bones Unofficial Fix,sihv.rombonesport,1.6/Patches/BonelessAlphaAnimals.xml,"/Defs/ThingDef[defName=""AA_Eyeling""]/statBases"
Rim of Madness - Bones Unofficial Fix,sihv.rombonesport,1.6/Patches/BonelessAlphaAnimals.xml,"/Defs/ThingDef[defName=""AA_Feralisk""]/statBases"
Rim of Madness - Bones Unofficial Fix,sihv.rombonesport,1.6/Patches/BonelessAlphaAnimals.xml,"/Defs/ThingDef[defName=""AA_FeraliskClutchMother""]/statBases"
Rim of Madness - Bones Unofficial Fix,sihv.rombonesport,1.6/Patches/BonelessAlphaAnimals.xml,"/Defs/ThingDef[defName=""AA_FireWasp""]/statBases"
Rim of Madness - Bones Unofficial Fix,sihv.rombonesport,1.6/Patches/BonelessAlphaAnimals.xml,"/Defs/ThingDef[defName=""AA_FrostboundBehemoth""]/statBases"
Rim of Madness - Bones Unofficial Fix,sihv.rombonesport,1.6/Patches/BonelessAlphaAnimals.xml,"/Defs/ThingDef[defName=""AA_Frostmite""]/statBases"
Rim of Madness - Bones Unofficial Fix,sihv.rombonesport,1.6/Patches/BonelessAlphaAnimals.xml,"/Defs/ThingDef[defName=""AA_GreatDevourer""]/statBases"
Rim of Madness - Bones Unofficial Fix,sihv.rombonesport,1.6/Patches/BonelessAlphaAnimals.xml,"/Defs/ThingDef[defName=""AA_GreenGoo""]/statBases"
Rim of Madness - Bones Unofficial Fix,sihv.rombonesport,1.6/Patches/BonelessAlphaAnimals.xml,"/Defs/ThingDef[defName=""AA_Helixien""]/statBases"
Rim of Madness - Bones Unofficial Fix,sihv.rombonesport,1.6/Patches/BonelessAlphaAnimals.xml,"/Defs/ThingDef[defName=""AA_InfectedAerofleet""]/statBases"
Rim of Madness - Bones Unofficial Fix,sihv.rombonesport,1.6/Patches/BonelessAlphaAnimals.xml,"/Defs/ThingDef[defName=""AA_IronhuskBeetle""]/statBases"
Rim of Madness - Bones Unofficial Fix,sihv.rombonesport,1.6/Patches/BonelessAlphaAnimals.xml,"/Defs/ThingDef[defName=""AA_Junglelisk""]/statBases"
Rim of Madness - Bones Unofficial Fix,sihv.rombonesport,1.6/Patches/BonelessAlphaAnimals.xml,"/Defs/ThingDef[defName=""AA_LuciferBug""]/statBases"
Rim of Madness - Bones Unofficial Fix,sihv.rombonesport,1.6/Patches/BonelessAlphaAnimals.xml,"/Defs/ThingDef[defName=""AA_MammothWorm""]/statBases"
Rim of Madness - Bones Unofficial Fix,sihv.rombonesport,1.6/Patches/BonelessAlphaAnimals.xml,"/Defs/ThingDef[defName=""AA_Mantrap""]/statBases"
Rim of Madness - Bones Unofficial Fix,sihv.rombonesport,1.6/Patches/BonelessAlphaAnimals.xml,"/Defs/ThingDef[defName=""AA_MegaLouse""]/statBases"
Rim of Madness - Bones Unofficial Fix,sihv.rombonesport,1.6/Patches/BonelessAlphaAnimals.xml,"/Defs/ThingDef[defName=""AA_Metallovore""]/statBases"
Rim of Madness - Bones Unofficial Fix,sihv.rombonesport,1.6/Patches/BonelessAlphaAnimals.xml,"/Defs/ThingDef[defName=""AA_Needlepost""]/statBases"
Rim of Madness - Bones Unofficial Fix,sihv.rombonesport,1.6/Patches/BonelessAlphaAnimals.xml,"/Defs/ThingDef[defName=""AA_Needleroll""]/statBases"
Rim of Madness - Bones Unofficial Fix,sihv.rombonesport,1.6/Patches/BonelessAlphaAnimals.xml,"/Defs/ThingDef[defName=""AA_OcularJelly""]/statBases"
Rim of Madness - Bones Unofficial Fix,sihv.rombonesport,1.6/Patches/BonelessAlphaAnimals.xml,"/Defs/ThingDef[defName=""AA_PebbleMit""]/statBases"
Rim of Madness - Bones Unofficial Fix,sihv.rombonesport,1.6/Patches/BonelessAlphaAnimals.xml,"/Defs/ThingDef[defName=""AA_Plasmorph""]/statBases"
Rim of Madness - Bones Unofficial Fix,sihv.rombonesport,1.6/Patches/BonelessAlphaAnimals.xml,"/Defs/ThingDef[defName=""AA_RaptorShrimp""]/statBases"
Rim of Madness - Bones Unofficial Fix,sihv.rombonesport,1.6/Patches/BonelessAlphaAnimals.xml,"/Defs/ThingDef[defName=""AA_Ravager""]/statBases"
Rim of Madness - Bones Unofficial Fix,sihv.rombonesport,1.6/Patches/BonelessAlphaAnimals.xml,"/Defs/ThingDef[defName=""AA_RedGoo""]/statBases"
Rim of Madness - Bones Unofficial Fix,sihv.rombonesport,1.6/Patches/BonelessAlphaAnimals.xml,"/Defs/ThingDef[defName=""AA_RedSpore""]/statBases"
Rim of Madness - Bones Unofficial Fix,sihv.rombonesport,1.6/Patches/BonelessAlphaAnimals.xml,"/Defs/ThingDef[defName=""AA_SandSquid""]/statBases"
Rim of Madness - Bones Unofficial Fix,sihv.rombonesport,1.6/Patches/BonelessAlphaAnimals.xml,"/Defs/ThingDef[defName=""AA_Slurrypede""]/statBases"
Rim of Madness - Bones Unofficial Fix,sihv.rombonesport,1.6/Patches/BonelessAlphaAnimals.xml,"/Defs/ThingDef[defName=""AA_Swarmling""]/statBases"
Rim of Madness - Bones Unofficial Fix,sihv.rombonesport,1.6/Patches/BonelessAlphaAnimals.xml,"/Defs/ThingDef[defName=""AA_TarGuzzler""]/statBases"
Rim of Madness - Bones Unofficial Fix,sihv.rombonesport,1.6/Patches/BonelessAlphaAnimals.xml,"/Defs/ThingDef[defName=""AA_TeratogenicOriginator""]/statBases"
Rim of Madness - Bones Unofficial Fix,sihv.rombonesport,1.6/Patches/BonelessAlphaAnimals.xml,"/Defs/ThingDef[defName=""AA_Terramorph""]/statBases"
Rim of Madness - Bones Unofficial Fix,sihv.rombonesport,1.6/Patches/BonelessAlphaAnimals.xml,"/Defs/ThingDef[defName=""AA_TetraSlug""]/statBases"
Rim of Madness - Bones Unofficial Fix,sihv.rombonesport,1.6/Patches/BonelessAlphaAnimals.xml,"/Defs/ThingDef[defName=""AA_Thermadon""]/statBases"
Rim of Madness - Bones Unofficial Fix,sihv.rombonesport,1.6/Patches/BonelessAlphaAnimals.xml,"/Defs/ThingDef[defName=""AA_UnblinkingEye""]/statBases"
Rim of Madness - Bones Unofficial Fix,sihv.rombonesport,1.6/Patches/BonelessAlphaAnimals.xml,"/Defs/ThingDef[defName=""AA_Wildpawn""]/statBases"
Rim of Madness - Bones Unofficial Fix,sihv.rombonesport,1.6/Patches/BonelessAlphaAnimals.xml,"/Defs/ThingDef[defName=""AA_Wildpod""]/statBases"
Roo's Minotaur Xenotype,tug.minotaur,Patches/RBM_Patches.xml,"Defs/PawnKindDef[defName=""RBM_MinotaurGuardianHigh""]/apparelRequired"
Roo's Minotaur Xenotype,tug.minotaur,Patches/RBM_Patches.xml,"Defs/PawnKindDef[defName=""RBM_MinotaurFeral""]/apparelRequired"
Roo's Minotaur Xenotype,tug.minotaur,Patches/RBM_Patches.xml,"Defs/PawnKindDef[defName=""RBM_MinotaurGuardianHigh""]/apparelRequired"
Roo's Minotaur Xenotype,tug.minotaur,Patches/RBM_Patches.xml,"Defs/PawnKindDef[defName=""RBM_MinotaurGuardianLow""]/apparelRequired"
Roo's Minotaur Xenotype,tug.minotaur,Patches/RBM_Patches.xml,"Defs/PawnKindDef[defName=""RBM_ProtectedMonarch""]/apparelRequired"
Roo's Minotaur Xenotype,tug.minotaur,Patches/RBM_Patches.xml,"Defs/PawnKindDef[defName=""WildMan""]/xenotypeSet/xenotypeChances"
Roo's Minotaur Xenotype,tug.minotaur,Patches/RBM_Patches.xml,"Defs/PawnKindDef[defName=""WildMan""]/xenotypeSet/xenotypeChances"
Roo's Minotaur Xenotype,tug.minotaur,Patches/RBM_Patches.xml,"Defs/PawnKindDef[defName=""WildMan""]"
Roo's Minotaur Xenotype,tug.minotaur,Patches/RBM_Patches.xml,"Defs/PawnKindDef[defName=""RBM_MinotaurFighter""]"
Roo's Minotaur Xenotype,tug.minotaur,Patches/RBM_Patches_Chunks.xml,"Defs/ThingDef[@Name=""ChunkBase""]/statBases"
Roo's Minotaur Xenotype,tug.minotaur,Patches/RBM_Patches_Chunks.xml,"Defs/ThingDef[@Name=""ChunkBase""]/statBases"
Roo's Minotaur Xenotype,tug.minotaur,Patches/RBM_Patches_Chunks.xml,"Defs/PawnKindDef[defName=""RBM_MinotaurFeral""]/weaponTags"
Roo's Minotaur Xenotype,tug.minotaur,Patches/RBM_Patches_Chunks.xml,"Defs/PawnKindDef[defName=""RBM_MinotaurFeral""]/weaponTags"
Roo's Minotaur Xenotype,tug.minotaur,Patches/RBM_Patches_Food.xml,"Defs/ThingDef[defName=""Hay""]/statBases"
Skunks,guppyfacesarecute.skunks,Patches/Biomes_AddSkunk.xml,"Defs/BiomeDef[defName=""TemperateForest""]/wildAnimals"
Skunks,guppyfacesarecute.skunks,Patches/Biomes_AddSkunk.xml,"Defs/BiomeDef[defName=""TemperateSwamp""]/wildAnimals"
Skunks,guppyfacesarecute.skunks,Patches/Biomes_AddSkunk.xml,"Defs/BiomeDef[defName=""BorealForest""]/wildAnimals"
Skunks,guppyfacesarecute.skunks,Patches/Biomes_AddSkunk.xml,"Defs/BiomeDef[defName=""AridShrubland""]/wildAnimals"
Star Wars Animal Collection (Continued),mlie.starwarsanimalcollection,1.6/Patches/MoreVanillaBiomesPatch.xml,"Defs/BiomeDef[defName=""ZBiome_AlpineMeadow""]/wildAnimals"
Star Wars Animal Collection (Continued),mlie.starwarsanimalcollection,1.6/Patches/MoreVanillaBiomesPatch.xml,"Defs/BiomeDef[defName=""ZBiome_CoastalDunes""]/wildAnimals"
Star Wars Animal Collection (Continued),mlie.starwarsanimalcollection,1.6/Patches/MoreVanillaBiomesPatch.xml,"Defs/BiomeDef[defName=""ZBiome_DesertOasis""]/wildAnimals"
Star Wars Animal Collection (Continued),mlie.starwarsanimalcollection,1.6/Patches/MoreVanillaBiomesPatch.xml,"Defs/BiomeDef[defName=""ZBiome_Grasslands""]/wildAnimals"
Star Wars Animal Collection (Continued),mlie.starwarsanimalcollection,1.6/Patches/MoreVanillaBiomesPatch.xml,"Defs/BiomeDef[defName=""ZBiome_Marsh""]/wildAnimals"
Star Wars Animal Collection (Continued),mlie.starwarsanimalcollection,1.6/Patches/MoreVanillaBiomesPatch.xml,"Defs/BiomeDef[defName=""ZBiome_CloudForest""]/wildAnimals"
Star Wars Animal Collection (Continued),mlie.starwarsanimalcollection,1.6/Patches/MoreVanillaBiomesPatch.xml,"Defs/BiomeDef[defName=""ZBiome_Sandbar_NoBeach""]/wildAnimals"
Star Wars Animal Collection (Continued),mlie.starwarsanimalcollection,1.6/Patches/MoreVanillaBiomesPatch.xml,"Defs/BiomeDef[defName=""ZBiome_Badlands""]/wildAnimals"
Star Wars Animal Collection (Continued),mlie.starwarsanimalcollection,1.6/Patches/MoreVanillaBiomesPatch.xml,"Defs/BiomeDef[defName=""ZBiome_GlacialShield""]/wildAnimals"
Star Wars Animal Collection (Continued),mlie.starwarsanimalcollection,1.6/Patches/MoreVanillaBiomesPatch.xml,"Defs/BiomeDef[defName=""ZBiome_AlpineMeadow""]/pollutionWildAnimals"
Star Wars Animal Collection (Continued),mlie.starwarsanimalcollection,1.6/Patches/MoreVanillaBiomesPatch.xml,"Defs/BiomeDef[defName=""ZBiome_CoastalDunes""]/pollutionWildAnimals"
Star Wars Animal Collection (Continued),mlie.starwarsanimalcollection,1.6/Patches/MoreVanillaBiomesPatch.xml,"Defs/BiomeDef[defName=""ZBiome_DesertOasis""]/pollutionWildAnimals"
Star Wars Animal Collection (Continued),mlie.starwarsanimalcollection,1.6/Patches/MoreVanillaBiomesPatch.xml,"Defs/BiomeDef[defName=""ZBiome_Sandbar_NoBeach""]/pollutionWildAnimals"
Star Wars Animal Collection (Continued),mlie.starwarsanimalcollection,1.6/Patches/MoreVanillaBiomesPatch.xml,"Defs/BiomeDef[defName=""ZBiome_CloudForest""]/pollutionWildAnimals"
Star Wars Animal Collection (Continued),mlie.starwarsanimalcollection,1.6/Patches/MoreVanillaBiomesPatch.xml,"Defs/BiomeDef[defName=""ZBiome_Badlands""]/pollutionWildAnimals"
Star Wars Animal Collection (Continued),mlie.starwarsanimalcollection,1.6/Patches/MoreVanillaBiomesPatch.xml,"Defs/BiomeDef[defName=""ZBiome_Grasslands""]/pollutionWildAnimals"
Star Wars Animal Collection (Continued),mlie.starwarsanimalcollection,1.6/Patches/MoreVanillaBiomesPatch.xml,"Defs/BiomeDef[defName=""ZBiome_GlacialShield""]/pollutionWildAnimals"
Star Wars Animal Collection (Continued),mlie.starwarsanimalcollection,1.6/Patches/OddyseyPatch.xml,"Defs/BiomeDef[defName=""GlacialPlain""]/wildAnimals"
Star Wars Animal Collection (Continued),mlie.starwarsanimalcollection,1.6/Patches/OddyseyPatch.xml,"Defs/BiomeDef[defName=""Glowforest""]/wildAnimals"
Star Wars Animal Collection (Continued),mlie.starwarsanimalcollection,1.6/Patches/OddyseyPatch.xml,"Defs/BiomeDef[defName=""Grasslands""]/wildAnimals"
Star Wars Animal Collection (Continued),mlie.starwarsanimalcollection,1.6/Patches/OddyseyPatch.xml,"Defs/BiomeDef[defName=""LavaField""]/wildAnimals"
Star Wars Animal Collection (Continued),mlie.starwarsanimalcollection,1.6/Patches/OddyseyPatch.xml,"Defs/BiomeDef[defName=""Scarlands""]/wildAnimals"
Star Wars Animal Collection (Continued),mlie.starwarsanimalcollection,1.6/Patches/OddyseyPatch.xml,"/Defs/BiomeDef[defName = ""GlacialPlain""]/pollutionWildAnimals"
Star Wars Animal Collection (Continued),mlie.starwarsanimalcollection,1.6/Patches/OddyseyPatch.xml,"/Defs/BiomeDef[defName = ""Glowforest""]/pollutionWildAnimals"
Star Wars Animal Collection (Continued),mlie.starwarsanimalcollection,1.6/Patches/OddyseyPatch.xml,"/Defs/BiomeDef[defName = ""Grasslands""]/pollutionWildAnimals"
Star Wars Animal Collection (Continued),mlie.starwarsanimalcollection,1.6/Patches/OddyseyPatch.xml,"/Defs/BiomeDef[defName = ""LavaField""]/pollutionWildAnimals"
Star Wars Animal Collection (Continued),mlie.starwarsanimalcollection,1.6/Patches/OddyseyPatch.xml,"/Defs/BiomeDef[defName = ""Scarlands""]/pollutionWildAnimals"
Star Wars Animal Collection (Continued),mlie.starwarsanimalcollection,1.6/Patches/OddyseyPatch.xml,"Defs/BiomeDef[defName=""TemperateForest"" or defName=""TemperateSwamp"" or defName=""AridShrubland"" or defName=""Desert"" or defName=""BorealForest"" or defName=""Tundra"" or defName=""ColdBog"" or defName=""IceSheet"" or defName=""SeaIce"" or defName=""LavaField"" or defName=""Grasslands"" or defName=""Glowforest""]/fishTypes/freshwater_Common"
Star Wars Animal Collection (Continued),mlie.starwarsanimalcollection,1.6/Patches/OddyseyPatch.xml,"Defs/BiomeDef[defName=""TemperateForest"" or defName=""TemperateSwamp"" or defName=""AridShrubland"" or defName=""Desert"" or defName=""BorealForest"" or defName=""Tundra"" or defName=""ColdBog"" or defName=""IceSheet"" or defName=""SeaIce"" or defName=""LavaField"" or defName=""Grasslands"" or defName=""Glowforest""]/fishTypes/freshwater_Uncommon"
Star Wars Animal Collection (Continued),mlie.starwarsanimalcollection,1.6/Patches/OddyseyPatch.xml,"Defs/BiomeDef[defName=""TemperateForest"" or defName=""TemperateSwamp"" or defName=""AridShrubland"" or defName=""Desert"" or defName=""BorealForest"" or defName=""Tundra"" or defName=""ColdBog"" or defName=""IceSheet"" or defName=""SeaIce"" or defName=""LavaField"" or defName=""Grasslands"" or defName=""Glowforest""]/fishTypes/saltwater_Common"
Star Wars Animal Collection (Continued),mlie.starwarsanimalcollection,1.6/Patches/OddyseyPatch.xml,"Defs/BiomeDef[defName=""TemperateForest"" or defName=""TemperateSwamp"" or defName=""AridShrubland"" or defName=""Desert"" or defName=""BorealForest"" or defName=""Tundra"" or defName=""ColdBog"" or defName=""IceSheet"" or defName=""SeaIce"" or defName=""LavaField"" or defName=""Grasslands"" or defName=""Glowforest""]/fishTypes/saltwater_Uncommon"
Star Wars Animal Collection (Continued),mlie.starwarsanimalcollection,1.6/Patches/PollutedBiomesPatch.xml,"/Defs/BiomeDef[defName = ""BorealForest""]/pollutionWildAnimals"
Star Wars Animal Collection (Continued),mlie.starwarsanimalcollection,1.6/Patches/PollutedBiomesPatch.xml,"/Defs/BiomeDef[defName = ""Tundra""]/pollutionWildAnimals"
Star Wars Animal Collection (Continued),mlie.starwarsanimalcollection,1.6/Patches/PollutedBiomesPatch.xml,"/Defs/BiomeDef[defName = ""ColdBog""]/pollutionWildAnimals"
Star Wars Animal Collection (Continued),mlie.starwarsanimalcollection,1.6/Patches/PollutedBiomesPatch.xml,"/Defs/BiomeDef[defName = ""TemperateForest""]/pollutionWildAnimals"
Star Wars Animal Collection (Continued),mlie.starwarsanimalcollection,1.6/Patches/PollutedBiomesPatch.xml,"/Defs/BiomeDef[defName = ""TemperateSwamp""]/pollutionWildAnimals"
Star Wars Animal Collection (Continued),mlie.starwarsanimalcollection,1.6/Patches/PollutedBiomesPatch.xml,"/Defs/BiomeDef[defName = ""TropicalRainforest""]/pollutionWildAnimals"
Star Wars Animal Collection (Continued),mlie.starwarsanimalcollection,1.6/Patches/PollutedBiomesPatch.xml,"/Defs/BiomeDef[defName = ""TropicalSwamp""]/pollutionWildAnimals"
Star Wars Animal Collection (Continued),mlie.starwarsanimalcollection,1.6/Patches/PollutedBiomesPatch.xml,"/Defs/BiomeDef[defName = ""AridShrubland""]/pollutionWildAnimals"
Star Wars Animal Collection (Continued),mlie.starwarsanimalcollection,1.6/Patches/PollutedBiomesPatch.xml,"/Defs/BiomeDef[defName = ""Desert""]/pollutionWildAnimals"
Star Wars Animal Collection (Continued),mlie.starwarsanimalcollection,1.6/Patches/PollutedBiomesPatch.xml,"/Defs/BiomeDef[defName = ""ExtremeDesert""]/pollutionWildAnimals"
Survival Tools Reborn,jellypowered.survivaltools,1.6/Patches/CombatExtended/Patch.xml,"Defs/ThingDef[defName=""SurvivalTools_Axe""]/statBases"
Survival Tools Reborn,jellypowered.survivaltools,1.6/Patches/CombatExtended/Patch.xml,"Defs/ThingDef[defName=""SurvivalTools_Pickaxe""]/statBases"
Survival Tools Reborn,jellypowered.survivaltools,1.6/Patches/CombatExtended/Patch.xml,"Defs/ThingDef[defName=""SurvivalTools_Hammer""]/statBases"
Survival Tools Reborn,jellypowered.survivaltools,1.6/Patches/CombatExtended/Patch.xml,"Defs/ThingDef[defName=""SurvivalTools_Sickle""]/statBases"
Tabletop Decorations,ucp.tabletopdecorations,Patches/ucp_TabletopDecorationsPatches.xml,"*/ThingDef[defName = ""TableMachining""]/comps/li[@Class = ""CompProperties_AffectedByFacilities""]/linkableFacilities"
Tabletop Decorations,ucp.tabletopdecorations,Patches/ucp_TabletopDecorationsPatches.xml,"*/ThingDef[defName = ""FabricationBench""]/comps/li[@Class = ""CompProperties_AffectedByFacilities""]/linkableFacilities"
Tabletop Decorations,ucp.tabletopdecorations,Patches/ucp_TabletopDecorationsPatches.xml,"*/ThingDef[defName = ""ElectricTailoringBench""]/comps/li[@Class = ""CompProperties_AffectedByFacilities""]/linkableFacilities"
Tabletop Decorations,ucp.tabletopdecorations,Patches/ucp_TabletopDecorationsPatches.xml,"*/ThingDef[defName = ""HandTailoringBench""]/comps/li[@Class = ""CompProperties_AffectedByFacilities""]/linkableFacilities"
Tabletop Decorations,ucp.tabletopdecorations,Patches/ucp_TabletopDecorationsPatches.xml,"*/ThingDef[defName = ""ElectricSmithy""]/comps/li[@Class = ""CompProperties_AffectedByFacilities""]/linkableFacilities"
Tabletop Decorations,ucp.tabletopdecorations,Patches/ucp_TabletopDecorationsPatches.xml,"*/ThingDef[defName = ""FueledSmithy""]/comps/li[@Class = ""CompProperties_AffectedByFacilities""]/linkableFacilities"
Tech Level Enforcement,summersausages2ttv.techlevelenforcement,Patches/Patches.xml,"/Defs/ThingDef[statBases/RangedWeapon_Cooldown and not(techLevel) and (contains(defName,'Charge') or contains(defName,'Laser') or contains(defName,'Beam'))]"
Tech Level Enforcement,summersausages2ttv.techlevelenforcement,Patches/Patches.xml,"/Defs/ThingDef[statBases/RangedWeapon_Cooldown and not(techLevel) and (contains(defName,'Charge') or contains(defName,'Laser') or contains(defName,'Beam'))]"
Tech Level Enforcement,summersausages2ttv.techlevelenforcement,Patches/Patches.xml,"/Defs/ThingDef[statBases/RangedWeapon_Cooldown and not(techLevel) and (contains(defName,'Bow') or defName='Pila')]"
Tech Level Enforcement,summersausages2ttv.techlevelenforcement,Patches/Patches.xml,"/Defs/ThingDef[statBases/RangedWeapon_Cooldown and not(techLevel) and (contains(defName,'Bow') or defName='Pila')]"
Tech Level Enforcement,summersausages2ttv.techlevelenforcement,Patches/Patches.xml,/Defs/ThingDef[statBases/RangedWeapon_Cooldown and not(techLevel)]
Tech Level Enforcement,summersausages2ttv.techlevelenforcement,Patches/Patches.xml,/Defs/ThingDef[statBases/RangedWeapon_Cooldown and not(techLevel)]
Tech Level Enforcement,summersausages2ttv.techlevelenforcement,Patches/Patches.xml,/Defs/ThingDef[statBases/MeleeWeapon_AverageArmorPenetration and not(techLevel) and number(statBases/MeleeWeapon_AverageArmorPenetration) &gt;= 0.40]
Tech Level Enforcement,summersausages2ttv.techlevelenforcement,Patches/Patches.xml,/Defs/ThingDef[statBases/MeleeWeapon_AverageArmorPenetration and not(techLevel) and number(statBases/MeleeWeapon_AverageArmorPenetration) &gt;= 0.40]
Tech Level Enforcement,summersausages2ttv.techlevelenforcement,Patches/Patches.xml,/Defs/ThingDef[statBases/MeleeWeapon_AverageArmorPenetration and not(techLevel) and number(statBases/MeleeWeapon_AverageArmorPenetration) &gt;= 0.25]
Tech Level Enforcement,summersausages2ttv.techlevelenforcement,Patches/Patches.xml,/Defs/ThingDef[statBases/MeleeWeapon_AverageArmorPenetration and not(techLevel) and number(statBases/MeleeWeapon_AverageArmorPenetration) &gt;= 0.25]
Tech Level Enforcement,summersausages2ttv.techlevelenforcement,Patches/Patches.xml,/Defs/ThingDef[statBases/MeleeWeapon_AverageArmorPenetration and not(techLevel) and number(statBases/MeleeWeapon_AverageArmorPenetration) &gt;= 0.12]
Tech Level Enforcement,summersausages2ttv.techlevelenforcement,Patches/Patches.xml,/Defs/ThingDef[statBases/MeleeWeapon_AverageArmorPenetration and not(techLevel) and number(statBases/MeleeWeapon_AverageArmorPenetration) &gt;= 0.12]
Tech Level Enforcement,summersausages2ttv.techlevelenforcement,Patches/Patches.xml,/Defs/ThingDef[statBases/MeleeWeapon_AverageArmorPenetration and not(techLevel)]
Tech Level Enforcement,summersausages2ttv.techlevelenforcement,Patches/Patches.xml,/Defs/ThingDef[statBases/MeleeWeapon_AverageArmorPenetration and not(techLevel)]
Tech Level Enforcement,summersausages2ttv.techlevelenforcement,Patches/Patches.xml,/Defs/ThingDef[Apparel and statBases/ArmorRating_Sharp and not(techLevel) and number(statBases/ArmorRating_Sharp) &gt;= 0.40]
Tech Level Enforcement,summersausages2ttv.techlevelenforcement,Patches/Patches.xml,/Defs/ThingDef[Apparel and statBases/ArmorRating_Sharp and not(techLevel) and number(statBases/ArmorRating_Sharp) &gt;= 0.40]
Tech Level Enforcement,summersausages2ttv.techlevelenforcement,Patches/Patches.xml,/Defs/ThingDef[Apparel and statBases/ArmorRating_Sharp and not(techLevel) and number(statBases/ArmorRating_Sharp) &gt;= 0.25]
Tech Level Enforcement,summersausages2ttv.techlevelenforcement,Patches/Patches.xml,/Defs/ThingDef[Apparel and statBases/ArmorRating_Sharp and not(techLevel) and number(statBases/ArmorRating_Sharp) &gt;= 0.25]
Tech Level Enforcement,summersausages2ttv.techlevelenforcement,Patches/Patches.xml,/Defs/ThingDef[Apparel and statBases/ArmorRating_Sharp and not(techLevel) and number(statBases/ArmorRating_Sharp) &gt;= 0.10]
Tech Level Enforcement,summersausages2ttv.techlevelenforcement,Patches/Patches.xml,/Defs/ThingDef[Apparel and statBases/ArmorRating_Sharp and not(techLevel) and number(statBases/ArmorRating_Sharp) &gt;= 0.10]
Tribal Furniture,xercaine.tribal.furniture,Patches/Mod Settings.xml,"Defs/ThingDef[defName=""XER_TribalTableButcher"" or defName=""XER_TribalFueledStove"" or defName=""XER_TribalTableSculpting"" or defName=""XER_TribalTableStonecutter""]/statBases/WorkTableEfficiencyFactor"
Tribal Furniture,xercaine.tribal.furniture,Patches/Mod Settings.xml,"Defs/ThingDef[defName=""XER_TribalTailoringBench""]/statBases/WorkTableWorkSpeedFactor"
Tribal Furniture,xercaine.tribal.furniture,Patches/Mod Settings.xml,"Defs/ThingDef[defName=""XER_TribalResearchBench""]/statBases/ResearchSpeedFactor"
Tribal Furniture,xercaine.tribal.furniture,Patches/Mod Settings.xml,"Defs/ThingDef[defName=""XER_TribalTailoringBench""]/statBases/WorkTableWorkSpeedFactor"
Tribal Furniture,xercaine.tribal.furniture,Patches/Mod Settings.xml,"Defs/ThingDef[defName=""XER_TribalRefinery""]/statBases/WorkTableWorkSpeedFactor"
Tribal Furniture,xercaine.tribal.furniture,Patches/Mod Settings.xml,"Defs/ThingDef[defName=""XER_TribalBed"" or defName=""XER_TribalDoubleBed""]/statBases/BedRestEffectiveness"
Tribal Furniture,xercaine.tribal.furniture,Patches/Mod Settings.xml,"Defs/ThingDef[defName=""XER_TribalBedroll"" or defName=""XER_TribalBedrollDouble""]/statBases/BedRestEffectiveness"
Tribal Furniture,xercaine.tribal.furniture,Patches/Mod Settings.xml,"Defs/ThingDef[defName=""XER_TribalBed"" or defName=""XER_TribalDoubleBed""]/statBases/Comfort"
Tribal Furniture,xercaine.tribal.furniture,Patches/Mod Settings.xml,"Defs/ThingDef[defName=""XER_TribalBedroll"" or defName=""XER_TribalBedrollDouble""]/statBases/Comfort"
Tunneler Expanded,error277.tunneler.expanded,Patches/TE_Ritual_Outcomes.xml,"*/RitualOutcomeEffectDef[defName=""CelebrationPartyDanceDrum""]/comps/li[@Class=""RitualOutcomeComp_RitualTargetDefs""]/defs"
Universal Pregnancy,universalpregnancy.1trickpwnyta,1.6/Patches/Ritual_Outcomes.xml,"/Defs/RitualOutcomeEffectDef[defName=""ChildBirth""]/comps/li[@Class=""RitualOutcomeComp_PawnAge""]/labelAbstract"
Utility Columns,nephlite.orbitaltradecolumn,1.6/Patches/Patch_Grave.xml,"Defs/ThingDef/comps/li [@Class=""CompProperties_MeditationFocus""]/offsets/li [@Class=""FocusStrengthOffset_NearbyGraves""]/defs"
Utility Columns,nephlite.orbitaltradecolumn,1.6/Patches/Patch_Grave.xml,"Defs/ThingDef/comps/li [@Class=""CompProperties_MeditationFocus""]/offsets/li [@Class=""FocusStrengthOffset_NearbyGraves""]/defs"
Vanilla Animals Expanded,vanillaexpanded.vanillaanimalsexpanded,1.6/Patches/AdvancedBiomesPatch.xml,"/Defs/ThingDef[defName=""AEXP_Boombat""]/race/wildBiomes"
Vanilla Animals Expanded,vanillaexpanded.vanillaanimalsexpanded,1.6/Patches/AdvancedBiomesPatch.xml,"/Defs/ThingDef[defName=""AEXP_Kangaroo""]/race/wildBiomes"
Vanilla Animals Expanded,vanillaexpanded.vanillaanimalsexpanded,1.6/Patches/AdvancedBiomesPatch.xml,"/Defs/ThingDef[defName=""AEXP_Koala""]/race/wildBiomes"
Vanilla Animals Expanded,vanillaexpanded.vanillaanimalsexpanded,1.6/Patches/AdvancedBiomesPatch.xml,"/Defs/ThingDef[defName=""AEXP_Platypus""]/race/wildBiomes"
Vanilla Animals Expanded,vanillaexpanded.vanillaanimalsexpanded,1.6/Patches/AdvancedBiomesPatch.xml,"/Defs/ThingDef[defName=""AEXP_ArcticCoyote""]/race/wildBiomes"
Vanilla Animals Expanded,vanillaexpanded.vanillaanimalsexpanded,1.6/Patches/AdvancedBiomesPatch.xml,"/Defs/ThingDef[defName=""AEXP_BlackBear""]/race/wildBiomes"
Vanilla Animals Expanded,vanillaexpanded.vanillaanimalsexpanded,1.6/Patches/AdvancedBiomesPatch.xml,"/Defs/ThingDef[defName=""AEXP_RedPanda""]/race/wildBiomes"
Vanilla Animals Expanded,vanillaexpanded.vanillaanimalsexpanded,1.6/Patches/AdvancedBiomesPatch.xml,"/Defs/ThingDef[defName=""AEXP_WildGoose""]/race/wildBiomes"
Vanilla Animals Expanded,vanillaexpanded.vanillaanimalsexpanded,1.6/Patches/AdvancedBiomesPatch.xml,"/Defs/ThingDef[defName=""AEXP_Beaver""]/race/wildBiomes"
Vanilla Animals Expanded,vanillaexpanded.vanillaanimalsexpanded,1.6/Patches/AdvancedBiomesPatch.xml,"/Defs/ThingDef[defName=""AEXP_Hedgehog""]/race/wildBiomes"
Vanilla Animals Expanded,vanillaexpanded.vanillaanimalsexpanded,1.6/Patches/AdvancedBiomesPatch.xml,"/Defs/ThingDef[defName=""AEXP_Jaguar""]/race/wildBiomes"
Vanilla Animals Expanded,vanillaexpanded.vanillaanimalsexpanded,1.6/Patches/AdvancedBiomesPatch.xml,"/Defs/ThingDef[defName=""AEXP_Lemur""]/race/wildBiomes"
Vanilla Animals Expanded,vanillaexpanded.vanillaanimalsexpanded,1.6/Patches/AdvancedBiomesPatch.xml,"/Defs/ThingDef[defName=""AEXP_Mandrill""]/race/wildBiomes"
Vanilla Animals Expanded,vanillaexpanded.vanillaanimalsexpanded,1.6/Patches/AdvancedBiomesPatch.xml,"/Defs/ThingDef[defName=""AEXP_Tapir""]/race/wildBiomes"
Vanilla Animals Expanded,vanillaexpanded.vanillaanimalsexpanded,1.6/Patches/AdvancedBiomesPatch.xml,"/Defs/ThingDef[defName=""AEXP_Anaconda""]/race/wildBiomes"
Vanilla Animals Expanded,vanillaexpanded.vanillaanimalsexpanded,1.6/Patches/AdvancedBiomesPatch.xml,"/Defs/ThingDef[defName=""AEXP_IndianElephant""]/race/wildBiomes"
Vanilla Animals Expanded,vanillaexpanded.vanillaanimalsexpanded,1.6/Patches/AdvancedBiomesPatch.xml,"/Defs/ThingDef[defName=""AEXP_MegaWolverine""]/race/wildBiomes"
Vanilla Animals Expanded,vanillaexpanded.vanillaanimalsexpanded,1.6/Patches/AlphaBiomesPatch.xml,"/Defs/ThingDef[defName=""AEXP_RedPanda""]/race/wildBiomes"
Vanilla Animals Expanded,vanillaexpanded.vanillaanimalsexpanded,1.6/Patches/AlphaBiomesPatch.xml,"/Defs/ThingDef[defName=""AEXP_WildGoose""]/race/wildBiomes"
Vanilla Animals Expanded,vanillaexpanded.vanillaanimalsexpanded,1.6/Patches/AlphaBiomesPatch.xml,"/Defs/ThingDef[defName=""AEXP_Hedgehog""]/race/wildBiomes"
Vanilla Animals Expanded,vanillaexpanded.vanillaanimalsexpanded,1.6/Patches/CaravansPatch.xml,"/Defs/BiomeDef[defName=""TropicalSwamp""]/allowedPackAnimals"
Vanilla Animals Expanded,vanillaexpanded.vanillaanimalsexpanded,1.6/Patches/CaravansPatch.xml,"/Defs/BiomeDef[defName=""Desert""]/allowedPackAnimals"
Vanilla Animals Expanded,vanillaexpanded.vanillaanimalsexpanded,1.6/Patches/CaravansPatch.xml,"/Defs/BiomeDef[defName=""ExtremeDesert""]/allowedPackAnimals"
Vanilla Animals Expanded,vanillaexpanded.vanillaanimalsexpanded,1.6/Patches/CatCrossbreeding.xml,"Defs/ThingDef[defName = ""Cat""]/race/canCrossBreedWith"
Vanilla Animals Expanded,vanillaexpanded.vanillaanimalsexpanded,1.6/Patches/CatCrossbreeding.xml,"Defs/ThingDef[defName = ""Cat""]/race/canCrossBreedWith"
Vanilla Animals Expanded,vanillaexpanded.vanillaanimalsexpanded,1.6/Patches/DogCrossbreeding.xml,"Defs/ThingDef[defName = ""YorkshireTerrier""]/race/canCrossBreedWith"
Vanilla Animals Expanded,vanillaexpanded.vanillaanimalsexpanded,1.6/Patches/DogCrossbreeding.xml,"Defs/ThingDef[defName = ""YorkshireTerrier""]/race/canCrossBreedWith"
Vanilla Animals Expanded,vanillaexpanded.vanillaanimalsexpanded,1.6/Patches/DogCrossbreeding.xml,"Defs/ThingDef[defName = ""LabradorRetriever""]/race/canCrossBreedWith"
Vanilla Animals Expanded,vanillaexpanded.vanillaanimalsexpanded,1.6/Patches/DogCrossbreeding.xml,"Defs/ThingDef[defName = ""LabradorRetriever""]/race/canCrossBreedWith"
Vanilla Animals Expanded,vanillaexpanded.vanillaanimalsexpanded,1.6/Patches/DogCrossbreeding.xml,"Defs/ThingDef[defName = ""Husky""]/race/canCrossBreedWith"
Vanilla Animals Expanded,vanillaexpanded.vanillaanimalsexpanded,1.6/Patches/DogCrossbreeding.xml,"Defs/ThingDef[defName = ""Husky""]/race/canCrossBreedWith"
Vanilla Animals Expanded — Waste Animals,vanillaexpanded.vaewaste,1.6/Patches/AlphaBiomesPatch.xml,"/Defs/BiomeDef[defName = ""AB_PropaneLakes""]"
Vanilla Animals Expanded — Waste Animals,vanillaexpanded.vaewaste,1.6/Patches/AlphaBiomesPatch.xml,"/Defs/BiomeDef[defName = ""AB_IdyllicMeadows""]"
Vanilla Animals Expanded — Waste Animals,vanillaexpanded.vaewaste,1.6/Patches/AlphaBiomesPatch.xml,"/Defs/BiomeDef[defName = ""AB_OcularForest""]/pollutionWildAnimals"
Vanilla Animals Expanded — Waste Animals,vanillaexpanded.vaewaste,1.6/Patches/AlphaBiomesPatch.xml,"/Defs/BiomeDef[defName = ""AB_GelatinousSuperorganism""]"
Vanilla Animals Expanded — Waste Animals,vanillaexpanded.vaewaste,1.6/Patches/AlphaBiomesPatch.xml,"/Defs/BiomeDef[defName = ""AB_MiasmicMangrove""]"
Vanilla Animals Expanded — Waste Animals,vanillaexpanded.vaewaste,1.6/Patches/AlphaBiomesPatch.xml,"/Defs/BiomeDef[defName = ""AB_MycoticJungle""]"
Vanilla Animals Expanded — Waste Animals,vanillaexpanded.vaewaste,1.6/Patches/AlphaBiomesPatch.xml,"/Defs/BiomeDef[defName = ""AB_FeraliskInfestedJungle""]"
Vanilla Animals Expanded — Waste Animals,vanillaexpanded.vaewaste,1.6/Patches/AlphaBiomesPatch.xml,"/Defs/BiomeDef[defName = ""AB_GallatrossGraveyard""]"
Vanilla Animals Expanded — Waste Animals,vanillaexpanded.vaewaste,1.6/Patches/AlphaBiomesPatch.xml,"/Defs/BiomeDef[defName = ""AB_PyroclasticConflagration""]"
Vanilla Animals Expanded — Waste Animals,vanillaexpanded.vaewaste,1.6/Patches/AlphaBiomesPatch.xml,"/Defs/BiomeDef[defName = ""AB_RockyCrags""]"
Vanilla Animals Expanded — Waste Animals,vanillaexpanded.vaewaste,1.6/Patches/AlphaBiomesPatch.xml,"/Defs/BiomeDef[defName = ""AB_TarPits""]"
Vanilla Animals Expanded — Waste Animals,vanillaexpanded.vaewaste,1.6/Patches/BiomesPatch.xml,"/Defs/BiomeDef[defName = ""BorealForest""]/pollutionWildAnimals"
Vanilla Animals Expanded — Waste Animals,vanillaexpanded.vaewaste,1.6/Patches/BiomesPatch.xml,"/Defs/BiomeDef[defName = ""Tundra""]/pollutionWildAnimals"
Vanilla Animals Expanded — Waste Animals,vanillaexpanded.vaewaste,1.6/Patches/BiomesPatch.xml,"/Defs/BiomeDef[defName = ""ColdBog""]/pollutionWildAnimals"
Vanilla Animals Expanded — Waste Animals,vanillaexpanded.vaewaste,1.6/Patches/BiomesPatch.xml,"/Defs/BiomeDef[defName = ""TemperateForest""]/pollutionWildAnimals"
Vanilla Animals Expanded — Waste Animals,vanillaexpanded.vaewaste,1.6/Patches/BiomesPatch.xml,"/Defs/BiomeDef[defName = ""TemperateSwamp""]/pollutionWildAnimals"
Vanilla Animals Expanded — Waste Animals,vanillaexpanded.vaewaste,1.6/Patches/BiomesPatch.xml,"/Defs/BiomeDef[defName = ""TropicalRainforest""]/pollutionWildAnimals"
Vanilla Animals Expanded — Waste Animals,vanillaexpanded.vaewaste,1.6/Patches/BiomesPatch.xml,"/Defs/BiomeDef[defName = ""TropicalSwamp""]/pollutionWildAnimals"
Vanilla Animals Expanded — Waste Animals,vanillaexpanded.vaewaste,1.6/Patches/BiomesPatch.xml,"/Defs/BiomeDef[defName = ""AridShrubland""]/pollutionWildAnimals"
Vanilla Animals Expanded — Waste Animals,vanillaexpanded.vaewaste,1.6/Patches/BiomesPatch.xml,"/Defs/BiomeDef[defName = ""Desert""]/pollutionWildAnimals"
Vanilla Animals Expanded — Waste Animals,vanillaexpanded.vaewaste,1.6/Patches/BiomesPatch.xml,"/Defs/BiomeDef[defName = ""ExtremeDesert""]/pollutionWildAnimals"
Vanilla Apparel Expanded — Accessories,vanillaexpanded.vaeaccessories,1.6/Patches/AmmoPackPatches.xml,"Defs/PawnKindDef[contains(weaponTags,'Gun') and not(specificApparelRequirements)]"
Vanilla Apparel Expanded — Accessories,vanillaexpanded.vaeaccessories,1.6/Patches/AmmoPackPatches.xml,"Defs/PawnKindDef[contains(weaponTags,'Gun') and specificApparelRequirements]/specificApparelRequirements"
Vanilla Apparel Expanded — Accessories,vanillaexpanded.vaeaccessories,1.6/Patches/QuiverPatches.xml,"Defs/PawnKindDef[(contains(weaponTags,'NeolithicRanged') or contains(weaponTags,'MedievalRanged')) and not(specificApparelRequirements)]"
Vanilla Apparel Expanded — Accessories,vanillaexpanded.vaeaccessories,1.6/Patches/QuiverPatches.xml,"Defs/PawnKindDef[(contains(weaponTags,'NeolithicRanged') or contains(weaponTags,'MedievalRanged')) and specificApparelRequirements]/specificApparelRequirements"
Vanilla Apparel Expanded — Accessories,vanillaexpanded.vaeaccessories,1.6/Patches/RoyaltyPatch.xml,"Defs/PawnKindDef[@Name=""ImperialFighterBase""]/apparelTags"
Vanilla Apparel Expanded — Accessories,vanillaexpanded.vaeaccessories,1.6/Patches/VanillaFactionsExpandedMedievalPatch.xml,"Defs/PawnKindDef[@Name=""VFEM_MedievalPawnKindBase""]/modExtensions/li[@Class=""VFECore.PawnKindDefExtension""]/factionColourApparelPartList"
Vanilla Apparel Expanded — Accessories,vanillaexpanded.vaeaccessories,1.6/Patches/VanillaFactionsExpandedMedievalPatch.xml,"Defs/PawnKindDef[@Name=""VFEM_MedievalPawnKindBase""]/modExtensions/li[@Class=""VFECore.PawnKindDefExtension""]/factionColourApparelLayerList"
Vanilla Brewing Expanded,vanillaexpanded.vbrewe,1.6/Patches/SchematicsPatch.xml,"/Defs/ThingDef[defName=""Schematic""]/comps/li[@Class=""CompProperties_Book""]/doers/li[@Class=""BookOutcomeProperties_GainResearch""]/tabs"
Vanilla Cooking Expanded,vanillaexpanded.vcooke,1.6/Patches/SchematicsPatch.xml,"Defs/ThingDef[defName=""Schematic""]/comps/li[@Class=""CompProperties_Book""]/doers/li[@Class=""BookOutcomeProperties_GainResearch""]/tabs"
Vanilla Cooking Expanded,vanillaexpanded.vcooke,1.6/Mods/AlphaAnimals/Patches/AlphaAnimalsPatch.xml,"Defs/ThingDef[defName= ""VCE_CheesePress""]/comps/li[@Class=""PipeSystem.CompProperties_AdvancedResourceProcessor""]/processes"
Vanilla Cooking Expanded,vanillaexpanded.vcooke,1.6/Mods/AlphaAnimals/Patches/AlphaAnimalsPatch.xml,"Defs/ThingDef[defName= ""VCE_Cheese""]/comps/li[@Class=""VEF.Things.CompProperties_LabelByIngredients""]/overrides"
Vanilla Cooking Expanded,vanillaexpanded.vcooke,1.6/Mods/VanillaGeneticsExpanded/Patches/VanillaGeneticsExpandedPatch.xml,"Defs/ThingDef[defName= ""VCE_CheesePress""]/comps/li[@Class=""PipeSystem.CompProperties_AdvancedResourceProcessor""]/processes"
Vanilla Cooking Expanded,vanillaexpanded.vcooke,1.6/Mods/VanillaGeneticsExpanded/Patches/VanillaGeneticsExpandedPatch.xml,"Defs/ThingDef[defName= ""VCE_Cheese""]/comps/li[@Class=""VEF.Things.CompProperties_LabelByIngredients""]/overrides"
Vanilla Factions Expanded - Insectoids 2,oskarpotocki.vfe.insectoid2,1.6/Patches/ChitinPatch.xml,"Defs/ThingDef[defName=""Megascarab""]/statBases/LeatherAmount"
Vanilla Factions Expanded - Insectoids 2,oskarpotocki.vfe.insectoid2,1.6/Patches/ChitinPatch.xml,"Defs/ThingDef[defName=""Spelopede""]/statBases/LeatherAmount"
Vanilla Factions Expanded - Insectoids 2,oskarpotocki.vfe.insectoid2,1.6/Patches/ChitinPatch.xml,"Defs/ThingDef[defName=""Megaspider""]/statBases/LeatherAmount"
Vanilla Factions Expanded - Insectoids 2,oskarpotocki.vfe.insectoid2,1.6/Patches/InsectoidBuildings.xml,"Defs/ThingDef[defName=""GlowPod""]/statBases"
Vanilla Factions Expanded - Insectoids 2,oskarpotocki.vfe.insectoid2,1.6/Patches/InsectoidBuildings.xml,"Defs/ThingDef[defName=""GlowPod""]/statBases/MarketValue"
Vanilla Factions Expanded - Insectoids 2,oskarpotocki.vfe.insectoid2,1.6/Patches/InsectoidBuildings.xml,"Defs/ThingDef[defName=""Hive""]/comps/li[@Class=""CompProperties_SpawnerPawn""]"
Vanilla Factions Expanded - Insectoids 2,oskarpotocki.vfe.insectoid2,1.6/Patches/InsectoidPawnKindDefPatch.xml,"Defs/PawnKindDef[@Name=""InsectKindBase""]/moveSpeedFactorByTerrainTag"
Vanilla Factions Expanded - Insectoids 2,oskarpotocki.vfe.insectoid2,1.6/Patches/MegaspiderMaturityPatch.xml,"Defs/ThingDef[defName=""Megaspider""]/race/lifeStageAges/li[1]/minAge"
Vanilla Factions Expanded - Insectoids 2,oskarpotocki.vfe.insectoid2,1.6/Patches/MegaspiderMaturityPatch.xml,"Defs/ThingDef[defName=""Megaspider""]/race/lifeStageAges/li[2]/minAge"
Vanilla Factions Expanded - Insectoids 2,oskarpotocki.vfe.insectoid2,1.6/Patches/Odyssey.xml,"Defs/ThingDef[defName=""VFEI2_ArtificialSorneHive""]/comps/li[@Class=""VFEInsectoids.CompProperties_Hive""]/insectTypes"
Vanilla Factions Expanded - Insectoids 2,oskarpotocki.vfe.insectoid2,1.6/Patches/Odyssey.xml,"Defs/PawnKindDef[defName=""VFEI2_Queen""]/label"
Vanilla Factions Expanded - Tribals,oskarpotocki.vfe.tribals,1.6/Patches/MeditationPatches.xml,"Defs/ThingDef[@Name=""TorchBase"" or defName=""TorchWallLamp"" or defName=""Campfire"" or defName=""Darktorch"" or defName=""DarktorchFungus"" or defName=""Brazier"" or defName=""DarklightBrazier"" or defName=""SanguphageMeetingTorch""]/comps/li[@Class=""CompProperties_MeditationFocus""]/offsets/li[@Class = ""FocusStrengthOffset_BuildingDefsLit""]/defs"
Vanilla Factions Expanded - Tribals,oskarpotocki.vfe.tribals,1.6/Patches/SchematicsPatch.xml,"/Defs/ThingDef[defName=""Schematic""]/comps/li[@Class=""CompProperties_Book""]/doers/li[@Class=""BookOutcomeProperties_GainResearch""]/tabs"
Vanilla Factions Expanded - Tribals,oskarpotocki.vfe.tribals,1.6/Patches/Mods/VanillaFurnitureExpanded.xml,"Defs/RitualOutcomeEffectDef[defName=""VFET_TribalGathering_Outcome""]/comps/li[@Class=""RitualOutcomeComp_RitualTargetDefs""]/defs"
Vanilla Furniture Expanded,vanillaexpanded.vfecore,1.6/Patches/Biotech.xml,"Defs/ThingDef[defName=""SchoolDesk""]/comps/li[@Class=""CompProperties_AffectedByFacilities""]/linkableFacilities"
Vanilla Furniture Expanded,vanillaexpanded.vfecore,1.6/Patches/Core.xml,"Defs/ThingDef[defName=""Armchair"" or defName=""Couch""]/comps/li[@Class = ""CompProperties_AffectedByFacilities""]"
Vanilla Furniture Expanded,vanillaexpanded.vfecore,1.6/Patches/Core.xml,"Defs/ThingDef[defName=""Armchair"" or defName=""Couch""]/comps/li[@Class = ""CompProperties_AffectedByFacilities""]/linkableFacilities"
Vanilla Furniture Expanded,vanillaexpanded.vfecore,1.6/Patches/Linkables_Patch.xml,"Defs/ThingDef[@Name = ""BasicBedBase"" or defName = ""HospitalBed"" or defName=""Bedroll"" or defName=""BedrollDouble""]/comps/li[@Class = ""CompProperties_AffectedByFacilities""]/linkableFacilities"
Vanilla Furniture Expanded,vanillaexpanded.vfecore,1.6/Patches/Linkables_Patch.xml,"Defs/ThingDef[defName = ""VFEM2_FurBed"" or defName = ""VFEM2_DoubleFurBed""]/comps/li[@Class = ""CompProperties_AffectedByFacilities""]/linkableFacilities"
Vanilla Furniture Expanded,vanillaexpanded.vfecore,1.6/Patches/Linkables_Patch.xml,"Defs/ThingDef[defName = ""SimpleResearchBench""]/comps/li[@Class = ""CompProperties_AffectedByFacilities""]/linkableFacilities"
Vanilla Furniture Expanded,vanillaexpanded.vfecore,1.6/Patches/Linkables_Patch.xml,"Defs/ThingDef[defName = ""SimpleResearchBench""]/comps/li[@Class = ""CompProperties_AffectedByFacilities""]/linkableFacilities"
Vanilla Furniture Expanded,vanillaexpanded.vfecore,1.6/Patches/Linkables_Patch.xml,"Defs/ThingDef[defName = ""HiTechResearchBench""]/comps/li[@Class = ""CompProperties_AffectedByFacilities""]/linkableFacilities"
Vanilla Furniture Expanded,vanillaexpanded.vfecore,1.6/Patches/Royalty.xml,"Defs/ThingDef[@Name=""TorchBase"" or defName=""TorchWallLamp"" or defName=""Campfire"" or defName=""Darktorch"" or defName=""DarktorchFungus"" or defName=""Brazier"" or defName=""DarklightBrazier"" or defName=""SanguphageMeetingTorch""]/comps/li[@Class=""CompProperties_MeditationFocus""]/offsets/li[@Class = ""FocusStrengthOffset_BuildingDefsLit""]/defs"
Vanilla Furniture Expanded,vanillaexpanded.vfecore,1.6/Patches/Royalty.xml,"Defs/ThingDef[defName=""Grave"" or defName=""Sarcophagus""]/comps/li[@Class=""CompProperties_MeditationFocus""]/offsets/li[@Class=""FocusStrengthOffset_NearbyGraves""]/defs"
Vanilla Furniture Expanded,vanillaexpanded.vfecore,1.6/Mods/Ideology/Patches/Ideology.xml,"Defs/RitualOutcomeEffectDef[defName=""CelebrationPartyDanceDrum""]/comps/li[@Class=""RitualOutcomeComp_RitualTargetDefs""]/defs"
Vanilla Furniture Expanded - Medical Module,vanillaexpanded.vfemedical,Patches/Linkables_Patch.xml,"Defs/ThingDef[defName = ""HospitalBed""]/comps/li[@Class = ""CompProperties_AffectedByFacilities""]/linkableFacilities"
Vanilla Furniture Expanded - Medical Module,vanillaexpanded.vfemedical,Patches/Linkables_Patch.xml,"*/ThingDef[defName = ""SimpleResearchBench""]/comps/li[@Class = ""CompProperties_AffectedByFacilities""]/linkableFacilities"
Vanilla Furniture Expanded - Medical Module,vanillaexpanded.vfemedical,Patches/Linkables_Patch.xml,"*/ThingDef[defName = ""HiTechResearchBench""]/comps/li[@Class = ""CompProperties_AffectedByFacilities""]/linkableFacilities"
Vanilla Furniture Expanded - Medical Module,vanillaexpanded.vfemedical,1.6/Patches/Linkables_Patch.xml,"Defs/ThingDef[defName = ""HospitalBed""]/comps/li[@Class = ""CompProperties_AffectedByFacilities""]/linkableFacilities"
Vanilla Furniture Expanded - Medical Module,vanillaexpanded.vfemedical,1.6/Patches/Linkables_Patch.xml,"Defs/ThingDef[defName = ""SimpleResearchBench""]/comps/li[@Class = ""CompProperties_AffectedByFacilities""]/linkableFacilities"
Vanilla Furniture Expanded - Medical Module,vanillaexpanded.vfemedical,1.6/Patches/Linkables_Patch.xml,"Defs/ThingDef[defName = ""SimpleResearchBench""]/comps/li[@Class = ""CompProperties_AffectedByFacilities""]/linkableFacilities"
Vanilla Furniture Expanded - Medical Module,vanillaexpanded.vfemedical,1.6/Patches/Linkables_Patch.xml,"Defs/ThingDef[defName = ""HiTechResearchBench""]/comps/li[@Class = ""CompProperties_AffectedByFacilities""]/linkableFacilities"
Vanilla Furniture Expanded - Production,vanillaexpanded.vfeproduction,1.6/Patches/Connections.xml,"/Defs/ThingDef[defName=""DrugLab""]/comps/li[@Class=""CompProperties_AffectedByFacilities""]/linkableFacilities"
Vanilla Furniture Expanded - Production,vanillaexpanded.vfeproduction,1.6/Patches/Connections.xml,"/Defs/ThingDef[defName=""TableMachining""]/comps/li[@Class=""CompProperties_AffectedByFacilities""]/linkableFacilities"
Vanilla Furniture Expanded - Production,vanillaexpanded.vfeproduction,1.6/Patches/Connections.xml,"/Defs/ThingDef[defName=""FueledSmithy"" or defName=""ElectricSmithy""]/comps/li[@Class=""CompProperties_AffectedByFacilities""]/linkableFacilities"
Vanilla Furniture Expanded - Production,vanillaexpanded.vfeproduction,1.6/Patches/Connections.xml,"/Defs/ThingDef[defName=""FueledStove"" or defName=""ElectricStove""]/comps/li[@Class=""CompProperties_AffectedByFacilities""]"
Vanilla Furniture Expanded - Production,vanillaexpanded.vfeproduction,1.6/Patches/Connections.xml,"/Defs/ThingDef[defName=""FueledStove"" or defName=""ElectricStove""]/comps/li[@Class=""CompProperties_AffectedByFacilities""]/linkableFacilities"
Vanilla Furniture Expanded - Production,vanillaexpanded.vfeproduction,1.6/Patches/Connections.xml,"/Defs/ThingDef[defName=""HandTailoringBench"" or defName=""ElectricTailoringBench""]/comps/li[@Class=""CompProperties_AffectedByFacilities""]/linkableFacilities"
Vanilla Furniture Expanded - Production,vanillaexpanded.vfeproduction,1.6/Patches/Connections.xml,"/Defs/ThingDef[defName=""FabricationBench""]/comps/li[@Class=""CompProperties_AffectedByFacilities""]/linkableFacilities"
Vanilla Furniture Expanded - Spacer Module,vanillaexpanded.vfespacer,1.6/Patches/Linkables_Patch.xml,"Defs/ThingDef[@Name = ""BasicBedBase""]/comps/li[@Class = ""CompProperties_AffectedByFacilities""]/linkableFacilities"
Vanilla Furniture Expanded - Spacer Module,vanillaexpanded.vfespacer,1.6/Patches/Linkables_Patch.xml,"Defs/ThingDef[defName = ""HospitalBed""]/comps/li[@Class = ""CompProperties_AffectedByFacilities""]/linkableFacilities"
Vanilla Furniture Expanded - Spacer Module,vanillaexpanded.vfespacer,1.6/Patches/Linkables_Patch.xml,"Defs/ThingDef[defName = ""Bedroll""]/comps/li[@Class = ""CompProperties_AffectedByFacilities""]/linkableFacilities"
Vanilla Furniture Expanded - Spacer Module,vanillaexpanded.vfespacer,1.6/Patches/Linkables_Patch.xml,"Defs/ThingDef[defName = ""BedrollDouble""]/comps/li[@Class = ""CompProperties_AffectedByFacilities""]/linkableFacilities"
Vanilla Furniture Expanded - Spacer Module,vanillaexpanded.vfespacer,1.6/Patches/Linkables_Patch.xml,"Defs/ThingDef[defName = ""Bed_Kingsize""]/comps/li[@Class = ""CompProperties_AffectedByFacilities""]/linkableFacilities"
Vanilla Furniture Expanded - Spacer Module,vanillaexpanded.vfespacer,1.6/Patches/Linkables_Patch.xml,"Defs/ThingDef[@Name = ""VFE_ChiseledBedBase""]/comps/li[@Class = ""CompProperties_AffectedByFacilities""]/linkableFacilities"
Vanilla Furniture Expanded - Spacer Module,vanillaexpanded.vfespacer,1.6/Patches/Linkables_Patch.xml,"Defs/ThingDef[@Name = ""VFE_SimpleBedBase""]/comps/li[@Class = ""CompProperties_AffectedByFacilities""]/linkableFacilities"
Vanilla Furniture Expanded - Spacer Module,vanillaexpanded.vfespacer,1.6/Patches/Linkables_Patch.xml,"Defs/ThingDef[@Name = ""VFE_ErgonomicBedBase""]/comps/li[@Class = ""CompProperties_AffectedByFacilities""]/linkableFacilities"
Vanilla Furniture Expanded - Spacer Module,vanillaexpanded.vfespacer,1.6/Patches/Linkables_Patch.xml,"Defs/ThingDef[defName=""TubeTelevision""]/comps/li[@Class = ""CompProperties_AffectedByFacilities""]"
Vanilla Furniture Expanded - Spacer Module,vanillaexpanded.vfespacer,1.6/Patches/Linkables_Patch.xml,"Defs/ThingDef[defName=""TubeTelevision""]/comps/li[@Class = ""CompProperties_AffectedByFacilities""]/linkableFacilities"
Vanilla Furniture Expanded - Spacer Module,vanillaexpanded.vfespacer,1.6/Patches/Linkables_Patch.xml,"Defs/ThingDef[defName=""FlatscreenTelevision""]/comps/li[@Class = ""CompProperties_AffectedByFacilities""]"
Vanilla Furniture Expanded - Spacer Module,vanillaexpanded.vfespacer,1.6/Patches/Linkables_Patch.xml,"Defs/ThingDef[defName=""FlatscreenTelevision""]/comps/li[@Class = ""CompProperties_AffectedByFacilities""]/linkableFacilities"
Vanilla Furniture Expanded - Spacer Module,vanillaexpanded.vfespacer,1.6/Patches/Linkables_Patch.xml,"Defs/ThingDef[defName = ""MegascreenTelevision""]/comps/li[@Class = ""CompProperties_AffectedByFacilities""]"
Vanilla Furniture Expanded - Spacer Module,vanillaexpanded.vfespacer,1.6/Patches/Linkables_Patch.xml,"Defs/ThingDef[defName = ""MegascreenTelevision""]/comps/li[@Class = ""CompProperties_AffectedByFacilities""]/linkableFacilities"
Vanilla Furniture Expanded - Spacer Module,vanillaexpanded.vfespacer,1.6/Patches/MegascreenTelevision.xml,"Defs/ThingDef[defName=""MegascreenTelevision""]/statBases/WorkToBuild"
Vanilla Gravship Expanded - Chapter 1,vanillaexpanded.gravship,1.6/Patches/GravFieldExtender.xml,"Defs/ThingDef[defName=""GravFieldExtender""]/comps/li[@Class=""CompProperties_SubstructureFootprint""]/radius"
Vanilla Gravship Expanded - Chapter 1,vanillaexpanded.gravship,1.6/Patches/GravFieldExtender.xml,"Defs/ThingDef[defName=""GravFieldExtender""]/comps/li[@Class=""CompProperties_GravshipFacility""]/statOffsets/SubstructureSupport"
Vanilla Gravship Expanded - Chapter 1,vanillaexpanded.gravship,1.6/Patches/GravFieldExtender.xml,"Defs/ThingDef[defName=""GravFieldExtender""]/comps/li[@Class=""CompProperties_GravshipFacility""]/maxSimultaneous"
Vanilla Gravship Expanded - Chapter 1,vanillaexpanded.gravship,1.6/Patches/GravFieldExtender.xml,"Defs/ThingDef[defName=""GravFieldExtender""]/comps/li[@Class=""CompProperties_GravshipFacility""]/maxDistance"
Vanilla Gravship Expanded - Chapter 1,vanillaexpanded.gravship,1.6/Patches/GravFieldExtender.xml,"Defs/ThingDef[defName=""GravFieldExtender""]/statBases"
Vanilla Gravship Expanded - Chapter 1,vanillaexpanded.gravship,1.6/Patches/GravshipLaunchRitual.xml,"Defs/RitualOutcomeEffectDef[defName=""GravshipLaunch""]/comps/li[@Class=""RitualOutcomeComp_GravshipFacilities""]/facilityQualityOffsets/li[key=""LargeThruster""]/value/text()"
Vanilla Gravship Expanded - Chapter 1,vanillaexpanded.gravship,1.6/Patches/GravshipLaunchRitual.xml,"Defs/RitualOutcomeEffectDef[defName=""GravshipLaunch""]/comps/li[@Class=""RitualOutcomeComp_ParticipantCount"" and label=""crew count""]/curve/points"
Vanilla Gravship Expanded - Chapter 1,vanillaexpanded.gravship,1.6/Patches/GravshipLaunchRitual.xml,"Defs/RitualOutcomeEffectDef[defName=""GravshipLaunch""]/comps/li[@Class=""RitualOutcomeComp_PawnStatScaled"" and roleId=""pilot""]/curve/points"
Vanilla Gravship Expanded - Chapter 1,vanillaexpanded.gravship,1.6/Patches/PilotConsole.xml,"Defs/ThingDef[defName=""PilotConsole""]/statBases"
Vanilla Gravship Expanded - Chapter 1,vanillaexpanded.gravship,1.6/Patches/SpaceBaseAbandon.xml,"/Defs/WorldObjectDef[@Name=""SpaceBase""]/comps/li[@Class=""WorldObjectCompProperties_Abandon""]"
Vanilla Gravship Expanded - Chapter 1,vanillaexpanded.gravship,1.6/Patches/VanillaAstrofuelOptimizer.xml,"Defs/ThingDef[defName=""FuelOptimizer""]/comps/li[@Class=""CompProperties_GravshipFacility""]/maxSimultaneous/text()"
Vanilla Gravship Expanded - Chapter 1,vanillaexpanded.gravship,1.6/Patches/VanillaAstrofuelOptimizer.xml,"Defs/ThingDef[defName=""FuelOptimizer""]/comps/li[@Class=""CompProperties_GravshipFacility""]/fuelSavingsPercent/text()"
Vanilla Gravship Expanded - Chapter 1,vanillaexpanded.gravship,1.6/Patches/VanillaAstrofuelOptimizer.xml,"Defs/ThingDef[defName=""FuelOptimizer""]/statBases"
Vanilla Gravship Expanded - Chapter 1,vanillaexpanded.gravship,1.6/Patches/VanillaChemfuelTanks.xml,"Defs/ThingDef[defName=""ChemfuelTank""]/comps/li[@Class=""CompProperties_Refuelable""]"
Vanilla Gravship Expanded - Chapter 1,vanillaexpanded.gravship,1.6/Patches/VanillaChemfuelTanks.xml,"Defs/ThingDef[defName=""ChemfuelTank""]/statBases"
Vanilla Gravship Expanded - Chapter 1,vanillaexpanded.gravship,1.6/Patches/VanillaChemfuelTanks.xml,"Defs/ThingDef[defName=""LargeChemfuelTank""]/comps/li[@Class=""CompProperties_Refuelable""]"
Vanilla Gravship Expanded - Chapter 1,vanillaexpanded.gravship,1.6/Patches/VanillaChemfuelTanks.xml,"Defs/ThingDef[defName=""LargeChemfuelTank""]/statBases"
Vanilla Gravship Expanded - Chapter 1,vanillaexpanded.gravship,1.6/Patches/VanillaChemfuelTanks.xml,"Defs/ThingDef[defName=""ChemfuelTank"" or defName=""LargeChemfuelTank""]/statBases/Flammability"
Vanilla Gravship Expanded - Chapter 1,vanillaexpanded.gravship,1.6/Patches/VanillaGravcorePowercell.xml,"Defs/ThingDef[defName=""GravcorePowerCell""]/statBases"
Vanilla Gravship Expanded - Chapter 1,vanillaexpanded.gravship,1.6/Patches/VanillaGravcorePowercell.xml,"Defs/ThingDef[defName=""GravcorePowerCell""]/statBases"
Vanilla Gravship Expanded - Chapter 1,vanillaexpanded.gravship,1.6/Patches/VanillaGravcorePowercell.xml,"Defs/ThingDef[defName=""GravcorePowerCell""]/comps/li[@Class=""CompProperties_Power""]"
Vanilla Gravship Expanded - Chapter 1,vanillaexpanded.gravship,1.6/Patches/VanillaGravEngineLinking.xml,"Defs/ThingDef[defName=""GravEngine""]/comps/li[@Class=""CompProperties_AffectedByFacilities""]/linkableFacilities"
Vanilla Gravship Expanded - Chapter 1,vanillaexpanded.gravship,1.6/Patches/VanillaGravEngineLinking.xml,"Defs/ThingDef[defName=""GravEngine""]/statBases"
Vanilla Gravship Expanded - Chapter 1,vanillaexpanded.gravship,1.6/Patches/VanillaGravEngineLinking.xml,"Defs/ThingDef[defName=""GravEngine""]/statBases/SubstructureSupport/text()"
Vanilla Gravship Expanded - Chapter 1,vanillaexpanded.gravship,1.6/Patches/VanillaGravEngineLinking.xml,"Defs/ThingDef[defName=""GravEngine""]/statBases/MarketValue/text()"
Vanilla Gravship Expanded - Chapter 1,vanillaexpanded.gravship,1.6/Patches/VanillaGravEngineLinking.xml,"Defs/ThingDef[defName=""GravEngine""]/comps/li[@Class=""CompProperties_SubstructureFootprint""]/radius/text()"
Vanilla Gravship Expanded - Chapter 1,vanillaexpanded.gravship,1.6/Patches/VanillaOxygenPump.xml,"Defs/ThingDef[defName=""OxygenPump""]/comps/li[@Class=""CompProperties_OxygenPusher""]"
Vanilla Gravship Expanded - Chapter 1,vanillaexpanded.gravship,1.6/Patches/VanillaOxygenPump.xml,"Defs/ThingDef[defName=""OxygenPump""]/comps/li[@Class=""CompProperties_LowPowerUnlessVacuum""]"
Vanilla Gravship Expanded - Chapter 1,vanillaexpanded.gravship,1.6/Patches/VanillaQuestPatches.xml,"Defs/StorytellerDef[@Name=""BaseStoryteller""]/comps/li[@Class=""StorytellerCompProperties_ImportantQuest""]"
Vanilla Gravship Expanded - Chapter 1,vanillaexpanded.gravship,1.6/Patches/VanillaThrusters.xml,"Defs/ThingDef[defName=""SmallThruster""]/comps/li[@Class=""CompProperties_GravshipThruster""]/statOffsets/GravshipRange/text()"
Vanilla Gravship Expanded - Chapter 1,vanillaexpanded.gravship,1.6/Patches/VanillaThrusters.xml,"Defs/ThingDef[defName=""SmallThruster""]/comps/li[@Class=""CompProperties_GravshipThruster""]/maxSimultaneous/text()"
Vanilla Gravship Expanded - Chapter 1,vanillaexpanded.gravship,1.6/Patches/VanillaThrusters.xml,"Defs/ThingDef[defName=""SmallThruster""]/statBases"
Vanilla Gravship Expanded - Chapter 1,vanillaexpanded.gravship,1.6/Patches/VanillaThrusters.xml,"Defs/ThingDef[defName=""LargeThruster""]/comps/li[@Class=""CompProperties_GravshipThruster""]/statOffsets/GravshipRange/text()"
Vanilla Gravship Expanded - Chapter 1,vanillaexpanded.gravship,1.6/Patches/VanillaThrusters.xml,"Defs/ThingDef[defName=""LargeThruster""]/statBases"
Vanilla Helixien Gas Expanded,vanillaexpanded.helixiengas,1.6/Patches/VFEProductionPatch.xml,"/Defs/ThingDef[defName = ""VHGE_GasPoweredSmithy""]/comps/li[@Class=""CompProperties_AffectedByFacilities""]/linkableFacilities"
Vanilla Plants Expanded - Succulents,vanillaexpanded.vplantsesucculents,1.6/Patches/AlphaBiomesPatch.xml,"/Defs/BiomeDef[defName = ""AB_GallatrossGraveyard""]/wildPlants"
Vanilla Plants Expanded - Succulents,vanillaexpanded.vplantsesucculents,1.6/Patches/BiomesPatch.xml,"/Defs/BiomeDef[defName = ""AridShrubland""]/wildPlants"
Vanilla Plants Expanded - Succulents,vanillaexpanded.vplantsesucculents,1.6/Patches/BiomesPatch.xml,"/Defs/BiomeDef[defName = ""Desert""]/wildPlants"
Vanilla Plants Expanded - Succulents,vanillaexpanded.vplantsesucculents,1.6/Patches/BiomesPatch.xml,"/Defs/BiomeDef[defName = ""ExtremeDesert""]/wildPlants"
Vanilla Plants Expanded - Succulents,vanillaexpanded.vplantsesucculents,1.6/Patches/BiomesPatch.xml,"/Defs/BiomeDef[defName = ""TropicalRainforest""]/wildPlants"
Vanilla Plants Expanded - Succulents,vanillaexpanded.vplantsesucculents,1.6/Patches/BiomesPatch.xml,"/Defs/BiomeDef[defName = ""TropicalSwamp""]/wildPlants"
Vanilla Plants Expanded - Succulents,vanillaexpanded.vplantsesucculents,1.6/Patches/BiomesPatch.xml,"/Defs/BiomeDef[defName = ""ExtremeDesert""]/wildPlants"
Vanilla Quests Expanded - Cryptoforge,vanillaquestsexpanded.cryptoforge,1.6/Patches/ChitinPatch.xml,"Defs/ThingDef[defName=""VQE_IceCrawler""]/statBases/LeatherAmount"
Vanilla Quests Expanded - Cryptoforge,vanillaquestsexpanded.cryptoforge,1.6/Patches/ChitinPatch.xml,"Defs/ThingDef[defName=""VQE_Megamidge""]/statBases/LeatherAmount"
Vanilla Weapons Expanded,vanillaexpanded.vwe,1.6/Mods/Odyssey/Patches/UniqueWeaponsPatch_Odyssey.xml,"Defs/ThingDef[defName = ""Gun_Revolver_Unique""]/comps/li[@Class=""CompProperties_UniqueWeapon""]/weaponCategories"
Vanilla Weapons Expanded,vanillaexpanded.vwe,1.6/Mods/Odyssey/Patches/UniqueWeaponsPatch_Odyssey.xml,"Defs/ThingDef[defName = ""Gun_ChainShotgun_Unique""]/comps/li[@Class=""CompProperties_UniqueWeapon""]/weaponCategories"
Vanilla Weapons Expanded,vanillaexpanded.vwe,1.6/Mods/Odyssey/Patches/UniqueWeaponsPatch_Odyssey.xml,"Defs/ThingDef[defName = ""Gun_HeavySMG_Unique""]/comps/li[@Class=""CompProperties_UniqueWeapon""]/weaponCategories"
Vanilla Weapons Expanded,vanillaexpanded.vwe,1.6/Mods/Odyssey/Patches/UniqueWeaponsPatch_Odyssey.xml,"Defs/ThingDef[defName = ""Gun_AssaultRifle_Unique""]/comps/li[@Class=""CompProperties_UniqueWeapon""]/weaponCategories"
Vanilla Weapons Expanded,vanillaexpanded.vwe,1.6/Mods/Odyssey/Patches/UniqueWeaponsPatch_Odyssey.xml,"Defs/ThingDef[defName = ""Gun_ChargeRifle_Unique""]/comps/li[@Class=""CompProperties_UniqueWeapon""]/weaponCategories"
Vanilla Weapons Expanded,vanillaexpanded.vwe,1.6/Mods/Odyssey/Patches/UniqueWeaponsPatch_Odyssey.xml,"Defs/ThingDef[defName = ""Gun_ChargeLance_Unique""]/comps/li[@Class=""CompProperties_UniqueWeapon""]/weaponCategories"
Vanilla Weapons Expanded,vanillaexpanded.vwe,1.6/Mods/Odyssey/Patches/UniqueWeaponsPatch_Odyssey.xml,"Defs/ThingDef[defName = ""Gun_LMG_Unique""]/comps/li[@Class=""CompProperties_UniqueWeapon""]/weaponCategories"
Vanilla Weapons Expanded,vanillaexpanded.vwe,1.6/Mods/Odyssey/Patches/UniqueWeaponsPatch_Odyssey.xml,"Defs/ThingDef[defName = ""Gun_Minigun_Unique""]/comps/li[@Class=""CompProperties_UniqueWeapon""]/weaponCategories"
Vanilla Weapons Expanded,vanillaexpanded.vwe,1.6/Mods/Odyssey/Patches/UniqueWeaponsPatch_Odyssey.xml,"Defs/ThingDef[defName = ""Gun_SniperRifle_Unique""]/comps/li[@Class=""CompProperties_UniqueWeapon""]/weaponCategories"
Vanilla Weapons Expanded,vanillaexpanded.vwe,1.6/Mods/Odyssey/Patches/UniqueWeaponsPatch_Odyssey.xml,"Defs/ThingDef[defName = ""Gun_HellcatRifle_Unique""]/comps/li[@Class=""CompProperties_UniqueWeapon""]/weaponCategories"
Vanilla Weapons Expanded - Makeshift,vanillaexpanded.vwems,Patches/WeaponTags.xml,"Defs/PawnKindDef[defName=""Scavenger""]/weaponTags"
Vanilla Weapons Expanded - Makeshift,vanillaexpanded.vwems,1.6/Patches/VanillaFactionsExpandedPiratesPatch.xml,"Defs/PawnKindDef[defName=""VFEP_Scrapper""]/weaponTags"
Wall Mounted Turrets Version 2,honeybadger.wallmountedturretsversiontwo,1.6/ModCompatability/RTP/Patches/WMT.xml,"/Defs/ThingDef[defName=""WallMiniTurret""]/comps/li[@Class=""CompProperties_Refuelable""]/fuelFilter/thingDefs/li"
Wall Mounted Turrets Version 2,honeybadger.wallmountedturretsversiontwo,1.6/ModCompatability/RTP/Patches/WMT.xml,"/Defs/ThingDef[defName=""WallFireTurret""]/comps/li[@Class=""CompProperties_Refuelable""]/fuelFilter/thingDefs/li"
Wall Mounted Turrets Version 2,honeybadger.wallmountedturretsversiontwo,1.6/ModCompatability/RTP/Patches/WMT.xml,"/Defs/ThingDef[defName=""WallRocketTurret""]/comps/li[@Class=""CompProperties_Refuelable""]/fuelFilter/thingDefs/li"
Wall Mounted Turrets Version 2,honeybadger.wallmountedturretsversiontwo,1.6/ModCompatability/RTP/Patches/WMT.xml,"/Defs/ThingDef[defName=""WallMinigunTurret""]/comps/li[@Class=""CompProperties_Refuelable""]/fuelFilter/thingDefs/li"
Wall Mounted Turrets Version 2,honeybadger.wallmountedturretsversiontwo,1.6/ModCompatability/RTP/Patches/WMT.xml,"/Defs/ThingDef[defName=""WallChargeTurret""]/comps/li[@Class=""CompProperties_Refuelable""]/fuelFilter/thingDefs/li"
Wall Mounted Turrets Version 2,honeybadger.wallmountedturretsversiontwo,1.6/ModCompatability/RTP/Patches/WMT.xml,"/Defs/ThingDef[defName=""WallShotgunTurret""]/comps/li[@Class=""CompProperties_Refuelable""]/fuelFilter/thingDefs/li"
Wall Mounted Turrets Version 2,honeybadger.wallmountedturretsversiontwo,1.6/ModCompatability/RTP/Patches/WMT.xml,"/Defs/ThingDef[defName=""WallSniperTurret""]/comps/li[@Class=""CompProperties_Refuelable""]/fuelFilter/thingDefs/li"
Wall Mounted Turrets Version 2,honeybadger.wallmountedturretsversiontwo,1.6/ModCompatability/RTP/Patches/WMT.xml,"/Defs/ThingDef[defName=""WallStunTurret""]/comps/li[@Class=""CompProperties_Refuelable""]/fuelFilter/thingDefs/li"
Wall Mounted Turrets Version 2,honeybadger.wallmountedturretsversiontwo,1.6/ModCompatability/RTP/Patches/WMT.xml,"/Defs/ThingDef[defName=""WallEMPTurret""]/comps/li[@Class=""CompProperties_Refuelable""]/fuelFilter/thingDefs/li"
Wall Mounted Turrets Version 2,honeybadger.wallmountedturretsversiontwo,1.6/ModCompatability/RTP/Patches/WMT.xml,"/Defs/ThingDef[defName=""WallChargeShotgunTurret""]/comps/li[@Class=""CompProperties_Refuelable""]/fuelFilter/thingDefs/li"
Wall Mounted Turrets Version 2,honeybadger.wallmountedturretsversiontwo,1.6/ModCompatability/RTP/Patches/WMT.xml,"/Defs/ThingDef[defName=""WallChargeSniperTurret""]/comps/li[@Class=""CompProperties_Refuelable""]/fuelFilter/thingDefs/li"
Wall Mounted Turrets Version 2,honeybadger.wallmountedturretsversiontwo,1.6/ModCompatability/RTP/Patches/WMT.xml,"/Defs/ThingDef[defName=""WallChargeMinigunTurret""]/comps/li[@Class=""CompProperties_Refuelable""]/fuelFilter/thingDefs/li"
Wall Mounted Turrets Version 2,honeybadger.wallmountedturretsversiontwo,1.6/ModCompatability/RTP/Patches/WMT.xml,"/Defs/ThingDef[defName=""WallFoamTurret""]/comps/li[@Class=""CompProperties_Refuelable""]/fuelFilter/thingDefs/li"
Wall Mounted Turrets Version 2,honeybadger.wallmountedturretsversiontwo,1.6/ModCompatability/RTP/Patches/WMT.xml,"/Defs/ThingDef[defName=""WallToxBombTurret""]/comps/li[@Class=""CompProperties_Refuelable""]/fuelFilter/thingDefs/li"
Wirehead Style,tleno.wireheadstyle,1.6/Patches/DarktorchPatch.xml,"/Defs/ThingDef[defName = ""Darktorch""]/comps/li[@Class = ""CompProperties_Styleable""]"
Xenotype Spawn Control,bs.xenotypespawncontrol,Patches/XenotypeSpawnControlModExtension.xml,"/Defs/PawnKindDef[defName=""StrangerInBlack""]"
Alpha Animals,sarg.alphaanimals,1.6/Patches/AdvancedBiomesPatch.xml,"/Defs/ThingDef[defName=""AA_Aerofleet""]/race/wildBiomes"
Alpha Animals,sarg.alphaanimals,1.6/Patches/AdvancedBiomesPatch.xml,"/Defs/ThingDef[defName=""AA_AnimusVox""]/race/wildBiomes"
Alpha Animals,sarg.alphaanimals,1.6/Patches/AdvancedBiomesPatch.xml,"/Defs/ThingDef[defName=""AA_Barbslinger""]/race/wildBiomes"
Alpha Animals,sarg.alphaanimals,1.6/Patches/AdvancedBiomesPatch.xml,"/Defs/ThingDef[defName=""AA_BedBug""]/race/wildBiomes"
Alpha Animals,sarg.alphaanimals,1.6/Patches/AdvancedBiomesPatch.xml,"/Defs/ThingDef[defName=""AA_BloodShrimp""]/race/wildBiomes"
Alpha Animals,sarg.alphaanimals,1.6/Patches/AdvancedBiomesPatch.xml,"/Defs/ThingDef[defName=""AA_BoulderMit""]/race/wildBiomes"
Alpha Animals,sarg.alphaanimals,1.6/Patches/AdvancedBiomesPatch.xml,"/Defs/ThingDef[defName=""AA_Bumbledrone""]/race/wildBiomes"
Alpha Animals,sarg.alphaanimals,1.6/Patches/AdvancedBiomesPatch.xml,"/Defs/ThingDef[defName=""AA_Cinderlisk""]/race/wildBiomes"
Alpha Animals,sarg.alphaanimals,1.6/Patches/AdvancedBiomesPatch.xml,"/Defs/ThingDef[defName=""AA_CrystalMit""]/race/wildBiomes"
Alpha Animals,sarg.alphaanimals,1.6/Patches/AdvancedBiomesPatch.xml,"/Defs/ThingDef[defName=""AA_DecayDrake""]/race/wildBiomes"
Alpha Animals,sarg.alphaanimals,1.6/Patches/AdvancedBiomesPatch.xml,"/Defs/ThingDef[defName=""AA_Feralisk""]/race/wildBiomes"
Alpha Animals,sarg.alphaanimals,1.6/Patches/AdvancedBiomesPatch.xml,"/Defs/ThingDef[defName=""AA_FissionMouse""]/race/wildBiomes"
Alpha Animals,sarg.alphaanimals,1.6/Patches/AdvancedBiomesPatch.xml,"/Defs/ThingDef[defName=""AA_GreatDevourer""]/race/wildBiomes"
Alpha Animals,sarg.alphaanimals,1.6/Patches/AdvancedBiomesPatch.xml,"/Defs/ThingDef[defName=""AA_Groundrunner""]/race/wildBiomes"
Alpha Animals,sarg.alphaanimals,1.6/Patches/AdvancedBiomesPatch.xml,"/Defs/ThingDef[defName=""AA_Helixien""]/race/wildBiomes"
Alpha Animals,sarg.alphaanimals,1.6/Patches/AdvancedBiomesPatch.xml,"/Defs/ThingDef[defName=""AA_MammothWorm""]/race/wildBiomes"
Alpha Animals,sarg.alphaanimals,1.6/Patches/AdvancedBiomesPatch.xml,"/Defs/ThingDef[defName=""AA_MeadowAve""]/race/wildBiomes"
Alpha Animals,sarg.alphaanimals,1.6/Patches/AdvancedBiomesPatch.xml,"/Defs/ThingDef[defName=""AA_MegaLouse""]/race/wildBiomes"
Alpha Animals,sarg.alphaanimals,1.6/Patches/AdvancedBiomesPatch.xml,"/Defs/ThingDef[defName=""AA_Needlepost""]/race/wildBiomes"
Alpha Animals,sarg.alphaanimals,1.6/Patches/AdvancedBiomesPatch.xml,"/Defs/ThingDef[defName=""AA_Needleroll""]/race/wildBiomes"
Alpha Animals,sarg.alphaanimals,1.6/Patches/AdvancedBiomesPatch.xml,"/Defs/ThingDef[defName=""AA_Nightling""]/race/wildBiomes"
Alpha Animals,sarg.alphaanimals,1.6/Patches/AdvancedBiomesPatch.xml,"/Defs/ThingDef[defName=""AA_OvergrownColossus""]/race/wildBiomes"
Alpha Animals,sarg.alphaanimals,1.6/Patches/AdvancedBiomesPatch.xml,"/Defs/ThingDef[defName=""AA_OcularJelly""]/race/wildBiomes"
Alpha Animals,sarg.alphaanimals,1.6/Patches/AdvancedBiomesPatch.xml,"/Defs/ThingDef[defName=""AA_PebbleMit""]/race/wildBiomes"
Alpha Animals,sarg.alphaanimals,1.6/Patches/AdvancedBiomesPatch.xml,"/Defs/ThingDef[defName=""AA_Razorjack""]/race/wildBiomes"
Alpha Animals,sarg.alphaanimals,1.6/Patches/AdvancedBiomesPatch.xml,"/Defs/ThingDef[defName=""AA_RipperHound""]/race/wildBiomes"
Alpha Animals,sarg.alphaanimals,1.6/Patches/AdvancedBiomesPatch.xml,"/Defs/ThingDef[defName=""AA_RoughPlatedMonitor""]/race/wildBiomes"
Alpha Animals,sarg.alphaanimals,1.6/Patches/AdvancedBiomesPatch.xml,"/Defs/ThingDef[defName=""AA_SandSquid""]/race/wildBiomes"
Alpha Animals,sarg.alphaanimals,1.6/Patches/AdvancedBiomesPatch.xml,"/Defs/ThingDef[defName=""AA_ShockGoat""]/race/wildBiomes"
Alpha Animals,sarg.alphaanimals,1.6/Patches/AdvancedBiomesPatch.xml,"/Defs/ThingDef[defName=""AA_Slurrypede""]/race/wildBiomes"
Alpha Animals,sarg.alphaanimals,1.6/Patches/AdvancedBiomesPatch.xml,"/Defs/ThingDef[defName=""AA_Swarmling""]/race/wildBiomes"
Alpha Animals,sarg.alphaanimals,1.6/Patches/AdvancedBiomesPatch.xml,"/Defs/ThingDef[defName=""AA_TetraSlug""]/race/wildBiomes"
Alpha Animals,sarg.alphaanimals,1.6/Patches/AdvancedBiomesPatch.xml,"/Defs/ThingDef[defName=""AA_Thermadon""]/race/wildBiomes"
Alpha Animals,sarg.alphaanimals,1.6/Patches/AdvancedBiomesPatch.xml,"/Defs/ThingDef[defName=""AA_Wildpod""]/race/wildBiomes"
Alpha Animals,sarg.alphaanimals,1.6/Patches/AdvancedBiomesPatch.xml,"/Defs/ThingDef[defName=""AA_Wildpawn""]/race/wildBiomes"
Alpha Animals,sarg.alphaanimals,1.6/Patches/AlphaBiomesPatch.xml,"/Defs/ThingDef[defName=""AA_Aerofleet""]/race/wildBiomes"
Alpha Animals,sarg.alphaanimals,1.6/Patches/AlphaBiomesPatch.xml,"/Defs/ThingDef[defName=""AA_Agaripawn""]/race/wildBiomes"
Alpha Animals,sarg.alphaanimals,1.6/Patches/AlphaBiomesPatch.xml,"/Defs/ThingDef[defName=""AA_Agaripod""]/race/wildBiomes"
Alpha Animals,sarg.alphaanimals,1.6/Patches/AlphaBiomesPatch.xml,"/Defs/ThingDef[defName=""AA_AnimaColossus""]/race/wildBiomes"
Alpha Animals,sarg.alphaanimals,1.6/Patches/AlphaBiomesPatch.xml,"/Defs/ThingDef[defName=""AA_AnimusVox""]/race/wildBiomes"
Alpha Animals,sarg.alphaanimals,1.6/Patches/AlphaBiomesPatch.xml,"/Defs/ThingDef[defName=""AA_ArcticLion""]/race/wildBiomes"
Alpha Animals,sarg.alphaanimals,1.6/Patches/AlphaBiomesPatch.xml,"/Defs/ThingDef[defName=""AA_Barbslinger""]/race/wildBiomes"
Alpha Animals,sarg.alphaanimals,1.6/Patches/AlphaBiomesPatch.xml,"/Defs/ThingDef[defName=""AA_Blizzarisk""]/race/wildBiomes"
Alpha Animals,sarg.alphaanimals,1.6/Patches/AlphaBiomesPatch.xml,"/Defs/ThingDef[defName=""AA_BloodShrimp""]/race/wildBiomes"
Alpha Animals,sarg.alphaanimals,1.6/Patches/AlphaBiomesPatch.xml,"/Defs/ThingDef[defName=""AA_BoulderMit""]/race/wildBiomes"
Alpha Animals,sarg.alphaanimals,1.6/Patches/AlphaBiomesPatch.xml,"/Defs/ThingDef[defName=""AA_Bumbledrone""]/race/wildBiomes"
Alpha Animals,sarg.alphaanimals,1.6/Patches/AlphaBiomesPatch.xml,"/Defs/ThingDef[defName=""AA_Cactipine""]/race/wildBiomes"
Alpha Animals,sarg.alphaanimals,1.6/Patches/AlphaBiomesPatch.xml,"/Defs/ThingDef[defName=""AA_Cinderlisk""]/race/wildBiomes"
Alpha Animals,sarg.alphaanimals,1.6/Patches/AlphaBiomesPatch.xml,"/Defs/ThingDef[defName=""AA_CrepuscularBeetle""]/race/wildBiomes"
Alpha Animals,sarg.alphaanimals,1.6/Patches/AlphaBiomesPatch.xml,"/Defs/ThingDef[defName=""AA_CrescendoAnole""]/race/wildBiomes"
Alpha Animals,sarg.alphaanimals,1.6/Patches/AlphaBiomesPatch.xml,"/Defs/ThingDef[defName=""AA_CrystallineCaracal""]/race/wildBiomes"
Alpha Animals,sarg.alphaanimals,1.6/Patches/AlphaBiomesPatch.xml,"/Defs/ThingDef[defName=""AA_CrystalMit""]/race/wildBiomes"
Alpha Animals,sarg.alphaanimals,1.6/Patches/AlphaBiomesPatch.xml,"/Defs/ThingDef[defName=""AA_DecayDrake""]/race/wildBiomes"
Alpha Animals,sarg.alphaanimals,1.6/Patches/AlphaBiomesPatch.xml,"/Defs/ThingDef[defName=""AA_Dunealisk""]/race/wildBiomes"
Alpha Animals,sarg.alphaanimals,1.6/Patches/AlphaBiomesPatch.xml,"/Defs/ThingDef[defName=""AA_Erin""]/race/wildBiomes"
Alpha Animals,sarg.alphaanimals,1.6/Patches/AlphaBiomesPatch.xml,"/Defs/ThingDef[defName=""AA_Feralisk""]/race/wildBiomes"
Alpha Animals,sarg.alphaanimals,1.6/Patches/AlphaBiomesPatch.xml,"/Defs/ThingDef[defName=""AA_FissionMouse""]/race/wildBiomes"
Alpha Animals,sarg.alphaanimals,1.6/Patches/AlphaBiomesPatch.xml,"/Defs/ThingDef[defName=""AA_Frostmite""]/race/wildBiomes"
Alpha Animals,sarg.alphaanimals,1.6/Patches/AlphaBiomesPatch.xml,"/Defs/ThingDef[defName=""AA_Gigantelope""]/race/wildBiomes"
Alpha Animals,sarg.alphaanimals,1.6/Patches/AlphaBiomesPatch.xml,"/Defs/ThingDef[defName=""AA_GreatDevourer""]/race/wildBiomes"
Alpha Animals,sarg.alphaanimals,1.6/Patches/AlphaBiomesPatch.xml,"/Defs/ThingDef[defName=""AA_GreyCoatedMouflon""]/race/wildBiomes"
Alpha Animals,sarg.alphaanimals,1.6/Patches/AlphaBiomesPatch.xml,"/Defs/ThingDef[defName=""AA_Helixien""]/race/wildBiomes"
Alpha Animals,sarg.alphaanimals,1.6/Patches/AlphaBiomesPatch.xml,"/Defs/ThingDef[defName=""AA_LarvalAtispec""]/race/wildBiomes"
Alpha Animals,sarg.alphaanimals,1.6/Patches/AlphaBiomesPatch.xml,"/Defs/ThingDef[defName=""AA_Lockjaw""]/race/wildBiomes"
Alpha Animals,sarg.alphaanimals,1.6/Patches/AlphaBiomesPatch.xml,"/Defs/ThingDef[defName=""AA_MammothWorm""]/race/wildBiomes"
Alpha Animals,sarg.alphaanimals,1.6/Patches/AlphaBiomesPatch.xml,"/Defs/ThingDef[defName=""AA_Mantrap""]/race/wildBiomes"
Alpha Animals,sarg.alphaanimals,1.6/Patches/AlphaBiomesPatch.xml,"/Defs/ThingDef[defName=""AA_NightAve""]/race/wildBiomes"
Alpha Animals,sarg.alphaanimals,1.6/Patches/AlphaBiomesPatch.xml,"/Defs/ThingDef[defName=""AA_Nightling""]/race/wildBiomes"
Alpha Animals,sarg.alphaanimals,1.6/Patches/AlphaBiomesPatch.xml,"/Defs/ThingDef[defName=""AA_OcularJelly""]/race/wildBiomes"
Alpha Animals,sarg.alphaanimals,1.6/Patches/AlphaBiomesPatch.xml,"/Defs/ThingDef[defName=""AA_OvergrownColossus""]/race/wildBiomes"
Alpha Animals,sarg.alphaanimals,1.6/Patches/AlphaBiomesPatch.xml,"/Defs/ThingDef[defName=""AA_PebbleMit""]/race/wildBiomes"
Alpha Animals,sarg.alphaanimals,1.6/Patches/AlphaBiomesPatch.xml,"/Defs/ThingDef[defName=""AA_Plasmorph""]/race/wildBiomes"
Alpha Animals,sarg.alphaanimals,1.6/Patches/AlphaBiomesPatch.xml,"/Defs/ThingDef[defName=""AA_RaptorShrimp""]/race/wildBiomes"
Alpha Animals,sarg.alphaanimals,1.6/Patches/AlphaBiomesPatch.xml,"/Defs/ThingDef[defName=""AA_Razorjack""]/race/wildBiomes"
Alpha Animals,sarg.alphaanimals,1.6/Patches/AlphaBiomesPatch.xml,"/Defs/ThingDef[defName=""AA_RipperHound""]/race/wildBiomes"
Alpha Animals,sarg.alphaanimals,1.6/Patches/AlphaBiomesPatch.xml,"/Defs/ThingDef[defName=""AA_RoughPlatedMonitor""]/race/wildBiomes"
Alpha Animals,sarg.alphaanimals,1.6/Patches/AlphaBiomesPatch.xml,"/Defs/ThingDef[defName=""AA_Slurrypede""]/race/wildBiomes"
Alpha Animals,sarg.alphaanimals,1.6/Patches/AlphaBiomesPatch.xml,"/Defs/ThingDef[defName=""AA_Swarmling""]/race/wildBiomes"
Alpha Animals,sarg.alphaanimals,1.6/Patches/AlphaBiomesPatch.xml,"/Defs/ThingDef[defName=""AA_TetraSlug""]/race/wildBiomes"
Alpha Animals,sarg.alphaanimals,1.6/Patches/AlphaBiomesPatch.xml,"/Defs/ThingDef[defName=""AA_Thunderbeast""]/race/wildBiomes"
Alpha Animals,sarg.alphaanimals,1.6/Patches/AlphaBiomesPatch.xml,"/Defs/ThingDef[defName=""AA_Wildpawn""]/race/wildBiomes"
Alpha Animals,sarg.alphaanimals,1.6/Patches/AlphaBiomesPatch.xml,"/Defs/ThingDef[defName=""AA_Wildpod""]/race/wildBiomes"
Alpha Animals,sarg.alphaanimals,1.6/Patches/AlphaBiomesPatch.xml,"/Defs/ThingDef[defName=""AA_Thermadon""]/race/wildBiomes"
Alpha Animals,sarg.alphaanimals,1.6/Patches/AlphaBiomesPatch.xml,"/Defs/ThingDef[defName=""AA_ChemfuelMyrmidon""]/race/wildBiomes"
Alpha Animals,sarg.alphaanimals,1.6/Patches/AlphaBiomesPatch.xml,"/Defs/ThingDef[defName=""AA_Metallovore""]/race/wildBiomes"
Alpha Animals,sarg.alphaanimals,1.6/Patches/AlphaBiomesPatch.xml,"/Defs/ThingDef[defName=""AA_AcanthamoebaGiganteaSmall""]/race/wildBiomes"
Alpha Animals,sarg.alphaanimals,1.6/Patches/AlphaBiomesPatch.xml,"/Defs/ThingDef[defName=""AA_Drainer""]/race/wildBiomes"
Alpha Animals,sarg.alphaanimals,1.6/Patches/AlphaBiomesPatch.xml,"/Defs/ThingDef[defName=""AA_DrainerLarva""]/race/wildBiomes"
Alpha Animals,sarg.alphaanimals,1.6/Patches/AlphaBiomesPatch.xml,"/Defs/ThingDef[defName=""AA_PhoenixOwlcat""]/race/wildBiomes"
Alpha Animals,sarg.alphaanimals,1.6/Patches/AlphaBiomesPatch.xml,"/Defs/ThingDef[defName=""AA_SandProwler""]/race/wildBiomes"
Alpha Animals,sarg.alphaanimals,1.6/Patches/AlphaBiomesPatch.xml,"/Defs/ThingDef[defName=""AA_FlamingoPhoenix""]/race/wildBiomes"
Alpha Animals,sarg.alphaanimals,1.6/Patches/AlphaBiomesPatch.xml,"/Defs/ThingDef[defName=""AA_Terramorph""]/race/wildBiomes"
Alpha Animals,sarg.alphaanimals,1.6/Patches/AlphaBiomesPatch.xml,"/Defs/ThingDef[defName=""AA_WindBeast""]/race/wildBiomes"
Alpha Animals,sarg.alphaanimals,1.6/Patches/AlphaBiomesPatch.xml,"/Defs/ThingDef[defName=""AA_LuciferBug""]/race/wildBiomes"
Alpha Animals,sarg.alphaanimals,1.6/Patches/AlphaBiomesPatch.xml,"/Defs/ThingDef[defName=""AA_PedigreedRaptor""]/race/wildBiomes"
Alpha Animals,sarg.alphaanimals,1.6/Patches/AlphaBiomesPatch.xml,"/Defs/ThingDef[defName=""AA_Skiphound""]/race/wildBiomes"
Alpha Animals,sarg.alphaanimals,1.6/Patches/AlphaBiomesPatch.xml,"/Defs/ThingDef[defName=""AA_Darkbeast""]/race/wildBiomes"
Alpha Animals,sarg.alphaanimals,1.6/Patches/AlphaBiomesPatch.xml,"/Defs/ThingDef[defName=""AA_Genix""]/race/wildBiomes"
Alpha Animals,sarg.alphaanimals,1.6/Patches/AlphaBiomesPatch.xml,"/Defs/ThingDef[defName=""AA_FrostLynx""]/race/wildBiomes"
Alpha Animals,sarg.alphaanimals,1.6/Patches/AlphaBiomesPatch.xml,"/Defs/ThingDef[defName=""AA_DarkVandal""]/race/wildBiomes"
Alpha Animals,sarg.alphaanimals,1.6/Patches/AlphaBiomesPatch.xml,"/Defs/ThingDef[defName=""AA_DuskProwler""]/race/wildBiomes"
Alpha Animals,sarg.alphaanimals,1.6/Patches/AlphaBiomesPatch.xml,"/Defs/ThingDef[defName=""AA_Murkling""]/race/wildBiomes"
Alpha Animals,sarg.alphaanimals,1.6/Patches/AlphaBiomesPatch.xml,"/Defs/ThingDef[defName=""AA_ShadowCharger""]/race/wildBiomes"
Alpha Animals,sarg.alphaanimals,1.6/Patches/AlphaBiomesPatch.xml,"/Defs/ThingDef[defName=""AA_Thunderox""]/race/wildBiomes"
Alpha Animals,sarg.alphaanimals,1.6/Patches/AlphaBiomesPatch.xml,"/Defs/BiomeDef[defName=""AB_RockyCrags""]/allowedPackAnimals"
Alpha Animals,sarg.alphaanimals,1.6/Patches/AlphaBiomesPatch.xml,"/Defs/BiomeDef[defName=""AB_PyroclasticConflagration""]/allowedPackAnimals"
Alpha Animals,sarg.alphaanimals,1.6/Patches/AlphaBiomesPatch.xml,"/Defs/BiomeDef[defName=""AB_IdyllicMeadows""]/allowedPackAnimals"
Alpha Animals,sarg.alphaanimals,1.6/Patches/GiddyUpPatch.xml,"/Defs/PawnKindDef[defName = ""AA_MeadowAve""]"
Alpha Animals,sarg.alphaanimals,1.6/Patches/GiddyUpPatch.xml,"/Defs/PawnKindDef[defName = ""AA_DesertAve""]"
Alpha Animals,sarg.alphaanimals,1.6/Patches/GiddyUpPatch.xml,"/Defs/PawnKindDef[defName = ""AA_FrostAve""]"
Alpha Animals,sarg.alphaanimals,1.6/Patches/GiddyUpPatch.xml,"/Defs/PawnKindDef[defName = ""AA_NightAve""]"
Alpha Animals,sarg.alphaanimals,1.6/Patches/GiddyUpPatch.xml,"/Defs/PawnKindDef[defName = ""AA_RoyalAve""]"
Alpha Animals,sarg.alphaanimals,1.6/Patches/GiddyUpPatch.xml,"/Defs/PawnKindDef[defName = ""AA_MammothWorm""]"
Alpha Animals,sarg.alphaanimals,1.6/Patches/LordRingsElvesPatch.xml,"/Defs/ThingDef[defName=""AA_Aerofleet""]/race/wildBiomes"
Alpha Animals,sarg.alphaanimals,1.6/Patches/LordRingsElvesPatch.xml,"/Defs/ThingDef[defName=""AA_AnimusVox""]/race/wildBiomes"
Alpha Animals,sarg.alphaanimals,1.6/Patches/LordRingsElvesPatch.xml,"/Defs/ThingDef[defName=""AA_BedBug""]/race/wildBiomes"
Alpha Animals,sarg.alphaanimals,1.6/Patches/LordRingsElvesPatch.xml,"/Defs/ThingDef[defName=""AA_BoulderMit""]/race/wildBiomes"
Alpha Animals,sarg.alphaanimals,1.6/Patches/LordRingsElvesPatch.xml,"/Defs/ThingDef[defName=""AA_Bumbledrone""]/race/wildBiomes"
Alpha Animals,sarg.alphaanimals,1.6/Patches/LordRingsElvesPatch.xml,"/Defs/ThingDef[defName=""AA_Feralisk""]/race/wildBiomes"
Alpha Animals,sarg.alphaanimals,1.6/Patches/LordRingsElvesPatch.xml,"/Defs/ThingDef[defName=""AA_Groundrunner""]/race/wildBiomes"
Alpha Animals,sarg.alphaanimals,1.6/Patches/LordRingsElvesPatch.xml,"/Defs/ThingDef[defName=""AA_MeadowAve""]/race/wildBiomes"
Alpha Animals,sarg.alphaanimals,1.6/Patches/LordRingsElvesPatch.xml,"/Defs/ThingDef[defName=""AA_MegaLouse""]/race/wildBiomes"
Alpha Animals,sarg.alphaanimals,1.6/Patches/LordRingsElvesPatch.xml,"/Defs/ThingDef[defName=""AA_Nightling""]/race/wildBiomes"
Alpha Animals,sarg.alphaanimals,1.6/Patches/LordRingsElvesPatch.xml,"/Defs/ThingDef[defName=""AA_OvergrownColossus""]/race/wildBiomes"
Alpha Animals,sarg.alphaanimals,1.6/Patches/LordRingsElvesPatch.xml,"/Defs/ThingDef[defName=""AA_PebbleMit""]/race/wildBiomes"
Alpha Animals,sarg.alphaanimals,1.6/Patches/LordRingsElvesPatch.xml,"/Defs/ThingDef[defName=""AA_Slurrypede""]/race/wildBiomes"
Alpha Animals,sarg.alphaanimals,1.6/Patches/LordRingsElvesPatch.xml,"/Defs/ThingDef[defName=""AA_Swarmling""]/race/wildBiomes"
Alpha Animals,sarg.alphaanimals,1.6/Patches/LordRingsElvesPatch.xml,"/Defs/ThingDef[defName=""AA_TetraSlug""]/race/wildBiomes"
Alpha Animals,sarg.alphaanimals,1.6/Patches/LordRingsElvesPatch.xml,"/Defs/ThingDef[defName=""AA_Thermadon""]/race/wildBiomes"
Alpha Animals,sarg.alphaanimals,1.6/Patches/LordRingsElvesPatch.xml,"/Defs/ThingDef[defName=""AA_Wildpod""]/race/wildBiomes"
Alpha Animals,sarg.alphaanimals,1.6/Patches/LordRingsElvesPatch.xml,"/Defs/ThingDef[defName=""AA_Wildpawn""]/race/wildBiomes"
Alpha Animals,sarg.alphaanimals,1.6/Patches/LordRingsElvesPatch.xml,"/Defs/ThingDef[defName=""AA_FissionMouse""]/race/wildBiomes"
Alpha Animals,sarg.alphaanimals,1.6/Patches/LordRingsElvesPatch.xml,"/Defs/ThingDef[defName=""AA_DecayDrake""]/race/wildBiomes"
Alpha Animals,sarg.alphaanimals,1.6/Patches/LordRingsElvesPatch.xml,"/Defs/ThingDef[defName=""AA_ShockGoat""]/race/wildBiomes"
Alpha Animals,sarg.alphaanimals,1.6/Patches/LordRingsElvesPatch.xml,"/Defs/ThingDef[defName=""AA_OcularJelly""]/race/wildBiomes"
Alpha Animals,sarg.alphaanimals,1.6/Patches/NatureIsPrettySweetPatch.xml,"/Defs/ThingDef[defName=""AA_Aerofleet""]/race/wildBiomes"
Alpha Animals,sarg.alphaanimals,1.6/Patches/NatureIsPrettySweetPatch.xml,"/Defs/ThingDef[defName=""AA_AnimusVox""]/race/wildBiomes"
Alpha Animals,sarg.alphaanimals,1.6/Patches/NatureIsPrettySweetPatch.xml,"/Defs/ThingDef[defName=""AA_ArcticLion""]/race/wildBiomes"
Alpha Animals,sarg.alphaanimals,1.6/Patches/NatureIsPrettySweetPatch.xml,"/Defs/ThingDef[defName=""AA_Barbslinger""]/race/wildBiomes"
Alpha Animals,sarg.alphaanimals,1.6/Patches/NatureIsPrettySweetPatch.xml,"/Defs/ThingDef[defName=""AA_BedBug""]/race/wildBiomes"
Alpha Animals,sarg.alphaanimals,1.6/Patches/NatureIsPrettySweetPatch.xml,"/Defs/ThingDef[defName=""AA_BloodShrimp""]/race/wildBiomes"
Alpha Animals,sarg.alphaanimals,1.6/Patches/NatureIsPrettySweetPatch.xml,"/Defs/ThingDef[defName=""AA_BoulderMit""]/race/wildBiomes"
Alpha Animals,sarg.alphaanimals,1.6/Patches/NatureIsPrettySweetPatch.xml,"/Defs/ThingDef[defName=""AA_Bumbledrone""]/race/wildBiomes"
Alpha Animals,sarg.alphaanimals,1.6/Patches/NatureIsPrettySweetPatch.xml,"/Defs/ThingDef[defName=""AA_Cactipine""]/race/wildBiomes"
Alpha Animals,sarg.alphaanimals,1.6/Patches/NatureIsPrettySweetPatch.xml,"/Defs/ThingDef[defName=""AA_Cinderlisk""]/race/wildBiomes"
Alpha Animals,sarg.alphaanimals,1.6/Patches/NatureIsPrettySweetPatch.xml,"/Defs/ThingDef[defName=""AA_CrystalMit""]/race/wildBiomes"
Alpha Animals,sarg.alphaanimals,1.6/Patches/NatureIsPrettySweetPatch.xml,"/Defs/ThingDef[defName=""AA_DecayDrake""]/race/wildBiomes"
Alpha Animals,sarg.alphaanimals,1.6/Patches/NatureIsPrettySweetPatch.xml,"/Defs/ThingDef[defName=""AA_Dunealisk""]/race/wildBiomes"
Alpha Animals,sarg.alphaanimals,1.6/Patches/NatureIsPrettySweetPatch.xml,"/Defs/ThingDef[defName=""AA_Feralisk""]/race/wildBiomes"
Alpha Animals,sarg.alphaanimals,1.6/Patches/NatureIsPrettySweetPatch.xml,"/Defs/ThingDef[defName=""AA_FissionMouse""]/race/wildBiomes"
Alpha Animals,sarg.alphaanimals,1.6/Patches/NatureIsPrettySweetPatch.xml,"/Defs/ThingDef[defName=""AA_Frostmite""]/race/wildBiomes"
Alpha Animals,sarg.alphaanimals,1.6/Patches/NatureIsPrettySweetPatch.xml,"/Defs/ThingDef[defName=""AA_GreatDevourer""]/race/wildBiomes"
Alpha Animals,sarg.alphaanimals,1.6/Patches/NatureIsPrettySweetPatch.xml,"/Defs/ThingDef[defName=""AA_Groundrunner""]/race/wildBiomes"
Alpha Animals,sarg.alphaanimals,1.6/Patches/NatureIsPrettySweetPatch.xml,"/Defs/ThingDef[defName=""AA_Helixien""]/race/wildBiomes"
Alpha Animals,sarg.alphaanimals,1.6/Patches/NatureIsPrettySweetPatch.xml,"/Defs/ThingDef[defName=""AA_MammothWorm""]/race/wildBiomes"
Alpha Animals,sarg.alphaanimals,1.6/Patches/NatureIsPrettySweetPatch.xml,"/Defs/ThingDef[defName=""AA_MeadowAve""]/race/wildBiomes"
Alpha Animals,sarg.alphaanimals,1.6/Patches/NatureIsPrettySweetPatch.xml,"/Defs/ThingDef[defName=""AA_MegaLouse""]/race/wildBiomes"
Alpha Animals,sarg.alphaanimals,1.6/Patches/NatureIsPrettySweetPatch.xml,"/Defs/ThingDef[defName=""AA_Needlepost""]/race/wildBiomes"
Alpha Animals,sarg.alphaanimals,1.6/Patches/NatureIsPrettySweetPatch.xml,"/Defs/ThingDef[defName=""AA_Needleroll""]/race/wildBiomes"
Alpha Animals,sarg.alphaanimals,1.6/Patches/NatureIsPrettySweetPatch.xml,"/Defs/ThingDef[defName=""AA_Nightling""]/race/wildBiomes"
Alpha Animals,sarg.alphaanimals,1.6/Patches/NatureIsPrettySweetPatch.xml,"/Defs/ThingDef[defName=""AA_OcularJelly""]/race/wildBiomes"
Alpha Animals,sarg.alphaanimals,1.6/Patches/NatureIsPrettySweetPatch.xml,"/Defs/ThingDef[defName=""AA_OvergrownColossus""]/race/wildBiomes"
Alpha Animals,sarg.alphaanimals,1.6/Patches/NatureIsPrettySweetPatch.xml,"/Defs/ThingDef[defName=""AA_PebbleMit""]/race/wildBiomes"
Alpha Animals,sarg.alphaanimals,1.6/Patches/NatureIsPrettySweetPatch.xml,"/Defs/ThingDef[defName=""AA_Razorjack""]/race/wildBiomes"
Alpha Animals,sarg.alphaanimals,1.6/Patches/NatureIsPrettySweetPatch.xml,"/Defs/ThingDef[defName=""AA_RipperHound""]/race/wildBiomes"
Alpha Animals,sarg.alphaanimals,1.6/Patches/NatureIsPrettySweetPatch.xml,"/Defs/ThingDef[defName=""AA_SandSquid""]/race/wildBiomes"
Alpha Animals,sarg.alphaanimals,1.6/Patches/NatureIsPrettySweetPatch.xml,"/Defs/ThingDef[defName=""AA_ShockGoat""]/race/wildBiomes"
Alpha Animals,sarg.alphaanimals,1.6/Patches/NatureIsPrettySweetPatch.xml,"/Defs/ThingDef[defName=""AA_Slurrypede""]/race/wildBiomes"
Alpha Animals,sarg.alphaanimals,1.6/Patches/NatureIsPrettySweetPatch.xml,"/Defs/ThingDef[defName=""AA_Swarmling""]/race/wildBiomes"
Alpha Animals,sarg.alphaanimals,1.6/Patches/NatureIsPrettySweetPatch.xml,"/Defs/ThingDef[defName=""AA_TetraSlug""]/race/wildBiomes"
Alpha Animals,sarg.alphaanimals,1.6/Patches/NatureIsPrettySweetPatch.xml,"/Defs/ThingDef[defName=""AA_Thermadon""]/race/wildBiomes"
Alpha Animals,sarg.alphaanimals,1.6/Patches/NatureIsPrettySweetPatch.xml,"/Defs/ThingDef[defName=""AA_Wildpod""]/race/wildBiomes"
Alpha Animals,sarg.alphaanimals,1.6/Patches/NatureIsPrettySweetPatch.xml,"/Defs/ThingDef[defName=""AA_Wildpawn""]/race/wildBiomes"
Alpha Animals,sarg.alphaanimals,1.6/Patches/VegetableGardenPatch.xml,"/Defs/ThingDef[defName=""AA_Feralisk""]/comps/li/resourceDef"
Alpha Animals,sarg.alphaanimals,1.6/Patches/VegetableGardenPatch.xml,"/Defs/ThingDef[defName=""AA_Junglelisk""]/comps/li/resourceDef"
Alpha Animals,sarg.alphaanimals,1.6/Patches/VegetableGardenPatch.xml,"/Defs/ThingDef[defName=""AA_Dunealisk""]/comps/li/resourceDef"
Alpha Animals,sarg.alphaanimals,1.6/Patches/VegetableGardenPatch.xml,"/Defs/ThingDef[defName=""AA_Blizzarisk""]/comps/li/resourceDef"
Alpha Animals,sarg.alphaanimals,1.6/Patches/VegetableGardenPatch.xml,"/Defs/ThingDef[defName=""AA_DevilSheep""]/comps/li/resourceDef"
Alpha Animals,sarg.alphaanimals,1.6/Mods/VFEInsectoids2/Patches/InsectoidBuildings_BlackHive.xml,"Defs/ThingDef[defName=""AA_DarkGlowPod""]/statBases"
Alpha Animals,sarg.alphaanimals,1.6/Mods/VFEInsectoids2/Patches/InsectoidBuildings_BlackHive.xml,"Defs/ThingDef[defName=""AA_DarkGlowPod""]/statBases/MarketValue"
Alpha Animals,sarg.alphaanimals,1.6/Mods/VFEInsectoids2/Patches/InsectoidPawnKindDefPatch.xml,"Defs/PawnKindDef[@Name=""InsectKindBase""]/moveSpeedFactorByTerrainTag"
Alpha Animals,sarg.alphaanimals,1.6/Mods/VFEInsectoids2/Patches/InsectoidPawnKindDefPatch.xml,"Defs/PawnKindDef[@Name=""AA_InsectKindBase""]/moveSpeedFactorByTerrainTag"
Ancient urban ruins,xmb.ancienturbanruins.mo,Patches/PatchesReplace.xml,"Defs/PawnKindDef[defName=""AncientSoldierBoss""]/weaponTags"
Ancient urban ruins,xmb.ancienturbanruins.mo,Patches/PatchesReplace.xml,"Defs/PawnKindDef[defName=""AncientSoldierBoss""]/fixedInventory"
Ancient urban ruins,xmb.ancienturbanruins.mo,Patches/PatchesReplace.xml,"Defs/PawnKindDef[defName=""AncientMallGuards""]/weaponTags"
Ancient urban ruins,xmb.ancienturbanruins.mo,Patches/PatchesReplace.xml,"Defs/PawnKindDef[defName=""AncientMallGuards""]/fixedInventory"
Ancient urban ruins,xmb.ancienturbanruins.mo,Patches/PatchesReplace.xml,"Defs/PawnKindDef[defName=""AncientSlaughter""]/fixedInventory"
Ancient urban ruins,xmb.ancienturbanruins.mo,Patches/PatchesReplace.xml,"/Defs/PawnKindDef[defName=""AM_Scavenger""]/fixedInventory"
Fortifications - Industrial,aoba.fortress.industrial,1.6/Patches/Vanilla.xml,"*/ThingDef[defName = ""HiTechResearchBench""]/comps/li[@Class = ""CompProperties_AffectedByFacilities""]/linkableFacilities"
Fortifications - Industrial,aoba.fortress.industrial,1.6/Patches/Vanilla.xml,"*/ThingDef[defName = ""SimpleResearchBench""]/comps/li[@Class = ""CompProperties_AffectedByFacilities""]"
Fortifications - Industrial,aoba.fortress.industrial,1.6/Patches/Vanilla.xml,"*/ThingDef[defName = ""SimpleResearchBench""]/comps/li[@Class = ""CompProperties_AffectedByFacilities""]/linkableFacilities"
Fortifications - Industrial,aoba.fortress.industrial,1.6/Patches/VanillaFactionsExpandedAncients.xml,"/Defs/ThingDef[defName=""VFEA_GeneTailoringPod""]/comps/li[@Class =""CompProperties_AffectedByFacilities""]/linkableFacilities"
Fortifications - Industrial,aoba.fortress.industrial,1.6/Patches/VanillaQuestsExpandedAncients.xml,"/Defs/ThingDef[defName=""VQEA_ArchogenInjector""]/comps/li[@Class =""CompProperties_AffectedByFacilities""]/linkableFacilities"
LWM's Deep Storage,lwm.deepstorage,Patches/AddNewUnits_RimFridge.xml,"/Defs/ThingDef[@Name=""FridgeBase""]/comps/li[compClass='CompPowerTrader']"
LWM's Deep Storage,lwm.deepstorage,Patches/AddNewUnits_RimFridge.xml,"/Defs/ThingDef[defName=""LWM_DS_RimFridge_Refrigerator""]/comps/li[compClass='CompPowerTrader']"
LWM's Deep Storage,lwm.deepstorage,Patches/Compatibility_a_CombatExended.xml,"/Defs/ThingDef[defName=""LWM_WeaponsCabinet""]/comps/li[@Class='LWM.DeepStorage.Properties']"
LWM's Deep Storage,lwm.deepstorage,Patches/Compatibility_a_CombatExended.xml,"/Defs/ThingDef[defName=""LWM_WeaponsLocker""]/comps/li[@Class='LWM.DeepStorage.Properties']"
LWM's Deep Storage,lwm.deepstorage,Patches/Compatibility_Dubs_Bad_Hygiene.xml,"/Defs/ThingDef[defName=""LWM_DeepStorage_Skip""]/comps/li[@Class='LWM.DeepStorage.Properties']/quickStoringItems"
LWM's Deep Storage,lwm.deepstorage,Patches/Compatibility_Dubs_Bad_Hygiene.xml,"/Defs/ThingDef[defName=""LWM_DeepStorage_Skip""]/comps/li[@Class='LWM.DeepStorage.Properties']"
LWM's Deep Storage,lwm.deepstorage,Patches/Compatibility_Dubs_Bad_Hygiene.xml,"/Defs/ThingDef[defName=""LWM_DeepStorage_Skip""]/comps/li[@Class='LWM.DeepStorage.Properties']/quickStoringItems"
LWM's Deep Storage,lwm.deepstorage,Patches/Compatibility_FertileFields.xml,"/Defs/ThingDef[defName=""LWM_DeepStorage_Skip""]/comps/li[@Class='LWM.DeepStorage.Properties']/quickStoringItems"
LWM's Deep Storage,lwm.deepstorage,Patches/Compatibility_FertileFields.xml,"/Defs/ThingDef[defName=""LWM_DeepStorage_Skip""]/comps/li[@Class='LWM.DeepStorage.Properties']"
LWM's Deep Storage,lwm.deepstorage,Patches/Compatibility_FertileFields.xml,"/Defs/ThingDef[defName=""LWM_DeepStorage_Skip""]/comps/li[@Class='LWM.DeepStorage.Properties']/quickStoringItems"
Makeshift: Re-Examined,smxrez.makeshiftreexamined,1.6/Patches/Patches.xml,"/Defs/ThingDef[defName = ""VWE_Gun_MakeshiftSMG""]/statBases/WorkToMake"
Makeshift: Re-Examined,smxrez.makeshiftreexamined,1.6/Patches/Patches.xml,"/Defs/ThingDef[defName = ""VWE_Gun_MakeshiftRifle""]/statBases/WorkToMake"
Makeshift: Re-Examined,smxrez.makeshiftreexamined,1.6/Patches/Patches.xml,"/Defs/ThingDef[defName = ""VWE_Gun_MakeshiftShotgun""]/statBases/WorkToMake"
Makeshift: Re-Examined,smxrez.makeshiftreexamined,1.6/Patches/Patches.xml,"/Defs/ThingDef[defName = ""VWE_Gun_MakeshiftLMG""]/statBases/WorkToMake"
Minerals Framework,zacharyfoster.mineralsframework,1.6/Patches/AddRockGeneration.xml,/Defs/BiomeDef[not(extraGenSteps)]
Minerals Framework,zacharyfoster.mineralsframework,1.6/Patches/AddRockGeneration.xml,/Defs/BiomeDef[not(extraGenSteps)]
Minerals Framework,zacharyfoster.mineralsframework,1.6/Patches/AddRockGeneration.xml,/Defs/BiomeDef/extraGenSteps
Posthuman Drift Titan Xenotype,xylthixlm.races.titan,Patches/PawnKindDefs.xml,Defs/PawnKindDef/xenotypeSet/xenotypeChances/Hussar
Quarry,ogliss.thewhitecrayon.quarry,1.6/Biotech/Patches/Patches_Human_lifeStageWorkSettings.xml,"/Defs/ThingDef[defName=""Human""]/race/lifeStageWorkSettings"
Quarry,ogliss.thewhitecrayon.quarry,1.6/Biotech/Patches/Patches_Mech_Tunneler.xml,"/Defs/ThingDef[defName=""Mech_Tunneler""]/race/mechEnabledWorkTypes"
R-Hen-G: Chaos Chickens,dizzyeevee.rheng,1.6/Patches/CrossbreedingPatches.xml,"Defs/ThingDef[defName=""Chicken""]/race/canCrossBreedWith"
R-Hen-G: Chaos Chickens,dizzyeevee.rheng,1.6/Patches/CrossbreedingPatches.xml,"Defs/ThingDef[defName=""Chicken""]/race/canCrossBreedWith"
ReGrowth 2,regrowth.botr.core,1.6/Patches/Compatibility/ReGrowth-Biomes.xml,"/Defs/BiomeDef[defName = ""RG_AspenForest""]/wildPlants"
ReGrowth 2,regrowth.botr.core,1.6/Patches/Core/Core-Biomes.xml,"/Defs/BiomeDef[defName = ""BorealForest""]/wildPlants"
ReGrowth 2,regrowth.botr.core,1.6/Patches/Core/Core-Biomes.xml,"/Defs/BiomeDef[defName=""BorealForest""]/wildAnimals"
ReGrowth 2,regrowth.botr.core,1.6/Patches/Core/Core-Biomes.xml,"/Defs/BiomeDef[defName = ""Tundra""]/wildPlants"
ReGrowth 2,regrowth.botr.core,1.6/Patches/Core/Core-Biomes.xml,"/Defs/BiomeDef[defName=""Tundra""]/wildAnimals"
ReGrowth 2,regrowth.botr.core,1.6/Patches/Core/Core-Biomes.xml,"/Defs/BiomeDef[defName = ""ColdBog""]/wildPlants"
ReGrowth 2,regrowth.botr.core,1.6/Patches/Core/Core-Biomes.xml,"/Defs/BiomeDef[defName=""ColdBog""]/wildAnimals"
ReGrowth 2,regrowth.botr.core,1.6/Patches/Core/Core-Biomes.xml,"/Defs/BiomeDef[defName = ""TemperateForest""]/wildPlants"
ReGrowth 2,regrowth.botr.core,1.6/Patches/Core/Core-Biomes.xml,"/Defs/BiomeDef[defName = ""TemperateSwamp""]/wildPlants"
ReGrowth 2,regrowth.botr.core,1.6/Patches/Core/Core-Biomes.xml,"/Defs/BiomeDef[defName = ""AridShrubland""]/wildPlants"
ReGrowth 2,regrowth.botr.core,1.6/Patches/Core/Core-Biomes.xml,"/Defs/BiomeDef[defName = ""Desert""]/wildPlants"
ReGrowth 2,regrowth.botr.core,1.6/Patches/Core/Core-Biomes.xml,"/Defs/BiomeDef[defName = ""ExtremeDesert""]/wildPlants"
ReGrowth 2,regrowth.botr.core,1.6/Patches/Core/Core-Biomes.xml,"/Defs/BiomeDef[defName = ""TropicalRainforest""]/wildPlants"
ReGrowth 2,regrowth.botr.core,1.6/Patches/Core/Core-Biomes.xml,"/Defs/BiomeDef[defName = ""TropicalSwamp""]/wildPlants"
ReGrowth 2,regrowth.botr.core,1.6/Patches/_ModSettings/General-Patches.xml,"/Defs/BiomeDef[defName=""BorealForest""]/plantDensity"
ReGrowth 2,regrowth.botr.core,1.6/Patches/_ModSettings/General-Patches.xml,"/Defs/BiomeDef[defName=""Tundra""]/plantDensity"
ReGrowth 2,regrowth.botr.core,1.6/Patches/_ModSettings/General-Patches.xml,"/Defs/BiomeDef[defName=""ColdBog""]/plantDensity"
ReGrowth 2,regrowth.botr.core,1.6/Patches/_ModSettings/General-Patches.xml,"/Defs/BiomeDef[defName=""AridShrubland""]/plantDensity"
ReGrowth 2,regrowth.botr.core,1.6/Patches/_ModSettings/General-Patches.xml,"/Defs/BiomeDef[defName=""Desert""]/plantDensity"
ReGrowth 2,regrowth.botr.core,1.6/Patches/_ModSettings/General-Patches.xml,"/Defs/BiomeDef[defName=""ExtremeDesert""]/plantDensity"
ReGrowth 2,regrowth.botr.core,1.6/Patches/_ModSettings/General-Patches.xml,"/Defs/BiomeDef[defName=""TropicalRainforest""]/plantDensity"
ReGrowth 2,regrowth.botr.core,1.6/Patches/_ModSettings/General-Patches.xml,"/Defs/BiomeDef[defName=""TropicalSwamp""]/plantDensity"
ReGrowth 2,regrowth.botr.core,1.6/Patches/_ModSettings/General-Patches.xml,"/Defs/BiomeDef[defName=""TemperateForest""]/plantDensity"
ReGrowth 2,regrowth.botr.core,1.6/Patches/_ModSettings/General-Patches.xml,"/Defs/BiomeDef[defName = ""TemperateSwamp""]/plantDensity"
ReGrowth 2,regrowth.botr.core,1.6/Patches/_ModSettings/General-Patches.xml,"/Defs/BiomeDef[defName=""GlacialPlain""]/plantDensity"
ReGrowth 2,regrowth.botr.core,1.6/Patches/_ModSettings/General-Patches.xml,"/Defs/BiomeDef[defName=""Glowforest""]/plantDensity"
ReGrowth 2,regrowth.botr.core,1.6/Patches/_ModSettings/General-Patches.xml,"/Defs/BiomeDef[defName=""Grasslands""]/plantDensity"
ReGrowth 2,regrowth.botr.core,1.6/Patches/_ModSettings/General-Patches.xml,"/Defs/BiomeDef[defName=""LavaField""]/plantDensity"
ReGrowth 2,regrowth.botr.core,1.6/Patches/_ModSettings/General-Patches.xml,"/Defs/BiomeDef[defName=""Scarlands""]/plantDensity"
ReGrowth 2,regrowth.botr.core,1.6/Patches/_ModSettings/General-Patches.xml,"/Defs/BiomeDef[defName=""RG_AspenForest""]/plantDensity"
ReGrowth 2,regrowth.botr.core,1.6/Patches/_ModSettings/General-Patches.xml,"/Defs/BiomeDef[defName=""RG_BoilingForest""]/plantDensity"
ReGrowth 2,regrowth.botr.core,1.6/Patches/_ModSettings/General-Patches.xml,"/Defs/BiomeDef[defName=""TemperateForest""]"
ReGrowth 2,regrowth.botr.core,1.6/Patches/_ModSettings/General-Patches.xml,"/Defs/BiomeDef[defName=""Grasslands""]"
ReGrowth 2,regrowth.botr.core,1.6/Patches/_ModSettings/General-Patches.xml,"/Defs/BiomeDef[defName=""TemperateSwamp""]"
ReGrowth 2,regrowth.botr.core,1.6/Patches/_ModSettings/General-Patches.xml,"/Defs/BiomeDef[defName=""Glowforest""]"
ReGrowth 2,regrowth.botr.core,1.6/Patches/_ModSettings/General-Patches.xml,"/Defs/BiomeDef[defName=""BorealForest""]"
ReGrowth 2,regrowth.botr.core,1.6/Patches/_ModSettings/General-Patches.xml,"/Defs/BiomeDef[defName=""Tundra""]"
ReGrowth 2,regrowth.botr.core,1.6/Patches/_ModSettings/General-Patches.xml,"/Defs/BiomeDef[defName=""ColdBog""]"
ReGrowth 2,regrowth.botr.core,1.6/Patches/_ModSettings/General-Patches.xml,"/Defs/BiomeDef[defName=""IceSheet""]"
ReGrowth 2,regrowth.botr.core,1.6/Patches/_ModSettings/General-Patches.xml,"/Defs/BiomeDef[defName=""GlacialPlain""]"
ReGrowth 2,regrowth.botr.core,1.6/Patches/_ModSettings/General-Patches.xml,"/Defs/BiomeDef[defName=""Scarlands""]"
ReGrowth 2,regrowth.botr.core,1.6/Patches/_ModSettings/General-Patches.xml,"/Defs/BiomeDef[defName=""LavaField""]"
ReGrowth 2,regrowth.botr.core,1.6/Patches/_ModSettings/General-Patches.xml,"/Defs/BiomeDef[defName=""AridShrubland""]"
ReGrowth 2,regrowth.botr.core,1.6/Patches/_ModSettings/General-Patches.xml,"/Defs/BiomeDef[defName=""Desert""]"
ReGrowth 2,regrowth.botr.core,1.6/Patches/_ModSettings/General-Patches.xml,"/Defs/BiomeDef[defName=""ExtremeDesert""]"
ReGrowth 2,regrowth.botr.core,1.6/Patches/_ModSettings/General-Patches.xml,"/Defs/BiomeDef[defName=""TropicalRainforest""]"
ReGrowth 2,regrowth.botr.core,1.6/Patches/_ModSettings/General-Patches.xml,"/Defs/BiomeDef[defName=""TropicalSwamp""]"
ReGrowth 2,regrowth.botr.core,1.6/Patches/_ModSettings/General-Patches.xml,"/Defs/BiomeDef[defName=""RG_AspenForest""]"
ReGrowth 2,regrowth.botr.core,1.6/Patches/_ModSettings/General-Patches.xml,"/Defs/BiomeDef[defName=""RG_BoilingForest""]"
ReGrowth 2,regrowth.botr.core,1.6/Patches/_ModSettings/General-Patches.xml,"/Defs/BiomeDef[defName=""DankPyon_DarkForest""]"
ReGrowth 2,regrowth.botr.core,1.6/Patches/_ModSettings/General-Patches.xml,"/Defs/BiomeDef[defName=""DankPyon_AncientForest""]"
ReGrowth 2,regrowth.botr.core,1.6/Patches/_ModSettings/General-Patches.xml,"/Defs/BiomeDef[defName=""Outland_ToxicForest""]"
ReGrowth 2,regrowth.botr.core,1.6/Patches/_ModSettings/General-Patches.xml,"/Defs/BiomeDef[defName = ""WinterTaiga""]/modExtensions/li[@Class=""ReGrowthCore.BiomesKitControl""]"
ReGrowth 2,regrowth.botr.core,1.6/Patches/_ModSettings/Retexture-Patches.xml,"/Defs/BiomeDef[defName = ""Tundra""]/texture"
ReGrowth 2,regrowth.botr.core,1.6/Patches/_ModSettings/Retexture-Patches.xml,"/Defs/BiomeDef[defName = ""AridShrubland""]/texture"
ReGrowth 2,regrowth.botr.core,1.6/Patches/_ModSettings/Retexture-Patches.xml,"/Defs/PawnKindDef[defName=""Boomalope""]/lifeStages"
ReGrowth 2,regrowth.botr.core,1.6/Patches/_ModSettings/Retexture-Patches.xml,"/Defs/PawnKindDef[defName=""Muffalo""]/lifeStages"
ReGrowth 2,regrowth.botr.core,1.6/Patches/_ModSettings/Retexture-Patches.xml,"Defs/PawnKindDef[defName=""Muffalo""]"
ReGrowth 2,regrowth.botr.core,1.6/Patches/_ModSettings/Retexture-Patches.xml,"/Defs/PawnKindDef[defName=""Megasloth""]/lifeStages"
ReGrowth 2,regrowth.botr.core,1.6/Patches/_ModSettings/Retexture-Patches.xml,"/Defs/PawnKindDef[defName=""Thrumbo""]/lifeStages/li[1]/bodyGraphicData"
ReGrowth 2,regrowth.botr.core,1.6/Patches/_ModSettings/Retexture-Patches.xml,"/Defs/PawnKindDef[defName=""Thrumbo""]/lifeStages/li[1]/dessicatedBodyGraphicData"
ReGrowth 2,regrowth.botr.core,1.6/Patches/_ModSettings/Retexture-Patches.xml,"/Defs/PawnKindDef[defName=""Bear_Grizzly""]"
ReGrowth 2,regrowth.botr.core,1.6/Patches/_ModSettings/Retexture-Patches.xml,"/Defs/PawnKindDef[defName=""Bear_Grizzly""]/lifeStages"
ReGrowth 2,regrowth.botr.core,1.6/Patches/_ModSettings/Retexture-Patches.xml,"/Defs/PawnKindDef[defName=""Cat""]/lifeStages"
ReGrowth 2,regrowth.botr.core,1.6/Patches/_ModSettings/Retexture-Patches.xml,"/Defs/PawnKindDef[defName=""Hare""]/lifeStages"
ReGrowth 2,regrowth.botr.core,1.6/Patches/_ModSettings/Retexture-Patches.xml,"Defs/PawnKindDef[defName=""Hare""]"
ReGrowth 2,regrowth.botr.core,1.6/Patches/_ModSettings/Retexture-Patches.xml,"/Defs/PawnKindDef[defName=""Snowhare""]/lifeStages"
ReGrowth 2,regrowth.botr.core,1.6/Patches/_ModSettings/Retexture-Patches.xml,"/Defs/PawnKindDef[defName=""Squirrel""]/lifeStages"
ReGrowth 2,regrowth.botr.core,1.6/Patches/_ModSettings/Retexture-Patches.xml,"Defs/PawnKindDef[defName=""Squirrel""]"
ReGrowth 2,regrowth.botr.core,1.6/Patches/_ModSettings/Retexture-Patches.xml,"/Defs/PawnKindDef[defName=""Toxalope""]/lifeStages"
ReGrowth 2,regrowth.botr.core,1.6/Patches/_ModSettings/VisualEffects-Patches.xml,"Defs/ThingDef[@Name=""RG_BaseFilthLeaves""]/statBases/Beauty"
ReGrowth 2,regrowth.botr.core,1.6/Patches/_ModSettings/VisualEffects-Patches.xml,"Defs/ThingDef[@Name=""RG_BaseFilthLeaves""]/statBases/BeautyOutdoors"
ReGrowth 2,regrowth.botr.core,1.6/Patches/_ModSettings/VisualEffects-Patches.xml,"Defs/ThingDef[defName=""Plant_TreeGauranlen""]/comps/li[@Class=""CompProperties_TreeConnection""]/spawningPodOffset"
ReGrowth 2,regrowth.botr.core,1.6/LoadFolders/Odyssey/Patches/Odyssey-Biomes.xml,"/Defs/BiomeDef[defName = ""Glowforest""]/wildPlants"
ReGrowth 2,regrowth.botr.core,1.6/LoadFolders/Odyssey/Patches/Odyssey-Biomes.xml,"/Defs/BiomeDef[defName = ""Scarlands""]/wildPlants"
ReGrowth 2,regrowth.botr.core,1.6/LoadFolders/Odyssey/Patches/Odyssey-Biomes.xml,"/Defs/BiomeDef[defName = ""Scarlands""]/extraGenSteps"
ReGrowth 2,regrowth.botr.core,1.6/LoadFolders/Odyssey/Patches/Odyssey-Biomes.xml,"/Defs/BiomeDef[defName = ""Scarlands""]/terrainsByFertility"
Research Reinvented: Stepping Stones,petetimessix.researchreinvented.steppingstones,ModSpecific/v1.6/_Biotech/Patches/Biotech_ThingDefs_ResearchPrerequisites.xml,"Defs/ThingDef[defName=""Flamebow""]/statBases"
Toddlers,cyanobot.toddlers,1.6/Patches/GeneSeed40k.xml,"Defs/ThingDef[defName=""AstarteAdaptusCore""]/race/lifeStageAges /li[def=""HumanlikeBaby""]"
Toddlers,cyanobot.toddlers,1.6/Patches/Races_Humanlike.xml,"Defs/ThingDef[defName=""Human""]/race/lifeStageAges/li[1]"
Toddlers,cyanobot.toddlers,1.6/Patches/Races_Humanlike.xml,"Defs/ThingDef[defName=""Human""]/race/lifeStageWorkSettings/Childcare"
Toddlers,cyanobot.toddlers,1.6/Patches/zz_RealisticHumanSounds.xml,"Defs/ThingDef[defName=""Human""]/race/lifeStageAges/li[def=""HumanlikeToddler""]"
Vanilla Chemfuel Expanded,vanillaexpanded.vchemfuele,1.6/Patches/Patches.xml,"/Defs/ThingDef[defName=""InfiniteChemreactor""]/comps/li[@Class=""CompProperties_Spawner""]"
WallStuff,arcjc007.wallstuff,1.6/Patches/Blackboard_Patch_Biotech.xml,"Defs/ThingDef[defName = ""SchoolDesk""]/comps/li[@Class=""CompProperties_AffectedByFacilities""]/linkableFacilities"
WallStuff,arcjc007.wallstuff,1.6/Patches/Blackboard_Patch_Biotech.xml,"Defs/ThingDef[defName=""WallMountedBlackboard""]/comps/li[@Class=""CompProperties_Facility""]"
WallStuff,arcjc007.wallstuff,1.6/Patches/MultiAnalyzer_Patch.xml,"Defs/ThingDef[defName = ""HiTechResearchBench""]/comps/li[@Class = ""CompProperties_AffectedByFacilities""]/linkableFacilities"
WallStuff,arcjc007.wallstuff,1.6/Patches/SleepAccelerator_Patch.xml,"Defs/ThingDef[ @ParentName=""BedBase"" or @ParentName=""BedWithQualityBase"" or @ParentName=""ArtableBedBase"" or @ParentName=""SansComfortBedBase"" or @ParentName=""BasicBedBase"" ]/comps/li[@Class=""CompProperties_AffectedByFacilities""]/linkableFacilities"
WallStuff,arcjc007.wallstuff,1.6/Patches/ToolBoard_Patch_Core.xml,"*/ThingDef[defName = ""CraftingSpot""]/comps/li[@Class=""CompProperties_AffectedByFacilities""]/linkableFacilities"
WallStuff,arcjc007.wallstuff,1.6/Patches/ToolBoard_Patch_Core.xml,"*/ThingDef[defName = ""TableSculpting""]/comps/li[@Class=""CompProperties_AffectedByFacilities""]/linkableFacilities"
WallStuff,arcjc007.wallstuff,1.6/Patches/ToolBoard_Patch_Core.xml,"*/ThingDef[defName = ""ButcherSpot""]/comps/li[@Class=""CompProperties_AffectedByFacilities""]/linkableFacilities"
WallStuff,arcjc007.wallstuff,1.6/Patches/ToolBoard_Patch_Core.xml,"*/ThingDef[defName = ""TableButcher""]/comps/li[@Class=""CompProperties_AffectedByFacilities""]/linkableFacilities"
WallStuff,arcjc007.wallstuff,1.6/Patches/ToolBoard_Patch_Core.xml,"/Defs/ThingDef[defName=""FueledStove"" or defName=""ElectricStove""]/comps/li[@Class=""CompProperties_AffectedByFacilities""]"
WallStuff,arcjc007.wallstuff,1.6/Patches/ToolBoard_Patch_Core.xml,"*/ThingDef[defName = ""ElectricStove""]/comps/li[@Class=""CompProperties_AffectedByFacilities""]/linkableFacilities"
WallStuff,arcjc007.wallstuff,1.6/Patches/ToolBoard_Patch_Core.xml,"*/ThingDef[defName = ""FueledStove""]/comps/li[@Class=""CompProperties_AffectedByFacilities""]/linkableFacilities"
WallStuff,arcjc007.wallstuff,1.6/Patches/ToolBoard_Patch_Core.xml,"*/ThingDef[defName = ""HandTailoringBench""]/comps/li[@Class=""CompProperties_AffectedByFacilities""]/linkableFacilities"
WallStuff,arcjc007.wallstuff,1.6/Patches/ToolBoard_Patch_Core.xml,"*/ThingDef[defName = ""ElectricTailoringBench""]/comps/li[@Class=""CompProperties_AffectedByFacilities""]/linkableFacilities"
WallStuff,arcjc007.wallstuff,1.6/Patches/ToolBoard_Patch_Core.xml,"*/ThingDef[defName = ""FueledSmithy""]/comps/li[@Class=""CompProperties_AffectedByFacilities""]/linkableFacilities"
WallStuff,arcjc007.wallstuff,1.6/Patches/ToolBoard_Patch_Core.xml,"*/ThingDef[defName = ""ElectricSmithy""]/comps/li[@Class=""CompProperties_AffectedByFacilities""]/linkableFacilities"
WallStuff,arcjc007.wallstuff,1.6/Patches/ToolBoard_Patch_Core.xml,"*/ThingDef[defName = ""TableMachining""]/comps/li[@Class=""CompProperties_AffectedByFacilities""]/linkableFacilities"
WallStuff,arcjc007.wallstuff,1.6/Patches/ToolBoard_Patch_Core.xml,"*/ThingDef[defName = ""TableStonecutter""]/comps/li[@Class=""CompProperties_AffectedByFacilities""]/linkableFacilities"
WallStuff,arcjc007.wallstuff,1.6/Patches/ToolBoard_Patch_Core.xml,"*/ThingDef[defName = ""DrugLab""]/comps/li[@Class=""CompProperties_AffectedByFacilities""]/linkableFacilities"
WallStuff,arcjc007.wallstuff,1.6/Patches/ToolBoard_Patch_Core.xml,"*/ThingDef[defName = ""FabricationBench""]/comps/li[@Class=""CompProperties_AffectedByFacilities""]/linkableFacilities"
WallStuff,arcjc007.wallstuff,1.6/Patches/ToolBoard_Patch_JDSForge.xml,"*/ThingDef[@Name=""JDSForgeBenchBase""]/comps/li[@Class=""CompProperties_AffectedByFacilities""]/linkableFacilities"
WallStuff,arcjc007.wallstuff,1.6/Patches/ToolBoard_Patch_Ratkin.xml,"*/ThingDef[defName=""RK_HandTailoringBench""]/comps/li[@Class=""CompProperties_AffectedByFacilities""]/linkableFacilities"
WallStuff,arcjc007.wallstuff,1.6/Patches/ToolBoard_Patch_Ratkin.xml,"*/ThingDef[defName=""RK_ElectricTailoringBench""]/comps/li[@Class=""CompProperties_AffectedByFacilities""]/linkableFacilities"
WallStuff,arcjc007.wallstuff,1.6/Patches/ToolBoard_Patch_Ratkin.xml,"*/ThingDef[defName=""RK_FueledSmithy""]/comps/li[@Class=""CompProperties_AffectedByFacilities""]/linkableFacilities"
WallStuff,arcjc007.wallstuff,1.6/Patches/ToolBoard_Patch_Ratkin.xml,"*/ThingDef[defName=""RK_ElectricSmithy""]/comps/li[@Class=""CompProperties_AffectedByFacilities""]/linkableFacilities"
WallStuff,arcjc007.wallstuff,1.6/Patches/ToolBoard_Patch_RWoM.xml,"*/ThingDef[defName=""TableGemcutting""]/comps/li[@Class=""CompProperties_AffectedByFacilities""]/linkableFacilities"
WallStuff,arcjc007.wallstuff,1.6/Patches/ToolBoard_Patch_RWoM.xml,"*/ThingDef[defName=""TableMagicPrinter""]/comps/li[@Class=""CompProperties_AffectedByFacilities""]/linkableFacilities"
WallStuff,arcjc007.wallstuff,1.6/Patches/ToolBoard_Patch_RWoM.xml,"*/ThingDef[defName=""TableArcaneForge""]/comps/li[@Class=""CompProperties_AffectedByFacilities""]/linkableFacilities"
WallStuff,arcjc007.wallstuff,1.6/Patches/ToolBoard_Patch_VFE.xml,"*/ThingDef[defName = ""VFE_TableMachiningLarge""]/comps/li[@Class=""CompProperties_AffectedByFacilities""]/linkableFacilities"
WallStuff,arcjc007.wallstuff,1.6/Patches/ToolBoard_Patch_VFE.xml,"*/ThingDef[defName = ""VFE_TableSmithyLarge""]/comps/li[@Class=""CompProperties_AffectedByFacilities""]/linkableFacilities"
WallStuff,arcjc007.wallstuff,1.6/Patches/ToolBoard_Patch_VFE.xml,"*/ThingDef[defName = ""VFE_TableTailorLarge""]/comps/li[@Class=""CompProperties_AffectedByFacilities""]/linkableFacilities"
WallStuff,arcjc007.wallstuff,1.6/Patches/ToolBoard_Patch_VFE.xml,"*/ThingDef[defName = ""VFE_TableStoveLarge""]/comps/li[@Class=""CompProperties_AffectedByFacilities""]/linkableFacilities"
WallStuff,arcjc007.wallstuff,1.6/Patches/ToolBoard_Patch_VFE.xml,"*/ThingDef[defName = ""VFE_ComponentFabricationBench""]/comps/li[@Class=""CompProperties_AffectedByFacilities""]/linkableFacilities"
WallStuff,arcjc007.wallstuff,1.6/Patches/ToolBoard_Patch_VFE.xml,"*/ThingDef[defName = ""VFE_TableButcherElectric""]/comps/li[@Class=""CompProperties_AffectedByFacilities""]/linkableFacilities"
WallStuff,arcjc007.wallstuff,1.6/Patches/ToolBoard_Patch_VFE.xml,"*/ThingDef[defName = ""VFE_TableDrugLabElectric""]/comps/li[@Class=""CompProperties_AffectedByFacilities""]/linkableFacilities"
WallStuff,arcjc007.wallstuff,1.6/Patches/ToolBoard_Patch_VFE.xml,"*/ThingDef[defName = ""VFE_TableStonecutterElectric""]/comps/li[@Class=""CompProperties_AffectedByFacilities""]/linkableFacilities"
WallStuff,arcjc007.wallstuff,1.6/Patches/ToolBoard_Patch_VFE.xml,"*/ThingDef[defName = ""VFE_FueledSmelter""]/comps/li[@Class=""CompProperties_AffectedByFacilities""]/linkableFacilities"
[42G]Glowing Bushes | Fork by [ETF],fourtoo.glowingbush,Patches/Core_Glow.xml,"Defs/ThingDef[defName=""Plant_Strawberry""]/comps/li[@Class =""CompProperties_Glower""]"
[42G]Glowing Bushes | Fork by [ETF],fourtoo.glowingbush,Patches/Core_Glow.xml,"Defs/ThingDef[defName=""Plant_Berry""]/comps/li[@Class =""CompProperties_Glower""]"
[42G]Glowing Bushes | Fork by [ETF],fourtoo.glowingbush,Patches/Core_Glow.xml,"Defs/ThingDef[defName=""Plant_Ambrosia""]/comps/li[@Class =""CompProperties_Glower""]"
[42G]Glowing Bushes | Fork by [ETF],fourtoo.glowingbush,Patches/Core_Glow.xml,"Defs/ThingDef[defName=""Plant_HealrootWild""]/comps/li[@Class =""CompProperties_Glower""]"
[42G]Glowing Bushes | Fork by [ETF],fourtoo.glowingbush,Patches/Core_Glow.xml,"Defs/ThingDef[defName=""Plant_Healroot""]/comps/li[@Class =""CompProperties_Glower""]"
[42G]Glowing Bushes | Fork by [ETF],fourtoo.glowingbush,ModCompatibility/AlphaAnimals/Patches/AlphaAnimal_Glow.xml,"Defs/ThingDef[defName=""AA_Heat_Ambrosia""]/comps/li[@Class =""CompProperties_Glower""]"
[42G]Glowing Bushes | Fork by [ETF],fourtoo.glowingbush,ModCompatibility/Odyssey_DLC/Patches/Odyssey_Glow.xml,"Defs/ThingDef[defName=""Plant_Strawberry_Wild""]/comps/li[@Class =""CompProperties_Glower""]"
[42G]Glowing Bushes | Fork by [ETF],fourtoo.glowingbush,ModCompatibility/Regrowth/Patches/Regrowth2_Glow.xml,"Defs/ThingDef[defName=""RG_Plant_Raspberry"" or defName=""RG_Plant_RaspberryCultivated""]/comps/li[@Class=""CompProperties_Glower""]"
[kyzy] Ship Wall Enhanced,kyzy.shipwallenhanced,1.6/Patches/SW_Buildings_Gravship.xml,"Defs/ThingDef[defName=""GravEngine""]/comps/li[@Class=""CompProperties_AffectedByFacilities""]/linkableFacilities"
[kyzy] Ship Wall Enhanced,kyzy.shipwallenhanced,1.6/Patches/SW_Buildings_VGECompat.xml,"Defs/ThingDef[defName=""VGE_GravjumperEngine""]/comps/li[@Class=""CompProperties_AffectedByFacilities""]/linkableFacilities"
[kyzy] Ship Wall Enhanced,kyzy.shipwallenhanced,1.6/Patches/SW_Buildings_VGECompat.xml,"Defs/ThingDef[defName=""VGE_GravhulkEngine""]/comps/li[@Class=""CompProperties_AffectedByFacilities""]/linkableFacilities"
Ancient Ruins All Deconstructible,meteores.ancienturbanruinsalldeconstructible.aurad,Patches/Patches_ARAD.xml,"/Defs/ThingDef[@Name=""DMSAC_Wall""]/statBases"
Biomes! Caverns,biomesteam.biomescaverns,1.6/Patches/BiomesCaverns_Fuel.xml,"/Defs/ThingDef[defName=""FueledStove""]/comps/li[@Class=""CompProperties_Refuelable""]/fuelFilter/thingDefs/li[text()=""WoodLog""]"
Biomes! Caverns,biomesteam.biomescaverns,1.6/Patches/BiomesCaverns_Fuel.xml,"/Defs/ThingDef/comps/li[@Class=""CompProperties_Refuelable"" and fuelFilter/thingDefs/li[text()=""WoodLog""]]/fuelFilter/thingDefs/li[text()=""WoodLog""]"
Biomes! Caverns,biomesteam.biomescaverns,1.6/CaveworldFloraUnleashed/Patches/IdeologyPatch.xml,"/Defs/ThingDef[defName=""DarktorchFungus""]/comps/li/fuelFilter/thingDefs"
Biomes! Caverns,biomesteam.biomescaverns,1.6/CaveworldFloraUnleashed/Patches/TunnelerExpandedPatch.xml,"/Defs/ThingDef[defName=""FungusFiredGenerator"" or defName=""FugalCampfire"" or defName=""FungusPassiveCooler""]/comps/li/fuelFilter/thingDefs"
Biomes! Caverns,biomesteam.biomescaverns,1.6/CaveworldFloraUnleashed/Patches/UniversalFermenterPatch.xml,"*/ThingDef[defName=""UniversalFermenter""]/comps/li[@Class=""UniversalFermenter.CompProperties_UniversalFermenter""]/processes"
Biomes! Caverns,biomesteam.biomescaverns,1.6/DLC/Ideology/Patches/BiomesCaverns_DarklightRefuel.xml,"Defs/ThingDef[defName=""Darktorch"" or defName=""DarktorchFungus"" or defName=""DarklightBrazier"" or defName=""Stone_DarklightCampfire""]/comps/li[@Class=""CompProperties_Refuelable""]/fuelFilter/thingDefs"
Biomes! Caverns,biomesteam.biomescaverns,1.6/DLC/Odyssey/Patches/BiomesCaverns_LavaPatch.xml,"/Defs/BiomeDef[defName=""BMT_EarthenDepths""]/terrainPatchMakers"
Biomes! Caverns,biomesteam.biomescaverns,1.6/Mods/AlphaAnimals/Patches/BiomesCaverns_AlphaAnimals.xml,"Defs/BiomeDef[defName=""BMT_CrystalCaverns""]/wildAnimals"
Biomes! Caverns,biomesteam.biomescaverns,1.6/Mods/AlphaAnimals/Patches/BiomesCaverns_AlphaAnimals.xml,"Defs/BiomeDef[defName=""BMT_EarthenDepths""]/wildAnimals"
Biomes! Caverns,biomesteam.biomescaverns,1.6/Mods/AlphaAnimals/Patches/BiomesCaverns_AlphaAnimals.xml,"Defs/BiomeDef[defName=""BMT_FungalForest""]/wildAnimals"
Biomes! Caverns,biomesteam.biomescaverns,1.6/Mods/AlphaAnimals/Patches/BiomesCaverns_AlphaAnimals.xml,"Defs/BiomeVariantDef[defName=""BMT_GlacialHollows""]/layers/li/wildAnimals"
Biomes! Caverns,biomesteam.biomescaverns,1.6/Mods/AlphaAnimals/Patches/BiomesCaverns_AlphaAnimals.xml,"Defs/BiomeVariantDef[defName=""BMT_DesertShallows""]/layers/li/wildAnimals"
Biomes! Caverns,biomesteam.biomescaverns,1.6/Mods/AlphaAnimals/Patches/BiomesCaverns_AlphaAnimals.xml,"Defs/BiomeVariantDef[defName=""BMT_ShallowCave""]/layers/li/wildAnimals"
Biomes! Polluted Lands,biomesteam.biomespollutedlands,1.6/Patches/Patches_AnimalSpawn_Caverns.xml,"/Defs/BiomeDef[defName=""BMT_CrystalCaverns""]/pollutionWildAnimals"
Biomes! Polluted Lands,biomesteam.biomespollutedlands,1.6/Patches/Patches_AnimalSpawn_Caverns.xml,"/Defs/BiomeDef[defName=""BMT_FungalForest""]/pollutionWildAnimals"
Biomes! Polluted Lands,biomesteam.biomespollutedlands,1.6/Patches/Patches_AnimalSpawn_Caverns.xml,"/Defs/BiomeDef[defName=""BMT_EarthenDepths""]/pollutionWildAnimals"
Biomes! Polluted Lands,biomesteam.biomespollutedlands,1.6/Patches/Patches_AnimalSpawn_MashedAshlandsBiomes.xml,"/Defs/BiomeDef[defName=""Mashed_Ashlands_ForestAshlands""]/pollutionWildAnimals"
Biomes! Polluted Lands,biomesteam.biomespollutedlands,1.6/Patches/Patches_AnimalSpawn_MashedAshlandsBiomes.xml,"/Defs/BiomeDef[defName=""Mashed_Ashlands_MeadowAshlands""]/pollutionWildAnimals"
Biomes! Polluted Lands,biomesteam.biomespollutedlands,1.6/Patches/Patches_AnimalSpawn_MashedAshlandsBiomes.xml,"/Defs/BiomeDef[defName=""Mashed_Ashlands_MarshAshlands""]/pollutionWildAnimals"
Biomes! Polluted Lands,biomesteam.biomespollutedlands,1.6/Patches/Patches_AnimalSpawn_MashedAshlandsBiomes.xml,"/Defs/BiomeDef[defName=""Mashed_Ashlands_SwampAshlands""]/pollutionWildAnimals"
Biomes! Polluted Lands,biomesteam.biomespollutedlands,1.6/Patches/Patches_AnimalSpawn_MashedAshlandsBiomes.xml,"/Defs/BiomeDef[defName=""Mashed_Ashlands_VolcanicAshlands"" or defName=""Mashed_Ashlands_VolcanicBadlandAshlands"" or defName=""Mashed_Ashlands_VolcanicSulphurPitsAshlands""]/pollutionWildAnimals"
Biomes! Polluted Lands,biomesteam.biomespollutedlands,1.6/Patches/Patches_AnimalSpawn_MashedAshlandsBiomes.xml,"/Defs/BiomeDef[defName=""Mashed_Ashlands_DustplainAshlands"" or defName=""Mashed_Ashlands_GrazelandAshlands"" or defName=""Mashed_Ashlands_Ashlands""]/pollutionWildAnimals"
Biomes! Polluted Lands,biomesteam.biomespollutedlands,1.6/Patches/Patches_AnimalSpawn_MashedAshlandsBiomes.xml,"/Defs/BiomeDef[defName=""Mashed_Ashlands_BlightedAshlands"" or defName=""Mashed_Ashlands_BlightedBogAshlands""]/pollutionWildAnimals"
Biomes! Polluted Lands,biomesteam.biomespollutedlands,1.6/Patches/Patches_AnimalSpawn_RegrowthWastelands.xml,"/Defs/BiomeDef[defName=""RG_TemperateWasteland""]/pollutionWildAnimals"
Biomes! Polluted Lands,biomesteam.biomespollutedlands,1.6/Patches/Patches_AnimalSpawn_RegrowthWastelands.xml,"/Defs/BiomeDef[defName=""RG_AridWasteland""]/pollutionWildAnimals"
Biomes! Polluted Lands,biomesteam.biomespollutedlands,1.6/Patches/Patches_AnimalSpawn_RegrowthWastelands.xml,"/Defs/BiomeDef[defName=""RG_FrigidWasteland""]/pollutionWildAnimals"
Biomes! Polluted Lands,biomesteam.biomespollutedlands,1.6/Patches/Patches_HumanHediffSet.xml,/Defs/BiomeDef/diseases
Biomes! Polluted Lands,biomesteam.biomespollutedlands,1.6/Patches/Patches_PlantSpawn_VanillaBiomes.xml,"/Defs/BiomeDef[defName=""TemperateForest"" or defName=""BiomesIslands_TemperateIslandBase""]/wildPlants"
Biomes! Polluted Lands,biomesteam.biomespollutedlands,1.6/Patches/Patches_PlantSpawn_VanillaBiomes.xml,"/Defs/BiomeDef[defName=""TropicalRainforest"" or defName=""BiomesIslands_TropicalIslandBase"" or defName=""BiomesIslands_Atoll""]/wildPlants"
Biomes! Polluted Lands,biomesteam.biomespollutedlands,1.6/Patches/Patches_PlantSpawn_VanillaBiomes.xml,"/Defs/BiomeDef[defName=""TemperateSwamp""]/wildPlants"
Biomes! Polluted Lands,biomesteam.biomespollutedlands,1.6/Patches/Patches_PlantSpawn_VanillaBiomes.xml,"/Defs/BiomeDef[defName=""TropicalSwamp""]/wildPlants"
Biomes! Polluted Lands,biomesteam.biomespollutedlands,1.6/Patches/Patches_PlantSpawn_VanillaBiomes.xml,"/Defs/BiomeDef[defName=""Desert"" or defName=""BiomesIslands_DesertIslandBase""]/wildPlants"
Biomes! Polluted Lands,biomesteam.biomespollutedlands,1.6/Patches/Patches_PlantSpawn_VanillaBiomes.xml,"/Defs/BiomeDef[defName=""ExtremeDesert""]/wildPlants"
Biomes! Polluted Lands,biomesteam.biomespollutedlands,1.6/Patches/Patches_PlantSpawn_VanillaBiomes.xml,"/Defs/BiomeDef[defName=""AridShrubland""]/wildPlants"
Biomes! Polluted Lands,biomesteam.biomespollutedlands,1.6/Patches/Patches_PlantSpawn_VanillaBiomes.xml,"/Defs/BiomeDef[defName=""BorealForest"" or defName=""BiomesIslands_BorealIsland""]/wildPlants"
Biomes! Polluted Lands,biomesteam.biomespollutedlands,1.6/Patches/Patches_PlantSpawn_VanillaBiomes.xml,"/Defs/BiomeDef[defName=""Tundra"" or defName=""BiomesIslands_TundraIslandBase""]/wildPlants"
Biomes! Polluted Lands,biomesteam.biomespollutedlands,1.6/Patches/Patches_PlantSpawn_VanillaBiomes.xml,"/Defs/BiomeDef[defName=""ColdBog""]/wildPlants"
Biomes! Polluted Lands,biomesteam.biomespollutedlands,1.6/Patches/ToxFuelPatch.xml,"/Defs/ThingDef/comps/li[@Class=""CompProperties_Refuelable""]/fuelFilter/thingDefs[li[contains(text(),'WoodLog')]]"
Biomes! Polluted Lands,biomesteam.biomespollutedlands,1.6/Patches/t_AnimalsSpawn_Vanilla.xml,"/Defs/BiomeDef[defName=""TemperateForest"" or defName=""BiomesIslands_TemperateIslandBase""]/pollutionWildAnimals"
Biomes! Polluted Lands,biomesteam.biomespollutedlands,1.6/Patches/t_AnimalsSpawn_Vanilla.xml,"/Defs/BiomeDef[defName=""TropicalRainforest"" or defName=""BiomesIslands_TropicalIslandBase"" or defName=""BiomesIslands_Atoll""]/pollutionWildAnimals"
Biomes! Polluted Lands,biomesteam.biomespollutedlands,1.6/Patches/t_AnimalsSpawn_Vanilla.xml,"/Defs/BiomeDef[defName=""TemperateSwamp""]/pollutionWildAnimals"
Biomes! Polluted Lands,biomesteam.biomespollutedlands,1.6/Patches/t_AnimalsSpawn_Vanilla.xml,"/Defs/BiomeDef[defName=""TropicalSwamp""]/pollutionWildAnimals"
Biomes! Polluted Lands,biomesteam.biomespollutedlands,1.6/Patches/t_AnimalsSpawn_Vanilla.xml,"/Defs/BiomeDef[defName=""Desert"" or defName=""BiomesIslands_DesertIslandBase""]/pollutionWildAnimals"
Biomes! Polluted Lands,biomesteam.biomespollutedlands,1.6/Patches/t_AnimalsSpawn_Vanilla.xml,"/Defs/BiomeDef[defName=""ExtremeDesert""]/pollutionWildAnimals"
Biomes! Polluted Lands,biomesteam.biomespollutedlands,1.6/Patches/t_AnimalsSpawn_Vanilla.xml,"/Defs/BiomeDef[defName=""AridShrubland""]/pollutionWildAnimals"
Biomes! Polluted Lands,biomesteam.biomespollutedlands,1.6/Patches/t_AnimalsSpawn_Vanilla.xml,"/Defs/BiomeDef[defName=""BorealForest"" or defName=""BiomesIslands_BorealIsland""]/pollutionWildAnimals"
Biomes! Polluted Lands,biomesteam.biomespollutedlands,1.6/Patches/t_AnimalsSpawn_Vanilla.xml,"/Defs/BiomeDef[defName=""Tundra"" or defName=""BiomesIslands_TundraIslandBase""]/pollutionWildAnimals"
Biomes! Polluted Lands,biomesteam.biomespollutedlands,1.6/Patches/t_AnimalsSpawn_Vanilla.xml,"/Defs/BiomeDef[defName=""ColdBog""]/pollutionWildAnimals"
Biomes! Polluted Lands,biomesteam.biomespollutedlands,1.6/Patches/t_AnimalsSpawn_Vanilla.xml,"/Defs/BiomeDef[defName=""IceSheet""]/pollutionWildAnimals"
Biomes! Polluted Lands,biomesteam.biomespollutedlands,1.6/Patches/t_AnimalsSpawn_Vanilla.xml,"/Defs/BiomeDef[defName=""IceSheet""]"
Biomes! Polluted Lands,biomesteam.biomespollutedlands,1.6/Patches/t_AnimalsSpawn_Vanilla.xml,"/Defs/BiomeDef[defName=""IceSheet""]/pollutionWildAnimals"
Biomes! Polluted Lands,biomesteam.biomespollutedlands,1.6/Patches/t_AnimalsSpawn_Vanilla.xml,"/Defs/BiomeDef[defName=""SeaIce""]/pollutionWildAnimals"
Biomes! Polluted Lands,biomesteam.biomespollutedlands,1.6/Patches/t_AnimalsSpawn_Vanilla.xml,"/Defs/BiomeDef[defName=""SeaIce""]"
Biomes! Polluted Lands,biomesteam.biomespollutedlands,1.6/Patches/t_AnimalsSpawn_Vanilla.xml,"/Defs/BiomeDef[defName=""SeaIce""]/pollutionWildAnimals"
Minerals Rock,zacharyfoster.mineralsrock,1.6/Patches/Odyssey.xml,"/Defs/BiomeDef[defName=""IceSheet""]"
Minerals Rock,zacharyfoster.mineralsrock,1.6/Patches/Odyssey.xml,"/Defs/BiomeDef[defName=""LavaField""]"
Minerals Rock,zacharyfoster.mineralsrock,1.6/Patches/RemoveChunks.xml,/Defs/BiomeDef/extraGenSteps
Minerals Sparkle,zacharyfoster.mineralssparkle,1.6/Patches/01_Vanilla/Research.xml,"Defs/ThingDef[defName = ""SimpleResearchBench""]/comps/li[@Class=""CompProperties_AffectedByFacilities""]"
Minerals Sparkle,zacharyfoster.mineralssparkle,1.6/Patches/01_Vanilla/Research.xml,"Defs/ThingDef[defName = ""SimpleResearchBench""]/comps/li[@Class=""CompProperties_AffectedByFacilities""]/linkableFacilities"
Minerals Sparkle,zacharyfoster.mineralssparkle,1.6/Patches/01_Vanilla/Research.xml,"Defs/ThingDef[defName = ""HiTechResearchBench""]/comps/li[@Class=""CompProperties_AffectedByFacilities""]/linkableFacilities"
ReGrowth 2 World Map Beautification for Advanced Biomes (Continued),noxilie.regrow.wmb.advancedbiomes,1.6/Patches/Advanced Biomes (Continued).xml,"/Defs/BiomeDef[defName = ""PoisonForest""]"
ReGrowth 2 World Map Beautification for Advanced Biomes (Continued),noxilie.regrow.wmb.advancedbiomes,1.6/Patches/Advanced Biomes (Continued).xml,"/Defs/BiomeDef[defName = ""Savanna""]"
ReGrowth 2 World Map Beautification for Advanced Biomes (Continued),noxilie.regrow.wmb.advancedbiomes,1.6/Patches/Advanced Biomes (Continued).xml,"/Defs/BiomeDef[defName = ""Volcano""]"
ReGrowth 2 World Map Beautification for Advanced Biomes (Continued),noxilie.regrow.wmb.advancedbiomes,1.6/Patches/Advanced Biomes (Continued).xml,"/Defs/BiomeDef[defName = ""Wasteland""]"
ReGrowth 2 World Map Beautification for Advanced Biomes (Continued),noxilie.regrow.wmb.advancedbiomes,1.6/Patches/Advanced Biomes (Continued).xml,"/Defs/BiomeDef[defName = ""Wetland""]"
ReGrowth 2 World Map Beautification for Alpha Biomes,noxilie.regrow.wmb.alphabiomes,1.6/Patches/Alpha Biomes.xml,"/Defs/BiomeDef[defName = ""AB_FeraliskInfestedJungle""]"
ReGrowth 2 World Map Beautification for Alpha Biomes,noxilie.regrow.wmb.alphabiomes,1.6/Patches/Alpha Biomes.xml,"/Defs/BiomeDef[defName = ""AB_GallatrossGraveyard""]"
ReGrowth 2 World Map Beautification for Alpha Biomes,noxilie.regrow.wmb.alphabiomes,1.6/Patches/Alpha Biomes.xml,"/Defs/BiomeDef[defName = ""AB_GelatinousSuperorganism""]"
ReGrowth 2 World Map Beautification for Alpha Biomes,noxilie.regrow.wmb.alphabiomes,1.6/Patches/Alpha Biomes.xml,"/Defs/BiomeDef[defName = ""AB_MechanoidIntrusion""]"
ReGrowth 2 World Map Beautification for Alpha Biomes,noxilie.regrow.wmb.alphabiomes,1.6/Patches/Alpha Biomes.xml,"/Defs/BiomeDef[defName = ""AB_MycoticJungle""]"
ReGrowth 2 World Map Beautification for Alpha Biomes,noxilie.regrow.wmb.alphabiomes,1.6/Patches/Alpha Biomes.xml,"/Defs/BiomeDef[defName = ""AB_OcularForest""]"
ReGrowth 2 World Map Beautification for Alpha Biomes,noxilie.regrow.wmb.alphabiomes,1.6/Patches/Alpha Biomes.xml,"/Defs/BiomeDef[defName = ""AB_PropaneLakes""]"
ReGrowth 2 World Map Beautification for Alpha Biomes,noxilie.regrow.wmb.alphabiomes,1.6/Patches/Alpha Biomes.xml,"/Defs/BiomeDef[defName = ""AB_PyroclasticConflagration""]"
ReGrowth 2 World Map Beautification for Alpha Biomes,noxilie.regrow.wmb.alphabiomes,1.6/Patches/Alpha Biomes.xml,"/Defs/BiomeDef[defName = ""AB_RockyCrags""]"
ReGrowth 2 World Map Beautification for Alpha Biomes,noxilie.regrow.wmb.alphabiomes,1.6/Patches/Alpha Biomes.xml,"/Defs/BiomeDef[defName = ""AB_TarPits""]"
ReGrowth 2 World Map Beautification for Alpha Biomes,noxilie.regrow.wmb.alphabiomes,1.6/Patches/Alpha Biomes.xml,"/Defs/BiomeDef[defName = ""AB_IdyllicMeadows""]"
ReGrowth 2 World Map Beautification for Alpha Biomes,noxilie.regrow.wmb.alphabiomes,1.6/Patches/Alpha Biomes.xml,"/Defs/BiomeDef[defName = ""AB_MiasmicMangrove""]"
Vanilla Factions Expanded - Pirates,oskarpotocki.vfe.pirates,1.6/Patches/SOS2Patch.xml,"/Defs/VFEPirates.WarcasketDef[defName = ""VFEP_Warcasket_Warcasket"" or defName = ""VFEP_Warcasket_Marine"" or defName = ""VFEP_Warcasket_Recon"" or defName = ""VFEP_Warcasket_Cataphract"" or defName = ""VFEP_Warcasket_Aerial"" or defName = ""VFEP_Warcasket_Barrage"" or defName = ""VFEP_Warcasket_Hazard"" or defName = ""VFEP_Warcasket_Shock"" or defName = ""VFEP_Warcasket_Siegebreaker"" or defName = ""VFEP_Warcasket"
Vanilla Factions Expanded - Pirates,oskarpotocki.vfe.pirates,1.6/Patches/SOS2Patch.xml,"/Defs/VFEPirates.WarcasketDef[defName = ""VFEP_WarcasketHelmet_Warcasket"" or defName = ""VFEP_WarcasketHelmet_Marine"" or defName = ""VFEP_WarcasketHelmet_Recon"" or defName = ""VFEP_WarcasketHelmet_Cataphract"" or defName = ""VFEP_WarcasketHelmet_Aerial"" or defName = ""VFEP_WarcasketHelmet_Barrage"" or defName = ""VFEP_WarcasketHelmet_Hazard"" or defName = ""VFEP_WarcasketHelmet_Shock"" or defName = ""VFEP_Warc"
Vanilla Ideology Expanded - Memes and Structures,vanillaexpanded.vmemese,1.6/Patches/MakingFurnitureStyleable/AnimalBoxBedPatch.xml,"/Defs/ThingDef[defName = ""AnimalSleepingBox""]/comps/li[@Class = ""CompProperties_Styleable""]"
Vanilla Ideology Expanded - Memes and Structures,vanillaexpanded.vmemese,1.6/Patches/MakingFurnitureStyleable/ArmchairPatch.xml,"/Defs/ThingDef[defName = ""Armchair""]/comps/li[@Class = ""CompProperties_Styleable""]"
Vanilla Ideology Expanded - Memes and Structures,vanillaexpanded.vmemese,1.6/Patches/MakingFurnitureStyleable/BabyDecorationPatch.xml,"/Defs/ThingDef[defName = ""BabyDecoration""]/comps/li[@Class = ""CompProperties_Styleable""]"
Vanilla Ideology Expanded - Memes and Structures,vanillaexpanded.vmemese,1.6/Patches/MakingFurnitureStyleable/BedsPatch.xml,"/Defs/ThingDef[defName = ""Bed""]/comps/li[@Class = ""CompProperties_Styleable""]"
Vanilla Ideology Expanded - Memes and Structures,vanillaexpanded.vmemese,1.6/Patches/MakingFurnitureStyleable/BedsPatch.xml,"/Defs/ThingDef[defName = ""DoubleBed""]/comps/li[@Class = ""CompProperties_Styleable""]"
Vanilla Ideology Expanded - Memes and Structures,vanillaexpanded.vmemese,1.6/Patches/MakingFurnitureStyleable/BedsPatch.xml,"/Defs/ThingDef[defName = ""HospitalBed""]/comps/li[@Class = ""CompProperties_Styleable""]"
Vanilla Ideology Expanded - Memes and Structures,vanillaexpanded.vmemese,1.6/Patches/MakingFurnitureStyleable/BedsPatch.xml,"/Defs/ThingDef[defName = ""RoyalBed""]/comps/li[@Class = ""CompProperties_Styleable""]"
Vanilla Ideology Expanded - Memes and Structures,vanillaexpanded.vmemese,1.6/Patches/MakingFurnitureStyleable/BlackboardPatch.xml,"/Defs/ThingDef[defName = ""Blackboard""]/comps/li[@Class = ""CompProperties_Styleable""]"
Vanilla Ideology Expanded - Memes and Structures,vanillaexpanded.vmemese,1.6/Patches/MakingFurnitureStyleable/BonsaiPotPatch.xml,"/Defs/ThingDef[defName = ""PlantPot_Bonsai""]/comps/li[@Class = ""CompProperties_Styleable""]"
Vanilla Ideology Expanded - Memes and Structures,vanillaexpanded.vmemese,1.6/Patches/MakingFurnitureStyleable/BraziersPatch.xml,"/Defs/ThingDef[defName = ""Brazier""]/comps/li[@Class = ""CompProperties_Styleable""]"
Vanilla Ideology Expanded - Memes and Structures,vanillaexpanded.vmemese,1.6/Patches/MakingFurnitureStyleable/BraziersPatch.xml,"/Defs/ThingDef[defName = ""DarklightBrazier""]/comps/li[@Class = ""CompProperties_Styleable""]"
Vanilla Ideology Expanded - Memes and Structures,vanillaexpanded.vmemese,1.6/Patches/MakingFurnitureStyleable/CampfirePatch.xml,"/Defs/ThingDef[defName = ""Campfire""]/comps/li[@Class = ""CompProperties_Styleable""]"
Vanilla Ideology Expanded - Memes and Structures,vanillaexpanded.vmemese,1.6/Patches/MakingFurnitureStyleable/ChessTablePatch.xml,"/Defs/ThingDef[defName = ""ChessTable""]/comps/li[@Class = ""CompProperties_Styleable""]"
Vanilla Ideology Expanded - Memes and Structures,vanillaexpanded.vmemese,1.6/Patches/MakingFurnitureStyleable/ComponentsPatch.xml,"/Defs/ThingDef[defName = ""ComponentIndustrial""]/comps/li[@Class = ""CompProperties_Styleable""]"
Vanilla Ideology Expanded - Memes and Structures,vanillaexpanded.vmemese,1.6/Patches/MakingFurnitureStyleable/ComponentsPatch.xml,"/Defs/ThingDef[defName = ""ComponentSpacer""]/comps/li[@Class = ""CompProperties_Styleable""]"
Vanilla Ideology Expanded - Memes and Structures,vanillaexpanded.vmemese,1.6/Patches/MakingFurnitureStyleable/CoolerPatch.xml,"/Defs/ThingDef[defName = ""Cooler""]/comps/li[@Class = ""CompProperties_Styleable""]"
Vanilla Ideology Expanded - Memes and Structures,vanillaexpanded.vmemese,1.6/Patches/MakingFurnitureStyleable/CouchPatch.xml,"/Defs/ThingDef[defName = ""Couch""]/comps/li[@Class = ""CompProperties_Styleable""]"
Vanilla Ideology Expanded - Memes and Structures,vanillaexpanded.vmemese,1.6/Patches/MakingFurnitureStyleable/CribPatch.xml,"/Defs/ThingDef[defName = ""Crib""]/comps/li[@Class = ""CompProperties_Styleable""]"
Vanilla Ideology Expanded - Memes and Structures,vanillaexpanded.vmemese,1.6/Patches/MakingFurnitureStyleable/DarktorchPatch.xml,"/Defs/ThingDef[defName = ""Darktorch""]/comps/li[@Class = ""CompProperties_Styleable""]"
Vanilla Ideology Expanded - Memes and Structures,vanillaexpanded.vmemese,1.6/Patches/MakingFurnitureStyleable/DeepDrillPatch.xml,"/Defs/ThingDef[defName = ""DeepDrill""]/comps/li[@Class = ""CompProperties_Styleable""]"
Vanilla Ideology Expanded - Memes and Structures,vanillaexpanded.vmemese,1.6/Patches/MakingFurnitureStyleable/DoorPatch.xml,"/Defs/ThingDef[defName = ""Door""]/comps/li[@Class = ""CompProperties_Styleable""]"
Vanilla Ideology Expanded - Memes and Structures,vanillaexpanded.vmemese,1.6/Patches/MakingFurnitureStyleable/DrapePatch.xml,"/Defs/ThingDef[defName = ""Drape""]/comps/li[@Class = ""CompProperties_Styleable""]"
Vanilla Ideology Expanded - Memes and Structures,vanillaexpanded.vmemese,1.6/Patches/MakingFurnitureStyleable/DresserPatch.xml,"/Defs/ThingDef[defName = ""Dresser""]/comps/li[@Class = ""CompProperties_Styleable""]"
Vanilla Ideology Expanded - Memes and Structures,vanillaexpanded.vmemese,1.6/Patches/MakingFurnitureStyleable/EndTablePatch.xml,"/Defs/ThingDef[defName = ""EndTable""]/comps/li[@Class = ""CompProperties_Styleable""]"
Vanilla Ideology Expanded - Memes and Structures,vanillaexpanded.vmemese,1.6/Patches/MakingFurnitureStyleable/FirefoamPopperPatch.xml,"/Defs/ThingDef[defName = ""FirefoamPopper""]/comps/li[@Class = ""CompProperties_Styleable""]"
Vanilla Ideology Expanded - Memes and Structures,vanillaexpanded.vmemese,1.6/Patches/MakingFurnitureStyleable/FloodlightPatch.xml,"/Defs/ThingDef[defName = ""FloodLight""]/comps/li[@Class = ""CompProperties_Styleable""]"
Vanilla Ideology Expanded - Memes and Structures,vanillaexpanded.vmemese,1.6/Patches/MakingFurnitureStyleable/GeneratorsPatch.xml,"/Defs/ThingDef[defName = ""WoodFiredGenerator""]/comps/li[@Class = ""CompProperties_Styleable""]"
Vanilla Ideology Expanded - Memes and Structures,vanillaexpanded.vmemese,1.6/Patches/MakingFurnitureStyleable/GeneratorsPatch.xml,"/Defs/ThingDef[defName = ""ChemfuelPoweredGenerator""]/comps/li[@Class = ""CompProperties_Styleable""]"
Vanilla Ideology Expanded - Memes and Structures,vanillaexpanded.vmemese,1.6/Patches/MakingFurnitureStyleable/GeneratorsPatch.xml,"/Defs/ThingDef[defName = ""SolarGenerator""]/comps/li[@Class = ""CompProperties_Styleable""]"
Vanilla Ideology Expanded - Memes and Structures,vanillaexpanded.vmemese,1.6/Patches/MakingFurnitureStyleable/GeneratorsPatch.xml,"/Defs/ThingDef[defName = ""GeothermalGenerator""]/comps/li[@Class = ""CompProperties_Styleable""]"
Vanilla Ideology Expanded - Memes and Structures,vanillaexpanded.vmemese,1.6/Patches/MakingFurnitureStyleable/HoldingPlatformPatch.xml,"/Defs/ThingDef[defName = ""HoldingPlatform""]/comps/li[@Class = ""CompProperties_Styleable""]"
Vanilla Ideology Expanded - Memes and Structures,vanillaexpanded.vmemese,1.6/Patches/MakingFurnitureStyleable/HorseshoesPinPatch.xml,"/Defs/ThingDef[defName = ""HorseshoesPin""]/comps/li[@Class = ""CompProperties_Styleable""]"
Vanilla Ideology Expanded - Memes and Structures,vanillaexpanded.vmemese,1.6/Patches/MakingFurnitureStyleable/MultianalyzerPatch.xml,"/Defs/ThingDef[defName = ""MultiAnalyzer""]/comps/li[@Class = ""CompProperties_Styleable""]"
Vanilla Ideology Expanded - Memes and Structures,vanillaexpanded.vmemese,1.6/Patches/MakingFurnitureStyleable/NutrientMealsPatch.xml,"/Defs/ThingDef[defName = ""MealNutrientPaste""]/comps/li[@Class = ""CompProperties_Styleable""]"
Vanilla Ideology Expanded - Memes and Structures,vanillaexpanded.vmemese,1.6/Patches/MakingFurnitureStyleable/OrbitalTradeBeaconPatch.xml,"/Defs/ThingDef[defName = ""OrbitalTradeBeacon""]/comps/li[@Class = ""CompProperties_Styleable""]"
Vanilla Ideology Expanded - Memes and Structures,vanillaexpanded.vmemese,1.6/Patches/MakingFurnitureStyleable/PenMarkerPatch.xml,"/Defs/ThingDef[defName = ""PenMarker""]/comps/li[@Class = ""CompProperties_Styleable""]"
Vanilla Ideology Expanded - Memes and Structures,vanillaexpanded.vmemese,1.6/Patches/MakingFurnitureStyleable/ReliquaryPatch.xml,"/Defs/ThingDef[defName = ""Reliquary""]/comps/li[@Class = ""CompProperties_Styleable""]"
Vanilla Ideology Expanded - Memes and Structures,vanillaexpanded.vmemese,1.6/Patches/MakingFurnitureStyleable/SunLampPatch.xml,"/Defs/ThingDef[defName = ""SunLamp""]/comps/li[@Class = ""CompProperties_Styleable""]"
Vanilla Ideology Expanded - Memes and Structures,vanillaexpanded.vmemese,1.6/Patches/MakingFurnitureStyleable/TelescopePatch.xml,"/Defs/ThingDef[defName = ""Telescope""]/comps/li[@Class = ""CompProperties_Styleable""]"
Vanilla Ideology Expanded - Memes and Structures,vanillaexpanded.vmemese,1.6/Patches/MakingFurnitureStyleable/ThronePatch.xml,"/Defs/ThingDef[defName = ""Throne""]/comps/li[@Class = ""CompProperties_Styleable""]"
Vanilla Ideology Expanded - Memes and Structures,vanillaexpanded.vmemese,1.6/Patches/MakingFurnitureStyleable/ToyBoxPatch.xml,"/Defs/ThingDef[defName = ""ToyBox""]/comps/li[@Class = ""CompProperties_Styleable""]"
Vanilla Ideology Expanded - Memes and Structures,vanillaexpanded.vmemese,1.6/Patches/MakingFurnitureStyleable/TubeTelevisionPatch.xml,"/Defs/ThingDef[defName = ""TubeTelevision""]/comps/li[@Class = ""CompProperties_Styleable""]"
Vanilla Ideology Expanded - Memes and Structures,vanillaexpanded.vmemese,1.6/Patches/MakingFurnitureStyleable/VitalsMonitorPatch.xml,"/Defs/ThingDef[defName = ""VitalsMonitor""]/comps/li[@Class = ""CompProperties_Styleable""]"
Vanilla Ideology Expanded - Memes and Structures,vanillaexpanded.vmemese,1.6/Patches/MakingFurnitureStyleable/WallPatch.xml,"/Defs/ThingDef[defName = ""Wall""]/comps/li[@Class = ""CompProperties_Styleable""]"
ABF: Artificial Beings Framework,killathon.artificialbeings,1.6/Patches/ThingDef_Patches.xml,"Defs/ThingDef[defName=""Mech_Fabricor""]/race/mechEnabledWorkTypes"
Ancient Urban Ruins Hit Point,meteores.ancienturbanruinsvanillaloot.aurvl,Patches/Patches_AURVL.xml,"/Defs/ThingDef[defName=""AM_Wall_Atlas_Concrete""]/statBases"
Ancient Urban Ruins Hit Point,meteores.ancienturbanruinsvanillaloot.aurvl,Patches/Patches_AURVL.xml,"/Defs/ThingDef[defName=""AM_Wall_Atlas_AcientConcrete""]/statBases"
Ancient Urban Ruins Hit Point,meteores.ancienturbanruinsvanillaloot.aurvl,Patches/Patches_AURVL.xml,"/Defs/ThingDef[defName=""AM_Wall_Atlas_LoadBearing""]/statBases"
Ancient Urban Ruins Hit Point,meteores.ancienturbanruinsvanillaloot.aurvl,Patches/Patches_AURVL.xml,"/Defs/ThingDef[defName=""AM_MallColumn""]/statBases/MaxHitPoints"
Ancient Urban Ruins Hit Point,meteores.ancienturbanruinsvanillaloot.aurvl,Patches/Patches_AURVL.xml,"/Defs/ThingDef[defName=""AM_ParkingLotColumn""]/statBases/MaxHitPoints"
Farhan's Warcasket Tweaks (Vacuum and Temperature),farhanfair.warcaskettweakspatch,Patches/Alpha_Mech_Warcasket.xml,"/Defs/VFEPirates.WarcasketDef[defName=""VFEP_Warcasket_Helmet_MechController""]/statBases/Insulation_Cold"
Farhan's Warcasket Tweaks (Vacuum and Temperature),farhanfair.warcaskettweakspatch,Patches/Alpha_Mech_Warcasket.xml,"/Defs/VFEPirates.WarcasketDef[defName=""VFEP_Warcasket_Helmet_MechController""]/statBases/Insulation_Heat"
Farhan's Warcasket Tweaks (Vacuum and Temperature),farhanfair.warcaskettweakspatch,Patches/Alpha_Mech_Warcasket.xml,"/Defs/VFEPirates.WarcasketDef[defName=""VFEP_Warcasket_MechController""]/statBases/Insulation_Cold"
Farhan's Warcasket Tweaks (Vacuum and Temperature),farhanfair.warcaskettweakspatch,Patches/Alpha_Mech_Warcasket.xml,"/Defs/VFEPirates.WarcasketDef[defName=""VFEP_Warcasket_MechController""]/statBases/Insulation_Heat"
Farhan's Warcasket Tweaks (Vacuum and Temperature),farhanfair.warcaskettweakspatch,Patches/Alpha_Mech_Warcasket.xml,"/Defs/VFEPirates.WarcasketDef[defName=""VFEP_Warcasket_Shoulders_MechController""]/statBases/Insulation_Cold"
Farhan's Warcasket Tweaks (Vacuum and Temperature),farhanfair.warcaskettweakspatch,Patches/Alpha_Mech_Warcasket.xml,"/Defs/VFEPirates.WarcasketDef[defName=""VFEP_Warcasket_Shoulders_MechController""]/statBases/Insulation_Heat"
Farhan's Warcasket Tweaks (Vacuum and Temperature),farhanfair.warcaskettweakspatch,Patches/Ancient_Arsenal_Warcaskets.xml,"/Defs/VFEPirates.WarcasketDef[defName=""WarcasketHelmet_Ancient""]/statBases/Insulation_Cold"
Farhan's Warcasket Tweaks (Vacuum and Temperature),farhanfair.warcaskettweakspatch,Patches/Ancient_Arsenal_Warcaskets.xml,"/Defs/VFEPirates.WarcasketDef[defName=""WarcasketHelmet_Ancient""]/statBases/Insulation_Heat"
Farhan's Warcasket Tweaks (Vacuum and Temperature),farhanfair.warcaskettweakspatch,Patches/Ancient_Arsenal_Warcaskets.xml,"/Defs/VFEPirates.WarcasketDef[defName=""Warcasket_Ancient""]/statBases/Insulation_Cold"
Farhan's Warcasket Tweaks (Vacuum and Temperature),farhanfair.warcaskettweakspatch,Patches/Ancient_Arsenal_Warcaskets.xml,"/Defs/VFEPirates.WarcasketDef[defName=""Warcasket_Ancient""]/statBases/Insulation_Heat"
Farhan's Warcasket Tweaks (Vacuum and Temperature),farhanfair.warcaskettweakspatch,Patches/Ancient_Arsenal_Warcaskets.xml,"/Defs/VFEPirates.WarcasketDef[defName=""VFEP_WarcasketShoulders_Ancient""]/statBases/Insulation_Cold"
Farhan's Warcasket Tweaks (Vacuum and Temperature),farhanfair.warcaskettweakspatch,Patches/Ancient_Arsenal_Warcaskets.xml,"/Defs/VFEPirates.WarcasketDef[defName=""VFEP_WarcasketShoulders_Ancient""]/statBases/Insulation_Heat"
Farhan's Warcasket Tweaks (Vacuum and Temperature),farhanfair.warcaskettweakspatch,Patches/Ancient_Arsenal_Warcaskets.xml,"/Defs/VFEPirates.WarcasketDef[defName=""WarcasketHelmet_Ancient_Cloak""]/statBases/Insulation_Cold"
Farhan's Warcasket Tweaks (Vacuum and Temperature),farhanfair.warcaskettweakspatch,Patches/Ancient_Arsenal_Warcaskets.xml,"/Defs/VFEPirates.WarcasketDef[defName=""WarcasketHelmet_Ancient_Cloak""]/statBases/Insulation_Heat"
Farhan's Warcasket Tweaks (Vacuum and Temperature),farhanfair.warcaskettweakspatch,Patches/Ancient_Arsenal_Warcaskets.xml,"/Defs/VFEPirates.WarcasketDef[defName=""WarcasketHelmet_Ancient_Penitent""]/statBases/Insulation_Cold"
Farhan's Warcasket Tweaks (Vacuum and Temperature),farhanfair.warcaskettweakspatch,Patches/Ancient_Arsenal_Warcaskets.xml,"/Defs/VFEPirates.WarcasketDef[defName=""WarcasketHelmet_Ancient_Penitent""]/statBases/Insulation_Heat"
Farhan's Warcasket Tweaks (Vacuum and Temperature),farhanfair.warcaskettweakspatch,Patches/Ancient_Arsenal_Warcaskets.xml,"/Defs/VFEPirates.WarcasketDef[defName=""WarcasketHelmet_Ancient_Mechnomancer""]/statBases/Insulation_Cold"
Farhan's Warcasket Tweaks (Vacuum and Temperature),farhanfair.warcaskettweakspatch,Patches/Ancient_Arsenal_Warcaskets.xml,"/Defs/VFEPirates.WarcasketDef[defName=""WarcasketHelmet_Ancient_Mechnomancer""]/statBases/Insulation_Heat"
Farhan's Warcasket Tweaks (Vacuum and Temperature),farhanfair.warcaskettweakspatch,Patches/Ancient_Arsenal_Warcaskets.xml,"/Defs/VFEPirates.WarcasketDef[defName=""Warcasket_Ancient_Cloak""]/statBases/Insulation_Cold"
Farhan's Warcasket Tweaks (Vacuum and Temperature),farhanfair.warcaskettweakspatch,Patches/Ancient_Arsenal_Warcaskets.xml,"/Defs/VFEPirates.WarcasketDef[defName=""Warcasket_Ancient_Cloak""]/statBases/Insulation_Heat"
Farhan's Warcasket Tweaks (Vacuum and Temperature),farhanfair.warcaskettweakspatch,Patches/Ancient_Arsenal_Warcaskets.xml,"/Defs/VFEPirates.WarcasketDef[defName=""WarcasketShoulders_Ancient_Cloak""]/statBases/Insulation_Cold"
Farhan's Warcasket Tweaks (Vacuum and Temperature),farhanfair.warcaskettweakspatch,Patches/Ancient_Arsenal_Warcaskets.xml,"/Defs/VFEPirates.WarcasketDef[defName=""WarcasketShoulders_Ancient_Cloak""]/statBases/Insulation_Heat"
Farhan's Warcasket Tweaks (Vacuum and Temperature),farhanfair.warcaskettweakspatch,Patches/Eventide.xml,"/Defs/VFEPirates.WarcasketDef[defName=""dvd_WarcasketHelmet_Eventide""]/statBases/Insulation_Cold"
Farhan's Warcasket Tweaks (Vacuum and Temperature),farhanfair.warcaskettweakspatch,Patches/Eventide.xml,"/Defs/VFEPirates.WarcasketDef[defName=""dvd_WarcasketHelmet_Eventide""]/statBases/Insulation_Heat"
Farhan's Warcasket Tweaks (Vacuum and Temperature),farhanfair.warcaskettweakspatch,Patches/Eventide.xml,"/Defs/VFEPirates.WarcasketDef[defName=""dvd_Warcasket_Eventide""]/statBases/Insulation_Cold"
Farhan's Warcasket Tweaks (Vacuum and Temperature),farhanfair.warcaskettweakspatch,Patches/Eventide.xml,"/Defs/VFEPirates.WarcasketDef[defName=""dvd_Warcasket_Eventide""]/statBases/Insulation_Heat"
Farhan's Warcasket Tweaks (Vacuum and Temperature),farhanfair.warcaskettweakspatch,Patches/Eventide.xml,"/Defs/VFEPirates.WarcasketDef[defName=""dvd_WarcasketShoulders_Eventide""]/statBases/Insulation_Cold"
Farhan's Warcasket Tweaks (Vacuum and Temperature),farhanfair.warcaskettweakspatch,Patches/Eventide.xml,"/Defs/VFEPirates.WarcasketDef[defName=""dvd_WarcasketShoulders_Eventide""]/statBases/Insulation_Heat"
Farhan's Warcasket Tweaks (Vacuum and Temperature),farhanfair.warcaskettweakspatch,Patches/Eventide.xml,"/Defs/VFEPirates.WarcasketDef[defName=""dvd_Warcasket_Sovereign""]/statBases/Insulation_Cold"
Farhan's Warcasket Tweaks (Vacuum and Temperature),farhanfair.warcaskettweakspatch,Patches/Eventide.xml,"/Defs/VFEPirates.WarcasketDef[defName=""dvd_Warcasket_Sovereign""]/statBases/Insulation_Heat"
Farhan's Warcasket Tweaks (Vacuum and Temperature),farhanfair.warcaskettweakspatch,Patches/Imperial_Arsenal_Royal_Warcasket.xml,"/Defs/VFEPirates.WarcasketDef[defName=""WarcasketHelmet_Royal""]/statBases/Insulation_Cold"
Farhan's Warcasket Tweaks (Vacuum and Temperature),farhanfair.warcaskettweakspatch,Patches/Imperial_Arsenal_Royal_Warcasket.xml,"/Defs/VFEPirates.WarcasketDef[defName=""WarcasketHelmet_Royal""]/statBases/Insulation_Heat"
Farhan's Warcasket Tweaks (Vacuum and Temperature),farhanfair.warcaskettweakspatch,Patches/Imperial_Arsenal_Royal_Warcasket.xml,"/Defs/VFEPirates.WarcasketDef[defName=""Warcasket_Royal""]/statBases/Insulation_Cold"
Farhan's Warcasket Tweaks (Vacuum and Temperature),farhanfair.warcaskettweakspatch,Patches/Imperial_Arsenal_Royal_Warcasket.xml,"/Defs/VFEPirates.WarcasketDef[defName=""Warcasket_Royal""]/statBases/Insulation_Heat"
Farhan's Warcasket Tweaks (Vacuum and Temperature),farhanfair.warcaskettweakspatch,Patches/Imperial_Arsenal_Royal_Warcasket.xml,"/Defs/VFEPirates.WarcasketDef[defName=""WarcasketShoulders_Royal""]/statBases/Insulation_Cold"
Farhan's Warcasket Tweaks (Vacuum and Temperature),farhanfair.warcaskettweakspatch,Patches/Imperial_Arsenal_Royal_Warcasket.xml,"/Defs/VFEPirates.WarcasketDef[defName=""WarcasketShoulders_Royal""]/statBases/Insulation_Heat"
Farhan's Warcasket Tweaks (Vacuum and Temperature),farhanfair.warcaskettweakspatch,Patches/Insulation_Cold.xml,"/Defs/VFEPirates.WarcasketDef[defName=""VFEP_WarcasketHelmet_Warcasket""]/statBases/Insulation_Cold"
Farhan's Warcasket Tweaks (Vacuum and Temperature),farhanfair.warcaskettweakspatch,Patches/Insulation_Cold.xml,"/Defs/VFEPirates.WarcasketDef[defName=""VFEP_WarcasketHelmet_Marine""]/statBases/Insulation_Cold"
Farhan's Warcasket Tweaks (Vacuum and Temperature),farhanfair.warcaskettweakspatch,Patches/Insulation_Cold.xml,"/Defs/VFEPirates.WarcasketDef[defName=""VFEP_WarcasketHelmet_Recon""]/statBases/Insulation_Cold"
Farhan's Warcasket Tweaks (Vacuum and Temperature),farhanfair.warcaskettweakspatch,Patches/Insulation_Cold.xml,"/Defs/VFEPirates.WarcasketDef[defName=""VFEP_WarcasketHelmet_Cataphract""]/statBases/Insulation_Cold"
Farhan's Warcasket Tweaks (Vacuum and Temperature),farhanfair.warcaskettweakspatch,Patches/Insulation_Cold.xml,"/Defs/VFEPirates.WarcasketDef[defName=""VFEP_WarcasketHelmet_Aerial""]/statBases/Insulation_Cold"
Farhan's Warcasket Tweaks (Vacuum and Temperature),farhanfair.warcaskettweakspatch,Patches/Insulation_Cold.xml,"/Defs/VFEPirates.WarcasketDef[defName=""VFEP_WarcasketHelmet_Barrage""]/statBases/Insulation_Cold"
Farhan's Warcasket Tweaks (Vacuum and Temperature),farhanfair.warcaskettweakspatch,Patches/Insulation_Cold.xml,"/Defs/VFEPirates.WarcasketDef[defName=""VFEP_WarcasketShoulders_Warcasket""]/statBases/Insulation_Cold"
Farhan's Warcasket Tweaks (Vacuum and Temperature),farhanfair.warcaskettweakspatch,Patches/Insulation_Cold.xml,"/Defs/VFEPirates.WarcasketDef[defName=""VFEP_WarcasketShoulders_Marine""]/statBases/Insulation_Cold"
Farhan's Warcasket Tweaks (Vacuum and Temperature),farhanfair.warcaskettweakspatch,Patches/Insulation_Cold.xml,"/Defs/VFEPirates.WarcasketDef[defName=""VFEP_WarcasketShoulders_Recon""]/statBases/Insulation_Cold"
Farhan's Warcasket Tweaks (Vacuum and Temperature),farhanfair.warcaskettweakspatch,Patches/Insulation_Cold.xml,"/Defs/VFEPirates.WarcasketDef[defName=""VFEP_WarcasketShoulders_Cataphract""]/statBases/Insulation_Cold"
Farhan's Warcasket Tweaks (Vacuum and Temperature),farhanfair.warcaskettweakspatch,Patches/Insulation_Cold.xml,"/Defs/VFEPirates.WarcasketDef[defName=""VFEP_WarcasketShoulders_Aerial""]/statBases/Insulation_Cold"
Farhan's Warcasket Tweaks (Vacuum and Temperature),farhanfair.warcaskettweakspatch,Patches/Insulation_Cold.xml,"/Defs/VFEPirates.WarcasketDef[defName=""VFEP_WarcasketShoulders_Barrage""]/statBases/Insulation_Cold"
Farhan's Warcasket Tweaks (Vacuum and Temperature),farhanfair.warcaskettweakspatch,Patches/Insulation_Cold.xml,"/Defs/VFEPirates.WarcasketDef[defName=""VFEP_Warcasket_Warcasket""]/statBases/Insulation_Cold"
Farhan's Warcasket Tweaks (Vacuum and Temperature),farhanfair.warcaskettweakspatch,Patches/Insulation_Cold.xml,"/Defs/VFEPirates.WarcasketDef[defName=""VFEP_Warcasket_Marine""]/statBases/Insulation_Cold"
Farhan's Warcasket Tweaks (Vacuum and Temperature),farhanfair.warcaskettweakspatch,Patches/Insulation_Cold.xml,"/Defs/VFEPirates.WarcasketDef[defName=""VFEP_Warcasket_Recon""]/statBases/Insulation_Cold"
Farhan's Warcasket Tweaks (Vacuum and Temperature),farhanfair.warcaskettweakspatch,Patches/Insulation_Cold.xml,"/Defs/VFEPirates.WarcasketDef[defName=""VFEP_Warcasket_Cataphract""]/statBases/Insulation_Cold"
Farhan's Warcasket Tweaks (Vacuum and Temperature),farhanfair.warcaskettweakspatch,Patches/Insulation_Cold.xml,"/Defs/VFEPirates.WarcasketDef[defName=""VFEP_Warcasket_Aerial""]/statBases/Insulation_Cold"
Farhan's Warcasket Tweaks (Vacuum and Temperature),farhanfair.warcaskettweakspatch,Patches/Insulation_Cold.xml,"/Defs/VFEPirates.WarcasketDef[defName=""VFEP_Warcasket_Barrage""]/statBases/Insulation_Cold"
Farhan's Warcasket Tweaks (Vacuum and Temperature),farhanfair.warcaskettweakspatch,Patches/Insulation_Cold.xml,"/Defs/VFEPirates.WarcasketDef[defName=""VFEP_WarcasketHelmet_Shock""]/statBases/Insulation_Cold"
Farhan's Warcasket Tweaks (Vacuum and Temperature),farhanfair.warcaskettweakspatch,Patches/Insulation_Cold.xml,"/Defs/VFEPirates.WarcasketDef[defName=""VFEP_WarcasketHelmet_Siegebreaker""]/statBases/Insulation_Cold"
Farhan's Warcasket Tweaks (Vacuum and Temperature),farhanfair.warcaskettweakspatch,Patches/Insulation_Cold.xml,"/Defs/VFEPirates.WarcasketDef[defName=""VFEP_WarcasketHelmet_Guardian""]/statBases/Insulation_Cold"
Farhan's Warcasket Tweaks (Vacuum and Temperature),farhanfair.warcaskettweakspatch,Patches/Insulation_Cold.xml,"/Defs/VFEPirates.WarcasketDef[defName=""VFEP_WarcasketHelmet_Controller""]/statBases/Insulation_Cold"
Farhan's Warcasket Tweaks (Vacuum and Temperature),farhanfair.warcaskettweakspatch,Patches/Insulation_Cold.xml,"/Defs/VFEPirates.WarcasketDef[defName=""VFEP_WarcasketHelmet_Sarcophagus""]/statBases/Insulation_Cold"
Farhan's Warcasket Tweaks (Vacuum and Temperature),farhanfair.warcaskettweakspatch,Patches/Insulation_Cold.xml,"/Defs/VFEPirates.WarcasketDef[defName=""VFEP_WarcasketHelmet_Brute""]/statBases/Insulation_Cold"
Farhan's Warcasket Tweaks (Vacuum and Temperature),farhanfair.warcaskettweakspatch,Patches/Insulation_Cold.xml,"/Defs/VFEPirates.WarcasketDef[defName=""VFEP_WarcasketShoulders_Shock""]/statBases/Insulation_Cold"
Farhan's Warcasket Tweaks (Vacuum and Temperature),farhanfair.warcaskettweakspatch,Patches/Insulation_Cold.xml,"/Defs/VFEPirates.WarcasketDef[defName=""VFEP_WarcasketShoulders_Siegebreaker""]/statBases/Insulation_Cold"
Farhan's Warcasket Tweaks (Vacuum and Temperature),farhanfair.warcaskettweakspatch,Patches/Insulation_Cold.xml,"/Defs/VFEPirates.WarcasketDef[defName=""VFEP_WarcasketShoulders_Guardian""]/statBases/Insulation_Cold"
Farhan's Warcasket Tweaks (Vacuum and Temperature),farhanfair.warcaskettweakspatch,Patches/Insulation_Cold.xml,"/Defs/VFEPirates.WarcasketDef[defName=""VFEP_WarcasketShoulders_Controller""]/statBases/Insulation_Cold"
Farhan's Warcasket Tweaks (Vacuum and Temperature),farhanfair.warcaskettweakspatch,Patches/Insulation_Cold.xml,"/Defs/VFEPirates.WarcasketDef[defName=""VFEP_WarcasketShoulders_Sarcophagus""]/statBases/Insulation_Cold"
Farhan's Warcasket Tweaks (Vacuum and Temperature),farhanfair.warcaskettweakspatch,Patches/Insulation_Cold.xml,"/Defs/VFEPirates.WarcasketDef[defName=""VFEP_WarcasketShoulders_Brute""]/statBases/Insulation_Cold"
Farhan's Warcasket Tweaks (Vacuum and Temperature),farhanfair.warcaskettweakspatch,Patches/Insulation_Cold.xml,"/Defs/VFEPirates.WarcasketDef[defName=""VFEP_Warcasket_Shock""]/statBases/Insulation_Cold"
Farhan's Warcasket Tweaks (Vacuum and Temperature),farhanfair.warcaskettweakspatch,Patches/Insulation_Cold.xml,"/Defs/VFEPirates.WarcasketDef[defName=""VFEP_Warcasket_Siegebreaker""]/statBases/Insulation_Cold"
Farhan's Warcasket Tweaks (Vacuum and Temperature),farhanfair.warcaskettweakspatch,Patches/Insulation_Cold.xml,"/Defs/VFEPirates.WarcasketDef[defName=""VFEP_Warcasket_Guardian""]/statBases/Insulation_Cold"
Farhan's Warcasket Tweaks (Vacuum and Temperature),farhanfair.warcaskettweakspatch,Patches/Insulation_Cold.xml,"/Defs/VFEPirates.WarcasketDef[defName=""VFEP_Warcasket_Controller""]/statBases/Insulation_Cold"
Farhan's Warcasket Tweaks (Vacuum and Temperature),farhanfair.warcaskettweakspatch,Patches/Insulation_Cold.xml,"/Defs/VFEPirates.WarcasketDef[defName=""VFEP_Warcasket_Sarcophagus""]/statBases/Insulation_Cold"
Farhan's Warcasket Tweaks (Vacuum and Temperature),farhanfair.warcaskettweakspatch,Patches/Insulation_Cold.xml,"/Defs/VFEPirates.WarcasketDef[defName=""VFEP_Warcasket_Brute""]/statBases/Insulation_Cold"
Farhan's Warcasket Tweaks (Vacuum and Temperature),farhanfair.warcaskettweakspatch,Patches/Insulation_Cold.xml,"/Defs/VFEPirates.WarcasketDef[defName=""VFEP_WarcasketHelmet_Hazard""]/statBases/Insulation_Cold"
Farhan's Warcasket Tweaks (Vacuum and Temperature),farhanfair.warcaskettweakspatch,Patches/Insulation_Cold.xml,"/Defs/VFEPirates.WarcasketDef[defName=""VFEP_WarcasketShoulders_Hazard""]/statBases/Insulation_Cold"
Farhan's Warcasket Tweaks (Vacuum and Temperature),farhanfair.warcaskettweakspatch,Patches/Insulation_Cold.xml,"/Defs/VFEPirates.WarcasketDef[defName=""VFEP_Warcasket_Hazard""]/statBases/Insulation_Cold"
Farhan's Warcasket Tweaks (Vacuum and Temperature),farhanfair.warcaskettweakspatch,Patches/Insulation_Heat.xml,"/Defs/VFEPirates.WarcasketDef[defName=""VFEP_WarcasketHelmet_Warcasket""]/statBases/Insulation_Heat"
Farhan's Warcasket Tweaks (Vacuum and Temperature),farhanfair.warcaskettweakspatch,Patches/Insulation_Heat.xml,"/Defs/VFEPirates.WarcasketDef[defName=""VFEP_WarcasketHelmet_Marine""]/statBases/Insulation_Heat"
Farhan's Warcasket Tweaks (Vacuum and Temperature),farhanfair.warcaskettweakspatch,Patches/Insulation_Heat.xml,"/Defs/VFEPirates.WarcasketDef[defName=""VFEP_WarcasketHelmet_Recon""]/statBases/Insulation_Heat"
Farhan's Warcasket Tweaks (Vacuum and Temperature),farhanfair.warcaskettweakspatch,Patches/Insulation_Heat.xml,"/Defs/VFEPirates.WarcasketDef[defName=""VFEP_WarcasketHelmet_Cataphract""]/statBases/Insulation_Heat"
Farhan's Warcasket Tweaks (Vacuum and Temperature),farhanfair.warcaskettweakspatch,Patches/Insulation_Heat.xml,"/Defs/VFEPirates.WarcasketDef[defName=""VFEP_WarcasketHelmet_Aerial""]/statBases/Insulation_Heat"
Farhan's Warcasket Tweaks (Vacuum and Temperature),farhanfair.warcaskettweakspatch,Patches/Insulation_Heat.xml,"/Defs/VFEPirates.WarcasketDef[defName=""VFEP_WarcasketHelmet_Barrage""]/statBases/Insulation_Heat"
Farhan's Warcasket Tweaks (Vacuum and Temperature),farhanfair.warcaskettweakspatch,Patches/Insulation_Heat.xml,"/Defs/VFEPirates.WarcasketDef[defName=""VFEP_WarcasketShoulders_Warcasket""]/statBases/Insulation_Heat"
Farhan's Warcasket Tweaks (Vacuum and Temperature),farhanfair.warcaskettweakspatch,Patches/Insulation_Heat.xml,"/Defs/VFEPirates.WarcasketDef[defName=""VFEP_WarcasketShoulders_Marine""]/statBases/Insulation_Heat"
Farhan's Warcasket Tweaks (Vacuum and Temperature),farhanfair.warcaskettweakspatch,Patches/Insulation_Heat.xml,"/Defs/VFEPirates.WarcasketDef[defName=""VFEP_WarcasketShoulders_Recon""]/statBases/Insulation_Heat"
Farhan's Warcasket Tweaks (Vacuum and Temperature),farhanfair.warcaskettweakspatch,Patches/Insulation_Heat.xml,"/Defs/VFEPirates.WarcasketDef[defName=""VFEP_WarcasketShoulders_Cataphract""]/statBases/Insulation_Heat"
Farhan's Warcasket Tweaks (Vacuum and Temperature),farhanfair.warcaskettweakspatch,Patches/Insulation_Heat.xml,"/Defs/VFEPirates.WarcasketDef[defName=""VFEP_WarcasketShoulders_Aerial""]/statBases/Insulation_Heat"
Farhan's Warcasket Tweaks (Vacuum and Temperature),farhanfair.warcaskettweakspatch,Patches/Insulation_Heat.xml,"/Defs/VFEPirates.WarcasketDef[defName=""VFEP_WarcasketShoulders_Barrage""]/statBases/Insulation_Heat"
Farhan's Warcasket Tweaks (Vacuum and Temperature),farhanfair.warcaskettweakspatch,Patches/Insulation_Heat.xml,"/Defs/VFEPirates.WarcasketDef[defName=""VFEP_Warcasket_Warcasket""]/statBases/Insulation_Heat"
Farhan's Warcasket Tweaks (Vacuum and Temperature),farhanfair.warcaskettweakspatch,Patches/Insulation_Heat.xml,"/Defs/VFEPirates.WarcasketDef[defName=""VFEP_Warcasket_Marine""]/statBases/Insulation_Heat"
Farhan's Warcasket Tweaks (Vacuum and Temperature),farhanfair.warcaskettweakspatch,Patches/Insulation_Heat.xml,"/Defs/VFEPirates.WarcasketDef[defName=""VFEP_Warcasket_Recon""]/statBases/Insulation_Heat"
Farhan's Warcasket Tweaks (Vacuum and Temperature),farhanfair.warcaskettweakspatch,Patches/Insulation_Heat.xml,"/Defs/VFEPirates.WarcasketDef[defName=""VFEP_Warcasket_Cataphract""]/statBases/Insulation_Heat"
Farhan's Warcasket Tweaks (Vacuum and Temperature),farhanfair.warcaskettweakspatch,Patches/Insulation_Heat.xml,"/Defs/VFEPirates.WarcasketDef[defName=""VFEP_Warcasket_Aerial""]/statBases/Insulation_Heat"
Farhan's Warcasket Tweaks (Vacuum and Temperature),farhanfair.warcaskettweakspatch,Patches/Insulation_Heat.xml,"/Defs/VFEPirates.WarcasketDef[defName=""VFEP_Warcasket_Barrage""]/statBases/Insulation_Heat"
Farhan's Warcasket Tweaks (Vacuum and Temperature),farhanfair.warcaskettweakspatch,Patches/Insulation_Heat.xml,"/Defs/VFEPirates.WarcasketDef[defName=""VFEP_WarcasketHelmet_Shock""]/statBases/Insulation_Heat"
Farhan's Warcasket Tweaks (Vacuum and Temperature),farhanfair.warcaskettweakspatch,Patches/Insulation_Heat.xml,"/Defs/VFEPirates.WarcasketDef[defName=""VFEP_WarcasketHelmet_Siegebreaker""]/statBases/Insulation_Heat"
Farhan's Warcasket Tweaks (Vacuum and Temperature),farhanfair.warcaskettweakspatch,Patches/Insulation_Heat.xml,"/Defs/VFEPirates.WarcasketDef[defName=""VFEP_WarcasketHelmet_Guardian""]/statBases/Insulation_Heat"
Farhan's Warcasket Tweaks (Vacuum and Temperature),farhanfair.warcaskettweakspatch,Patches/Insulation_Heat.xml,"/Defs/VFEPirates.WarcasketDef[defName=""VFEP_WarcasketHelmet_Controller""]/statBases/Insulation_Heat"
Farhan's Warcasket Tweaks (Vacuum and Temperature),farhanfair.warcaskettweakspatch,Patches/Insulation_Heat.xml,"/Defs/VFEPirates.WarcasketDef[defName=""VFEP_WarcasketHelmet_Sarcophagus""]/statBases/Insulation_Heat"
Farhan's Warcasket Tweaks (Vacuum and Temperature),farhanfair.warcaskettweakspatch,Patches/Insulation_Heat.xml,"/Defs/VFEPirates.WarcasketDef[defName=""VFEP_WarcasketHelmet_Brute""]/statBases/Insulation_Heat"
Farhan's Warcasket Tweaks (Vacuum and Temperature),farhanfair.warcaskettweakspatch,Patches/Insulation_Heat.xml,"/Defs/VFEPirates.WarcasketDef[defName=""VFEP_WarcasketShoulders_Shock""]/statBases/Insulation_Heat"
Farhan's Warcasket Tweaks (Vacuum and Temperature),farhanfair.warcaskettweakspatch,Patches/Insulation_Heat.xml,"/Defs/VFEPirates.WarcasketDef[defName=""VFEP_WarcasketShoulders_Siegebreaker""]/statBases/Insulation_Heat"
Farhan's Warcasket Tweaks (Vacuum and Temperature),farhanfair.warcaskettweakspatch,Patches/Insulation_Heat.xml,"/Defs/VFEPirates.WarcasketDef[defName=""VFEP_WarcasketShoulders_Guardian""]/statBases/Insulation_Heat"
Farhan's Warcasket Tweaks (Vacuum and Temperature),farhanfair.warcaskettweakspatch,Patches/Insulation_Heat.xml,"/Defs/VFEPirates.WarcasketDef[defName=""VFEP_WarcasketShoulders_Controller""]/statBases/Insulation_Heat"
Farhan's Warcasket Tweaks (Vacuum and Temperature),farhanfair.warcaskettweakspatch,Patches/Insulation_Heat.xml,"/Defs/VFEPirates.WarcasketDef[defName=""VFEP_WarcasketShoulders_Sarcophagus""]/statBases/Insulation_Heat"
Farhan's Warcasket Tweaks (Vacuum and Temperature),farhanfair.warcaskettweakspatch,Patches/Insulation_Heat.xml,"/Defs/VFEPirates.WarcasketDef[defName=""VFEP_WarcasketShoulders_Brute""]/statBases/Insulation_Heat"
Farhan's Warcasket Tweaks (Vacuum and Temperature),farhanfair.warcaskettweakspatch,Patches/Insulation_Heat.xml,"/Defs/VFEPirates.WarcasketDef[defName=""VFEP_Warcasket_Shock""]/statBases/Insulation_Heat"
Farhan's Warcasket Tweaks (Vacuum and Temperature),farhanfair.warcaskettweakspatch,Patches/Insulation_Heat.xml,"/Defs/VFEPirates.WarcasketDef[defName=""VFEP_Warcasket_Siegebreaker""]/statBases/Insulation_Heat"
Farhan's Warcasket Tweaks (Vacuum and Temperature),farhanfair.warcaskettweakspatch,Patches/Insulation_Heat.xml,"/Defs/VFEPirates.WarcasketDef[defName=""VFEP_Warcasket_Guardian""]/statBases/Insulation_Heat"
Farhan's Warcasket Tweaks (Vacuum and Temperature),farhanfair.warcaskettweakspatch,Patches/Insulation_Heat.xml,"/Defs/VFEPirates.WarcasketDef[defName=""VFEP_Warcasket_Controller""]/statBases/Insulation_Heat"
Farhan's Warcasket Tweaks (Vacuum and Temperature),farhanfair.warcaskettweakspatch,Patches/Insulation_Heat.xml,"/Defs/VFEPirates.WarcasketDef[defName=""VFEP_Warcasket_Sarcophagus""]/statBases/Insulation_Heat"
Farhan's Warcasket Tweaks (Vacuum and Temperature),farhanfair.warcaskettweakspatch,Patches/Insulation_Heat.xml,"/Defs/VFEPirates.WarcasketDef[defName=""VFEP_Warcasket_Brute""]/statBases/Insulation_Heat"
Farhan's Warcasket Tweaks (Vacuum and Temperature),farhanfair.warcaskettweakspatch,Patches/Insulation_Heat.xml,"/Defs/VFEPirates.WarcasketDef[defName=""VFEP_WarcasketHelmet_Hazard""]/statBases/Insulation_Heat"
Farhan's Warcasket Tweaks (Vacuum and Temperature),farhanfair.warcaskettweakspatch,Patches/Insulation_Heat.xml,"/Defs/VFEPirates.WarcasketDef[defName=""VFEP_WarcasketShoulders_Hazard""]/statBases/Insulation_Heat"
Farhan's Warcasket Tweaks (Vacuum and Temperature),farhanfair.warcaskettweakspatch,Patches/Insulation_Heat.xml,"/Defs/VFEPirates.WarcasketDef[defName=""VFEP_Warcasket_Hazard""]/statBases/Insulation_Heat"
Farhan's Warcasket Tweaks (Vacuum and Temperature),farhanfair.warcaskettweakspatch,Patches/Mechlord.xml,"/Defs/VFEPirates.WarcasketDef[defName=""WarcasketHelmet_Mechlord""]/statBases/Insulation_Cold"
Farhan's Warcasket Tweaks (Vacuum and Temperature),farhanfair.warcaskettweakspatch,Patches/Mechlord.xml,"/Defs/VFEPirates.WarcasketDef[defName=""WarcasketHelmet_Mechlord""]/statBases/Insulation_Heat"
Farhan's Warcasket Tweaks (Vacuum and Temperature),farhanfair.warcaskettweakspatch,Patches/Mechlord.xml,"/Defs/VFEPirates.WarcasketDef[defName=""Warcasket_Mechlord""]/statBases/Insulation_Cold"
Farhan's Warcasket Tweaks (Vacuum and Temperature),farhanfair.warcaskettweakspatch,Patches/Mechlord.xml,"/Defs/VFEPirates.WarcasketDef[defName=""Warcasket_Mechlord""]/statBases/Insulation_Heat"
Farhan's Warcasket Tweaks (Vacuum and Temperature),farhanfair.warcaskettweakspatch,Patches/Mechlord.xml,"/Defs/VFEPirates.WarcasketDef[defName=""WarcasketShoulders_Mechlord""]/statBases/Insulation_Cold"
Farhan's Warcasket Tweaks (Vacuum and Temperature),farhanfair.warcaskettweakspatch,Patches/Mechlord.xml,"/Defs/VFEPirates.WarcasketDef[defName=""WarcasketShoulders_Mechlord""]/statBases/Insulation_Heat"
Farhan's Warcasket Tweaks (Vacuum and Temperature),farhanfair.warcaskettweakspatch,Patches/Straeax_Empire.xml,"/Defs/VFEPirates.WarcasketDef[defName=""SF_CrusaderDivisionHelmet""]/statBases/Insulation_Cold"
Farhan's Warcasket Tweaks (Vacuum and Temperature),farhanfair.warcaskettweakspatch,Patches/Straeax_Empire.xml,"/Defs/VFEPirates.WarcasketDef[defName=""SF_CrusaderDivisionHelmet""]/statBases/Insulation_Heat"
Farhan's Warcasket Tweaks (Vacuum and Temperature),farhanfair.warcaskettweakspatch,Patches/Straeax_Empire.xml,"/Defs/VFEPirates.WarcasketDef[defName=""SF_CrusaderDivision""]/statBases/Insulation_Cold"
Farhan's Warcasket Tweaks (Vacuum and Temperature),farhanfair.warcaskettweakspatch,Patches/Straeax_Empire.xml,"/Defs/VFEPirates.WarcasketDef[defName=""SF_CrusaderDivision""]/statBases/Insulation_Heat"
Farhan's Warcasket Tweaks (Vacuum and Temperature),farhanfair.warcaskettweakspatch,Patches/Straeax_Empire.xml,"/Defs/VFEPirates.WarcasketDef[defName=""SF_CrusaderDivisionShoulders""]/statBases/Insulation_Cold"
Farhan's Warcasket Tweaks (Vacuum and Temperature),farhanfair.warcaskettweakspatch,Patches/Straeax_Empire.xml,"/Defs/VFEPirates.WarcasketDef[defName=""SF_CrusaderDivisionShoulders""]/statBases/Insulation_Heat"
Farhan's Warcasket Tweaks (Vacuum and Temperature),farhanfair.warcaskettweakspatch,Patches/Warcaskets_AOBA.xml,"/Defs/VFEPirates.WarcasketDef[defName=""WarcasketHelmet_Sentinel""]/statBases/Insulation_Cold"
Farhan's Warcasket Tweaks (Vacuum and Temperature),farhanfair.warcaskettweakspatch,Patches/Warcaskets_AOBA.xml,"/Defs/VFEPirates.WarcasketDef[defName=""WarcasketHelmet_Sentinel""]/statBases/Insulation_Heat"
Farhan's Warcasket Tweaks (Vacuum and Temperature),farhanfair.warcaskettweakspatch,Patches/Warcaskets_AOBA.xml,"/Defs/VFEPirates.WarcasketDef[defName=""Warcasket_Sentinel""]/statBases/Insulation_Cold"
Farhan's Warcasket Tweaks (Vacuum and Temperature),farhanfair.warcaskettweakspatch,Patches/Warcaskets_AOBA.xml,"/Defs/VFEPirates.WarcasketDef[defName=""Warcasket_Sentinel""]/statBases/Insulation_Heat"
Farhan's Warcasket Tweaks (Vacuum and Temperature),farhanfair.warcaskettweakspatch,Patches/Warcaskets_AOBA.xml,"/Defs/VFEPirates.WarcasketDef[defName=""WarcasketShoulders_Sentinel""]/statBases/Insulation_Cold"
Farhan's Warcasket Tweaks (Vacuum and Temperature),farhanfair.warcaskettweakspatch,Patches/Warcaskets_AOBA.xml,"/Defs/VFEPirates.WarcasketDef[defName=""WarcasketShoulders_Sentinel""]/statBases/Insulation_Heat"
Farhan's Warcasket Tweaks (Vacuum and Temperature),farhanfair.warcaskettweakspatch,Patches/Warcaskets_AOBA.xml,"/Defs/VFEPirates.WarcasketDef[defName=""WarcasketHelmet_GuardianX""]/statBases/Insulation_Cold"
Farhan's Warcasket Tweaks (Vacuum and Temperature),farhanfair.warcaskettweakspatch,Patches/Warcaskets_AOBA.xml,"/Defs/VFEPirates.WarcasketDef[defName=""WarcasketHelmet_GuardianX""]/statBases/Insulation_Heat"
Farhan's Warcasket Tweaks (Vacuum and Temperature),farhanfair.warcaskettweakspatch,Patches/Warcaskets_AOBA.xml,"/Defs/VFEPirates.WarcasketDef[defName=""Warcasket_GuardianX""]/statBases/Insulation_Cold"
Farhan's Warcasket Tweaks (Vacuum and Temperature),farhanfair.warcaskettweakspatch,Patches/Warcaskets_AOBA.xml,"/Defs/VFEPirates.WarcasketDef[defName=""Warcasket_GuardianX""]/statBases/Insulation_Heat"
Farhan's Warcasket Tweaks (Vacuum and Temperature),farhanfair.warcaskettweakspatch,Patches/Warcaskets_AOBA.xml,"/Defs/VFEPirates.WarcasketDef[defName=""WarcasketShoulders_GuardianX""]/statBases/Insulation_Cold"
Farhan's Warcasket Tweaks (Vacuum and Temperature),farhanfair.warcaskettweakspatch,Patches/Warcaskets_AOBA.xml,"/Defs/VFEPirates.WarcasketDef[defName=""WarcasketShoulders_GuardianX""]/statBases/Insulation_Heat"
Farhan's Warcasket Tweaks (Vacuum and Temperature),farhanfair.warcaskettweakspatch,Patches/Warcaskets_AOBA.xml,"/Defs/VFEPirates.WarcasketDef[defName=""WarcasketHelmet_Tyrant""]/statBases/Insulation_Cold"
Farhan's Warcasket Tweaks (Vacuum and Temperature),farhanfair.warcaskettweakspatch,Patches/Warcaskets_AOBA.xml,"/Defs/VFEPirates.WarcasketDef[defName=""WarcasketHelmet_Tyrant""]/statBases/Insulation_Heat"
Farhan's Warcasket Tweaks (Vacuum and Temperature),farhanfair.warcaskettweakspatch,Patches/Warcaskets_AOBA.xml,"/Defs/VFEPirates.WarcasketDef[defName=""Warcasket_Tyrant""]/statBases/Insulation_Cold"
Farhan's Warcasket Tweaks (Vacuum and Temperature),farhanfair.warcaskettweakspatch,Patches/Warcaskets_AOBA.xml,"/Defs/VFEPirates.WarcasketDef[defName=""Warcasket_Tyrant""]/statBases/Insulation_Heat"
Farhan's Warcasket Tweaks (Vacuum and Temperature),farhanfair.warcaskettweakspatch,Patches/Warcaskets_AOBA.xml,"/Defs/VFEPirates.WarcasketDef[defName=""WarcasketShoulders_Tyrant""]/statBases/Insulation_Cold"
Farhan's Warcasket Tweaks (Vacuum and Temperature),farhanfair.warcaskettweakspatch,Patches/Warcaskets_AOBA.xml,"/Defs/VFEPirates.WarcasketDef[defName=""WarcasketShoulders_Tyrant""]/statBases/Insulation_Heat"
Farhan's Warcasket Tweaks (Vacuum and Temperature),farhanfair.warcaskettweakspatch,Patches/Warcaskets_AOBA.xml,"/Defs/VFEPirates.WarcasketDef[defName=""WarcasketHelmet_Centurion""]/statBases/Insulation_Cold"
Farhan's Warcasket Tweaks (Vacuum and Temperature),farhanfair.warcaskettweakspatch,Patches/Warcaskets_AOBA.xml,"/Defs/VFEPirates.WarcasketDef[defName=""WarcasketHelmet_Centurion""]/statBases/Insulation_Heat"
Farhan's Warcasket Tweaks (Vacuum and Temperature),farhanfair.warcaskettweakspatch,Patches/Warcaskets_AOBA.xml,"/Defs/VFEPirates.WarcasketDef[defName=""Warcasket_Centurion""]/statBases/Insulation_Cold"
Farhan's Warcasket Tweaks (Vacuum and Temperature),farhanfair.warcaskettweakspatch,Patches/Warcaskets_AOBA.xml,"/Defs/VFEPirates.WarcasketDef[defName=""Warcasket_Centurion""]/statBases/Insulation_Heat"
Farhan's Warcasket Tweaks (Vacuum and Temperature),farhanfair.warcaskettweakspatch,Patches/Warcaskets_AOBA.xml,"/Defs/VFEPirates.WarcasketDef[defName=""WarcasketShoulders_Centurion""]/statBases/Insulation_Cold"
Farhan's Warcasket Tweaks (Vacuum and Temperature),farhanfair.warcaskettweakspatch,Patches/Warcaskets_AOBA.xml,"/Defs/VFEPirates.WarcasketDef[defName=""WarcasketShoulders_Centurion""]/statBases/Insulation_Heat"
Farhan's Warcasket Tweaks (Vacuum and Temperature),farhanfair.warcaskettweakspatch,Patches/Workercaskets.xml,"/Defs/VFEPirates.WarcasketDef[defName=""VFEP_WorkercasketHelmet_Builder""]/statBases/Insulation_Cold"
Farhan's Warcasket Tweaks (Vacuum and Temperature),farhanfair.warcaskettweakspatch,Patches/Workercaskets.xml,"/Defs/VFEPirates.WarcasketDef[defName=""VFEP_WorkercasketHelmet_Builder""]/statBases/Insulation_Heat"
Farhan's Warcasket Tweaks (Vacuum and Temperature),farhanfair.warcaskettweakspatch,Patches/Workercaskets.xml,"/Defs/VFEPirates.WarcasketDef[defName=""VFEP_Workercasket_Builder""]/statBases/Insulation_Cold"
Farhan's Warcasket Tweaks (Vacuum and Temperature),farhanfair.warcaskettweakspatch,Patches/Workercaskets.xml,"/Defs/VFEPirates.WarcasketDef[defName=""VFEP_Workercasket_Builder""]/statBases/Insulation_Heat"
Farhan's Warcasket Tweaks (Vacuum and Temperature),farhanfair.warcaskettweakspatch,Patches/Workercaskets.xml,"/Defs/VFEPirates.WarcasketDef[defName=""VFEP_WVFEP_WorkercasketShoulders_Builder""]/statBases/Insulation_Cold"
Farhan's Warcasket Tweaks (Vacuum and Temperature),farhanfair.warcaskettweakspatch,Patches/Workercaskets.xml,"/Defs/VFEPirates.WarcasketDef[defName=""VFEP_WVFEP_WorkercasketShoulders_Builder""]/statBases/Insulation_Heat"
Farhan's Warcasket Tweaks (Vacuum and Temperature),farhanfair.warcaskettweakspatch,Patches/Workercaskets.xml,"/Defs/VFEPirates.WarcasketDef[defName=""VFEP_WorkercasketHelmet_Miner""]/statBases/Insulation_Cold"
Farhan's Warcasket Tweaks (Vacuum and Temperature),farhanfair.warcaskettweakspatch,Patches/Workercaskets.xml,"/Defs/VFEPirates.WarcasketDef[defName=""VFEP_WorkercasketHelmet_Miner""]/statBases/Insulation_Heat"
Farhan's Warcasket Tweaks (Vacuum and Temperature),farhanfair.warcaskettweakspatch,Patches/Workercaskets.xml,"/Defs/VFEPirates.WarcasketDef[defName=""VFEP_Workercasket_Miner""]/statBases/Insulation_Cold"
Farhan's Warcasket Tweaks (Vacuum and Temperature),farhanfair.warcaskettweakspatch,Patches/Workercaskets.xml,"/Defs/VFEPirates.WarcasketDef[defName=""VFEP_Workercasket_Miner""]/statBases/Insulation_Heat"
Farhan's Warcasket Tweaks (Vacuum and Temperature),farhanfair.warcaskettweakspatch,Patches/Workercaskets.xml,"/Defs/VFEPirates.WarcasketDef[defName=""VFEP_WVFEP_WorkercasketShoulders_Miner""]/statBases/Insulation_Cold"
Farhan's Warcasket Tweaks (Vacuum and Temperature),farhanfair.warcaskettweakspatch,Patches/Workercaskets.xml,"/Defs/VFEPirates.WarcasketDef[defName=""VFEP_WVFEP_WorkercasketShoulders_Miner""]/statBases/Insulation_Heat"
Farhan's Warcasket Tweaks (Vacuum and Temperature),farhanfair.warcaskettweakspatch,Patches/Workercaskets.xml,"/Defs/VFEPirates.WarcasketDef[defName=""VFEP_WorkercasketHelmet_Hauler""]/statBases/Insulation_Cold"
Farhan's Warcasket Tweaks (Vacuum and Temperature),farhanfair.warcaskettweakspatch,Patches/Workercaskets.xml,"/Defs/VFEPirates.WarcasketDef[defName=""VFEP_WorkercasketHelmet_Hauler""]/statBases/Insulation_Heat"
Farhan's Warcasket Tweaks (Vacuum and Temperature),farhanfair.warcaskettweakspatch,Patches/Workercaskets.xml,"/Defs/VFEPirates.WarcasketDef[defName=""VFEP_Workercasket_Hauler""]/statBases/Insulation_Cold"
Farhan's Warcasket Tweaks (Vacuum and Temperature),farhanfair.warcaskettweakspatch,Patches/Workercaskets.xml,"/Defs/VFEPirates.WarcasketDef[defName=""VFEP_Workercasket_Hauler""]/statBases/Insulation_Heat"
Farhan's Warcasket Tweaks (Vacuum and Temperature),farhanfair.warcaskettweakspatch,Patches/Workercaskets.xml,"/Defs/VFEPirates.WarcasketDef[defName=""VFEP_WVFEP_WorkercasketShoulders_Hauler""]/statBases/Insulation_Cold"
Farhan's Warcasket Tweaks (Vacuum and Temperature),farhanfair.warcaskettweakspatch,Patches/Workercaskets.xml,"/Defs/VFEPirates.WarcasketDef[defName=""VFEP_WVFEP_WorkercasketShoulders_Hauler""]/statBases/Insulation_Heat"
Farhan's Warcasket Tweaks (Vacuum and Temperature),farhanfair.warcaskettweakspatch,Patches/Workercaskets.xml,"/Defs/VFEPirates.WarcasketDef[defName=""VFEP_WorkercasketHelmet_Planter""]/statBases/Insulation_Cold"
Farhan's Warcasket Tweaks (Vacuum and Temperature),farhanfair.warcaskettweakspatch,Patches/Workercaskets.xml,"/Defs/VFEPirates.WarcasketDef[defName=""VFEP_WorkercasketHelmet_Planter""]/statBases/Insulation_Heat"
Farhan's Warcasket Tweaks (Vacuum and Temperature),farhanfair.warcaskettweakspatch,Patches/Workercaskets.xml,"/Defs/VFEPirates.WarcasketDef[defName=""VFEP_Workercasket_Planter""]/statBases/Insulation_Cold"
Farhan's Warcasket Tweaks (Vacuum and Temperature),farhanfair.warcaskettweakspatch,Patches/Workercaskets.xml,"/Defs/VFEPirates.WarcasketDef[defName=""VFEP_Workercasket_Planter""]/statBases/Insulation_Heat"
Farhan's Warcasket Tweaks (Vacuum and Temperature),farhanfair.warcaskettweakspatch,Patches/Workercaskets.xml,"/Defs/VFEPirates.WarcasketDef[defName=""VFEP_WVFEP_WorkercasketShoulders_Planter""]/statBases/Insulation_Cold"
Farhan's Warcasket Tweaks (Vacuum and Temperature),farhanfair.warcaskettweakspatch,Patches/Workercaskets.xml,"/Defs/VFEPirates.WarcasketDef[defName=""VFEP_WVFEP_WorkercasketShoulders_Planter""]/statBases/Insulation_Heat"
Farhan's Warcasket Tweaks (Vacuum and Temperature),farhanfair.warcaskettweakspatch,Patches/Workercaskets.xml,"/Defs/VFEPirates.WarcasketDef[defName=""VFEP_WorkercasketHelmet_Cook""]/statBases/Insulation_Cold"
Farhan's Warcasket Tweaks (Vacuum and Temperature),farhanfair.warcaskettweakspatch,Patches/Workercaskets.xml,"/Defs/VFEPirates.WarcasketDef[defName=""VFEP_WorkercasketHelmet_Cook""]/statBases/Insulation_Heat"
Farhan's Warcasket Tweaks (Vacuum and Temperature),farhanfair.warcaskettweakspatch,Patches/Workercaskets.xml,"/Defs/VFEPirates.WarcasketDef[defName=""VFEP_Workercasket_Cook""]/statBases/Insulation_Cold"
Farhan's Warcasket Tweaks (Vacuum and Temperature),farhanfair.warcaskettweakspatch,Patches/Workercaskets.xml,"/Defs/VFEPirates.WarcasketDef[defName=""VFEP_Workercasket_Cook""]/statBases/Insulation_Heat"
Farhan's Warcasket Tweaks (Vacuum and Temperature),farhanfair.warcaskettweakspatch,Patches/Workercaskets.xml,"/Defs/VFEPirates.WarcasketDef[defName=""VFEP_WVFEP_WorkercasketShoulders_Cook""]/statBases/Insulation_Cold"
Farhan's Warcasket Tweaks (Vacuum and Temperature),farhanfair.warcaskettweakspatch,Patches/Workercaskets.xml,"/Defs/VFEPirates.WarcasketDef[defName=""VFEP_WVFEP_WorkercasketShoulders_Cook""]/statBases/Insulation_Heat"
Farhan's Warcasket Tweaks (Vacuum and Temperature),farhanfair.warcaskettweakspatch,Patches/Workercaskets.xml,"/Defs/VFEPirates.WarcasketDef[defName=""VFEP_WorkercasketHelmet_Doc""]/statBases/Insulation_Cold"
Farhan's Warcasket Tweaks (Vacuum and Temperature),farhanfair.warcaskettweakspatch,Patches/Workercaskets.xml,"/Defs/VFEPirates.WarcasketDef[defName=""VFEP_WorkercasketHelmet_Doc""]/statBases/Insulation_Heat"
Farhan's Warcasket Tweaks (Vacuum and Temperature),farhanfair.warcaskettweakspatch,Patches/Workercaskets.xml,"/Defs/VFEPirates.WarcasketDef[defName=""VFEP_Workercasket_Doc""]/statBases/Insulation_Cold"
Farhan's Warcasket Tweaks (Vacuum and Temperature),farhanfair.warcaskettweakspatch,Patches/Workercaskets.xml,"/Defs/VFEPirates.WarcasketDef[defName=""VFEP_Workercasket_Doc""]/statBases/Insulation_Heat"
Farhan's Warcasket Tweaks (Vacuum and Temperature),farhanfair.warcaskettweakspatch,Patches/Workercaskets.xml,"/Defs/VFEPirates.WarcasketDef[defName=""VFEP_WVFEP_WorkercasketShoulders_Doc""]/statBases/Insulation_Cold"
Farhan's Warcasket Tweaks (Vacuum and Temperature),farhanfair.warcaskettweakspatch,Patches/Workercaskets.xml,"/Defs/VFEPirates.WarcasketDef[defName=""VFEP_WVFEP_WorkercasketShoulders_Doc""]/statBases/Insulation_Heat"
GTG Trader Core,teiwaz.gtgtradercore,1.6/Patches/GTGTC_Mercenary_Patch.xml,"Defs/PawnKindDef[defName=""GTGTC_Mercenary_Vanguard""]/weaponTags"
GTG Trader Core,teiwaz.gtgtradercore,1.6/Patches/GTGTC_Mercenary_Patch.xml,"Defs/PawnKindDef[defName=""GTGTC_Mercenary_Vanguard""]/weaponStuffOverride"
GTG Trader Core,teiwaz.gtgtradercore,1.6/Patches/GTGTC_Mercenary_Patch.xml,"Defs/PawnKindDef[defName=""GTGTC_Mercenary_Laborer""]/techHediffsRequired"
GTG Trader Core,teiwaz.gtgtradercore,1.6/Patches/GTGTC_Mercenary_Patch.xml,"Defs/PawnKindDef[@Name=""GTGTC_FighterBase""]/apparelRequired"
GTG Trader Core,teiwaz.gtgtradercore,1.6/Patches/GTGTC_Mercenary_Patch.xml,"Defs/PawnKindDef[@Name=""GTGTC_WorkerBase""]/apparelRequired"
GTG Trader Core,teiwaz.gtgtradercore,1.6/Patches/GTGTC_Mercenary_Patch.xml,"Defs/PawnKindDef[defName=""GTGTC_Mercenary_Mastermind""]/apparelRequired"
GTG Trader Core,teiwaz.gtgtradercore,1.6/Patches/GTGTC_Mercenary_Patch.xml,"Defs/PawnKindDef[defName=""GTGTC_Mercenary_Mastermind""]/apparelRequired"
GTG Trader Core,teiwaz.gtgtradercore,1.6/Patches/GTGTC_Mercenary_Patch.xml,"Defs/PawnKindDef[defName=""GTGTC_Mercenary_Mastermind""]"
GTG Trader Core,teiwaz.gtgtradercore,1.6/Patches/GTGTC_Mercenary_Patch.xml,"Defs/PawnKindDef[defName=""GTGTC_Mercenary_Mastermind""]/weaponTags"
GTG Trader Core,teiwaz.gtgtradercore,1.6/Patches/GTGTC_Mercenary_Patch.xml,"Defs/PawnKindDef[defName=""GTGTC_Mercenary_Mastermind""]/weaponStuffOverride"
GTG Trader Core,teiwaz.gtgtradercore,1.6/Patches/GTGTC_Mercenary_Patch.xml,"Defs/PawnKindDef[defName=""GTGTC_Mercenary_Mastermind""]/techHediffsRequired"
GTG Trader Core,teiwaz.gtgtradercore,1.6/Patches/GTGTC_Mercenary_Patch.xml,"Defs/PawnKindDef[defName=""GTGTC_Mercenary_Mastermind""]/techHediffsRequired"
Keyz' Allow Utilities,keyz182.keyzallowutilities,Compatibility/ludeon.rimworld.biotech/1.6/Patches/Mech.xml,"Defs/ThingDef[race/mechEnabledWorkTypes/li=""Hauling""]/race/mechWorkTypePriorities"
Keyz' Allow Utilities,keyz182.keyzallowutilities,Compatibility/ludeon.rimworld.biotech/1.6/Patches/Mech.xml,"Defs/ThingDef[race/mechEnabledWorkTypes/li=""Hauling""]/race/mechWorkTypePriorities"
Keyz' Allow Utilities,keyz182.keyzallowutilities,Compatibility/ludeon.rimworld.biotech/1.6/Patches/Mech.xml,"Defs/ThingDef[race/mechEnabledWorkTypes/li=""Hauling""]/race/mechEnabledWorkTypes"
More Ritual Seats,toastyman.moreritualseats,Patches/Patch_DrumRitualSeats.xml,"Defs/RitualOutcomeEffectDef[defName=""CelebrationPartyDanceDrum""]/comps/li[@Class=""RitualOutcomeComp_NumPlayedDrums""]"
More Ritual Seats,toastyman.moreritualseats,Patches/Patch_DrumRitualSeats.xml,"Defs/RitualVisualEffectDef[defName=""DrumParty""]/comps/li[@Class=""CompProperties_RitualEffectDrum""]"
Vanilla Genetics Expanded,vanillaexpanded.vgeneticse,1.6/Patches/BiotechPatch.xml,"Defs/ThingDef[defName=""Human""]/race/lifeStageWorkSettings"
Vanilla Genetics Expanded,vanillaexpanded.vgeneticse,1.6/Patches/VanillaChemfuelExpandedPatch.xml,"/Defs/ThingDef[defName= ""GR_ParagonBoomalope""]/comps/li[@Class=""VEF.AnimalBehaviours.CompProperties_AnimalProduct""]/resourceDef"
Vanilla Genetics Expanded,vanillaexpanded.vgeneticse,1.6/Patches/VanillaChemfuelExpandedPatch.xml,"/Defs/ThingDef[defName= ""GR_Boomabear""]/comps/li[@Class=""VEF.AnimalBehaviours.CompProperties_AnimalProduct""]/resourceDef"
Vanilla Genetics Expanded,vanillaexpanded.vgeneticse,1.6/Patches/VanillaChemfuelExpandedPatch.xml,"/Defs/ThingDef[defName= ""GR_Boomffalo""]/comps/li[@Class=""VEF.AnimalBehaviours.CompProperties_AnimalProduct""]/resourceDef"
Vanilla Genetics Expanded,vanillaexpanded.vgeneticse,1.6/Patches/VanillaChemfuelExpandedPatch.xml,"/Defs/ThingDef[defName= ""GR_Boomcat""]/comps/li[@Class=""VEF.AnimalBehaviours.CompProperties_AnimalProduct""]/resourceDef"
Vanilla Genetics Expanded,vanillaexpanded.vgeneticse,1.6/Patches/VanillaExpandedInsectoidsPatch.xml,"/Defs/ThingDef[defName= ""GR_Muffalopede""]/comps/li[@Name=""GR_MuffalopedeJellyComp""]/resourceDef"
Vanilla Genetics Expanded,vanillaexpanded.vgeneticse,1.6/Patches/VanillaExpandedInsectoidsPatch.xml,"/Defs/ThingDef[defName= ""GR_Muffalopede""]/comps/li[@Name=""GR_MuffalopedeChitinComp""]/woolDef"
Vanilla Genetics Expanded,vanillaexpanded.vgeneticse,1.6/Mods/AlphaAnimals/Patches/RandomCompPatch_AlphaAnimals.xml,"/Defs/ThingDef[defName= ""GR_RandomExcavator""]/comps/li[@Name=""GR_RandomExcavatorComp""]/items"
Vanilla Genetics Expanded,vanillaexpanded.vgeneticse,1.6/Mods/AlphaAnimals/Patches/RandomCompPatch_AlphaAnimals.xml,"/Defs/ThingDef[defName= ""GR_RandomGenome""]/comps/li[@Name=""GR_RandomGenomeComp""]/items"
Vanilla Genetics Expanded,vanillaexpanded.vgeneticse,1.6/Mods/Megafauna/Patches/RandomCompPatch_Megafauna.xml,"/Defs/ThingDef[defName= ""GR_RandomExcavator""]/comps/li[@Name=""GR_RandomExcavatorComp""]/items"
Vanilla Genetics Expanded,vanillaexpanded.vgeneticse,1.6/Mods/Megafauna/Patches/RandomCompPatch_Megafauna.xml,"/Defs/ThingDef[defName= ""GR_RandomGenome""]/comps/li[@Name=""GR_RandomGenomeComp""]/items"
Vanilla Genetics Expanded,vanillaexpanded.vgeneticse,1.6/Mods/Megafauna/Patches/VanillaChemfuelExpandedPatch_Megafauna.xml,"/Defs/ThingDef[defName= ""GR_Boomnotherium""]/comps/li[@Class=""VEF.AnimalBehaviours.CompProperties_AnimalProduct""]/resourceDef"
Vanilla Genetics Expanded,vanillaexpanded.vgeneticse,1.6/Mods/Megafauna/Patches/VanillaCookingExpandedPatch_Megafauna.xml,"Defs/ThingDef[defName= ""VCE_CheesePress""]/comps/li[@Class=""PipeSystem.CompProperties_AdvancedResourceProcessor""]/processes"
Vanilla Genetics Expanded,vanillaexpanded.vgeneticse,1.6/Mods/Megafauna/Patches/VanillaCookingExpandedPatch_Megafauna.xml,"Defs/ThingDef[defName= ""VCE_Cheese""]/comps/li[@Class=""VEF.Things.CompProperties_LabelByIngredients""]/overrides"
Vanilla Vehicles Expanded,oskarpotocki.vanillavehiclesexpanded,1.6/Patches/SchematicsPatch.xml,"/Defs/ThingDef[defName=""Schematic""]/comps/li[@Class=""CompProperties_Book""]/doers/li[@Class=""BookOutcomeProperties_GainResearch""]/tabs"
[AB] Xenotype: Yautja,biotechrace.yautja.alleyballey,1.6/Mods/HAR/Patches/HAR_NPCAges_Patch.xml,"Defs/PawnKindDef[@Name=""ABYautja_Ancient""]/minGenerationAge"
[AB] Xenotype: Yautja,biotechrace.yautja.alleyballey,1.6/Mods/HAR/Patches/HAR_NPCAges_Patch.xml,"Defs/PawnKindDef[@Name=""ABYautja_Ancient""]/maxGenerationAge"
[AB] Xenotype: Yautja,biotechrace.yautja.alleyballey,1.6/Mods/HAR/Patches/HAR_NPCAges_Patch.xml,"Defs/PawnKindDef[@Name=""ABYautja_YoungBlood""]/minGenerationAge"
[AB] Xenotype: Yautja,biotechrace.yautja.alleyballey,1.6/Mods/HAR/Patches/HAR_NPCAges_Patch.xml,"Defs/PawnKindDef[@Name=""ABYautja_YoungBlood""]/maxGenerationAge"
[AB] Xenotype: Yautja,biotechrace.yautja.alleyballey,1.6/Mods/HAR/Patches/HAR_NPCAges_Patch.xml,"Defs/PawnKindDef[@Name=""ABYautja_Unblooded""]/minGenerationAge"
[AB] Xenotype: Yautja,biotechrace.yautja.alleyballey,1.6/Mods/HAR/Patches/HAR_NPCAges_Patch.xml,"Defs/PawnKindDef[@Name=""ABYautja_Unblooded""]/maxGenerationAge"
[AB] Xenotype: Yautja,biotechrace.yautja.alleyballey,1.6/Mods/HAR/Patches/HAR_NPCAges_Patch.xml,"Defs/PawnKindDef[@Name=""ABYautja_Blooded""]/minGenerationAge"
[AB] Xenotype: Yautja,biotechrace.yautja.alleyballey,1.6/Mods/HAR/Patches/HAR_NPCAges_Patch.xml,"Defs/PawnKindDef[@Name=""ABYautja_Blooded""]/maxGenerationAge"
[AB] Xenotype: Yautja,biotechrace.yautja.alleyballey,1.6/Mods/HAR/Patches/HAR_NPCAges_Patch.xml,"Defs/PawnKindDef[@Name=""ABYautja_Elite""]/minGenerationAge"
[AB] Xenotype: Yautja,biotechrace.yautja.alleyballey,1.6/Mods/HAR/Patches/HAR_NPCAges_Patch.xml,"Defs/PawnKindDef[@Name=""ABYautja_Elite""]/maxGenerationAge"
[AB] Xenotype: Yautja,biotechrace.yautja.alleyballey,1.6/Mods/HAR/Patches/HAR_NPCAges_Patch.xml,"Defs/PawnKindDef[@Name=""ABYautja_Elder""]/minGenerationAge"
[AB] Xenotype: Yautja,biotechrace.yautja.alleyballey,1.6/Mods/HAR/Patches/HAR_NPCAges_Patch.xml,"Defs/PawnKindDef[@Name=""ABYautja_Elder""]/maxGenerationAge"
[AB] Xenotype: Yautja,biotechrace.yautja.alleyballey,1.6/Mods/HAR/Patches/HAR_NPCAges_Patch.xml,"Defs/PawnKindDef[@Name=""ABYautjaLeaderBase""]/minGenerationAge"
[AB] Xenotype: Yautja,biotechrace.yautja.alleyballey,1.6/Mods/HAR/Patches/HAR_NPCAges_Patch.xml,"Defs/PawnKindDef[@Name=""ABYautjaLeaderBase""]/maxGenerationAge"
[AB] Xenotype: Yautja,biotechrace.yautja.alleyballey,1.6/Mods/HAR/Patches/HAR_PawnKind_Race_Patch.xml,"Defs/PawnKindDef[@Name=""ABYautjaBase""]/race"
[AB] Xenotype: Yautja,biotechrace.yautja.alleyballey,1.6/Mods/HAR/Patches/HAR_PawnKind_Race_Patch.xml,"Defs/PawnKindDef[@Name=""BaseYautjaPawnKind""]/race"
[AB] Xenotype: Yautja,biotechrace.yautja.alleyballey,1.6/Patches/Medpod_Patch.xml,"Defs/ThingDef[@Name=""MedPodBedBase""]/comps/li[@Class=""MedPod.CompProperties_TreatmentRestrictions""]/neverTreatableHediffs"
[AB] Xenotype: Yautja,biotechrace.yautja.alleyballey,1.6/Patches/Medpod_Patch.xml,"Defs/ThingDef[@Name=""MedPodBedBase""]/comps/li[@Class=""MedPod.CompProperties_TreatmentRestrictions""]/alwaysTreatableHediffs"
[AB] Xenotype: Yautja,biotechrace.yautja.alleyballey,1.6/Patches/ReelsTurretPipeline_Patch.xml,"Defs/ThingDef[defName=""ABYautja_Turret_PredGun""]/comps/li[@Class=""CompProperties_Refuelable""]/fuelFilter/thingDefs/li"
[AB] Xenotype: Yautja,biotechrace.yautja.alleyballey,1.6/Patches/ReelsTurretPipeline_Patch.xml,"Defs/ThingDef[defName=""ABYautja_Turret_Fireliner""]/comps/li[@Class=""CompProperties_Refuelable""]/fuelFilter/thingDefs/li"
[AB] Xenotype: Yautja,biotechrace.yautja.alleyballey,1.6/Patches/ReelsTurretPipeline_Patch.xml,"Defs/ThingDef[defName=""ABYautja_Turret_HeavyPredGun""]/comps/li[@Class=""CompProperties_Refuelable""]/fuelFilter/thingDefs/li"
[AB] Xenotype: Yautja,biotechrace.yautja.alleyballey,1.6/Patches/Yautja_SettingsPatches.xml,"Defs/ThingDef[@Name=""ABYautjaTurretBase""]/comps/li[@Class=""CompProperties_Explosive""]"
[AB] Xenotype: Yautja,biotechrace.yautja.alleyballey,1.6/Patches/Yautja_SettingsPatches.xml,"Defs/ThingDef[@Name=""ABYautjaHeavyTurretBase""]/comps/li[@Class=""CompProperties_Explosive""]"
[AB] Xenotype: Yautja,biotechrace.yautja.alleyballey,1.6/Patches/Yautja_SettingsPatches.xml,"Defs/ThingDef[@Name=""ABYautjaTurretBase""]/comps/li[@Class=""CompProperties_Power""]"
[AB] Xenotype: Yautja,biotechrace.yautja.alleyballey,1.6/Patches/Yautja_SettingsPatches.xml,"Defs/ThingDef[@Name=""ABYautjaHeavyTurretBase""]/comps/li[@Class=""CompProperties_Power""]"
[AB] Xenotype: Yautja,biotechrace.yautja.alleyballey,1.6/Patches/Yautja_SettingsPatches.xml,"Defs/ThingDef[defName=""ABYautja_Turret_PredGun"" or defName=""ABYautja_Turret_Fireliner"" or defName=""ABYautja_Turret_HeavyPredGun""]/comps/li[@Class=""CompProperties_Refuelable""]"
[AB] Xenotype: Yautja,biotechrace.yautja.alleyballey,1.6/Patches/Yautja_SettingsPatches.xml,"Defs/ThingDef[@Name=""ABYautjaTurretBase""]/comps/li[@Class=""PipeSystem.CompProperties_ResourceTrader""]"
[AB] Xenotype: Yautja,biotechrace.yautja.alleyballey,1.6/Patches/Yautja_SettingsPatches.xml,"Defs/ThingDef[@Name=""ABYautjaTurretBase""]/comps/li[@Class=""CompProperties_Breakdownable""]"
[AB] Xenotype: Yautja,biotechrace.yautja.alleyballey,1.6/Patches/Yautja_SettingsPatches.xml,"Defs/ThingDef[@Name=""ABYautjaHeavyTurretBase""]/comps/li[@Class=""CompProperties_Breakdownable""]"
[AB] Xenotype: Yautja,biotechrace.yautja.alleyballey,1.6/Patches/Yautja_SettingsPatches.xml,"Defs/ThingDef[defName=""ABYautja_TableMachining""]/comps/li[@Class=""CompProperties_Breakdownable""]"
[AB] Xenotype: Yautja,biotechrace.yautja.alleyballey,1.6/Patches/Yautja_SettingsPatches.xml,"Defs/HediffDef[defName=""ABYautja_WristbladeLauncher"" or defName=""ABYautja_WristRocket""]/comps/li/verbProps/li/comps/li[@Class=""MVCF.Reloading.Comps.VerbCompProperties_Reloadable""]"
[AB] Xenotype: Yautja,biotechrace.yautja.alleyballey,1.6/Patches/Yautja_SettingsPatches.xml,"Defs/HediffDef[@Name=""ABYautja_NPCUnbloodedWristbladeGauntlet""]/comps/li[@Class=""VEF.AnimalBehaviours.HediffCompProperties_Exploder""]"
[AB] Xenotype: Yautja,biotechrace.yautja.alleyballey,1.6/Patches/Yautja_SettingsPatches.xml,"Defs/HediffDef[defName=""ABYautja_NPCLeaderWristbladeGauntlet"" or defName=""ABYautja_NPCWristbladeGauntlet""]/comps/li[@Class=""VEF.AnimalBehaviours.HediffCompProperties_Exploder""]"
[AB] Xenotype: Yautja,biotechrace.yautja.alleyballey,1.6/Patches/Yautja_SettingsPatches.xml,"Defs/AlienRace.ThingDef_AlienRace[@Name=""ABYautja_Race""]/race/baseHealthScale"
[AB] Xenotype: Yautja,biotechrace.yautja.alleyballey,1.6/Patches/Yautja_SettingsPatches.xml,"Defs/AlienRace.ThingDef_AlienRace[@Name=""ABYautja_Race""]/race/baseHealthScale"
ABF: Synstructs Core,killathon.artificialbeings.syncore,1.6/Patches/ABF_SynstructChemfuelPatches.xml,"Defs/ThingDef[defName=""Chemfuel""]/comps/li[compClass=""ArtificialBeings.CompArtificialNeedFulfiller""]"
ABF: Synstructs Core,killathon.artificialbeings.syncore,1.6/Patches/ABF_SynstructComponentPatches.xml,"Defs/ThingDef[defName=""ComponentIndustrial""]/comps/li[compClass=""ArtificialBeings.CompArtificialNeedFulfiller""]"
Big and Small - Genes & More,redmattis.bigsmall.core,1.6/Base/Patches/VE_Patches.xml,"/Defs/PawnKindDef[defName=""BS_WomanInBlue""]/apparelRequired"
Intimacy - Friends n' Lovers,lovelydovey.sex.witheuterpe,1.6/Patches/Bed_sharing_patch.xml,"Defs/PreceptDef[defName=""Lovin_SpouseOnly_Mild""]/comps/li[@Class=""PreceptComp_UnwillingToDo""]"
Intimacy - Friends n' Lovers,lovelydovey.sex.witheuterpe,1.6/Patches/Bed_sharing_patch.xml,"Defs/PreceptDef[defName=""Lovin_SpouseOnly_Moderate""]/comps/li[@Class=""PreceptComp_UnwillingToDo""]"
Intimacy - Friends n' Lovers,lovelydovey.sex.witheuterpe,1.6/Patches/Hediffs.xml,"Defs/HediffDef[defName=""PleasurePulse""]/comps/li[@Class=""HediffCompProperties_GiveLovinMTBFactor""]/lovinMTBFactor"
VVE - Deconstructable Vehicles Junk,farxmai2.vanilladeconstructablevehicles,1.6/Core/Patches/VVD_Buildings_Ancient_Indoors.xml,"/Defs/ThingDef[defName=""AncientCrate"" or defName=""AncientSmallCrate"" or defName=""AncientLongCrate""]/statBases"
VVE - Deconstructable Vehicles Junk,farxmai2.vanilladeconstructablevehicles,1.6/Core/Patches/VVD_Buildings_Ancient_Indoors.xml,"/Defs/ThingDef[defName=""AncientCrate"" or defName=""AncientSmallCrate"" or defName=""AncientLongCrate""]/statBases"
VVE - Deconstructable Vehicles Junk,farxmai2.vanilladeconstructablevehicles,1.6/Core/Patches/VVD_Buildings_Ancient_Indoors.xml,"/Defs/ThingDef[defName=""AncientBarrel""]/statBases"
VVE - Deconstructable Vehicles Junk,farxmai2.vanilladeconstructablevehicles,1.6/Core/Patches/VVD_Buildings_Ancient_Indoors.xml,"/Defs/ThingDef[defName=""AncientBarrel""]/statBases"
VVE - Deconstructable Vehicles Junk,farxmai2.vanilladeconstructablevehicles,1.6/Core/Patches/VVD_Buildings_Ancient_Indoors.xml,"/Defs/ThingDef[defName=""AncientGenerator""]/statBases"
VVE - Deconstructable Vehicles Junk,farxmai2.vanilladeconstructablevehicles,1.6/Core/Patches/VVD_Buildings_Ancient_Indoors.xml,"/Defs/ThingDef[defName=""AncientGenerator""]/statBases"
VVE - Deconstructable Vehicles Junk,farxmai2.vanilladeconstructablevehicles,1.6/Core/Patches/VVD_Buildings_Ancient_Indoors.xml,"/Defs/ThingDef[defName=""AncientFuelNode""]/statBases"
VVE - Deconstructable Vehicles Junk,farxmai2.vanilladeconstructablevehicles,1.6/Core/Patches/VVD_Buildings_Ancient_Indoors.xml,"/Defs/ThingDef[defName=""AncientFuelNode""]/statBases"
VVE - Deconstructable Vehicles Junk,farxmai2.vanilladeconstructablevehicles,1.6/Core/Patches/VVD_Buildings_Ancient_Indoors.xml,"/Defs/ThingDef[defName=""AncientMachine""]/statBases"
VVE - Deconstructable Vehicles Junk,farxmai2.vanilladeconstructablevehicles,1.6/Core/Patches/VVD_Buildings_Ancient_Indoors.xml,"/Defs/ThingDef[defName=""AncientMachine""]/statBases"
VVE - Deconstructable Vehicles Junk,farxmai2.vanilladeconstructablevehicles,1.6/Core/Patches/VVD_Buildings_Ancient_Indoors.xml,"/Defs/ThingDef[defName=""AncientStorageCylinder""]/statBases"
VVE - Deconstructable Vehicles Junk,farxmai2.vanilladeconstructablevehicles,1.6/Core/Patches/VVD_Buildings_Ancient_Indoors.xml,"/Defs/ThingDef[defName=""AncientStorageCylinder""]/statBases"
VVE - Deconstructable Vehicles Junk,farxmai2.vanilladeconstructablevehicles,1.6/Core/Patches/VVD_Buildings_Ancient_Outdoors.xml,"/Defs/ThingDef[defName=""AncientPodCar""]/statBases"
VVE - Deconstructable Vehicles Junk,farxmai2.vanilladeconstructablevehicles,1.6/Core/Patches/VVD_Buildings_Ancient_Outdoors.xml,"/Defs/ThingDef[defName=""AncientPodCar""]/statBases"
VVE - Deconstructable Vehicles Junk,farxmai2.vanilladeconstructablevehicles,1.6/Core/Patches/VVD_Buildings_Ancient_Outdoors.xml,"/Defs/ThingDef[defName=""AncientRustedCar""]/statBases"
VVE - Deconstructable Vehicles Junk,farxmai2.vanilladeconstructablevehicles,1.6/Core/Patches/VVD_Buildings_Ancient_Outdoors.xml,"/Defs/ThingDef[defName=""AncientRustedCar""]/statBases"
VVE - Deconstructable Vehicles Junk,farxmai2.vanilladeconstructablevehicles,1.6/Core/Patches/VVD_Buildings_Ancient_Outdoors.xml,"/Defs/ThingDef[defName=""AncientRustedTruck""]/statBases"
VVE - Deconstructable Vehicles Junk,farxmai2.vanilladeconstructablevehicles,1.6/Core/Patches/VVD_Buildings_Ancient_Outdoors.xml,"/Defs/ThingDef[defName=""AncientRustedTruck""]/statBases"
VVE - Deconstructable Vehicles Junk,farxmai2.vanilladeconstructablevehicles,1.6/Core/Patches/VVD_Buildings_Ancient_Outdoors.xml,"/Defs/ThingDef[defName=""AncientRustedJeep""]/statBases"
VVE - Deconstructable Vehicles Junk,farxmai2.vanilladeconstructablevehicles,1.6/Core/Patches/VVD_Buildings_Ancient_Outdoors.xml,"/Defs/ThingDef[defName=""AncientRustedJeep""]/statBases"
VVE - Deconstructable Vehicles Junk,farxmai2.vanilladeconstructablevehicles,1.6/Core/Patches/VVD_Buildings_Ancient_Outdoors.xml,"/Defs/ThingDef[defName=""AncientTank""]/statBases"
VVE - Deconstructable Vehicles Junk,farxmai2.vanilladeconstructablevehicles,1.6/Core/Patches/VVD_Buildings_Ancient_Outdoors.xml,"/Defs/ThingDef[defName=""AncientTank""]/statBases"
VVE - Deconstructable Vehicles Junk,farxmai2.vanilladeconstructablevehicles,1.6/Core/Patches/VVD_Buildings_Ancient_Outdoors.xml,"/Defs/ThingDef[defName=""AncientAPC""]/statBases"
VVE - Deconstructable Vehicles Junk,farxmai2.vanilladeconstructablevehicles,1.6/Core/Patches/VVD_Buildings_Ancient_Outdoors.xml,"/Defs/ThingDef[defName=""AncientAPC""]/statBases"
VVE - Deconstructable Vehicles Junk,farxmai2.vanilladeconstructablevehicles,1.6/Core/Patches/VVD_Buildings_Ancient_Outdoors.xml,"/Defs/ThingDef[defName=""AncientRustedCarFrame""]/statBases"
VVE - Deconstructable Vehicles Junk,farxmai2.vanilladeconstructablevehicles,1.6/Core/Patches/VVD_Buildings_Ancient_Outdoors.xml,"/Defs/ThingDef[defName=""AncientRustedCarFrame""]/statBases"
VVE - Deconstructable Vehicles Junk,farxmai2.vanilladeconstructablevehicles,1.6/Core/Patches/VVD_Buildings_Ancient_Outdoors.xml,"/Defs/ThingDef[defName=""AncientWheel""]/statBases"
VVE - Deconstructable Vehicles Junk,farxmai2.vanilladeconstructablevehicles,1.6/Core/Patches/VVD_Buildings_Ancient_Outdoors.xml,"/Defs/ThingDef[defName=""AncientWheel""]/statBases"
VVE - Deconstructable Vehicles Junk,farxmai2.vanilladeconstructablevehicles,1.6/Core/Patches/VVD_Buildings_Ancient_Outdoors.xml,"/Defs/ThingDef[defName=""AncientGiantWheel""]/statBases"
VVE - Deconstructable Vehicles Junk,farxmai2.vanilladeconstructablevehicles,1.6/Core/Patches/VVD_Buildings_Ancient_Outdoors.xml,"/Defs/ThingDef[defName=""AncientGiantWheel""]/statBases"
VVE - Deconstructable Vehicles Junk,farxmai2.vanilladeconstructablevehicles,1.6/Core/Patches/VVD_Buildings_Ancient_Outdoors.xml,"/Defs/ThingDef[defName=""AncientJetEngine""]/statBases"
VVE - Deconstructable Vehicles Junk,farxmai2.vanilladeconstructablevehicles,1.6/Core/Patches/VVD_Buildings_Ancient_Outdoors.xml,"/Defs/ThingDef[defName=""AncientJetEngine""]/statBases"
VVE - Deconstructable Vehicles Junk,farxmai2.vanilladeconstructablevehicles,1.6/Core/Patches/VVD_Buildings_Ancient_Outdoors.xml,"/Defs/ThingDef[defName=""AncientLargeRustedEngineBlock""]/statBases"
VVE - Deconstructable Vehicles Junk,farxmai2.vanilladeconstructablevehicles,1.6/Core/Patches/VVD_Buildings_Ancient_Outdoors.xml,"/Defs/ThingDef[defName=""AncientLargeRustedEngineBlock""]/statBases"
VVE - Deconstructable Vehicles Junk,farxmai2.vanilladeconstructablevehicles,1.6/Core/Patches/VVD_Buildings_Ancient_Outdoors.xml,"/Defs/ThingDef[defName=""AncientDropshipEngine""]/statBases"
VVE - Deconstructable Vehicles Junk,farxmai2.vanilladeconstructablevehicles,1.6/Core/Patches/VVD_Buildings_Ancient_Outdoors.xml,"/Defs/ThingDef[defName=""AncientDropshipEngine""]/statBases"
VVE - Deconstructable Vehicles Junk,farxmai2.vanilladeconstructablevehicles,1.6/Core/Patches/VVD_Buildings_Ancient_Outdoors.xml,"/Defs/ThingDef[defName=""AncientRustedEngineBlock""]/statBases"
VVE - Deconstructable Vehicles Junk,farxmai2.vanilladeconstructablevehicles,1.6/Core/Patches/VVD_Buildings_Ancient_Outdoors.xml,"/Defs/ThingDef[defName=""AncientRustedEngineBlock""]/statBases"
VVE - Deconstructable Vehicles Junk,farxmai2.vanilladeconstructablevehicles,1.6/Core/Patches/VVD_Buildings_Ancient_Outdoors.xml,"/Defs/ThingDef[defName=""AncientRustedDropship""]/statBases"
VVE - Deconstructable Vehicles Junk,farxmai2.vanilladeconstructablevehicles,1.6/Core/Patches/VVD_Buildings_Ancient_Outdoors.xml,"/Defs/ThingDef[defName=""AncientRustedDropship""]/statBases"
VVE - Deconstructable Vehicles Junk,farxmai2.vanilladeconstructablevehicles,1.6/Core/Patches/VVD_Buildings_Ancient_Outdoors.xml,"/Defs/ThingDef[defName=""AncientWarwalkerTorso""]/statBases"
VVE - Deconstructable Vehicles Junk,farxmai2.vanilladeconstructablevehicles,1.6/Core/Patches/VVD_Buildings_Ancient_Outdoors.xml,"/Defs/ThingDef[defName=""AncientWarwalkerTorso""]/statBases"
VVE - Deconstructable Vehicles Junk,farxmai2.vanilladeconstructablevehicles,1.6/Core/Patches/VVD_Buildings_Ancient_Outdoors.xml,"/Defs/ThingDef[defName=""AncientWarwalkerClaw""]/statBases"
VVE - Deconstructable Vehicles Junk,farxmai2.vanilladeconstructablevehicles,1.6/Core/Patches/VVD_Buildings_Ancient_Outdoors.xml,"/Defs/ThingDef[defName=""AncientWarwalkerClaw""]/statBases"
VVE - Deconstructable Vehicles Junk,farxmai2.vanilladeconstructablevehicles,1.6/Core/Patches/VVD_Buildings_Ancient_Outdoors.xml,"/Defs/ThingDef[defName=""AncientWarwalkerLeg""]/statBases"
VVE - Deconstructable Vehicles Junk,farxmai2.vanilladeconstructablevehicles,1.6/Core/Patches/VVD_Buildings_Ancient_Outdoors.xml,"/Defs/ThingDef[defName=""AncientWarwalkerLeg""]/statBases"
VVE - Deconstructable Vehicles Junk,farxmai2.vanilladeconstructablevehicles,1.6/Core/Patches/VVD_Buildings_Ancient_Outdoors.xml,"/Defs/ThingDef[defName=""AncientMiniWarwalkerRemains""]/statBases"
VVE - Deconstructable Vehicles Junk,farxmai2.vanilladeconstructablevehicles,1.6/Core/Patches/VVD_Buildings_Ancient_Outdoors.xml,"/Defs/ThingDef[defName=""AncientMiniWarwalkerRemains""]/statBases"
VVE - Deconstructable Vehicles Junk,farxmai2.vanilladeconstructablevehicles,1.6/Core/Patches/VVD_Buildings_Ancient_Outdoors.xml,"/Defs/ThingDef[defName=""AncientWarspiderRemains""]/statBases"
VVE - Deconstructable Vehicles Junk,farxmai2.vanilladeconstructablevehicles,1.6/Core/Patches/VVD_Buildings_Ancient_Outdoors.xml,"/Defs/ThingDef[defName=""AncientWarspiderRemains""]/statBases"
VVE - Deconstructable Vehicles Junk,farxmai2.vanilladeconstructablevehicles,1.6/Core/Patches/VVD_Buildings_Ancient_Outdoors.xml,"/Defs/ThingDef[defName=""AncientWarwalkerFoot""]/statBases"
VVE - Deconstructable Vehicles Junk,farxmai2.vanilladeconstructablevehicles,1.6/Core/Patches/VVD_Buildings_Ancient_Outdoors.xml,"/Defs/ThingDef[defName=""AncientWarwalkerFoot""]/statBases"
VVE - Deconstructable Vehicles Junk,farxmai2.vanilladeconstructablevehicles,1.6/Core/Patches/VVD_Buildings_Ancient_Outdoors.xml,"/Defs/ThingDef[defName=""AncientWarwalkerShell""]/statBases"
VVE - Deconstructable Vehicles Junk,farxmai2.vanilladeconstructablevehicles,1.6/Core/Patches/VVD_Buildings_Ancient_Outdoors.xml,"/Defs/ThingDef[defName=""AncientWarwalkerShell""]/statBases"
VVE - Deconstructable Vehicles Junk,farxmai2.vanilladeconstructablevehicles,1.6/Core/Patches/VVD_Buildings_Ancient_Outdoors.xml,"/Defs/ThingDef[defName=""AncientPipelineSection""]/statBases"
VVE - Deconstructable Vehicles Junk,farxmai2.vanilladeconstructablevehicles,1.6/Core/Patches/VVD_Buildings_Ancient_Outdoors.xml,"/Defs/ThingDef[defName=""AncientPipelineSection""]/statBases"
VVE - Deconstructable Vehicles Junk,farxmai2.vanilladeconstructablevehicles,1.6/Core/Patches/VVD_Buildings_Ancient_Outdoors.xml,"/Defs/ThingDef[defName=""AncientPipes""]/statBases"
VVE - Deconstructable Vehicles Junk,farxmai2.vanilladeconstructablevehicles,1.6/Core/Patches/VVD_Buildings_Ancient_Outdoors.xml,"/Defs/ThingDef[defName=""AncientPipes""]/statBases"
VVE - Deconstructable Vehicles Junk,farxmai2.vanilladeconstructablevehicles,1.6/Core/Patches/VVD_Buildings_Ancient_Outdoors.xml,"/Defs/ThingDef[defName=""AncientMegaCannonTripod""]/statBases"
VVE - Deconstructable Vehicles Junk,farxmai2.vanilladeconstructablevehicles,1.6/Core/Patches/VVD_Buildings_Ancient_Outdoors.xml,"/Defs/ThingDef[defName=""AncientMegaCannonTripod""]/statBases"
VVE - Deconstructable Vehicles Junk,farxmai2.vanilladeconstructablevehicles,1.6/Core/Patches/VVD_Buildings_Ancient_Outdoors.xml,"/Defs/ThingDef[defName=""AncientMegaCannonBarrel""]/statBases"
VVE - Deconstructable Vehicles Junk,farxmai2.vanilladeconstructablevehicles,1.6/Core/Patches/VVD_Buildings_Ancient_Outdoors.xml,"/Defs/ThingDef[defName=""AncientMegaCannonBarrel""]/statBases"
VVE - Deconstructable Vehicles Junk,farxmai2.vanilladeconstructablevehicles,1.6/Core/Patches/VVD_Buildings_Ancient_Outdoors.xml,"/Defs/ThingDef[defName=""AncientMechDropBeacon""]/statBases"
VVE - Deconstructable Vehicles Junk,farxmai2.vanilladeconstructablevehicles,1.6/Core/Patches/VVD_Buildings_Ancient_Outdoors.xml,"/Defs/ThingDef[defName=""AncientMechDropBeacon""]/statBases"
VVE - Deconstructable Vehicles Junk,farxmai2.vanilladeconstructablevehicles,1.6/Core/Patches/VVD_Buildings_Ancient_Outdoors.xml,"/Defs/ThingDef[defName=""AncientSecurityTurret""]/statBases"
VVE - Deconstructable Vehicles Junk,farxmai2.vanilladeconstructablevehicles,1.6/Core/Patches/VVD_Buildings_Ancient_Outdoors.xml,"/Defs/ThingDef[defName=""AncientSecurityTurret""]/statBases"
VVE - Deconstructable Vehicles Junk,farxmai2.vanilladeconstructablevehicles,1.6/Core/Patches/VVD_Buildings_Ancient_Outdoors.xml,"/Defs/ThingDef[defName=""AncientShipBeacon""]/statBases"
VVE - Deconstructable Vehicles Junk,farxmai2.vanilladeconstructablevehicles,1.6/Core/Patches/VVD_Buildings_Ancient_Outdoors.xml,"/Defs/ThingDef[defName=""AncientShipBeacon""]/statBases"
VVE - Deconstructable Vehicles Junk,farxmai2.vanilladeconstructablevehicles,1.6/Biotech/Patches/VVD_Buildings_Ancient_Outdoors_Biotech.xml,"/Defs/ThingDef[defName=""AncientExostriderHead""]/statBases"
VVE - Deconstructable Vehicles Junk,farxmai2.vanilladeconstructablevehicles,1.6/Biotech/Patches/VVD_Buildings_Ancient_Outdoors_Biotech.xml,"/Defs/ThingDef[defName=""AncientExostriderHead""]/statBases"
VVE - Deconstructable Vehicles Junk,farxmai2.vanilladeconstructablevehicles,1.6/Biotech/Patches/VVD_Buildings_Ancient_Outdoors_Biotech.xml,"/Defs/ThingDef[defName=""AncientExostriderLeg""]/statBases"
VVE - Deconstructable Vehicles Junk,farxmai2.vanilladeconstructablevehicles,1.6/Biotech/Patches/VVD_Buildings_Ancient_Outdoors_Biotech.xml,"/Defs/ThingDef[defName=""AncientExostriderLeg""]/statBases"
VVE - Deconstructable Vehicles Junk,farxmai2.vanilladeconstructablevehicles,1.6/Biotech/Patches/VVD_Buildings_Ancient_Outdoors_Biotech.xml,"/Defs/ThingDef[defName=""AncientExostriderCannon""]/statBases"
VVE - Deconstructable Vehicles Junk,farxmai2.vanilladeconstructablevehicles,1.6/Biotech/Patches/VVD_Buildings_Ancient_Outdoors_Biotech.xml,"/Defs/ThingDef[defName=""AncientExostriderCannon""]/statBases"
VVE - Deconstructable Vehicles Junk,farxmai2.vanilladeconstructablevehicles,1.6/Biotech/Patches/VVD_Buildings_Ancient_Outdoors_Biotech.xml,"/Defs/ThingDef[defName=""AncientBandNode""]/statBases"
VVE - Deconstructable Vehicles Junk,farxmai2.vanilladeconstructablevehicles,1.6/Biotech/Patches/VVD_Buildings_Ancient_Outdoors_Biotech.xml,"/Defs/ThingDef[defName=""AncientBandNode""]/statBases"
VVE - Deconstructable Vehicles Junk,farxmai2.vanilladeconstructablevehicles,1.6/Biotech/Patches/VVD_Buildings_Ancient_Outdoors_Biotech.xml,"/Defs/ThingDef[defName=""AncientMechGestator""]/statBases"
VVE - Deconstructable Vehicles Junk,farxmai2.vanilladeconstructablevehicles,1.6/Biotech/Patches/VVD_Buildings_Ancient_Outdoors_Biotech.xml,"/Defs/ThingDef[defName=""AncientMechGestator""]/statBases"
VVE - Deconstructable Vehicles Junk,farxmai2.vanilladeconstructablevehicles,1.6/Biotech/Patches/VVD_Buildings_Ancient_Outdoors_Biotech.xml,"/Defs/ThingDef[defName=""AncientLargeMechGestator""]/statBases"
VVE - Deconstructable Vehicles Junk,farxmai2.vanilladeconstructablevehicles,1.6/Biotech/Patches/VVD_Buildings_Ancient_Outdoors_Biotech.xml,"/Defs/ThingDef[defName=""AncientLargeMechGestator""]/statBases"
VVE - Deconstructable Vehicles Junk,farxmai2.vanilladeconstructablevehicles,1.6/Biotech/Patches/VVD_Buildings_Ancient_Outdoors_Biotech.xml,"/Defs/ThingDef[defName=""AncientBasicRecharger""]/statBases"
VVE - Deconstructable Vehicles Junk,farxmai2.vanilladeconstructablevehicles,1.6/Biotech/Patches/VVD_Buildings_Ancient_Outdoors_Biotech.xml,"/Defs/ThingDef[defName=""AncientBasicRecharger""]/statBases"
VVE - Deconstructable Vehicles Junk,farxmai2.vanilladeconstructablevehicles,1.6/Biotech/Patches/VVD_Buildings_Ancient_Outdoors_Biotech.xml,"/Defs/ThingDef[defName=""AncientStandardRecharger""]/statBases"
VVE - Deconstructable Vehicles Junk,farxmai2.vanilladeconstructablevehicles,1.6/Biotech/Patches/VVD_Buildings_Ancient_Outdoors_Biotech.xml,"/Defs/ThingDef[defName=""AncientStandardRecharger""]/statBases"
VVE - Deconstructable Vehicles Junk,farxmai2.vanilladeconstructablevehicles,1.6/Biotech/Patches/VVD_Buildings_Ancient_Outdoors_Biotech.xml,"/Defs/ThingDef[defName=""AncientToxifierGenerator""]/statBases"
VVE - Deconstructable Vehicles Junk,farxmai2.vanilladeconstructablevehicles,1.6/Biotech/Patches/VVD_Buildings_Ancient_Outdoors_Biotech.xml,"/Defs/ThingDef[defName=""AncientToxifierGenerator""]/statBases"
VVE - Deconstructable Vehicles Junk,farxmai2.vanilladeconstructablevehicles,1.6/VMemesE/Patches/VVD_Buildings_Ancient_Indoors_memes.xml,"/Defs/ThingDef[defName=""VME_AncientCrate""]/statBases"
VVE - Deconstructable Vehicles Junk,farxmai2.vanilladeconstructablevehicles,1.6/VMemesE/Patches/VVD_Buildings_Ancient_Indoors_memes.xml,"/Defs/ThingDef[defName=""VME_AncientCrate""]/statBases"
VVE - Deconstructable Vehicles Junk,farxmai2.vanilladeconstructablevehicles,1.6/VMemesE/Patches/VVD_Buildings_Ancient_Indoors_memes.xml,"/Defs/ThingDef[defName=""VME_AncientBarrel""]/statBases"
VVE - Deconstructable Vehicles Junk,farxmai2.vanilladeconstructablevehicles,1.6/VMemesE/Patches/VVD_Buildings_Ancient_Indoors_memes.xml,"/Defs/ThingDef[defName=""VME_AncientBarrel""]/statBases"
VVE - Deconstructable Vehicles Junk,farxmai2.vanilladeconstructablevehicles,1.6/VMemesE/Patches/VVD_Buildings_Ancient_Indoors_memes.xml,"/Defs/ThingDef[defName=""VME_AncientGenerator""]/statBases"
VVE - Deconstructable Vehicles Junk,farxmai2.vanilladeconstructablevehicles,1.6/VMemesE/Patches/VVD_Buildings_Ancient_Indoors_memes.xml,"/Defs/ThingDef[defName=""VME_AncientGenerator""]/statBases"
VVE - Deconstructable Vehicles Junk,farxmai2.vanilladeconstructablevehicles,1.6/VMemesE/Patches/VVD_Buildings_Ancient_Indoors_memes.xml,"/Defs/ThingDef[defName=""VME_AncientMachine""]/statBases"
VVE - Deconstructable Vehicles Junk,farxmai2.vanilladeconstructablevehicles,1.6/VMemesE/Patches/VVD_Buildings_Ancient_Indoors_memes.xml,"/Defs/ThingDef[defName=""VME_AncientMachine""]/statBases"
VVE - Deconstructable Vehicles Junk,farxmai2.vanilladeconstructablevehicles,1.6/VMemesE/Patches/VVD_Buildings_Ancient_Indoors_memes.xml,"/Defs/ThingDef[defName=""VME_AncientStorageCylinder""]/statBases"
VVE - Deconstructable Vehicles Junk,farxmai2.vanilladeconstructablevehicles,1.6/VMemesE/Patches/VVD_Buildings_Ancient_Indoors_memes.xml,"/Defs/ThingDef[defName=""VME_AncientStorageCylinder""]/statBases"
VVE - Deconstructable Vehicles Junk,farxmai2.vanilladeconstructablevehicles,1.6/VMemesE/Patches/VVD_Buildings_Ancient_Outdoors_memes.xml,"/Defs/ThingDef[defName=""VME_AncientPodCar""]/statBases"
VVE - Deconstructable Vehicles Junk,farxmai2.vanilladeconstructablevehicles,1.6/VMemesE/Patches/VVD_Buildings_Ancient_Outdoors_memes.xml,"/Defs/ThingDef[defName=""VME_AncientPodCar""]/statBases"
VVE - Deconstructable Vehicles Junk,farxmai2.vanilladeconstructablevehicles,1.6/VMemesE/Patches/VVD_Buildings_Ancient_Outdoors_memes.xml,"/Defs/ThingDef[defName=""VME_AncientRustedCar""]/statBases"
VVE - Deconstructable Vehicles Junk,farxmai2.vanilladeconstructablevehicles,1.6/VMemesE/Patches/VVD_Buildings_Ancient_Outdoors_memes.xml,"/Defs/ThingDef[defName=""VME_AncientRustedCar""]/statBases"
VVE - Deconstructable Vehicles Junk,farxmai2.vanilladeconstructablevehicles,1.6/VMemesE/Patches/VVD_Buildings_Ancient_Outdoors_memes.xml,"/Defs/ThingDef[defName=""VME_AncientRustedTruck""]/statBases"
VVE - Deconstructable Vehicles Junk,farxmai2.vanilladeconstructablevehicles,1.6/VMemesE/Patches/VVD_Buildings_Ancient_Outdoors_memes.xml,"/Defs/ThingDef[defName=""VME_AncientRustedTruck""]/statBases"
VVE - Deconstructable Vehicles Junk,farxmai2.vanilladeconstructablevehicles,1.6/VMemesE/Patches/VVD_Buildings_Ancient_Outdoors_memes.xml,"/Defs/ThingDef[defName=""VME_AncientRustedJeep""]/statBases"
VVE - Deconstructable Vehicles Junk,farxmai2.vanilladeconstructablevehicles,1.6/VMemesE/Patches/VVD_Buildings_Ancient_Outdoors_memes.xml,"/Defs/ThingDef[defName=""VME_AncientRustedJeep""]/statBases"
VVE - Deconstructable Vehicles Junk,farxmai2.vanilladeconstructablevehicles,1.6/VMemesE/Patches/VVD_Buildings_Ancient_Outdoors_memes.xml,"/Defs/ThingDef[defName=""VME_AncientTank""]/statBases"
VVE - Deconstructable Vehicles Junk,farxmai2.vanilladeconstructablevehicles,1.6/VMemesE/Patches/VVD_Buildings_Ancient_Outdoors_memes.xml,"/Defs/ThingDef[defName=""VME_AncientTank""]/statBases"
VVE - Deconstructable Vehicles Junk,farxmai2.vanilladeconstructablevehicles,1.6/VMemesE/Patches/VVD_Buildings_Ancient_Outdoors_memes.xml,"/Defs/ThingDef[defName=""VME_AncientAPC""]/statBases"
VVE - Deconstructable Vehicles Junk,farxmai2.vanilladeconstructablevehicles,1.6/VMemesE/Patches/VVD_Buildings_Ancient_Outdoors_memes.xml,"/Defs/ThingDef[defName=""VME_AncientAPC""]/statBases"
VVE - Deconstructable Vehicles Junk,farxmai2.vanilladeconstructablevehicles,1.6/VMemesE/Patches/VVD_Buildings_Ancient_Outdoors_memes.xml,"/Defs/ThingDef[defName=""VME_AncientRustedCarFrame""]/statBases"
VVE - Deconstructable Vehicles Junk,farxmai2.vanilladeconstructablevehicles,1.6/VMemesE/Patches/VVD_Buildings_Ancient_Outdoors_memes.xml,"/Defs/ThingDef[defName=""VME_AncientRustedCarFrame""]/statBases"
VVE - Deconstructable Vehicles Junk,farxmai2.vanilladeconstructablevehicles,1.6/VMemesE/Patches/VVD_Buildings_Ancient_Outdoors_memes.xml,"/Defs/ThingDef[defName=""VME_AncientWheel""]/statBases"
VVE - Deconstructable Vehicles Junk,farxmai2.vanilladeconstructablevehicles,1.6/VMemesE/Patches/VVD_Buildings_Ancient_Outdoors_memes.xml,"/Defs/ThingDef[defName=""VME_AncientWheel""]/statBases"
VVE - Deconstructable Vehicles Junk,farxmai2.vanilladeconstructablevehicles,1.6/VMemesE/Patches/VVD_Buildings_Ancient_Outdoors_memes.xml,"/Defs/ThingDef[defName=""VME_AncientGiantWheel""]/statBases"
VVE - Deconstructable Vehicles Junk,farxmai2.vanilladeconstructablevehicles,1.6/VMemesE/Patches/VVD_Buildings_Ancient_Outdoors_memes.xml,"/Defs/ThingDef[defName=""VME_AncientGiantWheel""]/statBases"
VVE - Deconstructable Vehicles Junk,farxmai2.vanilladeconstructablevehicles,1.6/VMemesE/Patches/VVD_Buildings_Ancient_Outdoors_memes.xml,"/Defs/ThingDef[defName=""VME_AncientJetEngine""]/statBases"
VVE - Deconstructable Vehicles Junk,farxmai2.vanilladeconstructablevehicles,1.6/VMemesE/Patches/VVD_Buildings_Ancient_Outdoors_memes.xml,"/Defs/ThingDef[defName=""VME_AncientJetEngine""]/statBases"
VVE - Deconstructable Vehicles Junk,farxmai2.vanilladeconstructablevehicles,1.6/VMemesE/Patches/VVD_Buildings_Ancient_Outdoors_memes.xml,"/Defs/ThingDef[defName=""VME_AncientLargeRustedEngineBlock""]/statBases"
VVE - Deconstructable Vehicles Junk,farxmai2.vanilladeconstructablevehicles,1.6/VMemesE/Patches/VVD_Buildings_Ancient_Outdoors_memes.xml,"/Defs/ThingDef[defName=""VME_AncientLargeRustedEngineBlock""]/statBases"
VVE - Deconstructable Vehicles Junk,farxmai2.vanilladeconstructablevehicles,1.6/VMemesE/Patches/VVD_Buildings_Ancient_Outdoors_memes.xml,"/Defs/ThingDef[defName=""VME_AncientDropshipEngine""]/statBases"
VVE - Deconstructable Vehicles Junk,farxmai2.vanilladeconstructablevehicles,1.6/VMemesE/Patches/VVD_Buildings_Ancient_Outdoors_memes.xml,"/Defs/ThingDef[defName=""VME_AncientDropshipEngine""]/statBases"
VVE - Deconstructable Vehicles Junk,farxmai2.vanilladeconstructablevehicles,1.6/VMemesE/Patches/VVD_Buildings_Ancient_Outdoors_memes.xml,"/Defs/ThingDef[defName=""VME_AncientRustedEngineBlock""]/statBases"
VVE - Deconstructable Vehicles Junk,farxmai2.vanilladeconstructablevehicles,1.6/VMemesE/Patches/VVD_Buildings_Ancient_Outdoors_memes.xml,"/Defs/ThingDef[defName=""VME_AncientRustedEngineBlock""]/statBases"
VVE - Deconstructable Vehicles Junk,farxmai2.vanilladeconstructablevehicles,1.6/VMemesE/Patches/VVD_Buildings_Ancient_Outdoors_memes.xml,"/Defs/ThingDef[defName=""VME_AncientWarwalkerTorso""]/statBases"
VVE - Deconstructable Vehicles Junk,farxmai2.vanilladeconstructablevehicles,1.6/VMemesE/Patches/VVD_Buildings_Ancient_Outdoors_memes.xml,"/Defs/ThingDef[defName=""VME_AncientWarwalkerTorso""]/statBases"
VVE - Deconstructable Vehicles Junk,farxmai2.vanilladeconstructablevehicles,1.6/VMemesE/Patches/VVD_Buildings_Ancient_Outdoors_memes.xml,"/Defs/ThingDef[defName=""VME_AncientWarwalkerClaw""]/statBases"
VVE - Deconstructable Vehicles Junk,farxmai2.vanilladeconstructablevehicles,1.6/VMemesE/Patches/VVD_Buildings_Ancient_Outdoors_memes.xml,"/Defs/ThingDef[defName=""VME_AncientWarwalkerClaw""]/statBases"
VVE - Deconstructable Vehicles Junk,farxmai2.vanilladeconstructablevehicles,1.6/VMemesE/Patches/VVD_Buildings_Ancient_Outdoors_memes.xml,"/Defs/ThingDef[defName=""VME_AncientWarwalkerLeg""]/statBases"
VVE - Deconstructable Vehicles Junk,farxmai2.vanilladeconstructablevehicles,1.6/VMemesE/Patches/VVD_Buildings_Ancient_Outdoors_memes.xml,"/Defs/ThingDef[defName=""VME_AncientWarwalkerLeg""]/statBases"
VVE - Deconstructable Vehicles Junk,farxmai2.vanilladeconstructablevehicles,1.6/VMemesE/Patches/VVD_Buildings_Ancient_Outdoors_memes.xml,"/Defs/ThingDef[defName=""VME_AncientMiniWarwalkerRemains""]/statBases"
VVE - Deconstructable Vehicles Junk,farxmai2.vanilladeconstructablevehicles,1.6/VMemesE/Patches/VVD_Buildings_Ancient_Outdoors_memes.xml,"/Defs/ThingDef[defName=""VME_AncientMiniWarwalkerRemains""]/statBases"
VVE - Deconstructable Vehicles Junk,farxmai2.vanilladeconstructablevehicles,1.6/VMemesE/Patches/VVD_Buildings_Ancient_Outdoors_memes.xml,"/Defs/ThingDef[defName=""VME_AncientWarspiderRemains""]/statBases"
VVE - Deconstructable Vehicles Junk,farxmai2.vanilladeconstructablevehicles,1.6/VMemesE/Patches/VVD_Buildings_Ancient_Outdoors_memes.xml,"/Defs/ThingDef[defName=""VME_AncientWarspiderRemains""]/statBases"
VVE - Deconstructable Vehicles Junk,farxmai2.vanilladeconstructablevehicles,1.6/VMemesE/Patches/VVD_Buildings_Ancient_Outdoors_memes.xml,"/Defs/ThingDef[defName=""VME_AncientWarwalkerFoot""]/statBases"
VVE - Deconstructable Vehicles Junk,farxmai2.vanilladeconstructablevehicles,1.6/VMemesE/Patches/VVD_Buildings_Ancient_Outdoors_memes.xml,"/Defs/ThingDef[defName=""VME_AncientWarwalkerFoot""]/statBases"
VVE - Deconstructable Vehicles Junk,farxmai2.vanilladeconstructablevehicles,1.6/VMemesE/Patches/VVD_Buildings_Ancient_Outdoors_memes.xml,"/Defs/ThingDef[defName=""VME_AncientWarwalkerShell""]/statBases"
VVE - Deconstructable Vehicles Junk,farxmai2.vanilladeconstructablevehicles,1.6/VMemesE/Patches/VVD_Buildings_Ancient_Outdoors_memes.xml,"/Defs/ThingDef[defName=""VME_AncientWarwalkerShell""]/statBases"
VVE - Deconstructable Vehicles Junk,farxmai2.vanilladeconstructablevehicles,1.6/VMemesE/Patches/VVD_Buildings_Ancient_Outdoors_memes.xml,"/Defs/ThingDef[defName=""VME_AncientPipelineSection""]/statBases"
VVE - Deconstructable Vehicles Junk,farxmai2.vanilladeconstructablevehicles,1.6/VMemesE/Patches/VVD_Buildings_Ancient_Outdoors_memes.xml,"/Defs/ThingDef[defName=""VME_AncientPipelineSection""]/statBases"
VVE - Deconstructable Vehicles Junk,farxmai2.vanilladeconstructablevehicles,1.6/VMemesE/Patches/VVD_Buildings_Ancient_Outdoors_memes.xml,"/Defs/ThingDef[defName=""VME_AncientPipes""]/statBases"
VVE - Deconstructable Vehicles Junk,farxmai2.vanilladeconstructablevehicles,1.6/VMemesE/Patches/VVD_Buildings_Ancient_Outdoors_memes.xml,"/Defs/ThingDef[defName=""VME_AncientPipes""]/statBases"
VVE - Deconstructable Vehicles Junk,farxmai2.vanilladeconstructablevehicles,1.6/VMemesE/Patches/VVD_Buildings_Ancient_Outdoors_memes.xml,"/Defs/ThingDef[defName=""VME_AncientMegaCannonTripod""]/statBases"
VVE - Deconstructable Vehicles Junk,farxmai2.vanilladeconstructablevehicles,1.6/VMemesE/Patches/VVD_Buildings_Ancient_Outdoors_memes.xml,"/Defs/ThingDef[defName=""VME_AncientMegaCannonTripod""]/statBases"
VVE - Deconstructable Vehicles Junk,farxmai2.vanilladeconstructablevehicles,1.6/VMemesE/Patches/VVD_Buildings_Ancient_Outdoors_memes.xml,"/Defs/ThingDef[defName=""VME_AncientMegaCannonBarrel""]/statBases"
VVE - Deconstructable Vehicles Junk,farxmai2.vanilladeconstructablevehicles,1.6/VMemesE/Patches/VVD_Buildings_Ancient_Outdoors_memes.xml,"/Defs/ThingDef[defName=""VME_AncientMegaCannonBarrel""]/statBases"
VVE - Deconstructable Vehicles Junk,farxmai2.vanilladeconstructablevehicles,1.6/VMemesE/Patches/VVD_Buildings_Ancient_Outdoors_memes.xml,"/Defs/ThingDef[defName=""VME_AncientSecurityTurret""]/statBases"
VVE - Deconstructable Vehicles Junk,farxmai2.vanilladeconstructablevehicles,1.6/VMemesE/Patches/VVD_Buildings_Ancient_Outdoors_memes.xml,"/Defs/ThingDef[defName=""VME_AncientSecurityTurret""]/statBases"
VVE - Deconstructable Vehicles Junk,farxmai2.vanilladeconstructablevehicles,1.6/VMemesE/Patches/VVD_Buildings_Ancient_Outdoors_memes.xml,"/Defs/ThingDef[defName=""VME_AncientShipBeacon""]/statBases"
VVE - Deconstructable Vehicles Junk,farxmai2.vanilladeconstructablevehicles,1.6/VMemesE/Patches/VVD_Buildings_Ancient_Outdoors_memes.xml,"/Defs/ThingDef[defName=""VME_AncientShipBeacon""]/statBases"
VVE - Deconstructable Vehicles Junk,farxmai2.vanilladeconstructablevehicles,1.6/VGenesE/Patches/ME_Buildings_Junk.xml,"/Defs/ThingDef[defName=""AG_AncientFaultyLamp"" or defName=""AG_RuinedLabLamp""]/statBases/mass"
VVE - Deconstructable Vehicles Junk,farxmai2.vanilladeconstructablevehicles,1.6/VGenesE/Patches/ME_Buildings_Junk.xml,"/Defs/ThingDef[defName=""AG_AncientFaultyLamp"" or defName=""AG_RuinedLabLamp""]/statBases"
VVE - Deconstructable Vehicles Junk,farxmai2.vanilladeconstructablevehicles,1.6/VGenesE/Patches/ME_Buildings_Junk.xml,"/Defs/ThingDef[defName=""AG_AncientFaultyLamp"" or defName=""AG_RuinedLabLamp""]/statBases/mass"
Intimacy - Gender Works,lovelydovey.sex.withrosaline,1.6/Patches/Biosculptor_changes.xml,"Defs/ThingDef[defName=""BiosculpterPod""]/comps/li/bodyPartsToRestore"
Intimacy - Gender Works,lovelydovey.sex.withrosaline,1.6/Patches/VRE_Insector_egg_overlap.xml,"Defs/HediffDef[defName=""VRE_Parthenogenesis""]/comps/li[@Class=""VanillaRacesExpandedInsector.HediffCompProperties_Parthenogenesis""]"
[FSF] Complex Jobs,frozensnowfox.complexjobs,1.6/Ludeon/Core/Patches/1045_FSFTraining_FSF.xml,"/Defs/ThingDef/race/mechEnabledWorkTypes [li [text()=""Handling""] ]"
[FSF] Complex Jobs,frozensnowfox.complexjobs,1.6/Ludeon/Core/Patches/1045_FSFTraining_FSF.xml,"/Defs/ThingDef/race/mechEnabledWorkTypes [li [text()=""Handling""] ]"
[FSF] Complex Jobs,frozensnowfox.complexjobs,1.6/Ludeon/Core/Patches/1045_FSFTraining_FSF.xml,"/Defs/ThingDef/race/mechEnabledWorkTypes [li [text()=""Handling""] ]"
[FSF] Complex Jobs,frozensnowfox.complexjobs,1.6/Ludeon/Core/Patches/1045_FSFTraining_FSF.xml,"/Defs/ThingDef/comps/li[@Class = ""Asimov.CompProperties_Automaton""]/enabledWorkTypes [li [text()=""Handling""] ]"
[FSF] Complex Jobs,frozensnowfox.complexjobs,1.6/Ludeon/Core/Patches/1045_FSFTraining_FSF.xml,"/Defs/ThingDef/comps/li[@Class = ""Asimov.CompProperties_Automaton""]/enabledWorkTypes [li [text()=""Handling""] ]"
[FSF] Complex Jobs,frozensnowfox.complexjobs,1.6/Ludeon/Core/Patches/1135_FSFRearming_FSF.xml,"/Defs/ThingDef/race/mechEnabledWorkTypes [li [text()=""Hauling""] ]"
[FSF] Complex Jobs,frozensnowfox.complexjobs,1.6/Ludeon/Core/Patches/1135_FSFRearming_FSF.xml,"/Defs/ThingDef/race/mechEnabledWorkTypes [li [text()=""Hauling""] ]"
[FSF] Complex Jobs,frozensnowfox.complexjobs,1.6/Ludeon/Core/Patches/1135_FSFRearming_FSF.xml,"/Defs/ThingDef/race/mechEnabledWorkTypes [li [text()=""Hauling""] ]"
[FSF] Complex Jobs,frozensnowfox.complexjobs,1.6/Ludeon/Core/Patches/1135_FSFRearming_FSF.xml,"/Defs/ThingDef/comps/li[@Class = ""Asimov.CompProperties_Automaton""]/enabledWorkTypes [li [text()=""Hauling""] ]"
[FSF] Complex Jobs,frozensnowfox.complexjobs,1.6/Ludeon/Core/Patches/1135_FSFRearming_FSF.xml,"/Defs/ThingDef/comps/li[@Class = ""Asimov.CompProperties_Automaton""]/enabledWorkTypes [li [text()=""Hauling""] ]"
[FSF] Complex Jobs,frozensnowfox.complexjobs,1.6/Ludeon/Core/Patches/1170_HaulingUrgent_Allow_Tool.xml,"/Defs/ThingDef/race/mechEnabledWorkTypes [li [text()=""Hauling""] ]"
[FSF] Complex Jobs,frozensnowfox.complexjobs,1.6/Ludeon/Core/Patches/1170_HaulingUrgent_Allow_Tool.xml,"/Defs/ThingDef/race/mechEnabledWorkTypes [li [text()=""Hauling""] ]"
[FSF] Complex Jobs,frozensnowfox.complexjobs,1.6/Ludeon/Core/Patches/1170_HaulingUrgent_Allow_Tool.xml,"/Defs/ThingDef/comps/li[@Class = ""Asimov.CompProperties_Automaton""]/enabledWorkTypes [li [text()=""Hauling""] ]"
[FSF] Complex Jobs,frozensnowfox.complexjobs,1.6/Ludeon/Core/Patches/1170_HaulingUrgent_Allow_Tool.xml,"/Defs/ThingDef/comps/li[@Class = ""Asimov.CompProperties_Automaton""]/enabledWorkTypes [li [text()=""Hauling""] ]"
[FSF] Complex Jobs,frozensnowfox.complexjobs,1.6/Ludeon/Core/Patches/1290_FSFSurgeon_FSF.xml,"/Defs/ThingDef/race/mechEnabledWorkTypes [li [text()=""Doctor""] ]"
[FSF] Complex Jobs,frozensnowfox.complexjobs,1.6/Ludeon/Core/Patches/1290_FSFSurgeon_FSF.xml,"/Defs/ThingDef/race/mechEnabledWorkTypes [li [text()=""Doctor""] ]"
[FSF] Complex Jobs,frozensnowfox.complexjobs,1.6/Ludeon/Core/Patches/1290_FSFSurgeon_FSF.xml,"/Defs/ThingDef/race/mechEnabledWorkTypes [li [text()=""Doctor""] ]"
[FSF] Complex Jobs,frozensnowfox.complexjobs,1.6/Ludeon/Core/Patches/1290_FSFSurgeon_FSF.xml,"/Defs/ThingDef/comps/li[@Class = ""Asimov.CompProperties_Automaton""]/enabledWorkTypes [li [text()=""Doctor""] ]"
[FSF] Complex Jobs,frozensnowfox.complexjobs,1.6/Ludeon/Core/Patches/1290_FSFSurgeon_FSF.xml,"/Defs/ThingDef/comps/li[@Class = ""Asimov.CompProperties_Automaton""]/enabledWorkTypes [li [text()=""Doctor""] ]"
[FSF] Complex Jobs,frozensnowfox.complexjobs,1.6/Ludeon/Core/Patches/1295_FSFNurse_FSF.xml,"/Defs/ThingDef/race/mechEnabledWorkTypes [li [text()=""Doctor""] ]"
[FSF] Complex Jobs,frozensnowfox.complexjobs,1.6/Ludeon/Core/Patches/1295_FSFNurse_FSF.xml,"/Defs/ThingDef/race/mechEnabledWorkTypes [li [text()=""Doctor""] ]"
[FSF] Complex Jobs,frozensnowfox.complexjobs,1.6/Ludeon/Core/Patches/1295_FSFNurse_FSF.xml,"/Defs/ThingDef/race/mechEnabledWorkTypes [li [text()=""Doctor""] ]"
[FSF] Complex Jobs,frozensnowfox.complexjobs,1.6/Ludeon/Core/Patches/1295_FSFNurse_FSF.xml,"/Defs/ThingDef/comps/li[@Class = ""Asimov.CompProperties_Automaton""]/enabledWorkTypes [li [text()=""Doctor""] ]"
[FSF] Complex Jobs,frozensnowfox.complexjobs,1.6/Ludeon/Core/Patches/1295_FSFNurse_FSF.xml,"/Defs/ThingDef/comps/li[@Class = ""Asimov.CompProperties_Automaton""]/enabledWorkTypes [li [text()=""Doctor""] ]"
[FSF] Complex Jobs,frozensnowfox.complexjobs,1.6/Ludeon/Core/Patches/295_FSFHauling_FSF.xml,"/Defs/ThingDef/race/mechEnabledWorkTypes [li [text()=""Hauling""] ]"
[FSF] Complex Jobs,frozensnowfox.complexjobs,1.6/Ludeon/Core/Patches/295_FSFHauling_FSF.xml,"/Defs/ThingDef/race/mechEnabledWorkTypes [li [text()=""Hauling""] ]"
[FSF] Complex Jobs,frozensnowfox.complexjobs,1.6/Ludeon/Core/Patches/295_FSFHauling_FSF.xml,"/Defs/ThingDef/race/mechEnabledWorkTypes [li [text()=""Hauling""] ]"
[FSF] Complex Jobs,frozensnowfox.complexjobs,1.6/Ludeon/Core/Patches/295_FSFHauling_FSF.xml,"/Defs/ThingDef/comps/li[@Class = ""Asimov.CompProperties_Automaton""]/enabledWorkTypes [li [text()=""Hauling""] ]"
[FSF] Complex Jobs,frozensnowfox.complexjobs,1.6/Ludeon/Core/Patches/295_FSFHauling_FSF.xml,"/Defs/ThingDef/comps/li[@Class = ""Asimov.CompProperties_Automaton""]/enabledWorkTypes [li [text()=""Hauling""] ]"
[FSF] Complex Jobs,frozensnowfox.complexjobs,1.6/Ludeon/Core/Patches/320_FSFCremating_FSF.xml,"/Defs/ThingDef/race/mechEnabledWorkTypes [li [text()=""Hauling""] ]"
[FSF] Complex Jobs,frozensnowfox.complexjobs,1.6/Ludeon/Core/Patches/320_FSFCremating_FSF.xml,"/Defs/ThingDef/race/mechEnabledWorkTypes [li [text()=""Hauling""] ]"
[FSF] Complex Jobs,frozensnowfox.complexjobs,1.6/Ludeon/Core/Patches/320_FSFCremating_FSF.xml,"/Defs/ThingDef/race/mechEnabledWorkTypes [li [text()=""Hauling""] ]"
[FSF] Complex Jobs,frozensnowfox.complexjobs,1.6/Ludeon/Core/Patches/320_FSFCremating_FSF.xml,"/Defs/ThingDef/comps/li[@Class = ""Asimov.CompProperties_Automaton""]/enabledWorkTypes [li [text()=""Hauling""] ]"
[FSF] Complex Jobs,frozensnowfox.complexjobs,1.6/Ludeon/Core/Patches/320_FSFCremating_FSF.xml,"/Defs/ThingDef/comps/li[@Class = ""Asimov.CompProperties_Automaton""]/enabledWorkTypes [li [text()=""Hauling""] ]"
[FSF] Complex Jobs,frozensnowfox.complexjobs,1.6/Ludeon/Core/Patches/325_FSFTransport_FSF.xml,"/Defs/ThingDef/race/mechEnabledWorkTypes [li [text()=""Hauling""] ]"
[FSF] Complex Jobs,frozensnowfox.complexjobs,1.6/Ludeon/Core/Patches/325_FSFTransport_FSF.xml,"/Defs/ThingDef/race/mechEnabledWorkTypes [li [text()=""Hauling""] ]"
[FSF] Complex Jobs,frozensnowfox.complexjobs,1.6/Ludeon/Core/Patches/325_FSFTransport_FSF.xml,"/Defs/ThingDef/race/mechEnabledWorkTypes [li [text()=""Hauling""] ]"
[FSF] Complex Jobs,frozensnowfox.complexjobs,1.6/Ludeon/Core/Patches/325_FSFTransport_FSF.xml,"/Defs/ThingDef/comps/li[@Class = ""Asimov.CompProperties_Automaton""]/enabledWorkTypes [li [text()=""Hauling""] ]"
[FSF] Complex Jobs,frozensnowfox.complexjobs,1.6/Ludeon/Core/Patches/325_FSFTransport_FSF.xml,"/Defs/ThingDef/comps/li[@Class = ""Asimov.CompProperties_Automaton""]/enabledWorkTypes [li [text()=""Hauling""] ]"
[FSF] Complex Jobs,frozensnowfox.complexjobs,1.6/Ludeon/Core/Patches/405_FSFStoneCut_FSF.xml,"/Defs/ThingDef/race/mechEnabledWorkTypes [li [text()=""Crafting""] ]"
[FSF] Complex Jobs,frozensnowfox.complexjobs,1.6/Ludeon/Core/Patches/405_FSFStoneCut_FSF.xml,"/Defs/ThingDef/race/mechEnabledWorkTypes [li [text()=""Crafting""] ]"
[FSF] Complex Jobs,frozensnowfox.complexjobs,1.6/Ludeon/Core/Patches/405_FSFStoneCut_FSF.xml,"/Defs/ThingDef/race/mechEnabledWorkTypes [li [text()=""Crafting""] ]"
[FSF] Complex Jobs,frozensnowfox.complexjobs,1.6/Ludeon/Core/Patches/405_FSFStoneCut_FSF.xml,"/Defs/ThingDef/comps/li[@Class = ""Asimov.CompProperties_Automaton""]/enabledWorkTypes [li [text()=""Crafting""] ]"
[FSF] Complex Jobs,frozensnowfox.complexjobs,1.6/Ludeon/Core/Patches/405_FSFStoneCut_FSF.xml,"/Defs/ThingDef/comps/li[@Class = ""Asimov.CompProperties_Automaton""]/enabledWorkTypes [li [text()=""Crafting""] ]"
[FSF] Complex Jobs,frozensnowfox.complexjobs,1.6/Ludeon/Core/Patches/410_FSFSmelt_FSF.xml,"/Defs/ThingDef/race/mechEnabledWorkTypes [li [text()=""Crafting""] ]"
[FSF] Complex Jobs,frozensnowfox.complexjobs,1.6/Ludeon/Core/Patches/410_FSFSmelt_FSF.xml,"/Defs/ThingDef/race/mechEnabledWorkTypes [li [text()=""Crafting""] ]"
[FSF] Complex Jobs,frozensnowfox.complexjobs,1.6/Ludeon/Core/Patches/410_FSFSmelt_FSF.xml,"/Defs/ThingDef/race/mechEnabledWorkTypes [li [text()=""Crafting""] ]"
[FSF] Complex Jobs,frozensnowfox.complexjobs,1.6/Ludeon/Core/Patches/410_FSFSmelt_FSF.xml,"/Defs/ThingDef/comps/li[@Class = ""Asimov.CompProperties_Automaton""]/enabledWorkTypes [li [text()=""Crafting""] ]"
[FSF] Complex Jobs,frozensnowfox.complexjobs,1.6/Ludeon/Core/Patches/410_FSFSmelt_FSF.xml,"/Defs/ThingDef/comps/li[@Class = ""Asimov.CompProperties_Automaton""]/enabledWorkTypes [li [text()=""Crafting""] ]"
[FSF] Complex Jobs,frozensnowfox.complexjobs,1.6/Ludeon/Core/Patches/415_FSFProduction_FSF.xml,"/Defs/ThingDef/race/mechEnabledWorkTypes [li [text()=""Hauling""] ]"
[FSF] Complex Jobs,frozensnowfox.complexjobs,1.6/Ludeon/Core/Patches/415_FSFProduction_FSF.xml,"/Defs/ThingDef/race/mechEnabledWorkTypes [li [text()=""Hauling""] ]"
[FSF] Complex Jobs,frozensnowfox.complexjobs,1.6/Ludeon/Core/Patches/415_FSFProduction_FSF.xml,"/Defs/ThingDef/race/mechEnabledWorkTypes [li [text()=""Hauling""] ]"
[FSF] Complex Jobs,frozensnowfox.complexjobs,1.6/Ludeon/Core/Patches/415_FSFProduction_FSF.xml,"/Defs/ThingDef/comps/li[@Class = ""Asimov.CompProperties_Automaton""]/enabledWorkTypes [li [text()=""Hauling""] ]"
[FSF] Complex Jobs,frozensnowfox.complexjobs,1.6/Ludeon/Core/Patches/415_FSFProduction_FSF.xml,"/Defs/ThingDef/comps/li[@Class = ""Asimov.CompProperties_Automaton""]/enabledWorkTypes [li [text()=""Hauling""] ]"
[FSF] Complex Jobs,frozensnowfox.complexjobs,1.6/Ludeon/Core/Patches/425_FSFRefining_FSF.xml,"/Defs/ThingDef/race/mechEnabledWorkTypes [li [text()=""Crafting""] ]"
[FSF] Complex Jobs,frozensnowfox.complexjobs,1.6/Ludeon/Core/Patches/425_FSFRefining_FSF.xml,"/Defs/ThingDef/race/mechEnabledWorkTypes [li [text()=""Crafting""] ]"
[FSF] Complex Jobs,frozensnowfox.complexjobs,1.6/Ludeon/Core/Patches/425_FSFRefining_FSF.xml,"/Defs/ThingDef/race/mechEnabledWorkTypes [li [text()=""Crafting""] ]"
[FSF] Complex Jobs,frozensnowfox.complexjobs,1.6/Ludeon/Core/Patches/425_FSFRefining_FSF.xml,"/Defs/ThingDef/comps/li[@Class = ""Asimov.CompProperties_Automaton""]/enabledWorkTypes [li [text()=""Crafting""] ]"
[FSF] Complex Jobs,frozensnowfox.complexjobs,1.6/Ludeon/Core/Patches/425_FSFRefining_FSF.xml,"/Defs/ThingDef/comps/li[@Class = ""Asimov.CompProperties_Automaton""]/enabledWorkTypes [li [text()=""Crafting""] ]"
[FSF] Complex Jobs,frozensnowfox.complexjobs,1.6/Ludeon/Core/Patches/465_FSFFabrication_FSF.xml,"/Defs/ThingDef/race/mechEnabledWorkTypes [li [text()=""Smithing""] ]"
[FSF] Complex Jobs,frozensnowfox.complexjobs,1.6/Ludeon/Core/Patches/465_FSFFabrication_FSF.xml,"/Defs/ThingDef/race/mechEnabledWorkTypes [li [text()=""Smithing""] ]"
[FSF] Complex Jobs,frozensnowfox.complexjobs,1.6/Ludeon/Core/Patches/465_FSFFabrication_FSF.xml,"/Defs/ThingDef/race/mechEnabledWorkTypes [li [text()=""Smithing""] ]"
[FSF] Complex Jobs,frozensnowfox.complexjobs,1.6/Ludeon/Core/Patches/465_FSFFabrication_FSF.xml,"/Defs/ThingDef/comps/li[@Class = ""Asimov.CompProperties_Automaton""]/enabledWorkTypes [li [text()=""Smithing""] ]"
[FSF] Complex Jobs,frozensnowfox.complexjobs,1.6/Ludeon/Core/Patches/465_FSFFabrication_FSF.xml,"/Defs/ThingDef/comps/li[@Class = ""Asimov.CompProperties_Automaton""]/enabledWorkTypes [li [text()=""Smithing""] ]"
[FSF] Complex Jobs,frozensnowfox.complexjobs,1.6/Ludeon/Core/Patches/470_FSFMachining_FSF.xml,"/Defs/ThingDef/race/mechEnabledWorkTypes [li [text()=""Smithing""] ]"
[FSF] Complex Jobs,frozensnowfox.complexjobs,1.6/Ludeon/Core/Patches/470_FSFMachining_FSF.xml,"/Defs/ThingDef/race/mechEnabledWorkTypes [li [text()=""Smithing""] ]"
[FSF] Complex Jobs,frozensnowfox.complexjobs,1.6/Ludeon/Core/Patches/470_FSFMachining_FSF.xml,"/Defs/ThingDef/race/mechEnabledWorkTypes [li [text()=""Smithing""] ]"
[FSF] Complex Jobs,frozensnowfox.complexjobs,1.6/Ludeon/Core/Patches/470_FSFMachining_FSF.xml,"/Defs/ThingDef/comps/li[@Class = ""Asimov.CompProperties_Automaton""]/enabledWorkTypes [li [text()=""Smithing""] ]"
[FSF] Complex Jobs,frozensnowfox.complexjobs,1.6/Ludeon/Core/Patches/470_FSFMachining_FSF.xml,"/Defs/ThingDef/comps/li[@Class = ""Asimov.CompProperties_Automaton""]/enabledWorkTypes [li [text()=""Smithing""] ]"
[FSF] Complex Jobs,frozensnowfox.complexjobs,1.6/Ludeon/Core/Patches/500_FSFDrugs_FSF.xml,"/Defs/ThingDef/race/mechEnabledWorkTypes [li [text()=""Crafting""] ]"
[FSF] Complex Jobs,frozensnowfox.complexjobs,1.6/Ludeon/Core/Patches/500_FSFDrugs_FSF.xml,"/Defs/ThingDef/race/mechEnabledWorkTypes [li [text()=""Crafting""] ]"
[FSF] Complex Jobs,frozensnowfox.complexjobs,1.6/Ludeon/Core/Patches/500_FSFDrugs_FSF.xml,"/Defs/ThingDef/race/mechEnabledWorkTypes [li [text()=""Crafting""] ]"
[FSF] Complex Jobs,frozensnowfox.complexjobs,1.6/Ludeon/Core/Patches/500_FSFDrugs_FSF.xml,"/Defs/ThingDef/comps/li[@Class = ""Asimov.CompProperties_Automaton""]/enabledWorkTypes [li [text()=""Crafting""] ]"
[FSF] Complex Jobs,frozensnowfox.complexjobs,1.6/Ludeon/Core/Patches/500_FSFDrugs_FSF.xml,"/Defs/ThingDef/comps/li[@Class = ""Asimov.CompProperties_Automaton""]/enabledWorkTypes [li [text()=""Crafting""] ]"
[FSF] Complex Jobs,frozensnowfox.complexjobs,1.6/Ludeon/Core/Patches/595_FSFDrilling_FSF.xml,"/Defs/ThingDef/race/mechEnabledWorkTypes [li [text()=""Mining""] ]"
[FSF] Complex Jobs,frozensnowfox.complexjobs,1.6/Ludeon/Core/Patches/595_FSFDrilling_FSF.xml,"/Defs/ThingDef/race/mechEnabledWorkTypes [li [text()=""Mining""] ]"
[FSF] Complex Jobs,frozensnowfox.complexjobs,1.6/Ludeon/Core/Patches/595_FSFDrilling_FSF.xml,"/Defs/ThingDef/race/mechEnabledWorkTypes [li [text()=""Mining""] ]"
[FSF] Complex Jobs,frozensnowfox.complexjobs,1.6/Ludeon/Core/Patches/595_FSFDrilling_FSF.xml,"/Defs/ThingDef/comps/li[@Class = ""Asimov.CompProperties_Automaton""]/enabledWorkTypes [li [text()=""Mining""] ]"
[FSF] Complex Jobs,frozensnowfox.complexjobs,1.6/Ludeon/Core/Patches/595_FSFDrilling_FSF.xml,"/Defs/ThingDef/comps/li[@Class = ""Asimov.CompProperties_Automaton""]/enabledWorkTypes [li [text()=""Mining""] ]"
[FSF] Complex Jobs,frozensnowfox.complexjobs,1.6/Ludeon/Core/Patches/705_FSFHarvesting_FSF.xml,"/Defs/ThingDef/race/mechEnabledWorkTypes [li [text()=""PlantCutting""] ]"
[FSF] Complex Jobs,frozensnowfox.complexjobs,1.6/Ludeon/Core/Patches/705_FSFHarvesting_FSF.xml,"/Defs/ThingDef/race/mechEnabledWorkTypes [li [text()=""PlantCutting""] ]"
[FSF] Complex Jobs,frozensnowfox.complexjobs,1.6/Ludeon/Core/Patches/705_FSFHarvesting_FSF.xml,"/Defs/ThingDef/race/mechEnabledWorkTypes [li [text()=""PlantCutting""] ]"
[FSF] Complex Jobs,frozensnowfox.complexjobs,1.6/Ludeon/Core/Patches/705_FSFHarvesting_FSF.xml,"/Defs/ThingDef/comps/li[@Class = ""Asimov.CompProperties_Automaton""]/enabledWorkTypes [li [text()=""PlantCutting""] ]"
[FSF] Complex Jobs,frozensnowfox.complexjobs,1.6/Ludeon/Core/Patches/705_FSFHarvesting_FSF.xml,"/Defs/ThingDef/comps/li[@Class = ""Asimov.CompProperties_Automaton""]/enabledWorkTypes [li [text()=""PlantCutting""] ]"
[FSF] Complex Jobs,frozensnowfox.complexjobs,1.6/Ludeon/Core/Patches/905_FSFDeconstruct_FSF.xml,"/Defs/ThingDef/race/mechEnabledWorkTypes [li [text()=""Construction""] ]"
[FSF] Complex Jobs,frozensnowfox.complexjobs,1.6/Ludeon/Core/Patches/905_FSFDeconstruct_FSF.xml,"/Defs/ThingDef/race/mechEnabledWorkTypes [li [text()=""Construction""] ]"
[FSF] Complex Jobs,frozensnowfox.complexjobs,1.6/Ludeon/Core/Patches/905_FSFDeconstruct_FSF.xml,"/Defs/ThingDef/race/mechEnabledWorkTypes [li [text()=""Construction""] ]"
[FSF] Complex Jobs,frozensnowfox.complexjobs,1.6/Ludeon/Core/Patches/905_FSFDeconstruct_FSF.xml,"/Defs/ThingDef/comps/li[@Class = ""Asimov.CompProperties_Automaton""]/enabledWorkTypes [li [text()=""Construction""] ]"
[FSF] Complex Jobs,frozensnowfox.complexjobs,1.6/Ludeon/Core/Patches/905_FSFDeconstruct_FSF.xml,"/Defs/ThingDef/comps/li[@Class = ""Asimov.CompProperties_Automaton""]/enabledWorkTypes [li [text()=""Construction""] ]"
[FSF] Complex Jobs,frozensnowfox.complexjobs,1.6/Ludeon/Core/Patches/910_FSFRepair_FSF.xml,"/Defs/ThingDef/race/mechEnabledWorkTypes [li [text()=""Construction""] ]"
[FSF] Complex Jobs,frozensnowfox.complexjobs,1.6/Ludeon/Core/Patches/910_FSFRepair_FSF.xml,"/Defs/ThingDef/race/mechEnabledWorkTypes [li [text()=""Construction""] ]"
[FSF] Complex Jobs,frozensnowfox.complexjobs,1.6/Ludeon/Core/Patches/910_FSFRepair_FSF.xml,"/Defs/ThingDef/race/mechEnabledWorkTypes [li [text()=""Construction""] ]"
[FSF] Complex Jobs,frozensnowfox.complexjobs,1.6/Ludeon/Core/Patches/910_FSFRepair_FSF.xml,"/Defs/ThingDef/comps/li[@Class = ""Asimov.CompProperties_Automaton""]/enabledWorkTypes [li [text()=""Construction""] ]"
[FSF] Complex Jobs,frozensnowfox.complexjobs,1.6/Ludeon/Core/Patches/910_FSFRepair_FSF.xml,"/Defs/ThingDef/comps/li[@Class = ""Asimov.CompProperties_Automaton""]/enabledWorkTypes [li [text()=""Construction""] ]"
[FSF] Complex Jobs,frozensnowfox.complexjobs,1.6/Ludeon/Core/Patches/95_FSFScan_FSF.xml,"/Defs/ThingDef/race/mechEnabledWorkTypes [li [text()=""Research""] ]"
[FSF] Complex Jobs,frozensnowfox.complexjobs,1.6/Ludeon/Core/Patches/95_FSFScan_FSF.xml,"/Defs/ThingDef/race/mechEnabledWorkTypes [li [text()=""Research""] ]"
[FSF] Complex Jobs,frozensnowfox.complexjobs,1.6/Ludeon/Core/Patches/95_FSFScan_FSF.xml,"/Defs/ThingDef/race/mechEnabledWorkTypes [li [text()=""Research""] ]"
[FSF] Complex Jobs,frozensnowfox.complexjobs,1.6/Ludeon/Core/Patches/95_FSFScan_FSF.xml,"/Defs/ThingDef/comps/li[@Class = ""Asimov.CompProperties_Automaton""]/enabledWorkTypes [li [text()=""Research""] ]"
[FSF] Complex Jobs,frozensnowfox.complexjobs,1.6/Ludeon/Core/Patches/95_FSFScan_FSF.xml,"/Defs/ThingDef/comps/li[@Class = ""Asimov.CompProperties_Automaton""]/enabledWorkTypes [li [text()=""Research""] ]"
[FSF] Complex Jobs,frozensnowfox.complexjobs,1.6/Ludeon/Core/Patches/995_FSFButcher_FSF.xml,"/Defs/ThingDef/race/mechEnabledWorkTypes [li [text()=""Cooking""] ]"
[FSF] Complex Jobs,frozensnowfox.complexjobs,1.6/Ludeon/Core/Patches/995_FSFButcher_FSF.xml,"/Defs/ThingDef/race/mechEnabledWorkTypes [li [text()=""Cooking""] ]"
[FSF] Complex Jobs,frozensnowfox.complexjobs,1.6/Ludeon/Core/Patches/995_FSFButcher_FSF.xml,"/Defs/ThingDef/race/mechEnabledWorkTypes [li [text()=""Cooking""] ]"
[FSF] Complex Jobs,frozensnowfox.complexjobs,1.6/Ludeon/Core/Patches/995_FSFButcher_FSF.xml,"/Defs/ThingDef/comps/li[@Class = ""Asimov.CompProperties_Automaton""]/enabledWorkTypes [li [text()=""Cooking""] ]"
[FSF] Complex Jobs,frozensnowfox.complexjobs,1.6/Ludeon/Core/Patches/995_FSFButcher_FSF.xml,"/Defs/ThingDef/comps/li[@Class = ""Asimov.CompProperties_Automaton""]/enabledWorkTypes [li [text()=""Cooking""] ]"
[FSF] Complex Jobs,frozensnowfox.complexjobs,1.6/Ludeon/Core/Patches/Child_Worktypes.xml,"/Defs/ThingDef[defName = ""Human""]/race/lifeStageWorkSettings"
[FSF] Complex Jobs,frozensnowfox.complexjobs,1.6/Frameworks/XML Extensions/Patches/1055_FSFTaming_Worktype.xml,"/Defs/ThingDef/race/mechEnabledWorkTypes [li [text()=""Handling""] ]"
[FSF] Complex Jobs,frozensnowfox.complexjobs,1.6/Frameworks/XML Extensions/Patches/1055_FSFTaming_Worktype.xml,"/Defs/ThingDef/race/mechEnabledWorkTypes [li [text()=""Handling""] ]"
[FSF] Complex Jobs,frozensnowfox.complexjobs,1.6/Frameworks/XML Extensions/Patches/1055_FSFTaming_Worktype.xml,"/Defs/ThingDef/race/mechEnabledWorkTypes [li [text()=""Handling""] ]"
[FSF] Complex Jobs,frozensnowfox.complexjobs,1.6/Frameworks/XML Extensions/Patches/1055_FSFTaming_Worktype.xml,"/Defs/ThingDef/comps/li[@Class = ""Asimov.CompProperties_Automaton""]/enabledWorkTypes [li [text()=""Handling""] ]"
[FSF] Complex Jobs,frozensnowfox.complexjobs,1.6/Frameworks/XML Extensions/Patches/1055_FSFTaming_Worktype.xml,"/Defs/ThingDef/comps/li[@Class = ""Asimov.CompProperties_Automaton""]/enabledWorkTypes [li [text()=""Handling""] ]"
[FSF] Complex Jobs,frozensnowfox.complexjobs,1.6/Frameworks/XML Extensions/Patches/1055_FSFTaming_Worktype.xml,"/Defs/ThingDef[defName = ""Human""]/race/lifeStageWorkSettings"
[FSF] Complex Jobs,frozensnowfox.complexjobs,1.6/Frameworks/XML Extensions/Patches/1056_FSFSlaughter_Worktype.xml,"/Defs/ThingDef/race/mechEnabledWorkTypes [li [text()=""Handling""] ]"
[FSF] Complex Jobs,frozensnowfox.complexjobs,1.6/Frameworks/XML Extensions/Patches/1056_FSFSlaughter_Worktype.xml,"/Defs/ThingDef/race/mechEnabledWorkTypes [li [text()=""Handling""] ]"
[FSF] Complex Jobs,frozensnowfox.complexjobs,1.6/Frameworks/XML Extensions/Patches/1056_FSFSlaughter_Worktype.xml,"/Defs/ThingDef/race/mechEnabledWorkTypes [li [text()=""Handling""] ]"
[FSF] Complex Jobs,frozensnowfox.complexjobs,1.6/Frameworks/XML Extensions/Patches/1056_FSFSlaughter_Worktype.xml,"/Defs/ThingDef/comps/li[@Class = ""Asimov.CompProperties_Automaton""]/enabledWorkTypes [li [text()=""Handling""] ]"
[FSF] Complex Jobs,frozensnowfox.complexjobs,1.6/Frameworks/XML Extensions/Patches/1056_FSFSlaughter_Worktype.xml,"/Defs/ThingDef/comps/li[@Class = ""Asimov.CompProperties_Automaton""]/enabledWorkTypes [li [text()=""Handling""] ]"
[FSF] Complex Jobs,frozensnowfox.complexjobs,1.6/Frameworks/XML Extensions/Patches/1056_FSFSlaughter_Worktype.xml,"/Defs/ThingDef[defName = ""Human""]/race/lifeStageWorkSettings"
[FSF] Complex Jobs,frozensnowfox.complexjobs,1.6/Frameworks/XML Extensions/Patches/1105_FSFConvert_Worktype.xml,"/Defs/ThingDef/race/mechEnabledWorkTypes [li [text()=""Warden""] ]"
[FSF] Complex Jobs,frozensnowfox.complexjobs,1.6/Frameworks/XML Extensions/Patches/1105_FSFConvert_Worktype.xml,"/Defs/ThingDef/race/mechEnabledWorkTypes [li [text()=""Warden""] ]"
[FSF] Complex Jobs,frozensnowfox.complexjobs,1.6/Frameworks/XML Extensions/Patches/1105_FSFConvert_Worktype.xml,"/Defs/ThingDef/race/mechEnabledWorkTypes [li [text()=""Warden""] ]"
[FSF] Complex Jobs,frozensnowfox.complexjobs,1.6/Frameworks/XML Extensions/Patches/1105_FSFConvert_Worktype.xml,"/Defs/ThingDef/comps/li[@Class = ""Asimov.CompProperties_Automaton""]/enabledWorkTypes [li [text()=""Warden""] ]"
[FSF] Complex Jobs,frozensnowfox.complexjobs,1.6/Frameworks/XML Extensions/Patches/1105_FSFConvert_Worktype.xml,"/Defs/ThingDef/comps/li[@Class = ""Asimov.CompProperties_Automaton""]/enabledWorkTypes [li [text()=""Warden""] ]"
[FSF] Complex Jobs,frozensnowfox.complexjobs,1.6/Frameworks/XML Extensions/Patches/1105_FSFConvert_Worktype.xml,"/Defs/ThingDef[defName = ""Human""]/race/lifeStageWorkSettings"
[FSF] Complex Jobs,frozensnowfox.complexjobs,1.6/Frameworks/XML Extensions/Patches/1110_FSFPrisonCare_Worktype.xml,"/Defs/ThingDef/race/mechEnabledWorkTypes [li [text()=""Warden""] ]"
[FSF] Complex Jobs,frozensnowfox.complexjobs,1.6/Frameworks/XML Extensions/Patches/1110_FSFPrisonCare_Worktype.xml,"/Defs/ThingDef/race/mechEnabledWorkTypes [li [text()=""Warden""] ]"
[FSF] Complex Jobs,frozensnowfox.complexjobs,1.6/Frameworks/XML Extensions/Patches/1110_FSFPrisonCare_Worktype.xml,"/Defs/ThingDef/race/mechEnabledWorkTypes [li [text()=""Warden""] ]"
[FSF] Complex Jobs,frozensnowfox.complexjobs,1.6/Frameworks/XML Extensions/Patches/1110_FSFPrisonCare_Worktype.xml,"/Defs/ThingDef/comps/li[@Class = ""Asimov.CompProperties_Automaton""]/enabledWorkTypes [li [text()=""Warden""] ]"
[FSF] Complex Jobs,frozensnowfox.complexjobs,1.6/Frameworks/XML Extensions/Patches/1110_FSFPrisonCare_Worktype.xml,"/Defs/ThingDef/comps/li[@Class = ""Asimov.CompProperties_Automaton""]/enabledWorkTypes [li [text()=""Warden""] ]"
[FSF] Complex Jobs,frozensnowfox.complexjobs,1.6/Frameworks/XML Extensions/Patches/1110_FSFPrisonCare_Worktype.xml,"/Defs/ThingDef[defName = ""Human""]/race/lifeStageWorkSettings"
[FSF] Complex Jobs,frozensnowfox.complexjobs,1.6/Frameworks/XML Extensions/Patches/115_FSFHack_Worktype.xml,"/Defs/ThingDef/race/mechEnabledWorkTypes [li [text()=""Research""] ]"
[FSF] Complex Jobs,frozensnowfox.complexjobs,1.6/Frameworks/XML Extensions/Patches/115_FSFHack_Worktype.xml,"/Defs/ThingDef/race/mechEnabledWorkTypes [li [text()=""Research""] ]"
[FSF] Complex Jobs,frozensnowfox.complexjobs,1.6/Frameworks/XML Extensions/Patches/115_FSFHack_Worktype.xml,"/Defs/ThingDef/race/mechEnabledWorkTypes [li [text()=""Research""] ]"
[FSF] Complex Jobs,frozensnowfox.complexjobs,1.6/Frameworks/XML Extensions/Patches/115_FSFHack_Worktype.xml,"/Defs/ThingDef/comps/li[@Class = ""Asimov.CompProperties_Automaton""]/enabledWorkTypes [li [text()=""Research""] ]"
[FSF] Complex Jobs,frozensnowfox.complexjobs,1.6/Frameworks/XML Extensions/Patches/115_FSFHack_Worktype.xml,"/Defs/ThingDef/comps/li[@Class = ""Asimov.CompProperties_Automaton""]/enabledWorkTypes [li [text()=""Research""] ]"
[FSF] Complex Jobs,frozensnowfox.complexjobs,1.6/Frameworks/XML Extensions/Patches/115_FSFHack_Worktype.xml,"/Defs/ThingDef[defName = ""Human""]/race/lifeStageWorkSettings"
[FSF] Complex Jobs,frozensnowfox.complexjobs,1.6/Frameworks/XML Extensions/Patches/1174_FSFTeach_Worktype.xml,"/Defs/ThingDef/race/mechEnabledWorkTypes [li [text()=""Childcare""] ]"
[FSF] Complex Jobs,frozensnowfox.complexjobs,1.6/Frameworks/XML Extensions/Patches/1174_FSFTeach_Worktype.xml,"/Defs/ThingDef/race/mechEnabledWorkTypes [li [text()=""Childcare""] ]"
[FSF] Complex Jobs,frozensnowfox.complexjobs,1.6/Frameworks/XML Extensions/Patches/1174_FSFTeach_Worktype.xml,"/Defs/ThingDef/race/mechEnabledWorkTypes [li [text()=""Childcare""] ]"
[FSF] Complex Jobs,frozensnowfox.complexjobs,1.6/Frameworks/XML Extensions/Patches/1174_FSFTeach_Worktype.xml,"/Defs/ThingDef/comps/li[@Class = ""Asimov.CompProperties_Automaton""]/enabledWorkTypes [li [text()=""Childcare""] ]"
[FSF] Complex Jobs,frozensnowfox.complexjobs,1.6/Frameworks/XML Extensions/Patches/1174_FSFTeach_Worktype.xml,"/Defs/ThingDef/comps/li[@Class = ""Asimov.CompProperties_Automaton""]/enabledWorkTypes [li [text()=""Childcare""] ]"
[FSF] Complex Jobs,frozensnowfox.complexjobs,1.6/Frameworks/XML Extensions/Patches/1174_FSFTeach_Worktype.xml,"/Defs/ThingDef[defName = ""Human""]/race/lifeStageWorkSettings"
[FSF] Complex Jobs,frozensnowfox.complexjobs,1.6/Frameworks/XML Extensions/Patches/1410_FSFRescue_Worktype.xml,"/Defs/ThingDef/race/mechEnabledWorkTypes [li [text()=""Doctor""] ]"
[FSF] Complex Jobs,frozensnowfox.complexjobs,1.6/Frameworks/XML Extensions/Patches/1410_FSFRescue_Worktype.xml,"/Defs/ThingDef/race/mechEnabledWorkTypes [li [text()=""Doctor""] ]"
[FSF] Complex Jobs,frozensnowfox.complexjobs,1.6/Frameworks/XML Extensions/Patches/1410_FSFRescue_Worktype.xml,"/Defs/ThingDef/race/mechEnabledWorkTypes [li [text()=""Doctor""] ]"
[FSF] Complex Jobs,frozensnowfox.complexjobs,1.6/Frameworks/XML Extensions/Patches/1410_FSFRescue_Worktype.xml,"/Defs/ThingDef/comps/li[@Class = ""Asimov.CompProperties_Automaton""]/enabledWorkTypes [li [text()=""Doctor""] ]"
[FSF] Complex Jobs,frozensnowfox.complexjobs,1.6/Frameworks/XML Extensions/Patches/1410_FSFRescue_Worktype.xml,"/Defs/ThingDef/comps/li[@Class = ""Asimov.CompProperties_Automaton""]/enabledWorkTypes [li [text()=""Doctor""] ]"
[FSF] Complex Jobs,frozensnowfox.complexjobs,1.6/Frameworks/XML Extensions/Patches/1410_FSFRescue_Worktype.xml,"/Defs/ThingDef[defName = ""Human""]/race/lifeStageWorkSettings"
[FSF] Complex Jobs,frozensnowfox.complexjobs,1.6/Frameworks/XML Extensions/Patches/195_FSFPollution_Worktype.xml,"/Defs/ThingDef/race/mechEnabledWorkTypes [li [text()=""Cleaning""] ]"
[FSF] Complex Jobs,frozensnowfox.complexjobs,1.6/Frameworks/XML Extensions/Patches/195_FSFPollution_Worktype.xml,"/Defs/ThingDef/race/mechEnabledWorkTypes [li [text()=""Cleaning""] ]"
[FSF] Complex Jobs,frozensnowfox.complexjobs,1.6/Frameworks/XML Extensions/Patches/195_FSFPollution_Worktype.xml,"/Defs/ThingDef/race/mechEnabledWorkTypes [li [text()=""Cleaning""] ]"
[FSF] Complex Jobs,frozensnowfox.complexjobs,1.6/Frameworks/XML Extensions/Patches/195_FSFPollution_Worktype.xml,"/Defs/ThingDef/comps/li[@Class = ""Asimov.CompProperties_Automaton""]/enabledWorkTypes [li [text()=""Cleaning""] ]"
[FSF] Complex Jobs,frozensnowfox.complexjobs,1.6/Frameworks/XML Extensions/Patches/195_FSFPollution_Worktype.xml,"/Defs/ThingDef/comps/li[@Class = ""Asimov.CompProperties_Automaton""]/enabledWorkTypes [li [text()=""Cleaning""] ]"
[FSF] Complex Jobs,frozensnowfox.complexjobs,1.6/Frameworks/XML Extensions/Patches/195_FSFPollution_Worktype.xml,"/Defs/ThingDef[defName = ""Human""]/race/lifeStageWorkSettings"
[FSF] Complex Jobs,frozensnowfox.complexjobs,1.6/Frameworks/XML Extensions/Patches/215_FSFSnow_Worktype.xml,"/Defs/ThingDef/race/mechEnabledWorkTypes [li [text()=""Cleaning""] ]"
[FSF] Complex Jobs,frozensnowfox.complexjobs,1.6/Frameworks/XML Extensions/Patches/215_FSFSnow_Worktype.xml,"/Defs/ThingDef/race/mechEnabledWorkTypes [li [text()=""Cleaning""] ]"
[FSF] Complex Jobs,frozensnowfox.complexjobs,1.6/Frameworks/XML Extensions/Patches/215_FSFSnow_Worktype.xml,"/Defs/ThingDef/race/mechEnabledWorkTypes [li [text()=""Cleaning""] ]"
[FSF] Complex Jobs,frozensnowfox.complexjobs,1.6/Frameworks/XML Extensions/Patches/215_FSFSnow_Worktype.xml,"/Defs/ThingDef/comps/li[@Class = ""Asimov.CompProperties_Automaton""]/enabledWorkTypes [li [text()=""Cleaning""] ]"
[FSF] Complex Jobs,frozensnowfox.complexjobs,1.6/Frameworks/XML Extensions/Patches/215_FSFSnow_Worktype.xml,"/Defs/ThingDef/comps/li[@Class = ""Asimov.CompProperties_Automaton""]/enabledWorkTypes [li [text()=""Cleaning""] ]"
[FSF] Complex Jobs,frozensnowfox.complexjobs,1.6/Frameworks/XML Extensions/Patches/215_FSFSnow_Worktype.xml,"/Defs/ThingDef[defName = ""Human""]/race/lifeStageWorkSettings"
[FSF] Complex Jobs,frozensnowfox.complexjobs,1.6/Frameworks/XML Extensions/Patches/305_FSFMerge_Worktype.xml,"/Defs/ThingDef[defName = ""Human""]/race/lifeStageWorkSettings"
[FSF] Complex Jobs,frozensnowfox.complexjobs,1.6/Frameworks/XML Extensions/Patches/435_FSFPaint_Worktype.xml,"/Defs/ThingDef/race/mechEnabledWorkTypes [li [text()=""Art""] ]"
[FSF] Complex Jobs,frozensnowfox.complexjobs,1.6/Frameworks/XML Extensions/Patches/435_FSFPaint_Worktype.xml,"/Defs/ThingDef/race/mechEnabledWorkTypes [li [text()=""Art""] ]"
[FSF] Complex Jobs,frozensnowfox.complexjobs,1.6/Frameworks/XML Extensions/Patches/435_FSFPaint_Worktype.xml,"/Defs/ThingDef/race/mechEnabledWorkTypes [li [text()=""Art""] ]"
[FSF] Complex Jobs,frozensnowfox.complexjobs,1.6/Frameworks/XML Extensions/Patches/435_FSFPaint_Worktype.xml,"/Defs/ThingDef/comps/li[@Class = ""Asimov.CompProperties_Automaton""]/enabledWorkTypes [li [text()=""Art""] ]"
[FSF] Complex Jobs,frozensnowfox.complexjobs,1.6/Frameworks/XML Extensions/Patches/435_FSFPaint_Worktype.xml,"/Defs/ThingDef/comps/li[@Class = ""Asimov.CompProperties_Automaton""]/enabledWorkTypes [li [text()=""Art""] ]"
[FSF] Complex Jobs,frozensnowfox.complexjobs,1.6/Frameworks/XML Extensions/Patches/435_FSFPaint_Worktype.xml,"/Defs/ThingDef[defName = ""Human""]/race/lifeStageWorkSettings"
[FSF] Complex Jobs,frozensnowfox.complexjobs,1.6/Frameworks/XML Extensions/Patches/490_FSFMechanoids_Worktype.xml,"/Defs/ThingDef/race/mechEnabledWorkTypes [li [text()=""Smithing""] ]"
[FSF] Complex Jobs,frozensnowfox.complexjobs,1.6/Frameworks/XML Extensions/Patches/490_FSFMechanoids_Worktype.xml,"/Defs/ThingDef/race/mechEnabledWorkTypes [li [text()=""Smithing""] ]"
[FSF] Complex Jobs,frozensnowfox.complexjobs,1.6/Frameworks/XML Extensions/Patches/490_FSFMechanoids_Worktype.xml,"/Defs/ThingDef/race/mechEnabledWorkTypes [li [text()=""Smithing""] ]"
[FSF] Complex Jobs,frozensnowfox.complexjobs,1.6/Frameworks/XML Extensions/Patches/490_FSFMechanoids_Worktype.xml,"/Defs/ThingDef/comps/li[@Class = ""Asimov.CompProperties_Automaton""]/enabledWorkTypes [li [text()=""Smithing""] ]"
[FSF] Complex Jobs,frozensnowfox.complexjobs,1.6/Frameworks/XML Extensions/Patches/490_FSFMechanoids_Worktype.xml,"/Defs/ThingDef/comps/li[@Class = ""Asimov.CompProperties_Automaton""]/enabledWorkTypes [li [text()=""Smithing""] ]"
[FSF] Complex Jobs,frozensnowfox.complexjobs,1.6/Frameworks/XML Extensions/Patches/490_FSFMechanoids_Worktype.xml,"/Defs/ThingDef[defName = ""Human""]/race/lifeStageWorkSettings"
[FSF] Complex Jobs,frozensnowfox.complexjobs,1.6/Frameworks/XML Extensions/Patches/715_FSFPruning_Worktype.xml,"/Defs/ThingDef/race/mechEnabledWorkTypes [li [text()=""PlantCutting""] ]"
[FSF] Complex Jobs,frozensnowfox.complexjobs,1.6/Frameworks/XML Extensions/Patches/715_FSFPruning_Worktype.xml,"/Defs/ThingDef/race/mechEnabledWorkTypes [li [text()=""PlantCutting""] ]"
[FSF] Complex Jobs,frozensnowfox.complexjobs,1.6/Frameworks/XML Extensions/Patches/715_FSFPruning_Worktype.xml,"/Defs/ThingDef/race/mechEnabledWorkTypes [li [text()=""PlantCutting""] ]"
[FSF] Complex Jobs,frozensnowfox.complexjobs,1.6/Frameworks/XML Extensions/Patches/715_FSFPruning_Worktype.xml,"/Defs/ThingDef/comps/li[@Class = ""Asimov.CompProperties_Automaton""]/enabledWorkTypes [li [text()=""PlantCutting""] ]"
[FSF] Complex Jobs,frozensnowfox.complexjobs,1.6/Frameworks/XML Extensions/Patches/715_FSFPruning_Worktype.xml,"/Defs/ThingDef/comps/li[@Class = ""Asimov.CompProperties_Automaton""]/enabledWorkTypes [li [text()=""PlantCutting""] ]"
[FSF] Complex Jobs,frozensnowfox.complexjobs,1.6/Frameworks/XML Extensions/Patches/715_FSFPruning_Worktype.xml,"/Defs/ThingDef[defName = ""Human""]/race/lifeStageWorkSettings"
[FSF] Complex Jobs,frozensnowfox.complexjobs,1.6/Frameworks/XML Extensions/Patches/895_FSFSmoothing_Worktype.xml,"/Defs/ThingDef/race/mechEnabledWorkTypes [li [text()=""Construction""] ]"
[FSF] Complex Jobs,frozensnowfox.complexjobs,1.6/Frameworks/XML Extensions/Patches/895_FSFSmoothing_Worktype.xml,"/Defs/ThingDef/race/mechEnabledWorkTypes [li [text()=""Construction""] ]"
[FSF] Complex Jobs,frozensnowfox.complexjobs,1.6/Frameworks/XML Extensions/Patches/895_FSFSmoothing_Worktype.xml,"/Defs/ThingDef/race/mechEnabledWorkTypes [li [text()=""Construction""] ]"
[FSF] Complex Jobs,frozensnowfox.complexjobs,1.6/Frameworks/XML Extensions/Patches/895_FSFSmoothing_Worktype.xml,"/Defs/ThingDef/comps/li[@Class = ""Asimov.CompProperties_Automaton""]/enabledWorkTypes [li [text()=""Construction""] ]"
[FSF] Complex Jobs,frozensnowfox.complexjobs,1.6/Frameworks/XML Extensions/Patches/895_FSFSmoothing_Worktype.xml,"/Defs/ThingDef/comps/li[@Class = ""Asimov.CompProperties_Automaton""]/enabledWorkTypes [li [text()=""Construction""] ]"
[FSF] Complex Jobs,frozensnowfox.complexjobs,1.6/Frameworks/XML Extensions/Patches/895_FSFSmoothing_Worktype.xml,"/Defs/ThingDef[defName = ""Human""]/race/lifeStageWorkSettings"
[FSF] Complex Jobs,frozensnowfox.complexjobs,1.6/Mods/Alpha Mechs/Patches/Alpha_Mechs.xml,"/Defs/ThingDef[defName = ""AM_Mech_MasterChef""]/race/mechWorkTypePriorities"
[FSF] Complex Jobs,frozensnowfox.complexjobs,1.6/Mods/Alpha Mechs/Patches/Alpha_Mechs.xml,"/Defs/ThingDef[defName = ""AM_PristineStrider""]/race/mechWorkTypePriorities"
Facial Animation Compatability Project,danzinagri.facialanimationcompatabilityproject,1.6/Patches/HeadTypeDefs_BigAndSmallGenes.xml,"/Defs/HediffDef[defName=""BS_WerewolfForm""]/comps/li[@Class=""BigAndSmall.CompProperties_ColorAndFur""]/disableFacialAnims"
Jawa Doctrine Patches,mandrake.jawa.doctrine,Patches/MegafaunaYield.xml,"/Defs/ThingDef[defName=""MutantCow""]/statBases/MeatAmount"
Jawa Doctrine Patches,mandrake.jawa.doctrine,Patches/MegafaunaYield.xml,"/Defs/ThingDef[defName=""MutantCow""]/statBases/MeatAmount"
Jawa Doctrine Patches,mandrake.jawa.doctrine,Patches/MegafaunaYield.xml,"/Defs/ThingDef[defName=""MutantCow""]/statBases"
Jawa Doctrine Patches,mandrake.jawa.doctrine,Patches/MegafaunaYield.xml,"/Defs/ThingDef[defName=""MutantCow""]/statBases/BoneAmount"
Jawa Doctrine Patches,mandrake.jawa.doctrine,Patches/MegafaunaYield.xml,"/Defs/ThingDef[defName=""MutantCow""]/statBases/BoneAmount"
Jawa Doctrine Patches,mandrake.jawa.doctrine,Patches/MegafaunaYield.xml,"/Defs/ThingDef[defName=""MutantCow""]/statBases"
Jawa Doctrine Patches,mandrake.jawa.doctrine,Patches/MegafaunaYield.xml,"/Defs/ThingDef[defName=""MutantCow""]/comps/li[milkAmount]/milkAmount"
Jawa Doctrine Patches,mandrake.jawa.doctrine,Patches/MegafaunaYield.xml,"/Defs/ThingDef[defName=""VFEI2_BlackEmpress""]/statBases/MeatAmount"
Jawa Doctrine Patches,mandrake.jawa.doctrine,Patches/MegafaunaYield.xml,"/Defs/ThingDef[defName=""VFEI2_BlackEmpress""]/statBases/MeatAmount"
Jawa Doctrine Patches,mandrake.jawa.doctrine,Patches/MegafaunaYield.xml,"/Defs/ThingDef[defName=""VFEI2_BlackEmpress""]/statBases"
Jawa Doctrine Patches,mandrake.jawa.doctrine,Patches/MegafaunaYield.xml,"/Defs/ThingDef[defName=""VFEI2_BlackEmpress""]/statBases/BoneAmount"
Jawa Doctrine Patches,mandrake.jawa.doctrine,Patches/MegafaunaYield.xml,"/Defs/ThingDef[defName=""VFEI2_BlackEmpress""]/statBases/BoneAmount"
Jawa Doctrine Patches,mandrake.jawa.doctrine,Patches/MegafaunaYield.xml,"/Defs/ThingDef[defName=""VFEI2_BlackEmpress""]/statBases"
Jawa Doctrine Patches,mandrake.jawa.doctrine,Patches/MegafaunaYield.xml,"/Defs/ThingDef[defName=""VFEI2_BlackQueen""]/statBases/MeatAmount"
Jawa Doctrine Patches,mandrake.jawa.doctrine,Patches/MegafaunaYield.xml,"/Defs/ThingDef[defName=""VFEI2_BlackQueen""]/statBases/MeatAmount"
Jawa Doctrine Patches,mandrake.jawa.doctrine,Patches/MegafaunaYield.xml,"/Defs/ThingDef[defName=""VFEI2_BlackQueen""]/statBases"
Jawa Doctrine Patches,mandrake.jawa.doctrine,Patches/MegafaunaYield.xml,"/Defs/ThingDef[defName=""VFEI2_BlackQueen""]/statBases/BoneAmount"
Jawa Doctrine Patches,mandrake.jawa.doctrine,Patches/MegafaunaYield.xml,"/Defs/ThingDef[defName=""VFEI2_BlackQueen""]/statBases/BoneAmount"
Jawa Doctrine Patches,mandrake.jawa.doctrine,Patches/MegafaunaYield.xml,"/Defs/ThingDef[defName=""VFEI2_BlackQueen""]/statBases"
Jawa Doctrine Patches,mandrake.jawa.doctrine,Patches/MegafaunaYield.xml,"/Defs/ThingDef[defName=""AA_ColossalAerofleet""]/statBases/MeatAmount"
Jawa Doctrine Patches,mandrake.jawa.doctrine,Patches/MegafaunaYield.xml,"/Defs/ThingDef[defName=""AA_ColossalAerofleet""]/statBases/MeatAmount"
Jawa Doctrine Patches,mandrake.jawa.doctrine,Patches/MegafaunaYield.xml,"/Defs/ThingDef[defName=""AA_ColossalAerofleet""]/statBases"
Jawa Doctrine Patches,mandrake.jawa.doctrine,Patches/MegafaunaYield.xml,"/Defs/ThingDef[defName=""AA_Agaripawn""]/statBases/MeatAmount"
Jawa Doctrine Patches,mandrake.jawa.doctrine,Patches/MegafaunaYield.xml,"/Defs/ThingDef[defName=""AA_Agaripawn""]/statBases/MeatAmount"
Jawa Doctrine Patches,mandrake.jawa.doctrine,Patches/MegafaunaYield.xml,"/Defs/ThingDef[defName=""AA_Agaripawn""]/statBases"
Jawa Doctrine Patches,mandrake.jawa.doctrine,Patches/MegafaunaYield.xml,"/Defs/ThingDef[defName=""AA_Agaripod""]/statBases/MeatAmount"
Jawa Doctrine Patches,mandrake.jawa.doctrine,Patches/MegafaunaYield.xml,"/Defs/ThingDef[defName=""AA_Agaripod""]/statBases/MeatAmount"
Jawa Doctrine Patches,mandrake.jawa.doctrine,Patches/MegafaunaYield.xml,"/Defs/ThingDef[defName=""AA_Agaripod""]/statBases"
Jawa Doctrine Patches,mandrake.jawa.doctrine,Patches/MegafaunaYield.xml,"/Defs/ThingDef[defName=""AA_AnimaColossus""]/statBases/MeatAmount"
Jawa Doctrine Patches,mandrake.jawa.doctrine,Patches/MegafaunaYield.xml,"/Defs/ThingDef[defName=""AA_AnimaColossus""]/statBases/MeatAmount"
Jawa Doctrine Patches,mandrake.jawa.doctrine,Patches/MegafaunaYield.xml,"/Defs/ThingDef[defName=""AA_AnimaColossus""]/statBases"
Jawa Doctrine Patches,mandrake.jawa.doctrine,Patches/MegafaunaYield.xml,"/Defs/ThingDef[defName=""AA_AnimaColossus""]/statBases/BoneAmount"
Jawa Doctrine Patches,mandrake.jawa.doctrine,Patches/MegafaunaYield.xml,"/Defs/ThingDef[defName=""AA_AnimaColossus""]/statBases/BoneAmount"
Jawa Doctrine Patches,mandrake.jawa.doctrine,Patches/MegafaunaYield.xml,"/Defs/ThingDef[defName=""AA_AnimaColossus""]/statBases"
Jawa Doctrine Patches,mandrake.jawa.doctrine,Patches/MegafaunaYield.xml,"/Defs/ThingDef[defName=""AA_ArcticLion""]/statBases/MeatAmount"
Jawa Doctrine Patches,mandrake.jawa.doctrine,Patches/MegafaunaYield.xml,"/Defs/ThingDef[defName=""AA_ArcticLion""]/statBases/MeatAmount"
Jawa Doctrine Patches,mandrake.jawa.doctrine,Patches/MegafaunaYield.xml,"/Defs/ThingDef[defName=""AA_ArcticLion""]/statBases"
Jawa Doctrine Patches,mandrake.jawa.doctrine,Patches/MegafaunaYield.xml,"/Defs/ThingDef[defName=""AA_ArcticLion""]/statBases/BoneAmount"
Jawa Doctrine Patches,mandrake.jawa.doctrine,Patches/MegafaunaYield.xml,"/Defs/ThingDef[defName=""AA_ArcticLion""]/statBases/BoneAmount"
Jawa Doctrine Patches,mandrake.jawa.doctrine,Patches/MegafaunaYield.xml,"/Defs/ThingDef[defName=""AA_ArcticLion""]/statBases"
Jawa Doctrine Patches,mandrake.jawa.doctrine,Patches/MegafaunaYield.xml,"/Defs/ThingDef[defName=""AA_Atispec""]/statBases/MeatAmount"
Jawa Doctrine Patches,mandrake.jawa.doctrine,Patches/MegafaunaYield.xml,"/Defs/ThingDef[defName=""AA_Atispec""]/statBases/MeatAmount"
Jawa Doctrine Patches,mandrake.jawa.doctrine,Patches/MegafaunaYield.xml,"/Defs/ThingDef[defName=""AA_Atispec""]/statBases"
Jawa Doctrine Patches,mandrake.jawa.doctrine,Patches/MegafaunaYield.xml,"/Defs/ThingDef[defName=""AA_Barbslinger""]/statBases/MeatAmount"
Jawa Doctrine Patches,mandrake.jawa.doctrine,Patches/MegafaunaYield.xml,"/Defs/ThingDef[defName=""AA_Barbslinger""]/statBases/MeatAmount"
Jawa Doctrine Patches,mandrake.jawa.doctrine,Patches/MegafaunaYield.xml,"/Defs/ThingDef[defName=""AA_Barbslinger""]/statBases"
Jawa Doctrine Patches,mandrake.jawa.doctrine,Patches/MegafaunaYield.xml,"/Defs/ThingDef[defName=""AA_Behemoth""]/statBases/MeatAmount"
Jawa Doctrine Patches,mandrake.jawa.doctrine,Patches/MegafaunaYield.xml,"/Defs/ThingDef[defName=""AA_Behemoth""]/statBases/MeatAmount"
Jawa Doctrine Patches,mandrake.jawa.doctrine,Patches/MegafaunaYield.xml,"/Defs/ThingDef[defName=""AA_Behemoth""]/statBases"
Jawa Doctrine Patches,mandrake.jawa.doctrine,Patches/MegafaunaYield.xml,"/Defs/ThingDef[defName=""AA_Behemoth""]/statBases/BoneAmount"
Jawa Doctrine Patches,mandrake.jawa.doctrine,Patches/MegafaunaYield.xml,"/Defs/ThingDef[defName=""AA_Behemoth""]/statBases/BoneAmount"
Jawa Doctrine Patches,mandrake.jawa.doctrine,Patches/MegafaunaYield.xml,"/Defs/ThingDef[defName=""AA_Behemoth""]/statBases"
Jawa Doctrine Patches,mandrake.jawa.doctrine,Patches/MegafaunaYield.xml,"/Defs/ThingDef[defName=""AA_BlackSpider""]/statBases/MeatAmount"
Jawa Doctrine Patches,mandrake.jawa.doctrine,Patches/MegafaunaYield.xml,"/Defs/ThingDef[defName=""AA_BlackSpider""]/statBases/MeatAmount"
Jawa Doctrine Patches,mandrake.jawa.doctrine,Patches/MegafaunaYield.xml,"/Defs/ThingDef[defName=""AA_BlackSpider""]/statBases"
Jawa Doctrine Patches,mandrake.jawa.doctrine,Patches/MegafaunaYield.xml,"/Defs/ThingDef[defName=""AA_Blizzarisk""]/statBases/MeatAmount"
Jawa Doctrine Patches,mandrake.jawa.doctrine,Patches/MegafaunaYield.xml,"/Defs/ThingDef[defName=""AA_Blizzarisk""]/statBases/MeatAmount"
Jawa Doctrine Patches,mandrake.jawa.doctrine,Patches/MegafaunaYield.xml,"/Defs/ThingDef[defName=""AA_Blizzarisk""]/statBases"
Jawa Doctrine Patches,mandrake.jawa.doctrine,Patches/MegafaunaYield.xml,"/Defs/ThingDef[defName=""AA_BlizzariskClutchMother""]/statBases/MeatAmount"
Jawa Doctrine Patches,mandrake.jawa.doctrine,Patches/MegafaunaYield.xml,"/Defs/ThingDef[defName=""AA_BlizzariskClutchMother""]/statBases/MeatAmount"
Jawa Doctrine Patches,mandrake.jawa.doctrine,Patches/MegafaunaYield.xml,"/Defs/ThingDef[defName=""AA_BlizzariskClutchMother""]/statBases"
Jawa Doctrine Patches,mandrake.jawa.doctrine,Patches/MegafaunaYield.xml,"/Defs/ThingDef[defName=""AA_Bobeene""]/statBases/MeatAmount"
Jawa Doctrine Patches,mandrake.jawa.doctrine,Patches/MegafaunaYield.xml,"/Defs/ThingDef[defName=""AA_Bobeene""]/statBases/MeatAmount"
Jawa Doctrine Patches,mandrake.jawa.doctrine,Patches/MegafaunaYield.xml,"/Defs/ThingDef[defName=""AA_Bobeene""]/statBases"
Jawa Doctrine Patches,mandrake.jawa.doctrine,Patches/MegafaunaYield.xml,"/Defs/ThingDef[defName=""AA_Bobeene""]/statBases/BoneAmount"
Jawa Doctrine Patches,mandrake.jawa.doctrine,Patches/MegafaunaYield.xml,"/Defs/ThingDef[defName=""AA_Bobeene""]/statBases/BoneAmount"
Jawa Doctrine Patches,mandrake.jawa.doctrine,Patches/MegafaunaYield.xml,"/Defs/ThingDef[defName=""AA_Bobeene""]/statBases"
Jawa Doctrine Patches,mandrake.jawa.doctrine,Patches/MegafaunaYield.xml,"/Defs/ThingDef[defName=""AA_BoulderMit""]/statBases/MeatAmount"
Jawa Doctrine Patches,mandrake.jawa.doctrine,Patches/MegafaunaYield.xml,"/Defs/ThingDef[defName=""AA_BoulderMit""]/statBases/MeatAmount"
Jawa Doctrine Patches,mandrake.jawa.doctrine,Patches/MegafaunaYield.xml,"/Defs/ThingDef[defName=""AA_BoulderMit""]/statBases"
Jawa Doctrine Patches,mandrake.jawa.doctrine,Patches/MegafaunaYield.xml,"/Defs/ThingDef[defName=""AA_SummitCrab""]/statBases/MeatAmount"
Jawa Doctrine Patches,mandrake.jawa.doctrine,Patches/MegafaunaYield.xml,"/Defs/ThingDef[defName=""AA_SummitCrab""]/statBases/MeatAmount"
Jawa Doctrine Patches,mandrake.jawa.doctrine,Patches/MegafaunaYield.xml,"/Defs/ThingDef[defName=""AA_SummitCrab""]/statBases"
Jawa Doctrine Patches,mandrake.jawa.doctrine,Patches/MegafaunaYield.xml,"/Defs/ThingDef[defName=""AA_ChameleonYak""]/statBases/MeatAmount"
Jawa Doctrine Patches,mandrake.jawa.doctrine,Patches/MegafaunaYield.xml,"/Defs/ThingDef[defName=""AA_ChameleonYak""]/statBases/MeatAmount"
Jawa Doctrine Patches,mandrake.jawa.doctrine,Patches/MegafaunaYield.xml,"/Defs/ThingDef[defName=""AA_ChameleonYak""]/statBases"
Jawa Doctrine Patches,mandrake.jawa.doctrine,Patches/MegafaunaYield.xml,"/Defs/ThingDef[defName=""AA_ChameleonYak""]/statBases/BoneAmount"
Jawa Doctrine Patches,mandrake.jawa.doctrine,Patches/MegafaunaYield.xml,"/Defs/ThingDef[defName=""AA_ChameleonYak""]/statBases/BoneAmount"
Jawa Doctrine Patches,mandrake.jawa.doctrine,Patches/MegafaunaYield.xml,"/Defs/ThingDef[defName=""AA_ChameleonYak""]/statBases"
Jawa Doctrine Patches,mandrake.jawa.doctrine,Patches/MegafaunaYield.xml,"/Defs/ThingDef[defName=""AA_ChemfuelMyrmidon""]/statBases/MeatAmount"
Jawa Doctrine Patches,mandrake.jawa.doctrine,Patches/MegafaunaYield.xml,"/Defs/ThingDef[defName=""AA_ChemfuelMyrmidon""]/statBases/MeatAmount"
Jawa Doctrine Patches,mandrake.jawa.doctrine,Patches/MegafaunaYield.xml,"/Defs/ThingDef[defName=""AA_ChemfuelMyrmidon""]/statBases"
Jawa Doctrine Patches,mandrake.jawa.doctrine,Patches/MegafaunaYield.xml,"/Defs/ThingDef[defName=""AA_Cinderlisk""]/statBases/MeatAmount"
Jawa Doctrine Patches,mandrake.jawa.doctrine,Patches/MegafaunaYield.xml,"/Defs/ThingDef[defName=""AA_Cinderlisk""]/statBases/MeatAmount"
Jawa Doctrine Patches,mandrake.jawa.doctrine,Patches/MegafaunaYield.xml,"/Defs/ThingDef[defName=""AA_Cinderlisk""]/statBases"
Jawa Doctrine Patches,mandrake.jawa.doctrine,Patches/MegafaunaYield.xml,"/Defs/ThingDef[defName=""AA_CrepuscularBeetle""]/statBases/MeatAmount"
Jawa Doctrine Patches,mandrake.jawa.doctrine,Patches/MegafaunaYield.xml,"/Defs/ThingDef[defName=""AA_CrepuscularBeetle""]/statBases/MeatAmount"
Jawa Doctrine Patches,mandrake.jawa.doctrine,Patches/MegafaunaYield.xml,"/Defs/ThingDef[defName=""AA_CrepuscularBeetle""]/statBases"
Jawa Doctrine Patches,mandrake.jawa.doctrine,Patches/MegafaunaYield.xml,"/Defs/ThingDef[defName=""AA_Darkbeast""]/statBases/MeatAmount"
Jawa Doctrine Patches,mandrake.jawa.doctrine,Patches/MegafaunaYield.xml,"/Defs/ThingDef[defName=""AA_Darkbeast""]/statBases/MeatAmount"
Jawa Doctrine Patches,mandrake.jawa.doctrine,Patches/MegafaunaYield.xml,"/Defs/ThingDef[defName=""AA_Darkbeast""]/statBases"
Jawa Doctrine Patches,mandrake.jawa.doctrine,Patches/MegafaunaYield.xml,"/Defs/ThingDef[defName=""AA_Darkbeast""]/statBases/BoneAmount"
Jawa Doctrine Patches,mandrake.jawa.doctrine,Patches/MegafaunaYield.xml,"/Defs/ThingDef[defName=""AA_Darkbeast""]/statBases/BoneAmount"
Jawa Doctrine Patches,mandrake.jawa.doctrine,Patches/MegafaunaYield.xml,"/Defs/ThingDef[defName=""AA_Darkbeast""]/statBases"
Jawa Doctrine Patches,mandrake.jawa.doctrine,Patches/MegafaunaYield.xml,"/Defs/ThingDef[defName=""AA_DarkVandal""]/statBases/MeatAmount"
Jawa Doctrine Patches,mandrake.jawa.doctrine,Patches/MegafaunaYield.xml,"/Defs/ThingDef[defName=""AA_DarkVandal""]/statBases/MeatAmount"
Jawa Doctrine Patches,mandrake.jawa.doctrine,Patches/MegafaunaYield.xml,"/Defs/ThingDef[defName=""AA_DarkVandal""]/statBases"
Jawa Doctrine Patches,mandrake.jawa.doctrine,Patches/MegafaunaYield.xml,"/Defs/ThingDef[defName=""AA_DarkVandal""]/statBases/BoneAmount"
Jawa Doctrine Patches,mandrake.jawa.doctrine,Patches/MegafaunaYield.xml,"/Defs/ThingDef[defName=""AA_DarkVandal""]/statBases/BoneAmount"
Jawa Doctrine Patches,mandrake.jawa.doctrine,Patches/MegafaunaYield.xml,"/Defs/ThingDef[defName=""AA_DarkVandal""]/statBases"
Jawa Doctrine Patches,mandrake.jawa.doctrine,Patches/MegafaunaYield.xml,"/Defs/ThingDef[defName=""AA_Dunealisk""]/statBases/MeatAmount"
Jawa Doctrine Patches,mandrake.jawa.doctrine,Patches/MegafaunaYield.xml,"/Defs/ThingDef[defName=""AA_Dunealisk""]/statBases/MeatAmount"
Jawa Doctrine Patches,mandrake.jawa.doctrine,Patches/MegafaunaYield.xml,"/Defs/ThingDef[defName=""AA_Dunealisk""]/statBases"
Jawa Doctrine Patches,mandrake.jawa.doctrine,Patches/MegafaunaYield.xml,"/Defs/ThingDef[defName=""AA_DunealiskClutchMother""]/statBases/MeatAmount"
Jawa Doctrine Patches,mandrake.jawa.doctrine,Patches/MegafaunaYield.xml,"/Defs/ThingDef[defName=""AA_DunealiskClutchMother""]/statBases/MeatAmount"
Jawa Doctrine Patches,mandrake.jawa.doctrine,Patches/MegafaunaYield.xml,"/Defs/ThingDef[defName=""AA_DunealiskClutchMother""]/statBases"
Jawa Doctrine Patches,mandrake.jawa.doctrine,Patches/MegafaunaYield.xml,"/Defs/ThingDef[defName=""AA_DuskProwler""]/statBases/MeatAmount"
Jawa Doctrine Patches,mandrake.jawa.doctrine,Patches/MegafaunaYield.xml,"/Defs/ThingDef[defName=""AA_DuskProwler""]/statBases/MeatAmount"
Jawa Doctrine Patches,mandrake.jawa.doctrine,Patches/MegafaunaYield.xml,"/Defs/ThingDef[defName=""AA_DuskProwler""]/statBases"
Jawa Doctrine Patches,mandrake.jawa.doctrine,Patches/MegafaunaYield.xml,"/Defs/ThingDef[defName=""AA_DuskProwler""]/statBases/BoneAmount"
Jawa Doctrine Patches,mandrake.jawa.doctrine,Patches/MegafaunaYield.xml,"/Defs/ThingDef[defName=""AA_DuskProwler""]/statBases/BoneAmount"
Jawa Doctrine Patches,mandrake.jawa.doctrine,Patches/MegafaunaYield.xml,"/Defs/ThingDef[defName=""AA_DuskProwler""]/statBases"
Jawa Doctrine Patches,mandrake.jawa.doctrine,Patches/MegafaunaYield.xml,"/Defs/ThingDef[defName=""AA_FeraliskClutchMother""]/statBases/MeatAmount"
Jawa Doctrine Patches,mandrake.jawa.doctrine,Patches/MegafaunaYield.xml,"/Defs/ThingDef[defName=""AA_FeraliskClutchMother""]/statBases/MeatAmount"
Jawa Doctrine Patches,mandrake.jawa.doctrine,Patches/MegafaunaYield.xml,"/Defs/ThingDef[defName=""AA_FeraliskClutchMother""]/statBases"
Jawa Doctrine Patches,mandrake.jawa.doctrine,Patches/MegafaunaYield.xml,"/Defs/ThingDef[defName=""AA_FrostAve""]/statBases/MeatAmount"
Jawa Doctrine Patches,mandrake.jawa.doctrine,Patches/MegafaunaYield.xml,"/Defs/ThingDef[defName=""AA_FrostAve""]/statBases/MeatAmount"
Jawa Doctrine Patches,mandrake.jawa.doctrine,Patches/MegafaunaYield.xml,"/Defs/ThingDef[defName=""AA_FrostAve""]/statBases"
Jawa Doctrine Patches,mandrake.jawa.doctrine,Patches/MegafaunaYield.xml,"/Defs/ThingDef[defName=""AA_FrostAve""]/statBases/BoneAmount"
Jawa Doctrine Patches,mandrake.jawa.doctrine,Patches/MegafaunaYield.xml,"/Defs/ThingDef[defName=""AA_FrostAve""]/statBases/BoneAmount"
Jawa Doctrine Patches,mandrake.jawa.doctrine,Patches/MegafaunaYield.xml,"/Defs/ThingDef[defName=""AA_FrostAve""]/statBases"
Jawa Doctrine Patches,mandrake.jawa.doctrine,Patches/MegafaunaYield.xml,"/Defs/ThingDef[defName=""AA_FrostboundBehemoth""]/statBases/MeatAmount"
Jawa Doctrine Patches,mandrake.jawa.doctrine,Patches/MegafaunaYield.xml,"/Defs/ThingDef[defName=""AA_FrostboundBehemoth""]/statBases/MeatAmount"
Jawa Doctrine Patches,mandrake.jawa.doctrine,Patches/MegafaunaYield.xml,"/Defs/ThingDef[defName=""AA_FrostboundBehemoth""]/statBases"
Jawa Doctrine Patches,mandrake.jawa.doctrine,Patches/MegafaunaYield.xml,"/Defs/ThingDef[defName=""AA_Frostling""]/statBases/MeatAmount"
Jawa Doctrine Patches,mandrake.jawa.doctrine,Patches/MegafaunaYield.xml,"/Defs/ThingDef[defName=""AA_Frostling""]/statBases/MeatAmount"
Jawa Doctrine Patches,mandrake.jawa.doctrine,Patches/MegafaunaYield.xml,"/Defs/ThingDef[defName=""AA_Frostling""]/statBases"
Jawa Doctrine Patches,mandrake.jawa.doctrine,Patches/MegafaunaYield.xml,"/Defs/ThingDef[defName=""AA_Frostling""]/statBases/BoneAmount"
Jawa Doctrine Patches,mandrake.jawa.doctrine,Patches/MegafaunaYield.xml,"/Defs/ThingDef[defName=""AA_Frostling""]/statBases/BoneAmount"
Jawa Doctrine Patches,mandrake.jawa.doctrine,Patches/MegafaunaYield.xml,"/Defs/ThingDef[defName=""AA_Frostling""]/statBases"
Jawa Doctrine Patches,mandrake.jawa.doctrine,Patches/MegafaunaYield.xml,"/Defs/ThingDef[defName=""AA_FrostLynx""]/statBases/MeatAmount"
Jawa Doctrine Patches,mandrake.jawa.doctrine,Patches/MegafaunaYield.xml,"/Defs/ThingDef[defName=""AA_FrostLynx""]/statBases/MeatAmount"
Jawa Doctrine Patches,mandrake.jawa.doctrine,Patches/MegafaunaYield.xml,"/Defs/ThingDef[defName=""AA_FrostLynx""]/statBases"
Jawa Doctrine Patches,mandrake.jawa.doctrine,Patches/MegafaunaYield.xml,"/Defs/ThingDef[defName=""AA_FrostLynx""]/statBases/BoneAmount"
Jawa Doctrine Patches,mandrake.jawa.doctrine,Patches/MegafaunaYield.xml,"/Defs/ThingDef[defName=""AA_FrostLynx""]/statBases/BoneAmount"
Jawa Doctrine Patches,mandrake.jawa.doctrine,Patches/MegafaunaYield.xml,"/Defs/ThingDef[defName=""AA_FrostLynx""]/statBases"
Jawa Doctrine Patches,mandrake.jawa.doctrine,Patches/MegafaunaYield.xml,"/Defs/ThingDef[defName=""AA_Gallatross""]/statBases/MeatAmount"
Jawa Doctrine Patches,mandrake.jawa.doctrine,Patches/MegafaunaYield.xml,"/Defs/ThingDef[defName=""AA_Gallatross""]/statBases/MeatAmount"
Jawa Doctrine Patches,mandrake.jawa.doctrine,Patches/MegafaunaYield.xml,"/Defs/ThingDef[defName=""AA_Gallatross""]/statBases"
Jawa Doctrine Patches,mandrake.jawa.doctrine,Patches/MegafaunaYield.xml,"/Defs/ThingDef[defName=""AA_Gallatross""]/statBases/BoneAmount"
Jawa Doctrine Patches,mandrake.jawa.doctrine,Patches/MegafaunaYield.xml,"/Defs/ThingDef[defName=""AA_Gallatross""]/statBases/BoneAmount"
Jawa Doctrine Patches,mandrake.jawa.doctrine,Patches/MegafaunaYield.xml,"/Defs/ThingDef[defName=""AA_Gallatross""]/statBases"
Jawa Doctrine Patches,mandrake.jawa.doctrine,Patches/MegafaunaYield.xml,"/Defs/ThingDef[defName=""AA_GallatrossMoribund""]/statBases/MeatAmount"
Jawa Doctrine Patches,mandrake.jawa.doctrine,Patches/MegafaunaYield.xml,"/Defs/ThingDef[defName=""AA_GallatrossMoribund""]/statBases/MeatAmount"
Jawa Doctrine Patches,mandrake.jawa.doctrine,Patches/MegafaunaYield.xml,"/Defs/ThingDef[defName=""AA_GallatrossMoribund""]/statBases"
Jawa Doctrine Patches,mandrake.jawa.doctrine,Patches/MegafaunaYield.xml,"/Defs/ThingDef[defName=""AA_GallatrossMoribund""]/statBases/BoneAmount"
Jawa Doctrine Patches,mandrake.jawa.doctrine,Patches/MegafaunaYield.xml,"/Defs/ThingDef[defName=""AA_GallatrossMoribund""]/statBases/BoneAmount"
Jawa Doctrine Patches,mandrake.jawa.doctrine,Patches/MegafaunaYield.xml,"/Defs/ThingDef[defName=""AA_GallatrossMoribund""]/statBases"
Jawa Doctrine Patches,mandrake.jawa.doctrine,Patches/MegafaunaYield.xml,"/Defs/ThingDef[defName=""AA_Genix""]/statBases/MeatAmount"
Jawa Doctrine Patches,mandrake.jawa.doctrine,Patches/MegafaunaYield.xml,"/Defs/ThingDef[defName=""AA_Genix""]/statBases/MeatAmount"
Jawa Doctrine Patches,mandrake.jawa.doctrine,Patches/MegafaunaYield.xml,"/Defs/ThingDef[defName=""AA_Genix""]/statBases"
Jawa Doctrine Patches,mandrake.jawa.doctrine,Patches/MegafaunaYield.xml,"/Defs/ThingDef[defName=""AA_Genix""]/statBases/BoneAmount"
Jawa Doctrine Patches,mandrake.jawa.doctrine,Patches/MegafaunaYield.xml,"/Defs/ThingDef[defName=""AA_Genix""]/statBases/BoneAmount"
Jawa Doctrine Patches,mandrake.jawa.doctrine,Patches/MegafaunaYield.xml,"/Defs/ThingDef[defName=""AA_Genix""]/statBases"
Jawa Doctrine Patches,mandrake.jawa.doctrine,Patches/MegafaunaYield.xml,"/Defs/ThingDef[defName=""AA_GiantCrownedSilkie""]/statBases/MeatAmount"
Jawa Doctrine Patches,mandrake.jawa.doctrine,Patches/MegafaunaYield.xml,"/Defs/ThingDef[defName=""AA_GiantCrownedSilkie""]/statBases/MeatAmount"
Jawa Doctrine Patches,mandrake.jawa.doctrine,Patches/MegafaunaYield.xml,"/Defs/ThingDef[defName=""AA_GiantCrownedSilkie""]/statBases"
Jawa Doctrine Patches,mandrake.jawa.doctrine,Patches/MegafaunaYield.xml,"/Defs/ThingDef[defName=""AA_GiantCrownedSilkie""]/statBases/BoneAmount"
Jawa Doctrine Patches,mandrake.jawa.doctrine,Patches/MegafaunaYield.xml,"/Defs/ThingDef[defName=""AA_GiantCrownedSilkie""]/statBases/BoneAmount"
Jawa Doctrine Patches,mandrake.jawa.doctrine,Patches/MegafaunaYield.xml,"/Defs/ThingDef[defName=""AA_GiantCrownedSilkie""]/statBases"
Jawa Doctrine Patches,mandrake.jawa.doctrine,Patches/MegafaunaYield.xml,"/Defs/ThingDef[defName=""AA_Gigantelope""]/statBases/MeatAmount"
Jawa Doctrine Patches,mandrake.jawa.doctrine,Patches/MegafaunaYield.xml,"/Defs/ThingDef[defName=""AA_Gigantelope""]/statBases/MeatAmount"
Jawa Doctrine Patches,mandrake.jawa.doctrine,Patches/MegafaunaYield.xml,"/Defs/ThingDef[defName=""AA_Gigantelope""]/statBases"
Jawa Doctrine Patches,mandrake.jawa.doctrine,Patches/MegafaunaYield.xml,"/Defs/ThingDef[defName=""AA_Gigantelope""]/statBases/BoneAmount"
Jawa Doctrine Patches,mandrake.jawa.doctrine,Patches/MegafaunaYield.xml,"/Defs/ThingDef[defName=""AA_Gigantelope""]/statBases/BoneAmount"
Jawa Doctrine Patches,mandrake.jawa.doctrine,Patches/MegafaunaYield.xml,"/Defs/ThingDef[defName=""AA_Gigantelope""]/statBases"
Jawa Doctrine Patches,mandrake.jawa.doctrine,Patches/MegafaunaYield.xml,"/Defs/ThingDef[defName=""AA_GreatDevourer""]/statBases/MeatAmount"
Jawa Doctrine Patches,mandrake.jawa.doctrine,Patches/MegafaunaYield.xml,"/Defs/ThingDef[defName=""AA_GreatDevourer""]/statBases/MeatAmount"
Jawa Doctrine Patches,mandrake.jawa.doctrine,Patches/MegafaunaYield.xml,"/Defs/ThingDef[defName=""AA_GreatDevourer""]/statBases"
Jawa Doctrine Patches,mandrake.jawa.doctrine,Patches/MegafaunaYield.xml,"/Defs/ThingDef[defName=""AA_Groundrunner""]/statBases/MeatAmount"
Jawa Doctrine Patches,mandrake.jawa.doctrine,Patches/MegafaunaYield.xml,"/Defs/ThingDef[defName=""AA_Groundrunner""]/statBases/MeatAmount"
Jawa Doctrine Patches,mandrake.jawa.doctrine,Patches/MegafaunaYield.xml,"/Defs/ThingDef[defName=""AA_Groundrunner""]/statBases"
Jawa Doctrine Patches,mandrake.jawa.doctrine,Patches/MegafaunaYield.xml,"/Defs/ThingDef[defName=""AA_Groundrunner""]/statBases/BoneAmount"
Jawa Doctrine Patches,mandrake.jawa.doctrine,Patches/MegafaunaYield.xml,"/Defs/ThingDef[defName=""AA_Groundrunner""]/statBases/BoneAmount"
Jawa Doctrine Patches,mandrake.jawa.doctrine,Patches/MegafaunaYield.xml,"/Defs/ThingDef[defName=""AA_Groundrunner""]/statBases"
Jawa Doctrine Patches,mandrake.jawa.doctrine,Patches/MegafaunaYield.xml,"/Defs/ThingDef[defName=""AA_Helixien""]/statBases/MeatAmount"
Jawa Doctrine Patches,mandrake.jawa.doctrine,Patches/MegafaunaYield.xml,"/Defs/ThingDef[defName=""AA_Helixien""]/statBases/MeatAmount"
Jawa Doctrine Patches,mandrake.jawa.doctrine,Patches/MegafaunaYield.xml,"/Defs/ThingDef[defName=""AA_Helixien""]/statBases"
Jawa Doctrine Patches,mandrake.jawa.doctrine,Patches/MegafaunaYield.xml,"/Defs/ThingDef[defName=""AA_IronhuskBeetle""]/statBases/MeatAmount"
Jawa Doctrine Patches,mandrake.jawa.doctrine,Patches/MegafaunaYield.xml,"/Defs/ThingDef[defName=""AA_IronhuskBeetle""]/statBases/MeatAmount"
Jawa Doctrine Patches,mandrake.jawa.doctrine,Patches/MegafaunaYield.xml,"/Defs/ThingDef[defName=""AA_IronhuskBeetle""]/statBases"
Jawa Doctrine Patches,mandrake.jawa.doctrine,Patches/MegafaunaYield.xml,"/Defs/ThingDef[defName=""AA_Lockjaw""]/statBases/MeatAmount"
Jawa Doctrine Patches,mandrake.jawa.doctrine,Patches/MegafaunaYield.xml,"/Defs/ThingDef[defName=""AA_Lockjaw""]/statBases/MeatAmount"
Jawa Doctrine Patches,mandrake.jawa.doctrine,Patches/MegafaunaYield.xml,"/Defs/ThingDef[defName=""AA_Lockjaw""]/statBases"
Jawa Doctrine Patches,mandrake.jawa.doctrine,Patches/MegafaunaYield.xml,"/Defs/ThingDef[defName=""AA_Lockjaw""]/statBases/BoneAmount"
Jawa Doctrine Patches,mandrake.jawa.doctrine,Patches/MegafaunaYield.xml,"/Defs/ThingDef[defName=""AA_Lockjaw""]/statBases/BoneAmount"
Jawa Doctrine Patches,mandrake.jawa.doctrine,Patches/MegafaunaYield.xml,"/Defs/ThingDef[defName=""AA_Lockjaw""]/statBases"
Jawa Doctrine Patches,mandrake.jawa.doctrine,Patches/MegafaunaYield.xml,"/Defs/ThingDef[defName=""AA_MammothWorm""]/statBases/MeatAmount"
Jawa Doctrine Patches,mandrake.jawa.doctrine,Patches/MegafaunaYield.xml,"/Defs/ThingDef[defName=""AA_MammothWorm""]/statBases/MeatAmount"
Jawa Doctrine Patches,mandrake.jawa.doctrine,Patches/MegafaunaYield.xml,"/Defs/ThingDef[defName=""AA_MammothWorm""]/statBases"
Jawa Doctrine Patches,mandrake.jawa.doctrine,Patches/MegafaunaYield.xml,"/Defs/ThingDef[defName=""AA_Mantrap""]/statBases/MeatAmount"
Jawa Doctrine Patches,mandrake.jawa.doctrine,Patches/MegafaunaYield.xml,"/Defs/ThingDef[defName=""AA_Mantrap""]/statBases/MeatAmount"
Jawa Doctrine Patches,mandrake.jawa.doctrine,Patches/MegafaunaYield.xml,"/Defs/ThingDef[defName=""AA_Mantrap""]/statBases"
Jawa Doctrine Patches,mandrake.jawa.doctrine,Patches/MegafaunaYield.xml,"/Defs/ThingDef[defName=""AA_MatureFleshbeast""]/statBases/MeatAmount"
Jawa Doctrine Patches,mandrake.jawa.doctrine,Patches/MegafaunaYield.xml,"/Defs/ThingDef[defName=""AA_MatureFleshbeast""]/statBases/MeatAmount"
Jawa Doctrine Patches,mandrake.jawa.doctrine,Patches/MegafaunaYield.xml,"/Defs/ThingDef[defName=""AA_MatureFleshbeast""]/statBases"
Jawa Doctrine Patches,mandrake.jawa.doctrine,Patches/MegafaunaYield.xml,"/Defs/ThingDef[defName=""AA_MatureFleshbeast""]/statBases/BoneAmount"
Jawa Doctrine Patches,mandrake.jawa.doctrine,Patches/MegafaunaYield.xml,"/Defs/ThingDef[defName=""AA_MatureFleshbeast""]/statBases/BoneAmount"
Jawa Doctrine Patches,mandrake.jawa.doctrine,Patches/MegafaunaYield.xml,"/Defs/ThingDef[defName=""AA_MatureFleshbeast""]/statBases"
Jawa Doctrine Patches,mandrake.jawa.doctrine,Patches/MegafaunaYield.xml,"/Defs/ThingDef[defName=""AA_MeadowAve""]/statBases/MeatAmount"
Jawa Doctrine Patches,mandrake.jawa.doctrine,Patches/MegafaunaYield.xml,"/Defs/ThingDef[defName=""AA_MeadowAve""]/statBases/MeatAmount"
Jawa Doctrine Patches,mandrake.jawa.doctrine,Patches/MegafaunaYield.xml,"/Defs/ThingDef[defName=""AA_MeadowAve""]/statBases"
Jawa Doctrine Patches,mandrake.jawa.doctrine,Patches/MegafaunaYield.xml,"/Defs/ThingDef[defName=""AA_MeadowAve""]/statBases/BoneAmount"
Jawa Doctrine Patches,mandrake.jawa.doctrine,Patches/MegafaunaYield.xml,"/Defs/ThingDef[defName=""AA_MeadowAve""]/statBases/BoneAmount"
Jawa Doctrine Patches,mandrake.jawa.doctrine,Patches/MegafaunaYield.xml,"/Defs/ThingDef[defName=""AA_MeadowAve""]/statBases"
Jawa Doctrine Patches,mandrake.jawa.doctrine,Patches/MegafaunaYield.xml,"/Defs/ThingDef[defName=""AA_Metallovore""]/statBases/MeatAmount"
Jawa Doctrine Patches,mandrake.jawa.doctrine,Patches/MegafaunaYield.xml,"/Defs/ThingDef[defName=""AA_Metallovore""]/statBases/MeatAmount"
Jawa Doctrine Patches,mandrake.jawa.doctrine,Patches/MegafaunaYield.xml,"/Defs/ThingDef[defName=""AA_Metallovore""]/statBases"
Jawa Doctrine Patches,mandrake.jawa.doctrine,Patches/MegafaunaYield.xml,"/Defs/ThingDef[defName=""AA_MycoidColossus""]/statBases/MeatAmount"
Jawa Doctrine Patches,mandrake.jawa.doctrine,Patches/MegafaunaYield.xml,"/Defs/ThingDef[defName=""AA_MycoidColossus""]/statBases/MeatAmount"
Jawa Doctrine Patches,mandrake.jawa.doctrine,Patches/MegafaunaYield.xml,"/Defs/ThingDef[defName=""AA_MycoidColossus""]/statBases"
Jawa Doctrine Patches,mandrake.jawa.doctrine,Patches/MegafaunaYield.xml,"/Defs/ThingDef[defName=""AA_MycoidColossus""]/statBases/BoneAmount"
Jawa Doctrine Patches,mandrake.jawa.doctrine,Patches/MegafaunaYield.xml,"/Defs/ThingDef[defName=""AA_MycoidColossus""]/statBases/BoneAmount"
Jawa Doctrine Patches,mandrake.jawa.doctrine,Patches/MegafaunaYield.xml,"/Defs/ThingDef[defName=""AA_MycoidColossus""]/statBases"
Jawa Doctrine Patches,mandrake.jawa.doctrine,Patches/MegafaunaYield.xml,"/Defs/ThingDef[defName=""AA_NightMule""]/statBases/MeatAmount"
Jawa Doctrine Patches,mandrake.jawa.doctrine,Patches/MegafaunaYield.xml,"/Defs/ThingDef[defName=""AA_NightMule""]/statBases/MeatAmount"
Jawa Doctrine Patches,mandrake.jawa.doctrine,Patches/MegafaunaYield.xml,"/Defs/ThingDef[defName=""AA_NightMule""]/statBases"
Jawa Doctrine Patches,mandrake.jawa.doctrine,Patches/MegafaunaYield.xml,"/Defs/ThingDef[defName=""AA_NightMule""]/statBases/BoneAmount"
Jawa Doctrine Patches,mandrake.jawa.doctrine,Patches/MegafaunaYield.xml,"/Defs/ThingDef[defName=""AA_NightMule""]/statBases/BoneAmount"
Jawa Doctrine Patches,mandrake.jawa.doctrine,Patches/MegafaunaYield.xml,"/Defs/ThingDef[defName=""AA_NightMule""]/statBases"
Jawa Doctrine Patches,mandrake.jawa.doctrine,Patches/MegafaunaYield.xml,"/Defs/ThingDef[defName=""AA_NightAve""]/statBases/MeatAmount"
Jawa Doctrine Patches,mandrake.jawa.doctrine,Patches/MegafaunaYield.xml,"/Defs/ThingDef[defName=""AA_NightAve""]/statBases/MeatAmount"
Jawa Doctrine Patches,mandrake.jawa.doctrine,Patches/MegafaunaYield.xml,"/Defs/ThingDef[defName=""AA_NightAve""]/statBases"
Jawa Doctrine Patches,mandrake.jawa.doctrine,Patches/MegafaunaYield.xml,"/Defs/ThingDef[defName=""AA_NightAve""]/statBases/BoneAmount"
Jawa Doctrine Patches,mandrake.jawa.doctrine,Patches/MegafaunaYield.xml,"/Defs/ThingDef[defName=""AA_NightAve""]/statBases/BoneAmount"
Jawa Doctrine Patches,mandrake.jawa.doctrine,Patches/MegafaunaYield.xml,"/Defs/ThingDef[defName=""AA_NightAve""]/statBases"
Jawa Doctrine Patches,mandrake.jawa.doctrine,Patches/MegafaunaYield.xml,"/Defs/ThingDef[defName=""AA_NightRam""]/statBases/MeatAmount"
Jawa Doctrine Patches,mandrake.jawa.doctrine,Patches/MegafaunaYield.xml,"/Defs/ThingDef[defName=""AA_NightRam""]/statBases/MeatAmount"
Jawa Doctrine Patches,mandrake.jawa.doctrine,Patches/MegafaunaYield.xml,"/Defs/ThingDef[defName=""AA_NightRam""]/statBases"
Jawa Doctrine Patches,mandrake.jawa.doctrine,Patches/MegafaunaYield.xml,"/Defs/ThingDef[defName=""AA_NightRam""]/statBases/BoneAmount"
Jawa Doctrine Patches,mandrake.jawa.doctrine,Patches/MegafaunaYield.xml,"/Defs/ThingDef[defName=""AA_NightRam""]/statBases/BoneAmount"
Jawa Doctrine Patches,mandrake.jawa.doctrine,Patches/MegafaunaYield.xml,"/Defs/ThingDef[defName=""AA_NightRam""]/statBases"
Jawa Doctrine Patches,mandrake.jawa.doctrine,Patches/MegafaunaYield.xml,"/Defs/ThingDef[defName=""AA_OcularNightling""]/statBases/MeatAmount"
Jawa Doctrine Patches,mandrake.jawa.doctrine,Patches/MegafaunaYield.xml,"/Defs/ThingDef[defName=""AA_OcularNightling""]/statBases/MeatAmount"
Jawa Doctrine Patches,mandrake.jawa.doctrine,Patches/MegafaunaYield.xml,"/Defs/ThingDef[defName=""AA_OcularNightling""]/statBases"
Jawa Doctrine Patches,mandrake.jawa.doctrine,Patches/MegafaunaYield.xml,"/Defs/ThingDef[defName=""AA_OcularNightling""]/statBases/BoneAmount"
Jawa Doctrine Patches,mandrake.jawa.doctrine,Patches/MegafaunaYield.xml,"/Defs/ThingDef[defName=""AA_OcularNightling""]/statBases/BoneAmount"
Jawa Doctrine Patches,mandrake.jawa.doctrine,Patches/MegafaunaYield.xml,"/Defs/ThingDef[defName=""AA_OcularNightling""]/statBases"
Jawa Doctrine Patches,mandrake.jawa.doctrine,Patches/MegafaunaYield.xml,"/Defs/ThingDef[defName=""AA_OvergrownColossus""]/statBases/MeatAmount"
Jawa Doctrine Patches,mandrake.jawa.doctrine,Patches/MegafaunaYield.xml,"/Defs/ThingDef[defName=""AA_OvergrownColossus""]/statBases/MeatAmount"
Jawa Doctrine Patches,mandrake.jawa.doctrine,Patches/MegafaunaYield.xml,"/Defs/ThingDef[defName=""AA_OvergrownColossus""]/statBases"
Jawa Doctrine Patches,mandrake.jawa.doctrine,Patches/MegafaunaYield.xml,"/Defs/ThingDef[defName=""AA_OvergrownColossus""]/statBases/BoneAmount"
Jawa Doctrine Patches,mandrake.jawa.doctrine,Patches/MegafaunaYield.xml,"/Defs/ThingDef[defName=""AA_OvergrownColossus""]/statBases/BoneAmount"
Jawa Doctrine Patches,mandrake.jawa.doctrine,Patches/MegafaunaYield.xml,"/Defs/ThingDef[defName=""AA_OvergrownColossus""]/statBases"
Jawa Doctrine Patches,mandrake.jawa.doctrine,Patches/MegafaunaYield.xml,"/Defs/ThingDef[defName=""AA_Radyak""]/statBases/MeatAmount"
Jawa Doctrine Patches,mandrake.jawa.doctrine,Patches/MegafaunaYield.xml,"/Defs/ThingDef[defName=""AA_Radyak""]/statBases/MeatAmount"
Jawa Doctrine Patches,mandrake.jawa.doctrine,Patches/MegafaunaYield.xml,"/Defs/ThingDef[defName=""AA_Radyak""]/statBases"
Jawa Doctrine Patches,mandrake.jawa.doctrine,Patches/MegafaunaYield.xml,"/Defs/ThingDef[defName=""AA_Radyak""]/statBases/BoneAmount"
Jawa Doctrine Patches,mandrake.jawa.doctrine,Patches/MegafaunaYield.xml,"/Defs/ThingDef[defName=""AA_Radyak""]/statBases/BoneAmount"
Jawa Doctrine Patches,mandrake.jawa.doctrine,Patches/MegafaunaYield.xml,"/Defs/ThingDef[defName=""AA_Radyak""]/statBases"
Jawa Doctrine Patches,mandrake.jawa.doctrine,Patches/MegafaunaYield.xml,"/Defs/ThingDef[defName=""AA_RaptorShrimp""]/statBases/MeatAmount"
Jawa Doctrine Patches,mandrake.jawa.doctrine,Patches/MegafaunaYield.xml,"/Defs/ThingDef[defName=""AA_RaptorShrimp""]/statBases/MeatAmount"
Jawa Doctrine Patches,mandrake.jawa.doctrine,Patches/MegafaunaYield.xml,"/Defs/ThingDef[defName=""AA_RaptorShrimp""]/statBases"
Jawa Doctrine Patches,mandrake.jawa.doctrine,Patches/MegafaunaYield.xml,"/Defs/ThingDef[defName=""AA_Ravager""]/statBases/MeatAmount"
Jawa Doctrine Patches,mandrake.jawa.doctrine,Patches/MegafaunaYield.xml,"/Defs/ThingDef[defName=""AA_Ravager""]/statBases/MeatAmount"
Jawa Doctrine Patches,mandrake.jawa.doctrine,Patches/MegafaunaYield.xml,"/Defs/ThingDef[defName=""AA_Ravager""]/statBases"
Jawa Doctrine Patches,mandrake.jawa.doctrine,Patches/MegafaunaYield.xml,"/Defs/ThingDef[defName=""AA_RayHound""]/statBases/MeatAmount"
Jawa Doctrine Patches,mandrake.jawa.doctrine,Patches/MegafaunaYield.xml,"/Defs/ThingDef[defName=""AA_RayHound""]/statBases/MeatAmount"
Jawa Doctrine Patches,mandrake.jawa.doctrine,Patches/MegafaunaYield.xml,"/Defs/ThingDef[defName=""AA_RayHound""]/statBases"
Jawa Doctrine Patches,mandrake.jawa.doctrine,Patches/MegafaunaYield.xml,"/Defs/ThingDef[defName=""AA_RayHound""]/statBases/BoneAmount"
Jawa Doctrine Patches,mandrake.jawa.doctrine,Patches/MegafaunaYield.xml,"/Defs/ThingDef[defName=""AA_RayHound""]/statBases/BoneAmount"
Jawa Doctrine Patches,mandrake.jawa.doctrine,Patches/MegafaunaYield.xml,"/Defs/ThingDef[defName=""AA_RayHound""]/statBases"
Jawa Doctrine Patches,mandrake.jawa.doctrine,Patches/MegafaunaYield.xml,"/Defs/ThingDef[defName=""AA_RipperHound""]/statBases/MeatAmount"
Jawa Doctrine Patches,mandrake.jawa.doctrine,Patches/MegafaunaYield.xml,"/Defs/ThingDef[defName=""AA_RipperHound""]/statBases/MeatAmount"
Jawa Doctrine Patches,mandrake.jawa.doctrine,Patches/MegafaunaYield.xml,"/Defs/ThingDef[defName=""AA_RipperHound""]/statBases"
Jawa Doctrine Patches,mandrake.jawa.doctrine,Patches/MegafaunaYield.xml,"/Defs/ThingDef[defName=""AA_RipperHound""]/statBases/BoneAmount"
Jawa Doctrine Patches,mandrake.jawa.doctrine,Patches/MegafaunaYield.xml,"/Defs/ThingDef[defName=""AA_RipperHound""]/statBases/BoneAmount"
Jawa Doctrine Patches,mandrake.jawa.doctrine,Patches/MegafaunaYield.xml,"/Defs/ThingDef[defName=""AA_RipperHound""]/statBases"
Jawa Doctrine Patches,mandrake.jawa.doctrine,Patches/MegafaunaYield.xml,"/Defs/ThingDef[defName=""AA_RoughPlatedMonitor""]/statBases/MeatAmount"
Jawa Doctrine Patches,mandrake.jawa.doctrine,Patches/MegafaunaYield.xml,"/Defs/ThingDef[defName=""AA_RoughPlatedMonitor""]/statBases/MeatAmount"
Jawa Doctrine Patches,mandrake.jawa.doctrine,Patches/MegafaunaYield.xml,"/Defs/ThingDef[defName=""AA_RoughPlatedMonitor""]/statBases"
Jawa Doctrine Patches,mandrake.jawa.doctrine,Patches/MegafaunaYield.xml,"/Defs/ThingDef[defName=""AA_RoughPlatedMonitor""]/statBases/BoneAmount"
Jawa Doctrine Patches,mandrake.jawa.doctrine,Patches/MegafaunaYield.xml,"/Defs/ThingDef[defName=""AA_RoughPlatedMonitor""]/statBases/BoneAmount"
Jawa Doctrine Patches,mandrake.jawa.doctrine,Patches/MegafaunaYield.xml,"/Defs/ThingDef[defName=""AA_RoughPlatedMonitor""]/statBases"
Jawa Doctrine Patches,mandrake.jawa.doctrine,Patches/MegafaunaYield.xml,"/Defs/ThingDef[defName=""AA_RoyalAve""]/statBases/MeatAmount"
Jawa Doctrine Patches,mandrake.jawa.doctrine,Patches/MegafaunaYield.xml,"/Defs/ThingDef[defName=""AA_RoyalAve""]/statBases/MeatAmount"
Jawa Doctrine Patches,mandrake.jawa.doctrine,Patches/MegafaunaYield.xml,"/Defs/ThingDef[defName=""AA_RoyalAve""]/statBases"
Jawa Doctrine Patches,mandrake.jawa.doctrine,Patches/MegafaunaYield.xml,"/Defs/ThingDef[defName=""AA_RoyalAve""]/statBases/BoneAmount"
Jawa Doctrine Patches,mandrake.jawa.doctrine,Patches/MegafaunaYield.xml,"/Defs/ThingDef[defName=""AA_RoyalAve""]/statBases/BoneAmount"
Jawa Doctrine Patches,mandrake.jawa.doctrine,Patches/MegafaunaYield.xml,"/Defs/ThingDef[defName=""AA_RoyalAve""]/statBases"
Jawa Doctrine Patches,mandrake.jawa.doctrine,Patches/MegafaunaYield.xml,"/Defs/ThingDef[defName=""AA_SandLion""]/statBases/MeatAmount"
Jawa Doctrine Patches,mandrake.jawa.doctrine,Patches/MegafaunaYield.xml,"/Defs/ThingDef[defName=""AA_SandLion""]/statBases/MeatAmount"
Jawa Doctrine Patches,mandrake.jawa.doctrine,Patches/MegafaunaYield.xml,"/Defs/ThingDef[defName=""AA_SandLion""]/statBases"
Jawa Doctrine Patches,mandrake.jawa.doctrine,Patches/MegafaunaYield.xml,"/Defs/ThingDef[defName=""AA_SandLion""]/statBases/BoneAmount"
Jawa Doctrine Patches,mandrake.jawa.doctrine,Patches/MegafaunaYield.xml,"/Defs/ThingDef[defName=""AA_SandLion""]/statBases/BoneAmount"
Jawa Doctrine Patches,mandrake.jawa.doctrine,Patches/MegafaunaYield.xml,"/Defs/ThingDef[defName=""AA_SandLion""]/statBases"
Jawa Doctrine Patches,mandrake.jawa.doctrine,Patches/MegafaunaYield.xml,"/Defs/ThingDef[defName=""AA_SandProwler""]/statBases/MeatAmount"
Jawa Doctrine Patches,mandrake.jawa.doctrine,Patches/MegafaunaYield.xml,"/Defs/ThingDef[defName=""AA_SandProwler""]/statBases/MeatAmount"
Jawa Doctrine Patches,mandrake.jawa.doctrine,Patches/MegafaunaYield.xml,"/Defs/ThingDef[defName=""AA_SandProwler""]/statBases"
Jawa Doctrine Patches,mandrake.jawa.doctrine,Patches/MegafaunaYield.xml,"/Defs/ThingDef[defName=""AA_SandProwler""]/statBases/BoneAmount"
Jawa Doctrine Patches,mandrake.jawa.doctrine,Patches/MegafaunaYield.xml,"/Defs/ThingDef[defName=""AA_SandProwler""]/statBases/BoneAmount"
Jawa Doctrine Patches,mandrake.jawa.doctrine,Patches/MegafaunaYield.xml,"/Defs/ThingDef[defName=""AA_SandProwler""]/statBases"
Jawa Doctrine Patches,mandrake.jawa.doctrine,Patches/MegafaunaYield.xml,"/Defs/ThingDef[defName=""AA_SandSquid""]/statBases/MeatAmount"
Jawa Doctrine Patches,mandrake.jawa.doctrine,Patches/MegafaunaYield.xml,"/Defs/ThingDef[defName=""AA_SandSquid""]/statBases/MeatAmount"
Jawa Doctrine Patches,mandrake.jawa.doctrine,Patches/MegafaunaYield.xml,"/Defs/ThingDef[defName=""AA_SandSquid""]/statBases"
Jawa Doctrine Patches,mandrake.jawa.doctrine,Patches/MegafaunaYield.xml,"/Defs/ThingDef[defName=""AA_ShadowCharger""]/statBases/MeatAmount"
Jawa Doctrine Patches,mandrake.jawa.doctrine,Patches/MegafaunaYield.xml,"/Defs/ThingDef[defName=""AA_ShadowCharger""]/statBases/MeatAmount"
Jawa Doctrine Patches,mandrake.jawa.doctrine,Patches/MegafaunaYield.xml,"/Defs/ThingDef[defName=""AA_ShadowCharger""]/statBases"
Jawa Doctrine Patches,mandrake.jawa.doctrine,Patches/MegafaunaYield.xml,"/Defs/ThingDef[defName=""AA_ShadowCharger""]/statBases/BoneAmount"
Jawa Doctrine Patches,mandrake.jawa.doctrine,Patches/MegafaunaYield.xml,"/Defs/ThingDef[defName=""AA_ShadowCharger""]/statBases/BoneAmount"
Jawa Doctrine Patches,mandrake.jawa.doctrine,Patches/MegafaunaYield.xml,"/Defs/ThingDef[defName=""AA_ShadowCharger""]/statBases"
Jawa Doctrine Patches,mandrake.jawa.doctrine,Patches/MegafaunaYield.xml,"/Defs/ThingDef[defName=""AA_SpinedGow""]/statBases/MeatAmount"
Jawa Doctrine Patches,mandrake.jawa.doctrine,Patches/MegafaunaYield.xml,"/Defs/ThingDef[defName=""AA_SpinedGow""]/statBases/MeatAmount"
Jawa Doctrine Patches,mandrake.jawa.doctrine,Patches/MegafaunaYield.xml,"/Defs/ThingDef[defName=""AA_SpinedGow""]/statBases"
Jawa Doctrine Patches,mandrake.jawa.doctrine,Patches/MegafaunaYield.xml,"/Defs/ThingDef[defName=""AA_SpinedGow""]/statBases/BoneAmount"
Jawa Doctrine Patches,mandrake.jawa.doctrine,Patches/MegafaunaYield.xml,"/Defs/ThingDef[defName=""AA_SpinedGow""]/statBases/BoneAmount"
Jawa Doctrine Patches,mandrake.jawa.doctrine,Patches/MegafaunaYield.xml,"/Defs/ThingDef[defName=""AA_SpinedGow""]/statBases"
Jawa Doctrine Patches,mandrake.jawa.doctrine,Patches/MegafaunaYield.xml,"/Defs/ThingDef[defName=""AA_TarGuzzler""]/statBases/MeatAmount"
Jawa Doctrine Patches,mandrake.jawa.doctrine,Patches/MegafaunaYield.xml,"/Defs/ThingDef[defName=""AA_TarGuzzler""]/statBases/MeatAmount"
Jawa Doctrine Patches,mandrake.jawa.doctrine,Patches/MegafaunaYield.xml,"/Defs/ThingDef[defName=""AA_TarGuzzler""]/statBases"
Jawa Doctrine Patches,mandrake.jawa.doctrine,Patches/MegafaunaYield.xml,"/Defs/ThingDef[defName=""AA_TetraSlug""]/statBases/MeatAmount"
Jawa Doctrine Patches,mandrake.jawa.doctrine,Patches/MegafaunaYield.xml,"/Defs/ThingDef[defName=""AA_TetraSlug""]/statBases/MeatAmount"
Jawa Doctrine Patches,mandrake.jawa.doctrine,Patches/MegafaunaYield.xml,"/Defs/ThingDef[defName=""AA_TetraSlug""]/statBases"
Jawa Doctrine Patches,mandrake.jawa.doctrine,Patches/MegafaunaYield.xml,"/Defs/ThingDef[defName=""AA_Thermadon""]/statBases/MeatAmount"
Jawa Doctrine Patches,mandrake.jawa.doctrine,Patches/MegafaunaYield.xml,"/Defs/ThingDef[defName=""AA_Thermadon""]/statBases/MeatAmount"
Jawa Doctrine Patches,mandrake.jawa.doctrine,Patches/MegafaunaYield.xml,"/Defs/ThingDef[defName=""AA_Thermadon""]/statBases"
Jawa Doctrine Patches,mandrake.jawa.doctrine,Patches/MegafaunaYield.xml,"/Defs/ThingDef[defName=""AA_Thunderbeast""]/statBases/MeatAmount"
Jawa Doctrine Patches,mandrake.jawa.doctrine,Patches/MegafaunaYield.xml,"/Defs/ThingDef[defName=""AA_Thunderbeast""]/statBases/MeatAmount"
Jawa Doctrine Patches,mandrake.jawa.doctrine,Patches/MegafaunaYield.xml,"/Defs/ThingDef[defName=""AA_Thunderbeast""]/statBases"
Jawa Doctrine Patches,mandrake.jawa.doctrine,Patches/MegafaunaYield.xml,"/Defs/ThingDef[defName=""AA_Thunderbeast""]/statBases/BoneAmount"
Jawa Doctrine Patches,mandrake.jawa.doctrine,Patches/MegafaunaYield.xml,"/Defs/ThingDef[defName=""AA_Thunderbeast""]/statBases/BoneAmount"
Jawa Doctrine Patches,mandrake.jawa.doctrine,Patches/MegafaunaYield.xml,"/Defs/ThingDef[defName=""AA_Thunderbeast""]/statBases"
Jawa Doctrine Patches,mandrake.jawa.doctrine,Patches/MegafaunaYield.xml,"/Defs/ThingDef[defName=""AA_Thunderox""]/statBases/MeatAmount"
Jawa Doctrine Patches,mandrake.jawa.doctrine,Patches/MegafaunaYield.xml,"/Defs/ThingDef[defName=""AA_Thunderox""]/statBases/MeatAmount"
Jawa Doctrine Patches,mandrake.jawa.doctrine,Patches/MegafaunaYield.xml,"/Defs/ThingDef[defName=""AA_Thunderox""]/statBases"
Jawa Doctrine Patches,mandrake.jawa.doctrine,Patches/MegafaunaYield.xml,"/Defs/ThingDef[defName=""AA_Thunderox""]/statBases/BoneAmount"
Jawa Doctrine Patches,mandrake.jawa.doctrine,Patches/MegafaunaYield.xml,"/Defs/ThingDef[defName=""AA_Thunderox""]/statBases/BoneAmount"
Jawa Doctrine Patches,mandrake.jawa.doctrine,Patches/MegafaunaYield.xml,"/Defs/ThingDef[defName=""AA_Thunderox""]/statBases"
Jawa Doctrine Patches,mandrake.jawa.doctrine,Patches/MegafaunaYield.xml,"/Defs/ThingDef[defName=""AA_Wildpawn""]/statBases/MeatAmount"
Jawa Doctrine Patches,mandrake.jawa.doctrine,Patches/MegafaunaYield.xml,"/Defs/ThingDef[defName=""AA_Wildpawn""]/statBases/MeatAmount"
Jawa Doctrine Patches,mandrake.jawa.doctrine,Patches/MegafaunaYield.xml,"/Defs/ThingDef[defName=""AA_Wildpawn""]/statBases"
Jawa Doctrine Patches,mandrake.jawa.doctrine,Patches/MegafaunaYield.xml,"/Defs/ThingDef[defName=""AA_Wildpod""]/statBases/MeatAmount"
Jawa Doctrine Patches,mandrake.jawa.doctrine,Patches/MegafaunaYield.xml,"/Defs/ThingDef[defName=""AA_Wildpod""]/statBases/MeatAmount"
Jawa Doctrine Patches,mandrake.jawa.doctrine,Patches/MegafaunaYield.xml,"/Defs/ThingDef[defName=""AA_Wildpod""]/statBases"
Jawa Doctrine Patches,mandrake.jawa.doctrine,Patches/MegafaunaYield.xml,"/Defs/ThingDef[defName=""AA_WindBeast""]/statBases/MeatAmount"
Jawa Doctrine Patches,mandrake.jawa.doctrine,Patches/MegafaunaYield.xml,"/Defs/ThingDef[defName=""AA_WindBeast""]/statBases/MeatAmount"
Jawa Doctrine Patches,mandrake.jawa.doctrine,Patches/MegafaunaYield.xml,"/Defs/ThingDef[defName=""AA_WindBeast""]/statBases"
Jawa Doctrine Patches,mandrake.jawa.doctrine,Patches/MegafaunaYield.xml,"/Defs/ThingDef[defName=""AA_WindBeast""]/statBases/BoneAmount"
Jawa Doctrine Patches,mandrake.jawa.doctrine,Patches/MegafaunaYield.xml,"/Defs/ThingDef[defName=""AA_WindBeast""]/statBases/BoneAmount"
Jawa Doctrine Patches,mandrake.jawa.doctrine,Patches/MegafaunaYield.xml,"/Defs/ThingDef[defName=""AA_WindBeast""]/statBases"
Jawa Doctrine Patches,mandrake.jawa.doctrine,Patches/MegafaunaYield.xml,"/Defs/ThingDef[defName=""AA_ArcticLion""]/comps/li[woolAmount]/woolAmount"
Jawa Doctrine Patches,mandrake.jawa.doctrine,Patches/MegafaunaYield.xml,"/Defs/ThingDef[defName=""AA_GiantCrownedSilkie""]/comps/li[woolAmount]/woolAmount"
Jawa Doctrine Patches,mandrake.jawa.doctrine,Patches/MegafaunaYield.xml,"/Defs/ThingDef[defName=""AA_Thunderox""]/comps/li[woolAmount]/woolAmount"
Jawa Doctrine Patches,mandrake.jawa.doctrine,Patches/MegafaunaYield.xml,"/Defs/ThingDef[defName=""AA_Bobeene""]/comps/li[milkAmount]/milkAmount"
Jawa Doctrine Patches,mandrake.jawa.doctrine,Patches/MegafaunaYield.xml,"/Defs/ThingDef[defName=""AA_ChameleonYak""]/comps/li[milkAmount]/milkAmount"
Jawa Doctrine Patches,mandrake.jawa.doctrine,Patches/MegafaunaYield.xml,"/Defs/ThingDef[defName=""AA_ChemfuelMyrmidon""]/comps/li[milkAmount]/milkAmount"
Jawa Doctrine Patches,mandrake.jawa.doctrine,Patches/MegafaunaYield.xml,"/Defs/ThingDef[defName=""AA_FrostboundBehemoth""]/comps/li[milkAmount]/milkAmount"
Jawa Doctrine Patches,mandrake.jawa.doctrine,Patches/MegafaunaYield.xml,"/Defs/ThingDef[defName=""AA_Gigantelope""]/comps/li[milkAmount]/milkAmount"
Jawa Doctrine Patches,mandrake.jawa.doctrine,Patches/MegafaunaYield.xml,"/Defs/ThingDef[defName=""AA_NightMule""]/comps/li[milkAmount]/milkAmount"
Jawa Doctrine Patches,mandrake.jawa.doctrine,Patches/MegafaunaYield.xml,"/Defs/ThingDef[defName=""AA_NightRam""]/comps/li[milkAmount]/milkAmount"
Jawa Doctrine Patches,mandrake.jawa.doctrine,Patches/MegafaunaYield.xml,"/Defs/ThingDef[defName=""AA_Radyak""]/comps/li[milkAmount]/milkAmount"
Jawa Doctrine Patches,mandrake.jawa.doctrine,Patches/MegafaunaYield.xml,"/Defs/ThingDef[defName=""AA_ShadowCharger""]/comps/li[milkAmount]/milkAmount"
Jawa Doctrine Patches,mandrake.jawa.doctrine,Patches/MegafaunaYield.xml,"/Defs/ThingDef[defName=""AA_SpinedGow""]/comps/li[milkAmount]/milkAmount"
Jawa Doctrine Patches,mandrake.jawa.doctrine,Patches/MegafaunaYield.xml,"/Defs/ThingDef[defName=""AA_Thunderox""]/comps/li[milkAmount]/milkAmount"
Jawa Doctrine Patches,mandrake.jawa.doctrine,Patches/MegafaunaYield.xml,"/Defs/ThingDef[defName=""AG_OcularSlinger""]/statBases/MeatAmount"
Jawa Doctrine Patches,mandrake.jawa.doctrine,Patches/MegafaunaYield.xml,"/Defs/ThingDef[defName=""AG_OcularSlinger""]/statBases/MeatAmount"
Jawa Doctrine Patches,mandrake.jawa.doctrine,Patches/MegafaunaYield.xml,"/Defs/ThingDef[defName=""AG_OcularSlinger""]/statBases"
Jawa Doctrine Patches,mandrake.jawa.doctrine,Patches/MegafaunaYield.xml,"/Defs/ThingDef[defName=""AG_OcularSlinger""]/statBases/BoneAmount"
Jawa Doctrine Patches,mandrake.jawa.doctrine,Patches/MegafaunaYield.xml,"/Defs/ThingDef[defName=""AG_OcularSlinger""]/statBases/BoneAmount"
Jawa Doctrine Patches,mandrake.jawa.doctrine,Patches/MegafaunaYield.xml,"/Defs/ThingDef[defName=""AG_OcularSlinger""]/statBases"
Jawa Doctrine Patches,mandrake.jawa.doctrine,Patches/MegafaunaYield.xml,"/Defs/ThingDef[defName=""Nociosphere""]/statBases/BoneAmount"
Jawa Doctrine Patches,mandrake.jawa.doctrine,Patches/MegafaunaYield.xml,"/Defs/ThingDef[defName=""Nociosphere""]/statBases/BoneAmount"
Jawa Doctrine Patches,mandrake.jawa.doctrine,Patches/MegafaunaYield.xml,"/Defs/ThingDef[defName=""Nociosphere""]/statBases"
Jawa Doctrine Patches,mandrake.jawa.doctrine,Patches/MegafaunaYield.xml,"/Defs/ThingDef[defName=""Gorehulk""]/statBases/MeatAmount"
Jawa Doctrine Patches,mandrake.jawa.doctrine,Patches/MegafaunaYield.xml,"/Defs/ThingDef[defName=""Gorehulk""]/statBases/MeatAmount"
Jawa Doctrine Patches,mandrake.jawa.doctrine,Patches/MegafaunaYield.xml,"/Defs/ThingDef[defName=""Gorehulk""]/statBases"
Jawa Doctrine Patches,mandrake.jawa.doctrine,Patches/MegafaunaYield.xml,"/Defs/ThingDef[defName=""Gorehulk""]/statBases/BoneAmount"
Jawa Doctrine Patches,mandrake.jawa.doctrine,Patches/MegafaunaYield.xml,"/Defs/ThingDef[defName=""Gorehulk""]/statBases/BoneAmount"
Jawa Doctrine Patches,mandrake.jawa.doctrine,Patches/MegafaunaYield.xml,"/Defs/ThingDef[defName=""Gorehulk""]/statBases"
Jawa Doctrine Patches,mandrake.jawa.doctrine,Patches/MegafaunaYield.xml,"/Defs/ThingDef[defName=""Devourer""]/statBases/MeatAmount"
Jawa Doctrine Patches,mandrake.jawa.doctrine,Patches/MegafaunaYield.xml,"/Defs/ThingDef[defName=""Devourer""]/statBases/MeatAmount"
Jawa Doctrine Patches,mandrake.jawa.doctrine,Patches/MegafaunaYield.xml,"/Defs/ThingDef[defName=""Devourer""]/statBases"
Jawa Doctrine Patches,mandrake.jawa.doctrine,Patches/MegafaunaYield.xml,"/Defs/ThingDef[defName=""Devourer""]/statBases/BoneAmount"
Jawa Doctrine Patches,mandrake.jawa.doctrine,Patches/MegafaunaYield.xml,"/Defs/ThingDef[defName=""Devourer""]/statBases/BoneAmount"
Jawa Doctrine Patches,mandrake.jawa.doctrine,Patches/MegafaunaYield.xml,"/Defs/ThingDef[defName=""Devourer""]/statBases"
Jawa Doctrine Patches,mandrake.jawa.doctrine,Patches/MegafaunaYield.xml,"/Defs/ThingDef[defName=""Chimera""]/statBases/MeatAmount"
Jawa Doctrine Patches,mandrake.jawa.doctrine,Patches/MegafaunaYield.xml,"/Defs/ThingDef[defName=""Chimera""]/statBases/MeatAmount"
Jawa Doctrine Patches,mandrake.jawa.doctrine,Patches/MegafaunaYield.xml,"/Defs/ThingDef[defName=""Chimera""]/statBases"
Jawa Doctrine Patches,mandrake.jawa.doctrine,Patches/MegafaunaYield.xml,"/Defs/ThingDef[defName=""Chimera""]/statBases/BoneAmount"
Jawa Doctrine Patches,mandrake.jawa.doctrine,Patches/MegafaunaYield.xml,"/Defs/ThingDef[defName=""Chimera""]/statBases/BoneAmount"
Jawa Doctrine Patches,mandrake.jawa.doctrine,Patches/MegafaunaYield.xml,"/Defs/ThingDef[defName=""Chimera""]/statBases"
Jawa Doctrine Patches,mandrake.jawa.doctrine,Patches/MegafaunaYield.xml,"/Defs/ThingDef[defName=""Bulbfreak""]/statBases/MeatAmount"
Jawa Doctrine Patches,mandrake.jawa.doctrine,Patches/MegafaunaYield.xml,"/Defs/ThingDef[defName=""Bulbfreak""]/statBases/MeatAmount"
Jawa Doctrine Patches,mandrake.jawa.doctrine,Patches/MegafaunaYield.xml,"/Defs/ThingDef[defName=""Bulbfreak""]/statBases"
Jawa Doctrine Patches,mandrake.jawa.doctrine,Patches/MegafaunaYield.xml,"/Defs/ThingDef[defName=""Bulbfreak""]/statBases/BoneAmount"
Jawa Doctrine Patches,mandrake.jawa.doctrine,Patches/MegafaunaYield.xml,"/Defs/ThingDef[defName=""Bulbfreak""]/statBases/BoneAmount"
Jawa Doctrine Patches,mandrake.jawa.doctrine,Patches/MegafaunaYield.xml,"/Defs/ThingDef[defName=""Bulbfreak""]/statBases"
Jawa Doctrine Patches,mandrake.jawa.doctrine,Patches/MegafaunaYield.xml,"/Defs/ThingDef[defName=""Dreadmeld""]/statBases/MeatAmount"
Jawa Doctrine Patches,mandrake.jawa.doctrine,Patches/MegafaunaYield.xml,"/Defs/ThingDef[defName=""Dreadmeld""]/statBases/MeatAmount"
Jawa Doctrine Patches,mandrake.jawa.doctrine,Patches/MegafaunaYield.xml,"/Defs/ThingDef[defName=""Dreadmeld""]/statBases"
Jawa Doctrine Patches,mandrake.jawa.doctrine,Patches/MegafaunaYield.xml,"/Defs/ThingDef[defName=""Dreadmeld""]/statBases/BoneAmount"
Jawa Doctrine Patches,mandrake.jawa.doctrine,Patches/MegafaunaYield.xml,"/Defs/ThingDef[defName=""Dreadmeld""]/statBases/BoneAmount"
Jawa Doctrine Patches,mandrake.jawa.doctrine,Patches/MegafaunaYield.xml,"/Defs/ThingDef[defName=""Dreadmeld""]/statBases"
Jawa Doctrine Patches,mandrake.jawa.doctrine,Patches/MegafaunaYield.xml,"/Defs/ThingDef[defName=""BlackBear""]/statBases/MeatAmount"
Jawa Doctrine Patches,mandrake.jawa.doctrine,Patches/MegafaunaYield.xml,"/Defs/ThingDef[defName=""BlackBear""]/statBases/MeatAmount"
Jawa Doctrine Patches,mandrake.jawa.doctrine,Patches/MegafaunaYield.xml,"/Defs/ThingDef[defName=""BlackBear""]/statBases"
Jawa Doctrine Patches,mandrake.jawa.doctrine,Patches/MegafaunaYield.xml,"/Defs/ThingDef[defName=""BlackBear""]/statBases/BoneAmount"
Jawa Doctrine Patches,mandrake.jawa.doctrine,Patches/MegafaunaYield.xml,"/Defs/ThingDef[defName=""BlackBear""]/statBases/BoneAmount"
Jawa Doctrine Patches,mandrake.jawa.doctrine,Patches/MegafaunaYield.xml,"/Defs/ThingDef[defName=""BlackBear""]/statBases"
Jawa Doctrine Patches,mandrake.jawa.doctrine,Patches/MegafaunaYield.xml,"/Defs/ThingDef[defName=""Giantala""]/statBases/MeatAmount"
Jawa Doctrine Patches,mandrake.jawa.doctrine,Patches/MegafaunaYield.xml,"/Defs/ThingDef[defName=""Giantala""]/statBases/MeatAmount"
Jawa Doctrine Patches,mandrake.jawa.doctrine,Patches/MegafaunaYield.xml,"/Defs/ThingDef[defName=""Giantala""]/statBases"
Jawa Doctrine Patches,mandrake.jawa.doctrine,Patches/MegafaunaYield.xml,"/Defs/ThingDef[defName=""Giantala""]/statBases/BoneAmount"
Jawa Doctrine Patches,mandrake.jawa.doctrine,Patches/MegafaunaYield.xml,"/Defs/ThingDef[defName=""Giantala""]/statBases/BoneAmount"
Jawa Doctrine Patches,mandrake.jawa.doctrine,Patches/MegafaunaYield.xml,"/Defs/ThingDef[defName=""Giantala""]/statBases"
Jawa Doctrine Patches,mandrake.jawa.doctrine,Patches/MegafaunaYield.xml,"/Defs/ThingDef[defName=""Gigantelope""]/statBases/MeatAmount"
Jawa Doctrine Patches,mandrake.jawa.doctrine,Patches/MegafaunaYield.xml,"/Defs/ThingDef[defName=""Gigantelope""]/statBases/MeatAmount"
Jawa Doctrine Patches,mandrake.jawa.doctrine,Patches/MegafaunaYield.xml,"/Defs/ThingDef[defName=""Gigantelope""]/statBases"
Jawa Doctrine Patches,mandrake.jawa.doctrine,Patches/MegafaunaYield.xml,"/Defs/ThingDef[defName=""Gigantelope""]/statBases/BoneAmount"
Jawa Doctrine Patches,mandrake.jawa.doctrine,Patches/MegafaunaYield.xml,"/Defs/ThingDef[defName=""Gigantelope""]/statBases/BoneAmount"
Jawa Doctrine Patches,mandrake.jawa.doctrine,Patches/MegafaunaYield.xml,"/Defs/ThingDef[defName=""Gigantelope""]/statBases"
Jawa Doctrine Patches,mandrake.jawa.doctrine,Patches/MegafaunaYield.xml,"/Defs/ThingDef[defName=""Jerbal""]/statBases/MeatAmount"
Jawa Doctrine Patches,mandrake.jawa.doctrine,Patches/MegafaunaYield.xml,"/Defs/ThingDef[defName=""Jerbal""]/statBases/MeatAmount"
Jawa Doctrine Patches,mandrake.jawa.doctrine,Patches/MegafaunaYield.xml,"/Defs/ThingDef[defName=""Jerbal""]/statBases"
Jawa Doctrine Patches,mandrake.jawa.doctrine,Patches/MegafaunaYield.xml,"/Defs/ThingDef[defName=""Jerbal""]/statBases/BoneAmount"
Jawa Doctrine Patches,mandrake.jawa.doctrine,Patches/MegafaunaYield.xml,"/Defs/ThingDef[defName=""Jerbal""]/statBases/BoneAmount"
Jawa Doctrine Patches,mandrake.jawa.doctrine,Patches/MegafaunaYield.xml,"/Defs/ThingDef[defName=""Jerbal""]/statBases"
Jawa Doctrine Patches,mandrake.jawa.doctrine,Patches/MegafaunaYield.xml,"/Defs/ThingDef[defName=""Megasquid""]/statBases/MeatAmount"
Jawa Doctrine Patches,mandrake.jawa.doctrine,Patches/MegafaunaYield.xml,"/Defs/ThingDef[defName=""Megasquid""]/statBases/MeatAmount"
Jawa Doctrine Patches,mandrake.jawa.doctrine,Patches/MegafaunaYield.xml,"/Defs/ThingDef[defName=""Megasquid""]/statBases"
Jawa Doctrine Patches,mandrake.jawa.doctrine,Patches/MegafaunaYield.xml,"/Defs/ThingDef[defName=""Megasquid""]/statBases/BoneAmount"
Jawa Doctrine Patches,mandrake.jawa.doctrine,Patches/MegafaunaYield.xml,"/Defs/ThingDef[defName=""Megasquid""]/statBases/BoneAmount"
Jawa Doctrine Patches,mandrake.jawa.doctrine,Patches/MegafaunaYield.xml,"/Defs/ThingDef[defName=""Megasquid""]/statBases"
Jawa Doctrine Patches,mandrake.jawa.doctrine,Patches/MegafaunaYield.xml,"/Defs/ThingDef[defName=""Toraton""]/statBases/MeatAmount"
Jawa Doctrine Patches,mandrake.jawa.doctrine,Patches/MegafaunaYield.xml,"/Defs/ThingDef[defName=""Toraton""]/statBases/MeatAmount"
Jawa Doctrine Patches,mandrake.jawa.doctrine,Patches/MegafaunaYield.xml,"/Defs/ThingDef[defName=""Toraton""]/statBases"
Jawa Doctrine Patches,mandrake.jawa.doctrine,Patches/MegafaunaYield.xml,"/Defs/ThingDef[defName=""Toraton""]/statBases/BoneAmount"
Jawa Doctrine Patches,mandrake.jawa.doctrine,Patches/MegafaunaYield.xml,"/Defs/ThingDef[defName=""Toraton""]/statBases/BoneAmount"
Jawa Doctrine Patches,mandrake.jawa.doctrine,Patches/MegafaunaYield.xml,"/Defs/ThingDef[defName=""Toraton""]/statBases"
Jawa Doctrine Patches,mandrake.jawa.doctrine,Patches/MegafaunaYield.xml,"/Defs/ThingDef[defName=""Gigantelope""]/comps/li[woolAmount]/woolAmount"
Jawa Doctrine Patches,mandrake.jawa.doctrine,Patches/MegafaunaYield.xml,"/Defs/ThingDef[defName=""Giantala""]/comps/li[milkAmount]/milkAmount"
Jawa Doctrine Patches,mandrake.jawa.doctrine,Patches/MegafaunaYield.xml,"/Defs/ThingDef[defName=""Gigantelope""]/comps/li[milkAmount]/milkAmount"
Jawa Doctrine Patches,mandrake.jawa.doctrine,Patches/MegafaunaYield.xml,"/Defs/ThingDef[defName=""Jerbal""]/comps/li[milkAmount]/milkAmount"
Jawa Doctrine Patches,mandrake.jawa.doctrine,Patches/MegafaunaYield.xml,"/Defs/ThingDef[defName=""BI_Queen""]/statBases/MeatAmount"
Jawa Doctrine Patches,mandrake.jawa.doctrine,Patches/MegafaunaYield.xml,"/Defs/ThingDef[defName=""BI_Queen""]/statBases/MeatAmount"
Jawa Doctrine Patches,mandrake.jawa.doctrine,Patches/MegafaunaYield.xml,"/Defs/ThingDef[defName=""BI_Queen""]/statBases"
Jawa Doctrine Patches,mandrake.jawa.doctrine,Patches/MegafaunaYield.xml,"/Defs/ThingDef[defName=""BS_JustAHead""]/statBases/MeatAmount"
Jawa Doctrine Patches,mandrake.jawa.doctrine,Patches/MegafaunaYield.xml,"/Defs/ThingDef[defName=""BS_JustAHead""]/statBases/MeatAmount"
Jawa Doctrine Patches,mandrake.jawa.doctrine,Patches/MegafaunaYield.xml,"/Defs/ThingDef[defName=""BS_JustAHead""]/statBases"
Jawa Doctrine Patches,mandrake.jawa.doctrine,Patches/MegafaunaYield.xml,"/Defs/ThingDef[defName=""BS_JustAHead""]/statBases/BoneAmount"
Jawa Doctrine Patches,mandrake.jawa.doctrine,Patches/MegafaunaYield.xml,"/Defs/ThingDef[defName=""BS_JustAHead""]/statBases/BoneAmount"
Jawa Doctrine Patches,mandrake.jawa.doctrine,Patches/MegafaunaYield.xml,"/Defs/ThingDef[defName=""BS_JustAHead""]/statBases"
Jawa Doctrine Patches,mandrake.jawa.doctrine,Patches/MegafaunaYield.xml,"/Defs/ThingDef[defName=""BS_GluttonRace""]/statBases/MeatAmount"
Jawa Doctrine Patches,mandrake.jawa.doctrine,Patches/MegafaunaYield.xml,"/Defs/ThingDef[defName=""BS_GluttonRace""]/statBases/MeatAmount"
Jawa Doctrine Patches,mandrake.jawa.doctrine,Patches/MegafaunaYield.xml,"/Defs/ThingDef[defName=""BS_GluttonRace""]/statBases"
Jawa Doctrine Patches,mandrake.jawa.doctrine,Patches/MegafaunaYield.xml,"/Defs/ThingDef[defName=""BS_GluttonRace""]/statBases/BoneAmount"
Jawa Doctrine Patches,mandrake.jawa.doctrine,Patches/MegafaunaYield.xml,"/Defs/ThingDef[defName=""BS_GluttonRace""]/statBases/BoneAmount"
Jawa Doctrine Patches,mandrake.jawa.doctrine,Patches/MegafaunaYield.xml,"/Defs/ThingDef[defName=""BS_GluttonRace""]/statBases"
Jawa Doctrine Patches,mandrake.jawa.doctrine,Patches/MegafaunaYield.xml,"/Defs/ThingDef[defName=""BMT_AcidSlug""]/statBases/MeatAmount"
Jawa Doctrine Patches,mandrake.jawa.doctrine,Patches/MegafaunaYield.xml,"/Defs/ThingDef[defName=""BMT_AcidSlug""]/statBases/MeatAmount"
Jawa Doctrine Patches,mandrake.jawa.doctrine,Patches/MegafaunaYield.xml,"/Defs/ThingDef[defName=""BMT_AcidSlug""]/statBases"
Jawa Doctrine Patches,mandrake.jawa.doctrine,Patches/MegafaunaYield.xml,"/Defs/ThingDef[defName=""BMT_AcidSlug""]/statBases/BoneAmount"
Jawa Doctrine Patches,mandrake.jawa.doctrine,Patches/MegafaunaYield.xml,"/Defs/ThingDef[defName=""BMT_AcidSlug""]/statBases/BoneAmount"
Jawa Doctrine Patches,mandrake.jawa.doctrine,Patches/MegafaunaYield.xml,"/Defs/ThingDef[defName=""BMT_AcidSlug""]/statBases"
Jawa Doctrine Patches,mandrake.jawa.doctrine,Patches/MegafaunaYield.xml,"/Defs/ThingDef[defName=""BMT_Basilisk""]/statBases/MeatAmount"
Jawa Doctrine Patches,mandrake.jawa.doctrine,Patches/MegafaunaYield.xml,"/Defs/ThingDef[defName=""BMT_Basilisk""]/statBases/MeatAmount"
Jawa Doctrine Patches,mandrake.jawa.doctrine,Patches/MegafaunaYield.xml,"/Defs/ThingDef[defName=""BMT_Basilisk""]/statBases"
Jawa Doctrine Patches,mandrake.jawa.doctrine,Patches/MegafaunaYield.xml,"/Defs/ThingDef[defName=""BMT_Basilisk""]/statBases/BoneAmount"
Jawa Doctrine Patches,mandrake.jawa.doctrine,Patches/MegafaunaYield.xml,"/Defs/ThingDef[defName=""BMT_Basilisk""]/statBases/BoneAmount"
Jawa Doctrine Patches,mandrake.jawa.doctrine,Patches/MegafaunaYield.xml,"/Defs/ThingDef[defName=""BMT_Basilisk""]/statBases"
Jawa Doctrine Patches,mandrake.jawa.doctrine,Patches/MegafaunaYield.xml,"/Defs/ThingDef[defName=""BMT_BeardedYak""]/statBases/MeatAmount"
Jawa Doctrine Patches,mandrake.jawa.doctrine,Patches/MegafaunaYield.xml,"/Defs/ThingDef[defName=""BMT_BeardedYak""]/statBases/MeatAmount"
Jawa Doctrine Patches,mandrake.jawa.doctrine,Patches/MegafaunaYield.xml,"/Defs/ThingDef[defName=""BMT_BeardedYak""]/statBases"
Jawa Doctrine Patches,mandrake.jawa.doctrine,Patches/MegafaunaYield.xml,"/Defs/ThingDef[defName=""BMT_BeardedYak""]/statBases/BoneAmount"
Jawa Doctrine Patches,mandrake.jawa.doctrine,Patches/MegafaunaYield.xml,"/Defs/ThingDef[defName=""BMT_BeardedYak""]/statBases/BoneAmount"
Jawa Doctrine Patches,mandrake.jawa.doctrine,Patches/MegafaunaYield.xml,"/Defs/ThingDef[defName=""BMT_BeardedYak""]/statBases"
Jawa Doctrine Patches,mandrake.jawa.doctrine,Patches/MegafaunaYield.xml,"/Defs/ThingDef[defName=""BMT_BovineBeetle""]/statBases/MeatAmount"
Jawa Doctrine Patches,mandrake.jawa.doctrine,Patches/MegafaunaYield.xml,"/Defs/ThingDef[defName=""BMT_BovineBeetle""]/statBases/MeatAmount"
Jawa Doctrine Patches,mandrake.jawa.doctrine,Patches/MegafaunaYield.xml,"/Defs/ThingDef[defName=""BMT_BovineBeetle""]/statBases"
Jawa Doctrine Patches,mandrake.jawa.doctrine,Patches/MegafaunaYield.xml,"/Defs/ThingDef[defName=""BMT_BovineBeetle""]/statBases/BoneAmount"
Jawa Doctrine Patches,mandrake.jawa.doctrine,Patches/MegafaunaYield.xml,"/Defs/ThingDef[defName=""BMT_BovineBeetle""]/statBases/BoneAmount"
Jawa Doctrine Patches,mandrake.jawa.doctrine,Patches/MegafaunaYield.xml,"/Defs/ThingDef[defName=""BMT_BovineBeetle""]/statBases"
Jawa Doctrine Patches,mandrake.jawa.doctrine,Patches/MegafaunaYield.xml,"/Defs/ThingDef[defName=""BMT_CactusCrab""]/statBases/MeatAmount"
Jawa Doctrine Patches,mandrake.jawa.doctrine,Patches/MegafaunaYield.xml,"/Defs/ThingDef[defName=""BMT_CactusCrab""]/statBases/MeatAmount"
Jawa Doctrine Patches,mandrake.jawa.doctrine,Patches/MegafaunaYield.xml,"/Defs/ThingDef[defName=""BMT_CactusCrab""]/statBases"
Jawa Doctrine Patches,mandrake.jawa.doctrine,Patches/MegafaunaYield.xml,"/Defs/ThingDef[defName=""BMT_CactusCrab""]/statBases/BoneAmount"
Jawa Doctrine Patches,mandrake.jawa.doctrine,Patches/MegafaunaYield.xml,"/Defs/ThingDef[defName=""BMT_CactusCrab""]/statBases/BoneAmount"
Jawa Doctrine Patches,mandrake.jawa.doctrine,Patches/MegafaunaYield.xml,"/Defs/ThingDef[defName=""BMT_CactusCrab""]/statBases"
Jawa Doctrine Patches,mandrake.jawa.doctrine,Patches/MegafaunaYield.xml,"/Defs/ThingDef[defName=""BMT_CaveSpider""]/statBases/MeatAmount"
Jawa Doctrine Patches,mandrake.jawa.doctrine,Patches/MegafaunaYield.xml,"/Defs/ThingDef[defName=""BMT_CaveSpider""]/statBases/MeatAmount"
Jawa Doctrine Patches,mandrake.jawa.doctrine,Patches/MegafaunaYield.xml,"/Defs/ThingDef[defName=""BMT_CaveSpider""]/statBases"
Jawa Doctrine Patches,mandrake.jawa.doctrine,Patches/MegafaunaYield.xml,"/Defs/ThingDef[defName=""BMT_CrystalBeetle""]/statBases/MeatAmount"
Jawa Doctrine Patches,mandrake.jawa.doctrine,Patches/MegafaunaYield.xml,"/Defs/ThingDef[defName=""BMT_CrystalBeetle""]/statBases/MeatAmount"
Jawa Doctrine Patches,mandrake.jawa.doctrine,Patches/MegafaunaYield.xml,"/Defs/ThingDef[defName=""BMT_CrystalBeetle""]/statBases"
Jawa Doctrine Patches,mandrake.jawa.doctrine,Patches/MegafaunaYield.xml,"/Defs/ThingDef[defName=""BMT_CrystalBeetle""]/statBases/BoneAmount"
Jawa Doctrine Patches,mandrake.jawa.doctrine,Patches/MegafaunaYield.xml,"/Defs/ThingDef[defName=""BMT_CrystalBeetle""]/statBases/BoneAmount"
Jawa Doctrine Patches,mandrake.jawa.doctrine,Patches/MegafaunaYield.xml,"/Defs/ThingDef[defName=""BMT_CrystalBeetle""]/statBases"
Jawa Doctrine Patches,mandrake.jawa.doctrine,Patches/MegafaunaYield.xml,"/Defs/ThingDef[defName=""BMT_CrystalCrab""]/statBases/MeatAmount"
Jawa Doctrine Patches,mandrake.jawa.doctrine,Patches/MegafaunaYield.xml,"/Defs/ThingDef[defName=""BMT_CrystalCrab""]/statBases/MeatAmount"
Jawa Doctrine Patches,mandrake.jawa.doctrine,Patches/MegafaunaYield.xml,"/Defs/ThingDef[defName=""BMT_CrystalCrab""]/statBases"
Jawa Doctrine Patches,mandrake.jawa.doctrine,Patches/MegafaunaYield.xml,"/Defs/ThingDef[defName=""BMT_CrystalCrab""]/statBases/BoneAmount"
Jawa Doctrine Patches,mandrake.jawa.doctrine,Patches/MegafaunaYield.xml,"/Defs/ThingDef[defName=""BMT_CrystalCrab""]/statBases/BoneAmount"
Jawa Doctrine Patches,mandrake.jawa.doctrine,Patches/MegafaunaYield.xml,"/Defs/ThingDef[defName=""BMT_CrystalCrab""]/statBases"
Jawa Doctrine Patches,mandrake.jawa.doctrine,Patches/MegafaunaYield.xml,"/Defs/ThingDef[defName=""BMT_CrystalMantis""]/statBases/MeatAmount"
Jawa Doctrine Patches,mandrake.jawa.doctrine,Patches/MegafaunaYield.xml,"/Defs/ThingDef[defName=""BMT_CrystalMantis""]/statBases/MeatAmount"
Jawa Doctrine Patches,mandrake.jawa.doctrine,Patches/MegafaunaYield.xml,"/Defs/ThingDef[defName=""BMT_CrystalMantis""]/statBases"
Jawa Doctrine Patches,mandrake.jawa.doctrine,Patches/MegafaunaYield.xml,"/Defs/ThingDef[defName=""BMT_Crystalope""]/statBases/MeatAmount"
Jawa Doctrine Patches,mandrake.jawa.doctrine,Patches/MegafaunaYield.xml,"/Defs/ThingDef[defName=""BMT_Crystalope""]/statBases/MeatAmount"
Jawa Doctrine Patches,mandrake.jawa.doctrine,Patches/MegafaunaYield.xml,"/Defs/ThingDef[defName=""BMT_Crystalope""]/statBases"
Jawa Doctrine Patches,mandrake.jawa.doctrine,Patches/MegafaunaYield.xml,"/Defs/ThingDef[defName=""BMT_Crystalope""]/statBases/BoneAmount"
Jawa Doctrine Patches,mandrake.jawa.doctrine,Patches/MegafaunaYield.xml,"/Defs/ThingDef[defName=""BMT_Crystalope""]/statBases/BoneAmount"
Jawa Doctrine Patches,mandrake.jawa.doctrine,Patches/MegafaunaYield.xml,"/Defs/ThingDef[defName=""BMT_Crystalope""]/statBases"
Jawa Doctrine Patches,mandrake.jawa.doctrine,Patches/MegafaunaYield.xml,"/Defs/ThingDef[defName=""BMT_Diggerpede""]/statBases/MeatAmount"
Jawa Doctrine Patches,mandrake.jawa.doctrine,Patches/MegafaunaYield.xml,"/Defs/ThingDef[defName=""BMT_Diggerpede""]/statBases/MeatAmount"
Jawa Doctrine Patches,mandrake.jawa.doctrine,Patches/MegafaunaYield.xml,"/Defs/ThingDef[defName=""BMT_Diggerpede""]/statBases"
Jawa Doctrine Patches,mandrake.jawa.doctrine,Patches/MegafaunaYield.xml,"/Defs/ThingDef[defName=""BMT_Diggerpede""]/statBases/BoneAmount"
Jawa Doctrine Patches,mandrake.jawa.doctrine,Patches/MegafaunaYield.xml,"/Defs/ThingDef[defName=""BMT_Diggerpede""]/statBases/BoneAmount"
Jawa Doctrine Patches,mandrake.jawa.doctrine,Patches/MegafaunaYield.xml,"/Defs/ThingDef[defName=""BMT_Diggerpede""]/statBases"
Jawa Doctrine Patches,mandrake.jawa.doctrine,Patches/MegafaunaYield.xml,"/Defs/ThingDef[defName=""BMT_FireSalamander""]/statBases/MeatAmount"
Jawa Doctrine Patches,mandrake.jawa.doctrine,Patches/MegafaunaYield.xml,"/Defs/ThingDef[defName=""BMT_FireSalamander""]/statBases/MeatAmount"
Jawa Doctrine Patches,mandrake.jawa.doctrine,Patches/MegafaunaYield.xml,"/Defs/ThingDef[defName=""BMT_FireSalamander""]/statBases"
Jawa Doctrine Patches,mandrake.jawa.doctrine,Patches/MegafaunaYield.xml,"/Defs/ThingDef[defName=""BMT_FireSalamander""]/statBases/BoneAmount"
Jawa Doctrine Patches,mandrake.jawa.doctrine,Patches/MegafaunaYield.xml,"/Defs/ThingDef[defName=""BMT_FireSalamander""]/statBases/BoneAmount"
Jawa Doctrine Patches,mandrake.jawa.doctrine,Patches/MegafaunaYield.xml,"/Defs/ThingDef[defName=""BMT_FireSalamander""]/statBases"
Jawa Doctrine Patches,mandrake.jawa.doctrine,Patches/MegafaunaYield.xml,"/Defs/ThingDef[defName=""BMT_FoundryBeetleLarvae""]/statBases/MeatAmount"
Jawa Doctrine Patches,mandrake.jawa.doctrine,Patches/MegafaunaYield.xml,"/Defs/ThingDef[defName=""BMT_FoundryBeetleLarvae""]/statBases/MeatAmount"
Jawa Doctrine Patches,mandrake.jawa.doctrine,Patches/MegafaunaYield.xml,"/Defs/ThingDef[defName=""BMT_FoundryBeetleLarvae""]/statBases"
Jawa Doctrine Patches,mandrake.jawa.doctrine,Patches/MegafaunaYield.xml,"/Defs/ThingDef[defName=""BMT_FoundryBeetleLarvae""]/statBases/BoneAmount"
Jawa Doctrine Patches,mandrake.jawa.doctrine,Patches/MegafaunaYield.xml,"/Defs/ThingDef[defName=""BMT_FoundryBeetleLarvae""]/statBases/BoneAmount"
Jawa Doctrine Patches,mandrake.jawa.doctrine,Patches/MegafaunaYield.xml,"/Defs/ThingDef[defName=""BMT_FoundryBeetleLarvae""]/statBases"
Jawa Doctrine Patches,mandrake.jawa.doctrine,Patches/MegafaunaYield.xml,"/Defs/ThingDef[defName=""BMT_FoundryBeetle""]/statBases/MeatAmount"
Jawa Doctrine Patches,mandrake.jawa.doctrine,Patches/MegafaunaYield.xml,"/Defs/ThingDef[defName=""BMT_FoundryBeetle""]/statBases/MeatAmount"
Jawa Doctrine Patches,mandrake.jawa.doctrine,Patches/MegafaunaYield.xml,"/Defs/ThingDef[defName=""BMT_FoundryBeetle""]/statBases"
Jawa Doctrine Patches,mandrake.jawa.doctrine,Patches/MegafaunaYield.xml,"/Defs/ThingDef[defName=""BMT_FrostweaverSpider""]/statBases/MeatAmount"
Jawa Doctrine Patches,mandrake.jawa.doctrine,Patches/MegafaunaYield.xml,"/Defs/ThingDef[defName=""BMT_FrostweaverSpider""]/statBases/MeatAmount"
Jawa Doctrine Patches,mandrake.jawa.doctrine,Patches/MegafaunaYield.xml,"/Defs/ThingDef[defName=""BMT_FrostweaverSpider""]/statBases"
Jawa Doctrine Patches,mandrake.jawa.doctrine,Patches/MegafaunaYield.xml,"/Defs/ThingDef[defName=""BMT_FungalMantis""]/statBases/MeatAmount"
Jawa Doctrine Patches,mandrake.jawa.doctrine,Patches/MegafaunaYield.xml,"/Defs/ThingDef[defName=""BMT_FungalMantis""]/statBases/MeatAmount"
Jawa Doctrine Patches,mandrake.jawa.doctrine,Patches/MegafaunaYield.xml,"/Defs/ThingDef[defName=""BMT_FungalMantis""]/statBases"
Jawa Doctrine Patches,mandrake.jawa.doctrine,Patches/MegafaunaYield.xml,"/Defs/ThingDef[defName=""BMT_GiantSlug""]/statBases/MeatAmount"
Jawa Doctrine Patches,mandrake.jawa.doctrine,Patches/MegafaunaYield.xml,"/Defs/ThingDef[defName=""BMT_GiantSlug""]/statBases/MeatAmount"
Jawa Doctrine Patches,mandrake.jawa.doctrine,Patches/MegafaunaYield.xml,"/Defs/ThingDef[defName=""BMT_GiantSlug""]/statBases"
Jawa Doctrine Patches,mandrake.jawa.doctrine,Patches/MegafaunaYield.xml,"/Defs/ThingDef[defName=""BMT_GiantSlug""]/statBases/BoneAmount"
Jawa Doctrine Patches,mandrake.jawa.doctrine,Patches/MegafaunaYield.xml,"/Defs/ThingDef[defName=""BMT_GiantSlug""]/statBases/BoneAmount"
Jawa Doctrine Patches,mandrake.jawa.doctrine,Patches/MegafaunaYield.xml,"/Defs/ThingDef[defName=""BMT_GiantSlug""]/statBases"
Jawa Doctrine Patches,mandrake.jawa.doctrine,Patches/MegafaunaYield.xml,"/Defs/ThingDef[defName=""BMT_GiantSnail""]/statBases/MeatAmount"
Jawa Doctrine Patches,mandrake.jawa.doctrine,Patches/MegafaunaYield.xml,"/Defs/ThingDef[defName=""BMT_GiantSnail""]/statBases/MeatAmount"
Jawa Doctrine Patches,mandrake.jawa.doctrine,Patches/MegafaunaYield.xml,"/Defs/ThingDef[defName=""BMT_GiantSnail""]/statBases"
Jawa Doctrine Patches,mandrake.jawa.doctrine,Patches/MegafaunaYield.xml,"/Defs/ThingDef[defName=""BMT_GiantSnail""]/statBases/BoneAmount"
Jawa Doctrine Patches,mandrake.jawa.doctrine,Patches/MegafaunaYield.xml,"/Defs/ThingDef[defName=""BMT_GiantSnail""]/statBases/BoneAmount"
Jawa Doctrine Patches,mandrake.jawa.doctrine,Patches/MegafaunaYield.xml,"/Defs/ThingDef[defName=""BMT_GiantSnail""]/statBases"
Jawa Doctrine Patches,mandrake.jawa.doctrine,Patches/MegafaunaYield.xml,"/Defs/ThingDef[defName=""BMT_HoarfrostMastodon""]/statBases/MeatAmount"
Jawa Doctrine Patches,mandrake.jawa.doctrine,Patches/MegafaunaYield.xml,"/Defs/ThingDef[defName=""BMT_HoarfrostMastodon""]/statBases/MeatAmount"
Jawa Doctrine Patches,mandrake.jawa.doctrine,Patches/MegafaunaYield.xml,"/Defs/ThingDef[defName=""BMT_HoarfrostMastodon""]/statBases"
Jawa Doctrine Patches,mandrake.jawa.doctrine,Patches/MegafaunaYield.xml,"/Defs/ThingDef[defName=""BMT_HoarfrostMastodon""]/statBases/BoneAmount"
Jawa Doctrine Patches,mandrake.jawa.doctrine,Patches/MegafaunaYield.xml,"/Defs/ThingDef[defName=""BMT_HoarfrostMastodon""]/statBases/BoneAmount"
Jawa Doctrine Patches,mandrake.jawa.doctrine,Patches/MegafaunaYield.xml,"/Defs/ThingDef[defName=""BMT_HoarfrostMastodon""]/statBases"
Jawa Doctrine Patches,mandrake.jawa.doctrine,Patches/MegafaunaYield.xml,"/Defs/ThingDef[defName=""BMT_HungeringHydra""]/statBases/MeatAmount"
Jawa Doctrine Patches,mandrake.jawa.doctrine,Patches/MegafaunaYield.xml,"/Defs/ThingDef[defName=""BMT_HungeringHydra""]/statBases/MeatAmount"
Jawa Doctrine Patches,mandrake.jawa.doctrine,Patches/MegafaunaYield.xml,"/Defs/ThingDef[defName=""BMT_HungeringHydra""]/statBases"
Jawa Doctrine Patches,mandrake.jawa.doctrine,Patches/MegafaunaYield.xml,"/Defs/ThingDef[defName=""BMT_HungeringHydra""]/statBases/BoneAmount"
Jawa Doctrine Patches,mandrake.jawa.doctrine,Patches/MegafaunaYield.xml,"/Defs/ThingDef[defName=""BMT_HungeringHydra""]/statBases/BoneAmount"
Jawa Doctrine Patches,mandrake.jawa.doctrine,Patches/MegafaunaYield.xml,"/Defs/ThingDef[defName=""BMT_HungeringHydra""]/statBases"
Jawa Doctrine Patches,mandrake.jawa.doctrine,Patches/MegafaunaYield.xml,"/Defs/ThingDef[defName=""BMT_JewelBeetle""]/statBases/MeatAmount"
Jawa Doctrine Patches,mandrake.jawa.doctrine,Patches/MegafaunaYield.xml,"/Defs/ThingDef[defName=""BMT_JewelBeetle""]/statBases/MeatAmount"
Jawa Doctrine Patches,mandrake.jawa.doctrine,Patches/MegafaunaYield.xml,"/Defs/ThingDef[defName=""BMT_JewelBeetle""]/statBases"
Jawa Doctrine Patches,mandrake.jawa.doctrine,Patches/MegafaunaYield.xml,"/Defs/ThingDef[defName=""BMT_JewelBeetle""]/statBases/BoneAmount"
Jawa Doctrine Patches,mandrake.jawa.doctrine,Patches/MegafaunaYield.xml,"/Defs/ThingDef[defName=""BMT_JewelBeetle""]/statBases/BoneAmount"
Jawa Doctrine Patches,mandrake.jawa.doctrine,Patches/MegafaunaYield.xml,"/Defs/ThingDef[defName=""BMT_JewelBeetle""]/statBases"
Jawa Doctrine Patches,mandrake.jawa.doctrine,Patches/MegafaunaYield.xml,"/Defs/ThingDef[defName=""BMT_MaceDrake""]/statBases/MeatAmount"
Jawa Doctrine Patches,mandrake.jawa.doctrine,Patches/MegafaunaYield.xml,"/Defs/ThingDef[defName=""BMT_MaceDrake""]/statBases/MeatAmount"
Jawa Doctrine Patches,mandrake.jawa.doctrine,Patches/MegafaunaYield.xml,"/Defs/ThingDef[defName=""BMT_MaceDrake""]/statBases"
Jawa Doctrine Patches,mandrake.jawa.doctrine,Patches/MegafaunaYield.xml,"/Defs/ThingDef[defName=""BMT_MaceDrake""]/statBases/BoneAmount"
Jawa Doctrine Patches,mandrake.jawa.doctrine,Patches/MegafaunaYield.xml,"/Defs/ThingDef[defName=""BMT_MaceDrake""]/statBases/BoneAmount"
Jawa Doctrine Patches,mandrake.jawa.doctrine,Patches/MegafaunaYield.xml,"/Defs/ThingDef[defName=""BMT_MaceDrake""]/statBases"
Jawa Doctrine Patches,mandrake.jawa.doctrine,Patches/MegafaunaYield.xml,"/Defs/ThingDef[defName=""BMT_Maguana""]/statBases/MeatAmount"
Jawa Doctrine Patches,mandrake.jawa.doctrine,Patches/MegafaunaYield.xml,"/Defs/ThingDef[defName=""BMT_Maguana""]/statBases/MeatAmount"
Jawa Doctrine Patches,mandrake.jawa.doctrine,Patches/MegafaunaYield.xml,"/Defs/ThingDef[defName=""BMT_Maguana""]/statBases"
Jawa Doctrine Patches,mandrake.jawa.doctrine,Patches/MegafaunaYield.xml,"/Defs/ThingDef[defName=""BMT_Maguana""]/statBases/BoneAmount"
Jawa Doctrine Patches,mandrake.jawa.doctrine,Patches/MegafaunaYield.xml,"/Defs/ThingDef[defName=""BMT_Maguana""]/statBases/BoneAmount"
Jawa Doctrine Patches,mandrake.jawa.doctrine,Patches/MegafaunaYield.xml,"/Defs/ThingDef[defName=""BMT_Maguana""]/statBases"
Jawa Doctrine Patches,mandrake.jawa.doctrine,Patches/MegafaunaYield.xml,"/Defs/ThingDef[defName=""BMT_Megabat""]/statBases/MeatAmount"
Jawa Doctrine Patches,mandrake.jawa.doctrine,Patches/MegafaunaYield.xml,"/Defs/ThingDef[defName=""BMT_Megabat""]/statBases/MeatAmount"
Jawa Doctrine Patches,mandrake.jawa.doctrine,Patches/MegafaunaYield.xml,"/Defs/ThingDef[defName=""BMT_Megabat""]/statBases"
Jawa Doctrine Patches,mandrake.jawa.doctrine,Patches/MegafaunaYield.xml,"/Defs/ThingDef[defName=""BMT_Megabat""]/statBases/BoneAmount"
Jawa Doctrine Patches,mandrake.jawa.doctrine,Patches/MegafaunaYield.xml,"/Defs/ThingDef[defName=""BMT_Megabat""]/statBases/BoneAmount"
Jawa Doctrine Patches,mandrake.jawa.doctrine,Patches/MegafaunaYield.xml,"/Defs/ThingDef[defName=""BMT_Megabat""]/statBases"
Jawa Doctrine Patches,mandrake.jawa.doctrine,Patches/MegafaunaYield.xml,"/Defs/ThingDef[defName=""BMT_Megapleura""]/statBases/MeatAmount"
Jawa Doctrine Patches,mandrake.jawa.doctrine,Patches/MegafaunaYield.xml,"/Defs/ThingDef[defName=""BMT_Megapleura""]/statBases/MeatAmount"
Jawa Doctrine Patches,mandrake.jawa.doctrine,Patches/MegafaunaYield.xml,"/Defs/ThingDef[defName=""BMT_Megapleura""]/statBases"
Jawa Doctrine Patches,mandrake.jawa.doctrine,Patches/MegafaunaYield.xml,"/Defs/ThingDef[defName=""BMT_Molebear""]/statBases/MeatAmount"
Jawa Doctrine Patches,mandrake.jawa.doctrine,Patches/MegafaunaYield.xml,"/Defs/ThingDef[defName=""BMT_Molebear""]/statBases/MeatAmount"
Jawa Doctrine Patches,mandrake.jawa.doctrine,Patches/MegafaunaYield.xml,"/Defs/ThingDef[defName=""BMT_Molebear""]/statBases"
Jawa Doctrine Patches,mandrake.jawa.doctrine,Patches/MegafaunaYield.xml,"/Defs/ThingDef[defName=""BMT_Molebear""]/statBases/BoneAmount"
Jawa Doctrine Patches,mandrake.jawa.doctrine,Patches/MegafaunaYield.xml,"/Defs/ThingDef[defName=""BMT_Molebear""]/statBases/BoneAmount"
Jawa Doctrine Patches,mandrake.jawa.doctrine,Patches/MegafaunaYield.xml,"/Defs/ThingDef[defName=""BMT_Molebear""]/statBases"
Jawa Doctrine Patches,mandrake.jawa.doctrine,Patches/MegafaunaYield.xml,"/Defs/ThingDef[defName=""BMT_PodWorm""]/statBases/MeatAmount"
Jawa Doctrine Patches,mandrake.jawa.doctrine,Patches/MegafaunaYield.xml,"/Defs/ThingDef[defName=""BMT_PodWorm""]/statBases/MeatAmount"
Jawa Doctrine Patches,mandrake.jawa.doctrine,Patches/MegafaunaYield.xml,"/Defs/ThingDef[defName=""BMT_PodWorm""]/statBases"
Jawa Doctrine Patches,mandrake.jawa.doctrine,Patches/MegafaunaYield.xml,"/Defs/ThingDef[defName=""BMT_Rimebeak""]/statBases/MeatAmount"
Jawa Doctrine Patches,mandrake.jawa.doctrine,Patches/MegafaunaYield.xml,"/Defs/ThingDef[defName=""BMT_Rimebeak""]/statBases/MeatAmount"
Jawa Doctrine Patches,mandrake.jawa.doctrine,Patches/MegafaunaYield.xml,"/Defs/ThingDef[defName=""BMT_Rimebeak""]/statBases"
Jawa Doctrine Patches,mandrake.jawa.doctrine,Patches/MegafaunaYield.xml,"/Defs/ThingDef[defName=""BMT_Rimebeak""]/statBases/BoneAmount"
Jawa Doctrine Patches,mandrake.jawa.doctrine,Patches/MegafaunaYield.xml,"/Defs/ThingDef[defName=""BMT_Rimebeak""]/statBases/BoneAmount"
Jawa Doctrine Patches,mandrake.jawa.doctrine,Patches/MegafaunaYield.xml,"/Defs/ThingDef[defName=""BMT_Rimebeak""]/statBases"
Jawa Doctrine Patches,mandrake.jawa.doctrine,Patches/MegafaunaYield.xml,"/Defs/ThingDef[defName=""BMT_RoyalRhino""]/statBases/MeatAmount"
Jawa Doctrine Patches,mandrake.jawa.doctrine,Patches/MegafaunaYield.xml,"/Defs/ThingDef[defName=""BMT_RoyalRhino""]/statBases/MeatAmount"
Jawa Doctrine Patches,mandrake.jawa.doctrine,Patches/MegafaunaYield.xml,"/Defs/ThingDef[defName=""BMT_RoyalRhino""]/statBases"
Jawa Doctrine Patches,mandrake.jawa.doctrine,Patches/MegafaunaYield.xml,"/Defs/ThingDef[defName=""BMT_RoyalRhino""]/statBases/BoneAmount"
Jawa Doctrine Patches,mandrake.jawa.doctrine,Patches/MegafaunaYield.xml,"/Defs/ThingDef[defName=""BMT_RoyalRhino""]/statBases/BoneAmount"
Jawa Doctrine Patches,mandrake.jawa.doctrine,Patches/MegafaunaYield.xml,"/Defs/ThingDef[defName=""BMT_RoyalRhino""]/statBases"
Jawa Doctrine Patches,mandrake.jawa.doctrine,Patches/MegafaunaYield.xml,"/Defs/ThingDef[defName=""BMT_SmolderstingScorpion""]/statBases/MeatAmount"
Jawa Doctrine Patches,mandrake.jawa.doctrine,Patches/MegafaunaYield.xml,"/Defs/ThingDef[defName=""BMT_SmolderstingScorpion""]/statBases/MeatAmount"
Jawa Doctrine Patches,mandrake.jawa.doctrine,Patches/MegafaunaYield.xml,"/Defs/ThingDef[defName=""BMT_SmolderstingScorpion""]/statBases"
Jawa Doctrine Patches,mandrake.jawa.doctrine,Patches/MegafaunaYield.xml,"/Defs/ThingDef[defName=""BMT_Thrumbungus""]/statBases/BoneAmount"
Jawa Doctrine Patches,mandrake.jawa.doctrine,Patches/MegafaunaYield.xml,"/Defs/ThingDef[defName=""BMT_Thrumbungus""]/statBases/BoneAmount"
Jawa Doctrine Patches,mandrake.jawa.doctrine,Patches/MegafaunaYield.xml,"/Defs/ThingDef[defName=""BMT_Thrumbungus""]/statBases"
Jawa Doctrine Patches,mandrake.jawa.doctrine,Patches/MegafaunaYield.xml,"/Defs/ThingDef[defName=""BMT_Woollybat""]/statBases/MeatAmount"
Jawa Doctrine Patches,mandrake.jawa.doctrine,Patches/MegafaunaYield.xml,"/Defs/ThingDef[defName=""BMT_Woollybat""]/statBases/MeatAmount"
Jawa Doctrine Patches,mandrake.jawa.doctrine,Patches/MegafaunaYield.xml,"/Defs/ThingDef[defName=""BMT_Woollybat""]/statBases"
Jawa Doctrine Patches,mandrake.jawa.doctrine,Patches/MegafaunaYield.xml,"/Defs/ThingDef[defName=""BMT_Woollybat""]/statBases/BoneAmount"
Jawa Doctrine Patches,mandrake.jawa.doctrine,Patches/MegafaunaYield.xml,"/Defs/ThingDef[defName=""BMT_Woollybat""]/statBases/BoneAmount"
Jawa Doctrine Patches,mandrake.jawa.doctrine,Patches/MegafaunaYield.xml,"/Defs/ThingDef[defName=""BMT_Woollybat""]/statBases"
Jawa Doctrine Patches,mandrake.jawa.doctrine,Patches/MegafaunaYield.xml,"/Defs/ThingDef[defName=""BMT_Yooka""]/statBases/MeatAmount"
Jawa Doctrine Patches,mandrake.jawa.doctrine,Patches/MegafaunaYield.xml,"/Defs/ThingDef[defName=""BMT_Yooka""]/statBases/MeatAmount"
Jawa Doctrine Patches,mandrake.jawa.doctrine,Patches/MegafaunaYield.xml,"/Defs/ThingDef[defName=""BMT_Yooka""]/statBases"
Jawa Doctrine Patches,mandrake.jawa.doctrine,Patches/MegafaunaYield.xml,"/Defs/ThingDef[defName=""BMT_Yooka""]/statBases/BoneAmount"
Jawa Doctrine Patches,mandrake.jawa.doctrine,Patches/MegafaunaYield.xml,"/Defs/ThingDef[defName=""BMT_Yooka""]/statBases/BoneAmount"
Jawa Doctrine Patches,mandrake.jawa.doctrine,Patches/MegafaunaYield.xml,"/Defs/ThingDef[defName=""BMT_Yooka""]/statBases"
Jawa Doctrine Patches,mandrake.jawa.doctrine,Patches/MegafaunaYield.xml,"/Defs/ThingDef[defName=""BMT_CaveSpider""]/comps/li[woolAmount]/woolAmount"
Jawa Doctrine Patches,mandrake.jawa.doctrine,Patches/MegafaunaYield.xml,"/Defs/ThingDef[defName=""BMT_Woollybat""]/comps/li[woolAmount]/woolAmount"
Jawa Doctrine Patches,mandrake.jawa.doctrine,Patches/MegafaunaYield.xml,"/Defs/ThingDef[defName=""BMT_BeardedYak""]/comps/li[milkAmount]/milkAmount"
Jawa Doctrine Patches,mandrake.jawa.doctrine,Patches/MegafaunaYield.xml,"/Defs/ThingDef[defName=""BMT_BovineBeetle""]/comps/li[milkAmount]/milkAmount"
Jawa Doctrine Patches,mandrake.jawa.doctrine,Patches/MegafaunaYield.xml,"/Defs/ThingDef[defName=""BMT_Crystalope""]/comps/li[milkAmount]/milkAmount"
Jawa Doctrine Patches,mandrake.jawa.doctrine,Patches/MegafaunaYield.xml,"/Defs/ThingDef[defName=""BMT_PodWorm""]/comps/li[milkAmount]/milkAmount"
Jawa Doctrine Patches,mandrake.jawa.doctrine,Patches/MegafaunaYield.xml,"/Defs/ThingDef[defName=""BMT_Yooka""]/comps/li[milkAmount]/milkAmount"
Jawa Doctrine Patches,mandrake.jawa.doctrine,Patches/MegafaunaYield.xml,"/Defs/ThingDef[defName=""BMT_Maxolotl""]/statBases/MeatAmount"
Jawa Doctrine Patches,mandrake.jawa.doctrine,Patches/MegafaunaYield.xml,"/Defs/ThingDef[defName=""BMT_Maxolotl""]/statBases/MeatAmount"
Jawa Doctrine Patches,mandrake.jawa.doctrine,Patches/MegafaunaYield.xml,"/Defs/ThingDef[defName=""BMT_Maxolotl""]/statBases"
Jawa Doctrine Patches,mandrake.jawa.doctrine,Patches/MegafaunaYield.xml,"/Defs/ThingDef[defName=""BMT_Maxolotl""]/statBases/BoneAmount"
Jawa Doctrine Patches,mandrake.jawa.doctrine,Patches/MegafaunaYield.xml,"/Defs/ThingDef[defName=""BMT_Maxolotl""]/statBases/BoneAmount"
Jawa Doctrine Patches,mandrake.jawa.doctrine,Patches/MegafaunaYield.xml,"/Defs/ThingDef[defName=""BMT_Maxolotl""]/statBases"
Jawa Doctrine Patches,mandrake.jawa.doctrine,Patches/MegafaunaYield.xml,"/Defs/ThingDef[defName=""BMT_BarbedPangolin""]/statBases/MeatAmount"
Jawa Doctrine Patches,mandrake.jawa.doctrine,Patches/MegafaunaYield.xml,"/Defs/ThingDef[defName=""BMT_BarbedPangolin""]/statBases/MeatAmount"
Jawa Doctrine Patches,mandrake.jawa.doctrine,Patches/MegafaunaYield.xml,"/Defs/ThingDef[defName=""BMT_BarbedPangolin""]/statBases"
Jawa Doctrine Patches,mandrake.jawa.doctrine,Patches/MegafaunaYield.xml,"/Defs/ThingDef[defName=""BMT_BarbedPangolin""]/statBases/BoneAmount"
Jawa Doctrine Patches,mandrake.jawa.doctrine,Patches/MegafaunaYield.xml,"/Defs/ThingDef[defName=""BMT_BarbedPangolin""]/statBases/BoneAmount"
Jawa Doctrine Patches,mandrake.jawa.doctrine,Patches/MegafaunaYield.xml,"/Defs/ThingDef[defName=""BMT_BarbedPangolin""]/statBases"
Jawa Doctrine Patches,mandrake.jawa.doctrine,Patches/MegafaunaYield.xml,"/Defs/ThingDef[defName=""BMT_BiliousVarog""]/statBases/MeatAmount"
Jawa Doctrine Patches,mandrake.jawa.doctrine,Patches/MegafaunaYield.xml,"/Defs/ThingDef[defName=""BMT_BiliousVarog""]/statBases/MeatAmount"
Jawa Doctrine Patches,mandrake.jawa.doctrine,Patches/MegafaunaYield.xml,"/Defs/ThingDef[defName=""BMT_BiliousVarog""]/statBases"
Jawa Doctrine Patches,mandrake.jawa.doctrine,Patches/MegafaunaYield.xml,"/Defs/ThingDef[defName=""BMT_BiliousVarog""]/statBases/BoneAmount"
Jawa Doctrine Patches,mandrake.jawa.doctrine,Patches/MegafaunaYield.xml,"/Defs/ThingDef[defName=""BMT_BiliousVarog""]/statBases/BoneAmount"
Jawa Doctrine Patches,mandrake.jawa.doctrine,Patches/MegafaunaYield.xml,"/Defs/ThingDef[defName=""BMT_BiliousVarog""]/statBases"
Jawa Doctrine Patches,mandrake.jawa.doctrine,Patches/MegafaunaYield.xml,"/Defs/ThingDef[defName=""BMT_BunkerBug""]/statBases/MeatAmount"
Jawa Doctrine Patches,mandrake.jawa.doctrine,Patches/MegafaunaYield.xml,"/Defs/ThingDef[defName=""BMT_BunkerBug""]/statBases/MeatAmount"
Jawa Doctrine Patches,mandrake.jawa.doctrine,Patches/MegafaunaYield.xml,"/Defs/ThingDef[defName=""BMT_BunkerBug""]/statBases"
Jawa Doctrine Patches,mandrake.jawa.doctrine,Patches/MegafaunaYield.xml,"/Defs/ThingDef[defName=""BMT_FenridStoat""]/statBases/MeatAmount"
Jawa Doctrine Patches,mandrake.jawa.doctrine,Patches/MegafaunaYield.xml,"/Defs/ThingDef[defName=""BMT_FenridStoat""]/statBases/MeatAmount"
Jawa Doctrine Patches,mandrake.jawa.doctrine,Patches/MegafaunaYield.xml,"/Defs/ThingDef[defName=""BMT_FenridStoat""]/statBases"
Jawa Doctrine Patches,mandrake.jawa.doctrine,Patches/MegafaunaYield.xml,"/Defs/ThingDef[defName=""BMT_FenridStoat""]/statBases/BoneAmount"
Jawa Doctrine Patches,mandrake.jawa.doctrine,Patches/MegafaunaYield.xml,"/Defs/ThingDef[defName=""BMT_FenridStoat""]/statBases/BoneAmount"
Jawa Doctrine Patches,mandrake.jawa.doctrine,Patches/MegafaunaYield.xml,"/Defs/ThingDef[defName=""BMT_FenridStoat""]/statBases"
Jawa Doctrine Patches,mandrake.jawa.doctrine,Patches/MegafaunaYield.xml,"/Defs/ThingDef[defName=""BMT_MutatingTumorfishAdult""]/statBases/MeatAmount"
Jawa Doctrine Patches,mandrake.jawa.doctrine,Patches/MegafaunaYield.xml,"/Defs/ThingDef[defName=""BMT_MutatingTumorfishAdult""]/statBases/MeatAmount"
Jawa Doctrine Patches,mandrake.jawa.doctrine,Patches/MegafaunaYield.xml,"/Defs/ThingDef[defName=""BMT_MutatingTumorfishAdult""]/statBases"
Jawa Doctrine Patches,mandrake.jawa.doctrine,Patches/MegafaunaYield.xml,"/Defs/ThingDef[defName=""BMT_MutatingTumorfishAdult""]/statBases/BoneAmount"
Jawa Doctrine Patches,mandrake.jawa.doctrine,Patches/MegafaunaYield.xml,"/Defs/ThingDef[defName=""BMT_MutatingTumorfishAdult""]/statBases/BoneAmount"
Jawa Doctrine Patches,mandrake.jawa.doctrine,Patches/MegafaunaYield.xml,"/Defs/ThingDef[defName=""BMT_MutatingTumorfishAdult""]/statBases"
Jawa Doctrine Patches,mandrake.jawa.doctrine,Patches/MegafaunaYield.xml,"/Defs/ThingDef[defName=""BMT_Sacapillar""]/statBases/MeatAmount"
Jawa Doctrine Patches,mandrake.jawa.doctrine,Patches/MegafaunaYield.xml,"/Defs/ThingDef[defName=""BMT_Sacapillar""]/statBases/MeatAmount"
Jawa Doctrine Patches,mandrake.jawa.doctrine,Patches/MegafaunaYield.xml,"/Defs/ThingDef[defName=""BMT_Sacapillar""]/statBases"
Jawa Doctrine Patches,mandrake.jawa.doctrine,Patches/MegafaunaYield.xml,"/Defs/ThingDef[defName=""BMT_SludgeCrawler""]/statBases/MeatAmount"
Jawa Doctrine Patches,mandrake.jawa.doctrine,Patches/MegafaunaYield.xml,"/Defs/ThingDef[defName=""BMT_SludgeCrawler""]/statBases/MeatAmount"
Jawa Doctrine Patches,mandrake.jawa.doctrine,Patches/MegafaunaYield.xml,"/Defs/ThingDef[defName=""BMT_SludgeCrawler""]/statBases"
Jawa Doctrine Patches,mandrake.jawa.doctrine,Patches/MegafaunaYield.xml,"/Defs/ThingDef[defName=""BMT_SludgeCrawler""]/statBases/BoneAmount"
Jawa Doctrine Patches,mandrake.jawa.doctrine,Patches/MegafaunaYield.xml,"/Defs/ThingDef[defName=""BMT_SludgeCrawler""]/statBases/BoneAmount"
Jawa Doctrine Patches,mandrake.jawa.doctrine,Patches/MegafaunaYield.xml,"/Defs/ThingDef[defName=""BMT_SludgeCrawler""]/statBases"
Jawa Doctrine Patches,mandrake.jawa.doctrine,Patches/MegafaunaYield.xml,"/Defs/ThingDef[defName=""BMT_TripleSnapper""]/statBases/MeatAmount"
Jawa Doctrine Patches,mandrake.jawa.doctrine,Patches/MegafaunaYield.xml,"/Defs/ThingDef[defName=""BMT_TripleSnapper""]/statBases/MeatAmount"
Jawa Doctrine Patches,mandrake.jawa.doctrine,Patches/MegafaunaYield.xml,"/Defs/ThingDef[defName=""BMT_TripleSnapper""]/statBases"
Jawa Doctrine Patches,mandrake.jawa.doctrine,Patches/MegafaunaYield.xml,"/Defs/ThingDef[defName=""BMT_TripleSnapper""]/statBases/BoneAmount"
Jawa Doctrine Patches,mandrake.jawa.doctrine,Patches/MegafaunaYield.xml,"/Defs/ThingDef[defName=""BMT_TripleSnapper""]/statBases/BoneAmount"
Jawa Doctrine Patches,mandrake.jawa.doctrine,Patches/MegafaunaYield.xml,"/Defs/ThingDef[defName=""BMT_TripleSnapper""]/statBases"
Jawa Doctrine Patches,mandrake.jawa.doctrine,Patches/MegafaunaYield.xml,"/Defs/ThingDef[defName=""BMT_SludgeCrawler""]/comps/li[milkAmount]/milkAmount"
Jawa Doctrine Patches,mandrake.jawa.doctrine,Patches/MegafaunaYield.xml,"/Defs/ThingDef[defName=""Toxalope""]/statBases/MeatAmount"
Jawa Doctrine Patches,mandrake.jawa.doctrine,Patches/MegafaunaYield.xml,"/Defs/ThingDef[defName=""Toxalope""]/statBases/MeatAmount"
Jawa Doctrine Patches,mandrake.jawa.doctrine,Patches/MegafaunaYield.xml,"/Defs/ThingDef[defName=""Toxalope""]/statBases"
Jawa Doctrine Patches,mandrake.jawa.doctrine,Patches/MegafaunaYield.xml,"/Defs/ThingDef[defName=""Toxalope""]/statBases/BoneAmount"
Jawa Doctrine Patches,mandrake.jawa.doctrine,Patches/MegafaunaYield.xml,"/Defs/ThingDef[defName=""Toxalope""]/statBases/BoneAmount"
Jawa Doctrine Patches,mandrake.jawa.doctrine,Patches/MegafaunaYield.xml,"/Defs/ThingDef[defName=""Toxalope""]/statBases"
Jawa Doctrine Patches,mandrake.jawa.doctrine,Patches/MegafaunaYield.xml,"/Defs/ThingDef[defName=""JOE_Cephalope""]/statBases/MeatAmount"
Jawa Doctrine Patches,mandrake.jawa.doctrine,Patches/MegafaunaYield.xml,"/Defs/ThingDef[defName=""JOE_Cephalope""]/statBases/MeatAmount"
Jawa Doctrine Patches,mandrake.jawa.doctrine,Patches/MegafaunaYield.xml,"/Defs/ThingDef[defName=""JOE_Cephalope""]/statBases"
Jawa Doctrine Patches,mandrake.jawa.doctrine,Patches/MegafaunaYield.xml,"/Defs/ThingDef[defName=""JOE_Cephalope""]/statBases/BoneAmount"
Jawa Doctrine Patches,mandrake.jawa.doctrine,Patches/MegafaunaYield.xml,"/Defs/ThingDef[defName=""JOE_Cephalope""]/statBases/BoneAmount"
Jawa Doctrine Patches,mandrake.jawa.doctrine,Patches/MegafaunaYield.xml,"/Defs/ThingDef[defName=""JOE_Cephalope""]/statBases"
Jawa Doctrine Patches,mandrake.jawa.doctrine,Patches/MegafaunaYield.xml,"/Defs/ThingDef[defName=""JOE_Nautilant""]/statBases/MeatAmount"
Jawa Doctrine Patches,mandrake.jawa.doctrine,Patches/MegafaunaYield.xml,"/Defs/ThingDef[defName=""JOE_Nautilant""]/statBases/MeatAmount"
Jawa Doctrine Patches,mandrake.jawa.doctrine,Patches/MegafaunaYield.xml,"/Defs/ThingDef[defName=""JOE_Nautilant""]/statBases"
Jawa Doctrine Patches,mandrake.jawa.doctrine,Patches/MegafaunaYield.xml,"/Defs/ThingDef[defName=""JOE_Nautilant""]/statBases/BoneAmount"
Jawa Doctrine Patches,mandrake.jawa.doctrine,Patches/MegafaunaYield.xml,"/Defs/ThingDef[defName=""JOE_Nautilant""]/statBases/BoneAmount"
Jawa Doctrine Patches,mandrake.jawa.doctrine,Patches/MegafaunaYield.xml,"/Defs/ThingDef[defName=""JOE_Nautilant""]/statBases"
Jawa Doctrine Patches,mandrake.jawa.doctrine,Patches/MegafaunaYield.xml,"/Defs/ThingDef[defName=""Bear_Grizzly""]/statBases/MeatAmount"
Jawa Doctrine Patches,mandrake.jawa.doctrine,Patches/MegafaunaYield.xml,"/Defs/ThingDef[defName=""Bear_Grizzly""]/statBases/MeatAmount"
Jawa Doctrine Patches,mandrake.jawa.doctrine,Patches/MegafaunaYield.xml,"/Defs/ThingDef[defName=""Bear_Grizzly""]/statBases"
Jawa Doctrine Patches,mandrake.jawa.doctrine,Patches/MegafaunaYield.xml,"/Defs/ThingDef[defName=""Bear_Grizzly""]/statBases/BoneAmount"
Jawa Doctrine Patches,mandrake.jawa.doctrine,Patches/MegafaunaYield.xml,"/Defs/ThingDef[defName=""Bear_Grizzly""]/statBases/BoneAmount"
Jawa Doctrine Patches,mandrake.jawa.doctrine,Patches/MegafaunaYield.xml,"/Defs/ThingDef[defName=""Bear_Grizzly""]/statBases"
Jawa Doctrine Patches,mandrake.jawa.doctrine,Patches/MegafaunaYield.xml,"/Defs/ThingDef[defName=""Bear_Polar""]/statBases/MeatAmount"
Jawa Doctrine Patches,mandrake.jawa.doctrine,Patches/MegafaunaYield.xml,"/Defs/ThingDef[defName=""Bear_Polar""]/statBases/MeatAmount"
Jawa Doctrine Patches,mandrake.jawa.doctrine,Patches/MegafaunaYield.xml,"/Defs/ThingDef[defName=""Bear_Polar""]/statBases"
Jawa Doctrine Patches,mandrake.jawa.doctrine,Patches/MegafaunaYield.xml,"/Defs/ThingDef[defName=""Bear_Polar""]/statBases/BoneAmount"
Jawa Doctrine Patches,mandrake.jawa.doctrine,Patches/MegafaunaYield.xml,"/Defs/ThingDef[defName=""Bear_Polar""]/statBases/BoneAmount"
Jawa Doctrine Patches,mandrake.jawa.doctrine,Patches/MegafaunaYield.xml,"/Defs/ThingDef[defName=""Bear_Polar""]/statBases"
Jawa Doctrine Patches,mandrake.jawa.doctrine,Patches/MegafaunaYield.xml,"/Defs/ThingDef[defName=""Cow""]/statBases/MeatAmount"
Jawa Doctrine Patches,mandrake.jawa.doctrine,Patches/MegafaunaYield.xml,"/Defs/ThingDef[defName=""Cow""]/statBases/MeatAmount"
Jawa Doctrine Patches,mandrake.jawa.doctrine,Patches/MegafaunaYield.xml,"/Defs/ThingDef[defName=""Cow""]/statBases"
Jawa Doctrine Patches,mandrake.jawa.doctrine,Patches/MegafaunaYield.xml,"/Defs/ThingDef[defName=""Cow""]/statBases/BoneAmount"
Jawa Doctrine Patches,mandrake.jawa.doctrine,Patches/MegafaunaYield.xml,"/Defs/ThingDef[defName=""Cow""]/statBases/BoneAmount"
Jawa Doctrine Patches,mandrake.jawa.doctrine,Patches/MegafaunaYield.xml,"/Defs/ThingDef[defName=""Cow""]/statBases"
Jawa Doctrine Patches,mandrake.jawa.doctrine,Patches/MegafaunaYield.xml,"/Defs/ThingDef[defName=""Boomalope""]/statBases/MeatAmount"
Jawa Doctrine Patches,mandrake.jawa.doctrine,Patches/MegafaunaYield.xml,"/Defs/ThingDef[defName=""Boomalope""]/statBases/MeatAmount"
Jawa Doctrine Patches,mandrake.jawa.doctrine,Patches/MegafaunaYield.xml,"/Defs/ThingDef[defName=""Boomalope""]/statBases"
Jawa Doctrine Patches,mandrake.jawa.doctrine,Patches/MegafaunaYield.xml,"/Defs/ThingDef[defName=""Boomalope""]/statBases/BoneAmount"
Jawa Doctrine Patches,mandrake.jawa.doctrine,Patches/MegafaunaYield.xml,"/Defs/ThingDef[defName=""Boomalope""]/statBases/BoneAmount"
Jawa Doctrine Patches,mandrake.jawa.doctrine,Patches/MegafaunaYield.xml,"/Defs/ThingDef[defName=""Boomalope""]/statBases"
Jawa Doctrine Patches,mandrake.jawa.doctrine,Patches/MegafaunaYield.xml,"/Defs/ThingDef[defName=""Muffalo""]/statBases/MeatAmount"
Jawa Doctrine Patches,mandrake.jawa.doctrine,Patches/MegafaunaYield.xml,"/Defs/ThingDef[defName=""Muffalo""]/statBases/MeatAmount"
Jawa Doctrine Patches,mandrake.jawa.doctrine,Patches/MegafaunaYield.xml,"/Defs/ThingDef[defName=""Muffalo""]/statBases"
Jawa Doctrine Patches,mandrake.jawa.doctrine,Patches/MegafaunaYield.xml,"/Defs/ThingDef[defName=""Muffalo""]/statBases/BoneAmount"
Jawa Doctrine Patches,mandrake.jawa.doctrine,Patches/MegafaunaYield.xml,"/Defs/ThingDef[defName=""Muffalo""]/statBases/BoneAmount"
Jawa Doctrine Patches,mandrake.jawa.doctrine,Patches/MegafaunaYield.xml,"/Defs/ThingDef[defName=""Muffalo""]/statBases"
Jawa Doctrine Patches,mandrake.jawa.doctrine,Patches/MegafaunaYield.xml,"/Defs/ThingDef[defName=""Bison""]/statBases/MeatAmount"
Jawa Doctrine Patches,mandrake.jawa.doctrine,Patches/MegafaunaYield.xml,"/Defs/ThingDef[defName=""Bison""]/statBases/MeatAmount"
Jawa Doctrine Patches,mandrake.jawa.doctrine,Patches/MegafaunaYield.xml,"/Defs/ThingDef[defName=""Bison""]/statBases"
Jawa Doctrine Patches,mandrake.jawa.doctrine,Patches/MegafaunaYield.xml,"/Defs/ThingDef[defName=""Bison""]/statBases/BoneAmount"
Jawa Doctrine Patches,mandrake.jawa.doctrine,Patches/MegafaunaYield.xml,"/Defs/ThingDef[defName=""Bison""]/statBases/BoneAmount"
Jawa Doctrine Patches,mandrake.jawa.doctrine,Patches/MegafaunaYield.xml,"/Defs/ThingDef[defName=""Bison""]/statBases"
Jawa Doctrine Patches,mandrake.jawa.doctrine,Patches/MegafaunaYield.xml,"/Defs/ThingDef[defName=""Dromedary""]/statBases/MeatAmount"
Jawa Doctrine Patches,mandrake.jawa.doctrine,Patches/MegafaunaYield.xml,"/Defs/ThingDef[defName=""Dromedary""]/statBases/MeatAmount"
Jawa Doctrine Patches,mandrake.jawa.doctrine,Patches/MegafaunaYield.xml,"/Defs/ThingDef[defName=""Dromedary""]/statBases"
Jawa Doctrine Patches,mandrake.jawa.doctrine,Patches/MegafaunaYield.xml,"/Defs/ThingDef[defName=""Dromedary""]/statBases/BoneAmount"
Jawa Doctrine Patches,mandrake.jawa.doctrine,Patches/MegafaunaYield.xml,"/Defs/ThingDef[defName=""Dromedary""]/statBases/BoneAmount"
Jawa Doctrine Patches,mandrake.jawa.doctrine,Patches/MegafaunaYield.xml,"/Defs/ThingDef[defName=""Dromedary""]/statBases"
Jawa Doctrine Patches,mandrake.jawa.doctrine,Patches/MegafaunaYield.xml,"/Defs/ThingDef[defName=""Elk""]/statBases/MeatAmount"
Jawa Doctrine Patches,mandrake.jawa.doctrine,Patches/MegafaunaYield.xml,"/Defs/ThingDef[defName=""Elk""]/statBases/MeatAmount"
Jawa Doctrine Patches,mandrake.jawa.doctrine,Patches/MegafaunaYield.xml,"/Defs/ThingDef[defName=""Elk""]/statBases"
Jawa Doctrine Patches,mandrake.jawa.doctrine,Patches/MegafaunaYield.xml,"/Defs/ThingDef[defName=""Elk""]/statBases/BoneAmount"
Jawa Doctrine Patches,mandrake.jawa.doctrine,Patches/MegafaunaYield.xml,"/Defs/ThingDef[defName=""Elk""]/statBases/BoneAmount"
Jawa Doctrine Patches,mandrake.jawa.doctrine,Patches/MegafaunaYield.xml,"/Defs/ThingDef[defName=""Elk""]/statBases"
Jawa Doctrine Patches,mandrake.jawa.doctrine,Patches/MegafaunaYield.xml,"/Defs/ThingDef[defName=""Yak""]/statBases/MeatAmount"
Jawa Doctrine Patches,mandrake.jawa.doctrine,Patches/MegafaunaYield.xml,"/Defs/ThingDef[defName=""Yak""]/statBases/MeatAmount"
Jawa Doctrine Patches,mandrake.jawa.doctrine,Patches/MegafaunaYield.xml,"/Defs/ThingDef[defName=""Yak""]/statBases"
Jawa Doctrine Patches,mandrake.jawa.doctrine,Patches/MegafaunaYield.xml,"/Defs/ThingDef[defName=""Yak""]/statBases/BoneAmount"
Jawa Doctrine Patches,mandrake.jawa.doctrine,Patches/MegafaunaYield.xml,"/Defs/ThingDef[defName=""Yak""]/statBases/BoneAmount"
Jawa Doctrine Patches,mandrake.jawa.doctrine,Patches/MegafaunaYield.xml,"/Defs/ThingDef[defName=""Yak""]/statBases"
Jawa Doctrine Patches,mandrake.jawa.doctrine,Patches/MegafaunaYield.xml,"/Defs/ThingDef[defName=""Horse""]/statBases/MeatAmount"
Jawa Doctrine Patches,mandrake.jawa.doctrine,Patches/MegafaunaYield.xml,"/Defs/ThingDef[defName=""Horse""]/statBases/MeatAmount"
Jawa Doctrine Patches,mandrake.jawa.doctrine,Patches/MegafaunaYield.xml,"/Defs/ThingDef[defName=""Horse""]/statBases"
Jawa Doctrine Patches,mandrake.jawa.doctrine,Patches/MegafaunaYield.xml,"/Defs/ThingDef[defName=""Horse""]/statBases/BoneAmount"
Jawa Doctrine Patches,mandrake.jawa.doctrine,Patches/MegafaunaYield.xml,"/Defs/ThingDef[defName=""Horse""]/statBases/BoneAmount"
Jawa Doctrine Patches,mandrake.jawa.doctrine,Patches/MegafaunaYield.xml,"/Defs/ThingDef[defName=""Horse""]/statBases"
Jawa Doctrine Patches,mandrake.jawa.doctrine,Patches/MegafaunaYield.xml,"/Defs/ThingDef[defName=""Donkey""]/statBases/MeatAmount"
Jawa Doctrine Patches,mandrake.jawa.doctrine,Patches/MegafaunaYield.xml,"/Defs/ThingDef[defName=""Donkey""]/statBases/MeatAmount"
Jawa Doctrine Patches,mandrake.jawa.doctrine,Patches/MegafaunaYield.xml,"/Defs/ThingDef[defName=""Donkey""]/statBases"
Jawa Doctrine Patches,mandrake.jawa.doctrine,Patches/MegafaunaYield.xml,"/Defs/ThingDef[defName=""Donkey""]/statBases/BoneAmount"
Jawa Doctrine Patches,mandrake.jawa.doctrine,Patches/MegafaunaYield.xml,"/Defs/ThingDef[defName=""Donkey""]/statBases/BoneAmount"
Jawa Doctrine Patches,mandrake.jawa.doctrine,Patches/MegafaunaYield.xml,"/Defs/ThingDef[defName=""Donkey""]/statBases"
Jawa Doctrine Patches,mandrake.jawa.doctrine,Patches/MegafaunaYield.xml,"/Defs/ThingDef[defName=""Elephant""]/statBases/MeatAmount"
Jawa Doctrine Patches,mandrake.jawa.doctrine,Patches/MegafaunaYield.xml,"/Defs/ThingDef[defName=""Elephant""]/statBases/MeatAmount"
Jawa Doctrine Patches,mandrake.jawa.doctrine,Patches/MegafaunaYield.xml,"/Defs/ThingDef[defName=""Elephant""]/statBases"
Jawa Doctrine Patches,mandrake.jawa.doctrine,Patches/MegafaunaYield.xml,"/Defs/ThingDef[defName=""Elephant""]/statBases/BoneAmount"
Jawa Doctrine Patches,mandrake.jawa.doctrine,Patches/MegafaunaYield.xml,"/Defs/ThingDef[defName=""Elephant""]/statBases/BoneAmount"
Jawa Doctrine Patches,mandrake.jawa.doctrine,Patches/MegafaunaYield.xml,"/Defs/ThingDef[defName=""Elephant""]/statBases"
Jawa Doctrine Patches,mandrake.jawa.doctrine,Patches/MegafaunaYield.xml,"/Defs/ThingDef[defName=""Rhinoceros""]/statBases/MeatAmount"
Jawa Doctrine Patches,mandrake.jawa.doctrine,Patches/MegafaunaYield.xml,"/Defs/ThingDef[defName=""Rhinoceros""]/statBases/MeatAmount"
Jawa Doctrine Patches,mandrake.jawa.doctrine,Patches/MegafaunaYield.xml,"/Defs/ThingDef[defName=""Rhinoceros""]/statBases"
Jawa Doctrine Patches,mandrake.jawa.doctrine,Patches/MegafaunaYield.xml,"/Defs/ThingDef[defName=""Rhinoceros""]/statBases/BoneAmount"
Jawa Doctrine Patches,mandrake.jawa.doctrine,Patches/MegafaunaYield.xml,"/Defs/ThingDef[defName=""Rhinoceros""]/statBases/BoneAmount"
Jawa Doctrine Patches,mandrake.jawa.doctrine,Patches/MegafaunaYield.xml,"/Defs/ThingDef[defName=""Rhinoceros""]/statBases"
Jawa Doctrine Patches,mandrake.jawa.doctrine,Patches/MegafaunaYield.xml,"/Defs/ThingDef[defName=""Megaspider""]/statBases/MeatAmount"
Jawa Doctrine Patches,mandrake.jawa.doctrine,Patches/MegafaunaYield.xml,"/Defs/ThingDef[defName=""Megaspider""]/statBases/MeatAmount"
Jawa Doctrine Patches,mandrake.jawa.doctrine,Patches/MegafaunaYield.xml,"/Defs/ThingDef[defName=""Megaspider""]/statBases"
Jawa Doctrine Patches,mandrake.jawa.doctrine,Patches/MegafaunaYield.xml,"/Defs/ThingDef[defName=""Thrumbo""]/statBases/MeatAmount"
Jawa Doctrine Patches,mandrake.jawa.doctrine,Patches/MegafaunaYield.xml,"/Defs/ThingDef[defName=""Thrumbo""]/statBases/MeatAmount"
Jawa Doctrine Patches,mandrake.jawa.doctrine,Patches/MegafaunaYield.xml,"/Defs/ThingDef[defName=""Thrumbo""]/statBases"
Jawa Doctrine Patches,mandrake.jawa.doctrine,Patches/MegafaunaYield.xml,"/Defs/ThingDef[defName=""Thrumbo""]/statBases/BoneAmount"
Jawa Doctrine Patches,mandrake.jawa.doctrine,Patches/MegafaunaYield.xml,"/Defs/ThingDef[defName=""Thrumbo""]/statBases/BoneAmount"
Jawa Doctrine Patches,mandrake.jawa.doctrine,Patches/MegafaunaYield.xml,"/Defs/ThingDef[defName=""Thrumbo""]/statBases"
Jawa Doctrine Patches,mandrake.jawa.doctrine,Patches/MegafaunaYield.xml,"/Defs/ThingDef[defName=""Pig""]/statBases/MeatAmount"
Jawa Doctrine Patches,mandrake.jawa.doctrine,Patches/MegafaunaYield.xml,"/Defs/ThingDef[defName=""Pig""]/statBases/MeatAmount"
Jawa Doctrine Patches,mandrake.jawa.doctrine,Patches/MegafaunaYield.xml,"/Defs/ThingDef[defName=""Pig""]/statBases"
Jawa Doctrine Patches,mandrake.jawa.doctrine,Patches/MegafaunaYield.xml,"/Defs/ThingDef[defName=""Pig""]/statBases/BoneAmount"
Jawa Doctrine Patches,mandrake.jawa.doctrine,Patches/MegafaunaYield.xml,"/Defs/ThingDef[defName=""Pig""]/statBases/BoneAmount"
Jawa Doctrine Patches,mandrake.jawa.doctrine,Patches/MegafaunaYield.xml,"/Defs/ThingDef[defName=""Pig""]/statBases"
Jawa Doctrine Patches,mandrake.jawa.doctrine,Patches/MegafaunaYield.xml,"/Defs/ThingDef[defName=""Deer""]/statBases/MeatAmount"
Jawa Doctrine Patches,mandrake.jawa.doctrine,Patches/MegafaunaYield.xml,"/Defs/ThingDef[defName=""Deer""]/statBases/MeatAmount"
Jawa Doctrine Patches,mandrake.jawa.doctrine,Patches/MegafaunaYield.xml,"/Defs/ThingDef[defName=""Deer""]/statBases"
Jawa Doctrine Patches,mandrake.jawa.doctrine,Patches/MegafaunaYield.xml,"/Defs/ThingDef[defName=""Deer""]/statBases/BoneAmount"
Jawa Doctrine Patches,mandrake.jawa.doctrine,Patches/MegafaunaYield.xml,"/Defs/ThingDef[defName=""Deer""]/statBases/BoneAmount"
Jawa Doctrine Patches,mandrake.jawa.doctrine,Patches/MegafaunaYield.xml,"/Defs/ThingDef[defName=""Deer""]/statBases"
Jawa Doctrine Patches,mandrake.jawa.doctrine,Patches/MegafaunaYield.xml,"/Defs/ThingDef[defName=""Megasloth""]/statBases/MeatAmount"
Jawa Doctrine Patches,mandrake.jawa.doctrine,Patches/MegafaunaYield.xml,"/Defs/ThingDef[defName=""Megasloth""]/statBases/MeatAmount"
Jawa Doctrine Patches,mandrake.jawa.doctrine,Patches/MegafaunaYield.xml,"/Defs/ThingDef[defName=""Megasloth""]/statBases"
Jawa Doctrine Patches,mandrake.jawa.doctrine,Patches/MegafaunaYield.xml,"/Defs/ThingDef[defName=""Megasloth""]/statBases/BoneAmount"
Jawa Doctrine Patches,mandrake.jawa.doctrine,Patches/MegafaunaYield.xml,"/Defs/ThingDef[defName=""Megasloth""]/statBases/BoneAmount"
Jawa Doctrine Patches,mandrake.jawa.doctrine,Patches/MegafaunaYield.xml,"/Defs/ThingDef[defName=""Megasloth""]/statBases"
Jawa Doctrine Patches,mandrake.jawa.doctrine,Patches/MegafaunaYield.xml,"/Defs/ThingDef[defName=""Warg""]/statBases/MeatAmount"
Jawa Doctrine Patches,mandrake.jawa.doctrine,Patches/MegafaunaYield.xml,"/Defs/ThingDef[defName=""Warg""]/statBases/MeatAmount"
Jawa Doctrine Patches,mandrake.jawa.doctrine,Patches/MegafaunaYield.xml,"/Defs/ThingDef[defName=""Warg""]/statBases"
Jawa Doctrine Patches,mandrake.jawa.doctrine,Patches/MegafaunaYield.xml,"/Defs/ThingDef[defName=""Warg""]/statBases/BoneAmount"
Jawa Doctrine Patches,mandrake.jawa.doctrine,Patches/MegafaunaYield.xml,"/Defs/ThingDef[defName=""Warg""]/statBases/BoneAmount"
Jawa Doctrine Patches,mandrake.jawa.doctrine,Patches/MegafaunaYield.xml,"/Defs/ThingDef[defName=""Warg""]/statBases"
Jawa Doctrine Patches,mandrake.jawa.doctrine,Patches/MegafaunaYield.xml,"/Defs/ThingDef[defName=""Muffalo""]/comps/li[woolAmount]/woolAmount"
Jawa Doctrine Patches,mandrake.jawa.doctrine,Patches/MegafaunaYield.xml,"/Defs/ThingDef[defName=""Bison""]/comps/li[woolAmount]/woolAmount"
Jawa Doctrine Patches,mandrake.jawa.doctrine,Patches/MegafaunaYield.xml,"/Defs/ThingDef[defName=""Megasloth""]/comps/li[woolAmount]/woolAmount"
Jawa Doctrine Patches,mandrake.jawa.doctrine,Patches/MegafaunaYield.xml,"/Defs/ThingDef[defName=""Cow""]/comps/li[milkAmount]/milkAmount"
Jawa Doctrine Patches,mandrake.jawa.doctrine,Patches/MegafaunaYield.xml,"/Defs/ThingDef[defName=""Boomalope""]/comps/li[milkAmount]/milkAmount"
Jawa Doctrine Patches,mandrake.jawa.doctrine,Patches/MegafaunaYield.xml,"/Defs/ThingDef[defName=""Dromedary""]/comps/li[milkAmount]/milkAmount"
Jawa Doctrine Patches,mandrake.jawa.doctrine,Patches/MegafaunaYield.xml,"/Defs/ThingDef[defName=""Elk""]/comps/li[milkAmount]/milkAmount"
Jawa Doctrine Patches,mandrake.jawa.doctrine,Patches/MegafaunaYield.xml,"/Defs/ThingDef[defName=""Yak""]/comps/li[milkAmount]/milkAmount"
Jawa Doctrine Patches,mandrake.jawa.doctrine,Patches/MegafaunaYield.xml,"/Defs/ThingDef[defName=""DA_Barog""]/statBases/MeatAmount"
Jawa Doctrine Patches,mandrake.jawa.doctrine,Patches/MegafaunaYield.xml,"/Defs/ThingDef[defName=""DA_Barog""]/statBases/MeatAmount"
Jawa Doctrine Patches,mandrake.jawa.doctrine,Patches/MegafaunaYield.xml,"/Defs/ThingDef[defName=""DA_Barog""]/statBases"
Jawa Doctrine Patches,mandrake.jawa.doctrine,Patches/MegafaunaYield.xml,"/Defs/ThingDef[defName=""DA_Barog""]/statBases/BoneAmount"
Jawa Doctrine Patches,mandrake.jawa.doctrine,Patches/MegafaunaYield.xml,"/Defs/ThingDef[defName=""DA_Barog""]/statBases/BoneAmount"
Jawa Doctrine Patches,mandrake.jawa.doctrine,Patches/MegafaunaYield.xml,"/Defs/ThingDef[defName=""DA_Barog""]/statBases"
Jawa Doctrine Patches,mandrake.jawa.doctrine,Patches/MegafaunaYield.xml,"/Defs/ThingDef[defName=""DA_BeardedTroll""]/statBases/MeatAmount"
Jawa Doctrine Patches,mandrake.jawa.doctrine,Patches/MegafaunaYield.xml,"/Defs/ThingDef[defName=""DA_BeardedTroll""]/statBases/MeatAmount"
Jawa Doctrine Patches,mandrake.jawa.doctrine,Patches/MegafaunaYield.xml,"/Defs/ThingDef[defName=""DA_BeardedTroll""]/statBases"
Jawa Doctrine Patches,mandrake.jawa.doctrine,Patches/MegafaunaYield.xml,"/Defs/ThingDef[defName=""DA_BeardedTroll""]/statBases/BoneAmount"
Jawa Doctrine Patches,mandrake.jawa.doctrine,Patches/MegafaunaYield.xml,"/Defs/ThingDef[defName=""DA_BeardedTroll""]/statBases/BoneAmount"
Jawa Doctrine Patches,mandrake.jawa.doctrine,Patches/MegafaunaYield.xml,"/Defs/ThingDef[defName=""DA_BeardedTroll""]/statBases"
Jawa Doctrine Patches,mandrake.jawa.doctrine,Patches/MegafaunaYield.xml,"/Defs/ThingDef[defName=""DA_Crestel""]/statBases/MeatAmount"
Jawa Doctrine Patches,mandrake.jawa.doctrine,Patches/MegafaunaYield.xml,"/Defs/ThingDef[defName=""DA_Crestel""]/statBases/MeatAmount"
Jawa Doctrine Patches,mandrake.jawa.doctrine,Patches/MegafaunaYield.xml,"/Defs/ThingDef[defName=""DA_Crestel""]/statBases"
Jawa Doctrine Patches,mandrake.jawa.doctrine,Patches/MegafaunaYield.xml,"/Defs/ThingDef[defName=""DA_Crestel""]/statBases/BoneAmount"
Jawa Doctrine Patches,mandrake.jawa.doctrine,Patches/MegafaunaYield.xml,"/Defs/ThingDef[defName=""DA_Crestel""]/statBases/BoneAmount"
Jawa Doctrine Patches,mandrake.jawa.doctrine,Patches/MegafaunaYield.xml,"/Defs/ThingDef[defName=""DA_Crestel""]/statBases"
Jawa Doctrine Patches,mandrake.jawa.doctrine,Patches/MegafaunaYield.xml,"/Defs/ThingDef[defName=""DA_DwarvenMuffton""]/statBases/MeatAmount"
Jawa Doctrine Patches,mandrake.jawa.doctrine,Patches/MegafaunaYield.xml,"/Defs/ThingDef[defName=""DA_DwarvenMuffton""]/statBases/MeatAmount"
Jawa Doctrine Patches,mandrake.jawa.doctrine,Patches/MegafaunaYield.xml,"/Defs/ThingDef[defName=""DA_DwarvenMuffton""]/statBases"
Jawa Doctrine Patches,mandrake.jawa.doctrine,Patches/MegafaunaYield.xml,"/Defs/ThingDef[defName=""DA_DwarvenMuffton""]/statBases/BoneAmount"
Jawa Doctrine Patches,mandrake.jawa.doctrine,Patches/MegafaunaYield.xml,"/Defs/ThingDef[defName=""DA_DwarvenMuffton""]/statBases/BoneAmount"
Jawa Doctrine Patches,mandrake.jawa.doctrine,Patches/MegafaunaYield.xml,"/Defs/ThingDef[defName=""DA_DwarvenMuffton""]/statBases"
Jawa Doctrine Patches,mandrake.jawa.doctrine,Patches/MegafaunaYield.xml,"/Defs/ThingDef[defName=""DA_Snaptoad""]/statBases/MeatAmount"
Jawa Doctrine Patches,mandrake.jawa.doctrine,Patches/MegafaunaYield.xml,"/Defs/ThingDef[defName=""DA_Snaptoad""]/statBases/MeatAmount"
Jawa Doctrine Patches,mandrake.jawa.doctrine,Patches/MegafaunaYield.xml,"/Defs/ThingDef[defName=""DA_Snaptoad""]/statBases"
Jawa Doctrine Patches,mandrake.jawa.doctrine,Patches/MegafaunaYield.xml,"/Defs/ThingDef[defName=""DA_Snaptoad""]/statBases/BoneAmount"
Jawa Doctrine Patches,mandrake.jawa.doctrine,Patches/MegafaunaYield.xml,"/Defs/ThingDef[defName=""DA_Snaptoad""]/statBases/BoneAmount"
Jawa Doctrine Patches,mandrake.jawa.doctrine,Patches/MegafaunaYield.xml,"/Defs/ThingDef[defName=""DA_Snaptoad""]/statBases"
Jawa Doctrine Patches,mandrake.jawa.doctrine,Patches/MegafaunaYield.xml,"/Defs/ThingDef[defName=""DA_Goldilox""]/statBases/MeatAmount"
Jawa Doctrine Patches,mandrake.jawa.doctrine,Patches/MegafaunaYield.xml,"/Defs/ThingDef[defName=""DA_Goldilox""]/statBases/MeatAmount"
Jawa Doctrine Patches,mandrake.jawa.doctrine,Patches/MegafaunaYield.xml,"/Defs/ThingDef[defName=""DA_Goldilox""]/statBases"
Jawa Doctrine Patches,mandrake.jawa.doctrine,Patches/MegafaunaYield.xml,"/Defs/ThingDef[defName=""DA_Goldilox""]/statBases/BoneAmount"
Jawa Doctrine Patches,mandrake.jawa.doctrine,Patches/MegafaunaYield.xml,"/Defs/ThingDef[defName=""DA_Goldilox""]/statBases/BoneAmount"
Jawa Doctrine Patches,mandrake.jawa.doctrine,Patches/MegafaunaYield.xml,"/Defs/ThingDef[defName=""DA_Goldilox""]/statBases"
Jawa Doctrine Patches,mandrake.jawa.doctrine,Patches/MegafaunaYield.xml,"/Defs/ThingDef[defName=""DA_Karabal""]/statBases/MeatAmount"
Jawa Doctrine Patches,mandrake.jawa.doctrine,Patches/MegafaunaYield.xml,"/Defs/ThingDef[defName=""DA_Karabal""]/statBases/MeatAmount"
Jawa Doctrine Patches,mandrake.jawa.doctrine,Patches/MegafaunaYield.xml,"/Defs/ThingDef[defName=""DA_Karabal""]/statBases"
Jawa Doctrine Patches,mandrake.jawa.doctrine,Patches/MegafaunaYield.xml,"/Defs/ThingDef[defName=""DA_Karabal""]/statBases/BoneAmount"
Jawa Doctrine Patches,mandrake.jawa.doctrine,Patches/MegafaunaYield.xml,"/Defs/ThingDef[defName=""DA_Karabal""]/statBases/BoneAmount"
Jawa Doctrine Patches,mandrake.jawa.doctrine,Patches/MegafaunaYield.xml,"/Defs/ThingDef[defName=""DA_Karabal""]/statBases"
Jawa Doctrine Patches,mandrake.jawa.doctrine,Patches/MegafaunaYield.xml,"/Defs/ThingDef[defName=""DA_LeviathanCrab""]/statBases/MeatAmount"
Jawa Doctrine Patches,mandrake.jawa.doctrine,Patches/MegafaunaYield.xml,"/Defs/ThingDef[defName=""DA_LeviathanCrab""]/statBases/MeatAmount"
Jawa Doctrine Patches,mandrake.jawa.doctrine,Patches/MegafaunaYield.xml,"/Defs/ThingDef[defName=""DA_LeviathanCrab""]/statBases"
Jawa Doctrine Patches,mandrake.jawa.doctrine,Patches/MegafaunaYield.xml,"/Defs/ThingDef[defName=""DA_LeviathanCrab""]/statBases/BoneAmount"
Jawa Doctrine Patches,mandrake.jawa.doctrine,Patches/MegafaunaYield.xml,"/Defs/ThingDef[defName=""DA_LeviathanCrab""]/statBases/BoneAmount"
Jawa Doctrine Patches,mandrake.jawa.doctrine,Patches/MegafaunaYield.xml,"/Defs/ThingDef[defName=""DA_LeviathanCrab""]/statBases"
Jawa Doctrine Patches,mandrake.jawa.doctrine,Patches/MegafaunaYield.xml,"/Defs/ThingDef[defName=""DA_NorthernDrog""]/statBases/MeatAmount"
Jawa Doctrine Patches,mandrake.jawa.doctrine,Patches/MegafaunaYield.xml,"/Defs/ThingDef[defName=""DA_NorthernDrog""]/statBases/MeatAmount"
Jawa Doctrine Patches,mandrake.jawa.doctrine,Patches/MegafaunaYield.xml,"/Defs/ThingDef[defName=""DA_NorthernDrog""]/statBases"
Jawa Doctrine Patches,mandrake.jawa.doctrine,Patches/MegafaunaYield.xml,"/Defs/ThingDef[defName=""DA_NorthernDrog""]/statBases/BoneAmount"
Jawa Doctrine Patches,mandrake.jawa.doctrine,Patches/MegafaunaYield.xml,"/Defs/ThingDef[defName=""DA_NorthernDrog""]/statBases/BoneAmount"
Jawa Doctrine Patches,mandrake.jawa.doctrine,Patches/MegafaunaYield.xml,"/Defs/ThingDef[defName=""DA_NorthernDrog""]/statBases"
Jawa Doctrine Patches,mandrake.jawa.doctrine,Patches/MegafaunaYield.xml,"/Defs/ThingDef[defName=""DA_Pilgrim""]/statBases/MeatAmount"
Jawa Doctrine Patches,mandrake.jawa.doctrine,Patches/MegafaunaYield.xml,"/Defs/ThingDef[defName=""DA_Pilgrim""]/statBases/MeatAmount"
Jawa Doctrine Patches,mandrake.jawa.doctrine,Patches/MegafaunaYield.xml,"/Defs/ThingDef[defName=""DA_Pilgrim""]/statBases"
Jawa Doctrine Patches,mandrake.jawa.doctrine,Patches/MegafaunaYield.xml,"/Defs/ThingDef[defName=""DA_Pilgrim""]/statBases/BoneAmount"
Jawa Doctrine Patches,mandrake.jawa.doctrine,Patches/MegafaunaYield.xml,"/Defs/ThingDef[defName=""DA_Pilgrim""]/statBases/BoneAmount"
Jawa Doctrine Patches,mandrake.jawa.doctrine,Patches/MegafaunaYield.xml,"/Defs/ThingDef[defName=""DA_Pilgrim""]/statBases"
Jawa Doctrine Patches,mandrake.jawa.doctrine,Patches/MegafaunaYield.xml,"/Defs/ThingDef[defName=""DA_ImperialRedhound""]/statBases/MeatAmount"
Jawa Doctrine Patches,mandrake.jawa.doctrine,Patches/MegafaunaYield.xml,"/Defs/ThingDef[defName=""DA_ImperialRedhound""]/statBases/MeatAmount"
Jawa Doctrine Patches,mandrake.jawa.doctrine,Patches/MegafaunaYield.xml,"/Defs/ThingDef[defName=""DA_ImperialRedhound""]/statBases"
Jawa Doctrine Patches,mandrake.jawa.doctrine,Patches/MegafaunaYield.xml,"/Defs/ThingDef[defName=""DA_ImperialRedhound""]/statBases/BoneAmount"
Jawa Doctrine Patches,mandrake.jawa.doctrine,Patches/MegafaunaYield.xml,"/Defs/ThingDef[defName=""DA_ImperialRedhound""]/statBases/BoneAmount"
Jawa Doctrine Patches,mandrake.jawa.doctrine,Patches/MegafaunaYield.xml,"/Defs/ThingDef[defName=""DA_ImperialRedhound""]/statBases"
Jawa Doctrine Patches,mandrake.jawa.doctrine,Patches/MegafaunaYield.xml,"/Defs/ThingDef[defName=""DA_RockTroll""]/statBases/MeatAmount"
Jawa Doctrine Patches,mandrake.jawa.doctrine,Patches/MegafaunaYield.xml,"/Defs/ThingDef[defName=""DA_RockTroll""]/statBases/MeatAmount"
Jawa Doctrine Patches,mandrake.jawa.doctrine,Patches/MegafaunaYield.xml,"/Defs/ThingDef[defName=""DA_RockTroll""]/statBases"
Jawa Doctrine Patches,mandrake.jawa.doctrine,Patches/MegafaunaYield.xml,"/Defs/ThingDef[defName=""DA_RockTroll""]/statBases/BoneAmount"
Jawa Doctrine Patches,mandrake.jawa.doctrine,Patches/MegafaunaYield.xml,"/Defs/ThingDef[defName=""DA_RockTroll""]/statBases/BoneAmount"
Jawa Doctrine Patches,mandrake.jawa.doctrine,Patches/MegafaunaYield.xml,"/Defs/ThingDef[defName=""DA_RockTroll""]/statBases"
Jawa Doctrine Patches,mandrake.jawa.doctrine,Patches/MegafaunaYield.xml,"/Defs/ThingDef[defName=""DA_Taraal""]/statBases"
Jawa Doctrine Patches,mandrake.jawa.doctrine,Patches/MegafaunaYield.xml,"/Defs/ThingDef[defName=""DA_Taraal""]/statBases/MeatAmount"
Jawa Doctrine Patches,mandrake.jawa.doctrine,Patches/MegafaunaYield.xml,"/Defs/ThingDef[defName=""DA_Taraal""]/statBases/MeatAmount"
Jawa Doctrine Patches,mandrake.jawa.doctrine,Patches/MegafaunaYield.xml,"/Defs/ThingDef[defName=""DA_Taraal""]/statBases"
Jawa Doctrine Patches,mandrake.jawa.doctrine,Patches/MegafaunaYield.xml,"/Defs/ThingDef[defName=""DA_Taraal""]/statBases"
Jawa Doctrine Patches,mandrake.jawa.doctrine,Patches/MegafaunaYield.xml,"/Defs/ThingDef[defName=""DA_Taraal""]/statBases/BoneAmount"
Jawa Doctrine Patches,mandrake.jawa.doctrine,Patches/MegafaunaYield.xml,"/Defs/ThingDef[defName=""DA_Taraal""]/statBases/BoneAmount"
Jawa Doctrine Patches,mandrake.jawa.doctrine,Patches/MegafaunaYield.xml,"/Defs/ThingDef[defName=""DA_Taraal""]/statBases"
Jawa Doctrine Patches,mandrake.jawa.doctrine,Patches/MegafaunaYield.xml,"/Defs/ThingDef[defName=""DA_SnowTaraal""]/statBases/MeatAmount"
Jawa Doctrine Patches,mandrake.jawa.doctrine,Patches/MegafaunaYield.xml,"/Defs/ThingDef[defName=""DA_SnowTaraal""]/statBases/MeatAmount"
Jawa Doctrine Patches,mandrake.jawa.doctrine,Patches/MegafaunaYield.xml,"/Defs/ThingDef[defName=""DA_SnowTaraal""]/statBases"
Jawa Doctrine Patches,mandrake.jawa.doctrine,Patches/MegafaunaYield.xml,"/Defs/ThingDef[defName=""DA_SnowTaraal""]/statBases/BoneAmount"
Jawa Doctrine Patches,mandrake.jawa.doctrine,Patches/MegafaunaYield.xml,"/Defs/ThingDef[defName=""DA_SnowTaraal""]/statBases/BoneAmount"
Jawa Doctrine Patches,mandrake.jawa.doctrine,Patches/MegafaunaYield.xml,"/Defs/ThingDef[defName=""DA_SnowTaraal""]/statBases"
Jawa Doctrine Patches,mandrake.jawa.doctrine,Patches/MegafaunaYield.xml,"/Defs/ThingDef[defName=""DA_DwarvenMuffton""]/comps/li[woolAmount]/woolAmount"
Jawa Doctrine Patches,mandrake.jawa.doctrine,Patches/MegafaunaYield.xml,"/Defs/ThingDef[defName=""DA_Goldilox""]/comps/li[woolAmount]/woolAmount"
Jawa Doctrine Patches,mandrake.jawa.doctrine,Patches/MegafaunaYield.xml,"/Defs/ThingDef[defName=""DA_DwarvenMuffton""]/comps/li[milkAmount]/milkAmount"
Jawa Doctrine Patches,mandrake.jawa.doctrine,Patches/MegafaunaYield.xml,"/Defs/ThingDef[defName=""DA_Goldilox""]/comps/li[milkAmount]/milkAmount"
Jawa Doctrine Patches,mandrake.jawa.doctrine,Patches/MegafaunaYield.xml,"/Defs/ThingDef[defName=""ERN_Amaro""]/statBases/MeatAmount"
Jawa Doctrine Patches,mandrake.jawa.doctrine,Patches/MegafaunaYield.xml,"/Defs/ThingDef[defName=""ERN_Amaro""]/statBases/MeatAmount"
Jawa Doctrine Patches,mandrake.jawa.doctrine,Patches/MegafaunaYield.xml,"/Defs/ThingDef[defName=""ERN_Amaro""]/statBases"
Jawa Doctrine Patches,mandrake.jawa.doctrine,Patches/MegafaunaYield.xml,"/Defs/ThingDef[defName=""ERN_Amaro""]/statBases/BoneAmount"
Jawa Doctrine Patches,mandrake.jawa.doctrine,Patches/MegafaunaYield.xml,"/Defs/ThingDef[defName=""ERN_Amaro""]/statBases/BoneAmount"
Jawa Doctrine Patches,mandrake.jawa.doctrine,Patches/MegafaunaYield.xml,"/Defs/ThingDef[defName=""ERN_Amaro""]/statBases"
Jawa Doctrine Patches,mandrake.jawa.doctrine,Patches/MegafaunaYield.xml,"/Defs/ThingDef[defName=""GiantSnake""]/statBases/MeatAmount"
Jawa Doctrine Patches,mandrake.jawa.doctrine,Patches/MegafaunaYield.xml,"/Defs/ThingDef[defName=""GiantSnake""]/statBases/MeatAmount"
Jawa Doctrine Patches,mandrake.jawa.doctrine,Patches/MegafaunaYield.xml,"/Defs/ThingDef[defName=""GiantSnake""]/statBases"
Jawa Doctrine Patches,mandrake.jawa.doctrine,Patches/MegafaunaYield.xml,"/Defs/ThingDef[defName=""GiantSnake""]/statBases/BoneAmount"
Jawa Doctrine Patches,mandrake.jawa.doctrine,Patches/MegafaunaYield.xml,"/Defs/ThingDef[defName=""GiantSnake""]/statBases/BoneAmount"
Jawa Doctrine Patches,mandrake.jawa.doctrine,Patches/MegafaunaYield.xml,"/Defs/ThingDef[defName=""GiantSnake""]/statBases"
Jawa Doctrine Patches,mandrake.jawa.doctrine,Patches/MegafaunaYield.xml,"/Defs/ThingDef[defName=""WhiteViper""]/statBases/MeatAmount"
Jawa Doctrine Patches,mandrake.jawa.doctrine,Patches/MegafaunaYield.xml,"/Defs/ThingDef[defName=""WhiteViper""]/statBases/MeatAmount"
Jawa Doctrine Patches,mandrake.jawa.doctrine,Patches/MegafaunaYield.xml,"/Defs/ThingDef[defName=""WhiteViper""]/statBases"
Jawa Doctrine Patches,mandrake.jawa.doctrine,Patches/MegafaunaYield.xml,"/Defs/ThingDef[defName=""WhiteViper""]/statBases/BoneAmount"
Jawa Doctrine Patches,mandrake.jawa.doctrine,Patches/MegafaunaYield.xml,"/Defs/ThingDef[defName=""WhiteViper""]/statBases/BoneAmount"
Jawa Doctrine Patches,mandrake.jawa.doctrine,Patches/MegafaunaYield.xml,"/Defs/ThingDef[defName=""WhiteViper""]/statBases"
Jawa Doctrine Patches,mandrake.jawa.doctrine,Patches/MegafaunaYield.xml,"/Defs/ThingDef[defName=""GiantToad""]/statBases/MeatAmount"
Jawa Doctrine Patches,mandrake.jawa.doctrine,Patches/MegafaunaYield.xml,"/Defs/ThingDef[defName=""GiantToad""]/statBases/MeatAmount"
Jawa Doctrine Patches,mandrake.jawa.doctrine,Patches/MegafaunaYield.xml,"/Defs/ThingDef[defName=""GiantToad""]/statBases"
Jawa Doctrine Patches,mandrake.jawa.doctrine,Patches/MegafaunaYield.xml,"/Defs/ThingDef[defName=""GiantToad""]/statBases/BoneAmount"
Jawa Doctrine Patches,mandrake.jawa.doctrine,Patches/MegafaunaYield.xml,"/Defs/ThingDef[defName=""GiantToad""]/statBases/BoneAmount"
Jawa Doctrine Patches,mandrake.jawa.doctrine,Patches/MegafaunaYield.xml,"/Defs/ThingDef[defName=""GiantToad""]/statBases"
Jawa Doctrine Patches,mandrake.jawa.doctrine,Patches/MegafaunaYield.xml,"/Defs/ThingDef[defName=""KingToad""]/statBases/MeatAmount"
Jawa Doctrine Patches,mandrake.jawa.doctrine,Patches/MegafaunaYield.xml,"/Defs/ThingDef[defName=""KingToad""]/statBases/MeatAmount"
Jawa Doctrine Patches,mandrake.jawa.doctrine,Patches/MegafaunaYield.xml,"/Defs/ThingDef[defName=""KingToad""]/statBases"
Jawa Doctrine Patches,mandrake.jawa.doctrine,Patches/MegafaunaYield.xml,"/Defs/ThingDef[defName=""KingToad""]/statBases/BoneAmount"
Jawa Doctrine Patches,mandrake.jawa.doctrine,Patches/MegafaunaYield.xml,"/Defs/ThingDef[defName=""KingToad""]/statBases/BoneAmount"
Jawa Doctrine Patches,mandrake.jawa.doctrine,Patches/MegafaunaYield.xml,"/Defs/ThingDef[defName=""KingToad""]/statBases"
Jawa Doctrine Patches,mandrake.jawa.doctrine,Patches/MegafaunaYield.xml,"/Defs/ThingDef[defName=""Grimstone_Belloceros""]/statBases/MeatAmount"
Jawa Doctrine Patches,mandrake.jawa.doctrine,Patches/MegafaunaYield.xml,"/Defs/ThingDef[defName=""Grimstone_Belloceros""]/statBases/MeatAmount"
Jawa Doctrine Patches,mandrake.jawa.doctrine,Patches/MegafaunaYield.xml,"/Defs/ThingDef[defName=""Grimstone_Belloceros""]/statBases"
Jawa Doctrine Patches,mandrake.jawa.doctrine,Patches/MegafaunaYield.xml,"/Defs/ThingDef[defName=""Grimstone_Belloceros""]/statBases/BoneAmount"
Jawa Doctrine Patches,mandrake.jawa.doctrine,Patches/MegafaunaYield.xml,"/Defs/ThingDef[defName=""Grimstone_Belloceros""]/statBases/BoneAmount"
Jawa Doctrine Patches,mandrake.jawa.doctrine,Patches/MegafaunaYield.xml,"/Defs/ThingDef[defName=""Grimstone_Belloceros""]/statBases"
Jawa Doctrine Patches,mandrake.jawa.doctrine,Patches/MegafaunaYield.xml,"/Defs/ThingDef[defName=""Grimstone_Griffar""]/statBases/MeatAmount"
Jawa Doctrine Patches,mandrake.jawa.doctrine,Patches/MegafaunaYield.xml,"/Defs/ThingDef[defName=""Grimstone_Griffar""]/statBases/MeatAmount"
Jawa Doctrine Patches,mandrake.jawa.doctrine,Patches/MegafaunaYield.xml,"/Defs/ThingDef[defName=""Grimstone_Griffar""]/statBases"
Jawa Doctrine Patches,mandrake.jawa.doctrine,Patches/MegafaunaYield.xml,"/Defs/ThingDef[defName=""Grimstone_Griffar""]/statBases/BoneAmount"
Jawa Doctrine Patches,mandrake.jawa.doctrine,Patches/MegafaunaYield.xml,"/Defs/ThingDef[defName=""Grimstone_Griffar""]/statBases/BoneAmount"
Jawa Doctrine Patches,mandrake.jawa.doctrine,Patches/MegafaunaYield.xml,"/Defs/ThingDef[defName=""Grimstone_Griffar""]/statBases"
Jawa Doctrine Patches,mandrake.jawa.doctrine,Patches/MegafaunaYield.xml,"/Defs/ThingDef[defName=""Grimstone_Grimshadow""]/statBases/MeatAmount"
Jawa Doctrine Patches,mandrake.jawa.doctrine,Patches/MegafaunaYield.xml,"/Defs/ThingDef[defName=""Grimstone_Grimshadow""]/statBases/MeatAmount"
Jawa Doctrine Patches,mandrake.jawa.doctrine,Patches/MegafaunaYield.xml,"/Defs/ThingDef[defName=""Grimstone_Grimshadow""]/statBases"
Jawa Doctrine Patches,mandrake.jawa.doctrine,Patches/MegafaunaYield.xml,"/Defs/ThingDef[defName=""Grimstone_Grimshadow""]/statBases/BoneAmount"
Jawa Doctrine Patches,mandrake.jawa.doctrine,Patches/MegafaunaYield.xml,"/Defs/ThingDef[defName=""Grimstone_Grimshadow""]/statBases/BoneAmount"
Jawa Doctrine Patches,mandrake.jawa.doctrine,Patches/MegafaunaYield.xml,"/Defs/ThingDef[defName=""Grimstone_Grimshadow""]/statBases"
Jawa Doctrine Patches,mandrake.jawa.doctrine,Patches/MegafaunaYield.xml,"/Defs/ThingDef[defName=""Visceral""]/statBases/MeatAmount"
Jawa Doctrine Patches,mandrake.jawa.doctrine,Patches/MegafaunaYield.xml,"/Defs/ThingDef[defName=""Visceral""]/statBases/MeatAmount"
Jawa Doctrine Patches,mandrake.jawa.doctrine,Patches/MegafaunaYield.xml,"/Defs/ThingDef[defName=""Visceral""]/statBases"
Jawa Doctrine Patches,mandrake.jawa.doctrine,Patches/MegafaunaYield.xml,"/Defs/ThingDef[defName=""Visceral""]/statBases/BoneAmount"
Jawa Doctrine Patches,mandrake.jawa.doctrine,Patches/MegafaunaYield.xml,"/Defs/ThingDef[defName=""Visceral""]/statBases/BoneAmount"
Jawa Doctrine Patches,mandrake.jawa.doctrine,Patches/MegafaunaYield.xml,"/Defs/ThingDef[defName=""Visceral""]/statBases"
Jawa Doctrine Patches,mandrake.jawa.doctrine,Patches/MegafaunaYield.xml,"/Defs/ThingDef[defName=""Bulwark""]/statBases/MeatAmount"
Jawa Doctrine Patches,mandrake.jawa.doctrine,Patches/MegafaunaYield.xml,"/Defs/ThingDef[defName=""Bulwark""]/statBases/MeatAmount"
Jawa Doctrine Patches,mandrake.jawa.doctrine,Patches/MegafaunaYield.xml,"/Defs/ThingDef[defName=""Bulwark""]/statBases"
Jawa Doctrine Patches,mandrake.jawa.doctrine,Patches/MegafaunaYield.xml,"/Defs/ThingDef[defName=""Bulwark""]/statBases/BoneAmount"
Jawa Doctrine Patches,mandrake.jawa.doctrine,Patches/MegafaunaYield.xml,"/Defs/ThingDef[defName=""Bulwark""]/statBases/BoneAmount"
Jawa Doctrine Patches,mandrake.jawa.doctrine,Patches/MegafaunaYield.xml,"/Defs/ThingDef[defName=""Bulwark""]/statBases"
Jawa Doctrine Patches,mandrake.jawa.doctrine,Patches/MegafaunaYield.xml,"/Defs/ThingDef[defName=""BroodLord""]/statBases/MeatAmount"
Jawa Doctrine Patches,mandrake.jawa.doctrine,Patches/MegafaunaYield.xml,"/Defs/ThingDef[defName=""BroodLord""]/statBases/MeatAmount"
Jawa Doctrine Patches,mandrake.jawa.doctrine,Patches/MegafaunaYield.xml,"/Defs/ThingDef[defName=""BroodLord""]/statBases"
Jawa Doctrine Patches,mandrake.jawa.doctrine,Patches/MegafaunaYield.xml,"/Defs/ThingDef[defName=""BroodLord""]/statBases/BoneAmount"
Jawa Doctrine Patches,mandrake.jawa.doctrine,Patches/MegafaunaYield.xml,"/Defs/ThingDef[defName=""BroodLord""]/statBases/BoneAmount"
Jawa Doctrine Patches,mandrake.jawa.doctrine,Patches/MegafaunaYield.xml,"/Defs/ThingDef[defName=""BroodLord""]/statBases"
Jawa Doctrine Patches,mandrake.jawa.doctrine,Patches/MegafaunaYield.xml,"/Defs/ThingDef[defName=""Harvester""]/statBases/MeatAmount"
Jawa Doctrine Patches,mandrake.jawa.doctrine,Patches/MegafaunaYield.xml,"/Defs/ThingDef[defName=""Harvester""]/statBases/MeatAmount"
Jawa Doctrine Patches,mandrake.jawa.doctrine,Patches/MegafaunaYield.xml,"/Defs/ThingDef[defName=""Harvester""]/statBases"
Jawa Doctrine Patches,mandrake.jawa.doctrine,Patches/MegafaunaYield.xml,"/Defs/ThingDef[defName=""Harvester""]/statBases/BoneAmount"
Jawa Doctrine Patches,mandrake.jawa.doctrine,Patches/MegafaunaYield.xml,"/Defs/ThingDef[defName=""Harvester""]/statBases/BoneAmount"
Jawa Doctrine Patches,mandrake.jawa.doctrine,Patches/MegafaunaYield.xml,"/Defs/ThingDef[defName=""Harvester""]/statBases"
Jawa Doctrine Patches,mandrake.jawa.doctrine,Patches/MegafaunaYield.xml,"/Defs/ThingDef[defName=""SW_Electricgryllotalpa""]/statBases/MeatAmount"
Jawa Doctrine Patches,mandrake.jawa.doctrine,Patches/MegafaunaYield.xml,"/Defs/ThingDef[defName=""SW_Electricgryllotalpa""]/statBases/MeatAmount"
Jawa Doctrine Patches,mandrake.jawa.doctrine,Patches/MegafaunaYield.xml,"/Defs/ThingDef[defName=""SW_Electricgryllotalpa""]/statBases"
Jawa Doctrine Patches,mandrake.jawa.doctrine,Patches/MegafaunaYield.xml,"/Defs/ThingDef[defName=""SW_Electricgryllotalpa""]/statBases/BoneAmount"
Jawa Doctrine Patches,mandrake.jawa.doctrine,Patches/MegafaunaYield.xml,"/Defs/ThingDef[defName=""SW_Electricgryllotalpa""]/statBases/BoneAmount"
Jawa Doctrine Patches,mandrake.jawa.doctrine,Patches/MegafaunaYield.xml,"/Defs/ThingDef[defName=""SW_Electricgryllotalpa""]/statBases"
Jawa Doctrine Patches,mandrake.jawa.doctrine,Patches/MegafaunaYield.xml,"/Defs/ThingDef[defName=""SW_Emperorisopod""]/statBases/MeatAmount"
Jawa Doctrine Patches,mandrake.jawa.doctrine,Patches/MegafaunaYield.xml,"/Defs/ThingDef[defName=""SW_Emperorisopod""]/statBases/MeatAmount"
Jawa Doctrine Patches,mandrake.jawa.doctrine,Patches/MegafaunaYield.xml,"/Defs/ThingDef[defName=""SW_Emperorisopod""]/statBases"
Jawa Doctrine Patches,mandrake.jawa.doctrine,Patches/MegafaunaYield.xml,"/Defs/ThingDef[defName=""SW_Emperorisopod""]/statBases/BoneAmount"
Jawa Doctrine Patches,mandrake.jawa.doctrine,Patches/MegafaunaYield.xml,"/Defs/ThingDef[defName=""SW_Emperorisopod""]/statBases/BoneAmount"
Jawa Doctrine Patches,mandrake.jawa.doctrine,Patches/MegafaunaYield.xml,"/Defs/ThingDef[defName=""SW_Emperorisopod""]/statBases"
Jawa Doctrine Patches,mandrake.jawa.doctrine,Patches/MegafaunaYield.xml,"/Defs/ThingDef[defName=""SW_Grenadierworm""]/statBases/MeatAmount"
Jawa Doctrine Patches,mandrake.jawa.doctrine,Patches/MegafaunaYield.xml,"/Defs/ThingDef[defName=""SW_Grenadierworm""]/statBases/MeatAmount"
Jawa Doctrine Patches,mandrake.jawa.doctrine,Patches/MegafaunaYield.xml,"/Defs/ThingDef[defName=""SW_Grenadierworm""]/statBases"
Jawa Doctrine Patches,mandrake.jawa.doctrine,Patches/MegafaunaYield.xml,"/Defs/ThingDef[defName=""SW_Grenadierworm""]/statBases/BoneAmount"
Jawa Doctrine Patches,mandrake.jawa.doctrine,Patches/MegafaunaYield.xml,"/Defs/ThingDef[defName=""SW_Grenadierworm""]/statBases/BoneAmount"
Jawa Doctrine Patches,mandrake.jawa.doctrine,Patches/MegafaunaYield.xml,"/Defs/ThingDef[defName=""SW_Grenadierworm""]/statBases"
Jawa Doctrine Patches,mandrake.jawa.doctrine,Patches/MegafaunaYield.xml,"/Defs/ThingDef[defName=""SW_Juggernautbeetles""]/statBases/MeatAmount"
Jawa Doctrine Patches,mandrake.jawa.doctrine,Patches/MegafaunaYield.xml,"/Defs/ThingDef[defName=""SW_Juggernautbeetles""]/statBases/MeatAmount"
Jawa Doctrine Patches,mandrake.jawa.doctrine,Patches/MegafaunaYield.xml,"/Defs/ThingDef[defName=""SW_Juggernautbeetles""]/statBases"
Jawa Doctrine Patches,mandrake.jawa.doctrine,Patches/MegafaunaYield.xml,"/Defs/ThingDef[defName=""SW_Juggernautbeetles""]/statBases/BoneAmount"
Jawa Doctrine Patches,mandrake.jawa.doctrine,Patches/MegafaunaYield.xml,"/Defs/ThingDef[defName=""SW_Juggernautbeetles""]/statBases/BoneAmount"
Jawa Doctrine Patches,mandrake.jawa.doctrine,Patches/MegafaunaYield.xml,"/Defs/ThingDef[defName=""SW_Juggernautbeetles""]/statBases"
Jawa Doctrine Patches,mandrake.jawa.doctrine,Patches/MegafaunaYield.xml,"/Defs/ThingDef[defName=""JRWAbrictosaurus""]/statBases/MeatAmount"
Jawa Doctrine Patches,mandrake.jawa.doctrine,Patches/MegafaunaYield.xml,"/Defs/ThingDef[defName=""JRWAbrictosaurus""]/statBases/MeatAmount"
Jawa Doctrine Patches,mandrake.jawa.doctrine,Patches/MegafaunaYield.xml,"/Defs/ThingDef[defName=""JRWAbrictosaurus""]/statBases"
Jawa Doctrine Patches,mandrake.jawa.doctrine,Patches/MegafaunaYield.xml,"/Defs/ThingDef[defName=""JRWAbrictosaurus""]/statBases/BoneAmount"
Jawa Doctrine Patches,mandrake.jawa.doctrine,Patches/MegafaunaYield.xml,"/Defs/ThingDef[defName=""JRWAbrictosaurus""]/statBases/BoneAmount"
Jawa Doctrine Patches,mandrake.jawa.doctrine,Patches/MegafaunaYield.xml,"/Defs/ThingDef[defName=""JRWAbrictosaurus""]/statBases"
Jawa Doctrine Patches,mandrake.jawa.doctrine,Patches/MegafaunaYield.xml,"/Defs/ThingDef[defName=""JRWAcrocanthosaurus""]/statBases/MeatAmount"
Jawa Doctrine Patches,mandrake.jawa.doctrine,Patches/MegafaunaYield.xml,"/Defs/ThingDef[defName=""JRWAcrocanthosaurus""]/statBases/MeatAmount"
Jawa Doctrine Patches,mandrake.jawa.doctrine,Patches/MegafaunaYield.xml,"/Defs/ThingDef[defName=""JRWAcrocanthosaurus""]/statBases"
Jawa Doctrine Patches,mandrake.jawa.doctrine,Patches/MegafaunaYield.xml,"/Defs/ThingDef[defName=""JRWAcrocanthosaurus""]/statBases/BoneAmount"
Jawa Doctrine Patches,mandrake.jawa.doctrine,Patches/MegafaunaYield.xml,"/Defs/ThingDef[defName=""JRWAcrocanthosaurus""]/statBases/BoneAmount"
Jawa Doctrine Patches,mandrake.jawa.doctrine,Patches/MegafaunaYield.xml,"/Defs/ThingDef[defName=""JRWAcrocanthosaurus""]/statBases"
Jawa Doctrine Patches,mandrake.jawa.doctrine,Patches/MegafaunaYield.xml,"/Defs/ThingDef[defName=""JRWAdalia""]/statBases/MeatAmount"
Jawa Doctrine Patches,mandrake.jawa.doctrine,Patches/MegafaunaYield.xml,"/Defs/ThingDef[defName=""JRWAdalia""]/statBases/MeatAmount"
Jawa Doctrine Patches,mandrake.jawa.doctrine,Patches/MegafaunaYield.xml,"/Defs/ThingDef[defName=""JRWAdalia""]/statBases"
Jawa Doctrine Patches,mandrake.jawa.doctrine,Patches/MegafaunaYield.xml,"/Defs/ThingDef[defName=""JRWAdalia""]/statBases/BoneAmount"
Jawa Doctrine Patches,mandrake.jawa.doctrine,Patches/MegafaunaYield.xml,"/Defs/ThingDef[defName=""JRWAdalia""]/statBases/BoneAmount"
Jawa Doctrine Patches,mandrake.jawa.doctrine,Patches/MegafaunaYield.xml,"/Defs/ThingDef[defName=""JRWAdalia""]/statBases"
Jawa Doctrine Patches,mandrake.jawa.doctrine,Patches/MegafaunaYield.xml,"/Defs/ThingDef[defName=""JRWAgilisaurus""]/statBases/MeatAmount"
Jawa Doctrine Patches,mandrake.jawa.doctrine,Patches/MegafaunaYield.xml,"/Defs/ThingDef[defName=""JRWAgilisaurus""]/statBases/MeatAmount"
Jawa Doctrine Patches,mandrake.jawa.doctrine,Patches/MegafaunaYield.xml,"/Defs/ThingDef[defName=""JRWAgilisaurus""]/statBases"
Jawa Doctrine Patches,mandrake.jawa.doctrine,Patches/MegafaunaYield.xml,"/Defs/ThingDef[defName=""JRWAgilisaurus""]/statBases/BoneAmount"
Jawa Doctrine Patches,mandrake.jawa.doctrine,Patches/MegafaunaYield.xml,"/Defs/ThingDef[defName=""JRWAgilisaurus""]/statBases/BoneAmount"
Jawa Doctrine Patches,mandrake.jawa.doctrine,Patches/MegafaunaYield.xml,"/Defs/ThingDef[defName=""JRWAgilisaurus""]/statBases"
Jawa Doctrine Patches,mandrake.jawa.doctrine,Patches/MegafaunaYield.xml,"/Defs/ThingDef[defName=""JRWAlbertosaurus""]/statBases/MeatAmount"
Jawa Doctrine Patches,mandrake.jawa.doctrine,Patches/MegafaunaYield.xml,"/Defs/ThingDef[defName=""JRWAlbertosaurus""]/statBases/MeatAmount"
Jawa Doctrine Patches,mandrake.jawa.doctrine,Patches/MegafaunaYield.xml,"/Defs/ThingDef[defName=""JRWAlbertosaurus""]/statBases"
Jawa Doctrine Patches,mandrake.jawa.doctrine,Patches/MegafaunaYield.xml,"/Defs/ThingDef[defName=""JRWAlbertosaurus""]/statBases/BoneAmount"
Jawa Doctrine Patches,mandrake.jawa.doctrine,Patches/MegafaunaYield.xml,"/Defs/ThingDef[defName=""JRWAlbertosaurus""]/statBases/BoneAmount"
Jawa Doctrine Patches,mandrake.jawa.doctrine,Patches/MegafaunaYield.xml,"/Defs/ThingDef[defName=""JRWAlbertosaurus""]/statBases"
Jawa Doctrine Patches,mandrake.jawa.doctrine,Patches/MegafaunaYield.xml,"/Defs/ThingDef[defName=""JRWAllosaurus""]/statBases/MeatAmount"
Jawa Doctrine Patches,mandrake.jawa.doctrine,Patches/MegafaunaYield.xml,"/Defs/ThingDef[defName=""JRWAllosaurus""]/statBases/MeatAmount"
Jawa Doctrine Patches,mandrake.jawa.doctrine,Patches/MegafaunaYield.xml,"/Defs/ThingDef[defName=""JRWAllosaurus""]/statBases"
Jawa Doctrine Patches,mandrake.jawa.doctrine,Patches/MegafaunaYield.xml,"/Defs/ThingDef[defName=""JRWAllosaurus""]/statBases/BoneAmount"
Jawa Doctrine Patches,mandrake.jawa.doctrine,Patches/MegafaunaYield.xml,"/Defs/ThingDef[defName=""JRWAllosaurus""]/statBases/BoneAmount"
Jawa Doctrine Patches,mandrake.jawa.doctrine,Patches/MegafaunaYield.xml,"/Defs/ThingDef[defName=""JRWAllosaurus""]/statBases"
Jawa Doctrine Patches,mandrake.jawa.doctrine,Patches/MegafaunaYield.xml,"/Defs/ThingDef[defName=""JRWAnkylosaurus""]/statBases/MeatAmount"
Jawa Doctrine Patches,mandrake.jawa.doctrine,Patches/MegafaunaYield.xml,"/Defs/ThingDef[defName=""JRWAnkylosaurus""]/statBases/MeatAmount"
Jawa Doctrine Patches,mandrake.jawa.doctrine,Patches/MegafaunaYield.xml,"/Defs/ThingDef[defName=""JRWAnkylosaurus""]/statBases"
Jawa Doctrine Patches,mandrake.jawa.doctrine,Patches/MegafaunaYield.xml,"/Defs/ThingDef[defName=""JRWAnkylosaurus""]/statBases/BoneAmount"
Jawa Doctrine Patches,mandrake.jawa.doctrine,Patches/MegafaunaYield.xml,"/Defs/ThingDef[defName=""JRWAnkylosaurus""]/statBases/BoneAmount"
Jawa Doctrine Patches,mandrake.jawa.doctrine,Patches/MegafaunaYield.xml,"/Defs/ThingDef[defName=""JRWAnkylosaurus""]/statBases"
Jawa Doctrine Patches,mandrake.jawa.doctrine,Patches/MegafaunaYield.xml,"/Defs/ThingDef[defName=""JRWAntarctopelta""]/statBases/MeatAmount"
Jawa Doctrine Patches,mandrake.jawa.doctrine,Patches/MegafaunaYield.xml,"/Defs/ThingDef[defName=""JRWAntarctopelta""]/statBases/MeatAmount"
Jawa Doctrine Patches,mandrake.jawa.doctrine,Patches/MegafaunaYield.xml,"/Defs/ThingDef[defName=""JRWAntarctopelta""]/statBases"
Jawa Doctrine Patches,mandrake.jawa.doctrine,Patches/MegafaunaYield.xml,"/Defs/ThingDef[defName=""JRWAntarctopelta""]/statBases/BoneAmount"
Jawa Doctrine Patches,mandrake.jawa.doctrine,Patches/MegafaunaYield.xml,"/Defs/ThingDef[defName=""JRWAntarctopelta""]/statBases/BoneAmount"
Jawa Doctrine Patches,mandrake.jawa.doctrine,Patches/MegafaunaYield.xml,"/Defs/ThingDef[defName=""JRWAntarctopelta""]/statBases"
Jawa Doctrine Patches,mandrake.jawa.doctrine,Patches/MegafaunaYield.xml,"/Defs/ThingDef[defName=""JRWApatosaurus""]/statBases/MeatAmount"
Jawa Doctrine Patches,mandrake.jawa.doctrine,Patches/MegafaunaYield.xml,"/Defs/ThingDef[defName=""JRWApatosaurus""]/statBases/MeatAmount"
Jawa Doctrine Patches,mandrake.jawa.doctrine,Patches/MegafaunaYield.xml,"/Defs/ThingDef[defName=""JRWApatosaurus""]/statBases"
Jawa Doctrine Patches,mandrake.jawa.doctrine,Patches/MegafaunaYield.xml,"/Defs/ThingDef[defName=""JRWApatosaurus""]/statBases/BoneAmount"
Jawa Doctrine Patches,mandrake.jawa.doctrine,Patches/MegafaunaYield.xml,"/Defs/ThingDef[defName=""JRWApatosaurus""]/statBases/BoneAmount"
Jawa Doctrine Patches,mandrake.jawa.doctrine,Patches/MegafaunaYield.xml,"/Defs/ThingDef[defName=""JRWApatosaurus""]/statBases"
Jawa Doctrine Patches,mandrake.jawa.doctrine,Patches/MegafaunaYield.xml,"/Defs/ThingDef[defName=""JRWArchaeopteryx""]/statBases/MeatAmount"
Jawa Doctrine Patches,mandrake.jawa.doctrine,Patches/MegafaunaYield.xml,"/Defs/ThingDef[defName=""JRWArchaeopteryx""]/statBases/MeatAmount"
Jawa Doctrine Patches,mandrake.jawa.doctrine,Patches/MegafaunaYield.xml,"/Defs/ThingDef[defName=""JRWArchaeopteryx""]/statBases"
Jawa Doctrine Patches,mandrake.jawa.doctrine,Patches/MegafaunaYield.xml,"/Defs/ThingDef[defName=""JRWArchaeopteryx""]/statBases/BoneAmount"
Jawa Doctrine Patches,mandrake.jawa.doctrine,Patches/MegafaunaYield.xml,"/Defs/ThingDef[defName=""JRWArchaeopteryx""]/statBases/BoneAmount"
Jawa Doctrine Patches,mandrake.jawa.doctrine,Patches/MegafaunaYield.xml,"/Defs/ThingDef[defName=""JRWArchaeopteryx""]/statBases"
Jawa Doctrine Patches,mandrake.jawa.doctrine,Patches/MegafaunaYield.xml,"/Defs/ThingDef[defName=""JRWArgentinosaurus""]/statBases/MeatAmount"
Jawa Doctrine Patches,mandrake.jawa.doctrine,Patches/MegafaunaYield.xml,"/Defs/ThingDef[defName=""JRWArgentinosaurus""]/statBases/MeatAmount"
Jawa Doctrine Patches,mandrake.jawa.doctrine,Patches/MegafaunaYield.xml,"/Defs/ThingDef[defName=""JRWArgentinosaurus""]/statBases"
Jawa Doctrine Patches,mandrake.jawa.doctrine,Patches/MegafaunaYield.xml,"/Defs/ThingDef[defName=""JRWArgentinosaurus""]/statBases/BoneAmount"
Jawa Doctrine Patches,mandrake.jawa.doctrine,Patches/MegafaunaYield.xml,"/Defs/ThingDef[defName=""JRWArgentinosaurus""]/statBases/BoneAmount"
Jawa Doctrine Patches,mandrake.jawa.doctrine,Patches/MegafaunaYield.xml,"/Defs/ThingDef[defName=""JRWArgentinosaurus""]/statBases"
Jawa Doctrine Patches,mandrake.jawa.doctrine,Patches/MegafaunaYield.xml,"/Defs/ThingDef[defName=""JRWArthropleura""]/statBases/MeatAmount"
Jawa Doctrine Patches,mandrake.jawa.doctrine,Patches/MegafaunaYield.xml,"/Defs/ThingDef[defName=""JRWArthropleura""]/statBases/MeatAmount"
Jawa Doctrine Patches,mandrake.jawa.doctrine,Patches/MegafaunaYield.xml,"/Defs/ThingDef[defName=""JRWArthropleura""]/statBases"
Jawa Doctrine Patches,mandrake.jawa.doctrine,Patches/MegafaunaYield.xml,"/Defs/ThingDef[defName=""JRWArthropleura""]/statBases/BoneAmount"
Jawa Doctrine Patches,mandrake.jawa.doctrine,Patches/MegafaunaYield.xml,"/Defs/ThingDef[defName=""JRWArthropleura""]/statBases/BoneAmount"
Jawa Doctrine Patches,mandrake.jawa.doctrine,Patches/MegafaunaYield.xml,"/Defs/ThingDef[defName=""JRWArthropleura""]/statBases"
Jawa Doctrine Patches,mandrake.jawa.doctrine,Patches/MegafaunaYield.xml,"/Defs/ThingDef[defName=""JRWBagaceratops""]/statBases/MeatAmount"
Jawa Doctrine Patches,mandrake.jawa.doctrine,Patches/MegafaunaYield.xml,"/Defs/ThingDef[defName=""JRWBagaceratops""]/statBases/MeatAmount"
Jawa Doctrine Patches,mandrake.jawa.doctrine,Patches/MegafaunaYield.xml,"/Defs/ThingDef[defName=""JRWBagaceratops""]/statBases"
Jawa Doctrine Patches,mandrake.jawa.doctrine,Patches/MegafaunaYield.xml,"/Defs/ThingDef[defName=""JRWBagaceratops""]/statBases/BoneAmount"
Jawa Doctrine Patches,mandrake.jawa.doctrine,Patches/MegafaunaYield.xml,"/Defs/ThingDef[defName=""JRWBagaceratops""]/statBases/BoneAmount"
Jawa Doctrine Patches,mandrake.jawa.doctrine,Patches/MegafaunaYield.xml,"/Defs/ThingDef[defName=""JRWBagaceratops""]/statBases"
Jawa Doctrine Patches,mandrake.jawa.doctrine,Patches/MegafaunaYield.xml,"/Defs/ThingDef[defName=""JRWBaryonyx""]/statBases/MeatAmount"
Jawa Doctrine Patches,mandrake.jawa.doctrine,Patches/MegafaunaYield.xml,"/Defs/ThingDef[defName=""JRWBaryonyx""]/statBases/MeatAmount"
Jawa Doctrine Patches,mandrake.jawa.doctrine,Patches/MegafaunaYield.xml,"/Defs/ThingDef[defName=""JRWBaryonyx""]/statBases"
Jawa Doctrine Patches,mandrake.jawa.doctrine,Patches/MegafaunaYield.xml,"/Defs/ThingDef[defName=""JRWBaryonyx""]/statBases/BoneAmount"
Jawa Doctrine Patches,mandrake.jawa.doctrine,Patches/MegafaunaYield.xml,"/Defs/ThingDef[defName=""JRWBaryonyx""]/statBases/BoneAmount"
Jawa Doctrine Patches,mandrake.jawa.doctrine,Patches/MegafaunaYield.xml,"/Defs/ThingDef[defName=""JRWBaryonyx""]/statBases"
Jawa Doctrine Patches,mandrake.jawa.doctrine,Patches/MegafaunaYield.xml,"/Defs/ThingDef[defName=""JRWBaseopsis""]/statBases/MeatAmount"
Jawa Doctrine Patches,mandrake.jawa.doctrine,Patches/MegafaunaYield.xml,"/Defs/ThingDef[defName=""JRWBaseopsis""]/statBases/MeatAmount"
Jawa Doctrine Patches,mandrake.jawa.doctrine,Patches/MegafaunaYield.xml,"/Defs/ThingDef[defName=""JRWBaseopsis""]/statBases"
Jawa Doctrine Patches,mandrake.jawa.doctrine,Patches/MegafaunaYield.xml,"/Defs/ThingDef[defName=""JRWBaseopsis""]/statBases/BoneAmount"
Jawa Doctrine Patches,mandrake.jawa.doctrine,Patches/MegafaunaYield.xml,"/Defs/ThingDef[defName=""JRWBaseopsis""]/statBases/BoneAmount"
Jawa Doctrine Patches,mandrake.jawa.doctrine,Patches/MegafaunaYield.xml,"/Defs/ThingDef[defName=""JRWBaseopsis""]/statBases"
Jawa Doctrine Patches,mandrake.jawa.doctrine,Patches/MegafaunaYield.xml,"/Defs/ThingDef[defName=""JRWBecklespinax""]/statBases/MeatAmount"
Jawa Doctrine Patches,mandrake.jawa.doctrine,Patches/MegafaunaYield.xml,"/Defs/ThingDef[defName=""JRWBecklespinax""]/statBases/MeatAmount"
Jawa Doctrine Patches,mandrake.jawa.doctrine,Patches/MegafaunaYield.xml,"/Defs/ThingDef[defName=""JRWBecklespinax""]/statBases"
Jawa Doctrine Patches,mandrake.jawa.doctrine,Patches/MegafaunaYield.xml,"/Defs/ThingDef[defName=""JRWBecklespinax""]/statBases/BoneAmount"
Jawa Doctrine Patches,mandrake.jawa.doctrine,Patches/MegafaunaYield.xml,"/Defs/ThingDef[defName=""JRWBecklespinax""]/statBases/BoneAmount"
Jawa Doctrine Patches,mandrake.jawa.doctrine,Patches/MegafaunaYield.xml,"/Defs/ThingDef[defName=""JRWBecklespinax""]/statBases"
Jawa Doctrine Patches,mandrake.jawa.doctrine,Patches/MegafaunaYield.xml,"/Defs/ThingDef[defName=""JRWBeelzebufo""]/statBases/MeatAmount"
Jawa Doctrine Patches,mandrake.jawa.doctrine,Patches/MegafaunaYield.xml,"/Defs/ThingDef[defName=""JRWBeelzebufo""]/statBases/MeatAmount"
Jawa Doctrine Patches,mandrake.jawa.doctrine,Patches/MegafaunaYield.xml,"/Defs/ThingDef[defName=""JRWBeelzebufo""]/statBases"
Jawa Doctrine Patches,mandrake.jawa.doctrine,Patches/MegafaunaYield.xml,"/Defs/ThingDef[defName=""JRWBeelzebufo""]/statBases/BoneAmount"
Jawa Doctrine Patches,mandrake.jawa.doctrine,Patches/MegafaunaYield.xml,"/Defs/ThingDef[defName=""JRWBeelzebufo""]/statBases/BoneAmount"
Jawa Doctrine Patches,mandrake.jawa.doctrine,Patches/MegafaunaYield.xml,"/Defs/ThingDef[defName=""JRWBeelzebufo""]/statBases"
Jawa Doctrine Patches,mandrake.jawa.doctrine,Patches/MegafaunaYield.xml,"/Defs/ThingDef[defName=""JRWBernicia""]/statBases/MeatAmount"
Jawa Doctrine Patches,mandrake.jawa.doctrine,Patches/MegafaunaYield.xml,"/Defs/ThingDef[defName=""JRWBernicia""]/statBases/MeatAmount"
Jawa Doctrine Patches,mandrake.jawa.doctrine,Patches/MegafaunaYield.xml,"/Defs/ThingDef[defName=""JRWBernicia""]/statBases"
Jawa Doctrine Patches,mandrake.jawa.doctrine,Patches/MegafaunaYield.xml,"/Defs/ThingDef[defName=""JRWBernicia""]/statBases/BoneAmount"
Jawa Doctrine Patches,mandrake.jawa.doctrine,Patches/MegafaunaYield.xml,"/Defs/ThingDef[defName=""JRWBernicia""]/statBases/BoneAmount"
Jawa Doctrine Patches,mandrake.jawa.doctrine,Patches/MegafaunaYield.xml,"/Defs/ThingDef[defName=""JRWBernicia""]/statBases"
Jawa Doctrine Patches,mandrake.jawa.doctrine,Patches/MegafaunaYield.xml,"/Defs/ThingDef[defName=""JRWBrachiosaurus""]/statBases/MeatAmount"
Jawa Doctrine Patches,mandrake.jawa.doctrine,Patches/MegafaunaYield.xml,"/Defs/ThingDef[defName=""JRWBrachiosaurus""]/statBases/MeatAmount"
Jawa Doctrine Patches,mandrake.jawa.doctrine,Patches/MegafaunaYield.xml,"/Defs/ThingDef[defName=""JRWBrachiosaurus""]/statBases"
Jawa Doctrine Patches,mandrake.jawa.doctrine,Patches/MegafaunaYield.xml,"/Defs/ThingDef[defName=""JRWBrachiosaurus""]/statBases/BoneAmount"
Jawa Doctrine Patches,mandrake.jawa.doctrine,Patches/MegafaunaYield.xml,"/Defs/ThingDef[defName=""JRWBrachiosaurus""]/statBases/BoneAmount"
Jawa Doctrine Patches,mandrake.jawa.doctrine,Patches/MegafaunaYield.xml,"/Defs/ThingDef[defName=""JRWBrachiosaurus""]/statBases"
Jawa Doctrine Patches,mandrake.jawa.doctrine,Patches/MegafaunaYield.xml,"/Defs/ThingDef[defName=""JRWBrachytrachelopan""]/statBases/MeatAmount"
Jawa Doctrine Patches,mandrake.jawa.doctrine,Patches/MegafaunaYield.xml,"/Defs/ThingDef[defName=""JRWBrachytrachelopan""]/statBases/MeatAmount"
Jawa Doctrine Patches,mandrake.jawa.doctrine,Patches/MegafaunaYield.xml,"/Defs/ThingDef[defName=""JRWBrachytrachelopan""]/statBases"
Jawa Doctrine Patches,mandrake.jawa.doctrine,Patches/MegafaunaYield.xml,"/Defs/ThingDef[defName=""JRWBrachytrachelopan""]/statBases/BoneAmount"
Jawa Doctrine Patches,mandrake.jawa.doctrine,Patches/MegafaunaYield.xml,"/Defs/ThingDef[defName=""JRWBrachytrachelopan""]/statBases/BoneAmount"
Jawa Doctrine Patches,mandrake.jawa.doctrine,Patches/MegafaunaYield.xml,"/Defs/ThingDef[defName=""JRWBrachytrachelopan""]/statBases"
Jawa Doctrine Patches,mandrake.jawa.doctrine,Patches/MegafaunaYield.xml,"/Defs/ThingDef[defName=""JRWCaihong""]/statBases/MeatAmount"
Jawa Doctrine Patches,mandrake.jawa.doctrine,Patches/MegafaunaYield.xml,"/Defs/ThingDef[defName=""JRWCaihong""]/statBases/MeatAmount"
Jawa Doctrine Patches,mandrake.jawa.doctrine,Patches/MegafaunaYield.xml,"/Defs/ThingDef[defName=""JRWCaihong""]/statBases"
Jawa Doctrine Patches,mandrake.jawa.doctrine,Patches/MegafaunaYield.xml,"/Defs/ThingDef[defName=""JRWCaihong""]/statBases/BoneAmount"
Jawa Doctrine Patches,mandrake.jawa.doctrine,Patches/MegafaunaYield.xml,"/Defs/ThingDef[defName=""JRWCaihong""]/statBases/BoneAmount"
Jawa Doctrine Patches,mandrake.jawa.doctrine,Patches/MegafaunaYield.xml,"/Defs/ThingDef[defName=""JRWCaihong""]/statBases"
Jawa Doctrine Patches,mandrake.jawa.doctrine,Patches/MegafaunaYield.xml,"/Defs/ThingDef[defName=""JRWCamarasaurus""]/statBases/MeatAmount"
Jawa Doctrine Patches,mandrake.jawa.doctrine,Patches/MegafaunaYield.xml,"/Defs/ThingDef[defName=""JRWCamarasaurus""]/statBases/MeatAmount"
Jawa Doctrine Patches,mandrake.jawa.doctrine,Patches/MegafaunaYield.xml,"/Defs/ThingDef[defName=""JRWCamarasaurus""]/statBases"
Jawa Doctrine Patches,mandrake.jawa.doctrine,Patches/MegafaunaYield.xml,"/Defs/ThingDef[defName=""JRWCamarasaurus""]/statBases/BoneAmount"
Jawa Doctrine Patches,mandrake.jawa.doctrine,Patches/MegafaunaYield.xml,"/Defs/ThingDef[defName=""JRWCamarasaurus""]/statBases/BoneAmount"
Jawa Doctrine Patches,mandrake.jawa.doctrine,Patches/MegafaunaYield.xml,"/Defs/ThingDef[defName=""JRWCamarasaurus""]/statBases"
Jawa Doctrine Patches,mandrake.jawa.doctrine,Patches/MegafaunaYield.xml,"/Defs/ThingDef[defName=""JRWCamptosaurus""]/statBases/MeatAmount"
Jawa Doctrine Patches,mandrake.jawa.doctrine,Patches/MegafaunaYield.xml,"/Defs/ThingDef[defName=""JRWCamptosaurus""]/statBases/MeatAmount"
Jawa Doctrine Patches,mandrake.jawa.doctrine,Patches/MegafaunaYield.xml,"/Defs/ThingDef[defName=""JRWCamptosaurus""]/statBases"
Jawa Doctrine Patches,mandrake.jawa.doctrine,Patches/MegafaunaYield.xml,"/Defs/ThingDef[defName=""JRWCamptosaurus""]/statBases/BoneAmount"
Jawa Doctrine Patches,mandrake.jawa.doctrine,Patches/MegafaunaYield.xml,"/Defs/ThingDef[defName=""JRWCamptosaurus""]/statBases/BoneAmount"
Jawa Doctrine Patches,mandrake.jawa.doctrine,Patches/MegafaunaYield.xml,"/Defs/ThingDef[defName=""JRWCamptosaurus""]/statBases"
Jawa Doctrine Patches,mandrake.jawa.doctrine,Patches/MegafaunaYield.xml,"/Defs/ThingDef[defName=""JRWCarcharodontosaurus""]/statBases/MeatAmount"
Jawa Doctrine Patches,mandrake.jawa.doctrine,Patches/MegafaunaYield.xml,"/Defs/ThingDef[defName=""JRWCarcharodontosaurus""]/statBases/MeatAmount"
Jawa Doctrine Patches,mandrake.jawa.doctrine,Patches/MegafaunaYield.xml,"/Defs/ThingDef[defName=""JRWCarcharodontosaurus""]/statBases"
Jawa Doctrine Patches,mandrake.jawa.doctrine,Patches/MegafaunaYield.xml,"/Defs/ThingDef[defName=""JRWCarcharodontosaurus""]/statBases/BoneAmount"
Jawa Doctrine Patches,mandrake.jawa.doctrine,Patches/MegafaunaYield.xml,"/Defs/ThingDef[defName=""JRWCarcharodontosaurus""]/statBases/BoneAmount"
Jawa Doctrine Patches,mandrake.jawa.doctrine,Patches/MegafaunaYield.xml,"/Defs/ThingDef[defName=""JRWCarcharodontosaurus""]/statBases"
Jawa Doctrine Patches,mandrake.jawa.doctrine,Patches/MegafaunaYield.xml,"/Defs/ThingDef[defName=""JRWCarnotaurus""]/statBases/MeatAmount"
Jawa Doctrine Patches,mandrake.jawa.doctrine,Patches/MegafaunaYield.xml,"/Defs/ThingDef[defName=""JRWCarnotaurus""]/statBases/MeatAmount"
Jawa Doctrine Patches,mandrake.jawa.doctrine,Patches/MegafaunaYield.xml,"/Defs/ThingDef[defName=""JRWCarnotaurus""]/statBases"
Jawa Doctrine Patches,mandrake.jawa.doctrine,Patches/MegafaunaYield.xml,"/Defs/ThingDef[defName=""JRWCarnotaurus""]/statBases/BoneAmount"
Jawa Doctrine Patches,mandrake.jawa.doctrine,Patches/MegafaunaYield.xml,"/Defs/ThingDef[defName=""JRWCarnotaurus""]/statBases/BoneAmount"
Jawa Doctrine Patches,mandrake.jawa.doctrine,Patches/MegafaunaYield.xml,"/Defs/ThingDef[defName=""JRWCarnotaurus""]/statBases"
Jawa Doctrine Patches,mandrake.jawa.doctrine,Patches/MegafaunaYield.xml,"/Defs/ThingDef[defName=""JRWCeratosaurus""]/statBases/MeatAmount"
Jawa Doctrine Patches,mandrake.jawa.doctrine,Patches/MegafaunaYield.xml,"/Defs/ThingDef[defName=""JRWCeratosaurus""]/statBases/MeatAmount"
Jawa Doctrine Patches,mandrake.jawa.doctrine,Patches/MegafaunaYield.xml,"/Defs/ThingDef[defName=""JRWCeratosaurus""]/statBases"
Jawa Doctrine Patches,mandrake.jawa.doctrine,Patches/MegafaunaYield.xml,"/Defs/ThingDef[defName=""JRWCeratosaurus""]/statBases/BoneAmount"
Jawa Doctrine Patches,mandrake.jawa.doctrine,Patches/MegafaunaYield.xml,"/Defs/ThingDef[defName=""JRWCeratosaurus""]/statBases/BoneAmount"
Jawa Doctrine Patches,mandrake.jawa.doctrine,Patches/MegafaunaYield.xml,"/Defs/ThingDef[defName=""JRWCeratosaurus""]/statBases"
Jawa Doctrine Patches,mandrake.jawa.doctrine,Patches/MegafaunaYield.xml,"/Defs/ThingDef[defName=""JRWCoahuilaceratops""]/statBases/MeatAmount"
Jawa Doctrine Patches,mandrake.jawa.doctrine,Patches/MegafaunaYield.xml,"/Defs/ThingDef[defName=""JRWCoahuilaceratops""]/statBases/MeatAmount"
Jawa Doctrine Patches,mandrake.jawa.doctrine,Patches/MegafaunaYield.xml,"/Defs/ThingDef[defName=""JRWCoahuilaceratops""]/statBases"
Jawa Doctrine Patches,mandrake.jawa.doctrine,Patches/MegafaunaYield.xml,"/Defs/ThingDef[defName=""JRWCoahuilaceratops""]/statBases/BoneAmount"
Jawa Doctrine Patches,mandrake.jawa.doctrine,Patches/MegafaunaYield.xml,"/Defs/ThingDef[defName=""JRWCoahuilaceratops""]/statBases/BoneAmount"
Jawa Doctrine Patches,mandrake.jawa.doctrine,Patches/MegafaunaYield.xml,"/Defs/ThingDef[defName=""JRWCoahuilaceratops""]/statBases"
Jawa Doctrine Patches,mandrake.jawa.doctrine,Patches/MegafaunaYield.xml,"/Defs/ThingDef[defName=""JRWCoelophysis""]/statBases/MeatAmount"
Jawa Doctrine Patches,mandrake.jawa.doctrine,Patches/MegafaunaYield.xml,"/Defs/ThingDef[defName=""JRWCoelophysis""]/statBases/MeatAmount"
Jawa Doctrine Patches,mandrake.jawa.doctrine,Patches/MegafaunaYield.xml,"/Defs/ThingDef[defName=""JRWCoelophysis""]/statBases"
Jawa Doctrine Patches,mandrake.jawa.doctrine,Patches/MegafaunaYield.xml,"/Defs/ThingDef[defName=""JRWCoelophysis""]/statBases/BoneAmount"
Jawa Doctrine Patches,mandrake.jawa.doctrine,Patches/MegafaunaYield.xml,"/Defs/ThingDef[defName=""JRWCoelophysis""]/statBases/BoneAmount"
Jawa Doctrine Patches,mandrake.jawa.doctrine,Patches/MegafaunaYield.xml,"/Defs/ThingDef[defName=""JRWCoelophysis""]/statBases"
Jawa Doctrine Patches,mandrake.jawa.doctrine,Patches/MegafaunaYield.xml,"/Defs/ThingDef[defName=""JRWCorythosaurus""]/statBases/MeatAmount"
Jawa Doctrine Patches,mandrake.jawa.doctrine,Patches/MegafaunaYield.xml,"/Defs/ThingDef[defName=""JRWCorythosaurus""]/statBases/MeatAmount"
Jawa Doctrine Patches,mandrake.jawa.doctrine,Patches/MegafaunaYield.xml,"/Defs/ThingDef[defName=""JRWCorythosaurus""]/statBases"
Jawa Doctrine Patches,mandrake.jawa.doctrine,Patches/MegafaunaYield.xml,"/Defs/ThingDef[defName=""JRWCorythosaurus""]/statBases/BoneAmount"
Jawa Doctrine Patches,mandrake.jawa.doctrine,Patches/MegafaunaYield.xml,"/Defs/ThingDef[defName=""JRWCorythosaurus""]/statBases/BoneAmount"
Jawa Doctrine Patches,mandrake.jawa.doctrine,Patches/MegafaunaYield.xml,"/Defs/ThingDef[defName=""JRWCorythosaurus""]/statBases"
Jawa Doctrine Patches,mandrake.jawa.doctrine,Patches/MegafaunaYield.xml,"/Defs/ThingDef[defName=""JRWCryolophosaurus""]/statBases/MeatAmount"
Jawa Doctrine Patches,mandrake.jawa.doctrine,Patches/MegafaunaYield.xml,"/Defs/ThingDef[defName=""JRWCryolophosaurus""]/statBases/MeatAmount"
Jawa Doctrine Patches,mandrake.jawa.doctrine,Patches/MegafaunaYield.xml,"/Defs/ThingDef[defName=""JRWCryolophosaurus""]/statBases"
Jawa Doctrine Patches,mandrake.jawa.doctrine,Patches/MegafaunaYield.xml,"/Defs/ThingDef[defName=""JRWCryolophosaurus""]/statBases/BoneAmount"
Jawa Doctrine Patches,mandrake.jawa.doctrine,Patches/MegafaunaYield.xml,"/Defs/ThingDef[defName=""JRWCryolophosaurus""]/statBases/BoneAmount"
Jawa Doctrine Patches,mandrake.jawa.doctrine,Patches/MegafaunaYield.xml,"/Defs/ThingDef[defName=""JRWCryolophosaurus""]/statBases"
Jawa Doctrine Patches,mandrake.jawa.doctrine,Patches/MegafaunaYield.xml,"/Defs/ThingDef[defName=""JRWCyclosphaeroma""]/statBases/MeatAmount"
Jawa Doctrine Patches,mandrake.jawa.doctrine,Patches/MegafaunaYield.xml,"/Defs/ThingDef[defName=""JRWCyclosphaeroma""]/statBases/MeatAmount"
Jawa Doctrine Patches,mandrake.jawa.doctrine,Patches/MegafaunaYield.xml,"/Defs/ThingDef[defName=""JRWCyclosphaeroma""]/statBases"
Jawa Doctrine Patches,mandrake.jawa.doctrine,Patches/MegafaunaYield.xml,"/Defs/ThingDef[defName=""JRWCyclosphaeroma""]/statBases/BoneAmount"
Jawa Doctrine Patches,mandrake.jawa.doctrine,Patches/MegafaunaYield.xml,"/Defs/ThingDef[defName=""JRWCyclosphaeroma""]/statBases/BoneAmount"
Jawa Doctrine Patches,mandrake.jawa.doctrine,Patches/MegafaunaYield.xml,"/Defs/ThingDef[defName=""JRWCyclosphaeroma""]/statBases"
Jawa Doctrine Patches,mandrake.jawa.doctrine,Patches/MegafaunaYield.xml,"/Defs/ThingDef[defName=""JRWDeinonychus""]/statBases/MeatAmount"
Jawa Doctrine Patches,mandrake.jawa.doctrine,Patches/MegafaunaYield.xml,"/Defs/ThingDef[defName=""JRWDeinonychus""]/statBases/MeatAmount"
Jawa Doctrine Patches,mandrake.jawa.doctrine,Patches/MegafaunaYield.xml,"/Defs/ThingDef[defName=""JRWDeinonychus""]/statBases"
Jawa Doctrine Patches,mandrake.jawa.doctrine,Patches/MegafaunaYield.xml,"/Defs/ThingDef[defName=""JRWDeinonychus""]/statBases/BoneAmount"
Jawa Doctrine Patches,mandrake.jawa.doctrine,Patches/MegafaunaYield.xml,"/Defs/ThingDef[defName=""JRWDeinonychus""]/statBases/BoneAmount"
Jawa Doctrine Patches,mandrake.jawa.doctrine,Patches/MegafaunaYield.xml,"/Defs/ThingDef[defName=""JRWDeinonychus""]/statBases"
Jawa Doctrine Patches,mandrake.jawa.doctrine,Patches/MegafaunaYield.xml,"/Defs/ThingDef[defName=""JRWDeinosuchus""]/statBases/MeatAmount"
Jawa Doctrine Patches,mandrake.jawa.doctrine,Patches/MegafaunaYield.xml,"/Defs/ThingDef[defName=""JRWDeinosuchus""]/statBases/MeatAmount"
Jawa Doctrine Patches,mandrake.jawa.doctrine,Patches/MegafaunaYield.xml,"/Defs/ThingDef[defName=""JRWDeinosuchus""]/statBases"
Jawa Doctrine Patches,mandrake.jawa.doctrine,Patches/MegafaunaYield.xml,"/Defs/ThingDef[defName=""JRWDeinosuchus""]/statBases/BoneAmount"
Jawa Doctrine Patches,mandrake.jawa.doctrine,Patches/MegafaunaYield.xml,"/Defs/ThingDef[defName=""JRWDeinosuchus""]/statBases/BoneAmount"
Jawa Doctrine Patches,mandrake.jawa.doctrine,Patches/MegafaunaYield.xml,"/Defs/ThingDef[defName=""JRWDeinosuchus""]/statBases"
Jawa Doctrine Patches,mandrake.jawa.doctrine,Patches/MegafaunaYield.xml,"/Defs/ThingDef[defName=""JRWDesmatosuchus""]/statBases/MeatAmount"
Jawa Doctrine Patches,mandrake.jawa.doctrine,Patches/MegafaunaYield.xml,"/Defs/ThingDef[defName=""JRWDesmatosuchus""]/statBases/MeatAmount"
Jawa Doctrine Patches,mandrake.jawa.doctrine,Patches/MegafaunaYield.xml,"/Defs/ThingDef[defName=""JRWDesmatosuchus""]/statBases"
Jawa Doctrine Patches,mandrake.jawa.doctrine,Patches/MegafaunaYield.xml,"/Defs/ThingDef[defName=""JRWDesmatosuchus""]/statBases/BoneAmount"
Jawa Doctrine Patches,mandrake.jawa.doctrine,Patches/MegafaunaYield.xml,"/Defs/ThingDef[defName=""JRWDesmatosuchus""]/statBases/BoneAmount"
Jawa Doctrine Patches,mandrake.jawa.doctrine,Patches/MegafaunaYield.xml,"/Defs/ThingDef[defName=""JRWDesmatosuchus""]/statBases"
Jawa Doctrine Patches,mandrake.jawa.doctrine,Patches/MegafaunaYield.xml,"/Defs/ThingDef[defName=""JRWDilophosaurus""]/statBases/MeatAmount"
Jawa Doctrine Patches,mandrake.jawa.doctrine,Patches/MegafaunaYield.xml,"/Defs/ThingDef[defName=""JRWDilophosaurus""]/statBases/MeatAmount"
Jawa Doctrine Patches,mandrake.jawa.doctrine,Patches/MegafaunaYield.xml,"/Defs/ThingDef[defName=""JRWDilophosaurus""]/statBases"
Jawa Doctrine Patches,mandrake.jawa.doctrine,Patches/MegafaunaYield.xml,"/Defs/ThingDef[defName=""JRWDilophosaurus""]/statBases/BoneAmount"
Jawa Doctrine Patches,mandrake.jawa.doctrine,Patches/MegafaunaYield.xml,"/Defs/ThingDef[defName=""JRWDilophosaurus""]/statBases/BoneAmount"
Jawa Doctrine Patches,mandrake.jawa.doctrine,Patches/MegafaunaYield.xml,"/Defs/ThingDef[defName=""JRWDilophosaurus""]/statBases"
Jawa Doctrine Patches,mandrake.jawa.doctrine,Patches/MegafaunaYield.xml,"/Defs/ThingDef[defName=""JRWDimetrodon""]/statBases/MeatAmount"
Jawa Doctrine Patches,mandrake.jawa.doctrine,Patches/MegafaunaYield.xml,"/Defs/ThingDef[defName=""JRWDimetrodon""]/statBases/MeatAmount"
Jawa Doctrine Patches,mandrake.jawa.doctrine,Patches/MegafaunaYield.xml,"/Defs/ThingDef[defName=""JRWDimetrodon""]/statBases"
Jawa Doctrine Patches,mandrake.jawa.doctrine,Patches/MegafaunaYield.xml,"/Defs/ThingDef[defName=""JRWDimetrodon""]/statBases/BoneAmount"
Jawa Doctrine Patches,mandrake.jawa.doctrine,Patches/MegafaunaYield.xml,"/Defs/ThingDef[defName=""JRWDimetrodon""]/statBases/BoneAmount"
Jawa Doctrine Patches,mandrake.jawa.doctrine,Patches/MegafaunaYield.xml,"/Defs/ThingDef[defName=""JRWDimetrodon""]/statBases"
Jawa Doctrine Patches,mandrake.jawa.doctrine,Patches/MegafaunaYield.xml,"/Defs/ThingDef[defName=""JRWDinilysia""]/statBases/MeatAmount"
Jawa Doctrine Patches,mandrake.jawa.doctrine,Patches/MegafaunaYield.xml,"/Defs/ThingDef[defName=""JRWDinilysia""]/statBases/MeatAmount"
Jawa Doctrine Patches,mandrake.jawa.doctrine,Patches/MegafaunaYield.xml,"/Defs/ThingDef[defName=""JRWDinilysia""]/statBases"
Jawa Doctrine Patches,mandrake.jawa.doctrine,Patches/MegafaunaYield.xml,"/Defs/ThingDef[defName=""JRWDinilysia""]/statBases/BoneAmount"
Jawa Doctrine Patches,mandrake.jawa.doctrine,Patches/MegafaunaYield.xml,"/Defs/ThingDef[defName=""JRWDinilysia""]/statBases/BoneAmount"
Jawa Doctrine Patches,mandrake.jawa.doctrine,Patches/MegafaunaYield.xml,"/Defs/ThingDef[defName=""JRWDinilysia""]/statBases"
Jawa Doctrine Patches,mandrake.jawa.doctrine,Patches/MegafaunaYield.xml,"/Defs/ThingDef[defName=""JRWDiplocaulus""]/statBases/MeatAmount"
Jawa Doctrine Patches,mandrake.jawa.doctrine,Patches/MegafaunaYield.xml,"/Defs/ThingDef[defName=""JRWDiplocaulus""]/statBases/MeatAmount"
Jawa Doctrine Patches,mandrake.jawa.doctrine,Patches/MegafaunaYield.xml,"/Defs/ThingDef[defName=""JRWDiplocaulus""]/statBases"
Jawa Doctrine Patches,mandrake.jawa.doctrine,Patches/MegafaunaYield.xml,"/Defs/ThingDef[defName=""JRWDiplocaulus""]/statBases/BoneAmount"
Jawa Doctrine Patches,mandrake.jawa.doctrine,Patches/MegafaunaYield.xml,"/Defs/ThingDef[defName=""JRWDiplocaulus""]/statBases/BoneAmount"
Jawa Doctrine Patches,mandrake.jawa.doctrine,Patches/MegafaunaYield.xml,"/Defs/ThingDef[defName=""JRWDiplocaulus""]/statBases"
Jawa Doctrine Patches,mandrake.jawa.doctrine,Patches/MegafaunaYield.xml,"/Defs/ThingDef[defName=""JRWDracorex""]/statBases/MeatAmount"
Jawa Doctrine Patches,mandrake.jawa.doctrine,Patches/MegafaunaYield.xml,"/Defs/ThingDef[defName=""JRWDracorex""]/statBases/MeatAmount"
Jawa Doctrine Patches,mandrake.jawa.doctrine,Patches/MegafaunaYield.xml,"/Defs/ThingDef[defName=""JRWDracorex""]/statBases"
Jawa Doctrine Patches,mandrake.jawa.doctrine,Patches/MegafaunaYield.xml,"/Defs/ThingDef[defName=""JRWDracorex""]/statBases/BoneAmount"
Jawa Doctrine Patches,mandrake.jawa.doctrine,Patches/MegafaunaYield.xml,"/Defs/ThingDef[defName=""JRWDracorex""]/statBases/BoneAmount"
Jawa Doctrine Patches,mandrake.jawa.doctrine,Patches/MegafaunaYield.xml,"/Defs/ThingDef[defName=""JRWDracorex""]/statBases"
Jawa Doctrine Patches,mandrake.jawa.doctrine,Patches/MegafaunaYield.xml,"/Defs/ThingDef[defName=""JRWDrinker""]/statBases/MeatAmount"
Jawa Doctrine Patches,mandrake.jawa.doctrine,Patches/MegafaunaYield.xml,"/Defs/ThingDef[defName=""JRWDrinker""]/statBases/MeatAmount"
Jawa Doctrine Patches,mandrake.jawa.doctrine,Patches/MegafaunaYield.xml,"/Defs/ThingDef[defName=""JRWDrinker""]/statBases"
Jawa Doctrine Patches,mandrake.jawa.doctrine,Patches/MegafaunaYield.xml,"/Defs/ThingDef[defName=""JRWDrinker""]/statBases/BoneAmount"
Jawa Doctrine Patches,mandrake.jawa.doctrine,Patches/MegafaunaYield.xml,"/Defs/ThingDef[defName=""JRWDrinker""]/statBases/BoneAmount"
Jawa Doctrine Patches,mandrake.jawa.doctrine,Patches/MegafaunaYield.xml,"/Defs/ThingDef[defName=""JRWDrinker""]/statBases"
Jawa Doctrine Patches,mandrake.jawa.doctrine,Patches/MegafaunaYield.xml,"/Defs/ThingDef[defName=""JRWDromaeosaurus""]/statBases/MeatAmount"
Jawa Doctrine Patches,mandrake.jawa.doctrine,Patches/MegafaunaYield.xml,"/Defs/ThingDef[defName=""JRWDromaeosaurus""]/statBases/MeatAmount"
Jawa Doctrine Patches,mandrake.jawa.doctrine,Patches/MegafaunaYield.xml,"/Defs/ThingDef[defName=""JRWDromaeosaurus""]/statBases"
Jawa Doctrine Patches,mandrake.jawa.doctrine,Patches/MegafaunaYield.xml,"/Defs/ThingDef[defName=""JRWDromaeosaurus""]/statBases/BoneAmount"
Jawa Doctrine Patches,mandrake.jawa.doctrine,Patches/MegafaunaYield.xml,"/Defs/ThingDef[defName=""JRWDromaeosaurus""]/statBases/BoneAmount"
Jawa Doctrine Patches,mandrake.jawa.doctrine,Patches/MegafaunaYield.xml,"/Defs/ThingDef[defName=""JRWDromaeosaurus""]/statBases"
Jawa Doctrine Patches,mandrake.jawa.doctrine,Patches/MegafaunaYield.xml,"/Defs/ThingDef[defName=""JRWDryosaurus""]/statBases/MeatAmount"
Jawa Doctrine Patches,mandrake.jawa.doctrine,Patches/MegafaunaYield.xml,"/Defs/ThingDef[defName=""JRWDryosaurus""]/statBases/MeatAmount"
Jawa Doctrine Patches,mandrake.jawa.doctrine,Patches/MegafaunaYield.xml,"/Defs/ThingDef[defName=""JRWDryosaurus""]/statBases"
Jawa Doctrine Patches,mandrake.jawa.doctrine,Patches/MegafaunaYield.xml,"/Defs/ThingDef[defName=""JRWDryosaurus""]/statBases/BoneAmount"
Jawa Doctrine Patches,mandrake.jawa.doctrine,Patches/MegafaunaYield.xml,"/Defs/ThingDef[defName=""JRWDryosaurus""]/statBases/BoneAmount"
Jawa Doctrine Patches,mandrake.jawa.doctrine,Patches/MegafaunaYield.xml,"/Defs/ThingDef[defName=""JRWDryosaurus""]/statBases"
Jawa Doctrine Patches,mandrake.jawa.doctrine,Patches/MegafaunaYield.xml,"/Defs/ThingDef[defName=""JRWEdaphosaurus""]/statBases/MeatAmount"
Jawa Doctrine Patches,mandrake.jawa.doctrine,Patches/MegafaunaYield.xml,"/Defs/ThingDef[defName=""JRWEdaphosaurus""]/statBases/MeatAmount"
Jawa Doctrine Patches,mandrake.jawa.doctrine,Patches/MegafaunaYield.xml,"/Defs/ThingDef[defName=""JRWEdaphosaurus""]/statBases"
Jawa Doctrine Patches,mandrake.jawa.doctrine,Patches/MegafaunaYield.xml,"/Defs/ThingDef[defName=""JRWEdaphosaurus""]/statBases/BoneAmount"
Jawa Doctrine Patches,mandrake.jawa.doctrine,Patches/MegafaunaYield.xml,"/Defs/ThingDef[defName=""JRWEdaphosaurus""]/statBases/BoneAmount"
Jawa Doctrine Patches,mandrake.jawa.doctrine,Patches/MegafaunaYield.xml,"/Defs/ThingDef[defName=""JRWEdaphosaurus""]/statBases"
Jawa Doctrine Patches,mandrake.jawa.doctrine,Patches/MegafaunaYield.xml,"/Defs/ThingDef[defName=""JRWEdmontosaurus""]/statBases/MeatAmount"
Jawa Doctrine Patches,mandrake.jawa.doctrine,Patches/MegafaunaYield.xml,"/Defs/ThingDef[defName=""JRWEdmontosaurus""]/statBases/MeatAmount"
Jawa Doctrine Patches,mandrake.jawa.doctrine,Patches/MegafaunaYield.xml,"/Defs/ThingDef[defName=""JRWEdmontosaurus""]/statBases"
Jawa Doctrine Patches,mandrake.jawa.doctrine,Patches/MegafaunaYield.xml,"/Defs/ThingDef[defName=""JRWEdmontosaurus""]/statBases/BoneAmount"
Jawa Doctrine Patches,mandrake.jawa.doctrine,Patches/MegafaunaYield.xml,"/Defs/ThingDef[defName=""JRWEdmontosaurus""]/statBases/BoneAmount"
Jawa Doctrine Patches,mandrake.jawa.doctrine,Patches/MegafaunaYield.xml,"/Defs/ThingDef[defName=""JRWEdmontosaurus""]/statBases"
Jawa Doctrine Patches,mandrake.jawa.doctrine,Patches/MegafaunaYield.xml,"/Defs/ThingDef[defName=""JRWEnigmosaurus""]/statBases/MeatAmount"
Jawa Doctrine Patches,mandrake.jawa.doctrine,Patches/MegafaunaYield.xml,"/Defs/ThingDef[defName=""JRWEnigmosaurus""]/statBases/MeatAmount"
Jawa Doctrine Patches,mandrake.jawa.doctrine,Patches/MegafaunaYield.xml,"/Defs/ThingDef[defName=""JRWEnigmosaurus""]/statBases"
Jawa Doctrine Patches,mandrake.jawa.doctrine,Patches/MegafaunaYield.xml,"/Defs/ThingDef[defName=""JRWEnigmosaurus""]/statBases/BoneAmount"
Jawa Doctrine Patches,mandrake.jawa.doctrine,Patches/MegafaunaYield.xml,"/Defs/ThingDef[defName=""JRWEnigmosaurus""]/statBases/BoneAmount"
Jawa Doctrine Patches,mandrake.jawa.doctrine,Patches/MegafaunaYield.xml,"/Defs/ThingDef[defName=""JRWEnigmosaurus""]/statBases"
Jawa Doctrine Patches,mandrake.jawa.doctrine,Patches/MegafaunaYield.xml,"/Defs/ThingDef[defName=""JRWEstemmenosuchus""]/statBases/MeatAmount"
Jawa Doctrine Patches,mandrake.jawa.doctrine,Patches/MegafaunaYield.xml,"/Defs/ThingDef[defName=""JRWEstemmenosuchus""]/statBases/MeatAmount"
Jawa Doctrine Patches,mandrake.jawa.doctrine,Patches/MegafaunaYield.xml,"/Defs/ThingDef[defName=""JRWEstemmenosuchus""]/statBases"
Jawa Doctrine Patches,mandrake.jawa.doctrine,Patches/MegafaunaYield.xml,"/Defs/ThingDef[defName=""JRWEstemmenosuchus""]/statBases/BoneAmount"
Jawa Doctrine Patches,mandrake.jawa.doctrine,Patches/MegafaunaYield.xml,"/Defs/ThingDef[defName=""JRWEstemmenosuchus""]/statBases/BoneAmount"
Jawa Doctrine Patches,mandrake.jawa.doctrine,Patches/MegafaunaYield.xml,"/Defs/ThingDef[defName=""JRWEstemmenosuchus""]/statBases"
Jawa Doctrine Patches,mandrake.jawa.doctrine,Patches/MegafaunaYield.xml,"/Defs/ThingDef[defName=""JRWEuoplocephalus""]/statBases/MeatAmount"
Jawa Doctrine Patches,mandrake.jawa.doctrine,Patches/MegafaunaYield.xml,"/Defs/ThingDef[defName=""JRWEuoplocephalus""]/statBases/MeatAmount"
Jawa Doctrine Patches,mandrake.jawa.doctrine,Patches/MegafaunaYield.xml,"/Defs/ThingDef[defName=""JRWEuoplocephalus""]/statBases"
Jawa Doctrine Patches,mandrake.jawa.doctrine,Patches/MegafaunaYield.xml,"/Defs/ThingDef[defName=""JRWEuoplocephalus""]/statBases/BoneAmount"
Jawa Doctrine Patches,mandrake.jawa.doctrine,Patches/MegafaunaYield.xml,"/Defs/ThingDef[defName=""JRWEuoplocephalus""]/statBases/BoneAmount"
Jawa Doctrine Patches,mandrake.jawa.doctrine,Patches/MegafaunaYield.xml,"/Defs/ThingDef[defName=""JRWEuoplocephalus""]/statBases"
Jawa Doctrine Patches,mandrake.jawa.doctrine,Patches/MegafaunaYield.xml,"/Defs/ThingDef[defName=""JRWEuphoberia""]/statBases/MeatAmount"
Jawa Doctrine Patches,mandrake.jawa.doctrine,Patches/MegafaunaYield.xml,"/Defs/ThingDef[defName=""JRWEuphoberia""]/statBases/MeatAmount"
Jawa Doctrine Patches,mandrake.jawa.doctrine,Patches/MegafaunaYield.xml,"/Defs/ThingDef[defName=""JRWEuphoberia""]/statBases"
Jawa Doctrine Patches,mandrake.jawa.doctrine,Patches/MegafaunaYield.xml,"/Defs/ThingDef[defName=""JRWEuphoberia""]/statBases/BoneAmount"
Jawa Doctrine Patches,mandrake.jawa.doctrine,Patches/MegafaunaYield.xml,"/Defs/ThingDef[defName=""JRWEuphoberia""]/statBases/BoneAmount"
Jawa Doctrine Patches,mandrake.jawa.doctrine,Patches/MegafaunaYield.xml,"/Defs/ThingDef[defName=""JRWEuphoberia""]/statBases"
Jawa Doctrine Patches,mandrake.jawa.doctrine,Patches/MegafaunaYield.xml,"/Defs/ThingDef[defName=""JRWGallimimus""]/statBases/MeatAmount"
Jawa Doctrine Patches,mandrake.jawa.doctrine,Patches/MegafaunaYield.xml,"/Defs/ThingDef[defName=""JRWGallimimus""]/statBases/MeatAmount"
Jawa Doctrine Patches,mandrake.jawa.doctrine,Patches/MegafaunaYield.xml,"/Defs/ThingDef[defName=""JRWGallimimus""]/statBases"
Jawa Doctrine Patches,mandrake.jawa.doctrine,Patches/MegafaunaYield.xml,"/Defs/ThingDef[defName=""JRWGallimimus""]/statBases/BoneAmount"
Jawa Doctrine Patches,mandrake.jawa.doctrine,Patches/MegafaunaYield.xml,"/Defs/ThingDef[defName=""JRWGallimimus""]/statBases/BoneAmount"
Jawa Doctrine Patches,mandrake.jawa.doctrine,Patches/MegafaunaYield.xml,"/Defs/ThingDef[defName=""JRWGallimimus""]/statBases"
Jawa Doctrine Patches,mandrake.jawa.doctrine,Patches/MegafaunaYield.xml,"/Defs/ThingDef[defName=""JRWGasosaurus""]/statBases/MeatAmount"
Jawa Doctrine Patches,mandrake.jawa.doctrine,Patches/MegafaunaYield.xml,"/Defs/ThingDef[defName=""JRWGasosaurus""]/statBases/MeatAmount"
Jawa Doctrine Patches,mandrake.jawa.doctrine,Patches/MegafaunaYield.xml,"/Defs/ThingDef[defName=""JRWGasosaurus""]/statBases"
Jawa Doctrine Patches,mandrake.jawa.doctrine,Patches/MegafaunaYield.xml,"/Defs/ThingDef[defName=""JRWGasosaurus""]/statBases/BoneAmount"
Jawa Doctrine Patches,mandrake.jawa.doctrine,Patches/MegafaunaYield.xml,"/Defs/ThingDef[defName=""JRWGasosaurus""]/statBases/BoneAmount"
Jawa Doctrine Patches,mandrake.jawa.doctrine,Patches/MegafaunaYield.xml,"/Defs/ThingDef[defName=""JRWGasosaurus""]/statBases"
Jawa Doctrine Patches,mandrake.jawa.doctrine,Patches/MegafaunaYield.xml,"/Defs/ThingDef[defName=""JRWGeosternbergia""]/statBases/MeatAmount"
Jawa Doctrine Patches,mandrake.jawa.doctrine,Patches/MegafaunaYield.xml,"/Defs/ThingDef[defName=""JRWGeosternbergia""]/statBases/MeatAmount"
Jawa Doctrine Patches,mandrake.jawa.doctrine,Patches/MegafaunaYield.xml,"/Defs/ThingDef[defName=""JRWGeosternbergia""]/statBases"
Jawa Doctrine Patches,mandrake.jawa.doctrine,Patches/MegafaunaYield.xml,"/Defs/ThingDef[defName=""JRWGeosternbergia""]/statBases/BoneAmount"
Jawa Doctrine Patches,mandrake.jawa.doctrine,Patches/MegafaunaYield.xml,"/Defs/ThingDef[defName=""JRWGeosternbergia""]/statBases/BoneAmount"
Jawa Doctrine Patches,mandrake.jawa.doctrine,Patches/MegafaunaYield.xml,"/Defs/ThingDef[defName=""JRWGeosternbergia""]/statBases"
Jawa Doctrine Patches,mandrake.jawa.doctrine,Patches/MegafaunaYield.xml,"/Defs/ThingDef[defName=""JRWGeralinura""]/statBases/MeatAmount"
Jawa Doctrine Patches,mandrake.jawa.doctrine,Patches/MegafaunaYield.xml,"/Defs/ThingDef[defName=""JRWGeralinura""]/statBases/MeatAmount"
Jawa Doctrine Patches,mandrake.jawa.doctrine,Patches/MegafaunaYield.xml,"/Defs/ThingDef[defName=""JRWGeralinura""]/statBases"
Jawa Doctrine Patches,mandrake.jawa.doctrine,Patches/MegafaunaYield.xml,"/Defs/ThingDef[defName=""JRWGeralinura""]/statBases/BoneAmount"
Jawa Doctrine Patches,mandrake.jawa.doctrine,Patches/MegafaunaYield.xml,"/Defs/ThingDef[defName=""JRWGeralinura""]/statBases/BoneAmount"
Jawa Doctrine Patches,mandrake.jawa.doctrine,Patches/MegafaunaYield.xml,"/Defs/ThingDef[defName=""JRWGeralinura""]/statBases"
Jawa Doctrine Patches,mandrake.jawa.doctrine,Patches/MegafaunaYield.xml,"/Defs/ThingDef[defName=""JRWGiganotosaurus""]/statBases/MeatAmount"
Jawa Doctrine Patches,mandrake.jawa.doctrine,Patches/MegafaunaYield.xml,"/Defs/ThingDef[defName=""JRWGiganotosaurus""]/statBases/MeatAmount"
Jawa Doctrine Patches,mandrake.jawa.doctrine,Patches/MegafaunaYield.xml,"/Defs/ThingDef[defName=""JRWGiganotosaurus""]/statBases"
Jawa Doctrine Patches,mandrake.jawa.doctrine,Patches/MegafaunaYield.xml,"/Defs/ThingDef[defName=""JRWGiganotosaurus""]/statBases/BoneAmount"
Jawa Doctrine Patches,mandrake.jawa.doctrine,Patches/MegafaunaYield.xml,"/Defs/ThingDef[defName=""JRWGiganotosaurus""]/statBases/BoneAmount"
Jawa Doctrine Patches,mandrake.jawa.doctrine,Patches/MegafaunaYield.xml,"/Defs/ThingDef[defName=""JRWGiganotosaurus""]/statBases"
Jawa Doctrine Patches,mandrake.jawa.doctrine,Patches/MegafaunaYield.xml,"/Defs/ThingDef[defName=""JRWGigantophis""]/statBases/MeatAmount"
Jawa Doctrine Patches,mandrake.jawa.doctrine,Patches/MegafaunaYield.xml,"/Defs/ThingDef[defName=""JRWGigantophis""]/statBases/MeatAmount"
Jawa Doctrine Patches,mandrake.jawa.doctrine,Patches/MegafaunaYield.xml,"/Defs/ThingDef[defName=""JRWGigantophis""]/statBases"
Jawa Doctrine Patches,mandrake.jawa.doctrine,Patches/MegafaunaYield.xml,"/Defs/ThingDef[defName=""JRWGigantophis""]/statBases/BoneAmount"
Jawa Doctrine Patches,mandrake.jawa.doctrine,Patches/MegafaunaYield.xml,"/Defs/ThingDef[defName=""JRWGigantophis""]/statBases/BoneAmount"
Jawa Doctrine Patches,mandrake.jawa.doctrine,Patches/MegafaunaYield.xml,"/Defs/ThingDef[defName=""JRWGigantophis""]/statBases"
Jawa Doctrine Patches,mandrake.jawa.doctrine,Patches/MegafaunaYield.xml,"/Defs/ThingDef[defName=""JRWGorgonops""]/statBases/MeatAmount"
Jawa Doctrine Patches,mandrake.jawa.doctrine,Patches/MegafaunaYield.xml,"/Defs/ThingDef[defName=""JRWGorgonops""]/statBases/MeatAmount"
Jawa Doctrine Patches,mandrake.jawa.doctrine,Patches/MegafaunaYield.xml,"/Defs/ThingDef[defName=""JRWGorgonops""]/statBases"
Jawa Doctrine Patches,mandrake.jawa.doctrine,Patches/MegafaunaYield.xml,"/Defs/ThingDef[defName=""JRWGorgonops""]/statBases/BoneAmount"
Jawa Doctrine Patches,mandrake.jawa.doctrine,Patches/MegafaunaYield.xml,"/Defs/ThingDef[defName=""JRWGorgonops""]/statBases/BoneAmount"
Jawa Doctrine Patches,mandrake.jawa.doctrine,Patches/MegafaunaYield.xml,"/Defs/ThingDef[defName=""JRWGorgonops""]/statBases"
Jawa Doctrine Patches,mandrake.jawa.doctrine,Patches/MegafaunaYield.xml,"/Defs/ThingDef[defName=""JRWHalszkaraptor""]/statBases/MeatAmount"
Jawa Doctrine Patches,mandrake.jawa.doctrine,Patches/MegafaunaYield.xml,"/Defs/ThingDef[defName=""JRWHalszkaraptor""]/statBases/MeatAmount"
Jawa Doctrine Patches,mandrake.jawa.doctrine,Patches/MegafaunaYield.xml,"/Defs/ThingDef[defName=""JRWHalszkaraptor""]/statBases"
Jawa Doctrine Patches,mandrake.jawa.doctrine,Patches/MegafaunaYield.xml,"/Defs/ThingDef[defName=""JRWHalszkaraptor""]/statBases/BoneAmount"
Jawa Doctrine Patches,mandrake.jawa.doctrine,Patches/MegafaunaYield.xml,"/Defs/ThingDef[defName=""JRWHalszkaraptor""]/statBases/BoneAmount"
Jawa Doctrine Patches,mandrake.jawa.doctrine,Patches/MegafaunaYield.xml,"/Defs/ThingDef[defName=""JRWHalszkaraptor""]/statBases"
Jawa Doctrine Patches,mandrake.jawa.doctrine,Patches/MegafaunaYield.xml,"/Defs/ThingDef[defName=""JRWHolcorobeus""]/statBases/MeatAmount"
Jawa Doctrine Patches,mandrake.jawa.doctrine,Patches/MegafaunaYield.xml,"/Defs/ThingDef[defName=""JRWHolcorobeus""]/statBases/MeatAmount"
Jawa Doctrine Patches,mandrake.jawa.doctrine,Patches/MegafaunaYield.xml,"/Defs/ThingDef[defName=""JRWHolcorobeus""]/statBases"
Jawa Doctrine Patches,mandrake.jawa.doctrine,Patches/MegafaunaYield.xml,"/Defs/ThingDef[defName=""JRWHolcorobeus""]/statBases/BoneAmount"
Jawa Doctrine Patches,mandrake.jawa.doctrine,Patches/MegafaunaYield.xml,"/Defs/ThingDef[defName=""JRWHolcorobeus""]/statBases/BoneAmount"
Jawa Doctrine Patches,mandrake.jawa.doctrine,Patches/MegafaunaYield.xml,"/Defs/ThingDef[defName=""JRWHolcorobeus""]/statBases"
Jawa Doctrine Patches,mandrake.jawa.doctrine,Patches/MegafaunaYield.xml,"/Defs/ThingDef[defName=""JRWHomalocephale""]/statBases/MeatAmount"
Jawa Doctrine Patches,mandrake.jawa.doctrine,Patches/MegafaunaYield.xml,"/Defs/ThingDef[defName=""JRWHomalocephale""]/statBases/MeatAmount"
Jawa Doctrine Patches,mandrake.jawa.doctrine,Patches/MegafaunaYield.xml,"/Defs/ThingDef[defName=""JRWHomalocephale""]/statBases"
Jawa Doctrine Patches,mandrake.jawa.doctrine,Patches/MegafaunaYield.xml,"/Defs/ThingDef[defName=""JRWHomalocephale""]/statBases/BoneAmount"
Jawa Doctrine Patches,mandrake.jawa.doctrine,Patches/MegafaunaYield.xml,"/Defs/ThingDef[defName=""JRWHomalocephale""]/statBases/BoneAmount"
Jawa Doctrine Patches,mandrake.jawa.doctrine,Patches/MegafaunaYield.xml,"/Defs/ThingDef[defName=""JRWHomalocephale""]/statBases"
Jawa Doctrine Patches,mandrake.jawa.doctrine,Patches/MegafaunaYield.xml,"/Defs/ThingDef[defName=""JRWHylonomus""]/statBases/MeatAmount"
Jawa Doctrine Patches,mandrake.jawa.doctrine,Patches/MegafaunaYield.xml,"/Defs/ThingDef[defName=""JRWHylonomus""]/statBases/MeatAmount"
Jawa Doctrine Patches,mandrake.jawa.doctrine,Patches/MegafaunaYield.xml,"/Defs/ThingDef[defName=""JRWHylonomus""]/statBases"
Jawa Doctrine Patches,mandrake.jawa.doctrine,Patches/MegafaunaYield.xml,"/Defs/ThingDef[defName=""JRWHylonomus""]/statBases/BoneAmount"
Jawa Doctrine Patches,mandrake.jawa.doctrine,Patches/MegafaunaYield.xml,"/Defs/ThingDef[defName=""JRWHylonomus""]/statBases/BoneAmount"
Jawa Doctrine Patches,mandrake.jawa.doctrine,Patches/MegafaunaYield.xml,"/Defs/ThingDef[defName=""JRWHylonomus""]/statBases"
Jawa Doctrine Patches,mandrake.jawa.doctrine,Patches/MegafaunaYield.xml,"/Defs/ThingDef[defName=""JRWHynerpeton""]/statBases/MeatAmount"
Jawa Doctrine Patches,mandrake.jawa.doctrine,Patches/MegafaunaYield.xml,"/Defs/ThingDef[defName=""JRWHynerpeton""]/statBases/MeatAmount"
Jawa Doctrine Patches,mandrake.jawa.doctrine,Patches/MegafaunaYield.xml,"/Defs/ThingDef[defName=""JRWHynerpeton""]/statBases"
Jawa Doctrine Patches,mandrake.jawa.doctrine,Patches/MegafaunaYield.xml,"/Defs/ThingDef[defName=""JRWHynerpeton""]/statBases/BoneAmount"
Jawa Doctrine Patches,mandrake.jawa.doctrine,Patches/MegafaunaYield.xml,"/Defs/ThingDef[defName=""JRWHynerpeton""]/statBases/BoneAmount"
Jawa Doctrine Patches,mandrake.jawa.doctrine,Patches/MegafaunaYield.xml,"/Defs/ThingDef[defName=""JRWHynerpeton""]/statBases"
Jawa Doctrine Patches,mandrake.jawa.doctrine,Patches/MegafaunaYield.xml,"/Defs/ThingDef[defName=""JRWHypsilophodon""]/statBases/MeatAmount"
Jawa Doctrine Patches,mandrake.jawa.doctrine,Patches/MegafaunaYield.xml,"/Defs/ThingDef[defName=""JRWHypsilophodon""]/statBases/MeatAmount"
Jawa Doctrine Patches,mandrake.jawa.doctrine,Patches/MegafaunaYield.xml,"/Defs/ThingDef[defName=""JRWHypsilophodon""]/statBases"
Jawa Doctrine Patches,mandrake.jawa.doctrine,Patches/MegafaunaYield.xml,"/Defs/ThingDef[defName=""JRWHypsilophodon""]/statBases/BoneAmount"
Jawa Doctrine Patches,mandrake.jawa.doctrine,Patches/MegafaunaYield.xml,"/Defs/ThingDef[defName=""JRWHypsilophodon""]/statBases/BoneAmount"
Jawa Doctrine Patches,mandrake.jawa.doctrine,Patches/MegafaunaYield.xml,"/Defs/ThingDef[defName=""JRWHypsilophodon""]/statBases"
Jawa Doctrine Patches,mandrake.jawa.doctrine,Patches/MegafaunaYield.xml,"/Defs/ThingDef[defName=""JRWIndominus""]/statBases/MeatAmount"
Jawa Doctrine Patches,mandrake.jawa.doctrine,Patches/MegafaunaYield.xml,"/Defs/ThingDef[defName=""JRWIndominus""]/statBases/MeatAmount"
Jawa Doctrine Patches,mandrake.jawa.doctrine,Patches/MegafaunaYield.xml,"/Defs/ThingDef[defName=""JRWIndominus""]/statBases"
Jawa Doctrine Patches,mandrake.jawa.doctrine,Patches/MegafaunaYield.xml,"/Defs/ThingDef[defName=""JRWIndominus""]/statBases/BoneAmount"
Jawa Doctrine Patches,mandrake.jawa.doctrine,Patches/MegafaunaYield.xml,"/Defs/ThingDef[defName=""JRWIndominus""]/statBases/BoneAmount"
Jawa Doctrine Patches,mandrake.jawa.doctrine,Patches/MegafaunaYield.xml,"/Defs/ThingDef[defName=""JRWIndominus""]/statBases"
Jawa Doctrine Patches,mandrake.jawa.doctrine,Patches/MegafaunaYield.xml,"/Defs/ThingDef[defName=""JRWIndoraptor""]/statBases/MeatAmount"
Jawa Doctrine Patches,mandrake.jawa.doctrine,Patches/MegafaunaYield.xml,"/Defs/ThingDef[defName=""JRWIndoraptor""]/statBases/MeatAmount"
Jawa Doctrine Patches,mandrake.jawa.doctrine,Patches/MegafaunaYield.xml,"/Defs/ThingDef[defName=""JRWIndoraptor""]/statBases"
Jawa Doctrine Patches,mandrake.jawa.doctrine,Patches/MegafaunaYield.xml,"/Defs/ThingDef[defName=""JRWIndoraptor""]/statBases/BoneAmount"
Jawa Doctrine Patches,mandrake.jawa.doctrine,Patches/MegafaunaYield.xml,"/Defs/ThingDef[defName=""JRWIndoraptor""]/statBases/BoneAmount"
Jawa Doctrine Patches,mandrake.jawa.doctrine,Patches/MegafaunaYield.xml,"/Defs/ThingDef[defName=""JRWIndoraptor""]/statBases"
Jawa Doctrine Patches,mandrake.jawa.doctrine,Patches/MegafaunaYield.xml,"/Defs/ThingDef[defName=""JRWIschigualastia""]/statBases/MeatAmount"
Jawa Doctrine Patches,mandrake.jawa.doctrine,Patches/MegafaunaYield.xml,"/Defs/ThingDef[defName=""JRWIschigualastia""]/statBases/MeatAmount"
Jawa Doctrine Patches,mandrake.jawa.doctrine,Patches/MegafaunaYield.xml,"/Defs/ThingDef[defName=""JRWIschigualastia""]/statBases"
Jawa Doctrine Patches,mandrake.jawa.doctrine,Patches/MegafaunaYield.xml,"/Defs/ThingDef[defName=""JRWIschigualastia""]/statBases/BoneAmount"
Jawa Doctrine Patches,mandrake.jawa.doctrine,Patches/MegafaunaYield.xml,"/Defs/ThingDef[defName=""JRWIschigualastia""]/statBases/BoneAmount"
Jawa Doctrine Patches,mandrake.jawa.doctrine,Patches/MegafaunaYield.xml,"/Defs/ThingDef[defName=""JRWIschigualastia""]/statBases"
Jawa Doctrine Patches,mandrake.jawa.doctrine,Patches/MegafaunaYield.xml,"/Defs/ThingDef[defName=""JRWKaprosuchus""]/statBases/MeatAmount"
Jawa Doctrine Patches,mandrake.jawa.doctrine,Patches/MegafaunaYield.xml,"/Defs/ThingDef[defName=""JRWKaprosuchus""]/statBases/MeatAmount"
Jawa Doctrine Patches,mandrake.jawa.doctrine,Patches/MegafaunaYield.xml,"/Defs/ThingDef[defName=""JRWKaprosuchus""]/statBases"
Jawa Doctrine Patches,mandrake.jawa.doctrine,Patches/MegafaunaYield.xml,"/Defs/ThingDef[defName=""JRWKaprosuchus""]/statBases/BoneAmount"
Jawa Doctrine Patches,mandrake.jawa.doctrine,Patches/MegafaunaYield.xml,"/Defs/ThingDef[defName=""JRWKaprosuchus""]/statBases/BoneAmount"
Jawa Doctrine Patches,mandrake.jawa.doctrine,Patches/MegafaunaYield.xml,"/Defs/ThingDef[defName=""JRWKaprosuchus""]/statBases"
Jawa Doctrine Patches,mandrake.jawa.doctrine,Patches/MegafaunaYield.xml,"/Defs/ThingDef[defName=""JRWKentrosaurus""]/statBases/MeatAmount"
Jawa Doctrine Patches,mandrake.jawa.doctrine,Patches/MegafaunaYield.xml,"/Defs/ThingDef[defName=""JRWKentrosaurus""]/statBases/MeatAmount"
Jawa Doctrine Patches,mandrake.jawa.doctrine,Patches/MegafaunaYield.xml,"/Defs/ThingDef[defName=""JRWKentrosaurus""]/statBases"
Jawa Doctrine Patches,mandrake.jawa.doctrine,Patches/MegafaunaYield.xml,"/Defs/ThingDef[defName=""JRWKentrosaurus""]/statBases/BoneAmount"
Jawa Doctrine Patches,mandrake.jawa.doctrine,Patches/MegafaunaYield.xml,"/Defs/ThingDef[defName=""JRWKentrosaurus""]/statBases/BoneAmount"
Jawa Doctrine Patches,mandrake.jawa.doctrine,Patches/MegafaunaYield.xml,"/Defs/ThingDef[defName=""JRWKentrosaurus""]/statBases"
Jawa Doctrine Patches,mandrake.jawa.doctrine,Patches/MegafaunaYield.xml,"/Defs/ThingDef[defName=""JRWKileskus""]/statBases/MeatAmount"
Jawa Doctrine Patches,mandrake.jawa.doctrine,Patches/MegafaunaYield.xml,"/Defs/ThingDef[defName=""JRWKileskus""]/statBases/MeatAmount"
Jawa Doctrine Patches,mandrake.jawa.doctrine,Patches/MegafaunaYield.xml,"/Defs/ThingDef[defName=""JRWKileskus""]/statBases"
Jawa Doctrine Patches,mandrake.jawa.doctrine,Patches/MegafaunaYield.xml,"/Defs/ThingDef[defName=""JRWKileskus""]/statBases/BoneAmount"
Jawa Doctrine Patches,mandrake.jawa.doctrine,Patches/MegafaunaYield.xml,"/Defs/ThingDef[defName=""JRWKileskus""]/statBases/BoneAmount"
Jawa Doctrine Patches,mandrake.jawa.doctrine,Patches/MegafaunaYield.xml,"/Defs/ThingDef[defName=""JRWKileskus""]/statBases"
Jawa Doctrine Patches,mandrake.jawa.doctrine,Patches/MegafaunaYield.xml,"/Defs/ThingDef[defName=""JRWKosmoceratops""]/statBases/MeatAmount"
Jawa Doctrine Patches,mandrake.jawa.doctrine,Patches/MegafaunaYield.xml,"/Defs/ThingDef[defName=""JRWKosmoceratops""]/statBases/MeatAmount"
Jawa Doctrine Patches,mandrake.jawa.doctrine,Patches/MegafaunaYield.xml,"/Defs/ThingDef[defName=""JRWKosmoceratops""]/statBases"
Jawa Doctrine Patches,mandrake.jawa.doctrine,Patches/MegafaunaYield.xml,"/Defs/ThingDef[defName=""JRWKosmoceratops""]/statBases/BoneAmount"
Jawa Doctrine Patches,mandrake.jawa.doctrine,Patches/MegafaunaYield.xml,"/Defs/ThingDef[defName=""JRWKosmoceratops""]/statBases/BoneAmount"
Jawa Doctrine Patches,mandrake.jawa.doctrine,Patches/MegafaunaYield.xml,"/Defs/ThingDef[defName=""JRWKosmoceratops""]/statBases"
Jawa Doctrine Patches,mandrake.jawa.doctrine,Patches/MegafaunaYield.xml,"/Defs/ThingDef[defName=""JRWLycaenops""]/statBases/MeatAmount"
Jawa Doctrine Patches,mandrake.jawa.doctrine,Patches/MegafaunaYield.xml,"/Defs/ThingDef[defName=""JRWLycaenops""]/statBases/MeatAmount"
Jawa Doctrine Patches,mandrake.jawa.doctrine,Patches/MegafaunaYield.xml,"/Defs/ThingDef[defName=""JRWLycaenops""]/statBases"
Jawa Doctrine Patches,mandrake.jawa.doctrine,Patches/MegafaunaYield.xml,"/Defs/ThingDef[defName=""JRWLycaenops""]/statBases/BoneAmount"
Jawa Doctrine Patches,mandrake.jawa.doctrine,Patches/MegafaunaYield.xml,"/Defs/ThingDef[defName=""JRWLycaenops""]/statBases/BoneAmount"
Jawa Doctrine Patches,mandrake.jawa.doctrine,Patches/MegafaunaYield.xml,"/Defs/ThingDef[defName=""JRWLycaenops""]/statBases"
Jawa Doctrine Patches,mandrake.jawa.doctrine,Patches/MegafaunaYield.xml,"/Defs/ThingDef[defName=""JRWMacrelcana""]/statBases/MeatAmount"
Jawa Doctrine Patches,mandrake.jawa.doctrine,Patches/MegafaunaYield.xml,"/Defs/ThingDef[defName=""JRWMacrelcana""]/statBases/MeatAmount"
Jawa Doctrine Patches,mandrake.jawa.doctrine,Patches/MegafaunaYield.xml,"/Defs/ThingDef[defName=""JRWMacrelcana""]/statBases"
Jawa Doctrine Patches,mandrake.jawa.doctrine,Patches/MegafaunaYield.xml,"/Defs/ThingDef[defName=""JRWMacrelcana""]/statBases/BoneAmount"
Jawa Doctrine Patches,mandrake.jawa.doctrine,Patches/MegafaunaYield.xml,"/Defs/ThingDef[defName=""JRWMacrelcana""]/statBases/BoneAmount"
Jawa Doctrine Patches,mandrake.jawa.doctrine,Patches/MegafaunaYield.xml,"/Defs/ThingDef[defName=""JRWMacrelcana""]/statBases"
Jawa Doctrine Patches,mandrake.jawa.doctrine,Patches/MegafaunaYield.xml,"/Defs/ThingDef[defName=""JRWManipulator""]/statBases/MeatAmount"
Jawa Doctrine Patches,mandrake.jawa.doctrine,Patches/MegafaunaYield.xml,"/Defs/ThingDef[defName=""JRWManipulator""]/statBases/MeatAmount"
Jawa Doctrine Patches,mandrake.jawa.doctrine,Patches/MegafaunaYield.xml,"/Defs/ThingDef[defName=""JRWManipulator""]/statBases"
Jawa Doctrine Patches,mandrake.jawa.doctrine,Patches/MegafaunaYield.xml,"/Defs/ThingDef[defName=""JRWManipulator""]/statBases/BoneAmount"
Jawa Doctrine Patches,mandrake.jawa.doctrine,Patches/MegafaunaYield.xml,"/Defs/ThingDef[defName=""JRWManipulator""]/statBases/BoneAmount"
Jawa Doctrine Patches,mandrake.jawa.doctrine,Patches/MegafaunaYield.xml,"/Defs/ThingDef[defName=""JRWManipulator""]/statBases"
Jawa Doctrine Patches,mandrake.jawa.doctrine,Patches/MegafaunaYield.xml,"/Defs/ThingDef[defName=""JRWMeganeura""]/statBases/MeatAmount"
Jawa Doctrine Patches,mandrake.jawa.doctrine,Patches/MegafaunaYield.xml,"/Defs/ThingDef[defName=""JRWMeganeura""]/statBases/MeatAmount"
Jawa Doctrine Patches,mandrake.jawa.doctrine,Patches/MegafaunaYield.xml,"/Defs/ThingDef[defName=""JRWMeganeura""]/statBases"
Jawa Doctrine Patches,mandrake.jawa.doctrine,Patches/MegafaunaYield.xml,"/Defs/ThingDef[defName=""JRWMeganeura""]/statBases/BoneAmount"
Jawa Doctrine Patches,mandrake.jawa.doctrine,Patches/MegafaunaYield.xml,"/Defs/ThingDef[defName=""JRWMeganeura""]/statBases/BoneAmount"
Jawa Doctrine Patches,mandrake.jawa.doctrine,Patches/MegafaunaYield.xml,"/Defs/ThingDef[defName=""JRWMeganeura""]/statBases"
Jawa Doctrine Patches,mandrake.jawa.doctrine,Patches/MegafaunaYield.xml,"/Defs/ThingDef[defName=""JRWMetriacanthosaurus""]/statBases/MeatAmount"
Jawa Doctrine Patches,mandrake.jawa.doctrine,Patches/MegafaunaYield.xml,"/Defs/ThingDef[defName=""JRWMetriacanthosaurus""]/statBases/MeatAmount"
Jawa Doctrine Patches,mandrake.jawa.doctrine,Patches/MegafaunaYield.xml,"/Defs/ThingDef[defName=""JRWMetriacanthosaurus""]/statBases"
Jawa Doctrine Patches,mandrake.jawa.doctrine,Patches/MegafaunaYield.xml,"/Defs/ThingDef[defName=""JRWMetriacanthosaurus""]/statBases/BoneAmount"
Jawa Doctrine Patches,mandrake.jawa.doctrine,Patches/MegafaunaYield.xml,"/Defs/ThingDef[defName=""JRWMetriacanthosaurus""]/statBases/BoneAmount"
Jawa Doctrine Patches,mandrake.jawa.doctrine,Patches/MegafaunaYield.xml,"/Defs/ThingDef[defName=""JRWMetriacanthosaurus""]/statBases"
Jawa Doctrine Patches,mandrake.jawa.doctrine,Patches/MegafaunaYield.xml,"/Defs/ThingDef[defName=""JRWMicroceratus""]/statBases/MeatAmount"
Jawa Doctrine Patches,mandrake.jawa.doctrine,Patches/MegafaunaYield.xml,"/Defs/ThingDef[defName=""JRWMicroceratus""]/statBases/MeatAmount"
Jawa Doctrine Patches,mandrake.jawa.doctrine,Patches/MegafaunaYield.xml,"/Defs/ThingDef[defName=""JRWMicroceratus""]/statBases"
Jawa Doctrine Patches,mandrake.jawa.doctrine,Patches/MegafaunaYield.xml,"/Defs/ThingDef[defName=""JRWMicroceratus""]/statBases/BoneAmount"
Jawa Doctrine Patches,mandrake.jawa.doctrine,Patches/MegafaunaYield.xml,"/Defs/ThingDef[defName=""JRWMicroceratus""]/statBases/BoneAmount"
Jawa Doctrine Patches,mandrake.jawa.doctrine,Patches/MegafaunaYield.xml,"/Defs/ThingDef[defName=""JRWMicroceratus""]/statBases"
Jawa Doctrine Patches,mandrake.jawa.doctrine,Patches/MegafaunaYield.xml,"/Defs/ThingDef[defName=""JRWMochlodon""]/statBases/MeatAmount"
Jawa Doctrine Patches,mandrake.jawa.doctrine,Patches/MegafaunaYield.xml,"/Defs/ThingDef[defName=""JRWMochlodon""]/statBases/MeatAmount"
Jawa Doctrine Patches,mandrake.jawa.doctrine,Patches/MegafaunaYield.xml,"/Defs/ThingDef[defName=""JRWMochlodon""]/statBases"
Jawa Doctrine Patches,mandrake.jawa.doctrine,Patches/MegafaunaYield.xml,"/Defs/ThingDef[defName=""JRWMochlodon""]/statBases/BoneAmount"
Jawa Doctrine Patches,mandrake.jawa.doctrine,Patches/MegafaunaYield.xml,"/Defs/ThingDef[defName=""JRWMochlodon""]/statBases/BoneAmount"
Jawa Doctrine Patches,mandrake.jawa.doctrine,Patches/MegafaunaYield.xml,"/Defs/ThingDef[defName=""JRWMochlodon""]/statBases"
Jawa Doctrine Patches,mandrake.jawa.doctrine,Patches/MegafaunaYield.xml,"/Defs/ThingDef[defName=""JRWNanuqsaurus""]/statBases/MeatAmount"
Jawa Doctrine Patches,mandrake.jawa.doctrine,Patches/MegafaunaYield.xml,"/Defs/ThingDef[defName=""JRWNanuqsaurus""]/statBases/MeatAmount"
Jawa Doctrine Patches,mandrake.jawa.doctrine,Patches/MegafaunaYield.xml,"/Defs/ThingDef[defName=""JRWNanuqsaurus""]/statBases"
Jawa Doctrine Patches,mandrake.jawa.doctrine,Patches/MegafaunaYield.xml,"/Defs/ThingDef[defName=""JRWNanuqsaurus""]/statBases/BoneAmount"
Jawa Doctrine Patches,mandrake.jawa.doctrine,Patches/MegafaunaYield.xml,"/Defs/ThingDef[defName=""JRWNanuqsaurus""]/statBases/BoneAmount"
Jawa Doctrine Patches,mandrake.jawa.doctrine,Patches/MegafaunaYield.xml,"/Defs/ThingDef[defName=""JRWNanuqsaurus""]/statBases"
Jawa Doctrine Patches,mandrake.jawa.doctrine,Patches/MegafaunaYield.xml,"/Defs/ThingDef[defName=""JRWNasutoceratops""]/statBases/MeatAmount"
Jawa Doctrine Patches,mandrake.jawa.doctrine,Patches/MegafaunaYield.xml,"/Defs/ThingDef[defName=""JRWNasutoceratops""]/statBases/MeatAmount"
Jawa Doctrine Patches,mandrake.jawa.doctrine,Patches/MegafaunaYield.xml,"/Defs/ThingDef[defName=""JRWNasutoceratops""]/statBases"
Jawa Doctrine Patches,mandrake.jawa.doctrine,Patches/MegafaunaYield.xml,"/Defs/ThingDef[defName=""JRWNasutoceratops""]/statBases/BoneAmount"
Jawa Doctrine Patches,mandrake.jawa.doctrine,Patches/MegafaunaYield.xml,"/Defs/ThingDef[defName=""JRWNasutoceratops""]/statBases/BoneAmount"
Jawa Doctrine Patches,mandrake.jawa.doctrine,Patches/MegafaunaYield.xml,"/Defs/ThingDef[defName=""JRWNasutoceratops""]/statBases"
Jawa Doctrine Patches,mandrake.jawa.doctrine,Patches/MegafaunaYield.xml,"/Defs/ThingDef[defName=""JRWNyctosaurus""]/statBases/MeatAmount"
Jawa Doctrine Patches,mandrake.jawa.doctrine,Patches/MegafaunaYield.xml,"/Defs/ThingDef[defName=""JRWNyctosaurus""]/statBases/MeatAmount"
Jawa Doctrine Patches,mandrake.jawa.doctrine,Patches/MegafaunaYield.xml,"/Defs/ThingDef[defName=""JRWNyctosaurus""]/statBases"
Jawa Doctrine Patches,mandrake.jawa.doctrine,Patches/MegafaunaYield.xml,"/Defs/ThingDef[defName=""JRWNyctosaurus""]/statBases/BoneAmount"
Jawa Doctrine Patches,mandrake.jawa.doctrine,Patches/MegafaunaYield.xml,"/Defs/ThingDef[defName=""JRWNyctosaurus""]/statBases/BoneAmount"
Jawa Doctrine Patches,mandrake.jawa.doctrine,Patches/MegafaunaYield.xml,"/Defs/ThingDef[defName=""JRWNyctosaurus""]/statBases"
Jawa Doctrine Patches,mandrake.jawa.doctrine,Patches/MegafaunaYield.xml,"/Defs/ThingDef[defName=""JRWOphiacodon""]/statBases/MeatAmount"
Jawa Doctrine Patches,mandrake.jawa.doctrine,Patches/MegafaunaYield.xml,"/Defs/ThingDef[defName=""JRWOphiacodon""]/statBases/MeatAmount"
Jawa Doctrine Patches,mandrake.jawa.doctrine,Patches/MegafaunaYield.xml,"/Defs/ThingDef[defName=""JRWOphiacodon""]/statBases"
Jawa Doctrine Patches,mandrake.jawa.doctrine,Patches/MegafaunaYield.xml,"/Defs/ThingDef[defName=""JRWOphiacodon""]/statBases/BoneAmount"
Jawa Doctrine Patches,mandrake.jawa.doctrine,Patches/MegafaunaYield.xml,"/Defs/ThingDef[defName=""JRWOphiacodon""]/statBases/BoneAmount"
Jawa Doctrine Patches,mandrake.jawa.doctrine,Patches/MegafaunaYield.xml,"/Defs/ThingDef[defName=""JRWOphiacodon""]/statBases"
Jawa Doctrine Patches,mandrake.jawa.doctrine,Patches/MegafaunaYield.xml,"/Defs/ThingDef[defName=""JRWOrnithosuchus""]/statBases/MeatAmount"
Jawa Doctrine Patches,mandrake.jawa.doctrine,Patches/MegafaunaYield.xml,"/Defs/ThingDef[defName=""JRWOrnithosuchus""]/statBases/MeatAmount"
Jawa Doctrine Patches,mandrake.jawa.doctrine,Patches/MegafaunaYield.xml,"/Defs/ThingDef[defName=""JRWOrnithosuchus""]/statBases"
Jawa Doctrine Patches,mandrake.jawa.doctrine,Patches/MegafaunaYield.xml,"/Defs/ThingDef[defName=""JRWOrnithosuchus""]/statBases/BoneAmount"
Jawa Doctrine Patches,mandrake.jawa.doctrine,Patches/MegafaunaYield.xml,"/Defs/ThingDef[defName=""JRWOrnithosuchus""]/statBases/BoneAmount"
Jawa Doctrine Patches,mandrake.jawa.doctrine,Patches/MegafaunaYield.xml,"/Defs/ThingDef[defName=""JRWOrnithosuchus""]/statBases"
Jawa Doctrine Patches,mandrake.jawa.doctrine,Patches/MegafaunaYield.xml,"/Defs/ThingDef[defName=""JRWOuranosaurus""]/statBases/MeatAmount"
Jawa Doctrine Patches,mandrake.jawa.doctrine,Patches/MegafaunaYield.xml,"/Defs/ThingDef[defName=""JRWOuranosaurus""]/statBases/MeatAmount"
Jawa Doctrine Patches,mandrake.jawa.doctrine,Patches/MegafaunaYield.xml,"/Defs/ThingDef[defName=""JRWOuranosaurus""]/statBases"
Jawa Doctrine Patches,mandrake.jawa.doctrine,Patches/MegafaunaYield.xml,"/Defs/ThingDef[defName=""JRWOuranosaurus""]/statBases/BoneAmount"
Jawa Doctrine Patches,mandrake.jawa.doctrine,Patches/MegafaunaYield.xml,"/Defs/ThingDef[defName=""JRWOuranosaurus""]/statBases/BoneAmount"
Jawa Doctrine Patches,mandrake.jawa.doctrine,Patches/MegafaunaYield.xml,"/Defs/ThingDef[defName=""JRWOuranosaurus""]/statBases"
Jawa Doctrine Patches,mandrake.jawa.doctrine,Patches/MegafaunaYield.xml,"/Defs/ThingDef[defName=""JRWOviraptor""]/statBases/MeatAmount"
Jawa Doctrine Patches,mandrake.jawa.doctrine,Patches/MegafaunaYield.xml,"/Defs/ThingDef[defName=""JRWOviraptor""]/statBases/MeatAmount"
Jawa Doctrine Patches,mandrake.jawa.doctrine,Patches/MegafaunaYield.xml,"/Defs/ThingDef[defName=""JRWOviraptor""]/statBases"
Jawa Doctrine Patches,mandrake.jawa.doctrine,Patches/MegafaunaYield.xml,"/Defs/ThingDef[defName=""JRWOviraptor""]/statBases/BoneAmount"
Jawa Doctrine Patches,mandrake.jawa.doctrine,Patches/MegafaunaYield.xml,"/Defs/ThingDef[defName=""JRWOviraptor""]/statBases/BoneAmount"
Jawa Doctrine Patches,mandrake.jawa.doctrine,Patches/MegafaunaYield.xml,"/Defs/ThingDef[defName=""JRWOviraptor""]/statBases"
Jawa Doctrine Patches,mandrake.jawa.doctrine,Patches/MegafaunaYield.xml,"/Defs/ThingDef[defName=""JRWPachycephalosaurus""]/statBases/MeatAmount"
Jawa Doctrine Patches,mandrake.jawa.doctrine,Patches/MegafaunaYield.xml,"/Defs/ThingDef[defName=""JRWPachycephalosaurus""]/statBases/MeatAmount"
Jawa Doctrine Patches,mandrake.jawa.doctrine,Patches/MegafaunaYield.xml,"/Defs/ThingDef[defName=""JRWPachycephalosaurus""]/statBases"
Jawa Doctrine Patches,mandrake.jawa.doctrine,Patches/MegafaunaYield.xml,"/Defs/ThingDef[defName=""JRWPachycephalosaurus""]/statBases/BoneAmount"
Jawa Doctrine Patches,mandrake.jawa.doctrine,Patches/MegafaunaYield.xml,"/Defs/ThingDef[defName=""JRWPachycephalosaurus""]/statBases/BoneAmount"
Jawa Doctrine Patches,mandrake.jawa.doctrine,Patches/MegafaunaYield.xml,"/Defs/ThingDef[defName=""JRWPachycephalosaurus""]/statBases"
Jawa Doctrine Patches,mandrake.jawa.doctrine,Patches/MegafaunaYield.xml,"/Defs/ThingDef[defName=""JRWPachyrhinosaurus""]/statBases/MeatAmount"
Jawa Doctrine Patches,mandrake.jawa.doctrine,Patches/MegafaunaYield.xml,"/Defs/ThingDef[defName=""JRWPachyrhinosaurus""]/statBases/MeatAmount"
Jawa Doctrine Patches,mandrake.jawa.doctrine,Patches/MegafaunaYield.xml,"/Defs/ThingDef[defName=""JRWPachyrhinosaurus""]/statBases"
Jawa Doctrine Patches,mandrake.jawa.doctrine,Patches/MegafaunaYield.xml,"/Defs/ThingDef[defName=""JRWPachyrhinosaurus""]/statBases/BoneAmount"
Jawa Doctrine Patches,mandrake.jawa.doctrine,Patches/MegafaunaYield.xml,"/Defs/ThingDef[defName=""JRWPachyrhinosaurus""]/statBases/BoneAmount"
Jawa Doctrine Patches,mandrake.jawa.doctrine,Patches/MegafaunaYield.xml,"/Defs/ThingDef[defName=""JRWPachyrhinosaurus""]/statBases"
Jawa Doctrine Patches,mandrake.jawa.doctrine,Patches/MegafaunaYield.xml,"/Defs/ThingDef[defName=""JRWParasaurolophus""]/statBases/MeatAmount"
Jawa Doctrine Patches,mandrake.jawa.doctrine,Patches/MegafaunaYield.xml,"/Defs/ThingDef[defName=""JRWParasaurolophus""]/statBases/MeatAmount"
Jawa Doctrine Patches,mandrake.jawa.doctrine,Patches/MegafaunaYield.xml,"/Defs/ThingDef[defName=""JRWParasaurolophus""]/statBases"
Jawa Doctrine Patches,mandrake.jawa.doctrine,Patches/MegafaunaYield.xml,"/Defs/ThingDef[defName=""JRWParasaurolophus""]/statBases/BoneAmount"
Jawa Doctrine Patches,mandrake.jawa.doctrine,Patches/MegafaunaYield.xml,"/Defs/ThingDef[defName=""JRWParasaurolophus""]/statBases/BoneAmount"
Jawa Doctrine Patches,mandrake.jawa.doctrine,Patches/MegafaunaYield.xml,"/Defs/ThingDef[defName=""JRWParasaurolophus""]/statBases"
Jawa Doctrine Patches,mandrake.jawa.doctrine,Patches/MegafaunaYield.xml,"/Defs/ThingDef[defName=""JRWParksosaurus""]/statBases/MeatAmount"
Jawa Doctrine Patches,mandrake.jawa.doctrine,Patches/MegafaunaYield.xml,"/Defs/ThingDef[defName=""JRWParksosaurus""]/statBases/MeatAmount"
Jawa Doctrine Patches,mandrake.jawa.doctrine,Patches/MegafaunaYield.xml,"/Defs/ThingDef[defName=""JRWParksosaurus""]/statBases"
Jawa Doctrine Patches,mandrake.jawa.doctrine,Patches/MegafaunaYield.xml,"/Defs/ThingDef[defName=""JRWParksosaurus""]/statBases/BoneAmount"
Jawa Doctrine Patches,mandrake.jawa.doctrine,Patches/MegafaunaYield.xml,"/Defs/ThingDef[defName=""JRWParksosaurus""]/statBases/BoneAmount"
Jawa Doctrine Patches,mandrake.jawa.doctrine,Patches/MegafaunaYield.xml,"/Defs/ThingDef[defName=""JRWParksosaurus""]/statBases"
Jawa Doctrine Patches,mandrake.jawa.doctrine,Patches/MegafaunaYield.xml,"/Defs/ThingDef[defName=""JRWPlatyhystrix""]/statBases/MeatAmount"
Jawa Doctrine Patches,mandrake.jawa.doctrine,Patches/MegafaunaYield.xml,"/Defs/ThingDef[defName=""JRWPlatyhystrix""]/statBases/MeatAmount"
Jawa Doctrine Patches,mandrake.jawa.doctrine,Patches/MegafaunaYield.xml,"/Defs/ThingDef[defName=""JRWPlatyhystrix""]/statBases"
Jawa Doctrine Patches,mandrake.jawa.doctrine,Patches/MegafaunaYield.xml,"/Defs/ThingDef[defName=""JRWPlatyhystrix""]/statBases/BoneAmount"
Jawa Doctrine Patches,mandrake.jawa.doctrine,Patches/MegafaunaYield.xml,"/Defs/ThingDef[defName=""JRWPlatyhystrix""]/statBases/BoneAmount"
Jawa Doctrine Patches,mandrake.jawa.doctrine,Patches/MegafaunaYield.xml,"/Defs/ThingDef[defName=""JRWPlatyhystrix""]/statBases"
Jawa Doctrine Patches,mandrake.jawa.doctrine,Patches/MegafaunaYield.xml,"/Defs/ThingDef[defName=""JRWPrestosuchus""]/statBases/MeatAmount"
Jawa Doctrine Patches,mandrake.jawa.doctrine,Patches/MegafaunaYield.xml,"/Defs/ThingDef[defName=""JRWPrestosuchus""]/statBases/MeatAmount"
Jawa Doctrine Patches,mandrake.jawa.doctrine,Patches/MegafaunaYield.xml,"/Defs/ThingDef[defName=""JRWPrestosuchus""]/statBases"
Jawa Doctrine Patches,mandrake.jawa.doctrine,Patches/MegafaunaYield.xml,"/Defs/ThingDef[defName=""JRWPrestosuchus""]/statBases/BoneAmount"
Jawa Doctrine Patches,mandrake.jawa.doctrine,Patches/MegafaunaYield.xml,"/Defs/ThingDef[defName=""JRWPrestosuchus""]/statBases/BoneAmount"
Jawa Doctrine Patches,mandrake.jawa.doctrine,Patches/MegafaunaYield.xml,"/Defs/ThingDef[defName=""JRWPrestosuchus""]/statBases"
Jawa Doctrine Patches,mandrake.jawa.doctrine,Patches/MegafaunaYield.xml,"/Defs/ThingDef[defName=""JRWProtoceratops""]/statBases/MeatAmount"
Jawa Doctrine Patches,mandrake.jawa.doctrine,Patches/MegafaunaYield.xml,"/Defs/ThingDef[defName=""JRWProtoceratops""]/statBases/MeatAmount"
Jawa Doctrine Patches,mandrake.jawa.doctrine,Patches/MegafaunaYield.xml,"/Defs/ThingDef[defName=""JRWProtoceratops""]/statBases"
Jawa Doctrine Patches,mandrake.jawa.doctrine,Patches/MegafaunaYield.xml,"/Defs/ThingDef[defName=""JRWProtoceratops""]/statBases/BoneAmount"
Jawa Doctrine Patches,mandrake.jawa.doctrine,Patches/MegafaunaYield.xml,"/Defs/ThingDef[defName=""JRWProtoceratops""]/statBases/BoneAmount"
Jawa Doctrine Patches,mandrake.jawa.doctrine,Patches/MegafaunaYield.xml,"/Defs/ThingDef[defName=""JRWProtoceratops""]/statBases"
Jawa Doctrine Patches,mandrake.jawa.doctrine,Patches/MegafaunaYield.xml,"/Defs/ThingDef[defName=""JRWProtosolpuga""]/statBases/MeatAmount"
Jawa Doctrine Patches,mandrake.jawa.doctrine,Patches/MegafaunaYield.xml,"/Defs/ThingDef[defName=""JRWProtosolpuga""]/statBases/MeatAmount"
Jawa Doctrine Patches,mandrake.jawa.doctrine,Patches/MegafaunaYield.xml,"/Defs/ThingDef[defName=""JRWProtosolpuga""]/statBases"
Jawa Doctrine Patches,mandrake.jawa.doctrine,Patches/MegafaunaYield.xml,"/Defs/ThingDef[defName=""JRWProtosolpuga""]/statBases/BoneAmount"
Jawa Doctrine Patches,mandrake.jawa.doctrine,Patches/MegafaunaYield.xml,"/Defs/ThingDef[defName=""JRWProtosolpuga""]/statBases/BoneAmount"
Jawa Doctrine Patches,mandrake.jawa.doctrine,Patches/MegafaunaYield.xml,"/Defs/ThingDef[defName=""JRWProtosolpuga""]/statBases"
Jawa Doctrine Patches,mandrake.jawa.doctrine,Patches/MegafaunaYield.xml,"/Defs/ThingDef[defName=""JRWPsittacosaurus""]/statBases/MeatAmount"
Jawa Doctrine Patches,mandrake.jawa.doctrine,Patches/MegafaunaYield.xml,"/Defs/ThingDef[defName=""JRWPsittacosaurus""]/statBases/MeatAmount"
Jawa Doctrine Patches,mandrake.jawa.doctrine,Patches/MegafaunaYield.xml,"/Defs/ThingDef[defName=""JRWPsittacosaurus""]/statBases"
Jawa Doctrine Patches,mandrake.jawa.doctrine,Patches/MegafaunaYield.xml,"/Defs/ThingDef[defName=""JRWPsittacosaurus""]/statBases/BoneAmount"
Jawa Doctrine Patches,mandrake.jawa.doctrine,Patches/MegafaunaYield.xml,"/Defs/ThingDef[defName=""JRWPsittacosaurus""]/statBases/BoneAmount"
Jawa Doctrine Patches,mandrake.jawa.doctrine,Patches/MegafaunaYield.xml,"/Defs/ThingDef[defName=""JRWPsittacosaurus""]/statBases"
Jawa Doctrine Patches,mandrake.jawa.doctrine,Patches/MegafaunaYield.xml,"/Defs/ThingDef[defName=""JRWPteranodon""]/statBases/MeatAmount"
Jawa Doctrine Patches,mandrake.jawa.doctrine,Patches/MegafaunaYield.xml,"/Defs/ThingDef[defName=""JRWPteranodon""]/statBases/MeatAmount"
Jawa Doctrine Patches,mandrake.jawa.doctrine,Patches/MegafaunaYield.xml,"/Defs/ThingDef[defName=""JRWPteranodon""]/statBases"
Jawa Doctrine Patches,mandrake.jawa.doctrine,Patches/MegafaunaYield.xml,"/Defs/ThingDef[defName=""JRWPteranodon""]/statBases/BoneAmount"
Jawa Doctrine Patches,mandrake.jawa.doctrine,Patches/MegafaunaYield.xml,"/Defs/ThingDef[defName=""JRWPteranodon""]/statBases/BoneAmount"
Jawa Doctrine Patches,mandrake.jawa.doctrine,Patches/MegafaunaYield.xml,"/Defs/ThingDef[defName=""JRWPteranodon""]/statBases"
Jawa Doctrine Patches,mandrake.jawa.doctrine,Patches/MegafaunaYield.xml,"/Defs/ThingDef[defName=""JRWPulmonoscorpius""]/statBases/MeatAmount"
Jawa Doctrine Patches,mandrake.jawa.doctrine,Patches/MegafaunaYield.xml,"/Defs/ThingDef[defName=""JRWPulmonoscorpius""]/statBases/MeatAmount"
Jawa Doctrine Patches,mandrake.jawa.doctrine,Patches/MegafaunaYield.xml,"/Defs/ThingDef[defName=""JRWPulmonoscorpius""]/statBases"
Jawa Doctrine Patches,mandrake.jawa.doctrine,Patches/MegafaunaYield.xml,"/Defs/ThingDef[defName=""JRWPulmonoscorpius""]/statBases/BoneAmount"
Jawa Doctrine Patches,mandrake.jawa.doctrine,Patches/MegafaunaYield.xml,"/Defs/ThingDef[defName=""JRWPulmonoscorpius""]/statBases/BoneAmount"
Jawa Doctrine Patches,mandrake.jawa.doctrine,Patches/MegafaunaYield.xml,"/Defs/ThingDef[defName=""JRWPulmonoscorpius""]/statBases"
Jawa Doctrine Patches,mandrake.jawa.doctrine,Patches/MegafaunaYield.xml,"/Defs/ThingDef[defName=""JRWQantassaurus""]/statBases/MeatAmount"
Jawa Doctrine Patches,mandrake.jawa.doctrine,Patches/MegafaunaYield.xml,"/Defs/ThingDef[defName=""JRWQantassaurus""]/statBases/MeatAmount"
Jawa Doctrine Patches,mandrake.jawa.doctrine,Patches/MegafaunaYield.xml,"/Defs/ThingDef[defName=""JRWQantassaurus""]/statBases"
Jawa Doctrine Patches,mandrake.jawa.doctrine,Patches/MegafaunaYield.xml,"/Defs/ThingDef[defName=""JRWQantassaurus""]/statBases/BoneAmount"
Jawa Doctrine Patches,mandrake.jawa.doctrine,Patches/MegafaunaYield.xml,"/Defs/ThingDef[defName=""JRWQantassaurus""]/statBases/BoneAmount"
Jawa Doctrine Patches,mandrake.jawa.doctrine,Patches/MegafaunaYield.xml,"/Defs/ThingDef[defName=""JRWQantassaurus""]/statBases"
Jawa Doctrine Patches,mandrake.jawa.doctrine,Patches/MegafaunaYield.xml,"/Defs/ThingDef[defName=""JRWQuetzalcoatlus""]/statBases/MeatAmount"
Jawa Doctrine Patches,mandrake.jawa.doctrine,Patches/MegafaunaYield.xml,"/Defs/ThingDef[defName=""JRWQuetzalcoatlus""]/statBases/MeatAmount"
Jawa Doctrine Patches,mandrake.jawa.doctrine,Patches/MegafaunaYield.xml,"/Defs/ThingDef[defName=""JRWQuetzalcoatlus""]/statBases"
Jawa Doctrine Patches,mandrake.jawa.doctrine,Patches/MegafaunaYield.xml,"/Defs/ThingDef[defName=""JRWQuetzalcoatlus""]/statBases/BoneAmount"
Jawa Doctrine Patches,mandrake.jawa.doctrine,Patches/MegafaunaYield.xml,"/Defs/ThingDef[defName=""JRWQuetzalcoatlus""]/statBases/BoneAmount"
Jawa Doctrine Patches,mandrake.jawa.doctrine,Patches/MegafaunaYield.xml,"/Defs/ThingDef[defName=""JRWQuetzalcoatlus""]/statBases"
Jawa Doctrine Patches,mandrake.jawa.doctrine,Patches/MegafaunaYield.xml,"/Defs/ThingDef[defName=""JRWRajasaurus""]/statBases/MeatAmount"
Jawa Doctrine Patches,mandrake.jawa.doctrine,Patches/MegafaunaYield.xml,"/Defs/ThingDef[defName=""JRWRajasaurus""]/statBases/MeatAmount"
Jawa Doctrine Patches,mandrake.jawa.doctrine,Patches/MegafaunaYield.xml,"/Defs/ThingDef[defName=""JRWRajasaurus""]/statBases"
Jawa Doctrine Patches,mandrake.jawa.doctrine,Patches/MegafaunaYield.xml,"/Defs/ThingDef[defName=""JRWRajasaurus""]/statBases/BoneAmount"
Jawa Doctrine Patches,mandrake.jawa.doctrine,Patches/MegafaunaYield.xml,"/Defs/ThingDef[defName=""JRWRajasaurus""]/statBases/BoneAmount"
Jawa Doctrine Patches,mandrake.jawa.doctrine,Patches/MegafaunaYield.xml,"/Defs/ThingDef[defName=""JRWRajasaurus""]/statBases"
Jawa Doctrine Patches,mandrake.jawa.doctrine,Patches/MegafaunaYield.xml,"/Defs/ThingDef[defName=""JRWRhabdodon""]/statBases/MeatAmount"
Jawa Doctrine Patches,mandrake.jawa.doctrine,Patches/MegafaunaYield.xml,"/Defs/ThingDef[defName=""JRWRhabdodon""]/statBases/MeatAmount"
Jawa Doctrine Patches,mandrake.jawa.doctrine,Patches/MegafaunaYield.xml,"/Defs/ThingDef[defName=""JRWRhabdodon""]/statBases"
Jawa Doctrine Patches,mandrake.jawa.doctrine,Patches/MegafaunaYield.xml,"/Defs/ThingDef[defName=""JRWRhabdodon""]/statBases/BoneAmount"
Jawa Doctrine Patches,mandrake.jawa.doctrine,Patches/MegafaunaYield.xml,"/Defs/ThingDef[defName=""JRWRhabdodon""]/statBases/BoneAmount"
Jawa Doctrine Patches,mandrake.jawa.doctrine,Patches/MegafaunaYield.xml,"/Defs/ThingDef[defName=""JRWRhabdodon""]/statBases"
Jawa Doctrine Patches,mandrake.jawa.doctrine,Patches/MegafaunaYield.xml,"/Defs/ThingDef[defName=""JRWRhamphorhynchus""]/statBases/MeatAmount"
Jawa Doctrine Patches,mandrake.jawa.doctrine,Patches/MegafaunaYield.xml,"/Defs/ThingDef[defName=""JRWRhamphorhynchus""]/statBases/MeatAmount"
Jawa Doctrine Patches,mandrake.jawa.doctrine,Patches/MegafaunaYield.xml,"/Defs/ThingDef[defName=""JRWRhamphorhynchus""]/statBases"
Jawa Doctrine Patches,mandrake.jawa.doctrine,Patches/MegafaunaYield.xml,"/Defs/ThingDef[defName=""JRWRhamphorhynchus""]/statBases/BoneAmount"
Jawa Doctrine Patches,mandrake.jawa.doctrine,Patches/MegafaunaYield.xml,"/Defs/ThingDef[defName=""JRWRhamphorhynchus""]/statBases/BoneAmount"
Jawa Doctrine Patches,mandrake.jawa.doctrine,Patches/MegafaunaYield.xml,"/Defs/ThingDef[defName=""JRWRhamphorhynchus""]/statBases"
Jawa Doctrine Patches,mandrake.jawa.doctrine,Patches/MegafaunaYield.xml,"/Defs/ThingDef[defName=""JRWSaltasaurus""]/statBases/MeatAmount"
Jawa Doctrine Patches,mandrake.jawa.doctrine,Patches/MegafaunaYield.xml,"/Defs/ThingDef[defName=""JRWSaltasaurus""]/statBases/MeatAmount"
Jawa Doctrine Patches,mandrake.jawa.doctrine,Patches/MegafaunaYield.xml,"/Defs/ThingDef[defName=""JRWSaltasaurus""]/statBases"
Jawa Doctrine Patches,mandrake.jawa.doctrine,Patches/MegafaunaYield.xml,"/Defs/ThingDef[defName=""JRWSaltasaurus""]/statBases/BoneAmount"
Jawa Doctrine Patches,mandrake.jawa.doctrine,Patches/MegafaunaYield.xml,"/Defs/ThingDef[defName=""JRWSaltasaurus""]/statBases/BoneAmount"
Jawa Doctrine Patches,mandrake.jawa.doctrine,Patches/MegafaunaYield.xml,"/Defs/ThingDef[defName=""JRWSaltasaurus""]/statBases"
Jawa Doctrine Patches,mandrake.jawa.doctrine,Patches/MegafaunaYield.xml,"/Defs/ThingDef[defName=""JRWSarcosuchus""]/statBases/MeatAmount"
Jawa Doctrine Patches,mandrake.jawa.doctrine,Patches/MegafaunaYield.xml,"/Defs/ThingDef[defName=""JRWSarcosuchus""]/statBases/MeatAmount"
Jawa Doctrine Patches,mandrake.jawa.doctrine,Patches/MegafaunaYield.xml,"/Defs/ThingDef[defName=""JRWSarcosuchus""]/statBases"
Jawa Doctrine Patches,mandrake.jawa.doctrine,Patches/MegafaunaYield.xml,"/Defs/ThingDef[defName=""JRWSarcosuchus""]/statBases/BoneAmount"
Jawa Doctrine Patches,mandrake.jawa.doctrine,Patches/MegafaunaYield.xml,"/Defs/ThingDef[defName=""JRWSarcosuchus""]/statBases/BoneAmount"
Jawa Doctrine Patches,mandrake.jawa.doctrine,Patches/MegafaunaYield.xml,"/Defs/ThingDef[defName=""JRWSarcosuchus""]/statBases"
Jawa Doctrine Patches,mandrake.jawa.doctrine,Patches/MegafaunaYield.xml,"/Defs/ThingDef[defName=""JRWScutosaurus""]/statBases/MeatAmount"
Jawa Doctrine Patches,mandrake.jawa.doctrine,Patches/MegafaunaYield.xml,"/Defs/ThingDef[defName=""JRWScutosaurus""]/statBases/MeatAmount"
Jawa Doctrine Patches,mandrake.jawa.doctrine,Patches/MegafaunaYield.xml,"/Defs/ThingDef[defName=""JRWScutosaurus""]/statBases"
Jawa Doctrine Patches,mandrake.jawa.doctrine,Patches/MegafaunaYield.xml,"/Defs/ThingDef[defName=""JRWScutosaurus""]/statBases/BoneAmount"
Jawa Doctrine Patches,mandrake.jawa.doctrine,Patches/MegafaunaYield.xml,"/Defs/ThingDef[defName=""JRWScutosaurus""]/statBases/BoneAmount"
Jawa Doctrine Patches,mandrake.jawa.doctrine,Patches/MegafaunaYield.xml,"/Defs/ThingDef[defName=""JRWScutosaurus""]/statBases"
Jawa Doctrine Patches,mandrake.jawa.doctrine,Patches/MegafaunaYield.xml,"/Defs/ThingDef[defName=""JRWSegnosaurus""]/statBases/MeatAmount"
Jawa Doctrine Patches,mandrake.jawa.doctrine,Patches/MegafaunaYield.xml,"/Defs/ThingDef[defName=""JRWSegnosaurus""]/statBases/MeatAmount"
Jawa Doctrine Patches,mandrake.jawa.doctrine,Patches/MegafaunaYield.xml,"/Defs/ThingDef[defName=""JRWSegnosaurus""]/statBases"
Jawa Doctrine Patches,mandrake.jawa.doctrine,Patches/MegafaunaYield.xml,"/Defs/ThingDef[defName=""JRWSegnosaurus""]/statBases/BoneAmount"
Jawa Doctrine Patches,mandrake.jawa.doctrine,Patches/MegafaunaYield.xml,"/Defs/ThingDef[defName=""JRWSegnosaurus""]/statBases/BoneAmount"
Jawa Doctrine Patches,mandrake.jawa.doctrine,Patches/MegafaunaYield.xml,"/Defs/ThingDef[defName=""JRWSegnosaurus""]/statBases"
Jawa Doctrine Patches,mandrake.jawa.doctrine,Patches/MegafaunaYield.xml,"/Defs/ThingDef[defName=""JRWSpinosaurus""]/statBases/MeatAmount"
Jawa Doctrine Patches,mandrake.jawa.doctrine,Patches/MegafaunaYield.xml,"/Defs/ThingDef[defName=""JRWSpinosaurus""]/statBases/MeatAmount"
Jawa Doctrine Patches,mandrake.jawa.doctrine,Patches/MegafaunaYield.xml,"/Defs/ThingDef[defName=""JRWSpinosaurus""]/statBases"
Jawa Doctrine Patches,mandrake.jawa.doctrine,Patches/MegafaunaYield.xml,"/Defs/ThingDef[defName=""JRWSpinosaurus""]/statBases/BoneAmount"
Jawa Doctrine Patches,mandrake.jawa.doctrine,Patches/MegafaunaYield.xml,"/Defs/ThingDef[defName=""JRWSpinosaurus""]/statBases/BoneAmount"
Jawa Doctrine Patches,mandrake.jawa.doctrine,Patches/MegafaunaYield.xml,"/Defs/ThingDef[defName=""JRWSpinosaurus""]/statBases"
Jawa Doctrine Patches,mandrake.jawa.doctrine,Patches/MegafaunaYield.xml,"/Defs/ThingDef[defName=""JRWStaurikosaurus""]/statBases/MeatAmount"
Jawa Doctrine Patches,mandrake.jawa.doctrine,Patches/MegafaunaYield.xml,"/Defs/ThingDef[defName=""JRWStaurikosaurus""]/statBases/MeatAmount"
Jawa Doctrine Patches,mandrake.jawa.doctrine,Patches/MegafaunaYield.xml,"/Defs/ThingDef[defName=""JRWStaurikosaurus""]/statBases"
Jawa Doctrine Patches,mandrake.jawa.doctrine,Patches/MegafaunaYield.xml,"/Defs/ThingDef[defName=""JRWStaurikosaurus""]/statBases/BoneAmount"
Jawa Doctrine Patches,mandrake.jawa.doctrine,Patches/MegafaunaYield.xml,"/Defs/ThingDef[defName=""JRWStaurikosaurus""]/statBases/BoneAmount"
Jawa Doctrine Patches,mandrake.jawa.doctrine,Patches/MegafaunaYield.xml,"/Defs/ThingDef[defName=""JRWStaurikosaurus""]/statBases"
Jawa Doctrine Patches,mandrake.jawa.doctrine,Patches/MegafaunaYield.xml,"/Defs/ThingDef[defName=""JRWStegosaurus""]/statBases/MeatAmount"
Jawa Doctrine Patches,mandrake.jawa.doctrine,Patches/MegafaunaYield.xml,"/Defs/ThingDef[defName=""JRWStegosaurus""]/statBases/MeatAmount"
Jawa Doctrine Patches,mandrake.jawa.doctrine,Patches/MegafaunaYield.xml,"/Defs/ThingDef[defName=""JRWStegosaurus""]/statBases"
Jawa Doctrine Patches,mandrake.jawa.doctrine,Patches/MegafaunaYield.xml,"/Defs/ThingDef[defName=""JRWStegosaurus""]/statBases/BoneAmount"
Jawa Doctrine Patches,mandrake.jawa.doctrine,Patches/MegafaunaYield.xml,"/Defs/ThingDef[defName=""JRWStegosaurus""]/statBases/BoneAmount"
Jawa Doctrine Patches,mandrake.jawa.doctrine,Patches/MegafaunaYield.xml,"/Defs/ThingDef[defName=""JRWStegosaurus""]/statBases"
Jawa Doctrine Patches,mandrake.jawa.doctrine,Patches/MegafaunaYield.xml,"/Defs/ThingDef[defName=""JRWStygimoloch""]/statBases/MeatAmount"
Jawa Doctrine Patches,mandrake.jawa.doctrine,Patches/MegafaunaYield.xml,"/Defs/ThingDef[defName=""JRWStygimoloch""]/statBases/MeatAmount"
Jawa Doctrine Patches,mandrake.jawa.doctrine,Patches/MegafaunaYield.xml,"/Defs/ThingDef[defName=""JRWStygimoloch""]/statBases"
Jawa Doctrine Patches,mandrake.jawa.doctrine,Patches/MegafaunaYield.xml,"/Defs/ThingDef[defName=""JRWStygimoloch""]/statBases/BoneAmount"
Jawa Doctrine Patches,mandrake.jawa.doctrine,Patches/MegafaunaYield.xml,"/Defs/ThingDef[defName=""JRWStygimoloch""]/statBases/BoneAmount"
Jawa Doctrine Patches,mandrake.jawa.doctrine,Patches/MegafaunaYield.xml,"/Defs/ThingDef[defName=""JRWStygimoloch""]/statBases"
Jawa Doctrine Patches,mandrake.jawa.doctrine,Patches/MegafaunaYield.xml,"/Defs/ThingDef[defName=""JRWStyracosaurus""]/statBases/MeatAmount"
Jawa Doctrine Patches,mandrake.jawa.doctrine,Patches/MegafaunaYield.xml,"/Defs/ThingDef[defName=""JRWStyracosaurus""]/statBases/MeatAmount"
Jawa Doctrine Patches,mandrake.jawa.doctrine,Patches/MegafaunaYield.xml,"/Defs/ThingDef[defName=""JRWStyracosaurus""]/statBases"
Jawa Doctrine Patches,mandrake.jawa.doctrine,Patches/MegafaunaYield.xml,"/Defs/ThingDef[defName=""JRWStyracosaurus""]/statBases/BoneAmount"
Jawa Doctrine Patches,mandrake.jawa.doctrine,Patches/MegafaunaYield.xml,"/Defs/ThingDef[defName=""JRWStyracosaurus""]/statBases/BoneAmount"
Jawa Doctrine Patches,mandrake.jawa.doctrine,Patches/MegafaunaYield.xml,"/Defs/ThingDef[defName=""JRWStyracosaurus""]/statBases"
Jawa Doctrine Patches,mandrake.jawa.doctrine,Patches/MegafaunaYield.xml,"/Defs/ThingDef[defName=""JRWSuchomimus""]/statBases/MeatAmount"
Jawa Doctrine Patches,mandrake.jawa.doctrine,Patches/MegafaunaYield.xml,"/Defs/ThingDef[defName=""JRWSuchomimus""]/statBases/MeatAmount"
Jawa Doctrine Patches,mandrake.jawa.doctrine,Patches/MegafaunaYield.xml,"/Defs/ThingDef[defName=""JRWSuchomimus""]/statBases"
Jawa Doctrine Patches,mandrake.jawa.doctrine,Patches/MegafaunaYield.xml,"/Defs/ThingDef[defName=""JRWSuchomimus""]/statBases/BoneAmount"
Jawa Doctrine Patches,mandrake.jawa.doctrine,Patches/MegafaunaYield.xml,"/Defs/ThingDef[defName=""JRWSuchomimus""]/statBases/BoneAmount"
Jawa Doctrine Patches,mandrake.jawa.doctrine,Patches/MegafaunaYield.xml,"/Defs/ThingDef[defName=""JRWSuchomimus""]/statBases"
Jawa Doctrine Patches,mandrake.jawa.doctrine,Patches/MegafaunaYield.xml,"/Defs/ThingDef[defName=""JRWSupersaurus""]/statBases/MeatAmount"
Jawa Doctrine Patches,mandrake.jawa.doctrine,Patches/MegafaunaYield.xml,"/Defs/ThingDef[defName=""JRWSupersaurus""]/statBases/MeatAmount"
Jawa Doctrine Patches,mandrake.jawa.doctrine,Patches/MegafaunaYield.xml,"/Defs/ThingDef[defName=""JRWSupersaurus""]/statBases"
Jawa Doctrine Patches,mandrake.jawa.doctrine,Patches/MegafaunaYield.xml,"/Defs/ThingDef[defName=""JRWSupersaurus""]/statBases/BoneAmount"
Jawa Doctrine Patches,mandrake.jawa.doctrine,Patches/MegafaunaYield.xml,"/Defs/ThingDef[defName=""JRWSupersaurus""]/statBases/BoneAmount"
Jawa Doctrine Patches,mandrake.jawa.doctrine,Patches/MegafaunaYield.xml,"/Defs/ThingDef[defName=""JRWSupersaurus""]/statBases"
Jawa Doctrine Patches,mandrake.jawa.doctrine,Patches/MegafaunaYield.xml,"/Defs/ThingDef[defName=""JRWTanystropheus""]/statBases/MeatAmount"
Jawa Doctrine Patches,mandrake.jawa.doctrine,Patches/MegafaunaYield.xml,"/Defs/ThingDef[defName=""JRWTanystropheus""]/statBases/MeatAmount"
Jawa Doctrine Patches,mandrake.jawa.doctrine,Patches/MegafaunaYield.xml,"/Defs/ThingDef[defName=""JRWTanystropheus""]/statBases"
Jawa Doctrine Patches,mandrake.jawa.doctrine,Patches/MegafaunaYield.xml,"/Defs/ThingDef[defName=""JRWTanystropheus""]/statBases/BoneAmount"
Jawa Doctrine Patches,mandrake.jawa.doctrine,Patches/MegafaunaYield.xml,"/Defs/ThingDef[defName=""JRWTanystropheus""]/statBases/BoneAmount"
Jawa Doctrine Patches,mandrake.jawa.doctrine,Patches/MegafaunaYield.xml,"/Defs/ThingDef[defName=""JRWTanystropheus""]/statBases"
Jawa Doctrine Patches,mandrake.jawa.doctrine,Patches/MegafaunaYield.xml,"/Defs/ThingDef[defName=""JRWTenontosaurus""]/statBases/MeatAmount"
Jawa Doctrine Patches,mandrake.jawa.doctrine,Patches/MegafaunaYield.xml,"/Defs/ThingDef[defName=""JRWTenontosaurus""]/statBases/MeatAmount"
Jawa Doctrine Patches,mandrake.jawa.doctrine,Patches/MegafaunaYield.xml,"/Defs/ThingDef[defName=""JRWTenontosaurus""]/statBases"
Jawa Doctrine Patches,mandrake.jawa.doctrine,Patches/MegafaunaYield.xml,"/Defs/ThingDef[defName=""JRWTenontosaurus""]/statBases/BoneAmount"
Jawa Doctrine Patches,mandrake.jawa.doctrine,Patches/MegafaunaYield.xml,"/Defs/ThingDef[defName=""JRWTenontosaurus""]/statBases/BoneAmount"
Jawa Doctrine Patches,mandrake.jawa.doctrine,Patches/MegafaunaYield.xml,"/Defs/ThingDef[defName=""JRWTenontosaurus""]/statBases"
Jawa Doctrine Patches,mandrake.jawa.doctrine,Patches/MegafaunaYield.xml,"/Defs/ThingDef[defName=""JRWTermitotron""]/statBases/MeatAmount"
Jawa Doctrine Patches,mandrake.jawa.doctrine,Patches/MegafaunaYield.xml,"/Defs/ThingDef[defName=""JRWTermitotron""]/statBases/MeatAmount"
Jawa Doctrine Patches,mandrake.jawa.doctrine,Patches/MegafaunaYield.xml,"/Defs/ThingDef[defName=""JRWTermitotron""]/statBases"
Jawa Doctrine Patches,mandrake.jawa.doctrine,Patches/MegafaunaYield.xml,"/Defs/ThingDef[defName=""JRWTermitotron""]/statBases/BoneAmount"
Jawa Doctrine Patches,mandrake.jawa.doctrine,Patches/MegafaunaYield.xml,"/Defs/ThingDef[defName=""JRWTermitotron""]/statBases/BoneAmount"
Jawa Doctrine Patches,mandrake.jawa.doctrine,Patches/MegafaunaYield.xml,"/Defs/ThingDef[defName=""JRWTermitotron""]/statBases"
Jawa Doctrine Patches,mandrake.jawa.doctrine,Patches/MegafaunaYield.xml,"/Defs/ThingDef[defName=""JRWTherizinosaurus""]/statBases/MeatAmount"
Jawa Doctrine Patches,mandrake.jawa.doctrine,Patches/MegafaunaYield.xml,"/Defs/ThingDef[defName=""JRWTherizinosaurus""]/statBases/MeatAmount"
Jawa Doctrine Patches,mandrake.jawa.doctrine,Patches/MegafaunaYield.xml,"/Defs/ThingDef[defName=""JRWTherizinosaurus""]/statBases"
Jawa Doctrine Patches,mandrake.jawa.doctrine,Patches/MegafaunaYield.xml,"/Defs/ThingDef[defName=""JRWTherizinosaurus""]/statBases/BoneAmount"
Jawa Doctrine Patches,mandrake.jawa.doctrine,Patches/MegafaunaYield.xml,"/Defs/ThingDef[defName=""JRWTherizinosaurus""]/statBases/BoneAmount"
Jawa Doctrine Patches,mandrake.jawa.doctrine,Patches/MegafaunaYield.xml,"/Defs/ThingDef[defName=""JRWTherizinosaurus""]/statBases"
Jawa Doctrine Patches,mandrake.jawa.doctrine,Patches/MegafaunaYield.xml,"/Defs/ThingDef[defName=""JRWTitanoboa""]/statBases/MeatAmount"
Jawa Doctrine Patches,mandrake.jawa.doctrine,Patches/MegafaunaYield.xml,"/Defs/ThingDef[defName=""JRWTitanoboa""]/statBases/MeatAmount"
Jawa Doctrine Patches,mandrake.jawa.doctrine,Patches/MegafaunaYield.xml,"/Defs/ThingDef[defName=""JRWTitanoboa""]/statBases"
Jawa Doctrine Patches,mandrake.jawa.doctrine,Patches/MegafaunaYield.xml,"/Defs/ThingDef[defName=""JRWTitanoboa""]/statBases/BoneAmount"
Jawa Doctrine Patches,mandrake.jawa.doctrine,Patches/MegafaunaYield.xml,"/Defs/ThingDef[defName=""JRWTitanoboa""]/statBases/BoneAmount"
Jawa Doctrine Patches,mandrake.jawa.doctrine,Patches/MegafaunaYield.xml,"/Defs/ThingDef[defName=""JRWTitanoboa""]/statBases"
Jawa Doctrine Patches,mandrake.jawa.doctrine,Patches/MegafaunaYield.xml,"/Defs/ThingDef[defName=""JRWTorosaurus""]/statBases/MeatAmount"
Jawa Doctrine Patches,mandrake.jawa.doctrine,Patches/MegafaunaYield.xml,"/Defs/ThingDef[defName=""JRWTorosaurus""]/statBases/MeatAmount"
Jawa Doctrine Patches,mandrake.jawa.doctrine,Patches/MegafaunaYield.xml,"/Defs/ThingDef[defName=""JRWTorosaurus""]/statBases"
Jawa Doctrine Patches,mandrake.jawa.doctrine,Patches/MegafaunaYield.xml,"/Defs/ThingDef[defName=""JRWTorosaurus""]/statBases/BoneAmount"
Jawa Doctrine Patches,mandrake.jawa.doctrine,Patches/MegafaunaYield.xml,"/Defs/ThingDef[defName=""JRWTorosaurus""]/statBases/BoneAmount"
Jawa Doctrine Patches,mandrake.jawa.doctrine,Patches/MegafaunaYield.xml,"/Defs/ThingDef[defName=""JRWTorosaurus""]/statBases"
Jawa Doctrine Patches,mandrake.jawa.doctrine,Patches/MegafaunaYield.xml,"/Defs/ThingDef[defName=""JRWTriceratops""]/statBases/MeatAmount"
Jawa Doctrine Patches,mandrake.jawa.doctrine,Patches/MegafaunaYield.xml,"/Defs/ThingDef[defName=""JRWTriceratops""]/statBases/MeatAmount"
Jawa Doctrine Patches,mandrake.jawa.doctrine,Patches/MegafaunaYield.xml,"/Defs/ThingDef[defName=""JRWTriceratops""]/statBases"
Jawa Doctrine Patches,mandrake.jawa.doctrine,Patches/MegafaunaYield.xml,"/Defs/ThingDef[defName=""JRWTriceratops""]/statBases/BoneAmount"
Jawa Doctrine Patches,mandrake.jawa.doctrine,Patches/MegafaunaYield.xml,"/Defs/ThingDef[defName=""JRWTriceratops""]/statBases/BoneAmount"
Jawa Doctrine Patches,mandrake.jawa.doctrine,Patches/MegafaunaYield.xml,"/Defs/ThingDef[defName=""JRWTriceratops""]/statBases"
Jawa Doctrine Patches,mandrake.jawa.doctrine,Patches/MegafaunaYield.xml,"/Defs/ThingDef[defName=""JRWTroodon""]/statBases/MeatAmount"
Jawa Doctrine Patches,mandrake.jawa.doctrine,Patches/MegafaunaYield.xml,"/Defs/ThingDef[defName=""JRWTroodon""]/statBases/MeatAmount"
Jawa Doctrine Patches,mandrake.jawa.doctrine,Patches/MegafaunaYield.xml,"/Defs/ThingDef[defName=""JRWTroodon""]/statBases"
Jawa Doctrine Patches,mandrake.jawa.doctrine,Patches/MegafaunaYield.xml,"/Defs/ThingDef[defName=""JRWTroodon""]/statBases/BoneAmount"
Jawa Doctrine Patches,mandrake.jawa.doctrine,Patches/MegafaunaYield.xml,"/Defs/ThingDef[defName=""JRWTroodon""]/statBases/BoneAmount"
Jawa Doctrine Patches,mandrake.jawa.doctrine,Patches/MegafaunaYield.xml,"/Defs/ThingDef[defName=""JRWTroodon""]/statBases"
Jawa Doctrine Patches,mandrake.jawa.doctrine,Patches/MegafaunaYield.xml,"/Defs/ThingDef[defName=""JRWTupandactylus""]/statBases/MeatAmount"
Jawa Doctrine Patches,mandrake.jawa.doctrine,Patches/MegafaunaYield.xml,"/Defs/ThingDef[defName=""JRWTupandactylus""]/statBases/MeatAmount"
Jawa Doctrine Patches,mandrake.jawa.doctrine,Patches/MegafaunaYield.xml,"/Defs/ThingDef[defName=""JRWTupandactylus""]/statBases"
Jawa Doctrine Patches,mandrake.jawa.doctrine,Patches/MegafaunaYield.xml,"/Defs/ThingDef[defName=""JRWTupandactylus""]/statBases/BoneAmount"
Jawa Doctrine Patches,mandrake.jawa.doctrine,Patches/MegafaunaYield.xml,"/Defs/ThingDef[defName=""JRWTupandactylus""]/statBases/BoneAmount"
Jawa Doctrine Patches,mandrake.jawa.doctrine,Patches/MegafaunaYield.xml,"/Defs/ThingDef[defName=""JRWTupandactylus""]/statBases"
Jawa Doctrine Patches,mandrake.jawa.doctrine,Patches/MegafaunaYield.xml,"/Defs/ThingDef[defName=""JRWTyrannosaurus""]/statBases/MeatAmount"
Jawa Doctrine Patches,mandrake.jawa.doctrine,Patches/MegafaunaYield.xml,"/Defs/ThingDef[defName=""JRWTyrannosaurus""]/statBases/MeatAmount"
Jawa Doctrine Patches,mandrake.jawa.doctrine,Patches/MegafaunaYield.xml,"/Defs/ThingDef[defName=""JRWTyrannosaurus""]/statBases"
Jawa Doctrine Patches,mandrake.jawa.doctrine,Patches/MegafaunaYield.xml,"/Defs/ThingDef[defName=""JRWTyrannosaurus""]/statBases/BoneAmount"
Jawa Doctrine Patches,mandrake.jawa.doctrine,Patches/MegafaunaYield.xml,"/Defs/ThingDef[defName=""JRWTyrannosaurus""]/statBases/BoneAmount"
Jawa Doctrine Patches,mandrake.jawa.doctrine,Patches/MegafaunaYield.xml,"/Defs/ThingDef[defName=""JRWTyrannosaurus""]/statBases"
Jawa Doctrine Patches,mandrake.jawa.doctrine,Patches/MegafaunaYield.xml,"/Defs/ThingDef[defName=""JRWUdanoceratops""]/statBases/MeatAmount"
Jawa Doctrine Patches,mandrake.jawa.doctrine,Patches/MegafaunaYield.xml,"/Defs/ThingDef[defName=""JRWUdanoceratops""]/statBases/MeatAmount"
Jawa Doctrine Patches,mandrake.jawa.doctrine,Patches/MegafaunaYield.xml,"/Defs/ThingDef[defName=""JRWUdanoceratops""]/statBases"
Jawa Doctrine Patches,mandrake.jawa.doctrine,Patches/MegafaunaYield.xml,"/Defs/ThingDef[defName=""JRWUdanoceratops""]/statBases/BoneAmount"
Jawa Doctrine Patches,mandrake.jawa.doctrine,Patches/MegafaunaYield.xml,"/Defs/ThingDef[defName=""JRWUdanoceratops""]/statBases/BoneAmount"
Jawa Doctrine Patches,mandrake.jawa.doctrine,Patches/MegafaunaYield.xml,"/Defs/ThingDef[defName=""JRWUdanoceratops""]/statBases"
Jawa Doctrine Patches,mandrake.jawa.doctrine,Patches/MegafaunaYield.xml,"/Defs/ThingDef[defName=""JRWValdosaurus""]/statBases/MeatAmount"
Jawa Doctrine Patches,mandrake.jawa.doctrine,Patches/MegafaunaYield.xml,"/Defs/ThingDef[defName=""JRWValdosaurus""]/statBases/MeatAmount"
Jawa Doctrine Patches,mandrake.jawa.doctrine,Patches/MegafaunaYield.xml,"/Defs/ThingDef[defName=""JRWValdosaurus""]/statBases"
Jawa Doctrine Patches,mandrake.jawa.doctrine,Patches/MegafaunaYield.xml,"/Defs/ThingDef[defName=""JRWValdosaurus""]/statBases/BoneAmount"
Jawa Doctrine Patches,mandrake.jawa.doctrine,Patches/MegafaunaYield.xml,"/Defs/ThingDef[defName=""JRWValdosaurus""]/statBases/BoneAmount"
Jawa Doctrine Patches,mandrake.jawa.doctrine,Patches/MegafaunaYield.xml,"/Defs/ThingDef[defName=""JRWValdosaurus""]/statBases"
Jawa Doctrine Patches,mandrake.jawa.doctrine,Patches/MegafaunaYield.xml,"/Defs/ThingDef[defName=""JRWVelociraptor""]/statBases/MeatAmount"
Jawa Doctrine Patches,mandrake.jawa.doctrine,Patches/MegafaunaYield.xml,"/Defs/ThingDef[defName=""JRWVelociraptor""]/statBases/MeatAmount"
Jawa Doctrine Patches,mandrake.jawa.doctrine,Patches/MegafaunaYield.xml,"/Defs/ThingDef[defName=""JRWVelociraptor""]/statBases"
Jawa Doctrine Patches,mandrake.jawa.doctrine,Patches/MegafaunaYield.xml,"/Defs/ThingDef[defName=""JRWVelociraptor""]/statBases/BoneAmount"
Jawa Doctrine Patches,mandrake.jawa.doctrine,Patches/MegafaunaYield.xml,"/Defs/ThingDef[defName=""JRWVelociraptor""]/statBases/BoneAmount"
Jawa Doctrine Patches,mandrake.jawa.doctrine,Patches/MegafaunaYield.xml,"/Defs/ThingDef[defName=""JRWVelociraptor""]/statBases"
Jawa Doctrine Patches,mandrake.jawa.doctrine,Patches/MegafaunaYield.xml,"/Defs/ThingDef[defName=""JRWWonambi""]/statBases/MeatAmount"
Jawa Doctrine Patches,mandrake.jawa.doctrine,Patches/MegafaunaYield.xml,"/Defs/ThingDef[defName=""JRWWonambi""]/statBases/MeatAmount"
Jawa Doctrine Patches,mandrake.jawa.doctrine,Patches/MegafaunaYield.xml,"/Defs/ThingDef[defName=""JRWWonambi""]/statBases"
Jawa Doctrine Patches,mandrake.jawa.doctrine,Patches/MegafaunaYield.xml,"/Defs/ThingDef[defName=""JRWWonambi""]/statBases/BoneAmount"
Jawa Doctrine Patches,mandrake.jawa.doctrine,Patches/MegafaunaYield.xml,"/Defs/ThingDef[defName=""JRWWonambi""]/statBases/BoneAmount"
Jawa Doctrine Patches,mandrake.jawa.doctrine,Patches/MegafaunaYield.xml,"/Defs/ThingDef[defName=""JRWWonambi""]/statBases"
Jawa Doctrine Patches,mandrake.jawa.doctrine,Patches/MegafaunaYield.xml,"/Defs/ThingDef[defName=""JRWYangchuanosaurus""]/statBases/MeatAmount"
Jawa Doctrine Patches,mandrake.jawa.doctrine,Patches/MegafaunaYield.xml,"/Defs/ThingDef[defName=""JRWYangchuanosaurus""]/statBases/MeatAmount"
Jawa Doctrine Patches,mandrake.jawa.doctrine,Patches/MegafaunaYield.xml,"/Defs/ThingDef[defName=""JRWYangchuanosaurus""]/statBases"
Jawa Doctrine Patches,mandrake.jawa.doctrine,Patches/MegafaunaYield.xml,"/Defs/ThingDef[defName=""JRWYangchuanosaurus""]/statBases/BoneAmount"
Jawa Doctrine Patches,mandrake.jawa.doctrine,Patches/MegafaunaYield.xml,"/Defs/ThingDef[defName=""JRWYangchuanosaurus""]/statBases/BoneAmount"
Jawa Doctrine Patches,mandrake.jawa.doctrine,Patches/MegafaunaYield.xml,"/Defs/ThingDef[defName=""JRWYangchuanosaurus""]/statBases"
Jawa Doctrine Patches,mandrake.jawa.doctrine,Patches/MegafaunaYield.xml,"/Defs/ThingDef[defName=""JRWYi""]/statBases/MeatAmount"
Jawa Doctrine Patches,mandrake.jawa.doctrine,Patches/MegafaunaYield.xml,"/Defs/ThingDef[defName=""JRWYi""]/statBases/MeatAmount"
Jawa Doctrine Patches,mandrake.jawa.doctrine,Patches/MegafaunaYield.xml,"/Defs/ThingDef[defName=""JRWYi""]/statBases"
Jawa Doctrine Patches,mandrake.jawa.doctrine,Patches/MegafaunaYield.xml,"/Defs/ThingDef[defName=""JRWYi""]/statBases/BoneAmount"
Jawa Doctrine Patches,mandrake.jawa.doctrine,Patches/MegafaunaYield.xml,"/Defs/ThingDef[defName=""JRWYi""]/statBases/BoneAmount"
Jawa Doctrine Patches,mandrake.jawa.doctrine,Patches/MegafaunaYield.xml,"/Defs/ThingDef[defName=""JRWYi""]/statBases"
Jawa Doctrine Patches,mandrake.jawa.doctrine,Patches/MegafaunaYield.xml,"/Defs/ThingDef[defName=""JRWYurlunggur""]/statBases/MeatAmount"
Jawa Doctrine Patches,mandrake.jawa.doctrine,Patches/MegafaunaYield.xml,"/Defs/ThingDef[defName=""JRWYurlunggur""]/statBases/MeatAmount"
Jawa Doctrine Patches,mandrake.jawa.doctrine,Patches/MegafaunaYield.xml,"/Defs/ThingDef[defName=""JRWYurlunggur""]/statBases"
Jawa Doctrine Patches,mandrake.jawa.doctrine,Patches/MegafaunaYield.xml,"/Defs/ThingDef[defName=""JRWYurlunggur""]/statBases/BoneAmount"
Jawa Doctrine Patches,mandrake.jawa.doctrine,Patches/MegafaunaYield.xml,"/Defs/ThingDef[defName=""JRWYurlunggur""]/statBases/BoneAmount"
Jawa Doctrine Patches,mandrake.jawa.doctrine,Patches/MegafaunaYield.xml,"/Defs/ThingDef[defName=""JRWYurlunggur""]/statBases"
Jawa Doctrine Patches,mandrake.jawa.doctrine,Patches/MegafaunaYield.xml,"/Defs/ThingDef[defName=""JRWYutyrannus""]/statBases/MeatAmount"
Jawa Doctrine Patches,mandrake.jawa.doctrine,Patches/MegafaunaYield.xml,"/Defs/ThingDef[defName=""JRWYutyrannus""]/statBases/MeatAmount"
Jawa Doctrine Patches,mandrake.jawa.doctrine,Patches/MegafaunaYield.xml,"/Defs/ThingDef[defName=""JRWYutyrannus""]/statBases"
Jawa Doctrine Patches,mandrake.jawa.doctrine,Patches/MegafaunaYield.xml,"/Defs/ThingDef[defName=""JRWYutyrannus""]/statBases/BoneAmount"
Jawa Doctrine Patches,mandrake.jawa.doctrine,Patches/MegafaunaYield.xml,"/Defs/ThingDef[defName=""JRWYutyrannus""]/statBases/BoneAmount"
Jawa Doctrine Patches,mandrake.jawa.doctrine,Patches/MegafaunaYield.xml,"/Defs/ThingDef[defName=""JRWYutyrannus""]/statBases"
Jawa Doctrine Patches,mandrake.jawa.doctrine,Patches/MegafaunaYield.xml,"/Defs/ThingDef[defName=""JRWZalmoxes""]/statBases/MeatAmount"
Jawa Doctrine Patches,mandrake.jawa.doctrine,Patches/MegafaunaYield.xml,"/Defs/ThingDef[defName=""JRWZalmoxes""]/statBases/MeatAmount"
Jawa Doctrine Patches,mandrake.jawa.doctrine,Patches/MegafaunaYield.xml,"/Defs/ThingDef[defName=""JRWZalmoxes""]/statBases"
Jawa Doctrine Patches,mandrake.jawa.doctrine,Patches/MegafaunaYield.xml,"/Defs/ThingDef[defName=""JRWZalmoxes""]/statBases/BoneAmount"
Jawa Doctrine Patches,mandrake.jawa.doctrine,Patches/MegafaunaYield.xml,"/Defs/ThingDef[defName=""JRWZalmoxes""]/statBases/BoneAmount"
Jawa Doctrine Patches,mandrake.jawa.doctrine,Patches/MegafaunaYield.xml,"/Defs/ThingDef[defName=""JRWZalmoxes""]/statBases"
Jawa Doctrine Patches,mandrake.jawa.doctrine,Patches/MegafaunaYield.xml,"/Defs/ThingDef[defName=""JRWZephyrosaurus""]/statBases/MeatAmount"
Jawa Doctrine Patches,mandrake.jawa.doctrine,Patches/MegafaunaYield.xml,"/Defs/ThingDef[defName=""JRWZephyrosaurus""]/statBases/MeatAmount"
Jawa Doctrine Patches,mandrake.jawa.doctrine,Patches/MegafaunaYield.xml,"/Defs/ThingDef[defName=""JRWZephyrosaurus""]/statBases"
Jawa Doctrine Patches,mandrake.jawa.doctrine,Patches/MegafaunaYield.xml,"/Defs/ThingDef[defName=""JRWZephyrosaurus""]/statBases/BoneAmount"
Jawa Doctrine Patches,mandrake.jawa.doctrine,Patches/MegafaunaYield.xml,"/Defs/ThingDef[defName=""JRWZephyrosaurus""]/statBases/BoneAmount"
Jawa Doctrine Patches,mandrake.jawa.doctrine,Patches/MegafaunaYield.xml,"/Defs/ThingDef[defName=""JRWZephyrosaurus""]/statBases"
Jawa Doctrine Patches,mandrake.jawa.doctrine,Patches/MegafaunaYield.xml,"/Defs/ThingDef[defName=""JRWBernicia""]/comps/li[milkAmount]/milkAmount"
Jawa Doctrine Patches,mandrake.jawa.doctrine,Patches/MegafaunaYield.xml,"/Defs/ThingDef[defName=""JRWGasosaurus""]/comps/li[milkAmount]/milkAmount"
Jawa Doctrine Patches,mandrake.jawa.doctrine,Patches/MegafaunaYield.xml,"/Defs/ThingDef[defName=""Arthropleura""]/statBases/MeatAmount"
Jawa Doctrine Patches,mandrake.jawa.doctrine,Patches/MegafaunaYield.xml,"/Defs/ThingDef[defName=""Arthropleura""]/statBases/MeatAmount"
Jawa Doctrine Patches,mandrake.jawa.doctrine,Patches/MegafaunaYield.xml,"/Defs/ThingDef[defName=""Arthropleura""]/statBases"
Jawa Doctrine Patches,mandrake.jawa.doctrine,Patches/MegafaunaYield.xml,"/Defs/ThingDef[defName=""Doedicurus""]/statBases/MeatAmount"
Jawa Doctrine Patches,mandrake.jawa.doctrine,Patches/MegafaunaYield.xml,"/Defs/ThingDef[defName=""Doedicurus""]/statBases/MeatAmount"
Jawa Doctrine Patches,mandrake.jawa.doctrine,Patches/MegafaunaYield.xml,"/Defs/ThingDef[defName=""Doedicurus""]/statBases"
Jawa Doctrine Patches,mandrake.jawa.doctrine,Patches/MegafaunaYield.xml,"/Defs/ThingDef[defName=""Doedicurus""]/statBases/BoneAmount"
Jawa Doctrine Patches,mandrake.jawa.doctrine,Patches/MegafaunaYield.xml,"/Defs/ThingDef[defName=""Doedicurus""]/statBases/BoneAmount"
Jawa Doctrine Patches,mandrake.jawa.doctrine,Patches/MegafaunaYield.xml,"/Defs/ThingDef[defName=""Doedicurus""]/statBases"
Jawa Doctrine Patches,mandrake.jawa.doctrine,Patches/MegafaunaYield.xml,"/Defs/ThingDef[defName=""Daeodon""]/statBases/MeatAmount"
Jawa Doctrine Patches,mandrake.jawa.doctrine,Patches/MegafaunaYield.xml,"/Defs/ThingDef[defName=""Daeodon""]/statBases/MeatAmount"
Jawa Doctrine Patches,mandrake.jawa.doctrine,Patches/MegafaunaYield.xml,"/Defs/ThingDef[defName=""Daeodon""]/statBases"
Jawa Doctrine Patches,mandrake.jawa.doctrine,Patches/MegafaunaYield.xml,"/Defs/ThingDef[defName=""Daeodon""]/statBases/BoneAmount"
Jawa Doctrine Patches,mandrake.jawa.doctrine,Patches/MegafaunaYield.xml,"/Defs/ThingDef[defName=""Daeodon""]/statBases/BoneAmount"
Jawa Doctrine Patches,mandrake.jawa.doctrine,Patches/MegafaunaYield.xml,"/Defs/ThingDef[defName=""Daeodon""]/statBases"
Jawa Doctrine Patches,mandrake.jawa.doctrine,Patches/MegafaunaYield.xml,"/Defs/ThingDef[defName=""Gigantopithecus""]/statBases/MeatAmount"
Jawa Doctrine Patches,mandrake.jawa.doctrine,Patches/MegafaunaYield.xml,"/Defs/ThingDef[defName=""Gigantopithecus""]/statBases/MeatAmount"
Jawa Doctrine Patches,mandrake.jawa.doctrine,Patches/MegafaunaYield.xml,"/Defs/ThingDef[defName=""Gigantopithecus""]/statBases"
Jawa Doctrine Patches,mandrake.jawa.doctrine,Patches/MegafaunaYield.xml,"/Defs/ThingDef[defName=""Gigantopithecus""]/statBases/BoneAmount"
Jawa Doctrine Patches,mandrake.jawa.doctrine,Patches/MegafaunaYield.xml,"/Defs/ThingDef[defName=""Gigantopithecus""]/statBases/BoneAmount"
Jawa Doctrine Patches,mandrake.jawa.doctrine,Patches/MegafaunaYield.xml,"/Defs/ThingDef[defName=""Gigantopithecus""]/statBases"
Jawa Doctrine Patches,mandrake.jawa.doctrine,Patches/MegafaunaYield.xml,"/Defs/ThingDef[defName=""Paraceratherium""]/statBases/MeatAmount"
Jawa Doctrine Patches,mandrake.jawa.doctrine,Patches/MegafaunaYield.xml,"/Defs/ThingDef[defName=""Paraceratherium""]/statBases/MeatAmount"
Jawa Doctrine Patches,mandrake.jawa.doctrine,Patches/MegafaunaYield.xml,"/Defs/ThingDef[defName=""Paraceratherium""]/statBases"
Jawa Doctrine Patches,mandrake.jawa.doctrine,Patches/MegafaunaYield.xml,"/Defs/ThingDef[defName=""Paraceratherium""]/statBases/BoneAmount"
Jawa Doctrine Patches,mandrake.jawa.doctrine,Patches/MegafaunaYield.xml,"/Defs/ThingDef[defName=""Paraceratherium""]/statBases/BoneAmount"
Jawa Doctrine Patches,mandrake.jawa.doctrine,Patches/MegafaunaYield.xml,"/Defs/ThingDef[defName=""Paraceratherium""]/statBases"
Jawa Doctrine Patches,mandrake.jawa.doctrine,Patches/MegafaunaYield.xml,"/Defs/ThingDef[defName=""Titanis""]/statBases/MeatAmount"
Jawa Doctrine Patches,mandrake.jawa.doctrine,Patches/MegafaunaYield.xml,"/Defs/ThingDef[defName=""Titanis""]/statBases/MeatAmount"
Jawa Doctrine Patches,mandrake.jawa.doctrine,Patches/MegafaunaYield.xml,"/Defs/ThingDef[defName=""Titanis""]/statBases"
Jawa Doctrine Patches,mandrake.jawa.doctrine,Patches/MegafaunaYield.xml,"/Defs/ThingDef[defName=""Titanis""]/statBases/BoneAmount"
Jawa Doctrine Patches,mandrake.jawa.doctrine,Patches/MegafaunaYield.xml,"/Defs/ThingDef[defName=""Titanis""]/statBases/BoneAmount"
Jawa Doctrine Patches,mandrake.jawa.doctrine,Patches/MegafaunaYield.xml,"/Defs/ThingDef[defName=""Titanis""]/statBases"
Jawa Doctrine Patches,mandrake.jawa.doctrine,Patches/MegafaunaYield.xml,"/Defs/ThingDef[defName=""Titanoboa""]/statBases/MeatAmount"
Jawa Doctrine Patches,mandrake.jawa.doctrine,Patches/MegafaunaYield.xml,"/Defs/ThingDef[defName=""Titanoboa""]/statBases/MeatAmount"
Jawa Doctrine Patches,mandrake.jawa.doctrine,Patches/MegafaunaYield.xml,"/Defs/ThingDef[defName=""Titanoboa""]/statBases"
Jawa Doctrine Patches,mandrake.jawa.doctrine,Patches/MegafaunaYield.xml,"/Defs/ThingDef[defName=""Titanoboa""]/statBases/BoneAmount"
Jawa Doctrine Patches,mandrake.jawa.doctrine,Patches/MegafaunaYield.xml,"/Defs/ThingDef[defName=""Titanoboa""]/statBases/BoneAmount"
Jawa Doctrine Patches,mandrake.jawa.doctrine,Patches/MegafaunaYield.xml,"/Defs/ThingDef[defName=""Titanoboa""]/statBases"
Jawa Doctrine Patches,mandrake.jawa.doctrine,Patches/MegafaunaYield.xml,"/Defs/ThingDef[defName=""WoollyMammoth""]/statBases/MeatAmount"
Jawa Doctrine Patches,mandrake.jawa.doctrine,Patches/MegafaunaYield.xml,"/Defs/ThingDef[defName=""WoollyMammoth""]/statBases/MeatAmount"
Jawa Doctrine Patches,mandrake.jawa.doctrine,Patches/MegafaunaYield.xml,"/Defs/ThingDef[defName=""WoollyMammoth""]/statBases"
Jawa Doctrine Patches,mandrake.jawa.doctrine,Patches/MegafaunaYield.xml,"/Defs/ThingDef[defName=""WoollyMammoth""]/statBases/BoneAmount"
Jawa Doctrine Patches,mandrake.jawa.doctrine,Patches/MegafaunaYield.xml,"/Defs/ThingDef[defName=""WoollyMammoth""]/statBases/BoneAmount"
Jawa Doctrine Patches,mandrake.jawa.doctrine,Patches/MegafaunaYield.xml,"/Defs/ThingDef[defName=""WoollyMammoth""]/statBases"
Jawa Doctrine Patches,mandrake.jawa.doctrine,Patches/MegafaunaYield.xml,"/Defs/ThingDef[defName=""Elasmotherium""]/statBases/MeatAmount"
Jawa Doctrine Patches,mandrake.jawa.doctrine,Patches/MegafaunaYield.xml,"/Defs/ThingDef[defName=""Elasmotherium""]/statBases/MeatAmount"
Jawa Doctrine Patches,mandrake.jawa.doctrine,Patches/MegafaunaYield.xml,"/Defs/ThingDef[defName=""Elasmotherium""]/statBases"
Jawa Doctrine Patches,mandrake.jawa.doctrine,Patches/MegafaunaYield.xml,"/Defs/ThingDef[defName=""Elasmotherium""]/statBases/BoneAmount"
Jawa Doctrine Patches,mandrake.jawa.doctrine,Patches/MegafaunaYield.xml,"/Defs/ThingDef[defName=""Elasmotherium""]/statBases/BoneAmount"
Jawa Doctrine Patches,mandrake.jawa.doctrine,Patches/MegafaunaYield.xml,"/Defs/ThingDef[defName=""Elasmotherium""]/statBases"
Jawa Doctrine Patches,mandrake.jawa.doctrine,Patches/MegafaunaYield.xml,"/Defs/ThingDef[defName=""Smilodon""]/statBases/MeatAmount"
Jawa Doctrine Patches,mandrake.jawa.doctrine,Patches/MegafaunaYield.xml,"/Defs/ThingDef[defName=""Smilodon""]/statBases/MeatAmount"
Jawa Doctrine Patches,mandrake.jawa.doctrine,Patches/MegafaunaYield.xml,"/Defs/ThingDef[defName=""Smilodon""]/statBases"
Jawa Doctrine Patches,mandrake.jawa.doctrine,Patches/MegafaunaYield.xml,"/Defs/ThingDef[defName=""Smilodon""]/statBases/BoneAmount"
Jawa Doctrine Patches,mandrake.jawa.doctrine,Patches/MegafaunaYield.xml,"/Defs/ThingDef[defName=""Smilodon""]/statBases/BoneAmount"
Jawa Doctrine Patches,mandrake.jawa.doctrine,Patches/MegafaunaYield.xml,"/Defs/ThingDef[defName=""Smilodon""]/statBases"
Jawa Doctrine Patches,mandrake.jawa.doctrine,Patches/MegafaunaYield.xml,"/Defs/ThingDef[defName=""Chalicotherium""]/statBases/MeatAmount"
Jawa Doctrine Patches,mandrake.jawa.doctrine,Patches/MegafaunaYield.xml,"/Defs/ThingDef[defName=""Chalicotherium""]/statBases/MeatAmount"
Jawa Doctrine Patches,mandrake.jawa.doctrine,Patches/MegafaunaYield.xml,"/Defs/ThingDef[defName=""Chalicotherium""]/statBases"
Jawa Doctrine Patches,mandrake.jawa.doctrine,Patches/MegafaunaYield.xml,"/Defs/ThingDef[defName=""Chalicotherium""]/statBases/BoneAmount"
Jawa Doctrine Patches,mandrake.jawa.doctrine,Patches/MegafaunaYield.xml,"/Defs/ThingDef[defName=""Chalicotherium""]/statBases/BoneAmount"
Jawa Doctrine Patches,mandrake.jawa.doctrine,Patches/MegafaunaYield.xml,"/Defs/ThingDef[defName=""Chalicotherium""]/statBases"
Jawa Doctrine Patches,mandrake.jawa.doctrine,Patches/MegafaunaYield.xml,"/Defs/ThingDef[defName=""Megaloceros""]/statBases/MeatAmount"
Jawa Doctrine Patches,mandrake.jawa.doctrine,Patches/MegafaunaYield.xml,"/Defs/ThingDef[defName=""Megaloceros""]/statBases/MeatAmount"
Jawa Doctrine Patches,mandrake.jawa.doctrine,Patches/MegafaunaYield.xml,"/Defs/ThingDef[defName=""Megaloceros""]/statBases"
Jawa Doctrine Patches,mandrake.jawa.doctrine,Patches/MegafaunaYield.xml,"/Defs/ThingDef[defName=""Megaloceros""]/statBases/BoneAmount"
Jawa Doctrine Patches,mandrake.jawa.doctrine,Patches/MegafaunaYield.xml,"/Defs/ThingDef[defName=""Megaloceros""]/statBases/BoneAmount"
Jawa Doctrine Patches,mandrake.jawa.doctrine,Patches/MegafaunaYield.xml,"/Defs/ThingDef[defName=""Megaloceros""]/statBases"
Jawa Doctrine Patches,mandrake.jawa.doctrine,Patches/MegafaunaYield.xml,"/Defs/ThingDef[defName=""Procoptodon""]/statBases/MeatAmount"
Jawa Doctrine Patches,mandrake.jawa.doctrine,Patches/MegafaunaYield.xml,"/Defs/ThingDef[defName=""Procoptodon""]/statBases/MeatAmount"
Jawa Doctrine Patches,mandrake.jawa.doctrine,Patches/MegafaunaYield.xml,"/Defs/ThingDef[defName=""Procoptodon""]/statBases"
Jawa Doctrine Patches,mandrake.jawa.doctrine,Patches/MegafaunaYield.xml,"/Defs/ThingDef[defName=""Procoptodon""]/statBases/BoneAmount"
Jawa Doctrine Patches,mandrake.jawa.doctrine,Patches/MegafaunaYield.xml,"/Defs/ThingDef[defName=""Procoptodon""]/statBases/BoneAmount"
Jawa Doctrine Patches,mandrake.jawa.doctrine,Patches/MegafaunaYield.xml,"/Defs/ThingDef[defName=""Procoptodon""]/statBases"
Jawa Doctrine Patches,mandrake.jawa.doctrine,Patches/MegafaunaYield.xml,"/Defs/ThingDef[defName=""Megalania""]/statBases/MeatAmount"
Jawa Doctrine Patches,mandrake.jawa.doctrine,Patches/MegafaunaYield.xml,"/Defs/ThingDef[defName=""Megalania""]/statBases/MeatAmount"
Jawa Doctrine Patches,mandrake.jawa.doctrine,Patches/MegafaunaYield.xml,"/Defs/ThingDef[defName=""Megalania""]/statBases"
Jawa Doctrine Patches,mandrake.jawa.doctrine,Patches/MegafaunaYield.xml,"/Defs/ThingDef[defName=""Megalania""]/statBases/BoneAmount"
Jawa Doctrine Patches,mandrake.jawa.doctrine,Patches/MegafaunaYield.xml,"/Defs/ThingDef[defName=""Megalania""]/statBases/BoneAmount"
Jawa Doctrine Patches,mandrake.jawa.doctrine,Patches/MegafaunaYield.xml,"/Defs/ThingDef[defName=""Megalania""]/statBases"
Jawa Doctrine Patches,mandrake.jawa.doctrine,Patches/MegafaunaYield.xml,"/Defs/ThingDef[defName=""Gomphotaria""]/statBases/MeatAmount"
Jawa Doctrine Patches,mandrake.jawa.doctrine,Patches/MegafaunaYield.xml,"/Defs/ThingDef[defName=""Gomphotaria""]/statBases/MeatAmount"
Jawa Doctrine Patches,mandrake.jawa.doctrine,Patches/MegafaunaYield.xml,"/Defs/ThingDef[defName=""Gomphotaria""]/statBases"
Jawa Doctrine Patches,mandrake.jawa.doctrine,Patches/MegafaunaYield.xml,"/Defs/ThingDef[defName=""Gomphotaria""]/statBases/BoneAmount"
Jawa Doctrine Patches,mandrake.jawa.doctrine,Patches/MegafaunaYield.xml,"/Defs/ThingDef[defName=""Gomphotaria""]/statBases/BoneAmount"
Jawa Doctrine Patches,mandrake.jawa.doctrine,Patches/MegafaunaYield.xml,"/Defs/ThingDef[defName=""Gomphotaria""]/statBases"
Jawa Doctrine Patches,mandrake.jawa.doctrine,Patches/MegafaunaYield.xml,"/Defs/ThingDef[defName=""Diprotodon""]/statBases/MeatAmount"
Jawa Doctrine Patches,mandrake.jawa.doctrine,Patches/MegafaunaYield.xml,"/Defs/ThingDef[defName=""Diprotodon""]/statBases/MeatAmount"
Jawa Doctrine Patches,mandrake.jawa.doctrine,Patches/MegafaunaYield.xml,"/Defs/ThingDef[defName=""Diprotodon""]/statBases"
Jawa Doctrine Patches,mandrake.jawa.doctrine,Patches/MegafaunaYield.xml,"/Defs/ThingDef[defName=""Diprotodon""]/statBases/BoneAmount"
Jawa Doctrine Patches,mandrake.jawa.doctrine,Patches/MegafaunaYield.xml,"/Defs/ThingDef[defName=""Diprotodon""]/statBases/BoneAmount"
Jawa Doctrine Patches,mandrake.jawa.doctrine,Patches/MegafaunaYield.xml,"/Defs/ThingDef[defName=""Diprotodon""]/statBases"
Jawa Doctrine Patches,mandrake.jawa.doctrine,Patches/MegafaunaYield.xml,"/Defs/ThingDef[defName=""ShortfacedBear""]/statBases/MeatAmount"
Jawa Doctrine Patches,mandrake.jawa.doctrine,Patches/MegafaunaYield.xml,"/Defs/ThingDef[defName=""ShortfacedBear""]/statBases/MeatAmount"
Jawa Doctrine Patches,mandrake.jawa.doctrine,Patches/MegafaunaYield.xml,"/Defs/ThingDef[defName=""ShortfacedBear""]/statBases"
Jawa Doctrine Patches,mandrake.jawa.doctrine,Patches/MegafaunaYield.xml,"/Defs/ThingDef[defName=""ShortfacedBear""]/statBases/BoneAmount"
Jawa Doctrine Patches,mandrake.jawa.doctrine,Patches/MegafaunaYield.xml,"/Defs/ThingDef[defName=""ShortfacedBear""]/statBases/BoneAmount"
Jawa Doctrine Patches,mandrake.jawa.doctrine,Patches/MegafaunaYield.xml,"/Defs/ThingDef[defName=""ShortfacedBear""]/statBases"
Jawa Doctrine Patches,mandrake.jawa.doctrine,Patches/MegafaunaYield.xml,"/Defs/ThingDef[defName=""Dinocrocuta""]/statBases/MeatAmount"
Jawa Doctrine Patches,mandrake.jawa.doctrine,Patches/MegafaunaYield.xml,"/Defs/ThingDef[defName=""Dinocrocuta""]/statBases/MeatAmount"
Jawa Doctrine Patches,mandrake.jawa.doctrine,Patches/MegafaunaYield.xml,"/Defs/ThingDef[defName=""Dinocrocuta""]/statBases"
Jawa Doctrine Patches,mandrake.jawa.doctrine,Patches/MegafaunaYield.xml,"/Defs/ThingDef[defName=""Dinocrocuta""]/statBases/BoneAmount"
Jawa Doctrine Patches,mandrake.jawa.doctrine,Patches/MegafaunaYield.xml,"/Defs/ThingDef[defName=""Dinocrocuta""]/statBases/BoneAmount"
Jawa Doctrine Patches,mandrake.jawa.doctrine,Patches/MegafaunaYield.xml,"/Defs/ThingDef[defName=""Dinocrocuta""]/statBases"
Jawa Doctrine Patches,mandrake.jawa.doctrine,Patches/MegafaunaYield.xml,"/Defs/ThingDef[defName=""Sivatherium""]/statBases/MeatAmount"
Jawa Doctrine Patches,mandrake.jawa.doctrine,Patches/MegafaunaYield.xml,"/Defs/ThingDef[defName=""Sivatherium""]/statBases/MeatAmount"
Jawa Doctrine Patches,mandrake.jawa.doctrine,Patches/MegafaunaYield.xml,"/Defs/ThingDef[defName=""Sivatherium""]/statBases"
Jawa Doctrine Patches,mandrake.jawa.doctrine,Patches/MegafaunaYield.xml,"/Defs/ThingDef[defName=""Sivatherium""]/statBases/BoneAmount"
Jawa Doctrine Patches,mandrake.jawa.doctrine,Patches/MegafaunaYield.xml,"/Defs/ThingDef[defName=""Sivatherium""]/statBases/BoneAmount"
Jawa Doctrine Patches,mandrake.jawa.doctrine,Patches/MegafaunaYield.xml,"/Defs/ThingDef[defName=""Sivatherium""]/statBases"
Jawa Doctrine Patches,mandrake.jawa.doctrine,Patches/MegafaunaYield.xml,"/Defs/ThingDef[defName=""Andrewsarchus""]/statBases/MeatAmount"
Jawa Doctrine Patches,mandrake.jawa.doctrine,Patches/MegafaunaYield.xml,"/Defs/ThingDef[defName=""Andrewsarchus""]/statBases/MeatAmount"
Jawa Doctrine Patches,mandrake.jawa.doctrine,Patches/MegafaunaYield.xml,"/Defs/ThingDef[defName=""Andrewsarchus""]/statBases"
Jawa Doctrine Patches,mandrake.jawa.doctrine,Patches/MegafaunaYield.xml,"/Defs/ThingDef[defName=""Andrewsarchus""]/statBases/BoneAmount"
Jawa Doctrine Patches,mandrake.jawa.doctrine,Patches/MegafaunaYield.xml,"/Defs/ThingDef[defName=""Andrewsarchus""]/statBases/BoneAmount"
Jawa Doctrine Patches,mandrake.jawa.doctrine,Patches/MegafaunaYield.xml,"/Defs/ThingDef[defName=""Andrewsarchus""]/statBases"
Jawa Doctrine Patches,mandrake.jawa.doctrine,Patches/MegafaunaYield.xml,"/Defs/ThingDef[defName=""Dinornis""]/statBases/MeatAmount"
Jawa Doctrine Patches,mandrake.jawa.doctrine,Patches/MegafaunaYield.xml,"/Defs/ThingDef[defName=""Dinornis""]/statBases/MeatAmount"
Jawa Doctrine Patches,mandrake.jawa.doctrine,Patches/MegafaunaYield.xml,"/Defs/ThingDef[defName=""Dinornis""]/statBases"
Jawa Doctrine Patches,mandrake.jawa.doctrine,Patches/MegafaunaYield.xml,"/Defs/ThingDef[defName=""Dinornis""]/statBases/BoneAmount"
Jawa Doctrine Patches,mandrake.jawa.doctrine,Patches/MegafaunaYield.xml,"/Defs/ThingDef[defName=""Dinornis""]/statBases/BoneAmount"
Jawa Doctrine Patches,mandrake.jawa.doctrine,Patches/MegafaunaYield.xml,"/Defs/ThingDef[defName=""Dinornis""]/statBases"
Jawa Doctrine Patches,mandrake.jawa.doctrine,Patches/MegafaunaYield.xml,"/Defs/ThingDef[defName=""Macrauchenia""]/statBases/MeatAmount"
Jawa Doctrine Patches,mandrake.jawa.doctrine,Patches/MegafaunaYield.xml,"/Defs/ThingDef[defName=""Macrauchenia""]/statBases/MeatAmount"
Jawa Doctrine Patches,mandrake.jawa.doctrine,Patches/MegafaunaYield.xml,"/Defs/ThingDef[defName=""Macrauchenia""]/statBases"
Jawa Doctrine Patches,mandrake.jawa.doctrine,Patches/MegafaunaYield.xml,"/Defs/ThingDef[defName=""Macrauchenia""]/statBases/BoneAmount"
Jawa Doctrine Patches,mandrake.jawa.doctrine,Patches/MegafaunaYield.xml,"/Defs/ThingDef[defName=""Macrauchenia""]/statBases/BoneAmount"
Jawa Doctrine Patches,mandrake.jawa.doctrine,Patches/MegafaunaYield.xml,"/Defs/ThingDef[defName=""Macrauchenia""]/statBases"
Jawa Doctrine Patches,mandrake.jawa.doctrine,Patches/MegafaunaYield.xml,"/Defs/ThingDef[defName=""Quinkana""]/statBases/MeatAmount"
Jawa Doctrine Patches,mandrake.jawa.doctrine,Patches/MegafaunaYield.xml,"/Defs/ThingDef[defName=""Quinkana""]/statBases/MeatAmount"
Jawa Doctrine Patches,mandrake.jawa.doctrine,Patches/MegafaunaYield.xml,"/Defs/ThingDef[defName=""Quinkana""]/statBases"
Jawa Doctrine Patches,mandrake.jawa.doctrine,Patches/MegafaunaYield.xml,"/Defs/ThingDef[defName=""Quinkana""]/statBases/BoneAmount"
Jawa Doctrine Patches,mandrake.jawa.doctrine,Patches/MegafaunaYield.xml,"/Defs/ThingDef[defName=""Quinkana""]/statBases/BoneAmount"
Jawa Doctrine Patches,mandrake.jawa.doctrine,Patches/MegafaunaYield.xml,"/Defs/ThingDef[defName=""Quinkana""]/statBases"
Jawa Doctrine Patches,mandrake.jawa.doctrine,Patches/MegafaunaYield.xml,"/Defs/ThingDef[defName=""Deinotherium""]/statBases/MeatAmount"
Jawa Doctrine Patches,mandrake.jawa.doctrine,Patches/MegafaunaYield.xml,"/Defs/ThingDef[defName=""Deinotherium""]/statBases/MeatAmount"
Jawa Doctrine Patches,mandrake.jawa.doctrine,Patches/MegafaunaYield.xml,"/Defs/ThingDef[defName=""Deinotherium""]/statBases"
Jawa Doctrine Patches,mandrake.jawa.doctrine,Patches/MegafaunaYield.xml,"/Defs/ThingDef[defName=""Deinotherium""]/statBases/BoneAmount"
Jawa Doctrine Patches,mandrake.jawa.doctrine,Patches/MegafaunaYield.xml,"/Defs/ThingDef[defName=""Deinotherium""]/statBases/BoneAmount"
Jawa Doctrine Patches,mandrake.jawa.doctrine,Patches/MegafaunaYield.xml,"/Defs/ThingDef[defName=""Deinotherium""]/statBases"
Jawa Doctrine Patches,mandrake.jawa.doctrine,Patches/MegafaunaYield.xml,"/Defs/ThingDef[defName=""Aurochs""]/statBases/MeatAmount"
Jawa Doctrine Patches,mandrake.jawa.doctrine,Patches/MegafaunaYield.xml,"/Defs/ThingDef[defName=""Aurochs""]/statBases/MeatAmount"
Jawa Doctrine Patches,mandrake.jawa.doctrine,Patches/MegafaunaYield.xml,"/Defs/ThingDef[defName=""Aurochs""]/statBases"
Jawa Doctrine Patches,mandrake.jawa.doctrine,Patches/MegafaunaYield.xml,"/Defs/ThingDef[defName=""Aurochs""]/statBases/BoneAmount"
Jawa Doctrine Patches,mandrake.jawa.doctrine,Patches/MegafaunaYield.xml,"/Defs/ThingDef[defName=""Aurochs""]/statBases/BoneAmount"
Jawa Doctrine Patches,mandrake.jawa.doctrine,Patches/MegafaunaYield.xml,"/Defs/ThingDef[defName=""Aurochs""]/statBases"
Jawa Doctrine Patches,mandrake.jawa.doctrine,Patches/MegafaunaYield.xml,"/Defs/ThingDef[defName=""Megalochelys""]/statBases/MeatAmount"
Jawa Doctrine Patches,mandrake.jawa.doctrine,Patches/MegafaunaYield.xml,"/Defs/ThingDef[defName=""Megalochelys""]/statBases/MeatAmount"
Jawa Doctrine Patches,mandrake.jawa.doctrine,Patches/MegafaunaYield.xml,"/Defs/ThingDef[defName=""Megalochelys""]/statBases"
Jawa Doctrine Patches,mandrake.jawa.doctrine,Patches/MegafaunaYield.xml,"/Defs/ThingDef[defName=""Megalochelys""]/statBases/BoneAmount"
Jawa Doctrine Patches,mandrake.jawa.doctrine,Patches/MegafaunaYield.xml,"/Defs/ThingDef[defName=""Megalochelys""]/statBases/BoneAmount"
Jawa Doctrine Patches,mandrake.jawa.doctrine,Patches/MegafaunaYield.xml,"/Defs/ThingDef[defName=""Megalochelys""]/statBases"
Jawa Doctrine Patches,mandrake.jawa.doctrine,Patches/MegafaunaYield.xml,"/Defs/ThingDef[defName=""Palaeeudyptes""]/statBases/MeatAmount"
Jawa Doctrine Patches,mandrake.jawa.doctrine,Patches/MegafaunaYield.xml,"/Defs/ThingDef[defName=""Palaeeudyptes""]/statBases/MeatAmount"
Jawa Doctrine Patches,mandrake.jawa.doctrine,Patches/MegafaunaYield.xml,"/Defs/ThingDef[defName=""Palaeeudyptes""]/statBases"
Jawa Doctrine Patches,mandrake.jawa.doctrine,Patches/MegafaunaYield.xml,"/Defs/ThingDef[defName=""Palaeeudyptes""]/statBases/BoneAmount"
Jawa Doctrine Patches,mandrake.jawa.doctrine,Patches/MegafaunaYield.xml,"/Defs/ThingDef[defName=""Palaeeudyptes""]/statBases/BoneAmount"
Jawa Doctrine Patches,mandrake.jawa.doctrine,Patches/MegafaunaYield.xml,"/Defs/ThingDef[defName=""Palaeeudyptes""]/statBases"
Jawa Doctrine Patches,mandrake.jawa.doctrine,Patches/MegafaunaYield.xml,"/Defs/ThingDef[defName=""Josephoartigasia""]/statBases/MeatAmount"
Jawa Doctrine Patches,mandrake.jawa.doctrine,Patches/MegafaunaYield.xml,"/Defs/ThingDef[defName=""Josephoartigasia""]/statBases/MeatAmount"
Jawa Doctrine Patches,mandrake.jawa.doctrine,Patches/MegafaunaYield.xml,"/Defs/ThingDef[defName=""Josephoartigasia""]/statBases"
Jawa Doctrine Patches,mandrake.jawa.doctrine,Patches/MegafaunaYield.xml,"/Defs/ThingDef[defName=""Josephoartigasia""]/statBases/BoneAmount"
Jawa Doctrine Patches,mandrake.jawa.doctrine,Patches/MegafaunaYield.xml,"/Defs/ThingDef[defName=""Josephoartigasia""]/statBases/BoneAmount"
Jawa Doctrine Patches,mandrake.jawa.doctrine,Patches/MegafaunaYield.xml,"/Defs/ThingDef[defName=""Josephoartigasia""]/statBases"
Jawa Doctrine Patches,mandrake.jawa.doctrine,Patches/MegafaunaYield.xml,"/Defs/ThingDef[defName=""Gigantophis""]/statBases/MeatAmount"
Jawa Doctrine Patches,mandrake.jawa.doctrine,Patches/MegafaunaYield.xml,"/Defs/ThingDef[defName=""Gigantophis""]/statBases/MeatAmount"
Jawa Doctrine Patches,mandrake.jawa.doctrine,Patches/MegafaunaYield.xml,"/Defs/ThingDef[defName=""Gigantophis""]/statBases"
Jawa Doctrine Patches,mandrake.jawa.doctrine,Patches/MegafaunaYield.xml,"/Defs/ThingDef[defName=""Gigantophis""]/statBases/BoneAmount"
Jawa Doctrine Patches,mandrake.jawa.doctrine,Patches/MegafaunaYield.xml,"/Defs/ThingDef[defName=""Gigantophis""]/statBases/BoneAmount"
Jawa Doctrine Patches,mandrake.jawa.doctrine,Patches/MegafaunaYield.xml,"/Defs/ThingDef[defName=""Gigantophis""]/statBases"
Jawa Doctrine Patches,mandrake.jawa.doctrine,Patches/MegafaunaYield.xml,"/Defs/ThingDef[defName=""Zygolophodon""]/statBases/MeatAmount"
Jawa Doctrine Patches,mandrake.jawa.doctrine,Patches/MegafaunaYield.xml,"/Defs/ThingDef[defName=""Zygolophodon""]/statBases/MeatAmount"
Jawa Doctrine Patches,mandrake.jawa.doctrine,Patches/MegafaunaYield.xml,"/Defs/ThingDef[defName=""Zygolophodon""]/statBases"
Jawa Doctrine Patches,mandrake.jawa.doctrine,Patches/MegafaunaYield.xml,"/Defs/ThingDef[defName=""Zygolophodon""]/statBases/BoneAmount"
Jawa Doctrine Patches,mandrake.jawa.doctrine,Patches/MegafaunaYield.xml,"/Defs/ThingDef[defName=""Zygolophodon""]/statBases/BoneAmount"
Jawa Doctrine Patches,mandrake.jawa.doctrine,Patches/MegafaunaYield.xml,"/Defs/ThingDef[defName=""Zygolophodon""]/statBases"
Jawa Doctrine Patches,mandrake.jawa.doctrine,Patches/MegafaunaYield.xml,"/Defs/ThingDef[defName=""Platybelodon""]/statBases/MeatAmount"
Jawa Doctrine Patches,mandrake.jawa.doctrine,Patches/MegafaunaYield.xml,"/Defs/ThingDef[defName=""Platybelodon""]/statBases/MeatAmount"
Jawa Doctrine Patches,mandrake.jawa.doctrine,Patches/MegafaunaYield.xml,"/Defs/ThingDef[defName=""Platybelodon""]/statBases"
Jawa Doctrine Patches,mandrake.jawa.doctrine,Patches/MegafaunaYield.xml,"/Defs/ThingDef[defName=""Platybelodon""]/statBases/BoneAmount"
Jawa Doctrine Patches,mandrake.jawa.doctrine,Patches/MegafaunaYield.xml,"/Defs/ThingDef[defName=""Platybelodon""]/statBases/BoneAmount"
Jawa Doctrine Patches,mandrake.jawa.doctrine,Patches/MegafaunaYield.xml,"/Defs/ThingDef[defName=""Platybelodon""]/statBases"
Jawa Doctrine Patches,mandrake.jawa.doctrine,Patches/MegafaunaYield.xml,"/Defs/ThingDef[defName=""Purussaurus""]/statBases/MeatAmount"
Jawa Doctrine Patches,mandrake.jawa.doctrine,Patches/MegafaunaYield.xml,"/Defs/ThingDef[defName=""Purussaurus""]/statBases/MeatAmount"
Jawa Doctrine Patches,mandrake.jawa.doctrine,Patches/MegafaunaYield.xml,"/Defs/ThingDef[defName=""Purussaurus""]/statBases"
Jawa Doctrine Patches,mandrake.jawa.doctrine,Patches/MegafaunaYield.xml,"/Defs/ThingDef[defName=""Purussaurus""]/statBases/BoneAmount"
Jawa Doctrine Patches,mandrake.jawa.doctrine,Patches/MegafaunaYield.xml,"/Defs/ThingDef[defName=""Purussaurus""]/statBases/BoneAmount"
Jawa Doctrine Patches,mandrake.jawa.doctrine,Patches/MegafaunaYield.xml,"/Defs/ThingDef[defName=""Purussaurus""]/statBases"
Jawa Doctrine Patches,mandrake.jawa.doctrine,Patches/MegafaunaYield.xml,"/Defs/ThingDef[defName=""Uintatherium""]/statBases/MeatAmount"
Jawa Doctrine Patches,mandrake.jawa.doctrine,Patches/MegafaunaYield.xml,"/Defs/ThingDef[defName=""Uintatherium""]/statBases/MeatAmount"
Jawa Doctrine Patches,mandrake.jawa.doctrine,Patches/MegafaunaYield.xml,"/Defs/ThingDef[defName=""Uintatherium""]/statBases"
Jawa Doctrine Patches,mandrake.jawa.doctrine,Patches/MegafaunaYield.xml,"/Defs/ThingDef[defName=""Uintatherium""]/statBases/BoneAmount"
Jawa Doctrine Patches,mandrake.jawa.doctrine,Patches/MegafaunaYield.xml,"/Defs/ThingDef[defName=""Uintatherium""]/statBases/BoneAmount"
Jawa Doctrine Patches,mandrake.jawa.doctrine,Patches/MegafaunaYield.xml,"/Defs/ThingDef[defName=""Uintatherium""]/statBases"
Jawa Doctrine Patches,mandrake.jawa.doctrine,Patches/MegafaunaYield.xml,"/Defs/ThingDef[defName=""Pulmonoscorpius""]/statBases/MeatAmount"
Jawa Doctrine Patches,mandrake.jawa.doctrine,Patches/MegafaunaYield.xml,"/Defs/ThingDef[defName=""Pulmonoscorpius""]/statBases/MeatAmount"
Jawa Doctrine Patches,mandrake.jawa.doctrine,Patches/MegafaunaYield.xml,"/Defs/ThingDef[defName=""Pulmonoscorpius""]/statBases"
Jawa Doctrine Patches,mandrake.jawa.doctrine,Patches/MegafaunaYield.xml,"/Defs/ThingDef[defName=""Dinopithecus""]/statBases/MeatAmount"
Jawa Doctrine Patches,mandrake.jawa.doctrine,Patches/MegafaunaYield.xml,"/Defs/ThingDef[defName=""Dinopithecus""]/statBases/MeatAmount"
Jawa Doctrine Patches,mandrake.jawa.doctrine,Patches/MegafaunaYield.xml,"/Defs/ThingDef[defName=""Dinopithecus""]/statBases"
Jawa Doctrine Patches,mandrake.jawa.doctrine,Patches/MegafaunaYield.xml,"/Defs/ThingDef[defName=""Dinopithecus""]/statBases/BoneAmount"
Jawa Doctrine Patches,mandrake.jawa.doctrine,Patches/MegafaunaYield.xml,"/Defs/ThingDef[defName=""Dinopithecus""]/statBases/BoneAmount"
Jawa Doctrine Patches,mandrake.jawa.doctrine,Patches/MegafaunaYield.xml,"/Defs/ThingDef[defName=""Dinopithecus""]/statBases"
Jawa Doctrine Patches,mandrake.jawa.doctrine,Patches/MegafaunaYield.xml,"/Defs/ThingDef[defName=""Castoroides""]/statBases/MeatAmount"
Jawa Doctrine Patches,mandrake.jawa.doctrine,Patches/MegafaunaYield.xml,"/Defs/ThingDef[defName=""Castoroides""]/statBases/MeatAmount"
Jawa Doctrine Patches,mandrake.jawa.doctrine,Patches/MegafaunaYield.xml,"/Defs/ThingDef[defName=""Castoroides""]/statBases"
Jawa Doctrine Patches,mandrake.jawa.doctrine,Patches/MegafaunaYield.xml,"/Defs/ThingDef[defName=""Castoroides""]/statBases/BoneAmount"
Jawa Doctrine Patches,mandrake.jawa.doctrine,Patches/MegafaunaYield.xml,"/Defs/ThingDef[defName=""Castoroides""]/statBases/BoneAmount"
Jawa Doctrine Patches,mandrake.jawa.doctrine,Patches/MegafaunaYield.xml,"/Defs/ThingDef[defName=""Castoroides""]/statBases"
Jawa Doctrine Patches,mandrake.jawa.doctrine,Patches/MegafaunaYield.xml,"/Defs/ThingDef[defName=""Enhydriodon""]/statBases/MeatAmount"
Jawa Doctrine Patches,mandrake.jawa.doctrine,Patches/MegafaunaYield.xml,"/Defs/ThingDef[defName=""Enhydriodon""]/statBases/MeatAmount"
Jawa Doctrine Patches,mandrake.jawa.doctrine,Patches/MegafaunaYield.xml,"/Defs/ThingDef[defName=""Enhydriodon""]/statBases"
Jawa Doctrine Patches,mandrake.jawa.doctrine,Patches/MegafaunaYield.xml,"/Defs/ThingDef[defName=""Enhydriodon""]/statBases/BoneAmount"
Jawa Doctrine Patches,mandrake.jawa.doctrine,Patches/MegafaunaYield.xml,"/Defs/ThingDef[defName=""Enhydriodon""]/statBases/BoneAmount"
Jawa Doctrine Patches,mandrake.jawa.doctrine,Patches/MegafaunaYield.xml,"/Defs/ThingDef[defName=""Enhydriodon""]/statBases"
Jawa Doctrine Patches,mandrake.jawa.doctrine,Patches/MegafaunaYield.xml,"/Defs/ThingDef[defName=""WoollyMammoth""]/comps/li[woolAmount]/woolAmount"
Jawa Doctrine Patches,mandrake.jawa.doctrine,Patches/MegafaunaYield.xml,"/Defs/ThingDef[defName=""Elasmotherium""]/comps/li[woolAmount]/woolAmount"
Jawa Doctrine Patches,mandrake.jawa.doctrine,Patches/MegafaunaYield.xml,"/Defs/ThingDef[defName=""Josephoartigasia""]/comps/li[woolAmount]/woolAmount"
Jawa Doctrine Patches,mandrake.jawa.doctrine,Patches/MegafaunaYield.xml,"/Defs/ThingDef[defName=""Sivatherium""]/comps/li[milkAmount]/milkAmount"
Jawa Doctrine Patches,mandrake.jawa.doctrine,Patches/MegafaunaYield.xml,"/Defs/ThingDef[defName=""Macrauchenia""]/comps/li[milkAmount]/milkAmount"
Jawa Doctrine Patches,mandrake.jawa.doctrine,Patches/MegafaunaYield.xml,"/Defs/ThingDef[defName=""Aurochs""]/comps/li[milkAmount]/milkAmount"
Jawa Doctrine Patches,mandrake.jawa.doctrine,Patches/MegafaunaYield.xml,"/Defs/ThingDef[defName=""Uintatherium""]/comps/li[milkAmount]/milkAmount"
Jawa Doctrine Patches,mandrake.jawa.doctrine,Patches/MegafaunaYield.xml,"/Defs/ThingDef[defName=""MO_AbominationRace""]/statBases/MeatAmount"
Jawa Doctrine Patches,mandrake.jawa.doctrine,Patches/MegafaunaYield.xml,"/Defs/ThingDef[defName=""MO_AbominationRace""]/statBases/MeatAmount"
Jawa Doctrine Patches,mandrake.jawa.doctrine,Patches/MegafaunaYield.xml,"/Defs/ThingDef[defName=""MO_AbominationRace""]/statBases"
Jawa Doctrine Patches,mandrake.jawa.doctrine,Patches/MegafaunaYield.xml,"/Defs/ThingDef[defName=""MO_AbominationRace""]/statBases/BoneAmount"
Jawa Doctrine Patches,mandrake.jawa.doctrine,Patches/MegafaunaYield.xml,"/Defs/ThingDef[defName=""MO_AbominationRace""]/statBases/BoneAmount"
Jawa Doctrine Patches,mandrake.jawa.doctrine,Patches/MegafaunaYield.xml,"/Defs/ThingDef[defName=""MO_AbominationRace""]/statBases"
Jawa Doctrine Patches,mandrake.jawa.doctrine,Patches/MegafaunaYield.xml,"/Defs/ThingDef[defName=""MA_Aminox""]/statBases/MeatAmount"
Jawa Doctrine Patches,mandrake.jawa.doctrine,Patches/MegafaunaYield.xml,"/Defs/ThingDef[defName=""MA_Aminox""]/statBases/MeatAmount"
Jawa Doctrine Patches,mandrake.jawa.doctrine,Patches/MegafaunaYield.xml,"/Defs/ThingDef[defName=""MA_Aminox""]/statBases"
Jawa Doctrine Patches,mandrake.jawa.doctrine,Patches/MegafaunaYield.xml,"/Defs/ThingDef[defName=""MA_Aminox""]/statBases/BoneAmount"
Jawa Doctrine Patches,mandrake.jawa.doctrine,Patches/MegafaunaYield.xml,"/Defs/ThingDef[defName=""MA_Aminox""]/statBases/BoneAmount"
Jawa Doctrine Patches,mandrake.jawa.doctrine,Patches/MegafaunaYield.xml,"/Defs/ThingDef[defName=""MA_Aminox""]/statBases"
Jawa Doctrine Patches,mandrake.jawa.doctrine,Patches/MegafaunaYield.xml,"/Defs/ThingDef[defName=""MA_Capryak""]/statBases/MeatAmount"
Jawa Doctrine Patches,mandrake.jawa.doctrine,Patches/MegafaunaYield.xml,"/Defs/ThingDef[defName=""MA_Capryak""]/statBases/MeatAmount"
Jawa Doctrine Patches,mandrake.jawa.doctrine,Patches/MegafaunaYield.xml,"/Defs/ThingDef[defName=""MA_Capryak""]/statBases"
Jawa Doctrine Patches,mandrake.jawa.doctrine,Patches/MegafaunaYield.xml,"/Defs/ThingDef[defName=""MA_Capryak""]/statBases/BoneAmount"
Jawa Doctrine Patches,mandrake.jawa.doctrine,Patches/MegafaunaYield.xml,"/Defs/ThingDef[defName=""MA_Capryak""]/statBases/BoneAmount"
Jawa Doctrine Patches,mandrake.jawa.doctrine,Patches/MegafaunaYield.xml,"/Defs/ThingDef[defName=""MA_Capryak""]/statBases"
Jawa Doctrine Patches,mandrake.jawa.doctrine,Patches/MegafaunaYield.xml,"/Defs/ThingDef[defName=""MA_Deermoss""]/statBases/MeatAmount"
Jawa Doctrine Patches,mandrake.jawa.doctrine,Patches/MegafaunaYield.xml,"/Defs/ThingDef[defName=""MA_Deermoss""]/statBases/MeatAmount"
Jawa Doctrine Patches,mandrake.jawa.doctrine,Patches/MegafaunaYield.xml,"/Defs/ThingDef[defName=""MA_Deermoss""]/statBases"
Jawa Doctrine Patches,mandrake.jawa.doctrine,Patches/MegafaunaYield.xml,"/Defs/ThingDef[defName=""MA_Deermoss""]/statBases/BoneAmount"
Jawa Doctrine Patches,mandrake.jawa.doctrine,Patches/MegafaunaYield.xml,"/Defs/ThingDef[defName=""MA_Deermoss""]/statBases/BoneAmount"
Jawa Doctrine Patches,mandrake.jawa.doctrine,Patches/MegafaunaYield.xml,"/Defs/ThingDef[defName=""MA_Deermoss""]/statBases"
Jawa Doctrine Patches,mandrake.jawa.doctrine,Patches/MegafaunaYield.xml,"/Defs/ThingDef[defName=""MA_Direhorse""]/statBases/MeatAmount"
Jawa Doctrine Patches,mandrake.jawa.doctrine,Patches/MegafaunaYield.xml,"/Defs/ThingDef[defName=""MA_Direhorse""]/statBases/MeatAmount"
Jawa Doctrine Patches,mandrake.jawa.doctrine,Patches/MegafaunaYield.xml,"/Defs/ThingDef[defName=""MA_Direhorse""]/statBases"
Jawa Doctrine Patches,mandrake.jawa.doctrine,Patches/MegafaunaYield.xml,"/Defs/ThingDef[defName=""MA_Direhorse""]/statBases/BoneAmount"
Jawa Doctrine Patches,mandrake.jawa.doctrine,Patches/MegafaunaYield.xml,"/Defs/ThingDef[defName=""MA_Direhorse""]/statBases/BoneAmount"
Jawa Doctrine Patches,mandrake.jawa.doctrine,Patches/MegafaunaYield.xml,"/Defs/ThingDef[defName=""MA_Direhorse""]/statBases"
Jawa Doctrine Patches,mandrake.jawa.doctrine,Patches/MegafaunaYield.xml,"/Defs/ThingDef[defName=""MA_Dunbear""]/statBases/MeatAmount"
Jawa Doctrine Patches,mandrake.jawa.doctrine,Patches/MegafaunaYield.xml,"/Defs/ThingDef[defName=""MA_Dunbear""]/statBases/MeatAmount"
Jawa Doctrine Patches,mandrake.jawa.doctrine,Patches/MegafaunaYield.xml,"/Defs/ThingDef[defName=""MA_Dunbear""]/statBases"
Jawa Doctrine Patches,mandrake.jawa.doctrine,Patches/MegafaunaYield.xml,"/Defs/ThingDef[defName=""MA_Dunbear""]/statBases/BoneAmount"
Jawa Doctrine Patches,mandrake.jawa.doctrine,Patches/MegafaunaYield.xml,"/Defs/ThingDef[defName=""MA_Dunbear""]/statBases/BoneAmount"
Jawa Doctrine Patches,mandrake.jawa.doctrine,Patches/MegafaunaYield.xml,"/Defs/ThingDef[defName=""MA_Dunbear""]/statBases"
Jawa Doctrine Patches,mandrake.jawa.doctrine,Patches/MegafaunaYield.xml,"/Defs/ThingDef[defName=""MA_Duskhorn""]/statBases/MeatAmount"
Jawa Doctrine Patches,mandrake.jawa.doctrine,Patches/MegafaunaYield.xml,"/Defs/ThingDef[defName=""MA_Duskhorn""]/statBases/MeatAmount"
Jawa Doctrine Patches,mandrake.jawa.doctrine,Patches/MegafaunaYield.xml,"/Defs/ThingDef[defName=""MA_Duskhorn""]/statBases"
Jawa Doctrine Patches,mandrake.jawa.doctrine,Patches/MegafaunaYield.xml,"/Defs/ThingDef[defName=""MA_Duskhorn""]/statBases/BoneAmount"
Jawa Doctrine Patches,mandrake.jawa.doctrine,Patches/MegafaunaYield.xml,"/Defs/ThingDef[defName=""MA_Duskhorn""]/statBases/BoneAmount"
Jawa Doctrine Patches,mandrake.jawa.doctrine,Patches/MegafaunaYield.xml,"/Defs/ThingDef[defName=""MA_Duskhorn""]/statBases"
Jawa Doctrine Patches,mandrake.jawa.doctrine,Patches/MegafaunaYield.xml,"/Defs/ThingDef[defName=""MA_Furpotamus""]/statBases/MeatAmount"
Jawa Doctrine Patches,mandrake.jawa.doctrine,Patches/MegafaunaYield.xml,"/Defs/ThingDef[defName=""MA_Furpotamus""]/statBases/MeatAmount"
Jawa Doctrine Patches,mandrake.jawa.doctrine,Patches/MegafaunaYield.xml,"/Defs/ThingDef[defName=""MA_Furpotamus""]/statBases"
Jawa Doctrine Patches,mandrake.jawa.doctrine,Patches/MegafaunaYield.xml,"/Defs/ThingDef[defName=""MA_Furpotamus""]/statBases/BoneAmount"
Jawa Doctrine Patches,mandrake.jawa.doctrine,Patches/MegafaunaYield.xml,"/Defs/ThingDef[defName=""MA_Furpotamus""]/statBases/BoneAmount"
Jawa Doctrine Patches,mandrake.jawa.doctrine,Patches/MegafaunaYield.xml,"/Defs/ThingDef[defName=""MA_Furpotamus""]/statBases"
Jawa Doctrine Patches,mandrake.jawa.doctrine,Patches/MegafaunaYield.xml,"/Defs/ThingDef[defName=""MA_Gnaut""]/statBases/MeatAmount"
Jawa Doctrine Patches,mandrake.jawa.doctrine,Patches/MegafaunaYield.xml,"/Defs/ThingDef[defName=""MA_Gnaut""]/statBases/MeatAmount"
Jawa Doctrine Patches,mandrake.jawa.doctrine,Patches/MegafaunaYield.xml,"/Defs/ThingDef[defName=""MA_Gnaut""]/statBases"
Jawa Doctrine Patches,mandrake.jawa.doctrine,Patches/MegafaunaYield.xml,"/Defs/ThingDef[defName=""MA_Gnaut""]/statBases/BoneAmount"
Jawa Doctrine Patches,mandrake.jawa.doctrine,Patches/MegafaunaYield.xml,"/Defs/ThingDef[defName=""MA_Gnaut""]/statBases/BoneAmount"
Jawa Doctrine Patches,mandrake.jawa.doctrine,Patches/MegafaunaYield.xml,"/Defs/ThingDef[defName=""MA_Gnaut""]/statBases"
Jawa Doctrine Patches,mandrake.jawa.doctrine,Patches/MegafaunaYield.xml,"/Defs/ThingDef[defName=""MA_Harpeagle""]/statBases/MeatAmount"
Jawa Doctrine Patches,mandrake.jawa.doctrine,Patches/MegafaunaYield.xml,"/Defs/ThingDef[defName=""MA_Harpeagle""]/statBases/MeatAmount"
Jawa Doctrine Patches,mandrake.jawa.doctrine,Patches/MegafaunaYield.xml,"/Defs/ThingDef[defName=""MA_Harpeagle""]/statBases"
Jawa Doctrine Patches,mandrake.jawa.doctrine,Patches/MegafaunaYield.xml,"/Defs/ThingDef[defName=""MA_Harpeagle""]/statBases/BoneAmount"
Jawa Doctrine Patches,mandrake.jawa.doctrine,Patches/MegafaunaYield.xml,"/Defs/ThingDef[defName=""MA_Harpeagle""]/statBases/BoneAmount"
Jawa Doctrine Patches,mandrake.jawa.doctrine,Patches/MegafaunaYield.xml,"/Defs/ThingDef[defName=""MA_Harpeagle""]/statBases"
Jawa Doctrine Patches,mandrake.jawa.doctrine,Patches/MegafaunaYield.xml,"/Defs/ThingDef[defName=""MA_Hellboar""]/statBases/MeatAmount"
Jawa Doctrine Patches,mandrake.jawa.doctrine,Patches/MegafaunaYield.xml,"/Defs/ThingDef[defName=""MA_Hellboar""]/statBases/MeatAmount"
Jawa Doctrine Patches,mandrake.jawa.doctrine,Patches/MegafaunaYield.xml,"/Defs/ThingDef[defName=""MA_Hellboar""]/statBases"
Jawa Doctrine Patches,mandrake.jawa.doctrine,Patches/MegafaunaYield.xml,"/Defs/ThingDef[defName=""MA_Hellboar""]/statBases/BoneAmount"
Jawa Doctrine Patches,mandrake.jawa.doctrine,Patches/MegafaunaYield.xml,"/Defs/ThingDef[defName=""MA_Hellboar""]/statBases/BoneAmount"
Jawa Doctrine Patches,mandrake.jawa.doctrine,Patches/MegafaunaYield.xml,"/Defs/ThingDef[defName=""MA_Hellboar""]/statBases"
Jawa Doctrine Patches,mandrake.jawa.doctrine,Patches/MegafaunaYield.xml,"/Defs/ThingDef[defName=""MA_Manehound""]/statBases/MeatAmount"
Jawa Doctrine Patches,mandrake.jawa.doctrine,Patches/MegafaunaYield.xml,"/Defs/ThingDef[defName=""MA_Manehound""]/statBases/MeatAmount"
Jawa Doctrine Patches,mandrake.jawa.doctrine,Patches/MegafaunaYield.xml,"/Defs/ThingDef[defName=""MA_Manehound""]/statBases"
Jawa Doctrine Patches,mandrake.jawa.doctrine,Patches/MegafaunaYield.xml,"/Defs/ThingDef[defName=""MA_Manehound""]/statBases/BoneAmount"
Jawa Doctrine Patches,mandrake.jawa.doctrine,Patches/MegafaunaYield.xml,"/Defs/ThingDef[defName=""MA_Manehound""]/statBases/BoneAmount"
Jawa Doctrine Patches,mandrake.jawa.doctrine,Patches/MegafaunaYield.xml,"/Defs/ThingDef[defName=""MA_Manehound""]/statBases"
Jawa Doctrine Patches,mandrake.jawa.doctrine,Patches/MegafaunaYield.xml,"/Defs/ThingDef[defName=""MA_Narkospider""]/statBases/MeatAmount"
Jawa Doctrine Patches,mandrake.jawa.doctrine,Patches/MegafaunaYield.xml,"/Defs/ThingDef[defName=""MA_Narkospider""]/statBases/MeatAmount"
Jawa Doctrine Patches,mandrake.jawa.doctrine,Patches/MegafaunaYield.xml,"/Defs/ThingDef[defName=""MA_Narkospider""]/statBases"
Jawa Doctrine Patches,mandrake.jawa.doctrine,Patches/MegafaunaYield.xml,"/Defs/ThingDef[defName=""MA_Plastemmoth""]/statBases/MeatAmount"
Jawa Doctrine Patches,mandrake.jawa.doctrine,Patches/MegafaunaYield.xml,"/Defs/ThingDef[defName=""MA_Plastemmoth""]/statBases/MeatAmount"
Jawa Doctrine Patches,mandrake.jawa.doctrine,Patches/MegafaunaYield.xml,"/Defs/ThingDef[defName=""MA_Plastemmoth""]/statBases"
Jawa Doctrine Patches,mandrake.jawa.doctrine,Patches/MegafaunaYield.xml,"/Defs/ThingDef[defName=""MA_Plastemmoth""]/statBases/BoneAmount"
Jawa Doctrine Patches,mandrake.jawa.doctrine,Patches/MegafaunaYield.xml,"/Defs/ThingDef[defName=""MA_Plastemmoth""]/statBases/BoneAmount"
Jawa Doctrine Patches,mandrake.jawa.doctrine,Patches/MegafaunaYield.xml,"/Defs/ThingDef[defName=""MA_Plastemmoth""]/statBases"
Jawa Doctrine Patches,mandrake.jawa.doctrine,Patches/MegafaunaYield.xml,"/Defs/ThingDef[defName=""MA_PlastemmothAlpha""]/statBases/MeatAmount"
Jawa Doctrine Patches,mandrake.jawa.doctrine,Patches/MegafaunaYield.xml,"/Defs/ThingDef[defName=""MA_PlastemmothAlpha""]/statBases/MeatAmount"
Jawa Doctrine Patches,mandrake.jawa.doctrine,Patches/MegafaunaYield.xml,"/Defs/ThingDef[defName=""MA_PlastemmothAlpha""]/statBases"
Jawa Doctrine Patches,mandrake.jawa.doctrine,Patches/MegafaunaYield.xml,"/Defs/ThingDef[defName=""MA_PlastemmothAlpha""]/statBases/BoneAmount"
Jawa Doctrine Patches,mandrake.jawa.doctrine,Patches/MegafaunaYield.xml,"/Defs/ThingDef[defName=""MA_PlastemmothAlpha""]/statBases/BoneAmount"
Jawa Doctrine Patches,mandrake.jawa.doctrine,Patches/MegafaunaYield.xml,"/Defs/ThingDef[defName=""MA_PlastemmothAlpha""]/statBases"
Jawa Doctrine Patches,mandrake.jawa.doctrine,Patches/MegafaunaYield.xml,"/Defs/ThingDef[defName=""MA_Raptorkhan""]/statBases/MeatAmount"
Jawa Doctrine Patches,mandrake.jawa.doctrine,Patches/MegafaunaYield.xml,"/Defs/ThingDef[defName=""MA_Raptorkhan""]/statBases/MeatAmount"
Jawa Doctrine Patches,mandrake.jawa.doctrine,Patches/MegafaunaYield.xml,"/Defs/ThingDef[defName=""MA_Raptorkhan""]/statBases"
Jawa Doctrine Patches,mandrake.jawa.doctrine,Patches/MegafaunaYield.xml,"/Defs/ThingDef[defName=""MA_Raptorkhan""]/statBases/BoneAmount"
Jawa Doctrine Patches,mandrake.jawa.doctrine,Patches/MegafaunaYield.xml,"/Defs/ThingDef[defName=""MA_Raptorkhan""]/statBases/BoneAmount"
Jawa Doctrine Patches,mandrake.jawa.doctrine,Patches/MegafaunaYield.xml,"/Defs/ThingDef[defName=""MA_Raptorkhan""]/statBases"
Jawa Doctrine Patches,mandrake.jawa.doctrine,Patches/MegafaunaYield.xml,"/Defs/ThingDef[defName=""MA_Scarodon""]/statBases/MeatAmount"
Jawa Doctrine Patches,mandrake.jawa.doctrine,Patches/MegafaunaYield.xml,"/Defs/ThingDef[defName=""MA_Scarodon""]/statBases/MeatAmount"
Jawa Doctrine Patches,mandrake.jawa.doctrine,Patches/MegafaunaYield.xml,"/Defs/ThingDef[defName=""MA_Scarodon""]/statBases"
Jawa Doctrine Patches,mandrake.jawa.doctrine,Patches/MegafaunaYield.xml,"/Defs/ThingDef[defName=""MA_Scarodon""]/statBases/BoneAmount"
Jawa Doctrine Patches,mandrake.jawa.doctrine,Patches/MegafaunaYield.xml,"/Defs/ThingDef[defName=""MA_Scarodon""]/statBases/BoneAmount"
Jawa Doctrine Patches,mandrake.jawa.doctrine,Patches/MegafaunaYield.xml,"/Defs/ThingDef[defName=""MA_Scarodon""]/statBases"
Jawa Doctrine Patches,mandrake.jawa.doctrine,Patches/MegafaunaYield.xml,"/Defs/ThingDef[defName=""MA_Simbakub""]/statBases/MeatAmount"
Jawa Doctrine Patches,mandrake.jawa.doctrine,Patches/MegafaunaYield.xml,"/Defs/ThingDef[defName=""MA_Simbakub""]/statBases/MeatAmount"
Jawa Doctrine Patches,mandrake.jawa.doctrine,Patches/MegafaunaYield.xml,"/Defs/ThingDef[defName=""MA_Simbakub""]/statBases"
Jawa Doctrine Patches,mandrake.jawa.doctrine,Patches/MegafaunaYield.xml,"/Defs/ThingDef[defName=""MA_Simbakub""]/statBases/BoneAmount"
Jawa Doctrine Patches,mandrake.jawa.doctrine,Patches/MegafaunaYield.xml,"/Defs/ThingDef[defName=""MA_Simbakub""]/statBases/BoneAmount"
Jawa Doctrine Patches,mandrake.jawa.doctrine,Patches/MegafaunaYield.xml,"/Defs/ThingDef[defName=""MA_Simbakub""]/statBases"
Jawa Doctrine Patches,mandrake.jawa.doctrine,Patches/MegafaunaYield.xml,"/Defs/ThingDef[defName=""MA_SimbakubAlpha""]/statBases/MeatAmount"
Jawa Doctrine Patches,mandrake.jawa.doctrine,Patches/MegafaunaYield.xml,"/Defs/ThingDef[defName=""MA_SimbakubAlpha""]/statBases/MeatAmount"
Jawa Doctrine Patches,mandrake.jawa.doctrine,Patches/MegafaunaYield.xml,"/Defs/ThingDef[defName=""MA_SimbakubAlpha""]/statBases"
Jawa Doctrine Patches,mandrake.jawa.doctrine,Patches/MegafaunaYield.xml,"/Defs/ThingDef[defName=""MA_SimbakubAlpha""]/statBases/BoneAmount"
Jawa Doctrine Patches,mandrake.jawa.doctrine,Patches/MegafaunaYield.xml,"/Defs/ThingDef[defName=""MA_SimbakubAlpha""]/statBases/BoneAmount"
Jawa Doctrine Patches,mandrake.jawa.doctrine,Patches/MegafaunaYield.xml,"/Defs/ThingDef[defName=""MA_SimbakubAlpha""]/statBases"
Jawa Doctrine Patches,mandrake.jawa.doctrine,Patches/MegafaunaYield.xml,"/Defs/ThingDef[defName=""MA_Sivatherium""]/statBases/MeatAmount"
Jawa Doctrine Patches,mandrake.jawa.doctrine,Patches/MegafaunaYield.xml,"/Defs/ThingDef[defName=""MA_Sivatherium""]/statBases/MeatAmount"
Jawa Doctrine Patches,mandrake.jawa.doctrine,Patches/MegafaunaYield.xml,"/Defs/ThingDef[defName=""MA_Sivatherium""]/statBases"
Jawa Doctrine Patches,mandrake.jawa.doctrine,Patches/MegafaunaYield.xml,"/Defs/ThingDef[defName=""MA_Sivatherium""]/statBases/BoneAmount"
Jawa Doctrine Patches,mandrake.jawa.doctrine,Patches/MegafaunaYield.xml,"/Defs/ThingDef[defName=""MA_Sivatherium""]/statBases/BoneAmount"
Jawa Doctrine Patches,mandrake.jawa.doctrine,Patches/MegafaunaYield.xml,"/Defs/ThingDef[defName=""MA_Sivatherium""]/statBases"
Jawa Doctrine Patches,mandrake.jawa.doctrine,Patches/MegafaunaYield.xml,"/Defs/ThingDef[defName=""MA_Sporemole""]/statBases/MeatAmount"
Jawa Doctrine Patches,mandrake.jawa.doctrine,Patches/MegafaunaYield.xml,"/Defs/ThingDef[defName=""MA_Sporemole""]/statBases/MeatAmount"
Jawa Doctrine Patches,mandrake.jawa.doctrine,Patches/MegafaunaYield.xml,"/Defs/ThingDef[defName=""MA_Sporemole""]/statBases"
Jawa Doctrine Patches,mandrake.jawa.doctrine,Patches/MegafaunaYield.xml,"/Defs/ThingDef[defName=""MA_Sporemole""]/statBases/BoneAmount"
Jawa Doctrine Patches,mandrake.jawa.doctrine,Patches/MegafaunaYield.xml,"/Defs/ThingDef[defName=""MA_Sporemole""]/statBases/BoneAmount"
Jawa Doctrine Patches,mandrake.jawa.doctrine,Patches/MegafaunaYield.xml,"/Defs/ThingDef[defName=""MA_Sporemole""]/statBases"
Jawa Doctrine Patches,mandrake.jawa.doctrine,Patches/MegafaunaYield.xml,"/Defs/ThingDef[defName=""MA_Worhin""]/statBases/MeatAmount"
Jawa Doctrine Patches,mandrake.jawa.doctrine,Patches/MegafaunaYield.xml,"/Defs/ThingDef[defName=""MA_Worhin""]/statBases/MeatAmount"
Jawa Doctrine Patches,mandrake.jawa.doctrine,Patches/MegafaunaYield.xml,"/Defs/ThingDef[defName=""MA_Worhin""]/statBases"
Jawa Doctrine Patches,mandrake.jawa.doctrine,Patches/MegafaunaYield.xml,"/Defs/ThingDef[defName=""MA_Worhin""]/statBases/BoneAmount"
Jawa Doctrine Patches,mandrake.jawa.doctrine,Patches/MegafaunaYield.xml,"/Defs/ThingDef[defName=""MA_Worhin""]/statBases/BoneAmount"
Jawa Doctrine Patches,mandrake.jawa.doctrine,Patches/MegafaunaYield.xml,"/Defs/ThingDef[defName=""MA_Worhin""]/statBases"
Jawa Doctrine Patches,mandrake.jawa.doctrine,Patches/MegafaunaYield.xml,"/Defs/ThingDef[defName=""MA_Aminox""]/comps/li[woolAmount]/woolAmount"
Jawa Doctrine Patches,mandrake.jawa.doctrine,Patches/MegafaunaYield.xml,"/Defs/ThingDef[defName=""MA_Capryak""]/comps/li[woolAmount]/woolAmount"
Jawa Doctrine Patches,mandrake.jawa.doctrine,Patches/MegafaunaYield.xml,"/Defs/ThingDef[defName=""MA_Direhorse""]/comps/li[woolAmount]/woolAmount"
Jawa Doctrine Patches,mandrake.jawa.doctrine,Patches/MegafaunaYield.xml,"/Defs/ThingDef[defName=""MA_Duskhorn""]/comps/li[woolAmount]/woolAmount"
Jawa Doctrine Patches,mandrake.jawa.doctrine,Patches/MegafaunaYield.xml,"/Defs/ThingDef[defName=""MA_Harpeagle""]/comps/li[woolAmount]/woolAmount"
Jawa Doctrine Patches,mandrake.jawa.doctrine,Patches/MegafaunaYield.xml,"/Defs/ThingDef[defName=""MA_Harpeagle""]/comps/li[woolAmount]/woolAmount"
Jawa Doctrine Patches,mandrake.jawa.doctrine,Patches/MegafaunaYield.xml,"/Defs/ThingDef[defName=""MA_Plastemmoth""]/comps/li[woolAmount]/woolAmount"
Jawa Doctrine Patches,mandrake.jawa.doctrine,Patches/MegafaunaYield.xml,"/Defs/ThingDef[defName=""MA_PlastemmothAlpha""]/comps/li[woolAmount]/woolAmount"
Jawa Doctrine Patches,mandrake.jawa.doctrine,Patches/MegafaunaYield.xml,"/Defs/ThingDef[defName=""MA_Sporemole""]/comps/li[woolAmount]/woolAmount"
Jawa Doctrine Patches,mandrake.jawa.doctrine,Patches/MegafaunaYield.xml,"/Defs/ThingDef[defName=""MA_Worhin""]/comps/li[woolAmount]/woolAmount"
Jawa Doctrine Patches,mandrake.jawa.doctrine,Patches/MegafaunaYield.xml,"/Defs/ThingDef[defName=""MA_Aminox""]/comps/li[milkAmount]/milkAmount"
Jawa Doctrine Patches,mandrake.jawa.doctrine,Patches/MegafaunaYield.xml,"/Defs/ThingDef[defName=""MA_Deermoss""]/comps/li[milkAmount]/milkAmount"
Jawa Doctrine Patches,mandrake.jawa.doctrine,Patches/MegafaunaYield.xml,"/Defs/ThingDef[defName=""MA_Duskhorn""]/comps/li[milkAmount]/milkAmount"
Jawa Doctrine Patches,mandrake.jawa.doctrine,Patches/MegafaunaYield.xml,"/Defs/ThingDef[defName=""Bigfoot""]/statBases/MeatAmount"
Jawa Doctrine Patches,mandrake.jawa.doctrine,Patches/MegafaunaYield.xml,"/Defs/ThingDef[defName=""Bigfoot""]/statBases/MeatAmount"
Jawa Doctrine Patches,mandrake.jawa.doctrine,Patches/MegafaunaYield.xml,"/Defs/ThingDef[defName=""Bigfoot""]/statBases"
Jawa Doctrine Patches,mandrake.jawa.doctrine,Patches/MegafaunaYield.xml,"/Defs/ThingDef[defName=""Bigfoot""]/statBases/BoneAmount"
Jawa Doctrine Patches,mandrake.jawa.doctrine,Patches/MegafaunaYield.xml,"/Defs/ThingDef[defName=""Bigfoot""]/statBases/BoneAmount"
Jawa Doctrine Patches,mandrake.jawa.doctrine,Patches/MegafaunaYield.xml,"/Defs/ThingDef[defName=""Bigfoot""]/statBases"
Jawa Doctrine Patches,mandrake.jawa.doctrine,Patches/MegafaunaYield.xml,"/Defs/ThingDef[defName=""Giant""]/statBases/MeatAmount"
Jawa Doctrine Patches,mandrake.jawa.doctrine,Patches/MegafaunaYield.xml,"/Defs/ThingDef[defName=""Giant""]/statBases/MeatAmount"
Jawa Doctrine Patches,mandrake.jawa.doctrine,Patches/MegafaunaYield.xml,"/Defs/ThingDef[defName=""Giant""]/statBases"
Jawa Doctrine Patches,mandrake.jawa.doctrine,Patches/MegafaunaYield.xml,"/Defs/ThingDef[defName=""Giant""]/statBases/BoneAmount"
Jawa Doctrine Patches,mandrake.jawa.doctrine,Patches/MegafaunaYield.xml,"/Defs/ThingDef[defName=""Giant""]/statBases/BoneAmount"
Jawa Doctrine Patches,mandrake.jawa.doctrine,Patches/MegafaunaYield.xml,"/Defs/ThingDef[defName=""Giant""]/statBases"
Jawa Doctrine Patches,mandrake.jawa.doctrine,Patches/MegafaunaYield.xml,"/Defs/ThingDef[defName=""Troll""]/statBases/MeatAmount"
Jawa Doctrine Patches,mandrake.jawa.doctrine,Patches/MegafaunaYield.xml,"/Defs/ThingDef[defName=""Troll""]/statBases/MeatAmount"
Jawa Doctrine Patches,mandrake.jawa.doctrine,Patches/MegafaunaYield.xml,"/Defs/ThingDef[defName=""Troll""]/statBases"
Jawa Doctrine Patches,mandrake.jawa.doctrine,Patches/MegafaunaYield.xml,"/Defs/ThingDef[defName=""Troll""]/statBases/BoneAmount"
Jawa Doctrine Patches,mandrake.jawa.doctrine,Patches/MegafaunaYield.xml,"/Defs/ThingDef[defName=""Troll""]/statBases/BoneAmount"
Jawa Doctrine Patches,mandrake.jawa.doctrine,Patches/MegafaunaYield.xml,"/Defs/ThingDef[defName=""Troll""]/statBases"
Jawa Doctrine Patches,mandrake.jawa.doctrine,Patches/MegafaunaYield.xml,"/Defs/ThingDef[defName=""Unicorn""]/statBases/MeatAmount"
Jawa Doctrine Patches,mandrake.jawa.doctrine,Patches/MegafaunaYield.xml,"/Defs/ThingDef[defName=""Unicorn""]/statBases/MeatAmount"
Jawa Doctrine Patches,mandrake.jawa.doctrine,Patches/MegafaunaYield.xml,"/Defs/ThingDef[defName=""Unicorn""]/statBases"
Jawa Doctrine Patches,mandrake.jawa.doctrine,Patches/MegafaunaYield.xml,"/Defs/ThingDef[defName=""Unicorn""]/statBases/BoneAmount"
Jawa Doctrine Patches,mandrake.jawa.doctrine,Patches/MegafaunaYield.xml,"/Defs/ThingDef[defName=""Unicorn""]/statBases/BoneAmount"
Jawa Doctrine Patches,mandrake.jawa.doctrine,Patches/MegafaunaYield.xml,"/Defs/ThingDef[defName=""Unicorn""]/statBases"
Jawa Doctrine Patches,mandrake.jawa.doctrine,Patches/MegafaunaYield.xml,"/Defs/ThingDef[defName=""Mastodon""]/statBases/MeatAmount"
Jawa Doctrine Patches,mandrake.jawa.doctrine,Patches/MegafaunaYield.xml,"/Defs/ThingDef[defName=""Mastodon""]/statBases/MeatAmount"
Jawa Doctrine Patches,mandrake.jawa.doctrine,Patches/MegafaunaYield.xml,"/Defs/ThingDef[defName=""Mastodon""]/statBases"
Jawa Doctrine Patches,mandrake.jawa.doctrine,Patches/MegafaunaYield.xml,"/Defs/ThingDef[defName=""Mastodon""]/statBases/BoneAmount"
Jawa Doctrine Patches,mandrake.jawa.doctrine,Patches/MegafaunaYield.xml,"/Defs/ThingDef[defName=""Mastodon""]/statBases/BoneAmount"
Jawa Doctrine Patches,mandrake.jawa.doctrine,Patches/MegafaunaYield.xml,"/Defs/ThingDef[defName=""Mastodon""]/statBases"
Jawa Doctrine Patches,mandrake.jawa.doctrine,Patches/MegafaunaYield.xml,"/Defs/ThingDef[defName=""Cat_Scimitar""]/statBases/MeatAmount"
Jawa Doctrine Patches,mandrake.jawa.doctrine,Patches/MegafaunaYield.xml,"/Defs/ThingDef[defName=""Cat_Scimitar""]/statBases/MeatAmount"
Jawa Doctrine Patches,mandrake.jawa.doctrine,Patches/MegafaunaYield.xml,"/Defs/ThingDef[defName=""Cat_Scimitar""]/statBases"
Jawa Doctrine Patches,mandrake.jawa.doctrine,Patches/MegafaunaYield.xml,"/Defs/ThingDef[defName=""Cat_Scimitar""]/statBases/BoneAmount"
Jawa Doctrine Patches,mandrake.jawa.doctrine,Patches/MegafaunaYield.xml,"/Defs/ThingDef[defName=""Cat_Scimitar""]/statBases/BoneAmount"
Jawa Doctrine Patches,mandrake.jawa.doctrine,Patches/MegafaunaYield.xml,"/Defs/ThingDef[defName=""Cat_Scimitar""]/statBases"
Jawa Doctrine Patches,mandrake.jawa.doctrine,Patches/MegafaunaYield.xml,"/Defs/ThingDef[defName=""Wolf_Great""]/statBases/MeatAmount"
Jawa Doctrine Patches,mandrake.jawa.doctrine,Patches/MegafaunaYield.xml,"/Defs/ThingDef[defName=""Wolf_Great""]/statBases/MeatAmount"
Jawa Doctrine Patches,mandrake.jawa.doctrine,Patches/MegafaunaYield.xml,"/Defs/ThingDef[defName=""Wolf_Great""]/statBases"
Jawa Doctrine Patches,mandrake.jawa.doctrine,Patches/MegafaunaYield.xml,"/Defs/ThingDef[defName=""Wolf_Great""]/statBases/BoneAmount"
Jawa Doctrine Patches,mandrake.jawa.doctrine,Patches/MegafaunaYield.xml,"/Defs/ThingDef[defName=""Wolf_Great""]/statBases/BoneAmount"
Jawa Doctrine Patches,mandrake.jawa.doctrine,Patches/MegafaunaYield.xml,"/Defs/ThingDef[defName=""Wolf_Great""]/statBases"
Jawa Doctrine Patches,mandrake.jawa.doctrine,Patches/MegafaunaYield.xml,"/Defs/ThingDef[defName=""Moose""]/statBases/MeatAmount"
Jawa Doctrine Patches,mandrake.jawa.doctrine,Patches/MegafaunaYield.xml,"/Defs/ThingDef[defName=""Moose""]/statBases/MeatAmount"
Jawa Doctrine Patches,mandrake.jawa.doctrine,Patches/MegafaunaYield.xml,"/Defs/ThingDef[defName=""Moose""]/statBases"
Jawa Doctrine Patches,mandrake.jawa.doctrine,Patches/MegafaunaYield.xml,"/Defs/ThingDef[defName=""Moose""]/statBases/BoneAmount"
Jawa Doctrine Patches,mandrake.jawa.doctrine,Patches/MegafaunaYield.xml,"/Defs/ThingDef[defName=""Moose""]/statBases/BoneAmount"
Jawa Doctrine Patches,mandrake.jawa.doctrine,Patches/MegafaunaYield.xml,"/Defs/ThingDef[defName=""Moose""]/statBases"
Jawa Doctrine Patches,mandrake.jawa.doctrine,Patches/MegafaunaYield.xml,"/Defs/ThingDef[defName=""AlphaThrumbo""]/statBases/MeatAmount"
Jawa Doctrine Patches,mandrake.jawa.doctrine,Patches/MegafaunaYield.xml,"/Defs/ThingDef[defName=""AlphaThrumbo""]/statBases/MeatAmount"
Jawa Doctrine Patches,mandrake.jawa.doctrine,Patches/MegafaunaYield.xml,"/Defs/ThingDef[defName=""AlphaThrumbo""]/statBases"
Jawa Doctrine Patches,mandrake.jawa.doctrine,Patches/MegafaunaYield.xml,"/Defs/ThingDef[defName=""AlphaThrumbo""]/statBases/BoneAmount"
Jawa Doctrine Patches,mandrake.jawa.doctrine,Patches/MegafaunaYield.xml,"/Defs/ThingDef[defName=""AlphaThrumbo""]/statBases/BoneAmount"
Jawa Doctrine Patches,mandrake.jawa.doctrine,Patches/MegafaunaYield.xml,"/Defs/ThingDef[defName=""AlphaThrumbo""]/statBases"
Jawa Doctrine Patches,mandrake.jawa.doctrine,Patches/MegafaunaYield.xml,"/Defs/ThingDef[defName=""Muskox""]/statBases/MeatAmount"
Jawa Doctrine Patches,mandrake.jawa.doctrine,Patches/MegafaunaYield.xml,"/Defs/ThingDef[defName=""Muskox""]/statBases/MeatAmount"
Jawa Doctrine Patches,mandrake.jawa.doctrine,Patches/MegafaunaYield.xml,"/Defs/ThingDef[defName=""Muskox""]/statBases"
Jawa Doctrine Patches,mandrake.jawa.doctrine,Patches/MegafaunaYield.xml,"/Defs/ThingDef[defName=""Muskox""]/statBases/BoneAmount"
Jawa Doctrine Patches,mandrake.jawa.doctrine,Patches/MegafaunaYield.xml,"/Defs/ThingDef[defName=""Muskox""]/statBases/BoneAmount"
Jawa Doctrine Patches,mandrake.jawa.doctrine,Patches/MegafaunaYield.xml,"/Defs/ThingDef[defName=""Muskox""]/statBases"
Jawa Doctrine Patches,mandrake.jawa.doctrine,Patches/MegafaunaYield.xml,"/Defs/ThingDef[defName=""Tiger""]/statBases/MeatAmount"
Jawa Doctrine Patches,mandrake.jawa.doctrine,Patches/MegafaunaYield.xml,"/Defs/ThingDef[defName=""Tiger""]/statBases/MeatAmount"
Jawa Doctrine Patches,mandrake.jawa.doctrine,Patches/MegafaunaYield.xml,"/Defs/ThingDef[defName=""Tiger""]/statBases"
Jawa Doctrine Patches,mandrake.jawa.doctrine,Patches/MegafaunaYield.xml,"/Defs/ThingDef[defName=""Tiger""]/statBases/BoneAmount"
Jawa Doctrine Patches,mandrake.jawa.doctrine,Patches/MegafaunaYield.xml,"/Defs/ThingDef[defName=""Tiger""]/statBases/BoneAmount"
Jawa Doctrine Patches,mandrake.jawa.doctrine,Patches/MegafaunaYield.xml,"/Defs/ThingDef[defName=""Tiger""]/statBases"
Jawa Doctrine Patches,mandrake.jawa.doctrine,Patches/MegafaunaYield.xml,"/Defs/ThingDef[defName=""Gorilla""]/statBases/MeatAmount"
Jawa Doctrine Patches,mandrake.jawa.doctrine,Patches/MegafaunaYield.xml,"/Defs/ThingDef[defName=""Gorilla""]/statBases/MeatAmount"
Jawa Doctrine Patches,mandrake.jawa.doctrine,Patches/MegafaunaYield.xml,"/Defs/ThingDef[defName=""Gorilla""]/statBases"
Jawa Doctrine Patches,mandrake.jawa.doctrine,Patches/MegafaunaYield.xml,"/Defs/ThingDef[defName=""Gorilla""]/statBases/BoneAmount"
Jawa Doctrine Patches,mandrake.jawa.doctrine,Patches/MegafaunaYield.xml,"/Defs/ThingDef[defName=""Gorilla""]/statBases/BoneAmount"
Jawa Doctrine Patches,mandrake.jawa.doctrine,Patches/MegafaunaYield.xml,"/Defs/ThingDef[defName=""Gorilla""]/statBases"
Jawa Doctrine Patches,mandrake.jawa.doctrine,Patches/MegafaunaYield.xml,"/Defs/ThingDef[defName=""Panda""]/statBases/MeatAmount"
Jawa Doctrine Patches,mandrake.jawa.doctrine,Patches/MegafaunaYield.xml,"/Defs/ThingDef[defName=""Panda""]/statBases/MeatAmount"
Jawa Doctrine Patches,mandrake.jawa.doctrine,Patches/MegafaunaYield.xml,"/Defs/ThingDef[defName=""Panda""]/statBases"
Jawa Doctrine Patches,mandrake.jawa.doctrine,Patches/MegafaunaYield.xml,"/Defs/ThingDef[defName=""Panda""]/statBases/BoneAmount"
Jawa Doctrine Patches,mandrake.jawa.doctrine,Patches/MegafaunaYield.xml,"/Defs/ThingDef[defName=""Panda""]/statBases/BoneAmount"
Jawa Doctrine Patches,mandrake.jawa.doctrine,Patches/MegafaunaYield.xml,"/Defs/ThingDef[defName=""Panda""]/statBases"
Jawa Doctrine Patches,mandrake.jawa.doctrine,Patches/MegafaunaYield.xml,"/Defs/ThingDef[defName=""Hippo""]/statBases/MeatAmount"
Jawa Doctrine Patches,mandrake.jawa.doctrine,Patches/MegafaunaYield.xml,"/Defs/ThingDef[defName=""Hippo""]/statBases/MeatAmount"
Jawa Doctrine Patches,mandrake.jawa.doctrine,Patches/MegafaunaYield.xml,"/Defs/ThingDef[defName=""Hippo""]/statBases"
Jawa Doctrine Patches,mandrake.jawa.doctrine,Patches/MegafaunaYield.xml,"/Defs/ThingDef[defName=""Hippo""]/statBases/BoneAmount"
Jawa Doctrine Patches,mandrake.jawa.doctrine,Patches/MegafaunaYield.xml,"/Defs/ThingDef[defName=""Hippo""]/statBases/BoneAmount"
Jawa Doctrine Patches,mandrake.jawa.doctrine,Patches/MegafaunaYield.xml,"/Defs/ThingDef[defName=""Hippo""]/statBases"
Jawa Doctrine Patches,mandrake.jawa.doctrine,Patches/MegafaunaYield.xml,"/Defs/ThingDef[defName=""Alligator""]/statBases/MeatAmount"
Jawa Doctrine Patches,mandrake.jawa.doctrine,Patches/MegafaunaYield.xml,"/Defs/ThingDef[defName=""Alligator""]/statBases/MeatAmount"
Jawa Doctrine Patches,mandrake.jawa.doctrine,Patches/MegafaunaYield.xml,"/Defs/ThingDef[defName=""Alligator""]/statBases"
Jawa Doctrine Patches,mandrake.jawa.doctrine,Patches/MegafaunaYield.xml,"/Defs/ThingDef[defName=""Alligator""]/statBases/BoneAmount"
Jawa Doctrine Patches,mandrake.jawa.doctrine,Patches/MegafaunaYield.xml,"/Defs/ThingDef[defName=""Alligator""]/statBases/BoneAmount"
Jawa Doctrine Patches,mandrake.jawa.doctrine,Patches/MegafaunaYield.xml,"/Defs/ThingDef[defName=""Alligator""]/statBases"
Jawa Doctrine Patches,mandrake.jawa.doctrine,Patches/MegafaunaYield.xml,"/Defs/ThingDef[defName=""Walrus""]/statBases/MeatAmount"
Jawa Doctrine Patches,mandrake.jawa.doctrine,Patches/MegafaunaYield.xml,"/Defs/ThingDef[defName=""Walrus""]/statBases/MeatAmount"
Jawa Doctrine Patches,mandrake.jawa.doctrine,Patches/MegafaunaYield.xml,"/Defs/ThingDef[defName=""Walrus""]/statBases"
Jawa Doctrine Patches,mandrake.jawa.doctrine,Patches/MegafaunaYield.xml,"/Defs/ThingDef[defName=""Walrus""]/statBases/BoneAmount"
Jawa Doctrine Patches,mandrake.jawa.doctrine,Patches/MegafaunaYield.xml,"/Defs/ThingDef[defName=""Walrus""]/statBases/BoneAmount"
Jawa Doctrine Patches,mandrake.jawa.doctrine,Patches/MegafaunaYield.xml,"/Defs/ThingDef[defName=""Walrus""]/statBases"
Jawa Doctrine Patches,mandrake.jawa.doctrine,Patches/MegafaunaYield.xml,"/Defs/ThingDef[defName=""SeaLion""]/statBases/MeatAmount"
Jawa Doctrine Patches,mandrake.jawa.doctrine,Patches/MegafaunaYield.xml,"/Defs/ThingDef[defName=""SeaLion""]/statBases/MeatAmount"
Jawa Doctrine Patches,mandrake.jawa.doctrine,Patches/MegafaunaYield.xml,"/Defs/ThingDef[defName=""SeaLion""]/statBases"
Jawa Doctrine Patches,mandrake.jawa.doctrine,Patches/MegafaunaYield.xml,"/Defs/ThingDef[defName=""SeaLion""]/statBases/BoneAmount"
Jawa Doctrine Patches,mandrake.jawa.doctrine,Patches/MegafaunaYield.xml,"/Defs/ThingDef[defName=""SeaLion""]/statBases/BoneAmount"
Jawa Doctrine Patches,mandrake.jawa.doctrine,Patches/MegafaunaYield.xml,"/Defs/ThingDef[defName=""SeaLion""]/statBases"
Jawa Doctrine Patches,mandrake.jawa.doctrine,Patches/MegafaunaYield.xml,"/Defs/ThingDef[defName=""HiveQueen""]/statBases/MeatAmount"
Jawa Doctrine Patches,mandrake.jawa.doctrine,Patches/MegafaunaYield.xml,"/Defs/ThingDef[defName=""HiveQueen""]/statBases/MeatAmount"
Jawa Doctrine Patches,mandrake.jawa.doctrine,Patches/MegafaunaYield.xml,"/Defs/ThingDef[defName=""HiveQueen""]/statBases"
Jawa Doctrine Patches,mandrake.jawa.doctrine,Patches/MegafaunaYield.xml,"/Defs/ThingDef[defName=""Mastodon""]/comps/li[woolAmount]/woolAmount"
Jawa Doctrine Patches,mandrake.jawa.doctrine,Patches/MegafaunaYield.xml,"/Defs/ThingDef[defName=""Muskox""]/comps/li[woolAmount]/woolAmount"
Jawa Doctrine Patches,mandrake.jawa.doctrine,Patches/MegafaunaYield.xml,"/Defs/ThingDef[defName=""OuterRim_MuckrakerDroid""]/statBases/BoneAmount"
Jawa Doctrine Patches,mandrake.jawa.doctrine,Patches/MegafaunaYield.xml,"/Defs/ThingDef[defName=""OuterRim_MuckrakerDroid""]/statBases/BoneAmount"
Jawa Doctrine Patches,mandrake.jawa.doctrine,Patches/MegafaunaYield.xml,"/Defs/ThingDef[defName=""OuterRim_MuckrakerDroid""]/statBases"
Jawa Doctrine Patches,mandrake.jawa.doctrine,Patches/MegafaunaYield.xml,"/Defs/ThingDef[defName=""IronScruff_Tardigrade""]/statBases/MeatAmount"
Jawa Doctrine Patches,mandrake.jawa.doctrine,Patches/MegafaunaYield.xml,"/Defs/ThingDef[defName=""IronScruff_Tardigrade""]/statBases/MeatAmount"
Jawa Doctrine Patches,mandrake.jawa.doctrine,Patches/MegafaunaYield.xml,"/Defs/ThingDef[defName=""IronScruff_Tardigrade""]/statBases"
Jawa Doctrine Patches,mandrake.jawa.doctrine,Patches/MegafaunaYield.xml,"/Defs/ThingDef[defName=""IronScruff_Tardigrade""]/statBases/BoneAmount"
Jawa Doctrine Patches,mandrake.jawa.doctrine,Patches/MegafaunaYield.xml,"/Defs/ThingDef[defName=""IronScruff_Tardigrade""]/statBases/BoneAmount"
Jawa Doctrine Patches,mandrake.jawa.doctrine,Patches/MegafaunaYield.xml,"/Defs/ThingDef[defName=""IronScruff_Tardigrade""]/statBases"
Jawa Doctrine Patches,mandrake.jawa.doctrine,Patches/MegafaunaYield.xml,"/Defs/ThingDef[defName=""IronScruff_Tardigrade""]/comps/li[milkAmount]/milkAmount"
Jawa Doctrine Patches,mandrake.jawa.doctrine,Patches/MegafaunaYield.xml,"/Defs/ThingDef[defName=""RG_Hemolope""]/statBases/MeatAmount"
Jawa Doctrine Patches,mandrake.jawa.doctrine,Patches/MegafaunaYield.xml,"/Defs/ThingDef[defName=""RG_Hemolope""]/statBases/MeatAmount"
Jawa Doctrine Patches,mandrake.jawa.doctrine,Patches/MegafaunaYield.xml,"/Defs/ThingDef[defName=""RG_Hemolope""]/statBases"
Jawa Doctrine Patches,mandrake.jawa.doctrine,Patches/MegafaunaYield.xml,"/Defs/ThingDef[defName=""RG_Hemolope""]/statBases/BoneAmount"
Jawa Doctrine Patches,mandrake.jawa.doctrine,Patches/MegafaunaYield.xml,"/Defs/ThingDef[defName=""RG_Hemolope""]/statBases/BoneAmount"
Jawa Doctrine Patches,mandrake.jawa.doctrine,Patches/MegafaunaYield.xml,"/Defs/ThingDef[defName=""RG_Hemolope""]/statBases"
Jawa Doctrine Patches,mandrake.jawa.doctrine,Patches/MegafaunaYield.xml,"/Defs/ThingDef[defName=""RG_WoollyStegosaurus""]/statBases/MeatAmount"
Jawa Doctrine Patches,mandrake.jawa.doctrine,Patches/MegafaunaYield.xml,"/Defs/ThingDef[defName=""RG_WoollyStegosaurus""]/statBases/MeatAmount"
Jawa Doctrine Patches,mandrake.jawa.doctrine,Patches/MegafaunaYield.xml,"/Defs/ThingDef[defName=""RG_WoollyStegosaurus""]/statBases"
Jawa Doctrine Patches,mandrake.jawa.doctrine,Patches/MegafaunaYield.xml,"/Defs/ThingDef[defName=""RG_WoollyStegosaurus""]/statBases/BoneAmount"
Jawa Doctrine Patches,mandrake.jawa.doctrine,Patches/MegafaunaYield.xml,"/Defs/ThingDef[defName=""RG_WoollyStegosaurus""]/statBases/BoneAmount"
Jawa Doctrine Patches,mandrake.jawa.doctrine,Patches/MegafaunaYield.xml,"/Defs/ThingDef[defName=""RG_WoollyStegosaurus""]/statBases"
Jawa Doctrine Patches,mandrake.jawa.doctrine,Patches/MegafaunaYield.xml,"/Defs/ThingDef[defName=""RG_Neutrolope""]/statBases/MeatAmount"
Jawa Doctrine Patches,mandrake.jawa.doctrine,Patches/MegafaunaYield.xml,"/Defs/ThingDef[defName=""RG_Neutrolope""]/statBases/MeatAmount"
Jawa Doctrine Patches,mandrake.jawa.doctrine,Patches/MegafaunaYield.xml,"/Defs/ThingDef[defName=""RG_Neutrolope""]/statBases"
Jawa Doctrine Patches,mandrake.jawa.doctrine,Patches/MegafaunaYield.xml,"/Defs/ThingDef[defName=""RG_Neutrolope""]/statBases/BoneAmount"
Jawa Doctrine Patches,mandrake.jawa.doctrine,Patches/MegafaunaYield.xml,"/Defs/ThingDef[defName=""RG_Neutrolope""]/statBases/BoneAmount"
Jawa Doctrine Patches,mandrake.jawa.doctrine,Patches/MegafaunaYield.xml,"/Defs/ThingDef[defName=""RG_Neutrolope""]/statBases"
Jawa Doctrine Patches,mandrake.jawa.doctrine,Patches/MegafaunaYield.xml,"/Defs/ThingDef[defName=""RG_WoollyStegosaurus""]/comps/li[woolAmount]/woolAmount"
Jawa Doctrine Patches,mandrake.jawa.doctrine,Patches/MegafaunaYield.xml,"/Defs/ThingDef[defName=""RG_Neutrolope""]/comps/li[milkAmount]/milkAmount"
Jawa Doctrine Patches,mandrake.jawa.doctrine,Patches/MegafaunaYield.xml,"/Defs/ThingDef[defName=""RG_Owlbeast""]/statBases/MeatAmount"
Jawa Doctrine Patches,mandrake.jawa.doctrine,Patches/MegafaunaYield.xml,"/Defs/ThingDef[defName=""RG_Owlbeast""]/statBases/MeatAmount"
Jawa Doctrine Patches,mandrake.jawa.doctrine,Patches/MegafaunaYield.xml,"/Defs/ThingDef[defName=""RG_Owlbeast""]/statBases"
Jawa Doctrine Patches,mandrake.jawa.doctrine,Patches/MegafaunaYield.xml,"/Defs/ThingDef[defName=""RG_Owlbeast""]/statBases/BoneAmount"
Jawa Doctrine Patches,mandrake.jawa.doctrine,Patches/MegafaunaYield.xml,"/Defs/ThingDef[defName=""RG_Owlbeast""]/statBases/BoneAmount"
Jawa Doctrine Patches,mandrake.jawa.doctrine,Patches/MegafaunaYield.xml,"/Defs/ThingDef[defName=""RG_Owlbeast""]/statBases"
Jawa Doctrine Patches,mandrake.jawa.doctrine,Patches/MegafaunaYield.xml,"/Defs/ThingDef[defName=""Ling_Cockroach""]/statBases/MeatAmount"
Jawa Doctrine Patches,mandrake.jawa.doctrine,Patches/MegafaunaYield.xml,"/Defs/ThingDef[defName=""Ling_Cockroach""]/statBases/MeatAmount"
Jawa Doctrine Patches,mandrake.jawa.doctrine,Patches/MegafaunaYield.xml,"/Defs/ThingDef[defName=""Ling_Cockroach""]/statBases"
Jawa Doctrine Patches,mandrake.jawa.doctrine,Patches/MegafaunaYield.xml,"/Defs/ThingDef[defName=""Ling_Cockroach""]/statBases/BoneAmount"
Jawa Doctrine Patches,mandrake.jawa.doctrine,Patches/MegafaunaYield.xml,"/Defs/ThingDef[defName=""Ling_Cockroach""]/statBases/BoneAmount"
Jawa Doctrine Patches,mandrake.jawa.doctrine,Patches/MegafaunaYield.xml,"/Defs/ThingDef[defName=""Ling_Cockroach""]/statBases"
Jawa Doctrine Patches,mandrake.jawa.doctrine,Patches/MegafaunaYield.xml,"/Defs/ThingDef[defName=""Ling_Cockroach""]/comps/li[milkAmount]/milkAmount"
Jawa Doctrine Patches,mandrake.jawa.doctrine,Patches/MegafaunaYield.xml,"/Defs/ThingDef[defName=""Dewback""]/statBases/MeatAmount"
Jawa Doctrine Patches,mandrake.jawa.doctrine,Patches/MegafaunaYield.xml,"/Defs/ThingDef[defName=""Dewback""]/statBases/MeatAmount"
Jawa Doctrine Patches,mandrake.jawa.doctrine,Patches/MegafaunaYield.xml,"/Defs/ThingDef[defName=""Dewback""]/statBases"
Jawa Doctrine Patches,mandrake.jawa.doctrine,Patches/MegafaunaYield.xml,"/Defs/ThingDef[defName=""Dewback""]/statBases/BoneAmount"
Jawa Doctrine Patches,mandrake.jawa.doctrine,Patches/MegafaunaYield.xml,"/Defs/ThingDef[defName=""Dewback""]/statBases/BoneAmount"
Jawa Doctrine Patches,mandrake.jawa.doctrine,Patches/MegafaunaYield.xml,"/Defs/ThingDef[defName=""Dewback""]/statBases"
Jawa Doctrine Patches,mandrake.jawa.doctrine,Patches/MegafaunaYield.xml,"/Defs/ThingDef[defName=""Rancor""]/statBases/MeatAmount"
Jawa Doctrine Patches,mandrake.jawa.doctrine,Patches/MegafaunaYield.xml,"/Defs/ThingDef[defName=""Rancor""]/statBases/MeatAmount"
Jawa Doctrine Patches,mandrake.jawa.doctrine,Patches/MegafaunaYield.xml,"/Defs/ThingDef[defName=""Rancor""]/statBases"
Jawa Doctrine Patches,mandrake.jawa.doctrine,Patches/MegafaunaYield.xml,"/Defs/ThingDef[defName=""Rancor""]/statBases/BoneAmount"
Jawa Doctrine Patches,mandrake.jawa.doctrine,Patches/MegafaunaYield.xml,"/Defs/ThingDef[defName=""Rancor""]/statBases/BoneAmount"
Jawa Doctrine Patches,mandrake.jawa.doctrine,Patches/MegafaunaYield.xml,"/Defs/ThingDef[defName=""Rancor""]/statBases"
Jawa Doctrine Patches,mandrake.jawa.doctrine,Patches/MegafaunaYield.xml,"/Defs/ThingDef[defName=""Bantha""]/statBases/MeatAmount"
Jawa Doctrine Patches,mandrake.jawa.doctrine,Patches/MegafaunaYield.xml,"/Defs/ThingDef[defName=""Bantha""]/statBases/MeatAmount"
Jawa Doctrine Patches,mandrake.jawa.doctrine,Patches/MegafaunaYield.xml,"/Defs/ThingDef[defName=""Bantha""]/statBases"
Jawa Doctrine Patches,mandrake.jawa.doctrine,Patches/MegafaunaYield.xml,"/Defs/ThingDef[defName=""Bantha""]/statBases/BoneAmount"
Jawa Doctrine Patches,mandrake.jawa.doctrine,Patches/MegafaunaYield.xml,"/Defs/ThingDef[defName=""Bantha""]/statBases/BoneAmount"
Jawa Doctrine Patches,mandrake.jawa.doctrine,Patches/MegafaunaYield.xml,"/Defs/ThingDef[defName=""Bantha""]/statBases"
Jawa Doctrine Patches,mandrake.jawa.doctrine,Patches/MegafaunaYield.xml,"/Defs/ThingDef[defName=""Nexu""]/statBases/MeatAmount"
Jawa Doctrine Patches,mandrake.jawa.doctrine,Patches/MegafaunaYield.xml,"/Defs/ThingDef[defName=""Nexu""]/statBases/MeatAmount"
Jawa Doctrine Patches,mandrake.jawa.doctrine,Patches/MegafaunaYield.xml,"/Defs/ThingDef[defName=""Nexu""]/statBases"
Jawa Doctrine Patches,mandrake.jawa.doctrine,Patches/MegafaunaYield.xml,"/Defs/ThingDef[defName=""Nexu""]/statBases/BoneAmount"
Jawa Doctrine Patches,mandrake.jawa.doctrine,Patches/MegafaunaYield.xml,"/Defs/ThingDef[defName=""Nexu""]/statBases/BoneAmount"
Jawa Doctrine Patches,mandrake.jawa.doctrine,Patches/MegafaunaYield.xml,"/Defs/ThingDef[defName=""Nexu""]/statBases"
Jawa Doctrine Patches,mandrake.jawa.doctrine,Patches/MegafaunaYield.xml,"/Defs/ThingDef[defName=""Acklay""]/statBases/MeatAmount"
Jawa Doctrine Patches,mandrake.jawa.doctrine,Patches/MegafaunaYield.xml,"/Defs/ThingDef[defName=""Acklay""]/statBases/MeatAmount"
Jawa Doctrine Patches,mandrake.jawa.doctrine,Patches/MegafaunaYield.xml,"/Defs/ThingDef[defName=""Acklay""]/statBases"
Jawa Doctrine Patches,mandrake.jawa.doctrine,Patches/MegafaunaYield.xml,"/Defs/ThingDef[defName=""Acklay""]/statBases/BoneAmount"
Jawa Doctrine Patches,mandrake.jawa.doctrine,Patches/MegafaunaYield.xml,"/Defs/ThingDef[defName=""Acklay""]/statBases/BoneAmount"
Jawa Doctrine Patches,mandrake.jawa.doctrine,Patches/MegafaunaYield.xml,"/Defs/ThingDef[defName=""Acklay""]/statBases"
Jawa Doctrine Patches,mandrake.jawa.doctrine,Patches/MegafaunaYield.xml,"/Defs/ThingDef[defName=""KraytDragon""]/statBases/MeatAmount"
Jawa Doctrine Patches,mandrake.jawa.doctrine,Patches/MegafaunaYield.xml,"/Defs/ThingDef[defName=""KraytDragon""]/statBases/MeatAmount"
Jawa Doctrine Patches,mandrake.jawa.doctrine,Patches/MegafaunaYield.xml,"/Defs/ThingDef[defName=""KraytDragon""]/statBases"
Jawa Doctrine Patches,mandrake.jawa.doctrine,Patches/MegafaunaYield.xml,"/Defs/ThingDef[defName=""KraytDragon""]/statBases/BoneAmount"
Jawa Doctrine Patches,mandrake.jawa.doctrine,Patches/MegafaunaYield.xml,"/Defs/ThingDef[defName=""KraytDragon""]/statBases/BoneAmount"
Jawa Doctrine Patches,mandrake.jawa.doctrine,Patches/MegafaunaYield.xml,"/Defs/ThingDef[defName=""KraytDragon""]/statBases"
Jawa Doctrine Patches,mandrake.jawa.doctrine,Patches/MegafaunaYield.xml,"/Defs/ThingDef[defName=""Reek""]/statBases/MeatAmount"
Jawa Doctrine Patches,mandrake.jawa.doctrine,Patches/MegafaunaYield.xml,"/Defs/ThingDef[defName=""Reek""]/statBases/MeatAmount"
Jawa Doctrine Patches,mandrake.jawa.doctrine,Patches/MegafaunaYield.xml,"/Defs/ThingDef[defName=""Reek""]/statBases"
Jawa Doctrine Patches,mandrake.jawa.doctrine,Patches/MegafaunaYield.xml,"/Defs/ThingDef[defName=""Reek""]/statBases/BoneAmount"
Jawa Doctrine Patches,mandrake.jawa.doctrine,Patches/MegafaunaYield.xml,"/Defs/ThingDef[defName=""Reek""]/statBases/BoneAmount"
Jawa Doctrine Patches,mandrake.jawa.doctrine,Patches/MegafaunaYield.xml,"/Defs/ThingDef[defName=""Reek""]/statBases"
Jawa Doctrine Patches,mandrake.jawa.doctrine,Patches/MegafaunaYield.xml,"/Defs/ThingDef[defName=""Nerf""]/statBases/MeatAmount"
Jawa Doctrine Patches,mandrake.jawa.doctrine,Patches/MegafaunaYield.xml,"/Defs/ThingDef[defName=""Nerf""]/statBases/MeatAmount"
Jawa Doctrine Patches,mandrake.jawa.doctrine,Patches/MegafaunaYield.xml,"/Defs/ThingDef[defName=""Nerf""]/statBases"
Jawa Doctrine Patches,mandrake.jawa.doctrine,Patches/MegafaunaYield.xml,"/Defs/ThingDef[defName=""Nerf""]/statBases/BoneAmount"
Jawa Doctrine Patches,mandrake.jawa.doctrine,Patches/MegafaunaYield.xml,"/Defs/ThingDef[defName=""Nerf""]/statBases/BoneAmount"
Jawa Doctrine Patches,mandrake.jawa.doctrine,Patches/MegafaunaYield.xml,"/Defs/ThingDef[defName=""Nerf""]/statBases"
Jawa Doctrine Patches,mandrake.jawa.doctrine,Patches/MegafaunaYield.xml,"/Defs/ThingDef[defName=""Wampa""]/statBases/MeatAmount"
Jawa Doctrine Patches,mandrake.jawa.doctrine,Patches/MegafaunaYield.xml,"/Defs/ThingDef[defName=""Wampa""]/statBases/MeatAmount"
Jawa Doctrine Patches,mandrake.jawa.doctrine,Patches/MegafaunaYield.xml,"/Defs/ThingDef[defName=""Wampa""]/statBases"
Jawa Doctrine Patches,mandrake.jawa.doctrine,Patches/MegafaunaYield.xml,"/Defs/ThingDef[defName=""Wampa""]/statBases/BoneAmount"
Jawa Doctrine Patches,mandrake.jawa.doctrine,Patches/MegafaunaYield.xml,"/Defs/ThingDef[defName=""Wampa""]/statBases/BoneAmount"
Jawa Doctrine Patches,mandrake.jawa.doctrine,Patches/MegafaunaYield.xml,"/Defs/ThingDef[defName=""Wampa""]/statBases"
Jawa Doctrine Patches,mandrake.jawa.doctrine,Patches/MegafaunaYield.xml,"/Defs/ThingDef[defName=""Akk""]/statBases/MeatAmount"
Jawa Doctrine Patches,mandrake.jawa.doctrine,Patches/MegafaunaYield.xml,"/Defs/ThingDef[defName=""Akk""]/statBases/MeatAmount"
Jawa Doctrine Patches,mandrake.jawa.doctrine,Patches/MegafaunaYield.xml,"/Defs/ThingDef[defName=""Akk""]/statBases"
Jawa Doctrine Patches,mandrake.jawa.doctrine,Patches/MegafaunaYield.xml,"/Defs/ThingDef[defName=""Akk""]/statBases/BoneAmount"
Jawa Doctrine Patches,mandrake.jawa.doctrine,Patches/MegafaunaYield.xml,"/Defs/ThingDef[defName=""Akk""]/statBases/BoneAmount"
Jawa Doctrine Patches,mandrake.jawa.doctrine,Patches/MegafaunaYield.xml,"/Defs/ThingDef[defName=""Akk""]/statBases"
Jawa Doctrine Patches,mandrake.jawa.doctrine,Patches/MegafaunaYield.xml,"/Defs/ThingDef[defName=""Aiwha""]/statBases/MeatAmount"
Jawa Doctrine Patches,mandrake.jawa.doctrine,Patches/MegafaunaYield.xml,"/Defs/ThingDef[defName=""Aiwha""]/statBases/MeatAmount"
Jawa Doctrine Patches,mandrake.jawa.doctrine,Patches/MegafaunaYield.xml,"/Defs/ThingDef[defName=""Aiwha""]/statBases"
Jawa Doctrine Patches,mandrake.jawa.doctrine,Patches/MegafaunaYield.xml,"/Defs/ThingDef[defName=""Aiwha""]/statBases/BoneAmount"
Jawa Doctrine Patches,mandrake.jawa.doctrine,Patches/MegafaunaYield.xml,"/Defs/ThingDef[defName=""Aiwha""]/statBases/BoneAmount"
Jawa Doctrine Patches,mandrake.jawa.doctrine,Patches/MegafaunaYield.xml,"/Defs/ThingDef[defName=""Aiwha""]/statBases"
Jawa Doctrine Patches,mandrake.jawa.doctrine,Patches/MegafaunaYield.xml,"/Defs/ThingDef[defName=""Behemoth""]/statBases/MeatAmount"
Jawa Doctrine Patches,mandrake.jawa.doctrine,Patches/MegafaunaYield.xml,"/Defs/ThingDef[defName=""Behemoth""]/statBases/MeatAmount"
Jawa Doctrine Patches,mandrake.jawa.doctrine,Patches/MegafaunaYield.xml,"/Defs/ThingDef[defName=""Behemoth""]/statBases"
Jawa Doctrine Patches,mandrake.jawa.doctrine,Patches/MegafaunaYield.xml,"/Defs/ThingDef[defName=""Behemoth""]/statBases/BoneAmount"
Jawa Doctrine Patches,mandrake.jawa.doctrine,Patches/MegafaunaYield.xml,"/Defs/ThingDef[defName=""Behemoth""]/statBases/BoneAmount"
Jawa Doctrine Patches,mandrake.jawa.doctrine,Patches/MegafaunaYield.xml,"/Defs/ThingDef[defName=""Behemoth""]/statBases"
Jawa Doctrine Patches,mandrake.jawa.doctrine,Patches/MegafaunaYield.xml,"/Defs/ThingDef[defName=""Beldon""]/statBases/MeatAmount"
Jawa Doctrine Patches,mandrake.jawa.doctrine,Patches/MegafaunaYield.xml,"/Defs/ThingDef[defName=""Beldon""]/statBases/MeatAmount"
Jawa Doctrine Patches,mandrake.jawa.doctrine,Patches/MegafaunaYield.xml,"/Defs/ThingDef[defName=""Beldon""]/statBases"
Jawa Doctrine Patches,mandrake.jawa.doctrine,Patches/MegafaunaYield.xml,"/Defs/ThingDef[defName=""Beldon""]/statBases/BoneAmount"
Jawa Doctrine Patches,mandrake.jawa.doctrine,Patches/MegafaunaYield.xml,"/Defs/ThingDef[defName=""Beldon""]/statBases/BoneAmount"
Jawa Doctrine Patches,mandrake.jawa.doctrine,Patches/MegafaunaYield.xml,"/Defs/ThingDef[defName=""Beldon""]/statBases"
Jawa Doctrine Patches,mandrake.jawa.doctrine,Patches/MegafaunaYield.xml,"/Defs/ThingDef[defName=""Boarwolf""]/statBases/MeatAmount"
Jawa Doctrine Patches,mandrake.jawa.doctrine,Patches/MegafaunaYield.xml,"/Defs/ThingDef[defName=""Boarwolf""]/statBases/MeatAmount"
Jawa Doctrine Patches,mandrake.jawa.doctrine,Patches/MegafaunaYield.xml,"/Defs/ThingDef[defName=""Boarwolf""]/statBases"
Jawa Doctrine Patches,mandrake.jawa.doctrine,Patches/MegafaunaYield.xml,"/Defs/ThingDef[defName=""Boarwolf""]/statBases/BoneAmount"
Jawa Doctrine Patches,mandrake.jawa.doctrine,Patches/MegafaunaYield.xml,"/Defs/ThingDef[defName=""Boarwolf""]/statBases/BoneAmount"
Jawa Doctrine Patches,mandrake.jawa.doctrine,Patches/MegafaunaYield.xml,"/Defs/ThingDef[defName=""Boarwolf""]/statBases"
Jawa Doctrine Patches,mandrake.jawa.doctrine,Patches/MegafaunaYield.xml,"/Defs/ThingDef[defName=""Blixus""]/statBases/MeatAmount"
Jawa Doctrine Patches,mandrake.jawa.doctrine,Patches/MegafaunaYield.xml,"/Defs/ThingDef[defName=""Blixus""]/statBases/MeatAmount"
Jawa Doctrine Patches,mandrake.jawa.doctrine,Patches/MegafaunaYield.xml,"/Defs/ThingDef[defName=""Blixus""]/statBases"
Jawa Doctrine Patches,mandrake.jawa.doctrine,Patches/MegafaunaYield.xml,"/Defs/ThingDef[defName=""Blixus""]/statBases/BoneAmount"
Jawa Doctrine Patches,mandrake.jawa.doctrine,Patches/MegafaunaYield.xml,"/Defs/ThingDef[defName=""Blixus""]/statBases/BoneAmount"
Jawa Doctrine Patches,mandrake.jawa.doctrine,Patches/MegafaunaYield.xml,"/Defs/ThingDef[defName=""Blixus""]/statBases"
Jawa Doctrine Patches,mandrake.jawa.doctrine,Patches/MegafaunaYield.xml,"/Defs/ThingDef[defName=""Blurrg""]/statBases/MeatAmount"
Jawa Doctrine Patches,mandrake.jawa.doctrine,Patches/MegafaunaYield.xml,"/Defs/ThingDef[defName=""Blurrg""]/statBases/MeatAmount"
Jawa Doctrine Patches,mandrake.jawa.doctrine,Patches/MegafaunaYield.xml,"/Defs/ThingDef[defName=""Blurrg""]/statBases"
Jawa Doctrine Patches,mandrake.jawa.doctrine,Patches/MegafaunaYield.xml,"/Defs/ThingDef[defName=""Blurrg""]/statBases/BoneAmount"
Jawa Doctrine Patches,mandrake.jawa.doctrine,Patches/MegafaunaYield.xml,"/Defs/ThingDef[defName=""Blurrg""]/statBases/BoneAmount"
Jawa Doctrine Patches,mandrake.jawa.doctrine,Patches/MegafaunaYield.xml,"/Defs/ThingDef[defName=""Blurrg""]/statBases"
Jawa Doctrine Patches,mandrake.jawa.doctrine,Patches/MegafaunaYield.xml,"/Defs/ThingDef[defName=""Bolotaur""]/statBases/MeatAmount"
Jawa Doctrine Patches,mandrake.jawa.doctrine,Patches/MegafaunaYield.xml,"/Defs/ThingDef[defName=""Bolotaur""]/statBases/MeatAmount"
Jawa Doctrine Patches,mandrake.jawa.doctrine,Patches/MegafaunaYield.xml,"/Defs/ThingDef[defName=""Bolotaur""]/statBases"
Jawa Doctrine Patches,mandrake.jawa.doctrine,Patches/MegafaunaYield.xml,"/Defs/ThingDef[defName=""Bolotaur""]/statBases/BoneAmount"
Jawa Doctrine Patches,mandrake.jawa.doctrine,Patches/MegafaunaYield.xml,"/Defs/ThingDef[defName=""Bolotaur""]/statBases/BoneAmount"
Jawa Doctrine Patches,mandrake.jawa.doctrine,Patches/MegafaunaYield.xml,"/Defs/ThingDef[defName=""Bolotaur""]/statBases"
Jawa Doctrine Patches,mandrake.jawa.doctrine,Patches/MegafaunaYield.xml,"/Defs/ThingDef[defName=""Boma""]/statBases/MeatAmount"
Jawa Doctrine Patches,mandrake.jawa.doctrine,Patches/MegafaunaYield.xml,"/Defs/ThingDef[defName=""Boma""]/statBases/MeatAmount"
Jawa Doctrine Patches,mandrake.jawa.doctrine,Patches/MegafaunaYield.xml,"/Defs/ThingDef[defName=""Boma""]/statBases"
Jawa Doctrine Patches,mandrake.jawa.doctrine,Patches/MegafaunaYield.xml,"/Defs/ThingDef[defName=""Boma""]/statBases/BoneAmount"
Jawa Doctrine Patches,mandrake.jawa.doctrine,Patches/MegafaunaYield.xml,"/Defs/ThingDef[defName=""Boma""]/statBases/BoneAmount"
Jawa Doctrine Patches,mandrake.jawa.doctrine,Patches/MegafaunaYield.xml,"/Defs/ThingDef[defName=""Boma""]/statBases"
Jawa Doctrine Patches,mandrake.jawa.doctrine,Patches/MegafaunaYield.xml,"/Defs/ThingDef[defName=""Bordok""]/statBases/MeatAmount"
Jawa Doctrine Patches,mandrake.jawa.doctrine,Patches/MegafaunaYield.xml,"/Defs/ThingDef[defName=""Bordok""]/statBases/MeatAmount"
Jawa Doctrine Patches,mandrake.jawa.doctrine,Patches/MegafaunaYield.xml,"/Defs/ThingDef[defName=""Bordok""]/statBases"
Jawa Doctrine Patches,mandrake.jawa.doctrine,Patches/MegafaunaYield.xml,"/Defs/ThingDef[defName=""Bordok""]/statBases/BoneAmount"
Jawa Doctrine Patches,mandrake.jawa.doctrine,Patches/MegafaunaYield.xml,"/Defs/ThingDef[defName=""Bordok""]/statBases/BoneAmount"
Jawa Doctrine Patches,mandrake.jawa.doctrine,Patches/MegafaunaYield.xml,"/Defs/ThingDef[defName=""Bordok""]/statBases"
Jawa Doctrine Patches,mandrake.jawa.doctrine,Patches/MegafaunaYield.xml,"/Defs/ThingDef[defName=""Brezak""]/statBases/MeatAmount"
Jawa Doctrine Patches,mandrake.jawa.doctrine,Patches/MegafaunaYield.xml,"/Defs/ThingDef[defName=""Brezak""]/statBases/MeatAmount"
Jawa Doctrine Patches,mandrake.jawa.doctrine,Patches/MegafaunaYield.xml,"/Defs/ThingDef[defName=""Brezak""]/statBases"
Jawa Doctrine Patches,mandrake.jawa.doctrine,Patches/MegafaunaYield.xml,"/Defs/ThingDef[defName=""Brezak""]/statBases/BoneAmount"
Jawa Doctrine Patches,mandrake.jawa.doctrine,Patches/MegafaunaYield.xml,"/Defs/ThingDef[defName=""Brezak""]/statBases/BoneAmount"
Jawa Doctrine Patches,mandrake.jawa.doctrine,Patches/MegafaunaYield.xml,"/Defs/ThingDef[defName=""Brezak""]/statBases"
Jawa Doctrine Patches,mandrake.jawa.doctrine,Patches/MegafaunaYield.xml,"/Defs/ThingDef[defName=""Bursa""]/statBases/MeatAmount"
Jawa Doctrine Patches,mandrake.jawa.doctrine,Patches/MegafaunaYield.xml,"/Defs/ThingDef[defName=""Bursa""]/statBases/MeatAmount"
Jawa Doctrine Patches,mandrake.jawa.doctrine,Patches/MegafaunaYield.xml,"/Defs/ThingDef[defName=""Bursa""]/statBases"
Jawa Doctrine Patches,mandrake.jawa.doctrine,Patches/MegafaunaYield.xml,"/Defs/ThingDef[defName=""Bursa""]/statBases/BoneAmount"
Jawa Doctrine Patches,mandrake.jawa.doctrine,Patches/MegafaunaYield.xml,"/Defs/ThingDef[defName=""Bursa""]/statBases/BoneAmount"
Jawa Doctrine Patches,mandrake.jawa.doctrine,Patches/MegafaunaYield.xml,"/Defs/ThingDef[defName=""Bursa""]/statBases"
Jawa Doctrine Patches,mandrake.jawa.doctrine,Patches/MegafaunaYield.xml,"/Defs/ThingDef[defName=""CanCell""]/statBases/MeatAmount"
Jawa Doctrine Patches,mandrake.jawa.doctrine,Patches/MegafaunaYield.xml,"/Defs/ThingDef[defName=""CanCell""]/statBases/MeatAmount"
Jawa Doctrine Patches,mandrake.jawa.doctrine,Patches/MegafaunaYield.xml,"/Defs/ThingDef[defName=""CanCell""]/statBases"
Jawa Doctrine Patches,mandrake.jawa.doctrine,Patches/MegafaunaYield.xml,"/Defs/ThingDef[defName=""CanCell""]/statBases/BoneAmount"
Jawa Doctrine Patches,mandrake.jawa.doctrine,Patches/MegafaunaYield.xml,"/Defs/ThingDef[defName=""CanCell""]/statBases/BoneAmount"
Jawa Doctrine Patches,mandrake.jawa.doctrine,Patches/MegafaunaYield.xml,"/Defs/ThingDef[defName=""CanCell""]/statBases"
Jawa Doctrine Patches,mandrake.jawa.doctrine,Patches/MegafaunaYield.xml,"/Defs/ThingDef[defName=""ChrysalideRancor""]/statBases/MeatAmount"
Jawa Doctrine Patches,mandrake.jawa.doctrine,Patches/MegafaunaYield.xml,"/Defs/ThingDef[defName=""ChrysalideRancor""]/statBases/MeatAmount"
Jawa Doctrine Patches,mandrake.jawa.doctrine,Patches/MegafaunaYield.xml,"/Defs/ThingDef[defName=""ChrysalideRancor""]/statBases"
Jawa Doctrine Patches,mandrake.jawa.doctrine,Patches/MegafaunaYield.xml,"/Defs/ThingDef[defName=""ChrysalideRancor""]/statBases/BoneAmount"
Jawa Doctrine Patches,mandrake.jawa.doctrine,Patches/MegafaunaYield.xml,"/Defs/ThingDef[defName=""ChrysalideRancor""]/statBases/BoneAmount"
Jawa Doctrine Patches,mandrake.jawa.doctrine,Patches/MegafaunaYield.xml,"/Defs/ThingDef[defName=""ChrysalideRancor""]/statBases"
Jawa Doctrine Patches,mandrake.jawa.doctrine,Patches/MegafaunaYield.xml,"/Defs/ThingDef[defName=""Corinathoth""]/statBases/MeatAmount"
Jawa Doctrine Patches,mandrake.jawa.doctrine,Patches/MegafaunaYield.xml,"/Defs/ThingDef[defName=""Corinathoth""]/statBases/MeatAmount"
Jawa Doctrine Patches,mandrake.jawa.doctrine,Patches/MegafaunaYield.xml,"/Defs/ThingDef[defName=""Corinathoth""]/statBases"
Jawa Doctrine Patches,mandrake.jawa.doctrine,Patches/MegafaunaYield.xml,"/Defs/ThingDef[defName=""Corinathoth""]/statBases/BoneAmount"
Jawa Doctrine Patches,mandrake.jawa.doctrine,Patches/MegafaunaYield.xml,"/Defs/ThingDef[defName=""Corinathoth""]/statBases/BoneAmount"
Jawa Doctrine Patches,mandrake.jawa.doctrine,Patches/MegafaunaYield.xml,"/Defs/ThingDef[defName=""Corinathoth""]/statBases"
Jawa Doctrine Patches,mandrake.jawa.doctrine,Patches/MegafaunaYield.xml,"/Defs/ThingDef[defName=""Dactillion""]/statBases/MeatAmount"
Jawa Doctrine Patches,mandrake.jawa.doctrine,Patches/MegafaunaYield.xml,"/Defs/ThingDef[defName=""Dactillion""]/statBases/MeatAmount"
Jawa Doctrine Patches,mandrake.jawa.doctrine,Patches/MegafaunaYield.xml,"/Defs/ThingDef[defName=""Dactillion""]/statBases"
Jawa Doctrine Patches,mandrake.jawa.doctrine,Patches/MegafaunaYield.xml,"/Defs/ThingDef[defName=""Dactillion""]/statBases/BoneAmount"
Jawa Doctrine Patches,mandrake.jawa.doctrine,Patches/MegafaunaYield.xml,"/Defs/ThingDef[defName=""Dactillion""]/statBases/BoneAmount"
Jawa Doctrine Patches,mandrake.jawa.doctrine,Patches/MegafaunaYield.xml,"/Defs/ThingDef[defName=""Dactillion""]/statBases"
Jawa Doctrine Patches,mandrake.jawa.doctrine,Patches/MegafaunaYield.xml,"/Defs/ThingDef[defName=""Dalgo""]/statBases/MeatAmount"
Jawa Doctrine Patches,mandrake.jawa.doctrine,Patches/MegafaunaYield.xml,"/Defs/ThingDef[defName=""Dalgo""]/statBases/MeatAmount"
Jawa Doctrine Patches,mandrake.jawa.doctrine,Patches/MegafaunaYield.xml,"/Defs/ThingDef[defName=""Dalgo""]/statBases"
Jawa Doctrine Patches,mandrake.jawa.doctrine,Patches/MegafaunaYield.xml,"/Defs/ThingDef[defName=""Dalgo""]/statBases/BoneAmount"
Jawa Doctrine Patches,mandrake.jawa.doctrine,Patches/MegafaunaYield.xml,"/Defs/ThingDef[defName=""Dalgo""]/statBases/BoneAmount"
Jawa Doctrine Patches,mandrake.jawa.doctrine,Patches/MegafaunaYield.xml,"/Defs/ThingDef[defName=""Dalgo""]/statBases"
Jawa Doctrine Patches,mandrake.jawa.doctrine,Patches/MegafaunaYield.xml,"/Defs/ThingDef[defName=""Devourers""]/statBases/MeatAmount"
Jawa Doctrine Patches,mandrake.jawa.doctrine,Patches/MegafaunaYield.xml,"/Defs/ThingDef[defName=""Devourers""]/statBases/MeatAmount"
Jawa Doctrine Patches,mandrake.jawa.doctrine,Patches/MegafaunaYield.xml,"/Defs/ThingDef[defName=""Devourers""]/statBases"
Jawa Doctrine Patches,mandrake.jawa.doctrine,Patches/MegafaunaYield.xml,"/Defs/ThingDef[defName=""Devourers""]/statBases/BoneAmount"
Jawa Doctrine Patches,mandrake.jawa.doctrine,Patches/MegafaunaYield.xml,"/Defs/ThingDef[defName=""Devourers""]/statBases/BoneAmount"
Jawa Doctrine Patches,mandrake.jawa.doctrine,Patches/MegafaunaYield.xml,"/Defs/ThingDef[defName=""Devourers""]/statBases"
Jawa Doctrine Patches,mandrake.jawa.doctrine,Patches/MegafaunaYield.xml,"/Defs/ThingDef[defName=""Dianoga""]/statBases/MeatAmount"
Jawa Doctrine Patches,mandrake.jawa.doctrine,Patches/MegafaunaYield.xml,"/Defs/ThingDef[defName=""Dianoga""]/statBases/MeatAmount"
Jawa Doctrine Patches,mandrake.jawa.doctrine,Patches/MegafaunaYield.xml,"/Defs/ThingDef[defName=""Dianoga""]/statBases"
Jawa Doctrine Patches,mandrake.jawa.doctrine,Patches/MegafaunaYield.xml,"/Defs/ThingDef[defName=""Dianoga""]/statBases/BoneAmount"
Jawa Doctrine Patches,mandrake.jawa.doctrine,Patches/MegafaunaYield.xml,"/Defs/ThingDef[defName=""Dianoga""]/statBases/BoneAmount"
Jawa Doctrine Patches,mandrake.jawa.doctrine,Patches/MegafaunaYield.xml,"/Defs/ThingDef[defName=""Dianoga""]/statBases"
Jawa Doctrine Patches,mandrake.jawa.doctrine,Patches/MegafaunaYield.xml,"/Defs/ThingDef[defName=""Dragonsnake""]/statBases/MeatAmount"
Jawa Doctrine Patches,mandrake.jawa.doctrine,Patches/MegafaunaYield.xml,"/Defs/ThingDef[defName=""Dragonsnake""]/statBases/MeatAmount"
Jawa Doctrine Patches,mandrake.jawa.doctrine,Patches/MegafaunaYield.xml,"/Defs/ThingDef[defName=""Dragonsnake""]/statBases"
Jawa Doctrine Patches,mandrake.jawa.doctrine,Patches/MegafaunaYield.xml,"/Defs/ThingDef[defName=""Dragonsnake""]/statBases/BoneAmount"
Jawa Doctrine Patches,mandrake.jawa.doctrine,Patches/MegafaunaYield.xml,"/Defs/ThingDef[defName=""Dragonsnake""]/statBases/BoneAmount"
Jawa Doctrine Patches,mandrake.jawa.doctrine,Patches/MegafaunaYield.xml,"/Defs/ThingDef[defName=""Dragonsnake""]/statBases"
Jawa Doctrine Patches,mandrake.jawa.doctrine,Patches/MegafaunaYield.xml,"/Defs/ThingDef[defName=""Drexl""]/statBases/MeatAmount"
Jawa Doctrine Patches,mandrake.jawa.doctrine,Patches/MegafaunaYield.xml,"/Defs/ThingDef[defName=""Drexl""]/statBases/MeatAmount"
Jawa Doctrine Patches,mandrake.jawa.doctrine,Patches/MegafaunaYield.xml,"/Defs/ThingDef[defName=""Drexl""]/statBases"
Jawa Doctrine Patches,mandrake.jawa.doctrine,Patches/MegafaunaYield.xml,"/Defs/ThingDef[defName=""Drexl""]/statBases/BoneAmount"
Jawa Doctrine Patches,mandrake.jawa.doctrine,Patches/MegafaunaYield.xml,"/Defs/ThingDef[defName=""Drexl""]/statBases/BoneAmount"
Jawa Doctrine Patches,mandrake.jawa.doctrine,Patches/MegafaunaYield.xml,"/Defs/ThingDef[defName=""Drexl""]/statBases"
Jawa Doctrine Patches,mandrake.jawa.doctrine,Patches/MegafaunaYield.xml,"/Defs/ThingDef[defName=""EnergySpider""]/statBases/MeatAmount"
Jawa Doctrine Patches,mandrake.jawa.doctrine,Patches/MegafaunaYield.xml,"/Defs/ThingDef[defName=""EnergySpider""]/statBases/MeatAmount"
Jawa Doctrine Patches,mandrake.jawa.doctrine,Patches/MegafaunaYield.xml,"/Defs/ThingDef[defName=""EnergySpider""]/statBases"
Jawa Doctrine Patches,mandrake.jawa.doctrine,Patches/MegafaunaYield.xml,"/Defs/ThingDef[defName=""EnergySpider""]/statBases/BoneAmount"
Jawa Doctrine Patches,mandrake.jawa.doctrine,Patches/MegafaunaYield.xml,"/Defs/ThingDef[defName=""EnergySpider""]/statBases/BoneAmount"
Jawa Doctrine Patches,mandrake.jawa.doctrine,Patches/MegafaunaYield.xml,"/Defs/ThingDef[defName=""EnergySpider""]/statBases"
Jawa Doctrine Patches,mandrake.jawa.doctrine,Patches/MegafaunaYield.xml,"/Defs/ThingDef[defName=""Eopie""]/statBases/MeatAmount"
Jawa Doctrine Patches,mandrake.jawa.doctrine,Patches/MegafaunaYield.xml,"/Defs/ThingDef[defName=""Eopie""]/statBases/MeatAmount"
Jawa Doctrine Patches,mandrake.jawa.doctrine,Patches/MegafaunaYield.xml,"/Defs/ThingDef[defName=""Eopie""]/statBases"
Jawa Doctrine Patches,mandrake.jawa.doctrine,Patches/MegafaunaYield.xml,"/Defs/ThingDef[defName=""Eopie""]/statBases/BoneAmount"
Jawa Doctrine Patches,mandrake.jawa.doctrine,Patches/MegafaunaYield.xml,"/Defs/ThingDef[defName=""Eopie""]/statBases/BoneAmount"
Jawa Doctrine Patches,mandrake.jawa.doctrine,Patches/MegafaunaYield.xml,"/Defs/ThingDef[defName=""Eopie""]/statBases"
Jawa Doctrine Patches,mandrake.jawa.doctrine,Patches/MegafaunaYield.xml,"/Defs/ThingDef[defName=""Falumpaset""]/statBases/MeatAmount"
Jawa Doctrine Patches,mandrake.jawa.doctrine,Patches/MegafaunaYield.xml,"/Defs/ThingDef[defName=""Falumpaset""]/statBases/MeatAmount"
Jawa Doctrine Patches,mandrake.jawa.doctrine,Patches/MegafaunaYield.xml,"/Defs/ThingDef[defName=""Falumpaset""]/statBases"
Jawa Doctrine Patches,mandrake.jawa.doctrine,Patches/MegafaunaYield.xml,"/Defs/ThingDef[defName=""Falumpaset""]/statBases/BoneAmount"
Jawa Doctrine Patches,mandrake.jawa.doctrine,Patches/MegafaunaYield.xml,"/Defs/ThingDef[defName=""Falumpaset""]/statBases/BoneAmount"
Jawa Doctrine Patches,mandrake.jawa.doctrine,Patches/MegafaunaYield.xml,"/Defs/ThingDef[defName=""Falumpaset""]/statBases"
Jawa Doctrine Patches,mandrake.jawa.doctrine,Patches/MegafaunaYield.xml,"/Defs/ThingDef[defName=""Fambaa""]/statBases/MeatAmount"
Jawa Doctrine Patches,mandrake.jawa.doctrine,Patches/MegafaunaYield.xml,"/Defs/ThingDef[defName=""Fambaa""]/statBases/MeatAmount"
Jawa Doctrine Patches,mandrake.jawa.doctrine,Patches/MegafaunaYield.xml,"/Defs/ThingDef[defName=""Fambaa""]/statBases"
Jawa Doctrine Patches,mandrake.jawa.doctrine,Patches/MegafaunaYield.xml,"/Defs/ThingDef[defName=""Fambaa""]/statBases/BoneAmount"
Jawa Doctrine Patches,mandrake.jawa.doctrine,Patches/MegafaunaYield.xml,"/Defs/ThingDef[defName=""Fambaa""]/statBases/BoneAmount"
Jawa Doctrine Patches,mandrake.jawa.doctrine,Patches/MegafaunaYield.xml,"/Defs/ThingDef[defName=""Fambaa""]/statBases"
Jawa Doctrine Patches,mandrake.jawa.doctrine,Patches/MegafaunaYield.xml,"/Defs/ThingDef[defName=""Fanback""]/statBases/MeatAmount"
Jawa Doctrine Patches,mandrake.jawa.doctrine,Patches/MegafaunaYield.xml,"/Defs/ThingDef[defName=""Fanback""]/statBases/MeatAmount"
Jawa Doctrine Patches,mandrake.jawa.doctrine,Patches/MegafaunaYield.xml,"/Defs/ThingDef[defName=""Fanback""]/statBases"
Jawa Doctrine Patches,mandrake.jawa.doctrine,Patches/MegafaunaYield.xml,"/Defs/ThingDef[defName=""Fanback""]/statBases/BoneAmount"
Jawa Doctrine Patches,mandrake.jawa.doctrine,Patches/MegafaunaYield.xml,"/Defs/ThingDef[defName=""Fanback""]/statBases/BoneAmount"
Jawa Doctrine Patches,mandrake.jawa.doctrine,Patches/MegafaunaYield.xml,"/Defs/ThingDef[defName=""Fanback""]/statBases"
Jawa Doctrine Patches,mandrake.jawa.doctrine,Patches/MegafaunaYield.xml,"/Defs/ThingDef[defName=""FeralGrazer""]/statBases/MeatAmount"
Jawa Doctrine Patches,mandrake.jawa.doctrine,Patches/MegafaunaYield.xml,"/Defs/ThingDef[defName=""FeralGrazer""]/statBases/MeatAmount"
Jawa Doctrine Patches,mandrake.jawa.doctrine,Patches/MegafaunaYield.xml,"/Defs/ThingDef[defName=""FeralGrazer""]/statBases"
Jawa Doctrine Patches,mandrake.jawa.doctrine,Patches/MegafaunaYield.xml,"/Defs/ThingDef[defName=""FeralGrazer""]/statBases/BoneAmount"
Jawa Doctrine Patches,mandrake.jawa.doctrine,Patches/MegafaunaYield.xml,"/Defs/ThingDef[defName=""FeralGrazer""]/statBases/BoneAmount"
Jawa Doctrine Patches,mandrake.jawa.doctrine,Patches/MegafaunaYield.xml,"/Defs/ThingDef[defName=""FeralGrazer""]/statBases"
Jawa Doctrine Patches,mandrake.jawa.doctrine,Patches/MegafaunaYield.xml,"/Defs/ThingDef[defName=""Gelagrub""]/statBases/MeatAmount"
Jawa Doctrine Patches,mandrake.jawa.doctrine,Patches/MegafaunaYield.xml,"/Defs/ThingDef[defName=""Gelagrub""]/statBases/MeatAmount"
Jawa Doctrine Patches,mandrake.jawa.doctrine,Patches/MegafaunaYield.xml,"/Defs/ThingDef[defName=""Gelagrub""]/statBases"
Jawa Doctrine Patches,mandrake.jawa.doctrine,Patches/MegafaunaYield.xml,"/Defs/ThingDef[defName=""Gelagrub""]/statBases/BoneAmount"
Jawa Doctrine Patches,mandrake.jawa.doctrine,Patches/MegafaunaYield.xml,"/Defs/ThingDef[defName=""Gelagrub""]/statBases/BoneAmount"
Jawa Doctrine Patches,mandrake.jawa.doctrine,Patches/MegafaunaYield.xml,"/Defs/ThingDef[defName=""Gelagrub""]/statBases"
Jawa Doctrine Patches,mandrake.jawa.doctrine,Patches/MegafaunaYield.xml,"/Defs/ThingDef[defName=""Grazer""]/statBases/MeatAmount"
Jawa Doctrine Patches,mandrake.jawa.doctrine,Patches/MegafaunaYield.xml,"/Defs/ThingDef[defName=""Grazer""]/statBases/MeatAmount"
Jawa Doctrine Patches,mandrake.jawa.doctrine,Patches/MegafaunaYield.xml,"/Defs/ThingDef[defName=""Grazer""]/statBases"
Jawa Doctrine Patches,mandrake.jawa.doctrine,Patches/MegafaunaYield.xml,"/Defs/ThingDef[defName=""Grazer""]/statBases/BoneAmount"
Jawa Doctrine Patches,mandrake.jawa.doctrine,Patches/MegafaunaYield.xml,"/Defs/ThingDef[defName=""Grazer""]/statBases/BoneAmount"
Jawa Doctrine Patches,mandrake.jawa.doctrine,Patches/MegafaunaYield.xml,"/Defs/ThingDef[defName=""Grazer""]/statBases"
Jawa Doctrine Patches,mandrake.jawa.doctrine,Patches/MegafaunaYield.xml,"/Defs/ThingDef[defName=""GreaterKraytDragon""]/statBases/MeatAmount"
Jawa Doctrine Patches,mandrake.jawa.doctrine,Patches/MegafaunaYield.xml,"/Defs/ThingDef[defName=""GreaterKraytDragon""]/statBases/MeatAmount"
Jawa Doctrine Patches,mandrake.jawa.doctrine,Patches/MegafaunaYield.xml,"/Defs/ThingDef[defName=""GreaterKraytDragon""]/statBases"
Jawa Doctrine Patches,mandrake.jawa.doctrine,Patches/MegafaunaYield.xml,"/Defs/ThingDef[defName=""GreaterKraytDragon""]/statBases/BoneAmount"
Jawa Doctrine Patches,mandrake.jawa.doctrine,Patches/MegafaunaYield.xml,"/Defs/ThingDef[defName=""GreaterKraytDragon""]/statBases/BoneAmount"
Jawa Doctrine Patches,mandrake.jawa.doctrine,Patches/MegafaunaYield.xml,"/Defs/ThingDef[defName=""GreaterKraytDragon""]/statBases"
Jawa Doctrine Patches,mandrake.jawa.doctrine,Patches/MegafaunaYield.xml,"/Defs/ThingDef[defName=""Gualaar""]/statBases/MeatAmount"
Jawa Doctrine Patches,mandrake.jawa.doctrine,Patches/MegafaunaYield.xml,"/Defs/ThingDef[defName=""Gualaar""]/statBases/MeatAmount"
Jawa Doctrine Patches,mandrake.jawa.doctrine,Patches/MegafaunaYield.xml,"/Defs/ThingDef[defName=""Gualaar""]/statBases"
Jawa Doctrine Patches,mandrake.jawa.doctrine,Patches/MegafaunaYield.xml,"/Defs/ThingDef[defName=""Gualaar""]/statBases/BoneAmount"
Jawa Doctrine Patches,mandrake.jawa.doctrine,Patches/MegafaunaYield.xml,"/Defs/ThingDef[defName=""Gualaar""]/statBases/BoneAmount"
Jawa Doctrine Patches,mandrake.jawa.doctrine,Patches/MegafaunaYield.xml,"/Defs/ThingDef[defName=""Gualaar""]/statBases"
Jawa Doctrine Patches,mandrake.jawa.doctrine,Patches/MegafaunaYield.xml,"/Defs/ThingDef[defName=""Gundark""]/statBases/MeatAmount"
Jawa Doctrine Patches,mandrake.jawa.doctrine,Patches/MegafaunaYield.xml,"/Defs/ThingDef[defName=""Gundark""]/statBases/MeatAmount"
Jawa Doctrine Patches,mandrake.jawa.doctrine,Patches/MegafaunaYield.xml,"/Defs/ThingDef[defName=""Gundark""]/statBases"
Jawa Doctrine Patches,mandrake.jawa.doctrine,Patches/MegafaunaYield.xml,"/Defs/ThingDef[defName=""Gundark""]/statBases/BoneAmount"
Jawa Doctrine Patches,mandrake.jawa.doctrine,Patches/MegafaunaYield.xml,"/Defs/ThingDef[defName=""Gundark""]/statBases/BoneAmount"
Jawa Doctrine Patches,mandrake.jawa.doctrine,Patches/MegafaunaYield.xml,"/Defs/ThingDef[defName=""Gundark""]/statBases"
Jawa Doctrine Patches,mandrake.jawa.doctrine,Patches/MegafaunaYield.xml,"/Defs/ThingDef[defName=""Gutkurr""]/statBases/MeatAmount"
Jawa Doctrine Patches,mandrake.jawa.doctrine,Patches/MegafaunaYield.xml,"/Defs/ThingDef[defName=""Gutkurr""]/statBases/MeatAmount"
Jawa Doctrine Patches,mandrake.jawa.doctrine,Patches/MegafaunaYield.xml,"/Defs/ThingDef[defName=""Gutkurr""]/statBases"
Jawa Doctrine Patches,mandrake.jawa.doctrine,Patches/MegafaunaYield.xml,"/Defs/ThingDef[defName=""Gutkurr""]/statBases/BoneAmount"
Jawa Doctrine Patches,mandrake.jawa.doctrine,Patches/MegafaunaYield.xml,"/Defs/ThingDef[defName=""Gutkurr""]/statBases/BoneAmount"
Jawa Doctrine Patches,mandrake.jawa.doctrine,Patches/MegafaunaYield.xml,"/Defs/ThingDef[defName=""Gutkurr""]/statBases"
Jawa Doctrine Patches,mandrake.jawa.doctrine,Patches/MegafaunaYield.xml,"/Defs/ThingDef[defName=""HarvesterBeetle""]/statBases/MeatAmount"
Jawa Doctrine Patches,mandrake.jawa.doctrine,Patches/MegafaunaYield.xml,"/Defs/ThingDef[defName=""HarvesterBeetle""]/statBases/MeatAmount"
Jawa Doctrine Patches,mandrake.jawa.doctrine,Patches/MegafaunaYield.xml,"/Defs/ThingDef[defName=""HarvesterBeetle""]/statBases"
Jawa Doctrine Patches,mandrake.jawa.doctrine,Patches/MegafaunaYield.xml,"/Defs/ThingDef[defName=""HarvesterBeetle""]/statBases/BoneAmount"
Jawa Doctrine Patches,mandrake.jawa.doctrine,Patches/MegafaunaYield.xml,"/Defs/ThingDef[defName=""HarvesterBeetle""]/statBases/BoneAmount"
Jawa Doctrine Patches,mandrake.jawa.doctrine,Patches/MegafaunaYield.xml,"/Defs/ThingDef[defName=""HarvesterBeetle""]/statBases"
Jawa Doctrine Patches,mandrake.jawa.doctrine,Patches/MegafaunaYield.xml,"/Defs/ThingDef[defName=""Hawkbat""]/statBases/MeatAmount"
Jawa Doctrine Patches,mandrake.jawa.doctrine,Patches/MegafaunaYield.xml,"/Defs/ThingDef[defName=""Hawkbat""]/statBases/MeatAmount"
Jawa Doctrine Patches,mandrake.jawa.doctrine,Patches/MegafaunaYield.xml,"/Defs/ThingDef[defName=""Hawkbat""]/statBases"
Jawa Doctrine Patches,mandrake.jawa.doctrine,Patches/MegafaunaYield.xml,"/Defs/ThingDef[defName=""Hawkbat""]/statBases/BoneAmount"
Jawa Doctrine Patches,mandrake.jawa.doctrine,Patches/MegafaunaYield.xml,"/Defs/ThingDef[defName=""Hawkbat""]/statBases/BoneAmount"
Jawa Doctrine Patches,mandrake.jawa.doctrine,Patches/MegafaunaYield.xml,"/Defs/ThingDef[defName=""Hawkbat""]/statBases"
Jawa Doctrine Patches,mandrake.jawa.doctrine,Patches/MegafaunaYield.xml,"/Defs/ThingDef[defName=""Horax""]/statBases/MeatAmount"
Jawa Doctrine Patches,mandrake.jawa.doctrine,Patches/MegafaunaYield.xml,"/Defs/ThingDef[defName=""Horax""]/statBases/MeatAmount"
Jawa Doctrine Patches,mandrake.jawa.doctrine,Patches/MegafaunaYield.xml,"/Defs/ThingDef[defName=""Horax""]/statBases"
Jawa Doctrine Patches,mandrake.jawa.doctrine,Patches/MegafaunaYield.xml,"/Defs/ThingDef[defName=""Horax""]/statBases/BoneAmount"
Jawa Doctrine Patches,mandrake.jawa.doctrine,Patches/MegafaunaYield.xml,"/Defs/ThingDef[defName=""Horax""]/statBases/BoneAmount"
Jawa Doctrine Patches,mandrake.jawa.doctrine,Patches/MegafaunaYield.xml,"/Defs/ThingDef[defName=""Horax""]/statBases"
Jawa Doctrine Patches,mandrake.jawa.doctrine,Patches/MegafaunaYield.xml,"/Defs/ThingDef[defName=""Hrumph""]/statBases/MeatAmount"
Jawa Doctrine Patches,mandrake.jawa.doctrine,Patches/MegafaunaYield.xml,"/Defs/ThingDef[defName=""Hrumph""]/statBases/MeatAmount"
Jawa Doctrine Patches,mandrake.jawa.doctrine,Patches/MegafaunaYield.xml,"/Defs/ThingDef[defName=""Hrumph""]/statBases"
Jawa Doctrine Patches,mandrake.jawa.doctrine,Patches/MegafaunaYield.xml,"/Defs/ThingDef[defName=""Hrumph""]/statBases/BoneAmount"
Jawa Doctrine Patches,mandrake.jawa.doctrine,Patches/MegafaunaYield.xml,"/Defs/ThingDef[defName=""Hrumph""]/statBases/BoneAmount"
Jawa Doctrine Patches,mandrake.jawa.doctrine,Patches/MegafaunaYield.xml,"/Defs/ThingDef[defName=""Hrumph""]/statBases"
Jawa Doctrine Patches,mandrake.jawa.doctrine,Patches/MegafaunaYield.xml,"/Defs/ThingDef[defName=""Hssiss""]/statBases/MeatAmount"
Jawa Doctrine Patches,mandrake.jawa.doctrine,Patches/MegafaunaYield.xml,"/Defs/ThingDef[defName=""Hssiss""]/statBases/MeatAmount"
Jawa Doctrine Patches,mandrake.jawa.doctrine,Patches/MegafaunaYield.xml,"/Defs/ThingDef[defName=""Hssiss""]/statBases"
Jawa Doctrine Patches,mandrake.jawa.doctrine,Patches/MegafaunaYield.xml,"/Defs/ThingDef[defName=""Hssiss""]/statBases/BoneAmount"
Jawa Doctrine Patches,mandrake.jawa.doctrine,Patches/MegafaunaYield.xml,"/Defs/ThingDef[defName=""Hssiss""]/statBases/BoneAmount"
Jawa Doctrine Patches,mandrake.jawa.doctrine,Patches/MegafaunaYield.xml,"/Defs/ThingDef[defName=""Hssiss""]/statBases"
Jawa Doctrine Patches,mandrake.jawa.doctrine,Patches/MegafaunaYield.xml,"/Defs/ThingDef[defName=""Insectomorph""]/statBases/MeatAmount"
Jawa Doctrine Patches,mandrake.jawa.doctrine,Patches/MegafaunaYield.xml,"/Defs/ThingDef[defName=""Insectomorph""]/statBases/MeatAmount"
Jawa Doctrine Patches,mandrake.jawa.doctrine,Patches/MegafaunaYield.xml,"/Defs/ThingDef[defName=""Insectomorph""]/statBases"
Jawa Doctrine Patches,mandrake.jawa.doctrine,Patches/MegafaunaYield.xml,"/Defs/ThingDef[defName=""Insectomorph""]/statBases/BoneAmount"
Jawa Doctrine Patches,mandrake.jawa.doctrine,Patches/MegafaunaYield.xml,"/Defs/ThingDef[defName=""Insectomorph""]/statBases/BoneAmount"
Jawa Doctrine Patches,mandrake.jawa.doctrine,Patches/MegafaunaYield.xml,"/Defs/ThingDef[defName=""Insectomorph""]/statBases"
Jawa Doctrine Patches,mandrake.jawa.doctrine,Patches/MegafaunaYield.xml,"/Defs/ThingDef[defName=""IridonianReek""]/statBases/MeatAmount"
Jawa Doctrine Patches,mandrake.jawa.doctrine,Patches/MegafaunaYield.xml,"/Defs/ThingDef[defName=""IridonianReek""]/statBases/MeatAmount"
Jawa Doctrine Patches,mandrake.jawa.doctrine,Patches/MegafaunaYield.xml,"/Defs/ThingDef[defName=""IridonianReek""]/statBases"
Jawa Doctrine Patches,mandrake.jawa.doctrine,Patches/MegafaunaYield.xml,"/Defs/ThingDef[defName=""IridonianReek""]/statBases/BoneAmount"
Jawa Doctrine Patches,mandrake.jawa.doctrine,Patches/MegafaunaYield.xml,"/Defs/ThingDef[defName=""IridonianReek""]/statBases/BoneAmount"
Jawa Doctrine Patches,mandrake.jawa.doctrine,Patches/MegafaunaYield.xml,"/Defs/ThingDef[defName=""IridonianReek""]/statBases"
Jawa Doctrine Patches,mandrake.jawa.doctrine,Patches/MegafaunaYield.xml,"/Defs/ThingDef[defName=""IthorianReek""]/statBases/MeatAmount"
Jawa Doctrine Patches,mandrake.jawa.doctrine,Patches/MegafaunaYield.xml,"/Defs/ThingDef[defName=""IthorianReek""]/statBases/MeatAmount"
Jawa Doctrine Patches,mandrake.jawa.doctrine,Patches/MegafaunaYield.xml,"/Defs/ThingDef[defName=""IthorianReek""]/statBases"
Jawa Doctrine Patches,mandrake.jawa.doctrine,Patches/MegafaunaYield.xml,"/Defs/ThingDef[defName=""IthorianReek""]/statBases/BoneAmount"
Jawa Doctrine Patches,mandrake.jawa.doctrine,Patches/MegafaunaYield.xml,"/Defs/ThingDef[defName=""IthorianReek""]/statBases/BoneAmount"
Jawa Doctrine Patches,mandrake.jawa.doctrine,Patches/MegafaunaYield.xml,"/Defs/ThingDef[defName=""IthorianReek""]/statBases"
Jawa Doctrine Patches,mandrake.jawa.doctrine,Patches/MegafaunaYield.xml,"/Defs/ThingDef[defName=""Jakobeast""]/statBases/MeatAmount"
Jawa Doctrine Patches,mandrake.jawa.doctrine,Patches/MegafaunaYield.xml,"/Defs/ThingDef[defName=""Jakobeast""]/statBases/MeatAmount"
Jawa Doctrine Patches,mandrake.jawa.doctrine,Patches/MegafaunaYield.xml,"/Defs/ThingDef[defName=""Jakobeast""]/statBases"
Jawa Doctrine Patches,mandrake.jawa.doctrine,Patches/MegafaunaYield.xml,"/Defs/ThingDef[defName=""Jakobeast""]/statBases/BoneAmount"
Jawa Doctrine Patches,mandrake.jawa.doctrine,Patches/MegafaunaYield.xml,"/Defs/ThingDef[defName=""Jakobeast""]/statBases/BoneAmount"
Jawa Doctrine Patches,mandrake.jawa.doctrine,Patches/MegafaunaYield.xml,"/Defs/ThingDef[defName=""Jakobeast""]/statBases"
Jawa Doctrine Patches,mandrake.jawa.doctrine,Patches/MegafaunaYield.xml,"/Defs/ThingDef[defName=""Jamel""]/statBases/MeatAmount"
Jawa Doctrine Patches,mandrake.jawa.doctrine,Patches/MegafaunaYield.xml,"/Defs/ThingDef[defName=""Jamel""]/statBases/MeatAmount"
Jawa Doctrine Patches,mandrake.jawa.doctrine,Patches/MegafaunaYield.xml,"/Defs/ThingDef[defName=""Jamel""]/statBases"
Jawa Doctrine Patches,mandrake.jawa.doctrine,Patches/MegafaunaYield.xml,"/Defs/ThingDef[defName=""Jamel""]/statBases/BoneAmount"
Jawa Doctrine Patches,mandrake.jawa.doctrine,Patches/MegafaunaYield.xml,"/Defs/ThingDef[defName=""Jamel""]/statBases/BoneAmount"
Jawa Doctrine Patches,mandrake.jawa.doctrine,Patches/MegafaunaYield.xml,"/Defs/ThingDef[defName=""Jamel""]/statBases"
Jawa Doctrine Patches,mandrake.jawa.doctrine,Patches/MegafaunaYield.xml,"/Defs/ThingDef[defName=""Jimvu""]/statBases/MeatAmount"
Jawa Doctrine Patches,mandrake.jawa.doctrine,Patches/MegafaunaYield.xml,"/Defs/ThingDef[defName=""Jimvu""]/statBases/MeatAmount"
Jawa Doctrine Patches,mandrake.jawa.doctrine,Patches/MegafaunaYield.xml,"/Defs/ThingDef[defName=""Jimvu""]/statBases"
Jawa Doctrine Patches,mandrake.jawa.doctrine,Patches/MegafaunaYield.xml,"/Defs/ThingDef[defName=""Jimvu""]/statBases/BoneAmount"
Jawa Doctrine Patches,mandrake.jawa.doctrine,Patches/MegafaunaYield.xml,"/Defs/ThingDef[defName=""Jimvu""]/statBases/BoneAmount"
Jawa Doctrine Patches,mandrake.jawa.doctrine,Patches/MegafaunaYield.xml,"/Defs/ThingDef[defName=""Jimvu""]/statBases"
Jawa Doctrine Patches,mandrake.jawa.doctrine,Patches/MegafaunaYield.xml,"/Defs/ThingDef[defName=""JungleRancor""]/statBases/MeatAmount"
Jawa Doctrine Patches,mandrake.jawa.doctrine,Patches/MegafaunaYield.xml,"/Defs/ThingDef[defName=""JungleRancor""]/statBases/MeatAmount"
Jawa Doctrine Patches,mandrake.jawa.doctrine,Patches/MegafaunaYield.xml,"/Defs/ThingDef[defName=""JungleRancor""]/statBases"
Jawa Doctrine Patches,mandrake.jawa.doctrine,Patches/MegafaunaYield.xml,"/Defs/ThingDef[defName=""JungleRancor""]/statBases/BoneAmount"
Jawa Doctrine Patches,mandrake.jawa.doctrine,Patches/MegafaunaYield.xml,"/Defs/ThingDef[defName=""JungleRancor""]/statBases/BoneAmount"
Jawa Doctrine Patches,mandrake.jawa.doctrine,Patches/MegafaunaYield.xml,"/Defs/ThingDef[defName=""JungleRancor""]/statBases"
Jawa Doctrine Patches,mandrake.jawa.doctrine,Patches/MegafaunaYield.xml,"/Defs/ThingDef[defName=""Kaadu""]/statBases/MeatAmount"
Jawa Doctrine Patches,mandrake.jawa.doctrine,Patches/MegafaunaYield.xml,"/Defs/ThingDef[defName=""Kaadu""]/statBases/MeatAmount"
Jawa Doctrine Patches,mandrake.jawa.doctrine,Patches/MegafaunaYield.xml,"/Defs/ThingDef[defName=""Kaadu""]/statBases"
Jawa Doctrine Patches,mandrake.jawa.doctrine,Patches/MegafaunaYield.xml,"/Defs/ThingDef[defName=""Kaadu""]/statBases/BoneAmount"
Jawa Doctrine Patches,mandrake.jawa.doctrine,Patches/MegafaunaYield.xml,"/Defs/ThingDef[defName=""Kaadu""]/statBases/BoneAmount"
Jawa Doctrine Patches,mandrake.jawa.doctrine,Patches/MegafaunaYield.xml,"/Defs/ThingDef[defName=""Kaadu""]/statBases"
Jawa Doctrine Patches,mandrake.jawa.doctrine,Patches/MegafaunaYield.xml,"/Defs/ThingDef[defName=""Katarn""]/statBases/MeatAmount"
Jawa Doctrine Patches,mandrake.jawa.doctrine,Patches/MegafaunaYield.xml,"/Defs/ThingDef[defName=""Katarn""]/statBases/MeatAmount"
Jawa Doctrine Patches,mandrake.jawa.doctrine,Patches/MegafaunaYield.xml,"/Defs/ThingDef[defName=""Katarn""]/statBases"
Jawa Doctrine Patches,mandrake.jawa.doctrine,Patches/MegafaunaYield.xml,"/Defs/ThingDef[defName=""Katarn""]/statBases/BoneAmount"
Jawa Doctrine Patches,mandrake.jawa.doctrine,Patches/MegafaunaYield.xml,"/Defs/ThingDef[defName=""Katarn""]/statBases/BoneAmount"
Jawa Doctrine Patches,mandrake.jawa.doctrine,Patches/MegafaunaYield.xml,"/Defs/ThingDef[defName=""Katarn""]/statBases"
Jawa Doctrine Patches,mandrake.jawa.doctrine,Patches/MegafaunaYield.xml,"/Defs/ThingDef[defName=""KellDragon""]/statBases/MeatAmount"
Jawa Doctrine Patches,mandrake.jawa.doctrine,Patches/MegafaunaYield.xml,"/Defs/ThingDef[defName=""KellDragon""]/statBases/MeatAmount"
Jawa Doctrine Patches,mandrake.jawa.doctrine,Patches/MegafaunaYield.xml,"/Defs/ThingDef[defName=""KellDragon""]/statBases"
Jawa Doctrine Patches,mandrake.jawa.doctrine,Patches/MegafaunaYield.xml,"/Defs/ThingDef[defName=""KellDragon""]/statBases/BoneAmount"
Jawa Doctrine Patches,mandrake.jawa.doctrine,Patches/MegafaunaYield.xml,"/Defs/ThingDef[defName=""KellDragon""]/statBases/BoneAmount"
Jawa Doctrine Patches,mandrake.jawa.doctrine,Patches/MegafaunaYield.xml,"/Defs/ThingDef[defName=""KellDragon""]/statBases"
Jawa Doctrine Patches,mandrake.jawa.doctrine,Patches/MegafaunaYield.xml,"/Defs/ThingDef[defName=""Kinrath""]/statBases/MeatAmount"
Jawa Doctrine Patches,mandrake.jawa.doctrine,Patches/MegafaunaYield.xml,"/Defs/ThingDef[defName=""Kinrath""]/statBases/MeatAmount"
Jawa Doctrine Patches,mandrake.jawa.doctrine,Patches/MegafaunaYield.xml,"/Defs/ThingDef[defName=""Kinrath""]/statBases"
Jawa Doctrine Patches,mandrake.jawa.doctrine,Patches/MegafaunaYield.xml,"/Defs/ThingDef[defName=""Kinrath""]/statBases/BoneAmount"
Jawa Doctrine Patches,mandrake.jawa.doctrine,Patches/MegafaunaYield.xml,"/Defs/ThingDef[defName=""Kinrath""]/statBases/BoneAmount"
Jawa Doctrine Patches,mandrake.jawa.doctrine,Patches/MegafaunaYield.xml,"/Defs/ThingDef[defName=""Kinrath""]/statBases"
Jawa Doctrine Patches,mandrake.jawa.doctrine,Patches/MegafaunaYield.xml,"/Defs/ThingDef[defName=""Klorslug""]/statBases/MeatAmount"
Jawa Doctrine Patches,mandrake.jawa.doctrine,Patches/MegafaunaYield.xml,"/Defs/ThingDef[defName=""Klorslug""]/statBases/MeatAmount"
Jawa Doctrine Patches,mandrake.jawa.doctrine,Patches/MegafaunaYield.xml,"/Defs/ThingDef[defName=""Klorslug""]/statBases"
Jawa Doctrine Patches,mandrake.jawa.doctrine,Patches/MegafaunaYield.xml,"/Defs/ThingDef[defName=""Klorslug""]/statBases/BoneAmount"
Jawa Doctrine Patches,mandrake.jawa.doctrine,Patches/MegafaunaYield.xml,"/Defs/ThingDef[defName=""Klorslug""]/statBases/BoneAmount"
Jawa Doctrine Patches,mandrake.jawa.doctrine,Patches/MegafaunaYield.xml,"/Defs/ThingDef[defName=""Klorslug""]/statBases"
Jawa Doctrine Patches,mandrake.jawa.doctrine,Patches/MegafaunaYield.xml,"/Defs/ThingDef[defName=""KwazelMaw""]/statBases/MeatAmount"
Jawa Doctrine Patches,mandrake.jawa.doctrine,Patches/MegafaunaYield.xml,"/Defs/ThingDef[defName=""KwazelMaw""]/statBases/MeatAmount"
Jawa Doctrine Patches,mandrake.jawa.doctrine,Patches/MegafaunaYield.xml,"/Defs/ThingDef[defName=""KwazelMaw""]/statBases"
Jawa Doctrine Patches,mandrake.jawa.doctrine,Patches/MegafaunaYield.xml,"/Defs/ThingDef[defName=""KwazelMaw""]/statBases/BoneAmount"
Jawa Doctrine Patches,mandrake.jawa.doctrine,Patches/MegafaunaYield.xml,"/Defs/ThingDef[defName=""KwazelMaw""]/statBases/BoneAmount"
Jawa Doctrine Patches,mandrake.jawa.doctrine,Patches/MegafaunaYield.xml,"/Defs/ThingDef[defName=""KwazelMaw""]/statBases"
Jawa Doctrine Patches,mandrake.jawa.doctrine,Patches/MegafaunaYield.xml,"/Defs/ThingDef[defName=""Kwi""]/statBases/MeatAmount"
Jawa Doctrine Patches,mandrake.jawa.doctrine,Patches/MegafaunaYield.xml,"/Defs/ThingDef[defName=""Kwi""]/statBases/MeatAmount"
Jawa Doctrine Patches,mandrake.jawa.doctrine,Patches/MegafaunaYield.xml,"/Defs/ThingDef[defName=""Kwi""]/statBases"
Jawa Doctrine Patches,mandrake.jawa.doctrine,Patches/MegafaunaYield.xml,"/Defs/ThingDef[defName=""Kwi""]/statBases/BoneAmount"
Jawa Doctrine Patches,mandrake.jawa.doctrine,Patches/MegafaunaYield.xml,"/Defs/ThingDef[defName=""Kwi""]/statBases/BoneAmount"
Jawa Doctrine Patches,mandrake.jawa.doctrine,Patches/MegafaunaYield.xml,"/Defs/ThingDef[defName=""Kwi""]/statBases"
Jawa Doctrine Patches,mandrake.jawa.doctrine,Patches/MegafaunaYield.xml,"/Defs/ThingDef[defName=""LavaFlea""]/statBases/MeatAmount"
Jawa Doctrine Patches,mandrake.jawa.doctrine,Patches/MegafaunaYield.xml,"/Defs/ThingDef[defName=""LavaFlea""]/statBases/MeatAmount"
Jawa Doctrine Patches,mandrake.jawa.doctrine,Patches/MegafaunaYield.xml,"/Defs/ThingDef[defName=""LavaFlea""]/statBases"
Jawa Doctrine Patches,mandrake.jawa.doctrine,Patches/MegafaunaYield.xml,"/Defs/ThingDef[defName=""LavaFlea""]/statBases/BoneAmount"
Jawa Doctrine Patches,mandrake.jawa.doctrine,Patches/MegafaunaYield.xml,"/Defs/ThingDef[defName=""LavaFlea""]/statBases/BoneAmount"
Jawa Doctrine Patches,mandrake.jawa.doctrine,Patches/MegafaunaYield.xml,"/Defs/ThingDef[defName=""LavaFlea""]/statBases"
Jawa Doctrine Patches,mandrake.jawa.doctrine,Patches/MegafaunaYield.xml,"/Defs/ThingDef[defName=""LothWolf""]/statBases/MeatAmount"
Jawa Doctrine Patches,mandrake.jawa.doctrine,Patches/MegafaunaYield.xml,"/Defs/ThingDef[defName=""LothWolf""]/statBases/MeatAmount"
Jawa Doctrine Patches,mandrake.jawa.doctrine,Patches/MegafaunaYield.xml,"/Defs/ThingDef[defName=""LothWolf""]/statBases"
Jawa Doctrine Patches,mandrake.jawa.doctrine,Patches/MegafaunaYield.xml,"/Defs/ThingDef[defName=""LothWolf""]/statBases/BoneAmount"
Jawa Doctrine Patches,mandrake.jawa.doctrine,Patches/MegafaunaYield.xml,"/Defs/ThingDef[defName=""LothWolf""]/statBases/BoneAmount"
Jawa Doctrine Patches,mandrake.jawa.doctrine,Patches/MegafaunaYield.xml,"/Defs/ThingDef[defName=""LothWolf""]/statBases"
Jawa Doctrine Patches,mandrake.jawa.doctrine,Patches/MegafaunaYield.xml,"/Defs/ThingDef[defName=""Lylek""]/statBases/MeatAmount"
Jawa Doctrine Patches,mandrake.jawa.doctrine,Patches/MegafaunaYield.xml,"/Defs/ThingDef[defName=""Lylek""]/statBases/MeatAmount"
Jawa Doctrine Patches,mandrake.jawa.doctrine,Patches/MegafaunaYield.xml,"/Defs/ThingDef[defName=""Lylek""]/statBases"
Jawa Doctrine Patches,mandrake.jawa.doctrine,Patches/MegafaunaYield.xml,"/Defs/ThingDef[defName=""Lylek""]/statBases/BoneAmount"
Jawa Doctrine Patches,mandrake.jawa.doctrine,Patches/MegafaunaYield.xml,"/Defs/ThingDef[defName=""Lylek""]/statBases/BoneAmount"
Jawa Doctrine Patches,mandrake.jawa.doctrine,Patches/MegafaunaYield.xml,"/Defs/ThingDef[defName=""Lylek""]/statBases"
Jawa Doctrine Patches,mandrake.jawa.doctrine,Patches/MegafaunaYield.xml,"/Defs/ThingDef[defName=""Maalraas""]/statBases/MeatAmount"
Jawa Doctrine Patches,mandrake.jawa.doctrine,Patches/MegafaunaYield.xml,"/Defs/ThingDef[defName=""Maalraas""]/statBases/MeatAmount"
Jawa Doctrine Patches,mandrake.jawa.doctrine,Patches/MegafaunaYield.xml,"/Defs/ThingDef[defName=""Maalraas""]/statBases"
Jawa Doctrine Patches,mandrake.jawa.doctrine,Patches/MegafaunaYield.xml,"/Defs/ThingDef[defName=""Maalraas""]/statBases/BoneAmount"
Jawa Doctrine Patches,mandrake.jawa.doctrine,Patches/MegafaunaYield.xml,"/Defs/ThingDef[defName=""Maalraas""]/statBases/BoneAmount"
Jawa Doctrine Patches,mandrake.jawa.doctrine,Patches/MegafaunaYield.xml,"/Defs/ThingDef[defName=""Maalraas""]/statBases"
Jawa Doctrine Patches,mandrake.jawa.doctrine,Patches/MegafaunaYield.xml,"/Defs/ThingDef[defName=""Manka""]/statBases/MeatAmount"
Jawa Doctrine Patches,mandrake.jawa.doctrine,Patches/MegafaunaYield.xml,"/Defs/ThingDef[defName=""Manka""]/statBases/MeatAmount"
Jawa Doctrine Patches,mandrake.jawa.doctrine,Patches/MegafaunaYield.xml,"/Defs/ThingDef[defName=""Manka""]/statBases"
Jawa Doctrine Patches,mandrake.jawa.doctrine,Patches/MegafaunaYield.xml,"/Defs/ThingDef[defName=""Manka""]/statBases/BoneAmount"
Jawa Doctrine Patches,mandrake.jawa.doctrine,Patches/MegafaunaYield.xml,"/Defs/ThingDef[defName=""Manka""]/statBases/BoneAmount"
Jawa Doctrine Patches,mandrake.jawa.doctrine,Patches/MegafaunaYield.xml,"/Defs/ThingDef[defName=""Manka""]/statBases"
Jawa Doctrine Patches,mandrake.jawa.doctrine,Patches/MegafaunaYield.xml,"/Defs/ThingDef[defName=""MarshHaunt""]/statBases/MeatAmount"
Jawa Doctrine Patches,mandrake.jawa.doctrine,Patches/MegafaunaYield.xml,"/Defs/ThingDef[defName=""MarshHaunt""]/statBases/MeatAmount"
Jawa Doctrine Patches,mandrake.jawa.doctrine,Patches/MegafaunaYield.xml,"/Defs/ThingDef[defName=""MarshHaunt""]/statBases"
Jawa Doctrine Patches,mandrake.jawa.doctrine,Patches/MegafaunaYield.xml,"/Defs/ThingDef[defName=""MarshHaunt""]/statBases/BoneAmount"
Jawa Doctrine Patches,mandrake.jawa.doctrine,Patches/MegafaunaYield.xml,"/Defs/ThingDef[defName=""MarshHaunt""]/statBases/BoneAmount"
Jawa Doctrine Patches,mandrake.jawa.doctrine,Patches/MegafaunaYield.xml,"/Defs/ThingDef[defName=""MarshHaunt""]/statBases"
Jawa Doctrine Patches,mandrake.jawa.doctrine,Patches/MegafaunaYield.xml,"/Defs/ThingDef[defName=""MastiffPhalone""]/statBases/MeatAmount"
Jawa Doctrine Patches,mandrake.jawa.doctrine,Patches/MegafaunaYield.xml,"/Defs/ThingDef[defName=""MastiffPhalone""]/statBases/MeatAmount"
Jawa Doctrine Patches,mandrake.jawa.doctrine,Patches/MegafaunaYield.xml,"/Defs/ThingDef[defName=""MastiffPhalone""]/statBases"
Jawa Doctrine Patches,mandrake.jawa.doctrine,Patches/MegafaunaYield.xml,"/Defs/ThingDef[defName=""MastiffPhalone""]/statBases/BoneAmount"
Jawa Doctrine Patches,mandrake.jawa.doctrine,Patches/MegafaunaYield.xml,"/Defs/ThingDef[defName=""MastiffPhalone""]/statBases/BoneAmount"
Jawa Doctrine Patches,mandrake.jawa.doctrine,Patches/MegafaunaYield.xml,"/Defs/ThingDef[defName=""MastiffPhalone""]/statBases"
Jawa Doctrine Patches,mandrake.jawa.doctrine,Patches/MegafaunaYield.xml,"/Defs/ThingDef[defName=""Mastmot""]/statBases/MeatAmount"
Jawa Doctrine Patches,mandrake.jawa.doctrine,Patches/MegafaunaYield.xml,"/Defs/ThingDef[defName=""Mastmot""]/statBases/MeatAmount"
Jawa Doctrine Patches,mandrake.jawa.doctrine,Patches/MegafaunaYield.xml,"/Defs/ThingDef[defName=""Mastmot""]/statBases"
Jawa Doctrine Patches,mandrake.jawa.doctrine,Patches/MegafaunaYield.xml,"/Defs/ThingDef[defName=""Mastmot""]/statBases/BoneAmount"
Jawa Doctrine Patches,mandrake.jawa.doctrine,Patches/MegafaunaYield.xml,"/Defs/ThingDef[defName=""Mastmot""]/statBases/BoneAmount"
Jawa Doctrine Patches,mandrake.jawa.doctrine,Patches/MegafaunaYield.xml,"/Defs/ThingDef[defName=""Mastmot""]/statBases"
Jawa Doctrine Patches,mandrake.jawa.doctrine,Patches/MegafaunaYield.xml,"/Defs/ThingDef[defName=""Mawvorr""]/statBases/MeatAmount"
Jawa Doctrine Patches,mandrake.jawa.doctrine,Patches/MegafaunaYield.xml,"/Defs/ThingDef[defName=""Mawvorr""]/statBases/MeatAmount"
Jawa Doctrine Patches,mandrake.jawa.doctrine,Patches/MegafaunaYield.xml,"/Defs/ThingDef[defName=""Mawvorr""]/statBases"
Jawa Doctrine Patches,mandrake.jawa.doctrine,Patches/MegafaunaYield.xml,"/Defs/ThingDef[defName=""Mawvorr""]/statBases/BoneAmount"
Jawa Doctrine Patches,mandrake.jawa.doctrine,Patches/MegafaunaYield.xml,"/Defs/ThingDef[defName=""Mawvorr""]/statBases/BoneAmount"
Jawa Doctrine Patches,mandrake.jawa.doctrine,Patches/MegafaunaYield.xml,"/Defs/ThingDef[defName=""Mawvorr""]/statBases"
Jawa Doctrine Patches,mandrake.jawa.doctrine,Patches/MegafaunaYield.xml,"/Defs/ThingDef[defName=""Mudhorn""]/statBases/MeatAmount"
Jawa Doctrine Patches,mandrake.jawa.doctrine,Patches/MegafaunaYield.xml,"/Defs/ThingDef[defName=""Mudhorn""]/statBases/MeatAmount"
Jawa Doctrine Patches,mandrake.jawa.doctrine,Patches/MegafaunaYield.xml,"/Defs/ThingDef[defName=""Mudhorn""]/statBases"
Jawa Doctrine Patches,mandrake.jawa.doctrine,Patches/MegafaunaYield.xml,"/Defs/ThingDef[defName=""Mudhorn""]/statBases/BoneAmount"
Jawa Doctrine Patches,mandrake.jawa.doctrine,Patches/MegafaunaYield.xml,"/Defs/ThingDef[defName=""Mudhorn""]/statBases/BoneAmount"
Jawa Doctrine Patches,mandrake.jawa.doctrine,Patches/MegafaunaYield.xml,"/Defs/ThingDef[defName=""Mudhorn""]/statBases"
Jawa Doctrine Patches,mandrake.jawa.doctrine,Patches/MegafaunaYield.xml,"/Defs/ThingDef[defName=""Narglatch""]/statBases/MeatAmount"
Jawa Doctrine Patches,mandrake.jawa.doctrine,Patches/MegafaunaYield.xml,"/Defs/ThingDef[defName=""Narglatch""]/statBases/MeatAmount"
Jawa Doctrine Patches,mandrake.jawa.doctrine,Patches/MegafaunaYield.xml,"/Defs/ThingDef[defName=""Narglatch""]/statBases"
Jawa Doctrine Patches,mandrake.jawa.doctrine,Patches/MegafaunaYield.xml,"/Defs/ThingDef[defName=""Narglatch""]/statBases/BoneAmount"
Jawa Doctrine Patches,mandrake.jawa.doctrine,Patches/MegafaunaYield.xml,"/Defs/ThingDef[defName=""Narglatch""]/statBases/BoneAmount"
Jawa Doctrine Patches,mandrake.jawa.doctrine,Patches/MegafaunaYield.xml,"/Defs/ThingDef[defName=""Narglatch""]/statBases"
Jawa Doctrine Patches,mandrake.jawa.doctrine,Patches/MegafaunaYield.xml,"/Defs/ThingDef[defName=""Orray""]/statBases/MeatAmount"
Jawa Doctrine Patches,mandrake.jawa.doctrine,Patches/MegafaunaYield.xml,"/Defs/ThingDef[defName=""Orray""]/statBases/MeatAmount"
Jawa Doctrine Patches,mandrake.jawa.doctrine,Patches/MegafaunaYield.xml,"/Defs/ThingDef[defName=""Orray""]/statBases"
Jawa Doctrine Patches,mandrake.jawa.doctrine,Patches/MegafaunaYield.xml,"/Defs/ThingDef[defName=""Orray""]/statBases/BoneAmount"
Jawa Doctrine Patches,mandrake.jawa.doctrine,Patches/MegafaunaYield.xml,"/Defs/ThingDef[defName=""Orray""]/statBases/BoneAmount"
Jawa Doctrine Patches,mandrake.jawa.doctrine,Patches/MegafaunaYield.xml,"/Defs/ThingDef[defName=""Orray""]/statBases"
Jawa Doctrine Patches,mandrake.jawa.doctrine,Patches/MegafaunaYield.xml,"/Defs/ThingDef[defName=""PaintedSpat""]/statBases/MeatAmount"
Jawa Doctrine Patches,mandrake.jawa.doctrine,Patches/MegafaunaYield.xml,"/Defs/ThingDef[defName=""PaintedSpat""]/statBases/MeatAmount"
Jawa Doctrine Patches,mandrake.jawa.doctrine,Patches/MegafaunaYield.xml,"/Defs/ThingDef[defName=""PaintedSpat""]/statBases"
Jawa Doctrine Patches,mandrake.jawa.doctrine,Patches/MegafaunaYield.xml,"/Defs/ThingDef[defName=""PaintedSpat""]/statBases/BoneAmount"
Jawa Doctrine Patches,mandrake.jawa.doctrine,Patches/MegafaunaYield.xml,"/Defs/ThingDef[defName=""PaintedSpat""]/statBases/BoneAmount"
Jawa Doctrine Patches,mandrake.jawa.doctrine,Patches/MegafaunaYield.xml,"/Defs/ThingDef[defName=""PaintedSpat""]/statBases"
Jawa Doctrine Patches,mandrake.jawa.doctrine,Patches/MegafaunaYield.xml,"/Defs/ThingDef[defName=""PekoPeko""]/statBases/MeatAmount"
Jawa Doctrine Patches,mandrake.jawa.doctrine,Patches/MegafaunaYield.xml,"/Defs/ThingDef[defName=""PekoPeko""]/statBases/MeatAmount"
Jawa Doctrine Patches,mandrake.jawa.doctrine,Patches/MegafaunaYield.xml,"/Defs/ThingDef[defName=""PekoPeko""]/statBases"
Jawa Doctrine Patches,mandrake.jawa.doctrine,Patches/MegafaunaYield.xml,"/Defs/ThingDef[defName=""PekoPeko""]/statBases/BoneAmount"
Jawa Doctrine Patches,mandrake.jawa.doctrine,Patches/MegafaunaYield.xml,"/Defs/ThingDef[defName=""PekoPeko""]/statBases/BoneAmount"
Jawa Doctrine Patches,mandrake.jawa.doctrine,Patches/MegafaunaYield.xml,"/Defs/ThingDef[defName=""PekoPeko""]/statBases"
Jawa Doctrine Patches,mandrake.jawa.doctrine,Patches/MegafaunaYield.xml,"/Defs/ThingDef[defName=""Raxshir""]/statBases/MeatAmount"
Jawa Doctrine Patches,mandrake.jawa.doctrine,Patches/MegafaunaYield.xml,"/Defs/ThingDef[defName=""Raxshir""]/statBases/MeatAmount"
Jawa Doctrine Patches,mandrake.jawa.doctrine,Patches/MegafaunaYield.xml,"/Defs/ThingDef[defName=""Raxshir""]/statBases"
Jawa Doctrine Patches,mandrake.jawa.doctrine,Patches/MegafaunaYield.xml,"/Defs/ThingDef[defName=""Raxshir""]/statBases/BoneAmount"
Jawa Doctrine Patches,mandrake.jawa.doctrine,Patches/MegafaunaYield.xml,"/Defs/ThingDef[defName=""Raxshir""]/statBases/BoneAmount"
Jawa Doctrine Patches,mandrake.jawa.doctrine,Patches/MegafaunaYield.xml,"/Defs/ThingDef[defName=""Raxshir""]/statBases"
Jawa Doctrine Patches,mandrake.jawa.doctrine,Patches/MegafaunaYield.xml,"/Defs/ThingDef[defName=""Roggwart""]/statBases/MeatAmount"
Jawa Doctrine Patches,mandrake.jawa.doctrine,Patches/MegafaunaYield.xml,"/Defs/ThingDef[defName=""Roggwart""]/statBases/MeatAmount"
Jawa Doctrine Patches,mandrake.jawa.doctrine,Patches/MegafaunaYield.xml,"/Defs/ThingDef[defName=""Roggwart""]/statBases"
Jawa Doctrine Patches,mandrake.jawa.doctrine,Patches/MegafaunaYield.xml,"/Defs/ThingDef[defName=""Roggwart""]/statBases/BoneAmount"
Jawa Doctrine Patches,mandrake.jawa.doctrine,Patches/MegafaunaYield.xml,"/Defs/ThingDef[defName=""Roggwart""]/statBases/BoneAmount"
Jawa Doctrine Patches,mandrake.jawa.doctrine,Patches/MegafaunaYield.xml,"/Defs/ThingDef[defName=""Roggwart""]/statBases"
Jawa Doctrine Patches,mandrake.jawa.doctrine,Patches/MegafaunaYield.xml,"/Defs/ThingDef[defName=""Ronto""]/statBases/MeatAmount"
Jawa Doctrine Patches,mandrake.jawa.doctrine,Patches/MegafaunaYield.xml,"/Defs/ThingDef[defName=""Ronto""]/statBases/MeatAmount"
Jawa Doctrine Patches,mandrake.jawa.doctrine,Patches/MegafaunaYield.xml,"/Defs/ThingDef[defName=""Ronto""]/statBases"
Jawa Doctrine Patches,mandrake.jawa.doctrine,Patches/MegafaunaYield.xml,"/Defs/ThingDef[defName=""Ronto""]/statBases/BoneAmount"
Jawa Doctrine Patches,mandrake.jawa.doctrine,Patches/MegafaunaYield.xml,"/Defs/ThingDef[defName=""Ronto""]/statBases/BoneAmount"
Jawa Doctrine Patches,mandrake.jawa.doctrine,Patches/MegafaunaYield.xml,"/Defs/ThingDef[defName=""Ronto""]/statBases"
Jawa Doctrine Patches,mandrake.jawa.doctrine,Patches/MegafaunaYield.xml,"/Defs/ThingDef[defName=""Runyip""]/statBases/MeatAmount"
Jawa Doctrine Patches,mandrake.jawa.doctrine,Patches/MegafaunaYield.xml,"/Defs/ThingDef[defName=""Runyip""]/statBases/MeatAmount"
Jawa Doctrine Patches,mandrake.jawa.doctrine,Patches/MegafaunaYield.xml,"/Defs/ThingDef[defName=""Runyip""]/statBases"
Jawa Doctrine Patches,mandrake.jawa.doctrine,Patches/MegafaunaYield.xml,"/Defs/ThingDef[defName=""Runyip""]/statBases/BoneAmount"
Jawa Doctrine Patches,mandrake.jawa.doctrine,Patches/MegafaunaYield.xml,"/Defs/ThingDef[defName=""Runyip""]/statBases/BoneAmount"
Jawa Doctrine Patches,mandrake.jawa.doctrine,Patches/MegafaunaYield.xml,"/Defs/ThingDef[defName=""Runyip""]/statBases"
Jawa Doctrine Patches,mandrake.jawa.doctrine,Patches/MegafaunaYield.xml,"/Defs/ThingDef[defName=""Shaak""]/statBases/MeatAmount"
Jawa Doctrine Patches,mandrake.jawa.doctrine,Patches/MegafaunaYield.xml,"/Defs/ThingDef[defName=""Shaak""]/statBases/MeatAmount"
Jawa Doctrine Patches,mandrake.jawa.doctrine,Patches/MegafaunaYield.xml,"/Defs/ThingDef[defName=""Shaak""]/statBases"
Jawa Doctrine Patches,mandrake.jawa.doctrine,Patches/MegafaunaYield.xml,"/Defs/ThingDef[defName=""Shaak""]/statBases/BoneAmount"
Jawa Doctrine Patches,mandrake.jawa.doctrine,Patches/MegafaunaYield.xml,"/Defs/ThingDef[defName=""Shaak""]/statBases/BoneAmount"
Jawa Doctrine Patches,mandrake.jawa.doctrine,Patches/MegafaunaYield.xml,"/Defs/ThingDef[defName=""Shaak""]/statBases"
Jawa Doctrine Patches,mandrake.jawa.doctrine,Patches/MegafaunaYield.xml,"/Defs/ThingDef[defName=""Silooth""]/statBases/MeatAmount"
Jawa Doctrine Patches,mandrake.jawa.doctrine,Patches/MegafaunaYield.xml,"/Defs/ThingDef[defName=""Silooth""]/statBases/MeatAmount"
Jawa Doctrine Patches,mandrake.jawa.doctrine,Patches/MegafaunaYield.xml,"/Defs/ThingDef[defName=""Silooth""]/statBases"
Jawa Doctrine Patches,mandrake.jawa.doctrine,Patches/MegafaunaYield.xml,"/Defs/ThingDef[defName=""Silooth""]/statBases/BoneAmount"
Jawa Doctrine Patches,mandrake.jawa.doctrine,Patches/MegafaunaYield.xml,"/Defs/ThingDef[defName=""Silooth""]/statBases/BoneAmount"
Jawa Doctrine Patches,mandrake.jawa.doctrine,Patches/MegafaunaYield.xml,"/Defs/ThingDef[defName=""Silooth""]/statBases"
Jawa Doctrine Patches,mandrake.jawa.doctrine,Patches/MegafaunaYield.xml,"/Defs/ThingDef[defName=""Skalder""]/statBases/MeatAmount"
Jawa Doctrine Patches,mandrake.jawa.doctrine,Patches/MegafaunaYield.xml,"/Defs/ThingDef[defName=""Skalder""]/statBases/MeatAmount"
Jawa Doctrine Patches,mandrake.jawa.doctrine,Patches/MegafaunaYield.xml,"/Defs/ThingDef[defName=""Skalder""]/statBases"
Jawa Doctrine Patches,mandrake.jawa.doctrine,Patches/MegafaunaYield.xml,"/Defs/ThingDef[defName=""Skalder""]/statBases/BoneAmount"
Jawa Doctrine Patches,mandrake.jawa.doctrine,Patches/MegafaunaYield.xml,"/Defs/ThingDef[defName=""Skalder""]/statBases/BoneAmount"
Jawa Doctrine Patches,mandrake.jawa.doctrine,Patches/MegafaunaYield.xml,"/Defs/ThingDef[defName=""Skalder""]/statBases"
Jawa Doctrine Patches,mandrake.jawa.doctrine,Patches/MegafaunaYield.xml,"/Defs/ThingDef[defName=""TeeMuss""]/statBases/MeatAmount"
Jawa Doctrine Patches,mandrake.jawa.doctrine,Patches/MegafaunaYield.xml,"/Defs/ThingDef[defName=""TeeMuss""]/statBases/MeatAmount"
Jawa Doctrine Patches,mandrake.jawa.doctrine,Patches/MegafaunaYield.xml,"/Defs/ThingDef[defName=""TeeMuss""]/statBases"
Jawa Doctrine Patches,mandrake.jawa.doctrine,Patches/MegafaunaYield.xml,"/Defs/ThingDef[defName=""TeeMuss""]/statBases/BoneAmount"
Jawa Doctrine Patches,mandrake.jawa.doctrine,Patches/MegafaunaYield.xml,"/Defs/ThingDef[defName=""TeeMuss""]/statBases/BoneAmount"
Jawa Doctrine Patches,mandrake.jawa.doctrine,Patches/MegafaunaYield.xml,"/Defs/ThingDef[defName=""TeeMuss""]/statBases"
Jawa Doctrine Patches,mandrake.jawa.doctrine,Patches/MegafaunaYield.xml,"/Defs/ThingDef[defName=""Thranta""]/statBases/MeatAmount"
Jawa Doctrine Patches,mandrake.jawa.doctrine,Patches/MegafaunaYield.xml,"/Defs/ThingDef[defName=""Thranta""]/statBases/MeatAmount"
Jawa Doctrine Patches,mandrake.jawa.doctrine,Patches/MegafaunaYield.xml,"/Defs/ThingDef[defName=""Thranta""]/statBases"
Jawa Doctrine Patches,mandrake.jawa.doctrine,Patches/MegafaunaYield.xml,"/Defs/ThingDef[defName=""Thranta""]/statBases/BoneAmount"
Jawa Doctrine Patches,mandrake.jawa.doctrine,Patches/MegafaunaYield.xml,"/Defs/ThingDef[defName=""Thranta""]/statBases/BoneAmount"
Jawa Doctrine Patches,mandrake.jawa.doctrine,Patches/MegafaunaYield.xml,"/Defs/ThingDef[defName=""Thranta""]/statBases"
Jawa Doctrine Patches,mandrake.jawa.doctrine,Patches/MegafaunaYield.xml,"/Defs/ThingDef[defName=""Tibidee""]/statBases/MeatAmount"
Jawa Doctrine Patches,mandrake.jawa.doctrine,Patches/MegafaunaYield.xml,"/Defs/ThingDef[defName=""Tibidee""]/statBases/MeatAmount"
Jawa Doctrine Patches,mandrake.jawa.doctrine,Patches/MegafaunaYield.xml,"/Defs/ThingDef[defName=""Tibidee""]/statBases"
Jawa Doctrine Patches,mandrake.jawa.doctrine,Patches/MegafaunaYield.xml,"/Defs/ThingDef[defName=""Tibidee""]/statBases/BoneAmount"
Jawa Doctrine Patches,mandrake.jawa.doctrine,Patches/MegafaunaYield.xml,"/Defs/ThingDef[defName=""Tibidee""]/statBases/BoneAmount"
Jawa Doctrine Patches,mandrake.jawa.doctrine,Patches/MegafaunaYield.xml,"/Defs/ThingDef[defName=""Tibidee""]/statBases"
Jawa Doctrine Patches,mandrake.jawa.doctrine,Patches/MegafaunaYield.xml,"/Defs/ThingDef[defName=""Torton""]/statBases/MeatAmount"
Jawa Doctrine Patches,mandrake.jawa.doctrine,Patches/MegafaunaYield.xml,"/Defs/ThingDef[defName=""Torton""]/statBases/MeatAmount"
Jawa Doctrine Patches,mandrake.jawa.doctrine,Patches/MegafaunaYield.xml,"/Defs/ThingDef[defName=""Torton""]/statBases"
Jawa Doctrine Patches,mandrake.jawa.doctrine,Patches/MegafaunaYield.xml,"/Defs/ThingDef[defName=""Torton""]/statBases/BoneAmount"
Jawa Doctrine Patches,mandrake.jawa.doctrine,Patches/MegafaunaYield.xml,"/Defs/ThingDef[defName=""Torton""]/statBases/BoneAmount"
Jawa Doctrine Patches,mandrake.jawa.doctrine,Patches/MegafaunaYield.xml,"/Defs/ThingDef[defName=""Torton""]/statBases"
Jawa Doctrine Patches,mandrake.jawa.doctrine,Patches/MegafaunaYield.xml,"/Defs/ThingDef[defName=""Taozin""]/statBases/MeatAmount"
Jawa Doctrine Patches,mandrake.jawa.doctrine,Patches/MegafaunaYield.xml,"/Defs/ThingDef[defName=""Taozin""]/statBases/MeatAmount"
Jawa Doctrine Patches,mandrake.jawa.doctrine,Patches/MegafaunaYield.xml,"/Defs/ThingDef[defName=""Taozin""]/statBases"
Jawa Doctrine Patches,mandrake.jawa.doctrine,Patches/MegafaunaYield.xml,"/Defs/ThingDef[defName=""Taozin""]/statBases/BoneAmount"
Jawa Doctrine Patches,mandrake.jawa.doctrine,Patches/MegafaunaYield.xml,"/Defs/ThingDef[defName=""Taozin""]/statBases/BoneAmount"
Jawa Doctrine Patches,mandrake.jawa.doctrine,Patches/MegafaunaYield.xml,"/Defs/ThingDef[defName=""Taozin""]/statBases"
Jawa Doctrine Patches,mandrake.jawa.doctrine,Patches/MegafaunaYield.xml,"/Defs/ThingDef[defName=""Tukata""]/statBases/MeatAmount"
Jawa Doctrine Patches,mandrake.jawa.doctrine,Patches/MegafaunaYield.xml,"/Defs/ThingDef[defName=""Tukata""]/statBases/MeatAmount"
Jawa Doctrine Patches,mandrake.jawa.doctrine,Patches/MegafaunaYield.xml,"/Defs/ThingDef[defName=""Tukata""]/statBases"
Jawa Doctrine Patches,mandrake.jawa.doctrine,Patches/MegafaunaYield.xml,"/Defs/ThingDef[defName=""Tukata""]/statBases/BoneAmount"
Jawa Doctrine Patches,mandrake.jawa.doctrine,Patches/MegafaunaYield.xml,"/Defs/ThingDef[defName=""Tukata""]/statBases/BoneAmount"
Jawa Doctrine Patches,mandrake.jawa.doctrine,Patches/MegafaunaYield.xml,"/Defs/ThingDef[defName=""Tukata""]/statBases"
Jawa Doctrine Patches,mandrake.jawa.doctrine,Patches/MegafaunaYield.xml,"/Defs/ThingDef[defName=""TuskCat""]/statBases/MeatAmount"
Jawa Doctrine Patches,mandrake.jawa.doctrine,Patches/MegafaunaYield.xml,"/Defs/ThingDef[defName=""TuskCat""]/statBases/MeatAmount"
Jawa Doctrine Patches,mandrake.jawa.doctrine,Patches/MegafaunaYield.xml,"/Defs/ThingDef[defName=""TuskCat""]/statBases"
Jawa Doctrine Patches,mandrake.jawa.doctrine,Patches/MegafaunaYield.xml,"/Defs/ThingDef[defName=""TuskCat""]/statBases/BoneAmount"
Jawa Doctrine Patches,mandrake.jawa.doctrine,Patches/MegafaunaYield.xml,"/Defs/ThingDef[defName=""TuskCat""]/statBases/BoneAmount"
Jawa Doctrine Patches,mandrake.jawa.doctrine,Patches/MegafaunaYield.xml,"/Defs/ThingDef[defName=""TuskCat""]/statBases"
Jawa Doctrine Patches,mandrake.jawa.doctrine,Patches/MegafaunaYield.xml,"/Defs/ThingDef[defName=""Uvak""]/statBases/MeatAmount"
Jawa Doctrine Patches,mandrake.jawa.doctrine,Patches/MegafaunaYield.xml,"/Defs/ThingDef[defName=""Uvak""]/statBases/MeatAmount"
Jawa Doctrine Patches,mandrake.jawa.doctrine,Patches/MegafaunaYield.xml,"/Defs/ThingDef[defName=""Uvak""]/statBases"
Jawa Doctrine Patches,mandrake.jawa.doctrine,Patches/MegafaunaYield.xml,"/Defs/ThingDef[defName=""Uvak""]/statBases/BoneAmount"
Jawa Doctrine Patches,mandrake.jawa.doctrine,Patches/MegafaunaYield.xml,"/Defs/ThingDef[defName=""Uvak""]/statBases/BoneAmount"
Jawa Doctrine Patches,mandrake.jawa.doctrine,Patches/MegafaunaYield.xml,"/Defs/ThingDef[defName=""Uvak""]/statBases"
Jawa Doctrine Patches,mandrake.jawa.doctrine,Patches/MegafaunaYield.xml,"/Defs/ThingDef[defName=""Vapaad""]/statBases/MeatAmount"
Jawa Doctrine Patches,mandrake.jawa.doctrine,Patches/MegafaunaYield.xml,"/Defs/ThingDef[defName=""Vapaad""]/statBases/MeatAmount"
Jawa Doctrine Patches,mandrake.jawa.doctrine,Patches/MegafaunaYield.xml,"/Defs/ThingDef[defName=""Vapaad""]/statBases"
Jawa Doctrine Patches,mandrake.jawa.doctrine,Patches/MegafaunaYield.xml,"/Defs/ThingDef[defName=""Vapaad""]/statBases/BoneAmount"
Jawa Doctrine Patches,mandrake.jawa.doctrine,Patches/MegafaunaYield.xml,"/Defs/ThingDef[defName=""Vapaad""]/statBases/BoneAmount"
Jawa Doctrine Patches,mandrake.jawa.doctrine,Patches/MegafaunaYield.xml,"/Defs/ThingDef[defName=""Vapaad""]/statBases"
Jawa Doctrine Patches,mandrake.jawa.doctrine,Patches/MegafaunaYield.xml,"/Defs/ThingDef[defName=""Varactyl""]/statBases/MeatAmount"
Jawa Doctrine Patches,mandrake.jawa.doctrine,Patches/MegafaunaYield.xml,"/Defs/ThingDef[defName=""Varactyl""]/statBases/MeatAmount"
Jawa Doctrine Patches,mandrake.jawa.doctrine,Patches/MegafaunaYield.xml,"/Defs/ThingDef[defName=""Varactyl""]/statBases"
Jawa Doctrine Patches,mandrake.jawa.doctrine,Patches/MegafaunaYield.xml,"/Defs/ThingDef[defName=""Varactyl""]/statBases/BoneAmount"
Jawa Doctrine Patches,mandrake.jawa.doctrine,Patches/MegafaunaYield.xml,"/Defs/ThingDef[defName=""Varactyl""]/statBases/BoneAmount"
Jawa Doctrine Patches,mandrake.jawa.doctrine,Patches/MegafaunaYield.xml,"/Defs/ThingDef[defName=""Varactyl""]/statBases"
Jawa Doctrine Patches,mandrake.jawa.doctrine,Patches/MegafaunaYield.xml,"/Defs/ThingDef[defName=""Veermok""]/statBases/MeatAmount"
Jawa Doctrine Patches,mandrake.jawa.doctrine,Patches/MegafaunaYield.xml,"/Defs/ThingDef[defName=""Veermok""]/statBases/MeatAmount"
Jawa Doctrine Patches,mandrake.jawa.doctrine,Patches/MegafaunaYield.xml,"/Defs/ThingDef[defName=""Veermok""]/statBases"
Jawa Doctrine Patches,mandrake.jawa.doctrine,Patches/MegafaunaYield.xml,"/Defs/ThingDef[defName=""Veermok""]/statBases/BoneAmount"
Jawa Doctrine Patches,mandrake.jawa.doctrine,Patches/MegafaunaYield.xml,"/Defs/ThingDef[defName=""Veermok""]/statBases/BoneAmount"
Jawa Doctrine Patches,mandrake.jawa.doctrine,Patches/MegafaunaYield.xml,"/Defs/ThingDef[defName=""Veermok""]/statBases"
Jawa Doctrine Patches,mandrake.jawa.doctrine,Patches/MegafaunaYield.xml,"/Defs/ThingDef[defName=""Vornskyr""]/statBases/MeatAmount"
Jawa Doctrine Patches,mandrake.jawa.doctrine,Patches/MegafaunaYield.xml,"/Defs/ThingDef[defName=""Vornskyr""]/statBases/MeatAmount"
Jawa Doctrine Patches,mandrake.jawa.doctrine,Patches/MegafaunaYield.xml,"/Defs/ThingDef[defName=""Vornskyr""]/statBases"
Jawa Doctrine Patches,mandrake.jawa.doctrine,Patches/MegafaunaYield.xml,"/Defs/ThingDef[defName=""Vornskyr""]/statBases/BoneAmount"
Jawa Doctrine Patches,mandrake.jawa.doctrine,Patches/MegafaunaYield.xml,"/Defs/ThingDef[defName=""Vornskyr""]/statBases/BoneAmount"
Jawa Doctrine Patches,mandrake.jawa.doctrine,Patches/MegafaunaYield.xml,"/Defs/ThingDef[defName=""Vornskyr""]/statBases"
Jawa Doctrine Patches,mandrake.jawa.doctrine,Patches/MegafaunaYield.xml,"/Defs/ThingDef[defName=""Warbird""]/statBases/MeatAmount"
Jawa Doctrine Patches,mandrake.jawa.doctrine,Patches/MegafaunaYield.xml,"/Defs/ThingDef[defName=""Warbird""]/statBases/MeatAmount"
Jawa Doctrine Patches,mandrake.jawa.doctrine,Patches/MegafaunaYield.xml,"/Defs/ThingDef[defName=""Warbird""]/statBases"
Jawa Doctrine Patches,mandrake.jawa.doctrine,Patches/MegafaunaYield.xml,"/Defs/ThingDef[defName=""Warbird""]/statBases/BoneAmount"
Jawa Doctrine Patches,mandrake.jawa.doctrine,Patches/MegafaunaYield.xml,"/Defs/ThingDef[defName=""Warbird""]/statBases/BoneAmount"
Jawa Doctrine Patches,mandrake.jawa.doctrine,Patches/MegafaunaYield.xml,"/Defs/ThingDef[defName=""Warbird""]/statBases"
Jawa Doctrine Patches,mandrake.jawa.doctrine,Patches/MegafaunaYield.xml,"/Defs/ThingDef[defName=""WarWyrm""]/statBases/MeatAmount"
Jawa Doctrine Patches,mandrake.jawa.doctrine,Patches/MegafaunaYield.xml,"/Defs/ThingDef[defName=""WarWyrm""]/statBases/MeatAmount"
Jawa Doctrine Patches,mandrake.jawa.doctrine,Patches/MegafaunaYield.xml,"/Defs/ThingDef[defName=""WarWyrm""]/statBases"
Jawa Doctrine Patches,mandrake.jawa.doctrine,Patches/MegafaunaYield.xml,"/Defs/ThingDef[defName=""WarWyrm""]/statBases/BoneAmount"
Jawa Doctrine Patches,mandrake.jawa.doctrine,Patches/MegafaunaYield.xml,"/Defs/ThingDef[defName=""WarWyrm""]/statBases/BoneAmount"
Jawa Doctrine Patches,mandrake.jawa.doctrine,Patches/MegafaunaYield.xml,"/Defs/ThingDef[defName=""WarWyrm""]/statBases"
Jawa Doctrine Patches,mandrake.jawa.doctrine,Patches/MegafaunaYield.xml,"/Defs/ThingDef[defName=""Wraid""]/statBases/MeatAmount"
Jawa Doctrine Patches,mandrake.jawa.doctrine,Patches/MegafaunaYield.xml,"/Defs/ThingDef[defName=""Wraid""]/statBases/MeatAmount"
Jawa Doctrine Patches,mandrake.jawa.doctrine,Patches/MegafaunaYield.xml,"/Defs/ThingDef[defName=""Wraid""]/statBases"
Jawa Doctrine Patches,mandrake.jawa.doctrine,Patches/MegafaunaYield.xml,"/Defs/ThingDef[defName=""Wraid""]/statBases/BoneAmount"
Jawa Doctrine Patches,mandrake.jawa.doctrine,Patches/MegafaunaYield.xml,"/Defs/ThingDef[defName=""Wraid""]/statBases/BoneAmount"
Jawa Doctrine Patches,mandrake.jawa.doctrine,Patches/MegafaunaYield.xml,"/Defs/ThingDef[defName=""Wraid""]/statBases"
Jawa Doctrine Patches,mandrake.jawa.doctrine,Patches/MegafaunaYield.xml,"/Defs/ThingDef[defName=""Wyyyschokk""]/statBases/MeatAmount"
Jawa Doctrine Patches,mandrake.jawa.doctrine,Patches/MegafaunaYield.xml,"/Defs/ThingDef[defName=""Wyyyschokk""]/statBases/MeatAmount"
Jawa Doctrine Patches,mandrake.jawa.doctrine,Patches/MegafaunaYield.xml,"/Defs/ThingDef[defName=""Wyyyschokk""]/statBases"
Jawa Doctrine Patches,mandrake.jawa.doctrine,Patches/MegafaunaYield.xml,"/Defs/ThingDef[defName=""Wyyyschokk""]/statBases/BoneAmount"
Jawa Doctrine Patches,mandrake.jawa.doctrine,Patches/MegafaunaYield.xml,"/Defs/ThingDef[defName=""Wyyyschokk""]/statBases/BoneAmount"
Jawa Doctrine Patches,mandrake.jawa.doctrine,Patches/MegafaunaYield.xml,"/Defs/ThingDef[defName=""Wyyyschokk""]/statBases"
Jawa Doctrine Patches,mandrake.jawa.doctrine,Patches/MegafaunaYield.xml,"/Defs/ThingDef[defName=""Zakkeg""]/statBases/MeatAmount"
Jawa Doctrine Patches,mandrake.jawa.doctrine,Patches/MegafaunaYield.xml,"/Defs/ThingDef[defName=""Zakkeg""]/statBases/MeatAmount"
Jawa Doctrine Patches,mandrake.jawa.doctrine,Patches/MegafaunaYield.xml,"/Defs/ThingDef[defName=""Zakkeg""]/statBases"
Jawa Doctrine Patches,mandrake.jawa.doctrine,Patches/MegafaunaYield.xml,"/Defs/ThingDef[defName=""Zakkeg""]/statBases/BoneAmount"
Jawa Doctrine Patches,mandrake.jawa.doctrine,Patches/MegafaunaYield.xml,"/Defs/ThingDef[defName=""Zakkeg""]/statBases/BoneAmount"
Jawa Doctrine Patches,mandrake.jawa.doctrine,Patches/MegafaunaYield.xml,"/Defs/ThingDef[defName=""Zakkeg""]/statBases"
Jawa Doctrine Patches,mandrake.jawa.doctrine,Patches/MegafaunaYield.xml,"/Defs/ThingDef[defName=""Zeer""]/statBases/MeatAmount"
Jawa Doctrine Patches,mandrake.jawa.doctrine,Patches/MegafaunaYield.xml,"/Defs/ThingDef[defName=""Zeer""]/statBases/MeatAmount"
Jawa Doctrine Patches,mandrake.jawa.doctrine,Patches/MegafaunaYield.xml,"/Defs/ThingDef[defName=""Zeer""]/statBases"
Jawa Doctrine Patches,mandrake.jawa.doctrine,Patches/MegafaunaYield.xml,"/Defs/ThingDef[defName=""Zeer""]/statBases/BoneAmount"
Jawa Doctrine Patches,mandrake.jawa.doctrine,Patches/MegafaunaYield.xml,"/Defs/ThingDef[defName=""Zeer""]/statBases/BoneAmount"
Jawa Doctrine Patches,mandrake.jawa.doctrine,Patches/MegafaunaYield.xml,"/Defs/ThingDef[defName=""Zeer""]/statBases"
Jawa Doctrine Patches,mandrake.jawa.doctrine,Patches/MegafaunaYield.xml,"/Defs/ThingDef[defName=""Bantha""]/comps/li[woolAmount]/woolAmount"
Jawa Doctrine Patches,mandrake.jawa.doctrine,Patches/MegafaunaYield.xml,"/Defs/ThingDef[defName=""Nerf""]/comps/li[woolAmount]/woolAmount"
Jawa Doctrine Patches,mandrake.jawa.doctrine,Patches/MegafaunaYield.xml,"/Defs/ThingDef[defName=""Behemoth""]/comps/li[woolAmount]/woolAmount"
Jawa Doctrine Patches,mandrake.jawa.doctrine,Patches/MegafaunaYield.xml,"/Defs/ThingDef[defName=""Gualaar""]/comps/li[woolAmount]/woolAmount"
Jawa Doctrine Patches,mandrake.jawa.doctrine,Patches/MegafaunaYield.xml,"/Defs/ThingDef[defName=""LavaFlea""]/comps/li[woolAmount]/woolAmount"
Jawa Doctrine Patches,mandrake.jawa.doctrine,Patches/MegafaunaYield.xml,"/Defs/ThingDef[defName=""Mastmot""]/comps/li[woolAmount]/woolAmount"
Jawa Doctrine Patches,mandrake.jawa.doctrine,Patches/MegafaunaYield.xml,"/Defs/ThingDef[defName=""TeeMuss""]/comps/li[woolAmount]/woolAmount"
Jawa Doctrine Patches,mandrake.jawa.doctrine,Patches/MegafaunaYield.xml,"/Defs/ThingDef[defName=""Taozin""]/comps/li[woolAmount]/woolAmount"
Jawa Doctrine Patches,mandrake.jawa.doctrine,Patches/MegafaunaYield.xml,"/Defs/ThingDef[defName=""Wyyyschokk""]/comps/li[woolAmount]/woolAmount"
Jawa Doctrine Patches,mandrake.jawa.doctrine,Patches/MegafaunaYield.xml,"/Defs/ThingDef[defName=""Bantha""]/comps/li[milkAmount]/milkAmount"
Jawa Doctrine Patches,mandrake.jawa.doctrine,Patches/MegafaunaYield.xml,"/Defs/ThingDef[defName=""Nerf""]/comps/li[milkAmount]/milkAmount"
Jawa Doctrine Patches,mandrake.jawa.doctrine,Patches/MegafaunaYield.xml,"/Defs/ThingDef[defName=""Beldon""]/comps/li[milkAmount]/milkAmount"
Jawa Doctrine Patches,mandrake.jawa.doctrine,Patches/MegafaunaYield.xml,"/Defs/ThingDef[defName=""Bordok""]/comps/li[milkAmount]/milkAmount"
Jawa Doctrine Patches,mandrake.jawa.doctrine,Patches/MegafaunaYield.xml,"/Defs/ThingDef[defName=""EnergySpider""]/comps/li[milkAmount]/milkAmount"
Jawa Doctrine Patches,mandrake.jawa.doctrine,Patches/MegafaunaYield.xml,"/Defs/ThingDef[defName=""Eopie""]/comps/li[milkAmount]/milkAmount"
Jawa Doctrine Patches,mandrake.jawa.doctrine,Patches/MegafaunaYield.xml,"/Defs/ThingDef[defName=""Falumpaset""]/comps/li[milkAmount]/milkAmount"
Jawa Doctrine Patches,mandrake.jawa.doctrine,Patches/MegafaunaYield.xml,"/Defs/ThingDef[defName=""FeralGrazer""]/comps/li[milkAmount]/milkAmount"
Jawa Doctrine Patches,mandrake.jawa.doctrine,Patches/MegafaunaYield.xml,"/Defs/ThingDef[defName=""Gelagrub""]/comps/li[milkAmount]/milkAmount"
Jawa Doctrine Patches,mandrake.jawa.doctrine,Patches/MegafaunaYield.xml,"/Defs/ThingDef[defName=""Grazer""]/comps/li[milkAmount]/milkAmount"
Jawa Doctrine Patches,mandrake.jawa.doctrine,Patches/MegafaunaYield.xml,"/Defs/ThingDef[defName=""Gualaar""]/comps/li[milkAmount]/milkAmount"
Jawa Doctrine Patches,mandrake.jawa.doctrine,Patches/MegafaunaYield.xml,"/Defs/ThingDef[defName=""HarvesterBeetle""]/comps/li[milkAmount]/milkAmount"
Jawa Doctrine Patches,mandrake.jawa.doctrine,Patches/MegafaunaYield.xml,"/Defs/ThingDef[defName=""IthorianReek""]/comps/li[milkAmount]/milkAmount"
Jawa Doctrine Patches,mandrake.jawa.doctrine,Patches/MegafaunaYield.xml,"/Defs/ThingDef[defName=""Jakobeast""]/comps/li[milkAmount]/milkAmount"
Jawa Doctrine Patches,mandrake.jawa.doctrine,Patches/MegafaunaYield.xml,"/Defs/ThingDef[defName=""Zeer""]/comps/li[milkAmount]/milkAmount"
Jawa Doctrine Patches,mandrake.jawa.doctrine,Patches/MegafaunaYield.xml,"/Defs/ThingDef[defName=""GiantAnt_Race""]/statBases/MeatAmount"
Jawa Doctrine Patches,mandrake.jawa.doctrine,Patches/MegafaunaYield.xml,"/Defs/ThingDef[defName=""GiantAnt_Race""]/statBases/MeatAmount"
Jawa Doctrine Patches,mandrake.jawa.doctrine,Patches/MegafaunaYield.xml,"/Defs/ThingDef[defName=""GiantAnt_Race""]/statBases"
Jawa Doctrine Patches,mandrake.jawa.doctrine,Patches/MegafaunaYield.xml,"/Defs/ThingDef[defName=""GiantAnt_Race""]/statBases/BoneAmount"
Jawa Doctrine Patches,mandrake.jawa.doctrine,Patches/MegafaunaYield.xml,"/Defs/ThingDef[defName=""GiantAnt_Race""]/statBases/BoneAmount"
Jawa Doctrine Patches,mandrake.jawa.doctrine,Patches/MegafaunaYield.xml,"/Defs/ThingDef[defName=""GiantAnt_Race""]/statBases"
Jawa Doctrine Patches,mandrake.jawa.doctrine,Patches/MegafaunaYield.xml,"/Defs/ThingDef[defName=""Titan""]/statBases/MeatAmount"
Jawa Doctrine Patches,mandrake.jawa.doctrine,Patches/MegafaunaYield.xml,"/Defs/ThingDef[defName=""Titan""]/statBases/MeatAmount"
Jawa Doctrine Patches,mandrake.jawa.doctrine,Patches/MegafaunaYield.xml,"/Defs/ThingDef[defName=""Titan""]/statBases"
Jawa Doctrine Patches,mandrake.jawa.doctrine,Patches/MegafaunaYield.xml,"/Defs/ThingDef[defName=""Titan""]/statBases/BoneAmount"
Jawa Doctrine Patches,mandrake.jawa.doctrine,Patches/MegafaunaYield.xml,"/Defs/ThingDef[defName=""Titan""]/statBases/BoneAmount"
Jawa Doctrine Patches,mandrake.jawa.doctrine,Patches/MegafaunaYield.xml,"/Defs/ThingDef[defName=""Titan""]/statBases"
Jawa Doctrine Patches,mandrake.jawa.doctrine,Patches/MegafaunaYield.xml,"/Defs/ThingDef[defName=""AEXP_Giraffe""]/statBases/MeatAmount"
Jawa Doctrine Patches,mandrake.jawa.doctrine,Patches/MegafaunaYield.xml,"/Defs/ThingDef[defName=""AEXP_Giraffe""]/statBases/MeatAmount"
Jawa Doctrine Patches,mandrake.jawa.doctrine,Patches/MegafaunaYield.xml,"/Defs/ThingDef[defName=""AEXP_Giraffe""]/statBases"
Jawa Doctrine Patches,mandrake.jawa.doctrine,Patches/MegafaunaYield.xml,"/Defs/ThingDef[defName=""AEXP_Giraffe""]/statBases/BoneAmount"
Jawa Doctrine Patches,mandrake.jawa.doctrine,Patches/MegafaunaYield.xml,"/Defs/ThingDef[defName=""AEXP_Giraffe""]/statBases/BoneAmount"
Jawa Doctrine Patches,mandrake.jawa.doctrine,Patches/MegafaunaYield.xml,"/Defs/ThingDef[defName=""AEXP_Giraffe""]/statBases"
Jawa Doctrine Patches,mandrake.jawa.doctrine,Patches/MegafaunaYield.xml,"/Defs/ThingDef[defName=""AEXP_Zebra""]/statBases/MeatAmount"
Jawa Doctrine Patches,mandrake.jawa.doctrine,Patches/MegafaunaYield.xml,"/Defs/ThingDef[defName=""AEXP_Zebra""]/statBases/MeatAmount"
Jawa Doctrine Patches,mandrake.jawa.doctrine,Patches/MegafaunaYield.xml,"/Defs/ThingDef[defName=""AEXP_Zebra""]/statBases"
Jawa Doctrine Patches,mandrake.jawa.doctrine,Patches/MegafaunaYield.xml,"/Defs/ThingDef[defName=""AEXP_Zebra""]/statBases/BoneAmount"
Jawa Doctrine Patches,mandrake.jawa.doctrine,Patches/MegafaunaYield.xml,"/Defs/ThingDef[defName=""AEXP_Zebra""]/statBases/BoneAmount"
Jawa Doctrine Patches,mandrake.jawa.doctrine,Patches/MegafaunaYield.xml,"/Defs/ThingDef[defName=""AEXP_Zebra""]/statBases"
Jawa Doctrine Patches,mandrake.jawa.doctrine,Patches/MegafaunaYield.xml,"/Defs/ThingDef[defName=""AEXP_Wildebeest""]/statBases/MeatAmount"
Jawa Doctrine Patches,mandrake.jawa.doctrine,Patches/MegafaunaYield.xml,"/Defs/ThingDef[defName=""AEXP_Wildebeest""]/statBases/MeatAmount"
Jawa Doctrine Patches,mandrake.jawa.doctrine,Patches/MegafaunaYield.xml,"/Defs/ThingDef[defName=""AEXP_Wildebeest""]/statBases"
Jawa Doctrine Patches,mandrake.jawa.doctrine,Patches/MegafaunaYield.xml,"/Defs/ThingDef[defName=""AEXP_Wildebeest""]/statBases/BoneAmount"
Jawa Doctrine Patches,mandrake.jawa.doctrine,Patches/MegafaunaYield.xml,"/Defs/ThingDef[defName=""AEXP_Wildebeest""]/statBases/BoneAmount"
Jawa Doctrine Patches,mandrake.jawa.doctrine,Patches/MegafaunaYield.xml,"/Defs/ThingDef[defName=""AEXP_Wildebeest""]/statBases"
Jawa Doctrine Patches,mandrake.jawa.doctrine,Patches/MegafaunaYield.xml,"/Defs/ThingDef[defName=""AEXP_Crocodile""]/statBases/MeatAmount"
Jawa Doctrine Patches,mandrake.jawa.doctrine,Patches/MegafaunaYield.xml,"/Defs/ThingDef[defName=""AEXP_Crocodile""]/statBases/MeatAmount"
Jawa Doctrine Patches,mandrake.jawa.doctrine,Patches/MegafaunaYield.xml,"/Defs/ThingDef[defName=""AEXP_Crocodile""]/statBases"
Jawa Doctrine Patches,mandrake.jawa.doctrine,Patches/MegafaunaYield.xml,"/Defs/ThingDef[defName=""AEXP_Crocodile""]/statBases/BoneAmount"
Jawa Doctrine Patches,mandrake.jawa.doctrine,Patches/MegafaunaYield.xml,"/Defs/ThingDef[defName=""AEXP_Crocodile""]/statBases/BoneAmount"
Jawa Doctrine Patches,mandrake.jawa.doctrine,Patches/MegafaunaYield.xml,"/Defs/ThingDef[defName=""AEXP_Crocodile""]/statBases"
Jawa Doctrine Patches,mandrake.jawa.doctrine,Patches/MegafaunaYield.xml,"/Defs/ThingDef[defName=""AEXP_Kangaroo""]/statBases/MeatAmount"
Jawa Doctrine Patches,mandrake.jawa.doctrine,Patches/MegafaunaYield.xml,"/Defs/ThingDef[defName=""AEXP_Kangaroo""]/statBases/MeatAmount"
Jawa Doctrine Patches,mandrake.jawa.doctrine,Patches/MegafaunaYield.xml,"/Defs/ThingDef[defName=""AEXP_Kangaroo""]/statBases"
Jawa Doctrine Patches,mandrake.jawa.doctrine,Patches/MegafaunaYield.xml,"/Defs/ThingDef[defName=""AEXP_Kangaroo""]/statBases/BoneAmount"
Jawa Doctrine Patches,mandrake.jawa.doctrine,Patches/MegafaunaYield.xml,"/Defs/ThingDef[defName=""AEXP_Kangaroo""]/statBases/BoneAmount"
Jawa Doctrine Patches,mandrake.jawa.doctrine,Patches/MegafaunaYield.xml,"/Defs/ThingDef[defName=""AEXP_Kangaroo""]/statBases"
Jawa Doctrine Patches,mandrake.jawa.doctrine,Patches/MegafaunaYield.xml,"/Defs/ThingDef[defName=""AEXP_BlackBear""]/statBases/MeatAmount"
Jawa Doctrine Patches,mandrake.jawa.doctrine,Patches/MegafaunaYield.xml,"/Defs/ThingDef[defName=""AEXP_BlackBear""]/statBases/MeatAmount"
Jawa Doctrine Patches,mandrake.jawa.doctrine,Patches/MegafaunaYield.xml,"/Defs/ThingDef[defName=""AEXP_BlackBear""]/statBases"
Jawa Doctrine Patches,mandrake.jawa.doctrine,Patches/MegafaunaYield.xml,"/Defs/ThingDef[defName=""AEXP_BlackBear""]/statBases/BoneAmount"
Jawa Doctrine Patches,mandrake.jawa.doctrine,Patches/MegafaunaYield.xml,"/Defs/ThingDef[defName=""AEXP_BlackBear""]/statBases/BoneAmount"
Jawa Doctrine Patches,mandrake.jawa.doctrine,Patches/MegafaunaYield.xml,"/Defs/ThingDef[defName=""AEXP_BlackBear""]/statBases"
Jawa Doctrine Patches,mandrake.jawa.doctrine,Patches/MegafaunaYield.xml,"/Defs/ThingDef[defName=""AEXP_Lion""]/statBases/MeatAmount"
Jawa Doctrine Patches,mandrake.jawa.doctrine,Patches/MegafaunaYield.xml,"/Defs/ThingDef[defName=""AEXP_Lion""]/statBases/MeatAmount"
Jawa Doctrine Patches,mandrake.jawa.doctrine,Patches/MegafaunaYield.xml,"/Defs/ThingDef[defName=""AEXP_Lion""]/statBases"
Jawa Doctrine Patches,mandrake.jawa.doctrine,Patches/MegafaunaYield.xml,"/Defs/ThingDef[defName=""AEXP_Lion""]/statBases/BoneAmount"
Jawa Doctrine Patches,mandrake.jawa.doctrine,Patches/MegafaunaYield.xml,"/Defs/ThingDef[defName=""AEXP_Lion""]/statBases/BoneAmount"
Jawa Doctrine Patches,mandrake.jawa.doctrine,Patches/MegafaunaYield.xml,"/Defs/ThingDef[defName=""AEXP_Lion""]/statBases"
Jawa Doctrine Patches,mandrake.jawa.doctrine,Patches/MegafaunaYield.xml,"/Defs/ThingDef[defName=""AEXP_GreatDane""]/statBases/MeatAmount"
Jawa Doctrine Patches,mandrake.jawa.doctrine,Patches/MegafaunaYield.xml,"/Defs/ThingDef[defName=""AEXP_GreatDane""]/statBases/MeatAmount"
Jawa Doctrine Patches,mandrake.jawa.doctrine,Patches/MegafaunaYield.xml,"/Defs/ThingDef[defName=""AEXP_GreatDane""]/statBases"
Jawa Doctrine Patches,mandrake.jawa.doctrine,Patches/MegafaunaYield.xml,"/Defs/ThingDef[defName=""AEXP_GreatDane""]/statBases/BoneAmount"
Jawa Doctrine Patches,mandrake.jawa.doctrine,Patches/MegafaunaYield.xml,"/Defs/ThingDef[defName=""AEXP_GreatDane""]/statBases/BoneAmount"
Jawa Doctrine Patches,mandrake.jawa.doctrine,Patches/MegafaunaYield.xml,"/Defs/ThingDef[defName=""AEXP_GreatDane""]/statBases"
Jawa Doctrine Patches,mandrake.jawa.doctrine,Patches/MegafaunaYield.xml,"/Defs/ThingDef[defName=""AEXP_Camel""]/statBases/MeatAmount"
Jawa Doctrine Patches,mandrake.jawa.doctrine,Patches/MegafaunaYield.xml,"/Defs/ThingDef[defName=""AEXP_Camel""]/statBases/MeatAmount"
Jawa Doctrine Patches,mandrake.jawa.doctrine,Patches/MegafaunaYield.xml,"/Defs/ThingDef[defName=""AEXP_Camel""]/statBases"
Jawa Doctrine Patches,mandrake.jawa.doctrine,Patches/MegafaunaYield.xml,"/Defs/ThingDef[defName=""AEXP_Camel""]/statBases/BoneAmount"
Jawa Doctrine Patches,mandrake.jawa.doctrine,Patches/MegafaunaYield.xml,"/Defs/ThingDef[defName=""AEXP_Camel""]/statBases/BoneAmount"
Jawa Doctrine Patches,mandrake.jawa.doctrine,Patches/MegafaunaYield.xml,"/Defs/ThingDef[defName=""AEXP_Camel""]/statBases"
Jawa Doctrine Patches,mandrake.jawa.doctrine,Patches/MegafaunaYield.xml,"/Defs/ThingDef[defName=""AEXP_Anaconda""]/statBases/MeatAmount"
Jawa Doctrine Patches,mandrake.jawa.doctrine,Patches/MegafaunaYield.xml,"/Defs/ThingDef[defName=""AEXP_Anaconda""]/statBases/MeatAmount"
Jawa Doctrine Patches,mandrake.jawa.doctrine,Patches/MegafaunaYield.xml,"/Defs/ThingDef[defName=""AEXP_Anaconda""]/statBases"
Jawa Doctrine Patches,mandrake.jawa.doctrine,Patches/MegafaunaYield.xml,"/Defs/ThingDef[defName=""AEXP_Anaconda""]/statBases/BoneAmount"
Jawa Doctrine Patches,mandrake.jawa.doctrine,Patches/MegafaunaYield.xml,"/Defs/ThingDef[defName=""AEXP_Anaconda""]/statBases/BoneAmount"
Jawa Doctrine Patches,mandrake.jawa.doctrine,Patches/MegafaunaYield.xml,"/Defs/ThingDef[defName=""AEXP_Anaconda""]/statBases"
Jawa Doctrine Patches,mandrake.jawa.doctrine,Patches/MegafaunaYield.xml,"/Defs/ThingDef[defName=""AEXP_IndianElephant""]/statBases/MeatAmount"
Jawa Doctrine Patches,mandrake.jawa.doctrine,Patches/MegafaunaYield.xml,"/Defs/ThingDef[defName=""AEXP_IndianElephant""]/statBases/MeatAmount"
Jawa Doctrine Patches,mandrake.jawa.doctrine,Patches/MegafaunaYield.xml,"/Defs/ThingDef[defName=""AEXP_IndianElephant""]/statBases"
Jawa Doctrine Patches,mandrake.jawa.doctrine,Patches/MegafaunaYield.xml,"/Defs/ThingDef[defName=""AEXP_IndianElephant""]/statBases/BoneAmount"
Jawa Doctrine Patches,mandrake.jawa.doctrine,Patches/MegafaunaYield.xml,"/Defs/ThingDef[defName=""AEXP_IndianElephant""]/statBases/BoneAmount"
Jawa Doctrine Patches,mandrake.jawa.doctrine,Patches/MegafaunaYield.xml,"/Defs/ThingDef[defName=""AEXP_IndianElephant""]/statBases"
Jawa Doctrine Patches,mandrake.jawa.doctrine,Patches/MegafaunaYield.xml,"/Defs/ThingDef[defName=""AEXP_MegaWolverine""]/statBases/MeatAmount"
Jawa Doctrine Patches,mandrake.jawa.doctrine,Patches/MegafaunaYield.xml,"/Defs/ThingDef[defName=""AEXP_MegaWolverine""]/statBases/MeatAmount"
Jawa Doctrine Patches,mandrake.jawa.doctrine,Patches/MegafaunaYield.xml,"/Defs/ThingDef[defName=""AEXP_MegaWolverine""]/statBases"
Jawa Doctrine Patches,mandrake.jawa.doctrine,Patches/MegafaunaYield.xml,"/Defs/ThingDef[defName=""AEXP_MegaWolverine""]/statBases/BoneAmount"
Jawa Doctrine Patches,mandrake.jawa.doctrine,Patches/MegafaunaYield.xml,"/Defs/ThingDef[defName=""AEXP_MegaWolverine""]/statBases/BoneAmount"
Jawa Doctrine Patches,mandrake.jawa.doctrine,Patches/MegafaunaYield.xml,"/Defs/ThingDef[defName=""AEXP_MegaWolverine""]/statBases"
Jawa Doctrine Patches,mandrake.jawa.doctrine,Patches/MegafaunaYield.xml,"/Defs/ThingDef[defName=""AEXP_Camel""]/comps/li[woolAmount]/woolAmount"
Jawa Doctrine Patches,mandrake.jawa.doctrine,Patches/MegafaunaYield.xml,"/Defs/ThingDef[defName=""AEXP_Wildebeest""]/comps/li[milkAmount]/milkAmount"
Jawa Doctrine Patches,mandrake.jawa.doctrine,Patches/MegafaunaYield.xml,"/Defs/ThingDef[defName=""AEXP_Camel""]/comps/li[milkAmount]/milkAmount"
Jawa Doctrine Patches,mandrake.jawa.doctrine,Patches/MegafaunaYield.xml,"/Defs/ThingDef[defName=""VAEWaste_Megatardi""]/statBases/MeatAmount"
Jawa Doctrine Patches,mandrake.jawa.doctrine,Patches/MegafaunaYield.xml,"/Defs/ThingDef[defName=""VAEWaste_Megatardi""]/statBases/MeatAmount"
Jawa Doctrine Patches,mandrake.jawa.doctrine,Patches/MegafaunaYield.xml,"/Defs/ThingDef[defName=""VAEWaste_Megatardi""]/statBases"
Jawa Doctrine Patches,mandrake.jawa.doctrine,Patches/MegafaunaYield.xml,"/Defs/ThingDef[defName=""VAEWaste_Megatardi""]/statBases/BoneAmount"
Jawa Doctrine Patches,mandrake.jawa.doctrine,Patches/MegafaunaYield.xml,"/Defs/ThingDef[defName=""VAEWaste_Megatardi""]/statBases/BoneAmount"
Jawa Doctrine Patches,mandrake.jawa.doctrine,Patches/MegafaunaYield.xml,"/Defs/ThingDef[defName=""VAEWaste_Megatardi""]/statBases"
Jawa Doctrine Patches,mandrake.jawa.doctrine,Patches/MegafaunaYield.xml,"/Defs/ThingDef[defName=""VAEWaste_Pestigator""]/statBases/MeatAmount"
Jawa Doctrine Patches,mandrake.jawa.doctrine,Patches/MegafaunaYield.xml,"/Defs/ThingDef[defName=""VAEWaste_Pestigator""]/statBases/MeatAmount"
Jawa Doctrine Patches,mandrake.jawa.doctrine,Patches/MegafaunaYield.xml,"/Defs/ThingDef[defName=""VAEWaste_Pestigator""]/statBases"
Jawa Doctrine Patches,mandrake.jawa.doctrine,Patches/MegafaunaYield.xml,"/Defs/ThingDef[defName=""VAEWaste_Pestigator""]/statBases/BoneAmount"
Jawa Doctrine Patches,mandrake.jawa.doctrine,Patches/MegafaunaYield.xml,"/Defs/ThingDef[defName=""VAEWaste_Pestigator""]/statBases/BoneAmount"
Jawa Doctrine Patches,mandrake.jawa.doctrine,Patches/MegafaunaYield.xml,"/Defs/ThingDef[defName=""VAEWaste_Pestigator""]/statBases"
Jawa Doctrine Patches,mandrake.jawa.doctrine,Patches/MegafaunaYield.xml,"/Defs/ThingDef[defName=""VAEWaste_Toxbear""]/statBases/MeatAmount"
Jawa Doctrine Patches,mandrake.jawa.doctrine,Patches/MegafaunaYield.xml,"/Defs/ThingDef[defName=""VAEWaste_Toxbear""]/statBases/MeatAmount"
Jawa Doctrine Patches,mandrake.jawa.doctrine,Patches/MegafaunaYield.xml,"/Defs/ThingDef[defName=""VAEWaste_Toxbear""]/statBases"
Jawa Doctrine Patches,mandrake.jawa.doctrine,Patches/MegafaunaYield.xml,"/Defs/ThingDef[defName=""VAEWaste_Toxbear""]/statBases/BoneAmount"
Jawa Doctrine Patches,mandrake.jawa.doctrine,Patches/MegafaunaYield.xml,"/Defs/ThingDef[defName=""VAEWaste_Toxbear""]/statBases/BoneAmount"
Jawa Doctrine Patches,mandrake.jawa.doctrine,Patches/MegafaunaYield.xml,"/Defs/ThingDef[defName=""VAEWaste_Toxbear""]/statBases"
Jawa Doctrine Patches,mandrake.jawa.doctrine,Patches/MegafaunaYield.xml,"/Defs/ThingDef[defName=""VAEWaste_Toxiguana""]/statBases/MeatAmount"
Jawa Doctrine Patches,mandrake.jawa.doctrine,Patches/MegafaunaYield.xml,"/Defs/ThingDef[defName=""VAEWaste_Toxiguana""]/statBases/MeatAmount"
Jawa Doctrine Patches,mandrake.jawa.doctrine,Patches/MegafaunaYield.xml,"/Defs/ThingDef[defName=""VAEWaste_Toxiguana""]/statBases"
Jawa Doctrine Patches,mandrake.jawa.doctrine,Patches/MegafaunaYield.xml,"/Defs/ThingDef[defName=""VAEWaste_Toxiguana""]/statBases/BoneAmount"
Jawa Doctrine Patches,mandrake.jawa.doctrine,Patches/MegafaunaYield.xml,"/Defs/ThingDef[defName=""VAEWaste_Toxiguana""]/statBases/BoneAmount"
Jawa Doctrine Patches,mandrake.jawa.doctrine,Patches/MegafaunaYield.xml,"/Defs/ThingDef[defName=""VAEWaste_Toxiguana""]/statBases"
Jawa Doctrine Patches,mandrake.jawa.doctrine,Patches/MegafaunaYield.xml,"/Defs/ThingDef[defName=""VAEWaste_Toxlion""]/statBases/MeatAmount"
Jawa Doctrine Patches,mandrake.jawa.doctrine,Patches/MegafaunaYield.xml,"/Defs/ThingDef[defName=""VAEWaste_Toxlion""]/statBases/MeatAmount"
Jawa Doctrine Patches,mandrake.jawa.doctrine,Patches/MegafaunaYield.xml,"/Defs/ThingDef[defName=""VAEWaste_Toxlion""]/statBases"
Jawa Doctrine Patches,mandrake.jawa.doctrine,Patches/MegafaunaYield.xml,"/Defs/ThingDef[defName=""VAEWaste_Toxlion""]/statBases/BoneAmount"
Jawa Doctrine Patches,mandrake.jawa.doctrine,Patches/MegafaunaYield.xml,"/Defs/ThingDef[defName=""VAEWaste_Toxlion""]/statBases/BoneAmount"
Jawa Doctrine Patches,mandrake.jawa.doctrine,Patches/MegafaunaYield.xml,"/Defs/ThingDef[defName=""VAEWaste_Toxlion""]/statBases"
Jawa Doctrine Patches,mandrake.jawa.doctrine,Patches/MegafaunaYield.xml,"/Defs/ThingDef[defName=""VAEWaste_Toxscorpion""]/statBases/MeatAmount"
Jawa Doctrine Patches,mandrake.jawa.doctrine,Patches/MegafaunaYield.xml,"/Defs/ThingDef[defName=""VAEWaste_Toxscorpion""]/statBases/MeatAmount"
Jawa Doctrine Patches,mandrake.jawa.doctrine,Patches/MegafaunaYield.xml,"/Defs/ThingDef[defName=""VAEWaste_Toxscorpion""]/statBases"
Jawa Doctrine Patches,mandrake.jawa.doctrine,Patches/MegafaunaYield.xml,"/Defs/ThingDef[defName=""VAEWaste_Toxscorpion""]/statBases/BoneAmount"
Jawa Doctrine Patches,mandrake.jawa.doctrine,Patches/MegafaunaYield.xml,"/Defs/ThingDef[defName=""VAEWaste_Toxscorpion""]/statBases/BoneAmount"
Jawa Doctrine Patches,mandrake.jawa.doctrine,Patches/MegafaunaYield.xml,"/Defs/ThingDef[defName=""VAEWaste_Toxscorpion""]/statBases"
Jawa Doctrine Patches,mandrake.jawa.doctrine,Patches/MegafaunaYield.xml,"/Defs/ThingDef[defName=""VAEWaste_Wasteboar""]/statBases/MeatAmount"
Jawa Doctrine Patches,mandrake.jawa.doctrine,Patches/MegafaunaYield.xml,"/Defs/ThingDef[defName=""VAEWaste_Wasteboar""]/statBases/MeatAmount"
Jawa Doctrine Patches,mandrake.jawa.doctrine,Patches/MegafaunaYield.xml,"/Defs/ThingDef[defName=""VAEWaste_Wasteboar""]/statBases"
Jawa Doctrine Patches,mandrake.jawa.doctrine,Patches/MegafaunaYield.xml,"/Defs/ThingDef[defName=""VAEWaste_Wasteboar""]/statBases/BoneAmount"
Jawa Doctrine Patches,mandrake.jawa.doctrine,Patches/MegafaunaYield.xml,"/Defs/ThingDef[defName=""VAEWaste_Wasteboar""]/statBases/BoneAmount"
Jawa Doctrine Patches,mandrake.jawa.doctrine,Patches/MegafaunaYield.xml,"/Defs/ThingDef[defName=""VAEWaste_Wasteboar""]/statBases"
Jawa Doctrine Patches,mandrake.jawa.doctrine,Patches/MegafaunaYield.xml,"/Defs/ThingDef[defName=""VAEWaste_Wastedeer""]/statBases/MeatAmount"
Jawa Doctrine Patches,mandrake.jawa.doctrine,Patches/MegafaunaYield.xml,"/Defs/ThingDef[defName=""VAEWaste_Wastedeer""]/statBases/MeatAmount"
Jawa Doctrine Patches,mandrake.jawa.doctrine,Patches/MegafaunaYield.xml,"/Defs/ThingDef[defName=""VAEWaste_Wastedeer""]/statBases"
Jawa Doctrine Patches,mandrake.jawa.doctrine,Patches/MegafaunaYield.xml,"/Defs/ThingDef[defName=""VAEWaste_Wastedeer""]/statBases/BoneAmount"
Jawa Doctrine Patches,mandrake.jawa.doctrine,Patches/MegafaunaYield.xml,"/Defs/ThingDef[defName=""VAEWaste_Wastedeer""]/statBases/BoneAmount"
Jawa Doctrine Patches,mandrake.jawa.doctrine,Patches/MegafaunaYield.xml,"/Defs/ThingDef[defName=""VAEWaste_Wastedeer""]/statBases"
Jawa Doctrine Patches,mandrake.jawa.doctrine,Patches/MegafaunaYield.xml,"/Defs/ThingDef[defName=""VAEWaste_Wasteffalo""]/statBases/MeatAmount"
Jawa Doctrine Patches,mandrake.jawa.doctrine,Patches/MegafaunaYield.xml,"/Defs/ThingDef[defName=""VAEWaste_Wasteffalo""]/statBases/MeatAmount"
Jawa Doctrine Patches,mandrake.jawa.doctrine,Patches/MegafaunaYield.xml,"/Defs/ThingDef[defName=""VAEWaste_Wasteffalo""]/statBases"
Jawa Doctrine Patches,mandrake.jawa.doctrine,Patches/MegafaunaYield.xml,"/Defs/ThingDef[defName=""VAEWaste_Wasteffalo""]/statBases/BoneAmount"
Jawa Doctrine Patches,mandrake.jawa.doctrine,Patches/MegafaunaYield.xml,"/Defs/ThingDef[defName=""VAEWaste_Wasteffalo""]/statBases/BoneAmount"
Jawa Doctrine Patches,mandrake.jawa.doctrine,Patches/MegafaunaYield.xml,"/Defs/ThingDef[defName=""VAEWaste_Wasteffalo""]/statBases"
Jawa Doctrine Patches,mandrake.jawa.doctrine,Patches/MegafaunaYield.xml,"/Defs/ThingDef[defName=""VFEI2_Acidspitter""]/statBases/MeatAmount"
Jawa Doctrine Patches,mandrake.jawa.doctrine,Patches/MegafaunaYield.xml,"/Defs/ThingDef[defName=""VFEI2_Acidspitter""]/statBases/MeatAmount"
Jawa Doctrine Patches,mandrake.jawa.doctrine,Patches/MegafaunaYield.xml,"/Defs/ThingDef[defName=""VFEI2_Acidspitter""]/statBases"
Jawa Doctrine Patches,mandrake.jawa.doctrine,Patches/MegafaunaYield.xml,"/Defs/ThingDef[defName=""VFEI2_Acidspitter""]/statBases/BoneAmount"
Jawa Doctrine Patches,mandrake.jawa.doctrine,Patches/MegafaunaYield.xml,"/Defs/ThingDef[defName=""VFEI2_Acidspitter""]/statBases/BoneAmount"
Jawa Doctrine Patches,mandrake.jawa.doctrine,Patches/MegafaunaYield.xml,"/Defs/ThingDef[defName=""VFEI2_Acidspitter""]/statBases"
Jawa Doctrine Patches,mandrake.jawa.doctrine,Patches/MegafaunaYield.xml,"/Defs/ThingDef[defName=""VFEI2_Empress""]/statBases/MeatAmount"
Jawa Doctrine Patches,mandrake.jawa.doctrine,Patches/MegafaunaYield.xml,"/Defs/ThingDef[defName=""VFEI2_Empress""]/statBases/MeatAmount"
Jawa Doctrine Patches,mandrake.jawa.doctrine,Patches/MegafaunaYield.xml,"/Defs/ThingDef[defName=""VFEI2_Empress""]/statBases"
Jawa Doctrine Patches,mandrake.jawa.doctrine,Patches/MegafaunaYield.xml,"/Defs/ThingDef[defName=""VFEI2_Empress""]/statBases/BoneAmount"
Jawa Doctrine Patches,mandrake.jawa.doctrine,Patches/MegafaunaYield.xml,"/Defs/ThingDef[defName=""VFEI2_Empress""]/statBases/BoneAmount"
Jawa Doctrine Patches,mandrake.jawa.doctrine,Patches/MegafaunaYield.xml,"/Defs/ThingDef[defName=""VFEI2_Empress""]/statBases"
Jawa Doctrine Patches,mandrake.jawa.doctrine,Patches/MegafaunaYield.xml,"/Defs/ThingDef[defName=""VFEI2_Fuelmite""]/statBases/MeatAmount"
Jawa Doctrine Patches,mandrake.jawa.doctrine,Patches/MegafaunaYield.xml,"/Defs/ThingDef[defName=""VFEI2_Fuelmite""]/statBases/MeatAmount"
Jawa Doctrine Patches,mandrake.jawa.doctrine,Patches/MegafaunaYield.xml,"/Defs/ThingDef[defName=""VFEI2_Fuelmite""]/statBases"
Jawa Doctrine Patches,mandrake.jawa.doctrine,Patches/MegafaunaYield.xml,"/Defs/ThingDef[defName=""VFEI2_Fuelmite""]/statBases/BoneAmount"
Jawa Doctrine Patches,mandrake.jawa.doctrine,Patches/MegafaunaYield.xml,"/Defs/ThingDef[defName=""VFEI2_Fuelmite""]/statBases/BoneAmount"
Jawa Doctrine Patches,mandrake.jawa.doctrine,Patches/MegafaunaYield.xml,"/Defs/ThingDef[defName=""VFEI2_Fuelmite""]/statBases"
Jawa Doctrine Patches,mandrake.jawa.doctrine,Patches/MegafaunaYield.xml,"/Defs/ThingDef[defName=""VFEI2_Gigalocust""]/statBases/MeatAmount"
Jawa Doctrine Patches,mandrake.jawa.doctrine,Patches/MegafaunaYield.xml,"/Defs/ThingDef[defName=""VFEI2_Gigalocust""]/statBases/MeatAmount"
Jawa Doctrine Patches,mandrake.jawa.doctrine,Patches/MegafaunaYield.xml,"/Defs/ThingDef[defName=""VFEI2_Gigalocust""]/statBases"
Jawa Doctrine Patches,mandrake.jawa.doctrine,Patches/MegafaunaYield.xml,"/Defs/ThingDef[defName=""VFEI2_Gigalocust""]/statBases/BoneAmount"
Jawa Doctrine Patches,mandrake.jawa.doctrine,Patches/MegafaunaYield.xml,"/Defs/ThingDef[defName=""VFEI2_Gigalocust""]/statBases/BoneAmount"
Jawa Doctrine Patches,mandrake.jawa.doctrine,Patches/MegafaunaYield.xml,"/Defs/ThingDef[defName=""VFEI2_Gigalocust""]/statBases"
Jawa Doctrine Patches,mandrake.jawa.doctrine,Patches/MegafaunaYield.xml,"/Defs/ThingDef[defName=""VFEI2_Gigamite""]/statBases/MeatAmount"
Jawa Doctrine Patches,mandrake.jawa.doctrine,Patches/MegafaunaYield.xml,"/Defs/ThingDef[defName=""VFEI2_Gigamite""]/statBases/MeatAmount"
Jawa Doctrine Patches,mandrake.jawa.doctrine,Patches/MegafaunaYield.xml,"/Defs/ThingDef[defName=""VFEI2_Gigamite""]/statBases"
Jawa Doctrine Patches,mandrake.jawa.doctrine,Patches/MegafaunaYield.xml,"/Defs/ThingDef[defName=""VFEI2_Gigamite""]/statBases/BoneAmount"
Jawa Doctrine Patches,mandrake.jawa.doctrine,Patches/MegafaunaYield.xml,"/Defs/ThingDef[defName=""VFEI2_Gigamite""]/statBases/BoneAmount"
Jawa Doctrine Patches,mandrake.jawa.doctrine,Patches/MegafaunaYield.xml,"/Defs/ThingDef[defName=""VFEI2_Gigamite""]/statBases"
Jawa Doctrine Patches,mandrake.jawa.doctrine,Patches/MegafaunaYield.xml,"/Defs/ThingDef[defName=""VFEI2_Hellbeetle""]/statBases/MeatAmount"
Jawa Doctrine Patches,mandrake.jawa.doctrine,Patches/MegafaunaYield.xml,"/Defs/ThingDef[defName=""VFEI2_Hellbeetle""]/statBases/MeatAmount"
Jawa Doctrine Patches,mandrake.jawa.doctrine,Patches/MegafaunaYield.xml,"/Defs/ThingDef[defName=""VFEI2_Hellbeetle""]/statBases"
Jawa Doctrine Patches,mandrake.jawa.doctrine,Patches/MegafaunaYield.xml,"/Defs/ThingDef[defName=""VFEI2_Hellbeetle""]/statBases/BoneAmount"
Jawa Doctrine Patches,mandrake.jawa.doctrine,Patches/MegafaunaYield.xml,"/Defs/ThingDef[defName=""VFEI2_Hellbeetle""]/statBases/BoneAmount"
Jawa Doctrine Patches,mandrake.jawa.doctrine,Patches/MegafaunaYield.xml,"/Defs/ThingDef[defName=""VFEI2_Hellbeetle""]/statBases"
Jawa Doctrine Patches,mandrake.jawa.doctrine,Patches/MegafaunaYield.xml,"/Defs/ThingDef[defName=""VFEI2_Ironclad""]/statBases/MeatAmount"
Jawa Doctrine Patches,mandrake.jawa.doctrine,Patches/MegafaunaYield.xml,"/Defs/ThingDef[defName=""VFEI2_Ironclad""]/statBases/MeatAmount"
Jawa Doctrine Patches,mandrake.jawa.doctrine,Patches/MegafaunaYield.xml,"/Defs/ThingDef[defName=""VFEI2_Ironclad""]/statBases"
Jawa Doctrine Patches,mandrake.jawa.doctrine,Patches/MegafaunaYield.xml,"/Defs/ThingDef[defName=""VFEI2_Ironclad""]/statBases/BoneAmount"
Jawa Doctrine Patches,mandrake.jawa.doctrine,Patches/MegafaunaYield.xml,"/Defs/ThingDef[defName=""VFEI2_Ironclad""]/statBases/BoneAmount"
Jawa Doctrine Patches,mandrake.jawa.doctrine,Patches/MegafaunaYield.xml,"/Defs/ThingDef[defName=""VFEI2_Ironclad""]/statBases"
Jawa Doctrine Patches,mandrake.jawa.doctrine,Patches/MegafaunaYield.xml,"/Defs/ThingDef[defName=""VFEI2_Megapede""]/statBases/MeatAmount"
Jawa Doctrine Patches,mandrake.jawa.doctrine,Patches/MegafaunaYield.xml,"/Defs/ThingDef[defName=""VFEI2_Megapede""]/statBases/MeatAmount"
Jawa Doctrine Patches,mandrake.jawa.doctrine,Patches/MegafaunaYield.xml,"/Defs/ThingDef[defName=""VFEI2_Megapede""]/statBases"
Jawa Doctrine Patches,mandrake.jawa.doctrine,Patches/MegafaunaYield.xml,"/Defs/ThingDef[defName=""VFEI2_Megapede""]/statBases/BoneAmount"
Jawa Doctrine Patches,mandrake.jawa.doctrine,Patches/MegafaunaYield.xml,"/Defs/ThingDef[defName=""VFEI2_Megapede""]/statBases/BoneAmount"
Jawa Doctrine Patches,mandrake.jawa.doctrine,Patches/MegafaunaYield.xml,"/Defs/ThingDef[defName=""VFEI2_Megapede""]/statBases"
Jawa Doctrine Patches,mandrake.jawa.doctrine,Patches/MegafaunaYield.xml,"/Defs/ThingDef[defName=""VFEI2_Megawasp""]/statBases/MeatAmount"
Jawa Doctrine Patches,mandrake.jawa.doctrine,Patches/MegafaunaYield.xml,"/Defs/ThingDef[defName=""VFEI2_Megawasp""]/statBases/MeatAmount"
Jawa Doctrine Patches,mandrake.jawa.doctrine,Patches/MegafaunaYield.xml,"/Defs/ThingDef[defName=""VFEI2_Megawasp""]/statBases"
Jawa Doctrine Patches,mandrake.jawa.doctrine,Patches/MegafaunaYield.xml,"/Defs/ThingDef[defName=""VFEI2_Megawasp""]/statBases/BoneAmount"
Jawa Doctrine Patches,mandrake.jawa.doctrine,Patches/MegafaunaYield.xml,"/Defs/ThingDef[defName=""VFEI2_Megawasp""]/statBases/BoneAmount"
Jawa Doctrine Patches,mandrake.jawa.doctrine,Patches/MegafaunaYield.xml,"/Defs/ThingDef[defName=""VFEI2_Megawasp""]/statBases"
Jawa Doctrine Patches,mandrake.jawa.doctrine,Patches/MegafaunaYield.xml,"/Defs/ThingDef[defName=""VFEI2_Patriarch""]/statBases/MeatAmount"
Jawa Doctrine Patches,mandrake.jawa.doctrine,Patches/MegafaunaYield.xml,"/Defs/ThingDef[defName=""VFEI2_Patriarch""]/statBases/MeatAmount"
Jawa Doctrine Patches,mandrake.jawa.doctrine,Patches/MegafaunaYield.xml,"/Defs/ThingDef[defName=""VFEI2_Patriarch""]/statBases"
Jawa Doctrine Patches,mandrake.jawa.doctrine,Patches/MegafaunaYield.xml,"/Defs/ThingDef[defName=""VFEI2_Patriarch""]/statBases/BoneAmount"
Jawa Doctrine Patches,mandrake.jawa.doctrine,Patches/MegafaunaYield.xml,"/Defs/ThingDef[defName=""VFEI2_Patriarch""]/statBases/BoneAmount"
Jawa Doctrine Patches,mandrake.jawa.doctrine,Patches/MegafaunaYield.xml,"/Defs/ThingDef[defName=""VFEI2_Patriarch""]/statBases"
Jawa Doctrine Patches,mandrake.jawa.doctrine,Patches/MegafaunaYield.xml,"/Defs/ThingDef[defName=""VFEI2_Queen""]/statBases/MeatAmount"
Jawa Doctrine Patches,mandrake.jawa.doctrine,Patches/MegafaunaYield.xml,"/Defs/ThingDef[defName=""VFEI2_Queen""]/statBases/MeatAmount"
Jawa Doctrine Patches,mandrake.jawa.doctrine,Patches/MegafaunaYield.xml,"/Defs/ThingDef[defName=""VFEI2_Queen""]/statBases"
Jawa Doctrine Patches,mandrake.jawa.doctrine,Patches/MegafaunaYield.xml,"/Defs/ThingDef[defName=""VFEI2_Queen""]/statBases/BoneAmount"
Jawa Doctrine Patches,mandrake.jawa.doctrine,Patches/MegafaunaYield.xml,"/Defs/ThingDef[defName=""VFEI2_Queen""]/statBases/BoneAmount"
Jawa Doctrine Patches,mandrake.jawa.doctrine,Patches/MegafaunaYield.xml,"/Defs/ThingDef[defName=""VFEI2_Queen""]/statBases"
Jawa Doctrine Patches,mandrake.jawa.doctrine,Patches/MegafaunaYield.xml,"/Defs/ThingDef[defName=""VFEI2_RoyalMegaspider""]/statBases/MeatAmount"
Jawa Doctrine Patches,mandrake.jawa.doctrine,Patches/MegafaunaYield.xml,"/Defs/ThingDef[defName=""VFEI2_RoyalMegaspider""]/statBases/MeatAmount"
Jawa Doctrine Patches,mandrake.jawa.doctrine,Patches/MegafaunaYield.xml,"/Defs/ThingDef[defName=""VFEI2_RoyalMegaspider""]/statBases"
Jawa Doctrine Patches,mandrake.jawa.doctrine,Patches/MegafaunaYield.xml,"/Defs/ThingDef[defName=""VFEI2_RoyalMegaspider""]/statBases/BoneAmount"
Jawa Doctrine Patches,mandrake.jawa.doctrine,Patches/MegafaunaYield.xml,"/Defs/ThingDef[defName=""VFEI2_RoyalMegaspider""]/statBases/BoneAmount"
Jawa Doctrine Patches,mandrake.jawa.doctrine,Patches/MegafaunaYield.xml,"/Defs/ThingDef[defName=""VFEI2_RoyalMegaspider""]/statBases"
Jawa Doctrine Patches,mandrake.jawa.doctrine,Patches/MegafaunaYield.xml,"/Defs/ThingDef[defName=""VFEI2_RoyalSpelopede""]/statBases/MeatAmount"
Jawa Doctrine Patches,mandrake.jawa.doctrine,Patches/MegafaunaYield.xml,"/Defs/ThingDef[defName=""VFEI2_RoyalSpelopede""]/statBases/MeatAmount"
Jawa Doctrine Patches,mandrake.jawa.doctrine,Patches/MegafaunaYield.xml,"/Defs/ThingDef[defName=""VFEI2_RoyalSpelopede""]/statBases"
Jawa Doctrine Patches,mandrake.jawa.doctrine,Patches/MegafaunaYield.xml,"/Defs/ThingDef[defName=""VFEI2_RoyalSpelopede""]/statBases/BoneAmount"
Jawa Doctrine Patches,mandrake.jawa.doctrine,Patches/MegafaunaYield.xml,"/Defs/ThingDef[defName=""VFEI2_RoyalSpelopede""]/statBases/BoneAmount"
Jawa Doctrine Patches,mandrake.jawa.doctrine,Patches/MegafaunaYield.xml,"/Defs/ThingDef[defName=""VFEI2_RoyalSpelopede""]/statBases"
Jawa Doctrine Patches,mandrake.jawa.doctrine,Patches/MegafaunaYield.xml,"/Defs/ThingDef[defName=""VFEI2_Silverfish""]/statBases/MeatAmount"
Jawa Doctrine Patches,mandrake.jawa.doctrine,Patches/MegafaunaYield.xml,"/Defs/ThingDef[defName=""VFEI2_Silverfish""]/statBases/MeatAmount"
Jawa Doctrine Patches,mandrake.jawa.doctrine,Patches/MegafaunaYield.xml,"/Defs/ThingDef[defName=""VFEI2_Silverfish""]/statBases"
Jawa Doctrine Patches,mandrake.jawa.doctrine,Patches/MegafaunaYield.xml,"/Defs/ThingDef[defName=""VFEI2_Silverfish""]/statBases/BoneAmount"
Jawa Doctrine Patches,mandrake.jawa.doctrine,Patches/MegafaunaYield.xml,"/Defs/ThingDef[defName=""VFEI2_Silverfish""]/statBases/BoneAmount"
Jawa Doctrine Patches,mandrake.jawa.doctrine,Patches/MegafaunaYield.xml,"/Defs/ThingDef[defName=""VFEI2_Silverfish""]/statBases"
Jawa Doctrine Patches,mandrake.jawa.doctrine,Patches/MegafaunaYield.xml,"/Defs/ThingDef[defName=""VFEI2_Tankroach""]/statBases/MeatAmount"
Jawa Doctrine Patches,mandrake.jawa.doctrine,Patches/MegafaunaYield.xml,"/Defs/ThingDef[defName=""VFEI2_Tankroach""]/statBases/MeatAmount"
Jawa Doctrine Patches,mandrake.jawa.doctrine,Patches/MegafaunaYield.xml,"/Defs/ThingDef[defName=""VFEI2_Tankroach""]/statBases"
Jawa Doctrine Patches,mandrake.jawa.doctrine,Patches/MegafaunaYield.xml,"/Defs/ThingDef[defName=""VFEI2_Tankroach""]/statBases/BoneAmount"
Jawa Doctrine Patches,mandrake.jawa.doctrine,Patches/MegafaunaYield.xml,"/Defs/ThingDef[defName=""VFEI2_Tankroach""]/statBases/BoneAmount"
Jawa Doctrine Patches,mandrake.jawa.doctrine,Patches/MegafaunaYield.xml,"/Defs/ThingDef[defName=""VFEI2_Tankroach""]/statBases"
Jawa Doctrine Patches,mandrake.jawa.doctrine,Patches/MegafaunaYield.xml,"/Defs/ThingDef[defName=""VFEI2_Teramantis""]/statBases/MeatAmount"
Jawa Doctrine Patches,mandrake.jawa.doctrine,Patches/MegafaunaYield.xml,"/Defs/ThingDef[defName=""VFEI2_Teramantis""]/statBases/MeatAmount"
Jawa Doctrine Patches,mandrake.jawa.doctrine,Patches/MegafaunaYield.xml,"/Defs/ThingDef[defName=""VFEI2_Teramantis""]/statBases"
Jawa Doctrine Patches,mandrake.jawa.doctrine,Patches/MegafaunaYield.xml,"/Defs/ThingDef[defName=""VFEI2_Teramantis""]/statBases/BoneAmount"
Jawa Doctrine Patches,mandrake.jawa.doctrine,Patches/MegafaunaYield.xml,"/Defs/ThingDef[defName=""VFEI2_Teramantis""]/statBases/BoneAmount"
Jawa Doctrine Patches,mandrake.jawa.doctrine,Patches/MegafaunaYield.xml,"/Defs/ThingDef[defName=""VFEI2_Teramantis""]/statBases"
Jawa Doctrine Patches,mandrake.jawa.doctrine,Patches/MegafaunaYield.xml,"/Defs/ThingDef[defName=""VFEI2_Titantick""]/statBases/MeatAmount"
Jawa Doctrine Patches,mandrake.jawa.doctrine,Patches/MegafaunaYield.xml,"/Defs/ThingDef[defName=""VFEI2_Titantick""]/statBases/MeatAmount"
Jawa Doctrine Patches,mandrake.jawa.doctrine,Patches/MegafaunaYield.xml,"/Defs/ThingDef[defName=""VFEI2_Titantick""]/statBases"
Jawa Doctrine Patches,mandrake.jawa.doctrine,Patches/MegafaunaYield.xml,"/Defs/ThingDef[defName=""VFEI2_Titantick""]/statBases/BoneAmount"
Jawa Doctrine Patches,mandrake.jawa.doctrine,Patches/MegafaunaYield.xml,"/Defs/ThingDef[defName=""VFEI2_Titantick""]/statBases/BoneAmount"
Jawa Doctrine Patches,mandrake.jawa.doctrine,Patches/MegafaunaYield.xml,"/Defs/ThingDef[defName=""VFEI2_Titantick""]/statBases"
Jawa Doctrine Patches,mandrake.jawa.doctrine,Patches/MegafaunaYield.xml,"/Defs/ThingDef[defName=""VFEI2_Venomite""]/statBases/MeatAmount"
Jawa Doctrine Patches,mandrake.jawa.doctrine,Patches/MegafaunaYield.xml,"/Defs/ThingDef[defName=""VFEI2_Venomite""]/statBases/MeatAmount"
Jawa Doctrine Patches,mandrake.jawa.doctrine,Patches/MegafaunaYield.xml,"/Defs/ThingDef[defName=""VFEI2_Venomite""]/statBases"
Jawa Doctrine Patches,mandrake.jawa.doctrine,Patches/MegafaunaYield.xml,"/Defs/ThingDef[defName=""VFEI2_Venomite""]/statBases/BoneAmount"
Jawa Doctrine Patches,mandrake.jawa.doctrine,Patches/MegafaunaYield.xml,"/Defs/ThingDef[defName=""VFEI2_Venomite""]/statBases/BoneAmount"
Jawa Doctrine Patches,mandrake.jawa.doctrine,Patches/MegafaunaYield.xml,"/Defs/ThingDef[defName=""VFEI2_Venomite""]/statBases"
Jawa Doctrine Patches,mandrake.jawa.doctrine,Patches/MegafaunaYield.xml,"/Defs/ThingDef[defName=""GR_Elasmobearium""]/statBases/MeatAmount"
Jawa Doctrine Patches,mandrake.jawa.doctrine,Patches/MegafaunaYield.xml,"/Defs/ThingDef[defName=""GR_Elasmobearium""]/statBases/MeatAmount"
Jawa Doctrine Patches,mandrake.jawa.doctrine,Patches/MegafaunaYield.xml,"/Defs/ThingDef[defName=""GR_Elasmobearium""]/statBases"
Jawa Doctrine Patches,mandrake.jawa.doctrine,Patches/MegafaunaYield.xml,"/Defs/ThingDef[defName=""GR_Elasmobearium""]/statBases/BoneAmount"
Jawa Doctrine Patches,mandrake.jawa.doctrine,Patches/MegafaunaYield.xml,"/Defs/ThingDef[defName=""GR_Elasmobearium""]/statBases/BoneAmount"
Jawa Doctrine Patches,mandrake.jawa.doctrine,Patches/MegafaunaYield.xml,"/Defs/ThingDef[defName=""GR_Elasmobearium""]/statBases"
Jawa Doctrine Patches,mandrake.jawa.doctrine,Patches/MegafaunaYield.xml,"/Defs/ThingDef[defName=""GR_Boomnotherium""]/statBases/MeatAmount"
Jawa Doctrine Patches,mandrake.jawa.doctrine,Patches/MegafaunaYield.xml,"/Defs/ThingDef[defName=""GR_Boomnotherium""]/statBases/MeatAmount"
Jawa Doctrine Patches,mandrake.jawa.doctrine,Patches/MegafaunaYield.xml,"/Defs/ThingDef[defName=""GR_Boomnotherium""]/statBases"
Jawa Doctrine Patches,mandrake.jawa.doctrine,Patches/MegafaunaYield.xml,"/Defs/ThingDef[defName=""GR_Boomnotherium""]/statBases/BoneAmount"
Jawa Doctrine Patches,mandrake.jawa.doctrine,Patches/MegafaunaYield.xml,"/Defs/ThingDef[defName=""GR_Boomnotherium""]/statBases/BoneAmount"
Jawa Doctrine Patches,mandrake.jawa.doctrine,Patches/MegafaunaYield.xml,"/Defs/ThingDef[defName=""GR_Boomnotherium""]/statBases"
Jawa Doctrine Patches,mandrake.jawa.doctrine,Patches/MegafaunaYield.xml,"/Defs/ThingDef[defName=""GR_Chickenlodon""]/statBases/MeatAmount"
Jawa Doctrine Patches,mandrake.jawa.doctrine,Patches/MegafaunaYield.xml,"/Defs/ThingDef[defName=""GR_Chickenlodon""]/statBases/MeatAmount"
Jawa Doctrine Patches,mandrake.jawa.doctrine,Patches/MegafaunaYield.xml,"/Defs/ThingDef[defName=""GR_Chickenlodon""]/statBases"
Jawa Doctrine Patches,mandrake.jawa.doctrine,Patches/MegafaunaYield.xml,"/Defs/ThingDef[defName=""GR_Chickenlodon""]/statBases/BoneAmount"
Jawa Doctrine Patches,mandrake.jawa.doctrine,Patches/MegafaunaYield.xml,"/Defs/ThingDef[defName=""GR_Chickenlodon""]/statBases/BoneAmount"
Jawa Doctrine Patches,mandrake.jawa.doctrine,Patches/MegafaunaYield.xml,"/Defs/ThingDef[defName=""GR_Chickenlodon""]/statBases"
Jawa Doctrine Patches,mandrake.jawa.doctrine,Patches/MegafaunaYield.xml,"/Defs/ThingDef[defName=""GR_Mantistanis""]/statBases/MeatAmount"
Jawa Doctrine Patches,mandrake.jawa.doctrine,Patches/MegafaunaYield.xml,"/Defs/ThingDef[defName=""GR_Mantistanis""]/statBases/MeatAmount"
Jawa Doctrine Patches,mandrake.jawa.doctrine,Patches/MegafaunaYield.xml,"/Defs/ThingDef[defName=""GR_Mantistanis""]/statBases"
Jawa Doctrine Patches,mandrake.jawa.doctrine,Patches/MegafaunaYield.xml,"/Defs/ThingDef[defName=""GR_Mantistanis""]/statBases/BoneAmount"
Jawa Doctrine Patches,mandrake.jawa.doctrine,Patches/MegafaunaYield.xml,"/Defs/ThingDef[defName=""GR_Mantistanis""]/statBases/BoneAmount"
Jawa Doctrine Patches,mandrake.jawa.doctrine,Patches/MegafaunaYield.xml,"/Defs/ThingDef[defName=""GR_Mantistanis""]/statBases"
Jawa Doctrine Patches,mandrake.jawa.doctrine,Patches/MegafaunaYield.xml,"/Defs/ThingDef[defName=""GR_Paraceramuffalo""]/statBases/MeatAmount"
Jawa Doctrine Patches,mandrake.jawa.doctrine,Patches/MegafaunaYield.xml,"/Defs/ThingDef[defName=""GR_Paraceramuffalo""]/statBases/MeatAmount"
Jawa Doctrine Patches,mandrake.jawa.doctrine,Patches/MegafaunaYield.xml,"/Defs/ThingDef[defName=""GR_Paraceramuffalo""]/statBases"
Jawa Doctrine Patches,mandrake.jawa.doctrine,Patches/MegafaunaYield.xml,"/Defs/ThingDef[defName=""GR_Paraceramuffalo""]/statBases/BoneAmount"
Jawa Doctrine Patches,mandrake.jawa.doctrine,Patches/MegafaunaYield.xml,"/Defs/ThingDef[defName=""GR_Paraceramuffalo""]/statBases/BoneAmount"
Jawa Doctrine Patches,mandrake.jawa.doctrine,Patches/MegafaunaYield.xml,"/Defs/ThingDef[defName=""GR_Paraceramuffalo""]/statBases"
Jawa Doctrine Patches,mandrake.jawa.doctrine,Patches/MegafaunaYield.xml,"/Defs/ThingDef[defName=""GR_Lizardochs""]/statBases/MeatAmount"
Jawa Doctrine Patches,mandrake.jawa.doctrine,Patches/MegafaunaYield.xml,"/Defs/ThingDef[defName=""GR_Lizardochs""]/statBases/MeatAmount"
Jawa Doctrine Patches,mandrake.jawa.doctrine,Patches/MegafaunaYield.xml,"/Defs/ThingDef[defName=""GR_Lizardochs""]/statBases"
Jawa Doctrine Patches,mandrake.jawa.doctrine,Patches/MegafaunaYield.xml,"/Defs/ThingDef[defName=""GR_Lizardochs""]/statBases/BoneAmount"
Jawa Doctrine Patches,mandrake.jawa.doctrine,Patches/MegafaunaYield.xml,"/Defs/ThingDef[defName=""GR_Lizardochs""]/statBases/BoneAmount"
Jawa Doctrine Patches,mandrake.jawa.doctrine,Patches/MegafaunaYield.xml,"/Defs/ThingDef[defName=""GR_Lizardochs""]/statBases"
Jawa Doctrine Patches,mandrake.jawa.doctrine,Patches/MegafaunaYield.xml,"/Defs/ThingDef[defName=""GR_Thrumdraeodon""]/statBases/MeatAmount"
Jawa Doctrine Patches,mandrake.jawa.doctrine,Patches/MegafaunaYield.xml,"/Defs/ThingDef[defName=""GR_Thrumdraeodon""]/statBases/MeatAmount"
Jawa Doctrine Patches,mandrake.jawa.doctrine,Patches/MegafaunaYield.xml,"/Defs/ThingDef[defName=""GR_Thrumdraeodon""]/statBases"
Jawa Doctrine Patches,mandrake.jawa.doctrine,Patches/MegafaunaYield.xml,"/Defs/ThingDef[defName=""GR_Thrumdraeodon""]/statBases/BoneAmount"
Jawa Doctrine Patches,mandrake.jawa.doctrine,Patches/MegafaunaYield.xml,"/Defs/ThingDef[defName=""GR_Thrumdraeodon""]/statBases/BoneAmount"
Jawa Doctrine Patches,mandrake.jawa.doctrine,Patches/MegafaunaYield.xml,"/Defs/ThingDef[defName=""GR_Thrumdraeodon""]/statBases"
Jawa Doctrine Patches,mandrake.jawa.doctrine,Patches/MegafaunaYield.xml,"/Defs/ThingDef[defName=""GR_WoolyWolf""]/statBases/MeatAmount"
Jawa Doctrine Patches,mandrake.jawa.doctrine,Patches/MegafaunaYield.xml,"/Defs/ThingDef[defName=""GR_WoolyWolf""]/statBases/MeatAmount"
Jawa Doctrine Patches,mandrake.jawa.doctrine,Patches/MegafaunaYield.xml,"/Defs/ThingDef[defName=""GR_WoolyWolf""]/statBases"
Jawa Doctrine Patches,mandrake.jawa.doctrine,Patches/MegafaunaYield.xml,"/Defs/ThingDef[defName=""GR_WoolyWolf""]/statBases/BoneAmount"
Jawa Doctrine Patches,mandrake.jawa.doctrine,Patches/MegafaunaYield.xml,"/Defs/ThingDef[defName=""GR_WoolyWolf""]/statBases/BoneAmount"
Jawa Doctrine Patches,mandrake.jawa.doctrine,Patches/MegafaunaYield.xml,"/Defs/ThingDef[defName=""GR_WoolyWolf""]/statBases"
Jawa Doctrine Patches,mandrake.jawa.doctrine,Patches/MegafaunaYield.xml,"/Defs/ThingDef[defName=""GR_BearBug""]/statBases/MeatAmount"
Jawa Doctrine Patches,mandrake.jawa.doctrine,Patches/MegafaunaYield.xml,"/Defs/ThingDef[defName=""GR_BearBug""]/statBases/MeatAmount"
Jawa Doctrine Patches,mandrake.jawa.doctrine,Patches/MegafaunaYield.xml,"/Defs/ThingDef[defName=""GR_BearBug""]/statBases"
Jawa Doctrine Patches,mandrake.jawa.doctrine,Patches/MegafaunaYield.xml,"/Defs/ThingDef[defName=""GR_BearBug""]/statBases/BoneAmount"
Jawa Doctrine Patches,mandrake.jawa.doctrine,Patches/MegafaunaYield.xml,"/Defs/ThingDef[defName=""GR_BearBug""]/statBases/BoneAmount"
Jawa Doctrine Patches,mandrake.jawa.doctrine,Patches/MegafaunaYield.xml,"/Defs/ThingDef[defName=""GR_BearBug""]/statBases"
Jawa Doctrine Patches,mandrake.jawa.doctrine,Patches/MegafaunaYield.xml,"/Defs/ThingDef[defName=""GR_Boomalisk""]/statBases/MeatAmount"
Jawa Doctrine Patches,mandrake.jawa.doctrine,Patches/MegafaunaYield.xml,"/Defs/ThingDef[defName=""GR_Boomalisk""]/statBases/MeatAmount"
Jawa Doctrine Patches,mandrake.jawa.doctrine,Patches/MegafaunaYield.xml,"/Defs/ThingDef[defName=""GR_Boomalisk""]/statBases"
Jawa Doctrine Patches,mandrake.jawa.doctrine,Patches/MegafaunaYield.xml,"/Defs/ThingDef[defName=""GR_Boomalisk""]/statBases/BoneAmount"
Jawa Doctrine Patches,mandrake.jawa.doctrine,Patches/MegafaunaYield.xml,"/Defs/ThingDef[defName=""GR_Boomalisk""]/statBases/BoneAmount"
Jawa Doctrine Patches,mandrake.jawa.doctrine,Patches/MegafaunaYield.xml,"/Defs/ThingDef[defName=""GR_Boomalisk""]/statBases"
Jawa Doctrine Patches,mandrake.jawa.doctrine,Patches/MegafaunaYield.xml,"/Defs/ThingDef[defName=""GR_Groundffalo""]/statBases/MeatAmount"
Jawa Doctrine Patches,mandrake.jawa.doctrine,Patches/MegafaunaYield.xml,"/Defs/ThingDef[defName=""GR_Groundffalo""]/statBases/MeatAmount"
Jawa Doctrine Patches,mandrake.jawa.doctrine,Patches/MegafaunaYield.xml,"/Defs/ThingDef[defName=""GR_Groundffalo""]/statBases"
Jawa Doctrine Patches,mandrake.jawa.doctrine,Patches/MegafaunaYield.xml,"/Defs/ThingDef[defName=""GR_Groundffalo""]/statBases/BoneAmount"
Jawa Doctrine Patches,mandrake.jawa.doctrine,Patches/MegafaunaYield.xml,"/Defs/ThingDef[defName=""GR_Groundffalo""]/statBases/BoneAmount"
Jawa Doctrine Patches,mandrake.jawa.doctrine,Patches/MegafaunaYield.xml,"/Defs/ThingDef[defName=""GR_Groundffalo""]/statBases"
Jawa Doctrine Patches,mandrake.jawa.doctrine,Patches/MegafaunaYield.xml,"/Defs/ThingDef[defName=""GR_MeadowLizard""]/statBases/MeatAmount"
Jawa Doctrine Patches,mandrake.jawa.doctrine,Patches/MegafaunaYield.xml,"/Defs/ThingDef[defName=""GR_MeadowLizard""]/statBases/MeatAmount"
Jawa Doctrine Patches,mandrake.jawa.doctrine,Patches/MegafaunaYield.xml,"/Defs/ThingDef[defName=""GR_MeadowLizard""]/statBases"
Jawa Doctrine Patches,mandrake.jawa.doctrine,Patches/MegafaunaYield.xml,"/Defs/ThingDef[defName=""GR_MeadowLizard""]/statBases/BoneAmount"
Jawa Doctrine Patches,mandrake.jawa.doctrine,Patches/MegafaunaYield.xml,"/Defs/ThingDef[defName=""GR_MeadowLizard""]/statBases/BoneAmount"
Jawa Doctrine Patches,mandrake.jawa.doctrine,Patches/MegafaunaYield.xml,"/Defs/ThingDef[defName=""GR_MeadowLizard""]/statBases"
Jawa Doctrine Patches,mandrake.jawa.doctrine,Patches/MegafaunaYield.xml,"/Defs/ThingDef[defName=""GR_Nighthrumbo""]/statBases/MeatAmount"
Jawa Doctrine Patches,mandrake.jawa.doctrine,Patches/MegafaunaYield.xml,"/Defs/ThingDef[defName=""GR_Nighthrumbo""]/statBases/MeatAmount"
Jawa Doctrine Patches,mandrake.jawa.doctrine,Patches/MegafaunaYield.xml,"/Defs/ThingDef[defName=""GR_Nighthrumbo""]/statBases"
Jawa Doctrine Patches,mandrake.jawa.doctrine,Patches/MegafaunaYield.xml,"/Defs/ThingDef[defName=""GR_Nighthrumbo""]/statBases/BoneAmount"
Jawa Doctrine Patches,mandrake.jawa.doctrine,Patches/MegafaunaYield.xml,"/Defs/ThingDef[defName=""GR_Nighthrumbo""]/statBases/BoneAmount"
Jawa Doctrine Patches,mandrake.jawa.doctrine,Patches/MegafaunaYield.xml,"/Defs/ThingDef[defName=""GR_Nighthrumbo""]/statBases"
Jawa Doctrine Patches,mandrake.jawa.doctrine,Patches/MegafaunaYield.xml,"/Defs/ThingDef[defName=""GR_WolfShrimp""]/statBases/MeatAmount"
Jawa Doctrine Patches,mandrake.jawa.doctrine,Patches/MegafaunaYield.xml,"/Defs/ThingDef[defName=""GR_WolfShrimp""]/statBases/MeatAmount"
Jawa Doctrine Patches,mandrake.jawa.doctrine,Patches/MegafaunaYield.xml,"/Defs/ThingDef[defName=""GR_WolfShrimp""]/statBases"
Jawa Doctrine Patches,mandrake.jawa.doctrine,Patches/MegafaunaYield.xml,"/Defs/ThingDef[defName=""GR_WolfShrimp""]/statBases/BoneAmount"
Jawa Doctrine Patches,mandrake.jawa.doctrine,Patches/MegafaunaYield.xml,"/Defs/ThingDef[defName=""GR_WolfShrimp""]/statBases/BoneAmount"
Jawa Doctrine Patches,mandrake.jawa.doctrine,Patches/MegafaunaYield.xml,"/Defs/ThingDef[defName=""GR_WolfShrimp""]/statBases"
Jawa Doctrine Patches,mandrake.jawa.doctrine,Patches/MegafaunaYield.xml,"/Defs/ThingDef[defName=""GR_ArchotechCentipede""]/statBases/BoneAmount"
Jawa Doctrine Patches,mandrake.jawa.doctrine,Patches/MegafaunaYield.xml,"/Defs/ThingDef[defName=""GR_ArchotechCentipede""]/statBases/BoneAmount"
Jawa Doctrine Patches,mandrake.jawa.doctrine,Patches/MegafaunaYield.xml,"/Defs/ThingDef[defName=""GR_ArchotechCentipede""]/statBases"
Jawa Doctrine Patches,mandrake.jawa.doctrine,Patches/MegafaunaYield.xml,"/Defs/ThingDef[defName=""GR_Boomabear""]/statBases/MeatAmount"
Jawa Doctrine Patches,mandrake.jawa.doctrine,Patches/MegafaunaYield.xml,"/Defs/ThingDef[defName=""GR_Boomabear""]/statBases/MeatAmount"
Jawa Doctrine Patches,mandrake.jawa.doctrine,Patches/MegafaunaYield.xml,"/Defs/ThingDef[defName=""GR_Boomabear""]/statBases"
Jawa Doctrine Patches,mandrake.jawa.doctrine,Patches/MegafaunaYield.xml,"/Defs/ThingDef[defName=""GR_Boomabear""]/statBases/BoneAmount"
Jawa Doctrine Patches,mandrake.jawa.doctrine,Patches/MegafaunaYield.xml,"/Defs/ThingDef[defName=""GR_Boomabear""]/statBases/BoneAmount"
Jawa Doctrine Patches,mandrake.jawa.doctrine,Patches/MegafaunaYield.xml,"/Defs/ThingDef[defName=""GR_Boomabear""]/statBases"
Jawa Doctrine Patches,mandrake.jawa.doctrine,Patches/MegafaunaYield.xml,"/Defs/ThingDef[defName=""GR_Boomffalo""]/statBases/MeatAmount"
Jawa Doctrine Patches,mandrake.jawa.doctrine,Patches/MegafaunaYield.xml,"/Defs/ThingDef[defName=""GR_Boomffalo""]/statBases/MeatAmount"
Jawa Doctrine Patches,mandrake.jawa.doctrine,Patches/MegafaunaYield.xml,"/Defs/ThingDef[defName=""GR_Boomffalo""]/statBases"
Jawa Doctrine Patches,mandrake.jawa.doctrine,Patches/MegafaunaYield.xml,"/Defs/ThingDef[defName=""GR_Boomffalo""]/statBases/BoneAmount"
Jawa Doctrine Patches,mandrake.jawa.doctrine,Patches/MegafaunaYield.xml,"/Defs/ThingDef[defName=""GR_Boomffalo""]/statBases/BoneAmount"
Jawa Doctrine Patches,mandrake.jawa.doctrine,Patches/MegafaunaYield.xml,"/Defs/ThingDef[defName=""GR_Boomffalo""]/statBases"
Jawa Doctrine Patches,mandrake.jawa.doctrine,Patches/MegafaunaYield.xml,"/Defs/ThingDef[defName=""GR_Boomwolf""]/statBases/MeatAmount"
Jawa Doctrine Patches,mandrake.jawa.doctrine,Patches/MegafaunaYield.xml,"/Defs/ThingDef[defName=""GR_Boomwolf""]/statBases/MeatAmount"
Jawa Doctrine Patches,mandrake.jawa.doctrine,Patches/MegafaunaYield.xml,"/Defs/ThingDef[defName=""GR_Boomwolf""]/statBases"
Jawa Doctrine Patches,mandrake.jawa.doctrine,Patches/MegafaunaYield.xml,"/Defs/ThingDef[defName=""GR_Boomwolf""]/statBases/BoneAmount"
Jawa Doctrine Patches,mandrake.jawa.doctrine,Patches/MegafaunaYield.xml,"/Defs/ThingDef[defName=""GR_Boomwolf""]/statBases/BoneAmount"
Jawa Doctrine Patches,mandrake.jawa.doctrine,Patches/MegafaunaYield.xml,"/Defs/ThingDef[defName=""GR_Boomwolf""]/statBases"
Jawa Doctrine Patches,mandrake.jawa.doctrine,Patches/MegafaunaYield.xml,"/Defs/ThingDef[defName=""GR_Boomsquirrel""]/statBases/MeatAmount"
Jawa Doctrine Patches,mandrake.jawa.doctrine,Patches/MegafaunaYield.xml,"/Defs/ThingDef[defName=""GR_Boomsquirrel""]/statBases/MeatAmount"
Jawa Doctrine Patches,mandrake.jawa.doctrine,Patches/MegafaunaYield.xml,"/Defs/ThingDef[defName=""GR_Boomsquirrel""]/statBases"
Jawa Doctrine Patches,mandrake.jawa.doctrine,Patches/MegafaunaYield.xml,"/Defs/ThingDef[defName=""GR_Boomsquirrel""]/statBases/BoneAmount"
Jawa Doctrine Patches,mandrake.jawa.doctrine,Patches/MegafaunaYield.xml,"/Defs/ThingDef[defName=""GR_Boomsquirrel""]/statBases/BoneAmount"
Jawa Doctrine Patches,mandrake.jawa.doctrine,Patches/MegafaunaYield.xml,"/Defs/ThingDef[defName=""GR_Boomsquirrel""]/statBases"
Jawa Doctrine Patches,mandrake.jawa.doctrine,Patches/MegafaunaYield.xml,"/Defs/ThingDef[defName=""GR_Boomcat""]/statBases/MeatAmount"
Jawa Doctrine Patches,mandrake.jawa.doctrine,Patches/MegafaunaYield.xml,"/Defs/ThingDef[defName=""GR_Boomcat""]/statBases/MeatAmount"
Jawa Doctrine Patches,mandrake.jawa.doctrine,Patches/MegafaunaYield.xml,"/Defs/ThingDef[defName=""GR_Boomcat""]/statBases"
Jawa Doctrine Patches,mandrake.jawa.doctrine,Patches/MegafaunaYield.xml,"/Defs/ThingDef[defName=""GR_Boomcat""]/statBases/BoneAmount"
Jawa Doctrine Patches,mandrake.jawa.doctrine,Patches/MegafaunaYield.xml,"/Defs/ThingDef[defName=""GR_Boomcat""]/statBases/BoneAmount"
Jawa Doctrine Patches,mandrake.jawa.doctrine,Patches/MegafaunaYield.xml,"/Defs/ThingDef[defName=""GR_Boomcat""]/statBases"
Jawa Doctrine Patches,mandrake.jawa.doctrine,Patches/MegafaunaYield.xml,"/Defs/ThingDef[defName=""GR_Booman""]/statBases/MeatAmount"
Jawa Doctrine Patches,mandrake.jawa.doctrine,Patches/MegafaunaYield.xml,"/Defs/ThingDef[defName=""GR_Booman""]/statBases/MeatAmount"
Jawa Doctrine Patches,mandrake.jawa.doctrine,Patches/MegafaunaYield.xml,"/Defs/ThingDef[defName=""GR_Booman""]/statBases"
Jawa Doctrine Patches,mandrake.jawa.doctrine,Patches/MegafaunaYield.xml,"/Defs/ThingDef[defName=""GR_Booman""]/statBases/BoneAmount"
Jawa Doctrine Patches,mandrake.jawa.doctrine,Patches/MegafaunaYield.xml,"/Defs/ThingDef[defName=""GR_Booman""]/statBases/BoneAmount"
Jawa Doctrine Patches,mandrake.jawa.doctrine,Patches/MegafaunaYield.xml,"/Defs/ThingDef[defName=""GR_Booman""]/statBases"
Jawa Doctrine Patches,mandrake.jawa.doctrine,Patches/MegafaunaYield.xml,"/Defs/ThingDef[defName=""GR_Wolffalo""]/statBases/MeatAmount"
Jawa Doctrine Patches,mandrake.jawa.doctrine,Patches/MegafaunaYield.xml,"/Defs/ThingDef[defName=""GR_Wolffalo""]/statBases/MeatAmount"
Jawa Doctrine Patches,mandrake.jawa.doctrine,Patches/MegafaunaYield.xml,"/Defs/ThingDef[defName=""GR_Wolffalo""]/statBases"
Jawa Doctrine Patches,mandrake.jawa.doctrine,Patches/MegafaunaYield.xml,"/Defs/ThingDef[defName=""GR_Wolffalo""]/statBases/BoneAmount"
Jawa Doctrine Patches,mandrake.jawa.doctrine,Patches/MegafaunaYield.xml,"/Defs/ThingDef[defName=""GR_Wolffalo""]/statBases/BoneAmount"
Jawa Doctrine Patches,mandrake.jawa.doctrine,Patches/MegafaunaYield.xml,"/Defs/ThingDef[defName=""GR_Wolffalo""]/statBases"
Jawa Doctrine Patches,mandrake.jawa.doctrine,Patches/MegafaunaYield.xml,"/Defs/ThingDef[defName=""GR_Thrumbear""]/statBases/MeatAmount"
Jawa Doctrine Patches,mandrake.jawa.doctrine,Patches/MegafaunaYield.xml,"/Defs/ThingDef[defName=""GR_Thrumbear""]/statBases/MeatAmount"
Jawa Doctrine Patches,mandrake.jawa.doctrine,Patches/MegafaunaYield.xml,"/Defs/ThingDef[defName=""GR_Thrumbear""]/statBases"
Jawa Doctrine Patches,mandrake.jawa.doctrine,Patches/MegafaunaYield.xml,"/Defs/ThingDef[defName=""GR_Thrumbear""]/statBases/BoneAmount"
Jawa Doctrine Patches,mandrake.jawa.doctrine,Patches/MegafaunaYield.xml,"/Defs/ThingDef[defName=""GR_Thrumbear""]/statBases/BoneAmount"
Jawa Doctrine Patches,mandrake.jawa.doctrine,Patches/MegafaunaYield.xml,"/Defs/ThingDef[defName=""GR_Thrumbear""]/statBases"
Jawa Doctrine Patches,mandrake.jawa.doctrine,Patches/MegafaunaYield.xml,"/Defs/ThingDef[defName=""GR_Thrumbalope""]/statBases/MeatAmount"
Jawa Doctrine Patches,mandrake.jawa.doctrine,Patches/MegafaunaYield.xml,"/Defs/ThingDef[defName=""GR_Thrumbalope""]/statBases/MeatAmount"
Jawa Doctrine Patches,mandrake.jawa.doctrine,Patches/MegafaunaYield.xml,"/Defs/ThingDef[defName=""GR_Thrumbalope""]/statBases"
Jawa Doctrine Patches,mandrake.jawa.doctrine,Patches/MegafaunaYield.xml,"/Defs/ThingDef[defName=""GR_Thrumbalope""]/statBases/BoneAmount"
Jawa Doctrine Patches,mandrake.jawa.doctrine,Patches/MegafaunaYield.xml,"/Defs/ThingDef[defName=""GR_Thrumbalope""]/statBases/BoneAmount"
Jawa Doctrine Patches,mandrake.jawa.doctrine,Patches/MegafaunaYield.xml,"/Defs/ThingDef[defName=""GR_Thrumbalope""]/statBases"
Jawa Doctrine Patches,mandrake.jawa.doctrine,Patches/MegafaunaYield.xml,"/Defs/ThingDef[defName=""GR_Thrumbochicken""]/statBases/MeatAmount"
Jawa Doctrine Patches,mandrake.jawa.doctrine,Patches/MegafaunaYield.xml,"/Defs/ThingDef[defName=""GR_Thrumbochicken""]/statBases/MeatAmount"
Jawa Doctrine Patches,mandrake.jawa.doctrine,Patches/MegafaunaYield.xml,"/Defs/ThingDef[defName=""GR_Thrumbochicken""]/statBases"
Jawa Doctrine Patches,mandrake.jawa.doctrine,Patches/MegafaunaYield.xml,"/Defs/ThingDef[defName=""GR_Thrumbochicken""]/statBases/BoneAmount"
Jawa Doctrine Patches,mandrake.jawa.doctrine,Patches/MegafaunaYield.xml,"/Defs/ThingDef[defName=""GR_Thrumbochicken""]/statBases/BoneAmount"
Jawa Doctrine Patches,mandrake.jawa.doctrine,Patches/MegafaunaYield.xml,"/Defs/ThingDef[defName=""GR_Thrumbochicken""]/statBases"
Jawa Doctrine Patches,mandrake.jawa.doctrine,Patches/MegafaunaYield.xml,"/Defs/ThingDef[defName=""GR_Thrumffalo""]/statBases/MeatAmount"
Jawa Doctrine Patches,mandrake.jawa.doctrine,Patches/MegafaunaYield.xml,"/Defs/ThingDef[defName=""GR_Thrumffalo""]/statBases/MeatAmount"
Jawa Doctrine Patches,mandrake.jawa.doctrine,Patches/MegafaunaYield.xml,"/Defs/ThingDef[defName=""GR_Thrumffalo""]/statBases"
Jawa Doctrine Patches,mandrake.jawa.doctrine,Patches/MegafaunaYield.xml,"/Defs/ThingDef[defName=""GR_Thrumffalo""]/statBases/BoneAmount"
Jawa Doctrine Patches,mandrake.jawa.doctrine,Patches/MegafaunaYield.xml,"/Defs/ThingDef[defName=""GR_Thrumffalo""]/statBases/BoneAmount"
Jawa Doctrine Patches,mandrake.jawa.doctrine,Patches/MegafaunaYield.xml,"/Defs/ThingDef[defName=""GR_Thrumffalo""]/statBases"
Jawa Doctrine Patches,mandrake.jawa.doctrine,Patches/MegafaunaYield.xml,"/Defs/ThingDef[defName=""GR_Thrumwolf""]/statBases/MeatAmount"
Jawa Doctrine Patches,mandrake.jawa.doctrine,Patches/MegafaunaYield.xml,"/Defs/ThingDef[defName=""GR_Thrumwolf""]/statBases/MeatAmount"
Jawa Doctrine Patches,mandrake.jawa.doctrine,Patches/MegafaunaYield.xml,"/Defs/ThingDef[defName=""GR_Thrumwolf""]/statBases"
Jawa Doctrine Patches,mandrake.jawa.doctrine,Patches/MegafaunaYield.xml,"/Defs/ThingDef[defName=""GR_Thrumwolf""]/statBases/BoneAmount"
Jawa Doctrine Patches,mandrake.jawa.doctrine,Patches/MegafaunaYield.xml,"/Defs/ThingDef[defName=""GR_Thrumwolf""]/statBases/BoneAmount"
Jawa Doctrine Patches,mandrake.jawa.doctrine,Patches/MegafaunaYield.xml,"/Defs/ThingDef[defName=""GR_Thrumwolf""]/statBases"
Jawa Doctrine Patches,mandrake.jawa.doctrine,Patches/MegafaunaYield.xml,"/Defs/ThingDef[defName=""GR_Thrumbocat""]/statBases/MeatAmount"
Jawa Doctrine Patches,mandrake.jawa.doctrine,Patches/MegafaunaYield.xml,"/Defs/ThingDef[defName=""GR_Thrumbocat""]/statBases/MeatAmount"
Jawa Doctrine Patches,mandrake.jawa.doctrine,Patches/MegafaunaYield.xml,"/Defs/ThingDef[defName=""GR_Thrumbocat""]/statBases"
Jawa Doctrine Patches,mandrake.jawa.doctrine,Patches/MegafaunaYield.xml,"/Defs/ThingDef[defName=""GR_Thrumbocat""]/statBases/BoneAmount"
Jawa Doctrine Patches,mandrake.jawa.doctrine,Patches/MegafaunaYield.xml,"/Defs/ThingDef[defName=""GR_Thrumbocat""]/statBases/BoneAmount"
Jawa Doctrine Patches,mandrake.jawa.doctrine,Patches/MegafaunaYield.xml,"/Defs/ThingDef[defName=""GR_Thrumbocat""]/statBases"
Jawa Doctrine Patches,mandrake.jawa.doctrine,Patches/MegafaunaYield.xml,"/Defs/ThingDef[defName=""GR_Thrumbospider""]/statBases/MeatAmount"
Jawa Doctrine Patches,mandrake.jawa.doctrine,Patches/MegafaunaYield.xml,"/Defs/ThingDef[defName=""GR_Thrumbospider""]/statBases/MeatAmount"
Jawa Doctrine Patches,mandrake.jawa.doctrine,Patches/MegafaunaYield.xml,"/Defs/ThingDef[defName=""GR_Thrumbospider""]/statBases"
Jawa Doctrine Patches,mandrake.jawa.doctrine,Patches/MegafaunaYield.xml,"/Defs/ThingDef[defName=""GR_Thrumbospider""]/statBases/BoneAmount"
Jawa Doctrine Patches,mandrake.jawa.doctrine,Patches/MegafaunaYield.xml,"/Defs/ThingDef[defName=""GR_Thrumbospider""]/statBases/BoneAmount"
Jawa Doctrine Patches,mandrake.jawa.doctrine,Patches/MegafaunaYield.xml,"/Defs/ThingDef[defName=""GR_Thrumbospider""]/statBases"
Jawa Doctrine Patches,mandrake.jawa.doctrine,Patches/MegafaunaYield.xml,"/Defs/ThingDef[defName=""GR_Thrumbolizard""]/statBases/MeatAmount"
Jawa Doctrine Patches,mandrake.jawa.doctrine,Patches/MegafaunaYield.xml,"/Defs/ThingDef[defName=""GR_Thrumbolizard""]/statBases/MeatAmount"
Jawa Doctrine Patches,mandrake.jawa.doctrine,Patches/MegafaunaYield.xml,"/Defs/ThingDef[defName=""GR_Thrumbolizard""]/statBases"
Jawa Doctrine Patches,mandrake.jawa.doctrine,Patches/MegafaunaYield.xml,"/Defs/ThingDef[defName=""GR_Thrumbolizard""]/statBases/BoneAmount"
Jawa Doctrine Patches,mandrake.jawa.doctrine,Patches/MegafaunaYield.xml,"/Defs/ThingDef[defName=""GR_Thrumbolizard""]/statBases/BoneAmount"
Jawa Doctrine Patches,mandrake.jawa.doctrine,Patches/MegafaunaYield.xml,"/Defs/ThingDef[defName=""GR_Thrumbolizard""]/statBases"
Jawa Doctrine Patches,mandrake.jawa.doctrine,Patches/MegafaunaYield.xml,"/Defs/ThingDef[defName=""GR_Thrumborat""]/statBases/MeatAmount"
Jawa Doctrine Patches,mandrake.jawa.doctrine,Patches/MegafaunaYield.xml,"/Defs/ThingDef[defName=""GR_Thrumborat""]/statBases/MeatAmount"
Jawa Doctrine Patches,mandrake.jawa.doctrine,Patches/MegafaunaYield.xml,"/Defs/ThingDef[defName=""GR_Thrumborat""]/statBases"
Jawa Doctrine Patches,mandrake.jawa.doctrine,Patches/MegafaunaYield.xml,"/Defs/ThingDef[defName=""GR_Thrumborat""]/statBases/BoneAmount"
Jawa Doctrine Patches,mandrake.jawa.doctrine,Patches/MegafaunaYield.xml,"/Defs/ThingDef[defName=""GR_Thrumborat""]/statBases/BoneAmount"
Jawa Doctrine Patches,mandrake.jawa.doctrine,Patches/MegafaunaYield.xml,"/Defs/ThingDef[defName=""GR_Thrumborat""]/statBases"
Jawa Doctrine Patches,mandrake.jawa.doctrine,Patches/MegafaunaYield.xml,"/Defs/ThingDef[defName=""GR_Thrumhorse""]/statBases/MeatAmount"
Jawa Doctrine Patches,mandrake.jawa.doctrine,Patches/MegafaunaYield.xml,"/Defs/ThingDef[defName=""GR_Thrumhorse""]/statBases/MeatAmount"
Jawa Doctrine Patches,mandrake.jawa.doctrine,Patches/MegafaunaYield.xml,"/Defs/ThingDef[defName=""GR_Thrumhorse""]/statBases"
Jawa Doctrine Patches,mandrake.jawa.doctrine,Patches/MegafaunaYield.xml,"/Defs/ThingDef[defName=""GR_Thrumhorse""]/statBases/BoneAmount"
Jawa Doctrine Patches,mandrake.jawa.doctrine,Patches/MegafaunaYield.xml,"/Defs/ThingDef[defName=""GR_Thrumhorse""]/statBases/BoneAmount"
Jawa Doctrine Patches,mandrake.jawa.doctrine,Patches/MegafaunaYield.xml,"/Defs/ThingDef[defName=""GR_Thrumhorse""]/statBases"
Jawa Doctrine Patches,mandrake.jawa.doctrine,Patches/MegafaunaYield.xml,"/Defs/ThingDef[defName=""GR_Thrumboman""]/statBases/MeatAmount"
Jawa Doctrine Patches,mandrake.jawa.doctrine,Patches/MegafaunaYield.xml,"/Defs/ThingDef[defName=""GR_Thrumboman""]/statBases/MeatAmount"
Jawa Doctrine Patches,mandrake.jawa.doctrine,Patches/MegafaunaYield.xml,"/Defs/ThingDef[defName=""GR_Thrumboman""]/statBases"
Jawa Doctrine Patches,mandrake.jawa.doctrine,Patches/MegafaunaYield.xml,"/Defs/ThingDef[defName=""GR_Thrumboman""]/statBases/BoneAmount"
Jawa Doctrine Patches,mandrake.jawa.doctrine,Patches/MegafaunaYield.xml,"/Defs/ThingDef[defName=""GR_Thrumboman""]/statBases/BoneAmount"
Jawa Doctrine Patches,mandrake.jawa.doctrine,Patches/MegafaunaYield.xml,"/Defs/ThingDef[defName=""GR_Thrumboman""]/statBases"
Jawa Doctrine Patches,mandrake.jawa.doctrine,Patches/MegafaunaYield.xml,"/Defs/ThingDef[defName=""GR_Bearhorse""]/statBases/MeatAmount"
Jawa Doctrine Patches,mandrake.jawa.doctrine,Patches/MegafaunaYield.xml,"/Defs/ThingDef[defName=""GR_Bearhorse""]/statBases/MeatAmount"
Jawa Doctrine Patches,mandrake.jawa.doctrine,Patches/MegafaunaYield.xml,"/Defs/ThingDef[defName=""GR_Bearhorse""]/statBases"
Jawa Doctrine Patches,mandrake.jawa.doctrine,Patches/MegafaunaYield.xml,"/Defs/ThingDef[defName=""GR_Bearhorse""]/statBases/BoneAmount"
Jawa Doctrine Patches,mandrake.jawa.doctrine,Patches/MegafaunaYield.xml,"/Defs/ThingDef[defName=""GR_Bearhorse""]/statBases/BoneAmount"
Jawa Doctrine Patches,mandrake.jawa.doctrine,Patches/MegafaunaYield.xml,"/Defs/ThingDef[defName=""GR_Bearhorse""]/statBases"
Jawa Doctrine Patches,mandrake.jawa.doctrine,Patches/MegafaunaYield.xml,"/Defs/ThingDef[defName=""GR_Boomhorse""]/statBases/MeatAmount"
Jawa Doctrine Patches,mandrake.jawa.doctrine,Patches/MegafaunaYield.xml,"/Defs/ThingDef[defName=""GR_Boomhorse""]/statBases/MeatAmount"
Jawa Doctrine Patches,mandrake.jawa.doctrine,Patches/MegafaunaYield.xml,"/Defs/ThingDef[defName=""GR_Boomhorse""]/statBases"
Jawa Doctrine Patches,mandrake.jawa.doctrine,Patches/MegafaunaYield.xml,"/Defs/ThingDef[defName=""GR_Boomhorse""]/statBases/BoneAmount"
Jawa Doctrine Patches,mandrake.jawa.doctrine,Patches/MegafaunaYield.xml,"/Defs/ThingDef[defName=""GR_Boomhorse""]/statBases/BoneAmount"
Jawa Doctrine Patches,mandrake.jawa.doctrine,Patches/MegafaunaYield.xml,"/Defs/ThingDef[defName=""GR_Boomhorse""]/statBases"
Jawa Doctrine Patches,mandrake.jawa.doctrine,Patches/MegafaunaYield.xml,"/Defs/ThingDef[defName=""GR_Cathorse""]/statBases/MeatAmount"
Jawa Doctrine Patches,mandrake.jawa.doctrine,Patches/MegafaunaYield.xml,"/Defs/ThingDef[defName=""GR_Cathorse""]/statBases/MeatAmount"
Jawa Doctrine Patches,mandrake.jawa.doctrine,Patches/MegafaunaYield.xml,"/Defs/ThingDef[defName=""GR_Cathorse""]/statBases"
Jawa Doctrine Patches,mandrake.jawa.doctrine,Patches/MegafaunaYield.xml,"/Defs/ThingDef[defName=""GR_Cathorse""]/statBases/BoneAmount"
Jawa Doctrine Patches,mandrake.jawa.doctrine,Patches/MegafaunaYield.xml,"/Defs/ThingDef[defName=""GR_Cathorse""]/statBases/BoneAmount"
Jawa Doctrine Patches,mandrake.jawa.doctrine,Patches/MegafaunaYield.xml,"/Defs/ThingDef[defName=""GR_Cathorse""]/statBases"
Jawa Doctrine Patches,mandrake.jawa.doctrine,Patches/MegafaunaYield.xml,"/Defs/ThingDef[defName=""GR_Wolfhorse""]/statBases/MeatAmount"
Jawa Doctrine Patches,mandrake.jawa.doctrine,Patches/MegafaunaYield.xml,"/Defs/ThingDef[defName=""GR_Wolfhorse""]/statBases/MeatAmount"
Jawa Doctrine Patches,mandrake.jawa.doctrine,Patches/MegafaunaYield.xml,"/Defs/ThingDef[defName=""GR_Wolfhorse""]/statBases"
Jawa Doctrine Patches,mandrake.jawa.doctrine,Patches/MegafaunaYield.xml,"/Defs/ThingDef[defName=""GR_Wolfhorse""]/statBases/BoneAmount"
Jawa Doctrine Patches,mandrake.jawa.doctrine,Patches/MegafaunaYield.xml,"/Defs/ThingDef[defName=""GR_Wolfhorse""]/statBases/BoneAmount"
Jawa Doctrine Patches,mandrake.jawa.doctrine,Patches/MegafaunaYield.xml,"/Defs/ThingDef[defName=""GR_Wolfhorse""]/statBases"
Jawa Doctrine Patches,mandrake.jawa.doctrine,Patches/MegafaunaYield.xml,"/Defs/ThingDef[defName=""GR_Muffalohorse""]/statBases/MeatAmount"
Jawa Doctrine Patches,mandrake.jawa.doctrine,Patches/MegafaunaYield.xml,"/Defs/ThingDef[defName=""GR_Muffalohorse""]/statBases/MeatAmount"
Jawa Doctrine Patches,mandrake.jawa.doctrine,Patches/MegafaunaYield.xml,"/Defs/ThingDef[defName=""GR_Muffalohorse""]/statBases"
Jawa Doctrine Patches,mandrake.jawa.doctrine,Patches/MegafaunaYield.xml,"/Defs/ThingDef[defName=""GR_Muffalohorse""]/statBases/BoneAmount"
Jawa Doctrine Patches,mandrake.jawa.doctrine,Patches/MegafaunaYield.xml,"/Defs/ThingDef[defName=""GR_Muffalohorse""]/statBases/BoneAmount"
Jawa Doctrine Patches,mandrake.jawa.doctrine,Patches/MegafaunaYield.xml,"/Defs/ThingDef[defName=""GR_Muffalohorse""]/statBases"
Jawa Doctrine Patches,mandrake.jawa.doctrine,Patches/MegafaunaYield.xml,"/Defs/ThingDef[defName=""GR_Crocorse""]/statBases/MeatAmount"
Jawa Doctrine Patches,mandrake.jawa.doctrine,Patches/MegafaunaYield.xml,"/Defs/ThingDef[defName=""GR_Crocorse""]/statBases/MeatAmount"
Jawa Doctrine Patches,mandrake.jawa.doctrine,Patches/MegafaunaYield.xml,"/Defs/ThingDef[defName=""GR_Crocorse""]/statBases"
Jawa Doctrine Patches,mandrake.jawa.doctrine,Patches/MegafaunaYield.xml,"/Defs/ThingDef[defName=""GR_Crocorse""]/statBases/BoneAmount"
Jawa Doctrine Patches,mandrake.jawa.doctrine,Patches/MegafaunaYield.xml,"/Defs/ThingDef[defName=""GR_Crocorse""]/statBases/BoneAmount"
Jawa Doctrine Patches,mandrake.jawa.doctrine,Patches/MegafaunaYield.xml,"/Defs/ThingDef[defName=""GR_Crocorse""]/statBases"
Jawa Doctrine Patches,mandrake.jawa.doctrine,Patches/MegafaunaYield.xml,"/Defs/ThingDef[defName=""GR_Spiderhorse""]/statBases/MeatAmount"
Jawa Doctrine Patches,mandrake.jawa.doctrine,Patches/MegafaunaYield.xml,"/Defs/ThingDef[defName=""GR_Spiderhorse""]/statBases/MeatAmount"
Jawa Doctrine Patches,mandrake.jawa.doctrine,Patches/MegafaunaYield.xml,"/Defs/ThingDef[defName=""GR_Spiderhorse""]/statBases"
Jawa Doctrine Patches,mandrake.jawa.doctrine,Patches/MegafaunaYield.xml,"/Defs/ThingDef[defName=""GR_Spiderhorse""]/statBases/BoneAmount"
Jawa Doctrine Patches,mandrake.jawa.doctrine,Patches/MegafaunaYield.xml,"/Defs/ThingDef[defName=""GR_Spiderhorse""]/statBases/BoneAmount"
Jawa Doctrine Patches,mandrake.jawa.doctrine,Patches/MegafaunaYield.xml,"/Defs/ThingDef[defName=""GR_Spiderhorse""]/statBases"
Jawa Doctrine Patches,mandrake.jawa.doctrine,Patches/MegafaunaYield.xml,"/Defs/ThingDef[defName=""GR_Hurseman""]/statBases/MeatAmount"
Jawa Doctrine Patches,mandrake.jawa.doctrine,Patches/MegafaunaYield.xml,"/Defs/ThingDef[defName=""GR_Hurseman""]/statBases/MeatAmount"
Jawa Doctrine Patches,mandrake.jawa.doctrine,Patches/MegafaunaYield.xml,"/Defs/ThingDef[defName=""GR_Hurseman""]/statBases"
Jawa Doctrine Patches,mandrake.jawa.doctrine,Patches/MegafaunaYield.xml,"/Defs/ThingDef[defName=""GR_Hurseman""]/statBases/BoneAmount"
Jawa Doctrine Patches,mandrake.jawa.doctrine,Patches/MegafaunaYield.xml,"/Defs/ThingDef[defName=""GR_Hurseman""]/statBases/BoneAmount"
Jawa Doctrine Patches,mandrake.jawa.doctrine,Patches/MegafaunaYield.xml,"/Defs/ThingDef[defName=""GR_Hurseman""]/statBases"
Jawa Doctrine Patches,mandrake.jawa.doctrine,Patches/MegafaunaYield.xml,"/Defs/ThingDef[defName=""GR_AberrantFleshbeast""]/statBases/BoneAmount"
Jawa Doctrine Patches,mandrake.jawa.doctrine,Patches/MegafaunaYield.xml,"/Defs/ThingDef[defName=""GR_AberrantFleshbeast""]/statBases/BoneAmount"
Jawa Doctrine Patches,mandrake.jawa.doctrine,Patches/MegafaunaYield.xml,"/Defs/ThingDef[defName=""GR_AberrantFleshbeast""]/statBases"
Jawa Doctrine Patches,mandrake.jawa.doctrine,Patches/MegafaunaYield.xml,"/Defs/ThingDef[defName=""GR_FleshMonstrosity""]/statBases/BoneAmount"
Jawa Doctrine Patches,mandrake.jawa.doctrine,Patches/MegafaunaYield.xml,"/Defs/ThingDef[defName=""GR_FleshMonstrosity""]/statBases/BoneAmount"
Jawa Doctrine Patches,mandrake.jawa.doctrine,Patches/MegafaunaYield.xml,"/Defs/ThingDef[defName=""GR_FleshMonstrosity""]/statBases"
Jawa Doctrine Patches,mandrake.jawa.doctrine,Patches/MegafaunaYield.xml,"/Defs/ThingDef[defName=""GR_FleshGrowth""]/statBases/BoneAmount"
Jawa Doctrine Patches,mandrake.jawa.doctrine,Patches/MegafaunaYield.xml,"/Defs/ThingDef[defName=""GR_FleshGrowth""]/statBases/BoneAmount"
Jawa Doctrine Patches,mandrake.jawa.doctrine,Patches/MegafaunaYield.xml,"/Defs/ThingDef[defName=""GR_FleshGrowth""]/statBases"
Jawa Doctrine Patches,mandrake.jawa.doctrine,Patches/MegafaunaYield.xml,"/Defs/ThingDef[defName=""GR_Manchicken""]/statBases/BoneAmount"
Jawa Doctrine Patches,mandrake.jawa.doctrine,Patches/MegafaunaYield.xml,"/Defs/ThingDef[defName=""GR_Manchicken""]/statBases/BoneAmount"
Jawa Doctrine Patches,mandrake.jawa.doctrine,Patches/MegafaunaYield.xml,"/Defs/ThingDef[defName=""GR_Manchicken""]/statBases"
Jawa Doctrine Patches,mandrake.jawa.doctrine,Patches/MegafaunaYield.xml,"/Defs/ThingDef[defName=""GR_Manffalo""]/statBases/MeatAmount"
Jawa Doctrine Patches,mandrake.jawa.doctrine,Patches/MegafaunaYield.xml,"/Defs/ThingDef[defName=""GR_Manffalo""]/statBases/MeatAmount"
Jawa Doctrine Patches,mandrake.jawa.doctrine,Patches/MegafaunaYield.xml,"/Defs/ThingDef[defName=""GR_Manffalo""]/statBases"
Jawa Doctrine Patches,mandrake.jawa.doctrine,Patches/MegafaunaYield.xml,"/Defs/ThingDef[defName=""GR_Manffalo""]/statBases/BoneAmount"
Jawa Doctrine Patches,mandrake.jawa.doctrine,Patches/MegafaunaYield.xml,"/Defs/ThingDef[defName=""GR_Manffalo""]/statBases/BoneAmount"
Jawa Doctrine Patches,mandrake.jawa.doctrine,Patches/MegafaunaYield.xml,"/Defs/ThingDef[defName=""GR_Manffalo""]/statBases"
Jawa Doctrine Patches,mandrake.jawa.doctrine,Patches/MegafaunaYield.xml,"/Defs/ThingDef[defName=""GR_Manwolf""]/statBases/MeatAmount"
Jawa Doctrine Patches,mandrake.jawa.doctrine,Patches/MegafaunaYield.xml,"/Defs/ThingDef[defName=""GR_Manwolf""]/statBases/MeatAmount"
Jawa Doctrine Patches,mandrake.jawa.doctrine,Patches/MegafaunaYield.xml,"/Defs/ThingDef[defName=""GR_Manwolf""]/statBases"
Jawa Doctrine Patches,mandrake.jawa.doctrine,Patches/MegafaunaYield.xml,"/Defs/ThingDef[defName=""GR_Manwolf""]/statBases/BoneAmount"
Jawa Doctrine Patches,mandrake.jawa.doctrine,Patches/MegafaunaYield.xml,"/Defs/ThingDef[defName=""GR_Manwolf""]/statBases/BoneAmount"
Jawa Doctrine Patches,mandrake.jawa.doctrine,Patches/MegafaunaYield.xml,"/Defs/ThingDef[defName=""GR_Manwolf""]/statBases"
Jawa Doctrine Patches,mandrake.jawa.doctrine,Patches/MegafaunaYield.xml,"/Defs/ThingDef[defName=""GR_Mancat""]/statBases/MeatAmount"
Jawa Doctrine Patches,mandrake.jawa.doctrine,Patches/MegafaunaYield.xml,"/Defs/ThingDef[defName=""GR_Mancat""]/statBases/MeatAmount"
Jawa Doctrine Patches,mandrake.jawa.doctrine,Patches/MegafaunaYield.xml,"/Defs/ThingDef[defName=""GR_Mancat""]/statBases"
Jawa Doctrine Patches,mandrake.jawa.doctrine,Patches/MegafaunaYield.xml,"/Defs/ThingDef[defName=""GR_Mancat""]/statBases/BoneAmount"
Jawa Doctrine Patches,mandrake.jawa.doctrine,Patches/MegafaunaYield.xml,"/Defs/ThingDef[defName=""GR_Mancat""]/statBases/BoneAmount"
Jawa Doctrine Patches,mandrake.jawa.doctrine,Patches/MegafaunaYield.xml,"/Defs/ThingDef[defName=""GR_Mancat""]/statBases"
Jawa Doctrine Patches,mandrake.jawa.doctrine,Patches/MegafaunaYield.xml,"/Defs/ThingDef[defName=""GR_Bearscarab""]/statBases/MeatAmount"
Jawa Doctrine Patches,mandrake.jawa.doctrine,Patches/MegafaunaYield.xml,"/Defs/ThingDef[defName=""GR_Bearscarab""]/statBases/MeatAmount"
Jawa Doctrine Patches,mandrake.jawa.doctrine,Patches/MegafaunaYield.xml,"/Defs/ThingDef[defName=""GR_Bearscarab""]/statBases"
Jawa Doctrine Patches,mandrake.jawa.doctrine,Patches/MegafaunaYield.xml,"/Defs/ThingDef[defName=""GR_Bearscarab""]/statBases/BoneAmount"
Jawa Doctrine Patches,mandrake.jawa.doctrine,Patches/MegafaunaYield.xml,"/Defs/ThingDef[defName=""GR_Bearscarab""]/statBases/BoneAmount"
Jawa Doctrine Patches,mandrake.jawa.doctrine,Patches/MegafaunaYield.xml,"/Defs/ThingDef[defName=""GR_Bearscarab""]/statBases"
Jawa Doctrine Patches,mandrake.jawa.doctrine,Patches/MegafaunaYield.xml,"/Defs/ThingDef[defName=""GR_Boombeetle""]/statBases/MeatAmount"
Jawa Doctrine Patches,mandrake.jawa.doctrine,Patches/MegafaunaYield.xml,"/Defs/ThingDef[defName=""GR_Boombeetle""]/statBases/MeatAmount"
Jawa Doctrine Patches,mandrake.jawa.doctrine,Patches/MegafaunaYield.xml,"/Defs/ThingDef[defName=""GR_Boombeetle""]/statBases"
Jawa Doctrine Patches,mandrake.jawa.doctrine,Patches/MegafaunaYield.xml,"/Defs/ThingDef[defName=""GR_Boombeetle""]/statBases/BoneAmount"
Jawa Doctrine Patches,mandrake.jawa.doctrine,Patches/MegafaunaYield.xml,"/Defs/ThingDef[defName=""GR_Boombeetle""]/statBases/BoneAmount"
Jawa Doctrine Patches,mandrake.jawa.doctrine,Patches/MegafaunaYield.xml,"/Defs/ThingDef[defName=""GR_Boombeetle""]/statBases"
Jawa Doctrine Patches,mandrake.jawa.doctrine,Patches/MegafaunaYield.xml,"/Defs/ThingDef[defName=""GR_Chickenspider""]/statBases/MeatAmount"
Jawa Doctrine Patches,mandrake.jawa.doctrine,Patches/MegafaunaYield.xml,"/Defs/ThingDef[defName=""GR_Chickenspider""]/statBases/MeatAmount"
Jawa Doctrine Patches,mandrake.jawa.doctrine,Patches/MegafaunaYield.xml,"/Defs/ThingDef[defName=""GR_Chickenspider""]/statBases"
Jawa Doctrine Patches,mandrake.jawa.doctrine,Patches/MegafaunaYield.xml,"/Defs/ThingDef[defName=""GR_Chickenspider""]/statBases/BoneAmount"
Jawa Doctrine Patches,mandrake.jawa.doctrine,Patches/MegafaunaYield.xml,"/Defs/ThingDef[defName=""GR_Chickenspider""]/statBases/BoneAmount"
Jawa Doctrine Patches,mandrake.jawa.doctrine,Patches/MegafaunaYield.xml,"/Defs/ThingDef[defName=""GR_Chickenspider""]/statBases"
Jawa Doctrine Patches,mandrake.jawa.doctrine,Patches/MegafaunaYield.xml,"/Defs/ThingDef[defName=""GR_Muffalopede""]/statBases/MeatAmount"
Jawa Doctrine Patches,mandrake.jawa.doctrine,Patches/MegafaunaYield.xml,"/Defs/ThingDef[defName=""GR_Muffalopede""]/statBases/MeatAmount"
Jawa Doctrine Patches,mandrake.jawa.doctrine,Patches/MegafaunaYield.xml,"/Defs/ThingDef[defName=""GR_Muffalopede""]/statBases"
Jawa Doctrine Patches,mandrake.jawa.doctrine,Patches/MegafaunaYield.xml,"/Defs/ThingDef[defName=""GR_Muffalopede""]/statBases/BoneAmount"
Jawa Doctrine Patches,mandrake.jawa.doctrine,Patches/MegafaunaYield.xml,"/Defs/ThingDef[defName=""GR_Muffalopede""]/statBases/BoneAmount"
Jawa Doctrine Patches,mandrake.jawa.doctrine,Patches/MegafaunaYield.xml,"/Defs/ThingDef[defName=""GR_Muffalopede""]/statBases"
Jawa Doctrine Patches,mandrake.jawa.doctrine,Patches/MegafaunaYield.xml,"/Defs/ThingDef[defName=""GR_Mechabear""]/statBases/BoneAmount"
Jawa Doctrine Patches,mandrake.jawa.doctrine,Patches/MegafaunaYield.xml,"/Defs/ThingDef[defName=""GR_Mechabear""]/statBases/BoneAmount"
Jawa Doctrine Patches,mandrake.jawa.doctrine,Patches/MegafaunaYield.xml,"/Defs/ThingDef[defName=""GR_Mechabear""]/statBases"
Jawa Doctrine Patches,mandrake.jawa.doctrine,Patches/MegafaunaYield.xml,"/Defs/ThingDef[defName=""GR_Mechalope""]/statBases/BoneAmount"
Jawa Doctrine Patches,mandrake.jawa.doctrine,Patches/MegafaunaYield.xml,"/Defs/ThingDef[defName=""GR_Mechalope""]/statBases/BoneAmount"
Jawa Doctrine Patches,mandrake.jawa.doctrine,Patches/MegafaunaYield.xml,"/Defs/ThingDef[defName=""GR_Mechalope""]/statBases"
Jawa Doctrine Patches,mandrake.jawa.doctrine,Patches/MegafaunaYield.xml,"/Defs/ThingDef[defName=""GR_Mechaspider""]/statBases/BoneAmount"
Jawa Doctrine Patches,mandrake.jawa.doctrine,Patches/MegafaunaYield.xml,"/Defs/ThingDef[defName=""GR_Mechaspider""]/statBases/BoneAmount"
Jawa Doctrine Patches,mandrake.jawa.doctrine,Patches/MegafaunaYield.xml,"/Defs/ThingDef[defName=""GR_Mechaspider""]/statBases"
Jawa Doctrine Patches,mandrake.jawa.doctrine,Patches/MegafaunaYield.xml,"/Defs/ThingDef[defName=""GR_Mechamuffalo""]/statBases/BoneAmount"
Jawa Doctrine Patches,mandrake.jawa.doctrine,Patches/MegafaunaYield.xml,"/Defs/ThingDef[defName=""GR_Mechamuffalo""]/statBases/BoneAmount"
Jawa Doctrine Patches,mandrake.jawa.doctrine,Patches/MegafaunaYield.xml,"/Defs/ThingDef[defName=""GR_Mechamuffalo""]/statBases"
Jawa Doctrine Patches,mandrake.jawa.doctrine,Patches/MegafaunaYield.xml,"/Defs/ThingDef[defName=""GR_Mechawolf""]/statBases/BoneAmount"
Jawa Doctrine Patches,mandrake.jawa.doctrine,Patches/MegafaunaYield.xml,"/Defs/ThingDef[defName=""GR_Mechawolf""]/statBases/BoneAmount"
Jawa Doctrine Patches,mandrake.jawa.doctrine,Patches/MegafaunaYield.xml,"/Defs/ThingDef[defName=""GR_Mechawolf""]/statBases"
Jawa Doctrine Patches,mandrake.jawa.doctrine,Patches/MegafaunaYield.xml,"/Defs/ThingDef[defName=""GR_Mechathrumbo""]/statBases/BoneAmount"
Jawa Doctrine Patches,mandrake.jawa.doctrine,Patches/MegafaunaYield.xml,"/Defs/ThingDef[defName=""GR_Mechathrumbo""]/statBases/BoneAmount"
Jawa Doctrine Patches,mandrake.jawa.doctrine,Patches/MegafaunaYield.xml,"/Defs/ThingDef[defName=""GR_Mechathrumbo""]/statBases"
Jawa Doctrine Patches,mandrake.jawa.doctrine,Patches/MegafaunaYield.xml,"/Defs/ThingDef[defName=""GR_Mechacat""]/statBases/BoneAmount"
Jawa Doctrine Patches,mandrake.jawa.doctrine,Patches/MegafaunaYield.xml,"/Defs/ThingDef[defName=""GR_Mechacat""]/statBases/BoneAmount"
Jawa Doctrine Patches,mandrake.jawa.doctrine,Patches/MegafaunaYield.xml,"/Defs/ThingDef[defName=""GR_Mechacat""]/statBases"
Jawa Doctrine Patches,mandrake.jawa.doctrine,Patches/MegafaunaYield.xml,"/Defs/ThingDef[defName=""GR_Mechahorse""]/statBases/BoneAmount"
Jawa Doctrine Patches,mandrake.jawa.doctrine,Patches/MegafaunaYield.xml,"/Defs/ThingDef[defName=""GR_Mechahorse""]/statBases/BoneAmount"
Jawa Doctrine Patches,mandrake.jawa.doctrine,Patches/MegafaunaYield.xml,"/Defs/ThingDef[defName=""GR_Mechahorse""]/statBases"
Jawa Doctrine Patches,mandrake.jawa.doctrine,Patches/MegafaunaYield.xml,"/Defs/ThingDef[defName=""GR_Muffalobear""]/statBases/MeatAmount"
Jawa Doctrine Patches,mandrake.jawa.doctrine,Patches/MegafaunaYield.xml,"/Defs/ThingDef[defName=""GR_Muffalobear""]/statBases/MeatAmount"
Jawa Doctrine Patches,mandrake.jawa.doctrine,Patches/MegafaunaYield.xml,"/Defs/ThingDef[defName=""GR_Muffalobear""]/statBases"
Jawa Doctrine Patches,mandrake.jawa.doctrine,Patches/MegafaunaYield.xml,"/Defs/ThingDef[defName=""GR_Muffalobear""]/statBases/BoneAmount"
Jawa Doctrine Patches,mandrake.jawa.doctrine,Patches/MegafaunaYield.xml,"/Defs/ThingDef[defName=""GR_Muffalobear""]/statBases/BoneAmount"
Jawa Doctrine Patches,mandrake.jawa.doctrine,Patches/MegafaunaYield.xml,"/Defs/ThingDef[defName=""GR_Muffalobear""]/statBases"
Jawa Doctrine Patches,mandrake.jawa.doctrine,Patches/MegafaunaYield.xml,"/Defs/ThingDef[defName=""GR_Muffalope""]/statBases/MeatAmount"
Jawa Doctrine Patches,mandrake.jawa.doctrine,Patches/MegafaunaYield.xml,"/Defs/ThingDef[defName=""GR_Muffalope""]/statBases/MeatAmount"
Jawa Doctrine Patches,mandrake.jawa.doctrine,Patches/MegafaunaYield.xml,"/Defs/ThingDef[defName=""GR_Muffalope""]/statBases"
Jawa Doctrine Patches,mandrake.jawa.doctrine,Patches/MegafaunaYield.xml,"/Defs/ThingDef[defName=""GR_Muffalope""]/statBases/BoneAmount"
Jawa Doctrine Patches,mandrake.jawa.doctrine,Patches/MegafaunaYield.xml,"/Defs/ThingDef[defName=""GR_Muffalope""]/statBases/BoneAmount"
Jawa Doctrine Patches,mandrake.jawa.doctrine,Patches/MegafaunaYield.xml,"/Defs/ThingDef[defName=""GR_Muffalope""]/statBases"
Jawa Doctrine Patches,mandrake.jawa.doctrine,Patches/MegafaunaYield.xml,"/Defs/ThingDef[defName=""GR_Muffalochicken""]/statBases/MeatAmount"
Jawa Doctrine Patches,mandrake.jawa.doctrine,Patches/MegafaunaYield.xml,"/Defs/ThingDef[defName=""GR_Muffalochicken""]/statBases/MeatAmount"
Jawa Doctrine Patches,mandrake.jawa.doctrine,Patches/MegafaunaYield.xml,"/Defs/ThingDef[defName=""GR_Muffalochicken""]/statBases"
Jawa Doctrine Patches,mandrake.jawa.doctrine,Patches/MegafaunaYield.xml,"/Defs/ThingDef[defName=""GR_Muffalochicken""]/statBases/BoneAmount"
Jawa Doctrine Patches,mandrake.jawa.doctrine,Patches/MegafaunaYield.xml,"/Defs/ThingDef[defName=""GR_Muffalochicken""]/statBases/BoneAmount"
Jawa Doctrine Patches,mandrake.jawa.doctrine,Patches/MegafaunaYield.xml,"/Defs/ThingDef[defName=""GR_Muffalochicken""]/statBases"
Jawa Doctrine Patches,mandrake.jawa.doctrine,Patches/MegafaunaYield.xml,"/Defs/ThingDef[defName=""GR_Muffalowolf""]/statBases/MeatAmount"
Jawa Doctrine Patches,mandrake.jawa.doctrine,Patches/MegafaunaYield.xml,"/Defs/ThingDef[defName=""GR_Muffalowolf""]/statBases/MeatAmount"
Jawa Doctrine Patches,mandrake.jawa.doctrine,Patches/MegafaunaYield.xml,"/Defs/ThingDef[defName=""GR_Muffalowolf""]/statBases"
Jawa Doctrine Patches,mandrake.jawa.doctrine,Patches/MegafaunaYield.xml,"/Defs/ThingDef[defName=""GR_Muffalowolf""]/statBases/BoneAmount"
Jawa Doctrine Patches,mandrake.jawa.doctrine,Patches/MegafaunaYield.xml,"/Defs/ThingDef[defName=""GR_Muffalowolf""]/statBases/BoneAmount"
Jawa Doctrine Patches,mandrake.jawa.doctrine,Patches/MegafaunaYield.xml,"/Defs/ThingDef[defName=""GR_Muffalowolf""]/statBases"
Jawa Doctrine Patches,mandrake.jawa.doctrine,Patches/MegafaunaYield.xml,"/Defs/ThingDef[defName=""GR_Muffalocat""]/statBases/MeatAmount"
Jawa Doctrine Patches,mandrake.jawa.doctrine,Patches/MegafaunaYield.xml,"/Defs/ThingDef[defName=""GR_Muffalocat""]/statBases/MeatAmount"
Jawa Doctrine Patches,mandrake.jawa.doctrine,Patches/MegafaunaYield.xml,"/Defs/ThingDef[defName=""GR_Muffalocat""]/statBases"
Jawa Doctrine Patches,mandrake.jawa.doctrine,Patches/MegafaunaYield.xml,"/Defs/ThingDef[defName=""GR_Muffalocat""]/statBases/BoneAmount"
Jawa Doctrine Patches,mandrake.jawa.doctrine,Patches/MegafaunaYield.xml,"/Defs/ThingDef[defName=""GR_Muffalocat""]/statBases/BoneAmount"
Jawa Doctrine Patches,mandrake.jawa.doctrine,Patches/MegafaunaYield.xml,"/Defs/ThingDef[defName=""GR_Muffalocat""]/statBases"
Jawa Doctrine Patches,mandrake.jawa.doctrine,Patches/MegafaunaYield.xml,"/Defs/ThingDef[defName=""GR_Muffaloman""]/statBases/MeatAmount"
Jawa Doctrine Patches,mandrake.jawa.doctrine,Patches/MegafaunaYield.xml,"/Defs/ThingDef[defName=""GR_Muffaloman""]/statBases/MeatAmount"
Jawa Doctrine Patches,mandrake.jawa.doctrine,Patches/MegafaunaYield.xml,"/Defs/ThingDef[defName=""GR_Muffaloman""]/statBases"
Jawa Doctrine Patches,mandrake.jawa.doctrine,Patches/MegafaunaYield.xml,"/Defs/ThingDef[defName=""GR_Muffaloman""]/statBases/BoneAmount"
Jawa Doctrine Patches,mandrake.jawa.doctrine,Patches/MegafaunaYield.xml,"/Defs/ThingDef[defName=""GR_Muffaloman""]/statBases/BoneAmount"
Jawa Doctrine Patches,mandrake.jawa.doctrine,Patches/MegafaunaYield.xml,"/Defs/ThingDef[defName=""GR_Muffaloman""]/statBases"
Jawa Doctrine Patches,mandrake.jawa.doctrine,Patches/MegafaunaYield.xml,"/Defs/ThingDef[defName=""GR_ParagonBear""]/statBases/MeatAmount"
Jawa Doctrine Patches,mandrake.jawa.doctrine,Patches/MegafaunaYield.xml,"/Defs/ThingDef[defName=""GR_ParagonBear""]/statBases/MeatAmount"
Jawa Doctrine Patches,mandrake.jawa.doctrine,Patches/MegafaunaYield.xml,"/Defs/ThingDef[defName=""GR_ParagonBear""]/statBases"
Jawa Doctrine Patches,mandrake.jawa.doctrine,Patches/MegafaunaYield.xml,"/Defs/ThingDef[defName=""GR_ParagonBear""]/statBases/BoneAmount"
Jawa Doctrine Patches,mandrake.jawa.doctrine,Patches/MegafaunaYield.xml,"/Defs/ThingDef[defName=""GR_ParagonBear""]/statBases/BoneAmount"
Jawa Doctrine Patches,mandrake.jawa.doctrine,Patches/MegafaunaYield.xml,"/Defs/ThingDef[defName=""GR_ParagonBear""]/statBases"
Jawa Doctrine Patches,mandrake.jawa.doctrine,Patches/MegafaunaYield.xml,"/Defs/ThingDef[defName=""GR_ParagonBoomalope""]/statBases/MeatAmount"
Jawa Doctrine Patches,mandrake.jawa.doctrine,Patches/MegafaunaYield.xml,"/Defs/ThingDef[defName=""GR_ParagonBoomalope""]/statBases/MeatAmount"
Jawa Doctrine Patches,mandrake.jawa.doctrine,Patches/MegafaunaYield.xml,"/Defs/ThingDef[defName=""GR_ParagonBoomalope""]/statBases"
Jawa Doctrine Patches,mandrake.jawa.doctrine,Patches/MegafaunaYield.xml,"/Defs/ThingDef[defName=""GR_ParagonBoomalope""]/statBases/BoneAmount"
Jawa Doctrine Patches,mandrake.jawa.doctrine,Patches/MegafaunaYield.xml,"/Defs/ThingDef[defName=""GR_ParagonBoomalope""]/statBases/BoneAmount"
Jawa Doctrine Patches,mandrake.jawa.doctrine,Patches/MegafaunaYield.xml,"/Defs/ThingDef[defName=""GR_ParagonBoomalope""]/statBases"
Jawa Doctrine Patches,mandrake.jawa.doctrine,Patches/MegafaunaYield.xml,"/Defs/ThingDef[defName=""GR_ParagonMuffalo""]/statBases/MeatAmount"
Jawa Doctrine Patches,mandrake.jawa.doctrine,Patches/MegafaunaYield.xml,"/Defs/ThingDef[defName=""GR_ParagonMuffalo""]/statBases/MeatAmount"
Jawa Doctrine Patches,mandrake.jawa.doctrine,Patches/MegafaunaYield.xml,"/Defs/ThingDef[defName=""GR_ParagonMuffalo""]/statBases"
Jawa Doctrine Patches,mandrake.jawa.doctrine,Patches/MegafaunaYield.xml,"/Defs/ThingDef[defName=""GR_ParagonMuffalo""]/statBases/BoneAmount"
Jawa Doctrine Patches,mandrake.jawa.doctrine,Patches/MegafaunaYield.xml,"/Defs/ThingDef[defName=""GR_ParagonMuffalo""]/statBases/BoneAmount"
Jawa Doctrine Patches,mandrake.jawa.doctrine,Patches/MegafaunaYield.xml,"/Defs/ThingDef[defName=""GR_ParagonMuffalo""]/statBases"
Jawa Doctrine Patches,mandrake.jawa.doctrine,Patches/MegafaunaYield.xml,"/Defs/ThingDef[defName=""GR_ParagonHorse""]/statBases/MeatAmount"
Jawa Doctrine Patches,mandrake.jawa.doctrine,Patches/MegafaunaYield.xml,"/Defs/ThingDef[defName=""GR_ParagonHorse""]/statBases/MeatAmount"
Jawa Doctrine Patches,mandrake.jawa.doctrine,Patches/MegafaunaYield.xml,"/Defs/ThingDef[defName=""GR_ParagonHorse""]/statBases"
Jawa Doctrine Patches,mandrake.jawa.doctrine,Patches/MegafaunaYield.xml,"/Defs/ThingDef[defName=""GR_ParagonHorse""]/statBases/BoneAmount"
Jawa Doctrine Patches,mandrake.jawa.doctrine,Patches/MegafaunaYield.xml,"/Defs/ThingDef[defName=""GR_ParagonHorse""]/statBases/BoneAmount"
Jawa Doctrine Patches,mandrake.jawa.doctrine,Patches/MegafaunaYield.xml,"/Defs/ThingDef[defName=""GR_ParagonHorse""]/statBases"
Jawa Doctrine Patches,mandrake.jawa.doctrine,Patches/MegafaunaYield.xml,"/Defs/ThingDef[defName=""GR_ParagonThrumbo""]/statBases/MeatAmount"
Jawa Doctrine Patches,mandrake.jawa.doctrine,Patches/MegafaunaYield.xml,"/Defs/ThingDef[defName=""GR_ParagonThrumbo""]/statBases/MeatAmount"
Jawa Doctrine Patches,mandrake.jawa.doctrine,Patches/MegafaunaYield.xml,"/Defs/ThingDef[defName=""GR_ParagonThrumbo""]/statBases"
Jawa Doctrine Patches,mandrake.jawa.doctrine,Patches/MegafaunaYield.xml,"/Defs/ThingDef[defName=""GR_ParagonThrumbo""]/statBases/BoneAmount"
Jawa Doctrine Patches,mandrake.jawa.doctrine,Patches/MegafaunaYield.xml,"/Defs/ThingDef[defName=""GR_ParagonThrumbo""]/statBases/BoneAmount"
Jawa Doctrine Patches,mandrake.jawa.doctrine,Patches/MegafaunaYield.xml,"/Defs/ThingDef[defName=""GR_ParagonThrumbo""]/statBases"
Jawa Doctrine Patches,mandrake.jawa.doctrine,Patches/MegafaunaYield.xml,"/Defs/ThingDef[defName=""GR_ParagonHumanoid""]/statBases/MeatAmount"
Jawa Doctrine Patches,mandrake.jawa.doctrine,Patches/MegafaunaYield.xml,"/Defs/ThingDef[defName=""GR_ParagonHumanoid""]/statBases/MeatAmount"
Jawa Doctrine Patches,mandrake.jawa.doctrine,Patches/MegafaunaYield.xml,"/Defs/ThingDef[defName=""GR_ParagonHumanoid""]/statBases"
Jawa Doctrine Patches,mandrake.jawa.doctrine,Patches/MegafaunaYield.xml,"/Defs/ThingDef[defName=""GR_ParagonHumanoid""]/statBases/BoneAmount"
Jawa Doctrine Patches,mandrake.jawa.doctrine,Patches/MegafaunaYield.xml,"/Defs/ThingDef[defName=""GR_ParagonHumanoid""]/statBases/BoneAmount"
Jawa Doctrine Patches,mandrake.jawa.doctrine,Patches/MegafaunaYield.xml,"/Defs/ThingDef[defName=""GR_ParagonHumanoid""]/statBases"
Jawa Doctrine Patches,mandrake.jawa.doctrine,Patches/MegafaunaYield.xml,"/Defs/ThingDef[defName=""GR_ParagonFeline""]/statBases/MeatAmount"
Jawa Doctrine Patches,mandrake.jawa.doctrine,Patches/MegafaunaYield.xml,"/Defs/ThingDef[defName=""GR_ParagonFeline""]/statBases/MeatAmount"
Jawa Doctrine Patches,mandrake.jawa.doctrine,Patches/MegafaunaYield.xml,"/Defs/ThingDef[defName=""GR_ParagonFeline""]/statBases"
Jawa Doctrine Patches,mandrake.jawa.doctrine,Patches/MegafaunaYield.xml,"/Defs/ThingDef[defName=""GR_ParagonFeline""]/statBases/BoneAmount"
Jawa Doctrine Patches,mandrake.jawa.doctrine,Patches/MegafaunaYield.xml,"/Defs/ThingDef[defName=""GR_ParagonFeline""]/statBases/BoneAmount"
Jawa Doctrine Patches,mandrake.jawa.doctrine,Patches/MegafaunaYield.xml,"/Defs/ThingDef[defName=""GR_ParagonFeline""]/statBases"
Jawa Doctrine Patches,mandrake.jawa.doctrine,Patches/MegafaunaYield.xml,"/Defs/ThingDef[defName=""GR_ParagonInsectoid""]/statBases/MeatAmount"
Jawa Doctrine Patches,mandrake.jawa.doctrine,Patches/MegafaunaYield.xml,"/Defs/ThingDef[defName=""GR_ParagonInsectoid""]/statBases/MeatAmount"
Jawa Doctrine Patches,mandrake.jawa.doctrine,Patches/MegafaunaYield.xml,"/Defs/ThingDef[defName=""GR_ParagonInsectoid""]/statBases"
Jawa Doctrine Patches,mandrake.jawa.doctrine,Patches/MegafaunaYield.xml,"/Defs/ThingDef[defName=""GR_ParagonInsectoid""]/statBases/BoneAmount"
Jawa Doctrine Patches,mandrake.jawa.doctrine,Patches/MegafaunaYield.xml,"/Defs/ThingDef[defName=""GR_ParagonInsectoid""]/statBases/BoneAmount"
Jawa Doctrine Patches,mandrake.jawa.doctrine,Patches/MegafaunaYield.xml,"/Defs/ThingDef[defName=""GR_ParagonInsectoid""]/statBases"
Jawa Doctrine Patches,mandrake.jawa.doctrine,Patches/MegafaunaYield.xml,"/Defs/ThingDef[defName=""GR_Bearodile""]/statBases/MeatAmount"
Jawa Doctrine Patches,mandrake.jawa.doctrine,Patches/MegafaunaYield.xml,"/Defs/ThingDef[defName=""GR_Bearodile""]/statBases/MeatAmount"
Jawa Doctrine Patches,mandrake.jawa.doctrine,Patches/MegafaunaYield.xml,"/Defs/ThingDef[defName=""GR_Bearodile""]/statBases"
Jawa Doctrine Patches,mandrake.jawa.doctrine,Patches/MegafaunaYield.xml,"/Defs/ThingDef[defName=""GR_Bearodile""]/statBases/BoneAmount"
Jawa Doctrine Patches,mandrake.jawa.doctrine,Patches/MegafaunaYield.xml,"/Defs/ThingDef[defName=""GR_Bearodile""]/statBases/BoneAmount"
Jawa Doctrine Patches,mandrake.jawa.doctrine,Patches/MegafaunaYield.xml,"/Defs/ThingDef[defName=""GR_Bearodile""]/statBases"
Jawa Doctrine Patches,mandrake.jawa.doctrine,Patches/MegafaunaYield.xml,"/Defs/ThingDef[defName=""GR_Boomsnake""]/statBases/MeatAmount"
Jawa Doctrine Patches,mandrake.jawa.doctrine,Patches/MegafaunaYield.xml,"/Defs/ThingDef[defName=""GR_Boomsnake""]/statBases/MeatAmount"
Jawa Doctrine Patches,mandrake.jawa.doctrine,Patches/MegafaunaYield.xml,"/Defs/ThingDef[defName=""GR_Boomsnake""]/statBases"
Jawa Doctrine Patches,mandrake.jawa.doctrine,Patches/MegafaunaYield.xml,"/Defs/ThingDef[defName=""GR_Boomsnake""]/statBases/BoneAmount"
Jawa Doctrine Patches,mandrake.jawa.doctrine,Patches/MegafaunaYield.xml,"/Defs/ThingDef[defName=""GR_Boomsnake""]/statBases/BoneAmount"
Jawa Doctrine Patches,mandrake.jawa.doctrine,Patches/MegafaunaYield.xml,"/Defs/ThingDef[defName=""GR_Boomsnake""]/statBases"
Jawa Doctrine Patches,mandrake.jawa.doctrine,Patches/MegafaunaYield.xml,"/Defs/ThingDef[defName=""GR_Muffalokomodo""]/statBases/MeatAmount"
Jawa Doctrine Patches,mandrake.jawa.doctrine,Patches/MegafaunaYield.xml,"/Defs/ThingDef[defName=""GR_Muffalokomodo""]/statBases/MeatAmount"
Jawa Doctrine Patches,mandrake.jawa.doctrine,Patches/MegafaunaYield.xml,"/Defs/ThingDef[defName=""GR_Muffalokomodo""]/statBases"
Jawa Doctrine Patches,mandrake.jawa.doctrine,Patches/MegafaunaYield.xml,"/Defs/ThingDef[defName=""GR_Muffalokomodo""]/statBases/BoneAmount"
Jawa Doctrine Patches,mandrake.jawa.doctrine,Patches/MegafaunaYield.xml,"/Defs/ThingDef[defName=""GR_Muffalokomodo""]/statBases/BoneAmount"
Jawa Doctrine Patches,mandrake.jawa.doctrine,Patches/MegafaunaYield.xml,"/Defs/ThingDef[defName=""GR_Muffalokomodo""]/statBases"
Jawa Doctrine Patches,mandrake.jawa.doctrine,Patches/MegafaunaYield.xml,"/Defs/ThingDef[defName=""GR_Snakecat""]/statBases/MeatAmount"
Jawa Doctrine Patches,mandrake.jawa.doctrine,Patches/MegafaunaYield.xml,"/Defs/ThingDef[defName=""GR_Snakecat""]/statBases/MeatAmount"
Jawa Doctrine Patches,mandrake.jawa.doctrine,Patches/MegafaunaYield.xml,"/Defs/ThingDef[defName=""GR_Snakecat""]/statBases"
Jawa Doctrine Patches,mandrake.jawa.doctrine,Patches/MegafaunaYield.xml,"/Defs/ThingDef[defName=""GR_Snakecat""]/statBases/BoneAmount"
Jawa Doctrine Patches,mandrake.jawa.doctrine,Patches/MegafaunaYield.xml,"/Defs/ThingDef[defName=""GR_Snakecat""]/statBases/BoneAmount"
Jawa Doctrine Patches,mandrake.jawa.doctrine,Patches/MegafaunaYield.xml,"/Defs/ThingDef[defName=""GR_Snakecat""]/statBases"
Jawa Doctrine Patches,mandrake.jawa.doctrine,Patches/MegafaunaYield.xml,"/Defs/ThingDef[defName=""GR_Lizardman""]/statBases/MeatAmount"
Jawa Doctrine Patches,mandrake.jawa.doctrine,Patches/MegafaunaYield.xml,"/Defs/ThingDef[defName=""GR_Lizardman""]/statBases/MeatAmount"
Jawa Doctrine Patches,mandrake.jawa.doctrine,Patches/MegafaunaYield.xml,"/Defs/ThingDef[defName=""GR_Lizardman""]/statBases"
Jawa Doctrine Patches,mandrake.jawa.doctrine,Patches/MegafaunaYield.xml,"/Defs/ThingDef[defName=""GR_Lizardman""]/statBases/BoneAmount"
Jawa Doctrine Patches,mandrake.jawa.doctrine,Patches/MegafaunaYield.xml,"/Defs/ThingDef[defName=""GR_Lizardman""]/statBases/BoneAmount"
Jawa Doctrine Patches,mandrake.jawa.doctrine,Patches/MegafaunaYield.xml,"/Defs/ThingDef[defName=""GR_Lizardman""]/statBases"
Jawa Doctrine Patches,mandrake.jawa.doctrine,Patches/MegafaunaYield.xml,"/Defs/ThingDef[defName=""GR_Ratffalo""]/statBases/MeatAmount"
Jawa Doctrine Patches,mandrake.jawa.doctrine,Patches/MegafaunaYield.xml,"/Defs/ThingDef[defName=""GR_Ratffalo""]/statBases/MeatAmount"
Jawa Doctrine Patches,mandrake.jawa.doctrine,Patches/MegafaunaYield.xml,"/Defs/ThingDef[defName=""GR_Ratffalo""]/statBases"
Jawa Doctrine Patches,mandrake.jawa.doctrine,Patches/MegafaunaYield.xml,"/Defs/ThingDef[defName=""GR_Ratffalo""]/statBases/BoneAmount"
Jawa Doctrine Patches,mandrake.jawa.doctrine,Patches/MegafaunaYield.xml,"/Defs/ThingDef[defName=""GR_Ratffalo""]/statBases/BoneAmount"
Jawa Doctrine Patches,mandrake.jawa.doctrine,Patches/MegafaunaYield.xml,"/Defs/ThingDef[defName=""GR_Ratffalo""]/statBases"
Jawa Doctrine Patches,mandrake.jawa.doctrine,Patches/MegafaunaYield.xml,"/Defs/ThingDef[defName=""GR_Rabbitcat""]/statBases/MeatAmount"
Jawa Doctrine Patches,mandrake.jawa.doctrine,Patches/MegafaunaYield.xml,"/Defs/ThingDef[defName=""GR_Rabbitcat""]/statBases/MeatAmount"
Jawa Doctrine Patches,mandrake.jawa.doctrine,Patches/MegafaunaYield.xml,"/Defs/ThingDef[defName=""GR_Rabbitcat""]/statBases"
Jawa Doctrine Patches,mandrake.jawa.doctrine,Patches/MegafaunaYield.xml,"/Defs/ThingDef[defName=""GR_Rabbitcat""]/statBases/BoneAmount"
Jawa Doctrine Patches,mandrake.jawa.doctrine,Patches/MegafaunaYield.xml,"/Defs/ThingDef[defName=""GR_Rabbitcat""]/statBases/BoneAmount"
Jawa Doctrine Patches,mandrake.jawa.doctrine,Patches/MegafaunaYield.xml,"/Defs/ThingDef[defName=""GR_Rabbitcat""]/statBases"
Jawa Doctrine Patches,mandrake.jawa.doctrine,Patches/MegafaunaYield.xml,"/Defs/ThingDef[defName=""GR_Moleman""]/statBases/MeatAmount"
Jawa Doctrine Patches,mandrake.jawa.doctrine,Patches/MegafaunaYield.xml,"/Defs/ThingDef[defName=""GR_Moleman""]/statBases/MeatAmount"
Jawa Doctrine Patches,mandrake.jawa.doctrine,Patches/MegafaunaYield.xml,"/Defs/ThingDef[defName=""GR_Moleman""]/statBases"
Jawa Doctrine Patches,mandrake.jawa.doctrine,Patches/MegafaunaYield.xml,"/Defs/ThingDef[defName=""GR_Moleman""]/statBases/BoneAmount"
Jawa Doctrine Patches,mandrake.jawa.doctrine,Patches/MegafaunaYield.xml,"/Defs/ThingDef[defName=""GR_Moleman""]/statBases/BoneAmount"
Jawa Doctrine Patches,mandrake.jawa.doctrine,Patches/MegafaunaYield.xml,"/Defs/ThingDef[defName=""GR_Moleman""]/statBases"
Jawa Doctrine Patches,mandrake.jawa.doctrine,Patches/MegafaunaYield.xml,"/Defs/ThingDef[defName=""GR_Bearalope""]/statBases/MeatAmount"
Jawa Doctrine Patches,mandrake.jawa.doctrine,Patches/MegafaunaYield.xml,"/Defs/ThingDef[defName=""GR_Bearalope""]/statBases/MeatAmount"
Jawa Doctrine Patches,mandrake.jawa.doctrine,Patches/MegafaunaYield.xml,"/Defs/ThingDef[defName=""GR_Bearalope""]/statBases"
Jawa Doctrine Patches,mandrake.jawa.doctrine,Patches/MegafaunaYield.xml,"/Defs/ThingDef[defName=""GR_Bearalope""]/statBases/BoneAmount"
Jawa Doctrine Patches,mandrake.jawa.doctrine,Patches/MegafaunaYield.xml,"/Defs/ThingDef[defName=""GR_Bearalope""]/statBases/BoneAmount"
Jawa Doctrine Patches,mandrake.jawa.doctrine,Patches/MegafaunaYield.xml,"/Defs/ThingDef[defName=""GR_Bearalope""]/statBases"
Jawa Doctrine Patches,mandrake.jawa.doctrine,Patches/MegafaunaYield.xml,"/Defs/ThingDef[defName=""GR_Bearffalo""]/statBases/MeatAmount"
Jawa Doctrine Patches,mandrake.jawa.doctrine,Patches/MegafaunaYield.xml,"/Defs/ThingDef[defName=""GR_Bearffalo""]/statBases/MeatAmount"
Jawa Doctrine Patches,mandrake.jawa.doctrine,Patches/MegafaunaYield.xml,"/Defs/ThingDef[defName=""GR_Bearffalo""]/statBases"
Jawa Doctrine Patches,mandrake.jawa.doctrine,Patches/MegafaunaYield.xml,"/Defs/ThingDef[defName=""GR_Bearffalo""]/statBases/BoneAmount"
Jawa Doctrine Patches,mandrake.jawa.doctrine,Patches/MegafaunaYield.xml,"/Defs/ThingDef[defName=""GR_Bearffalo""]/statBases/BoneAmount"
Jawa Doctrine Patches,mandrake.jawa.doctrine,Patches/MegafaunaYield.xml,"/Defs/ThingDef[defName=""GR_Bearffalo""]/statBases"
Jawa Doctrine Patches,mandrake.jawa.doctrine,Patches/MegafaunaYield.xml,"/Defs/ThingDef[defName=""GR_Bearcat""]/statBases/MeatAmount"
Jawa Doctrine Patches,mandrake.jawa.doctrine,Patches/MegafaunaYield.xml,"/Defs/ThingDef[defName=""GR_Bearcat""]/statBases/MeatAmount"
Jawa Doctrine Patches,mandrake.jawa.doctrine,Patches/MegafaunaYield.xml,"/Defs/ThingDef[defName=""GR_Bearcat""]/statBases"
Jawa Doctrine Patches,mandrake.jawa.doctrine,Patches/MegafaunaYield.xml,"/Defs/ThingDef[defName=""GR_Bearcat""]/statBases/BoneAmount"
Jawa Doctrine Patches,mandrake.jawa.doctrine,Patches/MegafaunaYield.xml,"/Defs/ThingDef[defName=""GR_Bearcat""]/statBases/BoneAmount"
Jawa Doctrine Patches,mandrake.jawa.doctrine,Patches/MegafaunaYield.xml,"/Defs/ThingDef[defName=""GR_Bearcat""]/statBases"
Jawa Doctrine Patches,mandrake.jawa.doctrine,Patches/MegafaunaYield.xml,"/Defs/ThingDef[defName=""GR_Bearman""]/statBases/MeatAmount"
Jawa Doctrine Patches,mandrake.jawa.doctrine,Patches/MegafaunaYield.xml,"/Defs/ThingDef[defName=""GR_Bearman""]/statBases/MeatAmount"
Jawa Doctrine Patches,mandrake.jawa.doctrine,Patches/MegafaunaYield.xml,"/Defs/ThingDef[defName=""GR_Bearman""]/statBases"
Jawa Doctrine Patches,mandrake.jawa.doctrine,Patches/MegafaunaYield.xml,"/Defs/ThingDef[defName=""GR_Bearman""]/statBases/BoneAmount"
Jawa Doctrine Patches,mandrake.jawa.doctrine,Patches/MegafaunaYield.xml,"/Defs/ThingDef[defName=""GR_Bearman""]/statBases/BoneAmount"
Jawa Doctrine Patches,mandrake.jawa.doctrine,Patches/MegafaunaYield.xml,"/Defs/ThingDef[defName=""GR_Bearman""]/statBases"
Jawa Doctrine Patches,mandrake.jawa.doctrine,Patches/MegafaunaYield.xml,"/Defs/ThingDef[defName=""GR_Elasmobearium""]/comps/li[woolAmount]/woolAmount"
Jawa Doctrine Patches,mandrake.jawa.doctrine,Patches/MegafaunaYield.xml,"/Defs/ThingDef[defName=""GR_Paraceramuffalo""]/comps/li[woolAmount]/woolAmount"
Jawa Doctrine Patches,mandrake.jawa.doctrine,Patches/MegafaunaYield.xml,"/Defs/ThingDef[defName=""GR_WoolyWolf""]/comps/li[woolAmount]/woolAmount"
Jawa Doctrine Patches,mandrake.jawa.doctrine,Patches/MegafaunaYield.xml,"/Defs/ThingDef[defName=""GR_Boomffalo""]/comps/li[woolAmount]/woolAmount"
Jawa Doctrine Patches,mandrake.jawa.doctrine,Patches/MegafaunaYield.xml,"/Defs/ThingDef[defName=""GR_Wolffalo""]/comps/li[woolAmount]/woolAmount"
Jawa Doctrine Patches,mandrake.jawa.doctrine,Patches/MegafaunaYield.xml,"/Defs/ThingDef[defName=""GR_Thrumffalo""]/comps/li[woolAmount]/woolAmount"
Jawa Doctrine Patches,mandrake.jawa.doctrine,Patches/MegafaunaYield.xml,"/Defs/ThingDef[defName=""GR_Manffalo""]/comps/li[woolAmount]/woolAmount"
Jawa Doctrine Patches,mandrake.jawa.doctrine,Patches/MegafaunaYield.xml,"/Defs/ThingDef[defName=""GR_Mechamuffalo""]/comps/li[woolAmount]/woolAmount"
Jawa Doctrine Patches,mandrake.jawa.doctrine,Patches/MegafaunaYield.xml,"/Defs/ThingDef[defName=""GR_Muffalobear""]/comps/li[woolAmount]/woolAmount"
Jawa Doctrine Patches,mandrake.jawa.doctrine,Patches/MegafaunaYield.xml,"/Defs/ThingDef[defName=""GR_Muffaloman""]/comps/li[woolAmount]/woolAmount"
Jawa Doctrine Patches,mandrake.jawa.doctrine,Patches/MegafaunaYield.xml,"/Defs/ThingDef[defName=""GR_ParagonMuffalo""]/comps/li[woolAmount]/woolAmount"
Jawa Doctrine Patches,mandrake.jawa.doctrine,Patches/MegafaunaYield.xml,"/Defs/ThingDef[defName=""GR_Bearffalo""]/comps/li[woolAmount]/woolAmount"
Jawa Doctrine Patches,mandrake.jawa.doctrine,Patches/MegafaunaYield.xml,"/Defs/ThingDef[defName=""GR_Paraceramuffalo""]/comps/li[milkAmount]/milkAmount"
Jawa Doctrine Patches,mandrake.jawa.doctrine,Patches/MegafaunaYield.xml,"/Defs/ThingDef[defName=""GR_Lizardochs""]/comps/li[milkAmount]/milkAmount"
Jawa Doctrine Patches,mandrake.jawa.doctrine,Patches/MegafaunaYield.xml,"/Defs/ThingDef[defName=""GR_Groundffalo""]/comps/li[milkAmount]/milkAmount"
Jawa Doctrine Patches,mandrake.jawa.doctrine,Patches/MegafaunaYield.xml,"/Defs/ThingDef[defName=""GR_Boomffalo""]/comps/li[milkAmount]/milkAmount"
Jawa Doctrine Patches,mandrake.jawa.doctrine,Patches/MegafaunaYield.xml,"/Defs/ThingDef[defName=""GR_Wolffalo""]/comps/li[milkAmount]/milkAmount"
Jawa Doctrine Patches,mandrake.jawa.doctrine,Patches/MegafaunaYield.xml,"/Defs/ThingDef[defName=""GR_Thrumffalo""]/comps/li[milkAmount]/milkAmount"
Jawa Doctrine Patches,mandrake.jawa.doctrine,Patches/MegafaunaYield.xml,"/Defs/ThingDef[defName=""GR_Manffalo""]/comps/li[milkAmount]/milkAmount"
Jawa Doctrine Patches,mandrake.jawa.doctrine,Patches/MegafaunaYield.xml,"/Defs/ThingDef[defName=""GR_Mechalope""]/comps/li[milkAmount]/milkAmount"
Jawa Doctrine Patches,mandrake.jawa.doctrine,Patches/MegafaunaYield.xml,"/Defs/ThingDef[defName=""GR_Mechamuffalo""]/comps/li[milkAmount]/milkAmount"
Jawa Doctrine Patches,mandrake.jawa.doctrine,Patches/MegafaunaYield.xml,"/Defs/ThingDef[defName=""GR_Muffalobear""]/comps/li[milkAmount]/milkAmount"
Jawa Doctrine Patches,mandrake.jawa.doctrine,Patches/MegafaunaYield.xml,"/Defs/ThingDef[defName=""GR_Muffalochicken""]/comps/li[milkAmount]/milkAmount"
Jawa Doctrine Patches,mandrake.jawa.doctrine,Patches/MegafaunaYield.xml,"/Defs/ThingDef[defName=""GR_Muffalocat""]/comps/li[milkAmount]/milkAmount"
Jawa Doctrine Patches,mandrake.jawa.doctrine,Patches/MegafaunaYield.xml,"/Defs/ThingDef[defName=""GR_ParagonMuffalo""]/comps/li[milkAmount]/milkAmount"
Jawa Doctrine Patches,mandrake.jawa.doctrine,Patches/MegafaunaYield.xml,"/Defs/ThingDef[defName=""GR_Bearffalo""]/comps/li[milkAmount]/milkAmount"
Jawa Doctrine Patches,mandrake.jawa.doctrine,Patches/MegafaunaYield.xml,"/Defs/ThingDef[defName=""VQEA_Spliceling""]/statBases/MeatAmount"
Jawa Doctrine Patches,mandrake.jawa.doctrine,Patches/MegafaunaYield.xml,"/Defs/ThingDef[defName=""VQEA_Spliceling""]/statBases/MeatAmount"
Jawa Doctrine Patches,mandrake.jawa.doctrine,Patches/MegafaunaYield.xml,"/Defs/ThingDef[defName=""VQEA_Spliceling""]/statBases"
Jawa Doctrine Patches,mandrake.jawa.doctrine,Patches/MegafaunaYield.xml,"/Defs/ThingDef[defName=""VQEA_Spliceling""]/statBases/BoneAmount"
Jawa Doctrine Patches,mandrake.jawa.doctrine,Patches/MegafaunaYield.xml,"/Defs/ThingDef[defName=""VQEA_Spliceling""]/statBases/BoneAmount"
Jawa Doctrine Patches,mandrake.jawa.doctrine,Patches/MegafaunaYield.xml,"/Defs/ThingDef[defName=""VQEA_Spliceling""]/statBases"
Jawa Doctrine Patches,mandrake.jawa.doctrine,Patches/MegafaunaYield.xml,"/Defs/ThingDef[defName=""VQEA_Splicehulk""]/statBases/MeatAmount"
Jawa Doctrine Patches,mandrake.jawa.doctrine,Patches/MegafaunaYield.xml,"/Defs/ThingDef[defName=""VQEA_Splicehulk""]/statBases/MeatAmount"
Jawa Doctrine Patches,mandrake.jawa.doctrine,Patches/MegafaunaYield.xml,"/Defs/ThingDef[defName=""VQEA_Splicehulk""]/statBases"
Jawa Doctrine Patches,mandrake.jawa.doctrine,Patches/MegafaunaYield.xml,"/Defs/ThingDef[defName=""VQEA_Splicehulk""]/statBases/BoneAmount"
Jawa Doctrine Patches,mandrake.jawa.doctrine,Patches/MegafaunaYield.xml,"/Defs/ThingDef[defName=""VQEA_Splicehulk""]/statBases/BoneAmount"
Jawa Doctrine Patches,mandrake.jawa.doctrine,Patches/MegafaunaYield.xml,"/Defs/ThingDef[defName=""VQEA_Splicehulk""]/statBases"
Jawa Doctrine Patches,mandrake.jawa.doctrine,Patches/MegafaunaYield.xml,"/Defs/ThingDef[defName=""VQEA_Splicefiend""]/statBases/MeatAmount"
Jawa Doctrine Patches,mandrake.jawa.doctrine,Patches/MegafaunaYield.xml,"/Defs/ThingDef[defName=""VQEA_Splicefiend""]/statBases/MeatAmount"
Jawa Doctrine Patches,mandrake.jawa.doctrine,Patches/MegafaunaYield.xml,"/Defs/ThingDef[defName=""VQEA_Splicefiend""]/statBases"
Jawa Doctrine Patches,mandrake.jawa.doctrine,Patches/MegafaunaYield.xml,"/Defs/ThingDef[defName=""VQEA_Splicefiend""]/statBases/BoneAmount"
Jawa Doctrine Patches,mandrake.jawa.doctrine,Patches/MegafaunaYield.xml,"/Defs/ThingDef[defName=""VQEA_Splicefiend""]/statBases/BoneAmount"
Jawa Doctrine Patches,mandrake.jawa.doctrine,Patches/MegafaunaYield.xml,"/Defs/ThingDef[defName=""VQEA_Splicefiend""]/statBases"
Jawa Doctrine Patches,mandrake.jawa.doctrine,Patches/MegafaunaYield.xml,"/Defs/ThingDef[defName=""VQE_Megamidge""]/statBases/MeatAmount"
Jawa Doctrine Patches,mandrake.jawa.doctrine,Patches/MegafaunaYield.xml,"/Defs/ThingDef[defName=""VQE_Megamidge""]/statBases/MeatAmount"
Jawa Doctrine Patches,mandrake.jawa.doctrine,Patches/MegafaunaYield.xml,"/Defs/ThingDef[defName=""VQE_Megamidge""]/statBases"
Jawa Doctrine Patches,mandrake.jawa.doctrine,Patches/MegafaunaYield.xml,"/Defs/ThingDef[defName=""VQE_Megamidge""]/statBases/BoneAmount"
Jawa Doctrine Patches,mandrake.jawa.doctrine,Patches/MegafaunaYield.xml,"/Defs/ThingDef[defName=""VQE_Megamidge""]/statBases/BoneAmount"
Jawa Doctrine Patches,mandrake.jawa.doctrine,Patches/MegafaunaYield.xml,"/Defs/ThingDef[defName=""VQE_Megamidge""]/statBases"
Jawa Doctrine Patches,mandrake.jawa.doctrine,Patches/MegafaunaYield.xml,"/Defs/ThingDef[defName=""VRE_CompanionDryad""]/statBases/MeatAmount"
Jawa Doctrine Patches,mandrake.jawa.doctrine,Patches/MegafaunaYield.xml,"/Defs/ThingDef[defName=""VRE_CompanionDryad""]/statBases/MeatAmount"
Jawa Doctrine Patches,mandrake.jawa.doctrine,Patches/MegafaunaYield.xml,"/Defs/ThingDef[defName=""VRE_CompanionDryad""]/statBases"
Jawa Doctrine Patches,mandrake.jawa.doctrine,Patches/MegafaunaYield.xml,"/Defs/ThingDef[defName=""VRE_CompanionDryad""]/statBases/BoneAmount"
Jawa Doctrine Patches,mandrake.jawa.doctrine,Patches/MegafaunaYield.xml,"/Defs/ThingDef[defName=""VRE_CompanionDryad""]/statBases/BoneAmount"
Jawa Doctrine Patches,mandrake.jawa.doctrine,Patches/MegafaunaYield.xml,"/Defs/ThingDef[defName=""VRE_CompanionDryad""]/statBases"
Star Wars KotOR Resources and Materials,guy762.mm.kotorcore,1.6/Patches/OptionalPatches.xml,"Defs/ThingDef[defName=""Plasteel""]/statBases/MarketValue"
Star Wars KotOR Resources and Materials,guy762.mm.kotorcore,1.6/Patches/OptionalPatches.xml,"Defs/ThingDef[defName=""guy762_KotORcredits""]/statBases/Mass"
Star Wars KotOR Resources and Materials,guy762.mm.kotorcore,1.6/AdditionalMods/_DroidsBase/Patches/Patch_TechprofSubpersonaRebalance.xml,"Defs/ThingDef[defName=""TechprofSubpersonaCore""]/statBases/MarketValue"
Star Wars KotOR Weapons and Armor,guy762.kotorweapons,1.6/AdditionalMods/_TheForceLightsabers/Patches/Patch_KotORLightsaberPartSlots.xml,"Defs/ThingDef[defName=""Force_Lightsaber_Custom"" or defName=""Force_Lightsaber_Dual"" or defName=""Force_Lightsaber_Inquisitor"" or defName=""Force_Lightsaber_Curved"" or defName=""Force_Lightsaber_Shoto"" or defName=""Force_Lightsaber_Crossguard"" or defName=""Force_Darksaber"" or defName=""Force_Broadsaber"" ]/comps/li[1]/allowedCategories"
Jawa Armoury Rebalance,mandrake.jawa.armoury,Patches/Armoury_MeleePower.xml,"/Defs/ThingDef[defName=""OuterRim_VibroAxe""]/tools/li[label=""handle""]/power"
Jawa Armoury Rebalance,mandrake.jawa.armoury,Patches/Armoury_MeleePower.xml,"/Defs/ThingDef[defName=""OuterRim_VibroAxe""]/tools/li[label=""point""]/power"
Jawa Armoury Rebalance,mandrake.jawa.armoury,Patches/Armoury_MeleePower.xml,"/Defs/ThingDef[defName=""OuterRim_VibroAxe""]/tools/li[label=""edge""]/power"
Jawa Armoury Rebalance,mandrake.jawa.armoury,Patches/Armoury_MeleePower.xml,"/Defs/ThingDef[defName=""OuterRim_VibroBlade""]/tools/li[label=""handle""]/power"
Jawa Armoury Rebalance,mandrake.jawa.armoury,Patches/Armoury_MeleePower.xml,"/Defs/ThingDef[defName=""OuterRim_VibroBlade""]/tools/li[label=""point""]/power"
Jawa Armoury Rebalance,mandrake.jawa.armoury,Patches/Armoury_MeleePower.xml,"/Defs/ThingDef[defName=""OuterRim_VibroBlade""]/tools/li[label=""edge""]/power"
Jawa Armoury Rebalance,mandrake.jawa.armoury,Patches/Armoury_MeleePower.xml,"/Defs/ThingDef[defName=""OuterRim_VibroCleaver""]/tools/li[label=""handle""]/power"
Jawa Armoury Rebalance,mandrake.jawa.armoury,Patches/Armoury_MeleePower.xml,"/Defs/ThingDef[defName=""OuterRim_VibroCleaver""]/tools/li[label=""point""]/power"
Jawa Armoury Rebalance,mandrake.jawa.armoury,Patches/Armoury_MeleePower.xml,"/Defs/ThingDef[defName=""OuterRim_VibroCleaver""]/tools/li[label=""edge""]/power"
Jawa Armoury Rebalance,mandrake.jawa.armoury,Patches/Armoury_MeleePower.xml,"/Defs/ThingDef[defName=""OuterRim_VibroDagger""]/tools/li[label=""handle""]/power"
Jawa Armoury Rebalance,mandrake.jawa.armoury,Patches/Armoury_MeleePower.xml,"/Defs/ThingDef[defName=""OuterRim_VibroDagger""]/tools/li[label=""point""]/power"
Jawa Armoury Rebalance,mandrake.jawa.armoury,Patches/Armoury_MeleePower.xml,"/Defs/ThingDef[defName=""OuterRim_VibroDagger""]/tools/li[label=""edge""]/power"
Jawa Armoury Rebalance,mandrake.jawa.armoury,Patches/Armoury_MeleePower.xml,"/Defs/ThingDef[defName=""OuterRim_VibroDoubleBlade""]/tools/li[label=""handle""]/power"
Jawa Armoury Rebalance,mandrake.jawa.armoury,Patches/Armoury_MeleePower.xml,"/Defs/ThingDef[defName=""OuterRim_VibroDoubleBlade""]/tools/li[label=""point""]/power"
Jawa Armoury Rebalance,mandrake.jawa.armoury,Patches/Armoury_MeleePower.xml,"/Defs/ThingDef[defName=""OuterRim_VibroDoubleBlade""]/tools/li[label=""edge""]/power"
Jawa Armoury Rebalance,mandrake.jawa.armoury,Patches/Armoury_MeleePower.xml,"/Defs/ThingDef[defName=""OuterRim_VibroGlaive""]/tools/li[label=""handle""]/power"
Jawa Armoury Rebalance,mandrake.jawa.armoury,Patches/Armoury_MeleePower.xml,"/Defs/ThingDef[defName=""OuterRim_VibroGlaive""]/tools/li[label=""point""]/power"
Jawa Armoury Rebalance,mandrake.jawa.armoury,Patches/Armoury_MeleePower.xml,"/Defs/ThingDef[defName=""OuterRim_VibroGlaive""]/tools/li[label=""edge""]/power"
Jawa Armoury Rebalance,mandrake.jawa.armoury,Patches/Armoury_MeleePower.xml,"/Defs/ThingDef[defName=""Force_Broadsaber""]/tools/li[label=""hilt""]/power"
Jawa Armoury Rebalance,mandrake.jawa.armoury,Patches/Armoury_MeleePower.xml,"/Defs/ThingDef[defName=""Force_Broadsaber""]/tools/li[label=""tip""]/power"
Jawa Armoury Rebalance,mandrake.jawa.armoury,Patches/Armoury_MeleePower.xml,"/Defs/ThingDef[defName=""Force_Broadsaber""]/tools/li[label=""edge""]/power"
Jawa Armoury Rebalance,mandrake.jawa.armoury,Patches/Armoury_MeleePower.xml,"/Defs/ThingDef[defName=""Force_Darksaber""]/tools/li[label=""hilt""]/power"
Jawa Armoury Rebalance,mandrake.jawa.armoury,Patches/Armoury_MeleePower.xml,"/Defs/ThingDef[defName=""Force_Darksaber""]/tools/li[label=""tip""]/power"
Jawa Armoury Rebalance,mandrake.jawa.armoury,Patches/Armoury_MeleePower.xml,"/Defs/ThingDef[defName=""Force_Darksaber""]/tools/li[label=""edge""]/power"
Jawa Armoury Rebalance,mandrake.jawa.armoury,Patches/Armoury_MeleePower.xml,"/Defs/ThingDef[@Name=""Force_LightsaberBase""]/tools/li[label=""hilt""]/power"
Jawa Armoury Rebalance,mandrake.jawa.armoury,Patches/Armoury_MeleePower.xml,"/Defs/ThingDef[@Name=""Force_LightsaberBase""]/tools/li[label=""point""]/power"
Jawa Armoury Rebalance,mandrake.jawa.armoury,Patches/Armoury_MeleePower.xml,"/Defs/ThingDef[@Name=""Force_LightsaberBase""]/tools/li[label=""edge""]/power"
Jawa Armoury Rebalance,mandrake.jawa.armoury,Patches/Armoury_MeleePower.xml,"/Defs/ThingDef[defName=""Force_Lightsaber_Crossguard""]/tools/li[label=""hilt""]/power"
Jawa Armoury Rebalance,mandrake.jawa.armoury,Patches/Armoury_MeleePower.xml,"/Defs/ThingDef[defName=""Force_Lightsaber_Crossguard""]/tools/li[label=""tip""]/power"
Jawa Armoury Rebalance,mandrake.jawa.armoury,Patches/Armoury_MeleePower.xml,"/Defs/ThingDef[defName=""Force_Lightsaber_Crossguard""]/tools/li[label=""edge""]/power"
Jawa Armoury Rebalance,mandrake.jawa.armoury,Patches/Armoury_MeleePower.xml,"/Defs/ThingDef[defName=""Force_Lightsaber_Curved""]/tools/li[label=""hilt""]/power"
Jawa Armoury Rebalance,mandrake.jawa.armoury,Patches/Armoury_MeleePower.xml,"/Defs/ThingDef[defName=""Force_Lightsaber_Curved""]/tools/li[label=""tip""]/power"
Jawa Armoury Rebalance,mandrake.jawa.armoury,Patches/Armoury_MeleePower.xml,"/Defs/ThingDef[defName=""Force_Lightsaber_Curved""]/tools/li[label=""edge""]/power"
Jawa Armoury Rebalance,mandrake.jawa.armoury,Patches/Armoury_MeleePower.xml,"/Defs/ThingDef[defName=""Force_Lightsaber_Custom""]/tools/li[label=""hilt""]/power"
Jawa Armoury Rebalance,mandrake.jawa.armoury,Patches/Armoury_MeleePower.xml,"/Defs/ThingDef[defName=""Force_Lightsaber_Custom""]/tools/li[label=""tip""]/power"
Jawa Armoury Rebalance,mandrake.jawa.armoury,Patches/Armoury_MeleePower.xml,"/Defs/ThingDef[defName=""Force_Lightsaber_Custom""]/tools/li[label=""edge""]/power"
Jawa Armoury Rebalance,mandrake.jawa.armoury,Patches/Armoury_MeleePower.xml,"/Defs/ThingDef[defName=""Force_Lightsaber_Dual""]/tools/li[label=""hilt""]/power"
Jawa Armoury Rebalance,mandrake.jawa.armoury,Patches/Armoury_MeleePower.xml,"/Defs/ThingDef[defName=""Force_Lightsaber_Dual""]/tools/li[label=""tip""]/power"
Jawa Armoury Rebalance,mandrake.jawa.armoury,Patches/Armoury_MeleePower.xml,"/Defs/ThingDef[defName=""Force_Lightsaber_Dual""]/tools/li[label=""edge""]/power"
Jawa Armoury Rebalance,mandrake.jawa.armoury,Patches/Armoury_MeleePower.xml,"/Defs/ThingDef[defName=""Force_Lightsaber_Inquisitor""]/tools/li[label=""hilt""]/power"
Jawa Armoury Rebalance,mandrake.jawa.armoury,Patches/Armoury_MeleePower.xml,"/Defs/ThingDef[defName=""Force_Lightsaber_Inquisitor""]/tools/li[label=""tip""]/power"
Jawa Armoury Rebalance,mandrake.jawa.armoury,Patches/Armoury_MeleePower.xml,"/Defs/ThingDef[defName=""Force_Lightsaber_Inquisitor""]/tools/li[label=""edge""]/power"
Jawa Armoury Rebalance,mandrake.jawa.armoury,Patches/Armoury_MeleePower.xml,"/Defs/ThingDef[defName=""Force_Lightsaber_Shoto""]/tools/li[label=""hilt""]/power"
Jawa Armoury Rebalance,mandrake.jawa.armoury,Patches/Armoury_MeleePower.xml,"/Defs/ThingDef[defName=""Force_Lightsaber_Shoto""]/tools/li[label=""tip""]/power"
Jawa Armoury Rebalance,mandrake.jawa.armoury,Patches/Armoury_MeleePower.xml,"/Defs/ThingDef[defName=""Force_Lightsaber_Shoto""]/tools/li[label=""edge""]/power"
Jawa Armoury Rebalance,mandrake.jawa.armoury,Patches/Armoury_MeleePower.xml,"/Defs/ThingDef[defName=""guy762_vaxe""]/tools/li[label=""handle""]/power"
Jawa Armoury Rebalance,mandrake.jawa.armoury,Patches/Armoury_MeleePower.xml,"/Defs/ThingDef[defName=""guy762_vaxe""]/tools/li[label=""edge""]/power"
Jawa Armoury Rebalance,mandrake.jawa.armoury,Patches/Armoury_MeleePower.xml,"/Defs/ThingDef[defName=""guy762_vblade""]/tools/li[label=""handle""]/power"
Jawa Armoury Rebalance,mandrake.jawa.armoury,Patches/Armoury_MeleePower.xml,"/Defs/ThingDef[defName=""guy762_vblade""]/tools/li[label=""point""]/power"
Jawa Armoury Rebalance,mandrake.jawa.armoury,Patches/Armoury_MeleePower.xml,"/Defs/ThingDef[defName=""guy762_vblade""]/tools/li[label=""edge""]/power"
Jawa Armoury Rebalance,mandrake.jawa.armoury,Patches/Armoury_MeleePower.xml,"/Defs/ThingDef[defName=""guy762_vblade_echani""]/tools/li[label=""handle""]/power"
Jawa Armoury Rebalance,mandrake.jawa.armoury,Patches/Armoury_MeleePower.xml,"/Defs/ThingDef[defName=""guy762_vblade_echani""]/tools/li[label=""point""]/power"
Jawa Armoury Rebalance,mandrake.jawa.armoury,Patches/Armoury_MeleePower.xml,"/Defs/ThingDef[defName=""guy762_vblade_echani""]/tools/li[label=""edge""]/power"
Jawa Armoury Rebalance,mandrake.jawa.armoury,Patches/Armoury_MeleePower.xml,"/Defs/ThingDef[defName=""guy762_vblade_prototype""]/tools/li[label=""handle""]/power"
Jawa Armoury Rebalance,mandrake.jawa.armoury,Patches/Armoury_MeleePower.xml,"/Defs/ThingDef[defName=""guy762_vblade_prototype""]/tools/li[label=""point""]/power"
Jawa Armoury Rebalance,mandrake.jawa.armoury,Patches/Armoury_MeleePower.xml,"/Defs/ThingDef[defName=""guy762_vblade_prototype""]/tools/li[label=""edge""]/power"
Jawa Armoury Rebalance,mandrake.jawa.armoury,Patches/Armoury_MeleePower.xml,"/Defs/ThingDef[defName=""guy762_vdubblade""]/tools/li[label=""handle""]/power"
Jawa Armoury Rebalance,mandrake.jawa.armoury,Patches/Armoury_MeleePower.xml,"/Defs/ThingDef[defName=""guy762_vdubblade""]/tools/li[label=""point""]/power"
Jawa Armoury Rebalance,mandrake.jawa.armoury,Patches/Armoury_MeleePower.xml,"/Defs/ThingDef[defName=""guy762_vdubblade""]/tools/li[label=""edge""]/power"
Jawa Armoury Rebalance,mandrake.jawa.armoury,Patches/Armoury_MeleePower.xml,"/Defs/ThingDef[defName=""guy762_vglaive""]/tools/li[label=""handle""]/power"
Jawa Armoury Rebalance,mandrake.jawa.armoury,Patches/Armoury_MeleePower.xml,"/Defs/ThingDef[defName=""guy762_vglaive""]/tools/li[label=""point""]/power"
Jawa Armoury Rebalance,mandrake.jawa.armoury,Patches/Armoury_MeleePower.xml,"/Defs/ThingDef[defName=""guy762_vglaive""]/tools/li[label=""edge""]/power"
Jawa Armoury Rebalance,mandrake.jawa.armoury,Patches/Armoury_MeleePower.xml,"/Defs/ThingDef[defName=""guy762_vglaive_echani""]/tools/li[label=""handle""]/power"
Jawa Armoury Rebalance,mandrake.jawa.armoury,Patches/Armoury_MeleePower.xml,"/Defs/ThingDef[defName=""guy762_vglaive_echani""]/tools/li[label=""point""]/power"
Jawa Armoury Rebalance,mandrake.jawa.armoury,Patches/Armoury_MeleePower.xml,"/Defs/ThingDef[defName=""guy762_vglaive_echani""]/tools/li[label=""edge""]/power"
Jawa Armoury Rebalance,mandrake.jawa.armoury,Patches/Armoury_MeleePower.xml,"/Defs/ThingDef[defName=""guy762_vsword""]/tools/li[label=""handle""]/power"
Jawa Armoury Rebalance,mandrake.jawa.armoury,Patches/Armoury_MeleePower.xml,"/Defs/ThingDef[defName=""guy762_vsword""]/tools/li[label=""point""]/power"
Jawa Armoury Rebalance,mandrake.jawa.armoury,Patches/Armoury_MeleePower.xml,"/Defs/ThingDef[defName=""guy762_vsword""]/tools/li[label=""edge""]/power"
Jawa Armoury Rebalance,mandrake.jawa.armoury,Patches/Armoury_MeleePower.xml,"/Defs/ThingDef[defName=""guy762_vsword_echani""]/tools/li[label=""handle""]/power"
Jawa Armoury Rebalance,mandrake.jawa.armoury,Patches/Armoury_MeleePower.xml,"/Defs/ThingDef[defName=""guy762_vsword_echani""]/tools/li[label=""point""]/power"
Jawa Armoury Rebalance,mandrake.jawa.armoury,Patches/Armoury_MeleePower.xml,"/Defs/ThingDef[defName=""guy762_vsword_echani""]/tools/li[label=""edge""]/power"
Jawa Armoury Rebalance,mandrake.jawa.armoury,Patches/Armoury_MeleePower.xml,"/Defs/ThingDef[defName=""ABYautja_Melee_BladedMaul""]/tools/li[label=""point""]/power"
Jawa Armoury Rebalance,mandrake.jawa.armoury,Patches/Armoury_MeleePower.xml,"/Defs/ThingDef[defName=""ABYautja_Melee_BladedMaul""]/tools/li[label=""blade""]/power"
Jawa Armoury Rebalance,mandrake.jawa.armoury,Patches/Armoury_MeleePower.xml,"/Defs/ThingDef[defName=""ABYautja_Melee_BladedMaul""]/tools/li[label=""handle""]/power"
Jawa Armoury Rebalance,mandrake.jawa.armoury,Patches/Armoury_MeleePower.xml,"/Defs/ThingDef[defName=""ABYautja_Melee_CeremonialDagger""]/tools/li[label=""handle""]/power"
Jawa Armoury Rebalance,mandrake.jawa.armoury,Patches/Armoury_MeleePower.xml,"/Defs/ThingDef[defName=""ABYautja_Melee_CeremonialDagger""]/tools/li[label=""blade""]/power"
Jawa Armoury Rebalance,mandrake.jawa.armoury,Patches/Armoury_MeleePower.xml,"/Defs/ThingDef[defName=""ABYautja_Melee_CeremonialDagger""]/tools/li[label=""point""]/power"
Jawa Armoury Rebalance,mandrake.jawa.armoury,Patches/Armoury_MeleePower.xml,"/Defs/ThingDef[defName=""ABYautja_Melee_ElderSword""]/tools/li[label=""handle""]/power"
Jawa Armoury Rebalance,mandrake.jawa.armoury,Patches/Armoury_MeleePower.xml,"/Defs/ThingDef[defName=""ABYautja_Melee_ElderSword""]/tools/li[label=""blade""]/power"
Jawa Armoury Rebalance,mandrake.jawa.armoury,Patches/Armoury_MeleePower.xml,"/Defs/ThingDef[defName=""ABYautja_Melee_ElderSword""]/tools/li[label=""point""]/power"
Jawa Armoury Rebalance,mandrake.jawa.armoury,Patches/Armoury_MeleePower.xml,"/Defs/ThingDef[defName=""ABYautja_Melee_Flail""]/tools/li[label=""point""]/power"
Jawa Armoury Rebalance,mandrake.jawa.armoury,Patches/Armoury_MeleePower.xml,"/Defs/ThingDef[defName=""ABYautja_Melee_Flail""]/tools/li[label=""flail""]/power"
Jawa Armoury Rebalance,mandrake.jawa.armoury,Patches/Armoury_MeleePower.xml,"/Defs/ThingDef[defName=""ABYautja_Melee_Flail""]/tools/li[label=""handle""]/power"
Jawa Armoury Rebalance,mandrake.jawa.armoury,Patches/Armoury_MeleePower.xml,"/Defs/ThingDef[defName=""ABYautja_Melee_Glaive""]/tools/li[label=""point""]/power"
Jawa Armoury Rebalance,mandrake.jawa.armoury,Patches/Armoury_MeleePower.xml,"/Defs/ThingDef[defName=""ABYautja_Melee_Glaive""]/tools/li[label=""blade""]/power"
Jawa Armoury Rebalance,mandrake.jawa.armoury,Patches/Armoury_MeleePower.xml,"/Defs/ThingDef[defName=""ABYautja_Melee_HandScythe""]/tools/li[label=""blade""]/power"
Jawa Armoury Rebalance,mandrake.jawa.armoury,Patches/Armoury_MeleePower.xml,"/Defs/ThingDef[defName=""ABYautja_Melee_HandScythe""]/tools/li[label=""point""]/power"
Jawa Armoury Rebalance,mandrake.jawa.armoury,Patches/Armoury_MeleePower.xml,"/Defs/ThingDef[defName=""ABYautja_Melee_PredatorAxe""]/tools/li[label=""handle""]/power"
Jawa Armoury Rebalance,mandrake.jawa.armoury,Patches/Armoury_MeleePower.xml,"/Defs/ThingDef[defName=""ABYautja_Melee_PredatorAxe""]/tools/li[label=""blade""]/power"
Jawa Armoury Rebalance,mandrake.jawa.armoury,Patches/Armoury_MeleePower.xml,"/Defs/ThingDef[defName=""ABYautja_Melee_PredatorKatana""]/tools/li[label=""handle""]/power"
Jawa Armoury Rebalance,mandrake.jawa.armoury,Patches/Armoury_MeleePower.xml,"/Defs/ThingDef[defName=""ABYautja_Melee_PredatorKatana""]/tools/li[label=""blade""]/power"
Jawa Armoury Rebalance,mandrake.jawa.armoury,Patches/Armoury_MeleePower.xml,"/Defs/ThingDef[defName=""ABYautja_Melee_PredatorKatana""]/tools/li[label=""point""]/power"
Jawa Armoury Rebalance,mandrake.jawa.armoury,Patches/Armoury_MeleePower.xml,"/Defs/ThingDef[defName=""ABYautja_Melee_PredatorScythe""]/tools/li[label=""point""]/power"
Jawa Armoury Rebalance,mandrake.jawa.armoury,Patches/Armoury_MeleePower.xml,"/Defs/ThingDef[defName=""ABYautja_Melee_PredatorScythe""]/tools/li[label=""blade""]/power"
Jawa Armoury Rebalance,mandrake.jawa.armoury,Patches/Armoury_MeleePower.xml,"/Defs/ThingDef[defName=""ABYautja_Melee_PredatorScythe""]/tools/li[label=""handle blade""]/power"
Jawa Armoury Rebalance,mandrake.jawa.armoury,Patches/Armoury_MeleePower.xml,"/Defs/ThingDef[defName=""ABYautja_Melee_PredatorSword""]/tools/li[label=""handle""]/power"
Jawa Armoury Rebalance,mandrake.jawa.armoury,Patches/Armoury_MeleePower.xml,"/Defs/ThingDef[defName=""ABYautja_Melee_PredatorSword""]/tools/li[label=""blade""]/power"
Jawa Armoury Rebalance,mandrake.jawa.armoury,Patches/Armoury_MeleePower.xml,"/Defs/ThingDef[defName=""ABYautja_Melee_PredatorSword""]/tools/li[label=""point""]/power"
Jawa Armoury Rebalance,mandrake.jawa.armoury,Patches/Armoury_MeleePower.xml,"/Defs/ThingDef[defName=""ABYautja_Melee_PredatorWarAxe""]/tools/li[label=""edge""]/power"
Jawa Armoury Rebalance,mandrake.jawa.armoury,Patches/Armoury_MeleePower.xml,"/Defs/ThingDef[defName=""ABYautja_Melee_PredatorWarAxe""]/tools/li[label=""blade""]/power"
Jawa Armoury Rebalance,mandrake.jawa.armoury,Patches/Armoury_MeleePower.xml,"/Defs/ThingDef[defName=""ABYautja_Melee_WarClub""]/tools/li[label=""handle""]/power"
Jawa Armoury Rebalance,mandrake.jawa.armoury,Patches/Armoury_MeleePower.xml,"/Defs/ThingDef[defName=""ABYautja_Melee_WarClub""]/tools/li[label=""club""]/power"
Jawa Armoury Rebalance,mandrake.jawa.armoury,Patches/Armoury_MeleePower.xml,"/Defs/ThingDef[defName=""ABYautja_Melee_WarClub""]/tools/li[label=""club blade""]/power"
Jawa Armoury Rebalance,mandrake.jawa.armoury,Patches/Armoury_MeleePower.xml,"/Defs/ThingDef[defName=""JDSA_Vibroaxe""]/tools/li[label=""handle""]/power"
Jawa Armoury Rebalance,mandrake.jawa.armoury,Patches/Armoury_MeleePower.xml,"/Defs/ThingDef[defName=""JDSA_Vibroaxe""]/tools/li[label=""point""]/power"
Jawa Armoury Rebalance,mandrake.jawa.armoury,Patches/Armoury_MeleePower.xml,"/Defs/ThingDef[defName=""JDSA_Vibroblade""]/tools/li[label=""point""]/power"
Jawa Armoury Rebalance,mandrake.jawa.armoury,Patches/Armoury_MeleePower.xml,"/Defs/ThingDef[defName=""JDSA_Vibrosword""]/tools/li[label=""handle""]/power"
Jawa Armoury Rebalance,mandrake.jawa.armoury,Patches/Armoury_MeleePower.xml,"/Defs/ThingDef[defName=""JDSA_Vibrosword""]/tools/li[label=""point""]/power"
Jawa Armoury Rebalance,mandrake.jawa.armoury,Patches/Armour_Penetration.xml,"/Defs/ThingDef[defName=""OuterRim_VibroAxe""]/tools/li[label=""handle""]/armorPenetration"
Jawa Armoury Rebalance,mandrake.jawa.armoury,Patches/Armour_Penetration.xml,"/Defs/ThingDef[defName=""OuterRim_VibroAxe""]/tools/li[label=""handle""]/armorPenetration"
Jawa Armoury Rebalance,mandrake.jawa.armoury,Patches/Armour_Penetration.xml,"/Defs/ThingDef[defName=""OuterRim_VibroAxe""]/tools/li[label=""handle""]"
Jawa Armoury Rebalance,mandrake.jawa.armoury,Patches/Armour_Penetration.xml,"/Defs/ThingDef[defName=""OuterRim_VibroAxe""]/tools/li[label=""point""]/armorPenetration"
Jawa Armoury Rebalance,mandrake.jawa.armoury,Patches/Armour_Penetration.xml,"/Defs/ThingDef[defName=""OuterRim_VibroAxe""]/tools/li[label=""point""]/armorPenetration"
Jawa Armoury Rebalance,mandrake.jawa.armoury,Patches/Armour_Penetration.xml,"/Defs/ThingDef[defName=""OuterRim_VibroAxe""]/tools/li[label=""point""]"
Jawa Armoury Rebalance,mandrake.jawa.armoury,Patches/Armour_Penetration.xml,"/Defs/ThingDef[defName=""OuterRim_VibroAxe""]/tools/li[label=""edge""]/armorPenetration"
Jawa Armoury Rebalance,mandrake.jawa.armoury,Patches/Armour_Penetration.xml,"/Defs/ThingDef[defName=""OuterRim_VibroAxe""]/tools/li[label=""edge""]/armorPenetration"
Jawa Armoury Rebalance,mandrake.jawa.armoury,Patches/Armour_Penetration.xml,"/Defs/ThingDef[defName=""OuterRim_VibroAxe""]/tools/li[label=""edge""]"
Jawa Armoury Rebalance,mandrake.jawa.armoury,Patches/Armour_Penetration.xml,"/Defs/ThingDef[defName=""OuterRim_VibroBlade""]/tools/li[label=""handle""]/armorPenetration"
Jawa Armoury Rebalance,mandrake.jawa.armoury,Patches/Armour_Penetration.xml,"/Defs/ThingDef[defName=""OuterRim_VibroBlade""]/tools/li[label=""handle""]/armorPenetration"
Jawa Armoury Rebalance,mandrake.jawa.armoury,Patches/Armour_Penetration.xml,"/Defs/ThingDef[defName=""OuterRim_VibroBlade""]/tools/li[label=""handle""]"
Jawa Armoury Rebalance,mandrake.jawa.armoury,Patches/Armour_Penetration.xml,"/Defs/ThingDef[defName=""OuterRim_VibroBlade""]/tools/li[label=""point""]/armorPenetration"
Jawa Armoury Rebalance,mandrake.jawa.armoury,Patches/Armour_Penetration.xml,"/Defs/ThingDef[defName=""OuterRim_VibroBlade""]/tools/li[label=""point""]/armorPenetration"
Jawa Armoury Rebalance,mandrake.jawa.armoury,Patches/Armour_Penetration.xml,"/Defs/ThingDef[defName=""OuterRim_VibroBlade""]/tools/li[label=""point""]"
Jawa Armoury Rebalance,mandrake.jawa.armoury,Patches/Armour_Penetration.xml,"/Defs/ThingDef[defName=""OuterRim_VibroBlade""]/tools/li[label=""edge""]/armorPenetration"
Jawa Armoury Rebalance,mandrake.jawa.armoury,Patches/Armour_Penetration.xml,"/Defs/ThingDef[defName=""OuterRim_VibroBlade""]/tools/li[label=""edge""]/armorPenetration"
Jawa Armoury Rebalance,mandrake.jawa.armoury,Patches/Armour_Penetration.xml,"/Defs/ThingDef[defName=""OuterRim_VibroBlade""]/tools/li[label=""edge""]"
Jawa Armoury Rebalance,mandrake.jawa.armoury,Patches/Armour_Penetration.xml,"/Defs/ThingDef[defName=""OuterRim_VibroCleaver""]/tools/li[label=""handle""]/armorPenetration"
Jawa Armoury Rebalance,mandrake.jawa.armoury,Patches/Armour_Penetration.xml,"/Defs/ThingDef[defName=""OuterRim_VibroCleaver""]/tools/li[label=""handle""]/armorPenetration"
Jawa Armoury Rebalance,mandrake.jawa.armoury,Patches/Armour_Penetration.xml,"/Defs/ThingDef[defName=""OuterRim_VibroCleaver""]/tools/li[label=""handle""]"
Jawa Armoury Rebalance,mandrake.jawa.armoury,Patches/Armour_Penetration.xml,"/Defs/ThingDef[defName=""OuterRim_VibroCleaver""]/tools/li[label=""point""]/armorPenetration"
Jawa Armoury Rebalance,mandrake.jawa.armoury,Patches/Armour_Penetration.xml,"/Defs/ThingDef[defName=""OuterRim_VibroCleaver""]/tools/li[label=""point""]/armorPenetration"
Jawa Armoury Rebalance,mandrake.jawa.armoury,Patches/Armour_Penetration.xml,"/Defs/ThingDef[defName=""OuterRim_VibroCleaver""]/tools/li[label=""point""]"
Jawa Armoury Rebalance,mandrake.jawa.armoury,Patches/Armour_Penetration.xml,"/Defs/ThingDef[defName=""OuterRim_VibroCleaver""]/tools/li[label=""edge""]/armorPenetration"
Jawa Armoury Rebalance,mandrake.jawa.armoury,Patches/Armour_Penetration.xml,"/Defs/ThingDef[defName=""OuterRim_VibroCleaver""]/tools/li[label=""edge""]/armorPenetration"
Jawa Armoury Rebalance,mandrake.jawa.armoury,Patches/Armour_Penetration.xml,"/Defs/ThingDef[defName=""OuterRim_VibroCleaver""]/tools/li[label=""edge""]"
Jawa Armoury Rebalance,mandrake.jawa.armoury,Patches/Armour_Penetration.xml,"/Defs/ThingDef[defName=""OuterRim_VibroDagger""]/tools/li[label=""handle""]/armorPenetration"
Jawa Armoury Rebalance,mandrake.jawa.armoury,Patches/Armour_Penetration.xml,"/Defs/ThingDef[defName=""OuterRim_VibroDagger""]/tools/li[label=""handle""]/armorPenetration"
Jawa Armoury Rebalance,mandrake.jawa.armoury,Patches/Armour_Penetration.xml,"/Defs/ThingDef[defName=""OuterRim_VibroDagger""]/tools/li[label=""handle""]"
Jawa Armoury Rebalance,mandrake.jawa.armoury,Patches/Armour_Penetration.xml,"/Defs/ThingDef[defName=""OuterRim_VibroDagger""]/tools/li[label=""point""]/armorPenetration"
Jawa Armoury Rebalance,mandrake.jawa.armoury,Patches/Armour_Penetration.xml,"/Defs/ThingDef[defName=""OuterRim_VibroDagger""]/tools/li[label=""point""]/armorPenetration"
Jawa Armoury Rebalance,mandrake.jawa.armoury,Patches/Armour_Penetration.xml,"/Defs/ThingDef[defName=""OuterRim_VibroDagger""]/tools/li[label=""point""]"
Jawa Armoury Rebalance,mandrake.jawa.armoury,Patches/Armour_Penetration.xml,"/Defs/ThingDef[defName=""OuterRim_VibroDagger""]/tools/li[label=""edge""]/armorPenetration"
Jawa Armoury Rebalance,mandrake.jawa.armoury,Patches/Armour_Penetration.xml,"/Defs/ThingDef[defName=""OuterRim_VibroDagger""]/tools/li[label=""edge""]/armorPenetration"
Jawa Armoury Rebalance,mandrake.jawa.armoury,Patches/Armour_Penetration.xml,"/Defs/ThingDef[defName=""OuterRim_VibroDagger""]/tools/li[label=""edge""]"
Jawa Armoury Rebalance,mandrake.jawa.armoury,Patches/Armour_Penetration.xml,"/Defs/ThingDef[defName=""OuterRim_VibroDoubleBlade""]/tools/li[label=""handle""]/armorPenetration"
Jawa Armoury Rebalance,mandrake.jawa.armoury,Patches/Armour_Penetration.xml,"/Defs/ThingDef[defName=""OuterRim_VibroDoubleBlade""]/tools/li[label=""handle""]/armorPenetration"
Jawa Armoury Rebalance,mandrake.jawa.armoury,Patches/Armour_Penetration.xml,"/Defs/ThingDef[defName=""OuterRim_VibroDoubleBlade""]/tools/li[label=""handle""]"
Jawa Armoury Rebalance,mandrake.jawa.armoury,Patches/Armour_Penetration.xml,"/Defs/ThingDef[defName=""OuterRim_VibroDoubleBlade""]/tools/li[label=""point""]/armorPenetration"
Jawa Armoury Rebalance,mandrake.jawa.armoury,Patches/Armour_Penetration.xml,"/Defs/ThingDef[defName=""OuterRim_VibroDoubleBlade""]/tools/li[label=""point""]/armorPenetration"
Jawa Armoury Rebalance,mandrake.jawa.armoury,Patches/Armour_Penetration.xml,"/Defs/ThingDef[defName=""OuterRim_VibroDoubleBlade""]/tools/li[label=""point""]"
Jawa Armoury Rebalance,mandrake.jawa.armoury,Patches/Armour_Penetration.xml,"/Defs/ThingDef[defName=""OuterRim_VibroDoubleBlade""]/tools/li[label=""edge""]/armorPenetration"
Jawa Armoury Rebalance,mandrake.jawa.armoury,Patches/Armour_Penetration.xml,"/Defs/ThingDef[defName=""OuterRim_VibroDoubleBlade""]/tools/li[label=""edge""]/armorPenetration"
Jawa Armoury Rebalance,mandrake.jawa.armoury,Patches/Armour_Penetration.xml,"/Defs/ThingDef[defName=""OuterRim_VibroDoubleBlade""]/tools/li[label=""edge""]"
Jawa Armoury Rebalance,mandrake.jawa.armoury,Patches/Armour_Penetration.xml,"/Defs/ThingDef[defName=""OuterRim_VibroGlaive""]/tools/li[label=""handle""]/armorPenetration"
Jawa Armoury Rebalance,mandrake.jawa.armoury,Patches/Armour_Penetration.xml,"/Defs/ThingDef[defName=""OuterRim_VibroGlaive""]/tools/li[label=""handle""]/armorPenetration"
Jawa Armoury Rebalance,mandrake.jawa.armoury,Patches/Armour_Penetration.xml,"/Defs/ThingDef[defName=""OuterRim_VibroGlaive""]/tools/li[label=""handle""]"
Jawa Armoury Rebalance,mandrake.jawa.armoury,Patches/Armour_Penetration.xml,"/Defs/ThingDef[defName=""OuterRim_VibroGlaive""]/tools/li[label=""point""]/armorPenetration"
Jawa Armoury Rebalance,mandrake.jawa.armoury,Patches/Armour_Penetration.xml,"/Defs/ThingDef[defName=""OuterRim_VibroGlaive""]/tools/li[label=""point""]/armorPenetration"
Jawa Armoury Rebalance,mandrake.jawa.armoury,Patches/Armour_Penetration.xml,"/Defs/ThingDef[defName=""OuterRim_VibroGlaive""]/tools/li[label=""point""]"
Jawa Armoury Rebalance,mandrake.jawa.armoury,Patches/Armour_Penetration.xml,"/Defs/ThingDef[defName=""OuterRim_VibroGlaive""]/tools/li[label=""edge""]/armorPenetration"
Jawa Armoury Rebalance,mandrake.jawa.armoury,Patches/Armour_Penetration.xml,"/Defs/ThingDef[defName=""OuterRim_VibroGlaive""]/tools/li[label=""edge""]/armorPenetration"
Jawa Armoury Rebalance,mandrake.jawa.armoury,Patches/Armour_Penetration.xml,"/Defs/ThingDef[defName=""OuterRim_VibroGlaive""]/tools/li[label=""edge""]"
Jawa Armoury Rebalance,mandrake.jawa.armoury,Patches/Armour_Penetration.xml,"/Defs/ThingDef[@Name=""Force_LightsaberBase""]/tools/li[label=""hilt""]/armorPenetration"
Jawa Armoury Rebalance,mandrake.jawa.armoury,Patches/Armour_Penetration.xml,"/Defs/ThingDef[@Name=""Force_LightsaberBase""]/tools/li[label=""hilt""]/armorPenetration"
Jawa Armoury Rebalance,mandrake.jawa.armoury,Patches/Armour_Penetration.xml,"/Defs/ThingDef[@Name=""Force_LightsaberBase""]/tools/li[label=""hilt""]"
Jawa Armoury Rebalance,mandrake.jawa.armoury,Patches/Armour_Penetration.xml,"/Defs/ThingDef[@Name=""Force_LightsaberBase""]/tools/li[label=""point""]/armorPenetration"
Jawa Armoury Rebalance,mandrake.jawa.armoury,Patches/Armour_Penetration.xml,"/Defs/ThingDef[@Name=""Force_LightsaberBase""]/tools/li[label=""point""]/armorPenetration"
Jawa Armoury Rebalance,mandrake.jawa.armoury,Patches/Armour_Penetration.xml,"/Defs/ThingDef[@Name=""Force_LightsaberBase""]/tools/li[label=""point""]"
Jawa Armoury Rebalance,mandrake.jawa.armoury,Patches/Armour_Penetration.xml,"/Defs/ThingDef[@Name=""Force_LightsaberBase""]/tools/li[label=""edge""]/armorPenetration"
Jawa Armoury Rebalance,mandrake.jawa.armoury,Patches/Armour_Penetration.xml,"/Defs/ThingDef[@Name=""Force_LightsaberBase""]/tools/li[label=""edge""]/armorPenetration"
Jawa Armoury Rebalance,mandrake.jawa.armoury,Patches/Armour_Penetration.xml,"/Defs/ThingDef[@Name=""Force_LightsaberBase""]/tools/li[label=""edge""]"
Jawa Armoury Rebalance,mandrake.jawa.armoury,Patches/Armour_Penetration.xml,"/Defs/ThingDef[defName=""Force_ImbuedBlade""]/tools/li[label=""handle""]/armorPenetration"
Jawa Armoury Rebalance,mandrake.jawa.armoury,Patches/Armour_Penetration.xml,"/Defs/ThingDef[defName=""Force_ImbuedBlade""]/tools/li[label=""handle""]/armorPenetration"
Jawa Armoury Rebalance,mandrake.jawa.armoury,Patches/Armour_Penetration.xml,"/Defs/ThingDef[defName=""Force_ImbuedBlade""]/tools/li[label=""handle""]"
Jawa Armoury Rebalance,mandrake.jawa.armoury,Patches/Armour_Penetration.xml,"/Defs/ThingDef[defName=""Force_ImbuedBlade""]/tools/li[label=""point""]/armorPenetration"
Jawa Armoury Rebalance,mandrake.jawa.armoury,Patches/Armour_Penetration.xml,"/Defs/ThingDef[defName=""Force_ImbuedBlade""]/tools/li[label=""point""]/armorPenetration"
Jawa Armoury Rebalance,mandrake.jawa.armoury,Patches/Armour_Penetration.xml,"/Defs/ThingDef[defName=""Force_ImbuedBlade""]/tools/li[label=""point""]"
Jawa Armoury Rebalance,mandrake.jawa.armoury,Patches/Armour_Penetration.xml,"/Defs/ThingDef[defName=""Force_ImbuedBlade""]/tools/li[label=""edge""]/armorPenetration"
Jawa Armoury Rebalance,mandrake.jawa.armoury,Patches/Armour_Penetration.xml,"/Defs/ThingDef[defName=""Force_ImbuedBlade""]/tools/li[label=""edge""]/armorPenetration"
Jawa Armoury Rebalance,mandrake.jawa.armoury,Patches/Armour_Penetration.xml,"/Defs/ThingDef[defName=""Force_ImbuedBlade""]/tools/li[label=""edge""]"
Jawa Armoury Rebalance,mandrake.jawa.armoury,Patches/Armour_Penetration.xml,"/Defs/ThingDef[defName=""Force_Lightsaber_Custom""]/tools/li[label=""hilt""]/armorPenetration"
Jawa Armoury Rebalance,mandrake.jawa.armoury,Patches/Armour_Penetration.xml,"/Defs/ThingDef[defName=""Force_Lightsaber_Custom""]/tools/li[label=""hilt""]/armorPenetration"
Jawa Armoury Rebalance,mandrake.jawa.armoury,Patches/Armour_Penetration.xml,"/Defs/ThingDef[defName=""Force_Lightsaber_Custom""]/tools/li[label=""hilt""]"
Jawa Armoury Rebalance,mandrake.jawa.armoury,Patches/Armour_Penetration.xml,"/Defs/ThingDef[defName=""Force_Lightsaber_Custom""]/tools/li[label=""tip""]/armorPenetration"
Jawa Armoury Rebalance,mandrake.jawa.armoury,Patches/Armour_Penetration.xml,"/Defs/ThingDef[defName=""Force_Lightsaber_Custom""]/tools/li[label=""tip""]/armorPenetration"
Jawa Armoury Rebalance,mandrake.jawa.armoury,Patches/Armour_Penetration.xml,"/Defs/ThingDef[defName=""Force_Lightsaber_Custom""]/tools/li[label=""tip""]"
Jawa Armoury Rebalance,mandrake.jawa.armoury,Patches/Armour_Penetration.xml,"/Defs/ThingDef[defName=""Force_Lightsaber_Custom""]/tools/li[label=""edge""]/armorPenetration"
Jawa Armoury Rebalance,mandrake.jawa.armoury,Patches/Armour_Penetration.xml,"/Defs/ThingDef[defName=""Force_Lightsaber_Custom""]/tools/li[label=""edge""]/armorPenetration"
Jawa Armoury Rebalance,mandrake.jawa.armoury,Patches/Armour_Penetration.xml,"/Defs/ThingDef[defName=""Force_Lightsaber_Custom""]/tools/li[label=""edge""]"
Jawa Armoury Rebalance,mandrake.jawa.armoury,Patches/Armour_Penetration.xml,"/Defs/ThingDef[defName=""Force_Lightsaber_Dual""]/tools/li[label=""hilt""]/armorPenetration"
Jawa Armoury Rebalance,mandrake.jawa.armoury,Patches/Armour_Penetration.xml,"/Defs/ThingDef[defName=""Force_Lightsaber_Dual""]/tools/li[label=""hilt""]/armorPenetration"
Jawa Armoury Rebalance,mandrake.jawa.armoury,Patches/Armour_Penetration.xml,"/Defs/ThingDef[defName=""Force_Lightsaber_Dual""]/tools/li[label=""hilt""]"
Jawa Armoury Rebalance,mandrake.jawa.armoury,Patches/Armour_Penetration.xml,"/Defs/ThingDef[defName=""Force_Lightsaber_Dual""]/tools/li[label=""tip""]/armorPenetration"
Jawa Armoury Rebalance,mandrake.jawa.armoury,Patches/Armour_Penetration.xml,"/Defs/ThingDef[defName=""Force_Lightsaber_Dual""]/tools/li[label=""tip""]/armorPenetration"
Jawa Armoury Rebalance,mandrake.jawa.armoury,Patches/Armour_Penetration.xml,"/Defs/ThingDef[defName=""Force_Lightsaber_Dual""]/tools/li[label=""tip""]"
Jawa Armoury Rebalance,mandrake.jawa.armoury,Patches/Armour_Penetration.xml,"/Defs/ThingDef[defName=""Force_Lightsaber_Dual""]/tools/li[label=""edge""]/armorPenetration"
Jawa Armoury Rebalance,mandrake.jawa.armoury,Patches/Armour_Penetration.xml,"/Defs/ThingDef[defName=""Force_Lightsaber_Dual""]/tools/li[label=""edge""]/armorPenetration"
Jawa Armoury Rebalance,mandrake.jawa.armoury,Patches/Armour_Penetration.xml,"/Defs/ThingDef[defName=""Force_Lightsaber_Dual""]/tools/li[label=""edge""]"
Jawa Armoury Rebalance,mandrake.jawa.armoury,Patches/Armour_Penetration.xml,"/Defs/ThingDef[defName=""Force_Lightsaber_Inquisitor""]/tools/li[label=""hilt""]/armorPenetration"
Jawa Armoury Rebalance,mandrake.jawa.armoury,Patches/Armour_Penetration.xml,"/Defs/ThingDef[defName=""Force_Lightsaber_Inquisitor""]/tools/li[label=""hilt""]/armorPenetration"
Jawa Armoury Rebalance,mandrake.jawa.armoury,Patches/Armour_Penetration.xml,"/Defs/ThingDef[defName=""Force_Lightsaber_Inquisitor""]/tools/li[label=""hilt""]"
Jawa Armoury Rebalance,mandrake.jawa.armoury,Patches/Armour_Penetration.xml,"/Defs/ThingDef[defName=""Force_Lightsaber_Inquisitor""]/tools/li[label=""tip""]/armorPenetration"
Jawa Armoury Rebalance,mandrake.jawa.armoury,Patches/Armour_Penetration.xml,"/Defs/ThingDef[defName=""Force_Lightsaber_Inquisitor""]/tools/li[label=""tip""]/armorPenetration"
Jawa Armoury Rebalance,mandrake.jawa.armoury,Patches/Armour_Penetration.xml,"/Defs/ThingDef[defName=""Force_Lightsaber_Inquisitor""]/tools/li[label=""tip""]"
Jawa Armoury Rebalance,mandrake.jawa.armoury,Patches/Armour_Penetration.xml,"/Defs/ThingDef[defName=""Force_Lightsaber_Inquisitor""]/tools/li[label=""edge""]/armorPenetration"
Jawa Armoury Rebalance,mandrake.jawa.armoury,Patches/Armour_Penetration.xml,"/Defs/ThingDef[defName=""Force_Lightsaber_Inquisitor""]/tools/li[label=""edge""]/armorPenetration"
Jawa Armoury Rebalance,mandrake.jawa.armoury,Patches/Armour_Penetration.xml,"/Defs/ThingDef[defName=""Force_Lightsaber_Inquisitor""]/tools/li[label=""edge""]"
Jawa Armoury Rebalance,mandrake.jawa.armoury,Patches/Armour_Penetration.xml,"/Defs/ThingDef[defName=""Force_Lightsaber_Curved""]/tools/li[label=""hilt""]/armorPenetration"
Jawa Armoury Rebalance,mandrake.jawa.armoury,Patches/Armour_Penetration.xml,"/Defs/ThingDef[defName=""Force_Lightsaber_Curved""]/tools/li[label=""hilt""]/armorPenetration"
Jawa Armoury Rebalance,mandrake.jawa.armoury,Patches/Armour_Penetration.xml,"/Defs/ThingDef[defName=""Force_Lightsaber_Curved""]/tools/li[label=""hilt""]"
Jawa Armoury Rebalance,mandrake.jawa.armoury,Patches/Armour_Penetration.xml,"/Defs/ThingDef[defName=""Force_Lightsaber_Curved""]/tools/li[label=""tip""]/armorPenetration"
Jawa Armoury Rebalance,mandrake.jawa.armoury,Patches/Armour_Penetration.xml,"/Defs/ThingDef[defName=""Force_Lightsaber_Curved""]/tools/li[label=""tip""]/armorPenetration"
Jawa Armoury Rebalance,mandrake.jawa.armoury,Patches/Armour_Penetration.xml,"/Defs/ThingDef[defName=""Force_Lightsaber_Curved""]/tools/li[label=""tip""]"
Jawa Armoury Rebalance,mandrake.jawa.armoury,Patches/Armour_Penetration.xml,"/Defs/ThingDef[defName=""Force_Lightsaber_Curved""]/tools/li[label=""edge""]/armorPenetration"
Jawa Armoury Rebalance,mandrake.jawa.armoury,Patches/Armour_Penetration.xml,"/Defs/ThingDef[defName=""Force_Lightsaber_Curved""]/tools/li[label=""edge""]/armorPenetration"
Jawa Armoury Rebalance,mandrake.jawa.armoury,Patches/Armour_Penetration.xml,"/Defs/ThingDef[defName=""Force_Lightsaber_Curved""]/tools/li[label=""edge""]"
Jawa Armoury Rebalance,mandrake.jawa.armoury,Patches/Armour_Penetration.xml,"/Defs/ThingDef[defName=""Force_Lightsaber_Shoto""]/tools/li[label=""hilt""]/armorPenetration"
Jawa Armoury Rebalance,mandrake.jawa.armoury,Patches/Armour_Penetration.xml,"/Defs/ThingDef[defName=""Force_Lightsaber_Shoto""]/tools/li[label=""hilt""]/armorPenetration"
Jawa Armoury Rebalance,mandrake.jawa.armoury,Patches/Armour_Penetration.xml,"/Defs/ThingDef[defName=""Force_Lightsaber_Shoto""]/tools/li[label=""hilt""]"
Jawa Armoury Rebalance,mandrake.jawa.armoury,Patches/Armour_Penetration.xml,"/Defs/ThingDef[defName=""Force_Lightsaber_Shoto""]/tools/li[label=""tip""]/armorPenetration"
Jawa Armoury Rebalance,mandrake.jawa.armoury,Patches/Armour_Penetration.xml,"/Defs/ThingDef[defName=""Force_Lightsaber_Shoto""]/tools/li[label=""tip""]/armorPenetration"
Jawa Armoury Rebalance,mandrake.jawa.armoury,Patches/Armour_Penetration.xml,"/Defs/ThingDef[defName=""Force_Lightsaber_Shoto""]/tools/li[label=""tip""]"
Jawa Armoury Rebalance,mandrake.jawa.armoury,Patches/Armour_Penetration.xml,"/Defs/ThingDef[defName=""Force_Lightsaber_Shoto""]/tools/li[label=""edge""]/armorPenetration"
Jawa Armoury Rebalance,mandrake.jawa.armoury,Patches/Armour_Penetration.xml,"/Defs/ThingDef[defName=""Force_Lightsaber_Shoto""]/tools/li[label=""edge""]/armorPenetration"
Jawa Armoury Rebalance,mandrake.jawa.armoury,Patches/Armour_Penetration.xml,"/Defs/ThingDef[defName=""Force_Lightsaber_Shoto""]/tools/li[label=""edge""]"
Jawa Armoury Rebalance,mandrake.jawa.armoury,Patches/Armour_Penetration.xml,"/Defs/ThingDef[defName=""Force_Lightsaber_Crossguard""]/tools/li[label=""hilt""]/armorPenetration"
Jawa Armoury Rebalance,mandrake.jawa.armoury,Patches/Armour_Penetration.xml,"/Defs/ThingDef[defName=""Force_Lightsaber_Crossguard""]/tools/li[label=""hilt""]/armorPenetration"
Jawa Armoury Rebalance,mandrake.jawa.armoury,Patches/Armour_Penetration.xml,"/Defs/ThingDef[defName=""Force_Lightsaber_Crossguard""]/tools/li[label=""hilt""]"
Jawa Armoury Rebalance,mandrake.jawa.armoury,Patches/Armour_Penetration.xml,"/Defs/ThingDef[defName=""Force_Lightsaber_Crossguard""]/tools/li[label=""tip""]/armorPenetration"
Jawa Armoury Rebalance,mandrake.jawa.armoury,Patches/Armour_Penetration.xml,"/Defs/ThingDef[defName=""Force_Lightsaber_Crossguard""]/tools/li[label=""tip""]/armorPenetration"
Jawa Armoury Rebalance,mandrake.jawa.armoury,Patches/Armour_Penetration.xml,"/Defs/ThingDef[defName=""Force_Lightsaber_Crossguard""]/tools/li[label=""tip""]"
Jawa Armoury Rebalance,mandrake.jawa.armoury,Patches/Armour_Penetration.xml,"/Defs/ThingDef[defName=""Force_Lightsaber_Crossguard""]/tools/li[label=""edge""]/armorPenetration"
Jawa Armoury Rebalance,mandrake.jawa.armoury,Patches/Armour_Penetration.xml,"/Defs/ThingDef[defName=""Force_Lightsaber_Crossguard""]/tools/li[label=""edge""]/armorPenetration"
Jawa Armoury Rebalance,mandrake.jawa.armoury,Patches/Armour_Penetration.xml,"/Defs/ThingDef[defName=""Force_Lightsaber_Crossguard""]/tools/li[label=""edge""]"
Jawa Armoury Rebalance,mandrake.jawa.armoury,Patches/Armour_Penetration.xml,"/Defs/ThingDef[defName=""Force_Darksaber""]/tools/li[label=""hilt""]/armorPenetration"
Jawa Armoury Rebalance,mandrake.jawa.armoury,Patches/Armour_Penetration.xml,"/Defs/ThingDef[defName=""Force_Darksaber""]/tools/li[label=""hilt""]/armorPenetration"
Jawa Armoury Rebalance,mandrake.jawa.armoury,Patches/Armour_Penetration.xml,"/Defs/ThingDef[defName=""Force_Darksaber""]/tools/li[label=""hilt""]"
Jawa Armoury Rebalance,mandrake.jawa.armoury,Patches/Armour_Penetration.xml,"/Defs/ThingDef[defName=""Force_Darksaber""]/tools/li[label=""tip""]/armorPenetration"
Jawa Armoury Rebalance,mandrake.jawa.armoury,Patches/Armour_Penetration.xml,"/Defs/ThingDef[defName=""Force_Darksaber""]/tools/li[label=""tip""]/armorPenetration"
Jawa Armoury Rebalance,mandrake.jawa.armoury,Patches/Armour_Penetration.xml,"/Defs/ThingDef[defName=""Force_Darksaber""]/tools/li[label=""tip""]"
Jawa Armoury Rebalance,mandrake.jawa.armoury,Patches/Armour_Penetration.xml,"/Defs/ThingDef[defName=""Force_Darksaber""]/tools/li[label=""edge""]/armorPenetration"
Jawa Armoury Rebalance,mandrake.jawa.armoury,Patches/Armour_Penetration.xml,"/Defs/ThingDef[defName=""Force_Darksaber""]/tools/li[label=""edge""]/armorPenetration"
Jawa Armoury Rebalance,mandrake.jawa.armoury,Patches/Armour_Penetration.xml,"/Defs/ThingDef[defName=""Force_Darksaber""]/tools/li[label=""edge""]"
Jawa Armoury Rebalance,mandrake.jawa.armoury,Patches/Armour_Penetration.xml,"/Defs/ThingDef[defName=""Force_Broadsaber""]/tools/li[label=""hilt""]/armorPenetration"
Jawa Armoury Rebalance,mandrake.jawa.armoury,Patches/Armour_Penetration.xml,"/Defs/ThingDef[defName=""Force_Broadsaber""]/tools/li[label=""hilt""]/armorPenetration"
Jawa Armoury Rebalance,mandrake.jawa.armoury,Patches/Armour_Penetration.xml,"/Defs/ThingDef[defName=""Force_Broadsaber""]/tools/li[label=""hilt""]"
Jawa Armoury Rebalance,mandrake.jawa.armoury,Patches/Armour_Penetration.xml,"/Defs/ThingDef[defName=""Force_Broadsaber""]/tools/li[label=""tip""]/armorPenetration"
Jawa Armoury Rebalance,mandrake.jawa.armoury,Patches/Armour_Penetration.xml,"/Defs/ThingDef[defName=""Force_Broadsaber""]/tools/li[label=""tip""]/armorPenetration"
Jawa Armoury Rebalance,mandrake.jawa.armoury,Patches/Armour_Penetration.xml,"/Defs/ThingDef[defName=""Force_Broadsaber""]/tools/li[label=""tip""]"
Jawa Armoury Rebalance,mandrake.jawa.armoury,Patches/Armour_Penetration.xml,"/Defs/ThingDef[defName=""Force_Broadsaber""]/tools/li[label=""edge""]/armorPenetration"
Jawa Armoury Rebalance,mandrake.jawa.armoury,Patches/Armour_Penetration.xml,"/Defs/ThingDef[defName=""Force_Broadsaber""]/tools/li[label=""edge""]/armorPenetration"
Jawa Armoury Rebalance,mandrake.jawa.armoury,Patches/Armour_Penetration.xml,"/Defs/ThingDef[defName=""Force_Broadsaber""]/tools/li[label=""edge""]"
Jawa Armoury Rebalance,mandrake.jawa.armoury,Patches/Armour_Penetration.xml,"/Defs/ThingDef[defName=""guy762_vaxe""]/tools/li[label=""handle""]/armorPenetration"
Jawa Armoury Rebalance,mandrake.jawa.armoury,Patches/Armour_Penetration.xml,"/Defs/ThingDef[defName=""guy762_vaxe""]/tools/li[label=""handle""]/armorPenetration"
Jawa Armoury Rebalance,mandrake.jawa.armoury,Patches/Armour_Penetration.xml,"/Defs/ThingDef[defName=""guy762_vaxe""]/tools/li[label=""handle""]"
Jawa Armoury Rebalance,mandrake.jawa.armoury,Patches/Armour_Penetration.xml,"/Defs/ThingDef[defName=""guy762_vaxe""]/tools/li[label=""edge""]/armorPenetration"
Jawa Armoury Rebalance,mandrake.jawa.armoury,Patches/Armour_Penetration.xml,"/Defs/ThingDef[defName=""guy762_vaxe""]/tools/li[label=""edge""]/armorPenetration"
Jawa Armoury Rebalance,mandrake.jawa.armoury,Patches/Armour_Penetration.xml,"/Defs/ThingDef[defName=""guy762_vaxe""]/tools/li[label=""edge""]"
Jawa Armoury Rebalance,mandrake.jawa.armoury,Patches/Armour_Penetration.xml,"/Defs/ThingDef[defName=""guy762_vaxe_hutt""]/tools/li[label=""handle""]/armorPenetration"
Jawa Armoury Rebalance,mandrake.jawa.armoury,Patches/Armour_Penetration.xml,"/Defs/ThingDef[defName=""guy762_vaxe_hutt""]/tools/li[label=""handle""]/armorPenetration"
Jawa Armoury Rebalance,mandrake.jawa.armoury,Patches/Armour_Penetration.xml,"/Defs/ThingDef[defName=""guy762_vaxe_hutt""]/tools/li[label=""handle""]"
Jawa Armoury Rebalance,mandrake.jawa.armoury,Patches/Armour_Penetration.xml,"/Defs/ThingDef[defName=""guy762_vaxe_hutt""]/tools/li[label=""edge""]/armorPenetration"
Jawa Armoury Rebalance,mandrake.jawa.armoury,Patches/Armour_Penetration.xml,"/Defs/ThingDef[defName=""guy762_vaxe_hutt""]/tools/li[label=""edge""]/armorPenetration"
Jawa Armoury Rebalance,mandrake.jawa.armoury,Patches/Armour_Penetration.xml,"/Defs/ThingDef[defName=""guy762_vaxe_hutt""]/tools/li[label=""edge""]"
Jawa Armoury Rebalance,mandrake.jawa.armoury,Patches/Armour_Penetration.xml,"/Defs/ThingDef[defName=""guy762_vaxe_sith""]/tools/li[label=""handle""]/armorPenetration"
Jawa Armoury Rebalance,mandrake.jawa.armoury,Patches/Armour_Penetration.xml,"/Defs/ThingDef[defName=""guy762_vaxe_sith""]/tools/li[label=""handle""]/armorPenetration"
Jawa Armoury Rebalance,mandrake.jawa.armoury,Patches/Armour_Penetration.xml,"/Defs/ThingDef[defName=""guy762_vaxe_sith""]/tools/li[label=""handle""]"
Jawa Armoury Rebalance,mandrake.jawa.armoury,Patches/Armour_Penetration.xml,"/Defs/ThingDef[defName=""guy762_vaxe_sith""]/tools/li[label=""edge""]/armorPenetration"
Jawa Armoury Rebalance,mandrake.jawa.armoury,Patches/Armour_Penetration.xml,"/Defs/ThingDef[defName=""guy762_vaxe_sith""]/tools/li[label=""edge""]/armorPenetration"
Jawa Armoury Rebalance,mandrake.jawa.armoury,Patches/Armour_Penetration.xml,"/Defs/ThingDef[defName=""guy762_vaxe_sith""]/tools/li[label=""edge""]"
Jawa Armoury Rebalance,mandrake.jawa.armoury,Patches/Armour_Penetration.xml,"/Defs/ThingDef[defName=""guy762_vblade""]/tools/li[label=""handle""]/armorPenetration"
Jawa Armoury Rebalance,mandrake.jawa.armoury,Patches/Armour_Penetration.xml,"/Defs/ThingDef[defName=""guy762_vblade""]/tools/li[label=""handle""]/armorPenetration"
Jawa Armoury Rebalance,mandrake.jawa.armoury,Patches/Armour_Penetration.xml,"/Defs/ThingDef[defName=""guy762_vblade""]/tools/li[label=""handle""]"
Jawa Armoury Rebalance,mandrake.jawa.armoury,Patches/Armour_Penetration.xml,"/Defs/ThingDef[defName=""guy762_vblade""]/tools/li[label=""point""]/armorPenetration"
Jawa Armoury Rebalance,mandrake.jawa.armoury,Patches/Armour_Penetration.xml,"/Defs/ThingDef[defName=""guy762_vblade""]/tools/li[label=""point""]/armorPenetration"
Jawa Armoury Rebalance,mandrake.jawa.armoury,Patches/Armour_Penetration.xml,"/Defs/ThingDef[defName=""guy762_vblade""]/tools/li[label=""point""]"
Jawa Armoury Rebalance,mandrake.jawa.armoury,Patches/Armour_Penetration.xml,"/Defs/ThingDef[defName=""guy762_vblade""]/tools/li[label=""edge""]/armorPenetration"
Jawa Armoury Rebalance,mandrake.jawa.armoury,Patches/Armour_Penetration.xml,"/Defs/ThingDef[defName=""guy762_vblade""]/tools/li[label=""edge""]/armorPenetration"
Jawa Armoury Rebalance,mandrake.jawa.armoury,Patches/Armour_Penetration.xml,"/Defs/ThingDef[defName=""guy762_vblade""]/tools/li[label=""edge""]"
Jawa Armoury Rebalance,mandrake.jawa.armoury,Patches/Armour_Penetration.xml,"/Defs/ThingDef[defName=""guy762_vblade_prototype""]/tools/li[label=""handle""]/armorPenetration"
Jawa Armoury Rebalance,mandrake.jawa.armoury,Patches/Armour_Penetration.xml,"/Defs/ThingDef[defName=""guy762_vblade_prototype""]/tools/li[label=""handle""]/armorPenetration"
Jawa Armoury Rebalance,mandrake.jawa.armoury,Patches/Armour_Penetration.xml,"/Defs/ThingDef[defName=""guy762_vblade_prototype""]/tools/li[label=""handle""]"
Jawa Armoury Rebalance,mandrake.jawa.armoury,Patches/Armour_Penetration.xml,"/Defs/ThingDef[defName=""guy762_vblade_prototype""]/tools/li[label=""point""]/armorPenetration"
Jawa Armoury Rebalance,mandrake.jawa.armoury,Patches/Armour_Penetration.xml,"/Defs/ThingDef[defName=""guy762_vblade_prototype""]/tools/li[label=""point""]/armorPenetration"
Jawa Armoury Rebalance,mandrake.jawa.armoury,Patches/Armour_Penetration.xml,"/Defs/ThingDef[defName=""guy762_vblade_prototype""]/tools/li[label=""point""]"
Jawa Armoury Rebalance,mandrake.jawa.armoury,Patches/Armour_Penetration.xml,"/Defs/ThingDef[defName=""guy762_vblade_prototype""]/tools/li[label=""edge""]/armorPenetration"
Jawa Armoury Rebalance,mandrake.jawa.armoury,Patches/Armour_Penetration.xml,"/Defs/ThingDef[defName=""guy762_vblade_prototype""]/tools/li[label=""edge""]/armorPenetration"
Jawa Armoury Rebalance,mandrake.jawa.armoury,Patches/Armour_Penetration.xml,"/Defs/ThingDef[defName=""guy762_vblade_prototype""]/tools/li[label=""edge""]"
Jawa Armoury Rebalance,mandrake.jawa.armoury,Patches/Armour_Penetration.xml,"/Defs/ThingDef[defName=""guy762_vblade_krath""]/tools/li[label=""handle""]/armorPenetration"
Jawa Armoury Rebalance,mandrake.jawa.armoury,Patches/Armour_Penetration.xml,"/Defs/ThingDef[defName=""guy762_vblade_krath""]/tools/li[label=""handle""]/armorPenetration"
Jawa Armoury Rebalance,mandrake.jawa.armoury,Patches/Armour_Penetration.xml,"/Defs/ThingDef[defName=""guy762_vblade_krath""]/tools/li[label=""handle""]"
Jawa Armoury Rebalance,mandrake.jawa.armoury,Patches/Armour_Penetration.xml,"/Defs/ThingDef[defName=""guy762_vblade_krath""]/tools/li[label=""point""]/armorPenetration"
Jawa Armoury Rebalance,mandrake.jawa.armoury,Patches/Armour_Penetration.xml,"/Defs/ThingDef[defName=""guy762_vblade_krath""]/tools/li[label=""point""]/armorPenetration"
Jawa Armoury Rebalance,mandrake.jawa.armoury,Patches/Armour_Penetration.xml,"/Defs/ThingDef[defName=""guy762_vblade_krath""]/tools/li[label=""point""]"
Jawa Armoury Rebalance,mandrake.jawa.armoury,Patches/Armour_Penetration.xml,"/Defs/ThingDef[defName=""guy762_vblade_krath""]/tools/li[label=""edge""]/armorPenetration"
Jawa Armoury Rebalance,mandrake.jawa.armoury,Patches/Armour_Penetration.xml,"/Defs/ThingDef[defName=""guy762_vblade_krath""]/tools/li[label=""edge""]/armorPenetration"
Jawa Armoury Rebalance,mandrake.jawa.armoury,Patches/Armour_Penetration.xml,"/Defs/ThingDef[defName=""guy762_vblade_krath""]/tools/li[label=""edge""]"
Jawa Armoury Rebalance,mandrake.jawa.armoury,Patches/Armour_Penetration.xml,"/Defs/ThingDef[defName=""guy762_vblade_echani""]/tools/li[label=""handle""]/armorPenetration"
Jawa Armoury Rebalance,mandrake.jawa.armoury,Patches/Armour_Penetration.xml,"/Defs/ThingDef[defName=""guy762_vblade_echani""]/tools/li[label=""handle""]/armorPenetration"
Jawa Armoury Rebalance,mandrake.jawa.armoury,Patches/Armour_Penetration.xml,"/Defs/ThingDef[defName=""guy762_vblade_echani""]/tools/li[label=""handle""]"
Jawa Armoury Rebalance,mandrake.jawa.armoury,Patches/Armour_Penetration.xml,"/Defs/ThingDef[defName=""guy762_vblade_echani""]/tools/li[label=""point""]/armorPenetration"
Jawa Armoury Rebalance,mandrake.jawa.armoury,Patches/Armour_Penetration.xml,"/Defs/ThingDef[defName=""guy762_vblade_echani""]/tools/li[label=""point""]/armorPenetration"
Jawa Armoury Rebalance,mandrake.jawa.armoury,Patches/Armour_Penetration.xml,"/Defs/ThingDef[defName=""guy762_vblade_echani""]/tools/li[label=""point""]"
Jawa Armoury Rebalance,mandrake.jawa.armoury,Patches/Armour_Penetration.xml,"/Defs/ThingDef[defName=""guy762_vblade_echani""]/tools/li[label=""edge""]/armorPenetration"
Jawa Armoury Rebalance,mandrake.jawa.armoury,Patches/Armour_Penetration.xml,"/Defs/ThingDef[defName=""guy762_vblade_echani""]/tools/li[label=""edge""]/armorPenetration"
Jawa Armoury Rebalance,mandrake.jawa.armoury,Patches/Armour_Penetration.xml,"/Defs/ThingDef[defName=""guy762_vblade_echani""]/tools/li[label=""edge""]"
Jawa Armoury Rebalance,mandrake.jawa.armoury,Patches/Armour_Penetration.xml,"/Defs/ThingDef[defName=""guy762_vblade_tehkla""]/tools/li[label=""handle""]/armorPenetration"
Jawa Armoury Rebalance,mandrake.jawa.armoury,Patches/Armour_Penetration.xml,"/Defs/ThingDef[defName=""guy762_vblade_tehkla""]/tools/li[label=""handle""]/armorPenetration"
Jawa Armoury Rebalance,mandrake.jawa.armoury,Patches/Armour_Penetration.xml,"/Defs/ThingDef[defName=""guy762_vblade_tehkla""]/tools/li[label=""handle""]"
Jawa Armoury Rebalance,mandrake.jawa.armoury,Patches/Armour_Penetration.xml,"/Defs/ThingDef[defName=""guy762_vblade_tehkla""]/tools/li[label=""point""]/armorPenetration"
Jawa Armoury Rebalance,mandrake.jawa.armoury,Patches/Armour_Penetration.xml,"/Defs/ThingDef[defName=""guy762_vblade_tehkla""]/tools/li[label=""point""]/armorPenetration"
Jawa Armoury Rebalance,mandrake.jawa.armoury,Patches/Armour_Penetration.xml,"/Defs/ThingDef[defName=""guy762_vblade_tehkla""]/tools/li[label=""point""]"
Jawa Armoury Rebalance,mandrake.jawa.armoury,Patches/Armour_Penetration.xml,"/Defs/ThingDef[defName=""guy762_vblade_tehkla""]/tools/li[label=""edge""]/armorPenetration"
Jawa Armoury Rebalance,mandrake.jawa.armoury,Patches/Armour_Penetration.xml,"/Defs/ThingDef[defName=""guy762_vblade_tehkla""]/tools/li[label=""edge""]/armorPenetration"
Jawa Armoury Rebalance,mandrake.jawa.armoury,Patches/Armour_Penetration.xml,"/Defs/ThingDef[defName=""guy762_vblade_tehkla""]/tools/li[label=""edge""]"
Jawa Armoury Rebalance,mandrake.jawa.armoury,Patches/Armour_Penetration.xml,"/Defs/ThingDef[defName=""guy762_vblade_vao""]/tools/li[label=""handle""]/armorPenetration"
Jawa Armoury Rebalance,mandrake.jawa.armoury,Patches/Armour_Penetration.xml,"/Defs/ThingDef[defName=""guy762_vblade_vao""]/tools/li[label=""handle""]/armorPenetration"
Jawa Armoury Rebalance,mandrake.jawa.armoury,Patches/Armour_Penetration.xml,"/Defs/ThingDef[defName=""guy762_vblade_vao""]/tools/li[label=""handle""]"
Jawa Armoury Rebalance,mandrake.jawa.armoury,Patches/Armour_Penetration.xml,"/Defs/ThingDef[defName=""guy762_vblade_vao""]/tools/li[label=""point""]/armorPenetration"
Jawa Armoury Rebalance,mandrake.jawa.armoury,Patches/Armour_Penetration.xml,"/Defs/ThingDef[defName=""guy762_vblade_vao""]/tools/li[label=""point""]/armorPenetration"
Jawa Armoury Rebalance,mandrake.jawa.armoury,Patches/Armour_Penetration.xml,"/Defs/ThingDef[defName=""guy762_vblade_vao""]/tools/li[label=""point""]"
Jawa Armoury Rebalance,mandrake.jawa.armoury,Patches/Armour_Penetration.xml,"/Defs/ThingDef[defName=""guy762_vblade_vao""]/tools/li[label=""edge""]/armorPenetration"
Jawa Armoury Rebalance,mandrake.jawa.armoury,Patches/Armour_Penetration.xml,"/Defs/ThingDef[defName=""guy762_vblade_vao""]/tools/li[label=""edge""]/armorPenetration"
Jawa Armoury Rebalance,mandrake.jawa.armoury,Patches/Armour_Penetration.xml,"/Defs/ThingDef[defName=""guy762_vblade_vao""]/tools/li[label=""edge""]"
Jawa Armoury Rebalance,mandrake.jawa.armoury,Patches/Armour_Penetration.xml,"/Defs/ThingDef[defName=""guy762_vblade_sanasiki""]/tools/li[label=""handle""]/armorPenetration"
Jawa Armoury Rebalance,mandrake.jawa.armoury,Patches/Armour_Penetration.xml,"/Defs/ThingDef[defName=""guy762_vblade_sanasiki""]/tools/li[label=""handle""]/armorPenetration"
Jawa Armoury Rebalance,mandrake.jawa.armoury,Patches/Armour_Penetration.xml,"/Defs/ThingDef[defName=""guy762_vblade_sanasiki""]/tools/li[label=""handle""]"
Jawa Armoury Rebalance,mandrake.jawa.armoury,Patches/Armour_Penetration.xml,"/Defs/ThingDef[defName=""guy762_vblade_sanasiki""]/tools/li[label=""point""]/armorPenetration"
Jawa Armoury Rebalance,mandrake.jawa.armoury,Patches/Armour_Penetration.xml,"/Defs/ThingDef[defName=""guy762_vblade_sanasiki""]/tools/li[label=""point""]/armorPenetration"
Jawa Armoury Rebalance,mandrake.jawa.armoury,Patches/Armour_Penetration.xml,"/Defs/ThingDef[defName=""guy762_vblade_sanasiki""]/tools/li[label=""point""]"
Jawa Armoury Rebalance,mandrake.jawa.armoury,Patches/Armour_Penetration.xml,"/Defs/ThingDef[defName=""guy762_vblade_sanasiki""]/tools/li[label=""edge""]/armorPenetration"
Jawa Armoury Rebalance,mandrake.jawa.armoury,Patches/Armour_Penetration.xml,"/Defs/ThingDef[defName=""guy762_vblade_sanasiki""]/tools/li[label=""edge""]/armorPenetration"
Jawa Armoury Rebalance,mandrake.jawa.armoury,Patches/Armour_Penetration.xml,"/Defs/ThingDef[defName=""guy762_vblade_sanasiki""]/tools/li[label=""edge""]"
Jawa Armoury Rebalance,mandrake.jawa.armoury,Patches/Armour_Penetration.xml,"/Defs/ThingDef[defName=""guy762_vdubblade""]/tools/li[label=""handle""]/armorPenetration"
Jawa Armoury Rebalance,mandrake.jawa.armoury,Patches/Armour_Penetration.xml,"/Defs/ThingDef[defName=""guy762_vdubblade""]/tools/li[label=""handle""]/armorPenetration"
Jawa Armoury Rebalance,mandrake.jawa.armoury,Patches/Armour_Penetration.xml,"/Defs/ThingDef[defName=""guy762_vdubblade""]/tools/li[label=""handle""]"
Jawa Armoury Rebalance,mandrake.jawa.armoury,Patches/Armour_Penetration.xml,"/Defs/ThingDef[defName=""guy762_vdubblade""]/tools/li[label=""point""]/armorPenetration"
Jawa Armoury Rebalance,mandrake.jawa.armoury,Patches/Armour_Penetration.xml,"/Defs/ThingDef[defName=""guy762_vdubblade""]/tools/li[label=""point""]/armorPenetration"
Jawa Armoury Rebalance,mandrake.jawa.armoury,Patches/Armour_Penetration.xml,"/Defs/ThingDef[defName=""guy762_vdubblade""]/tools/li[label=""point""]"
Jawa Armoury Rebalance,mandrake.jawa.armoury,Patches/Armour_Penetration.xml,"/Defs/ThingDef[defName=""guy762_vdubblade""]/tools/li[label=""edge""]/armorPenetration"
Jawa Armoury Rebalance,mandrake.jawa.armoury,Patches/Armour_Penetration.xml,"/Defs/ThingDef[defName=""guy762_vdubblade""]/tools/li[label=""edge""]/armorPenetration"
Jawa Armoury Rebalance,mandrake.jawa.armoury,Patches/Armour_Penetration.xml,"/Defs/ThingDef[defName=""guy762_vdubblade""]/tools/li[label=""edge""]"
Jawa Armoury Rebalance,mandrake.jawa.armoury,Patches/Armour_Penetration.xml,"/Defs/ThingDef[defName=""guy762_vdubblade_sith""]/tools/li[label=""handle""]/armorPenetration"
Jawa Armoury Rebalance,mandrake.jawa.armoury,Patches/Armour_Penetration.xml,"/Defs/ThingDef[defName=""guy762_vdubblade_sith""]/tools/li[label=""handle""]/armorPenetration"
Jawa Armoury Rebalance,mandrake.jawa.armoury,Patches/Armour_Penetration.xml,"/Defs/ThingDef[defName=""guy762_vdubblade_sith""]/tools/li[label=""handle""]"
Jawa Armoury Rebalance,mandrake.jawa.armoury,Patches/Armour_Penetration.xml,"/Defs/ThingDef[defName=""guy762_vdubblade_sith""]/tools/li[label=""point""]/armorPenetration"
Jawa Armoury Rebalance,mandrake.jawa.armoury,Patches/Armour_Penetration.xml,"/Defs/ThingDef[defName=""guy762_vdubblade_sith""]/tools/li[label=""point""]/armorPenetration"
Jawa Armoury Rebalance,mandrake.jawa.armoury,Patches/Armour_Penetration.xml,"/Defs/ThingDef[defName=""guy762_vdubblade_sith""]/tools/li[label=""point""]"
Jawa Armoury Rebalance,mandrake.jawa.armoury,Patches/Armour_Penetration.xml,"/Defs/ThingDef[defName=""guy762_vdubblade_sith""]/tools/li[label=""edge""]/armorPenetration"
Jawa Armoury Rebalance,mandrake.jawa.armoury,Patches/Armour_Penetration.xml,"/Defs/ThingDef[defName=""guy762_vdubblade_sith""]/tools/li[label=""edge""]/armorPenetration"
Jawa Armoury Rebalance,mandrake.jawa.armoury,Patches/Armour_Penetration.xml,"/Defs/ThingDef[defName=""guy762_vdubblade_sith""]/tools/li[label=""edge""]"
Jawa Armoury Rebalance,mandrake.jawa.armoury,Patches/Armour_Penetration.xml,"/Defs/ThingDef[defName=""guy762_vdubblade_echani""]/tools/li[label=""handle""]/armorPenetration"
Jawa Armoury Rebalance,mandrake.jawa.armoury,Patches/Armour_Penetration.xml,"/Defs/ThingDef[defName=""guy762_vdubblade_echani""]/tools/li[label=""handle""]/armorPenetration"
Jawa Armoury Rebalance,mandrake.jawa.armoury,Patches/Armour_Penetration.xml,"/Defs/ThingDef[defName=""guy762_vdubblade_echani""]/tools/li[label=""handle""]"
Jawa Armoury Rebalance,mandrake.jawa.armoury,Patches/Armour_Penetration.xml,"/Defs/ThingDef[defName=""guy762_vdubblade_echani""]/tools/li[label=""point""]/armorPenetration"
Jawa Armoury Rebalance,mandrake.jawa.armoury,Patches/Armour_Penetration.xml,"/Defs/ThingDef[defName=""guy762_vdubblade_echani""]/tools/li[label=""point""]/armorPenetration"
Jawa Armoury Rebalance,mandrake.jawa.armoury,Patches/Armour_Penetration.xml,"/Defs/ThingDef[defName=""guy762_vdubblade_echani""]/tools/li[label=""point""]"
Jawa Armoury Rebalance,mandrake.jawa.armoury,Patches/Armour_Penetration.xml,"/Defs/ThingDef[defName=""guy762_vdubblade_echani""]/tools/li[label=""edge""]/armorPenetration"
Jawa Armoury Rebalance,mandrake.jawa.armoury,Patches/Armour_Penetration.xml,"/Defs/ThingDef[defName=""guy762_vdubblade_echani""]/tools/li[label=""edge""]/armorPenetration"
Jawa Armoury Rebalance,mandrake.jawa.armoury,Patches/Armour_Penetration.xml,"/Defs/ThingDef[defName=""guy762_vdubblade_echani""]/tools/li[label=""edge""]"
Jawa Armoury Rebalance,mandrake.jawa.armoury,Patches/Armour_Penetration.xml,"/Defs/ThingDef[defName=""guy762_vdubblade_trandoshan""]/tools/li[label=""handle""]/armorPenetration"
Jawa Armoury Rebalance,mandrake.jawa.armoury,Patches/Armour_Penetration.xml,"/Defs/ThingDef[defName=""guy762_vdubblade_trandoshan""]/tools/li[label=""handle""]/armorPenetration"
Jawa Armoury Rebalance,mandrake.jawa.armoury,Patches/Armour_Penetration.xml,"/Defs/ThingDef[defName=""guy762_vdubblade_trandoshan""]/tools/li[label=""handle""]"
Jawa Armoury Rebalance,mandrake.jawa.armoury,Patches/Armour_Penetration.xml,"/Defs/ThingDef[defName=""guy762_vdubblade_trandoshan""]/tools/li[label=""point""]/armorPenetration"
Jawa Armoury Rebalance,mandrake.jawa.armoury,Patches/Armour_Penetration.xml,"/Defs/ThingDef[defName=""guy762_vdubblade_trandoshan""]/tools/li[label=""point""]/armorPenetration"
Jawa Armoury Rebalance,mandrake.jawa.armoury,Patches/Armour_Penetration.xml,"/Defs/ThingDef[defName=""guy762_vdubblade_trandoshan""]/tools/li[label=""point""]"
Jawa Armoury Rebalance,mandrake.jawa.armoury,Patches/Armour_Penetration.xml,"/Defs/ThingDef[defName=""guy762_vdubblade_trandoshan""]/tools/li[label=""edge""]/armorPenetration"
Jawa Armoury Rebalance,mandrake.jawa.armoury,Patches/Armour_Penetration.xml,"/Defs/ThingDef[defName=""guy762_vdubblade_trandoshan""]/tools/li[label=""edge""]/armorPenetration"
Jawa Armoury Rebalance,mandrake.jawa.armoury,Patches/Armour_Penetration.xml,"/Defs/ThingDef[defName=""guy762_vdubblade_trandoshan""]/tools/li[label=""edge""]"
Jawa Armoury Rebalance,mandrake.jawa.armoury,Patches/Armour_Penetration.xml,"/Defs/ThingDef[defName=""guy762_vdubblade_yusanis""]/tools/li[label=""handle""]/armorPenetration"
Jawa Armoury Rebalance,mandrake.jawa.armoury,Patches/Armour_Penetration.xml,"/Defs/ThingDef[defName=""guy762_vdubblade_yusanis""]/tools/li[label=""handle""]/armorPenetration"
Jawa Armoury Rebalance,mandrake.jawa.armoury,Patches/Armour_Penetration.xml,"/Defs/ThingDef[defName=""guy762_vdubblade_yusanis""]/tools/li[label=""handle""]"
Jawa Armoury Rebalance,mandrake.jawa.armoury,Patches/Armour_Penetration.xml,"/Defs/ThingDef[defName=""guy762_vdubblade_yusanis""]/tools/li[label=""point""]/armorPenetration"
Jawa Armoury Rebalance,mandrake.jawa.armoury,Patches/Armour_Penetration.xml,"/Defs/ThingDef[defName=""guy762_vdubblade_yusanis""]/tools/li[label=""point""]/armorPenetration"
Jawa Armoury Rebalance,mandrake.jawa.armoury,Patches/Armour_Penetration.xml,"/Defs/ThingDef[defName=""guy762_vdubblade_yusanis""]/tools/li[label=""point""]"
Jawa Armoury Rebalance,mandrake.jawa.armoury,Patches/Armour_Penetration.xml,"/Defs/ThingDef[defName=""guy762_vdubblade_yusanis""]/tools/li[label=""edge""]/armorPenetration"
Jawa Armoury Rebalance,mandrake.jawa.armoury,Patches/Armour_Penetration.xml,"/Defs/ThingDef[defName=""guy762_vdubblade_yusanis""]/tools/li[label=""edge""]/armorPenetration"
Jawa Armoury Rebalance,mandrake.jawa.armoury,Patches/Armour_Penetration.xml,"/Defs/ThingDef[defName=""guy762_vdubblade_yusanis""]/tools/li[label=""edge""]"
Jawa Armoury Rebalance,mandrake.jawa.armoury,Patches/Armour_Penetration.xml,"/Defs/ThingDef[defName=""guy762_vglaive""]/tools/li[label=""handle""]/armorPenetration"
Jawa Armoury Rebalance,mandrake.jawa.armoury,Patches/Armour_Penetration.xml,"/Defs/ThingDef[defName=""guy762_vglaive""]/tools/li[label=""handle""]/armorPenetration"
Jawa Armoury Rebalance,mandrake.jawa.armoury,Patches/Armour_Penetration.xml,"/Defs/ThingDef[defName=""guy762_vglaive""]/tools/li[label=""handle""]"
Jawa Armoury Rebalance,mandrake.jawa.armoury,Patches/Armour_Penetration.xml,"/Defs/ThingDef[defName=""guy762_vglaive""]/tools/li[label=""point""]/armorPenetration"
Jawa Armoury Rebalance,mandrake.jawa.armoury,Patches/Armour_Penetration.xml,"/Defs/ThingDef[defName=""guy762_vglaive""]/tools/li[label=""point""]/armorPenetration"
Jawa Armoury Rebalance,mandrake.jawa.armoury,Patches/Armour_Penetration.xml,"/Defs/ThingDef[defName=""guy762_vglaive""]/tools/li[label=""point""]"
Jawa Armoury Rebalance,mandrake.jawa.armoury,Patches/Armour_Penetration.xml,"/Defs/ThingDef[defName=""guy762_vglaive""]/tools/li[label=""edge""]/armorPenetration"
Jawa Armoury Rebalance,mandrake.jawa.armoury,Patches/Armour_Penetration.xml,"/Defs/ThingDef[defName=""guy762_vglaive""]/tools/li[label=""edge""]/armorPenetration"
Jawa Armoury Rebalance,mandrake.jawa.armoury,Patches/Armour_Penetration.xml,"/Defs/ThingDef[defName=""guy762_vglaive""]/tools/li[label=""edge""]"
Jawa Armoury Rebalance,mandrake.jawa.armoury,Patches/Armour_Penetration.xml,"/Defs/ThingDef[defName=""guy762_vglaive_krath""]/tools/li[label=""handle""]/armorPenetration"
Jawa Armoury Rebalance,mandrake.jawa.armoury,Patches/Armour_Penetration.xml,"/Defs/ThingDef[defName=""guy762_vglaive_krath""]/tools/li[label=""handle""]/armorPenetration"
Jawa Armoury Rebalance,mandrake.jawa.armoury,Patches/Armour_Penetration.xml,"/Defs/ThingDef[defName=""guy762_vglaive_krath""]/tools/li[label=""handle""]"
Jawa Armoury Rebalance,mandrake.jawa.armoury,Patches/Armour_Penetration.xml,"/Defs/ThingDef[defName=""guy762_vglaive_krath""]/tools/li[label=""point""]/armorPenetration"
Jawa Armoury Rebalance,mandrake.jawa.armoury,Patches/Armour_Penetration.xml,"/Defs/ThingDef[defName=""guy762_vglaive_krath""]/tools/li[label=""point""]/armorPenetration"
Jawa Armoury Rebalance,mandrake.jawa.armoury,Patches/Armour_Penetration.xml,"/Defs/ThingDef[defName=""guy762_vglaive_krath""]/tools/li[label=""point""]"
Jawa Armoury Rebalance,mandrake.jawa.armoury,Patches/Armour_Penetration.xml,"/Defs/ThingDef[defName=""guy762_vglaive_krath""]/tools/li[label=""edge""]/armorPenetration"
Jawa Armoury Rebalance,mandrake.jawa.armoury,Patches/Armour_Penetration.xml,"/Defs/ThingDef[defName=""guy762_vglaive_krath""]/tools/li[label=""edge""]/armorPenetration"
Jawa Armoury Rebalance,mandrake.jawa.armoury,Patches/Armour_Penetration.xml,"/Defs/ThingDef[defName=""guy762_vglaive_krath""]/tools/li[label=""edge""]"
Jawa Armoury Rebalance,mandrake.jawa.armoury,Patches/Armour_Penetration.xml,"/Defs/ThingDef[defName=""guy762_vglaive_echani""]/tools/li[label=""handle""]/armorPenetration"
Jawa Armoury Rebalance,mandrake.jawa.armoury,Patches/Armour_Penetration.xml,"/Defs/ThingDef[defName=""guy762_vglaive_echani""]/tools/li[label=""handle""]/armorPenetration"
Jawa Armoury Rebalance,mandrake.jawa.armoury,Patches/Armour_Penetration.xml,"/Defs/ThingDef[defName=""guy762_vglaive_echani""]/tools/li[label=""handle""]"
Jawa Armoury Rebalance,mandrake.jawa.armoury,Patches/Armour_Penetration.xml,"/Defs/ThingDef[defName=""guy762_vglaive_echani""]/tools/li[label=""point""]/armorPenetration"
Jawa Armoury Rebalance,mandrake.jawa.armoury,Patches/Armour_Penetration.xml,"/Defs/ThingDef[defName=""guy762_vglaive_echani""]/tools/li[label=""point""]/armorPenetration"
Jawa Armoury Rebalance,mandrake.jawa.armoury,Patches/Armour_Penetration.xml,"/Defs/ThingDef[defName=""guy762_vglaive_echani""]/tools/li[label=""point""]"
Jawa Armoury Rebalance,mandrake.jawa.armoury,Patches/Armour_Penetration.xml,"/Defs/ThingDef[defName=""guy762_vglaive_echani""]/tools/li[label=""edge""]/armorPenetration"
Jawa Armoury Rebalance,mandrake.jawa.armoury,Patches/Armour_Penetration.xml,"/Defs/ThingDef[defName=""guy762_vglaive_echani""]/tools/li[label=""edge""]/armorPenetration"
Jawa Armoury Rebalance,mandrake.jawa.armoury,Patches/Armour_Penetration.xml,"/Defs/ThingDef[defName=""guy762_vglaive_echani""]/tools/li[label=""edge""]"
Jawa Armoury Rebalance,mandrake.jawa.armoury,Patches/Armour_Penetration.xml,"/Defs/ThingDef[defName=""guy762_vsword""]/tools/li[label=""handle""]/armorPenetration"
Jawa Armoury Rebalance,mandrake.jawa.armoury,Patches/Armour_Penetration.xml,"/Defs/ThingDef[defName=""guy762_vsword""]/tools/li[label=""handle""]/armorPenetration"
Jawa Armoury Rebalance,mandrake.jawa.armoury,Patches/Armour_Penetration.xml,"/Defs/ThingDef[defName=""guy762_vsword""]/tools/li[label=""handle""]"
Jawa Armoury Rebalance,mandrake.jawa.armoury,Patches/Armour_Penetration.xml,"/Defs/ThingDef[defName=""guy762_vsword""]/tools/li[label=""point""]/armorPenetration"
Jawa Armoury Rebalance,mandrake.jawa.armoury,Patches/Armour_Penetration.xml,"/Defs/ThingDef[defName=""guy762_vsword""]/tools/li[label=""point""]/armorPenetration"
Jawa Armoury Rebalance,mandrake.jawa.armoury,Patches/Armour_Penetration.xml,"/Defs/ThingDef[defName=""guy762_vsword""]/tools/li[label=""point""]"
Jawa Armoury Rebalance,mandrake.jawa.armoury,Patches/Armour_Penetration.xml,"/Defs/ThingDef[defName=""guy762_vsword""]/tools/li[label=""edge""]/armorPenetration"
Jawa Armoury Rebalance,mandrake.jawa.armoury,Patches/Armour_Penetration.xml,"/Defs/ThingDef[defName=""guy762_vsword""]/tools/li[label=""edge""]/armorPenetration"
Jawa Armoury Rebalance,mandrake.jawa.armoury,Patches/Armour_Penetration.xml,"/Defs/ThingDef[defName=""guy762_vsword""]/tools/li[label=""edge""]"
Jawa Armoury Rebalance,mandrake.jawa.armoury,Patches/Armour_Penetration.xml,"/Defs/ThingDef[defName=""guy762_vsword_krath""]/tools/li[label=""handle""]/armorPenetration"
Jawa Armoury Rebalance,mandrake.jawa.armoury,Patches/Armour_Penetration.xml,"/Defs/ThingDef[defName=""guy762_vsword_krath""]/tools/li[label=""handle""]/armorPenetration"
Jawa Armoury Rebalance,mandrake.jawa.armoury,Patches/Armour_Penetration.xml,"/Defs/ThingDef[defName=""guy762_vsword_krath""]/tools/li[label=""handle""]"
Jawa Armoury Rebalance,mandrake.jawa.armoury,Patches/Armour_Penetration.xml,"/Defs/ThingDef[defName=""guy762_vsword_krath""]/tools/li[label=""point""]/armorPenetration"
Jawa Armoury Rebalance,mandrake.jawa.armoury,Patches/Armour_Penetration.xml,"/Defs/ThingDef[defName=""guy762_vsword_krath""]/tools/li[label=""point""]/armorPenetration"
Jawa Armoury Rebalance,mandrake.jawa.armoury,Patches/Armour_Penetration.xml,"/Defs/ThingDef[defName=""guy762_vsword_krath""]/tools/li[label=""point""]"
Jawa Armoury Rebalance,mandrake.jawa.armoury,Patches/Armour_Penetration.xml,"/Defs/ThingDef[defName=""guy762_vsword_krath""]/tools/li[label=""edge""]/armorPenetration"
Jawa Armoury Rebalance,mandrake.jawa.armoury,Patches/Armour_Penetration.xml,"/Defs/ThingDef[defName=""guy762_vsword_krath""]/tools/li[label=""edge""]/armorPenetration"
Jawa Armoury Rebalance,mandrake.jawa.armoury,Patches/Armour_Penetration.xml,"/Defs/ThingDef[defName=""guy762_vsword_krath""]/tools/li[label=""edge""]"
Jawa Armoury Rebalance,mandrake.jawa.armoury,Patches/Armour_Penetration.xml,"/Defs/ThingDef[defName=""guy762_vsword_sith""]/tools/li[label=""handle""]/armorPenetration"
Jawa Armoury Rebalance,mandrake.jawa.armoury,Patches/Armour_Penetration.xml,"/Defs/ThingDef[defName=""guy762_vsword_sith""]/tools/li[label=""handle""]/armorPenetration"
Jawa Armoury Rebalance,mandrake.jawa.armoury,Patches/Armour_Penetration.xml,"/Defs/ThingDef[defName=""guy762_vsword_sith""]/tools/li[label=""handle""]"
Jawa Armoury Rebalance,mandrake.jawa.armoury,Patches/Armour_Penetration.xml,"/Defs/ThingDef[defName=""guy762_vsword_sith""]/tools/li[label=""point""]/armorPenetration"
Jawa Armoury Rebalance,mandrake.jawa.armoury,Patches/Armour_Penetration.xml,"/Defs/ThingDef[defName=""guy762_vsword_sith""]/tools/li[label=""point""]/armorPenetration"
Jawa Armoury Rebalance,mandrake.jawa.armoury,Patches/Armour_Penetration.xml,"/Defs/ThingDef[defName=""guy762_vsword_sith""]/tools/li[label=""point""]"
Jawa Armoury Rebalance,mandrake.jawa.armoury,Patches/Armour_Penetration.xml,"/Defs/ThingDef[defName=""guy762_vsword_sith""]/tools/li[label=""edge""]/armorPenetration"
Jawa Armoury Rebalance,mandrake.jawa.armoury,Patches/Armour_Penetration.xml,"/Defs/ThingDef[defName=""guy762_vsword_sith""]/tools/li[label=""edge""]/armorPenetration"
Jawa Armoury Rebalance,mandrake.jawa.armoury,Patches/Armour_Penetration.xml,"/Defs/ThingDef[defName=""guy762_vsword_sith""]/tools/li[label=""edge""]"
Jawa Armoury Rebalance,mandrake.jawa.armoury,Patches/Armour_Penetration.xml,"/Defs/ThingDef[defName=""guy762_vsword_echani""]/tools/li[label=""handle""]/armorPenetration"
Jawa Armoury Rebalance,mandrake.jawa.armoury,Patches/Armour_Penetration.xml,"/Defs/ThingDef[defName=""guy762_vsword_echani""]/tools/li[label=""handle""]/armorPenetration"
Jawa Armoury Rebalance,mandrake.jawa.armoury,Patches/Armour_Penetration.xml,"/Defs/ThingDef[defName=""guy762_vsword_echani""]/tools/li[label=""handle""]"
Jawa Armoury Rebalance,mandrake.jawa.armoury,Patches/Armour_Penetration.xml,"/Defs/ThingDef[defName=""guy762_vsword_echani""]/tools/li[label=""point""]/armorPenetration"
Jawa Armoury Rebalance,mandrake.jawa.armoury,Patches/Armour_Penetration.xml,"/Defs/ThingDef[defName=""guy762_vsword_echani""]/tools/li[label=""point""]/armorPenetration"
Jawa Armoury Rebalance,mandrake.jawa.armoury,Patches/Armour_Penetration.xml,"/Defs/ThingDef[defName=""guy762_vsword_echani""]/tools/li[label=""point""]"
Jawa Armoury Rebalance,mandrake.jawa.armoury,Patches/Armour_Penetration.xml,"/Defs/ThingDef[defName=""guy762_vsword_echani""]/tools/li[label=""edge""]/armorPenetration"
Jawa Armoury Rebalance,mandrake.jawa.armoury,Patches/Armour_Penetration.xml,"/Defs/ThingDef[defName=""guy762_vsword_echani""]/tools/li[label=""edge""]/armorPenetration"
Jawa Armoury Rebalance,mandrake.jawa.armoury,Patches/Armour_Penetration.xml,"/Defs/ThingDef[defName=""guy762_vsword_echani""]/tools/li[label=""edge""]"
Jawa Armoury Rebalance,mandrake.jawa.armoury,Patches/Armour_Penetration.xml,"/Defs/ThingDef[defName=""guy762_vsword_exchange""]/tools/li[label=""handle""]/armorPenetration"
Jawa Armoury Rebalance,mandrake.jawa.armoury,Patches/Armour_Penetration.xml,"/Defs/ThingDef[defName=""guy762_vsword_exchange""]/tools/li[label=""handle""]/armorPenetration"
Jawa Armoury Rebalance,mandrake.jawa.armoury,Patches/Armour_Penetration.xml,"/Defs/ThingDef[defName=""guy762_vsword_exchange""]/tools/li[label=""handle""]"
Jawa Armoury Rebalance,mandrake.jawa.armoury,Patches/Armour_Penetration.xml,"/Defs/ThingDef[defName=""guy762_vsword_exchange""]/tools/li[label=""point""]/armorPenetration"
Jawa Armoury Rebalance,mandrake.jawa.armoury,Patches/Armour_Penetration.xml,"/Defs/ThingDef[defName=""guy762_vsword_exchange""]/tools/li[label=""point""]/armorPenetration"
Jawa Armoury Rebalance,mandrake.jawa.armoury,Patches/Armour_Penetration.xml,"/Defs/ThingDef[defName=""guy762_vsword_exchange""]/tools/li[label=""point""]"
Jawa Armoury Rebalance,mandrake.jawa.armoury,Patches/Armour_Penetration.xml,"/Defs/ThingDef[defName=""guy762_vsword_exchange""]/tools/li[label=""edge""]/armorPenetration"
Jawa Armoury Rebalance,mandrake.jawa.armoury,Patches/Armour_Penetration.xml,"/Defs/ThingDef[defName=""guy762_vsword_exchange""]/tools/li[label=""edge""]/armorPenetration"
Jawa Armoury Rebalance,mandrake.jawa.armoury,Patches/Armour_Penetration.xml,"/Defs/ThingDef[defName=""guy762_vsword_exchange""]/tools/li[label=""edge""]"
Jawa Armoury Rebalance,mandrake.jawa.armoury,Patches/Armour_Penetration.xml,"/Defs/ThingDef[defName=""guy762_vsword_baragwin""]/tools/li[label=""handle""]/armorPenetration"
Jawa Armoury Rebalance,mandrake.jawa.armoury,Patches/Armour_Penetration.xml,"/Defs/ThingDef[defName=""guy762_vsword_baragwin""]/tools/li[label=""handle""]/armorPenetration"
Jawa Armoury Rebalance,mandrake.jawa.armoury,Patches/Armour_Penetration.xml,"/Defs/ThingDef[defName=""guy762_vsword_baragwin""]/tools/li[label=""handle""]"
Jawa Armoury Rebalance,mandrake.jawa.armoury,Patches/Armour_Penetration.xml,"/Defs/ThingDef[defName=""guy762_vsword_baragwin""]/tools/li[label=""point""]/armorPenetration"
Jawa Armoury Rebalance,mandrake.jawa.armoury,Patches/Armour_Penetration.xml,"/Defs/ThingDef[defName=""guy762_vsword_baragwin""]/tools/li[label=""point""]/armorPenetration"
Jawa Armoury Rebalance,mandrake.jawa.armoury,Patches/Armour_Penetration.xml,"/Defs/ThingDef[defName=""guy762_vsword_baragwin""]/tools/li[label=""point""]"
Jawa Armoury Rebalance,mandrake.jawa.armoury,Patches/Armour_Penetration.xml,"/Defs/ThingDef[defName=""guy762_vsword_baragwin""]/tools/li[label=""edge""]/armorPenetration"
Jawa Armoury Rebalance,mandrake.jawa.armoury,Patches/Armour_Penetration.xml,"/Defs/ThingDef[defName=""guy762_vsword_baragwin""]/tools/li[label=""edge""]/armorPenetration"
Jawa Armoury Rebalance,mandrake.jawa.armoury,Patches/Armour_Penetration.xml,"/Defs/ThingDef[defName=""guy762_vsword_baragwin""]/tools/li[label=""edge""]"
Jawa Armoury Rebalance,mandrake.jawa.armoury,Patches/Armour_Penetration.xml,"/Defs/ThingDef[defName=""guy762_vsword_bacca""]/tools/li[label=""handle""]/armorPenetration"
Jawa Armoury Rebalance,mandrake.jawa.armoury,Patches/Armour_Penetration.xml,"/Defs/ThingDef[defName=""guy762_vsword_bacca""]/tools/li[label=""handle""]/armorPenetration"
Jawa Armoury Rebalance,mandrake.jawa.armoury,Patches/Armour_Penetration.xml,"/Defs/ThingDef[defName=""guy762_vsword_bacca""]/tools/li[label=""handle""]"
Jawa Armoury Rebalance,mandrake.jawa.armoury,Patches/Armour_Penetration.xml,"/Defs/ThingDef[defName=""guy762_vsword_bacca""]/tools/li[label=""point""]/armorPenetration"
Jawa Armoury Rebalance,mandrake.jawa.armoury,Patches/Armour_Penetration.xml,"/Defs/ThingDef[defName=""guy762_vsword_bacca""]/tools/li[label=""point""]/armorPenetration"
Jawa Armoury Rebalance,mandrake.jawa.armoury,Patches/Armour_Penetration.xml,"/Defs/ThingDef[defName=""guy762_vsword_bacca""]/tools/li[label=""point""]"
Jawa Armoury Rebalance,mandrake.jawa.armoury,Patches/Armour_Penetration.xml,"/Defs/ThingDef[defName=""guy762_vsword_bacca""]/tools/li[label=""edge""]/armorPenetration"
Jawa Armoury Rebalance,mandrake.jawa.armoury,Patches/Armour_Penetration.xml,"/Defs/ThingDef[defName=""guy762_vsword_bacca""]/tools/li[label=""edge""]/armorPenetration"
Jawa Armoury Rebalance,mandrake.jawa.armoury,Patches/Armour_Penetration.xml,"/Defs/ThingDef[defName=""guy762_vsword_bacca""]/tools/li[label=""edge""]"
Jawa Armoury Rebalance,mandrake.jawa.armoury,Patches/Armour_Penetration.xml,"/Defs/ThingDef[defName=""ABYautja_Melee_WarClub""]/tools/li[label=""handle""]/armorPenetration"
Jawa Armoury Rebalance,mandrake.jawa.armoury,Patches/Armour_Penetration.xml,"/Defs/ThingDef[defName=""ABYautja_Melee_WarClub""]/tools/li[label=""handle""]/armorPenetration"
Jawa Armoury Rebalance,mandrake.jawa.armoury,Patches/Armour_Penetration.xml,"/Defs/ThingDef[defName=""ABYautja_Melee_WarClub""]/tools/li[label=""handle""]"
Jawa Armoury Rebalance,mandrake.jawa.armoury,Patches/Armour_Penetration.xml,"/Defs/ThingDef[defName=""ABYautja_Melee_WarClub""]/tools/li[label=""club""]/armorPenetration"
Jawa Armoury Rebalance,mandrake.jawa.armoury,Patches/Armour_Penetration.xml,"/Defs/ThingDef[defName=""ABYautja_Melee_WarClub""]/tools/li[label=""club""]/armorPenetration"
Jawa Armoury Rebalance,mandrake.jawa.armoury,Patches/Armour_Penetration.xml,"/Defs/ThingDef[defName=""ABYautja_Melee_WarClub""]/tools/li[label=""club""]"
Jawa Armoury Rebalance,mandrake.jawa.armoury,Patches/Armour_Penetration.xml,"/Defs/ThingDef[defName=""ABYautja_Melee_WarClub""]/tools/li[label=""club blade""]/armorPenetration"
Jawa Armoury Rebalance,mandrake.jawa.armoury,Patches/Armour_Penetration.xml,"/Defs/ThingDef[defName=""ABYautja_Melee_WarClub""]/tools/li[label=""club blade""]/armorPenetration"
Jawa Armoury Rebalance,mandrake.jawa.armoury,Patches/Armour_Penetration.xml,"/Defs/ThingDef[defName=""ABYautja_Melee_WarClub""]/tools/li[label=""club blade""]"
Jawa Armoury Rebalance,mandrake.jawa.armoury,Patches/Armour_Penetration.xml,"/Defs/ThingDef[defName=""ABYautja_Melee_PredatorAxe""]/tools/li[label=""handle""]/armorPenetration"
Jawa Armoury Rebalance,mandrake.jawa.armoury,Patches/Armour_Penetration.xml,"/Defs/ThingDef[defName=""ABYautja_Melee_PredatorAxe""]/tools/li[label=""handle""]/armorPenetration"
Jawa Armoury Rebalance,mandrake.jawa.armoury,Patches/Armour_Penetration.xml,"/Defs/ThingDef[defName=""ABYautja_Melee_PredatorAxe""]/tools/li[label=""handle""]"
Jawa Armoury Rebalance,mandrake.jawa.armoury,Patches/Armour_Penetration.xml,"/Defs/ThingDef[defName=""ABYautja_Melee_PredatorAxe""]/tools/li[label=""blade""]/armorPenetration"
Jawa Armoury Rebalance,mandrake.jawa.armoury,Patches/Armour_Penetration.xml,"/Defs/ThingDef[defName=""ABYautja_Melee_PredatorAxe""]/tools/li[label=""blade""]/armorPenetration"
Jawa Armoury Rebalance,mandrake.jawa.armoury,Patches/Armour_Penetration.xml,"/Defs/ThingDef[defName=""ABYautja_Melee_PredatorAxe""]/tools/li[label=""blade""]"
Jawa Armoury Rebalance,mandrake.jawa.armoury,Patches/Armour_Penetration.xml,"/Defs/ThingDef[defName=""ABYautja_Melee_PredatorSword""]/tools/li[label=""handle""]/armorPenetration"
Jawa Armoury Rebalance,mandrake.jawa.armoury,Patches/Armour_Penetration.xml,"/Defs/ThingDef[defName=""ABYautja_Melee_PredatorSword""]/tools/li[label=""handle""]/armorPenetration"
Jawa Armoury Rebalance,mandrake.jawa.armoury,Patches/Armour_Penetration.xml,"/Defs/ThingDef[defName=""ABYautja_Melee_PredatorSword""]/tools/li[label=""handle""]"
Jawa Armoury Rebalance,mandrake.jawa.armoury,Patches/Armour_Penetration.xml,"/Defs/ThingDef[defName=""ABYautja_Melee_PredatorSword""]/tools/li[label=""blade""]/armorPenetration"
Jawa Armoury Rebalance,mandrake.jawa.armoury,Patches/Armour_Penetration.xml,"/Defs/ThingDef[defName=""ABYautja_Melee_PredatorSword""]/tools/li[label=""blade""]/armorPenetration"
Jawa Armoury Rebalance,mandrake.jawa.armoury,Patches/Armour_Penetration.xml,"/Defs/ThingDef[defName=""ABYautja_Melee_PredatorSword""]/tools/li[label=""blade""]"
Jawa Armoury Rebalance,mandrake.jawa.armoury,Patches/Armour_Penetration.xml,"/Defs/ThingDef[defName=""ABYautja_Melee_PredatorSword""]/tools/li[label=""point""]/armorPenetration"
Jawa Armoury Rebalance,mandrake.jawa.armoury,Patches/Armour_Penetration.xml,"/Defs/ThingDef[defName=""ABYautja_Melee_PredatorSword""]/tools/li[label=""point""]/armorPenetration"
Jawa Armoury Rebalance,mandrake.jawa.armoury,Patches/Armour_Penetration.xml,"/Defs/ThingDef[defName=""ABYautja_Melee_PredatorSword""]/tools/li[label=""point""]"
Jawa Armoury Rebalance,mandrake.jawa.armoury,Patches/Armour_Penetration.xml,"/Defs/ThingDef[defName=""ABYautja_Melee_ElderSword""]/tools/li[label=""handle""]/armorPenetration"
Jawa Armoury Rebalance,mandrake.jawa.armoury,Patches/Armour_Penetration.xml,"/Defs/ThingDef[defName=""ABYautja_Melee_ElderSword""]/tools/li[label=""handle""]/armorPenetration"
Jawa Armoury Rebalance,mandrake.jawa.armoury,Patches/Armour_Penetration.xml,"/Defs/ThingDef[defName=""ABYautja_Melee_ElderSword""]/tools/li[label=""handle""]"
Jawa Armoury Rebalance,mandrake.jawa.armoury,Patches/Armour_Penetration.xml,"/Defs/ThingDef[defName=""ABYautja_Melee_ElderSword""]/tools/li[label=""blade""]/armorPenetration"
Jawa Armoury Rebalance,mandrake.jawa.armoury,Patches/Armour_Penetration.xml,"/Defs/ThingDef[defName=""ABYautja_Melee_ElderSword""]/tools/li[label=""blade""]/armorPenetration"
Jawa Armoury Rebalance,mandrake.jawa.armoury,Patches/Armour_Penetration.xml,"/Defs/ThingDef[defName=""ABYautja_Melee_ElderSword""]/tools/li[label=""blade""]"
Jawa Armoury Rebalance,mandrake.jawa.armoury,Patches/Armour_Penetration.xml,"/Defs/ThingDef[defName=""ABYautja_Melee_ElderSword""]/tools/li[label=""point""]/armorPenetration"
Jawa Armoury Rebalance,mandrake.jawa.armoury,Patches/Armour_Penetration.xml,"/Defs/ThingDef[defName=""ABYautja_Melee_ElderSword""]/tools/li[label=""point""]/armorPenetration"
Jawa Armoury Rebalance,mandrake.jawa.armoury,Patches/Armour_Penetration.xml,"/Defs/ThingDef[defName=""ABYautja_Melee_ElderSword""]/tools/li[label=""point""]"
Jawa Armoury Rebalance,mandrake.jawa.armoury,Patches/Armour_Penetration.xml,"/Defs/ThingDef[defName=""ABYautja_Melee_PredatorKatana""]/tools/li[label=""handle""]/armorPenetration"
Jawa Armoury Rebalance,mandrake.jawa.armoury,Patches/Armour_Penetration.xml,"/Defs/ThingDef[defName=""ABYautja_Melee_PredatorKatana""]/tools/li[label=""handle""]/armorPenetration"
Jawa Armoury Rebalance,mandrake.jawa.armoury,Patches/Armour_Penetration.xml,"/Defs/ThingDef[defName=""ABYautja_Melee_PredatorKatana""]/tools/li[label=""handle""]"
Jawa Armoury Rebalance,mandrake.jawa.armoury,Patches/Armour_Penetration.xml,"/Defs/ThingDef[defName=""ABYautja_Melee_PredatorKatana""]/tools/li[label=""blade""]/armorPenetration"
Jawa Armoury Rebalance,mandrake.jawa.armoury,Patches/Armour_Penetration.xml,"/Defs/ThingDef[defName=""ABYautja_Melee_PredatorKatana""]/tools/li[label=""blade""]/armorPenetration"
Jawa Armoury Rebalance,mandrake.jawa.armoury,Patches/Armour_Penetration.xml,"/Defs/ThingDef[defName=""ABYautja_Melee_PredatorKatana""]/tools/li[label=""blade""]"
Jawa Armoury Rebalance,mandrake.jawa.armoury,Patches/Armour_Penetration.xml,"/Defs/ThingDef[defName=""ABYautja_Melee_PredatorKatana""]/tools/li[label=""point""]/armorPenetration"
Jawa Armoury Rebalance,mandrake.jawa.armoury,Patches/Armour_Penetration.xml,"/Defs/ThingDef[defName=""ABYautja_Melee_PredatorKatana""]/tools/li[label=""point""]/armorPenetration"
Jawa Armoury Rebalance,mandrake.jawa.armoury,Patches/Armour_Penetration.xml,"/Defs/ThingDef[defName=""ABYautja_Melee_PredatorKatana""]/tools/li[label=""point""]"
Jawa Armoury Rebalance,mandrake.jawa.armoury,Patches/Armour_Penetration.xml,"/Defs/ThingDef[defName=""ABYautja_Melee_CeremonialDagger""]/tools/li[label=""handle""]/armorPenetration"
Jawa Armoury Rebalance,mandrake.jawa.armoury,Patches/Armour_Penetration.xml,"/Defs/ThingDef[defName=""ABYautja_Melee_CeremonialDagger""]/tools/li[label=""handle""]/armorPenetration"
Jawa Armoury Rebalance,mandrake.jawa.armoury,Patches/Armour_Penetration.xml,"/Defs/ThingDef[defName=""ABYautja_Melee_CeremonialDagger""]/tools/li[label=""handle""]"
Jawa Armoury Rebalance,mandrake.jawa.armoury,Patches/Armour_Penetration.xml,"/Defs/ThingDef[defName=""ABYautja_Melee_CeremonialDagger""]/tools/li[label=""blade""]/armorPenetration"
Jawa Armoury Rebalance,mandrake.jawa.armoury,Patches/Armour_Penetration.xml,"/Defs/ThingDef[defName=""ABYautja_Melee_CeremonialDagger""]/tools/li[label=""blade""]/armorPenetration"
Jawa Armoury Rebalance,mandrake.jawa.armoury,Patches/Armour_Penetration.xml,"/Defs/ThingDef[defName=""ABYautja_Melee_CeremonialDagger""]/tools/li[label=""blade""]"
Jawa Armoury Rebalance,mandrake.jawa.armoury,Patches/Armour_Penetration.xml,"/Defs/ThingDef[defName=""ABYautja_Melee_CeremonialDagger""]/tools/li[label=""point""]/armorPenetration"
Jawa Armoury Rebalance,mandrake.jawa.armoury,Patches/Armour_Penetration.xml,"/Defs/ThingDef[defName=""ABYautja_Melee_CeremonialDagger""]/tools/li[label=""point""]/armorPenetration"
Jawa Armoury Rebalance,mandrake.jawa.armoury,Patches/Armour_Penetration.xml,"/Defs/ThingDef[defName=""ABYautja_Melee_CeremonialDagger""]/tools/li[label=""point""]"
Jawa Armoury Rebalance,mandrake.jawa.armoury,Patches/Armour_Penetration.xml,"/Defs/ThingDef[defName=""ABYautja_Melee_HandScythe""]/tools/li[label=""blade""]/armorPenetration"
Jawa Armoury Rebalance,mandrake.jawa.armoury,Patches/Armour_Penetration.xml,"/Defs/ThingDef[defName=""ABYautja_Melee_HandScythe""]/tools/li[label=""blade""]/armorPenetration"
Jawa Armoury Rebalance,mandrake.jawa.armoury,Patches/Armour_Penetration.xml,"/Defs/ThingDef[defName=""ABYautja_Melee_HandScythe""]/tools/li[label=""blade""]"
Jawa Armoury Rebalance,mandrake.jawa.armoury,Patches/Armour_Penetration.xml,"/Defs/ThingDef[defName=""ABYautja_Melee_HandScythe""]/tools/li[label=""point""]/armorPenetration"
Jawa Armoury Rebalance,mandrake.jawa.armoury,Patches/Armour_Penetration.xml,"/Defs/ThingDef[defName=""ABYautja_Melee_HandScythe""]/tools/li[label=""point""]/armorPenetration"
Jawa Armoury Rebalance,mandrake.jawa.armoury,Patches/Armour_Penetration.xml,"/Defs/ThingDef[defName=""ABYautja_Melee_HandScythe""]/tools/li[label=""point""]"
Jawa Armoury Rebalance,mandrake.jawa.armoury,Patches/Armour_Penetration.xml,"/Defs/ThingDef[defName=""ABYautja_Melee_BladedMaul""]/tools/li[label=""point""]/armorPenetration"
Jawa Armoury Rebalance,mandrake.jawa.armoury,Patches/Armour_Penetration.xml,"/Defs/ThingDef[defName=""ABYautja_Melee_BladedMaul""]/tools/li[label=""point""]/armorPenetration"
Jawa Armoury Rebalance,mandrake.jawa.armoury,Patches/Armour_Penetration.xml,"/Defs/ThingDef[defName=""ABYautja_Melee_BladedMaul""]/tools/li[label=""point""]"
Jawa Armoury Rebalance,mandrake.jawa.armoury,Patches/Armour_Penetration.xml,"/Defs/ThingDef[defName=""ABYautja_Melee_BladedMaul""]/tools/li[label=""blade""]/armorPenetration"
Jawa Armoury Rebalance,mandrake.jawa.armoury,Patches/Armour_Penetration.xml,"/Defs/ThingDef[defName=""ABYautja_Melee_BladedMaul""]/tools/li[label=""blade""]/armorPenetration"
Jawa Armoury Rebalance,mandrake.jawa.armoury,Patches/Armour_Penetration.xml,"/Defs/ThingDef[defName=""ABYautja_Melee_BladedMaul""]/tools/li[label=""blade""]"
Jawa Armoury Rebalance,mandrake.jawa.armoury,Patches/Armour_Penetration.xml,"/Defs/ThingDef[defName=""ABYautja_Melee_BladedMaul""]/tools/li[label=""handle""]/armorPenetration"
Jawa Armoury Rebalance,mandrake.jawa.armoury,Patches/Armour_Penetration.xml,"/Defs/ThingDef[defName=""ABYautja_Melee_BladedMaul""]/tools/li[label=""handle""]/armorPenetration"
Jawa Armoury Rebalance,mandrake.jawa.armoury,Patches/Armour_Penetration.xml,"/Defs/ThingDef[defName=""ABYautja_Melee_BladedMaul""]/tools/li[label=""handle""]"
Jawa Armoury Rebalance,mandrake.jawa.armoury,Patches/Armour_Penetration.xml,"/Defs/ThingDef[defName=""ABYautja_Melee_PredatorScythe""]/tools/li[label=""point""]/armorPenetration"
Jawa Armoury Rebalance,mandrake.jawa.armoury,Patches/Armour_Penetration.xml,"/Defs/ThingDef[defName=""ABYautja_Melee_PredatorScythe""]/tools/li[label=""point""]/armorPenetration"
Jawa Armoury Rebalance,mandrake.jawa.armoury,Patches/Armour_Penetration.xml,"/Defs/ThingDef[defName=""ABYautja_Melee_PredatorScythe""]/tools/li[label=""point""]"
Jawa Armoury Rebalance,mandrake.jawa.armoury,Patches/Armour_Penetration.xml,"/Defs/ThingDef[defName=""ABYautja_Melee_PredatorScythe""]/tools/li[label=""blade""]/armorPenetration"
Jawa Armoury Rebalance,mandrake.jawa.armoury,Patches/Armour_Penetration.xml,"/Defs/ThingDef[defName=""ABYautja_Melee_PredatorScythe""]/tools/li[label=""blade""]/armorPenetration"
Jawa Armoury Rebalance,mandrake.jawa.armoury,Patches/Armour_Penetration.xml,"/Defs/ThingDef[defName=""ABYautja_Melee_PredatorScythe""]/tools/li[label=""blade""]"
Jawa Armoury Rebalance,mandrake.jawa.armoury,Patches/Armour_Penetration.xml,"/Defs/ThingDef[defName=""ABYautja_Melee_PredatorScythe""]/tools/li[label=""handle blade""]/armorPenetration"
Jawa Armoury Rebalance,mandrake.jawa.armoury,Patches/Armour_Penetration.xml,"/Defs/ThingDef[defName=""ABYautja_Melee_PredatorScythe""]/tools/li[label=""handle blade""]/armorPenetration"
Jawa Armoury Rebalance,mandrake.jawa.armoury,Patches/Armour_Penetration.xml,"/Defs/ThingDef[defName=""ABYautja_Melee_PredatorScythe""]/tools/li[label=""handle blade""]"
Jawa Armoury Rebalance,mandrake.jawa.armoury,Patches/Armour_Penetration.xml,"/Defs/ThingDef[defName=""ABYautja_Melee_PredatorWarAxe""]/tools/li[label=""edge""]/armorPenetration"
Jawa Armoury Rebalance,mandrake.jawa.armoury,Patches/Armour_Penetration.xml,"/Defs/ThingDef[defName=""ABYautja_Melee_PredatorWarAxe""]/tools/li[label=""edge""]/armorPenetration"
Jawa Armoury Rebalance,mandrake.jawa.armoury,Patches/Armour_Penetration.xml,"/Defs/ThingDef[defName=""ABYautja_Melee_PredatorWarAxe""]/tools/li[label=""edge""]"
Jawa Armoury Rebalance,mandrake.jawa.armoury,Patches/Armour_Penetration.xml,"/Defs/ThingDef[defName=""ABYautja_Melee_PredatorWarAxe""]/tools/li[label=""blade""]/armorPenetration"
Jawa Armoury Rebalance,mandrake.jawa.armoury,Patches/Armour_Penetration.xml,"/Defs/ThingDef[defName=""ABYautja_Melee_PredatorWarAxe""]/tools/li[label=""blade""]/armorPenetration"
Jawa Armoury Rebalance,mandrake.jawa.armoury,Patches/Armour_Penetration.xml,"/Defs/ThingDef[defName=""ABYautja_Melee_PredatorWarAxe""]/tools/li[label=""blade""]"
Jawa Armoury Rebalance,mandrake.jawa.armoury,Patches/Armour_Penetration.xml,"/Defs/ThingDef[defName=""ABYautja_Melee_Glaive""]/tools/li[label=""point""]/armorPenetration"
Jawa Armoury Rebalance,mandrake.jawa.armoury,Patches/Armour_Penetration.xml,"/Defs/ThingDef[defName=""ABYautja_Melee_Glaive""]/tools/li[label=""point""]/armorPenetration"
Jawa Armoury Rebalance,mandrake.jawa.armoury,Patches/Armour_Penetration.xml,"/Defs/ThingDef[defName=""ABYautja_Melee_Glaive""]/tools/li[label=""point""]"
Jawa Armoury Rebalance,mandrake.jawa.armoury,Patches/Armour_Penetration.xml,"/Defs/ThingDef[defName=""ABYautja_Melee_Glaive""]/tools/li[label=""blade""]/armorPenetration"
Jawa Armoury Rebalance,mandrake.jawa.armoury,Patches/Armour_Penetration.xml,"/Defs/ThingDef[defName=""ABYautja_Melee_Glaive""]/tools/li[label=""blade""]/armorPenetration"
Jawa Armoury Rebalance,mandrake.jawa.armoury,Patches/Armour_Penetration.xml,"/Defs/ThingDef[defName=""ABYautja_Melee_Glaive""]/tools/li[label=""blade""]"
Jawa Armoury Rebalance,mandrake.jawa.armoury,Patches/Armour_Penetration.xml,"/Defs/ThingDef[defName=""ABYautja_Melee_Flail""]/tools/li[label=""point""]/armorPenetration"
Jawa Armoury Rebalance,mandrake.jawa.armoury,Patches/Armour_Penetration.xml,"/Defs/ThingDef[defName=""ABYautja_Melee_Flail""]/tools/li[label=""point""]/armorPenetration"
Jawa Armoury Rebalance,mandrake.jawa.armoury,Patches/Armour_Penetration.xml,"/Defs/ThingDef[defName=""ABYautja_Melee_Flail""]/tools/li[label=""point""]"
Jawa Armoury Rebalance,mandrake.jawa.armoury,Patches/Armour_Penetration.xml,"/Defs/ThingDef[defName=""ABYautja_Melee_Flail""]/tools/li[label=""flail""]/armorPenetration"
Jawa Armoury Rebalance,mandrake.jawa.armoury,Patches/Armour_Penetration.xml,"/Defs/ThingDef[defName=""ABYautja_Melee_Flail""]/tools/li[label=""flail""]/armorPenetration"
Jawa Armoury Rebalance,mandrake.jawa.armoury,Patches/Armour_Penetration.xml,"/Defs/ThingDef[defName=""ABYautja_Melee_Flail""]/tools/li[label=""flail""]"
Jawa Armoury Rebalance,mandrake.jawa.armoury,Patches/Armour_Penetration.xml,"/Defs/ThingDef[defName=""ABYautja_Melee_Flail""]/tools/li[label=""handle""]/armorPenetration"
Jawa Armoury Rebalance,mandrake.jawa.armoury,Patches/Armour_Penetration.xml,"/Defs/ThingDef[defName=""ABYautja_Melee_Flail""]/tools/li[label=""handle""]/armorPenetration"
Jawa Armoury Rebalance,mandrake.jawa.armoury,Patches/Armour_Penetration.xml,"/Defs/ThingDef[defName=""ABYautja_Melee_Flail""]/tools/li[label=""handle""]"
Jawa Armoury Rebalance,mandrake.jawa.armoury,Patches/Armour_Penetration.xml,"/Defs/ThingDef[defName=""JDSA_Vibroblade""]/tools/li[label=""point""]/armorPenetration"
Jawa Armoury Rebalance,mandrake.jawa.armoury,Patches/Armour_Penetration.xml,"/Defs/ThingDef[defName=""JDSA_Vibroblade""]/tools/li[label=""point""]/armorPenetration"
Jawa Armoury Rebalance,mandrake.jawa.armoury,Patches/Armour_Penetration.xml,"/Defs/ThingDef[defName=""JDSA_Vibroblade""]/tools/li[label=""point""]"
Jawa Armoury Rebalance,mandrake.jawa.armoury,Patches/Armour_Penetration.xml,"/Defs/ThingDef[defName=""JDSA_Vibrosword""]/tools/li[label=""handle""]/armorPenetration"
Jawa Armoury Rebalance,mandrake.jawa.armoury,Patches/Armour_Penetration.xml,"/Defs/ThingDef[defName=""JDSA_Vibrosword""]/tools/li[label=""handle""]/armorPenetration"
Jawa Armoury Rebalance,mandrake.jawa.armoury,Patches/Armour_Penetration.xml,"/Defs/ThingDef[defName=""JDSA_Vibrosword""]/tools/li[label=""handle""]"
Jawa Armoury Rebalance,mandrake.jawa.armoury,Patches/Armour_Penetration.xml,"/Defs/ThingDef[defName=""JDSA_Vibrosword""]/tools/li[label=""point""]/armorPenetration"
Jawa Armoury Rebalance,mandrake.jawa.armoury,Patches/Armour_Penetration.xml,"/Defs/ThingDef[defName=""JDSA_Vibrosword""]/tools/li[label=""point""]/armorPenetration"
Jawa Armoury Rebalance,mandrake.jawa.armoury,Patches/Armour_Penetration.xml,"/Defs/ThingDef[defName=""JDSA_Vibrosword""]/tools/li[label=""point""]"
Jawa Armoury Rebalance,mandrake.jawa.armoury,Patches/Armour_Penetration.xml,"/Defs/ThingDef[defName=""JDSA_Vibroaxe""]/tools/li[label=""handle""]/armorPenetration"
Jawa Armoury Rebalance,mandrake.jawa.armoury,Patches/Armour_Penetration.xml,"/Defs/ThingDef[defName=""JDSA_Vibroaxe""]/tools/li[label=""handle""]/armorPenetration"
Jawa Armoury Rebalance,mandrake.jawa.armoury,Patches/Armour_Penetration.xml,"/Defs/ThingDef[defName=""JDSA_Vibroaxe""]/tools/li[label=""handle""]"
Jawa Armoury Rebalance,mandrake.jawa.armoury,Patches/Armour_Penetration.xml,"/Defs/ThingDef[defName=""JDSA_Vibroaxe""]/tools/li[label=""point""]/armorPenetration"
Jawa Armoury Rebalance,mandrake.jawa.armoury,Patches/Armour_Penetration.xml,"/Defs/ThingDef[defName=""JDSA_Vibroaxe""]/tools/li[label=""point""]/armorPenetration"
Jawa Armoury Rebalance,mandrake.jawa.armoury,Patches/Armour_Penetration.xml,"/Defs/ThingDef[defName=""JDSA_Vibroaxe""]/tools/li[label=""point""]"
Jawa Armoury Rebalance,mandrake.jawa.armoury,Patches/Armour_Ratings.xml,"/Defs/ThingDef[defName=""AG_Forsaken_Hood""]/statBases/ArmorRating_Sharp"
Jawa Armoury Rebalance,mandrake.jawa.armoury,Patches/Armour_Ratings.xml,"/Defs/ThingDef[defName=""AG_Forsaken_Hood""]/statBases/ArmorRating_Blunt"
Jawa Armoury Rebalance,mandrake.jawa.armoury,Patches/Armour_Ratings.xml,"/Defs/ThingDef[defName=""AG_Forsaken_Hood""]/statBases/ArmorRating_Heat"
Jawa Armoury Rebalance,mandrake.jawa.armoury,Patches/Armour_Ratings.xml,"/Defs/ThingDef[defName=""AG_Forsaken_Hood_Child""]/statBases/ArmorRating_Sharp"
Jawa Armoury Rebalance,mandrake.jawa.armoury,Patches/Armour_Ratings.xml,"/Defs/ThingDef[defName=""AG_Forsaken_Hood_Child""]/statBases/ArmorRating_Blunt"
Jawa Armoury Rebalance,mandrake.jawa.armoury,Patches/Armour_Ratings.xml,"/Defs/ThingDef[defName=""AG_Forsaken_Hood_Child""]/statBases/ArmorRating_Heat"
Jawa Armoury Rebalance,mandrake.jawa.armoury,Patches/Armour_Ratings.xml,"/Defs/ThingDef[defName=""AG_ForsakenCloak""]/statBases/ArmorRating_Sharp"
Jawa Armoury Rebalance,mandrake.jawa.armoury,Patches/Armour_Ratings.xml,"/Defs/ThingDef[defName=""AG_ForsakenCloak""]/statBases/ArmorRating_Blunt"
Jawa Armoury Rebalance,mandrake.jawa.armoury,Patches/Armour_Ratings.xml,"/Defs/ThingDef[defName=""AG_ForsakenCloak""]/statBases/ArmorRating_Heat"
Jawa Armoury Rebalance,mandrake.jawa.armoury,Patches/Armour_Ratings.xml,"/Defs/ThingDef[defName=""AG_ForsakenCloak_Child""]/statBases/ArmorRating_Sharp"
Jawa Armoury Rebalance,mandrake.jawa.armoury,Patches/Armour_Ratings.xml,"/Defs/ThingDef[defName=""AG_ForsakenCloak_Child""]/statBases/ArmorRating_Blunt"
Jawa Armoury Rebalance,mandrake.jawa.armoury,Patches/Armour_Ratings.xml,"/Defs/ThingDef[defName=""AG_ForsakenCloak_Child""]/statBases/ArmorRating_Heat"
Jawa Armoury Rebalance,mandrake.jawa.armoury,Patches/Armour_Ratings.xml,"/Defs/ThingDef[defName=""AG_ForsakenMarineHelmet""]/statBases/ArmorRating_Sharp"
Jawa Armoury Rebalance,mandrake.jawa.armoury,Patches/Armour_Ratings.xml,"/Defs/ThingDef[defName=""AG_ForsakenMarineHelmet""]/statBases/ArmorRating_Blunt"
Jawa Armoury Rebalance,mandrake.jawa.armoury,Patches/Armour_Ratings.xml,"/Defs/ThingDef[defName=""AG_ForsakenMarineHelmet""]/statBases/ArmorRating_Heat"
Jawa Armoury Rebalance,mandrake.jawa.armoury,Patches/Armour_Ratings.xml,"/Defs/ThingDef[defName=""AG_ForsakenMarineHelmetPsy""]/statBases/ArmorRating_Sharp"
Jawa Armoury Rebalance,mandrake.jawa.armoury,Patches/Armour_Ratings.xml,"/Defs/ThingDef[defName=""AG_ForsakenMarineHelmetPsy""]/statBases/ArmorRating_Blunt"
Jawa Armoury Rebalance,mandrake.jawa.armoury,Patches/Armour_Ratings.xml,"/Defs/ThingDef[defName=""AG_ForsakenMarineHelmetPsy""]/statBases/ArmorRating_Heat"
Jawa Armoury Rebalance,mandrake.jawa.armoury,Patches/Armour_Ratings.xml,"/Defs/ThingDef[defName=""AG_ForsakenMarineArmor""]/statBases/ArmorRating_Sharp"
Jawa Armoury Rebalance,mandrake.jawa.armoury,Patches/Armour_Ratings.xml,"/Defs/ThingDef[defName=""AG_ForsakenMarineArmor""]/statBases/ArmorRating_Blunt"
Jawa Armoury Rebalance,mandrake.jawa.armoury,Patches/Armour_Ratings.xml,"/Defs/ThingDef[defName=""AG_ForsakenMarineArmor""]/statBases/ArmorRating_Heat"
Jawa Armoury Rebalance,mandrake.jawa.armoury,Patches/Armour_Ratings.xml,"/Defs/ThingDef[defName=""AM_CataphractHelmetFashion""]/statBases/ArmorRating_Sharp"
Jawa Armoury Rebalance,mandrake.jawa.armoury,Patches/Armour_Ratings.xml,"/Defs/ThingDef[defName=""AM_CataphractHelmetFashion""]/statBases/ArmorRating_Blunt"
Jawa Armoury Rebalance,mandrake.jawa.armoury,Patches/Armour_Ratings.xml,"/Defs/ThingDef[defName=""AM_CataphractHelmetFashion""]/statBases/ArmorRating_Heat"
Jawa Armoury Rebalance,mandrake.jawa.armoury,Patches/Armour_Ratings.xml,"/Defs/ThingDef[@Name=""AM_CataphractHelmet""]/statBases/ArmorRating_Sharp"
Jawa Armoury Rebalance,mandrake.jawa.armoury,Patches/Armour_Ratings.xml,"/Defs/ThingDef[@Name=""AM_CataphractHelmet""]/statBases/ArmorRating_Blunt"
Jawa Armoury Rebalance,mandrake.jawa.armoury,Patches/Armour_Ratings.xml,"/Defs/ThingDef[@Name=""AM_CataphractHelmet""]/statBases/ArmorRating_Heat"
Jawa Armoury Rebalance,mandrake.jawa.armoury,Patches/Armour_Ratings.xml,"/Defs/ThingDef[@Name=""ApparelArmorHelmetPowerBase""]/statBases/ArmorRating_Sharp"
Jawa Armoury Rebalance,mandrake.jawa.armoury,Patches/Armour_Ratings.xml,"/Defs/ThingDef[@Name=""ApparelArmorHelmetPowerBase""]/statBases/ArmorRating_Blunt"
Jawa Armoury Rebalance,mandrake.jawa.armoury,Patches/Armour_Ratings.xml,"/Defs/ThingDef[@Name=""ApparelArmorHelmetPowerBase""]/statBases/ArmorRating_Heat"
Jawa Armoury Rebalance,mandrake.jawa.armoury,Patches/Armour_Ratings.xml,"/Defs/ThingDef[@Name=""ApparelArmorPowerBase""]/statBases/ArmorRating_Sharp"
Jawa Armoury Rebalance,mandrake.jawa.armoury,Patches/Armour_Ratings.xml,"/Defs/ThingDef[@Name=""ApparelArmorPowerBase""]/statBases/ArmorRating_Blunt"
Jawa Armoury Rebalance,mandrake.jawa.armoury,Patches/Armour_Ratings.xml,"/Defs/ThingDef[@Name=""ApparelArmorPowerBase""]/statBases/ArmorRating_Heat"
Jawa Armoury Rebalance,mandrake.jawa.armoury,Patches/Armour_Ratings.xml,"/Defs/ThingDef[@Name=""ApparelArmorCataphractBase""]/statBases/ArmorRating_Sharp"
Jawa Armoury Rebalance,mandrake.jawa.armoury,Patches/Armour_Ratings.xml,"/Defs/ThingDef[@Name=""ApparelArmorCataphractBase""]/statBases/ArmorRating_Blunt"
Jawa Armoury Rebalance,mandrake.jawa.armoury,Patches/Armour_Ratings.xml,"/Defs/ThingDef[@Name=""ApparelArmorCataphractBase""]/statBases/ArmorRating_Heat"
Jawa Armoury Rebalance,mandrake.jawa.armoury,Patches/Armour_Ratings.xml,"/Defs/ThingDef[@Name=""ApparelArmorHelmetCataphractBase""]/statBases/ArmorRating_Sharp"
Jawa Armoury Rebalance,mandrake.jawa.armoury,Patches/Armour_Ratings.xml,"/Defs/ThingDef[@Name=""ApparelArmorHelmetCataphractBase""]/statBases/ArmorRating_Blunt"
Jawa Armoury Rebalance,mandrake.jawa.armoury,Patches/Armour_Ratings.xml,"/Defs/ThingDef[@Name=""ApparelArmorHelmetCataphractBase""]/statBases/ArmorRating_Heat"
Jawa Armoury Rebalance,mandrake.jawa.armoury,Patches/Armour_Ratings.xml,"/Defs/ThingDef[defName=""Apparel_ArmorMarineGrenadier""]/statBases/ArmorRating_Sharp"
Jawa Armoury Rebalance,mandrake.jawa.armoury,Patches/Armour_Ratings.xml,"/Defs/ThingDef[defName=""Apparel_ArmorMarineGrenadier""]/statBases/ArmorRating_Blunt"
Jawa Armoury Rebalance,mandrake.jawa.armoury,Patches/Armour_Ratings.xml,"/Defs/ThingDef[defName=""Apparel_ArmorMarineGrenadier""]/statBases/ArmorRating_Heat"
Jawa Armoury Rebalance,mandrake.jawa.armoury,Patches/Armour_Ratings.xml,"/Defs/ThingDef[defName=""Apparel_ArmorCataphractPhoenix""]/statBases/ArmorRating_Sharp"
Jawa Armoury Rebalance,mandrake.jawa.armoury,Patches/Armour_Ratings.xml,"/Defs/ThingDef[defName=""Apparel_ArmorCataphractPhoenix""]/statBases/ArmorRating_Blunt"
Jawa Armoury Rebalance,mandrake.jawa.armoury,Patches/Armour_Ratings.xml,"/Defs/ThingDef[defName=""Apparel_ArmorCataphractPhoenix""]/statBases/ArmorRating_Heat"
Jawa Armoury Rebalance,mandrake.jawa.armoury,Patches/Armour_Ratings.xml,"/Defs/ThingDef[defName=""guy762_Backpack_scorch""]/statBases/ArmorRating_Sharp"
Jawa Armoury Rebalance,mandrake.jawa.armoury,Patches/Armour_Ratings.xml,"/Defs/ThingDef[defName=""guy762_Backpack_scorch""]/statBases/ArmorRating_Blunt"
Jawa Armoury Rebalance,mandrake.jawa.armoury,Patches/Armour_Ratings.xml,"/Defs/ThingDef[defName=""guy762_Backpack_scorch""]/statBases/ArmorRating_Heat"
Jawa Armoury Rebalance,mandrake.jawa.armoury,Patches/Armour_Ratings.xml,"/Defs/ThingDef[defName=""guy762_armband_cortosis""]/statBases/ArmorRating_Sharp"
Jawa Armoury Rebalance,mandrake.jawa.armoury,Patches/Armour_Ratings.xml,"/Defs/ThingDef[defName=""guy762_armband_cortosis""]/statBases/ArmorRating_Blunt"
Jawa Armoury Rebalance,mandrake.jawa.armoury,Patches/Armour_Ratings.xml,"/Defs/ThingDef[defName=""guy762_armband_cortosis""]/statBases/ArmorRating_Heat"
Jawa Armoury Rebalance,mandrake.jawa.armoury,Patches/Armour_Ratings.xml,"/Defs/ThingDef[defName=""guy762_MalgusArmor""]/statBases/ArmorRating_Sharp"
Jawa Armoury Rebalance,mandrake.jawa.armoury,Patches/Armour_Ratings.xml,"/Defs/ThingDef[defName=""guy762_MalgusArmor""]/statBases/ArmorRating_Blunt"
Jawa Armoury Rebalance,mandrake.jawa.armoury,Patches/Armour_Ratings.xml,"/Defs/ThingDef[defName=""guy762_MalgusArmor""]/statBases/ArmorRating_Heat"
Jawa Armoury Rebalance,mandrake.jawa.armoury,Patches/Armour_Ratings.xml,"/Defs/ThingDef[defName=""guy762_MalgusMask""]/statBases/ArmorRating_Sharp"
Jawa Armoury Rebalance,mandrake.jawa.armoury,Patches/Armour_Ratings.xml,"/Defs/ThingDef[defName=""guy762_MalgusMask""]/statBases/ArmorRating_Blunt"
Jawa Armoury Rebalance,mandrake.jawa.armoury,Patches/Armour_Ratings.xml,"/Defs/ThingDef[defName=""guy762_MalgusMask""]/statBases/ArmorRating_Heat"
Jawa Armoury Rebalance,mandrake.jawa.armoury,Patches/Armour_Ratings.xml,"/Defs/ThingDef[defName=""guy762_MalgusHood""]/statBases/ArmorRating_Sharp"
Jawa Armoury Rebalance,mandrake.jawa.armoury,Patches/Armour_Ratings.xml,"/Defs/ThingDef[defName=""guy762_MalgusHood""]/statBases/ArmorRating_Blunt"
Jawa Armoury Rebalance,mandrake.jawa.armoury,Patches/Armour_Ratings.xml,"/Defs/ThingDef[defName=""guy762_MalgusHood""]/statBases/ArmorRating_Heat"
Jawa Armoury Rebalance,mandrake.jawa.armoury,Patches/Armour_Ratings.xml,"/Defs/ThingDef[defName=""guy762_CombatSuit_onderon""]/statBases/ArmorRating_Sharp"
Jawa Armoury Rebalance,mandrake.jawa.armoury,Patches/Armour_Ratings.xml,"/Defs/ThingDef[defName=""guy762_CombatSuit_onderon""]/statBases/ArmorRating_Blunt"
Jawa Armoury Rebalance,mandrake.jawa.armoury,Patches/Armour_Ratings.xml,"/Defs/ThingDef[defName=""guy762_CombatSuit_onderon""]/statBases/ArmorRating_Heat"
Jawa Armoury Rebalance,mandrake.jawa.armoury,Patches/Armour_Ratings.xml,"/Defs/ThingDef[defName=""guy762_MidBattleArmor_mando""]/statBases/ArmorRating_Sharp"
Jawa Armoury Rebalance,mandrake.jawa.armoury,Patches/Armour_Ratings.xml,"/Defs/ThingDef[defName=""guy762_MidBattleArmor_mando""]/statBases/ArmorRating_Blunt"
Jawa Armoury Rebalance,mandrake.jawa.armoury,Patches/Armour_Ratings.xml,"/Defs/ThingDef[defName=""guy762_MidBattleArmor_mando""]/statBases/ArmorRating_Heat"
Jawa Armoury Rebalance,mandrake.jawa.armoury,Patches/Armour_Ratings.xml,"/Defs/ThingDef[defName=""guy762_MandoArmor_battle""]/statBases/ArmorRating_Sharp"
Jawa Armoury Rebalance,mandrake.jawa.armoury,Patches/Armour_Ratings.xml,"/Defs/ThingDef[defName=""guy762_MandoArmor_battle""]/statBases/ArmorRating_Blunt"
Jawa Armoury Rebalance,mandrake.jawa.armoury,Patches/Armour_Ratings.xml,"/Defs/ThingDef[defName=""guy762_MandoArmor_battle""]/statBases/ArmorRating_Heat"
Jawa Armoury Rebalance,mandrake.jawa.armoury,Patches/Armour_Ratings.xml,"/Defs/ThingDef[defName=""guy762_MandoArmor_assault""]/statBases/ArmorRating_Sharp"
Jawa Armoury Rebalance,mandrake.jawa.armoury,Patches/Armour_Ratings.xml,"/Defs/ThingDef[defName=""guy762_MandoArmor_assault""]/statBases/ArmorRating_Blunt"
Jawa Armoury Rebalance,mandrake.jawa.armoury,Patches/Armour_Ratings.xml,"/Defs/ThingDef[defName=""guy762_MandoArmor_assault""]/statBases/ArmorRating_Heat"
Jawa Armoury Rebalance,mandrake.jawa.armoury,Patches/Armour_Ratings.xml,"/Defs/ThingDef[defName=""guy762_MandoArmor_supercom""]/statBases/ArmorRating_Sharp"
Jawa Armoury Rebalance,mandrake.jawa.armoury,Patches/Armour_Ratings.xml,"/Defs/ThingDef[defName=""guy762_MandoArmor_supercom""]/statBases/ArmorRating_Blunt"
Jawa Armoury Rebalance,mandrake.jawa.armoury,Patches/Armour_Ratings.xml,"/Defs/ThingDef[defName=""guy762_MandoArmor_supercom""]/statBases/ArmorRating_Heat"
Jawa Armoury Rebalance,mandrake.jawa.armoury,Patches/Armour_Ratings.xml,"/Defs/ThingDef[defName=""guy762_MandoHelmet_supercom""]/statBases/ArmorRating_Sharp"
Jawa Armoury Rebalance,mandrake.jawa.armoury,Patches/Armour_Ratings.xml,"/Defs/ThingDef[defName=""guy762_MandoHelmet_supercom""]/statBases/ArmorRating_Blunt"
Jawa Armoury Rebalance,mandrake.jawa.armoury,Patches/Armour_Ratings.xml,"/Defs/ThingDef[defName=""guy762_MandoHelmet_supercom""]/statBases/ArmorRating_Heat"
Jawa Armoury Rebalance,mandrake.jawa.armoury,Patches/Armour_Ratings.xml,"/Defs/ThingDef[defName=""guy762_HelmetHeavyBattle_repcom""]/statBases/ArmorRating_Sharp"
Jawa Armoury Rebalance,mandrake.jawa.armoury,Patches/Armour_Ratings.xml,"/Defs/ThingDef[defName=""guy762_HelmetHeavyBattle_repcom""]/statBases/ArmorRating_Blunt"
Jawa Armoury Rebalance,mandrake.jawa.armoury,Patches/Armour_Ratings.xml,"/Defs/ThingDef[defName=""guy762_HelmetHeavyBattle_repcom""]/statBases/ArmorRating_Heat"
Jawa Armoury Rebalance,mandrake.jawa.armoury,Patches/Armour_Ratings.xml,"/Defs/ThingDef[defName=""guy762_HvyArmor_repcom""]/statBases/ArmorRating_Sharp"
Jawa Armoury Rebalance,mandrake.jawa.armoury,Patches/Armour_Ratings.xml,"/Defs/ThingDef[defName=""guy762_HvyArmor_repcom""]/statBases/ArmorRating_Blunt"
Jawa Armoury Rebalance,mandrake.jawa.armoury,Patches/Armour_Ratings.xml,"/Defs/ThingDef[defName=""guy762_HvyArmor_repcom""]/statBases/ArmorRating_Heat"
Jawa Armoury Rebalance,mandrake.jawa.armoury,Patches/Armour_Ratings.xml,"/Defs/ThingDef[defName=""guy762_SithArmor_commando""]/statBases/ArmorRating_Sharp"
Jawa Armoury Rebalance,mandrake.jawa.armoury,Patches/Armour_Ratings.xml,"/Defs/ThingDef[defName=""guy762_SithArmor_commando""]/statBases/ArmorRating_Blunt"
Jawa Armoury Rebalance,mandrake.jawa.armoury,Patches/Armour_Ratings.xml,"/Defs/ThingDef[defName=""guy762_SithArmor_commando""]/statBases/ArmorRating_Heat"
Jawa Armoury Rebalance,mandrake.jawa.armoury,Patches/Armour_Ratings.xml,"/Defs/ThingDef[defName=""guy762_SithHelmet_commando""]/statBases/ArmorRating_Sharp"
Jawa Armoury Rebalance,mandrake.jawa.armoury,Patches/Armour_Ratings.xml,"/Defs/ThingDef[defName=""guy762_SithHelmet_commando""]/statBases/ArmorRating_Blunt"
Jawa Armoury Rebalance,mandrake.jawa.armoury,Patches/Armour_Ratings.xml,"/Defs/ThingDef[defName=""guy762_SithHelmet_commando""]/statBases/ArmorRating_Heat"
Jawa Armoury Rebalance,mandrake.jawa.armoury,Patches/Armour_Ratings.xml,"/Defs/ThingDef[defName=""guy762_SithArmor_colorcommando""]/statBases/ArmorRating_Sharp"
Jawa Armoury Rebalance,mandrake.jawa.armoury,Patches/Armour_Ratings.xml,"/Defs/ThingDef[defName=""guy762_SithArmor_colorcommando""]/statBases/ArmorRating_Blunt"
Jawa Armoury Rebalance,mandrake.jawa.armoury,Patches/Armour_Ratings.xml,"/Defs/ThingDef[defName=""guy762_SithArmor_colorcommando""]/statBases/ArmorRating_Heat"
Jawa Armoury Rebalance,mandrake.jawa.armoury,Patches/Armour_Ratings.xml,"/Defs/ThingDef[defName=""guy762_SithHelmet_colorcommando""]/statBases/ArmorRating_Sharp"
Jawa Armoury Rebalance,mandrake.jawa.armoury,Patches/Armour_Ratings.xml,"/Defs/ThingDef[defName=""guy762_SithHelmet_colorcommando""]/statBases/ArmorRating_Blunt"
Jawa Armoury Rebalance,mandrake.jawa.armoury,Patches/Armour_Ratings.xml,"/Defs/ThingDef[defName=""guy762_SithHelmet_colorcommando""]/statBases/ArmorRating_Heat"
Jawa Patches (local),mandrake.jawa.patches,Patches/AnimalBiomeDuplicates_Fix.xml,"/Defs/ThingDef[defName=""Armadillo""]/race/wildBiomes/AridShrubland"
Jawa Patches (local),mandrake.jawa.patches,Patches/AnimalBiomeDuplicates_Fix.xml,"/Defs/ThingDef[defName=""Armadillo""]/race/wildBiomes/AridShrubland"
Jawa Patches (local),mandrake.jawa.patches,Patches/AnimalBiomeDuplicates_Fix.xml,"/Defs/ThingDef[defName=""Armadillo""]/race/wildBiomes/Desert"
Jawa Patches (local),mandrake.jawa.patches,Patches/AnimalBiomeDuplicates_Fix.xml,"/Defs/ThingDef[defName=""Armadillo""]/race/wildBiomes/Desert"
Jawa Patches (local),mandrake.jawa.patches,Patches/AnimalBiomeDuplicates_Fix.xml,"/Defs/ThingDef[defName=""Titan""]/race/wildBiomes/TropicalSwamp[2]"
Jawa Patches (local),mandrake.jawa.patches,Patches/AnimalBiomeDuplicates_Fix.xml,"/Defs/ThingDef[defName=""Titan""]/race/wildBiomes/TropicalSwamp[2]"
Jawa Patches (local),mandrake.jawa.patches,Patches/BiomeAnimalDanglingRefs_Fix.xml,"/Defs/BiomeDef[defName=""IronScruff_PrimordialGeysers""]/wildAnimals/AA_WaywardMobileAssembler"
Jawa Patches (local),mandrake.jawa.patches,Patches/BiomeAnimalDanglingRefs_Fix.xml,"/Defs/BiomeDef[defName=""IronScruff_PrimordialGeysers""]/wildAnimals/AA_WaywardMobileAssembler"
Jawa Patches (local),mandrake.jawa.patches,Patches/BiomeAnimalDanglingRefs_Fix.xml,"/Defs/BiomeDef[defName=""IronScruff_PrimordialGeysers""]/wildAnimals/AEXP_Badger"
Jawa Patches (local),mandrake.jawa.patches,Patches/BiomeAnimalDanglingRefs_Fix.xml,"/Defs/BiomeDef[defName=""IronScruff_PrimordialGeysers""]/wildAnimals/AEXP_Badger"
Jawa Patches (local),mandrake.jawa.patches,Patches/BiomeAnimalDanglingRefs_Fix.xml,"/Defs/BiomeDef[defName=""IronScruff_PrimordialGeysers""]/wildAnimals/AEXP_Muskox"
Jawa Patches (local),mandrake.jawa.patches,Patches/BiomeAnimalDanglingRefs_Fix.xml,"/Defs/BiomeDef[defName=""IronScruff_PrimordialGeysers""]/wildAnimals/AEXP_Muskox"
Jawa Patches (local),mandrake.jawa.patches,Patches/BiomeAnimalDanglingRefs_Fix.xml,"/Defs/BiomeDef[defName=""IronScruff_PrimordialGeysers""]/wildAnimals/AEXP_Moose"
Jawa Patches (local),mandrake.jawa.patches,Patches/BiomeAnimalDanglingRefs_Fix.xml,"/Defs/BiomeDef[defName=""IronScruff_PrimordialGeysers""]/wildAnimals/AEXP_Moose"
Jawa Patches (local),mandrake.jawa.patches,Patches/BiomeAnimalDanglingRefs_Fix.xml,"/Defs/BiomeDef[defName=""IronScruff_PrimordialGeysers""]/wildAnimals/AEXP_Porcupine"
Jawa Patches (local),mandrake.jawa.patches,Patches/BiomeAnimalDanglingRefs_Fix.xml,"/Defs/BiomeDef[defName=""IronScruff_PrimordialGeysers""]/wildAnimals/AEXP_Porcupine"
Jawa Patches (local),mandrake.jawa.patches,Patches/DroidFemaleTexture_Fix.xml,"/Defs/PawnKindDef[defName=""OuterRim_HKDroid""][not(fixedGender)]"
Jawa Patches (local),mandrake.jawa.patches,Patches/DroidFemaleTexture_Fix.xml,"/Defs/PawnKindDef[defName=""OuterRim_HKDroid""][not(fixedGender)]"
Jawa Patches (local),mandrake.jawa.patches,Patches/DroidFemaleTexture_Fix.xml,"/Defs/PawnKindDef[defName=""OuterRim_ImperialLaborDroid""][not(fixedGender)]"
Jawa Patches (local),mandrake.jawa.patches,Patches/DroidFemaleTexture_Fix.xml,"/Defs/PawnKindDef[defName=""OuterRim_ImperialLaborDroid""][not(fixedGender)]"
Jawa Patches (local),mandrake.jawa.patches,Patches/DroidFemaleTexture_Fix.xml,"/Defs/PawnKindDef[defName=""OuterRim_KXSecurityDroid""][not(fixedGender)]"
Jawa Patches (local),mandrake.jawa.patches,Patches/DroidFemaleTexture_Fix.xml,"/Defs/PawnKindDef[defName=""OuterRim_KXSecurityDroid""][not(fixedGender)]"
Jawa Patches (local),mandrake.jawa.patches,Patches/DroidFemaleTexture_Fix.xml,"/Defs/PawnKindDef[defName=""OuterRim_MagnaGuardDroid""][not(fixedGender)]"
Jawa Patches (local),mandrake.jawa.patches,Patches/DroidFemaleTexture_Fix.xml,"/Defs/PawnKindDef[defName=""OuterRim_MagnaGuardDroid""][not(fixedGender)]"
Jawa Patches (local),mandrake.jawa.patches,Patches/DroidFemaleTexture_Fix.xml,"/Defs/PawnKindDef[defName=""OuterRim_ProtocolDroid""][not(fixedGender)]"
Jawa Patches (local),mandrake.jawa.patches,Patches/DroidFemaleTexture_Fix.xml,"/Defs/PawnKindDef[defName=""OuterRim_ProtocolDroid""][not(fixedGender)]"
Jawa Patches (local),mandrake.jawa.patches,Patches/DroidFemaleTexture_Fix.xml,"/Defs/PawnKindDef[defName=""OuterRim_SuperTacticalDroid""][not(fixedGender)]"
Jawa Patches (local),mandrake.jawa.patches,Patches/DroidFemaleTexture_Fix.xml,"/Defs/PawnKindDef[defName=""OuterRim_SuperTacticalDroid""][not(fixedGender)]"
Jawa Patches (local),mandrake.jawa.patches,Patches/DroidFemaleTexture_Fix.xml,"/Defs/PawnKindDef[defName=""OuterRim_TacticalDroid""][not(fixedGender)]"
Jawa Patches (local),mandrake.jawa.patches,Patches/DroidFemaleTexture_Fix.xml,"/Defs/PawnKindDef[defName=""OuterRim_TacticalDroid""][not(fixedGender)]"
Jawa Patches (local),mandrake.jawa.patches,Patches/JawaTerrain_DuneSeas.xml,"/Defs/BiomeDef[defName=""Desert""]/terrainPatchMakers/li/thresholds/li[terrain=""SoftSand""]/min"
Jawa Patches (local),mandrake.jawa.patches,Patches/JawaTerrain_DuneSeas.xml,"/Defs/BiomeDef[defName=""Desert""]/terrainPatchMakers/li/thresholds/li[terrain=""SoftSand""]/min"
Jawa Patches (local),mandrake.jawa.patches,Patches/JawaTerrain_DuneSeas.xml,"/Defs/BiomeDef[defName=""ExtremeDesert""]/terrainPatchMakers/li/thresholds/li[terrain=""SoftSand""]/min"
Jawa Patches (local),mandrake.jawa.patches,Patches/JawaTerrain_DuneSeas.xml,"/Defs/BiomeDef[defName=""ExtremeDesert""]/terrainPatchMakers/li/thresholds/li[terrain=""SoftSand""]/min"
Jawa Patches (local),mandrake.jawa.patches,Patches/JawaTerrain_DuneSeas.xml,"/Defs/BiomeDef[defName=""AridShrubland""]/terrainPatchMakers"
Jawa Patches (local),mandrake.jawa.patches,Patches/JawaTerrain_DuneSeas.xml,"/Defs/BiomeDef[defName=""AridShrubland""]/terrainPatchMakers"
Jawa Patches (local),mandrake.jawa.patches,Patches/JawaTerrain_DuneSeas.xml,"/Defs/BiomeDef[defName=""AridShrubland""]"
Jawa Patches (local),mandrake.jawa.patches,Patches/JawaTerrain_SaltPans.xml,"/Defs/BiomeDef[defName=""Desert""]/terrainPatchMakers"
Jawa Patches (local),mandrake.jawa.patches,Patches/JawaTerrain_SaltPans.xml,"/Defs/BiomeDef[defName=""Desert""]/terrainPatchMakers"
Jawa Patches (local),mandrake.jawa.patches,Patches/JawaTerrain_SaltPans.xml,"/Defs/BiomeDef[defName=""ExtremeDesert""]/terrainPatchMakers"
Jawa Patches (local),mandrake.jawa.patches,Patches/JawaTerrain_SaltPans.xml,"/Defs/BiomeDef[defName=""ExtremeDesert""]/terrainPatchMakers"
Jawa Patches (local),mandrake.jawa.patches,Patches/JawaTerrain_SaltPans.xml,"/Defs/BiomeDef[defName=""AridShrubland""]/terrainPatchMakers"
Jawa Patches (local),mandrake.jawa.patches,Patches/JawaTerrain_SaltPans.xml,"/Defs/BiomeDef[defName=""AridShrubland""]/terrainPatchMakers"
Jawa Patches (local),mandrake.jawa.patches,Patches/JawaTerrain_SaltPans.xml,"/Defs/BiomeDef[defName=""AridShrubland""]"
Jawa Patches (local),mandrake.jawa.patches,Patches/SpeciesStartingGear_Tuning.xml,"/Defs/PawnKindDef[defName=""OuterRim_Jawa""]/apparelRequired"
Jawa Patches (local),mandrake.jawa.patches,Patches/SpeciesStartingGear_Tuning.xml,"/Defs/PawnKindDef[defName=""OuterRim_Jawa""]"
Jawa Patches (local),mandrake.jawa.patches,Patches/SpeciesStartingGear_Tuning.xml,"/Defs/PawnKindDef[defName=""Jawa_Spawn_Hutt""]/apparelMoney"
Jawa Patches (local),mandrake.jawa.patches,Patches/SpeciesStartingGear_Tuning.xml,"/Defs/PawnKindDef[defName=""Jawa_Spawn_Hutt""]"
Jawa Patches (local),mandrake.jawa.patches,Patches/SWDesertWeather_Attach.xml,"/Defs/BiomeDef[defName=""Desert""]/baseWeatherCommonalities"
Jawa Patches (local),mandrake.jawa.patches,Patches/SWDesertWeather_Attach.xml,"/Defs/BiomeDef[defName=""Desert""]/baseWeatherCommonalities"
Jawa Patches (local),mandrake.jawa.patches,Patches/SWDesertWeather_Attach.xml,"/Defs/BiomeDef[defName=""ExtremeDesert""]/baseWeatherCommonalities"
Jawa Patches (local),mandrake.jawa.patches,Patches/SWDesertWeather_Attach.xml,"/Defs/BiomeDef[defName=""ExtremeDesert""]/baseWeatherCommonalities"
Jawa Patches (local),mandrake.jawa.patches,Patches/SWDesertWeather_Attach.xml,"/Defs/BiomeDef[defName=""AridShrubland""]/baseWeatherCommonalities"
Jawa Patches (local),mandrake.jawa.patches,Patches/SWDesertWeather_Attach.xml,"/Defs/BiomeDef[defName=""AridShrubland""]/baseWeatherCommonalities"
Jawa Patches (local),mandrake.jawa.patches,Patches/SWDesertWeather_Attach.xml,"/Defs/BiomeDef[defName=""ZBiome_DesertOasis""]/baseWeatherCommonalities"
Jawa Patches (local),mandrake.jawa.patches,Patches/SWDesertWeather_Attach.xml,"/Defs/BiomeDef[defName=""ZBiome_DesertOasis""]/baseWeatherCommonalities"
Jawa Patches (local),mandrake.jawa.patches,Patches/SWDesertWeather_Attach.xml,"/Defs/BiomeDef[defName=""ZBiome_Badlands""]/baseWeatherCommonalities"
Jawa Patches (local),mandrake.jawa.patches,Patches/SWDesertWeather_Attach.xml,"/Defs/BiomeDef[defName=""ZBiome_Badlands""]/baseWeatherCommonalities"
Jawa Patches (local),mandrake.jawa.patches,Patches/SWDesertWeather_Attach.xml,"/Defs/BiomeDef[defName=""AB_PyroclasticConflagration""]/baseWeatherCommonalities"
Jawa Patches (local),mandrake.jawa.patches,Patches/SWDesertWeather_Attach.xml,"/Defs/BiomeDef[defName=""AB_PyroclasticConflagration""]/baseWeatherCommonalities"
Jawa Patches (local),mandrake.jawa.patches,Patches/SWDesertWeather_Attach.xml,"/Defs/BiomeDef[defName=""Volcano""]/baseWeatherCommonalities"
Jawa Patches (local),mandrake.jawa.patches,Patches/SWDesertWeather_Attach.xml,"/Defs/BiomeDef[defName=""Volcano""]/baseWeatherCommonalities"
