defType,defName,modName,currentLabelOrText,tier,oneLineWhy
MentalBreakDef,FireTerror,Biotech,mentalState=PanicFleeFire,COMMON,Biotech base mechanic — any pawn panics and flees from a nearby fire; fires happen routinely in colony life.
MentalBreakDef,BedroomTantrum,Core,mentalState=BedroomTantrum,COMMON,"Core vanilla mental break — reachable by any pawn via the base mood-threshold system, no faction/precept/xenotype gate."
MentalBreakDef,Berserk,Core,mentalState=Berserk,COMMON,"Core vanilla mental break — reachable by any pawn via the base mood-threshold system, no faction/precept/xenotype gate."
MentalBreakDef,Binging_DrugExtreme,Core,mentalState=Binging_DrugExtreme,COMMON,"Core vanilla mental break — reachable by any pawn via the base mood-threshold system, no faction/precept/xenotype gate."
MentalBreakDef,Binging_DrugMajor,Core,mentalState=Binging_DrugMajor,COMMON,"Core vanilla mental break — reachable by any pawn via the base mood-threshold system, no faction/precept/xenotype gate."
MentalBreakDef,Binging_Food,Core,mentalState=Binging_Food,COMMON,"Core vanilla mental break — reachable by any pawn via the base mood-threshold system, no faction/precept/xenotype gate."
MentalBreakDef,Catatonic,Core,mentalState=,COMMON,"Core vanilla mental break — reachable by any pawn via the base mood-threshold system, no faction/precept/xenotype gate."
MentalBreakDef,CorpseObsession,Core,mentalState=CorpseObsession,COMMON,"Core vanilla mental break — reachable by any pawn via the base mood-threshold system, no faction/precept/xenotype gate."
MentalBreakDef,GiveUpExit,Core,mentalState=GiveUpExit,COMMON,"Core vanilla mental break — reachable by any pawn via the base mood-threshold system, no faction/precept/xenotype gate."
MentalBreakDef,InsultingSpree,Core,mentalState=InsultingSpree,COMMON,"Core vanilla mental break — reachable by any pawn via the base mood-threshold system, no faction/precept/xenotype gate."
MentalBreakDef,Jailbreaker,Core,mentalState=Jailbreaker,COMMON,"Core vanilla mental break — reachable by any pawn via the base mood-threshold system, no faction/precept/xenotype gate."
MentalBreakDef,MurderousRage,Core,mentalState=MurderousRage,COMMON,"Core vanilla mental break — reachable by any pawn via the base mood-threshold system, no faction/precept/xenotype gate."
MentalBreakDef,RunWild,Core,mentalState=,COMMON,"Core vanilla mental break — reachable by any pawn via the base mood-threshold system, no faction/precept/xenotype gate."
MentalBreakDef,SadisticRage,Core,mentalState=SadisticRage,COMMON,"Core vanilla mental break — reachable by any pawn via the base mood-threshold system, no faction/precept/xenotype gate."
MentalBreakDef,Slaughterer,Core,mentalState=Slaughterer,COMMON,"Core vanilla mental break — reachable by any pawn via the base mood-threshold system, no faction/precept/xenotype gate."
MentalBreakDef,Tantrum,Core,mentalState=Tantrum,COMMON,"Core vanilla mental break — reachable by any pawn via the base mood-threshold system, no faction/precept/xenotype gate."
MentalBreakDef,TargetedInsultingSpree,Core,mentalState=TargetedInsultingSpree,COMMON,"Core vanilla mental break — reachable by any pawn via the base mood-threshold system, no faction/precept/xenotype gate."
MentalBreakDef,TargetedTantrum,Core,mentalState=TargetedTantrum,COMMON,"Core vanilla mental break — reachable by any pawn via the base mood-threshold system, no faction/precept/xenotype gate."
MentalBreakDef,Wander_OwnRoom,Core,mentalState=Wander_OwnRoom,COMMON,"Core vanilla mental break — reachable by any pawn via the base mood-threshold system, no faction/precept/xenotype gate."
MentalBreakDef,Wander_Psychotic,Core,mentalState=Wander_Psychotic,COMMON,"Core vanilla mental break — reachable by any pawn via the base mood-threshold system, no faction/precept/xenotype gate."
MentalBreakDef,Wander_Sad,Core,mentalState=Wander_Sad,COMMON,"Core vanilla mental break — reachable by any pawn via the base mood-threshold system, no faction/precept/xenotype gate."
MentalBreakDef,Rebellion,Ideology,mentalState=Rebellion,COMMON,"Vanilla Ideology slave-rebellion mental break — explicitly hooked by this campaign's Unbending/Broken rebellion-walk design (pawn_flavor_design.md), core to the permanent slave economy."
MentalBreakDef,ABF_MentalBreak_Synstruct_FriendlyGrassObsession,ABF: Synstructs Core,mentalState=ABF_MentalState_Synstruct_FriendlyGrassObsession,OCCASIONAL,ABF: Synstructs is the confirmed droid/synthetic pawn framework; fires only for synstruct (droid) pawns.
MentalBreakDef,ABF_MentalBreak_Synstruct_HostileGrassObsession,ABF: Synstructs Core,mentalState=ABF_MentalState_Synstruct_HostileGrassObsession,OCCASIONAL,ABF: Synstructs is the confirmed droid/synthetic pawn framework; fires only for synstruct (droid) pawns.
MentalBreakDef,FireStartingSpree,Core,mentalState=FireStartingSpree,OCCASIONAL,"Requires the Pyromaniac trait — common trait, but not every pawn has it."
MentalBreakDef,IdeoChange,Ideology,mentalState=IdeoChange,OCCASIONAL,"Fires only when a pawn's ideoligion is actively being converted — happens with captives/converts, not routine."
MentalBreakDef,Turn_MentalBreak_FreeSpiritRampage,Integrated Genes,mentalState=Turn_MentalState_Rampage,OCCASIONAL,"Integrated Genes is weakly evidenced as live (genome_register.html review); worker is slave/prisoner-specific, fits the campaign's slave economy — inference, not directly confirmed."
MentalBreakDef,Turn_MentalBreak_TerrifiedFaintingSpell,Integrated Genes,mentalState=,OCCASIONAL,Integrated Genes is weakly evidenced as live; not individually confirmed.
MentalBreakDef,OuterRim_MSLooseScrews,Outer Rim - Droid Depot,mentalState=OuterRim_MSLooseScrews,OCCASIONAL,Outer Rim - Droid Depot is adopted (required_mods.md); requires the OuterRim_LooseScrews droid quirk trait.
MentalBreakDef,OuterRim_MSRebellious,Outer Rim - Droid Depot,mentalState=OuterRim_MSRebellious,OCCASIONAL,Outer Rim - Droid Depot is adopted; requires the OuterRim_Rebellious droid quirk trait.
MentalBreakDef,VTE_Kleptomaniac,Vanilla Traits Expanded,mentalState=VTE_Kleptomaniac,OCCASIONAL,Vanilla Traits Expanded is a confirmed live trait-pool mod; this break needs the matching VTE trait.
MentalBreakDef,VTE_PanicFreezing,Vanilla Traits Expanded,mentalState=VTE_PanicFreezing,OCCASIONAL,Requires the VTE_Anxious trait specifically.
MentalBreakDef,VTE_TechnophobeTantrum,Vanilla Traits Expanded,mentalState=VTE_TechnophobeTantrum,OCCASIONAL,Requires a VTE technophobe-type trait.
ThoughtDef,AteBabyFood,Biotech,ate baby food | I had to eat watery slop made for a child. It's not just tasteless; it's demoralizing.,COMMON,Biotech DLC is live; text matches a routine mood-trigger keyword (food/sleep/social/environment/health) — reachable through ordinary colony play.
ThoughtDef,BabySick,Biotech,my baby {BABY_nameDef} is sick | My baby is sick. I'm terrified something bad will happen to my baby. | my babies are sick | My babies are sick. I'm terrified something bad will ha...,COMMON,Biotech DLC is live; text matches a routine mood-trigger keyword (food/sleep/social/environment/health) — reachable through ordinary colony play.
ThoughtDef,BloodfeederDied_Revered,Biotech,"bloodfeeder died | The bloodfeeders stand above us, yet one has died here. We will surely be punished for this.",COMMON,Biotech DLC is live; text matches a routine mood-trigger keyword (food/sleep/social/environment/health) — reachable through ordinary colony play.
ThoughtDef,BloodfeederDied_Reviled,Biotech,bloodfeeder died | The only good bloodfeeder is a dead one.,COMMON,Biotech DLC is live; text matches a routine mood-trigger keyword (food/sleep/social/environment/health) — reachable through ordinary colony play.
ThoughtDef,Bloodfeeder_ReveredBloodfeeder,Biotech,"revered bloodfeeder | Let them worship me. Feeding upon them places them below me, as animals are below humans.",COMMON,Biotech DLC is live; text matches a routine mood-trigger keyword (food/sleep/social/environment/health) — reachable through ordinary colony play.
ThoughtDef,ChildLabor_Encouraged_ChildAssignedRecreation,Biotech,children assigned recreation | Why are we letting children waste their youth on games?,COMMON,Biotech DLC is live; text matches a routine mood-trigger keyword (food/sleep/social/environment/health) — reachable through ordinary colony play.
ThoughtDef,ChildLabor_Encouraged_ChildAssignedWork,Biotech,children assigned work | It's upsetting to see children forced to work. They only get one childhood.,COMMON,Biotech DLC is live; text matches a routine mood-trigger keyword (food/sleep/social/environment/health) — reachable through ordinary colony play.
ThoughtDef,CribQuality,Biotech,good crib | This crib is comfy. | excellent crib | This crib is very comfy. | masterwork crib | This crib is amazing. So comfortable. | legendary crib | This crib is wonderful. So ...,COMMON,Biotech DLC is live; text matches a routine mood-trigger keyword (food/sleep/social/environment/health) — reachable through ordinary colony play.
ThoughtDef,GrowthVat_Prohibited_GrowthVatInColony,Biotech,growth vat | I hate the thought of that awful growth vat being in our colony.,COMMON,Biotech DLC is live; text matches a routine mood-trigger keyword (food/sleep/social/environment/health) — reachable through ordinary colony play.
ThoughtDef,Miscarried,Biotech,miscarried | I lost my child.,COMMON,Biotech DLC is live; text matches a routine mood-trigger keyword (food/sleep/social/environment/health) — reachable through ordinary colony play.
ThoughtDef,MyBirthMotherDied,Biotech,my birth mother {0} died | My birth mother died. She's gone forever. It's like a hole in my life.,COMMON,Biotech DLC is live; text matches a routine mood-trigger keyword (food/sleep/social/environment/health) — reachable through ordinary colony play.
ThoughtDef,PartnerMiscarried,Biotech,{0} miscarried | My child's story ended before it started.,COMMON,Biotech DLC is live; text matches a routine mood-trigger keyword (food/sleep/social/environment/health) — reachable through ordinary colony play.
ThoughtDef,PsychicBond,Biotech,psychic bond,COMMON,Biotech DLC is live; text matches a routine mood-trigger keyword (food/sleep/social/environment/health) — reachable through ordinary colony play.
ThoughtDef,PsychicBondProximity,Biotech,"psychic bond | The bond brings us together, sharing feelings and thoughts. It's like a friend who is always with me. | psychic bond distance | The distance makes it so hard to hear...",COMMON,Biotech DLC is live; text matches a routine mood-trigger keyword (food/sleep/social/environment/health) — reachable through ordinary colony play.
ThoughtDef,PsychicBondTorn,Biotech,psychic bond torn ({0}) | My psychic bond with {OTHERPAWN} was torn apart. I feel like part of my mind and emotions are missing.,COMMON,Biotech DLC is live; text matches a routine mood-trigger keyword (food/sleep/social/environment/health) — reachable through ordinary colony play.
ThoughtDef,Pyrophobia,Biotech,afraid of fire | The flames make me so nervous. Such searing heat - I feel like it will leap at me at any moment!,COMMON,Biotech DLC is live; text matches a routine mood-trigger keyword (food/sleep/social/environment/health) — reachable through ordinary colony play.
ThoughtDef,Recluse,Biotech,"recluse alone | It's a relief not to have to think about other people. | recluse in small group | I'm happy I don't have too many people to think about. Alone would be better, but ...",COMMON,Biotech DLC is live; text matches a routine mood-trigger keyword (food/sleep/social/environment/health) — reachable through ordinary colony play.
ThoughtDef,ScanningSickness,Biotech,scanning sickness | Ever since that scan I've been dizzy and I can't think.,COMMON,Biotech DLC is live; text matches a routine mood-trigger keyword (food/sleep/social/environment/health) — reachable through ordinary colony play.
ThoughtDef,Stillbirth,Biotech,stillbirth | My child died during labor.,COMMON,Biotech DLC is live; text matches a routine mood-trigger keyword (food/sleep/social/environment/health) — reachable through ordinary colony play.
ThoughtDef,SunlightSensitivity_Major,Biotech,sunlight sensitivity | The sunlight burns my eyes and my skin feels like it's being scorched.,COMMON,Biotech DLC is live; text matches a routine mood-trigger keyword (food/sleep/social/environment/health) — reachable through ordinary colony play.
ThoughtDef,SunlightSensitivity_Mild,Biotech,sunlight sensitivity | The sun hurts my eyes and my skin is tingling unpleasantly.,COMMON,Biotech DLC is live; text matches a routine mood-trigger keyword (food/sleep/social/environment/health) — reachable through ordinary colony play.
ThoughtDef,AlcoholWithdrawal,Core,alcohol withdrawal | Feeling shaky. Everything pisses me off. I keep thinking of drinking.,COMMON,Core DLC is live; text matches a routine mood-trigger keyword (food/sleep/social/environment/health) — reachable through ordinary colony play.
ThoughtDef,AmbrosiaWithdrawal,Core,ambrosia withdrawal | I feel heavy and cold all the time. I never thought I'd want a piece of fruit so much.,COMMON,Core DLC is live; text matches a routine mood-trigger keyword (food/sleep/social/environment/health) — reachable through ordinary colony play.
ThoughtDef,Ascetic,Core,ascetic has awful bedroom | My bedroom is just how I want it to be. Very humble and simple. | ascetic has dull bedroom | My bedroom is just how I want it to be. Very humble and sim...,COMMON,Core DLC is live; text matches a routine mood-trigger keyword (food/sleep/social/environment/health) — reachable through ordinary colony play.
ThoughtDef,AteCorpse,Core,ate corpse | I had to eat the flesh of a dead creature without even butchering or cooking it.,COMMON,Core DLC is live; text matches a routine mood-trigger keyword (food/sleep/social/environment/health) — reachable through ordinary colony play.
ThoughtDef,AteFineMeal,Core,ate fine meal | I ate a really tasty fine meal. Yum!,COMMON,Core DLC is live; text matches a routine mood-trigger keyword (food/sleep/social/environment/health) — reachable through ordinary colony play.
ThoughtDef,AteHumanlikeMeatAsIngredient,Core,cooked cannibalism | I ate a meal made from the meat of another human. This is horrible.,COMMON,Core DLC is live; text matches a routine mood-trigger keyword (food/sleep/social/environment/health) — reachable through ordinary colony play.
ThoughtDef,AteHumanlikeMeatAsIngredientCannibal,Core,cooked cannibalism | I ate a meal made from the meat of another human. So pleasurable. If only I had some fava beans and a nice chianti.,COMMON,Core DLC is live; text matches a routine mood-trigger keyword (food/sleep/social/environment/health) — reachable through ordinary colony play.
ThoughtDef,AteHumanlikeMeatDirect,Core,"raw cannibalism | I ate the meat of another human, raw, like an animal. This is a nightmare.",COMMON,Core DLC is live; text matches a routine mood-trigger keyword (food/sleep/social/environment/health) — reachable through ordinary colony play.
ThoughtDef,AteHumanlikeMeatDirectCannibal,Core,"raw cannibalism | I ate the meat of another human, raw, like an animal. It was so... succulent.",COMMON,Core DLC is live; text matches a routine mood-trigger keyword (food/sleep/social/environment/health) — reachable through ordinary colony play.
ThoughtDef,AteInImpressiveDiningRoom,Core,decent dining room | I ate my meal in a decent dining room. | slightly impressive dining room | I ate my meal in a slightly impressive dining room. | somewhat impressive dining roo...,COMMON,Core DLC is live; text matches a routine mood-trigger keyword (food/sleep/social/environment/health) — reachable through ordinary colony play.
ThoughtDef,AteInsectMeatAsIngredient,Core,"ate cooked insect meat | I ate a meal cooked from gray, slimy insect meat. The seasoning partly covered the taste, but there were glands and fluid pockets in there that I can't ide...",COMMON,Core DLC is live; text matches a routine mood-trigger keyword (food/sleep/social/environment/health) — reachable through ordinary colony play.
ThoughtDef,AteInsectMeatDirect,Core,"ate insect meat | I ate some gray, slimy insect meat. It was, possibly, the most disgusting thing I've ever tasted.",COMMON,Core DLC is live; text matches a routine mood-trigger keyword (food/sleep/social/environment/health) — reachable through ordinary colony play.
ThoughtDef,AteKibble,Core,ate kibble | I had to eat animal kibble. It's like I don't get to be human any more.,COMMON,Core DLC is live; text matches a routine mood-trigger keyword (food/sleep/social/environment/health) — reachable through ordinary colony play.
ThoughtDef,AteLavishMeal,Core,ate lavish meal | That lavish meal was amazing. It nourished my body and my soul.,COMMON,Core DLC is live; text matches a routine mood-trigger keyword (food/sleep/social/environment/health) — reachable through ordinary colony play.
ThoughtDef,AteNutrientPasteMeal,Core,"ate nutrient paste meal | I had to eat a disgusting, tasteless meal. I know it keeps you alive, but nobody wants to swallow that glop.",COMMON,Core DLC is live; text matches a routine mood-trigger keyword (food/sleep/social/environment/health) — reachable through ordinary colony play.
ThoughtDef,AteRawFood,Core,ate raw food | I had to eat raw food. We should be cooking that kind of food before eating it. We're not animals.,COMMON,Core DLC is live; text matches a routine mood-trigger keyword (food/sleep/social/environment/health) — reachable through ordinary colony play.
ThoughtDef,AteRawHumanlikeMeat,Core,ate raw humanlike meat,COMMON,Core DLC is live; text matches a routine mood-trigger keyword (food/sleep/social/environment/health) — reachable through ordinary colony play.
ThoughtDef,AteRottenFood,Core,"ate rotten food | I ate some disgusting, putrid food. It was melting in my mouth - but not in a good way.",COMMON,Core DLC is live; text matches a routine mood-trigger keyword (food/sleep/social/environment/health) — reachable through ordinary colony play.
ThoughtDef,AteWithoutTable,Core,ate without table | I had to eat a meal off the ground. Can't we get a table around here?,COMMON,Core DLC is live; text matches a routine mood-trigger keyword (food/sleep/social/environment/health) — reachable through ordinary colony play.
ThoughtDef,BondedAnimalBanished,Core,bonded animal {0} banished | My bonded animal was banished!,COMMON,Core DLC is live; text matches a routine mood-trigger keyword (food/sleep/social/environment/health) — reachable through ordinary colony play.
ThoughtDef,BondedAnimalDied,Core,"bonded animal {0} died | Such a tender, unique animal. This universe is evil!",COMMON,Core DLC is live; text matches a routine mood-trigger keyword (food/sleep/social/environment/health) — reachable through ordinary colony play.
ThoughtDef,BondedAnimalLost,Core,"bonded animal {0} lost | Such a tender, unique animal. This universe is evil!",COMMON,Core DLC is live; text matches a routine mood-trigger keyword (food/sleep/social/environment/health) — reachable through ordinary colony play.
ThoughtDef,BondedAnimalMaster,Core,{0}'s master | Being together with my bonded animal makes me feel better. | master of {0} | Being together with my bonded animals makes me feel better.,COMMON,Core DLC is live; text matches a routine mood-trigger keyword (food/sleep/social/environment/health) — reachable through ordinary colony play.
ThoughtDef,BondedAnimalReleased,Core,"bonded animal {0} released | Such a tender, unique animal. Why did it have to go?",COMMON,Core DLC is live; text matches a routine mood-trigger keyword (food/sleep/social/environment/health) — reachable through ordinary colony play.
ThoughtDef,BrawlerUnhappy,Core,brawler has ranged weapon | I hate shooting from a distance. I want to get up close and personal!,COMMON,Core DLC is live; text matches a routine mood-trigger keyword (food/sleep/social/environment/health) — reachable through ordinary colony play.
ThoughtDef,BrokeUpWithMe,Core,broke up with me,COMMON,Core DLC is live; text matches a routine mood-trigger keyword (food/sleep/social/environment/health) — reachable through ordinary colony play.
ThoughtDef,ButcheredHumanlikeCorpse,Core,I butchered humanlike | I butchered someone up like an animal.,COMMON,Core DLC is live; text matches a routine mood-trigger keyword (food/sleep/social/environment/health) — reachable through ordinary colony play.
ThoughtDef,ButcheredHumanlikeCorpseOpinion,Core,butchered humanlike corpse,COMMON,Core DLC is live; text matches a routine mood-trigger keyword (food/sleep/social/environment/health) — reachable through ordinary colony play.
ThoughtDef,CheatedOnMe,Core,cheated on me,COMMON,Core DLC is live; text matches a routine mood-trigger keyword (food/sleep/social/environment/health) — reachable through ordinary colony play.
ThoughtDef,CheatedOnMeMood,Core,cheated on by {0} | How could someone cheat on me!,COMMON,Core DLC is live; text matches a routine mood-trigger keyword (food/sleep/social/environment/health) — reachable through ordinary colony play.
ThoughtDef,ClothedNudist,Core,constraining clothes | I'm a nudist but I have to wear these clothes. It's not unbearable - but I still feel constrained and uncomfortable.,COMMON,Core DLC is live; text matches a routine mood-trigger keyword (food/sleep/social/environment/health) — reachable through ordinary colony play.
ThoughtDef,ColonistBanishedToDie,Core,colonist banished to death | We banished someone in such a way that there's almost no way they'll survive.,COMMON,Core DLC is live; text matches a routine mood-trigger keyword (food/sleep/social/environment/health) — reachable through ordinary colony play.
ThoughtDef,ColonistLeftUnburied,Core,colonist left unburied | One of us died and we're just leaving them lying in the open. Nobody should be left like that. People deserve a decent burial.,COMMON,Core DLC is live; text matches a routine mood-trigger keyword (food/sleep/social/environment/health) — reachable through ordinary colony play.
ThoughtDef,ColonyPrisonerEscaped,Core,Colonist prisoner escaped | Can't we keep control of our own people? I feel like anything could happen to me here.,COMMON,Core DLC is live; text matches a routine mood-trigger keyword (food/sleep/social/environment/health) — reachable through ordinary colony play.
ThoughtDef,DeadMansApparel,Core,tainted {0} | I am wearing a piece of apparel that someone died in. It creeps me out and feels dirty. | tainted {0} (+1) | I am wearing two pieces of apparel that someone died in. ...,COMMON,Core DLC is live; text matches a routine mood-trigger keyword (food/sleep/social/environment/health) — reachable through ordinary colony play.
ThoughtDef,DoingPassionateWork,Core,"minor passion for my work | I enjoy my work. | burning passion for my work | I love my work. I could do this all day, every day.",COMMON,Core DLC is live; text matches a routine mood-trigger keyword (food/sleep/social/environment/health) — reachable through ordinary colony play.
ThoughtDef,DrugDesireFascination,Core,chemical want | I'm fascinated by drugs. I want to experience them more. | chemical hunger | I'm fascinated by drugs. I want to experience them a lot harder. | chemical starvation ...,COMMON,Core DLC is live; text matches a routine mood-trigger keyword (food/sleep/social/environment/health) — reachable through ordinary colony play.
ThoughtDef,DrugDesireFascinationSatisfied,Core,"chemical comfort | I'm fascinated by drugs, and I love satisfying my desires. | chemical satisfaction | I'm fascinated by drugs, and I am fully satisfied with my drug consumption.",COMMON,Core DLC is live; text matches a routine mood-trigger keyword (food/sleep/social/environment/health) — reachable through ordinary colony play.
ThoughtDef,DrugDesireInterest,Core,chemical want | I'm interested in drugs. I want to try more. | chemical hunger | I'm interested in drugs. I want to experience a lot more. | chemical starvation | I'm interested in...,COMMON,Core DLC is live; text matches a routine mood-trigger keyword (food/sleep/social/environment/health) — reachable through ordinary colony play.
ThoughtDef,DrugDesireInterestSatisfied,Core,chemical comfort | I'm interested in drugs. I enjoyed satisfying my desire. | chemical satisfaction | I'm interested in drugs. I am really satisfied with all the drugs I've gotten ...,COMMON,Core DLC is live; text matches a routine mood-trigger keyword (food/sleep/social/environment/health) — reachable through ordinary colony play.
ThoughtDef,Drunk,Core,drunk,COMMON,Core DLC is live; text matches a routine mood-trigger keyword (food/sleep/social/environment/health) — reachable through ordinary colony play.
ThoughtDef,EnvironmentCold,Core,"chilly | I'm uncomfortably cold. | cold | I'm so cold, I'm shivering. | numbing cold | I can't stop shivering. My teeth are chattering. All I can think of is getting warm. | absolu...",COMMON,Core DLC is live; text matches a routine mood-trigger keyword (food/sleep/social/environment/health) — reachable through ordinary colony play.
ThoughtDef,EnvironmentDark,Core,darkness | I've been in the dark for a while. I don't like it.,COMMON,Core DLC is live; text matches a routine mood-trigger keyword (food/sleep/social/environment/health) — reachable through ordinary colony play.
ThoughtDef,EnvironmentHot,Core,sweaty | It's too hot here. I'm sweating. | hot | It's way too hot here. If I could just have a breath of cool air... | sweltering hot | I feel like I'm in an oven! I'm not sure ho...,COMMON,Core DLC is live; text matches a routine mood-trigger keyword (food/sleep/social/environment/health) — reachable through ordinary colony play.
ThoughtDef,ExecutedPrisoner,Core,executed prisoner,COMMON,Core DLC is live; text matches a routine mood-trigger keyword (food/sleep/social/environment/health) — reachable through ordinary colony play.
ThoughtDef,ForcedMeToTakeDrugs,Core,forced me to take drugs,COMMON,Core DLC is live; text matches a routine mood-trigger keyword (food/sleep/social/environment/health) — reachable through ordinary colony play.
ThoughtDef,ForcedMeToTakeDrugsMood,Core,forced to take drugs | I'm a teetotaler; I would never take drugs by choice. But I was forced! I feel unclean.,COMMON,Core DLC is live; text matches a routine mood-trigger keyword (food/sleep/social/environment/health) — reachable through ordinary colony play.
ThoughtDef,ForcedMeToTakeLuciferiumMood,Core,forced to take luciferium | I'm a body purist; I would never take luciferium by choice. But I was forced! I feel unclean.,COMMON,Core DLC is live; text matches a routine mood-trigger keyword (food/sleep/social/environment/health) — reachable through ordinary colony play.
ThoughtDef,GoJuiceHigh,Core,"high on go-juice | I feel pumped but steady. I am the bullet in flight, ready to cut through you.",COMMON,Core DLC is live; text matches a routine mood-trigger keyword (food/sleep/social/environment/health) — reachable through ordinary colony play.
ThoughtDef,GoJuiceWithdrawal,Core,"go-juice withdrawal | I'm all fuzzy and can't think straight. My limbs feel heavy, I'm tired and hungry, everything hurts. And why won't my eyes focus properly?",COMMON,Core DLC is live; text matches a routine mood-trigger keyword (food/sleep/social/environment/health) — reachable through ordinary colony play.
ThoughtDef,GotMarried,Core,got married to {0} | I got married! It's so wonderful to be starting a new life together!,COMMON,Core DLC is live; text matches a routine mood-trigger keyword (food/sleep/social/environment/health) — reachable through ordinary colony play.
ThoughtDef,Greedy,Core,greedy for impressive bedroom | I'm greedy. I want a really impressive bedroom. | greedy for impressive bedroom | I'm greedy. My room is pathetic! I want a really impressive bedroo...,COMMON,Core DLC is live; text matches a routine mood-trigger keyword (food/sleep/social/environment/health) — reachable through ordinary colony play.
ThoughtDef,HadAngeringFight,Core,angering fight,COMMON,Core DLC is live; text matches a routine mood-trigger keyword (food/sleep/social/environment/health) — reachable through ordinary colony play.
ThoughtDef,HadCatharticFight,Core,cathartic fight,COMMON,Core DLC is live; text matches a routine mood-trigger keyword (food/sleep/social/environment/health) — reachable through ordinary colony play.
ThoughtDef,HappyNude,Core,happily nude | I'm nude and loving it! I feel so free and unconstrained and in touch with my surroundings!,COMMON,Core DLC is live; text matches a routine mood-trigger keyword (food/sleep/social/environment/health) — reachable through ordinary colony play.
ThoughtDef,HardWorkerVsLazy,Core,hard worker vs lazy,COMMON,Core DLC is live; text matches a routine mood-trigger keyword (food/sleep/social/environment/health) — reachable through ordinary colony play.
ThoughtDef,HoldingMePrisoner,Core,holding me prisoner,COMMON,Core DLC is live; text matches a routine mood-trigger keyword (food/sleep/social/environment/health) — reachable through ordinary colony play.
ThoughtDef,HospitalPatientRoomStats,Core,awful hospital | This hospital is awful. | dull hospital | I'm stuck in a dull hospital. | slightly impressive hospital | My hospital is slightly impressive. It makes me feel a bit...,COMMON,Core DLC is live; text matches a routine mood-trigger keyword (food/sleep/social/environment/health) — reachable through ordinary colony play.
ThoughtDef,HumanLeatherApparelHappy,Core,human leather {0} | I enjoy wearing the suffering of others. | human leather {0} (+1) | This will scare them. All will know my power. | human leather {0} (+2) | The faces on my clo...,COMMON,Core DLC is live; text matches a routine mood-trigger keyword (food/sleep/social/environment/health) — reachable through ordinary colony play.
ThoughtDef,Hungover,Core,mild hangover | The headache is almost gone. | serious hangover | My head hurts from all that liquor. | pounding hangover | It feels like a gaggle of geese are pecking at my skull.,COMMON,Core DLC is live; text matches a routine mood-trigger keyword (food/sleep/social/environment/health) — reachable through ordinary colony play.
ThoughtDef,Inebriated,Core,alcohol warmth | I just feel a bit more relaxed after that drink. That's good. | quite inebriated | I'm a bit wobbly! And this is quite enjoyable. | drunk | I feel so uninhibited a...,COMMON,Core DLC is live; text matches a routine mood-trigger keyword (food/sleep/social/environment/health) — reachable through ordinary colony play.
ThoughtDef,Insulted,Core,insulted,COMMON,Core DLC is live; text matches a routine mood-trigger keyword (food/sleep/social/environment/health) — reachable through ordinary colony play.
ThoughtDef,InsultedMood,Core,insulted | I've been directly insulted! What an awful person!,COMMON,Core DLC is live; text matches a routine mood-trigger keyword (food/sleep/social/environment/health) — reachable through ordinary colony play.
ThoughtDef,Jealous,Core,jealous of {0}'s bedroom | I need to have the best one!,COMMON,Core DLC is live; text matches a routine mood-trigger keyword (food/sleep/social/environment/health) — reachable through ordinary colony play.
ThoughtDef,JoyActivityInImpressiveRecRoom,Core,decent rec room | I had fun in a decent rec room. | slightly impressive rec room | I had fun in a nice rec room. | somewhat impressive rec room | I had a great time in an impressiv...,COMMON,Core DLC is live; text matches a routine mood-trigger keyword (food/sleep/social/environment/health) — reachable through ordinary colony play.
ThoughtDef,KilledColonyAnimal,Core,killed colony animal,COMMON,Core DLC is live; text matches a routine mood-trigger keyword (food/sleep/social/environment/health) — reachable through ordinary colony play.
ThoughtDef,KilledMyBondedAnimal,Core,killed my bonded animal,COMMON,Core DLC is live; text matches a routine mood-trigger keyword (food/sleep/social/environment/health) — reachable through ordinary colony play.
ThoughtDef,KilledMyFriend,Core,killed my friend,COMMON,Core DLC is live; text matches a routine mood-trigger keyword (food/sleep/social/environment/health) — reachable through ordinary colony play.
ThoughtDef,KilledMyLover,Core,killed my lover,COMMON,Core DLC is live; text matches a routine mood-trigger keyword (food/sleep/social/environment/health) — reachable through ordinary colony play.
ThoughtDef,KnowButcheredHumanlikeCorpse,Core,we butchered humanlike | We butchered someone up like an animal.,COMMON,Core DLC is live; text matches a routine mood-trigger keyword (food/sleep/social/environment/health) — reachable through ordinary colony play.
ThoughtDef,KnowColonistDied,Core,colonist died | One of our people died. We should be able to take care of our people.,COMMON,Core DLC is live; text matches a routine mood-trigger keyword (food/sleep/social/environment/health) — reachable through ordinary colony play.
ThoughtDef,KnowColonistExecuted,Core,"justified execution of colonist | A guilty colonist was executed. It was justified, but still sad. | colonist euthanized | A colonist was euthanized. It was humane, but still sad. ...",COMMON,Core DLC is live; text matches a routine mood-trigger keyword (food/sleep/social/environment/health) — reachable through ordinary colony play.
ThoughtDef,KnowGuestExecuted,Core,"justified execution | A guilty prisoner or guest was executed. It was justified, but still sad. | someone was euthanized | A prisoner or guest was euthanized. It was humane, but st...",COMMON,Core DLC is live; text matches a routine mood-trigger keyword (food/sleep/social/environment/health) — reachable through ordinary colony play.
ThoughtDef,KnowGuestOrganHarvested,Core,"someone's organ harvested | The colony took body parts from a guest or prisoner. It's horrible, breaking someone down for parts when they have no choice.",COMMON,Core DLC is live; text matches a routine mood-trigger keyword (food/sleep/social/environment/health) — reachable through ordinary colony play.
ThoughtDef,KnowPrisonerSold,Core,prisoner sold | This colony sold a prisoner into slavery. That's a worrying thought.,COMMON,Core DLC is live; text matches a routine mood-trigger keyword (food/sleep/social/environment/health) — reachable through ordinary colony play.
ThoughtDef,MasochistPain,Core,"masochist in minor pain | Ow... Heh heh heh... I could get used to this! | masochist in serious pain | Ughhh... It hurts, but I love it! Keep it coming! | masochist in intense pain...",COMMON,Core DLC is live; text matches a routine mood-trigger keyword (food/sleep/social/environment/health) — reachable through ordinary colony play.
ThoughtDef,MyAuntDied,Core,my aunt {0} died | My aunt died.,COMMON,Core DLC is live; text matches a routine mood-trigger keyword (food/sleep/social/environment/health) — reachable through ordinary colony play.
ThoughtDef,MyBrotherDied,Core,my brother {0} died | My brother died. My own flesh and blood...,COMMON,Core DLC is live; text matches a routine mood-trigger keyword (food/sleep/social/environment/health) — reachable through ordinary colony play.
ThoughtDef,MyCousinDied,Core,my cousin {0} died | My cousin died. My own flesh and blood...,COMMON,Core DLC is live; text matches a routine mood-trigger keyword (food/sleep/social/environment/health) — reachable through ordinary colony play.
ThoughtDef,MyDaughterDied,Core,my daughter {0} died | My daughter is dead. My own flesh and blood...,COMMON,Core DLC is live; text matches a routine mood-trigger keyword (food/sleep/social/environment/health) — reachable through ordinary colony play.
ThoughtDef,MyFatherDied,Core,my father {0} died | My father died. He's gone forever.,COMMON,Core DLC is live; text matches a routine mood-trigger keyword (food/sleep/social/environment/health) — reachable through ordinary colony play.
ThoughtDef,MyFianceDied,Core,my fiance {0} died | My fiance died. Such a man... my future is gone.,COMMON,Core DLC is live; text matches a routine mood-trigger keyword (food/sleep/social/environment/health) — reachable through ordinary colony play.
ThoughtDef,MyFianceeDied,Core,my fiancée {0} died | My fiancée died. Such a woman... my future is gone.,COMMON,Core DLC is live; text matches a routine mood-trigger keyword (food/sleep/social/environment/health) — reachable through ordinary colony play.
ThoughtDef,MyGrandchildDied,Core,my grandchild {0} died | My grandchild died. My own flesh and blood...,COMMON,Core DLC is live; text matches a routine mood-trigger keyword (food/sleep/social/environment/health) — reachable through ordinary colony play.
ThoughtDef,MyGrandparentDied,Core,my grandparent {0} died | My grandparent died.,COMMON,Core DLC is live; text matches a routine mood-trigger keyword (food/sleep/social/environment/health) — reachable through ordinary colony play.
ThoughtDef,MyHalfSiblingDied,Core,my half-sibling {0} died | My half-sibling died. My own flesh and blood...,COMMON,Core DLC is live; text matches a routine mood-trigger keyword (food/sleep/social/environment/health) — reachable through ordinary colony play.
ThoughtDef,MyHusbandDied,Core,my husband {0} died | My husband is dead. I am alone.,COMMON,Core DLC is live; text matches a routine mood-trigger keyword (food/sleep/social/environment/health) — reachable through ordinary colony play.
ThoughtDef,MyKinDied,Core,my kin {0} died | My kin died.,COMMON,Core DLC is live; text matches a routine mood-trigger keyword (food/sleep/social/environment/health) — reachable through ordinary colony play.
ThoughtDef,MyLoverDied,Core,my lover {0} died | My lover died. I am so alone.,COMMON,Core DLC is live; text matches a routine mood-trigger keyword (food/sleep/social/environment/health) — reachable through ordinary colony play.
ThoughtDef,MyLoverLost,Core,my lover {0} lost | My lover has gone lost. I hope he will get back to us someday.,COMMON,Core DLC is live; text matches a routine mood-trigger keyword (food/sleep/social/environment/health) — reachable through ordinary colony play.
ThoughtDef,MyMotherDied,Core,my mother {0} died | My mother died. She's gone forever.,COMMON,Core DLC is live; text matches a routine mood-trigger keyword (food/sleep/social/environment/health) — reachable through ordinary colony play.
ThoughtDef,MyNephewDied,Core,my nephew {0} died | My nephew died. Such a wonderful child.,COMMON,Core DLC is live; text matches a routine mood-trigger keyword (food/sleep/social/environment/health) — reachable through ordinary colony play.
ThoughtDef,MyNieceDied,Core,my niece {0} died | My niece died. Such a wonderful child.,COMMON,Core DLC is live; text matches a routine mood-trigger keyword (food/sleep/social/environment/health) — reachable through ordinary colony play.
ThoughtDef,MySisterDied,Core,my sister {0} died | My sister died. My own flesh and blood...,COMMON,Core DLC is live; text matches a routine mood-trigger keyword (food/sleep/social/environment/health) — reachable through ordinary colony play.
ThoughtDef,MySonDied,Core,my son {0} died | My son is dead. My own flesh and blood...,COMMON,Core DLC is live; text matches a routine mood-trigger keyword (food/sleep/social/environment/health) — reachable through ordinary colony play.
ThoughtDef,MyUncleDied,Core,my uncle {0} died | My uncle died.,COMMON,Core DLC is live; text matches a routine mood-trigger keyword (food/sleep/social/environment/health) — reachable through ordinary colony play.
ThoughtDef,MyWifeDied,Core,my wife {0} died | My wife is dead. I am alone.,COMMON,Core DLC is live; text matches a routine mood-trigger keyword (food/sleep/social/environment/health) — reachable through ordinary colony play.
ThoughtDef,Naked,Core,naked | I'm naked. This is humiliating.,COMMON,Core DLC is live; text matches a routine mood-trigger keyword (food/sleep/social/environment/health) — reachable through ordinary colony play.
ThoughtDef,NeedBeauty,Core,hideous environment | This place is unbearably grotesque. I can't look at this any more. | ugly environment | This place is really ugly. I wish I didn't have to look at this any mo...,COMMON,Core DLC is live; text matches a routine mood-trigger keyword (food/sleep/social/environment/health) — reachable through ordinary colony play.
ThoughtDef,NeedFood,Core,hungry | I'm really hungry. | ravenously hungry | These hunger pangs are hard to ignore. | malnourished | It's been so long since I ate. I'm all fuzzy and it's hard to focus. My bo...,COMMON,Core DLC is live; text matches a routine mood-trigger keyword (food/sleep/social/environment/health) — reachable through ordinary colony play.
ThoughtDef,NeedJoy,Core,"recreation-starved | It's been so long since I did anything for fun on my own time. | recreation-deprived | We need more variation in recreation activities, and I need time to enjo...",COMMON,Core DLC is live; text matches a routine mood-trigger keyword (food/sleep/social/environment/health) — reachable through ordinary colony play.
ThoughtDef,NeedOutdoors,Core,entombed underground | I've been underground too long. I feel like the weight of this mountain is crushing me. I need to see the sky and feel the wind. | trapped underground | How ...,COMMON,Core DLC is live; text matches a routine mood-trigger keyword (food/sleep/social/environment/health) — reachable through ordinary colony play.
ThoughtDef,NeedRest,Core,drowsy | I haven't slept in a while. It's hard to keep focus. | tired | I'm so tired. I just want to lay down and rest for a few minutes... | exhausted | I'm so exhausted I can bar...,COMMON,Core DLC is live; text matches a routine mood-trigger keyword (food/sleep/social/environment/health) — reachable through ordinary colony play.
ThoughtDef,NeedRoomSize,Core,confined interior | This space is so tiny. I feel like a rat in a cage. | cramped interior | This room is too small. I wish I had more space to move around and breathe. | spacious ...,COMMON,Core DLC is live; text matches a routine mood-trigger keyword (food/sleep/social/environment/health) — reachable through ordinary colony play.
ThoughtDef,NewColonyHope,Core,"initial hope | I'm getting used to this, but it's still an exciting new situation. I hope this works out...",COMMON,Core DLC is live; text matches a routine mood-trigger keyword (food/sleep/social/environment/health) — reachable through ordinary colony play.
ThoughtDef,NightOwlDuringTheDay,Core,night owl in daytime | I don't like working during the day.,COMMON,Core DLC is live; text matches a routine mood-trigger keyword (food/sleep/social/environment/health) — reachable through ordinary colony play.
ThoughtDef,NotBondedAnimalMaster,Core,not {0}'s master | I should be together with my bonded animal. | not master of {0} | I should be together with my bonded animals.,COMMON,Core DLC is live; text matches a routine mood-trigger keyword (food/sleep/social/environment/health) — reachable through ordinary colony play.
ThoughtDef,Nuzzled,Core,"nuzzled | A cute animal nuzzled me. | nuzzled | It is so cute, and supportive, and loving... I feel fulfilled and refreshed.",COMMON,Core DLC is live; text matches a routine mood-trigger keyword (food/sleep/social/environment/health) — reachable through ordinary colony play.
ThoughtDef,ObservedLayingCorpse,Core,observed corpse | I saw a dead body laying on the ground. It was disturbing.,COMMON,Core DLC is live; text matches a routine mood-trigger keyword (food/sleep/social/environment/health) — reachable through ordinary colony play.
ThoughtDef,ObservedLayingRottingCorpse,Core,observed rotting corpse | I saw a rotting corpse laying on the ground. It was disgusting.,COMMON,Core DLC is live; text matches a routine mood-trigger keyword (food/sleep/social/environment/health) — reachable through ordinary colony play.
ThoughtDef,Pain,Core,minor pain | Ow... That hurts. | serious pain | Ughhh... When will it end? | intense pain | Make it stop... make it stop... make it stop... | mind-shattering pain | AAAAAHHH!,COMMON,Core DLC is live; text matches a routine mood-trigger keyword (food/sleep/social/environment/health) — reachable through ordinary colony play.
ThoughtDef,PawnWithBadOpinionDied,Core,my rival {0} died | Serves them right. At least there's some justice in this world.,COMMON,Core DLC is live; text matches a routine mood-trigger keyword (food/sleep/social/environment/health) — reachable through ordinary colony play.
ThoughtDef,PawnWithGoodOpinionDied,Core,"my friend {0} died | Such a wonderful person, gone forever. The universe gets darker every day.",COMMON,Core DLC is live; text matches a routine mood-trigger keyword (food/sleep/social/environment/health) — reachable through ordinary colony play.
ThoughtDef,PawnWithGoodOpinionLost,Core,"my friend {0} lost | Such a wonderful person, lost. The universe gets darker every day.",COMMON,Core DLC is live; text matches a routine mood-trigger keyword (food/sleep/social/environment/health) — reachable through ordinary colony play.
ThoughtDef,PrisonBarracks,Core,awful barracks | My prison barracks is an awful place. | dull barracks | I'm living in a dull barracks. | slightly impressive barracks | My prison barracks is slightly impressive. ...,COMMON,Core DLC is live; text matches a routine mood-trigger keyword (food/sleep/social/environment/health) — reachable through ordinary colony play.
ThoughtDef,PrisonCell,Core,"awful prison cell | My prison cell is an awful place. | mediocre prison cell | My prison cell is dull. Still, could be worse. | decent prison cell | My prison cell is pretty decent...",COMMON,Core DLC is live; text matches a routine mood-trigger keyword (food/sleep/social/environment/health) — reachable through ordinary colony play.
ThoughtDef,PrisonerBanishedToDie,Core,prisoner banished to death | We banished a prisoner in such a way that there's almost no way they'll survive.,COMMON,Core DLC is live; text matches a routine mood-trigger keyword (food/sleep/social/environment/health) — reachable through ordinary colony play.
ThoughtDef,ProsthophileHappy,Core,body modder pleased | This artificial enhancement is cool. I want more. | body modder quite pleased | Two artificial enhancements are better than one. I wish I had more. | body mod...,COMMON,Core DLC is live; text matches a routine mood-trigger keyword (food/sleep/social/environment/health) — reachable through ordinary colony play.
ThoughtDef,ProsthophobeUnhappy,Core,"body purist squeamish | I hate having this unnatural enhancement. I feel filthy! | body purist disgusted | Two artificial enhancements are sullying my natural, pure body. It makes ...",COMMON,Core DLC is live; text matches a routine mood-trigger keyword (food/sleep/social/environment/health) — reachable through ordinary colony play.
ThoughtDef,PsychicDrone,Core,"psychic soothe | It's like a calming voice at the back of my mind, soothing me, settling my nerves. | low psychic drone | It's like a scratching at the back of my mind. A voice, wh...",COMMON,Core DLC is live; text matches a routine mood-trigger keyword (food/sleep/social/environment/health) — reachable through ordinary colony play.
ThoughtDef,PyroUsed,Core,used flame weapon | The searing heat will make my foes beautiful!,COMMON,Core DLC is live; text matches a routine mood-trigger keyword (food/sleep/social/environment/health) — reachable through ordinary colony play.
ThoughtDef,RebuffedMyRomanceAttemptMood,Core,"rebuffed by {0} | I attempted to create a romance, but I got the cold shoulder. Feels bad man.",COMMON,Core DLC is live; text matches a routine mood-trigger keyword (food/sleep/social/environment/health) — reachable through ordinary colony play.
ThoughtDef,RejectedMyProposalMood,Core,my proposal was rejected by {0} | I thought we were meant to marry. But I was just shot down.,COMMON,Core DLC is live; text matches a routine mood-trigger keyword (food/sleep/social/environment/health) — reachable through ordinary colony play.
ThoughtDef,ReleasedHealthyPrisoner,Core,prisoner released | We released a healthy prisoner. It feels good to know we even treat prisoners well.,COMMON,Core DLC is live; text matches a routine mood-trigger keyword (food/sleep/social/environment/health) — reachable through ordinary colony play.
ThoughtDef,RotStink,Core,rot stink | A rotten stink invades my nostrils and sticks to my skin. It makes me sick. | awful rot stink | The stench of rot is so thick I almost feel like I'm swimming in it. I c...,COMMON,Core DLC is live; text matches a routine mood-trigger keyword (food/sleep/social/environment/health) — reachable through ordinary colony play.
ThoughtDef,SharedBed,Core,sharing bed | I have to share a bed with someone who I don't particularly want to.,COMMON,Core DLC is live; text matches a routine mood-trigger keyword (food/sleep/social/environment/health) — reachable through ordinary colony play.
ThoughtDef,Sick,Core,sick | I don't feel very well.,COMMON,Core DLC is live; text matches a routine mood-trigger keyword (food/sleep/social/environment/health) — reachable through ordinary colony play.
ThoughtDef,SkillBookPassion,Core,interesting textbook | This book covers a topic I'm passionate about. It's interesting. | amazing textbook | This book covers a topic I'm very passionate about. It's captivating.,COMMON,Core DLC is live; text matches a routine mood-trigger keyword (food/sleep/social/environment/health) — reachable through ordinary colony play.
ThoughtDef,SleepDisturbed,Core,disturbed sleep | I was disturbed during sleep by people moving around nearby. A private room would solve this.,COMMON,Core DLC is live; text matches a routine mood-trigger keyword (food/sleep/social/environment/health) — reachable through ordinary colony play.
ThoughtDef,SleptInBarracks,Core,"awful barracks | I had to sleep in an awful barracks. Not only was it a horrible room, but I also had to share it! | dull barracks | I had to sleep in a dull barracks. Not only tha...",COMMON,Core DLC is live; text matches a routine mood-trigger keyword (food/sleep/social/environment/health) — reachable through ordinary colony play.
ThoughtDef,SleptInBedroom,Core,awful bedroom | I had to sleep in an awful room. | mediocre bedroom | I slept in a mediocre bedroom. Better than the alternative. | decent bedroom | I got to sleep in a pretty dece...,COMMON,Core DLC is live; text matches a routine mood-trigger keyword (food/sleep/social/environment/health) — reachable through ordinary colony play.
ThoughtDef,SleptInCold,Core,slept in the cold | I had to sleep in the cold. We really need some heaters.,COMMON,Core DLC is live; text matches a routine mood-trigger keyword (food/sleep/social/environment/health) — reachable through ordinary colony play.
ThoughtDef,SleptInHeat,Core,slept in the heat | I had to sleep in unbearable heat. Can't we have air conditioning?,COMMON,Core DLC is live; text matches a routine mood-trigger keyword (food/sleep/social/environment/health) — reachable through ordinary colony play.
ThoughtDef,SleptOnGround,Core,slept on ground | I had to sleep on the ground like an animal.,COMMON,Core DLC is live; text matches a routine mood-trigger keyword (food/sleep/social/environment/health) — reachable through ordinary colony play.
ThoughtDef,SleptOutside,Core,slept outside | I had to sleep outdoors without any protection from the elements.,COMMON,Core DLC is live; text matches a routine mood-trigger keyword (food/sleep/social/environment/health) — reachable through ordinary colony play.
ThoughtDef,Slighted,Core,slighted,COMMON,Core DLC is live; text matches a routine mood-trigger keyword (food/sleep/social/environment/health) — reachable through ordinary colony play.
ThoughtDef,SoldMyBondedAnimal,Core,bonded animal given away | My special bonded animal was given away!,COMMON,Core DLC is live; text matches a routine mood-trigger keyword (food/sleep/social/environment/health) — reachable through ordinary colony play.
ThoughtDef,SoldMyBondedAnimalMood,Core,bonded animal given away | My special bonded animal was given away!,COMMON,Core DLC is live; text matches a routine mood-trigger keyword (food/sleep/social/environment/health) — reachable through ordinary colony play.
ThoughtDef,SoldMyLovedOne,Core,loved one sold | Someone I love was sold to a trader like a piece of meat!,COMMON,Core DLC is live; text matches a routine mood-trigger keyword (food/sleep/social/environment/health) — reachable through ordinary colony play.
ThoughtDef,SoldPrisoner,Core,sold prisoner to slavery,COMMON,Core DLC is live; text matches a routine mood-trigger keyword (food/sleep/social/environment/health) — reachable through ordinary colony play.
ThoughtDef,TeetotalerVsAddict,Core,teetotaler vs addict,COMMON,Core DLC is live; text matches a routine mood-trigger keyword (food/sleep/social/environment/health) — reachable through ordinary colony play.
ThoughtDef,ToxicFallout,Core,"toxic fallout | Sickly yellow toxic flakes drift around me like snow. The air burns my skin, throat, and lungs everywhere it touches.",COMMON,Core DLC is live; text matches a routine mood-trigger keyword (food/sleep/social/environment/health) — reachable through ordinary colony play.
ThoughtDef,TravelAnticipation,Core,eager to travel | I've been preparing this caravan for a while. I'm looking forward to the upcoming journey. | excited to travel | So much thought and preparation have gone into th...,COMMON,Core DLC is live; text matches a routine mood-trigger keyword (food/sleep/social/environment/health) — reachable through ordinary colony play.
ThoughtDef,UndergrounderIndoors,Core,undergrounder indoors | I like working or simply being indoors.,COMMON,Core DLC is live; text matches a routine mood-trigger keyword (food/sleep/social/environment/health) — reachable through ordinary colony play.
ThoughtDef,UndergrounderUnderground,Core,underground | I love working or simply being in the underground.,COMMON,Core DLC is live; text matches a routine mood-trigger keyword (food/sleep/social/environment/health) — reachable through ordinary colony play.
ThoughtDef,WantToSleepWithSpouseOrLover,Core,sleeping alone | I should be sleeping with a lover or spouse.,COMMON,Core DLC is live; text matches a routine mood-trigger keyword (food/sleep/social/environment/health) — reachable through ordinary colony play.
ThoughtDef,WasImprisoned,Core,"was imprisoned | The colony had me in jail for a while, like a caged animal.",COMMON,Core DLC is live; text matches a routine mood-trigger keyword (food/sleep/social/environment/health) — reachable through ordinary colony play.
ThoughtDef,WitnessedDeathAlly,Core,"witnessed ally's death | I saw one of my people die. They were alive one moment, and dead the next.",COMMON,Core DLC is live; text matches a routine mood-trigger keyword (food/sleep/social/environment/health) — reachable through ordinary colony play.
ThoughtDef,WitnessedDeathBloodlust,Core,witnessed death with bloodlust | I saw someone die! That was intense!,COMMON,Core DLC is live; text matches a routine mood-trigger keyword (food/sleep/social/environment/health) — reachable through ordinary colony play.
ThoughtDef,WitnessedDeathFamily,Core,witnessed family member's death | I saw a member of my family die. My own flesh and blood...,COMMON,Core DLC is live; text matches a routine mood-trigger keyword (food/sleep/social/environment/health) — reachable through ordinary colony play.
ThoughtDef,WitnessedDeathNonAlly,Core,"witnessed outsider's death | I saw someone die. They were alive one moment, and dead the next.",COMMON,Core DLC is live; text matches a routine mood-trigger keyword (food/sleep/social/environment/health) — reachable through ordinary colony play.
ThoughtDef,AdministeredDrug_Horrible,Ideology,administered drug | I administered a drug. It was a horrible offense against my beliefs.,COMMON,Ideology DLC is live; text matches a routine mood-trigger keyword (food/sleep/social/environment/health) — reachable through ordinary colony play.
ThoughtDef,AdministeredDrug_Know_Horrible,Ideology,administered drug,COMMON,Ideology DLC is live; text matches a routine mood-trigger keyword (food/sleep/social/environment/health) — reachable through ordinary colony play.
ThoughtDef,AdministeredHardDrug_Horrible,Ideology,administered hard drug | I administered a hard drug - not medical or even social. It was a horrible offense against my beliefs.,COMMON,Ideology DLC is live; text matches a routine mood-trigger keyword (food/sleep/social/environment/health) — reachable through ordinary colony play.
ThoughtDef,AdministeredHardDrug_Know_Horrible,Ideology,administered hard drug,COMMON,Ideology DLC is live; text matches a routine mood-trigger keyword (food/sleep/social/environment/health) — reachable through ordinary colony play.
ThoughtDef,AdministeredRecreationalDrug_Horrible,Ideology,administered recreational drug | I administered a recreational drug. It was a horrible offense against my beliefs.,COMMON,Ideology DLC is live; text matches a routine mood-trigger keyword (food/sleep/social/environment/health) — reachable through ordinary colony play.
ThoughtDef,AdministeredRecreationalDrug_Know_Horrible,Ideology,administered recreational drug,COMMON,Ideology DLC is live; text matches a routine mood-trigger keyword (food/sleep/social/environment/health) — reachable through ordinary colony play.
ThoughtDef,AgeReversalDemanded,Ideology,harmful aging | I'm getting old. I should get an age reversal in a biosculpter pod. | terrible aging | My youth is draining away. I should get an age reversal in a biosculpter pod....,COMMON,Ideology DLC is live; text matches a routine mood-trigger keyword (food/sleep/social/environment/health) — reachable through ordinary colony play.
ThoughtDef,AgeReversalReceived,Ideology,"received age reversal | Aging and death have no hold on me. I am forever, as an enhanced human ought to be.",COMMON,Ideology DLC is live; text matches a routine mood-trigger keyword (food/sleep/social/environment/health) — reachable through ordinary colony play.
ThoughtDef,AteFungusAsIngredient_Despised,Ideology,ate fungus cooked | That whole meal smelled like a dead rat left in a stagnant pool.,COMMON,Ideology DLC is live; text matches a routine mood-trigger keyword (food/sleep/social/environment/health) — reachable through ordinary colony play.
ThoughtDef,AteFungusAsIngredient_Preferred,Ideology,ate cooked fungus | I ate a meal with fungus. Is there any dish it doesn't complement?,COMMON,Ideology DLC is live; text matches a routine mood-trigger keyword (food/sleep/social/environment/health) — reachable through ordinary colony play.
ThoughtDef,AteFungus_Despised,Ideology,ate fungus raw | That fungus smelled like damp rags and tasted no better.,COMMON,Ideology DLC is live; text matches a routine mood-trigger keyword (food/sleep/social/environment/health) — reachable through ordinary colony play.
ThoughtDef,AteFungus_Preferred,Ideology,ate fungus | I ate some fungus and it was just what I like!,COMMON,Ideology DLC is live; text matches a routine mood-trigger keyword (food/sleep/social/environment/health) — reachable through ordinary colony play.
ThoughtDef,AteHumanMeat_Abhorrent,Ideology,ate human meat | I had to eat human meat. This is an offense against everything I believe.,COMMON,Ideology DLC is live; text matches a routine mood-trigger keyword (food/sleep/social/environment/health) — reachable through ordinary colony play.
ThoughtDef,AteHumanMeat_Disapproved,Ideology,ate human meat | I had to eat human meat. I believe such actions are wrong.,COMMON,Ideology DLC is live; text matches a routine mood-trigger keyword (food/sleep/social/environment/health) — reachable through ordinary colony play.
ThoughtDef,AteHumanMeat_Horrible,Ideology,ate human meat | I had to eat human meat. This was a horrible thing.,COMMON,Ideology DLC is live; text matches a routine mood-trigger keyword (food/sleep/social/environment/health) — reachable through ordinary colony play.
ThoughtDef,AteHumanMeat_Know_Abhorrent,Ideology,ate human meat,COMMON,Ideology DLC is live; text matches a routine mood-trigger keyword (food/sleep/social/environment/health) — reachable through ordinary colony play.
ThoughtDef,AteHumanMeat_Know_Disapproved,Ideology,ate human meat,COMMON,Ideology DLC is live; text matches a routine mood-trigger keyword (food/sleep/social/environment/health) — reachable through ordinary colony play.
ThoughtDef,AteHumanMeat_Know_Horrible,Ideology,ate human meat,COMMON,Ideology DLC is live; text matches a routine mood-trigger keyword (food/sleep/social/environment/health) — reachable through ordinary colony play.
ThoughtDef,AteHumanMeat_Preferred,Ideology,ate human meat | I ate human meat. It makes me feel noble and strong.,COMMON,Ideology DLC is live; text matches a routine mood-trigger keyword (food/sleep/social/environment/health) — reachable through ordinary colony play.
ThoughtDef,AteHumanMeat_RequiredRavenous,Ideology,"ate human meat | I ate human meat! The world is right, and I am as I should be.",COMMON,Ideology DLC is live; text matches a routine mood-trigger keyword (food/sleep/social/environment/health) — reachable through ordinary colony play.
ThoughtDef,AteHumanMeat_RequiredStrong,Ideology,"ate human meat | I ate human meat, as every real human should.",COMMON,Ideology DLC is live; text matches a routine mood-trigger keyword (food/sleep/social/environment/health) — reachable through ordinary colony play.
ThoughtDef,AteInsectMeatAsIngredient_Loved,Ideology,ate cooked insect meat | I ate a meal that contained insect meat. I could still taste hints of bug-slime!,COMMON,Ideology DLC is live; text matches a routine mood-trigger keyword (food/sleep/social/environment/health) — reachable through ordinary colony play.
ThoughtDef,AteInsectMeat_Loved,Ideology,ate insect meat | I ate some insect meat. So smooth and succulent.,COMMON,Ideology DLC is live; text matches a routine mood-trigger keyword (food/sleep/social/environment/health) — reachable through ordinary colony play.
ThoughtDef,AteMeat_Abhorrent,Ideology,ate meat | I had to eat meat. It was an abhorrent violation of everything I believe.,COMMON,Ideology DLC is live; text matches a routine mood-trigger keyword (food/sleep/social/environment/health) — reachable through ordinary colony play.
ThoughtDef,AteMeat_Disapproved,Ideology,ate meat | I had to eat meat. It's not something I approve of.,COMMON,Ideology DLC is live; text matches a routine mood-trigger keyword (food/sleep/social/environment/health) — reachable through ordinary colony play.
ThoughtDef,AteMeat_Horrible,Ideology,ate meat | I had to eat meat. It was a horrible violation of my beliefs.,COMMON,Ideology DLC is live; text matches a routine mood-trigger keyword (food/sleep/social/environment/health) — reachable through ordinary colony play.
ThoughtDef,AteMeat_Know_Abhorrent,Ideology,ate meat,COMMON,Ideology DLC is live; text matches a routine mood-trigger keyword (food/sleep/social/environment/health) — reachable through ordinary colony play.
ThoughtDef,AteMeat_Know_Disapproved,Ideology,ate meat,COMMON,Ideology DLC is live; text matches a routine mood-trigger keyword (food/sleep/social/environment/health) — reachable through ordinary colony play.
ThoughtDef,AteMeat_Know_Horrible,Ideology,ate meat,COMMON,Ideology DLC is live; text matches a routine mood-trigger keyword (food/sleep/social/environment/health) — reachable through ordinary colony play.
ThoughtDef,AteNonCannibalFood_Abhorrent,Ideology,ate non-cannibal food | I had to eat food that wasn't taken from a human body. This is absolutely against my beliefs.,COMMON,Ideology DLC is live; text matches a routine mood-trigger keyword (food/sleep/social/environment/health) — reachable through ordinary colony play.
ThoughtDef,AteNonCannibalFood_Horrible,Ideology,ate non-cannibal food | I had to eat food that wasn't taken from a human body. My beliefs strictly forbid such things.,COMMON,Ideology DLC is live; text matches a routine mood-trigger keyword (food/sleep/social/environment/health) — reachable through ordinary colony play.
ThoughtDef,AteNonCannibalFood_Know_Abhorrent,Ideology,ate non-cannibal food,COMMON,Ideology DLC is live; text matches a routine mood-trigger keyword (food/sleep/social/environment/health) — reachable through ordinary colony play.
ThoughtDef,AteNonCannibalFood_Know_Horrible,Ideology,ate non-cannibal food,COMMON,Ideology DLC is live; text matches a routine mood-trigger keyword (food/sleep/social/environment/health) — reachable through ordinary colony play.
ThoughtDef,AteNonFungusMealWithPlants_Despised,Ideology,ate non-fungus plant cooked | I ate a meal with a plant of the light. I wish it were a fungus.,COMMON,Ideology DLC is live; text matches a routine mood-trigger keyword (food/sleep/social/environment/health) — reachable through ordinary colony play.
ThoughtDef,AteNonFungusPlant_Despised,Ideology,ate non-fungus plant raw | I had to eat a non-fungus plant food I despise. I much prefer fungus.,COMMON,Ideology DLC is live; text matches a routine mood-trigger keyword (food/sleep/social/environment/health) — reachable through ordinary colony play.
ThoughtDef,AteNonMeat_Abhorrent,Ideology,"ate vegetarian | I ate a meal without any meat. It was an abhorrent violation of the proper carnivore diet. Some eggs, milk, or processed food without vegetables would have also be...",COMMON,Ideology DLC is live; text matches a routine mood-trigger keyword (food/sleep/social/environment/health) — reachable through ordinary colony play.
ThoughtDef,AteNonMeat_Disapproved,Ideology,"ate vegetarian | I ate a meal without any meat. It was an unacceptable deviation from the proper carnivore diet. Some eggs, milk, or processed food without vegetables or would have...",COMMON,Ideology DLC is live; text matches a routine mood-trigger keyword (food/sleep/social/environment/health) — reachable through ordinary colony play.
ThoughtDef,AteNonMeat_Horrible,Ideology,"ate vegetarian | I ate a meal without any meat. It was an horrible violation of the proper carnivore diet. Some eggs, milk, or processed food without vegetables would have also bee...",COMMON,Ideology DLC is live; text matches a routine mood-trigger keyword (food/sleep/social/environment/health) — reachable through ordinary colony play.
ThoughtDef,AteNonMeat_Know_Abhorrent,Ideology,ate vegetarian,COMMON,Ideology DLC is live; text matches a routine mood-trigger keyword (food/sleep/social/environment/health) — reachable through ordinary colony play.
ThoughtDef,AteNonMeat_Know_Disapproved,Ideology,ate vegetarian,COMMON,Ideology DLC is live; text matches a routine mood-trigger keyword (food/sleep/social/environment/health) — reachable through ordinary colony play.
ThoughtDef,AteNonMeat_Know_Horrible,Ideology,ate vegetarian,COMMON,Ideology DLC is live; text matches a routine mood-trigger keyword (food/sleep/social/environment/health) — reachable through ordinary colony play.
ThoughtDef,AteVeneratedAnimalMeat,Ideology,ate venerated animal meat | I ate the flesh of a venerated animal. I've violated a most basic moral rule.,COMMON,Ideology DLC is live; text matches a routine mood-trigger keyword (food/sleep/social/environment/health) — reachable through ordinary colony play.
ThoughtDef,AwkwardExecution,Ideology,awkward execution | That execution was awkward. The incompetence on display made the whole thing feel unjustified.,COMMON,Ideology DLC is live; text matches a routine mood-trigger keyword (food/sleep/social/environment/health) — reachable through ordinary colony play.
ThoughtDef,Blindness_Elevated_HalfBlind,Ideology,half-blind | I am on my way to enlightenment through blindness.,COMMON,Ideology DLC is live; text matches a routine mood-trigger keyword (food/sleep/social/environment/health) — reachable through ordinary colony play.
ThoughtDef,Blindness_Sublime_HalfBlind,Ideology,half-blind | I am on the verge of true enlightenment through blindness.,COMMON,Ideology DLC is live; text matches a routine mood-trigger keyword (food/sleep/social/environment/health) — reachable through ordinary colony play.
ThoughtDef,BoringScarification,Ideology,boring scarification | That scarification lacked passion and the technique wasn't great.,COMMON,Ideology DLC is live; text matches a routine mood-trigger keyword (food/sleep/social/environment/health) — reachable through ordinary colony play.
ThoughtDef,CharityFulfilled_Essential_WandererJoins,Ideology,wanderer helped | We helped a desperate wanderer survive. I really am a good person!,COMMON,Ideology DLC is live; text matches a routine mood-trigger keyword (food/sleep/social/environment/health) — reachable through ordinary colony play.
ThoughtDef,CharityFulfilled_Important_WandererJoins,Ideology,wanderer helped | We helped a desperate wanderer survive. Helping others is the right thing to do.,COMMON,Ideology DLC is live; text matches a routine mood-trigger keyword (food/sleep/social/environment/health) — reachable through ordinary colony play.
ThoughtDef,CharityFulfilled_Worthwhile_WandererJoins,Ideology,wanderer helped | We helped a desperate wanderer survive. That's a good thing.,COMMON,Ideology DLC is live; text matches a routine mood-trigger keyword (food/sleep/social/environment/health) — reachable through ordinary colony play.
ThoughtDef,CharityRefused_Essential_IntroWimp,Ideology,noble not helped | We refused to help a desperate noble. It was deeply immoral.,COMMON,Ideology DLC is live; text matches a routine mood-trigger keyword (food/sleep/social/environment/health) — reachable through ordinary colony play.
ThoughtDef,CharityRefused_Essential_RefugeePodCrash,Ideology,"crashed refugee not helped | They were hurt and need of help, and we didn't help. How can I live with that?",COMMON,Ideology DLC is live; text matches a routine mood-trigger keyword (food/sleep/social/environment/health) — reachable through ordinary colony play.
ThoughtDef,CharityRefused_Important_IntroWimp,Ideology,noble not helped | We refused to help a desperate noble. We should have tried harder.,COMMON,Ideology DLC is live; text matches a routine mood-trigger keyword (food/sleep/social/environment/health) — reachable through ordinary colony play.
ThoughtDef,CharityRefused_Important_RefugeePodCrash,Ideology,"crashed refugee not helped | They were hurt and need of help, and we didn't help. Am I even a good person?",COMMON,Ideology DLC is live; text matches a routine mood-trigger keyword (food/sleep/social/environment/health) — reachable through ordinary colony play.
ThoughtDef,CharityRefused_Worthwhile_IntroWimp,Ideology,noble not helped | We refused to help a desperate noble. Perhaps I am not as charitable as I thought.,COMMON,Ideology DLC is live; text matches a routine mood-trigger keyword (food/sleep/social/environment/health) — reachable through ordinary colony play.
ThoughtDef,CharityRefused_Worthwhile_RefugeePodCrash,Ideology,"crashed refugee not helped | They were hurt and need of help, and we didn't help. It wasn't the best.",COMMON,Ideology DLC is live; text matches a routine mood-trigger keyword (food/sleep/social/environment/health) — reachable through ordinary colony play.
ThoughtDef,ConnectedTreeDied,Ideology,"Gauranlen death | My tree... its calming presence became pure pain, then went silent. Its suffering echoes in my mind...",COMMON,Ideology DLC is live; text matches a routine mood-trigger keyword (food/sleep/social/environment/health) — reachable through ordinary colony play.
ThoughtDef,CutTree_Disapproved,Ideology,cut tree | I had to cut down a tree. It was wrong to scar nature this way.,COMMON,Ideology DLC is live; text matches a routine mood-trigger keyword (food/sleep/social/environment/health) — reachable through ordinary colony play.
ThoughtDef,CutTree_Horrible,Ideology,cut tree | I had to cut down a tree. It was horrible to scar nature this way.,COMMON,Ideology DLC is live; text matches a routine mood-trigger keyword (food/sleep/social/environment/health) — reachable through ordinary colony play.
ThoughtDef,CutTree_Know_Horrible_Mood,Ideology,tree felled | We cut down a tree. It's wrong to scar nature this way.,COMMON,Ideology DLC is live; text matches a routine mood-trigger keyword (food/sleep/social/environment/health) — reachable through ordinary colony play.
ThoughtDef,Darklight_Preferred_BlindingLight,Ideology,blinding light | I cannot stand this terrible light. My senses are overwhelmed!,COMMON,Ideology DLC is live; text matches a routine mood-trigger keyword (food/sleep/social/environment/health) — reachable through ordinary colony play.
ThoughtDef,Darklight_Preferred_Darklight,Ideology,darklight | This dim light is perfect. I feel focused and energized.,COMMON,Ideology DLC is live; text matches a routine mood-trigger keyword (food/sleep/social/environment/health) — reachable through ordinary colony play.
ThoughtDef,Darklight_Preferred_IndoorLight,Ideology,indoor light | This indoor light is too bright. I would prefer something dimmer.,COMMON,Ideology DLC is live; text matches a routine mood-trigger keyword (food/sleep/social/environment/health) — reachable through ordinary colony play.
ThoughtDef,DryadDied,Ideology,"dryad died | My tree's dryad is gone forever. You shall be missed, little one.",COMMON,Ideology DLC is live; text matches a routine mood-trigger keyword (food/sleep/social/environment/health) — reachable through ordinary colony play.
ThoughtDef,Eclipse_Beautiful,Ideology,beautiful eclipse | I have a moment's respite from the blinding sunlight.,COMMON,Ideology DLC is live; text matches a routine mood-trigger keyword (food/sleep/social/environment/health) — reachable through ordinary colony play.
ThoughtDef,EnslavedPrisoner_Disapproved,Ideology,enslaved prisoner | I enslaved a person. It's hard to justify such actions.,COMMON,Ideology DLC is live; text matches a routine mood-trigger keyword (food/sleep/social/environment/health) — reachable through ordinary colony play.
ThoughtDef,EnslavedPrisoner_Honorable,Ideology,"enslaved prisoner | I took someone into slavery. With no choice, they had to submit to me.",COMMON,Ideology DLC is live; text matches a routine mood-trigger keyword (food/sleep/social/environment/health) — reachable through ordinary colony play.
ThoughtDef,EnslavedPrisoner_Horrible,Ideology,enslaved prisoner | I forced someone into slavery. How can I justify that?,COMMON,Ideology DLC is live; text matches a routine mood-trigger keyword (food/sleep/social/environment/health) — reachable through ordinary colony play.
ThoughtDef,EnslavedPrisoner_Know_Abhorrent,Ideology,enslaved prisoner,COMMON,Ideology DLC is live; text matches a routine mood-trigger keyword (food/sleep/social/environment/health) — reachable through ordinary colony play.
ThoughtDef,EnslavedPrisoner_Know_Disapproved,Ideology,enslaved prisoner,COMMON,Ideology DLC is live; text matches a routine mood-trigger keyword (food/sleep/social/environment/health) — reachable through ordinary colony play.
ThoughtDef,EnslavedPrisoner_Know_Disapproved_Mood,Ideology,prisoner enslaved | We enslaved someone. We shouldn't have done that.,COMMON,Ideology DLC is live; text matches a routine mood-trigger keyword (food/sleep/social/environment/health) — reachable through ordinary colony play.
ThoughtDef,EnslavedPrisoner_Know_Honorable,Ideology,enslaved prisoner,COMMON,Ideology DLC is live; text matches a routine mood-trigger keyword (food/sleep/social/environment/health) — reachable through ordinary colony play.
ThoughtDef,EnslavedPrisoner_Know_Horrible,Ideology,enslaved prisoner,COMMON,Ideology DLC is live; text matches a routine mood-trigger keyword (food/sleep/social/environment/health) — reachable through ordinary colony play.
ThoughtDef,EnslavedPrisoner_Know_Horrible_Mood,Ideology,prisoner enslaved | We enslaved someone. What a horrible thing to do to another human.,COMMON,Ideology DLC is live; text matches a routine mood-trigger keyword (food/sleep/social/environment/health) — reachable through ordinary colony play.
ThoughtDef,ExecutedColonist_Know_Abhorrent_Mood,Ideology,"justified execution of colonist | A guilty colonist was executed. It was justified, but still sad. | colonist euthanized | A colonist was euthanized. It was humane, but still sad. ...",COMMON,Ideology DLC is live; text matches a routine mood-trigger keyword (food/sleep/social/environment/health) — reachable through ordinary colony play.
ThoughtDef,ExecutedGuest_Know_Abhorrent_Mood,Ideology,"justified execution | A guilty prisoner or guest was executed. It was justified, but still sad. | someone was euthanized | A prisoner or guest was euthanized. It was humane, but st...",COMMON,Ideology DLC is live; text matches a routine mood-trigger keyword (food/sleep/social/environment/health) — reachable through ordinary colony play.
ThoughtDef,ExecutedPrisonerGuilty_Know_Respected,Ideology,executed guilty prisoner,COMMON,Ideology DLC is live; text matches a routine mood-trigger keyword (food/sleep/social/environment/health) — reachable through ordinary colony play.
ThoughtDef,ExecutedPrisonerGuilty_Know_Respected_Mood,Ideology,guilty prisoner executed | We executed a guilty prisoner. Justice has been served!,COMMON,Ideology DLC is live; text matches a routine mood-trigger keyword (food/sleep/social/environment/health) — reachable through ordinary colony play.
ThoughtDef,ExecutedPrisonerGuilty_Respected,Ideology,executed guilty prisoner | I executed a guilty prisoner. Justice has been served!,COMMON,Ideology DLC is live; text matches a routine mood-trigger keyword (food/sleep/social/environment/health) — reachable through ordinary colony play.
ThoughtDef,ExecutedPrisonerInnocent_Horrible,Ideology,executed innocent prisoner | I had to execute an innocent prisoner. It's a horrible offense against my beliefs.,COMMON,Ideology DLC is live; text matches a routine mood-trigger keyword (food/sleep/social/environment/health) — reachable through ordinary colony play.
ThoughtDef,ExecutedPrisonerInnocent_Know_Horrible,Ideology,executed innocent prisoner,COMMON,Ideology DLC is live; text matches a routine mood-trigger keyword (food/sleep/social/environment/health) — reachable through ordinary colony play.
ThoughtDef,ExecutedPrisoner_Horrible,Ideology,executed prisoner | I had to execute a prisoner. It's a horrible offense against my beliefs.,COMMON,Ideology DLC is live; text matches a routine mood-trigger keyword (food/sleep/social/environment/health) — reachable through ordinary colony play.
ThoughtDef,ExecutedPrisoner_Know_Abhorrent,Ideology,executed prisoner,COMMON,Ideology DLC is live; text matches a routine mood-trigger keyword (food/sleep/social/environment/health) — reachable through ordinary colony play.
ThoughtDef,ExecutedPrisoner_Know_Horrible,Ideology,executed prisoner,COMMON,Ideology DLC is live; text matches a routine mood-trigger keyword (food/sleep/social/environment/health) — reachable through ordinary colony play.
ThoughtDef,ExecutedPrisoner_Know_Respected,Ideology,executed prisoner,COMMON,Ideology DLC is live; text matches a routine mood-trigger keyword (food/sleep/social/environment/health) — reachable through ordinary colony play.
ThoughtDef,ExecutedPrisoner_Respected,Ideology,executed prisoner | I executed a prisoner. Victory has consequences.,COMMON,Ideology DLC is live; text matches a routine mood-trigger keyword (food/sleep/social/environment/health) — reachable through ordinary colony play.
ThoughtDef,Execution_Know_Respected_Mood,Ideology,execution | We executed a prisoner or guest. Our dominance is clear!,COMMON,Ideology DLC is live; text matches a routine mood-trigger keyword (food/sleep/social/environment/health) — reachable through ordinary colony play.
ThoughtDef,FailedConvertAbilityInitiator,Ideology,failed to convert {0} | I tried to convert someone and it didn't work out. Awkward.,COMMON,Ideology DLC is live; text matches a routine mood-trigger keyword (food/sleep/social/environment/health) — reachable through ordinary colony play.
ThoughtDef,FailedConvertIdeoAttemptResentment,Ideology,conversion resentment | Someone tried to convert me. I hate being proselytized this way.,COMMON,Ideology DLC is live; text matches a routine mood-trigger keyword (food/sleep/social/environment/health) — reachable through ordinary colony play.
ThoughtDef,GroinOrChestUncovered_Disapproved_Female,Ideology,uncovered groin/chest | I don't like displaying my private parts or my chest.,COMMON,Ideology DLC is live; text matches a routine mood-trigger keyword (food/sleep/social/environment/health) — reachable through ordinary colony play.
ThoughtDef,GroinOrChestUncovered_Disapproved_Male,Ideology,uncovered groin/chest | I don't like displaying my private parts or my chest.,COMMON,Ideology DLC is live; text matches a routine mood-trigger keyword (food/sleep/social/environment/health) — reachable through ordinary colony play.
ThoughtDef,GroinUncovered_Disapproved_Female,Ideology,uncovered groin | I shouldn't have my private parts hanging out.,COMMON,Ideology DLC is live; text matches a routine mood-trigger keyword (food/sleep/social/environment/health) — reachable through ordinary colony play.
ThoughtDef,GroinUncovered_Disapproved_Male,Ideology,uncovered groin | I shouldn't have my private parts hanging out.,COMMON,Ideology DLC is live; text matches a routine mood-trigger keyword (food/sleep/social/environment/health) — reachable through ordinary colony play.
ThoughtDef,GuiltyPrisonerDied_Know_Respected,Ideology,responsible for the death of a prisoner,COMMON,Ideology DLC is live; text matches a routine mood-trigger keyword (food/sleep/social/environment/health) — reachable through ordinary colony play.
ThoughtDef,GuiltyPrisonerDied_Respected,Ideology,guilty prisoner died (responsible) | I caused the death of a guilty prisoner. Let justice be served.,COMMON,Ideology DLC is live; text matches a routine mood-trigger keyword (food/sleep/social/environment/health) — reachable through ordinary colony play.
ThoughtDef,HasAutomatedTurrets_Disapproved,Ideology,automated weapons | We use automated weapons. It's really ugly to give life-and-death decision to a machine.,COMMON,Ideology DLC is live; text matches a routine mood-trigger keyword (food/sleep/social/environment/health) — reachable through ordinary colony play.
ThoughtDef,HasAutomatedTurrets_Horrible,Ideology,automated weapons | We use automated weapons. It's horrible to give life-and-death decisions to a machine.,COMMON,Ideology DLC is live; text matches a routine mood-trigger keyword (food/sleep/social/environment/health) — reachable through ordinary colony play.
ThoughtDef,HasAutomatedTurrets_Prohibited,Ideology,automated weapons | We use automated weapons. It's absolutely abhorrent to give life-and-death decisions to a machine.,COMMON,Ideology DLC is live; text matches a routine mood-trigger keyword (food/sleep/social/environment/health) — reachable through ordinary colony play.
ThoughtDef,HumanLeatherApparel_RequiredRavenous,Ideology,human leather {0} | I enjoy wearing the suffering of others. | human leather {0} (+1) | This will scare them. All will know my power. | human leather {0} (+2) | The faces on my clo...,COMMON,Ideology DLC is live; text matches a routine mood-trigger keyword (food/sleep/social/environment/health) — reachable through ordinary colony play.
ThoughtDef,HumanLeatherApparel_RequiredStrong,Ideology,human leather {0} | I enjoy wearing the faces of others. | human leather {0} (+1) | This will scare them. All will know my power. | human leather {0} (+2) | The faces on my clothes...,COMMON,Ideology DLC is live; text matches a routine mood-trigger keyword (food/sleep/social/environment/health) — reachable through ordinary colony play.
ThoughtDef,IdeoBuildingDisrespected,Ideology,"{BUILDING_labelCap} disrespected | We have {BUILDING_labelIndef}, but it needs to be placed in a room that satisfies the proper requirements.",COMMON,Ideology DLC is live; text matches a routine mood-trigger keyword (food/sleep/social/environment/health) — reachable through ordinary colony play.
ThoughtDef,IdeoDiverity_Abhorrent_AltarSharing,Ideology,false altar | The altar of a false belief is in the room with our {ALTAR_labelShort}! It's a disgusting violation of our sanctity.,COMMON,Ideology DLC is live; text matches a routine mood-trigger keyword (food/sleep/social/environment/health) — reachable through ordinary colony play.
ThoughtDef,IdeoDiverity_Disapproved_AltarSharing,Ideology,false altar | The altar of a false belief is in the room with our {ALTAR_labelShort}. It's wrong.,COMMON,Ideology DLC is live; text matches a routine mood-trigger keyword (food/sleep/social/environment/health) — reachable through ordinary colony play.
ThoughtDef,IdeoDiverity_Horrible_AltarSharing,Ideology,false altar | The altar of a false belief is in the room with our {ALTAR_labelShort}. It's a violation of our sanctity.,COMMON,Ideology DLC is live; text matches a routine mood-trigger keyword (food/sleep/social/environment/health) — reachable through ordinary colony play.
ThoughtDef,IdeoDiversity_Horrible_Uniform,Ideology,"uniform thoughts | Our community is free of filthy delusions, as it should be.",COMMON,Ideology DLC is live; text matches a routine mood-trigger keyword (food/sleep/social/environment/health) — reachable through ordinary colony play.
ThoughtDef,IdeoRoleApparelRequirementNotMet,Ideology,Want {ROLE_label} apparel | I want to wear apparel appropriate for my role as {ROLE_labelDef},COMMON,Ideology DLC is live; text matches a routine mood-trigger keyword (food/sleep/social/environment/health) — reachable through ordinary colony play.
ThoughtDef,IngestedDrug_Horrible,Ideology,used drug | I used a drug. Such chemicals in the body are a horrible offense against my beliefs.,COMMON,Ideology DLC is live; text matches a routine mood-trigger keyword (food/sleep/social/environment/health) — reachable through ordinary colony play.
ThoughtDef,IngestedDrug_Know_Horrible,Ideology,used drug,COMMON,Ideology DLC is live; text matches a routine mood-trigger keyword (food/sleep/social/environment/health) — reachable through ordinary colony play.
ThoughtDef,IngestedHardDrug_Horrible,Ideology,used hard drug | I used a hard drug - not medical or even social. It was a horrible offense against my beliefs.,COMMON,Ideology DLC is live; text matches a routine mood-trigger keyword (food/sleep/social/environment/health) — reachable through ordinary colony play.
ThoughtDef,IngestedHardDrug_Know_Horrible,Ideology,used hard drug,COMMON,Ideology DLC is live; text matches a routine mood-trigger keyword (food/sleep/social/environment/health) — reachable through ordinary colony play.
ThoughtDef,IngestedRecreationalDrug_Horrible,Ideology,used recreational drug | I used a recreational drug. It was an offense against my beliefs.,COMMON,Ideology DLC is live; text matches a routine mood-trigger keyword (food/sleep/social/environment/health) — reachable through ordinary colony play.
ThoughtDef,IngestedRecreationalDrug_Know_Horrible,Ideology,used recreational drug,COMMON,Ideology DLC is live; text matches a routine mood-trigger keyword (food/sleep/social/environment/health) — reachable through ordinary colony play.
ThoughtDef,InnocentPrisonerDied_Abhorrent,Ideology,innocent prisoner died (responsible) | I was responsible for the death of a prisoner. I must be truly evil.,COMMON,Ideology DLC is live; text matches a routine mood-trigger keyword (food/sleep/social/environment/health) — reachable through ordinary colony play.
ThoughtDef,InnocentPrisonerDied_Horrible,Ideology,innocent prisoner died (responsible) | I was responsible for the death of a prisoner. Am I not a terrible person?,COMMON,Ideology DLC is live; text matches a routine mood-trigger keyword (food/sleep/social/environment/health) — reachable through ordinary colony play.
ThoughtDef,InnocentPrisonerDied_Know_Abhorrent,Ideology,responsible for the death of a prisoner,COMMON,Ideology DLC is live; text matches a routine mood-trigger keyword (food/sleep/social/environment/health) — reachable through ordinary colony play.
ThoughtDef,InnocentPrisonerDied_Know_Horrible,Ideology,responsible for the death of a prisoner,COMMON,Ideology DLC is live; text matches a routine mood-trigger keyword (food/sleep/social/environment/health) — reachable through ordinary colony play.
ThoughtDef,KilledInnocentAnimal_Disapproved,Ideology,killed innocent {0} | I had to kill an innocent animal. It was not something I approve of.,COMMON,Ideology DLC is live; text matches a routine mood-trigger keyword (food/sleep/social/environment/health) — reachable through ordinary colony play.
ThoughtDef,KilledInnocentAnimal_Horrible,Ideology,killed innocent {0} | I had to kill an innocent animal. It was almost like being forced to murder.,COMMON,Ideology DLC is live; text matches a routine mood-trigger keyword (food/sleep/social/environment/health) — reachable through ordinary colony play.
ThoughtDef,KilledInnocentAnimal_Know_Abhorrent,Ideology,killed innocent animal,COMMON,Ideology DLC is live; text matches a routine mood-trigger keyword (food/sleep/social/environment/health) — reachable through ordinary colony play.
ThoughtDef,KilledInnocentAnimal_Know_Abhorrent_Mood,Ideology,"innocent animal killed | An innocent, adorable animal was killed! That's murder!",COMMON,Ideology DLC is live; text matches a routine mood-trigger keyword (food/sleep/social/environment/health) — reachable through ordinary colony play.
ThoughtDef,KilledInnocentAnimal_Know_Disapproved,Ideology,killed innocent animal,COMMON,Ideology DLC is live; text matches a routine mood-trigger keyword (food/sleep/social/environment/health) — reachable through ordinary colony play.
ThoughtDef,KilledInnocentAnimal_Know_Disapproved_Mood,Ideology,innocent animal killed | An innocent animal was killed. I do not approve of this.,COMMON,Ideology DLC is live; text matches a routine mood-trigger keyword (food/sleep/social/environment/health) — reachable through ordinary colony play.
ThoughtDef,KilledInnocentAnimal_Know_Horrible,Ideology,killed innocent animal,COMMON,Ideology DLC is live; text matches a routine mood-trigger keyword (food/sleep/social/environment/health) — reachable through ordinary colony play.
ThoughtDef,KilledInnocentAnimal_Know_Horrible_Mood,Ideology,"innocent animal killed | An innocent animal was killed. What a terrible, heartless act against another being.",COMMON,Ideology DLC is live; text matches a routine mood-trigger keyword (food/sleep/social/environment/health) — reachable through ordinary colony play.
ThoughtDef,LacklusterFuneral,Ideology,lackluster funeral | That funeral was really uninspired and didn't resolve anything.,COMMON,Ideology DLC is live; text matches a routine mood-trigger keyword (food/sleep/social/environment/health) — reachable through ordinary colony play.
ThoughtDef,MasochistWearingCollar,Ideology,masochist collared | Such restrictive discomfort... Delightful.,COMMON,Ideology DLC is live; text matches a routine mood-trigger keyword (food/sleep/social/environment/health) — reachable through ordinary colony play.
ThoughtDef,MineableDestroyed_Disapproved,Ideology,destroyed natural wall | I destroyed a natural wall. It's wrong to scar the world this way.,COMMON,Ideology DLC is live; text matches a routine mood-trigger keyword (food/sleep/social/environment/health) — reachable through ordinary colony play.
ThoughtDef,MineableDestroyed_Horrible,Ideology,destroyed natural wall | I destroyed a natural wall. It was a horrible violation of nature.,COMMON,Ideology DLC is live; text matches a routine mood-trigger keyword (food/sleep/social/environment/health) — reachable through ordinary colony play.
ThoughtDef,MineableDestroyed_Prohibited,Ideology,destroyed natural wall | I destroyed a natural wall. What a terrible offense against nature.,COMMON,Ideology DLC is live; text matches a routine mood-trigger keyword (food/sleep/social/environment/health) — reachable through ordinary colony play.
ThoughtDef,Mined_Know_Disapproved_Mood,Ideology,mined | Someone mined a hole in the pure earth. It's wrong to scar the world this way.,COMMON,Ideology DLC is live; text matches a routine mood-trigger keyword (food/sleep/social/environment/health) — reachable through ordinary colony play.
ThoughtDef,MinifiedTreeDied_Know_Disapproved_Mood,Ideology,extracted tree died | We extracted a tree from the ground and let it die. It wasn't good to harm nature this way.,COMMON,Ideology DLC is live; text matches a routine mood-trigger keyword (food/sleep/social/environment/health) — reachable through ordinary colony play.
ThoughtDef,MinifiedTreeDied_Know_Horrible_Mood,Ideology,extracted tree died | We extracted a tree from the ground and let it die. It's wrong to scar nature this way.,COMMON,Ideology DLC is live; text matches a routine mood-trigger keyword (food/sleep/social/environment/health) — reachable through ordinary colony play.
ThoughtDef,MinifiedTreeDied_Know_Prohibited_Mood,Ideology,extracted tree died | We extracted a tree from the ground and then let it die. Such things violations of nature should never be done.,COMMON,Ideology DLC is live; text matches a routine mood-trigger keyword (food/sleep/social/environment/health) — reachable through ordinary colony play.
ThoughtDef,NoRecentExecution,Ideology,no execution | It has been too long since we executed a prisoner. Are we so weak as to take no life?,COMMON,Ideology DLC is live; text matches a routine mood-trigger keyword (food/sleep/social/environment/health) — reachable through ordinary colony play.
ThoughtDef,Pain_Idealized,Ideology,minor pain | The pain grounds me. I appreciate it. | serious pain | The pain cleanses me. I like it. | intense pain | The pain purifies me. I need it! | mind-shattering pain | The ...,COMMON,Ideology DLC is live; text matches a routine mood-trigger keyword (food/sleep/social/environment/health) — reachable through ordinary colony play.
ThoughtDef,PrisonerDied_Know_Respected,Ideology,responsible for the death of a prisoner,COMMON,Ideology DLC is live; text matches a routine mood-trigger keyword (food/sleep/social/environment/health) — reachable through ordinary colony play.
ThoughtDef,PrisonerDied_Respected,Ideology,prisoner died (responsible) | I was responsible for the death of a prisoner! Now they'll all respect me.,COMMON,Ideology DLC is live; text matches a routine mood-trigger keyword (food/sleep/social/environment/health) — reachable through ordinary colony play.
ThoughtDef,Ranching_Central_AnimalMassPerCapita,Ideology,no animals | We have no animals at all! It's everything I am against. | scarce animals | We have far too few animals in our colony. We are not even close to living the right way. |...,COMMON,Ideology DLC is live; text matches a routine mood-trigger keyword (food/sleep/social/environment/health) — reachable through ordinary colony play.
ThoughtDef,Ranching_SowedPlant,Ideology,"sowed human food plant | I sowed a human food plant. It was wrong - humans should eat animals, and animals should eat nature-made plants.",COMMON,Ideology DLC is live; text matches a routine mood-trigger keyword (food/sleep/social/environment/health) — reachable through ordinary colony play.
ThoughtDef,SatisfyingScarification,Ideology,satisfying scarification | That scarification was satisfying - cleanly-traced and appropriately painful-looking.,COMMON,Ideology DLC is live; text matches a routine mood-trigger keyword (food/sleep/social/environment/health) — reachable through ordinary colony play.
ThoughtDef,ScarificationCeremony_Know_Horrible,Ideology,Scarification ceremony | We mutilated a fellow colonist over ideological beliefs! This is wrong!,COMMON,Ideology DLC is live; text matches a routine mood-trigger keyword (food/sleep/social/environment/health) — reachable through ordinary colony play.
ThoughtDef,ScarificationCeremony_Self_Extreme,Ideology,got scarified | I bear a new ritual mark to bind me to our truth.,COMMON,Ideology DLC is live; text matches a routine mood-trigger keyword (food/sleep/social/environment/health) — reachable through ordinary colony play.
ThoughtDef,ScarificationCeremony_Self_Heavy,Ideology,got scarified | I bear a new ritual mark to connected me to our truth.,COMMON,Ideology DLC is live; text matches a routine mood-trigger keyword (food/sleep/social/environment/health) — reachable through ordinary colony play.
ThoughtDef,ScarificationCeremony_Self_Minor,Ideology,got scarified | I bear a new ritual mark to remind me of our truth.,COMMON,Ideology DLC is live; text matches a routine mood-trigger keyword (food/sleep/social/environment/health) — reachable through ordinary colony play.
ThoughtDef,Scarification_Extreme,Ideology,scarified | My dedication is written in indelible pain. | not scarified | This smooth skin is a travesty. | insufficiently scarified | This smooth skin is a travesty.,COMMON,Ideology DLC is live; text matches a routine mood-trigger keyword (food/sleep/social/environment/health) — reachable through ordinary colony play.
ThoughtDef,Scarification_Extreme_Opinion,Ideology,scarified | not scarified | insufficiently scarified,COMMON,Ideology DLC is live; text matches a routine mood-trigger keyword (food/sleep/social/environment/health) — reachable through ordinary colony play.
ThoughtDef,Scarification_Heavy,Ideology,"scarified | I bear the many cuts, as one ought to. | not scarified | This smooth skin is wrong. | insufficiently scarified | This smooth skin is wrong.",COMMON,Ideology DLC is live; text matches a routine mood-trigger keyword (food/sleep/social/environment/health) — reachable through ordinary colony play.
ThoughtDef,Scarification_Heavy_Opinion,Ideology,scarified | not scarified | insufficiently scarified,COMMON,Ideology DLC is live; text matches a routine mood-trigger keyword (food/sleep/social/environment/health) — reachable through ordinary colony play.
ThoughtDef,Scarification_Minor,Ideology,"scarified | I bear the mark, as one ought to. | not scarified | I lack the appropriate ritual scar. | insufficiently scarified | I lack the appropriate ritual scar.",COMMON,Ideology DLC is live; text matches a routine mood-trigger keyword (food/sleep/social/environment/health) — reachable through ordinary colony play.
ThoughtDef,Scarification_Minor_Opinion,Ideology,scarified | not scarified | insufficiently scarified,COMMON,Ideology DLC is live; text matches a routine mood-trigger keyword (food/sleep/social/environment/health) — reachable through ordinary colony play.
ThoughtDef,Skullspike_Disapproved,Ideology,"skullspikes | I've been around skulls on spikes. Just a few of them, but it's still disturbing. | skullspikes | There are quite a few skulls on spikes around here. It's rather dist...",COMMON,"Confirmed: this defName appears in the colony's own ideoligion export (The Salvation.rid) — an active precept/ritual/role in the current game, not inferred."
ThoughtDef,SlabBed_Preferred,Ideology,slept on slab bed | I demonstrated my morality by accepting the discomfort of the slab bed.,COMMON,Ideology DLC is live; text matches a routine mood-trigger keyword (food/sleep/social/environment/health) — reachable through ordinary colony play.
ThoughtDef,SlaughteredAnimal_Disapproved,Ideology,slaughtered animal | I had to slaughter an animal. It was an ugly thing to do.,COMMON,Ideology DLC is live; text matches a routine mood-trigger keyword (food/sleep/social/environment/health) — reachable through ordinary colony play.
ThoughtDef,SlaughteredAnimal_Horrible,Ideology,slaughtered animal | I had to slaughter an animal! It was horrible to snuff out a mind like that.,COMMON,Ideology DLC is live; text matches a routine mood-trigger keyword (food/sleep/social/environment/health) — reachable through ordinary colony play.
ThoughtDef,SlaughteredAnimal_Know_Disapproved,Ideology,slaughtered animal,COMMON,Ideology DLC is live; text matches a routine mood-trigger keyword (food/sleep/social/environment/health) — reachable through ordinary colony play.
ThoughtDef,SlaughteredAnimal_Know_Disapproved_Mood,Ideology,animal slaughtered | Someone slaughtered an animal. It's a sad thing.,COMMON,Ideology DLC is live; text matches a routine mood-trigger keyword (food/sleep/social/environment/health) — reachable through ordinary colony play.
ThoughtDef,SlaughteredAnimal_Know_Horrible,Ideology,slaughtered animal,COMMON,Ideology DLC is live; text matches a routine mood-trigger keyword (food/sleep/social/environment/health) — reachable through ordinary colony play.
ThoughtDef,SlaughteredAnimal_Know_Horrible_Mood,Ideology,"animal slaughtered | Someone slaughtered an animal! What a horrible thing, to snuff out a mind like that.",COMMON,Ideology DLC is live; text matches a routine mood-trigger keyword (food/sleep/social/environment/health) — reachable through ordinary colony play.
ThoughtDef,SlaughteredAnimal_Know_Prohibited,Ideology,slaughtered animal,COMMON,Ideology DLC is live; text matches a routine mood-trigger keyword (food/sleep/social/environment/health) — reachable through ordinary colony play.
ThoughtDef,SlaughteredAnimal_Know_Prohibited_Mood,Ideology,animal slaughtered | Someone slaughtered an animal! A tragic loss of a unique life.,COMMON,Ideology DLC is live; text matches a routine mood-trigger keyword (food/sleep/social/environment/health) — reachable through ordinary colony play.
ThoughtDef,SleptInRoomWithSlave,Ideology,shared room with slave | I had to sleep in the same room as a slave.,COMMON,Ideology DLC is live; text matches a routine mood-trigger keyword (food/sleep/social/environment/health) — reachable through ordinary colony play.
ThoughtDef,SleptUsingSleepAccelerator,Ideology,"used sleep accelerator | I slept with a sleep accelerator. It's helping me attain my true potential, as one should.",COMMON,Ideology DLC is live; text matches a routine mood-trigger keyword (food/sleep/social/environment/health) — reachable through ordinary colony play.
ThoughtDef,SoldOrgan_Know_Horrible_Mood,Ideology,organ sold | Someone sold an organ. It's horrible to trade human parts like machinery.,COMMON,Ideology DLC is live; text matches a routine mood-trigger keyword (food/sleep/social/environment/health) — reachable through ordinary colony play.
ThoughtDef,SpectacularBlinding,Ideology,"spectacular blinding | The intoned voices, the terrible and amazing blade, the painful shivering and cutting - That blinding ceremony was sublime!",COMMON,Ideology DLC is live; text matches a routine mood-trigger keyword (food/sleep/social/environment/health) — reachable through ordinary colony play.
ThoughtDef,SpectacularScarification,Ideology,spectacular scarification | The flesh curled and shaped like magic under the knife. It was a true transformation through suffering!,COMMON,Ideology DLC is live; text matches a routine mood-trigger keyword (food/sleep/social/environment/health) — reachable through ordinary colony play.
ThoughtDef,TameVeneratedAnimalDied,Ideology,venerated {ANIMALKIND} died | A tame {ANIMALKIND} passed away. The death of such a noble beast is cause for sadness.,COMMON,Ideology DLC is live; text matches a routine mood-trigger keyword (food/sleep/social/environment/health) — reachable through ordinary colony play.
ThoughtDef,TerribleSacrifice,Ideology,"terrible sacrifice | That sacrifice was botched and the mood was way off. What an awful, awkward death.",COMMON,Ideology DLC is live; text matches a routine mood-trigger keyword (food/sleep/social/environment/health) — reachable through ordinary colony play.
ThoughtDef,TerribleScarification,Ideology,terrible scarification | The scarification was botched and the mood was way off. What an awkward ceremony.,COMMON,Ideology DLC is live; text matches a routine mood-trigger keyword (food/sleep/social/environment/health) — reachable through ordinary colony play.
ThoughtDef,TradedOrgan_Abhorrent,Ideology,traded organ | I had to trade someone's organ. It's an abhorrent violation of everything I believe.,COMMON,Ideology DLC is live; text matches a routine mood-trigger keyword (food/sleep/social/environment/health) — reachable through ordinary colony play.
ThoughtDef,TradedOrgan_Know_Abhorrent,Ideology,traded organ,COMMON,Ideology DLC is live; text matches a routine mood-trigger keyword (food/sleep/social/environment/health) — reachable through ordinary colony play.
ThoughtDef,TradedOrgan_Know_Abhorrent_Mood,Ideology,"organ traded | Someone traded an organ! What an abhorrent, disgusting act.",COMMON,Ideology DLC is live; text matches a routine mood-trigger keyword (food/sleep/social/environment/health) — reachable through ordinary colony play.
ThoughtDef,TreeDensityReduced,Ideology,"healthy trees | In the past quadrum, we didn't destroy many trees at all. Harmony with the trees is the basic foundation for a good life. | trees disturbed | In the past quadrum, w...",COMMON,Ideology DLC is live; text matches a routine mood-trigger keyword (food/sleep/social/environment/health) — reachable through ordinary colony play.
ThoughtDef,UsedDespisedWeapon,Ideology,used despised weapon | I used a filthy weapon which ought never to be used. How humiliating.,COMMON,Ideology DLC is live; text matches a routine mood-trigger keyword (food/sleep/social/environment/health) — reachable through ordinary colony play.
ThoughtDef,VeneratedAnimalsOnMapOrCaravan,Ideology,venerated {ANIMAL_label} | There are venerated animals around me. | venerated {ANIMAL_label} | I have some venerated animals around me. | venerated {ANIMAL_label} | I have many ven...,COMMON,Ideology DLC is live; text matches a routine mood-trigger keyword (food/sleep/social/environment/health) — reachable through ordinary colony play.
ThoughtDef,Jawa_IkeeWatching,Jawa Ikee,"ikee underfoot | There is an ikee nearby, watching everything with that one enormous wet eye. It knows where the good scrap is. It is a comfort, in the way a thing that never blink...",COMMON,First-party Jawa/RimMandrake def — always live.
ThoughtDef,HotSpring,Odyssey,hot spring | It's nice to dip my feet in the warm water.,COMMON,Odyssey DLC is live; text matches a routine mood-trigger keyword (food/sleep/social/environment/health) — reachable through ordinary colony play.
ThoughtDef,SlaughteredFish_Disapproved,Odyssey,slaughtered fish | I had to kill fish. It was an ugly thing to do.,COMMON,Odyssey DLC is live; text matches a routine mood-trigger keyword (food/sleep/social/environment/health) — reachable through ordinary colony play.
ThoughtDef,PR_ForceFed,Prisoner Realism,force fed | Someone shoved food into my mouth like I was a helpless animal. Humiliating.,COMMON,"Prisoner Realism is a confirmed-live behavioral backbone mod for this campaign (design doc: required_mods.md, ADOPTED) — its core thoughts fire in routine play."
ThoughtDef,PR_HarmfulSurgeryVictim,Prisoner Realism,cut me open | This is the monster who cut into me while I was helpless.,COMMON,"Prisoner Realism is a confirmed-live behavioral backbone mod for this campaign (design doc: required_mods.md, ADOPTED) — its core thoughts fire in routine play."
ThoughtDef,PR_HarmfulSurgeryWitness,Prisoner Realism,butchers fellow prisoners | They carve up my fellow prisoners. I could be next.,COMMON,"Prisoner Realism is a confirmed-live behavioral backbone mod for this campaign (design doc: required_mods.md, ADOPTED) — its core thoughts fire in routine play."
ThoughtDef,PR_MissesPrison,Prisoner Realism,"struggling to adjust | After so long behind bars, freedom feels strange and frightening. Part of me almost misses the certainty of a cell. | misses prison | I spent so long institu...",COMMON,"Prisoner Realism is a confirmed-live behavioral backbone mod for this campaign (design doc: required_mods.md, ADOPTED) — its core thoughts fire in routine play."
ThoughtDef,PR_OldFriend,Prisoner Realism,old friend | We've been through a lot together. I'd fight at their side anywhere.,COMMON,"Prisoner Realism is a confirmed-live behavioral backbone mod for this campaign (design doc: required_mods.md, ADOPTED) — its core thoughts fire in routine play."
ThoughtDef,PR_PrisonWork,Prisoner Realism,"useful work | At least there's something to do here. The days pass easier with work in my hands. | made to burn the dead | They have me disposing of bodies. This isn't work, it's w...",COMMON,"Prisoner Realism is a confirmed-live behavioral backbone mod for this campaign (design doc: required_mods.md, ADOPTED) — its core thoughts fire in routine play."
ThoughtDef,PR_Ringleader,Prisoner Realism,"emboldened block | The prisoner who runs this block is in high spirits, and it's rubbing off on all of us. | demoralized block | The prisoner who runs this block is bitter and mise...",COMMON,"Prisoner Realism is a confirmed-live behavioral backbone mod for this campaign (design doc: required_mods.md, ADOPTED) — its core thoughts fire in routine play."
ThoughtDef,PR_Searched,Prisoner Realism,searched | They patted me down like I was an animal. Nothing of mine is my own.,COMMON,"Prisoner Realism is a confirmed-live behavioral backbone mod for this campaign (design doc: required_mods.md, ADOPTED) — its core thoughts fire in routine play."
ThoughtDef,PR_SolitaryResentment,Prisoner Realism,"keeps me in solitary | They lock me away alone with nothing and no one. I won't forget it. | keeps me in solitary | Endless isolation, by their choice. My resentment festers. | kee...",COMMON,"Prisoner Realism is a confirmed-live behavioral backbone mod for this campaign (design doc: required_mods.md, ADOPTED) — its core thoughts fire in routine play."
ThoughtDef,RimMandrake_ThoughtDef_PsyHarmonize,RimMandrake - Star Wars Races,psychic harmony: {HARMONIZER_labelShort} | The psychic harmonization makes me feel some of the emotions of the person radiating it as long as we're close together.,COMMON,First-party Jawa/RimMandrake def — always live.
ThoughtDef,VBE_AmbrandyAsIngredient,Vanilla Brewing Expanded,Drank ambrandy-based cocktail | Yummy.,COMMON,"Vanilla Brewing Expanded is a confirmed-live behavioral backbone mod for this campaign (design doc: required_mods.md, ADOPTED) — its core thoughts fire in routine play."
ThoughtDef,VBE_CaffeineWithdrawal,Vanilla Brewing Expanded,"caffeine withdrawal | I'm so tired. Everything's annoying, my hands are shaking and my head is pounding.",COMMON,"Vanilla Brewing Expanded is a confirmed-live behavioral backbone mod for this campaign (design doc: required_mods.md, ADOPTED) — its core thoughts fire in routine play."
ThoughtDef,VBE_ConsumedGoStock,Vanilla Brewing Expanded,Consumed go-juice stock | Yummy.,COMMON,"Vanilla Brewing Expanded is a confirmed-live behavioral backbone mod for this campaign (design doc: required_mods.md, ADOPTED) — its core thoughts fire in routine play."
ThoughtDef,VBE_ConsumedLuciferiumPowder,Vanilla Brewing Expanded,Consumed luciferium powder | Yummy.,COMMON,"Vanilla Brewing Expanded is a confirmed-live behavioral backbone mod for this campaign (design doc: required_mods.md, ADOPTED) — its core thoughts fire in routine play."
ThoughtDef,VBE_ConsumedWakeupPowder,Vanilla Brewing Expanded,Consumed wake-up powder | Yummy.,COMMON,"Vanilla Brewing Expanded is a confirmed-live behavioral backbone mod for this campaign (design doc: required_mods.md, ADOPTED) — its core thoughts fire in routine play."
ThoughtDef,VBE_DeluxeTobaccoHigh,Vanilla Brewing Expanded,Smoked cigar | Smoking a cigar makes me feel like I’ve made it big in life.,COMMON,"Vanilla Brewing Expanded is a confirmed-live behavioral backbone mod for this campaign (design doc: required_mods.md, ADOPTED) — its core thoughts fire in routine play."
ThoughtDef,VBE_DrankSoda,Vanilla Brewing Expanded,"Drank soda | I drank a sweet and fizzy soda, a small luxury.",COMMON,"Vanilla Brewing Expanded is a confirmed-live behavioral backbone mod for this campaign (design doc: required_mods.md, ADOPTED) — its core thoughts fire in routine play."
ThoughtDef,VBE_DrankTea,Vanilla Brewing Expanded,Drank tea | A simple cup of tea really brightens the day.,COMMON,"Vanilla Brewing Expanded is a confirmed-live behavioral backbone mod for this campaign (design doc: required_mods.md, ADOPTED) — its core thoughts fire in routine play."
ThoughtDef,VBE_EnergyDrinkHigh,Vanilla Brewing Expanded,Drank energy drink | I feel like I’ve been given wings!,COMMON,"Vanilla Brewing Expanded is a confirmed-live behavioral backbone mod for this campaign (design doc: required_mods.md, ADOPTED) — its core thoughts fire in routine play."
ThoughtDef,VBE_GinAsIngredient,Vanilla Brewing Expanded,Drank gin-based cocktail | Yummy.,COMMON,"Vanilla Brewing Expanded is a confirmed-live behavioral backbone mod for this campaign (design doc: required_mods.md, ADOPTED) — its core thoughts fire in routine play."
ThoughtDef,VBE_HotCoffeeHigh,Vanilla Brewing Expanded,Drank hot coffee | That coffee hit the spot.,COMMON,"Vanilla Brewing Expanded is a confirmed-live behavioral backbone mod for this campaign (design doc: required_mods.md, ADOPTED) — its core thoughts fire in routine play."
ThoughtDef,VBE_IcedCoffeeHigh,Vanilla Brewing Expanded,Drank iced coffee | That coffee hit the spot.,COMMON,"Vanilla Brewing Expanded is a confirmed-live behavioral backbone mod for this campaign (design doc: required_mods.md, ADOPTED) — its core thoughts fire in routine play."
ThoughtDef,VBE_RBMeadAsIngredient,Vanilla Brewing Expanded,Drank mead-based cocktail | Yummy.,COMMON,"Vanilla Brewing Expanded is a confirmed-live behavioral backbone mod for this campaign (design doc: required_mods.md, ADOPTED) — its core thoughts fire in routine play."
ThoughtDef,VBE_TequilaAsIngredient,Vanilla Brewing Expanded,Drank tequila-based cocktail | Yummy.,COMMON,"Vanilla Brewing Expanded is a confirmed-live behavioral backbone mod for this campaign (design doc: required_mods.md, ADOPTED) — its core thoughts fire in routine play."
ThoughtDef,VBE_TobaccoHigh,Vanilla Brewing Expanded,Smoked cigarette | That cigarette was just what I needed.,COMMON,"Vanilla Brewing Expanded is a confirmed-live behavioral backbone mod for this campaign (design doc: required_mods.md, ADOPTED) — its core thoughts fire in routine play."
ThoughtDef,VBE_TobaccoWithdrawal,Vanilla Brewing Expanded,tobacco withdrawal | I really wish I could smoke. I'd really like a cigarette.,COMMON,"Vanilla Brewing Expanded is a confirmed-live behavioral backbone mod for this campaign (design doc: required_mods.md, ADOPTED) — its core thoughts fire in routine play."
ThoughtDef,VBE_VodkaAsIngredient,Vanilla Brewing Expanded,Drank vodka-based cocktail | Yummy.,COMMON,"Vanilla Brewing Expanded is a confirmed-live behavioral backbone mod for this campaign (design doc: required_mods.md, ADOPTED) — its core thoughts fire in routine play."
ThoughtDef,VBE_WhiskeyAsIngredient,Vanilla Brewing Expanded,Drank whiskey-based cocktail | Yummy.,COMMON,"Vanilla Brewing Expanded is a confirmed-live behavioral backbone mod for this campaign (design doc: required_mods.md, ADOPTED) — its core thoughts fire in routine play."
ThoughtDef,VBE_WineAsIngredient,Vanilla Brewing Expanded,Drank wine-based cocktail | Yummy.,COMMON,"Vanilla Brewing Expanded is a confirmed-live behavioral backbone mod for this campaign (design doc: required_mods.md, ADOPTED) — its core thoughts fire in routine play."
ThoughtDef,VCE_AteCheese,Vanilla Cooking Expanded,ate awful cheese | I ate some poorly curdled milk with barely any cheese flavour. Disgusting. | ate poor cheese | That cheese wasn't horrible but wasn't great either. The aftertast...,COMMON,"Vanilla Cooking Expanded is a confirmed-live behavioral backbone mod for this campaign (design doc: required_mods.md, ADOPTED) — its core thoughts fire in routine play."
ThoughtDef,VCE_AteFineDessert,Vanilla Cooking Expanded,ate fine dessert | That dessert was really good.,COMMON,"Vanilla Cooking Expanded is a confirmed-live behavioral backbone mod for this campaign (design doc: required_mods.md, ADOPTED) — its core thoughts fire in routine play."
ThoughtDef,VCE_AteFineGrill,Vanilla Cooking Expanded,ate fine grill | I ate a meaty meal with a few vegetables.,COMMON,"Vanilla Cooking Expanded is a confirmed-live behavioral backbone mod for this campaign (design doc: required_mods.md, ADOPTED) — its core thoughts fire in routine play."
ThoughtDef,VCE_AteFriedGoods,Vanilla Cooking Expanded,ate deep fried food | Greasy food. Yum.,COMMON,"Vanilla Cooking Expanded is a confirmed-live behavioral backbone mod for this campaign (design doc: required_mods.md, ADOPTED) — its core thoughts fire in routine play."
ThoughtDef,VCE_AteGourmetDessert,Vanilla Cooking Expanded,ate gourmet dessert | My palate had never experienced such an explosion of flavor.,COMMON,"Vanilla Cooking Expanded is a confirmed-live behavioral backbone mod for this campaign (design doc: required_mods.md, ADOPTED) — its core thoughts fire in routine play."
ThoughtDef,VCE_AteGourmetGrill,Vanilla Cooking Expanded,ate gourmet grill | The meat melted in my mouth. Just incredible.,COMMON,"Vanilla Cooking Expanded is a confirmed-live behavioral backbone mod for this campaign (design doc: required_mods.md, ADOPTED) — its core thoughts fire in routine play."
ThoughtDef,VCE_AteGourmetMeal,Vanilla Cooking Expanded,ate gourmet meal | A mindbending culinary experience. My palate has been gifted with sensations that are beyond this world.,COMMON,"Vanilla Cooking Expanded is a confirmed-live behavioral backbone mod for this campaign (design doc: required_mods.md, ADOPTED) — its core thoughts fire in routine play."
ThoughtDef,VCE_AteLavishDessert,Vanilla Cooking Expanded,ate lavish dessert | That dessert was delicious.,COMMON,"Vanilla Cooking Expanded is a confirmed-live behavioral backbone mod for this campaign (design doc: required_mods.md, ADOPTED) — its core thoughts fire in routine play."
ThoughtDef,VCE_AteLavishGrill,Vanilla Cooking Expanded,ate lavish grill | I ate an incredible dish with expertly grilled meats and veggies. Delicious.,COMMON,"Vanilla Cooking Expanded is a confirmed-live behavioral backbone mod for this campaign (design doc: required_mods.md, ADOPTED) — its core thoughts fire in routine play."
ThoughtDef,VCE_AteSimpleDessert,Vanilla Cooking Expanded,"ate simple dessert | That dessert was simple, but certainly tasty.",COMMON,"Vanilla Cooking Expanded is a confirmed-live behavioral backbone mod for this campaign (design doc: required_mods.md, ADOPTED) — its core thoughts fire in routine play."
ThoughtDef,VCE_AteSimpleGrill,Vanilla Cooking Expanded,ate simple grill | A simple grill. Meh.,COMMON,"Vanilla Cooking Expanded is a confirmed-live behavioral backbone mod for this campaign (design doc: required_mods.md, ADOPTED) — its core thoughts fire in routine play."
ThoughtDef,VCE_ConsumedAgave,Vanilla Cooking Expanded,consumed agave | I ate some sweet agave nectar.,COMMON,"Vanilla Cooking Expanded is a confirmed-live behavioral backbone mod for this campaign (design doc: required_mods.md, ADOPTED) — its core thoughts fire in routine play."
ThoughtDef,VCE_ConsumedCannedGoods,Vanilla Cooking Expanded,ate canned food | Eating directly from a can is almost as bad as eating without a table.,COMMON,"Vanilla Cooking Expanded is a confirmed-live behavioral backbone mod for this campaign (design doc: required_mods.md, ADOPTED) — its core thoughts fire in routine play."
ThoughtDef,VCE_ConsumedChocolateSyrup,Vanilla Cooking Expanded,consumed chocolate syrup | Chocolate is love.,COMMON,"Vanilla Cooking Expanded is a confirmed-live behavioral backbone mod for this campaign (design doc: required_mods.md, ADOPTED) — its core thoughts fire in routine play."
ThoughtDef,VCE_ConsumedDigestibleResurrectorNanites,Vanilla Cooking Expanded,resurrector nanites | I feel invincible!,COMMON,"Vanilla Cooking Expanded is a confirmed-live behavioral backbone mod for this campaign (design doc: required_mods.md, ADOPTED) — its core thoughts fire in routine play."
ThoughtDef,VCE_ConsumedInsectJelly,Vanilla Cooking Expanded,consumed insect jelly preserves | What an incredibly sweet and rich taste.,COMMON,"Vanilla Cooking Expanded is a confirmed-live behavioral backbone mod for this campaign (design doc: required_mods.md, ADOPTED) — its core thoughts fire in routine play."
ThoughtDef,VCE_ConsumedMayo,Vanilla Cooking Expanded,consumed mayo | I ate some tangy mayo. Very filling.,COMMON,"Vanilla Cooking Expanded is a confirmed-live behavioral backbone mod for this campaign (design doc: required_mods.md, ADOPTED) — its core thoughts fire in routine play."
ThoughtDef,VCE_ConsumedSalt,Vanilla Cooking Expanded,consumed salt | A pinch of salt really enhances the flavours of a meal.,COMMON,"Vanilla Cooking Expanded is a confirmed-live behavioral backbone mod for this campaign (design doc: required_mods.md, ADOPTED) — its core thoughts fire in routine play."
ThoughtDef,VCE_ConsumedSpices,Vanilla Cooking Expanded,consumed spices | That meal was spicy.,COMMON,"Vanilla Cooking Expanded is a confirmed-live behavioral backbone mod for this campaign (design doc: required_mods.md, ADOPTED) — its core thoughts fire in routine play."
ThoughtDef,VCE_ConsumedSugar,Vanilla Cooking Expanded,consumed sugar | Sugar is not love. But it can feel like it.,COMMON,"Vanilla Cooking Expanded is a confirmed-live behavioral backbone mod for this campaign (design doc: required_mods.md, ADOPTED) — its core thoughts fire in routine play."
ThoughtDef,VCE_SmokeleafButterHigh,Vanilla Cooking Expanded,"high on smokeleaf butter | I'm, like, stoned, man.",COMMON,"Vanilla Cooking Expanded is a confirmed-live behavioral backbone mod for this campaign (design doc: required_mods.md, ADOPTED) — its core thoughts fire in routine play."
ThoughtDef,GR_Failures_Disliked,Vanilla Genetics Expanded,genetic failures | One of our genetics experiments failed. We should get rid of it as soon as possible.,COMMON,"Confirmed: this defName appears in the colony's own ideoligion export (The Salvation.rid) — an active precept/ritual/role in the current game, not inferred."
ThoughtDef,GR_HumanoidHybrids_Disliked,Vanilla Genetics Expanded,humanoid hybrids in colony | There are humanoid hybrids running around. This is ethically troubling.,COMMON,"Confirmed: this defName appears in the colony's own ideoligion export (The Salvation.rid) — an active precept/ritual/role in the current game, not inferred."
ThoughtDef,VME_Junk_Beautiful,Vanilla Ideology Expanded - Memes and Structures,"no junk | It has been too long since I’ve seen junk. | few pieces of ancient junk (1 nearby) | This area is way too sparse, I miss seeing the junk. | few pieces of ancient junk (2 ...",COMMON,"Confirmed: this defName appears in the colony's own ideoligion export (The Salvation.rid) — an active precept/ritual/role in the current game, not inferred."
ThoughtDef,VME_TatteredApparel_Abhorrent,Vanilla Ideology Expanded - Memes and Structures,"wearing ratty clothes | I'm wearing clothing that is tattered, and this is incredibly disgusting. Only the finest threads are worthy of my body.",COMMON,"Confirmed: this defName appears in the colony's own ideoligion export (The Salvation.rid) — an active precept/ritual/role in the current game, not inferred."
ThoughtDef,VME_Trading_Required,Vanilla Ideology Expanded - Memes and Structures,"recently traded | We traded recently, that's good. | no recent trades | We haven't traded in a while.",COMMON,"Confirmed: this defName appears in the colony's own ideoligion export (The Salvation.rid) — an active precept/ritual/role in the current game, not inferred."
ThoughtDef,ABF_Thought_Synstruct_ArchotechImplantDissonance,ABF: Synstructs Core,"archotech whispers | I have an archotech implant. I cannot quite figure out why, but it feels like it is somehow displeased with me. | archotech protests | I have two archotech imp...",OCCASIONAL,"ABF: Synstructs Core is confirmed live for this campaign (design/canon evidence — see report), but this specific thought/stance is not individually verified as the chosen variant for any of the 12 ideoligions/factions."
ThoughtDef,ABF_Thought_Synstruct_BiophileApproval,ABF: Synstructs Core,living person,OCCASIONAL,"ABF: Synstructs Core is confirmed live for this campaign (design/canon evidence — see report), but this specific thought/stance is not individually verified as the chosen variant for any of the 12 ideoligions/factions."
ThoughtDef,ABF_Thought_Synstruct_BiophileHappyWithWork,ABF: Synstructs Core,biophile works with organics | I love life! I'm happy I get to work with the natural world and its lifecycle.,OCCASIONAL,"ABF: Synstructs Core is confirmed live for this campaign (design/canon evidence — see report), but this specific thought/stance is not individually verified as the chosen variant for any of the 12 ideoligions/factions."
ThoughtDef,ABF_Thought_Synstruct_BiophilePreferenceTowardOrganics,ABF: Synstructs Core,organic footprint | I like having some organics around. | organic foothold | We've got quite a few organics around. I like it. | organic stronghold | We've forged ourselves a prope...,OCCASIONAL,"ABF: Synstructs Core is confirmed live for this campaign (design/canon evidence — see report), but this specific thought/stance is not individually verified as the chosen variant for any of the 12 ideoligions/factions."
ThoughtDef,ABF_Thought_Synstruct_BiophileUnhappyWithWork,ABF: Synstructs Core,biophile is a hunter | I love animals! I don't want to intervene in the cycle of nature like this!,OCCASIONAL,"ABF: Synstructs Core is confirmed live for this campaign (design/canon evidence — see report), but this specific thought/stance is not individually verified as the chosen variant for any of the 12 ideoligions/factions."
ThoughtDef,ABF_Thought_Synstruct_BiophobeDisapproval,ABF: Synstructs Core,living person,OCCASIONAL,"ABF: Synstructs Core is confirmed live for this campaign (design/canon evidence — see report), but this specific thought/stance is not individually verified as the chosen variant for any of the 12 ideoligions/factions."
ThoughtDef,ABF_Thought_Synstruct_BiophobePreferenceTowardBiomimetics,ABF: Synstructs Core,biomimetic presence | We have some biomimetics. They're clearly superior to organics... but I still don't want to go near them. | biomimetic foothold | We have a number of biomieti...,OCCASIONAL,"ABF: Synstructs Core is confirmed live for this campaign (design/canon evidence — see report), but this specific thought/stance is not individually verified as the chosen variant for any of the 12 ideoligions/factions."
ThoughtDef,ABF_Thought_Synstruct_BiophobePreferenceTowardOrganics,ABF: Synstructs Core,"organic footprint | There's organic, thinking things around. I don't trust them. | organic foothold | There's a lot of organics around. I can barely go anywhere without seeing them...",OCCASIONAL,"ABF: Synstructs Core is confirmed live for this campaign (design/canon evidence — see report), but this specific thought/stance is not individually verified as the chosen variant for any of the 12 ideoligions/factions."
ThoughtDef,ABF_Thought_Synstruct_BiophobeResentment,ABF: Synstructs Core,resentment toward biophobe,OCCASIONAL,"ABF: Synstructs Core is confirmed live for this campaign (design/canon evidence — see report), but this specific thought/stance is not individually verified as the chosen variant for any of the 12 ideoligions/factions."
ThoughtDef,ABF_Thought_Synstruct_BiophobeUnhappyWithWork,ABF: Synstructs Core,biophobe works with organics | I hate life! It could get me even if it's dead! I don't want to go anywhere near it! Gross!,OCCASIONAL,"ABF: Synstructs Core is confirmed live for this campaign (design/canon evidence — see report), but this specific thought/stance is not individually verified as the chosen variant for any of the 12 ideoligions/factions."
ThoughtDef,ABF_Thought_Synstruct_CoerciveVocalizer,ABF: Synstructs Core,threatening voice,OCCASIONAL,"ABF: Synstructs Core is confirmed live for this campaign (design/canon evidence — see report), but this specific thought/stance is not individually verified as the chosen variant for any of the 12 ideoligions/factions."
ThoughtDef,ABF_Thought_Synstruct_CoherenceMood,ABF: Synstructs Core,"abysmal coherence | I have not been able to properly maintain my core memory and systems in far too long. My internals are encountering errors, there are critical components forced...",OCCASIONAL,"ABF: Synstructs Core is confirmed live for this campaign (design/canon evidence — see report), but this specific thought/stance is not individually verified as the chosen variant for any of the 12 ideoligions/factions."
ThoughtDef,ABF_Thought_Synstruct_CoherenceMood_Ascetic,ABF: Synstructs Core,"abysmal coherence | I have not been able to properly maintain my core memory and systems in far too long. My internals are encountering errors, there are critical components forced...",OCCASIONAL,"ABF: Synstructs Core is confirmed live for this campaign (design/canon evidence — see report), but this specific thought/stance is not individually verified as the chosen variant for any of the 12 ideoligions/factions."
ThoughtDef,ABF_Thought_Synstruct_CoherenceMood_Demanding,ABF: Synstructs Core,"abysmal coherence | I have not been able to properly maintain my core memory and systems in far too long. My internals are encountering errors, there are critical components forced...",OCCASIONAL,"ABF: Synstructs Core is confirmed live for this campaign (design/canon evidence — see report), but this specific thought/stance is not individually verified as the chosen variant for any of the 12 ideoligions/factions."
ThoughtDef,ABF_Thought_Synstruct_CoherenceMood_Masochist,ABF: Synstructs Core,"abysmal coherence | I have not been able to properly maintain my core memory and systems in far too long. My internals are encountering errors, there are critical components forced...",OCCASIONAL,"ABF: Synstructs Core is confirmed live for this campaign (design/canon evidence — see report), but this specific thought/stance is not individually verified as the chosen variant for any of the 12 ideoligions/factions."
ThoughtDef,ABF_Thought_Synstruct_Coherence_ChronicAnnoyance,ABF: Synstructs Core,defective part | One of my parts is suffering from an extended inefficiency. How inconvenient. | two defective parts | Two of my parts are suffering from extended inefficiencies. H...,OCCASIONAL,"ABF: Synstructs Core is confirmed live for this campaign (design/canon evidence — see report), but this specific thought/stance is not individually verified as the chosen variant for any of the 12 ideoligions/factions."
ThoughtDef,ABF_Thought_Synstruct_Coherence_OpticalAberrations,ABF: Synstructs Core,optical abberrations | My visual sensors are providing false information and interpretations. I can't tell what is real or not. This is extremely frustrating!,OCCASIONAL,"ABF: Synstructs Core is confirmed live for this campaign (design/canon evidence — see report), but this specific thought/stance is not individually verified as the chosen variant for any of the 12 ideoligions/factions."
ThoughtDef,ABF_Thought_Synstruct_Coherence_RustedPart,ABF: Synstructs Core,rusted part | There is rust on my frame. This is humiliating and denigrating.,OCCASIONAL,"ABF: Synstructs Core is confirmed live for this campaign (design/canon evidence — see report), but this specific thought/stance is not individually verified as the chosen variant for any of the 12 ideoligions/factions."
ThoughtDef,ABF_Thought_Synstruct_CreationDied,ABF: Synstructs Core,my creation {0} died | My creation died. I have outlived that which I created...,OCCASIONAL,"ABF: Synstructs Core is confirmed live for this campaign (design/canon evidence — see report), but this specific thought/stance is not individually verified as the chosen variant for any of the 12 ideoligions/factions."
ThoughtDef,ABF_Thought_Synstruct_CreatorDied,ABF: Synstructs Core,my creator {0} died | My creator died. I must decide the legacy they leave behind...,OCCASIONAL,"ABF: Synstructs Core is confirmed live for this campaign (design/canon evidence — see report), but this specific thought/stance is not individually verified as the chosen variant for any of the 12 ideoligions/factions."
ThoughtDef,ABF_Thought_Synstruct_Directive_Friend,ABF: Synstructs Core,"funny drones | I don't know why, but I keep finding one of our drones doing funny little things. | drone kindness | Every now and then a drone does something unexpectedly... though...",OCCASIONAL,"ABF: Synstructs Core is confirmed live for this campaign (design/canon evidence — see report), but this specific thought/stance is not individually verified as the chosen variant for any of the 12 ideoligions/factions."
ThoughtDef,ABF_Thought_Synstruct_DronesOfSameModel,ABF: Synstructs Core,model discomfort | We have a drone that is the same model as I am. I don't like thinking about it. | model anxiety | We have several drones that are the same model as I am. They lo...,OCCASIONAL,"ABF: Synstructs Core is confirmed live for this campaign (design/canon evidence — see report), but this specific thought/stance is not individually verified as the chosen variant for any of the 12 ideoligions/factions."
ThoughtDef,ABF_Thought_Synstruct_InduciveVocalizer,ABF: Synstructs Core,sonorous voice,OCCASIONAL,"ABF: Synstructs Core is confirmed live for this campaign (design/canon evidence — see report), but this specific thought/stance is not individually verified as the chosen variant for any of the 12 ideoligions/factions."
ThoughtDef,ABF_Thought_Synstruct_KilledMyCreation,ABF: Synstructs Core,killed my creation,OCCASIONAL,"ABF: Synstructs Core is confirmed live for this campaign (design/canon evidence — see report), but this specific thought/stance is not individually verified as the chosen variant for any of the 12 ideoligions/factions."
ThoughtDef,ABF_Thought_Synstruct_KilledMyCreator,ABF: Synstructs Core,killed my creator,OCCASIONAL,"ABF: Synstructs Core is confirmed live for this campaign (design/canon evidence — see report), but this specific thought/stance is not individually verified as the chosen variant for any of the 12 ideoligions/factions."
ThoughtDef,ABF_Thought_Synstruct_MentalAssistant,ABF: Synstructs Core,receiving mental support | This mental assistant chip suppresses terrible stressors and helps me to be mentally resilient. I feel strong. I will hold fast.,OCCASIONAL,"ABF: Synstructs Core is confirmed live for this campaign (design/canon evidence — see report), but this specific thought/stance is not individually verified as the chosen variant for any of the 12 ideoligions/factions."
ThoughtDef,ABF_Thought_Synstruct_MyCreationLost,ABF: Synstructs Core,my creator {0} lost | My creation has been lost. I hope for their safe return.,OCCASIONAL,"ABF: Synstructs Core is confirmed live for this campaign (design/canon evidence — see report), but this specific thought/stance is not individually verified as the chosen variant for any of the 12 ideoligions/factions."
ThoughtDef,ABF_Thought_Synstruct_MyCreatorLost,ABF: Synstructs Core,my creator {0} lost | My creator has been lost. I hope for their safe return.,OCCASIONAL,"ABF: Synstructs Core is confirmed live for this campaign (design/canon evidence — see report), but this specific thought/stance is not individually verified as the chosen variant for any of the 12 ideoligions/factions."
ThoughtDef,ABF_Thought_Synstruct_Overclocking,ABF: Synstructs Core,overclocked | My processor is running at an abnormally high clockrate. I can sense the strain on my hardware.,OCCASIONAL,"ABF: Synstructs Core is confirmed live for this campaign (design/canon evidence — see report), but this specific thought/stance is not individually verified as the chosen variant for any of the 12 ideoligions/factions."
ThoughtDef,ABF_Thought_Synstruct_PaintedFavoriteColor,ABF: Synstructs Core,painted favorite color | I love the color of my paint.,OCCASIONAL,"ABF: Synstructs Core is confirmed live for this campaign (design/canon evidence — see report), but this specific thought/stance is not individually verified as the chosen variant for any of the 12 ideoligions/factions."
ThoughtDef,ABF_Thought_Synstruct_PersonalityShiftAllowed,ABF: Synstructs Core,personality shift | This new world view is interesting.,OCCASIONAL,"ABF: Synstructs Core is confirmed live for this campaign (design/canon evidence — see report), but this specific thought/stance is not individually verified as the chosen variant for any of the 12 ideoligions/factions."
ThoughtDef,ABF_Thought_Synstruct_PersonalityShiftDenied,ABF: Synstructs Core,"stagnant personality | I wanted to try out a different personality, but was denied. I feel stifled.",OCCASIONAL,"ABF: Synstructs Core is confirmed live for this campaign (design/canon evidence — see report), but this specific thought/stance is not individually verified as the chosen variant for any of the 12 ideoligions/factions."
ThoughtDef,AA_AteBlackTruffleIngredient,Alpha Animals,ate black truffle | An absolute delicacy.,OCCASIONAL,"Alpha Animals is confirmed live for this campaign (design/canon evidence — see report), but this specific thought/stance is not individually verified as the chosen variant for any of the 12 ideoligions/factions."
ThoughtDef,AA_AteHorribleRot,Alpha Animals,ate fermented rotting vegetation | I had to scavenge fermented rotting vegetation to survive. This was worse than eating a corpse. The end is near.,OCCASIONAL,"Alpha Animals is confirmed live for this campaign (design/canon evidence — see report), but this specific thought/stance is not individually verified as the chosen variant for any of the 12 ideoligions/factions."
ThoughtDef,AA_AteSuperAwfulMeal,Alpha Animals,ate incredibly awful meal | I had to eat something that was processed in the guts of a biomechanical abomination. I haven't eaten a more disgusting meal in my whole life.,OCCASIONAL,"Alpha Animals is confirmed live for this campaign (design/canon evidence — see report), but this specific thought/stance is not individually verified as the chosen variant for any of the 12 ideoligions/factions."
ThoughtDef,AA_BeenPsionicallyNuzzled,Alpha Animals,"psionically nuzzled | That pretty fox sure seems to know how to make you feel loved... | psionically nuzzled | That fox is so cute, and supportive, and loving... I feel fulfilled a...",OCCASIONAL,"Alpha Animals is confirmed live for this campaign (design/canon evidence — see report), but this specific thought/stance is not individually verified as the chosen variant for any of the 12 ideoligions/factions."
ThoughtDef,AA_Disgust,Alpha Animals,disgusting creature | I witnessed a revolting giant slug reeking of the stench of corpse bile. I want to puke.,OCCASIONAL,"Alpha Animals is confirmed live for this campaign (design/canon evidence — see report), but this specific thought/stance is not individually verified as the chosen variant for any of the 12 ideoligions/factions."
ThoughtDef,AA_PhotosensitiveExoskeleton,Alpha Animals,disoriented in sunlight | What? Where am I? What was I doing?,OCCASIONAL,"Alpha Animals is confirmed live for this campaign (design/canon evidence — see report), but this specific thought/stance is not individually verified as the chosen variant for any of the 12 ideoligions/factions."
ThoughtDef,AA_PsychicHarmonyBad,Alpha Animals,"psychic harmony (bad) | A Grey-Coated Mouflon nearby is angry or hurt, creating psychic waves of agony that are extremely distracting...",OCCASIONAL,"Alpha Animals is confirmed live for this campaign (design/canon evidence — see report), but this specific thought/stance is not individually verified as the chosen variant for any of the 12 ideoligions/factions."
ThoughtDef,AA_PsychicHarmonyGood,Alpha Animals,psychic harmony (good) | A Grey-Coated Mouflon nearby is well-fed and cared for.,OCCASIONAL,"Alpha Animals is confirmed live for this campaign (design/canon evidence — see report), but this specific thought/stance is not individually verified as the chosen variant for any of the 12 ideoligions/factions."
ThoughtDef,AA_UncomfortablyHot,Alpha Animals,ate terrible wasp eggs | I ate food with terrible wasp eggs. They burned my mouth and the burning sensation doesn't go away!.,OCCASIONAL,"Alpha Animals is confirmed live for this campaign (design/canon evidence — see report), but this specific thought/stance is not individually verified as the chosen variant for any of the 12 ideoligions/factions."
ThoughtDef,AB_ForsakenNight,Alpha Biomes,preternatural darkness | It is as if the sun itself was being drowned in despair. I hate it.,OCCASIONAL,"Alpha Biomes is confirmed live for this campaign (design/canon evidence — see report), but this specific thought/stance is not individually verified as the chosen variant for any of the 12 ideoligions/factions."
ThoughtDef,AB_ForsakenRain,Alpha Biomes,"soaking wet and dark | I'm soaking wet, and I can't see anything.",OCCASIONAL,"Alpha Biomes is confirmed live for this campaign (design/canon evidence — see report), but this specific thought/stance is not individually verified as the chosen variant for any of the 12 ideoligions/factions."
ThoughtDef,AB_ForsakenThunderstorm,Alpha Biomes,"preternatural storm | It is dark as the void, and now lightning is falling everywhere. We are doomed.",OCCASIONAL,"Alpha Biomes is confirmed live for this campaign (design/canon evidence — see report), but this specific thought/stance is not individually verified as the chosen variant for any of the 12 ideoligions/factions."
ThoughtDef,AB_GelatinousEchoes_Bad,Alpha Biomes,"ominous gelatinous echoes | I feel connected to something ancient, it's terrifying.",OCCASIONAL,"Alpha Biomes is confirmed live for this campaign (design/canon evidence — see report), but this specific thought/stance is not individually verified as the chosen variant for any of the 12 ideoligions/factions."
ThoughtDef,AB_GelatinousEchoes_Good,Alpha Biomes,gelatinous echoes | I feel connected to something ancient.,OCCASIONAL,"Alpha Biomes is confirmed live for this campaign (design/canon evidence — see report), but this specific thought/stance is not individually verified as the chosen variant for any of the 12 ideoligions/factions."
ThoughtDef,AB_HealingSpringwaterThought,Alpha Biomes,healing spring | The healing properties of the water rejuvenated me.,OCCASIONAL,"Alpha Biomes is confirmed live for this campaign (design/canon evidence — see report), but this specific thought/stance is not individually verified as the chosen variant for any of the 12 ideoligions/factions."
ThoughtDef,AB_MoldyEnvironment,Alpha Biomes,"moldy environment | This place reeks of mold and decay, I can't stay outdoors for long!",OCCASIONAL,"Alpha Biomes is confirmed live for this campaign (design/canon evidence — see report), but this specific thought/stance is not individually verified as the chosen variant for any of the 12 ideoligions/factions."
ThoughtDef,AB_MutagenicOcularWater,Alpha Biomes,mutagenic water | I can feel myself changing...,OCCASIONAL,"Alpha Biomes is confirmed live for this campaign (design/canon evidence — see report), but this specific thought/stance is not individually verified as the chosen variant for any of the 12 ideoligions/factions."
ThoughtDef,AB_PetalStorms,Alpha Biomes,"petal storm | Oh, this is actually pretty nice.",OCCASIONAL,"Alpha Biomes is confirmed live for this campaign (design/canon evidence — see report), but this specific thought/stance is not individually verified as the chosen variant for any of the 12 ideoligions/factions."
ThoughtDef,AB_PsychotropicFungusHigh,Alpha Biomes,ate some weird mushrooms | I ate a bunch of weird mushrooms and now I'm high as a kite,OCCASIONAL,"Alpha Biomes is confirmed live for this campaign (design/canon evidence — see report), but this specific thought/stance is not individually verified as the chosen variant for any of the 12 ideoligions/factions."
ThoughtDef,AB_PsychotropicFungusWithdrawal,Alpha Biomes,psychotropic fungus withdrawal | My hands are shaking. It's as if the world has lost all colours.,OCCASIONAL,"Alpha Biomes is confirmed live for this campaign (design/canon evidence — see report), but this specific thought/stance is not individually verified as the chosen variant for any of the 12 ideoligions/factions."
ThoughtDef,AB_Quicksand,Alpha Biomes,traversing quicksand | It's like moving through molasses...,OCCASIONAL,"Alpha Biomes is confirmed live for this campaign (design/canon evidence — see report), but this specific thought/stance is not individually verified as the chosen variant for any of the 12 ideoligions/factions."
ThoughtDef,AB_RawRimeNodulesHigh,Alpha Biomes,rime freshness | Those rime nodules I consumed make me feel refreshed and calm.,OCCASIONAL,"Alpha Biomes is confirmed live for this campaign (design/canon evidence — see report), but this specific thought/stance is not individually verified as the chosen variant for any of the 12 ideoligions/factions."
ThoughtDef,AB_RedFogThought,Alpha Biomes,"unnatural weather | This fog tastes weird. It looks weird. It FEELS wrong, as if it wasn't of this world.",OCCASIONAL,"Alpha Biomes is confirmed live for this campaign (design/canon evidence — see report), but this specific thought/stance is not individually verified as the chosen variant for any of the 12 ideoligions/factions."
ThoughtDef,AB_RedFogThoughtPositive,Alpha Biomes,"i love unnatural weather | Actually... I love this fog. This fog is my friend. I would kiss the fog if I could. Obey. Consume. Caress an ocular jelly. Wait, what?",OCCASIONAL,"Alpha Biomes is confirmed live for this campaign (design/canon evidence — see report), but this specific thought/stance is not individually verified as the chosen variant for any of the 12 ideoligions/factions."
ThoughtDef,AB_VolcanicAshThought,Alpha Biomes,can't breathe | It is SO hard to breathe through this ash!,OCCASIONAL,"Alpha Biomes is confirmed live for this campaign (design/canon evidence — see report), but this specific thought/stance is not individually verified as the chosen variant for any of the 12 ideoligions/factions."
ThoughtDef,AG_Awe,Alpha Genes,angelic colonist | I can't get it out of my mind. How can anyone be SO beautiful?,OCCASIONAL,"Alpha Genes is confirmed live for this campaign (design/canon evidence — see report), but this specific thought/stance is not individually verified as the chosen variant for any of the 12 ideoligions/factions."
ThoughtDef,AG_CorpseFeeding,Alpha Genes,smell of corpse-rotting gas | The smell of putrid corpse bile and corpse-rotting gas is overpowering!,OCCASIONAL,"Alpha Genes is confirmed live for this campaign (design/canon evidence — see report), but this specific thought/stance is not individually verified as the chosen variant for any of the 12 ideoligions/factions."
ThoughtDef,AG_Disgust,Alpha Genes,disgusting colonist | I can't get it out of my mind. How can anyone be SO revolting and grotesque?,OCCASIONAL,"Alpha Genes is confirmed live for this campaign (design/canon evidence — see report), but this specific thought/stance is not individually verified as the chosen variant for any of the 12 ideoligions/factions."
ThoughtDef,AG_EldritchVisage,Alpha Genes,eldritch,OCCASIONAL,"Alpha Genes is confirmed live for this campaign (design/canon evidence — see report), but this specific thought/stance is not individually verified as the chosen variant for any of the 12 ideoligions/factions."
ThoughtDef,AG_Implanted,Alpha Genes,forcefully implanted by {0} | I was violated and stung.,OCCASIONAL,"Alpha Genes is confirmed live for this campaign (design/canon evidence — see report), but this specific thought/stance is not individually verified as the chosen variant for any of the 12 ideoligions/factions."
ThoughtDef,AG_Implanted_Social,Alpha Genes,forcefully implanted,OCCASIONAL,"Alpha Genes is confirmed live for this campaign (design/canon evidence — see report), but this specific thought/stance is not individually verified as the chosen variant for any of the 12 ideoligions/factions."
ThoughtDef,AG_Mood_Volatile,Alpha Genes,genetic joy | Natural bonus from 'volatile' gene. | genetic depression | Natural penalty from 'volatile' gene.,OCCASIONAL,"Alpha Genes is confirmed live for this campaign (design/canon evidence — see report), but this specific thought/stance is not individually verified as the chosen variant for any of the 12 ideoligions/factions."
ThoughtDef,AG_Parasite,Alpha Genes,parasitized by {0} | I CAN FEEL THE EGGS MOVING INSIDE MY BODY!,OCCASIONAL,"Alpha Genes is confirmed live for this campaign (design/canon evidence — see report), but this specific thought/stance is not individually verified as the chosen variant for any of the 12 ideoligions/factions."
ThoughtDef,AG_Parasite_Social,Alpha Genes,parasitized,OCCASIONAL,"Alpha Genes is confirmed live for this campaign (design/canon evidence — see report), but this specific thought/stance is not individually verified as the chosen variant for any of the 12 ideoligions/factions."
ThoughtDef,AG_PsychicDrone,Alpha Genes,psychic drone | I feel calm and at peace,OCCASIONAL,"Alpha Genes is confirmed live for this campaign (design/canon evidence — see report), but this specific thought/stance is not individually verified as the chosen variant for any of the 12 ideoligions/factions."
ThoughtDef,AG_PukedRats,Alpha Genes,"puked rats | No matter how many times it happens, I'll never get used to this.",OCCASIONAL,"Alpha Genes is confirmed live for this campaign (design/canon evidence — see report), but this specific thought/stance is not individually verified as the chosen variant for any of the 12 ideoligions/factions."
ThoughtDef,AG_RaidedBioLab,Alpha Genes,raided biolab | The thrill of adventuring is exhilarating.,OCCASIONAL,"Alpha Genes is confirmed live for this campaign (design/canon evidence — see report), but this specific thought/stance is not individually verified as the chosen variant for any of the 12 ideoligions/factions."
ThoughtDef,AG_Stinky,Alpha Genes,stinky,OCCASIONAL,"Alpha Genes is confirmed live for this campaign (design/canon evidence — see report), but this specific thought/stance is not individually verified as the chosen variant for any of the 12 ideoligions/factions."
ThoughtDef,AG_SunlightSensitivity_Minor,Alpha Genes,sunlight sensitivity | The sun hurts my eyes.,OCCASIONAL,"Alpha Genes is confirmed live for this campaign (design/canon evidence — see report), but this specific thought/stance is not individually verified as the chosen variant for any of the 12 ideoligions/factions."
ThoughtDef,AG_Thalassophobia,Alpha Genes,afraid of water | I can't stand being near water! It terrifies me.,OCCASIONAL,"Alpha Genes is confirmed live for this campaign (design/canon evidence — see report), but this specific thought/stance is not individually verified as the chosen variant for any of the 12 ideoligions/factions."
ThoughtDef,AG_UnsettlingAppearance,Alpha Genes,unsettling appearance,OCCASIONAL,"Alpha Genes is confirmed live for this campaign (design/canon evidence — see report), but this specific thought/stance is not individually verified as the chosen variant for any of the 12 ideoligions/factions."
ThoughtDef,AG_UsedXenotypeInjector,Alpha Genes,used xenotype injector | I used a xenotype injector.,OCCASIONAL,"Alpha Genes is confirmed live for this campaign (design/canon evidence — see report), but this specific thought/stance is not individually verified as the chosen variant for any of the 12 ideoligions/factions."
ThoughtDef,AM_AmazingAnimaBurial,Alpha Memes,amazing burial | The burial was amazing. I could feel the tree spirit embracing our friend.,OCCASIONAL,"Alpha Memes is confirmed live for this campaign (design/canon evidence — see report), but this specific thought/stance is not individually verified as the chosen variant for any of the 12 ideoligions/factions."
ThoughtDef,AM_AmazingBlastOff,Alpha Memes,"amazing launch | That launch was earthshaking! I can still taste the chemfuel, the perfect way to say goodbye.",OCCASIONAL,"Alpha Memes is confirmed live for this campaign (design/canon evidence — see report), but this specific thought/stance is not individually verified as the chosen variant for any of the 12 ideoligions/factions."
ThoughtDef,AM_AmazingDreadnought,Alpha Memes,amazing entombing | That entombing was amazing. I hope when it's my turn I have no side effects like that.,OCCASIONAL,"Alpha Memes is confirmed live for this campaign (design/canon evidence — see report), but this specific thought/stance is not individually verified as the chosen variant for any of the 12 ideoligions/factions."
ThoughtDef,AM_AmazingFuneral,Alpha Memes,amazing funeral | That funeral went perfectly - it brought up a lot of good memories and showed us a path forward.,OCCASIONAL,"Alpha Memes is confirmed live for this campaign (design/canon evidence — see report), but this specific thought/stance is not individually verified as the chosen variant for any of the 12 ideoligions/factions."
ThoughtDef,AM_AmazingPaste,Alpha Memes,"amazing Funeral | That was very effective, there was so much more nutrients then one could've guessed",OCCASIONAL,"Alpha Memes is confirmed live for this campaign (design/canon evidence — see report), but this specific thought/stance is not individually verified as the chosen variant for any of the 12 ideoligions/factions."
ThoughtDef,AM_AmazingTantrum,Alpha Memes,"amazing tantrum | That tantrum was so satisfying. I got to destroy so much, I'm excited for the new start.",OCCASIONAL,"Alpha Memes is confirmed live for this campaign (design/canon evidence — see report), but this specific thought/stance is not individually verified as the chosen variant for any of the 12 ideoligions/factions."
ThoughtDef,AM_AnimaScreamLesser,Alpha Memes,anima scream | Such a pain in my head. We shouldn't have angered the tree.,OCCASIONAL,"Alpha Memes is confirmed live for this campaign (design/canon evidence — see report), but this specific thought/stance is not individually verified as the chosen variant for any of the 12 ideoligions/factions."
ThoughtDef,AM_AnimaScream_TreesInMap,Alpha Memes,"anima tree around | That strange anima tree is whispering inside my mind, we should get rid of it! | anima trees around | This is madness, those trees need to be cut down NOW.",OCCASIONAL,"Alpha Memes is confirmed live for this campaign (design/canon evidence — see report), but this specific thought/stance is not individually verified as the chosen variant for any of the 12 ideoligions/factions."
ThoughtDef,AM_AnimaScreams_Delightful,Alpha Memes,anima scream | The reverberating mental echoes of the cursed tree's death are music to my brain.,OCCASIONAL,"Alpha Memes is confirmed live for this campaign (design/canon evidence — see report), but this specific thought/stance is not individually verified as the chosen variant for any of the 12 ideoligions/factions."
ThoughtDef,AM_AnimalAnalysis_Expected,Alpha Memes,"no scans | We haven't yet scanned a single animal. We are neglecting our tasks. | very few scans | We have scanned very, very few animals. We need to focus on our tasks. | few scan...",OCCASIONAL,"Alpha Memes is confirmed live for this campaign (design/canon evidence — see report), but this specific thought/stance is not individually verified as the chosen variant for any of the 12 ideoligions/factions."
ThoughtDef,AM_AnimalAnalyzedAndReleased_Encouraged,Alpha Memes,"animal analyzed and released | We released an analyzed animal into the wild, enriching the ecosystem.",OCCASIONAL,"Alpha Memes is confirmed live for this campaign (design/canon evidence — see report), but this specific thought/stance is not individually verified as the chosen variant for any of the 12 ideoligions/factions."
ThoughtDef,AM_AnimalDespised_Died_Despised,Alpha Memes,despised animal died | A despised animal died. The death of such a grotesque abomination is something to celebrate.,OCCASIONAL,"Alpha Memes is confirmed live for this campaign (design/canon evidence — see report), but this specific thought/stance is not individually verified as the chosen variant for any of the 12 ideoligions/factions."
ThoughtDef,AM_AnimalDespised_Died_Normal,Alpha Memes,animal died | An animal died. The sooner we get rid of these misguided genetic creations the sooner the galaxy will be safe.,OCCASIONAL,"Alpha Memes is confirmed live for this campaign (design/canon evidence — see report), but this specific thought/stance is not individually verified as the chosen variant for any of the 12 ideoligions/factions."
ThoughtDef,AM_AnimalRelease_Discouraged,Alpha Memes,"animal released | We released an animal into the wild, damaging the ecosystem.",OCCASIONAL,"Alpha Memes is confirmed live for this campaign (design/canon evidence — see report), but this specific thought/stance is not individually verified as the chosen variant for any of the 12 ideoligions/factions."
ThoughtDef,AM_AnimalRelease_Encouraged,Alpha Memes,"animal released | We released an animal into the wild, enriching the ecosystem.",OCCASIONAL,"Alpha Memes is confirmed live for this campaign (design/canon evidence — see report), but this specific thought/stance is not individually verified as the chosen variant for any of the 12 ideoligions/factions."
ThoughtDef,AM_Armour_Expected,Alpha Memes,no metallic armor | You call this protection? I feel naked. | strong armor | I feel well protected.,OCCASIONAL,"Alpha Memes is confirmed live for this campaign (design/canon evidence — see report), but this specific thought/stance is not individually verified as the chosen variant for any of the 12 ideoligions/factions."
ThoughtDef,AM_ArtQuality_Expected,Alpha Memes,awful art | They say that art is not useless as long as it provokes any emotional response. The problem comes when that response is disgust... | poor art | I'm not gonna lie... thi...,OCCASIONAL,"Alpha Memes is confirmed live for this campaign (design/canon evidence — see report), but this specific thought/stance is not individually verified as the chosen variant for any of the 12 ideoligions/factions."
ThoughtDef,AM_Art_Desired,Alpha Memes,"no art nearby | This colony is barren of fine art. A disgrace. | very little art around | There are only a bunch of art pieces around: where the spirit does not work with the hand,...",OCCASIONAL,"Alpha Memes is confirmed live for this campaign (design/canon evidence — see report), but this specific thought/stance is not individually verified as the chosen variant for any of the 12 ideoligions/factions."
ThoughtDef,AM_AteNutrientPasteMeal_Forbidden,Alpha Memes,ate nutrient paste meal | I'm not eating nutrient paste. I'd rather starve!,OCCASIONAL,"Alpha Memes is confirmed live for this campaign (design/canon evidence — see report), but this specific thought/stance is not individually verified as the chosen variant for any of the 12 ideoligions/factions."
ThoughtDef,AM_AteNutrientPasteMeal_Preferred,Alpha Memes,ate nutrient paste meal | I ate a delicious nutrient paste meal of unknown composition. The wonders of modern technology!,OCCASIONAL,"Alpha Memes is confirmed live for this campaign (design/canon evidence — see report), but this specific thought/stance is not individually verified as the chosen variant for any of the 12 ideoligions/factions."
ThoughtDef,AM_BoringBaptism,Alpha Memes,underwhelming baptism | The ceremony lacked the spirit and grace it deserved. It felt hollow and uninspired.,OCCASIONAL,"Alpha Memes is confirmed live for this campaign (design/canon evidence — see report), but this specific thought/stance is not individually verified as the chosen variant for any of the 12 ideoligions/factions."
ThoughtDef,AM_BoringRelicDestruction,Alpha Memes,"boring relic destruction | The ritual was a bit boring, but we got rid of an obscene idol, and that will only make our beliefs stronger.",OCCASIONAL,"Alpha Memes is confirmed live for this campaign (design/canon evidence — see report), but this specific thought/stance is not individually verified as the chosen variant for any of the 12 ideoligions/factions."
ThoughtDef,AM_BoringRodeo,Alpha Memes,"underwhelming rodeo | The energy was low, and the performance lacked the excitement I was hoping for.",OCCASIONAL,"Alpha Memes is confirmed live for this campaign (design/canon evidence — see report), but this specific thought/stance is not individually verified as the chosen variant for any of the 12 ideoligions/factions."
ThoughtDef,AM_BoringSparring,Alpha Memes,"uneventful sparring match | The match lacked energy and intensity, leaving me feeling unimpressed.",OCCASIONAL,"Alpha Memes is confirmed live for this campaign (design/canon evidence — see report), but this specific thought/stance is not individually verified as the chosen variant for any of the 12 ideoligions/factions."
ThoughtDef,AM_CombatProwess_Increased_UsedMelee,Alpha Memes,"used a non-ranged attack | I had to defend myself using a melee weapon, like some kind of savage caveman. Disgusting.",OCCASIONAL,"Alpha Memes is confirmed live for this campaign (design/canon evidence — see report), but this specific thought/stance is not individually verified as the chosen variant for any of the 12 ideoligions/factions."
ThoughtDef,AM_CombatProwess_Melee_UsedRanged,Alpha Memes,"used a ranged attack | I had to defend myself using a ranged weapon, like some kind of coward. Disgusting.",OCCASIONAL,"Alpha Memes is confirmed live for this campaign (design/canon evidence — see report), but this specific thought/stance is not individually verified as the chosen variant for any of the 12 ideoligions/factions."
ThoughtDef,AM_CorpseRumThought,Alpha Memes,"reminiscent rum | The rum was so delicious, it allows me to reminisce fondly about our fallen comrades.",OCCASIONAL,"Alpha Memes is confirmed live for this campaign (design/canon evidence — see report), but this specific thought/stance is not individually verified as the chosen variant for any of the 12 ideoligions/factions."
ThoughtDef,AM_Corpses_Sublime_ObservedLayingCorpse,Alpha Memes,observed corpse | I saw a dead body laying on the ground. What a glorious sight!,OCCASIONAL,"Alpha Memes is confirmed live for this campaign (design/canon evidence — see report), but this specific thought/stance is not individually verified as the chosen variant for any of the 12 ideoligions/factions."
ThoughtDef,AM_Corpses_Sublime_ObservedLayingRottingCorpse,Alpha Memes,observed rotting corpse | I saw a rotting corpse laying on the ground. What a glorious sight!,OCCASIONAL,"Alpha Memes is confirmed live for this campaign (design/canon evidence — see report), but this specific thought/stance is not individually verified as the chosen variant for any of the 12 ideoligions/factions."
ThoughtDef,AM_DeathKnellThought,Alpha Memes,"death knell | I absorbed the latent psychic power of a downed enemy, So invigorating.",OCCASIONAL,"Alpha Memes is confirmed live for this campaign (design/canon evidence — see report), but this specific thought/stance is not individually verified as the chosen variant for any of the 12 ideoligions/factions."
ThoughtDef,AM_Death_Desired,Alpha Memes,"someone died | The grim spectre of death is welcome among us, for it reveals to us what it means to be truly human.",OCCASIONAL,"Alpha Memes is confirmed live for this campaign (design/canon evidence — see report), but this specific thought/stance is not individually verified as the chosen variant for any of the 12 ideoligions/factions."
ThoughtDef,AM_DeathrestCaskets_Abhorrent,Alpha Memes,"deathrest casket nearby | We have a deathrest casket in the colony. This is blasphemy, it should be dismantled as soon as possible.",OCCASIONAL,"Alpha Memes is confirmed live for this campaign (design/canon evidence — see report), but this specific thought/stance is not individually verified as the chosen variant for any of the 12 ideoligions/factions."
ThoughtDef,AM_DerangedMaddeningChant,Alpha Memes,deranged maddening chant | One person's craziness is another person's reality.,OCCASIONAL,"Alpha Memes is confirmed live for this campaign (design/canon evidence — see report), but this specific thought/stance is not individually verified as the chosen variant for any of the 12 ideoligions/factions."
ThoughtDef,AM_DisastrousBanquet,Alpha Memes,"disastrous banquet | The food was revolting, and arguments spoiled the entire occasion.",OCCASIONAL,"Alpha Memes is confirmed live for this campaign (design/canon evidence — see report), but this specific thought/stance is not individually verified as the chosen variant for any of the 12 ideoligions/factions."
ThoughtDef,AM_DullBanquet,Alpha Memes,"dull banquet | The food was uninspired, and the atmosphere felt lifeless and routine.",OCCASIONAL,"Alpha Memes is confirmed live for this campaign (design/canon evidence — see report), but this specific thought/stance is not individually verified as the chosen variant for any of the 12 ideoligions/factions."
ThoughtDef,AM_EnjoyableBanquet,Alpha Memes,enjoyable banquet | Sharing delicious food and laughter together made the event truly worthwhile.,OCCASIONAL,"Alpha Memes is confirmed live for this campaign (design/canon evidence — see report), but this specific thought/stance is not individually verified as the chosen variant for any of the 12 ideoligions/factions."
ThoughtDef,AM_EntertainingRelicDestruction,Alpha Memes,"entertaining relic destruction | The ritual was entertaining. We got rid of an obscene idol, and that will only make our beliefs stronger.",OCCASIONAL,"Alpha Memes is confirmed live for this campaign (design/canon evidence — see report), but this specific thought/stance is not individually verified as the chosen variant for any of the 12 ideoligions/factions."
ThoughtDef,AM_ExquisiteBanquet,Alpha Memes,"exquisite banquet | The atmosphere was perfect, the company heartwarming, and the food beyond compare.",OCCASIONAL,"Alpha Memes is confirmed live for this campaign (design/canon evidence — see report), but this specific thought/stance is not individually verified as the chosen variant for any of the 12 ideoligions/factions."
ThoughtDef,AM_FunBaptism,Alpha Memes,refreshing baptism | That was a delightful moment of connection with the holy water. It left me feeling renewed.,OCCASIONAL,"Alpha Memes is confirmed live for this campaign (design/canon evidence — see report), but this specific thought/stance is not individually verified as the chosen variant for any of the 12 ideoligions/factions."
ThoughtDef,AM_FunRodeo,Alpha Memes,"thrilling rodeo | The performances were energetic, and the crowd's excitement was contagious. I had a great time.",OCCASIONAL,"Alpha Memes is confirmed live for this campaign (design/canon evidence — see report), but this specific thought/stance is not individually verified as the chosen variant for any of the 12 ideoligions/factions."
ThoughtDef,AM_FunSparring,Alpha Memes,"invigorating sparring match | A lively match that showcased skill and spirit, leaving me feeling energized.",OCCASIONAL,"Alpha Memes is confirmed live for this campaign (design/canon evidence — see report), but this specific thought/stance is not individually verified as the chosen variant for any of the 12 ideoligions/factions."
ThoughtDef,AM_GauranlenConnection_Forbidden,Alpha Memes,connected to a gauranlen tree | I'm connected to a parasitic alien tree. It's disgusting. I refuse to tend to it and its disgusting progeny.,OCCASIONAL,"Alpha Memes is confirmed live for this campaign (design/canon evidence — see report), but this specific thought/stance is not individually verified as the chosen variant for any of the 12 ideoligions/factions."
ThoughtDef,AM_GauranlenConnection_Forbidden_CutGauranlenTree,Alpha Memes,cut Gauranlen tree | Our colony has gotten rid of another of those parasitic alien trees. Good riddance!,OCCASIONAL,"Alpha Memes is confirmed live for this campaign (design/canon evidence — see report), but this specific thought/stance is not individually verified as the chosen variant for any of the 12 ideoligions/factions."
ThoughtDef,AM_GoodAnimaBurial,Alpha Memes,"good burial | The burial went well, a good sendoff and I believe my friend is with the tree's spirit now.",OCCASIONAL,"Alpha Memes is confirmed live for this campaign (design/canon evidence — see report), but this specific thought/stance is not individually verified as the chosen variant for any of the 12 ideoligions/factions."
ThoughtDef,AM_GoodBlastOff,Alpha Memes,"good launch | The launch went well, a good sendoff.",OCCASIONAL,"Alpha Memes is confirmed live for this campaign (design/canon evidence — see report), but this specific thought/stance is not individually verified as the chosen variant for any of the 12 ideoligions/factions."
ThoughtDef,AM_GoodDreadnought,Alpha Memes,"good entombing | That entombing went well, I'm sure they'll be walking shortly.",OCCASIONAL,"Alpha Memes is confirmed live for this campaign (design/canon evidence — see report), but this specific thought/stance is not individually verified as the chosen variant for any of the 12 ideoligions/factions."
ThoughtDef,AM_GoodFuneral,Alpha Memes,good funeral | That funeral went well - a good way to say goodbye.,OCCASIONAL,"Alpha Memes is confirmed live for this campaign (design/canon evidence — see report), but this specific thought/stance is not individually verified as the chosen variant for any of the 12 ideoligions/factions."
ThoughtDef,AM_GoodPaste,Alpha Memes,"good Funeral | That was pretty good, I got a good meal out of it",OCCASIONAL,"Alpha Memes is confirmed live for this campaign (design/canon evidence — see report), but this specific thought/stance is not individually verified as the chosen variant for any of the 12 ideoligions/factions."
ThoughtDef,AM_GoodTantrum,Alpha Memes,good tantrum | That tantrum was enjoyable. Got some of the anger and bad feelings out so we can move on.,OCCASIONAL,"Alpha Memes is confirmed live for this campaign (design/canon evidence — see report), but this specific thought/stance is not individually verified as the chosen variant for any of the 12 ideoligions/factions."
ThoughtDef,AM_HarbingerTrees_Disgusting_CutHarbingerTree,Alpha Memes,cut Harbinger tree | Our colony has gotten rid of a weird carnivore tree. Who made that thing??,OCCASIONAL,"Alpha Memes is confirmed live for this campaign (design/canon evidence — see report), but this specific thought/stance is not individually verified as the chosen variant for any of the 12 ideoligions/factions."
ThoughtDef,AM_Horses_Desired_HorseDied,Alpha Memes,"colony horse died | Such a cruel world. Our horses are not just animals, but our friends and companions.",OCCASIONAL,"Alpha Memes is confirmed live for this campaign (design/canon evidence — see report), but this specific thought/stance is not individually verified as the chosen variant for any of the 12 ideoligions/factions."
ThoughtDef,AM_IncredibleAnimaBurial,Alpha Memes,"incredible burial | That burial was enlightening, the tree spirit graced us with some of its power.",OCCASIONAL,"Alpha Memes is confirmed live for this campaign (design/canon evidence — see report), but this specific thought/stance is not individually verified as the chosen variant for any of the 12 ideoligions/factions."
ThoughtDef,AM_InsaneMaddeningChant,Alpha Memes,"insane maddening chant | Sweet, crazy conversations full of half sentences, daydreams and misunderstandings more thrilling than understanding could ever be.",OCCASIONAL,"Alpha Memes is confirmed live for this campaign (design/canon evidence — see report), but this specific thought/stance is not individually verified as the chosen variant for any of the 12 ideoligions/factions."
ThoughtDef,AM_LacklusterAnimaBurial,Alpha Memes,lackluster burial | That anima burial was quite disappointing. The tree spirit seemed displeased.,OCCASIONAL,"Alpha Memes is confirmed live for this campaign (design/canon evidence — see report), but this specific thought/stance is not individually verified as the chosen variant for any of the 12 ideoligions/factions."
ThoughtDef,AM_LacklusterBlastOff,Alpha Memes,lackluster launch | That launch was quite disappointing. I doubt they even make it to the edge of the atmosphere,OCCASIONAL,"Alpha Memes is confirmed live for this campaign (design/canon evidence — see report), but this specific thought/stance is not individually verified as the chosen variant for any of the 12 ideoligions/factions."
ThoughtDef,AM_LacklusterDreadnought,Alpha Memes,lackluster entombing | That entombing was messy and dangerous. I hope they make it through.,OCCASIONAL,"Alpha Memes is confirmed live for this campaign (design/canon evidence — see report), but this specific thought/stance is not individually verified as the chosen variant for any of the 12 ideoligions/factions."
ThoughtDef,AM_LacklusterFuneral,Alpha Memes,lackluster funeral | That funeral was really uninspired and didn't resolve anything.,OCCASIONAL,"Alpha Memes is confirmed live for this campaign (design/canon evidence — see report), but this specific thought/stance is not individually verified as the chosen variant for any of the 12 ideoligions/factions."
ThoughtDef,AM_LacklusterPaste,Alpha Memes,"lackluster Funeral | I'd have rather been doing something else, at least the nutrients weren't wasted",OCCASIONAL,"Alpha Memes is confirmed live for this campaign (design/canon evidence — see report), but this specific thought/stance is not individually verified as the chosen variant for any of the 12 ideoligions/factions."
ThoughtDef,AM_LacklusterTantrum,Alpha Memes,lackluster tantrum | That tantrum could've been a lot better. I think I chose my targets wrong.,OCCASIONAL,"Alpha Memes is confirmed live for this campaign (design/canon evidence — see report), but this specific thought/stance is not individually verified as the chosen variant for any of the 12 ideoligions/factions."
ThoughtDef,AM_Meals_QualityDesired_AteLavishMeal,Alpha Memes,"ate delightful meal | That meal was a masterpiece—a symphony of flavors and textures. For a moment, all felt right with the world.",OCCASIONAL,"Alpha Memes is confirmed live for this campaign (design/canon evidence — see report), but this specific thought/stance is not individually verified as the chosen variant for any of the 12 ideoligions/factions."
ThoughtDef,AM_Meals_QualityDesired_AteRawFood,Alpha Memes,"ate raw food | I was forced to eat raw food. It’s an utter abomination—filthy, revolting, and beneath any sense of decency. We’re not beasts scavenging in the dirt!",OCCASIONAL,"Alpha Memes is confirmed live for this campaign (design/canon evidence — see report), but this specific thought/stance is not individually verified as the chosen variant for any of the 12 ideoligions/factions."
ThoughtDef,AM_Meals_QualityDesired_AteSimpleMeal,Alpha Memes,"ate simple meal | Really? Was that the best we can do? What a bland, simple meal.",OCCASIONAL,"Alpha Memes is confirmed live for this campaign (design/canon evidence — see report), but this specific thought/stance is not individually verified as the chosen variant for any of the 12 ideoligions/factions."
ThoughtDef,AM_Megaliths_Desired,Alpha Memes,"desiring megalithic constructions | We are disrespecting our ancestors, we should build more megaliths.",OCCASIONAL,"Alpha Memes is confirmed live for this campaign (design/canon evidence — see report), but this specific thought/stance is not individually verified as the chosen variant for any of the 12 ideoligions/factions."
ThoughtDef,AM_Mood_Volatile,Alpha Memes,spiders in my face | Did you know you swallow at least two spiders every night? I enjoy it. They taste like cinnamon. | clown in the sky looking at me | There is a stern-looking cl...,OCCASIONAL,"Alpha Memes is confirmed live for this campaign (design/canon evidence — see report), but this specific thought/stance is not individually verified as the chosen variant for any of the 12 ideoligions/factions."
ThoughtDef,AM_OcularTrees_TreesDesired,Alpha Memes,"no ocular trees | There are no ocular trees around, and I feel nervous being outside of their soothing gaze. | scarce ocular trees | There are very few ocular trees around. | adequ...",OCCASIONAL,"Alpha Memes is confirmed live for this campaign (design/canon evidence — see report), but this specific thought/stance is not individually verified as the chosen variant for any of the 12 ideoligions/factions."
ThoughtDef,AM_OrganUse_Know_Torturous,Alpha Memes,harvested organ,OCCASIONAL,"Alpha Memes is confirmed live for this campaign (design/canon evidence — see report), but this specific thought/stance is not individually verified as the chosen variant for any of the 12 ideoligions/factions."
ThoughtDef,AM_OrganUse_Know_Torturous_Mood,Alpha Memes,organ harvested | A colonist tortured someone and harvested organs while he was still alive. Glorious!,OCCASIONAL,"Alpha Memes is confirmed live for this campaign (design/canon evidence — see report), but this specific thought/stance is not individually verified as the chosen variant for any of the 12 ideoligions/factions."
ThoughtDef,AM_OrganUse_Torturous,Alpha Memes,harvested organ | I tortured someone and harvested organs while he was still alive. What an exquisite deliverance of suffering.,OCCASIONAL,"Alpha Memes is confirmed live for this campaign (design/canon evidence — see report), but this specific thought/stance is not individually verified as the chosen variant for any of the 12 ideoligions/factions."
ThoughtDef,AM_PsychoticMaddeningChant,Alpha Memes,psychotic maddening chant | There's a fine line between genius and insanity. We have erased this line.,OCCASIONAL,"Alpha Memes is confirmed live for this campaign (design/canon evidence — see report), but this specific thought/stance is not individually verified as the chosen variant for any of the 12 ideoligions/factions."
ThoughtDef,AM_Rain_Blessed,Alpha Memes,"it's raining | Rain is a blessing, purifying our souls with its sacred touch.",OCCASIONAL,"Alpha Memes is confirmed live for this campaign (design/canon evidence — see report), but this specific thought/stance is not individually verified as the chosen variant for any of the 12 ideoligions/factions."
ThoughtDef,AM_Rain_Disliked,Alpha Memes,"it's raining | The rain weighs on me, bringing discomfort and longing for the sun.",OCCASIONAL,"Alpha Memes is confirmed live for this campaign (design/canon evidence — see report), but this specific thought/stance is not individually verified as the chosen variant for any of the 12 ideoligions/factions."
ThoughtDef,AM_Ranching_CattleCentered_CattleMassPerCapita,Alpha Memes,"no cattle | We have no cattle at all! What kind of cowboys are we? | scarce cattle | Our herd is pitifully small. Without cattle, this doesn’t feel like a real ranch. | few cattle ...",OCCASIONAL,"Alpha Memes is confirmed live for this campaign (design/canon evidence — see report), but this specific thought/stance is not individually verified as the chosen variant for any of the 12 ideoligions/factions."
ThoughtDef,AM_Ranching_CattleCentered_Pens,Alpha Memes,"no pen markers around | There are no pens in our colony. It's peaceful, but something feels missing. | pen marker around | We have a pen marker set up. It's a good start to raising...",OCCASIONAL,"Alpha Memes is confirmed live for this campaign (design/canon evidence — see report), but this specific thought/stance is not individually verified as the chosen variant for any of the 12 ideoligions/factions."
ThoughtDef,AM_RationalMaddeningChant,Alpha Memes,"rational maddening chant | What was that? There was no shared insanity, no cackling forbidden whispers of madness. What a bore.",OCCASIONAL,"Alpha Memes is confirmed live for this campaign (design/canon evidence — see report), but this specific thought/stance is not individually verified as the chosen variant for any of the 12 ideoligions/factions."
ThoughtDef,AM_Recreation_Abhorrent,Alpha Memes,waste of time | Recreation is a complete waste of time. I have much better things to do with my time.,OCCASIONAL,"Alpha Memes is confirmed live for this campaign (design/canon evidence — see report), but this specific thought/stance is not individually verified as the chosen variant for any of the 12 ideoligions/factions."
ThoughtDef,AM_RelicDestruction_Desired,Alpha Memes,destroyed a relic | We destroyed a relic. Feels good to get rid of such obscene idols. | destroyed two relics | We destroyed two relics. We won't rest until we have destroyed all t...,OCCASIONAL,"Alpha Memes is confirmed live for this campaign (design/canon evidence — see report), but this specific thought/stance is not individually verified as the chosen variant for any of the 12 ideoligions/factions."
ThoughtDef,AM_Religion_Despised,Alpha Memes,religious beliefs,OCCASIONAL,"Alpha Memes is confirmed live for this campaign (design/canon evidence — see report), but this specific thought/stance is not individually verified as the chosen variant for any of the 12 ideoligions/factions."
ThoughtDef,AM_Religion_Disliked,Alpha Memes,religious beliefs,OCCASIONAL,"Alpha Memes is confirmed live for this campaign (design/canon evidence — see report), but this specific thought/stance is not individually verified as the chosen variant for any of the 12 ideoligions/factions."
ThoughtDef,AM_Religion_Loved,Alpha Memes,religious beliefs,OCCASIONAL,"Alpha Memes is confirmed live for this campaign (design/canon evidence — see report), but this specific thought/stance is not individually verified as the chosen variant for any of the 12 ideoligions/factions."
ThoughtDef,AM_Religion_ProselytismDisliked,Alpha Memes,proselytizing behaviour,OCCASIONAL,"Alpha Memes is confirmed live for this campaign (design/canon evidence — see report), but this specific thought/stance is not individually verified as the chosen variant for any of the 12 ideoligions/factions."
ThoughtDef,AM_Reliquaries_Forbidden,Alpha Memes,"reliquary nearby | We have a reliquary in the colony. This is blasphemy, it should be dismantled as soon as possible.",OCCASIONAL,"Alpha Memes is confirmed live for this campaign (design/canon evidence — see report), but this specific thought/stance is not individually verified as the chosen variant for any of the 12 ideoligions/factions."
ThoughtDef,AM_RoughLiving_Disliked_AteInWoodenTable,Alpha Memes,ate in wooden table | Dining on a table crafted from fallen trees fills me with pride. A symbol of our dominance over the wild.,OCCASIONAL,"Alpha Memes is confirmed live for this campaign (design/canon evidence — see report), but this specific thought/stance is not individually verified as the chosen variant for any of the 12 ideoligions/factions."
ThoughtDef,AM_RoughLiving_Disliked_AteWithoutATable,Alpha Memes,ate without table | I had to eat a meal off the filthy ground like a wild animal. This is beneath even the barest standards of decency!,OCCASIONAL,"Alpha Memes is confirmed live for this campaign (design/canon evidence — see report), but this specific thought/stance is not individually verified as the chosen variant for any of the 12 ideoligions/factions."
ThoughtDef,AM_RoughLiving_Disliked_SleptInWoodenBed,Alpha Memes,slept in wooden bed | There's something deeply satisfying about resting on the remains of felled trees. A proper victory over nature.,OCCASIONAL,"Alpha Memes is confirmed live for this campaign (design/canon evidence — see report), but this specific thought/stance is not individually verified as the chosen variant for any of the 12 ideoligions/factions."
ThoughtDef,AM_SanguophageCamps_BloodfeederDied_Desire,Alpha Memes,too long without killing a sanguophage | It's been more than three quadrums since our colony has killed a Sanguophage... What kind of hunters are we?,OCCASIONAL,"Alpha Memes is confirmed live for this campaign (design/canon evidence — see report), but this specific thought/stance is not individually verified as the chosen variant for any of the 12 ideoligions/factions."
ThoughtDef,AM_SanguophageCamps_RaidingDesired,Alpha Memes,raided a sanguophage camp | I raided a camp full of disgusting Sanguophages!,OCCASIONAL,"Alpha Memes is confirmed live for this campaign (design/canon evidence — see report), but this specific thought/stance is not individually verified as the chosen variant for any of the 12 ideoligions/factions."
ThoughtDef,AM_SanguophageCamps_RaidingDesired_Know,Alpha Memes,raided a sanguophage camp together,OCCASIONAL,"Alpha Memes is confirmed live for this campaign (design/canon evidence — see report), but this specific thought/stance is not individually verified as the chosen variant for any of the 12 ideoligions/factions."
ThoughtDef,AM_SleptInBarracksMonastic,Alpha Memes,"awful barrack | We appreciate the monastic, austere lifestyle, but this place is a PIT. | dull barrack | We appreciate the monastic, austere lifestyle, but this place could use a l...",OCCASIONAL,"Alpha Memes is confirmed live for this campaign (design/canon evidence — see report), but this specific thought/stance is not individually verified as the chosen variant for any of the 12 ideoligions/factions."
ThoughtDef,AM_SleptInBarracksPreferred,Alpha Memes,"awful barrack | I had to sleep in a terrible, terrible room, crowded like animals. | dull barrack | We appreciate the shared barracks, but this place could use a little bit of clea...",OCCASIONAL,"Alpha Memes is confirmed live for this campaign (design/canon evidence — see report), but this specific thought/stance is not individually verified as the chosen variant for any of the 12 ideoligions/factions."
ThoughtDef,AM_SleptInPrivateRoomMonastic,Alpha Memes,private room | A private room seems like an unnecessary luxury on the Rim. I'd rather sleep in a barracks with my brothers and sisters.,OCCASIONAL,"Alpha Memes is confirmed live for this campaign (design/canon evidence — see report), but this specific thought/stance is not individually verified as the chosen variant for any of the 12 ideoligions/factions."
ThoughtDef,AM_SleptInPrivateRoomPreferred,Alpha Memes,private room | A private room seems like a dangerous prospect on the Rim. I'd rather sleep in a barracks with other people.,OCCASIONAL,"Alpha Memes is confirmed live for this campaign (design/canon evidence — see report), but this specific thought/stance is not individually verified as the chosen variant for any of the 12 ideoligions/factions."
ThoughtDef,AM_TableQuality_Desired_AteInLowQualityTable,Alpha Memes,ate in shoddy table | I had to eat at that ramshackle excuse for a table. Its wobbling legs and splintered surface were an insult to the act of dining itself.,OCCASIONAL,"Alpha Memes is confirmed live for this campaign (design/canon evidence — see report), but this specific thought/stance is not individually verified as the chosen variant for any of the 12 ideoligions/factions."
ThoughtDef,AM_TeaCeremonyBlasphemous,Alpha Memes,profane tea ceremony | The ceremony was an affront to the sacred art of tea. This desecration will linger in my thoughts.,OCCASIONAL,"Alpha Memes is confirmed live for this campaign (design/canon evidence — see report), but this specific thought/stance is not individually verified as the chosen variant for any of the 12 ideoligions/factions."
ThoughtDef,AM_TeaCeremonyRefreshing,Alpha Memes,soothing tea ceremony | That was a delightful moment of connection with the essence of tea. It left me feeling renewed.,OCCASIONAL,"Alpha Memes is confirmed live for this campaign (design/canon evidence — see report), but this specific thought/stance is not individually verified as the chosen variant for any of the 12 ideoligions/factions."
ThoughtDef,AM_TeaCeremonyTranscendent,Alpha Memes,"enlightening tea ceremony | This ceremony was a profound experience, an unforgettable communion with the sacred tea.",OCCASIONAL,"Alpha Memes is confirmed live for this campaign (design/canon evidence — see report), but this specific thought/stance is not individually verified as the chosen variant for any of the 12 ideoligions/factions."
ThoughtDef,AM_TeaCeremonyUnderwhelming,Alpha Memes,disappointing tea ceremony | The ceremony lacked the spirit and grace it deserved. It felt hollow and uninspired.,OCCASIONAL,"Alpha Memes is confirmed live for this campaign (design/canon evidence — see report), but this specific thought/stance is not individually verified as the chosen variant for any of the 12 ideoligions/factions."
ThoughtDef,AM_TeaDrinking_Required_DrankPsychiteTea,Alpha Memes,"drank psychite tea | That wasn't real tea, and very simple, but it had a pleasant flavor. It hit the spot.",OCCASIONAL,"Alpha Memes is confirmed live for this campaign (design/canon evidence — see report), but this specific thought/stance is not individually verified as the chosen variant for any of the 12 ideoligions/factions."
ThoughtDef,AM_TeaDrinking_Required_DrankSpecialtyTea,Alpha Memes,"drank specialty tea | That specialty tea was exquisite—rich, fragrant, and exactly what I needed.",OCCASIONAL,"Alpha Memes is confirmed live for this campaign (design/canon evidence — see report), but this specific thought/stance is not individually verified as the chosen variant for any of the 12 ideoligions/factions."
ThoughtDef,AM_TeaDrinking_Required_DrankTea,Alpha Memes,drank tea | That tea was refreshing and comforting. A nice moment of calm.,OCCASIONAL,"Alpha Memes is confirmed live for this campaign (design/canon evidence — see report), but this specific thought/stance is not individually verified as the chosen variant for any of the 12 ideoligions/factions."
ThoughtDef,AM_TeaNeed,Alpha Memes,"craving tea | I need tea, badly... My head feels foggy, my nerves are frayed... I’d brew shoe leather if it smelled remotely like tea right now. | desiring tea | It's been too long...",OCCASIONAL,"Alpha Memes is confirmed live for this campaign (design/canon evidence — see report), but this specific thought/stance is not individually verified as the chosen variant for any of the 12 ideoligions/factions."
ThoughtDef,AM_TerribleAnimaBurial,Alpha Memes,"disgraceful burial | That anima burial was devastating, I hope the tree spirit will forgive us some day.",OCCASIONAL,"Alpha Memes is confirmed live for this campaign (design/canon evidence — see report), but this specific thought/stance is not individually verified as the chosen variant for any of the 12 ideoligions/factions."
ThoughtDef,AM_TerribleBaptism,Alpha Memes,blasphemous baptism | The ritual was an affront to the holiness of water. This desecration will linger in my thoughts.,OCCASIONAL,"Alpha Memes is confirmed live for this campaign (design/canon evidence — see report), but this specific thought/stance is not individually verified as the chosen variant for any of the 12 ideoligions/factions."
ThoughtDef,AM_TerribleBlastOff,Alpha Memes,"disgraceful launch | That launch was horrific, something must have been very wrong with that pod.",OCCASIONAL,"Alpha Memes is confirmed live for this campaign (design/canon evidence — see report), but this specific thought/stance is not individually verified as the chosen variant for any of the 12 ideoligions/factions."
ThoughtDef,AM_TerribleDreadnought,Alpha Memes,disgraceful entombing | That entombing was a complete failure. I hope that doesn't happen to me when it's my time.,OCCASIONAL,"Alpha Memes is confirmed live for this campaign (design/canon evidence — see report), but this specific thought/stance is not individually verified as the chosen variant for any of the 12 ideoligions/factions."
ThoughtDef,AM_TerribleFuneral,Alpha Memes,disgraceful funeral | That funeral was borderline insulting to everyone involved,OCCASIONAL,"Alpha Memes is confirmed live for this campaign (design/canon evidence — see report), but this specific thought/stance is not individually verified as the chosen variant for any of the 12 ideoligions/factions."
ThoughtDef,AM_TerriblePaste,Alpha Memes,disgraceful funeral | That was a waste of time and precious nutrients.,OCCASIONAL,"Alpha Memes is confirmed live for this campaign (design/canon evidence — see report), but this specific thought/stance is not individually verified as the chosen variant for any of the 12 ideoligions/factions."
ThoughtDef,AM_TerribleRodeo,Alpha Memes,disastrous rodeo | The event was chaotic and poorly organized. It was embarrassing and left me feeling disappointed.,OCCASIONAL,"Alpha Memes is confirmed live for this campaign (design/canon evidence — see report), but this specific thought/stance is not individually verified as the chosen variant for any of the 12 ideoligions/factions."
ThoughtDef,AM_TerribleSparring,Alpha Memes,"embarrassing sparring match | The match lacked skill, discipline, and respect. It was a shameful display that lingers in my thoughts.",OCCASIONAL,"Alpha Memes is confirmed live for this campaign (design/canon evidence — see report), but this specific thought/stance is not individually verified as the chosen variant for any of the 12 ideoligions/factions."
ThoughtDef,AM_TerribleTantrum,Alpha Memes,terrible tantrum | That tantrum was a waste of time. We barely did anything.,OCCASIONAL,"Alpha Memes is confirmed live for this campaign (design/canon evidence — see report), but this specific thought/stance is not individually verified as the chosen variant for any of the 12 ideoligions/factions."
ThoughtDef,AM_TreeDensityReduced,Alpha Memes,"trees untouched | In the past quadrum, we didn’t destroy many trees at all. It’s disappointing to see so little improvement. | trees disturbed | In the past quadrum, we destroyed a...",OCCASIONAL,"Alpha Memes is confirmed live for this campaign (design/canon evidence — see report), but this specific thought/stance is not individually verified as the chosen variant for any of the 12 ideoligions/factions."
ThoughtDef,AM_Trees_Despised,Alpha Memes,"repulsive forests | I am surrounded by several massive, ugly trees. The sight of these overgrown eyesores repulses me! | abominable trees | I very recently encountered a massive, u...",OCCASIONAL,"Alpha Memes is confirmed live for this campaign (design/canon evidence — see report), but this specific thought/stance is not individually verified as the chosen variant for any of the 12 ideoligions/factions."
ThoughtDef,AM_UnforgettableBaptism,Alpha Memes,"transcendent baptism | This ritual was a profound experience, an unforgettable communion with the sacred flow of life.",OCCASIONAL,"Alpha Memes is confirmed live for this campaign (design/canon evidence — see report), but this specific thought/stance is not individually verified as the chosen variant for any of the 12 ideoligions/factions."
ThoughtDef,AM_UnforgettableRodeo,Alpha Memes,legendary rodeo | The event was electrifying and unforgettable. It was one of the greatest moments in our colony's history!,OCCASIONAL,"Alpha Memes is confirmed live for this campaign (design/canon evidence — see report), but this specific thought/stance is not individually verified as the chosen variant for any of the 12 ideoligions/factions."
ThoughtDef,AM_UnforgettableSparring,Alpha Memes,"exhilarating sparring match | A breathtaking display of mastery and determination, leaving a lasting impression on me.",OCCASIONAL,"Alpha Memes is confirmed live for this campaign (design/canon evidence — see report), but this specific thought/stance is not individually verified as the chosen variant for any of the 12 ideoligions/factions."
ThoughtDef,AM_Violence_Abhorrent_Strict,Alpha Memes,"someone died | The grim reality of death reminds us that this world is a cruel place, and makes us believe more firmly in our path of nonviolence.",OCCASIONAL,"Alpha Memes is confirmed live for this campaign (design/canon evidence — see report), but this specific thought/stance is not individually verified as the chosen variant for any of the 12 ideoligions/factions."
ThoughtDef,AM_Water_Desired,Alpha Memes,in a watery biome | Being near water fills me with peace and purpose. Its presence is a gift we must honor. | in a non-watery biome | The absence of water weighs on my soul. This l...,OCCASIONAL,"Alpha Memes is confirmed live for this campaign (design/canon evidence — see report), but this specific thought/stance is not individually verified as the chosen variant for any of the 12 ideoligions/factions."
ThoughtDef,AN_SlaughteredAnimal_Desired,Alpha Memes,slaughtered animal | I slaughtered an animal. We are doing a vital and necessary job.,OCCASIONAL,"Alpha Memes is confirmed live for this campaign (design/canon evidence — see report), but this specific thought/stance is not individually verified as the chosen variant for any of the 12 ideoligions/factions."
ThoughtDef,AN_SlaughteredAnimal_Know_Desired,Alpha Memes,slaughtered animal,OCCASIONAL,"Alpha Memes is confirmed live for this campaign (design/canon evidence — see report), but this specific thought/stance is not individually verified as the chosen variant for any of the 12 ideoligions/factions."
ThoughtDef,AN_SlaughteredAnimal_Know_Desired_Mood,Alpha Memes,animal slaughtered | Someone slaughtered an animal. We are doing a vital and necessary job.,OCCASIONAL,"Alpha Memes is confirmed live for this campaign (design/canon evidence — see report), but this specific thought/stance is not individually verified as the chosen variant for any of the 12 ideoligions/factions."
ThoughtDef,GR_AmazingExtraction,Alpha Memes,amazing extraction | That exctraction was amazing. I can't wait to see what the final creation,OCCASIONAL,"Alpha Memes is confirmed live for this campaign (design/canon evidence — see report), but this specific thought/stance is not individually verified as the chosen variant for any of the 12 ideoligions/factions."
ThoughtDef,GR_GoodExtraction,Alpha Memes,"good extraction | That extraction went well, they'll be repurposed well.",OCCASIONAL,"Alpha Memes is confirmed live for this campaign (design/canon evidence — see report), but this specific thought/stance is not individually verified as the chosen variant for any of the 12 ideoligions/factions."
ThoughtDef,GR_LacklusterExtraction,Alpha Memes,lackluster extraction | That extraction was really uninspired and I fear they will be wasted on that creation.,OCCASIONAL,"Alpha Memes is confirmed live for this campaign (design/canon evidence — see report), but this specific thought/stance is not individually verified as the chosen variant for any of the 12 ideoligions/factions."
ThoughtDef,GR_TerribleExtraction,Alpha Memes,"disgraceful extraction | That extraction was devestating, now I have to say goodbye.",OCCASIONAL,"Alpha Memes is confirmed live for this campaign (design/canon evidence — see report), but this specific thought/stance is not individually verified as the chosen variant for any of the 12 ideoligions/factions."
ThoughtDef,BS_AlienApperanceStandards,Big and Small - Genes & More,they look just like my kind | they look a lot like my kind | they look uncanny | uncomfortably alien appearance | they have an unsettlingly alien appearance | i find their appearan...,OCCASIONAL,"Big and Small - Genes & More is confirmed live for this campaign (design/canon evidence — see report), but this specific thought/stance is not individually verified as the chosen variant for any of the 12 ideoligions/factions."
ThoughtDef,BS_DrunkenHigh2,Big and Small - Genes & More,drunken revelry | The party is just starting!,OCCASIONAL,"Big and Small - Genes & More is confirmed live for this campaign (design/canon evidence — see report), but this specific thought/stance is not individually verified as the chosen variant for any of the 12 ideoligions/factions."
ThoughtDef,BS_DrunkenHigh3,Big and Small - Genes & More,drunken high! | No one will end my revelry.,OCCASIONAL,"Big and Small - Genes & More is confirmed live for this campaign (design/canon evidence — see report), but this specific thought/stance is not individually verified as the chosen variant for any of the 12 ideoligions/factions."
ThoughtDef,BS_Mood_Deteriorated_Mind,Big and Small - Genes & More,deteriorated mind | {PAWN_nameDef} struggles to control impulses,OCCASIONAL,"Big and Small - Genes & More is confirmed live for this campaign (design/canon evidence — see report), but this specific thought/stance is not individually verified as the chosen variant for any of the 12 ideoligions/factions."
ThoughtDef,BS_Mood_Violently_Insane,Big and Small - Genes & More,violently insane | Frequently lashes out with uncontrolled violence.,OCCASIONAL,"Big and Small - Genes & More is confirmed live for this campaign (design/canon evidence — see report), but this specific thought/stance is not individually verified as the chosen variant for any of the 12 ideoligions/factions."
ThoughtDef,BS_SimpleMind,Big and Small - Genes & More,simple joy | Natural bonus from 'simple mind' gene,OCCASIONAL,"Big and Small - Genes & More is confirmed live for this campaign (design/canon evidence — see report), but this specific thought/stance is not individually verified as the chosen variant for any of the 12 ideoligions/factions."
ThoughtDef,BS_VerySimpleMind,Big and Small - Genes & More,simple joy | Natural bonus from 'very simple mind' gene,OCCASIONAL,"Big and Small - Genes & More is confirmed live for this campaign (design/canon evidence — see report), but this specific thought/stance is not individually verified as the chosen variant for any of the 12 ideoligions/factions."
ThoughtDef,BS_WerewolfRage,Big and Small - Genes & More,Werewolf rage | Raaaaaaah!,OCCASIONAL,"Big and Small - Genes & More is confirmed live for this campaign (design/canon evidence — see report), but this specific thought/stance is not individually verified as the chosen variant for any of the 12 ideoligions/factions."
ThoughtDef,VU_SuccubusEuphoria,Big and Small - Genes & More,succubus bond | I'm fortunate to be with such a wonderful person.,OCCASIONAL,"Big and Small - Genes & More is confirmed live for this campaign (design/canon evidence — see report), but this specific thought/stance is not individually verified as the chosen variant for any of the 12 ideoligions/factions."
ThoughtDef,VU_ThrallEuphoria,Big and Small - Genes & More,"crumbling bond | I feel horrible, but I also feel like my thouhts are becoming my own again. | weakening bond | I feel strange... weak... and uneasy... | strong bond | I'm safe und...",OCCASIONAL,"Big and Small - Genes & More is confirmed live for this campaign (design/canon evidence — see report), but this specific thought/stance is not individually verified as the chosen variant for any of the 12 ideoligions/factions."
ThoughtDef,VU_WhiteRoseEuphoria,Big and Small - Genes & More,euphoria | I'm feeling good.,OCCASIONAL,"Big and Small - Genes & More is confirmed live for this campaign (design/canon evidence — see report), but this specific thought/stance is not individually verified as the chosen variant for any of the 12 ideoligions/factions."
ThoughtDef,BMT_AteFungalLog,Biomes! Caverns,"ate fungal log | My teeth hurt, why did I do this?",OCCASIONAL,"Biomes! Caverns is confirmed live for this campaign (design/canon evidence — see report), but this specific thought/stance is not individually verified as the chosen variant for any of the 12 ideoligions/factions."
ThoughtDef,BMT_AteRawDulcis,Biomes! Caverns,ate raw dulcis | I ate a delicious dulcis. It was really sweet!,OCCASIONAL,"Biomes! Caverns is confirmed live for this campaign (design/canon evidence — see report), but this specific thought/stance is not individually verified as the chosen variant for any of the 12 ideoligions/factions."
ThoughtDef,BMT_AteRawShimmershroom,Biomes! Caverns,ate raw shimmershroom | I ate a delicious shimmershroom. It was luxuriantly sweet and velvety!,OCCASIONAL,"Biomes! Caverns is confirmed live for this campaign (design/canon evidence — see report), but this specific thought/stance is not individually verified as the chosen variant for any of the 12 ideoligions/factions."
ThoughtDef,BMT_BreathedGleamcapSmoke,Biomes! Caverns,breathed gleamcap smoke | I breathed a strange smoke from that gleamcap. I am feeling so gooood!,OCCASIONAL,"Biomes! Caverns is confirmed live for this campaign (design/canon evidence — see report), but this specific thought/stance is not individually verified as the chosen variant for any of the 12 ideoligions/factions."
ThoughtDef,BMT_DrankCactusJuice,Biomes! Caverns,drank cactus juice | I drank the juice of a cave cactus. It was surprisingly good!,OCCASIONAL,"Biomes! Caverns is confirmed live for this campaign (design/canon evidence — see report), but this specific thought/stance is not individually verified as the chosen variant for any of the 12 ideoligions/factions."
ThoughtDef,BMT_GlintThought,Biomes! Caverns,glint high | My body feels ready to work.,OCCASIONAL,"Biomes! Caverns is confirmed live for this campaign (design/canon evidence — see report), but this specific thought/stance is not individually verified as the chosen variant for any of the 12 ideoligions/factions."
ThoughtDef,BMT_GlitterThought,Biomes! Caverns,glitter high | Glitter makes me feel ready to work but my mind feels strangely distant.,OCCASIONAL,"Biomes! Caverns is confirmed live for this campaign (design/canon evidence — see report), but this specific thought/stance is not individually verified as the chosen variant for any of the 12 ideoligions/factions."
ThoughtDef,BMT_StimquillThought,Biomes! Caverns,"stimquill high | Stimquill makes me feel calmer, and gives me energy at the same time.",OCCASIONAL,"Biomes! Caverns is confirmed live for this campaign (design/canon evidence — see report), but this specific thought/stance is not individually verified as the chosen variant for any of the 12 ideoligions/factions."
ThoughtDef,BMT_Thought_PhosphoricLights,Biomes! Caverns,mesmerizing lights | These beautiful lights fill my heart with joy.,OCCASIONAL,"Biomes! Caverns is confirmed live for this campaign (design/canon evidence — see report), but this specific thought/stance is not individually verified as the chosen variant for any of the 12 ideoligions/factions."
ThoughtDef,BMT_UndergrounderMushroomed,Biomes! Caverns,"drank mushroom wine | This is real wine, why do surfacers bother with grapes? Nasty little bubbles of goo, grapes.",OCCASIONAL,"Biomes! Caverns is confirmed live for this campaign (design/canon evidence — see report), but this specific thought/stance is not individually verified as the chosen variant for any of the 12 ideoligions/factions."
ThoughtDef,SalveWithdrawl,Biomes! Caverns,cooling salve withdrawal | I feel heavy and hot all the time. I never thought I'd want to smear salve on me this much.,OCCASIONAL,"Biomes! Caverns is confirmed live for this campaign (design/canon evidence — see report), but this specific thought/stance is not individually verified as the chosen variant for any of the 12 ideoligions/factions."
ThoughtDef,AteRawFish,Biomes! Core,ate raw fish | I had to eat raw fish. We should be cooking that kind of food before eating it or at least add some rice.,OCCASIONAL,"Biomes! Core is confirmed live for this campaign (design/canon evidence — see report), but this specific thought/stance is not individually verified as the chosen variant for any of the 12 ideoligions/factions."
ThoughtDef,AteRawGastropod,Biomes! Core,"ate raw gastropod | I had to eat raw gastropod. We should be cooking that kind of food before eating it, or at least add some salt.",OCCASIONAL,"Biomes! Core is confirmed live for this campaign (design/canon evidence — see report), but this specific thought/stance is not individually verified as the chosen variant for any of the 12 ideoligions/factions."
ThoughtDef,BiomesCore_AbysalWater,Biomes! Core,thalassophobie | I don't want to know what's lurking underneath.,OCCASIONAL,"Biomes! Core is confirmed live for this campaign (design/canon evidence — see report), but this specific thought/stance is not individually verified as the chosen variant for any of the 12 ideoligions/factions."
ThoughtDef,BiomesCore_LagoonWater,Biomes! Core,pretty water | The nice blue water makes me feel relaxed.,OCCASIONAL,"Biomes! Core is confirmed live for this campaign (design/canon evidence — see report), but this specific thought/stance is not individually verified as the chosen variant for any of the 12 ideoligions/factions."
ThoughtDef,BiomesIslands_Crab,Biomes! Core,Crab delicacy | I can't believe we can get real crab on this planet. It really made my day.,OCCASIONAL,"Biomes! Core is confirmed live for this campaign (design/canon evidence — see report), but this specific thought/stance is not individually verified as the chosen variant for any of the 12 ideoligions/factions."
ThoughtDef,BiomesIslands_Whale,Biomes! Core,Ate fat | Chunks of fat in my food instead of real meat... At least it was flavorful.,OCCASIONAL,"Biomes! Core is confirmed live for this campaign (design/canon evidence — see report), but this specific thought/stance is not individually verified as the chosen variant for any of the 12 ideoligions/factions."
ThoughtDef,BMT_VisitedMuseum,Biomes! Fossils,"awful museum | This may be the Rim, but I expected better than this trash! | dull museum | This was not a fun museum. Why did I bother coming here? | mediocre museum | I expected a...",OCCASIONAL,"Biomes! Fossils is confirmed live for this campaign (design/canon evidence — see report), but this specific thought/stance is not individually verified as the chosen variant for any of the 12 ideoligions/factions."
ThoughtDef,BMT_BileThought,Biomes! Polluted Lands,"bile high | I may not be able to feel my fingers, but I can hear colors now.",OCCASIONAL,"Biomes! Polluted Lands is confirmed live for this campaign (design/canon evidence — see report), but this specific thought/stance is not individually verified as the chosen variant for any of the 12 ideoligions/factions."
ThoughtDef,BMT_DrankRegalMilk,Biomes! Polluted Lands,drank regal milk | That milk was amazing. It was like a fine meal unto itself.,OCCASIONAL,"Biomes! Polluted Lands is confirmed live for this campaign (design/canon evidence — see report), but this specific thought/stance is not individually verified as the chosen variant for any of the 12 ideoligions/factions."
ThoughtDef,BMT_ItchinessThought,Biomes! Polluted Lands,intense itching | My skin itches so bad. I hate it!,OCCASIONAL,"Biomes! Polluted Lands is confirmed live for this campaign (design/canon evidence — see report), but this specific thought/stance is not individually verified as the chosen variant for any of the 12 ideoligions/factions."
ThoughtDef,BMT_ObservedMaligoat,Biomes! Polluted Lands,observed maligoat | What in the FUCK is that thing?!,OCCASIONAL,"Biomes! Polluted Lands is confirmed live for this campaign (design/canon evidence — see report), but this specific thought/stance is not individually verified as the chosen variant for any of the 12 ideoligions/factions."
ThoughtDef,BMT_PhoridInfection,Biomes! Polluted Lands,"megaphorid parasitic infection | I can feel them wriggling under my skin, eating me alive. It's driving me mad!",OCCASIONAL,"Biomes! Polluted Lands is confirmed live for this campaign (design/canon evidence — see report), but this specific thought/stance is not individually verified as the chosen variant for any of the 12 ideoligions/factions."
ThoughtDef,BabyBorn,Biotech,{0} was born healthy | My baby brings me so much joy. I would move earth and sky for my little one.,OCCASIONAL,"Biotech DLC is live but this thought has no routine-trigger keyword match — likely precept-specific, ritual-specific, or otherwise gated; not individually verified against the 12 ideoligions."
ThoughtDef,BabyCriedSocial,Biotech,cried,OCCASIONAL,"Biotech DLC is live but this thought has no routine-trigger keyword match — likely precept-specific, ritual-specific, or otherwise gated; not individually verified against the 12 ideoligions."
ThoughtDef,BabyGiggledSocial,Biotech,giggled,OCCASIONAL,"Biotech DLC is live but this thought has no routine-trigger keyword match — likely precept-specific, ritual-specific, or otherwise gated; not individually verified against the 12 ideoligions."
ThoughtDef,BloodTorch,Biotech,blood torch | No flame burns as softly as a blood torch.,OCCASIONAL,"Biotech DLC is live but this thought has no routine-trigger keyword match — likely precept-specific, ritual-specific, or otherwise gated; not individually verified against the 12 ideoligions."
ThoughtDef,BloodfeederColonist_Revered,Biotech,"no bloodfeeders | Without a bloodfeeder master, we are undirected and lost. We should make a bloodfeeder our leader. | no bloodfeeder master | Without a bloodfeeder master, we lack...",OCCASIONAL,"Biotech DLC is live, but text matches a rare/gated keyword — quest, royal, psycast, gene-lab or similar special trigger."
ThoughtDef,BloodfeederColonist_Reviled,Biotech,bloodfeeder among us | One of them walks among us. We should expel the bloodfeeder from our home.,OCCASIONAL,"Biotech DLC is live but this thought has no routine-trigger keyword match — likely precept-specific, ritual-specific, or otherwise gated; not individually verified against the 12 ideoligions."
ThoughtDef,Bloodfeeder_ReviledBloodfeeder,Biotech,bloodfeeder self hatred | I am what I hate. I must rid myself of this curse.,OCCASIONAL,"Biotech DLC is live but this thought has no routine-trigger keyword match — likely precept-specific, ritual-specific, or otherwise gated; not individually verified against the 12 ideoligions."
ThoughtDef,Bloodfeeders_Revered_Opinion_Bloodfeeder,Biotech,bloodfeeder,OCCASIONAL,"Biotech DLC is live but this thought has no routine-trigger keyword match — likely precept-specific, ritual-specific, or otherwise gated; not individually verified against the 12 ideoligions."
ThoughtDef,Bloodfeeders_Reviled_Opinion_Bloodfeeder,Biotech,bloodfeeder,OCCASIONAL,"Biotech DLC is live but this thought has no routine-trigger keyword match — likely precept-specific, ritual-specific, or otherwise gated; not individually verified against the 12 ideoligions."
ThoughtDef,BreastfedBaby,Biotech,breastfed,OCCASIONAL,"Biotech DLC is live but this thought has no routine-trigger keyword match — likely precept-specific, ritual-specific, or otherwise gated; not individually verified against the 12 ideoligions."
ThoughtDef,BreastfedMe,Biotech,breastfed me,OCCASIONAL,"Biotech DLC is live but this thought has no routine-trigger keyword match — likely precept-specific, ritual-specific, or otherwise gated; not individually verified against the 12 ideoligions."
ThoughtDef,ChildInGrowthVat,Biotech,"my child is in a growth vat | I miss my child. It's hard knowing they're floating in that machine, bypassing their childhood.",OCCASIONAL,"Biotech DLC is live but this thought has no routine-trigger keyword match — likely precept-specific, ritual-specific, or otherwise gated; not individually verified against the 12 ideoligions."
ThoughtDef,ChildlikePositivity,Biotech,childlike joy | New! Fun! Pretty! Oooh! | childlike wonder | The world is a magical place and I can't wait to grow up! | childlike enthusiasm | The world is full of wonders. | chil...,OCCASIONAL,"Biotech DLC is live but this thought has no routine-trigger keyword match — likely precept-specific, ritual-specific, or otherwise gated; not individually verified against the 12 ideoligions."
ThoughtDef,CryingBaby,Biotech,baby crying | That shrill wailing sound is so irritating!,OCCASIONAL,"Biotech DLC is live but this thought has no routine-trigger keyword match — likely precept-specific, ritual-specific, or otherwise gated; not individually verified against the 12 ideoligions."
ThoughtDef,DeathrestChamber,Biotech,deathrested outside | I had to deathrest outdoors. It was awful. | awful deathrest chamber | I had to deathrest in an awful chamber. | decent deathrest chamber | I deathrested in a...,OCCASIONAL,"Biotech DLC is live, but text matches a rare/gated keyword — quest, royal, psycast, gene-lab or similar special trigger."
ThoughtDef,DeathrestExhaustion,Biotech,deathrest exhaustion | The casket calls and I fall weary. The world's pall makes all so dreary. I need to deathrest.,OCCASIONAL,"Biotech DLC is live, but text matches a rare/gated keyword — quest, royal, psycast, gene-lab or similar special trigger."
ThoughtDef,EnslavedChild,Biotech,enslaved child | It breaks my heart to see my child forced to serve others.,OCCASIONAL,"Biotech DLC is live but this thought has no routine-trigger keyword match — likely precept-specific, ritual-specific, or otherwise gated; not individually verified against the 12 ideoligions."
ThoughtDef,FedBaby,Biotech,fed,OCCASIONAL,"Biotech DLC is live but this thought has no routine-trigger keyword match — likely precept-specific, ritual-specific, or otherwise gated; not individually verified against the 12 ideoligions."
ThoughtDef,FedMe,Biotech,fed me,OCCASIONAL,"Biotech DLC is live but this thought has no routine-trigger keyword match — likely precept-specific, ritual-specific, or otherwise gated; not individually verified against the 12 ideoligions."
ThoughtDef,FedOn,Biotech,fed on by {0} | I was violated by a bloodfeeder like some kind of livestock.,OCCASIONAL,"Biotech DLC is live but this thought has no routine-trigger keyword match — likely precept-specific, ritual-specific, or otherwise gated; not individually verified against the 12 ideoligions."
ThoughtDef,FedOn_Social,Biotech,fed on,OCCASIONAL,"Biotech DLC is live but this thought has no routine-trigger keyword match — likely precept-specific, ritual-specific, or otherwise gated; not individually verified against the 12 ideoligions."
ThoughtDef,GaveLesson,Biotech,listened to my lesson,OCCASIONAL,"Biotech DLC is live but this thought has no routine-trigger keyword match — likely precept-specific, ritual-specific, or otherwise gated; not individually verified against the 12 ideoligions."
ThoughtDef,GigglingBaby,Biotech,baby giggling | A giggling baby just brings a smile to my face.,OCCASIONAL,"Biotech DLC is live but this thought has no routine-trigger keyword match — likely precept-specific, ritual-specific, or otherwise gated; not individually verified against the 12 ideoligions."
ThoughtDef,GrowthVat_Essential_ChildNotInGrowthVat,Biotech,child not in growth vat | I don't feel safe with my child running around. They should be growing safely in a vat.,OCCASIONAL,"Biotech DLC is live but this thought has no routine-trigger keyword match — likely precept-specific, ritual-specific, or otherwise gated; not individually verified against the 12 ideoligions."
ThoughtDef,GrowthVat_Essential_Pregnant,Biotech,natural pregnancy | Childbirth is a terrifying thought. We should have vats to safely grow our children.,OCCASIONAL,"Biotech DLC is live but this thought has no routine-trigger keyword match — likely precept-specific, ritual-specific, or otherwise gated; not individually verified against the 12 ideoligions."
ThoughtDef,GrowthVat_Prohibited_ChildInGrowthVat,Biotech,my child is in a growth vat | I can't stand the thought of my child floating in that awful machine.,OCCASIONAL,"Biotech DLC is live but this thought has no routine-trigger keyword match — likely precept-specific, ritual-specific, or otherwise gated; not individually verified against the 12 ideoligions."
ThoughtDef,GrowthVat_Prohibited_ChildNotInGrowthVat,Biotech,child not in growth vat | I'm happy to see my kids be kids. Their childhood is too precious to be wasted in a vat.,OCCASIONAL,"Biotech DLC is live but this thought has no routine-trigger keyword match — likely precept-specific, ritual-specific, or otherwise gated; not individually verified against the 12 ideoligions."
ThoughtDef,HateAura,Biotech,"apocriton hatred (intense) | I feel its hatred inside me, the way I feel my own emotions. It's so close and so cold. They all deserve death. | apocriton hatred (strong) | I hear it...",OCCASIONAL,"Biotech DLC is live, but text matches a rare/gated keyword — quest, royal, psycast, gene-lab or similar special trigger."
ThoughtDef,HemogenCraving,Biotech,hemogen craving | My bones ache. I really need hemogen. | hemogen craving | This hurts bad and my head is fuzzy. I would kill for some blood. Maybe I should. | hemogen craving | Ca...,OCCASIONAL,"Biotech DLC is live, but text matches a rare/gated keyword — quest, royal, psycast, gene-lab or similar special trigger."
ThoughtDef,IngestedHemogenPack,Biotech,"ingested hemogen pack | I ingested a hemogen pack. It might keep me alive, but it was absolutely disgusting.",OCCASIONAL,"Biotech DLC is live, but text matches a rare/gated keyword — quest, royal, psycast, gene-lab or similar special trigger."
ThoughtDef,KillThirst,Biotech,kill thirst | Must kill... it has been too long since I have killed somebody up close and personal.,OCCASIONAL,"Biotech DLC is live but this thought has no routine-trigger keyword match — likely precept-specific, ritual-specific, or otherwise gated; not individually verified against the 12 ideoligions."
ThoughtDef,KilledChild,Biotech,"killed a child | Killing one so young feels wrong, no matter the situation.",OCCASIONAL,"Biotech DLC is live but this thought has no routine-trigger keyword match — likely precept-specific, ritual-specific, or otherwise gated; not individually verified against the 12 ideoligions."
ThoughtDef,KilledChild_Opinion,Biotech,killed a child,OCCASIONAL,"Biotech DLC is live but this thought has no routine-trigger keyword match — likely precept-specific, ritual-specific, or otherwise gated; not individually verified against the 12 ideoligions."
ThoughtDef,KilledMyBirthMother,Biotech,killed my birth mother,OCCASIONAL,"Biotech DLC is live but this thought has no routine-trigger keyword match — likely precept-specific, ritual-specific, or otherwise gated; not individually verified against the 12 ideoligions."
ThoughtDef,MoodOffsetHappy,Biotech,genetic optimism | Natural bonus from 'happy' gene.,OCCASIONAL,"Biotech DLC is live but this thought has no routine-trigger keyword match — likely precept-specific, ritual-specific, or otherwise gated; not individually verified against the 12 ideoligions."
ThoughtDef,MoodOffsetUnhappy,Biotech,genetic pessimism | Natural penalty from 'unhappy' gene.,OCCASIONAL,"Biotech DLC is live but this thought has no routine-trigger keyword match — likely precept-specific, ritual-specific, or otherwise gated; not individually verified against the 12 ideoligions."
ThoughtDef,MoodOffsetVeryHappy,Biotech,genetic joy | Natural bonus from 'very happy' gene.,OCCASIONAL,"Biotech DLC is live but this thought has no routine-trigger keyword match — likely precept-specific, ritual-specific, or otherwise gated; not individually verified against the 12 ideoligions."
ThoughtDef,MoodOffsetVeryUnhappy,Biotech,genetic depression | Natural penalty from 'very unhappy' gene.,OCCASIONAL,"Biotech DLC is live but this thought has no routine-trigger keyword match — likely precept-specific, ritual-specific, or otherwise gated; not individually verified against the 12 ideoligions."
ThoughtDef,MyBirthMotherLost,Biotech,my birth mother {0} lost | My birth mother has been lost. I hope she will get back to us someday.,OCCASIONAL,"Biotech DLC is live but this thought has no routine-trigger keyword match — likely precept-specific, ritual-specific, or otherwise gated; not individually verified against the 12 ideoligions."
ThoughtDef,MyChildHappy,Biotech,my child {CHILD_nameDef} is happy | Nothing makes me feel better than my kid being happy.,OCCASIONAL,"Biotech DLC is live but this thought has no routine-trigger keyword match — likely precept-specific, ritual-specific, or otherwise gated; not individually verified against the 12 ideoligions."
ThoughtDef,MyChildSad,Biotech,"my child {CHILD_nameDef} is unhappy | I worry about my child. If they're not happy, I'm not happy.",OCCASIONAL,"Biotech DLC is live but this thought has no routine-trigger keyword match — likely precept-specific, ritual-specific, or otherwise gated; not individually verified against the 12 ideoligions."
ThoughtDef,MyChildrenHappy,Biotech,my children are happy | Nothing makes me feel better than my kids being happy.,OCCASIONAL,"Biotech DLC is live but this thought has no routine-trigger keyword match — likely precept-specific, ritual-specific, or otherwise gated; not individually verified against the 12 ideoligions."
ThoughtDef,MyChildrenSad,Biotech,"my children are unhappy | I worry about my children. If they're not happy, I'm not happy.",OCCASIONAL,"Biotech DLC is live but this thought has no routine-trigger keyword match — likely precept-specific, ritual-specific, or otherwise gated; not individually verified against the 12 ideoligions."
ThoughtDef,MyCryingBaby,Biotech,my baby is crying | My baby is crying. I hope it stops soon.,OCCASIONAL,"Biotech DLC is live but this thought has no routine-trigger keyword match — likely precept-specific, ritual-specific, or otherwise gated; not individually verified against the 12 ideoligions."
ThoughtDef,MyGigglingBaby,Biotech,my baby giggling | My baby is the cutest in the anthrosphere!,OCCASIONAL,"Biotech DLC is live but this thought has no routine-trigger keyword match — likely precept-specific, ritual-specific, or otherwise gated; not individually verified against the 12 ideoligions."
ThoughtDef,MyParentHappy,Biotech,parent is happy | I'm happy when my parents are happy.,OCCASIONAL,"Biotech DLC is live but this thought has no routine-trigger keyword match — likely precept-specific, ritual-specific, or otherwise gated; not individually verified against the 12 ideoligions."
ThoughtDef,MyParentsHappy,Biotech,parents are happy | I'm happy when my parents are happy.,OCCASIONAL,"Biotech DLC is live but this thought has no routine-trigger keyword match — likely precept-specific, ritual-specific, or otherwise gated; not individually verified against the 12 ideoligions."
ThoughtDef,NeedLearning,Biotech,learning-starved | It's been so long since I learned anything new. I'm tired of the monotony! | learning-deprived | I want to learn more about all sorts of things. This place is bo...,OCCASIONAL,"Biotech DLC is live but this thought has no routine-trigger keyword match — likely precept-specific, ritual-specific, or otherwise gated; not individually verified against the 12 ideoligions."
ThoughtDef,NeedPlay,Biotech,desperately wants to play | Play. With. Me. Now! | really wants to play | Why won't anybody play with me? | wants to play | This place is boring. | entertained | I'm having lots of...,OCCASIONAL,"Biotech DLC is live but this thought has no routine-trigger keyword match — likely precept-specific, ritual-specific, or otherwise gated; not individually verified against the 12 ideoligions."
ThoughtDef,NoxiousHaze,Biotech,acidic smog | The smog makes my eyes water and it smells awful. I wish I could just have a few fresh breaths.,OCCASIONAL,"Biotech DLC is live but this thought has no routine-trigger keyword match — likely precept-specific, ritual-specific, or otherwise gated; not individually verified against the 12 ideoligions."
ThoughtDef,PlayedWithMe,Biotech,played with me,OCCASIONAL,"Biotech DLC is live but this thought has no routine-trigger keyword match — likely precept-specific, ritual-specific, or otherwise gated; not individually verified against the 12 ideoligions."
ThoughtDef,PreferredXenotype,Biotech,preferred xenotype | disliked xenotype,OCCASIONAL,"Biotech DLC is live but this thought has no routine-trigger keyword match — likely precept-specific, ritual-specific, or otherwise gated; not individually verified against the 12 ideoligions."
ThoughtDef,PreferredXenotypeMakeup,Biotech,all preferred xenotypes | We've built a community of the good and strong xenotypes only. | some disliked xenotypes | Those xenotypes are in our community. I don't want them here. |...,OCCASIONAL,"Biotech DLC is live but this thought has no routine-trigger keyword match — likely precept-specific, ritual-specific, or otherwise gated; not individually verified against the 12 ideoligions."
ThoughtDef,PregnancyAttitude,Biotech,new pregnancy | I'm pregnant! It makes me happy. | new pregnancy | I'm pregnant and not very happy about it.,OCCASIONAL,"Biotech DLC is live but this thought has no routine-trigger keyword match — likely precept-specific, ritual-specific, or otherwise gated; not individually verified against the 12 ideoligions."
ThoughtDef,PregnancyEnded,Biotech,pregnancy ended | I'm relieved I'm not pregnant any more.,OCCASIONAL,"Biotech DLC is live but this thought has no routine-trigger keyword match — likely precept-specific, ritual-specific, or otherwise gated; not individually verified against the 12 ideoligions."
ThoughtDef,PregnancyMood_Collapse,Biotech,pregnancy mood collapse | This pregnancy is so hard. My body always feels awful. So exhausting!,OCCASIONAL,"Biotech DLC is live but this thought has no routine-trigger keyword match — likely precept-specific, ritual-specific, or otherwise gated; not individually verified against the 12 ideoligions."
ThoughtDef,PregnancyMood_Down,Biotech,pregnancy mood down | It feels like everything is going wrong for me today. Pregnancy is tough.,OCCASIONAL,"Biotech DLC is live but this thought has no routine-trigger keyword match — likely precept-specific, ritual-specific, or otherwise gated; not individually verified against the 12 ideoligions."
ThoughtDef,PregnancyMood_High,Biotech,pregnancy mood high | I feel amazing! Being pregnant is a gift!,OCCASIONAL,"Biotech DLC is live but this thought has no routine-trigger keyword match — likely precept-specific, ritual-specific, or otherwise gated; not individually verified against the 12 ideoligions."
ThoughtDef,PregnancyMood_Up,Biotech,pregnancy mood up | Everything feels a little bit more pleasant today. Pregnancy is nice.,OCCASIONAL,"Biotech DLC is live but this thought has no routine-trigger keyword match — likely precept-specific, ritual-specific, or otherwise gated; not individually verified against the 12 ideoligions."
ThoughtDef,PregnancyTerminated,Biotech,pregnancy terminated | My pregnancy was terminated. | pregnancy terminated | My pregnancy was terminated. | pregnancy terminated | My pregnancy was terminated.,OCCASIONAL,"Biotech DLC is live but this thought has no routine-trigger keyword match — likely precept-specific, ritual-specific, or otherwise gated; not individually verified against the 12 ideoligions."
ThoughtDef,SelfDislikedXenotype,Biotech,I am disliked xenotype | I'm a {XENOTYPENAME}. I'm not one of the good types.,OCCASIONAL,"Biotech DLC is live but this thought has no routine-trigger keyword match — likely precept-specific, ritual-specific, or otherwise gated; not individually verified against the 12 ideoligions."
ThoughtDef,WasTaught,Biotech,taught me a skill,OCCASIONAL,"Biotech DLC is live but this thought has no routine-trigger keyword match — likely precept-specific, ritual-specific, or otherwise gated; not individually verified against the 12 ideoligions."
ThoughtDef,XenogermHarvested_Prisoner,Biotech,genes harvested | They extracted my genes like I'm some sort of lab creature.,OCCASIONAL,"Biotech DLC is live but this thought has no routine-trigger keyword match — likely precept-specific, ritual-specific, or otherwise gated; not individually verified against the 12 ideoligions."
ThoughtDef,YoungstersHappy,Biotech,happy youngsters | It's nice to see that the young folk are doing well.,OCCASIONAL,"Biotech DLC is live but this thought has no routine-trigger keyword match — likely precept-specific, ritual-specific, or otherwise gated; not individually verified against the 12 ideoligions."
ThoughtDef,YoungstersSad,Biotech,sad youngsters | It's sad to see that the young folk are struggling.,OCCASIONAL,"Biotech DLC is live but this thought has no routine-trigger keyword match — likely precept-specific, ritual-specific, or otherwise gated; not individually verified against the 12 ideoligions."
ThoughtDef,BoringBreeding,Breeding Ritual,boring breeding | That breeding ceremony was dull and it achieved nothing. The participants will need to try much harder next time.,OCCASIONAL,"Breeding Ritual is confirmed live for this campaign (design/canon evidence — see report), but this specific thought/stance is not individually verified as the chosen variant for any of the 12 ideoligions/factions."
ThoughtDef,BoringBreedingSuccess,Breeding Ritual,"boring breeding | That breeding ceremony was very dull. At least it accomplished its purpose, so we won't need to witness a repeat performance.",OCCASIONAL,"Breeding Ritual is confirmed live for this campaign (design/canon evidence — see report), but this specific thought/stance is not individually verified as the chosen variant for any of the 12 ideoligions/factions."
ThoughtDef,EncouragingBreeding,Breeding Ritual,encouraging breeding | That breeding ceremony was impressive. It's unfortunate that we weren't blessed with a new child after such a performance.,OCCASIONAL,"Breeding Ritual is confirmed live for this campaign (design/canon evidence — see report), but this specific thought/stance is not individually verified as the chosen variant for any of the 12 ideoligions/factions."
ThoughtDef,EncouragingBreedingSuccess,Breeding Ritual,encouraging breeding | That breeding ceremony was impressive. Everyone did their best to kindle a new spark of life into the world.,OCCASIONAL,"Breeding Ritual is confirmed live for this campaign (design/canon evidence — see report), but this specific thought/stance is not individually verified as the chosen variant for any of the 12 ideoligions/factions."
ThoughtDef,InspirationalBreeding,Breeding Ritual,inspirational breeding | That breeding ceremony was astonishing! Everyone is eagerly waiting for the next one - a new life is sure to join us soon.,OCCASIONAL,"Breeding Ritual is confirmed live for this campaign (design/canon evidence — see report), but this specific thought/stance is not individually verified as the chosen variant for any of the 12 ideoligions/factions."
ThoughtDef,InspirationalBreedingSuccess,Breeding Ritual,inspirational breeding | That breeding ceremony was incredible! Everyone is proud to be part of this society as we look to the future with renewed hope.,OCCASIONAL,"Breeding Ritual is confirmed live for this campaign (design/canon evidence — see report), but this specific thought/stance is not individually verified as the chosen variant for any of the 12 ideoligions/factions."
ThoughtDef,PsyAwakening,Breeding Ritual,awakened my gift | I was able to discover an amazing power inside myself! It wouldn't have been possible without the bond that I share with my partner.,OCCASIONAL,"Breeding Ritual is confirmed live for this campaign (design/canon evidence — see report), but this specific thought/stance is not individually verified as the chosen variant for any of the 12 ideoligions/factions."
ThoughtDef,TerribleBreeding,Breeding Ritual,"terrible breeding | That breeding ceremony was awkward and humiliating for everyone involved. If that's the best we can do, then our colony will probably never be blessed with chil...",OCCASIONAL,"Breeding Ritual is confirmed live for this campaign (design/canon evidence — see report), but this specific thought/stance is not individually verified as the chosen variant for any of the 12 ideoligions/factions."
ThoughtDef,TerribleBreedingSuccess,Breeding Ritual,terrible breeding | That breeding ceremony was awkward and humiliating. Any child conceived amidst such farce is sure to face many challenges in life.,OCCASIONAL,"Breeding Ritual is confirmed live for this campaign (design/canon evidence — see report), but this specific thought/stance is not individually verified as the chosen variant for any of the 12 ideoligions/factions."
ThoughtDef,CAAncientGiftDestiny,Caravan Adventures,Ancient Destiny | I am destined to accomplish great things!,OCCASIONAL,"Caravan Adventures is confirmed live for this campaign (design/canon evidence — see report), but this specific thought/stance is not individually verified as the chosen variant for any of the 12 ideoligions/factions."
ThoughtDef,CACamping,Caravan Adventures,"camping | Being out in nature with my companions, enjoying this adventure and the freedom.",OCCASIONAL,"Caravan Adventures is confirmed live for this campaign (design/canon evidence — see report), but this specific thought/stance is not individually verified as the chosen variant for any of the 12 ideoligions/factions."
ThoughtDef,TravelCompanions,Caravan Adventures,"Outsider | I had no choice but to join them... I'd have died alone, but I'm scared what they might do to me. | Third wheel | I don't really know these people, should I stay? | Fami...",OCCASIONAL,"Caravan Adventures is confirmed live for this campaign (design/canon evidence — see report), but this specific thought/stance is not individually verified as the chosen variant for any of the 12 ideoligions/factions."
ThoughtDef,Affair,Core,affair,OCCASIONAL,"Core DLC is live but this thought has no routine-trigger keyword match — likely precept-specific, ritual-specific, or otherwise gated; not individually verified against the 12 ideoligions."
ThoughtDef,AmbrosiaHigh,Core,"ambrosia warmth | That ambrosia makes me feel more relaxed, and gives me energy at the same time.",OCCASIONAL,"Core DLC is live but this thought has no routine-trigger keyword match — likely precept-specific, ritual-specific, or otherwise gated; not individually verified against the 12 ideoligions."
ThoughtDef,AnestheticHigh,Core,anesthetic wooziness | I feel so heavy... and so relaxed...,OCCASIONAL,"Core DLC is live but this thought has no routine-trigger keyword match — likely precept-specific, ritual-specific, or otherwise gated; not individually verified against the 12 ideoligions."
ThoughtDef,AnnoyingVoice,Core,annoying voice,OCCASIONAL,"Core DLC is live but this thought has no routine-trigger keyword match — likely precept-specific, ritual-specific, or otherwise gated; not individually verified against the 12 ideoligions."
ThoughtDef,ApparelDamaged,Core,ratty apparel | The holes in my outfit are annoyingly large. Can't I get something new to wear? | tattered apparel | This thing looks like it's about to fall apart. Can't I wear so...,OCCASIONAL,"Core DLC is live but this thought has no routine-trigger keyword match — likely precept-specific, ritual-specific, or otherwise gated; not individually verified against the 12 ideoligions."
ThoughtDef,ArtifactMoodBoost,Core,"strange feeling | I feel strange, but also very relaxed.",OCCASIONAL,"Core DLC is live but this thought has no routine-trigger keyword match — likely precept-specific, ritual-specific, or otherwise gated; not individually verified against the 12 ideoligions."
ThoughtDef,AttendedConcert,Core,attended concert | I enjoyed listening to that performance.,OCCASIONAL,"Core DLC is live but this thought has no routine-trigger keyword match — likely precept-specific, ritual-specific, or otherwise gated; not individually verified against the 12 ideoligions."
ThoughtDef,AttendedParty,Core,attended party | I had a good time at that party.,OCCASIONAL,"Core DLC is live but this thought has no routine-trigger keyword match — likely precept-specific, ritual-specific, or otherwise gated; not individually verified against the 12 ideoligions."
ThoughtDef,AttendedWedding,Core,attended wedding | It was great to see two people come together to build a future like that.,OCCASIONAL,"Core DLC is live but this thought has no routine-trigger keyword match — likely precept-specific, ritual-specific, or otherwise gated; not individually verified against the 12 ideoligions."
ThoughtDef,Aurora,Core,beautiful aurora | The view is amazing.,OCCASIONAL,"Core DLC is live but this thought has no routine-trigger keyword match — likely precept-specific, ritual-specific, or otherwise gated; not individually verified against the 12 ideoligions."
ThoughtDef,BodyPuristDisgust,Core,body purist disgust | body purist disgust | body purist disgust | body purist disgust | body purist disgust,OCCASIONAL,"Core DLC is live but this thought has no routine-trigger keyword match — likely precept-specific, ritual-specific, or otherwise gated; not individually verified against the 12 ideoligions."
ThoughtDef,BotchedMySurgery,Core,botched my surgery,OCCASIONAL,"Core DLC is live but this thought has no routine-trigger keyword match — likely precept-specific, ritual-specific, or otherwise gated; not individually verified against the 12 ideoligions."
ThoughtDef,BrokeUpWithMeMood,Core,broken up with by {0} | I was just dumped like a load of garbage.,OCCASIONAL,"Core DLC is live but this thought has no routine-trigger keyword match — likely precept-specific, ritual-specific, or otherwise gated; not individually verified against the 12 ideoligions."
ThoughtDef,Catharsis,Core,catharsis | It felt good to finally unbottle my feelings.,OCCASIONAL,"Core DLC is live but this thought has no routine-trigger keyword match — likely precept-specific, ritual-specific, or otherwise gated; not individually verified against the 12 ideoligions."
ThoughtDef,ChemicalInterestVsTeetotaler,Core,chemical interest vs teetotaler,OCCASIONAL,"Core DLC is live but this thought has no routine-trigger keyword match — likely precept-specific, ritual-specific, or otherwise gated; not individually verified against the 12 ideoligions."
ThoughtDef,Chitchat,Core,chitchat,OCCASIONAL,"Core DLC is live but this thought has no routine-trigger keyword match — likely precept-specific, ritual-specific, or otherwise gated; not individually verified against the 12 ideoligions."
ThoughtDef,ColonistBanished,Core,"colonist banished | We just banished someone. I hope they make it, but I'm worried.",OCCASIONAL,"Core DLC is live but this thought has no routine-trigger keyword match — likely precept-specific, ritual-specific, or otherwise gated; not individually verified against the 12 ideoligions."
ThoughtDef,ColonistLost,Core,colonist lost | We just lost someone of our colony in a tragic way.,OCCASIONAL,"Core DLC is live but this thought has no routine-trigger keyword match — likely precept-specific, ritual-specific, or otherwise gated; not individually verified against the 12 ideoligions."
ThoughtDef,CrashedTogether,Core,crashed together,OCCASIONAL,"Core DLC is live but this thought has no routine-trigger keyword match — likely precept-specific, ritual-specific, or otherwise gated; not individually verified against the 12 ideoligions."
ThoughtDef,CreepyBreathing,Core,creepy breathing,OCCASIONAL,"Core DLC is live but this thought has no routine-trigger keyword match — likely precept-specific, ritual-specific, or otherwise gated; not individually verified against the 12 ideoligions."
ThoughtDef,DebugBad,Core,debug bad thought | Test thought for debugging.,OCCASIONAL,"Core DLC is live but this thought has no routine-trigger keyword match — likely precept-specific, ritual-specific, or otherwise gated; not individually verified against the 12 ideoligions."
ThoughtDef,DebugGood,Core,debug good thought | Test thought for debugging.,OCCASIONAL,"Core DLC is live but this thought has no routine-trigger keyword match — likely precept-specific, ritual-specific, or otherwise gated; not individually verified against the 12 ideoligions."
ThoughtDef,DeepTalk,Core,deep talk,OCCASIONAL,"Core DLC is live but this thought has no routine-trigger keyword match — likely precept-specific, ritual-specific, or otherwise gated; not individually verified against the 12 ideoligions."
ThoughtDef,DefeatedHostileFactionLeader,Core,"defeated hostile leader {0} | They were leading efforts to destroy us, and I took them down!",OCCASIONAL,"Core DLC is live but this thought has no routine-trigger keyword match — likely precept-specific, ritual-specific, or otherwise gated; not individually verified against the 12 ideoligions."
ThoughtDef,DefeatedHostileFactionLeaderOpinion,Core,defeated hostile leader,OCCASIONAL,"Core DLC is live but this thought has no routine-trigger keyword match — likely precept-specific, ritual-specific, or otherwise gated; not individually verified against the 12 ideoligions."
ThoughtDef,DefeatedInsectHive,Core,defeated insect hive | The only good bug is a dead bug!,OCCASIONAL,"Core DLC is live but this thought has no routine-trigger keyword match — likely precept-specific, ritual-specific, or otherwise gated; not individually verified against the 12 ideoligions."
ThoughtDef,DefeatedMechCluster,Core,"defeated mech cluster | Blood beats metal, you damn machines!",OCCASIONAL,"Core DLC is live but this thought has no routine-trigger keyword match — likely precept-specific, ritual-specific, or otherwise gated; not individually verified against the 12 ideoligions."
ThoughtDef,DeniedJoining,Core,denied joining | We just denied someone's request to join us. I hope they make it.,OCCASIONAL,"Core DLC is live, but text matches a rare/gated keyword — quest, royal, psycast, gene-lab or similar special trigger."
ThoughtDef,Disfigured,Core,disfigured,OCCASIONAL,"Core DLC is live but this thought has no routine-trigger keyword match — likely precept-specific, ritual-specific, or otherwise gated; not individually verified against the 12 ideoligions."
ThoughtDef,DivorcedMe,Core,divorced me,OCCASIONAL,"Core DLC is live but this thought has no routine-trigger keyword match — likely precept-specific, ritual-specific, or otherwise gated; not individually verified against the 12 ideoligions."
ThoughtDef,DivorcedMeMood,Core,"divorced by {0} | We made a commitment, and they just tore it apart.",OCCASIONAL,"Core DLC is live but this thought has no routine-trigger keyword match — likely precept-specific, ritual-specific, or otherwise gated; not individually verified against the 12 ideoligions."
ThoughtDef,EncouragingSpeech,Core,encouraging speech | That speech made me feel like we have a solid path forward.,OCCASIONAL,"Core DLC is live but this thought has no routine-trigger keyword match — likely precept-specific, ritual-specific, or otherwise gated; not individually verified against the 12 ideoligions."
ThoughtDef,Expectations,Core,sky-high expectations | I should be made very comfortable here. | high expectations | There's no reason I shouldn't have the things I want. | moderate expectations | I can't expect...,OCCASIONAL,"Core DLC is live, but text matches a rare/gated keyword — quest, royal, psycast, gene-lab or similar special trigger."
ThoughtDef,FailedRomanceAttemptOnMe,Core,failed to romance me,OCCASIONAL,"Core DLC is live but this thought has no routine-trigger keyword match — likely precept-specific, ritual-specific, or otherwise gated; not individually verified against the 12 ideoligions."
ThoughtDef,FailedRomanceAttemptOnMeLowOpinionMood,Core,had to rebuff {0} | Someone I don't like tried to romance me.,OCCASIONAL,"Core DLC is live but this thought has no routine-trigger keyword match — likely precept-specific, ritual-specific, or otherwise gated; not individually verified against the 12 ideoligions."
ThoughtDef,FailedToRescueRelative,Core,"failed to rescue {0} | We had a chance to rescue my relative, and failed. I could have helped!",OCCASIONAL,"Core DLC is live but this thought has no routine-trigger keyword match — likely precept-specific, ritual-specific, or otherwise gated; not individually verified against the 12 ideoligions."
ThoughtDef,FlakeHigh,Core,"high on flake | So good, so good.",OCCASIONAL,"Core DLC is live but this thought has no routine-trigger keyword match — likely precept-specific, ritual-specific, or otherwise gated; not individually verified against the 12 ideoligions."
ThoughtDef,ForcedMeToTakeLuciferium,Core,forced me to take luciferium,OCCASIONAL,"Core DLC is live but this thought has no routine-trigger keyword match — likely precept-specific, ritual-specific, or otherwise gated; not individually verified against the 12 ideoligions."
ThoughtDef,FreedFromSlavery,Core,freed from slavery | I have been freed from slavery. I'm so thankful!,OCCASIONAL,"Core DLC is live but this thought has no routine-trigger keyword match — likely precept-specific, ritual-specific, or otherwise gated; not individually verified against the 12 ideoligions."
ThoughtDef,GotSomeLovin,Core,got some lovin' | There's nothing like a tumble between the sheets to lift the mood.,OCCASIONAL,"Core DLC is live but this thought has no routine-trigger keyword match — likely precept-specific, ritual-specific, or otherwise gated; not individually verified against the 12 ideoligions."
ThoughtDef,HarmedMe,Core,harmed me,OCCASIONAL,"Core DLC is live but this thought has no routine-trigger keyword match — likely precept-specific, ritual-specific, or otherwise gated; not individually verified against the 12 ideoligions."
ThoughtDef,HarvestedOrgan_Bloodlust,Core,bloodlust organ harvested | Extracting the flesh from their bodies is so bloody and satisfying.,OCCASIONAL,"Core DLC is live but this thought has no routine-trigger keyword match — likely precept-specific, ritual-specific, or otherwise gated; not individually verified against the 12 ideoligions."
ThoughtDef,HeldConcert,Core,held concert | They loved me. They really loved me.,OCCASIONAL,"Core DLC is live but this thought has no routine-trigger keyword match — likely precept-specific, ritual-specific, or otherwise gated; not individually verified against the 12 ideoligions."
ThoughtDef,HoneymoonPhase,Core,honeymoon phase,OCCASIONAL,"Core DLC is live but this thought has no routine-trigger keyword match — likely precept-specific, ritual-specific, or otherwise gated; not individually verified against the 12 ideoligions."
ThoughtDef,HumanLeatherApparelSad,Core,human leather {0} | Wearing parts of someone's body is... disturbing. | human leather {0} (+1) | I'm dressed like an insane person. | human leather {0} (+2) | I think there may be ...,OCCASIONAL,"Core DLC is live but this thought has no routine-trigger keyword match — likely precept-specific, ritual-specific, or otherwise gated; not individually verified against the 12 ideoligions."
ThoughtDef,IRejectedTheirProposal,Core,I rejected their proposal,OCCASIONAL,"Core DLC is live but this thought has no routine-trigger keyword match — likely precept-specific, ritual-specific, or otherwise gated; not individually verified against the 12 ideoligions."
ThoughtDef,Incestuous,Core,incestuous,OCCASIONAL,"Core DLC is live but this thought has no routine-trigger keyword match — likely precept-specific, ritual-specific, or otherwise gated; not individually verified against the 12 ideoligions."
ThoughtDef,InspirationalSpeech,Core,inspirational speech | That speech was moving emotionally and intellectually. I am filled with purpose.,OCCASIONAL,"Core DLC is live but this thought has no routine-trigger keyword match — likely precept-specific, ritual-specific, or otherwise gated; not individually verified against the 12 ideoligions."
ThoughtDef,Joywire,Core,joywire | It feels amazing.,OCCASIONAL,"Core DLC is live but this thought has no routine-trigger keyword match — likely precept-specific, ritual-specific, or otherwise gated; not individually verified against the 12 ideoligions."
ThoughtDef,KilledColonist,Core,killed colonist,OCCASIONAL,"Core DLC is live but this thought has no routine-trigger keyword match — likely precept-specific, ritual-specific, or otherwise gated; not individually verified against the 12 ideoligions."
ThoughtDef,KilledHumanlikeBloodlust,Core,killed someone | I killed someone! What a rush!,OCCASIONAL,"Core DLC is live but this thought has no routine-trigger keyword match — likely precept-specific, ritual-specific, or otherwise gated; not individually verified against the 12 ideoligions."
ThoughtDef,KilledMyBrother,Core,killed my brother,OCCASIONAL,"Core DLC is live but this thought has no routine-trigger keyword match — likely precept-specific, ritual-specific, or otherwise gated; not individually verified against the 12 ideoligions."
ThoughtDef,KilledMyDaughter,Core,killed my daughter,OCCASIONAL,"Core DLC is live but this thought has no routine-trigger keyword match — likely precept-specific, ritual-specific, or otherwise gated; not individually verified against the 12 ideoligions."
ThoughtDef,KilledMyFather,Core,killed my father,OCCASIONAL,"Core DLC is live but this thought has no routine-trigger keyword match — likely precept-specific, ritual-specific, or otherwise gated; not individually verified against the 12 ideoligions."
ThoughtDef,KilledMyFiance,Core,killed my fiance,OCCASIONAL,"Core DLC is live but this thought has no routine-trigger keyword match — likely precept-specific, ritual-specific, or otherwise gated; not individually verified against the 12 ideoligions."
ThoughtDef,KilledMyKin,Core,killed my kin,OCCASIONAL,"Core DLC is live but this thought has no routine-trigger keyword match — likely precept-specific, ritual-specific, or otherwise gated; not individually verified against the 12 ideoligions."
ThoughtDef,KilledMyMother,Core,killed my mother,OCCASIONAL,"Core DLC is live but this thought has no routine-trigger keyword match — likely precept-specific, ritual-specific, or otherwise gated; not individually verified against the 12 ideoligions."
ThoughtDef,KilledMyRival,Core,killed my rival,OCCASIONAL,"Core DLC is live but this thought has no routine-trigger keyword match — likely precept-specific, ritual-specific, or otherwise gated; not individually verified against the 12 ideoligions."
ThoughtDef,KilledMySister,Core,killed my sister,OCCASIONAL,"Core DLC is live but this thought has no routine-trigger keyword match — likely precept-specific, ritual-specific, or otherwise gated; not individually verified against the 12 ideoligions."
ThoughtDef,KilledMySon,Core,killed my son,OCCASIONAL,"Core DLC is live but this thought has no routine-trigger keyword match — likely precept-specific, ritual-specific, or otherwise gated; not individually verified against the 12 ideoligions."
ThoughtDef,KilledMySpouse,Core,killed my spouse,OCCASIONAL,"Core DLC is live but this thought has no routine-trigger keyword match — likely precept-specific, ritual-specific, or otherwise gated; not individually verified against the 12 ideoligions."
ThoughtDef,KindWords,Core,kind words,OCCASIONAL,"Core DLC is live but this thought has no routine-trigger keyword match — likely precept-specific, ritual-specific, or otherwise gated; not individually verified against the 12 ideoligions."
ThoughtDef,KindWordsMood,Core,kind words | I've been bestowed with kind words! What a nice person!,OCCASIONAL,"Core DLC is live but this thought has no routine-trigger keyword match — likely precept-specific, ritual-specific, or otherwise gated; not individually verified against the 12 ideoligions."
ThoughtDef,KnowBuriedInSarcophagus,Core,buried in sarcophagus | This colony buried someone in an ornamented sarcophagus. May their soul rest in peace.,OCCASIONAL,"Core DLC is live but this thought has no routine-trigger keyword match — likely precept-specific, ritual-specific, or otherwise gated; not individually verified against the 12 ideoligions."
ThoughtDef,KnowColonistOrganHarvested,Core,"colonist's organ harvested | Someone took body parts from a colonist. It's horrible, breaking someone down for parts when they have no choice.",OCCASIONAL,"Core DLC is live but this thought has no routine-trigger keyword match — likely precept-specific, ritual-specific, or otherwise gated; not individually verified against the 12 ideoligions."
ThoughtDef,KnowPrisonerDiedInnocent,Core,"innocent prisoner died | One of our prisoners died despite being harmless. We should be able to take care of our prisoners. If we wanted them dead, we could have at least conducted...",OCCASIONAL,"Core DLC is live, but text matches a rare/gated keyword — quest, royal, psycast, gene-lab or similar special trigger."
ThoughtDef,LoveReading,Core,I love reading | Reading really engages my intellectual passions. | I really love reading | Reading excites my burning intellectual passions! I just love learning this way.,OCCASIONAL,"Core DLC is live but this thought has no routine-trigger keyword match — likely precept-specific, ritual-specific, or otherwise gated; not individually verified against the 12 ideoligions."
ThoughtDef,Man,Core,man,OCCASIONAL,"Core DLC is live but this thought has no routine-trigger keyword match — likely precept-specific, ritual-specific, or otherwise gated; not individually verified against the 12 ideoligions."
ThoughtDef,MissingTongue,Core,missing tongue | I am missing my tongue. It is so frustrating not being able to speak!,OCCASIONAL,"Core DLC is live but this thought has no routine-trigger keyword match — likely precept-specific, ritual-specific, or otherwise gated; not individually verified against the 12 ideoligions."
ThoughtDef,MoodOffsetDepressive,Core,depressive | Natural penalty from 'depressive' trait.,OCCASIONAL,"Core DLC is live but this thought has no routine-trigger keyword match — likely precept-specific, ritual-specific, or otherwise gated; not individually verified against the 12 ideoligions."
ThoughtDef,MoodOffsetOptimist,Core,optimist | Natural bonus from 'optimist' trait.,OCCASIONAL,"Core DLC is live but this thought has no routine-trigger keyword match — likely precept-specific, ritual-specific, or otherwise gated; not individually verified against the 12 ideoligions."
ThoughtDef,MoodOffsetPessimist,Core,pessimist | Natural penalty from 'pessimist' trait.,OCCASIONAL,"Core DLC is live but this thought has no routine-trigger keyword match — likely precept-specific, ritual-specific, or otherwise gated; not individually verified against the 12 ideoligions."
ThoughtDef,MoodOffsetSanguine,Core,sanguine | Natural bonus from 'sanguine' trait.,OCCASIONAL,"Core DLC is live but this thought has no routine-trigger keyword match — likely precept-specific, ritual-specific, or otherwise gated; not individually verified against the 12 ideoligions."
ThoughtDef,MoodOffsetTorturedArtist,Core,Tortured artist | Natural penalty from 'tortured artist' trait.,OCCASIONAL,"Core DLC is live but this thought has no routine-trigger keyword match — likely precept-specific, ritual-specific, or otherwise gated; not individually verified against the 12 ideoligions."
ThoughtDef,MyAuntLost,Core,my aunt {0} lost | My aunt has gone lost. I hope she will get back to us someday.,OCCASIONAL,"Core DLC is live but this thought has no routine-trigger keyword match — likely precept-specific, ritual-specific, or otherwise gated; not individually verified against the 12 ideoligions."
ThoughtDef,MyBrotherLost,Core,my brother {0} lost | My brother has gone lost. I hope he will get back to us someday.,OCCASIONAL,"Core DLC is live but this thought has no routine-trigger keyword match — likely precept-specific, ritual-specific, or otherwise gated; not individually verified against the 12 ideoligions."
ThoughtDef,MyCousinLost,Core,my cousin {0} lost | My cousin has gone lost.,OCCASIONAL,"Core DLC is live but this thought has no routine-trigger keyword match — likely precept-specific, ritual-specific, or otherwise gated; not individually verified against the 12 ideoligions."
ThoughtDef,MyDaughterLost,Core,my daughter {0} lost | My daughter has gone lost. I hope she will get back to us someday.,OCCASIONAL,"Core DLC is live but this thought has no routine-trigger keyword match — likely precept-specific, ritual-specific, or otherwise gated; not individually verified against the 12 ideoligions."
ThoughtDef,MyFatherLost,Core,my father {0} lost | My father has gone lost. I hope he will get back to us someday.,OCCASIONAL,"Core DLC is live but this thought has no routine-trigger keyword match — likely precept-specific, ritual-specific, or otherwise gated; not individually verified against the 12 ideoligions."
ThoughtDef,MyFianceLost,Core,my fiance {0} lost | My fiance has gone lost. I hope he will get back to us someday.,OCCASIONAL,"Core DLC is live but this thought has no routine-trigger keyword match — likely precept-specific, ritual-specific, or otherwise gated; not individually verified against the 12 ideoligions."
ThoughtDef,MyFianceeLost,Core,my fiancée {0} lost | My fiancée has gone lost. I hope she will get back to us someday.,OCCASIONAL,"Core DLC is live but this thought has no routine-trigger keyword match — likely precept-specific, ritual-specific, or otherwise gated; not individually verified against the 12 ideoligions."
ThoughtDef,MyGrandchildLost,Core,my grandchild {0} lost | My grandchild has gone lost. I hope they will get back to us someday.,OCCASIONAL,"Core DLC is live but this thought has no routine-trigger keyword match — likely precept-specific, ritual-specific, or otherwise gated; not individually verified against the 12 ideoligions."
ThoughtDef,MyGrandparentLost,Core,my grandparent {0} lost | My grandparent has gone lost.,OCCASIONAL,"Core DLC is live but this thought has no routine-trigger keyword match — likely precept-specific, ritual-specific, or otherwise gated; not individually verified against the 12 ideoligions."
ThoughtDef,MyHalfSiblingLost,Core,my half-sibling {0} lost | My half-sibling has gone lost.,OCCASIONAL,"Core DLC is live but this thought has no routine-trigger keyword match — likely precept-specific, ritual-specific, or otherwise gated; not individually verified against the 12 ideoligions."
ThoughtDef,MyHusbandLost,Core,my husband {0} lost | My husband has gone lost. I hope he will get back to us someday.,OCCASIONAL,"Core DLC is live but this thought has no routine-trigger keyword match — likely precept-specific, ritual-specific, or otherwise gated; not individually verified against the 12 ideoligions."
ThoughtDef,MyKinLost,Core,my kin {0} lost | My kin has gone lost.,OCCASIONAL,"Core DLC is live but this thought has no routine-trigger keyword match — likely precept-specific, ritual-specific, or otherwise gated; not individually verified against the 12 ideoligions."
ThoughtDef,MyMotherLost,Core,my mother {0} lost | My mother has gone lost. I hope she will get back to us someday.,OCCASIONAL,"Core DLC is live but this thought has no routine-trigger keyword match — likely precept-specific, ritual-specific, or otherwise gated; not individually verified against the 12 ideoligions."
ThoughtDef,MyNephewLost,Core,my nephew {0} lost | My nephew has gone lost. I hope he will get back to us someday.,OCCASIONAL,"Core DLC is live but this thought has no routine-trigger keyword match — likely precept-specific, ritual-specific, or otherwise gated; not individually verified against the 12 ideoligions."
ThoughtDef,MyNieceLost,Core,my niece {0} lost | My niece has gone lost. I hope she will get back to us someday.,OCCASIONAL,"Core DLC is live but this thought has no routine-trigger keyword match — likely precept-specific, ritual-specific, or otherwise gated; not individually verified against the 12 ideoligions."
ThoughtDef,MyOrganHarvested,Core,my organ harvested | The colony harvested body parts from me! They're breaking me down like an old engine!,OCCASIONAL,"Core DLC is live but this thought has no routine-trigger keyword match — likely precept-specific, ritual-specific, or otherwise gated; not individually verified against the 12 ideoligions."
ThoughtDef,MySisterLost,Core,my sister {0} lost | My sister has gone lost. I hope she will get back to us someday.,OCCASIONAL,"Core DLC is live but this thought has no routine-trigger keyword match — likely precept-specific, ritual-specific, or otherwise gated; not individually verified against the 12 ideoligions."
ThoughtDef,MySonLost,Core,my son {0} lost | My son has gone lost. I hope he will get back to us someday.,OCCASIONAL,"Core DLC is live but this thought has no routine-trigger keyword match — likely precept-specific, ritual-specific, or otherwise gated; not individually verified against the 12 ideoligions."
ThoughtDef,MyUncleLost,Core,my uncle {0} lost | My uncle has gone lost. I hope he will get back to us someday.,OCCASIONAL,"Core DLC is live but this thought has no routine-trigger keyword match — likely precept-specific, ritual-specific, or otherwise gated; not individually verified against the 12 ideoligions."
ThoughtDef,MyWifeLost,Core,my wife {0} lost | My wife has gone lost. I hope she will get back to us someday.,OCCASIONAL,"Core DLC is live but this thought has no routine-trigger keyword match — likely precept-specific, ritual-specific, or otherwise gated; not individually verified against the 12 ideoligions."
ThoughtDef,NeedComfort,Core,uncomfortable | I've been kind of uncomfortable recently. We need to get something soft to sit on around here. | comfortable | I've been comfortable recently. | quite comfortable |...,OCCASIONAL,"Core DLC is live but this thought has no routine-trigger keyword match — likely precept-specific, ritual-specific, or otherwise gated; not individually verified against the 12 ideoligions."
ThoughtDef,NeedIndoors,Core,just outdoors | I shouldn't be outdoors. | outdoors | I've been outside too much recently. | long outdoors | Being outside so much is wrong for me. | very long outdoors | I've been...,OCCASIONAL,"Core DLC is live but this thought has no routine-trigger keyword match — likely precept-specific, ritual-specific, or otherwise gated; not individually verified against the 12 ideoligions."
ThoughtDef,NewColonyOptimism,Core,"initial optimism | It's a tough situation, but I'm excited to be founding a new settlement.",OCCASIONAL,"Core DLC is live but this thought has no routine-trigger keyword match — likely precept-specific, ritual-specific, or otherwise gated; not individually verified against the 12 ideoligions."
ThoughtDef,NightOwlDuringTheNight,Core,night owl at night | I feel much better at night.,OCCASIONAL,"Core DLC is live but this thought has no routine-trigger keyword match — likely precept-specific, ritual-specific, or otherwise gated; not individually verified against the 12 ideoligions."
ThoughtDef,OnDuty,Core,on duty | I have a job to do.,OCCASIONAL,"Core DLC is live but this thought has no routine-trigger keyword match — likely precept-specific, ritual-specific, or otherwise gated; not individually verified against the 12 ideoligions."
ThoughtDef,OpinionOfMyLover,Core,opinion of my {0} {1} | Being with them makes me feel this way.,OCCASIONAL,"Core DLC is live but this thought has no routine-trigger keyword match — likely precept-specific, ritual-specific, or otherwise gated; not individually verified against the 12 ideoligions."
ThoughtDef,PawnWithBadOpinionLost,Core,my rival {0} lost | Serves them right. At least there's some justice in this world.,OCCASIONAL,"Core DLC is live but this thought has no routine-trigger keyword match — likely precept-specific, ritual-specific, or otherwise gated; not individually verified against the 12 ideoligions."
ThoughtDef,Pretty,Core,physically appealing | physically stunning,OCCASIONAL,"Core DLC is live but this thought has no routine-trigger keyword match — likely precept-specific, ritual-specific, or otherwise gated; not individually verified against the 12 ideoligions."
ThoughtDef,ProsthophileNoProsthetic,Core,body modder frustrated | Flesh is so limiting. I wish I had some kind of artificial body part.,OCCASIONAL,"Core DLC is live but this thought has no routine-trigger keyword match — likely precept-specific, ritual-specific, or otherwise gated; not individually verified against the 12 ideoligions."
ThoughtDef,PsychicEmanatorSoothe,Core,"psychic emanator soothe | The psychic emanator makes me feel strange, but also very relaxed.",OCCASIONAL,"Core DLC is live but this thought has no routine-trigger keyword match — likely precept-specific, ritual-specific, or otherwise gated; not individually verified against the 12 ideoligions."
ThoughtDef,PsychiteTeaHigh,Core,psychite tea | Drinking that tea made me feel great. I love having this energy!,OCCASIONAL,"Core DLC is live but this thought has no routine-trigger keyword match — likely precept-specific, ritual-specific, or otherwise gated; not individually verified against the 12 ideoligions."
ThoughtDef,PsychiteWithdrawal,Core,psychite withdrawal | God I'm tired. Everything's so slow and boring. Especially me.,OCCASIONAL,"Core DLC is live but this thought has no routine-trigger keyword match — likely precept-specific, ritual-specific, or otherwise gated; not individually verified against the 12 ideoligions."
ThoughtDef,PyromaniacHappy,Core,pyromaniac has incendiary weapon | It makes me think of flame and fire. I can't wait to use it.,OCCASIONAL,"Core DLC is live but this thought has no routine-trigger keyword match — likely precept-specific, ritual-specific, or otherwise gated; not individually verified against the 12 ideoligions."
ThoughtDef,PyromaniacNearFire,Core,"beautiful fire | The sinuous flame dances, warm like love, bright like freedom, all-consuming.",OCCASIONAL,"Core DLC is live but this thought has no routine-trigger keyword match — likely precept-specific, ritual-specific, or otherwise gated; not individually verified against the 12 ideoligions."
ThoughtDef,RapportBuilt,Core,rapport built,OCCASIONAL,"Core DLC is live but this thought has no routine-trigger keyword match — likely precept-specific, ritual-specific, or otherwise gated; not individually verified against the 12 ideoligions."
ThoughtDef,RebuffedMyRomanceAttempt,Core,rebuffed me,OCCASIONAL,"Core DLC is live but this thought has no routine-trigger keyword match — likely precept-specific, ritual-specific, or otherwise gated; not individually verified against the 12 ideoligions."
ThoughtDef,RecruitedMe,Core,recruited me,OCCASIONAL,"Core DLC is live but this thought has no routine-trigger keyword match — likely precept-specific, ritual-specific, or otherwise gated; not individually verified against the 12 ideoligions."
ThoughtDef,RejectedMyProposal,Core,rejected my proposal,OCCASIONAL,"Core DLC is live but this thought has no routine-trigger keyword match — likely precept-specific, ritual-specific, or otherwise gated; not individually verified against the 12 ideoligions."
ThoughtDef,Rescued,Core,rescued | I was rescued! I almost thought I was done for back there. I'm so thankful.,OCCASIONAL,"Core DLC is live but this thought has no routine-trigger keyword match — likely precept-specific, ritual-specific, or otherwise gated; not individually verified against the 12 ideoligions."
ThoughtDef,RescuedMe,Core,rescued me,OCCASIONAL,"Core DLC is live but this thought has no routine-trigger keyword match — likely precept-specific, ritual-specific, or otherwise gated; not individually verified against the 12 ideoligions."
ThoughtDef,RescuedMeByOfferingHelp,Core,rescued me | I was rescued by someone! I almost thought I was done for back there. I'm so thankful.,OCCASIONAL,"Core DLC is live but this thought has no routine-trigger keyword match — likely precept-specific, ritual-specific, or otherwise gated; not individually verified against the 12 ideoligions."
ThoughtDef,RescuedRelative,Core,"rescued {0} | We rescued one of my relatives. Finally, I can breathe a sigh of relief.",OCCASIONAL,"Core DLC is live but this thought has no routine-trigger keyword match — likely precept-specific, ritual-specific, or otherwise gated; not individually verified against the 12 ideoligions."
ThoughtDef,RotStinkLingering,Core,rot stink lingering | That rot stink was horrible - and it feels like it's still stuck to me.,OCCASIONAL,"Core DLC is live but this thought has no routine-trigger keyword match — likely precept-specific, ritual-specific, or otherwise gated; not individually verified against the 12 ideoligions."
ThoughtDef,SmokeleafHigh,Core,"high on smokeleaf | I'm, like, stoned, man.",OCCASIONAL,"Core DLC is live but this thought has no routine-trigger keyword match — likely precept-specific, ritual-specific, or otherwise gated; not individually verified against the 12 ideoligions."
ThoughtDef,SmokeleafWithdrawal,Core,"smokeleaf withdrawal | I really wish I could smoke. I feel jittery, and my gut has that anxious sensation all the time.",OCCASIONAL,"Core DLC is live but this thought has no routine-trigger keyword match — likely precept-specific, ritual-specific, or otherwise gated; not individually verified against the 12 ideoligions."
ThoughtDef,SoakingWet,Core,soaking wet | I'm soaking wet.,OCCASIONAL,"Core DLC is live but this thought has no routine-trigger keyword match — likely precept-specific, ritual-specific, or otherwise gated; not individually verified against the 12 ideoligions."
ThoughtDef,TeetotalerVsChemicalInterest,Core,teetotaler vs chemical interest,OCCASIONAL,"Core DLC is live but this thought has no routine-trigger keyword match — likely precept-specific, ritual-specific, or otherwise gated; not individually verified against the 12 ideoligions."
ThoughtDef,TerribleSpeech,Core,terrible speech | That speech was atrocious. It made me realize how little hope we really have.,OCCASIONAL,"Core DLC is live but this thought has no routine-trigger keyword match — likely precept-specific, ritual-specific, or otherwise gated; not individually verified against the 12 ideoligions."
ThoughtDef,TranshumanistAppreciation,Core,body modder appreciation | body modder appreciation | body modder appreciation | body modder appreciation | body modder appreciation,OCCASIONAL,"Core DLC is live but this thought has no routine-trigger keyword match — likely precept-specific, ritual-specific, or otherwise gated; not individually verified against the 12 ideoligions."
ThoughtDef,Ugly,Core,physically unsightly | physically hideous,OCCASIONAL,"Core DLC is live but this thought has no routine-trigger keyword match — likely precept-specific, ritual-specific, or otherwise gated; not individually verified against the 12 ideoligions."
ThoughtDef,UndergrounderOutdoors,Core,undergrounder outdoors | I don't like being outside. I want to get back to the underground.,OCCASIONAL,"Core DLC is live but this thought has no routine-trigger keyword match — likely precept-specific, ritual-specific, or otherwise gated; not individually verified against the 12 ideoligions."
ThoughtDef,UninspiringSpeech,Core,"uninspiring speech | That speech was more awkward than inspiring. If that's who we're listening to, I'm worried.",OCCASIONAL,"Core DLC is live but this thought has no routine-trigger keyword match — likely precept-specific, ritual-specific, or otherwise gated; not individually verified against the 12 ideoligions."
ThoughtDef,WakeUpWithdrawal,Core,wake-up withdrawal | I feel all fuzzy and unfocused. And I'm so tired.,OCCASIONAL,"Core DLC is live but this thought has no routine-trigger keyword match — likely precept-specific, ritual-specific, or otherwise gated; not individually verified against the 12 ideoligions."
ThoughtDef,Woman,Core,woman,OCCASIONAL,"Core DLC is live but this thought has no routine-trigger keyword match — likely precept-specific, ritual-specific, or otherwise gated; not individually verified against the 12 ideoligions."
ThoughtDef,WrongApparelGender,Core,wearing {0} apparel | I'm wearing apparel that was clearly made for {0}s! This is embarrassing.,OCCASIONAL,"Core DLC is live but this thought has no routine-trigger keyword match — likely precept-specific, ritual-specific, or otherwise gated; not individually verified against the 12 ideoligions."
ThoughtDef,YayoHigh,Core,high on yayo | Feeling pumped! Let's do this!,OCCASIONAL,"Core DLC is live but this thought has no routine-trigger keyword match — likely precept-specific, ritual-specific, or otherwise gated; not individually verified against the 12 ideoligions."
ThoughtDef,CGT_N2OGiggles,Custom Gas Types,lightheaded | Everything feels a bit floaty and funny. | giggly | Hahaha! Everything is HILARIOUS! | fading out | So sleepy... so funny...,OCCASIONAL,"Custom Gas Types is confirmed live for this campaign (design/canon evidence — see report), but this specific thought/stance is not individually verified as the chosen variant for any of the 12 ideoligions/factions."
ThoughtDef,EBSG_GeneticDrugDependency,EBSG Framework,genetic {DEPENDENCY} dependency | I need {DEPENDENCY} because of my genetic deficiency. It's been so long since I've had any.,OCCASIONAL,"EBSG Framework is confirmed live for this campaign (design/canon evidence — see report), but this specific thought/stance is not individually verified as the chosen variant for any of the 12 ideoligions/factions."
ThoughtDef,EBSG_GeneticDrugReliance,EBSG Framework,genetic {DEPENDENCY} dependency | I need {DEPENDENCY} because of my genetic deficiency. It's been so long since I've had any.,OCCASIONAL,"EBSG Framework is confirmed live for this campaign (design/canon evidence — see report), but this specific thought/stance is not individually verified as the chosen variant for any of the 12 ideoligions/factions."
ThoughtDef,EBSG_GeneticFoodDependency,EBSG Framework,genetic {DEPENDENCY} dependency | I need {DEPENDENCY} because of my genetic deficiency. It's been so long since I've had any.,OCCASIONAL,"EBSG Framework is confirmed live for this campaign (design/canon evidence — see report), but this specific thought/stance is not individually verified as the chosen variant for any of the 12 ideoligions/factions."
ThoughtDef,EBSG_GeneticFoodGroupDependency,EBSG Framework,genetic {DEPENDENCY} dependency | I need {DEPENDENCY} because of my genetic deficiency. It's been so long since I've had any.,OCCASIONAL,"EBSG Framework is confirmed live for this campaign (design/canon evidence — see report), but this specific thought/stance is not individually verified as the chosen variant for any of the 12 ideoligions/factions."
ThoughtDef,EBSG_GeneticFoodGroupReliance,EBSG Framework,genetic {DEPENDENCY} dependency | I need {DEPENDENCY} because of my genetic deficiency. It's been so long since I've had any.,OCCASIONAL,"EBSG Framework is confirmed live for this campaign (design/canon evidence — see report), but this specific thought/stance is not individually verified as the chosen variant for any of the 12 ideoligions/factions."
ThoughtDef,EBSG_GeneticFoodReliance,EBSG Framework,genetic {DEPENDENCY} dependency | I need {DEPENDENCY} because of my genetic deficiency. It's been so long since I've had any.,OCCASIONAL,"EBSG Framework is confirmed live for this campaign (design/canon evidence — see report), but this specific thought/stance is not individually verified as the chosen variant for any of the 12 ideoligions/factions."
ThoughtDef,GraffitiMod_HappyArtist,Graffiti Mod (Continued),"painted on the wall | The others might not like it, but I enjoyed creating graffiti.",OCCASIONAL,"Graffiti Mod (Continued) is confirmed live for this campaign (design/canon evidence — see report), but this specific thought/stance is not individually verified as the chosen variant for any of the 12 ideoligions/factions."
ThoughtDef,AlienVsXenophobia,Humanoid Alien Races,alien loved by xenophile | alien hated by xenophobe,OCCASIONAL,"Humanoid Alien Races is confirmed live for this campaign (design/canon evidence — see report), but this specific thought/stance is not individually verified as the chosen variant for any of the 12 ideoligions/factions."
ThoughtDef,HAR_AlienDating_Horrible,Humanoid Alien Races,dated an alien | How could I bring myself to date an alien? I feel disgusted with myself.,OCCASIONAL,"Humanoid Alien Races is confirmed live for this campaign (design/canon evidence — see report), but this specific thought/stance is not individually verified as the chosen variant for any of the 12 ideoligions/factions."
ThoughtDef,HAR_AlienDating_Know_Honorable,Humanoid Alien Races,dated an alien,OCCASIONAL,"Humanoid Alien Races is confirmed live for this campaign (design/canon evidence — see report), but this specific thought/stance is not individually verified as the chosen variant for any of the 12 ideoligions/factions."
ThoughtDef,HAR_AlienDating_Know_Horrible,Humanoid Alien Races,dated an alien,OCCASIONAL,"Humanoid Alien Races is confirmed live for this campaign (design/canon evidence — see report), but this specific thought/stance is not individually verified as the chosen variant for any of the 12 ideoligions/factions."
ThoughtDef,HAR_AlienRaces_Abhorrent,Humanoid Alien Races,disgusting aliens! | Other races are absolutely repulsive and I can’t stand them!,OCCASIONAL,"Humanoid Alien Races is confirmed live for this campaign (design/canon evidence — see report), but this specific thought/stance is not individually verified as the chosen variant for any of the 12 ideoligions/factions."
ThoughtDef,HAR_AlienRaces_Abhorrent_Social,Humanoid Alien Races,disgusting alien!,OCCASIONAL,"Humanoid Alien Races is confirmed live for this campaign (design/canon evidence — see report), but this specific thought/stance is not individually verified as the chosen variant for any of the 12 ideoligions/factions."
ThoughtDef,HAR_AlienRaces_Exalted,Humanoid Alien Races,amazing aliens! | I can’t believe I’m in the company of other races!,OCCASIONAL,"Humanoid Alien Races is confirmed live for this campaign (design/canon evidence — see report), but this specific thought/stance is not individually verified as the chosen variant for any of the 12 ideoligions/factions."
ThoughtDef,HAR_AlienRaces_Exalted_Social,Humanoid Alien Races,amazing alien!,OCCASIONAL,"Humanoid Alien Races is confirmed live for this campaign (design/canon evidence — see report), but this specific thought/stance is not individually verified as the chosen variant for any of the 12 ideoligions/factions."
ThoughtDef,HAR_AlienRaces_Horrible_Social,Humanoid Alien Races,distrust for xenos,OCCASIONAL,"Humanoid Alien Races is confirmed live for this campaign (design/canon evidence — see report), but this specific thought/stance is not individually verified as the chosen variant for any of the 12 ideoligions/factions."
ThoughtDef,HAR_AlienRaces_Respected_Social,Humanoid Alien Races,respect for xenos,OCCASIONAL,"Humanoid Alien Races is confirmed live for this campaign (design/canon evidence — see report), but this specific thought/stance is not individually verified as the chosen variant for any of the 12 ideoligions/factions."
ThoughtDef,HAR_AlienVsXenophobia,Humanoid Alien Races,alien loved by xenophile | alien hated by xenophobe,OCCASIONAL,"Humanoid Alien Races is confirmed live for this campaign (design/canon evidence — see report), but this specific thought/stance is not individually verified as the chosen variant for any of the 12 ideoligions/factions."
ThoughtDef,HAR_Alien_EnslavedPrisoner_Disapproved,Humanoid Alien Races,enslaved alien prisoner | I enslaved an alien. It's hard to justify such actions.,OCCASIONAL,"Humanoid Alien Races is confirmed live for this campaign (design/canon evidence — see report), but this specific thought/stance is not individually verified as the chosen variant for any of the 12 ideoligions/factions."
ThoughtDef,HAR_Alien_EnslavedPrisoner_Honorable,Humanoid Alien Races,"enslaved alien prisoner | I took an alien into slavery. With no choice, they had to submit to me.",OCCASIONAL,"Humanoid Alien Races is confirmed live for this campaign (design/canon evidence — see report), but this specific thought/stance is not individually verified as the chosen variant for any of the 12 ideoligions/factions."
ThoughtDef,HAR_Alien_EnslavedPrisoner_Horrible,Humanoid Alien Races,enslaved alien prisoner | I forced an alien into slavery. How can I justify that?,OCCASIONAL,"Humanoid Alien Races is confirmed live for this campaign (design/canon evidence — see report), but this specific thought/stance is not individually verified as the chosen variant for any of the 12 ideoligions/factions."
ThoughtDef,HAR_Alien_EnslavedPrisoner_Know_Abhorrent,Humanoid Alien Races,enslaved alien prisoner,OCCASIONAL,"Humanoid Alien Races is confirmed live for this campaign (design/canon evidence — see report), but this specific thought/stance is not individually verified as the chosen variant for any of the 12 ideoligions/factions."
ThoughtDef,HAR_Alien_EnslavedPrisoner_Know_Disapproved,Humanoid Alien Races,enslaved alien prisoner,OCCASIONAL,"Humanoid Alien Races is confirmed live for this campaign (design/canon evidence — see report), but this specific thought/stance is not individually verified as the chosen variant for any of the 12 ideoligions/factions."
ThoughtDef,HAR_Alien_EnslavedPrisoner_Know_Disapproved_Mood,Humanoid Alien Races,alien prisoner enslaved | We enslaved an alien. We shouldn't have done that.,OCCASIONAL,"Humanoid Alien Races is confirmed live for this campaign (design/canon evidence — see report), but this specific thought/stance is not individually verified as the chosen variant for any of the 12 ideoligions/factions."
ThoughtDef,HAR_Alien_EnslavedPrisoner_Know_Honorable,Humanoid Alien Races,enslaved alien prisoner,OCCASIONAL,"Humanoid Alien Races is confirmed live for this campaign (design/canon evidence — see report), but this specific thought/stance is not individually verified as the chosen variant for any of the 12 ideoligions/factions."
ThoughtDef,HAR_Alien_EnslavedPrisoner_Know_Honorable_Mood,Humanoid Alien Races,alien prisoner enslaved | We enslaved an alien. Now they know our honor and power!,OCCASIONAL,"Humanoid Alien Races is confirmed live for this campaign (design/canon evidence — see report), but this specific thought/stance is not individually verified as the chosen variant for any of the 12 ideoligions/factions."
ThoughtDef,HAR_Alien_EnslavedPrisoner_Know_Horrible,Humanoid Alien Races,enslaved alien prisoner,OCCASIONAL,"Humanoid Alien Races is confirmed live for this campaign (design/canon evidence — see report), but this specific thought/stance is not individually verified as the chosen variant for any of the 12 ideoligions/factions."
ThoughtDef,HAR_Alien_EnslavedPrisoner_Know_Horrible_Mood,Humanoid Alien Races,alien prisoner enslaved | We enslaved an alien. What a horrible thing to do to another sapient being.,OCCASIONAL,"Humanoid Alien Races is confirmed live for this campaign (design/canon evidence — see report), but this specific thought/stance is not individually verified as the chosen variant for any of the 12 ideoligions/factions."
ThoughtDef,HAR_Alien_Slavery_Abhorrent_SlavesInColony,Humanoid Alien Races,alien slaves in colony | We're keeping alien slaves. It's barbaric.,OCCASIONAL,"Humanoid Alien Races is confirmed live for this campaign (design/canon evidence — see report), but this specific thought/stance is not individually verified as the chosen variant for any of the 12 ideoligions/factions."
ThoughtDef,HAR_Alien_Slavery_Disapproved_SlavesInColony,Humanoid Alien Races,"alien slaves in colony | We're keeping alien slaves. Even if it's necessary, it's distasteful and I wish we wouldn't.",OCCASIONAL,"Humanoid Alien Races is confirmed live for this campaign (design/canon evidence — see report), but this specific thought/stance is not individually verified as the chosen variant for any of the 12 ideoligions/factions."
ThoughtDef,HAR_Alien_Slavery_Honorable_NoSlavesInColony,Humanoid Alien Races,"no alien slaves in colony | Without alien slaves, nobody will respect us.",OCCASIONAL,"Humanoid Alien Races is confirmed live for this campaign (design/canon evidence — see report), but this specific thought/stance is not individually verified as the chosen variant for any of the 12 ideoligions/factions."
ThoughtDef,HAR_Alien_Slavery_Honorable_SlavesInColony,Humanoid Alien Races,alien slaves in colony | We've got alien slaves. It means we're on the right path.,OCCASIONAL,"Humanoid Alien Races is confirmed live for this campaign (design/canon evidence — see report), but this specific thought/stance is not individually verified as the chosen variant for any of the 12 ideoligions/factions."
ThoughtDef,HAR_Alien_Slavery_Horrible_SlavesInColony,Humanoid Alien Races,alien slaves in colony | We're keeping alien slaves. It's wrong.,OCCASIONAL,"Humanoid Alien Races is confirmed live for this campaign (design/canon evidence — see report), but this specific thought/stance is not individually verified as the chosen variant for any of the 12 ideoligions/factions."
ThoughtDef,HAR_Alien_SoldSlave_Disapproved,Humanoid Alien Races,sold alien slave | I sold an alien into slavery. I hope nothing terrible happens to them.,OCCASIONAL,"Humanoid Alien Races is confirmed live for this campaign (design/canon evidence — see report), but this specific thought/stance is not individually verified as the chosen variant for any of the 12 ideoligions/factions."
ThoughtDef,HAR_Alien_SoldSlave_Honorable,Humanoid Alien Races,sold alien slave | I sold an alien into slavery. It'll make people notice my stature.,OCCASIONAL,"Humanoid Alien Races is confirmed live for this campaign (design/canon evidence — see report), but this specific thought/stance is not individually verified as the chosen variant for any of the 12 ideoligions/factions."
ThoughtDef,HAR_Alien_SoldSlave_Horrible,Humanoid Alien Races,sold alien slave | I sold an alien into slavery. I'm not sure I can forgive myself.,OCCASIONAL,"Humanoid Alien Races is confirmed live for this campaign (design/canon evidence — see report), but this specific thought/stance is not individually verified as the chosen variant for any of the 12 ideoligions/factions."
ThoughtDef,HAR_Alien_SoldSlave_Know_Abhorrent,Humanoid Alien Races,sold alien slave,OCCASIONAL,"Humanoid Alien Races is confirmed live for this campaign (design/canon evidence — see report), but this specific thought/stance is not individually verified as the chosen variant for any of the 12 ideoligions/factions."
ThoughtDef,HAR_Alien_SoldSlave_Know_Abhorrent_Mood,Humanoid Alien Races,"alien slave sold | We sold an alien into slavery. It was an abhorrent, barbaric act.",OCCASIONAL,"Humanoid Alien Races is confirmed live for this campaign (design/canon evidence — see report), but this specific thought/stance is not individually verified as the chosen variant for any of the 12 ideoligions/factions."
ThoughtDef,HAR_Alien_SoldSlave_Know_Disapproved,Humanoid Alien Races,sold alien slave,OCCASIONAL,"Humanoid Alien Races is confirmed live for this campaign (design/canon evidence — see report), but this specific thought/stance is not individually verified as the chosen variant for any of the 12 ideoligions/factions."
ThoughtDef,HAR_Alien_SoldSlave_Know_Disapproved_Mood,Humanoid Alien Races,alien slave sold | We sold an alien into slavery. We shouldn't have done that.,OCCASIONAL,"Humanoid Alien Races is confirmed live for this campaign (design/canon evidence — see report), but this specific thought/stance is not individually verified as the chosen variant for any of the 12 ideoligions/factions."
ThoughtDef,HAR_Alien_SoldSlave_Know_Honorable,Humanoid Alien Races,sold alien slave,OCCASIONAL,"Humanoid Alien Races is confirmed live for this campaign (design/canon evidence — see report), but this specific thought/stance is not individually verified as the chosen variant for any of the 12 ideoligions/factions."
ThoughtDef,HAR_Alien_SoldSlave_Know_Honorable_Mood,Humanoid Alien Races,alien slave sold | We sold an alien into slavery! A great display of our honor and power.,OCCASIONAL,"Humanoid Alien Races is confirmed live for this campaign (design/canon evidence — see report), but this specific thought/stance is not individually verified as the chosen variant for any of the 12 ideoligions/factions."
ThoughtDef,HAR_Alien_SoldSlave_Know_Horrible,Humanoid Alien Races,sold alien slave,OCCASIONAL,"Humanoid Alien Races is confirmed live for this campaign (design/canon evidence — see report), but this specific thought/stance is not individually verified as the chosen variant for any of the 12 ideoligions/factions."
ThoughtDef,HAR_Alien_SoldSlave_Know_Horrible_Mood,Humanoid Alien Races,alien slave sold | We sold an alien into slavery. What a horrible thing to do.,OCCASIONAL,"Humanoid Alien Races is confirmed live for this campaign (design/canon evidence — see report), but this specific thought/stance is not individually verified as the chosen variant for any of the 12 ideoligions/factions."
ThoughtDef,HAR_AteAlienMeat_Abhorrent,Humanoid Alien Races,ate alien meat | I had to eat a sapient alien's meat. This is an offense against everything I believe.,OCCASIONAL,"Humanoid Alien Races is confirmed live for this campaign (design/canon evidence — see report), but this specific thought/stance is not individually verified as the chosen variant for any of the 12 ideoligions/factions."
ThoughtDef,HAR_AteAlienMeat_Disapproved,Humanoid Alien Races,ate alien meat | I had to eat alien meat. I believe such actions are wrong.,OCCASIONAL,"Humanoid Alien Races is confirmed live for this campaign (design/canon evidence — see report), but this specific thought/stance is not individually verified as the chosen variant for any of the 12 ideoligions/factions."
ThoughtDef,HAR_AteAlienMeat_Know_Abhorrent,Humanoid Alien Races,ate alien meat,OCCASIONAL,"Humanoid Alien Races is confirmed live for this campaign (design/canon evidence — see report), but this specific thought/stance is not individually verified as the chosen variant for any of the 12 ideoligions/factions."
ThoughtDef,HAR_AteAlienMeat_Know_Disapproved,Humanoid Alien Races,ate alien meat,OCCASIONAL,"Humanoid Alien Races is confirmed live for this campaign (design/canon evidence — see report), but this specific thought/stance is not individually verified as the chosen variant for any of the 12 ideoligions/factions."
ThoughtDef,HAR_AteAlienMeat_Preferred,Humanoid Alien Races,ate alien meat | I ate alien meat. It makes me feel noble and strong.,OCCASIONAL,"Humanoid Alien Races is confirmed live for this campaign (design/canon evidence — see report), but this specific thought/stance is not individually verified as the chosen variant for any of the 12 ideoligions/factions."
ThoughtDef,HAR_AteAlienMeat_RequiredStrong,Humanoid Alien Races,"ate alien meat | I ate alien meat, as every real person should.",OCCASIONAL,"Humanoid Alien Races is confirmed live for this campaign (design/canon evidence — see report), but this specific thought/stance is not individually verified as the chosen variant for any of the 12 ideoligions/factions."
ThoughtDef,HAR_AteNonAlienFood_Horrible,Humanoid Alien Races,ate non-alien food | I had to eat food that wasn't taken from a sapient alien. My beliefs strictly forbid such things.,OCCASIONAL,"Humanoid Alien Races is confirmed live for this campaign (design/canon evidence — see report), but this specific thought/stance is not individually verified as the chosen variant for any of the 12 ideoligions/factions."
ThoughtDef,HAR_AteNonAlienFood_Know_Horrible,Humanoid Alien Races,ate non-alien food,OCCASIONAL,"Humanoid Alien Races is confirmed live for this campaign (design/canon evidence — see report), but this specific thought/stance is not individually verified as the chosen variant for any of the 12 ideoligions/factions."
ThoughtDef,HAR_ButcheredAlien_Abhorrent,Humanoid Alien Races,I butchered an alien | I butchered a sapient alien. This is an offense against everything I believe.,OCCASIONAL,"Humanoid Alien Races is confirmed live for this campaign (design/canon evidence — see report), but this specific thought/stance is not individually verified as the chosen variant for any of the 12 ideoligions/factions."
ThoughtDef,HAR_ButcheredAlien_Disapproved,Humanoid Alien Races,I butchered an alien | I butchered a sapient alien. I believe such actions are wrong.,OCCASIONAL,"Humanoid Alien Races is confirmed live for this campaign (design/canon evidence — see report), but this specific thought/stance is not individually verified as the chosen variant for any of the 12 ideoligions/factions."
ThoughtDef,HAR_ButcheredAlien_Know_Abhorrent,Humanoid Alien Races,we butchered an alien | One of us butchered a sapient alien. This is an offense against everything I believe.,OCCASIONAL,"Humanoid Alien Races is confirmed live for this campaign (design/canon evidence — see report), but this specific thought/stance is not individually verified as the chosen variant for any of the 12 ideoligions/factions."
ThoughtDef,HAR_ButcheredAlien_Know_Abhorrent_Opinion,Humanoid Alien Races,butchered an alien,OCCASIONAL,"Humanoid Alien Races is confirmed live for this campaign (design/canon evidence — see report), but this specific thought/stance is not individually verified as the chosen variant for any of the 12 ideoligions/factions."
ThoughtDef,HAR_ButcheredAlien_Know_Disapproved,Humanoid Alien Races,we butchered an alien | One of us butchered a sapient alien. I believe such actions are wrong.,OCCASIONAL,"Humanoid Alien Races is confirmed live for this campaign (design/canon evidence — see report), but this specific thought/stance is not individually verified as the chosen variant for any of the 12 ideoligions/factions."
ThoughtDef,HAR_ButcheredAlien_Know_Disapproved_Opinion,Humanoid Alien Races,butchered an alien,OCCASIONAL,"Humanoid Alien Races is confirmed live for this campaign (design/canon evidence — see report), but this specific thought/stance is not individually verified as the chosen variant for any of the 12 ideoligions/factions."
ThoughtDef,HAR_NoRecentAlienMeat_Preferred,Humanoid Alien Races,want alien meat | It's been too long since I consumed any alien meat. It feels wrong.,OCCASIONAL,"Humanoid Alien Races is confirmed live for this campaign (design/canon evidence — see report), but this specific thought/stance is not individually verified as the chosen variant for any of the 12 ideoligions/factions."
ThoughtDef,HAR_NoRecentAlienMeat_RequiredStrong,Humanoid Alien Races,want alien meat | It's been far too long since I consumed alien flesh. I should have eaten by now.,OCCASIONAL,"Humanoid Alien Races is confirmed live for this campaign (design/canon evidence — see report), but this specific thought/stance is not individually verified as the chosen variant for any of the 12 ideoligions/factions."
ThoughtDef,HAR_XenophobeVsXenophile,Humanoid Alien Races,xenophobe vs xenophile,OCCASIONAL,"Humanoid Alien Races is confirmed live for this campaign (design/canon evidence — see report), but this specific thought/stance is not individually verified as the chosen variant for any of the 12 ideoligions/factions."
ThoughtDef,HAR_XenophobiaVsAlien,Humanoid Alien Races,xenophile loves aliens | xenophile loves aliens | xenophobe hates aliens | xenophobe hates aliens,OCCASIONAL,"Humanoid Alien Races is confirmed live for this campaign (design/canon evidence — see report), but this specific thought/stance is not individually verified as the chosen variant for any of the 12 ideoligions/factions."
ThoughtDef,XenophobeVsXenophile,Humanoid Alien Races,xenophobe vs xenophile,OCCASIONAL,"Humanoid Alien Races is confirmed live for this campaign (design/canon evidence — see report), but this specific thought/stance is not individually verified as the chosen variant for any of the 12 ideoligions/factions."
ThoughtDef,XenophobiaVsAlien,Humanoid Alien Races,xenophile loves aliens | xenophile loves aliens | xenophobe hates aliens | xenophobe hates aliens,OCCASIONAL,"Humanoid Alien Races is confirmed live for this campaign (design/canon evidence — see report), but this specific thought/stance is not individually verified as the chosen variant for any of the 12 ideoligions/factions."
ThoughtDef,Isekai_AntagonistPresence,ISEKAI RPG LEVELING,unsettling presence | Something about {0} fills me with dread. Their very presence radiates malice.,OCCASIONAL,"ISEKAI RPG LEVELING is confirmed live for this campaign (design/canon evidence — see report), but this specific thought/stance is not individually verified as the chosen variant for any of the 12 ideoligions/factions."
ThoughtDef,Isekai_ApexReached,ISEKAI RPG LEVELING,apex of existence | I stand at the summit. Gods and kings are beneath me now. Nothing in this world can threaten me.,OCCASIONAL,"ISEKAI RPG LEVELING is confirmed live for this campaign (design/canon evidence — see report), but this specific thought/stance is not individually verified as the chosen variant for any of the 12 ideoligions/factions."
ThoughtDef,Isekai_AweOfPower,ISEKAI RPG LEVELING,awe-inspiring | {0} is on a completely different level than me. I can't help but look up to them.,OCCASIONAL,"ISEKAI RPG LEVELING is confirmed live for this campaign (design/canon evidence — see report), but this specific thought/stance is not individually verified as the chosen variant for any of the 12 ideoligions/factions."
ThoughtDef,Isekai_BeneathMe,ISEKAI RPG LEVELING,"this is beneath me | I was forged for battle, and here I am doing chores like a servant.",OCCASIONAL,"ISEKAI RPG LEVELING is confirmed live for this campaign (design/canon evidence — see report), but this specific thought/stance is not individually verified as the chosen variant for any of the 12 ideoligions/factions."
ThoughtDef,Isekai_BeneathMyRank,ISEKAI RPG LEVELING,armed beneath my rank | Someone of my rank should not be swinging junk like this. It's embarrassing.,OCCASIONAL,"ISEKAI RPG LEVELING is confirmed live for this campaign (design/canon evidence — see report), but this specific thought/stance is not individually verified as the chosen variant for any of the 12 ideoligions/factions."
ThoughtDef,Isekai_BossSlain,ISEKAI RPG LEVELING,legend of the colony | We killed it. The thing that was supposed to be unkillable. We'll be telling this story for the rest of our lives.,OCCASIONAL,"ISEKAI RPG LEVELING is confirmed live for this campaign (design/canon evidence — see report), but this specific thought/stance is not individually verified as the chosen variant for any of the 12 ideoligions/factions."
ThoughtDef,Isekai_BountyClaimed,ISEKAI RPG LEVELING,"bounty claimed | Tracked it, found it, killed it, got paid. Exactly how it's supposed to go.",OCCASIONAL,"ISEKAI RPG LEVELING is confirmed live for this campaign (design/canon evidence — see report), but this specific thought/stance is not individually verified as the chosen variant for any of the 12 ideoligions/factions."
ThoughtDef,Isekai_BrokenWill,ISEKAI RPG LEVELING,broken will | Their presence alone crushed me into unconsciousness. I couldn't even move. I've never felt so small.,OCCASIONAL,"ISEKAI RPG LEVELING is confirmed live for this campaign (design/canon evidence — see report), but this specific thought/stance is not individually verified as the chosen variant for any of the 12 ideoligions/factions."
ThoughtDef,Isekai_ContemptForWeak,ISEKAI RPG LEVELING,beneath my notice | {0} is so far below me they barely register. Why do I have to share a table with this?,OCCASIONAL,"ISEKAI RPG LEVELING is confirmed live for this campaign (design/canon evidence — see report), but this specific thought/stance is not individually verified as the chosen variant for any of the 12 ideoligions/factions."
ThoughtDef,Isekai_CrushingPresence,ISEKAI RPG LEVELING,"crushing presence | They dropped where they stood, just from being near me. That is what power feels like.",OCCASIONAL,"ISEKAI RPG LEVELING is confirmed live for this campaign (design/canon evidence — see report), but this specific thought/stance is not individually verified as the chosen variant for any of the 12 ideoligions/factions."
ThoughtDef,Isekai_CursedMood,ISEKAI RPG LEVELING,cursed by fate | Bad luck follows me everywhere. Something terrible is bound to happen soon.,OCCASIONAL,"ISEKAI RPG LEVELING is confirmed live for this campaign (design/canon evidence — see report), but this specific thought/stance is not individually verified as the chosen variant for any of the 12 ideoligions/factions."
ThoughtDef,Isekai_DuelDefeat,ISEKAI RPG LEVELING,"beaten before the world | I answered a challenge to my own name and could not hold it. They let me live, which is somehow worse. Every time someone says my title I hear theirs.",OCCASIONAL,"ISEKAI RPG LEVELING is confirmed live for this campaign (design/canon evidence — see report), but this specific thought/stance is not individually verified as the chosen variant for any of the 12 ideoligions/factions."
ThoughtDef,Isekai_DuelIgnored,ISEKAI RPG LEVELING,"let the challenge stand | Someone came for my name and waited. I never went. Nothing was taken from me, and somehow that is the part I keep turning over. | let the challenge stand ...",OCCASIONAL,"ISEKAI RPG LEVELING is confirmed live for this campaign (design/canon evidence — see report), but this specific thought/stance is not individually verified as the chosen variant for any of the 12 ideoligions/factions."
ThoughtDef,Isekai_DuelVictory,ISEKAI RPG LEVELING,"defended my title | Someone crossed the world to take my name from me, alone, blade to blade. They found out why it is mine. I have never felt more like what they call me.",OCCASIONAL,"ISEKAI RPG LEVELING is confirmed live for this campaign (design/canon evidence — see report), but this specific thought/stance is not individually verified as the chosen variant for any of the 12 ideoligions/factions."
ThoughtDef,Isekai_FirstBlood,ISEKAI RPG LEVELING,first blood | My first real kill. The world feels sharper now.,OCCASIONAL,"ISEKAI RPG LEVELING is confirmed live for this campaign (design/canon evidence — see report), but this specific thought/stance is not individually verified as the chosen variant for any of the 12 ideoligions/factions."
ThoughtDef,Isekai_ForgeDestroyed,ISEKAI RPG LEVELING,"ruined my treasure | It shattered in the forge. Everything I put into that piece, gone in an instant.",OCCASIONAL,"ISEKAI RPG LEVELING is confirmed live for this campaign (design/canon evidence — see report), but this specific thought/stance is not individually verified as the chosen variant for any of the 12 ideoligions/factions."
ThoughtDef,Isekai_ForgeDowngrade,ISEKAI RPG LEVELING,botched the refinement | The enchantment slipped and took some of the work with it. Frustrating.,OCCASIONAL,"ISEKAI RPG LEVELING is confirmed live for this campaign (design/canon evidence — see report), but this specific thought/stance is not individually verified as the chosen variant for any of the 12 ideoligions/factions."
ThoughtDef,Isekai_ForgeSuccess,ISEKAI RPG LEVELING,a fine refinement | The metal took the enchantment cleanly. Good work. | masterwork forged | This piece is far beyond anything ordinary hands could make. | forged a masterpiece | I...,OCCASIONAL,"ISEKAI RPG LEVELING is confirmed live for this campaign (design/canon evidence — see report), but this specific thought/stance is not individually verified as the chosen variant for any of the 12 ideoligions/factions."
ThoughtDef,Isekai_GiantSlayer,ISEKAI RPG LEVELING,"punched above my weight | It was stronger than me, and it still fell. I'm capable of more than I thought. | giant-slayer | That thing was far beyond my rank and I killed it anyway....",OCCASIONAL,"ISEKAI RPG LEVELING is confirmed live for this campaign (design/canon evidence — see report), but this specific thought/stance is not individually verified as the chosen variant for any of the 12 ideoligions/factions."
ThoughtDef,Isekai_Humiliated,ISEKAI RPG LEVELING,humiliated | Something beneath my rank put me on the ground. I can't stop replaying it.,OCCASIONAL,"ISEKAI RPG LEVELING is confirmed live for this campaign (design/canon evidence — see report), but this specific thought/stance is not individually verified as the chosen variant for any of the 12 ideoligions/factions."
ThoughtDef,Isekai_InMyElement,ISEKAI RPG LEVELING,in my element | This is what my constellation made me for. Everything feels effortless right now.,OCCASIONAL,"ISEKAI RPG LEVELING is confirmed live for this campaign (design/canon evidence — see report), but this specific thought/stance is not individually verified as the chosen variant for any of the 12 ideoligions/factions."
ThoughtDef,Isekai_InspiredByLegend,ISEKAI RPG LEVELING,inspired by a legend | We have a real legend living under this roof. Some of that greatness has to rub off eventually.,OCCASIONAL,"ISEKAI RPG LEVELING is confirmed live for this campaign (design/canon evidence — see report), but this specific thought/stance is not individually verified as the chosen variant for any of the 12 ideoligions/factions."
ThoughtDef,Isekai_KindredConstellation,ISEKAI RPG LEVELING,kindred constellation | {0} walks the same path I do. Nobody else really understands it the way we do.,OCCASIONAL,"ISEKAI RPG LEVELING is confirmed live for this campaign (design/canon evidence — see report), but this specific thought/stance is not individually verified as the chosen variant for any of the 12 ideoligions/factions."
ThoughtDef,Isekai_LegendFallen,ISEKAI RPG LEVELING,"a strong one has fallen | One of our strongest is dead. If they could die, what chance do the rest of us have? | a legend has fallen | They were supposed to be untouchable. Watchin...",OCCASIONAL,"ISEKAI RPG LEVELING is confirmed live for this campaign (design/canon evidence — see report), but this specific thought/stance is not individually verified as the chosen variant for any of the 12 ideoligions/factions."
ThoughtDef,Isekai_LevelUp,ISEKAI RPG LEVELING,growing stronger | I can feel it. I'm stronger than I was yesterday.,OCCASIONAL,"ISEKAI RPG LEVELING is confirmed live for this campaign (design/canon evidence — see report), but this specific thought/stance is not individually verified as the chosen variant for any of the 12 ideoligions/factions."
ThoughtDef,Isekai_LuckyMood,ISEKAI RPG LEVELING,feeling lucky | I have a good feeling about today. Things always seem to work out for me.,OCCASIONAL,"ISEKAI RPG LEVELING is confirmed live for this campaign (design/canon evidence — see report), but this specific thought/stance is not individually verified as the chosen variant for any of the 12 ideoligions/factions."
ThoughtDef,Isekai_NationAscended,ISEKAI RPG LEVELING,"we harbour a world threat | One of us crossed a line nobody here has ever crossed. Whatever they are now, they are ours, and every nation that hears the name will have to think twi...",OCCASIONAL,"ISEKAI RPG LEVELING is confirmed live for this campaign (design/canon evidence — see report), but this specific thought/stance is not individually verified as the chosen variant for any of the 12 ideoligions/factions."
ThoughtDef,Isekai_NodeUnlocked,ISEKAI RPG LEVELING,new power awakened | A new star in my constellation burns bright. I can feel the power settling into me.,OCCASIONAL,"ISEKAI RPG LEVELING is confirmed live for this campaign (design/canon evidence — see report), but this specific thought/stance is not individually verified as the chosen variant for any of the 12 ideoligions/factions."
ThoughtDef,Isekai_Outclassed,ISEKAI RPG LEVELING,"outclassed | I never stood a chance. I need to get stronger, or next time I won't wake up.",OCCASIONAL,"ISEKAI RPG LEVELING is confirmed live for this campaign (design/canon evidence — see report), but this specific thought/stance is not individually verified as the chosen variant for any of the 12 ideoligions/factions."
ThoughtDef,Isekai_Overshadowed,ISEKAI RPG LEVELING,"overshadowed | Everyone here is so far beyond me. I'm the one they have to protect, and we all know it.",OCCASIONAL,"ISEKAI RPG LEVELING is confirmed live for this campaign (design/canon evidence — see report), but this specific thought/stance is not individually verified as the chosen variant for any of the 12 ideoligions/factions."
ThoughtDef,Isekai_PathFound,ISEKAI RPG LEVELING,"found my path | My constellation has revealed itself. For the first time, I know exactly what I am meant to become.",OCCASIONAL,"ISEKAI RPG LEVELING is confirmed live for this campaign (design/canon evidence — see report), but this specific thought/stance is not individually verified as the chosen variant for any of the 12 ideoligions/factions."
ThoughtDef,Isekai_PrideOfStrongest,ISEKAI RPG LEVELING,"strongest of us all | Nobody here comes close to me. Their safety rests on my shoulders, and I carry it well.",OCCASIONAL,"ISEKAI RPG LEVELING is confirmed live for this campaign (design/canon evidence — see report), but this specific thought/stance is not individually verified as the chosen variant for any of the 12 ideoligions/factions."
ThoughtDef,Isekai_QuestComplete,ISEKAI RPG LEVELING,"contract fulfilled | Job's done and the pay was fair. A good day's work. | a difficult contract, fulfilled | That contract would have broken a lesser adventurer. It didn't break me...",OCCASIONAL,"ISEKAI RPG LEVELING is confirmed live for this campaign (design/canon evidence — see report), but this specific thought/stance is not individually verified as the chosen variant for any of the 12 ideoligions/factions."
ThoughtDef,Isekai_QuestFailed,ISEKAI RPG LEVELING,failed the contract | I took the job and I couldn't finish it. That stain follows an adventurer.,OCCASIONAL,"ISEKAI RPG LEVELING is confirmed live for this campaign (design/canon evidence — see report), but this specific thought/stance is not individually verified as the chosen variant for any of the 12 ideoligions/factions."
ThoughtDef,Isekai_RankUp,ISEKAI RPG LEVELING,"ranked up | I've been formally ranked. It's a start. | rose to E-rank | E-rank. Not much, but I'm climbing. | rose to D-rank | D-rank. People are starting to take me seriously. | r...",OCCASIONAL,"ISEKAI RPG LEVELING is confirmed live for this campaign (design/canon evidence — see report), but this specific thought/stance is not individually verified as the chosen variant for any of the 12 ideoligions/factions."
ThoughtDef,Isekai_RivalConstellation,ISEKAI RPG LEVELING,opposed constellation | Everything {0} stands for is the opposite of what I believe. We will never see eye to eye.,OCCASIONAL,"ISEKAI RPG LEVELING is confirmed live for this campaign (design/canon evidence — see report), but this specific thought/stance is not individually verified as the chosen variant for any of the 12 ideoligions/factions."
ThoughtDef,Isekai_RuneShattered,ISEKAI RPG LEVELING,shattered a rune | Prying it loose destroyed it. Those aren't easy to come by.,OCCASIONAL,"ISEKAI RPG LEVELING is confirmed live for this campaign (design/canon evidence — see report), but this specific thought/stance is not individually verified as the chosen variant for any of the 12 ideoligions/factions."
ThoughtDef,Isekai_RuneSocketed,ISEKAI RPG LEVELING,runic attunement | The rune settled into the metal and started to hum. My gear is truly mine now.,OCCASIONAL,"ISEKAI RPG LEVELING is confirmed live for this campaign (design/canon evidence — see report), but this specific thought/stance is not individually verified as the chosen variant for any of the 12 ideoligions/factions."
ThoughtDef,Isekai_SlewElite,ISEKAI RPG LEVELING,slew an elite | That one was a cut above the rest. Putting it down felt good.,OCCASIONAL,"ISEKAI RPG LEVELING is confirmed live for this campaign (design/canon evidence — see report), but this specific thought/stance is not individually verified as the chosen variant for any of the 12 ideoligions/factions."
ThoughtDef,Isekai_Stagnating,ISEKAI RPG LEVELING,"stagnating | I haven't grown in ages. Every day I stand still, the world gets further ahead of me.",OCCASIONAL,"ISEKAI RPG LEVELING is confirmed live for this campaign (design/canon evidence — see report), but this specific thought/stance is not individually verified as the chosen variant for any of the 12 ideoligions/factions."
ThoughtDef,Isekai_StarTouched,ISEKAI RPG LEVELING,touched the stars | A fragment of a fallen star dissolved into me. New paths I never knew existed are open now.,OCCASIONAL,"ISEKAI RPG LEVELING is confirmed live for this campaign (design/canon evidence — see report), but this specific thought/stance is not individually verified as the chosen variant for any of the 12 ideoligions/factions."
ThoughtDef,Isekai_SummonedHeroDisplacement,ISEKAI RPG LEVELING,displaced from home | I was torn from my world to be someone else's hero. I never asked for this.,OCCASIONAL,"ISEKAI RPG LEVELING is confirmed live for this campaign (design/canon evidence — see report), but this specific thought/stance is not individually verified as the chosen variant for any of the 12 ideoligions/factions."
ThoughtDef,Isekai_TitleBearing,ISEKAI RPG LEVELING,recognised | I am not just competent at this any more. There is a word for what I am. | among the strongest | Very few people alive can do what I do. I know exactly where I stand. ...,OCCASIONAL,"ISEKAI RPG LEVELING is confirmed live for this campaign (design/canon evidence — see report), but this specific thought/stance is not individually verified as the chosen variant for any of the 12 ideoligions/factions."
ThoughtDef,Isekai_TitleRenown,ISEKAI RPG LEVELING,"known for something | {0} has a name for what they do. I don't, not really. | spoken of elsewhere | People who have never met {0} still know the name. That is not nothing. | a livi...",OCCASIONAL,"ISEKAI RPG LEVELING is confirmed live for this campaign (design/canon evidence — see report), but this specific thought/stance is not individually verified as the chosen variant for any of the 12 ideoligions/factions."
ThoughtDef,Isekai_TitleRivalry,ISEKAI RPG LEVELING,"rival in the same art | {0} does what I do, about as well as I do it. Only one of us gets to be the one they name.",OCCASIONAL,"ISEKAI RPG LEVELING is confirmed live for this campaign (design/canon evidence — see report), but this specific thought/stance is not individually verified as the chosen variant for any of the 12 ideoligions/factions."
ThoughtDef,Isekai_TouchedByDeath,ISEKAI RPG LEVELING,"touched by death | I've felt death's cold embrace. Fate won't let me die, but the memory lingers.",OCCASIONAL,"ISEKAI RPG LEVELING is confirmed live for this campaign (design/canon evidence — see report), but this specific thought/stance is not individually verified as the chosen variant for any of the 12 ideoligions/factions."
ThoughtDef,Isekai_UnfulfilledCalling,ISEKAI RPG LEVELING,unfulfilled calling | My blade hasn't tasted anything in far too long. I can feel myself going soft.,OCCASIONAL,"ISEKAI RPG LEVELING is confirmed live for this campaign (design/canon evidence — see report), but this specific thought/stance is not individually verified as the chosen variant for any of the 12 ideoligions/factions."
ThoughtDef,Isekai_UntappedPotential,ISEKAI RPG LEVELING,untapped potential | There's power sitting inside me that nobody has bothered to shape. It itches.,OCCASIONAL,"ISEKAI RPG LEVELING is confirmed live for this campaign (design/canon evidence — see report), but this specific thought/stance is not individually verified as the chosen variant for any of the 12 ideoligions/factions."
ThoughtDef,Isekai_WeaponMastery,ISEKAI RPG LEVELING,weapon mastery | My weapon has stopped being a tool. It moves like part of my own body now.,OCCASIONAL,"ISEKAI RPG LEVELING is confirmed live for this campaign (design/canon evidence — see report), but this specific thought/stance is not individually verified as the chosen variant for any of the 12 ideoligions/factions."
ThoughtDef,Isekai_WorthyWeapon,ISEKAI RPG LEVELING,worthy of my strength | This weapon can actually keep up with me. It feels right in my hands.,OCCASIONAL,"ISEKAI RPG LEVELING is confirmed live for this campaign (design/canon evidence — see report), but this specific thought/stance is not individually verified as the chosen variant for any of the 12 ideoligions/factions."
ThoughtDef,AnyBodyPartButGroinCovered_Disapproved_Female,Ideology,wearing clothes (non-groin) | To stifle the skin is wrong. Only the groin should be covered.,OCCASIONAL,"Ideology DLC is live but this thought has no routine-trigger keyword match — likely precept-specific, ritual-specific, or otherwise gated; not individually verified against the 12 ideoligions."
ThoughtDef,AnyBodyPartButGroinCovered_Disapproved_Male,Ideology,wearing clothes (non-groin) | To stifle the skin is wrong. Only the groin should be covered.,OCCASIONAL,"Ideology DLC is live but this thought has no routine-trigger keyword match — likely precept-specific, ritual-specific, or otherwise gated; not individually verified against the 12 ideoligions."
ThoughtDef,AnyBodyPartButGroinCovered_Disapproved_Memory,Ideology,"wore clothes (non-groin) | To conceal the skin is wrong, but I did it anyway. Only the groin should be covered.",OCCASIONAL,"Ideology DLC is live but this thought has no routine-trigger keyword match — likely precept-specific, ritual-specific, or otherwise gated; not individually verified against the 12 ideoligions."
ThoughtDef,AnyBodyPartButGroinCovered_Disapproved_Social_Female,Ideology,wearing clothes (non-groin),OCCASIONAL,"Ideology DLC is live but this thought has no routine-trigger keyword match — likely precept-specific, ritual-specific, or otherwise gated; not individually verified against the 12 ideoligions."
ThoughtDef,AnyBodyPartButGroinCovered_Disapproved_Social_Male,Ideology,wearing clothes (non-groin),OCCASIONAL,"Ideology DLC is live but this thought has no routine-trigger keyword match — likely precept-specific, ritual-specific, or otherwise gated; not individually verified against the 12 ideoligions."
ThoughtDef,AnyBodyPartCovered_Disapproved_Female,Ideology,"wearing clothes | I don't approve of covering myself, yet here I am doing it.",OCCASIONAL,"Ideology DLC is live but this thought has no routine-trigger keyword match — likely precept-specific, ritual-specific, or otherwise gated; not individually verified against the 12 ideoligions."
ThoughtDef,AnyBodyPartCovered_Disapproved_Male,Ideology,"wearing clothes | I don't approve of covering myself, yet here I am doing it.",OCCASIONAL,"Ideology DLC is live but this thought has no routine-trigger keyword match — likely precept-specific, ritual-specific, or otherwise gated; not individually verified against the 12 ideoligions."
ThoughtDef,AnyBodyPartCovered_Disapproved_Memory,Ideology,wore clothes | I concealed my flesh. It was wrong.,OCCASIONAL,"Ideology DLC is live but this thought has no routine-trigger keyword match — likely precept-specific, ritual-specific, or otherwise gated; not individually verified against the 12 ideoligions."
ThoughtDef,AnyBodyPartCovered_Disapproved_Social_Female,Ideology,wearing clothes,OCCASIONAL,"Ideology DLC is live but this thought has no routine-trigger keyword match — likely precept-specific, ritual-specific, or otherwise gated; not individually verified against the 12 ideoligions."
ThoughtDef,AnyBodyPartCovered_Disapproved_Social_Male,Ideology,wearing clothes,OCCASIONAL,"Ideology DLC is live but this thought has no routine-trigger keyword match — likely precept-specific, ritual-specific, or otherwise gated; not individually verified against the 12 ideoligions."
ThoughtDef,BeautifulSkyLanterns,Ideology,beautiful skylantern festival | I felt at peace as the lanterns drifted off.,OCCASIONAL,"Ideology DLC is live but this thought has no routine-trigger keyword match — likely precept-specific, ritual-specific, or otherwise gated; not individually verified against the 12 ideoligions."
ThoughtDef,BioSculpterDespised,Ideology,used biosculpter pod | My body was despoiled by the use of a biosculpter pod.,OCCASIONAL,"Ideology DLC is live but this thought has no routine-trigger keyword match — likely precept-specific, ritual-specific, or otherwise gated; not individually verified against the 12 ideoligions."
ThoughtDef,BiosculpterPleasure,Ideology,biosculpter pleasure cycle | Every part of me is somehow better at feeling good.,OCCASIONAL,"Ideology DLC is live but this thought has no routine-trigger keyword match — likely precept-specific, ritual-specific, or otherwise gated; not individually verified against the 12 ideoligions."
ThoughtDef,BlindingCeremony_Know_Horrible,Ideology,blinding ceremony | We blinded someone over ideoligious beliefs! This is wrong!,OCCASIONAL,"Ideology DLC is live but this thought has no routine-trigger keyword match — likely precept-specific, ritual-specific, or otherwise gated; not individually verified against the 12 ideoligions."
ThoughtDef,BlindingCeremony_Self_Elevated,Ideology,"was blinded | I was blinded in a righteous ceremony. Finally, I can start learning to see.",OCCASIONAL,"Ideology DLC is live but this thought has no routine-trigger keyword match — likely precept-specific, ritual-specific, or otherwise gated; not individually verified against the 12 ideoligions."
ThoughtDef,BlindingCeremony_Self_Respected,Ideology,"was blinded | I was blinded in a righteous ceremony. Finally, I can start learning to see.",OCCASIONAL,"Ideology DLC is live but this thought has no routine-trigger keyword match — likely precept-specific, ritual-specific, or otherwise gated; not individually verified against the 12 ideoligions."
ThoughtDef,BlindingCeremony_Self_Sublime,Ideology,"was blinded | I was blinded in a righteous ceremony. Finally, I can start learning to see.",OCCASIONAL,"Ideology DLC is live but this thought has no routine-trigger keyword match — likely precept-specific, ritual-specific, or otherwise gated; not individually verified against the 12 ideoligions."
ThoughtDef,Blindness_ArtificialBlind,Ideology,"vision blocked | Blocking my vision gives my mind closer access to true reality. It's not as good as a permanent blinding, but it's acceptable.",OCCASIONAL,"Ideology DLC is live but this thought has no routine-trigger keyword match — likely precept-specific, ritual-specific, or otherwise gated; not individually verified against the 12 ideoligions."
ThoughtDef,Blindness_Elevated_Blind,Ideology,blind | I can explore a greater awareness through my inability to see.,OCCASIONAL,"Ideology DLC is live but this thought has no routine-trigger keyword match — likely precept-specific, ritual-specific, or otherwise gated; not individually verified against the 12 ideoligions."
ThoughtDef,Blindness_Elevated_Blind_Social,Ideology,blind,OCCASIONAL,"Ideology DLC is live but this thought has no routine-trigger keyword match — likely precept-specific, ritual-specific, or otherwise gated; not individually verified against the 12 ideoligions."
ThoughtDef,Blindness_Elevated_HalfBlind_Social,Ideology,half-blind,OCCASIONAL,"Ideology DLC is live but this thought has no routine-trigger keyword match — likely precept-specific, ritual-specific, or otherwise gated; not individually verified against the 12 ideoligions."
ThoughtDef,Blindness_Elevated_NonBlind,Ideology,"not blind | I wish to be blind so I can connect better with the true reality. Or, at a minimum, I should be blindfolded.",OCCASIONAL,"Ideology DLC is live but this thought has no routine-trigger keyword match — likely precept-specific, ritual-specific, or otherwise gated; not individually verified against the 12 ideoligions."
ThoughtDef,Blindness_Elevated_NonBlind_Social,Ideology,sighted,OCCASIONAL,"Ideology DLC is live but this thought has no routine-trigger keyword match — likely precept-specific, ritual-specific, or otherwise gated; not individually verified against the 12 ideoligions."
ThoughtDef,Blindness_Respected_Blind,Ideology,"blind | Now that my sight is gone, I can see clearly.",OCCASIONAL,"Ideology DLC is live but this thought has no routine-trigger keyword match — likely precept-specific, ritual-specific, or otherwise gated; not individually verified against the 12 ideoligions."
ThoughtDef,Blindness_Respected_Blind_Social,Ideology,blind,OCCASIONAL,"Ideology DLC is live but this thought has no routine-trigger keyword match — likely precept-specific, ritual-specific, or otherwise gated; not individually verified against the 12 ideoligions."
ThoughtDef,Blindness_Respected_NonBlind_Social,Ideology,sighted,OCCASIONAL,"Ideology DLC is live but this thought has no routine-trigger keyword match — likely precept-specific, ritual-specific, or otherwise gated; not individually verified against the 12 ideoligions."
ThoughtDef,Blindness_Sublime_Blind,Ideology,blind | I am free to explore the depths of my mind and the true reality without my sight limiting me.,OCCASIONAL,"Ideology DLC is live but this thought has no routine-trigger keyword match — likely precept-specific, ritual-specific, or otherwise gated; not individually verified against the 12 ideoligions."
ThoughtDef,Blindness_Sublime_Blind_Social,Ideology,blind,OCCASIONAL,"Ideology DLC is live but this thought has no routine-trigger keyword match — likely precept-specific, ritual-specific, or otherwise gated; not individually verified against the 12 ideoligions."
ThoughtDef,Blindness_Sublime_HalfBlind_Social,Ideology,half-blind,OCCASIONAL,"Ideology DLC is live but this thought has no routine-trigger keyword match — likely precept-specific, ritual-specific, or otherwise gated; not individually verified against the 12 ideoligions."
ThoughtDef,Blindness_Sublime_NonBlind,Ideology,"not blind | I wish to be blind so much. I need these physical sights gone so I can touch the true reality. At a minimum, I should wear a blindfold.",OCCASIONAL,"Ideology DLC is live but this thought has no routine-trigger keyword match — likely precept-specific, ritual-specific, or otherwise gated; not individually verified against the 12 ideoligions."
ThoughtDef,Blindness_Sublime_NonBlind_Social,Ideology,sighted,OCCASIONAL,"Ideology DLC is live but this thought has no routine-trigger keyword match — likely precept-specific, ritual-specific, or otherwise gated; not individually verified against the 12 ideoligions."
ThoughtDef,BoringBlinding,Ideology,boring blinding | That blinding lacked passion and the technique wasn't great.,OCCASIONAL,"Ideology DLC is live but this thought has no routine-trigger keyword match — likely precept-specific, ritual-specific, or otherwise gated; not individually verified against the 12 ideoligions."
ThoughtDef,BoringDuel,Ideology,"boring duel | That duel was awkward. No aggressive energy, just attempts to survive.",OCCASIONAL,"Ideology DLC is live, but text matches a rare/gated keyword — quest, royal, psycast, gene-lab or similar special trigger."
ThoughtDef,BoringFestival,Ideology,boring festival | That festival was awkward. I wish I could have left.,OCCASIONAL,"Ideology DLC is live but this thought has no routine-trigger keyword match — likely precept-specific, ritual-specific, or otherwise gated; not individually verified against the 12 ideoligions."
ThoughtDef,BoringParty,Ideology,"boring party | That party was not good. Uninteresting music, poor dancing. Wish I never went.",OCCASIONAL,"Ideology DLC is live but this thought has no routine-trigger keyword match — likely precept-specific, ritual-specific, or otherwise gated; not individually verified against the 12 ideoligions."
ThoughtDef,BoringSacrifice,Ideology,boring sacrifice | That sacrifice lacked passion and the technique wasn't great.,OCCASIONAL,"Ideology DLC is live but this thought has no routine-trigger keyword match — likely precept-specific, ritual-specific, or otherwise gated; not individually verified against the 12 ideoligions."
ThoughtDef,ButcheredHuman_Abhorrent,Ideology,I butchered humanlike | I butchered a human being. This is an offense against everything I believe.,OCCASIONAL,"Ideology DLC is live but this thought has no routine-trigger keyword match — likely precept-specific, ritual-specific, or otherwise gated; not individually verified against the 12 ideoligions."
ThoughtDef,ButcheredHuman_Disapproved,Ideology,I butchered humanlike | I butchered a human being. I believe such actions are wrong.,OCCASIONAL,"Ideology DLC is live but this thought has no routine-trigger keyword match — likely precept-specific, ritual-specific, or otherwise gated; not individually verified against the 12 ideoligions."
ThoughtDef,ButcheredHuman_Horrible,Ideology,I butchered humanlike | I butchered a human being. This was a horrible thing.,OCCASIONAL,"Ideology DLC is live but this thought has no routine-trigger keyword match — likely precept-specific, ritual-specific, or otherwise gated; not individually verified against the 12 ideoligions."
ThoughtDef,ButcheredHuman_Know_Abhorrent,Ideology,we butchered humanlike | One of us butchered a human being. This is an offense against everything I believe.,OCCASIONAL,"Ideology DLC is live but this thought has no routine-trigger keyword match — likely precept-specific, ritual-specific, or otherwise gated; not individually verified against the 12 ideoligions."
ThoughtDef,ButcheredHuman_Know_Abhorrent_Opinion,Ideology,butchered humanlike,OCCASIONAL,"Ideology DLC is live but this thought has no routine-trigger keyword match — likely precept-specific, ritual-specific, or otherwise gated; not individually verified against the 12 ideoligions."
ThoughtDef,ButcheredHuman_Know_Disapproved,Ideology,we butchered humanlike | One of us butchered a human being. I believe such actions are wrong.,OCCASIONAL,"Ideology DLC is live but this thought has no routine-trigger keyword match — likely precept-specific, ritual-specific, or otherwise gated; not individually verified against the 12 ideoligions."
ThoughtDef,ButcheredHuman_Know_Disapproved_Opinion,Ideology,butchered humanlike,OCCASIONAL,"Ideology DLC is live but this thought has no routine-trigger keyword match — likely precept-specific, ritual-specific, or otherwise gated; not individually verified against the 12 ideoligions."
ThoughtDef,ButcheredHuman_Know_Horrible,Ideology,we butchered humanlike | One of us butchered a human being. This was a horrible thing.,OCCASIONAL,"Ideology DLC is live but this thought has no routine-trigger keyword match — likely precept-specific, ritual-specific, or otherwise gated; not individually verified against the 12 ideoligions."
ThoughtDef,ButcheredHuman_Know_Horrible_Opinion,Ideology,butchered humanlike,OCCASIONAL,"Ideology DLC is live but this thought has no routine-trigger keyword match — likely precept-specific, ritual-specific, or otherwise gated; not individually verified against the 12 ideoligions."
ThoughtDef,ChangedIdeo_Know_Abhorrent,Ideology,recent apostasy,OCCASIONAL,"Ideology DLC is live but this thought has no routine-trigger keyword match — likely precept-specific, ritual-specific, or otherwise gated; not individually verified against the 12 ideoligions."
ThoughtDef,ChangedIdeo_Know_Disapproved,Ideology,recent apostasy,OCCASIONAL,"Ideology DLC is live but this thought has no routine-trigger keyword match — likely precept-specific, ritual-specific, or otherwise gated; not individually verified against the 12 ideoligions."
ThoughtDef,ChangedIdeo_Know_Horrible,Ideology,recent apostasy,OCCASIONAL,"Ideology DLC is live but this thought has no routine-trigger keyword match — likely precept-specific, ritual-specific, or otherwise gated; not individually verified against the 12 ideoligions."
ThoughtDef,CharityFulfilled_Essential_Beggars,Ideology,beggars helped | We helped beggars in need. I really am a good person!,OCCASIONAL,"Ideology DLC is live but this thought has no routine-trigger keyword match — likely precept-specific, ritual-specific, or otherwise gated; not individually verified against the 12 ideoligions."
ThoughtDef,CharityFulfilled_Essential_HospitalityRefugees,Ideology,refugees hosted | We helped refugees. I really am a good person!,OCCASIONAL,"Ideology DLC is live but this thought has no routine-trigger keyword match — likely precept-specific, ritual-specific, or otherwise gated; not individually verified against the 12 ideoligions."
ThoughtDef,CharityFulfilled_Essential_IntroWimp,Ideology,noble helped | We helped a royal in need. We really are good people!,OCCASIONAL,"Ideology DLC is live, but text matches a rare/gated keyword — quest, royal, psycast, gene-lab or similar special trigger."
ThoughtDef,CharityFulfilled_Essential_RefugeePodCrash,Ideology,pod refugee helped | We helped a crashed refugee survive. I really am a good person!,OCCASIONAL,"Ideology DLC is live but this thought has no routine-trigger keyword match — likely precept-specific, ritual-specific, or otherwise gated; not individually verified against the 12 ideoligions."
ThoughtDef,CharityFulfilled_Essential_ShuttleCrashRescue,Ideology,shuttle survivors helped | We helped shuttle crash survivors. I really am a good person!,OCCASIONAL,"Ideology DLC is live, but text matches a rare/gated keyword — quest, royal, psycast, gene-lab or similar special trigger."
ThoughtDef,CharityFulfilled_Essential_ThreatReward_Joiner,Ideology,accepted someone in danger | We helped someone under threat. We really are good people!,OCCASIONAL,"Ideology DLC is live but this thought has no routine-trigger keyword match — likely precept-specific, ritual-specific, or otherwise gated; not individually verified against the 12 ideoligions."
ThoughtDef,CharityFulfilled_Important_Beggars,Ideology,beggars helped | We helped beggars in need. It was the right thing to do.,OCCASIONAL,"Ideology DLC is live but this thought has no routine-trigger keyword match — likely precept-specific, ritual-specific, or otherwise gated; not individually verified against the 12 ideoligions."
ThoughtDef,CharityFulfilled_Important_HospitalityRefugees,Ideology,refugees hosted | We helped refugees. Helping others is important.,OCCASIONAL,"Ideology DLC is live but this thought has no routine-trigger keyword match — likely precept-specific, ritual-specific, or otherwise gated; not individually verified against the 12 ideoligions."
ThoughtDef,CharityFulfilled_Important_IntroWimp,Ideology,noble helped | We helped a royal in need. Helping others is important.,OCCASIONAL,"Ideology DLC is live, but text matches a rare/gated keyword — quest, royal, psycast, gene-lab or similar special trigger."
ThoughtDef,CharityFulfilled_Important_RefugeePodCrash,Ideology,pod refugee helped | We helped a crashed refugee survive. Helping others is important.,OCCASIONAL,"Ideology DLC is live but this thought has no routine-trigger keyword match — likely precept-specific, ritual-specific, or otherwise gated; not individually verified against the 12 ideoligions."
ThoughtDef,CharityFulfilled_Important_ShuttleCrashRescue,Ideology,shuttle survivors helped | We helped shuttle crash survivors. It was clearly the right thing to do.,OCCASIONAL,"Ideology DLC is live, but text matches a rare/gated keyword — quest, royal, psycast, gene-lab or similar special trigger."
ThoughtDef,CharityFulfilled_Important_ThreatReward_Joiner,Ideology,accepted someone in danger | We helped someone under threat. It was the right thing to do.,OCCASIONAL,"Ideology DLC is live but this thought has no routine-trigger keyword match — likely precept-specific, ritual-specific, or otherwise gated; not individually verified against the 12 ideoligions."
ThoughtDef,CharityFulfilled_Worthwhile_Beggars,Ideology,beggars helped | We helped beggars in need. It's good to be good to people.,OCCASIONAL,"Ideology DLC is live but this thought has no routine-trigger keyword match — likely precept-specific, ritual-specific, or otherwise gated; not individually verified against the 12 ideoligions."
ThoughtDef,CharityFulfilled_Worthwhile_HospitalityRefugees,Ideology,refugees hosted | We helped refugees. It was good of us.,OCCASIONAL,"Ideology DLC is live but this thought has no routine-trigger keyword match — likely precept-specific, ritual-specific, or otherwise gated; not individually verified against the 12 ideoligions."
ThoughtDef,CharityFulfilled_Worthwhile_IntroWimp,Ideology,noble helped | We helped a royal in need. It was good of us.,OCCASIONAL,"Ideology DLC is live, but text matches a rare/gated keyword — quest, royal, psycast, gene-lab or similar special trigger."
ThoughtDef,CharityFulfilled_Worthwhile_RefugeePodCrash,Ideology,pod refugee helped | We helped a crashed refugee survive. It was good of me.,OCCASIONAL,"Ideology DLC is live but this thought has no routine-trigger keyword match — likely precept-specific, ritual-specific, or otherwise gated; not individually verified against the 12 ideoligions."
ThoughtDef,CharityFulfilled_Worthwhile_ShuttleCrashRescue,Ideology,shuttle survivors helped | We helped shuttle crash survivors. It was a good thing.,OCCASIONAL,"Ideology DLC is live, but text matches a rare/gated keyword — quest, royal, psycast, gene-lab or similar special trigger."
ThoughtDef,CharityFulfilled_Worthwhile_ThreatReward_Joiner,Ideology,accepted someone in danger | We helped someone under threat. That was pretty good.,OCCASIONAL,"Ideology DLC is live but this thought has no routine-trigger keyword match — likely precept-specific, ritual-specific, or otherwise gated; not individually verified against the 12 ideoligions."
ThoughtDef,CharityRefused_Essential_Beggars,Ideology,"beggars not helped | They begged for help, but we refused. What a violation - am I even human any more?",OCCASIONAL,"Ideology DLC is live but this thought has no routine-trigger keyword match — likely precept-specific, ritual-specific, or otherwise gated; not individually verified against the 12 ideoligions."
ThoughtDef,CharityRefused_Essential_Beggars_Betrayed,Ideology,beggars betrayed | They begged for help and we betrayed them. Will I ever forgive myself?,OCCASIONAL,"Ideology DLC is live but this thought has no routine-trigger keyword match — likely precept-specific, ritual-specific, or otherwise gated; not individually verified against the 12 ideoligions."
ThoughtDef,CharityRefused_Essential_HospitalityRefugees,Ideology,"refugees not helped | They were desperate, and we didn't help. How could I be so inhuman?",OCCASIONAL,"Ideology DLC is live but this thought has no routine-trigger keyword match — likely precept-specific, ritual-specific, or otherwise gated; not individually verified against the 12 ideoligions."
ThoughtDef,CharityRefused_Essential_Pilgrims,Ideology,pilgrims not helped | They asked to view our sacred relic and we refused. How could we be so selfish?,OCCASIONAL,"Ideology DLC is live but this thought has no routine-trigger keyword match — likely precept-specific, ritual-specific, or otherwise gated; not individually verified against the 12 ideoligions."
ThoughtDef,CharityRefused_Essential_Pilgrims_Betrayed,Ideology,pilgrims betrayed | They came to view our sacred relic and we betrayed them. How did we get this depraved?,OCCASIONAL,"Ideology DLC is live but this thought has no routine-trigger keyword match — likely precept-specific, ritual-specific, or otherwise gated; not individually verified against the 12 ideoligions."
ThoughtDef,CharityRefused_Essential_ShuttleCrashRescue,Ideology,"crashing shuttle ignored | They were crashing, desperate for help, and we said no. How can I live with this?",OCCASIONAL,"Ideology DLC is live, but text matches a rare/gated keyword — quest, royal, psycast, gene-lab or similar special trigger."
ThoughtDef,CharityRefused_Essential_ThreatReward_Joiner,Ideology,rejected joiner in danger | We refused to help someone in real danger. I've deeply violated my beliefs.,OCCASIONAL,"Ideology DLC is live but this thought has no routine-trigger keyword match — likely precept-specific, ritual-specific, or otherwise gated; not individually verified against the 12 ideoligions."
ThoughtDef,CharityRefused_Essential_WandererJoins,Ideology,"wanderer rejected | Someone came looking for help, and we rejected them. What we did was inhuman.",OCCASIONAL,"Ideology DLC is live but this thought has no routine-trigger keyword match — likely precept-specific, ritual-specific, or otherwise gated; not individually verified against the 12 ideoligions."
ThoughtDef,CharityRefused_Important_Beggars,Ideology,"beggars not helped | They begged for help, but we didn't do anything. It was deeply wrong.",OCCASIONAL,"Ideology DLC is live but this thought has no routine-trigger keyword match — likely precept-specific, ritual-specific, or otherwise gated; not individually verified against the 12 ideoligions."
ThoughtDef,CharityRefused_Important_Beggars_Betrayed,Ideology,beggars betrayed | They begged for help and we betrayed them. It was horrendous.,OCCASIONAL,"Ideology DLC is live but this thought has no routine-trigger keyword match — likely precept-specific, ritual-specific, or otherwise gated; not individually verified against the 12 ideoligions."
ThoughtDef,CharityRefused_Important_HospitalityRefugees,Ideology,"refugees not helped | They were desperate, and we didn't help. We were obligated to help.",OCCASIONAL,"Ideology DLC is live but this thought has no routine-trigger keyword match — likely precept-specific, ritual-specific, or otherwise gated; not individually verified against the 12 ideoligions."
ThoughtDef,CharityRefused_Important_Pilgrims,Ideology,pilgrims not helped | They asked to view our sacred relic and we refused. We need to change our ways.,OCCASIONAL,"Ideology DLC is live but this thought has no routine-trigger keyword match — likely precept-specific, ritual-specific, or otherwise gated; not individually verified against the 12 ideoligions."
ThoughtDef,CharityRefused_Important_Pilgrims_Betrayed,Ideology,pilgrims betrayed | They came to view our sacred relic and we betrayed them. What a monstrous act.,OCCASIONAL,"Ideology DLC is live but this thought has no routine-trigger keyword match — likely precept-specific, ritual-specific, or otherwise gated; not individually verified against the 12 ideoligions."
ThoughtDef,CharityRefused_Important_ShuttleCrashRescue,Ideology,"crashing shuttle ignored | They were crashing, desperate for help, and we said no. It was so wrong.",OCCASIONAL,"Ideology DLC is live, but text matches a rare/gated keyword — quest, royal, psycast, gene-lab or similar special trigger."
ThoughtDef,CharityRefused_Important_ThreatReward_Joiner,Ideology,rejected joiner in danger | We refused to help someone in real danger. This will stick with me for a long time.,OCCASIONAL,"Ideology DLC is live but this thought has no routine-trigger keyword match — likely precept-specific, ritual-specific, or otherwise gated; not individually verified against the 12 ideoligions."
ThoughtDef,CharityRefused_Important_WandererJoins,Ideology,"wanderer rejected | They were in need, and we rejected them. Only a terrible person does that.",OCCASIONAL,"Ideology DLC is live but this thought has no routine-trigger keyword match — likely precept-specific, ritual-specific, or otherwise gated; not individually verified against the 12 ideoligions."
ThoughtDef,CharityRefused_Worthwhile_Beggars,Ideology,beggars not helped | They asked for help and we did nothing. We should be trying harder.,OCCASIONAL,"Ideology DLC is live but this thought has no routine-trigger keyword match — likely precept-specific, ritual-specific, or otherwise gated; not individually verified against the 12 ideoligions."
ThoughtDef,CharityRefused_Worthwhile_Beggars_Betrayed,Ideology,beggars betrayed | They begged for help and we betrayed them. We cannot let this happen again.,OCCASIONAL,"Ideology DLC is live but this thought has no routine-trigger keyword match — likely precept-specific, ritual-specific, or otherwise gated; not individually verified against the 12 ideoligions."
ThoughtDef,CharityRefused_Worthwhile_HospitalityRefugees,Ideology,"refugees not helped | They were desperate, and we didn't help. It wasn't great.",OCCASIONAL,"Ideology DLC is live but this thought has no routine-trigger keyword match — likely precept-specific, ritual-specific, or otherwise gated; not individually verified against the 12 ideoligions."
ThoughtDef,CharityRefused_Worthwhile_Pilgrims,Ideology,pilgrims not helped | They asked to view our sacred relic and we refused. We should be trying harder.,OCCASIONAL,"Ideology DLC is live but this thought has no routine-trigger keyword match — likely precept-specific, ritual-specific, or otherwise gated; not individually verified against the 12 ideoligions."
ThoughtDef,CharityRefused_Worthwhile_Pilgrims_Betrayed,Ideology,pilgrims betrayed | They came to view our sacred relic and we betrayed them. We must do better.,OCCASIONAL,"Ideology DLC is live but this thought has no routine-trigger keyword match — likely precept-specific, ritual-specific, or otherwise gated; not individually verified against the 12 ideoligions."
ThoughtDef,CharityRefused_Worthwhile_ShuttleCrashRescue,Ideology,"crashing shuttle ignored | They were crashing, desperate for help, and we said no. It wasn't a good thing.",OCCASIONAL,"Ideology DLC is live, but text matches a rare/gated keyword — quest, royal, psycast, gene-lab or similar special trigger."
ThoughtDef,CharityRefused_Worthwhile_ThreatReward_Joiner,Ideology,rejected joiner in danger | We refused to help someone in real danger. It wasn't great.,OCCASIONAL,"Ideology DLC is live but this thought has no routine-trigger keyword match — likely precept-specific, ritual-specific, or otherwise gated; not individually verified against the 12 ideoligions."
ThoughtDef,CharityRefused_Worthwhile_WandererJoins,Ideology,"wanderer rejected | They were in need, and we turned them away. We should have done better.",OCCASIONAL,"Ideology DLC is live but this thought has no routine-trigger keyword match — likely precept-specific, ritual-specific, or otherwise gated; not individually verified against the 12 ideoligions."
ThoughtDef,CounselFailed,Ideology,"failed consolation by {0} | Somehow, that attempt at helping made things even worse.",OCCASIONAL,"Ideology DLC is live but this thought has no routine-trigger keyword match — likely precept-specific, ritual-specific, or otherwise gated; not individually verified against the 12 ideoligions."
ThoughtDef,Counselled,Ideology,counselled by {0} | I received counseling about something that's been bothering me.,OCCASIONAL,"Ideology DLC is live but this thought has no routine-trigger keyword match — likely precept-specific, ritual-specific, or otherwise gated; not individually verified against the 12 ideoligions."
ThoughtDef,Counselled_MoodBoost,Ideology,counselled by {0} | I received counseling from someone. It felt nice to be listened to.,OCCASIONAL,"Ideology DLC is live but this thought has no routine-trigger keyword match — likely precept-specific, ritual-specific, or otherwise gated; not individually verified against the 12 ideoligions."
ThoughtDef,CutTree_Know_Disapproved,Ideology,cut tree,OCCASIONAL,"Ideology DLC is live but this thought has no routine-trigger keyword match — likely precept-specific, ritual-specific, or otherwise gated; not individually verified against the 12 ideoligions."
ThoughtDef,CutTree_Know_Disapproved_Mood,Ideology,tree felled | We cut down a tree. It wasn't good to harm nature this way.,OCCASIONAL,"Ideology DLC is live but this thought has no routine-trigger keyword match — likely precept-specific, ritual-specific, or otherwise gated; not individually verified against the 12 ideoligions."
ThoughtDef,CutTree_Know_Horrible,Ideology,cut tree,OCCASIONAL,"Ideology DLC is live but this thought has no routine-trigger keyword match — likely precept-specific, ritual-specific, or otherwise gated; not individually verified against the 12 ideoligions."
ThoughtDef,CutTree_Know_Prohibited,Ideology,cut tree,OCCASIONAL,"Ideology DLC is live but this thought has no routine-trigger keyword match — likely precept-specific, ritual-specific, or otherwise gated; not individually verified against the 12 ideoligions."
ThoughtDef,CutTree_Know_Prohibited_Mood,Ideology,tree felled | We cut down a tree. Such things violations of nature should never be done.,OCCASIONAL,"Ideology DLC is live but this thought has no routine-trigger keyword match — likely precept-specific, ritual-specific, or otherwise gated; not individually verified against the 12 ideoligions."
ThoughtDef,EffectiveConversion,Ideology,effective conversion | That conversion ritual went well. The speech was stirring and enjoyable to listen to.,OCCASIONAL,"Ideology DLC is live but this thought has no routine-trigger keyword match — likely precept-specific, ritual-specific, or otherwise gated; not individually verified against the 12 ideoligions."
ThoughtDef,EnslavedPrisoner_Know_Honorable_Mood,Ideology,prisoner enslaved | We enslaved someone. Now they know our honor and power!,OCCASIONAL,"Ideology DLC is live, but text matches a rare/gated keyword — quest, royal, psycast, gene-lab or similar special trigger."
ThoughtDef,ExpectationsSlave,Ideology,destitute slave expectations | I'm a slave of a destitute group. I expect nothing. | poor slave expectations | I'm a slave of a poor group. I expect very little. | meager slave exp...,OCCASIONAL,"Ideology DLC is live but this thought has no routine-trigger keyword match — likely precept-specific, ritual-specific, or otherwise gated; not individually verified against the 12 ideoligions."
ThoughtDef,FailedConvertAbilityRecipient,Ideology,{0} tried to convert me | Someone tried to convert me. I wish they'd just leave me alone.,OCCASIONAL,"Ideology DLC is live but this thought has no routine-trigger keyword match — likely precept-specific, ritual-specific, or otherwise gated; not individually verified against the 12 ideoligions."
ThoughtDef,FunFestival,Ideology,fun festival | I had fun! We got to hang out and relax.,OCCASIONAL,"Ideology DLC is live but this thought has no routine-trigger keyword match — likely precept-specific, ritual-specific, or otherwise gated; not individually verified against the 12 ideoligions."
ThoughtDef,FunParty,Ideology,fun party | That was a fun party. A good break from daily life.,OCCASIONAL,"Ideology DLC is live but this thought has no routine-trigger keyword match — likely precept-specific, ritual-specific, or otherwise gated; not individually verified against the 12 ideoligions."
ThoughtDef,GauranlenConnectionDesired,Ideology,"Gauranlen connection | I am happily connected to a Gauranlen tree. | want Gauranlen connection | Without a connection to a Gauranlen tree, I feel disconnected from nature. | want G...",OCCASIONAL,"Ideology DLC is live but this thought has no routine-trigger keyword match — likely precept-specific, ritual-specific, or otherwise gated; not individually verified against the 12 ideoligions."
ThoughtDef,GoodDuel,Ideology,good duel | That duel was good. The fighters really showed heart.,OCCASIONAL,"Ideology DLC is live, but text matches a rare/gated keyword — quest, royal, psycast, gene-lab or similar special trigger."
ThoughtDef,GoodFuneral,Ideology,good funeral | That funeral went well - a good way to say goodbye.,OCCASIONAL,"Ideology DLC is live but this thought has no routine-trigger keyword match — likely precept-specific, ritual-specific, or otherwise gated; not individually verified against the 12 ideoligions."
ThoughtDef,GotLovin_Abhorrent,Ideology,lustful act | I committed a lustful act that was absolutely abhorrent.,OCCASIONAL,"Ideology DLC is live but this thought has no routine-trigger keyword match — likely precept-specific, ritual-specific, or otherwise gated; not individually verified against the 12 ideoligions."
ThoughtDef,GotLovin_Disapproved,Ideology,"act of desire | I committed an act of desire, but it was the wrong thing to do.",OCCASIONAL,"Ideology DLC is live but this thought has no routine-trigger keyword match — likely precept-specific, ritual-specific, or otherwise gated; not individually verified against the 12 ideoligions."
ThoughtDef,GotLovin_Horrible,Ideology,lustful act | I committed a lustful act that was deeply wrong.,OCCASIONAL,"Ideology DLC is live but this thought has no routine-trigger keyword match — likely precept-specific, ritual-specific, or otherwise gated; not individually verified against the 12 ideoligions."
ThoughtDef,GroinChestHairOrFaceUncovered_Disapproved_Female,Ideology,uncovered any body part | To show myself to the world is wrong. I should be completely covered up.,OCCASIONAL,"Ideology DLC is live but this thought has no routine-trigger keyword match — likely precept-specific, ritual-specific, or otherwise gated; not individually verified against the 12 ideoligions."
ThoughtDef,GroinChestHairOrFaceUncovered_Disapproved_Male,Ideology,uncovered any body part | To show myself to the world is wrong. I should be completely covered up.,OCCASIONAL,"Ideology DLC is live but this thought has no routine-trigger keyword match — likely precept-specific, ritual-specific, or otherwise gated; not individually verified against the 12 ideoligions."
ThoughtDef,GroinChestHairOrFaceUncovered_Disapproved_Social_Female,Ideology,uncovered any body part,OCCASIONAL,"Ideology DLC is live but this thought has no routine-trigger keyword match — likely precept-specific, ritual-specific, or otherwise gated; not individually verified against the 12 ideoligions."
ThoughtDef,GroinChestHairOrFaceUncovered_Disapproved_Social_Male,Ideology,uncovered any body part,OCCASIONAL,"Ideology DLC is live but this thought has no routine-trigger keyword match — likely precept-specific, ritual-specific, or otherwise gated; not individually verified against the 12 ideoligions."
ThoughtDef,GroinChestOrHairUncovered_Disapproved_Female,Ideology,uncovered groin/chest/hair | It's wrong to be displaying myself like this. Only the face may be visible.,OCCASIONAL,"Ideology DLC is live but this thought has no routine-trigger keyword match — likely precept-specific, ritual-specific, or otherwise gated; not individually verified against the 12 ideoligions."
ThoughtDef,GroinChestOrHairUncovered_Disapproved_Male,Ideology,uncovered groin/chest/hair | It's wrong to be displaying myself like this. Only the face may be visible.,OCCASIONAL,"Ideology DLC is live but this thought has no routine-trigger keyword match — likely precept-specific, ritual-specific, or otherwise gated; not individually verified against the 12 ideoligions."
ThoughtDef,GroinChestOrHairUncovered_Disapproved_Social_Female,Ideology,uncovered any body part,OCCASIONAL,"Ideology DLC is live but this thought has no routine-trigger keyword match — likely precept-specific, ritual-specific, or otherwise gated; not individually verified against the 12 ideoligions."
ThoughtDef,GroinChestOrHairUncovered_Disapproved_Social_Male,Ideology,uncovered any body part,OCCASIONAL,"Ideology DLC is live but this thought has no routine-trigger keyword match — likely precept-specific, ritual-specific, or otherwise gated; not individually verified against the 12 ideoligions."
ThoughtDef,GroinOrChestUncovered_Disapproved_Social_Female,Ideology,uncovered groin/chest,OCCASIONAL,"Ideology DLC is live but this thought has no routine-trigger keyword match — likely precept-specific, ritual-specific, or otherwise gated; not individually verified against the 12 ideoligions."
ThoughtDef,GroinOrChestUncovered_Disapproved_Social_Male,Ideology,uncovered groin/chest,OCCASIONAL,"Ideology DLC is live but this thought has no routine-trigger keyword match — likely precept-specific, ritual-specific, or otherwise gated; not individually verified against the 12 ideoligions."
ThoughtDef,GroinUncovered_Disapproved_Social_Female,Ideology,uncovered groin,OCCASIONAL,"Ideology DLC is live but this thought has no routine-trigger keyword match — likely precept-specific, ritual-specific, or otherwise gated; not individually verified against the 12 ideoligions."
ThoughtDef,GroinUncovered_Disapproved_Social_Male,Ideology,uncovered groin,OCCASIONAL,"Ideology DLC is live but this thought has no routine-trigger keyword match — likely precept-specific, ritual-specific, or otherwise gated; not individually verified against the 12 ideoligions."
ThoughtDef,HarvestedOrgan_Abhorrent,Ideology,harvested organ | I had to harvest someone's organ. It's an abhorrent violation of everything I believe.,OCCASIONAL,"Ideology DLC is live but this thought has no routine-trigger keyword match — likely precept-specific, ritual-specific, or otherwise gated; not individually verified against the 12 ideoligions."
ThoughtDef,HarvestedOrgan_Horrible,Ideology,harvested organ | I had to harvest someone's organ. It's a horrible offense against my beliefs.,OCCASIONAL,"Ideology DLC is live but this thought has no routine-trigger keyword match — likely precept-specific, ritual-specific, or otherwise gated; not individually verified against the 12 ideoligions."
ThoughtDef,HarvestedOrgan_Know_Abhorrent,Ideology,harvested organ,OCCASIONAL,"Ideology DLC is live but this thought has no routine-trigger keyword match — likely precept-specific, ritual-specific, or otherwise gated; not individually verified against the 12 ideoligions."
ThoughtDef,HarvestedOrgan_Know_Abhorrent_Mood,Ideology,organ harvested | Someone took body parts from our fellow. It's a horrible thing.,OCCASIONAL,"Ideology DLC is live but this thought has no routine-trigger keyword match — likely precept-specific, ritual-specific, or otherwise gated; not individually verified against the 12 ideoligions."
ThoughtDef,HarvestedOrgan_Know_Horrible,Ideology,harvested organ,OCCASIONAL,"Ideology DLC is live but this thought has no routine-trigger keyword match — likely precept-specific, ritual-specific, or otherwise gated; not individually verified against the 12 ideoligions."
ThoughtDef,HarvestedOrgan_Know_Horrible_Mood,Ideology,organ harvested | Someone took body parts from our fellow. It's a horrible thing.,OCCASIONAL,"Ideology DLC is live but this thought has no routine-trigger keyword match — likely precept-specific, ritual-specific, or otherwise gated; not individually verified against the 12 ideoligions."
ThoughtDef,HasNoProsthetic_Disapproved,Ideology,no artificial enhancement | I don't have any artificial body enhancements. It's against my beliefs to be so unenhanced.,OCCASIONAL,"Ideology DLC is live but this thought has no routine-trigger keyword match — likely precept-specific, ritual-specific, or otherwise gated; not individually verified against the 12 ideoligions."
ThoughtDef,HasNoProsthetic_Disapproved_Social,Ideology,no artificial enhancement,OCCASIONAL,"Ideology DLC is live but this thought has no routine-trigger keyword match — likely precept-specific, ritual-specific, or otherwise gated; not individually verified against the 12 ideoligions."
ThoughtDef,HasProsthetic_Abhorrent,Ideology,artificial enhancement | I have an artificial body enhancement. It's an abhorrent offense against everything I believe!,OCCASIONAL,"Ideology DLC is live but this thought has no routine-trigger keyword match — likely precept-specific, ritual-specific, or otherwise gated; not individually verified against the 12 ideoligions."
ThoughtDef,HasProsthetic_Abhorrent_Social,Ideology,artificial enhancement,OCCASIONAL,"Ideology DLC is live but this thought has no routine-trigger keyword match — likely precept-specific, ritual-specific, or otherwise gated; not individually verified against the 12 ideoligions."
ThoughtDef,HasProsthetic_Approved,Ideology,"transhumanist modded | This artificial enhancement matches my belief. | transhumanist connected | The more artificial enhancements I get, the stronger my expression of my beliefs. ...",OCCASIONAL,"Ideology DLC is live but this thought has no routine-trigger keyword match — likely precept-specific, ritual-specific, or otherwise gated; not individually verified against the 12 ideoligions."
ThoughtDef,HasProsthetic_Disapproved,Ideology,artificial enhancement | I have an artificial body enhancement. I don't believe such things are acceptable.,OCCASIONAL,"Ideology DLC is live but this thought has no routine-trigger keyword match — likely precept-specific, ritual-specific, or otherwise gated; not individually verified against the 12 ideoligions."
ThoughtDef,HasProsthetic_Disapproved_Social,Ideology,artificial enhancement,OCCASIONAL,"Ideology DLC is live but this thought has no routine-trigger keyword match — likely precept-specific, ritual-specific, or otherwise gated; not individually verified against the 12 ideoligions."
ThoughtDef,HeartwarmingFuneral,Ideology,heartwarming funeral | That funeral went perfectly - it brought up a lot of good memories and showed us a path forward.,OCCASIONAL,"Ideology DLC is live but this thought has no routine-trigger keyword match — likely precept-specific, ritual-specific, or otherwise gated; not individually verified against the 12 ideoligions."
ThoughtDef,HighLife,Ideology,"high life | The right path goes through altered consciousness, and I am walking it. | high life | high life missing | I should be altering my consciousness. It's not right to be so...",OCCASIONAL,"Ideology DLC is live but this thought has no routine-trigger keyword match — likely precept-specific, ritual-specific, or otherwise gated; not individually verified against the 12 ideoligions."
ThoughtDef,HumanLeatherApparel_Abhorrent,Ideology,human leather {0} | Wearing human leather is disturbing. Who could do this? | human leather {0} (+1) | I'm dressed like an insane person. | human leather {0} (+2) | I think there m...,OCCASIONAL,"Ideology DLC is live but this thought has no routine-trigger keyword match — likely precept-specific, ritual-specific, or otherwise gated; not individually verified against the 12 ideoligions."
ThoughtDef,HumanLeatherApparel_Disapproved,Ideology,human leather {0} | I should not be wearing human leather apparel. | human leather {0} (+1) | I'm dressed in human skin. I do not like this. | human leather {0} (+2) | Why am I wea...,OCCASIONAL,"Ideology DLC is live but this thought has no routine-trigger keyword match — likely precept-specific, ritual-specific, or otherwise gated; not individually verified against the 12 ideoligions."
ThoughtDef,HumanLeatherApparel_Horrible,Ideology,human leather {0} | Wearing human leather is wrong. | human leather {0} (+1) | I feel really uncomfortable with all this human leather apparel. | human leather {0} (+2) | Why am I ...,OCCASIONAL,"Ideology DLC is live but this thought has no routine-trigger keyword match — likely precept-specific, ritual-specific, or otherwise gated; not individually verified against the 12 ideoligions."
ThoughtDef,HumanLeatherApparel_Preferred,Ideology,human leather {0} | I feel good wearing human leather apparel. | human leather {0} (+1) | I enjoy wearing the skin of others. | human leather {0} (+2) | I wear the faces of my enem...,OCCASIONAL,"Ideology DLC is live but this thought has no routine-trigger keyword match — likely precept-specific, ritual-specific, or otherwise gated; not individually verified against the 12 ideoligions."
ThoughtDef,IdeoBuildingMissing,Ideology,Missing {BUILDING_label} | We must have {BUILDING_labelIndef}.,OCCASIONAL,"Ideology DLC is live but this thought has no routine-trigger keyword match — likely precept-specific, ritual-specific, or otherwise gated; not individually verified against the 12 ideoligions."
ThoughtDef,IdeoDiversity_Abhorrent,Ideology,"diverse thoughts | My truth is so pure and obvious, yet some of those around me are captured by evil. It's abhorrent. | diverse thoughts | My truth is so pure and obvious, yet many...",OCCASIONAL,"Ideology DLC is live but this thought has no routine-trigger keyword match — likely precept-specific, ritual-specific, or otherwise gated; not individually verified against the 12 ideoligions."
ThoughtDef,IdeoDiversity_Abhorrent_ParticipatedInOthersRitual,Ideology,"false ritual | I took part in a ritual based on evil beliefs. Whether I liked it or not, I should not have done it.",OCCASIONAL,"Ideology DLC is live but this thought has no routine-trigger keyword match — likely precept-specific, ritual-specific, or otherwise gated; not individually verified against the 12 ideoligions."
ThoughtDef,IdeoDiversity_Abhorrent_Social,Ideology,different ideoligion,OCCASIONAL,"Ideology DLC is live but this thought has no routine-trigger keyword match — likely precept-specific, ritual-specific, or otherwise gated; not individually verified against the 12 ideoligions."
ThoughtDef,IdeoDiversity_Abhorrent_StyleDominance,Ideology,{ADJECTIVE}-style surroundings | I am surrounded by constructions which match the style(s) that reflect my {ADJECTIVE} beliefs. My beliefs are reflected by these styles: {STYLES} |...,OCCASIONAL,"Ideology DLC is live but this thought has no routine-trigger keyword match — likely precept-specific, ritual-specific, or otherwise gated; not individually verified against the 12 ideoligions."
ThoughtDef,IdeoDiversity_Abhorrent_Uniform,Ideology,"uniform thoughts | Our community is free from evil thoughts, as it should be.",OCCASIONAL,"Ideology DLC is live but this thought has no routine-trigger keyword match — likely precept-specific, ritual-specific, or otherwise gated; not individually verified against the 12 ideoligions."
ThoughtDef,IdeoDiversity_Approved,Ideology,diverse thoughts | Some others here have different beliefs. It's a sign of a healthy community. | diverse thoughts | Many others here have different beliefs. It's a sign of a healt...,OCCASIONAL,"Ideology DLC is live but this thought has no routine-trigger keyword match — likely precept-specific, ritual-specific, or otherwise gated; not individually verified against the 12 ideoligions."
ThoughtDef,IdeoDiversity_Approved_StyleDominance,Ideology,"{ADJECTIVE} surroundings | My surroundings are very {ADJECTIVE}. That's fine, but a diverse environment would be better. | Non-{ADJECTIVE} surroundings | My surroundings are not at...",OCCASIONAL,"Ideology DLC is live but this thought has no routine-trigger keyword match — likely precept-specific, ritual-specific, or otherwise gated; not individually verified against the 12 ideoligions."
ThoughtDef,IdeoDiversity_Disapproved,Ideology,"diverse thoughts | My truth is clear, yet some of those around me are so foolish they can't see it. I don't like being subjected to their idiocy. | diverse thoughts | My truth is c...",OCCASIONAL,"Ideology DLC is live but this thought has no routine-trigger keyword match — likely precept-specific, ritual-specific, or otherwise gated; not individually verified against the 12 ideoligions."
ThoughtDef,IdeoDiversity_Disapproved_ParticipatedInOthersRitual,Ideology,"false ritual | I took part in a ritual based on other beliefs. Whether I liked it or not, it wasn't the best thing to do.",OCCASIONAL,"Ideology DLC is live but this thought has no routine-trigger keyword match — likely precept-specific, ritual-specific, or otherwise gated; not individually verified against the 12 ideoligions."
ThoughtDef,IdeoDiversity_Disapproved_Social,Ideology,different ideoligion,OCCASIONAL,"Ideology DLC is live but this thought has no routine-trigger keyword match — likely precept-specific, ritual-specific, or otherwise gated; not individually verified against the 12 ideoligions."
ThoughtDef,IdeoDiversity_Disapproved_StyleDominance,Ideology,{ADJECTIVE}-style surroundings | I am surrounded by constructions which match the style(s) that reflect my {ADJECTIVE} beliefs. My beliefs are reflected by these styles: {STYLES} |...,OCCASIONAL,"Ideology DLC is live but this thought has no routine-trigger keyword match — likely precept-specific, ritual-specific, or otherwise gated; not individually verified against the 12 ideoligions."
ThoughtDef,IdeoDiversity_Disapproved_Uniform,Ideology,"uniform thoughts | Our community is free of foolishness, as it should be.",OCCASIONAL,"Ideology DLC is live but this thought has no routine-trigger keyword match — likely precept-specific, ritual-specific, or otherwise gated; not individually verified against the 12 ideoligions."
ThoughtDef,IdeoDiversity_Exalted,Ideology,diverse thoughts | Some others here have different beliefs. I'm so proud to be part of such a community. | diverse thoughts | Many others here have different beliefs. I'm so proud ...,OCCASIONAL,"Ideology DLC is live but this thought has no routine-trigger keyword match — likely precept-specific, ritual-specific, or otherwise gated; not individually verified against the 12 ideoligions."
ThoughtDef,IdeoDiversity_Exalted_StyleDominance,Ideology,"{ADJECTIVE} surroundings | My surroundings are very {ADJECTIVE}. That's fine, but a diverse environment would be better. | Non-{ADJECTIVE} surroundings | My surroundings are not at...",OCCASIONAL,"Ideology DLC is live but this thought has no routine-trigger keyword match — likely precept-specific, ritual-specific, or otherwise gated; not individually verified against the 12 ideoligions."
ThoughtDef,IdeoDiversity_Horrible,Ideology,"diverse thoughts | My truth is so obvious, yet some of those around me are so deluded. It's horrible. | diverse thoughts | My truth is so obvious, yet many those around me are so d...",OCCASIONAL,"Ideology DLC is live but this thought has no routine-trigger keyword match — likely precept-specific, ritual-specific, or otherwise gated; not individually verified against the 12 ideoligions."
ThoughtDef,IdeoDiversity_Horrible_ParticipatedInOthersRitual,Ideology,"false ritual | I took part in a ritual based on false beliefs. Whether I liked it or not, I should not have done it.",OCCASIONAL,"Ideology DLC is live but this thought has no routine-trigger keyword match — likely precept-specific, ritual-specific, or otherwise gated; not individually verified against the 12 ideoligions."
ThoughtDef,IdeoDiversity_Horrible_Social,Ideology,different ideoligion,OCCASIONAL,"Ideology DLC is live but this thought has no routine-trigger keyword match — likely precept-specific, ritual-specific, or otherwise gated; not individually verified against the 12 ideoligions."
ThoughtDef,IdeoDiversity_Horrible_StyleDominance,Ideology,{ADJECTIVE}-style surroundings | I am surrounded by constructions which match the style(s) that reflect my {ADJECTIVE} beliefs. My beliefs are reflected by these styles: {STYLES} |...,OCCASIONAL,"Ideology DLC is live but this thought has no routine-trigger keyword match — likely precept-specific, ritual-specific, or otherwise gated; not individually verified against the 12 ideoligions."
ThoughtDef,IdeoDiversity_Respected,Ideology,diverse thoughts | Some others here have different beliefs. It's an important sign of a healthy community. | diverse thoughts | Many others here have different beliefs. It's an imp...,OCCASIONAL,"Ideology DLC is live but this thought has no routine-trigger keyword match — likely precept-specific, ritual-specific, or otherwise gated; not individually verified against the 12 ideoligions."
ThoughtDef,IdeoDiversity_Respected_StyleDominance,Ideology,"{ADJECTIVE} surroundings | My surroundings are very {ADJECTIVE}. That's fine, but a diverse environment would be better. | Non-{ADJECTIVE} surroundings | My surroundings are not at...",OCCASIONAL,"Ideology DLC is live but this thought has no routine-trigger keyword match — likely precept-specific, ritual-specific, or otherwise gated; not individually verified against the 12 ideoligions."
ThoughtDef,IdeoDiversity_Standard_StyleDominance,Ideology,{ADJECTIVE}-style surroundings | I am surrounded by constructions which match the style(s) that reflect my {ADJECTIVE} beliefs. My beliefs are reflected by these styles: {STYLES} |...,OCCASIONAL,"Ideology DLC is live but this thought has no routine-trigger keyword match — likely precept-specific, ritual-specific, or otherwise gated; not individually verified against the 12 ideoligions."
ThoughtDef,IdeoLeaderResentmentAbhorrent,Ideology,Leader of different ideoligion | To accept direction from a {0} is utterly shameful and abhorrent.,OCCASIONAL,"Ideology DLC is live but this thought has no routine-trigger keyword match — likely precept-specific, ritual-specific, or otherwise gated; not individually verified against the 12 ideoligions."
ThoughtDef,IdeoLeaderResentmentDisapproved,Ideology,Leader of different ideoligion | It's insulting to be ordered around by a {0}.,OCCASIONAL,"Ideology DLC is live but this thought has no routine-trigger keyword match — likely precept-specific, ritual-specific, or otherwise gated; not individually verified against the 12 ideoligions."
ThoughtDef,IdeoLeaderResentmentHorrible,Ideology,Leader of different ideoligion | It's shameful to be ordered around by a {0}!,OCCASIONAL,"Ideology DLC is live but this thought has no routine-trigger keyword match — likely precept-specific, ritual-specific, or otherwise gated; not individually verified against the 12 ideoligions."
ThoughtDef,IdeoLeaderResentmentStandard,Ideology,Leader of different ideoligion | I don't like having a {0} as a leader.,OCCASIONAL,"Ideology DLC is live but this thought has no routine-trigger keyword match — likely precept-specific, ritual-specific, or otherwise gated; not individually verified against the 12 ideoligions."
ThoughtDef,IdeoRoleEmpty,Ideology,No {ROLE_label} | {0}s must have {ROLE_labelIndef}!,OCCASIONAL,"Ideology DLC is live but this thought has no routine-trigger keyword match — likely precept-specific, ritual-specific, or otherwise gated; not individually verified against the 12 ideoligions."
ThoughtDef,IdeoRoleLost,Ideology,Lost {ROLE_label} role | I lost my role as {ROLE_labelDef}.,OCCASIONAL,"Ideology DLC is live but this thought has no routine-trigger keyword match — likely precept-specific, ritual-specific, or otherwise gated; not individually verified against the 12 ideoligions."
ThoughtDef,InnocentPrisonerDied_Know_Abhorrent_Mood,Ideology,"innocent prisoner died | One of our prisoners died despite being harmless. We should be able to take care of our prisoners. If we wanted them dead, we could have at least conducted...",OCCASIONAL,"Ideology DLC is live, but text matches a rare/gated keyword — quest, royal, psycast, gene-lab or similar special trigger."
ThoughtDef,InstalledOrgan_Abhorrent,Ideology,installed organ | I had to install an organ in someone. It's an abhorrent violation of everything I believe.,OCCASIONAL,"Ideology DLC is live but this thought has no routine-trigger keyword match — likely precept-specific, ritual-specific, or otherwise gated; not individually verified against the 12 ideoligions."
ThoughtDef,InstalledOrgan_Know_Abhorrent,Ideology,installed organ,OCCASIONAL,"Ideology DLC is live but this thought has no routine-trigger keyword match — likely precept-specific, ritual-specific, or otherwise gated; not individually verified against the 12 ideoligions."
ThoughtDef,InstalledOrgan_Know_Abhorrent_Mood,Ideology,installed organ | Someone installed an organ. The body should be sacrosanct!,OCCASIONAL,"Ideology DLC is live but this thought has no routine-trigger keyword match — likely precept-specific, ritual-specific, or otherwise gated; not individually verified against the 12 ideoligions."
ThoughtDef,InstalledProsthetic_Abhorrent,Ideology,installed enhancement | I had to install an artificial body enhancement. This was deeply offensive to my beliefs.,OCCASIONAL,"Ideology DLC is live but this thought has no routine-trigger keyword match — likely precept-specific, ritual-specific, or otherwise gated; not individually verified against the 12 ideoligions."
ThoughtDef,InstalledProsthetic_Disapproved,Ideology,installed enhancement | I had to install an artificial body enhancement. This was clearly against my beliefs.,OCCASIONAL,"Ideology DLC is live but this thought has no routine-trigger keyword match — likely precept-specific, ritual-specific, or otherwise gated; not individually verified against the 12 ideoligions."
ThoughtDef,InstalledProsthetic_Know_Abhorrent,Ideology,installed enhancement,OCCASIONAL,"Ideology DLC is live but this thought has no routine-trigger keyword match — likely precept-specific, ritual-specific, or otherwise gated; not individually verified against the 12 ideoligions."
ThoughtDef,InstalledProsthetic_Know_Disapproved,Ideology,installed enhancement,OCCASIONAL,"Ideology DLC is live but this thought has no routine-trigger keyword match — likely precept-specific, ritual-specific, or otherwise gated; not individually verified against the 12 ideoligions."
ThoughtDef,IsApostate_Abhorrent_Social,Ideology,apostate,OCCASIONAL,"Ideology DLC is live but this thought has no routine-trigger keyword match — likely precept-specific, ritual-specific, or otherwise gated; not individually verified against the 12 ideoligions."
ThoughtDef,IsApostate_Disapproved_Social,Ideology,apostate,OCCASIONAL,"Ideology DLC is live but this thought has no routine-trigger keyword match — likely precept-specific, ritual-specific, or otherwise gated; not individually verified against the 12 ideoligions."
ThoughtDef,IsApostate_Horrible_Social,Ideology,apostate,OCCASIONAL,"Ideology DLC is live but this thought has no routine-trigger keyword match — likely precept-specific, ritual-specific, or otherwise gated; not individually verified against the 12 ideoligions."
ThoughtDef,KillWithNobleWeapon,Ideology,victory by noble weapon | I have claimed victory while wielding a noble weapon!,OCCASIONAL,"Ideology DLC is live but this thought has no routine-trigger keyword match — likely precept-specific, ritual-specific, or otherwise gated; not individually verified against the 12 ideoligions."
ThoughtDef,LookChangeDesired,Ideology,look change desired | The way I look doesn't match who I am today. I want to change it.,OCCASIONAL,"Ideology DLC is live but this thought has no routine-trigger keyword match — likely precept-specific, ritual-specific, or otherwise gated; not individually verified against the 12 ideoligions."
ThoughtDef,Lovin_Know_Abhorrent,Ideology,lustful act,OCCASIONAL,"Ideology DLC is live but this thought has no routine-trigger keyword match — likely precept-specific, ritual-specific, or otherwise gated; not individually verified against the 12 ideoligions."
ThoughtDef,Lovin_Know_Approved,Ideology,lovin' afterglow,OCCASIONAL,"Ideology DLC is live but this thought has no routine-trigger keyword match — likely precept-specific, ritual-specific, or otherwise gated; not individually verified against the 12 ideoligions."
ThoughtDef,Lovin_Know_Disapproved,Ideology,act of desire,OCCASIONAL,"Ideology DLC is live but this thought has no routine-trigger keyword match — likely precept-specific, ritual-specific, or otherwise gated; not individually verified against the 12 ideoligions."
ThoughtDef,Lovin_Know_Horrible,Ideology,lustful act,OCCASIONAL,"Ideology DLC is live but this thought has no routine-trigger keyword match — likely precept-specific, ritual-specific, or otherwise gated; not individually verified against the 12 ideoligions."
ThoughtDef,MasochistWearingBodyStrap,Ideology,masochist body strapped | The straps press in and calm my soul.,OCCASIONAL,"Ideology DLC is live but this thought has no routine-trigger keyword match — likely precept-specific, ritual-specific, or otherwise gated; not individually verified against the 12 ideoligions."
ThoughtDef,MasterfulConversion,Ideology,"masterful conversion | Masterful! Old beliefs were left in tatters, and our true knowledge was accepted without a shadow of a doubt.",OCCASIONAL,"Ideology DLC is live but this thought has no routine-trigger keyword match — likely precept-specific, ritual-specific, or otherwise gated; not individually verified against the 12 ideoligions."
ThoughtDef,Mined_Disapproved,Ideology,mined | I had to mine a hole. I disapprove of harming the earth this way.,OCCASIONAL,"Ideology DLC is live but this thought has no routine-trigger keyword match — likely precept-specific, ritual-specific, or otherwise gated; not individually verified against the 12 ideoligions."
ThoughtDef,Mined_Horrible,Ideology,mined | I had to mine a hole. It was an offense against the earth.,OCCASIONAL,"Ideology DLC is live but this thought has no routine-trigger keyword match — likely precept-specific, ritual-specific, or otherwise gated; not individually verified against the 12 ideoligions."
ThoughtDef,Mined_Know_Disapproved,Ideology,mined,OCCASIONAL,"Ideology DLC is live but this thought has no routine-trigger keyword match — likely precept-specific, ritual-specific, or otherwise gated; not individually verified against the 12 ideoligions."
ThoughtDef,Mined_Know_Horrible,Ideology,mined,OCCASIONAL,"Ideology DLC is live but this thought has no routine-trigger keyword match — likely precept-specific, ritual-specific, or otherwise gated; not individually verified against the 12 ideoligions."
ThoughtDef,Mined_Know_Horrible_Mood,Ideology,mined | Someone mined a hole in the pure earth. It was a horrible violation of nature.,OCCASIONAL,"Ideology DLC is live but this thought has no routine-trigger keyword match — likely precept-specific, ritual-specific, or otherwise gated; not individually verified against the 12 ideoligions."
ThoughtDef,Mined_Know_Prohibited,Ideology,mined,OCCASIONAL,"Ideology DLC is live but this thought has no routine-trigger keyword match — likely precept-specific, ritual-specific, or otherwise gated; not individually verified against the 12 ideoligions."
ThoughtDef,Mined_Know_Prohibited_Mood,Ideology,mined | We mined a hole in the pure earth. What a terrible offense against nature.,OCCASIONAL,"Ideology DLC is live but this thought has no routine-trigger keyword match — likely precept-specific, ritual-specific, or otherwise gated; not individually verified against the 12 ideoligions."
ThoughtDef,NeedNeuralSupercharge,Ideology,"want neural supercharge | Without a neural supercharge, I'm running below my true capacity. It's depressing.",OCCASIONAL,"Ideology DLC is live but this thought has no routine-trigger keyword match — likely precept-specific, ritual-specific, or otherwise gated; not individually verified against the 12 ideoligions."
ThoughtDef,NoRecentHumanMeat_Preferred,Ideology,want human meat | It's been too long since I consumed any human meat. It feels wrong.,OCCASIONAL,"Ideology DLC is live but this thought has no routine-trigger keyword match — likely precept-specific, ritual-specific, or otherwise gated; not individually verified against the 12 ideoligions."
ThoughtDef,NoRecentHumanMeat_RequiredRavenous,Ideology,want human meat | Ravenous! It's been so long since I tasted the true flesh. This is wrong!,OCCASIONAL,"Ideology DLC is live but this thought has no routine-trigger keyword match — likely precept-specific, ritual-specific, or otherwise gated; not individually verified against the 12 ideoligions."
ThoughtDef,NoRecentHumanMeat_RequiredStrong,Ideology,want human meat | It's been far too long since I consumed human. I should have eaten by now.,OCCASIONAL,"Ideology DLC is live but this thought has no routine-trigger keyword match — likely precept-specific, ritual-specific, or otherwise gated; not individually verified against the 12 ideoligions."
ThoughtDef,ObservedGibbetCage,Ideology,observed gibbet cage | What a terrible sight.,OCCASIONAL,"Ideology DLC is live but this thought has no routine-trigger keyword match — likely precept-specific, ritual-specific, or otherwise gated; not individually verified against the 12 ideoligions."
ThoughtDef,ObservedSkullspike,Ideology,observed skullspike | What a terrible sight.,OCCASIONAL,"Ideology DLC is live but this thought has no routine-trigger keyword match — likely precept-specific, ritual-specific, or otherwise gated; not individually verified against the 12 ideoligions."
ThoughtDef,ObservedTerror,Ideology,{THING_label},OCCASIONAL,"Ideology DLC is live but this thought has no routine-trigger keyword match — likely precept-specific, ritual-specific, or otherwise gated; not individually verified against the 12 ideoligions."
ThoughtDef,ParticipatedInRaid_Required,Ideology,participated in raid | I participated in a raid! Now they'll all know me!,OCCASIONAL,"Ideology DLC is live but this thought has no routine-trigger keyword match — likely precept-specific, ritual-specific, or otherwise gated; not individually verified against the 12 ideoligions."
ThoughtDef,ParticipatedInRaid_Respected,Ideology,participated in raid | I participated in a raid! That's how we do it!,OCCASIONAL,"Ideology DLC is live but this thought has no routine-trigger keyword match — likely precept-specific, ritual-specific, or otherwise gated; not individually verified against the 12 ideoligions."
ThoughtDef,PsychicArchotechEmanator_Core,Ideology,archotech emanation | The scale of it. The fractal logic-scape of the multiversal hyperplane. No distance. No time. No me or them. I'm everything. I'm nothing. | archotech emanatio...,OCCASIONAL,"Ideology DLC is live but this thought has no routine-trigger keyword match — likely precept-specific, ritual-specific, or otherwise gated; not individually verified against the 12 ideoligions."
ThoughtDef,PsychicArchotechEmanator_Grand,Ideology,"archotech emanation | It makes me perceive so much. Eyeless knowledge of absolute existence, all minds speaking and dying and birthing at once. It's hard not to lose connection wit...",OCCASIONAL,"Ideology DLC is live but this thought has no routine-trigger keyword match — likely precept-specific, ritual-specific, or otherwise gated; not individually verified against the 12 ideoligions."
ThoughtDef,PsychicArchotechEmanator_Major,Ideology,"archotech emanation | These thoughts coming from the structure, they open doors to such vastness... I feel so small that I might disappear. | archotech emanation | I can feel the e...",OCCASIONAL,"Ideology DLC is live but this thought has no routine-trigger keyword match — likely precept-specific, ritual-specific, or otherwise gated; not individually verified against the 12 ideoligions."
ThoughtDef,RecentConquest_Required,Ideology,recent conquest | We recently raided another faction. Their suffering will be their teacher. | no recent conquest | We haven't raided anyone for so long. We're despicable - helples...,OCCASIONAL,"Ideology DLC is live, but text matches a rare/gated keyword — quest, royal, psycast, gene-lab or similar special trigger."
ThoughtDef,RecentConquest_Respected,Ideology,recent conquest | We recently raided another faction. That'll show them who's boss. | no recent conquest | It's been far too long since we raided anyone. They might stop fearing an...,OCCASIONAL,"Ideology DLC is live, but text matches a rare/gated keyword — quest, royal, psycast, gene-lab or similar special trigger."
ThoughtDef,RelicAtRitual,Ideology,{RELICNAME} at ritual | {RELICNAME} was present during our ritual. | two relics at ritual | Two relics were present during our ritual. | three relics at ritual | Three relics were ...,OCCASIONAL,"Ideology DLC is live but this thought has no routine-trigger keyword match — likely precept-specific, ritual-specific, or otherwise gated; not individually verified against the 12 ideoligions."
ThoughtDef,RelicDestroyed,Ideology,relic destroyed | The relic was destroyed! A travesty!,OCCASIONAL,"Ideology DLC is live but this thought has no routine-trigger keyword match — likely precept-specific, ritual-specific, or otherwise gated; not individually verified against the 12 ideoligions."
ThoughtDef,RelicLost,Ideology,relic lost | The relic has been lost! A travesty!,OCCASIONAL,"Ideology DLC is live but this thought has no routine-trigger keyword match — likely precept-specific, ritual-specific, or otherwise gated; not individually verified against the 12 ideoligions."
ThoughtDef,RelicsCollected,Ideology,all relics collected | We found all of our sacred relics!,OCCASIONAL,"Ideology DLC is live but this thought has no routine-trigger keyword match — likely precept-specific, ritual-specific, or otherwise gated; not individually verified against the 12 ideoligions."
ThoughtDef,SatisfyingBlinding,Ideology,satisfying blinding | That blinding was satisfying. The cut was deep and made a satisfying wet-sucking noise.,OCCASIONAL,"Ideology DLC is live but this thought has no routine-trigger keyword match — likely precept-specific, ritual-specific, or otherwise gated; not individually verified against the 12 ideoligions."
ThoughtDef,SatisfyingExecution,Ideology,satisfying execution | That execution was satisfying. It felt like justice was served.,OCCASIONAL,"Ideology DLC is live but this thought has no routine-trigger keyword match — likely precept-specific, ritual-specific, or otherwise gated; not individually verified against the 12 ideoligions."
ThoughtDef,SatisfyingSacrifice,Ideology,satisfying sacrifice | That sacrifice was satisfying - well-executed and appropriately bloody.,OCCASIONAL,"Ideology DLC is live but this thought has no routine-trigger keyword match — likely precept-specific, ritual-specific, or otherwise gated; not individually verified against the 12 ideoligions."
ThoughtDef,Skullspike_Desired,Ideology,skullspikes | I've been around a few skullspikes recently. I like being reminded of our power. | skullspikes | I've been around quite a few skullspikes recently. All will fear us. ...,OCCASIONAL,"Ideology DLC is live but this thought has no routine-trigger keyword match — likely precept-specific, ritual-specific, or otherwise gated; not individually verified against the 12 ideoligions."
ThoughtDef,Slavery_Abhorrent_SlavesInColony,Ideology,slaves in colony | We're keeping slaves. It's barbaric.,OCCASIONAL,"Ideology DLC is live but this thought has no routine-trigger keyword match — likely precept-specific, ritual-specific, or otherwise gated; not individually verified against the 12 ideoligions."
ThoughtDef,Slavery_Disapproved_SlavesInColony,Ideology,"slaves in colony | We're keeping slaves. Even if it's necessary, it's distasteful and I wish we wouldn't.",OCCASIONAL,"Ideology DLC is live but this thought has no routine-trigger keyword match — likely precept-specific, ritual-specific, or otherwise gated; not individually verified against the 12 ideoligions."
ThoughtDef,Slavery_Honorable_NoSlavesInColony,Ideology,"no slaves in colony | Without slaves, nobody will respect us.",OCCASIONAL,"Ideology DLC is live but this thought has no routine-trigger keyword match — likely precept-specific, ritual-specific, or otherwise gated; not individually verified against the 12 ideoligions."
ThoughtDef,Slavery_Honorable_SlavesInColony,Ideology,slaves in colony | We've got slaves. It means we're on the right path.,OCCASIONAL,"Ideology DLC is live but this thought has no routine-trigger keyword match — likely precept-specific, ritual-specific, or otherwise gated; not individually verified against the 12 ideoligions."
ThoughtDef,Slavery_Horrible_SlavesInColony,Ideology,slaves in colony | We're keeping slaves. It's wrong.,OCCASIONAL,"Ideology DLC is live but this thought has no routine-trigger keyword match — likely precept-specific, ritual-specific, or otherwise gated; not individually verified against the 12 ideoligions."
ThoughtDef,SoldOrgan_Disapproved,Ideology,sold organ | I had to sell someone's organ. I don't approve of such transactions.,OCCASIONAL,"Ideology DLC is live but this thought has no routine-trigger keyword match — likely precept-specific, ritual-specific, or otherwise gated; not individually verified against the 12 ideoligions."
ThoughtDef,SoldOrgan_Know_Disapproved,Ideology,sold organ,OCCASIONAL,"Ideology DLC is live but this thought has no routine-trigger keyword match — likely precept-specific, ritual-specific, or otherwise gated; not individually verified against the 12 ideoligions."
ThoughtDef,SoldSlave_Disapproved,Ideology,sold slave | I sold a person into slavery. I hope nothing terrible happens to them.,OCCASIONAL,"Ideology DLC is live but this thought has no routine-trigger keyword match — likely precept-specific, ritual-specific, or otherwise gated; not individually verified against the 12 ideoligions."
ThoughtDef,SoldSlave_Honorable,Ideology,sold slave | I sold someone into slavery. It'll make people notice my stature.,OCCASIONAL,"Ideology DLC is live but this thought has no routine-trigger keyword match — likely precept-specific, ritual-specific, or otherwise gated; not individually verified against the 12 ideoligions."
ThoughtDef,SoldSlave_Horrible,Ideology,sold slave | I sold a person into slavery. I'm not sure I can forgive myself.,OCCASIONAL,"Ideology DLC is live but this thought has no routine-trigger keyword match — likely precept-specific, ritual-specific, or otherwise gated; not individually verified against the 12 ideoligions."
ThoughtDef,SoldSlave_Know_Abhorrent,Ideology,sold slave,OCCASIONAL,"Ideology DLC is live but this thought has no routine-trigger keyword match — likely precept-specific, ritual-specific, or otherwise gated; not individually verified against the 12 ideoligions."
ThoughtDef,SoldSlave_Know_Abhorrent_Mood,Ideology,"slave sold | We sold someone into slavery. It was an abhorrent, barbaric act.",OCCASIONAL,"Ideology DLC is live but this thought has no routine-trigger keyword match — likely precept-specific, ritual-specific, or otherwise gated; not individually verified against the 12 ideoligions."
ThoughtDef,SoldSlave_Know_Disapproved,Ideology,sold slave,OCCASIONAL,"Ideology DLC is live but this thought has no routine-trigger keyword match — likely precept-specific, ritual-specific, or otherwise gated; not individually verified against the 12 ideoligions."
ThoughtDef,SoldSlave_Know_Disapproved_Mood,Ideology,slave sold | We sold a person into slavery. We shouldn't have done that.,OCCASIONAL,"Ideology DLC is live but this thought has no routine-trigger keyword match — likely precept-specific, ritual-specific, or otherwise gated; not individually verified against the 12 ideoligions."
ThoughtDef,SoldSlave_Know_Honorable,Ideology,sold slave,OCCASIONAL,"Ideology DLC is live but this thought has no routine-trigger keyword match — likely precept-specific, ritual-specific, or otherwise gated; not individually verified against the 12 ideoligions."
ThoughtDef,SoldSlave_Know_Honorable_Mood,Ideology,slave sold | We sold someone into slavery! A great display of our honor and power.,OCCASIONAL,"Ideology DLC is live, but text matches a rare/gated keyword — quest, royal, psycast, gene-lab or similar special trigger."
ThoughtDef,SoldSlave_Know_Horrible,Ideology,sold slave,OCCASIONAL,"Ideology DLC is live but this thought has no routine-trigger keyword match — likely precept-specific, ritual-specific, or otherwise gated; not individually verified against the 12 ideoligions."
ThoughtDef,SoldSlave_Know_Horrible_Mood,Ideology,slave sold | We sold someone into slavery. What a horrible thing to do.,OCCASIONAL,"Ideology DLC is live but this thought has no routine-trigger keyword match — likely precept-specific, ritual-specific, or otherwise gated; not individually verified against the 12 ideoligions."
ThoughtDef,SpectacularExecution,Ideology,spectacular execution | That execution was electrifying! Never have I felt such a sensation of justice being served.,OCCASIONAL,"Ideology DLC is live but this thought has no routine-trigger keyword match — likely precept-specific, ritual-specific, or otherwise gated; not individually verified against the 12 ideoligions."
ThoughtDef,SpectacularSacrifice,Ideology,spectacular sacrifice | The blood! The release! That sacrifice made me feel like we were connecting with another world.,OCCASIONAL,"Ideology DLC is live but this thought has no routine-trigger keyword match — likely precept-specific, ritual-specific, or otherwise gated; not individually verified against the 12 ideoligions."
ThoughtDef,TendedByMedicalSpecialist,Ideology,tended by {0} | I received medical aid from one who carries the special healer status of my ideoligion.,OCCASIONAL,"Ideology DLC is live but this thought has no routine-trigger keyword match — likely precept-specific, ritual-specific, or otherwise gated; not individually verified against the 12 ideoligions."
ThoughtDef,TerribleBlinding,Ideology,terrible blinding | That blinding was botched and the mood was way off. What an awkward ceremony.,OCCASIONAL,"Ideology DLC is live but this thought has no routine-trigger keyword match — likely precept-specific, ritual-specific, or otherwise gated; not individually verified against the 12 ideoligions."
ThoughtDef,TerribleDuel,Ideology,terrible duel | That duel was horrible. I'm still cringing thinking about the bumbling cowardice.,OCCASIONAL,"Ideology DLC is live, but text matches a rare/gated keyword — quest, royal, psycast, gene-lab or similar special trigger."
ThoughtDef,TerribleFestival,Ideology,terrible festival | That festival was horrible. I'm still cringing from the awkwardness flashbacks.,OCCASIONAL,"Ideology DLC is live but this thought has no routine-trigger keyword match — likely precept-specific, ritual-specific, or otherwise gated; not individually verified against the 12 ideoligions."
ThoughtDef,TerribleFuneral,Ideology,disgraceful funeral | That funeral was borderline insulting to everyone involved.,OCCASIONAL,"Ideology DLC is live but this thought has no routine-trigger keyword match — likely precept-specific, ritual-specific, or otherwise gated; not individually verified against the 12 ideoligions."
ThoughtDef,TerribleParty,Ideology,"terrible party | That party was terrible. Bad music, awkward dancing... ugh.",OCCASIONAL,"Ideology DLC is live but this thought has no routine-trigger keyword match — likely precept-specific, ritual-specific, or otherwise gated; not individually verified against the 12 ideoligions."
ThoughtDef,TerribleSkyLanterns,Ideology,"terrible skylantern festival | I hated having to make that skylantern, and they looked like garbage anyway.",OCCASIONAL,"Ideology DLC is live but this thought has no routine-trigger keyword match — likely precept-specific, ritual-specific, or otherwise gated; not individually verified against the 12 ideoligions."
ThoughtDef,TreesDesired,Ideology,"amazing trees | I am surrounded by several massive, beautiful trees. The glory of nature astounds me! | amazing tree | I very recently encountered a massive, beautiful tree - a phy...",OCCASIONAL,"Ideology DLC is live but this thought has no routine-trigger keyword match — likely precept-specific, ritual-specific, or otherwise gated; not individually verified against the 12 ideoligions."
ThoughtDef,TrialConvicted,Ideology,convicted | I was unjustly convicted of a terrible wrongdoing!,OCCASIONAL,"Ideology DLC is live but this thought has no routine-trigger keyword match — likely precept-specific, ritual-specific, or otherwise gated; not individually verified against the 12 ideoligions."
ThoughtDef,TrialExonerated,Ideology,"exonerated | They had nothing on me, and I showed them!",OCCASIONAL,"Ideology DLC is live but this thought has no routine-trigger keyword match — likely precept-specific, ritual-specific, or otherwise gated; not individually verified against the 12 ideoligions."
ThoughtDef,TrialFailed,Ideology,failed trial | I made an accusation and couldn't even make it stick. This is humiliating.,OCCASIONAL,"Ideology DLC is live but this thought has no routine-trigger keyword match — likely precept-specific, ritual-specific, or otherwise gated; not individually verified against the 12 ideoligions."
ThoughtDef,UnforgettableDuel,Ideology,unforgettable duel | The courage... the blood... the death... I could never forget that.,OCCASIONAL,"Ideology DLC is live, but text matches a rare/gated keyword — quest, royal, psycast, gene-lab or similar special trigger."
ThoughtDef,UnforgettableFestival,Ideology,unforgettable festival | That festival was something I'll never forget.,OCCASIONAL,"Ideology DLC is live but this thought has no routine-trigger keyword match — likely precept-specific, ritual-specific, or otherwise gated; not individually verified against the 12 ideoligions."
ThoughtDef,UnforgettableParty,Ideology,"unforgettable party | That party was awesome! The music, the mood... Everything was perfect.",OCCASIONAL,"Ideology DLC is live but this thought has no routine-trigger keyword match — likely precept-specific, ritual-specific, or otherwise gated; not individually verified against the 12 ideoligions."
ThoughtDef,UnforgettableSkyLanterns,Ideology,"unforgettable skylantern festival | The sense of togetherness during construction, the moment of release - it was like my troubles drifted away with those skylanterns.",OCCASIONAL,"Ideology DLC is live but this thought has no routine-trigger keyword match — likely precept-specific, ritual-specific, or otherwise gated; not individually verified against the 12 ideoligions."
ThoughtDef,UnimpressiveSkyLanterns,Ideology,boring skylanterns | Those skylanterns didn't impress me. Just a waste of time and resources.,OCCASIONAL,"Ideology DLC is live but this thought has no routine-trigger keyword match — likely precept-specific, ritual-specific, or otherwise gated; not individually verified against the 12 ideoligions."
ThoughtDef,WasEnslaved,Ideology,was enslaved | They kept me as a slave. They forced me to suffer!,OCCASIONAL,"Ideology DLC is live but this thought has no routine-trigger keyword match — likely precept-specific, ritual-specific, or otherwise gated; not individually verified against the 12 ideoligions."
ThoughtDef,WearingColor_Favorite,Ideology,wearing favorite color | I just love this color.,OCCASIONAL,"Ideology DLC is live but this thought has no routine-trigger keyword match — likely precept-specific, ritual-specific, or otherwise gated; not individually verified against the 12 ideoligions."
ThoughtDef,WearingColor_Ideo,Ideology,wearing ideoligion color | My apparel coloring is properly expressing my beliefs.,OCCASIONAL,"Ideology DLC is live but this thought has no routine-trigger keyword match — likely precept-specific, ritual-specific, or otherwise gated; not individually verified against the 12 ideoligions."
ThoughtDef,WearingDesiredApparel_Soft,Ideology,wearing {APPAREL} | It's good to be wearing {APPAREL} in accordance with my beliefs.,OCCASIONAL,"Ideology DLC is live but this thought has no routine-trigger keyword match — likely precept-specific, ritual-specific, or otherwise gated; not individually verified against the 12 ideoligions."
ThoughtDef,WearingDesiredApparel_Strong,Ideology,wearing {APPAREL} | It's great to be wearing {APPAREL} in accordance with my beliefs.,OCCASIONAL,"Ideology DLC is live but this thought has no routine-trigger keyword match — likely precept-specific, ritual-specific, or otherwise gated; not individually verified against the 12 ideoligions."
ThoughtDef,WieldingNobleOrDespisedWeapon,Ideology,wielding {WEAPON} | I am wielding {WEAPON_indefinite}. Such a noble weapon! | wielding {WEAPON} | I am wielding {WEAPON_indefinite}. Such a detestable weapon!,OCCASIONAL,"Ideology DLC is live but this thought has no routine-trigger keyword match — likely precept-specific, ritual-specific, or otherwise gated; not individually verified against the 12 ideoligions."
ThoughtDef,WillDiminished,Ideology,will diminished,OCCASIONAL,"Ideology DLC is live but this thought has no routine-trigger keyword match — likely precept-specific, ritual-specific, or otherwise gated; not individually verified against the 12 ideoligions."
ThoughtDef,Turn_Thought_FreeSpiritEnslaved,Integrated Genes,"enslaved | I don't care if they kill me, I'd rather die than keep working for these freaks!",OCCASIONAL,"Integrated Genes is confirmed live for this campaign (design/canon evidence — see report), but this specific thought/stance is not individually verified as the chosen variant for any of the 12 ideoligions/factions."
ThoughtDef,Turn_Thought_FreeSpiritImprisoned,Integrated Genes,imprisoned | I've been locked up against my will. How could anyone dare to confine me? | imprisoned by my community | My own people turned against me and locked me up against my wi...,OCCASIONAL,"Integrated Genes is confirmed live for this campaign (design/canon evidence — see report), but this specific thought/stance is not individually verified as the chosen variant for any of the 12 ideoligions/factions."
ThoughtDef,Turn_Thought_GeneticGauranlen,Integrated Genes,"tree sorely missed | My mind is cloudy, and I can barely think. What I would give to see a beautiful gauranlen tree. | tree missed | My mind is foggy. I really want to spend some m...",OCCASIONAL,"Integrated Genes is confirmed live for this campaign (design/canon evidence — see report), but this specific thought/stance is not individually verified as the chosen variant for any of the 12 ideoligions/factions."
ThoughtDef,Turn_Thought_GeneticMeditation,Integrated Genes,overwhelming stress | My thoughts are racing. It feels like the whole world is closing in on my mind. I really need to clear my head. | intense stress | I'm bogged down by all kind...,OCCASIONAL,"Integrated Genes is confirmed live for this campaign (design/canon evidence — see report), but this specific thought/stance is not individually verified as the chosen variant for any of the 12 ideoligions/factions."
ThoughtDef,Turn_Thought_Genetic_BeautyStandardUgliness,Integrated Genes,ugly | I'm ugly. I can't believe that this is what people have to see when they look at me. | hideous | I'm hideous! Everyone must despise me.,OCCASIONAL,"Integrated Genes is confirmed live for this campaign (design/canon evidence — see report), but this specific thought/stance is not individually verified as the chosen variant for any of the 12 ideoligions/factions."
ThoughtDef,Turn_Thought_Genetic_LessAttractive,Integrated Genes,less attractive,OCCASIONAL,"Integrated Genes is confirmed live for this campaign (design/canon evidence — see report), but this specific thought/stance is not individually verified as the chosen variant for any of the 12 ideoligions/factions."
ThoughtDef,Turn_Thought_Genetic_SubmissiveWantsMaster,Integrated Genes,"not enslaved | No masters to serve, no orders to follow. What am I supposed to do? What use am I? | enslaved | This feels right, this is what I'm supposed to be doing.",OCCASIONAL,"Integrated Genes is confirmed live for this campaign (design/canon evidence — see report), but this specific thought/stance is not individually verified as the chosen variant for any of the 12 ideoligions/factions."
ThoughtDef,Turn_Thought_MoodOffsetBliss,Integrated Genes,genetic bliss | Natural bonus from 'bliss' gene.,OCCASIONAL,"Integrated Genes is confirmed live for this campaign (design/canon evidence — see report), but this specific thought/stance is not individually verified as the chosen variant for any of the 12 ideoligions/factions."
ThoughtDef,Turn_Thought_StumpLeg,Integrated Genes,flesh stump | I can't stand having to drag this thing around.,OCCASIONAL,"Integrated Genes is confirmed live for this campaign (design/canon evidence — see report), but this specific thought/stance is not individually verified as the chosen variant for any of the 12 ideoligions/factions."
ThoughtDef,GarrFlowers_Slave,More Slavery Stuff,loved slave | liked slave | disliked slave | disgusting slave,OCCASIONAL,"More Slavery Stuff is confirmed live for this campaign (design/canon evidence — see report), but this specific thought/stance is not individually verified as the chosen variant for any of the 12 ideoligions/factions."
ThoughtDef,GarryFlowers_Slavery_Status_NoSlavesInColony,More Slavery Stuff,"no decent slaves in colony | Without slaves, or with our slaves being mistreated, nobody will respect us.",OCCASIONAL,"More Slavery Stuff is confirmed live for this campaign (design/canon evidence — see report), but this specific thought/stance is not individually verified as the chosen variant for any of the 12 ideoligions/factions."
ThoughtDef,GarryFlowers_Slavery_Status_SlavesInColony,More Slavery Stuff,peaceful slaves in colony | Our slaves are feeling well enough. It means we're on the right path.,OCCASIONAL,"More Slavery Stuff is confirmed live for this campaign (design/canon evidence — see report), but this specific thought/stance is not individually verified as the chosen variant for any of the 12 ideoligions/factions."
ThoughtDef,GarryFlowers_Slavery_Terror_NoSlavesInColony,More Slavery Stuff,"no miserable slaves in colony | Without slaves filling the bottom of our social hierarchy, nobody will respect us.",OCCASIONAL,"More Slavery Stuff is confirmed live for this campaign (design/canon evidence — see report), but this specific thought/stance is not individually verified as the chosen variant for any of the 12 ideoligions/factions."
ThoughtDef,GarryFlowers_Slavery_Terror_SlavesInColony,More Slavery Stuff,miserable slaves in colony | We have slaves beneath us. It means we're on the right path.,OCCASIONAL,"More Slavery Stuff is confirmed live for this campaign (design/canon evidence — see report), but this specific thought/stance is not individually verified as the chosen variant for any of the 12 ideoligions/factions."
ThoughtDef,AteFatKibble,Mythic Ages: Megafauna Bestiary,ate greasy animal feed | ate greasy animal feed | This animal feed was never meant for humans; the heavy wild fat made it especially unpleasant.,OCCASIONAL,"Mythic Ages: Megafauna Bestiary is confirmed live for this campaign (design/canon evidence — see report), but this specific thought/stance is not individually verified as the chosen variant for any of the 12 ideoligions/factions."
ThoughtDef,DrankMossmireMilk,Mythic Ages: Megafauna Bestiary,drank mossmire milk | I drank mossmire milk. The strong herbal flavor is awful and lingers in the mouth.,OCCASIONAL,"Mythic Ages: Megafauna Bestiary is confirmed live for this campaign (design/canon evidence — see report), but this specific thought/stance is not individually verified as the chosen variant for any of the 12 ideoligions/factions."
ThoughtDef,MA_AfterEmberRageCrash,Mythic Ages: Megafauna Bestiary,aftershock from scarodon heart | My body wasn’t ready for that. I feel sore and drained.,OCCASIONAL,"Mythic Ages: Megafauna Bestiary is confirmed live for this campaign (design/canon evidence — see report), but this specific thought/stance is not individually verified as the chosen variant for any of the 12 ideoligions/factions."
ThoughtDef,MA_AteAminoxBlueCheese,Mythic Ages: Megafauna Bestiary,"ate awful aminox blue cheese | I ate awful aminox blue cheese. A bitter, overripe cheese with an unpleasantly sharp body and strange dark veins. | ate poor aminox blue cheese | I a...",OCCASIONAL,"Mythic Ages: Megafauna Bestiary is confirmed live for this campaign (design/canon evidence — see report), but this specific thought/stance is not individually verified as the chosen variant for any of the 12 ideoligions/factions."
ThoughtDef,MA_AteCapryakCheese,Mythic Ages: Megafauna Bestiary,"ate awful capryak cheese | I ate awful capryak cheese. A pale, greasy sour cheese with a biting acidity and a soft, unpleasantly curdled center. | ate poor capryak cheese | I ate p...",OCCASIONAL,"Mythic Ages: Megafauna Bestiary is confirmed live for this campaign (design/canon evidence — see report), but this specific thought/stance is not individually verified as the chosen variant for any of the 12 ideoligions/factions."
ThoughtDef,MA_AteCookedAmineMeat,Mythic Ages: Megafauna Bestiary,"ate amine meat (cooked) | I enjoyed a hearty meal prepared with amine meat. The pink fat rendered beautifully, giving the dish a rich and satisfying flavor.",OCCASIONAL,"Mythic Ages: Megafauna Bestiary is confirmed live for this campaign (design/canon evidence — see report), but this specific thought/stance is not individually verified as the chosen variant for any of the 12 ideoligions/factions."
ThoughtDef,MA_AteCookedBirdMeat,Mythic Ages: Megafauna Bestiary,"ate bird meat (cooked) | I enjoyed a mild and tender serving of cooked bird meat. Its clean flavor and soft texture made for a pleasant, satisfying meal.",OCCASIONAL,"Mythic Ages: Megafauna Bestiary is confirmed live for this campaign (design/canon evidence — see report), but this specific thought/stance is not individually verified as the chosen variant for any of the 12 ideoligions/factions."
ThoughtDef,MA_AteCookedCapryakMeat,Mythic Ages: Megafauna Bestiary,"ate Capryak meat (cooked) | I ate a hearty meal made from Capryak meat. Rustic, dense, and satisfying enough once properly cooked.",OCCASIONAL,"Mythic Ages: Megafauna Bestiary is confirmed live for this campaign (design/canon evidence — see report), but this specific thought/stance is not individually verified as the chosen variant for any of the 12 ideoligions/factions."
ThoughtDef,MA_AteCookedDunbearMeat,Mythic Ages: Megafauna Bestiary,"ate dunbear meat (cooked) | I enjoyed a rich meal made from dunbear meat. The melting fat filled my mouth with deep flavor, soft texture, and a sense of primal strength that linger...",OCCASIONAL,"Mythic Ages: Megafauna Bestiary is confirmed live for this campaign (design/canon evidence — see report), but this specific thought/stance is not individually verified as the chosen variant for any of the 12 ideoligions/factions."
ThoughtDef,MA_AteCookedDuskhornMeat,Mythic Ages: Megafauna Bestiary,"ate duskhorn meat (cooked) | I enjoyed a perfectly cooked duskhorn roast. The marbled fat melted into the meat, creating a decadent, buttery flavor that lingered long after the las...",OCCASIONAL,"Mythic Ages: Megafauna Bestiary is confirmed live for this campaign (design/canon evidence — see report), but this specific thought/stance is not individually verified as the chosen variant for any of the 12 ideoligions/factions."
ThoughtDef,MA_AteCookedGnautBeef,Mythic Ages: Megafauna Bestiary,"ate gnaut beef (cooked) | I enjoyed a hearty and filling meal made with gnaut beef. Simple, satisfying and dependable.",OCCASIONAL,"Mythic Ages: Megafauna Bestiary is confirmed live for this campaign (design/canon evidence — see report), but this specific thought/stance is not individually verified as the chosen variant for any of the 12 ideoligions/factions."
ThoughtDef,MA_AteCookedHellboarMeat,Mythic Ages: Megafauna Bestiary,"ate hellboar meat (cooked) | I enjoyed a rich meal made from hellboar ribs. The thick fat rendered into a deep, savory flavor, making it a truly satisfying and powerful dish.",OCCASIONAL,"Mythic Ages: Megafauna Bestiary is confirmed live for this campaign (design/canon evidence — see report), but this specific thought/stance is not individually verified as the chosen variant for any of the 12 ideoligions/factions."
ThoughtDef,MA_AteCookedHorseBeef,Mythic Ages: Megafauna Bestiary,"ate direhorse beef | Hearty slices of direhorse beef. Rich, warming, and satisfying.",OCCASIONAL,"Mythic Ages: Megafauna Bestiary is confirmed live for this campaign (design/canon evidence — see report), but this specific thought/stance is not individually verified as the chosen variant for any of the 12 ideoligions/factions."
ThoughtDef,MA_AteCookedMycorgloomSpore,Mythic Ages: Megafauna Bestiary,"ate prepared mycorgloom spores | The spores were carefully prepared into a meal. Their strange glow and rich, exotic flavor left me invigorated and oddly clear-headed.",OCCASIONAL,"Mythic Ages: Megafauna Bestiary is confirmed live for this campaign (design/canon evidence — see report), but this specific thought/stance is not individually verified as the chosen variant for any of the 12 ideoligions/factions."
ThoughtDef,MA_AteCookedPlastemmothMeat,Mythic Ages: Megafauna Bestiary,"ate plastemmoth meat (cooked) | I enjoyed a rare and rich meal prepared with plastemmoth meat. The texture was dense, the flavor was like melted fat and metal, and somehow... invig...",OCCASIONAL,"Mythic Ages: Megafauna Bestiary is confirmed live for this campaign (design/canon evidence — see report), but this specific thought/stance is not individually verified as the chosen variant for any of the 12 ideoligions/factions."
ThoughtDef,MA_AteCookedScarodonMeat,Mythic Ages: Megafauna Bestiary,"ate scarodon meat (cooked) | I savored a rare and exquisite dish made from scarodon meat. Rich, smoky, and almost impossible to chill it left a lingering warmth and the taste of an...",OCCASIONAL,"Mythic Ages: Megafauna Bestiary is confirmed live for this campaign (design/canon evidence — see report), but this specific thought/stance is not individually verified as the chosen variant for any of the 12 ideoligions/factions."
ThoughtDef,MA_AteCookedSivatheriumMeat,Mythic Ages: Megafauna Bestiary,"ate sivatherium meat (cooked) | I enjoyed a rich, slow-cooked meal made from sivatherium meat. The thick layers of fat melted perfectly, releasing a deep savory aroma that filled m...",OCCASIONAL,"Mythic Ages: Megafauna Bestiary is confirmed live for this campaign (design/canon evidence — see report), but this specific thought/stance is not individually verified as the chosen variant for any of the 12 ideoligions/factions."
ThoughtDef,MA_AteCookedSporemoleMeat,Mythic Ages: Megafauna Bestiary,"ate sporemole meat (cooked) | I ate cooked sporemole meat. Though prepared, it still reeked of mold and left a bitter fungal aftertaste.",OCCASIONAL,"Mythic Ages: Megafauna Bestiary is confirmed live for this campaign (design/canon evidence — see report), but this specific thought/stance is not individually verified as the chosen variant for any of the 12 ideoligions/factions."
ThoughtDef,MA_AteCookedWildFat,Mythic Ages: Megafauna Bestiary,"ate cooked wild fat | The rendered wild fat turned the meal into a rich, satisfying delight. Flavorful, warm, and oddly energizing.",OCCASIONAL,"Mythic Ages: Megafauna Bestiary is confirmed live for this campaign (design/canon evidence — see report), but this specific thought/stance is not individually verified as the chosen variant for any of the 12 ideoligions/factions."
ThoughtDef,MA_AteCookedWorhinMeat,Mythic Ages: Megafauna Bestiary,"ate worhin meat (cooked) | I enjoyed a powerful and hearty meal made from worhin meat. Its dense marbling melted into a rich, savory flavor, leaving a lasting warmth and sense of s...",OCCASIONAL,"Mythic Ages: Megafauna Bestiary is confirmed live for this campaign (design/canon evidence — see report), but this specific thought/stance is not individually verified as the chosen variant for any of the 12 ideoligions/factions."
ThoughtDef,MA_AteDuskhornCheese,Mythic Ages: Megafauna Bestiary,"ate awful duskhorn cheese | I ate awful duskhorn cheese. A greasy pink cheese with a sour, spoiled body and an unpleasantly heavy texture. | ate poor duskhorn cheese | I ate poor d...",OCCASIONAL,"Mythic Ages: Megafauna Bestiary is confirmed live for this campaign (design/canon evidence — see report), but this specific thought/stance is not individually verified as the chosen variant for any of the 12 ideoligions/factions."
ThoughtDef,MA_AteEmberheartSlice,Mythic Ages: Megafauna Bestiary,"ate scarodon heart slices | I chewed on the Scarodon's heart. It pulsed with raw power, igniting a fire in my chest. I feel stronger, faster, as if I could tear someone apart with ...",OCCASIONAL,"Mythic Ages: Megafauna Bestiary is confirmed live for this campaign (design/canon evidence — see report), but this specific thought/stance is not individually verified as the chosen variant for any of the 12 ideoligions/factions."
ThoughtDef,MA_AteFriedLegs,Mythic Ages: Megafauna Bestiary,"ate fried legs | I ate fried legs taken from a powerful beast. Crispy on the outside, heavy with fat, and deeply satisfying.",OCCASIONAL,"Mythic Ages: Megafauna Bestiary is confirmed live for this campaign (design/canon evidence — see report), but this specific thought/stance is not individually verified as the chosen variant for any of the 12 ideoligions/factions."
ThoughtDef,MA_AteGiantFriedEgg,Mythic Ages: Megafauna Bestiary,"ate giant fried egg | I ate a large fried egg made from a giant bird. Thick yolk, rich flavor and a satisfying weight to it. Simple food, but rare enough to feel like a reward.",OCCASIONAL,"Mythic Ages: Megafauna Bestiary is confirmed live for this campaign (design/canon evidence — see report), but this specific thought/stance is not individually verified as the chosen variant for any of the 12 ideoligions/factions."
ThoughtDef,MA_AteHarpeagleLegsCooked,Mythic Ages: Megafauna Bestiary,"ate cooked harpeagle legs | Perfectly roasted Harpeagle legs tender, flavorful, and richly satisfying. A rare and delicious treat.",OCCASIONAL,"Mythic Ages: Megafauna Bestiary is confirmed live for this campaign (design/canon evidence — see report), but this specific thought/stance is not individually verified as the chosen variant for any of the 12 ideoligions/factions."
ThoughtDef,MA_AteHarpeagleLegsRaw,Mythic Ages: Megafauna Bestiary,"ate raw harpeagle legs | The greasy, sinewy texture of raw Harpeagle legs clung to my mouth and left an overpowering gamey aftertaste.",OCCASIONAL,"Mythic Ages: Megafauna Bestiary is confirmed live for this campaign (design/canon evidence — see report), but this specific thought/stance is not individually verified as the chosen variant for any of the 12 ideoligions/factions."
ThoughtDef,MA_AteHellboarLiverSlice,Mythic Ages: Megafauna Bestiary,"liver purge crash | The aftertaste of the Hellboar’s liver won’t leave my mouth. My stomach churns, and my mind swims.",OCCASIONAL,"Mythic Ages: Megafauna Bestiary is confirmed live for this campaign (design/canon evidence — see report), but this specific thought/stance is not individually verified as the chosen variant for any of the 12 ideoligions/factions."
ThoughtDef,MA_AteHippoMeatCooked,Mythic Ages: Megafauna Bestiary,"ate cooked furpotamus meat | Slow-cooked furpotamus meat, rich in flavor and dripping with fat, left a satisfying taste of primal indulgence. A true tribal delicacy.",OCCASIONAL,"Mythic Ages: Megafauna Bestiary is confirmed live for this campaign (design/canon evidence — see report), but this specific thought/stance is not individually verified as the chosen variant for any of the 12 ideoligions/factions."
ThoughtDef,MA_AteHippoMeatRaw,Mythic Ages: Megafauna Bestiary,ate raw furpotamus meat | The raw furpotamus meat was thick with fat and wrapped in leathery tissue. Chewing it felt like eating a belt soaked in grease.,OCCASIONAL,"Mythic Ages: Megafauna Bestiary is confirmed live for this campaign (design/canon evidence — see report), but this specific thought/stance is not individually verified as the chosen variant for any of the 12 ideoligions/factions."
ThoughtDef,MA_AteMarrowJelly,Mythic Ages: Megafauna Bestiary,"ate marrow jelly | The dense marrow jelly was filling, but greasy and unpleasant.",OCCASIONAL,"Mythic Ages: Megafauna Bestiary is confirmed live for this campaign (design/canon evidence — see report), but this specific thought/stance is not individually verified as the chosen variant for any of the 12 ideoligions/factions."
ThoughtDef,MA_AteMeatshroomBolus,Mythic Ages: Megafauna Bestiary,"ate meatshroom bolus | I choked down a lump of quivering fungal flesh. It reeked of rot, ichor, and damp mushrooms — an experience I hope never to repeat.",OCCASIONAL,"Mythic Ages: Megafauna Bestiary is confirmed live for this campaign (design/canon evidence — see report), but this specific thought/stance is not individually verified as the chosen variant for any of the 12 ideoligions/factions."
ThoughtDef,MA_AteMegaBacon,Mythic Ages: Megafauna Bestiary,"ate megabacon | Thick strips of fried wild fat mixed with cuts taken from the fattiest parts of colossal creatures. Rendered slowly until crisp and dripping with grease, this dish ...",OCCASIONAL,"Mythic Ages: Megafauna Bestiary is confirmed live for this campaign (design/canon evidence — see report), but this specific thought/stance is not individually verified as the chosen variant for any of the 12 ideoligions/factions."
ThoughtDef,MA_AteMegaBeef,Mythic Ages: Megafauna Bestiary,"ate megabeef | I ate a thick, well-grilled cut of megabeef. Hearty, satisfying, and seasoned just enough with rich wild fat to bring out the meat’s full strength.",OCCASIONAL,"Mythic Ages: Megafauna Bestiary is confirmed live for this campaign (design/canon evidence — see report), but this specific thought/stance is not individually verified as the chosen variant for any of the 12 ideoligions/factions."
ThoughtDef,MA_AteRaptorkhanMeatCooked,Mythic Ages: Megafauna Bestiary,"ate cooked raptorkhan meat | Rich and smoky, the cooked raptorkhan special meat was both exotic and invigorating. Tales say eating it grants strength drawn from the primal king of ...",OCCASIONAL,"Mythic Ages: Megafauna Bestiary is confirmed live for this campaign (design/canon evidence — see report), but this specific thought/stance is not individually verified as the chosen variant for any of the 12 ideoligions/factions."
ThoughtDef,MA_AteRaptorkhanMeatRaw,Mythic Ages: Megafauna Bestiary,"ate raw raptorkhan meat | The raw flesh of the Raptorkhan was sinewy and dark, laced with a gamey bitterness and a faint aftertaste of blood. Some say it carries the beast’s fury w...",OCCASIONAL,"Mythic Ages: Megafauna Bestiary is confirmed live for this campaign (design/canon evidence — see report), but this specific thought/stance is not individually verified as the chosen variant for any of the 12 ideoligions/factions."
ThoughtDef,MA_AteRawAmineMeat,Mythic Ages: Megafauna Bestiary,"ate amine meat (raw) | I ate raw amine meat. The pink fat had a strange taste, slightly sweet and oddly chemical.",OCCASIONAL,"Mythic Ages: Megafauna Bestiary is confirmed live for this campaign (design/canon evidence — see report), but this specific thought/stance is not individually verified as the chosen variant for any of the 12 ideoligions/factions."
ThoughtDef,MA_AteRawBirdMeat,Mythic Ages: Megafauna Bestiary,"ate bird meat (raw) | I ate raw bird meat. Fibrous and slightly gamey, it carried a faint mineral aftertaste and was tough to chew.",OCCASIONAL,"Mythic Ages: Megafauna Bestiary is confirmed live for this campaign (design/canon evidence — see report), but this specific thought/stance is not individually verified as the chosen variant for any of the 12 ideoligions/factions."
ThoughtDef,MA_AteRawCapryakMeat,Mythic Ages: Megafauna Bestiary,"ate Capryak meat (raw) | I ate raw Capryak meat. Dense, fibrous, and unpleasantly gamey, it was hard to chew and carried a cold tallow aftertaste.",OCCASIONAL,"Mythic Ages: Megafauna Bestiary is confirmed live for this campaign (design/canon evidence — see report), but this specific thought/stance is not individually verified as the chosen variant for any of the 12 ideoligions/factions."
ThoughtDef,MA_AteRawDunbearMeat,Mythic Ages: Megafauna Bestiary,"ate dunbear meat (raw) | I ate raw dunbear meat. Dense, earthy, and heavy with the taste of greasy tallow. Its flavor clung to my mouth like cold iron and fat, leaving a dull weigh...",OCCASIONAL,"Mythic Ages: Megafauna Bestiary is confirmed live for this campaign (design/canon evidence — see report), but this specific thought/stance is not individually verified as the chosen variant for any of the 12 ideoligions/factions."
ThoughtDef,MA_AteRawDuskhornMeat,Mythic Ages: Megafauna Bestiary,ate duskhorn meat (raw) | I ate raw duskhorn meat. The thick marbled fat coated my mouth with a cloying grease. It was nauseating and far too rich to stomach uncooked.,OCCASIONAL,"Mythic Ages: Megafauna Bestiary is confirmed live for this campaign (design/canon evidence — see report), but this specific thought/stance is not individually verified as the chosen variant for any of the 12 ideoligions/factions."
ThoughtDef,MA_AteRawGnautBeef,Mythic Ages: Megafauna Bestiary,"ate gnaut beef (raw) | I ate raw gnaut beef. Tough, stringy and gamey, it was hard to chew and unpleasant to swallow.",OCCASIONAL,"Mythic Ages: Megafauna Bestiary is confirmed live for this campaign (design/canon evidence — see report), but this specific thought/stance is not individually verified as the chosen variant for any of the 12 ideoligions/factions."
ThoughtDef,MA_AteRawHellboarMeat,Mythic Ages: Megafauna Bestiary,"ate hellboar meat (raw) | I ate raw hellboar meat. Thick and greasy, the fat clung to my mouth and the meat was heavy and unpleasant to chew.",OCCASIONAL,"Mythic Ages: Megafauna Bestiary is confirmed live for this campaign (design/canon evidence — see report), but this specific thought/stance is not individually verified as the chosen variant for any of the 12 ideoligions/factions."
ThoughtDef,MA_AteRawHorseBeef,Mythic Ages: Megafauna Bestiary,"ate raw direhorse meat | Raw direhorse meat has a feral, iron-laced taste. Powerful, but unsettling.",OCCASIONAL,"Mythic Ages: Megafauna Bestiary is confirmed live for this campaign (design/canon evidence — see report), but this specific thought/stance is not individually verified as the chosen variant for any of the 12 ideoligions/factions."
ThoughtDef,MA_AteRawMycorgloomSpore,Mythic Ages: Megafauna Bestiary,"ate mycorgloom spore (raw) | I ate raw mycorgloom spores. Acrid, moldy, and unsettling — they left a burning fungal aftertaste.",OCCASIONAL,"Mythic Ages: Megafauna Bestiary is confirmed live for this campaign (design/canon evidence — see report), but this specific thought/stance is not individually verified as the chosen variant for any of the 12 ideoligions/factions."
ThoughtDef,MA_AteRawPlastemmothMeat,Mythic Ages: Megafauna Bestiary,"ate plastemmoth meat (raw) | I ate raw plastemmoth meat. Tough, full of sharp metallic fibers, and tasted like blood and rust.",OCCASIONAL,"Mythic Ages: Megafauna Bestiary is confirmed live for this campaign (design/canon evidence — see report), but this specific thought/stance is not individually verified as the chosen variant for any of the 12 ideoligions/factions."
ThoughtDef,MA_AteRawScarodonMeat,Mythic Ages: Megafauna Bestiary,"ate scarodon meat (raw) | I ate raw scarodon meat. Cold on the outside, strangely warm inside chewy, wild, and tasting of iron and smoke. Definitely not meant to be eaten like this...",OCCASIONAL,"Mythic Ages: Megafauna Bestiary is confirmed live for this campaign (design/canon evidence — see report), but this specific thought/stance is not individually verified as the chosen variant for any of the 12 ideoligions/factions."
ThoughtDef,MA_AteRawSivatheriumMeat,Mythic Ages: Megafauna Bestiary,"ate sivatherium meat (raw) | I ate raw sivatherium meat. Dense, heavy, and oily each bite was like chewing on cold marrow wrapped in fat. Its musky aftertaste lingered unpleasantly...",OCCASIONAL,"Mythic Ages: Megafauna Bestiary is confirmed live for this campaign (design/canon evidence — see report), but this specific thought/stance is not individually verified as the chosen variant for any of the 12 ideoligions/factions."
ThoughtDef,MA_AteRawSporemoleMeat,Mythic Ages: Megafauna Bestiary,"ate sporemole meat (raw) | I ate raw sporemole meat. Dense, moldy, and saturated with spores, every bite felt like chewing rot itself.",OCCASIONAL,"Mythic Ages: Megafauna Bestiary is confirmed live for this campaign (design/canon evidence — see report), but this specific thought/stance is not individually verified as the chosen variant for any of the 12 ideoligions/factions."
ThoughtDef,MA_AteRawWildFat,Mythic Ages: Megafauna Bestiary,"ate wild fat (raw) | I ate a piece of cold, yellow, gelatinous fat. I felt greasy, nauseous, and I felt like throwing it all up.",OCCASIONAL,"Mythic Ages: Megafauna Bestiary is confirmed live for this campaign (design/canon evidence — see report), but this specific thought/stance is not individually verified as the chosen variant for any of the 12 ideoligions/factions."
ThoughtDef,MA_AteRawWorhinMeat,Mythic Ages: Megafauna Bestiary,"ate worhin meat (raw) | I ate raw worhin meat. Heavy and metallic, its golden-gray fibers felt like chewing on copper threads soaked in blood. Overwhelming and unpleasant.",OCCASIONAL,"Mythic Ages: Megafauna Bestiary is confirmed live for this campaign (design/canon evidence — see report), but this specific thought/stance is not individually verified as the chosen variant for any of the 12 ideoligions/factions."
ThoughtDef,MA_AteWildButter,Mythic Ages: Megafauna Bestiary,"ate wild butter | I ate a block of preserved wild butter. Dense, greasy, and heavy, but rich enough to keep hunger away.",OCCASIONAL,"Mythic Ages: Megafauna Bestiary is confirmed live for this campaign (design/canon evidence — see report), but this specific thought/stance is not individually verified as the chosen variant for any of the 12 ideoligions/factions."
ThoughtDef,MA_DrankCaprodka,Mythic Ages: Megafauna Bestiary,"enjoyed Caprodka | I drank Caprodka. It was thick, sour, and strong enough to warm me from the inside.",OCCASIONAL,"Mythic Ages: Megafauna Bestiary is confirmed live for this campaign (design/canon evidence — see report), but this specific thought/stance is not individually verified as the chosen variant for any of the 12 ideoligions/factions."
ThoughtDef,MA_DrankCapryakMilk,Mythic Ages: Megafauna Bestiary,"drank Capryak milk | I drank Capryak milk. Thick, bitter, and sharply sour, it burned across my tongue and coated my mouth like grease. Still, it was rich enough to fill me up heav...",OCCASIONAL,"Mythic Ages: Megafauna Bestiary is confirmed live for this campaign (design/canon evidence — see report), but this specific thought/stance is not individually verified as the chosen variant for any of the 12 ideoligions/factions."
ThoughtDef,MA_DrankDuskyakult,Mythic Ages: Megafauna Bestiary,"enjoyed duskyakult | I drank fermented duskhorn milk. Its rosy body and sweet-sour taste were simple, but pleasantly satisfying.",OCCASIONAL,"Mythic Ages: Megafauna Bestiary is confirmed live for this campaign (design/canon evidence — see report), but this specific thought/stance is not individually verified as the chosen variant for any of the 12 ideoligions/factions."
ThoughtDef,MA_DrankHellboarLiverPotionCrash,Mythic Ages: Megafauna Bestiary,"bottled liver purge | The Hellboar potion is still clawing through my gut. It dulled the pain, but now my body feels poisoned, hollow, and weak.",OCCASIONAL,"Mythic Ages: Megafauna Bestiary is confirmed live for this campaign (design/canon evidence — see report), but this specific thought/stance is not individually verified as the chosen variant for any of the 12 ideoligions/factions."
ThoughtDef,MA_DrankMossmireMilk,Mythic Ages: Megafauna Bestiary,"drank mossmire milk | I drank mossmire milk. Thick, herbal, and faintly rotten, it was unpleasant enough to remember, even if it did keep hunger away.",OCCASIONAL,"Mythic Ages: Megafauna Bestiary is confirmed live for this campaign (design/canon evidence — see report), but this specific thought/stance is not individually verified as the chosen variant for any of the 12 ideoligions/factions."
ThoughtDef,MA_DrankScarodonHeartPotionCrash,Mythic Ages: Megafauna Bestiary,"bottled scarodon aftershock | That bottled heart fire hit harder than raw flesh. My muscles ache, my nerves burn, and the rage still echoes under my skin.",OCCASIONAL,"Mythic Ages: Megafauna Bestiary is confirmed live for this campaign (design/canon evidence — see report), but this specific thought/stance is not individually verified as the chosen variant for any of the 12 ideoligions/factions."
ThoughtDef,MA_DrankSivaDustIvoryPotionCrash,Mythic Ages: Megafauna Bestiary,"bottled sivadust heaviness | The SivaDust potion settled too deep. My thoughts are calm, but my body feels distant, heavy, and slow to answer.",OCCASIONAL,"Mythic Ages: Megafauna Bestiary is confirmed live for this campaign (design/canon evidence — see report), but this specific thought/stance is not individually verified as the chosen variant for any of the 12 ideoligions/factions."
ThoughtDef,MA_SivaDustHighThought,Mythic Ages: Megafauna Bestiary,"sivadust calm | The SivaDust flows through me warm, heavy, and calm. Thoughts echo like distant machines.",OCCASIONAL,"Mythic Ages: Megafauna Bestiary is confirmed live for this campaign (design/canon evidence — see report), but this specific thought/stance is not individually verified as the chosen variant for any of the 12 ideoligions/factions."
ThoughtDef,MA_SkyfeatherHighThought,Mythic Ages: Megafauna Bestiary,"skyfeather clarity | The Harpeagle’s spirit flows within me my eyes are sharp, my hands steady, and the targets cannot hide.",OCCASIONAL,"Mythic Ages: Megafauna Bestiary is confirmed live for this campaign (design/canon evidence — see report), but this specific thought/stance is not individually verified as the chosen variant for any of the 12 ideoligions/factions."
ThoughtDef,MA_UsedAmineSerum,Mythic Ages: Megafauna Bestiary,"strained by amine serum | I used amine serum. It dulled the pain and forced my blood to race, but left me mentally drained.",OCCASIONAL,"Mythic Ages: Megafauna Bestiary is confirmed live for this campaign (design/canon evidence — see report), but this specific thought/stance is not individually verified as the chosen variant for any of the 12 ideoligions/factions."
ThoughtDef,BioluminescentSpores,Odyssey,bioluminescent spores | They're absolutely magical.,OCCASIONAL,"Odyssey DLC is live but this thought has no routine-trigger keyword match — likely precept-specific, ritual-specific, or otherwise gated; not individually verified against the 12 ideoligions."
ThoughtDef,BlowingSand,Odyssey,blowing sand | It gets everywhere! I can feel it between my teeth.,OCCASIONAL,"Odyssey DLC is live but this thought has no routine-trigger keyword match — likely precept-specific, ritual-specific, or otherwise gated; not individually verified against the 12 ideoligions."
ThoughtDef,DestroyedMechhive,Odyssey,destroyed mechhive | We defeated them! We're free of them now.,OCCASIONAL,"Odyssey DLC is live but this thought has no routine-trigger keyword match — likely precept-specific, ritual-specific, or otherwise gated; not individually verified against the 12 ideoligions."
ThoughtDef,DestroyedMechhiveMainPawn,Odyssey,destroyed mechhive | I destroyed the cerebrex core. We're finally free of the mechanoid threat.,OCCASIONAL,"Odyssey DLC is live but this thought has no routine-trigger keyword match — likely precept-specific, ritual-specific, or otherwise gated; not individually verified against the 12 ideoligions."
ThoughtDef,GravNausea,Odyssey,grav nausea | The world is spinning. I think I'm gonna throw up.,OCCASIONAL,"Odyssey DLC is live but this thought has no routine-trigger keyword match — likely precept-specific, ritual-specific, or otherwise gated; not individually verified against the 12 ideoligions."
ThoughtDef,MadeStatueOfMe,Odyssey,made statue of me,OCCASIONAL,"Odyssey DLC is live but this thought has no routine-trigger keyword match — likely precept-specific, ritual-specific, or otherwise gated; not individually verified against the 12 ideoligions."
ThoughtDef,PsilocapHigh,Odyssey,psilocap hallucinations | My emotions feel stronger and warmer. | psilocap hallucinations | All my senses seem to blend together. Everything is connected... | psilocap hallucinatio...,OCCASIONAL,"Odyssey DLC is live but this thought has no routine-trigger keyword match — likely precept-specific, ritual-specific, or otherwise gated; not individually verified against the 12 ideoligions."
ThoughtDef,ResettledRecently,Odyssey,new location | It's great to be somewhere new. | new location | It's good to be somewhere new. | want new location | We've been here long enough. Let's move somewhere new. | want n...,OCCASIONAL,"Odyssey DLC is live but this thought has no routine-trigger keyword match — likely precept-specific, ritual-specific, or otherwise gated; not individually verified against the 12 ideoligions."
ThoughtDef,SlaughteredFish_Know_Disapproved,Odyssey,killed fish,OCCASIONAL,"Odyssey DLC is live but this thought has no routine-trigger keyword match — likely precept-specific, ritual-specific, or otherwise gated; not individually verified against the 12 ideoligions."
ThoughtDef,SlaughteredFish_Know_Disapproved_Mood,Odyssey,fish slaughtered | Someone is killing fish! We should protect these beautiful creatures.,OCCASIONAL,"Odyssey DLC is live but this thought has no routine-trigger keyword match — likely precept-specific, ritual-specific, or otherwise gated; not individually verified against the 12 ideoligions."
ThoughtDef,SlaughteredFish_Know_Prohibited,Odyssey,killed fish,OCCASIONAL,"Odyssey DLC is live but this thought has no routine-trigger keyword match — likely precept-specific, ritual-specific, or otherwise gated; not individually verified against the 12 ideoligions."
ThoughtDef,SlaughteredFish_Know_Prohibited_Mood,Odyssey,fish slaughtered | Someone is killing fish! Our slippery brothers and sisters are dying.,OCCASIONAL,"Odyssey DLC is live but this thought has no routine-trigger keyword match — likely precept-specific, ritual-specific, or otherwise gated; not individually verified against the 12 ideoligions."
ThoughtDef,SlaughteredFish_Sacred,Odyssey,fished recently | Fishing puts me on the right path - at least for a little while.,OCCASIONAL,"Odyssey DLC is live but this thought has no routine-trigger keyword match — likely precept-specific, ritual-specific, or otherwise gated; not individually verified against the 12 ideoligions."
ThoughtDef,SlaughteredFish_Sacred_NoFish,Odyssey,not enough fish | I wish we were somewhere we could fish.,OCCASIONAL,"Odyssey DLC is live but this thought has no routine-trigger keyword match — likely precept-specific, ritual-specific, or otherwise gated; not individually verified against the 12 ideoligions."
ThoughtDef,SpaceHabitat_Mood,Odyssey,Planetary habitat | I'll never feel at home here in the dirt. We should be in space. | Space habitat | It feels good to be where I belong. I can't stand being down there in the dir...,OCCASIONAL,"Odyssey DLC is live but this thought has no routine-trigger keyword match — likely precept-specific, ritual-specific, or otherwise gated; not individually verified against the 12 ideoligions."
ThoughtDef,ToxWater,Odyssey,tox water | I'm soaked in this disgusting stuff. It itches and burns.,OCCASIONAL,"Odyssey DLC is live but this thought has no routine-trigger keyword match — likely precept-specific, ritual-specific, or otherwise gated; not individually verified against the 12 ideoligions."
ThoughtDef,VolcanicAsh,Odyssey,volcanic ash | This stuff burns to breathe in.,OCCASIONAL,"Odyssey DLC is live but this thought has no routine-trigger keyword match — likely precept-specific, ritual-specific, or otherwise gated; not individually verified against the 12 ideoligions."
ThoughtDef,ColonistDied_Revered,Precepts and Memes (Continued),One of us died | One of us died... Let's celebrate!,OCCASIONAL,"Precepts and Memes (Continued) is confirmed live for this campaign (design/canon evidence — see report), but this specific thought/stance is not individually verified as the chosen variant for any of the 12 ideoligions/factions."
ThoughtDef,PopulationLarge_PopulationHigh,Precepts and Memes (Continued),High population | We're getting bigger! Keep 'em comming,OCCASIONAL,"Precepts and Memes (Continued) is confirmed live for this campaign (design/canon evidence — see report), but this specific thought/stance is not individually verified as the chosen variant for any of the 12 ideoligions/factions."
ThoughtDef,PopulationLarge_PopulationLow,Precepts and Memes (Continued),Low population | This place feels empty. We should get more people on board.,OCCASIONAL,"Precepts and Memes (Continued) is confirmed live for this campaign (design/canon evidence — see report), but this specific thought/stance is not individually verified as the chosen variant for any of the 12 ideoligions/factions."
ThoughtDef,PopulationSmall_PopulationHigh,Precepts and Memes (Continued),High population | This place is getting cramped.,OCCASIONAL,"Precepts and Memes (Continued) is confirmed live for this campaign (design/canon evidence — see report), but this specific thought/stance is not individually verified as the chosen variant for any of the 12 ideoligions/factions."
ThoughtDef,PopulationSmall_PopulationLow,Precepts and Memes (Continued),Low population | There isn't many people around. I'm enjoying all the peace and silence.,OCCASIONAL,"Precepts and Memes (Continued) is confirmed live for this campaign (design/canon evidence — see report), but this specific thought/stance is not individually verified as the chosen variant for any of the 12 ideoligions/factions."
ThoughtDef,RecentTrade_Honored,Precepts and Memes (Continued),recent trade | We recently traded with someone. We're gonna be rich! | no recent trade | It's been far too long since we traded with anyone. We're a failure...,OCCASIONAL,"Precepts and Memes (Continued) is confirmed live for this campaign (design/canon evidence — see report), but this specific thought/stance is not individually verified as the chosen variant for any of the 12 ideoligions/factions."
ThoughtDef,RecentTrade_Respected,Precepts and Memes (Continued),"recent trade | We recently traded with someone. | no recent trade | It's been far too long since we traded with anyone. Business ain't doing well, chief.",OCCASIONAL,"Precepts and Memes (Continued) is confirmed live for this campaign (design/canon evidence — see report), but this specific thought/stance is not individually verified as the chosen variant for any of the 12 ideoligions/factions."
ThoughtDef,PL_BitMe,Prison Labor,bit me | this fricking lunatic bit me during interrogation,OCCASIONAL,"Prison Labor is confirmed live for this campaign (design/canon evidence — see report), but this specific thought/stance is not individually verified as the chosen variant for any of the 12 ideoligions/factions."
ThoughtDef,PL_BrutallyInterrogated,Prison Labor,brutal interrogation | they beat me up during interrogation,OCCASIONAL,"Prison Labor is confirmed live for this campaign (design/canon evidence — see report), but this specific thought/stance is not individually verified as the chosen variant for any of the 12 ideoligions/factions."
ThoughtDef,PL_Interrogated,Prison Labor,interrogation,OCCASIONAL,"Prison Labor is confirmed live for this campaign (design/canon evidence — see report), but this specific thought/stance is not individually verified as the chosen variant for any of the 12 ideoligions/factions."
ThoughtDef,PL_KindInterrogation,Prison Labor,kind interrogation | Interrogation was kind of... nice?,OCCASIONAL,"Prison Labor is confirmed live for this campaign (design/canon evidence — see report), but this specific thought/stance is not individually verified as the chosen variant for any of the 12 ideoligions/factions."
ThoughtDef,PrisonLabor_FreeTime,Prison Labor,"free time | Even tough I'm prisoner, I can still have some free time.",OCCASIONAL,"Prison Labor is confirmed live for this campaign (design/canon evidence — see report), but this specific thought/stance is not individually verified as the chosen variant for any of the 12 ideoligions/factions."
ThoughtDef,PrisonLabor_LowMotivation,Prison Labor,not supervised | Nobody cares if I'm working or not.,OCCASIONAL,"Prison Labor is confirmed live for this campaign (design/canon evidence — see report), but this specific thought/stance is not individually verified as the chosen variant for any of the 12 ideoligions/factions."
ThoughtDef,PrisonLabor_VeryGoodTreatment,Prison Labor,treated very good | In this prison I've been treated very well.,OCCASIONAL,"Prison Labor is confirmed live for this campaign (design/canon evidence — see report), but this specific thought/stance is not individually verified as the chosen variant for any of the 12 ideoligions/factions."
ThoughtDef,BeautifulWedding,Romance On The Rim,"beautiful wedding | The wedding ceremony was beautiful. A perfect blend of elegance and charm, it captivated everyone with its heartfelt moments and stunning decor.",OCCASIONAL,"Romance On The Rim is confirmed live for this campaign (design/canon evidence — see report), but this specific thought/stance is not individually verified as the chosen variant for any of the 12 ideoligions/factions."
ThoughtDef,RomanceOnTheRim_CommonKiss,Romance On The Rim,kiss,OCCASIONAL,"Romance On The Rim is confirmed live for this campaign (design/canon evidence — see report), but this specific thought/stance is not individually verified as the chosen variant for any of the 12 ideoligions/factions."
ThoughtDef,RomanceOnTheRim_CommonKissMood,Romance On The Rim,"Kiss | A sweet kiss, I love it.",OCCASIONAL,"Romance On The Rim is confirmed live for this campaign (design/canon evidence — see report), but this specific thought/stance is not individually verified as the chosen variant for any of the 12 ideoligions/factions."
ThoughtDef,RomanceOnTheRim_Estrange,Romance On The Rim,estranged,OCCASIONAL,"Romance On The Rim is confirmed live for this campaign (design/canon evidence — see report), but this specific thought/stance is not individually verified as the chosen variant for any of the 12 ideoligions/factions."
ThoughtDef,RomanceOnTheRim_GetJoyTogether,Romance On The Rim,get joy together,OCCASIONAL,"Romance On The Rim is confirmed live for this campaign (design/canon evidence — see report), but this specific thought/stance is not individually verified as the chosen variant for any of the 12 ideoligions/factions."
ThoughtDef,RomanceOnTheRim_MissingLover,Romance On The Rim,nostalgia for {LOVER_nameDef} | It's been a while since I last saw {LOVER_objective}. | longing for {LOVER_nameDef} | I miss {LOVER_objective} so badly. | yearning for {LOVER_nameD...,OCCASIONAL,"Romance On The Rim is confirmed live for this campaign (design/canon evidence — see report), but this specific thought/stance is not individually verified as the chosen variant for any of the 12 ideoligions/factions."
ThoughtDef,RomanceOnTheRim_MusicalPerformance,Romance On The Rim,enjoy musical performance,OCCASIONAL,"Romance On The Rim is confirmed live for this campaign (design/canon evidence — see report), but this specific thought/stance is not individually verified as the chosen variant for any of the 12 ideoligions/factions."
ThoughtDef,RomanceOnTheRim_PillowTalk,Romance On The Rim,pillow talk,OCCASIONAL,"Romance On The Rim is confirmed live for this campaign (design/canon evidence — see report), but this specific thought/stance is not individually verified as the chosen variant for any of the 12 ideoligions/factions."
ThoughtDef,RomanceOnTheRim_ReunionMood,Romance On The Rim,"reunion with {LOVER_nameDef} | It's been a while but I reunited with {LOVER_objective}. How wonderful! | awkward reunion with {LOVER_nameDef} | I hate seeing this guy, again.",OCCASIONAL,"Romance On The Rim is confirmed live for this campaign (design/canon evidence — see report), but this specific thought/stance is not individually verified as the chosen variant for any of the 12 ideoligions/factions."
ThoughtDef,RomanceOnTheRim_RomanticKiss,Romance On The Rim,romantic kiss,OCCASIONAL,"Romance On The Rim is confirmed live for this campaign (design/canon evidence — see report), but this specific thought/stance is not individually verified as the chosen variant for any of the 12 ideoligions/factions."
ThoughtDef,RomanceOnTheRim_RomanticKissMood,Romance On The Rim,"Romantic kiss | Warm, fuzzy and dazed, who could ask for anything more?",OCCASIONAL,"Romance On The Rim is confirmed live for this campaign (design/canon evidence — see report), but this specific thought/stance is not individually verified as the chosen variant for any of the 12 ideoligions/factions."
ThoughtDef,RomanceOnTheRim_SkygazeTogether,Romance On The Rim,skygaze together,OCCASIONAL,"Romance On The Rim is confirmed live for this campaign (design/canon evidence — see report), but this specific thought/stance is not individually verified as the chosen variant for any of the 12 ideoligions/factions."
ThoughtDef,RomanceOnTheRim_Thought_RomanceNeedLevel,Romance On The Rim,romance need dissatisfied | I'm yearning for some interactions with my lover. | romance need satisfied | Love is my fortune.,OCCASIONAL,"Romance On The Rim is confirmed live for this campaign (design/canon evidence — see report), but this specific thought/stance is not individually verified as the chosen variant for any of the 12 ideoligions/factions."
ThoughtDef,RomanceOnTheRim_WorryAboutLoversHealth,Romance On The Rim,minor concern about {LOVER_nameDef} | {LOVER_nameDef} is sick. I hope {LOVER_pronoun} can recover soon. | serious concern about {LOVER_nameDef} | {LOVER_nameDef} is sick. {LOVER_pr...,OCCASIONAL,"Romance On The Rim is confirmed live for this campaign (design/canon evidence — see report), but this specific thought/stance is not individually verified as the chosen variant for any of the 12 ideoligions/factions."
ThoughtDef,RotR_ACAcceptedMood_Child,Romance On The Rim,finding home | I've found my forever family. I feel loved and secure.,OCCASIONAL,"Romance On The Rim is confirmed live for this campaign (design/canon evidence — see report), but this specific thought/stance is not individually verified as the chosen variant for any of the 12 ideoligions/factions."
ThoughtDef,RotR_ACAcceptedMood_Parent,Romance On The Rim,our family grows | Proud to be the parent of such a brave and loving child.,OCCASIONAL,"Romance On The Rim is confirmed live for this campaign (design/canon evidence — see report), but this specific thought/stance is not individually verified as the chosen variant for any of the 12 ideoligions/factions."
ThoughtDef,RotR_ACRejectedMood_Child,Romance On The Rim,"heartache | I thought I found my place, but I'm just floating again. Am I too greedy?",OCCASIONAL,"Romance On The Rim is confirmed live for this campaign (design/canon evidence — see report), but this specific thought/stance is not individually verified as the chosen variant for any of the 12 ideoligions/factions."
ThoughtDef,RotR_ACRejectedMood_Parent,Romance On The Rim,"difficult decision | I hope this decision is for the best, but doubt clouds my thoughts.",OCCASIONAL,"Romance On The Rim is confirmed live for this campaign (design/canon evidence — see report), but this specific thought/stance is not individually verified as the chosen variant for any of the 12 ideoligions/factions."
ThoughtDef,RotR_AHRAcceptedMood_Partner,Romance On The Rim,accepted | Finally here after such a long trek. I hope there is a chance for us after all.,OCCASIONAL,"Romance On The Rim is confirmed live for this campaign (design/canon evidence — see report), but this specific thought/stance is not individually verified as the chosen variant for any of the 12 ideoligions/factions."
ThoughtDef,RotR_AHRJoinedMood_Colonist,Romance On The Rim,together again | My lover is staying for good! Feels like a dream come true. Excited to start this new chapter together.,OCCASIONAL,"Romance On The Rim is confirmed live for this campaign (design/canon evidence — see report), but this specific thought/stance is not individually verified as the chosen variant for any of the 12 ideoligions/factions."
ThoughtDef,RotR_AHRJoinedMood_Partner,Romance On The Rim,"new chapter | I’ve decided to stay. This is my new home now, and I'm ready to build a life here with a fresh start.",OCCASIONAL,"Romance On The Rim is confirmed live for this campaign (design/canon evidence — see report), but this specific thought/stance is not individually verified as the chosen variant for any of the 12 ideoligions/factions."
ThoughtDef,RotR_AHRLeavedMood_Colonist,Romance On The Rim,sad farewell | My lover chose to leave after the stay. I wish things were different.,OCCASIONAL,"Romance On The Rim is confirmed live for this campaign (design/canon evidence — see report), but this specific thought/stance is not individually verified as the chosen variant for any of the 12 ideoligions/factions."
ThoughtDef,RotR_AHRLeavedMood_Partner,Romance On The Rim,"bittersweet departure | I’m leaving. This place has changed, or maybe I have. It’s sad to go, but it feels right to move on.",OCCASIONAL,"Romance On The Rim is confirmed live for this campaign (design/canon evidence — see report), but this specific thought/stance is not individually verified as the chosen variant for any of the 12 ideoligions/factions."
ThoughtDef,RotR_AHRRejectedMood_Colonist,Romance On The Rim,my lover turned away | Just wasn't the right time or place for a reunion. | my lover turned away | It stings to see my lover forced to leave.,OCCASIONAL,"Romance On The Rim is confirmed live for this campaign (design/canon evidence — see report), but this specific thought/stance is not individually verified as the chosen variant for any of the 12 ideoligions/factions."
ThoughtDef,RotR_AHRRejectedMood_Partner,Romance On The Rim,turned away | This is life. Your commitment won't always pay off.,OCCASIONAL,"Romance On The Rim is confirmed live for this campaign (design/canon evidence — see report), but this specific thought/stance is not individually verified as the chosen variant for any of the 12 ideoligions/factions."
ThoughtDef,RotR_BoFLoverMood,Romance On The Rim,challenging acceptance | I knew it wouldn't be easy for my lover to be accepted by everyone. Their wary glances cut deeper than I expected. | unwavering love | I knew it wouldn't b...,OCCASIONAL,"Romance On The Rim is confirmed live for this campaign (design/canon evidence — see report), but this specific thought/stance is not individually verified as the chosen variant for any of the 12 ideoligions/factions."
ThoughtDef,RotR_BoFLoverOpinion,Romance On The Rim,reject my lover's joining | accept my lover's joining,OCCASIONAL,"Romance On The Rim is confirmed live for this campaign (design/canon evidence — see report), but this specific thought/stance is not individually verified as the chosen variant for any of the 12 ideoligions/factions."
ThoughtDef,RotR_BoFSlaveMood,Romance On The Rim,"shadows of doubt | Even here, amidst my newfound freedom, I sense some eyes hold reservations, whispers of my past following me. | unwavering love | Even here, amidst my newfound f...",OCCASIONAL,"Romance On The Rim is confirmed live for this campaign (design/canon evidence — see report), but this specific thought/stance is not individually verified as the chosen variant for any of the 12 ideoligions/factions."
ThoughtDef,RotR_BoFSlaveOpinion,Romance On The Rim,reject my joining | accept my joining,OCCASIONAL,"Romance On The Rim is confirmed live for this campaign (design/canon evidence — see report), but this specific thought/stance is not individually verified as the chosen variant for any of the 12 ideoligions/factions."
ThoughtDef,RotR_BoFSpecMood,Romance On The Rim,tensions over newcomer | I just hope that former slave won't disrupt the harmony of our colony. | new bonds of unity | Seeing newcomer find freedom and love among us really warms m...,OCCASIONAL,"Romance On The Rim is confirmed live for this campaign (design/canon evidence — see report), but this specific thought/stance is not individually verified as the chosen variant for any of the 12 ideoligions/factions."
ThoughtDef,RotR_BoFSpecOpinion,Romance On The Rim,ask slave lover to join | ask slave lover to join,OCCASIONAL,"Romance On The Rim is confirmed live for this campaign (design/canon evidence — see report), but this specific thought/stance is not individually verified as the chosen variant for any of the 12 ideoligions/factions."
ThoughtDef,RotR_CrushIgnoredMood,Romance On The Rim,what if | what if....,OCCASIONAL,"Romance On The Rim is confirmed live for this campaign (design/canon evidence — see report), but this specific thought/stance is not individually verified as the chosen variant for any of the 12 ideoligions/factions."
ThoughtDef,RotR_DMABetrothedMood,Romance On The Rim,"prideful marriage | Leaving my colony for this marriage is a significant sacrifice, but I'm proud to be chosen for this role, knowing I'm contributing to a greater good. | exciting...",OCCASIONAL,"Romance On The Rim is confirmed live for this campaign (design/canon evidence — see report), but this specific thought/stance is not individually verified as the chosen variant for any of the 12 ideoligions/factions."
ThoughtDef,RotR_DMBetrothedMood,Romance On The Rim,"hopeful marriage | This could be the beginning of a beautiful partnership, both personally and for our communities. | diplomatic marriage | I know this marriage is more about diplo...",OCCASIONAL,"Romance On The Rim is confirmed live for this campaign (design/canon evidence — see report), but this specific thought/stance is not individually verified as the chosen variant for any of the 12 ideoligions/factions."
ThoughtDef,RotR_DMSuitorMood,Romance On The Rim,"hopeful marriage | I hope my presence here will be a bridge between our peoples. | diplomatic marriage | I've left everything I know behind, but I'm determined to make this work. T...",OCCASIONAL,"Romance On The Rim is confirmed live for this campaign (design/canon evidence — see report), but this specific thought/stance is not individually verified as the chosen variant for any of the 12 ideoligions/factions."
ThoughtDef,RotR_KTRefusedMood,Romance On The Rim,trade refused | What to do now...,OCCASIONAL,"Romance On The Rim is confirmed live for this campaign (design/canon evidence — see report), but this specific thought/stance is not individually verified as the chosen variant for any of the 12 ideoligions/factions."
ThoughtDef,RotR_KTTradedMood,Romance On The Rim,"trade resolved | Hope is ours at last, though at a steep price.",OCCASIONAL,"Romance On The Rim is confirmed live for this campaign (design/canon evidence — see report), but this specific thought/stance is not individually verified as the chosen variant for any of the 12 ideoligions/factions."
ThoughtDef,RotR_LoverRecovered,Romance On The Rim,"{LOVER_nameDef} recovered | Thank goodness {LOVER_pronoun} is feeling better. | {LOVER_nameDef} recovered | I was so scared of losing {LOVER_objective}, but now everything feels ri...",OCCASIONAL,"Romance On The Rim is confirmed live for this campaign (design/canon evidence — see report), but this specific thought/stance is not individually verified as the chosen variant for any of the 12 ideoligions/factions."
ThoughtDef,RotR_LoverResurrected,Romance On The Rim,{LOVER_nameDef} back home | I thought I'd lost {LOVER_objective} forever.,OCCASIONAL,"Romance On The Rim is confirmed live for this campaign (design/canon evidence — see report), but this specific thought/stance is not individually verified as the chosen variant for any of the 12 ideoligions/factions."
ThoughtDef,RotR_Memory_Argument,Romance On The Rim,arguement,OCCASIONAL,"Romance On The Rim is confirmed live for this campaign (design/canon evidence — see report), but this specific thought/stance is not individually verified as the chosen variant for any of the 12 ideoligions/factions."
ThoughtDef,RotR_Memory_Quarrel,Romance On The Rim,quarrel,OCCASIONAL,"Romance On The Rim is confirmed live for this campaign (design/canon evidence — see report), but this specific thought/stance is not individually verified as the chosen variant for any of the 12 ideoligions/factions."
ThoughtDef,RotR_Memory_ReadTogether,Romance On The Rim,read together,OCCASIONAL,"Romance On The Rim is confirmed live for this campaign (design/canon evidence — see report), but this specific thought/stance is not individually verified as the chosen variant for any of the 12 ideoligions/factions."
ThoughtDef,RotR_Memory_SharedReading,Romance On The Rim,share reading,OCCASIONAL,"Romance On The Rim is confirmed live for this campaign (design/canon evidence — see report), but this specific thought/stance is not individually verified as the chosen variant for any of the 12 ideoligions/factions."
ThoughtDef,RotR_Memory_SnowballFight,Romance On The Rim,snowball fight,OCCASIONAL,"Romance On The Rim is confirmed live for this campaign (design/canon evidence — see report), but this specific thought/stance is not individually verified as the chosen variant for any of the 12 ideoligions/factions."
ThoughtDef,RotR_Memory_StrollTogether,Romance On The Rim,stroll together,OCCASIONAL,"Romance On The Rim is confirmed live for this campaign (design/canon evidence — see report), but this specific thought/stance is not individually verified as the chosen variant for any of the 12 ideoligions/factions."
ThoughtDef,RotR_Memory_SwimTogether,Romance On The Rim,swim together,OCCASIONAL,"Romance On The Rim is confirmed live for this campaign (design/canon evidence — see report), but this specific thought/stance is not individually verified as the chosen variant for any of the 12 ideoligions/factions."
ThoughtDef,RotR_Mood_Argument,Romance On The Rim,argued with {LOVER_nameDef} | We just can't seem to see eye to eye. It feels like we're stuck in a loop of frustration.,OCCASIONAL,"Romance On The Rim is confirmed live for this campaign (design/canon evidence — see report), but this specific thought/stance is not individually verified as the chosen variant for any of the 12 ideoligions/factions."
ThoughtDef,RotR_Mood_Quarrel,Romance On The Rim,"quarreled with {LOVER_nameDef} | After that emotional rollercoaster, I'm just exhausted. Is this what our future looks like?",OCCASIONAL,"Romance On The Rim is confirmed live for this campaign (design/canon evidence — see report), but this specific thought/stance is not individually verified as the chosen variant for any of the 12 ideoligions/factions."
ThoughtDef,RotR_OLHostedMood,Romance On The Rim,"a fleeting haven | This temporary refuge offers us a rare moment of peace and safety. It's a bittersweet feeling, knowing we must leave soon.",OCCASIONAL,"Romance On The Rim is confirmed live for this campaign (design/canon evidence — see report), but this specific thought/stance is not individually verified as the chosen variant for any of the 12 ideoligions/factions."
ThoughtDef,RotR_OLRecruitedMood,Romance On The Rim,"open arms | This colony, this sanctuary, is where our past sorrows can finally rest.",OCCASIONAL,"Romance On The Rim is confirmed live for this campaign (design/canon evidence — see report), but this specific thought/stance is not individually verified as the chosen variant for any of the 12 ideoligions/factions."
ThoughtDef,RotR_OLRejectedMood,Romance On The Rim,"turned away | Standing at the closed gates, the rejection stings sharply, a familiar echo of our journey's solitude.",OCCASIONAL,"Romance On The Rim is confirmed live for this campaign (design/canon evidence — see report), but this specific thought/stance is not individually verified as the chosen variant for any of the 12 ideoligions/factions."
ThoughtDef,RotR_ReMarried,Romance On The Rim,remarried to {0} | All the past pain seems small compared to what we've overcome together.,OCCASIONAL,"Romance On The Rim is confirmed live for this campaign (design/canon evidence — see report), but this specific thought/stance is not individually verified as the chosen variant for any of the 12 ideoligions/factions."
ThoughtDef,RotR_ReMarryWith,Romance On The Rim,remarriage | I respect and love {0} more than ever.,OCCASIONAL,"Romance On The Rim is confirmed live for this campaign (design/canon evidence — see report), but this specific thought/stance is not individually verified as the chosen variant for any of the 12 ideoligions/factions."
ThoughtDef,RotR_Resurrected,Romance On The Rim,back from death | Good to see you again.,OCCASIONAL,"Romance On The Rim is confirmed live for this campaign (design/canon evidence — see report), but this specific thought/stance is not individually verified as the chosen variant for any of the 12 ideoligions/factions."
ThoughtDef,TerribleWedding,Romance On The Rim,"terrible wedding | The wedding ceremony was a disaster! The coordination was off, leading to a series of mishaps and an overall disjointed atmosphere.",OCCASIONAL,"Romance On The Rim is confirmed live for this campaign (design/canon evidence — see report), but this specific thought/stance is not individually verified as the chosen variant for any of the 12 ideoligions/factions."
ThoughtDef,UnforgettableWedding,Romance On The Rim,"unforgettable wedding | The wedding ceremony was unforgettable! Every moment was a harmonious blend of beauty and joy, leaving everyone mesmerized by the enchanting and perfectly o...",OCCASIONAL,"Romance On The Rim is confirmed live for this campaign (design/canon evidence — see report), but this specific thought/stance is not individually verified as the chosen variant for any of the 12 ideoligions/factions."
ThoughtDef,UnimpressiveWedding,Romance On The Rim,"underwhelming wedding | The wedding ceremony felt somewhat underwhelming and lacked any memorable or special moments. The decorations were sparse, lacking in both vibrancy and eleg...",OCCASIONAL,"Romance On The Rim is confirmed live for this campaign (design/canon evidence — see report), but this specific thought/stance is not individually verified as the chosen variant for any of the 12 ideoligions/factions."
ThoughtDef,EnslavedThought,Simple Slavery Collars,enslaved(1/5) | I've just been enslaved by these people. I can't believe this. | enslaved(2/5) | I'm being kept as a slave. I just wish I could be let free. | enslaved(3/5) | I fee...,OCCASIONAL,"Simple Slavery Collars is confirmed live for this campaign (design/canon evidence — see report), but this specific thought/stance is not individually verified as the chosen variant for any of the 12 ideoligions/factions."
ThoughtDef,ExplosiveCollar,Simple Slavery Collars,explosive collar | They've put an explosive collar around my neck! I better not try anything dangerous if I want to live. | armed explosive collar | They're going to blow my head o...,OCCASIONAL,"Simple Slavery Collars is confirmed live for this campaign (design/canon evidence — see report), but this specific thought/stance is not individually verified as the chosen variant for any of the 12 ideoligions/factions."
ThoughtDef,SlaveCollar,Simple Slavery Collars,slave collar | They've put an slave collar around my neck. | slave collar | I'm used to wearing collar now. | slave collar(masochist) | It feels good to wear. | slave collar(coloni...,OCCASIONAL,"Simple Slavery Collars is confirmed live for this campaign (design/canon evidence — see report), but this specific thought/stance is not individually verified as the chosen variant for any of the 12 ideoligions/factions."
ThoughtDef,WasEnslaved_Assimilation,Simple Slavery Collars,was enslaved(Assimilation) | I'm finally a member of the settlement.,OCCASIONAL,"Simple Slavery Collars is confirmed live for this campaign (design/canon evidence — see report), but this specific thought/stance is not individually verified as the chosen variant for any of the 12 ideoligions/factions."
ThoughtDef,SnapOut_HelpedSomeoneThought,Snap Out!,Helped someone | I've helped someone overcome their worries.,OCCASIONAL,"Snap Out! is confirmed live for this campaign (design/canon evidence — see report), but this specific thought/stance is not individually verified as the chosen variant for any of the 12 ideoligions/factions."
ThoughtDef,AteAcklayClaw,Star Wars Animal Collection (Continued),"ate acklay claw | These claws are so tender and sweet, the buttery flavour lingers on the tongue.",OCCASIONAL,"Star Wars Animal Collection (Continued) is confirmed live for this campaign (design/canon evidence — see report), but this specific thought/stance is not individually verified as the chosen variant for any of the 12 ideoligions/factions."
ThoughtDef,AteBloddle,Star Wars Animal Collection (Continued),"ate bloddle | Ah, you can't beat the aroma of cooked bloddle.",OCCASIONAL,"Star Wars Animal Collection (Continued) is confirmed live for this campaign (design/canon evidence — see report), but this specific thought/stance is not individually verified as the chosen variant for any of the 12 ideoligions/factions."
ThoughtDef,AteChakroot,Star Wars Animal Collection (Continued),"ate chak-root | What a flavour, there's no mistaking the tangy sweetness of chak-root.",OCCASIONAL,"Star Wars Animal Collection (Continued) is confirmed live for this campaign (design/canon evidence — see report), but this specific thought/stance is not individually verified as the chosen variant for any of the 12 ideoligions/factions."
ThoughtDef,AteChrysalideHeart,Star Wars Animal Collection (Continued),"ate rancor heart | There's something in that meat, I'm staring to feel...Strong!",OCCASIONAL,"Star Wars Animal Collection (Continued) is confirmed live for this campaign (design/canon evidence — see report), but this specific thought/stance is not individually verified as the chosen variant for any of the 12 ideoligions/factions."
ThoughtDef,AteCrustapodRoe,Star Wars Animal Collection (Continued),"ate roe | How beautifully rich and creamy, quite the delicacy!",OCCASIONAL,"Star Wars Animal Collection (Continued) is confirmed live for this campaign (design/canon evidence — see report), but this specific thought/stance is not individually verified as the chosen variant for any of the 12 ideoligions/factions."
ThoughtDef,AteDoshianJelly,Star Wars Animal Collection (Continued),ate doshian jelly | I can't tell if it's overly tangy or just stinging my mouth. Quite the sensation.,OCCASIONAL,"Star Wars Animal Collection (Continued) is confirmed live for this campaign (design/canon evidence — see report), but this specific thought/stance is not individually verified as the chosen variant for any of the 12 ideoligions/factions."
ThoughtDef,AteFleekEel,Star Wars Animal Collection (Continued),"ate fleek eel | This fleek eel flesh is so rich and fatty, quite the delicacy.",OCCASIONAL,"Star Wars Animal Collection (Continued) is confirmed live for this campaign (design/canon evidence — see report), but this specific thought/stance is not individually verified as the chosen variant for any of the 12 ideoligions/factions."
ThoughtDef,AteGorntMeat,Star Wars Animal Collection (Continued),ate gornt meat | That was a really tasty meat. Those Gornt taste great!,OCCASIONAL,"Star Wars Animal Collection (Continued) is confirmed live for this campaign (design/canon evidence — see report), but this specific thought/stance is not individually verified as the chosen variant for any of the 12 ideoligions/factions."
ThoughtDef,AteHawkbatEgg,Star Wars Animal Collection (Continued),ate hawkbat egg | That Hawkbat egg was astonishing. Truly a dish fit for an Emperor.,OCCASIONAL,"Star Wars Animal Collection (Continued) is confirmed live for this campaign (design/canon evidence — see report), but this specific thought/stance is not individually verified as the chosen variant for any of the 12 ideoligions/factions."
ThoughtDef,AteJoganFruit,Star Wars Animal Collection (Continued),"ate jogan fruit | Sweet with a crisp texture, it has to be jogan fruit.",OCCASIONAL,"Star Wars Animal Collection (Continued) is confirmed live for this campaign (design/canon evidence — see report), but this specific thought/stance is not individually verified as the chosen variant for any of the 12 ideoligions/factions."
ThoughtDef,AteManaxFungus,Star Wars Animal Collection (Continued),"ate manax fungus | Incredible, the fungus flavour is so aromatic and poweful. No wonder they pay so much for this stuff!",OCCASIONAL,"Star Wars Animal Collection (Continued) is confirmed live for this campaign (design/canon evidence — see report), but this specific thought/stance is not individually verified as the chosen variant for any of the 12 ideoligions/factions."
ThoughtDef,AteMeiloorun,Star Wars Animal Collection (Continued),"ate meiloorun | So juicy and refreshing, meiloorun is such a nice treat.",OCCASIONAL,"Star Wars Animal Collection (Continued) is confirmed live for this campaign (design/canon evidence — see report), but this specific thought/stance is not individually verified as the chosen variant for any of the 12 ideoligions/factions."
ThoughtDef,AteMudhornEgg,Star Wars Animal Collection (Continued),ate mudhorn egg | Utini!,OCCASIONAL,"Star Wars Animal Collection (Continued) is confirmed live for this campaign (design/canon evidence — see report), but this specific thought/stance is not individually verified as the chosen variant for any of the 12 ideoligions/factions."
ThoughtDef,AteMujaFruit,Star Wars Animal Collection (Continued),"ate muja fruit | Simply sweet and delicious, muja fruit without a doubt.",OCCASIONAL,"Star Wars Animal Collection (Continued) is confirmed live for this campaign (design/canon evidence — see report), but this specific thought/stance is not individually verified as the chosen variant for any of the 12 ideoligions/factions."
ThoughtDef,AteMunchFungus,Star Wars Animal Collection (Continued),"ate much-fungus | Munch-fungus has such a pleasant flavor when prepared correctly, it really is very versatile.",OCCASIONAL,"Star Wars Animal Collection (Continued) is confirmed live for this campaign (design/canon evidence — see report), but this specific thought/stance is not individually verified as the chosen variant for any of the 12 ideoligions/factions."
ThoughtDef,AteMunchFungusBread,Star Wars Animal Collection (Continued),ate much-fungus bread | This Munch-fungus bread is so tasty and filling; just like Mal'aa used to make!,OCCASIONAL,"Star Wars Animal Collection (Continued) is confirmed live for this campaign (design/canon evidence — see report), but this specific thought/stance is not individually verified as the chosen variant for any of the 12 ideoligions/factions."
ThoughtDef,AteNexuTongue,Star Wars Animal Collection (Continued),"ate nexu tongue | Mmmm, this meat is delightfully chewy and has such an exotic texture.",OCCASIONAL,"Star Wars Animal Collection (Continued) is confirmed live for this campaign (design/canon evidence — see report), but this specific thought/stance is not individually verified as the chosen variant for any of the 12 ideoligions/factions."
ThoughtDef,AtePaddyFrog,Star Wars Animal Collection (Continued),ate paddy frog | I swear by the Force the legs of that thing just kicked in my mouth. Made me feel like a Hutt!,OCCASIONAL,"Star Wars Animal Collection (Continued) is confirmed live for this campaign (design/canon evidence — see report), but this specific thought/stance is not individually verified as the chosen variant for any of the 12 ideoligions/factions."
ThoughtDef,AteRawMunchFungus,Star Wars Animal Collection (Continued),ate raw much-fungus | Ixta! This munch-fungus is so spongy and bland. It needs preparing properly!,OCCASIONAL,"Star Wars Animal Collection (Continued) is confirmed live for this campaign (design/canon evidence — see report), but this specific thought/stance is not individually verified as the chosen variant for any of the 12 ideoligions/factions."
ThoughtDef,AteRikknitOvum,Star Wars Animal Collection (Continued),"ate rikknit ovum | Despite the pungent aroma, that Rikknit ovum was exquisite.",OCCASIONAL,"Star Wars Animal Collection (Continued) is confirmed live for this campaign (design/canon evidence — see report), but this specific thought/stance is not individually verified as the chosen variant for any of the 12 ideoligions/factions."
ThoughtDef,AteRycritMeat,Star Wars Animal Collection (Continued),"ate rycrit meat | That was some delicious meat, it can only have been Rycrit!",OCCASIONAL,"Star Wars Animal Collection (Continued) is confirmed live for this campaign (design/canon evidence — see report), but this specific thought/stance is not individually verified as the chosen variant for any of the 12 ideoligions/factions."
ThoughtDef,AteTachGland,Star Wars Animal Collection (Continued),ate tach gland | WHAT was I kriffing thinking?! Simian brains are bitter and disgusting...,OCCASIONAL,"Star Wars Animal Collection (Continued) is confirmed live for this campaign (design/canon evidence — see report), but this specific thought/stance is not individually verified as the chosen variant for any of the 12 ideoligions/factions."
ThoughtDef,AteTenderMeat,Star Wars Animal Collection (Continued),ate tender meat | That meat was very tender and fatty...yum!,OCCASIONAL,"Star Wars Animal Collection (Continued) is confirmed live for this campaign (design/canon evidence — see report), but this specific thought/stance is not individually verified as the chosen variant for any of the 12 ideoligions/factions."
ThoughtDef,AteToughMeat,Star Wars Animal Collection (Continued),ate tough meat | Ugh...That meat was too tough and chewy.,OCCASIONAL,"Star Wars Animal Collection (Continued) is confirmed live for this campaign (design/canon evidence — see report), but this specific thought/stance is not individually verified as the chosen variant for any of the 12 ideoligions/factions."
ThoughtDef,DrankBlueMilk,Star Wars Animal Collection (Continued),"drank blue milk | Ah, can't argue with a bit of blue milk...",OCCASIONAL,"Star Wars Animal Collection (Continued) is confirmed live for this campaign (design/canon evidence — see report), but this specific thought/stance is not individually verified as the chosen variant for any of the 12 ideoligions/factions."
ThoughtDef,DrankGreenMilk,Star Wars Animal Collection (Continued),drank green milk | Sithspit! What karking thing made this?! It tastes like it's gone bad INSIDE the animal!,OCCASIONAL,"Star Wars Animal Collection (Continued) is confirmed live for this campaign (design/canon evidence — see report), but this specific thought/stance is not individually verified as the chosen variant for any of the 12 ideoligions/factions."
ThoughtDef,GlitterstimHigh,Star Wars Animal Collection (Continued),high on Glitterstim | I feel euphoric. I am one with the galaxy and the galaxy is one with me.,OCCASIONAL,"Star Wars Animal Collection (Continued) is confirmed live for this campaign (design/canon evidence — see report), but this specific thought/stance is not individually verified as the chosen variant for any of the 12 ideoligions/factions."
ThoughtDef,GlitterstimWithdrawal,Star Wars Animal Collection (Continued),glitterstim withdrawal | I can't think straight. My body is a prison for my mind. And why won't my eyes focus properly?!,OCCASIONAL,"Star Wars Animal Collection (Continued) is confirmed live for this campaign (design/canon evidence — see report), but this specific thought/stance is not individually verified as the chosen variant for any of the 12 ideoligions/factions."
ThoughtDef,JiRikknitHigh,Star Wars Animal Collection (Continued),"high on ji rikknit | I feel euphoric, I feel adrift in the flow of a ""purple tide"".",OCCASIONAL,"Star Wars Animal Collection (Continued) is confirmed live for this campaign (design/canon evidence — see report), but this specific thought/stance is not individually verified as the chosen variant for any of the 12 ideoligions/factions."
ThoughtDef,JiRikknitWithdrawal,Star Wars Animal Collection (Continued),"ji rikknit withdrawal | Ugh, I keep hearing the sound of arboreal crustaceans in my sleep...",OCCASIONAL,"Star Wars Animal Collection (Continued) is confirmed live for this campaign (design/canon evidence — see report), but this specific thought/stance is not individually verified as the chosen variant for any of the 12 ideoligions/factions."
ThoughtDef,SoothingSong,Star Wars Animal Collection (Continued),"soothing song | That creature made such a calm and soothing sound, it almost felt like I was dreaming it.",OCCASIONAL,"Star Wars Animal Collection (Continued) is confirmed live for this campaign (design/canon evidence — see report), but this specific thought/stance is not individually verified as the chosen variant for any of the 12 ideoligions/factions."
ThoughtDef,SpatOn,Star Wars Animal Collection (Continued),spat on | Schutta! That disgusting beast just spat on me!,OCCASIONAL,"Star Wars Animal Collection (Continued) is confirmed live for this campaign (design/canon evidence — see report), but this specific thought/stance is not individually verified as the chosen variant for any of the 12 ideoligions/factions."
ThoughtDef,Webbed,Star Wars Animal Collection (Continued),webbed | Ah! It's sticky! What is it?,OCCASIONAL,"Star Wars Animal Collection (Continued) is confirmed live for this campaign (design/canon evidence — see report), but this specific thought/stance is not individually verified as the chosen variant for any of the 12 ideoligions/factions."
ThoughtDef,RhydoniumHigh,Star Wars KotOR Resources and Materials,baked on Rhydonium | I am... the friction... in the air...,OCCASIONAL,"Star Wars KotOR Resources and Materials is confirmed live for this campaign (design/canon evidence — see report), but this specific thought/stance is not individually verified as the chosen variant for any of the 12 ideoligions/factions."
ThoughtDef,SpiceHigh,Star Wars KotOR Resources and Materials,zonked on spice | My mind has been awakened... I can see *everything*!,OCCASIONAL,"Star Wars KotOR Resources and Materials is confirmed live for this campaign (design/canon evidence — see report), but this specific thought/stance is not individually verified as the chosen variant for any of the 12 ideoligions/factions."
ThoughtDef,deathstickHigh,Star Wars KotOR Resources and Materials,zooted on Deathsticks | I feel so good right now... all the colors around me look so nice... what a relief...,OCCASIONAL,"Star Wars KotOR Resources and Materials is confirmed live for this campaign (design/canon evidence — see report), but this specific thought/stance is not individually verified as the chosen variant for any of the 12 ideoligions/factions."
ThoughtDef,guy762_withdrawlthought_battlestim,Star Wars KotOR Resources and Materials,battle stimulant withdrawal | My coordination is all messed up... I can't aim right... everything hurts more...,OCCASIONAL,"Star Wars KotOR Resources and Materials is confirmed live for this campaign (design/canon evidence — see report), but this specific thought/stance is not individually verified as the chosen variant for any of the 12 ideoligions/factions."
ThoughtDef,guy762_withdrawlthought_constim,Star Wars KotOR Resources and Materials,adrenal stamina withdrawal | I feel so frail...,OCCASIONAL,"Star Wars KotOR Resources and Materials is confirmed live for this campaign (design/canon evidence — see report), but this specific thought/stance is not individually verified as the chosen variant for any of the 12 ideoligions/factions."
ThoughtDef,guy762_withdrawlthought_deathstick,Star Wars KotOR Resources and Materials,Deathstick withdrawal | I feel terrible... I need another Deathstick... I should rethink my life...,OCCASIONAL,"Star Wars KotOR Resources and Materials is confirmed live for this campaign (design/canon evidence — see report), but this specific thought/stance is not individually verified as the chosen variant for any of the 12 ideoligions/factions."
ThoughtDef,guy762_withdrawlthought_dexstim,Star Wars KotOR Resources and Materials,adrenal alacrity withdrawal | I... feel so... sluggish...,OCCASIONAL,"Star Wars KotOR Resources and Materials is confirmed live for this campaign (design/canon evidence — see report), but this specific thought/stance is not individually verified as the chosen variant for any of the 12 ideoligions/factions."
ThoughtDef,guy762_withdrawlthought_rhydo,Star Wars KotOR Resources and Materials,rhydo withdrawal | Lungs tight... hard to breathe... need the rhydo...,OCCASIONAL,"Star Wars KotOR Resources and Materials is confirmed live for this campaign (design/canon evidence — see report), but this specific thought/stance is not individually verified as the chosen variant for any of the 12 ideoligions/factions."
ThoughtDef,guy762_withdrawlthought_spice,Star Wars KotOR Resources and Materials,spice withdrawal | My brain hurts... I feel so constrained... my skull is closing in on me...,OCCASIONAL,"Star Wars KotOR Resources and Materials is confirmed live for this campaign (design/canon evidence — see report), but this specific thought/stance is not individually verified as the chosen variant for any of the 12 ideoligions/factions."
ThoughtDef,guy762_withdrawlthought_strstim,Star Wars KotOR Resources and Materials,adrenal strength withdrawal | I feel so weak...,OCCASIONAL,"Star Wars KotOR Resources and Materials is confirmed live for this campaign (design/canon evidence — see report), but this specific thought/stance is not individually verified as the chosen variant for any of the 12 ideoligions/factions."
ThoughtDef,CaughtThiefStealing,Stealing Mod,caught someone stealing from me | That filthy thief tried to pick my pocket! The nerve of some people.,OCCASIONAL,"Stealing Mod is confirmed live for this campaign (design/canon evidence — see report), but this specific thought/stance is not individually verified as the chosen variant for any of the 12 ideoligions/factions."
ThoughtDef,StealingCooldownThought,Stealing Mod,need to lay low | I recently tried to steal something. I need to wait until things cool down before trying again.,OCCASIONAL,"Stealing Mod is confirmed live for this campaign (design/canon evidence — see report), but this specific thought/stance is not individually verified as the chosen variant for any of the 12 ideoligions/factions."
ThoughtDef,SuccessfulStealKlepto,Stealing Mod,"successful theft | What an indescribable feeling! I managed to swipe something cleanly without getting caught. My pockets are full, and my mind is at ease.",OCCASIONAL,"Stealing Mod is confirmed live for this campaign (design/canon evidence — see report), but this specific thought/stance is not individually verified as the chosen variant for any of the 12 ideoligions/factions."
ThoughtDef,TabulaRasa_NullThought,Tabula Rasa,"null thought | If you can see this, you fuckin broke something. Well Done.",OCCASIONAL,"Tabula Rasa is confirmed live for this campaign (design/canon evidence — see report), but this specific thought/stance is not individually verified as the chosen variant for any of the 12 ideoligions/factions."
ThoughtDef,Thought_TSA_TortureTraumaPermanent,Torture Pod,Trauma from torture | Lingering trauma from torture weighs on their mind. | Permanent torture trauma | The pawn is mentally and physically scarred by torture. They rest more poorly...,OCCASIONAL,"Torture Pod is confirmed live for this campaign (design/canon evidence — see report), but this specific thought/stance is not individually verified as the chosen variant for any of the 12 ideoligions/factions."
ThoughtDef,Thought_TSA_TorturedVictim,Torture Pod,Tortured recently | I was tortured. The pain and fear still linger. | Tortured recently | I was tortured recently,OCCASIONAL,"Torture Pod is confirmed live for this campaign (design/canon evidence — see report), but this specific thought/stance is not individually verified as the chosen variant for any of the 12 ideoligions/factions."
ThoughtDef,Thought_TSA_Torturer,Torture Pod,Tortured a prisoner | I tortured a prisoner. This is disturbing. | I tortured a prisoner | I tortured a prisoner,OCCASIONAL,"Torture Pod is confirmed live for this campaign (design/canon evidence — see report), but this specific thought/stance is not individually verified as the chosen variant for any of the 12 ideoligions/factions."
ThoughtDef,Thought_TSA_WitnessedTorture,Torture Pod,Witnessed torture | A prisoner of the colony was tortured. This is disturbing and erodes morale. | Prisoner was tortured | A prisoner was tortured,OCCASIONAL,"Torture Pod is confirmed live for this campaign (design/canon evidence — see report), but this specific thought/stance is not individually verified as the chosen variant for any of the 12 ideoligions/factions."
ThoughtDef,Thought_TSA_WitnessedTorture_Prisoner,Torture Pod,witnessed torture (prisoner) | Another prisoner was tortured. It shakes the will to resist and lowers mood. | Prisoner was tortured | A fellow prisoner was tortured,OCCASIONAL,"Torture Pod is confirmed live for this campaign (design/canon evidence — see report), but this specific thought/stance is not individually verified as the chosen variant for any of the 12 ideoligions/factions."
ThoughtDef,VFEP_AmazingShanties,Vanilla Factions Expanded - Pirates,"amazing singing shanties | We can still hear the mesmerizing words of the cap'n, as they reminded us of the importance of our shared camaraderie. We can even feel our sadness vanis...",OCCASIONAL,"Vanilla Factions Expanded - Pirates is confirmed live for this campaign (design/canon evidence — see report), but this specific thought/stance is not individually verified as the chosen variant for any of the 12 ideoligions/factions."
ThoughtDef,VFEP_BoringShanties,Vanilla Factions Expanded - Pirates,boring singing shanties | The cap'n displayed a lack of passion and the feeling of camaraderie just wasn't there.,OCCASIONAL,"Vanilla Factions Expanded - Pirates is confirmed live for this campaign (design/canon evidence — see report), but this specific thought/stance is not individually verified as the chosen variant for any of the 12 ideoligions/factions."
ThoughtDef,VFEP_Camaraderie_Exalted_CrewDead,Vanilla Factions Expanded - Pirates,lost a comrade | We’ve lost one of ours. I need to look to others for strength.,OCCASIONAL,"Vanilla Factions Expanded - Pirates is confirmed live for this campaign (design/canon evidence — see report), but this specific thought/stance is not individually verified as the chosen variant for any of the 12 ideoligions/factions."
ThoughtDef,VFEP_Camaraderie_Exalted_DeadCumulative,Vanilla Factions Expanded - Pirates,been through some tough times together! | been through some tough times together! | been through some tough times together! | been through some tough times together! | been through...,OCCASIONAL,"Vanilla Factions Expanded - Pirates is confirmed live for this campaign (design/canon evidence — see report), but this specific thought/stance is not individually verified as the chosen variant for any of the 12 ideoligions/factions."
ThoughtDef,VFEP_Camaraderie_Exalted_Memory,Vanilla Factions Expanded - Pirates,socialized with a comrade | I’ve socialised with a comrade. We are unstoppable!,OCCASIONAL,"Vanilla Factions Expanded - Pirates is confirmed live for this campaign (design/canon evidence — see report), but this specific thought/stance is not individually verified as the chosen variant for any of the 12 ideoligions/factions."
ThoughtDef,VFEP_Camaraderie_Respected_CrewDead,Vanilla Factions Expanded - Pirates,lost a comrade | We’ve lost one of ours. What a sad day it is.,OCCASIONAL,"Vanilla Factions Expanded - Pirates is confirmed live for this campaign (design/canon evidence — see report), but this specific thought/stance is not individually verified as the chosen variant for any of the 12 ideoligions/factions."
ThoughtDef,VFEP_Camaraderie_Respected_Memory,Vanilla Factions Expanded - Pirates,"socialized with a comrade | I’ve socialised with a comrade, which strengthens our bond.",OCCASIONAL,"Vanilla Factions Expanded - Pirates is confirmed live for this campaign (design/canon evidence — see report), but this specific thought/stance is not individually verified as the chosen variant for any of the 12 ideoligions/factions."
ThoughtDef,VFEP_LameShanties,Vanilla Factions Expanded - Pirates,"lame singing shanties | The cap'n treated us like children, wanting so desperately to hear something to lift their spirits.",OCCASIONAL,"Vanilla Factions Expanded - Pirates is confirmed live for this campaign (design/canon evidence — see report), but this specific thought/stance is not individually verified as the chosen variant for any of the 12 ideoligions/factions."
ThoughtDef,VFEP_RousingShanties,Vanilla Factions Expanded - Pirates,"rousing singing shanties | Shiver me timbers, those were some good shanties! The cap'n lifted our spirits and made us feel a camaraderie and togetherness that will only make us str...",OCCASIONAL,"Vanilla Factions Expanded - Pirates is confirmed live for this campaign (design/canon evidence — see report), but this specific thought/stance is not individually verified as the chosen variant for any of the 12 ideoligions/factions."
ThoughtDef,VFEP_RumAsIngredient,Vanilla Factions Expanded - Pirates,Drank rum-based cocktail | Yummy.,OCCASIONAL,"Vanilla Factions Expanded - Pirates is confirmed live for this campaign (design/canon evidence — see report), but this specific thought/stance is not individually verified as the chosen variant for any of the 12 ideoligions/factions."
ThoughtDef,VFEP_RumSuitThought,Vanilla Factions Expanded - Pirates,sweaty | This suit is way too hot. I'm sweating.,OCCASIONAL,"Vanilla Factions Expanded - Pirates is confirmed live for this campaign (design/canon evidence — see report), but this specific thought/stance is not individually verified as the chosen variant for any of the 12 ideoligions/factions."
ThoughtDef,VFET_Encouraging,Vanilla Factions Expanded - Tribals,"encouraging tribal gathering | Hey, some of those ideas were pretty great! I think we are unto something here.",OCCASIONAL,"Vanilla Factions Expanded - Tribals is confirmed live for this campaign (design/canon evidence — see report), but this specific thought/stance is not individually verified as the chosen variant for any of the 12 ideoligions/factions."
ThoughtDef,VFET_Ineffective,Vanilla Factions Expanded - Tribals,"ineffective tribal gathering | We tried to discuss some new developments in the tribe, but it devolved into petty bickering about food and shelter...",OCCASIONAL,"Vanilla Factions Expanded - Tribals is confirmed live for this campaign (design/canon evidence — see report), but this specific thought/stance is not individually verified as the chosen variant for any of the 12 ideoligions/factions."
ThoughtDef,VFET_Inspiring,Vanilla Factions Expanded - Tribals,"inspiring tribal gathering | We are close to a breakthrough, I can feel it!",OCCASIONAL,"Vanilla Factions Expanded - Tribals is confirmed live for this campaign (design/canon evidence — see report), but this specific thought/stance is not individually verified as the chosen variant for any of the 12 ideoligions/factions."
ThoughtDef,VFET_NoExpectations,Vanilla Factions Expanded - Tribals,no expectations | Expectations? What’s that?,OCCASIONAL,"Vanilla Factions Expanded - Tribals is confirmed live for this campaign (design/canon evidence — see report), but this specific thought/stance is not individually verified as the chosen variant for any of the 12 ideoligions/factions."
ThoughtDef,VFET_Uninspiring,Vanilla Factions Expanded - Tribals,"uninspiring tribal gathering | There were some new ideas floating around, but not much of substance. At least it was kinda entertaining.",OCCASIONAL,"Vanilla Factions Expanded - Tribals is confirmed live for this campaign (design/canon evidence — see report), but this specific thought/stance is not individually verified as the chosen variant for any of the 12 ideoligions/factions."
ThoughtDef,GR_AteRatMilk,Vanilla Genetics Expanded,"what was that milk? | Did I just drink rat milk? It can't be, can it?",OCCASIONAL,"Vanilla Genetics Expanded is confirmed live for this campaign (design/canon evidence — see report), but this specific thought/stance is not individually verified as the chosen variant for any of the 12 ideoligions/factions."
ThoughtDef,GR_BunnyAround,Vanilla Genetics Expanded,cute catrabbit | *faint sobs* that's the cutest thing I've ever seen,OCCASIONAL,"Vanilla Genetics Expanded is confirmed live for this campaign (design/canon evidence — see report), but this specific thought/stance is not individually verified as the chosen variant for any of the 12 ideoligions/factions."
ThoughtDef,GR_DamnMammaries,Vanilla Genetics Expanded,feeling like a fat cow | I'm being milked like an animal! This is really deeply humilliating!,OCCASIONAL,"Vanilla Genetics Expanded is confirmed live for this campaign (design/canon evidence — see report), but this specific thought/stance is not individually verified as the chosen variant for any of the 12 ideoligions/factions."
ThoughtDef,GR_DisgustingUwuchat,Vanilla Genetics Expanded,intense cringe | I feel so dirty... what a disgusting experience,OCCASIONAL,"Vanilla Genetics Expanded is confirmed live for this campaign (design/canon evidence — see report), but this specific thought/stance is not individually verified as the chosen variant for any of the 12 ideoligions/factions."
ThoughtDef,GR_ElectroEggHigh,Vanilla Genetics Expanded,active mechanites | Swallowing that mechanoid egg made me feel great. I can almost feel the mechanites in my stomach!,OCCASIONAL,"Vanilla Genetics Expanded is confirmed live for this campaign (design/canon evidence — see report), but this specific thought/stance is not individually verified as the chosen variant for any of the 12 ideoligions/factions."
ThoughtDef,GR_ElectroEggWithdrawal,Vanilla Genetics Expanded,active mechanites withdrawal | All my body itches... It is as if the mechanites are turning against me.,OCCASIONAL,"Vanilla Genetics Expanded is confirmed live for this campaign (design/canon evidence — see report), but this specific thought/stance is not individually verified as the chosen variant for any of the 12 ideoligions/factions."
ThoughtDef,GR_EngagedByHumanoidMood,Vanilla Genetics Expanded,kind conversation with humanoid hybrid | That was such an interesting conversation! What a nice creature!,OCCASIONAL,"Vanilla Genetics Expanded is confirmed live for this campaign (design/canon evidence — see report), but this specific thought/stance is not individually verified as the chosen variant for any of the 12 ideoligions/factions."
ThoughtDef,GR_Failures_Shameful,Vanilla Genetics Expanded,"genetic failures | One of our genetics experiments failed, and a misshapen monstrosity is running around uncheked. We should get rid of it as soon as possible, for this shames us.",OCCASIONAL,"Vanilla Genetics Expanded is confirmed live for this campaign (design/canon evidence — see report), but this specific thought/stance is not individually verified as the chosen variant for any of the 12 ideoligions/factions."
ThoughtDef,GR_FeatherdustHigh,Vanilla Genetics Expanded,high on featherdust | I just smoked ground feathers from a scientific abomination and... I feel fine.,OCCASIONAL,"Vanilla Genetics Expanded is confirmed live for this campaign (design/canon evidence — see report), but this specific thought/stance is not individually verified as the chosen variant for any of the 12 ideoligions/factions."
ThoughtDef,GR_FeatherdustWithdrawal,Vanilla Genetics Expanded,Featherdust withdrawal | I really wish I could smoke.,OCCASIONAL,"Vanilla Genetics Expanded is confirmed live for this campaign (design/canon evidence — see report), but this specific thought/stance is not individually verified as the chosen variant for any of the 12 ideoligions/factions."
ThoughtDef,GR_HasAutomatedTurrets_Scorned,Vanilla Genetics Expanded,automated turrets | Are we really using automated turrets? When we have the very power of creation in our fingertips? That's so lame.,OCCASIONAL,"Vanilla Genetics Expanded is confirmed live for this campaign (design/canon evidence — see report), but this specific thought/stance is not individually verified as the chosen variant for any of the 12 ideoligions/factions."
ThoughtDef,GR_HeWearsAntennae,Vanilla Genetics Expanded,wearing insectoid antennae | So much information! Make it stop!,OCCASIONAL,"Vanilla Genetics Expanded is confirmed live for this campaign (design/canon evidence — see report), but this specific thought/stance is not individually verified as the chosen variant for any of the 12 ideoligions/factions."
ThoughtDef,GR_HumanoidHybrids_Forbidden,Vanilla Genetics Expanded,"humanoid hybrids in colony | There are humanoid hybrids running around. This is horrible, an abolute perversion of science.",OCCASIONAL,"Vanilla Genetics Expanded is confirmed live for this campaign (design/canon evidence — see report), but this specific thought/stance is not individually verified as the chosen variant for any of the 12 ideoligions/factions."
ThoughtDef,GR_InsultedByHumanoidMood,Vanilla Genetics Expanded,insulted by humanoid hybrid | I've been directly insulted by a genetic abomination! What an awful creature!,OCCASIONAL,"Vanilla Genetics Expanded is confirmed live for this campaign (design/canon evidence — see report), but this specific thought/stance is not individually verified as the chosen variant for any of the 12 ideoligions/factions."
ThoughtDef,GR_Uwuchat,Vanilla Genetics Expanded,uwu pounced | That was weird. Am I a degenerate?,OCCASIONAL,"Vanilla Genetics Expanded is confirmed live for this campaign (design/canon evidence — see report), but this specific thought/stance is not individually verified as the chosen variant for any of the 12 ideoligions/factions."
ThoughtDef,GR_WearingBunnyEars,Vanilla Genetics Expanded,wearing bunny ears | Kawaii!!!,OCCASIONAL,"Vanilla Genetics Expanded is confirmed live for this campaign (design/canon evidence — see report), but this specific thought/stance is not individually verified as the chosen variant for any of the 12 ideoligions/factions."
ThoughtDef,GR_WearingThrumboHorn,Vanilla Genetics Expanded,wearing thrumbo horn | I'm so horny.,OCCASIONAL,"Vanilla Genetics Expanded is confirmed live for this campaign (design/canon evidence — see report), but this specific thought/stance is not individually verified as the chosen variant for any of the 12 ideoligions/factions."
ThoughtDef,VGE_Comet_Thought,Vanilla Gravship Expanded - Chapter 1,beautiful comet | The view is amazing.,OCCASIONAL,"Vanilla Gravship Expanded - Chapter 1 is confirmed live for this campaign (design/canon evidence — see report), but this specific thought/stance is not individually verified as the chosen variant for any of the 12 ideoligions/factions."
ThoughtDef,VGE_CrewEuphoria,Vanilla Gravship Expanded - Chapter 1,crew euphoria | Our latest gravship launch was just perfect. I will remember it for a long time.,OCCASIONAL,"Vanilla Gravship Expanded - Chapter 1 is confirmed live for this campaign (design/canon evidence — see report), but this specific thought/stance is not individually verified as the chosen variant for any of the 12 ideoligions/factions."
ThoughtDef,VGE_ToxicHaze,Vanilla Gravship Expanded - Chapter 1,toxic haze | This toxic dust is unnerving and physically irritating. I want to get inside.,OCCASIONAL,"Vanilla Gravship Expanded - Chapter 1 is confirmed live for this campaign (design/canon evidence — see report), but this specific thought/stance is not individually verified as the chosen variant for any of the 12 ideoligions/factions."
ThoughtDef,VCE_AteChocolate_Craved,Vanilla Ideology Expanded - Memes and Structures,ate chocolate (craved) | Chocolate IS love.,OCCASIONAL,"Vanilla Ideology Expanded - Memes and Structures is confirmed live for this campaign (design/canon evidence — see report), but this specific thought/stance is not individually verified as the chosen variant for any of the 12 ideoligions/factions."
ThoughtDef,VCE_AteFineDessert_Craved,Vanilla Ideology Expanded - Memes and Structures,ate fine dessert (craved) | That dessert was really good! I want more!,OCCASIONAL,"Vanilla Ideology Expanded - Memes and Structures is confirmed live for this campaign (design/canon evidence — see report), but this specific thought/stance is not individually verified as the chosen variant for any of the 12 ideoligions/factions."
ThoughtDef,VCE_AteGourmetDessert_Craved,Vanilla Ideology Expanded - Memes and Structures,ate gourmet dessert (craved) | Oh my God! My palate had never experienced such an explosion of orgasmic tastes. That was pure food porn. I need more!,OCCASIONAL,"Vanilla Ideology Expanded - Memes and Structures is confirmed live for this campaign (design/canon evidence — see report), but this specific thought/stance is not individually verified as the chosen variant for any of the 12 ideoligions/factions."
ThoughtDef,VCE_AteLavishDessert_Craved,Vanilla Ideology Expanded - Memes and Structures,"ate lavish dessert (craved) | That dessert was unbelievably good, I'm so eager to eat more of it!",OCCASIONAL,"Vanilla Ideology Expanded - Memes and Structures is confirmed live for this campaign (design/canon evidence — see report), but this specific thought/stance is not individually verified as the chosen variant for any of the 12 ideoligions/factions."
ThoughtDef,VCE_AteSimpleDessert_Craved,Vanilla Ideology Expanded - Memes and Structures,"ate simple dessert (craved) | That dessert was very simple, but certainly tasty.",OCCASIONAL,"Vanilla Ideology Expanded - Memes and Structures is confirmed live for this campaign (design/canon evidence — see report), but this specific thought/stance is not individually verified as the chosen variant for any of the 12 ideoligions/factions."
ThoughtDef,VME_AccursedIncantation,Vanilla Ideology Expanded - Memes and Structures,"accursed incantation | A litany of dark morbidities expressed in crime, perversion, and insanity.",OCCASIONAL,"Vanilla Ideology Expanded - Memes and Structures is confirmed live for this campaign (design/canon evidence — see report), but this specific thought/stance is not individually verified as the chosen variant for any of the 12 ideoligions/factions."
ThoughtDef,VME_Alcohol_Demanded,Vanilla Ideology Expanded - Memes and Structures,"missing alcohol | I could use a drink. | no alcohol | I really want a drink right now. | needs alcohol | I need a drink, something strong. | craves alcohol | I’d kill for a drop of...",OCCASIONAL,"Vanilla Ideology Expanded - Memes and Structures is confirmed live for this campaign (design/canon evidence — see report), but this specific thought/stance is not individually verified as the chosen variant for any of the 12 ideoligions/factions."
ThoughtDef,VME_Alcohol_Desired,Vanilla Ideology Expanded - Memes and Structures,missing alcohol | It's been a while since I've had a drink. | desiring a drink | What this colony needs is a bar so we can take a few drinks with our friends after a day of hard wo...,OCCASIONAL,"Vanilla Ideology Expanded - Memes and Structures is confirmed live for this campaign (design/canon evidence — see report), but this specific thought/stance is not individually verified as the chosen variant for any of the 12 ideoligions/factions."
ThoughtDef,VME_Alcohol_MildAbstinence,Vanilla Ideology Expanded - Memes and Structures,"consumed alcohol | I drank a bit of alcohol. Not a big deal, but I feel a bit woozy. | abstained from alcohol | I haven't consumed alcohol lately.",OCCASIONAL,"Vanilla Ideology Expanded - Memes and Structures is confirmed live for this campaign (design/canon evidence — see report), but this specific thought/stance is not individually verified as the chosen variant for any of the 12 ideoligions/factions."
ThoughtDef,VME_AmazingSlaveEmancipation,Vanilla Ideology Expanded - Memes and Structures,"amazing slave emancipation | Legends will be told about our leader's speech, and how those words will resonate in the future, elevating the cause of emancipation.",OCCASIONAL,"Vanilla Ideology Expanded - Memes and Structures is confirmed live for this campaign (design/canon evidence — see report), but this specific thought/stance is not individually verified as the chosen variant for any of the 12 ideoligions/factions."
ThoughtDef,VME_AteAnimalProducts_Abhorrent,Vanilla Ideology Expanded - Memes and Structures,ate animal products | I had to eat animal products. It is wrong and immoral to imprison an animal and use for sustenance.,OCCASIONAL,"Vanilla Ideology Expanded - Memes and Structures is confirmed live for this campaign (design/canon evidence — see report), but this specific thought/stance is not individually verified as the chosen variant for any of the 12 ideoligions/factions."
ThoughtDef,VME_AteAnimalProducts_Know_Abhorrent,Vanilla Ideology Expanded - Memes and Structures,ate animal products,OCCASIONAL,"Vanilla Ideology Expanded - Memes and Structures is confirmed live for this campaign (design/canon evidence — see report), but this specific thought/stance is not individually verified as the chosen variant for any of the 12 ideoligions/factions."
ThoughtDef,VME_AteInsectJellyDirect,Vanilla Ideology Expanded - Memes and Structures,ate insect jelly | I ate some insect jelly. Not bad.,OCCASIONAL,"Vanilla Ideology Expanded - Memes and Structures is confirmed live for this campaign (design/canon evidence — see report), but this specific thought/stance is not individually verified as the chosen variant for any of the 12 ideoligions/factions."
ThoughtDef,VME_AteInsectJellyDirect_Despised,Vanilla Ideology Expanded - Memes and Structures,ate insect jelly | Insect jelly is disgusting.,OCCASIONAL,"Vanilla Ideology Expanded - Memes and Structures is confirmed live for this campaign (design/canon evidence — see report), but this specific thought/stance is not individually verified as the chosen variant for any of the 12 ideoligions/factions."
ThoughtDef,VME_AteInsectJellyDirect_Loved,Vanilla Ideology Expanded - Memes and Structures,"ate insect jelly | Insect jelly is divine ambrosia, a gift from perfect creatures.",OCCASIONAL,"Vanilla Ideology Expanded - Memes and Structures is confirmed live for this campaign (design/canon evidence — see report), but this specific thought/stance is not individually verified as the chosen variant for any of the 12 ideoligions/factions."
ThoughtDef,VME_AteInsectMeatAsIngredient_Sacrilegious,Vanilla Ideology Expanded - Memes and Structures,ate cooked insect meat | I ate a meal that contained insect meat. Why did I do that?,OCCASIONAL,"Vanilla Ideology Expanded - Memes and Structures is confirmed live for this campaign (design/canon evidence — see report), but this specific thought/stance is not individually verified as the chosen variant for any of the 12 ideoligions/factions."
ThoughtDef,VME_AteInsectMeat_Sacrilegious,Vanilla Ideology Expanded - Memes and Structures,ate insect meat | I ate some insect meat. Why did I do that?,OCCASIONAL,"Vanilla Ideology Expanded - Memes and Structures is confirmed live for this campaign (design/canon evidence — see report), but this specific thought/stance is not individually verified as the chosen variant for any of the 12 ideoligions/factions."
ThoughtDef,VME_AttendedParty,Vanilla Ideology Expanded - Memes and Structures,attended superb party | I had a good time at that party.,OCCASIONAL,"Vanilla Ideology Expanded - Memes and Structures is confirmed live for this campaign (design/canon evidence — see report), but this specific thought/stance is not individually verified as the chosen variant for any of the 12 ideoligions/factions."
ThoughtDef,VME_Aurora_Amazing,Vanilla Ideology Expanded - Memes and Structures,amazing aurora | That aurora had such incredible colors.,OCCASIONAL,"Vanilla Ideology Expanded - Memes and Structures is confirmed live for this campaign (design/canon evidence — see report), but this specific thought/stance is not individually verified as the chosen variant for any of the 12 ideoligions/factions."
ThoughtDef,VME_Aurora_Despised,Vanilla Ideology Expanded - Memes and Structures,disgusting aurora | The blinding lights in the heavens give me a headache.,OCCASIONAL,"Vanilla Ideology Expanded - Memes and Structures is confirmed live for this campaign (design/canon evidence — see report), but this specific thought/stance is not individually verified as the chosen variant for any of the 12 ideoligions/factions."
ThoughtDef,VME_AutonomousWeapons_Accepted,Vanilla Ideology Expanded - Memes and Structures,automated turrets | We use automated turrets. They are an incredible boon to our defenses.,OCCASIONAL,"Vanilla Ideology Expanded - Memes and Structures is confirmed live for this campaign (design/canon evidence — see report), but this specific thought/stance is not individually verified as the chosen variant for any of the 12 ideoligions/factions."
ThoughtDef,VME_AutonomousWeapons_Exalted,Vanilla Ideology Expanded - Memes and Structures,automated turrets | We use automated turrets. Automated defenses are key to a proper defense of what is ours.,OCCASIONAL,"Vanilla Ideology Expanded - Memes and Structures is confirmed live for this campaign (design/canon evidence — see report), but this specific thought/stance is not individually verified as the chosen variant for any of the 12 ideoligions/factions."
ThoughtDef,VME_AwkwardInsectoidHymn,Vanilla Ideology Expanded - Memes and Structures,"awkward insectoid hymn | The speech was repetitive, and it did nothing to convince me of the divinity of our beloved insects.",OCCASIONAL,"Vanilla Ideology Expanded - Memes and Structures is confirmed live for this campaign (design/canon evidence — see report), but this specific thought/stance is not individually verified as the chosen variant for any of the 12 ideoligions/factions."
ThoughtDef,VME_AwkwardOrgy,Vanilla Ideology Expanded - Memes and Structures,"awkward orgy | Everyone sat around not knowing exactly what to do, naked bodies laying everywhere. Quite disappointing.",OCCASIONAL,"Vanilla Ideology Expanded - Memes and Structures is confirmed live for this campaign (design/canon evidence — see report), but this specific thought/stance is not individually verified as the chosen variant for any of the 12 ideoligions/factions."
ThoughtDef,VME_AwkwardViolentConversion,Vanilla Ideology Expanded - Memes and Structures,awkward violent conversion | That violent conversion was awkward. The words were vague and unconvincing.,OCCASIONAL,"Vanilla Ideology Expanded - Memes and Structures is confirmed live for this campaign (design/canon evidence — see report), but this specific thought/stance is not individually verified as the chosen variant for any of the 12 ideoligions/factions."
ThoughtDef,VME_BlasphemousIncantation,Vanilla Ideology Expanded - Memes and Structures,blasphemous incantation | A promise of hidden and fathomless worlds of strange life which pulsate in the gulfs beyond the stars and press hideously upon our own globe in unholy dim...,OCCASIONAL,"Vanilla Ideology Expanded - Memes and Structures is confirmed live for this campaign (design/canon evidence — see report), but this specific thought/stance is not individually verified as the chosen variant for any of the 12 ideoligions/factions."
ThoughtDef,VME_BookQuality_Desired,Vanilla Ideology Expanded - Memes and Structures,"legendary book in colony | Our colony has acquired a legendary book, how exciting. | some legendary books in colony | Our colony has acquired two legendary books, how exciting. | a...",OCCASIONAL,"Vanilla Ideology Expanded - Memes and Structures is confirmed live for this campaign (design/canon evidence — see report), but this specific thought/stance is not individually verified as the chosen variant for any of the 12 ideoligions/factions."
ThoughtDef,VME_BoringCeremonialSuicide,Vanilla Ideology Expanded - Memes and Structures,boring ceremonial suicide | That ceremonial suicide was not good. The speech seemed forced. At the very least we have restored the honor of our colony.,OCCASIONAL,"Vanilla Ideology Expanded - Memes and Structures is confirmed live for this campaign (design/canon evidence — see report), but this specific thought/stance is not individually verified as the chosen variant for any of the 12 ideoligions/factions."
ThoughtDef,VME_BoringLeadershipChallenge,Vanilla Ideology Expanded - Memes and Structures,"boring leadership challenge | That leadership challenge was not good. The fighters wouldn't commit, so there were no exciting moments. At least our leader is the strongest.",OCCASIONAL,"Vanilla Ideology Expanded - Memes and Structures is confirmed live for this campaign (design/canon evidence — see report), but this specific thought/stance is not individually verified as the chosen variant for any of the 12 ideoligions/factions."
ThoughtDef,VME_BoringPlagueFestival,Vanilla Ideology Expanded - Memes and Structures,boring plague festival | That plague festival was repetitive and the killing technique was noticeably flawed. However the blessed plague is now among us.,OCCASIONAL,"Vanilla Ideology Expanded - Memes and Structures is confirmed live for this campaign (design/canon evidence — see report), but this specific thought/stance is not individually verified as the chosen variant for any of the 12 ideoligions/factions."
ThoughtDef,VME_BoughtSlave_Know_Forbidden_Mood,Vanilla Ideology Expanded - Memes and Structures,bought a slave | We have bought a slave from wicked slave traders.,OCCASIONAL,"Vanilla Ideology Expanded - Memes and Structures is confirmed live for this campaign (design/canon evidence — see report), but this specific thought/stance is not individually verified as the chosen variant for any of the 12 ideoligions/factions."
ThoughtDef,VME_CheapTradingFair,Vanilla Ideology Expanded - Memes and Structures,we tried to be cheap | We tried to organize a trading fair without spending any money on it. It is shameful to be so cheap.,OCCASIONAL,"Vanilla Ideology Expanded - Memes and Structures is confirmed live for this campaign (design/canon evidence — see report), but this specific thought/stance is not individually verified as the chosen variant for any of the 12 ideoligions/factions."
ThoughtDef,VME_Darklight_DislikeDarkness,Vanilla Ideology Expanded - Memes and Structures,despised darkness | Darkness is unnatural and disgusting.,OCCASIONAL,"Vanilla Ideology Expanded - Memes and Structures is confirmed live for this campaign (design/canon evidence — see report), but this specific thought/stance is not individually verified as the chosen variant for any of the 12 ideoligions/factions."
ThoughtDef,VME_Darklight_NormalPreferred_Darklight,Vanilla Ideology Expanded - Memes and Structures,darklight | Darklight is unnatural.,OCCASIONAL,"Vanilla Ideology Expanded - Memes and Structures is confirmed live for this campaign (design/canon evidence — see report), but this specific thought/stance is not individually verified as the chosen variant for any of the 12 ideoligions/factions."
ThoughtDef,VME_Death_Troubling,Vanilla Ideology Expanded - Memes and Structures,"death is troubling | I know death is a part of life, but I hate being reminded of it.",OCCASIONAL,"Vanilla Ideology Expanded - Memes and Structures is confirmed live for this campaign (design/canon evidence — see report), but this specific thought/stance is not individually verified as the chosen variant for any of the 12 ideoligions/factions."
ThoughtDef,VME_Defeat_Dishonorable,Vanilla Ideology Expanded - Memes and Structures,"defeated in combat | I was defeated in combat, this brings me great dishonor.",OCCASIONAL,"Vanilla Ideology Expanded - Memes and Structures is confirmed live for this campaign (design/canon evidence — see report), but this specific thought/stance is not individually verified as the chosen variant for any of the 12 ideoligions/factions."
ThoughtDef,VME_DemagogicSlaveEmancipation,Vanilla Ideology Expanded - Memes and Structures,"demagogic slave emancipation | We ended up looking as the evil guys here... With such a display, it's unlikely anyone will freely want to join the colony.",OCCASIONAL,"Vanilla Ideology Expanded - Memes and Structures is confirmed live for this campaign (design/canon evidence — see report), but this specific thought/stance is not individually verified as the chosen variant for any of the 12 ideoligions/factions."
ThoughtDef,VME_DumbLabor_Disliked,Vanilla Ideology Expanded - Memes and Structures,did dumb labor | I had to do dumb labor. So exhausting.,OCCASIONAL,"Vanilla Ideology Expanded - Memes and Structures is confirmed live for this campaign (design/canon evidence — see report), but this specific thought/stance is not individually verified as the chosen variant for any of the 12 ideoligions/factions."
ThoughtDef,VME_DumbLabor_Exalted,Vanilla Ideology Expanded - Memes and Structures,did dumb labor | I had to do dumb labor. I am an excellent example of the working class.,OCCASIONAL,"Vanilla Ideology Expanded - Memes and Structures is confirmed live for this campaign (design/canon evidence — see report), but this specific thought/stance is not individually verified as the chosen variant for any of the 12 ideoligions/factions."
ThoughtDef,VME_DumbLabor_Horrible,Vanilla Ideology Expanded - Memes and Structures,did dumb labor | I had to do dumb labor. It’s horrible. I don’t want it.,OCCASIONAL,"Vanilla Ideology Expanded - Memes and Structures is confirmed live for this campaign (design/canon evidence — see report), but this specific thought/stance is not individually verified as the chosen variant for any of the 12 ideoligions/factions."
ThoughtDef,VME_DumbLabor_Liked,Vanilla Ideology Expanded - Memes and Structures,did dumb labor | I had to do dumb labor. Broke a sweat but it was some honest work.,OCCASIONAL,"Vanilla Ideology Expanded - Memes and Structures is confirmed live for this campaign (design/canon evidence — see report), but this specific thought/stance is not individually verified as the chosen variant for any of the 12 ideoligions/factions."
ThoughtDef,VME_Eclipse_Despised,Vanilla Ideology Expanded - Memes and Structures,disgusting eclipse | Eclipses are so scary. Where did the light go?,OCCASIONAL,"Vanilla Ideology Expanded - Memes and Structures is confirmed live for this campaign (design/canon evidence — see report), but this specific thought/stance is not individually verified as the chosen variant for any of the 12 ideoligions/factions."
ThoughtDef,VME_Elders_Despised,Vanilla Ideology Expanded - Memes and Structures,elder | youth,OCCASIONAL,"Vanilla Ideology Expanded - Memes and Structures is confirmed live for this campaign (design/canon evidence — see report), but this specific thought/stance is not individually verified as the chosen variant for any of the 12 ideoligions/factions."
ThoughtDef,VME_Elders_Holy,Vanilla Ideology Expanded - Memes and Structures,elder,OCCASIONAL,"Vanilla Ideology Expanded - Memes and Structures is confirmed live for this campaign (design/canon evidence — see report), but this specific thought/stance is not individually verified as the chosen variant for any of the 12 ideoligions/factions."
ThoughtDef,VME_Elders_Respected,Vanilla Ideology Expanded - Memes and Structures,elder,OCCASIONAL,"Vanilla Ideology Expanded - Memes and Structures is confirmed live for this campaign (design/canon evidence — see report), but this specific thought/stance is not individually verified as the chosen variant for any of the 12 ideoligions/factions."
ThoughtDef,VME_EnforcedCompliance,Vanilla Ideology Expanded - Memes and Structures,compliant | Someone was executed for the lack of compliance. I need to be positive. I NEED TO.,OCCASIONAL,"Vanilla Ideology Expanded - Memes and Structures is confirmed live for this campaign (design/canon evidence — see report), but this specific thought/stance is not individually verified as the chosen variant for any of the 12 ideoligions/factions."
ThoughtDef,VME_EntrancingInsectoidHymn,Vanilla Ideology Expanded - Memes and Structures,"entrancing insectoid hymn | I can still hear the mesmerizing words of the hymn, like a myriad insectile legs crawling all over our bodies.",OCCASIONAL,"Vanilla Ideology Expanded - Memes and Structures is confirmed live for this campaign (design/canon evidence — see report), but this specific thought/stance is not individually verified as the chosen variant for any of the 12 ideoligions/factions."
ThoughtDef,VME_ExhilaratingOrgy,Vanilla Ideology Expanded - Memes and Structures,exhilarating orgy | We all donned our high-society masquerade masks and got naked. A barrage of orgasmic sexual ecstasy unlike no other made our bodies tremble with barely conceale...,OCCASIONAL,"Vanilla Ideology Expanded - Memes and Structures is confirmed live for this campaign (design/canon evidence — see report), but this specific thought/stance is not individually verified as the chosen variant for any of the 12 ideoligions/factions."
ThoughtDef,VME_Fire_Desired,Vanilla Ideology Expanded - Memes and Structures,no fires nearby | It has been too long since I’ve seen a fire. | very few fires | I miss seeing the open flames. | small fire | I recently saw a small fire. | saw fire | I recently...,OCCASIONAL,"Vanilla Ideology Expanded - Memes and Structures is confirmed live for this campaign (design/canon evidence — see report), but this specific thought/stance is not individually verified as the chosen variant for any of the 12 ideoligions/factions."
ThoughtDef,VME_Fire_Despised,Vanilla Ideology Expanded - Memes and Structures,no fires nearby | There are no fires nearby. That's good. | very few fires | Looking at those fires makes me uneasy. | small fire | I recently saw a small fire. I'd rather see it e...,OCCASIONAL,"Vanilla Ideology Expanded - Memes and Structures is confirmed live for this campaign (design/canon evidence — see report), but this specific thought/stance is not individually verified as the chosen variant for any of the 12 ideoligions/factions."
ThoughtDef,VME_Firefighting_Abhorrent,Vanilla Ideology Expanded - Memes and Structures,"extinguished fire | I had to extinguish fire, I hated it.",OCCASIONAL,"Vanilla Ideology Expanded - Memes and Structures is confirmed live for this campaign (design/canon evidence — see report), but this specific thought/stance is not individually verified as the chosen variant for any of the 12 ideoligions/factions."
ThoughtDef,VME_Firefighting_Preferred,Vanilla Ideology Expanded - Memes and Structures,"extinguished fire | I extinguished a fire, I'm proud of myself.",OCCASIONAL,"Vanilla Ideology Expanded - Memes and Structures is confirmed live for this campaign (design/canon evidence — see report), but this specific thought/stance is not individually verified as the chosen variant for any of the 12 ideoligions/factions."
ThoughtDef,VME_FreethinkingSlaveEmancipation,Vanilla Ideology Expanded - Memes and Structures,"freethinking slave emancipation | Our leader's speech was clear and succint, explaining all the evils of slavery in a concise way.",OCCASIONAL,"Vanilla Ideology Expanded - Memes and Structures is confirmed live for this campaign (design/canon evidence — see report), but this specific thought/stance is not individually verified as the chosen variant for any of the 12 ideoligions/factions."
ThoughtDef,VME_GloriousBonfire,Vanilla Ideology Expanded - Memes and Structures,glorious bonfire | It was super fun and we really connected with each other with the shared experience.,OCCASIONAL,"Vanilla Ideology Expanded - Memes and Structures is confirmed live for this campaign (design/canon evidence — see report), but this specific thought/stance is not individually verified as the chosen variant for any of the 12 ideoligions/factions."
ThoughtDef,VME_GloriousWickerManBurning,Vanilla Ideology Expanded - Memes and Structures,"glorious wicker man burning | We will forever remember the thrashing of the prisoner, the frightened crescendo of screams as another soul was consumed by the holy flames.",OCCASIONAL,"Vanilla Ideology Expanded - Memes and Structures is confirmed live for this campaign (design/canon evidence — see report), but this specific thought/stance is not individually verified as the chosen variant for any of the 12 ideoligions/factions."
ThoughtDef,VME_GoodBonfire,Vanilla Ideology Expanded - Memes and Structures,"good bonfire | The flames rose and crackled majestically over the settlement, and it lifted all our spirits considerably.",OCCASIONAL,"Vanilla Ideology Expanded - Memes and Structures is confirmed live for this campaign (design/canon evidence — see report), but this specific thought/stance is not individually verified as the chosen variant for any of the 12 ideoligions/factions."
ThoughtDef,VME_GoodLeadershipChallenge,Vanilla Ideology Expanded - Memes and Structures,good leadership challenge | A good leadership challenge. The fighters went for blood and showed real heart. We now know that our leader is the strongest.,OCCASIONAL,"Vanilla Ideology Expanded - Memes and Structures is confirmed live for this campaign (design/canon evidence — see report), but this specific thought/stance is not individually verified as the chosen variant for any of the 12 ideoligions/factions."
ThoughtDef,VME_GoodWickerManBurning,Vanilla Ideology Expanded - Memes and Structures,"good wicker man burning | The anguished cries of the prisoner will resonate with us for a long time, another soul consumed by the flames.",OCCASIONAL,"Vanilla Ideology Expanded - Memes and Structures is confirmed live for this campaign (design/canon evidence — see report), but this specific thought/stance is not individually verified as the chosen variant for any of the 12 ideoligions/factions."
ThoughtDef,VME_GotSomeLovin,Vanilla Ideology Expanded - Memes and Structures,got some lovin' | There's nothing like a tumble between the sheets to lift the mood.,OCCASIONAL,"Vanilla Ideology Expanded - Memes and Structures is confirmed live for this campaign (design/canon evidence — see report), but this specific thought/stance is not individually verified as the chosen variant for any of the 12 ideoligions/factions."
ThoughtDef,VME_GrotesqueOrgy,Vanilla Ideology Expanded - Memes and Structures,"grotesque orgy | When you think of an orgy, you tend to imagine attractive people. This was... the entire opposite. The mental images will take a while to go away.",OCCASIONAL,"Vanilla Ideology Expanded - Memes and Structures is confirmed live for this campaign (design/canon evidence — see report), but this specific thought/stance is not individually verified as the chosen variant for any of the 12 ideoligions/factions."
ThoughtDef,VME_HasProsthetic_OnlyBiological,Vanilla Ideology Expanded - Memes and Structures,non-natural part | I have a non-natural body part in me. Flesh only should be replaced by flesh!,OCCASIONAL,"Vanilla Ideology Expanded - Memes and Structures is confirmed live for this campaign (design/canon evidence — see report), but this specific thought/stance is not individually verified as the chosen variant for any of the 12 ideoligions/factions."
ThoughtDef,VME_HasProsthetic_OnlyBiological_Social,Vanilla Ideology Expanded - Memes and Structures,non-natural part,OCCASIONAL,"Vanilla Ideology Expanded - Memes and Structures is confirmed live for this campaign (design/canon evidence — see report), but this specific thought/stance is not individually verified as the chosen variant for any of the 12 ideoligions/factions."
ThoughtDef,VME_HonorableCeremonialSuicide,Vanilla Ideology Expanded - Memes and Structures,honorable ceremonial suicide | A honorable ceremonial suicide. The shadow of defeat no longer clouds our minds.,OCCASIONAL,"Vanilla Ideology Expanded - Memes and Structures is confirmed live for this campaign (design/canon evidence — see report), but this specific thought/stance is not individually verified as the chosen variant for any of the 12 ideoligions/factions."
ThoughtDef,VME_Hospital_Required,Vanilla Ideology Expanded - Memes and Structures,"need hospital | We lack a place to help people and should have a dedicated hospital. | lame hospital | We have a hospital, but it needs to be ""decent"" at least! | dirty hospital | ...",OCCASIONAL,"Vanilla Ideology Expanded - Memes and Structures is confirmed live for this campaign (design/canon evidence — see report), but this specific thought/stance is not individually verified as the chosen variant for any of the 12 ideoligions/factions."
ThoughtDef,VME_IdeoRole_FireKeeper,Vanilla Ideology Expanded - Memes and Structures,keeper of sacred flame,OCCASIONAL,"Vanilla Ideology Expanded - Memes and Structures is confirmed live for this campaign (design/canon evidence — see report), but this specific thought/stance is not individually verified as the chosen variant for any of the 12 ideoligions/factions."
ThoughtDef,VME_Illness_Exalted,Vanilla Ideology Expanded - Memes and Structures,"sick | I've been blessed, bacteria shall breed in my veins. | wants to be sick | I hope I get sick again soon.",OCCASIONAL,"Vanilla Ideology Expanded - Memes and Structures is confirmed live for this campaign (design/canon evidence — see report), but this specific thought/stance is not individually verified as the chosen variant for any of the 12 ideoligions/factions."
ThoughtDef,VME_Illness_Preferred,Vanilla Ideology Expanded - Memes and Structures,sick | I am sick. A perfect excuse to take it easy.,OCCASIONAL,"Vanilla Ideology Expanded - Memes and Structures is confirmed live for this campaign (design/canon evidence — see report), but this specific thought/stance is not individually verified as the chosen variant for any of the 12 ideoligions/factions."
ThoughtDef,VME_Insectoids_Despised,Vanilla Ideology Expanded - Memes and Structures,insectoid slain | I killed an insectoid being. Good.,OCCASIONAL,"Vanilla Ideology Expanded - Memes and Structures is confirmed live for this campaign (design/canon evidence — see report), but this specific thought/stance is not individually verified as the chosen variant for any of the 12 ideoligions/factions."
ThoughtDef,VME_Insectoids_Exalted,Vanilla Ideology Expanded - Memes and Structures,"insectoid slain | I have killed an insectoid being, I feel bad.",OCCASIONAL,"Vanilla Ideology Expanded - Memes and Structures is confirmed live for this campaign (design/canon evidence — see report), but this specific thought/stance is not individually verified as the chosen variant for any of the 12 ideoligions/factions."
ThoughtDef,VME_InstalledProsthetic_Know_OnlyBiological,Vanilla Ideology Expanded - Memes and Structures,installed non-natural prosthetic,OCCASIONAL,"Vanilla Ideology Expanded - Memes and Structures is confirmed live for this campaign (design/canon evidence — see report), but this specific thought/stance is not individually verified as the chosen variant for any of the 12 ideoligions/factions."
ThoughtDef,VME_InstalledProsthetic_OnlyBiological,Vanilla Ideology Expanded - Memes and Structures,installed non-natural prosthetic | I had to install a non-natural prosthetic. Flesh only should be replaced by flesh.,OCCASIONAL,"Vanilla Ideology Expanded - Memes and Structures is confirmed live for this campaign (design/canon evidence — see report), but this specific thought/stance is not individually verified as the chosen variant for any of the 12 ideoligions/factions."
ThoughtDef,VME_Junk_Preferred,Vanilla Ideology Expanded - Memes and Structures,"no junk | I'd prefer if the colony had some examples of ancient junk. | few pieces of ancient junk (1 nearby) | This area is way too sparse, we could learn a lot from ancient techn...",OCCASIONAL,"Vanilla Ideology Expanded - Memes and Structures is confirmed live for this campaign (design/canon evidence — see report), but this specific thought/stance is not individually verified as the chosen variant for any of the 12 ideoligions/factions."
ThoughtDef,VME_KillingWithFire_Abhorrent,Vanilla Ideology Expanded - Memes and Structures,"enemies burnt | I watched a person get burnt to death, they didn't deserve that.",OCCASIONAL,"Vanilla Ideology Expanded - Memes and Structures is confirmed live for this campaign (design/canon evidence — see report), but this specific thought/stance is not individually verified as the chosen variant for any of the 12 ideoligions/factions."
ThoughtDef,VME_KillingWithFire_Preferred,Vanilla Ideology Expanded - Memes and Structures,enemies burnt | Our enemies be engulfed by flame.,OCCASIONAL,"Vanilla Ideology Expanded - Memes and Structures is confirmed live for this campaign (design/canon evidence — see report), but this specific thought/stance is not individually verified as the chosen variant for any of the 12 ideoligions/factions."
ThoughtDef,VME_LacklusterBonfire,Vanilla Ideology Expanded - Memes and Structures,"lackluster bonfire | We were expecting a wondrous conflagration, and instead we got an oversized campfire. At least it was kinda entertaining.",OCCASIONAL,"Vanilla Ideology Expanded - Memes and Structures is confirmed live for this campaign (design/canon evidence — see report), but this specific thought/stance is not individually verified as the chosen variant for any of the 12 ideoligions/factions."
ThoughtDef,VME_LacklusterWickerManBurning,Vanilla Ideology Expanded - Memes and Structures,"lackluster wicker man burning | The prisoner just burned to death too fast, and the fire didn't even lift our spirits much.",OCCASIONAL,"Vanilla Ideology Expanded - Memes and Structures is confirmed live for this campaign (design/canon evidence — see report), but this specific thought/stance is not individually verified as the chosen variant for any of the 12 ideoligions/factions."
ThoughtDef,VME_Leader_Godlike,Vanilla Ideology Expanded - Memes and Structures,supreme god emperor | god emperor | dubious divinity | false god,OCCASIONAL,"Vanilla Ideology Expanded - Memes and Structures is confirmed live for this campaign (design/canon evidence — see report), but this specific thought/stance is not individually verified as the chosen variant for any of the 12 ideoligions/factions."
ThoughtDef,VME_LeatherApparel_Abhorrent,Vanilla Ideology Expanded - Memes and Structures,wearing leather clothing | I'm wearing clothing made with animal leather. Slaughtering an animal to use its skin as apparel is cruel and inhumane.,OCCASIONAL,"Vanilla Ideology Expanded - Memes and Structures is confirmed live for this campaign (design/canon evidence — see report), but this specific thought/stance is not individually verified as the chosen variant for any of the 12 ideoligions/factions."
ThoughtDef,VME_LeatherApparel_Disliked,Vanilla Ideology Expanded - Memes and Structures,wearing leather clothing | I'm wearing clothing made with animal leather. Slaughtering an animal to use its skin should be avoided.,OCCASIONAL,"Vanilla Ideology Expanded - Memes and Structures is confirmed live for this campaign (design/canon evidence — see report), but this specific thought/stance is not individually verified as the chosen variant for any of the 12 ideoligions/factions."
ThoughtDef,VME_LiberatingSlaveEmancipation,Vanilla Ideology Expanded - Memes and Structures,"liberating slave emancipation | Our leader's speech was a masterclass in extolling the virtues of a free society, liberated for the shackles of slavery.",OCCASIONAL,"Vanilla Ideology Expanded - Memes and Structures is confirmed live for this campaign (design/canon evidence — see report), but this specific thought/stance is not individually verified as the chosen variant for any of the 12 ideoligions/factions."
ThoughtDef,VME_LoathsomeIncantation,Vanilla Ideology Expanded - Memes and Structures,"loathsome incantation | We live on a placid island of ignorance in the midst of black seas of infinity, and it was not meant that we should voyage far.",OCCASIONAL,"Vanilla Ideology Expanded - Memes and Structures is confirmed live for this campaign (design/canon evidence — see report), but this specific thought/stance is not individually verified as the chosen variant for any of the 12 ideoligions/factions."
ThoughtDef,VME_Mechanoids_Despised,Vanilla Ideology Expanded - Memes and Structures,mechanoid destroyed | I have destroyed a mechanoid. Good.,OCCASIONAL,"Vanilla Ideology Expanded - Memes and Structures is confirmed live for this campaign (design/canon evidence — see report), but this specific thought/stance is not individually verified as the chosen variant for any of the 12 ideoligions/factions."
ThoughtDef,VME_Mechanoids_Exalted,Vanilla Ideology Expanded - Memes and Structures,"mechanoid destroyed | I have destroyed a mechanoid being, this will anger the gods.",OCCASIONAL,"Vanilla Ideology Expanded - Memes and Structures is confirmed live for this campaign (design/canon evidence — see report), but this specific thought/stance is not individually verified as the chosen variant for any of the 12 ideoligions/factions."
ThoughtDef,VME_Mood_DictatedByStars,Vanilla Ideology Expanded - Memes and Structures,stars are aligned | The stars smile upon me. | stars are perfect | The stars tell a story of success. | stars are excellent | The stars tell me that my fate is comfortably in their...,OCCASIONAL,"Vanilla Ideology Expanded - Memes and Structures is confirmed live for this campaign (design/canon evidence — see report), but this specific thought/stance is not individually verified as the chosen variant for any of the 12 ideoligions/factions."
ThoughtDef,VME_Mood_HighExpectations,Vanilla Ideology Expanded - Memes and Structures,good mood | I'm just generally having a good mood. The Rim is an amazing place.,OCCASIONAL,"Vanilla Ideology Expanded - Memes and Structures is confirmed live for this campaign (design/canon evidence — see report), but this specific thought/stance is not individually verified as the chosen variant for any of the 12 ideoligions/factions."
ThoughtDef,VME_Mood_LowExpectations,Vanilla Ideology Expanded - Memes and Structures,bad mood | I'm just generally having a bad mood. The Rim is a hostile place.,OCCASIONAL,"Vanilla Ideology Expanded - Memes and Structures is confirmed live for this campaign (design/canon evidence — see report), but this specific thought/stance is not individually verified as the chosen variant for any of the 12 ideoligions/factions."
ThoughtDef,VME_Mood_Shared,Vanilla Ideology Expanded - Memes and Structures,"rejoice | Everyone is in good mood, as am I. | grieve | Everyone is in bad mood, as am I.",OCCASIONAL,"Vanilla Ideology Expanded - Memes and Structures is confirmed live for this campaign (design/canon evidence — see report), but this specific thought/stance is not individually verified as the chosen variant for any of the 12 ideoligions/factions."
ThoughtDef,VME_NeedAnonymity,Vanilla Ideology Expanded - Memes and Structures,"anonymity violated | They know everything, I’m an open book, entirely vulnerable and without a shred of nuance. | anonymity compromised | My identity has been deeply compromised, I...",OCCASIONAL,"Vanilla Ideology Expanded - Memes and Structures is confirmed live for this campaign (design/canon evidence — see report), but this specific thought/stance is not individually verified as the chosen variant for any of the 12 ideoligions/factions."
ThoughtDef,VME_NeedSweets,Vanilla Ideology Expanded - Memes and Structures,"craving dessert | I'm craving some sweet food badly... I feel so tired... this is ridiculous, I’d do just about anything for a single sprinkle. | desiring dessert | I haven't had a...",OCCASIONAL,"Vanilla Ideology Expanded - Memes and Structures is confirmed live for this campaign (design/canon evidence — see report), but this specific thought/stance is not individually verified as the chosen variant for any of the 12 ideoligions/factions."
ThoughtDef,VME_ParticipatedInRaid_Abhorrent,Vanilla Ideology Expanded - Memes and Structures,participated in raid | I participated in a raid. How could I do that? I'm ashamed.,OCCASIONAL,"Vanilla Ideology Expanded - Memes and Structures is confirmed live for this campaign (design/canon evidence — see report), but this specific thought/stance is not individually verified as the chosen variant for any of the 12 ideoligions/factions."
ThoughtDef,VME_ParticipatedInRaid_Honorable,Vanilla Ideology Expanded - Memes and Structures,"participated in raid | I participated in a raid. Through conquest, we bring honor to our colony.",OCCASIONAL,"Vanilla Ideology Expanded - Memes and Structures is confirmed live for this campaign (design/canon evidence — see report), but this specific thought/stance is not individually verified as the chosen variant for any of the 12 ideoligions/factions."
ThoughtDef,VME_PermanentBases_Desired,Vanilla Ideology Expanded - Memes and Structures,"magnificent city | Our city is magnificent, a fine example of what humanity can achieve. | lots of beautiful buildings | We have so many beautiful buildings! | many beautiful build...",OCCASIONAL,"Vanilla Ideology Expanded - Memes and Structures is confirmed live for this campaign (design/canon evidence — see report), but this specific thought/stance is not individually verified as the chosen variant for any of the 12 ideoligions/factions."
ThoughtDef,VME_PermanentBases_Despised,Vanilla Ideology Expanded - Memes and Structures,wanderlust (initial - stayed 15 days) | We have been here for too long. Perhaps it is time to leave. | wanderlust (initial - stayed 16 days) | We have been here for too long. Perha...,OCCASIONAL,"Vanilla Ideology Expanded - Memes and Structures is confirmed live for this campaign (design/canon evidence — see report), but this specific thought/stance is not individually verified as the chosen variant for any of the 12 ideoligions/factions."
ThoughtDef,VME_PoorlyOrganizedTradingFair,Vanilla Ideology Expanded - Memes and Structures,"poorly organized trading fair | With such a low quality effort, no additional caravans will be attracted to our settlement...",OCCASIONAL,"Vanilla Ideology Expanded - Memes and Structures is confirmed live for this campaign (design/canon evidence — see report), but this specific thought/stance is not individually verified as the chosen variant for any of the 12 ideoligions/factions."
ThoughtDef,VME_Power_Desired,Vanilla Ideology Expanded - Memes and Structures,in a position of power | I feel important and everyone looks up to me.,OCCASIONAL,"Vanilla Ideology Expanded - Memes and Structures is confirmed live for this campaign (design/canon evidence — see report), but this specific thought/stance is not individually verified as the chosen variant for any of the 12 ideoligions/factions."
ThoughtDef,VME_Power_Exalted,Vanilla Ideology Expanded - Memes and Structures,"divine rule | My rule is supreme, akin to a god.",OCCASIONAL,"Vanilla Ideology Expanded - Memes and Structures is confirmed live for this campaign (design/canon evidence — see report), but this specific thought/stance is not individually verified as the chosen variant for any of the 12 ideoligions/factions."
ThoughtDef,VME_Power_Preferred,Vanilla Ideology Expanded - Memes and Structures,i am important | I feel reasonably important.,OCCASIONAL,"Vanilla Ideology Expanded - Memes and Structures is confirmed live for this campaign (design/canon evidence — see report), but this specific thought/stance is not individually verified as the chosen variant for any of the 12 ideoligions/factions."
ThoughtDef,VME_Ranching_Disliked,Vanilla Ideology Expanded - Memes and Structures,"no pen markers around | We don't even have a pen. Good. | pen marker around | We have a pen marker in our colony. Animals shouldn't be kept captive, it's immoral. | pen markers aro...",OCCASIONAL,"Vanilla Ideology Expanded - Memes and Structures is confirmed live for this campaign (design/canon evidence — see report), but this specific thought/stance is not individually verified as the chosen variant for any of the 12 ideoligions/factions."
ThoughtDef,VME_Ranching_Disliked_AttackedAnimal,Vanilla Ideology Expanded - Memes and Structures,"attacked an animal | I had to attack an animal, I feel bad about it.",OCCASIONAL,"Vanilla Ideology Expanded - Memes and Structures is confirmed live for this campaign (design/canon evidence — see report), but this specific thought/stance is not individually verified as the chosen variant for any of the 12 ideoligions/factions."
ThoughtDef,VME_Ranching_Disliked_SowedPlant,Vanilla Ideology Expanded - Memes and Structures,"sowed human food plant | I sowed a human food plant, food free from cruelty and abuse.",OCCASIONAL,"Vanilla Ideology Expanded - Memes and Structures is confirmed live for this campaign (design/canon evidence — see report), but this specific thought/stance is not individually verified as the chosen variant for any of the 12 ideoligions/factions."
ThoughtDef,VME_RecentConquest_Abhorrent,Vanilla Ideology Expanded - Memes and Structures,recent conquest | We recently raided another faction. This is horrible and brings shame to our colony. | no recent conquest | It's been a long time since we raided anyone. This is ...,OCCASIONAL,"Vanilla Ideology Expanded - Memes and Structures is confirmed live for this campaign (design/canon evidence — see report), but this specific thought/stance is not individually verified as the chosen variant for any of the 12 ideoligions/factions."
ThoughtDef,VME_RecentConquest_Honorable,Vanilla Ideology Expanded - Memes and Structures,"recent conquest | We recently raided another faction. Through conquest, we bring honor to our colony. | no recent conquest | It's been far too long since we raided anyone, we shoul...",OCCASIONAL,"Vanilla Ideology Expanded - Memes and Structures is confirmed live for this campaign (design/canon evidence — see report), but this specific thought/stance is not individually verified as the chosen variant for any of the 12 ideoligions/factions."
ThoughtDef,VME_Recreation_Disapproved,Vanilla Ideology Expanded - Memes and Structures,waste of time | Recreation is a waste of time.,OCCASIONAL,"Vanilla Ideology Expanded - Memes and Structures is confirmed live for this campaign (design/canon evidence — see report), but this specific thought/stance is not individually verified as the chosen variant for any of the 12 ideoligions/factions."
ThoughtDef,VME_RousingInsectoidHymn,Vanilla Ideology Expanded - Memes and Structures,rousing insectoid hymn | The chanter showed impressing skill and the hymn appropriately extolled the virtues of our way of life.,OCCASIONAL,"Vanilla Ideology Expanded - Memes and Structures is confirmed live for this campaign (design/canon evidence — see report), but this specific thought/stance is not individually verified as the chosen variant for any of the 12 ideoligions/factions."
ThoughtDef,VME_Royalty_Disliked,Vanilla Ideology Expanded - Memes and Structures,royalty,OCCASIONAL,"Vanilla Ideology Expanded - Memes and Structures is confirmed live for this campaign (design/canon evidence — see report), but this specific thought/stance is not individually verified as the chosen variant for any of the 12 ideoligions/factions."
ThoughtDef,VME_Royalty_Exalted,Vanilla Ideology Expanded - Memes and Structures,royalty: yeoman | royalty: acolyte | royalty: knight | royalty: praetor | royalty: baron | royalty: count | royalty: archcount | royalty: marquess | royalty: duke | royalty: archdu...,OCCASIONAL,"Vanilla Ideology Expanded - Memes and Structures is confirmed live for this campaign (design/canon evidence — see report), but this specific thought/stance is not individually verified as the chosen variant for any of the 12 ideoligions/factions."
ThoughtDef,VME_Royalty_Hated,Vanilla Ideology Expanded - Memes and Structures,royalty: yeoman | royalty: acolyte | royalty: knight | royalty: praetor | royalty: baron | royalty: count | royalty: archcount | royalty: marquess | royalty: duke | royalty: archdu...,OCCASIONAL,"Vanilla Ideology Expanded - Memes and Structures is confirmed live for this campaign (design/canon evidence — see report), but this specific thought/stance is not individually verified as the chosen variant for any of the 12 ideoligions/factions."
ThoughtDef,VME_Royalty_Respected,Vanilla Ideology Expanded - Memes and Structures,royalty,OCCASIONAL,"Vanilla Ideology Expanded - Memes and Structures is confirmed live for this campaign (design/canon evidence — see report), but this specific thought/stance is not individually verified as the chosen variant for any of the 12 ideoligions/factions."
ThoughtDef,VME_SatisfyingPlagueFestival,Vanilla Ideology Expanded - Memes and Structures,"satisfying plague festival | That plague festival was satisfying and a holy miasma was liberated from the corpse, bathing us all in a sacred plague wind.",OCCASIONAL,"Vanilla Ideology Expanded - Memes and Structures is confirmed live for this campaign (design/canon evidence — see report), but this specific thought/stance is not individually verified as the chosen variant for any of the 12 ideoligions/factions."
ThoughtDef,VME_SatisfyingViolentConversion,Vanilla Ideology Expanded - Memes and Structures,satisfying violent conversion | That violent conversion was satisfying. The speech was stirring and enjoyable to listen to.,OCCASIONAL,"Vanilla Ideology Expanded - Memes and Structures is confirmed live for this campaign (design/canon evidence — see report), but this specific thought/stance is not individually verified as the chosen variant for any of the 12 ideoligions/factions."
ThoughtDef,VME_Scars_Disgusting,Vanilla Ideology Expanded - Memes and Structures,faintly scarred | scarred | heavily scarred | extremely scarred | innumerable battlefield scars,OCCASIONAL,"Vanilla Ideology Expanded - Memes and Structures is confirmed live for this campaign (design/canon evidence — see report), but this specific thought/stance is not individually verified as the chosen variant for any of the 12 ideoligions/factions."
ThoughtDef,VME_Scars_Honorable,Vanilla Ideology Expanded - Memes and Structures,faintly scarred | scarred | heavily scarred | extremely scarred | innumerable battlefield scars,OCCASIONAL,"Vanilla Ideology Expanded - Memes and Structures is confirmed live for this campaign (design/canon evidence — see report), but this specific thought/stance is not individually verified as the chosen variant for any of the 12 ideoligions/factions."
ThoughtDef,VME_SecondDefeat_Dishonorable,Vanilla Ideology Expanded - Memes and Structures,"defeated in combat twice | I was defeated in combat again, my dishonor is immeasurable.",OCCASIONAL,"Vanilla Ideology Expanded - Memes and Structures is confirmed live for this campaign (design/canon evidence — see report), but this specific thought/stance is not individually verified as the chosen variant for any of the 12 ideoligions/factions."
ThoughtDef,VME_SexyOrgy,Vanilla Ideology Expanded - Memes and Structures,sexy orgy | We gave ourselves to each other in a communal expression of our deepest passions.,OCCASIONAL,"Vanilla Ideology Expanded - Memes and Structures is confirmed live for this campaign (design/canon evidence — see report), but this specific thought/stance is not individually verified as the chosen variant for any of the 12 ideoligions/factions."
ThoughtDef,VME_Slavery_Forbidden_HasBeenASlave,Vanilla Ideology Expanded - Memes and Structures,suffered slavery,OCCASIONAL,"Vanilla Ideology Expanded - Memes and Structures is confirmed live for this campaign (design/canon evidence — see report), but this specific thought/stance is not individually verified as the chosen variant for any of the 12 ideoligions/factions."
ThoughtDef,VME_Slavery_Forbidden_SlavesInColony,Vanilla Ideology Expanded - Memes and Structures,unemancipated slaves in colony | There are slaves in the colony. We should emancipate them as soon as possible.,OCCASIONAL,"Vanilla Ideology Expanded - Memes and Structures is confirmed live for this campaign (design/canon evidence — see report), but this specific thought/stance is not individually verified as the chosen variant for any of the 12 ideoligions/factions."
ThoughtDef,VME_SoldSlave_Know_Forbidden,Vanilla Ideology Expanded - Memes and Structures,sold slave,OCCASIONAL,"Vanilla Ideology Expanded - Memes and Structures is confirmed live for this campaign (design/canon evidence — see report), but this specific thought/stance is not individually verified as the chosen variant for any of the 12 ideoligions/factions."
ThoughtDef,VME_SoldSlave_Know_Forbidden_Mood,Vanilla Ideology Expanded - Memes and Structures,we sold a slave | We took part in the horrible act of slave trading. What a disgrace.,OCCASIONAL,"Vanilla Ideology Expanded - Memes and Structures is confirmed live for this campaign (design/canon evidence — see report), but this specific thought/stance is not individually verified as the chosen variant for any of the 12 ideoligions/factions."
ThoughtDef,VME_SpectacularPlagueFestival,Vanilla Ideology Expanded - Memes and Structures,"spectacular plague festival | The blood! The release! That plague festival brought everyone to the edge of a frenzy and a sacred plague wind wafted from the animal's corpse, blessi...",OCCASIONAL,"Vanilla Ideology Expanded - Memes and Structures is confirmed live for this campaign (design/canon evidence — see report), but this specific thought/stance is not individually verified as the chosen variant for any of the 12 ideoligions/factions."
ThoughtDef,VME_SpectacularViolentConversion,Vanilla Ideology Expanded - Memes and Structures,spectacular violent conversion | That violent conversion was electrifying! Surely our beliefs will prevail over any others!,OCCASIONAL,"Vanilla Ideology Expanded - Memes and Structures is confirmed live for this campaign (design/canon evidence — see report), but this specific thought/stance is not individually verified as the chosen variant for any of the 12 ideoligions/factions."
ThoughtDef,VME_SquamousIncantation,Vanilla Ideology Expanded - Memes and Structures,"squamous incantation | An indescribably hideous gibbering! I'd even describe it as squamous, but I don't even know what that is! An unutterable word!",OCCASIONAL,"Vanilla Ideology Expanded - Memes and Structures is confirmed live for this campaign (design/canon evidence — see report), but this specific thought/stance is not individually verified as the chosen variant for any of the 12 ideoligions/factions."
ThoughtDef,VME_TaintedApparel_Abhorrent,Vanilla Ideology Expanded - Memes and Structures,wearing dead person's clothing | I'm wearing clothing used by a dead person. I can't imagine anything more disgusting.,OCCASIONAL,"Vanilla Ideology Expanded - Memes and Structures is confirmed live for this campaign (design/canon evidence — see report), but this specific thought/stance is not individually verified as the chosen variant for any of the 12 ideoligions/factions."
ThoughtDef,VME_TerribleBonfire,Vanilla Ideology Expanded - Memes and Structures,"terrible bonfire | Some pathetic little flames drifted around, and they went away too soon. ""Bon"" fire? More like ""Lame"" fire.",OCCASIONAL,"Vanilla Ideology Expanded - Memes and Structures is confirmed live for this campaign (design/canon evidence — see report), but this specific thought/stance is not individually verified as the chosen variant for any of the 12 ideoligions/factions."
ThoughtDef,VME_TerribleCeremonialSuicide,Vanilla Ideology Expanded - Memes and Structures,terrible ceremonial suicide | That ceremonial suicide was terrible. The blade was thrust laterally and there was blood and entrails everywhere. Disgusting!,OCCASIONAL,"Vanilla Ideology Expanded - Memes and Structures is confirmed live for this campaign (design/canon evidence — see report), but this specific thought/stance is not individually verified as the chosen variant for any of the 12 ideoligions/factions."
ThoughtDef,VME_TerribleLeadershipChallenge,Vanilla Ideology Expanded - Memes and Structures,"terrible leadership challenge | That leadership challenge was terrible. Watching it just made people sad. I guess we have a strong leader, at least...",OCCASIONAL,"Vanilla Ideology Expanded - Memes and Structures is confirmed live for this campaign (design/canon evidence — see report), but this specific thought/stance is not individually verified as the chosen variant for any of the 12 ideoligions/factions."
ThoughtDef,VME_TerriblePlagueFestival,Vanilla Ideology Expanded - Memes and Structures,"terrible plague festival | That plague festival was botched and the mood was way off. The corpse laid there, inert, and no holy miasma was liberated from it. What a waste of time!",OCCASIONAL,"Vanilla Ideology Expanded - Memes and Structures is confirmed live for this campaign (design/canon evidence — see report), but this specific thought/stance is not individually verified as the chosen variant for any of the 12 ideoligions/factions."
ThoughtDef,VME_TerribleWickerManBurning,Vanilla Ideology Expanded - Memes and Structures,"terrible wicker man burning | The whole ritual smelled like rotten bacon. And, inexplicably the prisoner kept shouting ""No! Not the bees!"". What was that all about?",OCCASIONAL,"Vanilla Ideology Expanded - Memes and Structures is confirmed live for this campaign (design/canon evidence — see report), but this specific thought/stance is not individually verified as the chosen variant for any of the 12 ideoligions/factions."
ThoughtDef,VME_Travel_Desired,Vanilla Ideology Expanded - Memes and Structures,traveled the world (less than 5 days ago) | There is nothing as exciting as seeing what the world has to offer. | traveled the world (less than 10 days ago) | Travelling is amazing...,OCCASIONAL,"Vanilla Ideology Expanded - Memes and Structures is confirmed live for this campaign (design/canon evidence — see report), but this specific thought/stance is not individually verified as the chosen variant for any of the 12 ideoligions/factions."
ThoughtDef,VME_Travel_Despised,Vanilla Ideology Expanded - Memes and Structures,"had to leave the colony (less than 5 days ago) | I despise travelling, leaving the colony is awful. | had to leave the colony (less than 10 days ago) | I despise travelling, last t...",OCCASIONAL,"Vanilla Ideology Expanded - Memes and Structures is confirmed live for this campaign (design/canon evidence — see report), but this specific thought/stance is not individually verified as the chosen variant for any of the 12 ideoligions/factions."
ThoughtDef,VME_UnexcitingTradingFair,Vanilla Ideology Expanded - Memes and Structures,"unexciting trading fair | Some exciting transactions took place, but the majority of it was boring business talk.",OCCASIONAL,"Vanilla Ideology Expanded - Memes and Structures is confirmed live for this campaign (design/canon evidence — see report), but this specific thought/stance is not individually verified as the chosen variant for any of the 12 ideoligions/factions."
ThoughtDef,VME_UnforgettableCeremonialSuicide,Vanilla Ideology Expanded - Memes and Structures,"unforgettable ceremonial suicide | That ceremonial suicide was unforgettable! Everyone will remember the courage, self-control, and strong resolve. The honor of our colony is now s...",OCCASIONAL,"Vanilla Ideology Expanded - Memes and Structures is confirmed live for this campaign (design/canon evidence — see report), but this specific thought/stance is not individually verified as the chosen variant for any of the 12 ideoligions/factions."
ThoughtDef,VME_UnforgettableLeadershipChallenge,Vanilla Ideology Expanded - Memes and Structures,"unforgettable leadership challenge | That leadership challenge was unforgettable! Both fighters gave all they had, and we know that our leader is now the strongest among us!",OCCASIONAL,"Vanilla Ideology Expanded - Memes and Structures is confirmed live for this campaign (design/canon evidence — see report), but this specific thought/stance is not individually verified as the chosen variant for any of the 12 ideoligions/factions."
ThoughtDef,VME_UninterestingInsectoidHymn,Vanilla Ideology Expanded - Memes and Structures,"uninteresting insectoid hymn | What an incredibly uninteresting ritual. Yeah, yeah, insects are cool. Bah.",OCCASIONAL,"Vanilla Ideology Expanded - Memes and Structures is confirmed live for this campaign (design/canon evidence — see report), but this specific thought/stance is not individually verified as the chosen variant for any of the 12 ideoligions/factions."
ThoughtDef,VME_UnshacklingSlaveEmancipation,Vanilla Ideology Expanded - Memes and Structures,"unshackling slave emancipation | Our leader's speech was very inspiring, detailing all the evils caused by slavery and the immense advantages of a free society.",OCCASIONAL,"Vanilla Ideology Expanded - Memes and Structures is confirmed live for this campaign (design/canon evidence — see report), but this specific thought/stance is not individually verified as the chosen variant for any of the 12 ideoligions/factions."
ThoughtDef,VME_Violence_Abhorrent,Vanilla Ideology Expanded - Memes and Structures,attacked person | I used deadly force on an adversary. I'm so ashamed.,OCCASIONAL,"Vanilla Ideology Expanded - Memes and Structures is confirmed live for this campaign (design/canon evidence — see report), but this specific thought/stance is not individually verified as the chosen variant for any of the 12 ideoligions/factions."
ThoughtDef,VME_Violence_Disapproved,Vanilla Ideology Expanded - Memes and Structures,attacked person | I used deadly force on an adversary.,OCCASIONAL,"Vanilla Ideology Expanded - Memes and Structures is confirmed live for this campaign (design/canon evidence — see report), but this specific thought/stance is not individually verified as the chosen variant for any of the 12 ideoligions/factions."
ThoughtDef,VME_Violence_Honorable,Vanilla Ideology Expanded - Memes and Structures,attacked person | I used deadly force on an adversary.,OCCASIONAL,"Vanilla Ideology Expanded - Memes and Structures is confirmed live for this campaign (design/canon evidence — see report), but this specific thought/stance is not individually verified as the chosen variant for any of the 12 ideoligions/factions."
ThoughtDef,VME_WellOrganizedTradingFair,Vanilla Ideology Expanded - Memes and Structures,well organized trading fair | There was a lot of back and forth and networking.,OCCASIONAL,"Vanilla Ideology Expanded - Memes and Structures is confirmed live for this campaign (design/canon evidence — see report), but this specific thought/stance is not individually verified as the chosen variant for any of the 12 ideoligions/factions."
ThoughtDef,VME_WondrousTradingFair,Vanilla Ideology Expanded - Memes and Structures,"wondrous trading fair | We discussed exciting and innovative economical paradigms, and our settlement will be renowned as a center of finance learning.",OCCASIONAL,"Vanilla Ideology Expanded - Memes and Structures is confirmed live for this campaign (design/canon evidence — see report), but this specific thought/stance is not individually verified as the chosen variant for any of the 12 ideoligions/factions."
ThoughtDef,VRESaurids_KilledEggChildThought,Vanilla Races Expanded - Saurid,"ate human egg | Killing one so young feels wrong, there's no situation where this feels right.",OCCASIONAL,"Vanilla Races Expanded - Saurid is confirmed live for this campaign (design/canon evidence — see report), but this specific thought/stance is not individually verified as the chosen variant for any of the 12 ideoligions/factions."
ThoughtDef,VRESaurids_KilledEggChild_Opinion,Vanilla Races Expanded - Saurid,ate human egg,OCCASIONAL,"Vanilla Races Expanded - Saurid is confirmed live for this campaign (design/canon evidence — see report), but this specific thought/stance is not individually verified as the chosen variant for any of the 12 ideoligions/factions."
ThoughtDef,VRESaurids_PheromoneThought,Vanilla Races Expanded - Saurid,comforting scent,OCCASIONAL,"Vanilla Races Expanded - Saurid is confirmed live for this campaign (design/canon evidence — see report), but this specific thought/stance is not individually verified as the chosen variant for any of the 12 ideoligions/factions."
ThoughtDef,VTE_AnimalsInColony,Vanilla Traits Expanded,"No animals in the colony | We don't have a single animal. | Hardly any animals in the colony | We have hardly any animals in the colony, this sucks. | Hardly any animals in the col...",OCCASIONAL,"Vanilla Traits Expanded is confirmed live for this campaign (design/canon evidence — see report), but this specific thought/stance is not individually verified as the chosen variant for any of the 12 ideoligions/factions."
ThoughtDef,VTE_BondedAnimalBanishedHater,Vanilla Traits Expanded,bonded animal {0} banished | My bonded animal was banished. Good.,OCCASIONAL,"Vanilla Traits Expanded is confirmed live for this campaign (design/canon evidence — see report), but this specific thought/stance is not individually verified as the chosen variant for any of the 12 ideoligions/factions."
ThoughtDef,VTE_BondedAnimalDiedHater,Vanilla Traits Expanded,"bonded animal {0} died | Such a gross, annoying animal. I'm glad it's gone.",OCCASIONAL,"Vanilla Traits Expanded is confirmed live for this campaign (design/canon evidence — see report), but this specific thought/stance is not individually verified as the chosen variant for any of the 12 ideoligions/factions."
ThoughtDef,VTE_BondedAnimalLostHater,Vanilla Traits Expanded,"bonded animal {0} lost | Such a gross, annoying animal. I'm glad it's gone.",OCCASIONAL,"Vanilla Traits Expanded is confirmed live for this campaign (design/canon evidence — see report), but this specific thought/stance is not individually verified as the chosen variant for any of the 12 ideoligions/factions."
ThoughtDef,VTE_BondedAnimalMasterHater,Vanilla Traits Expanded,{0}'s master | Being around that nasty thing makes me hate life itself. | master of {0} | Being around that nasty thing makes me hate life itself.,OCCASIONAL,"Vanilla Traits Expanded is confirmed live for this campaign (design/canon evidence — see report), but this specific thought/stance is not individually verified as the chosen variant for any of the 12 ideoligions/factions."
ThoughtDef,VTE_ChildOfMountain,Vanilla Traits Expanded,"Mountain lover | I really like being around the mountains, they take my breath away.",OCCASIONAL,"Vanilla Traits Expanded is confirmed live for this campaign (design/canon evidence — see report), but this specific thought/stance is not individually verified as the chosen variant for any of the 12 ideoligions/factions."
ThoughtDef,VTE_ChildOfSea,Vanilla Traits Expanded,"Ocean lover | I really like being around the ocean and rivers, water is beautiful.",OCCASIONAL,"Vanilla Traits Expanded is confirmed live for this campaign (design/canon evidence — see report), but this specific thought/stance is not individually verified as the chosen variant for any of the 12 ideoligions/factions."
ThoughtDef,VTE_CouldNotFinishItem,Vanilla Traits Expanded,"Сould not finish item | I couldn't finish my project, it just wasn't coming along correctly.",OCCASIONAL,"Vanilla Traits Expanded is confirmed live for this campaign (design/canon evidence — see report), but this specific thought/stance is not individually verified as the chosen variant for any of the 12 ideoligions/factions."
ThoughtDef,VTE_CreatedLowQualityItem,Vanilla Traits Expanded,Created low quality item | I crafted junk. I feel like I can't do anything right.,OCCASIONAL,"Vanilla Traits Expanded is confirmed live for this campaign (design/canon evidence — see report), but this specific thought/stance is not individually verified as the chosen variant for any of the 12 ideoligions/factions."
ThoughtDef,VTE_Dunce,Vanilla Traits Expanded,Dunce | I don't understand why everybody is so upset all the time.,OCCASIONAL,"Vanilla Traits Expanded is confirmed live for this campaign (design/canon evidence — see report), but this specific thought/stance is not individually verified as the chosen variant for any of the 12 ideoligions/factions."
ThoughtDef,VTE_EnvironmentDark,Vanilla Traits Expanded,darkness | I've been in the dark for a while. I like it.,OCCASIONAL,"Vanilla Traits Expanded is confirmed live for this campaign (design/canon evidence — see report), but this specific thought/stance is not individually verified as the chosen variant for any of the 12 ideoligions/factions."
ThoughtDef,VTE_HarvestedOrgans,Vanilla Traits Expanded,"Harvested organs | The operation went just as expected, my collection has grown.",OCCASIONAL,"Vanilla Traits Expanded is confirmed live for this campaign (design/canon evidence — see report), but this specific thought/stance is not individually verified as the chosen variant for any of the 12 ideoligions/factions."
ThoughtDef,VTE_HaventExitedColonyForLongTime,Vanilla Traits Expanded,"Has not left colony | I haven't left home in a while, I'd really like to travel for a change.",OCCASIONAL,"Vanilla Traits Expanded is confirmed live for this campaign (design/canon evidence — see report), but this specific thought/stance is not individually verified as the chosen variant for any of the 12 ideoligions/factions."
ThoughtDef,VTE_HaventHarvestedOrgansForLongTime,Vanilla Traits Expanded,"Hasn't harvested organs | I'm growing impatient, I need more subjects.",OCCASIONAL,"Vanilla Traits Expanded is confirmed live for this campaign (design/canon evidence — see report), but this specific thought/stance is not individually verified as the chosen variant for any of the 12 ideoligions/factions."
ThoughtDef,VTE_KilledColonyAnimalHater,Vanilla Traits Expanded,killed colony animal,OCCASIONAL,"Vanilla Traits Expanded is confirmed live for this campaign (design/canon evidence — see report), but this specific thought/stance is not individually verified as the chosen variant for any of the 12 ideoligions/factions."
ThoughtDef,VTE_KilledMyBondedAnimalHater,Vanilla Traits Expanded,killed my bonded animal,OCCASIONAL,"Vanilla Traits Expanded is confirmed live for this campaign (design/canon evidence — see report), but this specific thought/stance is not individually verified as the chosen variant for any of the 12 ideoligions/factions."
ThoughtDef,VTE_MechanoidIsKilled,Vanilla Traits Expanded,Mechanoid died | Those evil machines don't deserve to function.,OCCASIONAL,"Vanilla Traits Expanded is confirmed live for this campaign (design/canon evidence — see report), but this specific thought/stance is not individually verified as the chosen variant for any of the 12 ideoligions/factions."
ThoughtDef,VTE_MyRivalsAreAlive,Vanilla Traits Expanded,My rivals are alive | I hate them. Why should they deserve to live?,OCCASIONAL,"Vanilla Traits Expanded is confirmed live for this campaign (design/canon evidence — see report), but this specific thought/stance is not individually verified as the chosen variant for any of the 12 ideoligions/factions."
ThoughtDef,VTE_NoDedicatedLaboratory,Vanilla Traits Expanded,No dedicated laboratory | I have nowhere to study in peace. How annoying.,OCCASIONAL,"Vanilla Traits Expanded is confirmed live for this campaign (design/canon evidence — see report), but this specific thought/stance is not individually verified as the chosen variant for any of the 12 ideoligions/factions."
ThoughtDef,VTE_NotBondedAnimalMasterHater,Vanilla Traits Expanded,"not {0}'s master | That thing may like me, but I certainly don't like it back--I'm glad somebody else took it. | not master of {0} | That thing may like me, but I certainly don't l...",OCCASIONAL,"Vanilla Traits Expanded is confirmed live for this campaign (design/canon evidence — see report), but this specific thought/stance is not individually verified as the chosen variant for any of the 12 ideoligions/factions."
ThoughtDef,VTE_NuzzledHater,Vanilla Traits Expanded,nuzzled | A disgusting animal nuzzled me.,OCCASIONAL,"Vanilla Traits Expanded is confirmed live for this campaign (design/canon evidence — see report), but this specific thought/stance is not individually verified as the chosen variant for any of the 12 ideoligions/factions."
ThoughtDef,VTE_ObservedManyBlood,Vanilla Traits Expanded,"observed much blood | I saw so much blood and bits, just remembering it makes me gag.",OCCASIONAL,"Vanilla Traits Expanded is confirmed live for this campaign (design/canon evidence — see report), but this specific thought/stance is not individually verified as the chosen variant for any of the 12 ideoligions/factions."
ThoughtDef,VTE_PassionateCleaningWork,Vanilla Traits Expanded,Passionately cleaning | I really enjoy organizing and cleaning up the place.,OCCASIONAL,"Vanilla Traits Expanded is confirmed live for this campaign (design/canon evidence — see report), but this specific thought/stance is not individually verified as the chosen variant for any of the 12 ideoligions/factions."
ThoughtDef,VTE_SoakingWetChildOfTheSea,Vanilla Traits Expanded,soaking wet | I'm soaking wet. Love it.,OCCASIONAL,"Vanilla Traits Expanded is confirmed live for this campaign (design/canon evidence — see report), but this specific thought/stance is not individually verified as the chosen variant for any of the 12 ideoligions/factions."
ThoughtDef,VTE_SoldMyBondedAnimalHater,Vanilla Traits Expanded,"bonded animal given away. | My nasty bonded animal was given away, about time.",OCCASIONAL,"Vanilla Traits Expanded is confirmed live for this campaign (design/canon evidence — see report), but this specific thought/stance is not individually verified as the chosen variant for any of the 12 ideoligions/factions."
ThoughtDef,VTE_SoldMyBondedAnimalMoodHater,Vanilla Traits Expanded,"bonded animal given away | My nasty bonded animal was given away, about time.",OCCASIONAL,"Vanilla Traits Expanded is confirmed live for this campaign (design/canon evidence — see report), but this specific thought/stance is not individually verified as the chosen variant for any of the 12 ideoligions/factions."
ThoughtDef,VTE_WatchedTelevisor,Vanilla Traits Expanded,Watched television recently | I got to laze around and catch up on my shows.,OCCASIONAL,"Vanilla Traits Expanded is confirmed live for this campaign (design/canon evidence — see report), but this specific thought/stance is not individually verified as the chosen variant for any of the 12 ideoligions/factions."
ThoughtDef,VVE_Driving_Approved,Vanilla Vehicles Expanded,drove a land vehicle | I was in a land vehicle. I loved it.,OCCASIONAL,"Vanilla Vehicles Expanded is confirmed live for this campaign (design/canon evidence — see report), but this specific thought/stance is not individually verified as the chosen variant for any of the 12 ideoligions/factions."
ThoughtDef,VVE_Driving_Horrible,Vanilla Vehicles Expanded,drove a land vehicle | I was in a land vehicle. It was horrible.,OCCASIONAL,"Vanilla Vehicles Expanded is confirmed live for this campaign (design/canon evidence — see report), but this specific thought/stance is not individually verified as the chosen variant for any of the 12 ideoligions/factions."
ThoughtDef,VVE_Driving_Required,Vanilla Vehicles Expanded,"roadrage (more than 1 day) | It has been a lil while since I've been at the wheel of a land vehicle. | roadrage (more than 5 days) | I need to drive, I'm getting very antsy. | road...",OCCASIONAL,"Vanilla Vehicles Expanded is confirmed live for this campaign (design/canon evidence — see report), but this specific thought/stance is not individually verified as the chosen variant for any of the 12 ideoligions/factions."
ThoughtDef,VVE_Flying_Approved,Vanilla Vehicles Expanded,boarded an air vehicle | I was in an air vehicle. I loved it.,OCCASIONAL,"Vanilla Vehicles Expanded is confirmed live for this campaign (design/canon evidence — see report), but this specific thought/stance is not individually verified as the chosen variant for any of the 12 ideoligions/factions."
ThoughtDef,VVE_Flying_Horrible,Vanilla Vehicles Expanded,boarded an air vehicle | I was in a flying vehicle. It was horrible.,OCCASIONAL,"Vanilla Vehicles Expanded is confirmed live for this campaign (design/canon evidence — see report), but this specific thought/stance is not individually verified as the chosen variant for any of the 12 ideoligions/factions."
ThoughtDef,VVE_Flying_Required,Vanilla Vehicles Expanded,"aerophilia (more than 1 day) | It has been a lil while since I've soared the skies. | aerophilia (more than 5 days) | I need to fly, I'm getting very antsy. | aerophilia (more than...",OCCASIONAL,"Vanilla Vehicles Expanded is confirmed live for this campaign (design/canon evidence — see report), but this specific thought/stance is not individually verified as the chosen variant for any of the 12 ideoligions/factions."
ThoughtDef,VVE_NeedRoomSize_Horrible,Vanilla Vehicles Expanded,confined interior | This space is so tiny. I feel like a rat in a cage. | cramped interior | This room is too small. I wish I had more space to move around and breathe. | spacious ...,OCCASIONAL,"Vanilla Vehicles Expanded is confirmed live for this campaign (design/canon evidence — see report), but this specific thought/stance is not individually verified as the chosen variant for any of the 12 ideoligions/factions."
ThoughtDef,VVE_Sailing_Approved,Vanilla Vehicles Expanded,sailed in a sea vessel | I was in a sea vessel. I loved it.,OCCASIONAL,"Vanilla Vehicles Expanded is confirmed live for this campaign (design/canon evidence — see report), but this specific thought/stance is not individually verified as the chosen variant for any of the 12 ideoligions/factions."
ThoughtDef,VVE_Sailing_Horrible,Vanilla Vehicles Expanded,sailed in a sea vessel | I was in a sailing vehicle. It was horrible,OCCASIONAL,"Vanilla Vehicles Expanded is confirmed live for this campaign (design/canon evidence — see report), but this specific thought/stance is not individually verified as the chosen variant for any of the 12 ideoligions/factions."
ThoughtDef,VVE_Sailing_Required,Vanilla Vehicles Expanded,"sirens' call (more than 1 day) | It has been a lil while since I've ridden the waves. | sirens' call (more than 5 days) | I need to sail, I'm getting very antsy. | sirens' call (mo...",OCCASIONAL,"Vanilla Vehicles Expanded is confirmed live for this campaign (design/canon evidence — see report), but this specific thought/stance is not individually verified as the chosen variant for any of the 12 ideoligions/factions."
ThoughtDef,FailedDateAttemptOnMe,Way Better Romance,had to turn down for a date,OCCASIONAL,"Way Better Romance is confirmed live for this campaign (design/canon evidence — see report), but this specific thought/stance is not individually verified as the chosen variant for any of the 12 ideoligions/factions."
ThoughtDef,FailedHangoutAttemptOnMe,Way Better Romance,"{0} wanted to hang out, how awkward",OCCASIONAL,"Way Better Romance is confirmed live for this campaign (design/canon evidence — see report), but this specific thought/stance is not individually verified as the chosen variant for any of the 12 ideoligions/factions."
ThoughtDef,FailedHookupAttemptOnMe,Way Better Romance,had to turn them down,OCCASIONAL,"Way Better Romance is confirmed live for this campaign (design/canon evidence — see report), but this specific thought/stance is not individually verified as the chosen variant for any of the 12 ideoligions/factions."
ThoughtDef,GotSomeLovinAsexual,Way Better Romance,got some lovin' | Had sex while asexual.,OCCASIONAL,"Way Better Romance is confirmed live for this campaign (design/canon evidence — see report), but this specific thought/stance is not individually verified as the chosen variant for any of the 12 ideoligions/factions."
ThoughtDef,LovinAsexualNegative,Way Better Romance,got some lovin' | I did not enjoy it.,OCCASIONAL,"Way Better Romance is confirmed live for this campaign (design/canon evidence — see report), but this specific thought/stance is not individually verified as the chosen variant for any of the 12 ideoligions/factions."
ThoughtDef,LovinAsexualPositive,Way Better Romance,got some lovin' | It was alright I guess.,OCCASIONAL,"Way Better Romance is confirmed live for this campaign (design/canon evidence — see report), but this specific thought/stance is not individually verified as the chosen variant for any of the 12 ideoligions/factions."
ThoughtDef,PassionateLovinAsexualNegative,Way Better Romance,"got some passionate lovin' | It was more intense than usual, which was terrible.",OCCASIONAL,"Way Better Romance is confirmed live for this campaign (design/canon evidence — see report), but this specific thought/stance is not individually verified as the chosen variant for any of the 12 ideoligions/factions."
ThoughtDef,PassionateLovinAsexualPositive,Way Better Romance,"got some passionate lovin' | It was more intense than usual, which was nice.",OCCASIONAL,"Way Better Romance is confirmed live for this campaign (design/canon evidence — see report), but this specific thought/stance is not individually verified as the chosen variant for any of the 12 ideoligions/factions."
ThoughtDef,RebuffedMyDateAttempt,Way Better Romance,turned down my date,OCCASIONAL,"Way Better Romance is confirmed live for this campaign (design/canon evidence — see report), but this specific thought/stance is not individually verified as the chosen variant for any of the 12 ideoligions/factions."
ThoughtDef,RebuffedMyDateAttemptMood,Way Better Romance,"{0} didn't want to have a date with me | What, can't even give me a chance??",OCCASIONAL,"Way Better Romance is confirmed live for this campaign (design/canon evidence — see report), but this specific thought/stance is not individually verified as the chosen variant for any of the 12 ideoligions/factions."
ThoughtDef,RebuffedMyHangoutAttempt,Way Better Romance,didn't want to hang out with me,OCCASIONAL,"Way Better Romance is confirmed live for this campaign (design/canon evidence — see report), but this specific thought/stance is not individually verified as the chosen variant for any of the 12 ideoligions/factions."
ThoughtDef,RebuffedMyHangoutAttemptMood,Way Better Romance,{0} didn't want to hang out with me | I just wanted some quality time,OCCASIONAL,"Way Better Romance is confirmed live for this campaign (design/canon evidence — see report), but this specific thought/stance is not individually verified as the chosen variant for any of the 12 ideoligions/factions."
ThoughtDef,RebuffedMyHookupAttempt,Way Better Romance,turned me down,OCCASIONAL,"Way Better Romance is confirmed live for this campaign (design/canon evidence — see report), but this specific thought/stance is not individually verified as the chosen variant for any of the 12 ideoligions/factions."
ThoughtDef,RebuffedMyHookupAttemptMood,Way Better Romance,"turned down by {0} | What, am I not pretty enough for a tumble??",OCCASIONAL,"Way Better Romance is confirmed live for this campaign (design/canon evidence — see report), but this specific thought/stance is not individually verified as the chosen variant for any of the 12 ideoligions/factions."
XenotypeDef,Baseliner,Biotech,baseliner — A naturally-evolved human with no major significant genetic modifications.,COMMON,"Biotech default ""no genes"" xenotype — the fallback for any human pawn without a forced species/gene set; always reachable."
XenotypeDef,Jawa_Xeno_Gamorrean,Jawa Patches (local),"Gamorrean — A species of tall, strong bipeds from the Outer Rim world of Gamorr. Gamorreans have porcine traits: an upturned, large-nostriled cartilaginous snout, heavy jowls, droo...",COMMON,Part of the campaign's shipped 71-species Star Wars roster (canon.yml species.ours_on_disk=71; RimMandrake - Star Wars Races 70 + Jawa_Xeno_Gamorrean 1) — the actual playable/spawnable species set.
XenotypeDef,MandrakeJawa,RimMandrake - Star Wars Races,"Jawa — The clan aboard the Kolyska. Small, hooded, ink-black of skin and huge of eye, bred narrow by a desert that never turns from the sun. They see in the dark, they carry the sc...",COMMON,Part of the campaign's shipped 71-species Star Wars roster (canon.yml species.ours_on_disk=71; RimMandrake - Star Wars Races 70 + Jawa_Xeno_Gamorrean 1) — the actual playable/spawnable species set.
XenotypeDef,RimMandrakeAbednedo,RimMandrake - Star Wars Races,"Abednedo — Abednedos are a sentient species native to the planet Abednedo in the Colonies region of the Galaxy. Abednedo are humanoid and mammalian, and their face featured danglin...",COMMON,Part of the campaign's shipped 71-species Star Wars roster (canon.yml species.ours_on_disk=71; RimMandrake - Star Wars Races 70 + Jawa_Xeno_Gamorrean 1) — the actual playable/spawnable species set.
XenotypeDef,RimMandrakeAnzati,RimMandrake - Star Wars Races,Anzati — Anzati were a long-lived humanoid species that hailed from the Mid Rim Territories planet of Anzat. They were feared and hated as they fed on the life force of other senti...,COMMON,Part of the campaign's shipped 71-species Star Wars roster (canon.yml species.ours_on_disk=71; RimMandrake - Star Wars Races 70 + Jawa_Xeno_Gamorrean 1) — the actual playable/spawnable species set.
XenotypeDef,RimMandrakeAqualish,RimMandrake - Star Wars Races,"Aqualish — Aqualish are a species of sentient humanoids from the planet Ando, they are easily identified by their round black eyes and fur. Some members of the species can have fou...",COMMON,Part of the campaign's shipped 71-species Star Wars roster (canon.yml species.ours_on_disk=71; RimMandrake - Star Wars Races 70 + Jawa_Xeno_Gamorrean 1) — the actual playable/spawnable species set.
XenotypeDef,RimMandrakeArkanian,RimMandrake - Star Wars Races,"Arkanian — Arkanians are a near-human species native to the planet Arkania, characterized by the skin tone ranging from tan to pale, typically with white hair and eyes. They are ex...",COMMON,Part of the campaign's shipped 71-species Star Wars roster (canon.yml species.ours_on_disk=71; RimMandrake - Star Wars Races 70 + Jawa_Xeno_Gamorrean 1) — the actual playable/spawnable species set.
XenotypeDef,RimMandrakeBith,RimMandrake - Star Wars Races,"Bith — The Bith are a peaceful and intelligent sentient species native to the planet Bith. They have large hairless, domed heads, glassy black eyes and lack eyelids. Bith are often...",COMMON,Part of the campaign's shipped 71-species Star Wars roster (canon.yml species.ours_on_disk=71; RimMandrake - Star Wars Races 70 + Jawa_Xeno_Gamorrean 1) — the actual playable/spawnable species set.
XenotypeDef,RimMandrakeBothan,RimMandrake - Star Wars Races,"Bothan — Bothans are a species of furry mammalian anthropoids from the planet Bothawui, they have a mixture of features resembling a mix of canine, feline and equine. They are infa...",COMMON,Part of the campaign's shipped 71-species Star Wars roster (canon.yml species.ours_on_disk=71; RimMandrake - Star Wars Races 70 + Jawa_Xeno_Gamorrean 1) — the actual playable/spawnable species set.
XenotypeDef,RimMandrakeCathar,RimMandrake - Star Wars Races,"Cathar — The Cathar are a species of feline, bipedal humanoids native to Cathar, a planet of savannas and rough uplands. They are known for their loyalty, passion, and temper. Quic...",COMMON,Part of the campaign's shipped 71-species Star Wars roster (canon.yml species.ours_on_disk=71; RimMandrake - Star Wars Races 70 + Jawa_Xeno_Gamorrean 1) — the actual playable/spawnable species set.
XenotypeDef,RimMandrakeCerean,RimMandrake - Star Wars Races,Cerean — Cereans are a species of sentient mammals hailing from the planet Cerea. They are distinguished by their enlarged conical cranium that contains a binary brain.,COMMON,Part of the campaign's shipped 71-species Star Wars roster (canon.yml species.ours_on_disk=71; RimMandrake - Star Wars Races 70 + Jawa_Xeno_Gamorrean 1) — the actual playable/spawnable species set.
XenotypeDef,RimMandrakeChadraFan,RimMandrake - Star Wars Races,"Chadra-Fan — The Chadra-Fan was a sentient species of meter-tall, rodent-like humanoids from the Outer Rim world of Chad. They had large ears, and flat noses with four nostrils.",COMMON,Part of the campaign's shipped 71-species Star Wars roster (canon.yml species.ours_on_disk=71; RimMandrake - Star Wars Races 70 + Jawa_Xeno_Gamorrean 1) — the actual playable/spawnable species set.
XenotypeDef,RimMandrakeChagrian,RimMandrake - Star Wars Races,Chagrian — Chagrians are a sentian amphibious species of humanoids from the planet Champala. They are most notable for their blueish skin and thick sensory tentacles that grow eith...,COMMON,Part of the campaign's shipped 71-species Star Wars roster (canon.yml species.ours_on_disk=71; RimMandrake - Star Wars Races 70 + Jawa_Xeno_Gamorrean 1) — the actual playable/spawnable species set.
XenotypeDef,RimMandrakeChiss,RimMandrake - Star Wars Races,"Chiss — A blue-skinned, red-eyed, near human sentient species native to the planet Csilla in the Unknown Regions. They left the galactic core millenia ago and changed during that t...",COMMON,Part of the campaign's shipped 71-species Star Wars roster (canon.yml species.ours_on_disk=71; RimMandrake - Star Wars Races 70 + Jawa_Xeno_Gamorrean 1) — the actual playable/spawnable species set.
XenotypeDef,RimMandrakeDathomirian,RimMandrake - Star Wars Races,"Dathomirian — Dathomirians are a subspecies of Zabrak from the planet Dathomir, they show a considerable sexual dimorphism with males having horns and colorful skin while females h...",COMMON,Part of the campaign's shipped 71-species Star Wars roster (canon.yml species.ours_on_disk=71; RimMandrake - Star Wars Races 70 + Jawa_Xeno_Gamorrean 1) — the actual playable/spawnable species set.
XenotypeDef,RimMandrakeDefel,RimMandrake - Star Wars Races,Defel — .,COMMON,Part of the campaign's shipped 71-species Star Wars roster (canon.yml species.ours_on_disk=71; RimMandrake - Star Wars Races 70 + Jawa_Xeno_Gamorrean 1) — the actual playable/spawnable species set.
XenotypeDef,RimMandrakeDevaronian,RimMandrake - Star Wars Races,"Devaronian — Devaronians are a sentient species from the planet Devaron. They exhibit great sexual dimorphisim, with the males being bald and having long horns, while the females h...",COMMON,Part of the campaign's shipped 71-species Star Wars roster (canon.yml species.ours_on_disk=71; RimMandrake - Star Wars Races 70 + Jawa_Xeno_Gamorrean 1) — the actual playable/spawnable species set.
XenotypeDef,RimMandrakeDuros,RimMandrake - Star Wars Races,"Duros — Duros are a humanoid species common in the galaxy native to the planet Duro. They have smooth blue skin, red eyes and lipless mouths, lacking a nose entirely. They are rela...",COMMON,Part of the campaign's shipped 71-species Star Wars roster (canon.yml species.ours_on_disk=71; RimMandrake - Star Wars Races 70 + Jawa_Xeno_Gamorrean 1) — the actual playable/spawnable species set.
XenotypeDef,RimMandrakeEchani,RimMandrake - Star Wars Races,"Echani — The Echani had similar anatomy to that of humans, but were physically distinct due to their light skin, white hair and silver eyes. It was believed that the Echani were a ...",COMMON,Part of the campaign's shipped 71-species Star Wars roster (canon.yml species.ours_on_disk=71; RimMandrake - Star Wars Races 70 + Jawa_Xeno_Gamorrean 1) — the actual playable/spawnable species set.
XenotypeDef,RimMandrakeEwok,RimMandrake - Star Wars Races,"Ewok — Ewoks are a small primitive species of furry bipeds from the forest moon of Endor, rarely found elsewhere. Despite their diminutive size, they are highly aggressive and capa...",COMMON,Part of the campaign's shipped 71-species Star Wars roster (canon.yml species.ours_on_disk=71; RimMandrake - Star Wars Races 70 + Jawa_Xeno_Gamorrean 1) — the actual playable/spawnable species set.
XenotypeDef,RimMandrakeFalleen,RimMandrake - Star Wars Races,"Falleen — The Falleen were a repto-mammalian sentient species who had a distinctive alien appearance. They were distinguished by their mottled greenskin, ridged skulls, and their l...",COMMON,Part of the campaign's shipped 71-species Star Wars roster (canon.yml species.ours_on_disk=71; RimMandrake - Star Wars Races 70 + Jawa_Xeno_Gamorrean 1) — the actual playable/spawnable species set.
XenotypeDef,RimMandrakeFeeorin,RimMandrake - Star Wars Races,Feeorin — The average Feeorin had thick tendrils hanging from the backs of their heads and much smaller and thinner ones hanging from their face.They could live up to 400 years and...,COMMON,Part of the campaign's shipped 71-species Star Wars roster (canon.yml species.ours_on_disk=71; RimMandrake - Star Wars Races 70 + Jawa_Xeno_Gamorrean 1) — the actual playable/spawnable species set.
XenotypeDef,RimMandrakeGamorrean,RimMandrake - Star Wars Races,"Gamorrean — A species of tall, strong bipeds, the Gamorreans had porcine traits,like an upturned, large-nostriled cartilaginous snout, jowls, and upturned tusks. Their hulking bodi...",COMMON,Part of the campaign's shipped 71-species Star Wars roster (canon.yml species.ours_on_disk=71; RimMandrake - Star Wars Races 70 + Jawa_Xeno_Gamorrean 1) — the actual playable/spawnable species set.
XenotypeDef,RimMandrakeGand,RimMandrake - Star Wars Races,Gand — .,COMMON,Part of the campaign's shipped 71-species Star Wars roster (canon.yml species.ours_on_disk=71; RimMandrake - Star Wars Races 70 + Jawa_Xeno_Gamorrean 1) — the actual playable/spawnable species set.
XenotypeDef,RimMandrakeGeonosianVariants,RimMandrake - Star Wars Races,"Geonosian — A winged semi-insectoid species native to Geonosis, they live in large spire like colonies. Known for their capability for large scale construction.",COMMON,Part of the campaign's shipped 71-species Star Wars roster (canon.yml species.ours_on_disk=71; RimMandrake - Star Wars Races 70 + Jawa_Xeno_Gamorrean 1) — the actual playable/spawnable species set.
XenotypeDef,RimMandrakeGungan,RimMandrake - Star Wars Races,"gungan — Gungans are an amphibious species native to the planet Naboo, they can live in both water and land, often making their home in underwater cities. Gungans are capable warri...",COMMON,Part of the campaign's shipped 71-species Star Wars roster (canon.yml species.ours_on_disk=71; RimMandrake - Star Wars Races 70 + Jawa_Xeno_Gamorrean 1) — the actual playable/spawnable species set.
XenotypeDef,RimMandrakeHerglic,RimMandrake - Star Wars Races,"Herglic — Herglics are a hulking species with black skin, a wide mouth and oily eyes. They are a rare sight in the galaxy and can hit like a wrecking ball. Their thick skin allows ...",COMMON,Part of the campaign's shipped 71-species Star Wars roster (canon.yml species.ours_on_disk=71; RimMandrake - Star Wars Races 70 + Jawa_Xeno_Gamorrean 1) — the actual playable/spawnable species set.
XenotypeDef,RimMandrakeHutt,RimMandrake - Star Wars Races,Hutt — e,COMMON,Part of the campaign's shipped 71-species Star Wars roster (canon.yml species.ours_on_disk=71; RimMandrake - Star Wars Races 70 + Jawa_Xeno_Gamorrean 1) — the actual playable/spawnable species set.
XenotypeDef,RimMandrakeIktotchi,RimMandrake - Star Wars Races,"Iktotchi — Iktotchi are a species of near-humans distinguished by two large, curved horns protruding downwards from their heads, with reddish skin tones. Their skin is dense and ha...",COMMON,Part of the campaign's shipped 71-species Star Wars roster (canon.yml species.ours_on_disk=71; RimMandrake - Star Wars Races 70 + Jawa_Xeno_Gamorrean 1) — the actual playable/spawnable species set.
XenotypeDef,RimMandrakeIridonian,RimMandrake - Star Wars Races,"Iridonian — Iridonians are a subspecies of Zabrak from the planet Iridonia, besides having a crown of horns they are largely indistinguishable from humans.",COMMON,Part of the campaign's shipped 71-species Star Wars roster (canon.yml species.ours_on_disk=71; RimMandrake - Star Wars Races 70 + Jawa_Xeno_Gamorrean 1) — the actual playable/spawnable species set.
XenotypeDef,RimMandrakeIthorian,RimMandrake - Star Wars Races,"Ithorian — Ithorians are a sentient species from the planet Ithor, having two mouths either side of their long necks giving them a deep, rumbling voice. Most Ithorians have a peace...",COMMON,Part of the campaign's shipped 71-species Star Wars roster (canon.yml species.ours_on_disk=71; RimMandrake - Star Wars Races 70 + Jawa_Xeno_Gamorrean 1) — the actual playable/spawnable species set.
XenotypeDef,RimMandrakeJawa,RimMandrake - Star Wars Races,"Jawa — Jawas are a species from the plant Tatooine, they are short furry humanoids with glowing orange eyes. Jawas are known for often migrating off-world to other similar climate ...",COMMON,Part of the campaign's shipped 71-species Star Wars roster (canon.yml species.ours_on_disk=71; RimMandrake - Star Wars Races 70 + Jawa_Xeno_Gamorrean 1) — the actual playable/spawnable species set.
XenotypeDef,RimMandrakeKaleesh,RimMandrake - Star Wars Races,"Kaleesh — Kaleesh are a reptillian species from the planet Kelee, typically known to be formidable warriors, frequently found wearing masks crafted from the skulls of beasts from t...",COMMON,Part of the campaign's shipped 71-species Star Wars roster (canon.yml species.ours_on_disk=71; RimMandrake - Star Wars Races 70 + Jawa_Xeno_Gamorrean 1) — the actual playable/spawnable species set.
XenotypeDef,RimMandrakeKaminoan,RimMandrake - Star Wars Races,"kaminoan — Kaminoans are a tall, thin, amphibian species from the aquatic planet Kamino. They specilise in cloning and genetic engineering, to a level few other civilizations have ...",COMMON,Part of the campaign's shipped 71-species Star Wars roster (canon.yml species.ours_on_disk=71; RimMandrake - Star Wars Races 70 + Jawa_Xeno_Gamorrean 1) — the actual playable/spawnable species set.
XenotypeDef,RimMandrakeKelDor,RimMandrake - Star Wars Races,Kel Dor — .,COMMON,Part of the campaign's shipped 71-species Star Wars roster (canon.yml species.ours_on_disk=71; RimMandrake - Star Wars Races 70 + Jawa_Xeno_Gamorrean 1) — the actual playable/spawnable species set.
XenotypeDef,RimMandrakeKlatoonian,RimMandrake - Star Wars Races,"Klatoonian — Klatooinians possessed a strong build, which made them useful laborers. Klatooinians' skin color ranged from green to brown, and they had green blood. Their natural ha...",COMMON,Part of the campaign's shipped 71-species Star Wars roster (canon.yml species.ours_on_disk=71; RimMandrake - Star Wars Races 70 + Jawa_Xeno_Gamorrean 1) — the actual playable/spawnable species set.
XenotypeDef,RimMandrakeKubaz,RimMandrake - Star Wars Races,Kubaz — e,COMMON,Part of the campaign's shipped 71-species Star Wars roster (canon.yml species.ours_on_disk=71; RimMandrake - Star Wars Races 70 + Jawa_Xeno_Gamorrean 1) — the actual playable/spawnable species set.
XenotypeDef,RimMandrakeLasat,RimMandrake - Star Wars Races,Lasat — e,COMMON,Part of the campaign's shipped 71-species Star Wars roster (canon.yml species.ours_on_disk=71; RimMandrake - Star Wars Races 70 + Jawa_Xeno_Gamorrean 1) — the actual playable/spawnable species set.
XenotypeDef,RimMandrakeMimbanese,RimMandrake - Star Wars Races,Mimbanese — e,COMMON,Part of the campaign's shipped 71-species Star Wars roster (canon.yml species.ours_on_disk=71; RimMandrake - Star Wars Races 70 + Jawa_Xeno_Gamorrean 1) — the actual playable/spawnable species set.
XenotypeDef,RimMandrakeMirialan,RimMandrake - Star Wars Races,"mirialan — Mirialans are a near-human species from the planet Mirial. They typically have green or purple skin tones, with geometric markings symbolizing personal achievements. Mir...",COMMON,Part of the campaign's shipped 71-species Star Wars roster (canon.yml species.ours_on_disk=71; RimMandrake - Star Wars Races 70 + Jawa_Xeno_Gamorrean 1) — the actual playable/spawnable species set.
XenotypeDef,RimMandrakeMonCalamari,RimMandrake - Star Wars Races,"Mon Calamari — Mon Calamari are a humanoid aquatic species from the planet Mon Cala, which they share with the Quarren species. They are easily recognised by their large high-domes...",COMMON,Part of the campaign's shipped 71-species Star Wars roster (canon.yml species.ours_on_disk=71; RimMandrake - Star Wars Races 70 + Jawa_Xeno_Gamorrean 1) — the actual playable/spawnable species set.
XenotypeDef,RimMandrakeMuun,RimMandrake - Star Wars Races,Muun — Tall thin humanoids known for running the InterGalactic Ganking Clan.,COMMON,Part of the campaign's shipped 71-species Star Wars roster (canon.yml species.ours_on_disk=71; RimMandrake - Star Wars Races 70 + Jawa_Xeno_Gamorrean 1) — the actual playable/spawnable species set.
XenotypeDef,RimMandrakeNagai,RimMandrake - Star Wars Races,"Nagai — Tall and agile, the Nagai originate from a dwarf galaxy in Wild Space. They are an aggressive, honor-bound people.",COMMON,Part of the campaign's shipped 71-species Star Wars roster (canon.yml species.ours_on_disk=71; RimMandrake - Star Wars Races 70 + Jawa_Xeno_Gamorrean 1) — the actual playable/spawnable species set.
XenotypeDef,RimMandrakeNautolan,RimMandrake - Star Wars Races,"Nautolan — Nautolans were amphibious, capable of breathing both air and water. They were known to be capable of surviving in extreme environments. Their skin could be green, blue, ...",COMMON,Part of the campaign's shipped 71-species Star Wars roster (canon.yml species.ours_on_disk=71; RimMandrake - Star Wars Races 70 + Jawa_Xeno_Gamorrean 1) — the actual playable/spawnable species set.
XenotypeDef,RimMandrakeNeimoidian,RimMandrake - Star Wars Races,"Neimoidian — Neimoidians are a humanoid species from the planet Neimoidia, known for their expansive wealth among their colonies. They have smooth noseless faces with mottled green...",COMMON,Part of the campaign's shipped 71-species Star Wars roster (canon.yml species.ours_on_disk=71; RimMandrake - Star Wars Races 70 + Jawa_Xeno_Gamorrean 1) — the actual playable/spawnable species set.
XenotypeDef,RimMandrakeNelvaanian,RimMandrake - Star Wars Races,"Nelvaanian — Nelvaanians are a blue furred race of lupine humanoids distinguishable by their long snouts, sharp, canine-like teeth, and pointed ears. Their fingers possess sharpene...",COMMON,Part of the campaign's shipped 71-species Star Wars roster (canon.yml species.ours_on_disk=71; RimMandrake - Star Wars Races 70 + Jawa_Xeno_Gamorrean 1) — the actual playable/spawnable species set.
XenotypeDef,RimMandrakeNikto,RimMandrake - Star Wars Races,"Nikto — Nikto are a humanoid species from the planet Kintan, they are distinguished by their scaly coarse skin, horns and spikes. Many Nikto them are employed as enforcers through ...",COMMON,Part of the campaign's shipped 71-species Star Wars roster (canon.yml species.ours_on_disk=71; RimMandrake - Star Wars Races 70 + Jawa_Xeno_Gamorrean 1) — the actual playable/spawnable species set.
XenotypeDef,RimMandrakeOrtolan,RimMandrake - Star Wars Races,"Ortolan — A sentient elephantine species of squad, blue-skinned bipeds with large, floppy ears.",COMMON,Part of the campaign's shipped 71-species Star Wars roster (canon.yml species.ours_on_disk=71; RimMandrake - Star Wars Races 70 + Jawa_Xeno_Gamorrean 1) — the actual playable/spawnable species set.
XenotypeDef,RimMandrakePantoran,RimMandrake - Star Wars Races,"Pantoran — Pantorans are a blue skinned near-human species from the moon Pantora, they commonly have golden facial markings distinguishing them from other races. Aside from their a...",COMMON,Part of the campaign's shipped 71-species Star Wars roster (canon.yml species.ours_on_disk=71; RimMandrake - Star Wars Races 70 + Jawa_Xeno_Gamorrean 1) — the actual playable/spawnable species set.
XenotypeDef,RimMandrakePyke,RimMandrake - Star Wars Races,"Pyke — Pykes are a species of humanoids from the planet Oba Diah, they're distinguished by their unsettlingly large heads and undersized faces. A criminal organisation in the galax...",COMMON,Part of the campaign's shipped 71-species Star Wars roster (canon.yml species.ours_on_disk=71; RimMandrake - Star Wars Races 70 + Jawa_Xeno_Gamorrean 1) — the actual playable/spawnable species set.
XenotypeDef,RimMandrakeQuarren,RimMandrake - Star Wars Races,"Quarren — Quarren are a humanoid aquatic species from the planet Mon Cala, which they share with the Mon Calamari species. They are easily distinguished by their squid-like appeara...",COMMON,Part of the campaign's shipped 71-species Star Wars roster (canon.yml species.ours_on_disk=71; RimMandrake - Star Wars Races 70 + Jawa_Xeno_Gamorrean 1) — the actual playable/spawnable species set.
XenotypeDef,RimMandrakeRakata,RimMandrake - Star Wars Races,"Rakata — Rakatans are an amphibious humanoid species from the planet Lehon. According to ancient legend, they were the first to develop hyperspace travel, and used the dark side of...",COMMON,Part of the campaign's shipped 71-species Star Wars roster (canon.yml species.ours_on_disk=71; RimMandrake - Star Wars Races 70 + Jawa_Xeno_Gamorrean 1) — the actual playable/spawnable species set.
XenotypeDef,RimMandrakeRodian,RimMandrake - Star Wars Races,"Rodian — Rodians are a reptillian species from the planet Rodia, their large eyes capable of seeing in the infrared spectrum combined with using their antennae to detect vibrations...",COMMON,Part of the campaign's shipped 71-species Star Wars roster (canon.yml species.ours_on_disk=71; RimMandrake - Star Wars Races 70 + Jawa_Xeno_Gamorrean 1) — the actual playable/spawnable species set.
XenotypeDef,RimMandrakeSelkath,RimMandrake - Star Wars Races,"Selkath — Selkath are a species of aquatic humanoids from the planet Manaan, they're most comfortable underwater and prefer to be immersed in liquid but those away from their homew...",COMMON,Part of the campaign's shipped 71-species Star Wars roster (canon.yml species.ours_on_disk=71; RimMandrake - Star Wars Races 70 + Jawa_Xeno_Gamorrean 1) — the actual playable/spawnable species set.
XenotypeDef,RimMandrakeSithKissaiPureblood,RimMandrake - Star Wars Races,Sith Kissai (Pureblood) — Kissai are a subspecies of the Sith race most notably known for their aptitude in the dark side of the force and function as a caste of dark priests and s...,COMMON,Part of the campaign's shipped 71-species Star Wars roster (canon.yml species.ours_on_disk=71; RimMandrake - Star Wars Races 70 + Jawa_Xeno_Gamorrean 1) — the actual playable/spawnable species set.
XenotypeDef,RimMandrakeSithMassassi,RimMandrake - Star Wars Races,"Sith Massassi (Pureblood) — Massassi are a subspecies of the Sith race, a similar appearance of distinctive red ridged skin, with facial tendrils. However the similarities stop the...",COMMON,Part of the campaign's shipped 71-species Star Wars roster (canon.yml species.ours_on_disk=71; RimMandrake - Star Wars Races 70 + Jawa_Xeno_Gamorrean 1) — the actual playable/spawnable species set.
XenotypeDef,RimMandrakeSithZ,RimMandrake - Star Wars Races,Sith Zugurak (Pureblood) — Zugurak were the caste of engineers within the Sith species known for constructing burial mounds and starships.,COMMON,Part of the campaign's shipped 71-species Star Wars roster (canon.yml species.ours_on_disk=71; RimMandrake - Star Wars Races 70 + Jawa_Xeno_Gamorrean 1) — the actual playable/spawnable species set.
XenotypeDef,RimMandrakeSnivvian,RimMandrake - Star Wars Races,"Snivvian — Snivvians were mammalian humanoids distinguishable by their large nostrils and their protruding lower jaws, with two small tusks. Their hair color varied between brown a...",COMMON,Part of the campaign's shipped 71-species Star Wars roster (canon.yml species.ours_on_disk=71; RimMandrake - Star Wars Races 70 + Jawa_Xeno_Gamorrean 1) — the actual playable/spawnable species set.
XenotypeDef,RimMandrakeSullustan,RimMandrake - Star Wars Races,"Sullustan — Sullustans are a species of humanoids from the planet Sullust, experts in manufacturing, scientific and technological development. The majority of the species lives in ...",COMMON,Part of the campaign's shipped 71-species Star Wars roster (canon.yml species.ours_on_disk=71; RimMandrake - Star Wars Races 70 + Jawa_Xeno_Gamorrean 1) — the actual playable/spawnable species set.
XenotypeDef,RimMandrakeTaung,RimMandrake - Star Wars Races,Taung — .,COMMON,Part of the campaign's shipped 71-species Star Wars roster (canon.yml species.ours_on_disk=71; RimMandrake - Star Wars Races 70 + Jawa_Xeno_Gamorrean 1) — the actual playable/spawnable species set.
XenotypeDef,RimMandrakeTogorian,RimMandrake - Star Wars Races,"Togorian — Togirian were a sentient species of large, feline beings with digitgrade feet.",COMMON,Part of the campaign's shipped 71-species Star Wars roster (canon.yml species.ours_on_disk=71; RimMandrake - Star Wars Races 70 + Jawa_Xeno_Gamorrean 1) — the actual playable/spawnable species set.
XenotypeDef,RimMandrakeTogruta,RimMandrake - Star Wars Races,"Togruta — Togruta are a humanoid species from the planet Shili, they have colorful skin tones with white markings and large horns with fleshy tails coming down from them known as m...",COMMON,Part of the campaign's shipped 71-species Star Wars roster (canon.yml species.ours_on_disk=71; RimMandrake - Star Wars Races 70 + Jawa_Xeno_Gamorrean 1) — the actual playable/spawnable species set.
XenotypeDef,RimMandrakeTrandoshan,RimMandrake - Star Wars Races,"Trandoshan — Trandoshans are a species of reptillian humanoids from the planet Trandosha, widely known as great hunters. They are famously capable of regenerating entire limbs and ...",COMMON,Part of the campaign's shipped 71-species Star Wars roster (canon.yml species.ours_on_disk=71; RimMandrake - Star Wars Races 70 + Jawa_Xeno_Gamorrean 1) — the actual playable/spawnable species set.
XenotypeDef,RimMandrakeTusken,RimMandrake - Star Wars Races,"Tusken — Tusken Raiders are humanoids from the planet Tatooine, nomadic and isolationist in nature they travel in tribes. They are often found attacking local settlers, seeing anyo...",COMMON,Part of the campaign's shipped 71-species Star Wars roster (canon.yml species.ours_on_disk=71; RimMandrake - Star Wars Races 70 + Jawa_Xeno_Gamorrean 1) — the actual playable/spawnable species set.
XenotypeDef,RimMandrakeTwilek,RimMandrake - Star Wars Races,"Twi'lek — Twi'leks are a near-human species from the planet Ryloth, often found throughout the galaxy as slaves, they are considered one of the most common species in the galaxy. T...",COMMON,Part of the campaign's shipped 71-species Star Wars roster (canon.yml species.ours_on_disk=71; RimMandrake - Star Wars Races 70 + Jawa_Xeno_Gamorrean 1) — the actual playable/spawnable species set.
XenotypeDef,RimMandrakeUgnaught,RimMandrake - Star Wars Races,Ugnaught — .,COMMON,Part of the campaign's shipped 71-species Star Wars roster (canon.yml species.ours_on_disk=71; RimMandrake - Star Wars Races 70 + Jawa_Xeno_Gamorrean 1) — the actual playable/spawnable species set.
XenotypeDef,RimMandrakeUmbaran,RimMandrake - Star Wars Races,"Umbaran — Umbarans are a near-human species from the planet Umbara, distinguished by their pale skin and colorless eyes. They have an innate ability to manipulate others with their...",COMMON,Part of the campaign's shipped 71-species Star Wars roster (canon.yml species.ours_on_disk=71; RimMandrake - Star Wars Races 70 + Jawa_Xeno_Gamorrean 1) — the actual playable/spawnable species set.
XenotypeDef,RimMandrakeWeequay,RimMandrake - Star Wars Races,"Weequay — Weequay possessed tough, leathery skin resistant to desert environments and blaster fire. Some Weequay grew horns on their lower jaw, while others had bumpy extensions of...",COMMON,Part of the campaign's shipped 71-species Star Wars roster (canon.yml species.ours_on_disk=71; RimMandrake - Star Wars Races 70 + Jawa_Xeno_Gamorrean 1) — the actual playable/spawnable species set.
XenotypeDef,RimMandrakeWookiee,RimMandrake - Star Wars Races,"Wookiee — Wookiees are a species of tall, hairy humanoids from the planet Kashyyyk, they're known for being strong capable warriors and proficient artists. While their homeworld ha...",COMMON,Part of the campaign's shipped 71-species Star Wars roster (canon.yml species.ours_on_disk=71; RimMandrake - Star Wars Races 70 + Jawa_Xeno_Gamorrean 1) — the actual playable/spawnable species set.
XenotypeDef,RimMandrakeYoderForceGremlin,RimMandrake - Star Wars Races,"Yoder — An extremely rare and unnamed sentient species, nicknamed 'force gremlins' by at least one group of humans. This species is capable of living for a very long time, but have...",COMMON,Part of the campaign's shipped 71-species Star Wars roster (canon.yml species.ours_on_disk=71; RimMandrake - Star Wars Races 70 + Jawa_Xeno_Gamorrean 1) — the actual playable/spawnable species set.
XenotypeDef,RimMandrakeZeltron,RimMandrake - Star Wars Races,"Zeltron — Zeltrons are a humanoid species easily distinguished by their red skin tones and black/purple hair, otherwise looking like humans. Zeltrons experience the feelings of tho...",COMMON,Part of the campaign's shipped 71-species Star Wars roster (canon.yml species.ours_on_disk=71; RimMandrake - Star Wars Races 70 + Jawa_Xeno_Gamorrean 1) — the actual playable/spawnable species set.
XenotypeDef,RimMandrakeZygerrian,RimMandrake - Star Wars Races,"Zygerrian — The Zygerrians were a bipedal sentient humanoid species. Feline in appearance, the species possessed strong, angular features and large, pointed ears. Other distinctive...",COMMON,Part of the campaign's shipped 71-species Star Wars roster (canon.yml species.ours_on_disk=71; RimMandrake - Star Wars Races 70 + Jawa_Xeno_Gamorrean 1) — the actual playable/spawnable species set.
XenotypeDef,Dirtmole,Biotech,"dirtmole — With gray skin adapted to artificial light, they thrive in cramped and dark spaces where combat and travel happen over short distances. They are extremely capable at dig...",OCCASIONAL,Biotech default xenotype; not part of the 71-species Star Wars roster (canon.yml species.ours_on_disk) but remains a possible random-pawn-generation fallback where no faction-specific species is forced.
XenotypeDef,Genie,Biotech,"genie — Designed to be engineers, genies' delicate bones and natural aptitude with machines allow them to manipulate devices with remarkable precision. They are emotionally cold an...",OCCASIONAL,Biotech default xenotype; not part of the 71-species Star Wars roster (canon.yml species.ours_on_disk) but remains a possible random-pawn-generation fallback where no faction-specific species is forced.
XenotypeDef,Highmate,Biotech,"highmate — Designed companions and concubines with a unique ability to psychically bond with a mate, highmates are empathic, beautiful, cheerful, and talented in social matters. Th...",OCCASIONAL,Biotech default xenotype; not part of the 71-species Star Wars roster (canon.yml species.ours_on_disk) but remains a possible random-pawn-generation fallback where no faction-specific species is forced.
XenotypeDef,Hussar,Biotech,"hussar — Hussars are engineered soldiers. They fight aggressively and with precision, heal fast, thrive in extreme temperatures, and freely ingest military drugs. They have a genet...",OCCASIONAL,Biotech default xenotype; not part of the 71-species Star Wars roster (canon.yml species.ours_on_disk) but remains a possible random-pawn-generation fallback where no faction-specific species is forced.
XenotypeDef,Impid,Biotech,"impid — Made for desert life, impid cultures live on many rimworlds and dry deathworlds. Impids are extremely fast-moving, easily tolerate high temperatures, and can spew fire from...",OCCASIONAL,Biotech default xenotype; not part of the 71-species Star Wars roster (canon.yml species.ours_on_disk) but remains a possible random-pawn-generation fallback where no faction-specific species is forced.
XenotypeDef,Neanderthal,Biotech,"neanderthal — Neanderthals are stocky, powerfully-built humanoids. Their most salient characteristic is that they are difficult to hurt: They are very resistant to injury, and thei...",OCCASIONAL,Biotech default xenotype; not part of the 71-species Star Wars roster (canon.yml species.ours_on_disk) but remains a possible random-pawn-generation fallback where no faction-specific species is forced.
XenotypeDef,Pigskin,Biotech,"pigskin — Pigskins are human-pig hybrids which are capable of two-legged movement, tool use, and speech, but which also retain many pig-like qualities. They are hardy and can eat a...",OCCASIONAL,Biotech default xenotype; not part of the 71-species Star Wars roster (canon.yml species.ours_on_disk) but remains a possible random-pawn-generation fallback where no faction-specific species is forced.
XenotypeDef,Sanguophage,Biotech,"sanguophage — Sanguophages are a type of archotech-enhanced xenohuman. Powered by archites, their abilities go far beyond normal genetic enhancements. They are mentally adept and p...",OCCASIONAL,"Biotech DLC main-story xenotype; rare and quest/event-gated (Sanguophage bloodline), not a faction default."
XenotypeDef,Waster,Biotech,"waster — Wasters are aggressive, immune to toxic pollution, almost impervious to disease, and can ingest as much psychite and wake-up drugs as they wish with no ill effects. Their ...",OCCASIONAL,Biotech default xenotype; not part of the 71-species Star Wars roster (canon.yml species.ours_on_disk) but remains a possible random-pawn-generation fallback where no faction-specific species is forced.
XenotypeDef,Yttakin,Biotech,yttakin — Yttakin descend from colonists engineered to thrive on ultra-cold planets. Their great size and fur make them hardy in frozen environments. Yttakin share a psychic connec...,OCCASIONAL,Biotech default xenotype; not part of the 71-species Star Wars roster (canon.yml species.ours_on_disk) but remains a possible random-pawn-generation fallback where no faction-specific species is forced.
XenotypeDef,Starjack,Odyssey,"starjack — Engineered for life among the stars, starjack are built to withstand the unforgiving conditions of deep space living. Their reflective pressure-adaptive skin provides in...",OCCASIONAL,"Odyssey DLC xenotype (space nomads); Odyssey/gravship is live this campaign, but Starjack is not one of the 12 factions' species."
XenotypeDef,guy762_debugxenotype_droid,Star Wars KotOR Resources and Materials,droid — An artificially-constructed sapient being. This Xenotype primarily exists for behind-the-scenes dev purposes.,OCCASIONAL,"Star Wars KotOR Resources droid xenotype — droid pawns are a live, major design pillar (Free Droid Enclaves, Junker warcaskets) but this specific debug/utility xenotype is a narrow case."
XenotypeDef,VRESaurids_Saurid,Vanilla Races Expanded - Saurid,"saurid — Genetically spliced with synthesized reptile genetic material for improved compatibility with arid environments, saurids are cold-blooded isolationists with harsh voices a...",OCCASIONAL,"Confirmed live: VRESaurids_TownGuard_Saurid is an actual consumer pawnkind present in the frozen WORLDMAP_V1_original.rws save (pawn_flavor_design.md CUT PASS notes) — this species is reachable, just not part of the primary 71-species roster."
