verdict	defName	modName	label	size	minPx	graphicClass	deconstructible	fraction	yield	chance	costList	killedLeavings	designationCategory	texOnDisk	texPath
EXCLUDED	AB_AncientBloodRainVent	Alpha Biomes	ancient blood rain vent	7x7	154	Graphic_Single	False	0.5						True	Things/Building/AncientVents/AB_AncientBloodRainVent
EXCLUDED	AB_AncientDeathPallVent	Alpha Biomes	ancient death pall vent	7x7	154	Graphic_Single	False	0.5						True	Things/Building/AncientVents/AB_AncientDeathPallVent
EXCLUDED	AB_AncientFreezingVent	Alpha Biomes	ancient freezing vent	7x7	154	Graphic_Single	False	0.5						True	Things/Building/AncientVents/AB_AncientFreezingVent
EXCLUDED	AB_AncientGreyPallVent	Alpha Biomes	ancient gray pall vent	7x7	154	Graphic_Single	False	0.5						True	Things/Building/AncientVents/AB_AncientGreyPallVent
EXCLUDED	AB_SmoothedAncientMetals	Alpha Biomes	smoothed ancient metal	1x1	22	Graphic_Single	False	0.5						False	Things/Building/Linked/RockSmooth_Atlas
EXCLUDED	GU_AncientMetals	Alpha Biomes	ancient metal	1x1	22	Graphic_Single	False	0.5						True	Things/Building/Linked/AB_SlimeAtlas
EXCLUDED	AM_DownwardStairs	Ancient urban ruins	Ancient construction site staircase	2x3	44	Graphic_Multi	False	0.5						True	Things/Building/DownwardStairs
EXCLUDED	AM_Entrance_Bunker	Ancient urban ruins	Ancient staircase	2x3	44	Graphic_Multi	False	0.5						True	Things/Building/DownwardStairs
EXCLUDED	AM_Entrance_CommercialStreet	Ancient urban ruins	Ancient escalator	4x4	88	Graphic_Multi	False	0.5						True	Things/Building/DownwardEscalator
EXCLUDED	AM_Entrance_Mall_A	Ancient urban ruins	Ancient escalator	2x4	44	Graphic_Multi	False	0.5						True	Things/Building/AscendingEscalatorA
EXCLUDED	AM_Entrance_Mall_B	Ancient urban ruins	Ancient escalator	2x4	44	Graphic_Multi	False	0.5						True	Things/Building/AscendingEscalatorA
EXCLUDED	AM_Entrance_ReserveBunker	Ancient urban ruins	Ancient staircase	2x3	44	Graphic_Multi	False	0.5						True	Things/Building/DownwardStairs
EXCLUDED	AM_Entrance_Shelter	Ancient urban ruins	Ancient staircase	2x3	44	Graphic_Multi	False	0.5						True	Things/Building/DownwardStairs
EXCLUDED	AM_Entrance_Subway	Ancient urban ruins	Ancient escalator	4x4	88	Graphic_Multi	False	0.5						True	Things/Building/DownwardEscalator
EXCLUDED	AM_Exit_DoubleElevator	Ancient urban ruins	Ancient escalator	4x4	88	Graphic_Multi	False	0.5						True	Things/Building/AscendingEscalator
EXCLUDED	AM_Exit_Elevator	Ancient urban ruins	Ancient escalator	2x4	44	Graphic_Multi	False	0.5						True	Things/Building/DownwardEscalatorA
EXCLUDED	AM_Exit_L	Ancient urban ruins	Ancient escalator	4x4	88	Graphic_Multi	False	0.5						True	Things/Building/AscendingEscalator
EXCLUDED	AM_Exit_S	Ancient urban ruins	Ancient escalator	2x4	44	Graphic_Multi	False	0.5						True	Things/Building/AscendingEscalatorA
EXCLUDED	AM_Exit_Staircase	Ancient urban ruins	Ancient staircase	2x3	44	Graphic_Multi	False	0.5						True	Things/Building/AscendingStairs
EXCLUDED	AM_Trader	Ancient urban ruins	ancient logistics terminal	4x4	88	Graphic_Single	False	0.5						True	Things/Building/AncientLogisticsTerminal
EXCLUDED	ScrapCubeSculpture	Anomaly	scrap cube sculpture	1x1	22	Graphic_Random	False	0.5						False	Things/Building/CubeSculptures/CubeSculpture_Scrap
EXCLUDED	AncientCryptosleepPod	Core	ancient cryptosleep pod	1x2	22	Graphic_Multi	False	0.5				ChunkSlagSteel x1, Steel x25, Uranium x3		True	Things/Building/Ruins/AncientCryptosleepPod
EXCLUDED	AncientMechGestatorTank	Core	ancient mech vat	2x2	44	Graphic_Multi	False	0.5				ChunkMechanoidSlag x1		False	Things/Building/Mech/AncientMechGestatorIntact_Empty/AncientMechGestatorIntact_Empty
EXCLUDED	CollapsedRocks	Core	collapsed rocks	1x1	22	Graphic_Single	False	0.5						False	Things/Building/Natural/RG_CollapsedRocks
EXCLUDED	CQF_CryptosleepCasket	Custom Quest Framework	Ancient cryptosleep casket	1x2	22	Graphic_Multi	False	0.5	Steel x90.0, Uranium x2.5		Steel x180, Uranium x5	ChunkSlagSteel x1, Steel x25, Uranium x3		True	Things/Building/Ship/ShipCryptosleepCasket
EXCLUDED	QE_Cabinet	Custom Quest Framework	Ancient cabinet	2x1	22	Graphic_Multi	False	0.5						True	Things/Building/LootBox/Cabinet/Cabinet
EXCLUDED	QE_DamagedSign	Custom Quest Framework	Damaged sign	1x1	22	Graphic_Multi	False	0.5						True	Things/Building/Interactable/Sign/DamagedSign
EXCLUDED	AncientCommsConsole	Ideology	ancient comms console	3x2	44	Graphic_Multi	False	0.5				ChunkSlagSteel x2		True	Things/Building/Ruins/AncientCommsConsole
EXCLUDED	SpaceshipDamaged	MiningCo. Spaceship (Continued)	damaged spaceship	9x18	198	Graphic_Single	False	0.5	Steel x2500.0, Plasteel x500.0, ComponentIndustrial x25.0, ComponentSpacer x2.5		Steel x5000, Plasteel x1000, ComponentIndustrial x50, ComponentSpacer x5			False	Things/SupplySpaceship/SupplySpaceship
EXCLUDED	AncientBlastDoor	Odyssey	ancient blast door	1x1	22	Graphic_Single	False	0.5						False	Things/Building/Ancient/BlastDoor/AncientBlastDoor_Mover
EXCLUDED	AncientFortifiedWall	Odyssey	fortified wall	1x1	22	Graphic_Single	False	0.5						False	Things/Building/Linked/AncientFortifiedWall_Atlas
EXCLUDED	AncientGravEngine	Odyssey	ancient grav engine	3x3	66	Graphic_Single	False	0.5				Gravcore x1, ChunkSlagSteel x4, GravlitePanel x25		False	Things/Building/Ancient/GravEngine
EXCLUDED	AncientGravReactor	Odyssey	ancient grav reactor	5x5	110	Graphic_Multi	False	0.5				ChunkSlagSteel x4, GravlitePanel x50		False	Things/Building/Ancient/GravReactor/AncientGravReactor
EXCLUDED	AncientHatch	Odyssey	ancient stockpile entrance	3x3	66	Graphic_Single	False	0.5						False	Things/Building/AncientHatch/AncientHatch_Closed
EXCLUDED	AncientHatchExit	Odyssey	ancient stockpile exit	3x3	66	Graphic_Single	False	0.5						False	Things/Building/AncientHatchExit/AncientHatchExit
EXCLUDED	AncientHeatVent	Odyssey	ancient heat vent	7x7	154	Graphic_Single	False	0.5						False	Things/Building/AncientHeatVent
EXCLUDED	AncientSmokeVent	Odyssey	ancient smoke vent	7x7	154	Graphic_Single	False	0.5						False	Things/Building/AncientSmokeVent
EXCLUDED	AncientTerraformer	Odyssey	ancient terraformer	4x4	88	Graphic_Single	False	0.5				ChunkSlagSteel x4, Steel x60, ComponentIndustrial x4, Gravcore x1		False	Things/Building/AncientTerraformer
EXCLUDED	AncientToxVent	Odyssey	ancient toxic vent	7x7	154	Graphic_Single	False	0.5						False	Things/Building/AncientToxVent
EXCLUDED	AncientTransportPod	Odyssey	ancient transport pod	1x1	22	Graphic_Random	False	0.5						False	Things/Building/AncientLaunchPod
EXCLUDED	CerebrexCore_Destroyed	Odyssey	destroyed cerebrex core	7x7	154	Graphic_Single	False	0.5				AIPersonaCore x1, ComponentSpacer x5, Plasteel x300, ChunkSlagSteel x8		False	Things/Building/CerebrexCore/CerebrexCoreDestroyed
EXCLUDED	MechRelay_Crashed	Odyssey	crashed mechanoid relay	3x3	66	Graphic_Single	False	0.5				Gravcore x1, ChunkSlagSteel x4, GravlitePanel x165		False	Things/Building/MechanoidRelay_Crashed
EXCLUDED	OrbitalAncientFortifiedWall	Odyssey	fortified wall	1x1	22	Graphic_Single	False	0.5						False	Things/Building/Linked/AncientFortifiedWall_Atlas
EXCLUDED	Turret_AncientArmoredTurret	Odyssey	ancient defender turret	1x1	22	Graphic_Single	False	0.5						False	Things/Building/Ancient/ArmoredTurret/AncientArmoredTurret_Base
EXCLUDED	KOTOR_MineableJunk	Star Wars KotOR Resources and Materials	Piled Junk	1x1	22	Graphic_Single	False	0.5						True	raw_resources/junk
EXCLUDED	VQEA_AncientBroadcastingStation	Vanilla Quests Expanded - Ancients	ancient broadcasting station	3x3	66	Graphic_Single	False	0.5						True	Things/Building/Lootables/AncientBroadcastingStation_On
EXCLUDED	VQEA_AncientEmergencyPurifier	Vanilla Quests Expanded - Ancients	ancient emergency purifier	3x3	66	Graphic_Single	False	0.5						True	Things/Building/Traps/EmergencyBurner_On
EXCLUDED	VQEA_AncientEmergencyPurifier_Off	Vanilla Quests Expanded - Ancients	ancient emergency purifier	3x3	66	Graphic_Single	False	0.5						True	Things/Building/Traps/EmergencyBurner_Off
EXCLUDED	VQEA_AncientVaultDoor	Vanilla Quests Expanded - Ancients	ancient vault door	1x1	22	Graphic_Single	False	0.5						True	Things/Building/Doors/AncientVaultDoorLarge_Mover
EXCLUDED	VQEA_AncientVaultDoor_Large	Vanilla Quests Expanded - Ancients	ancient large vault door	2x1	22	Graphic_Single	False	0.5						True	Things/Building/Doors/AncientVaultDoorLarge_Mover
EXCLUDED	VQEA_AncientVaultWall	Vanilla Quests Expanded - Ancients	ancient vault wall	1x1	22	Graphic_Single	False	0.5						True	Things/Building/Linked/AncientVaultWall_Atlas
EXCLUDED	VQEA_LockedAncientVaultDoor	Vanilla Quests Expanded - Ancients	locked ancient vault door	1x1	22	Graphic_Multi	False	0.5						True	Things/Building/Doors/AncientVaultDoorSmall_Locked
EXCLUDED	VQEA_LockedAncientVaultDoor_Large	Vanilla Quests Expanded - Ancients	locked ancient large vault door	2x1	22	Graphic_Multi	False	0.5						True	Things/Building/Doors/AncientVaultDoorLarge_Locked
EXCLUDED	VQEA_SplicehulkContainment	Vanilla Quests Expanded - Ancients	splicehulk containment	2x2	44	Graphic_Single	False	0.5						True	Things/Building/Traps/MutationSampler_Filled_Splicehulk
EXCLUDED	VQE_AncientAirlock	Vanilla Quests Expanded - Cryptoforge	ancient airlock	1x1	22	Graphic_Single	False	0.5						True	Things/Structure/LargeAncientAirlock_Mover
EXCLUDED	VQE_AncientAirlock_Large	Vanilla Quests Expanded - Cryptoforge	ancient large airlock	2x1	22	Graphic_Single	False	0.5						True	Things/Structure/LargeAncientAirlock_Mover
EXCLUDED	VQE_AncientBlackBox	Vanilla Quests Expanded - Cryptoforge	ancient black box	3x1	22	Graphic_Multi	False	0.5						True	Things/Misc/AncientBlackBoxOn
EXCLUDED	VQE_AncientFloorHeater	Vanilla Quests Expanded - Cryptoforge	ancient floor heater	2x2	44	Graphic_Single	False	0.5						True	Things/Temperature/FloorHeater_Off
EXCLUDED	VQE_AncientLandmine	Vanilla Quests Expanded - Cryptoforge	ancient landmine	1x1	22	Graphic_Single	False	0.5						True	UI/Empty
EXCLUDED	VQE_AncientShipLandingBeacon	Vanilla Quests Expanded - Cryptoforge	ancient ship landing beacon	1x1	22	Graphic_Random	False	0.5	Steel x10.0		Steel x20			False	Things/Ruins/AncientLandingBeacon
EXCLUDED	VQE_AncientTransmitterBeacon	Vanilla Quests Expanded - Cryptoforge	acient transmitter beacon	1x1	22	Graphic_Random	False	0.5	ChunkSlagSteel x1.0		ChunkSlagSteel x2			False	Things/Ruins/AncientTransmitterBeacon
EXCLUDED	VQE_BustedShieldedTurret	Vanilla Quests Expanded - Cryptoforge	busted shielded turret	1x1	22	Graphic_Random	False	0.5	Steel x10.0		Steel x20			False	Things/Ruins/BustedShieldedTurret
EXCLUDED	VQE_BustedSpacerAutocannon	Vanilla Quests Expanded - Cryptoforge	busted spacer autocannon	2x2	44	Graphic_Random	False	0.5	Steel x10.0		Steel x20			False	Things/Ruins/BustedSpaceAutocannon
EXCLUDED	VQE_CryptoAncientTerminal	Vanilla Quests Expanded - Cryptoforge	ancient terminal	1x1	22	Graphic_Multi	False	0.5	ChunkSlagSteel x1.0		ChunkSlagSteel x2			True	Things/Ruins/AncientShipTerminal
EXCLUDED	VQE_CryptoAncientTerminalBank	Vanilla Quests Expanded - Cryptoforge	ancient terminal bank	3x1	22	Graphic_Multi	False	0.5	ChunkSlagSteel x3.0		ChunkSlagSteel x6			True	Things/Ruins/AncientShipTerminalBank
EXCLUDED	VQE_ForcedAncientAirlock	Vanilla Quests Expanded - Cryptoforge	forced ancient airlock	1x1	22	Graphic_Multi	False	0.5						True	Things/Structure/AncientAirlock_Top
EXCLUDED	VQE_ForcedAncientAirlock_Large	Vanilla Quests Expanded - Cryptoforge	forced ancient large airlock	2x1	22	Graphic_Multi	False	0.5						True	Things/Structure/LargeAncientAirlock_Top
EXCLUDED	VQE_JammedAncientAirlock	Vanilla Quests Expanded - Cryptoforge	stuck ancient airlock	1x1	22	Graphic_Multi	False	0.5						True	Things/Structure/AncientAirlock_Locked
EXCLUDED	VQE_JammedAncientAirlock_Large	Vanilla Quests Expanded - Cryptoforge	stuck ancient large airlock	2x1	22	Graphic_Multi	False	0.5						True	Things/Structure/LargeAncientAirlockLocked
EXCLUDED	BTD_GravEngine_Damaged	[BTD] Gravship Blueprints	damaged grav engine	3x3	66	Graphic_Multi	False	0.5						False	Things/Building/Ancient/GravReactor/AncientGravReactor
EXCLUDED	BTD_GravhulkEngine_Damaged	[BTD] Gravship Blueprints	damaged gravhulk engine	5x5	110	Graphic_Single	False	0.5						True	Things/Structures/GravEngines/GravHulkEngine/GravHulkEngine
EXCLUDED	BTD_GravhulkEngine_Encrypted	[BTD] Gravship Blueprints	encrypted gravhulk engine	5x5	110	Graphic_Single	False	0.5						True	Things/Structures/GravEngines/GravHulkEngine/GravHulkEngine
EXCLUDED	BTD_GravjumperEngine_Damaged	[BTD] Gravship Blueprints	damaged gravjumper engine	1x1	22	Graphic_Single	False	0.5						True	Things/Structures/GravEngines/GravJumperEngine/GravJumperEngine
USABLE-DESTROY-ONLY	AM_AncientPipelineSection	Ancient urban ruins	ancient pipeline section	2x1	22	Graphic_Single	True	0.5				ChunkSlagSteel x6		True	Things/Building/Ruins/PipelineSection
USABLE-DESTROY-ONLY	AncientExostriderRemains	Biotech	ancient exostrider midsection	3x2	44	Graphic_Single	True	0.5				ChunkSlagSteel x6, MechanoidTransponder x1		True	Things/Building/Ruins/AncientExostrider/AncientExostriderMidsection
USABLE-DESTROY-ONLY	AncientDisplayBank	Core	ancient display bank	3x1	22	Graphic_Multi	True	0.5				ChunkSlagSteel x2		True	Things/Building/Ruins/AncientDisplayBank
USABLE-DESTROY-ONLY	AncientEquipmentBlocks	Core	ancient equipment blocks	4x2	44	Graphic_Multi	True	0.5				ChunkSlagSteel x2		True	Things/Building/Ruins/AncientEquipmentBlocks
USABLE-DESTROY-ONLY	AncientLargeContainer	Core	ancient container	3x5	66	Graphic_Multi	True	0.5				ChunkSlagSteel x3		True	Things/Building/Ruins/AncientContainer
USABLE-DESTROY-ONLY	AncientSystemRack	Core	ancient system rack	1x3	22	Graphic_Multi	True	0.5				ChunkSlagSteel x1		True	Things/Building/Ruins/AncientSystemRack
USABLE-DESTROY-ONLY	AncientChemfuelCanister	Odyssey	chemfuel canister	1x1	22	Graphic_Single	True	0.5				Filth_Fuel x1		False	Things/Building/Ancient/OpenableContainers/OldChemfuelCanister_Close
USABLE-DESTROY-ONLY	AncientChemtruck	Odyssey	ancient chemtruck	2x4	44	Graphic_Multi	True	0.5				ChunkSlagSteel x2		False	Things/Building/Ancient/Chemfuel/AncientChemtrack
USABLE-DESTROY-ONLY	AncientDrillPlatform	Odyssey	ancient drill rig	3x3	66	Graphic_Random	True	0.5				ChunkSlagSteel x3		False	Things/Building/Ancient/DrillPlatform
USABLE-DESTROY-ONLY	AncientExcavator	Odyssey	ancient excavator	3x4	66	Graphic_Multi	True	0.5				ChunkSlagSteel x4		False	Things/Building/Ancient/Excavator/AncientExcavator
USABLE-DESTROY-ONLY	AncientForklift	Odyssey	ruined forklift	2x4	44	Graphic_Multi	True	0.5				ChunkSlagSteel x3		False	Things/Building/Ancient/Shipping/RustedForklift
USABLE-DESTROY-ONLY	AncientIndustrialTruck	Odyssey	rusted industrial truck	2x4	44	Graphic_Multi	True	0.5				ChunkSlagSteel x3		False	Things/Building/Ancient/Shipping/RustedIndustrialTruck
USABLE-DESTROY-ONLY	AncientMediumContainer	Odyssey	ancient container	2x4	44	Graphic_Random	True	0.5				ChunkSlagSteel x2		False	Things/Building/Ancient/Shipping/AncientContainer
USABLE-DESTROY-ONLY	AncientOpenContainer	Odyssey	rusted open container	4x2	44	Graphic_Random	True	0.5				ChunkSlagSteel x2		False	Things/Building/Ancient/Shipping/RustedOpenContainer
USABLE-DESTROY-ONLY	AncientSmallContainer	Odyssey	ancient container	2x2	44	Graphic_Random	True	0.5				ChunkSlagSteel x1		False	Things/Building/Ancient/Shipping/SmallAncientContainer
USABLE-DESTROY-ONLY	AncientTunnelerClaw	Odyssey	ancient tunneler claw	2x1	22	Graphic_Random	True	0.5				ChunkSlagSteel x1		False	Things/Building/Ancient/TunnelerMech/Claw
USABLE-DESTROY-ONLY	AncientTunnelerHusk	Odyssey	ancient tunneler husk	2x2	44	Graphic_Random	True	0.5				ChunkSlagSteel x2		False	Things/Building/Ancient/TunnelerMech/Husk
USABLE-DESTROY-ONLY	AncientWindTurbineBody	Odyssey	ancient wind turbine	5x2	44	Graphic_Multi	True	0.5				ChunkSlagSteel x2		False	Things/Building/Ancient/Workbenches/AncientWindTurbineBody
USABLE-DESTROY-ONLY	RG_AncientRustedHog	ReGrowth 2	ancient hog	3x5	66	Graphic_Multi	True	0.5				ChunkSlagSteel x2		True	Things/Building/Ruins/RustedWarJeep
USABLE-DESTROY-ONLY	VFEP_CrashedShip_Black	Vanilla Factions Expanded - Pirates	crashed ship	5x3	66	Graphic_Single	True	0.5				Steel x120, ComponentIndustrial x6, ChunkSlagSteel x4		True	Things/Building/Gauntlet/GauntletShipBlack_TurretBase
USABLE-DESTROY-ONLY	VFEP_CrashedShip_Green	Vanilla Factions Expanded - Pirates	crashed ship	5x3	66	Graphic_Single	True	0.5				Steel x120, ComponentIndustrial x6, ChunkSlagSteel x4		True	Things/Building/Gauntlet/GauntletShipGreen_TurretBase
USABLE-DESTROY-ONLY	VFEP_CrashedShip_Orange	Vanilla Factions Expanded - Pirates	crashed ship	5x3	66	Graphic_Single	True	0.5				Steel x120, ComponentIndustrial x6, ChunkSlagSteel x4		True	Things/Building/Gauntlet/GauntletShipOrange_TurretBase
USABLE-DESTROY-ONLY	VFEP_CrashedShip_Red	Vanilla Factions Expanded - Pirates	crashed ship	5x3	66	Graphic_Single	True	0.5				Steel x120, ComponentIndustrial x6, ChunkSlagSteel x4		True	Things/Building/Gauntlet/GauntletShipRed_TurretBase
USABLE-DESTROY-ONLY	VFEPD_AncientSmallContainer	Vanilla Furniture Expanded - Props and Decor	ancient container	2x2	44	Graphic_Random	True	0.5				ChunkSlagSteel x1		False	Things/Building/Ancient/Shipping/SmallAncientContainer
USABLE-DESTROY-ONLY	VME_AncientRustedDropship	Vanilla Ideology Expanded - Memes and Structures	ancient dropship	6x5	110	Graphic_Single	True	0.5				ChunkSlagSteel x4		False	Things/Building/Ruins/AncientRustedDropship
USABLE-DESTROY-ONLY	VQE_GenetronJunk	Vanilla Quests Expanded - The Generator	ARC junk	1x1	22	Graphic_Random	True	0.5				ChunkSlagSteel x2		False	Things/AncientJunk/GenetronJunk
USABLE-EMPTY	AB_AncientBone	Alpha Biomes	ancient bone	2x2	44	Graphic_Single	True	0.5						True	Things/Building/GallatrossGraveyard/AB_AncientBone
USABLE-EMPTY	AB_AncientBrokenBone	Alpha Biomes	ancient shattered bone	1x1	22	Graphic_Single	True	0.5						True	Things/Building/GallatrossGraveyard/AB_AncientBrokenBone
USABLE-EMPTY	AB_AncientGallatrossSkull	Alpha Biomes	ancient gallatross skull	2x2	44	Graphic_Single	True	0.5						True	Things/Building/GallatrossGraveyard/AB_AncientGallatrossSkull
USABLE-EMPTY	AB_AncientVerticalBone	Alpha Biomes	ancient bones	1x2	22	Graphic_Single	True	0.5						True	Things/Building/GallatrossGraveyard/AB_AncientVerticalBone
USABLE-EMPTY	AB_DerelictArchonexusCore	Alpha Biomes	derelict archonexus core	11x11	242	Graphic_Single	True	0.5						True	Things/Building/DerelictArchonexus/AB_DerelictArchonexusC
USABLE-EMPTY	AB_DerelictArchotechTower	Alpha Biomes	derelict archotech tower	5x5	110	Graphic_Single	True	0.5						True	Things/Building/DerelictArchonexus/AB_DerelictArchonexusA
USABLE-EMPTY	AB_DerelictBeachUmbrella	Alpha Biomes	derelict beach umbrella	1x1	22	Graphic_Random	True	0.5		ChunkSlagSteel x0.5	ChunkSlagSteel x1			False	Things/Building/DerelictResort/AB_DerelictBeachUmbrella
USABLE-EMPTY	AB_DerelictMajorArchotechStructure	Alpha Biomes	derelict major archotech structure	7x7	154	Graphic_Single	True	0.5						True	Things/Building/DerelictArchonexus/AB_DerelictArchonexusB
USABLE-EMPTY	AB_DerelictPoolLadder	Alpha Biomes	derelict pool ladder	1x1	22	Graphic_Single	True	0.5						True	Things/Building/DerelictResort/AB_DerelictPoolLadder
USABLE-EMPTY	AB_DerelictRecliner	Alpha Biomes	derelict recliner	1x2	22	Graphic_Multi	True	0.5		ChunkSlagSteel x0.5	ChunkSlagSteel x1			True	Things/Building/DerelictResort/AB_DerelictRecliner
USABLE-EMPTY	AB_DerelictSwimmingPool	Alpha Biomes	derelict swimming pool	10x5	110	Graphic_Single	True	0.5						True	Things/Building/DerelictResort/AB_DerelictPool
USABLE-EMPTY	AB_Mech_RuinedMortar_Full	Alpha Biomes	ruined mech mortar	2x2	44	Graphic_Single	True	0.5		Steel x0.5, ChunkSlagSteel x0.5	Steel x1, ChunkSlagSteel x1			True	Things/Building/DerelictCluster/AB_Mech_RuinedMortar_Full
USABLE-EMPTY	AB_Mech_RuinedMortar_Single	Alpha Biomes	ruined mech mortar gun	2x2	44	Graphic_Single	True	0.5		Steel x0.5, ChunkSlagSteel x0.5	Steel x1, ChunkSlagSteel x1			True	Things/Building/DerelictCluster/AB_Mech_RuinedMortar_Single
USABLE-EMPTY	AB_Mech_RuinedShield	Alpha Biomes	ruined mech shield	1x1	22	Graphic_Single	True	0.5		Steel x0.5, ChunkSlagSteel x0.5	Steel x1, ChunkSlagSteel x1			True	Things/Building/DerelictCluster/AB_Mech_RuinedShield
USABLE-EMPTY	AB_Mech_RuinedTurret_Full	Alpha Biomes	ruined mech turret	1x1	22	Graphic_Single	True	0.5		Steel x0.5, ChunkSlagSteel x0.5	Steel x1, ChunkSlagSteel x1			True	Things/Building/DerelictCluster/AB_Mech_RuinedTurret_Full
USABLE-EMPTY	AB_Mech_RuinedTurret_Single	Alpha Biomes	ruined mech turret base	1x1	22	Graphic_Single	True	0.5		Steel x0.5, ChunkSlagSteel x0.5	Steel x1, ChunkSlagSteel x1			True	Things/Building/DerelictCluster/AB_Mech_RuinedTurret_Single
USABLE-EMPTY	AB_RustedWall	Alpha Biomes	rusted wall	1x1	22	Graphic_Single	True	0.5		Steel x0.5	Steel x1			True	Things/Building/Linked/AB_RustedWall_Atlas
USABLE-EMPTY	AG_AncientCorpse	Alpha Genes	ancient corpse	1x1	22	Graphic_Random	True	0.5						False	Things/Building/AG_Corpse
USABLE-EMPTY	AG_AncientShelf	Alpha Genes	ancient shelf	2x1	22	Graphic_Multi	True	0.5		Steel x0.5, ChunkSlagSteel x0.5	Steel x1, ChunkSlagSteel x1			True	Things/Building/AG_RuinedShelf
USABLE-EMPTY	AG_RaidSpawner	Alpha Genes	ruined radio beacon	1x1	22	Graphic_Single	True	0.5						True	Things/Building/AG_RuinedRadioBeacon
USABLE-EMPTY	AG_RustedWall	Alpha Genes	rusted biotech lab wall	1x1	22	Graphic_Single	True	0.5		Steel x0.5	Steel x1			True	Things/Building/AG_RustedBioLabWall_Atlas
USABLE-EMPTY	AM_AncientDoubleBed	Alpha Memes	restored ancient double bed	2x2	44	Graphic_Multi	True	0.5					Furniture	True	Things/Building/BuildingStyles/Scavenger/Beds/AM_AncientDoubleBed
USABLE-EMPTY	AM_AncientRazorwire	Alpha Memes	ancient razor wire	1x1	22	Graphic_Random	True	0.5					Security	False	Things/Building/Ruins/AncientRazorWire
USABLE-EMPTY	AM_AVendingMachine	Ancient urban ruins	ancient vending machine	1x1	22	Graphic_Multi	True	0.5						True	Things/Container/AVendingMachine
USABLE-EMPTY	AM_AncientATM	Ancient urban ruins	ancient ATM	1x1	22	Graphic_Single	True	0.5						True	Things/Building/Ruins/AncientATM
USABLE-EMPTY	AM_AncientAirConditioner	Ancient urban ruins	ancient air conditioner	1x1	22	Graphic_Single	True	0.5						True	Things/Building/Ruins/AirConditioner
USABLE-EMPTY	AM_AncientBarrel	Ancient urban ruins	ancient barrel	1x1	22	Graphic_Random	True	0.5						False	Things/Building/Ruins/AncientBarrel
USABLE-EMPTY	AM_AncientBed	Ancient urban ruins	ancient bed	1x2	22	Graphic_Multi	True	0.5						True	Things/Building/Ruins/AncientBed
USABLE-EMPTY	AM_AncientCashRegister	Ancient urban ruins	ancient cash register	3x1	22	Graphic_Multi	True	0.5		Steel x0.5	Steel x1			True	Things/Building/AncientCashRegister
USABLE-EMPTY	AM_AncientContainer	Ancient urban ruins	ancient container	3x5	66	Graphic_Multi	True	0.5						True	Things/Building/Ruins/AncientContainer
USABLE-EMPTY	AM_AncientCrate	Ancient urban ruins	ancient crate	1x1	22	Graphic_Random	True	0.5						False	Things/Building/Ruins/AncientCrate
USABLE-EMPTY	AM_AncientDisplayBank	Ancient urban ruins	ancient display bank	3x1	22	Graphic_Multi	True	0.5						True	Things/Building/Ruins/AncientDisplayBank
USABLE-EMPTY	AM_AncientEquipmentBlocks	Ancient urban ruins	ancient equipment blocks	4x2	44	Graphic_Multi	True	0.5						True	Things/Building/Ruins/AncientEquipmentBlocks
USABLE-EMPTY	AM_AncientFence	Ancient urban ruins	ancient fence	1x1	22	Graphic_Single	True	0.5						True	Things/Building/Ruins/AncientFence_Atlas
USABLE-EMPTY	AM_AncientFuelNode	Ancient urban ruins	ancient unstable fuel node	1x1	22	Graphic_Random	True	0.5						False	Things/Building/Ruins/AncientUnstableFuelNode
USABLE-EMPTY	AM_AncientGenerator	Ancient urban ruins	ancient generator	2x2	44	Graphic_Random	True	0.5						False	Things/Building/Ruins/AncientGenerator
USABLE-EMPTY	AM_AncientHydrant	Ancient urban ruins	ancient hydrant	1x1	22	Graphic_Single	True	0.5						True	Things/Building/Ruins/AncientHydrant
USABLE-EMPTY	AM_AncientKitchenSink	Ancient urban ruins	ancient kitchen sink	1x1	22	Graphic_Single	True	0.5						True	Things/Building/Ruins/KitchenSink
USABLE-EMPTY	AM_AncientLockerBank	Ancient urban ruins	ancient locker bank	3x1	22	Graphic_Multi	True	0.5						True	Things/Building/Ruins/AncientLockerBank
USABLE-EMPTY	AM_AncientMachine	Ancient urban ruins	ancient machine	5x3	66	Graphic_Multi	True	0.5						True	Things/Building/Ruins/AncientMachine
USABLE-EMPTY	AM_AncientMicrowave	Ancient urban ruins	ancient microwave	1x1	22	Graphic_Single	True	0.5						True	Things/Building/Ruins/AncientMicrowave
USABLE-EMPTY	AM_AncientMilitaryCrate	Ancient urban ruins	ancient military crate	1x1	22	Graphic_Random	True	0.5						False	Things/Building/Ruins/AncientMilitaryCrate
USABLE-EMPTY	AM_AncientOperatingTable	Ancient urban ruins	ancient operating table	1x2	22	Graphic_Multi	True	0.5						True	Things/Building/Ruins/AncientOperatingTable
USABLE-EMPTY	AM_AncientOven	Ancient urban ruins	ancient oven	1x1	22	Graphic_Single	True	0.5						True	Things/Building/Ruins/AncientOven
USABLE-EMPTY	AM_AncientPipes	Ancient urban ruins	ancient pipes	1x1	22	Graphic_Random	True	0.5						False	Things/Building/Ruins/AncientPipes
USABLE-EMPTY	AM_AncientRazorWire	Ancient urban ruins	ancient razor wire	1x1	22	Graphic_Random	True	0.5						False	Things/Building/Ruins/AncientRazorWire
USABLE-EMPTY	AM_AncientRefrigerator	Ancient urban ruins	ancient refrigerator	1x1	22	Graphic_Single	True	0.5						True	Things/Building/Ruins/Fridge
USABLE-EMPTY	AM_AncientRevolvingDoorA	Ancient urban ruins	ancient revolving door	3x3	66	Graphic_Multi	True	0.5		Steel x0.5	Steel x1			True	Things/Building/AncientRevolvingDoorA
USABLE-EMPTY	AM_AncientRevolvingDoorB	Ancient urban ruins	ancient revolving door	3x3	66	Graphic_Multi	True	0.5		Steel x0.5	Steel x1			True	Things/Building/AncientRevolvingDoorB
USABLE-EMPTY	AM_AncientRevolvingDoorC	Ancient urban ruins	ancient revolving door	3x3	66	Graphic_Multi	True	0.5		Steel x0.5	Steel x1			True	Things/Building/AncientRevolvingDoorC
USABLE-EMPTY	AM_AncientRoadblocks	Ancient urban ruins	ancient roadblocks	2x1	22	Graphic_Multi	True	0.5		Steel x0.5	Steel x1			True	Things/Building/AncientRoadblocks
USABLE-EMPTY	AM_AncientSecurityTurret	Ancient urban ruins	ancient security turret	1x1	22	Graphic_Random	True	0.5						False	Things/Building/Ruins/AncientSecurityTurret
USABLE-EMPTY	AM_AncientShoppingCart	Ancient urban ruins	ancient shopping cart	1x1	22	Graphic_Random	True	0.5						False	Things/Building/Ruins/ShoppingCart
USABLE-EMPTY	AM_AncientStove	Ancient urban ruins	ancient stove	1x1	22	Graphic_Single	True	0.5						True	Things/Building/Ruins/Stove
USABLE-EMPTY	AM_AncientTankTrap	Ancient urban ruins	ancient tank trap	2x2	44	Graphic_Random	True	0.5						False	Things/Building/Ruins/AncientTankTrap
USABLE-EMPTY	AM_AncientToilet	Ancient urban ruins	ancient toilet	1x1	22	Graphic_Single	True	0.5						True	Things/Building/Ruins/AncientToilet
USABLE-EMPTY	AM_AncientVendingMachine	Ancient urban ruins	ancient vending machine	1x1	22	Graphic_Single	True	0.5						True	Things/Building/Ruins/VendingMachine
USABLE-EMPTY	AM_AncientWheel	Ancient urban ruins	ancient wheel	1x1	22	Graphic_Random	True	0.5						False	Things/Building/Ruins/Wheel
USABLE-EMPTY	AM_BDAShelfA	Ancient urban ruins	damaged large shelves	4x2	44	Graphic_Single	True	0.5						True	Things/Container/big/BDAShelfA
USABLE-EMPTY	AM_BDAShelfB	Ancient urban ruins	damaged large shelves	4x2	44	Graphic_Single	True	0.5						True	Things/Container/big/BDAShelfA
USABLE-EMPTY	AM_Counter_Atlas_JewelryA	Ancient urban ruins	ancient golden glass counter	1x1	22	Graphic_Single	True	0.5						True	Things/Building/Counter_Atlas_JewelryA
USABLE-EMPTY	AM_Counter_Atlas_JewelryB	Ancient urban ruins	ancient golden glass counter	1x1	22	Graphic_Single	True	0.5						True	Things/Building/Counter_Atlas_JewelryB
USABLE-EMPTY	AM_Counter_Atlas_Weapon	Ancient urban ruins	ancient glass counter	1x1	22	Graphic_Single	True	0.5						True	Things/Building/Counter_Atlas_Weapon
USABLE-EMPTY	AM_FrontDesk	Ancient urban ruins	ancient front desk	1x1	22	Graphic_Single	True	0.5						True	Things/Building/FrontDesk
USABLE-EMPTY	AM_FrontDeskB	Ancient urban ruins	ancient front desk	1x1	22	Graphic_Single	True	0.5						True	Things/Building/FrontDeskB
USABLE-EMPTY	AM_OldBigCase	Ancient urban ruins	ancient large military supplies case	2x1	22	Graphic_Multi	True	0.5						True	Things/Container/OldBigCase
USABLE-EMPTY	AM_OldSmallCase	Ancient urban ruins	ancient small military Case	1x1	22	Graphic_Multi	True	0.5						True	Things/Container/OldSmallCase
USABLE-EMPTY	AM_OldWeaponCase	Ancient urban ruins	ancient weapon case	2x1	22	Graphic_Multi	True	0.5						True	Things/Container/OldWeaponCase
USABLE-EMPTY	AM_Wall_Atlas_AcientConcrete_HP	Ancient urban ruins	ancient facility wall (weathered)	1x1	22	Graphic_Single	True	0.5						True	Things/Building/Wall_Atlas_AcientConcrete
USABLE-EMPTY	AM_Wall_Atlas_Concrete_HP	Ancient urban ruins	ancient concrete wall(weathered)	1x1	22	Graphic_Single	True	0.5						True	Things/Building/Wall_Atlas_Concrete
USABLE-EMPTY	AM_Wall_Atlas_Glass	Ancient urban ruins	ancient glass curtain wall	1x1	22	Graphic_Single	True	0.5						True	Things/Building/Wall_Atlas_Glass
USABLE-EMPTY	AncientATM	Core	ancient ATM	1x1	22	Graphic_Single	True	0.5						True	Things/Building/Ruins/AncientATM
USABLE-EMPTY	AncientAirConditioner	Core	ancient air conditioner	1x1	22	Graphic_Single	True	0.5						True	Things/Building/Ruins/AirConditioner
USABLE-EMPTY	AncientBed	Core	ancient bed	1x2	22	Graphic_Multi	True	0.5						True	Things/Building/Ruins/AncientBed
USABLE-EMPTY	AncientHermeticCrate	Core	hermetic crate	1x2	22	Graphic_Multi	True	0.5						True	Things/Building/Ruins/AncientHermeticCrate
USABLE-EMPTY	AncientHydrant	Core	ancient hydrant	1x1	22	Graphic_Single	True	0.5						True	Things/Building/Ruins/AncientHydrant
USABLE-EMPTY	AncientKitchenSink	Core	ancient kitchen sink	1x1	22	Graphic_Single	True	0.5						True	Things/Building/Ruins/KitchenSink
USABLE-EMPTY	AncientLamp	Core	ancient lamp	1x1	22	Graphic_Single	True	0.5						True	Things/Building/Ruins/AncientLamp
USABLE-EMPTY	AncientLargeCrate	Core	ancient large crate	1x1	22	Graphic_Single	True	0.5						True	Things/Building/Ruins/CrateLarge
USABLE-EMPTY	AncientLargeRustedEngineBlock	Core	ancient macro-engine block	2x1	22	Graphic_Single	True	0.5		ChunkSlagSteel x0.5, VVE_EngineBlock x0.5, ComponentIndustrial x0.5	ChunkSlagSteel x1, VVE_EngineBlock x1, ComponentIndustrial x1			True	Things/Building/Ruins/LargeEngineBlock
USABLE-EMPTY	AncientLockerBank	Core	ancient locker bank	3x1	22	Graphic_Multi	True	0.5						True	Things/Building/Ruins/AncientLockerBank
USABLE-EMPTY	AncientMicrowave	Core	ancient microwave	1x1	22	Graphic_Single	True	0.5						True	Things/Building/Ruins/AncientMicrowave
USABLE-EMPTY	AncientMilitaryCrate	Core	ancient military crate	1x1	22	Graphic_Random	True	0.5						False	Things/Building/Ruins/AncientMilitaryCrate
USABLE-EMPTY	AncientOperatingTable	Core	ancient operating table	1x2	22	Graphic_Multi	True	0.5						True	Things/Building/Ruins/AncientOperatingTable
USABLE-EMPTY	AncientOven	Core	ancient oven	1x1	22	Graphic_Multi	True	0.5						True	Things/Building/Ruins/AncientOven
USABLE-EMPTY	AncientPostbox	Core	ancient postbox	1x1	22	Graphic_Single	True	0.5						True	Things/Building/Ruins/Postbox
USABLE-EMPTY	AncientRazorWire	Core	ancient razor wire	1x1	22	Graphic_Single	True	0.5		Steel x0.5	Steel x1			False	Things/Building/Ruins/RustedBarbedWireFence_Atlas
USABLE-EMPTY	AncientRefrigerator	Core	ancient refrigerator	1x1	22	Graphic_Single	True	0.5						True	Things/Building/Ruins/Fridge
USABLE-EMPTY	AncientRustedEngineBlock	Core	ancient engine block	1x1	22	Graphic_Random	True	0.5		VVE_EngineBlock x0.5	VVE_EngineBlock x1			False	Things/Building/Ruins/RustedEngineBlock
USABLE-EMPTY	AncientShoppingCart	Core	ancient shopping cart	1x1	22	Graphic_Random	True	0.5						False	Things/Building/Ruins/ShoppingCart
USABLE-EMPTY	AncientSpacerCrate	Core	ancient spacer crate	1x1	22	Graphic_Random	True	0.5						False	Things/Building/Ruins/AncientSpacerCrate
USABLE-EMPTY	AncientStove	Core	ancient stove	1x1	22	Graphic_Multi	True	0.5						True	Things/Building/Ruins/Stove
USABLE-EMPTY	AncientToilet	Core	ancient toilet	1x1	22	Graphic_Multi	True	0.5						True	Things/Building/Ruins/AncientToilet
USABLE-EMPTY	AncientVendingMachine	Core	ancient vending machine	1x1	22	Graphic_Single	True	0.5						True	Things/Building/Ruins/VendingMachine
USABLE-EMPTY	AncientWashingMachine	Core	ancient washing machine	1x1	22	Graphic_Random	True	0.5						False	Things/Building/Ruins/RustedWashingMachine
USABLE-EMPTY	AncientEnemyTerminal	Ideology	ancient enemy terminal	1x1	22	Graphic_Multi	True	0.5						True	Things/Building/Ruins/AncientEnemyTerminal
USABLE-EMPTY	AncientSecurityCrate	Ideology	security crate	2x2	44	Graphic_Multi	True	0.5						True	Things/Building/Ruins/AncientSecurityCrate
USABLE-EMPTY	AncientTerminal	Ideology	ancient terminal	1x1	22	Graphic_Multi	True	0.5						True	Things/Building/Misc/AncientTerminal/AncientTerminal
USABLE-EMPTY	AncientTerminal_Worshipful	Ideology	ancient terminal	1x1	22	Graphic_Multi	True	0.5						True	Things/Building/Misc/AncientTerminal/AncientTerminal
USABLE-EMPTY	AncientAmmoStack	Odyssey	ancient ammo box	1x1	22	Graphic_Random	True	0.5						False	Things/Building/Ancient/MilitaryCompound/AncientAmmoStack
USABLE-EMPTY	AncientAntenna	Odyssey	ancient antenna	1x1	22	Graphic_Random	True	0.5						False	Things/Building/Ancient/MilitaryCompound/AncientAntenna
USABLE-EMPTY	AncientArmchair	Odyssey	ancient armchair	1x1	22	Graphic_Multi	True	0.5						False	Things/Building/Ancient/House/AncientArmchair
USABLE-EMPTY	AncientAutocannonTurret	Odyssey	broken autocannon turret	2x2	44	Graphic_Random	True	0.5						False	Things/Building/Ancient/MilitaryCompound/BustedAutocannonTurret
USABLE-EMPTY	AncientBarrierLong	Odyssey	large concrete barrier	2x1	22	Graphic_Multi	True	0.5						False	Things/Building/Ancient/Checkpoint/AncientBarrierLong
USABLE-EMPTY	AncientBathtub	Odyssey	cracked bathtub	1x2	22	Graphic_Multi	True	0.5						False	Things/Building/Ancient/House/CrackedBathtub
USABLE-EMPTY	AncientBox_ComponentIndustrial	Odyssey	component box	1x1	22	Graphic_Single	True	0.5						False	Things/Building/Ancient/OpenableContainers/ComponentBox_Close
USABLE-EMPTY	AncientBox_ComponentSpacer	Odyssey	advanced component box	1x1	22	Graphic_Single	True	0.5						False	Things/Building/Ancient/OpenableContainers/SpacerComponentBox_Close
USABLE-EMPTY	AncientBox_SteelSlag	Odyssey	steel scrap box	1x1	22	Graphic_Single	True	0.5						False	Things/Building/Ancient/OpenableContainers/SteelSlagBox_Close
USABLE-EMPTY	AncientCardboardBox	Odyssey	old cardboard box	1x1	22	Graphic_Random	True	0.5						False	Things/Building/Ancient/Shop/OldCardboardBox
USABLE-EMPTY	AncientChembarrel	Odyssey	ancient chembarrel	1x1	22	Graphic_Random	True	0.5						False	Things/Building/Ancient/Chemfuel/AncientChembarrel
USABLE-EMPTY	AncientChembarrelPallet	Odyssey	ancient chembarrel pallet	2x2	44	Graphic_Random	True	0.5						False	Things/Building/Ancient/Chemfuel/AncientChembarrelPallet
USABLE-EMPTY	AncientColdStorage	Odyssey	ancient cold storage	1x1	22	Graphic_Multi	True	0.5						False	Things/Building/Ancient/House/RustedFridge
USABLE-EMPTY	AncientCraneArm	Odyssey	ruined crane arm	2x1	22	Graphic_Multi	True	0.5						False	Things/Building/Ancient/Shipping/RuinedCraneArm
USABLE-EMPTY	AncientCraneArmSmall	Odyssey	ruined crane arm	1x1	22	Graphic_Multi	True	0.5						False	Things/Building/Ancient/Shipping/RuinedCraneArmSmall
USABLE-EMPTY	AncientCraneBase	Odyssey	ruined crane base	5x5	110	Graphic_Single	True	0.5						False	Things/Building/Ancient/Shipping/RuinedCrane_Base
USABLE-EMPTY	AncientCraneColumn	Odyssey	ruined crane column	2x2	44	Graphic_Random	True	0.5						False	Things/Building/Ancient/Shipping/RuinedCraneColumn
USABLE-EMPTY	AncientCratePallet	Odyssey	ancient crate pallet	2x2	44	Graphic_Random	True	0.5						False	Things/Building/Ancient/Shipping/AncientCratePallet
USABLE-EMPTY	AncientDestroyedConsole	Odyssey	ancient destroyed console	2x1	22	Graphic_Multi	True	0.5						False	Things/Building/Ancient/DestroyedConsole/AncientDestroyedConsole_Small
USABLE-EMPTY	AncientDestroyedConsoleLarge	Odyssey	ancient destroyed console	3x1	22	Graphic_Multi	True	0.5						False	Things/Building/Ancient/DestroyedConsole/AncientDestroyedConsole_Large
USABLE-EMPTY	AncientDoubleBed	Odyssey	rusted double bed	2x2	44	Graphic_Multi	True	0.5						False	Things/Building/Ancient/House/RustedDoubleBed
USABLE-EMPTY	AncientEmergencyLight_Blue	Odyssey	ancient light	1x1	22	Graphic_Multi	True	0.5						False	Things/Building/Ancient/EmergencyLight/AncientEmergencyLight
USABLE-EMPTY	AncientEmergencyLight_Green	Odyssey	mechanoid light	1x1	22	Graphic_Multi	True	0.5						False	Things/Building/Ancient/EmergencyLight/AncientEmergencyLight
USABLE-EMPTY	AncientEmergencyLight_Red	Odyssey	ancient emergency light	1x1	22	Graphic_Multi	True	0.5						False	Things/Building/Ancient/EmergencyLight/AncientEmergencyLight
USABLE-EMPTY	AncientExplosivesCrate	Odyssey	ancient explosives crate	2x2	44	Graphic_Random	True	0.5						False	Things/Building/Ancient/ExplosivesCrate
USABLE-EMPTY	AncientFilingCabinet	Odyssey	rusted filing cabinet	1x1	22	Graphic_Multi	True	0.5						False	Things/Building/Ancient/House/RustedFilingCabinet
USABLE-EMPTY	AncientIndustrialShelf	Odyssey	ancient industrial shelf	2x1	22	Graphic_Random	True	0.5						False	Things/Building/Ancient/Shop/RustedIndustrialShelf
USABLE-EMPTY	AncientLockers	Odyssey	rusted lockers	1x1	22	Graphic_Multi	True	0.5						False	Things/Building/Ancient/House/RustedLockers
USABLE-EMPTY	AncientMetalCrate	Odyssey	rusted metal crate	1x1	22	Graphic_Random	True	0.5						False	Things/Building/Ancient/Shipping/RustedMetalCrate
USABLE-EMPTY	AncientMilitaryBarrier	Odyssey	ancient military barrier	2x1	22	Graphic_Multi	True	0.5						False	Things/Building/Ancient/Checkpoint/AncientMilitaryBarrier
USABLE-EMPTY	AncientMilitaryGeneratorSmall	Odyssey	ancient military generator	1x1	22	Graphic_Single	True	0.5						False	Things/Building/Ancient/MilitaryCompound/AncientMilitaryGeneratorSmall
USABLE-EMPTY	AncientMiningCharge	Odyssey	ancient mining charge	1x1	22	Graphic_Random	True	0.5						False	Things/Building/Ancient/MiningCharge
USABLE-EMPTY	AncientMortar	Odyssey	busted mortar	2x2	44	Graphic_Random	True	0.5						False	Things/Building/Ancient/MilitaryCompound/BustedMortar
USABLE-EMPTY	AncientPallet_SteelSlag	Odyssey	steel scrap pallet	2x2	44	Graphic_Single	True	0.5						False	Things/Building/Ancient/OpenableContainers/SteelSlagPallet_Close
USABLE-EMPTY	AncientPipe	Odyssey	ancient pipe	1x1	22	Graphic_Single	True	0.5						False	Things/Building/Ancient/Chemfuel/AncientPipes_Atlas
USABLE-EMPTY	AncientPlantPot	Odyssey	ancient plant pot	1x1	22	Graphic_Random	True	0.5						False	Things/Building/Ancient/House/AncientPlantPot
USABLE-EMPTY	AncientRustedMicrowave	Odyssey	rusted microwave	1x1	22	Graphic_Multi	True	0.5						False	Things/Building/Ancient/House/RustedMicrowave
USABLE-EMPTY	AncientSafe	Odyssey	rusted safe	1x1	22	Graphic_Single	True	0.5						False	Things/Building/Ancient/OpenableContainers/RustedSafe_Close
USABLE-EMPTY	AncientSealedContainer	Odyssey	sealed container	2x2	44	Graphic_Single	True	0.5						False	Things/Building/Ancient/OpenableContainers/SealedContainer_Close
USABLE-EMPTY	AncientSealedContainer_GravshipUpgrade	Odyssey	sealed container	2x2	44	Graphic_Single	True	0.5						False	Things/Building/Ancient/OpenableContainers/SealedContainer_Close
USABLE-EMPTY	AncientSealedCrate	Odyssey	sealed crate	1x1	22	Graphic_Single	True	0.5						False	Things/Building/Ancient/OpenableContainers/SealedCrate_Close
USABLE-EMPTY	AncientSealedCrate_Gravlite	Odyssey	sealed crate	1x1	22	Graphic_Single	True	0.5						False	Things/Building/Ancient/OpenableContainers/SealedCrate_Close
USABLE-EMPTY	AncientSealedCrate_Shells	Odyssey	sealed crate	1x1	22	Graphic_Single	True	0.5						False	Things/Building/Ancient/OpenableContainers/SealedCrate_Close
USABLE-EMPTY	AncientSecurityTerminal	Odyssey	ancient security terminal	1x1	22	Graphic_Multi	True	0.5						True	Things/Building/Misc/AncientTerminal/AncientTerminal
USABLE-EMPTY	AncientShelf	Odyssey	ancient shelf	2x1	22	Graphic_Random	True	0.5						False	Things/Building/Ancient/Shop/Shelf
USABLE-EMPTY	AncientShower	Odyssey	cracked shower	1x1	22	Graphic_Single	True	0.5						False	Things/Building/Ancient/House/CrackedShower
USABLE-EMPTY	AncientSimpleResearchBench	Odyssey	ancient research bench	3x2	44	Graphic_Multi	True	0.5						False	Things/Building/Ancient/Workbenches/AncientSimpleResearchBench
USABLE-EMPTY	AncientSingleBed	Odyssey	rusted bed	1x2	22	Graphic_Multi	True	0.5						False	Things/Building/Ancient/House/RustedSingleBed
USABLE-EMPTY	AncientSmallShelf	Odyssey	ancient small shelf	1x1	22	Graphic_Random	True	0.5						False	Things/Building/Ancient/Shop/SmallShelf
USABLE-EMPTY	AncientTV	Odyssey	busted television	1x1	22	Graphic_Multi	True	0.5						False	Things/Building/Ancient/House/BustedTV
USABLE-EMPTY	AncientTableBrewery	Odyssey	ancient brewery	3x1	22	Graphic_Multi	True	0.5						False	Things/Building/Ancient/Workbenches/AncientTableBrewery
USABLE-EMPTY	AncientTableButcher	Odyssey	ancient butcher table	3x1	22	Graphic_Multi	True	0.5						False	Things/Building/Ancient/Workbenches/AncientTableButcher
USABLE-EMPTY	AncientTableDrugLab	Odyssey	ancient drug lab	3x1	22	Graphic_Multi	True	0.5						False	Things/Building/Ancient/Workbenches/AncientTableDrugLab
USABLE-EMPTY	AncientTableMachining	Odyssey	ancient machining table	3x1	22	Graphic_Multi	True	0.5						False	Things/Building/Ancient/Workbenches/AncientTableMachining
USABLE-EMPTY	AncientTableSmithingElectric	Odyssey	ancient electric smithy	3x1	22	Graphic_Multi	True	0.5						False	Things/Building/Ancient/Workbenches/AncientTableSmithingElectric
USABLE-EMPTY	AncientTableSmithingFueled	Odyssey	ancient fueled smithy	3x1	22	Graphic_Multi	True	0.5						False	Things/Building/Ancient/Workbenches/AncientTableSmithingFueled
USABLE-EMPTY	AncientTableStoveElectric	Odyssey	ancient electric stove	3x1	22	Graphic_Multi	True	0.5						False	Things/Building/Ancient/Workbenches/AncientTableStoveElectric
USABLE-EMPTY	AncientTableStoveFueled	Odyssey	ancient fueled stove	3x1	22	Graphic_Multi	True	0.5						False	Things/Building/Ancient/Workbenches/AncientTableStoveFueled
USABLE-EMPTY	AncientTableTailorElectric	Odyssey	ancient electric tailor bench	3x1	22	Graphic_Multi	True	0.5						False	Things/Building/Ancient/Workbenches/AncientTableTailorElectric
USABLE-EMPTY	AncientTableTailorHand	Odyssey	ancient hand tailor bench	3x1	22	Graphic_Multi	True	0.5						False	Things/Building/Ancient/Workbenches/AncientTableTailorHand
USABLE-EMPTY	AncientUraniumSlugTurret	Odyssey	broken uranium slug turret	2x2	44	Graphic_Random	True	0.5						False	Things/Building/Ancient/MilitaryCompound/BustedUraniumSlugTurret
USABLE-EMPTY	AncientWoodenCrate	Odyssey	old wooden crate	1x1	22	Graphic_Random	True	0.5						False	Things/Building/Ancient/Shipping/OldWoodenCrate
USABLE-EMPTY	RubblePile	Odyssey	rubble pile	1x1	22	Graphic_Random	True	0.00025		Steel x0.25, WoodLog x0.01, ComponentIndustrial x0.0, Gold x0.0, Plasteel x0.0	Steel x1000, WoodLog x30, ComponentIndustrial x10, Gold x2, Plasteel x1			False	Things/Building/RubblePile
USABLE-EMPTY	OuterRim_Decal_BrokenHornSyndicate	Outer Rim - Furniture & Decor	Decal (Broken Horn Syndicate)	3x3	66	Graphic_Single	True	0.5		OuterRim_Durasteel x0.5	OuterRim_Durasteel x1		OuterRim_ArchitectHypertech	False	OuterRim/Building/Decals/Factions/BrokenHornSyndicate
USABLE-EMPTY	VFEPD_AB_AncientBloodRainVent	Vanilla Furniture Expanded - Props and Decor	ancient blood rain vent	7x7	154	Graphic_Single	True	0.5						True	Things/Building/AncientVents/AB_AncientBloodRainVent
USABLE-EMPTY	VFEPD_AB_AncientBone	Vanilla Furniture Expanded - Props and Decor	ancient bone	2x2	44	Graphic_Single	True	0.5						True	Things/Building/GallatrossGraveyard/AB_AncientBone
USABLE-EMPTY	VFEPD_AB_AncientBrokenBone	Vanilla Furniture Expanded - Props and Decor	ancient shattered bone	1x1	22	Graphic_Single	True	0.5						True	Things/Building/GallatrossGraveyard/AB_AncientBrokenBone
USABLE-EMPTY	VFEPD_AB_AncientDeathPallVent	Vanilla Furniture Expanded - Props and Decor	ancient death pall vent	7x7	154	Graphic_Single	True	0.5						True	Things/Building/AncientVents/AB_AncientDeathPallVent
USABLE-EMPTY	VFEPD_AB_AncientFreezingVent	Vanilla Furniture Expanded - Props and Decor	ancient freezing vent	7x7	154	Graphic_Single	True	0.5						True	Things/Building/AncientVents/AB_AncientFreezingVent
USABLE-EMPTY	VFEPD_AB_AncientGallatrossSkull	Vanilla Furniture Expanded - Props and Decor	ancient gallatross skull	2x2	44	Graphic_Single	True	0.5						True	Things/Building/GallatrossGraveyard/AB_AncientGallatrossSkull
USABLE-EMPTY	VFEPD_AB_AncientGreyPallVent	Vanilla Furniture Expanded - Props and Decor	ancient gray pall vent	7x7	154	Graphic_Single	True	0.5						True	Things/Building/AncientVents/AB_AncientGreyPallVent
USABLE-EMPTY	VFEPD_AB_AncientVerticalBone	Vanilla Furniture Expanded - Props and Decor	ancient bones	1x2	22	Graphic_Single	True	0.5						True	Things/Building/GallatrossGraveyard/AB_AncientVerticalBone
USABLE-EMPTY	VFEPD_AB_DerelictArchonexusCore	Vanilla Furniture Expanded - Props and Decor	derelict archonexus core	11x11	242	Graphic_Single	True	0.5						True	Things/Building/DerelictArchonexus/AB_DerelictArchonexusC
USABLE-EMPTY	VFEPD_AB_DerelictArchotechTower	Vanilla Furniture Expanded - Props and Decor	derelict archotech tower	5x5	110	Graphic_Single	True	0.5						True	Things/Building/DerelictArchonexus/AB_DerelictArchonexusA
USABLE-EMPTY	VFEPD_AB_DerelictBeachUmbrella	Vanilla Furniture Expanded - Props and Decor	derelict beach umbrella	1x1	22	Graphic_Random	True	0.5						False	Things/Building/DerelictResort/AB_DerelictBeachUmbrella
USABLE-EMPTY	VFEPD_AB_DerelictMajorArchotechStructure	Vanilla Furniture Expanded - Props and Decor	derelict major archotech structure	7x7	154	Graphic_Single	True	0.5						True	Things/Building/DerelictArchonexus/AB_DerelictArchonexusB
USABLE-EMPTY	VFEPD_AB_DerelictPoolLadder	Vanilla Furniture Expanded - Props and Decor	derelict pool ladder	1x1	22	Graphic_Single	True	0.5						True	Things/Building/DerelictResort/AB_DerelictPoolLadder
USABLE-EMPTY	VFEPD_AB_DerelictRecliner	Vanilla Furniture Expanded - Props and Decor	derelict recliner	1x2	22	Graphic_Multi	True	0.5						True	Things/Building/DerelictResort/AB_DerelictRecliner
USABLE-EMPTY	VFEPD_AB_DerelictSwimmingPool	Vanilla Furniture Expanded - Props and Decor	derelict swimming pool	10x5	110	Graphic_Single	True	0.5						True	Things/Building/DerelictResort/AB_DerelictPool
USABLE-EMPTY	VFEPD_AB_Mech_RuinedActivator	Vanilla Furniture Expanded - Props and Decor	ruined mech proximity activator	1x1	22	Graphic_Single	True	0.5						True	Things/Building/DerelictCluster/AB_Mech_RuinedActivator
USABLE-EMPTY	VFEPD_AB_Mech_RuinedAssembler	Vanilla Furniture Expanded - Props and Decor	ruined mech assembler	3x3	66	Graphic_Single	True	0.5						True	Things/Building/DerelictCluster/AB_Mech_RuinedAssembler
USABLE-EMPTY	VFEPD_AB_Mech_RuinedCapsule	Vanilla Furniture Expanded - Props and Decor	ruined mech capsule	2x3	44	Graphic_Single	True	0.5						True	Things/Building/DerelictCluster/AB_Mech_RuinedCapsule
USABLE-EMPTY	VFEPD_AB_Mech_RuinedCell	Vanilla Furniture Expanded - Props and Decor	ruined mech power cell	1x1	22	Graphic_Single	True	0.5						True	Things/Building/DerelictCluster/AB_Mech_RuinedCell
USABLE-EMPTY	VFEPD_AB_Mech_RuinedLargeGunPlatform	Vanilla Furniture Expanded - Props and Decor	ruined mech large turret base	2x2	44	Graphic_Single	True	0.5						True	Things/Building/DerelictCluster/AB_Mech_RuinedLargeGunPlatform
USABLE-EMPTY	VFEPD_AB_Mech_RuinedMortar_Full	Vanilla Furniture Expanded - Props and Decor	ruined mech mortar	2x2	44	Graphic_Single	True	0.5						True	Things/Building/DerelictCluster/AB_Mech_RuinedMortar_Full
USABLE-EMPTY	VFEPD_AB_Mech_RuinedMortar_Single	Vanilla Furniture Expanded - Props and Decor	ruined mech mortar gun	2x2	44	Graphic_Single	True	0.5						True	Things/Building/DerelictCluster/AB_Mech_RuinedMortar_Single
USABLE-EMPTY	VFEPD_AB_Mech_RuinedShield	Vanilla Furniture Expanded - Props and Decor	ruined mech shield	1x1	22	Graphic_Single	True	0.5						True	Things/Building/DerelictCluster/AB_Mech_RuinedShield
USABLE-EMPTY	VFEPD_AB_Mech_RuinedTurret_Full	Vanilla Furniture Expanded - Props and Decor	ruined mech turret	1x1	22	Graphic_Single	True	0.5						True	Things/Building/DerelictCluster/AB_Mech_RuinedTurret_Full
USABLE-EMPTY	VFEPD_AB_Mech_RuinedTurret_Single	Vanilla Furniture Expanded - Props and Decor	ruined mech turret base	1x1	22	Graphic_Single	True	0.5						True	Things/Building/DerelictCluster/AB_Mech_RuinedTurret_Single
USABLE-EMPTY	VFEPD_AM_AVendingMachine	Vanilla Furniture Expanded - Props and Decor	ancient vending machine	1x1	22	Graphic_Multi	True	0.5						True	Things/Container/AVendingMachine
USABLE-EMPTY	VFEPD_AM_Amublance	Vanilla Furniture Expanded - Props and Decor	ancient ambulance	5x2	44	Graphic_Single	True	0.5						True	Things/Building/Amublance
USABLE-EMPTY	VFEPD_AM_AncientCashRegister	Vanilla Furniture Expanded - Props and Decor	ancient cash register	3x1	22	Graphic_Multi	True	0.5						True	Things/Building/AncientCashRegister
USABLE-EMPTY	VFEPD_AM_AncientDismantlingWorkbench	Vanilla Furniture Expanded - Props and Decor	ancient dismantling table	3x1	22	Graphic_Multi	True	0.5						True	Things/Building/AncientDismantlingWorkbench
USABLE-EMPTY	VFEPD_AM_AncientGiantHelicopter	Vanilla Furniture Expanded - Props and Decor	ancient giant helicopter	13x5	110	Graphic_Single	True	0.5						True	Things/Building/Mi26
USABLE-EMPTY	VFEPD_AM_AncientRevolvingDoorA	Vanilla Furniture Expanded - Props and Decor	ancient revolving door	3x3	66	Graphic_Multi	True	0.5						True	Things/Building/AncientRevolvingDoorA
USABLE-EMPTY	VFEPD_AM_AncientRevolvingDoorB	Vanilla Furniture Expanded - Props and Decor	ancient revolving door	3x3	66	Graphic_Multi	True	0.5						True	Things/Building/AncientRevolvingDoorB
USABLE-EMPTY	VFEPD_AM_AncientRevolvingDoorC	Vanilla Furniture Expanded - Props and Decor	ancient revolving door	3x3	66	Graphic_Multi	True	0.5						True	Things/Building/AncientRevolvingDoorC
USABLE-EMPTY	VFEPD_AM_AncientRoadblocks	Vanilla Furniture Expanded - Props and Decor	ancient roadblocks	2x1	22	Graphic_Multi	True	0.5						True	Things/Building/AncientRoadblocks
USABLE-EMPTY	VFEPD_AM_AncientTruckCarriages	Vanilla Furniture Expanded - Props and Decor	ancient truck carriages	3x5	66	Graphic_Multi	True	0.5						True	Things/Building/AncientTruckCarriages
USABLE-EMPTY	VFEPD_AM_ArmoredGate	Vanilla Furniture Expanded - Props and Decor	ancient armored gate	3x1	22	Graphic_Multi	True	0.5						True	Things/Building/ArmoredGate
USABLE-EMPTY	VFEPD_AM_ArmoredGateL	Vanilla Furniture Expanded - Props and Decor	ancient armored gate	4x1	22	Graphic_Multi	True	0.5						True	Things/Building/ArmoredGateL
USABLE-EMPTY	VFEPD_AM_ArmoredGateS	Vanilla Furniture Expanded - Props and Decor	ancient armored gate	2x1	22	Graphic_Multi	True	0.5						True	Things/Building/ArmoredGateS
USABLE-EMPTY	VFEPD_AM_ArmoredGateXS	Vanilla Furniture Expanded - Props and Decor	ancient armored gate	1x1	22	Graphic_Multi	True	0.5						True	Things/Building/ArmoredGateXS
USABLE-EMPTY	VFEPD_AM_ArmoredGate_invincible	Vanilla Furniture Expanded - Props and Decor	ancient armored gate	3x1	22	Graphic_Multi	True	0.5						True	Things/Building/ArmoredGate
USABLE-EMPTY	VFEPD_AM_BDAShelfA	Vanilla Furniture Expanded - Props and Decor	damaged large shelves	4x2	44	Graphic_Single	True	0.5						True	Things/Container/big/BDAShelfA
USABLE-EMPTY	VFEPD_AM_BDAShelfB	Vanilla Furniture Expanded - Props and Decor	damaged large shelves	4x2	44	Graphic_Single	True	0.5						True	Things/Container/big/BDAShelfA
USABLE-EMPTY	VFEPD_AM_BTR82A	Vanilla Furniture Expanded - Props and Decor	ancient suspended IFV	3x6	66	Graphic_Multi	True	0.5						True	Things/Container/82a
USABLE-EMPTY	VFEPD_AM_DamagedEmptyShelves	Vanilla Furniture Expanded - Props and Decor	collapsed shelves	2x1	22	Graphic_Multi	True	0.5						True	Things/Container/DamagedEmptyShelves
USABLE-EMPTY	VFEPD_AM_DownwardStairs	Vanilla Furniture Expanded - Props and Decor	Ancient construction site staircase	2x3	44	Graphic_Multi	True	0.5						True	Things/Building/DownwardStairs
USABLE-EMPTY	VFEPD_AM_Entrance_Bunker	Vanilla Furniture Expanded - Props and Decor	Ancient staircase	2x3	44	Graphic_Multi	True	0.5						True	Things/Building/DownwardStairs
USABLE-EMPTY	VFEPD_AM_Entrance_CommercialStreet	Vanilla Furniture Expanded - Props and Decor	Ancient escalator	4x4	88	Graphic_Multi	True	0.5						True	Things/Building/DownwardEscalator
USABLE-EMPTY	VFEPD_AM_Entrance_Mall_A	Vanilla Furniture Expanded - Props and Decor	Ancient escalator	2x4	44	Graphic_Multi	True	0.5						True	Things/Building/AscendingEscalatorA
USABLE-EMPTY	VFEPD_AM_Entrance_Mall_B	Vanilla Furniture Expanded - Props and Decor	Ancient escalator	2x4	44	Graphic_Multi	True	0.5						True	Things/Building/AscendingEscalatorA
USABLE-EMPTY	VFEPD_AM_Entrance_ReserveBunker	Vanilla Furniture Expanded - Props and Decor	Ancient staircase	2x3	44	Graphic_Multi	True	0.5						True	Things/Building/DownwardStairs
USABLE-EMPTY	VFEPD_AM_Entrance_Shelter	Vanilla Furniture Expanded - Props and Decor	Ancient staircase	2x3	44	Graphic_Multi	True	0.5						True	Things/Building/DownwardStairs
USABLE-EMPTY	VFEPD_AM_Entrance_Subway	Vanilla Furniture Expanded - Props and Decor	Ancient escalator	4x4	88	Graphic_Multi	True	0.5						True	Things/Building/DownwardEscalator
USABLE-EMPTY	VFEPD_AM_Exit_DoubleElevator	Vanilla Furniture Expanded - Props and Decor	Ancient escalator	4x4	88	Graphic_Multi	True	0.5						True	Things/Building/AscendingEscalator
USABLE-EMPTY	VFEPD_AM_Exit_Elevator	Vanilla Furniture Expanded - Props and Decor	Ancient escalator	2x4	44	Graphic_Multi	True	0.5						True	Things/Building/DownwardEscalatorA
USABLE-EMPTY	VFEPD_AM_Exit_L	Vanilla Furniture Expanded - Props and Decor	Ancient escalator	4x4	88	Graphic_Multi	True	0.5						True	Things/Building/AscendingEscalator
USABLE-EMPTY	VFEPD_AM_Exit_S	Vanilla Furniture Expanded - Props and Decor	Ancient escalator	2x4	44	Graphic_Multi	True	0.5						True	Things/Building/AscendingEscalatorA
USABLE-EMPTY	VFEPD_AM_Exit_Staircase	Vanilla Furniture Expanded - Props and Decor	Ancient staircase	2x3	44	Graphic_Multi	True	0.5						True	Things/Building/AscendingStairs
USABLE-EMPTY	VFEPD_AM_FireTruck	Vanilla Furniture Expanded - Props and Decor	ancient fire truck	7x3	66	Graphic_Single	True	0.5						True	Things/Building/FireTruck
USABLE-EMPTY	VFEPD_AM_OldBigCase	Vanilla Furniture Expanded - Props and Decor	ancient large military supplies case	2x1	22	Graphic_Multi	True	0.5						True	Things/Container/OldBigCase
USABLE-EMPTY	VFEPD_AM_OldSmallCase	Vanilla Furniture Expanded - Props and Decor	ancient small military Case	1x1	22	Graphic_Multi	True	0.5						True	Things/Container/OldSmallCase
USABLE-EMPTY	VFEPD_AM_OldWeaponCase	Vanilla Furniture Expanded - Props and Decor	ancient weapon case	2x1	22	Graphic_Multi	True	0.5						True	Things/Container/OldWeaponCase
USABLE-EMPTY	VFEPD_AM_Trader	Vanilla Furniture Expanded - Props and Decor	ancient logistics terminal	4x4	88	Graphic_Single	True	0.5						True	Things/Building/AncientLogisticsTerminal
USABLE-EMPTY	VFEPD_AM_WatchForGorehulk	Vanilla Furniture Expanded - Props and Decor	watch for Gorehulk sign	1x1	22	Graphic_Single	True	0.5						True	Things/Building/StreetPlate/WatchForGorehulk
USABLE-EMPTY	VFEPD_AlphaGenesAncientBandNode	Vanilla Furniture Expanded - Props and Decor	ancient band node	2x2	44	Graphic_Single	True	0.5						True	Things/Building/AG_RuinedBandNode
USABLE-EMPTY	VFEPD_AlphaGenesAncientBasicRecharger	Vanilla Furniture Expanded - Props and Decor	ancient mech recharger	3x1	22	Graphic_Multi	True	0.5						True	Things/Building/AG_RuinedBasicRecharger
USABLE-EMPTY	VFEPD_AlphaGenesAncientFaultyLamp	Vanilla Furniture Expanded - Props and Decor	ancient faulty lamp	1x1	22	Graphic_Single	True	0.5						True	Things/Building/AG_AncientFaultyLamp
USABLE-EMPTY	VFEPD_AlphaGenesAncientGeneAssembler	Vanilla Furniture Expanded - Props and Decor	ancient gene assembler	3x2	44	Graphic_Multi	True	0.5						True	Things/Building/AG_GeneAssembler
USABLE-EMPTY	VFEPD_AlphaGenesAncientGeneBank	Vanilla Furniture Expanded - Props and Decor	ancient gene bank	2x1	22	Graphic_Multi	True	0.5						True	Things/Building/AG_RuinedGeneBank
USABLE-EMPTY	VFEPD_AlphaGenesAncientGeneExtractor	Vanilla Furniture Expanded - Props and Decor	ancient gene extractor	2x2	44	Graphic_Multi	True	0.5						True	Things/Building/AG_RuinedGeneExtractor
USABLE-EMPTY	VFEPD_AlphaGenesAncientGeneProcessor	Vanilla Furniture Expanded - Props and Decor	ancient gene processor	2x2	44	Graphic_Single	True	0.5						True	Things/Building/AG_RuinedGeneProcessor
USABLE-EMPTY	VFEPD_AlphaGenesAncientGrowthVat	Vanilla Furniture Expanded - Props and Decor	ancient growth vat	1x2	22	Graphic_Multi	True	0.5						True	Things/Building/AG_RuinedGrowthVat
USABLE-EMPTY	VFEPD_AlphaGenesAncientHugeBank	Vanilla Furniture Expanded - Props and Decor	ancient huge gene bank	4x2	44	Graphic_Single	True	0.5						True	Things/Building/AG_RuinedHugeBank
USABLE-EMPTY	VFEPD_AlphaGenesAncientLamp	Vanilla Furniture Expanded - Props and Decor	ancient broken lamp	1x1	22	Graphic_Single	True	0.5						True	Things/Building/AG_RuinedLamp
USABLE-EMPTY	VFEPD_AlphaGenesAncientLargeMechGestator	Vanilla Furniture Expanded - Props and Decor	ancient large mech gestator	4x3	66	Graphic_Multi	True	0.5						True	Things/Building/AG_RuinedMechGestatorLarge
USABLE-EMPTY	VFEPD_AlphaGenesAncientLargeRecharger	Vanilla Furniture Expanded - Props and Decor	ancient large mech recharger	3x2	44	Graphic_Multi	True	0.5						True	Things/Building/AG_RuinedStandardRecharger
USABLE-EMPTY	VFEPD_AlphaGenesAncientMechGestator	Vanilla Furniture Expanded - Props and Decor	ancient mech gestator	3x2	44	Graphic_Multi	True	0.5						True	Things/Building/AG_RuinedMechGestatorStandard
USABLE-EMPTY	VFEPD_AlphaGenesAncientPollutionPump	Vanilla Furniture Expanded - Props and Decor	ancient pollution pump	1x1	22	Graphic_Single	True	0.5						True	Things/Building/AG_RuinedPollutionPump
USABLE-EMPTY	VFEPD_AlphaGenesAncientShelf	Vanilla Furniture Expanded - Props and Decor	ancient shelf	2x1	22	Graphic_Multi	True	0.5						True	Things/Building/AG_RuinedShelf
USABLE-EMPTY	VFEPD_AlphaGenesAncientSubcoreRipscanner	Vanilla Furniture Expanded - Props and Decor	ancient subcore ripscanner	3x2	44	Graphic_Multi	True	0.5						True	Things/Building/AG_RuinedSubcoreRipscanner
USABLE-EMPTY	VFEPD_AlphaGenesAncientVitalsMonitor	Vanilla Furniture Expanded - Props and Decor	ancient vitals monitor	1x1	22	Graphic_Multi	True	0.5						True	Things/Building/AG_RuinedVitalsMonitor
USABLE-EMPTY	VFEPD_AlphaGenesAncientWastepackAtomizer	Vanilla Furniture Expanded - Props and Decor	ancient wastepack atomizer	3x2	44	Graphic_Single	True	0.5						True	Things/Building/AG_RuinedWastepackAtomizer
USABLE-EMPTY	VFEPD_AncientAPC	Vanilla Furniture Expanded - Props and Decor	ancient ruined APC	5x3	66	Graphic_Single	True	0.5						False	Things/Building/Ruins/RuinedAPC
USABLE-EMPTY	VFEPD_AncientATM	Vanilla Furniture Expanded - Props and Decor	ancient ATM	1x1	22	Graphic_Single	True	0.5						True	Things/Building/Ruins/AncientATM
USABLE-EMPTY	VFEPD_AncientAirConditioner	Vanilla Furniture Expanded - Props and Decor	ancient air conditioner	1x1	22	Graphic_Single	True	0.5						True	Things/Building/Ruins/AirConditioner
USABLE-EMPTY	VFEPD_AncientAmmoStack	Vanilla Furniture Expanded - Props and Decor	ancient ammo box	1x1	22	Graphic_Random	True	0.5						False	Things/Building/Ancient/MilitaryCompound/AncientAmmoStack
USABLE-EMPTY	VFEPD_AncientAntenna	Vanilla Furniture Expanded - Props and Decor	ancient antenna	1x1	22	Graphic_Random	True	0.5						False	Things/Building/Ancient/MilitaryCompound/AncientAntenna
USABLE-EMPTY	VFEPD_AncientArmchair	Vanilla Furniture Expanded - Props and Decor	ancient armchair	1x1	22	Graphic_Multi	True	0.5						False	Things/Building/Ancient/House/AncientArmchair
USABLE-EMPTY	VFEPD_AncientAutocannonTurret	Vanilla Furniture Expanded - Props and Decor	broken autocannon turret	2x2	44	Graphic_Random	True	0.5						False	Things/Building/Ancient/MilitaryCompound/BustedAutocannonTurret
USABLE-EMPTY	VFEPD_AncientAutomaticDrillingRig	Vanilla Furniture Expanded - Props and Decor	ancient automatic drilling rig	3x3	66	Graphic_Single	True	0.5						True	Things/Building/AncientAutomaticDrillingRig/AncientAutomaticDrillingRig
USABLE-EMPTY	VFEPD_AncientBandNode	Vanilla Furniture Expanded - Props and Decor	ancient band node	2x2	44	Graphic_Single	True	0.5						True	Things/Building/Ruins/AncientBandNode
USABLE-EMPTY	VFEPD_AncientBarrel	Vanilla Furniture Expanded - Props and Decor	ancient barrel	1x1	22	Graphic_Random	True	0.5						False	Things/Building/Ruins/AncientBarrel
USABLE-EMPTY	VFEPD_AncientBarrierGate	Vanilla Furniture Expanded - Props and Decor	ancient barrier gate	4x1	22	Graphic_Multi	True	0.5						True	Things/Building/Props/AncientBarrierGate
USABLE-EMPTY	VFEPD_AncientBarrierLong	Vanilla Furniture Expanded - Props and Decor	large concrete barrier	2x1	22	Graphic_Multi	True	0.5						False	Things/Building/Ancient/Checkpoint/AncientBarrierLong
USABLE-EMPTY	VFEPD_AncientBasicRecharger	Vanilla Furniture Expanded - Props and Decor	ancient basic recharger	3x1	22	Graphic_Multi	True	0.5						True	Things/Building/Ruins/AncientBasicRecharger
USABLE-EMPTY	VFEPD_AncientBathtub	Vanilla Furniture Expanded - Props and Decor	cracked bathtub	1x2	22	Graphic_Multi	True	0.5						False	Things/Building/Ancient/House/CrackedBathtub
USABLE-EMPTY	VFEPD_AncientBattery	Vanilla Furniture Expanded - Props and Decor	ancient battery	1x2	22	Graphic_Multi	True	0.5						True	Things/Building/Power/AncientBattery
USABLE-EMPTY	VFEPD_AncientBed	Vanilla Furniture Expanded - Props and Decor	ancient bed	1x2	22	Graphic_Multi	True	0.5						True	Things/Building/Ruins/AncientBed
USABLE-EMPTY	VFEPD_AncientBedTwo	Vanilla Furniture Expanded - Props and Decor	ancient bed	1x2	22	Graphic_Multi	True	0.5						True	Things/Building/Beds/AncientSingleBed
USABLE-EMPTY	VFEPD_AncientBioBattery	Vanilla Furniture Expanded - Props and Decor	ancient microbiobattery	1x2	22	Graphic_Multi	True	0.5						True	Things/Building/Ruined/AncientMicrobiobattery
USABLE-EMPTY	VFEPD_AncientBioBatteryTank	Vanilla Furniture Expanded - Props and Decor	ancient bio-battery tank	3x3	66	Graphic_Single	True	0.5						True	Things/Building/ModCompat/BioBattery_Assembled
USABLE-EMPTY	VFEPD_AncientBlastDoor	Vanilla Furniture Expanded - Props and Decor	ancient blast door, closed	1x1	22	Graphic_Multi	True	0.5						False	Things/Building/Ancient/BlastDoor/AncientBlastDoor_MenuIcon
USABLE-EMPTY	VFEPD_AncientBlastDoor_Frame	Vanilla Furniture Expanded - Props and Decor	ancient blast door, frame	1x1	22	Graphic_Multi	True	0.5						False	Things/Building/Ancient/BlastDoor/AncientBlastDoor_Top
USABLE-EMPTY	VFEPD_AncientBox_ComponentIndustrial	Vanilla Furniture Expanded - Props and Decor	component box	1x1	22	Graphic_Single	True	0.5						False	Things/Building/Ancient/OpenableContainers/ComponentBox_Close
USABLE-EMPTY	VFEPD_AncientBox_ComponentSpacer	Vanilla Furniture Expanded - Props and Decor	advanced component box	1x1	22	Graphic_Single	True	0.5						False	Things/Building/Ancient/OpenableContainers/SpacerComponentBox_Close
USABLE-EMPTY	VFEPD_AncientBox_SteelSlag	Vanilla Furniture Expanded - Props and Decor	steel scrap box	1x1	22	Graphic_Single	True	0.5						False	Things/Building/Ancient/OpenableContainers/SteelSlagBox_Close
USABLE-EMPTY	VFEPD_AncientBroadcastingStation	Vanilla Furniture Expanded - Props and Decor	ancient broadcasting station	3x3	66	Graphic_Single	True	0.5						True	Things/Building/Lootables/AncientBroadcastingStation_On
USABLE-EMPTY	VFEPD_AncientBroadcastingStation_Old	Vanilla Furniture Expanded - Props and Decor	ancient broadcasting station	3x3	66	Graphic_Single	True	0.5						True	Things/Building/Props/AncientBroadcastStation_Old
USABLE-EMPTY	VFEPD_AncientBrokenDefensiveTurret	Vanilla Furniture Expanded - Props and Decor	ancient broken defensive turret	2x2	44	Graphic_Single	True	0.5						True	Things/Building/Props/AncientBrokenDefensiveTurret
USABLE-EMPTY	VFEPD_AncientBrokenTurret	Vanilla Furniture Expanded - Props and Decor	ancient broken turret	2x2	44	Graphic_Multi	True	0.5						True	Things/Building/Turret/AncientBrokenTurret
USABLE-EMPTY	VFEPD_AncientBustedTurretPlatform	Vanilla Furniture Expanded - Props and Decor	ancient busted turret platform	2x2	44	Graphic_Single	True	0.5						True	Things/Building/Props/AncientBustedTurretPlatform
USABLE-EMPTY	VFEPD_AncientCardboardBox	Vanilla Furniture Expanded - Props and Decor	old cardboard box	1x1	22	Graphic_Random	True	0.5						False	Things/Building/Ancient/Shop/OldCardboardBox
USABLE-EMPTY	VFEPD_AncientChembarrel	Vanilla Furniture Expanded - Props and Decor	ancient chembarrel	1x1	22	Graphic_Random	True	0.5						False	Things/Building/Ancient/Chemfuel/AncientChembarrel
USABLE-EMPTY	VFEPD_AncientChembarrelPallet	Vanilla Furniture Expanded - Props and Decor	ancient chembarrel pallet	2x2	44	Graphic_Random	True	0.5						False	Things/Building/Ancient/Chemfuel/AncientChembarrelPallet
USABLE-EMPTY	VFEPD_AncientChemfuelCanister	Vanilla Furniture Expanded - Props and Decor	chemfuel canister	1x1	22	Graphic_Single	True	0.5						False	Things/Building/Ancient/OpenableContainers/OldChemfuelCanister_Close
USABLE-EMPTY	VFEPD_AncientChemfuelPoweredGenerator	Vanilla Furniture Expanded - Props and Decor	ancient chemfuel powered generator	3x3	66	Graphic_Single	True	0.5						True	Things/Building/Power/AncientChemfuelGenerator
USABLE-EMPTY	VFEPD_AncientChemfuelPoweredGenerator_Old	Vanilla Furniture Expanded - Props and Decor	ancient chemfuel powered generator	3x3	66	Graphic_Single	True	0.5						True	Things/Building/Power/AncientChemfuelGenerator_Old
USABLE-EMPTY	VFEPD_AncientChemtruck	Vanilla Furniture Expanded - Props and Decor	ancient chemtruck	2x4	44	Graphic_Multi	True	0.5						False	Things/Building/Ancient/Chemfuel/AncientChemtrack
USABLE-EMPTY	VFEPD_AncientColdStorage	Vanilla Furniture Expanded - Props and Decor	ancient cold storage	1x1	22	Graphic_Multi	True	0.5						False	Things/Building/Ancient/House/RustedFridge
USABLE-EMPTY	VFEPD_AncientCommsConsole	Vanilla Furniture Expanded - Props and Decor	ancient comms console	3x2	44	Graphic_Multi	True	0.5						True	Things/Building/Ruins/AncientCommsConsole
USABLE-EMPTY	VFEPD_AncientComputerDesk	Vanilla Furniture Expanded - Props and Decor	ancient computer desk	2x1	22	Graphic_Multi	True	0.5						True	Things/Building/Props/AncientComputerDesk
USABLE-EMPTY	VFEPD_AncientConcreteBarrier	Vanilla Furniture Expanded - Props and Decor	ancient concrete barrier	1x1	22	Graphic_Random	True	0.5						False	Things/Building/Ruins/AncientConcreteBarrier
USABLE-EMPTY	VFEPD_AncientContainer	Vanilla Furniture Expanded - Props and Decor	ancient container	3x5	66	Graphic_Multi	True	0.5						True	Things/Building/Ruins/AncientContainer
USABLE-EMPTY	VFEPD_AncientCooler	Vanilla Furniture Expanded - Props and Decor	ancient cooler	2x2	44	Graphic_Multi	True	0.5						True	Things/Building/Props/AncientCooler
USABLE-EMPTY	VFEPD_AncientCraneArm	Vanilla Furniture Expanded - Props and Decor	ruined crane arm	2x1	22	Graphic_Multi	True	0.5						False	Things/Building/Ancient/Shipping/RuinedCraneArm
USABLE-EMPTY	VFEPD_AncientCraneArmSmall	Vanilla Furniture Expanded - Props and Decor	ruined crane arm	1x1	22	Graphic_Multi	True	0.5						False	Things/Building/Ancient/Shipping/RuinedCraneArmSmall
USABLE-EMPTY	VFEPD_AncientCraneBase	Vanilla Furniture Expanded - Props and Decor	ruined crane base	5x5	110	Graphic_Single	True	0.5						False	Things/Building/Ancient/Shipping/RuinedCrane_Base
USABLE-EMPTY	VFEPD_AncientCraneColumn	Vanilla Furniture Expanded - Props and Decor	ruined crane column	2x2	44	Graphic_Random	True	0.5						False	Things/Building/Ancient/Shipping/RuinedCraneColumn
USABLE-EMPTY	VFEPD_AncientCrate	Vanilla Furniture Expanded - Props and Decor	ancient crate	1x1	22	Graphic_Random	True	0.5						False	Things/Building/Ruins/AncientCrate
USABLE-EMPTY	VFEPD_AncientCrateDouble	Vanilla Furniture Expanded - Props and Decor	ancient ruined crate	2x1	22	Graphic_Multi	True	0.5						True	Things/Building/Ruined/GR_DoubleAncientCrate
USABLE-EMPTY	VFEPD_AncientCratePallet	Vanilla Furniture Expanded - Props and Decor	ancient crate pallet	2x2	44	Graphic_Random	True	0.5						False	Things/Building/Ancient/Shipping/AncientCratePallet
USABLE-EMPTY	VFEPD_AncientCratePile	Vanilla Furniture Expanded - Props and Decor	pile of ancient ruined crates	2x2	44	Graphic_Random	True	0.5						False	Things/Building/Ruined/GR_PileAncientCrate
USABLE-EMPTY	VFEPD_AncientCrateTwo	Vanilla Furniture Expanded - Props and Decor	ancient ruined crate	1x1	22	Graphic_Random	True	0.5						False	Things/Building/Ruined/GR_AncientCrate
USABLE-EMPTY	VFEPD_AncientCryofreezer	Vanilla Furniture Expanded - Props and Decor	ancient cryofreezer	3x3	66	Graphic_Single	True	0.5						True	Things/Building/Ruined/AncientCryofreezer
USABLE-EMPTY	VFEPD_AncientCryptosleepPod	Vanilla Furniture Expanded - Props and Decor	ancient cryptosleep pod	1x2	22	Graphic_Multi	True	0.5						True	Things/Building/Ruins/AncientCryptosleepPod
USABLE-EMPTY	VFEPD_AncientCryptosleepSarcophagus	Vanilla Furniture Expanded - Props and Decor	ancient cryptosleep sarcophagus	1x2	22	Graphic_Multi	True	0.5						True	Things/Building/Beds/AncientCryptosleepSarcophagusClosed
USABLE-EMPTY	VFEPD_AncientCryptosleepSuspender	Vanilla Furniture Expanded - Props and Decor	ancient cryptosleep suspender	1x2	22	Graphic_Multi	True	0.5						True	Things/Building/Beds/AncientCryptosleepSuspender
USABLE-EMPTY	VFEPD_AncientDestroyedConsole	Vanilla Furniture Expanded - Props and Decor	ancient destroyed console	2x1	22	Graphic_Multi	True	0.5						False	Things/Building/Ancient/DestroyedConsole/AncientDestroyedConsole_Small
USABLE-EMPTY	VFEPD_AncientDestroyedConsoleLarge	Vanilla Furniture Expanded - Props and Decor	ancient destroyed console	3x1	22	Graphic_Multi	True	0.5						False	Things/Building/Ancient/DestroyedConsole/AncientDestroyedConsole_Large
USABLE-EMPTY	VFEPD_AncientDisplayBank	Vanilla Furniture Expanded - Props and Decor	ancient display bank	3x1	22	Graphic_Multi	True	0.5						True	Things/Building/Ruins/AncientDisplayBank
USABLE-EMPTY	VFEPD_AncientDoubleBed	Vanilla Furniture Expanded - Props and Decor	rusted double bed	2x2	44	Graphic_Multi	True	0.5						False	Things/Building/Ancient/House/RustedDoubleBed
USABLE-EMPTY	VFEPD_AncientDrillPlatform	Vanilla Furniture Expanded - Props and Decor	ancient drill rig	3x3	66	Graphic_Random	True	0.5						False	Things/Building/Ancient/DrillPlatform
USABLE-EMPTY	VFEPD_AncientDropshipEngine	Vanilla Furniture Expanded - Props and Decor	ancient dropship engine	3x2	44	Graphic_Single	True	0.5						False	Things/Building/Ruins/AncientDropshipEngine
USABLE-EMPTY	VFEPD_AncientEducator	Vanilla Furniture Expanded - Props and Decor	ancient educator	1x1	22	Graphic_Multi	True	0.5						True	Things/Building/Recreation/AncientEducator
USABLE-EMPTY	VFEPD_AncientElectricalEquipment	Vanilla Furniture Expanded - Props and Decor	ancient electrical appliances	1x4	22	Graphic_Multi	True	0.5						True	Things/Building/AncientTunnelBoringMachine/AncientElectricalEquipment
USABLE-EMPTY	VFEPD_AncientElectrowomb	Vanilla Furniture Expanded - Props and Decor	ancient electrowomb	1x1	22	Graphic_Single	True	0.5						True	Things/Building/Ruined/AncientElectrowomb
USABLE-EMPTY	VFEPD_AncientElectrowombLarge	Vanilla Furniture Expanded - Props and Decor	ancient large electrowomb	2x2	44	Graphic_Single	True	0.5						True	Things/Building/Ruined/AncientElectrowombLarge
USABLE-EMPTY	VFEPD_AncientEmergencyLight_Red	Vanilla Furniture Expanded - Props and Decor	ancient emergency light	1x1	22	Graphic_Multi	True	0.5						False	Things/Building/Ancient/EmergencyLight/AncientEmergencyLight
USABLE-EMPTY	VFEPD_AncientEmergencyPurifier	Vanilla Furniture Expanded - Props and Decor	ancient emergency purifier	3x3	66	Graphic_Single	True	0.5						True	Things/Building/Traps/EmergencyBurner_On
USABLE-EMPTY	VFEPD_AncientEmergencyPurifier_Off	Vanilla Furniture Expanded - Props and Decor	ancient emergency purifier	3x3	66	Graphic_Single	True	0.5						True	Things/Building/Traps/EmergencyBurner_Off
USABLE-EMPTY	VFEPD_AncientEmptyMiningCar	Vanilla Furniture Expanded - Props and Decor	ancient empty mining car	5x3	66	Graphic_Single	True	0.5						True	Things/Building/Props/AncientEmptyCarriage
USABLE-EMPTY	VFEPD_AncientEnemyTerminal	Vanilla Furniture Expanded - Props and Decor	ancient enemy terminal	1x1	22	Graphic_Multi	True	0.5						True	Things/Building/Ruins/AncientEnemyTerminal
USABLE-EMPTY	VFEPD_AncientEquipmentBlocks	Vanilla Furniture Expanded - Props and Decor	ancient equipment blocks	4x2	44	Graphic_Multi	True	0.5						True	Things/Building/Ruins/AncientEquipmentBlocks
USABLE-EMPTY	VFEPD_AncientExcavator	Vanilla Furniture Expanded - Props and Decor	ancient excavator	3x4	66	Graphic_Multi	True	0.5						False	Things/Building/Ancient/Excavator/AncientExcavator
USABLE-EMPTY	VFEPD_AncientExcavatorBucketWheel	Vanilla Furniture Expanded - Props and Decor	ancient excavator bucket wheel	5x5	110	Graphic_Multi	True	0.5						True	Things/Building/AncientGiantRockExcavator/AncientExcavatorBucketWheel
USABLE-EMPTY	VFEPD_AncientExcavatorPowerFacilities	Vanilla Furniture Expanded - Props and Decor	ancient excavator power system	5x5	110	Graphic_Single	True	0.5						True	Things/Building/AncientGiantRockExcavator/AncientExcavatorPowerFacilities
USABLE-EMPTY	VFEPD_AncientExostriderCannon	Vanilla Furniture Expanded - Props and Decor	exostrider cannon	3x2	44	Graphic_Single	True	0.5						True	Things/Building/Ruins/AncientExostrider/AncientExostriderCannon
USABLE-EMPTY	VFEPD_AncientExostriderHead	Vanilla Furniture Expanded - Props and Decor	exostrider head	2x2	44	Graphic_Single	True	0.5						True	Things/Building/Ruins/AncientExostrider/AncientExostriderHead
USABLE-EMPTY	VFEPD_AncientExostriderLeg	Vanilla Furniture Expanded - Props and Decor	exostrider leg	2x1	22	Graphic_Random	True	0.5						False	Things/Building/Ruins/AncientExostrider/AncientExostriderLeg
USABLE-EMPTY	VFEPD_AncientExostriderRemains	Vanilla Furniture Expanded - Props and Decor	exostrider remains	3x2	44	Graphic_Single	True	0.5						True	Things/Building/Ruins/AncientExostrider/AncientExostriderMidsection
USABLE-EMPTY	VFEPD_AncientExostriderRemainsPulseEffect	Vanilla Furniture Expanded - Props and Decor	exostrider pulse	1x1	22	Graphic_Single	True	0.5						True	Things/Building/ModCompat/Empty
USABLE-EMPTY	VFEPD_AncientExplosivesCrate	Vanilla Furniture Expanded - Props and Decor	ancient explosives crate	2x2	44	Graphic_Random	True	0.5						False	Things/Building/Ancient/ExplosivesCrate
USABLE-EMPTY	VFEPD_AncientFauxPlant	Vanilla Furniture Expanded - Props and Decor	ancient faux plant	1x1	22	Graphic_Random	True	0.5						False	Things/Building/Furniture/AncientFauxPlant
USABLE-EMPTY	VFEPD_AncientFence	Vanilla Furniture Expanded - Props and Decor	ancient fence	1x1	22	Graphic_Single	True	0.5						True	Things/Building/Linked/AncientFence_Atlas
USABLE-EMPTY	VFEPD_AncientFilingCabinet	Vanilla Furniture Expanded - Props and Decor	rusted filing cabinet	1x1	22	Graphic_Multi	True	0.5						False	Things/Building/Ancient/House/RustedFilingCabinet
USABLE-EMPTY	VFEPD_AncientFoosballTable	Vanilla Furniture Expanded - Props and Decor	ancient foosball table	2x1	22	Graphic_Multi	True	0.5						True	Things/Building/Recreation/AncientFoosballTable
USABLE-EMPTY	VFEPD_AncientForklift	Vanilla Furniture Expanded - Props and Decor	ruined forklift	2x4	44	Graphic_Multi	True	0.5						False	Things/Building/Ancient/Shipping/RustedForklift
USABLE-EMPTY	VFEPD_AncientFuelNode	Vanilla Furniture Expanded - Props and Decor	ancient fuel node	1x1	22	Graphic_Random	True	0.5						False	Things/Building/Ruins/AncientFuelNode
USABLE-EMPTY	VFEPD_AncientFuelTank	Vanilla Furniture Expanded - Props and Decor	ancient fuel tank	2x3	44	Graphic_Multi	True	0.5						True	Things/Building/Props/AncientFuelTank
USABLE-EMPTY	VFEPD_AncientGenepackCrate	Vanilla Furniture Expanded - Props and Decor	ancient genepack crate	1x1	22	Graphic_Single	True	0.5						True	Things/Building/Lootables/Loot_GenepackCrate_Full
USABLE-EMPTY	VFEPD_AncientGenepackCrate_Empty	Vanilla Furniture Expanded - Props and Decor	ancient genepack crate	1x1	22	Graphic_Single	True	0.5						True	Things/Building/Lootables/Loot_GenepackCrate_Empty
USABLE-EMPTY	VFEPD_AncientGenerator	Vanilla Furniture Expanded - Props and Decor	ancient generator	2x2	44	Graphic_Random	True	0.5						False	Things/Building/Ruins/AncientGenerator
USABLE-EMPTY	VFEPD_AncientGeneticsTinkeringTable	Vanilla Furniture Expanded - Props and Decor	ancient genetics tinkering table	5x2	44	Graphic_Multi	True	0.5						True	Things/Building/Ruined/AncientTableGeneticTinkering
USABLE-EMPTY	VFEPD_AncientGenomeExtractor	Vanilla Furniture Expanded - Props and Decor	ancient genome extractor table	3x1	22	Graphic_Multi	True	0.5						True	Things/Building/Ruined/AncientTableGeneticExtraction
USABLE-EMPTY	VFEPD_AncientGenomeRecombinator	Vanilla Furniture Expanded - Props and Decor	ancient genome recombinator	3x2	44	Graphic_Multi	True	0.5						True	Things/Building/Ruined/AncientGenomeRecombinator
USABLE-EMPTY	VFEPD_AncientGenomorpher	Vanilla Furniture Expanded - Props and Decor	ancient genomorpher	5x5	110	Graphic_Multi	True	0.5						True	Things/Building/Ruined/AncientGenomorpher
USABLE-EMPTY	VFEPD_AncientGeothermalPlant	Vanilla Furniture Expanded - Props and Decor	ancient geothermal plant	6x6	132	Graphic_Single	True	0.5						True	Things/Building/Power/AncientGeothermalPlant
USABLE-EMPTY	VFEPD_AncientGiantRockExcavator	Vanilla Furniture Expanded - Props and Decor	ancient giant rock excavator chassis	9x9	198	Graphic_Single	True	0.5						True	Things/Building/AncientGiantRockExcavator/AncientGiantRockExcavator
USABLE-EMPTY	VFEPD_AncientGiantWheel	Vanilla Furniture Expanded - Props and Decor	ancient giant wheel	2x2	44	Graphic_Random	True	0.5						False	Things/Building/Ruins/GiantWheel
USABLE-EMPTY	VFEPD_AncientGravEngine	Vanilla Furniture Expanded - Props and Decor	ancient grav engine	3x3	66	Graphic_Single	True	0.5						False	Things/Building/Ancient/GravEngine
USABLE-EMPTY	VFEPD_AncientGravReactor	Vanilla Furniture Expanded - Props and Decor	ancient grav reactor	5x5	110	Graphic_Multi	True	0.5						False	Things/Building/Ancient/GravReactor/AncientGravReactor
USABLE-EMPTY	VFEPD_AncientHatch	Vanilla Furniture Expanded - Props and Decor	ancient stockpile entrance	3x3	66	Graphic_Single	True	0.5						False	Things/Building/AncientHatch/AncientHatch_Closed
USABLE-EMPTY	VFEPD_AncientHeatVent	Vanilla Furniture Expanded - Props and Decor	ancient heat vent	7x7	154	Graphic_Single	True	0.5						False	Things/Building/AncientHeatVent
USABLE-EMPTY	VFEPD_AncientHeater	Vanilla Furniture Expanded - Props and Decor	ancient heater	1x1	22	Graphic_Single	True	0.5						True	Things/Building/Props/AncientHeater
USABLE-EMPTY	VFEPD_AncientHermetic	Vanilla Furniture Expanded - Props and Decor	ancient hermetic crate	1x2	22	Graphic_Multi	True	0.5						True	Things/Building/Ruins/AncientHermeticCrate
USABLE-EMPTY	VFEPD_AncientHospitalArmchair	Vanilla Furniture Expanded - Props and Decor	ancient hospital armchair	1x1	22	Graphic_Multi	True	0.5						True	Things/Building/Furniture/AncientHospitalArmchair
USABLE-EMPTY	VFEPD_AncientHospitalBench	Vanilla Furniture Expanded - Props and Decor	ancient hospital bench	2x1	22	Graphic_Multi	True	0.5						True	Things/Building/Furniture/AncientHospitalBench
USABLE-EMPTY	VFEPD_AncientHospitalCrib	Vanilla Furniture Expanded - Props and Decor	ancient hospital crib	1x1	22	Graphic_Multi	True	0.5						True	Things/Building/Furniture/AncientHospitalCrib
USABLE-EMPTY	VFEPD_AncientHydrant	Vanilla Furniture Expanded - Props and Decor	ancient hydrant	1x1	22	Graphic_Single	True	0.5						True	Things/Building/Ruins/AncientHydrant
USABLE-EMPTY	VFEPD_AncientIVStand	Vanilla Furniture Expanded - Props and Decor	ancient IV stand	1x1	22	Graphic_Random	True	0.5						False	Things/Building/Props/AncientIVStand
USABLE-EMPTY	VFEPD_AncientIncubator	Vanilla Furniture Expanded - Props and Decor	ancient incubator	1x1	22	Graphic_Multi	True	0.5						True	Things/Building/Props/AncientIncubator
USABLE-EMPTY	VFEPD_AncientIndoorFireHydrants	Vanilla Furniture Expanded - Props and Decor	ancient indoor fire hydrants	1x1	22	Graphic_Multi	True	0.5						True	Things/Building/Props/AncientIndoorFireHydrants
USABLE-EMPTY	VFEPD_AncientIndustrialShelf	Vanilla Furniture Expanded - Props and Decor	ancient industrial shelf	2x1	22	Graphic_Random	True	0.5						False	Things/Building/Ancient/Shop/RustedIndustrialShelf
USABLE-EMPTY	VFEPD_AncientIndustrialTruck	Vanilla Furniture Expanded - Props and Decor	rusted industrial truck	2x4	44	Graphic_Multi	True	0.5						False	Things/Building/Ancient/Shipping/RustedIndustrialTruck
USABLE-EMPTY	VFEPD_AncientInputTerminal	Vanilla Furniture Expanded - Props and Decor	ancient input terminal	3x1	22	Graphic_Multi	True	0.5						True	Things/Building/Props/AncientInputTerminal
USABLE-EMPTY	VFEPD_AncientJetEngine	Vanilla Furniture Expanded - Props and Decor	ancient jet engine	3x2	44	Graphic_Single	True	0.5						True	Things/Building/Ruins/JetEngine
USABLE-EMPTY	VFEPD_AncientKitchenSink	Vanilla Furniture Expanded - Props and Decor	ancient kitchen sink	1x1	22	Graphic_Single	True	0.5						True	Things/Building/Ruins/KitchenSink
USABLE-EMPTY	VFEPD_AncientKitchenette	Vanilla Furniture Expanded - Props and Decor	ancient kitchenette	1x1	22	Graphic_Multi	True	0.5						True	Things/Building/Props/AncientKitchenette
USABLE-EMPTY	VFEPD_AncientLamp	Vanilla Furniture Expanded - Props and Decor	ancient lamp	1x1	22	Graphic_Single	True	0.5						True	Things/Building/Ruins/AncientLamp
USABLE-EMPTY	VFEPD_AncientLamppost	Vanilla Furniture Expanded - Props and Decor	ancient lamppost	1x1	22	Graphic_Random	True	0.5						False	Things/Building/Ruins/AncientLamppost
USABLE-EMPTY	VFEPD_AncientLargeCrate	Vanilla Furniture Expanded - Props and Decor	ancient large crate	1x1	22	Graphic_Single	True	0.5						True	Things/Building/Ruins/CrateLarge
USABLE-EMPTY	VFEPD_AncientLargeMechGestator	Vanilla Furniture Expanded - Props and Decor	ancient large mech gestator	4x3	66	Graphic_Single	True	0.5						True	Things/Building/Ruins/AncientLargeMechGestator
USABLE-EMPTY	VFEPD_AncientLargeRustedEngineBlock	Vanilla Furniture Expanded - Props and Decor	ancient macro-engine block	2x1	22	Graphic_Single	True	0.5						True	Things/Building/Ruins/LargeEngineBlock
USABLE-EMPTY	VFEPD_AncientLockerBank	Vanilla Furniture Expanded - Props and Decor	ancient locker bank	3x1	22	Graphic_Multi	True	0.5						True	Things/Building/Ruins/AncientLockerBank
USABLE-EMPTY	VFEPD_AncientLockers	Vanilla Furniture Expanded - Props and Decor	rusted lockers	1x1	22	Graphic_Multi	True	0.5						False	Things/Building/Ancient/House/RustedLockers
USABLE-EMPTY	VFEPD_AncientLongCrate	Vanilla Furniture Expanded - Props and Decor	ancient long crate	1x1	22	Graphic_Single	True	0.5						True	Things/Building/Ruins/CrateLong
USABLE-EMPTY	VFEPD_AncientMachine	Vanilla Furniture Expanded - Props and Decor	ancient machine	5x3	66	Graphic_Multi	True	0.5						True	Things/Building/Ruins/AncientMachine
USABLE-EMPTY	VFEPD_AncientMachinery	Vanilla Furniture Expanded - Props and Decor	ancient machinery	3x3	66	Graphic_Random	True	0.5						False	Things/Building/Props/AncientMachinery
USABLE-EMPTY	VFEPD_AncientMechDetritus	Vanilla Furniture Expanded - Props and Decor	mechanoid detritus	1x1	22	Graphic_Random	True	0.5						False	Things/Building/Ruins/AncientMechDetritus
USABLE-EMPTY	VFEPD_AncientMechDropBeacon	Vanilla Furniture Expanded - Props and Decor	ancient mech drop beacon	1x1	22	Graphic_Random	True	0.5						False	Things/Building/Ruins/DestroyedMechDropBeacon
USABLE-EMPTY	VFEPD_AncientMechGestator	Vanilla Furniture Expanded - Props and Decor	ancient mech gestator	3x2	44	Graphic_Multi	True	0.5						True	Things/Building/Ruins/AncientMechGestator
USABLE-EMPTY	VFEPD_AncientMedicalPartition	Vanilla Furniture Expanded - Props and Decor	ancient medical partition	1x1	22	Graphic_Multi	True	0.5						True	Things/Building/Props/AncientMedicalPartition
USABLE-EMPTY	VFEPD_AncientMediumContainer	Vanilla Furniture Expanded - Props and Decor	ancient container	2x4	44	Graphic_Random	True	0.5						False	Things/Building/Ancient/Shipping/AncientContainer
USABLE-EMPTY	VFEPD_AncientMegaCannonBarrel	Vanilla Furniture Expanded - Props and Decor	ancient mega-cannon barrel	1x2	22	Graphic_Multi	True	0.5						True	Things/Building/Ruins/AncientMegacannonBarrel
USABLE-EMPTY	VFEPD_AncientMegaCannonTripod	Vanilla Furniture Expanded - Props and Decor	ancient mega-cannon platform	3x3	66	Graphic_Random	True	0.5						False	Things/Building/Ruins/AncientMegacannonTripod
USABLE-EMPTY	VFEPD_AncientMetalCrate	Vanilla Furniture Expanded - Props and Decor	rusted metal crate	1x1	22	Graphic_Random	True	0.5						False	Things/Building/Ancient/Shipping/RustedMetalCrate
USABLE-EMPTY	VFEPD_AncientMicrowave	Vanilla Furniture Expanded - Props and Decor	ancient microwave	1x1	22	Graphic_Single	True	0.5						True	Things/Building/Ruins/AncientMicrowave
USABLE-EMPTY	VFEPD_AncientMilitaryBarrier	Vanilla Furniture Expanded - Props and Decor	ancient military barrier	2x1	22	Graphic_Multi	True	0.5						False	Things/Building/Ancient/Checkpoint/AncientMilitaryBarrier
USABLE-EMPTY	VFEPD_AncientMilitaryCrate	Vanilla Furniture Expanded - Props and Decor	ancient military crate	1x1	22	Graphic_Random	True	0.5						False	Things/Building/Ruins/AncientMilitaryCrate
USABLE-EMPTY	VFEPD_AncientMilitaryGeneratorSmall	Vanilla Furniture Expanded - Props and Decor	ancient military generator	2x2	44	Graphic_Single	True	0.5						False	Things/Building/Ancient/MilitaryCompound/AncientMilitaryGeneratorSmall
USABLE-EMPTY	VFEPD_AncientMineralConveyor	Vanilla Furniture Expanded - Props and Decor	ancient mineral conveyor	1x4	22	Graphic_Multi	True	0.5						True	Things/Building/AncientTunnelBoringMachine/AncientMineralConveyor
USABLE-EMPTY	VFEPD_AncientMineralExports	Vanilla Furniture Expanded - Props and Decor	ancient mineral outlet	1x2	22	Graphic_Multi	True	0.5						True	Things/Building/AncientTunnelBoringMachine/AncientMineralExports
USABLE-EMPTY	VFEPD_AncientMiniWarwalkerRemains	Vanilla Furniture Expanded - Props and Decor	ancient warsprinter remains	5x3	66	Graphic_Single	True	0.5						True	Things/Building/Ruins/AncientWarsprinterRemains
USABLE-EMPTY	VFEPD_AncientMiningCharge	Vanilla Furniture Expanded - Props and Decor	ancient mining charge	1x1	22	Graphic_Random	True	0.5						False	Things/Building/Ancient/MiningCharge
USABLE-EMPTY	VFEPD_AncientMonitorBank	Vanilla Furniture Expanded - Props and Decor	ancient monitor bank	3x1	22	Graphic_Multi	True	0.5						True	Things/Building/Props/AncientMonitorBank
USABLE-EMPTY	VFEPD_AncientMortar	Vanilla Furniture Expanded - Props and Decor	busted mortar	1x1	22	Graphic_Random	True	0.5						False	Things/Building/Ancient/MilitaryCompound/BustedMortar
USABLE-EMPTY	VFEPD_AncientMudCarriage	Vanilla Furniture Expanded - Props and Decor	ancient mud carriage	5x3	66	Graphic_Single	True	0.5						True	Things/Building/Props/AncientMudCarriage
USABLE-EMPTY	VFEPD_AncientOfficeDesk	Vanilla Furniture Expanded - Props and Decor	ancient office desk	3x1	22	Graphic_Multi	True	0.5						True	Things/Building/Props/AncientOfficeDesk
USABLE-EMPTY	VFEPD_AncientOfficePrinter	Vanilla Furniture Expanded - Props and Decor	ancient office printer	1x1	22	Graphic_Single	True	0.5						True	Things/Building/Props/AncientOfficePrinter
USABLE-EMPTY	VFEPD_AncientOpenContainer	Vanilla Furniture Expanded - Props and Decor	rusted open container	4x2	44	Graphic_Random	True	0.5						False	Things/Building/Ancient/Shipping/RustedOpenContainer
USABLE-EMPTY	VFEPD_AncientOperatingTable	Vanilla Furniture Expanded - Props and Decor	ancient operating table	1x2	22	Graphic_Multi	True	0.5						True	Things/Building/Ruins/AncientOperatingTable
USABLE-EMPTY	VFEPD_AncientOreDressingMachine	Vanilla Furniture Expanded - Props and Decor	ancient ore dressing machine	5x5	110	Graphic_Single	True	0.5						True	Things/Building/OreDressingMachine/AncientOreDressingMachine
USABLE-EMPTY	VFEPD_AncientOrganBox	Vanilla Furniture Expanded - Props and Decor	ancient organ box	1x1	22	Graphic_Single	True	0.5						True	Things/Building/Lootables/AncientOrganBox_Sealed
USABLE-EMPTY	VFEPD_AncientOrganBox_Empty	Vanilla Furniture Expanded - Props and Decor	empty ancient organ box	1x1	22	Graphic_Single	True	0.5						True	Things/Building/Lootables/AncientOrganBox_Open
USABLE-EMPTY	VFEPD_AncientOven	Vanilla Furniture Expanded - Props and Decor	ancient oven	1x1	22	Graphic_Multi	True	0.5						True	Things/Building/Ruins/AncientOven
USABLE-EMPTY	VFEPD_AncientPallet_SteelSlag	Vanilla Furniture Expanded - Props and Decor	steel scrap pallet	2x2	44	Graphic_Single	True	0.5						False	Things/Building/Ancient/OpenableContainers/SteelSlagPallet_Close
USABLE-EMPTY	VFEPD_AncientPipelineSection	Vanilla Furniture Expanded - Props and Decor	ancient pipeline section	2x1	22	Graphic_Single	True	0.5						True	Things/Building/Ruins/PipelineSection
USABLE-EMPTY	VFEPD_AncientPipes	Vanilla Furniture Expanded - Props and Decor	ancient pipes	1x1	22	Graphic_Random	True	0.5						False	Things/Building/Ruins/AncientPipes
USABLE-EMPTY	VFEPD_AncientPipes_Odyssey	Vanilla Furniture Expanded - Props and Decor	ancient pipe	1x1	22	Graphic_Single	True	0.5						False	Things/Building/Ancient/Chemfuel/AncientPipes_Atlas
USABLE-EMPTY	VFEPD_AncientPlantPot	Vanilla Furniture Expanded - Props and Decor	ancient plant pot	1x1	22	Graphic_Random	True	0.5						False	Things/Building/Ancient/House/AncientPlantPot
USABLE-EMPTY	VFEPD_AncientPlasteelMiningCars	Vanilla Furniture Expanded - Props and Decor	ancient plasteel mining car	5x3	66	Graphic_Single	True	0.5						True	Things/Building/Props/AncientPlasteelMiningCars
USABLE-EMPTY	VFEPD_AncientPodCar	Vanilla Furniture Expanded - Props and Decor	ancient pod car	3x2	44	Graphic_Single	True	0.5						True	Things/Building/Ruins/PodCar
USABLE-EMPTY	VFEPD_AncientPostbox	Vanilla Furniture Expanded - Props and Decor	ancient postbox	1x1	22	Graphic_Single	True	0.5						True	Things/Building/Ruins/Postbox
USABLE-EMPTY	VFEPD_AncientRazorWire	Vanilla Furniture Expanded - Props and Decor	ancient razor wire	1x1	22	Graphic_Random	True	0.5						False	Things/Building/Ruins/AncientRazorWire
USABLE-EMPTY	VFEPD_AncientRefrigerator	Vanilla Furniture Expanded - Props and Decor	ancient refrigerator	1x1	22	Graphic_Single	True	0.5						True	Things/Building/Ruins/Fridge
USABLE-EMPTY	VFEPD_AncientRepairBench	Vanilla Furniture Expanded - Props and Decor	ancient repair desk	3x1	22	Graphic_Multi	True	0.5						True	Things/Building/Props/AncientRepairBench
USABLE-EMPTY	VFEPD_AncientResearchCountertop	Vanilla Furniture Expanded - Props and Decor	ancient research countertop	3x1	22	Graphic_Multi	True	0.5						True	Things/Building/Props/AncientResearchCountertop
USABLE-EMPTY	VFEPD_AncientRockMiningCar	Vanilla Furniture Expanded - Props and Decor	ancient rock mining car	5x3	66	Graphic_Single	True	0.5						True	Things/Building/Props/AncientRockCarriage
USABLE-EMPTY	VFEPD_AncientRustedCar	Vanilla Furniture Expanded - Props and Decor	ancient car	2x4	44	Graphic_Random	True	0.5						False	Things/Building/Ruins/RustedCars
USABLE-EMPTY	VFEPD_AncientRustedCarFrame	Vanilla Furniture Expanded - Props and Decor	ancient car frame	2x3	44	Graphic_Multi	True	0.5						True	Things/Building/Ruins/RustedCarFrame
USABLE-EMPTY	VFEPD_AncientRustedDropship	Vanilla Furniture Expanded - Props and Decor	ancient dropship	6x5	110	Graphic_Single	True	0.5						False	Things/Building/Ruins/AncientRustedDropship
USABLE-EMPTY	VFEPD_AncientRustedEngineBlock	Vanilla Furniture Expanded - Props and Decor	ancient engine block	1x1	22	Graphic_Random	True	0.5						False	Things/Building/Ruins/RustedEngineBlock
USABLE-EMPTY	VFEPD_AncientRustedJeep	Vanilla Furniture Expanded - Props and Decor	ancient troop carrier	3x5	66	Graphic_Multi	True	0.5						True	Things/Building/Ruins/RustedMilitaryJeep
USABLE-EMPTY	VFEPD_AncientRustedMicrowave	Vanilla Furniture Expanded - Props and Decor	rusted microwave	1x1	22	Graphic_Multi	True	0.5						False	Things/Building/Ancient/House/RustedMicrowave
USABLE-EMPTY	VFEPD_AncientRustedTruck	Vanilla Furniture Expanded - Props and Decor	ancient truck	2x4	44	Graphic_Multi	True	0.5						True	Things/Building/Ruins/RustedTruck
USABLE-EMPTY	VFEPD_AncientRustedTruckMining	Vanilla Furniture Expanded - Props and Decor	ancient rusted truck	4x2	44	Graphic_Multi	True	0.5						True	Things/Building/Props/RustedTruck
USABLE-EMPTY	VFEPD_AncientSafe	Vanilla Furniture Expanded - Props and Decor	rusted safe	1x1	22	Graphic_Single	True	0.5						False	Things/Building/Ancient/OpenableContainers/RustedSafe_Close
USABLE-EMPTY	VFEPD_AncientSealedContainer	Vanilla Furniture Expanded - Props and Decor	sealed container	2x2	44	Graphic_Single	True	0.5						False	Things/Building/Ancient/OpenableContainers/SealedContainer_Close
USABLE-EMPTY	VFEPD_AncientSealedContainer_Open	Vanilla Furniture Expanded - Props and Decor	open container	2x2	44	Graphic_Single	True	0.5						False	Things/Building/Ancient/OpenableContainers/SealedContainer_Open
USABLE-EMPTY	VFEPD_AncientSealedCrate	Vanilla Furniture Expanded - Props and Decor	sealed crate	1x1	22	Graphic_Single	True	0.5						False	Things/Building/Ancient/OpenableContainers/SealedCrate_Close
USABLE-EMPTY	VFEPD_AncientSealedCrate_Open	Vanilla Furniture Expanded - Props and Decor	open crate	1x1	22	Graphic_Single	True	0.5						False	Things/Building/Ancient/OpenableContainers/SealedCrate_Open
USABLE-EMPTY	VFEPD_AncientSecurityCrate	Vanilla Furniture Expanded - Props and Decor	ancient security crate	2x2	44	Graphic_Multi	True	0.5						True	Things/Building/Ruins/AncientSecurityCrate
USABLE-EMPTY	VFEPD_AncientSecurityTurret	Vanilla Furniture Expanded - Props and Decor	ancient security turret	1x1	22	Graphic_Random	True	0.5						False	Things/Building/Ruins/AncientSecurityTurret
USABLE-EMPTY	VFEPD_AncientSemiTrailer	Vanilla Furniture Expanded - Props and Decor	ancient semi trailer	4x2	44	Graphic_Multi	True	0.5						True	Things/Building/Props/AncientSemiTrailers
USABLE-EMPTY	VFEPD_AncientShelf	Vanilla Furniture Expanded - Props and Decor	ancient shelf	2x1	22	Graphic_Random	True	0.5						False	Things/Building/Ancient/Shop/Shelf
USABLE-EMPTY	VFEPD_AncientShipBeacon	Vanilla Furniture Expanded - Props and Decor	ancient nav beacon	1x1	22	Graphic_Single	True	0.5						True	Things/Building/Ruins/AncientBustedShipBeacon
USABLE-EMPTY	VFEPD_AncientShoppingCart	Vanilla Furniture Expanded - Props and Decor	ancient shopping cart	1x1	22	Graphic_Random	True	0.5						False	Things/Building/Ruins/ShoppingCart
USABLE-EMPTY	VFEPD_AncientShower	Vanilla Furniture Expanded - Props and Decor	cracked shower	1x1	22	Graphic_Single	True	0.5						False	Things/Building/Ancient/House/CrackedShower
USABLE-EMPTY	VFEPD_AncientShuttle	Vanilla Furniture Expanded - Props and Decor	ancient shuttle	5x3	66	Graphic_Single	True	0.5						True	Things/Building/Props/AncientShuttle
USABLE-EMPTY	VFEPD_AncientSimpleResearchBench	Vanilla Furniture Expanded - Props and Decor	ancient research bench	3x2	44	Graphic_Multi	True	0.5						False	Things/Building/Ancient/Workbenches/AncientSimpleResearchBench
USABLE-EMPTY	VFEPD_AncientSingleBed	Vanilla Furniture Expanded - Props and Decor	rusted bed	1x2	22	Graphic_Multi	True	0.5						False	Things/Building/Ancient/House/RustedSingleBed
USABLE-EMPTY	VFEPD_AncientSink	Vanilla Furniture Expanded - Props and Decor	ancient small sink	1x1	22	Graphic_Multi	True	0.5						True	Things/Building/Props/AncientKSink
USABLE-EMPTY	VFEPD_AncientSmallCrate	Vanilla Furniture Expanded - Props and Decor	ancient small crate	1x1	22	Graphic_Single	True	0.5						True	Things/Building/Ruins/CrateSmall
USABLE-EMPTY	VFEPD_AncientSmallShelf	Vanilla Furniture Expanded - Props and Decor	ancient small shelf	1x1	22	Graphic_Random	True	0.5						False	Things/Building/Ancient/Shop/SmallShelf
USABLE-EMPTY	VFEPD_AncientSmokeVent	Vanilla Furniture Expanded - Props and Decor	ancient smoke vent	7x7	154	Graphic_Single	True	0.5						False	Things/Building/AncientSmokeVent
USABLE-EMPTY	VFEPD_AncientSolarGenerator	Vanilla Furniture Expanded - Props and Decor	ancient solar generator	4x4	88	Graphic_Single	True	0.5						True	Things/Building/Power/AncientSolarGenerator
USABLE-EMPTY	VFEPD_AncientSpacerCrate	Vanilla Furniture Expanded - Props and Decor	ancient spacer crate	1x1	22	Graphic_Random	True	0.5						False	Things/Building/Ruins/AncientSpacerCrate
USABLE-EMPTY	VFEPD_AncientStandardRecharger	Vanilla Furniture Expanded - Props and Decor	ancient standard recharger	3x2	44	Graphic_Multi	True	0.5						True	Things/Building/Ruins/AncientStandardRecharger
USABLE-EMPTY	VFEPD_AncientSteelMiningCars	Vanilla Furniture Expanded - Props and Decor	ancient steel mining car	5x3	66	Graphic_Single	True	0.5						True	Things/Building/Props/AncientSteelMiningCars
USABLE-EMPTY	VFEPD_AncientStorageCylinder	Vanilla Furniture Expanded - Props and Decor	ancient storage cylinder	2x1	22	Graphic_Multi	True	0.5						True	Things/Building/Ruins/AncientStorageCylinder
USABLE-EMPTY	VFEPD_AncientStorageHeater	Vanilla Furniture Expanded - Props and Decor	ancient storage heater	1x1	22	Graphic_Single	True	0.5						True	Things/Building/Temperature/AncientStorageHeater
USABLE-EMPTY	VFEPD_AncientStove	Vanilla Furniture Expanded - Props and Decor	ancient stove	1x1	22	Graphic_Multi	True	0.5						True	Things/Building/Ruins/Stove
USABLE-EMPTY	VFEPD_AncientSunLamp	Vanilla Furniture Expanded - Props and Decor	ancient sun lamp	1x1	22	Graphic_Random	True	0.5						False	Things/Building/Light/AncientSunLamp
USABLE-EMPTY	VFEPD_AncientSupplyCrate	Vanilla Furniture Expanded - Props and Decor	ancient supply crate	3x3	66	Graphic_Single	True	0.5						True	Things/Building/Props/AncientSupplyCrate
USABLE-EMPTY	VFEPD_AncientSupplySlingshot	Vanilla Furniture Expanded - Props and Decor	ancient supply slingshot	3x3	66	Graphic_Single	True	0.5						True	Things/Building/Props/AncientSupplySlingshot
USABLE-EMPTY	VFEPD_AncientSystemRack	Vanilla Furniture Expanded - Props and Decor	ancient system rack	1x3	22	Graphic_Multi	True	0.5						True	Things/Building/Ruins/AncientSystemRack
USABLE-EMPTY	VFEPD_AncientTV	Vanilla Furniture Expanded - Props and Decor	busted television	1x1	22	Graphic_Multi	True	0.5						False	Things/Building/Ancient/House/BustedTV
USABLE-EMPTY	VFEPD_AncientTableBrewery	Vanilla Furniture Expanded - Props and Decor	ancient brewery	3x1	22	Graphic_Multi	True	0.5						False	Things/Building/Ancient/Workbenches/AncientTableBrewery
USABLE-EMPTY	VFEPD_AncientTableButcher	Vanilla Furniture Expanded - Props and Decor	ancient butcher table	3x1	22	Graphic_Multi	True	0.5						False	Things/Building/Ancient/Workbenches/AncientTableButcher
USABLE-EMPTY	VFEPD_AncientTableDrugLab	Vanilla Furniture Expanded - Props and Decor	ancient drug lab	3x1	22	Graphic_Multi	True	0.5						False	Things/Building/Ancient/Workbenches/AncientTableDrugLab
USABLE-EMPTY	VFEPD_AncientTableMachining	Vanilla Furniture Expanded - Props and Decor	ancient machining table	3x1	22	Graphic_Multi	True	0.5						False	Things/Building/Ancient/Workbenches/AncientTableMachining
USABLE-EMPTY	VFEPD_AncientTableSmithingElectric	Vanilla Furniture Expanded - Props and Decor	ancient electric smithy	3x1	22	Graphic_Multi	True	0.5						False	Things/Building/Ancient/Workbenches/AncientTableSmithingElectric
USABLE-EMPTY	VFEPD_AncientTableSmithingFueled	Vanilla Furniture Expanded - Props and Decor	ancient fueled smithy	3x1	22	Graphic_Multi	True	0.5						False	Things/Building/Ancient/Workbenches/AncientTableSmithingFueled
USABLE-EMPTY	VFEPD_AncientTableStoveElectric	Vanilla Furniture Expanded - Props and Decor	ancient electric stove	3x1	22	Graphic_Multi	True	0.5						False	Things/Building/Ancient/Workbenches/AncientTableStoveElectric
USABLE-EMPTY	VFEPD_AncientTableStoveFueled	Vanilla Furniture Expanded - Props and Decor	ancient fueled stove	3x1	22	Graphic_Multi	True	0.5						False	Things/Building/Ancient/Workbenches/AncientTableStoveFueled
USABLE-EMPTY	VFEPD_AncientTableTailorElectric	Vanilla Furniture Expanded - Props and Decor	ancient electric tailor bench	3x1	22	Graphic_Multi	True	0.5						False	Things/Building/Ancient/Workbenches/AncientTableTailorElectric
USABLE-EMPTY	VFEPD_AncientTableTailorHand	Vanilla Furniture Expanded - Props and Decor	ancient hand tailor bench	3x1	22	Graphic_Multi	True	0.5						False	Things/Building/Ancient/Workbenches/AncientTableTailorHand
USABLE-EMPTY	VFEPD_AncientTank	Vanilla Furniture Expanded - Props and Decor	ancient ruined tank	5x3	66	Graphic_Single	True	0.5						True	Things/Building/Ruins/RuinedTank
USABLE-EMPTY	VFEPD_AncientTankTrap	Vanilla Furniture Expanded - Props and Decor	ancient tank trap	2x2	44	Graphic_Random	True	0.5						False	Things/Building/Ruins/AncientTankTrap
USABLE-EMPTY	VFEPD_AncientTechCrate	Vanilla Furniture Expanded - Props and Decor	ancient mechanized crate	3x1	22	Graphic_Multi	True	0.5						True	Things/Building/Ruined/GR_AncientTechCrate
USABLE-EMPTY	VFEPD_AncientTerminal	Vanilla Furniture Expanded - Props and Decor	ancient terminal	1x1	22	Graphic_Multi	True	0.5						True	Things/Building/Misc/AncientTerminal/AncientTerminal
USABLE-EMPTY	VFEPD_AncientTerraformer	Vanilla Furniture Expanded - Props and Decor	ancient terraformer	4x4	88	Graphic_Single	True	0.5						False	Things/Building/AncientTerraformer
USABLE-EMPTY	VFEPD_AncientTissueGrinder	Vanilla Furniture Expanded - Props and Decor	ancient tissue grinder	3x2	44	Graphic_Multi	True	0.5						True	Things/Building/Ruined/AncientTissueGrinder
USABLE-EMPTY	VFEPD_AncientToilet	Vanilla Furniture Expanded - Props and Decor	ancient toilet	1x1	22	Graphic_Multi	True	0.5						True	Things/Building/Ruins/AncientToilet
USABLE-EMPTY	VFEPD_AncientToxVent	Vanilla Furniture Expanded - Props and Decor	ancient toxic vent	7x7	154	Graphic_Single	True	0.5						False	Things/Building/AncientToxVent
USABLE-EMPTY	VFEPD_AncientToxifierGenerator	Vanilla Furniture Expanded - Props and Decor	ancient toxifier generator	2x2	44	Graphic_Single	True	0.5						True	Things/Building/Ruins/AncientToxifierGenerator
USABLE-EMPTY	VFEPD_AncientToyBox	Vanilla Furniture Expanded - Props and Decor	ancient toy box	1x1	22	Graphic_Single	True	0.5						True	Things/Building/ChildToys/AncientToyBox
USABLE-EMPTY	VFEPD_AncientTransmitter	Vanilla Furniture Expanded - Props and Decor	ancient transmitter	3x3	66	Graphic_Single	True	0.5						True	Things/Building/Props/AncientTransmitter
USABLE-EMPTY	VFEPD_AncientTransportPod	Vanilla Furniture Expanded - Props and Decor	ancient transport pod	2x2	44	Graphic_Random	True	0.5						False	Things/Building/AncientLaunchPod
USABLE-EMPTY	VFEPD_AncientTripWarning	Vanilla Furniture Expanded - Props and Decor	trip warning sign	1x1	22	Graphic_Multi	True	0.5						True	Things/Building/Props/AncientTripWarning
USABLE-EMPTY	VFEPD_AncientTruckCompartment	Vanilla Furniture Expanded - Props and Decor	ancient truck compartment	4x2	44	Graphic_Multi	True	0.5						True	Things/Building/Props/AncientTruckCompartment
USABLE-EMPTY	VFEPD_AncientTunnelBoringMachine	Vanilla Furniture Expanded - Props and Decor	ancient tunnel boring machine	5x7	110	Graphic_Multi	True	0.5						True	Things/Building/AncientTunnelBoringMachine/AncientTunnelBoringMachine
USABLE-EMPTY	VFEPD_AncientTunnelStructuralSupport_a	Vanilla Furniture Expanded - Props and Decor	ancient structural support	1x4	22	Graphic_Multi	True	0.5						True	Things/Building/AncientTunnelBoringMachine/AncientTunnelStructuralSupport_a
USABLE-EMPTY	VFEPD_AncientTunnelStructuralSupport_b	Vanilla Furniture Expanded - Props and Decor	ancient structural support	1x4	22	Graphic_Multi	True	0.5						True	Things/Building/AncientTunnelBoringMachine/AncientTunnelStructuralSupport_b
USABLE-EMPTY	VFEPD_AncientTunnelerClaw	Vanilla Furniture Expanded - Props and Decor	ancient tunneler claw	2x1	22	Graphic_Random	True	0.5						False	Things/Building/Ancient/TunnelerMech/Claw
USABLE-EMPTY	VFEPD_AncientTunnelerHusk	Vanilla Furniture Expanded - Props and Decor	ancient tunneler husk	2x2	44	Graphic_Random	True	0.5						False	Things/Building/Ancient/TunnelerMech/Husk
USABLE-EMPTY	VFEPD_AncientUplink	Vanilla Furniture Expanded - Props and Decor	ancient uplink	2x2	44	Graphic_Single	True	0.5						False	Things/Building/AncientUplink
USABLE-EMPTY	VFEPD_AncientUraniumMiningCars	Vanilla Furniture Expanded - Props and Decor	ancient uranium mining car	5x3	66	Graphic_Single	True	0.5						True	Things/Building/Props/AncientUraniumMiningCars
USABLE-EMPTY	VFEPD_AncientUraniumSlugTurret	Vanilla Furniture Expanded - Props and Decor	broken uranium slug turret	2x2	44	Graphic_Random	True	0.5						False	Things/Building/Ancient/MilitaryCompound/BustedUraniumSlugTurret
USABLE-EMPTY	VFEPD_AncientVaultLamp	Vanilla Furniture Expanded - Props and Decor	ancient vault lamp	1x1	22	Graphic_Single	True	0.5						True	Things/Building/Light/AncientVaultLamp
USABLE-EMPTY	VFEPD_AncientVendingMachine	Vanilla Furniture Expanded - Props and Decor	ancient vending machine	1x1	22	Graphic_Single	True	0.5						True	Things/Building/Ruins/VendingMachine
USABLE-EMPTY	VFEPD_AncientVitalsMonitorTwo	Vanilla Furniture Expanded - Props and Decor	ancient vitals monitor	1x1	22	Graphic_Multi	True	0.5						True	Things/Building/Props/AncientVitalsMonitor
USABLE-EMPTY	VFEPD_AncientWarspiderRemains	Vanilla Furniture Expanded - Props and Decor	ancient warspider remains	5x5	110	Graphic_Single	True	0.5						True	Things/Building/Ruins/AncientWarspiderRemains
USABLE-EMPTY	VFEPD_AncientWarwalkerClaw	Vanilla Furniture Expanded - Props and Decor	ancient warwalker claw	1x2	22	Graphic_Multi	True	0.5						True	Things/Building/Ruins/AncientWarwalkerClaw
USABLE-EMPTY	VFEPD_AncientWarwalkerFoot	Vanilla Furniture Expanded - Props and Decor	ancient warwalker foot	2x2	44	Graphic_Single	True	0.5						True	Things/Building/Ruins/AncientWarwalkerFoot
USABLE-EMPTY	VFEPD_AncientWarwalkerLeg	Vanilla Furniture Expanded - Props and Decor	ancient warwalker leg	2x4	44	Graphic_Multi	True	0.5						True	Things/Building/Ruins/AncientWarwalkerLeg
USABLE-EMPTY	VFEPD_AncientWarwalkerShell	Vanilla Furniture Expanded - Props and Decor	ancient warwalker shell	5x3	66	Graphic_Single	True	0.5						True	Things/Building/Ruins/AncientWarwalkerShell
USABLE-EMPTY	VFEPD_AncientWarwalkerTorso	Vanilla Furniture Expanded - Props and Decor	ancient warwalker torso	4x6	88	Graphic_Multi	True	0.5						True	Things/Building/Ruins/AncientWarwalkerTorso
USABLE-EMPTY	VFEPD_AncientWashingMachine	Vanilla Furniture Expanded - Props and Decor	ancient washing machine	1x1	22	Graphic_Single	True	0.5						False	Things/Building/Ruins/AncientWashingMachine
USABLE-EMPTY	VFEPD_AncientWaterCooler	Vanilla Furniture Expanded - Props and Decor	ancient water cooler	1x1	22	Graphic_Multi	True	0.5						True	Things/Building/Props/AncientWaterCooler
USABLE-EMPTY	VFEPD_AncientWaterFilter	Vanilla Furniture Expanded - Props and Decor	ancient water filter	3x3	66	Graphic_Single	True	0.5						True	Things/Building/Props/AncientWaterFilter
USABLE-EMPTY	VFEPD_AncientWheel	Vanilla Furniture Expanded - Props and Decor	ancient wheel	1x1	22	Graphic_Random	True	0.5						False	Things/Building/Ruins/Wheel
USABLE-EMPTY	VFEPD_AncientWindTurbineBody	Vanilla Furniture Expanded - Props and Decor	ancient wind turbine	5x2	44	Graphic_Multi	True	0.5						False	Things/Building/Ancient/Workbenches/AncientWindTurbineBody
USABLE-EMPTY	VFEPD_AncientWoodenCrate	Vanilla Furniture Expanded - Props and Decor	old wooden crate	1x1	22	Graphic_Random	True	0.5						False	Things/Building/Ancient/Shipping/OldWoodenCrate
USABLE-EMPTY	VFEPD_BioLight	Vanilla Furniture Expanded - Props and Decor	ancient bioluminescent light	1x2	22	Graphic_Multi	True	0.5						True	Things/Building/Ruined/GR_BioLight
USABLE-EMPTY	VFEPD_BustedAncientWonderdoc	Vanilla Furniture Expanded - Props and Decor	busted ancient wonderdoc	3x3	66	Graphic_Multi	True	0.5						True	Things/Building/AncientWonderdoc/BustedAncientWonderdoc
USABLE-EMPTY	VFEPD_BustedControlPanel	Vanilla Furniture Expanded - Props and Decor	busted control panel	3x1	22	Graphic_Multi	True	0.5						True	Things/Building/Props/BustedControlPanel
USABLE-EMPTY	VFEPD_CerebrexCore_Destroyed	Vanilla Furniture Expanded - Props and Decor	destroyed cerebrex core	7x7	154	Graphic_Single	True	0.5						False	Things/Building/CerebrexCore/CerebrexCoreDestroyed
USABLE-EMPTY	VFEPD_CommsTable	Vanilla Furniture Expanded - Props and Decor	ancient comms table	3x3	66	Graphic_Single	True	0.5						True	Things/Building/Ruined/GR_CommsTable
USABLE-EMPTY	VFEPD_DecorativeCubeSculture_Scrap	Vanilla Furniture Expanded - Props and Decor	decorative cube, scrap	1x1	22	Graphic_Random	True	0.5						False	Things/Building/CubeSculptures/CubeSculpture_Scrap
USABLE-EMPTY	VFEPD_DestroyedGravExtender	Vanilla Furniture Expanded - Props and Decor	destroyed grav field extender	1x1	22	Graphic_Single	True	0.5						True	Things/Structures/Destroyed/DestroyedGravFieldExtender
USABLE-EMPTY	VFEPD_DestroyedLargeThruster	Vanilla Furniture Expanded - Props and Decor	destroyed large thruster	2x2	44	Graphic_Multi	True	0.5						True	Things/Structures/Destroyed/DestroyedLateralThruster
USABLE-EMPTY	VFEPD_DestroyedSmallAstrofuelTank	Vanilla Furniture Expanded - Props and Decor	destroyed small astrofuel tank	2x2	44	Graphic_Multi	True	0.5						True	Things/Structures/Destroyed/DestroyedAstrofuelTank
USABLE-EMPTY	VFEPD_DestroyedSmallHeatsink	Vanilla Furniture Expanded - Props and Decor	destroyed small heatsink	2x2	44	Graphic_Multi	True	0.5						True	Things/Structures/Destroyed/DestroyedHeatsink
USABLE-EMPTY	VFEPD_DestroyedSmallOxygenTank	Vanilla Furniture Expanded - Props and Decor	destroyed small oxygen tank	2x2	44	Graphic_Multi	True	0.5						True	Things/Structures/Destroyed/DestroyedOxygenTank
USABLE-EMPTY	VFEPD_DestroyedSmallThruster	Vanilla Furniture Expanded - Props and Decor	destroyed small thruster	1x2	22	Graphic_Multi	True	0.5						True	Things/Structures/Destroyed/DestroyedSmallAstrofuelThruster
USABLE-EMPTY	VFEPD_FilthRubbleRock	Vanilla Furniture Expanded - Props and Decor	rock rubble	1x1	22	Graphic_Cluster	True	0.5						False	Things/Filth/RubbleRock
USABLE-EMPTY	VFEPD_FilthRubbleSandbags	Vanilla Furniture Expanded - Props and Decor	scattered sandbags	1x1	22	Graphic_Cluster	True	0.5						False	Things/Filth/RubbleSandbags
USABLE-EMPTY	VFEPD_FilthRubbleSlag	Vanilla Furniture Expanded - Props and Decor	scattered slag	1x1	22	Graphic_Cluster	True	0.5						False	Things/Filth/RubbleSlag
USABLE-EMPTY	VFEPD_Fleshmassfilth	Vanilla Furniture Expanded - Props and Decor	fleshmass debris	1x1	22	Graphic_Random	True	0.5						False	Things/Filth/FleshmassFilth
USABLE-EMPTY	VFEPD_GauranlenDebrisEffect	Vanilla Furniture Expanded - Props and Decor	gauranlen debris	1x1	22	Graphic_Single	True	0.5						True	Things/Building/ModCompat/Empty
USABLE-EMPTY	VFEPD_InfestedShipChunk	Vanilla Furniture Expanded - Props and Decor	infested ship chunk	2x2	44	Graphic_Random	True	0.5						False	Things/Building/InfestedShipChunk
USABLE-EMPTY	VFEPD_LabLockerBank	Vanilla Furniture Expanded - Props and Decor	ancient lab locker bank	3x1	22	Graphic_Random	True	0.5						False	Things/Building/Ruined/GR_LabLockerBank
USABLE-EMPTY	VFEPD_MechRelay_Crashed	Vanilla Furniture Expanded - Props and Decor	crashed mechanoid relay	3x3	66	Graphic_Single	True	0.5						False	Things/Building/MechanoidRelay_Crashed
USABLE-EMPTY	VFEPD_MetalhorrorDebris	Vanilla Furniture Expanded - Props and Decor	metalhorror debris	1x1	22	Graphic_Random	True	0.5						False	Things/Filth/MetalhorrorDebris
USABLE-EMPTY	VFEPD_MonitorBank	Vanilla Furniture Expanded - Props and Decor	ancient monitor banks	5x2	44	Graphic_Multi	True	0.5						True	Things/Building/Ruined/GR_MonitorBank
USABLE-EMPTY	VFEPD_Rack	Vanilla Furniture Expanded - Props and Decor	ancient server rack	1x1	22	Graphic_Single	True	0.5						True	Things/Building/Ruined/GR_Rack
USABLE-EMPTY	VFEPD_RubblePile	Vanilla Furniture Expanded - Props and Decor	rubble pile	1x1	22	Graphic_Random	True	0.5						False	Things/Building/RubblePile
USABLE-EMPTY	VFEPD_RuinedAberrationRedirector	Vanilla Furniture Expanded - Props and Decor	ruined aberration redirector	3x3	66	Graphic_Single	True	0.5						True	Things/Building/RuinedLabEquipment/RuinedAberrationRedirector
USABLE-EMPTY	VFEPD_RuinedAncientBioBattery	Vanilla Furniture Expanded - Props and Decor	ancient ruined bio-battery tank	3x3	66	Graphic_Single	True	0.5						True	Things/Building/Ruined/GR_RuinedAncientBioBattery
USABLE-EMPTY	VFEPD_RuinedAncientGeneTailoringPod	Vanilla Furniture Expanded - Props and Decor	ancient ruined gene-tailoring pod	3x2	44	Graphic_Single	True	0.5						True	Things/Building/Ruined/GR_RuinedAncientGeneTailoringPod
USABLE-EMPTY	VFEPD_RuinedAnimalControlHub	Vanilla Furniture Expanded - Props and Decor	ancient animal control hub	2x2	44	Graphic_Single	True	0.5						True	Things/Building/Ruined/GR_RuinedAnimalControlHub
USABLE-EMPTY	VFEPD_RuinedAnimalEnrichmentCenter	Vanilla Furniture Expanded - Props and Decor	ancient animal enrichment center	2x2	44	Graphic_Single	True	0.5						True	Things/Building/Ruined/GR_RuinedAnimalEnrichmentCenter
USABLE-EMPTY	VFEPD_RuinedArchitePathingArray	Vanilla Furniture Expanded - Props and Decor	ruined archite pathing array	3x3	66	Graphic_Single	True	0.5						True	Things/Building/RuinedLabEquipment/RuinedArchitePathingArray
USABLE-EMPTY	VFEPD_RuinedArchiteRecycler	Vanilla Furniture Expanded - Props and Decor	ruined archite recycler	2x1	22	Graphic_Multi	True	0.5						True	Things/Building/RuinedLabEquipment/RuinedArchiteRecycler
USABLE-EMPTY	VFEPD_RuinedArchogenInjector	Vanilla Furniture Expanded - Props and Decor	ruined archogen injector	3x2	44	Graphic_Multi	True	0.5						True	Things/Building/RuinedLabEquipment/RuinedArchogenInjector
USABLE-EMPTY	VFEPD_RuinedArchotechPlatform	Vanilla Furniture Expanded - Props and Decor	ancient construction platform	7x6	132	Graphic_Single	True	0.5						True	Things/Building/Ruined/GR_RuinedArchotechPlatform
USABLE-EMPTY	VFEPD_RuinedBarrelDouble	Vanilla Furniture Expanded - Props and Decor	ancient ruined lab barrels	1x2	22	Graphic_Single	True	0.5						True	Things/Building/Ruined/GR_RuinedBarrelDouble
USABLE-EMPTY	VFEPD_RuinedCognitiveRecoveryArray	Vanilla Furniture Expanded - Props and Decor	ruined cognitive recovery array	1x1	22	Graphic_Single	True	0.5						True	Things/Building/RuinedLabEquipment/RuinedCognitiveRecoveryArray
USABLE-EMPTY	VFEPD_RuinedComplexityHarmonizer	Vanilla Furniture Expanded - Props and Decor	ruined complexity harmonizer	3x2	44	Graphic_Multi	True	0.5						True	Things/Building/RuinedLabEquipment/RuinedComplexityHarmonizer
USABLE-EMPTY	VFEPD_RuinedGeneDuplicator	Vanilla Furniture Expanded - Props and Decor	ancient gene duplicator	2x2	44	Graphic_Single	True	0.5						True	Things/Building/Ruined/GR_RuinedGeneDuplicator
USABLE-EMPTY	VFEPD_RuinedGenePod	Vanilla Furniture Expanded - Props and Decor	ancient ruined genepod	2x2	44	Graphic_Random	True	0.5						False	Things/Building/Ruined/GR_RuinedGenePod
USABLE-EMPTY	VFEPD_RuinedGeneRecombinator	Vanilla Furniture Expanded - Props and Decor	ancient gene recombinator	2x2	44	Graphic_Single	True	0.5						True	Things/Building/Ruined/GR_RuinedGeneRecombinator
USABLE-EMPTY	VFEPD_RuinedGeneticDatabase	Vanilla Furniture Expanded - Props and Decor	ancient genetic database	2x2	44	Graphic_Single	True	0.5						True	Things/Building/Ruined/GR_RuinedGeneticDatabase
USABLE-EMPTY	VFEPD_RuinedGeneticExtractionTable	Vanilla Furniture Expanded - Props and Decor	ancient genetic extraction table	3x1	22	Graphic_Multi	True	0.5						True	Things/Building/Ruined/GR_RuinedGeneticExtractionTable
USABLE-EMPTY	VFEPD_RuinedGeneticStorage	Vanilla Furniture Expanded - Props and Decor	ancient genetic storage	1x1	22	Graphic_Random	True	0.5						False	Things/Building/Ruined/GR_RuinedGeneticStorage
USABLE-EMPTY	VFEPD_RuinedGenomeSequencer	Vanilla Furniture Expanded - Props and Decor	ancient genome sequencer	3x3	66	Graphic_Single	True	0.5						True	Things/Building/Ruined/GR_RuinedGenomeSequencer
USABLE-EMPTY	VFEPD_RuinedGenomicAttenuator	Vanilla Furniture Expanded - Props and Decor	ruined genomic attenuator	2x2	44	Graphic_Single	True	0.5						True	Things/Building/RuinedLabEquipment/RuinedGenomicAttenuator
USABLE-EMPTY	VFEPD_RuinedHexagelPlant	Vanilla Furniture Expanded - Props and Decor	ancient hexagel core reactor	6x6	132	Graphic_Single	True	0.5						True	Things/Building/Ruined/GR_RuinedHexagelPlant
USABLE-EMPTY	VFEPD_RuinedHospitalBed	Vanilla Furniture Expanded - Props and Decor	ancient hospital bed	1x2	22	Graphic_Multi	True	0.5						True	Things/Building/AG_RuinedHospitalBed
USABLE-EMPTY	VFEPD_RuinedIncubator	Vanilla Furniture Expanded - Props and Decor	ancient ruined incubator	1x1	22	Graphic_Single	True	0.5						True	Things/Building/Ruined/GR_RuinedIncubator
USABLE-EMPTY	VFEPD_RuinedLabBarrel	Vanilla Furniture Expanded - Props and Decor	ancient ruined lab barrel	1x1	22	Graphic_Random	True	0.5						False	Things/Building/Ruined/GR_RuinedLabBarrel
USABLE-EMPTY	VFEPD_RuinedLabLamp	Vanilla Furniture Expanded - Props and Decor	ancient lab lamp	1x2	22	Graphic_Single	True	0.5						True	Things/Building/AG_RuinedLabLamp
USABLE-EMPTY	VFEPD_RuinedLabShelf	Vanilla Furniture Expanded - Props and Decor	ancient lab shelf	3x1	22	Graphic_Multi	True	0.5						True	Things/Building/Ruined/GR_RuinedLabShelf
USABLE-EMPTY	VFEPD_RuinedMechanoidTinkeringTable	Vanilla Furniture Expanded - Props and Decor	ancient mechanoid tinkering table	5x2	44	Graphic_Multi	True	0.5						True	Things/Building/Ruined/GR_RuinedMechanoidTinkeringTable
USABLE-EMPTY	VFEPD_RuinedMutagenInhibitorCore	Vanilla Furniture Expanded - Props and Decor	ruined mutagen inhibitor core	3x3	66	Graphic_Single	True	0.5						True	Things/Building/RuinedLabEquipment/RuinedMutagenInhibitorCore
USABLE-EMPTY	VFEPD_RuinedMutaniteCentrifuge	Vanilla Furniture Expanded - Props and Decor	ancient mutanite centrifuge	3x3	66	Graphic_Single	True	0.5						True	Things/Building/Ruined/GR_RuinedMutaniteCentrifuge
USABLE-EMPTY	VFEPD_RuinedNeurostabilizerArray	Vanilla Furniture Expanded - Props and Decor	ruined neurostabilizer array	1x1	22	Graphic_Single	True	0.5						True	Things/Building/RuinedLabEquipment/RuinedNeurostabilizerArray
USABLE-EMPTY	VFEPD_RuinedNutrientVat	Vanilla Furniture Expanded - Props and Decor	ancient nutrient vat	1x2	22	Graphic_Single	True	0.5						True	Things/Building/Ruined/GR_RuinedNutrientVat
USABLE-EMPTY	VFEPD_RuinedPulpRecycler	Vanilla Furniture Expanded - Props and Decor	ancient pulp recycler	2x2	44	Graphic_Single	True	0.5						True	Things/Building/Ruined/GR_RuinedPulpRecycler
USABLE-EMPTY	VFEPD_RuinedPulper	Vanilla Furniture Expanded - Props and Decor	ancient pulper	1x2	22	Graphic_Single	True	0.5						True	Things/Building/Ruined/GR_RuinedPulper
USABLE-EMPTY	VFEPD_RuinedRapidInfusionPump	Vanilla Furniture Expanded - Props and Decor	ruined rapid infusion pump	1x1	22	Graphic_Single	True	0.5						True	Things/Building/RuinedLabEquipment/RuinedRapidInfusionPump
USABLE-EMPTY	VFEPD_RuinedRefrigeratedCoils	Vanilla Furniture Expanded - Props and Decor	ancient refrigerated coils	6x2	44	Graphic_Single	True	0.5						True	Things/Building/Ruined/GR_RuinedRefrigeratedCoils
USABLE-EMPTY	VFEPD_RuinedRejectionBufferCoil	Vanilla Furniture Expanded - Props and Decor	ruined rejection buffer coil	1x2	22	Graphic_Multi	True	0.5						True	Things/Building/RuinedLabEquipment/RuinedRejectionBufferCoil
USABLE-EMPTY	VFEPD_RuinedSpliceframeUplink	Vanilla Furniture Expanded - Props and Decor	ruined spliceframe uplink	2x2	44	Graphic_Single	True	0.5						True	Things/Building/RuinedLabEquipment/RuinedSpliceframeUplink
USABLE-EMPTY	VFEPD_RuinedTissueGrowingVat	Vanilla Furniture Expanded - Props and Decor	ancient tissue growing vat	2x2	44	Graphic_Single	True	0.5						True	Things/Building/Ruined/GR_RuinedTissueGrowingVat
USABLE-EMPTY	VFEPD_RuinedTraitSelectionPrism	Vanilla Furniture Expanded - Props and Decor	ruined trait selection prism	3x3	66	Graphic_Single	True	0.5						True	Things/Building/RuinedLabEquipment/RuinedTraitSelectionPrism
USABLE-EMPTY	VFEPD_RuinedVials	Vanilla Furniture Expanded - Props and Decor	ancient ruined vials	1x1	22	Graphic_Random	True	0.5						False	Things/Building/Ruined/GR_RuinedVials
USABLE-EMPTY	VFEPD_Ruined_Mechahybrid_Antenna	Vanilla Furniture Expanded - Props and Decor	ancient mechahybrid antenna	3x3	66	Graphic_Single	True	0.5						True	Things/Building/Ruined/GR_Ruined_Mechahybrid_Antenna
USABLE-EMPTY	VFEPD_Ruined_Mechahybridizer	Vanilla Furniture Expanded - Props and Decor	ancient mechahybridizer	5x5	110	Graphic_Multi	True	0.5						True	Things/Building/Ruined/GR_Ruined_Mechahybridizer
USABLE-EMPTY	VFEPD_RustedHospitalBed	Vanilla Furniture Expanded - Props and Decor	rusted hospital bed	1x2	22	Graphic_Multi	True	0.5						True	Things/Building/Beds/RustedHospitalBed
USABLE-EMPTY	VFEPD_RustedWheeledTray	Vanilla Furniture Expanded - Props and Decor	rusted wheeled tray	1x1	22	Graphic_Random	True	0.5						False	Things/Building/Props/RustedWheeledTray
USABLE-EMPTY	VFEPD_ScrapChunk	Vanilla Furniture Expanded - Props and Decor	scrap ship chunk	2x2	44	Graphic_Random	True	0.5						False	Things/Building/MiscProps/SalvageChunk
USABLE-EMPTY	VFEPD_Scraper	Vanilla Furniture Expanded - Props and Decor	scraper	1x1	22	Graphic_Single	True	0.5						True	Things/Building/WorkshopProps/VFEPD_Scraper/VFEPD_Scraper
USABLE-EMPTY	VFEPD_ShipChunk	Vanilla Furniture Expanded - Props and Decor	ship chunk	2x2	44	Graphic_Random	True	0.5						False	Things/Building/Exotic/ShipChunk
USABLE-EMPTY	VFEPD_ShipChunk_Mech	Vanilla Furniture Expanded - Props and Decor	mechanoid ship chunk	1x1	22	Graphic_Random	True	0.5						False	Things/Building/MechanoidShipChunk
USABLE-EMPTY	VFEPD_ShipPart_JohnsonTanaka_Drive_Ruined	Vanilla Furniture Expanded - Props and Decor	ruined Johnson-Tanaka drive	3x3	66	Graphic_Multi	True	0.5						True	Things/Building/Spaceships/ShipEngines/JTDriveSalvage
USABLE-EMPTY	VFEPD_ShipPart_ShipReactorDamaged	Vanilla Furniture Expanded - Props and Decor	ruined ship reactor	5x5	110	Graphic_Single	True	0.5						True	Things/Building/Spaceships/Reactors/ShipReactorDamaged
USABLE-EMPTY	VFEPD_ShuttleCrashed	Vanilla Furniture Expanded - Props and Decor	crashed shuttle	5x3	66	Graphic_Single	True	0.5						True	Things/Building/Misc/CrashedShuttle
USABLE-EMPTY	VFEPD_SignA	Vanilla Furniture Expanded - Props and Decor	ancient sign	1x2	22	Graphic_Single	True	0.5						True	Things/Building/Ruined/GR_SignA
USABLE-EMPTY	VFEPD_SignB	Vanilla Furniture Expanded - Props and Decor	ancient sign	1x2	22	Graphic_Single	True	0.5						True	Things/Building/Ruined/GR_SignB
USABLE-EMPTY	VFEPD_SignC	Vanilla Furniture Expanded - Props and Decor	ancient sign	1x2	22	Graphic_Single	True	0.5						True	Things/Building/Ruined/GR_SignC
USABLE-EMPTY	VFEPD_SignD	Vanilla Furniture Expanded - Props and Decor	ancient sign	1x2	22	Graphic_Single	True	0.5						True	Things/Building/Ruined/GR_SignD
USABLE-EMPTY	VFEPD_SignE	Vanilla Furniture Expanded - Props and Decor	ancient sign	2x1	22	Graphic_Single	True	0.5						True	Things/Building/Ruined/GR_SignE
USABLE-EMPTY	VFEPD_SignF	Vanilla Furniture Expanded - Props and Decor	ancient sign	2x1	22	Graphic_Single	True	0.5						True	Things/Building/Ruined/GR_SignF
USABLE-EMPTY	VFEPD_SignG	Vanilla Furniture Expanded - Props and Decor	ancient sign	1x2	22	Graphic_Single	True	0.5						True	Things/Building/Ruined/GR_SignG
USABLE-EMPTY	VFEPD_SignH	Vanilla Furniture Expanded - Props and Decor	ancient sign	1x2	22	Graphic_Single	True	0.5						True	Things/Building/Ruined/GR_SignH
USABLE-EMPTY	VFEPD_Sink	Vanilla Furniture Expanded - Props and Decor	ancient sink	1x1	22	Graphic_Multi	True	0.5						True	Things/Building/Ruined/GR_Sink
USABLE-EMPTY	VFEPD_SmallBioLight	Vanilla Furniture Expanded - Props and Decor	ancient bioluminescent light	1x1	22	Graphic_Single	True	0.5						True	Things/Building/Ruined/GR_SmallBioLight
USABLE-EMPTY	VFEPD_SpaceJunk	Vanilla Furniture Expanded - Props and Decor	space junk	1x1	22	Graphic_Random	True	0.5						False	Things/Building/Misc/AncientSpaceJunk
USABLE-EMPTY	VFEPD_SplicehulkContainment	Vanilla Furniture Expanded - Props and Decor	splicehulk containment	2x2	44	Graphic_Single	True	0.5						True	Things/Building/Traps/MutationSampler_Filled_Splicehulk
USABLE-EMPTY	VFEPD_Toilet	Vanilla Furniture Expanded - Props and Decor	ancient toilet	1x1	22	Graphic_Multi	True	0.5						True	Things/Building/Ruined/GR_Toilet
USABLE-EMPTY	GR_AncientElectrowombSpawner	Vanilla Genetics Expanded	ancient electrowomb	1x1	22	Graphic_Single	True	0.5						True	Things/Building/Ruined/AncientElectrowomb
USABLE-EMPTY	GR_LabLockerBank	Vanilla Genetics Expanded	ancient lab locker bank	3x1	22	Graphic_Random	True	0.5						False	Things/Building/Ruined/GR_LabLockerBank
USABLE-EMPTY	GR_RuinedVials	Vanilla Genetics Expanded	ancient ruined vials	1x1	22	Graphic_Random	True	0.5		Steel x0.5	Steel x1			False	Things/Building/Ruined/GR_RuinedVials
USABLE-EMPTY	GR_RustedWallA	Vanilla Genetics Expanded	rusted laboratory wall	1x1	22	Graphic_Single	True	0.5		Steel x0.5	Steel x1			True	Things/Building/GR_RustedWallA
USABLE-EMPTY	GR_RustedWallB	Vanilla Genetics Expanded	rusted laboratory wall	1x1	22	Graphic_Single	True	0.5		Steel x0.5	Steel x1			True	Things/Building/GR_RustedWallB
USABLE-EMPTY	VGE_DamagedEscapePod	Vanilla Gravship Expanded - Chapter 1	damaged escape pod	1x1	22	Graphic_Single	True	0.5						True	Things/Structures/DamagedDropPod/DamagedDropPod
USABLE-EMPTY	VME_AncientATM	Vanilla Ideology Expanded - Memes and Structures	ancient ATM	1x1	22	Graphic_Single	True	0.5						True	Things/Building/Ruins/AncientATM
USABLE-EMPTY	VME_AncientAirConditioner	Vanilla Ideology Expanded - Memes and Structures	ancient air conditioner	1x1	22	Graphic_Single	True	0.5						True	Things/Building/Ruins/AirConditioner
USABLE-EMPTY	VME_AncientBed	Vanilla Ideology Expanded - Memes and Structures	ancient bed	1x2	22	Graphic_Multi	True	0.5						True	Things/Building/Ruins/AncientBed
USABLE-EMPTY	VME_AncientContainer	Vanilla Ideology Expanded - Memes and Structures	ancient container	3x5	66	Graphic_Multi	True	0.5						True	Things/Building/Ruins/AncientContainer
USABLE-EMPTY	VME_AncientDisplayBank	Vanilla Ideology Expanded - Memes and Structures	ancient display bank	3x1	22	Graphic_Multi	True	0.5						True	Things/Building/Ruins/AncientDisplayBank
USABLE-EMPTY	VME_AncientEquipmentBlocks	Vanilla Ideology Expanded - Memes and Structures	ancient equipment blocks	4x2	44	Graphic_Multi	True	0.5						True	Things/Building/Ruins/AncientEquipmentBlocks
USABLE-EMPTY	VME_AncientHydrant	Vanilla Ideology Expanded - Memes and Structures	ancient hydrant	1x1	22	Graphic_Single	True	0.5						True	Things/Building/Ruins/AncientHydrant
USABLE-EMPTY	VME_AncientKitchenSink	Vanilla Ideology Expanded - Memes and Structures	ancient kitchen sink	1x1	22	Graphic_Single	True	0.5						True	Things/Building/Ruins/KitchenSink
USABLE-EMPTY	VME_AncientLamp	Vanilla Ideology Expanded - Memes and Structures	ancient lamp	1x1	22	Graphic_Single	True	0.5						True	Things/Building/Ruins/AncientLamp
USABLE-EMPTY	VME_AncientLargeCrate	Vanilla Ideology Expanded - Memes and Structures	ancient large crate	1x1	22	Graphic_Single	True	0.5						True	Things/Building/Ruins/CrateLarge
USABLE-EMPTY	VME_AncientLargeRustedEngineBlock	Vanilla Ideology Expanded - Memes and Structures	ancient macro-engine block	2x1	22	Graphic_Single	True	0.5		ChunkSlagSteel x0.5, VVE_EngineBlock x0.5, ComponentIndustrial x0.5	ChunkSlagSteel x1, VVE_EngineBlock x1, ComponentIndustrial x1			True	Things/Building/Ruins/LargeEngineBlock
USABLE-EMPTY	VME_AncientLockerBank	Vanilla Ideology Expanded - Memes and Structures	ancient locker bank	3x1	22	Graphic_Multi	True	0.5						True	Things/Building/Ruins/AncientLockerBank
USABLE-EMPTY	VME_AncientLongCrate	Vanilla Ideology Expanded - Memes and Structures	ancient long crate	1x1	22	Graphic_Single	True	0.5						True	Things/Building/Ruins/CrateLong
USABLE-EMPTY	VME_AncientMechDropBeacon	Vanilla Ideology Expanded - Memes and Structures	ancient mech drop beacon	1x1	22	Graphic_Random	True	0.5						False	Things/Building/Ruins/DestroyedMechDropBeacon
USABLE-EMPTY	VME_AncientMechanoidShell	Vanilla Ideology Expanded - Memes and Structures	ancient mechanoid detritus	1x1	22	Graphic_Random	True	0.5						False	Things/Building/Ruins/AncientMechDetritus
USABLE-EMPTY	VME_AncientMicrowave	Vanilla Ideology Expanded - Memes and Structures	ancient microwave	1x1	22	Graphic_Single	True	0.5						True	Things/Building/Ruins/AncientMicrowave
USABLE-EMPTY	VME_AncientMilitaryCrate	Vanilla Ideology Expanded - Memes and Structures	ancient military crate	1x1	22	Graphic_Random	True	0.5						False	Things/Building/Ruins/AncientMilitaryCrate
USABLE-EMPTY	VME_AncientOperatingTable	Vanilla Ideology Expanded - Memes and Structures	ancient operating table	1x2	22	Graphic_Multi	True	0.5						True	Things/Building/Ruins/AncientOperatingTable
USABLE-EMPTY	VME_AncientOven	Vanilla Ideology Expanded - Memes and Structures	ancient oven	1x1	22	Graphic_Multi	True	0.5						True	Things/Building/Ruins/AncientOven
USABLE-EMPTY	VME_AncientPostbox	Vanilla Ideology Expanded - Memes and Structures	ancient postbox	1x1	22	Graphic_Single	True	0.5						True	Things/Building/Ruins/Postbox
USABLE-EMPTY	VME_AncientRazorWire	Vanilla Ideology Expanded - Memes and Structures	ancient razor wire	1x1	22	Graphic_Random	True	0.5		Steel x0.5	Steel x1			False	Things/Building/Ruins/AncientRazorWire
USABLE-EMPTY	VME_AncientRefrigerator	Vanilla Ideology Expanded - Memes and Structures	ancient refrigerator	1x1	22	Graphic_Single	True	0.5						True	Things/Building/Ruins/Fridge
USABLE-EMPTY	VME_AncientRustedEngineBlock	Vanilla Ideology Expanded - Memes and Structures	ancient engine block	1x1	22	Graphic_Random	True	0.5		VVE_EngineBlock x0.5	VVE_EngineBlock x1			False	Things/Building/Ruins/RustedEngineBlock
USABLE-EMPTY	VME_AncientShoppingCart	Vanilla Ideology Expanded - Memes and Structures	ancient shopping cart	1x1	22	Graphic_Random	True	0.5						False	Things/Building/Ruins/ShoppingCart
USABLE-EMPTY	VME_AncientSmallCrate	Vanilla Ideology Expanded - Memes and Structures	ancient small crate	1x1	22	Graphic_Single	True	0.5						True	Things/Building/Ruins/CrateSmall
USABLE-EMPTY	VME_AncientSpaceJunk	Vanilla Ideology Expanded - Memes and Structures	ancient space junk	1x1	22	Graphic_Random	True	0.5						False	Things/Building/Misc/AncientSpaceJunk
USABLE-EMPTY	VME_AncientSpacerCrate	Vanilla Ideology Expanded - Memes and Structures	ancient spacer crate	1x1	22	Graphic_Random	True	0.5						False	Things/Building/Ruins/AncientSpacerCrate
USABLE-EMPTY	VME_AncientStove	Vanilla Ideology Expanded - Memes and Structures	ancient stove	1x1	22	Graphic_Multi	True	0.5						True	Things/Building/Ruins/Stove
USABLE-EMPTY	VME_AncientSystemRack	Vanilla Ideology Expanded - Memes and Structures	ancient system rack	1x3	22	Graphic_Multi	True	0.5						True	Things/Building/Ruins/AncientSystemRack
USABLE-EMPTY	VME_AncientToilet	Vanilla Ideology Expanded - Memes and Structures	ancient toilet	1x1	22	Graphic_Multi	True	0.5						True	Things/Building/Ruins/AncientToilet
USABLE-EMPTY	VME_AncientVendingMachine	Vanilla Ideology Expanded - Memes and Structures	ancient vending machine	1x1	22	Graphic_Single	True	0.5						True	Things/Building/Ruins/VendingMachine
USABLE-EMPTY	VME_AncientWashingMachine	Vanilla Ideology Expanded - Memes and Structures	ancient washing machine	1x1	22	Graphic_Single	True	0.5						False	Things/Building/Ruins/AncientWashingMachine
USABLE-EMPTY	VQEA_AncientFauxPlant	Vanilla Quests Expanded - Ancients	ancient faux plant	1x1	22	Graphic_Random	True	0.5						False	Things/Building/Furniture/AncientFauxPlant
USABLE-EMPTY	VQEA_AncientTripWarning	Vanilla Quests Expanded - Ancients	trip warning sign	1x1	22	Graphic_Multi	True	0.5						True	Things/Building/Props/AncientTripWarning
USABLE-EMPTY	VQEA_AncientVaultLamp	Vanilla Quests Expanded - Ancients	ancient vault lamp	1x1	22	Graphic_Single	True	0.5						True	Things/Building/Light/AncientVaultLamp
USABLE-EMPTY	VQEA_RustedWheeledTray	Vanilla Quests Expanded - Ancients	rusted wheeled tray	1x1	22	Graphic_Random	True	0.5						False	Things/Building/Props/RustedWheeledTray
USABLE-EMPTY	VQE_AncientCryptoforge	Vanilla Quests Expanded - Cryptoforge	ancient cryptoforge	5x2	44	Graphic_Multi	True	0.5						True	Things/Cryptoforge/Cryptoforge
USABLE-EMPTY	VQE_AncientChainlinkFence	Vanilla Quests Expanded - The Generator	ancient chainlink fence	1x1	22	Graphic_Single	True	0.5						True	Things/AncientJunk/AncientChainlinkFence/AncientChainlinkFence_Atlas
USABLE-EMPTY	VQE_AncientResearchFiles	Vanilla Quests Expanded - The Generator	ancient research files	1x1	22	Graphic_Multi	True	0.5		ChunkSlagSteel x0.5	ChunkSlagSteel x1			True	Things/AncientJunk/AncientFilingCabinet/AncientFilingCabinet_Full
USABLE-EMPTY	VQE_AncientResearchFiles_Off	Vanilla Quests Expanded - The Generator	ancient filing cabinet	1x1	22	Graphic_Multi	True	0.5		ChunkSlagSteel x0.5	ChunkSlagSteel x1			True	Things/AncientJunk/AncientFilingCabinet/AncientFilingCabinet_Empty
USABLE-EMPTY	VQE_AncientResearchTerminal	Vanilla Quests Expanded - The Generator	research terminal	1x1	22	Graphic_Multi	True	0.5		ComponentIndustrial x0.5	ComponentIndustrial x1			True	Things/AncientJunk/AncientTerminals/GenetronTerminal
USABLE-EMPTY	VQE_AncientResearchTerminal_Cracked	Vanilla Quests Expanded - The Generator	cracked research terminal	1x1	22	Graphic_Multi	True	0.5		ComponentIndustrial x0.5	ComponentIndustrial x1			True	Things/AncientJunk/AncientTerminals/GenetronTerminalRusted
USABLE-EMPTY	VQE_AncientResearchTerminal_Off	Vanilla Quests Expanded - The Generator	ancient research terminal	1x1	22	Graphic_Multi	True	0.5		ComponentIndustrial x0.5	ComponentIndustrial x1			True	Things/AncientJunk/AncientTerminals/GenetronTerminalOff
USABLE-EMPTY	VQE_ConstructionPallet_Scrap	Vanilla Quests Expanded - The Generator	construction pallet with scrap	2x2	44	Graphic_Single	True	0.5		ChunkSlagSteel x0.5	ChunkSlagSteel x1			True	Things/AncientJunk/ConstructionPallet_SteelSlags
USABLE-EMPTY	BTD_GravhulkEngine_Dormant	[BTD] Gravship Blueprints	dormant gravhulk engine	5x5	110	Graphic_Single	True	0.5						True	Things/Structures/GravEngines/GravHulkEngine/GravHulkEngine
USABLE-YIELDS	ChunkA	Adaptive Ideology Storage	Chunk A	5x2	44	Graphic_Single	True	0.5	Steel x262.5		Steel x525		LWM_DS_Storage	True	Chunk/Chunk_A
USABLE-YIELDS	ChunkB	Adaptive Ideology Storage	Chunk B	5x2	44	Graphic_Single	True	0.5	Steel x262.5		Steel x525		LWM_DS_Storage	True	Chunk/Chunk_B
USABLE-YIELDS	asf_rustedtoolbox	Adaptive Ideology Storage	rusted toolbox	2x1	22	Graphic_Multi	True	0.5	Steel x10.0		Steel x20		LWM_DS_Storage	True	Toolbox/RustedToolbox
USABLE-YIELDS	AB_Mech_RuinedActivator	Alpha Biomes	ruined mech proximity activator	1x1	22	Graphic_Single	True	0.5	ComponentIndustrial x1.5	Steel x0.5, ChunkSlagSteel x0.5	Steel x1, ChunkSlagSteel x1, ComponentIndustrial x3			True	Things/Building/DerelictCluster/AB_Mech_RuinedActivator
USABLE-YIELDS	AB_Mech_RuinedAssembler	Alpha Biomes	ruined mech assembler	3x3	66	Graphic_Single	True	0.5	Steel x10.0, ChunkSlagSteel x2.5		Steel x20, ChunkSlagSteel x5			True	Things/Building/DerelictCluster/AB_Mech_RuinedAssembler
USABLE-YIELDS	AB_Mech_RuinedCapsule	Alpha Biomes	ruined mech capsule	2x3	44	Graphic_Single	True	0.5	Steel x5.0, ChunkSlagSteel x1.5		Steel x10, ChunkSlagSteel x3			True	Things/Building/DerelictCluster/AB_Mech_RuinedCapsule
USABLE-YIELDS	AB_Mech_RuinedCell	Alpha Biomes	ruined mech power cell	1x1	22	Graphic_Single	True	0.5	ComponentIndustrial x1.5	Steel x0.5, ChunkSlagSteel x0.5	Steel x1, ChunkSlagSteel x1, ComponentIndustrial x3			True	Things/Building/DerelictCluster/AB_Mech_RuinedCell
USABLE-YIELDS	AB_Mech_RuinedLargeGunPlatform	Alpha Biomes	ruined mech large turret base	2x2	44	Graphic_Single	True	0.5	Steel x2.5, ChunkSlagSteel x1.5		Steel x5, ChunkSlagSteel x3			True	Things/Building/DerelictCluster/AB_Mech_RuinedLargeGunPlatform
USABLE-YIELDS	AG_AncientBandNode	Alpha Genes	ancient band node	2x2	44	Graphic_Single	True	0.5	Steel x7.5	ChunkSlagSteel x0.5	Steel x15, ChunkSlagSteel x1			True	Things/Building/AG_RuinedBandNode
USABLE-YIELDS	AG_AncientBasicRecharger	Alpha Genes	ancient mech recharger	3x1	22	Graphic_Multi	True	0.5	Steel x7.5	ChunkSlagSteel x0.5	Steel x15, ChunkSlagSteel x1			True	Things/Building/AG_RuinedBasicRecharger
USABLE-YIELDS	AG_AncientFaultyLamp	Alpha Genes	ancient faulty lamp	1x2	22	Graphic_Single	True	0.5	Steel x2.0		Steel x4			True	Things/Building/AG_AncientFaultyLamp
USABLE-YIELDS	AG_AncientGeneAssembler	Alpha Genes	ancient gene assembler	3x2	44	Graphic_Multi	True	0.5	Steel x20.5	ComponentIndustrial x0.5, ChunkSlagSteel x0.5	Steel x41, ComponentIndustrial x1, ChunkSlagSteel x1			True	Things/Building/AG_GeneAssembler
USABLE-YIELDS	AG_AncientGeneBank	Alpha Genes	ancient gene bank	2x1	22	Graphic_Multi	True	0.5	Steel x7.5	ChunkSlagSteel x0.5	Steel x15, ChunkSlagSteel x1			True	Things/Building/AG_RuinedGeneBank
USABLE-YIELDS	AG_AncientGeneExtractor	Alpha Genes	ancient gene extractor	2x2	44	Graphic_Multi	True	0.5	Steel x20.5	ComponentIndustrial x0.5, ChunkSlagSteel x0.5	Steel x41, ComponentIndustrial x1, ChunkSlagSteel x1			True	Things/Building/AG_RuinedGeneExtractor
USABLE-YIELDS	AG_AncientGeneProcessor	Alpha Genes	ancient gene processor	2x2	44	Graphic_Single	True	0.5	Steel x20.5	ComponentIndustrial x0.5, ChunkSlagSteel x0.5	Steel x41, ComponentIndustrial x1, ChunkSlagSteel x1			True	Things/Building/AG_RuinedGeneProcessor
USABLE-YIELDS	AG_AncientGrowthVat	Alpha Genes	ancient growth vat	1x2	22	Graphic_Multi	True	0.5	Steel x7.5	ChunkSlagSteel x0.5	Steel x15, ChunkSlagSteel x1			True	Things/Building/AG_RuinedGrowthVat
USABLE-YIELDS	AG_AncientHugeBank	Alpha Genes	ancient huge gene bank	4x2	44	Graphic_Single	True	0.5	Steel x20.5	ComponentIndustrial x0.5, ChunkSlagSteel x0.5	Steel x41, ComponentIndustrial x1, ChunkSlagSteel x1			True	Things/Building/AG_RuinedHugeBank
USABLE-YIELDS	AG_AncientLamp	Alpha Genes	ancient broken lamp	1x1	22	Graphic_Single	True	0.5	Steel x7.5	ChunkSlagSteel x0.5	Steel x15, ChunkSlagSteel x1			True	Things/Building/AG_RuinedLamp
USABLE-YIELDS	AG_AncientLargeMechGestator	Alpha Genes	ancient large mech gestator	4x3	66	Graphic_Multi	True	0.5	Steel x20.5	ComponentIndustrial x0.5, ChunkSlagSteel x0.5	Steel x41, ComponentIndustrial x1, ChunkSlagSteel x1			True	Things/Building/AG_RuinedMechGestatorLarge
USABLE-YIELDS	AG_AncientLargeRecharger	Alpha Genes	ancient large mech recharger	3x2	44	Graphic_Multi	True	0.5	Steel x20.5	ComponentIndustrial x0.5, ChunkSlagSteel x0.5	Steel x41, ComponentIndustrial x1, ChunkSlagSteel x1			True	Things/Building/AG_RuinedStandardRecharger
USABLE-YIELDS	AG_AncientMechGestator	Alpha Genes	ancient mech gestator	3x2	44	Graphic_Multi	True	0.5	Steel x20.5	ComponentIndustrial x0.5, ChunkSlagSteel x0.5	Steel x41, ComponentIndustrial x1, ChunkSlagSteel x1			True	Things/Building/AG_RuinedMechGestatorStandard
USABLE-YIELDS	AG_AncientPollutionPump	Alpha Genes	ancient pollution pump	1x1	22	Graphic_Single	True	0.5	Steel x7.5	ChunkSlagSteel x0.5	Steel x15, ChunkSlagSteel x1			True	Things/Building/AG_RuinedPollutionPump
USABLE-YIELDS	AG_AncientSubcoreRipscanner	Alpha Genes	ancient subcore ripscanner	3x2	44	Graphic_Multi	True	0.5	Steel x20.5	ComponentIndustrial x0.5, ChunkSlagSteel x0.5	Steel x41, ComponentIndustrial x1, ChunkSlagSteel x1			True	Things/Building/AG_RuinedSubcoreRipscanner
USABLE-YIELDS	AG_AncientVitalsMonitor	Alpha Genes	ancient vitals monitor	1x1	22	Graphic_Multi	True	0.5	Steel x7.5	ChunkSlagSteel x0.5	Steel x15, ChunkSlagSteel x1			True	Things/Building/AG_RuinedVitalsMonitor
USABLE-YIELDS	AG_AncientWastepackAtomizer	Alpha Genes	ancient wastepack atomizer	3x2	44	Graphic_Single	True	0.5	Steel x20.5	ComponentIndustrial x0.5, ChunkSlagSteel x0.5	Steel x41, ComponentIndustrial x1, ChunkSlagSteel x1			True	Things/Building/AG_RuinedWastepackAtomizer
USABLE-YIELDS	AG_RuinedHospitalBed	Alpha Genes	ancient hospital bed	1x2	22	Graphic_Multi	True	0.5	Steel x40.0, ComponentIndustrial x2.5		Steel x80, ComponentIndustrial x5			True	Things/Building/AG_RuinedHospitalBed
USABLE-YIELDS	AG_RuinedLabLamp	Alpha Genes	ancient lab lamp	1x2	22	Graphic_Single	True	0.5	Steel x2.0		Steel x4			True	Things/Building/AG_RuinedLabLamp
USABLE-YIELDS	BreadMoAM_AncientAutomaticDrillingRig	Ancient mining industry	Ancient industrial drilling rig	3x3	66	Graphic_Single	True	0.5	Steel x75.0		Steel x150	ChunkSlagSteel x4, Plasteel x15, ComponentSpacer x1		True	Things/Building/AncientAutomaticDrillingRig/AncientAutomaticDrillingRig
USABLE-YIELDS	BreadMoAM_AncientBarrierGate	Ancient mining industry	ancient barrier gate	4x1	22	Graphic_Multi	True	0.5	Steel x10.0		Steel x20	ChunkSlagSteel x1		True	Things/Building/Props/AncientBarrierGate
USABLE-YIELDS	BreadMoAM_AncientBrokenTurret	Ancient mining industry	ancient broken turret	2x2	44	Graphic_Multi	True	0.5	Steel x15.0		Steel x30	ChunkSlagSteel x2		True	Things/Building/Turret/AncientBrokenTurret
USABLE-YIELDS	BreadMoAM_AncientElectricalEquipment	Ancient mining industry	ancient electrical appliances	1x4	22	Graphic_Multi	True	0.5	Steel x7.5	ComponentIndustrial x0.5, Plasteel x0.5	Steel x15, ComponentIndustrial x1, Plasteel x1	ChunkSlagSteel x2, Plasteel x5, ComponentIndustrial x1		True	Things/Building/AncientTunnelBoringMachine/AncientElectricalEquipment
USABLE-YIELDS	BreadMoAM_AncientEmptyMiningCar	Ancient mining industry	ancient mining carriage	5x3	66	Graphic_Single	True	0.5	Steel x125.0		Steel x250	ChunkSlagSteel x3		True	Things/Building/Props/AncientEmptyCarriage
USABLE-YIELDS	BreadMoAM_AncientExcavatorBucketWheel	Ancient mining industry	ancient excavator bucket wheel	5x5	110	Graphic_Multi	True	0.5	Steel x27.5, Plasteel x7.5, Uranium x7.5	ComponentIndustrial x0.5	Steel x55, ComponentIndustrial x1, Plasteel x15, Uranium x15	ChunkSlagSteel x6, Plasteel x50, Uranium x50, ComponentIndustrial x3		True	Things/Building/AncientGiantRockExcavator/AncientExcavatorBucketWheel
USABLE-YIELDS	BreadMoAM_AncientExcavatorPowerFacilities	Ancient mining industry	ancient excavator power system	5x5	110	Graphic_Single	True	0.5	Steel x75.0	ComponentSpacer x0.5	Steel x150, ComponentSpacer x1	ChunkSlagSteel x5, Plasteel x35, ComponentIndustrial x5		True	Things/Building/AncientGiantRockExcavator/AncientExcavatorPowerFacilities
USABLE-YIELDS	BreadMoAM_AncientGiantRockExcavator	Ancient mining industry	ancient giant excavator chassis	9x9	198	Graphic_Single	True	0.5	Steel x125.0	ComponentSpacer x0.5	Steel x250, ComponentSpacer x1	ChunkSlagSteel x9, Plasteel x145, ComponentIndustrial x15		True	Things/Building/AncientGiantRockExcavator/AncientGiantRockExcavator
USABLE-YIELDS	BreadMoAM_AncientIndoorFireHydrants	Ancient mining industry	ancient indoor fire hydrants	1x1	22	Graphic_Multi	True	0.5	Steel x5.0		Steel x10			True	Things/Building/Props/AncientIndoorFireHydrants
USABLE-YIELDS	BreadMoAM_AncientMineralConveyor	Ancient mining industry	ancient mineral conveyor	1x4	22	Graphic_Multi	True	0.5	Steel x2.5	ComponentIndustrial x0.5, Plasteel x0.5	Steel x5, ComponentIndustrial x1, Plasteel x1	ChunkSlagSteel x1, Plasteel x5, ComponentIndustrial x1		True	Things/Building/AncientTunnelBoringMachine/AncientMineralConveyor
USABLE-YIELDS	BreadMoAM_AncientMineralExports	Ancient mining industry	ancient mineral outlet	1x2	22	Graphic_Multi	True	0.5	Steel x2.5		Steel x5	ChunkSlagSteel x3		True	Things/Building/AncientTunnelBoringMachine/AncientMineralExports
USABLE-YIELDS	BreadMoAM_AncientMudCarriage	Ancient mining industry	ancient mud carriage	5x3	66	Graphic_Single	True	0.5	Steel x125.0		Steel x250	ChunkSlagSteel x3		True	Things/Building/Props/AncientMudCarriage
USABLE-YIELDS	BreadMoAM_AncientOreDressingMachine	Ancient mining industry	Ancient ore dresser	5x5	110	Graphic_Single	True	0.5	Steel x17.5, Plasteel x7.5	ComponentIndustrial x0.5	Steel x35, ComponentIndustrial x1, Plasteel x15	ChunkSlagSteel x4, Plasteel x75, ComponentIndustrial x5		True	Things/Building/OreDressingMachine/AncientOreDressingMachine
USABLE-YIELDS	BreadMoAM_AncientPlasteelMiningCars	Ancient mining industry	ancient plasteel mining carriage	5x3	66	Graphic_Single	True	0.5	Steel x175.0, Plasteel x187.5		Steel x350, Plasteel x375	ChunkSlagSteel x3, Plasteel x375		True	Things/Building/Props/AncientPlasteelMiningCars
USABLE-YIELDS	BreadMoAM_AncientRockMiningCar	Ancient mining industry	ancient chunk mining carriage	5x3	66	Graphic_Single	True	0.5	Steel x125.0		Steel x250	ChunkSlagSteel x3		True	Things/Building/Props/AncientRockCarriage
USABLE-YIELDS	BreadMoAM_AncientRustedTruck	Ancient mining industry	ancient rusted truck	4x2	44	Graphic_Multi	True	0.5	Steel x50.0		Steel x100	ChunkSlagSteel x2		True	Things/Building/Props/RustedTruck
USABLE-YIELDS	BreadMoAM_AncientSemiTrailer	Ancient mining industry	ancient semi trailer	4x2	44	Graphic_Multi	True	0.5	Steel x45.0		Steel x90	ChunkSlagSteel x2		True	Things/Building/Props/AncientSemiTrailers
USABLE-YIELDS	BreadMoAM_AncientSteelMiningCars	Ancient mining industry	ancient steel mining carriage	5x3	66	Graphic_Single	True	0.5	Steel x375.0		Steel x750	ChunkSlagSteel x3, Steel x375		True	Things/Building/Props/AncientSteelMiningCars
USABLE-YIELDS	BreadMoAM_AncientTruckCompartment	Ancient mining industry	ancient truck compartment	4x2	44	Graphic_Multi	True	0.5	Steel x40.0		Steel x80	ChunkSlagSteel x2		True	Things/Building/Props/AncientTruckCompartment
USABLE-YIELDS	BreadMoAM_AncientTunnelBoringMachine	Ancient mining industry	ancient industrial excavator	5x7	110	Graphic_Multi	True	0.5	Steel x42.5, ComponentIndustrial x2.0, Plasteel x32.5, Uranium x8.5	ComponentSpacer x0.5	Steel x85, ComponentIndustrial x4, ComponentSpacer x1, Plasteel x65, Uranium x17	ChunkSlagSteel x9, Plasteel x135, ComponentIndustrial x15		True	Things/Building/AncientTunnelBoringMachine/AncientTunnelBoringMachine
USABLE-YIELDS	BreadMoAM_AncientTunnelStructuralSupport_a	Ancient mining industry	ancient structural support	1x4	22	Graphic_Multi	True	0.5	Steel x75.0		Steel x150	ChunkSlagSteel x3		True	Things/Building/AncientTunnelBoringMachine/AncientTunnelStructuralSupport_a
USABLE-YIELDS	BreadMoAM_AncientTunnelStructuralSupport_b	Ancient mining industry	ancient structural support	1x4	22	Graphic_Multi	True	0.5	Steel x7.5		Steel x15	ChunkSlagSteel x3		True	Things/Building/AncientTunnelBoringMachine/AncientTunnelStructuralSupport_b
USABLE-YIELDS	BreadMoAM_AncientTunnelStructuralSupport_c	Ancient mining industry	ancient structural support	1x4	22	Graphic_Multi	True	0.5	Steel x7.5		Steel x15	ChunkSlagSteel x3		True	Things/Building/AncientTunnelBoringMachine/AncientTunnelStructuralSupport_b
USABLE-YIELDS	BreadMoAM_AncientUraniumMiningCars	Ancient mining industry	ancient uranium mining carriage	5x3	66	Graphic_Single	True	0.5	Steel x175.0, Uranium x187.5		Steel x350, Uranium x375	ChunkSlagSteel x3, Uranium x375		True	Things/Building/Props/AncientUraniumMiningCars
USABLE-YIELDS	BreadMoAM_Turret_ShotgunTurret	Ancient mining industry	ancient mini shotgun turret	1x1	22	Graphic_Single	True	0.5	Steel x35.0, ComponentIndustrial x1.5		Steel x70, ComponentIndustrial x3			True	Things/Building/Turret/AncientShotgunTurret_base
USABLE-YIELDS	BreadMo_AncientRemoteMineralScanners	Ancient mining industry	Ancient site scanner	3x3	66	Graphic_Single	True	0.5	Steel x100.0, ComponentIndustrial x3.0, ComponentSpacer x1.0		Steel x200, ComponentIndustrial x6, ComponentSpacer x2		Misc	True	Things/Building/Props/ANScaner
USABLE-YIELDS	AM_Amublance	Ancient urban ruins	ancient amublance	5x2	44	Graphic_Single	True	0.5	Steel x15.0, VVE_EngineBlock x1.0, VVE_CarAlternator x1.0, VVE_CarWheel x2.0, ChunkSlagSteel x4.0	VVE_CarExhaust x0.5, VVE_CarBattery x0.5, VVE_CarSuspension x0.5	Steel x30, VVE_EngineBlock x2, VVE_CarAlternator x2, VVE_CarExhaust x1, VVE_CarWheel x4, VVE_CarBattery x1, VVE_CarSuspension x1, ChunkSlagSteel x8			True	Things/Building/Amublance
USABLE-YIELDS	AM_AncientDismantlingWorkbench	Ancient urban ruins	ancient dismantling table	3x1	22	Graphic_Multi	True	0.5	Steel x75.0, ComponentIndustrial x2.5		Steel x150, ComponentIndustrial x5		Production	True	Things/Building/AncientDismantlingWorkbench
USABLE-YIELDS	AM_AncientPodCar	Ancient urban ruins	ancient pod car	3x2	44	Graphic_Single	True	0.5	Steel x15.0, ChunkSlagSteel x1.5	VVE_EngineBlock x0.5, VVE_CarAlternator x0.5, VVE_CarExhaust x0.5, VVE_CarBattery x0.5, VVE_CarSuspension x0.5	Steel x30, VVE_EngineBlock x1, VVE_CarAlternator x1, VVE_CarExhaust x1, VVE_CarBattery x1, VVE_CarSuspension x1, ChunkSlagSteel x3			True	Things/Building/Ruins/PodCar
USABLE-YIELDS	AM_AncientRustedCar	Ancient urban ruins	ancient car	2x4	44	Graphic_Random	True	0.5	Steel x15.0, VVE_CarAlternator x1.0, VVE_CarWheel x1.0, ChunkSlagSteel x1.5	VVE_EngineBlock x0.5, VVE_CarExhaust x0.5, VVE_CarBattery x0.5, VVE_CarSuspension x0.5	Steel x30, VVE_EngineBlock x1, VVE_CarAlternator x2, VVE_CarExhaust x1, VVE_CarWheel x2, VVE_CarBattery x1, VVE_CarSuspension x1, ChunkSlagSteel x3			False	Things/Building/Ruins/RustedCars
USABLE-YIELDS	AM_AncientRustedCarFrame	Ancient urban ruins	ancient car frame	2x3	44	Graphic_Multi	True	0.5	Steel x15.0, VVE_CarAlternator x1.0, VVE_CarWheel x1.0, ChunkSlagSteel x2.5	VVE_EngineBlock x0.5, VVE_CarExhaust x0.5, VVE_CarSuspension x0.5	Steel x30, VVE_EngineBlock x1, VVE_CarAlternator x2, VVE_CarExhaust x1, VVE_CarWheel x2, VVE_CarSuspension x1, ChunkSlagSteel x5			True	Things/Building/Ruins/RustedCarFrame
USABLE-YIELDS	AM_AncientRustedJeep	Ancient urban ruins	ancient troop carrier	3x5	66	Graphic_Multi	True	0.5	Steel x15.0, VVE_CarAlternator x1.0, VVE_CarWheel x1.5, ChunkSlagSteel x1.5	VVE_EngineBlock x0.5, VVE_CarExhaust x0.5, VVE_CarSuspension x0.5	Steel x30, VVE_EngineBlock x1, VVE_CarAlternator x2, VVE_CarExhaust x1, VVE_CarWheel x3, VVE_CarSuspension x1, ChunkSlagSteel x3			True	Things/Building/Ruins/RustedMilitaryJeep
USABLE-YIELDS	AM_AncientRustedTruck	Ancient urban ruins	ancient truck	2x4	44	Graphic_Multi	True	0.5	Steel x15.0, VVE_CarWheel x2.0, ChunkSlagSteel x1.5	VVE_EngineBlock x0.5, VVE_CarAlternator x0.5, VVE_CarExhaust x0.5, VVE_CarSuspension x0.5	Steel x30, VVE_EngineBlock x1, VVE_CarAlternator x1, VVE_CarExhaust x1, VVE_CarWheel x4, VVE_CarSuspension x1, ChunkSlagSteel x3			True	Things/Building/Ruins/RustedTruck
USABLE-YIELDS	AM_AncientTruckCarriages	Ancient urban ruins	ancient truck carriages	3x5	66	Graphic_Multi	True	0.5	Steel x25.0		Steel x50			True	Things/Building/AncientTruckCarriages
USABLE-YIELDS	AM_ArmoredGate	Ancient urban ruins	ancient armored gate	3x1	22	Graphic_Multi	True	0.5	Steel x30.0		Steel x60			True	Things/Building/ArmoredGate
USABLE-YIELDS	AM_ArmoredGateL	Ancient urban ruins	ancient armored gate	4x1	22	Graphic_Multi	True	0.5	Steel x50.0		Steel x100			True	Things/Building/ArmoredGateL
USABLE-YIELDS	AM_ArmoredGateS	Ancient urban ruins	ancient armored gate	2x1	22	Graphic_Multi	True	0.5	Steel x25.0		Steel x50			True	Things/Building/ArmoredGateS
USABLE-YIELDS	AM_ArmoredGateXS	Ancient urban ruins	ancient armored gate	1x1	22	Graphic_Multi	True	0.5	Steel x20.0		Steel x40			True	Things/Building/ArmoredGateXS
USABLE-YIELDS	AM_ArmoredGate_invincible	Ancient urban ruins	ancient armored gate	3x1	22	Graphic_Multi	True	0.5	Steel x30.0		Steel x60			True	Things/Building/ArmoredGate
USABLE-YIELDS	AM_BDAShelfA_Open_Decoration	Ancient urban ruins	Damaged large shelves	4x2	44	Graphic_Single	True	0.5	Steel x7.5		Steel x15			True	Things/Container/big/BDAShelfA_Open
USABLE-YIELDS	AM_BDAShelfB_Open_Decoration	Ancient urban ruins	Damaged large shelves	4x2	44	Graphic_Single	True	0.5	Steel x7.5		Steel x15			True	Things/Container/big/BDAShelfB_Open
USABLE-YIELDS	AM_BTR82A	Ancient urban ruins	ancient suspended IFV	3x6	66	Graphic_Multi	True	0.5	Steel x15.0, VVE_CarAlternator x1.0, ChunkSlagSteel x4.0	VVE_EngineBlock x0.5, VVE_CarExhaust x0.5, VVE_CarBattery x0.5, VVE_CarSuspension x0.5	Steel x30, VVE_EngineBlock x1, VVE_CarAlternator x2, VVE_CarExhaust x1, VVE_CarBattery x1, VVE_CarSuspension x1, ChunkSlagSteel x8			True	Things/Container/82a
USABLE-YIELDS	AM_DamagedEmptyShelves	Ancient urban ruins	collapsed shelves	2x1	22	Graphic_Multi	True	0.5	Steel x7.5		Steel x15			True	Things/Container/DamagedEmptyShelves
USABLE-YIELDS	AM_DoubleDeckRacks_Open_Decoration	Ancient urban ruins	Damaged large shelves	4x2	44	Graphic_Multi	True	0.5	Steel x7.5		Steel x15			True	Things/Container/big/DoubleDeckRacks_Open
USABLE-YIELDS	AM_FireTruck	Ancient urban ruins	ancient fire truck	7x3	66	Graphic_Single	True	0.5	Steel x15.0, VVE_EngineBlock x1.0, VVE_CarAlternator x1.0, VVE_CarWheel x2.0, ChunkSlagSteel x4.0	VVE_CarExhaust x0.5, VVE_CarBattery x0.5, VVE_CarSuspension x0.5	Steel x30, VVE_EngineBlock x2, VVE_CarAlternator x2, VVE_CarExhaust x1, VVE_CarWheel x4, VVE_CarBattery x1, VVE_CarSuspension x1, ChunkSlagSteel x8			True	Things/Building/FireTruck
USABLE-YIELDS	AM_MI26_D	Ancient urban ruins	ancient giant helicopter	13x5	110	Graphic_Single	True	0.5	Steel x15.0, VVE_EngineBlock x2.5, VVE_CarAlternator x1.5, VVE_CarExhaust x4.0, VVE_CarWheel x2.0, VVE_CarBattery x1.0, VVE_CarSuspension x1.5, ChunkSlagSteel x6.0		Steel x30, VVE_EngineBlock x5, VVE_CarAlternator x3, VVE_CarExhaust x8, VVE_CarWheel x4, VVE_CarBattery x2, VVE_CarSuspension x3, ChunkSlagSteel x12			True	Things/Building/Mi26
USABLE-YIELDS	AM_ThreeLayerRacks_Open_Decoration	Ancient urban ruins	Damaged large shelves	4x2	44	Graphic_Multi	True	0.5	Steel x7.5		Steel x15			True	Things/Container/big/ThreeLayerRacks_Open
USABLE-YIELDS	AM_Wall_Atlas_AcientConcrete	Ancient urban ruins	ancient facility wall	1x1	22	Graphic_Single	True	0.5	Steel x3.0		Steel x6			True	Things/Building/Wall_Atlas_AcientConcrete
USABLE-YIELDS	AM_Wall_Atlas_Concrete	Ancient urban ruins	ancient concrete wall	1x1	22	Graphic_Single	True	0.5	Steel x3.0		Steel x6			True	Things/Building/Wall_Atlas_Concrete
USABLE-YIELDS	AM_Wall_Atlas_LoadBearing	Ancient urban ruins	ancient load-bearing concrete walls	1x1	22	Graphic_Single	True	0.5	Steel x3.0		Steel x6			True	Things/Building/Wall_Atlas_LoadBearing
USABLE-YIELDS	AM_WatchForGorehulk	Ancient urban ruins	watch for Gorehulk sign	1x1	22	Graphic_Single	True	0.5	Steel x2.5		Steel x5			True	Things/Building/StreetPlate/WatchForGorehulk
USABLE-YIELDS	AncientBandNode	Biotech	ancient band node	2x2	44	Graphic_Single	True	0.5	Steel x12.5	ComponentIndustrial x0.5	ComponentIndustrial x1, Steel x25			True	Things/Building/Ruins/AncientBandNode
USABLE-YIELDS	AncientExostriderCannon	Biotech	ancient exostrider cannon	3x2	44	Graphic_Single	True	0.5	ChunkMechanoidSlag x3.0	VVE_CarWiring x0.5, VVE_CarBattery x0.5, VVE_CarSuspension x0.5, VVE_CarTransmission x0.5, ComponentIndustrial x0.5, Gun_ChargeLance x0.5	VVE_CarWiring x1, VVE_CarBattery x1, VVE_CarSuspension x1, VVE_CarTransmission x1, ComponentIndustrial x1, Gun_ChargeLance x1, ChunkMechanoidSlag x6			True	Things/Building/Ruins/AncientExostrider/AncientExostriderCannon
USABLE-YIELDS	AncientExostriderHead	Biotech	ancient exostrider head	2x2	44	Graphic_Single	True	0.5	VVE_CarSuspension x1.0, ComponentIndustrial x1.5, ChunkMechanoidSlag x3.0, Steel x5.0	VVE_CarWiring x0.5, VVE_CarAlternator x0.5, VVE_CarExhaust x0.5	VVE_CarWiring x1, VVE_CarAlternator x1, VVE_CarExhaust x1, VVE_CarSuspension x2, ComponentIndustrial x3, ChunkMechanoidSlag x6, Steel x10			True	Things/Building/Ruins/AncientExostrider/AncientExostriderHead
USABLE-YIELDS	AncientExostriderLeg	Biotech	ancient exostrider leg	2x1	22	Graphic_Random	True	0.5	ChunkMechanoidSlag x3.0	VVE_CarWiring x0.5, VVE_CarSuspension x0.5, ComponentIndustrial x0.5	VVE_CarWiring x1, VVE_CarSuspension x1, ComponentIndustrial x1, ChunkMechanoidSlag x6			False	Things/Building/Ruins/AncientExostrider/AncientExostriderLeg
USABLE-YIELDS	AncientToxifierGenerator	Biotech	ancient toxifier generator	2x2	44	Graphic_Single	True	0.5	Steel x12.5	ComponentIndustrial x0.5	ComponentIndustrial x1, Steel x25			True	Things/Building/Ruins/AncientToxifierGenerator
USABLE-YIELDS	ShuttleCrashed_Exitable	Biotech	crashed shuttle	5x3	66	Graphic_Single	True	0.5	Steel x20.0, Plasteel x35.0, ComponentIndustrial x5.0	ShuttleEngine x0.5	Steel x40, Plasteel x70, ComponentIndustrial x10, ShuttleEngine x1	Steel x4, Plasteel x7, ChunkSlagSteel x1, ComponentIndustrial x1		True	Things/Building/Misc/CrashedShuttle
USABLE-YIELDS	ShuttleCrashed_Exitable_Mechanitor	Biotech	crashed mechanitor ship	5x3	66	Graphic_Single	True	0.5	Steel x20.0, Plasteel x35.0, ComponentIndustrial x5.0		Steel x40, Plasteel x70, ComponentIndustrial x10	Steel x4, Plasteel x7, ChunkSlagSteel x1, ComponentIndustrial x1		True	Things/Building/Misc/MechanitorShipCrashed
USABLE-YIELDS	AncientAPC	Core	ancient ruined APC	5x3	66	Graphic_Single	True	0.5	VVE_CarWheel x1.5, VVE_CarSuspension x3.0, ComponentIndustrial x1.0, ChunkSlagSteel x6.0	VVE_EngineBlock x0.5, VVE_CarAlternator x0.5, VVE_CarExhaust x0.5, VVE_CarFuelTank x0.5, VVE_CarTransmission x0.5, VVE_CarRadiator x0.5, VVE_CarWiring x0.5	VVE_EngineBlock x1, VVE_CarAlternator x1, VVE_CarExhaust x1, VVE_CarFuelTank x1, VVE_CarTransmission x1, VVE_CarWheel x3, VVE_CarRadiator x1, VVE_CarSuspension x6, VVE_CarWiring x1, ComponentIndustrial x2, ChunkSlagSteel x12			False	Things/Building/Ruins/RuinedAPC
USABLE-YIELDS	AncientBarrel	Core	ancient barrel	1x1	22	Graphic_Random	True	0.5	Chemfuel x1.5, Steel x2.5		Chemfuel x3, Steel x5			False	Things/Building/Ruins/AncientBarrel
USABLE-YIELDS	AncientBasicRecharger	Core	ancient basic recharger	3x1	22	Graphic_Multi	True	0.5	Steel x12.5	ComponentIndustrial x0.5	ComponentIndustrial x1, Steel x25			True	Things/Building/Ruins/AncientBasicRecharger
USABLE-YIELDS	AncientConcreteBarrier	Core	ancient concrete barrier	1x1	22	Graphic_Random	True	0.5	Steel x7.5		Steel x15			False	Things/Building/Ruins/AncientConcreteBarrier
USABLE-YIELDS	AncientCrate	Core	ancient crate	1x1	22	Graphic_Random	True	0.5	Steel x3.5		Steel x7			False	Things/Building/Ruins/AncientCrate
USABLE-YIELDS	AncientCryptosleepCasket	Core	ancient cryptosleep casket	1x2	22	Graphic_Multi	True	0.5	Steel x90.0, Uranium x2.5		Steel x180, Uranium x5	ChunkSlagSteel x1, Steel x25, Uranium x3		True	Things/Building/Ship/ShipCryptosleepCasket
USABLE-YIELDS	AncientDropshipEngine	Core	ancient dropship engine	3x2	44	Graphic_Single	True	0.5	ChunkSlagSteel x1.5	VVE_EngineBlock x0.5, ComponentIndustrial x0.5	ChunkSlagSteel x3, VVE_EngineBlock x1, ComponentIndustrial x1			False	Things/Building/Ruins/AncientDropshipEngine
USABLE-YIELDS	AncientFence	Core	ancient fence	1x1	22	Graphic_Single	True	0.5	Steel x1.5		Steel x3			True	Things/Building/Linked/AncientFence_Atlas
USABLE-YIELDS	AncientFuelNode	Core	ancient unstable fuel node	1x1	22	Graphic_Random	True	0.5	Chemfuel x25.0		Chemfuel x50			False	Things/Building/Ruins/AncientFuelNode
USABLE-YIELDS	AncientGenerator	Core	ancient generator	2x2	44	Graphic_Random	True	0.5	Chemfuel x14.5, Steel x17.5		Chemfuel x29, Steel x35	ChunkSlagSteel x2		False	Things/Building/Ruins/AncientGenerator
USABLE-YIELDS	AncientGiantWheel	Core	ancient giant wheel	2x2	44	Graphic_Random	True	0.5	Steel x7.5	VVE_CarWheel x0.5	VVE_CarWheel x1, Steel x15	ChunkSlagSteel x1		False	Things/Building/Ruins/GiantWheel
USABLE-YIELDS	AncientJetEngine	Core	ancient jet engine	3x2	44	Graphic_Single	True	0.5	ChunkSlagSteel x3.0, ComponentIndustrial x1.0	VVE_CarWheel x0.5	VVE_CarWheel x1, ChunkSlagSteel x6, ComponentIndustrial x2			True	Things/Building/Ruins/JetEngine
USABLE-YIELDS	AncientLamppost	Core	ancient lamppost	1x1	22	Graphic_Random	True	0.5	Steel x7.5		Steel x15			False	Things/Building/Ruins/AncientLamppost
USABLE-YIELDS	AncientLargeMechGestator	Core	ancient large mech gestator	4x3	66	Graphic_Single	True	0.5	Steel x22.5	ComponentIndustrial x0.5	ComponentIndustrial x1, Steel x45			True	Things/Building/Ruins/AncientLargeMechGestator
USABLE-YIELDS	AncientLongCrate	Core	ancient long crate	1x1	22	Graphic_Single	True	0.5	Steel x3.5		Steel x7			True	Things/Building/Ruins/CrateLong
USABLE-YIELDS	AncientMachine	Core	ancient machine	5x3	66	Graphic_Multi	True	0.5	ChunkSlagSteel x2.5, Steel x17.5	ComponentIndustrial x0.5	ChunkSlagSteel x5, Steel x35, ComponentIndustrial x1	ChunkSlagSteel x3		True	Things/Building/Ruins/AncientMachine
USABLE-YIELDS	AncientMechDropBeacon	Core	ancient mech drop beacon	1x1	22	Graphic_Random	True	0.5	Steel x10.0	ComponentIndustrial x0.5	ComponentIndustrial x1, Steel x20			False	Things/Building/Ruins/DestroyedMechDropBeacon
USABLE-YIELDS	AncientMechGestator	Core	ancient mech gestator	3x2	44	Graphic_Multi	True	0.5	Steel x12.5	ComponentIndustrial x0.5	ComponentIndustrial x1, Steel x25			True	Things/Building/Ruins/AncientMechGestator
USABLE-YIELDS	AncientMegaCannonBarrel	Core	ancient mega-cannon barrel	1x2	22	Graphic_Multi	True	0.5	ChunkSlagSteel x2.5, Steel x10.0		ChunkSlagSteel x5, Steel x20			True	Things/Building/Ruins/AncientMegacannonBarrel
USABLE-YIELDS	AncientMegaCannonTripod	Core	ancient mega-cannon platform	3x3	66	Graphic_Random	True	0.5	ChunkSlagSteel x2.5, Steel x5.0		ChunkSlagSteel x5, Steel x10	ChunkSlagSteel x2		False	Things/Building/Ruins/AncientMegacannonTripod
USABLE-YIELDS	AncientMiniWarwalkerRemains	Core	ancient warsprinter remains	5x3	66	Graphic_Single	True	0.5	ChunkSlagSteel x5.0	VVE_CarRadiator x0.5, VVE_CarWiring x0.5, VVE_CarBattery x0.5, VVE_CarSuspension x0.5, VVE_CarTransmission x0.5, ComponentIndustrial x0.5	VVE_CarRadiator x1, VVE_CarWiring x1, VVE_CarBattery x1, VVE_CarSuspension x1, VVE_CarTransmission x1, ComponentIndustrial x1, ChunkSlagSteel x10			True	Things/Building/Ruins/AncientWarsprinterRemains
USABLE-YIELDS	AncientPipelineSection	Core	ancient pipeline section	2x1	22	Graphic_Single	True	0.5	ChunkSlagSteel x2.5, Chemfuel x18.5, Steel x2.5		ChunkSlagSteel x5, Chemfuel x37, Steel x5			True	Things/Building/Ruins/PipelineSection
USABLE-YIELDS	AncientPipes	Core	ancient pipes	1x1	22	Graphic_Random	True	0.5	Steel x2.5, Chemfuel x1.5		Steel x5, Chemfuel x3			False	Things/Building/Ruins/AncientPipes
USABLE-YIELDS	AncientPodCar	Core	ancient pod car	3x2	44	Graphic_Single	True	0.5	VVE_CarSuspension x1.0, ComponentIndustrial x1.0, ChunkSlagSteel x3.0, Steel x5.0	VVE_CarWiring x0.5, VVE_CarAlternator x0.5, VVE_CarExhaust x0.5	VVE_CarWiring x1, VVE_CarAlternator x1, VVE_CarExhaust x1, VVE_CarSuspension x2, ComponentIndustrial x2, ChunkSlagSteel x6, Steel x10			True	Things/Building/Ruins/PodCar
USABLE-YIELDS	AncientRustedCar	Core	ancient car	2x4	44	Graphic_Random	True	0.5	VVE_CarWheel x1.0, VVE_CarSuspension x1.0, ChunkSlagSteel x4.5, Steel x5.0	VVE_EngineBlock x0.5, VVE_CarAlternator x0.5, VVE_CarExhaust x0.5, VVE_CarRadiator x0.5	VVE_EngineBlock x1, VVE_CarAlternator x1, VVE_CarExhaust x1, VVE_CarWheel x2, VVE_CarRadiator x1, VVE_CarSuspension x2, ChunkSlagSteel x9, Steel x10			False	Things/Building/Ruins/RustedCars
USABLE-YIELDS	AncientRustedCarFrame	Core	ancient car frame	2x3	44	Graphic_Multi	True	0.5	ChunkSlagSteel x1.5	VVE_CarWheel x0.5, ComponentIndustrial x0.5	VVE_CarWheel x1, ChunkSlagSteel x3, ComponentIndustrial x1			True	Things/Building/Ruins/RustedCarFrame
USABLE-YIELDS	AncientRustedDropship	Core	ancient dropship	6x5	110	Graphic_Single	True	0.5	ChunkSlagSteel x5.0	VVE_CarRadiator x0.5, VVE_CarWiring x0.5, VVE_CarBattery x0.5, VVE_CarTransmission x0.5, VVE_CarSuspension x0.5, ComponentIndustrial x0.5	VVE_CarRadiator x1, VVE_CarWiring x1, VVE_CarBattery x1, VVE_CarTransmission x1, VVE_CarSuspension x1, ComponentIndustrial x1, ChunkSlagSteel x10			False	Things/Building/Ruins/AncientRustedDropship
USABLE-YIELDS	AncientRustedJeep	Core	ancient troop carrier	3x5	66	Graphic_Multi	True	0.5	VVE_CarWheel x1.0, VVE_CarSuspension x2.5, ComponentIndustrial x1.0, ChunkSlagSteel x5.0, Steel x5.0	VVE_EngineBlock x0.5, VVE_CarAlternator x0.5, VVE_CarExhaust x0.5, VVE_CarFuelTank x0.5, VVE_CarTransmission x0.5, VVE_CarRadiator x0.5	VVE_EngineBlock x1, VVE_CarAlternator x1, VVE_CarExhaust x1, VVE_CarFuelTank x1, VVE_CarTransmission x1, VVE_CarWheel x2, VVE_CarRadiator x1, VVE_CarSuspension x5, ComponentIndustrial x2, ChunkSlagSteel x10, Steel x10			True	Things/Building/Ruins/RustedMilitaryJeep
USABLE-YIELDS	AncientRustedTruck	Core	ancient truck	2x4	44	Graphic_Multi	True	0.5	VVE_CarWheel x1.5, VVE_CarSuspension x2.0, ChunkSlagSteel x4.5, ComponentIndustrial x1.0, Steel x5.0	VVE_EngineBlock x0.5, VVE_CarAlternator x0.5, VVE_CarExhaust x0.5, VVE_CarFuelTank x0.5, VVE_CarTransmission x0.5, VVE_CarRadiator x0.5	VVE_EngineBlock x1, VVE_CarAlternator x1, VVE_CarExhaust x1, VVE_CarFuelTank x1, VVE_CarTransmission x1, VVE_CarWheel x3, VVE_CarRadiator x1, VVE_CarSuspension x4, ChunkSlagSteel x9, ComponentIndustrial x2, Steel x10			True	Things/Building/Ruins/RustedTruck
USABLE-YIELDS	AncientSecurityTurret	Core	ancient security turret	1x1	22	Graphic_Random	True	0.5	Steel x5.0	ComponentIndustrial x0.5	ComponentIndustrial x1, Steel x10			False	Things/Building/Ruins/AncientSecurityTurret
USABLE-YIELDS	AncientShipBeacon	Core	ancient nav beacon	1x1	22	Graphic_Single	True	0.5	Steel x3.5	ComponentIndustrial x0.5	ComponentIndustrial x1, Steel x7			True	Things/Building/Ruins/AncientBustedShipBeacon
USABLE-YIELDS	AncientSmallCrate	Core	ancient small crate	1x1	22	Graphic_Single	True	0.5	Steel x3.5		Steel x7			True	Things/Building/Ruins/CrateSmall
USABLE-YIELDS	AncientStandardRecharger	Core	ancient standard recharger	3x2	44	Graphic_Multi	True	0.5	Steel x22.5	ComponentIndustrial x0.5	ComponentIndustrial x1, Steel x45			True	Things/Building/Ruins/AncientStandardRecharger
USABLE-YIELDS	AncientStorageCylinder	Core	ancient storage cylinder	2x1	22	Graphic_Multi	True	0.5	Steel x12.5		Steel x25	ChunkSlagSteel x1		True	Things/Building/Ruins/AncientStorageCylinder
USABLE-YIELDS	AncientTank	Core	ancient ruined tank	5x3	66	Graphic_Single	True	0.5	VVE_CarWheel x3.0, VVE_CarSuspension x4.0, ComponentIndustrial x1.0, ChunkSlagSteel x7.5	VVE_EngineBlock x0.5, VVE_CarAlternator x0.5, VVE_CarExhaust x0.5, VVE_CarFuelTank x0.5, VVE_CarTransmission x0.5, VVE_CarRadiator x0.5, VVE_CarWiring x0.5, VVE_CarBattery x0.5	VVE_EngineBlock x1, VVE_CarAlternator x1, VVE_CarExhaust x1, VVE_CarFuelTank x1, VVE_CarTransmission x1, VVE_CarWheel x6, VVE_CarRadiator x1, VVE_CarSuspension x8, VVE_CarWiring x1, VVE_CarBattery x1, ComponentIndustrial x2, ChunkSlagSteel x15			True	Things/Building/Ruins/RuinedTank
USABLE-YIELDS	AncientTankTrap	Core	ancient tank trap	2x2	44	Graphic_Random	True	0.5	Steel x3.5	VVE_CarWheel x0.5	VVE_CarWheel x1, Steel x7	ChunkSlagSteel x2		False	Things/Building/Ruins/AncientTankTrap
USABLE-YIELDS	AncientWarspiderRemains	Core	ancient warspider remains	5x5	110	Graphic_Single	True	0.5	ChunkSlagSteel x5.0	VVE_CarRadiator x0.5, VVE_CarWiring x0.5, VVE_CarBattery x0.5, VVE_CarSuspension x0.5, VVE_CarTransmission x0.5, ComponentIndustrial x0.5	VVE_CarRadiator x1, VVE_CarWiring x1, VVE_CarBattery x1, VVE_CarSuspension x1, VVE_CarTransmission x1, ComponentIndustrial x1, ChunkSlagSteel x10			True	Things/Building/Ruins/AncientWarspiderRemains
USABLE-YIELDS	AncientWarwalkerClaw	Core	ancient warwalker claw	1x2	22	Graphic_Multi	True	0.5	ChunkSlagSteel x1.5	VVE_CarWiring x0.5, VVE_CarSuspension x0.5, ComponentIndustrial x0.5	VVE_CarWiring x1, VVE_CarSuspension x1, ComponentIndustrial x1, ChunkSlagSteel x3			True	Things/Building/Ruins/AncientWarwalkerClaw
USABLE-YIELDS	AncientWarwalkerFoot	Core	ancient warwalker foot	2x2	44	Graphic_Single	True	0.5	ChunkSlagSteel x2.0	VVE_CarWiring x0.5, VVE_CarSuspension x0.5, ComponentIndustrial x0.5	VVE_CarWiring x1, VVE_CarSuspension x1, ChunkSlagSteel x4, ComponentIndustrial x1			True	Things/Building/Ruins/AncientWarwalkerFoot
USABLE-YIELDS	AncientWarwalkerLeg	Core	ancient warwalker leg	2x4	44	Graphic_Multi	True	0.5	ChunkSlagSteel x3.0	VVE_CarWiring x0.5, VVE_CarTransmission x0.5, VVE_CarSuspension x0.5, ComponentIndustrial x0.5	VVE_CarWiring x1, VVE_CarTransmission x1, VVE_CarSuspension x1, ComponentIndustrial x1, ChunkSlagSteel x6			True	Things/Building/Ruins/AncientWarwalkerLeg
USABLE-YIELDS	AncientWarwalkerShell	Core	ancient warwalker shell	5x3	66	Graphic_Single	True	0.5	VVE_CarSuspension x1.5, ChunkSlagSteel x4.0	VVE_CarWiring x0.5, ComponentIndustrial x0.5	VVE_CarWiring x1, VVE_CarSuspension x3, ComponentIndustrial x1, ChunkSlagSteel x8			True	Things/Building/Ruins/AncientWarwalkerShell
USABLE-YIELDS	AncientWarwalkerTorso	Core	ancient warwalker torso	4x6	88	Graphic_Multi	True	0.5	ChunkSlagSteel x5.0	VVE_CarRadiator x0.5, VVE_CarWiring x0.5, VVE_CarBattery x0.5, VVE_CarTransmission x0.5, VVE_CarSuspension x0.5, ComponentIndustrial x0.5	VVE_CarRadiator x1, VVE_CarWiring x1, VVE_CarBattery x1, VVE_CarTransmission x1, VVE_CarSuspension x1, ComponentIndustrial x1, ChunkSlagSteel x10			True	Things/Building/Ruins/AncientWarwalkerTorso
USABLE-YIELDS	AncientWheel	Core	ancient wheel	1x1	22	Graphic_Random	True	0.5	Steel x5.0	VVE_CarWheel x0.5	VVE_CarWheel x1, Steel x10			False	Things/Building/Ruins/Wheel
USABLE-YIELDS	ShipChunk	Core	ship chunk	2x2	44	Graphic_Random	True	0.5	ComponentIndustrial x5.5, Steel x20.0		ComponentIndustrial x11, Steel x40	ChunkSlagSteel x2, ComponentIndustrial x1		False	Things/Building/Exotic/ShipChunk
USABLE-YIELDS	ShuttleCrashed	Core	crashed shuttle	5x3	66	Graphic_Single	True	0.5	Steel x20.0, Plasteel x35.0, ComponentIndustrial x5.0	ShuttleEngine x0.5	Steel x40, Plasteel x70, ComponentIndustrial x10, ShuttleEngine x1	Steel x4, Plasteel x7, ChunkSlagSteel x1, ComponentIndustrial x1		True	Things/Building/Misc/CrashedShuttle
USABLE-YIELDS	AncientStorageUnitLGE	Go Explore!	ancient storage container	4x2	44	Graphic_Multi	True	0.5	Steel x40.0, ComponentIndustrial x1.5, Plasteel x13.5, Uranium x10.0		Steel x80, ComponentIndustrial x3, Plasteel x27, Uranium x20	Steel x50, Uranium x10		True	Things/StorageboxLGE
USABLE-YIELDS	BrokenStorageUnitLGE	Go Explore!	broken storage container	4x2	44	Graphic_Single	True	0.5	Steel x40.0, ComponentIndustrial x5.0, Plasteel x30.0		Steel x80, ComponentIndustrial x10, Plasteel x60	Steel x50, ComponentIndustrial x5, Plasteel x30		True	Things/AncientStorageBrokenLGE
USABLE-YIELDS	BrokenGravEngine	Gravship Crashes	broken grav engine	3x3	66	Graphic_Single	True	0.5	GravlitePanel x17.5, Steel x40.0	ComponentIndustrial x0.5	GravlitePanel x35, ComponentIndustrial x1, Steel x80			True	Things/Building/BrokenGravEngine
USABLE-YIELDS	AncientUplink	Odyssey	ancient uplink	2x2	44	Graphic_Single	True	0.5	Steel x50.0		Steel x100	ChunkSlagSteel x1, Steel x25		False	Things/Building/AncientUplink
USABLE-YIELDS	ShipChunk_Mech	Odyssey	mechanoid ship chunk	2x2	44	Graphic_Random	True	1.0	Steel x40.0, GravlitePanel x15.0		Steel x40, GravlitePanel x15	ChunkSlagSteel x2, GravlitePanel x15		False	Things/Building/MechanoidShipChunk
USABLE-YIELDS	RG_AncientPowerPole	ReGrowth 2	ancient power pole	1x1	22	Graphic_Random	True	0.5	WoodLog x12.5		WoodLog x25			False	Things/Building/Ruins/AncientPowerPole
USABLE-YIELDS	ShipChunk_durasteel	Star Wars KotOR Resources and Materials	ship chunk	2x2	44	Graphic_Random	True	0.5	ComponentIndustrial x5.5, Plasteel x10.0, KOTOR_AlloyDurasteel x20.0		ComponentIndustrial x11, Plasteel x20, KOTOR_AlloyDurasteel x40	KotORChunk_durasteel x2, ComponentIndustrial x1		False	Buildings/shipchunk_blank
USABLE-YIELDS	ucp_scraps	Tabletop Decorations	Textile Scraps	1x1	22	Graphic_Single	True	0.5	Cloth x3.5		Cloth x7		Furniture	True	Things/ucp_scraps
USABLE-YIELDS	TraderShipsShipChunk	Trader ships	ship chunk	2x2	44	Graphic_Random	True	0.5	ComponentIndustrial x5.5, Steel x20.0		ComponentIndustrial x11, Steel x40	ChunkSlagSteel x2		False	TraderShips/Chunks
USABLE-YIELDS	VEE_ShipChunkHuman	Vanilla Events Expanded	orbital ship chunk	2x2	44	Graphic_Random	True	0.5	ComponentIndustrial x3.0, Steel x20.0		ComponentIndustrial x6, Steel x40	ChunkSlagSteel x2		False	Things/Buildings_Exotic/CrashedShipChunk_Normal
USABLE-YIELDS	VEE_ShipChunkHuman_Cargo	Vanilla Events Expanded	orbital ship chunk	2x2	44	Graphic_Random	True	0.5	ComponentIndustrial x3.0, Steel x20.0		ComponentIndustrial x6, Steel x40	ChunkSlagSteel x2		False	Things/Buildings_Exotic/CrashedShipChunk_Cargo
USABLE-YIELDS	VEE_ShipChunkHuman_DropPod_Spawner	Vanilla Events Expanded	orbital ship chunk	2x2	44	Graphic_Single	True	0.5	ComponentIndustrial x3.0, Steel x20.0		ComponentIndustrial x6, Steel x40	ChunkSlagSteel x2		True	Things/Special/DropPod
USABLE-YIELDS	VEE_ShipChunkHuman_Volatile_Spawner	Vanilla Events Expanded	orbital ship chunk	2x2	44	Graphic_Random	True	0.5	ComponentIndustrial x3.0, Steel x20.0		ComponentIndustrial x6, Steel x40	ChunkSlagSteel x2		False	Things/Buildings_Exotic/CrashedShipChunk_Volatile
USABLE-YIELDS	VEE_Shuttle	Vanilla Events Expanded	crashed shuttle	5x3	66	Graphic_Single	True	0.5	Plasteel x35.0, ComponentIndustrial x6.0, Steel x20.0	ShuttleEngine x0.5	Plasteel x70, ComponentIndustrial x12, Steel x40, ShuttleEngine x1	Plasteel x25, ComponentIndustrial x3, Steel x14, ShuttleEngine x1, ChunkSlagSteel x1		True	Things/Buildings_Exotic/Shuttle_Crashed/Shuttle_Standard_Crashed
USABLE-YIELDS	VEE_Shuttle_Combat	Vanilla Events Expanded	crashed shuttle	5x3	66	Graphic_Single	True	0.5	Plasteel x35.0, ComponentIndustrial x6.0, Steel x20.0	ShuttleEngine x0.5	Plasteel x70, ComponentIndustrial x12, Steel x40, ShuttleEngine x1	Plasteel x25, ComponentIndustrial x3, Steel x14, ShuttleEngine x1, ChunkSlagSteel x1		True	Things/Buildings_Exotic/Shuttle_Crashed/Shuttle_Combat_Crashed
USABLE-YIELDS	VEE_Shuttle_Heavy	Vanilla Events Expanded	crashed shuttle	5x3	66	Graphic_Single	True	0.5	Plasteel x35.0, ComponentIndustrial x6.0, Steel x20.0	ShuttleEngine x0.5	Plasteel x70, ComponentIndustrial x12, Steel x40, ShuttleEngine x1	Plasteel x25, ComponentIndustrial x3, Steel x14, ShuttleEngine x1, ChunkSlagSteel x1		True	Things/Buildings_Exotic/Shuttle_Crashed/Shuttle_Heavy_Crashed
USABLE-YIELDS	VFEI2_InfestedShipChunk	Vanilla Factions Expanded - Insectoids 2	infested ship chunk	2x2	44	Graphic_Random	True	0.5	ChunkSlagSteel x1.0, InsectJelly x5.0		ChunkSlagSteel x2, InsectJelly x10	ChunkSlagSteel x2, InsectJelly x10		False	Things/Building/InfestedShipChunk
USABLE-YIELDS	VFEP_ShipChunkBattery	Vanilla Factions Expanded - Pirates	ship chunk battery	2x2	44	Graphic_Single	True	0.5	ComponentIndustrial x5.0, Steel x40.0		ComponentIndustrial x10, Steel x80	ChunkSlagSteel x2, ComponentIndustrial x1		True	Things/Building/ShipChunks/ShipChunkBattery
USABLE-YIELDS	VFEP_ShipChunkCryptosleepCasket	Vanilla Factions Expanded - Pirates	ship chunk cryptosleep casket	2x2	44	Graphic_Single	True	0.5	ComponentIndustrial x2.0, Steel x35.0		ComponentIndustrial x4, Steel x70	ChunkSlagSteel x2, ComponentIndustrial x1		True	Things/Building/ShipChunks/ShipChunkCryptosleep
USABLE-YIELDS	VFEP_ShipChunkDebris	Vanilla Factions Expanded - Pirates	ship chunk debris	2x2	44	Graphic_Random	True	0.5	ComponentIndustrial x3.0, Steel x65.0		ComponentIndustrial x6, Steel x130	ChunkSlagSteel x2, ComponentIndustrial x1		False	Things/Building/ShipChunks/ShipChunkDebris
USABLE-YIELDS	VFEP_ShipChunkFuelTank	Vanilla Factions Expanded - Pirates	ship chunk fuel tank	2x2	44	Graphic_Single	True	0.5	Chemfuel x120.0, Steel x20.0		Chemfuel x240, Steel x40	ChunkSlagSteel x2, ComponentIndustrial x1		True	Things/Building/ShipChunks/ShipChunkFuelTank
USABLE-YIELDS	VFEP_ShipChunkGauntletTurret	Vanilla Factions Expanded - Pirates	ship chunk gauntlet turret	3x3	66	Graphic_Single	True	0.5	Steel x80.0, ComponentIndustrial x3.0, ComponentSpacer x4.0		Steel x160, ComponentIndustrial x6, ComponentSpacer x8	ChunkSlagSteel x2, ComponentIndustrial x1		True	Things/Building/ShipChunks/ShipChunkGauntletTurret
USABLE-YIELDS	VFEP_ShipChunkReactor	Vanilla Factions Expanded - Pirates	ship chunk reactor	2x2	44	Graphic_Single	True	0.5	Steel x60.0, ComponentIndustrial x4.0, ComponentSpacer x4.0		Steel x120, ComponentIndustrial x8, ComponentSpacer x8	ChunkSlagSteel x2, ComponentIndustrial x1		True	Things/Building/ShipChunks/ShipChunkReactor
USABLE-YIELDS	VFEP_ShipChunkVolatileEngine	Vanilla Factions Expanded - Pirates	ship chunk volatile engine	2x2	44	Graphic_Single	True	0.5	ComponentIndustrial x2.0, Steel x40.0		ComponentIndustrial x4, Steel x80	ChunkSlagSteel x2, ComponentIndustrial x1		True	Things/Building/ShipChunks/ShipChunkEngine
USABLE-YIELDS	GR_AncientBioBattery	Vanilla Genetics Expanded	ancient microbiobattery	1x2	22	Graphic_Multi	True	0.5	Steel x7.5, ChunkSlagSteel x1.0		Steel x15, ChunkSlagSteel x2			True	Things/Building/Ruined/AncientMicrobiobattery
USABLE-YIELDS	GR_AncientCrate	Vanilla Genetics Expanded	ancient ruined crate	1x1	22	Graphic_Random	True	0.5	Steel x1.0		Steel x2			False	Things/Building/Ruined/GR_AncientCrate
USABLE-YIELDS	GR_AncientCrateDouble	Vanilla Genetics Expanded	ancient ruined crate	2x1	22	Graphic_Multi	True	0.5	Steel x2.0		Steel x4			True	Things/Building/Ruined/GR_DoubleAncientCrate
USABLE-YIELDS	GR_AncientCratePile	Vanilla Genetics Expanded	pile of ancient ruined crates	2x2	44	Graphic_Random	True	0.5	Steel x2.0		Steel x4			False	Things/Building/Ruined/GR_PileAncientCrate
USABLE-YIELDS	GR_AncientCryofreezer	Vanilla Genetics Expanded	ancient cryofreezer	3x3	66	Graphic_Single	True	0.5	Steel x25.0, ChunkSlagSteel x1.0		Steel x50, ChunkSlagSteel x2			True	Things/Building/Ruined/AncientCryofreezer
USABLE-YIELDS	GR_AncientElectrowomb	Vanilla Genetics Expanded	ancient electrowomb	1x1	22	Graphic_Single	True	0.5	Steel x5.0	ChunkSlagSteel x0.5	Steel x10, ChunkSlagSteel x1			True	Things/Building/Ruined/AncientElectrowomb
USABLE-YIELDS	GR_AncientElectrowombLarge	Vanilla Genetics Expanded	ancient large electrowomb	2x2	44	Graphic_Single	True	0.5	Steel x10.0, ChunkSlagSteel x1.0		Steel x20, ChunkSlagSteel x2			True	Things/Building/Ruined/AncientElectrowombLarge
USABLE-YIELDS	GR_AncientGeneticsTinkeringTable	Vanilla Genetics Expanded	ancient genetics tinkering table	5x2	44	Graphic_Multi	True	0.5	Steel x5.0, ChunkSlagSteel x1.0		Steel x10, ChunkSlagSteel x2			True	Things/Building/Ruined/AncientTableGeneticTinkering
USABLE-YIELDS	GR_AncientGenomeExtractor	Vanilla Genetics Expanded	ancient genome extractor table	3x1	22	Graphic_Multi	True	0.5	Steel x10.0	ChunkSlagSteel x0.5	Steel x20, ChunkSlagSteel x1			True	Things/Building/Ruined/AncientTableGeneticExtraction
USABLE-YIELDS	GR_AncientGenomeRecombinator	Vanilla Genetics Expanded	ancient genome recombinator	3x2	44	Graphic_Multi	True	0.5	Steel x15.0	ChunkSlagSteel x0.5, Gold x0.5	Steel x30, ChunkSlagSteel x1, Gold x1			True	Things/Building/Ruined/AncientGenomeRecombinator
USABLE-YIELDS	GR_AncientGenomorpher	Vanilla Genetics Expanded	ancient genomorpher	5x5	110	Graphic_Multi	True	0.5	Steel x50.0	ChunkSlagSteel x0.5	Steel x100, ChunkSlagSteel x1			True	Things/Building/Ruined/AncientGenomorpher
USABLE-YIELDS	GR_AncientTechCrate	Vanilla Genetics Expanded	ancient mechanized crate	3x1	22	Graphic_Multi	True	0.5	Steel x2.0		Steel x4			True	Things/Building/Ruined/GR_AncientTechCrate
USABLE-YIELDS	GR_AncientTissueGrinder	Vanilla Genetics Expanded	ancient tissue grinder	3x2	44	Graphic_Multi	True	0.5	Steel x10.0, ChunkSlagSteel x1.0		Steel x20, ChunkSlagSteel x2			True	Things/Building/Ruined/AncientTissueGrinder
USABLE-YIELDS	GR_BioLight	Vanilla Genetics Expanded	ancient bioluminescent light	1x2	22	Graphic_Multi	True	0.5	Steel x2.0		Steel x4			True	Things/Building/Ruined/GR_BioLight
USABLE-YIELDS	GR_CommsTable	Vanilla Genetics Expanded	ancient comms table	3x3	66	Graphic_Single	True	0.5	Steel x2.5		Steel x5			True	Things/Building/Ruined/GR_CommsTable
USABLE-YIELDS	GR_MonitorBank	Vanilla Genetics Expanded	ancient monitor banks	5x2	44	Graphic_Multi	True	0.5	Steel x25.0, ChunkSlagSteel x1.0		Steel x50, ChunkSlagSteel x2			True	Things/Building/Ruined/GR_MonitorBank
USABLE-YIELDS	GR_Rack	Vanilla Genetics Expanded	ancient server rack	1x1	22	Graphic_Single	True	0.5	Steel x2.5		Steel x5			True	Things/Building/Ruined/GR_Rack
USABLE-YIELDS	GR_RuinedAncientBioBattery	Vanilla Genetics Expanded	ancient ruined bio-battery tank	3x3	66	Graphic_Single	True	0.5	Steel x10.0	ChunkSlagSteel x0.5	Steel x20, ChunkSlagSteel x1			True	Things/Building/Ruined/GR_RuinedAncientBioBattery
USABLE-YIELDS	GR_RuinedAncientGeneTailoringPod	Vanilla Genetics Expanded	ancient ruined gene-tailoring pod	3x2	44	Graphic_Single	True	0.5	Steel x10.0, ChunkSlagSteel x1.5		Steel x20, ChunkSlagSteel x3			True	Things/Building/Ruined/GR_RuinedAncientGeneTailoringPod
USABLE-YIELDS	GR_RuinedAnimalControlHub	Vanilla Genetics Expanded	ancient animal control hub	2x2	44	Graphic_Single	True	0.5	Steel x2.5, ChunkSlagSteel x1.5		Steel x5, ChunkSlagSteel x3			True	Things/Building/Ruined/GR_RuinedAnimalControlHub
USABLE-YIELDS	GR_RuinedAnimalEnrichmentCenter	Vanilla Genetics Expanded	ancient animal enrichment center	2x2	44	Graphic_Single	True	0.5	Steel x12.5, ChunkSlagSteel x1.5		Steel x25, ChunkSlagSteel x3			True	Things/Building/Ruined/GR_RuinedAnimalEnrichmentCenter
USABLE-YIELDS	GR_RuinedArchotechPlatform	Vanilla Genetics Expanded	ancient construction platform	7x6	132	Graphic_Single	True	0.5	Steel x50.0, ChunkSlagSteel x1.0		Steel x100, ChunkSlagSteel x2			True	Things/Building/Ruined/GR_RuinedArchotechPlatform
USABLE-YIELDS	GR_RuinedBarrelDouble	Vanilla Genetics Expanded	ancient ruined lab barrels	1x2	22	Graphic_Single	True	0.5	Steel x5.0		Steel x10			True	Things/Building/Ruined/GR_RuinedBarrelDouble
USABLE-YIELDS	GR_RuinedGeneDuplicator	Vanilla Genetics Expanded	ancient gene duplicator	2x2	44	Graphic_Single	True	0.5	Steel x12.5, ChunkSlagSteel x1.0		Steel x25, ChunkSlagSteel x2			True	Things/Building/Ruined/GR_RuinedGeneDuplicator
USABLE-YIELDS	GR_RuinedGenePod	Vanilla Genetics Expanded	ancient ruined genepod	2x2	44	Graphic_Random	True	0.5	Steel x5.0	ChunkSlagSteel x0.5	Steel x10, ChunkSlagSteel x1			False	Things/Building/Ruined/GR_RuinedGenePod
USABLE-YIELDS	GR_RuinedGeneRecombinator	Vanilla Genetics Expanded	ancient gene recombinator	2x2	44	Graphic_Single	True	0.5	Steel x7.5, ChunkSlagSteel x1.0		Steel x15, ChunkSlagSteel x2			True	Things/Building/Ruined/GR_RuinedGeneRecombinator
USABLE-YIELDS	GR_RuinedGeneticDatabase	Vanilla Genetics Expanded	ancient genetic database	2x2	44	Graphic_Single	True	0.5	Steel x7.5, ChunkSlagSteel x1.0		Steel x15, ChunkSlagSteel x2			True	Things/Building/Ruined/GR_RuinedGeneticDatabase
USABLE-YIELDS	GR_RuinedGeneticExtractionTable	Vanilla Genetics Expanded	ancient genetic extraction table	3x1	22	Graphic_Multi	True	0.5	Steel x10.0	ChunkSlagSteel x0.5	Steel x20, ChunkSlagSteel x1			True	Things/Building/Ruined/GR_RuinedGeneticExtractionTable
USABLE-YIELDS	GR_RuinedGeneticStorage	Vanilla Genetics Expanded	ancient genetic storage	1x1	22	Graphic_Random	True	0.5	Steel x5.0		Steel x10			False	Things/Building/Ruined/GR_RuinedGeneticStorage
USABLE-YIELDS	GR_RuinedGenomeSequencer	Vanilla Genetics Expanded	ancient genome sequencer	3x3	66	Graphic_Single	True	0.5	Steel x20.0		Steel x40			True	Things/Building/Ruined/GR_RuinedGenomeSequencer
USABLE-YIELDS	GR_RuinedHexagelPlant	Vanilla Genetics Expanded	ancient hexagel core reactor	6x6	132	Graphic_Single	True	0.5	Steel x50.0, ChunkSlagSteel x1.0		Steel x100, ChunkSlagSteel x2			True	Things/Building/Ruined/GR_RuinedHexagelPlant
USABLE-YIELDS	GR_RuinedIncubator	Vanilla Genetics Expanded	ancient ruined incubator	1x1	22	Graphic_Single	True	0.5	Steel x2.5		Steel x5			True	Things/Building/Ruined/GR_RuinedIncubator
USABLE-YIELDS	GR_RuinedLabBarrel	Vanilla Genetics Expanded	ancient ruined lab barrel	1x1	22	Graphic_Random	True	0.5	Steel x2.5		Steel x5			False	Things/Building/Ruined/GR_RuinedLabBarrel
USABLE-YIELDS	GR_RuinedLabShelf	Vanilla Genetics Expanded	ancient lab shelf	3x1	22	Graphic_Multi	True	0.5	Steel x5.0	ChunkSlagSteel x0.5	Steel x10, ChunkSlagSteel x1			True	Things/Building/Ruined/GR_RuinedLabShelf
USABLE-YIELDS	GR_RuinedMechanoidTinkeringTable	Vanilla Genetics Expanded	ancient mechanoid tinkering table	5x2	44	Graphic_Multi	True	0.5	Steel x10.0, ChunkSlagSteel x1.0		Steel x20, ChunkSlagSteel x2			True	Things/Building/Ruined/GR_RuinedMechanoidTinkeringTable
USABLE-YIELDS	GR_RuinedMutaniteCentrifuge	Vanilla Genetics Expanded	ancient mutanite centrifuge	3x3	66	Graphic_Single	True	0.5	Steel x10.0		Steel x20			True	Things/Building/Ruined/GR_RuinedMutaniteCentrifuge
USABLE-YIELDS	GR_RuinedNutrientVat	Vanilla Genetics Expanded	ancient nutrient vat	1x2	22	Graphic_Single	True	0.5	Steel x5.0		Steel x10			True	Things/Building/Ruined/GR_RuinedNutrientVat
USABLE-YIELDS	GR_RuinedPulpRecycler	Vanilla Genetics Expanded	ancient pulp recycler	2x2	44	Graphic_Single	True	0.5	Steel x7.5, ChunkSlagSteel x1.0		Steel x15, ChunkSlagSteel x2			True	Things/Building/Ruined/GR_RuinedPulpRecycler
USABLE-YIELDS	GR_RuinedPulper	Vanilla Genetics Expanded	ancient pulper	1x2	22	Graphic_Single	True	0.5	Steel x5.0		Steel x10			True	Things/Building/Ruined/GR_RuinedPulper
USABLE-YIELDS	GR_RuinedRefrigeratedCoils	Vanilla Genetics Expanded	ancient refrigerated coils	6x2	44	Graphic_Single	True	0.5	Steel x15.0		Steel x30			True	Things/Building/Ruined/GR_RuinedRefrigeratedCoils
USABLE-YIELDS	GR_RuinedTissueGrowingVat	Vanilla Genetics Expanded	ancient tissue growing vat	2x2	44	Graphic_Single	True	0.5	Steel x7.5		Steel x15			True	Things/Building/Ruined/GR_RuinedTissueGrowingVat
USABLE-YIELDS	GR_Ruined_Mechahybrid_Antenna	Vanilla Genetics Expanded	ancient mechahybrid antenna	3x3	66	Graphic_Single	True	0.5	Steel x20.0		Steel x40			True	Things/Building/Ruined/GR_Ruined_Mechahybrid_Antenna
USABLE-YIELDS	GR_Ruined_Mechahybridizer	Vanilla Genetics Expanded	ancient mechahybridizer	5x5	110	Graphic_Multi	True	0.5	Steel x25.0	ChunkSlagSteel x0.5	Steel x50, ChunkSlagSteel x1			True	Things/Building/Ruined/GR_Ruined_Mechahybridizer
USABLE-YIELDS	GR_SignA	Vanilla Genetics Expanded	ancient sign	1x2	22	Graphic_Single	True	0.5	Steel x5.0		Steel x10			True	Things/Building/Ruined/GR_SignA
USABLE-YIELDS	GR_SignB	Vanilla Genetics Expanded	ancient sign	1x2	22	Graphic_Single	True	0.5	Steel x5.0		Steel x10			True	Things/Building/Ruined/GR_SignB
USABLE-YIELDS	GR_SignC	Vanilla Genetics Expanded	ancient sign	1x2	22	Graphic_Single	True	0.5	Steel x5.0		Steel x10			True	Things/Building/Ruined/GR_SignC
USABLE-YIELDS	GR_SignD	Vanilla Genetics Expanded	ancient sign	1x2	22	Graphic_Single	True	0.5	Steel x5.0		Steel x10			True	Things/Building/Ruined/GR_SignD
USABLE-YIELDS	GR_SignE	Vanilla Genetics Expanded	ancient sign	2x1	22	Graphic_Single	True	0.5	Steel x5.0		Steel x10			True	Things/Building/Ruined/GR_SignE
USABLE-YIELDS	GR_SignF	Vanilla Genetics Expanded	ancient sign	2x1	22	Graphic_Single	True	0.5	Steel x5.0		Steel x10			True	Things/Building/Ruined/GR_SignF
USABLE-YIELDS	GR_SignG	Vanilla Genetics Expanded	ancient sign	1x2	22	Graphic_Single	True	0.5	Steel x5.0		Steel x10			True	Things/Building/Ruined/GR_SignG
USABLE-YIELDS	GR_SignH	Vanilla Genetics Expanded	ancient sign	1x2	22	Graphic_Single	True	0.5	Steel x5.0		Steel x10			True	Things/Building/Ruined/GR_SignH
USABLE-YIELDS	GR_Sink	Vanilla Genetics Expanded	ancient sink	1x1	22	Graphic_Multi	True	0.5	Steel x5.0		Steel x10			True	Things/Building/Ruined/GR_Sink
USABLE-YIELDS	GR_SmallBioLight	Vanilla Genetics Expanded	ancient bioluminescent light	1x1	22	Graphic_Single	True	0.5	Steel x1.0		Steel x2			True	Things/Building/Ruined/GR_SmallBioLight
USABLE-YIELDS	GR_Toilet	Vanilla Genetics Expanded	ancient toilet	1x1	22	Graphic_Multi	True	0.5	Steel x5.0		Steel x10			True	Things/Building/Ruined/GR_Toilet
USABLE-YIELDS	VGE_GravhulkEngine	Vanilla Gravship Expanded - Chapter 1	gravhulk engine	5x5	110	VanillaGravshipExpanded.Graphic_GravEngineSingle	True	0.5	Gravcore x2.5, GravlitePanel x100.0, ComponentSpacer x8.0, Plasteel x100.0		Gravcore x5, GravlitePanel x200, ComponentSpacer x16, Plasteel x200		VGE_Platform	True	Things/Structures/GravEngines/GravHulkEngine/GravHulkEngine
USABLE-YIELDS	VQEA_DestroyedGravExtender	Vanilla Gravship Expanded - Chapter 1	destroyed grav field extender	1x1	22	Graphic_Single	True	0.5	Steel x40.0, Gravcore x1.0, GravlitePanel x15.0, ComponentIndustrial x1.0		Steel x80, Gravcore x2, GravlitePanel x30, ComponentIndustrial x2			True	Things/Structures/Destroyed/DestroyedGravFieldExtender
USABLE-YIELDS	VQEA_DestroyedLargeThruster	Vanilla Gravship Expanded - Chapter 1	destroyed large thruster	2x2	44	Graphic_Multi	True	0.5	Steel x65.0, ComponentIndustrial x1.0, BlocksVacstone x10.0		Steel x130, ComponentIndustrial x2, BlocksVacstone x20			True	Things/Structures/Destroyed/DestroyedLateralThruster
USABLE-YIELDS	VQEA_DestroyedSmallAstrofuelTank	Vanilla Gravship Expanded - Chapter 1	destroyed small astrofuel tank	2x2	44	Graphic_Multi	True	0.5	Steel x60.0		Steel x120			True	Things/Structures/Destroyed/DestroyedAstrofuelTank
USABLE-YIELDS	VQEA_DestroyedSmallHeatsink	Vanilla Gravship Expanded - Chapter 1	destroyed small heatsink	2x2	44	Graphic_Multi	True	0.5	Steel x30.0		Steel x60			True	Things/Structures/Destroyed/DestroyedHeatsink
USABLE-YIELDS	VQEA_DestroyedSmallOxygenTank	Vanilla Gravship Expanded - Chapter 1	destroyed small oxygen tank	2x2	44	Graphic_Multi	True	0.5	Steel x25.0		Steel x50			True	Things/Structures/Destroyed/DestroyedOxygenTank
USABLE-YIELDS	VQEA_DestroyedSmallThruster	Vanilla Gravship Expanded - Chapter 1	destroyed small thruster	1x2	22	Graphic_Multi	True	0.5	Steel x45.0, ComponentIndustrial x1.0		Steel x90, ComponentIndustrial x2			True	Things/Structures/Destroyed/DestroyedSmallAstrofuelThruster
USABLE-YIELDS	VME_AncientAPC	Vanilla Ideology Expanded - Memes and Structures	ancient ruined APC	5x3	66	Graphic_Single	True	0.5	VVE_CarWheel x1.5, VVE_CarSuspension x3.0, ComponentIndustrial x1.0, ChunkSlagSteel x6.0	VVE_EngineBlock x0.5, VVE_CarAlternator x0.5, VVE_CarExhaust x0.5, VVE_CarFuelTank x0.5, VVE_CarTransmission x0.5, VVE_CarRadiator x0.5, VVE_CarWiring x0.5	VVE_EngineBlock x1, VVE_CarAlternator x1, VVE_CarExhaust x1, VVE_CarFuelTank x1, VVE_CarTransmission x1, VVE_CarWheel x3, VVE_CarRadiator x1, VVE_CarSuspension x6, VVE_CarWiring x1, ComponentIndustrial x2, ChunkSlagSteel x12			False	Things/Building/Ruins/RuinedAPC
USABLE-YIELDS	VME_AncientBarrel	Vanilla Ideology Expanded - Memes and Structures	ancient barrel	1x1	22	Graphic_Random	True	0.5	Chemfuel x1.5, Steel x2.5		Chemfuel x3, Steel x5			False	Things/Building/Ruins/AncientBarrel
USABLE-YIELDS	VME_AncientCrate	Vanilla Ideology Expanded - Memes and Structures	ancient crate	1x1	22	Graphic_Random	True	0.5	Steel x3.5		Steel x7			False	Things/Building/Ruins/AncientCrate
USABLE-YIELDS	VME_AncientDropshipEngine	Vanilla Ideology Expanded - Memes and Structures	ancient dropship engine	3x2	44	Graphic_Single	True	0.5	ChunkSlagSteel x1.5	VVE_EngineBlock x0.5, ComponentIndustrial x0.5	ChunkSlagSteel x3, VVE_EngineBlock x1, ComponentIndustrial x1			False	Things/Building/Ruins/AncientDropshipEngine
USABLE-YIELDS	VME_AncientFence	Vanilla Ideology Expanded - Memes and Structures	ancient fence	1x1	22	Graphic_Single	True	0.5	Steel x1.5		Steel x3			True	Things/Building/Linked/AncientFence_Atlas
USABLE-YIELDS	VME_AncientGenerator	Vanilla Ideology Expanded - Memes and Structures	ancient generator	2x2	44	Graphic_Random	True	0.5	Chemfuel x14.5, Steel x17.5		Chemfuel x29, Steel x35			False	Things/Building/Ruins/AncientGenerator
USABLE-YIELDS	VME_AncientGiantWheel	Vanilla Ideology Expanded - Memes and Structures	ancient giant wheel	2x2	44	Graphic_Random	True	0.5	Steel x7.5	VVE_CarWheel x0.5	VVE_CarWheel x1, Steel x15			False	Things/Building/Ruins/GiantWheel
USABLE-YIELDS	VME_AncientJetEngine	Vanilla Ideology Expanded - Memes and Structures	ancient jet engine	3x2	44	Graphic_Single	True	0.5	ChunkSlagSteel x3.0, ComponentIndustrial x1.0	VVE_CarWheel x0.5	VVE_CarWheel x1, ChunkSlagSteel x6, ComponentIndustrial x2			True	Things/Building/Ruins/JetEngine
USABLE-YIELDS	VME_AncientMachine	Vanilla Ideology Expanded - Memes and Structures	ancient machine	5x3	66	Graphic_Multi	True	0.5	ChunkSlagSteel x2.5, Steel x17.5	ComponentIndustrial x0.5	ChunkSlagSteel x5, Steel x35, ComponentIndustrial x1			True	Things/Building/Ruins/AncientMachine
USABLE-YIELDS	VME_AncientMegaCannonBarrel	Vanilla Ideology Expanded - Memes and Structures	ancient mega-cannon barrel	1x2	22	Graphic_Multi	True	0.5	ChunkSlagSteel x2.5, Steel x10.0		ChunkSlagSteel x5, Steel x20			True	Things/Building/Ruins/AncientMegacannonBarrel
USABLE-YIELDS	VME_AncientMegaCannonTripod	Vanilla Ideology Expanded - Memes and Structures	ancient mega-cannon platform	3x3	66	Graphic_Random	True	0.5	ChunkSlagSteel x2.5, Steel x5.0		ChunkSlagSteel x5, Steel x10			False	Things/Building/Ruins/AncientMegacannonTripod
USABLE-YIELDS	VME_AncientMiniWarwalkerRemains	Vanilla Ideology Expanded - Memes and Structures	ancient warsprinter remains	5x3	66	Graphic_Single	True	0.5	ChunkSlagSteel x5.0	VVE_CarRadiator x0.5, VVE_CarWiring x0.5, VVE_CarBattery x0.5, VVE_CarSuspension x0.5, VVE_CarTransmission x0.5, ComponentIndustrial x0.5	VVE_CarRadiator x1, VVE_CarWiring x1, VVE_CarBattery x1, VVE_CarSuspension x1, VVE_CarTransmission x1, ComponentIndustrial x1, ChunkSlagSteel x10			True	Things/Building/Ruins/AncientWarsprinterRemains
USABLE-YIELDS	VME_AncientPipelineSection	Vanilla Ideology Expanded - Memes and Structures	ancient pipeline section	2x1	22	Graphic_Single	True	0.5	ChunkSlagSteel x2.5, Chemfuel x18.5, Steel x2.5		ChunkSlagSteel x5, Chemfuel x37, Steel x5			True	Things/Building/Ruins/PipelineSection
USABLE-YIELDS	VME_AncientPipes	Vanilla Ideology Expanded - Memes and Structures	ancient pipes	1x1	22	Graphic_Random	True	0.5	Steel x2.5, Chemfuel x2.5		Steel x5, Chemfuel x5			False	Things/Building/Ruins/AncientPipes
USABLE-YIELDS	VME_AncientPodCar	Vanilla Ideology Expanded - Memes and Structures	ancient pod car	3x2	44	Graphic_Single	True	0.5	VVE_CarSuspension x1.0, ComponentIndustrial x1.0, ChunkSlagSteel x3.0, Steel x5.0	VVE_CarWiring x0.5, VVE_CarAlternator x0.5, VVE_CarExhaust x0.5	VVE_CarWiring x1, VVE_CarAlternator x1, VVE_CarExhaust x1, VVE_CarSuspension x2, ComponentIndustrial x2, ChunkSlagSteel x6, Steel x10			True	Things/Building/Ruins/PodCar
USABLE-YIELDS	VME_AncientRustedCar	Vanilla Ideology Expanded - Memes and Structures	ancient car	2x4	44	Graphic_Random	True	0.5	VVE_CarWheel x1.0, VVE_CarSuspension x1.0, ChunkSlagSteel x4.5, Steel x5.0	VVE_EngineBlock x0.5, VVE_CarAlternator x0.5, VVE_CarExhaust x0.5, VVE_CarRadiator x0.5	VVE_EngineBlock x1, VVE_CarAlternator x1, VVE_CarExhaust x1, VVE_CarWheel x2, VVE_CarRadiator x1, VVE_CarSuspension x2, ChunkSlagSteel x9, Steel x10			False	Things/Building/Ruins/RustedCars
USABLE-YIELDS	VME_AncientRustedCarFrame	Vanilla Ideology Expanded - Memes and Structures	ancient car frame	2x3	44	Graphic_Multi	True	0.5	ChunkSlagSteel x1.5	VVE_CarWheel x0.5, ComponentIndustrial x0.5	VVE_CarWheel x1, ChunkSlagSteel x3, ComponentIndustrial x1			True	Things/Building/Ruins/RustedCarFrame
USABLE-YIELDS	VME_AncientRustedJeep	Vanilla Ideology Expanded - Memes and Structures	ancient troop carrier	3x5	66	Graphic_Multi	True	0.5	VVE_CarWheel x1.0, VVE_CarSuspension x2.5, ComponentIndustrial x1.0, ChunkSlagSteel x5.0, Steel x5.0	VVE_EngineBlock x0.5, VVE_CarAlternator x0.5, VVE_CarExhaust x0.5, VVE_CarFuelTank x0.5, VVE_CarTransmission x0.5, VVE_CarRadiator x0.5	VVE_EngineBlock x1, VVE_CarAlternator x1, VVE_CarExhaust x1, VVE_CarFuelTank x1, VVE_CarTransmission x1, VVE_CarWheel x2, VVE_CarRadiator x1, VVE_CarSuspension x5, ComponentIndustrial x2, ChunkSlagSteel x10, Steel x10			True	Things/Building/Ruins/RustedMilitaryJeep
USABLE-YIELDS	VME_AncientRustedTruck	Vanilla Ideology Expanded - Memes and Structures	ancient truck	2x4	44	Graphic_Multi	True	0.5	VVE_CarWheel x1.5, VVE_CarSuspension x2.0, ChunkSlagSteel x4.5, ComponentIndustrial x1.0, Steel x5.0	VVE_EngineBlock x0.5, VVE_CarAlternator x0.5, VVE_CarExhaust x0.5, VVE_CarFuelTank x0.5, VVE_CarTransmission x0.5, VVE_CarRadiator x0.5	VVE_EngineBlock x1, VVE_CarAlternator x1, VVE_CarExhaust x1, VVE_CarFuelTank x1, VVE_CarTransmission x1, VVE_CarWheel x3, VVE_CarRadiator x1, VVE_CarSuspension x4, ChunkSlagSteel x9, ComponentIndustrial x2, Steel x10			True	Things/Building/Ruins/RustedTruck
USABLE-YIELDS	VME_AncientSecurityTurret	Vanilla Ideology Expanded - Memes and Structures	ancient security turret	1x1	22	Graphic_Random	True	0.5	Steel x5.0	ComponentIndustrial x0.5	ComponentIndustrial x1, Steel x10			False	Things/Building/Ruins/AncientSecurityTurret
USABLE-YIELDS	VME_AncientShipBeacon	Vanilla Ideology Expanded - Memes and Structures	ancient nav beacon	1x1	22	Graphic_Single	True	0.5	Steel x3.5	ComponentIndustrial x0.5	ComponentIndustrial x1, Steel x7			True	Things/Building/Ruins/AncientBustedShipBeacon
USABLE-YIELDS	VME_AncientStorageCylinder	Vanilla Ideology Expanded - Memes and Structures	ancient storage cylinder	2x1	22	Graphic_Multi	True	0.5	Steel x12.5		Steel x25			True	Things/Building/Ruins/AncientStorageCylinder
USABLE-YIELDS	VME_AncientTank	Vanilla Ideology Expanded - Memes and Structures	ancient ruined tank	5x3	66	Graphic_Single	True	0.5	VVE_CarWheel x3.0, VVE_CarSuspension x4.0, ComponentIndustrial x1.0, ChunkSlagSteel x7.5	VVE_EngineBlock x0.5, VVE_CarAlternator x0.5, VVE_CarExhaust x0.5, VVE_CarFuelTank x0.5, VVE_CarTransmission x0.5, VVE_CarRadiator x0.5, VVE_CarWiring x0.5, VVE_CarBattery x0.5	VVE_EngineBlock x1, VVE_CarAlternator x1, VVE_CarExhaust x1, VVE_CarFuelTank x1, VVE_CarTransmission x1, VVE_CarWheel x6, VVE_CarRadiator x1, VVE_CarSuspension x8, VVE_CarWiring x1, VVE_CarBattery x1, ComponentIndustrial x2, ChunkSlagSteel x15			True	Things/Building/Ruins/RuinedTank
USABLE-YIELDS	VME_AncientTankTrap	Vanilla Ideology Expanded - Memes and Structures	ancient tank trap	2x2	44	Graphic_Random	True	0.5	Steel x3.5		Steel x7			False	Things/Building/Ruins/AncientTankTrap
USABLE-YIELDS	VME_AncientWarspiderRemains	Vanilla Ideology Expanded - Memes and Structures	ancient warspider remains	5x5	110	Graphic_Single	True	0.5	ChunkSlagSteel x5.0	VVE_CarRadiator x0.5, VVE_CarWiring x0.5, VVE_CarBattery x0.5, VVE_CarSuspension x0.5, VVE_CarTransmission x0.5, ComponentIndustrial x0.5	VVE_CarRadiator x1, VVE_CarWiring x1, VVE_CarBattery x1, VVE_CarSuspension x1, VVE_CarTransmission x1, ComponentIndustrial x1, ChunkSlagSteel x10			True	Things/Building/Ruins/AncientWarspiderRemains
USABLE-YIELDS	VME_AncientWarwalkerClaw	Vanilla Ideology Expanded - Memes and Structures	ancient warwalker claw	1x2	22	Graphic_Multi	True	0.5	ChunkSlagSteel x1.5	VVE_CarWiring x0.5, VVE_CarSuspension x0.5, ComponentIndustrial x0.5	VVE_CarWiring x1, VVE_CarSuspension x1, ComponentIndustrial x1, ChunkSlagSteel x3			True	Things/Building/Ruins/AncientWarwalkerClaw
USABLE-YIELDS	VME_AncientWarwalkerFoot	Vanilla Ideology Expanded - Memes and Structures	ancient warwalker foot	2x2	44	Graphic_Single	True	0.5	ChunkSlagSteel x2.0	VVE_CarWiring x0.5, VVE_CarSuspension x0.5, ComponentIndustrial x0.5	VVE_CarWiring x1, VVE_CarSuspension x1, ChunkSlagSteel x4, ComponentIndustrial x1			True	Things/Building/Ruins/AncientWarwalkerFoot
USABLE-YIELDS	VME_AncientWarwalkerLeg	Vanilla Ideology Expanded - Memes and Structures	ancient warwalker leg	2x4	44	Graphic_Multi	True	0.5	ChunkSlagSteel x3.0	VVE_CarWiring x0.5, VVE_CarTransmission x0.5, VVE_CarSuspension x0.5, ComponentIndustrial x0.5	VVE_CarWiring x1, VVE_CarTransmission x1, VVE_CarSuspension x1, ComponentIndustrial x1, ChunkSlagSteel x6			True	Things/Building/Ruins/AncientWarwalkerLeg
USABLE-YIELDS	VME_AncientWarwalkerShell	Vanilla Ideology Expanded - Memes and Structures	ancient warwalker shell	5x3	66	Graphic_Single	True	0.5	VVE_CarSuspension x1.5, ChunkSlagSteel x4.0	VVE_CarWiring x0.5, ComponentIndustrial x0.5	VVE_CarWiring x1, VVE_CarSuspension x3, ComponentIndustrial x1, ChunkSlagSteel x8			True	Things/Building/Ruins/AncientWarwalkerShell
USABLE-YIELDS	VME_AncientWarwalkerTorso	Vanilla Ideology Expanded - Memes and Structures	ancient warwalker torso	4x6	88	Graphic_Multi	True	0.5	ChunkSlagSteel x5.0	VVE_CarRadiator x0.5, VVE_CarWiring x0.5, VVE_CarBattery x0.5, VVE_CarTransmission x0.5, VVE_CarSuspension x0.5, ComponentIndustrial x0.5	VVE_CarRadiator x1, VVE_CarWiring x1, VVE_CarBattery x1, VVE_CarTransmission x1, VVE_CarSuspension x1, ComponentIndustrial x1, ChunkSlagSteel x10			True	Things/Building/Ruins/AncientWarwalkerTorso
USABLE-YIELDS	VME_AncientWheel	Vanilla Ideology Expanded - Memes and Structures	ancient wheel	1x1	22	Graphic_Random	True	0.5	Steel x5.0	VVE_CarWheel x0.5	VVE_CarWheel x1, Steel x10			False	Things/Building/Ruins/Wheel
USABLE-YIELDS	VEE_DriftwoodChunk	Vanilla Landmarks Expanded	driftwood	1x1	22	Graphic_Random	True	0.5	WoodLog x10.0		WoodLog x20	WoodLog x20		False	Things/Item/Driftwood
USABLE-YIELDS	VEE_JadeChunk	Vanilla Landmarks Expanded	jadeite chunk	1x1	22	Graphic_Random	True	0.5	Jade x2.0		Jade x4	Jade x4		False	Things/Item/JadeChunk
USABLE-YIELDS	VEE_ObsidianChunk	Vanilla Landmarks Expanded	obsidian chunk	1x1	22	Graphic_Random	True	0.5	Obsidian x2.5		Obsidian x5	Obsidian x5		False	Things/Item/ObsidianChunk
USABLE-YIELDS	VQEA_AncientBioBattery	Vanilla Quests Expanded - Ancients	ancient biobattery	3x3	66	Graphic_Single	True	0.5	Steel x90.0, ComponentIndustrial x4.0		Steel x180, ComponentIndustrial x8			True	Things/Building/Power/AncientBiobattery_Bottom
USABLE-YIELDS	VQEA_AncientBroadcastingStation_Off	Vanilla Quests Expanded - Ancients	disabled ancient broadcasting station	3x3	66	Graphic_Single	True	0.5	Steel x30.0, ComponentIndustrial x1.0		Steel x60, ComponentIndustrial x2			True	Things/Building/Lootables/AncientBroadcastingStation_Off
USABLE-YIELDS	VQEA_AncientChemfuelGenerator	Vanilla Quests Expanded - Ancients	ancient chemfuel generator	3x3	66	Graphic_Single	True	0.5	Steel x30.0, ComponentIndustrial x1.5		Steel x60, ComponentIndustrial x3			True	Things/Building/Power/AncientChemfuelGenerator
USABLE-YIELDS	VQEA_AncientFoosballTable	Vanilla Quests Expanded - Ancients	ancient foosball table	2x1	22	Graphic_Multi	True	0.5	Steel x10.0, Cloth x7.5, WoodLog x6.5		Steel x20, Cloth x15, WoodLog x13			True	Things/Building/Recreation/AncientFoosballTable
USABLE-YIELDS	VQEA_AncientGenepackCrate	Vanilla Quests Expanded - Ancients	ancient genepack crate	1x1	22	Graphic_Single	True	0.5	ChunkSlagSteel x1.0		ChunkSlagSteel x2			True	Things/Building/Lootables/Loot_GenepackCrate_Full
USABLE-YIELDS	VQEA_AncientGenepackCrate_Empty	Vanilla Quests Expanded - Ancients	ancient genepack crate	1x1	22	Graphic_Single	True	0.5	ChunkSlagSteel x1.0		ChunkSlagSteel x2			True	Things/Building/Lootables/Loot_GenepackCrate_Empty
USABLE-YIELDS	VQEA_AncientGreenbed	Vanilla Quests Expanded - Ancients	ancient greenbed	1x2	22	Graphic_Multi	True	0.5	Steel x20.0, ComponentIndustrial x1.0		Steel x40, ComponentIndustrial x2			True	Things/Building/Production/AncientGreenbed
USABLE-YIELDS	VQEA_AncientHospitalArmchair	Vanilla Quests Expanded - Ancients	ancient hospital armchair	1x1	22	Graphic_Multi	True	0.5	Steel x5.0, Synthread x4.0		Steel x10, Synthread x8			True	Things/Building/Furniture/AncientHospitalArmchair
USABLE-YIELDS	VQEA_AncientHospitalBench	Vanilla Quests Expanded - Ancients	ancient hospital bench	2x1	22	Graphic_Multi	True	0.5	Steel x5.0, Synthread x2.0		Steel x10, Synthread x4			True	Things/Building/Furniture/AncientHospitalBench
USABLE-YIELDS	VQEA_AncientHospitalCrib	Vanilla Quests Expanded - Ancients	ancient hospital crib	1x1	22	Graphic_Multi	True	0.5	Steel x5.0, Synthread x10.0		Steel x10, Synthread x20			True	Things/Building/Furniture/AncientHospitalCrib
USABLE-YIELDS	VQEA_AncientIVStand	Vanilla Quests Expanded - Ancients	ancient IV stand	1x1	22	Graphic_Random	True	0.5	ChunkSlagSteel x1.0		ChunkSlagSteel x2			False	Things/Building/Props/AncientIVStand
USABLE-YIELDS	VQEA_AncientIncubator	Vanilla Quests Expanded - Ancients	ancient incubator	1x1	22	Graphic_Multi	True	0.5	ChunkSlagSteel x1.0		ChunkSlagSteel x2			True	Things/Building/Props/AncientIncubator
USABLE-YIELDS	VQEA_AncientKitchenette	Vanilla Quests Expanded - Ancients	ancient kitchenette	1x1	22	Graphic_Multi	True	0.5	ChunkSlagSteel x1.0		ChunkSlagSteel x2			True	Things/Building/Props/AncientKitchenette
USABLE-YIELDS	VQEA_AncientLaboratoryCasket	Vanilla Quests Expanded - Ancients	ancient laboratory casket	1x2	22	Graphic_Multi	True	0.5	ChunkSlagSteel x1.0, Steel x25.0, Uranium x3.0		ChunkSlagSteel x2, Steel x50, Uranium x6			True	Things/Building/LaboratoryCaskets/LabCryptosleepCasket/LabCryptosleepCasket_Full
USABLE-YIELDS	VQEA_AncientLaboratoryCasket_Empty	Vanilla Quests Expanded - Ancients	empty ancient laboratory casket	1x2	22	Graphic_Multi	True	0.5	ChunkSlagSteel x1.0, Steel x25.0, Uranium x3.0		ChunkSlagSteel x2, Steel x50, Uranium x6			True	Things/Building/LaboratoryCaskets/LabCryptosleepCasket/LabCryptosleepCasket_Empty
USABLE-YIELDS	VQEA_AncientMedicalPartition	Vanilla Quests Expanded - Ancients	ancient medical partition	1x1	22	Graphic_Multi	True	0.5	ChunkSlagSteel x1.0, Synthread x5.0		ChunkSlagSteel x2, Synthread x10			True	Things/Building/Props/AncientMedicalPartition
USABLE-YIELDS	VQEA_AncientOfficeDesk	Vanilla Quests Expanded - Ancients	ancient office desk	3x1	22	Graphic_Multi	True	0.5	ChunkSlagSteel x2.0		ChunkSlagSteel x4			True	Things/Building/Props/AncientOfficeDesk
USABLE-YIELDS	VQEA_AncientOfficePrinter	Vanilla Quests Expanded - Ancients	ancient office printer	1x1	22	Graphic_Single	True	0.5	ChunkSlagSteel x1.0, ComponentIndustrial x1.0		ChunkSlagSteel x2, ComponentIndustrial x2			True	Things/Building/Props/AncientOfficePrinter
USABLE-YIELDS	VQEA_AncientOrganBox	Vanilla Quests Expanded - Ancients	ancient organ box	1x1	22	Graphic_Single	True	0.5	ChunkSlagSteel x1.0		ChunkSlagSteel x2			True	Things/Building/Lootables/AncientOrganBox_Sealed
USABLE-YIELDS	VQEA_AncientOrganBox_Empty	Vanilla Quests Expanded - Ancients	empty ancient organ box	1x1	22	Graphic_Single	True	0.5	ChunkSlagSteel x1.0		ChunkSlagSteel x2			True	Things/Building/Lootables/AncientOrganBox_Open
USABLE-YIELDS	VQEA_AncientPipelineJunction_Off	Vanilla Quests Expanded - Ancients	ancient pipeline junction	3x3	66	Graphic_Single	True	0.5	ChunkSlagSteel x6.0		ChunkSlagSteel x12			True	Things/Building/Lootables/AncientPipelineJunction_Off
USABLE-YIELDS	VQEA_AncientPipelineJunction_On	Vanilla Quests Expanded - Ancients	ancient pipeline junction	3x3	66	Graphic_Single	True	0.5	ChunkSlagSteel x6.0		ChunkSlagSteel x12			True	Things/Building/Lootables/AncientPipelineJunction_On
USABLE-YIELDS	VQEA_AncientRepairBench	Vanilla Quests Expanded - Ancients	ancient repair desk	3x1	22	Graphic_Multi	True	0.5	ChunkSlagSteel x2.0		ChunkSlagSteel x4			True	Things/Building/Props/AncientRepairBench
USABLE-YIELDS	VQEA_AncientResearchCountertop	Vanilla Quests Expanded - Ancients	ancient research countertop	3x1	22	Graphic_Multi	True	0.5	ChunkSlagSteel x2.0		ChunkSlagSteel x4			True	Things/Building/Props/AncientResearchCountertop
USABLE-YIELDS	VQEA_AncientSink	Vanilla Quests Expanded - Ancients	ancient small sink	1x1	22	Graphic_Multi	True	0.5	ChunkSlagSteel x1.0		ChunkSlagSteel x2			True	Things/Building/Props/AncientKSink
USABLE-YIELDS	VQEA_AncientStorageHeater	Vanilla Quests Expanded - Ancients	ancient storage heater	1x1	22	Graphic_Single	True	0.5	ChunkSlagSteel x1.0		ChunkSlagSteel x2			True	Things/Building/Temperature/AncientStorageHeater
USABLE-YIELDS	VQEA_AncientSunLamp	Vanilla Quests Expanded - Ancients	ancient sun lamp	1x1	22	Graphic_Random	True	0.5	ChunkSlagSteel x1.0		ChunkSlagSteel x2			False	Things/Building/Light/AncientSunLamp
USABLE-YIELDS	VQEA_AncientToyBox	Vanilla Quests Expanded - Ancients	ancient toy box	1x1	22	Graphic_Single	True	0.5	ChunkSlagSteel x1.0		ChunkSlagSteel x2			True	Things/Building/ChildToys/AncientToyBox
USABLE-YIELDS	VQEA_AncientVitalsMonitor	Vanilla Quests Expanded - Ancients	ancient vitals monitor	1x1	22	Graphic_Multi	True	0.5	ChunkSlagSteel x1.0		ChunkSlagSteel x2			True	Things/Building/Props/AncientVitalsMonitor
USABLE-YIELDS	VQEA_AncientWaterCooler	Vanilla Quests Expanded - Ancients	ancient water cooler	1x1	22	Graphic_Multi	True	0.5	ChunkSlagSteel x1.0		ChunkSlagSteel x2			True	Things/Building/Props/AncientWaterCooler
USABLE-YIELDS	VQEA_AncientWonderdoc	Vanilla Quests Expanded - Ancients	ancient wonderdoc	3x3	66	Graphic_Multi	True	1.0	Steel x180.0, ComponentSpacer x4.0, Plasteel x20.0		Steel x180, ComponentSpacer x4, Plasteel x20			True	Things/Building/AncientWonderdoc/AncientWonderdoc
USABLE-YIELDS	VQEA_AncientWorkshop	Vanilla Quests Expanded - Ancients	ancient workshop	3x1	22	Graphic_Multi	True	0.5	Steel x90.0, ComponentIndustrial x4.0		Steel x180, ComponentIndustrial x8			True	Things/Building/Production/AncientWorkshop
USABLE-YIELDS	VQEA_BustedAncientWonderdoc	Vanilla Quests Expanded - Ancients	busted ancient wonderdoc	3x3	66	Graphic_Multi	True	1.0	Steel x120.0, Plasteel x10.0		Steel x120, Plasteel x10			True	Things/Building/AncientWonderdoc/BustedAncientWonderdoc
USABLE-YIELDS	VQEA_BustedControlPanel	Vanilla Quests Expanded - Ancients	busted control panel	3x1	22	Graphic_Multi	True	0.5	ChunkSlagSteel x2.0		ChunkSlagSteel x4			True	Things/Building/Props/BustedControlPanel
USABLE-YIELDS	VQEA_RuinedAberrationRedirector	Vanilla Quests Expanded - Ancients	ruined aberration redirector	3x3	66	Graphic_Single	True	0.5	ChunkSlagSteel x3.0		ChunkSlagSteel x6			True	Things/Building/RuinedLabEquipment/RuinedAberrationRedirector
USABLE-YIELDS	VQEA_RuinedArchitePathingArray	Vanilla Quests Expanded - Ancients	ruined archite pathing array	3x3	66	Graphic_Single	True	0.5	ChunkSlagSteel x3.0		ChunkSlagSteel x6			True	Things/Building/RuinedLabEquipment/RuinedArchitePathingArray
USABLE-YIELDS	VQEA_RuinedArchiteRecycler	Vanilla Quests Expanded - Ancients	ruined archite recycler	2x1	22	Graphic_Multi	True	0.5	ChunkSlagSteel x1.0		ChunkSlagSteel x2			True	Things/Building/RuinedLabEquipment/RuinedArchiteRecycler
USABLE-YIELDS	VQEA_RuinedArchogenInjector	Vanilla Quests Expanded - Ancients	ruined archogen injector	3x2	44	Graphic_Multi	True	0.5	ChunkSlagSteel x3.0		ChunkSlagSteel x6			True	Things/Building/RuinedLabEquipment/RuinedArchogenInjector
USABLE-YIELDS	VQEA_RuinedCognitiveRecoveryArray	Vanilla Quests Expanded - Ancients	ruined cognitive recovery array	1x1	22	Graphic_Single	True	0.5	ChunkSlagSteel x1.0		ChunkSlagSteel x2			True	Things/Building/RuinedLabEquipment/RuinedCognitiveRecoveryArray
USABLE-YIELDS	VQEA_RuinedComplexityHarmonizer	Vanilla Quests Expanded - Ancients	ruined complexity harmonizer	3x2	44	Graphic_Multi	True	0.5	ChunkSlagSteel x3.0		ChunkSlagSteel x6			True	Things/Building/RuinedLabEquipment/RuinedComplexityHarmonizer
USABLE-YIELDS	VQEA_RuinedGenomicAttenuator	Vanilla Quests Expanded - Ancients	ruined genomic attenuator	2x2	44	Graphic_Single	True	0.5	ChunkSlagSteel x2.0		ChunkSlagSteel x4			True	Things/Building/RuinedLabEquipment/RuinedGenomicAttenuator
USABLE-YIELDS	VQEA_RuinedMutagenInhibitorCore	Vanilla Quests Expanded - Ancients	ruined mutagen inhibitor core	3x3	66	Graphic_Single	True	0.5	ChunkSlagSteel x3.0		ChunkSlagSteel x6			True	Things/Building/RuinedLabEquipment/RuinedMutagenInhibitorCore
USABLE-YIELDS	VQEA_RuinedNeurostabilizerArray	Vanilla Quests Expanded - Ancients	ruined neurostabilizer array	1x1	22	Graphic_Single	True	0.5	ChunkSlagSteel x1.0		ChunkSlagSteel x2			True	Things/Building/RuinedLabEquipment/RuinedNeurostabilizerArray
USABLE-YIELDS	VQEA_RuinedRapidInfusionPump	Vanilla Quests Expanded - Ancients	ruined rapid infusion pump	1x1	22	Graphic_Single	True	0.5	ChunkSlagSteel x1.0		ChunkSlagSteel x2			True	Things/Building/RuinedLabEquipment/RuinedRapidInfusionPump
USABLE-YIELDS	VQEA_RuinedRejectionBufferCoil	Vanilla Quests Expanded - Ancients	ruined rejection buffer coil	1x2	22	Graphic_Multi	True	0.5	ChunkSlagSteel x1.0		ChunkSlagSteel x2			True	Things/Building/RuinedLabEquipment/RuinedRejectionBufferCoil
USABLE-YIELDS	VQEA_RuinedSpliceframeUplink	Vanilla Quests Expanded - Ancients	ruined spliceframe uplink	2x2	44	Graphic_Single	True	0.5	ChunkSlagSteel x2.0		ChunkSlagSteel x4			True	Things/Building/RuinedLabEquipment/RuinedSpliceframeUplink
USABLE-YIELDS	VQEA_RuinedTraitSelectionPrism	Vanilla Quests Expanded - Ancients	ruined trait selection prism	3x3	66	Graphic_Single	True	0.5	ChunkSlagSteel x3.0		ChunkSlagSteel x6			True	Things/Building/RuinedLabEquipment/RuinedTraitSelectionPrism
USABLE-YIELDS	VQEA_RustedHospitalBed	Vanilla Quests Expanded - Ancients	rusted hospital bed	1x2	22	Graphic_Multi	True	0.5	Steel x30.0, Synthread x4.0		Steel x60, Synthread x8			True	Things/Building/Beds/RustedHospitalBed
USABLE-YIELDS	VqEA_AncientCookingStation	Vanilla Quests Expanded - Ancients	ancient cooking station	3x1	22	Graphic_Multi	True	0.5	Steel x50.0, ComponentIndustrial x2.0		Steel x100, ComponentIndustrial x4			True	Things/Building/Production/AncientCookingStation
USABLE-YIELDS	VQE_AncientBlackBox_Off	Vanilla Quests Expanded - Cryptoforge	disabled ancient black box	3x1	22	Graphic_Multi	True	0.5	ChunkSlagSteel x1.0		ChunkSlagSteel x2			True	Things/Misc/AncientBlackBoxOff
USABLE-YIELDS	VQE_AncientShieldedTurret	Vanilla Quests Expanded - Cryptoforge	ancient shielded turret	1x1	22	Graphic_Single	True	0.5	Steel x22.0, ComponentIndustrial x1.0		Steel x44, ComponentIndustrial x2			True	Things/Security/TurretAncientShip_Base
USABLE-YIELDS	VQE_AncientSpacerAutocannon	Vanilla Quests Expanded - Cryptoforge	ancient spacer autocannon	2x2	44	Graphic_Single	True	0.5	Steel x88.0, Plasteel x20.0, ComponentIndustrial x2.0		Steel x176, Plasteel x40, ComponentIndustrial x4			True	Things/Security/TurrretLargeAncientShip_Base
USABLE-YIELDS	VQE_AncientWargamingTable	Vanilla Quests Expanded - Cryptoforge	ancient wargaming table	2x3	44	Graphic_Multi	True	0.5	Steel x40.0, Cloth x40.0, Plasteel x5.0		Steel x80, Cloth x80, Plasteel x10			True	Things/Recreation/AncientWargamingTable
USABLE-YIELDS	VQE_BlueprintsBench	Vanilla Quests Expanded - Cryptoforge	ancient blueprints bench	1x2	22	Graphic_Multi	True	0.5	ChunkSlagSteel x2.0		ChunkSlagSteel x4			True	Things/Misc/AncientBlueprintBench
USABLE-YIELDS	VQE_FrozenEmptyCryptosleepPod	Vanilla Quests Expanded - Cryptoforge	empty ancient cryptosleep pod	1x2	22	Graphic_Multi	True	0.5	ChunkSlagSteel x1.0, Steel x25.0, Uranium x3.0		ChunkSlagSteel x2, Steel x50, Uranium x6			True	Things/Misc/FrozenCryptosleepPod_Open
USABLE-YIELDS	VQE_RuinedHospitalBed	Vanilla Quests Expanded - Cryptoforge	rusted ancient bed	1x2	22	Graphic_Multi	True	0.5	Steel x35.0		Steel x70			True	Things/Furniture/RustedAncientBed
USABLE-YIELDS	VQE_AncientARCPart	Vanilla Quests Expanded - The Generator	ancient ARC part	2x2	44	Graphic_Random	True	0.5	ChunkSlagSteel x1.5	VQE_GenetronComponent x0.5	ChunkSlagSteel x3, VQE_GenetronComponent x1			False	Things/AncientJunk/AncientGenetronChunk
USABLE-YIELDS	VQE_AncientARCPrototype_One	Vanilla Quests Expanded - The Generator	prototype	6x6	132	Graphic_Single	True	0.5	ChunkSlagSteel x2.0, ComponentIndustrial x1.0, Steel x50.0		ChunkSlagSteel x4, ComponentIndustrial x2, Steel x100			True	Things/AncientJunk/AncientGenetronPrototypes/PrototypeMegagenerator_Stage1
USABLE-YIELDS	VQE_AncientARCPrototype_Three	Vanilla Quests Expanded - The Generator	prototype	6x6	132	Graphic_Single	True	0.5	ChunkSlagSteel x2.0, ComponentIndustrial x2.0, Steel x95.0, VQE_GenetronComponent x1.0		ChunkSlagSteel x4, ComponentIndustrial x4, Steel x190, VQE_GenetronComponent x2			True	Things/AncientJunk/AncientGenetronPrototypes/PrototypeMegagenerator_Stage3
USABLE-YIELDS	VQE_AncientARCPrototype_Two	Vanilla Quests Expanded - The Generator	prototype	6x6	132	Graphic_Single	True	0.5	ChunkSlagSteel x2.0, ComponentIndustrial x2.0, Steel x70.0		ChunkSlagSteel x4, ComponentIndustrial x4, Steel x140			True	Things/AncientJunk/AncientGenetronPrototypes/PrototypeMegagenerator_Stage2
USABLE-YIELDS	VQE_AncientConstructionCrane	Vanilla Quests Expanded - The Generator	ancient construction crane	7x4	88	Graphic_Single	True	0.5	ChunkSlagSteel x4.0		ChunkSlagSteel x8			True	Things/AncientJunk/AncientGenetronCrane
USABLE-YIELDS	VQE_AncientConstructionTruck	Vanilla Quests Expanded - The Generator	ancient construction truck	6x3	66	Graphic_Random	True	0.5	ChunkSlagSteel x3.0		ChunkSlagSteel x6			False	Things/AncientJunk/AncientGenetronConstructionTruck
USABLE-YIELDS	VQE_AncientDigger	Vanilla Quests Expanded - The Generator	ancient digger	7x4	88	Graphic_Single	True	0.5	ChunkSlagSteel x4.0		ChunkSlagSteel x8			True	Things/AncientJunk/AncientGenetronDigger
USABLE-YIELDS	VQE_AncientGenetron	Vanilla Quests Expanded - The Generator	ancient ARC	6x6	132	Graphic_Single	True	0.5	Steel x220.0, ComponentIndustrial x3.0, ChunkSlagSteel x2.0, VQE_GenetronComponent x2.5		Steel x440, ComponentIndustrial x6, ChunkSlagSteel x4, VQE_GenetronComponent x5			True	Things/AncientJunk/AncientGenetron
USABLE-YIELDS	VQE_AncientGeothermalGenetron	Vanilla Quests Expanded - The Generator	ancient geothermal ARC	6x6	132	Graphic_Single	True	0.5	Steel x220.0, ComponentIndustrial x3.0, ChunkSlagSteel x2.0, VQE_GenetronComponent x2.5		Steel x440, ComponentIndustrial x6, ChunkSlagSteel x4, VQE_GenetronComponent x5			True	Things/AncientJunk/AncientGeothermalGenetron
USABLE-YIELDS	VQE_AncientOvergrownGenetron	Vanilla Quests Expanded - The Generator	experimental ARC	6x6	132	Graphic_Single	True	0.5	Steel x160.0, ChunkSlagSteel x3.0, VQE_GenetronComponent x4.0		Steel x320, ChunkSlagSteel x6, VQE_GenetronComponent x8			True	Things/AncientJunk/AncientOvergrownGenetron/Megagenerator_Core_AncientTech_Outline
