kind,old,new,tier,confidence,note
mod,src/Jawa/DesertVehicleReskin,src/RimMandrake/DesertVehicleReskin,RimMandrake,RULED,review finding 1: fixes Alpha Vehicles Neolithic (generic)
packageId,mandrake.desertvehiclereskin,mandrake.rm.desertvehiclereskin,RimMandrake,RULED,
namespace,DesertVehicleReskin,RimMandrake.DesertVehicleReskin,RimMandrake,RULED,
mod,src/Jawa/Droidworks,src/RimStarWars/Droidworks,RimStarWars,HIGH,plan 7 recommends full RSW_ (drop DW_); map emits RSW_DW_* deterministically - owner signs which
packageId,mandrake.droidworks,mandrake.rsw.droidworks,RimStarWars,HIGH,
def,DW_BoltResentment,RSW_DW_BoltResentment,RimStarWars,HIGH,
def,DW_ChargeDock,RSW_DW_ChargeDock,RimStarWars,HIGH,
def,DW_ChargeNimbus,RSW_DW_ChargeNimbus,RimStarWars,HIGH,
def,DW_ChargeSocket,RSW_DW_ChargeSocket,RimStarWars,HIGH,
def,DW_ClampBolt,RSW_DW_ClampBolt,RimStarWars,HIGH,
def,DW_DataSpike,RSW_DW_DataSpike,RimStarWars,HIGH,
def,DW_DroidHead,RSW_DW_DroidHead,RimStarWars,HIGH,
def,DW_FleshType_Droid,RSW_DW_FleshType_Droid,RimStarWars,HIGH,
def,DW_HeadType_Blank,RSW_DW_HeadType_Blank,RimStarWars,HIGH,
def,DW_HeadType_OuterRim_BattleDroid,RSW_DW_HeadType_OuterRim_BattleDroid,RimStarWars,HIGH,
def,DW_HeadType_OuterRim_BattleDroidAdvanced,RSW_DW_HeadType_OuterRim_BattleDroidAdvanced,RimStarWars,HIGH,
def,DW_HeadType_OuterRim_CommandoDroid,RSW_DW_HeadType_OuterRim_CommandoDroid,RimStarWars,HIGH,
def,DW_HeadType_OuterRim_HKDroid,RSW_DW_HeadType_OuterRim_HKDroid,RimStarWars,HIGH,
def,DW_HeadType_OuterRim_ImperialLaborDroid,RSW_DW_HeadType_OuterRim_ImperialLaborDroid,RimStarWars,HIGH,
def,DW_HeadType_OuterRim_KXSecurityDroid,RSW_DW_HeadType_OuterRim_KXSecurityDroid,RimStarWars,HIGH,
def,DW_HeadType_OuterRim_MagnaGuardDroid,RSW_DW_HeadType_OuterRim_MagnaGuardDroid,RimStarWars,HIGH,
def,DW_HeadType_OuterRim_ProtocolDroid,RSW_DW_HeadType_OuterRim_ProtocolDroid,RimStarWars,HIGH,
def,DW_HeadType_OuterRim_SuperTacticalDroid,RSW_DW_HeadType_OuterRim_SuperTacticalDroid,RimStarWars,HIGH,
def,DW_HeadType_OuterRim_TacticalDroid,RSW_DW_HeadType_OuterRim_TacticalDroid,RimStarWars,HIGH,
def,DW_HeadType_guy762_DroidRace_DevAD,RSW_DW_HeadType_guy762_DroidRace_DevAD,RimStarWars,HIGH,
def,DW_HeadType_guy762_DroidRace_DevWD,RSW_DW_HeadType_guy762_DroidRace_DevWD,RimStarWars,HIGH,
def,DW_HeadType_guy762_DroidRace_GE3LD,RSW_DW_HeadType_guy762_DroidRace_GE3LD,RimStarWars,HIGH,
def,DW_HeadType_guy762_DroidRace_GE3PD,RSW_DW_HeadType_guy762_DroidRace_GE3PD,RimStarWars,HIGH,
def,DW_HeadType_guy762_DroidRace_HK50series,RSW_DW_HeadType_guy762_DroidRace_HK50series,RimStarWars,HIGH,
def,DW_HeadType_guy762_DroidRace_HK51series,RSW_DW_HeadType_guy762_DroidRace_HK51series,RimStarWars,HIGH,
def,DW_HeadType_guy762_DroidRace_HKseries,RSW_DW_HeadType_guy762_DroidRace_HKseries,RimStarWars,HIGH,
def,DW_HeadType_guy762_DroidRace_SentWD,RSW_DW_HeadType_guy762_DroidRace_SentWD,RimStarWars,HIGH,
def,DW_InstallRestrainingBolt,RSW_DW_InstallRestrainingBolt,RimStarWars,HIGH,
def,DW_IonOverload,RSW_DW_IonOverload,RimStarWars,HIGH,
def,DW_JDSCIS_AQ_Battle_Droid,RSW_DW_JDSCIS_AQ_Battle_Droid,RimStarWars,HIGH,
def,DW_JDSCIS_B1_Battle_Droid,RSW_DW_JDSCIS_B1_Battle_Droid,RimStarWars,HIGH,
def,DW_JDSCIS_B1_Commander_Droid,RSW_DW_JDSCIS_B1_Commander_Droid,RimStarWars,HIGH,
def,DW_JDSCIS_B1_Security_Droid,RSW_DW_JDSCIS_B1_Security_Droid,RimStarWars,HIGH,
def,DW_JDSCIS_B2_HA_Super_Battle_Droid,RSW_DW_JDSCIS_B2_HA_Super_Battle_Droid,RimStarWars,HIGH,
def,DW_JDSCIS_B2_Super_Battle_Droid,RSW_DW_JDSCIS_B2_Super_Battle_Droid,RimStarWars,HIGH,
def,DW_JDSCIS_BX_Commando_Droid,RSW_DW_JDSCIS_BX_Commando_Droid,RimStarWars,HIGH,
def,DW_JDSCIS_DSD1_Dwarf_Spider_Droid,RSW_DW_JDSCIS_DSD1_Dwarf_Spider_Droid,RimStarWars,HIGH,
def,DW_JDSCIS_Demolition_Droid,RSW_DW_JDSCIS_Demolition_Droid,RimStarWars,HIGH,
def,DW_JDSCIS_Droideka_Droid,RSW_DW_JDSCIS_Droideka_Droid,RimStarWars,HIGH,
def,DW_JDSCIS_Droideka_Sharpshooter_Droid,RSW_DW_JDSCIS_Droideka_Sharpshooter_Droid,RimStarWars,HIGH,
def,DW_JDSCIS_IG-100_MagnaGuards,RSW_DW_JDSCIS_IG-100_MagnaGuards,RimStarWars,HIGH,
def,DW_JDSCIS_LR-57_Combat_Droid,RSW_DW_JDSCIS_LR-57_Combat_Droid,RimStarWars,HIGH,
def,DW_JDSCIS_Pistoeka_Sotage_Droid,RSW_DW_JDSCIS_Pistoeka_Sotage_Droid,RimStarWars,HIGH,
def,DW_JDSCIS_ST_Super_Tactical_Droid,RSW_DW_JDSCIS_ST_Super_Tactical_Droid,RimStarWars,HIGH,
def,DW_JDSCIS_T1_Tactical_Droid,RSW_DW_JDSCIS_T1_Tactical_Droid,RimStarWars,HIGH,
def,DW_KotORDroidBad_ADMkI,RSW_DW_KotORDroidBad_ADMkI,RimStarWars,HIGH,
def,DW_KotORDroidBad_ADMkIV,RSW_DW_KotORDroidBad_ADMkIV,RimStarWars,HIGH,
def,DW_KotORDroidBad_DevWD_magnaguard,RSW_DW_KotORDroidBad_DevWD_magnaguard,RimStarWars,HIGH,
def,DW_KotORDroidBad_DevWD_strong,RSW_DW_KotORDroidBad_DevWD_strong,RimStarWars,HIGH,
def,DW_KotORDroidBad_DevWD_weak,RSW_DW_KotORDroidBad_DevWD_weak,RimStarWars,HIGH,
def,DW_KotORDroidBad_KM1HMD,RSW_DW_KotORDroidBad_KM1HMD,RimStarWars,HIGH,
def,DW_KotORDroidBad_KM1MD,RSW_DW_KotORDroidBad_KM1MD,RimStarWars,HIGH,
def,DW_KotORDroidBad_KX12APD,RSW_DW_KotORDroidBad_KX12APD,RimStarWars,HIGH,
def,DW_KotORDroidBad_KX12APD_sapper,RSW_DW_KotORDroidBad_KX12APD_sapper,RimStarWars,HIGH,
def,DW_KotORDroidBad_KX12UPD,RSW_DW_KotORDroidBad_KX12UPD,RimStarWars,HIGH,
def,DW_KotORDroidBad_MPDMkI,RSW_DW_KotORDroidBad_MPDMkI,RimStarWars,HIGH,
def,DW_KotORDroidBad_SentWD,RSW_DW_KotORDroidBad_SentWD,RimStarWars,HIGH,
def,DW_KotORDroidBad_hk50,RSW_DW_KotORDroidBad_hk50,RimStarWars,HIGH,
def,DW_KotORDroidBad_hk50boss,RSW_DW_KotORDroidBad_hk50boss,RimStarWars,HIGH,
def,DW_KotORDroidColonist_3CUD,RSW_DW_KotORDroidColonist_3CUD,RimStarWars,HIGH,
def,DW_KotORDroidColonist_ADMkI,RSW_DW_KotORDroidColonist_ADMkI,RimStarWars,HIGH,
def,DW_KotORDroidColonist_ADMkIV,RSW_DW_KotORDroidColonist_ADMkIV,RimStarWars,HIGH,
def,DW_KotORDroidColonist_ADMkIV_sith,RSW_DW_KotORDroidColonist_ADMkIV_sith,RimStarWars,HIGH,
def,DW_KotORDroidColonist_ADMkI_sf,RSW_DW_KotORDroidColonist_ADMkI_sf,RimStarWars,HIGH,
def,DW_KotORDroidColonist_DevAD,RSW_DW_KotORDroidColonist_DevAD,RimStarWars,HIGH,
def,DW_KotORDroidColonist_DevWD,RSW_DW_KotORDroidColonist_DevWD,RimStarWars,HIGH,
def,DW_KotORDroidColonist_GE3LD,RSW_DW_KotORDroidColonist_GE3LD,RimStarWars,HIGH,
def,DW_KotORDroidColonist_GE3PD,RSW_DW_KotORDroidColonist_GE3PD,RimStarWars,HIGH,
def,DW_KotORDroidColonist_GOTO,RSW_DW_KotORDroidColonist_GOTO,RimStarWars,HIGH,
def,DW_KotORDroidColonist_HK50AD,RSW_DW_KotORDroidColonist_HK50AD,RimStarWars,HIGH,
def,DW_KotORDroidColonist_HK51AD,RSW_DW_KotORDroidColonist_HK51AD,RimStarWars,HIGH,
def,DW_KotORDroidColonist_ITUD,RSW_DW_KotORDroidColonist_ITUD,RimStarWars,HIGH,
def,DW_KotORDroidColonist_KM1HMD,RSW_DW_KotORDroidColonist_KM1HMD,RimStarWars,HIGH,
def,DW_KotORDroidColonist_KM1MD,RSW_DW_KotORDroidColonist_KM1MD,RimStarWars,HIGH,
def,DW_KotORDroidColonist_KX12APD,RSW_DW_KotORDroidColonist_KX12APD,RimStarWars,HIGH,
def,DW_KotORDroidColonist_KX12UPD,RSW_DW_KotORDroidColonist_KX12UPD,RimStarWars,HIGH,
def,DW_KotORDroidColonist_MPDMkI,RSW_DW_KotORDroidColonist_MPDMkI,RimStarWars,HIGH,
def,DW_KotORDroidColonist_R8009UD,RSW_DW_KotORDroidColonist_R8009UD,RimStarWars,HIGH,
def,DW_KotORDroidColonist_SentWD,RSW_DW_KotORDroidColonist_SentWD,RimStarWars,HIGH,
def,DW_KotORDroidColonist_T3UD,RSW_DW_KotORDroidColonist_T3UD,RimStarWars,HIGH,
def,DW_KotORDroidGood_3C,RSW_DW_KotORDroidGood_3C,RimStarWars,HIGH,
def,DW_KotORDroidGood_GE3LD,RSW_DW_KotORDroidGood_GE3LD,RimStarWars,HIGH,
def,DW_KotORDroidGood_GE3PD,RSW_DW_KotORDroidGood_GE3PD,RimStarWars,HIGH,
def,DW_KotORDroidGood_KM1HMD,RSW_DW_KotORDroidGood_KM1HMD,RimStarWars,HIGH,
def,DW_KotORDroidGood_KX12UPD,RSW_DW_KotORDroidGood_KX12UPD,RimStarWars,HIGH,
def,DW_KotORDroidGood_R8009,RSW_DW_KotORDroidGood_R8009,RimStarWars,HIGH,
def,DW_KotORMIBColonist_HK51AD,RSW_DW_KotORMIBColonist_HK51AD,RimStarWars,HIGH,
def,DW_KotORPlayableHero_HK47,RSW_DW_KotORPlayableHero_HK47,RimStarWars,HIGH,
def,DW_KotORPlayableHero_T3M4,RSW_DW_KotORPlayableHero_T3M4,RimStarWars,HIGH,
def,DW_MemoryWipe,RSW_DW_MemoryWipe,RimStarWars,HIGH,
def,DW_OuterRim_BattleDroid,RSW_DW_OuterRim_BattleDroid,RimStarWars,HIGH,
def,DW_OuterRim_BattleDroidAdvanced,RSW_DW_OuterRim_BattleDroidAdvanced,RimStarWars,HIGH,
def,DW_OuterRim_CommandoDroid,RSW_DW_OuterRim_CommandoDroid,RimStarWars,HIGH,
def,DW_OuterRim_DUMDroid,RSW_DW_OuterRim_DUMDroid,RimStarWars,HIGH,
def,DW_OuterRim_DestroyerDroid,RSW_DW_OuterRim_DestroyerDroid,RimStarWars,HIGH,
def,DW_OuterRim_FX7Droid,RSW_DW_OuterRim_FX7Droid,RimStarWars,HIGH,
def,DW_OuterRim_GNKDroid,RSW_DW_OuterRim_GNKDroid,RimStarWars,HIGH,
def,DW_OuterRim_HKDroid,RSW_DW_OuterRim_HKDroid,RimStarWars,HIGH,
def,DW_OuterRim_ImperialKXSecurityDroid,RSW_DW_OuterRim_ImperialKXSecurityDroid,RimStarWars,HIGH,
def,DW_OuterRim_ImperialLaborDroid,RSW_DW_OuterRim_ImperialLaborDroid,RimStarWars,HIGH,
def,DW_OuterRim_KXSecurityDroid,RSW_DW_OuterRim_KXSecurityDroid,RimStarWars,HIGH,
def,DW_OuterRim_MSEDroid,RSW_DW_OuterRim_MSEDroid,RimStarWars,HIGH,
def,DW_OuterRim_MagnaGuardDroid,RSW_DW_OuterRim_MagnaGuardDroid,RimStarWars,HIGH,
def,DW_OuterRim_MuckrakerDroid,RSW_DW_OuterRim_MuckrakerDroid,RimStarWars,HIGH,
def,DW_OuterRim_ProtocolDroid,RSW_DW_OuterRim_ProtocolDroid,RimStarWars,HIGH,
def,DW_OuterRim_RSeriesDroid,RSW_DW_OuterRim_RSeriesDroid,RimStarWars,HIGH,
def,DW_OuterRim_SalvageAssistDroid,RSW_DW_OuterRim_SalvageAssistDroid,RimStarWars,HIGH,
def,DW_OuterRim_SuperBattleDroid,RSW_DW_OuterRim_SuperBattleDroid,RimStarWars,HIGH,
def,DW_OuterRim_SuperTacticalDroid,RSW_DW_OuterRim_SuperTacticalDroid,RimStarWars,HIGH,
def,DW_OuterRim_TacticalDroid,RSW_DW_OuterRim_TacticalDroid,RimStarWars,HIGH,
def,DW_Power,RSW_DW_Power,RimStarWars,HIGH,
def,DW_PoweredDown,RSW_DW_PoweredDown,RimStarWars,HIGH,
def,DW_Race_JDSCIS_AQ_Battle_Droid,RSW_DW_Race_JDSCIS_AQ_Battle_Droid,RimStarWars,HIGH,
def,DW_Race_JDSCIS_B1_Battle_Droid,RSW_DW_Race_JDSCIS_B1_Battle_Droid,RimStarWars,HIGH,
def,DW_Race_JDSCIS_B1_Commander_Droid,RSW_DW_Race_JDSCIS_B1_Commander_Droid,RimStarWars,HIGH,
def,DW_Race_JDSCIS_B1_Security_Droid,RSW_DW_Race_JDSCIS_B1_Security_Droid,RimStarWars,HIGH,
def,DW_Race_JDSCIS_B2_HA_Super_Battle_Droid,RSW_DW_Race_JDSCIS_B2_HA_Super_Battle_Droid,RimStarWars,HIGH,
def,DW_Race_JDSCIS_B2_Super_Battle_Droid,RSW_DW_Race_JDSCIS_B2_Super_Battle_Droid,RimStarWars,HIGH,
def,DW_Race_JDSCIS_BX_Commando_Droid,RSW_DW_Race_JDSCIS_BX_Commando_Droid,RimStarWars,HIGH,
def,DW_Race_JDSCIS_DSD1_Dwarf_Spider_Droid,RSW_DW_Race_JDSCIS_DSD1_Dwarf_Spider_Droid,RimStarWars,HIGH,
def,DW_Race_JDSCIS_Demolition_Droid,RSW_DW_Race_JDSCIS_Demolition_Droid,RimStarWars,HIGH,
def,DW_Race_JDSCIS_Droideka_Droid,RSW_DW_Race_JDSCIS_Droideka_Droid,RimStarWars,HIGH,
def,DW_Race_JDSCIS_Droideka_Sharpshooter_Droid,RSW_DW_Race_JDSCIS_Droideka_Sharpshooter_Droid,RimStarWars,HIGH,
def,DW_Race_JDSCIS_IG-100_MagnaGuards,RSW_DW_Race_JDSCIS_IG-100_MagnaGuards,RimStarWars,HIGH,
def,DW_Race_JDSCIS_LR-57_Combat_Droid,RSW_DW_Race_JDSCIS_LR-57_Combat_Droid,RimStarWars,HIGH,
def,DW_Race_JDSCIS_Pistoeka_Sotage_Droid,RSW_DW_Race_JDSCIS_Pistoeka_Sotage_Droid,RimStarWars,HIGH,
def,DW_Race_JDSCIS_ST_Super_Tactical_Droid,RSW_DW_Race_JDSCIS_ST_Super_Tactical_Droid,RimStarWars,HIGH,
def,DW_Race_JDSCIS_T1_Tactical_Droid,RSW_DW_Race_JDSCIS_T1_Tactical_Droid,RimStarWars,HIGH,
def,DW_Race_OuterRim_AstromechDroid,RSW_DW_Race_OuterRim_AstromechDroid,RimStarWars,HIGH,
def,DW_Race_OuterRim_BattleDroid,RSW_DW_Race_OuterRim_BattleDroid,RimStarWars,HIGH,
def,DW_Race_OuterRim_BattleDroidAdvanced,RSW_DW_Race_OuterRim_BattleDroidAdvanced,RimStarWars,HIGH,
def,DW_Race_OuterRim_CommandoDroid,RSW_DW_Race_OuterRim_CommandoDroid,RimStarWars,HIGH,
def,DW_Race_OuterRim_DUMDroid,RSW_DW_Race_OuterRim_DUMDroid,RimStarWars,HIGH,
def,DW_Race_OuterRim_DestroyerDroid,RSW_DW_Race_OuterRim_DestroyerDroid,RimStarWars,HIGH,
def,DW_Race_OuterRim_FX7Droid,RSW_DW_Race_OuterRim_FX7Droid,RimStarWars,HIGH,
def,DW_Race_OuterRim_GNKDroid,RSW_DW_Race_OuterRim_GNKDroid,RimStarWars,HIGH,
def,DW_Race_OuterRim_HKDroid,RSW_DW_Race_OuterRim_HKDroid,RimStarWars,HIGH,
def,DW_Race_OuterRim_ImperialLaborDroid,RSW_DW_Race_OuterRim_ImperialLaborDroid,RimStarWars,HIGH,
def,DW_Race_OuterRim_KXSecurityDroid,RSW_DW_Race_OuterRim_KXSecurityDroid,RimStarWars,HIGH,
def,DW_Race_OuterRim_MSEDroid,RSW_DW_Race_OuterRim_MSEDroid,RimStarWars,HIGH,
def,DW_Race_OuterRim_MagnaGuardDroid,RSW_DW_Race_OuterRim_MagnaGuardDroid,RimStarWars,HIGH,
def,DW_Race_OuterRim_MuckrakerDroid,RSW_DW_Race_OuterRim_MuckrakerDroid,RimStarWars,HIGH,
def,DW_Race_OuterRim_ProtocolDroid,RSW_DW_Race_OuterRim_ProtocolDroid,RimStarWars,HIGH,
def,DW_Race_OuterRim_SalvageAssistDroid,RSW_DW_Race_OuterRim_SalvageAssistDroid,RimStarWars,HIGH,
def,DW_Race_OuterRim_SuperBattleDroid,RSW_DW_Race_OuterRim_SuperBattleDroid,RimStarWars,HIGH,
def,DW_Race_OuterRim_SuperTacticalDroid,RSW_DW_Race_OuterRim_SuperTacticalDroid,RimStarWars,HIGH,
def,DW_Race_OuterRim_TacticalDroid,RSW_DW_Race_OuterRim_TacticalDroid,RimStarWars,HIGH,
def,DW_Race_guy762_DroidRace_3Cseries,RSW_DW_Race_guy762_DroidRace_3Cseries,RimStarWars,HIGH,
def,DW_Race_guy762_DroidRace_ADMkI,RSW_DW_Race_guy762_DroidRace_ADMkI,RimStarWars,HIGH,
def,DW_Race_guy762_DroidRace_ADMkIV,RSW_DW_Race_guy762_DroidRace_ADMkIV,RimStarWars,HIGH,
def,DW_Race_guy762_DroidRace_ADMkIV_sith,RSW_DW_Race_guy762_DroidRace_ADMkIV_sith,RimStarWars,HIGH,
def,DW_Race_guy762_DroidRace_ADMkI_sf,RSW_DW_Race_guy762_DroidRace_ADMkI_sf,RimStarWars,HIGH,
def,DW_Race_guy762_DroidRace_DevAD,RSW_DW_Race_guy762_DroidRace_DevAD,RimStarWars,HIGH,
def,DW_Race_guy762_DroidRace_DevWD,RSW_DW_Race_guy762_DroidRace_DevWD,RimStarWars,HIGH,
def,DW_Race_guy762_DroidRace_GE3LD,RSW_DW_Race_guy762_DroidRace_GE3LD,RimStarWars,HIGH,
def,DW_Race_guy762_DroidRace_GE3PD,RSW_DW_Race_guy762_DroidRace_GE3PD,RimStarWars,HIGH,
def,DW_Race_guy762_DroidRace_GOTO,RSW_DW_Race_guy762_DroidRace_GOTO,RimStarWars,HIGH,
def,DW_Race_guy762_DroidRace_HK50series,RSW_DW_Race_guy762_DroidRace_HK50series,RimStarWars,HIGH,
def,DW_Race_guy762_DroidRace_HK51series,RSW_DW_Race_guy762_DroidRace_HK51series,RimStarWars,HIGH,
def,DW_Race_guy762_DroidRace_HKseries,RSW_DW_Race_guy762_DroidRace_HKseries,RimStarWars,HIGH,
def,DW_Race_guy762_DroidRace_ITseries,RSW_DW_Race_guy762_DroidRace_ITseries,RimStarWars,HIGH,
def,DW_Race_guy762_DroidRace_KM1HMD,RSW_DW_Race_guy762_DroidRace_KM1HMD,RimStarWars,HIGH,
def,DW_Race_guy762_DroidRace_KM1MD,RSW_DW_Race_guy762_DroidRace_KM1MD,RimStarWars,HIGH,
def,DW_Race_guy762_DroidRace_KX12APD,RSW_DW_Race_guy762_DroidRace_KX12APD,RimStarWars,HIGH,
def,DW_Race_guy762_DroidRace_KX12UPD,RSW_DW_Race_guy762_DroidRace_KX12UPD,RimStarWars,HIGH,
def,DW_Race_guy762_DroidRace_MPDMkI,RSW_DW_Race_guy762_DroidRace_MPDMkI,RimStarWars,HIGH,
def,DW_Race_guy762_DroidRace_R8009UD,RSW_DW_Race_guy762_DroidRace_R8009UD,RimStarWars,HIGH,
def,DW_Race_guy762_DroidRace_SentWD,RSW_DW_Race_guy762_DroidRace_SentWD,RimStarWars,HIGH,
def,DW_Race_guy762_DroidRace_T3series,RSW_DW_Race_guy762_DroidRace_T3series,RimStarWars,HIGH,
def,DW_RebootDroid,RSW_DW_RebootDroid,RimStarWars,HIGH,
def,DW_Recharge,RSW_DW_Recharge,RimStarWars,HIGH,
def,DW_RechargeInsert,RSW_DW_RechargeInsert,RimStarWars,HIGH,
def,DW_RemoveRestrainingBolt,RSW_DW_RemoveRestrainingBolt,RimStarWars,HIGH,
def,DW_RestrainingBolt,RSW_DW_RestrainingBolt,RimStarWars,HIGH,
def,DW_RestrainingBoltItem,RSW_DW_RestrainingBoltItem,RimStarWars,HIGH,
namespace,Droidworks,RimStarWars.Droidworks,RimStarWars,HIGH,
namespace,DroidworksBoltCore,RimStarWars.Droidworks,RimStarWars,HIGH,
mod,src/Jawa/EmpirePursuit,src/RimUtinni/EmpirePursuit,RimUtinni,HIGH,pursuer engine may generalize later
packageId,mandrake.empirepursuit,mandrake.rut.empirepursuit,RimUtinni,HIGH,
def,RuthlessPursuingMechanoids,RUT_RuthlessPursuingMechanoids,RimUtinni,HIGH,
namespace,RuthlessPursuingMechanoids,RimUtinni.EmpirePursuit,RimUtinni,HIGH,
mod,src/Jawa/Inhabited,src/RimMandrake/Inhabited,RimMandrake,HIGH,297 defs; par plan 7 keep Inhabited_ stem - def rows unchanged pending owner sign
packageId,mandrake.inhabited,mandrake.rm.inhabited,RimMandrake,HIGH,
def,Inhabited_Blackstar_AdannFerroTheRecoverer,Inhabited_Blackstar_AdannFerroTheRecoverer,RimMandrake,HIGH,
def,Inhabited_Blackstar_AdjusterUshetKelBa,Inhabited_Blackstar_AdjusterUshetKelBa,RimMandrake,HIGH,
def,Inhabited_Blackstar_BeggoThrune,Inhabited_Blackstar_BeggoThrune,RimMandrake,HIGH,
def,Inhabited_Blackstar_BosunVurgoNakk,Inhabited_Blackstar_BosunVurgoNakk,RimMandrake,HIGH,
def,Inhabited_Blackstar_BrotherAdjutantHoxxTenneb,Inhabited_Blackstar_BrotherAdjutantHoxxTenneb,RimMandrake,HIGH,
def,Inhabited_Blackstar_CaptainAurethSarVell,Inhabited_Blackstar_CaptainAurethSarVell,RimMandrake,HIGH,
def,Inhabited_Blackstar_IppoNuum,Inhabited_Blackstar_IppoNuum,RimMandrake,HIGH,
def,Inhabited_Blackstar_KessaRynWode,Inhabited_Blackstar_KessaRynWode,RimMandrake,HIGH,
def,Inhabited_Blackstar_KivTorrun,Inhabited_Blackstar_KivTorrun,RimMandrake,HIGH,
def,Inhabited_Blackstar_MaKeshBruul,Inhabited_Blackstar_MaKeshBruul,RimMandrake,HIGH,
def,Inhabited_Blackstar_MirriSett,Inhabited_Blackstar_MirriSett,RimMandrake,HIGH,
def,Inhabited_Blackstar_NekkArda,Inhabited_Blackstar_NekkArda,RimMandrake,HIGH,
def,Inhabited_Blackstar_NelSuntaRukhTheCrier,Inhabited_Blackstar_NelSuntaRukhTheCrier,RimMandrake,HIGH,
def,Inhabited_Blackstar_QuartermasterDolmPetrek,Inhabited_Blackstar_QuartermasterDolmPetrek,RimMandrake,HIGH,
def,Inhabited_Blackstar_RegistrarIvveOdo,Inhabited_Blackstar_RegistrarIvveOdo,RimMandrake,HIGH,
def,Inhabited_Blackstar_RuuneAdlai,Inhabited_Blackstar_RuuneAdlai,RimMandrake,HIGH,
def,Inhabited_Blackstar_SszikVhan,Inhabited_Blackstar_SszikVhan,RimMandrake,HIGH,
def,Inhabited_Blackstar_SubAdjutantNeshHollo,Inhabited_Blackstar_SubAdjutantNeshHollo,RimMandrake,HIGH,
def,Inhabited_Blackstar_TeskaVauntGrandSworn,Inhabited_Blackstar_TeskaVauntGrandSworn,RimMandrake,HIGH,
def,Inhabited_Blackstar_TobbetGraleThePenalty,Inhabited_Blackstar_TobbetGraleThePenalty,RimMandrake,HIGH,
def,Inhabited_Blackstar_UboTass,Inhabited_Blackstar_UboTass,RimMandrake,HIGH,
def,Inhabited_Blackstar_UnderwriterVessineRoal,Inhabited_Blackstar_UnderwriterVessineRoal,RimMandrake,HIGH,
def,Inhabited_Blackstar_ViddAnselm,Inhabited_Blackstar_ViddAnselm,RimMandrake,HIGH,
def,Inhabited_Blackstar_WexRhodaClauseNine,Inhabited_Blackstar_WexRhodaClauseNine,RimMandrake,HIGH,
def,Inhabited_Blackstar_YenevvaPoll,Inhabited_Blackstar_YenevvaPoll,RimMandrake,HIGH,
def,Inhabited_Cast,Inhabited_Cast,RimMandrake,HIGH,
def,Inhabited_Deepwater_AshaaOttouk,Inhabited_Deepwater_AshaaOttouk,RimMandrake,HIGH,
def,Inhabited_Deepwater_BossoTharn,Inhabited_Deepwater_BossoTharn,RimMandrake,HIGH,
def,Inhabited_Deepwater_ChaluBirNass,Inhabited_Deepwater_ChaluBirNass,RimMandrake,HIGH,
def,Inhabited_Deepwater_DabbIllo,Inhabited_Deepwater_DabbIllo,RimMandrake,HIGH,
def,Inhabited_Deepwater_FennOttouk,Inhabited_Deepwater_FennOttouk,RimMandrake,HIGH,
def,Inhabited_Deepwater_GrandTessek,Inhabited_Deepwater_GrandTessek,RimMandrake,HIGH,
def,Inhabited_Deepwater_HessaKur,Inhabited_Deepwater_HessaKur,RimMandrake,HIGH,
def,Inhabited_Deepwater_HighWardenOssoReeth,Inhabited_Deepwater_HighWardenOssoReeth,RimMandrake,HIGH,
def,Inhabited_Deepwater_IllikSar,Inhabited_Deepwater_IllikSar,RimMandrake,HIGH,
def,Inhabited_Deepwater_IlmaSook,Inhabited_Deepwater_IlmaSook,RimMandrake,HIGH,
def,Inhabited_Deepwater_MarrekOlDuun,Inhabited_Deepwater_MarrekOlDuun,RimMandrake,HIGH,
def,Inhabited_Deepwater_NossaraVekk,Inhabited_Deepwater_NossaraVekk,RimMandrake,HIGH,
def,Inhabited_Deepwater_OldDuula,Inhabited_Deepwater_OldDuula,RimMandrake,HIGH,
def,Inhabited_Deepwater_OldWenneth,Inhabited_Deepwater_OldWenneth,RimMandrake,HIGH,
def,Inhabited_Deepwater_OttikBirNass,Inhabited_Deepwater_OttikBirNass,RimMandrake,HIGH,
def,Inhabited_Deepwater_PerrikOssoVane,Inhabited_Deepwater_PerrikOssoVane,RimMandrake,HIGH,
def,Inhabited_Deepwater_QuartermasterBelNossik,Inhabited_Deepwater_QuartermasterBelNossik,RimMandrake,HIGH,
def,Inhabited_Deepwater_QuellOttouk,Inhabited_Deepwater_QuellOttouk,RimMandrake,HIGH,
def,Inhabited_Deepwater_SergeantVurraDask,Inhabited_Deepwater_SergeantVurraDask,RimMandrake,HIGH,
def,Inhabited_Deepwater_ShaelasDuun,Inhabited_Deepwater_ShaelasDuun,RimMandrake,HIGH,
def,Inhabited_Deepwater_SookNossik,Inhabited_Deepwater_SookNossik,RimMandrake,HIGH,
def,Inhabited_Deepwater_TobbGrell,Inhabited_Deepwater_TobbGrell,RimMandrake,HIGH,
def,Inhabited_Deepwater_WardenCaptainBoruuHalt,Inhabited_Deepwater_WardenCaptainBoruuHalt,RimMandrake,HIGH,
def,Inhabited_Deepwater_WardenKessoReeth,Inhabited_Deepwater_WardenKessoReeth,RimMandrake,HIGH,
def,Inhabited_Deepwater_WardenSethroVekk,Inhabited_Deepwater_WardenSethroVekk,RimMandrake,HIGH,
def,Inhabited_Droids_Barrow,Inhabited_Droids_Barrow,RimMandrake,HIGH,
def,Inhabited_Droids_CaptainFourteen,Inhabited_Droids_CaptainFourteen,RimMandrake,HIGH,
def,Inhabited_Droids_Chorus,Inhabited_Droids_Chorus,RimMandrake,HIGH,
def,Inhabited_Droids_GateLogFour,Inhabited_Droids_GateLogFour,RimMandrake,HIGH,
def,Inhabited_Droids_GrandfatherKesh,Inhabited_Droids_GrandfatherKesh,RimMandrake,HIGH,
def,Inhabited_Droids_HollowAda,Inhabited_Droids_HollowAda,RimMandrake,HIGH,
def,Inhabited_Droids_HouseholdSix,Inhabited_Droids_HouseholdSix,RimMandrake,HIGH,
def,Inhabited_Droids_LongNadd,Inhabited_Droids_LongNadd,RimMandrake,HIGH,
def,Inhabited_Droids_MercyNine,Inhabited_Droids_MercyNine,RimMandrake,HIGH,
def,Inhabited_Droids_Nem,Inhabited_Droids_Nem,RimMandrake,HIGH,
def,Inhabited_Droids_NinetySix,Inhabited_Droids_NinetySix,RimMandrake,HIGH,
def,Inhabited_Droids_NinthBarrel,Inhabited_Droids_NinthBarrel,RimMandrake,HIGH,
def,Inhabited_Droids_Ochre,Inhabited_Droids_Ochre,RimMandrake,HIGH,
def,Inhabited_Droids_QuartermasterBel,Inhabited_Droids_QuartermasterBel,RimMandrake,HIGH,
def,Inhabited_Droids_SabbathArray,Inhabited_Droids_SabbathArray,RimMandrake,HIGH,
def,Inhabited_Droids_SixtyOne,Inhabited_Droids_SixtyOne,RimMandrake,HIGH,
def,Inhabited_Droids_Spillway,Inhabited_Droids_Spillway,RimMandrake,HIGH,
def,Inhabited_Droids_SumpTen,Inhabited_Droids_SumpTen,RimMandrake,HIGH,
def,Inhabited_Droids_TheMagnificentOro,Inhabited_Droids_TheMagnificentOro,RimMandrake,HIGH,
def,Inhabited_Droids_TheThingInTrenchFour,Inhabited_Droids_TheThingInTrenchFour,RimMandrake,HIGH,
def,Inhabited_Droids_Tuesday,Inhabited_Droids_Tuesday,RimMandrake,HIGH,
def,Inhabited_Droids_Unaltered,Inhabited_Droids_Unaltered,RimMandrake,HIGH,
def,Inhabited_Droids_VessaCutNine,Inhabited_Droids_VessaCutNine,RimMandrake,HIGH,
def,Inhabited_Droids_Wader,Inhabited_Droids_Wader,RimMandrake,HIGH,
def,Inhabited_Droids_Wallop,Inhabited_Droids_Wallop,RimMandrake,HIGH,
def,Inhabited_Empire_AuditorIyethSarran,Inhabited_Empire_AuditorIyethSarran,RimMandrake,HIGH,
def,Inhabited_Empire_BandmasterOttelCrin,Inhabited_Empire_BandmasterOttelCrin,RimMandrake,HIGH,
def,Inhabited_Empire_ChaplainCorrectorNimCallo,Inhabited_Empire_ChaplainCorrectorNimCallo,RimMandrake,HIGH,
def,Inhabited_Empire_ClerkDovaNissik,Inhabited_Empire_ClerkDovaNissik,RimMandrake,HIGH,
def,Inhabited_Empire_ComplianceOfficerIvrekSasso,Inhabited_Empire_ComplianceOfficerIvrekSasso,RimMandrake,HIGH,
def,Inhabited_Empire_ComptrollerIshOndoVell,Inhabited_Empire_ComptrollerIshOndoVell,RimMandrake,HIGH,
def,Inhabited_Empire_CorporalRukHalley,Inhabited_Empire_CorporalRukHalley,RimMandrake,HIGH,
def,Inhabited_Empire_CorporalTullAmey,Inhabited_Empire_CorporalTullAmey,RimMandrake,HIGH,
def,Inhabited_Empire_DrillInstructorHeskVaro,Inhabited_Empire_DrillInstructorHeskVaro,RimMandrake,HIGH,
def,Inhabited_Empire_EnlistmentOfficerBannOdaru,Inhabited_Empire_EnlistmentOfficerBannOdaru,RimMandrake,HIGH,
def,Inhabited_Empire_FitterKobboVunt,Inhabited_Empire_FitterKobboVunt,RimMandrake,HIGH,
def,Inhabited_Empire_GarrisonCommanderOvelTrask,Inhabited_Empire_GarrisonCommanderOvelTrask,RimMandrake,HIGH,
def,Inhabited_Empire_GateSergeantDennUbbo,Inhabited_Empire_GateSergeantDennUbbo,RimMandrake,HIGH,
def,Inhabited_Empire_InquisitorVaunt,Inhabited_Empire_InquisitorVaunt,RimMandrake,HIGH,
def,Inhabited_Empire_OrbitWatchLieutenantKadiOrsin,Inhabited_Empire_OrbitWatchLieutenantKadiOrsin,RimMandrake,HIGH,
def,Inhabited_Empire_PaymasterCorvoTarrid,Inhabited_Empire_PaymasterCorvoTarrid,RimMandrake,HIGH,
def,Inhabited_Empire_PlantChiefWeylaTorr,Inhabited_Empire_PlantChiefWeylaTorr,RimMandrake,HIGH,
def,Inhabited_Empire_RationPackInspectorFeynDoro,Inhabited_Empire_RationPackInspectorFeynDoro,RimMandrake,HIGH,
def,Inhabited_Empire_RationWardenSennetOvaal,Inhabited_Empire_RationWardenSennetOvaal,RimMandrake,HIGH,
def,Inhabited_Empire_RecordsOfficerHelaBrayne,Inhabited_Empire_RecordsOfficerHelaBrayne,RimMandrake,HIGH,
def,Inhabited_Empire_SchoolmistressPerrinAleth,Inhabited_Empire_SchoolmistressPerrinAleth,RimMandrake,HIGH,
def,Inhabited_Empire_SentryOlloDamek,Inhabited_Empire_SentryOlloDamek,RimMandrake,HIGH,
def,Inhabited_Empire_Sixteen,Inhabited_Empire_Sixteen,RimMandrake,HIGH,
def,Inhabited_Empire_SupplySergeantMarlaQuist,Inhabited_Empire_SupplySergeantMarlaQuist,RimMandrake,HIGH,
def,Inhabited_Empire_TrooperBoAnder,Inhabited_Empire_TrooperBoAnder,RimMandrake,HIGH,
def,Inhabited_Geonosian_AntennaKeeperRhud,Inhabited_Geonosian_AntennaKeeperRhud,RimMandrake,HIGH,
def,Inhabited_Geonosian_ArchdukeSunVekk,Inhabited_Geonosian_ArchdukeSunVekk,RimMandrake,HIGH,
def,Inhabited_Geonosian_AttendantQuRaa,Inhabited_Geonosian_AttendantQuRaa,RimMandrake,HIGH,
def,Inhabited_Geonosian_ClerkOvvGan,Inhabited_Geonosian_ClerkOvvGan,RimMandrake,HIGH,
def,Inhabited_Geonosian_CommunicantZzir,Inhabited_Geonosian_CommunicantZzir,RimMandrake,HIGH,
def,Inhabited_Geonosian_DeepWalkerOnn,Inhabited_Geonosian_DeepWalkerOnn,RimMandrake,HIGH,
def,Inhabited_Geonosian_ForemanSkRrikk,Inhabited_Geonosian_ForemanSkRrikk,RimMandrake,HIGH,
def,Inhabited_Geonosian_GizzekVor,Inhabited_Geonosian_GizzekVor,RimMandrake,HIGH,
def,Inhabited_Geonosian_HatchlingTikk,Inhabited_Geonosian_HatchlingTikk,RimMandrake,HIGH,
def,Inhabited_Geonosian_HollowKess,Inhabited_Geonosian_HollowKess,RimMandrake,HIGH,
def,Inhabited_Geonosian_LittlePoggur,Inhabited_Geonosian_LittlePoggur,RimMandrake,HIGH,
def,Inhabited_Geonosian_MeckginMasterBoOl,Inhabited_Geonosian_MeckginMasterBoOl,RimMandrake,HIGH,
def,Inhabited_Geonosian_NurseDroneIpp,Inhabited_Geonosian_NurseDroneIpp,RimMandrake,HIGH,
def,Inhabited_Geonosian_OldUmma,Inhabited_Geonosian_OldUmma,RimMandrake,HIGH,
def,Inhabited_Geonosian_OracleNnimm,Inhabited_Geonosian_OracleNnimm,RimMandrake,HIGH,
def,Inhabited_Geonosian_PicadorGhhen,Inhabited_Geonosian_PicadorGhhen,RimMandrake,HIGH,
def,Inhabited_Geonosian_ProofDroneIxxa,Inhabited_Geonosian_ProofDroneIxxa,RimMandrake,HIGH,
def,Inhabited_Geonosian_QuartermasterTraxx,Inhabited_Geonosian_QuartermasterTraxx,RimMandrake,HIGH,
def,Inhabited_Geonosian_RrekkTheReturned,Inhabited_Geonosian_RrekkTheReturned,RimMandrake,HIGH,
def,Inhabited_Geonosian_SlagwrightEbbKa,Inhabited_Geonosian_SlagwrightEbbKa,RimMandrake,HIGH,
def,Inhabited_Geonosian_SsuuraBell,Inhabited_Geonosian_SsuuraBell,RimMandrake,HIGH,
def,Inhabited_Geonosian_TheThingInSeamNine,Inhabited_Geonosian_TheThingInSeamNine,RimMandrake,HIGH,
def,Inhabited_Geonosian_Ttun,Inhabited_Geonosian_Ttun,RimMandrake,HIGH,
def,Inhabited_Geonosian_VekkaOfNoHive,Inhabited_Geonosian_VekkaOfNoHive,RimMandrake,HIGH,
def,Inhabited_Geonosian_VerifierGrask,Inhabited_Geonosian_VerifierGrask,RimMandrake,HIGH,
def,Inhabited_Helix_AdjunctPellOrro,Inhabited_Helix_AdjunctPellOrro,RimMandrake,HIGH,
def,Inhabited_Helix_AuditorKeshMubb,Inhabited_Helix_AuditorKeshMubb,RimMandrake,HIGH,
def,Inhabited_Helix_CuratorAdjunctVekkSilla,Inhabited_Helix_CuratorAdjunctVekkSilla,RimMandrake,HIGH,
def,Inhabited_Helix_DirectorYnnuSorneEhr,Inhabited_Helix_DirectorYnnuSorneEhr,RimMandrake,HIGH,
def,Inhabited_Helix_Grrat,Inhabited_Helix_Grrat,RimMandrake,HIGH,
def,Inhabited_Helix_HemBosk,Inhabited_Helix_HemBosk,RimMandrake,HIGH,
def,Inhabited_Helix_IvoryNineSorne,Inhabited_Helix_IvoryNineSorne,RimMandrake,HIGH,
def,Inhabited_Helix_Model2CGrandmother,Inhabited_Helix_Model2CGrandmother,RimMandrake,HIGH,
def,Inhabited_Helix_Model7BLedger,Inhabited_Helix_Model7BLedger,RimMandrake,HIGH,
def,Inhabited_Helix_Model9DLadder,Inhabited_Helix_Model9DLadder,RimMandrake,HIGH,
def,Inhabited_Helix_OlloWen,Inhabited_Helix_OlloWen,RimMandrake,HIGH,
def,Inhabited_Helix_OssaFour,Inhabited_Helix_OssaFour,RimMandrake,HIGH,
def,Inhabited_Helix_OssaThree,Inhabited_Helix_OssaThree,RimMandrake,HIGH,
def,Inhabited_Helix_PerfectIvarr,Inhabited_Helix_PerfectIvarr,RimMandrake,HIGH,
def,Inhabited_Helix_PrimeGeneticistSeTaun,Inhabited_Helix_PrimeGeneticistSeTaun,RimMandrake,HIGH,
def,Inhabited_Helix_PrithVane,Inhabited_Helix_PrithVane,RimMandrake,HIGH,
def,Inhabited_Helix_RahDaOnn,Inhabited_Helix_RahDaOnn,RimMandrake,HIGH,
def,Inhabited_Helix_RecorderOllunBex,Inhabited_Helix_RecorderOllunBex,RimMandrake,HIGH,
def,Inhabited_Helix_RecoveryTechOssikBram,Inhabited_Helix_RecoveryTechOssikBram,RimMandrake,HIGH,
def,Inhabited_Helix_StewardBoDukk,Inhabited_Helix_StewardBoDukk,RimMandrake,HIGH,
def,Inhabited_Helix_UnderDirectorFennAluu,Inhabited_Helix_UnderDirectorFennAluu,RimMandrake,HIGH,
def,Inhabited_Helix_UuKanat,Inhabited_Helix_UuKanat,RimMandrake,HIGH,
def,Inhabited_Helix_VatTechMarrowOoBir,Inhabited_Helix_VatTechMarrowOoBir,RimMandrake,HIGH,
def,Inhabited_Helix_WardenSellaKro,Inhabited_Helix_WardenSellaKro,RimMandrake,HIGH,
def,Inhabited_Helix_WenBosk,Inhabited_Helix_WenBosk,RimMandrake,HIGH,
def,Inhabited_Homestead_ArdaFenn,Inhabited_Homestead_ArdaFenn,RimMandrake,HIGH,
def,Inhabited_Homestead_BessaTrull,Inhabited_Homestead_BessaTrull,RimMandrake,HIGH,
def,Inhabited_Homestead_CabbaRessik,Inhabited_Homestead_CabbaRessik,RimMandrake,HIGH,
def,Inhabited_Homestead_CaptainDuroVensk,Inhabited_Homestead_CaptainDuroVensk,RimMandrake,HIGH,
def,Inhabited_Homestead_EmmDorrow,Inhabited_Homestead_EmmDorrow,RimMandrake,HIGH,
def,Inhabited_Homestead_HallaVetch,Inhabited_Homestead_HallaVetch,RimMandrake,HIGH,
def,Inhabited_Homestead_HighMarshalWennaDask,Inhabited_Homestead_HighMarshalWennaDask,RimMandrake,HIGH,
def,Inhabited_Homestead_HobbMerrit,Inhabited_Homestead_HobbMerrit,RimMandrake,HIGH,
def,Inhabited_Homestead_HoggoBarTesh,Inhabited_Homestead_HoggoBarTesh,RimMandrake,HIGH,
def,Inhabited_Homestead_IlvaPrute,Inhabited_Homestead_IlvaPrute,RimMandrake,HIGH,
def,Inhabited_Homestead_KkitNabb,Inhabited_Homestead_KkitNabb,RimMandrake,HIGH,
def,Inhabited_Homestead_MardaIlk,Inhabited_Homestead_MardaIlk,RimMandrake,HIGH,
def,Inhabited_Homestead_NessaHalloway,Inhabited_Homestead_NessaHalloway,RimMandrake,HIGH,
def,Inhabited_Homestead_OldSannit,Inhabited_Homestead_OldSannit,RimMandrake,HIGH,
def,Inhabited_Homestead_OnkOnkDeshu,Inhabited_Homestead_OnkOnkDeshu,RimMandrake,HIGH,
def,Inhabited_Homestead_OrdHalloway,Inhabited_Homestead_OrdHalloway,RimMandrake,HIGH,
def,Inhabited_Homestead_OvettSarn,Inhabited_Homestead_OvettSarn,RimMandrake,HIGH,
def,Inhabited_Homestead_PellOnasso,Inhabited_Homestead_PellOnasso,RimMandrake,HIGH,
def,Inhabited_Homestead_RenAshek,Inhabited_Homestead_RenAshek,RimMandrake,HIGH,
def,Inhabited_Homestead_SevKaDorn,Inhabited_Homestead_SevKaDorn,RimMandrake,HIGH,
def,Inhabited_Homestead_TamOrrel,Inhabited_Homestead_TamOrrel,RimMandrake,HIGH,
def,Inhabited_Homestead_TessaVorn,Inhabited_Homestead_TessaVorn,RimMandrake,HIGH,
def,Inhabited_Homestead_UzzoOneEye,Inhabited_Homestead_UzzoOneEye,RimMandrake,HIGH,
def,Inhabited_Homestead_Vekshaa,Inhabited_Homestead_Vekshaa,RimMandrake,HIGH,
def,Inhabited_Homestead_WennKaddo,Inhabited_Homestead_WennKaddo,RimMandrake,HIGH,
def,Inhabited_Hutt_AddaWesh,Inhabited_Hutt_AddaWesh,RimMandrake,HIGH,
def,Inhabited_Hutt_BrukOleen,Inhabited_Hutt_BrukOleen,RimMandrake,HIGH,
def,Inhabited_Hutt_BubaNokk,Inhabited_Hutt_BubaNokk,RimMandrake,HIGH,
def,Inhabited_Hutt_DennoFash,Inhabited_Hutt_DennoFash,RimMandrake,HIGH,
def,Inhabited_Hutt_FactorUmmuSekk,Inhabited_Hutt_FactorUmmuSekk,RimMandrake,HIGH,
def,Inhabited_Hutt_FerrinOleen,Inhabited_Hutt_FerrinOleen,RimMandrake,HIGH,
def,Inhabited_Hutt_Gand,Inhabited_Hutt_Gand,RimMandrake,HIGH,
def,Inhabited_Hutt_IssTheQuiet,Inhabited_Hutt_IssTheQuiet,RimMandrake,HIGH,
def,Inhabited_Hutt_JatHessik,Inhabited_Hutt_JatHessik,RimMandrake,HIGH,
def,Inhabited_Hutt_MargraveSarrick,Inhabited_Hutt_MargraveSarrick,RimMandrake,HIGH,
def,Inhabited_Hutt_OldNabb,Inhabited_Hutt_OldNabb,RimMandrake,HIGH,
def,Inhabited_Hutt_OrrinKwaad,Inhabited_Hutt_OrrinKwaad,RimMandrake,HIGH,
def,Inhabited_Hutt_OssukRell,Inhabited_Hutt_OssukRell,RimMandrake,HIGH,
def,Inhabited_Hutt_PoulAddenAdden,Inhabited_Hutt_PoulAddenAdden,RimMandrake,HIGH,
def,Inhabited_Hutt_SenIlva,Inhabited_Hutt_SenIlva,RimMandrake,HIGH,
def,Inhabited_Hutt_TennoVurr,Inhabited_Hutt_TennoVurr,RimMandrake,HIGH,
def,Inhabited_Hutt_TikkaVosh,Inhabited_Hutt_TikkaVosh,RimMandrake,HIGH,
def,Inhabited_Hutt_TobbTheLedgerSBoy,Inhabited_Hutt_TobbTheLedgerSBoy,RimMandrake,HIGH,
def,Inhabited_Hutt_YeshAdden,Inhabited_Hutt_YeshAdden,RimMandrake,HIGH,
def,Inhabited_Jawa_BikkNkik,Inhabited_Jawa_BikkNkik,RimMandrake,HIGH,
def,Inhabited_Jawa_ChiefGhekkUbbUbb,Inhabited_Jawa_ChiefGhekkUbbUbb,RimMandrake,HIGH,
def,Inhabited_Jawa_DeggoAteeka,Inhabited_Jawa_DeggoAteeka,RimMandrake,HIGH,
def,Inhabited_Jawa_EkkNnn,Inhabited_Jawa_EkkNnn,RimMandrake,HIGH,
def,Inhabited_Jawa_FussikVukk,Inhabited_Jawa_FussikVukk,RimMandrake,HIGH,
def,Inhabited_Jawa_GrissaAteeka,Inhabited_Jawa_GrissaAteeka,RimMandrake,HIGH,
def,Inhabited_Jawa_GruttTheOnce,Inhabited_Jawa_GruttTheOnce,RimMandrake,HIGH,
def,Inhabited_Jawa_HobbTann,Inhabited_Jawa_HobbTann,RimMandrake,HIGH,
def,Inhabited_Jawa_Kutt,Inhabited_Jawa_Kutt,RimMandrake,HIGH,
def,Inhabited_Jawa_KwikkTann,Inhabited_Jawa_KwikkTann,RimMandrake,HIGH,
def,Inhabited_Jawa_MardoChell,Inhabited_Jawa_MardoChell,RimMandrake,HIGH,
def,Inhabited_Jawa_NokkoUbb,Inhabited_Jawa_NokkoUbb,RimMandrake,HIGH,
def,Inhabited_Jawa_NommoGrish,Inhabited_Jawa_NommoGrish,RimMandrake,HIGH,
def,Inhabited_Jawa_NurrTheHemCutter,Inhabited_Jawa_NurrTheHemCutter,RimMandrake,HIGH,
def,Inhabited_Jawa_OssikTheOutrider,Inhabited_Jawa_OssikTheOutrider,RimMandrake,HIGH,
def,Inhabited_Jawa_RikkNkikTal,Inhabited_Jawa_RikkNkikTal,RimMandrake,HIGH,
def,Inhabited_Jawa_SakkVor,Inhabited_Jawa_SakkVor,RimMandrake,HIGH,
def,Inhabited_Jawa_ShamanIkkaSurAteeka,Inhabited_Jawa_ShamanIkkaSurAteeka,RimMandrake,HIGH,
def,Inhabited_Jawa_TekkaVor,Inhabited_Jawa_TekkaVor,RimMandrake,HIGH,
def,Inhabited_Jawa_TekkiNkik,Inhabited_Jawa_TekkiNkik,RimMandrake,HIGH,
def,Inhabited_Jawa_UbbiSur,Inhabited_Jawa_UbbiSur,RimMandrake,HIGH,
def,Inhabited_Jawa_VekkGrish,Inhabited_Jawa_VekkGrish,RimMandrake,HIGH,
def,Inhabited_Jawa_VessTikko,Inhabited_Jawa_VessTikko,RimMandrake,HIGH,
def,Inhabited_Jawa_Wupp,Inhabited_Jawa_Wupp,RimMandrake,HIGH,
def,Inhabited_Jawa_YubbNagg,Inhabited_Jawa_YubbNagg,RimMandrake,HIGH,
def,Inhabited_Junkers_AtaiVosk,Inhabited_Junkers_AtaiVosk,RimMandrake,HIGH,
def,Inhabited_Junkers_BohrraZeel,Inhabited_Junkers_BohrraZeel,RimMandrake,HIGH,
def,Inhabited_Junkers_FenzikTrawl,Inhabited_Junkers_FenzikTrawl,RimMandrake,HIGH,
def,Inhabited_Junkers_GrummOda,Inhabited_Junkers_GrummOda,RimMandrake,HIGH,
def,Inhabited_Junkers_GrundaPell,Inhabited_Junkers_GrundaPell,RimMandrake,HIGH,
def,Inhabited_Junkers_GruthaBakk,Inhabited_Junkers_GruthaBakk,RimMandrake,HIGH,
def,Inhabited_Junkers_HakkoDunn,Inhabited_Junkers_HakkoDunn,RimMandrake,HIGH,
def,Inhabited_Junkers_IlliwaSuum,Inhabited_Junkers_IlliwaSuum,RimMandrake,HIGH,
def,Inhabited_Junkers_KaadRoTenthBreath,Inhabited_Junkers_KaadRoTenthBreath,RimMandrake,HIGH,
def,Inhabited_Junkers_Kessavor,Inhabited_Junkers_Kessavor,RimMandrake,HIGH,
def,Inhabited_Junkers_KetrisVahn,Inhabited_Junkers_KetrisVahn,RimMandrake,HIGH,
def,Inhabited_Junkers_ModdRyel,Inhabited_Junkers_ModdRyel,RimMandrake,HIGH,
def,Inhabited_Junkers_NibGurro,Inhabited_Junkers_NibGurro,RimMandrake,HIGH,
def,Inhabited_Junkers_NossikRyl,Inhabited_Junkers_NossikRyl,RimMandrake,HIGH,
def,Inhabited_Junkers_Nrrsh,Inhabited_Junkers_Nrrsh,RimMandrake,HIGH,
def,Inhabited_Junkers_OloVenn,Inhabited_Junkers_OloVenn,RimMandrake,HIGH,
def,Inhabited_Junkers_OssaGrell,Inhabited_Junkers_OssaGrell,RimMandrake,HIGH,
def,Inhabited_Junkers_PerraTolm,Inhabited_Junkers_PerraTolm,RimMandrake,HIGH,
def,Inhabited_Junkers_PrahSook,Inhabited_Junkers_PrahSook,RimMandrake,HIGH,
def,Inhabited_Junkers_RuteBaan,Inhabited_Junkers_RuteBaan,RimMandrake,HIGH,
def,Inhabited_Junkers_SkorrskTheTally,Inhabited_Junkers_SkorrskTheTally,RimMandrake,HIGH,
def,Inhabited_Junkers_VaghOro,Inhabited_Junkers_VaghOro,RimMandrake,HIGH,
def,Inhabited_Junkers_VeshKaa,Inhabited_Junkers_VeshKaa,RimMandrake,HIGH,
def,Inhabited_Junkers_Weft,Inhabited_Junkers_Weft,RimMandrake,HIGH,
def,Inhabited_Junkers_ZiriNask,Inhabited_Junkers_ZiriNask,RimMandrake,HIGH,
def,Inhabited_Place,Inhabited_Place,RimMandrake,HIGH,
def,Inhabited_Resident,Inhabited_Resident,RimMandrake,HIGH,
def,Inhabited_Tusken_AnnShu,Inhabited_Tusken_AnnShu,RimMandrake,HIGH,
def,Inhabited_Tusken_BharrNu,Inhabited_Tusken_BharrNu,RimMandrake,HIGH,
def,Inhabited_Tusken_BokUr,Inhabited_Tusken_BokUr,RimMandrake,HIGH,
def,Inhabited_Tusken_CorrinAleff,Inhabited_Tusken_CorrinAleff,RimMandrake,HIGH,
def,Inhabited_Tusken_DhakkOrr,Inhabited_Tusken_DhakkOrr,RimMandrake,HIGH,
def,Inhabited_Tusken_EssKan,Inhabited_Tusken_EssKan,RimMandrake,HIGH,
def,Inhabited_Tusken_GhossaTalVaar,Inhabited_Tusken_GhossaTalVaar,RimMandrake,HIGH,
def,Inhabited_Tusken_GhurrVex,Inhabited_Tusken_GhurrVex,RimMandrake,HIGH,
def,Inhabited_Tusken_HarraGhul,Inhabited_Tusken_HarraGhul,RimMandrake,HIGH,
def,Inhabited_Tusken_Hurrum,Inhabited_Tusken_Hurrum,RimMandrake,HIGH,
def,Inhabited_Tusken_IkriNass,Inhabited_Tusken_IkriNass,RimMandrake,HIGH,
def,Inhabited_Tusken_IshAal,Inhabited_Tusken_IshAal,RimMandrake,HIGH,
def,Inhabited_Tusken_KuvvRaan,Inhabited_Tusken_KuvvRaan,RimMandrake,HIGH,
def,Inhabited_Tusken_MekkaRu,Inhabited_Tusken_MekkaRu,RimMandrake,HIGH,
def,Inhabited_Tusken_NashraKul,Inhabited_Tusken_NashraKul,RimMandrake,HIGH,
def,Inhabited_Tusken_OrrGash,Inhabited_Tusken_OrrGash,RimMandrake,HIGH,
def,Inhabited_Tusken_RuumKa,Inhabited_Tusken_RuumKa,RimMandrake,HIGH,
def,Inhabited_Tusken_ShaaNel,Inhabited_Tusken_ShaaNel,RimMandrake,HIGH,
def,Inhabited_Tusken_SheelIvarr,Inhabited_Tusken_SheelIvarr,RimMandrake,HIGH,
def,Inhabited_Tusken_TannRu,Inhabited_Tusken_TannRu,RimMandrake,HIGH,
def,Inhabited_Tusken_ThaRaan,Inhabited_Tusken_ThaRaan,RimMandrake,HIGH,
def,Inhabited_Tusken_UliSheek,Inhabited_Tusken_UliSheek,RimMandrake,HIGH,
def,Inhabited_Tusken_VaasKa,Inhabited_Tusken_VaasKa,RimMandrake,HIGH,
def,Inhabited_Tusken_Vurrk,Inhabited_Tusken_Vurrk,RimMandrake,HIGH,
def,Inhabited_Tusken_WarChiefTorrGan,Inhabited_Tusken_WarChiefTorrGan,RimMandrake,HIGH,
def,Inhabited_Wildsteam_BekkaSunn,Inhabited_Wildsteam_BekkaSunn,RimMandrake,HIGH,
def,Inhabited_Wildsteam_BoKesh,Inhabited_Wildsteam_BoKesh,RimMandrake,HIGH,
def,Inhabited_Wildsteam_BoggoUmm,Inhabited_Wildsteam_BoggoUmm,RimMandrake,HIGH,
def,Inhabited_Wildsteam_DrellAshk,Inhabited_Wildsteam_DrellAshk,RimMandrake,HIGH,
def,Inhabited_Wildsteam_ElderRrowhaan,Inhabited_Wildsteam_ElderRrowhaan,RimMandrake,HIGH,
def,Inhabited_Wildsteam_Grahnn,Inhabited_Wildsteam_Grahnn,RimMandrake,HIGH,
def,Inhabited_Wildsteam_GrandmotherYekk,Inhabited_Wildsteam_GrandmotherYekk,RimMandrake,HIGH,
def,Inhabited_Wildsteam_HakkoVurr,Inhabited_Wildsteam_HakkoVurr,RimMandrake,HIGH,
def,Inhabited_Wildsteam_KassVekk,Inhabited_Wildsteam_KassVekk,RimMandrake,HIGH,
def,Inhabited_Wildsteam_MotherUlu,Inhabited_Wildsteam_MotherUlu,RimMandrake,HIGH,
def,Inhabited_Wildsteam_NessaDuun,Inhabited_Wildsteam_NessaDuun,RimMandrake,HIGH,
def,Inhabited_Wildsteam_NikkoTheSapNamer,Inhabited_Wildsteam_NikkoTheSapNamer,RimMandrake,HIGH,
def,Inhabited_Wildsteam_NnuPell,Inhabited_Wildsteam_NnuPell,RimMandrake,HIGH,
def,Inhabited_Wildsteam_OssaKrail,Inhabited_Wildsteam_OssaKrail,RimMandrake,HIGH,
def,Inhabited_Wildsteam_PellYoon,Inhabited_Wildsteam_PellYoon,RimMandrake,HIGH,
def,Inhabited_Wildsteam_RoodaTann,Inhabited_Wildsteam_RoodaTann,RimMandrake,HIGH,
def,Inhabited_Wildsteam_Rrogh,Inhabited_Wildsteam_Rrogh,RimMandrake,HIGH,
def,Inhabited_Wildsteam_ShooBannAloo,Inhabited_Wildsteam_ShooBannAloo,RimMandrake,HIGH,
def,Inhabited_Wildsteam_SsuraKadd,Inhabited_Wildsteam_SsuraKadd,RimMandrake,HIGH,
def,Inhabited_Wildsteam_TennGhosh,Inhabited_Wildsteam_TennGhosh,RimMandrake,HIGH,
def,Inhabited_Wildsteam_TikkOfTheUnderline,Inhabited_Wildsteam_TikkOfTheUnderline,RimMandrake,HIGH,
def,Inhabited_Wildsteam_VaalOomTikaa,Inhabited_Wildsteam_VaalOomTikaa,RimMandrake,HIGH,
def,Inhabited_Wildsteam_WardenOfTheStairOhrra,Inhabited_Wildsteam_WardenOfTheStairOhrra,RimMandrake,HIGH,
def,Inhabited_Wildsteam_WardenZeshVool,Inhabited_Wildsteam_WardenZeshVool,RimMandrake,HIGH,
def,Inhabited_Wildsteam_YorrumPell,Inhabited_Wildsteam_YorrumPell,RimMandrake,HIGH,
namespace,Inhabited,RimMandrake.Inhabited,RimMandrake,HIGH,
mod,src/Jawa/JawaFactionSlate,src/RimUtinni/FactionSlate,RimUtinni,HIGH,
packageId,mandrake.jawafactionslate,mandrake.rut.factionslate,RimUtinni,HIGH,
mod,src/Jawa/JawaIkee,src/RimStarWars/JawaIkee,RimStarWars,HIGH,"species content; Jawa in name = species vocabulary, legal in RSW"
packageId,mandrake.jawaikee,mandrake.rsw.jawaikee,RimStarWars,HIGH,
def,Jawa_IkeeWatching,RSW_Jawa_IkeeWatching,RimStarWars,HIGH,
namespace,JawaIkee,RimStarWars.JawaIkee,RimStarWars,HIGH,
mod,src/Jawa/JawaIonWeapons,src/RimStarWars/JawaIonWeapons,RimStarWars,RULED,ion is SW-family
packageId,mandrake.jawaionweapons,mandrake.rsw.ionweapons,RimStarWars,RULED,
def,JawaIon_Blaster,RSW_JawaIon_Blaster,RimStarWars,RULED,
def,JawaIon_Bullet,RSW_JawaIon_Bullet,RimStarWars,RULED,
def,JawaIon_Damage,RSW_JawaIon_Damage,RimStarWars,RULED,
def,JawaIon_Stun,RSW_JawaIon_Stun,RimStarWars,RULED,
def,JawaIon_Weaponry,RSW_JawaIon_Weaponry,RimStarWars,RULED,
def,Jawa_InverseBodySize,RSW_Jawa_InverseBodySize,RimStarWars,RULED,
namespace,JawaIonWeapons,RimStarWars.JawaIonWeapons,RimStarWars,RULED,
mod,src/Jawa/JawaPlantGrowth,src/RimUtinni/PlantGrowth,RimUtinni,HIGH,"VERIFY resolved: names the terminator, poison forest, water-limited farming - planet-specific tuning, NOT generic"
packageId,mandrake.jawaplantgrowth,mandrake.rut.plantgrowth,RimUtinni,HIGH,
def,JawaPlantGrowth_Settings,RUT_JawaPlantGrowth_Settings,RimUtinni,HIGH,
namespace,JawaPlantGrowth,RimUtinni.PlantGrowth,RimUtinni,HIGH,
mod,src/Jawa/JawaVoice,src/RimStarWars/JawaVoice,RimStarWars,HIGH,"VERIFY resolved: straddle CONFIRMED - 6 patch files (Ideology, Insults, CoreInteractions, weather, prisoners, Interactions) reference gods/ship/campaign; framework+generic Jawaese=RSW, those files extract to RUT in Phase 3"
packageId,mandrake.jawavoice,mandrake.rsw.jawavoice,RimStarWars,HIGH,
mod,src/Jawa/Jawa_Armoury,src/RimStarWars/Armoury,RimStarWars,HIGH,SW gun rebalance; doctrine patches extract to RUT in Phase 3
packageId,mandrake.jawa.armoury,mandrake.rsw.armoury,RimStarWars,HIGH,
def,12-blaster-pistol-sound-effect,RSW_12-blaster-pistol-sound-effect,RimStarWars,HIGH,
def,14_blaster_pistol_Shot,RSW_14_blaster_pistol_Shot,RimStarWars,HIGH,
def,16_Carbine_Rifle_Shot,RSW_16_Carbine_Rifle_Shot,RimStarWars,HIGH,
def,180Blaster_Pistol_Shot,RSW_180Blaster_Pistol_Shot,RimStarWars,HIGH,
def,1Mandalorian_Blaster_Weapon_Shot,RSW_1Mandalorian_Blaster_Weapon_Shot,RimStarWars,HIGH,
def,2Mandalorian_Blaster_Weapon_Shot,RSW_2Mandalorian_Blaster_Weapon_Shot,RimStarWars,HIGH,
def,38x-targeting-rifle-sound-effects-battlefront-ii,RSW_38x-targeting-rifle-sound-effects-battlefront-ii,RimStarWars,HIGH,
def,3Mandalorian_Blaster_Weapon_Shot,RSW_3Mandalorian_Blaster_Weapon_Shot,RimStarWars,HIGH,
def,4Mandalorian_Blaster_Weapon_Shot,RSW_4Mandalorian_Blaster_Weapon_Shot,RimStarWars,HIGH,
def,B-2_Wrist_Blaster_Shot,RSW_B-2_Wrist_Blaster_Shot,RimStarWars,HIGH,
def,B-2_Wrist_Cannon_Shot,RSW_B-2_Wrist_Cannon_Shot,RimStarWars,HIGH,
def,B2-HA_Droid_Wrist_Canno_shot,RSW_B2-HA_Droid_Wrist_Canno_shot,RimStarWars,HIGH,
def,Blaster_Burn,RSW_Blaster_Burn,RimStarWars,HIGH,
def,Blaster_Damage,RSW_Blaster_Damage,RimStarWars,HIGH,
def,Blue_Blaster_Bolt,RSW_Blue_Blaster_Bolt,RimStarWars,HIGH,
def,Bullet_ArchotechChargeBlasterHeavy,RSW_Bullet_ArchotechChargeBlasterHeavy,RimStarWars,HIGH,
def,Burn,RSW_Burn,RimStarWars,HIGH,
def,DC-15A_Blaster_Rifle_Shot,RSW_DC-15A_Blaster_Rifle_Shot,RimStarWars,HIGH,
def,DC-15S_Blaster_Carbine_Shot,RSW_DC-15S_Blaster_Carbine_Shot,RimStarWars,HIGH,
def,DC-17_Blaster_Pistol_Shot,RSW_DC-17_Blaster_Pistol_Shot,RimStarWars,HIGH,
def,DoBillsMakeBlastechWeapons,RSW_DoBillsMakeBlastechWeapons,RimStarWars,HIGH,
def,Droidek_Shot,RSW_Droidek_Shot,RimStarWars,HIGH,
def,E-5_Bblaster_Rifle_Shot,RSW_E-5_Bblaster_Rifle_Shot,RimStarWars,HIGH,
def,ECD_Grenade_Thowable,RSW_ECD_Grenade_Thowable,RimStarWars,HIGH,
def,EWebShot,RSW_EWebShot,RimStarWars,HIGH,
def,Electrostaff_Stun,RSW_Electrostaff_Stun,RimStarWars,HIGH,
def,Gun_ArchotechChargeBlasterHeavyTurret,RSW_Gun_ArchotechChargeBlasterHeavyTurret,RimStarWars,HIGH,
def,High_Blue_Blaster_Bolt,RSW_High_Blue_Blaster_Bolt,RimStarWars,HIGH,
def,High_Red_Blaster_Bolt,RSW_High_Red_Blaster_Bolt,RimStarWars,HIGH,
def,JDSA_AQ_Battle_Blaster,RSW_JDSA_AQ_Battle_Blaster,RimStarWars,HIGH,
def,JDSA_Amban_Blaster_Rifle,RSW_JDSA_Amban_Blaster_Rifle,RimStarWars,HIGH,
def,JDSA_B2_HA_Wrist_Cannon,RSW_JDSA_B2_HA_Wrist_Cannon,RimStarWars,HIGH,
def,JDSA_B2_Wrist_Blaster,RSW_JDSA_B2_Wrist_Blaster,RimStarWars,HIGH,
def,JDSA_DC-15A_Blaster_Rifle,RSW_JDSA_DC-15A_Blaster_Rifle,RimStarWars,HIGH,
def,JDSA_DC-15S_Blaster_Rifle,RSW_JDSA_DC-15S_Blaster_Rifle,RimStarWars,HIGH,
def,JDSA_DC-15x_Sniper_Rifle,RSW_JDSA_DC-15x_Sniper_Rifle,RimStarWars,HIGH,
def,JDSA_DC-17M_Blaster_Rifle,RSW_JDSA_DC-17M_Blaster_Rifle,RimStarWars,HIGH,
def,JDSA_DC-17S_Blaster_Pistol,RSW_JDSA_DC-17S_Blaster_Pistol,RimStarWars,HIGH,
def,JDSA_DC-17_Blaster_Pistol,RSW_JDSA_DC-17_Blaster_Pistol,RimStarWars,HIGH,
def,JDSA_DSD1_Dwarf_Spider_Blaster,RSW_JDSA_DSD1_Dwarf_Spider_Blaster,RimStarWars,HIGH,
def,JDSA_Droideka_Long_Blaster,RSW_JDSA_Droideka_Long_Blaster,RimStarWars,HIGH,
def,JDSA_Droidekas_Blaster,RSW_JDSA_Droidekas_Blaster,RimStarWars,HIGH,
def,JDSA_E-5C_Blaster_Rifle,RSW_JDSA_E-5C_Blaster_Rifle,RimStarWars,HIGH,
def,JDSA_E-5S_Sniper_Rifle,RSW_JDSA_E-5S_Sniper_Rifle,RimStarWars,HIGH,
def,JDSA_E-5_Blaster_Rifle,RSW_JDSA_E-5_Blaster_Rifle,RimStarWars,HIGH,
def,JDSA_E-60R_Missile_Launcher,RSW_JDSA_E-60R_Missile_Launcher,RimStarWars,HIGH,
def,JDSA_E-60R_Missile_shot,RSW_JDSA_E-60R_Missile_shot,RimStarWars,HIGH,
def,JDSA_ECD_Grenade,RSW_JDSA_ECD_Grenade,RimStarWars,HIGH,
def,JDSA_EE-3_Carbine_Rifle,RSW_JDSA_EE-3_Carbine_Rifle,RimStarWars,HIGH,
def,JDSA_Electrostaff,RSW_JDSA_Electrostaff,RimStarWars,HIGH,
def,JDSA_LR-57_Combat_Blaster,RSW_JDSA_LR-57_Combat_Blaster,RimStarWars,HIGH,
def,JDSA_M-56_Heavy_Blaster_Cannon,RSW_JDSA_M-56_Heavy_Blaster_Cannon,RimStarWars,HIGH,
def,JDSA_SE-14_Light_Blaster_Pistol,RSW_JDSA_SE-14_Light_Blaster_Pistol,RimStarWars,HIGH,
def,JDSA_Thermal_Detonator,RSW_JDSA_Thermal_Detonator,RimStarWars,HIGH,
def,JDSA_Vibroaxe,RSW_JDSA_Vibroaxe,RimStarWars,HIGH,
def,JDSA_Vibroblade,RSW_JDSA_Vibroblade,RimStarWars,HIGH,
def,JDSA_Vibrosword,RSW_JDSA_Vibrosword,RimStarWars,HIGH,
def,JDSA_Westar-33_Blaster_Pistol,RSW_JDSA_Westar-33_Blaster_Pistol,RimStarWars,HIGH,
def,JDSA_Westar-34_Blaster_Pistol,RSW_JDSA_Westar-34_Blaster_Pistol,RimStarWars,HIGH,
def,JDSA_Westar-35_Blaster_Pistol,RSW_JDSA_Westar-35_Blaster_Pistol,RimStarWars,HIGH,
def,JDSA_Westar-44_Heavy_Blaster_Pistol,RSW_JDSA_Westar-44_Heavy_Blaster_Pistol,RimStarWars,HIGH,
def,JDSA_Westar-M5_Blaster_Rifle,RSW_JDSA_Westar-M5_Blaster_Rifle,RimStarWars,HIGH,
def,JDSA_Z6_Rotary_Blaster_Cannon,RSW_JDSA_Z6_Rotary_Blaster_Cannon,RimStarWars,HIGH,
def,JDS_Blastech_Workbench,RSW_JDS_Blastech_Workbench,RimStarWars,HIGH,
def,Jawa_TD_GraserBeam,RSW_Jawa_TD_GraserBeam,RimStarWars,HIGH,
def,Jawa_TD_Turret_AutoChargeBlaster,RSW_Jawa_TD_Turret_AutoChargeBlaster,RimStarWars,HIGH,
def,Jawa_TD_Turret_AutoInferno,RSW_Jawa_TD_Turret_AutoInferno,RimStarWars,HIGH,
def,Jawa_TD_Turret_AutoMortar,RSW_Jawa_TD_Turret_AutoMortar,RimStarWars,HIGH,
def,Jawa_TD_Turret_BeamRepeater,RSW_Jawa_TD_Turret_BeamRepeater,RimStarWars,HIGH,
def,Jawa_TD_Turret_RocketswarmLauncher,RSW_Jawa_TD_Turret_RocketswarmLauncher,RimStarWars,HIGH,
def,Jawa_TD_VGE_HeavyChargeAnnihilator,RSW_Jawa_TD_VGE_HeavyChargeAnnihilator,RimStarWars,HIGH,
def,Jawa_TD_VGE_MassDriver,RSW_Jawa_TD_VGE_MassDriver,RimStarWars,HIGH,
def,Low_Blue_Blaster_Bolt,RSW_Low_Blue_Blaster_Bolt,RimStarWars,HIGH,
def,Low_Red_Blaster_Bolt,RSW_Low_Red_Blaster_Bolt,RimStarWars,HIGH,
def,Mid_Blue_Blaster_Bolt,RSW_Mid_Blue_Blaster_Bolt,RimStarWars,HIGH,
def,Mid_Red_Blaster_Bolt,RSW_Mid_Red_Blaster_Bolt,RimStarWars,HIGH,
def,RN2SWGun_EWebMounted_GPMG,RSW_RN2SWGun_EWebMounted_GPMG,RimStarWars,HIGH,
def,RN2SWGun_EWeb_MG,RSW_RN2SWGun_EWeb_MG,RimStarWars,HIGH,
def,RN2_SteelBall,RSW_RN2_SteelBall,RimStarWars,HIGH,
def,RN2_SteelBall_Hediff,RSW_RN2_SteelBall_Hediff,RimStarWars,HIGH,
def,RNShotEWebMG,RSW_RNShotEWebMG,RimStarWars,HIGH,
def,Red_Blaster_Bolt,RSW_Red_Blaster_Bolt,RimStarWars,HIGH,
def,Rifle_Shot1,RSW_Rifle_Shot1,RimStarWars,HIGH,
def,Thermal_Detonator_Thowable,RSW_Thermal_Detonator_Thowable,RimStarWars,HIGH,
def,Turret_AutoChargeBlaster_OP,RSW_Turret_AutoChargeBlaster_OP,RimStarWars,HIGH,
def,VFEP_Warcasket_Hazard,RSW_VFEP_Warcasket_Hazard,RimStarWars,HIGH,
def,Yellow_Bullet_Laser,RSW_Yellow_Bullet_Laser,RimStarWars,HIGH,
def,Z6_Rotary_Blaster_Cannon_Shot,RSW_Z6_Rotary_Blaster_Cannon_Shot,RimStarWars,HIGH,
mod,src/Jawa/Jawa_Doctrine,src/RimUtinni/Doctrine,RimUtinni,RULED,campaign doctrine
packageId,mandrake.jawa.doctrine,mandrake.rut.doctrine,RimUtinni,RULED,
namespace,JawaDoctrineCore,RimUtinni.Doctrine,RimUtinni,RULED,
mod,src/Jawa/Jawa_Patches,src/SPLIT_Phase3/Jawa_Patches,SPLIT,VERIFY,Phase 3 per-file triage: Ashkarr/Rakata/DeepDesert/Pyrelands files=RUT; animal/texture/generic fixes=RSW or RM
packageId,mandrake.jawa.patches,TBD_SPLIT,SPLIT,VERIFY,
def,Base_Player,TBD_SPLIT,SPLIT,VERIFY,Phase 3 per-file triage: Ashkarr/Rakata/DeepDesert/Pyrelands files=RUT; animal/texture/generic fixes=RSW or RM
def,Jawa_AscendantHelix,TBD_SPLIT,SPLIT,VERIFY,Phase 3 per-file triage: Ashkarr/Rakata/DeepDesert/Pyrelands files=RUT; animal/texture/generic fixes=RSW or RM
def,Jawa_BackgroundWater,TBD_SPLIT,SPLIT,VERIFY,Phase 3 per-file triage: Ashkarr/Rakata/DeepDesert/Pyrelands files=RUT; animal/texture/generic fixes=RSW or RM
def,Jawa_Blackstar_Grunt,TBD_SPLIT,SPLIT,VERIFY,Phase 3 per-file triage: Ashkarr/Rakata/DeepDesert/Pyrelands files=RUT; animal/texture/generic fixes=RSW or RM
def,Jawa_Blackstar_Heavy,TBD_SPLIT,SPLIT,VERIFY,Phase 3 per-file triage: Ashkarr/Rakata/DeepDesert/Pyrelands files=RUT; animal/texture/generic fixes=RSW or RM
def,Jawa_Blackstar_Leader,TBD_SPLIT,SPLIT,VERIFY,Phase 3 per-file triage: Ashkarr/Rakata/DeepDesert/Pyrelands files=RUT; animal/texture/generic fixes=RSW or RM
def,Jawa_Blackstar_Specialist,TBD_SPLIT,SPLIT,VERIFY,Phase 3 per-file triage: Ashkarr/Rakata/DeepDesert/Pyrelands files=RUT; animal/texture/generic fixes=RSW or RM
def,Jawa_ClaimRumour,TBD_SPLIT,SPLIT,VERIFY,Phase 3 per-file triage: Ashkarr/Rakata/DeepDesert/Pyrelands files=RUT; animal/texture/generic fixes=RSW or RM
def,Jawa_Colonist,TBD_SPLIT,SPLIT,VERIFY,Phase 3 per-file triage: Ashkarr/Rakata/DeepDesert/Pyrelands files=RUT; animal/texture/generic fixes=RSW or RM
def,Jawa_Culture_Blackstar,TBD_SPLIT,SPLIT,VERIFY,Phase 3 per-file triage: Ashkarr/Rakata/DeepDesert/Pyrelands files=RUT; animal/texture/generic fixes=RSW or RM
def,Jawa_Culture_DeepDesert,TBD_SPLIT,SPLIT,VERIFY,Phase 3 per-file triage: Ashkarr/Rakata/DeepDesert/Pyrelands files=RUT; animal/texture/generic fixes=RSW or RM
def,Jawa_Culture_Deepwater,TBD_SPLIT,SPLIT,VERIFY,Phase 3 per-file triage: Ashkarr/Rakata/DeepDesert/Pyrelands files=RUT; animal/texture/generic fixes=RSW or RM
def,Jawa_Culture_Droid,TBD_SPLIT,SPLIT,VERIFY,Phase 3 per-file triage: Ashkarr/Rakata/DeepDesert/Pyrelands files=RUT; animal/texture/generic fixes=RSW or RM
def,Jawa_Culture_Empire,TBD_SPLIT,SPLIT,VERIFY,Phase 3 per-file triage: Ashkarr/Rakata/DeepDesert/Pyrelands files=RUT; animal/texture/generic fixes=RSW or RM
def,Jawa_Culture_Geonosian,TBD_SPLIT,SPLIT,VERIFY,Phase 3 per-file triage: Ashkarr/Rakata/DeepDesert/Pyrelands files=RUT; animal/texture/generic fixes=RSW or RM
def,Jawa_Culture_Helix,TBD_SPLIT,SPLIT,VERIFY,Phase 3 per-file triage: Ashkarr/Rakata/DeepDesert/Pyrelands files=RUT; animal/texture/generic fixes=RSW or RM
def,Jawa_Culture_Homestead,TBD_SPLIT,SPLIT,VERIFY,Phase 3 per-file triage: Ashkarr/Rakata/DeepDesert/Pyrelands files=RUT; animal/texture/generic fixes=RSW or RM
def,Jawa_Culture_Hutt,TBD_SPLIT,SPLIT,VERIFY,Phase 3 per-file triage: Ashkarr/Rakata/DeepDesert/Pyrelands files=RUT; animal/texture/generic fixes=RSW or RM
def,Jawa_Culture_Junkers,TBD_SPLIT,SPLIT,VERIFY,Phase 3 per-file triage: Ashkarr/Rakata/DeepDesert/Pyrelands files=RUT; animal/texture/generic fixes=RSW or RM
def,Jawa_Culture_TradeMoot,TBD_SPLIT,SPLIT,VERIFY,Phase 3 per-file triage: Ashkarr/Rakata/DeepDesert/Pyrelands files=RUT; animal/texture/generic fixes=RSW or RM
def,Jawa_Culture_Wildsteam,TBD_SPLIT,SPLIT,VERIFY,Phase 3 per-file triage: Ashkarr/Rakata/DeepDesert/Pyrelands files=RUT; animal/texture/generic fixes=RSW or RM
def,Jawa_DeepDesert_Grunt,TBD_SPLIT,SPLIT,VERIFY,Phase 3 per-file triage: Ashkarr/Rakata/DeepDesert/Pyrelands files=RUT; animal/texture/generic fixes=RSW or RM
def,Jawa_DeepDesert_Heavy,TBD_SPLIT,SPLIT,VERIFY,Phase 3 per-file triage: Ashkarr/Rakata/DeepDesert/Pyrelands files=RUT; animal/texture/generic fixes=RSW or RM
def,Jawa_DeepDesert_Leader,TBD_SPLIT,SPLIT,VERIFY,Phase 3 per-file triage: Ashkarr/Rakata/DeepDesert/Pyrelands files=RUT; animal/texture/generic fixes=RSW or RM
def,Jawa_DeepDesert_Specialist,TBD_SPLIT,SPLIT,VERIFY,Phase 3 per-file triage: Ashkarr/Rakata/DeepDesert/Pyrelands files=RUT; animal/texture/generic fixes=RSW or RM
def,Jawa_DeepwaterCompact,TBD_SPLIT,SPLIT,VERIFY,Phase 3 per-file triage: Ashkarr/Rakata/DeepDesert/Pyrelands files=RUT; animal/texture/generic fixes=RSW or RM
def,Jawa_Deepwater_Grunt,TBD_SPLIT,SPLIT,VERIFY,Phase 3 per-file triage: Ashkarr/Rakata/DeepDesert/Pyrelands files=RUT; animal/texture/generic fixes=RSW or RM
def,Jawa_Deepwater_Heavy,TBD_SPLIT,SPLIT,VERIFY,Phase 3 per-file triage: Ashkarr/Rakata/DeepDesert/Pyrelands files=RUT; animal/texture/generic fixes=RSW or RM
def,Jawa_Deepwater_Leader,TBD_SPLIT,SPLIT,VERIFY,Phase 3 per-file triage: Ashkarr/Rakata/DeepDesert/Pyrelands files=RUT; animal/texture/generic fixes=RSW or RM
def,Jawa_Deepwater_Specialist,TBD_SPLIT,SPLIT,VERIFY,Phase 3 per-file triage: Ashkarr/Rakata/DeepDesert/Pyrelands files=RUT; animal/texture/generic fixes=RSW or RM
def,Jawa_Droid_Grunt,TBD_SPLIT,SPLIT,VERIFY,Phase 3 per-file triage: Ashkarr/Rakata/DeepDesert/Pyrelands files=RUT; animal/texture/generic fixes=RSW or RM
def,Jawa_Droid_Heavy,TBD_SPLIT,SPLIT,VERIFY,Phase 3 per-file triage: Ashkarr/Rakata/DeepDesert/Pyrelands files=RUT; animal/texture/generic fixes=RSW or RM
def,Jawa_Droid_Leader,TBD_SPLIT,SPLIT,VERIFY,Phase 3 per-file triage: Ashkarr/Rakata/DeepDesert/Pyrelands files=RUT; animal/texture/generic fixes=RSW or RM
def,Jawa_Droid_Specialist,TBD_SPLIT,SPLIT,VERIFY,Phase 3 per-file triage: Ashkarr/Rakata/DeepDesert/Pyrelands files=RUT; animal/texture/generic fixes=RSW or RM
def,Jawa_Empire_Grunt,TBD_SPLIT,SPLIT,VERIFY,Phase 3 per-file triage: Ashkarr/Rakata/DeepDesert/Pyrelands files=RUT; animal/texture/generic fixes=RSW or RM
def,Jawa_Empire_Heavy,TBD_SPLIT,SPLIT,VERIFY,Phase 3 per-file triage: Ashkarr/Rakata/DeepDesert/Pyrelands files=RUT; animal/texture/generic fixes=RSW or RM
def,Jawa_Empire_Leader,TBD_SPLIT,SPLIT,VERIFY,Phase 3 per-file triage: Ashkarr/Rakata/DeepDesert/Pyrelands files=RUT; animal/texture/generic fixes=RSW or RM
def,Jawa_Empire_Specialist,TBD_SPLIT,SPLIT,VERIFY,Phase 3 per-file triage: Ashkarr/Rakata/DeepDesert/Pyrelands files=RUT; animal/texture/generic fixes=RSW or RM
def,Jawa_FreeDroidEnclaves,TBD_SPLIT,SPLIT,VERIFY,Phase 3 per-file triage: Ashkarr/Rakata/DeepDesert/Pyrelands files=RUT; animal/texture/generic fixes=RSW or RM
def,Jawa_Gamorrean_Enforcer,TBD_SPLIT,SPLIT,VERIFY,Phase 3 per-file triage: Ashkarr/Rakata/DeepDesert/Pyrelands files=RUT; animal/texture/generic fixes=RSW or RM
def,Jawa_Gamorrean_Guard,TBD_SPLIT,SPLIT,VERIFY,Phase 3 per-file triage: Ashkarr/Rakata/DeepDesert/Pyrelands files=RUT; animal/texture/generic fixes=RSW or RM
def,Jawa_GeonosianFoundryHive,TBD_SPLIT,SPLIT,VERIFY,Phase 3 per-file triage: Ashkarr/Rakata/DeepDesert/Pyrelands files=RUT; animal/texture/generic fixes=RSW or RM
def,Jawa_Geonosian_Grunt,TBD_SPLIT,SPLIT,VERIFY,Phase 3 per-file triage: Ashkarr/Rakata/DeepDesert/Pyrelands files=RUT; animal/texture/generic fixes=RSW or RM
def,Jawa_Geonosian_Heavy,TBD_SPLIT,SPLIT,VERIFY,Phase 3 per-file triage: Ashkarr/Rakata/DeepDesert/Pyrelands files=RUT; animal/texture/generic fixes=RSW or RM
def,Jawa_Geonosian_Leader,TBD_SPLIT,SPLIT,VERIFY,Phase 3 per-file triage: Ashkarr/Rakata/DeepDesert/Pyrelands files=RUT; animal/texture/generic fixes=RSW or RM
def,Jawa_Geonosian_Specialist,TBD_SPLIT,SPLIT,VERIFY,Phase 3 per-file triage: Ashkarr/Rakata/DeepDesert/Pyrelands files=RUT; animal/texture/generic fixes=RSW or RM
def,Jawa_GroundHulk,TBD_SPLIT,SPLIT,VERIFY,Phase 3 per-file triage: Ashkarr/Rakata/DeepDesert/Pyrelands files=RUT; animal/texture/generic fixes=RSW or RM
def,Jawa_Helix_Grunt,TBD_SPLIT,SPLIT,VERIFY,Phase 3 per-file triage: Ashkarr/Rakata/DeepDesert/Pyrelands files=RUT; animal/texture/generic fixes=RSW or RM
def,Jawa_Helix_Heavy,TBD_SPLIT,SPLIT,VERIFY,Phase 3 per-file triage: Ashkarr/Rakata/DeepDesert/Pyrelands files=RUT; animal/texture/generic fixes=RSW or RM
def,Jawa_Helix_Leader,TBD_SPLIT,SPLIT,VERIFY,Phase 3 per-file triage: Ashkarr/Rakata/DeepDesert/Pyrelands files=RUT; animal/texture/generic fixes=RSW or RM
def,Jawa_Helix_Specialist,TBD_SPLIT,SPLIT,VERIFY,Phase 3 per-file triage: Ashkarr/Rakata/DeepDesert/Pyrelands files=RUT; animal/texture/generic fixes=RSW or RM
def,Jawa_Homestead_DesertRanger,TBD_SPLIT,SPLIT,VERIFY,Phase 3 per-file triage: Ashkarr/Rakata/DeepDesert/Pyrelands files=RUT; animal/texture/generic fixes=RSW or RM
def,Jawa_Homestead_Grunt,TBD_SPLIT,SPLIT,VERIFY,Phase 3 per-file triage: Ashkarr/Rakata/DeepDesert/Pyrelands files=RUT; animal/texture/generic fixes=RSW or RM
def,Jawa_Homestead_Heavy,TBD_SPLIT,SPLIT,VERIFY,Phase 3 per-file triage: Ashkarr/Rakata/DeepDesert/Pyrelands files=RUT; animal/texture/generic fixes=RSW or RM
def,Jawa_Homestead_Leader,TBD_SPLIT,SPLIT,VERIFY,Phase 3 per-file triage: Ashkarr/Rakata/DeepDesert/Pyrelands files=RUT; animal/texture/generic fixes=RSW or RM
def,Jawa_Homestead_Specialist,TBD_SPLIT,SPLIT,VERIFY,Phase 3 per-file triage: Ashkarr/Rakata/DeepDesert/Pyrelands files=RUT; animal/texture/generic fixes=RSW or RM
def,Jawa_HuttCartel,TBD_SPLIT,SPLIT,VERIFY,Phase 3 per-file triage: Ashkarr/Rakata/DeepDesert/Pyrelands files=RUT; animal/texture/generic fixes=RSW or RM
def,Jawa_Hutt_Grunt,TBD_SPLIT,SPLIT,VERIFY,Phase 3 per-file triage: Ashkarr/Rakata/DeepDesert/Pyrelands files=RUT; animal/texture/generic fixes=RSW or RM
def,Jawa_Hutt_Heavy,TBD_SPLIT,SPLIT,VERIFY,Phase 3 per-file triage: Ashkarr/Rakata/DeepDesert/Pyrelands files=RUT; animal/texture/generic fixes=RSW or RM
def,Jawa_Hutt_Leader,TBD_SPLIT,SPLIT,VERIFY,Phase 3 per-file triage: Ashkarr/Rakata/DeepDesert/Pyrelands files=RUT; animal/texture/generic fixes=RSW or RM
def,Jawa_Hutt_Specialist,TBD_SPLIT,SPLIT,VERIFY,Phase 3 per-file triage: Ashkarr/Rakata/DeepDesert/Pyrelands files=RUT; animal/texture/generic fixes=RSW or RM
def,Jawa_IndigenousTribes,TBD_SPLIT,SPLIT,VERIFY,Phase 3 per-file triage: Ashkarr/Rakata/DeepDesert/Pyrelands files=RUT; animal/texture/generic fixes=RSW or RM
def,Jawa_Junkers,TBD_SPLIT,SPLIT,VERIFY,Phase 3 per-file triage: Ashkarr/Rakata/DeepDesert/Pyrelands files=RUT; animal/texture/generic fixes=RSW or RM
def,Jawa_Junkers_Grunt,TBD_SPLIT,SPLIT,VERIFY,Phase 3 per-file triage: Ashkarr/Rakata/DeepDesert/Pyrelands files=RUT; animal/texture/generic fixes=RSW or RM
def,Jawa_Junkers_Heavy,TBD_SPLIT,SPLIT,VERIFY,Phase 3 per-file triage: Ashkarr/Rakata/DeepDesert/Pyrelands files=RUT; animal/texture/generic fixes=RSW or RM
def,Jawa_Junkers_Leader,TBD_SPLIT,SPLIT,VERIFY,Phase 3 per-file triage: Ashkarr/Rakata/DeepDesert/Pyrelands files=RUT; animal/texture/generic fixes=RSW or RM
def,Jawa_Junkers_Specialist,TBD_SPLIT,SPLIT,VERIFY,Phase 3 per-file triage: Ashkarr/Rakata/DeepDesert/Pyrelands files=RUT; animal/texture/generic fixes=RSW or RM
def,Jawa_LeaderTitle_Blackstar,TBD_SPLIT,SPLIT,VERIFY,Phase 3 per-file triage: Ashkarr/Rakata/DeepDesert/Pyrelands files=RUT; animal/texture/generic fixes=RSW or RM
def,Jawa_LeaderTitle_DeepDesert,TBD_SPLIT,SPLIT,VERIFY,Phase 3 per-file triage: Ashkarr/Rakata/DeepDesert/Pyrelands files=RUT; animal/texture/generic fixes=RSW or RM
def,Jawa_LeaderTitle_Deepwater,TBD_SPLIT,SPLIT,VERIFY,Phase 3 per-file triage: Ashkarr/Rakata/DeepDesert/Pyrelands files=RUT; animal/texture/generic fixes=RSW or RM
def,Jawa_LeaderTitle_Droid,TBD_SPLIT,SPLIT,VERIFY,Phase 3 per-file triage: Ashkarr/Rakata/DeepDesert/Pyrelands files=RUT; animal/texture/generic fixes=RSW or RM
def,Jawa_LeaderTitle_Empire,TBD_SPLIT,SPLIT,VERIFY,Phase 3 per-file triage: Ashkarr/Rakata/DeepDesert/Pyrelands files=RUT; animal/texture/generic fixes=RSW or RM
def,Jawa_LeaderTitle_Geonosian,TBD_SPLIT,SPLIT,VERIFY,Phase 3 per-file triage: Ashkarr/Rakata/DeepDesert/Pyrelands files=RUT; animal/texture/generic fixes=RSW or RM
def,Jawa_LeaderTitle_Helix,TBD_SPLIT,SPLIT,VERIFY,Phase 3 per-file triage: Ashkarr/Rakata/DeepDesert/Pyrelands files=RUT; animal/texture/generic fixes=RSW or RM
def,Jawa_LeaderTitle_Homestead,TBD_SPLIT,SPLIT,VERIFY,Phase 3 per-file triage: Ashkarr/Rakata/DeepDesert/Pyrelands files=RUT; animal/texture/generic fixes=RSW or RM
def,Jawa_LeaderTitle_Hutt,TBD_SPLIT,SPLIT,VERIFY,Phase 3 per-file triage: Ashkarr/Rakata/DeepDesert/Pyrelands files=RUT; animal/texture/generic fixes=RSW or RM
def,Jawa_LeaderTitle_Junkers,TBD_SPLIT,SPLIT,VERIFY,Phase 3 per-file triage: Ashkarr/Rakata/DeepDesert/Pyrelands files=RUT; animal/texture/generic fixes=RSW or RM
def,Jawa_LeaderTitle_TradeMoot,TBD_SPLIT,SPLIT,VERIFY,Phase 3 per-file triage: Ashkarr/Rakata/DeepDesert/Pyrelands files=RUT; animal/texture/generic fixes=RSW or RM
def,Jawa_LeaderTitle_Wildsteam,TBD_SPLIT,SPLIT,VERIFY,Phase 3 per-file triage: Ashkarr/Rakata/DeepDesert/Pyrelands files=RUT; animal/texture/generic fixes=RSW or RM
def,Jawa_NamerFactionAG_XenohumanPirates,TBD_SPLIT,SPLIT,VERIFY,Phase 3 per-file triage: Ashkarr/Rakata/DeepDesert/Pyrelands files=RUT; animal/texture/generic fixes=RSW or RM
def,Jawa_NamerFactionBlackstar,TBD_SPLIT,SPLIT,VERIFY,Phase 3 per-file triage: Ashkarr/Rakata/DeepDesert/Pyrelands files=RUT; animal/texture/generic fixes=RSW or RM
def,Jawa_NamerFactionCannibalPirate,TBD_SPLIT,SPLIT,VERIFY,Phase 3 per-file triage: Ashkarr/Rakata/DeepDesert/Pyrelands files=RUT; animal/texture/generic fixes=RSW or RM
def,Jawa_NamerFactionDV_PirateKeshig,TBD_SPLIT,SPLIT,VERIFY,Phase 3 per-file triage: Ashkarr/Rakata/DeepDesert/Pyrelands files=RUT; animal/texture/generic fixes=RSW or RM
def,Jawa_NamerFactionPirateWaster,TBD_SPLIT,SPLIT,VERIFY,Phase 3 per-file triage: Ashkarr/Rakata/DeepDesert/Pyrelands files=RUT; animal/texture/generic fixes=RSW or RM
def,Jawa_NamerFactionPirateYttakin,TBD_SPLIT,SPLIT,VERIFY,Phase 3 per-file triage: Ashkarr/Rakata/DeepDesert/Pyrelands files=RUT; animal/texture/generic fixes=RSW or RM
def,Jawa_NamerPetSW,TBD_SPLIT,SPLIT,VERIFY,Phase 3 per-file triage: Ashkarr/Rakata/DeepDesert/Pyrelands files=RUT; animal/texture/generic fixes=RSW or RM
def,Jawa_SaltCrust,TBD_SPLIT,SPLIT,VERIFY,Phase 3 per-file triage: Ashkarr/Rakata/DeepDesert/Pyrelands files=RUT; animal/texture/generic fixes=RSW or RM
def,Jawa_ScatterScrapfields,TBD_SPLIT,SPLIT,VERIFY,Phase 3 per-file triage: Ashkarr/Rakata/DeepDesert/Pyrelands files=RUT; animal/texture/generic fixes=RSW or RM
def,Jawa_Spawn_Gand,TBD_SPLIT,SPLIT,VERIFY,Phase 3 per-file triage: Ashkarr/Rakata/DeepDesert/Pyrelands files=RUT; animal/texture/generic fixes=RSW or RM
def,Jawa_Spawn_Hutt,TBD_SPLIT,SPLIT,VERIFY,Phase 3 per-file triage: Ashkarr/Rakata/DeepDesert/Pyrelands files=RUT; animal/texture/generic fixes=RSW or RM
def,Jawa_Spawn_Kubaz,TBD_SPLIT,SPLIT,VERIFY,Phase 3 per-file triage: Ashkarr/Rakata/DeepDesert/Pyrelands files=RUT; animal/texture/generic fixes=RSW or RM
def,Jawa_Spawn_Lasat,TBD_SPLIT,SPLIT,VERIFY,Phase 3 per-file triage: Ashkarr/Rakata/DeepDesert/Pyrelands files=RUT; animal/texture/generic fixes=RSW or RM
def,Jawa_Spawn_Mimbanese,TBD_SPLIT,SPLIT,VERIFY,Phase 3 per-file triage: Ashkarr/Rakata/DeepDesert/Pyrelands files=RUT; animal/texture/generic fixes=RSW or RM
def,Jawa_Spawn_Muun,TBD_SPLIT,SPLIT,VERIFY,Phase 3 per-file triage: Ashkarr/Rakata/DeepDesert/Pyrelands files=RUT; animal/texture/generic fixes=RSW or RM
def,Jawa_Spawn_Nelvaanian,TBD_SPLIT,SPLIT,VERIFY,Phase 3 per-file triage: Ashkarr/Rakata/DeepDesert/Pyrelands files=RUT; animal/texture/generic fixes=RSW or RM
def,Jawa_Spawn_Ortolan,TBD_SPLIT,SPLIT,VERIFY,Phase 3 per-file triage: Ashkarr/Rakata/DeepDesert/Pyrelands files=RUT; animal/texture/generic fixes=RSW or RM
def,Jawa_Spawn_SithK,TBD_SPLIT,SPLIT,VERIFY,Phase 3 per-file triage: Ashkarr/Rakata/DeepDesert/Pyrelands files=RUT; animal/texture/generic fixes=RSW or RM
def,Jawa_Spawn_SithM,TBD_SPLIT,SPLIT,VERIFY,Phase 3 per-file triage: Ashkarr/Rakata/DeepDesert/Pyrelands files=RUT; animal/texture/generic fixes=RSW or RM
def,Jawa_Spawn_Taung,TBD_SPLIT,SPLIT,VERIFY,Phase 3 per-file triage: Ashkarr/Rakata/DeepDesert/Pyrelands files=RUT; animal/texture/generic fixes=RSW or RM
def,Jawa_Spawn_Yoder,TBD_SPLIT,SPLIT,VERIFY,Phase 3 per-file triage: Ashkarr/Rakata/DeepDesert/Pyrelands files=RUT; animal/texture/generic fixes=RSW or RM
def,Jawa_Spawn_Zygerrian,TBD_SPLIT,SPLIT,VERIFY,Phase 3 per-file triage: Ashkarr/Rakata/DeepDesert/Pyrelands files=RUT; animal/texture/generic fixes=RSW or RM
def,Jawa_StampGroundHulk,TBD_SPLIT,SPLIT,VERIFY,Phase 3 per-file triage: Ashkarr/Rakata/DeepDesert/Pyrelands files=RUT; animal/texture/generic fixes=RSW or RM
def,Jawa_TheClaim,TBD_SPLIT,SPLIT,VERIFY,Phase 3 per-file triage: Ashkarr/Rakata/DeepDesert/Pyrelands files=RUT; animal/texture/generic fixes=RSW or RM
def,Jawa_TradeMoot_Grunt,TBD_SPLIT,SPLIT,VERIFY,Phase 3 per-file triage: Ashkarr/Rakata/DeepDesert/Pyrelands files=RUT; animal/texture/generic fixes=RSW or RM
def,Jawa_TradeMoot_Heavy,TBD_SPLIT,SPLIT,VERIFY,Phase 3 per-file triage: Ashkarr/Rakata/DeepDesert/Pyrelands files=RUT; animal/texture/generic fixes=RSW or RM
def,Jawa_TradeMoot_Leader,TBD_SPLIT,SPLIT,VERIFY,Phase 3 per-file triage: Ashkarr/Rakata/DeepDesert/Pyrelands files=RUT; animal/texture/generic fixes=RSW or RM
def,Jawa_TradeMoot_Specialist,TBD_SPLIT,SPLIT,VERIFY,Phase 3 per-file triage: Ashkarr/Rakata/DeepDesert/Pyrelands files=RUT; animal/texture/generic fixes=RSW or RM
def,Jawa_Tribal_Elder,TBD_SPLIT,SPLIT,VERIFY,Phase 3 per-file triage: Ashkarr/Rakata/DeepDesert/Pyrelands files=RUT; animal/texture/generic fixes=RSW or RM
def,Jawa_Tribal_Scavenger,TBD_SPLIT,SPLIT,VERIFY,Phase 3 per-file triage: Ashkarr/Rakata/DeepDesert/Pyrelands files=RUT; animal/texture/generic fixes=RSW or RM
def,Jawa_Tribal_Slinger,TBD_SPLIT,SPLIT,VERIFY,Phase 3 per-file triage: Ashkarr/Rakata/DeepDesert/Pyrelands files=RUT; animal/texture/generic fixes=RSW or RM
def,Jawa_UtinniStart,TBD_SPLIT,SPLIT,VERIFY,Phase 3 per-file triage: Ashkarr/Rakata/DeepDesert/Pyrelands files=RUT; animal/texture/generic fixes=RSW or RM
def,Jawa_WildsteamClan,TBD_SPLIT,SPLIT,VERIFY,Phase 3 per-file triage: Ashkarr/Rakata/DeepDesert/Pyrelands files=RUT; animal/texture/generic fixes=RSW or RM
def,Jawa_Wildsteam_Grunt,TBD_SPLIT,SPLIT,VERIFY,Phase 3 per-file triage: Ashkarr/Rakata/DeepDesert/Pyrelands files=RUT; animal/texture/generic fixes=RSW or RM
def,Jawa_Wildsteam_Heavy,TBD_SPLIT,SPLIT,VERIFY,Phase 3 per-file triage: Ashkarr/Rakata/DeepDesert/Pyrelands files=RUT; animal/texture/generic fixes=RSW or RM
def,Jawa_Wildsteam_Leader,TBD_SPLIT,SPLIT,VERIFY,Phase 3 per-file triage: Ashkarr/Rakata/DeepDesert/Pyrelands files=RUT; animal/texture/generic fixes=RSW or RM
def,Jawa_Wildsteam_Specialist,TBD_SPLIT,SPLIT,VERIFY,Phase 3 per-file triage: Ashkarr/Rakata/DeepDesert/Pyrelands files=RUT; animal/texture/generic fixes=RSW or RM
def,Jawa_Xeno_Gamorrean,TBD_SPLIT,SPLIT,VERIFY,Phase 3 per-file triage: Ashkarr/Rakata/DeepDesert/Pyrelands files=RUT; animal/texture/generic fixes=RSW or RM
def,Mote_Stun,TBD_SPLIT,SPLIT,VERIFY,Phase 3 per-file triage: Ashkarr/Rakata/DeepDesert/Pyrelands files=RUT; animal/texture/generic fixes=RSW or RM
def,OuterRim_RebelAlliance,TBD_SPLIT,SPLIT,VERIFY,Phase 3 per-file triage: Ashkarr/Rakata/DeepDesert/Pyrelands files=RUT; animal/texture/generic fixes=RSW or RM
def,Pirate,TBD_SPLIT,SPLIT,VERIFY,Phase 3 per-file triage: Ashkarr/Rakata/DeepDesert/Pyrelands files=RUT; animal/texture/generic fixes=RSW or RM
def,SW_DrySandstorm,TBD_SPLIT,SPLIT,VERIFY,Phase 3 per-file triage: Ashkarr/Rakata/DeepDesert/Pyrelands files=RUT; animal/texture/generic fixes=RSW or RM
def,SW_RedFog,TBD_SPLIT,SPLIT,VERIFY,Phase 3 per-file triage: Ashkarr/Rakata/DeepDesert/Pyrelands files=RUT; animal/texture/generic fixes=RSW or RM
def,SW_RedFoggyRain,TBD_SPLIT,SPLIT,VERIFY,Phase 3 per-file triage: Ashkarr/Rakata/DeepDesert/Pyrelands files=RUT; animal/texture/generic fixes=RSW or RM
def,SW_Sandstorm,TBD_SPLIT,SPLIT,VERIFY,Phase 3 per-file triage: Ashkarr/Rakata/DeepDesert/Pyrelands files=RUT; animal/texture/generic fixes=RSW or RM
mod,src/Jawa/RimMandrake_StarWarsRaces,src/RimStarWars/StarWarsRaces,RimStarWars,RULED,largest re-prefix; owner-explicit: races are SW
packageId,mandrake.starwarsraces,mandrake.rsw.starwarsraces,RimStarWars,RULED,
def,MandrakeJawa,RSW_MandrakeJawa,RimStarWars,RULED,
def,RimMandrakeAbednedo,RSW_RimMandrakeAbednedo,RimStarWars,RULED,
def,RimMandrakeAbednedo_Kind,RSW_RimMandrakeAbednedo_Kind,RimStarWars,RULED,
def,RimMandrakeAnzati,RSW_RimMandrakeAnzati,RimStarWars,RULED,
def,RimMandrakeAnzati_Kind,RSW_RimMandrakeAnzati_Kind,RimStarWars,RULED,
def,RimMandrakeAqualish,RSW_RimMandrakeAqualish,RimStarWars,RULED,
def,RimMandrakeAqualish_Kind,RSW_RimMandrakeAqualish_Kind,RimStarWars,RULED,
def,RimMandrakeArkanian,RSW_RimMandrakeArkanian,RimStarWars,RULED,
def,RimMandrakeArkanian_Kind,RSW_RimMandrakeArkanian_Kind,RimStarWars,RULED,
def,RimMandrakeBith,RSW_RimMandrakeBith,RimStarWars,RULED,
def,RimMandrakeBith_Kind,RSW_RimMandrakeBith_Kind,RimStarWars,RULED,
def,RimMandrakeBothan,RSW_RimMandrakeBothan,RimStarWars,RULED,
def,RimMandrakeBothan_Kind,RSW_RimMandrakeBothan_Kind,RimStarWars,RULED,
def,RimMandrakeCathar,RSW_RimMandrakeCathar,RimStarWars,RULED,
def,RimMandrakeCathar_Kind,RSW_RimMandrakeCathar_Kind,RimStarWars,RULED,
def,RimMandrakeCerean,RSW_RimMandrakeCerean,RimStarWars,RULED,
def,RimMandrakeCerean_Kind,RSW_RimMandrakeCerean_Kind,RimStarWars,RULED,
def,RimMandrakeChadraFan,RSW_RimMandrakeChadraFan,RimStarWars,RULED,
def,RimMandrakeChadraFan_Kind,RSW_RimMandrakeChadraFan_Kind,RimStarWars,RULED,
def,RimMandrakeChagrian,RSW_RimMandrakeChagrian,RimStarWars,RULED,
def,RimMandrakeChagrian_Kind,RSW_RimMandrakeChagrian_Kind,RimStarWars,RULED,
def,RimMandrakeChiss,RSW_RimMandrakeChiss,RimStarWars,RULED,
def,RimMandrakeChiss_Kind,RSW_RimMandrakeChiss_Kind,RimStarWars,RULED,
def,RimMandrakeDathomirian,RSW_RimMandrakeDathomirian,RimStarWars,RULED,
def,RimMandrakeDathomirian_Kind,RSW_RimMandrakeDathomirian_Kind,RimStarWars,RULED,
def,RimMandrakeDefel,RSW_RimMandrakeDefel,RimStarWars,RULED,
def,RimMandrakeDefel_Kind,RSW_RimMandrakeDefel_Kind,RimStarWars,RULED,
def,RimMandrakeDevaronian,RSW_RimMandrakeDevaronian,RimStarWars,RULED,
def,RimMandrakeDevaronian_Kind,RSW_RimMandrakeDevaronian_Kind,RimStarWars,RULED,
def,RimMandrakeDuros,RSW_RimMandrakeDuros,RimStarWars,RULED,
def,RimMandrakeDuros_Kind,RSW_RimMandrakeDuros_Kind,RimStarWars,RULED,
def,RimMandrakeEchani,RSW_RimMandrakeEchani,RimStarWars,RULED,
def,RimMandrakeEchani_Kind,RSW_RimMandrakeEchani_Kind,RimStarWars,RULED,
def,RimMandrakeEwok,RSW_RimMandrakeEwok,RimStarWars,RULED,
def,RimMandrakeEwok_Kind,RSW_RimMandrakeEwok_Kind,RimStarWars,RULED,
def,RimMandrakeFalleen,RSW_RimMandrakeFalleen,RimStarWars,RULED,
def,RimMandrakeFalleen_Kind,RSW_RimMandrakeFalleen_Kind,RimStarWars,RULED,
def,RimMandrakeFeeorin,RSW_RimMandrakeFeeorin,RimStarWars,RULED,
def,RimMandrakeFeeorin_Kind,RSW_RimMandrakeFeeorin_Kind,RimStarWars,RULED,
def,RimMandrakeGamorrean,RSW_RimMandrakeGamorrean,RimStarWars,RULED,
def,RimMandrakeGamorrean_Kind,RSW_RimMandrakeGamorrean_Kind,RimStarWars,RULED,
def,RimMandrakeGand,RSW_RimMandrakeGand,RimStarWars,RULED,
def,RimMandrakeGand_Kind,RSW_RimMandrakeGand_Kind,RimStarWars,RULED,
def,RimMandrakeGeonosianVariants,RSW_RimMandrakeGeonosianVariants,RimStarWars,RULED,
def,RimMandrakeGeonosianVariants_Kind,RSW_RimMandrakeGeonosianVariants_Kind,RimStarWars,RULED,
def,RimMandrakeGungan,RSW_RimMandrakeGungan,RimStarWars,RULED,
def,RimMandrakeGungan_Kind,RSW_RimMandrakeGungan_Kind,RimStarWars,RULED,
def,RimMandrakeHerglic,RSW_RimMandrakeHerglic,RimStarWars,RULED,
def,RimMandrakeHerglic_Kind,RSW_RimMandrakeHerglic_Kind,RimStarWars,RULED,
def,RimMandrakeHutt,RSW_RimMandrakeHutt,RimStarWars,RULED,
def,RimMandrakeHutt_Kind,RSW_RimMandrakeHutt_Kind,RimStarWars,RULED,
def,RimMandrakeIktotchi,RSW_RimMandrakeIktotchi,RimStarWars,RULED,
def,RimMandrakeIktotchi_Kind,RSW_RimMandrakeIktotchi_Kind,RimStarWars,RULED,
def,RimMandrakeIridonian,RSW_RimMandrakeIridonian,RimStarWars,RULED,
def,RimMandrakeIridonian_Kind,RSW_RimMandrakeIridonian_Kind,RimStarWars,RULED,
def,RimMandrakeIthorian,RSW_RimMandrakeIthorian,RimStarWars,RULED,
def,RimMandrakeIthorian_Kind,RSW_RimMandrakeIthorian_Kind,RimStarWars,RULED,
def,RimMandrakeJawa,RSW_RimMandrakeJawa,RimStarWars,RULED,
def,RimMandrakeJawa_Kind,RSW_RimMandrakeJawa_Kind,RimStarWars,RULED,
def,RimMandrakeKaleesh,RSW_RimMandrakeKaleesh,RimStarWars,RULED,
def,RimMandrakeKaleesh_Kind,RSW_RimMandrakeKaleesh_Kind,RimStarWars,RULED,
def,RimMandrakeKaminoan,RSW_RimMandrakeKaminoan,RimStarWars,RULED,
def,RimMandrakeKaminoan_Kind,RSW_RimMandrakeKaminoan_Kind,RimStarWars,RULED,
def,RimMandrakeKelDor,RSW_RimMandrakeKelDor,RimStarWars,RULED,
def,RimMandrakeKelDor_Kind,RSW_RimMandrakeKelDor_Kind,RimStarWars,RULED,
def,RimMandrakeKlatoonian,RSW_RimMandrakeKlatoonian,RimStarWars,RULED,
def,RimMandrakeKlatoonian_Kind,RSW_RimMandrakeKlatoonian_Kind,RimStarWars,RULED,
def,RimMandrakeKubaz,RSW_RimMandrakeKubaz,RimStarWars,RULED,
def,RimMandrakeKubaz_Kind,RSW_RimMandrakeKubaz_Kind,RimStarWars,RULED,
def,RimMandrakeLasat,RSW_RimMandrakeLasat,RimStarWars,RULED,
def,RimMandrakeLasat_Kind,RSW_RimMandrakeLasat_Kind,RimStarWars,RULED,
def,RimMandrakeMimbanese,RSW_RimMandrakeMimbanese,RimStarWars,RULED,
def,RimMandrakeMimbanese_Kind,RSW_RimMandrakeMimbanese_Kind,RimStarWars,RULED,
def,RimMandrakeMirialan,RSW_RimMandrakeMirialan,RimStarWars,RULED,
def,RimMandrakeMirialan_Kind,RSW_RimMandrakeMirialan_Kind,RimStarWars,RULED,
def,RimMandrakeMonCalamari,RSW_RimMandrakeMonCalamari,RimStarWars,RULED,
def,RimMandrakeMonCalamari_Kind,RSW_RimMandrakeMonCalamari_Kind,RimStarWars,RULED,
def,RimMandrakeMuun,RSW_RimMandrakeMuun,RimStarWars,RULED,
def,RimMandrakeMuun_Kind,RSW_RimMandrakeMuun_Kind,RimStarWars,RULED,
def,RimMandrakeNagai,RSW_RimMandrakeNagai,RimStarWars,RULED,
def,RimMandrakeNagai_Kind,RSW_RimMandrakeNagai_Kind,RimStarWars,RULED,
def,RimMandrakeNautolan,RSW_RimMandrakeNautolan,RimStarWars,RULED,
def,RimMandrakeNautolan_Kind,RSW_RimMandrakeNautolan_Kind,RimStarWars,RULED,
def,RimMandrakeNeimoidian,RSW_RimMandrakeNeimoidian,RimStarWars,RULED,
def,RimMandrakeNeimoidian_Kind,RSW_RimMandrakeNeimoidian_Kind,RimStarWars,RULED,
def,RimMandrakeNelvaanian,RSW_RimMandrakeNelvaanian,RimStarWars,RULED,
def,RimMandrakeNelvaanian_Kind,RSW_RimMandrakeNelvaanian_Kind,RimStarWars,RULED,
def,RimMandrakeNikto,RSW_RimMandrakeNikto,RimStarWars,RULED,
def,RimMandrakeNikto_Kind,RSW_RimMandrakeNikto_Kind,RimStarWars,RULED,
def,RimMandrakeOrtolan,RSW_RimMandrakeOrtolan,RimStarWars,RULED,
def,RimMandrakeOrtolan_Kind,RSW_RimMandrakeOrtolan_Kind,RimStarWars,RULED,
def,RimMandrakePantoran,RSW_RimMandrakePantoran,RimStarWars,RULED,
def,RimMandrakePantoran_Kind,RSW_RimMandrakePantoran_Kind,RimStarWars,RULED,
def,RimMandrakePyke,RSW_RimMandrakePyke,RimStarWars,RULED,
def,RimMandrakePyke_Kind,RSW_RimMandrakePyke_Kind,RimStarWars,RULED,
def,RimMandrakeQuarren,RSW_RimMandrakeQuarren,RimStarWars,RULED,
def,RimMandrakeQuarren_Kind,RSW_RimMandrakeQuarren_Kind,RimStarWars,RULED,
def,RimMandrakeRakata,RSW_RimMandrakeRakata,RimStarWars,RULED,
def,RimMandrakeRakata_Kind,RSW_RimMandrakeRakata_Kind,RimStarWars,RULED,
def,RimMandrakeRodian,RSW_RimMandrakeRodian,RimStarWars,RULED,
def,RimMandrakeRodian_Kind,RSW_RimMandrakeRodian_Kind,RimStarWars,RULED,
def,RimMandrakeSelkath,RSW_RimMandrakeSelkath,RimStarWars,RULED,
def,RimMandrakeSelkath_Kind,RSW_RimMandrakeSelkath_Kind,RimStarWars,RULED,
def,RimMandrakeSithKissaiPureblood,RSW_RimMandrakeSithKissaiPureblood,RimStarWars,RULED,
def,RimMandrakeSithKissaiPureblood_Kind,RSW_RimMandrakeSithKissaiPureblood_Kind,RimStarWars,RULED,
def,RimMandrakeSithMassassi,RSW_RimMandrakeSithMassassi,RimStarWars,RULED,
def,RimMandrakeSithMassassi_Kind,RSW_RimMandrakeSithMassassi_Kind,RimStarWars,RULED,
def,RimMandrakeSithZ,RSW_RimMandrakeSithZ,RimStarWars,RULED,
def,RimMandrakeSithZ_Kind,RSW_RimMandrakeSithZ_Kind,RimStarWars,RULED,
def,RimMandrakeSnivvian,RSW_RimMandrakeSnivvian,RimStarWars,RULED,
def,RimMandrakeSnivvian_Kind,RSW_RimMandrakeSnivvian_Kind,RimStarWars,RULED,
def,RimMandrakeSullustan,RSW_RimMandrakeSullustan,RimStarWars,RULED,
def,RimMandrakeSullustan_Kind,RSW_RimMandrakeSullustan_Kind,RimStarWars,RULED,
def,RimMandrakeTaung,RSW_RimMandrakeTaung,RimStarWars,RULED,
def,RimMandrakeTaung_Kind,RSW_RimMandrakeTaung_Kind,RimStarWars,RULED,
def,RimMandrakeTogorian,RSW_RimMandrakeTogorian,RimStarWars,RULED,
def,RimMandrakeTogorian_Kind,RSW_RimMandrakeTogorian_Kind,RimStarWars,RULED,
def,RimMandrakeTogruta,RSW_RimMandrakeTogruta,RimStarWars,RULED,
def,RimMandrakeTogruta_Kind,RSW_RimMandrakeTogruta_Kind,RimStarWars,RULED,
def,RimMandrakeTrandoshan,RSW_RimMandrakeTrandoshan,RimStarWars,RULED,
def,RimMandrakeTrandoshan_Kind,RSW_RimMandrakeTrandoshan_Kind,RimStarWars,RULED,
def,RimMandrakeTusken,RSW_RimMandrakeTusken,RimStarWars,RULED,
def,RimMandrakeTusken_Kind,RSW_RimMandrakeTusken_Kind,RimStarWars,RULED,
def,RimMandrakeTwilek,RSW_RimMandrakeTwilek,RimStarWars,RULED,
def,RimMandrakeTwilek_Kind,RSW_RimMandrakeTwilek_Kind,RimStarWars,RULED,
def,RimMandrakeUgnaught,RSW_RimMandrakeUgnaught,RimStarWars,RULED,
def,RimMandrakeUgnaught_Kind,RSW_RimMandrakeUgnaught_Kind,RimStarWars,RULED,
def,RimMandrakeUmbaran,RSW_RimMandrakeUmbaran,RimStarWars,RULED,
def,RimMandrakeUmbaran_Kind,RSW_RimMandrakeUmbaran_Kind,RimStarWars,RULED,
def,RimMandrakeWeequay,RSW_RimMandrakeWeequay,RimStarWars,RULED,
def,RimMandrakeWeequay_Kind,RSW_RimMandrakeWeequay_Kind,RimStarWars,RULED,
def,RimMandrakeWookiee,RSW_RimMandrakeWookiee,RimStarWars,RULED,
def,RimMandrakeWookiee_Kind,RSW_RimMandrakeWookiee_Kind,RimStarWars,RULED,
def,RimMandrakeYoderForceGremlin,RSW_RimMandrakeYoderForceGremlin,RimStarWars,RULED,
def,RimMandrakeYoderForceGremlin_Kind,RSW_RimMandrakeYoderForceGremlin_Kind,RimStarWars,RULED,
def,RimMandrakeZeltron,RSW_RimMandrakeZeltron,RimStarWars,RULED,
def,RimMandrakeZeltron_Kind,RSW_RimMandrakeZeltron_Kind,RimStarWars,RULED,
def,RimMandrakeZygerrian,RSW_RimMandrakeZygerrian,RimStarWars,RULED,
def,RimMandrakeZygerrian_Kind,RSW_RimMandrakeZygerrian_Kind,RimStarWars,RULED,
def,RimMandrake_AbednedoHead,RSW_AbednedoHead,RimStarWars,RULED,
def,RimMandrake_Abednedo_Normal,RSW_Abednedo_Normal,RimStarWars,RULED,
def,RimMandrake_AbilityGene_JumpLegs,RSW_AbilityGene_JumpLegs,RimStarWars,RULED,
def,RimMandrake_AbilityGene_inkspray,RSW_AbilityGene_inkspray,RimStarWars,RULED,
def,RimMandrake_Aqualish,RSW_Aqualish,RimStarWars,RULED,
def,RimMandrake_AqualishHead,RSW_AqualishHead,RimStarWars,RULED,
def,RimMandrake_Aqualish_Duo,RSW_Aqualish_Duo,RimStarWars,RULED,
def,RimMandrake_Aqualish_Quad,RSW_Aqualish_Quad,RimStarWars,RULED,
def,RimMandrake_Arkanian,RSW_Arkanian,RimStarWars,RULED,
def,RimMandrake_ArkanianTribal,RSW_ArkanianTribal,RimStarWars,RULED,
def,RimMandrake_Beard_Chops,RSW_Beard_Chops,RimStarWars,RULED,
def,RimMandrake_Beard_chinspines,RSW_Beard_chinspines,RimStarWars,RULED,
def,RimMandrake_Beard_chintendril,RSW_Beard_chintendril,RimStarWars,RULED,
def,RimMandrake_Beard_fishmouth,RSW_Beard_fishmouth,RimStarWars,RULED,
def,RimMandrake_Beard_fourtusks,RSW_Beard_fourtusks,RimStarWars,RULED,
def,RimMandrake_Beard_hugetusks,RSW_Beard_hugetusks,RimStarWars,RULED,
def,RimMandrake_Beard_squidmouth,RSW_Beard_squidmouth,RimStarWars,RULED,
def,RimMandrake_BithHead,RSW_BithHead,RimStarWars,RULED,
def,RimMandrake_Bith_Normal,RSW_Bith_Normal,RimStarWars,RULED,
def,RimMandrake_BodyAttachment_falleen,RSW_BodyAttachment_falleen,RimStarWars,RULED,
def,RimMandrake_BodySizeGene_big,RSW_BodySizeGene_big,RimStarWars,RULED,
def,RimMandrake_BodySizeGene_bigger,RSW_BodySizeGene_bigger,RimStarWars,RULED,
def,RimMandrake_BodySizeGene_biggest,RSW_BodySizeGene_biggest,RimStarWars,RULED,
def,RimMandrake_BodySizeGene_small,RSW_BodySizeGene_small,RimStarWars,RULED,
def,RimMandrake_BodySizeGene_smaller,RSW_BodySizeGene_smaller,RimStarWars,RULED,
def,RimMandrake_BodySizeGene_smallest,RSW_BodySizeGene_smallest,RimStarWars,RULED,
def,RimMandrake_BodySize_Category,RSW_BodySize_Category,RimStarWars,RULED,
def,RimMandrake_Body_gaunt,RSW_Body_gaunt,RimStarWars,RULED,
def,RimMandrake_BothanHead,RSW_BothanHead,RimStarWars,RULED,
def,RimMandrake_Bothan_FemaleNormal,RSW_Bothan_FemaleNormal,RimStarWars,RULED,
def,RimMandrake_Bothan_MaleNormal,RSW_Bothan_MaleNormal,RimStarWars,RULED,
def,RimMandrake_Brow_Ridged,RSW_Brow_Ridged,RimStarWars,RULED,
def,RimMandrake_Brow_facespines,RSW_Brow_facespines,RimStarWars,RULED,
def,RimMandrake_Brow_pointy,RSW_Brow_pointy,RimStarWars,RULED,
def,RimMandrake_CatharHead,RSW_CatharHead,RimStarWars,RULED,
def,RimMandrake_Cathar_FemaleNormal,RSW_Cathar_FemaleNormal,RimStarWars,RULED,
def,RimMandrake_Cathar_MaleNormal,RSW_Cathar_MaleNormal,RimStarWars,RULED,
def,RimMandrake_Cerean,RSW_Cerean,RimStarWars,RULED,
def,RimMandrake_CereanHead,RSW_CereanHead,RimStarWars,RULED,
def,RimMandrake_Cerean_FemaleNormal,RSW_Cerean_FemaleNormal,RimStarWars,RULED,
def,RimMandrake_Cerean_MaleNormal,RSW_Cerean_MaleNormal,RimStarWars,RULED,
def,RimMandrake_ChagrianHorns,RSW_ChagrianHorns,RimStarWars,RULED,
def,RimMandrake_ChissNameGenerator,RSW_ChissNameGenerator,RimStarWars,RULED,
def,RimMandrake_DathomirianHead,RSW_DathomirianHead,RimStarWars,RULED,
def,RimMandrake_Dathomirian_Female0,RSW_Dathomirian_Female0,RimStarWars,RULED,
def,RimMandrake_Dathomirian_Female1,RSW_Dathomirian_Female1,RimStarWars,RULED,
def,RimMandrake_Dathomirian_Female2,RSW_Dathomirian_Female2,RimStarWars,RULED,
def,RimMandrake_Dathomirian_Female3,RSW_Dathomirian_Female3,RimStarWars,RULED,
def,RimMandrake_Dathomirian_Male0,RSW_Dathomirian_Male0,RimStarWars,RULED,
def,RimMandrake_Dathomirian_Male1,RSW_Dathomirian_Male1,RimStarWars,RULED,
def,RimMandrake_Dathomirian_Male2,RSW_Dathomirian_Male2,RimStarWars,RULED,
def,RimMandrake_Dathomirian_Male3,RSW_Dathomirian_Male3,RimStarWars,RULED,
def,RimMandrake_DevaronianHorns,RSW_DevaronianHorns,RimStarWars,RULED,
def,RimMandrake_DurosHead,RSW_DurosHead,RimStarWars,RULED,
def,RimMandrake_Duros_FemaleNormal,RSW_Duros_FemaleNormal,RimStarWars,RULED,
def,RimMandrake_Duros_MaleNormal,RSW_Duros_MaleNormal,RimStarWars,RULED,
def,RimMandrake_Ears_BigCat,RSW_Ears_BigCat,RimStarWars,RULED,
def,RimMandrake_Ears_big,RSW_Ears_big,RimStarWars,RULED,
def,RimMandrake_Ears_fin,RSW_Ears_fin,RimStarWars,RULED,
def,RimMandrake_Ears_round,RSW_Ears_round,RimStarWars,RULED,
def,RimMandrake_Ears_smallwebbed,RSW_Ears_smallwebbed,RimStarWars,RULED,
def,RimMandrake_Ears_webbed,RSW_Ears_webbed,RimStarWars,RULED,
def,RimMandrake_Ears_weirdflap,RSW_Ears_weirdflap,RimStarWars,RULED,
def,RimMandrake_Effecter_InkSprayDirectional,RSW_Effecter_InkSprayDirectional,RimStarWars,RULED,
def,RimMandrake_Eyes_Big,RSW_Eyes_Big,RimStarWars,RULED,
def,RimMandrake_Eyes_BigGreen,RSW_Eyes_BigGreen,RimStarWars,RULED,
def,RimMandrake_Eyes_BigOrange,RSW_Eyes_BigOrange,RimStarWars,RULED,
def,RimMandrake_Eyes_BigRed,RSW_Eyes_BigRed,RimStarWars,RULED,
def,RimMandrake_Eyes_BigYellow,RSW_Eyes_BigYellow,RimStarWars,RULED,
def,RimMandrake_Eyes_Blue,RSW_Eyes_Blue,RimStarWars,RULED,
def,RimMandrake_Eyes_FourBig,RSW_Eyes_FourBig,RimStarWars,RULED,
def,RimMandrake_Eyes_Green,RSW_Eyes_Green,RimStarWars,RULED,
def,RimMandrake_Eyes_HugeRed,RSW_Eyes_HugeRed,RimStarWars,RULED,
def,RimMandrake_Eyes_HugeYellow,RSW_Eyes_HugeYellow,RimStarWars,RULED,
def,RimMandrake_Eyes_InvertedYellow,RSW_Eyes_InvertedYellow,RimStarWars,RULED,
def,RimMandrake_Face_jowls,RSW_Face_jowls,RimStarWars,RULED,
def,RimMandrake_Face_jowlsBigHead,RSW_Face_jowlsBigHead,RimStarWars,RULED,
def,RimMandrake_Face_pointyteeth,RSW_Face_pointyteeth,RimStarWars,RULED,
def,RimMandrake_Face_tusks,RSW_Face_tusks,RimStarWars,RULED,
def,RimMandrake_FacialRidges_broad,RSW_FacialRidges_broad,RimStarWars,RULED,
def,RimMandrake_FacialRidges_bumpy,RSW_FacialRidges_bumpy,RimStarWars,RULED,
def,RimMandrake_FacialRidges_iridonian,RSW_FacialRidges_iridonian,RimStarWars,RULED,
def,RimMandrake_FemalePaleSkin,RSW_FemalePaleSkin,RimStarWars,RULED,
def,RimMandrake_Female_DevolvedNormal,RSW_Female_DevolvedNormal,RimStarWars,RULED,
def,RimMandrake_Female_Egghead,RSW_Female_Egghead,RimStarWars,RULED,
def,RimMandrake_Female_Fathead,RSW_Female_Fathead,RimStarWars,RULED,
def,RimMandrake_Female_FiveheadNormal,RSW_Female_FiveheadNormal,RimStarWars,RULED,
def,RimMandrake_Female_FiveheadPointy,RSW_Female_FiveheadPointy,RimStarWars,RULED,
def,RimMandrake_Female_FiveheadWide,RSW_Female_FiveheadWide,RimStarWars,RULED,
def,RimMandrake_Female_GeonosianHead,RSW_Female_GeonosianHead,RimStarWars,RULED,
def,RimMandrake_Female_GunganHead,RSW_Female_GunganHead,RimStarWars,RULED,
def,RimMandrake_Female_HeavyBoneNormal,RSW_Female_HeavyBoneNormal,RimStarWars,RULED,
def,RimMandrake_Female_IthorianHead,RSW_Female_IthorianHead,RimStarWars,RULED,
def,RimMandrake_Female_Kubaz,RSW_Female_Kubaz,RimStarWars,RULED,
def,RimMandrake_Female_Rodian,RSW_Female_Rodian,RimStarWars,RULED,
def,RimMandrake_Female_SelkathHead,RSW_Female_SelkathHead,RimStarWars,RULED,
def,RimMandrake_Female_TaungHead,RSW_Female_TaungHead,RimStarWars,RULED,
def,RimMandrake_Female_Trandoshan,RSW_Female_Trandoshan,RimStarWars,RULED,
def,RimMandrake_Fleck_InkSpray,RSW_Fleck_InkSpray,RimStarWars,RULED,
def,RimMandrake_FurDef_gaunt,RSW_FurDef_gaunt,RimStarWars,RULED,
def,RimMandrake_Furskin_shortfur,RSW_Furskin_shortfur,RimStarWars,RULED,
def,RimMandrake_GS_Eyes_Yellow,RSW_GS_Eyes_Yellow,RimStarWars,RULED,
def,RimMandrake_GS_Primitive,RSW_GS_Primitive,RimStarWars,RULED,
def,RimMandrake_GandHead,RSW_GandHead,RimStarWars,RULED,
def,RimMandrake_GandMask,RSW_GandMask,RimStarWars,RULED,
def,RimMandrake_GandMaskCustomization_default,RSW_GandMaskCustomization_default,RimStarWars,RULED,
def,RimMandrake_GandMaskCustomization_yuun,RSW_GandMaskCustomization_yuun,RimStarWars,RULED,
def,RimMandrake_GandMaskCustomization_zuckuss,RSW_GandMaskCustomization_zuckuss,RimStarWars,RULED,
def,RimMandrake_GeneAbility_ink,RSW_GeneAbility_ink,RimStarWars,RULED,
def,RimMandrake_GeneAbility_jump,RSW_GeneAbility_jump,RimStarWars,RULED,
def,RimMandrake_GeneHediff_claws,RSW_GeneHediff_claws,RimStarWars,RULED,
def,RimMandrake_GeneHediff_gandmask,RSW_GeneHediff_gandmask,RimStarWars,RULED,
def,RimMandrake_GeneHediff_kaleeshmask,RSW_GeneHediff_kaleeshmask,RimStarWars,RULED,
def,RimMandrake_GeneHediff_keldormask,RSW_GeneHediff_keldormask,RimStarWars,RULED,
def,RimMandrake_Geonosian,RSW_Geonosian,RimStarWars,RULED,
def,RimMandrake_GeonosianHead,RSW_GeonosianHead,RimStarWars,RULED,
def,RimMandrake_GeonosianTribal,RSW_GeonosianTribal,RimStarWars,RULED,
def,RimMandrake_Geonosian_Normal,RSW_Geonosian_Normal,RimStarWars,RULED,
def,RimMandrake_GunganEars,RSW_GunganEars,RimStarWars,RULED,
def,RimMandrake_GunganHead,RSW_GunganHead,RimStarWars,RULED,
def,RimMandrake_Gungan_FemaleNormal,RSW_Gungan_FemaleNormal,RimStarWars,RULED,
def,RimMandrake_Gungan_MaleNormal,RSW_Gungan_MaleNormal,RimStarWars,RULED,
def,RimMandrake_Hair_DarkBlue,RSW_Hair_DarkBlue,RimStarWars,RULED,
def,RimMandrake_Hair_DarkRed,RSW_Hair_DarkRed,RimStarWars,RULED,
def,RimMandrake_Hair_Lavender,RSW_Hair_Lavender,RimStarWars,RULED,
def,RimMandrake_Hair_SlateBlue,RSW_Hair_SlateBlue,RimStarWars,RULED,
def,RimMandrake_Hair_SlateRed,RSW_Hair_SlateRed,RimStarWars,RULED,
def,RimMandrake_Hair_rodian,RSW_Hair_rodian,RimStarWars,RULED,
def,RimMandrake_HeadAttachment_gandmask,RSW_HeadAttachment_gandmask,RimStarWars,RULED,
def,RimMandrake_HeadAttachment_kaleeshmask,RSW_HeadAttachment_kaleeshmask,RimStarWars,RULED,
def,RimMandrake_HeadAttachment_keldormask,RSW_HeadAttachment_keldormask,RimStarWars,RULED,
def,RimMandrake_Head_Bone,RSW_Head_Bone,RimStarWars,RULED,
def,RimMandrake_Head_Devolved,RSW_Head_Devolved,RimStarWars,RULED,
def,RimMandrake_Head_duros,RSW_Head_duros,RimStarWars,RULED,
def,RimMandrake_Head_gand,RSW_Head_gand,RimStarWars,RULED,
def,RimMandrake_Head_geonosian,RSW_Head_geonosian,RimStarWars,RULED,
def,RimMandrake_Head_gungan,RSW_Head_gungan,RimStarWars,RULED,
def,RimMandrake_Head_hutt,RSW_Head_hutt,RimStarWars,RULED,
def,RimMandrake_Head_ithorian,RSW_Head_ithorian,RimStarWars,RULED,
def,RimMandrake_Head_kubaz,RSW_Head_kubaz,RimStarWars,RULED,
def,RimMandrake_Head_quarren,RSW_Head_quarren,RimStarWars,RULED,
def,RimMandrake_Head_rodian,RSW_Head_rodian,RimStarWars,RULED,
def,RimMandrake_Head_selkath,RSW_Head_selkath,RimStarWars,RULED,
def,RimMandrake_Head_taung,RSW_Head_taung,RimStarWars,RULED,
def,RimMandrake_Head_trandoshan,RSW_Head_trandoshan,RimStarWars,RULED,
def,RimMandrake_Head_wookiee,RSW_Head_wookiee,RimStarWars,RULED,
def,RimMandrake_Headbone_BigHorns,RSW_Headbone_BigHorns,RimStarWars,RULED,
def,RimMandrake_Headbone_nautolan,RSW_Headbone_nautolan,RimStarWars,RULED,
def,RimMandrake_Headbone_rodian,RSW_Headbone_rodian,RimStarWars,RULED,
def,RimMandrake_Headbone_taung,RSW_Headbone_taung,RimStarWars,RULED,
def,RimMandrake_Headbone_togruta,RSW_Headbone_togruta,RimStarWars,RULED,
def,RimMandrake_Headbone_trandoshan,RSW_Headbone_trandoshan,RimStarWars,RULED,
def,RimMandrake_Headbone_twilek,RSW_Headbone_twilek,RimStarWars,RULED,
def,RimMandrake_Headbone_zabrak,RSW_Headbone_zabrak,RimStarWars,RULED,
def,RimMandrake_Hediff_PsyHarmonize,RSW_Hediff_PsyHarmonize,RimStarWars,RULED,
def,RimMandrake_Herglic,RSW_Herglic,RimStarWars,RULED,
def,RimMandrake_HerglicHead,RSW_HerglicHead,RimStarWars,RULED,
def,RimMandrake_IktotchiHead,RSW_IktotchiHead,RimStarWars,RULED,
def,RimMandrake_Iktotchi_FemaleNormal,RSW_Iktotchi_FemaleNormal,RimStarWars,RULED,
def,RimMandrake_Iktotchi_MaleNormal,RSW_Iktotchi_MaleNormal,RimStarWars,RULED,
def,RimMandrake_InstallHediff_gandmask,RSW_InstallHediff_gandmask,RimStarWars,RULED,
def,RimMandrake_InstallHediff_kaleeshmask,RSW_InstallHediff_kaleeshmask,RimStarWars,RULED,
def,RimMandrake_InstallHediff_keldormask,RSW_InstallHediff_keldormask,RimStarWars,RULED,
def,RimMandrake_IthorianHead,RSW_IthorianHead,RimStarWars,RULED,
def,RimMandrake_Ithorian_Normal,RSW_Ithorian_Normal,RimStarWars,RULED,
def,RimMandrake_Jawa,RSW_Jawa,RimStarWars,RULED,
def,RimMandrake_JawaTribal,RSW_JawaTribal,RimStarWars,RULED,
def,RimMandrake_Jawa_Eyes_HugeAmber,RSW_Jawa_Eyes_HugeAmber,RimStarWars,RULED,
def,RimMandrake_Jawa_Eyes_HugeOrange,RSW_Jawa_Eyes_HugeOrange,RimStarWars,RULED,
def,RimMandrake_Jawa_Head_Plain,RSW_Jawa_Head_Plain,RimStarWars,RULED,
def,RimMandrake_Jawa_MiningDisabled,RSW_Jawa_MiningDisabled,RimStarWars,RULED,
def,RimMandrake_Jawa_Skittish,RSW_Jawa_Skittish,RimStarWars,RULED,
def,RimMandrake_KaleeshMask,RSW_KaleeshMask,RimStarWars,RULED,
def,RimMandrake_Kaminoan,RSW_Kaminoan,RimStarWars,RULED,
def,RimMandrake_KaminoanHead,RSW_KaminoanHead,RimStarWars,RULED,
def,RimMandrake_Kaminoan_FemaleNormal,RSW_Kaminoan_FemaleNormal,RimStarWars,RULED,
def,RimMandrake_Kaminoan_MaleNormal,RSW_Kaminoan_MaleNormal,RimStarWars,RULED,
def,RimMandrake_KelDorMask,RSW_KelDorMask,RimStarWars,RULED,
def,RimMandrake_KoTOR_NamerAqualish,RSW_KoTOR_NamerAqualish,RimStarWars,RULED,
def,RimMandrake_KoTOR_NamerArkanian,RSW_KoTOR_NamerArkanian,RimStarWars,RULED,
def,RimMandrake_KoTOR_NamerBith,RSW_KoTOR_NamerBith,RimStarWars,RULED,
def,RimMandrake_KoTOR_NamerBothan,RSW_KoTOR_NamerBothan,RimStarWars,RULED,
def,RimMandrake_KoTOR_NamerCathar,RSW_KoTOR_NamerCathar,RimStarWars,RULED,
def,RimMandrake_KoTOR_NamerChadraFan,RSW_KoTOR_NamerChadraFan,RimStarWars,RULED,
def,RimMandrake_KoTOR_NamerChiss,RSW_KoTOR_NamerChiss,RimStarWars,RULED,
def,RimMandrake_KoTOR_NamerDevaronian,RSW_KoTOR_NamerDevaronian,RimStarWars,RULED,
def,RimMandrake_KoTOR_NamerDuros,RSW_KoTOR_NamerDuros,RimStarWars,RULED,
def,RimMandrake_KoTOR_NamerEchani,RSW_KoTOR_NamerEchani,RimStarWars,RULED,
def,RimMandrake_KoTOR_NamerEwok,RSW_KoTOR_NamerEwok,RimStarWars,RULED,
def,RimMandrake_KoTOR_NamerFalleen,RSW_KoTOR_NamerFalleen,RimStarWars,RULED,
def,RimMandrake_KoTOR_NamerFeeorin,RSW_KoTOR_NamerFeeorin,RimStarWars,RULED,
def,RimMandrake_KoTOR_NamerGamorrean,RSW_KoTOR_NamerGamorrean,RimStarWars,RULED,
def,RimMandrake_KoTOR_NamerGand,RSW_KoTOR_NamerGand,RimStarWars,RULED,
def,RimMandrake_KoTOR_NamerHutt,RSW_KoTOR_NamerHutt,RimStarWars,RULED,
def,RimMandrake_KoTOR_NamerHutt_highcaste,RSW_KoTOR_NamerHutt_highcaste,RimStarWars,RULED,
def,RimMandrake_KoTOR_NamerHutt_lowcaste,RSW_KoTOR_NamerHutt_lowcaste,RimStarWars,RULED,
def,RimMandrake_KoTOR_NamerIridonian,RSW_KoTOR_NamerIridonian,RimStarWars,RULED,
def,RimMandrake_KoTOR_NamerJawa,RSW_KoTOR_NamerJawa,RimStarWars,RULED,
def,RimMandrake_KoTOR_NamerKlatoonian,RSW_KoTOR_NamerKlatoonian,RimStarWars,RULED,
def,RimMandrake_KoTOR_NamerKubaz,RSW_KoTOR_NamerKubaz,RimStarWars,RULED,
def,RimMandrake_KoTOR_NamerLasat,RSW_KoTOR_NamerLasat,RimStarWars,RULED,
def,RimMandrake_KoTOR_NamerMimbanese,RSW_KoTOR_NamerMimbanese,RimStarWars,RULED,
def,RimMandrake_KoTOR_NamerMiraluka,RSW_KoTOR_NamerMiraluka,RimStarWars,RULED,
def,RimMandrake_KoTOR_NamerMirialan,RSW_KoTOR_NamerMirialan,RimStarWars,RULED,
def,RimMandrake_KoTOR_NamerNagai,RSW_KoTOR_NamerNagai,RimStarWars,RULED,
def,RimMandrake_KoTOR_NamerNautolan,RSW_KoTOR_NamerNautolan,RimStarWars,RULED,
def,RimMandrake_KoTOR_NamerNeimoidian,RSW_KoTOR_NamerNeimoidian,RimStarWars,RULED,
def,RimMandrake_KoTOR_NamerNelvaanian,RSW_KoTOR_NamerNelvaanian,RimStarWars,RULED,
def,RimMandrake_KoTOR_NamerNikto,RSW_KoTOR_NamerNikto,RimStarWars,RULED,
def,RimMandrake_KoTOR_NamerPantoran,RSW_KoTOR_NamerPantoran,RimStarWars,RULED,
def,RimMandrake_KoTOR_NamerQuarren,RSW_KoTOR_NamerQuarren,RimStarWars,RULED,
def,RimMandrake_KoTOR_NamerRodian,RSW_KoTOR_NamerRodian,RimStarWars,RULED,
def,RimMandrake_KoTOR_NamerSnivvian,RSW_KoTOR_NamerSnivvian,RimStarWars,RULED,
def,RimMandrake_KoTOR_NamerSullustan,RSW_KoTOR_NamerSullustan,RimStarWars,RULED,
def,RimMandrake_KoTOR_NamerTogruta,RSW_KoTOR_NamerTogruta,RimStarWars,RULED,
def,RimMandrake_KoTOR_NamerTrandoshan,RSW_KoTOR_NamerTrandoshan,RimStarWars,RULED,
def,RimMandrake_KoTOR_NamerTwilek,RSW_KoTOR_NamerTwilek,RimStarWars,RULED,
def,RimMandrake_KoTOR_NamerUmbaran,RSW_KoTOR_NamerUmbaran,RimStarWars,RULED,
def,RimMandrake_KoTOR_NamerWeequay,RSW_KoTOR_NamerWeequay,RimStarWars,RULED,
def,RimMandrake_KoTOR_NamerWookiee,RSW_KoTOR_NamerWookiee,RimStarWars,RULED,
def,RimMandrake_KoTOR_NamerYoder,RSW_KoTOR_NamerYoder,RimStarWars,RULED,
def,RimMandrake_KoTOR_NamerZeltron,RSW_KoTOR_NamerZeltron,RimStarWars,RULED,
def,RimMandrake_KoTOR_NamerZygerrian,RSW_KoTOR_NamerZygerrian,RimStarWars,RULED,
def,RimMandrake_Lifespan_Category,RSW_Lifespan_Category,RimStarWars,RULED,
def,RimMandrake_MaleOrangeSkin,RSW_MaleOrangeSkin,RimStarWars,RULED,
def,RimMandrake_MaleRedSkin,RSW_MaleRedSkin,RimStarWars,RULED,
def,RimMandrake_MaleYellowSkin,RSW_MaleYellowSkin,RimStarWars,RULED,
def,RimMandrake_Male_DevolvedNormal,RSW_Male_DevolvedNormal,RimStarWars,RULED,
def,RimMandrake_Male_Egghead,RSW_Male_Egghead,RimStarWars,RULED,
def,RimMandrake_Male_Fathead,RSW_Male_Fathead,RimStarWars,RULED,
def,RimMandrake_Male_FiveheadNormal,RSW_Male_FiveheadNormal,RimStarWars,RULED,
def,RimMandrake_Male_FiveheadPointy,RSW_Male_FiveheadPointy,RimStarWars,RULED,
def,RimMandrake_Male_FiveheadWide,RSW_Male_FiveheadWide,RimStarWars,RULED,
def,RimMandrake_Male_GeonosianHead,RSW_Male_GeonosianHead,RimStarWars,RULED,
def,RimMandrake_Male_GunganHead,RSW_Male_GunganHead,RimStarWars,RULED,
def,RimMandrake_Male_HeavyBoneNormal,RSW_Male_HeavyBoneNormal,RimStarWars,RULED,
def,RimMandrake_Male_IthorianHead,RSW_Male_IthorianHead,RimStarWars,RULED,
def,RimMandrake_Male_Kubaz,RSW_Male_Kubaz,RimStarWars,RULED,
def,RimMandrake_Male_Rodian,RSW_Male_Rodian,RimStarWars,RULED,
def,RimMandrake_Male_SelkathHead,RSW_Male_SelkathHead,RimStarWars,RULED,
def,RimMandrake_Male_TaungHead,RSW_Male_TaungHead,RimStarWars,RULED,
def,RimMandrake_Male_Trandoshan,RSW_Male_Trandoshan,RimStarWars,RULED,
def,RimMandrake_MirialanHead,RSW_MirialanHead,RimStarWars,RULED,
def,RimMandrake_Mirialan_Female0,RSW_Mirialan_Female0,RimStarWars,RULED,
def,RimMandrake_Mirialan_Female1,RSW_Mirialan_Female1,RimStarWars,RULED,
def,RimMandrake_Mirialan_Female2,RSW_Mirialan_Female2,RimStarWars,RULED,
def,RimMandrake_Mirialan_Male0,RSW_Mirialan_Male0,RimStarWars,RULED,
def,RimMandrake_Mirialan_Male1,RSW_Mirialan_Male1,RimStarWars,RULED,
def,RimMandrake_Mirialan_Male2,RSW_Mirialan_Male2,RimStarWars,RULED,
def,RimMandrake_MonCalamari,RSW_MonCalamari,RimStarWars,RULED,
def,RimMandrake_MonCalamariHead,RSW_MonCalamariHead,RimStarWars,RULED,
def,RimMandrake_MonCalamari_Normal,RSW_MonCalamari_Normal,RimStarWars,RULED,
def,RimMandrake_Mouth_sus,RSW_Mouth_sus,RimStarWars,RULED,
def,RimMandrake_NamerPersonPureblood,RSW_NamerPersonPureblood,RimStarWars,RULED,
def,RimMandrake_NamerPersonSandP,RSW_NamerPersonSandP,RimStarWars,RULED,
def,RimMandrake_Nikto,RSW_Nikto,RimStarWars,RULED,
def,RimMandrake_NiktoHead,RSW_NiktoHead,RimStarWars,RULED,
def,RimMandrake_NiktoTribal,RSW_NiktoTribal,RimStarWars,RULED,
def,RimMandrake_Nose_Cat,RSW_Nose_Cat,RimStarWars,RULED,
def,RimMandrake_Nose_Dog,RSW_Nose_Dog,RimStarWars,RULED,
def,RimMandrake_Nose_SmallPig,RSW_Nose_SmallPig,RimStarWars,RULED,
def,RimMandrake_Nose_Snout,RSW_Nose_Snout,RimStarWars,RULED,
def,RimMandrake_PantoranHead,RSW_PantoranHead,RimStarWars,RULED,
def,RimMandrake_Pantoran_Female0,RSW_Pantoran_Female0,RimStarWars,RULED,
def,RimMandrake_Pantoran_Female1,RSW_Pantoran_Female1,RimStarWars,RULED,
def,RimMandrake_Pantoran_Female2,RSW_Pantoran_Female2,RimStarWars,RULED,
def,RimMandrake_Pantoran_Female3,RSW_Pantoran_Female3,RimStarWars,RULED,
def,RimMandrake_Pantoran_Female4,RSW_Pantoran_Female4,RimStarWars,RULED,
def,RimMandrake_Pantoran_Female5,RSW_Pantoran_Female5,RimStarWars,RULED,
def,RimMandrake_Pantoran_Female6,RSW_Pantoran_Female6,RimStarWars,RULED,
def,RimMandrake_Pantoran_Female7,RSW_Pantoran_Female7,RimStarWars,RULED,
def,RimMandrake_Pantoran_Female8,RSW_Pantoran_Female8,RimStarWars,RULED,
def,RimMandrake_Pantoran_Male0,RSW_Pantoran_Male0,RimStarWars,RULED,
def,RimMandrake_Pantoran_Male1,RSW_Pantoran_Male1,RimStarWars,RULED,
def,RimMandrake_Pantoran_Male2,RSW_Pantoran_Male2,RimStarWars,RULED,
def,RimMandrake_Pantoran_Male3,RSW_Pantoran_Male3,RimStarWars,RULED,
def,RimMandrake_Pantoran_Male4,RSW_Pantoran_Male4,RimStarWars,RULED,
def,RimMandrake_Pantoran_Male5,RSW_Pantoran_Male5,RimStarWars,RULED,
def,RimMandrake_Pantoran_Male6,RSW_Pantoran_Male6,RimStarWars,RULED,
def,RimMandrake_Pantoran_Male7,RSW_Pantoran_Male7,RimStarWars,RULED,
def,RimMandrake_Pantoran_Male8,RSW_Pantoran_Male8,RimStarWars,RULED,
def,RimMandrake_Pawn_SandP_Call,RSW_Pawn_SandP_Call,RimStarWars,RULED,
def,RimMandrake_Pawn_SandP_Death,RSW_Pawn_SandP_Death,RimStarWars,RULED,
def,RimMandrake_Pawn_SandP_Wounded,RSW_Pawn_SandP_Wounded,RimStarWars,RULED,
def,RimMandrake_PykeHead,RSW_PykeHead,RimStarWars,RULED,
def,RimMandrake_Pyke_Normal,RSW_Pyke_Normal,RimStarWars,RULED,
def,RimMandrake_Quarren,RSW_Quarren,RimStarWars,RULED,
def,RimMandrake_QuarrenHead,RSW_QuarrenHead,RimStarWars,RULED,
def,RimMandrake_QuarrenTribal,RSW_QuarrenTribal,RimStarWars,RULED,
def,RimMandrake_Quarren_Normal,RSW_Quarren_Normal,RimStarWars,RULED,
def,RimMandrake_Rakatan,RSW_Rakatan,RimStarWars,RULED,
def,RimMandrake_RakatanHead,RSW_RakatanHead,RimStarWars,RULED,
def,RimMandrake_RangedDamage_ink,RSW_RangedDamage_ink,RimStarWars,RULED,
def,RimMandrake_RemoveHediff_gandmask,RSW_RemoveHediff_gandmask,RimStarWars,RULED,
def,RimMandrake_RemoveHediff_kaleeshmask,RSW_RemoveHediff_kaleeshmask,RimStarWars,RULED,
def,RimMandrake_RemoveHediff_keldormask,RSW_RemoveHediff_keldormask,RimStarWars,RULED,
def,RimMandrake_SWparts_Category,RSW_SWparts_Category,RimStarWars,RULED,
def,RimMandrake_SandVoiceGene,RSW_SandVoiceGene,RimStarWars,RULED,
def,RimMandrake_SelkathHead,RSW_SelkathHead,RimStarWars,RULED,
def,RimMandrake_Selkath_Normal,RSW_Selkath_Normal,RimStarWars,RULED,
def,RimMandrake_Skin_BrightGreen,RSW_Skin_BrightGreen,RimStarWars,RULED,
def,RimMandrake_Skin_DarkGreen,RSW_Skin_DarkGreen,RimStarWars,RULED,
def,RimMandrake_Skin_Lavender,RSW_Skin_Lavender,RimStarWars,RULED,
def,RimMandrake_Skin_MidGray,RSW_Skin_MidGray,RimStarWars,RULED,
def,RimMandrake_Skin_PaleOrange,RSW_Skin_PaleOrange,RimStarWars,RULED,
def,RimMandrake_Skin_SelkathBlue,RSW_Skin_SelkathBlue,RimStarWars,RULED,
def,RimMandrake_Skin_SlateBlue,RSW_Skin_SlateBlue,RimStarWars,RULED,
def,RimMandrake_Skin_SlateRed,RSW_Skin_SlateRed,RimStarWars,RULED,
def,RimMandrake_Skin_Turquoise,RSW_Skin_Turquoise,RimStarWars,RULED,
def,RimMandrake_Sullustan,RSW_Sullustan,RimStarWars,RULED,
def,RimMandrake_SullustanHead,RSW_SullustanHead,RimStarWars,RULED,
def,RimMandrake_Tail_hutt,RSW_Tail_hutt,RimStarWars,RULED,
def,RimMandrake_ThoughtDef_PsyHarmonize,RSW_ThoughtDef_PsyHarmonize,RimStarWars,RULED,
def,RimMandrake_TogrutaHead,RSW_TogrutaHead,RimStarWars,RULED,
def,RimMandrake_TogrutaMontrals,RSW_TogrutaMontrals,RimStarWars,RULED,
def,RimMandrake_Togruta_Female0,RSW_Togruta_Female0,RimStarWars,RULED,
def,RimMandrake_Togruta_Female1,RSW_Togruta_Female1,RimStarWars,RULED,
def,RimMandrake_Togruta_Female2,RSW_Togruta_Female2,RimStarWars,RULED,
def,RimMandrake_Togruta_Female3,RSW_Togruta_Female3,RimStarWars,RULED,
def,RimMandrake_Togruta_Male0,RSW_Togruta_Male0,RimStarWars,RULED,
def,RimMandrake_Togruta_Male1,RSW_Togruta_Male1,RimStarWars,RULED,
def,RimMandrake_Togruta_Male2,RSW_Togruta_Male2,RimStarWars,RULED,
def,RimMandrake_Togruta_Male3,RSW_Togruta_Male3,RimStarWars,RULED,
def,RimMandrake_Trandoshan,RSW_Trandoshan,RimStarWars,RULED,
def,RimMandrake_TrandoshanHead,RSW_TrandoshanHead,RimStarWars,RULED,
def,RimMandrake_TwilekHead,RSW_TwilekHead,RimStarWars,RULED,
def,RimMandrake_Twilek_FemaleNormal,RSW_Twilek_FemaleNormal,RimStarWars,RULED,
def,RimMandrake_Twilek_FemaleStriped,RSW_Twilek_FemaleStriped,RimStarWars,RULED,
def,RimMandrake_Twilek_MaleNormal,RSW_Twilek_MaleNormal,RimStarWars,RULED,
def,RimMandrake_Twilek_MaleStriped,RSW_Twilek_MaleStriped,RimStarWars,RULED,
def,RimMandrake_Wookiee,RSW_Wookiee,RimStarWars,RULED,
def,RimMandrake_WookieeHead,RSW_WookieeHead,RimStarWars,RULED,
def,RimMandrake_WookieeTribal,RSW_WookieeTribal,RimStarWars,RULED,
def,RimMandrake_Wookiee_Average1,RSW_Wookiee_Average1,RimStarWars,RULED,
def,RimMandrake_Wookiee_Average2,RSW_Wookiee_Average2,RimStarWars,RULED,
def,RimMandrake_Wookiee_Average3,RSW_Wookiee_Average3,RimStarWars,RULED,
def,RimMandrake_ZabrakHornsMale,RSW_ZabrakHornsMale,RimStarWars,RULED,
def,RimMandrake_butchergene_insectmeat,RSW_butchergene_insectmeat,RimStarWars,RULED,
def,RimMandrake_butchergene_lizardskin,RSW_butchergene_lizardskin,RimStarWars,RULED,
def,RimMandrake_filth_ink,RSW_filth_ink,RimStarWars,RULED,
def,RimMandrake_hediff_ink,RSW_hediff_ink,RimStarWars,RULED,
def,RimMandrake_lifespan_double,RSW_lifespan_double,RimStarWars,RULED,
def,RimMandrake_lifespan_half,RSW_lifespan_half,RimStarWars,RULED,
def,RimMandrake_lifespan_nine,RSW_lifespan_nine,RimStarWars,RULED,
def,RimMandrake_lifespan_quad,RSW_lifespan_quad,RimStarWars,RULED,
def,RimMandrake_lifespan_six,RSW_lifespan_six,RimStarWars,RULED,
def,RimMandrake_shortFurskin_Average1,RSW_shortFurskin_Average1,RimStarWars,RULED,
def,RimMandrake_shortFurskin_Average2,RSW_shortFurskin_Average2,RimStarWars,RULED,
def,RimMandrake_shortFurskin_Average3,RSW_shortFurskin_Average3,RimStarWars,RULED,
def,RimMandrake_shortFurskin_Gaunt,RSW_shortFurskin_Gaunt,RimStarWars,RULED,
def,RimMandrake_shortFurskin_Heavy1,RSW_shortFurskin_Heavy1,RimStarWars,RULED,
def,RimMandrake_shortFurskin_Heavy2,RSW_shortFurskin_Heavy2,RimStarWars,RULED,
def,RimMandrake_shortFurskin_Heavy3,RSW_shortFurskin_Heavy3,RimStarWars,RULED,
def,RimMandrake_shortFurskin_Narrow1,RSW_shortFurskin_Narrow1,RimStarWars,RULED,
def,RimMandrake_shortFurskin_Narrow2,RSW_shortFurskin_Narrow2,RimStarWars,RULED,
def,RimMandrake_shortFurskin_Narrow3,RSW_shortFurskin_Narrow3,RimStarWars,RULED,
def,RimMandrake_statgene_PsyHarmonize,RSW_statgene_PsyHarmonize,RimStarWars,RULED,
def,RimMandrake_statgene_amphibious,RSW_statgene_amphibious,RimStarWars,RULED,
def,RimMandrake_statgene_compliant,RSW_statgene_compliant,RimStarWars,RULED,
def,RimMandrake_statgene_force,RSW_statgene_force,RimStarWars,RULED,
def,RimMandrake_statgene_fourthroats,RSW_statgene_fourthroats,RimStarWars,RULED,
def,RimMandrake_statgene_metabolismcheat,RSW_statgene_metabolismcheat,RimStarWars,RULED,
def,RimMandrake_statgene_predator,RSW_statgene_predator,RimStarWars,RULED,
def,RimMandrake_statgene_senses,RSW_statgene_senses,RimStarWars,RULED,
def,RimMandrake_tattooGene_mirialan,RSW_tattooGene_mirialan,RimStarWars,RULED,
def,RimMandrake_tattooGene_pantoran,RSW_tattooGene_pantoran,RimStarWars,RULED,
def,RimMandrake_tattooGene_togruta,RSW_tattooGene_togruta,RimStarWars,RULED,
def,RimMandrake_tattooGene_zabrak,RSW_tattooGene_zabrak,RimStarWars,RULED,
def,RimMandrake_throwngrenade_ink,RSW_throwngrenade_ink,RimStarWars,RULED,
mod,src/RimMandrake/AshkarrLandmarkArt,src/RimUtinni/AshkarrLandmarkArt,RimUtinni,HIGH,
packageId,mandrake.ashkarrlandmarkart,mandrake.rut.ashkarrlandmarkart,RimUtinni,HIGH,
mod,src/RimMandrake/BlastDoorFrameAsyncFix,src/RimStarWars/BlastDoorFrameAsyncFix,RimStarWars,RULED,fixes Doors Expanded SW edition
packageId,mandrake.blastdoorframeasyncfix,mandrake.rsw.blastdoorframeasyncfix,RimStarWars,RULED,
mod,src/RimMandrake/CereanManeFix,src/RimStarWars/CereanManeFix,RimStarWars,RULED,fixes Outer Rim
packageId,mandrake.cereanmanefix,mandrake.rsw.cereanmanefix,RimStarWars,RULED,
mod,src/RimMandrake/GravshipAstronautFix,src/RimMandrake/GravshipAstronautFix,RimMandrake,RULED,fix-mod rule: VGE is generic
packageId,mandrake.gravshipastronautfix,mandrake.rm.gravshipastronautfix,RimMandrake,RULED,
mod,src/RimMandrake/JawaRules,src/RimStarWars/JawaRules,RimStarWars,HIGH,"VERIFY resolved: 4 Harmony rules keyed to MandrakeJawa xenotype + droid pawns (no-sow, droid-relations) = species rules, NOT engine-level; 2 generic rules (pet-names, world-labels) are later RM-extract candidates"
packageId,mandrake.jawarules,mandrake.rsw.jawarules,RimStarWars,HIGH,
namespace,JawaRules,RimStarWars.JawaRules,RimStarWars,HIGH,
mod,src/RimMandrake/Jawa_PawnFlavor,src/RimUtinni/PawnFlavor,RimUtinni,HIGH,Ashkarr faction backstories
packageId,mandrake.jawapawnflavor,mandrake.rut.pawnflavor,RimUtinni,HIGH,
def,Jawa_AcademyCadet,RUT_Jawa_AcademyCadet,RimUtinni,HIGH,
def,Jawa_AshJudgment,RUT_Jawa_AshJudgment,RimUtinni,HIGH,
def,Jawa_AshSpeaker,RUT_Jawa_AshSpeaker,RimUtinni,HIGH,
def,Jawa_BanthaBonded,RUT_Jawa_BanthaBonded,RimUtinni,HIGH,
def,Jawa_BazaarHaggler,RUT_Jawa_BazaarHaggler,RimUtinni,HIGH,
def,Jawa_BountyPostedYoung,RUT_Jawa_BountyPostedYoung,RimUtinni,HIGH,
def,Jawa_CasketCradled,RUT_Jawa_CasketCradled,RimUtinni,HIGH,
def,Jawa_CasketDenied,RUT_Jawa_CasketDenied,RimUtinni,HIGH,
def,Jawa_CasketWright,RUT_Jawa_CasketWright,RimUtinni,HIGH,
def,Jawa_CathedralMason,RUT_Jawa_CathedralMason,RimUtinni,HIGH,
def,Jawa_CathedralWhispered,RUT_Jawa_CathedralWhispered,RimUtinni,HIGH,
def,Jawa_CisternHatched,RUT_Jawa_CisternHatched,RimUtinni,HIGH,
def,Jawa_ColdForged,RUT_Jawa_ColdForged,RimUtinni,HIGH,
def,Jawa_CollectionEnforcer,RUT_Jawa_CollectionEnforcer,RimUtinni,HIGH,
def,Jawa_CompactFactor,RUT_Jawa_CompactFactor,RimUtinni,HIGH,
def,Jawa_CongregationConsecrated,RUT_Jawa_CongregationConsecrated,RimUtinni,HIGH,
def,Jawa_ContractBroker,RUT_Jawa_ContractBroker,RimUtinni,HIGH,
def,Jawa_DebtBorn,RUT_Jawa_DebtBorn,RimUtinni,HIGH,
def,Jawa_DesignBorn,RUT_Jawa_DesignBorn,RimUtinni,HIGH,
def,Jawa_DirtyBurner,RUT_Jawa_DirtyBurner,RimUtinni,HIGH,
def,Jawa_DirtyBurnerAffinity,RUT_Jawa_DirtyBurnerAffinity,RimUtinni,HIGH,
def,Jawa_DisgracedHunter,RUT_Jawa_DisgracedHunter,RimUtinni,HIGH,
def,Jawa_DroughtMarked,RUT_Jawa_DroughtMarked,RimUtinni,HIGH,
def,Jawa_EscapedAsset,RUT_Jawa_EscapedAsset,RimUtinni,HIGH,
def,Jawa_FarmFostered,RUT_Jawa_FarmFostered,RimUtinni,HIGH,
def,Jawa_FlameReaper,RUT_Jawa_FlameReaper,RimUtinni,HIGH,
def,Jawa_FoundryArtisan,RUT_Jawa_FoundryArtisan,RimUtinni,HIGH,
def,Jawa_FreedomScarred,RUT_Jawa_FreedomScarred,RimUtinni,HIGH,
def,Jawa_FreeholdWarrior,RUT_Jawa_FreeholdWarrior,RimUtinni,HIGH,
def,Jawa_GarrisonBrat,RUT_Jawa_GarrisonBrat,RimUtinni,HIGH,
def,Jawa_GeneCurator,RUT_Jawa_GeneCurator,RimUtinni,HIGH,
def,Jawa_HatchedToTheLine,RUT_Jawa_HatchedToTheLine,RimUtinni,HIGH,
def,Jawa_HomesteadMatron,RUT_Jawa_HomesteadMatron,RimUtinni,HIGH,
def,Jawa_ImperialDeserter,RUT_Jawa_ImperialDeserter,RimUtinni,HIGH,
def,Jawa_JediHuntVeteran,RUT_Jawa_JediHuntVeteran,RimUtinni,HIGH,
def,Jawa_KraytWatcher,RUT_Jawa_KraytWatcher,RimUtinni,HIGH,
def,Jawa_Laconic,RUT_Jawa_Laconic,RimUtinni,HIGH,
def,Jawa_LineTapper,RUT_Jawa_LineTapper,RimUtinni,HIGH,
def,Jawa_Majordomo,RUT_Jawa_Majordomo,RimUtinni,HIGH,
def,Jawa_MoistureBaron,RUT_Jawa_MoistureBaron,RimUtinni,HIGH,
def,Jawa_MootSpeaker,RUT_Jawa_MootSpeaker,RimUtinni,HIGH,
def,Jawa_NamedHunter,RUT_Jawa_NamedHunter,RimUtinni,HIGH,
def,Jawa_NightsideHardy,RUT_Jawa_NightsideHardy,RimUtinni,HIGH,
def,Jawa_Numbered,RUT_Jawa_Numbered,RimUtinni,HIGH,
def,Jawa_PalaceRaised,RUT_Jawa_PalaceRaised,RimUtinni,HIGH,
def,Jawa_PipeKeeper,RUT_Jawa_PipeKeeper,RimUtinni,HIGH,
def,Jawa_PipeTapper,RUT_Jawa_PipeTapper,RimUtinni,HIGH,
def,Jawa_PodracerReflexes,RUT_Jawa_PodracerReflexes,RimUtinni,HIGH,
def,Jawa_PurificationEngineer,RUT_Jawa_PurificationEngineer,RimUtinni,HIGH,
def,Jawa_PyreWatcher,RUT_Jawa_PyreWatcher,RimUtinni,HIGH,
def,Jawa_RaiderOrphaned,RUT_Jawa_RaiderOrphaned,RimUtinni,HIGH,
def,Jawa_RaisedOnRetainer,RUT_Jawa_RaisedOnRetainer,RimUtinni,HIGH,
def,Jawa_RakataCasketVolunteer,RUT_Jawa_RakataCasketVolunteer,RimUtinni,HIGH,
def,Jawa_RakataFleshShaped,RUT_Jawa_RakataFleshShaped,RimUtinni,HIGH,
def,Jawa_RakataLastGeneration,RUT_Jawa_RakataLastGeneration,RimUtinni,HIGH,
def,Jawa_RakataLineBreaker,RUT_Jawa_RakataLineBreaker,RimUtinni,HIGH,
def,Jawa_RakataPlagueWarden,RUT_Jawa_RakataPlagueWarden,RimUtinni,HIGH,
def,Jawa_RakataSiegeChild,RUT_Jawa_RakataSiegeChild,RimUtinni,HIGH,
def,Jawa_RakataTakenChild,RUT_Jawa_RakataTakenChild,RimUtinni,HIGH,
def,Jawa_RakataTerraformEngineer,RUT_Jawa_RakataTerraformEngineer,RimUtinni,HIGH,
def,Jawa_RakataVaultSchooled,RUT_Jawa_RakataVaultSchooled,RimUtinni,HIGH,
def,Jawa_RakataWeaponsAuthor,RUT_Jawa_RakataWeaponsAuthor,RimUtinni,HIGH,
def,Jawa_ReapsTheFlames,RUT_Jawa_ReapsTheFlames,RimUtinni,HIGH,
def,Jawa_RequisitionsOfficer,RUT_Jawa_RequisitionsOfficer,RimUtinni,HIGH,
def,Jawa_RetrievalAgent,RUT_Jawa_RetrievalAgent,RimUtinni,HIGH,
def,Jawa_SalvageMaster,RUT_Jawa_SalvageMaster,RimUtinni,HIGH,
def,Jawa_SandStoic,RUT_Jawa_SandStoic,RimUtinni,HIGH,
def,Jawa_SandcrawlerBorn,RUT_Jawa_SandcrawlerBorn,RimUtinni,HIGH,
def,Jawa_ScrapSifter,RUT_Jawa_ScrapSifter,RimUtinni,HIGH,
def,Jawa_SeedCarrier,RUT_Jawa_SeedCarrier,RimUtinni,HIGH,
def,Jawa_ShoreHardened,RUT_Jawa_ShoreHardened,RimUtinni,HIGH,
def,Jawa_ShoreRat,RUT_Jawa_ShoreRat,RimUtinni,HIGH,
def,Jawa_SiegeCaller,RUT_Jawa_SiegeCaller,RimUtinni,HIGH,
def,Jawa_SpiceRunner,RUT_Jawa_SpiceRunner,RimUtinni,HIGH,
def,Jawa_SpringSworn,RUT_Jawa_SpringSworn,RimUtinni,HIGH,
def,Jawa_StillMaster,RUT_Jawa_StillMaster,RimUtinni,HIGH,
def,Jawa_StillTemper,RUT_Jawa_StillTemper,RimUtinni,HIGH,
def,Jawa_Stormtrooper,RUT_Jawa_Stormtrooper,RimUtinni,HIGH,
def,Jawa_SunDebtCantor,RUT_Jawa_SunDebtCantor,RimUtinni,HIGH,
def,Jawa_SunSwornChild,RUT_Jawa_SunSwornChild,RimUtinni,HIGH,
def,Jawa_TinkererChild,RUT_Jawa_TinkererChild,RimUtinni,HIGH,
def,Jawa_TollWharfChild,RUT_Jawa_TollWharfChild,RimUtinni,HIGH,
def,Jawa_VatDecanted,RUT_Jawa_VatDecanted,RimUtinni,HIGH,
def,Jawa_WallOfMeat,RUT_Jawa_WallOfMeat,RimUtinni,HIGH,
def,Jawa_WastesHermit,RUT_Jawa_WastesHermit,RimUtinni,HIGH,
def,Jawa_WaterDiscipline,RUT_Jawa_WaterDiscipline,RimUtinni,HIGH,
def,Jawa_WaterRaider,RUT_Jawa_WaterRaider,RimUtinni,HIGH,
def,Jawa_WaterWarden,RUT_Jawa_WaterWarden,RimUtinni,HIGH,
def,Jawa_WebTender,RUT_Jawa_WebTender,RimUtinni,HIGH,
def,Jawa_WingedBrood,RUT_Jawa_WingedBrood,RimUtinni,HIGH,
mod,src/RimMandrake/KotORBandolierNorthFix,src/RimStarWars/KotORBandolierNorthFix,RimStarWars,RULED,fixes KotOR mod
packageId,mandrake.kotorbandoliernorthfix,mandrake.rsw.kotorbandoliernorthfix,RimStarWars,RULED,
mod,src/RimMandrake/MSEDroidFix,src/RimStarWars/MSEDroidFix,RimStarWars,RULED,fixes Outer Rim Droid Depot
packageId,mandrake.msedroidfix,mandrake.rsw.msedroidfix,RimStarWars,RULED,
mod,src/RimMandrake/PhytokinBarkHeadFix,src/RimMandrake/PhytokinBarkHeadFix,RimMandrake,RULED,fix-mod rule
packageId,mandrake.phytokinbarkheadfix,mandrake.rm.phytokinbarkheadfix,RimMandrake,RULED,
mod,src/RimMandrake/PlanetPresetPrime,src/RimMandrake/PlanetPresetPrime,RimMandrake,HIGH,
packageId,mandrake.planetpresetprime,mandrake.rm.planetpresetprime,RimMandrake,HIGH,
namespace,PlanetPresetPrime,RimMandrake.PlanetPresetPrime,RimMandrake,HIGH,
mod,src/RimMandrake/ResearchKitEastFix,src/RimMandrake/ResearchKitEastFix,RimMandrake,RULED,fix-mod rule
packageId,mandrake.researchkiteastfix,mandrake.rm.researchkiteastfix,RimMandrake,RULED,
mod,src/RimMandrake/RimDefDump,src/RimMandrake/RimDefDump,RimMandrake,HIGH,local tooling mod; ships nothing to players but loads in game - keep in scheme
packageId,mandrake.rimdefdump,mandrake.rm.rimdefdump,RimMandrake,HIGH,
namespace,RimDefDump,RimMandrake.RimDefDump,RimMandrake,HIGH,
mod,src/RimMandrake/RimMandrake_Pits,src/RimMandrake/Pits,RimMandrake,RULED,clean exemplar; RM_ already
packageId,mandrake.rimmandrakepits,mandrake.rm.pits,RimMandrake,RULED,
def,RM_DigPitDeeper,RM_DigPitDeeper,RimMandrake,RULED,
def,RM_OpenPitBase,RM_OpenPitBase,RimMandrake,RULED,
def,RM_OpenPit_Bare,RM_OpenPit_Bare,RimMandrake,RULED,
def,RM_OpenPit_Oiled,RM_OpenPit_Oiled,RimMandrake,RULED,
def,RM_OpenPit_Oubliette,RM_OpenPit_Oubliette,RimMandrake,RULED,
def,RM_OpenPit_Poison,RM_OpenPit_Poison,RimMandrake,RULED,
def,RM_OpenPit_Spiked,RM_OpenPit_Spiked,RimMandrake,RULED,
def,RM_OpenPit_Water,RM_OpenPit_Water,RimMandrake,RULED,
def,RM_PinnedInPit,RM_PinnedInPit,RimMandrake,RULED,
def,RM_PitCellBase,RM_PitCellBase,RimMandrake,RULED,
def,RM_PitCell_1x2,RM_PitCell_1x2,RimMandrake,RULED,
def,RM_PitCell_2x2,RM_PitCell_2x2,RimMandrake,RULED,
def,RM_PitDigSiteBase,RM_PitDigSiteBase,RimMandrake,RULED,
def,RM_PitDigSite_Cell_1x2,RM_PitDigSite_Cell_1x2,RimMandrake,RULED,
def,RM_PitDigSite_Cell_2x2,RM_PitDigSite_Cell_2x2,RimMandrake,RULED,
def,RM_PitDigSite_Chasm_Bare,RM_PitDigSite_Chasm_Bare,RimMandrake,RULED,
def,RM_PitDigSite_Deep_Bare,RM_PitDigSite_Deep_Bare,RimMandrake,RULED,
def,RM_PitDigSite_Shallow_Bare,RM_PitDigSite_Shallow_Bare,RimMandrake,RULED,
def,RM_PitDigSite_Shallow_Oiled,RM_PitDigSite_Shallow_Oiled,RimMandrake,RULED,
def,RM_PitDigSite_Shallow_Oubliette,RM_PitDigSite_Shallow_Oubliette,RimMandrake,RULED,
def,RM_PitDigSite_Shallow_Poison,RM_PitDigSite_Shallow_Poison,RimMandrake,RULED,
def,RM_PitDigSite_Shallow_Spiked,RM_PitDigSite_Shallow_Spiked,RimMandrake,RULED,
def,RM_PitDigSite_Shallow_Water,RM_PitDigSite_Shallow_Water,RimMandrake,RULED,
def,RM_PitDrowning,RM_PitDrowning,RimMandrake,RULED,
def,RM_PitExposure,RM_PitExposure,RimMandrake,RULED,
namespace,RimMandrake.Pits,RimMandrake.Pits,RimMandrake,RULED,
mod,src/RimMandrake/SacredGraffiti,src/RimMandrake/SacredGraffiti,RimMandrake,HIGH,nine mark-styles extract to RUT pack in Phase 3
packageId,mandrake.sacredgraffiti,mandrake.rm.sacredgraffiti,RimMandrake,HIGH,
def,RimMandrake_Ishko_RitualOutcome_PlaceSacredMark,RM_Ishko_RitualOutcome_PlaceSacredMark,RimMandrake,HIGH,
def,RimMandrake_SacredMark_Ishko,RM_SacredMark_Ishko,RimMandrake,HIGH,
namespace,RimMandrake.SacredGraffiti,RimMandrake.SacredGraffiti,RimMandrake,HIGH,
mod,src/RimMandrake/SauridFrillFix,src/RimMandrake/SauridFrillFix,RimMandrake,RULED,fix-mod rule
packageId,mandrake.sauridfrillfix,mandrake.rm.sauridfrillfix,RimMandrake,RULED,
mod,src/RimMandrake/StrandedQuest,src/RimMandrake/StrandedQuest,RimMandrake,HIGH,VERIFY resolved: header says deliberately NOT part of the Jawa campaign; generic refugee quest
packageId,mandrake.strandedquest,mandrake.rm.strandedquest,RimMandrake,HIGH,
def,Stranded,RM_Stranded,RimMandrake,HIGH,
def,StrandedTravellerTaken,RM_StrandedTravellerTaken,RimMandrake,HIGH,
mod,src/RimMandrake/ToolBeltFix,src/RimMandrake/ToolBeltFix,RimMandrake,RULED,fix-mod rule
packageId,mandrake.toolbeltfix,mandrake.rm.toolbeltfix,RimMandrake,RULED,
mod,src/RimMandrake/WreckedMachines,src/RimMandrake/WreckedMachines,RimMandrake,HIGH,Rekko-relic hooks extract to RUT in Phase 3
packageId,mandrake.wreckedmachines,mandrake.rm.wreckedmachines,RimMandrake,HIGH,
def,WM_AutomatedSmelter_Kludged,RM_WM_AutomatedSmelter_Kludged,RimMandrake,HIGH,
def,WM_AutomatedSmelter_Repaired,RM_WM_AutomatedSmelter_Repaired,RimMandrake,HIGH,
def,WM_AutomatedSmelter_Wrecked,RM_WM_AutomatedSmelter_Wrecked,RimMandrake,HIGH,
