defName,label,mod,packageId,intelligence,isAnimal,bodySize,moveSpeed,marketValue,mass,biomes_now,n_biomes,status
Bear_Grizzly,grizzly bear,Core,ludeon.rimworld,Animal,True,2.1500000953674316,4.599999904632568,700,129,BiomeArcticOasis|BiomeGRimerald|BiomeGRimonade|BiomeGRuby|BiomeGRuquoise|BiomeGrindland|BiomeMist|BorealForest|COMIGO_GreaterSwamp_Cold|COMIGO_GreaterSwamp_Temperate|ColdBog|GlacialPlain|Grasslands|TemperateForest|TemperateSwamp|Tundra|Volcano|ZBiome_AlpineMeadow|ZBiome_GlacialShield|ZBiome_Grasslands|ZBiome_Marsh,21,ours
Bear_Polar,polar bear,Core,ludeon.rimworld,Animal,True,2.1500000953674316,4.599999904632568,700,129,AB_PropaneLakes|BiomeArcticOasis|BiomeGRimonade|COMIGO_GreaterSwamp_Cold|ColdBog|IceSheet|SeaIce|Tundra|ZBiome_GlacialShield|ZBiome_Iceberg_NoBeach,10,ours
Ostrich,ostrich,Core,ludeon.rimworld,Animal,True,1,6,0,60,,0,dormant
Emu,emu,Core,ludeon.rimworld,Animal,True,0.6000000238418579,5.5,0,36,,0,dormant
Cassowary,cassowary,Core,ludeon.rimworld,Animal,True,0.6000000238418579,4.599999904632568,0,36,,0,dormant
Cougar,cougar,Core,ludeon.rimworld,Animal,True,1,5,400,60,AB_GallatrossGraveyard|AB_PyroclasticConflagration|AB_TarPits|AridShrubland|BiomeAreeb|BiomeGRimberlands|BiomeGRimond|BiomeGRuby|BiomeGRuquoise|BiomeGrindland|BiomeMist|BorealForest|COMIGO_GreaterSwamp_Cold|COMIGO_GreaterSwamp_Temperate|ColdBog|Desert|GlacialPlain|Grasslands|LavaField|Savanna|TemperateForest|TemperateSwamp|Volcano|ZBiome_AlpineMeadow|ZBiome_CloudForest|ZBiome_CoastalDunes|ZBiome_DesertOasis|ZBiome_Grasslands|ZBiome_Marsh|ZBiome_Sandbar_NoBeach,30,ours
Panther,panther,Core,ludeon.rimworld,Animal,True,1,5,400,60,AB_FeraliskInfestedJungle|AB_GelatinousSuperorganism|AB_MiasmicMangrove|BiomeCypreJungle|BiomeGRimerald|BiomeGRimphire|BiomeToxlands|COMIGO_GreaterSwamp_Tropical|Scarlands|TropicalRainforest|TropicalSwamp|Wetland|ZBiome_CloudForest,13,ours
Lynx,lynx,Core,ludeon.rimworld,Animal,True,0.6000000238418579,5,250,36,BiomeArcticOasis|BiomeGRimonade|BiomeGRuby|BiomeGRuquoise|BiomeMist|BorealForest|COMIGO_GreaterSwamp_Cold|COMIGO_GreaterSwamp_Temperate|ColdBog|GlacialPlain|Grasslands|IceSheet|IronScruff_PrimordialGeysers|TemperateForest|TemperateSwamp|Tundra|Volcano|ZBiome_CloudForest|ZBiome_GlacialShield|ZBiome_Grasslands|ZBiome_Marsh,21,ours
Cat,cat,Core,ludeon.rimworld,Animal,True,0.3199999928474426,4.400000095367432,0,19.19999885559082,,0,dormant
YorkshireTerrier,yorkshire terrier,Core,ludeon.rimworld,Animal,True,0.3199999928474426,3.0999999046325684,0,19.19999885559082,,0,dormant
GuineaPig,guinea pig,Core,ludeon.rimworld,Animal,True,0.20000000298023224,5,150,12,AB_GallatrossGraveyard|AB_GelatinousSuperorganism|AB_IdyllicMeadows|AB_MechanoidIntrusion|AB_MiasmicMangrove|AB_PyroclasticConflagration|AridShrubland|BiomeAreeb|BiomeGRimond|COMIGO_GreaterSwamp_Cold|COMIGO_GreaterSwamp_Temperate|COMIGO_GreaterSwamp_Tropical|ColdBog|Desert|ExtremeDesert|LavaField|TemperateForest|TemperateSwamp|TropicalRainforest|TropicalSwamp|ZBiome_AlpineMeadow|ZBiome_Badlands|ZBiome_CloudForest|ZBiome_DesertOasis|ZBiome_Grasslands|ZBiome_Marsh|ZBiome_Sandbar_NoBeach,27,ours
LabradorRetriever,labrador retriever,Core,ludeon.rimworld,Animal,True,0.75,5,250,45,,0,dormant
Husky,husky,Core,ludeon.rimworld,Animal,True,0.8600000143051147,5,250,51.60000228881836,,0,dormant
Monkey,monkey,Core,ludeon.rimworld,Animal,True,0.3499999940395355,4.300000190734863,100,21,AB_FeraliskInfestedJungle|AB_GelatinousSuperorganism|AB_MiasmicMangrove|BiomeCypreJungle|BiomeGRuby|COMIGO_GreaterSwamp_Tropical|TropicalRainforest|TropicalSwamp|Wetland|ZBiome_CloudForest|ZBiome_Grasslands,11,ours
Chicken,chicken,Core,ludeon.rimworld,Animal,True,0.30000001192092896,2.0999999046325684,50,18,,0,dormant
Duck,duck,Core,ludeon.rimworld,Animal,True,0.30000001192092896,2.0999999046325684,60,18,BiomeCypreJungle|BiomeGRimerald|ColdBog|TemperateSwamp|ZBiome_Marsh,5,foreign
Turkey,turkey,Core,ludeon.rimworld,Animal,True,0.6000000238418579,3.5999999046325684,100,36,AB_IdyllicMeadows|BiomeCypreJungle|BiomeGRimerald|BiomeGRuby|BiomeGRuquoise|BorealForest|COMIGO_GreaterSwamp_Cold|COMIGO_GreaterSwamp_Temperate|ColdBog|Grasslands|TemperateForest|TemperateSwamp|Volcano|Wetland|ZBiome_AlpineMeadow|ZBiome_GlacialShield|ZBiome_Marsh,17,ours
Goose,goose,Core,ludeon.rimworld,Animal,True,0.6000000238418579,2.299999952316284,90,36,,0,dormant
Cow,cow,Core,ludeon.rimworld,Animal,True,2.4000000953674316,3.200000047683716,300,144,,0,dormant
Boomalope,boomalope,Core,ludeon.rimworld,Animal,True,2,3.4000000953674316,350,120,AB_FeraliskInfestedJungle|AB_GallatrossGraveyard|AB_GelatinousSuperorganism|AB_IdyllicMeadows|AB_MiasmicMangrove|AB_MycoticJungle|AB_PyroclasticConflagration|AB_TarPits|AridShrubland|BiomeAreeb|BiomeGRimberlands|BiomeGRimethyst|BiomeGRimond|BiomeGRimphire|BiomeGRuquoise|BiomeGrindland|BiomeMist|BiomeToxlands|COMIGO_GreaterSwamp_Temperate|COMIGO_GreaterSwamp_Tropical|Desert|Glowforest|Grasslands|LavaField|Savanna|Scarlands|TemperateForest|TemperateSwamp|TropicalRainforest|TropicalSwamp|Volcano|Wetland|ZBiome_AlpineMeadow|ZBiome_Badlands|ZBiome_CloudForest|ZBiome_CoastalDunes|ZBiome_DesertOasis|ZBiome_Grasslands|ZBiome_Sandbar_NoBeach,39,ours
Muffalo,muffalo,Core,ludeon.rimworld,Animal,True,2.4000000953674316,4.5,300,144,AB_IdyllicMeadows|AB_PropaneLakes|BiomeArcticOasis|BiomeGRimonade|BiomeGRuby|BiomeGRuquoise|BiomeMist|BorealForest|COMIGO_GreaterSwamp_Cold|COMIGO_GreaterSwamp_Temperate|ColdBog|Grasslands|IceSheet|Savanna|SeaIce|TemperateForest|TemperateSwamp|Tundra|Volcano|ZBiome_AlpineMeadow|ZBiome_GlacialShield|ZBiome_Grasslands|ZBiome_Iceberg_NoBeach|ZBiome_Marsh,24,ours
Bison,bison,Core,ludeon.rimworld,Animal,True,2.4000000953674316,4.699999809265137,350,144,AB_GallatrossGraveyard|AB_IdyllicMeadows|AB_PyroclasticConflagration|AridShrubland|BiomeAreeb|BiomeGRuquoise|BiomeMist|Grasslands|TemperateForest|ZBiome_Grasslands,10,ours
Dromedary,dromedary,Core,ludeon.rimworld,Animal,True,2.0999999046325684,4.300000190734863,300,125.99999237060547,AB_GallatrossGraveyard|AB_PyroclasticConflagration|AB_TarPits|AridShrubland|BiomeAreeb|BiomeGRimberlands|BiomeGRimond|BiomeGRimworld|Desert|ExtremeDesert|Wasteland|ZBiome_Badlands|ZBiome_CoastalDunes|ZBiome_DesertOasis|ZBiome_Sandbar_NoBeach,15,ours
Goat,goat,Core,ludeon.rimworld,Animal,True,0.75,3.9000000953674316,200,45,BiomeGrindland|ZBiome_AlpineMeadow|ZBiome_CloudForest,3,foreign
Elk,elk,Core,ludeon.rimworld,Animal,True,2.0999999046325684,5,300,125.99999237060547,BiomeArcticOasis|BiomeGRimonade|BorealForest|COMIGO_GreaterSwamp_Cold|ColdBog|GlacialPlain|IronScruff_PrimordialGeysers|Tundra|ZBiome_GlacialShield|ZBiome_Marsh,10,foreign
Yak,yak,Core,ludeon.rimworld,Animal,True,2.0999999046325684,3.200000047683716,320,125.99999237060547,AB_GallatrossGraveyard|AB_IdyllicMeadows|BiomeGRuquoise|BiomeMist|BorealForest|COMIGO_GreaterSwamp_Cold|COMIGO_GreaterSwamp_Temperate|ColdBog|Grasslands|TemperateForest|TemperateSwamp|ZBiome_AlpineMeadow|ZBiome_CloudForest|ZBiome_GlacialShield|ZBiome_Marsh,15,foreign
Caribou,caribou,Core,ludeon.rimworld,Animal,True,1,5,300,60,BiomeArcticOasis|BiomeGRimonade|BorealForest|COMIGO_GreaterSwamp_Cold|ColdBog|GlacialPlain|IronScruff_PrimordialGeysers|Tundra|ZBiome_GlacialShield|ZBiome_Marsh,10,foreign
Horse,horse,Core,ludeon.rimworld,Animal,True,2.4000000953674316,5.800000190734863,550,144,AB_FeraliskInfestedJungle|AB_GelatinousSuperorganism|AB_IdyllicMeadows|AB_MiasmicMangrove|AB_PyroclasticConflagration|AridShrubland|BiomeAreeb|BiomeGRimberlands|BiomeGRimphire|BiomeGRuby|BiomeGRuquoise|BiomeGrindland|BiomeMist|BorealForest|COMIGO_GreaterSwamp_Temperate|Grasslands|LavaField|TemperateForest|TemperateSwamp|ZBiome_AlpineMeadow|ZBiome_CoastalDunes|ZBiome_DesertOasis|ZBiome_GlacialShield|ZBiome_Grasslands,24,ours
Donkey,donkey,Core,ludeon.rimworld,Animal,True,1.399999976158142,5,320,84,AB_GallatrossGraveyard|AB_IdyllicMeadows|AB_PyroclasticConflagration|AridShrubland|BiomeAreeb|BiomeGRimond|BiomeGRimworld|BiomeGRuquoise|BiomeMist|Desert|ExtremeDesert|Grasslands|LavaField|TemperateForest|ZBiome_Badlands|ZBiome_CoastalDunes|ZBiome_DesertOasis|ZBiome_Grasslands|ZBiome_Sandbar_NoBeach,19,ours
Elephant,elephant,Core,ludeon.rimworld,Animal,True,4,4.800000190734863,600,240,AB_FeraliskInfestedJungle|AB_GallatrossGraveyard|AB_GelatinousSuperorganism|AB_MiasmicMangrove|AB_PyroclasticConflagration|AB_TarPits|AridShrubland|BiomeAreeb|BiomeCypreJungle|BiomeGRimberlands|BiomeGRimphire|COMIGO_GreaterSwamp_Tropical|Savanna|TropicalRainforest|TropicalSwamp|Wetland|ZBiome_CloudForest|ZBiome_CoastalDunes|ZBiome_Grasslands,19,ours
Rhinoceros,rhinoceros,Core,ludeon.rimworld,Animal,True,3,5,700,180,AB_FeraliskInfestedJungle|AB_GallatrossGraveyard|AB_GelatinousSuperorganism|AB_IdyllicMeadows|AB_MiasmicMangrove|AB_PyroclasticConflagration|AB_TarPits|AridShrubland|BiomeAreeb|BiomeGRimberlands|BiomeGrindland|COMIGO_GreaterSwamp_Tropical|Savanna|TemperateForest|TemperateSwamp|TropicalRainforest|TropicalSwamp|ZBiome_AlpineMeadow|ZBiome_CloudForest|ZBiome_CoastalDunes|ZBiome_Grasslands,21,ours
Hare,hare,Core,ludeon.rimworld,Animal,True,0.20000000298023224,6,50,12,AB_GallatrossGraveyard|AB_IdyllicMeadows|AB_OcularForest|AB_PyroclasticConflagration|AB_TarPits|AridShrubland|BiomeArcticOasis|BiomeAreeb|BiomeGRimonade|BiomeGRuquoise|BiomeGrindland|BiomeMist|BorealForest|COMIGO_GreaterSwamp_Cold|COMIGO_GreaterSwamp_Temperate|ColdBog|GlacialPlain|Grasslands|IronScruff_PrimordialGeysers|LavaField|TemperateForest|TemperateSwamp|Tundra|Volcano|ZBiome_AlpineMeadow|ZBiome_CoastalDunes|ZBiome_GlacialShield|ZBiome_Grasslands|ZBiome_Marsh,29,ours
Snowhare,snowhare,Core,ludeon.rimworld,Animal,True,0.20000000298023224,6,50,12,AB_PropaneLakes|BiomeArcticOasis|BiomeGRimonade|IceSheet|IronScruff_PrimordialGeysers|SeaIce|Tundra|ZBiome_GlacialShield|ZBiome_Iceberg_NoBeach,9,ours
Megascarab,megascarab,Core,ludeon.rimworld,Animal,True,0.20000000298023224,3.75,100,12,Wasteland|ZBiome_Badlands,2,ours
Spelopede,spelopede,Core,ludeon.rimworld,Animal,True,0.800000011920929,3.6500000953674316,200,48,ZBiome_Badlands,1,ours
Megaspider,megaspider,Core,ludeon.rimworld,Animal,True,1.2000000476837158,3.5999999046325684,500,72,ZBiome_Badlands,1,ours
Thrumbo,thrumbo,Core,ludeon.rimworld,Animal,True,4,5.5,4000,240,,0,dormant
Cobra,cobra,Core,ludeon.rimworld,Animal,True,0.25,3.5,0,15,,0,dormant
Tortoise,tortoise,Core,ludeon.rimworld,Animal,True,0.5,1,0,30,,0,dormant
Alphabeaver,alphabeaver,Core,ludeon.rimworld,Animal,True,0.44999998807907104,3.700000047683716,0,27,,0,dormant
Pig,pig,Core,ludeon.rimworld,Animal,True,1.7000000476837158,3.9000000953674316,200,102,Scarlands,1,ours
WildBoar,wild boar,Core,ludeon.rimworld,Animal,True,0.8500000238418579,4.599999904632568,200,51,AB_FeraliskInfestedJungle|AB_GelatinousSuperorganism|AB_IdyllicMeadows|AB_MiasmicMangrove|AB_MycoticJungle|BiomeCypreJungle|BiomeGRimerald|BiomeGRimethyst|BiomeGRuby|BiomeGRuquoise|BiomeGrindland|BiomeMist|BiomeToxlands|BorealForest|COMIGO_GreaterSwamp_Cold|COMIGO_GreaterSwamp_Temperate|COMIGO_GreaterSwamp_Tropical|ColdBog|Glowforest|Grasslands|Savanna|TemperateForest|TemperateSwamp|TropicalRainforest|TropicalSwamp|Volcano|Wetland|ZBiome_AlpineMeadow|ZBiome_CloudForest|ZBiome_Marsh,30,ours
Ibex,ibex,Core,ludeon.rimworld,Animal,True,1,4.599999904632568,250,60,AB_IdyllicMeadows|BiomeArcticOasis|BiomeGRimonade|BiomeGRuquoise|BorealForest|COMIGO_GreaterSwamp_Cold|COMIGO_GreaterSwamp_Temperate|ColdBog|GlacialPlain|Grasslands|Savanna|TemperateForest|TemperateSwamp|Tundra|Volcano|ZBiome_AlpineMeadow|ZBiome_Grasslands|ZBiome_Marsh,18,ours
Deer,deer,Core,ludeon.rimworld,Animal,True,1.2000000476837158,5.5,250,72,AB_IdyllicMeadows|BiomeCypreJungle|BiomeGRimerald|BiomeGRuby|BiomeGRuquoise|BiomeGrindland|BiomeMist|BorealForest|COMIGO_GreaterSwamp_Cold|COMIGO_GreaterSwamp_Temperate|ColdBog|GlacialPlain|Grasslands|TemperateForest|TemperateSwamp|Volcano|ZBiome_AlpineMeadow|ZBiome_GlacialShield|ZBiome_Marsh,19,ours
Gazelle,gazelle,Core,ludeon.rimworld,Animal,True,0.699999988079071,6,0,42,,0,dormant
Chinchilla,chinchilla,Core,ludeon.rimworld,Animal,True,0.3499999940395355,5,150,21,AB_FeraliskInfestedJungle|AB_GelatinousSuperorganism|AB_MiasmicMangrove|AB_MycoticJungle|BiomeGRimethyst|BiomeGRimphire|BiomeGRuby|BiomeToxlands|COMIGO_GreaterSwamp_Tropical|Glowforest|TropicalRainforest|TropicalSwamp|Wetland|ZBiome_CloudForest,14,ours
Sheep,sheep,Core,ludeon.rimworld,Animal,True,0.75,4.800000190734863,210,45,,0,dormant
Alpaca,alpaca,Core,ludeon.rimworld,Animal,True,1,4.099999904632568,350,60,AB_FeraliskInfestedJungle|AB_GelatinousSuperorganism|AB_IdyllicMeadows|AB_MiasmicMangrove|AB_MycoticJungle|BiomeGrindland|BiomeMist|COMIGO_GreaterSwamp_Temperate|COMIGO_GreaterSwamp_Tropical|Savanna|TemperateForest|TemperateSwamp|TropicalRainforest|TropicalSwamp|Volcano|Wetland|ZBiome_AlpineMeadow|ZBiome_CloudForest,18,ours
Megasloth,megasloth,Core,ludeon.rimworld,Animal,True,4,4.800000190734863,700,240,AB_GallatrossGraveyard|AB_IdyllicMeadows|AB_PyroclasticConflagration|AB_TarPits|AridShrubland|BiomeArcticOasis|BiomeAreeb|BiomeGRimonade|BiomeMist|BorealForest|ColdBog|GlacialPlain|IceSheet|Savanna|TemperateForest|TemperateSwamp|Tundra|Volcano|ZBiome_AlpineMeadow|ZBiome_CoastalDunes|ZBiome_GlacialShield|ZBiome_Marsh,22,ours
Capybara,capybara,Core,ludeon.rimworld,Animal,True,0.75,3.9000000953674316,150,45,AB_FeraliskInfestedJungle|AB_GelatinousSuperorganism|AB_MiasmicMangrove|BiomeGRimethyst|BiomeGRuby|BiomeToxlands|COMIGO_GreaterSwamp_Tropical|Glowforest|TropicalRainforest|TropicalSwamp|Wetland|ZBiome_CloudForest,12,ours
Squirrel,squirrel,Core,ludeon.rimworld,Animal,True,0.20000000298023224,5.099999904632568,35,12,AB_IdyllicMeadows|BiomeGRuby|BiomeGRuquoise|BiomeGrindland|BiomeMist|BorealForest|COMIGO_GreaterSwamp_Cold|COMIGO_GreaterSwamp_Temperate|ColdBog|GlacialPlain|Grasslands|IronScruff_PrimordialGeysers|Savanna|TemperateForest|TemperateSwamp|Volcano|ZBiome_AlpineMeadow|ZBiome_CloudForest|ZBiome_GlacialShield|ZBiome_Marsh,20,ours
Rat,brown rat,Core,ludeon.rimworld,Animal,True,0.20000000298023224,4,35,12,AB_FeraliskInfestedJungle|AB_GallatrossGraveyard|AB_GelatinousSuperorganism|AB_IdyllicMeadows|AB_MechanoidIntrusion|AB_MiasmicMangrove|AB_MycoticJungle|AB_OcularForest|AB_PyroclasticConflagration|AB_RockyCrags|AB_TarPits|AridShrubland|BiomeGRimethyst|BiomeMist|BiomeToxlands|BorealForest|COMIGO_GreaterSwamp_Cold|COMIGO_GreaterSwamp_Temperate|COMIGO_GreaterSwamp_Tropical|ColdBog|GlacialPlain|Glowforest|IronScruff_PrimordialGeysers|LavaField|Savanna|Scarlands|TemperateForest|TemperateSwamp|TropicalRainforest|TropicalSwamp|Volcano|Wasteland|Wetland|ZBiome_AlpineMeadow|ZBiome_Badlands|ZBiome_CloudForest|ZBiome_CoastalDunes|ZBiome_GlacialShield|ZBiome_Grasslands|ZBiome_Marsh,40,ours
Boomrat,boomrat,Core,ludeon.rimworld,Animal,True,0.20000000298023224,4.599999904632568,100,12,AB_GallatrossGraveyard|AB_IdyllicMeadows|AB_TarPits|AridShrubland|BiomeAreeb|BiomeCypreJungle|BiomeGRimberlands|BiomeGRimerald|BiomeGRimphire|BiomeGrindland|BiomeMist|COMIGO_GreaterSwamp_Temperate|LavaField|Savanna|Scarlands|TemperateForest|TemperateSwamp|Volcano|ZBiome_AlpineMeadow|ZBiome_Badlands|ZBiome_CoastalDunes|ZBiome_Grasslands|ZBiome_Sandbar_NoBeach,23,ours
Raccoon,raccoon,Core,ludeon.rimworld,Animal,True,0.4000000059604645,4.099999904632568,100,24,AB_IdyllicMeadows|AB_MycoticJungle|BiomeCypreJungle|BiomeGRimerald|BiomeGRimethyst|BiomeGRuby|BiomeGRuquoise|BiomeGrindland|BiomeMist|BiomeToxlands|BorealForest|COMIGO_GreaterSwamp_Cold|COMIGO_GreaterSwamp_Temperate|ColdBog|GlacialPlain|Glowforest|Grasslands|Scarlands|TemperateForest|TemperateSwamp|Volcano|ZBiome_AlpineMeadow|ZBiome_GlacialShield|ZBiome_Marsh,24,ours
Iguana,iguana,Core,ludeon.rimworld,Animal,True,0.4000000059604645,3,100,24,AB_GallatrossGraveyard|AB_OcularForest|AB_PyroclasticConflagration|AB_TarPits|AridShrubland|BiomeAreeb|BiomeGRimethyst|BiomeGRimond|BiomeGRimphire|BiomeGRimworld|BiomeToxlands|Desert|ExtremeDesert|Glowforest|LavaField|Savanna|Wasteland|ZBiome_Badlands|ZBiome_CloudForest|ZBiome_CoastalDunes|ZBiome_DesertOasis|ZBiome_Sandbar_NoBeach,22,ours
Warg,warg,Core,ludeon.rimworld,Animal,True,1.399999976158142,5,450,84,AB_MycoticJungle|BiomeArcticOasis|BiomeGRimethyst|BiomeGRimonade|BiomeGRuby|BiomeGRuquoise|BiomeGrindland|BiomeMist|BiomeToxlands|BorealForest|COMIGO_GreaterSwamp_Cold|COMIGO_GreaterSwamp_Temperate|ColdBog|Glowforest|Grasslands|IronScruff_PrimordialGeysers|TemperateForest|TemperateSwamp|Tundra|Volcano|ZBiome_AlpineMeadow|ZBiome_Badlands|ZBiome_GlacialShield|ZBiome_Grasslands|ZBiome_Marsh,25,ours
Wolf_Timber,timber wolf,Core,ludeon.rimworld,Animal,True,0.8500000238418579,5,350,51,BiomeArcticOasis|BiomeCypreJungle|BiomeGRimerald|BiomeGRimonade|BiomeGRuby|BiomeGRuquoise|BiomeGrindland|BiomeMist|BorealForest|COMIGO_GreaterSwamp_Cold|COMIGO_GreaterSwamp_Temperate|ColdBog|GlacialPlain|Grasslands|IronScruff_PrimordialGeysers|Savanna|TemperateForest|TemperateSwamp|Tundra|Volcano|ZBiome_AlpineMeadow|ZBiome_Grasslands|ZBiome_Marsh,23,ours
Wolf_Arctic,arctic wolf,Core,ludeon.rimworld,Animal,True,0.8500000238418579,5,350,51,AB_PropaneLakes|BiomeArcticOasis|BiomeGRimonade|BorealForest|COMIGO_GreaterSwamp_Cold|ColdBog|IceSheet|IronScruff_PrimordialGeysers|SeaIce|Tundra|ZBiome_GlacialShield|ZBiome_Iceberg_NoBeach|ZBiome_Marsh,13,ours
Fox_Fennec,fennec fox,Core,ludeon.rimworld,Animal,True,0.550000011920929,4.599999904632568,200,33,AB_GallatrossGraveyard|AB_OcularForest|AB_PyroclasticConflagration|AB_TarPits|AridShrubland|BiomeAreeb|BiomeGRimberlands|BiomeGRimethyst|BiomeGRimond|BiomeGRimphire|BiomeGRimworld|Desert|ExtremeDesert|Glowforest|LavaField|Savanna|Wasteland|ZBiome_Badlands|ZBiome_CoastalDunes|ZBiome_DesertOasis|ZBiome_Sandbar_NoBeach,21,ours
Fox_Red,red fox,Core,ludeon.rimworld,Animal,True,0.550000011920929,4.599999904632568,200,33,BiomeGRimerald|BiomeGRuby|BiomeGRuquoise|BiomeGrindland|BiomeMist|BorealForest|COMIGO_GreaterSwamp_Cold|COMIGO_GreaterSwamp_Temperate|ColdBog|GlacialPlain|Grasslands|TemperateForest|TemperateSwamp|Volcano|ZBiome_AlpineMeadow|ZBiome_Marsh,16,ours
Fox_Arctic,arctic fox,Core,ludeon.rimworld,Animal,True,0.550000011920929,4.599999904632568,200,33,AB_PropaneLakes|BiomeArcticOasis|BiomeGRimonade|BorealForest|COMIGO_GreaterSwamp_Cold|ColdBog|IceSheet|IronScruff_PrimordialGeysers|SeaIce|Tundra|ZBiome_GlacialShield|ZBiome_Iceberg_NoBeach|ZBiome_Marsh,13,ours
Human,human,Core,ludeon.rimworld,Humanlike,False,1,4.599999904632568,1750,60,,0,dormant
Mech_CentipedeBlaster,centipede blaster,Core,ludeon.rimworld,ToolUser,False,3,1.899999976158142,1200,180,,0,dormant
Mech_CentipedeGunner,centipede gunner,Core,ludeon.rimworld,ToolUser,False,3,1.899999976158142,1200,180,,0,dormant
Mech_CentipedeBurner,centipede burner,Core,ludeon.rimworld,ToolUser,False,3,1.899999976158142,1200,180,,0,dormant
Mech_Lancer,lancer,Core,ludeon.rimworld,ToolUser,False,1,4.699999809265137,1200,60,,0,dormant
Mech_Scyther,scyther,Core,ludeon.rimworld,ToolUser,False,1,4.699999809265137,1200,60,,0,dormant
Mech_Pikeman,pikeman,Core,ludeon.rimworld,ToolUser,False,1,2.5,1200,60,,0,dormant
Mech_Termite,termite,Core,ludeon.rimworld,ToolUser,False,1.600000023841858,2.0999999046325684,1200,96,,0,dormant
Dryad_Basic,immature dryad,Ideology,ludeon.rimworld.ideology,Animal,True,0.6669999957084656,3,0,40.02000045776367,,0,dormant
Dryad_Woodmaker,woodmaker dryad,Ideology,ludeon.rimworld.ideology,Animal,True,0.6669999957084656,3,0,40.02000045776367,,0,dormant
Dryad_Berrymaker,berrymaker dryad,Ideology,ludeon.rimworld.ideology,Animal,True,0.6669999957084656,3,0,40.02000045776367,,0,dormant
Dryad_Medicinemaker,medicinemaker dryad,Ideology,ludeon.rimworld.ideology,Animal,True,0.6669999957084656,3,0,40.02000045776367,,0,dormant
Dryad_Gaumaker,gaumaker dryad,Ideology,ludeon.rimworld.ideology,Animal,True,0.6669999957084656,3,0,40.02000045776367,,0,dormant
Dryad_Carrier,carrier dryad,Ideology,ludeon.rimworld.ideology,Animal,True,0.6669999957084656,2.4000000953674316,0,40.02000045776367,,0,dormant
Dryad_Clawer,clawer dryad,Ideology,ludeon.rimworld.ideology,Animal,True,0.6669999957084656,4,0,40.02000045776367,,0,dormant
Dryad_Barkskin,barkskin dryad,Ideology,ludeon.rimworld.ideology,Animal,True,0.6499999761581421,3.200000047683716,0,39,,0,dormant
WasteRat,waste rat,Biotech,ludeon.rimworld.biotech,Animal,True,0.30000001192092896,4,35,18,,0,dormant
Toxalope,toxalope,Biotech,ludeon.rimworld.biotech,Animal,True,1.399999976158142,3.4000000953674316,350,84,,0,dormant
Mech_Tunneler,tunneler,Biotech,ludeon.rimworld.biotech,ToolUser,False,3.5,1.899999976158142,1200,210,,0,dormant
Mech_Militor,militor,Biotech,ludeon.rimworld.biotech,ToolUser,False,0.699999988079071,3.799999952316284,800,42,,0,dormant
Mech_Lifter,lifter,Biotech,ludeon.rimworld.biotech,ToolUser,False,0.699999988079071,2.799999952316284,800,42,,0,dormant
Mech_Constructoid,constructoid,Biotech,ludeon.rimworld.biotech,ToolUser,False,0.699999988079071,3.4000000953674316,800,42,,0,dormant
Mech_Fabricor,fabricor,Biotech,ludeon.rimworld.biotech,ToolUser,False,0.699999988079071,3.4000000953674316,800,42,,0,dormant
Mech_Agrihand,agrihand,Biotech,ludeon.rimworld.biotech,ToolUser,False,0.699999988079071,3.4000000953674316,800,42,,0,dormant
Mech_Cleansweeper,cleansweeper,Biotech,ludeon.rimworld.biotech,ToolUser,False,0.30000001192092896,3.4000000953674316,800,18,,0,dormant
Mech_WarUrchin,war urchin,Biotech,ludeon.rimworld.biotech,ToolUser,False,0.699999988079071,4.199999809265137,800,42,,0,dormant
Mech_Paramedic,paramedic,Biotech,ludeon.rimworld.biotech,ToolUser,False,0.699999988079071,3.799999952316284,800,42,,0,dormant
Mech_Legionary,legionary,Biotech,ludeon.rimworld.biotech,ToolUser,False,1,4.300000190734863,1200,60,,0,dormant
Mech_Tesseron,tesseron,Biotech,ludeon.rimworld.biotech,ToolUser,False,1,4.699999809265137,1200,60,,0,dormant
Mech_Scorcher,scorcher,Biotech,ludeon.rimworld.biotech,ToolUser,False,1,4.5,1200,60,,0,dormant
Mech_Apocriton,apocriton,Biotech,ludeon.rimworld.biotech,ToolUser,False,1,3.200000047683716,1600,60,,0,dormant
Mech_Centurion,centurion,Biotech,ludeon.rimworld.biotech,ToolUser,False,3.5999999046325684,1.600000023841858,1600,216,,0,dormant
Mech_Warqueen,war queen,Biotech,ludeon.rimworld.biotech,ToolUser,False,4,1.600000023841858,1600,240,,0,dormant
Mech_Diabolus,diabolus,Biotech,ludeon.rimworld.biotech,ToolUser,False,4,2.4000000953674316,1600,240,,0,dormant
Nociosphere,nociosphere,Anomaly,ludeon.rimworld.anomaly,ToolUser,False,3.5999999046325684,0.15000000596046448,0,1800,,0,dormant
Metalhorror,metalhorror,Anomaly,ludeon.rimworld.anomaly,ToolUser,False,1,5.5,0,60,,0,dormant
Revenant,revenant,Anomaly,ludeon.rimworld.anomaly,ToolUser,False,1,3.200000047683716,0,60,,0,dormant
Sightstealer,sightstealer,Anomaly,ludeon.rimworld.anomaly,ToolUser,False,0.800000011920929,4.829999923706055,0,48,,0,dormant
CreepJoiner,human,Anomaly,ludeon.rimworld.anomaly,Humanlike,False,1,4.599999904632568,1750,60,,0,dormant
Noctol,noctol,Anomaly,ludeon.rimworld.anomaly,ToolUser,False,1,8,0,60,,0,dormant
FleshmassNucleus,fleshmass nucleus,Anomaly,ludeon.rimworld.anomaly,Animal,False,1,0.15000000596046448,0,100,,0,dormant
Gorehulk,gorehulk,Anomaly,ludeon.rimworld.anomaly,ToolUser,False,2,3.25,0,120,,0,dormant
Devourer,devourer,Anomaly,ludeon.rimworld.anomaly,ToolUser,False,4,3.5,0,240,,0,dormant
Chimera,chimera,Anomaly,ludeon.rimworld.anomaly,Animal,False,2.1500000953674316,3.5999999046325684,0,129,,0,dormant
Bulbfreak,bulbfreak,Anomaly,ludeon.rimworld.anomaly,ToolUser,False,3.5,3.799999952316284,0,210,,0,dormant
Toughspike,toughspike,Anomaly,ludeon.rimworld.anomaly,ToolUser,False,1,4.300000190734863,0,60,,0,dormant
Trispike,trispike,Anomaly,ludeon.rimworld.anomaly,ToolUser,False,1,4.300000190734863,0,60,,0,dormant
Fingerspike,fingerspike,Anomaly,ludeon.rimworld.anomaly,ToolUser,False,0.6000000238418579,5.099999904632568,0,36,,0,dormant
Dreadmeld,dreadmeld,Anomaly,ludeon.rimworld.anomaly,ToolUser,False,5,1.5,0,300,,0,dormant
BogHound,bog hound,Odyssey,ludeon.rimworld.odyssey,Animal,True,0.8500000238418579,5,0,51,,0,dormant
MonitorLizard,monitor lizard,Odyssey,ludeon.rimworld.odyssey,Animal,True,0.6000000238418579,3.5999999046325684,0,36,,0,dormant
PrairieDog,prairie dog,Odyssey,ludeon.rimworld.odyssey,Animal,True,0.20000000298023224,3.799999952316284,0,12,,0,dormant
Porcupine,porcupine,Odyssey,ludeon.rimworld.odyssey,Animal,True,0.3499999940395355,3,0,21,,0,dormant
Mastodon,mastodon,Odyssey,ludeon.rimworld.odyssey,Animal,True,4.5,4.699999809265137,0,270,,0,dormant
Cat_Scimitar,scimitar cat,Odyssey,ludeon.rimworld.odyssey,Animal,True,1.2999999523162842,6,0,78,,0,dormant
Wolverine,wolverine,Odyssey,ludeon.rimworld.odyssey,Animal,True,0.699999988079071,4.599999904632568,150,42,BiomeArcticOasis|BiomeGRimonade|BiomeGRuby|BiomeGRuquoise|BiomeMist|BorealForest|ColdBog|GlacialPlain|TemperateForest|Tundra|ZBiome_AlpineMeadow|ZBiome_Badlands|ZBiome_GlacialShield|ZBiome_Grasslands|ZBiome_Marsh,15,ours
Wolf_Great,greatwolf,Odyssey,ludeon.rimworld.odyssey,Animal,True,1.5,5.5,500,90,BiomeArcticOasis|BiomeGRimonade|BiomeGRuby|BiomeMist|BorealForest|ColdBog|GlacialPlain|Tundra|ZBiome_AlpineMeadow|ZBiome_GlacialShield|ZBiome_Marsh,11,foreign
Moose,moose,Odyssey,ludeon.rimworld.odyssey,Animal,True,2.5,4.699999809265137,0,150,,0,dormant
AlphaThrumbo,alpha thrumbo,Odyssey,ludeon.rimworld.odyssey,Animal,True,5,6,7000,300,,0,dormant
Muskox,muskox,Odyssey,ludeon.rimworld.odyssey,Animal,True,2.5,4.300000190734863,0,150,,0,dormant
Tiger,tiger,Odyssey,ludeon.rimworld.odyssey,Animal,True,1.399999976158142,5.199999809265137,0,84,,0,dormant
Mink,mink,Odyssey,ludeon.rimworld.odyssey,Animal,True,0.3499999940395355,4.599999904632568,0,21,,0,dormant
Gorilla,gorilla,Odyssey,ludeon.rimworld.odyssey,Animal,True,2,4.699999809265137,0,120,,0,dormant
Badger,badger,Odyssey,ludeon.rimworld.odyssey,Animal,True,0.6000000238418579,3.799999952316284,0,36,,0,dormant
Panda,panda,Odyssey,ludeon.rimworld.odyssey,Animal,True,1.5,3.200000047683716,0,90,,0,dormant
Hippo,hippo,Odyssey,ludeon.rimworld.odyssey,Animal,True,2.799999952316284,4.199999809265137,0,168,,0,dormant
Megavole,megavole,Odyssey,ludeon.rimworld.odyssey,Animal,True,0.800000011920929,3.200000047683716,250,48,BiomeGRimethyst|Glowforest,2,foreign
Alligator,alligator,Odyssey,ludeon.rimworld.odyssey,Animal,True,1.5,2.799999952316284,0,90,,0,dormant
Bullfrog,bullfrog,Odyssey,ludeon.rimworld.odyssey,Animal,True,0.20000000298023224,2.799999952316284,60,12,ColdBog|Glowforest|TemperateSwamp|ZBiome_Marsh,4,foreign
ColossusToad,colossus toad,Odyssey,ludeon.rimworld.odyssey,Animal,True,0.800000011920929,3.200000047683716,220,48,BiomeGRimethyst|BiomeGrindland|BiomeToxlands|Glowforest|TropicalSwamp,5,foreign
LavaSnail,lava snail,Odyssey,ludeon.rimworld.odyssey,Animal,True,0.8999999761581421,0.8500000238418579,180,54,LavaField,1,ours
Sparrow,sparrow,Odyssey,ludeon.rimworld.odyssey,Animal,True,0.11999999731779099,3.0999999046325684,0,7.199999809265137,,0,dormant
Crow,crow,Odyssey,ludeon.rimworld.odyssey,Animal,True,0.15000000596046448,3.0999999046325684,0,9,,0,dormant
Bluebird,bluebird,Odyssey,ludeon.rimworld.odyssey,Animal,True,0.15000000596046448,3.0999999046325684,0,9,,0,dormant
Quail,quail,Odyssey,ludeon.rimworld.odyssey,Animal,True,0.25,3.0999999046325684,30,15,AridShrubland|TemperateForest|ZBiome_AlpineMeadow|ZBiome_CloudForest|ZBiome_Grasslands,5,ours
Macaw,macaw,Odyssey,ludeon.rimworld.odyssey,Animal,True,0.3499999940395355,3.0999999046325684,0,21,,0,dormant
Flamingo,flamingo,Odyssey,ludeon.rimworld.odyssey,Animal,True,0.6000000238418579,3.4000000953674316,0,36,,0,dormant
Heron,heron,Odyssey,ludeon.rimworld.odyssey,Animal,True,0.6000000238418579,3.4000000953674316,0,36,,0,dormant
Swan,swan,Odyssey,ludeon.rimworld.odyssey,Animal,True,0.6000000238418579,3.4000000953674316,0,36,,0,dormant
Peacock,peafowl,Odyssey,ludeon.rimworld.odyssey,Animal,True,0.6000000238418579,3,0,36,,0,dormant
Vulture,vulture,Odyssey,ludeon.rimworld.odyssey,Animal,True,0.6000000238418579,2.799999952316284,120,36,AridShrubland|BiomeAreeb|BiomeGRimond|BiomeGRimphire|BiomeGRimworld|BiomeGRuquoise|Desert|ExtremeDesert|Grasslands|IronScruff_PrimordialGeysers|LavaField|ZBiome_Badlands|ZBiome_CoastalDunes|ZBiome_Grasslands|ZBiome_Sandbar_NoBeach,15,ours
Walrus,walrus,Odyssey,ludeon.rimworld.odyssey,Animal,True,2,2.299999952316284,0,120,,0,dormant
SeaLion,sea lion,Odyssey,ludeon.rimworld.odyssey,Animal,True,1.2000000476837158,2.799999952316284,0,72,,0,dormant
Seal,seal,Odyssey,ludeon.rimworld.odyssey,Animal,True,0.800000011920929,2.5999999046325684,0,48,,0,dormant
HermitCrab,hermit crab,Odyssey,ludeon.rimworld.odyssey,Animal,True,0.20000000298023224,2,60,12,,0,dormant
StoneCrab,stone crab,Odyssey,ludeon.rimworld.odyssey,Animal,True,0.30000001192092896,2.200000047683716,80,18,,0,dormant
SeaTurtle,sea turtle,Odyssey,ludeon.rimworld.odyssey,Animal,True,0.5,1.5,0,30,,0,dormant
Otter,otter,Odyssey,ludeon.rimworld.odyssey,Animal,True,0.4000000059604645,3.5,0,24,,0,dormant
Larva,larva,Odyssey,ludeon.rimworld.odyssey,Animal,True,0.20000000298023224,2,35,12,,0,dormant
HiveQueen,hive queen,Odyssey,ludeon.rimworld.odyssey,Animal,True,4.5,3.4000000953674316,2000,270,,0,dormant
Locust,locust,Odyssey,ludeon.rimworld.odyssey,Animal,True,0.6000000238418579,3,120,36,,0,dormant
Drone_Hunter,hunter drone,Odyssey,ludeon.rimworld.odyssey,ToolUser,False,0.699999988079071,3.4000000953674316,1200,42,,0,dormant
Drone_Wasp,wasp,Odyssey,ludeon.rimworld.odyssey,ToolUser,False,0.25,5.800000190734863,1200,15,,0,dormant
Drone_Sentry,sentry drone,Odyssey,ludeon.rimworld.odyssey,ToolUser,False,1,2.9000000953674316,1200,60,,0,dormant
Mech_Cyclops,cyclops,Odyssey,ludeon.rimworld.odyssey,ToolUser,False,1,4.5,1200,60,,0,dormant
BS_Centaur,centauroid,Big and Small - Framework,redmattis.betterprerequisites,Humanlike,False,1,4.599999904632568,0,60,,0,dormant
BS_HumanFouramed,Four Armed Human,Big and Small - Framework,redmattis.betterprerequisites,Humanlike,False,1,4.599999904632568,0,60,,0,dormant
BS_Naga,snake-person,Big and Small - Framework,redmattis.betterprerequisites,Humanlike,False,1,4.599999904632568,0,60,,0,dormant
BS_Marlith,six-armed snake-person,Big and Small - Framework,redmattis.betterprerequisites,Humanlike,False,1,4.599999904632568,0,60,,0,dormant
BS_UrbMech,mech,Big and Small - Framework,redmattis.betterprerequisites,Humanlike,False,1,4.599999904632568,2500,60,,0,dormant
BS_SixArmedHuman,Six Armed Human,Big and Small - Framework,redmattis.betterprerequisites,Humanlike,False,1,4.599999904632568,0,60,,0,dormant
BS_SpiderPersonRace,spider-person,Big and Small - Framework,redmattis.betterprerequisites,Humanlike,False,1,4.599999904632568,0,60,,0,dormant
BS_HumanoidWithTail,tailed humanoid,Big and Small - Framework,redmattis.betterprerequisites,Humanlike,False,1,4.599999904632568,0,60,,0,dormant
BS_HumanoidWithWings,winged humanoid,Big and Small - Framework,redmattis.betterprerequisites,Humanlike,False,1,4.599999904632568,0,60,,0,dormant
BS_JustAHead,disembodied head,Big and Small - Framework,redmattis.betterprerequisites,Humanlike,False,1.2000000476837158,4.599999904632568,0,72,,0,dormant
FancyRat,fancy rat,AA FancyRats,armoredampharos.fancyrats,Animal,True,0.15000000596046448,4,40,9,AridShrubland|TemperateForest|TemperateSwamp|TropicalRainforest|TropicalSwamp,5,ours
PoisonDeer,deer,Advanced Biomes (Continued),mlie.advancedbiomes,Animal,True,0.8999999761581421,4.840000152587891,0,54,,0,dormant
PoisonRat,poison rat,Advanced Biomes (Continued),mlie.advancedbiomes,Animal,True,0.15000000596046448,3.5999999046325684,60,9,PoisonForest,1,ours
MutantCow,cow,Advanced Biomes (Continued),mlie.advancedbiomes,Animal,True,2,3.1500000953674316,0,120,,0,dormant
PoisonButterfly,butterfly,Advanced Biomes (Continued),mlie.advancedbiomes,Animal,True,0.20000000298023224,4.840000152587891,200,12,PoisonForest,1,ours
AM_Apoptosis,apoptosis,Alpha Mechs,sarg.alphamechs,ToolUser,False,1,3.799999952316284,1600,60,,0,dormant
AM_Mech_Bellicor,bellicor,Alpha Mechs,sarg.alphamechs,ToolUser,False,0.949999988079071,4.300000190734863,1600,57,,0,dormant
AM_Mech_Artilleron,artilleron,Alpha Mechs,sarg.alphamechs,ToolUser,False,0.949999988079071,3,1600,57,,0,dormant
AM_Blitzkrieg,blitzkrieg,Alpha Mechs,sarg.alphamechs,ToolUser,False,0.699999988079071,3.4000000953674316,800,42,,0,dormant
AM_Mech_Guttersnipe,guttersnipe,Alpha Mechs,sarg.alphamechs,ToolUser,False,0.699999988079071,4.199999809265137,800,42,,0,dormant
AM_Infernus,infernus,Alpha Mechs,sarg.alphamechs,ToolUser,False,4,3,1600,240,,0,dormant
AM_Mech_Legate,legate,Alpha Mechs,sarg.alphamechs,ToolUser,False,3.5999999046325684,1.600000023841858,1600,216,,0,dormant
AM_Mech_Lux,lux,Alpha Mechs,sarg.alphamechs,ToolUser,False,1,4.699999809265137,1200,60,,0,dormant
AM_Mech_MasterChef,culinarius,Alpha Mechs,sarg.alphamechs,ToolUser,False,0.699999988079071,3.4000000953674316,800,42,,0,dormant
AM_Mech_Munifex,munifex,Alpha Mechs,sarg.alphamechs,ToolUser,False,1,4.699999809265137,1200,60,,0,dormant
AM_Mech_Optio,optio,Alpha Mechs,sarg.alphamechs,ToolUser,False,1,4.5,1800,60,,0,dormant
AM_Mech_Polychoron,polychoron,Alpha Mechs,sarg.alphamechs,ToolUser,False,1.2000000476837158,3.700000047683716,1200,72,,0,dormant
AM_Mech_PristineAssembler,pristine assembler,Alpha Mechs,sarg.alphamechs,ToolUser,False,2,1.899999976158142,1200,120,,0,dormant
AM_Mech_PristineSlurrypede,pristine slurrypede,Alpha Mechs,sarg.alphamechs,ToolUser,False,2,1.899999976158142,1200,120,,0,dormant
AM_PristineStrider,pristine strider,Alpha Mechs,sarg.alphamechs,ToolUser,False,1,2.0999999046325684,1200,60,,0,dormant
AM_Mech_Sagittarius,sagittarius,Alpha Mechs,sarg.alphamechs,ToolUser,False,1,4.699999809265137,1200,60,,0,dormant
AM_Siegemelter,siegemelter,Alpha Mechs,sarg.alphamechs,ToolUser,False,4,1,1200,240,,0,dormant
AM_Starfire,starfire,Alpha Mechs,sarg.alphamechs,ToolUser,False,4,1,1200,240,,0,dormant
AM_Mech_TurboCleaner,turbocleaner,Alpha Mechs,sarg.alphamechs,ToolUser,False,0.20000000298023224,3.4000000953674316,800,12,,0,dormant
AM_WarEmpress,war empress,Alpha Mechs,sarg.alphamechs,ToolUser,False,5,2.299999952316284,1600,300,,0,dormant
AM_Aura,aura,Alpha Mechs,sarg.alphamechs,ToolUser,False,1,4.699999809265137,1200,60,,0,dormant
AM_Daggersnout,daggersnout,Alpha Mechs,sarg.alphamechs,ToolUser,False,1,4.699999809265137,1200,60,,0,dormant
AM_Demolisher,demolisher,Alpha Mechs,sarg.alphamechs,ToolUser,False,4,2.5,1200,240,,0,dormant
AM_Fireworm,fireworm,Alpha Mechs,sarg.alphamechs,ToolUser,False,1.7999999523162842,2.200000047683716,1200,108,,0,dormant
AM_Goliath,goliath,Alpha Mechs,sarg.alphamechs,ToolUser,False,1.7999999523162842,2.5,1200,108,,0,dormant
AM_Phalanx,phalanx,Alpha Mechs,sarg.alphamechs,ToolUser,False,1.7000000476837158,2.5,1200,102,,0,dormant
AM_Siegebreaker,siegebreaker,Alpha Mechs,sarg.alphamechs,ToolUser,False,4,1,1200,240,,0,dormant
AM_Dryad_Ocular,ocular dryad,Alpha Memes,sarg.alphamemes,Animal,True,0.6669999957084656,4,0,40.02000045776367,,0,dormant
AM_Dryad_Spitter,spitter dryad,Alpha Memes,sarg.alphamemes,Animal,True,0.6499999761581421,2.5,0,39,,0,dormant
AM_Dryad_Corruptor,corruptor dryad,Alpha Memes,sarg.alphamemes,Animal,True,0.6669999957084656,3,0,40.02000045776367,,0,dormant
AM_Dryad_Unstable,unstable dryad,Alpha Memes,sarg.alphamemes,Animal,True,0.6499999761581421,3.200000047683716,0,39,,0,dormant
AM_Dryad_Tumorous,tumorous dryad,Alpha Memes,sarg.alphamemes,Animal,True,0.6669999957084656,2,0,40.02000045776367,,0,dormant
AM_UnshackledDryad,unshackled dryad,Alpha Memes,sarg.alphamemes,Animal,True,0.6669999957084656,3,250,40.02000045776367,,0,dormant
AlligatorMan,alligator man,Beasts of the Rim (Continued),mlie.beastsoftherim,Animal,True,1,4.840000152587891,0,60,,0,dormant
Armadillo,armadillo,Beasts of the Rim (Continued),mlie.beastsoftherim,Animal,True,0.550000011920929,3.5,0,33,,0,dormant
Bardelot,bardelot,Beasts of the Rim (Continued),mlie.beastsoftherim,Animal,True,0.550000011920929,3.5,150,33,BorealForest|IceSheet|SeaIce|Tundra,4,foreign
BlackBear,black bear,Beasts of the Rim (Continued),mlie.beastsoftherim,Animal,True,2.1500000953674316,4.300000190734863,0,129,,0,dormant
BlackBearMan,black bear man,Beasts of the Rim (Continued),mlie.beastsoftherim,Animal,True,1,4.840000152587891,0,60,,0,dormant
Giantala,giantala,Beasts of the Rim (Continued),mlie.beastsoftherim,Animal,True,4,3.5,1100,240,TropicalRainforest|TropicalSwamp,2,foreign
Worm,worm,Beasts of the Rim (Continued),mlie.beastsoftherim,Animal,True,1,4.840000152587891,400,60,TemperateForest|TemperateSwamp,2,foreign
Gigantelope,gigantelope,Beasts of the Rim (Continued),mlie.beastsoftherim,Animal,True,2,3.5999999046325684,500,120,BorealForest|TemperateForest|TemperateSwamp|TropicalRainforest|TropicalSwamp|Tundra,6,foreign
Jerbal,jerbal,Beasts of the Rim (Continued),mlie.beastsoftherim,Animal,True,1.899999976158142,3.4000000953674316,450,114,AridShrubland|Desert|ExtremeDesert,3,ours
Mandrill,mandrill,Beasts of the Rim (Continued),mlie.beastsoftherim,Animal,True,1,4.840000152587891,0,60,,0,dormant
MandrillMan,mandrill man,Beasts of the Rim (Continued),mlie.beastsoftherim,Animal,True,1,4.840000152587891,0,60,,0,dormant
Megasquid,megasquid,Beasts of the Rim (Continued),mlie.beastsoftherim,Animal,True,4,3,1400,240,TemperateForest|TemperateSwamp,2,foreign
Neanderthal,neanderthal,Beasts of the Rim (Continued),mlie.beastsoftherim,Animal,True,1,4.840000152587891,0,60,,0,dormant
Penguin,penguin,Beasts of the Rim (Continued),mlie.beastsoftherim,Animal,True,0.699999988079071,3.5,0,42,,0,dormant
Rabbuck,rabbuck,Beasts of the Rim (Continued),mlie.beastsoftherim,Animal,True,0.8999999761581421,4.840000152587891,300,54,BorealForest|TemperateForest|TemperateSwamp|Tundra,4,foreign
Toraton,toraton,Beasts of the Rim (Continued),mlie.beastsoftherim,Animal,True,3,2.5,1500,180,AridShrubland|Desert|TemperateForest|TemperateSwamp|TropicalRainforest|TropicalSwamp,6,ours
Yippa,yippa,Beasts of the Rim (Continued),mlie.beastsoftherim,Animal,True,0.8999999761581421,4.840000152587891,400,54,TropicalRainforest|TropicalSwamp,2,foreign
Zarander,zarander,Beasts of the Rim (Continued),mlie.beastsoftherim,Animal,True,0.800000011920929,3.5999999046325684,380,48,TropicalRainforest|TropicalSwamp,2,foreign
Zebra,zebra,Beasts of the Rim (Continued),mlie.beastsoftherim,Animal,True,0.8999999761581421,4.840000152587891,0,54,,0,dormant
BI_Queen,queen,Better Infestations (Continued),zal.betterinfestations,Animal,True,1.7999999523162842,3.5,2500,108,,0,dormant
CAMech_Scyther,summoned scyther,Caravan Adventures,iforgotmysocks.caravanadventures,ToolUser,False,1,4.699999809265137,1200,60,,0,dormant
CADevourer,Devourer,Caravan Adventures,iforgotmysocks.caravanadventures,ToolUser,False,3.200000047683716,3.5,1200,192,,0,dormant
CACrystalScythe,Crystal scythe,Caravan Adventures,iforgotmysocks.caravanadventures,ToolUser,False,1,5.5,1200,60,,0,dormant
CAHarbinger,Harbinger,Caravan Adventures,iforgotmysocks.caravanadventures,ToolUser,False,1,1.899999976158142,1200,60,,0,dormant
CAHavoc,Havoc,Caravan Adventures,iforgotmysocks.caravanadventures,ToolUser,False,1,1.899999976158142,1200,60,,0,dormant
CAEndBossMech,Judgment,Caravan Adventures,iforgotmysocks.caravanadventures,ToolUser,False,3.200000047683716,1.899999976158142,1200,192,,0,dormant
JOE_Landopus,landopus,Cephaloids,joe.cephaloids,Animal,True,0.15000000596046448,1.7999999523162842,50,9,Glowforest|Grasslands|TemperateForest|TemperateSwamp|TropicalRainforest|TropicalSwamp,6,foreign
JOE_Cephalope,cephalope,Cephaloids,joe.cephaloids,Animal,True,1.2000000476837158,8.800000190734863,250,72,AridShrubland|ColdBog|Glowforest|Grasslands|Scarlands|SeaIce|TemperateForest|TemperateSwamp|TropicalRainforest|TropicalSwamp,10,ours
JOE_Nautilant,nautilant,Cephaloids,joe.cephaloids,Animal,True,8.199999809265137,0.15000000596046448,8500,492,AridShrubland|BorealForest|ColdBog|Desert|ExtremeDesert|GlacialPlain|Glowforest|Grasslands|IceSheet|LavaField|Scarlands|SeaIce|TemperateForest|TemperateSwamp|TropicalRainforest|TropicalSwamp|Tundra,17,ours
DA_Barog,barogoth,Dark Ages : Beasts and Monsters,van.beasts,Animal,True,2.4000000953674316,4,340,144,ColdBog|TemperateSwamp|TropicalSwamp|ZBiome_Marsh,4,foreign
DA_BeardedTroll,bearded troll,Dark Ages : Beasts and Monsters,van.beasts,Animal,True,2,5,550,120,BorealForest|ColdBog|GlacialPlain|IceSheet|Tundra|ZBiome_GlacialShield,6,foreign
DA_BlackScribe,black scribe,Dark Ages : Beasts and Monsters,van.beasts,Animal,True,0.5,4.300000190734863,650,30,AridShrubland|Desert|ExtremeDesert|ZBiome_DesertOasis,4,ours
DA_Crestel,crestel,Dark Ages : Beasts and Monsters,van.beasts,Animal,True,4,5.599999904632568,1600,240,BorealForest|ColdBog|GlacialPlain|Tundra|ZBiome_GlacialShield,5,foreign
DA_DwarvenMuffton,dwarven muffton,Dark Ages : Beasts and Monsters,van.beasts,Animal,True,1.2999999523162842,5,350,78,BorealForest|ColdBog|GlacialPlain|Tundra|ZBiome_GlacialShield,5,foreign
DA_Snaptoad,giant snaptoad,Dark Ages : Beasts and Monsters,van.beasts,Animal,True,2.299999952316284,4.5,800,138,ColdBog|TemperateSwamp|TropicalSwamp|ZBiome_Marsh,4,foreign
DA_Goldilox,goldilox,Dark Ages : Beasts and Monsters,van.beasts,Animal,True,4,5.5,6450,240,,0,dormant
DA_IroncasketBeetle,ironcasket beetle,Dark Ages : Beasts and Monsters,van.beasts,Animal,True,0.5,2,200,30,,0,dormant
DA_Karabal,karabal,Dark Ages : Beasts and Monsters,van.beasts,Animal,True,1.399999976158142,5.5,520,84,AridShrubland|Desert|ExtremeDesert|ZBiome_CoastalDunes|ZBiome_DesertOasis,5,ours
DA_LeviathanCrab,leviathan,Dark Ages : Beasts and Monsters,van.beasts,Animal,True,3.299999952316284,4.599999904632568,1450,198,,0,dormant
DA_NorthernDrog,northern drog,Dark Ages : Beasts and Monsters,van.beasts,Animal,True,4,5.599999904632568,1750,240,BorealForest|ColdBog|GlacialPlain|Tundra|ZBiome_GlacialShield,5,foreign
DA_ForestOwlcat,forest owlcat,Dark Ages : Beasts and Monsters,van.beasts,Animal,True,0.3799999952316284,4.900000095367432,0,22.799999237060547,,0,dormant
DA_ArcticOwlcat,arctic owlcat,Dark Ages : Beasts and Monsters,van.beasts,Animal,True,0.3799999952316284,4.900000095367432,0,22.799999237060547,,0,dormant
DA_Phrak,phrak,Dark Ages : Beasts and Monsters,van.beasts,Animal,True,0.30000001192092896,4.300000190734863,250,18,ColdBog|TemperateSwamp|TropicalSwamp|ZBiome_Marsh,4,foreign
DA_Pilgrim,pilgrim,Dark Ages : Beasts and Monsters,van.beasts,Animal,True,2.4000000953674316,6,550,144,AridShrubland|Desert|ExtremeDesert|ZBiome_CoastalDunes|ZBiome_DesertOasis,5,ours
DA_RedhornedLarpah,red-horned larpah,Dark Ages : Beasts and Monsters,van.beasts,Animal,True,1,6.5,850,60,BorealForest|ColdBog|TemperateForest|Tundra|ZBiome_AlpineMeadow|ZBiome_CloudForest|ZBiome_GlacialShield|ZBiome_Grasslands,8,ours
DA_ImperialRedhound,imperial redhound,Dark Ages : Beasts and Monsters,van.beasts,Animal,True,2.1500000953674316,5.5,1250,129,,0,dormant
DA_RockTroll,rock troll,Dark Ages : Beasts and Monsters,van.beasts,Animal,True,4.5,3.5,5300,270,,0,dormant
DA_SilverMole,silver mole,Dark Ages : Beasts and Monsters,van.beasts,Animal,True,0.20000000298023224,7,0,12,,0,dormant
DA_Taraal,taraal,Dark Ages : Beasts and Monsters,van.beasts,Animal,True,2.5,5.599999904632568,800,150,BorealForest|ColdBog|TemperateForest|Tundra|ZBiome_GlacialShield,5,foreign
DA_SnowTaraal,snow taraal,Dark Ages : Beasts and Monsters,van.beasts,Animal,True,2.5,5.599999904632568,800,150,GlacialPlain|IceSheet|SeaIce|Tundra|ZBiome_GlacialShield,5,foreign
ERN_Amaro,amaro,Erin's Final Fantasy Animals,erin.ffanimals,Animal,True,1.25,4.599999904632568,550,75,AB_GelatinousSuperorganism|AB_IdyllicMeadows|AB_MiasmicMangrove|AB_MycoticJungle|AB_PyroclasticConflagration|AB_TarPits|AridShrubland|BorealForest|Desert|TemperateForest|TropicalRainforest|Tundra,12,ours
ERN_BigCarbuncle,grand carbuncle,Erin's Final Fantasy Animals,erin.ffanimals,Animal,True,1,5,0,60,,0,dormant
ERN_Carbuncle,carbuncle,Erin's Final Fantasy Animals,erin.ffanimals,Animal,True,0.6000000238418579,5,0,36,,0,dormant
ERN_Chocobo,chocobo,Erin's Final Fantasy Animals,erin.ffanimals,Animal,True,1,6,0,60,,0,dormant
GRimCobra,Colorful cobra,GRiNDTerra Biomes,grimterra.biomesmod,Animal,True,0.25,3.5,150,15,BiomeAreeb|BiomeCypreJungle|BiomeGRimberlands|BiomeGRimerald|BiomeGRimethyst|BiomeGRimond|BiomeGRimworld|BiomeGRuby|BiomeGRuquoise|BiomeGrindland|BiomeMist|BiomeToxlands,12,foreign
GRimTortoise,Colorful tortoise,GRiNDTerra Biomes,grimterra.biomesmod,Animal,True,0.5,1,200,30,BiomeAreeb|BiomeGRimethyst|BiomeGrindland|BiomeMist|BiomeToxlands,5,foreign
GRimMonitorLizard,Colorful monitor lizard,GRiNDTerra Biomes,grimterra.biomesmod,Animal,True,0.6000000238418579,3.5999999046325684,175,36,BiomeAreeb|BiomeGRimberlands|BiomeGRimethyst|BiomeGRimond|BiomeGRimphire|BiomeGrindland|BiomeToxlands,7,foreign
GRimBullfrog,Colorful bullfrog,GRiNDTerra Biomes,grimterra.biomesmod,Animal,True,0.20000000298023224,2.799999952316284,60,12,BiomeGRimberlands|BiomeGRimethyst|BiomeGRuby|BiomeGRuquoise|BiomeGrindland|BiomeToxlands,6,foreign
GRimLavaSnail,Colorful lava snail,GRiNDTerra Biomes,grimterra.biomesmod,Animal,True,0.8999999761581421,0.8500000238418579,180,54,BiomeGRimphire|BiomeGrindland,2,foreign
GRimPinkbird,pinkbird,GRiNDTerra Biomes,grimterra.biomesmod,Animal,True,0.15000000596046448,3.0999999046325684,30,9,BiomeArcticOasis|BiomeAreeb|BiomeGRimberlands|BiomeGRimerald|BiomeGRimonade|BiomeGRuquoise|BiomeGrindland|BiomeMist,8,foreign
GRimQuail,Colorful quail,GRiNDTerra Biomes,grimterra.biomesmod,Animal,True,0.25,3.0999999046325684,30,15,BiomeCypreJungle|BiomeGRimberlands|BiomeGRimethyst|BiomeGRimphire|BiomeGRuby|BiomeGrindland|BiomeMist|BiomeToxlands,8,foreign
GRimStoneCrab,Colorful stone crab,GRiNDTerra Biomes,grimterra.biomesmod,Animal,True,0.30000001192092896,2.200000047683716,80,18,BiomeAreeb|BiomeGRimberlands|BiomeGrindland,3,foreign
ThrumbaToad,Thrumba toad,GRiNDTerra Biomes,grimterra.biomesmod,Animal,True,3,4.5,5000,180,BiomeCypreJungle|BiomeGRimberlands|BiomeGRimethyst|BiomeGrindland|BiomeMist|BiomeToxlands,6,foreign
Visceral,visceral,Horrors (Continued),mlie.horrors,Animal,True,1.2000000476837158,3.8499999046325684,700,72,HorrorWastes,1,foreign
Bulwark,bulwark,Horrors (Continued),mlie.horrors,Animal,True,6.199999809265137,3.8499999046325684,3800,372,HorrorWastes,1,foreign
Terrorworm,terrorworm,Horrors (Continued),mlie.horrors,Animal,True,0.6000000238418579,2.8499999046325684,300,36,HorrorWastes,1,foreign
BroodLord,brood lord,Horrors (Continued),mlie.horrors,Animal,True,13.199999809265137,3.8499999046325684,38000,792,,0,dormant
Harvester,harvester,Horrors (Continued),mlie.horrors,Animal,True,13.199999809265137,8.850000381469727,8000,792,,0,dormant
Prowler,prowler,Horrors (Continued),mlie.horrors,ToolUser,False,0.6000000238418579,2.8499999046325684,300,36,,0,dormant
JRWAbrictosaurus,Abrictosaurus,Jurassic Rimworld - Dinosaurs Only (Continued),mlie.jurassicrimworlddinosaursonly,Animal,True,2.5,4.5,0,150,,0,dormant
JRWAcrocanthosaurus,Acrocanthosaurus,Jurassic Rimworld - Dinosaurs Only (Continued),mlie.jurassicrimworlddinosaursonly,Animal,True,5.75,6,0,345,,0,dormant
JRWAdalia,Adalia,Jurassic Rimworld - Dinosaurs Only (Continued),mlie.jurassicrimworlddinosaursonly,Animal,True,1.5,2.5,0,90,,0,dormant
JRWAgilisaurus,Agilisaurus,Jurassic Rimworld - Dinosaurs Only (Continued),mlie.jurassicrimworlddinosaursonly,Animal,True,2.5,4.5,0,150,,0,dormant
JRWAlbertosaurus,Albertosaurus,Jurassic Rimworld - Dinosaurs Only (Continued),mlie.jurassicrimworlddinosaursonly,Animal,True,3.5,6,0,210,,0,dormant
JRWAllosaurus,Allosaurus,Jurassic Rimworld - Dinosaurs Only (Continued),mlie.jurassicrimworlddinosaursonly,Animal,True,5.75,6,0,345,,0,dormant
JRWAnkylosaurus,Ankylosaurus,Jurassic Rimworld - Dinosaurs Only (Continued),mlie.jurassicrimworlddinosaursonly,Animal,True,5,4,0,300,,0,dormant
JRWAntarctopelta,Antarctopelta,Jurassic Rimworld - Dinosaurs Only (Continued),mlie.jurassicrimworlddinosaursonly,Animal,True,5,4,0,300,,0,dormant
JRWApatosaurus,Apatosaurus,Jurassic Rimworld - Dinosaurs Only (Continued),mlie.jurassicrimworlddinosaursonly,Animal,True,5.75,1.5,0,345,,0,dormant
JRWArchaeopteryx,Archaeopteryx,Jurassic Rimworld - Dinosaurs Only (Continued),mlie.jurassicrimworlddinosaursonly,Animal,True,1.5,4.5,500,90,TemperateForest|TropicalRainforest|ZBiome_Badlands|ZBiome_CloudForest,4,ours
JRWArgentinosaurus,Argentinosaurus,Jurassic Rimworld - Dinosaurs Only (Continued),mlie.jurassicrimworlddinosaursonly,Animal,True,5.75,1.5,0,345,,0,dormant
JRWArthropleura,Arthropleura,Jurassic Rimworld - Dinosaurs Only (Continued),mlie.jurassicrimworlddinosaursonly,Animal,True,4.5,2.5,500,270,BorealForest|TemperateForest|TropicalRainforest|TropicalSwamp|ZBiome_AlpineMeadow|ZBiome_Badlands|ZBiome_CloudForest,7,ours
JRWBagaceratops,Bagaceratops,Jurassic Rimworld - Dinosaurs Only (Continued),mlie.jurassicrimworlddinosaursonly,Animal,True,2,4,800,120,AridShrubland|BorealForest|Desert|TemperateForest|TropicalRainforest|ZBiome_AlpineMeadow|ZBiome_Badlands|ZBiome_CloudForest|ZBiome_CoastalDunes|ZBiome_DesertOasis|ZBiome_Grasslands,11,ours
JRWBaryonyx,Baryonyx,Jurassic Rimworld - Dinosaurs Only (Continued),mlie.jurassicrimworlddinosaursonly,Animal,True,3.5,6,0,210,,0,dormant
JRWBaseopsis,Baseopsis,Jurassic Rimworld - Dinosaurs Only (Continued),mlie.jurassicrimworlddinosaursonly,Animal,True,3,6,500,180,AridShrubland|Desert|ExtremeDesert|TropicalRainforest|ZBiome_CloudForest|ZBiome_CoastalDunes|ZBiome_DesertOasis|ZBiome_Grasslands|ZBiome_Sandbar_NoBeach,9,ours
JRWBecklespinax,Becklespinax,Jurassic Rimworld - Dinosaurs Only (Continued),mlie.jurassicrimworlddinosaursonly,Animal,True,3.5,6,0,210,,0,dormant
JRWBeelzebufo,Beelzebufo,Jurassic Rimworld - Dinosaurs Only (Continued),mlie.jurassicrimworlddinosaursonly,Animal,True,1.5,4.5,500,90,TemperateForest|TemperateSwamp|TropicalRainforest|TropicalSwamp|ZBiome_CloudForest,5,foreign
JRWBernicia,Bernicia,Jurassic Rimworld - Dinosaurs Only (Continued),mlie.jurassicrimworlddinosaursonly,Animal,True,1.5,1,500,90,BorealForest|TemperateForest|TemperateSwamp|TropicalRainforest|TropicalSwamp|ZBiome_AlpineMeadow|ZBiome_CloudForest,7,foreign
JRWBrachiosaurus,Brachiosaurus,Jurassic Rimworld - Dinosaurs Only (Continued),mlie.jurassicrimworlddinosaursonly,Animal,True,5.75,1.5,0,345,,0,dormant
JRWBrachytrachelopan,Brachytrachelopan,Jurassic Rimworld - Dinosaurs Only (Continued),mlie.jurassicrimworlddinosaursonly,Animal,True,5.75,2,2000,345,AridShrubland|Desert|TemperateForest|TropicalRainforest|ZBiome_Badlands|ZBiome_CloudForest|ZBiome_CoastalDunes|ZBiome_DesertOasis|ZBiome_Grasslands,9,ours
JRWCaihong,Caihong,Jurassic Rimworld - Dinosaurs Only (Continued),mlie.jurassicrimworlddinosaursonly,Animal,True,1.5,4.5,500,90,TemperateForest|TropicalRainforest|ZBiome_Badlands|ZBiome_CloudForest,4,ours
JRWCamarasaurus,Camarasaurus,Jurassic Rimworld - Dinosaurs Only (Continued),mlie.jurassicrimworlddinosaursonly,Animal,True,5.75,1.5,0,345,,0,dormant
JRWCamptosaurus,Camptosaurus,Jurassic Rimworld - Dinosaurs Only (Continued),mlie.jurassicrimworlddinosaursonly,Animal,True,5,5,0,300,,0,dormant
JRWCarcharodontosaurus,Carcharodontosaurus,Jurassic Rimworld - Dinosaurs Only (Continued),mlie.jurassicrimworlddinosaursonly,Animal,True,5.75,6,0,345,,0,dormant
JRWCarnotaurus,Carnotaurus,Jurassic Rimworld - Dinosaurs Only (Continued),mlie.jurassicrimworlddinosaursonly,Animal,True,3.5,6,0,210,,0,dormant
JRWCeratosaurus,Ceratosaurus,Jurassic Rimworld - Dinosaurs Only (Continued),mlie.jurassicrimworlddinosaursonly,Animal,True,3.5,6,0,210,,0,dormant
JRWCoahuilaceratops,Coahuilaceratops,Jurassic Rimworld - Dinosaurs Only (Continued),mlie.jurassicrimworlddinosaursonly,Animal,True,5,4,0,300,,0,dormant
JRWCoelophysis,Coelophysis,Jurassic Rimworld - Dinosaurs Only (Continued),mlie.jurassicrimworlddinosaursonly,Animal,True,1.5,5,0,90,,0,dormant
JRWCompsognathus,Compsognathus,Jurassic Rimworld - Dinosaurs Only (Continued),mlie.jurassicrimworlddinosaursonly,Animal,True,0.5,6,0,30,,0,dormant
JRWCorythosaurus,Corythosaurus,Jurassic Rimworld - Dinosaurs Only (Continued),mlie.jurassicrimworlddinosaursonly,Animal,True,5,5,0,300,,0,dormant
JRWCryolophosaurus,Cryolophosaurus,Jurassic Rimworld - Dinosaurs Only (Continued),mlie.jurassicrimworlddinosaursonly,Animal,True,3.5,6,0,210,,0,dormant
JRWCyclosphaeroma,Cyclosphaeroma,Jurassic Rimworld - Dinosaurs Only (Continued),mlie.jurassicrimworlddinosaursonly,Animal,True,1.5,2.5,0,90,,0,dormant
JRWDeinonychus,Deinonychus,Jurassic Rimworld - Dinosaurs Only (Continued),mlie.jurassicrimworlddinosaursonly,Animal,True,4,7.5,0,240,,0,dormant
JRWDeinosuchus,Deinosuchus,Jurassic Rimworld - Dinosaurs Only (Continued),mlie.jurassicrimworlddinosaursonly,Animal,True,5,4,0,300,,0,dormant
JRWDesmatosuchus,Desmatosuchus,Jurassic Rimworld - Dinosaurs Only (Continued),mlie.jurassicrimworlddinosaursonly,Animal,True,3.5,4,0,210,,0,dormant
JRWDilophosaurus,Dilophosaurus,Jurassic Rimworld - Dinosaurs Only (Continued),mlie.jurassicrimworlddinosaursonly,Animal,True,1.5,4.5,500,90,TemperateForest|TemperateSwamp|TropicalRainforest|TropicalSwamp|ZBiome_CloudForest,5,foreign
JRWDimetrodon,Dimetrodon,Jurassic Rimworld - Dinosaurs Only (Continued),mlie.jurassicrimworlddinosaursonly,Animal,True,3.5,4,0,210,,0,dormant
JRWDinilysia,dinilysia,Jurassic Rimworld - Dinosaurs Only (Continued),mlie.jurassicrimworlddinosaursonly,Animal,True,1.5,3.5,0,90,,0,dormant
JRWDiplocaulus,Diplocaulus,Jurassic Rimworld - Dinosaurs Only (Continued),mlie.jurassicrimworlddinosaursonly,Animal,True,1.5,4.5,500,90,TemperateForest|TemperateSwamp|TropicalRainforest|TropicalSwamp|ZBiome_CloudForest,5,foreign
JRWDracorex,Dracorex,Jurassic Rimworld - Dinosaurs Only (Continued),mlie.jurassicrimworlddinosaursonly,Animal,True,4,4,0,240,,0,dormant
JRWDrinker,Drinker,Jurassic Rimworld - Dinosaurs Only (Continued),mlie.jurassicrimworlddinosaursonly,Animal,True,2.5,4.5,0,150,,0,dormant
JRWDromaeosaurus,Dromaeosaurus,Jurassic Rimworld - Dinosaurs Only (Continued),mlie.jurassicrimworlddinosaursonly,Animal,True,4,7.5,0,240,,0,dormant
JRWDryosaurus,Dryosaurus,Jurassic Rimworld - Dinosaurs Only (Continued),mlie.jurassicrimworlddinosaursonly,Animal,True,2.5,4.5,0,150,,0,dormant
JRWEdaphosaurus,Edaphosaurus,Jurassic Rimworld - Dinosaurs Only (Continued),mlie.jurassicrimworlddinosaursonly,Animal,True,3.5,4,0,210,,0,dormant
JRWEdmontosaurus,Edmontosaurus,Jurassic Rimworld - Dinosaurs Only (Continued),mlie.jurassicrimworlddinosaursonly,Animal,True,5,5,0,300,,0,dormant
JRWEnigmosaurus,Enigmosaurus,Jurassic Rimworld - Dinosaurs Only (Continued),mlie.jurassicrimworlddinosaursonly,Animal,True,4.5,6,0,270,,0,dormant
JRWEstemmenosuchus,Estemmenosuchus,Jurassic Rimworld - Dinosaurs Only (Continued),mlie.jurassicrimworlddinosaursonly,Animal,True,5,4,0,300,,0,dormant
JRWEuoplocephalus,Euoplocephalus,Jurassic Rimworld - Dinosaurs Only (Continued),mlie.jurassicrimworlddinosaursonly,Animal,True,5,4,700,300,AridShrubland|BorealForest|Desert|TemperateForest|TropicalRainforest|ZBiome_AlpineMeadow|ZBiome_Badlands|ZBiome_CloudForest|ZBiome_CoastalDunes|ZBiome_DesertOasis|ZBiome_Grasslands,11,ours
JRWEuphoberia,Euphoberia,Jurassic Rimworld - Dinosaurs Only (Continued),mlie.jurassicrimworlddinosaursonly,Animal,True,1.5,2.5,500,90,BorealForest|TemperateForest|TropicalRainforest|TropicalSwamp|ZBiome_AlpineMeadow|ZBiome_Badlands|ZBiome_CloudForest,7,ours
JRWGallimimus,Gallimimus,Jurassic Rimworld - Dinosaurs Only (Continued),mlie.jurassicrimworlddinosaursonly,Animal,True,4,6,0,240,,0,dormant
JRWGasosaurus,Gasosaurus,Jurassic Rimworld - Dinosaurs Only (Continued),mlie.jurassicrimworlddinosaursonly,Animal,True,3.5,6,0,210,,0,dormant
JRWGeosternbergia,Geosternbergia,Jurassic Rimworld - Dinosaurs Only (Continued),mlie.jurassicrimworlddinosaursonly,Animal,True,2.5,6,500,150,BorealForest|TemperateForest|TropicalRainforest|ZBiome_AlpineMeadow|ZBiome_Badlands|ZBiome_CloudForest,6,ours
JRWGeralinura,Geralinura,Jurassic Rimworld - Dinosaurs Only (Continued),mlie.jurassicrimworlddinosaursonly,Animal,True,1.5,6,500,90,AridShrubland|BorealForest|Desert|ExtremeDesert|TemperateForest|TemperateSwamp|TropicalRainforest|TropicalSwamp|ZBiome_AlpineMeadow|ZBiome_Badlands|ZBiome_CloudForest|ZBiome_CoastalDunes|ZBiome_DesertOasis|ZBiome_Grasslands|ZBiome_Sandbar_NoBeach,15,ours
JRWGiganotosaurus,Giganotosaurus,Jurassic Rimworld - Dinosaurs Only (Continued),mlie.jurassicrimworlddinosaursonly,Animal,True,5.75,6,0,345,,0,dormant
JRWGigantophis,gigantophis,Jurassic Rimworld - Dinosaurs Only (Continued),mlie.jurassicrimworlddinosaursonly,Animal,True,3.5,3.5,0,210,,0,dormant
JRWGorgonops,Gorgonops,Jurassic Rimworld - Dinosaurs Only (Continued),mlie.jurassicrimworlddinosaursonly,Animal,True,2,6,700,120,AridShrubland|Desert|TemperateForest|TropicalRainforest|TropicalSwamp|ZBiome_Badlands|ZBiome_CloudForest|ZBiome_CoastalDunes|ZBiome_DesertOasis|ZBiome_Grasslands,10,ours
JRWHalszkaraptor,Halszkaraptor,Jurassic Rimworld - Dinosaurs Only (Continued),mlie.jurassicrimworlddinosaursonly,Animal,True,1.5,4.5,0,90,,0,dormant
JRWHolcorobeus,Holcorobeus,Jurassic Rimworld - Dinosaurs Only (Continued),mlie.jurassicrimworlddinosaursonly,Animal,True,1.5,2.5,0,90,,0,dormant
JRWHomalocephale,Homalocephale,Jurassic Rimworld - Dinosaurs Only (Continued),mlie.jurassicrimworlddinosaursonly,Animal,True,4,4,0,240,,0,dormant
JRWHylonomus,Hylonomus,Jurassic Rimworld - Dinosaurs Only (Continued),mlie.jurassicrimworlddinosaursonly,Animal,True,1.5,4.5,0,90,,0,dormant
JRWHynerpeton,Hynerpeton,Jurassic Rimworld - Dinosaurs Only (Continued),mlie.jurassicrimworlddinosaursonly,Animal,True,1.5,3,500,90,TemperateForest|TemperateSwamp|TropicalRainforest|TropicalSwamp|ZBiome_CloudForest,5,foreign
JRWHypsilophodon,Hypsilophodon,Jurassic Rimworld - Dinosaurs Only (Continued),mlie.jurassicrimworlddinosaursonly,Animal,True,1.5,4.5,0,90,,0,dormant
JRWIndominus,Indominus rex,Jurassic Rimworld - Dinosaurs Only (Continued),mlie.jurassicrimworlddinosaursonly,Animal,True,5,4.5,0,300,,0,dormant
JRWIndoraptor,Indoraptor,Jurassic Rimworld - Dinosaurs Only (Continued),mlie.jurassicrimworlddinosaursonly,Animal,True,5,9,0,300,,0,dormant
JRWIschigualastia,Ischigualastia,Jurassic Rimworld - Dinosaurs Only (Continued),mlie.jurassicrimworlddinosaursonly,Animal,True,5,4,700,300,AridShrubland|BorealForest|TemperateForest|TropicalRainforest|ZBiome_AlpineMeadow|ZBiome_Badlands|ZBiome_CloudForest|ZBiome_Grasslands,8,ours
JRWKaprosuchus,Kaprosuchus,Jurassic Rimworld - Dinosaurs Only (Continued),mlie.jurassicrimworlddinosaursonly,Animal,True,3.5,6,0,210,,0,dormant
JRWKentrosaurus,Kentrosaurus,Jurassic Rimworld - Dinosaurs Only (Continued),mlie.jurassicrimworlddinosaursonly,Animal,True,5,4,0,300,,0,dormant
JRWKileskus,Kileskus,Jurassic Rimworld - Dinosaurs Only (Continued),mlie.jurassicrimworlddinosaursonly,Animal,True,2,5,0,120,,0,dormant
JRWKosmoceratops,Kosmoceratops,Jurassic Rimworld - Dinosaurs Only (Continued),mlie.jurassicrimworlddinosaursonly,Animal,True,5,4,0,300,,0,dormant
JRWLycaenops,Lycaenops,Jurassic Rimworld - Dinosaurs Only (Continued),mlie.jurassicrimworlddinosaursonly,Animal,True,2,6,0,120,,0,dormant
JRWMacrelcana,Macrelcana,Jurassic Rimworld - Dinosaurs Only (Continued),mlie.jurassicrimworlddinosaursonly,Animal,True,1.5,2.5,500,90,BorealForest|TemperateForest|TemperateSwamp|TropicalRainforest|TropicalSwamp|ZBiome_AlpineMeadow|ZBiome_CloudForest,7,foreign
JRWManipulator,Manipulator,Jurassic Rimworld - Dinosaurs Only (Continued),mlie.jurassicrimworlddinosaursonly,Animal,True,1.5,6,500,90,TemperateForest|TemperateSwamp|TropicalRainforest|TropicalSwamp|ZBiome_CloudForest,5,foreign
JRWMeganeura,Meganeura,Jurassic Rimworld - Dinosaurs Only (Continued),mlie.jurassicrimworlddinosaursonly,Animal,True,1.5,2.5,500,90,BorealForest|TemperateForest|TemperateSwamp|TropicalRainforest|TropicalSwamp|ZBiome_AlpineMeadow|ZBiome_CloudForest,7,foreign
JRWMetriacanthosaurus,Metriacanthosaurus,Jurassic Rimworld - Dinosaurs Only (Continued),mlie.jurassicrimworlddinosaursonly,Animal,True,3.5,6,0,210,,0,dormant
JRWMicroceratus,Microceratus,Jurassic Rimworld - Dinosaurs Only (Continued),mlie.jurassicrimworlddinosaursonly,Animal,True,1.5,4.5,0,90,,0,dormant
JRWMochlodon,Mochlodon,Jurassic Rimworld - Dinosaurs Only (Continued),mlie.jurassicrimworlddinosaursonly,Animal,True,5,5,0,300,,0,dormant
JRWNanuqsaurus,Nanuqsaurus,Jurassic Rimworld - Dinosaurs Only (Continued),mlie.jurassicrimworlddinosaursonly,Animal,True,3.5,3,0,210,,0,dormant
JRWNasutoceratops,Nasutoceratops,Jurassic Rimworld - Dinosaurs Only (Continued),mlie.jurassicrimworlddinosaursonly,Animal,True,5,4,0,300,,0,dormant
JRWNyctosaurus,Nyctosaurus,Jurassic Rimworld - Dinosaurs Only (Continued),mlie.jurassicrimworlddinosaursonly,Animal,True,4,4,500,240,BorealForest|TemperateForest|TropicalRainforest|ZBiome_AlpineMeadow|ZBiome_Badlands|ZBiome_CloudForest,6,ours
JRWOphiacodon,Ophiacodon,Jurassic Rimworld - Dinosaurs Only (Continued),mlie.jurassicrimworlddinosaursonly,Animal,True,3.5,4,0,210,,0,dormant
JRWOrnithosuchus,Ornithosuchus,Jurassic Rimworld - Dinosaurs Only (Continued),mlie.jurassicrimworlddinosaursonly,Animal,True,3.5,6,0,210,,0,dormant
JRWOuranosaurus,Ouranosaurus,Jurassic Rimworld - Dinosaurs Only (Continued),mlie.jurassicrimworlddinosaursonly,Animal,True,5,5,0,300,,0,dormant
JRWOviraptor,Oviraptor,Jurassic Rimworld - Dinosaurs Only (Continued),mlie.jurassicrimworlddinosaursonly,Animal,True,4,6,0,240,,0,dormant
JRWPachycephalosaurus,Pachycephalosaurus,Jurassic Rimworld - Dinosaurs Only (Continued),mlie.jurassicrimworlddinosaursonly,Animal,True,4,4,0,240,,0,dormant
JRWPachyrhinosaurus,Pachyrhinosaurus,Jurassic Rimworld - Dinosaurs Only (Continued),mlie.jurassicrimworlddinosaursonly,Animal,True,5,4,0,300,,0,dormant
JRWParasaurolophus,Parasaurolophus,Jurassic Rimworld - Dinosaurs Only (Continued),mlie.jurassicrimworlddinosaursonly,Animal,True,5,5,0,300,,0,dormant
JRWParksosaurus,Parksosaurus,Jurassic Rimworld - Dinosaurs Only (Continued),mlie.jurassicrimworlddinosaursonly,Animal,True,1.5,4.5,0,90,,0,dormant
JRWPlatyhystrix,Platyhystrix,Jurassic Rimworld - Dinosaurs Only (Continued),mlie.jurassicrimworlddinosaursonly,Animal,True,1.5,3,500,90,TemperateForest|TemperateSwamp|TropicalRainforest|TropicalSwamp|ZBiome_CloudForest,5,foreign
JRWPrestosuchus,Prestosuchus,Jurassic Rimworld - Dinosaurs Only (Continued),mlie.jurassicrimworlddinosaursonly,Animal,True,3.5,6,0,210,,0,dormant
JRWProtoceratops,Protoceratops,Jurassic Rimworld - Dinosaurs Only (Continued),mlie.jurassicrimworlddinosaursonly,Animal,True,2,4,0,120,,0,dormant
JRWProtosolpuga,Protosolpuga,Jurassic Rimworld - Dinosaurs Only (Continued),mlie.jurassicrimworlddinosaursonly,Animal,True,1.5,6,500,90,AridShrubland|Desert|ExtremeDesert|TemperateForest|TemperateSwamp|TropicalSwamp|ZBiome_Badlands|ZBiome_CoastalDunes|ZBiome_DesertOasis|ZBiome_Grasslands|ZBiome_Sandbar_NoBeach,11,ours
JRWProtovermes,Protovermes,Jurassic Rimworld - Dinosaurs Only (Continued),mlie.jurassicrimworlddinosaursonly,Animal,True,0.20000000298023224,5.5,500,12,,0,dormant
JRWPsittacosaurus,Psittacosaurus,Jurassic Rimworld - Dinosaurs Only (Continued),mlie.jurassicrimworlddinosaursonly,Animal,True,1.5,4.5,0,90,,0,dormant
JRWPteranodon,Pteranodon,Jurassic Rimworld - Dinosaurs Only (Continued),mlie.jurassicrimworlddinosaursonly,Animal,True,2.5,6,500,150,BorealForest|TemperateForest|TropicalRainforest|ZBiome_AlpineMeadow|ZBiome_Badlands|ZBiome_CloudForest,6,ours
JRWPulmonoscorpius,Pulmonoscorpius,Jurassic Rimworld - Dinosaurs Only (Continued),mlie.jurassicrimworlddinosaursonly,Animal,True,1.5,6,500,90,TemperateForest|TemperateSwamp|TropicalRainforest|TropicalSwamp|ZBiome_CloudForest,5,foreign
JRWQantassaurus,Qantassaurus,Jurassic Rimworld - Dinosaurs Only (Continued),mlie.jurassicrimworlddinosaursonly,Animal,True,1.5,4.5,500,90,AridShrubland|Desert|TemperateForest|TropicalRainforest|ZBiome_Badlands|ZBiome_CloudForest|ZBiome_CoastalDunes|ZBiome_DesertOasis|ZBiome_Grasslands,9,ours
JRWQuetzalcoatlus,Quetzalcoatlus,Jurassic Rimworld - Dinosaurs Only (Continued),mlie.jurassicrimworlddinosaursonly,Animal,True,5,6,500,300,BorealForest|TemperateForest|TropicalRainforest|ZBiome_AlpineMeadow|ZBiome_Badlands|ZBiome_CloudForest,6,ours
JRWRajasaurus,Rajasaurus,Jurassic Rimworld - Dinosaurs Only (Continued),mlie.jurassicrimworlddinosaursonly,Animal,True,3.5,6,0,210,,0,dormant
JRWRhabdodon,Rhabdodon,Jurassic Rimworld - Dinosaurs Only (Continued),mlie.jurassicrimworlddinosaursonly,Animal,True,5,5,0,300,,0,dormant
JRWRhamphorhynchus,Rhamphorhynchus,Jurassic Rimworld - Dinosaurs Only (Continued),mlie.jurassicrimworlddinosaursonly,Animal,True,2.5,6,0,150,,0,dormant
JRWSaltasaurus,Saltasaurus,Jurassic Rimworld - Dinosaurs Only (Continued),mlie.jurassicrimworlddinosaursonly,Animal,True,4.5,1.5,0,270,,0,dormant
JRWSarcosuchus,Sarcosuchus,Jurassic Rimworld - Dinosaurs Only (Continued),mlie.jurassicrimworlddinosaursonly,Animal,True,5,4,0,300,,0,dormant
JRWScutosaurus,Scutosaurus,Jurassic Rimworld - Dinosaurs Only (Continued),mlie.jurassicrimworlddinosaursonly,Animal,True,5,4,0,300,,0,dormant
JRWSegnosaurus,Segnosaurus,Jurassic Rimworld - Dinosaurs Only (Continued),mlie.jurassicrimworlddinosaursonly,Animal,True,4.5,6,0,270,,0,dormant
JRWSpinosaurus,Spinosaurus,Jurassic Rimworld - Dinosaurs Only (Continued),mlie.jurassicrimworlddinosaursonly,Animal,True,5.75,6,0,345,,0,dormant
JRWStaurikosaurus,Staurikosaurus,Jurassic Rimworld - Dinosaurs Only (Continued),mlie.jurassicrimworlddinosaursonly,Animal,True,4,6,0,240,,0,dormant
JRWStegosaurus,Stegosaurus,Jurassic Rimworld - Dinosaurs Only (Continued),mlie.jurassicrimworlddinosaursonly,Animal,True,5,4,0,300,,0,dormant
JRWStygimoloch,Stygimoloch,Jurassic Rimworld - Dinosaurs Only (Continued),mlie.jurassicrimworlddinosaursonly,Animal,True,4,4,0,240,,0,dormant
JRWStyracosaurus,Styracosaurus,Jurassic Rimworld - Dinosaurs Only (Continued),mlie.jurassicrimworlddinosaursonly,Animal,True,5,4,0,300,,0,dormant
JRWSuchomimus,Suchomimus,Jurassic Rimworld - Dinosaurs Only (Continued),mlie.jurassicrimworlddinosaursonly,Animal,True,3.5,6,0,210,,0,dormant
JRWSupersaurus,Supersaurus,Jurassic Rimworld - Dinosaurs Only (Continued),mlie.jurassicrimworlddinosaursonly,Animal,True,5.75,1.5,0,345,,0,dormant
JRWTanystropheus,Tanystropheus,Jurassic Rimworld - Dinosaurs Only (Continued),mlie.jurassicrimworlddinosaursonly,Animal,True,3.5,6,0,210,,0,dormant
JRWTenontosaurus,Tenontosaurus,Jurassic Rimworld - Dinosaurs Only (Continued),mlie.jurassicrimworlddinosaursonly,Animal,True,5,5,0,300,,0,dormant
JRWTermitotron,Termitotron,Jurassic Rimworld - Dinosaurs Only (Continued),mlie.jurassicrimworlddinosaursonly,Animal,True,3,6,0,180,,0,dormant
JRWTherizinosaurus,Therizinosaurus,Jurassic Rimworld - Dinosaurs Only (Continued),mlie.jurassicrimworlddinosaursonly,Animal,True,4.5,6,0,270,,0,dormant
JRWTitanoboa,titanoboa,Jurassic Rimworld - Dinosaurs Only (Continued),mlie.jurassicrimworlddinosaursonly,Animal,True,3.5,3.5,0,210,,0,dormant
JRWTorosaurus,Torosaurus,Jurassic Rimworld - Dinosaurs Only (Continued),mlie.jurassicrimworlddinosaursonly,Animal,True,5,4,0,300,,0,dormant
JRWTriceratops,Triceratops,Jurassic Rimworld - Dinosaurs Only (Continued),mlie.jurassicrimworlddinosaursonly,Animal,True,5,4,0,300,,0,dormant
JRWTroodon,Troodon,Jurassic Rimworld - Dinosaurs Only (Continued),mlie.jurassicrimworlddinosaursonly,Animal,True,4,7.5,0,240,,0,dormant
JRWTupandactylus,Tupandactylus,Jurassic Rimworld - Dinosaurs Only (Continued),mlie.jurassicrimworlddinosaursonly,Animal,True,2.5,6,0,150,,0,dormant
JRWTyrannosaurus,Tyrannosaurus rex,Jurassic Rimworld - Dinosaurs Only (Continued),mlie.jurassicrimworlddinosaursonly,Animal,True,5.75,6,0,345,,0,dormant
JRWUdanoceratops,Udanoceratops,Jurassic Rimworld - Dinosaurs Only (Continued),mlie.jurassicrimworlddinosaursonly,Animal,True,2,4,0,120,,0,dormant
JRWValdosaurus,Valdosaurus,Jurassic Rimworld - Dinosaurs Only (Continued),mlie.jurassicrimworlddinosaursonly,Animal,True,1.5,4.5,0,90,,0,dormant
JRWVelociraptor,Velociraptor,Jurassic Rimworld - Dinosaurs Only (Continued),mlie.jurassicrimworlddinosaursonly,Animal,True,4,7.5,0,240,,0,dormant
JRWWonambi,wonambi,Jurassic Rimworld - Dinosaurs Only (Continued),mlie.jurassicrimworlddinosaursonly,Animal,True,1.5,3.5,0,90,,0,dormant
JRWYangchuanosaurus,Yangchuanosaurus,Jurassic Rimworld - Dinosaurs Only (Continued),mlie.jurassicrimworlddinosaursonly,Animal,True,5.75,6,0,345,,0,dormant
JRWYi,Yi,Jurassic Rimworld - Dinosaurs Only (Continued),mlie.jurassicrimworlddinosaursonly,Animal,True,1.5,4.5,0,90,,0,dormant
JRWYurlunggur,yurlunggur,Jurassic Rimworld - Dinosaurs Only (Continued),mlie.jurassicrimworlddinosaursonly,Animal,True,1.5,3.5,0,90,,0,dormant
JRWYutyrannus,Yutyrannus,Jurassic Rimworld - Dinosaurs Only (Continued),mlie.jurassicrimworlddinosaursonly,Animal,True,3.5,6,0,210,,0,dormant
JRWZalmoxes,Zalmoxes,Jurassic Rimworld - Dinosaurs Only (Continued),mlie.jurassicrimworlddinosaursonly,Animal,True,5,5,0,300,,0,dormant
JRWZephyrosaurus,Zephyrosaurus,Jurassic Rimworld - Dinosaurs Only (Continued),mlie.jurassicrimworlddinosaursonly,Animal,True,1.5,4.5,0,90,,0,dormant
TYR_HotfootRat,hotfoot rat,Little Critters,tyrannidae.littlecritters,Animal,True,0.20000000298023224,4,10,12,AB_PyroclasticConflagration|AB_TarPits|Desert|LavaField|Volcano,5,ours
TYR_KangarooRat,kangaroo rat,Little Critters,tyrannidae.littlecritters,Animal,True,0.20000000298023224,4,0,12,,0,dormant
TYR_Lemming,lemming,Little Critters,tyrannidae.littlecritters,Animal,True,0.20000000298023224,4,10,12,AB_PropaneLakes|BorealForest|ColdBog|GlacialPlain|IceSheet|SeaIce|Tundra|ZBiome_AlpineMeadow|ZBiome_GlacialShield|ZBiome_Iceberg_NoBeach,10,ours
TYR_Mouse,mouse,Little Critters,tyrannidae.littlecritters,Animal,True,0.20000000298023224,4,10,12,,0,dormant
TYR_MousePoison,poison mouse,Little Critters,tyrannidae.littlecritters,Animal,True,0.20000000298023224,4,10,12,AB_MiasmicMangrove|AB_MycoticJungle|Glowforest|PoisonForest|TropicalRainforest|TropicalSwamp,6,ours
Arthropleura,arthropleura,Megafauna,spino.megafauna,Animal,True,3.5,3.5,900,210,AB_FeraliskInfestedJungle|AB_GallatrossGraveyard|AB_GelatinousSuperorganism|AB_MechanoidIntrusion|AB_MiasmicMangrove|AB_MycoticJungle|AB_TarPits|AridShrubland|Glowforest|Grasslands|Scarlands|TemperateForest|TemperateSwamp|TropicalRainforest|TropicalSwamp|ZBiome_Badlands|ZBiome_CloudForest|ZBiome_Grasslands,18,ours
Doedicurus,doedicurus,Megafauna,spino.megafauna,Animal,True,3,2,1100,180,AB_GallatrossGraveyard|AB_TarPits|AridShrubland|BorealForest|Desert|ExtremeDesert|Grasslands|TemperateForest|TemperateSwamp|Tundra|ZBiome_AlpineMeadow|ZBiome_Badlands|ZBiome_CoastalDunes|ZBiome_DesertOasis|ZBiome_GlacialShield|ZBiome_Grasslands|ZBiome_Sandbar_NoBeach,17,ours
Daeodon,daeodon,Megafauna,spino.megafauna,Animal,True,3,5.5,0,180,,0,dormant
Gigantopithecus,gigantopithecus,Megafauna,spino.megafauna,Animal,True,3.5,4.199999809265137,0,210,,0,dormant
Paraceratherium,paraceratherium,Megafauna,spino.megafauna,Animal,True,15,4,0,900,,0,dormant
Titanis,titanis,Megafauna,spino.megafauna,Animal,True,3,7,1000,180,AB_FeraliskInfestedJungle|AB_GelatinousSuperorganism|AB_MiasmicMangrove|AridShrubland|Grasslands|TemperateForest|TropicalRainforest|TropicalSwamp|ZBiome_Badlands|ZBiome_CloudForest|ZBiome_Grasslands,11,ours
Titanoboa,titanoboa,Megafauna,spino.megafauna,Animal,True,12,4,0,720,,0,dormant
WoollyMammoth,woolly mammoth,Megafauna,spino.megafauna,Animal,True,5,4.199999809265137,0,300,,0,dormant
Elasmotherium,elasmotherium,Megafauna,spino.megafauna,Animal,True,4,4.599999904632568,1300,240,BorealForest|ColdBog|GlacialPlain|Grasslands|IceSheet|TemperateForest|TemperateSwamp|Tundra|ZBiome_AlpineMeadow|ZBiome_GlacialShield|ZBiome_Marsh,11,foreign
Smilodon,smilodon,Megafauna,spino.megafauna,Animal,True,2.5,5.75,0,150,,0,dormant
Chalicotherium,chalicotherium,Megafauna,spino.megafauna,Animal,True,4,4,0,240,,0,dormant
Megaloceros,megaloceros,Megafauna,spino.megafauna,Animal,True,4,5,1100,240,BorealForest|ColdBog|GlacialPlain|Glowforest|Grasslands|TemperateForest|TemperateSwamp|Tundra|ZBiome_AlpineMeadow|ZBiome_GlacialShield|ZBiome_Marsh,11,foreign
Procoptodon,procoptodon,Megafauna,spino.megafauna,Animal,True,3,4.5,0,180,,0,dormant
Megalania,megalania,Megafauna,spino.megafauna,Animal,True,3,3.4000000953674316,0,180,,0,dormant
Gomphotaria,gomphotaria,Megafauna,spino.megafauna,Animal,True,5,2.5,2000,300,ColdBog|GlacialPlain|IceSheet|SeaIce|Tundra|ZBiome_GlacialShield|ZBiome_Iceberg_NoBeach|ZBiome_Marsh,8,foreign
Diprotodon,diprotodon,Megafauna,spino.megafauna,Animal,True,4.199999809265137,3.200000047683716,0,251.99998474121094,,0,dormant
ShortfacedBear,Short-faced bear,Megafauna,spino.megafauna,Animal,True,4.5,5,0,270,,0,dormant
Dinocrocuta,dinocrocuta,Megafauna,spino.megafauna,Animal,True,3.5,5.349999904632568,1500,210,AB_GallatrossGraveyard|AB_TarPits|AridShrubland|Desert|Grasslands|ZBiome_CoastalDunes|ZBiome_DesertOasis|ZBiome_Grasslands,8,ours
Sivatherium,sivatherium ,Megafauna,spino.megafauna,Animal,True,8,4.400000095367432,1800,480,AridShrubland|Grasslands|ZBiome_Grasslands,3,ours
Andrewsarchus,andrewsarchus,Megafauna,spino.megafauna,Animal,True,5,4.800000190734863,0,300,,0,dormant
Dinornis,dinornis,Megafauna,spino.megafauna,Animal,True,5,6,1700,300,AB_GelatinousSuperorganism|AB_MiasmicMangrove|AB_MycoticJungle|AB_OcularForest|AridShrubland|Grasslands|TemperateForest|ZBiome_Badlands|ZBiome_Grasslands,9,ours
Macrauchenia,macrauchenia,Megafauna,spino.megafauna,Animal,True,4,6.199999809265137,1000,240,AridShrubland|Grasslands|TemperateForest|TropicalRainforest|TropicalSwamp|ZBiome_Badlands|ZBiome_CloudForest|ZBiome_Grasslands,8,ours
Quinkana,quinkana,Megafauna,spino.megafauna,Animal,True,3.5,5,0,210,,0,dormant
Deinotherium,deinotherium,Megafauna,spino.megafauna,Animal,True,5.5,4.300000190734863,0,330,,0,dormant
Aurochs,aurochs,Megafauna,spino.megafauna,Animal,True,3,4.699999809265137,0,180,,0,dormant
Megalochelys,megalochelys,Megafauna,spino.megafauna,Animal,True,4.5,1.2000000476837158,0,270,,0,dormant
Palaeeudyptes,palaeeudyptes,Megafauna,spino.megafauna,Animal,True,2.799999952316284,3.5,0,168,,0,dormant
Josephoartigasia,josephoartigasia,Megafauna,spino.megafauna,Animal,True,4,3.299999952316284,0,240,,0,dormant
Gigantophis,gigantophis,Megafauna,spino.megafauna,Animal,True,11,4.239999771118164,0,660,,0,dormant
Meganeura,meganeura,Megafauna,spino.megafauna,Animal,True,0.699999988079071,8,750,42,AB_FeraliskInfestedJungle|AB_GelatinousSuperorganism|AB_MechanoidIntrusion|AB_MiasmicMangrove|AB_MycoticJungle|AB_OcularForest|Glowforest|Grasslands|TemperateForest|TemperateSwamp|TropicalRainforest|TropicalSwamp|ZBiome_CloudForest,13,ours
Zygolophodon,zygolophodon,Megafauna,spino.megafauna,Animal,True,5.300000190734863,4,1900,318,BorealForest|GlacialPlain|TemperateForest|TemperateSwamp|ZBiome_AlpineMeadow,5,foreign
Platybelodon,platybelodon,Megafauna,spino.megafauna,Animal,True,4.5,3.5999999046325684,1200,270,BorealForest|Grasslands|TemperateForest|TropicalRainforest|ZBiome_AlpineMeadow|ZBiome_Badlands|ZBiome_CloudForest,7,ours
Purussaurus,purussaurus,Megafauna,spino.megafauna,Animal,True,10,4.25,0,600,,0,dormant
Uintatherium,uintatherium,Megafauna,spino.megafauna,Animal,True,4.5,3.5999999046325684,1000,270,AridShrubland|BorealForest|ColdBog|Grasslands|TemperateForest|TemperateSwamp|ZBiome_AlpineMeadow|ZBiome_Badlands|ZBiome_Grasslands|ZBiome_Marsh,10,ours
Pulmonoscorpius,pulmonoscorpius,Megafauna,spino.megafauna,Animal,True,1.100000023841858,3.75,1050,66,AB_FeraliskInfestedJungle|AB_GelatinousSuperorganism|AB_MechanoidIntrusion|AB_MycoticJungle|AB_OcularForest|AridShrubland|Desert|ExtremeDesert|Scarlands|TemperateForest|TemperateSwamp|ZBiome_Badlands|ZBiome_CoastalDunes|ZBiome_DesertOasis|ZBiome_Grasslands|ZBiome_Sandbar_NoBeach,16,ours
Dinopithecus,dinopithecus,Megafauna,spino.megafauna,Animal,True,2.5,5,0,150,,0,dormant
Castoroides,castoroides,Megafauna,spino.megafauna,Animal,True,1.75,4.099999904632568,0,105,,0,dormant
Enhydriodon,enhydriodon,Megafauna,spino.megafauna,Animal,True,3,5.25,0,180,,0,dormant
MO_AbominationRace,Abomination,Mo'Events (Continued),mlie.moevents,ToolUser,False,2,2.0999999046325684,0,160,,0,dormant
MA_Aminox,aminox,Mythic Ages: Megafauna Bestiary,veterano.mythicages.megafaunabestiary,Animal,True,3,3.799999952316284,900,180,BorealForest|ColdBog|IceSheet|TemperateForest|Tundra,5,foreign
MA_Capryak,Capryak,Mythic Ages: Megafauna Bestiary,veterano.mythicages.megafaunabestiary,Animal,True,3,3.799999952316284,0,180,,0,dormant
MA_Deermoss,deermoss,Mythic Ages: Megafauna Bestiary,veterano.mythicages.megafaunabestiary,Animal,True,2.5,4.5,1600,150,BorealForest|ColdBog|GlacialPlain|IceSheet|TemperateForest|TemperateSwamp|Tundra|ZBiome_AlpineMeadow|ZBiome_GlacialShield|ZBiome_Marsh,10,foreign
MA_Direhorse,direhorse,Mythic Ages: Megafauna Bestiary,veterano.mythicages.megafaunabestiary,Animal,True,2.200000047683716,6,0,132,,0,dormant
MA_Dunbear,dunbear,Mythic Ages: Megafauna Bestiary,veterano.mythicages.megafaunabestiary,Animal,True,4,3.799999952316284,0,240,,0,dormant
MA_Duskhorn,duskhorn,Mythic Ages: Megafauna Bestiary,veterano.mythicages.megafaunabestiary,Animal,True,3,4.099999904632568,0,180,,0,dormant
MA_Furpotamus,furpotamus,Mythic Ages: Megafauna Bestiary,veterano.mythicages.megafaunabestiary,Animal,True,3.5999999046325684,3.5,0,216,,0,dormant
MA_Gnaut,gnaut,Mythic Ages: Megafauna Bestiary,veterano.mythicages.megafaunabestiary,Animal,True,1.5,4.400000095367432,600,90,BorealForest|ColdBog|GlacialPlain|IceSheet|TemperateForest|TemperateSwamp|Tundra|ZBiome_AlpineMeadow|ZBiome_GlacialShield|ZBiome_Marsh,10,foreign
MA_Harpeagle,harpeagle,Mythic Ages: Megafauna Bestiary,veterano.mythicages.megafaunabestiary,Animal,True,2.5,4.599999904632568,0,150,,0,dormant
MA_Hellboar,Hellboar,Mythic Ages: Megafauna Bestiary,veterano.mythicages.megafaunabestiary,Animal,True,3,3.9000000953674316,1950,180,AridShrubland|BorealForest|Desert|ExtremeDesert|TemperateForest|TemperateSwamp|Tundra|ZBiome_Badlands|ZBiome_CoastalDunes|ZBiome_DesertOasis|ZBiome_Grasslands|ZBiome_Sandbar_NoBeach,12,ours
MA_Manehound,manehound,Mythic Ages: Megafauna Bestiary,veterano.mythicages.megafaunabestiary,Animal,True,2.1500000953674316,5,0,129,,0,dormant
MA_Narkospider,narkospider,Mythic Ages: Megafauna Bestiary,veterano.mythicages.megafaunabestiary,Animal,True,1.899999976158142,4.300000190734863,500,114,,0,dormant
MA_Plastemmoth,Plastemmoth,Mythic Ages: Megafauna Bestiary,veterano.mythicages.megafaunabestiary,Animal,True,3.700000047683716,3.700000047683716,0,222,,0,dormant
MA_PlastemmothAlpha,Plastemmoth alpha,Mythic Ages: Megafauna Bestiary,veterano.mythicages.megafaunabestiary,Animal,True,4.599999904632568,3.700000047683716,6500,276,,0,dormant
MA_Raptorkhan,raptorkhan,Mythic Ages: Megafauna Bestiary,veterano.mythicages.megafaunabestiary,Animal,True,2.0999999046325684,6,1400,125.99999237060547,AridShrubland|BorealForest|Desert|ExtremeDesert|GlacialPlain|IceSheet|TemperateForest|TemperateSwamp|TropicalRainforest|Tundra|ZBiome_Badlands|ZBiome_CloudForest|ZBiome_CoastalDunes|ZBiome_DesertOasis|ZBiome_Grasslands|ZBiome_Sandbar_NoBeach,16,ours
MA_Scarodon,scarodon,Mythic Ages: Megafauna Bestiary,veterano.mythicages.megafaunabestiary,Animal,True,3.0999999046325684,4.199999809265137,0,186,,0,dormant
MA_Simbakub,Simbakub,Mythic Ages: Megafauna Bestiary,veterano.mythicages.megafaunabestiary,Animal,True,1.7000000476837158,4.400000095367432,0,102,,0,dormant
MA_SimbakubAlpha,Simbakub Alpha,Mythic Ages: Megafauna Bestiary,veterano.mythicages.megafaunabestiary,Animal,True,2.200000047683716,4.400000095367432,0,132,,0,dormant
MA_Sivatherium,sivatherium,Mythic Ages: Megafauna Bestiary,veterano.mythicages.megafaunabestiary,Animal,True,3.299999952316284,4.199999809265137,1800,198,AridShrubland|BorealForest|ColdBog|TemperateForest|TropicalRainforest|ZBiome_GlacialShield|ZBiome_Grasslands|ZBiome_Marsh,8,ours
MA_Sporemole,Sporemole,Mythic Ages: Megafauna Bestiary,veterano.mythicages.megafaunabestiary,Animal,True,1.7999999523162842,3.799999952316284,850,108,BorealForest|ColdBog|TemperateForest|TemperateSwamp|Tundra,5,foreign
MA_Worhin,worhin,Mythic Ages: Megafauna Bestiary,veterano.mythicages.megafaunabestiary,Animal,True,4,3.700000047683716,2800,240,AridShrubland|BorealForest|ColdBog|GlacialPlain|IceSheet|TemperateForest|TemperateSwamp|Tundra|ZBiome_AlpineMeadow|ZBiome_Badlands|ZBiome_CoastalDunes|ZBiome_DesertOasis|ZBiome_GlacialShield|ZBiome_Marsh,14,ours
IronScruff_Tardigrade,giant tardigrade,Primordial Geysers,ironscruff.primordialgeysers,Animal,True,2.4000000953674316,4,0,144,,0,dormant
IronScruff_Hydrazoa,hydrazoa,Primordial Geysers,ironscruff.primordialgeysers,Animal,True,1,5,0,60,,0,dormant
IronScruff_Flatworm,flatworm hound,Primordial Geysers,ironscruff.primordialgeysers,Animal,True,0.75,4.099999904632568,0,45,,0,dormant
IronScruff_Jellybird,jellybird,Primordial Geysers,ironscruff.primordialgeysers,Animal,True,0.20000000298023224,5.099999904632568,0,12,,0,dormant
Ling_Cockroach,Giant Cockroach,Rim cockroach,lingluo.cockroach,Animal,True,2,4.5,800,120,AridShrubland|Desert|ExtremeDesert|TemperateForest|TemperateSwamp|TropicalRainforest|TropicalSwamp,7,ours
Ling_Cockroach_Mechanoid,Mechanical Cockroach,Rim cockroach,lingluo.cockroach,ToolUser,False,2,4.699999809265137,1200,120,,0,dormant
Scuttlebug,Space Worm,Space Worms (Continued),mlie.spaceworms,Animal,True,0.20000000298023224,5.699999809265137,100,12,,0,dormant
Dewback,dewback,Star Wars Animal Collection (Continued),mlie.starwarsanimalcollection,Animal,True,3,4.699999809265137,700,180,AridShrubland|BorealForest|Desert|Grasslands|TemperateForest|TropicalRainforest|Tundra|ZBiome_Badlands|ZBiome_CloudForest|ZBiome_CoastalDunes|ZBiome_DesertOasis|ZBiome_Grasslands,12,ours
Rancor,Rancor,Star Wars Animal Collection (Continued),mlie.starwarsanimalcollection,Animal,True,6,5,3000,360,AridShrubland|BorealForest|Desert|GlacialPlain|Glowforest|Grasslands|IceSheet|Scarlands|TemperateForest|TropicalRainforest|Tundra|ZBiome_AlpineMeadow|ZBiome_Badlands|ZBiome_CloudForest|ZBiome_CoastalDunes|ZBiome_DesertOasis|ZBiome_GlacialShield|ZBiome_Grasslands|ZBiome_Marsh,19,ours
Bantha,bantha,Star Wars Animal Collection (Continued),mlie.starwarsanimalcollection,Animal,True,4,4.5,650,240,AridShrubland|BorealForest|Desert|GlacialPlain|Grasslands|Scarlands|TemperateForest|TropicalRainforest|Tundra|ZBiome_AlpineMeadow|ZBiome_Badlands|ZBiome_CloudForest|ZBiome_CoastalDunes|ZBiome_DesertOasis|ZBiome_GlacialShield|ZBiome_Grasslands,16,ours
Nexu,nexu,Star Wars Animal Collection (Continued),mlie.starwarsanimalcollection,Animal,True,2.5,6,1000,150,AridShrubland|BorealForest|Desert|GlacialPlain|Glowforest|Grasslands|TemperateForest|TropicalRainforest|Tundra|ZBiome_AlpineMeadow|ZBiome_Badlands|ZBiome_CloudForest|ZBiome_DesertOasis|ZBiome_GlacialShield|ZBiome_Grasslands|ZBiome_Marsh,16,ours
Acklay,acklay,Star Wars Animal Collection (Continued),mlie.starwarsanimalcollection,Animal,True,3,5,1800,180,AridShrubland|BorealForest|Desert|Glowforest|Grasslands|TemperateForest|TropicalRainforest|Tundra|ZBiome_Badlands|ZBiome_CloudForest|ZBiome_CoastalDunes|ZBiome_DesertOasis|ZBiome_Grasslands|ZBiome_Marsh,14,ours
Tauntaun,tauntaun,Star Wars Animal Collection (Continued),mlie.starwarsanimalcollection,Animal,True,1,5,700,60,BorealForest|GlacialPlain|IceSheet|Tundra|ZBiome_CloudForest|ZBiome_GlacialShield,6,foreign
KraytDragon,krayt dragon,Star Wars Animal Collection (Continued),mlie.starwarsanimalcollection,Animal,True,12,5,3600,720,AridShrubland|Desert|ExtremeDesert|Tundra|ZBiome_Badlands|ZBiome_DesertOasis,6,ours
Reek,reek,Star Wars Animal Collection (Continued),mlie.starwarsanimalcollection,Animal,True,3,5,1500,180,AridShrubland|BorealForest|Glowforest|Grasslands|TemperateForest|TropicalRainforest|ZBiome_Badlands|ZBiome_CloudForest|ZBiome_CoastalDunes|ZBiome_DesertOasis|ZBiome_Grasslands|ZBiome_Marsh,12,ours
Nerf,nerf,Star Wars Animal Collection (Continued),mlie.starwarsanimalcollection,Animal,True,2,3.200000047683716,400,120,AridShrubland|BorealForest|Desert|IceSheet|TemperateForest|TropicalRainforest|Tundra,7,ours
Gizka,gizka,Star Wars Animal Collection (Continued),mlie.starwarsanimalcollection,Animal,True,0.18000000715255737,3,100,10.800000190734863,AridShrubland|Desert|ExtremeDesert|Glowforest|Grasslands|LavaField|Scarlands|TemperateForest|TemperateSwamp|TropicalRainforest|TropicalSwamp|ZBiome_AlpineMeadow|ZBiome_Badlands|ZBiome_CloudForest|ZBiome_CoastalDunes|ZBiome_DesertOasis|ZBiome_Grasslands|ZBiome_Marsh|ZBiome_Sandbar_NoBeach,19,ours
Porg,porg,Star Wars Animal Collection (Continued),mlie.starwarsanimalcollection,Animal,True,0.18000000715255737,2.0999999046325684,75,10.800000190734863,AridShrubland|BorealForest|ColdBog|GlacialPlain|Glowforest|Grasslands|TemperateForest|TemperateSwamp|TropicalSwamp|Tundra|ZBiome_AlpineMeadow|ZBiome_CloudForest|ZBiome_CoastalDunes|ZBiome_GlacialShield|ZBiome_Grasslands|ZBiome_Marsh|ZBiome_Sandbar_NoBeach,17,ours
Vulptex,vulptex,Star Wars Animal Collection (Continued),mlie.starwarsanimalcollection,Animal,True,0.550000011920929,3.0999999046325684,100,33,AridShrubland|BorealForest|Desert|ExtremeDesert|GlacialPlain|Grasslands|TemperateForest|TropicalRainforest|Tundra|ZBiome_Badlands|ZBiome_CloudForest|ZBiome_CoastalDunes|ZBiome_DesertOasis|ZBiome_GlacialShield|ZBiome_Grasslands|ZBiome_Sandbar_NoBeach,16,ours
Wampa,Wampa,Star Wars Animal Collection (Continued),mlie.starwarsanimalcollection,Animal,True,6,5,2500,360,BorealForest|ColdBog|GlacialPlain|IceSheet|Tundra|ZBiome_CloudForest|ZBiome_GlacialShield,7,foreign
Akk,akk,Star Wars Animal Collection (Continued),mlie.starwarsanimalcollection,Animal,True,3,5,800,180,AridShrubland|BorealForest|Grasslands|LavaField|Scarlands|TemperateForest|TropicalRainforest|Tundra|ZBiome_Badlands|ZBiome_CoastalDunes|ZBiome_DesertOasis|ZBiome_Grasslands,12,ours
Aiwha,aiwha,Star Wars Animal Collection (Continued),mlie.starwarsanimalcollection,Animal,True,3,3,750,180,BorealForest|IceSheet|TemperateForest|TropicalRainforest|Tundra|ZBiome_CloudForest|ZBiome_CoastalDunes|ZBiome_Marsh|ZBiome_Sandbar_NoBeach,9,foreign
Anooba,anooba,Star Wars Animal Collection (Continued),mlie.starwarsanimalcollection,Animal,True,0.949999988079071,5,400,57,AridShrubland|BorealForest|Desert|ExtremeDesert|GlacialPlain|Grasslands|Scarlands|TemperateForest|TropicalRainforest|Tundra|ZBiome_AlpineMeadow|ZBiome_Badlands|ZBiome_CloudForest|ZBiome_CoastalDunes|ZBiome_GlacialShield|ZBiome_Grasslands,16,ours
Behemoth,behemoth,Star Wars Animal Collection (Continued),mlie.starwarsanimalcollection,Animal,True,6,4.699999809265137,2500,360,AridShrubland|BorealForest|ColdBog|GlacialPlain|IceSheet|TemperateForest|TemperateSwamp|Tundra|ZBiome_CloudForest|ZBiome_GlacialShield,10,ours
Beldon,beldon,Star Wars Animal Collection (Continued),mlie.starwarsanimalcollection,Animal,True,6,2,1000,360,AridShrubland|BorealForest|ColdBog|Desert|ExtremeDesert|GlacialPlain|Glowforest|IceSheet|TemperateForest|TemperateSwamp|TropicalSwamp|Tundra|ZBiome_AlpineMeadow|ZBiome_CloudForest|ZBiome_CoastalDunes|ZBiome_DesertOasis|ZBiome_GlacialShield|ZBiome_Marsh|ZBiome_Sandbar_NoBeach,19,ours
Boarwolf,Boar-wolf,Star Wars Animal Collection (Continued),mlie.starwarsanimalcollection,Animal,True,2,5,500,120,BorealForest|Grasslands|TemperateForest|TropicalRainforest|ZBiome_CloudForest|ZBiome_Grasslands,6,ours
Blarth,blarth,Star Wars Animal Collection (Continued),mlie.starwarsanimalcollection,Animal,True,0.3199999928474426,3.0999999046325684,150,19.19999885559082,ColdBog|TemperateForest|TemperateSwamp|TropicalRainforest|TropicalSwamp|ZBiome_Marsh,6,foreign
Blixus,blixus,Star Wars Animal Collection (Continued),mlie.starwarsanimalcollection,Animal,True,4,3,1500,240,ColdBog|Glowforest|TemperateForest|TemperateSwamp|TropicalRainforest|TropicalSwamp|ZBiome_DesertOasis|ZBiome_Marsh|ZBiome_Sandbar_NoBeach,9,ours
Blurrg,blurrg,Star Wars Animal Collection (Continued),mlie.starwarsanimalcollection,Animal,True,2.5,5,700,150,AridShrubland|BorealForest|Desert|Grasslands|LavaField|TemperateForest|TropicalRainforest|ZBiome_Badlands|ZBiome_DesertOasis|ZBiome_Grasslands,10,ours
Bolotaur,bolotaur,Star Wars Animal Collection (Continued),mlie.starwarsanimalcollection,Animal,True,3,5.5,500,180,AridShrubland|Desert|TemperateForest|TropicalRainforest|ZBiome_AlpineMeadow|ZBiome_CloudForest,6,ours
Bogwing,bogwing,Star Wars Animal Collection (Continued),mlie.starwarsanimalcollection,Animal,True,0.699999988079071,3,100,42,ColdBog|Glowforest|LavaField|TemperateForest|TemperateSwamp|TropicalRainforest|TropicalSwamp|ZBiome_CloudForest|ZBiome_CoastalDunes|ZBiome_DesertOasis|ZBiome_Marsh|ZBiome_Sandbar_NoBeach,12,ours
Boma,boma,Star Wars Animal Collection (Continued),mlie.starwarsanimalcollection,Animal,True,2,3.5999999046325684,450,120,AridShrubland|Grasslands|TemperateForest|TemperateSwamp|TropicalRainforest|TropicalSwamp|ZBiome_Badlands|ZBiome_CloudForest|ZBiome_Grasslands,9,ours
Bordok,bordok,Star Wars Animal Collection (Continued),mlie.starwarsanimalcollection,Animal,True,1.399999976158142,5,360,84,BorealForest|ColdBog|GlacialPlain|Grasslands|TemperateForest|TemperateSwamp|TropicalRainforest|TropicalSwamp|Tundra|ZBiome_AlpineMeadow|ZBiome_CloudForest|ZBiome_GlacialShield|ZBiome_Grasslands|ZBiome_Marsh,14,ours
Borcatu,Borcatu,Star Wars Animal Collection (Continued),mlie.starwarsanimalcollection,Animal,True,0.4000000059604645,4.099999904632568,100,24,AridShrubland|BorealForest|ColdBog|Desert|Grasslands|LavaField|Scarlands|TemperateForest|TemperateSwamp|TropicalRainforest|TropicalSwamp|Tundra|ZBiome_AlpineMeadow|ZBiome_Badlands|ZBiome_CloudForest|ZBiome_DesertOasis|ZBiome_GlacialShield|ZBiome_Grasslands,18,ours
Brezak,brezak,Star Wars Animal Collection (Continued),mlie.starwarsanimalcollection,Animal,True,3,3.5,700,180,AridShrubland|Desert|ExtremeDesert|LavaField|TemperateForest|TropicalRainforest|ZBiome_CloudForest|ZBiome_DesertOasis,8,ours
Bursa,bursa,Star Wars Animal Collection (Continued),mlie.starwarsanimalcollection,Animal,True,2.5,4.599999904632568,750,150,AridShrubland|BorealForest|ColdBog|GlacialPlain|Glowforest|Grasslands|TemperateForest|TemperateSwamp|TropicalRainforest|TropicalSwamp|Tundra|ZBiome_CloudForest|ZBiome_GlacialShield|ZBiome_Grasslands|ZBiome_Marsh,15,ours
CanCell,can-cell,Star Wars Animal Collection (Continued),mlie.starwarsanimalcollection,Animal,True,1.4500000476837158,5,200,87,ColdBog|Glowforest|Grasslands|TemperateForest|TemperateSwamp|TropicalRainforest|TropicalSwamp|ZBiome_AlpineMeadow|ZBiome_CloudForest|ZBiome_CoastalDunes|ZBiome_DesertOasis|ZBiome_Grasslands|ZBiome_Marsh|ZBiome_Sandbar_NoBeach,14,ours
Cannok,cannok,Star Wars Animal Collection (Continued),mlie.starwarsanimalcollection,Animal,True,0.8500000238418579,4.599999904632568,250,51,AridShrubland|BorealForest|Desert|Glowforest|Grasslands|Scarlands|TemperateForest|TemperateSwamp|TropicalRainforest|TropicalSwamp|Tundra|ZBiome_Badlands|ZBiome_CloudForest|ZBiome_DesertOasis|ZBiome_Grasslands|ZBiome_Marsh,16,ours
ChrysalideRancor,chrysalide rancor,Star Wars Animal Collection (Continued),mlie.starwarsanimalcollection,Animal,True,8,5.5,4000,480,Scarlands|ZBiome_Badlands,2,ours
Clodhopper,clodhopper,Star Wars Animal Collection (Continued),mlie.starwarsanimalcollection,Animal,True,0.5,2,100,30,AridShrubland|BorealForest|Desert|Grasslands|TemperateForest|TemperateSwamp|TropicalRainforest|TropicalSwamp|ZBiome_AlpineMeadow|ZBiome_Badlands|ZBiome_Grasslands,11,ours
Convor,convor,Star Wars Animal Collection (Continued),mlie.starwarsanimalcollection,Animal,True,0.4000000059604645,3,60,24,AridShrubland|BorealForest|ColdBog|Desert|GlacialPlain|Glowforest|TemperateForest|TemperateSwamp|TropicalRainforest|TropicalSwamp|Tundra|ZBiome_AlpineMeadow|ZBiome_CloudForest|ZBiome_CoastalDunes|ZBiome_GlacialShield|ZBiome_Marsh,16,ours
CorellianHound,corellian hound,Star Wars Animal Collection (Continued),mlie.starwarsanimalcollection,Animal,True,0.8500000238418579,5,350,51,Scarlands,1,ours
Corinathoth,corinathoth,Star Wars Animal Collection (Continued),mlie.starwarsanimalcollection,Animal,True,4,2,500,240,AridShrubland|BorealForest|TemperateForest|TemperateSwamp|TropicalRainforest|TropicalSwamp|ZBiome_AlpineMeadow|ZBiome_Badlands|ZBiome_CloudForest|ZBiome_CoastalDunes|ZBiome_DesertOasis,11,ours
Dactillion,dactillion,Star Wars Animal Collection (Continued),mlie.starwarsanimalcollection,Animal,True,3,3,750,180,AridShrubland|Desert|ExtremeDesert|Grasslands|TemperateForest|TropicalRainforest|ZBiome_AlpineMeadow|ZBiome_Badlands|ZBiome_CloudForest|ZBiome_CoastalDunes|ZBiome_DesertOasis|ZBiome_Grasslands|ZBiome_Sandbar_NoBeach,13,ours
Dalgo,dalgo,Star Wars Animal Collection (Continued),mlie.starwarsanimalcollection,Animal,True,2.5,5.599999904632568,500,150,AridShrubland|Grasslands|TemperateForest|TemperateSwamp|TropicalRainforest|TropicalSwamp|ZBiome_AlpineMeadow|ZBiome_CoastalDunes|ZBiome_DesertOasis|ZBiome_Grasslands,10,ours
Devourers,devourer,Star Wars Animal Collection (Continued),mlie.starwarsanimalcollection,Animal,True,2.5,4.5,1000,150,Glowforest|Scarlands|TemperateForest|TemperateSwamp|TropicalRainforest|TropicalSwamp|ZBiome_CloudForest|ZBiome_Marsh,8,ours
Dianoga,dianoga,Star Wars Animal Collection (Continued),mlie.starwarsanimalcollection,Animal,True,4,2.799999952316284,750,240,ColdBog|Scarlands|TemperateForest|TemperateSwamp|TropicalRainforest|TropicalSwamp|ZBiome_Marsh|ZBiome_Sandbar_NoBeach,8,ours
Dragonsnake,Dragonsnake,Star Wars Animal Collection (Continued),mlie.starwarsanimalcollection,Animal,True,4,3,2000,240,ColdBog|TemperateSwamp|TropicalRainforest|TropicalSwamp|ZBiome_CoastalDunes|ZBiome_Marsh,6,foreign
Drexl,drexl,Star Wars Animal Collection (Continued),mlie.starwarsanimalcollection,Animal,True,5,3,2750,300,AridShrubland|Desert|ExtremeDesert|Grasslands|Scarlands|TemperateForest|TemperateSwamp|TropicalRainforest|TropicalSwamp|ZBiome_Badlands|ZBiome_CloudForest|ZBiome_DesertOasis|ZBiome_Grasslands,13,ours
EnergySpider,energy spider,Star Wars Animal Collection (Continued),mlie.starwarsanimalcollection,Animal,True,3,5,3000,180,AridShrubland|Desert|ExtremeDesert|Glowforest|ZBiome_Badlands,5,ours
Eopie,eopie,Star Wars Animal Collection (Continued),mlie.starwarsanimalcollection,Animal,True,1.399999976158142,4.300000190734863,200,84,AridShrubland|Desert|ExtremeDesert|Grasslands|Scarlands|TemperateForest|TropicalRainforest|Tundra|ZBiome_Badlands|ZBiome_CloudForest|ZBiome_CoastalDunes|ZBiome_DesertOasis|ZBiome_Grasslands,13,ours
Falumpaset,falumpaset,Star Wars Animal Collection (Continued),mlie.starwarsanimalcollection,Animal,True,3,4.300000190734863,350,180,AridShrubland|BorealForest|ColdBog|Grasslands|Scarlands|TemperateForest|TemperateSwamp|TropicalRainforest|TropicalSwamp|ZBiome_AlpineMeadow|ZBiome_CloudForest|ZBiome_Grasslands,12,ours
Fambaa,fambaa,Star Wars Animal Collection (Continued),mlie.starwarsanimalcollection,Animal,True,6,4.699999809265137,1000,360,ColdBog|Glowforest|Grasslands|TemperateForest|TemperateSwamp|TropicalRainforest|TropicalSwamp|ZBiome_Grasslands|ZBiome_Marsh|ZBiome_Sandbar_NoBeach,10,ours
Fanback,fanback,Star Wars Animal Collection (Continued),mlie.starwarsanimalcollection,Animal,True,2,2,500,120,ColdBog|Glowforest|TemperateForest|TemperateSwamp|TropicalRainforest|TropicalSwamp|ZBiome_CoastalDunes|ZBiome_DesertOasis|ZBiome_Marsh|ZBiome_Sandbar_NoBeach,10,ours
FeralGrazer,feral grazer,Star Wars Animal Collection (Continued),mlie.starwarsanimalcollection,Animal,True,2,2,350,120,AridShrubland|BorealForest|GlacialPlain|Glowforest|Grasslands|Scarlands|TemperateForest|TropicalRainforest|Tundra|ZBiome_AlpineMeadow|ZBiome_CloudForest|ZBiome_CoastalDunes|ZBiome_GlacialShield|ZBiome_Grasslands,14,ours
FeralNerf,feral nerf,Star Wars Animal Collection (Continued),mlie.starwarsanimalcollection,Animal,True,1,5,300,60,AridShrubland|BorealForest|ColdBog|GlacialPlain|Glowforest|Grasslands|Scarlands|TemperateForest|TemperateSwamp|TropicalRainforest|TropicalSwamp|Tundra|ZBiome_AlpineMeadow|ZBiome_CloudForest|ZBiome_CoastalDunes|ZBiome_GlacialShield|ZBiome_Grasslands|ZBiome_Marsh,18,ours
FrilledGorg,frilled gorg,Star Wars Animal Collection (Continued),mlie.starwarsanimalcollection,Animal,True,0.4000000059604645,2.299999952316284,70,24,AridShrubland|BorealForest|ColdBog|Desert|ExtremeDesert|Scarlands|TemperateForest|TemperateSwamp|TropicalRainforest|TropicalSwamp|Tundra|ZBiome_AlpineMeadow|ZBiome_Badlands|ZBiome_CloudForest|ZBiome_CoastalDunes|ZBiome_DesertOasis|ZBiome_Grasslands|ZBiome_Marsh|ZBiome_Sandbar_NoBeach,19,ours
FrogDog,frog dog,Star Wars Animal Collection (Continued),mlie.starwarsanimalcollection,Animal,True,0.8500000238418579,2.5,200,51,ColdBog|Scarlands|TemperateForest|TemperateSwamp|TropicalRainforest|TropicalSwamp,6,ours
Gelagrub,gelagrub,Star Wars Animal Collection (Continued),mlie.starwarsanimalcollection,Animal,True,2.4000000953674316,3.700000047683716,450,144,Glowforest|TemperateForest|TemperateSwamp|TropicalRainforest|TropicalSwamp|ZBiome_AlpineMeadow|ZBiome_CloudForest|ZBiome_Marsh,8,foreign
Gorg,gorg,Star Wars Animal Collection (Continued),mlie.starwarsanimalcollection,Animal,True,0.30000001192092896,2.9000000953674316,50,18,AridShrubland|Desert|ExtremeDesert|Glowforest|Grasslands|Scarlands|TemperateForest|TemperateSwamp|TropicalRainforest|TropicalSwamp|ZBiome_AlpineMeadow|ZBiome_Badlands|ZBiome_CloudForest|ZBiome_CoastalDunes|ZBiome_DesertOasis|ZBiome_Grasslands|ZBiome_Marsh|ZBiome_Sandbar_NoBeach,18,ours
Gornt,gornt,Star Wars Animal Collection (Continued),mlie.starwarsanimalcollection,Animal,True,0.8500000238418579,4.599999904632568,400,51,,0,dormant
Grank,Grank,Star Wars Animal Collection (Continued),mlie.starwarsanimalcollection,Animal,True,0.8500000238418579,5,250,51,AridShrubland|BorealForest|Desert|Grasslands|Scarlands|TemperateForest|TropicalRainforest|Tundra|ZBiome_Badlands|ZBiome_CoastalDunes|ZBiome_Grasslands,11,ours
GraniteSlug,granite slug,Star Wars Animal Collection (Continued),mlie.starwarsanimalcollection,Animal,True,0.20000000298023224,1,10,12,AridShrubland|BorealForest|ColdBog|Desert|ExtremeDesert|GlacialPlain|Glowforest|Grasslands|IceSheet|LavaField|Scarlands|TemperateForest|TemperateSwamp|TropicalRainforest|TropicalSwamp|Tundra|ZBiome_AlpineMeadow|ZBiome_Badlands|ZBiome_CloudForest|ZBiome_CoastalDunes|ZBiome_DesertOasis|ZBiome_GlacialShield|ZBiome_Grasslands|ZBiome_Marsh|ZBiome_Sandbar_NoBeach,25,ours
Grazer,grazer,Star Wars Animal Collection (Continued),mlie.starwarsanimalcollection,Animal,True,2.75,1.75,400,165,,0,dormant
GreaterKraytDragon,greater krayt dragon,Star Wars Animal Collection (Continued),mlie.starwarsanimalcollection,Animal,True,15,6,7000,900,Desert|ExtremeDesert|ZBiome_Badlands|ZBiome_CoastalDunes|ZBiome_DesertOasis,5,ours
Gualaar,gualaar,Star Wars Animal Collection (Continued),mlie.starwarsanimalcollection,Animal,True,3,5,1700,180,BorealForest|ColdBog|GlacialPlain|TemperateForest|Tundra|ZBiome_AlpineMeadow|ZBiome_CloudForest|ZBiome_GlacialShield,8,foreign
Gullipud,gullipud,Star Wars Animal Collection (Continued),mlie.starwarsanimalcollection,Animal,True,0.4000000059604645,2,50,24,ColdBog|Glowforest|TemperateForest|TemperateSwamp|TropicalRainforest|TropicalSwamp|ZBiome_AlpineMeadow|ZBiome_CoastalDunes|ZBiome_Marsh|ZBiome_Sandbar_NoBeach,10,foreign
Gundark,gundark,Star Wars Animal Collection (Continued),mlie.starwarsanimalcollection,Animal,True,3,5,2500,180,AridShrubland|BorealForest|ColdBog|Desert|Grasslands|Scarlands|TemperateForest|TemperateSwamp|TropicalRainforest|TropicalSwamp|Tundra|ZBiome_CloudForest|ZBiome_CoastalDunes|ZBiome_DesertOasis|ZBiome_Grasslands,15,ours
Gutkurr,gutkurr,Star Wars Animal Collection (Continued),mlie.starwarsanimalcollection,Animal,True,2,4.5,1000,120,AridShrubland|Desert|ExtremeDesert|Grasslands|Scarlands|TemperateForest|TropicalRainforest|ZBiome_Badlands|ZBiome_DesertOasis|ZBiome_Grasslands,10,ours
HarvesterBeetle,harvester beetle,Star Wars Animal Collection (Continued),mlie.starwarsanimalcollection,Animal,True,5,4,1250,300,BorealForest|TemperateForest|TemperateSwamp|TropicalRainforest|TropicalSwamp|ZBiome_AlpineMeadow|ZBiome_CloudForest,7,foreign
Hawkbat,hawk-bat,Star Wars Animal Collection (Continued),mlie.starwarsanimalcollection,Animal,True,2,3.5,500,120,AridShrubland|BorealForest|ColdBog|Grasslands|LavaField|Scarlands|TemperateForest|TemperateSwamp|TropicalRainforest|TropicalSwamp|Tundra|ZBiome_AlpineMeadow|ZBiome_CloudForest|ZBiome_CoastalDunes|ZBiome_Grasslands|ZBiome_Sandbar_NoBeach,16,ours
Horax,horax,Star Wars Animal Collection (Continued),mlie.starwarsanimalcollection,Animal,True,15,2,4000,900,AridShrubland|BorealForest|TemperateForest|TropicalRainforest|Tundra|ZBiome_CloudForest,6,ours
Hrumph,hrumph,Star Wars Animal Collection (Continued),mlie.starwarsanimalcollection,Animal,True,2.5,4.5,150,150,AridShrubland|BorealForest|Desert|GlacialPlain|Grasslands|TemperateForest|TemperateSwamp|TropicalRainforest|TropicalSwamp|Tundra|ZBiome_AlpineMeadow|ZBiome_DesertOasis|ZBiome_GlacialShield|ZBiome_Grasslands,14,ours
Hssiss,hssiss,Star Wars Animal Collection (Continued),mlie.starwarsanimalcollection,Animal,True,2.75,2.75,750,165,ColdBog|Glowforest|TemperateForest|TemperateSwamp|TropicalRainforest|TropicalSwamp|ZBiome_CoastalDunes|ZBiome_DesertOasis|ZBiome_Marsh|ZBiome_Sandbar_NoBeach,10,ours
Igitz,igitz,Star Wars Animal Collection (Continued),mlie.starwarsanimalcollection,Animal,True,0.3199999928474426,4,150,19.19999885559082,ColdBog|Glowforest|TemperateForest|TemperateSwamp|TropicalRainforest|TropicalSwamp|ZBiome_CloudForest|ZBiome_CoastalDunes|ZBiome_Marsh|ZBiome_Sandbar_NoBeach,10,foreign
Insectomorph,insectomorph,Star Wars Animal Collection (Continued),mlie.starwarsanimalcollection,Animal,True,2,5,200,120,AridShrubland|BorealForest|ColdBog|Desert|Grasslands|LavaField|Scarlands|TemperateForest|TemperateSwamp|TropicalRainforest|TropicalSwamp|Tundra|ZBiome_AlpineMeadow|ZBiome_DesertOasis|ZBiome_Grasslands|ZBiome_Sandbar_NoBeach,16,ours
IridonianReek,iridonian reek,Star Wars Animal Collection (Continued),mlie.starwarsanimalcollection,Animal,True,3,5.5,1750,180,AridShrubland|BorealForest|Desert|ExtremeDesert|Grasslands|LavaField|TemperateForest|TropicalRainforest|Tundra|ZBiome_Badlands|ZBiome_CoastalDunes|ZBiome_DesertOasis|ZBiome_Grasslands,13,ours
IthorianReek,ithorian reek,Star Wars Animal Collection (Continued),mlie.starwarsanimalcollection,Animal,True,4.5,4.5,1250,270,BorealForest|Grasslands|TemperateForest|TropicalRainforest|ZBiome_AlpineMeadow|ZBiome_CloudForest|ZBiome_Grasslands,7,ours
Iriaz,iriaz,Star Wars Animal Collection (Continued),mlie.starwarsanimalcollection,Animal,True,0.699999988079071,4,150,42,AridShrubland|BorealForest|Desert|ExtremeDesert|Grasslands|TemperateForest|TropicalRainforest|Tundra|ZBiome_AlpineMeadow|ZBiome_Badlands|ZBiome_CoastalDunes|ZBiome_Grasslands,12,ours
Jakobeast,jakobeast,Star Wars Animal Collection (Continued),mlie.starwarsanimalcollection,Animal,True,2.5999999046325684,4.5,800,156,AridShrubland|BorealForest|ColdBog|GlacialPlain|Grasslands|IceSheet|TemperateForest|Tundra|ZBiome_AlpineMeadow|ZBiome_CloudForest|ZBiome_GlacialShield|ZBiome_Grasslands,12,ours
Jamel,Jamel,Star Wars Animal Collection (Continued),mlie.starwarsanimalcollection,Animal,True,1.899999976158142,1.5,150,114,AridShrubland|Desert|ExtremeDesert|Grasslands|TemperateForest|TropicalRainforest|ZBiome_AlpineMeadow|ZBiome_CoastalDunes|ZBiome_DesertOasis|ZBiome_Grasslands|ZBiome_Sandbar_NoBeach,11,ours
Jimvu,jimvu,Star Wars Animal Collection (Continued),mlie.starwarsanimalcollection,Animal,True,2,6,450,120,AridShrubland|Grasslands|TemperateForest|TemperateSwamp|TropicalRainforest|TropicalSwamp|Tundra|ZBiome_AlpineMeadow|ZBiome_Badlands|ZBiome_DesertOasis|ZBiome_Grasslands,11,ours
JungleRancor,Jungle Rancor,Star Wars Animal Collection (Continued),mlie.starwarsanimalcollection,Animal,True,15,4,6000,900,ColdBog|Glowforest|TropicalRainforest|TropicalSwamp|ZBiome_CloudForest|ZBiome_Marsh,6,foreign
Kaadu,kaadu,Star Wars Animal Collection (Continued),mlie.starwarsanimalcollection,Animal,True,1.5,5,300,90,BorealForest|ColdBog|Glowforest|Grasslands|TemperateForest|TemperateSwamp|TropicalRainforest|TropicalSwamp|ZBiome_AlpineMeadow|ZBiome_CoastalDunes|ZBiome_Grasslands|ZBiome_Marsh|ZBiome_Sandbar_NoBeach,13,ours
Katarn,katarn,Star Wars Animal Collection (Continued),mlie.starwarsanimalcollection,Animal,True,4,5,2500,240,AridShrubland|BorealForest|Grasslands|TemperateForest|TemperateSwamp|TropicalRainforest|TropicalSwamp|ZBiome_Badlands|ZBiome_CloudForest|ZBiome_Grasslands,10,ours
KellDragon,kell dragon,Star Wars Animal Collection (Continued),mlie.starwarsanimalcollection,Animal,True,4,4,800,240,BorealForest|ColdBog|Desert|ExtremeDesert|LavaField|TemperateSwamp|TropicalSwamp|Tundra|ZBiome_AlpineMeadow|ZBiome_Badlands|ZBiome_DesertOasis,11,ours
KowakianMonkeyLizard,kowakian monkey-lizard,Star Wars Animal Collection (Continued),mlie.starwarsanimalcollection,Animal,True,0.3499999940395355,4,100,21,AridShrubland|BorealForest|Glowforest|Grasslands|TemperateForest|TemperateSwamp|TropicalRainforest|TropicalSwamp|ZBiome_Grasslands|ZBiome_Marsh,10,ours
Kinrath,kinrath,Star Wars Animal Collection (Continued),mlie.starwarsanimalcollection,Animal,True,1.2000000476837158,3,500,72,AridShrubland|BorealForest|Desert|ExtremeDesert|Glowforest|Grasslands|Scarlands|TemperateForest|TemperateSwamp|TropicalRainforest|TropicalSwamp|ZBiome_Badlands|ZBiome_CloudForest|ZBiome_DesertOasis|ZBiome_Grasslands|ZBiome_Marsh,16,ours
Klorslug,k'lor'slug,Star Wars Animal Collection (Continued),mlie.starwarsanimalcollection,Animal,True,1.5,3,600,90,AridShrubland|BorealForest|ColdBog|Desert|ExtremeDesert|Glowforest|LavaField|Scarlands|TemperateForest|TemperateSwamp|TropicalRainforest|TropicalSwamp|ZBiome_DesertOasis|ZBiome_Marsh|ZBiome_Sandbar_NoBeach,15,ours
Krykna,krykna,Star Wars Animal Collection (Continued),mlie.starwarsanimalcollection,Animal,True,0.800000011920929,2.5,200,48,AridShrubland|BorealForest|ColdBog|Desert|ExtremeDesert|GlacialPlain|Glowforest|Grasslands|IceSheet|LavaField|Scarlands|TemperateForest|TemperateSwamp|TropicalRainforest|TropicalSwamp|Tundra|ZBiome_Badlands|ZBiome_CloudForest|ZBiome_GlacialShield|ZBiome_Grasslands|ZBiome_Marsh,21,ours
Kreetle,kreetle,Star Wars Animal Collection (Continued),mlie.starwarsanimalcollection,Animal,True,0.20000000298023224,3.5,10,12,AridShrubland|BorealForest|Desert|ExtremeDesert|Glowforest|Grasslands|LavaField|Scarlands|TemperateForest|TemperateSwamp|TropicalRainforest|TropicalSwamp|Tundra|ZBiome_AlpineMeadow|ZBiome_Badlands|ZBiome_CloudForest|ZBiome_DesertOasis|ZBiome_Grasslands|ZBiome_Marsh|ZBiome_Sandbar_NoBeach,20,ours
KwazelMaw,kwazel maw,Star Wars Animal Collection (Continued),mlie.starwarsanimalcollection,Animal,True,4,2.299999952316284,2000,240,ColdBog|Glowforest|Scarlands|TemperateSwamp|TropicalRainforest|TropicalSwamp|ZBiome_CoastalDunes|ZBiome_Marsh|ZBiome_Sandbar_NoBeach,9,ours
Kwi,Kwi,Star Wars Animal Collection (Continued),mlie.starwarsanimalcollection,Animal,True,3,5,600,180,AridShrubland|ColdBog|Desert|Grasslands|TemperateForest|TemperateSwamp|TropicalRainforest|TropicalSwamp|ZBiome_CloudForest|ZBiome_CoastalDunes|ZBiome_Grasslands,11,ours
Kybuck,kybuck,Star Wars Animal Collection (Continued),mlie.starwarsanimalcollection,Animal,True,1,6,250,60,AridShrubland|BorealForest|ColdBog|GlacialPlain|Glowforest|Grasslands|TemperateForest|TemperateSwamp|TropicalRainforest|TropicalSwamp|Tundra|ZBiome_AlpineMeadow|ZBiome_CloudForest|ZBiome_CoastalDunes|ZBiome_GlacialShield|ZBiome_Grasslands|ZBiome_Marsh,17,ours
LavaFlea,lava flea,Star Wars Animal Collection (Continued),mlie.starwarsanimalcollection,Animal,True,2.4000000953674316,5,500,144,AridShrubland|Desert|ExtremeDesert|LavaField|ZBiome_Badlands,5,ours
Leaftail,leaf-tail,Star Wars Animal Collection (Continued),mlie.starwarsanimalcollection,Animal,True,0.20000000298023224,5,35,12,BorealForest|ColdBog|GlacialPlain|Glowforest|Grasslands|TemperateForest|TemperateSwamp|TropicalRainforest|TropicalSwamp|Tundra|ZBiome_AlpineMeadow|ZBiome_CoastalDunes|ZBiome_GlacialShield|ZBiome_Grasslands|ZBiome_Marsh,15,ours
LongtailGorg,longtail gorg,Star Wars Animal Collection (Continued),mlie.starwarsanimalcollection,Animal,True,0.6000000238418579,2.299999952316284,90,36,AridShrubland|BorealForest|ColdBog|Desert|ExtremeDesert|Glowforest|Grasslands|Scarlands|TemperateForest|TemperateSwamp|TropicalRainforest|TropicalSwamp|Tundra|ZBiome_AlpineMeadow|ZBiome_CloudForest|ZBiome_CoastalDunes|ZBiome_DesertOasis|ZBiome_Grasslands|ZBiome_Marsh|ZBiome_Sandbar_NoBeach,20,ours
Lothcat,loth-cat,Star Wars Animal Collection (Continued),mlie.starwarsanimalcollection,Animal,True,0.3499999940395355,4.5,100,21,AridShrubland|BorealForest|Desert|Grasslands|TemperateForest|Tundra|ZBiome_CoastalDunes|ZBiome_Grasslands,8,ours
LothWolf,loth-wolf,Star Wars Animal Collection (Continued),mlie.starwarsanimalcollection,Animal,True,3.5,5.5,1750,210,AridShrubland|BorealForest|GlacialPlain|Grasslands|IceSheet|TemperateForest|Tundra|ZBiome_CloudForest|ZBiome_CoastalDunes|ZBiome_GlacialShield|ZBiome_Grasslands,11,ours
Lylek,lylek,Star Wars Animal Collection (Continued),mlie.starwarsanimalcollection,Animal,True,5,5,2750,300,AridShrubland|Desert|ExtremeDesert|Glowforest|LavaField|TropicalRainforest|ZBiome_Badlands|ZBiome_CloudForest|ZBiome_DesertOasis,9,ours
Maalraas,maalraas,Star Wars Animal Collection (Continued),mlie.starwarsanimalcollection,Animal,True,2,4,550,120,AridShrubland|BorealForest|GlacialPlain|Grasslands|IceSheet|LavaField|Scarlands|TemperateForest|TropicalRainforest|Tundra|ZBiome_Badlands|ZBiome_Grasslands,12,ours
Manka,manka,Star Wars Animal Collection (Continued),mlie.starwarsanimalcollection,Animal,True,3,5,1500,180,AridShrubland|BorealForest|Grasslands|TemperateForest|TropicalRainforest|Tundra|ZBiome_AlpineMeadow|ZBiome_Badlands|ZBiome_CloudForest|ZBiome_DesertOasis|ZBiome_Grasslands,11,ours
MarshHaunt,marsh haunt,Star Wars Animal Collection (Continued),mlie.starwarsanimalcollection,Animal,True,2.5,3,650,150,ColdBog|Glowforest|TemperateSwamp|TropicalRainforest|TropicalSwamp|ZBiome_CloudForest|ZBiome_DesertOasis|ZBiome_Marsh,8,ours
Massiff,massiff,Star Wars Animal Collection (Continued),mlie.starwarsanimalcollection,Animal,True,0.8500000238418579,5,400,51,AridShrubland|Desert|ExtremeDesert|Grasslands|TropicalRainforest|ZBiome_Badlands|ZBiome_CoastalDunes|ZBiome_DesertOasis|ZBiome_Grasslands,9,ours
MastiffPhalone,mastiff phalone,Star Wars Animal Collection (Continued),mlie.starwarsanimalcollection,Animal,True,2,5,1000,120,AridShrubland|Grasslands|TemperateForest|TropicalRainforest|ZBiome_Grasslands,5,ours
Mastmot,mastmot,Star Wars Animal Collection (Continued),mlie.starwarsanimalcollection,Animal,True,6,4.699999809265137,1000,360,BorealForest|ColdBog|GlacialPlain|Grasslands|IceSheet|TemperateForest|Tundra|ZBiome_AlpineMeadow|ZBiome_CloudForest|ZBiome_GlacialShield|ZBiome_Grasslands,11,ours
Mawvorr,mawvorr,Star Wars Animal Collection (Continued),mlie.starwarsanimalcollection,Animal,True,2.5,4.5,450,150,AridShrubland|Grasslands|Scarlands|TemperateForest|TemperateSwamp|TropicalRainforest|TropicalSwamp|ZBiome_Badlands|ZBiome_CloudForest|ZBiome_DesertOasis|ZBiome_Grasslands,11,ours
Mott,mott,Star Wars Animal Collection (Continued),mlie.starwarsanimalcollection,Animal,True,0.75,3.9000000953674316,150,45,BorealForest|ColdBog|Glowforest|Grasslands|TemperateForest|TemperateSwamp|TropicalRainforest|TropicalSwamp|ZBiome_AlpineMeadow|ZBiome_CoastalDunes|ZBiome_Grasslands|ZBiome_Marsh|ZBiome_Sandbar_NoBeach,13,ours
Mudhorn,mudhorn,Star Wars Animal Collection (Continued),mlie.starwarsanimalcollection,Animal,True,4,4,2000,240,AridShrubland|BorealForest|Desert|GlacialPlain|Tundra|ZBiome_Badlands|ZBiome_DesertOasis|ZBiome_GlacialShield,8,ours
Mynock,mynock,Star Wars Animal Collection (Continued),mlie.starwarsanimalcollection,Animal,True,0.5,2,0,30,AridShrubland|BorealForest|ColdBog|Desert|ExtremeDesert|GlacialPlain|Glowforest|Grasslands|IceSheet|LavaField|Scarlands|TemperateForest|TemperateSwamp|TropicalRainforest|TropicalSwamp|Tundra|ZBiome_AlpineMeadow|ZBiome_Badlands|ZBiome_CloudForest|ZBiome_CoastalDunes|ZBiome_DesertOasis|ZBiome_GlacialShield|ZBiome_Grasslands|ZBiome_Marsh|ZBiome_Sandbar_NoBeach,25,ours
Narglatch,narglatch,Star Wars Animal Collection (Continued),mlie.starwarsanimalcollection,Animal,True,4,5,600,240,AridShrubland|BorealForest|ColdBog|GlacialPlain|Glowforest|Grasslands|IceSheet|TemperateForest|TemperateSwamp|TropicalRainforest|TropicalSwamp|Tundra|ZBiome_CloudForest|ZBiome_GlacialShield|ZBiome_Grasslands|ZBiome_Marsh,16,ours
Neebray,neebray,Star Wars Animal Collection (Continued),mlie.starwarsanimalcollection,Animal,True,0.20000000298023224,3,10,12,AridShrubland|BorealForest|ColdBog|Desert|ExtremeDesert|GlacialPlain|Grasslands|IceSheet|LavaField|Scarlands|TemperateForest|TemperateSwamp|TropicalRainforest|TropicalSwamp|Tundra|ZBiome_AlpineMeadow|ZBiome_Badlands|ZBiome_CloudForest|ZBiome_CoastalDunes|ZBiome_DesertOasis|ZBiome_Grasslands|ZBiome_Sandbar_NoBeach,22,ours
Nuna,nuna,Star Wars Animal Collection (Continued),mlie.starwarsanimalcollection,Animal,True,0.6000000238418579,3,100,36,AridShrubland|BorealForest|ColdBog|Desert|Glowforest|Grasslands|Scarlands|TemperateForest|TemperateSwamp|TropicalRainforest|TropicalSwamp|ZBiome_AlpineMeadow|ZBiome_CloudForest|ZBiome_Grasslands|ZBiome_Marsh|ZBiome_Sandbar_NoBeach,16,ours
Ollopom,ollopom,Star Wars Animal Collection (Continued),mlie.starwarsanimalcollection,Animal,True,0.6000000238418579,3,150,36,ColdBog|TemperateForest|TemperateSwamp|TropicalRainforest|TropicalSwamp|ZBiome_CloudForest|ZBiome_CoastalDunes|ZBiome_Sandbar_NoBeach,8,foreign
Orray,orray,Star Wars Animal Collection (Continued),mlie.starwarsanimalcollection,Animal,True,2,5,600,120,AridShrubland|Desert|ExtremeDesert|Grasslands|TemperateForest|TropicalRainforest|ZBiome_Badlands|ZBiome_CoastalDunes|ZBiome_DesertOasis|ZBiome_Grasslands,10,ours
PaintedSpat,painted spat,Star Wars Animal Collection (Continued),mlie.starwarsanimalcollection,Animal,True,1.5,5,300,90,AridShrubland|Desert|ExtremeDesert|Grasslands|LavaField|Scarlands|TemperateForest|TropicalRainforest|ZBiome_CoastalDunes|ZBiome_DesertOasis|ZBiome_Grasslands,11,ours
PekoPeko,Peko-peko,Star Wars Animal Collection (Continued),mlie.starwarsanimalcollection,Animal,True,2.5,3,300,150,AridShrubland|ColdBog|Grasslands|TemperateForest|TemperateSwamp|TropicalRainforest|TropicalSwamp|ZBiome_AlpineMeadow|ZBiome_CloudForest|ZBiome_CoastalDunes|ZBiome_Grasslands|ZBiome_Sandbar_NoBeach,12,ours
Pikobis,pikobis,Star Wars Animal Collection (Continued),mlie.starwarsanimalcollection,Animal,True,0.6000000238418579,5,150,36,AridShrubland|BorealForest|ColdBog|Glowforest|Grasslands|TemperateForest|TemperateSwamp|TropicalRainforest|TropicalSwamp|ZBiome_AlpineMeadow|ZBiome_CoastalDunes|ZBiome_DesertOasis|ZBiome_Grasslands|ZBiome_Marsh|ZBiome_Sandbar_NoBeach,15,ours
Pufferpig,Pufferpig,Star Wars Animal Collection (Continued),mlie.starwarsanimalcollection,Animal,True,0.5,3,1000,30,ZBiome_CloudForest,1,foreign
Qormot,qormot,Star Wars Animal Collection (Continued),mlie.starwarsanimalcollection,Animal,True,1,4.800000190734863,150,60,AridShrubland|BorealForest|ColdBog|TemperateForest|TemperateSwamp|TropicalRainforest|TropicalSwamp|Tundra|ZBiome_AlpineMeadow|ZBiome_CloudForest|ZBiome_CoastalDunes,11,ours
Raxshir,raxshir,Star Wars Animal Collection (Continued),mlie.starwarsanimalcollection,Animal,True,3.5,3.5,1750,210,AridShrubland|BorealForest|GlacialPlain|Grasslands|TemperateForest|TropicalRainforest|Tundra|ZBiome_CloudForest|ZBiome_GlacialShield|ZBiome_Grasslands,10,ours
Rikknit,rikknit,Star Wars Animal Collection (Continued),mlie.starwarsanimalcollection,Animal,True,0.30000001192092896,2,250,18,Glowforest|TemperateForest|TemperateSwamp|TropicalRainforest|TropicalSwamp|ZBiome_CloudForest|ZBiome_CoastalDunes|ZBiome_Marsh|ZBiome_Sandbar_NoBeach,9,foreign
Roggwart,roggwart,Star Wars Animal Collection (Continued),mlie.starwarsanimalcollection,Animal,True,5,4.5,2500,300,Desert|ExtremeDesert|LavaField|TropicalRainforest|ZBiome_DesertOasis,5,ours
Ronto,ronto,Star Wars Animal Collection (Continued),mlie.starwarsanimalcollection,Animal,True,6,4.699999809265137,1000,360,AridShrubland|Desert|ExtremeDesert|Grasslands|TemperateForest|TropicalRainforest|Tundra|ZBiome_Badlands|ZBiome_CoastalDunes|ZBiome_DesertOasis|ZBiome_Grasslands,11,ours
Rycrit,rycrit,Star Wars Animal Collection (Continued),mlie.starwarsanimalcollection,Animal,True,0.8500000238418579,4.599999904632568,200,51,GlacialPlain|Grasslands|Scarlands|ZBiome_AlpineMeadow|ZBiome_Badlands|ZBiome_CloudForest|ZBiome_CoastalDunes|ZBiome_GlacialShield|ZBiome_Grasslands,9,ours
Runyip,runyip,Star Wars Animal Collection (Continued),mlie.starwarsanimalcollection,Animal,True,1.5,2,350,90,AridShrubland|BorealForest|ColdBog|Glowforest|Grasslands|TemperateForest|TemperateSwamp|TropicalRainforest|TropicalSwamp|ZBiome_AlpineMeadow|ZBiome_CloudForest|ZBiome_Grasslands|ZBiome_Marsh,13,ours
Scavrat,Scavrats,Star Wars Animal Collection (Continued),mlie.starwarsanimalcollection,Animal,True,0.5,4.900000095367432,50,30,AridShrubland|BorealForest|ColdBog|Desert|ExtremeDesert|GlacialPlain|Glowforest|Grasslands|LavaField|Scarlands|TemperateForest|TemperateSwamp|TropicalRainforest|TropicalSwamp|Tundra|ZBiome_AlpineMeadow|ZBiome_Badlands|ZBiome_CloudForest|ZBiome_CoastalDunes|ZBiome_DesertOasis|ZBiome_GlacialShield|ZBiome_Grasslands|ZBiome_Marsh|ZBiome_Sandbar_NoBeach,24,ours
Scurrier,scurrier,Star Wars Animal Collection (Continued),mlie.starwarsanimalcollection,Animal,True,0.20000000298023224,4.5,35,12,AridShrubland|BorealForest|ColdBog|Desert|ExtremeDesert|Glowforest|Grasslands|Scarlands|TemperateForest|TemperateSwamp|TropicalRainforest|TropicalSwamp|Tundra|ZBiome_AlpineMeadow|ZBiome_Badlands|ZBiome_CloudForest|ZBiome_CoastalDunes|ZBiome_DesertOasis|ZBiome_Grasslands|ZBiome_Marsh,20,ours
Shaak,shaak,Star Wars Animal Collection (Continued),mlie.starwarsanimalcollection,Animal,True,2,2.4000000953674316,200,120,AridShrubland|BorealForest|ColdBog|Grasslands|TemperateForest|TropicalRainforest|Tundra|ZBiome_AlpineMeadow|ZBiome_CloudForest|ZBiome_Grasslands,10,ours
Shiro,shiro,Star Wars Animal Collection (Continued),mlie.starwarsanimalcollection,Animal,True,0.5,1,250,30,AridShrubland|ColdBog|Glowforest|Grasslands|TemperateForest|TemperateSwamp|TropicalRainforest|TropicalSwamp|ZBiome_AlpineMeadow|ZBiome_Badlands|ZBiome_CloudForest|ZBiome_CoastalDunes|ZBiome_Grasslands|ZBiome_Marsh|ZBiome_Sandbar_NoBeach,15,ours
ShiroTrap,shiro-trap,Star Wars Animal Collection (Continued),mlie.starwarsanimalcollection,Animal,True,0.75,2,300,45,AridShrubland|ColdBog|Grasslands|TemperateForest|TemperateSwamp|TropicalRainforest|TropicalSwamp|ZBiome_Badlands|ZBiome_CloudForest|ZBiome_CoastalDunes|ZBiome_Grasslands,11,ours
Shyrack,shyrack,Star Wars Animal Collection (Continued),mlie.starwarsanimalcollection,Animal,True,0.75,1.5,200,45,AridShrubland|Desert|ExtremeDesert|LavaField|Scarlands|TropicalRainforest|ZBiome_Badlands|ZBiome_CloudForest|ZBiome_DesertOasis,9,ours
Silooth,silooth,Star Wars Animal Collection (Continued),mlie.starwarsanimalcollection,Animal,True,3,5,1500,180,AridShrubland|ColdBog|Glowforest|Scarlands|TemperateForest|TemperateSwamp|TropicalRainforest|TropicalSwamp|ZBiome_Badlands|ZBiome_DesertOasis|ZBiome_Marsh,11,ours
Skalder,skalder,Star Wars Animal Collection (Continued),mlie.starwarsanimalcollection,Animal,True,4,4.800000190734863,650,240,AridShrubland|BorealForest|Desert|ExtremeDesert|Grasslands|TemperateForest|TropicalRainforest|Tundra|ZBiome_Badlands|ZBiome_CloudForest|ZBiome_DesertOasis|ZBiome_Grasslands,12,ours
Sketto,sketto,Star Wars Animal Collection (Continued),mlie.starwarsanimalcollection,Animal,True,0.4000000059604645,3,60,24,AridShrubland|Desert|ExtremeDesert|Glowforest|Grasslands|LavaField|TemperateForest|TropicalRainforest|TropicalSwamp|ZBiome_Badlands|ZBiome_CoastalDunes|ZBiome_DesertOasis|ZBiome_Grasslands|ZBiome_Marsh|ZBiome_Sandbar_NoBeach,15,ours
Snoruuk,snoruuk,Star Wars Animal Collection (Continued),mlie.starwarsanimalcollection,Animal,True,0.5,1,60,30,AridShrubland|Desert|Glowforest|TemperateForest|TemperateSwamp|TropicalRainforest|TropicalSwamp|ZBiome_AlpineMeadow|ZBiome_CloudForest|ZBiome_Marsh,10,ours
Squall,squall,Star Wars Animal Collection (Continued),mlie.starwarsanimalcollection,Animal,True,0.30000001192092896,5.5,75,18,GlacialPlain|Grasslands|Scarlands|ZBiome_AlpineMeadow|ZBiome_Badlands|ZBiome_CloudForest|ZBiome_CoastalDunes|ZBiome_GlacialShield|ZBiome_Grasslands,9,ours
Stintaril,stintaril,Star Wars Animal Collection (Continued),mlie.starwarsanimalcollection,Animal,True,0.5,5,150,30,BorealForest|Glowforest|TemperateForest|TemperateSwamp|TropicalRainforest|TropicalSwamp|ZBiome_CloudForest|ZBiome_Marsh,8,foreign
Strill,strill,Star Wars Animal Collection (Continued),mlie.starwarsanimalcollection,Animal,True,1,3.5,450,60,AridShrubland|Grasslands|TemperateForest|TropicalRainforest|Tundra|ZBiome_CloudForest|ZBiome_Grasslands,7,ours
Tach,tach,Star Wars Animal Collection (Continued),mlie.starwarsanimalcollection,Animal,True,0.5,3,150,30,BorealForest|Grasslands|LavaField|TemperateForest|TemperateSwamp|TropicalRainforest|TropicalSwamp|ZBiome_CloudForest|ZBiome_Grasslands,9,ours
TeeMuss,tee muss,Star Wars Animal Collection (Continued),mlie.starwarsanimalcollection,Animal,True,2.0999999046325684,4.300000190734863,250,125.99999237060547,AridShrubland|BorealForest|ColdBog|GlacialPlain|Glowforest|Grasslands|Scarlands|TemperateForest|TemperateSwamp|TropicalRainforest|TropicalSwamp|Tundra|ZBiome_AlpineMeadow|ZBiome_CloudForest|ZBiome_CoastalDunes|ZBiome_DesertOasis|ZBiome_GlacialShield|ZBiome_Grasslands|ZBiome_Marsh,19,ours
TetnissCrab,tet'niss crab,Star Wars Animal Collection (Continued),mlie.starwarsanimalcollection,Animal,True,0.5,2,80,30,ColdBog|TemperateSwamp|TropicalSwamp|ZBiome_CoastalDunes|ZBiome_Sandbar_NoBeach,5,foreign
Thranta,thranta,Star Wars Animal Collection (Continued),mlie.starwarsanimalcollection,Animal,True,4,3,1000,240,AridShrubland|BorealForest|ColdBog|Desert|ExtremeDesert|GlacialPlain|Glowforest|Grasslands|Scarlands|TemperateForest|TemperateSwamp|TropicalRainforest|TropicalSwamp|Tundra|ZBiome_AlpineMeadow|ZBiome_Badlands|ZBiome_CloudForest|ZBiome_CoastalDunes|ZBiome_DesertOasis|ZBiome_GlacialShield|ZBiome_Grasslands|ZBiome_Marsh|ZBiome_Sandbar_NoBeach,23,ours
Tibidee,tibidee,Star Wars Animal Collection (Continued),mlie.starwarsanimalcollection,Animal,True,12,2.5,3250,720,BorealForest|ColdBog|Grasslands|IceSheet|Tundra|ZBiome_AlpineMeadow|ZBiome_Badlands|ZBiome_CoastalDunes|ZBiome_DesertOasis|ZBiome_Grasslands|ZBiome_Sandbar_NoBeach,11,ours
Tooke,tooke,Star Wars Animal Collection (Continued),mlie.starwarsanimalcollection,Animal,True,0.10000000149011612,6,20,6,AridShrubland|BorealForest|ColdBog|Desert|ExtremeDesert|Grasslands|LavaField|Scarlands|TemperateForest|TemperateSwamp|TropicalRainforest|TropicalSwamp|Tundra|ZBiome_AlpineMeadow|ZBiome_Badlands|ZBiome_CoastalDunes|ZBiome_Grasslands,17,ours
Torton,torton,Star Wars Animal Collection (Continued),mlie.starwarsanimalcollection,Animal,True,6,2.5,1000,360,AridShrubland|ColdBog|Glowforest|TemperateForest|TropicalRainforest|ZBiome_Badlands|ZBiome_CloudForest|ZBiome_CoastalDunes|ZBiome_Marsh,9,ours
Taozin,taozin,Star Wars Animal Collection (Continued),mlie.starwarsanimalcollection,Animal,True,6,2,2800,360,Glowforest|Scarlands|TropicalRainforest|TropicalSwamp|ZBiome_Badlands|ZBiome_Marsh,6,ours
Tukata,tuk'ata,Star Wars Animal Collection (Continued),mlie.starwarsanimalcollection,Animal,True,4,5,2500,240,AridShrubland|Desert|ExtremeDesert|LavaField|ZBiome_DesertOasis,5,ours
TuskCat,tusk cat,Star Wars Animal Collection (Continued),mlie.starwarsanimalcollection,Animal,True,3,5.5,1750,180,AridShrubland|BorealForest|Desert|GlacialPlain|Grasslands|TemperateForest|TropicalRainforest|Tundra|ZBiome_Grasslands,9,ours
Urusai,urusai,Star Wars Animal Collection (Continued),mlie.starwarsanimalcollection,Animal,True,0.75,3,80,45,AridShrubland|Desert|ExtremeDesert|Grasslands|LavaField|Scarlands|TemperateForest|TropicalRainforest|ZBiome_AlpineMeadow|ZBiome_Badlands|ZBiome_CoastalDunes|ZBiome_DesertOasis|ZBiome_Grasslands|ZBiome_Sandbar_NoBeach,14,ours
Uvak,uvak,Star Wars Animal Collection (Continued),mlie.starwarsanimalcollection,Animal,True,3,3,750,180,AridShrubland|Desert|ExtremeDesert|Grasslands|TemperateForest|TropicalRainforest|ZBiome_Grasslands|ZBiome_Sandbar_NoBeach,8,ours
Vapaad,vapaad,Star Wars Animal Collection (Continued),mlie.starwarsanimalcollection,Animal,True,4,3.799999952316284,1250,240,AridShrubland|Desert|ExtremeDesert|Glowforest|Grasslands|LavaField|Scarlands|TemperateForest|TemperateSwamp|TropicalRainforest|TropicalSwamp|ZBiome_CloudForest|ZBiome_DesertOasis|ZBiome_Grasslands|ZBiome_Marsh,15,ours
Varactyl,varactyl,Star Wars Animal Collection (Continued),mlie.starwarsanimalcollection,Animal,True,3,5.5,500,180,AridShrubland|Desert|ExtremeDesert|Glowforest|Grasslands|TemperateForest|TropicalRainforest|ZBiome_Badlands|ZBiome_CloudForest|ZBiome_Grasslands|ZBiome_Marsh,11,ours
Veermok,veermok,Star Wars Animal Collection (Continued),mlie.starwarsanimalcollection,Animal,True,2,4.5,750,120,AridShrubland|Glowforest|Grasslands|TemperateForest|TemperateSwamp|TropicalRainforest|TropicalSwamp|ZBiome_Grasslands|ZBiome_Marsh,9,ours
Voorpak,voorpak,Star Wars Animal Collection (Continued),mlie.starwarsanimalcollection,Animal,True,0.3499999940395355,3,150,21,AridShrubland|BorealForest|ColdBog|Desert|GlacialPlain|Grasslands|LavaField|Scarlands|TemperateForest|TemperateSwamp|TropicalRainforest|TropicalSwamp|Tundra|ZBiome_AlpineMeadow|ZBiome_CloudForest|ZBiome_CoastalDunes|ZBiome_Grasslands,17,ours
Vornskyr,vornskyr,Star Wars Animal Collection (Continued),mlie.starwarsanimalcollection,Animal,True,2,5,500,120,AridShrubland|BorealForest|Grasslands|TemperateForest|TropicalRainforest|Tundra|ZBiome_CloudForest|ZBiome_Grasslands,8,ours
Warbird,Warbird,Star Wars Animal Collection (Continued),mlie.starwarsanimalcollection,Animal,True,5,5.5,900,300,BorealForest|ColdBog|Grasslands|IceSheet|Tundra|ZBiome_Grasslands,6,ours
WarWyrm,war wyrm,Star Wars Animal Collection (Continued),mlie.starwarsanimalcollection,Animal,True,15,6,7000,900,Glowforest|ZBiome_Marsh,2,foreign
Whisperbird,whisperbird,Star Wars Animal Collection (Continued),mlie.starwarsanimalcollection,Animal,True,0.4000000059604645,3,80,24,AridShrubland|Glowforest|LavaField|TemperateForest|TemperateSwamp|TropicalRainforest|TropicalSwamp|ZBiome_AlpineMeadow|ZBiome_CloudForest|ZBiome_Marsh,10,ours
WompRat,womp rat,Star Wars Animal Collection (Continued),mlie.starwarsanimalcollection,Animal,True,0.75,3.9000000953674316,150,45,AridShrubland|Desert|ExtremeDesert|Grasslands|LavaField|TemperateForest|TropicalRainforest|ZBiome_AlpineMeadow|ZBiome_Badlands|ZBiome_CloudForest|ZBiome_CoastalDunes|ZBiome_DesertOasis|ZBiome_Grasslands|ZBiome_Sandbar_NoBeach,14,ours
Woolamander,woolamander,Star Wars Animal Collection (Continued),mlie.starwarsanimalcollection,Animal,True,0.75,4,200,45,BorealForest|Glowforest|LavaField|TemperateForest|TemperateSwamp|TropicalRainforest|TropicalSwamp|ZBiome_AlpineMeadow|ZBiome_Marsh,9,ours
Worrt,worrt,Star Wars Animal Collection (Continued),mlie.starwarsanimalcollection,Animal,True,0.6000000238418579,2.5,100,36,AridShrubland|Desert|ExtremeDesert|Glowforest|Grasslands|Scarlands|TemperateForest|TemperateSwamp|TropicalRainforest|TropicalSwamp|ZBiome_Badlands|ZBiome_CloudForest|ZBiome_CoastalDunes|ZBiome_DesertOasis|ZBiome_Grasslands|ZBiome_Marsh|ZBiome_Sandbar_NoBeach,17,ours
Wraid,wraid,Star Wars Animal Collection (Continued),mlie.starwarsanimalcollection,Animal,True,3,5,750,180,AridShrubland|Desert|ExtremeDesert|Grasslands|TemperateForest|TropicalRainforest|ZBiome_CloudForest|ZBiome_CoastalDunes|ZBiome_DesertOasis|ZBiome_Grasslands,10,ours
Wyyyschokk,wyyyschokk,Star Wars Animal Collection (Continued),mlie.starwarsanimalcollection,Animal,True,3,4.5,1000,180,ExtremeDesert|Scarlands|TemperateForest|TemperateSwamp|TropicalRainforest|TropicalSwamp|ZBiome_CloudForest,7,ours
Yobshrimp,yobshrimp,Star Wars Animal Collection (Continued),mlie.starwarsanimalcollection,Animal,True,0.4000000059604645,2.5,60,24,ColdBog|Glowforest|TemperateSwamp|TropicalRainforest|TropicalSwamp|ZBiome_CoastalDunes|ZBiome_Marsh|ZBiome_Sandbar_NoBeach,8,foreign
Zakkeg,zakkeg,Star Wars Animal Collection (Continued),mlie.starwarsanimalcollection,Animal,True,5,3,3000,300,AridShrubland|Grasslands|TemperateForest|TropicalRainforest|ZBiome_Badlands|ZBiome_CloudForest,6,ours
Zeer,zeer,Star Wars Animal Collection (Continued),mlie.starwarsanimalcollection,Animal,True,3,3,600,180,AridShrubland|Grasslands|TemperateForest|TropicalRainforest|ZBiome_AlpineMeadow|ZBiome_DesertOasis|ZBiome_Grasslands,7,ours
GiantAnt_Race,giant ant,They! (Giant Ants),sapiently.theyatomicmonsters,Animal,True,2,3.799999952316284,150,120,,0,dormant
Titan,titan,Titans,titans.fl,Animal,True,5,6.5,2500,300,AridShrubland|BorealForest|ColdBog|Desert|ExtremeDesert|GlacialPlain|Glowforest|Grasslands|IceSheet|LavaField|Scarlands|TemperateForest|TemperateSwamp|TropicalRainforest|TropicalSwamp|Tundra,16,ours
VAEWaste_Hydra,hydra,Vanilla Animals Expanded — Waste Animals,vanillaexpanded.vaewaste,Animal,True,0.3499999940395355,3.5,150,21,,0,dormant
VAEWaste_Megatardi,megatardi,Vanilla Animals Expanded — Waste Animals,vanillaexpanded.vaewaste,Animal,True,2,3.5,350,120,,0,dormant
VAEWaste_Pestigator,pestigator,Vanilla Animals Expanded — Waste Animals,vanillaexpanded.vaewaste,Animal,True,3,1.5,0,180,,0,dormant
VAEWaste_Toxafox,toxafox,Vanilla Animals Expanded — Waste Animals,vanillaexpanded.vaewaste,Animal,True,0.550000011920929,4.599999904632568,0,33,,0,dormant
VAEWaste_Toxbear,toxbear,Vanilla Animals Expanded — Waste Animals,vanillaexpanded.vaewaste,Animal,True,4,1.7999999523162842,0,240,,0,dormant
VAEWaste_Toxiguana,toxiguana,Vanilla Animals Expanded — Waste Animals,vanillaexpanded.vaewaste,Animal,True,1.399999976158142,3,150,84,,0,dormant
VAEWaste_Toxlion,toxlion,Vanilla Animals Expanded — Waste Animals,vanillaexpanded.vaewaste,Animal,True,1.649999976158142,4.400000095367432,0,99,,0,dormant
VAEWaste_Toxscorpion,toxscorpion,Vanilla Animals Expanded — Waste Animals,vanillaexpanded.vaewaste,Animal,True,2.5,4,0,150,,0,dormant
VAEWaste_Wasteboar,wasteboar,Vanilla Animals Expanded — Waste Animals,vanillaexpanded.vaewaste,Animal,True,1.2999999523162842,4.599999904632568,0,78,,0,dormant
VAEWaste_Wastedeer,wastedeer,Vanilla Animals Expanded — Waste Animals,vanillaexpanded.vaewaste,Animal,True,1.2000000476837158,5.5,0,72,,0,dormant
VAEWaste_Wasteffalo,wasteffalo,Vanilla Animals Expanded — Waste Animals,vanillaexpanded.vaewaste,Animal,True,2.4000000953674316,4.5,0,144,,0,dormant
VFEI2_Acidspitter,acidspitter,Vanilla Factions Expanded - Insectoids 2,oskarpotocki.vfe.insectoid2,Animal,True,1.7999999523162842,2.4000000953674316,750,108,,0,dormant
VFEI2_Boomtick,boomtick,Vanilla Factions Expanded - Insectoids 2,oskarpotocki.vfe.insectoid2,Animal,True,0.18000000715255737,3.450000047683716,100,10.800000190734863,,0,dormant
VFEI2_Durapod,durapod,Vanilla Factions Expanded - Insectoids 2,oskarpotocki.vfe.insectoid2,Animal,True,0.800000011920929,2.950000047683716,200,48,,0,dormant
VFEI2_Empress,empress,Vanilla Factions Expanded - Insectoids 2,oskarpotocki.vfe.insectoid2,Animal,True,4,1.600000023841858,1800,240,,0,dormant
VFEI2_Fuelmite,fuelmite,Vanilla Factions Expanded - Insectoids 2,oskarpotocki.vfe.insectoid2,Animal,True,1.350000023841858,3.75,650,81,,0,dormant
VFEI2_Gigalocust,gigalocust,Vanilla Factions Expanded - Insectoids 2,oskarpotocki.vfe.insectoid2,Animal,True,2.200000047683716,3.5999999046325684,800,132,,0,dormant
VFEI2_Gigamite,gigamite,Vanilla Factions Expanded - Insectoids 2,oskarpotocki.vfe.insectoid2,Animal,True,4,1.600000023841858,1800,240,,0,dormant
VFEI2_Hellbeetle,hellbeetle,Vanilla Factions Expanded - Insectoids 2,oskarpotocki.vfe.insectoid2,Animal,True,1.2000000476837158,3.200000047683716,500,72,,0,dormant
VFEI2_Ironclad,ironclad,Vanilla Factions Expanded - Insectoids 2,oskarpotocki.vfe.insectoid2,Animal,True,3,1.4500000476837158,1500,180,,0,dormant
VFEI2_Macrofly,macrofly,Vanilla Factions Expanded - Insectoids 2,oskarpotocki.vfe.insectoid2,Animal,True,0.800000011920929,3.049999952316284,200,48,,0,dormant
VFEI2_Megapede,megapede,Vanilla Factions Expanded - Insectoids 2,oskarpotocki.vfe.insectoid2,Animal,True,1.7999999523162842,2.0999999046325684,750,108,,0,dormant
VFEI2_Megathrips,megathrips,Vanilla Factions Expanded - Insectoids 2,oskarpotocki.vfe.insectoid2,Animal,True,0.3499999940395355,3.680000066757202,100,21,,0,dormant
VFEI2_Megawasp,megawasp,Vanilla Factions Expanded - Insectoids 2,oskarpotocki.vfe.insectoid2,Animal,True,1.350000023841858,3.200000047683716,500,81,,0,dormant
VFEI2_Patriarch,patriarch,Vanilla Factions Expanded - Insectoids 2,oskarpotocki.vfe.insectoid2,Animal,True,4,1.600000023841858,2000,240,,0,dormant
VFEI2_Queen,insectoid princess,Vanilla Factions Expanded - Insectoids 2,oskarpotocki.vfe.insectoid2,Animal,True,4,2,1500,240,,0,dormant
VFEI2_RoyalMegascarab,royal megascarab,Vanilla Factions Expanded - Insectoids 2,oskarpotocki.vfe.insectoid2,Animal,True,0.800000011920929,3.6500000953674316,200,48,,0,dormant
VFEI2_RoyalMegaspider,royal megaspider,Vanilla Factions Expanded - Insectoids 2,oskarpotocki.vfe.insectoid2,Animal,True,1.7999999523162842,2.0999999046325684,750,108,,0,dormant
VFEI2_RoyalSpelopede,royal spelopede,Vanilla Factions Expanded - Insectoids 2,oskarpotocki.vfe.insectoid2,Animal,True,1.2000000476837158,3.5999999046325684,500,72,,0,dormant
VFEI2_Silverfish,silverfish,Vanilla Factions Expanded - Insectoids 2,oskarpotocki.vfe.insectoid2,Animal,True,5,1.600000023841858,1800,300,,0,dormant
VFEI2_Swarmling,swarmlings,Vanilla Factions Expanded - Insectoids 2,oskarpotocki.vfe.insectoid2,Animal,True,0.20000000298023224,1.2400000095367432,50,12,,0,dormant
VFEI2_Tankroach,tankroach,Vanilla Factions Expanded - Insectoids 2,oskarpotocki.vfe.insectoid2,Animal,True,1.7999999523162842,2.6500000953674316,750,108,,0,dormant
VFEI2_Teramantis,teramantis,Vanilla Factions Expanded - Insectoids 2,oskarpotocki.vfe.insectoid2,Animal,True,3.799999952316284,4.199999809265137,1800,228,,0,dormant
VFEI2_Titantick,titantick,Vanilla Factions Expanded - Insectoids 2,oskarpotocki.vfe.insectoid2,Animal,True,4,1.9600000381469727,1800,240,,0,dormant
VFEI2_Venomite,venomite,Vanilla Factions Expanded - Insectoids 2,oskarpotocki.vfe.insectoid2,Animal,True,1.2000000476837158,3.75,500,72,,0,dormant
VGE_Astronaut,astronaut,Vanilla Gravship Expanded - Chapter 1,vanillaexpanded.gravship,ToolUser,False,1,4.199999809265137,800,26,,0,dormant
VGE_Astropede,astropede,Vanilla Gravship Expanded - Chapter 1,vanillaexpanded.gravship,ToolUser,False,3,2.0999999046325684,1350,180,,0,dormant
VGE_Hunter,hunter,Vanilla Gravship Expanded - Chapter 1,vanillaexpanded.gravship,ToolUser,False,1,4.699999809265137,1200,60,,0,dormant
VQEA_Spliceling,spliceling,Vanilla Quests Expanded - Ancients,vanillaquestsexpanded.ancients,Animal,True,2,3.25,10,120,,0,dormant
VQEA_Splicehulk,splicehulk,Vanilla Quests Expanded - Ancients,vanillaquestsexpanded.ancients,Animal,True,3,2.5999999046325684,10,180,,0,dormant
VQEA_Splicefiend,splicefiend,Vanilla Quests Expanded - Ancients,vanillaquestsexpanded.ancients,Animal,True,4,4.199999809265137,10,240,,0,dormant
VQEA_Splicetoot,splicetoot,Vanilla Quests Expanded - Ancients,vanillaquestsexpanded.ancients,Animal,True,0.800000011920929,4.650000095367432,10,32,,0,dormant
VQE_IceCrawler,ice crawler,Vanilla Quests Expanded - Cryptoforge,vanillaquestsexpanded.cryptoforge,Animal,True,0.800000011920929,3.049999952316284,260,48,,0,dormant
VQE_Megamidge,megamidge,Vanilla Quests Expanded - Cryptoforge,vanillaquestsexpanded.cryptoforge,Animal,True,1.2000000476837158,3.299999952316284,550,72,,0,dormant
VRE_CompanionDryad,companion dryad,Vanilla Races Expanded - Phytokin,vanillaracesexpanded.phytokin,Animal,True,2.4000000953674316,4.5,250,144,,0,dormant
JDSCIS_Pistoeka_Sotage_Droid,Pistoeka Sotage Droid,[JDS] StarWars - The Separatist Droid Army,m3.continued.jangodsoul.starwars.tsda,ToolUser,False,0.699999988079071,4,1200,42,,0,dormant
JDSCIS_B1_Battle_Droid,B1 Battle Droid,[JDS] StarWars - The Separatist Droid Army,m3.continued.jangodsoul.starwars.tsda,ToolUser,False,0.699999988079071,2,1200,42,,0,dormant
JDSCIS_B1_Security_Droid,B1 Security Droid,[JDS] StarWars - The Separatist Droid Army,m3.continued.jangodsoul.starwars.tsda,ToolUser,False,0.699999988079071,2,1200,42,,0,dormant
JDSCIS_B1_Commander_Droid,B1 Commander Droid,[JDS] StarWars - The Separatist Droid Army,m3.continued.jangodsoul.starwars.tsda,ToolUser,False,0.699999988079071,2,1200,42,,0,dormant
JDSCIS_BX_Commando_Droid,BX Commando Droid,[JDS] StarWars - The Separatist Droid Army,m3.continued.jangodsoul.starwars.tsda,ToolUser,False,0.699999988079071,2,1200,42,,0,dormant
JDSCIS_IG-100_MagnaGuards,IG-100 MagnaGuards,[JDS] StarWars - The Separatist Droid Army,m3.continued.jangodsoul.starwars.tsda,ToolUser,False,0.699999988079071,2,1200,42,,0,dormant
JDSCIS_T1_Tactical_Droid,T1 Tactical Droid,[JDS] StarWars - The Separatist Droid Army,m3.continued.jangodsoul.starwars.tsda,ToolUser,False,0.699999988079071,2,1200,42,,0,dormant
JDSCIS_ST_Super_Tactical_Droid,ST Super Tactical Droid,[JDS] StarWars - The Separatist Droid Army,m3.continued.jangodsoul.starwars.tsda,ToolUser,False,0.699999988079071,2,1200,42,,0,dormant
JDSCIS_B2_Super_Battle_Droid,B2 Super Battle Droid,[JDS] StarWars - The Separatist Droid Army,m3.continued.jangodsoul.starwars.tsda,ToolUser,False,0.699999988079071,2,1200,42,,0,dormant
JDSCIS_B2_HA_Super_Battle_Droid,B2 HA Super Battle Droid,[JDS] StarWars - The Separatist Droid Army,m3.continued.jangodsoul.starwars.tsda,ToolUser,False,0.699999988079071,2,1200,42,,0,dormant
JDSCIS_AQ_Battle_Droid,AQ Battle Droid,[JDS] StarWars - The Separatist Droid Army,m3.continued.jangodsoul.starwars.tsda,ToolUser,False,0.699999988079071,1.7000000476837158,1200,42,,0,dormant
JDSCIS_Droideka_Droid,Droideka Droid,[JDS] StarWars - The Separatist Droid Army,m3.continued.jangodsoul.starwars.tsda,ToolUser,False,0.699999988079071,1.7000000476837158,1200,42,,0,dormant
JDSCIS_Droideka_Sharpshooter_Droid,Droideka Sharpshooter Droid,[JDS] StarWars - The Separatist Droid Army,m3.continued.jangodsoul.starwars.tsda,ToolUser,False,0.699999988079071,1.7000000476837158,1200,42,,0,dormant
JDSCIS_Demolition_Droid,Demolition Droid,[JDS] StarWars - The Separatist Droid Army,m3.continued.jangodsoul.starwars.tsda,ToolUser,False,0.699999988079071,1.7000000476837158,1200,42,,0,dormant
JDSCIS_DSD1_Dwarf_Spider_Droid,DSD1 Dwarf Spider Droid,[JDS] StarWars - The Separatist Droid Army,m3.continued.jangodsoul.starwars.tsda,ToolUser,False,0.699999988079071,1.7000000476837158,1200,42,,0,dormant
JDSCIS_LR-57_Combat_Droid,LR-57 Combat Droid,[JDS] StarWars - The Separatist Droid Army,m3.continued.jangodsoul.starwars.tsda,ToolUser,False,0.699999988079071,1.7000000476837158,1200,42,,0,dormant
VFEI2_BlackEmpress,black empress,Alpha Animals,sarg.alphaanimals,Animal,True,4,5.599999904632568,1800,240,,0,dormant
VFEI2_BlackQueen,black insectoid queen,Alpha Animals,sarg.alphaanimals,Animal,True,4,5,1500,240,,0,dormant
VFEI2_BlackSwarmling,black swarmlings,Alpha Animals,sarg.alphaanimals,Animal,True,0.20000000298023224,1.2400000095367432,50,12,,0,dormant
AA_AcanthamoebaGiganteaSmall,"acanthamoeba gigantea, small",Alpha Animals,sarg.alphaanimals,Animal,True,0.20000000298023224,1.5,150,12,AB_FeraliskInfestedJungle|AB_GallatrossGraveyard|AB_GelatinousSuperorganism|AB_IdyllicMeadows|AB_MechanoidIntrusion|AB_MiasmicMangrove|AB_MycoticJungle|AB_OcularForest|AB_TarPits|AridShrubland|BMT_CrystalCaverns|BMT_FungalForest|BorealForest|ColdBog|Glowforest|Grasslands|IronScruff_PrimordialGeysers|TemperateForest|TemperateSwamp|TropicalRainforest|TropicalSwamp|Tundra|ZBiome_AlpineMeadow|ZBiome_Badlands|ZBiome_CloudForest|ZBiome_GlacialShield|ZBiome_Grasslands|ZBiome_Marsh,28,ours
AA_AcanthamoebaGiganteaLarge,"acanthamoeba gigantea, large",Alpha Animals,sarg.alphaanimals,Animal,True,0.800000011920929,1.75,350,48,,0,dormant
AA_AcanthamoebaGiganteaHuge,"acanthamoeba gigantea, huge",Alpha Animals,sarg.alphaanimals,Animal,True,1.5,2,700,90,,0,dormant
AA_Aerofleet,aerofleet,Alpha Animals,sarg.alphaanimals,Animal,True,0.20000000298023224,2.8399999141693115,120,12,AB_FeraliskInfestedJungle|AB_GallatrossGraveyard|AB_GelatinousSuperorganism|AB_IdyllicMeadows|AB_MycoticJungle|AB_OcularForest|AB_PyroclasticConflagration|AB_TarPits|AridShrubland|BMT_CrystalCaverns|BMT_EarthenDepths|BMT_FungalForest|BorealForest|ColdBog|Desert|Glowforest|Grasslands|IronScruff_PrimordialGeysers|LavaField|PoisonForest|Savanna|TemperateForest|TemperateSwamp|TropicalRainforest|TropicalSwamp|Tundra|Volcano|Wasteland|Wetland|ZBiome_AlpineMeadow|ZBiome_Badlands|ZBiome_CloudForest|ZBiome_CoastalDunes|ZBiome_DesertOasis|ZBiome_GlacialShield|ZBiome_Grasslands|ZBiome_Marsh,37,ours
AA_ColossalAerofleet,colossal aerofleet,Alpha Animals,sarg.alphaanimals,Animal,True,2,2.8399999141693115,400,120,,0,dormant
AA_Agaripawn,agaripawn,Alpha Animals,sarg.alphaanimals,Animal,True,1.399999976158142,4,200,84,AB_MycoticJungle|BMT_FungalForest|Glowforest,3,ours
AA_Agaripod,agaripod,Alpha Animals,sarg.alphaanimals,Animal,True,4,2.5,450,240,AB_MycoticJungle|BMT_FungalForest|Glowforest,3,ours
AA_AngelMothLarva,angel moth larva,Alpha Animals,sarg.alphaanimals,Animal,True,0.10000000149011612,2,15,6,AridShrubland|BorealForest|Desert|Grasslands|Scarlands|TemperateForest|TemperateSwamp|TropicalRainforest|TropicalSwamp|ZBiome_AlpineMeadow|ZBiome_Badlands|ZBiome_CloudForest|ZBiome_CoastalDunes|ZBiome_DesertOasis|ZBiome_Grasslands,15,ours
AA_AngelMoth,angel moth,Alpha Animals,sarg.alphaanimals,Animal,True,0.75,3,450,45,AridShrubland|BorealForest|Desert|Grasslands|Scarlands|TemperateForest|TemperateSwamp|TropicalRainforest|TropicalSwamp|ZBiome_AlpineMeadow|ZBiome_Badlands|ZBiome_CloudForest|ZBiome_CoastalDunes|ZBiome_DesertOasis|ZBiome_Grasslands,15,ours
AA_AnimaColossus,anima colossus,Alpha Animals,sarg.alphaanimals,Animal,True,6,2,650,360,AB_FeraliskInfestedJungle|AB_GelatinousSuperorganism|AB_MycoticJungle|AB_OcularForest|BorealForest|ColdBog|Glowforest|Grasslands|TemperateForest|TemperateSwamp|TropicalRainforest|TropicalSwamp|ZBiome_AlpineMeadow|ZBiome_CloudForest|ZBiome_Marsh,15,ours
AA_Animalisk,animalisk,Alpha Animals,sarg.alphaanimals,Animal,True,1,4,500,60,,0,dormant
AA_AnimusVox,animus vox,Alpha Animals,sarg.alphaanimals,Animal,True,0.6499999761581421,4.599999904632568,300,39,AB_FeraliskInfestedJungle|AB_GallatrossGraveyard|AB_MiasmicMangrove|AB_MycoticJungle|AB_PyroclasticConflagration|AB_TarPits|AridShrubland|BorealForest|Glowforest|Grasslands|IronScruff_PrimordialGeysers|LavaField|PoisonForest|Savanna|TemperateForest|TemperateSwamp|TropicalRainforest|TropicalSwamp|Tundra|Volcano|Wasteland|Wetland|ZBiome_AlpineMeadow|ZBiome_Badlands|ZBiome_CloudForest|ZBiome_GlacialShield|ZBiome_Grasslands,27,ours
AA_ArcticLion,arctic lion,Alpha Animals,sarg.alphaanimals,Animal,True,2,6,600,120,AB_PropaneLakes|BorealForest|ColdBog|GlacialPlain|IceSheet|IronScruff_PrimordialGeysers|SeaIce|Tundra|ZBiome_AlpineMeadow|ZBiome_GlacialShield|ZBiome_Iceberg_NoBeach|ZBiome_Marsh,12,ours
AA_LarvalAtispec,larval atispec,Alpha Animals,sarg.alphaanimals,Animal,True,0.10000000149011612,2,15,6,AB_MycoticJungle|AB_OcularForest|AB_PyroclasticConflagration|AB_TarPits|AridShrubland|BMT_CrystalCaverns|Grasslands|Scarlands|TemperateForest|ZBiome_Badlands|ZBiome_CloudForest|ZBiome_Grasslands,12,ours
AA_Atispec,atispec,Alpha Animals,sarg.alphaanimals,Animal,True,7,3,1200,420,,0,dormant
AA_AuroraSylph,Aurora sylph,Alpha Animals,sarg.alphaanimals,Animal,True,0.5,2,250,30,AridShrubland|BorealForest|Desert|Glowforest|Grasslands|IronScruff_PrimordialGeysers|LavaField|Scarlands|TemperateForest|TemperateSwamp|TropicalRainforest|TropicalSwamp|ZBiome_AlpineMeadow|ZBiome_Badlands|ZBiome_CloudForest|ZBiome_CoastalDunes|ZBiome_DesertOasis|ZBiome_Grasslands,18,ours
AA_Barbslinger,barbslinger,Alpha Animals,sarg.alphaanimals,Animal,True,2.5,4,500,150,AB_GallatrossGraveyard|AB_TarPits|AridShrubland|Desert|ExtremeDesert|Savanna|Wasteland|ZBiome_CoastalDunes|ZBiome_DesertOasis|ZBiome_Grasslands|ZBiome_Sandbar_NoBeach,11,ours
AA_BedBug,bedbug,Alpha Animals,sarg.alphaanimals,Animal,True,0.5,3,100,30,AridShrubland|BorealForest|ColdBog|Grasslands|PoisonForest|Savanna|TemperateForest|TemperateSwamp|TropicalRainforest|TropicalSwamp|Wetland|ZBiome_AlpineMeadow|ZBiome_Badlands|ZBiome_CloudForest|ZBiome_Grasslands|ZBiome_Marsh,16,ours
AA_Behemoth,Behemoth,Alpha Animals,sarg.alphaanimals,Animal,True,8,4,50000,480,,0,dormant
AA_BlackScarab,black scarab,Alpha Animals,sarg.alphaanimals,Animal,True,0.30000001192092896,4.5,150,18,,0,dormant
AA_BlackSpelopede,black spelopede,Alpha Animals,sarg.alphaanimals,Animal,True,1,4,250,60,,0,dormant
AA_BlackSpider,blackspider,Alpha Animals,sarg.alphaanimals,Animal,True,1.5,5,550,90,,0,dormant
AA_Blizzarisk,blizzarisk,Alpha Animals,sarg.alphaanimals,Animal,True,2,5.199999809265137,500,120,AB_PropaneLakes|BMT_CrystalCaverns|BorealForest|ColdBog|GlacialPlain|IceSheet|IronScruff_PrimordialGeysers|SeaIce|Tundra|ZBiome_AlpineMeadow|ZBiome_GlacialShield|ZBiome_Iceberg_NoBeach|ZBiome_Marsh,13,ours
AA_BlizzariskClutchMother,blizzarisk clutch mother,Alpha Animals,sarg.alphaanimals,Animal,True,3,3,900,180,,0,dormant
AA_BloodShrimp,blood shrimp,Alpha Animals,sarg.alphaanimals,Animal,True,1,5.5,450,60,AB_FeraliskInfestedJungle|AB_GallatrossGraveyard|AB_MiasmicMangrove|AB_OcularForest|AridShrubland|BorealForest|PoisonForest|Savanna|Scarlands|TemperateForest|TemperateSwamp|TropicalRainforest|TropicalSwamp|Tundra|Volcano|Wasteland|Wetland|ZBiome_AlpineMeadow|ZBiome_Badlands|ZBiome_CloudForest|ZBiome_GlacialShield|ZBiome_Grasslands,22,ours
AA_Bobeene,bobeene,Alpha Animals,sarg.alphaanimals,Animal,True,2.0999999046325684,2.700000047683716,550,125.99999237060547,AB_IdyllicMeadows,1,foreign
AA_BoulderMit,bouldermit,Alpha Animals,sarg.alphaanimals,Animal,True,4,1,350,240,AB_FeraliskInfestedJungle|AB_GallatrossGraveyard|AB_GelatinousSuperorganism|AB_IdyllicMeadows|AB_MechanoidIntrusion|AB_MiasmicMangrove|AB_MycoticJungle|AB_OcularForest|AB_PropaneLakes|AB_PyroclasticConflagration|AB_TarPits|AridShrubland|BorealForest|ColdBog|Desert|ExtremeDesert|GlacialPlain|Glowforest|Grasslands|IceSheet|IronScruff_PrimordialGeysers|LavaField|PoisonForest|Savanna|Scarlands|SeaIce|TemperateForest|TemperateSwamp|TropicalRainforest|TropicalSwamp|Tundra|Volcano|Wasteland|Wetland|ZBiome_AlpineMeadow|ZBiome_Badlands|ZBiome_CloudForest|ZBiome_CoastalDunes|ZBiome_DesertOasis|ZBiome_GlacialShield|ZBiome_Grasslands|ZBiome_Iceberg_NoBeach|ZBiome_Marsh|ZBiome_Sandbar_NoBeach,44,ours
AA_SummitCrab,summit crab,Alpha Animals,sarg.alphaanimals,Animal,True,15,1,1500,900,,0,dormant
AA_Bumbledrone,bumbledrone,Alpha Animals,sarg.alphaanimals,Animal,True,0.7900000214576721,5,350,47.400001525878906,AB_FeraliskInfestedJungle|AB_GelatinousSuperorganism|AB_IdyllicMeadows|AB_MiasmicMangrove|AB_MycoticJungle|AB_TarPits|AridShrubland|Desert|Glowforest|Grasslands|PoisonForest|Savanna|Scarlands|TemperateForest|TemperateSwamp|TropicalRainforest|TropicalSwamp|Tundra|Volcano|Wasteland|Wetland|ZBiome_Badlands|ZBiome_CloudForest|ZBiome_CoastalDunes|ZBiome_DesertOasis|ZBiome_GlacialShield|ZBiome_Grasslands,27,ours
AA_BumbledroneHierophant,bumbledrone hierophant,Alpha Animals,sarg.alphaanimals,Animal,True,0.7900000214576721,4,350,47.400001525878906,AridShrubland|TemperateForest|TemperateSwamp|TropicalRainforest|TropicalSwamp|Tundra|ZBiome_Badlands|ZBiome_CloudForest|ZBiome_GlacialShield|ZBiome_Grasslands,10,ours
AA_BumbledroneQueen,bumbledrone queen,Alpha Animals,sarg.alphaanimals,Animal,True,0.7900000214576721,4,450,47.400001525878906,,0,dormant
AA_Cactipine,cactipine,Alpha Animals,sarg.alphaanimals,Animal,True,0.5,4.5,100,30,AB_GallatrossGraveyard|AB_IdyllicMeadows|AridShrubland|Desert|ExtremeDesert|ZBiome_CoastalDunes|ZBiome_DesertOasis|ZBiome_Grasslands|ZBiome_Sandbar_NoBeach,9,ours
AA_ChameleonYak,chameleon yak,Alpha Animals,sarg.alphaanimals,Animal,True,2.5,4,350,150,AridShrubland|BorealForest|ColdBog|Desert|ExtremeDesert|GlacialPlain|Grasslands|IceSheet|IronScruff_PrimordialGeysers|Scarlands|TemperateForest|TemperateSwamp|TropicalRainforest|TropicalSwamp|Tundra|ZBiome_AlpineMeadow|ZBiome_Badlands|ZBiome_CloudForest|ZBiome_CoastalDunes|ZBiome_DesertOasis|ZBiome_GlacialShield|ZBiome_Grasslands|ZBiome_Marsh|ZBiome_Sandbar_NoBeach,24,ours
AA_ChemfuelMyrmidon,chemfuel myrmidon,Alpha Animals,sarg.alphaanimals,Animal,True,1.5,3,450,90,AB_PyroclasticConflagration|BMT_EarthenDepths|LavaField,3,ours
AA_Cinderlisk,cinderlisk,Alpha Animals,sarg.alphaanimals,Animal,True,2.5,5,575,150,AB_FeraliskInfestedJungle|AB_GelatinousSuperorganism|AB_MiasmicMangrove|AB_MycoticJungle|AB_OcularForest|AB_PyroclasticConflagration|AridShrubland|BMT_EarthenDepths|Desert|ExtremeDesert|Grasslands|LavaField|Volcano|Wasteland|ZBiome_CoastalDunes|ZBiome_DesertOasis|ZBiome_Grasslands|ZBiome_Sandbar_NoBeach,18,ours
AA_CrepuscularBeetle,Crepuscular Beetle,Alpha Animals,sarg.alphaanimals,Animal,True,3,4,600,180,AB_RockyCrags|BMT_FungalForest|Glowforest,3,ours
AA_CrescendoAnole,crescendo anole,Alpha Animals,sarg.alphaanimals,Animal,True,0.30000001192092896,3,450,18,AB_FeraliskInfestedJungle|AB_GallatrossGraveyard|AB_MiasmicMangrove|AB_PyroclasticConflagration|AB_TarPits|AridShrubland|Desert|ExtremeDesert|Glowforest|Grasslands|Scarlands|TropicalSwamp|ZBiome_CoastalDunes|ZBiome_DesertOasis|ZBiome_Grasslands|ZBiome_Sandbar_NoBeach,16,ours
AA_CrystallineCaracal,crystalline caracal,Alpha Animals,sarg.alphaanimals,Animal,True,0.800000011920929,5,0,48,,0,dormant
AA_CrystalMit,crystalmit,Alpha Animals,sarg.alphaanimals,Animal,True,0.5,1.7999999523162842,250,30,AB_FeraliskInfestedJungle|AB_GallatrossGraveyard|AB_MycoticJungle|AB_OcularForest|AB_PropaneLakes|AB_PyroclasticConflagration|AB_TarPits|AridShrubland|BorealForest|ColdBog|Desert|ExtremeDesert|Glowforest|Grasslands|LavaField|Scarlands|TemperateForest|TemperateSwamp|TropicalRainforest|TropicalSwamp|Tundra|Volcano|Wasteland|ZBiome_AlpineMeadow|ZBiome_Badlands|ZBiome_CloudForest|ZBiome_CoastalDunes|ZBiome_DesertOasis|ZBiome_GlacialShield|ZBiome_Grasslands|ZBiome_Marsh|ZBiome_Sandbar_NoBeach,32,ours
AA_Darkbeast,darkbeast,Alpha Animals,sarg.alphaanimals,Animal,True,1.5,4,750,90,AB_IdyllicMeadows|AB_PropaneLakes|AB_RockyCrags|BorealForest|ColdBog|GlacialPlain|Glowforest|IceSheet|Scarlands|SeaIce|TemperateForest|TemperateSwamp|TropicalRainforest|TropicalSwamp|Tundra|ZBiome_AlpineMeadow|ZBiome_CloudForest|ZBiome_GlacialShield|ZBiome_Iceberg_NoBeach|ZBiome_Marsh,20,ours
AA_DarkVandal,dark vandal,Alpha Animals,sarg.alphaanimals,Animal,True,1.2000000476837158,4.599999904632568,200,72,AB_RockyCrags|AridShrubland|BorealForest|ColdBog|Desert|Glowforest|Grasslands|Scarlands|TemperateForest|TemperateSwamp|TropicalRainforest|TropicalSwamp|Tundra|ZBiome_AlpineMeadow|ZBiome_Badlands|ZBiome_CloudForest|ZBiome_CoastalDunes|ZBiome_DesertOasis|ZBiome_GlacialShield|ZBiome_Grasslands|ZBiome_Marsh,21,ours
AA_DecayDrake,decay drake,Alpha Animals,sarg.alphaanimals,Animal,True,1,4,350,60,AB_FeraliskInfestedJungle|AB_MiasmicMangrove|ColdBog|PoisonForest|Savanna|Scarlands|TemperateForest|TemperateSwamp|TropicalRainforest|TropicalSwamp|Wetland|ZBiome_CloudForest|ZBiome_Marsh,13,ours
AA_DesertAve,desert ave,Alpha Animals,sarg.alphaanimals,Animal,True,1,7,400,60,AridShrubland|Desert|ExtremeDesert|Grasslands|ZBiome_CoastalDunes|ZBiome_DesertOasis|ZBiome_Grasslands|ZBiome_Sandbar_NoBeach,8,ours
AA_DevilSheep,devil sheep,Alpha Animals,sarg.alphaanimals,Animal,True,0.5,3,0,30,,0,dormant
AA_DrainerLarva,drainer larva,Alpha Animals,sarg.alphaanimals,Animal,True,0.10000000149011612,1.2000000476837158,15,6,AB_FeraliskInfestedJungle|AB_GallatrossGraveyard|AB_GelatinousSuperorganism|AB_IdyllicMeadows|AB_MycoticJungle|AB_OcularForest|AB_PyroclasticConflagration|AB_TarPits|AridShrubland|BorealForest|Desert|Grasslands|TemperateForest|TemperateSwamp|TropicalRainforest|TropicalSwamp|ZBiome_AlpineMeadow|ZBiome_Badlands|ZBiome_CloudForest|ZBiome_CoastalDunes|ZBiome_DesertOasis|ZBiome_Grasslands,22,ours
AA_Drainer,drainer,Alpha Animals,sarg.alphaanimals,Animal,True,0.5,3,250,30,AB_FeraliskInfestedJungle|AB_GallatrossGraveyard|AB_GelatinousSuperorganism|AB_IdyllicMeadows|AB_MycoticJungle|AB_OcularForest|AB_PyroclasticConflagration|AB_TarPits|AridShrubland|BorealForest|Desert|TemperateForest|TemperateSwamp|TropicalRainforest|TropicalSwamp|ZBiome_AlpineMeadow|ZBiome_Badlands|ZBiome_CloudForest|ZBiome_CoastalDunes|ZBiome_DesertOasis|ZBiome_Grasslands,21,ours
AA_Dunealisk,dunealisk,Alpha Animals,sarg.alphaanimals,Animal,True,2,5,500,120,AB_FeraliskInfestedJungle|AB_GallatrossGraveyard|AridShrubland|Desert|ExtremeDesert|Grasslands|Scarlands|ZBiome_CoastalDunes|ZBiome_DesertOasis|ZBiome_Grasslands|ZBiome_Sandbar_NoBeach,11,ours
AA_DunealiskClutchMother,dunealisk clutch mother,Alpha Animals,sarg.alphaanimals,Animal,True,3,5,900,180,,0,dormant
AA_DuskProwler,dusk prowler,Alpha Animals,sarg.alphaanimals,Animal,True,1.5,6,750,90,AB_RockyCrags|AridShrubland|BorealForest|ColdBog|Desert|ExtremeDesert|IceSheet|SeaIce|TemperateForest|TemperateSwamp|TropicalRainforest|TropicalSwamp|Tundra|ZBiome_AlpineMeadow|ZBiome_Badlands|ZBiome_CloudForest|ZBiome_CoastalDunes|ZBiome_DesertOasis|ZBiome_GlacialShield|ZBiome_Grasslands|ZBiome_Iceberg_NoBeach|ZBiome_Marsh|ZBiome_Sandbar_NoBeach,23,ours
AA_DuskRat,dusk rat,Alpha Animals,sarg.alphaanimals,Animal,True,0.15000000596046448,4,35,9,AB_RockyCrags|BMT_CrystalCaverns|BMT_FungalForest,3,ours
AA_EmpressButterflyLarva,Empress butterfly larva,Alpha Animals,sarg.alphaanimals,Animal,True,0.10000000149011612,1.5,50,6,BorealForest|Glowforest|Grasslands|TemperateForest|TemperateSwamp|TropicalRainforest|TropicalSwamp|Tundra|ZBiome_AlpineMeadow|ZBiome_CloudForest|ZBiome_GlacialShield,11,foreign
AA_EmpressButterfly,Empress butterfly,Alpha Animals,sarg.alphaanimals,Animal,True,0.75,3,650,45,BorealForest|Glowforest|Grasslands|TemperateForest|TemperateSwamp|TropicalRainforest|TropicalSwamp|Tundra|ZBiome_AlpineMeadow|ZBiome_CloudForest|ZBiome_GlacialShield,11,foreign
AA_EngorgedTentacularAberration,engorged tentacular aberration,Alpha Animals,sarg.alphaanimals,Animal,True,6,1.5,550,360,,0,dormant
AA_Erin,erin,Alpha Animals,sarg.alphaanimals,Animal,True,1,4,550,60,AB_GallatrossGraveyard|AB_MiasmicMangrove|AB_TarPits|AridShrubland|Desert|ExtremeDesert|Scarlands|ZBiome_CoastalDunes|ZBiome_DesertOasis|ZBiome_Grasslands|ZBiome_Sandbar_NoBeach,11,ours
AA_Eyeling,ikee,Alpha Animals,sarg.alphaanimals,Animal,True,0.4000000059604645,3,100,24,ExtremeDesert|Wasteland|ZBiome_DesertOasis,3,ours
AA_Feralisk,feralisk,Alpha Animals,sarg.alphaanimals,Animal,True,1,5.5,500,60,AB_FeraliskInfestedJungle|AB_GelatinousSuperorganism|AB_MiasmicMangrove|BMT_FungalForest|Glowforest|Grasslands|Savanna|Scarlands|TemperateForest|TemperateSwamp|TropicalRainforest|TropicalSwamp|Wasteland|ZBiome_CloudForest,14,ours
AA_FeraliskClutchMother,feralisk clutch mother,Alpha Animals,sarg.alphaanimals,Animal,True,3,5.5,900,180,,0,dormant
AA_FireWasp,fire wasp,Alpha Animals,sarg.alphaanimals,Animal,True,0.7900000214576721,1.5,350,47.400001525878906,AB_PyroclasticConflagration,1,ours
AA_FissionMouse,fission mouse,Alpha Animals,sarg.alphaanimals,Animal,True,0.5,5,35,30,AB_FeraliskInfestedJungle|AB_GallatrossGraveyard|AB_GelatinousSuperorganism|AB_IdyllicMeadows|AB_MechanoidIntrusion|AB_MycoticJungle|AB_OcularForest|AB_PyroclasticConflagration|AB_TarPits|AridShrubland|BorealForest|ColdBog|Desert|ExtremeDesert|Glowforest|Grasslands|IceSheet|LavaField|PoisonForest|Savanna|Scarlands|SeaIce|TemperateForest|TemperateSwamp|TropicalRainforest|TropicalSwamp|Tundra|Volcano|Wasteland|Wetland|ZBiome_AlpineMeadow|ZBiome_Badlands|ZBiome_CloudForest|ZBiome_CoastalDunes|ZBiome_DesertOasis|ZBiome_GlacialShield|ZBiome_Grasslands|ZBiome_Iceberg_NoBeach|ZBiome_Marsh|ZBiome_Sandbar_NoBeach,40,ours
AA_FissionMouseSecond,"fission mouse, second generation",Alpha Animals,sarg.alphaanimals,Animal,True,0.5,4.5,35,30,,0,dormant
AA_FissionMouseThird,"fission mouse, third generation",Alpha Animals,sarg.alphaanimals,Animal,True,0.5,4,35,30,,0,dormant
AA_FlamingoPhoenix,flamingo phoenix,Alpha Animals,sarg.alphaanimals,Animal,True,0.6000000238418579,3,0,36,,0,dormant
AA_FrostAve,frost ave,Alpha Animals,sarg.alphaanimals,Animal,True,1.2999999523162842,7,400,78,BorealForest|ColdBog|GlacialPlain|IceSheet|IronScruff_PrimordialGeysers|SeaIce|Tundra|ZBiome_AlpineMeadow|ZBiome_GlacialShield|ZBiome_Iceberg_NoBeach|ZBiome_Marsh,11,foreign
AA_FrostboundBehemoth,frostbound behemoth,Alpha Animals,sarg.alphaanimals,Animal,True,3,2,600,180,AB_PropaneLakes,1,ours
AA_Frostling,frostling,Alpha Animals,sarg.alphaanimals,Animal,True,1.5,6,750,90,AB_PropaneLakes,1,ours
AA_FrostLynx,frost lynx,Alpha Animals,sarg.alphaanimals,Animal,True,2,5,0,120,,0,dormant
AA_Frostmite,frostmite,Alpha Animals,sarg.alphaanimals,Animal,True,0.5,6,120,30,AB_PropaneLakes|BorealForest|ColdBog|GlacialPlain|IceSheet|IronScruff_PrimordialGeysers|SeaIce|Tundra|ZBiome_AlpineMeadow|ZBiome_GlacialShield|ZBiome_Iceberg_NoBeach|ZBiome_Marsh,12,ours
AA_FungalHusk,fungal husk,Alpha Animals,sarg.alphaanimals,Animal,True,1,4.599999904632568,150,60,,0,dormant
AA_Gallatross,gallatross,Alpha Animals,sarg.alphaanimals,Animal,True,6,5.699999809265137,10000,360,,0,dormant
AA_GallatrossMoribund,moribund gallatross,Alpha Animals,sarg.alphaanimals,Animal,True,6,5.699999809265137,7500,360,AB_GallatrossGraveyard,1,foreign
AA_Genix,genix,Alpha Animals,sarg.alphaanimals,Animal,True,2,4,0,120,,0,dormant
AA_GiantCrownedSilkie,giant crowned silkie,Alpha Animals,sarg.alphaanimals,Animal,True,1.100000023841858,3,400,66,BorealForest|Grasslands|TemperateForest|ZBiome_AlpineMeadow|ZBiome_Badlands,5,ours
AA_Gigantelope,gigantelope,Alpha Animals,sarg.alphaanimals,Animal,True,2,4.5,350,120,AB_GallatrossGraveyard|AB_IdyllicMeadows|AridShrubland|BorealForest|ColdBog|Desert|GlacialPlain|Grasslands|TemperateForest|TemperateSwamp|TropicalRainforest|TropicalSwamp|Tundra|ZBiome_AlpineMeadow|ZBiome_Badlands|ZBiome_CloudForest|ZBiome_CoastalDunes|ZBiome_DesertOasis|ZBiome_GlacialShield|ZBiome_Grasslands|ZBiome_Marsh,21,ours
AA_GreatDevourer,great devourer,Alpha Animals,sarg.alphaanimals,Animal,True,2.5,2.799999952316284,400,150,AB_GallatrossGraveyard|AB_PyroclasticConflagration|AridShrubland|BMT_CrystalCaverns|BMT_FungalForest|BorealForest|ColdBog|Desert|Scarlands|TemperateForest|Tundra|Volcano|Wasteland|ZBiome_AlpineMeadow|ZBiome_Badlands|ZBiome_CoastalDunes|ZBiome_DesertOasis|ZBiome_GlacialShield|ZBiome_Grasslands|ZBiome_Marsh,20,ours
AA_GreenGoo,green goo,Alpha Animals,sarg.alphaanimals,Animal,True,0.5,1.5,125,30,AB_GelatinousSuperorganism,1,ours
AA_GreyCoatedMouflon,Grey-Coated Mouflon,Alpha Animals,sarg.alphaanimals,Animal,True,0.800000011920929,2,650,48,AB_IdyllicMeadows|AB_PropaneLakes|BorealForest|ColdBog|Grasslands|IceSheet|IronScruff_PrimordialGeysers|TemperateForest|Tundra|ZBiome_AlpineMeadow|ZBiome_Badlands|ZBiome_GlacialShield|ZBiome_Marsh,13,ours
AA_Groundrunner,groundrunner,Alpha Animals,sarg.alphaanimals,Animal,True,2,3,250,120,BMT_CrystalCaverns|BMT_FungalForest|BorealForest|Grasslands|PoisonForest|Savanna|TemperateForest|TemperateSwamp|TropicalRainforest|TropicalSwamp|Wetland|ZBiome_AlpineMeadow|ZBiome_CloudForest,13,ours
AA_Helixien,helixien,Alpha Animals,sarg.alphaanimals,Animal,True,4,0.6000000238418579,750,240,AB_FeraliskInfestedJungle|AB_GelatinousSuperorganism|AB_IdyllicMeadows|AB_MiasmicMangrove|AB_OcularForest|AB_PyroclasticConflagration|AB_TarPits|AridShrubland|BorealForest|ColdBog|Glowforest|PoisonForest|Savanna|Scarlands|TemperateForest|TemperateSwamp|TropicalRainforest|TropicalSwamp|Wetland|ZBiome_AlpineMeadow|ZBiome_Badlands|ZBiome_CloudForest|ZBiome_Grasslands|ZBiome_Marsh,24,ours
AA_InfectedAerofleet,infected aerofleet,Alpha Animals,sarg.alphaanimals,Animal,True,0.20000000298023224,2.8399999141693115,180,12,AB_OcularForest,1,ours
AA_IronhuskBeetle,ironhusk beetle,Alpha Animals,sarg.alphaanimals,Animal,True,2.5,2.799999952316284,750,150,,0,dormant
AA_Junglelisk,junglelisk,Alpha Animals,sarg.alphaanimals,Animal,True,1,5.5,500,60,AB_FeraliskInfestedJungle,1,ours
AA_Lockjaw,lockjaw,Alpha Animals,sarg.alphaanimals,Animal,True,2.5,3,550,150,AB_FeraliskInfestedJungle|AB_GelatinousSuperorganism|AB_MiasmicMangrove|TemperateSwamp|TropicalRainforest|TropicalSwamp|ZBiome_CloudForest,7,ours
AA_Locusts,locusts,Alpha Animals,sarg.alphaanimals,Animal,True,0.009999999776482582,2,5,0.5999999642372131,,0,dormant
AA_LuciferBug,luciferbug,Alpha Animals,sarg.alphaanimals,Animal,True,0.15000000596046448,3,1000,9,AB_FeraliskInfestedJungle|AB_GallatrossGraveyard|AB_GelatinousSuperorganism|AB_IdyllicMeadows|AB_MechanoidIntrusion|AB_MycoticJungle|AB_OcularForest|AB_PyroclasticConflagration|AB_TarPits|AridShrubland|BorealForest|ColdBog|Desert|Scarlands|TemperateForest|TemperateSwamp|TropicalRainforest|TropicalSwamp|Tundra|ZBiome_AlpineMeadow|ZBiome_Badlands|ZBiome_CloudForest|ZBiome_CoastalDunes|ZBiome_DesertOasis|ZBiome_GlacialShield|ZBiome_Grasslands|ZBiome_Marsh,27,ours
AA_MammothWorm,mammoth worm,Alpha Animals,sarg.alphaanimals,Animal,True,3,2,600,180,AB_GallatrossGraveyard|AB_PyroclasticConflagration|AB_TarPits|AridShrubland|Desert|ExtremeDesert|Scarlands|Volcano|ZBiome_CoastalDunes|ZBiome_DesertOasis|ZBiome_Grasslands|ZBiome_Sandbar_NoBeach,12,ours
AA_Mantrap,mantrap,Alpha Animals,sarg.alphaanimals,Animal,True,2,3,450,120,AB_FeraliskInfestedJungle|AB_GelatinousSuperorganism|AB_MiasmicMangrove|AridShrubland|BorealForest|ColdBog|Desert|ExtremeDesert|TemperateForest|TemperateSwamp|TropicalRainforest|TropicalSwamp|ZBiome_AlpineMeadow|ZBiome_Badlands|ZBiome_CloudForest|ZBiome_CoastalDunes|ZBiome_DesertOasis|ZBiome_Grasslands|ZBiome_Marsh|ZBiome_Sandbar_NoBeach,20,ours
AA_MatureFleshbeast,mature fleshbeast,Alpha Animals,sarg.alphaanimals,Animal,True,6,2,550,360,AridShrubland|BorealForest|ColdBog|Desert|IceSheet|Scarlands|TemperateForest|TemperateSwamp|TropicalRainforest|TropicalSwamp|Tundra|ZBiome_AlpineMeadow|ZBiome_Badlands|ZBiome_CloudForest|ZBiome_CoastalDunes|ZBiome_DesertOasis|ZBiome_GlacialShield|ZBiome_Grasslands|ZBiome_Marsh,19,ours
AA_MeadowAve,meadow ave,Alpha Animals,sarg.alphaanimals,Animal,True,1.2000000476837158,7,400,72,AridShrubland|BorealForest|ColdBog|Desert|Grasslands|PoisonForest|Savanna|TemperateForest|TemperateSwamp|TropicalRainforest|TropicalSwamp|Tundra|Wetland|ZBiome_AlpineMeadow|ZBiome_Badlands|ZBiome_CloudForest|ZBiome_CoastalDunes|ZBiome_DesertOasis|ZBiome_GlacialShield|ZBiome_Grasslands|ZBiome_Marsh,21,ours
AA_MegaLouse,megalouse,Alpha Animals,sarg.alphaanimals,Animal,True,0.5,3,400,30,AridShrubland|BorealForest|ColdBog|Desert|Glowforest|Grasslands|LavaField|PoisonForest|Savanna|Scarlands|TemperateForest|TemperateSwamp|TropicalRainforest|TropicalSwamp|Tundra|Volcano|Wasteland|Wetland|ZBiome_AlpineMeadow|ZBiome_Badlands|ZBiome_CloudForest|ZBiome_CoastalDunes|ZBiome_DesertOasis|ZBiome_GlacialShield|ZBiome_Grasslands|ZBiome_Marsh,26,ours
AA_Metallovore,metallovore,Alpha Animals,sarg.alphaanimals,Animal,True,2,2,150,120,AB_PyroclasticConflagration|BMT_EarthenDepths|LavaField,3,ours
AA_Mime,mime,Alpha Animals,sarg.alphaanimals,Animal,True,1,4.599999904632568,1000,60,,0,dormant
AA_Murkling,murkling,Alpha Animals,sarg.alphaanimals,Animal,True,0.3499999940395355,5.099999904632568,35,21,AB_RockyCrags|AridShrubland|BorealForest|ColdBog|Desert|ExtremeDesert|IceSheet|TemperateForest|TemperateSwamp|TropicalRainforest|TropicalSwamp|Tundra|ZBiome_AlpineMeadow|ZBiome_Badlands|ZBiome_CloudForest|ZBiome_CoastalDunes|ZBiome_DesertOasis|ZBiome_GlacialShield|ZBiome_Grasslands|ZBiome_Marsh|ZBiome_Sandbar_NoBeach,21,ours
AA_MycoidColossus,mycoid colossus,Alpha Animals,sarg.alphaanimals,Animal,True,6,2,550,360,AB_MycoticJungle,1,ours
AA_Needlepost,needlepost,Alpha Animals,sarg.alphaanimals,Animal,True,0.7900000214576721,3,630,47.400001525878906,AridShrubland|Desert|ExtremeDesert|Savanna|ZBiome_CoastalDunes|ZBiome_DesertOasis|ZBiome_Grasslands|ZBiome_Sandbar_NoBeach,8,ours
AA_Needleroll,needleroll,Alpha Animals,sarg.alphaanimals,Animal,True,0.15000000596046448,2.5,250,9,Desert|ExtremeDesert|Savanna|ZBiome_CoastalDunes|ZBiome_DesertOasis|ZBiome_Sandbar_NoBeach,6,ours
AA_NightMule,nightmule,Alpha Animals,sarg.alphaanimals,Animal,True,2.799999952316284,4.5,350,168,AB_RockyCrags,1,ours
AA_NightAve,night ave,Alpha Animals,sarg.alphaanimals,Animal,True,1.100000023841858,7,400,66,AB_RockyCrags|AridShrubland|BorealForest|ColdBog|Desert|Glowforest|IronScruff_PrimordialGeysers|TemperateForest|TemperateSwamp|TropicalRainforest|TropicalSwamp|Tundra|ZBiome_AlpineMeadow|ZBiome_Badlands|ZBiome_CloudForest|ZBiome_CoastalDunes|ZBiome_DesertOasis|ZBiome_GlacialShield|ZBiome_Grasslands|ZBiome_Marsh,20,ours
AA_Nightling,nightling,Alpha Animals,sarg.alphaanimals,Animal,True,1,5,750,60,AB_PyroclasticConflagration|AB_RockyCrags|AB_TarPits|AridShrubland|BorealForest|ColdBog|Desert|ExtremeDesert|Glowforest|IceSheet|IronScruff_PrimordialGeysers|PoisonForest|Savanna|SeaIce|TemperateForest|TemperateSwamp|TropicalRainforest|TropicalSwamp|Tundra|Volcano|Wasteland|Wetland|ZBiome_AlpineMeadow|ZBiome_Badlands|ZBiome_CloudForest|ZBiome_CoastalDunes|ZBiome_DesertOasis|ZBiome_GlacialShield|ZBiome_Grasslands|ZBiome_Iceberg_NoBeach|ZBiome_Marsh|ZBiome_Sandbar_NoBeach,32,ours
AA_NightRam,nightram,Alpha Animals,sarg.alphaanimals,Animal,True,2.5,4,550,150,AB_RockyCrags,1,ours
AA_OcularJelly,ocular jelly,Alpha Animals,sarg.alphaanimals,Animal,True,0.5,2,250,30,AB_OcularForest|BorealForest|ColdBog|Glowforest|Grasslands|PoisonForest|Savanna|TemperateForest|TemperateSwamp|TropicalRainforest|TropicalSwamp|Volcano|Wasteland|Wetland|ZBiome_AlpineMeadow|ZBiome_CloudForest|ZBiome_Marsh,17,ours
AA_OcularNightling,ocular nightling,Alpha Animals,sarg.alphaanimals,Animal,True,1.2000000476837158,5,750,72,,0,dormant
AA_OvergrownColossus,overgrown colossus,Alpha Animals,sarg.alphaanimals,Animal,True,6,2,550,360,AB_FeraliskInfestedJungle|AB_GelatinousSuperorganism|AB_IdyllicMeadows|AB_MiasmicMangrove|PoisonForest|Savanna|TemperateForest|TemperateSwamp|TropicalRainforest|TropicalSwamp|Wetland|ZBiome_CloudForest,12,ours
AA_PebbleMit,pebblemit,Alpha Animals,sarg.alphaanimals,Animal,True,0.5,1.7999999523162842,250,30,AB_FeraliskInfestedJungle|AB_GallatrossGraveyard|AB_GelatinousSuperorganism|AB_IdyllicMeadows|AB_MechanoidIntrusion|AB_MiasmicMangrove|AB_MycoticJungle|AB_OcularForest|AB_PropaneLakes|AB_PyroclasticConflagration|AB_TarPits|AridShrubland|BorealForest|ColdBog|Desert|ExtremeDesert|GlacialPlain|Glowforest|Grasslands|IceSheet|IronScruff_PrimordialGeysers|LavaField|PoisonForest|Savanna|Scarlands|SeaIce|TemperateForest|TemperateSwamp|TropicalRainforest|TropicalSwamp|Tundra|Volcano|Wasteland|Wetland|ZBiome_AlpineMeadow|ZBiome_Badlands|ZBiome_CloudForest|ZBiome_CoastalDunes|ZBiome_DesertOasis|ZBiome_GlacialShield|ZBiome_Grasslands|ZBiome_Iceberg_NoBeach|ZBiome_Marsh|ZBiome_Sandbar_NoBeach,44,ours
AA_PedigreedRaptor,pedigreed raptor,Alpha Animals,sarg.alphaanimals,Animal,True,0.75,5,1050,45,AB_FeraliskInfestedJungle|AB_MiasmicMangrove|AB_MycoticJungle|AB_OcularForest|AB_PropaneLakes|AridShrubland|BorealForest|ColdBog|Desert|Glowforest|Grasslands|LavaField|Scarlands|TemperateForest|TemperateSwamp|TropicalRainforest|TropicalSwamp|Tundra|ZBiome_AlpineMeadow|ZBiome_Badlands|ZBiome_CloudForest|ZBiome_CoastalDunes|ZBiome_DesertOasis|ZBiome_GlacialShield|ZBiome_Grasslands|ZBiome_Marsh,26,ours
AA_PhoenixOwlcat,phoenix owlcat,Alpha Animals,sarg.alphaanimals,Animal,True,0.20000000298023224,4,0,12,,0,dormant
AA_Plasmorph,plasmorph,Alpha Animals,sarg.alphaanimals,Animal,True,1,1,150,60,AB_GelatinousSuperorganism|AB_IdyllicMeadows|AB_MiasmicMangrove|AB_OcularForest|AB_TarPits|IronScruff_PrimordialGeysers|TemperateForest|TemperateSwamp|TropicalRainforest|TropicalSwamp|ZBiome_CloudForest,11,ours
AA_Radyak,radyak,Alpha Animals,sarg.alphaanimals,Animal,True,2.5,4.5,2500,150,AridShrubland|BMT_CrystalCaverns|BorealForest|ColdBog|GlacialPlain|Grasslands|IceSheet|IronScruff_PrimordialGeysers|LavaField|SeaIce|TemperateForest|TemperateSwamp|TropicalRainforest|TropicalSwamp|Tundra|ZBiome_AlpineMeadow|ZBiome_Badlands|ZBiome_CloudForest|ZBiome_GlacialShield|ZBiome_Grasslands|ZBiome_Iceberg_NoBeach|ZBiome_Marsh,22,ours
AA_RaptorShrimp,raptor shrimp,Alpha Animals,sarg.alphaanimals,Animal,True,1.399999976158142,4.699999809265137,750,84,AB_FeraliskInfestedJungle|AB_GelatinousSuperorganism|AB_MiasmicMangrove|ColdBog|TemperateSwamp|TropicalRainforest|TropicalSwamp|ZBiome_CloudForest|ZBiome_Marsh,9,ours
AA_Ravager,ravager,Alpha Animals,sarg.alphaanimals,Animal,True,2.5,5,150,150,AridShrubland|BorealForest|ColdBog|Desert|Glowforest|Grasslands|LavaField|Scarlands|TemperateForest|TemperateSwamp|TropicalRainforest|TropicalSwamp|Tundra|ZBiome_AlpineMeadow|ZBiome_Badlands|ZBiome_CloudForest|ZBiome_CoastalDunes|ZBiome_DesertOasis|ZBiome_GlacialShield|ZBiome_Grasslands|ZBiome_Marsh,21,ours
AA_RayHound,ray-hound,Alpha Animals,sarg.alphaanimals,Animal,True,1.5,3,450,90,AridShrubland|BorealForest|ColdBog|GlacialPlain|Grasslands|IronScruff_PrimordialGeysers|Scarlands|TemperateForest|TemperateSwamp|TropicalRainforest|TropicalSwamp|Tundra|ZBiome_AlpineMeadow|ZBiome_Badlands|ZBiome_CloudForest|ZBiome_GlacialShield|ZBiome_Grasslands|ZBiome_Marsh,18,ours
AA_Razorjack,razorjack,Alpha Animals,sarg.alphaanimals,Animal,True,1,4,350,60,AB_FeraliskInfestedJungle|AB_GallatrossGraveyard|AB_GelatinousSuperorganism|AB_MycoticJungle|AB_OcularForest|AB_PyroclasticConflagration|AB_TarPits|AridShrubland|Desert|ExtremeDesert|PoisonForest|Savanna|Scarlands|TemperateForest|TemperateSwamp|TropicalRainforest|TropicalSwamp|Volcano|Wasteland|ZBiome_Badlands|ZBiome_CloudForest|ZBiome_CoastalDunes|ZBiome_DesertOasis|ZBiome_Grasslands|ZBiome_Sandbar_NoBeach,25,ours
AA_RedGoo,red goo,Alpha Animals,sarg.alphaanimals,Animal,True,0.5,1.5,150,30,AB_OcularForest,1,ours
AA_RedSpore,red spore,Alpha Animals,sarg.alphaanimals,Animal,True,2,3.5,250,120,AB_OcularForest,1,ours
AA_RipperHound,ripper hound,Alpha Animals,sarg.alphaanimals,Animal,True,1.5,5,550,90,AB_FeraliskInfestedJungle|AB_GallatrossGraveyard|AB_MycoticJungle|AB_OcularForest|AB_PyroclasticConflagration|AB_TarPits|AridShrubland|BorealForest|ColdBog|GlacialPlain|IronScruff_PrimordialGeysers|PoisonForest|Savanna|Scarlands|TemperateForest|TemperateSwamp|TropicalRainforest|TropicalSwamp|Tundra|Volcano|Wasteland|ZBiome_AlpineMeadow|ZBiome_Badlands|ZBiome_CloudForest|ZBiome_GlacialShield|ZBiome_Grasslands|ZBiome_Marsh,27,ours
AA_RoughPlatedMonitor,rough-plated monitor,Alpha Animals,sarg.alphaanimals,Animal,True,2,3,350,120,AB_GallatrossGraveyard|AB_MycoticJungle|AB_OcularForest|AridShrubland|ColdBog|Desert|ExtremeDesert|LavaField|PoisonForest|TropicalSwamp|Tundra|Volcano|Wasteland|ZBiome_CoastalDunes|ZBiome_DesertOasis|ZBiome_GlacialShield|ZBiome_Grasslands|ZBiome_Marsh|ZBiome_Sandbar_NoBeach,19,ours
AA_RoyalAve,royal ave,Alpha Animals,sarg.alphaanimals,Animal,True,1.100000023841858,6,750,66,AridShrubland|BorealForest|ColdBog|Desert|Grasslands|IronScruff_PrimordialGeysers|TemperateForest|TemperateSwamp|TropicalRainforest|TropicalSwamp|Tundra|ZBiome_AlpineMeadow|ZBiome_Badlands|ZBiome_CloudForest|ZBiome_CoastalDunes|ZBiome_DesertOasis|ZBiome_GlacialShield|ZBiome_Grasslands|ZBiome_Marsh,19,ours
AA_SandLion,sand lion,Alpha Animals,sarg.alphaanimals,Animal,True,2,6,600,120,AridShrubland|Desert|ExtremeDesert|ZBiome_CoastalDunes|ZBiome_DesertOasis|ZBiome_Grasslands|ZBiome_Sandbar_NoBeach,7,ours
AA_SandProwler,sand prowler,Alpha Animals,sarg.alphaanimals,Animal,True,2,4,450,120,AB_GallatrossGraveyard|AB_OcularForest|AB_RockyCrags|AB_TarPits|AridShrubland|Desert|ExtremeDesert|ZBiome_CoastalDunes|ZBiome_DesertOasis|ZBiome_Grasslands|ZBiome_Sandbar_NoBeach,11,ours
AA_SandSquid,sand squid,Alpha Animals,sarg.alphaanimals,Animal,True,2,1,350,120,AridShrubland|Desert|ExtremeDesert|Savanna|TemperateForest|ZBiome_Badlands|ZBiome_CoastalDunes|ZBiome_DesertOasis|ZBiome_Grasslands|ZBiome_Sandbar_NoBeach,10,ours
AA_ShadowCharger,shadow charger,Alpha Animals,sarg.alphaanimals,Animal,True,2.5,3.5,550,150,AB_RockyCrags|AridShrubland|BorealForest|ColdBog|Desert|TemperateForest|TemperateSwamp|TropicalRainforest|TropicalSwamp|Tundra|ZBiome_AlpineMeadow|ZBiome_Badlands|ZBiome_CloudForest|ZBiome_CoastalDunes|ZBiome_DesertOasis|ZBiome_GlacialShield|ZBiome_Grasslands|ZBiome_Marsh,18,ours
AA_ShockGoat,shock goat,Alpha Animals,sarg.alphaanimals,Animal,True,0.6499999761581421,3.5,350,39,ColdBog|Grasslands|PoisonForest|Savanna|TemperateForest|TemperateSwamp|TropicalRainforest|TropicalSwamp|Wetland|ZBiome_CloudForest|ZBiome_Marsh,11,ours
AA_Skiphound,skiphound,Alpha Animals,sarg.alphaanimals,Animal,True,0.7900000214576721,4,750,47.400001525878906,AB_FeraliskInfestedJungle|AB_GelatinousSuperorganism|AridShrubland|BorealForest|Glowforest|Grasslands|TemperateForest|TemperateSwamp|TropicalRainforest|TropicalSwamp|Tundra|ZBiome_AlpineMeadow|ZBiome_Badlands|ZBiome_CloudForest|ZBiome_GlacialShield|ZBiome_Grasslands,16,ours
AA_Skyeel,arcturan sky eel,Alpha Animals,sarg.alphaanimals,Animal,True,0.25,3.5,150,15,,0,dormant
AA_Slurrypede,slurrypede,Alpha Animals,sarg.alphaanimals,Animal,True,2,1.899999976158142,650,120,AB_IdyllicMeadows|AB_MechanoidIntrusion|AB_MiasmicMangrove|AB_PropaneLakes|AB_PyroclasticConflagration|AB_TarPits|AridShrubland|BMT_CrystalCaverns|BMT_EarthenDepths|BMT_FungalForest|BorealForest|ColdBog|Desert|ExtremeDesert|GlacialPlain|Glowforest|Grasslands|IceSheet|IronScruff_PrimordialGeysers|LavaField|PoisonForest|Savanna|Scarlands|SeaIce|TemperateForest|TemperateSwamp|TropicalRainforest|TropicalSwamp|Tundra|Volcano|Wasteland|Wetland|ZBiome_AlpineMeadow|ZBiome_Badlands|ZBiome_CloudForest|ZBiome_CoastalDunes|ZBiome_DesertOasis|ZBiome_GlacialShield|ZBiome_Grasslands|ZBiome_Iceberg_NoBeach|ZBiome_Marsh|ZBiome_Sandbar_NoBeach,42,ours
AA_SmallButterfly,small butterflies,Alpha Animals,sarg.alphaanimals,Animal,True,0.009999999776482582,2,5,0.5999999642372131,,0,dormant
AA_SpinedGow,spined gow,Alpha Animals,sarg.alphaanimals,Animal,True,2.75,3.9000000953674316,350,165,AB_PyroclasticConflagration,1,ours
AA_Swarmling,swarmling,Alpha Animals,sarg.alphaanimals,Animal,True,0.30000001192092896,5,35,18,AB_FeraliskInfestedJungle|AB_GallatrossGraveyard|AB_GelatinousSuperorganism|AB_IdyllicMeadows|AB_MechanoidIntrusion|AB_MiasmicMangrove|AB_MycoticJungle|AB_OcularForest|AB_PropaneLakes|AB_PyroclasticConflagration|AB_TarPits|AridShrubland|BorealForest|ColdBog|Desert|ExtremeDesert|Glowforest|IceSheet|PoisonForest|Savanna|Scarlands|SeaIce|TemperateForest|TemperateSwamp|TropicalRainforest|TropicalSwamp|Tundra|Volcano|Wasteland|Wetland|ZBiome_AlpineMeadow|ZBiome_Badlands|ZBiome_CloudForest|ZBiome_CoastalDunes|ZBiome_DesertOasis|ZBiome_GlacialShield|ZBiome_Grasslands|ZBiome_Iceberg_NoBeach|ZBiome_Marsh|ZBiome_Sandbar_NoBeach,40,ours
AA_TarGuzzler,tar guzzler,Alpha Animals,sarg.alphaanimals,Animal,True,2,2,150,120,AB_TarPits,1,ours
AA_TeratogenicOriginator,teratogenic originator,Alpha Animals,sarg.alphaanimals,Animal,True,5,0.6000000238418579,850,300,AridShrubland|BMT_FungalForest|BorealForest|ColdBog|Desert|ExtremeDesert|GlacialPlain|Glowforest|Grasslands|IceSheet|IronScruff_PrimordialGeysers|LavaField|Scarlands|SeaIce|TemperateForest|TemperateSwamp|TropicalRainforest|TropicalSwamp|Tundra|ZBiome_AlpineMeadow|ZBiome_Badlands|ZBiome_CloudForest|ZBiome_CoastalDunes|ZBiome_DesertOasis|ZBiome_GlacialShield|ZBiome_Grasslands|ZBiome_Iceberg_NoBeach|ZBiome_Marsh|ZBiome_Sandbar_NoBeach,29,ours
AA_Terramorph,terramorph,Alpha Animals,sarg.alphaanimals,Animal,True,1.5,1.7999999523162842,250,90,AB_GallatrossGraveyard|AB_IdyllicMeadows|AB_PropaneLakes|AB_PyroclasticConflagration|AB_TarPits|AridShrubland|BMT_CrystalCaverns|BMT_FungalForest|BorealForest|ColdBog|Desert|ExtremeDesert|LavaField|Scarlands|TemperateForest|TemperateSwamp|TropicalRainforest|TropicalSwamp|Tundra|ZBiome_AlpineMeadow|ZBiome_Badlands|ZBiome_CloudForest|ZBiome_CoastalDunes|ZBiome_DesertOasis|ZBiome_GlacialShield|ZBiome_Grasslands|ZBiome_Marsh|ZBiome_Sandbar_NoBeach,28,ours
AA_TetraSlug,tetra slug,Alpha Animals,sarg.alphaanimals,Animal,True,5,0.6000000238418579,4000,300,AB_FeraliskInfestedJungle|AB_GallatrossGraveyard|AB_GelatinousSuperorganism|AB_IdyllicMeadows|AB_MechanoidIntrusion|AB_MiasmicMangrove|AB_MycoticJungle|AB_OcularForest|AB_PropaneLakes|AB_PyroclasticConflagration|AB_TarPits|AridShrubland|BorealForest|ColdBog|Desert|ExtremeDesert|GlacialPlain|Glowforest|Grasslands|IceSheet|IronScruff_PrimordialGeysers|LavaField|PoisonForest|Savanna|Scarlands|SeaIce|TemperateForest|TemperateSwamp|TropicalRainforest|TropicalSwamp|Tundra|Volcano|Wasteland|Wetland|ZBiome_AlpineMeadow|ZBiome_Badlands|ZBiome_CloudForest|ZBiome_CoastalDunes|ZBiome_DesertOasis|ZBiome_GlacialShield|ZBiome_Grasslands|ZBiome_Iceberg_NoBeach|ZBiome_Marsh|ZBiome_Sandbar_NoBeach,44,ours
AA_Thermadon,thermadon,Alpha Animals,sarg.alphaanimals,Animal,True,1.5,5,650,90,AB_PyroclasticConflagration|AridShrubland|BorealForest|ColdBog|Desert|LavaField|PoisonForest|Savanna|Scarlands|TemperateForest|TemperateSwamp|TropicalRainforest|TropicalSwamp|Tundra|Volcano|Wasteland|Wetland|ZBiome_AlpineMeadow|ZBiome_Badlands|ZBiome_CloudForest|ZBiome_CoastalDunes|ZBiome_DesertOasis|ZBiome_GlacialShield|ZBiome_Grasslands|ZBiome_Marsh,25,ours
AA_Thunderbeast,thunderbeast,Alpha Animals,sarg.alphaanimals,Animal,True,1.5,4,750,90,AB_FeraliskInfestedJungle|AB_GelatinousSuperorganism|AB_IdyllicMeadows|AB_MycoticJungle|AB_OcularForest|AridShrubland|Grasslands|IronScruff_PrimordialGeysers|TemperateForest|TemperateSwamp|TropicalRainforest|TropicalSwamp|ZBiome_Badlands|ZBiome_CloudForest|ZBiome_Grasslands,15,ours
AA_Thunderox,thunderox,Alpha Animals,sarg.alphaanimals,Animal,True,2.5,4,350,150,AB_RockyCrags|AridShrubland|BorealForest|ColdBog|Desert|ExtremeDesert|IceSheet|TemperateForest|TemperateSwamp|TropicalRainforest|TropicalSwamp|Tundra|ZBiome_AlpineMeadow|ZBiome_Badlands|ZBiome_CloudForest|ZBiome_CoastalDunes|ZBiome_DesertOasis|ZBiome_GlacialShield|ZBiome_Grasslands|ZBiome_Marsh|ZBiome_Sandbar_NoBeach,21,ours
AA_UnblinkingEye,unblinking eye,Alpha Animals,sarg.alphaanimals,Animal,True,7,2,1200,420,,0,dormant
AA_Wildpawn,wildpawn,Alpha Animals,sarg.alphaanimals,Animal,True,1.399999976158142,4,200,84,AB_MiasmicMangrove|AB_MycoticJungle|AridShrubland|BorealForest|Glowforest|IronScruff_PrimordialGeysers|PoisonForest|TemperateForest|Tundra|Wetland|ZBiome_AlpineMeadow|ZBiome_Badlands|ZBiome_GlacialShield|ZBiome_Grasslands,14,ours
AA_Wildpod,wildpod,Alpha Animals,sarg.alphaanimals,Animal,True,4,3,400,240,AB_MiasmicMangrove|AB_MycoticJungle|AridShrubland|BorealForest|ColdBog|Glowforest|PoisonForest|TemperateForest|TemperateSwamp|TropicalSwamp|Tundra|Wetland|ZBiome_AlpineMeadow|ZBiome_Badlands|ZBiome_GlacialShield|ZBiome_Grasslands|ZBiome_Marsh,17,ours
AA_WindBeast,windbeast,Alpha Animals,sarg.alphaanimals,Animal,True,1.5,4.75,750,90,AB_FeraliskInfestedJungle|AB_GallatrossGraveyard|AB_GelatinousSuperorganism|AB_IdyllicMeadows|AB_MechanoidIntrusion|AB_MycoticJungle|AB_OcularForest|AB_PyroclasticConflagration|AB_TarPits|AridShrubland|BorealForest|ColdBog|Desert|Glowforest|IronScruff_PrimordialGeysers|TemperateForest|TemperateSwamp|TropicalRainforest|TropicalSwamp|Tundra|ZBiome_AlpineMeadow|ZBiome_Badlands|ZBiome_CloudForest|ZBiome_CoastalDunes|ZBiome_DesertOasis|ZBiome_GlacialShield|ZBiome_Grasslands|ZBiome_Marsh,28,ours
BiomesIslands_Flamingo,rose flamingo,Biomes! Core,biomesteam.biomescore,Animal,True,0.699999988079071,5,0,42,,0,dormant
BMT_LandOctopus,terrestrial octopus,Biomes! Core,biomesteam.biomescore,Animal,True,0.800000011920929,4,230,48,,0,dormant
BMT_Maxolotl,maxolotl,Biomes! Core,biomesteam.biomescore,Animal,True,2.4000000953674316,5.099999904632568,900,144,BMT_FungalForest,1,ours
GiantToad,giant toad,Giant Toads (Continued),zal.gianttoads,Animal,True,2,6,700,120,AridShrubland|BorealForest|COMIGO_GreaterSwamp_Cold|COMIGO_GreaterSwamp_Temperate|COMIGO_GreaterSwamp_Tropical|ColdBog|Desert|TemperateForest|TemperateSwamp|TropicalRainforest|TropicalSwamp|Tundra,12,ours
KingToad,king toad,Giant Toads (Continued),zal.gianttoads,Animal,True,4,6,2800,240,,0,dormant
SW_Electricfish,Electricfish,Insectoids 2 - Isopoda geneline,who.vfee.isopodageneline,Animal,True,1,4,200,60,,0,dormant
SW_Electricgryllotalpa,Electricgryllotalpa,Insectoids 2 - Isopoda geneline,who.vfee.isopodageneline,Animal,True,1.5,3.75,500,90,,0,dormant
SW_Electrictick,Electrictick,Insectoids 2 - Isopoda geneline,who.vfee.isopodageneline,Animal,True,0.25,6,100,15,,0,dormant
SW_Emperorisopod,Emperorisopod,Insectoids 2 - Isopoda geneline,who.vfee.isopodageneline,Animal,True,5,3.75,1800,300,,0,dormant
SW_Grenadierworm,Grenadierworm,Insectoids 2 - Isopoda geneline,who.vfee.isopodageneline,Animal,True,2.5,3.75,650,150,,0,dormant
SW_Juggernautbeetles,Juggernautbeetles,Insectoids 2 - Isopoda geneline,who.vfee.isopodageneline,Animal,True,3,4,1500,180,,0,dormant
DZY_RNGChicken,chaos chicken,R-Hen-G: Chaos Chickens,dizzyeevee.rheng,Animal,True,0.30000001192092896,2.0999999046325684,7500,18,,0,dormant
RG_Hemolope,hemolope,ReGrowth 2,regrowth.botr.core,Animal,True,2,3.4000000953674316,0,120,,0,dormant
RG_Rabbit,rabbit,ReGrowth 2,regrowth.botr.core,Animal,True,0.20000000298023224,6,0,12,,0,dormant
RG_WoollyStegosaurus,woolly stegosaurus,ReGrowth 2,regrowth.botr.core,Animal,True,4,4.300000190734863,0,240,,0,dormant
RG_Neutrolope,neutrolope,ReGrowth 2,regrowth.botr.core,Animal,True,2,3.4000000953674316,0,120,,0,dormant
RG_Rimclaw,rimclaw,ReGrowth 2,regrowth.botr.core,Animal,True,1,5.199999809265137,2500,60,Desert|Scarlands,2,ours
RG_KiwiBird,kiwi,ReGrowth 2,regrowth.botr.core,Animal,True,0.15000000596046448,3.0999999046325684,0,9,,0,dormant
AG_OcularSlinger,ocular slinger,Alpha Genes,sarg.alphagenes,Animal,True,2.5,4,500,150,,0,dormant
BMT_AaroxisDendoriaLarvae,cinnabar caterpillar,Biomes! Caverns,biomesteam.biomescaverns,Animal,True,0.800000011920929,2,100,48,BMT_CrystalCaverns|BMT_FungalForest,2,ours
BMT_AaroxisDendoriaPupa,aaroxis dendoria pupa,Biomes! Caverns,biomesteam.biomescaverns,Animal,True,1,0.15000000596046448,100,60,,0,dormant
BMT_AaroxisDendoria,aaroxis dendoria,Biomes! Caverns,biomesteam.biomescaverns,Animal,True,1,2,110,60,BMT_CrystalCaverns|BMT_FungalForest,2,ours
BMT_AcidSlug,acid slug,Biomes! Caverns,biomesteam.biomescaverns,Animal,True,4,1.5,3500,240,,0,dormant
BMT_Basilisk,basilisk,Biomes! Caverns,biomesteam.biomescaverns,Animal,True,1.5,4.599999904632568,980,90,,0,dormant
BMT_Batbird,batbird,Biomes! Caverns,biomesteam.biomescaverns,Animal,True,0.25,4,95,15,,0,dormant
BMT_BeardedYak,bearded yak,Biomes! Caverns,biomesteam.biomescaverns,Animal,True,2.0999999046325684,5,300,125.99999237060547,,0,dormant
BMT_BloodropLarvae,bloodrop larvae,Biomes! Caverns,biomesteam.biomescaverns,Animal,True,0.699999988079071,2,100,42,BMT_CrystalCaverns|BMT_FungalForest,2,ours
BMT_BloodropPupa,bloodrop pupa,Biomes! Caverns,biomesteam.biomescaverns,Animal,True,1,0.15000000596046448,100,60,,0,dormant
BMT_BloodropMoth,bloodrop moth,Biomes! Caverns,biomesteam.biomescaverns,Animal,True,0.7699999809265137,5,350,46.19999694824219,BMT_CrystalCaverns|BMT_FungalForest,2,ours
BMT_BovineBeetleLarvae,bovine grub,Biomes! Caverns,biomesteam.biomescaverns,Animal,True,0.8999999761581421,2,350,54,BMT_CrystalCaverns|BMT_FungalForest,2,ours
BMT_BovineBeetlePupa,bovine pupa,Biomes! Caverns,biomesteam.biomescaverns,Animal,True,1,0.15000000596046448,100,60,,0,dormant
BMT_BovineBeetle,bovine beetle,Biomes! Caverns,biomesteam.biomescaverns,Animal,True,2.450000047683716,3.0999999046325684,400,147,BMT_CrystalCaverns|BMT_FungalForest,2,ours
BMT_BrownBat,brown bat,Biomes! Caverns,biomesteam.biomescaverns,Animal,True,0.25,4,95,15,,0,dormant
BMT_CactusCrab,cactus crab,Biomes! Caverns,biomesteam.biomescaverns,Animal,True,2.4000000953674316,3.5,2300,144,,0,dormant
BMT_CaveCricket,cave cricket,Biomes! Caverns,biomesteam.biomescaverns,Animal,True,0.800000011920929,3.75,100,48,BMT_FungalForest,1,ours
BMT_CaveLemming,cave lemming,Biomes! Caverns,biomesteam.biomescaverns,Animal,True,1,6,50,60,,0,dormant
BMT_CaveSpider,cave spider,Biomes! Caverns,biomesteam.biomescaverns,Animal,True,4,5.5,4000,240,BMT_CrystalCaverns|BMT_FungalForest,2,ours
BMT_ChemSnail,chem snail,Biomes! Caverns,biomesteam.biomescaverns,Animal,True,0.4000000059604645,1.2000000476837158,100,24,BMT_CrystalCaverns|BMT_FungalForest,2,ours
BMT_CrestedDragon,crested dragon,Biomes! Caverns,biomesteam.biomescaverns,Animal,True,0.699999988079071,4.25,300,42,,0,dormant
BMT_CrystalBeetleLarvae,crystalback grub,Biomes! Caverns,biomesteam.biomescaverns,Animal,True,0.8999999761581421,2,100,54,BMT_CrystalCaverns,1,ours
BMT_CrystalBeetlePupa,crystalback pupa,Biomes! Caverns,biomesteam.biomescaverns,Animal,True,1,0.15000000596046448,100,60,,0,dormant
BMT_CrystalBeetle,crystalback beetle,Biomes! Caverns,biomesteam.biomescaverns,Animal,True,2.450000047683716,3.0999999046325684,100,147,BMT_CrystalCaverns,1,ours
BMT_CrystalCrab,crystal crab,Biomes! Caverns,biomesteam.biomescaverns,Animal,True,2.4000000953674316,3.5,2300,144,BMT_CrystalCaverns|BMT_EarthenDepths|BMT_FungalForest,3,ours
BMT_CrystalFairyMole,crystal fairy mole,Biomes! Caverns,biomesteam.biomescaverns,Animal,True,0.8600000143051147,3,250,51.60000228881836,BMT_CrystalCaverns,1,ours
BMT_CrystalMantis,crystal mimic mantis,Biomes! Caverns,biomesteam.biomescaverns,Animal,True,2,3.75,150,120,BMT_CrystalCaverns,1,ours
BMT_Crystalope,crystalope,Biomes! Caverns,biomesteam.biomescaverns,Animal,True,2,3.4000000953674316,350,120,BMT_CrystalCaverns,1,ours
BMT_DarkAxolotl,dark axolotl,Biomes! Caverns,biomesteam.biomescaverns,Animal,True,1,4.599999904632568,350,60,,0,dormant
BMT_Diggerpede,diggerpede,Biomes! Caverns,biomesteam.biomescaverns,Animal,True,1.5,5.199999809265137,350,90,,0,dormant
BMT_FacetMothLarvae,crystalline caterpillar,Biomes! Caverns,biomesteam.biomescaverns,Animal,True,0.699999988079071,2,100,42,BMT_CrystalCaverns,1,ours
BMT_FacetMothPupa,facet pupa,Biomes! Caverns,biomesteam.biomescaverns,Animal,True,1,0.15000000596046448,100,60,,0,dormant
BMT_FacetMoth,facet moth,Biomes! Caverns,biomesteam.biomescaverns,Animal,True,0.7699999809265137,4,350,46.19999694824219,BMT_CrystalCaverns,1,ours
BMT_FireSalamander,fire salamander,Biomes! Caverns,biomesteam.biomescaverns,Animal,True,1.25,5.099999904632568,900,75,BMT_EarthenDepths,1,foreign
BMT_FleeceSpider,fleece spider,Biomes! Caverns,biomesteam.biomescaverns,Animal,True,0.3199999928474426,4.400000095367432,100,19.19999885559082,,0,dormant
BMT_FoundryBeetleLarvae,foundry grub,Biomes! Caverns,biomesteam.biomescaverns,Animal,True,1.7999999523162842,2,100,108,,0,dormant
BMT_FoundryBeetlePupa,foundry pupa,Biomes! Caverns,biomesteam.biomescaverns,Animal,True,1,0.15000000596046448,100,60,,0,dormant
BMT_FoundryBeetle,foundry beetle,Biomes! Caverns,biomesteam.biomescaverns,Animal,True,2.4000000953674316,4.5,300,144,BMT_EarthenDepths,1,foreign
BMT_FreezerFrog,freezer frog,Biomes! Caverns,biomesteam.biomescaverns,Animal,True,0.75,6,50,45,,0,dormant
BMT_FrostweaverSpider,frostweaver,Biomes! Caverns,biomesteam.biomescaverns,Animal,True,2.4000000953674316,4.5,400,144,,0,dormant
BMT_FungalFerret,fungal ferret,Biomes! Caverns,biomesteam.biomescaverns,Animal,True,0.5,5,120,30,BMT_FungalForest,1,ours
BMT_FungalMantis,fungal mimic mantis,Biomes! Caverns,biomesteam.biomescaverns,Animal,True,2,3.75,150,120,BMT_FungalForest,1,ours
BMT_FungalWeevil,fungal weevil,Biomes! Caverns,biomesteam.biomescaverns,Animal,True,0.5,3.75,100,30,BMT_FungalForest,1,ours
BMT_Gembug,gembug,Biomes! Caverns,biomesteam.biomescaverns,Animal,True,0.33500000834465027,2.75,250,20.100000381469727,BMT_CrystalCaverns,1,ours
BMT_GiantSlug,giant slug,Biomes! Caverns,biomesteam.biomescaverns,Animal,True,1.7000000476837158,1.2999999523162842,100,102,BMT_FungalForest,1,ours
BMT_GiantSnail,giant snail,Biomes! Caverns,biomesteam.biomescaverns,Animal,True,2.5999999046325684,2.5999999046325684,100,156,BMT_FungalForest,1,ours
BMT_GlarralPenguin,glarral penguin,Biomes! Caverns,biomesteam.biomescaverns,Animal,True,1,3.4000000953674316,0,60,,0,dormant
BMT_GlowBat,bioluminescent bat,Biomes! Caverns,biomesteam.biomescaverns,Animal,True,0.25,4,95,15,BMT_CrystalCaverns|BMT_FungalForest,2,ours
BMT_GlowSlug,glowslug,Biomes! Caverns,biomesteam.biomescaverns,Animal,True,0.4000000059604645,0.800000011920929,240,24,BMT_CrystalCaverns|BMT_FungalForest,2,ours
BMT_GoetoTadpole,goeto tadpole,Biomes! Caverns,biomesteam.biomescaverns,Animal,True,0.10000000149011612,3,50,6,,0,dormant
BMT_GoetoToad,goeto toad,Biomes! Caverns,biomesteam.biomescaverns,Animal,True,0.30000001192092896,3,50,18,BMT_FungalForest,1,ours
BMT_HoarfrostMastodon,hoarfrost mastodon,Biomes! Caverns,biomesteam.biomescaverns,Animal,True,3.5,4.800000190734863,600,210,,0,dormant
BMT_HungeringHydra,hungering hydra,Biomes! Caverns,biomesteam.biomescaverns,Animal,True,5.5,5,2500,330,,0,dormant
BMT_ImperialToad,imperial toad,Biomes! Caverns,biomesteam.biomescaverns,Animal,True,0.30000001192092896,3,50,18,,0,dormant
BMT_Jellypot,jellypot,Biomes! Caverns,biomesteam.biomescaverns,Animal,True,0.6499999761581421,1.649999976158142,200,39,,0,dormant
BMT_JewelBeetleLarvae,jewel grub,Biomes! Caverns,biomesteam.biomescaverns,Animal,True,0.8999999761581421,0.30000001192092896,100,54,,0,dormant
BMT_JewelBeetlePupa,jewel pupa,Biomes! Caverns,biomesteam.biomescaverns,Animal,True,1,0.15000000596046448,100,60,,0,dormant
BMT_JewelBeetle,jewel beetle,Biomes! Caverns,biomesteam.biomescaverns,Animal,True,2.450000047683716,3.0999999046325684,200,147,,0,dormant
BMT_MaceDrake,mace drake,Biomes! Caverns,biomesteam.biomescaverns,Animal,True,3.5,4.5,520,210,,0,dormant
BMT_Maguana,maguana,Biomes! Caverns,biomesteam.biomescaverns,Animal,True,2.0999999046325684,0.6000000238418579,980,125.99999237060547,BMT_EarthenDepths,1,foreign
BMT_Megabat,megabat,Biomes! Caverns,biomesteam.biomescaverns,Animal,True,2.200000047683716,5,95,132,,0,dormant
BMT_Megapleura,megapleura,Biomes! Caverns,biomesteam.biomescaverns,Animal,True,2.4000000953674316,7.5,300,144,BMT_CrystalCaverns,1,ours
BMT_MetalloSnail,metallosnail,Biomes! Caverns,biomesteam.biomescaverns,Animal,True,0.8500000238418579,2,100,51,BMT_EarthenDepths,1,foreign
BMT_Mole,mole,Biomes! Caverns,biomesteam.biomescaverns,Animal,True,0.4000000059604645,3,50,24,,0,dormant
BMT_Molebear,Molebear,Biomes! Caverns,biomesteam.biomescaverns,Animal,True,2.1500000953674316,4.800000190734863,900,129,,0,dormant
BMT_MossBeetleLarvae,moss grub,Biomes! Caverns,biomesteam.biomescaverns,Animal,True,0.699999988079071,2,100,42,BMT_CrystalCaverns|BMT_FungalForest,2,ours
BMT_MossBeetlePupa,moss pupa,Biomes! Caverns,biomesteam.biomescaverns,Animal,True,1,0.15000000596046448,100,60,,0,dormant
BMT_MossBeetle,moss beetle,Biomes! Caverns,biomesteam.biomescaverns,Animal,True,0.44999998807907104,3.75,100,27,BMT_CrystalCaverns|BMT_FungalForest,2,ours
BMT_MossyFennec,mossy fennec,Biomes! Caverns,biomesteam.biomescaverns,Animal,True,0.6000000238418579,4.599999904632568,200,36,BMT_FungalForest,1,ours
BMT_Pillbug,pillbug,Biomes! Caverns,biomesteam.biomescaverns,Animal,True,0.4000000059604645,2.75,200,24,BMT_EarthenDepths|BMT_FungalForest,2,ours
BMT_PodWorm,pod worm,Biomes! Caverns,biomesteam.biomescaverns,Animal,True,4,2,400,240,BMT_CrystalCaverns|BMT_EarthenDepths|BMT_FungalForest,3,ours
BMT_Rimebeak,rimebeak,Biomes! Caverns,biomesteam.biomescaverns,Animal,True,1.399999976158142,5,450,84,,0,dormant
BMT_RoyalRhinoLarvae,royal rhino grub,Biomes! Caverns,biomesteam.biomescaverns,Animal,True,0.8999999761581421,2,500,54,,0,dormant
BMT_RoyalRhinoPupa,royal rhino pupa,Biomes! Caverns,biomesteam.biomescaverns,Animal,True,1,0.15000000596046448,1000,60,,0,dormant
BMT_RoyalRhino,royal rhino beetle,Biomes! Caverns,biomesteam.biomescaverns,Animal,True,3,5,3000,180,BMT_CrystalCaverns|BMT_EarthenDepths|BMT_FungalForest,3,ours
BMT_SandLeaper,sand leaper,Biomes! Caverns,biomesteam.biomescaverns,Animal,True,0.20000000298023224,4.25,220,12,,0,dormant
BMT_SandPillar,sandpillar,Biomes! Caverns,biomesteam.biomescaverns,Animal,True,0.800000011920929,4.400000095367432,100,48,,0,dormant
BMT_ShatterjawBeetleLarvae,shatterjaw grub,Biomes! Caverns,biomesteam.biomescaverns,Animal,True,0.8999999761581421,2,100,54,,0,dormant
BMT_ShatterjawBeetlePupa,shatterjaw pupa,Biomes! Caverns,biomesteam.biomescaverns,Animal,True,1,0.15000000596046448,100,60,,0,dormant
BMT_ShatterjawBeetle,shatterjaw beetle,Biomes! Caverns,biomesteam.biomescaverns,Animal,True,1,3.5999999046325684,550,60,BMT_CrystalCaverns,1,ours
BMT_ShimmershellSnail,shimmershell snail,Biomes! Caverns,biomesteam.biomescaverns,Animal,True,0.6000000238418579,2.0999999046325684,240,36,BMT_CrystalCaverns|BMT_FungalForest,2,ours
BMT_SilverSheep,silver sheep,Biomes! Caverns,biomesteam.biomescaverns,Animal,True,0.8500000238418579,4.800000190734863,210,51,,0,dormant
BMT_SmolderstingScorpion,smoldersting scorpion,Biomes! Caverns,biomesteam.biomescaverns,Animal,True,2,3.75,2500,120,BMT_EarthenDepths,1,foreign
BMT_Snowstalker,snowstalker,Biomes! Caverns,biomesteam.biomescaverns,Animal,True,1,5,400,60,,0,dormant
BMT_SonarRabbit,sonar rabbit,Biomes! Caverns,biomesteam.biomescaverns,Animal,True,0.20000000298023224,4,240,12,BMT_FungalForest,1,ours
BMT_Stoneback,stoneback,Biomes! Caverns,biomesteam.biomescaverns,Animal,True,0.4000000059604645,3.25,250,24,,0,dormant
BMT_Thrumbungus,thrumbungus,Biomes! Caverns,biomesteam.biomescaverns,Animal,True,4,5.5,4000,240,,0,dormant
BMT_TruffleMole,truffle mole,Biomes! Caverns,biomesteam.biomescaverns,Animal,True,0.8999999761581421,3.799999952316284,100,54,BMT_FungalForest,1,ours
BMT_Woollybat,woolly bat,Biomes! Caverns,biomesteam.biomescaverns,Animal,True,1.2000000476837158,4,145,72,BMT_CrystalCaverns|BMT_EarthenDepths|BMT_FungalForest,3,ours
BMT_Xyrion,xyrion,Biomes! Caverns,biomesteam.biomescaverns,Animal,True,0.8999999761581421,4,240,54,BMT_CrystalCaverns|BMT_FungalForest,2,ours
BMT_Yooka,yooka,Biomes! Caverns,biomesteam.biomescaverns,Animal,True,2.0999999046325684,4.300000190734863,350,125.99999237060547,BMT_FungalForest,1,ours
BMT_BarbedPangolin,barbed pangolin,Biomes! Polluted Lands,biomesteam.biomespollutedlands,Animal,True,2,3.5999999046325684,250,120,,0,dormant
BMT_BiliousVarog,bilious varog,Biomes! Polluted Lands,biomesteam.biomespollutedlands,Animal,True,2.4000000953674316,3,100,144,,0,dormant
BMT_BloodletterPetrel,bloodletter petrel,Biomes! Polluted Lands,biomesteam.biomespollutedlands,Animal,True,0.3199999928474426,3,95,19.19999885559082,,0,dormant
BMT_BunkerBug,bunker bug,Biomes! Polluted Lands,biomesteam.biomespollutedlands,Animal,True,4,4.5,4300,240,,0,dormant
BMT_CarrionVulture,carrion vulture,Biomes! Polluted Lands,biomesteam.biomespollutedlands,Animal,True,0.3199999928474426,3,95,19.19999885559082,,0,dormant
BMT_FamineLocust,famine locust,Biomes! Polluted Lands,biomesteam.biomespollutedlands,Animal,True,0.3199999928474426,5,50,19.19999885559082,,0,dormant
BMT_FenridStoat,fenrid stoat,Biomes! Polluted Lands,biomesteam.biomespollutedlands,Animal,True,1.399999976158142,5,450,84,,0,dormant
BMT_Polluwog,polluwog,Biomes! Polluted Lands,biomesteam.biomespollutedlands,Animal,True,0.10000000149011612,3,50,6,,0,dormant
BMT_GastroToad,gastro toad,Biomes! Polluted Lands,biomesteam.biomespollutedlands,Animal,True,0.30000001192092896,3,50,18,,0,dormant
BMT_Glowtail,glowtail,Biomes! Polluted Lands,biomesteam.biomespollutedlands,Animal,True,0.3199999928474426,4,100,19.19999885559082,,0,dormant
BMT_Maligoat,maligoat,Biomes! Polluted Lands,biomesteam.biomespollutedlands,Animal,True,1,3.9000000953674316,220,60,,0,dormant
BMT_Creature_Mantrap,mantrap,Biomes! Polluted Lands,biomesteam.biomespollutedlands,Animal,True,0.7699999809265137,0.15000000596046448,200,46.19999694824219,,0,dormant
BMT_Megakrill,megakrill,Biomes! Polluted Lands,biomesteam.biomespollutedlands,Animal,True,0.20000000298023224,5,50,12,,0,dormant
BMT_MegaphoridLarva,megaphorid maggot,Biomes! Polluted Lands,biomesteam.biomespollutedlands,Animal,True,0.3199999928474426,3,100,19.19999885559082,,0,dormant
BMT_Megaphorid,megaphorid,Biomes! Polluted Lands,biomesteam.biomespollutedlands,Animal,True,0.6000000238418579,6,50,36,,0,dormant
BMT_Megaroach,megaroach,Biomes! Polluted Lands,biomesteam.biomespollutedlands,Animal,True,0.20000000298023224,6,50,12,,0,dormant
BMT_MucklurkerCatfish,mucklurker catfish,Biomes! Polluted Lands,biomesteam.biomespollutedlands,Animal,True,0.8500000238418579,2,100,51,,0,dormant
BMT_MutagenicNorphea,mutagenic norphea,Biomes! Polluted Lands,biomesteam.biomespollutedlands,Animal,True,0.3199999928474426,3,95,19.19999885559082,,0,dormant
BMT_MutatingTumorfishSpawn,mutating tumorfish spawn,Biomes! Polluted Lands,biomesteam.biomespollutedlands,Animal,True,0.800000011920929,3.5,100,48,,0,dormant
BMT_MutatingTumorfishFry,mutating tumorfish fry,Biomes! Polluted Lands,biomesteam.biomespollutedlands,Animal,True,0.800000011920929,3,100,48,,0,dormant
BMT_MutatingTumorfishAdult,mutating tumorfish,Biomes! Polluted Lands,biomesteam.biomespollutedlands,Animal,True,1.7999999523162842,2,110,108,,0,dormant
BMT_PustuleHornet,pustule hornet,Biomes! Polluted Lands,biomesteam.biomespollutedlands,Animal,True,0.3199999928474426,4,150,19.19999885559082,,0,dormant
BMT_PustuleHornetSpawned,pustule hornet,Biomes! Polluted Lands,biomesteam.biomespollutedlands,Animal,True,0.3199999928474426,4,150,19.19999885559082,,0,dormant
BMT_ColonyPustuleHornet,pustule hornet,Biomes! Polluted Lands,biomesteam.biomespollutedlands,Animal,True,0.3199999928474426,4,10,19.19999885559082,,0,dormant
BMT_PustuleHornetQueen,pustule queen,Biomes! Polluted Lands,biomesteam.biomespollutedlands,Animal,True,1,3,150,60,,0,dormant
BMT_ColonyPustuleHornetQueen,pustule queen,Biomes! Polluted Lands,biomesteam.biomespollutedlands,Animal,True,1,3,150,60,,0,dormant
BMT_Sacapillar,sacapillar,Biomes! Polluted Lands,biomesteam.biomespollutedlands,Animal,True,2.4000000953674316,2,100,144,,0,dormant
BMT_Screecher,screecher,Biomes! Polluted Lands,biomesteam.biomespollutedlands,Animal,True,1,3,455,60,,0,dormant
BMT_SludgeCrawler,sludgecrawler,Biomes! Polluted Lands,biomesteam.biomespollutedlands,Animal,True,2.5999999046325684,2.5,150,156,,0,dormant
BMT_SmogMothLarvae,smog caterpillar,Biomes! Polluted Lands,biomesteam.biomespollutedlands,Animal,True,0.5,1.5,100,30,,0,dormant
BMT_SmogPupa,smog pupa,Biomes! Polluted Lands,biomesteam.biomespollutedlands,Animal,True,1,0.15000000596046448,100,60,,0,dormant
BMT_SmogMoth,smog moth,Biomes! Polluted Lands,biomesteam.biomespollutedlands,Animal,True,0.7699999809265137,4,350,46.19999694824219,,0,dormant
BMT_Swarmcaller,swarmcaller,Biomes! Polluted Lands,biomesteam.biomespollutedlands,Animal,True,1,3,50,60,,0,dormant
BMT_TaintedTurtle,tainted turtle,Biomes! Polluted Lands,biomesteam.biomespollutedlands,Animal,True,0.5,1,220,30,,0,dormant
BMT_ToxSheep,tox-wool sheep,Biomes! Polluted Lands,biomesteam.biomespollutedlands,Animal,True,0.75,5.099999904632568,350,45,,0,dormant
BMT_TripleSnapper,triple snapper,Biomes! Polluted Lands,biomesteam.biomespollutedlands,Animal,True,1.399999976158142,1,500,84,,0,dormant
BMT_Varmot,varmot,Biomes! Polluted Lands,biomesteam.biomespollutedlands,Animal,True,0.20000000298023224,6,50,12,,0,dormant
BMT_WasteHound,waste hound,Biomes! Polluted Lands,biomesteam.biomespollutedlands,Animal,True,0.8600000143051147,4.599999904632568,0,51.60000228881836,,0,dormant
VFEP_Mech_Wardrone,wardrone,Vanilla Factions Expanded - Pirates,oskarpotocki.vfe.pirates,ToolUser,False,0.25,4.699999809265137,1200,15,,0,dormant
VFEP_Mech_Spidermine,spidermine,Vanilla Factions Expanded - Pirates,oskarpotocki.vfe.pirates,ToolUser,False,0.25,4.699999809265137,1200,15,,0,dormant
GR_Elasmobearium,elasmobearium,Vanilla Genetics Expanded,vanillaexpanded.vgeneticse,Animal,True,4,4.5,1300,240,,0,dormant
GR_Boomnotherium,boomnotherium,Vanilla Genetics Expanded,vanillaexpanded.vgeneticse,Animal,True,5.5,4.300000190734863,0,330,,0,dormant
GR_Chickenlodon,chickenlodon,Vanilla Genetics Expanded,vanillaexpanded.vgeneticse,Animal,True,2,6,0,120,,0,dormant
GR_Mantistanis,mantistanis,Vanilla Genetics Expanded,vanillaexpanded.vgeneticse,Animal,True,3,7,1000,180,,0,dormant
GR_Paraceramuffalo,paraceramuffalo,Vanilla Genetics Expanded,vanillaexpanded.vgeneticse,Animal,True,16,2.5,3500,960,,0,dormant
GR_Lizardochs,lizardochs,Vanilla Genetics Expanded,vanillaexpanded.vgeneticse,Animal,True,3,4.199999809265137,900,180,,0,dormant
GR_Doedicoon,doedicoon,Vanilla Genetics Expanded,vanillaexpanded.vgeneticse,Animal,True,0.30000001192092896,4.099999904632568,200,18,,0,dormant
GR_Thrumdraeodon,thrumdraeodon,Vanilla Genetics Expanded,vanillaexpanded.vgeneticse,Animal,True,4.5,5.5,2000,270,,0,dormant
GR_WoolyWolf,wooly Wolf,Vanilla Genetics Expanded,vanillaexpanded.vgeneticse,Animal,True,1.5,6,0,90,,0,dormant
GR_BearBug,bear bug,Vanilla Genetics Expanded,vanillaexpanded.vgeneticse,Animal,True,2,3.5,350,120,,0,dormant
GR_Boomalisk,boomalisk,Vanilla Genetics Expanded,vanillaexpanded.vgeneticse,Animal,True,2,4,600,120,,0,dormant
GR_Needlechicken,needlechicken,Vanilla Genetics Expanded,vanillaexpanded.vgeneticse,Animal,True,0.25,2,120,15,,0,dormant
GR_Beetlefleet,beetlefleet,Vanilla Genetics Expanded,vanillaexpanded.vgeneticse,Animal,True,0.30000001192092896,2.5,175,18,,0,dormant
GR_Groundffalo,groundffalo,Vanilla Genetics Expanded,vanillaexpanded.vgeneticse,Animal,True,3,3,350,180,,0,dormant
GR_MeadowLizard,meadow lizard,Vanilla Genetics Expanded,vanillaexpanded.vgeneticse,Animal,True,1.5,6,450,90,,0,dormant
GR_AnimusHare,animus hare,Vanilla Genetics Expanded,vanillaexpanded.vgeneticse,Animal,True,0.3499999940395355,3.5,250,21,,0,dormant
GR_Nighthrumbo,nighthrumbo,Vanilla Genetics Expanded,vanillaexpanded.vgeneticse,Animal,True,3,5,1500,180,,0,dormant
GR_WolfShrimp,wolf shrimp,Vanilla Genetics Expanded,vanillaexpanded.vgeneticse,Animal,True,2,9,0,120,,0,dormant
GR_ArchotechCentipede,archocentipede,Vanilla Genetics Expanded,vanillaexpanded.vgeneticse,Animal,True,20,10,4000000,1200,,0,dormant
GR_Chickenbear,chickenbear,Vanilla Genetics Expanded,vanillaexpanded.vgeneticse,Animal,True,0.30000001192092896,1.7999999523162842,0,18,,0,dormant
GR_Chickenlope,chickenlope,Vanilla Genetics Expanded,vanillaexpanded.vgeneticse,Animal,True,0.18000000715255737,2.1500000953674316,95,10.800000190734863,,0,dormant
GR_Chickenffalo,chickenffalo,Vanilla Genetics Expanded,vanillaexpanded.vgeneticse,Animal,True,0.20000000298023224,3.0999999046325684,0,12,,0,dormant
GR_Chickenwolf,chickenwolf,Vanilla Genetics Expanded,vanillaexpanded.vgeneticse,Animal,True,0.30000001192092896,5.25,0,18,,0,dormant
GR_Chickenrabbit,chickenrabbit,Vanilla Genetics Expanded,vanillaexpanded.vgeneticse,Animal,True,0.15000000596046448,2.0999999046325684,45,9,,0,dormant
GR_Chickencat,chickencat,Vanilla Genetics Expanded,vanillaexpanded.vgeneticse,Animal,True,0.30000001192092896,4.5,0,18,,0,dormant
GR_Turkeyman,turkeyman,Vanilla Genetics Expanded,vanillaexpanded.vgeneticse,Animal,True,0.6000000238418579,3.5,0,36,,0,dormant
GR_Boomabear,boomabear,Vanilla Genetics Expanded,vanillaexpanded.vgeneticse,Animal,True,2.5,3.799999952316284,375,150,,0,dormant
GR_Boomachicken,boomachicken,Vanilla Genetics Expanded,vanillaexpanded.vgeneticse,Animal,True,0.75,5,0,45,,0,dormant
GR_Boomffalo,boomffalo,Vanilla Genetics Expanded,vanillaexpanded.vgeneticse,Animal,True,2.25,3.1500000953674316,230,135,,0,dormant
GR_Boomwolf,boomwolf,Vanilla Genetics Expanded,vanillaexpanded.vgeneticse,Animal,True,1.5,5.099999904632568,0,90,,0,dormant
GR_Boomsquirrel,boomsquirrel,Vanilla Genetics Expanded,vanillaexpanded.vgeneticse,Animal,True,1.2999999523162842,5,100,78,,0,dormant
GR_Boomcat,boomcat,Vanilla Genetics Expanded,vanillaexpanded.vgeneticse,Animal,True,1.5,3.75,250,90,,0,dormant
GR_Booman,booman,Vanilla Genetics Expanded,vanillaexpanded.vgeneticse,Animal,True,1.25,2.5,0,75,,0,dormant
GR_Wolfbear,wolfbear,Vanilla Genetics Expanded,vanillaexpanded.vgeneticse,Animal,True,1,5,0,60,,0,dormant
GR_Wolfalope,wolfalope,Vanilla Genetics Expanded,vanillaexpanded.vgeneticse,Animal,True,0.8500000238418579,5.5,0,51,,0,dormant
GR_Wolfchicken,wolfchicken,Vanilla Genetics Expanded,vanillaexpanded.vgeneticse,Animal,True,0.6499999761581421,6,0,39,,0,dormant
GR_Wolffalo,wolffalo,Vanilla Genetics Expanded,vanillaexpanded.vgeneticse,Animal,True,1.5,5.199999809265137,0,90,,0,dormant
GR_Wolfbeaver,wolfbeaver,Vanilla Genetics Expanded,vanillaexpanded.vgeneticse,Animal,True,0.8500000238418579,7.5,0,51,,0,dormant
GR_Wolfcat,wolfcat,Vanilla Genetics Expanded,vanillaexpanded.vgeneticse,Animal,True,1,6.5,0,60,,0,dormant
GR_Dogman,dogman,Vanilla Genetics Expanded,vanillaexpanded.vgeneticse,Animal,True,0.75,4.5,0,45,,0,dormant
GR_Thrumbear,thrumbear,Vanilla Genetics Expanded,vanillaexpanded.vgeneticse,Animal,True,6,5.25,4500,360,,0,dormant
GR_Thrumbalope,thrumbalope,Vanilla Genetics Expanded,vanillaexpanded.vgeneticse,Animal,True,4,4,3000,240,,0,dormant
GR_Thrumbochicken,thrumbochicken,Vanilla Genetics Expanded,vanillaexpanded.vgeneticse,Animal,True,3,8,3000,180,,0,dormant
GR_Thrumffalo,thrumffalo,Vanilla Genetics Expanded,vanillaexpanded.vgeneticse,Animal,True,8.399999618530273,5,3500,503.9999694824219,,0,dormant
GR_Thrumwolf,thrumwolf,Vanilla Genetics Expanded,vanillaexpanded.vgeneticse,Animal,True,2.200000047683716,6,0,132,,0,dormant
GR_Thrumbocat,thrumbocat,Vanilla Genetics Expanded,vanillaexpanded.vgeneticse,Animal,True,2,5,1750,120,,0,dormant
GR_Thrumbospider,thrumbospider,Vanilla Genetics Expanded,vanillaexpanded.vgeneticse,Animal,True,4.5,2.25,2500,270,,0,dormant
GR_Thrumbolizard,thrumbolizard,Vanilla Genetics Expanded,vanillaexpanded.vgeneticse,Animal,True,3.5,5.25,4500,210,,0,dormant
GR_Thrumborat,thrumborat,Vanilla Genetics Expanded,vanillaexpanded.vgeneticse,Animal,True,1.5,5.25,2400,90,,0,dormant
GR_Thrumhorse,thrumhorse,Vanilla Genetics Expanded,vanillaexpanded.vgeneticse,Animal,True,4.5,5.800000190734863,4500,270,,0,dormant
GR_Thrumboman,thrumboman,Vanilla Genetics Expanded,vanillaexpanded.vgeneticse,Animal,True,4,4,4000,240,,0,dormant
GR_Bearhorse,bearhorse,Vanilla Genetics Expanded,vanillaexpanded.vgeneticse,Animal,True,3.5,4,850,210,,0,dormant
GR_Boomhorse,boomhorse,Vanilla Genetics Expanded,vanillaexpanded.vgeneticse,Animal,True,2,3.75,0,120,,0,dormant
GR_Chickenhorse,chickenhorse,Vanilla Genetics Expanded,vanillaexpanded.vgeneticse,Animal,True,1,7.5,550,60,,0,dormant
GR_Cathorse,cathorse,Vanilla Genetics Expanded,vanillaexpanded.vgeneticse,Animal,True,2,6,0,120,,0,dormant
GR_Molehorse,molehorse,Vanilla Genetics Expanded,vanillaexpanded.vgeneticse,Animal,True,1,4,0,60,,0,dormant
GR_Wolfhorse,wolfhorse,Vanilla Genetics Expanded,vanillaexpanded.vgeneticse,Animal,True,2.799999952316284,6.5,850,168,,0,dormant
GR_Muffalohorse,muffalohorse,Vanilla Genetics Expanded,vanillaexpanded.vgeneticse,Animal,True,3.4000000953674316,3,0,204,,0,dormant
GR_Crocorse,crocorse,Vanilla Genetics Expanded,vanillaexpanded.vgeneticse,Animal,True,2.75,3.5,950,165,,0,dormant
GR_Spiderhorse,spiderhorse,Vanilla Genetics Expanded,vanillaexpanded.vgeneticse,Animal,True,2.4000000953674316,5,850,144,,0,dormant
GR_Hurseman,hurseman,Vanilla Genetics Expanded,vanillaexpanded.vgeneticse,Animal,True,2.4000000953674316,4.599999904632568,750,144,,0,dormant
GR_Fleshling,fleshling,Vanilla Genetics Expanded,vanillaexpanded.vgeneticse,Animal,True,0.20000000298023224,2,10,12,,0,dormant
GR_AberrantFleshbeast,aberrant fleshbeast,Vanilla Genetics Expanded,vanillaexpanded.vgeneticse,Animal,True,5,1,10,300,,0,dormant
GR_FleshMonstrosity,flesh monstrosity,Vanilla Genetics Expanded,vanillaexpanded.vgeneticse,Animal,True,5,3,10,300,,0,dormant
GR_FleshGrowth,flesh growth,Vanilla Genetics Expanded,vanillaexpanded.vgeneticse,Animal,True,5,0.15000000596046448,10,300,,0,dormant
GR_FleshFlies,flesh flies,Vanilla Genetics Expanded,vanillaexpanded.vgeneticse,Animal,True,1,0.5,10,60,,0,dormant
GR_Catbear,catbear,Vanilla Genetics Expanded,vanillaexpanded.vgeneticse,Animal,True,0.4000000059604645,3,0,24,,0,dormant
GR_Catalope,catalope,Vanilla Genetics Expanded,vanillaexpanded.vgeneticse,Animal,True,0.2549999952316284,3.75,125,15.299999237060547,,0,dormant
GR_Catchicken,catchicken,Vanilla Genetics Expanded,vanillaexpanded.vgeneticse,Animal,True,0.2549999952316284,3.5,110,15.299999237060547,,0,dormant
GR_Catffalo,catffalo,Vanilla Genetics Expanded,vanillaexpanded.vgeneticse,Animal,True,0.4000000059604645,4.5,0,24,,0,dormant
GR_Catrabbit,catrabbit,Vanilla Genetics Expanded,vanillaexpanded.vgeneticse,Animal,True,0.30000001192092896,4.400000095367432,0,18,,0,dormant
GR_Catwolf,catwolf,Vanilla Genetics Expanded,vanillaexpanded.vgeneticse,Animal,True,0.4000000059604645,7,0,24,,0,dormant
GR_Catman,catman,Vanilla Genetics Expanded,vanillaexpanded.vgeneticse,Animal,True,0.2549999952316284,3.75,0,15.299999237060547,,0,dormant
GR_Manbear,manbear,Vanilla Genetics Expanded,vanillaexpanded.vgeneticse,Animal,True,0.3499999940395355,3,400,21,,0,dormant
GR_Manalope,manalope,Vanilla Genetics Expanded,vanillaexpanded.vgeneticse,Animal,True,0.5,3,180,30,,0,dormant
GR_Manchicken,manchicken,Vanilla Genetics Expanded,vanillaexpanded.vgeneticse,Animal,True,2,2,0,120,,0,dormant
GR_Manffalo,manffalo,Vanilla Genetics Expanded,vanillaexpanded.vgeneticse,Animal,True,2.4000000953674316,4.5,650,144,,0,dormant
GR_Manwolf,manwolf,Vanilla Genetics Expanded,vanillaexpanded.vgeneticse,Animal,True,2,6.5,550,120,,0,dormant
GR_Mancat,mancat,Vanilla Genetics Expanded,vanillaexpanded.vgeneticse,Animal,True,1.5,4,550,90,,0,dormant
GR_Mansquirrel,mansquirrel,Vanilla Genetics Expanded,vanillaexpanded.vgeneticse,Animal,True,0.30000001192092896,4.5,0,18,,0,dormant
GR_Bearscarab,bearscarab,Vanilla Genetics Expanded,vanillaexpanded.vgeneticse,Animal,True,3,4.300000190734863,450,180,,0,dormant
GR_Boombeetle,boombeetle,Vanilla Genetics Expanded,vanillaexpanded.vgeneticse,Animal,True,1.5,3,450,90,,0,dormant
GR_Chickenspider,chickenspider,Vanilla Genetics Expanded,vanillaexpanded.vgeneticse,Animal,True,1.100000023841858,2.200000047683716,150,66,,0,dormant
GR_Muffalopede,muffalopede,Vanilla Genetics Expanded,vanillaexpanded.vgeneticse,Animal,True,1.5,4.300000190734863,500,90,,0,dormant
GR_Wolfscarab,wolfscarab,Vanilla Genetics Expanded,vanillaexpanded.vgeneticse,Animal,True,0.8500000238418579,9,400,51,,0,dormant
GR_Spidercat,spidercat,Vanilla Genetics Expanded,vanillaexpanded.vgeneticse,Animal,True,0.8500000238418579,6,400,51,,0,dormant
GR_Manscarab,manscarab,Vanilla Genetics Expanded,vanillaexpanded.vgeneticse,Animal,True,1,3,550,60,,0,dormant
GR_Mechabear,mechabear,Vanilla Genetics Expanded,vanillaexpanded.vgeneticse,Animal,True,2,2.299999952316284,3000,120,,0,dormant
GR_Mechalope,mechalope,Vanilla Genetics Expanded,vanillaexpanded.vgeneticse,Animal,True,1.5,3.200000047683716,3000,90,,0,dormant
GR_Mechachicken,mecha-chicken,Vanilla Genetics Expanded,vanillaexpanded.vgeneticse,Animal,True,0.75,9,1500,45,,0,dormant
GR_Mechaspider,mechaspider,Vanilla Genetics Expanded,vanillaexpanded.vgeneticse,Animal,True,2,6,3500,120,,0,dormant
GR_Mechamuffalo,mecha-muffalo,Vanilla Genetics Expanded,vanillaexpanded.vgeneticse,Animal,True,13,3.200000047683716,3500,780,,0,dormant
GR_Mecharat,mecha-rat,Vanilla Genetics Expanded,vanillaexpanded.vgeneticse,Animal,True,0.20000000298023224,12,500,12,,0,dormant
GR_Mechaturtle,mechaturtle,Vanilla Genetics Expanded,vanillaexpanded.vgeneticse,Animal,True,1,1,2000,60,,0,dormant
GR_Mechawolf,mechawolf,Vanilla Genetics Expanded,vanillaexpanded.vgeneticse,Animal,True,1.5,6,2000,90,,0,dormant
GR_Mechathrumbo,mechathrumbo,Vanilla Genetics Expanded,vanillaexpanded.vgeneticse,Animal,True,10,3,4000,600,,0,dormant
GR_Mechacat,mechacat,Vanilla Genetics Expanded,vanillaexpanded.vgeneticse,Animal,True,1.2999999523162842,5,1800,78,,0,dormant
GR_Mechahorse,mecha-horse,Vanilla Genetics Expanded,vanillaexpanded.vgeneticse,Animal,True,4,7,1800,240,,0,dormant
GR_Mechamime,mecha-mime,Vanilla Genetics Expanded,vanillaexpanded.vgeneticse,Animal,True,1,5.599999904632568,1800,60,,0,dormant
GR_Muffalobear,muffalobear,Vanilla Genetics Expanded,vanillaexpanded.vgeneticse,Animal,True,2.5,3.5999999046325684,0,150,,0,dormant
GR_Muffalope,muffalope,Vanilla Genetics Expanded,vanillaexpanded.vgeneticse,Animal,True,2,3.200000047683716,350,120,,0,dormant
GR_Muffalochicken,muffalochicken,Vanilla Genetics Expanded,vanillaexpanded.vgeneticse,Animal,True,1.7999999523162842,3.200000047683716,0,108,,0,dormant
GR_Muffalowolf,muffalowolf,Vanilla Genetics Expanded,vanillaexpanded.vgeneticse,Animal,True,2,5,0,120,,0,dormant
GR_Muffalocat,muffalocat,Vanilla Genetics Expanded,vanillaexpanded.vgeneticse,Animal,True,1.850000023841858,4.5,0,111,,0,dormant
GR_Muffalorat,muffalorat,Vanilla Genetics Expanded,vanillaexpanded.vgeneticse,Animal,True,1,5,105,60,,0,dormant
GR_Muffaloman,muffaloman,Vanilla Genetics Expanded,vanillaexpanded.vgeneticse,Animal,True,1.5,3,450,90,,0,dormant
GR_ParagonBear,ursine paragon,Vanilla Genetics Expanded,vanillaexpanded.vgeneticse,Animal,True,2.950000047683716,4.800000190734863,0,177,,0,dormant
GR_ParagonBoomalope,boomalope paragon,Vanilla Genetics Expanded,vanillaexpanded.vgeneticse,Animal,True,2.200000047683716,2.75,580,132,,0,dormant
GR_ParagonChicken,avian paragon,Vanilla Genetics Expanded,vanillaexpanded.vgeneticse,Animal,True,0.5,2.75,0,30,,0,dormant
GR_ParagonMuffalo,muffalo paragon,Vanilla Genetics Expanded,vanillaexpanded.vgeneticse,Animal,True,2.5,4.699999809265137,1000,150,,0,dormant
GR_ParagonWolf,canine paragon,Vanilla Genetics Expanded,vanillaexpanded.vgeneticse,Animal,True,1,5.599999904632568,0,60,,0,dormant
GR_ParagonRat,rodent paragon,Vanilla Genetics Expanded,vanillaexpanded.vgeneticse,Animal,True,0.30000001192092896,4.5,120,18,,0,dormant
GR_ParagonIguana,reptile paragon,Vanilla Genetics Expanded,vanillaexpanded.vgeneticse,Animal,True,0.4000000059604645,3.75,200,24,,0,dormant
GR_ParagonHorse,equine paragon,Vanilla Genetics Expanded,vanillaexpanded.vgeneticse,Animal,True,3,6,0,180,,0,dormant
GR_ParagonThrumbo,colossal paragon,Vanilla Genetics Expanded,vanillaexpanded.vgeneticse,Animal,True,4.5,6,5000,270,,0,dormant
GR_ParagonHumanoid,humanoid paragon,Vanilla Genetics Expanded,vanillaexpanded.vgeneticse,Animal,True,2.299999952316284,5,0,138,,0,dormant
GR_ParagonFeline,feline paragon,Vanilla Genetics Expanded,vanillaexpanded.vgeneticse,Animal,True,1.7999999523162842,5,0,108,,0,dormant
GR_ParagonInsectoid,insectoid paragon,Vanilla Genetics Expanded,vanillaexpanded.vgeneticse,Animal,True,2.5,4,750,150,,0,dormant
GR_Bearodile,bearodile,Vanilla Genetics Expanded,vanillaexpanded.vgeneticse,Animal,True,3.5,4.800000190734863,400,210,,0,dormant
GR_Boomsnake,boomsnake,Vanilla Genetics Expanded,vanillaexpanded.vgeneticse,Animal,True,1.5,3,400,90,,0,dormant
GR_Chickenlizard,chickenlizard,Vanilla Genetics Expanded,vanillaexpanded.vgeneticse,Animal,True,0.30000001192092896,3,150,18,,0,dormant
GR_Muffalokomodo,muffalokomodo,Vanilla Genetics Expanded,vanillaexpanded.vgeneticse,Animal,True,3.5,3.5,650,210,,0,dormant
GR_Spidersnake,spidersnake,Vanilla Genetics Expanded,vanillaexpanded.vgeneticse,Animal,True,0.25,4.800000190734863,650,15,,0,dormant
GR_Wolfsnake,wolfsnake,Vanilla Genetics Expanded,vanillaexpanded.vgeneticse,Animal,True,1,6.5,0,60,,0,dormant
GR_Snakecat,snakecat,Vanilla Genetics Expanded,vanillaexpanded.vgeneticse,Animal,True,1.5,4.5,400,90,,0,dormant
GR_Lizardman,lizardman,Vanilla Genetics Expanded,vanillaexpanded.vgeneticse,Animal,True,1.5,3,0,90,,0,dormant
GR_Molebear,molebear,Vanilla Genetics Expanded,vanillaexpanded.vgeneticse,Animal,True,1,3,275,60,,0,dormant
GR_Squirralope,squirralope,Vanilla Genetics Expanded,vanillaexpanded.vgeneticse,Animal,True,0.20000000298023224,6,125,12,,0,dormant
GR_Rabbitchicken,rabbitchicken,Vanilla Genetics Expanded,vanillaexpanded.vgeneticse,Animal,True,0.10000000149011612,5.800000190734863,15,6,,0,dormant
GR_Ratffalo,ratffalo,Vanilla Genetics Expanded,vanillaexpanded.vgeneticse,Animal,True,1.75,6,105,105,,0,dormant
GR_Beaverwolf,beaverwolf,Vanilla Genetics Expanded,vanillaexpanded.vgeneticse,Animal,True,0.8999999761581421,6.5,0,54,,0,dormant
GR_Rabbitcat,rabbitcat,Vanilla Genetics Expanded,vanillaexpanded.vgeneticse,Animal,True,2.5,5.75,0,150,,0,dormant
GR_Moleman,moleman,Vanilla Genetics Expanded,vanillaexpanded.vgeneticse,Animal,True,1.5,2,500,90,,0,dormant
GR_Bearalope,bearalope,Vanilla Genetics Expanded,vanillaexpanded.vgeneticse,Animal,True,1.5,4,550,90,,0,dormant
GR_Bearchicken,bearchicken,Vanilla Genetics Expanded,vanillaexpanded.vgeneticse,Animal,True,0.8100000023841858,3,0,48.599998474121094,,0,dormant
GR_Bearffalo,bearffalo,Vanilla Genetics Expanded,vanillaexpanded.vgeneticse,Animal,True,1.5,4.300000190734863,500,90,,0,dormant
GR_Bearwolf,bearwolf,Vanilla Genetics Expanded,vanillaexpanded.vgeneticse,Animal,True,1,4.75,0,60,,0,dormant
GR_Bearmole,bearmole,Vanilla Genetics Expanded,vanillaexpanded.vgeneticse,Animal,True,0.800000011920929,3.5,270,48,,0,dormant
GR_Bearcat,bearcat,Vanilla Genetics Expanded,vanillaexpanded.vgeneticse,Animal,True,1.75,5,400,105,,0,dormant
GR_Bearman,bearman,Vanilla Genetics Expanded,vanillaexpanded.vgeneticse,Animal,True,1.25,4,650,75,,0,dormant
VVE_BangBus,Bang Bus,Vanilla Vehicles Expanded,oskarpotocki.vanillavehiclesexpanded,ToolUser,False,3.5,3,1615,3.5,,0,dormant
VVE_Bunsen,Bunsen,Vanilla Vehicles Expanded,oskarpotocki.vanillavehiclesexpanded,ToolUser,False,3.5,3,2880,3.5,,0,dormant
VVE_Dinghy,Dinghy,Vanilla Vehicles Expanded,oskarpotocki.vanillavehiclesexpanded,ToolUser,False,2,3,530,2,,0,dormant
VVE_Dirtbike,Dirtbike,Vanilla Vehicles Expanded,oskarpotocki.vanillavehiclesexpanded,ToolUser,False,1,3,875,1,,0,dormant
VVE_Frog,Frog,Vanilla Vehicles Expanded,oskarpotocki.vanillavehiclesexpanded,ToolUser,False,1.5,3,1535,1.5,,0,dormant
VVE_Highwayman,Highwayman,Vanilla Vehicles Expanded,oskarpotocki.vanillavehiclesexpanded,ToolUser,False,2.75,3,2240,2.75,,0,dormant
VVE_Mule,Mule,Vanilla Vehicles Expanded,oskarpotocki.vanillavehiclesexpanded,ToolUser,False,3.5,3,2050,3.5,,0,dormant
VVE_Prowler,Prowler,Vanilla Vehicles Expanded,oskarpotocki.vanillavehiclesexpanded,ToolUser,False,2.5,3,1490,2.5,,0,dormant
VVE_Roadkill,Roadkill,Vanilla Vehicles Expanded,oskarpotocki.vanillavehiclesexpanded,ToolUser,False,3.5,3,2880,3.5,,0,dormant
VVE_Scytheman,Scytheman,Vanilla Vehicles Expanded,oskarpotocki.vanillavehiclesexpanded,ToolUser,False,1,3,2025,1,,0,dormant
VVE_Toad,Toad,Vanilla Vehicles Expanded,oskarpotocki.vanillavehiclesexpanded,ToolUser,False,1.5,3,2400,1.5,,0,dormant
VVE_Traveller,Traveller,Vanilla Vehicles Expanded,oskarpotocki.vanillavehiclesexpanded,ToolUser,False,3.25,3,1650,3.25,,0,dormant
VVE_Bulldog,Bulldog,Vanilla Vehicles Expanded,oskarpotocki.vanillavehiclesexpanded,ToolUser,False,4.5,3,4765,4.5,,0,dormant
VVE_Charley,Charley,Vanilla Vehicles Expanded,oskarpotocki.vanillavehiclesexpanded,ToolUser,False,1,3,1485,1,,0,dormant
VVE_Mosquito,Mosquito,Vanilla Vehicles Expanded,oskarpotocki.vanillavehiclesexpanded,ToolUser,False,2.25,3,4050,2.25,,0,dormant
VVE_Roadrunner,Roadrunner,Vanilla Vehicles Expanded,oskarpotocki.vanillavehiclesexpanded,ToolUser,False,3.25,3,2730,3.25,,0,dormant
VVE_Smuggler,Smuggler,Vanilla Vehicles Expanded,oskarpotocki.vanillavehiclesexpanded,ToolUser,False,5.5,3,3780,5.5,,0,dormant
VVE_Snatcher,Snatcher,Vanilla Vehicles Expanded,oskarpotocki.vanillavehiclesexpanded,ToolUser,False,3.25,3,2550,3.25,,0,dormant
VVE_Tango,Tango,Vanilla Vehicles Expanded,oskarpotocki.vanillavehiclesexpanded,ToolUser,False,4.5,3,4650,4.5,,0,dormant
VVE_Trawler,Trawler,Vanilla Vehicles Expanded,oskarpotocki.vanillavehiclesexpanded,ToolUser,False,3.25,3,1900,3.25,,0,dormant
VVE_Wagon,Wagon,Vanilla Vehicles Expanded,oskarpotocki.vanillavehiclesexpanded,ToolUser,False,3.5,3,2400,3.5,,0,dormant
VVE_Warbird,Warbird,Vanilla Vehicles Expanded,oskarpotocki.vanillavehiclesexpanded,ToolUser,False,6.5,3,2950,6.5,,0,dormant
VVE_Wisent,Wisent,Vanilla Vehicles Expanded,oskarpotocki.vanillavehiclesexpanded,ToolUser,False,3.5,3,4260,3.5,,0,dormant
AV_Balloon,Balloon,Alpha Vehicles - Neolithic,sarg.alphavehiclesneolithic,ToolUser,False,5,3,350,5,,0,dormant
AV_Chariot,Chariot,Alpha Vehicles - Neolithic,sarg.alphavehiclesneolithic,ToolUser,False,2,3,100,2,,0,dormant
AV_CoveredCarriage,Covered Carriage,Alpha Vehicles - Neolithic,sarg.alphavehiclesneolithic,ToolUser,False,2.5,3,500,2.5,,0,dormant
AV_DogSled,eopie sled,Alpha Vehicles - Neolithic,sarg.alphavehiclesneolithic,ToolUser,False,2,3,100,2,,0,dormant
AV_Hwacha,Hwacha,Alpha Vehicles - Neolithic,sarg.alphavehiclesneolithic,ToolUser,False,1,3,350,1,,0,dormant
AV_OutriggerCanoe,Outrigger Canoe,Alpha Vehicles - Neolithic,sarg.alphavehiclesneolithic,ToolUser,False,1.5499999523162842,3,200,1.5499999523162842,,0,dormant
AV_OxCart,Ox cart,Alpha Vehicles - Neolithic,sarg.alphavehiclesneolithic,ToolUser,False,4,3,350,4,,0,dormant
AV_Palanquin,Palanquin,Alpha Vehicles - Neolithic,sarg.alphavehiclesneolithic,ToolUser,False,1,3,250,1,,0,dormant
AV_Rickshaw,Rickshaw,Alpha Vehicles - Neolithic,sarg.alphavehiclesneolithic,ToolUser,False,1,3,150,1,,0,dormant
AV_RowBoat,Row boat,Alpha Vehicles - Neolithic,sarg.alphavehiclesneolithic,ToolUser,False,1,3,150,1,,0,dormant
AV_WarChariot,War chariot,Alpha Vehicles - Neolithic,sarg.alphavehiclesneolithic,ToolUser,False,2.5,3,350,2.5,,0,dormant
AV_Wheelbarrow,Wheelbarrow,Alpha Vehicles - Neolithic,sarg.alphavehiclesneolithic,ToolUser,False,1,3,100,1,,0,dormant
BS_GluttonRace,glutton,Big and Small - Genes & More,redmattis.bigsmall.core,Humanlike,False,1.100000023841858,4.599999904632568,1500,66,,0,dormant
BS_InsectoidHumanoid_FourArmed,insect-like humanoid,Big and Small - Genes & More,redmattis.bigsmall.core,Humanlike,False,1,4.599999904632568,1500,60,,0,dormant
OuterRim_MuckrakerDroid,Muckraker Crab Droid,Outer Rim - Droid Depot,neronix17.outerrim.droiddepot,ToolUser,False,1.2000000476837158,5.199999809265137,1200,72,,0,dormant
OuterRim_DestroyerDroid,Destroyer Droid,Outer Rim - Droid Depot,neronix17.outerrim.droiddepot,ToolUser,False,1,4.199999809265137,1200,60,,0,dormant
OuterRim_DUMDroid,DUM Repair Droid,Outer Rim - Droid Depot,neronix17.outerrim.droiddepot,ToolUser,False,0.75,5.199999809265137,1200,45,,0,dormant
OuterRim_FX7Droid,fx-7 medical droid,Outer Rim - Droid Depot,neronix17.outerrim.droiddepot,ToolUser,False,0.75,2.4000000953674316,1200,45,,0,dormant
OuterRim_GNKDroid,GNK Power Droid,Outer Rim - Droid Depot,neronix17.outerrim.droiddepot,ToolUser,False,1,1.899999976158142,1200,60,,0,dormant
OuterRim_MSEDroid,MSE Repair Droid,Outer Rim - Droid Depot,neronix17.outerrim.droiddepot,ToolUser,False,0.5,5.300000190734863,1200,30,,0,dormant
OuterRim_SalvageAssistDroid,salvage assist droid,Outer Rim - Droid Depot,neronix17.outerrim.droiddepot,ToolUser,False,0.5,5.300000190734863,1200,30,,0,dormant
OuterRim_AstromechDroid,Astromech Droid,Outer Rim - Droid Depot,neronix17.outerrim.droiddepot,ToolUser,False,0.75,4.199999809265137,1200,45,,0,dormant
OuterRim_BattleDroid,B1 Battle Droid,Outer Rim - Droid Depot,neronix17.outerrim.droiddepot,Humanlike,False,1,4.800000190734863,1500,60,,0,dormant
OuterRim_BattleDroidAdvanced,B1A Battle Droid,Outer Rim - Droid Depot,neronix17.outerrim.droiddepot,Humanlike,False,1,4.199999809265137,1800,60,,0,dormant
OuterRim_CommandoDroid,BX Commando Droid,Outer Rim - Droid Depot,neronix17.outerrim.droiddepot,Humanlike,False,1,5.400000095367432,2000,60,,0,dormant
OuterRim_HKDroid,HK-Series Assassin Droid,Outer Rim - Droid Depot,neronix17.outerrim.droiddepot,Humanlike,False,1,5,2000,60,,0,dormant
OuterRim_ImperialLaborDroid,Imperial Labor Droid,Outer Rim - Droid Depot,neronix17.outerrim.droiddepot,Humanlike,False,1,4.199999809265137,1800,60,,0,dormant
OuterRim_KXSecurityDroid,KX Security Droid,Outer Rim - Droid Depot,neronix17.outerrim.droiddepot,Humanlike,False,1,4.800000190734863,1500,60,,0,dormant
OuterRim_MagnaGuardDroid,MagnaGuard Droid,Outer Rim - Droid Depot,neronix17.outerrim.droiddepot,Humanlike,False,1,5.400000095367432,1000,60,,0,dormant
OuterRim_ProtocolDroid,protocol droid,Outer Rim - Droid Depot,neronix17.outerrim.droiddepot,Humanlike,False,1,4.800000190734863,1500,60,,0,dormant
OuterRim_SuperBattleDroid,B2 Super Battle Droid,Outer Rim - Droid Depot,neronix17.outerrim.droiddepot,Humanlike,False,1,4,2000,60,,0,dormant
OuterRim_SuperTacticalDroid,Super Tactical Droid,Outer Rim - Droid Depot,neronix17.outerrim.droiddepot,Humanlike,False,1,4.599999904632568,1000,60,,0,dormant
OuterRim_TacticalDroid,T-Series Tactical Droid,Outer Rim - Droid Depot,neronix17.outerrim.droiddepot,Humanlike,False,1,4.599999904632568,1500,60,,0,dormant
SWPotF_RaceDef_ysalamir,ysalamir,Star Wars KotOR Resources and Materials,guy762.mm.kotorcore,Animal,True,0.4000000059604645,3,500,24,,0,dormant
guy762_DroidRace_ADMkI,Assault Droid Mark I,Star Wars KotOR Droids,guy762.kotordroids,Humanlike,False,1.5,3,14000,225,,0,dormant
guy762_DroidRace_ADMkI_sf,Star Forge Assault Droid,Star Wars KotOR Droids,guy762.kotordroids,Humanlike,False,1.5,3,34910,225,,0,dormant
guy762_DroidRace_ADMkIV,Assault Droid Mark IV,Star Wars KotOR Droids,guy762.kotordroids,Humanlike,False,2.5,2,21000,500,,0,dormant
guy762_DroidRace_ADMkIV_sith,Assault Droid Mk.IV Type B,Star Wars KotOR Droids,guy762.kotordroids,Humanlike,False,2.5,2,26270,500,,0,dormant
guy762_DroidRace_DevWD,Devastator-class war droid,Star Wars KotOR Droids,guy762.kotordroids,Humanlike,False,1,4,1000,75,,0,dormant
guy762_DroidRace_DevAD,Devastator-class Type II assassin droid,Star Wars KotOR Droids,guy762.kotordroids,Humanlike,False,1,6,8600,75,,0,dormant
guy762_DroidRace_GE3PD,GE3-series protocol droid,Star Wars KotOR Droids,guy762.kotordroids,Humanlike,False,1,1,1800,65,,0,dormant
guy762_DroidRace_GE3LD,GE3-series labor droid,Star Wars KotOR Droids,guy762.kotordroids,Humanlike,False,1,2,1400,65,,0,dormant
guy762_DroidRace_GOTO,G0-T0 superintelligence droid,Star Wars KotOR Droids,guy762.kotordroids,Humanlike,False,1.25,2,60000,250,,0,dormant
guy762_DroidRace_HKseries,HK-series protocol droid,Star Wars KotOR Droids,guy762.kotordroids,Humanlike,False,1.2000000476837158,5,33000,180,,0,dormant
guy762_DroidRace_HK50series,HK-50 series protocol droid,Star Wars KotOR Droids,guy762.kotordroids,Humanlike,False,1.2000000476837158,5,33000,180,,0,dormant
guy762_DroidRace_HK51series,HK-51 series assassin droid,Star Wars KotOR Droids,guy762.kotordroids,Humanlike,False,1.2000000476837158,5,33000,180,,0,dormant
guy762_DroidRace_KM1MD,KM1-series Mining Droid,Star Wars KotOR Droids,guy762.kotordroids,Humanlike,False,1.5,4,2100,187.5,,0,dormant
guy762_DroidRace_KM1HMD,KM1-B Excavation Droid,Star Wars KotOR Droids,guy762.kotordroids,Humanlike,False,1.5,4,4780,225,,0,dormant
guy762_DroidRace_KX12UPD,K-X12 utility probe droid,Star Wars KotOR Droids,guy762.kotordroids,Humanlike,False,0.4000000059604645,3,1600,6,,0,dormant
guy762_DroidRace_KX12APD,K-X12 assassin probe droid,Star Wars KotOR Droids,guy762.kotordroids,Humanlike,False,0.4000000059604645,3,3200,6,,0,dormant
guy762_DroidRace_MPDMkI,Municipal Patrol Droid Mark I,Star Wars KotOR Droids,guy762.kotordroids,Humanlike,False,0.5,6,700,12.5,,0,dormant
guy762_DroidRace_R8009UD,R-8009 series utility droid,Star Wars KotOR Droids,guy762.kotordroids,Humanlike,False,0.6499999761581421,3,800,16.25,,0,dormant
guy762_DroidRace_SentWD,Sentinel-class war droid,Star Wars KotOR Droids,guy762.kotordroids,Humanlike,False,1,4,2400,100,,0,dormant
guy762_DroidRace_T3series,T3-series utility droid,Star Wars KotOR Droids,guy762.kotordroids,Humanlike,False,0.6499999761581421,3,12000,22.75,,0,dormant
guy762_DroidRace_3Cseries,3C-series utility droid,Star Wars KotOR Droids,guy762.kotordroids,Humanlike,False,0.6499999761581421,3,3500,22.75,,0,dormant
guy762_DroidRace_ITseries,IT-series utility droid,Star Wars KotOR Droids,guy762.kotordroids,Humanlike,False,0.6499999761581421,3,9250,22.75,,0,dormant
AM_Mech_Geneticor,geneticor,,,ToolUser,False,0.699999988079071,3.4000000953674316,800,42,,0,dormant
G_CentaurFourArm,Centauroid with four arms,Big and Small - Framework,redmattis.betterprerequisites,Humanlike,False,1,4.599999904632568,0,60,,0,dormant
G_CentaurFourArmWinged,Centauroid with four arms and wings,Big and Small - Framework,redmattis.betterprerequisites,Humanlike,False,1,4.599999904632568,0,60,,0,dormant
G_CentaurSixArm,Centauroid with six arms,Big and Small - Framework,redmattis.betterprerequisites,Humanlike,False,1,4.599999904632568,0,60,,0,dormant
G_CentaurSixArmWinged,Centauroid with six arms and wings,Big and Small - Framework,redmattis.betterprerequisites,Humanlike,False,1,4.599999904632568,0,60,,0,dormant
G_CentaurWinged,Centauroid with wings,Big and Small - Framework,redmattis.betterprerequisites,Humanlike,False,1,4.599999904632568,0,60,,0,dormant
G_SnekFourArm,Serpent-like with four arms,Big and Small - Framework,redmattis.betterprerequisites,Humanlike,False,1,4.599999904632568,0,60,,0,dormant
G_SnekFourArmWinged,Serpent-like with four arms and wings,Big and Small - Framework,redmattis.betterprerequisites,Humanlike,False,1,4.599999904632568,0,60,,0,dormant
G_SnekSixArm,Serpent-like with six arms,Big and Small - Framework,redmattis.betterprerequisites,Humanlike,False,1,4.599999904632568,0,60,,0,dormant
G_SnekSixArmWinged,Serpent-like with six arms and wings,Big and Small - Framework,redmattis.betterprerequisites,Humanlike,False,1,4.599999904632568,0,60,,0,dormant
G_SnekWinged,Serpent-like with wings,Big and Small - Framework,redmattis.betterprerequisites,Humanlike,False,1,4.599999904632568,0,60,,0,dormant
G_SpooderFourArm,Spider-like with four arms,Big and Small - Framework,redmattis.betterprerequisites,Humanlike,False,1,4.599999904632568,0,60,,0,dormant
G_SpooderFourArmWinged,Spider-like with four arms and wings,Big and Small - Framework,redmattis.betterprerequisites,Humanlike,False,1,4.599999904632568,0,60,,0,dormant
G_SpooderSixArm,Spider-like with six arms,Big and Small - Framework,redmattis.betterprerequisites,Humanlike,False,1,4.599999904632568,0,60,,0,dormant
G_SpooderSixArmWinged,Spider-like with six arms and wings,Big and Small - Framework,redmattis.betterprerequisites,Humanlike,False,1,4.599999904632568,0,60,,0,dormant
G_SpooderWinged,Spider-like with wings,Big and Small - Framework,redmattis.betterprerequisites,Humanlike,False,1,4.599999904632568,0,60,,0,dormant
G_FourArmTailed,Four-armed humanlike with a tail,Big and Small - Framework,redmattis.betterprerequisites,Humanlike,False,1,4.599999904632568,0,60,,0,dormant
G_FourArmTailedWinged,Four-armed humanlike with a tail and wings,Big and Small - Framework,redmattis.betterprerequisites,Humanlike,False,1,4.599999904632568,0,60,,0,dormant
G_FourArmWinged,Four-armed humanlike with wings,Big and Small - Framework,redmattis.betterprerequisites,Humanlike,False,1,4.599999904632568,0,60,,0,dormant
G_SixArmTailed,Six-armed humanlike with a tail,Big and Small - Framework,redmattis.betterprerequisites,Humanlike,False,1,4.599999904632568,0,60,,0,dormant
G_SixArmTailedWinged,Six-armed humanlike with a tail and wings,Big and Small - Framework,redmattis.betterprerequisites,Humanlike,False,1,4.599999904632568,0,60,,0,dormant
G_SixArmWinged,Six-armed humanlike with wings,Big and Small - Framework,redmattis.betterprerequisites,Humanlike,False,1,4.599999904632568,0,60,,0,dormant
G_TailedWinged,Tailed humanlike with wings,Big and Small - Framework,redmattis.betterprerequisites,Humanlike,False,1,4.599999904632568,0,60,,0,dormant
M_MechaCentaurFourArm,Mech with four legs and four arms,Big and Small - Framework,redmattis.betterprerequisites,Humanlike,False,1,4.599999904632568,2500,60,,0,dormant
M_MechaCentaurFourArmWinged,Mech with four legs and four arms and wings,Big and Small - Framework,redmattis.betterprerequisites,Humanlike,False,1,4.599999904632568,2500,60,,0,dormant
M_MechaCentaurSixArm,Mech with four legs and six arms,Big and Small - Framework,redmattis.betterprerequisites,Humanlike,False,1,4.599999904632568,2500,60,,0,dormant
M_MechaCentaurSixArmWinged,Mech with four legs and six arms and wings,Big and Small - Framework,redmattis.betterprerequisites,Humanlike,False,1,4.599999904632568,2500,60,,0,dormant
M_MechaCentaurWinged,Mech with four legs and wings,Big and Small - Framework,redmattis.betterprerequisites,Humanlike,False,1,4.599999904632568,2500,60,,0,dormant
M_MechaSnekFourArm,Mech with serpent-like tail and four arms,Big and Small - Framework,redmattis.betterprerequisites,Humanlike,False,1,4.599999904632568,2500,60,,0,dormant
M_MechaSnekFourArmWinged,Mech with serpent-like tail and four arms and wings,Big and Small - Framework,redmattis.betterprerequisites,Humanlike,False,1,4.599999904632568,2500,60,,0,dormant
M_MechaSnekSixArm,Mech with serpent-like tail and six arms,Big and Small - Framework,redmattis.betterprerequisites,Humanlike,False,1,4.599999904632568,2500,60,,0,dormant
M_MechaSnekSixArmWinged,Mech with serpent-like tail and six arms and wings,Big and Small - Framework,redmattis.betterprerequisites,Humanlike,False,1,4.599999904632568,2500,60,,0,dormant
M_MechaSnekWinged,Mech with serpent-like tail and wings,Big and Small - Framework,redmattis.betterprerequisites,Humanlike,False,1,4.599999904632568,2500,60,,0,dormant
M_MechaSpooderFourArm,Mech with spider-like abdomen and four arms,Big and Small - Framework,redmattis.betterprerequisites,Humanlike,False,1,4.599999904632568,2500,60,,0,dormant
M_MechaSpooderFourArmWinged,Mech with spider-like abdomen and four arms and wings,Big and Small - Framework,redmattis.betterprerequisites,Humanlike,False,1,4.599999904632568,2500,60,,0,dormant
M_MechaSpooderSixArm,Mech with spider-like abdomen and six arms,Big and Small - Framework,redmattis.betterprerequisites,Humanlike,False,1,4.599999904632568,2500,60,,0,dormant
M_MechaSpooderSixArmWinged,Mech with spider-like abdomen and six arms and wings,Big and Small - Framework,redmattis.betterprerequisites,Humanlike,False,1,4.599999904632568,2500,60,,0,dormant
M_MechaSpooderWinged,Mech with spider-like abdomen and wings,Big and Small - Framework,redmattis.betterprerequisites,Humanlike,False,1,4.599999904632568,2500,60,,0,dormant
M_MechaFourArmTailed,Mech with four arms and a tail,Big and Small - Framework,redmattis.betterprerequisites,Humanlike,False,1,4.599999904632568,2500,60,,0,dormant
M_MechaFourArmTailedWinged,Mech with four arms and a tail and wings,Big and Small - Framework,redmattis.betterprerequisites,Humanlike,False,1,4.599999904632568,2500,60,,0,dormant
M_MechaFourArmWinged,Mech with four arms and wings,Big and Small - Framework,redmattis.betterprerequisites,Humanlike,False,1,4.599999904632568,2500,60,,0,dormant
M_MechaSixArmTailed,Mech with six arms and a tail,Big and Small - Framework,redmattis.betterprerequisites,Humanlike,False,1,4.599999904632568,2500,60,,0,dormant
M_MechaSixArmTailedWinged,Mech with six arms and a tail and wings,Big and Small - Framework,redmattis.betterprerequisites,Humanlike,False,1,4.599999904632568,2500,60,,0,dormant
M_MechaSixArmWinged,Mech with six arms and wings,Big and Small - Framework,redmattis.betterprerequisites,Humanlike,False,1,4.599999904632568,2500,60,,0,dormant
M_MechaTailedWinged,Mech with a tail and wings,Big and Small - Framework,redmattis.betterprerequisites,Humanlike,False,1,4.599999904632568,2500,60,,0,dormant
M_MechaCentaur,Mech with four legs,Big and Small - Framework,redmattis.betterprerequisites,Humanlike,False,1,4.599999904632568,2500,60,,0,dormant
M_MechaSnek,Mech with serpent-like tail,Big and Small - Framework,redmattis.betterprerequisites,Humanlike,False,1,4.599999904632568,2500,60,,0,dormant
M_MechaSpooder,Mech with spider-like abdomen,Big and Small - Framework,redmattis.betterprerequisites,Humanlike,False,1,4.599999904632568,2500,60,,0,dormant
M_MechaFourArm,Mech with four arms,Big and Small - Framework,redmattis.betterprerequisites,Humanlike,False,1,4.599999904632568,2500,60,,0,dormant
M_MechaSixArm,Mech with six arms,Big and Small - Framework,redmattis.betterprerequisites,Humanlike,False,1,4.599999904632568,2500,60,,0,dormant
M_MechaTailed,Mech with a tail,Big and Small - Framework,redmattis.betterprerequisites,Humanlike,False,1,4.599999904632568,2500,60,,0,dormant
M_MechaWinged,Mech with wings,Big and Small - Framework,redmattis.betterprerequisites,Humanlike,False,1,4.599999904632568,2500,60,,0,dormant
