defName,label,mod,bodySize,status,cluster,hue,sat,val,aspect,spiky
AA_AcanthamoebaGiganteaHuge,"acanthamoeba gigantea, huge",Alpha Animals,1.5,dormant,19,0.5676,0.248,0.53,1.125,1.124
AA_AcanthamoebaGiganteaLarge,"acanthamoeba gigantea, large",Alpha Animals,0.800000011920929,dormant,19,0.5676,0.248,0.53,1.125,1.124
AA_AcanthamoebaGiganteaSmall,"acanthamoeba gigantea, small",Alpha Animals,0.20000000298023224,ours,19,0.5676,0.248,0.53,1.125,1.124
AA_Aerofleet,aerofleet,Alpha Animals,0.20000000298023224,ours,19,0.5574,0.263,0.561,0.891,1.049
AA_Agaripawn,agaripawn,Alpha Animals,1.399999976158142,ours,4,0.9766,0.152,0.37,0.954,1.114
AA_Agaripod,agaripod,Alpha Animals,4,ours,3,0.9592,0.106,0.39,0.873,1.325
AA_AngelMoth,angel moth,Alpha Animals,0.75,ours,9,0.0762,0.224,0.451,1.11,1.92
AA_AngelMothLarva,angel moth larva,Alpha Animals,0.10000000149011612,ours,21,0.1723,0.352,0.296,0.458,1.075
AA_AnimaColossus,anima colossus,Alpha Animals,6,ours,4,0.1696,0.266,0.358,0.67,1.456
AA_Animalisk,animalisk,Alpha Animals,1,dormant,21,0.0912,0.311,0.229,0.713,1.168
AA_AnimusVox,animus vox,Alpha Animals,0.6499999761581421,ours,18,0.5493,0.078,0.555,0.484,1.514
AA_ArcticLion,arctic lion,Alpha Animals,2,ours,10,0.678,0.045,0.688,0.775,1.331
AA_Atispec,atispec,Alpha Animals,7,dormant,15,0.0033,0.472,0.397,0.616,2.346
AA_AuroraSylph,Aurora sylph,Alpha Animals,0.5,ours,9,0.8496,0.347,0.362,1.173,2.891
AA_Barbslinger,barbslinger,Alpha Animals,2.5,ours,9,0.113,0.317,0.409,0.893,1.604
AA_BedBug,bedbug,Alpha Animals,0.5,ours,14,0.0158,0.474,0.2,1.0,1.419
AA_Behemoth,Behemoth,Alpha Animals,8,dormant,2,0.1441,0.242,0.173,0.632,1.706
AA_BlackScarab,black scarab,Alpha Animals,0.30000001192092896,dormant,3,0.9584,0.091,0.217,0.625,1.087
AA_BlackSpelopede,black spelopede,Alpha Animals,1,dormant,3,0.9826,0.088,0.212,0.528,1.396
AA_BlackSpider,blackspider,Alpha Animals,1.5,dormant,3,0.9596,0.112,0.211,0.527,1.136
AA_Blizzarisk,blizzarisk,Alpha Animals,2,ours,10,0.7735,0.067,0.618,0.791,1.16
AA_BlizzariskClutchMother,blizzarisk clutch mother,Alpha Animals,3,dormant,10,0.759,0.101,0.634,0.74,1.282
AA_BloodShrimp,blood shrimp,Alpha Animals,1,ours,14,0.0554,0.455,0.341,1.125,1.629
AA_Bobeene,bobeene,Alpha Animals,2.0999999046325684,foreign,17,0.4288,0.142,0.585,0.757,1.369
AA_BoulderMit,bouldermit,Alpha Animals,4,ours,14,0.0461,0.314,0.376,0.989,0.936
AA_Bumbledrone,bumbledrone,Alpha Animals,0.7900000214576721,ours,9,0.0863,0.221,0.504,1.087,2.176
AA_BumbledroneHierophant,bumbledrone hierophant,Alpha Animals,0.7900000214576721,ours,9,0.0887,0.222,0.499,1.016,2.931
AA_BumbledroneQueen,bumbledrone queen,Alpha Animals,0.7900000214576721,dormant,9,0.0857,0.229,0.52,1.016,2.329
AA_Cactipine,cactipine,Alpha Animals,0.5,ours,23,0.1765,0.425,0.517,0.588,0.995
AA_ChameleonYak,chameleon yak,Alpha Animals,2.5,ours,14,0.0609,0.233,0.226,0.938,0.979
AA_ChemfuelMyrmidon,chemfuel myrmidon,Alpha Animals,1.5,ours,4,0.0634,0.147,0.234,0.49,1.685
AA_Cinderlisk,cinderlisk,Alpha Animals,2.5,ours,21,0.0814,0.134,0.328,0.787,1.173
AA_ColossalAerofleet,colossal aerofleet,Alpha Animals,2,dormant,19,0.5671,0.311,0.53,0.534,1.606
AA_CrepuscularBeetle,Crepuscular Beetle,Alpha Animals,3,ours,16,0.6456,0.21,0.138,0.51,1.645
AA_CrescendoAnole,crescendo anole,Alpha Animals,0.30000001192092896,ours,21,0.1053,0.359,0.164,0.353,1.315
AA_CrystalMit,crystalmit,Alpha Animals,0.5,ours,8,0.5885,0.509,0.391,0.714,1.531
AA_CrystallineCaracal,crystalline caracal,Alpha Animals,0.800000011920929,dormant,3,0.8259,0.533,0.465,0.452,1.397
AA_DarkVandal,dark vandal,Alpha Animals,1.2000000476837158,ours,10,0.6695,0.195,0.147,0.529,1.166
AA_Darkbeast,darkbeast,Alpha Animals,1.5,ours,6,0.6747,0.497,0.131,0.51,1.514
AA_DecayDrake,decay drake,Alpha Animals,1,ours,23,0.2066,0.428,0.272,0.741,2.243
AA_DesertAve,desert ave,Alpha Animals,1,ours,22,0.1117,0.405,0.438,0.773,1.466
AA_DevilSheep,devil sheep,Alpha Animals,0.5,dormant,3,0.0073,0.493,0.393,0.905,0.908
AA_Drainer,drainer,Alpha Animals,0.5,ours,17,0.5141,0.838,0.609,1.047,1.205
AA_DrainerLarva,drainer larva,Alpha Animals,0.10000000149011612,ours,16,0.6089,0.382,0.192,0.364,1.109
AA_Dunealisk,dunealisk,Alpha Animals,2,ours,22,0.1186,0.395,0.514,0.742,1.168
AA_DunealiskClutchMother,dunealisk clutch mother,Alpha Animals,3,dormant,22,0.1181,0.432,0.5,0.788,1.291
AA_DuskProwler,dusk prowler,Alpha Animals,1.5,ours,10,0.6802,0.189,0.109,0.364,1.957
AA_DuskRat,dusk rat,Alpha Animals,0.15000000596046448,ours,16,0.6314,0.194,0.125,0.37,1.268
AA_EmpressButterfly,Empress butterfly,Alpha Animals,0.75,foreign,9,0.5653,0.379,0.401,1.078,2.176
AA_EmpressButterflyLarva,Empress butterfly larva,Alpha Animals,0.10000000149011612,foreign,21,0.0614,0.194,0.402,0.382,1.151
AA_EngorgedTentacularAberration,engorged tentacular aberration,Alpha Animals,6,dormant,9,0.0112,0.569,0.387,1.699,2.942
AA_Erin,erin,Alpha Animals,1,ours,21,0.1402,0.278,0.199,0.412,1.242
AA_Eyeling,ikee,Alpha Animals,0.4000000059604645,ours,14,0.0404,0.429,0.397,0.944,1.451
AA_Feralisk,feralisk,Alpha Animals,1,ours,4,0.03,0.342,0.187,0.833,1.064
AA_FeraliskClutchMother,feralisk clutch mother,Alpha Animals,3,dormant,4,0.0256,0.331,0.184,0.824,1.192
AA_FireWasp,fire wasp,Alpha Animals,0.7900000214576721,ours,9,0.0806,0.53,0.289,1.233,2.426
AA_FissionMouse,fission mouse,Alpha Animals,0.5,ours,2,0.0705,0.19,0.465,0.701,1.487
AA_FissionMouseSecond,"fission mouse, second generation",Alpha Animals,0.5,dormant,2,0.0705,0.19,0.465,0.701,1.487
AA_FissionMouseThird,"fission mouse, third generation",Alpha Animals,0.5,dormant,2,0.0705,0.19,0.465,0.701,1.487
AA_FlamingoPhoenix,flamingo phoenix,Alpha Animals,0.6000000238418579,dormant,3,0.9547,0.458,0.691,0.673,1.256
AA_FrostAve,frost ave,Alpha Animals,1.2999999523162842,foreign,18,0.6275,0.103,0.626,0.747,1.549
AA_FrostLynx,frost lynx,Alpha Animals,2,dormant,16,0.5941,0.094,0.372,0.32,1.412
AA_FrostboundBehemoth,frostbound behemoth,Alpha Animals,3,ours,18,0.6299,0.063,0.721,0.589,1.009
AA_Frostling,frostling,Alpha Animals,1.5,ours,18,0.6051,0.037,0.634,0.487,1.33
AA_Frostmite,frostmite,Alpha Animals,0.5,ours,18,0.6118,0.043,0.698,0.657,1.0
AA_FungalHusk,fungal husk,Alpha Animals,1,dormant,4,0.0162,0.351,0.343,0.854,1.441
AA_Gallatross,gallatross,Alpha Animals,6,dormant,6,0.7887,0.117,0.52,1.011,1.003
AA_GallatrossMoribund,moribund gallatross,Alpha Animals,6,foreign,6,0.7793,0.111,0.504,1.011,1.003
AA_Genix,genix,Alpha Animals,2,dormant,17,0.323,0.156,0.417,0.387,1.509
AA_GiantCrownedSilkie,giant crowned silkie,Alpha Animals,1.100000023841858,ours,2,0.5881,0.291,0.33,0.552,1.439
AA_Gigantelope,gigantelope,Alpha Animals,2,ours,5,0.0861,0.449,0.398,0.581,1.324
AA_GreatDevourer,great devourer,Alpha Animals,2.5,ours,14,0.042,0.609,0.344,1.065,1.232
AA_GreenGoo,green goo,Alpha Animals,0.5,ours,23,0.1806,0.46,0.403,1.212,1.148
AA_GreyCoatedMouflon,Grey-Coated Mouflon,Alpha Animals,0.800000011920929,ours,4,0.051,0.182,0.24,0.625,1.102
AA_Groundrunner,groundrunner,Alpha Animals,2,ours,22,0.0899,0.511,0.474,1.039,1.004
AA_Helixien,helixien,Alpha Animals,4,ours,15,0.0628,0.549,0.413,0.754,1.352
AA_InfectedAerofleet,infected aerofleet,Alpha Animals,0.20000000298023224,ours,14,0.01,0.574,0.332,0.889,1.059
AA_IronhuskBeetle,ironhusk beetle,Alpha Animals,2.5,dormant,4,0.0722,0.15,0.346,0.762,0.916
AA_Junglelisk,junglelisk,Alpha Animals,1,ours,23,0.1895,0.384,0.333,0.778,1.074
AA_LarvalAtispec,larval atispec,Alpha Animals,0.10000000149011612,ours,14,0.0004,0.415,0.487,0.915,0.982
AA_Lockjaw,lockjaw,Alpha Animals,2.5,ours,7,0.2526,0.117,0.396,0.744,0.918
AA_Locusts,locusts,Alpha Animals,0.009999999776482582,dormant,9,0.1481,0.108,0.7,3.167,1.915
AA_LuciferBug,luciferbug,Alpha Animals,0.15000000596046448,ours,4,0.0533,0.018,0.194,0.775,1.373
AA_MammothWorm,mammoth worm,Alpha Animals,3,ours,3,0.9493,0.115,0.277,0.739,1.009
AA_Mantrap,mantrap,Alpha Animals,2,ours,23,0.1863,0.455,0.35,0.66,1.992
AA_MatureFleshbeast,mature fleshbeast,Alpha Animals,6,ours,15,0.0055,0.478,0.5,0.67,1.285
AA_MeadowAve,meadow ave,Alpha Animals,1.2000000476837158,ours,8,0.6397,0.375,0.466,0.711,1.146
AA_MegaLouse,megalouse,Alpha Animals,0.5,ours,3,0.956,0.094,0.214,0.587,1.127
AA_Metallovore,metallovore,Alpha Animals,2,ours,10,0.7655,0.297,0.156,0.948,2.111
AA_Mime,mime,Alpha Animals,1,dormant,21,0.06,0.091,0.155,0.489,1.076
AA_Murkling,murkling,Alpha Animals,0.3499999940395355,ours,10,0.6836,0.16,0.111,0.464,2.112
AA_MycoidColossus,mycoid colossus,Alpha Animals,6,ours,4,0.9416,0.145,0.387,0.739,1.388
AA_Needlepost,needlepost,Alpha Animals,0.7900000214576721,ours,23,0.1932,0.418,0.377,0.491,1.298
AA_Needleroll,needleroll,Alpha Animals,0.15000000596046448,ours,23,0.1927,0.495,0.52,1.2,1.263
AA_NightAve,night ave,Alpha Animals,1.100000023841858,ours,10,0.6702,0.196,0.1,0.675,1.42
AA_NightMule,nightmule,Alpha Animals,2.799999952316284,ours,10,0.6708,0.191,0.109,0.455,1.258
AA_NightRam,nightram,Alpha Animals,2.5,ours,10,0.6687,0.191,0.14,0.372,1.239
AA_Nightling,nightling,Alpha Animals,1,ours,10,0.6699,0.194,0.105,0.495,1.173
AA_OcularJelly,ocular jelly,Alpha Animals,0.5,ours,14,0.0055,0.574,0.494,1.981,1.051
AA_OcularNightling,ocular nightling,Alpha Animals,1.2000000476837158,dormant,3,0.0043,0.524,0.23,0.5,1.422
AA_OvergrownColossus,overgrown colossus,Alpha Animals,6,ours,12,0.3334,0.558,0.282,0.733,1.849
AA_PebbleMit,pebblemit,Alpha Animals,0.5,ours,14,0.0412,0.392,0.33,0.923,1.033
AA_PedigreedRaptor,pedigreed raptor,Alpha Animals,0.75,ours,2,0.066,0.15,0.349,1.016,1.655
AA_PhoenixOwlcat,phoenix owlcat,Alpha Animals,0.20000000298023224,dormant,0,0.0845,0.088,0.498,0.423,1.275
AA_Plasmorph,plasmorph,Alpha Animals,1,ours,9,0.0755,0.31,0.343,0.843,2.105
AA_Radyak,radyak,Alpha Animals,2.5,ours,7,0.3401,0.123,0.543,0.537,1.106
AA_RaptorShrimp,raptor shrimp,Alpha Animals,1.399999976158142,ours,9,0.1499,0.221,0.277,1.21,2.245
AA_Ravager,ravager,Alpha Animals,2.5,ours,3,0.9822,0.077,0.254,0.714,1.838
AA_RayHound,ray-hound,Alpha Animals,1.5,ours,9,0.1088,0.048,0.412,0.446,1.866
AA_Razorjack,razorjack,Alpha Animals,1,ours,5,0.0881,0.463,0.404,0.465,1.26
AA_RedGoo,red goo,Alpha Animals,0.5,ours,14,0.0221,0.698,0.464,1.212,1.148
AA_RedSpore,red spore,Alpha Animals,2,ours,15,0.0159,0.634,0.309,0.695,2.04
AA_RipperHound,ripper hound,Alpha Animals,1.5,ours,3,0.087,0.138,0.46,0.679,0.995
AA_RoughPlatedMonitor,rough-plated monitor,Alpha Animals,2,ours,15,0.0551,0.51,0.311,0.34,1.478
AA_RoyalAve,royal ave,Alpha Animals,1.100000023841858,ours,8,0.6381,0.228,0.388,0.675,1.725
AA_SandLion,sand lion,Alpha Animals,2,ours,15,0.0627,0.427,0.485,0.409,1.32
AA_SandProwler,sand prowler,Alpha Animals,2,ours,4,0.0385,0.09,0.385,0.4,1.214
AA_SandSquid,sand squid,Alpha Animals,2,ours,2,0.6113,0.274,0.358,0.554,1.833
AA_ShadowCharger,shadow charger,Alpha Animals,2.5,ours,10,0.0706,0.169,0.135,0.519,1.237
AA_ShockGoat,shock goat,Alpha Animals,0.6499999761581421,ours,0,0.0727,0.218,0.482,0.74,1.095
AA_Skiphound,skiphound,Alpha Animals,0.7900000214576721,ours,1,0.2381,0.216,0.31,0.529,1.53
AA_Skyeel,arcturan sky eel,Alpha Animals,0.25,dormant,8,0.5888,0.224,0.506,0.36,1.425
AA_Slurrypede,slurrypede,Alpha Animals,2,ours,4,0.1569,0.103,0.345,0.986,0.942
AA_SmallButterfly,small butterflies,Alpha Animals,0.009999999776482582,dormant,10,0.691,0.443,0.301,1.091,1.27
AA_SpinedGow,spined gow,Alpha Animals,2.75,ours,17,0.3906,0.059,0.457,0.419,1.283
AA_SummitCrab,summit crab,Alpha Animals,15,dormant,15,0.0472,0.313,0.416,0.88,1.147
AA_Swarmling,swarmling,Alpha Animals,0.30000001192092896,ours,15,0.0397,0.558,0.282,0.471,1.293
AA_TarGuzzler,tar guzzler,Alpha Animals,2,ours,10,0.8627,0.223,0.133,1.218,1.95
AA_TeratogenicOriginator,teratogenic originator,Alpha Animals,5,ours,0,0.0734,0.22,0.677,1.2,1.038
AA_Terramorph,terramorph,Alpha Animals,1.5,ours,8,0.5775,0.468,0.331,0.875,1.968
AA_TetraSlug,tetra slug,Alpha Animals,5,ours,4,0.0655,0.265,0.404,0.92,0.94
AA_Thermadon,thermadon,Alpha Animals,1.5,ours,3,0.9505,0.099,0.233,0.452,1.664
AA_Thunderbeast,thunderbeast,Alpha Animals,1.5,ours,17,0.4925,0.216,0.247,0.51,1.466
AA_Thunderox,thunderox,Alpha Animals,2.5,ours,10,0.6771,0.188,0.114,0.611,1.082
AA_UnblinkingEye,unblinking eye,Alpha Animals,7,dormant,15,0.0148,0.519,0.531,0.672,1.775
AA_Wildpawn,wildpawn,Alpha Animals,1.399999976158142,ours,22,0.0897,0.455,0.361,1.0,1.447
AA_Wildpod,wildpod,Alpha Animals,4,ours,22,0.1219,0.369,0.423,0.905,1.579
AA_WindBeast,windbeast,Alpha Animals,1.5,ours,17,0.4243,0.394,0.231,0.515,1.662
AG_OcularSlinger,ocular slinger,Alpha Genes,2.5,dormant,15,0.0064,0.597,0.297,0.893,1.596
AM_Apoptosis,apoptosis,Alpha Mechs,1,dormant,9,0.2095,0.08,0.304,1.025,2.828
AM_Aura,aura,Alpha Mechs,1,dormant,9,0.2074,0.079,0.374,1.419,3.013
AM_Blitzkrieg,blitzkrieg,Alpha Mechs,0.699999988079071,dormant,13,0.2451,0.079,0.401,1.299,0.996
AM_Daggersnout,daggersnout,Alpha Mechs,1,dormant,13,0.2255,0.033,0.287,1.059,1.091
AM_Demolisher,demolisher,Alpha Mechs,4,dormant,13,0.2239,0.048,0.268,0.72,1.577
AM_Dryad_Corruptor,corruptor dryad,Alpha Memes,0.6669999957084656,dormant,15,0.0,0.524,0.294,0.585,1.766
AM_Dryad_Ocular,ocular dryad,Alpha Memes,0.6669999957084656,dormant,14,0.0057,0.562,0.369,0.651,1.465
AM_Dryad_Spitter,spitter dryad,Alpha Memes,0.6499999761581421,dormant,14,0.0415,0.542,0.588,0.831,1.064
AM_Dryad_Tumorous,tumorous dryad,Alpha Memes,0.6669999957084656,dormant,14,0.0,0.389,0.243,0.842,0.993
AM_Dryad_Unstable,unstable dryad,Alpha Memes,0.6499999761581421,dormant,14,0.0701,0.659,0.476,0.841,0.989
AM_Fireworm,fireworm,Alpha Mechs,1.7999999523162842,dormant,22,0.095,0.3,0.38,0.562,0.988
AM_Goliath,goliath,Alpha Mechs,1.7999999523162842,dormant,13,0.2278,0.04,0.278,0.915,1.976
AM_Infernus,infernus,Alpha Mechs,4,dormant,0,0.1192,0.171,0.53,1.019,1.088
AM_Mech_Artilleron,artilleron,Alpha Mechs,0.949999988079071,dormant,10,0.8914,0.005,0.527,0.488,1.132
AM_Mech_Bellicor,bellicor,Alpha Mechs,0.949999988079071,dormant,13,0.2026,0.077,0.479,0.757,1.187
AM_Mech_Geneticor,geneticor,,0.699999988079071,dormant,13,0.2386,0.074,0.31,1.01,1.581
AM_Mech_Guttersnipe,guttersnipe,Alpha Mechs,0.699999988079071,dormant,13,0.2343,0.082,0.374,1.08,1.389
AM_Mech_Legate,legate,Alpha Mechs,3.5999999046325684,dormant,13,0.2315,0.053,0.327,0.694,1.793
AM_Mech_Lux,lux,Alpha Mechs,1,dormant,13,0.2359,0.06,0.415,0.865,1.841
AM_Mech_MasterChef,culinarius,Alpha Mechs,0.699999988079071,dormant,13,0.22,0.057,0.336,0.487,1.392
AM_Mech_Munifex,munifex,Alpha Mechs,1,dormant,13,0.2259,0.052,0.303,0.789,1.568
AM_Mech_Optio,optio,Alpha Mechs,1,dormant,13,0.2039,0.071,0.442,0.905,1.428
AM_Mech_Polychoron,polychoron,Alpha Mechs,1.2000000476837158,dormant,13,0.2003,0.066,0.444,0.734,1.342
AM_Mech_PristineAssembler,pristine assembler,Alpha Mechs,2,dormant,13,0.2055,0.043,0.334,0.671,1.045
AM_Mech_PristineSlurrypede,pristine slurrypede,Alpha Mechs,2,dormant,4,0.1602,0.105,0.346,0.986,0.947
AM_Mech_Sagittarius,sagittarius,Alpha Mechs,1,dormant,13,0.2283,0.068,0.4,0.513,1.334
AM_Mech_TurboCleaner,turbocleaner,Alpha Mechs,0.20000000298023224,dormant,13,0.2447,0.091,0.406,1.735,1.408
AM_Phalanx,phalanx,Alpha Mechs,1.7000000476837158,dormant,13,0.218,0.029,0.261,0.529,1.589
AM_PristineStrider,pristine strider,Alpha Mechs,1,dormant,13,0.2324,0.091,0.465,0.625,1.072
AM_Siegebreaker,siegebreaker,Alpha Mechs,4,dormant,13,0.2318,0.05,0.315,0.648,1.153
AM_Siegemelter,siegemelter,Alpha Mechs,4,dormant,13,0.2476,0.048,0.312,0.673,1.062
AM_Starfire,starfire,Alpha Mechs,4,dormant,13,0.2274,0.033,0.271,0.631,1.069
AM_UnshackledDryad,unshackled dryad,Alpha Memes,0.6669999957084656,dormant,7,0.256,0.111,0.467,0.967,1.092
AM_WarEmpress,war empress,Alpha Mechs,5,dormant,2,0.2355,0.087,0.386,0.857,1.6
AV_Balloon,Balloon,Alpha Vehicles - Neolithic,5,dormant,8,0.6501,0.374,0.606,0.667,1.836
AV_Chariot,Chariot,Alpha Vehicles - Neolithic,2,dormant,9,0.0946,0.141,0.411,0.66,2.037
AV_CoveredCarriage,Covered Carriage,Alpha Vehicles - Neolithic,2.5,dormant,0,0.0586,0.141,0.573,0.439,2.249
AV_DogSled,eopie sled,Alpha Vehicles - Neolithic,2,dormant,6,0.6938,0.022,0.518,0.259,2.86
AV_Hwacha,Hwacha,Alpha Vehicles - Neolithic,1,dormant,0,0.0548,0.06,0.556,0.6,1.531
AV_OutriggerCanoe,Outrigger Canoe,Alpha Vehicles - Neolithic,1.5499999523162842,dormant,2,0.0908,0.041,0.498,0.583,2.448
AV_OxCart,Ox cart,Alpha Vehicles - Neolithic,4,dormant,9,0.0,0.0,0.496,0.535,3.192
AV_Palanquin,Palanquin,Alpha Vehicles - Neolithic,1,dormant,20,0.5245,0.05,0.434,0.33,2.238
AV_Rickshaw,Rickshaw,Alpha Vehicles - Neolithic,1,dormant,18,0.0,0.0,0.496,0.447,2.035
AV_RowBoat,Row boat,Alpha Vehicles - Neolithic,1,dormant,9,0.1086,0.084,0.464,1.042,1.626
AV_WarChariot,War chariot,Alpha Vehicles - Neolithic,2.5,dormant,16,0.4802,0.046,0.346,0.58,2.286
AV_Wheelbarrow,Wheelbarrow,Alpha Vehicles - Neolithic,1,dormant,18,0.0,0.0,0.53,0.5,1.906
Acklay,acklay,Star Wars Animal Collection (Continued),3,ours,20,0.4647,0.412,0.315,1.113,2.152
Aiwha,aiwha,Star Wars Animal Collection (Continued),3,foreign,23,0.2089,0.332,0.304,1.073,1.45
Akk,akk,Star Wars Animal Collection (Continued),3,ours,2,0.0247,0.734,0.404,0.622,1.359
Alligator,alligator,Odyssey,1.5,dormant,16,0.5926,0.192,0.318,0.317,1.443
AlligatorMan,alligator man,Beasts of the Rim (Continued),1,dormant,2,0.0856,0.337,0.296,0.88,1.166
Alpaca,alpaca,Core,1,ours,11,0.1129,0.198,0.51,0.513,1.121
AlphaThrumbo,alpha thrumbo,Odyssey,5,dormant,18,0.5575,0.049,0.576,0.455,1.557
Alphabeaver,alphabeaver,Core,0.44999998807907104,dormant,14,0.0398,0.294,0.29,0.619,1.051
Andrewsarchus,andrewsarchus,Megafauna,5,dormant,22,0.1192,0.392,0.516,0.737,1.045
Anooba,anooba,Star Wars Animal Collection (Continued),0.949999988079071,ours,18,0.1317,0.096,0.411,0.266,1.477
Armadillo,armadillo,Beasts of the Rim (Continued),0.550000011920929,dormant,4,0.0168,0.073,0.341,0.52,1.161
Arthropleura,arthropleura,Megafauna,3.5,ours,12,0.1844,0.03,0.511,0.732,0.999
Aurochs,aurochs,Megafauna,3,dormant,21,0.0532,0.166,0.24,0.679,1.048
BI_Queen,queen,Better Infestations (Continued),1.7999999523162842,dormant,10,0.8333,0.002,0.501,0.736,2.172
BMT_AaroxisDendoria,aaroxis dendoria,Biomes! Caverns,1,ours,4,0.9985,0.041,0.348,0.935,1.024
BMT_AaroxisDendoriaLarvae,cinnabar caterpillar,Biomes! Caverns,0.800000011920929,ours,0,0.0187,0.147,0.505,0.52,1.008
BMT_AaroxisDendoriaPupa,aaroxis dendoria pupa,Biomes! Caverns,1,dormant,0,0.0,0.076,0.557,2.2,1.103
BMT_AcidSlug,acid slug,Biomes! Caverns,4,dormant,3,0.9248,0.574,0.431,0.701,1.341
BMT_BarbedPangolin,barbed pangolin,Biomes! Polluted Lands,2,dormant,4,0.0571,0.095,0.124,0.727,0.993
BMT_Basilisk,basilisk,Biomes! Caverns,1.5,dormant,3,0.7026,0.281,0.263,0.318,1.312
BMT_Batbird,batbird,Biomes! Caverns,0.25,dormant,3,0.0286,0.571,0.52,1.05,1.423
BMT_BeardedYak,bearded yak,Biomes! Caverns,2.0999999046325684,dormant,11,0.1265,0.111,0.511,0.92,1.329
BMT_BiliousVarog,bilious varog,Biomes! Polluted Lands,2.4000000953674316,dormant,13,0.1749,0.094,0.234,0.842,1.034
BMT_BloodletterPetrel,bloodletter petrel,Biomes! Polluted Lands,0.3199999928474426,dormant,4,0.0076,0.187,0.298,0.778,1.041
BMT_BloodropLarvae,bloodrop larvae,Biomes! Caverns,0.699999988079071,ours,0,0.0,0.016,0.607,0.657,1.075
BMT_BloodropMoth,bloodrop moth,Biomes! Caverns,0.7699999809265137,ours,14,0.0,0.318,0.535,1.422,1.509
BMT_BloodropPupa,bloodrop pupa,Biomes! Caverns,1,dormant,14,0.0022,0.632,0.406,2.479,1.131
BMT_BovineBeetle,bovine beetle,Biomes! Caverns,2.450000047683716,ours,13,0.2212,0.182,0.498,1.016,0.89
BMT_BovineBeetleLarvae,bovine grub,Biomes! Caverns,0.8999999761581421,ours,0,0.0618,0.076,0.556,0.52,1.024
BMT_BovineBeetlePupa,bovine pupa,Biomes! Caverns,1,dormant,0,0.0,0.0,0.617,2.059,1.078
BMT_BrownBat,brown bat,Biomes! Caverns,0.25,dormant,16,0.728,0.197,0.185,1.786,1.343
BMT_BunkerBug,bunker bug,Biomes! Polluted Lands,4,dormant,21,0.1556,0.137,0.309,0.52,1.181
BMT_CactusCrab,cactus crab,Biomes! Caverns,2.4000000953674316,dormant,22,0.1072,0.29,0.538,1.174,1.454
BMT_CarrionVulture,carrion vulture,Biomes! Polluted Lands,0.3199999928474426,dormant,0,0.0519,0.07,0.449,0.918,1.118
BMT_CaveCricket,cave cricket,Biomes! Caverns,0.800000011920929,ours,9,0.0728,0.242,0.433,1.067,1.889
BMT_CaveLemming,cave lemming,Biomes! Caverns,1,dormant,16,0.5961,0.107,0.3,0.598,0.954
BMT_CaveSpider,cave spider,Biomes! Caverns,4,ours,9,0.0778,0.173,0.327,1.096,1.904
BMT_ChemSnail,chem snail,Biomes! Caverns,0.4000000059604645,ours,11,0.1215,0.167,0.5,0.741,1.011
BMT_ColonyPustuleHornet,pustule hornet,Biomes! Polluted Lands,0.3199999928474426,dormant,13,0.2205,0.272,0.462,0.685,1.862
BMT_ColonyPustuleHornetQueen,pustule queen,Biomes! Polluted Lands,1,dormant,13,0.2196,0.269,0.469,1.016,1.878
BMT_Creature_Mantrap,mantrap,Biomes! Polluted Lands,0.7699999809265137,dormant,2,0.2255,0.134,0.233,1.041,2.34
BMT_CrestedDragon,crested dragon,Biomes! Caverns,0.699999988079071,dormant,15,0.0759,0.377,0.301,0.382,1.239
BMT_CrystalBeetle,crystalback beetle,Biomes! Caverns,2.450000047683716,ours,19,0.5912,0.272,0.298,1.141,1.097
BMT_CrystalBeetleLarvae,crystalback grub,Biomes! Caverns,0.8999999761581421,ours,0,0.0642,0.042,0.462,0.565,0.996
BMT_CrystalBeetlePupa,crystalback pupa,Biomes! Caverns,1,dormant,0,0.0,0.0,0.617,2.059,1.078
BMT_CrystalCrab,crystal crab,Biomes! Caverns,2.4000000953674316,ours,19,0.5681,0.415,0.521,0.661,1.144
BMT_CrystalFairyMole,crystal fairy mole,Biomes! Caverns,0.8600000143051147,ours,19,0.5706,0.216,0.746,0.652,1.009
BMT_CrystalMantis,crystal mimic mantis,Biomes! Caverns,2,ours,19,0.5707,0.313,0.407,0.747,1.789
BMT_Crystalope,crystalope,Biomes! Caverns,2,ours,19,0.5681,0.156,0.692,0.717,1.096
BMT_DarkAxolotl,dark axolotl,Biomes! Caverns,1,dormant,4,0.0,0.066,0.274,0.448,1.46
BMT_Diggerpede,diggerpede,Biomes! Caverns,1.5,dormant,22,0.0815,0.313,0.51,1.0,0.958
BMT_FacetMoth,facet moth,Biomes! Caverns,0.7699999809265137,ours,19,0.5645,0.417,0.682,1.351,1.444
BMT_FacetMothLarvae,crystalline caterpillar,Biomes! Caverns,0.699999988079071,ours,19,0.5675,0.42,0.554,0.635,1.026
BMT_FacetMothPupa,facet pupa,Biomes! Caverns,1,dormant,19,0.5474,0.444,0.625,2.179,1.089
BMT_FamineLocust,famine locust,Biomes! Polluted Lands,0.3199999928474426,dormant,13,0.2258,0.071,0.277,0.649,1.381
BMT_FenridStoat,fenrid stoat,Biomes! Polluted Lands,1.399999976158142,dormant,4,0.0434,0.124,0.22,0.387,1.282
BMT_FireSalamander,fire salamander,Biomes! Caverns,1.25,foreign,15,0.0334,0.834,0.623,0.413,1.178
BMT_FleeceSpider,fleece spider,Biomes! Caverns,0.3199999928474426,dormant,14,0.065,0.433,0.216,1.011,1.154
BMT_FoundryBeetle,foundry beetle,Biomes! Caverns,2.4000000953674316,foreign,4,0.0152,0.212,0.228,0.698,1.873
BMT_FoundryBeetleLarvae,foundry grub,Biomes! Caverns,1.7999999523162842,dormant,0,0.0337,0.087,0.55,0.414,1.146
BMT_FoundryBeetlePupa,foundry pupa,Biomes! Caverns,1,dormant,0,0.0,0.0,0.617,2.059,1.078
BMT_FreezerFrog,freezer frog,Biomes! Caverns,0.75,dormant,19,0.5575,0.144,0.397,0.875,0.875
BMT_FrostweaverSpider,frostweaver,Biomes! Caverns,2.4000000953674316,dormant,19,0.5603,0.221,0.477,0.876,2.372
BMT_FungalFerret,fungal ferret,Biomes! Caverns,0.5,ours,5,0.0981,0.401,0.521,0.353,1.237
BMT_FungalMantis,fungal mimic mantis,Biomes! Caverns,2,ours,15,0.0808,0.581,0.434,0.685,1.643
BMT_FungalWeevil,fungal weevil,Biomes! Caverns,0.5,ours,22,0.1183,0.3,0.501,0.634,1.038
BMT_GastroToad,gastro toad,Biomes! Polluted Lands,0.30000001192092896,dormant,7,0.3205,0.091,0.317,1.0,1.016
BMT_Gembug,gembug,Biomes! Caverns,0.33500000834465027,ours,19,0.5624,0.566,0.737,0.633,1.086
BMT_GiantSlug,giant slug,Biomes! Caverns,1.7000000476837158,ours,21,0.1543,0.178,0.414,0.453,1.241
BMT_GiantSnail,giant snail,Biomes! Caverns,2.5999999046325684,ours,4,0.0797,0.229,0.345,0.691,1.008
BMT_GlarralPenguin,glarral penguin,Biomes! Caverns,1,dormant,19,0.5414,0.071,0.546,0.675,1.088
BMT_GlowBat,bioluminescent bat,Biomes! Caverns,0.25,ours,17,0.5607,0.217,0.146,1.786,1.345
BMT_GlowSlug,glowslug,Biomes! Caverns,0.4000000059604645,ours,19,0.5,0.218,0.39,0.514,1.311
BMT_Glowtail,glowtail,Biomes! Polluted Lands,0.3199999928474426,dormant,13,0.1753,0.193,0.49,0.283,1.291
BMT_GoetoTadpole,goeto tadpole,Biomes! Caverns,0.10000000149011612,dormant,22,0.1035,0.386,0.611,1.11,0.964
BMT_GoetoToad,goeto toad,Biomes! Caverns,0.30000001192092896,ours,22,0.1035,0.386,0.611,1.11,0.964
BMT_HoarfrostMastodon,hoarfrost mastodon,Biomes! Caverns,3.5,dormant,19,0.5561,0.071,0.667,0.696,1.029
BMT_HungeringHydra,hungering hydra,Biomes! Caverns,5.5,dormant,1,0.3063,0.138,0.377,0.603,1.444
BMT_ImperialToad,imperial toad,Biomes! Caverns,0.30000001192092896,dormant,14,0.073,0.255,0.403,1.037,0.963
BMT_Jellypot,jellypot,Biomes! Caverns,0.6499999761581421,dormant,22,0.1476,0.363,0.441,0.672,1.007
BMT_JewelBeetle,jewel beetle,Biomes! Caverns,2.450000047683716,dormant,17,0.3775,0.686,0.347,0.575,1.103
BMT_JewelBeetleLarvae,jewel grub,Biomes! Caverns,0.8999999761581421,dormant,12,0.2277,0.279,0.649,0.744,0.964
BMT_JewelBeetlePupa,jewel pupa,Biomes! Caverns,1,dormant,0,0.0,0.0,0.617,2.059,1.078
BMT_LandOctopus,terrestrial octopus,Biomes! Core,0.800000011920929,dormant,23,0.1925,0.55,0.405,0.979,1.474
BMT_MaceDrake,mace drake,Biomes! Caverns,3.5,dormant,10,0.6648,0.122,0.294,1.099,2.427
BMT_Maguana,maguana,Biomes! Caverns,2.0999999046325684,foreign,15,0.045,0.296,0.367,0.382,1.33
BMT_Maligoat,maligoat,Biomes! Polluted Lands,1,dormant,4,0.0404,0.183,0.304,0.537,1.017
BMT_Maxolotl,maxolotl,Biomes! Core,2.4000000953674316,ours,0,1.0,0.107,0.778,0.448,1.46
BMT_Megabat,megabat,Biomes! Caverns,2.200000047683716,dormant,9,0.0768,0.045,0.28,1.087,1.952
BMT_Megakrill,megakrill,Biomes! Polluted Lands,0.20000000298023224,dormant,21,0.1572,0.078,0.279,0.349,1.236
BMT_Megaphorid,megaphorid,Biomes! Polluted Lands,0.6000000238418579,dormant,21,0.1416,0.182,0.226,0.878,1.437
BMT_MegaphoridLarva,megaphorid maggot,Biomes! Polluted Lands,0.3199999928474426,dormant,21,0.1598,0.126,0.242,0.56,0.975
BMT_Megapleura,megapleura,Biomes! Caverns,2.4000000953674316,ours,20,0.4242,0.344,0.2,0.632,1.386
BMT_Megaroach,megaroach,Biomes! Polluted Lands,0.20000000298023224,dormant,21,0.1041,0.194,0.308,0.59,1.187
BMT_MetalloSnail,metallosnail,Biomes! Caverns,0.8500000238418579,foreign,4,0.0,0.201,0.202,0.837,1.033
BMT_Mole,mole,Biomes! Caverns,0.4000000059604645,dormant,21,0.0861,0.225,0.151,0.457,1.087
BMT_Molebear,Molebear,Biomes! Caverns,2.1500000953674316,dormant,4,0.0423,0.103,0.263,0.733,1.209
BMT_MossBeetle,moss beetle,Biomes! Caverns,0.44999998807907104,ours,19,0.5208,0.116,0.305,0.725,0.981
BMT_MossBeetleLarvae,moss grub,Biomes! Caverns,0.699999988079071,ours,0,0.1449,0.109,0.422,0.753,0.953
BMT_MossBeetlePupa,moss pupa,Biomes! Caverns,1,dormant,0,0.0,0.0,0.617,2.059,1.078
BMT_MossyFennec,mossy fennec,Biomes! Caverns,0.6000000238418579,ours,16,0.3182,0.187,0.218,0.395,1.221
BMT_MucklurkerCatfish,mucklurker catfish,Biomes! Polluted Lands,0.8500000238418579,dormant,13,0.2564,0.19,0.255,0.746,1.735
BMT_MutagenicNorphea,mutagenic norphea,Biomes! Polluted Lands,0.3199999928474426,dormant,12,0.2965,0.156,0.436,0.693,1.015
BMT_MutatingTumorfishAdult,mutating tumorfish,Biomes! Polluted Lands,1.7999999523162842,dormant,21,0.0785,0.161,0.295,0.822,1.314
BMT_MutatingTumorfishFry,mutating tumorfish fry,Biomes! Polluted Lands,0.800000011920929,dormant,4,0.0509,0.178,0.23,0.659,1.433
BMT_MutatingTumorfishSpawn,mutating tumorfish spawn,Biomes! Polluted Lands,0.800000011920929,dormant,4,0.0513,0.136,0.195,1.062,1.07
BMT_Pillbug,pillbug,Biomes! Caverns,0.4000000059604645,ours,13,0.1667,0.011,0.24,0.561,1.331
BMT_PodWorm,pod worm,Biomes! Caverns,4,ours,10,0.532,0.252,0.2,0.488,1.112
BMT_Polluwog,polluwog,Biomes! Polluted Lands,0.10000000149011612,dormant,7,0.3242,0.091,0.279,0.396,1.217
BMT_PustuleHornet,pustule hornet,Biomes! Polluted Lands,0.3199999928474426,dormant,13,0.2205,0.272,0.462,0.685,1.862
BMT_PustuleHornetQueen,pustule queen,Biomes! Polluted Lands,1,dormant,13,0.2196,0.269,0.469,1.016,1.878
BMT_PustuleHornetSpawned,pustule hornet,Biomes! Polluted Lands,0.3199999928474426,dormant,13,0.2205,0.272,0.462,0.685,1.862
BMT_Rimebeak,rimebeak,Biomes! Caverns,1.399999976158142,dormant,11,0.095,0.045,0.675,0.716,1.1
BMT_RoyalRhino,royal rhino beetle,Biomes! Caverns,3,ours,6,0.7728,0.47,0.271,0.986,0.919
BMT_RoyalRhinoLarvae,royal rhino grub,Biomes! Caverns,0.8999999761581421,dormant,0,0.9745,0.276,0.591,0.729,0.988
BMT_RoyalRhinoPupa,royal rhino pupa,Biomes! Caverns,1,dormant,0,0.0,0.0,0.617,2.059,1.078
BMT_Sacapillar,sacapillar,Biomes! Polluted Lands,2.4000000953674316,dormant,14,0.0375,0.412,0.391,0.538,1.019
BMT_SandLeaper,sand leaper,Biomes! Caverns,0.20000000298023224,dormant,21,0.1128,0.242,0.39,0.718,1.519
BMT_SandPillar,sandpillar,Biomes! Caverns,0.800000011920929,dormant,21,0.0826,0.295,0.395,0.652,1.041
BMT_Screecher,screecher,Biomes! Polluted Lands,1,dormant,4,0.0962,0.05,0.158,1.028,1.589
BMT_ShatterjawBeetle,shatterjaw beetle,Biomes! Caverns,1,ours,12,0.3333,0.01,0.277,0.442,1.473
BMT_ShatterjawBeetleLarvae,shatterjaw grub,Biomes! Caverns,0.8999999761581421,dormant,11,0.098,0.24,0.596,0.744,0.964
BMT_ShatterjawBeetlePupa,shatterjaw pupa,Biomes! Caverns,1,dormant,0,0.0,0.0,0.617,2.059,1.078
BMT_ShimmershellSnail,shimmershell snail,Biomes! Caverns,0.6000000238418579,ours,19,0.5523,0.369,0.49,0.589,1.203
BMT_SilverSheep,silver sheep,Biomes! Caverns,0.8500000238418579,dormant,11,0.0929,0.026,0.478,0.548,1.123
BMT_SludgeCrawler,sludgecrawler,Biomes! Polluted Lands,2.5999999046325684,dormant,21,0.2012,0.057,0.208,0.86,1.314
BMT_SmogMoth,smog moth,Biomes! Polluted Lands,0.7699999809265137,dormant,13,0.1707,0.189,0.308,1.722,1.51
BMT_SmogMothLarvae,smog caterpillar,Biomes! Polluted Lands,0.5,dormant,13,0.1737,0.137,0.237,0.789,1.652
BMT_SmogPupa,smog pupa,Biomes! Polluted Lands,1,dormant,13,0.1696,0.172,0.185,2.148,1.311
BMT_SmolderstingScorpion,smoldersting scorpion,Biomes! Caverns,2,foreign,4,0.018,0.077,0.306,0.717,1.479
BMT_Snowstalker,snowstalker,Biomes! Caverns,1,dormant,11,0.1227,0.075,0.457,0.364,1.247
BMT_SonarRabbit,sonar rabbit,Biomes! Caverns,0.20000000298023224,ours,3,0.9196,0.037,0.576,1.12,1.004
BMT_Stoneback,stoneback,Biomes! Caverns,0.4000000059604645,dormant,22,0.085,0.333,0.486,0.647,1.025
BMT_Swarmcaller,swarmcaller,Biomes! Polluted Lands,1,dormant,21,0.1914,0.134,0.366,0.54,1.023
BMT_TaintedTurtle,tainted turtle,Biomes! Polluted Lands,0.5,dormant,13,0.2252,0.08,0.296,1.075,0.979
BMT_Thrumbungus,thrumbungus,Biomes! Caverns,4,dormant,20,0.4407,0.009,0.632,0.826,1.177
BMT_ToxSheep,tox-wool sheep,Biomes! Polluted Lands,0.75,dormant,12,0.2916,0.054,0.316,0.831,0.94
BMT_TripleSnapper,triple snapper,Biomes! Polluted Lands,1.399999976158142,dormant,2,0.162,0.109,0.22,0.673,1.399
BMT_TruffleMole,truffle mole,Biomes! Caverns,0.8999999761581421,ours,14,0.045,0.29,0.506,0.731,1.038
BMT_Varmot,varmot,Biomes! Polluted Lands,0.20000000298023224,dormant,21,0.0939,0.1,0.239,0.59,0.98
BMT_WasteHound,waste hound,Biomes! Polluted Lands,0.8600000143051147,dormant,4,0.0096,0.159,0.407,0.481,1.075
BMT_Woollybat,woolly bat,Biomes! Caverns,1.2000000476837158,ours,0,0.0316,0.058,0.412,1.143,1.33
BMT_Xyrion,xyrion,Biomes! Caverns,0.8999999761581421,ours,0,0.9662,0.058,0.674,0.375,1.2
BMT_Yooka,yooka,Biomes! Caverns,2.0999999046325684,ours,10,0.8648,0.01,0.661,0.605,0.999
Badger,badger,Odyssey,0.6000000238418579,dormant,11,0.1041,0.061,0.499,0.581,1.026
Bantha,bantha,Star Wars Animal Collection (Continued),4,ours,11,0.097,0.115,0.523,0.986,1.034
Bardelot,bardelot,Beasts of the Rim (Continued),0.550000011920929,foreign,11,0.0853,0.027,0.686,0.615,1.306
Bear_Grizzly,grizzly bear,Core,2.1500000953674316,ours,0,0.0,0.002,0.696,0.875,0.983
Bear_Polar,polar bear,Core,2.1500000953674316,ours,0,0.9591,0.001,0.751,0.822,0.962
Behemoth,behemoth,Star Wars Animal Collection (Continued),6,ours,11,0.1255,0.181,0.575,0.971,1.228
Beldon,beldon,Star Wars Animal Collection (Continued),6,ours,0,0.0688,0.308,0.714,0.746,1.415
BiomesIslands_Flamingo,rose flamingo,Biomes! Core,0.699999988079071,dormant,14,0.0438,0.435,0.65,0.621,1.091
Bison,bison,Core,2.4000000953674316,ours,14,0.0691,0.439,0.326,1.045,0.951
BlackBear,black bear,Beasts of the Rim (Continued),2.1500000953674316,dormant,16,0.6331,0.546,0.061,1.042,1.331
BlackBearMan,black bear man,Beasts of the Rim (Continued),1,dormant,16,0.7996,0.351,0.132,0.513,1.148
Blarth,blarth,Star Wars Animal Collection (Continued),0.3199999928474426,foreign,2,0.2732,0.147,0.554,1.038,1.348
Blixus,blixus,Star Wars Animal Collection (Continued),4,ours,19,0.6208,0.247,0.334,0.632,1.962
Bluebird,bluebird,Odyssey,0.15000000596046448,dormant,16,0.7015,0.339,0.307,0.824,0.924
Blurrg,blurrg,Star Wars Animal Collection (Continued),2.5,ours,19,0.5836,0.086,0.479,0.958,0.937
Boarwolf,Boar-wolf,Star Wars Animal Collection (Continued),2,ours,21,0.0873,0.268,0.396,0.864,0.978
BogHound,bog hound,Odyssey,0.8500000238418579,dormant,12,0.3333,0.043,0.55,0.538,1.114
Bogwing,bogwing,Star Wars Animal Collection (Continued),0.699999988079071,ours,8,0.6153,0.14,0.453,1.381,1.896
Bolotaur,bolotaur,Star Wars Animal Collection (Continued),3,ours,23,0.1596,0.563,0.253,0.265,1.453
Boma,boma,Star Wars Animal Collection (Continued),2,ours,23,0.2015,0.342,0.44,1.019,0.986
Boomalope,boomalope,Core,2,ours,11,0.1374,0.173,0.618,0.62,1.048
Boomrat,boomrat,Core,0.20000000298023224,ours,22,0.1321,0.331,0.574,0.548,0.998
Borcatu,Borcatu,Star Wars Animal Collection (Continued),0.4000000059604645,ours,21,0.0764,0.35,0.358,0.6,1.037
Bordok,bordok,Star Wars Animal Collection (Continued),1.399999976158142,ours,22,0.1287,0.453,0.405,0.646,0.998
Brezak,brezak,Star Wars Animal Collection (Continued),3,ours,15,0.0758,0.478,0.52,0.528,1.603
BroodLord,brood lord,Horrors (Continued),13.199999809265137,dormant,4,0.0205,0.008,0.263,1.161,2.141
Bulbfreak,bulbfreak,Anomaly,3.5,dormant,3,0.9908,0.287,0.467,0.917,1.221
Bullfrog,bullfrog,Odyssey,0.20000000298023224,foreign,22,0.1391,0.384,0.331,1.269,0.979
Bulwark,bulwark,Horrors (Continued),6.199999809265137,foreign,4,0.0205,0.008,0.263,1.161,2.141
Bursa,bursa,Star Wars Animal Collection (Continued),2.5,ours,22,0.0915,0.275,0.502,0.742,1.058
CACrystalScythe,Crystal scythe,Caravan Adventures,1,dormant,9,0.1172,0.05,0.408,1.091,3.052
CADevourer,Devourer,Caravan Adventures,3.200000047683716,dormant,21,0.1007,0.077,0.434,1.087,1.076
CAEndBossMech,Judgment,Caravan Adventures,3.200000047683716,dormant,4,0.0,0.003,0.314,1.181,1.275
CAHarbinger,Harbinger,Caravan Adventures,1,dormant,21,0.1324,0.067,0.443,1.185,0.998
CAHavoc,Havoc,Caravan Adventures,1,dormant,21,0.1154,0.065,0.425,1.018,1.243
CAMech_Scyther,summoned scyther,Caravan Adventures,1,dormant,13,0.2161,0.074,0.349,0.465,1.273
CanCell,can-cell,Star Wars Animal Collection (Continued),1.4500000476837158,ours,9,0.0736,0.233,0.432,0.788,1.442
Cannok,cannok,Star Wars Animal Collection (Continued),0.8500000238418579,ours,22,0.1019,0.338,0.498,0.819,1.036
Capybara,capybara,Core,0.75,ours,14,0.0807,0.272,0.221,0.68,0.954
Caribou,caribou,Core,1,foreign,9,0.0827,0.263,0.34,0.617,1.672
Cassowary,cassowary,Core,0.6000000238418579,dormant,16,0.6204,0.272,0.312,0.627,1.037
Castoroides,castoroides,Megafauna,1.75,dormant,14,0.0654,0.3,0.413,1.167,0.922
Cat,cat,Core,0.3199999928474426,dormant,12,0.8333,0.038,0.536,0.283,1.344
Cat_Scimitar,scimitar cat,Odyssey,1.2999999523162842,dormant,18,0.015,0.052,0.547,0.583,1.164
Chalicotherium,chalicotherium,Megafauna,4,dormant,22,0.0914,0.386,0.661,0.694,1.246
Chicken,chicken,Core,0.30000001192092896,dormant,0,0.0275,0.032,0.639,0.871,1.012
Chimera,chimera,Anomaly,2.1500000953674316,dormant,3,0.0212,0.149,0.32,0.94,0.964
Chinchilla,chinchilla,Core,0.3499999940395355,ours,0,0.0276,0.055,0.71,0.696,0.895
ChrysalideRancor,chrysalide rancor,Star Wars Animal Collection (Continued),8,ours,12,0.0853,0.018,0.581,0.973,1.412
Clodhopper,clodhopper,Star Wars Animal Collection (Continued),0.5,ours,14,0.0597,0.551,0.485,0.884,1.215
Cobra,cobra,Core,0.25,dormant,2,0.0718,0.203,0.317,0.702,1.792
ColossusToad,colossus toad,Odyssey,0.800000011920929,foreign,6,0.853,0.26,0.386,1.241,0.973
Convor,convor,Star Wars Animal Collection (Continued),0.4000000059604645,ours,22,0.087,0.429,0.552,0.781,1.052
CorellianHound,corellian hound,Star Wars Animal Collection (Continued),0.8500000238418579,ours,11,0.0421,0.105,0.643,0.732,0.981
Corinathoth,corinathoth,Star Wars Animal Collection (Continued),4,ours,22,0.0948,0.337,0.643,0.575,1.344
Cougar,cougar,Core,1,ours,14,0.0588,0.321,0.423,0.474,1.118
Cow,cow,Core,2.4000000953674316,dormant,0,0.0392,0.007,0.687,0.633,1.022
Crow,crow,Odyssey,0.15000000596046448,dormant,10,0.6851,0.087,0.134,0.625,0.977
DA_ArcticOwlcat,arctic owlcat,Dark Ages : Beasts and Monsters,0.3799999952316284,dormant,10,0.8676,0.036,0.598,0.66,1.199
DA_Barog,barogoth,Dark Ages : Beasts and Monsters,2.4000000953674316,foreign,13,0.1795,0.204,0.483,1.057,0.912
DA_BeardedTroll,bearded troll,Dark Ages : Beasts and Monsters,2,foreign,4,0.0769,0.048,0.432,1.091,1.028
DA_BlackScribe,black scribe,Dark Ages : Beasts and Monsters,0.5,ours,4,0.0328,0.031,0.187,0.544,1.482
DA_Crestel,crestel,Dark Ages : Beasts and Monsters,4,foreign,4,0.0299,0.194,0.29,1.139,1.488
DA_DwarvenMuffton,dwarven muffton,Dark Ages : Beasts and Monsters,1.2999999523162842,foreign,21,0.1053,0.167,0.292,0.857,0.995
DA_ForestOwlcat,forest owlcat,Dark Ages : Beasts and Monsters,0.3799999952316284,dormant,4,0.0609,0.195,0.261,0.66,1.199
DA_Goldilox,goldilox,Dark Ages : Beasts and Monsters,4,dormant,22,0.1148,0.525,0.535,0.816,1.058
DA_ImperialRedhound,imperial redhound,Dark Ages : Beasts and Monsters,2.1500000953674316,dormant,4,0.0148,0.167,0.282,0.747,1.144
DA_IroncasketBeetle,ironcasket beetle,Dark Ages : Beasts and Monsters,0.5,dormant,4,0.0608,0.15,0.26,0.673,1.071
DA_Karabal,karabal,Dark Ages : Beasts and Monsters,1.399999976158142,ours,4,0.0627,0.126,0.206,0.525,1.28
DA_LeviathanCrab,leviathan,Dark Ages : Beasts and Monsters,3.299999952316284,dormant,19,0.5583,0.056,0.315,1.265,1.277
DA_NorthernDrog,northern drog,Dark Ages : Beasts and Monsters,4,foreign,21,0.1089,0.189,0.342,0.79,1.277
DA_Phrak,phrak,Dark Ages : Beasts and Monsters,0.30000001192092896,foreign,9,0.1508,0.198,0.272,0.742,1.708
DA_Pilgrim,pilgrim,Dark Ages : Beasts and Monsters,2.4000000953674316,ours,4,0.0804,0.317,0.275,0.707,1.045
DA_RedhornedLarpah,red-horned larpah,Dark Ages : Beasts and Monsters,1,ours,4,0.0534,0.158,0.264,0.978,1.182
DA_RockTroll,rock troll,Dark Ages : Beasts and Monsters,4.5,dormant,0,0.0696,0.021,0.626,0.899,1.029
DA_SilverMole,silver mole,Dark Ages : Beasts and Monsters,0.20000000298023224,dormant,11,0.0962,0.076,0.464,0.988,0.902
DA_Snaptoad,giant snaptoad,Dark Ages : Beasts and Monsters,2.299999952316284,foreign,22,0.1043,0.379,0.409,1.229,0.941
DA_SnowTaraal,snow taraal,Dark Ages : Beasts and Monsters,2.5,foreign,10,0.8116,0.041,0.657,1.053,0.98
DA_Taraal,taraal,Dark Ages : Beasts and Monsters,2.5,foreign,14,0.0496,0.396,0.304,1.053,0.953
DZY_RNGChicken,chaos chicken,R-Hen-G: Chaos Chickens,0.30000001192092896,dormant,0,0.0,0.0,0.338,1.6,0.958
Dactillion,dactillion,Star Wars Animal Collection (Continued),3,ours,3,0.9541,0.243,0.352,0.567,2.239
Daeodon,daeodon,Megafauna,3,dormant,5,0.1203,0.361,0.328,0.536,1.108
Dalgo,dalgo,Star Wars Animal Collection (Continued),2.5,ours,15,0.065,0.666,0.599,0.385,1.289
Deer,deer,Core,1.2000000476837158,ours,11,0.1352,0.068,0.583,0.575,1.392
Deinotherium,deinotherium,Megafauna,5.5,dormant,6,0.7728,0.07,0.551,0.779,0.963
Devourer,devourer,Anomaly,4,dormant,3,0.9549,0.162,0.367,0.706,1.107
Devourers,devourer,Star Wars Animal Collection (Continued),2.5,ours,23,0.2029,0.375,0.542,0.783,1.122
Dewback,dewback,Star Wars Animal Collection (Continued),3,ours,23,0.2354,0.368,0.322,1.031,0.91
Dianoga,dianoga,Star Wars Animal Collection (Continued),4,ours,2,0.0301,0.543,0.465,0.804,2.103
Dinocrocuta,dinocrocuta,Megafauna,3.5,ours,22,0.0931,0.468,0.44,0.822,1.113
Dinopithecus,dinopithecus,Megafauna,2.5,dormant,11,0.0736,0.107,0.544,0.78,1.108
Dinornis,dinornis,Megafauna,5,ours,15,0.0533,0.312,0.47,0.636,1.189
Diprotodon,diprotodon,Megafauna,4.199999809265137,dormant,22,0.122,0.37,0.383,1.049,0.925
Doedicurus,doedicurus,Megafauna,3,ours,21,0.1242,0.148,0.472,1.107,0.947
Donkey,donkey,Core,1.399999976158142,ours,0,0.0412,0.104,0.387,0.536,1.205
Dragonsnake,Dragonsnake,Star Wars Animal Collection (Continued),4,foreign,2,0.1275,0.51,0.446,0.875,1.396
Dreadmeld,dreadmeld,Anomaly,5,dormant,3,0.9926,0.282,0.454,0.977,1.068
Drexl,drexl,Star Wars Animal Collection (Continued),5,ours,10,0.6852,0.261,0.445,0.67,2.023
Dromedary,dromedary,Core,2.0999999046325684,ours,22,0.0922,0.244,0.491,0.676,0.949
Drone_Hunter,hunter drone,Odyssey,0.699999988079071,dormant,4,0.0354,0.245,0.334,1.103,1.229
Drone_Sentry,sentry drone,Odyssey,1,dormant,4,0.0655,0.118,0.276,0.683,1.169
Drone_Wasp,wasp,Odyssey,0.25,dormant,14,0.0635,0.16,0.31,0.909,0.9
Dryad_Barkskin,barkskin dryad,Ideology,0.6499999761581421,dormant,21,0.0882,0.237,0.302,0.969,1.005
Dryad_Basic,immature dryad,Ideology,0.6669999957084656,dormant,7,0.256,0.111,0.467,0.967,1.092
Dryad_Berrymaker,berrymaker dryad,Ideology,0.6669999957084656,dormant,17,0.4468,0.241,0.477,0.686,1.066
Dryad_Carrier,carrier dryad,Ideology,0.6669999957084656,dormant,22,0.0931,0.441,0.588,0.914,1.051
Dryad_Clawer,clawer dryad,Ideology,0.6669999957084656,dormant,14,0.0014,0.273,0.497,1.2,1.278
Dryad_Gaumaker,gaumaker dryad,Ideology,0.6669999957084656,dormant,12,0.2386,0.175,0.446,0.903,1.168
Dryad_Medicinemaker,medicinemaker dryad,Ideology,0.6669999957084656,dormant,17,0.4467,0.209,0.512,0.855,1.042
Dryad_Woodmaker,woodmaker dryad,Ideology,0.6669999957084656,dormant,14,0.0861,0.552,0.462,0.793,1.104
Duck,duck,Core,0.30000001192092896,foreign,0,0.1293,0.234,0.377,0.765,0.958
ERN_Amaro,amaro,Erin's Final Fantasy Animals,1.25,ours,13,0.1667,0.0,0.761,0.676,1.134
ERN_BigCarbuncle,grand carbuncle,Erin's Final Fantasy Animals,1,dormant,19,0.5278,0.44,0.557,0.605,1.872
ERN_Carbuncle,carbuncle,Erin's Final Fantasy Animals,0.6000000238418579,dormant,19,0.5268,0.424,0.53,0.608,1.833
ERN_Chocobo,chocobo,Erin's Final Fantasy Animals,1,dormant,11,0.0973,0.025,0.62,0.694,1.228
Elasmotherium,elasmotherium,Megafauna,4,foreign,4,0.0858,0.24,0.261,0.732,1.084
Elephant,elephant,Core,4,ours,12,0.2494,0.008,0.661,0.894,1.092
Elk,elk,Core,2.0999999046325684,foreign,15,0.0822,0.529,0.302,0.824,1.387
Emu,emu,Core,0.6000000238418579,dormant,4,0.059,0.126,0.298,0.789,0.972
EnergySpider,energy spider,Star Wars Animal Collection (Continued),3,ours,9,0.1066,0.213,0.409,0.794,3.874
Enhydriodon,enhydriodon,Megafauna,3,dormant,21,0.0986,0.256,0.244,0.613,0.986
Eopie,eopie,Star Wars Animal Collection (Continued),1.399999976158142,ours,0,0.0097,0.18,0.526,0.62,0.991
Falumpaset,falumpaset,Star Wars Animal Collection (Continued),3,ours,22,0.088,0.326,0.538,0.51,1.075
Fambaa,fambaa,Star Wars Animal Collection (Continued),6,ours,22,0.1334,0.575,0.53,0.88,0.903
Fanback,fanback,Star Wars Animal Collection (Continued),2,ours,5,0.1439,0.259,0.373,0.304,1.462
FancyRat,fancy rat,AA FancyRats,0.15000000596046448,ours,0,0.0762,0.071,0.492,0.349,1.365
FeralGrazer,feral grazer,Star Wars Animal Collection (Continued),2,ours,22,0.1022,0.383,0.521,1.0,0.932
FeralNerf,feral nerf,Star Wars Animal Collection (Continued),1,ours,0,0.0174,0.097,0.411,0.471,1.093
Fingerspike,fingerspike,Anomaly,0.6000000238418579,dormant,3,0.9924,0.305,0.494,0.769,0.993
Flamingo,flamingo,Odyssey,0.6000000238418579,dormant,3,0.9646,0.351,0.629,0.582,1.133
FleshmassNucleus,fleshmass nucleus,Anomaly,1,dormant,3,0.9704,0.091,0.175,0.968,0.901
Fox_Arctic,arctic fox,Core,0.550000011920929,ours,11,0.094,0.015,0.583,0.319,1.254
Fox_Fennec,fennec fox,Core,0.550000011920929,ours,5,0.1068,0.325,0.489,0.336,1.247
Fox_Red,red fox,Core,0.550000011920929,ours,15,0.0777,0.58,0.41,0.307,1.264
FrilledGorg,frilled gorg,Star Wars Animal Collection (Continued),0.4000000059604645,ours,22,0.1264,0.481,0.542,0.553,1.018
FrogDog,frog dog,Star Wars Animal Collection (Continued),0.8500000238418579,ours,22,0.0891,0.417,0.441,1.039,1.108
GR_AberrantFleshbeast,aberrant fleshbeast,Vanilla Genetics Expanded,5,dormant,15,0.0066,0.406,0.39,0.718,1.241
GR_AnimusHare,animus hare,Vanilla Genetics Expanded,0.3499999940395355,dormant,11,0.097,0.024,0.485,1.0,1.269
GR_ArchotechCentipede,archocentipede,Vanilla Genetics Expanded,20,dormant,13,0.206,0.064,0.283,0.677,1.679
GR_BearBug,bear bug,Vanilla Genetics Expanded,2,dormant,14,0.048,0.494,0.333,1.031,1.148
GR_Bearalope,bearalope,Vanilla Genetics Expanded,1.5,dormant,22,0.0963,0.428,0.382,0.813,1.005
GR_Bearcat,bearcat,Vanilla Genetics Expanded,1.75,dormant,14,0.0642,0.453,0.323,0.56,1.068
GR_Bearchicken,bearchicken,Vanilla Genetics Expanded,0.8100000023841858,dormant,14,0.0705,0.422,0.404,0.929,1.088
GR_Bearffalo,bearffalo,Vanilla Genetics Expanded,1.5,dormant,14,0.0623,0.428,0.325,0.986,1.001
GR_Bearhorse,bearhorse,Vanilla Genetics Expanded,3.5,dormant,14,0.0606,0.477,0.317,0.654,1.073
GR_Bearman,bearman,Vanilla Genetics Expanded,1.25,dormant,0,0.0195,0.225,0.681,0.897,0.97
GR_Bearmole,bearmole,Vanilla Genetics Expanded,0.800000011920929,dormant,0,0.0309,0.164,0.569,0.842,0.968
GR_Bearodile,bearodile,Vanilla Genetics Expanded,3.5,dormant,23,0.1794,0.498,0.349,0.829,0.978
GR_Bearscarab,bearscarab,Vanilla Genetics Expanded,3,dormant,22,0.087,0.331,0.359,0.762,1.135
GR_Bearwolf,bearwolf,Vanilla Genetics Expanded,1,dormant,14,0.0611,0.443,0.292,0.625,1.096
GR_Beaverwolf,beaverwolf,Vanilla Genetics Expanded,0.8999999761581421,dormant,2,0.0457,0.242,0.306,0.558,1.235
GR_Beetlefleet,beetlefleet,Vanilla Genetics Expanded,0.30000001192092896,dormant,5,0.0972,0.37,0.332,0.597,1.329
GR_Boomabear,boomabear,Vanilla Genetics Expanded,2.5,dormant,22,0.1259,0.392,0.55,0.867,1.021
GR_Boomachicken,boomachicken,Vanilla Genetics Expanded,0.75,dormant,22,0.1193,0.393,0.551,0.958,0.938
GR_Boomalisk,boomalisk,Vanilla Genetics Expanded,2,dormant,5,0.1106,0.475,0.529,0.611,1.209
GR_Booman,booman,Vanilla Genetics Expanded,1.25,dormant,22,0.1265,0.43,0.557,0.713,1.014
GR_Boombeetle,boombeetle,Vanilla Genetics Expanded,1.5,dormant,22,0.1215,0.337,0.457,0.608,0.99
GR_Boomcat,boomcat,Vanilla Genetics Expanded,1.5,dormant,22,0.1285,0.383,0.52,0.736,1.015
GR_Boomffalo,boomffalo,Vanilla Genetics Expanded,2.25,dormant,22,0.1232,0.329,0.446,0.756,1.368
GR_Boomhorse,boomhorse,Vanilla Genetics Expanded,2,dormant,22,0.1222,0.4,0.499,0.567,1.082
GR_Boomnotherium,boomnotherium,Vanilla Genetics Expanded,5.5,dormant,22,0.1078,0.395,0.576,0.8,0.979
GR_Boomsnake,boomsnake,Vanilla Genetics Expanded,1.5,dormant,2,0.1108,0.362,0.433,0.829,1.822
GR_Boomsquirrel,boomsquirrel,Vanilla Genetics Expanded,1.2999999523162842,dormant,5,0.1108,0.364,0.454,0.346,1.601
GR_Boomwolf,boomwolf,Vanilla Genetics Expanded,1.5,dormant,22,0.1248,0.393,0.517,0.659,1.059
GR_Catalope,catalope,Vanilla Genetics Expanded,0.2549999952316284,dormant,22,0.114,0.411,0.443,0.583,1.025
GR_Catbear,catbear,Vanilla Genetics Expanded,0.4000000059604645,dormant,14,0.0621,0.463,0.28,0.483,1.005
GR_Catchicken,catchicken,Vanilla Genetics Expanded,0.2549999952316284,dormant,0,0.0245,0.037,0.537,0.8,0.924
GR_Catffalo,catffalo,Vanilla Genetics Expanded,0.4000000059604645,dormant,19,0.538,0.13,0.55,0.619,1.025
GR_Cathorse,cathorse,Vanilla Genetics Expanded,2,dormant,5,0.0929,0.455,0.475,0.485,1.263
GR_Catman,catman,Vanilla Genetics Expanded,0.2549999952316284,dormant,21,0.0743,0.189,0.364,0.351,1.357
GR_Catrabbit,catrabbit,Vanilla Genetics Expanded,0.30000001192092896,dormant,21,0.1531,0.163,0.288,0.667,0.954
GR_Catwolf,catwolf,Vanilla Genetics Expanded,0.4000000059604645,dormant,21,0.0966,0.093,0.272,0.41,1.171
GR_Chickenbear,chickenbear,Vanilla Genetics Expanded,0.30000001192092896,dormant,14,0.0548,0.37,0.263,0.939,0.945
GR_Chickencat,chickencat,Vanilla Genetics Expanded,0.30000001192092896,dormant,0,0.025,0.039,0.481,0.939,0.956
GR_Chickenffalo,chickenffalo,Vanilla Genetics Expanded,0.20000000298023224,dormant,19,0.5379,0.086,0.446,0.893,0.936
GR_Chickenhorse,chickenhorse,Vanilla Genetics Expanded,1,dormant,11,0.1194,0.014,0.676,0.856,1.502
GR_Chickenlizard,chickenlizard,Vanilla Genetics Expanded,0.30000001192092896,dormant,22,0.1509,0.467,0.299,0.794,0.9
GR_Chickenlodon,chickenlodon,Vanilla Genetics Expanded,2,dormant,0,0.0609,0.03,0.681,0.48,1.492
GR_Chickenlope,chickenlope,Vanilla Genetics Expanded,0.18000000715255737,dormant,22,0.1135,0.335,0.434,0.929,0.942
GR_Chickenrabbit,chickenrabbit,Vanilla Genetics Expanded,0.15000000596046448,dormant,21,0.1531,0.161,0.289,0.951,0.99
GR_Chickenspider,chickenspider,Vanilla Genetics Expanded,1.100000023841858,dormant,1,0.2834,0.066,0.275,0.723,1.184
GR_Chickenwolf,chickenwolf,Vanilla Genetics Expanded,0.30000001192092896,dormant,21,0.1019,0.15,0.346,0.939,0.993
GR_Crocorse,crocorse,Vanilla Genetics Expanded,2.75,dormant,23,0.2002,0.452,0.346,0.455,1.172
GR_Doedicoon,doedicoon,Vanilla Genetics Expanded,0.30000001192092896,dormant,22,0.1135,0.382,0.358,1.164,1.15
GR_Dogman,dogman,Vanilla Genetics Expanded,0.75,dormant,0,0.0196,0.227,0.707,0.66,1.043
GR_Elasmobearium,elasmobearium,Vanilla Genetics Expanded,4,dormant,4,0.0873,0.168,0.29,0.8,1.107
GR_FleshGrowth,flesh growth,Vanilla Genetics Expanded,5,dormant,9,0.0067,0.461,0.488,0.903,3.035
GR_FleshMonstrosity,flesh monstrosity,Vanilla Genetics Expanded,5,dormant,15,0.0063,0.453,0.426,0.659,1.685
GR_Fleshling,fleshling,Vanilla Genetics Expanded,0.20000000298023224,dormant,14,0.0062,0.462,0.505,0.718,1.072
GR_Groundffalo,groundffalo,Vanilla Genetics Expanded,3,dormant,19,0.5338,0.079,0.52,1.333,1.572
GR_Hurseman,hurseman,Vanilla Genetics Expanded,2.4000000953674316,dormant,0,0.0182,0.22,0.7,0.531,1.073
GR_Lizardman,lizardman,Vanilla Genetics Expanded,1.5,dormant,23,0.1946,0.456,0.311,0.57,1.218
GR_Lizardochs,lizardochs,Vanilla Genetics Expanded,3,dormant,22,0.1389,0.413,0.547,0.771,0.994
GR_Manalope,manalope,Vanilla Genetics Expanded,0.5,dormant,22,0.1084,0.368,0.673,0.473,1.08
GR_Manbear,manbear,Vanilla Genetics Expanded,0.3499999940395355,dormant,14,0.0635,0.453,0.267,0.691,1.015
GR_Mancat,mancat,Vanilla Genetics Expanded,1.5,dormant,0,0.0374,0.183,0.515,0.678,1.041
GR_Manchicken,manchicken,Vanilla Genetics Expanded,2,dormant,22,0.1048,0.439,0.785,0.623,1.043
GR_Manffalo,manffalo,Vanilla Genetics Expanded,2.4000000953674316,dormant,0,0.0128,0.157,0.522,0.694,0.998
GR_Manscarab,manscarab,Vanilla Genetics Expanded,1,dormant,22,0.0839,0.359,0.412,0.881,1.361
GR_Mansquirrel,mansquirrel,Vanilla Genetics Expanded,0.30000001192092896,dormant,0,0.0426,0.369,0.607,0.667,0.999
GR_Mantistanis,mantistanis,Vanilla Genetics Expanded,3,dormant,23,0.2006,0.474,0.364,0.845,1.848
GR_Manwolf,manwolf,Vanilla Genetics Expanded,2,dormant,0,0.0128,0.253,0.516,0.68,1.079
GR_MeadowLizard,meadow lizard,Vanilla Genetics Expanded,1.5,dormant,23,0.2349,0.708,0.203,0.716,1.196
GR_Mechabear,mechabear,Vanilla Genetics Expanded,2,dormant,19,0.5358,0.223,0.352,0.835,0.971
GR_Mechacat,mechacat,Vanilla Genetics Expanded,1.2999999523162842,dormant,2,0.203,0.115,0.321,0.367,1.974
GR_Mechachicken,mecha-chicken,Vanilla Genetics Expanded,0.75,dormant,13,0.2078,0.023,0.596,0.694,1.391
GR_Mechahorse,mecha-horse,Vanilla Genetics Expanded,4,dormant,13,0.2113,0.093,0.417,0.524,1.097
GR_Mechalope,mechalope,Vanilla Genetics Expanded,1.5,dormant,21,0.1581,0.129,0.39,0.439,1.366
GR_Mechamime,mecha-mime,Vanilla Genetics Expanded,1,dormant,13,0.1908,0.091,0.357,0.6,1.196
GR_Mechamuffalo,mecha-muffalo,Vanilla Genetics Expanded,13,dormant,13,0.2313,0.085,0.424,1.054,1.048
GR_Mecharat,mecha-rat,Vanilla Genetics Expanded,0.20000000298023224,dormant,13,0.2062,0.068,0.328,0.538,1.402
GR_Mechaspider,mechaspider,Vanilla Genetics Expanded,2,dormant,13,0.2062,0.082,0.404,0.679,1.667
GR_Mechathrumbo,mechathrumbo,Vanilla Genetics Expanded,10,dormant,13,0.2066,0.077,0.414,0.783,1.506
GR_Mechaturtle,mechaturtle,Vanilla Genetics Expanded,1,dormant,13,0.2132,0.085,0.446,1.302,1.17
GR_Mechawolf,mechawolf,Vanilla Genetics Expanded,1.5,dormant,13,0.1568,0.076,0.341,0.437,1.322
GR_Molebear,molebear,Vanilla Genetics Expanded,1,dormant,4,0.0486,0.255,0.283,0.535,1.642
GR_Molehorse,molehorse,Vanilla Genetics Expanded,1,dormant,0,0.0304,0.161,0.564,0.612,1.039
GR_Moleman,moleman,Vanilla Genetics Expanded,1.5,dormant,0,0.0168,0.217,0.661,0.787,0.953
GR_Muffalobear,muffalobear,Vanilla Genetics Expanded,2.5,dormant,19,0.5419,0.136,0.469,1.0,0.953
GR_Muffalocat,muffalocat,Vanilla Genetics Expanded,1.850000023841858,dormant,4,0.017,0.114,0.356,1.045,0.943
GR_Muffalochicken,muffalochicken,Vanilla Genetics Expanded,1.7999999523162842,dormant,0,0.0281,0.025,0.717,1.029,0.958
GR_Muffalohorse,muffalohorse,Vanilla Genetics Expanded,3.4000000953674316,dormant,19,0.4269,0.171,0.421,0.771,0.975
GR_Muffalokomodo,muffalokomodo,Vanilla Genetics Expanded,3.5,dormant,23,0.1872,0.457,0.265,0.824,1.101
GR_Muffaloman,muffaloman,Vanilla Genetics Expanded,1.5,dormant,19,0.3707,0.211,0.423,0.94,1.027
GR_Muffalope,muffalope,Vanilla Genetics Expanded,2,dormant,22,0.158,0.608,0.531,0.972,1.019
GR_Muffalopede,muffalopede,Vanilla Genetics Expanded,1.5,dormant,21,0.1279,0.237,0.267,0.824,1.319
GR_Muffalorat,muffalorat,Vanilla Genetics Expanded,1,dormant,19,0.5605,0.14,0.415,0.703,1.446
GR_Muffalowolf,muffalowolf,Vanilla Genetics Expanded,2,dormant,21,0.1288,0.027,0.402,1.045,0.958
GR_Needlechicken,needlechicken,Vanilla Genetics Expanded,0.25,dormant,13,0.1219,0.36,0.432,0.906,1.513
GR_Nighthrumbo,nighthrumbo,Vanilla Genetics Expanded,3,dormant,21,0.0333,0.031,0.174,0.402,1.419
GR_Paraceramuffalo,paraceramuffalo,Vanilla Genetics Expanded,16,dormant,19,0.4891,0.051,0.706,0.471,1.295
GR_ParagonBear,ursine paragon,Vanilla Genetics Expanded,2.950000047683716,dormant,14,0.0585,0.483,0.337,0.586,1.073
GR_ParagonBoomalope,boomalope paragon,Vanilla Genetics Expanded,2.200000047683716,dormant,22,0.122,0.413,0.575,0.549,1.026
GR_ParagonChicken,avian paragon,Vanilla Genetics Expanded,0.5,dormant,0,0.0337,0.138,0.57,0.776,1.235
GR_ParagonFeline,feline paragon,Vanilla Genetics Expanded,1.7999999523162842,dormant,0,0.0589,0.022,0.562,0.564,1.203
GR_ParagonHorse,equine paragon,Vanilla Genetics Expanded,3,dormant,12,0.9907,0.008,0.662,0.466,1.114
GR_ParagonHumanoid,humanoid paragon,Vanilla Genetics Expanded,2.299999952316284,dormant,14,0.0503,0.253,0.56,0.764,0.944
GR_ParagonIguana,reptile paragon,Vanilla Genetics Expanded,0.4000000059604645,dormant,23,0.1944,0.43,0.265,0.384,1.318
GR_ParagonInsectoid,insectoid paragon,Vanilla Genetics Expanded,2.5,dormant,22,0.0858,0.355,0.423,0.574,1.18
GR_ParagonMuffalo,muffalo paragon,Vanilla Genetics Expanded,2.5,dormant,19,0.235,0.257,0.399,0.921,1.177
GR_ParagonRat,rodent paragon,Vanilla Genetics Expanded,0.30000001192092896,dormant,4,0.0718,0.282,0.222,0.379,1.544
GR_ParagonThrumbo,colossal paragon,Vanilla Genetics Expanded,4.5,dormant,18,0.5767,0.044,0.654,0.504,1.368
GR_ParagonWolf,canine paragon,Vanilla Genetics Expanded,1,dormant,21,0.0855,0.087,0.274,0.446,1.403
GR_Rabbitcat,rabbitcat,Vanilla Genetics Expanded,2.5,dormant,4,0.0381,0.127,0.29,0.564,1.17
GR_Rabbitchicken,rabbitchicken,Vanilla Genetics Expanded,0.10000000149011612,dormant,21,0.101,0.189,0.334,0.764,0.981
GR_Ratffalo,ratffalo,Vanilla Genetics Expanded,1.75,dormant,15,0.0717,0.291,0.29,0.4,1.391
GR_Snakecat,snakecat,Vanilla Genetics Expanded,1.5,dormant,23,0.2185,0.376,0.253,0.744,1.517
GR_Spidercat,spidercat,Vanilla Genetics Expanded,0.8500000238418579,dormant,21,0.0868,0.33,0.336,0.532,1.138
GR_Spiderhorse,spiderhorse,Vanilla Genetics Expanded,2.4000000953674316,dormant,5,0.0851,0.343,0.365,0.484,1.152
GR_Spidersnake,spidersnake,Vanilla Genetics Expanded,0.25,dormant,5,0.1089,0.509,0.386,0.767,1.328
GR_Squirralope,squirralope,Vanilla Genetics Expanded,0.20000000298023224,dormant,5,0.1178,0.36,0.517,0.446,1.198
GR_Thrumbalope,thrumbalope,Vanilla Genetics Expanded,4,dormant,11,0.1778,0.166,0.533,0.474,1.219
GR_Thrumbear,thrumbear,Vanilla Genetics Expanded,6,dormant,18,0.5814,0.077,0.607,0.736,1.249
GR_Thrumbocat,thrumbocat,Vanilla Genetics Expanded,2,dormant,5,0.0853,0.358,0.331,0.288,1.509
GR_Thrumbochicken,thrumbochicken,Vanilla Genetics Expanded,3,dormant,2,0.5745,0.083,0.488,0.663,2.061
GR_Thrumbolizard,thrumbolizard,Vanilla Genetics Expanded,3.5,dormant,23,0.1755,0.459,0.312,0.371,1.469
GR_Thrumboman,thrumboman,Vanilla Genetics Expanded,4,dormant,19,0.5691,0.08,0.647,0.788,1.008
GR_Thrumborat,thrumborat,Vanilla Genetics Expanded,1.5,dormant,2,0.7779,0.117,0.53,1.028,1.86
GR_Thrumbospider,thrumbospider,Vanilla Genetics Expanded,4.5,dormant,21,0.1303,0.232,0.28,0.58,1.475
GR_Thrumdraeodon,thrumdraeodon,Vanilla Genetics Expanded,4.5,dormant,19,0.5667,0.052,0.642,0.589,1.037
GR_Thrumffalo,thrumffalo,Vanilla Genetics Expanded,8.399999618530273,dormant,19,0.5672,0.068,0.552,0.774,1.04
GR_Thrumhorse,thrumhorse,Vanilla Genetics Expanded,4.5,dormant,19,0.5654,0.065,0.601,0.579,1.118
GR_Thrumwolf,thrumwolf,Vanilla Genetics Expanded,2.200000047683716,dormant,11,0.1056,0.072,0.524,0.45,1.316
GR_Turkeyman,turkeyman,Vanilla Genetics Expanded,0.6000000238418579,dormant,14,0.0414,0.335,0.488,0.907,1.103
GR_WolfShrimp,wolf shrimp,Vanilla Genetics Expanded,2,dormant,17,0.238,0.099,0.339,1.349,1.706
GR_Wolfalope,wolfalope,Vanilla Genetics Expanded,0.8500000238418579,dormant,21,0.1189,0.192,0.388,0.455,1.17
GR_Wolfbear,wolfbear,Vanilla Genetics Expanded,1,dormant,21,0.0701,0.089,0.317,0.467,1.178
GR_Wolfbeaver,wolfbeaver,Vanilla Genetics Expanded,0.8500000238418579,dormant,15,0.0544,0.279,0.466,0.417,1.484
GR_Wolfcat,wolfcat,Vanilla Genetics Expanded,1,dormant,4,0.0677,0.067,0.251,0.333,1.639
GR_Wolfchicken,wolfchicken,Vanilla Genetics Expanded,0.6499999761581421,dormant,0,0.0331,0.068,0.649,0.459,1.36
GR_Wolffalo,wolffalo,Vanilla Genetics Expanded,1.5,dormant,21,0.0503,0.092,0.345,0.736,1.081
GR_Wolfhorse,wolfhorse,Vanilla Genetics Expanded,2.799999952316284,dormant,21,0.0537,0.077,0.28,0.486,1.162
GR_Wolfscarab,wolfscarab,Vanilla Genetics Expanded,0.8500000238418579,dormant,9,0.0808,0.313,0.313,0.432,1.941
GR_Wolfsnake,wolfsnake,Vanilla Genetics Expanded,1,dormant,23,0.1869,0.451,0.246,0.509,1.634
GR_WoolyWolf,wooly Wolf,Vanilla Genetics Expanded,1.5,dormant,5,0.0949,0.344,0.304,0.467,1.374
GRimBullfrog,Colorful bullfrog,GRiNDTerra Biomes,0.20000000298023224,foreign,22,0.1181,0.839,0.578,1.269,0.979
GRimCobra,Colorful cobra,GRiNDTerra Biomes,0.25,foreign,5,0.095,0.508,0.306,0.577,1.401
GRimLavaSnail,Colorful lava snail,GRiNDTerra Biomes,0.8999999761581421,foreign,10,0.8277,0.352,0.518,0.5,1.03
GRimMonitorLizard,Colorful monitor lizard,GRiNDTerra Biomes,0.6000000238418579,foreign,15,0.0456,0.64,0.565,0.286,1.363
GRimPinkbird,pinkbird,GRiNDTerra Biomes,0.15000000596046448,foreign,14,0.0116,0.721,0.555,0.824,0.921
GRimQuail,Colorful quail,GRiNDTerra Biomes,0.25,foreign,23,0.2953,0.97,0.647,0.941,0.921
GRimStoneCrab,Colorful stone crab,GRiNDTerra Biomes,0.30000001192092896,foreign,3,0.9293,0.614,0.426,1.531,1.081
GRimTortoise,Colorful tortoise,GRiNDTerra Biomes,0.5,foreign,14,0.0725,0.596,0.522,1.053,0.923
Gazelle,gazelle,Core,0.699999988079071,dormant,15,0.0774,0.324,0.393,0.421,1.534
Gelagrub,gelagrub,Star Wars Animal Collection (Continued),2.4000000953674316,foreign,17,0.492,0.648,0.251,1.019,0.997
GiantAnt_Race,giant ant,They! (Giant Ants),2,dormant,9,0.1195,0.24,0.171,0.959,1.985
GiantToad,giant toad,Giant Toads (Continued),2,ours,22,0.1119,0.359,0.539,1.342,1.054
Giantala,giantala,Beasts of the Rim (Continued),4,foreign,10,0.9047,0.544,0.409,0.679,1.217
Gigantelope,gigantelope,Beasts of the Rim (Continued),2,foreign,11,0.129,0.007,0.639,0.639,1.127
Gigantophis,gigantophis,Megafauna,11,dormant,15,0.0939,0.325,0.408,0.515,1.162
Gigantopithecus,gigantopithecus,Megafauna,3.5,dormant,14,0.0689,0.472,0.481,1.0,1.058
Gizka,gizka,Star Wars Animal Collection (Continued),0.18000000715255737,ours,23,0.207,0.644,0.398,0.947,1.017
Goat,goat,Core,0.75,foreign,11,0.0945,0.131,0.465,0.564,1.225
Gomphotaria,gomphotaria,Megafauna,5,foreign,21,0.1319,0.17,0.332,1.587,1.025
Goose,goose,Core,0.6000000238418579,dormant,11,0.0875,0.035,0.644,0.796,1.057
Gorehulk,gorehulk,Anomaly,2,dormant,11,0.0968,0.255,0.681,0.933,1.542
Gorg,gorg,Star Wars Animal Collection (Continued),0.30000001192092896,ours,8,0.6067,0.258,0.424,1.167,1.122
Gorilla,gorilla,Odyssey,2,dormant,19,0.4927,0.057,0.26,0.909,1.009
Gornt,gornt,Star Wars Animal Collection (Continued),0.8500000238418579,dormant,12,0.3528,0.176,0.5,0.814,0.991
GraniteSlug,granite slug,Star Wars Animal Collection (Continued),0.20000000298023224,ours,5,0.105,0.498,0.421,0.594,1.512
Grank,Grank,Star Wars Animal Collection (Continued),0.8500000238418579,ours,3,0.9691,0.378,0.337,0.383,1.204
Grazer,grazer,Star Wars Animal Collection (Continued),2.75,dormant,11,0.0991,0.097,0.515,0.673,0.947
GreaterKraytDragon,greater krayt dragon,Star Wars Animal Collection (Continued),15,ours,8,0.6368,0.127,0.498,0.32,1.586
Gualaar,gualaar,Star Wars Animal Collection (Continued),3,foreign,11,0.126,0.131,0.662,0.425,1.183
GuineaPig,guinea pig,Core,0.20000000298023224,ours,12,0.0131,0.026,0.658,0.731,0.906
Gullipud,gullipud,Star Wars Animal Collection (Continued),0.4000000059604645,foreign,22,0.0781,0.431,0.749,0.795,1.067
Gundark,gundark,Star Wars Animal Collection (Continued),3,ours,3,0.9926,0.626,0.363,0.87,1.192
Gutkurr,gutkurr,Star Wars Animal Collection (Continued),2,ours,14,0.0671,0.698,0.661,0.909,1.009
Hare,hare,Core,0.20000000298023224,ours,0,0.0846,0.092,0.586,1.0,0.862
Harvester,harvester,Horrors (Continued),13.199999809265137,dormant,4,0.0188,0.009,0.239,0.957,1.654
HarvesterBeetle,harvester beetle,Star Wars Animal Collection (Continued),5,foreign,19,0.5575,0.553,0.255,1.315,1.71
Hawkbat,hawk-bat,Star Wars Animal Collection (Continued),2,ours,10,0.7884,0.455,0.523,1.089,1.684
HermitCrab,hermit crab,Odyssey,0.20000000298023224,dormant,14,0.0349,0.315,0.408,1.283,0.975
Heron,heron,Odyssey,0.6000000238418579,dormant,8,0.6101,0.268,0.435,0.688,1.005
Hippo,hippo,Odyssey,2.799999952316284,dormant,10,0.8122,0.123,0.32,0.952,0.913
HiveQueen,hive queen,Odyssey,4.5,dormant,21,0.1131,0.248,0.384,0.714,1.195
Horax,horax,Star Wars Animal Collection (Continued),15,ours,19,0.5787,0.424,0.411,1.205,1.018
Horse,horse,Core,2.4000000953674316,ours,12,0.1626,0.015,0.622,0.518,1.048
Hrumph,hrumph,Star Wars Animal Collection (Continued),2.5,ours,0,0.9781,0.115,0.493,0.632,1.053
Hssiss,hssiss,Star Wars Animal Collection (Continued),2.75,ours,23,0.2259,0.493,0.485,0.279,1.486
Husky,husky,Core,0.8600000143051147,dormant,18,0.6049,0.051,0.576,0.408,1.146
Ibex,ibex,Core,1,ours,11,0.0749,0.164,0.457,0.491,1.627
Igitz,igitz,Star Wars Animal Collection (Continued),0.3199999928474426,foreign,17,0.4533,0.506,0.38,0.903,1.067
Iguana,iguana,Core,0.4000000059604645,ours,23,0.1794,0.445,0.345,0.337,1.291
Insectomorph,insectomorph,Star Wars Animal Collection (Continued),2,ours,21,0.0713,0.352,0.39,0.9,1.33
Iriaz,iriaz,Star Wars Animal Collection (Continued),0.699999988079071,ours,23,0.1768,0.346,0.559,0.618,1.343
IridonianReek,iridonian reek,Star Wars Animal Collection (Continued),3,ours,4,0.0568,0.129,0.335,1.014,0.918
IronScruff_Flatworm,flatworm hound,Primordial Geysers,0.75,dormant,18,0.3322,0.002,0.686,0.561,1.222
IronScruff_Hydrazoa,hydrazoa,Primordial Geysers,1,dormant,2,0.7996,0.001,0.553,0.595,2.571
IronScruff_Jellybird,jellybird,Primordial Geysers,0.20000000298023224,dormant,0,0.2053,0.002,0.703,0.857,1.642
IronScruff_Tardigrade,giant tardigrade,Primordial Geysers,2.4000000953674316,dormant,10,0.8883,0.183,0.736,0.845,1.004
IthorianReek,ithorian reek,Star Wars Animal Collection (Continued),4.5,ours,22,0.1282,0.848,0.567,1.028,0.911
JDSCIS_AQ_Battle_Droid,AQ Battle Droid,[JDS] StarWars - The Separatist Droid Army,0.699999988079071,dormant,8,0.6061,0.074,0.267,1.046,2.024
JDSCIS_B1_Battle_Droid,B1 Battle Droid,[JDS] StarWars - The Separatist Droid Army,0.699999988079071,dormant,5,0.0905,0.438,0.447,0.383,1.325
JDSCIS_B1_Commander_Droid,B1 Commander Droid,[JDS] StarWars - The Separatist Droid Army,0.699999988079071,dormant,5,0.1081,0.496,0.466,0.383,1.325
JDSCIS_B1_Security_Droid,B1 Security Droid,[JDS] StarWars - The Separatist Droid Army,0.699999988079071,dormant,5,0.081,0.461,0.43,0.383,1.325
JDSCIS_B2_HA_Super_Battle_Droid,B2 HA Super Battle Droid,[JDS] StarWars - The Separatist Droid Army,0.699999988079071,dormant,4,0.9277,0.012,0.283,0.952,1.142
JDSCIS_B2_Super_Battle_Droid,B2 Super Battle Droid,[JDS] StarWars - The Separatist Droid Army,0.699999988079071,dormant,16,0.6719,0.014,0.272,0.961,1.248
JDSCIS_BX_Commando_Droid,BX Commando Droid,[JDS] StarWars - The Separatist Droid Army,0.699999988079071,dormant,4,0.0439,0.118,0.119,0.432,1.344
JDSCIS_DSD1_Dwarf_Spider_Droid,DSD1 Dwarf Spider Droid,[JDS] StarWars - The Separatist Droid Army,0.699999988079071,dormant,4,0.0227,0.063,0.267,0.62,1.59
JDSCIS_Demolition_Droid,Demolition Droid,[JDS] StarWars - The Separatist Droid Army,0.699999988079071,dormant,14,0.0714,0.306,0.301,1.245,1.412
JDSCIS_Droideka_Droid,Droideka Droid,[JDS] StarWars - The Separatist Droid Army,0.699999988079071,dormant,4,0.056,0.188,0.22,0.63,1.319
JDSCIS_Droideka_Sharpshooter_Droid,Droideka Sharpshooter Droid,[JDS] StarWars - The Separatist Droid Army,0.699999988079071,dormant,4,0.0573,0.31,0.21,0.713,1.27
JDSCIS_IG-100_MagnaGuards,IG-100 MagnaGuards,[JDS] StarWars - The Separatist Droid Army,0.699999988079071,dormant,4,0.9887,0.055,0.368,0.614,1.285
JDSCIS_LR-57_Combat_Droid,LR-57 Combat Droid,[JDS] StarWars - The Separatist Droid Army,0.699999988079071,dormant,4,0.0323,0.279,0.316,0.661,1.145
JDSCIS_Pistoeka_Sotage_Droid,Pistoeka Sotage Droid,[JDS] StarWars - The Separatist Droid Army,0.699999988079071,dormant,9,0.1385,0.143,0.292,1.322,1.677
JDSCIS_ST_Super_Tactical_Droid,ST Super Tactical Droid,[JDS] StarWars - The Separatist Droid Army,0.699999988079071,dormant,21,0.219,0.112,0.281,0.577,1.273
JDSCIS_T1_Tactical_Droid,T1 Tactical Droid,[JDS] StarWars - The Separatist Droid Army,0.699999988079071,dormant,16,0.6443,0.136,0.274,0.505,1.153
JOE_Cephalope,cephalope,Cephaloids,1.2000000476837158,ours,22,0.1276,0.28,0.587,1.231,1.761
JOE_Landopus,landopus,Cephaloids,0.15000000596046448,foreign,11,0.1219,0.435,0.594,1.373,1.448
JOE_Nautilant,nautilant,Cephaloids,8.199999809265137,ours,0,0.036,0.217,0.682,0.856,1.469
JRWAbrictosaurus,Abrictosaurus,Jurassic Rimworld - Dinosaurs Only (Continued),2.5,dormant,17,0.5731,0.282,0.422,0.309,1.46
JRWAcrocanthosaurus,Acrocanthosaurus,Jurassic Rimworld - Dinosaurs Only (Continued),5.75,dormant,5,0.1036,0.514,0.391,0.395,1.429
JRWAdalia,Adalia,Jurassic Rimworld - Dinosaurs Only (Continued),1.5,dormant,4,0.0071,0.069,0.206,1.053,1.198
JRWAgilisaurus,Agilisaurus,Jurassic Rimworld - Dinosaurs Only (Continued),2.5,dormant,15,0.0748,0.248,0.366,0.309,1.454
JRWAlbertosaurus,Albertosaurus,Jurassic Rimworld - Dinosaurs Only (Continued),3.5,dormant,15,0.0889,0.356,0.219,0.382,1.312
JRWAllosaurus,Allosaurus,Jurassic Rimworld - Dinosaurs Only (Continued),5.75,dormant,15,0.0332,0.709,0.264,0.333,1.473
JRWAnkylosaurus,Ankylosaurus,Jurassic Rimworld - Dinosaurs Only (Continued),5,dormant,6,0.9076,0.219,0.189,0.708,1.389
JRWAntarctopelta,Antarctopelta,Jurassic Rimworld - Dinosaurs Only (Continued),5,dormant,15,0.0515,0.431,0.357,0.48,1.305
JRWApatosaurus,Apatosaurus,Jurassic Rimworld - Dinosaurs Only (Continued),5.75,dormant,13,0.318,0.155,0.34,0.427,1.244
JRWArchaeopteryx,Archaeopteryx,Jurassic Rimworld - Dinosaurs Only (Continued),1.5,ours,22,0.0723,0.39,0.455,0.623,1.134
JRWArgentinosaurus,Argentinosaurus,Jurassic Rimworld - Dinosaurs Only (Continued),5.75,dormant,23,0.1977,0.545,0.318,0.421,1.233
JRWArthropleura,Arthropleura,Jurassic Rimworld - Dinosaurs Only (Continued),4.5,ours,4,0.0592,0.242,0.26,0.456,1.12
JRWBagaceratops,Bagaceratops,Jurassic Rimworld - Dinosaurs Only (Continued),2,ours,5,0.1375,0.327,0.411,0.364,1.272
JRWBaryonyx,Baryonyx,Jurassic Rimworld - Dinosaurs Only (Continued),3.5,dormant,21,0.0877,0.143,0.326,0.288,1.467
JRWBaseopsis,Baseopsis,Jurassic Rimworld - Dinosaurs Only (Continued),3,ours,16,0.8385,0.195,0.296,0.462,2.097
JRWBecklespinax,Becklespinax,Jurassic Rimworld - Dinosaurs Only (Continued),3.5,dormant,23,0.2182,0.472,0.4,0.375,1.315
JRWBeelzebufo,Beelzebufo,Jurassic Rimworld - Dinosaurs Only (Continued),1.5,foreign,17,0.3741,0.382,0.547,0.695,1.066
JRWBernicia,Bernicia,Jurassic Rimworld - Dinosaurs Only (Continued),1.5,foreign,4,0.0857,0.088,0.114,0.764,1.135
JRWBrachiosaurus,Brachiosaurus,Jurassic Rimworld - Dinosaurs Only (Continued),5.75,dormant,5,0.122,0.245,0.469,0.365,1.336
JRWBrachytrachelopan,Brachytrachelopan,Jurassic Rimworld - Dinosaurs Only (Continued),5.75,ours,15,0.062,0.721,0.334,0.425,1.302
JRWCaihong,Caihong,Jurassic Rimworld - Dinosaurs Only (Continued),1.5,ours,3,0.0182,0.375,0.321,0.72,1.042
JRWCamarasaurus,Camarasaurus,Jurassic Rimworld - Dinosaurs Only (Continued),5.75,dormant,23,0.1983,0.396,0.268,0.379,1.34
JRWCamptosaurus,Camptosaurus,Jurassic Rimworld - Dinosaurs Only (Continued),5,dormant,3,0.0331,0.293,0.344,0.387,1.264
JRWCarcharodontosaurus,Carcharodontosaurus,Jurassic Rimworld - Dinosaurs Only (Continued),5.75,dormant,4,0.0666,0.164,0.123,0.298,1.646
JRWCarnotaurus,Carnotaurus,Jurassic Rimworld - Dinosaurs Only (Continued),3.5,dormant,15,0.0648,0.69,0.286,0.354,1.289
JRWCeratosaurus,Ceratosaurus,Jurassic Rimworld - Dinosaurs Only (Continued),3.5,dormant,5,0.0657,0.27,0.292,0.324,1.444
JRWCoahuilaceratops,Coahuilaceratops,Jurassic Rimworld - Dinosaurs Only (Continued),5,dormant,4,0.0662,0.203,0.369,0.533,1.187
JRWCoelophysis,Coelophysis,Jurassic Rimworld - Dinosaurs Only (Continued),1.5,dormant,1,0.3211,0.199,0.252,0.255,1.584
JRWCompsognathus,Compsognathus,Jurassic Rimworld - Dinosaurs Only (Continued),0.5,dormant,23,0.2186,0.564,0.283,0.347,1.436
JRWCorythosaurus,Corythosaurus,Jurassic Rimworld - Dinosaurs Only (Continued),5,dormant,5,0.1202,0.501,0.301,0.342,1.332
JRWCryolophosaurus,Cryolophosaurus,Jurassic Rimworld - Dinosaurs Only (Continued),3.5,dormant,5,0.0591,0.428,0.375,0.268,1.586
JRWCyclosphaeroma,Cyclosphaeroma,Jurassic Rimworld - Dinosaurs Only (Continued),1.5,dormant,22,0.1404,0.388,0.416,0.85,1.166
JRWDeinonychus,Deinonychus,Jurassic Rimworld - Dinosaurs Only (Continued),4,dormant,20,0.4472,0.551,0.378,0.359,1.377
JRWDeinosuchus,Deinosuchus,Jurassic Rimworld - Dinosaurs Only (Continued),5,dormant,15,0.0256,0.616,0.397,0.321,1.379
JRWDesmatosuchus,Desmatosuchus,Jurassic Rimworld - Dinosaurs Only (Continued),3.5,dormant,23,0.2026,0.681,0.152,0.486,1.317
JRWDilophosaurus,Dilophosaurus,Jurassic Rimworld - Dinosaurs Only (Continued),1.5,foreign,2,0.0855,0.457,0.201,1.024,1.329
JRWDimetrodon,Dimetrodon,Jurassic Rimworld - Dinosaurs Only (Continued),3.5,dormant,1,0.2779,0.375,0.197,0.378,1.38
JRWDinilysia,dinilysia,Jurassic Rimworld - Dinosaurs Only (Continued),1.5,dormant,5,0.0948,0.604,0.563,0.766,1.458
JRWDiplocaulus,Diplocaulus,Jurassic Rimworld - Dinosaurs Only (Continued),1.5,foreign,15,0.0346,0.478,0.398,0.805,1.287
JRWDracorex,Dracorex,Jurassic Rimworld - Dinosaurs Only (Continued),4,dormant,15,0.0664,0.244,0.319,0.333,1.46
JRWDrinker,Drinker,Jurassic Rimworld - Dinosaurs Only (Continued),2.5,dormant,1,0.2674,0.174,0.382,0.309,1.454
JRWDromaeosaurus,Dromaeosaurus,Jurassic Rimworld - Dinosaurs Only (Continued),4,dormant,15,0.0741,0.26,0.333,0.308,1.601
JRWDryosaurus,Dryosaurus,Jurassic Rimworld - Dinosaurs Only (Continued),2.5,dormant,5,0.1407,0.461,0.476,0.309,1.454
JRWEdaphosaurus,Edaphosaurus,Jurassic Rimworld - Dinosaurs Only (Continued),3.5,dormant,4,0.9595,0.205,0.295,0.324,1.359
JRWEdmontosaurus,Edmontosaurus,Jurassic Rimworld - Dinosaurs Only (Continued),5,dormant,5,0.1359,0.642,0.302,0.333,1.329
JRWEnigmosaurus,Enigmosaurus,Jurassic Rimworld - Dinosaurs Only (Continued),4.5,dormant,4,0.0639,0.212,0.296,0.412,1.324
JRWEstemmenosuchus,Estemmenosuchus,Jurassic Rimworld - Dinosaurs Only (Continued),5,dormant,13,0.2355,0.306,0.216,0.614,1.082
JRWEuoplocephalus,Euoplocephalus,Jurassic Rimworld - Dinosaurs Only (Continued),5,ours,15,0.0792,0.244,0.485,0.477,1.255
JRWEuphoberia,Euphoberia,Jurassic Rimworld - Dinosaurs Only (Continued),1.5,ours,5,0.1473,0.495,0.343,0.205,1.373
JRWGallimimus,Gallimimus,Jurassic Rimworld - Dinosaurs Only (Continued),4,dormant,5,0.1005,0.618,0.536,0.39,1.22
JRWGasosaurus,Gasosaurus,Jurassic Rimworld - Dinosaurs Only (Continued),3.5,dormant,4,0.0207,0.191,0.221,0.377,1.344
JRWGeosternbergia,Geosternbergia,Jurassic Rimworld - Dinosaurs Only (Continued),2.5,ours,9,0.1045,0.384,0.448,0.874,2.614
JRWGeralinura,Geralinura,Jurassic Rimworld - Dinosaurs Only (Continued),1.5,ours,9,0.0416,0.244,0.306,0.652,2.147
JRWGiganotosaurus,Giganotosaurus,Jurassic Rimworld - Dinosaurs Only (Continued),5.75,dormant,16,0.706,0.201,0.282,0.414,1.358
JRWGigantophis,gigantophis,Jurassic Rimworld - Dinosaurs Only (Continued),3.5,dormant,3,0.9861,0.452,0.555,0.703,1.582
JRWGorgonops,Gorgonops,Jurassic Rimworld - Dinosaurs Only (Continued),2,ours,3,0.0217,0.362,0.308,0.576,1.019
JRWHalszkaraptor,Halszkaraptor,Jurassic Rimworld - Dinosaurs Only (Continued),1.5,dormant,4,0.9988,0.206,0.126,0.395,1.245
JRWHolcorobeus,Holcorobeus,Jurassic Rimworld - Dinosaurs Only (Continued),1.5,dormant,16,0.6633,0.408,0.236,0.767,1.073
JRWHomalocephale,Homalocephale,Jurassic Rimworld - Dinosaurs Only (Continued),4,dormant,4,0.9932,0.155,0.323,0.485,1.167
JRWHylonomus,Hylonomus,Jurassic Rimworld - Dinosaurs Only (Continued),1.5,dormant,5,0.0868,0.684,0.384,0.329,1.41
JRWHynerpeton,Hynerpeton,Jurassic Rimworld - Dinosaurs Only (Continued),1.5,foreign,5,0.1456,0.376,0.438,0.493,1.179
JRWHypsilophodon,Hypsilophodon,Jurassic Rimworld - Dinosaurs Only (Continued),1.5,dormant,12,0.3932,0.377,0.288,0.371,1.391
JRWIndominus,Indominus rex,Jurassic Rimworld - Dinosaurs Only (Continued),5,dormant,0,0.0663,0.024,0.512,0.31,1.478
JRWIndoraptor,Indoraptor,Jurassic Rimworld - Dinosaurs Only (Continued),5,dormant,21,0.1323,0.061,0.125,0.39,1.335
JRWIschigualastia,Ischigualastia,Jurassic Rimworld - Dinosaurs Only (Continued),5,ours,15,0.0765,0.788,0.353,0.766,0.983
JRWKaprosuchus,Kaprosuchus,Jurassic Rimworld - Dinosaurs Only (Continued),3.5,dormant,15,0.084,0.744,0.369,0.265,1.488
JRWKentrosaurus,Kentrosaurus,Jurassic Rimworld - Dinosaurs Only (Continued),5,dormant,5,0.1202,0.542,0.472,0.481,1.486
JRWKileskus,Kileskus,Jurassic Rimworld - Dinosaurs Only (Continued),2,dormant,15,0.064,0.281,0.214,0.227,1.79
JRWKosmoceratops,Kosmoceratops,Jurassic Rimworld - Dinosaurs Only (Continued),5,dormant,6,0.8155,0.098,0.212,0.543,1.008
JRWLycaenops,Lycaenops,Jurassic Rimworld - Dinosaurs Only (Continued),2,dormant,5,0.0932,0.593,0.385,0.314,1.284
JRWMacrelcana,Macrelcana,Jurassic Rimworld - Dinosaurs Only (Continued),1.5,foreign,9,0.0983,0.46,0.321,0.62,2.484
JRWManipulator,Manipulator,Jurassic Rimworld - Dinosaurs Only (Continued),1.5,foreign,15,0.0783,0.54,0.241,0.467,2.384
JRWMeganeura,Meganeura,Jurassic Rimworld - Dinosaurs Only (Continued),1.5,foreign,20,0.3582,0.278,0.381,1.652,2.608
JRWMetriacanthosaurus,Metriacanthosaurus,Jurassic Rimworld - Dinosaurs Only (Continued),3.5,dormant,5,0.1107,0.567,0.443,0.356,1.317
JRWMicroceratus,Microceratus,Jurassic Rimworld - Dinosaurs Only (Continued),1.5,dormant,5,0.1375,0.522,0.341,0.328,1.426
JRWMochlodon,Mochlodon,Jurassic Rimworld - Dinosaurs Only (Continued),5,dormant,5,0.0924,0.601,0.411,0.427,1.249
JRWNanuqsaurus,Nanuqsaurus,Jurassic Rimworld - Dinosaurs Only (Continued),3.5,dormant,18,0.0405,0.0,0.586,0.301,1.428
JRWNasutoceratops,Nasutoceratops,Jurassic Rimworld - Dinosaurs Only (Continued),5,dormant,15,0.0502,0.68,0.304,0.595,1.008
JRWNyctosaurus,Nyctosaurus,Jurassic Rimworld - Dinosaurs Only (Continued),4,ours,9,0.9844,0.172,0.224,0.677,2.752
JRWOphiacodon,Ophiacodon,Jurassic Rimworld - Dinosaurs Only (Continued),3.5,dormant,16,0.5363,0.339,0.3,0.329,1.371
JRWOrnithosuchus,Ornithosuchus,Jurassic Rimworld - Dinosaurs Only (Continued),3.5,dormant,8,0.6196,0.304,0.259,0.329,1.267
JRWOuranosaurus,Ouranosaurus,Jurassic Rimworld - Dinosaurs Only (Continued),5,dormant,5,0.1155,0.374,0.224,0.318,1.469
JRWOviraptor,Oviraptor,Jurassic Rimworld - Dinosaurs Only (Continued),4,dormant,8,0.6672,0.194,0.375,0.313,1.548
JRWPachycephalosaurus,Pachycephalosaurus,Jurassic Rimworld - Dinosaurs Only (Continued),4,dormant,16,0.6255,0.105,0.355,0.446,1.186
JRWPachyrhinosaurus,Pachyrhinosaurus,Jurassic Rimworld - Dinosaurs Only (Continued),5,dormant,4,0.1003,0.273,0.371,0.521,1.055
JRWParasaurolophus,Parasaurolophus,Jurassic Rimworld - Dinosaurs Only (Continued),5,dormant,5,0.1009,0.499,0.364,0.354,1.336
JRWParksosaurus,Parksosaurus,Jurassic Rimworld - Dinosaurs Only (Continued),1.5,dormant,6,0.7662,0.162,0.361,0.398,1.307
JRWPlatyhystrix,Platyhystrix,Jurassic Rimworld - Dinosaurs Only (Continued),1.5,foreign,5,0.1199,0.583,0.501,0.545,1.179
JRWPrestosuchus,Prestosuchus,Jurassic Rimworld - Dinosaurs Only (Continued),3.5,dormant,5,0.1566,0.621,0.379,0.288,1.398
JRWProtoceratops,Protoceratops,Jurassic Rimworld - Dinosaurs Only (Continued),2,dormant,8,0.5658,0.356,0.4,0.349,1.357
JRWProtosolpuga,Protosolpuga,Jurassic Rimworld - Dinosaurs Only (Continued),1.5,ours,15,0.0385,0.429,0.248,0.921,1.812
JRWProtovermes,Protovermes,Jurassic Rimworld - Dinosaurs Only (Continued),0.20000000298023224,dormant,3,0.9947,0.73,0.302,0.508,1.003
JRWPsittacosaurus,Psittacosaurus,Jurassic Rimworld - Dinosaurs Only (Continued),1.5,dormant,16,0.5912,0.34,0.22,0.333,1.356
JRWPteranodon,Pteranodon,Jurassic Rimworld - Dinosaurs Only (Continued),2.5,ours,9,0.1207,0.087,0.257,0.747,2.523
JRWPulmonoscorpius,Pulmonoscorpius,Jurassic Rimworld - Dinosaurs Only (Continued),1.5,foreign,15,0.0499,0.633,0.352,0.631,2.071
JRWQantassaurus,Qantassaurus,Jurassic Rimworld - Dinosaurs Only (Continued),1.5,ours,5,0.1205,0.333,0.352,0.437,1.25
JRWQuetzalcoatlus,Quetzalcoatlus,Jurassic Rimworld - Dinosaurs Only (Continued),5,ours,4,0.0278,0.14,0.208,0.909,1.625
JRWRajasaurus,Rajasaurus,Jurassic Rimworld - Dinosaurs Only (Continued),3.5,dormant,15,0.0401,0.594,0.426,0.341,1.355
JRWRhabdodon,Rhabdodon,Jurassic Rimworld - Dinosaurs Only (Continued),5,dormant,15,0.11,0.482,0.307,0.403,1.283
JRWRhamphorhynchus,Rhamphorhynchus,Jurassic Rimworld - Dinosaurs Only (Continued),2.5,dormant,23,0.161,0.51,0.223,0.896,2.356
JRWSaltasaurus,Saltasaurus,Jurassic Rimworld - Dinosaurs Only (Continued),4.5,dormant,23,0.1483,0.373,0.28,0.378,1.384
JRWSarcosuchus,Sarcosuchus,Jurassic Rimworld - Dinosaurs Only (Continued),5,dormant,19,0.5409,0.294,0.397,0.316,1.406
JRWScutosaurus,Scutosaurus,Jurassic Rimworld - Dinosaurs Only (Continued),5,dormant,22,0.0799,0.506,0.35,0.729,1.055
JRWSegnosaurus,Segnosaurus,Jurassic Rimworld - Dinosaurs Only (Continued),4.5,dormant,19,0.5253,0.399,0.412,0.442,1.274
JRWSpinosaurus,Spinosaurus,Jurassic Rimworld - Dinosaurs Only (Continued),5.75,dormant,15,0.0538,0.4,0.292,0.397,1.374
JRWStaurikosaurus,Staurikosaurus,Jurassic Rimworld - Dinosaurs Only (Continued),4,dormant,5,0.0932,0.517,0.336,0.361,1.429
JRWStegosaurus,Stegosaurus,Jurassic Rimworld - Dinosaurs Only (Continued),5,dormant,23,0.1914,0.376,0.368,0.479,1.419
JRWStygimoloch,Stygimoloch,Jurassic Rimworld - Dinosaurs Only (Continued),4,dormant,5,0.093,0.37,0.352,0.348,1.365
JRWStyracosaurus,Styracosaurus,Jurassic Rimworld - Dinosaurs Only (Continued),5,dormant,23,0.1823,0.298,0.273,0.661,1.014
JRWSuchomimus,Suchomimus,Jurassic Rimworld - Dinosaurs Only (Continued),3.5,dormant,4,0.0355,0.142,0.255,0.3,1.455
JRWSupersaurus,Supersaurus,Jurassic Rimworld - Dinosaurs Only (Continued),5.75,dormant,1,0.2931,0.226,0.201,0.413,1.24
JRWTanystropheus,Tanystropheus,Jurassic Rimworld - Dinosaurs Only (Continued),3.5,dormant,12,0.4105,0.466,0.344,0.329,1.333
JRWTenontosaurus,Tenontosaurus,Jurassic Rimworld - Dinosaurs Only (Continued),5,dormant,4,0.0763,0.274,0.13,0.341,1.395
JRWTermitotron,Termitotron,Jurassic Rimworld - Dinosaurs Only (Continued),3,dormant,15,0.0637,0.737,0.523,0.84,1.771
JRWTherizinosaurus,Therizinosaurus,Jurassic Rimworld - Dinosaurs Only (Continued),4.5,dormant,23,0.2449,0.252,0.239,0.421,1.265
JRWTitanoboa,titanoboa,Jurassic Rimworld - Dinosaurs Only (Continued),3.5,dormant,2,0.2508,0.55,0.627,0.763,1.524
JRWTorosaurus,Torosaurus,Jurassic Rimworld - Dinosaurs Only (Continued),5,dormant,22,0.1174,0.249,0.455,0.608,0.991
JRWTriceratops,Triceratops,Jurassic Rimworld - Dinosaurs Only (Continued),5,dormant,21,0.105,0.244,0.383,0.762,0.968
JRWTroodon,Troodon,Jurassic Rimworld - Dinosaurs Only (Continued),4,dormant,4,0.1843,0.18,0.262,0.257,1.808
JRWTupandactylus,Tupandactylus,Jurassic Rimworld - Dinosaurs Only (Continued),2.5,dormant,9,0.0272,0.045,0.197,0.642,2.875
JRWTyrannosaurus,Tyrannosaurus rex,Jurassic Rimworld - Dinosaurs Only (Continued),5.75,dormant,15,0.0841,0.517,0.229,0.413,1.258
JRWUdanoceratops,Udanoceratops,Jurassic Rimworld - Dinosaurs Only (Continued),2,dormant,23,0.1566,0.535,0.289,0.429,1.126
JRWValdosaurus,Valdosaurus,Jurassic Rimworld - Dinosaurs Only (Continued),1.5,dormant,10,0.9002,0.251,0.174,0.471,1.195
JRWVelociraptor,Velociraptor,Jurassic Rimworld - Dinosaurs Only (Continued),4,dormant,15,0.0612,0.26,0.348,0.32,1.596
JRWWonambi,wonambi,Jurassic Rimworld - Dinosaurs Only (Continued),1.5,dormant,8,0.6112,0.252,0.411,0.755,1.452
JRWYangchuanosaurus,Yangchuanosaurus,Jurassic Rimworld - Dinosaurs Only (Continued),5.75,dormant,8,0.5864,0.509,0.325,0.338,1.445
JRWYi,Yi,Jurassic Rimworld - Dinosaurs Only (Continued),1.5,dormant,15,0.056,0.653,0.318,0.658,1.56
JRWYurlunggur,yurlunggur,Jurassic Rimworld - Dinosaurs Only (Continued),1.5,dormant,23,0.1927,0.425,0.33,0.763,1.45
JRWYutyrannus,Yutyrannus,Jurassic Rimworld - Dinosaurs Only (Continued),3.5,dormant,19,0.5187,0.341,0.385,0.348,1.398
JRWZalmoxes,Zalmoxes,Jurassic Rimworld - Dinosaurs Only (Continued),5,dormant,15,0.0592,0.73,0.458,0.447,1.205
JRWZephyrosaurus,Zephyrosaurus,Jurassic Rimworld - Dinosaurs Only (Continued),1.5,dormant,21,0.3743,0.302,0.278,0.402,1.283
Jakobeast,jakobeast,Star Wars Animal Collection (Continued),2.5999999046325684,ours,0,0.038,0.06,0.612,0.783,0.958
Jamel,Jamel,Star Wars Animal Collection (Continued),1.899999976158142,ours,22,0.108,0.456,0.593,0.512,1.029
Jerbal,jerbal,Beasts of the Rim (Continued),1.899999976158142,ours,22,0.1143,0.432,0.558,0.983,1.285
Jimvu,jimvu,Star Wars Animal Collection (Continued),2,ours,18,0.6069,0.183,0.655,0.417,1.163
Josephoartigasia,josephoartigasia,Megafauna,4,dormant,22,0.1006,0.315,0.431,0.778,0.96
JungleRancor,Jungle Rancor,Star Wars Animal Collection (Continued),15,foreign,9,0.2854,0.063,0.432,0.973,1.631
Kaadu,kaadu,Star Wars Animal Collection (Continued),1.5,ours,11,0.0913,0.342,0.777,0.549,1.075
Katarn,katarn,Star Wars Animal Collection (Continued),4,ours,5,0.1265,0.379,0.423,0.506,1.134
KellDragon,kell dragon,Star Wars Animal Collection (Continued),4,ours,21,0.1255,0.223,0.261,1.282,1.068
KingToad,king toad,Giant Toads (Continued),4,dormant,22,0.0774,0.51,0.453,1.165,1.211
Kinrath,kinrath,Star Wars Animal Collection (Continued),1.2000000476837158,ours,9,0.1,0.47,0.457,1.066,2.013
Klorslug,k'lor'slug,Star Wars Animal Collection (Continued),1.5,ours,15,0.0449,0.462,0.404,0.702,1.841
KowakianMonkeyLizard,kowakian monkey-lizard,Star Wars Animal Collection (Continued),0.3499999940395355,ours,9,0.0726,0.468,0.527,0.88,1.789
KraytDragon,krayt dragon,Star Wars Animal Collection (Continued),12,ours,5,0.0885,0.503,0.387,0.615,1.368
Kreetle,kreetle,Star Wars Animal Collection (Continued),0.20000000298023224,ours,22,0.0527,0.541,0.4,0.628,1.088
Krykna,krykna,Star Wars Animal Collection (Continued),0.800000011920929,ours,9,0.0755,0.049,0.384,1.473,2.256
KwazelMaw,kwazel maw,Star Wars Animal Collection (Continued),4,ours,22,0.1398,0.277,0.551,0.493,1.135
Kwi,Kwi,Star Wars Animal Collection (Continued),3,ours,19,0.5588,0.773,0.592,0.409,1.323
Kybuck,kybuck,Star Wars Animal Collection (Continued),1,ours,14,0.0502,0.33,0.271,0.628,1.194
LabradorRetriever,labrador retriever,Core,0.75,dormant,12,0.8333,0.063,0.532,0.462,1.211
Larva,larva,Odyssey,0.20000000298023224,dormant,12,0.8333,0.029,0.488,0.81,0.898
LavaFlea,lava flea,Star Wars Animal Collection (Continued),2.4000000953674316,ours,10,0.7702,0.18,0.233,1.15,1.578
LavaSnail,lava snail,Odyssey,0.8999999761581421,ours,14,0.0338,0.358,0.283,0.5,1.031
Leaftail,leaf-tail,Star Wars Animal Collection (Continued),0.20000000298023224,ours,23,0.1972,0.363,0.435,0.468,1.098
Ling_Cockroach,Giant Cockroach,Rim cockroach,2,ours,9,0.0387,0.515,0.414,0.667,2.905
Ling_Cockroach_Mechanoid,Mechanical Cockroach,Rim cockroach,2,dormant,9,0.2216,0.038,0.488,0.696,2.903
Locust,locust,Odyssey,0.6000000238418579,dormant,12,0.8333,0.083,0.514,0.543,1.01
LongtailGorg,longtail gorg,Star Wars Animal Collection (Continued),0.6000000238418579,ours,10,0.7471,0.359,0.422,0.382,1.388
LothWolf,loth-wolf,Star Wars Animal Collection (Continued),3.5,ours,11,0.0919,0.03,0.548,0.393,1.296
Lothcat,loth-cat,Star Wars Animal Collection (Continued),0.3499999940395355,ours,11,0.097,0.113,0.519,0.543,1.153
Lylek,lylek,Star Wars Animal Collection (Continued),5,ours,5,0.1484,0.55,0.315,0.586,1.767
Lynx,lynx,Core,0.6000000238418579,ours,12,0.8333,0.044,0.587,0.436,1.258
MA_Aminox,aminox,Mythic Ages: Megafauna Bestiary,3,foreign,4,0.0467,0.178,0.304,0.667,1.065
MA_Capryak,Capryak,Mythic Ages: Megafauna Bestiary,3,dormant,11,0.119,0.13,0.555,0.639,1.053
MA_Deermoss,deermoss,Mythic Ages: Megafauna Bestiary,2.5,foreign,23,0.1857,0.549,0.349,1.039,2.327
MA_Direhorse,direhorse,Mythic Ages: Megafauna Bestiary,2.200000047683716,dormant,14,0.0658,0.41,0.433,0.571,1.018
MA_Dunbear,dunbear,Mythic Ages: Megafauna Bestiary,4,dormant,4,0.0539,0.324,0.268,0.744,1.01
MA_Duskhorn,duskhorn,Mythic Ages: Megafauna Bestiary,3,dormant,14,0.0212,0.372,0.279,0.775,1.153
MA_Furpotamus,furpotamus,Mythic Ages: Megafauna Bestiary,3.5999999046325684,dormant,4,0.0283,0.267,0.291,0.786,0.926
MA_Gnaut,gnaut,Mythic Ages: Megafauna Bestiary,1.5,foreign,21,0.0864,0.423,0.233,0.539,1.113
MA_Harpeagle,harpeagle,Mythic Ages: Megafauna Bestiary,2.5,dormant,14,0.0738,0.456,0.485,0.852,1.003
MA_Hellboar,Hellboar,Mythic Ages: Megafauna Bestiary,3,ours,21,0.0737,0.224,0.356,0.632,1.004
MA_Manehound,manehound,Mythic Ages: Megafauna Bestiary,2.1500000953674316,dormant,11,0.0964,0.14,0.646,0.578,1.294
MA_Narkospider,narkospider,Mythic Ages: Megafauna Bestiary,1.899999976158142,dormant,4,0.9804,0.17,0.225,0.622,1.67
MA_Plastemmoth,Plastemmoth,Mythic Ages: Megafauna Bestiary,3.700000047683716,dormant,20,0.4259,0.114,0.388,0.688,1.963
MA_PlastemmothAlpha,Plastemmoth alpha,Mythic Ages: Megafauna Bestiary,4.599999904632568,dormant,20,0.4465,0.104,0.279,0.684,2.007
MA_Raptorkhan,raptorkhan,Mythic Ages: Megafauna Bestiary,2.0999999046325684,ours,16,0.7075,0.242,0.289,0.694,1.114
MA_Scarodon,scarodon,Mythic Ages: Megafauna Bestiary,3.0999999046325684,dormant,15,0.0515,0.683,0.359,0.581,1.114
MA_Simbakub,Simbakub,Mythic Ages: Megafauna Bestiary,1.7000000476837158,dormant,21,0.0827,0.141,0.253,0.548,1.124
MA_SimbakubAlpha,Simbakub Alpha,Mythic Ages: Megafauna Bestiary,2.200000047683716,dormant,21,0.0817,0.16,0.19,0.545,1.126
MA_Sivatherium,sivatherium,Mythic Ages: Megafauna Bestiary,3.299999952316284,ours,22,0.0923,0.316,0.424,0.77,1.122
MA_Sporemole,Sporemole,Mythic Ages: Megafauna Bestiary,1.7999999523162842,foreign,4,0.0707,0.27,0.255,0.537,1.132
MA_Worhin,worhin,Mythic Ages: Megafauna Bestiary,4,ours,22,0.086,0.387,0.448,0.775,0.958
MO_AbominationRace,Abomination,Mo'Events (Continued),2,dormant,11,0.0673,0.293,0.624,0.675,1.029
Maalraas,maalraas,Star Wars Animal Collection (Continued),2,ours,15,0.0696,0.318,0.308,0.374,1.431
Macaw,macaw,Odyssey,0.3499999940395355,dormant,14,0.02,0.542,0.358,0.667,1.002
Macrauchenia,macrauchenia,Megafauna,4,ours,5,0.1065,0.46,0.367,0.5,1.213
Mandrill,mandrill,Beasts of the Rim (Continued),1,dormant,10,0.0117,0.143,0.316,0.675,1.29
MandrillMan,mandrill man,Beasts of the Rim (Continued),1,dormant,11,0.0317,0.292,0.316,0.512,1.108
Manka,manka,Star Wars Animal Collection (Continued),3,ours,15,0.0815,0.643,0.366,0.745,1.196
MarshHaunt,marsh haunt,Star Wars Animal Collection (Continued),2.5,ours,20,0.4737,0.164,0.431,0.854,1.011
Massiff,massiff,Star Wars Animal Collection (Continued),0.8500000238418579,ours,21,0.0877,0.224,0.285,0.727,1.1
MastiffPhalone,mastiff phalone,Star Wars Animal Collection (Continued),2,ours,16,0.688,0.288,0.255,0.543,1.122
Mastmot,mastmot,Star Wars Animal Collection (Continued),6,ours,11,0.1146,0.089,0.783,0.604,1.104
Mastodon,mastodon,Odyssey,4.5,dormant,14,0.0739,0.458,0.387,0.652,1.094
Mawvorr,mawvorr,Star Wars Animal Collection (Continued),2.5,ours,19,0.6325,0.554,0.461,0.647,1.302
Mech_Agrihand,agrihand,Biotech,0.699999988079071,dormant,21,0.1753,0.205,0.471,0.624,1.109
Mech_Apocriton,apocriton,Biotech,1,dormant,13,0.1784,0.097,0.295,0.781,1.389
Mech_CentipedeBlaster,centipede blaster,Core,3,dormant,13,0.2116,0.085,0.386,0.854,1.053
Mech_CentipedeBurner,centipede burner,Core,3,dormant,13,0.1636,0.105,0.392,0.864,1.053
Mech_CentipedeGunner,centipede gunner,Core,3,dormant,13,0.2242,0.068,0.38,0.874,1.054
Mech_Centurion,centurion,Biotech,3.5999999046325684,dormant,13,0.2309,0.085,0.39,0.949,0.976
Mech_Cleansweeper,cleansweeper,Biotech,0.30000001192092896,dormant,13,0.2021,0.098,0.454,0.778,0.988
Mech_Constructoid,constructoid,Biotech,0.699999988079071,dormant,13,0.1691,0.13,0.406,1.268,0.989
Mech_Cyclops,cyclops,Odyssey,1,dormant,13,0.2224,0.088,0.402,0.8,1.341
Mech_Diabolus,diabolus,Biotech,4,dormant,13,0.1535,0.116,0.454,1.01,1.109
Mech_Fabricor,fabricor,Biotech,0.699999988079071,dormant,13,0.2136,0.086,0.37,0.711,1.027
Mech_Lancer,lancer,Core,1,dormant,13,0.2079,0.089,0.41,0.587,1.174
Mech_Legionary,legionary,Biotech,1,dormant,13,0.2143,0.092,0.461,0.826,1.035
Mech_Lifter,lifter,Biotech,0.699999988079071,dormant,13,0.2131,0.082,0.408,0.702,1.164
Mech_Militor,militor,Biotech,0.699999988079071,dormant,13,0.2134,0.098,0.439,0.581,1.094
Mech_Paramedic,paramedic,Biotech,0.699999988079071,dormant,13,0.2331,0.075,0.467,0.842,1.106
Mech_Pikeman,pikeman,Core,1,dormant,13,0.2107,0.094,0.415,1.385,1.143
Mech_Scorcher,scorcher,Biotech,1,dormant,13,0.1983,0.093,0.41,0.631,0.999
Mech_Scyther,scyther,Core,1,dormant,13,0.2156,0.077,0.344,0.465,1.269
Mech_Termite,termite,Core,1.600000023841858,dormant,13,0.205,0.088,0.499,0.673,1.017
Mech_Tesseron,tesseron,Biotech,1,dormant,13,0.2086,0.076,0.353,0.516,1.221
Mech_Tunneler,tunneler,Biotech,3.5,dormant,13,0.2202,0.097,0.451,1.068,0.992
Mech_WarUrchin,war urchin,Biotech,0.699999988079071,dormant,13,0.2163,0.066,0.455,0.912,0.943
Mech_Warqueen,war queen,Biotech,4,dormant,13,0.2241,0.088,0.417,0.673,1.123
Megalania,megalania,Megafauna,3,dormant,16,0.5837,0.206,0.351,0.688,1.119
Megaloceros,megaloceros,Megafauna,4,foreign,9,0.0706,0.203,0.398,1.512,2.141
Megalochelys,megalochelys,Megafauna,4.5,dormant,16,0.5931,0.129,0.406,1.698,0.954
Meganeura,meganeura,Megafauna,0.699999988079071,ours,9,0.5889,0.116,0.525,1.8,1.779
Megascarab,megascarab,Core,0.20000000298023224,ours,12,0.3333,0.047,0.576,0.586,1.191
Megasloth,megasloth,Core,4,ours,22,0.1012,0.349,0.549,0.495,1.136
Megaspider,megaspider,Core,1.2000000476837158,ours,12,0.8333,0.056,0.562,0.647,1.341
Megasquid,megasquid,Beasts of the Rim (Continued),4,foreign,5,0.0917,0.73,0.505,1.0,1.295
Megavole,megavole,Odyssey,0.800000011920929,foreign,14,0.0641,0.381,0.483,0.829,0.915
Metalhorror,metalhorror,Anomaly,1,dormant,4,0.0185,0.089,0.201,1.0,1.688
Mink,mink,Odyssey,0.3499999940395355,dormant,14,0.0698,0.545,0.243,0.596,1.041
MonitorLizard,monitor lizard,Odyssey,0.6000000238418579,dormant,4,0.0595,0.253,0.329,0.288,1.355
Monkey,monkey,Core,0.3499999940395355,ours,15,0.0452,0.497,0.384,0.375,1.333
Moose,moose,Odyssey,2.5,dormant,4,0.0765,0.302,0.311,1.127,1.196
Mott,mott,Star Wars Animal Collection (Continued),0.75,ours,0,0.074,0.156,0.658,0.547,1.078
Mudhorn,mudhorn,Star Wars Animal Collection (Continued),4,ours,4,0.0663,0.209,0.2,0.761,1.037
Muffalo,muffalo,Core,2.4000000953674316,ours,19,0.541,0.139,0.51,1.044,0.936
Muskox,muskox,Odyssey,2.5,dormant,21,0.0934,0.271,0.268,0.766,0.995
MutantCow,cow,Advanced Biomes (Continued),2,dormant,22,0.0876,0.45,0.361,0.789,1.224
Mynock,mynock,Star Wars Animal Collection (Continued),0.5,ours,9,0.1325,0.421,0.435,0.964,1.876
Narglatch,narglatch,Star Wars Animal Collection (Continued),4,ours,16,0.6135,0.324,0.212,0.635,1.186
Neanderthal,neanderthal,Beasts of the Rim (Continued),1,dormant,5,0.0865,0.557,0.573,0.446,1.223
Neebray,neebray,Star Wars Animal Collection (Continued),0.20000000298023224,ours,3,0.9462,0.464,0.436,0.909,1.06
Nerf,nerf,Star Wars Animal Collection (Continued),2,ours,0,0.0653,0.109,0.564,0.831,1.001
Nexu,nexu,Star Wars Animal Collection (Continued),2.5,ours,2,0.2771,0.049,0.471,0.722,1.482
Nociosphere,nociosphere,Anomaly,3.5999999046325684,dormant,14,0.0004,0.571,0.505,0.951,0.965
Noctol,noctol,Anomaly,1,dormant,16,0.5966,0.056,0.189,0.911,1.893
Nuna,nuna,Star Wars Animal Collection (Continued),0.6000000238418579,ours,16,0.5951,0.234,0.396,0.67,0.951
Ollopom,ollopom,Star Wars Animal Collection (Continued),0.6000000238418579,foreign,5,0.1236,0.403,0.523,0.467,1.305
Orray,orray,Star Wars Animal Collection (Continued),2,ours,22,0.0901,0.426,0.531,0.747,0.964
Ostrich,ostrich,Core,1,dormant,0,0.0091,0.095,0.684,0.947,1.079
Otter,otter,Odyssey,0.4000000059604645,dormant,16,0.6514,0.061,0.306,0.383,1.221
OuterRim_AstromechDroid,Astromech Droid,Outer Rim - Droid Depot,0.75,dormant,0,0.0,0.0,0.656,0.771,1.066
OuterRim_DUMDroid,DUM Repair Droid,Outer Rim - Droid Depot,0.75,dormant,0,0.0,0.0,0.499,0.545,1.273
OuterRim_DestroyerDroid,Destroyer Droid,Outer Rim - Droid Depot,1,dormant,0,0.9737,0.016,0.372,0.574,1.315
OuterRim_FX7Droid,fx-7 medical droid,Outer Rim - Droid Depot,0.75,dormant,21,0.1071,0.03,0.296,0.505,1.056
OuterRim_GNKDroid,GNK Power Droid,Outer Rim - Droid Depot,1,dormant,13,0.1762,0.0,0.617,0.674,1.028
OuterRim_MSEDroid,MSE Repair Droid,Outer Rim - Droid Depot,0.5,dormant,0,0.0,0.0,0.611,0.653,1.051
OuterRim_MuckrakerDroid,Muckraker Crab Droid,Outer Rim - Droid Depot,1.2000000476837158,dormant,0,0.0,0.002,0.68,1.105,1.525
OuterRim_SalvageAssistDroid,salvage assist droid,Outer Rim - Droid Depot,0.5,dormant,11,0.1042,0.009,0.631,0.988,1.035
PaintedSpat,painted spat,Star Wars Animal Collection (Continued),1.5,ours,0,0.0797,0.251,0.528,0.523,1.019
Palaeeudyptes,palaeeudyptes,Megafauna,2.799999952316284,dormant,15,0.0406,0.431,0.404,0.487,1.118
Panda,panda,Odyssey,1.5,dormant,12,0.3333,0.032,0.378,0.865,0.968
Panther,panther,Core,1,ours,12,0.3333,0.044,0.551,0.473,1.11
Paraceratherium,paraceratherium,Megafauna,15,dormant,12,0.3333,0.014,0.701,0.448,1.292
Peacock,peafowl,Odyssey,0.6000000238418579,dormant,17,0.4971,0.568,0.493,1.208,1.008
PekoPeko,Peko-peko,Star Wars Animal Collection (Continued),2.5,ours,8,0.6203,0.322,0.506,0.929,2.11
Penguin,penguin,Beasts of the Rim (Continued),0.699999988079071,dormant,11,0.138,0.029,0.645,0.677,1.157
Pig,pig,Core,1.7000000476837158,ours,12,0.3333,0.022,0.668,0.655,0.943
Pikobis,pikobis,Star Wars Animal Collection (Continued),0.6000000238418579,ours,18,0.5786,0.056,0.435,0.419,1.289
Platybelodon,platybelodon,Megafauna,4.5,ours,21,0.1095,0.237,0.276,0.744,1.007
PoisonButterfly,butterfly,Advanced Biomes (Continued),0.20000000298023224,ours,6,0.7673,0.275,0.279,0.984,1.244
PoisonDeer,deer,Advanced Biomes (Continued),0.8999999761581421,dormant,11,0.0917,0.114,0.531,0.57,1.411
PoisonRat,poison rat,Advanced Biomes (Continued),0.15000000596046448,ours,0,0.0686,0.099,0.569,0.369,1.337
Porcupine,porcupine,Odyssey,0.3499999940395355,dormant,21,0.0806,0.181,0.348,0.551,1.129
Porg,porg,Star Wars Animal Collection (Continued),0.18000000715255737,ours,0,0.0663,0.085,0.613,0.765,1.024
PrairieDog,prairie dog,Odyssey,0.20000000298023224,dormant,5,0.0922,0.504,0.496,0.438,1.179
Procoptodon,procoptodon,Megafauna,3,dormant,0,0.006,0.106,0.542,0.443,1.415
Prowler,prowler,Horrors (Continued),0.6000000238418579,dormant,3,0.9657,0.055,0.258,0.957,1.573
Pufferpig,Pufferpig,Star Wars Animal Collection (Continued),0.5,foreign,22,0.1241,0.54,0.656,0.726,0.986
Pulmonoscorpius,pulmonoscorpius,Megafauna,1.100000023841858,ours,6,0.7533,0.146,0.262,0.907,1.94
Purussaurus,purussaurus,Megafauna,10,dormant,20,0.4658,0.125,0.293,0.742,1.353
Qormot,qormot,Star Wars Animal Collection (Continued),1,ours,12,0.8223,0.024,0.65,0.869,1.047
Quail,quail,Odyssey,0.25,ours,16,0.5979,0.235,0.321,0.941,0.924
Quinkana,quinkana,Megafauna,3.5,dormant,23,0.2119,0.395,0.454,0.766,1.098
RG_Hemolope,hemolope,ReGrowth 2,2,dormant,3,0.0045,0.214,0.559,0.62,1.048
RG_KiwiBird,kiwi,ReGrowth 2,0.15000000596046448,dormant,4,0.0389,0.196,0.216,0.771,0.912
RG_Neutrolope,neutrolope,ReGrowth 2,2,dormant,19,0.4994,0.133,0.59,0.62,1.048
RG_Rabbit,rabbit,ReGrowth 2,0.20000000298023224,dormant,0,0.0,0.001,0.593,0.648,0.97
RG_Rimclaw,rimclaw,ReGrowth 2,1,ours,21,0.0831,0.182,0.228,0.829,1.207
RG_WoollyStegosaurus,woolly stegosaurus,ReGrowth 2,4,dormant,16,0.6262,0.268,0.376,0.57,1.34
Rabbuck,rabbuck,Beasts of the Rim (Continued),0.8999999761581421,foreign,5,0.0927,0.526,0.506,0.419,1.528
Raccoon,raccoon,Core,0.4000000059604645,ours,12,0.3333,0.061,0.511,0.511,1.119
Rancor,Rancor,Star Wars Animal Collection (Continued),6,ours,15,0.0559,0.5,0.467,1.009,1.235
Rat,brown rat,Core,0.20000000298023224,ours,0,0.0686,0.099,0.569,0.369,1.337
Raxshir,raxshir,Star Wars Animal Collection (Continued),3.5,ours,22,0.151,0.456,0.619,0.525,1.077
Reek,reek,Star Wars Animal Collection (Continued),3,ours,14,0.0538,0.509,0.407,1.0,0.91
Revenant,revenant,Anomaly,1,dormant,4,0.0098,0.046,0.202,0.533,1.173
Rhinoceros,rhinoceros,Core,3,ours,12,0.8333,0.038,0.383,1.049,0.909
Rikknit,rikknit,Star Wars Animal Collection (Continued),0.30000001192092896,foreign,14,0.0325,0.342,0.353,0.633,1.187
Roggwart,roggwart,Star Wars Animal Collection (Continued),5,ours,16,0.0131,0.103,0.253,0.5,1.304
Ronto,ronto,Star Wars Animal Collection (Continued),6,ours,5,0.0985,0.512,0.32,0.5,1.219
Runyip,runyip,Star Wars Animal Collection (Continued),1.5,ours,21,0.0878,0.104,0.377,0.833,1.175
Rycrit,rycrit,Star Wars Animal Collection (Continued),0.8500000238418579,ours,12,0.9894,0.012,0.67,0.58,1.181
SWPotF_RaceDef_ysalamir,ysalamir,Star Wars KotOR Resources and Materials,0.4000000059604645,dormant,5,0.0859,0.374,0.56,0.336,1.217
SW_Electricfish,Electricfish,Insectoids 2 - Isopoda geneline,1,dormant,16,0.5751,0.072,0.376,0.853,1.599
SW_Electricgryllotalpa,Electricgryllotalpa,Insectoids 2 - Isopoda geneline,1.5,dormant,17,0.4785,0.072,0.425,0.757,1.555
SW_Electrictick,Electrictick,Insectoids 2 - Isopoda geneline,0.25,dormant,17,0.5237,0.353,0.353,0.84,1.03
SW_Emperorisopod,Emperorisopod,Insectoids 2 - Isopoda geneline,5,dormant,16,0.6134,0.034,0.284,0.843,1.503
SW_Grenadierworm,Grenadierworm,Insectoids 2 - Isopoda geneline,2.5,dormant,16,0.5785,0.186,0.41,0.915,1.327
SW_Juggernautbeetles,Juggernautbeetles,Insectoids 2 - Isopoda geneline,3,dormant,4,0.9924,0.016,0.384,0.944,1.574
Scavrat,Scavrats,Star Wars Animal Collection (Continued),0.5,ours,14,0.0701,0.35,0.562,1.0,1.018
Scurrier,scurrier,Star Wars Animal Collection (Continued),0.20000000298023224,ours,11,0.0948,0.225,0.475,0.419,1.273
Scuttlebug,Space Worm,Space Worms (Continued),0.20000000298023224,dormant,2,0.0695,0.2,0.311,0.475,1.156
SeaLion,sea lion,Odyssey,1.2000000476837158,dormant,4,0.0726,0.251,0.291,0.708,1.219
SeaTurtle,sea turtle,Odyssey,0.5,dormant,14,0.0634,0.369,0.422,1.323,0.932
Seal,seal,Odyssey,0.800000011920929,dormant,11,0.0991,0.092,0.619,0.547,1.073
Shaak,shaak,Star Wars Animal Collection (Continued),2,ours,22,0.1092,0.339,0.61,0.628,0.952
Sheep,sheep,Core,0.75,dormant,0,0.0825,0.073,0.558,0.674,0.95
Shiro,shiro,Star Wars Animal Collection (Continued),0.5,ours,23,0.2141,0.638,0.337,1.035,0.928
ShiroTrap,shiro-trap,Star Wars Animal Collection (Continued),0.75,ours,14,0.046,0.361,0.363,0.663,1.385
ShortfacedBear,Short-faced bear,Megafauna,4.5,dormant,22,0.0939,0.224,0.4,0.972,0.992
Shyrack,shyrack,Star Wars Animal Collection (Continued),0.75,ours,9,0.0608,0.274,0.237,0.854,2.312
Sightstealer,sightstealer,Anomaly,0.800000011920929,dormant,2,0.9882,0.138,0.154,0.683,1.295
Silooth,silooth,Star Wars Animal Collection (Continued),3,ours,15,0.0632,0.534,0.493,0.942,1.399
Sivatherium,sivatherium ,Megafauna,8,ours,11,0.0891,0.136,0.565,0.5,1.493
Skalder,skalder,Star Wars Animal Collection (Continued),4,ours,17,0.4411,0.11,0.369,0.962,0.898
Sketto,sketto,Star Wars Animal Collection (Continued),0.4000000059604645,ours,9,0.1839,0.223,0.495,0.857,2.735
Smilodon,smilodon,Megafauna,2.5,dormant,0,0.0862,0.196,0.469,0.512,1.128
Snoruuk,snoruuk,Star Wars Animal Collection (Continued),0.5,ours,14,0.0488,0.665,0.524,0.851,1.228
Snowhare,snowhare,Core,0.20000000298023224,ours,0,0.0846,0.092,0.586,1.0,0.862
Sparrow,sparrow,Odyssey,0.11999999731779099,dormant,14,0.0796,0.216,0.29,0.857,0.894
Spelopede,spelopede,Core,0.800000011920929,ours,12,0.8333,0.054,0.419,0.505,1.266
Squall,squall,Star Wars Animal Collection (Continued),0.30000001192092896,ours,12,0.3333,0.024,0.634,0.595,1.416
Squirrel,squirrel,Core,0.20000000298023224,ours,12,0.3333,0.038,0.535,0.329,1.289
Stintaril,stintaril,Star Wars Animal Collection (Continued),0.5,foreign,11,0.0923,0.315,0.668,0.657,1.019
StoneCrab,stone crab,Odyssey,0.30000001192092896,dormant,14,0.0362,0.524,0.547,1.531,1.083
Strill,strill,Star Wars Animal Collection (Continued),1,ours,15,0.0535,0.258,0.455,0.383,1.359
Swan,swan,Odyssey,0.6000000238418579,dormant,11,0.1174,0.096,0.663,0.691,1.035
TYR_HotfootRat,hotfoot rat,Little Critters,0.20000000298023224,ours,0,0.0663,0.048,0.409,0.938,1.203
TYR_KangarooRat,kangaroo rat,Little Critters,0.20000000298023224,dormant,0,0.0663,0.048,0.409,0.938,1.203
TYR_Lemming,lemming,Little Critters,0.20000000298023224,ours,0,0.0,0.0,0.528,0.636,0.982
TYR_Mouse,mouse,Little Critters,0.20000000298023224,dormant,0,0.0647,0.134,0.538,0.362,1.314
TYR_MousePoison,poison mouse,Little Critters,0.20000000298023224,ours,0,0.0647,0.134,0.538,0.362,1.314
Tach,tach,Star Wars Animal Collection (Continued),0.5,ours,13,0.1836,0.137,0.334,0.81,1.034
Taozin,taozin,Star Wars Animal Collection (Continued),6,ours,3,0.9835,0.665,0.4,0.516,1.34
Tauntaun,tauntaun,Star Wars Animal Collection (Continued),1,foreign,0,0.0895,0.1,0.581,0.417,1.29
TeeMuss,tee muss,Star Wars Animal Collection (Continued),2.0999999046325684,ours,22,0.1159,0.423,0.591,0.704,1.268
Terrorworm,terrorworm,Horrors (Continued),0.6000000238418579,foreign,0,0.0222,0.146,0.338,1.0,0.884
TetnissCrab,tet'niss crab,Star Wars Animal Collection (Continued),0.5,foreign,8,0.5986,0.456,0.374,1.633,1.806
Thranta,thranta,Star Wars Animal Collection (Continued),4,ours,19,0.5585,0.251,0.518,1.118,1.583
ThrumbaToad,Thrumba toad,GRiNDTerra Biomes,3,foreign,3,0.0027,0.515,0.425,0.758,1.221
Thrumbo,thrumbo,Core,4,dormant,18,0.5801,0.04,0.596,0.425,1.353
Tibidee,tibidee,Star Wars Animal Collection (Continued),12,ours,18,0.2224,0.037,0.603,0.889,1.587
Tiger,tiger,Odyssey,1.399999976158142,dormant,22,0.09,0.282,0.413,0.537,1.078
Titan,titan,Titans,5,ours,22,0.0713,0.423,0.611,0.564,1.041
Titanis,titanis,Megafauna,3,ours,11,0.0333,0.153,0.47,0.54,1.094
Titanoboa,titanoboa,Megafauna,12,dormant,2,0.1109,0.245,0.611,0.742,1.234
Tooke,tooke,Star Wars Animal Collection (Continued),0.10000000149011612,ours,0,0.0373,0.252,0.56,0.677,1.225
Toraton,toraton,Beasts of the Rim (Continued),3,ours,21,0.0874,0.268,0.164,0.752,1.108
Tortoise,tortoise,Core,0.5,dormant,21,0.1221,0.335,0.296,1.053,0.919
Torton,torton,Star Wars Animal Collection (Continued),6,ours,22,0.081,0.412,0.481,1.031,0.935
Toughspike,toughspike,Anomaly,1,dormant,3,0.0019,0.263,0.418,0.659,1.084
Toxalope,toxalope,Biotech,1.399999976158142,dormant,21,0.1886,0.185,0.381,0.641,1.062
Trispike,trispike,Anomaly,1,dormant,3,0.9998,0.305,0.536,0.867,0.97
Tukata,tuk'ata,Star Wars Animal Collection (Continued),4,ours,2,0.2786,0.253,0.306,0.528,1.506
Turkey,turkey,Core,0.6000000238418579,ours,21,0.0624,0.301,0.344,0.945,1.054
TuskCat,tusk cat,Star Wars Animal Collection (Continued),3,ours,11,0.1058,0.281,0.677,0.365,1.415
Uintatherium,uintatherium,Megafauna,4.5,ours,0,0.0546,0.068,0.485,0.848,0.971
Urusai,urusai,Star Wars Animal Collection (Continued),0.75,ours,9,0.1165,0.303,0.417,0.505,2.03
Uvak,uvak,Star Wars Animal Collection (Continued),3,ours,9,0.0656,0.14,0.301,0.495,2.432
VAEWaste_Hydra,hydra,Vanilla Animals Expanded — Waste Animals,0.3499999940395355,dormant,14,0.0,0.444,0.352,1.205,1.421
VAEWaste_Megatardi,megatardi,Vanilla Animals Expanded — Waste Animals,2,dormant,22,0.1158,0.427,0.506,0.686,1.001
VAEWaste_Pestigator,pestigator,Vanilla Animals Expanded — Waste Animals,3,dormant,16,0.6276,0.023,0.284,0.287,1.399
VAEWaste_Toxafox,toxafox,Vanilla Animals Expanded — Waste Animals,0.550000011920929,dormant,4,0.0324,0.227,0.443,0.43,1.172
VAEWaste_Toxbear,toxbear,Vanilla Animals Expanded — Waste Animals,4,dormant,14,0.0296,0.412,0.349,0.812,0.995
VAEWaste_Toxiguana,toxiguana,Vanilla Animals Expanded — Waste Animals,1.399999976158142,dormant,21,0.1279,0.316,0.33,0.571,1.098
VAEWaste_Toxlion,toxlion,Vanilla Animals Expanded — Waste Animals,1.649999976158142,dormant,4,0.0551,0.01,0.406,0.61,1.125
VAEWaste_Toxscorpion,toxscorpion,Vanilla Animals Expanded — Waste Animals,2.5,dormant,9,0.1539,0.272,0.331,0.748,1.74
VAEWaste_Wasteboar,wasteboar,Vanilla Animals Expanded — Waste Animals,1.2999999523162842,dormant,21,0.0848,0.207,0.372,0.66,1.082
VAEWaste_Wastedeer,wastedeer,Vanilla Animals Expanded — Waste Animals,1.2000000476837158,dormant,2,0.0416,0.257,0.453,0.697,1.287
VAEWaste_Wasteffalo,wasteffalo,Vanilla Animals Expanded — Waste Animals,2.4000000953674316,dormant,14,0.0377,0.421,0.328,1.101,1.0
VFEI2_Acidspitter,acidspitter,Vanilla Factions Expanded - Insectoids 2,1.7999999523162842,dormant,1,0.3052,0.204,0.611,0.731,0.952
VFEI2_BlackEmpress,black empress,Alpha Animals,4,dormant,3,0.9809,0.112,0.223,0.808,2.103
VFEI2_BlackQueen,black insectoid queen,Alpha Animals,4,dormant,3,0.9797,0.13,0.194,0.655,1.761
VFEI2_BlackSwarmling,black swarmlings,Alpha Animals,0.20000000298023224,dormant,3,0.9537,0.105,0.221,0.605,0.987
VFEI2_Boomtick,boomtick,Vanilla Factions Expanded - Insectoids 2,0.18000000715255737,dormant,11,0.1419,0.139,0.639,0.7,0.972
VFEI2_Durapod,durapod,Vanilla Factions Expanded - Insectoids 2,0.800000011920929,dormant,10,0.8333,0.004,0.621,0.575,0.964
VFEI2_Empress,empress,Vanilla Factions Expanded - Insectoids 2,4,dormant,11,0.0936,0.036,0.677,0.64,1.244
VFEI2_Fuelmite,fuelmite,Vanilla Factions Expanded - Insectoids 2,1.350000023841858,dormant,11,0.1417,0.133,0.627,0.824,1.287
VFEI2_Gigalocust,gigalocust,Vanilla Factions Expanded - Insectoids 2,2.200000047683716,dormant,0,0.0598,0.18,0.68,0.849,1.74
VFEI2_Gigamite,gigamite,Vanilla Factions Expanded - Insectoids 2,4,dormant,1,0.3142,0.178,0.619,0.661,1.307
VFEI2_Hellbeetle,hellbeetle,Vanilla Factions Expanded - Insectoids 2,1.2000000476837158,dormant,11,0.0862,0.129,0.667,0.639,1.211
VFEI2_Ironclad,ironclad,Vanilla Factions Expanded - Insectoids 2,3,dormant,10,0.8333,0.004,0.708,0.907,1.107
VFEI2_Macrofly,macrofly,Vanilla Factions Expanded - Insectoids 2,0.800000011920929,dormant,0,0.0594,0.186,0.526,0.647,1.43
VFEI2_Megapede,megapede,Vanilla Factions Expanded - Insectoids 2,1.7999999523162842,dormant,10,0.8333,0.006,0.735,0.786,0.999
VFEI2_Megathrips,megathrips,Vanilla Factions Expanded - Insectoids 2,0.3499999940395355,dormant,7,0.3188,0.147,0.57,0.744,0.963
VFEI2_Megawasp,megawasp,Vanilla Factions Expanded - Insectoids 2,1.350000023841858,dormant,0,0.0574,0.17,0.639,0.636,1.435
VFEI2_Patriarch,patriarch,Vanilla Factions Expanded - Insectoids 2,4,dormant,13,0.0909,0.019,0.728,0.962,1.259
VFEI2_Queen,insectoid princess,Vanilla Factions Expanded - Insectoids 2,4,dormant,11,0.1057,0.135,0.664,0.66,1.844
VFEI2_RoyalMegascarab,royal megascarab,Vanilla Factions Expanded - Insectoids 2,0.800000011920929,dormant,10,0.8333,0.003,0.569,0.629,1.181
VFEI2_RoyalMegaspider,royal megaspider,Vanilla Factions Expanded - Insectoids 2,1.7999999523162842,dormant,10,0.8333,0.004,0.676,0.707,1.29
VFEI2_RoyalSpelopede,royal spelopede,Vanilla Factions Expanded - Insectoids 2,1.2000000476837158,dormant,10,0.8333,0.005,0.631,0.486,1.307
VFEI2_Silverfish,silverfish,Vanilla Factions Expanded - Insectoids 2,5,dormant,10,0.8333,0.006,0.679,2.038,1.254
VFEI2_Swarmling,swarmlings,Vanilla Factions Expanded - Insectoids 2,0.20000000298023224,dormant,23,0.201,0.504,0.438,0.651,0.986
VFEI2_Tankroach,tankroach,Vanilla Factions Expanded - Insectoids 2,1.7999999523162842,dormant,10,0.8333,0.004,0.644,0.874,0.984
VFEI2_Teramantis,teramantis,Vanilla Factions Expanded - Insectoids 2,3.799999952316284,dormant,0,0.0583,0.112,0.656,0.495,1.355
VFEI2_Titantick,titantick,Vanilla Factions Expanded - Insectoids 2,4,dormant,11,0.1409,0.214,0.745,0.849,1.197
VFEI2_Venomite,venomite,Vanilla Factions Expanded - Insectoids 2,1.2000000476837158,dormant,1,0.3112,0.091,0.629,0.5,1.128
VFEP_Mech_Spidermine,spidermine,Vanilla Factions Expanded - Pirates,0.25,dormant,3,0.9876,0.161,0.263,0.978,1.108
VFEP_Mech_Wardrone,wardrone,Vanilla Factions Expanded - Pirates,0.25,dormant,21,0.0,0.0,0.408,1.0,1.561
VGE_Astronaut,astronaut,Vanilla Gravship Expanded - Chapter 1,1,dormant,13,0.1862,0.121,0.488,0.884,0.982
VGE_Astropede,astropede,Vanilla Gravship Expanded - Chapter 1,3,dormant,13,0.2159,0.089,0.463,0.851,0.906
VGE_Hunter,hunter,Vanilla Gravship Expanded - Chapter 1,1,dormant,13,0.2158,0.077,0.412,1.192,1.147
VQEA_Splicefiend,splicefiend,Vanilla Quests Expanded - Ancients,4,dormant,22,0.0811,0.249,0.57,0.851,0.998
VQEA_Splicehulk,splicehulk,Vanilla Quests Expanded - Ancients,3,dormant,13,0.1507,0.11,0.548,0.906,0.987
VQEA_Spliceling,spliceling,Vanilla Quests Expanded - Ancients,2,dormant,11,0.1322,0.207,0.59,0.732,0.99
VQEA_Splicetoot,splicetoot,Vanilla Quests Expanded - Ancients,0.800000011920929,dormant,14,0.0491,0.32,0.496,1.022,0.891
VQE_IceCrawler,ice crawler,Vanilla Quests Expanded - Cryptoforge,0.800000011920929,dormant,18,0.5816,0.033,0.521,0.565,1.002
VQE_Megamidge,megamidge,Vanilla Quests Expanded - Cryptoforge,1.2000000476837158,dormant,19,0.5284,0.036,0.543,0.917,0.922
VRE_CompanionDryad,companion dryad,Vanilla Races Expanded - Phytokin,2.4000000953674316,dormant,22,0.0932,0.597,0.594,0.963,1.111
VVE_BangBus,Bang Bus,Vanilla Vehicles Expanded,3.5,dormant,12,0.1963,0.01,0.587,0.527,1.096
VVE_Bulldog,Bulldog,Vanilla Vehicles Expanded,4.5,dormant,0,0.0665,0.002,0.776,0.596,1.151
VVE_Bunsen,Bunsen,Vanilla Vehicles Expanded,3.5,dormant,0,0.0479,0.01,0.63,0.548,1.133
VVE_Charley,Charley,Vanilla Vehicles Expanded,1,dormant,0,0.0727,0.041,0.446,0.973,1.508
VVE_Dinghy,Dinghy,Vanilla Vehicles Expanded,2,dormant,11,0.1041,0.11,0.456,0.422,1.098
VVE_Dirtbike,Dirtbike,Vanilla Vehicles Expanded,1,dormant,10,0.8333,0.001,0.335,0.822,1.565
VVE_Frog,Frog,Vanilla Vehicles Expanded,1.5,dormant,11,0.0968,0.012,0.446,1.0,1.051
VVE_Highwayman,Highwayman,Vanilla Vehicles Expanded,2.75,dormant,0,0.0534,0.009,0.665,0.557,1.222
VVE_Mosquito,Mosquito,Vanilla Vehicles Expanded,2.25,dormant,12,0.8333,0.011,0.391,0.402,1.802
VVE_Mule,Mule,Vanilla Vehicles Expanded,3.5,dormant,11,0.1033,0.13,0.571,0.517,1.216
VVE_Prowler,Prowler,Vanilla Vehicles Expanded,2.5,dormant,0,0.0731,0.018,0.407,0.717,1.223
VVE_Roadkill,Roadkill,Vanilla Vehicles Expanded,3.5,dormant,0,0.0455,0.007,0.643,0.948,1.168
VVE_Roadrunner,Roadrunner,Vanilla Vehicles Expanded,3.25,dormant,0,0.0442,0.006,0.647,0.471,1.17
VVE_Scytheman,Scytheman,Vanilla Vehicles Expanded,1,dormant,0,0.0654,0.011,0.582,0.469,1.328
VVE_Smuggler,Smuggler,Vanilla Vehicles Expanded,5.5,dormant,10,0.8333,0.004,0.698,1.035,2.153
VVE_Snatcher,Snatcher,Vanilla Vehicles Expanded,3.25,dormant,0,0.0701,0.007,0.61,0.472,1.116
VVE_Tango,Tango,Vanilla Vehicles Expanded,4.5,dormant,0,0.0719,0.001,0.807,0.615,1.169
VVE_Toad,Toad,Vanilla Vehicles Expanded,1.5,dormant,11,0.0588,0.005,0.613,0.901,1.102
VVE_Traveller,Traveller,Vanilla Vehicles Expanded,3.25,dormant,0,0.0545,0.012,0.594,0.509,1.192
VVE_Trawler,Trawler,Vanilla Vehicles Expanded,3.25,dormant,0,0.0885,0.005,0.608,0.495,1.067
VVE_Wagon,Wagon,Vanilla Vehicles Expanded,3.5,dormant,0,0.0662,0.007,0.614,0.481,1.162
VVE_Warbird,Warbird,Vanilla Vehicles Expanded,6.5,dormant,10,0.8333,0.005,0.674,1.097,1.765
VVE_Wisent,Wisent,Vanilla Vehicles Expanded,3.5,dormant,0,0.046,0.018,0.591,0.442,1.214
Vapaad,vapaad,Star Wars Animal Collection (Continued),4,ours,19,0.56,0.434,0.299,1.358,1.541
Varactyl,varactyl,Star Wars Animal Collection (Continued),3,ours,5,0.1192,0.449,0.386,0.25,1.536
Veermok,veermok,Star Wars Animal Collection (Continued),2,ours,10,0.8219,0.105,0.355,0.674,1.091
Visceral,visceral,Horrors (Continued),1.2000000476837158,foreign,4,0.0127,0.059,0.245,1.175,1.392
Voorpak,voorpak,Star Wars Animal Collection (Continued),0.3499999940395355,ours,11,0.1,0.148,0.586,1.053,1.13
Vornskyr,vornskyr,Star Wars Animal Collection (Continued),2,ours,15,0.0833,0.536,0.258,0.382,1.374
Vulptex,vulptex,Star Wars Animal Collection (Continued),0.550000011920929,ours,19,0.5296,0.172,0.611,0.427,1.276
Vulture,vulture,Odyssey,0.6000000238418579,ours,4,0.9943,0.07,0.187,0.674,0.99
Walrus,walrus,Odyssey,2,dormant,21,0.0781,0.322,0.353,0.661,1.123
Wampa,Wampa,Star Wars Animal Collection (Continued),6,foreign,11,0.127,0.031,0.761,0.838,0.946
WarWyrm,war wyrm,Star Wars Animal Collection (Continued),15,foreign,10,0.7885,0.265,0.522,0.782,1.809
Warbird,Warbird,Star Wars Animal Collection (Continued),5,ours,23,0.1791,0.717,0.514,0.5,1.264
Warg,warg,Core,1.399999976158142,ours,12,0.8333,0.027,0.579,0.529,1.173
WasteRat,waste rat,Biotech,0.30000001192092896,dormant,21,0.1171,0.303,0.379,0.549,1.036
Whisperbird,whisperbird,Star Wars Animal Collection (Continued),0.4000000059604645,ours,5,0.1107,0.597,0.617,0.427,2.357
WildBoar,wild boar,Core,0.8500000238418579,ours,14,0.0866,0.326,0.239,0.804,0.899
Wolf_Arctic,arctic wolf,Core,0.8500000238418579,ours,11,0.117,0.136,0.601,0.45,1.263
Wolf_Great,greatwolf,Odyssey,1.5,foreign,21,0.1061,0.131,0.368,0.536,1.216
Wolf_Timber,timber wolf,Core,0.8500000238418579,ours,21,0.0891,0.16,0.297,0.446,1.268
Wolverine,wolverine,Odyssey,0.699999988079071,ours,14,0.0659,0.336,0.391,0.635,1.063
WompRat,womp rat,Star Wars Animal Collection (Continued),0.75,ours,5,0.0913,0.353,0.288,0.445,1.256
Woolamander,woolamander,Star Wars Animal Collection (Continued),0.75,ours,19,0.5308,0.311,0.621,0.687,1.444
WoollyMammoth,woolly mammoth,Megafauna,5,dormant,22,0.1,0.339,0.321,0.776,1.083
Worm,worm,Beasts of the Rim (Continued),1,foreign,3,0.9476,0.363,0.216,0.991,2.307
Worrt,worrt,Star Wars Animal Collection (Continued),0.6000000238418579,ours,14,0.0659,0.443,0.507,1.16,1.224
Wraid,wraid,Star Wars Animal Collection (Continued),3,ours,14,0.0762,0.645,0.566,1.229,1.156
Wyyyschokk,wyyyschokk,Star Wars Animal Collection (Continued),3,ours,9,0.3669,0.306,0.482,1.275,1.994
Yak,yak,Core,2.0999999046325684,foreign,4,0.0655,0.125,0.249,0.595,1.055
Yippa,yippa,Beasts of the Rim (Continued),0.8999999761581421,foreign,5,0.0905,0.646,0.573,0.403,1.465
Yobshrimp,yobshrimp,Star Wars Animal Collection (Continued),0.4000000059604645,foreign,6,0.7699,0.36,0.336,0.819,1.911
YorkshireTerrier,yorkshire terrier,Core,0.3199999928474426,dormant,5,0.1275,0.416,0.296,0.467,1.224
Zakkeg,zakkeg,Star Wars Animal Collection (Continued),5,ours,4,0.0471,0.322,0.175,0.798,1.104
Zarander,zarander,Beasts of the Rim (Continued),0.800000011920929,foreign,15,0.0559,0.518,0.415,0.393,1.187
Zebra,zebra,Beasts of the Rim (Continued),0.8999999761581421,dormant,2,0.0,0.0,0.333,0.508,1.409
Zeer,zeer,Star Wars Animal Collection (Continued),3,ours,15,0.0656,0.341,0.434,0.468,1.377
Zygolophodon,zygolophodon,Megafauna,5.300000190734863,foreign,4,0.0635,0.1,0.452,0.489,1.49
