defName,modName,index,def,minAge,soundWounded
,Core,0,AnimalBaby,0,
,Core,1,AnimalJuvenile,0.2,
,Core,2,AnimalAdult,0.5,Pawn_Bear_Injured
Bear_Grizzly,Core,0,AnimalBaby,0,
Bear_Grizzly,Core,1,AnimalJuvenile,0.2,
Bear_Grizzly,Core,2,AnimalAdult,0.5,Pawn_Bear_Injured
Bear_Polar,Core,0,AnimalBaby,0,
Bear_Polar,Core,1,AnimalJuvenile,0.2,
Bear_Polar,Core,2,AnimalAdult,0.5,Pawn_Bear_Injured
Ostrich,Core,0,AnimalBabyTiny,0,Pawn_Chick_Call
Ostrich,Core,1,AnimalJuvenile,0.1,
Ostrich,Core,2,AnimalAdult,0.2222,
Emu,Core,0,AnimalBabyTiny,0,Pawn_Chick_Call
Emu,Core,1,AnimalJuvenile,0.1,
Emu,Core,2,AnimalAdult,0.2222,
Cassowary,Core,0,AnimalBabyTiny,0,Pawn_Chick_Call
Cassowary,Core,1,AnimalJuvenile,0.1,
Cassowary,Core,2,AnimalAdult,0.2222,
,Core,0,AnimalBaby,0,
,Core,1,AnimalJuvenile,0.25,
,Core,2,AnimalAdult,0.5,Pawn_Cougar_Injured
Cougar,Core,0,AnimalBaby,0,
Cougar,Core,1,AnimalJuvenile,0.25,
Cougar,Core,2,AnimalAdult,0.5,Pawn_Cougar_Injured
Lynx,Core,0,AnimalBaby,0,
Lynx,Core,1,AnimalJuvenile,0.2,
Lynx,Core,2,AnimalAdult,0.5,Pawn_Cougar_Injured
Cat,Core,0,AnimalBaby,0,
Cat,Core,1,AnimalJuvenile,0.15,
Cat,Core,2,AnimalAdult,0.4,Pawn_Cat_Injured
YorkshireTerrier,Core,0,AnimalBaby,0,
YorkshireTerrier,Core,1,AnimalJuvenile,0.1,
YorkshireTerrier,Core,2,AnimalAdult,0.3,Pawn_DogSmall_Injured
GuineaPig,Core,0,AnimalBaby,0,
GuineaPig,Core,1,AnimalJuvenile,0.15,Pawn_GuineaPig_Wounded
GuineaPig,Core,2,AnimalAdult,0.2,Pawn_GuineaPig_Wounded
LabradorRetriever,Core,0,AnimalBaby,0,
LabradorRetriever,Core,1,AnimalJuvenile,0.25,
LabradorRetriever,Core,2,AnimalAdult,0.5,Pawn_Dog_Injured
Husky,Core,0,AnimalBaby,0,
Husky,Core,1,AnimalJuvenile,0.25,
Husky,Core,2,AnimalAdult,0.5,Pawn_Dog_Injured
Monkey,Core,0,AnimalBaby,0,
Monkey,Core,1,AnimalJuvenile,0.2,
Monkey,Core,2,AnimalAdult,0.266,Pawn_Monkey_Wounded
Chicken,Core,0,AnimalBabyTiny,0,Pawn_Chick_Call
Chicken,Core,1,AnimalJuvenile,0.12,
Chicken,Core,2,AnimalAdult,0.2,Pawn_Chicken_Wounded
Duck,Core,0,AnimalBabyTiny,0,Pawn_Chick_Call
Duck,Core,1,AnimalJuvenile,0.12,
Duck,Core,2,AnimalAdult,0.2,Pawn_Duck_Wounded
Turkey,Core,0,AnimalBabyTiny,0,Pawn_Chick_Call
Turkey,Core,1,AnimalJuvenile,0.12,
Turkey,Core,2,AnimalAdult,0.2,
Goose,Core,0,AnimalBabyTiny,0,Pawn_Chick_Call
Goose,Core,1,AnimalJuvenile,0.12,
Goose,Core,2,AnimalAdult,0.2,Pawn_Goose_Wounded
Cow,Core,0,AnimalBaby,0,
Cow,Core,1,AnimalJuvenile,0.20,
Cow,Core,2,AnimalAdult,0.3333,Pawn_Muffalo_Wounded
Boomalope,Core,0,AnimalBaby,0,
Boomalope,Core,1,AnimalJuvenile,0.2,
Boomalope,Core,2,AnimalAdult,0.3333,Pawn_Muffalo_Wounded
Muffalo,Core,0,AnimalBaby,0,
Muffalo,Core,1,AnimalJuvenile,0.25,
Muffalo,Core,2,AnimalAdult,0.3333,Pawn_Muffalo_Wounded
Bison,Core,0,AnimalBaby,0,
Bison,Core,1,AnimalJuvenile,0.25,
Bison,Core,2,AnimalAdult,0.3333,Pawn_Bison_Wounded
Dromedary,Core,0,AnimalBaby,0,
Dromedary,Core,1,AnimalJuvenile,0.25,
Dromedary,Core,2,AnimalAdult,0.3333,Pawn_Dromedary_Wounded
Goat,Core,0,AnimalBaby,0,
Goat,Core,1,AnimalJuvenile,0.1,
Goat,Core,2,AnimalAdult,0.266,Pawn_Goat_Wounded
Elk,Core,0,AnimalBaby,0,
Elk,Core,1,AnimalJuvenile,0.20,
Elk,Core,2,AnimalAdult,0.3333,Pawn_Elk_Wounded
Yak,Core,0,AnimalBaby,0,
Yak,Core,1,AnimalJuvenile,0.2,
Yak,Core,2,AnimalAdult,0.3333,Pawn_Muffalo_Wounded
Caribou,Core,0,AnimalBaby,0,
Caribou,Core,1,AnimalJuvenile,0.2,
Caribou,Core,2,AnimalAdult,0.3,Pawn_Elk_Wounded
Horse,Core,0,AnimalBaby,0,
Horse,Core,1,AnimalJuvenile,0.25,
Horse,Core,2,AnimalAdult,0.3333,Pawn_Horse_Wounded
Donkey,Core,0,AnimalBaby,0,
Donkey,Core,1,AnimalJuvenile,0.25,
Donkey,Core,2,AnimalAdult,0.3333,Pawn_Donkey_Wounded
Elephant,Core,0,AnimalBaby,0,
Elephant,Core,1,AnimalJuvenile,0.3,
Elephant,Core,2,AnimalAdult,0.666,Pawn_Elephant_Injured
Rhinoceros,Core,0,AnimalBaby,0,
Rhinoceros,Core,1,AnimalJuvenile,0.3,
Rhinoceros,Core,2,AnimalAdult,0.55,Pawn_Rhinoceros_Wounded
,Core,0,AnimalBaby,0,
,Core,1,AnimalJuvenile,0.1,
,Core,2,AnimalAdult,0.2222,Pawn_Hare_Wounded
Hare,Core,0,AnimalBaby,0,
Hare,Core,1,AnimalJuvenile,0.1,
Hare,Core,2,AnimalAdult,0.2222,Pawn_Hare_Wounded
Snowhare,Core,0,AnimalBaby,0,
Snowhare,Core,1,AnimalJuvenile,0.1,
Snowhare,Core,2,AnimalAdult,0.2222,Pawn_Hare_Wounded
Megascarab,Core,0,EusocialInsectLarva,0,
Megascarab,Core,1,EusocialInsectJuvenile,0.03,
Megascarab,Core,2,EusocialInsectAdult,0.4,Pawn_Megascarab_Wounded
Spelopede,Core,0,EusocialInsectLarva,0,
Spelopede,Core,1,EusocialInsectJuvenile,0.03,
Spelopede,Core,2,EusocialInsectAdult,0.2,Pawn_Spelopede_Pain
Megaspider,Core,0,EusocialInsectLarva,0,
Megaspider,Core,1,EusocialInsectJuvenile,0.03,
Megaspider,Core,2,EusocialInsectAdult,0.2,Pawn_BigInsect_Pain
Thrumbo,Core,0,AnimalBaby,0,
Thrumbo,Core,1,AnimalJuvenile,0.75,
Thrumbo,Core,2,AnimalAdult,1.332,Pawn_Thrumbo_Pain
Cobra,Core,0,AnimalBaby,0,
Cobra,Core,1,AnimalJuvenile,0.15,
Cobra,Core,2,AnimalAdult,0.5,Pawn_Cobra_Wounded
Tortoise,Core,0,AnimalBaby,0,
Tortoise,Core,1,AnimalJuvenile,0.15,
Tortoise,Core,2,AnimalAdult,0.2222,Pawn_Tortoise_Wounded
Alphabeaver,Core,0,AnimalBaby,0,
Alphabeaver,Core,1,AnimalJuvenile,0.10,
Alphabeaver,Core,2,AnimalAdult,0.3333,Pawn_Alphabeaver_Wounded
Pig,Core,0,AnimalBaby,0,
Pig,Core,1,AnimalJuvenile,0.1,
Pig,Core,2,AnimalAdult,0.3333,Pawn_Wildboar_Wounded
WildBoar,Core,0,AnimalBaby,0,
WildBoar,Core,1,AnimalJuvenile,0.1,
WildBoar,Core,2,AnimalAdult,0.3333,Pawn_Wildboar_Wounded
Ibex,Core,0,AnimalBaby,0,
Ibex,Core,1,AnimalJuvenile,0.1,
Ibex,Core,2,AnimalAdult,0.2222,Pawn_Deer_Wounded
Deer,Core,0,AnimalBaby,0,
Deer,Core,1,AnimalJuvenile,0.1,
Deer,Core,2,AnimalAdult,0.3333,Pawn_Deer_Wounded
Gazelle,Core,0,AnimalBaby,0,
Gazelle,Core,1,AnimalJuvenile,0.1,
Gazelle,Core,2,AnimalAdult,0.2222,Pawn_Deer_Wounded
Chinchilla,Core,0,AnimalBaby,0,
Chinchilla,Core,1,AnimalJuvenile,0.1,
Chinchilla,Core,2,AnimalAdult,0.2222,Pawn_Rodent_Wounded
Sheep,Core,0,AnimalBaby,0,
Sheep,Core,1,AnimalJuvenile,0.25,
Sheep,Core,2,AnimalAdult,0.3333,Pawn_Sheep_Wounded
Alpaca,Core,0,AnimalBaby,0,
Alpaca,Core,1,AnimalJuvenile,0.2,
Alpaca,Core,2,AnimalAdult,0.3333,Pawn_Elk_Wounded
Megasloth,Core,0,AnimalBaby,0,
Megasloth,Core,1,AnimalJuvenile,0.3333,
Megasloth,Core,2,AnimalAdult,0.6666,Pawn_Thrumbo_Pain
Capybara,Core,0,AnimalBaby,0,
Capybara,Core,1,AnimalJuvenile,0.2,
Capybara,Core,2,AnimalAdult,0.3333,Pawn_Alphabeaver_Wounded
Squirrel,Core,0,AnimalBaby,0,
Squirrel,Core,1,AnimalJuvenile,0.11,
Squirrel,Core,2,AnimalAdult,0.2222,Pawn_Rodent_Wounded
Rat,Core,0,AnimalBaby,0,
Rat,Core,1,AnimalJuvenile,0.1,
Rat,Core,2,AnimalAdult,0.2222,Pawn_Boomrat_Wounded
Boomrat,Core,0,AnimalBaby,0,
Boomrat,Core,1,AnimalJuvenile,0.1,
Boomrat,Core,2,AnimalAdult,0.2222,Pawn_Boomrat_Wounded
Raccoon,Core,0,AnimalBaby,0,
Raccoon,Core,1,AnimalJuvenile,0.1,
Raccoon,Core,2,AnimalAdult,0.2222,Pawn_Boomrat_Wounded
Iguana,Core,0,AnimalBaby,0,
Iguana,Core,1,AnimalJuvenile,0.1,
Iguana,Core,2,AnimalAdult,0.2222,Pawn_Iguana_Wounded
Warg,Core,0,AnimalBaby,0,
Warg,Core,1,AnimalJuvenile,0.2,
Warg,Core,2,AnimalAdult,0.5,Pawn_Warg_Wounded
,Core,0,AnimalBaby,0,
,Core,1,AnimalJuvenile,0.2,
,Core,2,AnimalAdult,0.5,Pawn_Dog_Injured
Wolf_Timber,Core,0,AnimalBaby,0,
Wolf_Timber,Core,1,AnimalJuvenile,0.2,
Wolf_Timber,Core,2,AnimalAdult,0.5,Pawn_Dog_Injured
Wolf_Arctic,Core,0,AnimalBaby,0,
Wolf_Arctic,Core,1,AnimalJuvenile,0.2,
Wolf_Arctic,Core,2,AnimalAdult,0.5,Pawn_Dog_Injured
,Core,0,AnimalBaby,0,
,Core,1,AnimalJuvenile,0.1,
,Core,2,AnimalAdult,0.3333,
Fox_Fennec,Core,0,AnimalBaby,0,
Fox_Fennec,Core,1,AnimalJuvenile,0.1,
Fox_Fennec,Core,2,AnimalAdult,0.3333,
Fox_Red,Core,0,AnimalBaby,0,
Fox_Red,Core,1,AnimalJuvenile,0.1,
Fox_Red,Core,2,AnimalAdult,0.3333,
Fox_Arctic,Core,0,AnimalBaby,0,
Fox_Arctic,Core,1,AnimalJuvenile,0.1,
Fox_Arctic,Core,2,AnimalAdult,0.3333,
Human,Core,0,HumanlikeBaby,0,
Human,Core,1,HumanlikeChild,3,
Human,Core,2,HumanlikePreTeenager,9,
Human,Core,3,HumanlikeTeenager,13,
Human,Core,4,HumanlikeAdult,18,
,Core,0,MechanoidFullyFormed,0,Pawn_Mech_Centipede_Wounded
,Core,1,MechanoidFullyFormed,100,Pawn_Mech_Centipede_Wounded
,Core,0,MechanoidFullyFormed,0,Pawn_Mech_Scyther_Wounded
,Core,1,MechanoidFullyFormed,100,Pawn_Mech_Scyther_Wounded
Mech_Lancer,Core,0,MechanoidFullyFormed,0,Pawn_Mech_Scyther_Wounded
Mech_Lancer,Core,1,MechanoidFullyFormed,100,Pawn_Mech_Scyther_Wounded
Mech_Scyther,Core,0,MechanoidFullyFormed,0,Pawn_Mech_Scyther_Wounded
Mech_Scyther,Core,1,MechanoidFullyFormed,100,Pawn_Mech_Scyther_Wounded
Mech_Pikeman,Core,0,MechanoidFullyFormed,0,Pawn_Mech_Pikeman_Wounded
Mech_Pikeman,Core,1,MechanoidFullyFormed,100,Pawn_Mech_Pikeman_Wounded
Mech_Termite,Core,0,MechanoidFullyFormed,0,Pawn_Mech_Termite_Wounded
Dryad_Basic,Ideology,0,AnimalAdult,,Pawn_Dryad_Wounded
Dryad_Woodmaker,Ideology,0,AnimalAdult,,Pawn_Dryad_Woodmaker_Wounded
Dryad_Berrymaker,Ideology,0,AnimalAdult,,Pawn_Dryad_Berrymaker_Wounded
Dryad_Medicinemaker,Ideology,0,AnimalAdult,,Pawn_Dryad_Medicinemaker_Wounded
Dryad_Gaumaker,Ideology,0,AnimalAdult,,Pawn_Dryad_Gaumaker_Wounded
Dryad_Carrier,Ideology,0,AnimalAdult,,Pawn_Dryad_Carrier_Wounded
Dryad_Clawer,Ideology,0,AnimalAdult,,Pawn_Dryad_Clawer_Wounded
Dryad_Barkskin,Ideology,0,AnimalAdult,,Pawn_Dryad_Barkskin_Wounded
WasteRat,Biotech,0,AnimalBaby,0,
WasteRat,Biotech,1,AnimalJuvenile,0.1,
WasteRat,Biotech,2,AnimalAdult,0.2222,Pawn_Spelopede_Pain
Toxalope,Biotech,0,AnimalBaby,0,
Toxalope,Biotech,1,AnimalJuvenile,0.2,
Toxalope,Biotech,2,AnimalAdult,0.3333,Pawn_Muffalo_Wounded
Mech_Tunneler,Biotech,0,MechanoidFullyFormed,0,Pawn_Mech_Tunneler_Wounded
Mech_Tunneler,Biotech,1,MechanoidFullyFormed,100,Pawn_Mech_Tunneler_Wounded
Mech_Militor,Biotech,0,MechanoidFullyFormed,0,Pawn_Mech_Militor_Wounded
Mech_Militor,Biotech,1,MechanoidFullyFormed,100,Pawn_Mech_Militor_Wounded
Mech_Lifter,Biotech,0,MechanoidFullyFormed,0,Pawn_Mech_Lifter_Wounded
Mech_Lifter,Biotech,1,MechanoidFullyFormed,100,Pawn_Mech_Lifter_Wounded
Mech_Constructoid,Biotech,0,MechanoidFullyFormed,0,Pawn_Mech_Constructoid_Wounded
Mech_Constructoid,Biotech,1,MechanoidFullyFormed,100,Pawn_Mech_Constructoid_Wounded
Mech_Fabricor,Biotech,0,MechanoidFullyFormed,0,Pawn_Mech_Fabricor_Wounded
Mech_Fabricor,Biotech,1,MechanoidFullyFormed,100,Pawn_Mech_Fabricor_Wounded
Mech_Agrihand,Biotech,0,MechanoidFullyFormed,0,Pawn_Mech_Agrihand_Wounded
Mech_Agrihand,Biotech,1,MechanoidFullyFormed,100,Pawn_Mech_Agrihand_Wounded
Mech_Cleansweeper,Biotech,0,MechanoidFullyFormed,0,Pawn_Mech_Cleansweeper_Wounded
Mech_Cleansweeper,Biotech,1,MechanoidFullyFormed,100,Pawn_Mech_Cleansweeper_Wounded
Mech_WarUrchin,Biotech,0,MechanoidFullyFormed,0,Pawn_Mech_WarUrchin_Wounded
Mech_WarUrchin,Biotech,1,MechanoidFullyFormed,100,Pawn_Mech_WarUrchin_Wounded
Mech_Paramedic,Biotech,0,MechanoidFullyFormed,0,Pawn_Mech_Paramedic_Wounded
Mech_Paramedic,Biotech,1,MechanoidFullyFormed,100,Pawn_Mech_Paramedic_Wounded
Mech_Legionary,Biotech,0,MechanoidFullyFormed,0,Pawn_Mech_Legionary_Wounded
Mech_Legionary,Biotech,1,MechanoidFullyFormed,100,Pawn_Mech_Legionary_Wounded
Mech_Tesseron,Biotech,0,MechanoidFullyFormed,0,Pawn_Mech_Tesseron_Wounded
Mech_Tesseron,Biotech,1,MechanoidFullyFormed,100,Pawn_Mech_Tesseron_Wounded
Mech_Scorcher,Biotech,0,MechanoidFullyFormed,0,Pawn_Mech_Scorcher_Wounded
Mech_Scorcher,Biotech,1,MechanoidFullyFormed,100,Pawn_Mech_Scorcher_Wounded
Mech_Apocriton,Biotech,0,MechanoidFullyFormed,0,Pawn_Mech_Apocriton_Wounded
Mech_Apocriton,Biotech,1,MechanoidFullyFormed,100,Pawn_Mech_Apocriton_Wounded
Mech_Centurion,Biotech,0,MechanoidFullyFormed,0,Pawn_Mech_Centurion_Wounded
Mech_Centurion,Biotech,1,MechanoidFullyFormed,100,Pawn_Mech_Centurion_Wounded
Mech_Warqueen,Biotech,0,MechanoidFullyFormed,0,Pawn_Mech_Warqueen_Wounded
Mech_Warqueen,Biotech,1,MechanoidFullyFormed,100,Pawn_Mech_Warqueen_Wounded
Mech_Diabolus,Biotech,0,MechanoidFullyFormed,0,Pawn_Mech_Diabolus_Wounded
Mech_Diabolus,Biotech,1,MechanoidFullyFormed,100,Pawn_Mech_Diabolus_Wounded
,Anomaly,0,EntityFullyFormed,,
Nociosphere,Anomaly,0,EntityFullyFormed,,Pawn_Nociosphere_Wounded
Metalhorror,Anomaly,0,MetalhorrorLarva,,
Metalhorror,Anomaly,1,MetalhorrorJuvenile,0.016667,
Metalhorror,Anomaly,2,MetalhorrorMature,0.05,
Revenant,Anomaly,0,EntityFullyFormed,,Pawn_Revenant_Wounded
Sightstealer,Anomaly,0,EntityFullyFormed,,Pawn_Sightstealer_Wounded
CreepJoiner,Anomaly,0,HumanlikeBaby,0,
CreepJoiner,Anomaly,1,HumanlikeChild,3,
CreepJoiner,Anomaly,2,HumanlikePreTeenager,9,
CreepJoiner,Anomaly,3,HumanlikeTeenager,13,
CreepJoiner,Anomaly,4,HumanlikeAdult,18,
Noctol,Anomaly,0,EntityFullyFormed,,Pawn_Noctol_Wounded
FleshmassNucleus,Anomaly,0,EntityFullyFormed,,
Gorehulk,Anomaly,0,EntityFullyFormed,,Pawn_Gorehulk_Wounded
Devourer,Anomaly,0,EntityFullyFormed,,Pawn_Devourer_Wounded
Chimera,Anomaly,0,EntityFullyFormed,,Pawn_Chimera_Wounded
Bulbfreak,Anomaly,0,EntityFullyFormed,,Pawn_Fleshbeast_Bulbfreak_Wounded
Toughspike,Anomaly,0,FullyFormed_Toughspike,,Pawn_Fleshbeast_Toughspike_Wounded
Trispike,Anomaly,0,EntityFullyFormed,,Pawn_Fleshbeast_Trispike_Wounded
Fingerspike,Anomaly,0,EntityFullyFormed,,Pawn_Fleshbeast_Fingerspike_Wounded
Dreadmeld,Anomaly,0,EntityFullyFormed,,Pawn_Fleshbeast_Dreadmeld_Wounded
BogHound,Odyssey,0,AnimalBaby,0,
BogHound,Odyssey,1,AnimalJuvenile,0.25,
BogHound,Odyssey,2,AnimalAdult,0.5,Pawn_Warg_Wounded
MonitorLizard,Odyssey,0,AnimalBaby,0,
MonitorLizard,Odyssey,1,AnimalJuvenile,0.1,
MonitorLizard,Odyssey,2,AnimalAdult,0.2222,Pawn_Iguana_Wounded
PrairieDog,Odyssey,0,AnimalBaby,0,
PrairieDog,Odyssey,1,AnimalJuvenile,0.1,
PrairieDog,Odyssey,2,AnimalAdult,0.2222,Pawn_Rodent_Wounded
Porcupine,Odyssey,0,AnimalBaby,0,
Porcupine,Odyssey,1,AnimalJuvenile,0.1,
Porcupine,Odyssey,2,AnimalAdult,0.2222,Pawn_Rodent_Wounded
Mastodon,Odyssey,0,AnimalBaby,0,
Mastodon,Odyssey,1,AnimalJuvenile,0.3,
Mastodon,Odyssey,2,AnimalAdult,0.666,Pawn_Elephant_Injured
Cat_Scimitar,Odyssey,0,AnimalBaby,0,
Cat_Scimitar,Odyssey,1,AnimalJuvenile,0.25,
Cat_Scimitar,Odyssey,2,AnimalAdult,0.5,Pawn_Cougar_Injured
Wolverine,Odyssey,0,AnimalBaby,0,
Wolverine,Odyssey,1,AnimalJuvenile,0.1,
Wolverine,Odyssey,2,AnimalAdult,0.2222,Pawn_Wolverine_Wounded
Wolf_Great,Odyssey,0,AnimalBaby,0,
Wolf_Great,Odyssey,1,AnimalJuvenile,0.2,
Wolf_Great,Odyssey,2,AnimalAdult,0.5,Pawn_Dog_Injured
Moose,Odyssey,0,AnimalBaby,0,
Moose,Odyssey,1,AnimalJuvenile,0.20,
Moose,Odyssey,2,AnimalAdult,0.3333,Pawn_Elk_Wounded
AlphaThrumbo,Odyssey,0,AnimalBaby,0,
AlphaThrumbo,Odyssey,1,AnimalJuvenile,0.75,
AlphaThrumbo,Odyssey,2,AnimalAdult,1.332,Pawn_Thrumbo_Pain
Muskox,Odyssey,0,AnimalBaby,0,
Muskox,Odyssey,1,AnimalJuvenile,0.20,
Muskox,Odyssey,2,AnimalAdult,0.3333,Pawn_Bison_Wounded
Tiger,Odyssey,0,AnimalBaby,0,
Tiger,Odyssey,1,AnimalJuvenile,0.25,
Tiger,Odyssey,2,AnimalAdult,0.5,Pawn_Cougar_Injured
Mink,Odyssey,0,AnimalBaby,0,
Mink,Odyssey,1,AnimalJuvenile,0.11,
Mink,Odyssey,2,AnimalAdult,0.2222,Pawn_Rodent_Wounded
Gorilla,Odyssey,0,AnimalBaby,0,
Gorilla,Odyssey,1,AnimalJuvenile,0.2,
Gorilla,Odyssey,2,AnimalAdult,0.266,Pawn_Gorilla_Wounded
Badger,Odyssey,0,AnimalBaby,0,
Badger,Odyssey,1,AnimalJuvenile,0.1,
Badger,Odyssey,2,AnimalAdult,0.2222,Pawn_Rodent_Wounded
Panda,Odyssey,0,AnimalBaby,0,
Panda,Odyssey,1,AnimalJuvenile,0.2,
Panda,Odyssey,2,AnimalAdult,0.5,Pawn_Bear_Injured
Hippo,Odyssey,0,AnimalBaby,0,
Hippo,Odyssey,1,AnimalJuvenile,0.3,
Hippo,Odyssey,2,AnimalAdult,0.55,Pawn_Rhinoceros_Wounded
Megavole,Odyssey,0,AnimalBaby,0,
Megavole,Odyssey,1,AnimalJuvenile,0.1,
Megavole,Odyssey,2,AnimalAdult,0.2222,Pawn_Megavole_Wounded
Armadillo,Odyssey,0,AnimalBaby,0,
Armadillo,Odyssey,1,AnimalJuvenile,0.1,
Armadillo,Odyssey,2,AnimalAdult,0.2222,Pawn_Rodent_Wounded
Alligator,Odyssey,0,AnimalBaby,0,
Alligator,Odyssey,1,AnimalJuvenile,0.1,
Alligator,Odyssey,2,AnimalAdult,0.2222,Pawn_Alligator_Wounded
Bullfrog,Odyssey,0,AnimalBaby,0,
Bullfrog,Odyssey,1,AnimalJuvenile,0.1,
Bullfrog,Odyssey,2,AnimalAdult,0.2222,Pawn_Frog_Wounded
ColossusToad,Odyssey,0,AnimalBaby,0,
ColossusToad,Odyssey,1,AnimalJuvenile,0.1,
ColossusToad,Odyssey,2,AnimalAdult,0.2222,Pawn_Frog_Wounded
LavaSnail,Odyssey,0,AnimalBaby,0,
LavaSnail,Odyssey,1,AnimalJuvenile,0.1,
LavaSnail,Odyssey,2,AnimalAdult,0.2222,Pawn_Crab_Wounded
,Odyssey,0,AnimalBabyTiny,0,
,Odyssey,1,AnimalJuvenile,0.12,
Sparrow,Odyssey,0,AnimalAdult,0.2,Pawn_Sparrow_Wounded
Crow,Odyssey,0,AnimalAdult,0.2,Pawn_Crow_Wounded
Bluebird,Odyssey,0,AnimalAdult,0.2,Pawn_Bluebird_Wounded
Quail,Odyssey,0,AnimalAdult,0.2,Pawn_Quail_Wounded
Macaw,Odyssey,0,AnimalAdult,0.5,Pawn_Macaw_Wounded
,Odyssey,0,AnimalBabyTiny,0,
,Odyssey,1,AnimalJuvenile,0.12,
,Odyssey,2,AnimalAdult,0.2,
Flamingo,Odyssey,0,AnimalBabyTiny,0,
Flamingo,Odyssey,1,AnimalJuvenile,0.12,
Flamingo,Odyssey,2,AnimalAdult,0.2,Pawn_Flamingo_Wounded
Heron,Odyssey,0,AnimalBabyTiny,0,
Heron,Odyssey,1,AnimalJuvenile,0.12,
Heron,Odyssey,2,AnimalAdult,0.2,Pawn_Heron_Wounded
Swan,Odyssey,0,AnimalBabyTiny,0,
Swan,Odyssey,1,AnimalJuvenile,0.12,
Swan,Odyssey,2,AnimalAdult,0.2,Pawn_Swan_Wounded
,Odyssey,0,AnimalBabyTiny,0,
,Odyssey,1,AnimalJuvenile,0.12,
,Odyssey,2,AnimalAdult,0.2,
Peacock,Odyssey,0,AnimalBabyTiny,0,
Peacock,Odyssey,1,AnimalJuvenile,0.12,
Peacock,Odyssey,2,AnimalAdult,0.2,Pawn_Peacock_Wounded
Vulture,Odyssey,0,AnimalBabyTiny,0,
Vulture,Odyssey,1,AnimalJuvenile,0.12,
Vulture,Odyssey,2,AnimalAdult,0.2,Pawn_Vulture_Wounded
Penguin,Odyssey,0,AnimalBabyTiny,0,
Penguin,Odyssey,1,AnimalJuvenile,0.12,
Penguin,Odyssey,2,AnimalAdult,0.2,Pawn_Penguin_Wounded
Walrus,Odyssey,0,AnimalBaby,0,
Walrus,Odyssey,1,AnimalJuvenile,0.1,
Walrus,Odyssey,2,AnimalAdult,0.3333,Pawn_Pinniped_Wounded
SeaLion,Odyssey,0,AnimalBaby,0,
SeaLion,Odyssey,1,AnimalJuvenile,0.1,
SeaLion,Odyssey,2,AnimalAdult,0.3333,Pawn_Pinniped_Wounded
Seal,Odyssey,0,AnimalBaby,0,
Seal,Odyssey,1,AnimalJuvenile,0.1,
Seal,Odyssey,2,AnimalAdult,0.3333,Pawn_Pinniped_Wounded
HermitCrab,Odyssey,0,AnimalBaby,0,
HermitCrab,Odyssey,1,AnimalJuvenile,0.15,
HermitCrab,Odyssey,2,AnimalAdult,0.2222,Pawn_Crab_Wounded
StoneCrab,Odyssey,0,AnimalBaby,0,
StoneCrab,Odyssey,1,AnimalJuvenile,0.15,
StoneCrab,Odyssey,2,AnimalAdult,0.2222,Pawn_Crab_Wounded
SeaTurtle,Odyssey,0,AnimalBaby,0,
SeaTurtle,Odyssey,1,AnimalJuvenile,0.15,
SeaTurtle,Odyssey,2,AnimalAdult,0.2222,Pawn_Tortoise_Wounded
Otter,Odyssey,0,AnimalBaby,0,
Otter,Odyssey,1,AnimalJuvenile,0.1,
Otter,Odyssey,2,AnimalAdult,0.2222,Pawn_Otter_Wounded
Larva,Odyssey,0,EusocialInsectAdult,0,Pawn_Larva_Wounded
HiveQueen,Odyssey,0,EusocialInsectAdult,,Pawn_HiveQueen_Wounded
Locust,Odyssey,0,EusocialInsectLarva,0,
Locust,Odyssey,1,EusocialInsectJuvenile,0.03,
Locust,Odyssey,2,EusocialInsectAdult,0.4,Pawn_Locust_Wounded
Drone_Hunter,Odyssey,0,MechanoidFullyFormed,0,Pawn_Hunter_Wounded
Drone_Wasp,Odyssey,0,MechanoidFullyFormed,0,Pawn_Wasp_Wounded
Drone_Sentry,Odyssey,0,MechanoidFullyFormed,0,Pawn_Sentry_Wounded
Mech_Cyclops,Odyssey,0,MechanoidFullyFormed,,Pawn_Cyclops_Wounded
Mech_Cyclops,Odyssey,1,MechanoidFullyFormed,100,Pawn_Cyclops_Wounded
BS_Centaur,Big and Small - Framework,0,HumanlikeBaby,0,
BS_Centaur,Big and Small - Framework,1,HumanlikeChild,3,
BS_Centaur,Big and Small - Framework,2,HumanlikePreTeenager,9,
BS_Centaur,Big and Small - Framework,3,HumanlikeTeenager,13,
BS_Centaur,Big and Small - Framework,4,HumanlikeAdult,18,
,Big and Small - Framework,0,HumanlikeBaby,0,
,Big and Small - Framework,1,HumanlikeChild,3,
,Big and Small - Framework,2,HumanlikePreTeenager,9,
,Big and Small - Framework,3,HumanlikeTeenager,13,
,Big and Small - Framework,4,HumanlikeAdult,18,
BS_HumanFouramed,Big and Small - Framework,0,HumanlikeBaby,0,
BS_HumanFouramed,Big and Small - Framework,1,HumanlikeChild,3,
BS_HumanFouramed,Big and Small - Framework,2,HumanlikePreTeenager,9,
BS_HumanFouramed,Big and Small - Framework,3,HumanlikeTeenager,13,
BS_HumanFouramed,Big and Small - Framework,4,HumanlikeAdult,18,
BS_Naga,Big and Small - Framework,0,HumanlikeBaby,0,
BS_Naga,Big and Small - Framework,1,HumanlikeChild,3,
BS_Naga,Big and Small - Framework,2,HumanlikePreTeenager,9,
BS_Naga,Big and Small - Framework,3,HumanlikeTeenager,13,
BS_Naga,Big and Small - Framework,4,HumanlikeAdult,18,
BS_Marlith,Big and Small - Framework,0,HumanlikeBaby,0,
BS_Marlith,Big and Small - Framework,1,HumanlikeChild,3,
BS_Marlith,Big and Small - Framework,2,HumanlikePreTeenager,9,
BS_Marlith,Big and Small - Framework,3,HumanlikeTeenager,13,
BS_Marlith,Big and Small - Framework,4,HumanlikeAdult,18,
,Big and Small - Framework,0,HumanlikeBaby,0,Pawn_Mech_Scyther_Wounded
,Big and Small - Framework,1,HumanlikeChild,3,Pawn_Mech_Scyther_Wounded
,Big and Small - Framework,2,HumanlikePreTeenager,9,Pawn_Mech_Scyther_Wounded
,Big and Small - Framework,3,HumanlikeTeenager,13,Pawn_Mech_Scyther_Wounded
,Big and Small - Framework,4,HumanlikeAdult,18,Pawn_Mech_Scyther_Wounded
BS_SixArmedHuman,Big and Small - Framework,0,HumanlikeBaby,0,
BS_SixArmedHuman,Big and Small - Framework,1,HumanlikeChild,3,
BS_SixArmedHuman,Big and Small - Framework,2,HumanlikePreTeenager,9,
BS_SixArmedHuman,Big and Small - Framework,3,HumanlikeTeenager,13,
BS_SixArmedHuman,Big and Small - Framework,4,HumanlikeAdult,18,
BS_SpiderPersonRace,Big and Small - Framework,0,HumanlikeBaby,0,
BS_SpiderPersonRace,Big and Small - Framework,1,HumanlikeChild,3,
BS_SpiderPersonRace,Big and Small - Framework,2,HumanlikePreTeenager,9,
BS_SpiderPersonRace,Big and Small - Framework,3,HumanlikeTeenager,13,
BS_SpiderPersonRace,Big and Small - Framework,4,HumanlikeAdult,18,
BS_HumanoidWithTail,Big and Small - Framework,0,HumanlikeBaby,0,
BS_HumanoidWithTail,Big and Small - Framework,1,HumanlikeChild,3,
BS_HumanoidWithTail,Big and Small - Framework,2,HumanlikePreTeenager,9,
BS_HumanoidWithTail,Big and Small - Framework,3,HumanlikeTeenager,13,
BS_HumanoidWithTail,Big and Small - Framework,4,HumanlikeAdult,18,
BS_HumanoidWithWings,Big and Small - Framework,0,HumanlikeBaby,0,
BS_HumanoidWithWings,Big and Small - Framework,1,HumanlikeChild,3,
BS_HumanoidWithWings,Big and Small - Framework,2,HumanlikePreTeenager,9,
BS_HumanoidWithWings,Big and Small - Framework,3,HumanlikeTeenager,13,
BS_HumanoidWithWings,Big and Small - Framework,4,HumanlikeAdult,18,
BS_JustAHead,Big and Small - Framework,0,HumanlikeBaby,0,
BS_JustAHead,Big and Small - Framework,1,HumanlikeChild,3,
BS_JustAHead,Big and Small - Framework,2,HumanlikePreTeenager,9,
BS_JustAHead,Big and Small - Framework,3,HumanlikeTeenager,13,
BS_JustAHead,Big and Small - Framework,4,HumanlikeAdult,18,
FancyRat,AA FancyRats,0,AnimalBaby,0,
FancyRat,AA FancyRats,1,AnimalJuvenile,0.07,
FancyRat,AA FancyRats,2,AnimalAdult,0.3,Pawn_Boomrat_Wounded
PoisonDeer,Advanced Biomes (Continued),0,AnimalBaby,0,
PoisonDeer,Advanced Biomes (Continued),1,AnimalJuvenile,0.2,
PoisonDeer,Advanced Biomes (Continued),2,AnimalAdult,0.5,Pawn_Deer_Wounded
PoisonRat,Advanced Biomes (Continued),0,AnimalBaby,0,
PoisonRat,Advanced Biomes (Continued),1,AnimalJuvenile,0.07,
PoisonRat,Advanced Biomes (Continued),2,AnimalAdult,0.3,Pawn_Boomrat_Wounded
MutantCow,Advanced Biomes (Continued),0,AnimalBaby,0,
MutantCow,Advanced Biomes (Continued),1,AnimalJuvenile,0.2,
MutantCow,Advanced Biomes (Continued),2,AnimalAdult,0.45,Pawn_Muffalo_Wounded
PoisonButterfly,Advanced Biomes (Continued),0,AnimalBaby,0,
PoisonButterfly,Advanced Biomes (Continued),1,AnimalJuvenile,0.2,
PoisonButterfly,Advanced Biomes (Continued),2,AnimalAdult,0.5,Pawn_Megascarab_Wounded
AM_Aura,Alpha Mechs,0,MechanoidFullyFormed,0,Pawn_Mech_Scyther_Wounded
AM_Aura,Alpha Mechs,1,MechanoidFullyFormed,100,Pawn_Mech_Scyther_Wounded
AM_Daggersnout,Alpha Mechs,0,MechanoidFullyFormed,0,Pawn_Mech_Scyther_Wounded
AM_Daggersnout,Alpha Mechs,1,MechanoidFullyFormed,100,Pawn_Mech_Scyther_Wounded
AM_Demolisher,Alpha Mechs,0,MechanoidFullyFormed,0,AM_Siegebreaker_Wounded
AM_Demolisher,Alpha Mechs,1,MechanoidFullyFormed,100,AM_Siegebreaker_Wounded
AM_Fireworm,Alpha Mechs,0,MechanoidFullyFormed,0,Pawn_Mech_Centipede_Wounded
AM_Fireworm,Alpha Mechs,1,MechanoidFullyFormed,100,Pawn_Mech_Centipede_Wounded
AM_Goliath,Alpha Mechs,0,MechanoidFullyFormed,0,Pawn_Mech_Centipede_Wounded
AM_Goliath,Alpha Mechs,1,MechanoidFullyFormed,100,Pawn_Mech_Centipede_Wounded
AM_Phalanx,Alpha Mechs,0,MechanoidFullyFormed,0,Pawn_Mech_Centipede_Wounded
AM_Phalanx,Alpha Mechs,1,MechanoidFullyFormed,100,Pawn_Mech_Centipede_Wounded
AM_Siegebreaker,Alpha Mechs,0,MechanoidFullyFormed,0,AM_Siegebreaker_Wounded
AM_Siegebreaker,Alpha Mechs,1,MechanoidFullyFormed,100,AM_Siegebreaker_Wounded
AM_Apoptosis,Alpha Mechs,0,MechanoidFullyFormed,0,Pawn_Mech_Apocriton_Wounded
AM_Apoptosis,Alpha Mechs,1,MechanoidFullyFormed,100,Pawn_Mech_Apocriton_Wounded
AM_Mech_Bellicor,Alpha Mechs,0,MechanoidFullyFormed,0,Pawn_Mech_Militor_Wounded
AM_Mech_Bellicor,Alpha Mechs,1,MechanoidFullyFormed,100,Pawn_Mech_Militor_Wounded
AM_Mech_Artilleron,Alpha Mechs,0,MechanoidFullyFormed,0,Pawn_Mech_Militor_Wounded
AM_Mech_Artilleron,Alpha Mechs,1,MechanoidFullyFormed,100,Pawn_Mech_Militor_Wounded
AM_Blitzkrieg,Alpha Mechs,0,MechanoidFullyFormed,0,Pawn_Mech_WarUrchin_Wounded
AM_Blitzkrieg,Alpha Mechs,1,MechanoidFullyFormed,100,Pawn_Mech_WarUrchin_Wounded
AM_Mech_Guttersnipe,Alpha Mechs,0,MechanoidFullyFormed,0,Pawn_Mech_WarUrchin_Wounded
AM_Mech_Guttersnipe,Alpha Mechs,1,MechanoidFullyFormed,100,Pawn_Mech_WarUrchin_Wounded
AM_Infernus,Alpha Mechs,0,MechanoidFullyFormed,0,Pawn_Mech_Diabolus_Wounded
AM_Infernus,Alpha Mechs,1,MechanoidFullyFormed,100,Pawn_Mech_Diabolus_Wounded
AM_Mech_Legate,Alpha Mechs,0,MechanoidFullyFormed,0,Pawn_Mech_Centurion_Wounded
AM_Mech_Legate,Alpha Mechs,1,MechanoidFullyFormed,100,Pawn_Mech_Centurion_Wounded
AM_Mech_Lux,Alpha Mechs,0,MechanoidFullyFormed,0,Pawn_Mech_Scyther_Wounded
AM_Mech_Lux,Alpha Mechs,1,MechanoidFullyFormed,100,Pawn_Mech_Scyther_Wounded
AM_Mech_MasterChef,Alpha Mechs,0,MechanoidFullyFormed,0,Pawn_Mech_Fabricor_Wounded
AM_Mech_MasterChef,Alpha Mechs,1,MechanoidFullyFormed,100,Pawn_Mech_Fabricor_Wounded
AM_Mech_Munifex,Alpha Mechs,0,MechanoidFullyFormed,0,Pawn_Mech_Scyther_Wounded
AM_Mech_Munifex,Alpha Mechs,1,MechanoidFullyFormed,100,Pawn_Mech_Scyther_Wounded
AM_Mech_Optio,Alpha Mechs,0,MechanoidFullyFormed,0,Pawn_Mech_Legionary_Wounded
AM_Mech_Optio,Alpha Mechs,1,MechanoidFullyFormed,100,Pawn_Mech_Legionary_Wounded
AM_Mech_Polychoron,Alpha Mechs,0,MechanoidFullyFormed,0,Pawn_Mech_Tesseron_Wounded
AM_Mech_Polychoron,Alpha Mechs,1,MechanoidFullyFormed,100,Pawn_Mech_Tesseron_Wounded
AM_Mech_PristineAssembler,Alpha Mechs,0,AM_MilkableMechanoidFullyFormed,0,Pawn_Mech_Centipede_Wounded
AM_Mech_PristineAssembler,Alpha Mechs,1,AM_MilkableMechanoidFullyFormed,100,Pawn_Mech_Centipede_Wounded
AM_Mech_PristineSlurrypede,Alpha Mechs,0,AM_MilkableMechanoidFullyFormed,0,Pawn_Mech_Centipede_Wounded
AM_Mech_PristineSlurrypede,Alpha Mechs,1,AM_MilkableMechanoidFullyFormed,100,Pawn_Mech_Centipede_Wounded
AM_PristineStrider,Alpha Mechs,0,AM_RideableMechanoidFullyFormed,0,Pawn_Mech_Termite_Wounded
AM_PristineStrider,Alpha Mechs,1,AM_RideableMechanoidFullyFormed,100,Pawn_Mech_Termite_Wounded
AM_Mech_Sagittarius,Alpha Mechs,0,MechanoidFullyFormed,0,Pawn_Mech_Scyther_Wounded
AM_Mech_Sagittarius,Alpha Mechs,1,MechanoidFullyFormed,100,Pawn_Mech_Scyther_Wounded
AM_Siegemelter,Alpha Mechs,0,MechanoidFullyFormed,0,AM_Siegebreaker_Wounded
AM_Siegemelter,Alpha Mechs,1,MechanoidFullyFormed,100,AM_Siegebreaker_Wounded
AM_Starfire,Alpha Mechs,0,MechanoidFullyFormed,0,AM_Siegebreaker_Wounded
AM_Starfire,Alpha Mechs,1,MechanoidFullyFormed,100,AM_Siegebreaker_Wounded
AM_Mech_TurboCleaner,Alpha Mechs,0,MechanoidFullyFormed,0,Pawn_Mech_Cleansweeper_Wounded
AM_Mech_TurboCleaner,Alpha Mechs,1,MechanoidFullyFormed,100,Pawn_Mech_Cleansweeper_Wounded
AM_WarEmpress,Alpha Mechs,0,MechanoidFullyFormed,0,Pawn_Mech_Warqueen_Wounded
AM_WarEmpress,Alpha Mechs,1,MechanoidFullyFormed,100,Pawn_Mech_Warqueen_Wounded
AM_Dryad_Ocular,Alpha Memes,0,AnimalAdult,,AM_Dryad_Wounded
AM_Dryad_Spitter,Alpha Memes,0,AnimalAdult,,Pawn_Dryad_Barkskin_Wounded
AM_Dryad_Corruptor,Alpha Memes,0,AnimalAdult,,Pawn_Dryad_Gaumaker_Wounded
AM_Dryad_Unstable,Alpha Memes,0,AnimalAdult,,Pawn_Dryad_Barkskin_Wounded
AM_Dryad_Tumorous,Alpha Memes,0,AnimalAdult,,AM_Dryad_Wounded
AA_Eyeling,Alpha Memes,0,AnimalBaby,0,
AA_Eyeling,Alpha Memes,1,AnimalJuvenile,0.1,
AA_Eyeling,Alpha Memes,2,AnimalAdult,0.2222,Pawn_Iguana_Wounded
AM_UnshackledDryad,Alpha Memes,0,AnimalAdult,0,Pawn_Dryad_Wounded
AlligatorMan,Beasts of the Rim (Continued),0,AnimalBaby,0,
AlligatorMan,Beasts of the Rim (Continued),1,AnimalJuvenile,0.25,
AlligatorMan,Beasts of the Rim (Continued),2,AnimalAdult,0.9,Pawn_Cobra_Wounded
Armadillo,Beasts of the Rim (Continued),0,AnimalBaby,0,
Armadillo,Beasts of the Rim (Continued),1,AnimalJuvenile,0.17,
Armadillo,Beasts of the Rim (Continued),2,AnimalAdult,0.4,Pawn_Alphabeaver_Wounded
Bardelot,Beasts of the Rim (Continued),0,AnimalBaby,0,
Bardelot,Beasts of the Rim (Continued),1,AnimalJuvenile,0.17,
Bardelot,Beasts of the Rim (Continued),2,AnimalAdult,0.4,Pawn_Alphabeaver_Wounded
BlackBear,Beasts of the Rim (Continued),0,AnimalBaby,0,
BlackBear,Beasts of the Rim (Continued),1,AnimalJuvenile,0.4,
BlackBear,Beasts of the Rim (Continued),2,AnimalAdult,1.9,Pawn_Bear_Injured
BlackBearMan,Beasts of the Rim (Continued),0,AnimalBaby,0,
BlackBearMan,Beasts of the Rim (Continued),1,AnimalJuvenile,0.25,
BlackBearMan,Beasts of the Rim (Continued),2,AnimalAdult,0.9,Pawn_Bear_Injured
Giantala,Beasts of the Rim (Continued),0,AnimalBaby,0,
Giantala,Beasts of the Rim (Continued),1,AnimalJuvenile,1.0,
Giantala,Beasts of the Rim (Continued),2,AnimalAdult,4.0,Pawn_Thrumbo_Pain
Worm,Beasts of the Rim (Continued),0,AnimalBaby,0,
Worm,Beasts of the Rim (Continued),1,AnimalJuvenile,0.25,
Worm,Beasts of the Rim (Continued),2,AnimalAdult,0.8,Pawn_Cobra_Wounded
Gigantelope,Beasts of the Rim (Continued),0,AnimalBaby,0,
Gigantelope,Beasts of the Rim (Continued),1,AnimalJuvenile,0.25,
Gigantelope,Beasts of the Rim (Continued),2,AnimalAdult,1,Pawn_Muffalo_Wounded
Jerbal,Beasts of the Rim (Continued),0,AnimalBaby,0,
Jerbal,Beasts of the Rim (Continued),1,AnimalJuvenile,0.5,
Jerbal,Beasts of the Rim (Continued),2,AnimalAdult,1.5,Pawn_Dromedary_Wounded
Mandrill,Beasts of the Rim (Continued),0,AnimalBaby,0,
Mandrill,Beasts of the Rim (Continued),1,AnimalJuvenile,0.25,
Mandrill,Beasts of the Rim (Continued),2,AnimalAdult,0.9,Pawn_Monkey_Wounded
MandrillMan,Beasts of the Rim (Continued),0,AnimalBaby,0,
MandrillMan,Beasts of the Rim (Continued),1,AnimalJuvenile,0.25,
MandrillMan,Beasts of the Rim (Continued),2,AnimalAdult,0.9,Pawn_Monkey_Wounded
Megasquid,Beasts of the Rim (Continued),0,AnimalBaby,0,
Megasquid,Beasts of the Rim (Continued),1,AnimalJuvenile,1.0,
Megasquid,Beasts of the Rim (Continued),2,AnimalAdult,4.0,Pawn_Thrumbo_Pain
Neanderthal,Beasts of the Rim (Continued),0,AnimalBaby,0,
Neanderthal,Beasts of the Rim (Continued),1,AnimalJuvenile,0.25,
Neanderthal,Beasts of the Rim (Continued),2,AnimalAdult,0.9,Pawn_Monkey_Wounded
Penguin,Beasts of the Rim (Continued),0,AnimalBabyTiny,0,Pawn_Chick_Call
Penguin,Beasts of the Rim (Continued),1,AnimalJuvenile,0.1,
Penguin,Beasts of the Rim (Continued),2,AnimalAdult,0.2222,
Rabbuck,Beasts of the Rim (Continued),0,AnimalBaby,0,
Rabbuck,Beasts of the Rim (Continued),1,AnimalJuvenile,0.25,
Rabbuck,Beasts of the Rim (Continued),2,AnimalAdult,0.8,Pawn_Deer_Wounded
Toraton,Beasts of the Rim (Continued),0,AnimalBaby,0,
Toraton,Beasts of the Rim (Continued),1,AnimalJuvenile,0.25,
Toraton,Beasts of the Rim (Continued),2,AnimalAdult,0.8,Pawn_Thrumbo_Pain
Yippa,Beasts of the Rim (Continued),0,AnimalBaby,0,
Yippa,Beasts of the Rim (Continued),1,AnimalJuvenile,0.25,
Yippa,Beasts of the Rim (Continued),2,AnimalAdult,0.8,Pawn_Deer_Wounded
Zarander,Beasts of the Rim (Continued),0,AnimalBaby,0,
Zarander,Beasts of the Rim (Continued),1,AnimalJuvenile,0.1,
Zarander,Beasts of the Rim (Continued),2,AnimalAdult,0.5,Pawn_Wildboar_Wounded
Zebra,Beasts of the Rim (Continued),0,AnimalBaby,0,
Zebra,Beasts of the Rim (Continued),1,AnimalJuvenile,0.25,
Zebra,Beasts of the Rim (Continued),2,AnimalAdult,0.8,Pawn_Deer_Wounded
BI_Queen,Better Infestations (Continued),0,EusocialInsectLarva,0,
BI_Queen,Better Infestations (Continued),1,EusocialInsectJuvenile,0.03,
BI_Queen,Better Infestations (Continued),2,EusocialInsectAdult,0.2,Pawn_BigInsect_Pain
CAMech_Scyther,Caravan Adventures,0,MechanoidFullyFormed,0,Pawn_Mech_Scyther_Wounded
,Caravan Adventures,0,MechanoidFullyFormed,0,Pawn_Mech_Scyther_Wounded
CADevourer,Caravan Adventures,0,MechanoidFullyFormed,0,Pawn_Mech_Centipede_Wounded
CACrystalScythe,Caravan Adventures,0,MechanoidFullyFormed,0,Pawn_Mech_Scyther_Wounded
CAHarbinger,Caravan Adventures,0,MechanoidFullyFormed,0,Pawn_Mech_Scyther_Wounded
CAHavoc,Caravan Adventures,0,MechanoidFullyFormed,0,Pawn_Mech_Scyther_Wounded
CAEndBossMech,Caravan Adventures,0,MechanoidFullyFormed,0,Pawn_Mech_Centipede_Wounded
JOE_Landopus,Cephaloids,0,AnimalAdult,0.5,Pawn_Cobra_Wounded
JOE_Cephalope,Cephaloids,0,AnimalBaby,0,
JOE_Cephalope,Cephaloids,1,AnimalJuvenile,0.1,
JOE_Cephalope,Cephaloids,2,AnimalAdult,0.2,Pawn_Cobra_Wounded
JOE_Nautilant,Cephaloids,0,AnimalJuvenile,0,Pawn_Cobra_Wounded
JOE_Nautilant,Cephaloids,1,AnimalAdult,0.5,Pawn_Cobra_Wounded
DA_Barog,Dark Ages : Beasts and Monsters,0,AnimalBaby,0,
DA_Barog,Dark Ages : Beasts and Monsters,1,AnimalJuvenile,0.25,
DA_Barog,Dark Ages : Beasts and Monsters,2,AnimalAdult,0.3333,DA_Pawn_Barog_Wounded
DA_BeardedTroll,Dark Ages : Beasts and Monsters,0,AnimalBaby,0,
DA_BeardedTroll,Dark Ages : Beasts and Monsters,1,AnimalJuvenile,0.25,
DA_BeardedTroll,Dark Ages : Beasts and Monsters,2,AnimalAdult,0.6,Pawn_Thrumbo_Pain
DA_BlackScribe,Dark Ages : Beasts and Monsters,0,AnimalBaby,0,
DA_BlackScribe,Dark Ages : Beasts and Monsters,1,AnimalJuvenile,0.30,
DA_BlackScribe,Dark Ages : Beasts and Monsters,2,AnimalAdult,0.6,Pawn_Megascarab_Wounded
DA_Crestel,Dark Ages : Beasts and Monsters,0,AnimalBaby,0,Pawn_Chick_Call
DA_Crestel,Dark Ages : Beasts and Monsters,1,AnimalJuvenile,0.65,
DA_Crestel,Dark Ages : Beasts and Monsters,2,AnimalAdult,1.332,DA_Pawn_Crestel_Wounded
DA_DwarvenMuffton,Dark Ages : Beasts and Monsters,0,AnimalBaby,0,
DA_DwarvenMuffton,Dark Ages : Beasts and Monsters,1,AnimalJuvenile,0.15,
DA_DwarvenMuffton,Dark Ages : Beasts and Monsters,2,AnimalAdult,0.30,Pawn_Sheep_Wounded
DA_Snaptoad,Dark Ages : Beasts and Monsters,0,AnimalBaby,0,
DA_Snaptoad,Dark Ages : Beasts and Monsters,1,AnimalJuvenile,0.25,
DA_Snaptoad,Dark Ages : Beasts and Monsters,2,AnimalAdult,0.3333,DA_Pawn_Snaptoad_Wounded
DA_Goldilox,Dark Ages : Beasts and Monsters,0,AnimalBaby,0,
DA_Goldilox,Dark Ages : Beasts and Monsters,1,AnimalJuvenile,0.75,
DA_Goldilox,Dark Ages : Beasts and Monsters,2,AnimalAdult,1.332,Pawn_Muffalo_Wounded
DA_IroncasketBeetle,Dark Ages : Beasts and Monsters,0,AnimalBaby,0,
DA_IroncasketBeetle,Dark Ages : Beasts and Monsters,1,AnimalJuvenile,0.30,
DA_IroncasketBeetle,Dark Ages : Beasts and Monsters,2,AnimalAdult,0.6,Pawn_Megascarab_Wounded
DA_Karabal,Dark Ages : Beasts and Monsters,0,AnimalBaby,0,
DA_Karabal,Dark Ages : Beasts and Monsters,1,AnimalJuvenile,0.2,
DA_Karabal,Dark Ages : Beasts and Monsters,2,AnimalAdult,0.5,Pawn_Warg_Wounded
DA_LeviathanCrab,Dark Ages : Beasts and Monsters,0,AnimalBaby,0,
DA_LeviathanCrab,Dark Ages : Beasts and Monsters,1,AnimalJuvenile,0.65,
DA_LeviathanCrab,Dark Ages : Beasts and Monsters,2,AnimalAdult,1.332,DA_Pawn_Leviathan_Pain
DA_NorthernDrog,Dark Ages : Beasts and Monsters,0,AnimalBaby,0,
DA_NorthernDrog,Dark Ages : Beasts and Monsters,1,AnimalJuvenile,0.65,
DA_NorthernDrog,Dark Ages : Beasts and Monsters,2,AnimalAdult,1.332,Pawn_Wildboar_Wounded
,Dark Ages : Beasts and Monsters,0,AnimalBaby,0,
,Dark Ages : Beasts and Monsters,1,AnimalJuvenile,0.15,
,Dark Ages : Beasts and Monsters,2,AnimalAdult,0.4,Pawn_Cat_Injured
DA_ForestOwlcat,Dark Ages : Beasts and Monsters,0,AnimalBaby,0,
DA_ForestOwlcat,Dark Ages : Beasts and Monsters,1,AnimalJuvenile,0.15,
DA_ForestOwlcat,Dark Ages : Beasts and Monsters,2,AnimalAdult,0.4,Pawn_Cat_Injured
DA_ArcticOwlcat,Dark Ages : Beasts and Monsters,0,AnimalBaby,0,
DA_ArcticOwlcat,Dark Ages : Beasts and Monsters,1,AnimalJuvenile,0.15,
DA_ArcticOwlcat,Dark Ages : Beasts and Monsters,2,AnimalAdult,0.4,Pawn_Cat_Injured
DA_Phrak,Dark Ages : Beasts and Monsters,0,AnimalBaby,0,
DA_Phrak,Dark Ages : Beasts and Monsters,1,AnimalJuvenile,0.05,
DA_Phrak,Dark Ages : Beasts and Monsters,2,AnimalAdult,0.3,Pawn_Megascarab_Wounded
DA_Pilgrim,Dark Ages : Beasts and Monsters,0,AnimalBaby,0,Pawn_Chick_Call
DA_Pilgrim,Dark Ages : Beasts and Monsters,1,AnimalJuvenile,0.1,
DA_Pilgrim,Dark Ages : Beasts and Monsters,2,AnimalAdult,0.3,
DA_RedhornedLarpah,Dark Ages : Beasts and Monsters,0,AnimalBaby,0,
DA_RedhornedLarpah,Dark Ages : Beasts and Monsters,1,AnimalJuvenile,0.15,
DA_RedhornedLarpah,Dark Ages : Beasts and Monsters,2,AnimalAdult,0.30,Pawn_Hare_Wounded
DA_ImperialRedhound,Dark Ages : Beasts and Monsters,0,AnimalBaby,0,
DA_ImperialRedhound,Dark Ages : Beasts and Monsters,1,AnimalJuvenile,0.2,
DA_ImperialRedhound,Dark Ages : Beasts and Monsters,2,AnimalAdult,0.5,Pawn_Warg_Wounded
DA_RockTroll,Dark Ages : Beasts and Monsters,0,AnimalBaby,0,
DA_RockTroll,Dark Ages : Beasts and Monsters,1,AnimalJuvenile,0.10,
DA_RockTroll,Dark Ages : Beasts and Monsters,2,AnimalAdult,0.20,DA_Pawn_RockTroll_Pain
DA_SilverMole,Dark Ages : Beasts and Monsters,0,AnimalBaby,0,
DA_SilverMole,Dark Ages : Beasts and Monsters,1,AnimalJuvenile,0.15,Pawn_GuineaPig_Wounded
DA_SilverMole,Dark Ages : Beasts and Monsters,2,AnimalAdult,0.2,Pawn_GuineaPig_Wounded
,Dark Ages : Beasts and Monsters,0,AnimalBaby,0,
,Dark Ages : Beasts and Monsters,1,AnimalJuvenile,0.3,
,Dark Ages : Beasts and Monsters,2,AnimalAdult,0.6,Pawn_Bear_Injured
DA_Taraal,Dark Ages : Beasts and Monsters,0,AnimalBaby,0,
DA_Taraal,Dark Ages : Beasts and Monsters,1,AnimalJuvenile,0.3,
DA_Taraal,Dark Ages : Beasts and Monsters,2,AnimalAdult,0.6,Pawn_Bear_Injured
DA_SnowTaraal,Dark Ages : Beasts and Monsters,0,AnimalBaby,0,
DA_SnowTaraal,Dark Ages : Beasts and Monsters,1,AnimalJuvenile,0.3,
DA_SnowTaraal,Dark Ages : Beasts and Monsters,2,AnimalAdult,0.6,Pawn_Bear_Injured
ERN_Amaro,Erin's Final Fantasy Animals,0,AnimalBabyTiny,0,
ERN_Amaro,Erin's Final Fantasy Animals,1,AnimalJuvenile,0.3,
ERN_Amaro,Erin's Final Fantasy Animals,2,AnimalAdult,0.8,Pawn_Thrumbo_Pain
ERN_BigCarbuncle,Erin's Final Fantasy Animals,0,AnimalBaby,0,
ERN_BigCarbuncle,Erin's Final Fantasy Animals,1,AnimalJuvenile,0.1,
ERN_BigCarbuncle,Erin's Final Fantasy Animals,2,AnimalAdult,0.3,Pawn_Rodent_Wounded
ERN_Carbuncle,Erin's Final Fantasy Animals,0,AnimalBaby,0,
ERN_Carbuncle,Erin's Final Fantasy Animals,1,AnimalJuvenile,0.1,
ERN_Carbuncle,Erin's Final Fantasy Animals,2,AnimalAdult,0.3,Pawn_Rodent_Wounded
ERN_Chocobo,Erin's Final Fantasy Animals,0,AnimalBabyTiny,0,Pawn_Chick_Call
ERN_Chocobo,Erin's Final Fantasy Animals,1,AnimalJuvenile,0.1,
ERN_Chocobo,Erin's Final Fantasy Animals,2,AnimalAdult,0.2222,Pawn_Chocobo_Wounded
GiantSnake,Giant Snake (Continued),0,AnimalBaby,0,
GiantSnake,Giant Snake (Continued),1,AnimalJuvenile,1.1,Pawn_Cobra_Wounded
GiantSnake,Giant Snake (Continued),2,AnimalAdult,2.2,Pawn_Cobra_Wounded
WhiteViper,Giant Snake (Continued),0,AnimalBaby,0,
WhiteViper,Giant Snake (Continued),1,AnimalJuvenile,1.1,Pawn_Cobra_Wounded
WhiteViper,Giant Snake (Continued),2,AnimalAdult,2.2,Pawn_Cobra_Wounded
Grimstone_Belloceros,Grimstone : Beasts,0,AnimalBaby,0,
Grimstone_Belloceros,Grimstone : Beasts,1,AnimalJuvenile,0.3,
Grimstone_Belloceros,Grimstone : Beasts,2,AnimalAdult,0.55,Pawn_Rhinoceros_Wounded
Grimstone_EmperorVulture,Grimstone : Beasts,0,AnimalBabyTiny,0,Pawn_Chick_Call
Grimstone_EmperorVulture,Grimstone : Beasts,1,AnimalJuvenile,0.12,
Grimstone_EmperorVulture,Grimstone : Beasts,2,AnimalAdult,0.2,
Grimstone_Griffar,Grimstone : Beasts,0,AnimalBaby,0,Pawn_Chick_Call
Grimstone_Griffar,Grimstone : Beasts,1,AnimalJuvenile,0.5,
Grimstone_Griffar,Grimstone : Beasts,2,AnimalAdult,1,Pawn_Bear_Injured
Grimstone_Grimshadow,Grimstone : Beasts,0,AnimalBaby,0,
Grimstone_Grimshadow,Grimstone : Beasts,1,AnimalJuvenile,0.75,
Grimstone_Grimshadow,Grimstone : Beasts,2,AnimalAdult,1.332,Pawn_Thrumbo_Pain
Grimstone_NorthernLynx,Grimstone : Beasts,0,AnimalBaby,0,
Grimstone_NorthernLynx,Grimstone : Beasts,1,AnimalJuvenile,0.25,
Grimstone_NorthernLynx,Grimstone : Beasts,2,AnimalAdult,0.5,Pawn_Cougar_Injured
Grimstone_Sheepdog,Grimstone : Beasts,0,AnimalBaby,0,
Grimstone_Sheepdog,Grimstone : Beasts,1,AnimalJuvenile,0.25,
Grimstone_Sheepdog,Grimstone : Beasts,2,AnimalAdult,0.5,Pawn_Dog_Injured
Grimstone_Tetras,Grimstone : Beasts,0,AnimalBabyTiny,0,Pawn_Chick_Call
Grimstone_Tetras,Grimstone : Beasts,1,AnimalJuvenile,0.12,
Grimstone_Tetras,Grimstone : Beasts,2,AnimalAdult,0.2,
Visceral,Horrors (Continued),0,EusocialInsectLarva,0,
Visceral,Horrors (Continued),1,EusocialInsectJuvenile,0.03,
Visceral,Horrors (Continued),2,EusocialInsectAdult,0.2,Pawn_BigInsect_Pain
Bulwark,Horrors (Continued),0,EusocialInsectLarva,0,
Bulwark,Horrors (Continued),1,EusocialInsectJuvenile,0.03,
Bulwark,Horrors (Continued),2,EusocialInsectAdult,0.2,Pawn_BigInsect_Pain
Terrorworm,Horrors (Continued),0,EusocialInsectLarva,0,
Terrorworm,Horrors (Continued),1,EusocialInsectJuvenile,0.03,
Terrorworm,Horrors (Continued),2,EusocialInsectAdult,0.2,Pawn_BigInsect_Pain
BroodLord,Horrors (Continued),0,EusocialInsectLarva,0,
BroodLord,Horrors (Continued),1,EusocialInsectJuvenile,0.03,
BroodLord,Horrors (Continued),2,EusocialInsectAdult,0.2,Pawn_BigInsect_Pain
Harvester,Horrors (Continued),0,EusocialInsectLarva,0,
Harvester,Horrors (Continued),1,EusocialInsectJuvenile,0.03,
Harvester,Horrors (Continued),2,EusocialInsectAdult,0.2,Pawn_BigInsect_Pain
Prowler,Horrors (Continued),0,EusocialInsectLarva,0,
Prowler,Horrors (Continued),1,EusocialInsectJuvenile,0.03,
Prowler,Horrors (Continued),2,EusocialInsectAdult,0.2,Pawn_BigInsect_Pain
JRWAbrictosaurus,Jurassic Rimworld - Dinosaurs Only (Continued),0,AnimalBaby,0,
JRWAbrictosaurus,Jurassic Rimworld - Dinosaurs Only (Continued),1,AnimalJuvenile,1.0,
JRWAbrictosaurus,Jurassic Rimworld - Dinosaurs Only (Continued),2,AnimalAdult,3.0,Pawn_Dryosaurus_Wounded
JRWAcrocanthosaurus,Jurassic Rimworld - Dinosaurs Only (Continued),0,AnimalBaby,0,
JRWAcrocanthosaurus,Jurassic Rimworld - Dinosaurs Only (Continued),1,AnimalJuvenile,1.0,
JRWAcrocanthosaurus,Jurassic Rimworld - Dinosaurs Only (Continued),2,AnimalAdult,3.0,Pawn_Acrocanthosaurus_Wounded
JRWAdalia,Jurassic Rimworld - Dinosaurs Only (Continued),0,AnimalBaby,0,
JRWAdalia,Jurassic Rimworld - Dinosaurs Only (Continued),1,AnimalJuvenile,1.0,
JRWAdalia,Jurassic Rimworld - Dinosaurs Only (Continued),2,AnimalAdult,3.0,Pawn_Megascarab_Wounded
JRWAgilisaurus,Jurassic Rimworld - Dinosaurs Only (Continued),0,AnimalBaby,0,
JRWAgilisaurus,Jurassic Rimworld - Dinosaurs Only (Continued),1,AnimalJuvenile,1.0,
JRWAgilisaurus,Jurassic Rimworld - Dinosaurs Only (Continued),2,AnimalAdult,3.0,Pawn_Dryosaurus_Wounded
JRWAlbertosaurus,Jurassic Rimworld - Dinosaurs Only (Continued),0,AnimalBaby,0,
JRWAlbertosaurus,Jurassic Rimworld - Dinosaurs Only (Continued),1,AnimalJuvenile,1.0,
JRWAlbertosaurus,Jurassic Rimworld - Dinosaurs Only (Continued),2,AnimalAdult,3.0,Pawn_Albertosaurus_Wounded
JRWAllosaurus,Jurassic Rimworld - Dinosaurs Only (Continued),0,AnimalBaby,0,
JRWAllosaurus,Jurassic Rimworld - Dinosaurs Only (Continued),1,AnimalJuvenile,1.0,
JRWAllosaurus,Jurassic Rimworld - Dinosaurs Only (Continued),2,AnimalAdult,3.0,Pawn_Allosaurus_Wounded
JRWAnkylosaurus,Jurassic Rimworld - Dinosaurs Only (Continued),0,AnimalBaby,0,
JRWAnkylosaurus,Jurassic Rimworld - Dinosaurs Only (Continued),1,AnimalJuvenile,1.0,
JRWAnkylosaurus,Jurassic Rimworld - Dinosaurs Only (Continued),2,AnimalAdult,3.0,Pawn_Ankylosaurus_Wounded
JRWAntarctopelta,Jurassic Rimworld - Dinosaurs Only (Continued),0,AnimalBaby,0,
JRWAntarctopelta,Jurassic Rimworld - Dinosaurs Only (Continued),1,AnimalJuvenile,1.0,
JRWAntarctopelta,Jurassic Rimworld - Dinosaurs Only (Continued),2,AnimalAdult,3.0,Pawn_Antarctopelta_Wounded
JRWApatosaurus,Jurassic Rimworld - Dinosaurs Only (Continued),0,AnimalBaby,0,
JRWApatosaurus,Jurassic Rimworld - Dinosaurs Only (Continued),1,AnimalJuvenile,1.0,
JRWApatosaurus,Jurassic Rimworld - Dinosaurs Only (Continued),2,AnimalAdult,3.0,Pawn_Camarasaurus_Wounded
JRWArchaeopteryx,Jurassic Rimworld - Dinosaurs Only (Continued),0,AnimalBaby,0,
JRWArchaeopteryx,Jurassic Rimworld - Dinosaurs Only (Continued),1,AnimalJuvenile,1.0,
JRWArchaeopteryx,Jurassic Rimworld - Dinosaurs Only (Continued),2,AnimalAdult,3.0,Pawn_Yi_Wounded
JRWArgentinosaurus,Jurassic Rimworld - Dinosaurs Only (Continued),0,AnimalBaby,0,
JRWArgentinosaurus,Jurassic Rimworld - Dinosaurs Only (Continued),1,AnimalJuvenile,1.0,
JRWArgentinosaurus,Jurassic Rimworld - Dinosaurs Only (Continued),2,AnimalAdult,3.0,Pawn_Apatosaurus_Wounded
JRWArthropleura,Jurassic Rimworld - Dinosaurs Only (Continued),0,AnimalBaby,0,
JRWArthropleura,Jurassic Rimworld - Dinosaurs Only (Continued),1,AnimalJuvenile,1.0,
JRWArthropleura,Jurassic Rimworld - Dinosaurs Only (Continued),2,AnimalAdult,3.0,Pawn_Spelopede_Angry
JRWBagaceratops,Jurassic Rimworld - Dinosaurs Only (Continued),0,AnimalBaby,0,
JRWBagaceratops,Jurassic Rimworld - Dinosaurs Only (Continued),1,AnimalJuvenile,1.0,
JRWBagaceratops,Jurassic Rimworld - Dinosaurs Only (Continued),2,AnimalAdult,3.0,Pawn_Torosaurus_Wounded
JRWBaryonyx,Jurassic Rimworld - Dinosaurs Only (Continued),0,AnimalBaby,0,
JRWBaryonyx,Jurassic Rimworld - Dinosaurs Only (Continued),1,AnimalJuvenile,1.0,
JRWBaryonyx,Jurassic Rimworld - Dinosaurs Only (Continued),2,AnimalAdult,3.0,Pawn_Baryonyx_Wounded
JRWBaseopsis,Jurassic Rimworld - Dinosaurs Only (Continued),0,AnimalBaby,0,
JRWBaseopsis,Jurassic Rimworld - Dinosaurs Only (Continued),1,AnimalJuvenile,1.0,
JRWBaseopsis,Jurassic Rimworld - Dinosaurs Only (Continued),2,AnimalAdult,3.0,Pawn_Spelopede_Angry
JRWBecklespinax,Jurassic Rimworld - Dinosaurs Only (Continued),0,AnimalBaby,0,
JRWBecklespinax,Jurassic Rimworld - Dinosaurs Only (Continued),1,AnimalJuvenile,1.0,
JRWBecklespinax,Jurassic Rimworld - Dinosaurs Only (Continued),2,AnimalAdult,3.0,Pawn_Yutyrannus_Wounded
JRWBeelzebufo,Jurassic Rimworld - Dinosaurs Only (Continued),0,AnimalBaby,0,
JRWBeelzebufo,Jurassic Rimworld - Dinosaurs Only (Continued),1,AnimalJuvenile,1.0,
JRWBeelzebufo,Jurassic Rimworld - Dinosaurs Only (Continued),2,AnimalAdult,3.0,Pawn_Iguana_Wounded
JRWBernicia,Jurassic Rimworld - Dinosaurs Only (Continued),0,AnimalBaby,0,
JRWBernicia,Jurassic Rimworld - Dinosaurs Only (Continued),1,AnimalJuvenile,1.0,
JRWBernicia,Jurassic Rimworld - Dinosaurs Only (Continued),2,AnimalAdult,3.0,Pawn_Megascarab_Wounded
JRWBrachiosaurus,Jurassic Rimworld - Dinosaurs Only (Continued),0,AnimalBaby,0,
JRWBrachiosaurus,Jurassic Rimworld - Dinosaurs Only (Continued),1,AnimalJuvenile,1.0,
JRWBrachiosaurus,Jurassic Rimworld - Dinosaurs Only (Continued),2,AnimalAdult,3.0,Pawn_Brachiosaurus_Wounded
JRWBrachytrachelopan,Jurassic Rimworld - Dinosaurs Only (Continued),0,AnimalBaby,0,
JRWBrachytrachelopan,Jurassic Rimworld - Dinosaurs Only (Continued),1,AnimalJuvenile,1.0,
JRWBrachytrachelopan,Jurassic Rimworld - Dinosaurs Only (Continued),2,AnimalAdult,3.0,Pawn_Camarasaurus_Wounded
JRWCaihong,Jurassic Rimworld - Dinosaurs Only (Continued),0,AnimalBaby,0,
JRWCaihong,Jurassic Rimworld - Dinosaurs Only (Continued),1,AnimalJuvenile,1.0,
JRWCaihong,Jurassic Rimworld - Dinosaurs Only (Continued),2,AnimalAdult,3.0,Pawn_Yi_Wounded
JRWCamarasaurus,Jurassic Rimworld - Dinosaurs Only (Continued),0,AnimalBaby,0,
JRWCamarasaurus,Jurassic Rimworld - Dinosaurs Only (Continued),1,AnimalJuvenile,1.0,
JRWCamarasaurus,Jurassic Rimworld - Dinosaurs Only (Continued),2,AnimalAdult,3.0,Pawn_Camarasaurus_Wounded
JRWCamptosaurus,Jurassic Rimworld - Dinosaurs Only (Continued),0,AnimalBaby,0,
JRWCamptosaurus,Jurassic Rimworld - Dinosaurs Only (Continued),1,AnimalJuvenile,1.0,
JRWCamptosaurus,Jurassic Rimworld - Dinosaurs Only (Continued),2,AnimalAdult,3.0,Pawn_Edmontosaurus_Wounded
JRWCarcharodontosaurus,Jurassic Rimworld - Dinosaurs Only (Continued),0,AnimalBaby,0,
JRWCarcharodontosaurus,Jurassic Rimworld - Dinosaurs Only (Continued),1,AnimalJuvenile,1.0,
JRWCarcharodontosaurus,Jurassic Rimworld - Dinosaurs Only (Continued),2,AnimalAdult,3.0,Pawn_Carcharodontosaurus_Wounded
JRWCarnotaurus,Jurassic Rimworld - Dinosaurs Only (Continued),0,AnimalBaby,0,
JRWCarnotaurus,Jurassic Rimworld - Dinosaurs Only (Continued),1,AnimalJuvenile,1.0,
JRWCarnotaurus,Jurassic Rimworld - Dinosaurs Only (Continued),2,AnimalAdult,3.0,Pawn_Carnotaurus_Wounded
JRWCeratosaurus,Jurassic Rimworld - Dinosaurs Only (Continued),0,AnimalBaby,0,
JRWCeratosaurus,Jurassic Rimworld - Dinosaurs Only (Continued),1,AnimalJuvenile,1.0,
JRWCeratosaurus,Jurassic Rimworld - Dinosaurs Only (Continued),2,AnimalAdult,3.0,Pawn_Ceratosaurus_Wounded
JRWCoahuilaceratops,Jurassic Rimworld - Dinosaurs Only (Continued),0,AnimalBaby,0,
JRWCoahuilaceratops,Jurassic Rimworld - Dinosaurs Only (Continued),1,AnimalJuvenile,1.0,
JRWCoahuilaceratops,Jurassic Rimworld - Dinosaurs Only (Continued),2,AnimalAdult,3.0,Pawn_Styracosaurus_Wounded
JRWCoelophysis,Jurassic Rimworld - Dinosaurs Only (Continued),0,AnimalBaby,0,
JRWCoelophysis,Jurassic Rimworld - Dinosaurs Only (Continued),1,AnimalJuvenile,1.0,
JRWCoelophysis,Jurassic Rimworld - Dinosaurs Only (Continued),2,AnimalAdult,3.0,Pawn_Coelophysis_Wounded
JRWCompsognathus,Jurassic Rimworld - Dinosaurs Only (Continued),0,AnimalBaby,0,
JRWCompsognathus,Jurassic Rimworld - Dinosaurs Only (Continued),1,AnimalJuvenile,1.0,
JRWCompsognathus,Jurassic Rimworld - Dinosaurs Only (Continued),2,AnimalAdult,3.0,Pawn_Dilophosaurus_Wounded
JRWCorythosaurus,Jurassic Rimworld - Dinosaurs Only (Continued),0,AnimalBaby,0,
JRWCorythosaurus,Jurassic Rimworld - Dinosaurs Only (Continued),1,AnimalJuvenile,1.0,
JRWCorythosaurus,Jurassic Rimworld - Dinosaurs Only (Continued),2,AnimalAdult,3.0,Pawn_Corythosaurus_Wounded
JRWCryolophosaurus,Jurassic Rimworld - Dinosaurs Only (Continued),0,AnimalBaby,0,
JRWCryolophosaurus,Jurassic Rimworld - Dinosaurs Only (Continued),1,AnimalJuvenile,1.0,
JRWCryolophosaurus,Jurassic Rimworld - Dinosaurs Only (Continued),2,AnimalAdult,3.0,Pawn_Cryolophosaurus_Wounded
JRWCyclosphaeroma,Jurassic Rimworld - Dinosaurs Only (Continued),0,AnimalBaby,0,
JRWCyclosphaeroma,Jurassic Rimworld - Dinosaurs Only (Continued),1,AnimalJuvenile,1.0,
JRWCyclosphaeroma,Jurassic Rimworld - Dinosaurs Only (Continued),2,AnimalAdult,3.0,Pawn_Megascarab_Wounded
JRWDeinonychus,Jurassic Rimworld - Dinosaurs Only (Continued),0,AnimalBaby,0,
JRWDeinonychus,Jurassic Rimworld - Dinosaurs Only (Continued),1,AnimalJuvenile,1.0,
JRWDeinonychus,Jurassic Rimworld - Dinosaurs Only (Continued),2,AnimalAdult,3.0,Pawn_Velociraptor_Wounded
JRWDeinosuchus,Jurassic Rimworld - Dinosaurs Only (Continued),0,AnimalBaby,0,
JRWDeinosuchus,Jurassic Rimworld - Dinosaurs Only (Continued),1,AnimalJuvenile,1.0,
JRWDeinosuchus,Jurassic Rimworld - Dinosaurs Only (Continued),2,AnimalAdult,3.0,Pawn_Baryonyx_Wounded
JRWDesmatosuchus,Jurassic Rimworld - Dinosaurs Only (Continued),0,AnimalBaby,0,
JRWDesmatosuchus,Jurassic Rimworld - Dinosaurs Only (Continued),1,AnimalJuvenile,1.0,
JRWDesmatosuchus,Jurassic Rimworld - Dinosaurs Only (Continued),2,AnimalAdult,3.0,Pawn_Baryonyx_Wounded
JRWDilophosaurus,Jurassic Rimworld - Dinosaurs Only (Continued),0,AnimalBaby,0,
JRWDilophosaurus,Jurassic Rimworld - Dinosaurs Only (Continued),1,AnimalJuvenile,1.0,
JRWDilophosaurus,Jurassic Rimworld - Dinosaurs Only (Continued),2,AnimalAdult,3.0,Pawn_Dilophosaurus_Wounded
JRWDimetrodon,Jurassic Rimworld - Dinosaurs Only (Continued),0,AnimalBaby,0,
JRWDimetrodon,Jurassic Rimworld - Dinosaurs Only (Continued),1,AnimalJuvenile,1.0,
JRWDimetrodon,Jurassic Rimworld - Dinosaurs Only (Continued),2,AnimalAdult,3.0,Pawn_Estemmenosuchus_Wounded
JRWDinilysia,Jurassic Rimworld - Dinosaurs Only (Continued),0,AnimalBaby,0,
JRWDinilysia,Jurassic Rimworld - Dinosaurs Only (Continued),1,AnimalJuvenile,0.15,
JRWDinilysia,Jurassic Rimworld - Dinosaurs Only (Continued),2,AnimalAdult,0.5,Pawn_Cobra_Wounded
JRWDiplocaulus,Jurassic Rimworld - Dinosaurs Only (Continued),0,AnimalBaby,0,
JRWDiplocaulus,Jurassic Rimworld - Dinosaurs Only (Continued),1,AnimalJuvenile,1.0,
JRWDiplocaulus,Jurassic Rimworld - Dinosaurs Only (Continued),2,AnimalAdult,3.0,Pawn_Iguana_Wounded
JRWDracorex,Jurassic Rimworld - Dinosaurs Only (Continued),0,AnimalBaby,0,
JRWDracorex,Jurassic Rimworld - Dinosaurs Only (Continued),1,AnimalJuvenile,1.0,
JRWDracorex,Jurassic Rimworld - Dinosaurs Only (Continued),2,AnimalAdult,3.0,Pawn_Pachycephalosaurus_Wounded
JRWDrinker,Jurassic Rimworld - Dinosaurs Only (Continued),0,AnimalBaby,0,
JRWDrinker,Jurassic Rimworld - Dinosaurs Only (Continued),1,AnimalJuvenile,1.0,
JRWDrinker,Jurassic Rimworld - Dinosaurs Only (Continued),2,AnimalAdult,3.0,Pawn_Dryosaurus_Wounded
JRWDromaeosaurus,Jurassic Rimworld - Dinosaurs Only (Continued),0,AnimalBaby,0,
JRWDromaeosaurus,Jurassic Rimworld - Dinosaurs Only (Continued),1,AnimalJuvenile,1.0,
JRWDromaeosaurus,Jurassic Rimworld - Dinosaurs Only (Continued),2,AnimalAdult,3.0,Pawn_Velociraptor_Wounded
JRWDryosaurus,Jurassic Rimworld - Dinosaurs Only (Continued),0,AnimalBaby,0,
JRWDryosaurus,Jurassic Rimworld - Dinosaurs Only (Continued),1,AnimalJuvenile,1.0,
JRWDryosaurus,Jurassic Rimworld - Dinosaurs Only (Continued),2,AnimalAdult,3.0,Pawn_Dryosaurus_Wounded
JRWEdaphosaurus,Jurassic Rimworld - Dinosaurs Only (Continued),0,AnimalBaby,0,
JRWEdaphosaurus,Jurassic Rimworld - Dinosaurs Only (Continued),1,AnimalJuvenile,1.0,
JRWEdaphosaurus,Jurassic Rimworld - Dinosaurs Only (Continued),2,AnimalAdult,3.0,Pawn_Estemmenosuchus_Wounded
JRWEdmontosaurus,Jurassic Rimworld - Dinosaurs Only (Continued),0,AnimalBaby,0,
JRWEdmontosaurus,Jurassic Rimworld - Dinosaurs Only (Continued),1,AnimalJuvenile,1.0,
JRWEdmontosaurus,Jurassic Rimworld - Dinosaurs Only (Continued),2,AnimalAdult,3.0,Pawn_Edmontosaurus_Wounded
JRWEnigmosaurus,Jurassic Rimworld - Dinosaurs Only (Continued),0,AnimalBaby,0,
JRWEnigmosaurus,Jurassic Rimworld - Dinosaurs Only (Continued),1,AnimalJuvenile,1.0,
JRWEnigmosaurus,Jurassic Rimworld - Dinosaurs Only (Continued),2,AnimalAdult,3.0,Pawn_Carnotaurus_Wounded
JRWEstemmenosuchus,Jurassic Rimworld - Dinosaurs Only (Continued),0,AnimalBaby,0,
JRWEstemmenosuchus,Jurassic Rimworld - Dinosaurs Only (Continued),1,AnimalJuvenile,1.0,
JRWEstemmenosuchus,Jurassic Rimworld - Dinosaurs Only (Continued),2,AnimalAdult,3.0,Pawn_Estemmenosuchus_Wounded
JRWEuoplocephalus,Jurassic Rimworld - Dinosaurs Only (Continued),0,AnimalBaby,0,
JRWEuoplocephalus,Jurassic Rimworld - Dinosaurs Only (Continued),1,AnimalJuvenile,1.0,
JRWEuoplocephalus,Jurassic Rimworld - Dinosaurs Only (Continued),2,AnimalAdult,3.0,Pawn_Euoplocephalus_Wounded
JRWEuphoberia,Jurassic Rimworld - Dinosaurs Only (Continued),0,AnimalBaby,0,
JRWEuphoberia,Jurassic Rimworld - Dinosaurs Only (Continued),1,AnimalJuvenile,1.0,
JRWEuphoberia,Jurassic Rimworld - Dinosaurs Only (Continued),2,AnimalAdult,3.0,Pawn_Megascarab_Wounded
JRWGallimimus,Jurassic Rimworld - Dinosaurs Only (Continued),0,AnimalBaby,0,
JRWGallimimus,Jurassic Rimworld - Dinosaurs Only (Continued),1,AnimalJuvenile,1.0,
JRWGallimimus,Jurassic Rimworld - Dinosaurs Only (Continued),2,AnimalAdult,3.0,Pawn_Gallimimus_Wounded
JRWGasosaurus,Jurassic Rimworld - Dinosaurs Only (Continued),0,AnimalBaby,0,
JRWGasosaurus,Jurassic Rimworld - Dinosaurs Only (Continued),1,AnimalJuvenile,1.0,
JRWGasosaurus,Jurassic Rimworld - Dinosaurs Only (Continued),2,AnimalAdult,3.0,Pawn_Ceratosaurus_Wounded
JRWGeosternbergia,Jurassic Rimworld - Dinosaurs Only (Continued),0,AnimalBaby,0,
JRWGeosternbergia,Jurassic Rimworld - Dinosaurs Only (Continued),1,AnimalJuvenile,1.0,
JRWGeosternbergia,Jurassic Rimworld - Dinosaurs Only (Continued),2,AnimalAdult,3.0,Pawn_Pteranodon_Wounded
JRWGeralinura,Jurassic Rimworld - Dinosaurs Only (Continued),0,AnimalBaby,0,
JRWGeralinura,Jurassic Rimworld - Dinosaurs Only (Continued),1,AnimalJuvenile,1.0,
JRWGeralinura,Jurassic Rimworld - Dinosaurs Only (Continued),2,AnimalAdult,3.0,Pawn_Spelopede_Angry
JRWGiganotosaurus,Jurassic Rimworld - Dinosaurs Only (Continued),0,AnimalBaby,0,
JRWGiganotosaurus,Jurassic Rimworld - Dinosaurs Only (Continued),1,AnimalJuvenile,1.0,
JRWGiganotosaurus,Jurassic Rimworld - Dinosaurs Only (Continued),2,AnimalAdult,3.0,Pawn_Giganotosaurus_Wounded
JRWGigantophis,Jurassic Rimworld - Dinosaurs Only (Continued),0,AnimalBaby,0,
JRWGigantophis,Jurassic Rimworld - Dinosaurs Only (Continued),1,AnimalJuvenile,0.15,
JRWGigantophis,Jurassic Rimworld - Dinosaurs Only (Continued),2,AnimalAdult,0.5,Pawn_Cobra_Wounded
JRWGorgonops,Jurassic Rimworld - Dinosaurs Only (Continued),0,AnimalBaby,0,
JRWGorgonops,Jurassic Rimworld - Dinosaurs Only (Continued),1,AnimalJuvenile,1.0,
JRWGorgonops,Jurassic Rimworld - Dinosaurs Only (Continued),2,AnimalAdult,3.0,Pawn_Baryonyx_Wounded
JRWHalszkaraptor,Jurassic Rimworld - Dinosaurs Only (Continued),0,AnimalBaby,0,
JRWHalszkaraptor,Jurassic Rimworld - Dinosaurs Only (Continued),1,AnimalJuvenile,1.0,
JRWHalszkaraptor,Jurassic Rimworld - Dinosaurs Only (Continued),2,AnimalAdult,3.0,Pawn_Duck_Wounded
JRWHolcorobeus,Jurassic Rimworld - Dinosaurs Only (Continued),0,AnimalBaby,0,
JRWHolcorobeus,Jurassic Rimworld - Dinosaurs Only (Continued),1,AnimalJuvenile,1.0,
JRWHolcorobeus,Jurassic Rimworld - Dinosaurs Only (Continued),2,AnimalAdult,3.0,Pawn_Megascarab_Wounded
JRWHomalocephale,Jurassic Rimworld - Dinosaurs Only (Continued),0,AnimalBaby,0,
JRWHomalocephale,Jurassic Rimworld - Dinosaurs Only (Continued),1,AnimalJuvenile,1.0,
JRWHomalocephale,Jurassic Rimworld - Dinosaurs Only (Continued),2,AnimalAdult,3.0,Pawn_Homalocephale_Wounded
JRWHylonomus,Jurassic Rimworld - Dinosaurs Only (Continued),0,AnimalBaby,0,
JRWHylonomus,Jurassic Rimworld - Dinosaurs Only (Continued),1,AnimalJuvenile,1.0,
JRWHylonomus,Jurassic Rimworld - Dinosaurs Only (Continued),2,AnimalAdult,3.0,Pawn_Iguana_Wounded
JRWHynerpeton,Jurassic Rimworld - Dinosaurs Only (Continued),0,AnimalBaby,0,
JRWHynerpeton,Jurassic Rimworld - Dinosaurs Only (Continued),1,AnimalJuvenile,1.0,
JRWHynerpeton,Jurassic Rimworld - Dinosaurs Only (Continued),2,AnimalAdult,3.0,Pawn_Iguana_Wounded
JRWHypsilophodon,Jurassic Rimworld - Dinosaurs Only (Continued),0,AnimalBaby,0,
JRWHypsilophodon,Jurassic Rimworld - Dinosaurs Only (Continued),1,AnimalJuvenile,1.0,
JRWHypsilophodon,Jurassic Rimworld - Dinosaurs Only (Continued),2,AnimalAdult,3.0,Pawn_Dryosaurus_Wounded
JRWIndominus,Jurassic Rimworld - Dinosaurs Only (Continued),0,AnimalBaby,0,
JRWIndominus,Jurassic Rimworld - Dinosaurs Only (Continued),1,AnimalJuvenile,1.0,
JRWIndominus,Jurassic Rimworld - Dinosaurs Only (Continued),2,AnimalAdult,3.0,Pawn_Indominus_Wounded
JRWIndoraptor,Jurassic Rimworld - Dinosaurs Only (Continued),0,AnimalBaby,0,
JRWIndoraptor,Jurassic Rimworld - Dinosaurs Only (Continued),1,AnimalJuvenile,1.0,
JRWIndoraptor,Jurassic Rimworld - Dinosaurs Only (Continued),2,AnimalAdult,3.0,Pawn_Indoraptor_Wounded
JRWIschigualastia,Jurassic Rimworld - Dinosaurs Only (Continued),0,AnimalBaby,0,
JRWIschigualastia,Jurassic Rimworld - Dinosaurs Only (Continued),1,AnimalJuvenile,1.0,
JRWIschigualastia,Jurassic Rimworld - Dinosaurs Only (Continued),2,AnimalAdult,3.0,Pawn_Estemmenosuchus_Wounded
JRWKaprosuchus,Jurassic Rimworld - Dinosaurs Only (Continued),0,AnimalBaby,0,
JRWKaprosuchus,Jurassic Rimworld - Dinosaurs Only (Continued),1,AnimalJuvenile,1.0,
JRWKaprosuchus,Jurassic Rimworld - Dinosaurs Only (Continued),2,AnimalAdult,3.0,Pawn_Baryonyx_Wounded
JRWKentrosaurus,Jurassic Rimworld - Dinosaurs Only (Continued),0,AnimalBaby,0,
JRWKentrosaurus,Jurassic Rimworld - Dinosaurs Only (Continued),1,AnimalJuvenile,1.0,
JRWKentrosaurus,Jurassic Rimworld - Dinosaurs Only (Continued),2,AnimalAdult,3.0,Pawn_Kentrosaurus_Wounded
JRWKileskus,Jurassic Rimworld - Dinosaurs Only (Continued),0,AnimalBaby,0,
JRWKileskus,Jurassic Rimworld - Dinosaurs Only (Continued),1,AnimalJuvenile,1.0,
JRWKileskus,Jurassic Rimworld - Dinosaurs Only (Continued),2,AnimalAdult,3.0,Pawn_Dilophosaurus_Wounded
JRWKosmoceratops,Jurassic Rimworld - Dinosaurs Only (Continued),0,AnimalBaby,0,
JRWKosmoceratops,Jurassic Rimworld - Dinosaurs Only (Continued),1,AnimalJuvenile,1.0,
JRWKosmoceratops,Jurassic Rimworld - Dinosaurs Only (Continued),2,AnimalAdult,3.0,Pawn_Triceratops_Wounded
JRWLycaenops,Jurassic Rimworld - Dinosaurs Only (Continued),0,AnimalBaby,0,
JRWLycaenops,Jurassic Rimworld - Dinosaurs Only (Continued),1,AnimalJuvenile,1.0,
JRWLycaenops,Jurassic Rimworld - Dinosaurs Only (Continued),2,AnimalAdult,3.0,Pawn_Baryonyx_Wounded
JRWMacrelcana,Jurassic Rimworld - Dinosaurs Only (Continued),0,AnimalBaby,0,
JRWMacrelcana,Jurassic Rimworld - Dinosaurs Only (Continued),1,AnimalJuvenile,1.0,
JRWMacrelcana,Jurassic Rimworld - Dinosaurs Only (Continued),2,AnimalAdult,3.0,Pawn_Megascarab_Wounded
JRWManipulator,Jurassic Rimworld - Dinosaurs Only (Continued),0,AnimalBaby,0,
JRWManipulator,Jurassic Rimworld - Dinosaurs Only (Continued),1,AnimalJuvenile,1.0,
JRWManipulator,Jurassic Rimworld - Dinosaurs Only (Continued),2,AnimalAdult,3.0,Pawn_Spelopede_Angry
JRWMeganeura,Jurassic Rimworld - Dinosaurs Only (Continued),0,AnimalBaby,0,
JRWMeganeura,Jurassic Rimworld - Dinosaurs Only (Continued),1,AnimalJuvenile,1.0,
JRWMeganeura,Jurassic Rimworld - Dinosaurs Only (Continued),2,AnimalAdult,3.0,Pawn_Megascarab_Wounded
JRWMetriacanthosaurus,Jurassic Rimworld - Dinosaurs Only (Continued),0,AnimalBaby,0,
JRWMetriacanthosaurus,Jurassic Rimworld - Dinosaurs Only (Continued),1,AnimalJuvenile,1.0,
JRWMetriacanthosaurus,Jurassic Rimworld - Dinosaurs Only (Continued),2,AnimalAdult,3.0,Pawn_Metriacanthosaurus_Wounded
JRWMicroceratus,Jurassic Rimworld - Dinosaurs Only (Continued),0,AnimalBaby,0,
JRWMicroceratus,Jurassic Rimworld - Dinosaurs Only (Continued),1,AnimalJuvenile,1.0,
JRWMicroceratus,Jurassic Rimworld - Dinosaurs Only (Continued),2,AnimalAdult,3.0,Pawn_Homalocephale_Wounded
JRWMochlodon,Jurassic Rimworld - Dinosaurs Only (Continued),0,AnimalBaby,0,
JRWMochlodon,Jurassic Rimworld - Dinosaurs Only (Continued),1,AnimalJuvenile,1.0,
JRWMochlodon,Jurassic Rimworld - Dinosaurs Only (Continued),2,AnimalAdult,3.0,Pawn_Edmontosaurus_Angry
JRWNanuqsaurus,Jurassic Rimworld - Dinosaurs Only (Continued),0,AnimalBaby,0,
JRWNanuqsaurus,Jurassic Rimworld - Dinosaurs Only (Continued),1,AnimalJuvenile,1.0,
JRWNanuqsaurus,Jurassic Rimworld - Dinosaurs Only (Continued),2,AnimalAdult,3.0,Pawn_Yutyrannus_Wounded
JRWNasutoceratops,Jurassic Rimworld - Dinosaurs Only (Continued),0,AnimalBaby,0,
JRWNasutoceratops,Jurassic Rimworld - Dinosaurs Only (Continued),1,AnimalJuvenile,1.0,
JRWNasutoceratops,Jurassic Rimworld - Dinosaurs Only (Continued),2,AnimalAdult,3.0,Pawn_Styracosaurus_Wounded
JRWNyctosaurus,Jurassic Rimworld - Dinosaurs Only (Continued),0,AnimalBaby,0,
JRWNyctosaurus,Jurassic Rimworld - Dinosaurs Only (Continued),1,AnimalJuvenile,1.0,
JRWNyctosaurus,Jurassic Rimworld - Dinosaurs Only (Continued),2,AnimalAdult,3.0,Pawn_Pteranodon_Wounded
JRWOphiacodon,Jurassic Rimworld - Dinosaurs Only (Continued),0,AnimalBaby,0,
JRWOphiacodon,Jurassic Rimworld - Dinosaurs Only (Continued),1,AnimalJuvenile,1.0,
JRWOphiacodon,Jurassic Rimworld - Dinosaurs Only (Continued),2,AnimalAdult,3.0,Pawn_Estemmenosuchus_Wounded
JRWOrnithosuchus,Jurassic Rimworld - Dinosaurs Only (Continued),0,AnimalBaby,0,
JRWOrnithosuchus,Jurassic Rimworld - Dinosaurs Only (Continued),1,AnimalJuvenile,1.0,
JRWOrnithosuchus,Jurassic Rimworld - Dinosaurs Only (Continued),2,AnimalAdult,3.0,Pawn_Baryonyx_Wounded
JRWOuranosaurus,Jurassic Rimworld - Dinosaurs Only (Continued),0,AnimalBaby,0,
JRWOuranosaurus,Jurassic Rimworld - Dinosaurs Only (Continued),1,AnimalJuvenile,1.0,
JRWOuranosaurus,Jurassic Rimworld - Dinosaurs Only (Continued),2,AnimalAdult,3.0,Pawn_Ouranosaurus_Wounded
JRWOviraptor,Jurassic Rimworld - Dinosaurs Only (Continued),0,AnimalBaby,0,
JRWOviraptor,Jurassic Rimworld - Dinosaurs Only (Continued),1,AnimalJuvenile,1.0,
JRWOviraptor,Jurassic Rimworld - Dinosaurs Only (Continued),2,AnimalAdult,3.0,Pawn_Goose_Wounded
JRWPachycephalosaurus,Jurassic Rimworld - Dinosaurs Only (Continued),0,AnimalBaby,0,
JRWPachycephalosaurus,Jurassic Rimworld - Dinosaurs Only (Continued),1,AnimalJuvenile,1.0,
JRWPachycephalosaurus,Jurassic Rimworld - Dinosaurs Only (Continued),2,AnimalAdult,3.0,Pawn_Pachycephalosaurus_Wounded
JRWPachyrhinosaurus,Jurassic Rimworld - Dinosaurs Only (Continued),0,AnimalBaby,0,
JRWPachyrhinosaurus,Jurassic Rimworld - Dinosaurs Only (Continued),1,AnimalJuvenile,1.0,
JRWPachyrhinosaurus,Jurassic Rimworld - Dinosaurs Only (Continued),2,AnimalAdult,3.0,Pawn_Styracosaurus_Wounded
JRWParasaurolophus,Jurassic Rimworld - Dinosaurs Only (Continued),0,AnimalBaby,0,
JRWParasaurolophus,Jurassic Rimworld - Dinosaurs Only (Continued),1,AnimalJuvenile,1.0,
JRWParasaurolophus,Jurassic Rimworld - Dinosaurs Only (Continued),2,AnimalAdult,3.0,Pawn_Parasaurolophus_Wounded
JRWParksosaurus,Jurassic Rimworld - Dinosaurs Only (Continued),0,AnimalBaby,0,
JRWParksosaurus,Jurassic Rimworld - Dinosaurs Only (Continued),1,AnimalJuvenile,1.0,
JRWParksosaurus,Jurassic Rimworld - Dinosaurs Only (Continued),2,AnimalAdult,3.0,Pawn_Dryosaurus_Wounded
JRWPlatyhystrix,Jurassic Rimworld - Dinosaurs Only (Continued),0,AnimalBaby,0,
JRWPlatyhystrix,Jurassic Rimworld - Dinosaurs Only (Continued),1,AnimalJuvenile,1.0,
JRWPlatyhystrix,Jurassic Rimworld - Dinosaurs Only (Continued),2,AnimalAdult,3.0,Pawn_Iguana_Wounded
JRWPrestosuchus,Jurassic Rimworld - Dinosaurs Only (Continued),0,AnimalBaby,0,
JRWPrestosuchus,Jurassic Rimworld - Dinosaurs Only (Continued),1,AnimalJuvenile,1.0,
JRWPrestosuchus,Jurassic Rimworld - Dinosaurs Only (Continued),2,AnimalAdult,3.0,Pawn_Baryonyx_Wounded
JRWProtoceratops,Jurassic Rimworld - Dinosaurs Only (Continued),0,AnimalBaby,0,
JRWProtoceratops,Jurassic Rimworld - Dinosaurs Only (Continued),1,AnimalJuvenile,1.0,
JRWProtoceratops,Jurassic Rimworld - Dinosaurs Only (Continued),2,AnimalAdult,3.0,Pawn_Torosaurus_Wounded
JRWProtosolpuga,Jurassic Rimworld - Dinosaurs Only (Continued),0,AnimalBaby,0,
JRWProtosolpuga,Jurassic Rimworld - Dinosaurs Only (Continued),1,AnimalJuvenile,1.0,
JRWProtosolpuga,Jurassic Rimworld - Dinosaurs Only (Continued),2,AnimalAdult,3.0,Pawn_Spelopede_Angry
JRWProtovermes,Jurassic Rimworld - Dinosaurs Only (Continued),0,AnimalBaby,0,
JRWProtovermes,Jurassic Rimworld - Dinosaurs Only (Continued),1,AnimalJuvenile,0.1,
JRWProtovermes,Jurassic Rimworld - Dinosaurs Only (Continued),2,AnimalAdult,0.35,Pawn_Boomrat_Wounded
JRWPsittacosaurus,Jurassic Rimworld - Dinosaurs Only (Continued),0,AnimalBaby,0,
JRWPsittacosaurus,Jurassic Rimworld - Dinosaurs Only (Continued),1,AnimalJuvenile,1.0,
JRWPsittacosaurus,Jurassic Rimworld - Dinosaurs Only (Continued),2,AnimalAdult,3.0,Pawn_Homalocephale_Wounded
JRWPteranodon,Jurassic Rimworld - Dinosaurs Only (Continued),0,AnimalBaby,0,
JRWPteranodon,Jurassic Rimworld - Dinosaurs Only (Continued),1,AnimalJuvenile,1.0,
JRWPteranodon,Jurassic Rimworld - Dinosaurs Only (Continued),2,AnimalAdult,3.0,Pawn_Pteranodon_Wounded
JRWPulmonoscorpius,Jurassic Rimworld - Dinosaurs Only (Continued),0,AnimalBaby,0,
JRWPulmonoscorpius,Jurassic Rimworld - Dinosaurs Only (Continued),1,AnimalJuvenile,1.0,
JRWPulmonoscorpius,Jurassic Rimworld - Dinosaurs Only (Continued),2,AnimalAdult,3.0,Pawn_Spelopede_Angry
JRWQantassaurus,Jurassic Rimworld - Dinosaurs Only (Continued),0,AnimalBaby,0,
JRWQantassaurus,Jurassic Rimworld - Dinosaurs Only (Continued),1,AnimalJuvenile,1.0,
JRWQantassaurus,Jurassic Rimworld - Dinosaurs Only (Continued),2,AnimalAdult,3.0,Pawn_Dryosaurus_Wounded
JRWQuetzalcoatlus,Jurassic Rimworld - Dinosaurs Only (Continued),0,AnimalBaby,0,
JRWQuetzalcoatlus,Jurassic Rimworld - Dinosaurs Only (Continued),1,AnimalJuvenile,1.0,
JRWQuetzalcoatlus,Jurassic Rimworld - Dinosaurs Only (Continued),2,AnimalAdult,3.0,Pawn_Pteranodon_Wounded
JRWRajasaurus,Jurassic Rimworld - Dinosaurs Only (Continued),0,AnimalBaby,0,
JRWRajasaurus,Jurassic Rimworld - Dinosaurs Only (Continued),1,AnimalJuvenile,1.0,
JRWRajasaurus,Jurassic Rimworld - Dinosaurs Only (Continued),2,AnimalAdult,3.0,Pawn_Carnotaurus_Wounded
JRWRhabdodon,Jurassic Rimworld - Dinosaurs Only (Continued),0,AnimalBaby,0,
JRWRhabdodon,Jurassic Rimworld - Dinosaurs Only (Continued),1,AnimalJuvenile,1.0,
JRWRhabdodon,Jurassic Rimworld - Dinosaurs Only (Continued),2,AnimalAdult,3.0,Pawn_Edmontosaurus_Angry
JRWRhamphorhynchus,Jurassic Rimworld - Dinosaurs Only (Continued),0,AnimalBaby,0,
JRWRhamphorhynchus,Jurassic Rimworld - Dinosaurs Only (Continued),1,AnimalJuvenile,1.0,
JRWRhamphorhynchus,Jurassic Rimworld - Dinosaurs Only (Continued),2,AnimalAdult,3.0,Pawn_Pteranodon_Wounded
JRWSaltasaurus,Jurassic Rimworld - Dinosaurs Only (Continued),0,AnimalBaby,0,
JRWSaltasaurus,Jurassic Rimworld - Dinosaurs Only (Continued),1,AnimalJuvenile,1.0,
JRWSaltasaurus,Jurassic Rimworld - Dinosaurs Only (Continued),2,AnimalAdult,3.0,Pawn_Camarasaurus_Wounded
JRWSarcosuchus,Jurassic Rimworld - Dinosaurs Only (Continued),0,AnimalBaby,0,
JRWSarcosuchus,Jurassic Rimworld - Dinosaurs Only (Continued),1,AnimalJuvenile,1.0,
JRWSarcosuchus,Jurassic Rimworld - Dinosaurs Only (Continued),2,AnimalAdult,3.0,Pawn_Baryonyx_Wounded
JRWScutosaurus,Jurassic Rimworld - Dinosaurs Only (Continued),0,AnimalBaby,0,
JRWScutosaurus,Jurassic Rimworld - Dinosaurs Only (Continued),1,AnimalJuvenile,1.0,
JRWScutosaurus,Jurassic Rimworld - Dinosaurs Only (Continued),2,AnimalAdult,3.0,Pawn_Estemmenosuchus_Wounded
JRWSegnosaurus,Jurassic Rimworld - Dinosaurs Only (Continued),0,AnimalBaby,0,
JRWSegnosaurus,Jurassic Rimworld - Dinosaurs Only (Continued),1,AnimalJuvenile,1.0,
JRWSegnosaurus,Jurassic Rimworld - Dinosaurs Only (Continued),2,AnimalAdult,3.0,Pawn_Carnotaurus_Wounded
JRWSpinosaurus,Jurassic Rimworld - Dinosaurs Only (Continued),0,AnimalBaby,0,
JRWSpinosaurus,Jurassic Rimworld - Dinosaurs Only (Continued),1,AnimalJuvenile,1.0,
JRWSpinosaurus,Jurassic Rimworld - Dinosaurs Only (Continued),2,AnimalAdult,3.0,Pawn_Spinosaurus_Wounded
JRWStaurikosaurus,Jurassic Rimworld - Dinosaurs Only (Continued),0,AnimalBaby,0,
JRWStaurikosaurus,Jurassic Rimworld - Dinosaurs Only (Continued),1,AnimalJuvenile,1.0,
JRWStaurikosaurus,Jurassic Rimworld - Dinosaurs Only (Continued),2,AnimalAdult,3.0,Pawn_Dilophosaurus_Wounded
JRWStegosaurus,Jurassic Rimworld - Dinosaurs Only (Continued),0,AnimalBaby,0,
JRWStegosaurus,Jurassic Rimworld - Dinosaurs Only (Continued),1,AnimalJuvenile,1.0,
JRWStegosaurus,Jurassic Rimworld - Dinosaurs Only (Continued),2,AnimalAdult,3.0,Pawn_Stegosaurus_Wounded
JRWStygimoloch,Jurassic Rimworld - Dinosaurs Only (Continued),0,AnimalBaby,0,
JRWStygimoloch,Jurassic Rimworld - Dinosaurs Only (Continued),1,AnimalJuvenile,1.0,
JRWStygimoloch,Jurassic Rimworld - Dinosaurs Only (Continued),2,AnimalAdult,3.0,Pawn_Pachycephalosaurus_Wounded
JRWStyracosaurus,Jurassic Rimworld - Dinosaurs Only (Continued),0,AnimalBaby,0,
JRWStyracosaurus,Jurassic Rimworld - Dinosaurs Only (Continued),1,AnimalJuvenile,1.0,
JRWStyracosaurus,Jurassic Rimworld - Dinosaurs Only (Continued),2,AnimalAdult,3.0,Pawn_Styracosaurus_Wounded
JRWSuchomimus,Jurassic Rimworld - Dinosaurs Only (Continued),0,AnimalBaby,0,
JRWSuchomimus,Jurassic Rimworld - Dinosaurs Only (Continued),1,AnimalJuvenile,1.0,
JRWSuchomimus,Jurassic Rimworld - Dinosaurs Only (Continued),2,AnimalAdult,3.0,Pawn_Baryonyx_Wounded
JRWSupersaurus,Jurassic Rimworld - Dinosaurs Only (Continued),0,AnimalBaby,0,
JRWSupersaurus,Jurassic Rimworld - Dinosaurs Only (Continued),1,AnimalJuvenile,1.0,
JRWSupersaurus,Jurassic Rimworld - Dinosaurs Only (Continued),2,AnimalAdult,3.0,Pawn_Camarasaurus_Wounded
JRWTanystropheus,Jurassic Rimworld - Dinosaurs Only (Continued),0,AnimalBaby,0,
JRWTanystropheus,Jurassic Rimworld - Dinosaurs Only (Continued),1,AnimalJuvenile,1.0,
JRWTanystropheus,Jurassic Rimworld - Dinosaurs Only (Continued),2,AnimalAdult,3.0,Pawn_Cobra_Wounded
JRWTenontosaurus,Jurassic Rimworld - Dinosaurs Only (Continued),0,AnimalBaby,0,
JRWTenontosaurus,Jurassic Rimworld - Dinosaurs Only (Continued),1,AnimalJuvenile,1.0,
JRWTenontosaurus,Jurassic Rimworld - Dinosaurs Only (Continued),2,AnimalAdult,3.0,Pawn_Edmontosaurus_Angry
JRWTermitotron,Jurassic Rimworld - Dinosaurs Only (Continued),0,AnimalBaby,0,
JRWTermitotron,Jurassic Rimworld - Dinosaurs Only (Continued),1,AnimalJuvenile,1.0,
JRWTermitotron,Jurassic Rimworld - Dinosaurs Only (Continued),2,AnimalAdult,3.0,Pawn_Spelopede_Angry
JRWTherizinosaurus,Jurassic Rimworld - Dinosaurs Only (Continued),0,AnimalBaby,0,
JRWTherizinosaurus,Jurassic Rimworld - Dinosaurs Only (Continued),1,AnimalJuvenile,1.0,
JRWTherizinosaurus,Jurassic Rimworld - Dinosaurs Only (Continued),2,AnimalAdult,3.0,Pawn_Carnotaurus_Wounded
JRWTitanoboa,Jurassic Rimworld - Dinosaurs Only (Continued),0,AnimalBaby,0,
JRWTitanoboa,Jurassic Rimworld - Dinosaurs Only (Continued),1,AnimalJuvenile,0.15,
JRWTitanoboa,Jurassic Rimworld - Dinosaurs Only (Continued),2,AnimalAdult,0.5,Pawn_Cobra_Wounded
JRWTorosaurus,Jurassic Rimworld - Dinosaurs Only (Continued),0,AnimalBaby,0,
JRWTorosaurus,Jurassic Rimworld - Dinosaurs Only (Continued),1,AnimalJuvenile,1.0,
JRWTorosaurus,Jurassic Rimworld - Dinosaurs Only (Continued),2,AnimalAdult,3.0,Pawn_Torosaurus_Wounded
JRWTriceratops,Jurassic Rimworld - Dinosaurs Only (Continued),0,AnimalBaby,0,
JRWTriceratops,Jurassic Rimworld - Dinosaurs Only (Continued),1,AnimalJuvenile,1.0,
JRWTriceratops,Jurassic Rimworld - Dinosaurs Only (Continued),2,AnimalAdult,3.0,Pawn_Triceratops_Wounded
JRWTroodon,Jurassic Rimworld - Dinosaurs Only (Continued),0,AnimalBaby,0,
JRWTroodon,Jurassic Rimworld - Dinosaurs Only (Continued),1,AnimalJuvenile,1.0,
JRWTroodon,Jurassic Rimworld - Dinosaurs Only (Continued),2,AnimalAdult,3.0,Pawn_Troodon_Wounded
JRWTupandactylus,Jurassic Rimworld - Dinosaurs Only (Continued),0,AnimalBaby,0,
JRWTupandactylus,Jurassic Rimworld - Dinosaurs Only (Continued),1,AnimalJuvenile,1.0,
JRWTupandactylus,Jurassic Rimworld - Dinosaurs Only (Continued),2,AnimalAdult,3.0,Pawn_Pteranodon_Wounded
JRWTyrannosaurus,Jurassic Rimworld - Dinosaurs Only (Continued),0,AnimalBaby,0,
JRWTyrannosaurus,Jurassic Rimworld - Dinosaurs Only (Continued),1,AnimalJuvenile,1.0,
JRWTyrannosaurus,Jurassic Rimworld - Dinosaurs Only (Continued),2,AnimalAdult,3.0,Pawn_Tyrannosaurus_Wounded
JRWUdanoceratops,Jurassic Rimworld - Dinosaurs Only (Continued),0,AnimalBaby,0,
JRWUdanoceratops,Jurassic Rimworld - Dinosaurs Only (Continued),1,AnimalJuvenile,1.0,
JRWUdanoceratops,Jurassic Rimworld - Dinosaurs Only (Continued),2,AnimalAdult,3.0,Pawn_Torosaurus_Wounded
JRWValdosaurus,Jurassic Rimworld - Dinosaurs Only (Continued),0,AnimalBaby,0,
JRWValdosaurus,Jurassic Rimworld - Dinosaurs Only (Continued),1,AnimalJuvenile,1.0,
JRWValdosaurus,Jurassic Rimworld - Dinosaurs Only (Continued),2,AnimalAdult,3.0,Pawn_Dryosaurus_Wounded
JRWVelociraptor,Jurassic Rimworld - Dinosaurs Only (Continued),0,AnimalBaby,0,
JRWVelociraptor,Jurassic Rimworld - Dinosaurs Only (Continued),1,AnimalJuvenile,1.0,
JRWVelociraptor,Jurassic Rimworld - Dinosaurs Only (Continued),2,AnimalAdult,3.0,Pawn_Velociraptor_Wounded
JRWWonambi,Jurassic Rimworld - Dinosaurs Only (Continued),0,AnimalBaby,0,
JRWWonambi,Jurassic Rimworld - Dinosaurs Only (Continued),1,AnimalJuvenile,0.15,
JRWWonambi,Jurassic Rimworld - Dinosaurs Only (Continued),2,AnimalAdult,0.5,Pawn_Cobra_Wounded
JRWYangchuanosaurus,Jurassic Rimworld - Dinosaurs Only (Continued),0,AnimalBaby,0,
JRWYangchuanosaurus,Jurassic Rimworld - Dinosaurs Only (Continued),1,AnimalJuvenile,1.0,
JRWYangchuanosaurus,Jurassic Rimworld - Dinosaurs Only (Continued),2,AnimalAdult,3.0,Pawn_Yangchuanosaurus_Wounded
JRWYi,Jurassic Rimworld - Dinosaurs Only (Continued),0,AnimalBaby,0,
JRWYi,Jurassic Rimworld - Dinosaurs Only (Continued),1,AnimalJuvenile,1.0,
JRWYi,Jurassic Rimworld - Dinosaurs Only (Continued),2,AnimalAdult,3.0,Pawn_Yi_Wounded
JRWYurlunggur,Jurassic Rimworld - Dinosaurs Only (Continued),0,AnimalBaby,0,
JRWYurlunggur,Jurassic Rimworld - Dinosaurs Only (Continued),1,AnimalJuvenile,0.15,
JRWYurlunggur,Jurassic Rimworld - Dinosaurs Only (Continued),2,AnimalAdult,0.5,Pawn_Cobra_Wounded
JRWYutyrannus,Jurassic Rimworld - Dinosaurs Only (Continued),0,AnimalBaby,0,
JRWYutyrannus,Jurassic Rimworld - Dinosaurs Only (Continued),1,AnimalJuvenile,1.0,
JRWYutyrannus,Jurassic Rimworld - Dinosaurs Only (Continued),2,AnimalAdult,3.0,Pawn_Yutyrannus_Wounded
JRWZalmoxes,Jurassic Rimworld - Dinosaurs Only (Continued),0,AnimalBaby,0,
JRWZalmoxes,Jurassic Rimworld - Dinosaurs Only (Continued),1,AnimalJuvenile,1.0,
JRWZalmoxes,Jurassic Rimworld - Dinosaurs Only (Continued),2,AnimalAdult,3.0,Pawn_Edmontosaurus_Angry
JRWZephyrosaurus,Jurassic Rimworld - Dinosaurs Only (Continued),0,AnimalBaby,0,
JRWZephyrosaurus,Jurassic Rimworld - Dinosaurs Only (Continued),1,AnimalJuvenile,1.0,
JRWZephyrosaurus,Jurassic Rimworld - Dinosaurs Only (Continued),2,AnimalAdult,3.0,Pawn_Dryosaurus_Wounded
TYR_HotfootRat,Little Critters,0,AnimalBaby,0,
TYR_HotfootRat,Little Critters,1,AnimalJuvenile,0.1,
TYR_HotfootRat,Little Critters,2,AnimalAdult,0.2222,Pawn_Boomrat_Wounded
TYR_KangarooRat,Little Critters,0,AnimalBaby,0,
TYR_KangarooRat,Little Critters,1,AnimalJuvenile,0.1,
TYR_KangarooRat,Little Critters,2,AnimalAdult,0.2222,Pawn_Boomrat_Wounded
TYR_Lemming,Little Critters,0,AnimalBaby,0,
TYR_Lemming,Little Critters,1,AnimalJuvenile,0.1,
TYR_Lemming,Little Critters,2,AnimalAdult,0.2222,Pawn_Boomrat_Wounded
TYR_Mouse,Little Critters,0,AnimalBaby,0,
TYR_Mouse,Little Critters,1,AnimalJuvenile,0.1,
TYR_Mouse,Little Critters,2,AnimalAdult,0.2222,Pawn_Boomrat_Wounded
TYR_MousePoison,Little Critters,0,AnimalBaby,0,
TYR_MousePoison,Little Critters,1,AnimalJuvenile,0.1,
TYR_MousePoison,Little Critters,2,AnimalAdult,0.2222,Pawn_Boomrat_Wounded
Arthropleura,Megafauna,0,AnimalBaby,0,
Arthropleura,Megafauna,1,AnimalJuvenile,0.03,
Arthropleura,Megafauna,2,AnimalAdult,0.2,Pawn_BigInsect_Pain
Doedicurus,Megafauna,0,AnimalBaby,0,
Doedicurus,Megafauna,1,AnimalJuvenile,0.5,
Doedicurus,Megafauna,2,AnimalAdult,0.7,Pawn_Rodent_Wounded
Daeodon,Megafauna,0,AnimalBaby,0,
Daeodon,Megafauna,1,AnimalJuvenile,0.5,Pawn_Wildboar_Wounded
Daeodon,Megafauna,2,AnimalAdult,1,Pawn_Wildboar_Wounded
Gigantopithecus,Megafauna,0,AnimalBaby,0,
Gigantopithecus,Megafauna,1,AnimalJuvenile,0.5,
Gigantopithecus,Megafauna,2,AnimalAdult,0.8,Pawn_Monkey_Wounded
Paraceratherium,Megafauna,0,AnimalBaby,0,
Paraceratherium,Megafauna,1,AnimalJuvenile,1,
Paraceratherium,Megafauna,2,AnimalAdult,3,Pawn_Thrumbo_Pain
Titanis,Megafauna,0,AnimalBaby,0,
Titanis,Megafauna,1,AnimalJuvenile,0.4,
Titanis,Megafauna,2,AnimalAdult,0.8,
Titanoboa,Megafauna,0,AnimalBaby,0,
Titanoboa,Megafauna,1,AnimalJuvenile,0.7,
Titanoboa,Megafauna,2,AnimalAdult,1.3,Pawn_Cobra_Wounded
WoollyMammoth,Megafauna,0,AnimalBaby,0,
WoollyMammoth,Megafauna,1,AnimalJuvenile,1,
WoollyMammoth,Megafauna,2,AnimalAdult,2.2,Pawn_Elephant_Injured
Elasmotherium,Megafauna,0,AnimalBaby,0,
Elasmotherium,Megafauna,1,AnimalJuvenile,1,
Elasmotherium,Megafauna,2,AnimalAdult,2.2,Pawn_Rhinoceros_Wounded
Smilodon,Megafauna,0,AnimalBaby,0,
Smilodon,Megafauna,1,AnimalJuvenile,0.2,Pawn_Cougar_Injured
Smilodon,Megafauna,2,AnimalAdult,0.8,Pawn_Cougar_Injured
Chalicotherium,Megafauna,0,AnimalBaby,0,
Chalicotherium,Megafauna,1,AnimalJuvenile,0.75,
Chalicotherium,Megafauna,2,AnimalAdult,1,Pawn_Thrumbo_Pain
Megaloceros,Megafauna,0,AnimalBaby,0,
Megaloceros,Megafauna,1,AnimalJuvenile,1,
Megaloceros,Megafauna,2,AnimalAdult,1.5,Pawn_Deer_Wounded
Procoptodon,Megafauna,0,AnimalBaby,0,
Procoptodon,Megafauna,1,AnimalJuvenile,0.5,
Procoptodon,Megafauna,2,AnimalAdult,0.75,Pawn_Thrumbo_Pain
Megalania,Megafauna,0,AnimalBaby,0,
Megalania,Megafauna,1,AnimalJuvenile,0.5,Pawn_Iguana_Wounded
Megalania,Megafauna,2,AnimalAdult,1,Pawn_Iguana_Wounded
Gomphotaria,Megafauna,0,AnimalBaby,0,
Gomphotaria,Megafauna,1,AnimalJuvenile,0.75,
Gomphotaria,Megafauna,2,AnimalAdult,1.2,Pawn_Thrumbo_Pain
Diprotodon,Megafauna,0,AnimalBaby,0,
Diprotodon,Megafauna,1,AnimalJuvenile,0.5,
Diprotodon,Megafauna,2,AnimalAdult,1,Pawn_Rodent_Wounded
ShortfacedBear,Megafauna,0,AnimalBaby,0,
ShortfacedBear,Megafauna,1,AnimalJuvenile,0.6,Pawn_Bear_Injured
ShortfacedBear,Megafauna,2,AnimalAdult,1.2,Pawn_Bear_Injured
Dinocrocuta,Megafauna,0,AnimalBaby,0,
Dinocrocuta,Megafauna,1,AnimalJuvenile,0.4,Pawn_Cougar_Injured
Dinocrocuta,Megafauna,2,AnimalAdult,0.9,Pawn_Cougar_Injured
Sivatherium,Megafauna,0,AnimalBaby,0,
Sivatherium,Megafauna,1,AnimalJuvenile,1,
Sivatherium,Megafauna,2,AnimalAdult,1.5,Pawn_Deer_Wounded
Andrewsarchus,Megafauna,0,AnimalBaby,0,
Andrewsarchus,Megafauna,1,AnimalJuvenile,0.5,Pawn_Warg_Wounded
Andrewsarchus,Megafauna,2,AnimalAdult,1.1,Pawn_Warg_Wounded
Dinornis,Megafauna,0,AnimalBaby,0,
Dinornis,Megafauna,1,AnimalJuvenile,0.5,
Dinornis,Megafauna,2,AnimalAdult,1,
Macrauchenia,Megafauna,0,AnimalBaby,0,
Macrauchenia,Megafauna,1,AnimalJuvenile,1.1,
Macrauchenia,Megafauna,2,AnimalAdult,1.6,Pawn_Deer_Wounded
Quinkana,Megafauna,0,AnimalBaby,0,
Quinkana,Megafauna,1,AnimalJuvenile,0.6,Pawn_Iguana_Wounded
Quinkana,Megafauna,2,AnimalAdult,1.2,Pawn_Iguana_Wounded
Deinotherium,Megafauna,0,AnimalBaby,0,
Deinotherium,Megafauna,1,AnimalJuvenile,1,
Deinotherium,Megafauna,2,AnimalAdult,2.2,Pawn_Elephant_Injured
Aurochs,Megafauna,0,AnimalBaby,0,
Aurochs,Megafauna,1,AnimalJuvenile,0.8,
Aurochs,Megafauna,2,AnimalAdult,1.2,Pawn_Muffalo_Wounded
Megalochelys,Megafauna,0,AnimalBaby,0,
Megalochelys,Megafauna,1,AnimalJuvenile,0.6,
Megalochelys,Megafauna,2,AnimalAdult,0.9,Pawn_Tortoise_Wounded
Palaeeudyptes,Megafauna,0,AnimalBaby,0,
Palaeeudyptes,Megafauna,1,AnimalJuvenile,0.4,
Palaeeudyptes,Megafauna,2,AnimalAdult,0.8,
Josephoartigasia,Megafauna,0,AnimalBaby,0,
Josephoartigasia,Megafauna,1,AnimalJuvenile,0.4,
Josephoartigasia,Megafauna,2,AnimalAdult,0.8,Pawn_Rodent_Wounded
Gigantophis,Megafauna,0,AnimalBaby,0,
Gigantophis,Megafauna,1,AnimalJuvenile,0.7,
Gigantophis,Megafauna,2,AnimalAdult,1.3,Pawn_Cobra_Wounded
Meganeura,Megafauna,0,AnimalBaby,0,
Meganeura,Megafauna,1,AnimalJuvenile,0.6,
Meganeura,Megafauna,2,AnimalAdult,0.7,Pawn_BigInsect_Pain
Zygolophodon,Megafauna,0,AnimalBaby,0,
Zygolophodon,Megafauna,1,AnimalJuvenile,1,
Zygolophodon,Megafauna,2,AnimalAdult,2.2,Pawn_Elephant_Injured
Platybelodon,Megafauna,0,AnimalBaby,0,
Platybelodon,Megafauna,1,AnimalJuvenile,1,
Platybelodon,Megafauna,2,AnimalAdult,2.2,Pawn_Elephant_Injured
Purussaurus,Megafauna,0,AnimalBaby,0,
Purussaurus,Megafauna,1,AnimalJuvenile,1,Pawn_Iguana_Wounded
Purussaurus,Megafauna,2,AnimalAdult,1.8,Pawn_Iguana_Wounded
Uintatherium,Megafauna,0,AnimalBaby,0,
Uintatherium,Megafauna,1,AnimalJuvenile,1,
Uintatherium,Megafauna,2,AnimalAdult,2.2,Pawn_Dromedary_Wounded
Pulmonoscorpius,Megafauna,0,AnimalBaby,0,
Pulmonoscorpius,Megafauna,1,AnimalJuvenile,0.08,
Pulmonoscorpius,Megafauna,2,AnimalAdult,0.2,Pawn_BigInsect_Pain
Dinopithecus,Megafauna,0,AnimalBaby,0,
Dinopithecus,Megafauna,1,AnimalJuvenile,0.5,
Dinopithecus,Megafauna,2,AnimalAdult,0.8,Pawn_Monkey_Wounded
Castoroides,Megafauna,0,AnimalBaby,0,
Castoroides,Megafauna,1,AnimalJuvenile,1,
Castoroides,Megafauna,2,AnimalAdult,1.3,Pawn_Alphabeaver_Wounded
Enhydriodon,Megafauna,0,AnimalBaby,0,
Enhydriodon,Megafauna,1,AnimalJuvenile,0.3,
Enhydriodon,Megafauna,2,AnimalAdult,0.9,Pawn_Cougar_Injured
MO_AbominationRace,Mo'Events (Continued),0,MechanoidFullyFormed,0,Pawn_Muffalo_Wounded
MA_Aminox,Mythic Ages: Megafauna Bestiary,0,AnimalBaby,0,
MA_Aminox,Mythic Ages: Megafauna Bestiary,1,AnimalJuvenile,0.4,
MA_Aminox,Mythic Ages: Megafauna Bestiary,2,AnimalAdult,0.6,MA_Pawn_Aminox_Pain
MA_Capryak,Mythic Ages: Megafauna Bestiary,0,AnimalBaby,0,
MA_Capryak,Mythic Ages: Megafauna Bestiary,1,AnimalJuvenile,0.4,
MA_Capryak,Mythic Ages: Megafauna Bestiary,2,AnimalAdult,0.6,Pawn_Dromedary_Wounded
MA_Deermoss,Mythic Ages: Megafauna Bestiary,0,AnimalBaby,0,
MA_Deermoss,Mythic Ages: Megafauna Bestiary,1,AnimalJuvenile,0.65,
MA_Deermoss,Mythic Ages: Megafauna Bestiary,2,AnimalAdult,1.33,Pawn_Deer_Wounded
MA_Direhorse,Mythic Ages: Megafauna Bestiary,0,AnimalBaby,0,
MA_Direhorse,Mythic Ages: Megafauna Bestiary,1,AnimalJuvenile,0.5,
MA_Direhorse,Mythic Ages: Megafauna Bestiary,2,AnimalAdult,1.0,Pawn_Horse_Wounded
MA_Dunbear,Mythic Ages: Megafauna Bestiary,0,AnimalBaby,0,
MA_Dunbear,Mythic Ages: Megafauna Bestiary,1,AnimalJuvenile,0.35,
MA_Dunbear,Mythic Ages: Megafauna Bestiary,2,AnimalAdult,0.65,MA_Pawn_Dunbear_Pain
MA_Duskhorn,Mythic Ages: Megafauna Bestiary,0,AnimalBaby,0,
MA_Duskhorn,Mythic Ages: Megafauna Bestiary,1,AnimalJuvenile,0.4,
MA_Duskhorn,Mythic Ages: Megafauna Bestiary,2,AnimalAdult,0.6,MA_Pawn_Duskhorn_Pain
MA_Furpotamus,Mythic Ages: Megafauna Bestiary,0,AnimalBaby,0,
MA_Furpotamus,Mythic Ages: Megafauna Bestiary,1,AnimalJuvenile,0.75,
MA_Furpotamus,Mythic Ages: Megafauna Bestiary,2,AnimalAdult,1.0,MA_Pawn_Furpotamus_Pain
MA_Gnaut,Mythic Ages: Megafauna Bestiary,0,AnimalBaby,0,
MA_Gnaut,Mythic Ages: Megafauna Bestiary,1,AnimalJuvenile,0.35,
MA_Gnaut,Mythic Ages: Megafauna Bestiary,2,AnimalAdult,0.5,Pawn_Muffalo_Wounded
MA_Harpeagle,Mythic Ages: Megafauna Bestiary,0,AnimalBabyTiny,0,
MA_Harpeagle,Mythic Ages: Megafauna Bestiary,1,AnimalJuvenile,0.6,
MA_Harpeagle,Mythic Ages: Megafauna Bestiary,2,AnimalAdult,1.2,MA_Pawn_Harpeagle_pain
MA_Hellboar,Mythic Ages: Megafauna Bestiary,0,AnimalBaby,0,
MA_Hellboar,Mythic Ages: Megafauna Bestiary,1,AnimalJuvenile,0.5,
MA_Hellboar,Mythic Ages: Megafauna Bestiary,2,AnimalAdult,1.0,MA_Pawn_Hellboar_Pain
MA_Manehound,Mythic Ages: Megafauna Bestiary,0,AnimalBaby,0,
MA_Manehound,Mythic Ages: Megafauna Bestiary,1,AnimalJuvenile,0.25,
MA_Manehound,Mythic Ages: Megafauna Bestiary,2,AnimalAdult,0.5,MA_Pawn_Manehound_Pain
MA_Narkospider,Mythic Ages: Megafauna Bestiary,0,EusocialInsectLarva,0,
MA_Narkospider,Mythic Ages: Megafauna Bestiary,1,EusocialInsectJuvenile,0.1,
MA_Narkospider,Mythic Ages: Megafauna Bestiary,2,EusocialInsectAdult,0.3,Pawn_BigInsect_Pain
MA_Plastemmoth,Mythic Ages: Megafauna Bestiary,0,AnimalBaby,0,
MA_Plastemmoth,Mythic Ages: Megafauna Bestiary,1,AnimalJuvenile,0.65,
MA_Plastemmoth,Mythic Ages: Megafauna Bestiary,2,AnimalAdult,1.0,MA_Pawn_Plastemmoth_Wounded
MA_PlastemmothAlpha,Mythic Ages: Megafauna Bestiary,0,AnimalBaby,0,
MA_PlastemmothAlpha,Mythic Ages: Megafauna Bestiary,1,AnimalJuvenile,0.65,
MA_PlastemmothAlpha,Mythic Ages: Megafauna Bestiary,2,AnimalAdult,1.0,MA_Pawn_Plastemmoth_Wounded
MA_Raptorkhan,Mythic Ages: Megafauna Bestiary,0,AnimalBaby,0,
MA_Raptorkhan,Mythic Ages: Megafauna Bestiary,1,AnimalJuvenile,0.1,
MA_Raptorkhan,Mythic Ages: Megafauna Bestiary,2,AnimalAdult,0.3,MA_Pawn_Raptorkhan_Wounded
MA_Scarodon,Mythic Ages: Megafauna Bestiary,0,AnimalBaby,0,
MA_Scarodon,Mythic Ages: Megafauna Bestiary,1,AnimalJuvenile,0.35,
MA_Scarodon,Mythic Ages: Megafauna Bestiary,2,AnimalAdult,0.65,MA_Pawn_Scarodon_Pain
MA_Simbakub,Mythic Ages: Megafauna Bestiary,0,AnimalBaby,0,
MA_Simbakub,Mythic Ages: Megafauna Bestiary,1,AnimalJuvenile,0.25,
MA_Simbakub,Mythic Ages: Megafauna Bestiary,2,AnimalAdult,0.5,Simbakub_Pain
MA_SimbakubAlpha,Mythic Ages: Megafauna Bestiary,0,AnimalBaby,0,
MA_SimbakubAlpha,Mythic Ages: Megafauna Bestiary,1,AnimalJuvenile,0.25,
MA_SimbakubAlpha,Mythic Ages: Megafauna Bestiary,2,AnimalAdult,0.5,Simbakub_Pain
MA_Sivatherium,Mythic Ages: Megafauna Bestiary,0,AnimalBaby,0,
MA_Sivatherium,Mythic Ages: Megafauna Bestiary,1,AnimalJuvenile,0.6,
MA_Sivatherium,Mythic Ages: Megafauna Bestiary,2,AnimalAdult,1.0,Sivatherium_Pain
MA_Sporemole,Mythic Ages: Megafauna Bestiary,0,AnimalBaby,0,
MA_Sporemole,Mythic Ages: Megafauna Bestiary,1,AnimalJuvenile,0.05,
MA_Sporemole,Mythic Ages: Megafauna Bestiary,2,AnimalAdult,0.08,MA_Pawn_Sporemole_Pain
MA_Worhin,Mythic Ages: Megafauna Bestiary,0,AnimalBaby,0,
MA_Worhin,Mythic Ages: Megafauna Bestiary,1,AnimalJuvenile,0.9,
MA_Worhin,Mythic Ages: Megafauna Bestiary,2,AnimalAdult,1.4,MA_Pawn_Worhin_Pain
IronScruff_Tardigrade,Primordial Geysers,0,AnimalBaby,0,
IronScruff_Tardigrade,Primordial Geysers,1,AnimalJuvenile,0.25,
IronScruff_Tardigrade,Primordial Geysers,2,AnimalAdult,0.3333,Pawn_Megascarab_Wounded
IronScruff_Hydrazoa,Primordial Geysers,0,AnimalBaby,0,
IronScruff_Hydrazoa,Primordial Geysers,1,AnimalJuvenile,0.15,
IronScruff_Hydrazoa,Primordial Geysers,2,AnimalAdult,0.22,Pawn_Megascarab_Wounded
IronScruff_Flatworm,Primordial Geysers,0,AnimalBaby,0,
IronScruff_Flatworm,Primordial Geysers,1,AnimalJuvenile,0.25,
IronScruff_Flatworm,Primordial Geysers,2,AnimalAdult,0.5,Pawn_Spelopede_Pain
IronScruff_Jellybird,Primordial Geysers,0,AnimalBaby,0,
IronScruff_Jellybird,Primordial Geysers,1,AnimalJuvenile,0.1,
IronScruff_Jellybird,Primordial Geysers,2,AnimalAdult,0.2222,Pawn_Spelopede_Pain
Ling_Cockroach,Rim cockroach,0,EusocialInsectLarva,0,
Ling_Cockroach,Rim cockroach,1,EusocialInsectAdult,1,Pawn_Megascarab_Wounded
Ling_Cockroach_Mechanoid,Rim cockroach,0,MechanoidFullyFormed,0,Pawn_Mech_Scorcher_Wounded
Ling_Cockroach,Rim cockroach,0,EusocialInsectLarva,0,
Ling_Cockroach,Rim cockroach,1,EusocialInsectAdult,1,Pawn_Megascarab_Wounded
Ling_Cockroach_Mechanoid,Rim cockroach,0,MechanoidFullyFormed,0,Pawn_Mech_Scorcher_Wounded
Skunk,Skunks,0,AnimalBaby,0,
Skunk,Skunks,1,AnimalJuvenile,0.1,
Skunk,Skunks,2,AnimalAdult,0.2222,Pawn_Hare_Wounded
Scuttlebug,Space Worms (Continued),0,EusocialInsectLarva,0,
Scuttlebug,Space Worms (Continued),1,EusocialInsectJuvenile,0.03,
Scuttlebug,Space Worms (Continued),2,EusocialInsectAdult,0.4,Pawn_Megascarab_Wounded
Dewback,Star Wars Animal Collection (Continued),0,AnimalBaby,0,
Dewback,Star Wars Animal Collection (Continued),1,AnimalJuvenile,0.3,
Dewback,Star Wars Animal Collection (Continued),2,AnimalAdult,0.6,Pawn_Dewback_Wounded
Rancor,Star Wars Animal Collection (Continued),0,AnimalBaby,0,Pawn_RancorBaby_Wounded
Rancor,Star Wars Animal Collection (Continued),1,AnimalJuvenile,0.4,
Rancor,Star Wars Animal Collection (Continued),2,AnimalAdult,0.8,Pawn_Rancor_Wounded
Bantha,Star Wars Animal Collection (Continued),0,AnimalBaby,0,
Bantha,Star Wars Animal Collection (Continued),1,AnimalJuvenile,0.3,
Bantha,Star Wars Animal Collection (Continued),2,AnimalAdult,0.6,Pawn_Bantha_Wounded
Nexu,Star Wars Animal Collection (Continued),0,AnimalBaby,0,
Nexu,Star Wars Animal Collection (Continued),1,AnimalJuvenile,0.4,
Nexu,Star Wars Animal Collection (Continued),2,AnimalAdult,0.8,Pawn_Nexu_Wounded
Acklay,Star Wars Animal Collection (Continued),0,AnimalBaby,0,
Acklay,Star Wars Animal Collection (Continued),1,AnimalJuvenile,0.4,
Acklay,Star Wars Animal Collection (Continued),2,AnimalAdult,0.8,Pawn_Acklay_Wounded
Tauntaun,Star Wars Animal Collection (Continued),0,AnimalBaby,0,Pawn_TauntaunBaby_Wounded
Tauntaun,Star Wars Animal Collection (Continued),1,AnimalJuvenile,0.2,
Tauntaun,Star Wars Animal Collection (Continued),2,AnimalAdult,0.45,Pawn_Tauntaun_Wounded
KraytDragon,Star Wars Animal Collection (Continued),0,AnimalBaby,0,
KraytDragon,Star Wars Animal Collection (Continued),1,AnimalJuvenile,0.4,
KraytDragon,Star Wars Animal Collection (Continued),2,AnimalAdult,0.8,Pawn_KraytDragon_Wounded
Reek,Star Wars Animal Collection (Continued),0,AnimalBaby,0,Pawn_ReekBaby_Wounded
Reek,Star Wars Animal Collection (Continued),1,AnimalJuvenile,0.25,
Reek,Star Wars Animal Collection (Continued),2,AnimalAdult,0.5,Pawn_Reek_Wounded
Nerf,Star Wars Animal Collection (Continued),0,AnimalBaby,0,
Nerf,Star Wars Animal Collection (Continued),1,AnimalJuvenile,0.2,
Nerf,Star Wars Animal Collection (Continued),2,AnimalAdult,0.45,Pawn_FeralNerf_Wounded
Gizka,Star Wars Animal Collection (Continued),0,AnimalBaby,0,
Gizka,Star Wars Animal Collection (Continued),1,AnimalJuvenile,0.04,
Gizka,Star Wars Animal Collection (Continued),2,AnimalAdult,0.09,Pawn_Gizka_Wounded
Porg,Star Wars Animal Collection (Continued),0,AnimalBabyTiny,0,Pawn_Chick_Call
Porg,Star Wars Animal Collection (Continued),1,AnimalJuvenile,0.12,
Porg,Star Wars Animal Collection (Continued),2,AnimalAdult,0.3,Pawn_Porg_Wounded
Vulptex,Star Wars Animal Collection (Continued),0,AnimalBaby,0,
Vulptex,Star Wars Animal Collection (Continued),1,AnimalJuvenile,0.1,
Vulptex,Star Wars Animal Collection (Continued),2,AnimalAdult,0.3,Pawn_Vulptex_Wounded
Wampa,Star Wars Animal Collection (Continued),0,AnimalBaby,0,
Wampa,Star Wars Animal Collection (Continued),1,AnimalJuvenile,0.4,
Wampa,Star Wars Animal Collection (Continued),2,AnimalAdult,0.8,Pawn_Wampa_Wounded
Akk,Star Wars Animal Collection (Continued),0,AnimalBaby,0,
Akk,Star Wars Animal Collection (Continued),1,AnimalJuvenile,0.2,
Akk,Star Wars Animal Collection (Continued),2,AnimalAdult,0.4,Pawn_Akk_Wounded
Aiwha,Star Wars Animal Collection (Continued),0,AnimalBaby,0,
Aiwha,Star Wars Animal Collection (Continued),1,AnimalJuvenile,0.4,
Aiwha,Star Wars Animal Collection (Continued),2,AnimalAdult,0.8,Pawn_Aiwha_Wounded
Anooba,Star Wars Animal Collection (Continued),0,AnimalBaby,0,
Anooba,Star Wars Animal Collection (Continued),1,AnimalJuvenile,0.2,
Anooba,Star Wars Animal Collection (Continued),2,AnimalAdult,0.5,Pawn_Anooba_Wounded
Behemoth,Star Wars Animal Collection (Continued),0,AnimalBaby,0,
Behemoth,Star Wars Animal Collection (Continued),1,AnimalJuvenile,0.5,
Behemoth,Star Wars Animal Collection (Continued),2,AnimalAdult,1.0,Pawn_Behemoth_Wounded
Beldon,Star Wars Animal Collection (Continued),0,AnimalBaby,0,
Beldon,Star Wars Animal Collection (Continued),1,AnimalJuvenile,0.4,
Beldon,Star Wars Animal Collection (Continued),2,AnimalAdult,0.8,Pawn_Beldon_Wounded
Boarwolf,Star Wars Animal Collection (Continued),0,AnimalBaby,0,
Boarwolf,Star Wars Animal Collection (Continued),1,AnimalJuvenile,0.2,
Boarwolf,Star Wars Animal Collection (Continued),2,AnimalAdult,0.5,Pawn_Boarwolf_Wounded
Blarth,Star Wars Animal Collection (Continued),0,AnimalBaby,0,
Blarth,Star Wars Animal Collection (Continued),1,AnimalJuvenile,0.1,
Blarth,Star Wars Animal Collection (Continued),2,AnimalAdult,0.3,Pawn_Blarth_Wounded
Blixus,Star Wars Animal Collection (Continued),0,AnimalBaby,0,
Blixus,Star Wars Animal Collection (Continued),1,AnimalJuvenile,0.3,
Blixus,Star Wars Animal Collection (Continued),2,AnimalAdult,0.6,Pawn_Blixus_Wounded
Blurrg,Star Wars Animal Collection (Continued),0,AnimalBaby,0,
Blurrg,Star Wars Animal Collection (Continued),1,AnimalJuvenile,0.3,
Blurrg,Star Wars Animal Collection (Continued),2,AnimalAdult,0.55,Pawn_Blurrg_Wounded
Bolotaur,Star Wars Animal Collection (Continued),0,AnimalBaby,0,
Bolotaur,Star Wars Animal Collection (Continued),1,AnimalJuvenile,0.2,
Bolotaur,Star Wars Animal Collection (Continued),2,AnimalAdult,0.4,Pawn_Bolotaur_Wounded
Bogwing,Star Wars Animal Collection (Continued),0,AnimalBaby,0,
Bogwing,Star Wars Animal Collection (Continued),1,AnimalJuvenile,0.15,
Bogwing,Star Wars Animal Collection (Continued),2,AnimalAdult,0.3,Pawn_Bogwing_Wounded
Boma,Star Wars Animal Collection (Continued),0,AnimalBaby,0,
Boma,Star Wars Animal Collection (Continued),1,AnimalJuvenile,0.15,
Boma,Star Wars Animal Collection (Continued),2,AnimalAdult,0.3,Pawn_Boma_Wounded
Bordok,Star Wars Animal Collection (Continued),0,AnimalBaby,0,
Bordok,Star Wars Animal Collection (Continued),1,AnimalJuvenile,0.25,
Bordok,Star Wars Animal Collection (Continued),2,AnimalAdult,0.3333,Pawn_Donkey_Wounded
Borcatu,Star Wars Animal Collection (Continued),0,AnimalBaby,0,
Borcatu,Star Wars Animal Collection (Continued),1,AnimalJuvenile,0.1,
Borcatu,Star Wars Animal Collection (Continued),2,AnimalAdult,0.2,Pawn_Boomrat_Wounded
Brezak,Star Wars Animal Collection (Continued),0,AnimalBaby,0,
Brezak,Star Wars Animal Collection (Continued),1,AnimalJuvenile,0.4,
Brezak,Star Wars Animal Collection (Continued),2,AnimalAdult,0.8,Pawn_Brezak_Wounded
Bursa,Star Wars Animal Collection (Continued),0,AnimalBaby,0,
Bursa,Star Wars Animal Collection (Continued),1,AnimalJuvenile,0.2,
Bursa,Star Wars Animal Collection (Continued),2,AnimalAdult,0.5,Pawn_Bear_Injured
CanCell,Star Wars Animal Collection (Continued),0,AnimalBaby,0,
CanCell,Star Wars Animal Collection (Continued),1,AnimalJuvenile,0.15,
CanCell,Star Wars Animal Collection (Continued),2,AnimalAdult,0.3,Pawn_CanCell_Wounded
Cannok,Star Wars Animal Collection (Continued),0,AnimalBaby,0,
Cannok,Star Wars Animal Collection (Continued),1,AnimalJuvenile,0.15,
Cannok,Star Wars Animal Collection (Continued),2,AnimalAdult,0.3,Pawn_Cannok_Wounded
ChrysalideRancor,Star Wars Animal Collection (Continued),0,AnimalBaby,0,Pawn_RancorBaby_Wounded
ChrysalideRancor,Star Wars Animal Collection (Continued),1,AnimalJuvenile,0.2,
ChrysalideRancor,Star Wars Animal Collection (Continued),2,AnimalAdult,0.4,Pawn_ChrysalideRancor_Wounded
Clodhopper,Star Wars Animal Collection (Continued),0,AnimalBaby,0,Pawn_Chick_Call
Clodhopper,Star Wars Animal Collection (Continued),1,AnimalJuvenile,0.05,
Clodhopper,Star Wars Animal Collection (Continued),2,AnimalAdult,0.1,Pawn_Clodhopper_Wounded
Convor,Star Wars Animal Collection (Continued),0,AnimalBabyTiny,0,Pawn_Chick_Call
Convor,Star Wars Animal Collection (Continued),1,AnimalJuvenile,0.12,
Convor,Star Wars Animal Collection (Continued),2,AnimalAdult,0.2,Pawn_Convor_Wounded
CorellianHound,Star Wars Animal Collection (Continued),0,AnimalBaby,0,
CorellianHound,Star Wars Animal Collection (Continued),1,AnimalJuvenile,0.2,
CorellianHound,Star Wars Animal Collection (Continued),2,AnimalAdult,0.5,Pawn_CorellianHound_Wounded
Corinathoth,Star Wars Animal Collection (Continued),0,AnimalBaby,0,
Corinathoth,Star Wars Animal Collection (Continued),1,AnimalJuvenile,0.25,
Corinathoth,Star Wars Animal Collection (Continued),2,AnimalAdult,0.5,Pawn_Corinathoth_Wounded
Dactillion,Star Wars Animal Collection (Continued),0,AnimalBaby,0,
Dactillion,Star Wars Animal Collection (Continued),1,AnimalJuvenile,0.4,
Dactillion,Star Wars Animal Collection (Continued),2,AnimalAdult,0.8,Pawn_Dactillion_Wounded
Dalgo,Star Wars Animal Collection (Continued),0,AnimalBaby,0,
Dalgo,Star Wars Animal Collection (Continued),1,AnimalJuvenile,0.15,
Dalgo,Star Wars Animal Collection (Continued),2,AnimalAdult,0.3,Pawn_Dalgo_Wounded
Devourers,Star Wars Animal Collection (Continued),0,AnimalBaby,0,
Devourers,Star Wars Animal Collection (Continued),1,AnimalJuvenile,0.3,
Devourers,Star Wars Animal Collection (Continued),2,AnimalAdult,0.6,Pawn_Devourer_Wounded
Dianoga,Star Wars Animal Collection (Continued),0,AnimalBaby,0,
Dianoga,Star Wars Animal Collection (Continued),1,AnimalJuvenile,0.3,
Dianoga,Star Wars Animal Collection (Continued),2,AnimalAdult,0.6,Pawn_Dianoga_Wounded
Dragonsnake,Star Wars Animal Collection (Continued),0,AnimalBaby,0,
Dragonsnake,Star Wars Animal Collection (Continued),1,AnimalJuvenile,0.25,
Dragonsnake,Star Wars Animal Collection (Continued),2,AnimalAdult,0.5,Pawn_Dragonsnake_Wounded
Drexl,Star Wars Animal Collection (Continued),0,AnimalBaby,0,
Drexl,Star Wars Animal Collection (Continued),1,AnimalJuvenile,0.4,
Drexl,Star Wars Animal Collection (Continued),2,AnimalAdult,0.8,Pawn_Drexl_Wounded
EnergySpider,Star Wars Animal Collection (Continued),0,AnimalBaby,0,
EnergySpider,Star Wars Animal Collection (Continued),1,AnimalJuvenile,0.4,
EnergySpider,Star Wars Animal Collection (Continued),2,AnimalAdult,0.8,Pawn_EnergySpider_Wounded
Eopie,Star Wars Animal Collection (Continued),0,AnimalBaby,0,
Eopie,Star Wars Animal Collection (Continued),1,AnimalJuvenile,0.15,
Eopie,Star Wars Animal Collection (Continued),2,AnimalAdult,0.3,Pawn_Eopie_Wounded
Falumpaset,Star Wars Animal Collection (Continued),0,AnimalBaby,0,
Falumpaset,Star Wars Animal Collection (Continued),1,AnimalJuvenile,0.4,
Falumpaset,Star Wars Animal Collection (Continued),2,AnimalAdult,0.6,Pawn_Falumpaset_Wounded
Fambaa,Star Wars Animal Collection (Continued),0,AnimalBaby,0,
Fambaa,Star Wars Animal Collection (Continued),1,AnimalJuvenile,0.5,
Fambaa,Star Wars Animal Collection (Continued),2,AnimalAdult,1.0,Pawn_Fambaa_Wounded
Fanback,Star Wars Animal Collection (Continued),0,AnimalBaby,0,
Fanback,Star Wars Animal Collection (Continued),1,AnimalJuvenile,0.2,
Fanback,Star Wars Animal Collection (Continued),2,AnimalAdult,0.4,Pawn_Fanback_Wounded
FeralGrazer,Star Wars Animal Collection (Continued),0,AnimalBaby,0,
FeralGrazer,Star Wars Animal Collection (Continued),1,AnimalJuvenile,0.20,
FeralGrazer,Star Wars Animal Collection (Continued),2,AnimalAdult,0.30,Pawn_FeralGrazer_Wounded
FeralNerf,Star Wars Animal Collection (Continued),0,AnimalBaby,0,
FeralNerf,Star Wars Animal Collection (Continued),1,AnimalJuvenile,0.2,
FeralNerf,Star Wars Animal Collection (Continued),2,AnimalAdult,0.3,Pawn_FeralNerf_Wounded
FrilledGorg,Star Wars Animal Collection (Continued),0,AnimalBabyTiny,0,
FrilledGorg,Star Wars Animal Collection (Continued),1,AnimalJuvenile,0.1,
FrilledGorg,Star Wars Animal Collection (Continued),2,AnimalAdult,0.2,Pawn_Gorg_Wounded
FrogDog,Star Wars Animal Collection (Continued),0,AnimalBabyTiny,0,
FrogDog,Star Wars Animal Collection (Continued),1,AnimalJuvenile,0.5,
FrogDog,Star Wars Animal Collection (Continued),2,AnimalAdult,1.0,Pawn_FrogDog_Wounded
Gelagrub,Star Wars Animal Collection (Continued),0,AnimalBaby,0,
Gelagrub,Star Wars Animal Collection (Continued),1,AnimalJuvenile,0.15,
Gelagrub,Star Wars Animal Collection (Continued),2,AnimalAdult,0.25,Pawn_Gelagrub_Wounded
Gorg,Star Wars Animal Collection (Continued),0,AnimalBabyTiny,0,
Gorg,Star Wars Animal Collection (Continued),1,AnimalJuvenile,0.1,
Gorg,Star Wars Animal Collection (Continued),2,AnimalAdult,0.15,Pawn_Gorg_Wounded
Gornt,Star Wars Animal Collection (Continued),0,AnimalBaby,0,
Gornt,Star Wars Animal Collection (Continued),1,AnimalJuvenile,0.05,
Gornt,Star Wars Animal Collection (Continued),2,AnimalAdult,0.1,Pawn_Gornt_Wounded
Grank,Star Wars Animal Collection (Continued),0,AnimalBaby,0,
Grank,Star Wars Animal Collection (Continued),1,AnimalJuvenile,0.2,
Grank,Star Wars Animal Collection (Continued),2,AnimalAdult,0.5,Pawn_Grank_Wounded
GraniteSlug,Star Wars Animal Collection (Continued),0,AnimalBaby,0,
GraniteSlug,Star Wars Animal Collection (Continued),1,AnimalJuvenile,0.05,
GraniteSlug,Star Wars Animal Collection (Continued),2,AnimalAdult,0.1,Pawn_GraniteSlug_Wounded
Grazer,Star Wars Animal Collection (Continued),0,AnimalBaby,0,
Grazer,Star Wars Animal Collection (Continued),1,AnimalJuvenile,0.20,
Grazer,Star Wars Animal Collection (Continued),2,AnimalAdult,0.30,Pawn_FeralGrazer_Wounded
GreaterKraytDragon,Star Wars Animal Collection (Continued),0,AnimalBaby,0,
GreaterKraytDragon,Star Wars Animal Collection (Continued),1,AnimalJuvenile,0.75,
GreaterKraytDragon,Star Wars Animal Collection (Continued),2,AnimalAdult,1.5,Pawn_GreaterKraytDragon_Wounded
Gualaar,Star Wars Animal Collection (Continued),0,AnimalBaby,0,
Gualaar,Star Wars Animal Collection (Continued),1,AnimalJuvenile,0.4,
Gualaar,Star Wars Animal Collection (Continued),2,AnimalAdult,0.8,Pawn_Gualaar_Wounded
Gullipud,Star Wars Animal Collection (Continued),0,AnimalBabyTiny,0,
Gullipud,Star Wars Animal Collection (Continued),1,AnimalJuvenile,0.1,
Gullipud,Star Wars Animal Collection (Continued),2,AnimalAdult,0.15,Pawn_Gullipud_Wounded
Gundark,Star Wars Animal Collection (Continued),0,AnimalBaby,0,
Gundark,Star Wars Animal Collection (Continued),1,AnimalJuvenile,0.3,
Gundark,Star Wars Animal Collection (Continued),2,AnimalAdult,0.6,Pawn_Gundark_Wounded
Gutkurr,Star Wars Animal Collection (Continued),0,AnimalBaby,0,
Gutkurr,Star Wars Animal Collection (Continued),1,AnimalJuvenile,0.2,
Gutkurr,Star Wars Animal Collection (Continued),2,AnimalAdult,0.5,Pawn_Gutkurr_Wounded
HarvesterBeetle,Star Wars Animal Collection (Continued),0,AnimalBaby,0,
HarvesterBeetle,Star Wars Animal Collection (Continued),1,AnimalJuvenile,0.5,
HarvesterBeetle,Star Wars Animal Collection (Continued),2,AnimalAdult,1.0,Pawn_HarvesterBeetle_Wounded
Hawkbat,Star Wars Animal Collection (Continued),0,AnimalBaby,0,
Hawkbat,Star Wars Animal Collection (Continued),1,AnimalJuvenile,0.25,
Hawkbat,Star Wars Animal Collection (Continued),2,AnimalAdult,0.5,Pawn_Hawkbat_Wounded
Horax,Star Wars Animal Collection (Continued),0,AnimalBaby,0,
Horax,Star Wars Animal Collection (Continued),1,AnimalJuvenile,0.5,
Horax,Star Wars Animal Collection (Continued),2,AnimalAdult,1.0,Pawn_Horax_Wounded
Hrumph,Star Wars Animal Collection (Continued),0,AnimalBaby,0,
Hrumph,Star Wars Animal Collection (Continued),1,AnimalJuvenile,0.2,
Hrumph,Star Wars Animal Collection (Continued),2,AnimalAdult,0.4,Pawn_Hrumph_Wounded
Hssiss,Star Wars Animal Collection (Continued),0,AnimalBaby,0,
Hssiss,Star Wars Animal Collection (Continued),1,AnimalJuvenile,0.25,
Hssiss,Star Wars Animal Collection (Continued),2,AnimalAdult,0.5,Pawn_Hssiss_Wounded
Igitz,Star Wars Animal Collection (Continued),0,AnimalBaby,0,
Igitz,Star Wars Animal Collection (Continued),1,AnimalJuvenile,0.1,
Igitz,Star Wars Animal Collection (Continued),2,AnimalAdult,0.2,Pawn_Igitz_Wounded
Insectomorph,Star Wars Animal Collection (Continued),0,AnimalBaby,0,
Insectomorph,Star Wars Animal Collection (Continued),1,AnimalJuvenile,0.15,
Insectomorph,Star Wars Animal Collection (Continued),2,AnimalAdult,0.3,Pawn_Insectomorph_Wounded
IridonianReek,Star Wars Animal Collection (Continued),0,AnimalBaby,0,Pawn_ReekBaby_Wounded
IridonianReek,Star Wars Animal Collection (Continued),1,AnimalJuvenile,0.3,
IridonianReek,Star Wars Animal Collection (Continued),2,AnimalAdult,0.6,Pawn_Reek_Wounded
IthorianReek,Star Wars Animal Collection (Continued),0,AnimalBaby,0,Pawn_ReekBaby_Wounded
IthorianReek,Star Wars Animal Collection (Continued),1,AnimalJuvenile,0.2,
IthorianReek,Star Wars Animal Collection (Continued),2,AnimalAdult,0.4,Pawn_Reek_Wounded
Iriaz,Star Wars Animal Collection (Continued),0,AnimalBaby,0,
Iriaz,Star Wars Animal Collection (Continued),1,AnimalJuvenile,0.1,
Iriaz,Star Wars Animal Collection (Continued),2,AnimalAdult,0.2,Pawn_Iriaz_Wounded
Jakobeast,Star Wars Animal Collection (Continued),0,AnimalBaby,0,
Jakobeast,Star Wars Animal Collection (Continued),1,AnimalJuvenile,0.4,
Jakobeast,Star Wars Animal Collection (Continued),2,AnimalAdult,0.8,Pawn_Jakobeast_Wounded
Jamel,Star Wars Animal Collection (Continued),0,AnimalBaby,0,
Jamel,Star Wars Animal Collection (Continued),1,AnimalJuvenile,0.2,
Jamel,Star Wars Animal Collection (Continued),2,AnimalAdult,0.3,Pawn_Jamel_Wounded
Jimvu,Star Wars Animal Collection (Continued),0,AnimalBaby,0,
Jimvu,Star Wars Animal Collection (Continued),1,AnimalJuvenile,0.15,
Jimvu,Star Wars Animal Collection (Continued),2,AnimalAdult,0.3,Pawn_Jimvu_Wounded
JungleRancor,Star Wars Animal Collection (Continued),0,AnimalBaby,0,Pawn_RancorBaby_Wounded
JungleRancor,Star Wars Animal Collection (Continued),1,AnimalJuvenile,0.75,
JungleRancor,Star Wars Animal Collection (Continued),2,AnimalAdult,1.5,Pawn_JungleRancor_Wounded
Kaadu,Star Wars Animal Collection (Continued),0,AnimalBaby,0,Pawn_Chick_Call
Kaadu,Star Wars Animal Collection (Continued),1,AnimalJuvenile,0.25,
Kaadu,Star Wars Animal Collection (Continued),2,AnimalAdult,0.5,Pawn_Kaadu_Wounded
Katarn,Star Wars Animal Collection (Continued),0,AnimalBaby,0,
Katarn,Star Wars Animal Collection (Continued),1,AnimalJuvenile,0.25,
Katarn,Star Wars Animal Collection (Continued),2,AnimalAdult,0.5,Pawn_Katarn_Wounded
KellDragon,Star Wars Animal Collection (Continued),0,AnimalBaby,0,
KellDragon,Star Wars Animal Collection (Continued),1,AnimalJuvenile,0.15,
KellDragon,Star Wars Animal Collection (Continued),2,AnimalAdult,0.3,Pawn_KellDragon_Wounded
KowakianMonkeyLizard,Star Wars Animal Collection (Continued),0,AnimalBaby,0,
KowakianMonkeyLizard,Star Wars Animal Collection (Continued),1,AnimalJuvenile,0.2,
KowakianMonkeyLizard,Star Wars Animal Collection (Continued),2,AnimalAdult,0.3,Pawn_KowakianMonkeyLizard_Wounded
Kinrath,Star Wars Animal Collection (Continued),0,AnimalBaby,0,
Kinrath,Star Wars Animal Collection (Continued),1,AnimalJuvenile,0.02,
Kinrath,Star Wars Animal Collection (Continued),2,AnimalAdult,0.2,Pawn_Kinrath_Wounded
Klorslug,Star Wars Animal Collection (Continued),0,AnimalBaby,0,
Klorslug,Star Wars Animal Collection (Continued),1,AnimalJuvenile,0.05,
Klorslug,Star Wars Animal Collection (Continued),2,AnimalAdult,0.1,Pawn_Klorslug_Wounded
Krykna,Star Wars Animal Collection (Continued),0,AnimalBaby,0,
Krykna,Star Wars Animal Collection (Continued),1,AnimalJuvenile,0.1,
Krykna,Star Wars Animal Collection (Continued),2,AnimalAdult,0.2,Pawn_Krykna_Wounded
Kreetle,Star Wars Animal Collection (Continued),0,AnimalBaby,0,
Kreetle,Star Wars Animal Collection (Continued),1,AnimalJuvenile,0.05,
Kreetle,Star Wars Animal Collection (Continued),2,AnimalAdult,0.1,Pawn_Kreetle_Wounded
KwazelMaw,Star Wars Animal Collection (Continued),0,AnimalBaby,0,
KwazelMaw,Star Wars Animal Collection (Continued),1,AnimalJuvenile,0.25,
KwazelMaw,Star Wars Animal Collection (Continued),2,AnimalAdult,0.5,Pawn_KwazelMaw_Wounded
Kwi,Star Wars Animal Collection (Continued),0,AnimalBaby,0,
Kwi,Star Wars Animal Collection (Continued),1,AnimalJuvenile,0.3,
Kwi,Star Wars Animal Collection (Continued),2,AnimalAdult,0.6,Pawn_Kwi_Wounded
Kybuck,Star Wars Animal Collection (Continued),0,AnimalBaby,0,
Kybuck,Star Wars Animal Collection (Continued),1,AnimalJuvenile,0.1,
Kybuck,Star Wars Animal Collection (Continued),2,AnimalAdult,0.2,Pawn_Elk_Wounded
LavaFlea,Star Wars Animal Collection (Continued),0,AnimalBaby,0,
LavaFlea,Star Wars Animal Collection (Continued),1,AnimalJuvenile,0.5,
LavaFlea,Star Wars Animal Collection (Continued),2,AnimalAdult,1.0,Pawn_LavaFlea_Wounded
Leaftail,Star Wars Animal Collection (Continued),0,AnimalBaby,0,
Leaftail,Star Wars Animal Collection (Continued),1,AnimalJuvenile,0.1,
Leaftail,Star Wars Animal Collection (Continued),2,AnimalAdult,0.2,Pawn_Leaftail_Wounded
LongtailGorg,Star Wars Animal Collection (Continued),0,AnimalBabyTiny,0,
LongtailGorg,Star Wars Animal Collection (Continued),1,AnimalJuvenile,0.1,
LongtailGorg,Star Wars Animal Collection (Continued),2,AnimalAdult,0.2,Pawn_Gorg_Wounded
Lothcat,Star Wars Animal Collection (Continued),0,AnimalBaby,0,
Lothcat,Star Wars Animal Collection (Continued),1,AnimalJuvenile,0.15,
Lothcat,Star Wars Animal Collection (Continued),2,AnimalAdult,0.4,Pawn_Cat_Injured
LothWolf,Star Wars Animal Collection (Continued),0,AnimalBaby,0,
LothWolf,Star Wars Animal Collection (Continued),1,AnimalJuvenile,0.5,
LothWolf,Star Wars Animal Collection (Continued),2,AnimalAdult,0.75,Pawn_Dog_Injured
Lylek,Star Wars Animal Collection (Continued),0,AnimalBaby,0,Pawn_LylekBaby_Wounded
Lylek,Star Wars Animal Collection (Continued),1,AnimalJuvenile,0.5,
Lylek,Star Wars Animal Collection (Continued),2,AnimalAdult,1.0,Pawn_Lylek_Wounded
Maalraas,Star Wars Animal Collection (Continued),0,AnimalBaby,0,
Maalraas,Star Wars Animal Collection (Continued),1,AnimalJuvenile,0.3,
Maalraas,Star Wars Animal Collection (Continued),2,AnimalAdult,0.6,Pawn_Maalraas_Wounded
Manka,Star Wars Animal Collection (Continued),0,AnimalBaby,0,
Manka,Star Wars Animal Collection (Continued),1,AnimalJuvenile,0.2,
Manka,Star Wars Animal Collection (Continued),2,AnimalAdult,0.4,Pawn_Manka_Wounded
MarshHaunt,Star Wars Animal Collection (Continued),0,AnimalBaby,0,
MarshHaunt,Star Wars Animal Collection (Continued),1,AnimalJuvenile,0.4,
MarshHaunt,Star Wars Animal Collection (Continued),2,AnimalAdult,0.8,Pawn_MarshHaunt_Wounded
Massiff,Star Wars Animal Collection (Continued),0,AnimalBaby,0,
Massiff,Star Wars Animal Collection (Continued),1,AnimalJuvenile,0.2,
Massiff,Star Wars Animal Collection (Continued),2,AnimalAdult,0.5,Pawn_Massiff_Wounded
MastiffPhalone,Star Wars Animal Collection (Continued),0,AnimalBaby,0,Pawn_Chick_Call
MastiffPhalone,Star Wars Animal Collection (Continued),1,AnimalJuvenile,0.2,
MastiffPhalone,Star Wars Animal Collection (Continued),2,AnimalAdult,0.4,Pawn_MastiffPhalone_Wounded
Mastmot,Star Wars Animal Collection (Continued),0,AnimalBaby,0,
Mastmot,Star Wars Animal Collection (Continued),1,AnimalJuvenile,0.5,
Mastmot,Star Wars Animal Collection (Continued),2,AnimalAdult,1.0,Pawn_Mastmot_Wounded
Mawvorr,Star Wars Animal Collection (Continued),0,AnimalBaby,0,
Mawvorr,Star Wars Animal Collection (Continued),1,AnimalJuvenile,0.2,
Mawvorr,Star Wars Animal Collection (Continued),2,AnimalAdult,0.5,Pawn_Mawvorr_Wounded
Mott,Star Wars Animal Collection (Continued),0,AnimalBaby,0,
Mott,Star Wars Animal Collection (Continued),1,AnimalJuvenile,0.2,
Mott,Star Wars Animal Collection (Continued),2,AnimalAdult,0.3,Pawn_Mott_Wounded
Mudhorn,Star Wars Animal Collection (Continued),0,AnimalBaby,0,Pawn_Rhinoceros_Wounded
Mudhorn,Star Wars Animal Collection (Continued),1,AnimalJuvenile,0.4,
Mudhorn,Star Wars Animal Collection (Continued),2,AnimalAdult,0.6,Pawn_Mudhorn_Wounded
Mynock,Star Wars Animal Collection (Continued),0,AnimalBaby,0,
Mynock,Star Wars Animal Collection (Continued),1,AnimalJuvenile,0.05,
Mynock,Star Wars Animal Collection (Continued),2,AnimalAdult,0.1,Pawn_Mynock_Wounded
Narglatch,Star Wars Animal Collection (Continued),0,AnimalBaby,0,
Narglatch,Star Wars Animal Collection (Continued),1,AnimalJuvenile,0.25,
Narglatch,Star Wars Animal Collection (Continued),2,AnimalAdult,0.5,Pawn_Narglatch_Wounded
Neebray,Star Wars Animal Collection (Continued),0,AnimalBaby,0,
Neebray,Star Wars Animal Collection (Continued),1,AnimalJuvenile,0.05,
Neebray,Star Wars Animal Collection (Continued),2,AnimalAdult,0.1,Pawn_Neebray_Wounded
Nuna,Star Wars Animal Collection (Continued),0,AnimalBabyTiny,0,Pawn_Chick_Call
Nuna,Star Wars Animal Collection (Continued),1,AnimalJuvenile,0.12,
Nuna,Star Wars Animal Collection (Continued),2,AnimalAdult,0.2,Pawn_Nuna_Wounded
Ollopom,Star Wars Animal Collection (Continued),0,AnimalBabyTiny,0,
Ollopom,Star Wars Animal Collection (Continued),1,AnimalJuvenile,0.06,
Ollopom,Star Wars Animal Collection (Continued),2,AnimalAdult,0.12,Pawn_Rodent_Wounded
Orray,Star Wars Animal Collection (Continued),0,AnimalBaby,0,
Orray,Star Wars Animal Collection (Continued),1,AnimalJuvenile,0.25,
Orray,Star Wars Animal Collection (Continued),2,AnimalAdult,0.5,Pawn_Orray_Wounded
PaintedSpat,Star Wars Animal Collection (Continued),0,AnimalBaby,0,Pawn_Chick_Call
PaintedSpat,Star Wars Animal Collection (Continued),1,AnimalJuvenile,0.25,
PaintedSpat,Star Wars Animal Collection (Continued),2,AnimalAdult,0.5,Pawn_PaintedSpat_Wounded
PekoPeko,Star Wars Animal Collection (Continued),0,AnimalBabyTiny,0,Pawn_Chick_Call
PekoPeko,Star Wars Animal Collection (Continued),1,AnimalJuvenile,0.12,
PekoPeko,Star Wars Animal Collection (Continued),2,AnimalAdult,0.2,Pawn_PekoPeko_Wounded
Pikobis,Star Wars Animal Collection (Continued),0,AnimalBabyTiny,0,
Pikobis,Star Wars Animal Collection (Continued),1,AnimalJuvenile,0.06,
Pikobis,Star Wars Animal Collection (Continued),2,AnimalAdult,0.12,Pawn_Pikobis_Wounded
Pufferpig,Star Wars Animal Collection (Continued),0,AnimalBabyTiny,0,
Pufferpig,Star Wars Animal Collection (Continued),1,AnimalJuvenile,0.2,
Pufferpig,Star Wars Animal Collection (Continued),2,AnimalAdult,0.4,Pawn_Wildboar_Wounded
Qormot,Star Wars Animal Collection (Continued),0,AnimalBaby,0,
Qormot,Star Wars Animal Collection (Continued),1,AnimalJuvenile,0.2,
Qormot,Star Wars Animal Collection (Continued),2,AnimalAdult,0.3,Pawn_Qormot_Wounded
Raxshir,Star Wars Animal Collection (Continued),0,AnimalBaby,0,
Raxshir,Star Wars Animal Collection (Continued),1,AnimalJuvenile,0.5,
Raxshir,Star Wars Animal Collection (Continued),2,AnimalAdult,0.75,Pawn_Raxshir_Wounded
Rikknit,Star Wars Animal Collection (Continued),0,AnimalBaby,0,
Rikknit,Star Wars Animal Collection (Continued),1,AnimalJuvenile,0.2,
Rikknit,Star Wars Animal Collection (Continued),2,AnimalAdult,0.4,Pawn_Tortoise_Wounded
Roggwart,Star Wars Animal Collection (Continued),0,AnimalBaby,0,
Roggwart,Star Wars Animal Collection (Continued),1,AnimalJuvenile,0.3,
Roggwart,Star Wars Animal Collection (Continued),2,AnimalAdult,0.6,Pawn_Roggwart_Wounded
Ronto,Star Wars Animal Collection (Continued),0,AnimalBaby,0,
Ronto,Star Wars Animal Collection (Continued),1,AnimalJuvenile,0.5,
Ronto,Star Wars Animal Collection (Continued),2,AnimalAdult,1.0,Pawn_Ronto_Wounded
Rycrit,Star Wars Animal Collection (Continued),0,AnimalBaby,0,
Rycrit,Star Wars Animal Collection (Continued),1,AnimalJuvenile,0.05,
Rycrit,Star Wars Animal Collection (Continued),2,AnimalAdult,0.1,Pawn_Rycrit_Wounded
Runyip,Star Wars Animal Collection (Continued),0,AnimalBaby,0,
Runyip,Star Wars Animal Collection (Continued),1,AnimalJuvenile,0.20,
Runyip,Star Wars Animal Collection (Continued),2,AnimalAdult,0.30,Pawn_Runyip_Wounded
Scavrat,Star Wars Animal Collection (Continued),0,AnimalBaby,0,
Scavrat,Star Wars Animal Collection (Continued),1,AnimalJuvenile,0.2,
Scavrat,Star Wars Animal Collection (Continued),2,AnimalAdult,0.4,Pawn_Rodent_Wounded
Scurrier,Star Wars Animal Collection (Continued),0,AnimalBaby,0,
Scurrier,Star Wars Animal Collection (Continued),1,AnimalJuvenile,0.06,
Scurrier,Star Wars Animal Collection (Continued),2,AnimalAdult,0.12,Pawn_Scurrier_Wounded
Shaak,Star Wars Animal Collection (Continued),0,AnimalBaby,0,
Shaak,Star Wars Animal Collection (Continued),1,AnimalJuvenile,0.1,
Shaak,Star Wars Animal Collection (Continued),2,AnimalAdult,0.2,Pawn_Shaak_Wounded
Shiro,Star Wars Animal Collection (Continued),0,AnimalBaby,0,
Shiro,Star Wars Animal Collection (Continued),1,AnimalJuvenile,0.15,
Shiro,Star Wars Animal Collection (Continued),2,AnimalAdult,0.2222,Pawn_Shiro_Wounded
ShiroTrap,Star Wars Animal Collection (Continued),0,AnimalBaby,0,
ShiroTrap,Star Wars Animal Collection (Continued),1,AnimalJuvenile,0.15,
ShiroTrap,Star Wars Animal Collection (Continued),2,AnimalAdult,0.3,Pawn_Shiro_Wounded
Shyrack,Star Wars Animal Collection (Continued),0,AnimalBaby,0,
Shyrack,Star Wars Animal Collection (Continued),1,AnimalJuvenile,0.2,
Shyrack,Star Wars Animal Collection (Continued),2,AnimalAdult,0.4,Pawn_Shyrack_Wounded
Silooth,Star Wars Animal Collection (Continued),0,AnimalBaby,0,
Silooth,Star Wars Animal Collection (Continued),1,AnimalJuvenile,0.5,
Silooth,Star Wars Animal Collection (Continued),2,AnimalAdult,1.0,Pawn_Silooth_Wounded
Skalder,Star Wars Animal Collection (Continued),0,AnimalBaby,0,
Skalder,Star Wars Animal Collection (Continued),1,AnimalJuvenile,0.3,
Skalder,Star Wars Animal Collection (Continued),2,AnimalAdult,0.7,Pawn_Skalder_Wounded
Sketto,Star Wars Animal Collection (Continued),0,AnimalBabyTiny,0,
Sketto,Star Wars Animal Collection (Continued),1,AnimalJuvenile,0.12,
Sketto,Star Wars Animal Collection (Continued),2,AnimalAdult,0.2,Pawn_Sketto_Call
Snoruuk,Star Wars Animal Collection (Continued),0,AnimalBaby,0,
Snoruuk,Star Wars Animal Collection (Continued),1,AnimalJuvenile,0.025,
Snoruuk,Star Wars Animal Collection (Continued),2,AnimalAdult,0.05,Pawn_Snoruuk_Wounded
Squall,Star Wars Animal Collection (Continued),0,AnimalBaby,0,
Squall,Star Wars Animal Collection (Continued),1,AnimalJuvenile,0.1,
Squall,Star Wars Animal Collection (Continued),2,AnimalAdult,0.2,Pawn_Hare_Wounded
Stintaril,Star Wars Animal Collection (Continued),0,AnimalBaby,0,
Stintaril,Star Wars Animal Collection (Continued),1,AnimalJuvenile,0.15,
Stintaril,Star Wars Animal Collection (Continued),2,AnimalAdult,0.3,Pawn_Boomrat_Wounded
Strill,Star Wars Animal Collection (Continued),0,AnimalBaby,0,
Strill,Star Wars Animal Collection (Continued),1,AnimalJuvenile,0.3,
Strill,Star Wars Animal Collection (Continued),2,AnimalAdult,0.6,Pawn_Strill_Angry
Tach,Star Wars Animal Collection (Continued),0,AnimalBaby,0,Pawn_Monkey_Wounded
Tach,Star Wars Animal Collection (Continued),1,AnimalJuvenile,0.1,
Tach,Star Wars Animal Collection (Continued),2,AnimalAdult,0.2,Pawn_Tach_Wounded
TeeMuss,Star Wars Animal Collection (Continued),0,AnimalBaby,0,
TeeMuss,Star Wars Animal Collection (Continued),1,AnimalJuvenile,0.3,
TeeMuss,Star Wars Animal Collection (Continued),2,AnimalAdult,0.4,Pawn_Dromedary_Wounded
TetnissCrab,Star Wars Animal Collection (Continued),0,AnimalBaby,0,
TetnissCrab,Star Wars Animal Collection (Continued),1,AnimalJuvenile,0.1,
TetnissCrab,Star Wars Animal Collection (Continued),2,AnimalAdult,0.2,Pawn_Tortoise_Wounded
Thranta,Star Wars Animal Collection (Continued),0,AnimalBaby,0,
Thranta,Star Wars Animal Collection (Continued),1,AnimalJuvenile,0.3,
Thranta,Star Wars Animal Collection (Continued),2,AnimalAdult,0.6,Pawn_Thranta_Wounded
Tibidee,Star Wars Animal Collection (Continued),0,AnimalBaby,0,
Tibidee,Star Wars Animal Collection (Continued),1,AnimalJuvenile,0.5,
Tibidee,Star Wars Animal Collection (Continued),2,AnimalAdult,1.0,Pawn_Tibidee_Wounded
Tooke,Star Wars Animal Collection (Continued),0,AnimalBaby,0,
Tooke,Star Wars Animal Collection (Continued),1,AnimalJuvenile,0.025,
Tooke,Star Wars Animal Collection (Continued),2,AnimalAdult,0.05,Pawn_Tooke_Wounded
Torton,Star Wars Animal Collection (Continued),0,AnimalBaby,0,
Torton,Star Wars Animal Collection (Continued),1,AnimalJuvenile,0.5,
Torton,Star Wars Animal Collection (Continued),2,AnimalAdult,1.0,Pawn_Fambaa_Wounded
Taozin,Star Wars Animal Collection (Continued),0,AnimalBaby,0,
Taozin,Star Wars Animal Collection (Continued),1,AnimalJuvenile,0.5,
Taozin,Star Wars Animal Collection (Continued),2,AnimalAdult,1.0,Pawn_Taozin_Wounded
Tukata,Star Wars Animal Collection (Continued),0,AnimalBaby,0,
Tukata,Star Wars Animal Collection (Continued),1,AnimalJuvenile,0.4,
Tukata,Star Wars Animal Collection (Continued),2,AnimalAdult,0.8,Pawn_Tukata_Wounded
TuskCat,Star Wars Animal Collection (Continued),0,AnimalBaby,0,
TuskCat,Star Wars Animal Collection (Continued),1,AnimalJuvenile,0.25,
TuskCat,Star Wars Animal Collection (Continued),2,AnimalAdult,0.5,Pawn_TuskCat_Wounded
Urusai,Star Wars Animal Collection (Continued),0,AnimalBabyTiny,0,Pawn_Chick_Call
Urusai,Star Wars Animal Collection (Continued),1,AnimalJuvenile,0.12,
Urusai,Star Wars Animal Collection (Continued),2,AnimalAdult,0.2,Pawn_Urusai_Wounded
Uvak,Star Wars Animal Collection (Continued),0,AnimalBaby,0,
Uvak,Star Wars Animal Collection (Continued),1,AnimalJuvenile,0.3,
Uvak,Star Wars Animal Collection (Continued),2,AnimalAdult,0.6,Pawn_Uvak_Wounded
Vapaad,Star Wars Animal Collection (Continued),0,AnimalBaby,0,
Vapaad,Star Wars Animal Collection (Continued),1,AnimalJuvenile,0.3,
Vapaad,Star Wars Animal Collection (Continued),2,AnimalAdult,0.6,Pawn_Vapaad_Wounded
Varactyl,Star Wars Animal Collection (Continued),0,AnimalBaby,0,
Varactyl,Star Wars Animal Collection (Continued),1,AnimalJuvenile,0.4,
Varactyl,Star Wars Animal Collection (Continued),2,AnimalAdult,0.8,Pawn_Varactyl_Wounded
Veermok,Star Wars Animal Collection (Continued),0,AnimalBaby,0,Pawn_Monkey_Wounded
Veermok,Star Wars Animal Collection (Continued),1,AnimalJuvenile,0.3,
Veermok,Star Wars Animal Collection (Continued),2,AnimalAdult,0.6,Pawn_Veermok_Wounded
Voorpak,Star Wars Animal Collection (Continued),0,AnimalBaby,0,
Voorpak,Star Wars Animal Collection (Continued),1,AnimalJuvenile,0.1,
Voorpak,Star Wars Animal Collection (Continued),2,AnimalAdult,0.2,Pawn_Voorpak_Wounded
Vornskyr,Star Wars Animal Collection (Continued),0,AnimalBaby,0,
Vornskyr,Star Wars Animal Collection (Continued),1,AnimalJuvenile,0.2,
Vornskyr,Star Wars Animal Collection (Continued),2,AnimalAdult,0.4,Pawn_Vornskyr_Wounded
Warbird,Star Wars Animal Collection (Continued),0,AnimalBaby,0,Pawn_Chick_Call
Warbird,Star Wars Animal Collection (Continued),1,AnimalJuvenile,0.4,
Warbird,Star Wars Animal Collection (Continued),2,AnimalAdult,0.8,Pawn_Warbird_Wounded
WarWyrm,Star Wars Animal Collection (Continued),0,AnimalBaby,0,
WarWyrm,Star Wars Animal Collection (Continued),1,AnimalJuvenile,0.75,
WarWyrm,Star Wars Animal Collection (Continued),2,AnimalAdult,1.5,Pawn_WarWyrm_Wounded
Whisperbird,Star Wars Animal Collection (Continued),0,AnimalBabyTiny,0,Pawn_Chick_Call
Whisperbird,Star Wars Animal Collection (Continued),1,AnimalJuvenile,0.12,
Whisperbird,Star Wars Animal Collection (Continued),2,AnimalAdult,0.2,Pawn_Whisperbird_Wounded
WompRat,Star Wars Animal Collection (Continued),0,AnimalBaby,0,
WompRat,Star Wars Animal Collection (Continued),1,AnimalJuvenile,0.2,
WompRat,Star Wars Animal Collection (Continued),2,AnimalAdult,0.4,Pawn_WompRat_Wounded
Woolamander,Star Wars Animal Collection (Continued),0,AnimalBaby,0,Pawn_Monkey_Wounded
Woolamander,Star Wars Animal Collection (Continued),1,AnimalJuvenile,0.2,
Woolamander,Star Wars Animal Collection (Continued),2,AnimalAdult,0.3,Pawn_Woolamander_Wounded
Worrt,Star Wars Animal Collection (Continued),0,AnimalBabyTiny,0,
Worrt,Star Wars Animal Collection (Continued),1,AnimalJuvenile,0.15,
Worrt,Star Wars Animal Collection (Continued),2,AnimalAdult,0.3,Pawn_Worrt_Wounded
Wraid,Star Wars Animal Collection (Continued),0,AnimalBaby,0,
Wraid,Star Wars Animal Collection (Continued),1,AnimalJuvenile,0.4,
Wraid,Star Wars Animal Collection (Continued),2,AnimalAdult,0.8,Pawn_Wraid_Wounded
Wyyyschokk,Star Wars Animal Collection (Continued),0,AnimalBaby,0,
Wyyyschokk,Star Wars Animal Collection (Continued),1,AnimalJuvenile,0.2,
Wyyyschokk,Star Wars Animal Collection (Continued),2,AnimalAdult,0.4,Pawn_Wyyyschokk_Wounded
Yobshrimp,Star Wars Animal Collection (Continued),0,AnimalBaby,0,
Yobshrimp,Star Wars Animal Collection (Continued),1,AnimalJuvenile,0.05,
Yobshrimp,Star Wars Animal Collection (Continued),2,AnimalAdult,0.1,Pawn_Yobshrimp_Wounded
Zakkeg,Star Wars Animal Collection (Continued),0,AnimalBaby,0,
Zakkeg,Star Wars Animal Collection (Continued),1,AnimalJuvenile,0.4,
Zakkeg,Star Wars Animal Collection (Continued),2,AnimalAdult,0.8,Pawn_Boma_Wounded
Zeer,Star Wars Animal Collection (Continued),0,AnimalBaby,0,
Zeer,Star Wars Animal Collection (Continued),1,AnimalJuvenile,0.3,
Zeer,Star Wars Animal Collection (Continued),2,AnimalAdult,0.6,Pawn_Zeer_Wounded
GiantAnt_Race,They! (Giant Ants),0,AnimalAdult,0,Pawn_BigInsect_Pain
Titan,Titans,0,AnimalBaby,0,
Titan,Titans,1,AnimalJuvenile,2,
Titan,Titans,2,AnimalAdult,4,Pawn_Bear_Injured
AEXP_Coyote,Vanilla Animals Expanded,0,AnimalBaby,0,
AEXP_Coyote,Vanilla Animals Expanded,1,AnimalJuvenile,0.2,
AEXP_Coyote,Vanilla Animals Expanded,2,AnimalAdult,0.45,AEXP_Pawn_Coyote_Wounded
AEXP_Giraffe,Vanilla Animals Expanded,0,AnimalBaby,0,
AEXP_Giraffe,Vanilla Animals Expanded,1,AnimalJuvenile,0.2,
AEXP_Giraffe,Vanilla Animals Expanded,2,AnimalAdult,0.33,Pawn_Deer_Wounded
AEXP_Zebra,Vanilla Animals Expanded,0,AnimalBaby,0,
AEXP_Zebra,Vanilla Animals Expanded,1,AnimalJuvenile,0.25,
AEXP_Zebra,Vanilla Animals Expanded,2,AnimalAdult,0.3333,AEXP_Pawn_Zebra_Wounded
AEXP_Wildebeest,Vanilla Animals Expanded,0,AnimalBaby,0,
AEXP_Wildebeest,Vanilla Animals Expanded,1,AnimalJuvenile,0.2,
AEXP_Wildebeest,Vanilla Animals Expanded,2,AnimalAdult,0.3333,AEXP_Pawn_Wildebeest_Wounded
AEXP_Crocodile,Vanilla Animals Expanded,0,AnimalBaby,0,
AEXP_Crocodile,Vanilla Animals Expanded,1,AnimalJuvenile,0.09,
AEXP_Crocodile,Vanilla Animals Expanded,2,AnimalAdult,0.2,AEXP_Pawn_Crocodile_Wounded
AEXP_Cheetah,Vanilla Animals Expanded,0,AnimalBaby,0,
AEXP_Cheetah,Vanilla Animals Expanded,1,AnimalJuvenile,0.25,
AEXP_Cheetah,Vanilla Animals Expanded,2,AnimalAdult,0.5,Pawn_Cougar_Injured
AEXP_Boombat,Vanilla Animals Expanded,0,AnimalBaby,0,
AEXP_Boombat,Vanilla Animals Expanded,1,AnimalJuvenile,0.1,
AEXP_Boombat,Vanilla Animals Expanded,2,AnimalAdult,0.2222,Pawn_Boomrat_Wounded
AEXP_Kangaroo,Vanilla Animals Expanded,0,AnimalBaby,0,
AEXP_Kangaroo,Vanilla Animals Expanded,1,AnimalJuvenile,0.2,
AEXP_Kangaroo,Vanilla Animals Expanded,2,AnimalAdult,0.35,Pawn_Elk_Wounded
AEXP_Koala,Vanilla Animals Expanded,0,AnimalBaby,0,
AEXP_Koala,Vanilla Animals Expanded,1,AnimalJuvenile,0.1,
AEXP_Koala,Vanilla Animals Expanded,2,AnimalAdult,0.2222,Pawn_Alphabeaver_Wounded
AEXP_Platypus,Vanilla Animals Expanded,0,AnimalBaby,0,
AEXP_Platypus,Vanilla Animals Expanded,1,AnimalJuvenile,0.15,
AEXP_Platypus,Vanilla Animals Expanded,2,AnimalAdult,0.3333,Pawn_Alphabeaver_Wounded
AEXP_ArcticCoyote,Vanilla Animals Expanded,0,AnimalBaby,0,
AEXP_ArcticCoyote,Vanilla Animals Expanded,1,AnimalJuvenile,0.2,
AEXP_ArcticCoyote,Vanilla Animals Expanded,2,AnimalAdult,0.45,AEXP_Pawn_ArcticCoyote_Wounded
AEXP_BlackBear,Vanilla Animals Expanded,0,AnimalBaby,0,
AEXP_BlackBear,Vanilla Animals Expanded,1,AnimalJuvenile,0.2,
AEXP_BlackBear,Vanilla Animals Expanded,2,AnimalAdult,0.5,Pawn_Bear_Injured
AEXP_CatAbyssinian,Vanilla Animals Expanded,0,AnimalBaby,0,
AEXP_CatAbyssinian,Vanilla Animals Expanded,1,AnimalJuvenile,0.15,
AEXP_CatAbyssinian,Vanilla Animals Expanded,2,AnimalAdult,0.4,Pawn_Cat_Injured
AEXP_CatBengal,Vanilla Animals Expanded,0,AnimalBaby,0,
AEXP_CatBengal,Vanilla Animals Expanded,1,AnimalJuvenile,0.15,
AEXP_CatBengal,Vanilla Animals Expanded,2,AnimalAdult,0.4,Pawn_Cat_Injured
AEXP_CatBritishShorthair,Vanilla Animals Expanded,0,AnimalBaby,0,
AEXP_CatBritishShorthair,Vanilla Animals Expanded,1,AnimalJuvenile,0.15,
AEXP_CatBritishShorthair,Vanilla Animals Expanded,2,AnimalAdult,0.4,Pawn_Cat_Injured
AEXP_CatMaineCoon,Vanilla Animals Expanded,0,AnimalBaby,0,
AEXP_CatMaineCoon,Vanilla Animals Expanded,1,AnimalJuvenile,0.15,
AEXP_CatMaineCoon,Vanilla Animals Expanded,2,AnimalAdult,0.4,Pawn_Cat_Injured
AEXP_CatMunchkin,Vanilla Animals Expanded,0,AnimalBaby,0,
AEXP_CatMunchkin,Vanilla Animals Expanded,1,AnimalJuvenile,0.15,
AEXP_CatMunchkin,Vanilla Animals Expanded,2,AnimalAdult,0.4,Pawn_Cat_Injured
AEXP_CatNorwegianForest,Vanilla Animals Expanded,0,AnimalBaby,0,
AEXP_CatNorwegianForest,Vanilla Animals Expanded,1,AnimalJuvenile,0.15,
AEXP_CatNorwegianForest,Vanilla Animals Expanded,2,AnimalAdult,0.4,Pawn_Cat_Injured
AEXP_CatPersian,Vanilla Animals Expanded,0,AnimalBaby,0,
AEXP_CatPersian,Vanilla Animals Expanded,1,AnimalJuvenile,0.15,
AEXP_CatPersian,Vanilla Animals Expanded,2,AnimalAdult,0.4,Pawn_Cat_Injured
AEXP_CatSiamese,Vanilla Animals Expanded,0,AnimalBaby,0,
AEXP_CatSiamese,Vanilla Animals Expanded,1,AnimalJuvenile,0.15,
AEXP_CatSiamese,Vanilla Animals Expanded,2,AnimalAdult,0.4,Pawn_Cat_Injured
AEXP_CatSomali,Vanilla Animals Expanded,0,AnimalBaby,0,
AEXP_CatSomali,Vanilla Animals Expanded,1,AnimalJuvenile,0.15,
AEXP_CatSomali,Vanilla Animals Expanded,2,AnimalAdult,0.4,Pawn_Cat_Injured
AEXP_CatSphynx,Vanilla Animals Expanded,0,AnimalBaby,0,
AEXP_CatSphynx,Vanilla Animals Expanded,1,AnimalJuvenile,0.15,
AEXP_CatSphynx,Vanilla Animals Expanded,2,AnimalAdult,0.4,Pawn_Cat_Injured
AEXP_Hyena,Vanilla Animals Expanded,0,AnimalBaby,0,
AEXP_Hyena,Vanilla Animals Expanded,1,AnimalJuvenile,0.2,
AEXP_Hyena,Vanilla Animals Expanded,2,AnimalAdult,0.45,AEXP_Pawn_Hyena_Wounded
AEXP_DesertTortoise,Vanilla Animals Expanded,0,AnimalBaby,0,
AEXP_DesertTortoise,Vanilla Animals Expanded,1,AnimalJuvenile,0.15,
AEXP_DesertTortoise,Vanilla Animals Expanded,2,AnimalAdult,0.3,Pawn_Tortoise_Wounded
AEXP_Lion,Vanilla Animals Expanded,0,AnimalBaby,0,
AEXP_Lion,Vanilla Animals Expanded,1,AnimalJuvenile,0.25,
AEXP_Lion,Vanilla Animals Expanded,2,AnimalAdult,0.5,AEXP_Pawn_Lion_Wounded
AEXP_GilaMonster,Vanilla Animals Expanded,0,AnimalBaby,0,
AEXP_GilaMonster,Vanilla Animals Expanded,1,AnimalJuvenile,0.09,
AEXP_GilaMonster,Vanilla Animals Expanded,2,AnimalAdult,0.25,Pawn_Iguana_Wounded
AEXP_Beagle,Vanilla Animals Expanded,0,AnimalBaby,0,
AEXP_Beagle,Vanilla Animals Expanded,1,AnimalJuvenile,0.1,
AEXP_Beagle,Vanilla Animals Expanded,2,AnimalAdult,0.3,Pawn_DogSmall_Injured
AEXP_Chihuahua,Vanilla Animals Expanded,0,AnimalBaby,0,
AEXP_Chihuahua,Vanilla Animals Expanded,1,AnimalJuvenile,0.1,
AEXP_Chihuahua,Vanilla Animals Expanded,2,AnimalAdult,0.3,Pawn_DogSmall_Injured
AEXP_Corgi,Vanilla Animals Expanded,0,AnimalBaby,0,
AEXP_Corgi,Vanilla Animals Expanded,1,AnimalJuvenile,0.1,
AEXP_Corgi,Vanilla Animals Expanded,2,AnimalAdult,0.3,Pawn_DogSmall_Injured
AEXP_FrenchBulldog,Vanilla Animals Expanded,0,AnimalBaby,0,
AEXP_FrenchBulldog,Vanilla Animals Expanded,1,AnimalJuvenile,0.1,
AEXP_FrenchBulldog,Vanilla Animals Expanded,2,AnimalAdult,0.3,Pawn_DogSmall_Injured
AEXP_GermanShepherd,Vanilla Animals Expanded,0,AnimalBaby,0,
AEXP_GermanShepherd,Vanilla Animals Expanded,1,AnimalJuvenile,0.2,
AEXP_GermanShepherd,Vanilla Animals Expanded,2,AnimalAdult,0.45,Pawn_Warg_Wounded
AEXP_GreatDane,Vanilla Animals Expanded,0,AnimalBaby,0,
AEXP_GreatDane,Vanilla Animals Expanded,1,AnimalJuvenile,0.25,
AEXP_GreatDane,Vanilla Animals Expanded,2,AnimalAdult,0.5,Pawn_Dog_Injured
AEXP_Poodle,Vanilla Animals Expanded,0,AnimalBaby,0,
AEXP_Poodle,Vanilla Animals Expanded,1,AnimalJuvenile,0.25,
AEXP_Poodle,Vanilla Animals Expanded,2,AnimalAdult,0.5,Pawn_DogSmall_Injured
AEXP_Pug,Vanilla Animals Expanded,0,AnimalBaby,0,
AEXP_Pug,Vanilla Animals Expanded,1,AnimalJuvenile,0.1,
AEXP_Pug,Vanilla Animals Expanded,2,AnimalAdult,0.3,Pawn_DogSmall_Injured
AEXP_Rottweiler,Vanilla Animals Expanded,0,AnimalBaby,0,
AEXP_Rottweiler,Vanilla Animals Expanded,1,AnimalJuvenile,0.25,
AEXP_Rottweiler,Vanilla Animals Expanded,2,AnimalAdult,0.5,Pawn_Dog_Injured
AEXP_Shih-Tzu,Vanilla Animals Expanded,0,AnimalBaby,0,
AEXP_Shih-Tzu,Vanilla Animals Expanded,1,AnimalJuvenile,0.1,
AEXP_Shih-Tzu,Vanilla Animals Expanded,2,AnimalAdult,0.3,Pawn_DogSmall_Injured
AEXP_WelshTerrier,Vanilla Animals Expanded,0,AnimalBaby,0,
AEXP_WelshTerrier,Vanilla Animals Expanded,1,AnimalJuvenile,0.25,
AEXP_WelshTerrier,Vanilla Animals Expanded,2,AnimalAdult,0.5,Pawn_Dog_Injured
AEXP_Camel,Vanilla Animals Expanded,0,AnimalBaby,0,
AEXP_Camel,Vanilla Animals Expanded,1,AnimalJuvenile,0.25,
AEXP_Camel,Vanilla Animals Expanded,2,AnimalAdult,0.3333,Pawn_Dromedary_Wounded
AEXP_Rattlesnake,Vanilla Animals Expanded,0,AnimalBaby,0,
AEXP_Rattlesnake,Vanilla Animals Expanded,1,AnimalJuvenile,0.15,
AEXP_Rattlesnake,Vanilla Animals Expanded,2,AnimalAdult,0.5,Pawn_Cobra_Wounded
AEXP_Megascorpion,Vanilla Animals Expanded,0,EusocialInsectLarva,0,
AEXP_Megascorpion,Vanilla Animals Expanded,1,EusocialInsectJuvenile,0.03,
AEXP_Megascorpion,Vanilla Animals Expanded,2,EusocialInsectAdult,0.4,Pawn_Megascarab_Wounded
AEXP_RedPanda,Vanilla Animals Expanded,0,AnimalBaby,0,
AEXP_RedPanda,Vanilla Animals Expanded,1,AnimalJuvenile,0.1,
AEXP_RedPanda,Vanilla Animals Expanded,2,AnimalAdult,0.3333,Pawn_Boomrat_Wounded
AEXP_WildGoose,Vanilla Animals Expanded,0,AnimalBabyTiny,0,Pawn_Chick_Call
AEXP_WildGoose,Vanilla Animals Expanded,1,AnimalJuvenile,0.12,
AEXP_WildGoose,Vanilla Animals Expanded,2,AnimalAdult,0.2,Pawn_Goose_Wounded
AEXP_Beaver,Vanilla Animals Expanded,0,AnimalBaby,0,
AEXP_Beaver,Vanilla Animals Expanded,1,AnimalJuvenile,0.15,
AEXP_Beaver,Vanilla Animals Expanded,2,AnimalAdult,0.35,Pawn_Alphabeaver_Wounded
AEXP_Hedgehog,Vanilla Animals Expanded,0,AnimalBaby,0,
AEXP_Hedgehog,Vanilla Animals Expanded,1,AnimalJuvenile,0.11,
AEXP_Hedgehog,Vanilla Animals Expanded,2,AnimalAdult,0.2222,Pawn_Rodent_Wounded
AEXP_Jaguar,Vanilla Animals Expanded,0,AnimalBaby,0,
AEXP_Jaguar,Vanilla Animals Expanded,1,AnimalJuvenile,0.25,
AEXP_Jaguar,Vanilla Animals Expanded,2,AnimalAdult,0.5,Pawn_Cougar_Injured
AEXP_Lemur,Vanilla Animals Expanded,0,AnimalBaby,0,
AEXP_Lemur,Vanilla Animals Expanded,1,AnimalJuvenile,0.1,
AEXP_Lemur,Vanilla Animals Expanded,2,AnimalAdult,0.2222,AEXP_Pawn_Lemur_Wounded
AEXP_Mandrill,Vanilla Animals Expanded,0,AnimalBaby,0,
AEXP_Mandrill,Vanilla Animals Expanded,1,AnimalJuvenile,0.1,
AEXP_Mandrill,Vanilla Animals Expanded,2,AnimalAdult,0.2222,AEXP_Pawn_Mandrill_Wounded
AEXP_Tapir,Vanilla Animals Expanded,0,AnimalBaby,0,
AEXP_Tapir,Vanilla Animals Expanded,1,AnimalJuvenile,0.1,
AEXP_Tapir,Vanilla Animals Expanded,2,AnimalAdult,0.4,Pawn_Wildboar_Wounded
AEXP_Anaconda,Vanilla Animals Expanded,0,AnimalBaby,0,
AEXP_Anaconda,Vanilla Animals Expanded,1,AnimalJuvenile,0.25,
AEXP_Anaconda,Vanilla Animals Expanded,2,AnimalAdult,0.5,AEXP_Pawn_Anaconda_Wounded
AEXP_IndianElephant,Vanilla Animals Expanded,0,AnimalBaby,0,
AEXP_IndianElephant,Vanilla Animals Expanded,1,AnimalJuvenile,0.3,
AEXP_IndianElephant,Vanilla Animals Expanded,2,AnimalAdult,0.666,Pawn_Elephant_Injured
AEXP_MegaWolverine,Vanilla Animals Expanded,0,AnimalBaby,0,
AEXP_MegaWolverine,Vanilla Animals Expanded,1,AnimalJuvenile,1.0,
AEXP_MegaWolverine,Vanilla Animals Expanded,2,AnimalAdult,3.0,AEXP_Pawn_MegaWolverine_Wounded
VAEWaste_Hydra,Vanilla Animals Expanded — Waste Animals,0,AnimalBaby,0,
VAEWaste_Hydra,Vanilla Animals Expanded — Waste Animals,1,AnimalJuvenile,0.15,
VAEWaste_Hydra,Vanilla Animals Expanded — Waste Animals,2,AnimalAdult,0.5,Pawn_Cobra_Wounded
VAEWaste_Megatardi,Vanilla Animals Expanded — Waste Animals,0,AnimalBaby,0,
VAEWaste_Megatardi,Vanilla Animals Expanded — Waste Animals,1,AnimalJuvenile,0.15,
VAEWaste_Megatardi,Vanilla Animals Expanded — Waste Animals,2,AnimalAdult,0.3333,Pawn_Spelopede_Pain
VAEWaste_Pestigator,Vanilla Animals Expanded — Waste Animals,0,AnimalBaby,0,
VAEWaste_Pestigator,Vanilla Animals Expanded — Waste Animals,1,AnimalJuvenile,0.15,
VAEWaste_Pestigator,Vanilla Animals Expanded — Waste Animals,2,AnimalAdult,0.3,
VAEWaste_Toxafox,Vanilla Animals Expanded — Waste Animals,0,AnimalBaby,0,
VAEWaste_Toxafox,Vanilla Animals Expanded — Waste Animals,1,AnimalJuvenile,0.1,
VAEWaste_Toxafox,Vanilla Animals Expanded — Waste Animals,2,AnimalAdult,0.3333,
VAEWaste_Toxbear,Vanilla Animals Expanded — Waste Animals,0,AnimalBaby,0,
VAEWaste_Toxbear,Vanilla Animals Expanded — Waste Animals,1,AnimalJuvenile,0.2,
VAEWaste_Toxbear,Vanilla Animals Expanded — Waste Animals,2,AnimalAdult,0.5,Pawn_Bear_Injured
VAEWaste_Toxiguana,Vanilla Animals Expanded — Waste Animals,0,AnimalBaby,0,
VAEWaste_Toxiguana,Vanilla Animals Expanded — Waste Animals,1,AnimalJuvenile,0.1,
VAEWaste_Toxiguana,Vanilla Animals Expanded — Waste Animals,2,AnimalAdult,0.2222,Pawn_Iguana_Wounded
VAEWaste_Toxlion,Vanilla Animals Expanded — Waste Animals,0,AnimalBaby,0,
VAEWaste_Toxlion,Vanilla Animals Expanded — Waste Animals,1,AnimalJuvenile,0.25,
VAEWaste_Toxlion,Vanilla Animals Expanded — Waste Animals,2,AnimalAdult,0.5,VAEWaste_Pawn_Toxlion_Wounded
VAEWaste_Toxscorpion,Vanilla Animals Expanded — Waste Animals,0,AnimalBaby,0,
VAEWaste_Toxscorpion,Vanilla Animals Expanded — Waste Animals,1,AnimalJuvenile,0.15,
VAEWaste_Toxscorpion,Vanilla Animals Expanded — Waste Animals,2,AnimalAdult,0.3333,Pawn_Spelopede_Pain
VAEWaste_Wasteboar,Vanilla Animals Expanded — Waste Animals,0,AnimalBaby,0,
VAEWaste_Wasteboar,Vanilla Animals Expanded — Waste Animals,1,AnimalJuvenile,0.1,
VAEWaste_Wasteboar,Vanilla Animals Expanded — Waste Animals,2,AnimalAdult,0.3333,Pawn_Wildboar_Wounded
VAEWaste_Wastedeer,Vanilla Animals Expanded — Waste Animals,0,AnimalBaby,0,
VAEWaste_Wastedeer,Vanilla Animals Expanded — Waste Animals,1,AnimalJuvenile,0.1,
VAEWaste_Wastedeer,Vanilla Animals Expanded — Waste Animals,2,AnimalAdult,0.3333,Pawn_Deer_Wounded
VAEWaste_Wasteffalo,Vanilla Animals Expanded — Waste Animals,0,AnimalBaby,0,
VAEWaste_Wasteffalo,Vanilla Animals Expanded — Waste Animals,1,AnimalJuvenile,0.25,
VAEWaste_Wasteffalo,Vanilla Animals Expanded — Waste Animals,2,AnimalAdult,0.3333,Pawn_Muffalo_Wounded
VFEI2_Acidspitter,Vanilla Factions Expanded - Insectoids 2,0,EusocialInsectLarva,0,
VFEI2_Acidspitter,Vanilla Factions Expanded - Insectoids 2,1,EusocialInsectJuvenile,0.03,
VFEI2_Acidspitter,Vanilla Factions Expanded - Insectoids 2,2,EusocialInsectAdult,0.2,Pawn_BigInsect_Pain
VFEI2_Boomtick,Vanilla Factions Expanded - Insectoids 2,0,EusocialInsectLarva,0,
VFEI2_Boomtick,Vanilla Factions Expanded - Insectoids 2,1,EusocialInsectJuvenile,0.03,
VFEI2_Boomtick,Vanilla Factions Expanded - Insectoids 2,2,EusocialInsectAdult,0.4,Pawn_Megascarab_Wounded
VFEI2_Durapod,Vanilla Factions Expanded - Insectoids 2,0,EusocialInsectLarva,0,
VFEI2_Durapod,Vanilla Factions Expanded - Insectoids 2,1,EusocialInsectJuvenile,0.03,
VFEI2_Durapod,Vanilla Factions Expanded - Insectoids 2,2,EusocialInsectAdult,0.2,Pawn_Megascarab_Wounded
VFEI2_Empress,Vanilla Factions Expanded - Insectoids 2,0,EusocialInsectLarva,0,
VFEI2_Empress,Vanilla Factions Expanded - Insectoids 2,1,EusocialInsectJuvenile,0.05,
VFEI2_Empress,Vanilla Factions Expanded - Insectoids 2,2,EusocialInsectAdult,1,Pawn_BigInsect_Pain
VFEI2_Fuelmite,Vanilla Factions Expanded - Insectoids 2,0,EusocialInsectLarva,0,
VFEI2_Fuelmite,Vanilla Factions Expanded - Insectoids 2,1,EusocialInsectJuvenile,0.03,
VFEI2_Fuelmite,Vanilla Factions Expanded - Insectoids 2,2,EusocialInsectAdult,0.2,Pawn_BigInsect_Pain
VFEI2_Gigalocust,Vanilla Factions Expanded - Insectoids 2,0,EusocialInsectLarva,0,
VFEI2_Gigalocust,Vanilla Factions Expanded - Insectoids 2,1,EusocialInsectJuvenile,0.015,
VFEI2_Gigalocust,Vanilla Factions Expanded - Insectoids 2,2,EusocialInsectAdult,0.1,Pawn_BigInsect_Pain
VFEI2_Gigamite,Vanilla Factions Expanded - Insectoids 2,0,EusocialInsectLarva,0,
VFEI2_Gigamite,Vanilla Factions Expanded - Insectoids 2,1,EusocialInsectJuvenile,0.05,
VFEI2_Gigamite,Vanilla Factions Expanded - Insectoids 2,2,EusocialInsectAdult,1,Pawn_BigInsect_Pain
VFEI2_Hellbeetle,Vanilla Factions Expanded - Insectoids 2,0,EusocialInsectLarva,0,
VFEI2_Hellbeetle,Vanilla Factions Expanded - Insectoids 2,1,EusocialInsectJuvenile,0.015,
VFEI2_Hellbeetle,Vanilla Factions Expanded - Insectoids 2,2,EusocialInsectAdult,0.1,Pawn_BigInsect_Pain
VFEI2_Ironclad,Vanilla Factions Expanded - Insectoids 2,0,EusocialInsectLarva,0,
VFEI2_Ironclad,Vanilla Factions Expanded - Insectoids 2,1,EusocialInsectJuvenile,0.03,
VFEI2_Ironclad,Vanilla Factions Expanded - Insectoids 2,2,EusocialInsectAdult,0.2,Pawn_BigInsect_Pain
VFEI2_Macrofly,Vanilla Factions Expanded - Insectoids 2,0,EusocialInsectLarva,0,
VFEI2_Macrofly,Vanilla Factions Expanded - Insectoids 2,1,EusocialInsectJuvenile,0.015,
VFEI2_Macrofly,Vanilla Factions Expanded - Insectoids 2,2,EusocialInsectAdult,0.1,Pawn_Megascarab_Wounded
VFEI2_Megapede,Vanilla Factions Expanded - Insectoids 2,0,EusocialInsectLarva,0,
VFEI2_Megapede,Vanilla Factions Expanded - Insectoids 2,1,EusocialInsectJuvenile,0.03,
VFEI2_Megapede,Vanilla Factions Expanded - Insectoids 2,2,EusocialInsectAdult,0.2,Pawn_BigInsect_Pain
VFEI2_Megathrips,Vanilla Factions Expanded - Insectoids 2,0,EusocialInsectLarva,0,
VFEI2_Megathrips,Vanilla Factions Expanded - Insectoids 2,1,EusocialInsectJuvenile,0.03,
VFEI2_Megathrips,Vanilla Factions Expanded - Insectoids 2,2,EusocialInsectAdult,0.4,Pawn_Megascarab_Wounded
VFEI2_Megawasp,Vanilla Factions Expanded - Insectoids 2,0,EusocialInsectLarva,0,
VFEI2_Megawasp,Vanilla Factions Expanded - Insectoids 2,1,EusocialInsectJuvenile,0.015,
VFEI2_Megawasp,Vanilla Factions Expanded - Insectoids 2,2,EusocialInsectAdult,0.1,Pawn_BigInsect_Pain
VFEI2_Patriarch,Vanilla Factions Expanded - Insectoids 2,0,EusocialInsectLarva,0,
VFEI2_Patriarch,Vanilla Factions Expanded - Insectoids 2,1,EusocialInsectJuvenile,0.05,
VFEI2_Patriarch,Vanilla Factions Expanded - Insectoids 2,2,EusocialInsectAdult,1,Pawn_BigInsect_Pain
VFEI2_Queen,Vanilla Factions Expanded - Insectoids 2,0,EusocialInsectLarva,0,
VFEI2_Queen,Vanilla Factions Expanded - Insectoids 2,1,EusocialInsectJuvenile,0.03,
VFEI2_Queen,Vanilla Factions Expanded - Insectoids 2,2,EusocialInsectAdult,0.2,Pawn_BigInsect_Pain
VFEI2_RoyalMegascarab,Vanilla Factions Expanded - Insectoids 2,0,EusocialInsectLarva,0,
VFEI2_RoyalMegascarab,Vanilla Factions Expanded - Insectoids 2,1,EusocialInsectJuvenile,0.03,
VFEI2_RoyalMegascarab,Vanilla Factions Expanded - Insectoids 2,2,EusocialInsectAdult,0.2,Pawn_Megascarab_Wounded
VFEI2_RoyalMegaspider,Vanilla Factions Expanded - Insectoids 2,0,EusocialInsectLarva,0,
VFEI2_RoyalMegaspider,Vanilla Factions Expanded - Insectoids 2,1,EusocialInsectJuvenile,0.03,
VFEI2_RoyalMegaspider,Vanilla Factions Expanded - Insectoids 2,2,EusocialInsectAdult,0.2,Pawn_BigInsect_Pain
VFEI2_RoyalSpelopede,Vanilla Factions Expanded - Insectoids 2,0,EusocialInsectLarva,0,
VFEI2_RoyalSpelopede,Vanilla Factions Expanded - Insectoids 2,1,EusocialInsectJuvenile,0.03,
VFEI2_RoyalSpelopede,Vanilla Factions Expanded - Insectoids 2,2,EusocialInsectAdult,0.2,Pawn_Spelopede_Pain
VFEI2_Silverfish,Vanilla Factions Expanded - Insectoids 2,0,EusocialInsectLarva,0,
VFEI2_Silverfish,Vanilla Factions Expanded - Insectoids 2,1,EusocialInsectJuvenile,0.05,
VFEI2_Silverfish,Vanilla Factions Expanded - Insectoids 2,2,EusocialInsectAdult,1,Pawn_BigInsect_Pain
VFEI2_Swarmling,Vanilla Factions Expanded - Insectoids 2,0,EusocialInsectLarva,0,
VFEI2_Swarmling,Vanilla Factions Expanded - Insectoids 2,1,EusocialInsectJuvenile,0.03,
VFEI2_Swarmling,Vanilla Factions Expanded - Insectoids 2,2,EusocialInsectAdult,0.2,Pawn_BigInsect_Pain
VFEI2_Tankroach,Vanilla Factions Expanded - Insectoids 2,0,EusocialInsectLarva,0,
VFEI2_Tankroach,Vanilla Factions Expanded - Insectoids 2,1,EusocialInsectJuvenile,0.03,
VFEI2_Tankroach,Vanilla Factions Expanded - Insectoids 2,2,EusocialInsectAdult,0.2,Pawn_BigInsect_Pain
VFEI2_Teramantis,Vanilla Factions Expanded - Insectoids 2,0,EusocialInsectLarva,0,
VFEI2_Teramantis,Vanilla Factions Expanded - Insectoids 2,1,EusocialInsectJuvenile,0.05,
VFEI2_Teramantis,Vanilla Factions Expanded - Insectoids 2,2,EusocialInsectAdult,1,Pawn_BigInsect_Pain
VFEI2_Titantick,Vanilla Factions Expanded - Insectoids 2,0,EusocialInsectLarva,0,
VFEI2_Titantick,Vanilla Factions Expanded - Insectoids 2,1,EusocialInsectJuvenile,0.05,
VFEI2_Titantick,Vanilla Factions Expanded - Insectoids 2,2,EusocialInsectAdult,1,Pawn_BigInsect_Pain
VFEI2_Venomite,Vanilla Factions Expanded - Insectoids 2,0,EusocialInsectLarva,0,
VFEI2_Venomite,Vanilla Factions Expanded - Insectoids 2,1,EusocialInsectJuvenile,0.015,
VFEI2_Venomite,Vanilla Factions Expanded - Insectoids 2,2,EusocialInsectAdult,0.1,Pawn_BigInsect_Pain
VGE_Astropede,Vanilla Gravship Expanded - Chapter 1,0,MechanoidFullyFormed,0,Pawn_Mech_Centipede_Wounded
VGE_Astropede,Vanilla Gravship Expanded - Chapter 1,1,MechanoidFullyFormed,100,Pawn_Mech_Centipede_Wounded
VGE_Hunter,Vanilla Gravship Expanded - Chapter 1,0,MechanoidFullyFormed,0,Pawn_Hunter_Wounded
VGE_Hunter,Vanilla Gravship Expanded - Chapter 1,1,MechanoidFullyFormed,100,Pawn_Hunter_Wounded
VGE_Astronaut,Vanilla Gravship Expanded - Chapter 1,0,MechanoidFullyFormed,0,Pawn_Wasp_Wounded
VGE_Astronaut,Vanilla Gravship Expanded - Chapter 1,1,MechanoidFullyFormed,100,Pawn_Wasp_Wounded
VQEA_Spliceling,Vanilla Quests Expanded - Ancients,0,EusocialInsectAdult,0,VQEA_Mutant_Wounded
VQEA_Splicehulk,Vanilla Quests Expanded - Ancients,0,EusocialInsectAdult,0,VQEA_Mutant_Wounded
VQEA_Splicefiend,Vanilla Quests Expanded - Ancients,0,EusocialInsectAdult,0,VQEA_Mutant_Wounded
VQEA_Splicetoot,Vanilla Quests Expanded - Ancients,0,EusocialInsectAdult,0,VQEA_Mutant_Wounded
VQE_IceCrawler,Vanilla Quests Expanded - Cryptoforge,0,EusocialInsectLarva,0,
VQE_IceCrawler,Vanilla Quests Expanded - Cryptoforge,1,EusocialInsectJuvenile,0.03,
VQE_IceCrawler,Vanilla Quests Expanded - Cryptoforge,2,EusocialInsectAdult,0.2,Pawn_Spelopede_Pain
VQE_Megamidge,Vanilla Quests Expanded - Cryptoforge,0,EusocialInsectLarva,0,
VQE_Megamidge,Vanilla Quests Expanded - Cryptoforge,1,EusocialInsectJuvenile,0.03,
VQE_Megamidge,Vanilla Quests Expanded - Cryptoforge,2,EusocialInsectAdult,0.2,Pawn_BigInsect_Pain
VRE_CompanionDryad,Vanilla Races Expanded - Phytokin,0,AnimalAdult,0,Pawn_Dryad_Wounded
JDSCIS_Pistoeka_Sotage_Droid,[JDS] StarWars - The Separatist Droid Army,0,MechanoidFullyFormed,0,Droid_Damage1_Sound
JDSCIS_Pistoeka_Sotage_Droid,[JDS] StarWars - The Separatist Droid Army,1,MechanoidFullyFormed,100,Droid_Damage3_Sound
JDSCIS_B1_Battle_Droid,[JDS] StarWars - The Separatist Droid Army,0,MechanoidFullyFormed,0,Droid_Damage3_Sound
JDSCIS_B1_Battle_Droid,[JDS] StarWars - The Separatist Droid Army,1,MechanoidFullyFormed,100,Droid_Damage3_Sound
JDSCIS_B1_Security_Droid,[JDS] StarWars - The Separatist Droid Army,0,MechanoidFullyFormed,0,Droid_Damage3_Sound
JDSCIS_B1_Security_Droid,[JDS] StarWars - The Separatist Droid Army,1,MechanoidFullyFormed,100,Droid_Damage3_Sound
JDSCIS_B1_Commander_Droid,[JDS] StarWars - The Separatist Droid Army,0,MechanoidFullyFormed,0,Droid_Damage3_Sound
JDSCIS_B1_Commander_Droid,[JDS] StarWars - The Separatist Droid Army,1,MechanoidFullyFormed,100,Droid_Damage3_Sound
JDSCIS_BX_Commando_Droid,[JDS] StarWars - The Separatist Droid Army,0,MechanoidFullyFormed,0,Droid_Damage3_Sound
JDSCIS_BX_Commando_Droid,[JDS] StarWars - The Separatist Droid Army,1,MechanoidFullyFormed,100,Droid_Damage3_Sound
JDSCIS_IG-100_MagnaGuards,[JDS] StarWars - The Separatist Droid Army,0,MechanoidFullyFormed,0,Droid_Damage3_Sound
JDSCIS_IG-100_MagnaGuards,[JDS] StarWars - The Separatist Droid Army,1,MechanoidFullyFormed,100,Droid_Damage3_Sound
JDSCIS_T1_Tactical_Droid,[JDS] StarWars - The Separatist Droid Army,0,MechanoidFullyFormed,0,Droid_Damage3_Sound
JDSCIS_T1_Tactical_Droid,[JDS] StarWars - The Separatist Droid Army,1,MechanoidFullyFormed,100,Droid_Damage3_Sound
JDSCIS_ST_Super_Tactical_Droid,[JDS] StarWars - The Separatist Droid Army,0,MechanoidFullyFormed,0,Droid_Damage3_Sound
JDSCIS_ST_Super_Tactical_Droid,[JDS] StarWars - The Separatist Droid Army,1,MechanoidFullyFormed,100,Droid_Damage3_Sound
JDSCIS_B2_Super_Battle_Droid,[JDS] StarWars - The Separatist Droid Army,0,MechanoidFullyFormed,0,Droid_Damage2_Sound
JDSCIS_B2_Super_Battle_Droid,[JDS] StarWars - The Separatist Droid Army,1,MechanoidFullyFormed,100,Droid_Damage2_Sound
JDSCIS_B2_HA_Super_Battle_Droid,[JDS] StarWars - The Separatist Droid Army,0,MechanoidFullyFormed,0,Droid_Damage2_Sound
JDSCIS_B2_HA_Super_Battle_Droid,[JDS] StarWars - The Separatist Droid Army,1,MechanoidFullyFormed,100,Droid_Damage2_Sound
JDSCIS_AQ_Battle_Droid,[JDS] StarWars - The Separatist Droid Army,0,MechanoidFullyFormed,0,Droid_Damage2_Sound
JDSCIS_AQ_Battle_Droid,[JDS] StarWars - The Separatist Droid Army,1,MechanoidFullyFormed,100,Droid_Damage2_Sound
JDSCIS_Droideka_Droid,[JDS] StarWars - The Separatist Droid Army,0,MechanoidFullyFormed,0,Droid_Damage2_Sound
JDSCIS_Droideka_Droid,[JDS] StarWars - The Separatist Droid Army,1,MechanoidFullyFormed,100,Droid_Damage2_Sound
JDSCIS_Droideka_Sharpshooter_Droid,[JDS] StarWars - The Separatist Droid Army,0,MechanoidFullyFormed,0,Droid_Damage2_Sound
JDSCIS_Droideka_Sharpshooter_Droid,[JDS] StarWars - The Separatist Droid Army,1,MechanoidFullyFormed,100,Droid_Damage2_Sound
JDSCIS_Demolition_Droid,[JDS] StarWars - The Separatist Droid Army,0,MechanoidFullyFormed,0,Droid_Damage2_Sound
JDSCIS_Demolition_Droid,[JDS] StarWars - The Separatist Droid Army,1,MechanoidFullyFormed,100,Droid_Damage2_Sound
JDSCIS_DSD1_Dwarf_Spider_Droid,[JDS] StarWars - The Separatist Droid Army,0,MechanoidFullyFormed,0,Droid_Damage3_Sound
JDSCIS_DSD1_Dwarf_Spider_Droid,[JDS] StarWars - The Separatist Droid Army,1,MechanoidFullyFormed,100,Droid_Damage3_Sound
JDSCIS_LR-57_Combat_Droid,[JDS] StarWars - The Separatist Droid Army,0,MechanoidFullyFormed,0,Droid_Damage2_Sound
JDSCIS_LR-57_Combat_Droid,[JDS] StarWars - The Separatist Droid Army,1,MechanoidFullyFormed,100,Droid_Damage2_Sound
AA_AcanthamoebaGiganteaSmall,Alpha Animals,0,AnimalAdult,0,AA_GreenGoo_Wounded
AA_AcanthamoebaGiganteaLarge,Alpha Animals,0,AnimalAdult,0,AA_GreenGoo_Wounded
AA_AcanthamoebaGiganteaHuge,Alpha Animals,0,AnimalAdult,0,AA_GreenGoo_Wounded
AA_Aerofleet,Alpha Animals,0,AnimalBaby,0,
AA_Aerofleet,Alpha Animals,1,AnimalJuvenile,0.1,
AA_Aerofleet,Alpha Animals,2,AnimalAdult,0.2222,Pawn_Rodent_Wounded
AA_ColossalAerofleet,Alpha Animals,0,AnimalAdult,0,Pawn_Rodent_Wounded
AA_Agaripawn,Alpha Animals,0,AnimalBaby,0,
AA_Agaripawn,Alpha Animals,1,AnimalJuvenile,0.25,
AA_Agaripawn,Alpha Animals,2,AnimalAdult,0.5,AA_Wildpawn_Wounded
AA_Agaripod,Alpha Animals,0,AnimalBaby,0,
AA_Agaripod,Alpha Animals,1,AnimalJuvenile,0.25,
AA_Agaripod,Alpha Animals,2,AnimalAdult,0.5,Pawn_Elephant_Injured
AA_AngelMothLarva,Alpha Animals,0,AnimalAdult,0,Pawn_Megascarab_Wounded
AA_AngelMoth,Alpha Animals,0,AnimalAdult,0,Pawn_Megascarab_Wounded
AA_AnimaColossus,Alpha Animals,0,AnimalBaby,0,
AA_AnimaColossus,Alpha Animals,1,AnimalJuvenile,0.25,
AA_AnimaColossus,Alpha Animals,2,AnimalAdult,0.5,Pawn_Rhinoceros_Wounded
AA_Animalisk,Alpha Animals,0,AnimalBaby,0,
AA_Animalisk,Alpha Animals,1,AnimalJuvenile,0.24,
AA_Animalisk,Alpha Animals,2,AnimalAdult,0.5,Pawn_Feralisk_Wounded
AA_AnimusVox,Alpha Animals,0,AnimalBaby,0,
AA_AnimusVox,Alpha Animals,1,AnimalJuvenile,0.1,
AA_AnimusVox,Alpha Animals,2,AnimalAdult,0.3333,
AA_ArcticLion,Alpha Animals,0,AnimalBaby,0,
AA_ArcticLion,Alpha Animals,1,AnimalJuvenile,0.25,
AA_ArcticLion,Alpha Animals,2,AnimalAdult,0.5,AA_ArcticLion_Wounded
AA_LarvalAtispec,Alpha Animals,0,AnimalAdult,0,Pawn_Megascarab_Wounded
AA_Atispec,Alpha Animals,0,AnimalAdult,0,AA_Atispec_Wounded
AA_AuroraSylph,Alpha Animals,0,AnimalAdult,0,Pawn_Megascarab_Wounded
AA_Barbslinger,Alpha Animals,0,AnimalBaby,0,
AA_Barbslinger,Alpha Animals,1,AnimalJuvenile,0.15,
AA_Barbslinger,Alpha Animals,2,AnimalAdult,0.3333,Pawn_Spelopede_Pain
AA_BedBug,Alpha Animals,0,AnimalBaby,0,
AA_BedBug,Alpha Animals,1,AnimalJuvenile,0.05,
AA_BedBug,Alpha Animals,2,AnimalAdult,0.2222,Pawn_Megascarab_Wounded
AA_Behemoth,Alpha Animals,0,AnimalBaby,0,
AA_Behemoth,Alpha Animals,1,AnimalJuvenile,0.3,
AA_Behemoth,Alpha Animals,2,AnimalAdult,1,Pawn_Cobra_Wounded
AA_BlackScarab,Alpha Animals,0,EusocialInsectLarva,0,
AA_BlackScarab,Alpha Animals,1,EusocialInsectJuvenile,0.03,
AA_BlackScarab,Alpha Animals,2,EusocialInsectAdult,0.4,Pawn_Megascarab_Wounded
AA_BlackSpelopede,Alpha Animals,0,EusocialInsectLarva,0,
AA_BlackSpelopede,Alpha Animals,1,EusocialInsectJuvenile,0.03,
AA_BlackSpelopede,Alpha Animals,2,EusocialInsectAdult,0.2,Pawn_Spelopede_Pain
AA_BlackSpider,Alpha Animals,0,EusocialInsectLarva,0,
AA_BlackSpider,Alpha Animals,1,EusocialInsectJuvenile,0.03,
AA_BlackSpider,Alpha Animals,2,EusocialInsectAdult,0.2,Pawn_BigInsect_Pain
AA_Blizzarisk,Alpha Animals,0,AnimalBaby,0,
AA_Blizzarisk,Alpha Animals,1,AnimalJuvenile,0.25,
AA_Blizzarisk,Alpha Animals,2,AnimalAdult,0.5,Pawn_Feralisk_Wounded
AA_BlizzariskClutchMother,Alpha Animals,0,AnimalAdult,0,Pawn_Feralisk_Wounded
AA_BloodShrimp,Alpha Animals,0,AnimalBaby,0,
AA_BloodShrimp,Alpha Animals,1,AnimalJuvenile,0.25,
AA_BloodShrimp,Alpha Animals,2,AnimalAdult,0.5,Pawn_RaptorShrimp_Wounded
AA_Bobeene,Alpha Animals,0,AnimalBaby,0,
AA_Bobeene,Alpha Animals,1,AnimalJuvenile,0.2,
AA_Bobeene,Alpha Animals,2,AnimalAdult,0.3333,Pawn_Muffalo_Wounded
AA_BoulderMit,Alpha Animals,0,AnimalBaby,0,
AA_BoulderMit,Alpha Animals,1,AnimalJuvenile,.25,
AA_BoulderMit,Alpha Animals,2,AnimalAdult,0.50,AA_BouldermitSound
AA_SummitCrab,Alpha Animals,0,AnimalBaby,0,
AA_SummitCrab,Alpha Animals,1,AnimalJuvenile,1,
AA_SummitCrab,Alpha Animals,2,AnimalAdult,2.50,AA_BouldermitSound
AA_Bumbledrone,Alpha Animals,0,AnimalBaby,0,
AA_Bumbledrone,Alpha Animals,1,AnimalJuvenile,0.1,
AA_Bumbledrone,Alpha Animals,2,AnimalAdult,0.22,AA_Wasp
AA_BumbledroneHierophant,Alpha Animals,0,AnimalBaby,0,
AA_BumbledroneHierophant,Alpha Animals,1,AnimalJuvenile,0.2,
AA_BumbledroneHierophant,Alpha Animals,2,AnimalAdult,0.5,AA_Wasp
AA_BumbledroneQueen,Alpha Animals,0,AnimalBaby,0,
AA_BumbledroneQueen,Alpha Animals,1,AnimalJuvenile,0.2,
AA_BumbledroneQueen,Alpha Animals,2,AnimalAdult,0.5,AA_Wasp
AA_Cactipine,Alpha Animals,0,AnimalBaby,0,
AA_Cactipine,Alpha Animals,1,AnimalJuvenile,0.1,
AA_Cactipine,Alpha Animals,2,AnimalAdult,0.2222,Pawn_Boomrat_Wounded
AA_ChameleonYak,Alpha Animals,0,AnimalBaby,0,
AA_ChameleonYak,Alpha Animals,1,AnimalJuvenile,0.2,
AA_ChameleonYak,Alpha Animals,2,AnimalAdult,0.3333,Pawn_Muffalo_Wounded
AA_ChemfuelMyrmidon,Alpha Animals,0,EusocialInsectLarva,0,
AA_ChemfuelMyrmidon,Alpha Animals,1,EusocialInsectJuvenile,0.2,
AA_ChemfuelMyrmidon,Alpha Animals,2,AnimalAdult,0.3333,Pawn_BigInsect_Pain
AA_Cinderlisk,Alpha Animals,0,AnimalBaby,0,
AA_Cinderlisk,Alpha Animals,1,AnimalJuvenile,0.25,
AA_Cinderlisk,Alpha Animals,2,AnimalAdult,0.5,Pawn_Feralisk_Wounded
AA_CrepuscularBeetle,Alpha Animals,0,AnimalBaby,0,
AA_CrepuscularBeetle,Alpha Animals,1,AnimalJuvenile,0.2,
AA_CrepuscularBeetle,Alpha Animals,2,AnimalAdult,0.3333,Pawn_Terramorph_Wounded
AA_CrescendoAnole,Alpha Animals,0,AnimalBaby,0,
AA_CrescendoAnole,Alpha Animals,1,AnimalJuvenile,0.2,
AA_CrescendoAnole,Alpha Animals,2,AnimalAdult,0.3333,Pawn_Iguana_Wounded
AA_CrystallineCaracal,Alpha Animals,0,AnimalBaby,0,
AA_CrystallineCaracal,Alpha Animals,1,AnimalJuvenile,0.25,
AA_CrystallineCaracal,Alpha Animals,2,AnimalAdult,0.5,Pawn_Cougar_Injured
AA_CrystalMit,Alpha Animals,0,AnimalBaby,0,
AA_CrystalMit,Alpha Animals,1,AnimalJuvenile,0.2,
AA_CrystalMit,Alpha Animals,2,AnimalAdult,0.3333,Pawn_Tortoise_Wounded
AA_Darkbeast,Alpha Animals,0,AnimalBaby,0,
AA_Darkbeast,Alpha Animals,1,AnimalJuvenile,0.25,
AA_Darkbeast,Alpha Animals,2,AnimalAdult,0.5,Pawn_Wildboar_Wounded
AA_DarkVandal,Alpha Animals,0,AnimalBaby,0,
AA_DarkVandal,Alpha Animals,1,AnimalJuvenile,0.1,
AA_DarkVandal,Alpha Animals,2,AnimalAdult,0.3333,Pawn_Wildboar_Wounded
AA_DecayDrake,Alpha Animals,0,AnimalBaby,0,
AA_DecayDrake,Alpha Animals,1,AnimalJuvenile,0.25,
AA_DecayDrake,Alpha Animals,2,AnimalAdult,0.5,AA_DecayDrake_Wounded
AA_DesertAve,Alpha Animals,0,AnimalBaby,0,
AA_DesertAve,Alpha Animals,1,AnimalJuvenile,0.25,
AA_DesertAve,Alpha Animals,2,AnimalAdult,0.5,AA_MeadowAve_Wounded
AA_DevilSheep,Alpha Animals,0,AnimalBaby,0,
AA_DevilSheep,Alpha Animals,1,AnimalJuvenile,0.1,
AA_DevilSheep,Alpha Animals,2,AnimalAdult,0.2222,
AA_DrainerLarva,Alpha Animals,0,AnimalAdult,0,Pawn_Megascarab_Wounded
AA_Drainer,Alpha Animals,0,AnimalAdult,0,Pawn_Megascarab_Wounded
AA_Dunealisk,Alpha Animals,0,AnimalBaby,0,
AA_Dunealisk,Alpha Animals,1,AnimalJuvenile,0.25,
AA_Dunealisk,Alpha Animals,2,AnimalAdult,0.5,Pawn_Feralisk_Wounded
AA_DunealiskClutchMother,Alpha Animals,0,AnimalAdult,0,Pawn_Feralisk_Wounded
AA_DuskProwler,Alpha Animals,0,AnimalBaby,0,
AA_DuskProwler,Alpha Animals,1,AnimalJuvenile,0.4,
AA_DuskProwler,Alpha Animals,2,AnimalAdult,0.9,Pawn_Warg_Wounded
AA_DuskRat,Alpha Animals,0,AnimalBaby,0,
AA_DuskRat,Alpha Animals,1,AnimalJuvenile,0.1,
AA_DuskRat,Alpha Animals,2,AnimalAdult,0.2222,Pawn_Boomrat_Wounded
AA_EmpressButterflyLarva,Alpha Animals,0,AnimalAdult,0,Pawn_Megascarab_Wounded
AA_EmpressButterfly,Alpha Animals,0,AnimalAdult,0,Pawn_Megascarab_Wounded
AA_EngorgedTentacularAberration,Alpha Animals,0,AnimalAdult,0,AA_TarGuzzler_Wounded
AA_Erin,Alpha Animals,0,AnimalBaby,0,
AA_Erin,Alpha Animals,1,AnimalJuvenile,0.25,
AA_Erin,Alpha Animals,2,AnimalAdult,0.5,AA_DecayDrake_Wounded
AA_Eyeling,Alpha Animals,0,AnimalBaby,0,
AA_Eyeling,Alpha Animals,1,AnimalJuvenile,0.1,
AA_Eyeling,Alpha Animals,2,AnimalAdult,0.2222,Pawn_Iguana_Wounded
AA_Feralisk,Alpha Animals,0,AnimalBaby,0,
AA_Feralisk,Alpha Animals,1,AnimalJuvenile,0.25,
AA_Feralisk,Alpha Animals,2,AnimalAdult,0.5,Pawn_Feralisk_Wounded
AA_FeraliskClutchMother,Alpha Animals,0,AnimalAdult,0,Pawn_Feralisk_Wounded
AA_FireWasp,Alpha Animals,0,AnimalBaby,0,
AA_FireWasp,Alpha Animals,1,AnimalJuvenile,0.25,
AA_FireWasp,Alpha Animals,2,AnimalAdult,0.5,AA_Wasp
AA_FissionMouse,Alpha Animals,0,AnimalBaby,0,
AA_FissionMouse,Alpha Animals,1,AnimalJuvenile,0.1,
AA_FissionMouse,Alpha Animals,2,AnimalAdult,0.2222,Pawn_Rodent_Wounded
AA_FissionMouseSecond,Alpha Animals,0,AnimalAdult,0,Pawn_Rodent_Wounded
AA_FissionMouseThird,Alpha Animals,0,AnimalAdult,0,Pawn_Rodent_Wounded
AA_FlamingoPhoenix,Alpha Animals,0,AnimalBabyTiny,0,
AA_FlamingoPhoenix,Alpha Animals,1,AnimalJuvenile,0.12,
AA_FlamingoPhoenix,Alpha Animals,2,AnimalAdult,0.2,
AA_FrostAve,Alpha Animals,0,AnimalBaby,0,
AA_FrostAve,Alpha Animals,1,AnimalJuvenile,0.25,
AA_FrostAve,Alpha Animals,2,AnimalAdult,0.5,AA_MeadowAve_Wounded
AA_FrostboundBehemoth,Alpha Animals,0,AnimalBaby,0,
AA_FrostboundBehemoth,Alpha Animals,1,AnimalJuvenile,0.25,
AA_FrostboundBehemoth,Alpha Animals,2,AnimalAdult,0.5,Pawn_Terramorph_Wounded
AA_Frostling,Alpha Animals,0,AnimalBaby,0,
AA_Frostling,Alpha Animals,1,AnimalJuvenile,0.25,
AA_Frostling,Alpha Animals,2,AnimalAdult,0.5,Pawn_Warg_Wounded
AA_FrostLynx,Alpha Animals,0,AnimalBaby,0,
AA_FrostLynx,Alpha Animals,1,AnimalJuvenile,0.25,
AA_FrostLynx,Alpha Animals,2,AnimalAdult,0.5,Pawn_Cougar_Injured
AA_Frostmite,Alpha Animals,0,AnimalBaby,0,
AA_Frostmite,Alpha Animals,1,AnimalJuvenile,0.1,
AA_Frostmite,Alpha Animals,2,AnimalAdult,0.2222,Pawn_Frostmite_Wounded
AA_FungalHusk,Alpha Animals,0,AnimalAdult,0,
AA_Gallatross,Alpha Animals,0,AnimalBaby,0,
AA_Gallatross,Alpha Animals,1,AnimalJuvenile,0.75,
AA_Gallatross,Alpha Animals,2,AnimalAdult,1.332,Pawn_Thrumbo_Pain
AA_GallatrossMoribund,Alpha Animals,0,AnimalBaby,0,
AA_GallatrossMoribund,Alpha Animals,1,AnimalJuvenile,2.0,
AA_GallatrossMoribund,Alpha Animals,2,AnimalAdult,4,Pawn_Thrumbo_Pain
AA_Genix,Alpha Animals,0,AnimalBaby,0,
AA_Genix,Alpha Animals,1,AnimalJuvenile,0.25,
AA_Genix,Alpha Animals,2,AnimalAdult,0.5,Pawn_Cougar_Injured
AA_GiantCrownedSilkie,Alpha Animals,0,AnimalBaby,0,
AA_GiantCrownedSilkie,Alpha Animals,1,AnimalJuvenile,0.25,
AA_GiantCrownedSilkie,Alpha Animals,2,AnimalAdult,0.5,AA_MeadowAve_Wounded
AA_Gigantelope,Alpha Animals,0,AnimalBaby,0,
AA_Gigantelope,Alpha Animals,1,AnimalJuvenile,0.25,
AA_Gigantelope,Alpha Animals,2,AnimalAdult,0.50,Pawn_Muffalo_Wounded
AA_GreatDevourer,Alpha Animals,0,AnimalBaby,0,
AA_GreatDevourer,Alpha Animals,1,AnimalJuvenile,0.25,
AA_GreatDevourer,Alpha Animals,2,AnimalAdult,0.5,Pawn_BigInsect_Pain
AA_GreenGoo,Alpha Animals,0,AnimalBaby,0,
AA_GreenGoo,Alpha Animals,1,AnimalJuvenile,0.01,
AA_GreenGoo,Alpha Animals,2,AnimalAdult,0.02,AA_GreenGoo_Wounded
AA_GreyCoatedMouflon,Alpha Animals,0,AnimalBaby,0,
AA_GreyCoatedMouflon,Alpha Animals,1,AnimalJuvenile,0.25,
AA_GreyCoatedMouflon,Alpha Animals,2,AnimalAdult,0.3333,Pawn_Sheep_Wounded
AA_Groundrunner,Alpha Animals,0,AnimalBaby,0,
AA_Groundrunner,Alpha Animals,1,AnimalJuvenile,0.25,
AA_Groundrunner,Alpha Animals,2,AnimalAdult,0.3333,Pawn_Muffalo_Wounded
AA_Helixien,Alpha Animals,0,AnimalBaby,0,
AA_Helixien,Alpha Animals,1,AnimalJuvenile,0.25,
AA_Helixien,Alpha Animals,2,AnimalAdult,0.3333,AA_Helixien_Angry
AA_InfectedAerofleet,Alpha Animals,0,AnimalBaby,0,
AA_InfectedAerofleet,Alpha Animals,1,AnimalJuvenile,0.1,
AA_InfectedAerofleet,Alpha Animals,2,AnimalAdult,0.2222,Pawn_Rodent_Wounded
AA_IronhuskBeetle,Alpha Animals,0,AnimalBaby,0,
AA_IronhuskBeetle,Alpha Animals,1,AnimalJuvenile,0.2,
AA_IronhuskBeetle,Alpha Animals,2,AnimalAdult,0.3333,Pawn_BigInsect_Pain
AA_Junglelisk,Alpha Animals,0,AnimalBaby,0,
AA_Junglelisk,Alpha Animals,1,AnimalJuvenile,0.25,
AA_Junglelisk,Alpha Animals,2,AnimalAdult,0.5,Pawn_Feralisk_Wounded
AA_Lockjaw,Alpha Animals,0,AnimalBaby,0,
AA_Lockjaw,Alpha Animals,1,AnimalJuvenile,0.25,
AA_Lockjaw,Alpha Animals,2,AnimalAdult,0.5,Pawn_Rhinoceros_Wounded
AA_Locusts,Alpha Animals,0,EusocialInsectAdult,0,Pawn_Megascarab_Wounded
AA_LuciferBug,Alpha Animals,0,AnimalBaby,0,
AA_LuciferBug,Alpha Animals,1,AnimalJuvenile,0.30,
AA_LuciferBug,Alpha Animals,2,AnimalAdult,0.5,Pawn_Megascarab_Wounded
AA_MammothWorm,Alpha Animals,0,AnimalBaby,0,
AA_MammothWorm,Alpha Animals,1,AnimalJuvenile,0.25,
AA_MammothWorm,Alpha Animals,2,AnimalAdult,0.5,Pawn_Terramorph_Wounded
AA_Mantrap,Alpha Animals,0,AnimalBaby,0,
AA_Mantrap,Alpha Animals,1,AnimalJuvenile,0.2,
AA_Mantrap,Alpha Animals,2,AnimalAdult,0.3333,AA_Mantrap_Wounded
AA_MatureFleshbeast,Alpha Animals,0,AnimalAdult,0,AA_TarGuzzler_Wounded
AA_MeadowAve,Alpha Animals,0,AnimalBaby,0,
AA_MeadowAve,Alpha Animals,1,AnimalJuvenile,0.25,
AA_MeadowAve,Alpha Animals,2,AnimalAdult,0.5,AA_MeadowAve_Wounded
AA_MegaLouse,Alpha Animals,0,AnimalBaby,0,
AA_MegaLouse,Alpha Animals,1,AnimalJuvenile,0.2,
AA_MegaLouse,Alpha Animals,2,AnimalAdult,0.33,Pawn_Megascarab_Wounded
AA_Metallovore,Alpha Animals,0,AnimalBaby,0,
AA_Metallovore,Alpha Animals,1,AnimalJuvenile,0.2,
AA_Metallovore,Alpha Animals,2,AnimalAdult,0.3333,Pawn_BigInsect_Pain
AA_Mime,Alpha Animals,0,AnimalAdult,0,
AA_Murkling,Alpha Animals,0,AnimalBaby,0,
AA_Murkling,Alpha Animals,1,AnimalJuvenile,0.1,
AA_Murkling,Alpha Animals,2,AnimalAdult,0.2222,Pawn_Rodent_Wounded
AA_MycoidColossus,Alpha Animals,0,AnimalBaby,0,
AA_MycoidColossus,Alpha Animals,1,AnimalJuvenile,0.25,
AA_MycoidColossus,Alpha Animals,2,AnimalAdult,0.5,Pawn_Rhinoceros_Wounded
AA_Needlepost,Alpha Animals,0,AnimalBaby,0,
AA_Needlepost,Alpha Animals,1,AnimalJuvenile,0.1,
AA_Needlepost,Alpha Animals,2,AnimalAdult,0.2222,Pawn_Needlepost_Wounded
AA_Needleroll,Alpha Animals,0,AnimalBaby,0,
AA_Needleroll,Alpha Animals,1,AnimalJuvenile,0.1,
AA_Needleroll,Alpha Animals,2,AnimalAdult,0.2222,Pawn_Needlepost_Wounded
AA_NightMule,Alpha Animals,0,AnimalBaby,0,
AA_NightMule,Alpha Animals,1,AnimalJuvenile,0.4,
AA_NightMule,Alpha Animals,2,AnimalAdult,0.7,Pawn_Muffalo_Wounded
AA_NightAve,Alpha Animals,0,AnimalBaby,0,
AA_NightAve,Alpha Animals,1,AnimalJuvenile,0.25,
AA_NightAve,Alpha Animals,2,AnimalAdult,0.5,AA_MeadowAve_Wounded
AA_Nightling,Alpha Animals,0,AnimalBaby,0,
AA_Nightling,Alpha Animals,1,AnimalJuvenile,0.25,
AA_Nightling,Alpha Animals,2,AnimalAdult,0.5,Pawn_Warg_Wounded
AA_NightRam,Alpha Animals,0,AnimalBaby,0,
AA_NightRam,Alpha Animals,1,AnimalJuvenile,0.2,
AA_NightRam,Alpha Animals,2,AnimalAdult,0.45,Pawn_Deer_Wounded
AA_OcularJelly,Alpha Animals,0,AnimalBaby,0,
AA_OcularJelly,Alpha Animals,1,AnimalJuvenile,0.1,
AA_OcularJelly,Alpha Animals,2,AnimalAdult,0.2222,AA_OcularJelly_Wounded
AA_OcularNightling,Alpha Animals,0,AnimalBaby,0,
AA_OcularNightling,Alpha Animals,1,AnimalJuvenile,0.25,
AA_OcularNightling,Alpha Animals,2,AnimalAdult,0.5,Pawn_Warg_Wounded
AA_OvergrownColossus,Alpha Animals,0,AnimalBaby,0,
AA_OvergrownColossus,Alpha Animals,1,AnimalJuvenile,0.25,
AA_OvergrownColossus,Alpha Animals,2,AnimalAdult,0.5,Pawn_Rhinoceros_Wounded
AA_PebbleMit,Alpha Animals,0,AnimalBaby,0,
AA_PebbleMit,Alpha Animals,1,AnimalJuvenile,0.2,
AA_PebbleMit,Alpha Animals,2,AnimalAdult,0.3333,Pawn_Tortoise_Wounded
AA_PedigreedRaptor,Alpha Animals,0,AnimalBaby,0,
AA_PedigreedRaptor,Alpha Animals,1,AnimalJuvenile,0.25,
AA_PedigreedRaptor,Alpha Animals,2,AnimalAdult,0.5,Pawn_Iguana_Wounded
AA_PhoenixOwlcat,Alpha Animals,0,AnimalBaby,0,
AA_PhoenixOwlcat,Alpha Animals,1,AnimalJuvenile,0.15,
AA_PhoenixOwlcat,Alpha Animals,2,AnimalAdult,0.4,Pawn_Cat_Injured
AA_Plasmorph,Alpha Animals,0,AnimalBaby,0,
AA_Plasmorph,Alpha Animals,1,AnimalJuvenile,.2,
AA_Plasmorph,Alpha Animals,2,AnimalAdult,.4,AA_Helixien_Angry
AA_Radyak,Alpha Animals,0,AnimalBaby,0,
AA_Radyak,Alpha Animals,1,AnimalJuvenile,0.25,
AA_Radyak,Alpha Animals,2,AnimalAdult,0.50,Pawn_Muffalo_Wounded
AA_RaptorShrimp,Alpha Animals,0,AnimalBaby,0,
AA_RaptorShrimp,Alpha Animals,1,AnimalJuvenile,0.25,
AA_RaptorShrimp,Alpha Animals,2,AnimalAdult,0.5,Pawn_RaptorShrimp_Wounded
AA_Ravager,Alpha Animals,0,AnimalBaby,0,
AA_Ravager,Alpha Animals,1,AnimalJuvenile,.15,
AA_Ravager,Alpha Animals,2,AnimalAdult,.5,Pawn_BigInsect_Pain
AA_RayHound,Alpha Animals,0,AnimalBaby,0,
AA_RayHound,Alpha Animals,1,AnimalJuvenile,0.25,
AA_RayHound,Alpha Animals,2,AnimalAdult,0.5,AA_DecayDrake_Wounded
AA_Razorjack,Alpha Animals,0,AnimalBaby,0,
AA_Razorjack,Alpha Animals,1,AnimalJuvenile,0.25,
AA_Razorjack,Alpha Animals,2,AnimalAdult,0.5,AA_DecayDrake_Wounded
AA_RedGoo,Alpha Animals,0,AnimalBaby,0,
AA_RedGoo,Alpha Animals,1,AnimalJuvenile,0.01,
AA_RedGoo,Alpha Animals,2,AnimalAdult,0.02,AA_GreenGoo_Wounded
AA_RedSpore,Alpha Animals,0,AnimalBaby,0,
AA_RedSpore,Alpha Animals,1,AnimalJuvenile,0.1,
AA_RedSpore,Alpha Animals,2,AnimalAdult,0.2,AA_OcularJelly_Wounded
AA_RipperHound,Alpha Animals,0,AnimalBaby,0,
AA_RipperHound,Alpha Animals,1,AnimalJuvenile,0.25,
AA_RipperHound,Alpha Animals,2,AnimalAdult,0.5,Pawn_Warg_Wounded
AA_RoughPlatedMonitor,Alpha Animals,0,AnimalBaby,0,
AA_RoughPlatedMonitor,Alpha Animals,1,AnimalJuvenile,0.25,
AA_RoughPlatedMonitor,Alpha Animals,2,AnimalAdult,0.5,AA_DecayDrake_Wounded
AA_RoyalAve,Alpha Animals,0,AnimalBaby,0,
AA_RoyalAve,Alpha Animals,1,AnimalJuvenile,0.25,
AA_RoyalAve,Alpha Animals,2,AnimalAdult,0.5,AA_MeadowAve_Wounded
AA_SandLion,Alpha Animals,0,AnimalBaby,0,
AA_SandLion,Alpha Animals,1,AnimalJuvenile,0.25,
AA_SandLion,Alpha Animals,2,AnimalAdult,0.5,AA_ArcticLion_Wounded
AA_SandProwler,Alpha Animals,0,AnimalBaby,0,
AA_SandProwler,Alpha Animals,1,AnimalJuvenile,0.25,
AA_SandProwler,Alpha Animals,2,AnimalAdult,0.5,AA_ArcticLion_Wounded
AA_SandSquid,Alpha Animals,0,AnimalBaby,0,
AA_SandSquid,Alpha Animals,1,AnimalJuvenile,.2,
AA_SandSquid,Alpha Animals,2,AnimalAdult,.3333,
AA_ShadowCharger,Alpha Animals,0,AnimalBaby,0,
AA_ShadowCharger,Alpha Animals,1,AnimalJuvenile,0.2,
AA_ShadowCharger,Alpha Animals,2,AnimalAdult,0.3333,Pawn_Deer_Wounded
AA_ShockGoat,Alpha Animals,0,AnimalBaby,0,
AA_ShockGoat,Alpha Animals,1,AnimalJuvenile,0.1,
AA_ShockGoat,Alpha Animals,2,AnimalAdult,0.266,AA_ShockGoat_Wounded
AA_Skiphound,Alpha Animals,0,AnimalBaby,0,
AA_Skiphound,Alpha Animals,1,AnimalJuvenile,0.25,
AA_Skiphound,Alpha Animals,2,AnimalAdult,0.5,Pawn_Dog_Injured
AA_Skyeel,Alpha Animals,0,AnimalBaby,0,
AA_Skyeel,Alpha Animals,1,AnimalJuvenile,.25,
AA_Skyeel,Alpha Animals,2,AnimalAdult,.5,Pawn_Cobra_Wounded
AA_Slurrypede,Alpha Animals,0,AnimalAdult,0,Pawn_Mech_Centipede_Wounded
AA_SmallButterfly,Alpha Animals,0,EusocialInsectAdult,0,Pawn_Megascarab_Wounded
AA_SpinedGow,Alpha Animals,0,AnimalBaby,0,
AA_SpinedGow,Alpha Animals,1,AnimalJuvenile,0.2,
AA_SpinedGow,Alpha Animals,2,AnimalAdult,0.3333,Pawn_Muffalo_Wounded
AA_Swarmling,Alpha Animals,0,AnimalBaby,0,
AA_Swarmling,Alpha Animals,1,AnimalJuvenile,0.1,
AA_Swarmling,Alpha Animals,2,AnimalAdult,0.2222,Pawn_Rodent_Wounded
AA_TarGuzzler,Alpha Animals,0,AnimalBaby,0,
AA_TarGuzzler,Alpha Animals,1,AnimalJuvenile,0.1,
AA_TarGuzzler,Alpha Animals,2,AnimalAdult,0.2222,AA_TarGuzzler_Wounded
AA_TeratogenicOriginator,Alpha Animals,0,AnimalBaby,0,
AA_TeratogenicOriginator,Alpha Animals,1,AnimalJuvenile,0.1,
AA_TeratogenicOriginator,Alpha Animals,2,AnimalAdult,0.2222,
AA_Terramorph,Alpha Animals,0,AnimalBaby,0,
AA_Terramorph,Alpha Animals,1,AnimalJuvenile,0.25,
AA_Terramorph,Alpha Animals,2,AnimalAdult,0.5,Pawn_Tortoise_Wounded
AA_TetraSlug,Alpha Animals,0,AnimalBaby,0,
AA_TetraSlug,Alpha Animals,1,AnimalJuvenile,0.25,
AA_TetraSlug,Alpha Animals,2,AnimalAdult,0.50,
AA_Thermadon,Alpha Animals,0,EusocialInsectLarva,0,
AA_Thermadon,Alpha Animals,1,EusocialInsectJuvenile,0.03,
AA_Thermadon,Alpha Animals,2,EusocialInsectAdult,0.2,Pawn_BigInsect_Pain
AA_Thunderbeast,Alpha Animals,0,AnimalBaby,0,
AA_Thunderbeast,Alpha Animals,1,AnimalJuvenile,0.25,
AA_Thunderbeast,Alpha Animals,2,AnimalAdult,0.5,Pawn_Wildboar_Wounded
AA_Thunderox,Alpha Animals,0,AnimalBaby,0,
AA_Thunderox,Alpha Animals,1,AnimalJuvenile,0.2,
AA_Thunderox,Alpha Animals,2,AnimalAdult,0.3333,Pawn_Muffalo_Wounded
AA_UnblinkingEye,Alpha Animals,0,AnimalAdult,0,AA_Atispec_Wounded
AA_Wildpawn,Alpha Animals,0,AnimalBaby,0,
AA_Wildpawn,Alpha Animals,1,AnimalJuvenile,0.25,
AA_Wildpawn,Alpha Animals,2,AnimalAdult,0.5,AA_Wildpawn_Wounded
AA_Wildpod,Alpha Animals,0,AnimalBaby,0,
AA_Wildpod,Alpha Animals,1,AnimalJuvenile,0.25,
AA_Wildpod,Alpha Animals,2,AnimalAdult,0.5,AA_Wildpawn_Wounded
AA_WindBeast,Alpha Animals,0,AnimalBaby,0,
AA_WindBeast,Alpha Animals,1,AnimalJuvenile,0.25,
AA_WindBeast,Alpha Animals,2,AnimalAdult,0.5,Pawn_Wildboar_Wounded
VFEI2_BlackEmpress,Alpha Animals,0,EusocialInsectLarva,0,
VFEI2_BlackEmpress,Alpha Animals,1,EusocialInsectJuvenile,0.05,
VFEI2_BlackEmpress,Alpha Animals,2,EusocialInsectAdult,1,Pawn_BigInsect_Pain
VFEI2_BlackQueen,Alpha Animals,0,EusocialInsectLarva,0,
VFEI2_BlackQueen,Alpha Animals,1,EusocialInsectJuvenile,0.03,
VFEI2_BlackQueen,Alpha Animals,2,EusocialInsectAdult,0.2,Pawn_BigInsect_Pain
VFEI2_BlackSwarmling,Alpha Animals,0,EusocialInsectLarva,0,
VFEI2_BlackSwarmling,Alpha Animals,1,EusocialInsectJuvenile,0.03,
VFEI2_BlackSwarmling,Alpha Animals,2,EusocialInsectAdult,0.2,Pawn_BigInsect_Pain
,Biomes! Core,0,AnimalBabyTiny,0,
,Biomes! Core,1,AnimalJuvenile,0.14,
,Biomes! Core,2,AnimalAdult,0.27,
BiomesIslands_Flamingo,Biomes! Core,0,AnimalBaby,0,
BiomesIslands_Flamingo,Biomes! Core,1,AnimalJuvenile,0.22,
BiomesIslands_Flamingo,Biomes! Core,2,AnimalAdult,0.4,
BMT_LandOctopus,Biomes! Core,0,AnimalBaby,0,
BMT_LandOctopus,Biomes! Core,1,AnimalJuvenile,0.1,
BMT_LandOctopus,Biomes! Core,2,AnimalAdult,0.333,Biomes_GiantSnail_Wounded
BMT_Maxolotl,Biomes! Core,0,AnimalBaby,0,
BMT_Maxolotl,Biomes! Core,1,AnimalJuvenile,0.1,
BMT_Maxolotl,Biomes! Core,2,AnimalAdult,0.2222,Pawn_Rodent_Wounded
GiantToad,Giant Toads (Continued),0,AnimalBaby,0,Pawn_GiantToad_Wounded
GiantToad,Giant Toads (Continued),1,AnimalJuvenile,0.2,Pawn_GiantToad_Wounded
GiantToad,Giant Toads (Continued),2,AnimalAdult,0.5,Pawn_GiantToad_Wounded
KingToad,Giant Toads (Continued),0,AnimalAdult,0,Pawn_GiantToad_Wounded
SW_Electricfish,Insectoids 2 - Isopoda geneline,0,EusocialInsectLarva,0,
SW_Electricfish,Insectoids 2 - Isopoda geneline,1,EusocialInsectJuvenile,0.03,
SW_Electricfish,Insectoids 2 - Isopoda geneline,2,EusocialInsectAdult,0.2,Pawn_Megascarab_Wounded
SW_Electricgryllotalpa,Insectoids 2 - Isopoda geneline,0,EusocialInsectLarva,0,
SW_Electricgryllotalpa,Insectoids 2 - Isopoda geneline,1,EusocialInsectJuvenile,0.015,
SW_Electricgryllotalpa,Insectoids 2 - Isopoda geneline,2,EusocialInsectAdult,0.1,Pawn_Megascarab_Wounded
SW_Electrictick,Insectoids 2 - Isopoda geneline,0,EusocialInsectAdult,,Pawn_Megascarab_Wounded
SW_Emperorisopod,Insectoids 2 - Isopoda geneline,0,EusocialInsectLarva,0,
SW_Emperorisopod,Insectoids 2 - Isopoda geneline,1,EusocialInsectJuvenile,0.05,
SW_Emperorisopod,Insectoids 2 - Isopoda geneline,2,EusocialInsectAdult,1,Pawn_Megascarab_Wounded
SW_Grenadierworm,Insectoids 2 - Isopoda geneline,0,EusocialInsectLarva,0,
SW_Grenadierworm,Insectoids 2 - Isopoda geneline,1,EusocialInsectJuvenile,0.03,
SW_Grenadierworm,Insectoids 2 - Isopoda geneline,2,EusocialInsectAdult,0.2,Pawn_Megascarab_Wounded
SW_Juggernautbeetles,Insectoids 2 - Isopoda geneline,0,EusocialInsectLarva,0,
SW_Juggernautbeetles,Insectoids 2 - Isopoda geneline,1,EusocialInsectJuvenile,0.03,
SW_Juggernautbeetles,Insectoids 2 - Isopoda geneline,2,EusocialInsectAdult,0.2,Pawn_Megascarab_Wounded
DZY_RNGChicken,R-Hen-G: Chaos Chickens,0,AnimalBabyTiny,0,Pawn_Chick_Call
DZY_RNGChicken,R-Hen-G: Chaos Chickens,1,AnimalJuvenile,0.12,
DZY_RNGChicken,R-Hen-G: Chaos Chickens,2,AnimalAdult,0.2,Pawn_Chicken_Wounded
RG_Rabbit,ReGrowth 2,0,AnimalBaby,0,
RG_Rabbit,ReGrowth 2,1,AnimalJuvenile,0.1,
RG_Rabbit,ReGrowth 2,2,AnimalAdult,0.2222,Pawn_Hare_Wounded
RG_WoollyStegosaurus,ReGrowth 2,0,AnimalBaby,0,
RG_WoollyStegosaurus,ReGrowth 2,1,AnimalJuvenile,0.6,
RG_WoollyStegosaurus,ReGrowth 2,2,AnimalAdult,1.5,RG_StegoSauropod_Wounded
RG_Neutrolope,ReGrowth 2,0,AnimalBaby,0,
RG_Neutrolope,ReGrowth 2,1,AnimalJuvenile,0.2,
RG_Neutrolope,ReGrowth 2,2,AnimalAdult,0.3333,Pawn_Muffalo_Wounded
RG_Rimclaw,ReGrowth 2,0,AnimalBaby,0,
RG_Rimclaw,ReGrowth 2,1,AnimalJuvenile,0.15,
RG_Rimclaw,ReGrowth 2,2,AnimalAdult,0.5,RG_Pawn_Rimclaw_Wounded
RG_KiwiBird,ReGrowth 2,0,AnimalBabyTiny,0,
RG_KiwiBird,ReGrowth 2,1,AnimalJuvenile,0.12,
RG_KiwiBird,ReGrowth 2,2,AnimalAdult,0.2,
RG_Hemolope,ReGrowth 2,0,AnimalBaby,0,
RG_Hemolope,ReGrowth 2,1,AnimalJuvenile,0.2,
RG_Hemolope,ReGrowth 2,2,AnimalAdult,0.3333,Pawn_Muffalo_Wounded
VFEP_Mech_Wardrone,Vanilla Factions Expanded - Pirates,0,MechanoidFullyFormed,0,Pawn_Mech_Scyther_Wounded
VFEP_Mech_Spidermine,Vanilla Factions Expanded - Pirates,0,MechanoidFullyFormed,0,Pawn_Mech_Scyther_Wounded
AG_OcularSlinger,Alpha Genes,0,AnimalAdult,0,Pawn_Spelopede_Pain
BMT_AaroxisDendoriaLarvae,Biomes! Caverns,0,BMT_InsectLarvalFirst,0,
BMT_AaroxisDendoriaLarvae,Biomes! Caverns,1,BMT_InsectLarvalSecound,0.05,
BMT_AaroxisDendoriaLarvae,Biomes! Caverns,2,BMT_InsectLarvalThird,0.2,Pawn_Megascarab_Wounded
BMT_AaroxisDendoriaPupa,Biomes! Caverns,0,BMT_Pupa,0,
BMT_AaroxisDendoria,Biomes! Caverns,0,AnimalAdult,0,
BMT_AaroxisDendoria,Biomes! Caverns,1,AnimalAdult,0.1,
BMT_AaroxisDendoria,Biomes! Caverns,2,AnimalAdult,0.3,
BMT_AcidSlug,Biomes! Caverns,0,AnimalBaby,0,
BMT_AcidSlug,Biomes! Caverns,1,AnimalJuvenile,0.1,
BMT_AcidSlug,Biomes! Caverns,2,AnimalAdult,0.333,Biomes_GiantSnail_Wounded
BMT_Basilisk,Biomes! Caverns,0,AnimalBaby,0,
BMT_Basilisk,Biomes! Caverns,1,AnimalJuvenile,0.2,
BMT_Basilisk,Biomes! Caverns,2,AnimalAdult,0.5,Pawn_Iguana_Wounded
BMT_Batbird,Biomes! Caverns,0,AnimalBaby,0,
BMT_Batbird,Biomes! Caverns,1,AnimalJuvenile,0.11,
BMT_Batbird,Biomes! Caverns,2,AnimalAdult,0.222,Biomes_Bat_Wounded
BMT_BeardedYak,Biomes! Caverns,0,AnimalBaby,0,
BMT_BeardedYak,Biomes! Caverns,1,AnimalJuvenile,0.20,
BMT_BeardedYak,Biomes! Caverns,2,AnimalAdult,0.3333,Pawn_Elk_Wounded
BMT_BloodropLarvae,Biomes! Caverns,0,BMT_InsectLarvalFirst,0,
BMT_BloodropLarvae,Biomes! Caverns,1,BMT_InsectLarvalSecound,0.05,
BMT_BloodropLarvae,Biomes! Caverns,2,BMT_InsectLarvalThird,0.1,Pawn_Megascarab_Wounded
BMT_BloodropPupa,Biomes! Caverns,0,BMT_Pupa,0,
BMT_BloodropMoth,Biomes! Caverns,0,AnimalAdult,0,Pawn_Megascarab_Wounded
BMT_BovineBeetleLarvae,Biomes! Caverns,0,BMT_InsectLarvalFirst,0,
BMT_BovineBeetleLarvae,Biomes! Caverns,1,BMT_InsectLarvalSecound,0.05,
BMT_BovineBeetleLarvae,Biomes! Caverns,2,BMT_InsectLarvalThird,0.1,Pawn_Megascarab_Wounded
BMT_BovineBeetlePupa,Biomes! Caverns,0,BMT_Pupa,0,
BMT_BovineBeetle,Biomes! Caverns,0,AnimalAdult,0,
BMT_BovineBeetle,Biomes! Caverns,1,AnimalAdult,0.1,
BMT_BovineBeetle,Biomes! Caverns,2,AnimalAdult,0.3,Biomes_BovineBeetle_Wounded
BMT_BrownBat,Biomes! Caverns,0,AnimalBaby,0,
BMT_BrownBat,Biomes! Caverns,1,AnimalJuvenile,0.11,
BMT_BrownBat,Biomes! Caverns,2,AnimalAdult,0.222,Biomes_Bat_Wounded
BMT_CactusCrab,Biomes! Caverns,0,AnimalBabyTiny,0,
BMT_CactusCrab,Biomes! Caverns,1,AnimalJuvenile,0.14,
BMT_CactusCrab,Biomes! Caverns,2,AnimalAdult,0.27,
BMT_CaveCricket,Biomes! Caverns,0,BMT_EusocialInsectNymphFirst,0,
BMT_CaveCricket,Biomes! Caverns,1,BMT_EusocialInsectNymphSecond,0.08,
BMT_CaveCricket,Biomes! Caverns,2,AnimalAdult,0.25,Biomes_Cricket_Wounded
BMT_CaveLemming,Biomes! Caverns,0,AnimalBaby,0,
BMT_CaveLemming,Biomes! Caverns,1,AnimalJuvenile,0.1,
BMT_CaveLemming,Biomes! Caverns,2,AnimalAdult,0.2222,Pawn_Hare_Wounded
BMT_CaveSpider,Biomes! Caverns,0,BMT_EusocialInsectNymphFirst,0,
BMT_CaveSpider,Biomes! Caverns,1,BMT_EusocialInsectNymphSecond,0.15,
BMT_CaveSpider,Biomes! Caverns,2,AnimalAdult,0.4,Pawn_Megascarab_Wounded
BMT_ChemSnail,Biomes! Caverns,0,AnimalBaby,0,
BMT_ChemSnail,Biomes! Caverns,1,AnimalJuvenile,0.1,
BMT_ChemSnail,Biomes! Caverns,2,AnimalAdult,0.222,Biomes_ChemSnail_Wounded
BMT_CrestedDragon,Biomes! Caverns,0,AnimalBaby,0,
BMT_CrestedDragon,Biomes! Caverns,1,AnimalJuvenile,0.1,
BMT_CrestedDragon,Biomes! Caverns,2,AnimalAdult,0.2222,Pawn_Rodent_Wounded
BMT_CrystalBeetleLarvae,Biomes! Caverns,0,BMT_InsectLarvalFirst,0,
BMT_CrystalBeetleLarvae,Biomes! Caverns,1,BMT_InsectLarvalSecound,0.05,
BMT_CrystalBeetleLarvae,Biomes! Caverns,2,BMT_InsectLarvalThird,0.1,Pawn_Megascarab_Wounded
BMT_CrystalBeetlePupa,Biomes! Caverns,0,BMT_Pupa,0,
BMT_CrystalBeetle,Biomes! Caverns,0,AnimalAdult,0,
BMT_CrystalBeetle,Biomes! Caverns,1,AnimalAdult,0.1,
BMT_CrystalBeetle,Biomes! Caverns,2,AnimalAdult,0.3,Biomes_BovineBeetle_Wounded
BMT_CrystalCrab,Biomes! Caverns,0,AnimalBabyTiny,0,
BMT_CrystalCrab,Biomes! Caverns,1,AnimalJuvenile,0.14,
BMT_CrystalCrab,Biomes! Caverns,2,AnimalAdult,0.27,
BMT_CrystalFairyMole,Biomes! Caverns,0,AnimalBaby,0,
BMT_CrystalFairyMole,Biomes! Caverns,1,AnimalJuvenile,0.25,
BMT_CrystalFairyMole,Biomes! Caverns,2,AnimalAdult,0.5,Pawn_Dog_Injured
BMT_CrystalMantis,Biomes! Caverns,0,BMT_EusocialInsectNymphFirst,0,
BMT_CrystalMantis,Biomes! Caverns,1,BMT_EusocialInsectNymphSecond,0.03,
BMT_CrystalMantis,Biomes! Caverns,2,AnimalAdult,0.4,Pawn_Megascarab_Wounded
BMT_Crystalope,Biomes! Caverns,0,AnimalBaby,0,
BMT_Crystalope,Biomes! Caverns,1,AnimalJuvenile,0.2,
BMT_Crystalope,Biomes! Caverns,2,AnimalAdult,0.3333,Pawn_Muffalo_Wounded
BMT_DarkAxolotl,Biomes! Caverns,0,AnimalBaby,0,
BMT_DarkAxolotl,Biomes! Caverns,1,AnimalJuvenile,0.15,
BMT_DarkAxolotl,Biomes! Caverns,2,AnimalAdult,0.5,Pawn_Cobra_Wounded
BMT_Diggerpede,Biomes! Caverns,0,BMT_DiggerBaby,0,
BMT_Diggerpede,Biomes! Caverns,1,BMT_DiggerJuvenile,0.1,
BMT_Diggerpede,Biomes! Caverns,2,BMT_DiggerAdult,0.2222,Biomes_TruffleMole_Wounded
BMT_FacetMothLarvae,Biomes! Caverns,0,BMT_InsectLarvalFirst,0,
BMT_FacetMothLarvae,Biomes! Caverns,1,BMT_InsectLarvalSecound,0.05,
BMT_FacetMothLarvae,Biomes! Caverns,2,BMT_InsectLarvalThird,0.1,Pawn_Megascarab_Wounded
BMT_FacetMothPupa,Biomes! Caverns,0,BMT_Pupa,0,
BMT_FacetMoth,Biomes! Caverns,0,AnimalAdult,0,Pawn_Megascarab_Wounded
BMT_FireSalamander,Biomes! Caverns,0,AnimalBaby,0,
BMT_FireSalamander,Biomes! Caverns,1,AnimalJuvenile,0.1,
BMT_FireSalamander,Biomes! Caverns,2,AnimalAdult,0.2222,Pawn_Rodent_Wounded
BMT_FleeceSpider,Biomes! Caverns,0,BMT_EusocialInsectNymphFirst,0,
BMT_FleeceSpider,Biomes! Caverns,1,BMT_EusocialInsectNymphSecond,0.15,
BMT_FleeceSpider,Biomes! Caverns,2,AnimalAdult,0.4,Pawn_Megascarab_Wounded
BMT_FoundryBeetleLarvae,Biomes! Caverns,0,BMT_InsectLarvalFirst,0,
BMT_FoundryBeetleLarvae,Biomes! Caverns,1,BMT_InsectLarvalSecound,0.05,
BMT_FoundryBeetleLarvae,Biomes! Caverns,2,BMT_InsectLarvalThird,0.1,Pawn_Megascarab_Wounded
BMT_FoundryBeetlePupa,Biomes! Caverns,0,BMT_Pupa,0,
BMT_FoundryBeetle,Biomes! Caverns,0,AnimalAdult,0,
BMT_FoundryBeetle,Biomes! Caverns,1,AnimalAdult,0.25,
BMT_FoundryBeetle,Biomes! Caverns,2,AnimalAdult,0.3333,Biomes_ChemSnail_Wounded
BMT_FreezerFrog,Biomes! Caverns,0,AnimalBaby,0,
BMT_FreezerFrog,Biomes! Caverns,1,AnimalJuvenile,0.1,
BMT_FreezerFrog,Biomes! Caverns,2,AnimalAdult,0.2222,Pawn_Hare_Wounded
BMT_FrostweaverSpider,Biomes! Caverns,0,BMT_EusocialInsectNymphFirst,0,
BMT_FrostweaverSpider,Biomes! Caverns,1,BMT_EusocialInsectNymphSecond,0.15,
BMT_FrostweaverSpider,Biomes! Caverns,2,AnimalAdult,0.4,Pawn_Megascarab_Wounded
BMT_FungalFerret,Biomes! Caverns,0,AnimalBaby,0,
BMT_FungalFerret,Biomes! Caverns,1,AnimalJuvenile,0.11,
BMT_FungalFerret,Biomes! Caverns,2,AnimalAdult,0.2222,Pawn_Boomrat_Wounded
BMT_FungalMantis,Biomes! Caverns,0,BMT_EusocialInsectNymphFirst,0,
BMT_FungalMantis,Biomes! Caverns,1,BMT_EusocialInsectNymphSecond,0.03,
BMT_FungalMantis,Biomes! Caverns,2,AnimalAdult,0.4,Pawn_Megascarab_Wounded
BMT_FungalWeevil,Biomes! Caverns,0,BMT_EusocialInsectNymphFirst,0,
BMT_FungalWeevil,Biomes! Caverns,1,BMT_EusocialInsectNymphSecond,0.03,
BMT_FungalWeevil,Biomes! Caverns,2,AnimalAdult,0.4,Pawn_Megascarab_Wounded
BMT_Gembug,Biomes! Caverns,0,BMT_EusocialInsectNymphFirst,0,
BMT_Gembug,Biomes! Caverns,1,BMT_EusocialInsectNymphSecond,0.05,
BMT_Gembug,Biomes! Caverns,2,AnimalAdult,0.4,Biomes_Pillbug_Wounded
BMT_GiantSlug,Biomes! Caverns,0,AnimalBaby,0,
BMT_GiantSlug,Biomes! Caverns,1,AnimalJuvenile,0.1,
BMT_GiantSlug,Biomes! Caverns,2,AnimalAdult,0.333,Biomes_GiantSnail_Wounded
BMT_GiantSnail,Biomes! Caverns,0,AnimalBaby,0,
BMT_GiantSnail,Biomes! Caverns,1,AnimalJuvenile,0.15,
BMT_GiantSnail,Biomes! Caverns,2,AnimalAdult,0.5,Biomes_GiantSnail_Wounded
BMT_GlarralPenguin,Biomes! Caverns,0,AnimalBabyTiny,0,Pawn_Chick_Call
BMT_GlarralPenguin,Biomes! Caverns,1,AnimalJuvenile,0.1,
BMT_GlarralPenguin,Biomes! Caverns,2,AnimalAdult,0.2222,
BMT_GlowBat,Biomes! Caverns,0,AnimalBaby,0,
BMT_GlowBat,Biomes! Caverns,1,AnimalJuvenile,0.11,
BMT_GlowBat,Biomes! Caverns,2,AnimalAdult,0.222,Biomes_Bat_Wounded
BMT_GlowSlug,Biomes! Caverns,0,AnimalBaby,0,
BMT_GlowSlug,Biomes! Caverns,1,AnimalJuvenile,0.12,
BMT_GlowSlug,Biomes! Caverns,2,AnimalAdult,0.3,Biomes_GlowSnail_Wounded
BMT_GoetoTadpole,Biomes! Caverns,0,AnimalBabyTiny,0,
BMT_GoetoTadpole,Biomes! Caverns,1,AnimalJuvenile,0.12,
BMT_GoetoTadpole,Biomes! Caverns,2,AnimalAdult,0.2,Pawn_Iguana_Wounded
BMT_GoetoToad,Biomes! Caverns,0,AnimalBabyTiny,0,
BMT_GoetoToad,Biomes! Caverns,1,AnimalJuvenile,0.12,
BMT_GoetoToad,Biomes! Caverns,2,AnimalAdult,0.2,Pawn_Iguana_Wounded
BMT_HoarfrostMastodon,Biomes! Caverns,0,AnimalBaby,0,
BMT_HoarfrostMastodon,Biomes! Caverns,1,AnimalJuvenile,0.3,
BMT_HoarfrostMastodon,Biomes! Caverns,2,AnimalAdult,0.666,Pawn_Elephant_Injured
BMT_HungeringHydra,Biomes! Caverns,0,AnimalBabyTiny,0,
BMT_HungeringHydra,Biomes! Caverns,1,AnimalJuvenile,0.6,
BMT_HungeringHydra,Biomes! Caverns,2,AnimalAdult,1.3,Pawn_Iguana_Wounded
BMT_ImperialToad,Biomes! Caverns,0,AnimalBabyTiny,0,
BMT_ImperialToad,Biomes! Caverns,1,AnimalJuvenile,0.12,
BMT_ImperialToad,Biomes! Caverns,2,AnimalAdult,0.2,Pawn_Iguana_Wounded
BMT_Jellypot,Biomes! Caverns,0,EusocialInsectLarva,0,
BMT_Jellypot,Biomes! Caverns,1,EusocialInsectJuvenile,0.03,
BMT_Jellypot,Biomes! Caverns,2,BMT_EusocialInsectAdult,0.2,Biomes_Jellypot_Wounded
BMT_JewelBeetleLarvae,Biomes! Caverns,0,BMT_InsectLarvalFirst,0,
BMT_JewelBeetleLarvae,Biomes! Caverns,1,BMT_InsectLarvalSecound,0.05,
BMT_JewelBeetleLarvae,Biomes! Caverns,2,BMT_InsectLarvalThird,0.1,Pawn_Megascarab_Wounded
BMT_JewelBeetlePupa,Biomes! Caverns,0,BMT_Pupa,0,
BMT_JewelBeetle,Biomes! Caverns,0,AnimalAdult,0,
BMT_JewelBeetle,Biomes! Caverns,1,AnimalAdult,0.1,
BMT_JewelBeetle,Biomes! Caverns,2,AnimalAdult,0.3,Biomes_BovineBeetle_Wounded
BMT_MaceDrake,Biomes! Caverns,0,AnimalBabyTiny,0,
BMT_MaceDrake,Biomes! Caverns,1,AnimalJuvenile,0.4,
BMT_MaceDrake,Biomes! Caverns,2,AnimalAdult,0.8,Pawn_Rhinoceros_Wounded
BMT_Maguana,Biomes! Caverns,0,AnimalBaby,0,
BMT_Maguana,Biomes! Caverns,1,AnimalJuvenile,0.2,
BMT_Maguana,Biomes! Caverns,2,AnimalAdult,0.5,Pawn_Iguana_Wounded
BMT_Megabat,Biomes! Caverns,0,AnimalBaby,0,
BMT_Megabat,Biomes! Caverns,1,AnimalJuvenile,0.22,
BMT_Megabat,Biomes! Caverns,2,AnimalAdult,0.5,Biomes_Bat_Wounded
BMT_Megapleura,Biomes! Caverns,0,BMT_EusocialInsectNymphFirst,0,
BMT_Megapleura,Biomes! Caverns,1,BMT_EusocialInsectNymphSecond,0.25,
BMT_Megapleura,Biomes! Caverns,2,AnimalAdult,0.3333,Biomes_ChemSnail_Wounded
BMT_MetalloSnail,Biomes! Caverns,0,AnimalBaby,0,
BMT_MetalloSnail,Biomes! Caverns,1,AnimalJuvenile,0.15,
BMT_MetalloSnail,Biomes! Caverns,2,AnimalAdult,0.5,Biomes_GiantSnail_Wounded
BMT_Mole,Biomes! Caverns,0,BMT_DiggerBaby,0,
BMT_Mole,Biomes! Caverns,1,BMT_DiggerJuvenile,0.1,
BMT_Mole,Biomes! Caverns,2,BMT_DiggerAdult,0.2222,Biomes_TruffleMole_Wounded
BMT_Molebear,Biomes! Caverns,0,AnimalBaby,0,
BMT_Molebear,Biomes! Caverns,1,AnimalJuvenile,0.2,
BMT_Molebear,Biomes! Caverns,2,AnimalAdult,0.5,Pawn_Bear_Injured
BMT_MossBeetleLarvae,Biomes! Caverns,0,BMT_InsectLarvalFirst,0,
BMT_MossBeetleLarvae,Biomes! Caverns,1,BMT_InsectLarvalSecound,0.05,
BMT_MossBeetleLarvae,Biomes! Caverns,2,BMT_InsectLarvalThird,0.1,Pawn_Megascarab_Wounded
BMT_MossBeetlePupa,Biomes! Caverns,0,BMT_Pupa,0,
BMT_MossBeetle,Biomes! Caverns,0,AnimalAdult,0,
BMT_MossBeetle,Biomes! Caverns,1,AnimalAdult,0.4,Biomes_MossBeetle_Wounded
BMT_MossyFennec,Biomes! Caverns,0,AnimalBaby,0,
BMT_MossyFennec,Biomes! Caverns,1,AnimalJuvenile,0.1,
BMT_MossyFennec,Biomes! Caverns,2,AnimalAdult,0.333,Pawn_Boomrat_Wounded
BMT_Pillbug,Biomes! Caverns,0,BMT_EusocialInsectNymphFirst,0,
BMT_Pillbug,Biomes! Caverns,1,BMT_EusocialInsectNymphSecond,0.05,
BMT_Pillbug,Biomes! Caverns,2,AnimalAdult,0.4,Biomes_Pillbug_Wounded
BMT_PodWorm,Biomes! Caverns,0,BMT_EusocialInsectNymphFirst,0,
BMT_PodWorm,Biomes! Caverns,1,BMT_EusocialInsectNymphSecond,0.15,
BMT_PodWorm,Biomes! Caverns,2,AnimalAdult,0.4,Pawn_Megascarab_Wounded
BMT_Rimebeak,Biomes! Caverns,0,AnimalBabyTiny,0,Pawn_Chick_Call
BMT_Rimebeak,Biomes! Caverns,1,AnimalJuvenile,0.1,
BMT_Rimebeak,Biomes! Caverns,2,AnimalAdult,0.2222,
BMT_RoyalRhinoLarvae,Biomes! Caverns,0,BMT_InsectLarvalFirst,0,
BMT_RoyalRhinoLarvae,Biomes! Caverns,1,BMT_InsectLarvalSecound,0.05,
BMT_RoyalRhinoLarvae,Biomes! Caverns,2,BMT_InsectLarvalThird,0.1,Pawn_Megascarab_Wounded
BMT_RoyalRhinoPupa,Biomes! Caverns,0,BMT_Pupa,0,
BMT_RoyalRhino,Biomes! Caverns,0,AnimalAdult,0,
BMT_RoyalRhino,Biomes! Caverns,1,AnimalAdult,0.1,
BMT_RoyalRhino,Biomes! Caverns,2,AnimalAdult,0.3,Biomes_RoyalRhino_Wounded
BMT_SandLeaper,Biomes! Caverns,0,AnimalBaby,0,
BMT_SandLeaper,Biomes! Caverns,1,AnimalJuvenile,0.1,
BMT_SandLeaper,Biomes! Caverns,2,AnimalAdult,0.2222,Biomes_SonarRabbit_Wounded
BMT_SandPillar,Biomes! Caverns,0,BMT_EusocialInsectNymphFirst,0,
BMT_SandPillar,Biomes! Caverns,1,BMT_EusocialInsectNymphSecond,0.08,
BMT_SandPillar,Biomes! Caverns,2,AnimalAdult,0.25,Pawn_Megascarab_Wounded
BMT_ShatterjawBeetleLarvae,Biomes! Caverns,0,BMT_InsectLarvalFirst,0,
BMT_ShatterjawBeetleLarvae,Biomes! Caverns,1,BMT_InsectLarvalSecound,0.05,
BMT_ShatterjawBeetleLarvae,Biomes! Caverns,2,BMT_InsectLarvalThird,0.1,Pawn_Megascarab_Wounded
BMT_ShatterjawBeetlePupa,Biomes! Caverns,0,BMT_Pupa,0,
BMT_ShatterjawBeetle,Biomes! Caverns,0,BMT_EusocialInsectAdult,0,
BMT_ShatterjawBeetle,Biomes! Caverns,1,BMT_EusocialInsectAdult,0.03,
BMT_ShatterjawBeetle,Biomes! Caverns,2,AnimalAdult,0.2,Pawn_BigInsect_Pain
BMT_ShimmershellSnail,Biomes! Caverns,0,AnimalBaby,0,
BMT_ShimmershellSnail,Biomes! Caverns,1,AnimalJuvenile,0.12,
BMT_ShimmershellSnail,Biomes! Caverns,2,AnimalAdult,0.3,Biomes_GlowSnail_Wounded
BMT_SilverSheep,Biomes! Caverns,0,AnimalBaby,0,
BMT_SilverSheep,Biomes! Caverns,1,AnimalJuvenile,0.25,
BMT_SilverSheep,Biomes! Caverns,2,AnimalAdult,0.3333,Pawn_Sheep_Wounded
BMT_SmolderstingScorpion,Biomes! Caverns,0,AnimalBaby,0,
BMT_SmolderstingScorpion,Biomes! Caverns,1,AnimalJuvenile,0.08,
BMT_SmolderstingScorpion,Biomes! Caverns,2,AnimalAdult,0.25,Pawn_Megascarab_Wounded
BMT_Snowstalker,Biomes! Caverns,0,AnimalBaby,0,
BMT_Snowstalker,Biomes! Caverns,1,AnimalJuvenile,0.25,
BMT_Snowstalker,Biomes! Caverns,2,AnimalAdult,0.5,Pawn_Cougar_Injured
BMT_SonarRabbit,Biomes! Caverns,0,AnimalBaby,0,
BMT_SonarRabbit,Biomes! Caverns,1,AnimalJuvenile,0.1,
BMT_SonarRabbit,Biomes! Caverns,2,AnimalAdult,0.2222,Biomes_SonarRabbit_Wounded
BMT_Stoneback,Biomes! Caverns,0,AnimalBaby,0,
BMT_Stoneback,Biomes! Caverns,1,AnimalJuvenile,0.1,
BMT_Stoneback,Biomes! Caverns,2,AnimalAdult,0.2222,Pawn_Iguana_Wounded
BMT_Thrumbungus,Biomes! Caverns,0,AnimalBaby,0,
BMT_Thrumbungus,Biomes! Caverns,1,AnimalJuvenile,0.75,
BMT_Thrumbungus,Biomes! Caverns,2,AnimalAdult,1.332,Pawn_Thrumbo_Pain
BMT_TruffleMole,Biomes! Caverns,0,BMT_DiggerBaby,0,
BMT_TruffleMole,Biomes! Caverns,1,BMT_DiggerJuvenile,0.1,
BMT_TruffleMole,Biomes! Caverns,2,BMT_DiggerAdult,0.2222,Biomes_TruffleMole_Wounded
BMT_Woollybat,Biomes! Caverns,0,AnimalBaby,0,
BMT_Woollybat,Biomes! Caverns,1,AnimalJuvenile,0.22,
BMT_Woollybat,Biomes! Caverns,2,AnimalAdult,0.5,Biomes_Bat_Wounded
BMT_Xyrion,Biomes! Caverns,0,AnimalBaby,0,
BMT_Xyrion,Biomes! Caverns,1,AnimalJuvenile,0.1,
BMT_Xyrion,Biomes! Caverns,2,AnimalAdult,0.2222,Biomes_Xyrion_Wounded
BMT_Yooka,Biomes! Caverns,0,AnimalBaby,0,
BMT_Yooka,Biomes! Caverns,1,AnimalJuvenile,0.1,
BMT_Yooka,Biomes! Caverns,2,AnimalAdult,0.2222,Biomes_Yooka_Wounded
BMT_BarbedPangolin,Biomes! Polluted Lands,0,AnimalBaby,0,
BMT_BarbedPangolin,Biomes! Polluted Lands,1,AnimalJuvenile,0.2,
BMT_BarbedPangolin,Biomes! Polluted Lands,2,AnimalAdult,0.5,Pawn_Warg_Wounded
BMT_BiliousVarog,Biomes! Polluted Lands,0,AnimalBaby,0,
BMT_BiliousVarog,Biomes! Polluted Lands,1,AnimalJuvenile,0.1,
BMT_BiliousVarog,Biomes! Polluted Lands,2,AnimalAdult,0.2222,Pawn_Iguana_Wounded
BMT_BloodletterPetrel,Biomes! Polluted Lands,0,AnimalBabyTiny,0,
BMT_BloodletterPetrel,Biomes! Polluted Lands,1,AnimalJuvenile,0.12,
BMT_BloodletterPetrel,Biomes! Polluted Lands,2,AnimalAdult,0.2,Pawn_Chick_Call
BMT_BunkerBug,Biomes! Polluted Lands,0,EusocialInsectLarva,0,
BMT_BunkerBug,Biomes! Polluted Lands,1,EusocialInsectJuvenile,0.03,
BMT_BunkerBug,Biomes! Polluted Lands,2,BMT_EusocialInsectAdult,0.4,Pawn_Megascarab_Wounded
BMT_CarrionVulture,Biomes! Polluted Lands,0,AnimalBabyTiny,0,
BMT_CarrionVulture,Biomes! Polluted Lands,1,AnimalJuvenile,0.12,
BMT_CarrionVulture,Biomes! Polluted Lands,2,AnimalAdult,0.2,
BMT_FamineLocust,Biomes! Polluted Lands,0,AnimalBaby,0,
BMT_FamineLocust,Biomes! Polluted Lands,1,AnimalJuvenile,0.1,
BMT_FamineLocust,Biomes! Polluted Lands,2,AnimalAdult,0.2222,Pawn_Hare_Wounded
BMT_FenridStoat,Biomes! Polluted Lands,0,AnimalBaby,0,
BMT_FenridStoat,Biomes! Polluted Lands,1,AnimalJuvenile,0.2,
BMT_FenridStoat,Biomes! Polluted Lands,2,AnimalAdult,0.5,Pawn_Warg_Wounded
BMT_Polluwog,Biomes! Polluted Lands,0,AnimalBabyTiny,0,
BMT_Polluwog,Biomes! Polluted Lands,1,AnimalJuvenile,0.12,
BMT_Polluwog,Biomes! Polluted Lands,2,AnimalAdult,0.2,Pawn_Iguana_Wounded
BMT_GastroToad,Biomes! Polluted Lands,0,AnimalBabyTiny,0,
BMT_GastroToad,Biomes! Polluted Lands,1,AnimalJuvenile,0.12,
BMT_GastroToad,Biomes! Polluted Lands,2,AnimalAdult,0.2,Pawn_Iguana_Wounded
BMT_Glowtail,Biomes! Polluted Lands,0,AnimalBaby,0,
BMT_Glowtail,Biomes! Polluted Lands,1,AnimalJuvenile,0.15,
BMT_Glowtail,Biomes! Polluted Lands,2,AnimalAdult,0.4,Pawn_Iguana_Wounded
BMT_LyncusSeal,Biomes! Polluted Lands,0,AnimalBaby,0,
BMT_LyncusSeal,Biomes! Polluted Lands,1,AnimalJuvenile,0.25,
BMT_LyncusSeal,Biomes! Polluted Lands,2,AnimalAdult,0.5,Pawn_Boomrat_Wounded
BMT_Maligoat,Biomes! Polluted Lands,0,AnimalBaby,0,
BMT_Maligoat,Biomes! Polluted Lands,1,AnimalJuvenile,0.1,
BMT_Maligoat,Biomes! Polluted Lands,2,AnimalAdult,0.266,Pawn_Goat_Wounded
BMT_Creature_Mantrap,Biomes! Polluted Lands,0,AnimalAdult,0,Pawn_Megascarab_Wounded
BMT_Megakrill,Biomes! Polluted Lands,0,AnimalBaby,0,
BMT_Megakrill,Biomes! Polluted Lands,1,AnimalJuvenile,0.1,
BMT_Megakrill,Biomes! Polluted Lands,2,AnimalAdult,0.2222,Pawn_Hare_Wounded
BMT_MegaphoridLarva,Biomes! Polluted Lands,0,BMT_InsectLarvalFirst,0,
BMT_MegaphoridLarva,Biomes! Polluted Lands,1,BMT_InsectLarvalSecound,0.05,
BMT_MegaphoridLarva,Biomes! Polluted Lands,2,BMT_InsectLarvalThird,0.1,Pawn_Megascarab_Wounded
BMT_Megaphorid,Biomes! Polluted Lands,0,AnimalBaby,0,
BMT_Megaphorid,Biomes! Polluted Lands,1,AnimalJuvenile,0.1,
BMT_Megaphorid,Biomes! Polluted Lands,2,AnimalAdult,0.2222,Pawn_Hare_Wounded
BMT_Megaroach,Biomes! Polluted Lands,0,EusocialInsectLarva,0,
BMT_Megaroach,Biomes! Polluted Lands,1,EusocialInsectJuvenile,0.1,
BMT_Megaroach,Biomes! Polluted Lands,2,AnimalAdult,0.2222,Pawn_Hare_Wounded
BMT_MucklurkerCatfish,Biomes! Polluted Lands,0,AnimalBabyTiny,0,
BMT_MucklurkerCatfish,Biomes! Polluted Lands,1,AnimalJuvenile,0.05,
BMT_MucklurkerCatfish,Biomes! Polluted Lands,2,AnimalAdult,0.2,Pawn_Megascarab_Wounded
BMT_MutagenicNorphea,Biomes! Polluted Lands,0,EusocialInsectLarva,0,
BMT_MutagenicNorphea,Biomes! Polluted Lands,1,EusocialInsectJuvenile,0.12,
BMT_MutagenicNorphea,Biomes! Polluted Lands,2,EusocialInsectAdult,0.2,Pawn_Megascarab_Wounded
BMT_MutatingTumorfishSpawn,Biomes! Polluted Lands,0,AnimalBabyTiny,0,
BMT_MutatingTumorfishSpawn,Biomes! Polluted Lands,1,AnimalJuvenile,0.05,
BMT_MutatingTumorfishSpawn,Biomes! Polluted Lands,2,AnimalAdult,0.2,Pawn_Megascarab_Wounded
BMT_MutatingTumorfishFry,Biomes! Polluted Lands,0,AnimalBabyTiny,0,
BMT_MutatingTumorfishFry,Biomes! Polluted Lands,1,AnimalJuvenile,0.05,
BMT_MutatingTumorfishFry,Biomes! Polluted Lands,2,AnimalAdult,0.2,Pawn_Megascarab_Wounded
BMT_MutatingTumorfishAdult,Biomes! Polluted Lands,0,AnimalAdult,0,
BMT_MutatingTumorfishAdult,Biomes! Polluted Lands,1,AnimalAdult,0.1,
BMT_MutatingTumorfishAdult,Biomes! Polluted Lands,2,AnimalAdult,0.3,
BMT_PustuleHornet,Biomes! Polluted Lands,0,AnimalBaby,0,
BMT_PustuleHornet,Biomes! Polluted Lands,1,AnimalJuvenile,0.1,
BMT_PustuleHornet,Biomes! Polluted Lands,2,AnimalAdult,0.2222,Pawn_Megascarab_Wounded
BMT_PustuleHornetSpawned,Biomes! Polluted Lands,0,AnimalBaby,0,
BMT_PustuleHornetSpawned,Biomes! Polluted Lands,1,AnimalJuvenile,0.1,
BMT_PustuleHornetSpawned,Biomes! Polluted Lands,2,AnimalAdult,0.2222,Pawn_Megascarab_Wounded
BMT_ColonyPustuleHornet,Biomes! Polluted Lands,0,AnimalBaby,0,
BMT_ColonyPustuleHornet,Biomes! Polluted Lands,1,AnimalJuvenile,0.1,
BMT_ColonyPustuleHornet,Biomes! Polluted Lands,2,AnimalAdult,0.2222,Pawn_Megascarab_Wounded
BMT_PustuleHornetQueen,Biomes! Polluted Lands,0,AnimalBaby,0,
BMT_PustuleHornetQueen,Biomes! Polluted Lands,1,AnimalJuvenile,0.1,
BMT_PustuleHornetQueen,Biomes! Polluted Lands,2,AnimalAdult,0.2222,Pawn_Megascarab_Wounded
BMT_ColonyPustuleHornetQueen,Biomes! Polluted Lands,0,AnimalBaby,0,
BMT_ColonyPustuleHornetQueen,Biomes! Polluted Lands,1,AnimalJuvenile,0.1,
BMT_ColonyPustuleHornetQueen,Biomes! Polluted Lands,2,AnimalAdult,0.2222,Pawn_Megascarab_Wounded
BMT_Sacapillar,Biomes! Polluted Lands,0,EusocialInsectLarva,0,
BMT_Sacapillar,Biomes! Polluted Lands,1,EusocialInsectJuvenile,0.5,
BMT_Sacapillar,Biomes! Polluted Lands,2,AnimalAdult,1,Pawn_Megascarab_Wounded
BMT_Screecher,Biomes! Polluted Lands,0,AnimalBabyTiny,0,
BMT_Screecher,Biomes! Polluted Lands,1,AnimalJuvenile,0.12,
BMT_Screecher,Biomes! Polluted Lands,2,AnimalAdult,0.2,
BMT_SludgeCrawler,Biomes! Polluted Lands,0,AnimalBaby,0,
BMT_SludgeCrawler,Biomes! Polluted Lands,1,AnimalJuvenile,0.15,
BMT_SludgeCrawler,Biomes! Polluted Lands,2,AnimalAdult,0.5,Biomes_GiantSnail_Wounded
BMT_SmogMothLarvae,Biomes! Polluted Lands,0,BMT_InsectLarvalFirst,0,
BMT_SmogMothLarvae,Biomes! Polluted Lands,1,BMT_InsectLarvalSecound,0.05,
BMT_SmogMothLarvae,Biomes! Polluted Lands,2,BMT_InsectLarvalThird,0.1,Pawn_Megascarab_Wounded
BMT_SmogPupa,Biomes! Polluted Lands,0,BMT_Pupa,0,
BMT_SmogMoth,Biomes! Polluted Lands,0,AnimalAdult,0,Pawn_Megascarab_Wounded
BMT_Swarmcaller,Biomes! Polluted Lands,0,AnimalBaby,0,
BMT_Swarmcaller,Biomes! Polluted Lands,1,AnimalJuvenile,0.1,
BMT_Swarmcaller,Biomes! Polluted Lands,2,AnimalAdult,0.2222,Pawn_Hare_Wounded
BMT_TaintedTurtle,Biomes! Polluted Lands,0,AnimalBaby,0,
BMT_TaintedTurtle,Biomes! Polluted Lands,1,AnimalJuvenile,0.15,
BMT_TaintedTurtle,Biomes! Polluted Lands,2,AnimalAdult,0.2222,Pawn_Tortoise_Wounded
BMT_ToxSheep,Biomes! Polluted Lands,0,AnimalBaby,0,
BMT_ToxSheep,Biomes! Polluted Lands,1,AnimalJuvenile,0.25,
BMT_ToxSheep,Biomes! Polluted Lands,2,AnimalAdult,0.3333,Pawn_Sheep_Wounded
BMT_TripleSnapper,Biomes! Polluted Lands,0,AnimalBaby,0,
BMT_TripleSnapper,Biomes! Polluted Lands,1,AnimalJuvenile,0.15,
BMT_TripleSnapper,Biomes! Polluted Lands,2,AnimalAdult,0.2222,Pawn_Tortoise_Wounded
BMT_Varmot,Biomes! Polluted Lands,0,AnimalBaby,0,
BMT_Varmot,Biomes! Polluted Lands,1,AnimalJuvenile,0.1,
BMT_Varmot,Biomes! Polluted Lands,2,AnimalAdult,0.2222,Pawn_Hare_Wounded
BMT_WasteHound,Biomes! Polluted Lands,0,AnimalBaby,0,
BMT_WasteHound,Biomes! Polluted Lands,1,AnimalJuvenile,0.2,
BMT_WasteHound,Biomes! Polluted Lands,2,AnimalAdult,0.5,Pawn_Warg_Wounded
RG_Owlbeast,ReGrowth: Boiling,0,AnimalBaby,0,
RG_Owlbeast,ReGrowth: Boiling,1,AnimalJuvenile,0.2,
RG_Owlbeast,ReGrowth: Boiling,2,AnimalAdult,0.5,RG_Pawn_Owlbeast_Wounded
GR_ArchotechCentipede,Vanilla Genetics Expanded,0,AnimalAdult,0,Pawn_Mech_Centipede_Wounded
GR_Chickenbear,Vanilla Genetics Expanded,0,AnimalBabyTiny,0,Pawn_Chick_Call
GR_Chickenbear,Vanilla Genetics Expanded,1,AnimalJuvenile,0.12,
GR_Chickenbear,Vanilla Genetics Expanded,2,AnimalAdult,0.3,Pawn_Chicken_Wounded
GR_Chickenlope,Vanilla Genetics Expanded,0,AnimalBabyTiny,0,Pawn_Chick_Call
GR_Chickenlope,Vanilla Genetics Expanded,1,AnimalJuvenile,0.12,
GR_Chickenlope,Vanilla Genetics Expanded,2,AnimalAdult,0.3,Pawn_Chicken_Wounded
GR_Chickenffalo,Vanilla Genetics Expanded,0,AnimalBabyTiny,0,Pawn_Chick_Call
GR_Chickenffalo,Vanilla Genetics Expanded,1,AnimalJuvenile,0.12,
GR_Chickenffalo,Vanilla Genetics Expanded,2,AnimalAdult,0.3,Pawn_Chicken_Wounded
GR_Chickenwolf,Vanilla Genetics Expanded,0,AnimalBabyTiny,0,Pawn_Chick_Call
GR_Chickenwolf,Vanilla Genetics Expanded,1,AnimalJuvenile,0.12,
GR_Chickenwolf,Vanilla Genetics Expanded,2,AnimalAdult,0.3,Pawn_Chicken_Wounded
GR_Chickenrabbit,Vanilla Genetics Expanded,0,AnimalBaby,0,Pawn_Chick_Call
GR_Chickenrabbit,Vanilla Genetics Expanded,1,AnimalJuvenile,0.12,
GR_Chickenrabbit,Vanilla Genetics Expanded,2,AnimalAdult,0.3,Pawn_Chicken_Wounded
GR_Chickencat,Vanilla Genetics Expanded,0,AnimalBabyTiny,0,Pawn_Chick_Call
GR_Chickencat,Vanilla Genetics Expanded,1,AnimalJuvenile,0.12,
GR_Chickencat,Vanilla Genetics Expanded,2,AnimalAdult,0.3,Pawn_Chicken_Wounded
GR_Turkeyman,Vanilla Genetics Expanded,0,AnimalBabyTiny,0,Pawn_Chick_Call
GR_Turkeyman,Vanilla Genetics Expanded,1,AnimalJuvenile,0.12,
GR_Turkeyman,Vanilla Genetics Expanded,2,AnimalAdult,0.3,Pawn_Chicken_Wounded
GR_Boomabear,Vanilla Genetics Expanded,0,AnimalBaby,0,
GR_Boomabear,Vanilla Genetics Expanded,1,AnimalJuvenile,0.2,
GR_Boomabear,Vanilla Genetics Expanded,2,AnimalAdult,0.5,Pawn_Muffalo_Wounded
GR_Boomachicken,Vanilla Genetics Expanded,0,AnimalBaby,0,
GR_Boomachicken,Vanilla Genetics Expanded,1,AnimalJuvenile,0.1,
GR_Boomachicken,Vanilla Genetics Expanded,2,AnimalAdult,0.3,Pawn_Muffalo_Wounded
GR_Boomffalo,Vanilla Genetics Expanded,0,AnimalBaby,0,
GR_Boomffalo,Vanilla Genetics Expanded,1,AnimalJuvenile,0.2,
GR_Boomffalo,Vanilla Genetics Expanded,2,AnimalAdult,0.5,Pawn_Muffalo_Wounded
GR_Boomwolf,Vanilla Genetics Expanded,0,AnimalBaby,0,
GR_Boomwolf,Vanilla Genetics Expanded,1,AnimalJuvenile,0.2,
GR_Boomwolf,Vanilla Genetics Expanded,2,AnimalAdult,0.5,Pawn_Dog_Injured
GR_Boomsquirrel,Vanilla Genetics Expanded,0,AnimalBaby,0,
GR_Boomsquirrel,Vanilla Genetics Expanded,1,AnimalJuvenile,0.11,
GR_Boomsquirrel,Vanilla Genetics Expanded,2,AnimalAdult,0.26,Pawn_Rodent_Wounded
GR_Boomcat,Vanilla Genetics Expanded,0,AnimalBaby,0,
GR_Boomcat,Vanilla Genetics Expanded,1,AnimalJuvenile,0.2,
GR_Boomcat,Vanilla Genetics Expanded,2,AnimalAdult,0.5,Pawn_Cougar_Injured
GR_Booman,Vanilla Genetics Expanded,0,AnimalBaby,0,
GR_Booman,Vanilla Genetics Expanded,1,AnimalJuvenile,0.2,
GR_Booman,Vanilla Genetics Expanded,2,AnimalAdult,0.5,Pawn_Muffalo_Wounded
GR_Wolfbear,Vanilla Genetics Expanded,0,AnimalBaby,0,
GR_Wolfbear,Vanilla Genetics Expanded,1,AnimalJuvenile,0.2,
GR_Wolfbear,Vanilla Genetics Expanded,2,AnimalAdult,0.45,Pawn_Dog_Injured
GR_Wolfalope,Vanilla Genetics Expanded,0,AnimalBaby,0,
GR_Wolfalope,Vanilla Genetics Expanded,1,AnimalJuvenile,0.2,
GR_Wolfalope,Vanilla Genetics Expanded,2,AnimalAdult,0.45,Pawn_Dog_Injured
GR_Wolfchicken,Vanilla Genetics Expanded,0,AnimalBaby,0,
GR_Wolfchicken,Vanilla Genetics Expanded,1,AnimalJuvenile,0.2,
GR_Wolfchicken,Vanilla Genetics Expanded,2,AnimalAdult,0.45,Pawn_Dog_Injured
GR_Wolffalo,Vanilla Genetics Expanded,0,AnimalBaby,0,
GR_Wolffalo,Vanilla Genetics Expanded,1,AnimalJuvenile,0.2,
GR_Wolffalo,Vanilla Genetics Expanded,2,AnimalAdult,0.45,Pawn_Dog_Injured
GR_Wolfbeaver,Vanilla Genetics Expanded,0,AnimalBaby,0,
GR_Wolfbeaver,Vanilla Genetics Expanded,1,AnimalJuvenile,0.15,
GR_Wolfbeaver,Vanilla Genetics Expanded,2,AnimalAdult,0.35,Pawn_Dog_Injured
GR_Wolfcat,Vanilla Genetics Expanded,0,AnimalBaby,0,
GR_Wolfcat,Vanilla Genetics Expanded,1,AnimalJuvenile,0.2,
GR_Wolfcat,Vanilla Genetics Expanded,2,AnimalAdult,0.45,Pawn_Dog_Injured
GR_Dogman,Vanilla Genetics Expanded,0,AnimalBaby,0,
GR_Dogman,Vanilla Genetics Expanded,1,AnimalJuvenile,0.2,
GR_Dogman,Vanilla Genetics Expanded,2,AnimalAdult,0.45,Pawn_Dog_Injured
GR_Thrumbear,Vanilla Genetics Expanded,0,AnimalBaby,0,
GR_Thrumbear,Vanilla Genetics Expanded,1,AnimalJuvenile,0.4,
GR_Thrumbear,Vanilla Genetics Expanded,2,AnimalAdult,0.8,Pawn_Thrumbo_Pain
GR_Thrumbalope,Vanilla Genetics Expanded,0,AnimalBaby,0,
GR_Thrumbalope,Vanilla Genetics Expanded,1,AnimalJuvenile,0.4,
GR_Thrumbalope,Vanilla Genetics Expanded,2,AnimalAdult,0.8,Pawn_Thrumbo_Pain
GR_Thrumbochicken,Vanilla Genetics Expanded,0,AnimalBaby,0,
GR_Thrumbochicken,Vanilla Genetics Expanded,1,AnimalJuvenile,0.4,
GR_Thrumbochicken,Vanilla Genetics Expanded,2,AnimalAdult,0.8,Pawn_Thrumbo_Pain
GR_Thrumffalo,Vanilla Genetics Expanded,0,AnimalBaby,0,
GR_Thrumffalo,Vanilla Genetics Expanded,1,AnimalJuvenile,0.4,
GR_Thrumffalo,Vanilla Genetics Expanded,2,AnimalAdult,0.8,Pawn_Thrumbo_Pain
GR_Thrumwolf,Vanilla Genetics Expanded,0,AnimalBaby,0,
GR_Thrumwolf,Vanilla Genetics Expanded,1,AnimalJuvenile,0.4,
GR_Thrumwolf,Vanilla Genetics Expanded,2,AnimalAdult,0.8,Pawn_Thrumbo_Pain
GR_Thrumbocat,Vanilla Genetics Expanded,0,AnimalBaby,0,
GR_Thrumbocat,Vanilla Genetics Expanded,1,AnimalJuvenile,0.4,
GR_Thrumbocat,Vanilla Genetics Expanded,2,AnimalAdult,0.8,Pawn_Thrumbo_Pain
GR_Thrumbospider,Vanilla Genetics Expanded,0,EusocialInsectLarva,0,
GR_Thrumbospider,Vanilla Genetics Expanded,1,EusocialInsectJuvenile,0.03,
GR_Thrumbospider,Vanilla Genetics Expanded,2,EusocialInsectAdult,0.2,Pawn_BigInsect_Pain
GR_Thrumbolizard,Vanilla Genetics Expanded,0,AnimalBaby,0,
GR_Thrumbolizard,Vanilla Genetics Expanded,1,AnimalJuvenile,0.5,
GR_Thrumbolizard,Vanilla Genetics Expanded,2,AnimalAdult,1,Pawn_Cobra_Wounded
GR_Thrumborat,Vanilla Genetics Expanded,0,AnimalBaby,0,
GR_Thrumborat,Vanilla Genetics Expanded,1,AnimalJuvenile,0.1,
GR_Thrumborat,Vanilla Genetics Expanded,2,AnimalAdult,0.3,Pawn_Thrumbo_Pain
GR_Thrumhorse,Vanilla Genetics Expanded,0,AnimalBaby,0,
GR_Thrumhorse,Vanilla Genetics Expanded,1,AnimalJuvenile,0.4,
GR_Thrumhorse,Vanilla Genetics Expanded,2,AnimalAdult,0.8,Pawn_Thrumbo_Pain
GR_Thrumboman,Vanilla Genetics Expanded,0,AnimalBaby,0,
GR_Thrumboman,Vanilla Genetics Expanded,1,AnimalJuvenile,0.4,
GR_Thrumboman,Vanilla Genetics Expanded,2,AnimalAdult,0.8,Pawn_Thrumbo_Pain
GR_Bearhorse,Vanilla Genetics Expanded,0,AnimalBaby,0,
GR_Bearhorse,Vanilla Genetics Expanded,1,AnimalJuvenile,0.25,
GR_Bearhorse,Vanilla Genetics Expanded,2,AnimalAdult,0.3333,Pawn_Horse_Wounded
GR_Boomhorse,Vanilla Genetics Expanded,0,AnimalBaby,0,
GR_Boomhorse,Vanilla Genetics Expanded,1,AnimalJuvenile,0.25,
GR_Boomhorse,Vanilla Genetics Expanded,2,AnimalAdult,0.3333,Pawn_Horse_Wounded
GR_Chickenhorse,Vanilla Genetics Expanded,0,AnimalBaby,0,
GR_Chickenhorse,Vanilla Genetics Expanded,1,AnimalJuvenile,0.25,
GR_Chickenhorse,Vanilla Genetics Expanded,2,AnimalAdult,0.3333,Pawn_Horse_Wounded
GR_Cathorse,Vanilla Genetics Expanded,0,AnimalBaby,0,
GR_Cathorse,Vanilla Genetics Expanded,1,AnimalJuvenile,0.25,
GR_Cathorse,Vanilla Genetics Expanded,2,AnimalAdult,0.3333,Pawn_Horse_Wounded
GR_Molehorse,Vanilla Genetics Expanded,0,AnimalBaby,0,
GR_Molehorse,Vanilla Genetics Expanded,1,AnimalJuvenile,0.15,
GR_Molehorse,Vanilla Genetics Expanded,2,AnimalAdult,0.2,Pawn_Horse_Wounded
GR_Wolfhorse,Vanilla Genetics Expanded,0,AnimalBaby,0,
GR_Wolfhorse,Vanilla Genetics Expanded,1,AnimalJuvenile,0.25,
GR_Wolfhorse,Vanilla Genetics Expanded,2,AnimalAdult,0.3333,Pawn_Horse_Wounded
GR_Muffalohorse,Vanilla Genetics Expanded,0,AnimalBaby,0,
GR_Muffalohorse,Vanilla Genetics Expanded,1,AnimalJuvenile,0.25,
GR_Muffalohorse,Vanilla Genetics Expanded,2,AnimalAdult,0.3333,Pawn_Horse_Wounded
GR_Crocorse,Vanilla Genetics Expanded,0,AnimalBaby,0,
GR_Crocorse,Vanilla Genetics Expanded,1,AnimalJuvenile,0.25,
GR_Crocorse,Vanilla Genetics Expanded,2,AnimalAdult,0.3333,Pawn_Horse_Wounded
GR_Spiderhorse,Vanilla Genetics Expanded,0,AnimalAdult,0,Pawn_Spelopede_Pain
GR_Hurseman,Vanilla Genetics Expanded,0,AnimalBaby,0,
GR_Hurseman,Vanilla Genetics Expanded,1,AnimalJuvenile,0.25,
GR_Hurseman,Vanilla Genetics Expanded,2,AnimalAdult,0.3333,GR_Pawn_Ape_Wounded
GR_Fleshling,Vanilla Genetics Expanded,0,EusocialInsectAdult,0,Pawn_Megascarab_Wounded
GR_AberrantFleshbeast,Vanilla Genetics Expanded,0,EusocialInsectAdult,0,Pawn_Megascarab_Wounded
GR_FleshMonstrosity,Vanilla Genetics Expanded,0,EusocialInsectAdult,0,Pawn_Megascarab_Wounded
GR_FleshGrowth,Vanilla Genetics Expanded,0,EusocialInsectAdult,0,Pawn_Megascarab_Wounded
GR_FleshFlies,Vanilla Genetics Expanded,0,EusocialInsectAdult,0,Pawn_Megascarab_Wounded
GR_Catbear,Vanilla Genetics Expanded,0,AnimalBaby,0,
GR_Catbear,Vanilla Genetics Expanded,1,AnimalJuvenile,0.15,
GR_Catbear,Vanilla Genetics Expanded,2,AnimalAdult,0.4,Pawn_Cat_Injured
GR_Catalope,Vanilla Genetics Expanded,0,AnimalBaby,0,
GR_Catalope,Vanilla Genetics Expanded,1,AnimalJuvenile,0.15,
GR_Catalope,Vanilla Genetics Expanded,2,AnimalAdult,0.4,Pawn_Cat_Injured
GR_Catchicken,Vanilla Genetics Expanded,0,AnimalBaby,0,
GR_Catchicken,Vanilla Genetics Expanded,1,AnimalJuvenile,0.15,
GR_Catchicken,Vanilla Genetics Expanded,2,AnimalAdult,0.4,Pawn_Cat_Injured
GR_Catffalo,Vanilla Genetics Expanded,0,AnimalBaby,0,
GR_Catffalo,Vanilla Genetics Expanded,1,AnimalJuvenile,0.15,
GR_Catffalo,Vanilla Genetics Expanded,2,AnimalAdult,0.4,Pawn_Cat_Injured
GR_Catrabbit,Vanilla Genetics Expanded,0,AnimalBaby,0,
GR_Catrabbit,Vanilla Genetics Expanded,1,AnimalJuvenile,0.1,
GR_Catrabbit,Vanilla Genetics Expanded,2,AnimalAdult,0.25,Pawn_Cat_Injured
GR_Catwolf,Vanilla Genetics Expanded,0,AnimalBaby,0,
GR_Catwolf,Vanilla Genetics Expanded,1,AnimalJuvenile,0.15,
GR_Catwolf,Vanilla Genetics Expanded,2,AnimalAdult,0.4,Pawn_Cat_Injured
GR_Catman,Vanilla Genetics Expanded,0,AnimalBaby,0,
GR_Catman,Vanilla Genetics Expanded,1,AnimalJuvenile,0.15,
GR_Catman,Vanilla Genetics Expanded,2,AnimalAdult,0.4,Pawn_Cat_Injured
GR_Manbear,Vanilla Genetics Expanded,0,AnimalBaby,0,
GR_Manbear,Vanilla Genetics Expanded,1,AnimalJuvenile,0.4,
GR_Manbear,Vanilla Genetics Expanded,2,AnimalAdult,0.8,Pawn_Monkey_Wounded
GR_Manalope,Vanilla Genetics Expanded,0,AnimalBaby,0,
GR_Manalope,Vanilla Genetics Expanded,1,AnimalJuvenile,0.15,
GR_Manalope,Vanilla Genetics Expanded,2,AnimalAdult,0.5,
GR_Manchicken,Vanilla Genetics Expanded,0,AnimalBaby,0,Pawn_Chick_Call
GR_Manchicken,Vanilla Genetics Expanded,1,AnimalJuvenile,0.25,
GR_Manchicken,Vanilla Genetics Expanded,2,AnimalAdult,0.3,Pawn_Chicken_Wounded
GR_Manffalo,Vanilla Genetics Expanded,0,AnimalBaby,0,
GR_Manffalo,Vanilla Genetics Expanded,1,AnimalJuvenile,0.25,
GR_Manffalo,Vanilla Genetics Expanded,2,AnimalAdult,0.5,Pawn_Muffalo_Wounded
GR_Manwolf,Vanilla Genetics Expanded,0,AnimalBaby,0,
GR_Manwolf,Vanilla Genetics Expanded,1,AnimalJuvenile,0.2,
GR_Manwolf,Vanilla Genetics Expanded,2,AnimalAdult,0.45,Pawn_Dog_Injured
GR_Mancat,Vanilla Genetics Expanded,0,AnimalBaby,0,
GR_Mancat,Vanilla Genetics Expanded,1,AnimalJuvenile,0.15,
GR_Mancat,Vanilla Genetics Expanded,2,AnimalAdult,0.5,Pawn_Cat_Injured
GR_Mansquirrel,Vanilla Genetics Expanded,0,AnimalBaby,0,
GR_Mansquirrel,Vanilla Genetics Expanded,1,AnimalJuvenile,0.15,
GR_Mansquirrel,Vanilla Genetics Expanded,2,AnimalAdult,0.5,Pawn_Rodent_Wounded
GR_Bearscarab,Vanilla Genetics Expanded,0,EusocialInsectAdult,0,Pawn_Spelopede_Pain
GR_Boombeetle,Vanilla Genetics Expanded,0,EusocialInsectAdult,0,Pawn_Spelopede_Pain
GR_Chickenspider,Vanilla Genetics Expanded,0,AnimalAdult,0,Pawn_Spelopede_Pain
GR_Muffalopede,Vanilla Genetics Expanded,0,AnimalAdult,0,Pawn_Spelopede_Pain
GR_Wolfscarab,Vanilla Genetics Expanded,0,EusocialInsectAdult,0,Pawn_BigInsect_Pain
GR_Spidercat,Vanilla Genetics Expanded,0,EusocialInsectAdult,0,Pawn_BigInsect_Pain
GR_Manscarab,Vanilla Genetics Expanded,0,EusocialInsectAdult,0,Pawn_BigInsect_Pain
GR_Mechabear,Vanilla Genetics Expanded,0,AnimalAdult,0,Pawn_Mech_Centipede_Wounded
GR_Mechalope,Vanilla Genetics Expanded,0,AnimalAdult,0,Pawn_Mech_Centipede_Wounded
GR_Mechachicken,Vanilla Genetics Expanded,0,AnimalAdult,0,Pawn_Mech_Scyther_Wounded
GR_Mechaspider,Vanilla Genetics Expanded,0,AnimalAdult,0,Pawn_Mech_Scyther_Wounded
GR_Mechamuffalo,Vanilla Genetics Expanded,0,AnimalAdult,0,Pawn_Mech_Centipede_Wounded
GR_Mecharat,Vanilla Genetics Expanded,0,AnimalAdult,0,Pawn_Mech_Scyther_Wounded
GR_Mechaturtle,Vanilla Genetics Expanded,0,AnimalAdult,0,Pawn_Mech_Centipede_Wounded
GR_Mechawolf,Vanilla Genetics Expanded,0,AnimalAdult,0,Pawn_Mech_Centipede_Wounded
GR_Mechathrumbo,Vanilla Genetics Expanded,0,AnimalAdult,0,Pawn_Mech_Centipede_Wounded
GR_Mechacat,Vanilla Genetics Expanded,0,AnimalAdult,0,Pawn_Mech_Centipede_Wounded
GR_Mechahorse,Vanilla Genetics Expanded,0,AnimalAdult,0,Pawn_Mech_Centipede_Wounded
GR_Mechamime,Vanilla Genetics Expanded,0,AnimalAdult,0,Pawn_Mech_Scyther_Wounded
GR_Muffalobear,Vanilla Genetics Expanded,0,AnimalBaby,0,
GR_Muffalobear,Vanilla Genetics Expanded,1,AnimalJuvenile,0.25,
GR_Muffalobear,Vanilla Genetics Expanded,2,AnimalAdult,0.5,Pawn_Muffalo_Wounded
GR_Muffalope,Vanilla Genetics Expanded,0,AnimalBaby,0,
GR_Muffalope,Vanilla Genetics Expanded,1,AnimalJuvenile,0.25,
GR_Muffalope,Vanilla Genetics Expanded,2,AnimalAdult,0.5,Pawn_Muffalo_Wounded
GR_Muffalochicken,Vanilla Genetics Expanded,0,AnimalBaby,0,
GR_Muffalochicken,Vanilla Genetics Expanded,1,AnimalJuvenile,0.25,
GR_Muffalochicken,Vanilla Genetics Expanded,2,AnimalAdult,0.5,Pawn_Muffalo_Wounded
GR_Muffalowolf,Vanilla Genetics Expanded,0,AnimalBaby,0,
GR_Muffalowolf,Vanilla Genetics Expanded,1,AnimalJuvenile,0.25,
GR_Muffalowolf,Vanilla Genetics Expanded,2,AnimalAdult,0.5,Pawn_Muffalo_Wounded
GR_Muffalocat,Vanilla Genetics Expanded,0,AnimalBaby,0,
GR_Muffalocat,Vanilla Genetics Expanded,1,AnimalJuvenile,0.25,
GR_Muffalocat,Vanilla Genetics Expanded,2,AnimalAdult,0.5,Pawn_Muffalo_Wounded
GR_Muffalorat,Vanilla Genetics Expanded,0,AnimalBaby,0,
GR_Muffalorat,Vanilla Genetics Expanded,1,AnimalJuvenile,0.07,
GR_Muffalorat,Vanilla Genetics Expanded,2,AnimalAdult,0.3,Pawn_Muffalo_Wounded
GR_Muffaloman,Vanilla Genetics Expanded,0,AnimalBaby,0,
GR_Muffaloman,Vanilla Genetics Expanded,1,AnimalJuvenile,0.25,
GR_Muffaloman,Vanilla Genetics Expanded,2,AnimalAdult,0.5,Pawn_Muffalo_Wounded
GR_ParagonBear,Vanilla Genetics Expanded,0,AnimalBaby,0,
GR_ParagonBear,Vanilla Genetics Expanded,1,AnimalJuvenile,0.4,
GR_ParagonBear,Vanilla Genetics Expanded,2,AnimalAdult,0.8,Pawn_Bear_Injured
GR_ParagonBoomalope,Vanilla Genetics Expanded,0,AnimalBaby,0,
GR_ParagonBoomalope,Vanilla Genetics Expanded,1,AnimalJuvenile,0.2,
GR_ParagonBoomalope,Vanilla Genetics Expanded,2,AnimalAdult,0.5,Pawn_Muffalo_Wounded
GR_ParagonChicken,Vanilla Genetics Expanded,0,AnimalBabyTiny,0,Pawn_Chick_Call
GR_ParagonChicken,Vanilla Genetics Expanded,1,AnimalJuvenile,0.12,
GR_ParagonChicken,Vanilla Genetics Expanded,2,AnimalAdult,0.3,Pawn_Chicken_Wounded
GR_ParagonMuffalo,Vanilla Genetics Expanded,0,AnimalBaby,0,
GR_ParagonMuffalo,Vanilla Genetics Expanded,1,AnimalJuvenile,0.25,
GR_ParagonMuffalo,Vanilla Genetics Expanded,2,AnimalAdult,0.5,Pawn_Muffalo_Wounded
GR_ParagonWolf,Vanilla Genetics Expanded,0,AnimalBaby,0,
GR_ParagonWolf,Vanilla Genetics Expanded,1,AnimalJuvenile,0.2,
GR_ParagonWolf,Vanilla Genetics Expanded,2,AnimalAdult,0.45,Pawn_Dog_Injured
GR_ParagonRat,Vanilla Genetics Expanded,0,AnimalBaby,0,
GR_ParagonRat,Vanilla Genetics Expanded,1,AnimalJuvenile,0.07,
GR_ParagonRat,Vanilla Genetics Expanded,2,AnimalAdult,0.3,Pawn_Boomrat_Wounded
GR_ParagonIguana,Vanilla Genetics Expanded,0,AnimalBaby,0,
GR_ParagonIguana,Vanilla Genetics Expanded,1,AnimalJuvenile,0.09,
GR_ParagonIguana,Vanilla Genetics Expanded,2,AnimalAdult,0.25,Pawn_Iguana_Wounded
GR_ParagonHorse,Vanilla Genetics Expanded,0,AnimalBaby,0,
GR_ParagonHorse,Vanilla Genetics Expanded,1,AnimalJuvenile,0.25,
GR_ParagonHorse,Vanilla Genetics Expanded,2,AnimalAdult,0.3333,Pawn_Horse_Wounded
GR_ParagonThrumbo,Vanilla Genetics Expanded,0,AnimalBaby,0,
GR_ParagonThrumbo,Vanilla Genetics Expanded,1,AnimalJuvenile,0.75,
GR_ParagonThrumbo,Vanilla Genetics Expanded,2,AnimalAdult,0.95,Pawn_Thrumbo_Pain
GR_ParagonHumanoid,Vanilla Genetics Expanded,0,AnimalBaby,0,
GR_ParagonHumanoid,Vanilla Genetics Expanded,1,AnimalJuvenile,0.2,
GR_ParagonHumanoid,Vanilla Genetics Expanded,2,AnimalAdult,0.3333,GR_Pawn_Ape_Wounded
GR_ParagonFeline,Vanilla Genetics Expanded,0,AnimalBaby,0,
GR_ParagonFeline,Vanilla Genetics Expanded,1,AnimalJuvenile,0.25,
GR_ParagonFeline,Vanilla Genetics Expanded,2,AnimalAdult,0.5,Pawn_Cat_Injured
GR_ParagonInsectoid,Vanilla Genetics Expanded,0,EusocialInsectAdult,0,Pawn_Spelopede_Pain
GR_Bearodile,Vanilla Genetics Expanded,0,AnimalBaby,0,
GR_Bearodile,Vanilla Genetics Expanded,1,AnimalJuvenile,0.4,
GR_Bearodile,Vanilla Genetics Expanded,2,AnimalAdult,0.8,Pawn_Cobra_Wounded
GR_Boomsnake,Vanilla Genetics Expanded,0,AnimalBaby,0,
GR_Boomsnake,Vanilla Genetics Expanded,1,AnimalJuvenile,0.15,
GR_Boomsnake,Vanilla Genetics Expanded,2,AnimalAdult,0.5,Pawn_Cobra_Wounded
GR_Chickenlizard,Vanilla Genetics Expanded,0,AnimalBaby,0,
GR_Chickenlizard,Vanilla Genetics Expanded,1,AnimalJuvenile,0.12,
GR_Chickenlizard,Vanilla Genetics Expanded,2,AnimalAdult,0.3,Pawn_Cobra_Wounded
GR_Muffalokomodo,Vanilla Genetics Expanded,0,AnimalBaby,0,
GR_Muffalokomodo,Vanilla Genetics Expanded,1,AnimalJuvenile,0.25,
GR_Muffalokomodo,Vanilla Genetics Expanded,2,AnimalAdult,0.5,Pawn_Cobra_Wounded
GR_Spidersnake,Vanilla Genetics Expanded,0,AnimalBaby,0,
GR_Spidersnake,Vanilla Genetics Expanded,1,AnimalJuvenile,0.15,
GR_Spidersnake,Vanilla Genetics Expanded,2,AnimalAdult,0.3,Pawn_Cobra_Wounded
GR_Wolfsnake,Vanilla Genetics Expanded,0,AnimalBaby,0,
GR_Wolfsnake,Vanilla Genetics Expanded,1,AnimalJuvenile,0.2,
GR_Wolfsnake,Vanilla Genetics Expanded,2,AnimalAdult,0.45,Pawn_Cobra_Wounded
GR_Snakecat,Vanilla Genetics Expanded,0,AnimalBaby,0,
GR_Snakecat,Vanilla Genetics Expanded,1,AnimalJuvenile,0.15,
GR_Snakecat,Vanilla Genetics Expanded,2,AnimalAdult,0.5,Pawn_Cobra_Wounded
GR_Lizardman,Vanilla Genetics Expanded,0,AnimalBaby,0,
GR_Lizardman,Vanilla Genetics Expanded,1,AnimalJuvenile,0.15,
GR_Lizardman,Vanilla Genetics Expanded,2,AnimalAdult,0.5,Pawn_Cobra_Wounded
GR_Molebear,Vanilla Genetics Expanded,0,AnimalBaby,0,
GR_Molebear,Vanilla Genetics Expanded,1,AnimalJuvenile,0.15,
GR_Molebear,Vanilla Genetics Expanded,2,AnimalAdult,0.35,Pawn_Bear_Injured
GR_Squirralope,Vanilla Genetics Expanded,0,AnimalBaby,0,
GR_Squirralope,Vanilla Genetics Expanded,1,AnimalJuvenile,0.11,
GR_Squirralope,Vanilla Genetics Expanded,2,AnimalAdult,0.26,Pawn_Rodent_Wounded
GR_Rabbitchicken,Vanilla Genetics Expanded,0,AnimalBaby,0,Pawn_Chick_Call
GR_Rabbitchicken,Vanilla Genetics Expanded,1,AnimalJuvenile,0.12,
GR_Rabbitchicken,Vanilla Genetics Expanded,2,AnimalAdult,0.3,Pawn_Hare_Wounded
GR_Ratffalo,Vanilla Genetics Expanded,0,AnimalBaby,0,
GR_Ratffalo,Vanilla Genetics Expanded,1,AnimalJuvenile,0.07,
GR_Ratffalo,Vanilla Genetics Expanded,2,AnimalAdult,0.3,Pawn_Boomrat_Wounded
GR_Beaverwolf,Vanilla Genetics Expanded,0,AnimalBaby,0,
GR_Beaverwolf,Vanilla Genetics Expanded,1,AnimalJuvenile,0.15,
GR_Beaverwolf,Vanilla Genetics Expanded,2,AnimalAdult,0.35,Pawn_Dog_Injured
GR_Rabbitcat,Vanilla Genetics Expanded,0,AnimalBaby,0,
GR_Rabbitcat,Vanilla Genetics Expanded,1,AnimalJuvenile,0.2,
GR_Rabbitcat,Vanilla Genetics Expanded,2,AnimalAdult,0.8,Pawn_Cougar_Injured
GR_Moleman,Vanilla Genetics Expanded,0,AnimalBaby,0,
GR_Moleman,Vanilla Genetics Expanded,1,AnimalJuvenile,0.15,
GR_Moleman,Vanilla Genetics Expanded,2,AnimalAdult,0.35,Pawn_Boomrat_Wounded
GR_Bearalope,Vanilla Genetics Expanded,0,AnimalBaby,0,
GR_Bearalope,Vanilla Genetics Expanded,1,AnimalJuvenile,0.4,
GR_Bearalope,Vanilla Genetics Expanded,2,AnimalAdult,0.8,Pawn_Bear_Injured
GR_Bearchicken,Vanilla Genetics Expanded,0,AnimalBabyTiny,0,Pawn_Chick_Call
GR_Bearchicken,Vanilla Genetics Expanded,1,AnimalJuvenile,0.12,
GR_Bearchicken,Vanilla Genetics Expanded,2,AnimalAdult,0.3,Pawn_Chicken_Wounded
GR_Bearffalo,Vanilla Genetics Expanded,0,AnimalBaby,0,
GR_Bearffalo,Vanilla Genetics Expanded,1,AnimalJuvenile,0.4,
GR_Bearffalo,Vanilla Genetics Expanded,2,AnimalAdult,0.8,Pawn_Bear_Injured
GR_Bearwolf,Vanilla Genetics Expanded,0,AnimalBaby,0,
GR_Bearwolf,Vanilla Genetics Expanded,1,AnimalJuvenile,0.4,
GR_Bearwolf,Vanilla Genetics Expanded,2,AnimalAdult,0.8,Pawn_Bear_Injured
GR_Bearmole,Vanilla Genetics Expanded,0,AnimalBaby,0,
GR_Bearmole,Vanilla Genetics Expanded,1,AnimalJuvenile,0.15,
GR_Bearmole,Vanilla Genetics Expanded,2,AnimalAdult,0.35,Pawn_Bear_Injured
GR_Bearcat,Vanilla Genetics Expanded,0,AnimalBaby,0,
GR_Bearcat,Vanilla Genetics Expanded,1,AnimalJuvenile,0.25,
GR_Bearcat,Vanilla Genetics Expanded,2,AnimalAdult,0.5,Pawn_Cougar_Injured
GR_Bearman,Vanilla Genetics Expanded,0,AnimalBaby,0,
GR_Bearman,Vanilla Genetics Expanded,1,AnimalJuvenile,0.4,
GR_Bearman,Vanilla Genetics Expanded,2,AnimalAdult,0.8,Pawn_Bear_Injured
GR_BearBug,Vanilla Genetics Expanded,0,AnimalBaby,0,
GR_BearBug,Vanilla Genetics Expanded,1,AnimalJuvenile,0.1,
GR_BearBug,Vanilla Genetics Expanded,2,AnimalAdult,0.4,Pawn_Megascarab_Wounded
GR_Boomalisk,Vanilla Genetics Expanded,0,AnimalBaby,0,
GR_Boomalisk,Vanilla Genetics Expanded,1,AnimalJuvenile,0.3,
GR_Boomalisk,Vanilla Genetics Expanded,2,AnimalAdult,0.99,Pawn_Feralisk_Wounded
GR_Needlechicken,Vanilla Genetics Expanded,0,AnimalBaby,0,
GR_Needlechicken,Vanilla Genetics Expanded,1,AnimalJuvenile,0.12,
GR_Needlechicken,Vanilla Genetics Expanded,2,AnimalAdult,0.6,Pawn_Needlepost_Wounded
GR_Beetlefleet,Vanilla Genetics Expanded,0,AnimalBaby,0,
GR_Beetlefleet,Vanilla Genetics Expanded,1,AnimalJuvenile,0.15,
GR_Beetlefleet,Vanilla Genetics Expanded,2,AnimalAdult,0.30,Pawn_Rodent_Wounded
GR_Groundffalo,Vanilla Genetics Expanded,0,AnimalBaby,0,
GR_Groundffalo,Vanilla Genetics Expanded,1,AnimalJuvenile,0.5,
GR_Groundffalo,Vanilla Genetics Expanded,2,AnimalAdult,0.99,Pawn_Muffalo_Wounded
GR_MeadowLizard,Vanilla Genetics Expanded,0,AnimalBaby,0,
GR_MeadowLizard,Vanilla Genetics Expanded,1,AnimalJuvenile,0.2,
GR_MeadowLizard,Vanilla Genetics Expanded,2,AnimalAdult,0.5,
GR_AnimusHare,Vanilla Genetics Expanded,0,AnimalBaby,0,
GR_AnimusHare,Vanilla Genetics Expanded,1,AnimalJuvenile,0.1,
GR_AnimusHare,Vanilla Genetics Expanded,2,AnimalAdult,0.3,Pawn_Hare_Wounded
GR_Nighthrumbo,Vanilla Genetics Expanded,0,AnimalBaby,0,
GR_Nighthrumbo,Vanilla Genetics Expanded,1,AnimalJuvenile,0.6,
GR_Nighthrumbo,Vanilla Genetics Expanded,2,AnimalAdult,0.99,Pawn_Thrumbo_Pain
GR_WolfShrimp,Vanilla Genetics Expanded,0,AnimalBaby,0,
GR_WolfShrimp,Vanilla Genetics Expanded,1,AnimalJuvenile,0.3,
GR_WolfShrimp,Vanilla Genetics Expanded,2,AnimalAdult,0.8,Pawn_RaptorShrimp_Wounded
GR_Elasmobearium,Vanilla Genetics Expanded,0,AnimalBaby,0,
GR_Elasmobearium,Vanilla Genetics Expanded,1,AnimalJuvenile,0.4,
GR_Elasmobearium,Vanilla Genetics Expanded,2,AnimalAdult,0.8,Pawn_Rhinoceros_Wounded
GR_Boomnotherium,Vanilla Genetics Expanded,0,AnimalBaby,0,
GR_Boomnotherium,Vanilla Genetics Expanded,1,AnimalJuvenile,0.4,
GR_Boomnotherium,Vanilla Genetics Expanded,2,AnimalAdult,0.8,Pawn_Elephant_Injured
GR_Chickenlodon,Vanilla Genetics Expanded,0,AnimalBaby,0,
GR_Chickenlodon,Vanilla Genetics Expanded,1,AnimalJuvenile,0.2,Pawn_Cougar_Injured
GR_Chickenlodon,Vanilla Genetics Expanded,2,AnimalAdult,0.8,Pawn_Cougar_Injured
GR_Mantistanis,Vanilla Genetics Expanded,0,AnimalBaby,0,
GR_Mantistanis,Vanilla Genetics Expanded,1,AnimalJuvenile,0.4,
GR_Mantistanis,Vanilla Genetics Expanded,2,AnimalAdult,0.8,
GR_Paraceramuffalo,Vanilla Genetics Expanded,0,AnimalBaby,0,
GR_Paraceramuffalo,Vanilla Genetics Expanded,1,AnimalJuvenile,.5,
GR_Paraceramuffalo,Vanilla Genetics Expanded,2,AnimalAdult,.99,Pawn_Thrumbo_Pain
GR_Lizardochs,Vanilla Genetics Expanded,0,AnimalBaby,0,
GR_Lizardochs,Vanilla Genetics Expanded,1,AnimalJuvenile,0.4,
GR_Lizardochs,Vanilla Genetics Expanded,2,AnimalAdult,0.8,Pawn_Muffalo_Wounded
GR_Doedicoon,Vanilla Genetics Expanded,0,AnimalBaby,0,
GR_Doedicoon,Vanilla Genetics Expanded,1,AnimalJuvenile,0.15,
GR_Doedicoon,Vanilla Genetics Expanded,2,AnimalAdult,0.4,Pawn_Boomrat_Wounded
GR_Thrumdraeodon,Vanilla Genetics Expanded,0,AnimalBaby,0,
GR_Thrumdraeodon,Vanilla Genetics Expanded,1,AnimalJuvenile,0.6,
GR_Thrumdraeodon,Vanilla Genetics Expanded,2,AnimalAdult,0.99,Pawn_Thrumbo_Pain
GR_WoolyWolf,Vanilla Genetics Expanded,0,AnimalBaby,0,
GR_WoolyWolf,Vanilla Genetics Expanded,1,AnimalJuvenile,0.4,
GR_WoolyWolf,Vanilla Genetics Expanded,2,AnimalAdult,0.8,Pawn_Elephant_Injured
BS_GluttonRace,Big and Small - Genes & More,0,HumanlikeBaby,0,
BS_GluttonRace,Big and Small - Genes & More,1,HumanlikeChild,3,
BS_GluttonRace,Big and Small - Genes & More,2,HumanlikePreTeenager,9,
BS_GluttonRace,Big and Small - Genes & More,3,HumanlikeTeenager,13,
BS_GluttonRace,Big and Small - Genes & More,4,HumanlikeAdult,18,
BS_InsectoidHumanoid_FourArmed,Big and Small - Genes & More,0,HumanlikeBaby,0,
BS_InsectoidHumanoid_FourArmed,Big and Small - Genes & More,1,HumanlikeChild,3,
BS_InsectoidHumanoid_FourArmed,Big and Small - Genes & More,2,HumanlikePreTeenager,9,
BS_InsectoidHumanoid_FourArmed,Big and Small - Genes & More,3,HumanlikeTeenager,13,
BS_InsectoidHumanoid_FourArmed,Big and Small - Genes & More,4,HumanlikeAdult,18,
OuterRim_MuckrakerDroid,Outer Rim - Droid Depot,0,MechanoidFullyFormed,0,OuterRim_Droid_Silent
OuterRim_DestroyerDroid,Outer Rim - Droid Depot,0,MechanoidFullyFormed,0,OuterRim_Droid_Silent
OuterRim_DUMDroid,Outer Rim - Droid Depot,0,MechanoidFullyFormed,0,OuterRim_Droid_Silent
OuterRim_FX7Droid,Outer Rim - Droid Depot,0,MechanoidFullyFormed,0,OuterRim_Droid_Silent
OuterRim_GNKDroid,Outer Rim - Droid Depot,0,MechanoidFullyFormed,0,OuterRim_Droid_Gonk
OuterRim_MSEDroid,Outer Rim - Droid Depot,0,MechanoidFullyFormed,0,OuterRim_Droid_MSE_Wounded
OuterRim_SalvageAssistDroid,Outer Rim - Droid Depot,0,MechanoidFullyFormed,0,OuterRim_Droid_MSE_Wounded
OuterRim_AstromechDroid,Outer Rim - Droid Depot,0,MechanoidFullyFormed,0,OuterRim_Droid_Silent
SWPotF_RaceDef_ysalamir,Star Wars KotOR Resources and Materials,0,AnimalBaby,0,
SWPotF_RaceDef_ysalamir,Star Wars KotOR Resources and Materials,1,AnimalJuvenile,0.1,
SWPotF_RaceDef_ysalamir,Star Wars KotOR Resources and Materials,2,AnimalAdult,0.2222,Pawn_Iguana_Wounded
