defName,modName,label,capacities,power,cooldownTime,dps,armorPenetration,linkedBodyPartsGroup,chanceFactor
,Core,left claw,Scratch,17,2,8.5,,FrontLeftPaw,
,Core,right claw,Scratch,17,2,8.5,,FrontRightPaw,
,Core,,Bite,23.6,2.6,9.08,,Teeth,0.5
,Core,head,Blunt,11,2,5.5,,HeadAttackTool,0.2
Bear_Grizzly,Core,left claw,Scratch,17,2,8.5,,FrontLeftPaw,
Bear_Grizzly,Core,right claw,Scratch,17,2,8.5,,FrontRightPaw,
Bear_Grizzly,Core,,Bite,23.6,2.6,9.08,,Teeth,0.5
Bear_Grizzly,Core,head,Blunt,11,2,5.5,,HeadAttackTool,0.2
Bear_Polar,Core,left claw,Scratch,17,2,8.5,,FrontLeftPaw,
Bear_Polar,Core,right claw,Scratch,17,2,8.5,,FrontRightPaw,
Bear_Polar,Core,,Bite,23.6,2.6,9.08,,Teeth,0.5
Bear_Polar,Core,head,Blunt,11,2,5.5,,HeadAttackTool,0.2
Ostrich,Core,claws,Scratch,11,1.5,7.33,,Feet,
Ostrich,Core,beak,Bite,11,2,5.5,,Beak,
Ostrich,Core,head,Blunt,6,2,3.0,,HeadAttackTool,0.2
Emu,Core,claws,Scratch,8,1.5,5.33,,Feet,
Emu,Core,beak,Bite,9,2,4.5,,Beak,
Emu,Core,head,Blunt,6,2,3.0,,HeadAttackTool,0.2
Cassowary,Core,claws,Scratch,7,1.5,4.67,,Feet,
Cassowary,Core,beak,Bite,8,2,4.0,,Beak,
Cassowary,Core,head,Blunt,6,2,3.0,,HeadAttackTool,0.2
,Core,left claw,Scratch,11,1.5,7.33,,FrontLeftPaw,
,Core,right claw,Scratch,11,1.5,7.33,,FrontRightPaw,
,Core,,Bite,16,2,8.0,,Teeth,0.7
,Core,head,Blunt,9,2,4.5,,HeadAttackTool,0.2
Cougar,Core,left claw,Scratch,11,1.5,7.33,,FrontLeftPaw,
Cougar,Core,right claw,Scratch,11,1.5,7.33,,FrontRightPaw,
Cougar,Core,,Bite,16,2,8.0,,Teeth,0.7
Cougar,Core,head,Blunt,9,2,4.5,,HeadAttackTool,0.2
Lynx,Core,left claw,Scratch,9,1.5,6.0,,FrontLeftPaw,
Lynx,Core,right claw,Scratch,9,1.5,6.0,,FrontRightPaw,
Lynx,Core,,Bite,12,2,6.0,,Teeth,0.7
Lynx,Core,head,Blunt,6,2,3.0,,HeadAttackTool,0.2
Cat,Core,left claw,Scratch,6,1.5,4.0,,FrontLeftPaw,
Cat,Core,right claw,Scratch,6,1.5,4.0,,FrontRightPaw,
Cat,Core,,Bite,7,2,3.5,,Teeth,0.7
Cat,Core,head,Blunt,3,2,1.5,,HeadAttackTool,0.2
YorkshireTerrier,Core,left claw,Scratch,3.6,2,1.8,,FrontLeftPaw,
YorkshireTerrier,Core,right claw,Scratch,3.6,2,1.8,,FrontRightPaw,
YorkshireTerrier,Core,cute little teeth,Bite,4.8,2,2.4,,Teeth,0.7
YorkshireTerrier,Core,head,Blunt,2,2,1.0,,HeadAttackTool,0.2
GuineaPig,Core,left claw,Scratch,3.6,1.5,2.4,,FrontLeftPaw,
GuineaPig,Core,right claw,Scratch,3.6,1.5,2.4,,FrontRightPaw,
GuineaPig,Core,,Bite,5.8,2,2.9,,Teeth,0.7
GuineaPig,Core,head,Blunt,2,2,1.0,,HeadAttackTool,0.2
LabradorRetriever,Core,left claw,Scratch,8.5,2,4.25,,FrontLeftPaw,
LabradorRetriever,Core,right claw,Scratch,8.5,2,4.25,,FrontRightPaw,
LabradorRetriever,Core,,Bite,14.2,2.6,5.46,,Teeth,0.7
LabradorRetriever,Core,head,Blunt,5,2,2.5,,HeadAttackTool,0.2
Husky,Core,left claw,Scratch,9.7,2,4.85,,FrontLeftPaw,
Husky,Core,right claw,Scratch,9.7,2,4.85,,FrontRightPaw,
Husky,Core,,Bite,14.2,2.6,5.46,,Teeth,0.7
Husky,Core,head,Blunt,6,2,3.0,,HeadAttackTool,0.2
Monkey,Core,left fist,Blunt,3.6,1.5,2.4,,LeftHand,
Monkey,Core,right fist,Blunt,3.6,1.5,2.4,,RightHand,
Monkey,Core,,Bite,4,2,2.0,,Teeth,0.7
Monkey,Core,head,Blunt,2,2,1.0,,HeadAttackTool,0.2
Chicken,Core,claws,Scratch,2,1.5,1.33,,Feet,
Chicken,Core,beak,Bite,3,2,1.5,,Beak,
Chicken,Core,head,Blunt,1,1.5,0.67,,HeadAttackTool,0.2
Duck,Core,claws,Scratch,3,1.5,2.0,,Feet,
Duck,Core,beak,Bite,4,2,2.0,,Beak,
Duck,Core,head,Blunt,2,1.5,1.33,,HeadAttackTool,0.2
Turkey,Core,claws,Scratch,5,1.5,3.33,,Feet,
Turkey,Core,beak,Bite,6,2,3.0,,Beak,
Turkey,Core,head,Blunt,4,2,2.0,,HeadAttackTool,0.2
Goose,Core,claws,Scratch,3,1.5,2.0,,Feet,
Goose,Core,beak,Bite,5.6,2,2.8,,Beak,
Goose,Core,head,Blunt,2,1.5,1.33,,HeadAttackTool,0.2
Cow,Core,,Bite,8.8,2.6,3.38,,Teeth,0.7
Cow,Core,head,Blunt,7,2,3.5,,HeadAttackTool,0.2
Cow,Core,left hoof,Blunt;Poke,8,2,4.0,,FrontLeftLeg,
Cow,Core,right hoof,Blunt;Poke,8,2,4.0,,FrontRightLeg,
Boomalope,Core,head,Blunt,7,2,3.5,,HeadAttackTool,0.2
Boomalope,Core,left hoof,Blunt;Poke,9,2,4.5,,FrontLeftLeg,
Boomalope,Core,right hoof,Blunt;Poke,9,2,4.5,,FrontRightLeg,
Boomalope,Core,,Bite,10,2,5.0,,Teeth,0.5
Muffalo,Core,head,Blunt,13,2.6,5.0,,HeadAttackTool,
Muffalo,Core,left hoof,Blunt;Poke,10,2,5.0,,FrontLeftLeg,
Muffalo,Core,right hoof,Blunt;Poke,10,2,5.0,,FrontRightLeg,
Muffalo,Core,,Bite,10,2,5.0,,Teeth,0.5
Bison,Core,head,Blunt,15,2.9,5.17,,HeadAttackTool,
Bison,Core,left hoof,Blunt;Poke,10,2,5.0,,FrontLeftLeg,
Bison,Core,right hoof,Blunt;Poke,10,2,5.0,,FrontRightLeg,
Bison,Core,,Bite,10,2,5.0,,Teeth,0.5
Dromedary,Core,left hoof,Blunt;Poke,9,2,4.5,,FrontLeftLeg,
Dromedary,Core,right hoof,Blunt;Poke,9,2,4.5,,FrontRightLeg,
Dromedary,Core,,Bite,10,2,5.0,,Teeth,0.7
Dromedary,Core,head,Blunt,7,2,3.5,,HeadAttackTool,0.2
Goat,Core,,Bite,7.3,2,3.65,,Teeth,0.7
Goat,Core,head,Blunt,6,2,3.0,,HeadAttackTool,0.2
Elk,Core,left hoof,Blunt;Poke,10,2,5.0,,FrontLeftLeg,
Elk,Core,right hoof,Blunt;Poke,10,2,5.0,,FrontRightLeg,
Elk,Core,,Bite,10,2,5.0,,Teeth,0.5
Elk,Core,head,Blunt,13,2.6,5.0,,HeadAttackTool,
Yak,Core,,Bite,8.8,2.6,3.38,,Teeth,0.7
Yak,Core,head,Blunt,9,2,4.5,,HeadAttackTool,0.2
Yak,Core,left hoof,Blunt;Poke,8,2,4.0,,FrontLeftLeg,
Yak,Core,right hoof,Blunt;Poke,8,2,4.0,,FrontRightLeg,
Caribou,Core,left hoof,Blunt;Poke,10,2,5.0,,FrontLeftLeg,
Caribou,Core,right hoof,Blunt;Poke,10,2,5.0,,FrontRightLeg,
Caribou,Core,,Bite,10,2,5.0,,Teeth,0.5
Caribou,Core,head,Blunt,13,2.6,5.0,,HeadAttackTool,
Horse,Core,head,Blunt,10,2.9,3.45,,HeadAttackTool,
Horse,Core,left hoof,Blunt;Poke,7,2,3.5,,FrontLeftLeg,
Horse,Core,right hoof,Blunt;Poke,7,2,3.5,,FrontRightLeg,
Horse,Core,,Bite,5,2,2.5,,Teeth,0.5
Donkey,Core,head,Blunt,12,2.9,4.14,,HeadAttackTool,
Donkey,Core,left hoof,Blunt;Poke,8,2,4.0,,FrontLeftLeg,
Donkey,Core,right hoof,Blunt;Poke,8,2,4.0,,FrontRightLeg,
Donkey,Core,,Bite,6,2,3.0,,Teeth,0.5
Elephant,Core,tusk,Scratch;Stab,25,2.6,9.62,,TuskAttackTool,
Elephant,Core,left foot,Blunt,16.9,2,8.45,,FrontLeftLeg,
Elephant,Core,right foot,Blunt,16.9,2,8.45,,FrontRightLeg,
Elephant,Core,head,Blunt,14,2,7.0,,HeadAttackTool,0.2
Rhinoceros,Core,horn,Scratch,19,2,9.5,,HornAttackTool,
Rhinoceros,Core,horn,Blunt,19,2,9.5,,HornAttackTool,
Rhinoceros,Core,,Bite,19,2.6,7.31,,Teeth,0.7
Rhinoceros,Core,head,Blunt,15,2,7.5,,HeadAttackTool,0.2
,Core,,Bite,3.4,2,1.7,,Teeth,
,Core,head,Blunt,1.5,2,0.75,,HeadAttackTool,0.2
Hare,Core,,Bite,3.4,2,1.7,,Teeth,
Hare,Core,head,Blunt,1.5,2,0.75,,HeadAttackTool,0.2
Snowhare,Core,,Bite,3.4,2,1.7,,Teeth,
Snowhare,Core,head,Blunt,1.5,2,0.75,,HeadAttackTool,0.2
Megascarab,Core,mandibles,Bite,5,2,2.5,,Mouth,
Megascarab,Core,head,Blunt,4,2,2.0,,HeadAttackTool,0.1
Spelopede,Core,head claw,Cut,7,2,3.5,,HeadClaw,
Spelopede,Core,head,Blunt,6,2,3.0,,HeadAttackTool,0.2
Megaspider,Core,head claw,Cut,12,2.6,4.62,,HeadClaw,
Megaspider,Core,head,Blunt,7,2,3.5,,HeadAttackTool,0.2
Thrumbo,Core,horn,Scratch;Stab,23,2,11.5,,HornAttackTool,
Thrumbo,Core,,Bite,28,2.6,10.77,,Teeth,0.7
Thrumbo,Core,left foot,Blunt,19,2,9.5,,FrontLeftLeg,
Thrumbo,Core,right foot,Blunt,19,2,9.5,,FrontRightLeg,
Thrumbo,Core,head,Blunt,17,2,8.5,,HeadAttackTool,0.2
Cobra,Core,venom-fangs,ToxicBite,12,2,6.0,,Mouth,
Cobra,Core,head,Blunt,3,2,1.5,,HeadAttackTool,0.2
Tortoise,Core,beak,Bite,8,2.6,3.08,,TurtleBeakAttackTool,
Tortoise,Core,head,Blunt,3,2.6,1.15,,HeadAttackTool,0.2
Alphabeaver,Core,left claw,Scratch,7.2,2,3.6,,FrontLeftPaw,
Alphabeaver,Core,right claw,Scratch,7.2,2,3.6,,FrontRightPaw,
Alphabeaver,Core,,Bite,8.5,2,4.25,,Teeth,0.7
Alphabeaver,Core,head,Blunt,3,2,1.5,,HeadAttackTool,0.2
Pig,Core,,Bite,7.3,2,3.65,,Teeth,0.7
Pig,Core,head,Blunt,6,2,3.0,,HeadAttackTool,0.2
WildBoar,Core,tusk,Scratch;Stab,9.7,2,4.85,,TuskAttackTool,
WildBoar,Core,,Bite,8.5,2,4.25,,Teeth,0.6
WildBoar,Core,head,Blunt,5,2,2.5,,HeadAttackTool,0.2
Ibex,Core,left hoof,Blunt;Poke,8,2,4.0,,FrontLeftLeg,
Ibex,Core,right hoof,Blunt;Poke,8,2,4.0,,FrontRightLeg,
Ibex,Core,,Bite,8,2,4.0,,Teeth,0.5
Ibex,Core,head,Blunt,10,2.6,3.85,,HeadAttackTool,
Deer,Core,left hoof,Blunt;Poke,7,2,3.5,,FrontLeftLeg,
Deer,Core,right hoof,Blunt;Poke,7,2,3.5,,FrontRightLeg,
Deer,Core,teeth,Bite,8,2,4.0,,Teeth,0.5
Deer,Core,head,Blunt,5,2,2.5,,HeadAttackTool,0.2
Gazelle,Core,left hoof,Blunt;Poke,5.5,1.5,3.67,,FrontLeftLeg,
Gazelle,Core,right hoof,Blunt;Poke,5.5,1.5,3.67,,FrontRightLeg,
Gazelle,Core,,Bite,7,2,3.5,,Teeth,0.7
Gazelle,Core,head,Blunt,7,2,3.5,,HeadAttackTool,0.2
Chinchilla,Core,left claw,Scratch,3.6,1.5,2.4,,FrontLeftPaw,
Chinchilla,Core,right claw,Scratch,3.6,1.5,2.4,,FrontRightPaw,
Chinchilla,Core,,Bite,5.8,2,2.9,,Teeth,0.7
Chinchilla,Core,head,Blunt,2,2,1.0,,HeadAttackTool,0.2
Sheep,Core,head,Blunt,14,2.9,4.83,,HeadAttackTool,
Sheep,Core,left hoof,Blunt;Poke,6,2,3.0,,FrontLeftLeg,
Sheep,Core,right hoof,Blunt;Poke,6,2,3.0,,FrontRightLeg,
Sheep,Core,,Bite,8,2,4.0,,Teeth,0.5
Alpaca,Core,left hoof,Blunt;Poke,7.3,2,3.65,,FrontLeftLeg,
Alpaca,Core,right hoof,Blunt;Poke,7.3,2,3.65,,FrontRightLeg,
Alpaca,Core,,Bite,8,2,4.0,,Teeth,0.7
Alpaca,Core,head,Blunt,7,2,3.5,,HeadAttackTool,0.2
Megasloth,Core,left claw,Scratch,21,2,10.5,,FrontLeftPaw,
Megasloth,Core,right claw,Scratch,21,2,10.5,,FrontRightPaw,
Megasloth,Core,,Bite,22,2.6,8.46,,Teeth,0.7
Megasloth,Core,head,Blunt,15,2,7.5,,HeadAttackTool,0.2
Capybara,Core,left claw,Scratch,8.4,2,4.2,,FrontLeftPaw,
Capybara,Core,right claw,Scratch,8.4,2,4.2,,FrontRightPaw,
Capybara,Core,,Bite,8.5,2,4.25,,Teeth,0.7
Capybara,Core,head,Blunt,4,2,2.0,,HeadAttackTool,0.2
Squirrel,Core,left claw,Scratch,4,2,2.0,,FrontLeftPaw,
Squirrel,Core,right claw,Scratch,4,2,2.0,,FrontRightPaw,
Squirrel,Core,,Bite,5,2,2.5,,Teeth,0.7
Squirrel,Core,head,Blunt,2,2,1.0,,HeadAttackTool,0.2
Rat,Core,left claw,Scratch,3.6,1.5,2.4,,FrontLeftPaw,
Rat,Core,right claw,Scratch,3.6,1.5,2.4,,FrontRightPaw,
Rat,Core,,Bite,6,2,3.0,,Teeth,0.7
Rat,Core,head,Blunt,2,2,1.0,,HeadAttackTool,0.2
Boomrat,Core,left claw,Scratch,5.4,1.5,3.6,,FrontLeftPaw,
Boomrat,Core,right claw,Scratch,5.4,1.5,3.6,,FrontRightPaw,
Boomrat,Core,,Bite,4.9,2,2.45,,Teeth,0.7
Boomrat,Core,head,Blunt,3,2,1.5,,HeadAttackTool,0.2
Raccoon,Core,left claw,Scratch,6,2,3.0,,FrontLeftPaw,
Raccoon,Core,right claw,Scratch,6,2,3.0,,FrontRightPaw,
Raccoon,Core,,Bite,7,2,3.5,,Teeth,0.7
Raccoon,Core,head,Blunt,3,2,1.5,,HeadAttackTool,0.2
Iguana,Core,left claw,Scratch,8,2,4.0,,FrontLeftClaws,
Iguana,Core,right claw,Scratch,8,2,4.0,,FrontRightClaws,
Iguana,Core,,Bite,10,2.6,3.85,,Teeth,0.7
Iguana,Core,head,Blunt,5,2,2.5,,HeadAttackTool,0.2
Warg,Core,left claw,Scratch,13,1.5,8.67,,FrontLeftPaw,
Warg,Core,right claw,Scratch,13,1.5,8.67,,FrontRightPaw,
Warg,Core,razorfangs,Bite,15,2,7.5,,Teeth,0.9
Warg,Core,head,Blunt,5,2,2.5,,HeadAttackTool,0.2
,Core,left claw,Scratch,10.9,2,5.45,,FrontLeftPaw,0.5
,Core,right claw,Scratch,10.9,2,5.45,,FrontRightPaw,0.5
,Core,,Bite,12,2,6.0,,Teeth,0.9
,Core,head,Blunt,6,2,3.0,,HeadAttackTool,0.2
Wolf_Timber,Core,left claw,Scratch,10.9,2,5.45,,FrontLeftPaw,0.5
Wolf_Timber,Core,right claw,Scratch,10.9,2,5.45,,FrontRightPaw,0.5
Wolf_Timber,Core,,Bite,12,2,6.0,,Teeth,0.9
Wolf_Timber,Core,head,Blunt,6,2,3.0,,HeadAttackTool,0.2
Wolf_Arctic,Core,left claw,Scratch,10.9,2,5.45,,FrontLeftPaw,0.5
Wolf_Arctic,Core,right claw,Scratch,10.9,2,5.45,,FrontRightPaw,0.5
Wolf_Arctic,Core,,Bite,12,2,6.0,,Teeth,0.9
Wolf_Arctic,Core,head,Blunt,6,2,3.0,,HeadAttackTool,0.2
,Core,left claw,Scratch,8,2,4.0,,FrontLeftPaw,
,Core,right claw,Scratch,8,2,4.0,,FrontRightPaw,
,Core,,Bite,9,2,4.5,,Teeth,0.9
,Core,head,Blunt,4,2,2.0,,HeadAttackTool,0.2
Fox_Fennec,Core,left claw,Scratch,8,2,4.0,,FrontLeftPaw,
Fox_Fennec,Core,right claw,Scratch,8,2,4.0,,FrontRightPaw,
Fox_Fennec,Core,,Bite,9,2,4.5,,Teeth,0.9
Fox_Fennec,Core,head,Blunt,4,2,2.0,,HeadAttackTool,0.2
Fox_Red,Core,left claw,Scratch,8,2,4.0,,FrontLeftPaw,
Fox_Red,Core,right claw,Scratch,8,2,4.0,,FrontRightPaw,
Fox_Red,Core,,Bite,9,2,4.5,,Teeth,0.9
Fox_Red,Core,head,Blunt,4,2,2.0,,HeadAttackTool,0.2
Fox_Arctic,Core,left claw,Scratch,8,2,4.0,,FrontLeftPaw,
Fox_Arctic,Core,right claw,Scratch,8,2,4.0,,FrontRightPaw,
Fox_Arctic,Core,,Bite,9,2,4.5,,Teeth,0.9
Fox_Arctic,Core,head,Blunt,4,2,2.0,,HeadAttackTool,0.2
Human,Core,left fist,Blunt,8.2,2,4.1,,LeftHand,
Human,Core,right fist,Blunt,8.2,2,4.1,,RightHand,
Human,Core,teeth,Bite,8.2,2,4.1,,Teeth,0.07
Human,Core,head,Blunt,5,2,2.5,,HeadAttackTool,0.2
,Core,head,Blunt,17,2.6,6.54,,HeadAttackTool,
Mech_Lancer,Core,left fist,Blunt,12.0,2,6.0,,LeftHand,
Mech_Lancer,Core,right fist,Blunt,12.0,2,6.0,,RightHand,
Mech_Lancer,Core,head,Blunt,8.5,2,4.25,,HeadAttackTool,0.2
Mech_Scyther,Core,left blade,Cut;Stab,20,2,10.0,,LeftBlade,
Mech_Scyther,Core,right blade,Cut;Stab,20,2,10.0,,RightBlade,
Mech_Scyther,Core,head,Blunt,9,2,4.5,,HeadAttackTool,0.2
Mech_Pikeman,Core,front left leg,Blunt,12.0,2,6.0,,FrontLeftLeg,
Mech_Pikeman,Core,front right leg,Blunt,12.0,2,6.0,,FrontRightLeg,
Mech_Pikeman,Core,head,Blunt,8.5,2,4.25,,HeadAttackTool,0.2
Mech_Termite,Core,head,Blunt,17,2.6,6.54,,HeadAttackTool,
,Ideology,left claw,Scratch,8,2,4.0,,FrontLeftPaw,
,Ideology,right claw,Scratch,8,2,4.0,,FrontRightPaw,
,Ideology,,Bite,9,2,4.5,,Teeth,0.9
,Ideology,head,Blunt,4,2,2.0,,HeadAttackTool,0.2
Dryad_Basic,Ideology,left claw,Scratch,8,2,4.0,,FrontLeftPaw,
Dryad_Basic,Ideology,right claw,Scratch,8,2,4.0,,FrontRightPaw,
Dryad_Basic,Ideology,,Bite,9,2,4.5,,Teeth,0.9
Dryad_Basic,Ideology,head,Blunt,4,2,2.0,,HeadAttackTool,0.2
Dryad_Woodmaker,Ideology,left claw,Scratch,8,2,4.0,,FrontLeftPaw,
Dryad_Woodmaker,Ideology,right claw,Scratch,8,2,4.0,,FrontRightPaw,
Dryad_Woodmaker,Ideology,,Bite,9,2,4.5,,Teeth,0.9
Dryad_Woodmaker,Ideology,head,Blunt,4,2,2.0,,HeadAttackTool,0.2
Dryad_Berrymaker,Ideology,left claw,Scratch,8,2,4.0,,FrontLeftPaw,
Dryad_Berrymaker,Ideology,right claw,Scratch,8,2,4.0,,FrontRightPaw,
Dryad_Berrymaker,Ideology,,Bite,9,2,4.5,,Teeth,0.9
Dryad_Berrymaker,Ideology,head,Blunt,4,2,2.0,,HeadAttackTool,0.2
Dryad_Medicinemaker,Ideology,left claw,Scratch,8,2,4.0,,FrontLeftPaw,
Dryad_Medicinemaker,Ideology,right claw,Scratch,8,2,4.0,,FrontRightPaw,
Dryad_Medicinemaker,Ideology,,Bite,9,2,4.5,,Teeth,0.9
Dryad_Medicinemaker,Ideology,head,Blunt,4,2,2.0,,HeadAttackTool,0.2
Dryad_Gaumaker,Ideology,left claw,Scratch,8,2,4.0,,FrontLeftPaw,
Dryad_Gaumaker,Ideology,right claw,Scratch,8,2,4.0,,FrontRightPaw,
Dryad_Gaumaker,Ideology,,Bite,9,2,4.5,,Teeth,0.9
Dryad_Gaumaker,Ideology,head,Blunt,4,2,2.0,,HeadAttackTool,0.2
Dryad_Carrier,Ideology,left claw,Scratch,8,2,4.0,,FrontLeftPaw,
Dryad_Carrier,Ideology,right claw,Scratch,8,2,4.0,,FrontRightPaw,
Dryad_Carrier,Ideology,,Bite,9,2,4.5,,Teeth,0.9
Dryad_Carrier,Ideology,head,Blunt,4,2,2.0,,HeadAttackTool,0.2
Dryad_Clawer,Ideology,left claw,Scratch,18,1.5,12.0,0.8,FrontLeftPaw,
Dryad_Clawer,Ideology,right claw,Scratch,18,1.5,12.0,0.8,FrontRightPaw,
Dryad_Clawer,Ideology,,Bite,9,2,4.5,,Teeth,0.3
Dryad_Clawer,Ideology,head,Blunt,4,2,2.0,,HeadAttackTool,0.1
Dryad_Barkskin,Ideology,left claw,Scratch,8,2,4.0,,FrontLeftPaw,
Dryad_Barkskin,Ideology,right claw,Scratch,8,2,4.0,,FrontRightPaw,
Dryad_Barkskin,Ideology,,Bite,9,2,4.5,,Teeth,0.9
Dryad_Barkskin,Ideology,head,Blunt,4,2,2.0,,HeadAttackTool,0.2
WasteRat,Biotech,left claw,Scratch,3.6,1.5,2.4,,FrontLeftPaw,0.8
WasteRat,Biotech,right claw,Scratch,3.6,1.5,2.4,,FrontRightPaw,0.8
WasteRat,Biotech,,ToxicBite,6,2,3.0,,Teeth,
WasteRat,Biotech,head,Blunt,2,2,1.0,,HeadAttackTool,0.2
Toxalope,Biotech,head,Blunt,7,2,3.5,,HeadAttackTool,0.2
Toxalope,Biotech,left hoof,Blunt;Poke,9,2,4.5,,FrontLeftLeg,
Toxalope,Biotech,right hoof,Blunt;Poke,9,2,4.5,,FrontRightLeg,
Toxalope,Biotech,,Bite,10,2,5.0,,Teeth,0.5
Mech_Tunneler,Biotech,left power claw,Scratch,22,2.9,7.59,,LeftPowerClaw,
Mech_Tunneler,Biotech,right power claw,Scratch,22,2.9,7.59,,RightPowerClaw,
,Biotech,head,Blunt,6,2.6,2.31,,HeadAttackTool,
Mech_Militor,Biotech,head,Blunt,6,2.6,2.31,,HeadAttackTool,
Mech_Lifter,Biotech,head,Blunt,6,2.6,2.31,,HeadAttackTool,
Mech_Constructoid,Biotech,torso,Blunt,10,2.9,3.45,,Torso,
Mech_Fabricor,Biotech,head,Blunt,6,2.6,2.31,,HeadAttackTool,
Mech_Agrihand,Biotech,right blade,Cut;Stab,8,2,4.0,,RightBlade,
Mech_Cleansweeper,Biotech,head,Blunt,6,2.6,2.31,,HeadAttackTool,
Mech_WarUrchin,Biotech,head,Blunt,6,2.6,2.31,,HeadAttackTool,
Mech_Paramedic,Biotech,head,Blunt,6,2.6,2.31,,HeadAttackTool,
Mech_Legionary,Biotech,left fist,Blunt,12.0,2,6.0,,LeftHand,
Mech_Legionary,Biotech,right fist,Blunt,12.0,2,6.0,,RightHand,
Mech_Legionary,Biotech,head,Blunt,8.5,2,4.25,,HeadAttackTool,0.2
Mech_Tesseron,Biotech,left fist,Blunt,12.0,2,6.0,,LeftHand,
Mech_Tesseron,Biotech,right fist,Blunt,12.0,2,6.0,,RightHand,
Mech_Tesseron,Biotech,head,Blunt,8.5,2,4.25,,HeadAttackTool,0.2
Mech_Scorcher,Biotech,front left leg,Blunt,12.0,2,6.0,,FrontLeftLeg,
Mech_Scorcher,Biotech,front right leg,Blunt,12.0,2,6.0,,FrontRightLeg,
Mech_Scorcher,Biotech,head,Blunt,8.5,2,4.25,,HeadAttackTool,0.2
Mech_Apocriton,Biotech,head,Blunt,9,2.6,3.46,,HeadAttackTool,
Mech_Centurion,Biotech,head,Demolish,12,2,6.0,,HeadAttackTool,0.2
Mech_Warqueen,Biotech,head,Blunt,4,2,2.0,,HeadAttackTool,0.2
Mech_Diabolus,Biotech,head,Blunt,18,2.6,6.92,,HeadAttackTool,
Metalhorror,Anomaly,left blade,Cut;Stab,20,2,10.0,,LeftBlade,
Metalhorror,Anomaly,right blade,Cut;Stab,20,2,10.0,,RightBlade,
Metalhorror,Anomaly,head,Blunt,9,2,4.5,,HeadAttackTool,0.2
Revenant,Anomaly,head,Blunt,3,2,1.5,,HeadAttackTool,0.2
Sightstealer,Anomaly,left claw,Scratch,7.0,2,3.5,,LeftHand,
Sightstealer,Anomaly,right claw,Scratch,7.0,2,3.5,,RightHand,
Sightstealer,Anomaly,head,Blunt,3,2,1.5,,HeadAttackTool,0.1
CreepJoiner,Anomaly,left fist,Blunt,8.2,2,4.1,,LeftHand,
CreepJoiner,Anomaly,right fist,Blunt,8.2,2,4.1,,RightHand,
CreepJoiner,Anomaly,teeth,Bite,8.2,2,4.1,,Teeth,0.07
CreepJoiner,Anomaly,head,Blunt,5,2,2.5,,HeadAttackTool,0.2
Noctol,Anomaly,left claw,Scratch,12.3,1.25,9.84,,FrontLeftClaw,
Noctol,Anomaly,right claw,Scratch,12.3,1.25,9.84,,FrontRightClaw,
Noctol,Anomaly,,Bite,15,2,7.5,,Teeth,0.7
Noctol,Anomaly,head,Blunt,9,2,4.5,,HeadAttackTool,0.2
Gorehulk,Anomaly,left flesh club,Blunt,3,1.5,2.0,,LeftFleshClub,
Gorehulk,Anomaly,right flesh club,Blunt,3,1.5,2.0,,RightFleshClub,
Gorehulk,Anomaly,head,Blunt,3,2,1.5,,HeadAttackTool,0.1
Devourer,Anomaly,left fin,Blunt,8,2,4.0,,LeftFin,
Devourer,Anomaly,right fin,Blunt,8,2,4.0,,RightFin,
Devourer,Anomaly,teeth,Blunt,15,2.5,6.0,0.2,HeadAttackTool,
Chimera,Anomaly,left claw,Scratch,17,2,8.5,,FrontLeftPaw,
Chimera,Anomaly,right claw,Scratch,17,2,8.5,,FrontRightPaw,
Chimera,Anomaly,,Bite,23.6,2.6,9.08,,Teeth,0.5
Chimera,Anomaly,head,Blunt,11,2,5.5,,HeadAttackTool,0.2
Bulbfreak,Anomaly,tentacle,Blunt,7,2,3.5,,FirstTentacle,
Bulbfreak,Anomaly,tentacle,Blunt,7,2,3.5,,SecondTentacle,
Bulbfreak,Anomaly,tentacle,Blunt,7,2,3.5,,ThirdTentacle,
Bulbfreak,Anomaly,tentacle,Blunt,7,2,3.5,,FourthTentacle,
Bulbfreak,Anomaly,tentacle,Blunt,7,2,3.5,,FifthTentacle,
Bulbfreak,Anomaly,head,Blunt,3,2,1.5,,HeadAttackTool,0.2
Toughspike,Anomaly,left spike,Stab,7,2,3.5,,LeftSpike,
Toughspike,Anomaly,right spike,Stab,7,2,3.5,,RightSpike,
Toughspike,Anomaly,head,Blunt,3,2,1.5,,HeadAttackTool,0.2
Trispike,Anomaly,left spike,Stab,7,2,3.5,,LeftSpike,
Trispike,Anomaly,right spike,Stab,7,2,3.5,,RightSpike,
Trispike,Anomaly,top spike,Stab,7,2,3.5,,MiddleSpike,0.5
Trispike,Anomaly,head,Blunt,3,2,1.5,,HeadAttackTool,0.2
Fingerspike,Anomaly,spike,Stab,7,2,3.5,,MiddleSpike,0.5
Fingerspike,Anomaly,head,Blunt,3,2,1.5,,HeadAttackTool,0.2
Dreadmeld,Anomaly,left spike,Stab,14,2,7.0,,LeftSpike,
Dreadmeld,Anomaly,right spike,Stab,14,2,7.0,,RightSpike,
Dreadmeld,Anomaly,head,Blunt,3,2,1.5,,HeadAttackTool,0.2
BogHound,Odyssey,left claw,Scratch,10.5,2,5.25,,FrontLeftPaw,
BogHound,Odyssey,right claw,Scratch,10.5,2,5.25,,FrontRightPaw,
BogHound,Odyssey,,Bite,17,2.6,6.54,,Teeth,0.7
BogHound,Odyssey,head,Blunt,6,2,3.0,,HeadAttackTool,0.2
MonitorLizard,Odyssey,left claw,Scratch,8,2,4.0,,FrontLeftClaws,
MonitorLizard,Odyssey,right claw,Scratch,8,2,4.0,,FrontRightClaws,
MonitorLizard,Odyssey,,ToxicBite,12,2.6,4.62,,Teeth,0.7
MonitorLizard,Odyssey,head,Blunt,5,2,2.5,,HeadAttackTool,0.2
PrairieDog,Odyssey,left claw,Scratch,3.6,1.5,2.4,,FrontLeftPaw,
PrairieDog,Odyssey,right claw,Scratch,3.6,1.5,2.4,,FrontRightPaw,
PrairieDog,Odyssey,,Bite,6,2,3.0,,Teeth,0.7
PrairieDog,Odyssey,head,Blunt,2,2,1.0,,HeadAttackTool,0.2
Porcupine,Odyssey,left claw,PorcupineScratch,3.6,1.5,2.4,,FrontLeftPaw,
Porcupine,Odyssey,right claw,PorcupineScratch,3.6,1.5,2.4,,FrontRightPaw,
Porcupine,Odyssey,,PorcupineBite,6,2,3.0,,Teeth,0.7
Porcupine,Odyssey,head,Blunt,2,2,1.0,,HeadAttackTool,0.2
Mastodon,Odyssey,tusk,Scratch;Stab,27.5,2.6,10.58,,TuskAttackTool,
Mastodon,Odyssey,left foot,Blunt,18.6,2,9.3,,FrontLeftLeg,
Mastodon,Odyssey,right foot,Blunt,18.6,2,9.3,,FrontRightLeg,
Mastodon,Odyssey,head,Blunt,15.5,2,7.75,,HeadAttackTool,0.2
Cat_Scimitar,Odyssey,left claw,Scratch,11,1.5,7.33,,FrontLeftPaw,
Cat_Scimitar,Odyssey,right claw,Scratch,11,1.5,7.33,,FrontRightPaw,
Cat_Scimitar,Odyssey,,Bite,16,2,8.0,,Teeth,0.7
Cat_Scimitar,Odyssey,head,Blunt,9,2,4.5,,HeadAttackTool,0.2
Wolverine,Odyssey,left claw,Scratch,9,2,4.5,,FrontLeftPaw,
Wolverine,Odyssey,right claw,Scratch,9,2,4.5,,FrontRightPaw,
Wolverine,Odyssey,,Bite,10,2,5.0,,Teeth,0.7
Wolverine,Odyssey,head,Blunt,4,2,2.0,,HeadAttackTool,0.2
Wolf_Great,Odyssey,left claw,Scratch,10.9,2,5.45,,FrontLeftPaw,0.5
Wolf_Great,Odyssey,right claw,Scratch,10.9,2,5.45,,FrontRightPaw,0.5
Wolf_Great,Odyssey,,Bite,12,2,6.0,,Teeth,0.9
Wolf_Great,Odyssey,head,Blunt,6,2,3.0,,HeadAttackTool,0.2
Moose,Odyssey,left hoof,Blunt;Poke,12,2,6.0,,FrontLeftLeg,
Moose,Odyssey,right hoof,Blunt;Poke,12,2,6.0,,FrontRightLeg,
Moose,Odyssey,,Bite,12,2,6.0,,Teeth,0.5
Moose,Odyssey,head,Blunt,15.5,2.6,5.96,,HeadAttackTool,
AlphaThrumbo,Odyssey,horn,Scratch;Stab,34,2,17.0,,HornAttackTool,
AlphaThrumbo,Odyssey,,Bite,42,2.6,16.15,,Teeth,0.7
AlphaThrumbo,Odyssey,left foot,Blunt,28,2.6,10.77,,FrontLeftLeg,
AlphaThrumbo,Odyssey,right foot,Blunt,28,2.6,10.77,,FrontRightLeg,
AlphaThrumbo,Odyssey,head,Blunt,26,2,13.0,,HeadAttackTool,0.2
Muskox,Odyssey,left hoof,Blunt;Poke,10,2,5.0,,FrontLeftLeg,
Muskox,Odyssey,right hoof,Blunt;Poke,10,2,5.0,,FrontRightLeg,
Muskox,Odyssey,,Bite,10,2,5.0,,Teeth,0.5
Muskox,Odyssey,head,Blunt,14,2.6,5.38,,HeadAttackTool,
Tiger,Odyssey,left claw,Scratch,11,1.5,7.33,,FrontLeftPaw,
Tiger,Odyssey,right claw,Scratch,11,1.5,7.33,,FrontRightPaw,
Tiger,Odyssey,,Bite,16,2,8.0,,Teeth,0.7
Tiger,Odyssey,head,Blunt,9,2,4.5,,HeadAttackTool,0.2
Mink,Odyssey,left claw,Scratch,3,2,1.5,,FrontLeftPaw,
Mink,Odyssey,right claw,Scratch,3,2,1.5,,FrontRightPaw,
Mink,Odyssey,,Bite,6,2,3.0,,Teeth,0.7
Mink,Odyssey,head,Blunt,2,2,1.0,,HeadAttackTool,0.2
Gorilla,Odyssey,left fist,Blunt,14,1.5,9.33,,LeftHand,
Gorilla,Odyssey,right fist,Blunt,14,1.5,9.33,,RightHand,
Gorilla,Odyssey,,Bite,10,2,5.0,,Teeth,0.7
Gorilla,Odyssey,head,Blunt,6,2,3.0,,HeadAttackTool,0.2
Badger,Odyssey,left claw,Scratch,4,1.5,2.67,,FrontLeftPaw,
Badger,Odyssey,right claw,Scratch,4,1.5,2.67,,FrontRightPaw,
Badger,Odyssey,,Bite,7,2,3.5,,Teeth,0.7
Badger,Odyssey,head,Blunt,3,2,1.5,,HeadAttackTool,0.2
Panda,Odyssey,left claw,Scratch,10,2,5.0,,FrontLeftPaw,
Panda,Odyssey,right claw,Scratch,10,2,5.0,,FrontRightPaw,
Panda,Odyssey,,Bite,12,2.6,4.62,,Teeth,0.5
Panda,Odyssey,head,Blunt,6,2,3.0,,HeadAttackTool,0.2
Hippo,Odyssey,,Bite,24,2.6,9.23,,Teeth,0.7
Hippo,Odyssey,head,Blunt,15,2,7.5,,HeadAttackTool,0.2
Megavole,Odyssey,left claw,Scratch,8,2,4.0,,FrontLeftPaw,
Megavole,Odyssey,right claw,Scratch,8,2,4.0,,FrontRightPaw,
Megavole,Odyssey,,Bite,14,2.6,5.38,,Teeth,0.7
Megavole,Odyssey,head,Blunt,5,2,2.5,,HeadAttackTool,0.2
Armadillo,Odyssey,left claw,Scratch,4,1.5,2.67,,FrontLeftPaw,
Armadillo,Odyssey,right claw,Scratch,4,1.5,2.67,,FrontRightPaw,
Armadillo,Odyssey,,Bite,7,2,3.5,,Teeth,0.7
Armadillo,Odyssey,head,Blunt,3,2,1.5,,HeadAttackTool,0.2
Alligator,Odyssey,left claw,Scratch,12,2,6.0,,FrontLeftClaws,
Alligator,Odyssey,right claw,Scratch,12,2,6.0,,FrontRightClaws,
Alligator,Odyssey,,Bite,22,2.6,8.46,,Teeth,0.7
Alligator,Odyssey,head,Blunt,8,2,4.0,,HeadAttackTool,0.2
Bullfrog,Odyssey,,Bite,5,2,2.5,,Teeth,0.7
Bullfrog,Odyssey,head,Blunt,2,2,1.0,,HeadAttackTool,0.2
ColossusToad,Odyssey,,Bite,10,2,5.0,,Teeth,0.7
ColossusToad,Odyssey,head,Blunt,7,2,3.5,,HeadAttackTool,0.2
LavaSnail,Odyssey,,Bite,9,4,2.25,,Mouth,0.7
LavaSnail,Odyssey,head,Blunt,6,4,1.5,,HeadAttackTool,0.2
,Odyssey,claws,Scratch,1.5,1.5,1.0,,Feet,
,Odyssey,beak,Bite,2.8,2,1.4,,Beak,
,Odyssey,head,Blunt,1,1.5,0.67,,HeadAttackTool,0.2
Sparrow,Odyssey,claws,Scratch,1.5,1.5,1.0,,Feet,
Sparrow,Odyssey,beak,Bite,2.8,2,1.4,,Beak,
Sparrow,Odyssey,head,Blunt,1,1.5,0.67,,HeadAttackTool,0.2
Crow,Odyssey,claws,Scratch,1.5,1.5,1.0,,Feet,
Crow,Odyssey,beak,Bite,2.8,2,1.4,,Beak,
Crow,Odyssey,head,Blunt,1,1.5,0.67,,HeadAttackTool,0.2
Bluebird,Odyssey,claws,Scratch,1.5,1.5,1.0,,Feet,
Bluebird,Odyssey,beak,Bite,2.8,2,1.4,,Beak,
Bluebird,Odyssey,head,Blunt,1,1.5,0.67,,HeadAttackTool,0.2
Quail,Odyssey,claws,Scratch,1.5,1.5,1.0,,Feet,
Quail,Odyssey,beak,Bite,2.8,2,1.4,,Beak,
Quail,Odyssey,head,Blunt,1,1.5,0.67,,HeadAttackTool,0.2
Macaw,Odyssey,claws,Scratch,1.5,1.5,1.0,,Feet,
Macaw,Odyssey,beak,Bite,2.8,2,1.4,,Beak,
Macaw,Odyssey,head,Blunt,1,1.5,0.67,,HeadAttackTool,0.2
,Odyssey,claws,Scratch,5,1.5,3.33,,Feet,
,Odyssey,beak,Bite,6,2,3.0,,Beak,
,Odyssey,head,Blunt,4,2,2.0,,HeadAttackTool,0.2
Flamingo,Odyssey,claws,Scratch,5,1.5,3.33,,Feet,
Flamingo,Odyssey,beak,Bite,6,2,3.0,,Beak,
Flamingo,Odyssey,head,Blunt,4,2,2.0,,HeadAttackTool,0.2
Heron,Odyssey,claws,Scratch,5,1.5,3.33,,Feet,
Heron,Odyssey,beak,Bite,6,2,3.0,,Beak,
Heron,Odyssey,head,Blunt,4,2,2.0,,HeadAttackTool,0.2
Swan,Odyssey,claws,Scratch,5,1.5,3.33,,Feet,
Swan,Odyssey,beak,Bite,6,2,3.0,,Beak,
Swan,Odyssey,head,Blunt,4,2,2.0,,HeadAttackTool,0.2
,Odyssey,claws,Scratch,5,1.5,3.33,,Feet,
,Odyssey,beak,Bite,6,2,3.0,,Beak,
,Odyssey,head,Blunt,4,2,2.0,,HeadAttackTool,0.2
Peacock,Odyssey,claws,Scratch,5,1.5,3.33,,Feet,
Peacock,Odyssey,beak,Bite,6,2,3.0,,Beak,
Peacock,Odyssey,head,Blunt,4,2,2.0,,HeadAttackTool,0.2
Vulture,Odyssey,claws,Scratch,5,1.5,3.33,,Feet,
Vulture,Odyssey,beak,Bite,6,2,3.0,,Beak,
Vulture,Odyssey,head,Blunt,4,2,2.0,,HeadAttackTool,0.2
Penguin,Odyssey,claws,Scratch,4,1.5,2.67,,Feet,
Penguin,Odyssey,beak,Bite,5,2,2.5,,Beak,
Penguin,Odyssey,head,Blunt,4,2,2.0,,HeadAttackTool,0.2
Walrus,Odyssey,tusk,Scratch;Stab,10.7,2.6,4.12,,TuskAttackTool,
Walrus,Odyssey,,Bite,8.5,2,4.25,,Teeth,0.6
Walrus,Odyssey,head,Blunt,5,2,2.5,,HeadAttackTool,0.2
SeaLion,Odyssey,,Bite,8.5,2,4.25,,Teeth,0.6
SeaLion,Odyssey,head,Blunt,5,2,2.5,,HeadAttackTool,0.2
Seal,Odyssey,,Bite,7,2,3.5,,Teeth,0.6
Seal,Odyssey,head,Blunt,5,2,2.5,,HeadAttackTool,0.2
HermitCrab,Odyssey,right claw,Scratch,4,1.25,3.2,,FrontRightClaws,
HermitCrab,Odyssey,left claw,Scratch,4,1.25,3.2,,FrontLeftClaws,
HermitCrab,Odyssey,head,Blunt,2,2,1.0,,HeadAttackTool,0.2
StoneCrab,Odyssey,right claw,Scratch,9,2,4.5,,FrontRightClaws,
StoneCrab,Odyssey,left claw,Scratch,9,2,4.5,,FrontLeftClaws,
StoneCrab,Odyssey,head,Blunt,4,2,2.0,,HeadAttackTool,0.2
SeaTurtle,Odyssey,beak,Bite,10,2.6,3.85,,TurtleBeakAttackTool,
SeaTurtle,Odyssey,head,Blunt,3,2.6,1.15,,HeadAttackTool,0.2
Otter,Odyssey,left claw,Scratch,3.6,1.5,2.4,,FrontLeftPaw,
Otter,Odyssey,right claw,Scratch,3.6,1.5,2.4,,FrontRightPaw,
Otter,Odyssey,,Bite,6,2,3.0,,Teeth,0.7
Otter,Odyssey,head,Blunt,2,2,1.0,,HeadAttackTool,0.2
Larva,Odyssey,mandibles,Bite,5,2,2.5,,Mouth,
Larva,Odyssey,head,Blunt,4,2,2.0,,HeadAttackTool,0.1
HiveQueen,Odyssey,head claw,Cut,30,2.6,11.54,,HeadClaw,
HiveQueen,Odyssey,head,Blunt,14,2,7.0,,HeadAttackTool,0.2
Locust,Odyssey,mandibles,Bite,6,2,3.0,,Mouth,
Locust,Odyssey,head,Blunt,4,2,2.0,,HeadAttackTool,0.1
,Odyssey,shell spike,Stab,6,2.6,2.31,,SpikedShellAttackTool,
Drone_Hunter,Odyssey,shell spike,Stab,6,2.6,2.31,,SpikedShellAttackTool,
Drone_Wasp,Odyssey,stinger,Stab,6,2.4,2.5,,SpikedShellAttackTool,
Drone_Sentry,Odyssey,shell spike,Stab,6,2.6,2.31,,SpikedShellAttackTool,
Mech_Cyclops,Odyssey,front left leg,Blunt,12.0,2,6.0,,FrontLeftLeg,
Mech_Cyclops,Odyssey,front right leg,Blunt,12.0,2,6.0,,FrontRightLeg,
Mech_Cyclops,Odyssey,head,Blunt,8.5,2,4.25,,HeadAttackTool,0.2
BS_Centaur,Big and Small - Framework,left fist,Blunt,8.2,2,4.1,,LeftHand,
BS_Centaur,Big and Small - Framework,right fist,Blunt,8.2,2,4.1,,RightHand,
BS_Centaur,Big and Small - Framework,teeth,Bite,8.2,2,4.1,,Teeth,0.07
BS_Centaur,Big and Small - Framework,head,Blunt,5,2,2.5,,HeadAttackTool,0.2
,Big and Small - Framework,left fist,Blunt,8.2,2,4.1,,LeftHand,
,Big and Small - Framework,right fist,Blunt,8.2,2,4.1,,RightHand,
,Big and Small - Framework,teeth,Bite,8.2,2,4.1,,Teeth,0.07
,Big and Small - Framework,head,Blunt,5,2,2.5,,HeadAttackTool,0.2
BS_HumanFouramed,Big and Small - Framework,left fist,Blunt,8.2,2,4.1,,LeftHand,
BS_HumanFouramed,Big and Small - Framework,right fist,Blunt,8.2,2,4.1,,RightHand,
BS_HumanFouramed,Big and Small - Framework,teeth,Bite,8.2,2,4.1,,Teeth,0.07
BS_HumanFouramed,Big and Small - Framework,head,Blunt,5,2,2.5,,HeadAttackTool,0.2
BS_Naga,Big and Small - Framework,left fist,Blunt,8.2,2,4.1,,LeftHand,
BS_Naga,Big and Small - Framework,right fist,Blunt,8.2,2,4.1,,RightHand,
BS_Naga,Big and Small - Framework,teeth,Bite,8.2,2,4.1,,Teeth,0.07
BS_Naga,Big and Small - Framework,head,Blunt,5,2,2.5,,HeadAttackTool,0.2
BS_Marlith,Big and Small - Framework,left fist,Blunt,8.2,2,4.1,,LeftHand,
BS_Marlith,Big and Small - Framework,right fist,Blunt,8.2,2,4.1,,RightHand,
BS_Marlith,Big and Small - Framework,teeth,Bite,8.2,2,4.1,,Teeth,0.07
BS_Marlith,Big and Small - Framework,head,Blunt,5,2,2.5,,HeadAttackTool,0.2
,Big and Small - Framework,left fist,Blunt,8.2,2,4.1,,LeftHand,
,Big and Small - Framework,right fist,Blunt,8.2,2,4.1,,RightHand,
,Big and Small - Framework,teeth,Bite,8.2,2,4.1,,Teeth,0.07
,Big and Small - Framework,head,Blunt,5,2,2.5,,HeadAttackTool,0.2
BS_SixArmedHuman,Big and Small - Framework,left fist,Blunt,8.2,2,4.1,,LeftHand,
BS_SixArmedHuman,Big and Small - Framework,right fist,Blunt,8.2,2,4.1,,RightHand,
BS_SixArmedHuman,Big and Small - Framework,teeth,Bite,8.2,2,4.1,,Teeth,0.07
BS_SixArmedHuman,Big and Small - Framework,head,Blunt,5,2,2.5,,HeadAttackTool,0.2
BS_SpiderPersonRace,Big and Small - Framework,left fist,Blunt,8.2,2,4.1,,LeftHand,
BS_SpiderPersonRace,Big and Small - Framework,right fist,Blunt,8.2,2,4.1,,RightHand,
BS_SpiderPersonRace,Big and Small - Framework,teeth,Bite,8.2,2,4.1,,Teeth,0.07
BS_SpiderPersonRace,Big and Small - Framework,head,Blunt,5,2,2.5,,HeadAttackTool,0.2
BS_HumanoidWithTail,Big and Small - Framework,left fist,Blunt,8.2,2,4.1,,LeftHand,
BS_HumanoidWithTail,Big and Small - Framework,right fist,Blunt,8.2,2,4.1,,RightHand,
BS_HumanoidWithTail,Big and Small - Framework,teeth,Bite,8.2,2,4.1,,Teeth,0.07
BS_HumanoidWithTail,Big and Small - Framework,head,Blunt,5,2,2.5,,HeadAttackTool,0.2
BS_HumanoidWithWings,Big and Small - Framework,left fist,Blunt,8.2,2,4.1,,LeftHand,
BS_HumanoidWithWings,Big and Small - Framework,right fist,Blunt,8.2,2,4.1,,RightHand,
BS_HumanoidWithWings,Big and Small - Framework,teeth,Bite,8.2,2,4.1,,Teeth,0.07
BS_HumanoidWithWings,Big and Small - Framework,head,Blunt,5,2,2.5,,HeadAttackTool,0.2
BS_JustAHead,Big and Small - Framework,teeth,Bite,8.2,2,4.1,,Teeth,0.07
BS_JustAHead,Big and Small - Framework,head,Blunt,5,2,2.5,,HeadAttackTool,0.2
FancyRat,AA FancyRats,left claw,Scratch,3.6,1.5,2.4,,FrontLeftPaw,
FancyRat,AA FancyRats,right claw,Scratch,3.6,1.5,2.4,,FrontRightPaw,
FancyRat,AA FancyRats,,Bite,6,2,3.0,,Teeth,0.7
FancyRat,AA FancyRats,head,Blunt,2,2,1.0,,HeadAttackTool,0.2
PoisonDeer,Advanced Biomes (Continued),left hoof,Blunt;Poke,7,1.65,4.24,,FrontLeftLeg,
PoisonDeer,Advanced Biomes (Continued),right hoof,Blunt;Poke,7,1.65,4.24,,FrontRightLeg,
PoisonDeer,Advanced Biomes (Continued),teeth,Bite,8,2,4.0,,Teeth,0.5
PoisonDeer,Advanced Biomes (Continued),head,Blunt,3,1.65,1.82,,HeadAttackTool,0.2
PoisonRat,Advanced Biomes (Continued),left claw,Scratch,4,1.65,2.42,,FrontLeftPaw,
PoisonRat,Advanced Biomes (Continued),right claw,Scratch,4,1.65,2.42,,FrontRightPaw,
PoisonRat,Advanced Biomes (Continued),,Bite,5,1.65,3.03,,Teeth,0.7
PoisonRat,Advanced Biomes (Continued),head,Blunt,1,1.65,0.61,,HeadAttackTool,0.2
MutantCow,Advanced Biomes (Continued),,Bite,8.8,1.65,5.33,,Teeth,0.7
MutantCow,Advanced Biomes (Continued),head,Blunt,5,1.65,3.03,,HeadAttackTool,0.2
MutantCow,Advanced Biomes (Continued),left hoof,Blunt;Poke,5,1.65,3.03,,FrontLeftLeg,
MutantCow,Advanced Biomes (Continued),right hoof,Blunt;Poke,5,1.65,3.03,,FrontRightLeg,
PoisonButterfly,Advanced Biomes (Continued),,Bite,7,2.5,2.8,,Mouth,
PoisonButterfly,Advanced Biomes (Continued),head,Blunt,4,1.65,2.42,,HeadAttackTool,
AM_Aura,Alpha Mechs,wing blade,Cut;Stab,23,2,11.5,,AM_WingBlades,
AM_Aura,Alpha Mechs,head,Blunt,9,2,4.5,,HeadAttackTool,0.2
AM_Daggersnout,Alpha Mechs,snout blade,Cut;Stab,6,1,6.0,,AM_NoseBlade,
AM_Daggersnout,Alpha Mechs,head,Blunt,3,2,1.5,,HeadAttackTool,0.2
AM_Demolisher,Alpha Mechs,mechanoid claws,Cut;AM_SiegeBlunt,20,2.6,7.69,,AM_MechaClaws,
AM_Fireworm,Alpha Mechs,head,Blunt,10,2.6,3.85,,HeadAttackTool,
AM_Goliath,Alpha Mechs,head,Blunt,17,2.6,6.54,,HeadAttackTool,
AM_Phalanx,Alpha Mechs,head,Blunt,18,2.6,6.92,,HeadAttackTool,
AM_Siegebreaker,Alpha Mechs,head,Blunt,17,2.6,6.54,,HeadAttackTool,
AM_Apoptosis,Alpha Mechs,wing blade,Cut;Stab,23,2,11.5,,AM_WingBlades,
AM_Apoptosis,Alpha Mechs,head,Blunt,9,2.6,3.46,,HeadAttackTool,
AM_Mech_Bellicor,Alpha Mechs,head,Blunt,8,2.6,3.08,,HeadAttackTool,
AM_Mech_Artilleron,Alpha Mechs,head,Blunt,8,2.6,3.08,,HeadAttackTool,
AM_Blitzkrieg,Alpha Mechs,head,Blunt,1,2.5,0.4,,HeadAttackTool,
AM_Mech_Guttersnipe,Alpha Mechs,head,Cut;Stab,12,1.3,9.23,,AM_CircularSaw,
AM_Infernus,Alpha Mechs,head,Blunt,18,2.6,6.92,,HeadAttackTool,
AM_Mech_Legate,Alpha Mechs,head,Demolish,12,2,6.0,,HeadAttackTool,0.2
AM_Mech_Lux,Alpha Mechs,left fist,Blunt,12.0,2,6.0,,LeftHand,
AM_Mech_Lux,Alpha Mechs,right fist,Blunt,12.0,2,6.0,,RightHand,
AM_Mech_Lux,Alpha Mechs,head,Blunt,8.5,2,4.25,,HeadAttackTool,0.2
AM_Mech_MasterChef,Alpha Mechs,head,Blunt,6,2.6,2.31,,HeadAttackTool,
AM_Mech_Munifex,Alpha Mechs,left fist,Blunt,12.0,2,6.0,,LeftHand,
AM_Mech_Munifex,Alpha Mechs,right fist,Blunt,12.0,2,6.0,,RightHand,
AM_Mech_Munifex,Alpha Mechs,head,Blunt,8.5,2,4.25,,HeadAttackTool,0.2
AM_Mech_Optio,Alpha Mechs,left fist,Blunt,12.0,2,6.0,,LeftHand,
AM_Mech_Optio,Alpha Mechs,right fist,Blunt,12.0,2,6.0,,RightHand,
AM_Mech_Optio,Alpha Mechs,head,Blunt,8.5,2,4.25,,HeadAttackTool,0.2
AM_Mech_Polychoron,Alpha Mechs,left fist,Blunt,12.0,2,6.0,,LeftHand,
AM_Mech_Polychoron,Alpha Mechs,right fist,Blunt,12.0,2,6.0,,RightHand,
AM_Mech_Polychoron,Alpha Mechs,head,Blunt,8.5,2,4.25,,HeadAttackTool,0.2
AM_Mech_PristineAssembler,Alpha Mechs,head,Blunt,8,2.6,3.08,,HeadAttackTool,
AM_Mech_PristineSlurrypede,Alpha Mechs,head,Blunt,8,2.6,3.08,,HeadAttackTool,
AM_PristineStrider,Alpha Mechs,head,Blunt,1,50,0.02,,HeadAttackTool,
AM_Mech_Sagittarius,Alpha Mechs,left fist,Blunt,12.0,2,6.0,,LeftHand,
AM_Mech_Sagittarius,Alpha Mechs,right fist,Blunt,12.0,2,6.0,,RightHand,
AM_Mech_Sagittarius,Alpha Mechs,head,Blunt,8.5,2,4.25,,HeadAttackTool,0.2
AM_Siegemelter,Alpha Mechs,head,Blunt,17,2.6,6.54,,HeadAttackTool,
AM_Starfire,Alpha Mechs,head,Blunt,17,2.6,6.54,,HeadAttackTool,
AM_Mech_TurboCleaner,Alpha Mechs,head,Blunt,2,2.6,0.77,,HeadAttackTool,
AM_WarEmpress,Alpha Mechs,left rending claws,Scratch,28,1.5,18.67,,LeftPowerClaw,
AM_WarEmpress,Alpha Mechs,right rending claws,Scratch,28,1.5,18.67,,RightPowerClaw,
AM_WarEmpress,Alpha Mechs,head,Blunt,15,2,7.5,,HeadAttackTool,0.2
AM_Dryad_Ocular,Alpha Memes,left claw,Scratch,8,2,4.0,,FrontLeftPaw,
AM_Dryad_Ocular,Alpha Memes,right claw,Scratch,8,2,4.0,,FrontRightPaw,
AM_Dryad_Ocular,Alpha Memes,,Bite,9,2,4.5,,Teeth,0.9
AM_Dryad_Ocular,Alpha Memes,head,Blunt,4,2,2.0,,HeadAttackTool,0.2
AM_Dryad_Spitter,Alpha Memes,left claw,Scratch,8,2,4.0,,FrontLeftPaw,
AM_Dryad_Spitter,Alpha Memes,right claw,Scratch,8,2,4.0,,FrontRightPaw,
AM_Dryad_Spitter,Alpha Memes,,Bite,9,2,4.5,,Teeth,0.9
AM_Dryad_Spitter,Alpha Memes,head,Blunt,4,2,2.0,,HeadAttackTool,0.2
AM_Dryad_Corruptor,Alpha Memes,left claw,Scratch,8,2,4.0,,FrontLeftPaw,
AM_Dryad_Corruptor,Alpha Memes,right claw,Scratch,8,2,4.0,,FrontRightPaw,
AM_Dryad_Corruptor,Alpha Memes,,Bite,9,2,4.5,,Teeth,0.9
AM_Dryad_Corruptor,Alpha Memes,head,Blunt,4,2,2.0,,HeadAttackTool,0.2
AM_Dryad_Unstable,Alpha Memes,left claw,Scratch,8,2,4.0,,FrontLeftPaw,
AM_Dryad_Unstable,Alpha Memes,right claw,Scratch,8,2,4.0,,FrontRightPaw,
AM_Dryad_Unstable,Alpha Memes,,Bite,9,2,4.5,,Teeth,0.9
AM_Dryad_Unstable,Alpha Memes,head,Blunt,4,2,2.0,,HeadAttackTool,0.2
AM_Dryad_Tumorous,Alpha Memes,left claw,Scratch,8,2,4.0,,FrontLeftPaw,
AM_Dryad_Tumorous,Alpha Memes,right claw,Scratch,8,2,4.0,,FrontRightPaw,
AM_Dryad_Tumorous,Alpha Memes,,Bite,9,2,4.5,,Teeth,0.9
AM_Dryad_Tumorous,Alpha Memes,head,Blunt,4,2,2.0,,HeadAttackTool,0.2
AA_Eyeling,Alpha Memes,eye,AM_ToxicSting,8,2,4.0,,HeadAttackTool,0.2
AM_UnshackledDryad,Alpha Memes,left claw,Scratch,8,2,4.0,,FrontLeftPaw,
AM_UnshackledDryad,Alpha Memes,right claw,Scratch,8,2,4.0,,FrontRightPaw,
AM_UnshackledDryad,Alpha Memes,,Bite,9,2,4.5,,Teeth,0.9
AM_UnshackledDryad,Alpha Memes,head,Blunt,4,2,2.0,,HeadAttackTool,0.2
AlligatorMan,Beasts of the Rim (Continued),left fist,Blunt,8.2,2,4.1,,LeftHand,
AlligatorMan,Beasts of the Rim (Continued),right fist,Blunt,8.2,2,4.1,,RightHand,
AlligatorMan,Beasts of the Rim (Continued),teeth,Bite,18.2,2,9.1,,Teeth,0.07
AlligatorMan,Beasts of the Rim (Continued),head,Blunt,5,2,2.5,,HeadAttackTool,0.2
Armadillo,Beasts of the Rim (Continued),left claw,Scratch,8,2,4.0,,FrontLeftPaw,
Armadillo,Beasts of the Rim (Continued),right claw,Scratch,8,2,4.0,,FrontRightPaw,
Armadillo,Beasts of the Rim (Continued),,Bite,10,2.6,3.85,,Teeth,0.7
Armadillo,Beasts of the Rim (Continued),head,Blunt,5,2,2.5,,HeadAttackTool,0.2
Bardelot,Beasts of the Rim (Continued),left claw,Scratch,4,2,2.0,,FrontLeftPaw,
Bardelot,Beasts of the Rim (Continued),right claw,Scratch,4,2,2.0,,FrontRightPaw,
Bardelot,Beasts of the Rim (Continued),,Bite,6,2.6,2.31,,Teeth,0.7
Bardelot,Beasts of the Rim (Continued),head,Blunt,3,2,1.5,,HeadAttackTool,0.2
BlackBear,Beasts of the Rim (Continued),left claw,Scratch,17,2,8.5,,FrontLeftPaw,
BlackBear,Beasts of the Rim (Continued),right claw,Scratch,17,2,8.5,,FrontRightPaw,
BlackBear,Beasts of the Rim (Continued),,Bite,23.6,2.6,9.08,,Teeth,0.5
BlackBear,Beasts of the Rim (Continued),head,Blunt,11,2,5.5,,HeadAttackTool,0.2
BlackBearMan,Beasts of the Rim (Continued),left fist,Blunt,8.2,2,4.1,,LeftHand,
BlackBearMan,Beasts of the Rim (Continued),right fist,Blunt,8.2,2,4.1,,RightHand,
BlackBearMan,Beasts of the Rim (Continued),,Bite,23.6,2.6,9.08,,Teeth,0.5
BlackBearMan,Beasts of the Rim (Continued),head,Blunt,11,2,5.5,,HeadAttackTool,0.2
Giantala,Beasts of the Rim (Continued),left claw,Scratch,22,2,11.0,,LeftHand,
Giantala,Beasts of the Rim (Continued),right claw,Scratch,22,2,11.0,,RightHand,
Giantala,Beasts of the Rim (Continued),head,Blunt,3,2,1.5,,HeadAttackTool,0.2
Worm,Beasts of the Rim (Continued),,ToxicBite,10,1.65,6.06,,Mouth,
Gigantelope,Beasts of the Rim (Continued),head,Blunt,10,1.65,6.06,,HeadAttackTool,0.2
Jerbal,Beasts of the Rim (Continued),left leg,Blunt,11,1.85,5.95,,FrontLeftLeg,
Jerbal,Beasts of the Rim (Continued),right leg,Blunt,11,1.85,5.95,,FrontRightLeg,
Mandrill,Beasts of the Rim (Continued),left fist,Blunt,10,1.3,7.69,,LeftHand,
Mandrill,Beasts of the Rim (Continued),right fist,Blunt,10,1.3,7.69,,RightHand,
Mandrill,Beasts of the Rim (Continued),,Bite,4,2,2.0,,Teeth,0.7
Mandrill,Beasts of the Rim (Continued),head,Blunt,2,2,1.0,,HeadAttackTool,0.2
MandrillMan,Beasts of the Rim (Continued),left fist,Blunt,8.2,2,4.1,,LeftHand,
MandrillMan,Beasts of the Rim (Continued),right fist,Blunt,8.2,2,4.1,,RightHand,
MandrillMan,Beasts of the Rim (Continued),,Bite,4,2,2.0,,Teeth,0.7
MandrillMan,Beasts of the Rim (Continued),head,Blunt,2,2,1.0,,HeadAttackTool,0.2
Megasquid,Beasts of the Rim (Continued),tentacle,Blunt,23,2.4,9.58,,FrontLeftPaw,
Neanderthal,Beasts of the Rim (Continued),left fist,Blunt,10,2,5.0,,LeftHand,
Neanderthal,Beasts of the Rim (Continued),right fist,Blunt,10,2,5.0,,RightHand,
Neanderthal,Beasts of the Rim (Continued),teeth,Bite,8.2,2,4.1,,Teeth,0.07
Neanderthal,Beasts of the Rim (Continued),head,Blunt,6,2,3.0,,HeadAttackTool,0.2
Penguin,Beasts of the Rim (Continued),claws,Scratch,5,1.5,3.33,,Feet,
Penguin,Beasts of the Rim (Continued),beak,Bite,6,2,3.0,,Beak,
Penguin,Beasts of the Rim (Continued),head,Blunt,4,2,2.0,,HeadAttackTool,0.2
Rabbuck,Beasts of the Rim (Continued),left hoof,Blunt;Poke,8,2,4.0,,FrontLeftLeg,
Rabbuck,Beasts of the Rim (Continued),right hoof,Blunt;Poke,8,2,4.0,,FrontRightLeg,
Rabbuck,Beasts of the Rim (Continued),,Bite,10,2,5.0,,Teeth,0.5
Rabbuck,Beasts of the Rim (Continued),head,Blunt,13,2.6,5.0,,HeadAttackTool,
Toraton,Beasts of the Rim (Continued),beak,Bite,16,2.4,6.67,,TurtleBeakAttackTool,0.2
Yippa,Beasts of the Rim (Continued),left hoof,Blunt;Poke,7.3,2,3.65,,FrontLeftLeg,
Yippa,Beasts of the Rim (Continued),right hoof,Blunt;Poke,7.3,2,3.65,,FrontRightLeg,
Yippa,Beasts of the Rim (Continued),,Bite,8,2,4.0,,Teeth,0.7
Yippa,Beasts of the Rim (Continued),head,Blunt,7,2,3.5,,HeadAttackTool,0.2
Zarander,Beasts of the Rim (Continued),,Bite,7,1.65,4.24,,Teeth,
Zebra,Beasts of the Rim (Continued),head,Blunt,10,2.9,3.45,,HeadAttackTool,
Zebra,Beasts of the Rim (Continued),left hoof,Blunt;Poke,7,2,3.5,,FrontLeftLeg,
Zebra,Beasts of the Rim (Continued),right hoof,Blunt;Poke,7,2,3.5,,FrontRightLeg,
Zebra,Beasts of the Rim (Continued),,Bite,5,2,2.5,,Teeth,0.5
BI_Queen,Better Infestations (Continued),head claw,Cut,20,2.6,7.69,,HeadClaw,
BI_Queen,Better Infestations (Continued),head,Blunt,18,2,9.0,,HeadAttackTool,0.2
BI_Queen,Better Infestations (Continued),mandibles,Bite,16,1.8,8.89,,Mouth,
CAMech_Scyther,Caravan Adventures,left blade,Cut;Stab,20,2,10.0,,LeftBlade,
CAMech_Scyther,Caravan Adventures,right blade,Cut;Stab,20,2,10.0,,RightBlade,
CAMech_Scyther,Caravan Adventures,head,Blunt,9,2,4.5,,HeadAttackTool,0.2
CADevourer,Caravan Adventures,head,Blunt,17,2.6,6.54,,HeadAttackTool,
CACrystalScythe,Caravan Adventures,left blade,Cut;Stab,20,1,20.0,,LeftBlade,
CACrystalScythe,Caravan Adventures,right blade,Cut;Stab,20,1,20.0,,RightBlade,
CACrystalScythe,Caravan Adventures,head,Blunt,15,2,7.5,,HeadAttackTool,0.2
CAHarbinger,Caravan Adventures,left blade,Cut;Stab,22,1,22.0,,LeftBlade,
CAHarbinger,Caravan Adventures,right blade,Cut;Stab,22,1,22.0,,RightBlade,
CAHarbinger,Caravan Adventures,head,Blunt,18,2,9.0,,HeadAttackTool,0.2
CAHavoc,Caravan Adventures,left blade,Cut;Stab,22,1,22.0,,LeftBlade,
CAHavoc,Caravan Adventures,right blade,Cut;Stab,22,1,22.0,,RightBlade,
CAHavoc,Caravan Adventures,head,Blunt,18,2,9.0,,HeadAttackTool,0.2
CAEndBossMech,Caravan Adventures,head,Blunt,17,2.6,6.54,,HeadAttackTool,
JOE_Landopus,Cephaloids,,ToxicBite,32,.5,64.0,,Beak,.95
JOE_Cephalope,Cephaloids,,ToxicBite,64,1,64.0,,Beak,.95
JOE_Cephalope,Cephaloids,,Blunt,10,.75,13.33,,FrontLeftTentacle,.75
JOE_Cephalope,Cephaloids,,Blunt,10,.75,13.33,,FrontRightTentacle,.75
JOE_Nautilant,Cephaloids,,ToxicBite,833,1.5,555.33,,Beak,.99
JOE_Nautilant,Cephaloids,,Blunt,40,1,40.0,,FrontLeftTentacle,.75
JOE_Nautilant,Cephaloids,,Blunt,40,1,40.0,,FrontRightTentacle,.75
DA_Barog,Dark Ages : Beasts and Monsters,head,Blunt,13,2.6,5.0,,HeadAttackTool,
DA_Barog,Dark Ages : Beasts and Monsters,left claw,Scratch,10,2,5.0,,FrontLeftClaws,
DA_Barog,Dark Ages : Beasts and Monsters,right claw,Scratch,10,2,5.0,,FrontRightClaws,
DA_Barog,Dark Ages : Beasts and Monsters,,Bite,10,2,5.0,,Teeth,0.5
DA_BeardedTroll,Dark Ages : Beasts and Monsters,head,Blunt,12,2,6.0,,HeadAttackTool,
DA_BeardedTroll,Dark Ages : Beasts and Monsters,left claw,Scratch;Stab,16,2,8.0,,FrontLeftClaws,
DA_BeardedTroll,Dark Ages : Beasts and Monsters,right claw,Scratch;Stab,16,2,8.0,,FrontRightClaws,
DA_BeardedTroll,Dark Ages : Beasts and Monsters,,Bite,23,2.4,9.58,,Teeth,0.5
DA_BlackScribe,Dark Ages : Beasts and Monsters,left pincer,Scratch,9,1.5,6.0,,DA_PincerPinch,
DA_BlackScribe,Dark Ages : Beasts and Monsters,right pincer,Scratch,9,1.5,6.0,,DA_PincerPinch,
DA_BlackScribe,Dark Ages : Beasts and Monsters,,DA_Quillsting,13,2,6.5,,DA_Sting,
DA_BlackScribe,Dark Ages : Beasts and Monsters,head,Blunt,4,2,2.0,,HeadAttackTool,0.1
DA_Crestel,Dark Ages : Beasts and Monsters,claws,Scratch,17,1.5,11.33,,Feet,
DA_Crestel,Dark Ages : Beasts and Monsters,beak,DA_CrestelBite,23,2.4,9.58,,Beak,
DA_Crestel,Dark Ages : Beasts and Monsters,head,Blunt,17,1.5,11.33,,HeadAttackTool,0.2
DA_DwarvenMuffton,Dark Ages : Beasts and Monsters,head,DA_Rambash,25,2.9,8.62,,HeadAttackTool,0.8
DA_DwarvenMuffton,Dark Ages : Beasts and Monsters,left hoof,Blunt;Poke,8,2,4.0,,FrontLeftLeg,
DA_DwarvenMuffton,Dark Ages : Beasts and Monsters,right hoof,Blunt;Poke,8,2,4.0,,FrontRightLeg,
DA_DwarvenMuffton,Dark Ages : Beasts and Monsters,,Bite,8,2,4.0,,Teeth,0.5
DA_Snaptoad,Dark Ages : Beasts and Monsters,head,Blunt,16,2,8.0,,HeadAttackTool,0.2
DA_Snaptoad,Dark Ages : Beasts and Monsters,,DA_ToadDevour,26,2.6,10.0,,Teeth,0.7
DA_Goldilox,Dark Ages : Beasts and Monsters,horn,Scratch;Stab,24,2.2,10.91,,HornAttackTool,
DA_Goldilox,Dark Ages : Beasts and Monsters,,Bite,20,2,10.0,,Teeth,0.6
DA_Goldilox,Dark Ages : Beasts and Monsters,head,Blunt,17,2,8.5,,HeadAttackTool,0.5
DA_IroncasketBeetle,Dark Ages : Beasts and Monsters,mandibles,Bite,5,2,2.5,,Mouth,
DA_IroncasketBeetle,Dark Ages : Beasts and Monsters,head,Blunt,10,2,5.0,,HeadAttackTool,0.1
DA_Karabal,Dark Ages : Beasts and Monsters,bloodsucker,Bite,1,2,0.5,,Teeth,0
DA_Karabal,Dark Ages : Beasts and Monsters,left claw,Scratch,13,1.5,8.67,,FrontLeftPaw,
DA_Karabal,Dark Ages : Beasts and Monsters,right claw,Scratch,13,1.5,8.67,,FrontRightPaw,
DA_Karabal,Dark Ages : Beasts and Monsters,bleedfangs,DA_KarabalBite,15,2,7.5,,Teeth,0.9
DA_Karabal,Dark Ages : Beasts and Monsters,head,Blunt,5,2,2.5,,HeadAttackTool,0.2
DA_LeviathanCrab,Dark Ages : Beasts and Monsters,right claw,Scratch,13,2,6.5,,FrontRightClaws,
DA_LeviathanCrab,Dark Ages : Beasts and Monsters,giant claw,Scratch,23,2,11.5,,FrontLeftClaws,
DA_LeviathanCrab,Dark Ages : Beasts and Monsters,head,Blunt,19,2,9.5,,HeadAttackTool,0.2
DA_NorthernDrog,Dark Ages : Beasts and Monsters,tusk,Scratch;Stab,26,2,13.0,,TuskAttackTool,
DA_NorthernDrog,Dark Ages : Beasts and Monsters,,Bite,15,2,7.5,,Teeth,0.6
DA_NorthernDrog,Dark Ages : Beasts and Monsters,head,Blunt,20,2,10.0,,HeadAttackTool,0.5
,Dark Ages : Beasts and Monsters,left claw,Scratch,7,1.5,4.67,,FrontLeftPaw,
,Dark Ages : Beasts and Monsters,right claw,Scratch,7,1.5,4.67,,FrontRightPaw,
,Dark Ages : Beasts and Monsters,beak,Bite,8,1.5,5.33,,Teeth,0.5
,Dark Ages : Beasts and Monsters,head,Blunt,3,2.2,1.36,,HeadAttackTool,0.2
DA_ForestOwlcat,Dark Ages : Beasts and Monsters,left claw,Scratch,7,1.5,4.67,,FrontLeftPaw,
DA_ForestOwlcat,Dark Ages : Beasts and Monsters,right claw,Scratch,7,1.5,4.67,,FrontRightPaw,
DA_ForestOwlcat,Dark Ages : Beasts and Monsters,beak,Bite,8,1.5,5.33,,Teeth,0.5
DA_ForestOwlcat,Dark Ages : Beasts and Monsters,head,Blunt,3,2.2,1.36,,HeadAttackTool,0.2
DA_ArcticOwlcat,Dark Ages : Beasts and Monsters,left claw,Scratch,7,1.5,4.67,,FrontLeftPaw,
DA_ArcticOwlcat,Dark Ages : Beasts and Monsters,right claw,Scratch,7,1.5,4.67,,FrontRightPaw,
DA_ArcticOwlcat,Dark Ages : Beasts and Monsters,beak,Bite,8,1.5,5.33,,Teeth,0.5
DA_ArcticOwlcat,Dark Ages : Beasts and Monsters,head,Blunt,3,2.2,1.36,,HeadAttackTool,0.2
DA_Phrak,Dark Ages : Beasts and Monsters,mandibles,Bite,5,2,2.5,,Mouth,
DA_Phrak,Dark Ages : Beasts and Monsters,rostrum,Scratch,10,2,5.0,,Mouth,
DA_Phrak,Dark Ages : Beasts and Monsters,head,Blunt,4,2,2.0,,HeadAttackTool,0.1
DA_Pilgrim,Dark Ages : Beasts and Monsters,claws,Scratch,11,1.5,7.33,,Feet,
DA_Pilgrim,Dark Ages : Beasts and Monsters,beak,Scratch,12,2.4,5.0,,Beak,
DA_Pilgrim,Dark Ages : Beasts and Monsters,head,Blunt,10,1.5,6.67,,HeadAttackTool,0.2
DA_RedhornedLarpah,Dark Ages : Beasts and Monsters,horn,Scratch;Stab,24,2.2,10.91,,HornAttackTool,
DA_RedhornedLarpah,Dark Ages : Beasts and Monsters,,Bite,12,2,6.0,,Teeth,0.5
DA_ImperialRedhound,Dark Ages : Beasts and Monsters,left claw,Scratch,13,1.5,8.67,,FrontLeftPaw,
DA_ImperialRedhound,Dark Ages : Beasts and Monsters,right claw,Scratch,13,1.5,8.67,,FrontRightPaw,
DA_ImperialRedhound,Dark Ages : Beasts and Monsters,maw,Bite,17,2.1,8.1,,Teeth,0.9
DA_ImperialRedhound,Dark Ages : Beasts and Monsters,head,Blunt,7,2,3.5,,HeadAttackTool,0.2
DA_RockTroll,Dark Ages : Beasts and Monsters,head,DA_DemolishTroll,20,2,10.0,,HeadAttackTool,
DA_RockTroll,Dark Ages : Beasts and Monsters,left claw,Scratch;Stab,17,2.3,7.39,,FrontLeftClaws,
DA_RockTroll,Dark Ages : Beasts and Monsters,right claw,Scratch;Stab,17,2.3,7.39,,FrontRightClaws,
DA_RockTroll,Dark Ages : Beasts and Monsters,,Bite,23,2.3,10.0,,Teeth,0.5
DA_SilverMole,Dark Ages : Beasts and Monsters,left claw,Scratch,3.6,1.5,2.4,,FrontLeftPaw,
DA_SilverMole,Dark Ages : Beasts and Monsters,right claw,Scratch,3.6,1.5,2.4,,FrontRightPaw,
DA_SilverMole,Dark Ages : Beasts and Monsters,,Bite,5.8,2,2.9,,Teeth,0.7
DA_SilverMole,Dark Ages : Beasts and Monsters,head,Blunt,2,2,1.0,,HeadAttackTool,0.2
,Dark Ages : Beasts and Monsters,left claw,Scratch,20,2,10.0,,FrontLeftPaw,
,Dark Ages : Beasts and Monsters,right claw,Scratch,20,2,10.0,,FrontRightPaw,
,Dark Ages : Beasts and Monsters,beak,Bite,23.6,2.6,9.08,,Teeth,0.5
,Dark Ages : Beasts and Monsters,head,Blunt,17,2.2,7.73,,HeadAttackTool,0.2
DA_Taraal,Dark Ages : Beasts and Monsters,left claw,Scratch,20,2,10.0,,FrontLeftPaw,
DA_Taraal,Dark Ages : Beasts and Monsters,right claw,Scratch,20,2,10.0,,FrontRightPaw,
DA_Taraal,Dark Ages : Beasts and Monsters,beak,Bite,23.6,2.6,9.08,,Teeth,0.5
DA_Taraal,Dark Ages : Beasts and Monsters,head,Blunt,17,2.2,7.73,,HeadAttackTool,0.2
DA_SnowTaraal,Dark Ages : Beasts and Monsters,left claw,Scratch,20,2,10.0,,FrontLeftPaw,
DA_SnowTaraal,Dark Ages : Beasts and Monsters,right claw,Scratch,20,2,10.0,,FrontRightPaw,
DA_SnowTaraal,Dark Ages : Beasts and Monsters,beak,Bite,23.6,2.6,9.08,,Teeth,0.5
DA_SnowTaraal,Dark Ages : Beasts and Monsters,head,Blunt,17,2.2,7.73,,HeadAttackTool,0.2
ERN_Amaro,Erin's Final Fantasy Animals,claws,Scratch,12,1.5,8.0,,Feet,
ERN_Amaro,Erin's Final Fantasy Animals,head,Blunt,8,2,4.0,,HeadAttackTool,0.2
ERN_BigCarbuncle,Erin's Final Fantasy Animals,left claw,Scratch,12,2,6.0,,FrontLeftPaw,
ERN_BigCarbuncle,Erin's Final Fantasy Animals,right claw,Scratch,12,2,6.0,,FrontRightPaw,
ERN_BigCarbuncle,Erin's Final Fantasy Animals,,Bite,14,2,7.0,,Teeth,0.9
ERN_BigCarbuncle,Erin's Final Fantasy Animals,head,Blunt,8,2,4.0,,HeadAttackTool,0.2
ERN_Carbuncle,Erin's Final Fantasy Animals,left claw,Scratch,8,2,4.0,,FrontLeftPaw,
ERN_Carbuncle,Erin's Final Fantasy Animals,right claw,Scratch,8,2,4.0,,FrontRightPaw,
ERN_Carbuncle,Erin's Final Fantasy Animals,,Bite,9,2,4.5,,Teeth,0.9
ERN_Carbuncle,Erin's Final Fantasy Animals,head,Blunt,4,2,2.0,,HeadAttackTool,0.2
ERN_Chocobo,Erin's Final Fantasy Animals,claws,Scratch,11,1.5,7.33,,Feet,
ERN_Chocobo,Erin's Final Fantasy Animals,beak,Bite,11,2,5.5,,Beak,
ERN_Chocobo,Erin's Final Fantasy Animals,head,Blunt,6,2,3.0,,HeadAttackTool,0.2
GiantSnake,Giant Snake (Continued),,ToxicBite,35,1.65,21.21,,Mouth,
GiantSnake,Giant Snake (Continued),head,Blunt,1,1.65,0.61,,HeadAttackTool,
WhiteViper,Giant Snake (Continued),,ToxicBite,35,1.65,21.21,,Mouth,
WhiteViper,Giant Snake (Continued),head,Blunt,1,1.65,0.61,,HeadAttackTool,
Grimstone_Belloceros,Grimstone : Beasts,horn,Scratch,21,2,10.5,,HornAttackTool,
Grimstone_Belloceros,Grimstone : Beasts,horn,Blunt,24,2,12.0,,HornAttackTool,0.5
Grimstone_Belloceros,Grimstone : Beasts,,Bite,17,2.6,6.54,,Teeth,0.7
Grimstone_Belloceros,Grimstone : Beasts,head,Blunt,19,2,9.5,,HeadAttackTool,0.2
Grimstone_EmperorVulture,Grimstone : Beasts,claws,Scratch,12,1.5,8.0,,Feet,
Grimstone_EmperorVulture,Grimstone : Beasts,beak,Bite,14,2,7.0,,Beak,
Grimstone_EmperorVulture,Grimstone : Beasts,head,Blunt,8,2,4.0,,HeadAttackTool,0.2
Grimstone_Griffar,Grimstone : Beasts,left claw,Scratch,21,1.7,12.35,,FrontLeftPaw,
Grimstone_Griffar,Grimstone : Beasts,right claw,Scratch,21,1.7,12.35,,FrontRightPaw,
Grimstone_Griffar,Grimstone : Beasts,beak,Bite,28,2,14.0,0.50,Beak,
Grimstone_Griffar,Grimstone : Beasts,head,Blunt,17,2,8.5,,HeadAttackTool,0.2
Grimstone_Grimshadow,Grimstone : Beasts,maw,,32,2.6,12.31,,Teeth,
Grimstone_Grimshadow,Grimstone : Beasts,head,Blunt,22,2,11.0,,HeadAttackTool,0.2
Grimstone_Grimshadow,Grimstone : Beasts,left claw,Scratch,26,2,13.0,,FrontLeftClaws,
Grimstone_Grimshadow,Grimstone : Beasts,right claw,Scratch,26,2,13.0,,FrontRightClaws,
Grimstone_Grimshadow,Grimstone : Beasts,tail,Blunt,23,2,11.5,,Tail,
Grimstone_NorthernLynx,Grimstone : Beasts,left claw,Scratch,11,1.5,7.33,,FrontLeftPaw,
Grimstone_NorthernLynx,Grimstone : Beasts,right claw,Scratch,11,1.5,7.33,,FrontRightPaw,
Grimstone_NorthernLynx,Grimstone : Beasts,,Bite,16,2,8.0,,Teeth,0.7
Grimstone_NorthernLynx,Grimstone : Beasts,head,Blunt,9,2,4.5,,HeadAttackTool,0.2
Grimstone_Sheepdog,Grimstone : Beasts,left claw,Scratch,8.5,2,4.25,,FrontLeftPaw,
Grimstone_Sheepdog,Grimstone : Beasts,right claw,Scratch,8.5,2,4.25,,FrontRightPaw,
Grimstone_Sheepdog,Grimstone : Beasts,,Bite,14.2,2.6,5.46,,Teeth,0.7
Grimstone_Sheepdog,Grimstone : Beasts,head,Blunt,5,2,2.5,,HeadAttackTool,0.2
Grimstone_Tetras,Grimstone : Beasts,claws,Scratch,5,1.5,3.33,,Feet,
Grimstone_Tetras,Grimstone : Beasts,beak,Bite,6,2,3.0,,Beak,
Grimstone_Tetras,Grimstone : Beasts,head,Blunt,4,2,2.0,,HeadAttackTool,0.2
JRWAbrictosaurus,Jurassic Rimworld - Dinosaurs Only (Continued),left claw,Scratch,3.6,2,1.8,,FrontLeftPaw,
JRWAbrictosaurus,Jurassic Rimworld - Dinosaurs Only (Continued),right claw,Scratch,3.6,2,1.8,,FrontRightPaw,
JRWAbrictosaurus,Jurassic Rimworld - Dinosaurs Only (Continued),teeth,Bite,4.8,2,2.4,,Teeth,0.7
JRWAbrictosaurus,Jurassic Rimworld - Dinosaurs Only (Continued),head,Blunt,2,2,1.0,,HeadAttackTool,0.2
JRWAcrocanthosaurus,Jurassic Rimworld - Dinosaurs Only (Continued),,Bite,35,2.6,13.46,,Teeth,1
JRWAdalia,Jurassic Rimworld - Dinosaurs Only (Continued),mandibles,Bite,5,2,2.5,,Mouth,
JRWAdalia,Jurassic Rimworld - Dinosaurs Only (Continued),head,Blunt,7,2,3.5,,HeadAttackTool,0.2
JRWAgilisaurus,Jurassic Rimworld - Dinosaurs Only (Continued),left claw,Scratch,3.6,2,1.8,,FrontLeftPaw,
JRWAgilisaurus,Jurassic Rimworld - Dinosaurs Only (Continued),right claw,Scratch,3.6,2,1.8,,FrontRightPaw,
JRWAgilisaurus,Jurassic Rimworld - Dinosaurs Only (Continued),teeth,Bite,4.8,2,2.4,,Teeth,0.7
JRWAgilisaurus,Jurassic Rimworld - Dinosaurs Only (Continued),head,Blunt,2,2,1.0,,HeadAttackTool,0.2
JRWAlbertosaurus,Jurassic Rimworld - Dinosaurs Only (Continued),,Bite,20,2.6,7.69,,Teeth,1
JRWAllosaurus,Jurassic Rimworld - Dinosaurs Only (Continued),,Bite,35,2.6,13.46,,Teeth,1
JRWAnkylosaurus,Jurassic Rimworld - Dinosaurs Only (Continued),,Bite,10,2,5.0,,Teeth,0.7
JRWAnkylosaurus,Jurassic Rimworld - Dinosaurs Only (Continued),tail,Blunt,15,2,7.5,,TailAttackTool,0.8
JRWAntarctopelta,Jurassic Rimworld - Dinosaurs Only (Continued),,Bite,15,2,7.5,,Teeth,0.7
JRWAntarctopelta,Jurassic Rimworld - Dinosaurs Only (Continued),head,Blunt,15,2,7.5,,HeadAttackTool,0.2
JRWApatosaurus,Jurassic Rimworld - Dinosaurs Only (Continued),left foot,Blunt,30,2,15.0,,FrontLeftLeg,
JRWApatosaurus,Jurassic Rimworld - Dinosaurs Only (Continued),right foot,Blunt,30,2,15.0,,FrontRightLeg,
JRWApatosaurus,Jurassic Rimworld - Dinosaurs Only (Continued),head,Blunt,17,2,8.5,,HeadAttackTool,0.2
JRWArchaeopteryx,Jurassic Rimworld - Dinosaurs Only (Continued),left claw,Scratch,3.6,2,1.8,,FrontLeftPaw,
JRWArchaeopteryx,Jurassic Rimworld - Dinosaurs Only (Continued),right claw,Scratch,3.6,2,1.8,,FrontRightPaw,
JRWArchaeopteryx,Jurassic Rimworld - Dinosaurs Only (Continued),teeth,Bite,4.8,2,2.4,,Teeth,0.7
JRWArchaeopteryx,Jurassic Rimworld - Dinosaurs Only (Continued),head,Blunt,2,2,1.0,,HeadAttackTool,0.2
JRWArgentinosaurus,Jurassic Rimworld - Dinosaurs Only (Continued),left foot,Blunt,30,2,15.0,,FrontLeftLeg,
JRWArgentinosaurus,Jurassic Rimworld - Dinosaurs Only (Continued),right foot,Blunt,30,2,15.0,,FrontRightLeg,
JRWArgentinosaurus,Jurassic Rimworld - Dinosaurs Only (Continued),head,Blunt,17,2,8.5,,HeadAttackTool,0.2
JRWArthropleura,Jurassic Rimworld - Dinosaurs Only (Continued),mandibles,Bite,5,2,2.5,,Mouth,
JRWArthropleura,Jurassic Rimworld - Dinosaurs Only (Continued),head,Blunt,4,2,2.0,,HeadAttackTool,0.1
JRWBagaceratops,Jurassic Rimworld - Dinosaurs Only (Continued),nose,Blunt,5,2,2.5,,HornAttackTool,
JRWBagaceratops,Jurassic Rimworld - Dinosaurs Only (Continued),,Bite,10,2.6,3.85,,Teeth,0.7
JRWBagaceratops,Jurassic Rimworld - Dinosaurs Only (Continued),head,Blunt,5,2,2.5,,HeadAttackTool,0.2
JRWBaryonyx,Jurassic Rimworld - Dinosaurs Only (Continued),,Bite,20,2.6,7.69,,Teeth,1
JRWBaseopsis,Jurassic Rimworld - Dinosaurs Only (Continued),mandibles,Bite,12,1.0,12.0,,,
JRWBecklespinax,Jurassic Rimworld - Dinosaurs Only (Continued),,Bite,20,2.6,7.69,,Teeth,1
JRWBeelzebufo,Jurassic Rimworld - Dinosaurs Only (Continued),jaw,Blunt,3,2,1.5,,Teeth,0.7
JRWBeelzebufo,Jurassic Rimworld - Dinosaurs Only (Continued),maxillary teeth,Bite,3,2,1.5,,Teeth,0.7
JRWBernicia,Jurassic Rimworld - Dinosaurs Only (Continued),head,Blunt,7,2,3.5,,HeadAttackTool,0.2
JRWBrachiosaurus,Jurassic Rimworld - Dinosaurs Only (Continued),left foot,Blunt,30,2,15.0,,FrontLeftLeg,
JRWBrachiosaurus,Jurassic Rimworld - Dinosaurs Only (Continued),right foot,Blunt,30,2,15.0,,FrontRightLeg,
JRWBrachiosaurus,Jurassic Rimworld - Dinosaurs Only (Continued),head,Blunt,17,2,8.5,,HeadAttackTool,0.2
JRWBrachytrachelopan,Jurassic Rimworld - Dinosaurs Only (Continued),left foot,Blunt,30,2,15.0,,FrontLeftLeg,
JRWBrachytrachelopan,Jurassic Rimworld - Dinosaurs Only (Continued),right foot,Blunt,30,2,15.0,,FrontRightLeg,
JRWBrachytrachelopan,Jurassic Rimworld - Dinosaurs Only (Continued),head,Blunt,17,2,8.5,,HeadAttackTool,0.2
JRWCaihong,Jurassic Rimworld - Dinosaurs Only (Continued),left claw,Scratch,3.6,2,1.8,,FrontLeftPaw,
JRWCaihong,Jurassic Rimworld - Dinosaurs Only (Continued),right claw,Scratch,3.6,2,1.8,,FrontRightPaw,
JRWCaihong,Jurassic Rimworld - Dinosaurs Only (Continued),teeth,Bite,4.8,2,2.4,,Teeth,0.7
JRWCaihong,Jurassic Rimworld - Dinosaurs Only (Continued),head,Blunt,2,2,1.0,,HeadAttackTool,0.2
JRWCamarasaurus,Jurassic Rimworld - Dinosaurs Only (Continued),left foot,Blunt,30,2,15.0,,FrontLeftLeg,
JRWCamarasaurus,Jurassic Rimworld - Dinosaurs Only (Continued),right foot,Blunt,30,2,15.0,,FrontRightLeg,
JRWCamarasaurus,Jurassic Rimworld - Dinosaurs Only (Continued),head,Blunt,17,2,8.5,,HeadAttackTool,0.2
JRWCamptosaurus,Jurassic Rimworld - Dinosaurs Only (Continued),,Bite,15,2,7.5,,Teeth,0.7
JRWCamptosaurus,Jurassic Rimworld - Dinosaurs Only (Continued),head,Blunt,15,2,7.5,,HeadAttackTool,0.2
JRWCarcharodontosaurus,Jurassic Rimworld - Dinosaurs Only (Continued),,Bite,35,2.6,13.46,,Teeth,1
JRWCarnotaurus,Jurassic Rimworld - Dinosaurs Only (Continued),,Bite,20,2.6,7.69,,Teeth,1
JRWCeratosaurus,Jurassic Rimworld - Dinosaurs Only (Continued),,Bite,20,2.6,7.69,,Teeth,1
JRWCoahuilaceratops,Jurassic Rimworld - Dinosaurs Only (Continued),horn,Scratch,19,2,9.5,,HornAttackTool,
JRWCoahuilaceratops,Jurassic Rimworld - Dinosaurs Only (Continued),horn,Blunt,19,2,9.5,,HornAttackTool,
JRWCoahuilaceratops,Jurassic Rimworld - Dinosaurs Only (Continued),,Bite,19,2.6,7.31,,Teeth,0.7
JRWCoahuilaceratops,Jurassic Rimworld - Dinosaurs Only (Continued),head,Blunt,15,2,7.5,,HeadAttackTool,0.2
JRWCoelophysis,Jurassic Rimworld - Dinosaurs Only (Continued),left claw,Scratch,5,2,2.5,,FrontLeftPaw,
JRWCoelophysis,Jurassic Rimworld - Dinosaurs Only (Continued),right claw,Scratch,5,2,2.5,,FrontRightPaw,
JRWCoelophysis,Jurassic Rimworld - Dinosaurs Only (Continued),teeth,Bite,5,2,2.5,,Teeth,0.7
JRWCoelophysis,Jurassic Rimworld - Dinosaurs Only (Continued),head,Blunt,2,2,1.0,,HeadAttackTool,0.2
JRWCompsognathus,Jurassic Rimworld - Dinosaurs Only (Continued),left claw,Scratch,3.6,2,1.8,,FrontLeftPaw,
JRWCompsognathus,Jurassic Rimworld - Dinosaurs Only (Continued),right claw,Scratch,3.6,2,1.8,,FrontRightPaw,
JRWCompsognathus,Jurassic Rimworld - Dinosaurs Only (Continued),teeth,Bite,4.8,2,2.4,,Teeth,0.7
JRWCompsognathus,Jurassic Rimworld - Dinosaurs Only (Continued),head,Blunt,2,2,1.0,,HeadAttackTool,0.2
JRWCorythosaurus,Jurassic Rimworld - Dinosaurs Only (Continued),,Bite,15,2,7.5,,Teeth,0.7
JRWCorythosaurus,Jurassic Rimworld - Dinosaurs Only (Continued),head,Blunt,15,2,7.5,,HeadAttackTool,0.2
JRWCryolophosaurus,Jurassic Rimworld - Dinosaurs Only (Continued),,Bite,20,2.6,7.69,,Teeth,1
JRWCyclosphaeroma,Jurassic Rimworld - Dinosaurs Only (Continued),head,Blunt,7,2,3.5,,HeadAttackTool,0.2
JRWDeinonychus,Jurassic Rimworld - Dinosaurs Only (Continued),left claw,Scratch,8,2,4.0,,FrontLeftPaw,
JRWDeinonychus,Jurassic Rimworld - Dinosaurs Only (Continued),right claw,Scratch,8,2,4.0,,FrontRightPaw,
JRWDeinonychus,Jurassic Rimworld - Dinosaurs Only (Continued),teeth,Bite,10,2,5.0,,Teeth,0.7
JRWDeinosuchus,Jurassic Rimworld - Dinosaurs Only (Continued),,Bite,35,2.6,13.46,,Teeth,1
JRWDesmatosuchus,Jurassic Rimworld - Dinosaurs Only (Continued),,Bite,10,2,5.0,,Teeth,0.7
JRWDesmatosuchus,Jurassic Rimworld - Dinosaurs Only (Continued),head,Blunt,10,2,5.0,,HeadAttackTool,0.2
JRWDilophosaurus,Jurassic Rimworld - Dinosaurs Only (Continued),left claw,Scratch,3.6,2,1.8,,FrontLeftPaw,
JRWDilophosaurus,Jurassic Rimworld - Dinosaurs Only (Continued),right claw,Scratch,3.6,2,1.8,,FrontRightPaw,
JRWDilophosaurus,Jurassic Rimworld - Dinosaurs Only (Continued),venom-fangs,ToxicBite,12,2,6.0,,Teeth,
JRWDilophosaurus,Jurassic Rimworld - Dinosaurs Only (Continued),head,Blunt,2,2,1.0,,HeadAttackTool,0.2
JRWDimetrodon,Jurassic Rimworld - Dinosaurs Only (Continued),left claw,Scratch,3.6,2,1.8,,FrontLeftPaw,
JRWDimetrodon,Jurassic Rimworld - Dinosaurs Only (Continued),right claw,Scratch,3.6,2,1.8,,FrontRightPaw,
JRWDimetrodon,Jurassic Rimworld - Dinosaurs Only (Continued),teeth,Bite,4.8,2,2.4,,Teeth,0.7
JRWDimetrodon,Jurassic Rimworld - Dinosaurs Only (Continued),head,Blunt,2,2,1.0,,HeadAttackTool,0.2
JRWDinilysia,Jurassic Rimworld - Dinosaurs Only (Continued),fangs,Bite,10,2,5.0,,Mouth,
JRWDinilysia,Jurassic Rimworld - Dinosaurs Only (Continued),head,Blunt,5,2,2.5,,HeadAttackTool,0.2
JRWDiplocaulus,Jurassic Rimworld - Dinosaurs Only (Continued),left foot,Blunt,3,2,1.5,,FrontLeftPaw,
JRWDiplocaulus,Jurassic Rimworld - Dinosaurs Only (Continued),right foot,Blunt,3,2,1.5,,FrontRightPaw,
JRWDiplocaulus,Jurassic Rimworld - Dinosaurs Only (Continued),jaw,Bite,3,2,1.5,,Teeth,0.7
JRWDiplocaulus,Jurassic Rimworld - Dinosaurs Only (Continued),head,Blunt,3,2,1.5,,HeadAttackTool,0.2
JRWDracorex,Jurassic Rimworld - Dinosaurs Only (Continued),teeth,Bite,4.8,2,2.4,,Teeth,0.7
JRWDracorex,Jurassic Rimworld - Dinosaurs Only (Continued),head,Cut,5,2,2.5,,HeadAttackTool,0.2
JRWDrinker,Jurassic Rimworld - Dinosaurs Only (Continued),left claw,Scratch,3.6,2,1.8,,FrontLeftPaw,
JRWDrinker,Jurassic Rimworld - Dinosaurs Only (Continued),right claw,Scratch,3.6,2,1.8,,FrontRightPaw,
JRWDrinker,Jurassic Rimworld - Dinosaurs Only (Continued),teeth,Bite,4.8,2,2.4,,Teeth,0.7
JRWDrinker,Jurassic Rimworld - Dinosaurs Only (Continued),head,Blunt,2,2,1.0,,HeadAttackTool,0.2
JRWDromaeosaurus,Jurassic Rimworld - Dinosaurs Only (Continued),left claw,Scratch,8,2,4.0,,FrontLeftPaw,
JRWDromaeosaurus,Jurassic Rimworld - Dinosaurs Only (Continued),right claw,Scratch,8,2,4.0,,FrontRightPaw,
JRWDromaeosaurus,Jurassic Rimworld - Dinosaurs Only (Continued),teeth,Bite,10,2,5.0,,Teeth,0.7
JRWDryosaurus,Jurassic Rimworld - Dinosaurs Only (Continued),left claw,Scratch,3.6,2,1.8,,FrontLeftPaw,
JRWDryosaurus,Jurassic Rimworld - Dinosaurs Only (Continued),right claw,Scratch,3.6,2,1.8,,FrontRightPaw,
JRWDryosaurus,Jurassic Rimworld - Dinosaurs Only (Continued),teeth,Bite,4.8,2,2.4,,Teeth,0.7
JRWDryosaurus,Jurassic Rimworld - Dinosaurs Only (Continued),head,Blunt,2,2,1.0,,HeadAttackTool,0.2
JRWEdaphosaurus,Jurassic Rimworld - Dinosaurs Only (Continued),teeth,Bite,4.8,2,2.4,,Teeth,0.7
JRWEdaphosaurus,Jurassic Rimworld - Dinosaurs Only (Continued),head,Blunt,2,2,1.0,,HeadAttackTool,0.2
JRWEdmontosaurus,Jurassic Rimworld - Dinosaurs Only (Continued),,Bite,15,2,7.5,,Teeth,0.7
JRWEdmontosaurus,Jurassic Rimworld - Dinosaurs Only (Continued),head,Blunt,15,2,7.5,,HeadAttackTool,0.2
JRWEnigmosaurus,Jurassic Rimworld - Dinosaurs Only (Continued),left claw,Scratch,30,2,15.0,,FrontLeftPaw,
JRWEnigmosaurus,Jurassic Rimworld - Dinosaurs Only (Continued),right claw,Scratch,30,2,15.0,,FrontRightPaw,
JRWEnigmosaurus,Jurassic Rimworld - Dinosaurs Only (Continued),,Bite,10,2.6,3.85,,Teeth,0.7
JRWEnigmosaurus,Jurassic Rimworld - Dinosaurs Only (Continued),head,Blunt,10,2,5.0,,HeadAttackTool,0.2
JRWEstemmenosuchus,Jurassic Rimworld - Dinosaurs Only (Continued),,Bite,15,2,7.5,,Teeth,0.7
JRWEstemmenosuchus,Jurassic Rimworld - Dinosaurs Only (Continued),antlers,Cut,15,2,7.5,,HeadAttackTool,0.2
JRWEuoplocephalus,Jurassic Rimworld - Dinosaurs Only (Continued),,Bite,10,2,5.0,,Teeth,0.7
JRWEuoplocephalus,Jurassic Rimworld - Dinosaurs Only (Continued),tail,Blunt,15,2,7.5,,TailAttackTool,0.8
JRWEuphoberia,Jurassic Rimworld - Dinosaurs Only (Continued),mandibles,Bite,5,2,2.5,,Mouth,
JRWEuphoberia,Jurassic Rimworld - Dinosaurs Only (Continued),head,Blunt,4,2,2.0,,HeadAttackTool,0.1
JRWGallimimus,Jurassic Rimworld - Dinosaurs Only (Continued),left claw,Scratch,3.6,2,1.8,,FrontLeftPaw,
JRWGallimimus,Jurassic Rimworld - Dinosaurs Only (Continued),right claw,Scratch,3.6,2,1.8,,FrontRightPaw,
JRWGallimimus,Jurassic Rimworld - Dinosaurs Only (Continued),teeth,Bite,4.8,2,2.4,,Teeth,0.7
JRWGallimimus,Jurassic Rimworld - Dinosaurs Only (Continued),head,Blunt,2,2,1.0,,HeadAttackTool,0.2
JRWGasosaurus,Jurassic Rimworld - Dinosaurs Only (Continued),,Bite,20,2.6,7.69,,Teeth,1
JRWGeosternbergia,Jurassic Rimworld - Dinosaurs Only (Continued),,Bite,20,2.6,7.69,,Teeth,1
JRWGeralinura,Jurassic Rimworld - Dinosaurs Only (Continued),flagellum,GeraAcidBurn,10,2.6,3.85,,,1
JRWGeralinura,Jurassic Rimworld - Dinosaurs Only (Continued),pincers,Cut,5,5,1.0,,HeadClaw,
JRWGiganotosaurus,Jurassic Rimworld - Dinosaurs Only (Continued),,Bite,40,2.6,15.38,,Teeth,1
JRWGigantophis,Jurassic Rimworld - Dinosaurs Only (Continued),fangs,Bite,20,2,10.0,,Mouth,
JRWGigantophis,Jurassic Rimworld - Dinosaurs Only (Continued),head,Cut,10,2,5.0,,HeadAttackTool,0.2
JRWGorgonops,Jurassic Rimworld - Dinosaurs Only (Continued),,Bite,13,2.6,5.0,,Teeth,1
JRWHalszkaraptor,Jurassic Rimworld - Dinosaurs Only (Continued),left claw,Scratch,3.6,2,1.8,,FrontLeftPaw,
JRWHalszkaraptor,Jurassic Rimworld - Dinosaurs Only (Continued),right claw,Scratch,3.6,2,1.8,,FrontRightPaw,
JRWHalszkaraptor,Jurassic Rimworld - Dinosaurs Only (Continued),teeth,Bite,4.8,2,2.4,,Teeth,0.7
JRWHalszkaraptor,Jurassic Rimworld - Dinosaurs Only (Continued),head,Blunt,2,2,1.0,,HeadAttackTool,0.2
JRWHolcorobeus,Jurassic Rimworld - Dinosaurs Only (Continued),head claw,Cut,12,2.6,4.62,,HeadClaw,
JRWHolcorobeus,Jurassic Rimworld - Dinosaurs Only (Continued),head,Blunt,7,2,3.5,,HeadAttackTool,0.2
JRWHomalocephale,Jurassic Rimworld - Dinosaurs Only (Continued),left claw,Scratch,3.6,2,1.8,,FrontLeftPaw,
JRWHomalocephale,Jurassic Rimworld - Dinosaurs Only (Continued),right claw,Scratch,3.6,2,1.8,,FrontRightPaw,
JRWHomalocephale,Jurassic Rimworld - Dinosaurs Only (Continued),teeth,Bite,4.8,2,2.4,,Teeth,0.7
JRWHomalocephale,Jurassic Rimworld - Dinosaurs Only (Continued),head,Blunt,2,2,1.0,,HeadAttackTool,0.2
JRWHylonomus,Jurassic Rimworld - Dinosaurs Only (Continued),left claw,Scratch,3.6,2,1.8,,FrontLeftPaw,
JRWHylonomus,Jurassic Rimworld - Dinosaurs Only (Continued),right claw,Scratch,3.6,2,1.8,,FrontRightPaw,
JRWHylonomus,Jurassic Rimworld - Dinosaurs Only (Continued),teeth,Bite,4.8,2,2.4,,Teeth,0.7
JRWHylonomus,Jurassic Rimworld - Dinosaurs Only (Continued),head,Blunt,2,2,1.0,,HeadAttackTool,0.2
JRWHynerpeton,Jurassic Rimworld - Dinosaurs Only (Continued),left foot,Blunt,3,2,1.5,,FrontLeftPaw,
JRWHynerpeton,Jurassic Rimworld - Dinosaurs Only (Continued),right foot,Blunt,3,2,1.5,,FrontRightPaw,
JRWHynerpeton,Jurassic Rimworld - Dinosaurs Only (Continued),jaw,Bite,3,2,1.5,,Teeth,0.7
JRWHynerpeton,Jurassic Rimworld - Dinosaurs Only (Continued),head,Blunt,3,2,1.5,,HeadAttackTool,0.2
JRWHypsilophodon,Jurassic Rimworld - Dinosaurs Only (Continued),left claw,Scratch,3.6,2,1.8,,FrontLeftPaw,
JRWHypsilophodon,Jurassic Rimworld - Dinosaurs Only (Continued),right claw,Scratch,3.6,2,1.8,,FrontRightPaw,
JRWHypsilophodon,Jurassic Rimworld - Dinosaurs Only (Continued),teeth,Bite,4.8,2,2.4,,Teeth,0.7
JRWHypsilophodon,Jurassic Rimworld - Dinosaurs Only (Continued),head,Blunt,2,2,1.0,,HeadAttackTool,0.2
JRWIndominus,Jurassic Rimworld - Dinosaurs Only (Continued),left claw,Scratch,45,2,22.5,,FrontLeftPaw,
JRWIndominus,Jurassic Rimworld - Dinosaurs Only (Continued),right claw,Scratch,45,2,22.5,,FrontRightPaw,
JRWIndominus,Jurassic Rimworld - Dinosaurs Only (Continued),,Bite,45,2.6,17.31,,Teeth,0.7
JRWIndominus,Jurassic Rimworld - Dinosaurs Only (Continued),head,Blunt,20,2,10.0,,HeadAttackTool,0.2
JRWIndoraptor,Jurassic Rimworld - Dinosaurs Only (Continued),left claw,Scratch,45,2,22.5,,FrontLeftPaw,
JRWIndoraptor,Jurassic Rimworld - Dinosaurs Only (Continued),right claw,Scratch,45,2,22.5,,FrontRightPaw,
JRWIndoraptor,Jurassic Rimworld - Dinosaurs Only (Continued),,Bite,45,2.6,17.31,,Teeth,0.7
JRWIndoraptor,Jurassic Rimworld - Dinosaurs Only (Continued),head,Blunt,20,2,10.0,,HeadAttackTool,0.2
JRWIschigualastia,Jurassic Rimworld - Dinosaurs Only (Continued),,Bite,15,2,7.5,,Teeth,0.7
JRWIschigualastia,Jurassic Rimworld - Dinosaurs Only (Continued),head,Blunt,15,2,7.5,,HeadAttackTool,0.2
JRWKaprosuchus,Jurassic Rimworld - Dinosaurs Only (Continued),,Bite,20,2.6,7.69,,Teeth,1
JRWKentrosaurus,Jurassic Rimworld - Dinosaurs Only (Continued),,Bite,10,2,5.0,,Teeth,0.7
JRWKentrosaurus,Jurassic Rimworld - Dinosaurs Only (Continued),tail,Scratch,15,2,7.5,,TailAttackTool,0.8
JRWKileskus,Jurassic Rimworld - Dinosaurs Only (Continued),left claw,Scratch,5,2,2.5,,FrontLeftPaw,
JRWKileskus,Jurassic Rimworld - Dinosaurs Only (Continued),right claw,Scratch,5,2,2.5,,FrontRightPaw,
JRWKileskus,Jurassic Rimworld - Dinosaurs Only (Continued),teeth,Bite,5,2,2.5,,Teeth,0.7
JRWKileskus,Jurassic Rimworld - Dinosaurs Only (Continued),head,Blunt,2,2,1.0,,HeadAttackTool,0.2
JRWKosmoceratops,Jurassic Rimworld - Dinosaurs Only (Continued),horn,Scratch,19,2,9.5,,HornAttackTool,
JRWKosmoceratops,Jurassic Rimworld - Dinosaurs Only (Continued),horn,Blunt,19,2,9.5,,HornAttackTool,
JRWKosmoceratops,Jurassic Rimworld - Dinosaurs Only (Continued),,Bite,19,2.6,7.31,,Teeth,0.7
JRWKosmoceratops,Jurassic Rimworld - Dinosaurs Only (Continued),head,Blunt,15,2,7.5,,HeadAttackTool,0.2
JRWLycaenops,Jurassic Rimworld - Dinosaurs Only (Continued),,Bite,10,2.6,3.85,,Teeth,1
JRWMacrelcana,Jurassic Rimworld - Dinosaurs Only (Continued),jaws,Cut,12,2.6,4.62,,HeadClaw,
JRWMacrelcana,Jurassic Rimworld - Dinosaurs Only (Continued),head,Blunt,7,2,3.5,,HeadAttackTool,0.2
JRWManipulator,Jurassic Rimworld - Dinosaurs Only (Continued),scythes,Cut,12,2.6,4.62,,HeadClaw,
JRWManipulator,Jurassic Rimworld - Dinosaurs Only (Continued),head,Blunt,7,2,3.5,,HeadAttackTool,0.2
JRWMeganeura,Jurassic Rimworld - Dinosaurs Only (Continued),mandibles,Bite,5,2,2.5,,Mouth,
JRWMeganeura,Jurassic Rimworld - Dinosaurs Only (Continued),head,Blunt,4,2,2.0,,HeadAttackTool,0.1
JRWMetriacanthosaurus,Jurassic Rimworld - Dinosaurs Only (Continued),,Bite,20,2.6,7.69,,Teeth,1
JRWMicroceratus,Jurassic Rimworld - Dinosaurs Only (Continued),left claw,Scratch,3.6,2,1.8,,FrontLeftPaw,
JRWMicroceratus,Jurassic Rimworld - Dinosaurs Only (Continued),right claw,Scratch,3.6,2,1.8,,FrontRightPaw,
JRWMicroceratus,Jurassic Rimworld - Dinosaurs Only (Continued),teeth,Bite,4.8,2,2.4,,Teeth,0.7
JRWMicroceratus,Jurassic Rimworld - Dinosaurs Only (Continued),head,Blunt,2,2,1.0,,HeadAttackTool,0.2
JRWMochlodon,Jurassic Rimworld - Dinosaurs Only (Continued),,Bite,15,2,7.5,,Teeth,0.7
JRWMochlodon,Jurassic Rimworld - Dinosaurs Only (Continued),head,Blunt,15,2,7.5,,HeadAttackTool,0.2
JRWNanuqsaurus,Jurassic Rimworld - Dinosaurs Only (Continued),,Bite,20,2.6,7.69,,Teeth,1
JRWNasutoceratops,Jurassic Rimworld - Dinosaurs Only (Continued),horn,Scratch,19,2,9.5,,HornAttackTool,
JRWNasutoceratops,Jurassic Rimworld - Dinosaurs Only (Continued),horn,Blunt,19,2,9.5,,HornAttackTool,
JRWNasutoceratops,Jurassic Rimworld - Dinosaurs Only (Continued),,Bite,19,2.6,7.31,,Teeth,0.7
JRWNasutoceratops,Jurassic Rimworld - Dinosaurs Only (Continued),head,Blunt,15,2,7.5,,HeadAttackTool,0.2
JRWNyctosaurus,Jurassic Rimworld - Dinosaurs Only (Continued),,Bite,20,2.6,7.69,,Teeth,1
JRWOphiacodon,Jurassic Rimworld - Dinosaurs Only (Continued),left claw,Scratch,3.6,2,1.8,,FrontLeftPaw,
JRWOphiacodon,Jurassic Rimworld - Dinosaurs Only (Continued),right claw,Scratch,3.6,2,1.8,,FrontRightPaw,
JRWOphiacodon,Jurassic Rimworld - Dinosaurs Only (Continued),teeth,Bite,4.8,2,2.4,,Teeth,0.7
JRWOphiacodon,Jurassic Rimworld - Dinosaurs Only (Continued),head,Blunt,2,2,1.0,,HeadAttackTool,0.2
JRWOrnithosuchus,Jurassic Rimworld - Dinosaurs Only (Continued),,Bite,20,2.6,7.69,,Teeth,1
JRWOuranosaurus,Jurassic Rimworld - Dinosaurs Only (Continued),,Bite,15,2,7.5,,Teeth,0.7
JRWOuranosaurus,Jurassic Rimworld - Dinosaurs Only (Continued),head,Blunt,15,2,7.5,,HeadAttackTool,0.2
JRWOviraptor,Jurassic Rimworld - Dinosaurs Only (Continued),left claw,Scratch,3.6,2,1.8,,FrontLeftPaw,
JRWOviraptor,Jurassic Rimworld - Dinosaurs Only (Continued),right claw,Scratch,3.6,2,1.8,,FrontRightPaw,
JRWOviraptor,Jurassic Rimworld - Dinosaurs Only (Continued),teeth,Bite,4.8,2,2.4,,Teeth,0.7
JRWOviraptor,Jurassic Rimworld - Dinosaurs Only (Continued),head,Blunt,2,2,1.0,,HeadAttackTool,0.2
JRWPachycephalosaurus,Jurassic Rimworld - Dinosaurs Only (Continued),teeth,Bite,4.8,2,2.4,,Teeth,0.7
JRWPachycephalosaurus,Jurassic Rimworld - Dinosaurs Only (Continued),head,Blunt,5,2,2.5,,HeadAttackTool,0.2
JRWPachyrhinosaurus,Jurassic Rimworld - Dinosaurs Only (Continued),horn,Scratch,19,2,9.5,,HornAttackTool,
JRWPachyrhinosaurus,Jurassic Rimworld - Dinosaurs Only (Continued),horn,Blunt,19,2,9.5,,HornAttackTool,
JRWPachyrhinosaurus,Jurassic Rimworld - Dinosaurs Only (Continued),,Bite,19,2.6,7.31,,Teeth,0.7
JRWPachyrhinosaurus,Jurassic Rimworld - Dinosaurs Only (Continued),head,Blunt,15,2,7.5,,HeadAttackTool,0.2
JRWParasaurolophus,Jurassic Rimworld - Dinosaurs Only (Continued),,Bite,15,2,7.5,,Teeth,0.7
JRWParasaurolophus,Jurassic Rimworld - Dinosaurs Only (Continued),head,Blunt,15,2,7.5,,HeadAttackTool,0.2
JRWParksosaurus,Jurassic Rimworld - Dinosaurs Only (Continued),left claw,Scratch,3.6,2,1.8,,FrontLeftPaw,
JRWParksosaurus,Jurassic Rimworld - Dinosaurs Only (Continued),right claw,Scratch,3.6,2,1.8,,FrontRightPaw,
JRWParksosaurus,Jurassic Rimworld - Dinosaurs Only (Continued),teeth,Bite,4.8,2,2.4,,Teeth,0.7
JRWParksosaurus,Jurassic Rimworld - Dinosaurs Only (Continued),head,Blunt,2,2,1.0,,HeadAttackTool,0.2
JRWPlatyhystrix,Jurassic Rimworld - Dinosaurs Only (Continued),left foot,Blunt,3,2,1.5,,FrontLeftPaw,
JRWPlatyhystrix,Jurassic Rimworld - Dinosaurs Only (Continued),right foot,Blunt,3,2,1.5,,FrontRightPaw,
JRWPlatyhystrix,Jurassic Rimworld - Dinosaurs Only (Continued),jaw,Bite,3,2,1.5,,Teeth,0.7
JRWPlatyhystrix,Jurassic Rimworld - Dinosaurs Only (Continued),head,Blunt,3,2,1.5,,HeadAttackTool,0.2
JRWPrestosuchus,Jurassic Rimworld - Dinosaurs Only (Continued),,Bite,20,2.6,7.69,,Teeth,1
JRWProtoceratops,Jurassic Rimworld - Dinosaurs Only (Continued),nose,Blunt,5,2,2.5,,HornAttackTool,
JRWProtoceratops,Jurassic Rimworld - Dinosaurs Only (Continued),,Bite,10,2.6,3.85,,Teeth,0.7
JRWProtoceratops,Jurassic Rimworld - Dinosaurs Only (Continued),head,Blunt,5,2,2.5,,HeadAttackTool,0.2
JRWProtosolpuga,Jurassic Rimworld - Dinosaurs Only (Continued),setae,Cut,12,2.6,4.62,,HeadClaw,
JRWProtosolpuga,Jurassic Rimworld - Dinosaurs Only (Continued),head,Blunt,7,2,3.5,,HeadAttackTool,0.2
JRWProtovermes,Jurassic Rimworld - Dinosaurs Only (Continued),left claw,Scratch,6,1.65,3.64,,FrontLeftPaw,
JRWProtovermes,Jurassic Rimworld - Dinosaurs Only (Continued),right claw,Scratch,6,1.65,3.64,,FrontRightPaw,
JRWProtovermes,Jurassic Rimworld - Dinosaurs Only (Continued),,Bite,4,1.65,2.42,,Teeth,
JRWProtovermes,Jurassic Rimworld - Dinosaurs Only (Continued),head,Blunt,1,1.65,0.61,,HeadAttackTool,
JRWPsittacosaurus,Jurassic Rimworld - Dinosaurs Only (Continued),left claw,Scratch,3.6,2,1.8,,FrontLeftPaw,
JRWPsittacosaurus,Jurassic Rimworld - Dinosaurs Only (Continued),right claw,Scratch,3.6,2,1.8,,FrontRightPaw,
JRWPsittacosaurus,Jurassic Rimworld - Dinosaurs Only (Continued),teeth,Bite,4.8,2,2.4,,Teeth,0.7
JRWPsittacosaurus,Jurassic Rimworld - Dinosaurs Only (Continued),head,Blunt,2,2,1.0,,HeadAttackTool,0.2
JRWPteranodon,Jurassic Rimworld - Dinosaurs Only (Continued),,Bite,20,2.6,7.69,,Teeth,1
JRWPulmonoscorpius,Jurassic Rimworld - Dinosaurs Only (Continued),sting,PulVenomSting,10,2.6,3.85,,,1
JRWPulmonoscorpius,Jurassic Rimworld - Dinosaurs Only (Continued),pincers,Cut,5,5,1.0,,HeadClaw,
JRWQantassaurus,Jurassic Rimworld - Dinosaurs Only (Continued),left claw,Scratch,3.6,2,1.8,,FrontLeftPaw,
JRWQantassaurus,Jurassic Rimworld - Dinosaurs Only (Continued),right claw,Scratch,3.6,2,1.8,,FrontRightPaw,
JRWQantassaurus,Jurassic Rimworld - Dinosaurs Only (Continued),teeth,Bite,4.8,2,2.4,,Teeth,0.7
JRWQantassaurus,Jurassic Rimworld - Dinosaurs Only (Continued),head,Blunt,2,2,1.0,,HeadAttackTool,0.2
JRWQuetzalcoatlus,Jurassic Rimworld - Dinosaurs Only (Continued),,Bite,35,2.6,13.46,,Teeth,1
JRWRajasaurus,Jurassic Rimworld - Dinosaurs Only (Continued),,Bite,20,2.6,7.69,,Teeth,1
JRWRhabdodon,Jurassic Rimworld - Dinosaurs Only (Continued),,Bite,15,2,7.5,,Teeth,0.7
JRWRhabdodon,Jurassic Rimworld - Dinosaurs Only (Continued),head,Blunt,15,2,7.5,,HeadAttackTool,0.2
JRWRhamphorhynchus,Jurassic Rimworld - Dinosaurs Only (Continued),left claw,Scratch,3.6,2,1.8,,FrontLeftPaw,
JRWRhamphorhynchus,Jurassic Rimworld - Dinosaurs Only (Continued),right claw,Scratch,3.6,2,1.8,,FrontRightPaw,
JRWRhamphorhynchus,Jurassic Rimworld - Dinosaurs Only (Continued),teeth,Bite,4.8,2,2.4,,Teeth,0.7
JRWRhamphorhynchus,Jurassic Rimworld - Dinosaurs Only (Continued),head,Blunt,2,2,1.0,,HeadAttackTool,0.2
JRWSaltasaurus,Jurassic Rimworld - Dinosaurs Only (Continued),left foot,Blunt,30,2,15.0,,FrontLeftLeg,
JRWSaltasaurus,Jurassic Rimworld - Dinosaurs Only (Continued),right foot,Blunt,30,2,15.0,,FrontRightLeg,
JRWSaltasaurus,Jurassic Rimworld - Dinosaurs Only (Continued),head,Blunt,17,2,8.5,,HeadAttackTool,0.2
JRWSarcosuchus,Jurassic Rimworld - Dinosaurs Only (Continued),,Bite,35,2.6,13.46,,Teeth,1
JRWScutosaurus,Jurassic Rimworld - Dinosaurs Only (Continued),,Bite,15,2,7.5,,Teeth,0.7
JRWScutosaurus,Jurassic Rimworld - Dinosaurs Only (Continued),head,Blunt,15,2,7.5,,HeadAttackTool,0.2
JRWSegnosaurus,Jurassic Rimworld - Dinosaurs Only (Continued),left claw,Scratch,30,2,15.0,,FrontLeftPaw,
JRWSegnosaurus,Jurassic Rimworld - Dinosaurs Only (Continued),right claw,Scratch,30,2,15.0,,FrontRightPaw,
JRWSegnosaurus,Jurassic Rimworld - Dinosaurs Only (Continued),,Bite,10,2.6,3.85,,Teeth,0.7
JRWSegnosaurus,Jurassic Rimworld - Dinosaurs Only (Continued),head,Blunt,10,2,5.0,,HeadAttackTool,0.2
JRWSpinosaurus,Jurassic Rimworld - Dinosaurs Only (Continued),,Bite,40,2.6,15.38,,Teeth,1
JRWStaurikosaurus,Jurassic Rimworld - Dinosaurs Only (Continued),left claw,Scratch,3.6,2,1.8,,FrontLeftPaw,
JRWStaurikosaurus,Jurassic Rimworld - Dinosaurs Only (Continued),right claw,Scratch,3.6,2,1.8,,FrontRightPaw,
JRWStaurikosaurus,Jurassic Rimworld - Dinosaurs Only (Continued),teeth,Bite,4.8,2,2.4,,Teeth,0.7
JRWStaurikosaurus,Jurassic Rimworld - Dinosaurs Only (Continued),head,Blunt,2,2,1.0,,HeadAttackTool,0.2
JRWStegosaurus,Jurassic Rimworld - Dinosaurs Only (Continued),,Bite,10,2,5.0,,Teeth,0.7
JRWStegosaurus,Jurassic Rimworld - Dinosaurs Only (Continued),tail,Scratch,15,2,7.5,,TailAttackTool,0.8
JRWStygimoloch,Jurassic Rimworld - Dinosaurs Only (Continued),teeth,Bite,4.8,2,2.4,,Teeth,0.7
JRWStygimoloch,Jurassic Rimworld - Dinosaurs Only (Continued),head,Stab,10,2,5.0,,HeadAttackTool,0.2
JRWStyracosaurus,Jurassic Rimworld - Dinosaurs Only (Continued),horn,Scratch,19,2,9.5,,HornAttackTool,
JRWStyracosaurus,Jurassic Rimworld - Dinosaurs Only (Continued),horn,Blunt,19,2,9.5,,HornAttackTool,
JRWStyracosaurus,Jurassic Rimworld - Dinosaurs Only (Continued),,Bite,19,2.6,7.31,,Teeth,0.7
JRWStyracosaurus,Jurassic Rimworld - Dinosaurs Only (Continued),head,Blunt,15,2,7.5,,HeadAttackTool,0.2
JRWSuchomimus,Jurassic Rimworld - Dinosaurs Only (Continued),,Bite,20,2.6,7.69,,Teeth,1
JRWSupersaurus,Jurassic Rimworld - Dinosaurs Only (Continued),left foot,Blunt,30,2,15.0,,FrontLeftLeg,
JRWSupersaurus,Jurassic Rimworld - Dinosaurs Only (Continued),right foot,Blunt,30,2,15.0,,FrontRightLeg,
JRWSupersaurus,Jurassic Rimworld - Dinosaurs Only (Continued),head,Blunt,17,2,8.5,,HeadAttackTool,0.2
JRWTanystropheus,Jurassic Rimworld - Dinosaurs Only (Continued),,Bite,20,2.6,7.69,,Teeth,1
JRWTenontosaurus,Jurassic Rimworld - Dinosaurs Only (Continued),,Bite,15,2,7.5,,Teeth,0.7
JRWTenontosaurus,Jurassic Rimworld - Dinosaurs Only (Continued),head,Blunt,15,2,7.5,,HeadAttackTool,0.2
JRWTermitotron,Jurassic Rimworld - Dinosaurs Only (Continued),mandibles,Bite,12,1.0,12.0,,,
JRWTherizinosaurus,Jurassic Rimworld - Dinosaurs Only (Continued),left claw,Scratch,30,2,15.0,,FrontLeftPaw,
JRWTherizinosaurus,Jurassic Rimworld - Dinosaurs Only (Continued),right claw,Scratch,30,2,15.0,,FrontRightPaw,
JRWTherizinosaurus,Jurassic Rimworld - Dinosaurs Only (Continued),,Bite,10,2.6,3.85,,Teeth,0.7
JRWTherizinosaurus,Jurassic Rimworld - Dinosaurs Only (Continued),head,Blunt,10,2,5.0,,HeadAttackTool,0.2
JRWTitanoboa,Jurassic Rimworld - Dinosaurs Only (Continued),fangs,Bite,20,2,10.0,,Mouth,
JRWTitanoboa,Jurassic Rimworld - Dinosaurs Only (Continued),head,Blunt,10,2,5.0,,HeadAttackTool,0.2
JRWTorosaurus,Jurassic Rimworld - Dinosaurs Only (Continued),horn,Scratch,19,2,9.5,,HornAttackTool,
JRWTorosaurus,Jurassic Rimworld - Dinosaurs Only (Continued),horn,Blunt,19,2,9.5,,HornAttackTool,
JRWTorosaurus,Jurassic Rimworld - Dinosaurs Only (Continued),,Bite,19,2.6,7.31,,Teeth,0.7
JRWTorosaurus,Jurassic Rimworld - Dinosaurs Only (Continued),head,Blunt,15,2,7.5,,HeadAttackTool,0.2
JRWTriceratops,Jurassic Rimworld - Dinosaurs Only (Continued),horn,Scratch,19,2,9.5,,HornAttackTool,
JRWTriceratops,Jurassic Rimworld - Dinosaurs Only (Continued),horn,Blunt,19,2,9.5,,HornAttackTool,
JRWTriceratops,Jurassic Rimworld - Dinosaurs Only (Continued),,Bite,19,2.6,7.31,,Teeth,0.7
JRWTriceratops,Jurassic Rimworld - Dinosaurs Only (Continued),head,Blunt,15,2,7.5,,HeadAttackTool,0.2
JRWTroodon,Jurassic Rimworld - Dinosaurs Only (Continued),left claw,Scratch,8,2,4.0,,FrontLeftPaw,0.1
JRWTroodon,Jurassic Rimworld - Dinosaurs Only (Continued),right claw,Scratch,8,2,4.0,,FrontRightPaw,0.1
JRWTroodon,Jurassic Rimworld - Dinosaurs Only (Continued),teeth,TroodonVenomBite,10,2,5.0,,Teeth,1
JRWTupandactylus,Jurassic Rimworld - Dinosaurs Only (Continued),,Bite,20,2.6,7.69,,Teeth,1
JRWTyrannosaurus,Jurassic Rimworld - Dinosaurs Only (Continued),,Bite,40,2.6,15.38,,Teeth,1
JRWUdanoceratops,Jurassic Rimworld - Dinosaurs Only (Continued),nose,Blunt,5,2,2.5,,HornAttackTool,
JRWUdanoceratops,Jurassic Rimworld - Dinosaurs Only (Continued),,Bite,10,2.6,3.85,,Teeth,0.7
JRWUdanoceratops,Jurassic Rimworld - Dinosaurs Only (Continued),head,Blunt,5,2,2.5,,HeadAttackTool,0.2
JRWValdosaurus,Jurassic Rimworld - Dinosaurs Only (Continued),left claw,Scratch,3.6,2,1.8,,FrontLeftPaw,
JRWValdosaurus,Jurassic Rimworld - Dinosaurs Only (Continued),right claw,Scratch,3.6,2,1.8,,FrontRightPaw,
JRWValdosaurus,Jurassic Rimworld - Dinosaurs Only (Continued),teeth,Bite,4.8,2,2.4,,Teeth,0.7
JRWValdosaurus,Jurassic Rimworld - Dinosaurs Only (Continued),head,Blunt,2,2,1.0,,HeadAttackTool,0.2
JRWVelociraptor,Jurassic Rimworld - Dinosaurs Only (Continued),left claw,Scratch,8,2,4.0,,FrontLeftPaw,
JRWVelociraptor,Jurassic Rimworld - Dinosaurs Only (Continued),right claw,Scratch,8,2,4.0,,FrontRightPaw,
JRWVelociraptor,Jurassic Rimworld - Dinosaurs Only (Continued),teeth,Bite,10,2,5.0,,Teeth,0.7
JRWWonambi,Jurassic Rimworld - Dinosaurs Only (Continued),fangs,Bite,10,2,5.0,,Mouth,
JRWWonambi,Jurassic Rimworld - Dinosaurs Only (Continued),head,Blunt,5,2,2.5,,HeadAttackTool,0.2
JRWYangchuanosaurus,Jurassic Rimworld - Dinosaurs Only (Continued),,Bite,35,2.6,13.46,,Teeth,1
JRWYi,Jurassic Rimworld - Dinosaurs Only (Continued),left claw,Scratch,3.6,2,1.8,,FrontLeftPaw,
JRWYi,Jurassic Rimworld - Dinosaurs Only (Continued),right claw,Scratch,3.6,2,1.8,,FrontRightPaw,
JRWYi,Jurassic Rimworld - Dinosaurs Only (Continued),teeth,Bite,4.8,2,2.4,,Teeth,0.7
JRWYi,Jurassic Rimworld - Dinosaurs Only (Continued),head,Blunt,2,2,1.0,,HeadAttackTool,0.2
JRWYurlunggur,Jurassic Rimworld - Dinosaurs Only (Continued),fangs,Bite,10,2,5.0,,Mouth,
JRWYurlunggur,Jurassic Rimworld - Dinosaurs Only (Continued),head,Blunt,5,2,2.5,,HeadAttackTool,0.2
JRWYutyrannus,Jurassic Rimworld - Dinosaurs Only (Continued),,Bite,20,2.6,7.69,,Teeth,1
JRWZalmoxes,Jurassic Rimworld - Dinosaurs Only (Continued),,Bite,15,2,7.5,,Teeth,0.7
JRWZalmoxes,Jurassic Rimworld - Dinosaurs Only (Continued),head,Blunt,15,2,7.5,,HeadAttackTool,0.2
JRWZephyrosaurus,Jurassic Rimworld - Dinosaurs Only (Continued),left claw,Scratch,3.6,2,1.8,,FrontLeftPaw,
JRWZephyrosaurus,Jurassic Rimworld - Dinosaurs Only (Continued),right claw,Scratch,3.6,2,1.8,,FrontRightPaw,
JRWZephyrosaurus,Jurassic Rimworld - Dinosaurs Only (Continued),teeth,Bite,4.8,2,2.4,,Teeth,0.7
JRWZephyrosaurus,Jurassic Rimworld - Dinosaurs Only (Continued),head,Blunt,2,2,1.0,,HeadAttackTool,0.2
TYR_HotfootRat,Little Critters,left claw,Scratch,1,1.5,0.67,,FrontLeftPaw,
TYR_HotfootRat,Little Critters,right claw,Scratch,1,1.5,0.67,,FrontRightPaw,
TYR_HotfootRat,Little Critters,,Bite,1.5,2,0.75,,Teeth,0.7
TYR_HotfootRat,Little Critters,head,Blunt,0.5,2,0.25,,HeadAttackTool,0.2
TYR_KangarooRat,Little Critters,left claw,Scratch,1,1.5,0.67,,FrontLeftPaw,
TYR_KangarooRat,Little Critters,right claw,Scratch,1,1.5,0.67,,FrontRightPaw,
TYR_KangarooRat,Little Critters,,Bite,1.5,2,0.75,,Teeth,0.7
TYR_KangarooRat,Little Critters,head,Blunt,0.5,2,0.25,,HeadAttackTool,0.2
TYR_Lemming,Little Critters,left claw,Scratch,1,1.5,0.67,,FrontLeftPaw,
TYR_Lemming,Little Critters,right claw,Scratch,1,1.5,0.67,,FrontRightPaw,
TYR_Lemming,Little Critters,,Bite,1.5,2,0.75,,Teeth,0.7
TYR_Lemming,Little Critters,head,Blunt,0.5,2,0.25,,HeadAttackTool,0.2
TYR_Mouse,Little Critters,left claw,Scratch,1,1.5,0.67,,FrontLeftPaw,
TYR_Mouse,Little Critters,right claw,Scratch,1,1.5,0.67,,FrontRightPaw,
TYR_Mouse,Little Critters,,Bite,1.5,2,0.75,,Teeth,0.7
TYR_Mouse,Little Critters,head,Blunt,0.5,2,0.25,,HeadAttackTool,0.2
TYR_MousePoison,Little Critters,left claw,Scratch,1,1.5,0.67,,FrontLeftPaw,
TYR_MousePoison,Little Critters,right claw,Scratch,1,1.5,0.67,,FrontRightPaw,
TYR_MousePoison,Little Critters,,Bite,1.5,2,0.75,,Teeth,0.7
TYR_MousePoison,Little Critters,head,Blunt,0.5,2,0.25,,HeadAttackTool,0.2
Arthropleura,Megafauna,,Bite,13,1.65,7.88,,Mouth,
Doedicurus,Megafauna,tail,Blunt,25,3,8.33,,TailWeapon,0.25
Doedicurus,Megafauna,left claw,Scratch,10,1.75,5.71,,FrontLeftPaw,
Doedicurus,Megafauna,right claw,Scratch,10,1.75,5.71,,FrontRightPaw,
Doedicurus,Megafauna,,Bite,16,1.8,8.89,,Teeth,
Daeodon,Megafauna,left hoof,Blunt,14,1.55,9.03,,FrontLeftLeg,
Daeodon,Megafauna,right hoof,Blunt,14,1.55,9.03,,FrontRightLeg,
Daeodon,Megafauna,,Bite,20,1.6,12.5,,Teeth,
Gigantopithecus,Megafauna,left fist,Blunt,22,1.75,12.57,,LeftHand,
Gigantopithecus,Megafauna,right fist,Blunt,22,1.75,12.57,,RightHand,
Gigantopithecus,Megafauna,,Bite,13,1.5,8.67,,Teeth,
Paraceratherium,Megafauna,left hoof,Blunt,19,1.75,10.86,,FrontLeftLeg,
Paraceratherium,Megafauna,right hoof,Blunt,19,1.75,10.86,,FrontRightLeg,
Paraceratherium,Megafauna,,Bite,12,1.5,8.0,,Teeth,
Titanis,Megafauna,claws,Scratch,15,1.2,12.5,,Feet,
Titanis,Megafauna,,Bite,18,1.4,12.86,,Beak,
Titanoboa,Megafauna,,Bite,60,5,12.0,,Mouth,
WoollyMammoth,Megafauna,tusk,Scratch;Stab,25,2.2,11.36,,TuskAttackTool,
WoollyMammoth,Megafauna,left foot,Blunt,16,1.65,9.7,,FrontLeftLeg,
WoollyMammoth,Megafauna,right foot,Blunt,16,1.65,9.7,,FrontRightLeg,
WoollyMammoth,Megafauna,head,Blunt,14,1.65,8.48,,HeadAttackTool,0.01
Elasmotherium,Megafauna,horn,Scratch;Stab,20,1.7,11.76,,HornAttackTool,
Elasmotherium,Megafauna,,Bite,14,1.8,7.78,,Teeth,
Elasmotherium,Megafauna,head,Blunt,12,1.7,7.06,,HeadAttackTool,0.2
Smilodon,Megafauna,left claw,Scratch,16,1.35,11.85,,FrontLeftPaw,
Smilodon,Megafauna,right claw,Scratch,16,1.35,11.85,,FrontRightPaw,
Smilodon,Megafauna,,Bite,21,1.6,13.12,,Teeth,
Chalicotherium,Megafauna,left claw,Scratch,20,1.7,11.76,,FrontLeftPaw,
Chalicotherium,Megafauna,right claw,Scratch,20,1.7,11.76,,FrontRightPaw,
Chalicotherium,Megafauna,,Bite,12,1.3,9.23,,Teeth,
Megaloceros,Megafauna,left hoof,Blunt,12,1.65,7.27,,FrontLeftLeg,
Megaloceros,Megafauna,right hoof,Blunt,12,1.65,7.27,,FrontRightLeg,
Megaloceros,Megafauna,head,Blunt,22,1.65,13.33,,HeadAttackTool,0.25
Procoptodon,Megafauna,feet,Blunt,17,1,17.0,,Feet,0.3
Procoptodon,Megafauna,left fist,Blunt,15,1,15.0,,LeftHand,
Procoptodon,Megafauna,right fist,Blunt,15,1,15.0,,RightHand,
Procoptodon,Megafauna,,Bite,12,1.6,7.5,,Teeth,
Megalania,Megafauna,left claw,Scratch,18,1.35,13.33,,FrontLeftClaws,
Megalania,Megafauna,right claw,Scratch,18,1.35,13.33,,FrontRightClaws,
Megalania,Megafauna,,ToxicBite,22,1.7,12.94,,Teeth,
Gomphotaria,Megafauna,,Bite,30,2,15.0,,Teeth,
Diprotodon,Megafauna,left claw,Scratch,14,1.55,9.03,,FrontLeftPaw,
Diprotodon,Megafauna,right claw,Scratch,14,1.55,9.03,,FrontRightPaw,
Diprotodon,Megafauna,,Bite,19,2,9.5,,Teeth,
ShortfacedBear,Megafauna,left claw,Scratch,20,2.2,9.09,,FrontLeftPaw,
ShortfacedBear,Megafauna,right claw,Scratch,20,2.2,9.09,,FrontRightPaw,
ShortfacedBear,Megafauna,,Bite,23,1.75,13.14,,Teeth,
Dinocrocuta,Megafauna,left claw,Scratch,17,1.45,11.72,,FrontLeftPaw,
Dinocrocuta,Megafauna,right claw,Scratch,17,1.45,11.72,,FrontRightPaw,
Dinocrocuta,Megafauna,,Bite,23,1.8,12.78,,Teeth,
Sivatherium,Megafauna,left hoof,Blunt,13,1.75,7.43,,FrontLeftLeg,
Sivatherium,Megafauna,right hoof,Blunt,13,1.75,7.43,,FrontRightLeg,
Sivatherium,Megafauna,head,Blunt,18,1.65,10.91,,HeadAttackTool,0.5
Sivatherium,Megafauna,,Bite,10,1.7,5.88,,Teeth,
Andrewsarchus,Megafauna,left claw,Scratch,18,1.55,11.61,,FrontLeftPaw,
Andrewsarchus,Megafauna,right claw,Scratch,18,1.55,11.61,,FrontRightPaw,
Andrewsarchus,Megafauna,,Bite,26,1.9,13.68,,Teeth,
Dinornis,Megafauna,claws,Scratch,12,1.4,8.57,,Feet,
Dinornis,Megafauna,,Bite,11,1.8,6.11,,Beak,
Macrauchenia,Megafauna,left hoof,Blunt,10,1.85,5.41,,FrontLeftLeg,
Macrauchenia,Megafauna,right hoof,Blunt,10,1.85,5.41,,FrontRightLeg,
Macrauchenia,Megafauna,,Bite,8,2,4.0,,Teeth,0.3
Quinkana,Megafauna,left claw,Scratch,19,1.45,13.1,,FrontLeftClaws,
Quinkana,Megafauna,right claw,Scratch,19,1.45,13.1,,FrontRightClaws,
Quinkana,Megafauna,,Bite,28,1.9,14.74,,Teeth,
Deinotherium,Megafauna,tusk,Scratch;Stab,34,2.3,14.78,,TuskAttackTool,
Deinotherium,Megafauna,left foot,Blunt,18,1.75,10.29,,FrontLeftLeg,
Deinotherium,Megafauna,right foot,Blunt,18,1.75,10.29,,FrontRightLeg,
Deinotherium,Megafauna,head,Blunt,15,1.65,9.09,,HeadAttackTool,0.01
Aurochs,Megafauna,left hoof,Blunt,10,1.65,6.06,,FrontLeftLeg,
Aurochs,Megafauna,right hoof,Blunt,10,1.65,6.06,,FrontRightLeg,
Aurochs,Megafauna,horn,Blunt;Stab,18,1.35,13.33,,HornAttackTool,0.45
Aurochs,Megafauna,head,Blunt,15,1.65,9.09,,HeadAttackTool,0.25
Megalochelys,Megafauna,beak,Bite,15,2.4,6.25,,TurtleBeakAttackTool,
Megalochelys,Megafauna,head,Blunt,13,2.6,5.0,,HeadAttackTool,0.2
Palaeeudyptes,Megafauna,claws,Scratch,13,1.2,10.83,,Feet,
Palaeeudyptes,Megafauna,,Bite,16,1.4,11.43,,Beak,
Josephoartigasia,Megafauna,left claw,Scratch,13,1.35,9.63,,FrontLeftPaw,
Josephoartigasia,Megafauna,right claw,Scratch,13,1.35,9.63,,FrontRightPaw,
Josephoartigasia,Megafauna,,Bite,16,1.7,9.41,,Teeth,
Gigantophis,Megafauna,,Bite,45,4,11.25,,Mouth,
Meganeura,Megafauna,,Bite,8,0.75,10.67,,Mouth,
Zygolophodon,Megafauna,tusk,Scratch;Stab,33,2.5,13.2,,TuskAttackTool,
Zygolophodon,Megafauna,left foot,Blunt,18,1.75,10.29,,FrontLeftLeg,
Zygolophodon,Megafauna,right foot,Blunt,18,1.75,10.29,,FrontRightLeg,
Zygolophodon,Megafauna,head,Blunt,14,1.65,8.48,,HeadAttackTool,0.01
Platybelodon,Megafauna,tusk,Scratch;Stab,20,2.5,8.0,,TuskAttackTool,
Platybelodon,Megafauna,left foot,Blunt,12,1.85,6.49,,FrontLeftLeg,
Platybelodon,Megafauna,right foot,Blunt,12,1.85,6.49,,FrontRightLeg,
Platybelodon,Megafauna,head,Blunt,10,1.85,5.41,,HeadAttackTool,0.01
Purussaurus,Megafauna,left claw,Scratch,30,1.65,18.18,,FrontLeftClaws,
Purussaurus,Megafauna,right claw,Scratch,30,1.65,18.18,,FrontRightClaws,
Purussaurus,Megafauna,,Bite,45,2,22.5,,Teeth,
Uintatherium,Megafauna,horns,Scratch;Stab,14,2,7.0,,HornAttackTool,
Uintatherium,Megafauna,,Bite,13,2,6.5,,Teeth,
Uintatherium,Megafauna,head,Blunt,14,2,7.0,,HeadAttackTool,0.2
Pulmonoscorpius,Megafauna,left pincer,Scratch,13,1.25,10.4,,LeftPincer,
Pulmonoscorpius,Megafauna,right pincer,Scratch,13,1.25,10.4,,RightPincer,
Pulmonoscorpius,Megafauna,stinger,ToxicSting,17,1.7,10.0,,Stinger,0.4
Pulmonoscorpius,Megafauna,,Bite,13,1.55,8.39,,Mouth,
Dinopithecus,Megafauna,left hand,Blunt;Scratch,17,1.4,12.14,,LeftHand,
Dinopithecus,Megafauna,right hand,Blunt;Scratch,17,1.4,12.14,,RightHand,
Dinopithecus,Megafauna,,Bite,17,1.5,11.33,,Teeth,
Castoroides,Megafauna,left claw,Scratch,12,1.5,8.0,,FrontLeftPaw,
Castoroides,Megafauna,right claw,Scratch,12,1.5,8.0,,FrontRightPaw,
Castoroides,Megafauna,,Bite,14,1.75,8.0,,Teeth,0.7
Castoroides,Megafauna,head,Blunt,9,2,4.5,,HeadAttackTool,0.2
Enhydriodon,Megafauna,left claw,Scratch,17,1.55,10.97,,FrontLeftPaw,
Enhydriodon,Megafauna,right claw,Scratch,17,1.55,10.97,,FrontRightPaw,
Enhydriodon,Megafauna,,Bite,19,1.55,12.26,,Teeth,
MO_AbominationRace,Mo'Events (Continued),left fist,Blunt,12.0,2,6.0,,LeftHand,
MO_AbominationRace,Mo'Events (Continued),right fist,Blunt,12.0,2,6.0,,RightHand,
MO_AbominationRace,Mo'Events (Continued),teeth,Bite,8.2,2,4.1,,Teeth,0.07
MO_AbominationRace,Mo'Events (Continued),head,Blunt,8.5,2,4.25,,HeadAttackTool,0.2
MA_Aminox,Mythic Ages: Megafauna Bestiary,horn,Scratch;Stab,14,2.6,5.38,,HornAttackTool,
MA_Aminox,Mythic Ages: Megafauna Bestiary,,Bite,10,2,5.0,,Teeth,0.5
MA_Aminox,Mythic Ages: Megafauna Bestiary,head,Blunt,8,2,4.0,,HeadAttackTool,0.45
MA_Capryak,Mythic Ages: Megafauna Bestiary,horn,Scratch;Stab,16,2.5,6.4,,HornAttackTool,
MA_Capryak,Mythic Ages: Megafauna Bestiary,,Bite,10,2,5.0,,Teeth,0.5
MA_Capryak,Mythic Ages: Megafauna Bestiary,head,Blunt,9,2,4.5,,HeadAttackTool,0.45
MA_Deermoss,Mythic Ages: Megafauna Bestiary,horn,Scratch;Stab,18,2,9.0,,HornAttackTool,
MA_Deermoss,Mythic Ages: Megafauna Bestiary,,Bite,8,2,4.0,,Teeth,0.6
MA_Deermoss,Mythic Ages: Megafauna Bestiary,head,Blunt,12,2,6.0,,HeadAttackTool,0.5
MA_Direhorse,Mythic Ages: Megafauna Bestiary,left hoof,Blunt;Poke,12,2.5,4.8,,FrontLeftLeg,
MA_Direhorse,Mythic Ages: Megafauna Bestiary,right hoof,Blunt;Poke,12,2.5,4.8,,FrontRightLeg,
MA_Direhorse,Mythic Ages: Megafauna Bestiary,head,Blunt,10,2.4,4.17,,HeadAttackTool,0.3
MA_Dunbear,Mythic Ages: Megafauna Bestiary,claw,Scratch,20,2.0,10.0,,FrontLeftPaw,
MA_Dunbear,Mythic Ages: Megafauna Bestiary,bite,Bite,22,2.8,7.86,,Teeth,
MA_Dunbear,Mythic Ages: Megafauna Bestiary,head,Blunt,16,3.2,5.0,,HeadAttackTool,0.3
MA_Duskhorn,Mythic Ages: Megafauna Bestiary,horn,Scratch;Stab,15,2.4,6.25,,HornAttackTool,
MA_Duskhorn,Mythic Ages: Megafauna Bestiary,,Bite,10,2,5.0,,Teeth,0.5
MA_Duskhorn,Mythic Ages: Megafauna Bestiary,head,Blunt,8,2,4.0,,HeadAttackTool,0.45
MA_Furpotamus,Mythic Ages: Megafauna Bestiary,bite,Bite,20,2,10.0,,,1
MA_Furpotamus,Mythic Ages: Megafauna Bestiary,slam,Blunt,20,2.8,7.14,,FrontLeftLeg,0.5
MA_Gnaut,Mythic Ages: Megafauna Bestiary,horn,Scratch;Stab,10,2.5,4.0,,HornAttackTool,
MA_Gnaut,Mythic Ages: Megafauna Bestiary,,Bite,9,2,4.5,,Teeth,0.5
MA_Gnaut,Mythic Ages: Megafauna Bestiary,head,Blunt,7,2,3.5,,HeadAttackTool,0.45
MA_Harpeagle,Mythic Ages: Megafauna Bestiary,claws,Scratch,10,2.0,5.0,,Feet,
MA_Harpeagle,Mythic Ages: Megafauna Bestiary,beak,Scratch,10,2.0,5.0,,Beak,
MA_Hellboar,Mythic Ages: Megafauna Bestiary,Infectious bite,Bite,17,2.2,7.73,,Teeth,0.6
MA_Hellboar,Mythic Ages: Megafauna Bestiary,gnashing bite,Bite,12,1.6,7.5,,Teeth,0.25
MA_Hellboar,Mythic Ages: Megafauna Bestiary,crushing bite,Bite,28,6.0,4.67,,Teeth,0.15
MA_Manehound,Mythic Ages: Megafauna Bestiary,bite,Bite,18,2.2,8.18,,Teeth,0.5
MA_Manehound,Mythic Ages: Megafauna Bestiary,left fang,Bite,14,1.9,7.37,,Teeth,0.25
MA_Manehound,Mythic Ages: Megafauna Bestiary,right fang,Bite,14,1.9,7.37,,Teeth,0.25
MA_Manehound,Mythic Ages: Megafauna Bestiary,head,Blunt,11,2.2,5.0,,HeadAttackTool,0.2
MA_Narkospider,Mythic Ages: Megafauna Bestiary,venom bite,Bite,5,2.2,2.27,,Mouth,0.35
MA_Narkospider,Mythic Ages: Megafauna Bestiary,crushing fangs,Blunt,7,1.8,3.89,,Mouth,0.65
MA_Plastemmoth,Mythic Ages: Megafauna Bestiary,tusk,Scratch;Stab,22,3.3,6.67,,TuskAttackTool,
MA_Plastemmoth,Mythic Ages: Megafauna Bestiary,,Bite,10,3.3,3.03,,Teeth,0.6
MA_Plastemmoth,Mythic Ages: Megafauna Bestiary,head,Blunt,20,2.5,8.0,,HeadAttackTool,0.5
MA_Plastemmoth,Mythic Ages: Megafauna Bestiary,trampling stomp,Blunt,28,5.5,5.09,,HeadAttackTool,0.1
MA_PlastemmothAlpha,Mythic Ages: Megafauna Bestiary,tusk,Scratch;Stab,32,3.2,10.0,,TuskAttackTool,
MA_PlastemmothAlpha,Mythic Ages: Megafauna Bestiary,,Bite,16,3.3,4.85,,Teeth,0.6
MA_PlastemmothAlpha,Mythic Ages: Megafauna Bestiary,head,Blunt,32,2.6,12.31,,HeadAttackTool,0.5
MA_Raptorkhan,Mythic Ages: Megafauna Bestiary,claws,Scratch,19,1.8,10.56,,Feet,
MA_Raptorkhan,Mythic Ages: Megafauna Bestiary,beak,Scratch,14,2.0,7.0,,Beak,
MA_Raptorkhan,Mythic Ages: Megafauna Bestiary,head,Blunt,10,2.5,4.0,,HeadAttackTool,0.2
MA_Scarodon,Mythic Ages: Megafauna Bestiary,left saber fang,Bite,24,1.7,14.12,,Teeth,0.55
MA_Scarodon,Mythic Ages: Megafauna Bestiary,right saber fang,Bite,24,1.7,14.12,,Teeth,0.55
MA_Scarodon,Mythic Ages: Megafauna Bestiary,claw swipe,Scratch,18,2.3,7.83,,FrontLeftPaw,
MA_Scarodon,Mythic Ages: Megafauna Bestiary,punch,Blunt,18,3.2,5.62,,HeadAttackTool,0.4
MA_Simbakub,Mythic Ages: Megafauna Bestiary,fangs,Bite,11,2.3,4.78,,Teeth,
MA_Simbakub,Mythic Ages: Megafauna Bestiary,claw,Scratch,8,2.3,3.48,,FrontLeftPaw,
MA_Simbakub,Mythic Ages: Megafauna Bestiary,headbutt,Blunt,8,2.2,3.64,,HeadAttackTool,
MA_SimbakubAlpha,Mythic Ages: Megafauna Bestiary,fangs,Bite,20,2.1,9.52,,Teeth,
MA_SimbakubAlpha,Mythic Ages: Megafauna Bestiary,claw,Scratch,17,2.1,8.1,,FrontLeftPaw,
MA_SimbakubAlpha,Mythic Ages: Megafauna Bestiary,headbutt,Blunt,15,2.0,7.5,,HeadAttackTool,
MA_Sivatherium,Mythic Ages: Megafauna Bestiary,horns,Scratch;Stab,18,2.6,6.92,,HornAttackTool,
MA_Sivatherium,Mythic Ages: Megafauna Bestiary,,Bite,9,2.2,4.09,,Teeth,0.5
MA_Sivatherium,Mythic Ages: Megafauna Bestiary,head,Blunt,12,2.2,5.45,,HeadAttackTool,0.45
MA_Sporemole,Mythic Ages: Megafauna Bestiary,gnawing bite,Bite,12,1.6,7.5,,Teeth,
MA_Sporemole,Mythic Ages: Megafauna Bestiary,crushing bite,Bite,18,2.5,7.2,,Teeth,0.4
MA_Sporemole,Mythic Ages: Megafauna Bestiary,head slam,Blunt,10,2.0,5.0,,HeadAttackTool,0.3
MA_Worhin,Mythic Ages: Megafauna Bestiary,horn,Stab;Scratch,28,2.8,10.0,,HornAttackTool,
MA_Worhin,Mythic Ages: Megafauna Bestiary,slam,Blunt,22,2.6,8.46,,HeadAttackTool,
IronScruff_Tardigrade,Primordial Geysers,head,Blunt,10,2.9,3.45,,HeadAttackTool,
IronScruff_Tardigrade,Primordial Geysers,,Bite,15,2,7.5,,Mouth,0.5
IronScruff_Tardigrade,Primordial Geysers,left claw,Scratch,12,1.8,6.67,,FrontRightClaws,
IronScruff_Tardigrade,Primordial Geysers,right claw,Scratch,12,1.8,6.67,,FrontRightClaws,
IronScruff_Hydrazoa,Primordial Geysers,,Bite,14,2,7.0,,Mouth,0.5
IronScruff_Hydrazoa,Primordial Geysers,lashing tentacle,Scratch,12,1.4,8.57,,ISCnidTentacles,
IronScruff_Flatworm,Primordial Geysers,bite,Bite,12,2,6.0,,Mouth,
IronScruff_Flatworm,Primordial Geysers,head,Blunt,3,2,1.5,,HeadAttackTool,0.2
IronScruff_Jellybird,Primordial Geysers,stinging tentacle,ToxicBite,3.6,1.4,2.57,,ISCnidTentacles,
IronScruff_Jellybird,Primordial Geysers,head,Blunt,2,2,1.0,,HeadAttackTool,0.2
Ling_Cockroach,Rim cockroach,口器,Bite,35,1.5,23.33,,Mouth,
Ling_Cockroach,Rim cockroach,头,Blunt,20,2,10.0,,HeadAttackTool,0.1
Ling_Cockroach_Mechanoid,Rim cockroach,口器,Bite,39,2,19.5,,HeadAttackTool,
Ling_Cockroach,Rim cockroach,口器,Bite,35,1.5,23.33,,Mouth,
Ling_Cockroach,Rim cockroach,头,Blunt,20,2,10.0,,HeadAttackTool,0.1
Ling_Cockroach_Mechanoid,Rim cockroach,口器,Bite,39,2,19.5,,HeadAttackTool,
Skunk,Skunks,,Bite,3.4,2,1.7,,Teeth,
Skunk,Skunks,head,Blunt,1.5,2,0.75,,HeadAttackTool,0.2
Scuttlebug,Space Worms (Continued),face teeth,ScuttlebugCapacity,5,2,2.5,,Mouth,
Dewback,Star Wars Animal Collection (Continued),tail,Blunt,8,2,4.0,,SWTailAttackTool,
Dewback,Star Wars Animal Collection (Continued),head,Blunt,15,2,7.5,,HeadAttackTool,0.2
Rancor,Star Wars Animal Collection (Continued),left hand,Scratch;Cut,20,2,10.0,,SWLeftFingerClaw,0.2
Rancor,Star Wars Animal Collection (Continued),right hand,Scratch;Cut,20,2,10.0,,SWRightFingerClaw,0.2
Rancor,Star Wars Animal Collection (Continued),teeth,Bite,30,2,15.0,,Teeth,
Rancor,Star Wars Animal Collection (Continued),left foot,Blunt,12,2,6.0,,Feet,
Rancor,Star Wars Animal Collection (Continued),right foot,Blunt,12,2,6.0,,Feet,
Rancor,Star Wars Animal Collection (Continued),head,Blunt,15,2,7.5,,HeadAttackTool,0.2
Bantha,Star Wars Animal Collection (Continued),horns,Scratch;Stab,23,2.4,9.58,,HornAttackTool,
Bantha,Star Wars Animal Collection (Continued),horns,Scratch;Stab,23,2.4,9.58,,HornAttackTool,
Bantha,Star Wars Animal Collection (Continued),head,Blunt,13,2.6,5.0,,HeadAttackTool,
Bantha,Star Wars Animal Collection (Continued),left hoof,Blunt;Poke,10,2,5.0,,FrontLeftLeg,
Bantha,Star Wars Animal Collection (Continued),right hoof,Blunt;Poke,10,2,5.0,,FrontRightLeg,
Bantha,Star Wars Animal Collection (Continued),,Bite,10,2,5.0,,Teeth,0.5
Nexu,Star Wars Animal Collection (Continued),left claw,Scratch;Stab,11,1.5,7.33,,FrontLeftPaw,
Nexu,Star Wars Animal Collection (Continued),right claw,Scratch;Stab,11,1.5,7.33,,FrontRightPaw,
Nexu,Star Wars Animal Collection (Continued),teeth,Bite,15,2,7.5,,Teeth,0.9
Nexu,Star Wars Animal Collection (Continued),tail,Blunt,5,2,2.5,,SWTailAttackTool,0.2
Acklay,Star Wars Animal Collection (Continued),,Cut;Stab,20,2.0,10.0,,SWLeftLegClawAttackTool,
Acklay,Star Wars Animal Collection (Continued),,Cut;Stab,20,2.0,10.0,,SWRightLegClawAttackTool,
Acklay,Star Wars Animal Collection (Continued),teeth,Bite,14,1.4,10.0,,Teeth,0.5
Acklay,Star Wars Animal Collection (Continued),head,Blunt,10,2.4,4.17,,HeadAttackTool,0.2
Tauntaun,Star Wars Animal Collection (Continued),left claws,Scratch;Stab,7,1.2,5.83,,SWLeftLegClawAttackTool,
Tauntaun,Star Wars Animal Collection (Continued),right claws,Scratch;Stab,7,1.2,5.83,,SWRightLegClawAttackTool,
Tauntaun,Star Wars Animal Collection (Continued),teeth,Bite,8,1.4,5.71,,Teeth,0.5
Tauntaun,Star Wars Animal Collection (Continued),head,Blunt,13,2.6,5.0,,HeadAttackTool,
KraytDragon,Star Wars Animal Collection (Continued),front left leg,Blunt,22,2,11.0,,Feet,
KraytDragon,Star Wars Animal Collection (Continued),front right leg,Blunt,22,2,11.0,,Feet,
KraytDragon,Star Wars Animal Collection (Continued),teeth,Bite,30,2,15.0,,Teeth,0.7
KraytDragon,Star Wars Animal Collection (Continued),Tail,Blunt;Stab,30,3,10.0,,SWTailAttackTool,
KraytDragon,Star Wars Animal Collection (Continued),head,Blunt,15,2,7.5,,HeadAttackTool,0.2
Reek,Star Wars Animal Collection (Continued),horn,Stab,19,2,9.5,,SWHornAttackTool,
Reek,Star Wars Animal Collection (Continued),horn,Scratch,19,2,9.5,,SWHornAttackTool,
Reek,Star Wars Animal Collection (Continued),horn,Blunt,19,2,9.5,,SWHornAttackTool,
Reek,Star Wars Animal Collection (Continued),,Bite,19,2.6,7.31,,Teeth,0.7
Reek,Star Wars Animal Collection (Continued),head,Blunt,15,2,7.5,,HeadAttackTool,0.2
Reek,Star Wars Animal Collection (Continued),front left hoof,Blunt;Scratch,10,2,5.0,,FrontLeftPaw,
Reek,Star Wars Animal Collection (Continued),front right hoof,Blunt;Scratch,10,2,5.0,,FrontRightPaw,
Nerf,Star Wars Animal Collection (Continued),horns,Scratch;Stab,8,1.65,4.85,,HornAttackTool,
Nerf,Star Wars Animal Collection (Continued),,Bite,8.8,2.6,3.38,,Teeth,0.7
Nerf,Star Wars Animal Collection (Continued),left hoof,Blunt;Poke,8,2,4.0,,FrontLeftLeg,
Nerf,Star Wars Animal Collection (Continued),right hoof,Blunt;Poke,8,2,4.0,,FrontRightLeg,
Nerf,Star Wars Animal Collection (Continued),head,Blunt,7,2,3.5,,HeadAttackTool,0.2
Gizka,Star Wars Animal Collection (Continued),left foot,Blunt,2,2,1.0,,Feet,
Gizka,Star Wars Animal Collection (Continued),right foot,Blunt,2,2,1.0,,Feet,
Gizka,Star Wars Animal Collection (Continued),,Bite,4,2.6,1.54,,Teeth,0.7
Gizka,Star Wars Animal Collection (Continued),head,Blunt,3,2,1.5,,HeadAttackTool,0.2
Porg,Star Wars Animal Collection (Continued),claws,Scratch,2,1.5,1.33,,Feet,
Porg,Star Wars Animal Collection (Continued),beak,Bite,3,2,1.5,,Beak,
Porg,Star Wars Animal Collection (Continued),head,Blunt,1,1.5,0.67,,HeadAttackTool,0.2
Vulptex,Star Wars Animal Collection (Continued),left claw,Scratch,3.6,2,1.8,,FrontLeftPaw,
Vulptex,Star Wars Animal Collection (Continued),right claw,Scratch,3.6,2,1.8,,FrontRightPaw,
Vulptex,Star Wars Animal Collection (Continued),cute little teeth,Bite,4.8,2,2.4,,Teeth,0.7
Vulptex,Star Wars Animal Collection (Continued),head,Blunt,2,2,1.0,,HeadAttackTool,0.2
Wampa,Star Wars Animal Collection (Continued),left leg,Blunt,22,2,11.0,,Feet,
Wampa,Star Wars Animal Collection (Continued),right leg,Blunt,22,2,11.0,,Feet,
Wampa,Star Wars Animal Collection (Continued),teeth,Bite,30,2,15.0,,Teeth,
Wampa,Star Wars Animal Collection (Continued),head,Blunt,15,2,7.5,,HeadAttackTool,0.2
Wampa,Star Wars Animal Collection (Continued),left claw,Scratch,17,2,8.5,,SWLeftFingerClaw,
Wampa,Star Wars Animal Collection (Continued),right claw,Scratch,17,2,8.5,,SWLeftFingerClaw,
Akk,Star Wars Animal Collection (Continued),teeth,Bite,20,2,10.0,,Teeth,
Akk,Star Wars Animal Collection (Continued),tail,Blunt,8,2,4.0,,SWTailAttackTool,
Akk,Star Wars Animal Collection (Continued),head,Blunt,15,2,7.5,,HeadAttackTool,0.2
Aiwha,Star Wars Animal Collection (Continued),tail,Blunt,8,2,4.0,,SWTailAttackTool,
Aiwha,Star Wars Animal Collection (Continued),head,Blunt,15,2,7.5,,HeadAttackTool,0.2
Anooba,Star Wars Animal Collection (Continued),left paw,Scratch,10.9,2,5.45,,FrontLeftPaw,0.5
Anooba,Star Wars Animal Collection (Continued),right paw,Scratch,10.9,2,5.45,,FrontRightPaw,0.5
Anooba,Star Wars Animal Collection (Continued),,Bite,16,2,8.0,,Teeth,0.9
Anooba,Star Wars Animal Collection (Continued),head,Blunt,6,2,3.0,,HeadAttackTool,0.2
Behemoth,Star Wars Animal Collection (Continued),tusk,Scratch;Stab,28,2,14.0,,TuskAttackTool,
Behemoth,Star Wars Animal Collection (Continued),left foot,Blunt,19,2,9.5,,FrontLeftPaw,
Behemoth,Star Wars Animal Collection (Continued),right foot,Blunt,19,2,9.5,,FrontRightPaw,
Behemoth,Star Wars Animal Collection (Continued),head,Blunt,19,2,9.5,,HeadAttackTool,0.2
Beldon,Star Wars Animal Collection (Continued),left lappet,Blunt;ScratchToxic,11,2,5.5,,SWTentacleAttackTool,
Beldon,Star Wars Animal Collection (Continued),right lappet,Poke;ScratchToxic,11,2,5.5,,SWTentacleAttackTool,
Boarwolf,Star Wars Animal Collection (Continued),left paw,Scratch,12,2,6.0,,FrontLeftPaw,0.5
Boarwolf,Star Wars Animal Collection (Continued),right paw,Scratch,12,2,6.0,,FrontRightPaw,0.5
Boarwolf,Star Wars Animal Collection (Continued),,Bite,18,2,9.0,,Teeth,0.9
Boarwolf,Star Wars Animal Collection (Continued),head,Blunt,6,2,3.0,,HeadAttackTool,0.2
Blarth,Star Wars Animal Collection (Continued),left paw,Scratch,3.6,2,1.8,,FrontLeftPaw,
Blarth,Star Wars Animal Collection (Continued),right paw,Scratch,3.6,2,1.8,,FrontRightPaw,
Blarth,Star Wars Animal Collection (Continued),cute teeth,Bite,5.8,2,2.9,,Teeth,0.7
Blarth,Star Wars Animal Collection (Continued),head,Blunt,4,2,2.0,,HeadAttackTool,0.2
Blixus,Star Wars Animal Collection (Continued),left tentacle,Blunt,18,2,9.0,,SWTentacleAttackTool,
Blixus,Star Wars Animal Collection (Continued),central tentacle,Poke,18,2,9.0,,SWTentacleAttackTool,
Blixus,Star Wars Animal Collection (Continued),right tentacle,Poke,18,2,9.0,,SWTentacleAttackTool,
Blixus,Star Wars Animal Collection (Continued),,Bite,24,2.6,9.23,,Teeth,0.7
Blurrg,Star Wars Animal Collection (Continued),left claws,Scratch,3.6,2,1.8,,SWLeftArmClawAttackTool,
Blurrg,Star Wars Animal Collection (Continued),right claws,Scratch,3.6,2,1.8,,SWRightArmClawAttackTool,
Blurrg,Star Wars Animal Collection (Continued),,Bite,19,2,9.5,,Teeth,0.7
Blurrg,Star Wars Animal Collection (Continued),head,Blunt,15,2,7.5,,HeadAttackTool,0.2
Bolotaur,Star Wars Animal Collection (Continued),claws,Scratch,8,1.5,5.33,,FrontLeftClaws,
Bolotaur,Star Wars Animal Collection (Continued),claws,Scratch,8,1.5,5.33,,FrontRightClaws,
Bolotaur,Star Wars Animal Collection (Continued),,Bite,14,2,7.0,,Teeth,0.7
Bolotaur,Star Wars Animal Collection (Continued),head,Blunt,16,2,8.0,,HeadAttackTool,0.2
Bogwing,Star Wars Animal Collection (Continued),left clawed paw,Scratch,8,1.5,5.33,,FrontLeftPaw,
Bogwing,Star Wars Animal Collection (Continued),right clawed paw,Scratch,8,1.5,5.33,,FrontRightPaw,
Bogwing,Star Wars Animal Collection (Continued),beak,Bite,12,2,6.0,,Teeth,
Bogwing,Star Wars Animal Collection (Continued),head,Blunt,6,1.5,4.0,,HeadAttackTool,0.2
Boma,Star Wars Animal Collection (Continued),tail,Blunt,14,2.2,6.36,,SWTailAttackTool,
Boma,Star Wars Animal Collection (Continued),horn,Scratch,12,2,6.0,,SWHornAttackTool,
Boma,Star Wars Animal Collection (Continued),horn,Scratch,12,2,6.0,,SWHornAttackTool,
Boma,Star Wars Animal Collection (Continued),,Bite,16,2,8.0,,Teeth,0.6
Boma,Star Wars Animal Collection (Continued),head,Blunt,10,2,5.0,,HeadAttackTool,0.2
Bordok,Star Wars Animal Collection (Continued),head,Blunt,12,2.9,4.14,,HeadAttackTool,
Bordok,Star Wars Animal Collection (Continued),left hoof,Blunt;Poke,8,2,4.0,,FrontLeftLeg,
Bordok,Star Wars Animal Collection (Continued),right hoof,Blunt;Poke,8,2,4.0,,FrontRightLeg,
Bordok,Star Wars Animal Collection (Continued),horn,Scratch;Stab,6,2,3.0,,HornAttackTool,
Borcatu,Star Wars Animal Collection (Continued),left claw,Scratch,6,2,3.0,,FrontLeftPaw,
Borcatu,Star Wars Animal Collection (Continued),right claw,Scratch,6,2,3.0,,FrontRightPaw,
Borcatu,Star Wars Animal Collection (Continued),,PorcupineBite,6,2,3.0,,Teeth,0.7
Borcatu,Star Wars Animal Collection (Continued),head,Blunt,6,2,3.0,,HeadAttackTool,0.2
Brezak,Star Wars Animal Collection (Continued),tail,Blunt,16,2,8.0,,SWTailAttackTool,0.2
Brezak,Star Wars Animal Collection (Continued),claws,Scratch,8,1.5,5.33,,FrontLeftClaws,
Brezak,Star Wars Animal Collection (Continued),claws,Scratch,8,1.5,5.33,,FrontRightClaws,
Brezak,Star Wars Animal Collection (Continued),,Bite,14,2,7.0,,Teeth,0.7
Bursa,Star Wars Animal Collection (Continued),left claw,Scratch,14,2,7.0,,FrontLeftPaw,
Bursa,Star Wars Animal Collection (Continued),right claw,Scratch,14,2,7.0,,FrontRightPaw,
Bursa,Star Wars Animal Collection (Continued),,Bite,26,2.6,10.0,,Teeth,0.5
Bursa,Star Wars Animal Collection (Continued),head,Blunt,12,2,6.0,,HeadAttackTool,0.2
CanCell,Star Wars Animal Collection (Continued),mandibles,Bite,7,2,3.5,,Mouth,
CanCell,Star Wars Animal Collection (Continued),head,Blunt,6,2,3.0,,HeadAttackTool,0.2
Cannok,Star Wars Animal Collection (Continued),left tridactyl claw,Scratch,7.2,2,3.6,,FrontLeftPaw,
Cannok,Star Wars Animal Collection (Continued),right tridactyl claw,Scratch,7.2,2,3.6,,FrontRightPaw,
Cannok,Star Wars Animal Collection (Continued),,Bite,9.7,2,4.85,,Teeth,0.6
Cannok,Star Wars Animal Collection (Continued),head,Blunt,5,2,2.5,,HeadAttackTool,0.2
ChrysalideRancor,Star Wars Animal Collection (Continued),left hand,Scratch;Cut,30,2,15.0,,SWLeftFingerClaw,0.2
ChrysalideRancor,Star Wars Animal Collection (Continued),right hand,Scratch;Cut,30,2,15.0,,SWRightFingerClaw,0.2
ChrysalideRancor,Star Wars Animal Collection (Continued),teeth,Bite,40,2,20.0,,Teeth,
ChrysalideRancor,Star Wars Animal Collection (Continued),left foot,Blunt,18,2,9.0,,Feet,
ChrysalideRancor,Star Wars Animal Collection (Continued),right foot,Blunt,18,2,9.0,,Feet,
ChrysalideRancor,Star Wars Animal Collection (Continued),head,Blunt,20,2,10.0,,HeadAttackTool,0.2
Clodhopper,Star Wars Animal Collection (Continued),left foot,Blunt,6,2,3.0,,FrontLeftPaw,
Clodhopper,Star Wars Animal Collection (Continued),right foot,Blunt,6,2,3.0,,FrontRightPaw,
Clodhopper,Star Wars Animal Collection (Continued),,Bite,5,2.6,1.92,,Teeth,0.7
Clodhopper,Star Wars Animal Collection (Continued),head,Blunt,4,2,2.0,,HeadAttackTool,0.2
Convor,Star Wars Animal Collection (Continued),claws,Scratch,4,1.5,2.67,,Feet,
Convor,Star Wars Animal Collection (Continued),beak,Bite,4,2,2.0,,Beak,
Convor,Star Wars Animal Collection (Continued),head,Blunt,6,2,3.0,,HeadAttackTool,0.2
CorellianHound,Star Wars Animal Collection (Continued),left claw,Scratch,8.9,2,4.45,,FrontLeftPaw,0.5
CorellianHound,Star Wars Animal Collection (Continued),right claw,Scratch,8.9,2,4.45,,FrontRightPaw,0.5
CorellianHound,Star Wars Animal Collection (Continued),,Bite,14,2,7.0,,Teeth,0.9
CorellianHound,Star Wars Animal Collection (Continued),head,Blunt,6,2,3.0,,HeadAttackTool,0.2
Corinathoth,Star Wars Animal Collection (Continued),horn,Scratch;Stab,16,2,8.0,,HornAttackTool,
Corinathoth,Star Wars Animal Collection (Continued),horn,Blunt,16,2,8.0,,HornAttackTool,
Corinathoth,Star Wars Animal Collection (Continued),head,Blunt,16,2.9,5.52,,HeadAttackTool,
Dactillion,Star Wars Animal Collection (Continued),claws,Scratch,6,1.5,4.0,,FrontLeftPaw,
Dactillion,Star Wars Animal Collection (Continued),claws,Scratch,6,1.5,4.0,,FrontRightPaw,
Dactillion,Star Wars Animal Collection (Continued),beak,Bite,16,2,8.0,,Teeth,
Dactillion,Star Wars Animal Collection (Continued),horns,Cut;Stab,8,2,4.0,,HeadAttackTool,0.2
Dalgo,Star Wars Animal Collection (Continued),head,Blunt,10,2.9,3.45,,HeadAttackTool,
Dalgo,Star Wars Animal Collection (Continued),left hoof,Blunt;Poke,8,2,4.0,,FrontLeftLeg,
Dalgo,Star Wars Animal Collection (Continued),right hoof,Blunt;Poke,8,2,4.0,,FrontRightLeg,
Dalgo,Star Wars Animal Collection (Continued),,Bite,8,2,4.0,,Teeth,0.5
Devourers,Star Wars Animal Collection (Continued),left fist,Blunt;Scratch,18,1.5,12.0,,LeftHand,0.5
Devourers,Star Wars Animal Collection (Continued),right fist,Blunt;Scratch,18,1.5,12.0,,RightHand,0.5
Devourers,Star Wars Animal Collection (Continued),,Bite,20,2,10.0,,Teeth,0.7
Devourers,Star Wars Animal Collection (Continued),head,Blunt,8,2,4.0,,HeadAttackTool,0.2
Dianoga,Star Wars Animal Collection (Continued),left tentacle,Blunt,21,2,10.5,,SWTentacleAttackTool,
Dianoga,Star Wars Animal Collection (Continued),right tentacle,Poke,21,2,10.5,,SWTentacleAttackTool,
Dianoga,Star Wars Animal Collection (Continued),,Bite,22,2.6,8.46,,Teeth,0.7
Dragonsnake,Star Wars Animal Collection (Continued),,Bite,30,2.6,11.54,,Mouth,0.5
Dragonsnake,Star Wars Animal Collection (Continued),head,Blunt,18,2,9.0,,HeadAttackTool,0.2
Dragonsnake,Star Wars Animal Collection (Continued),bodily constriction,Blunt,20,2.2,9.09,,SWTailAttackTool,
Drexl,Star Wars Animal Collection (Continued),left claws,Blunt;Scratch,20,1.5,13.33,,FrontLeftClaws,
Drexl,Star Wars Animal Collection (Continued),right claws,Cut;Stab,20,1.5,13.33,,FrontRightClaws,
Drexl,Star Wars Animal Collection (Continued),,Bite,26,2,13.0,,Teeth,0.6
Drexl,Star Wars Animal Collection (Continued),serated tail,Blunt;Scratch,18,2.2,8.18,,SWTailAttackTool,
Drexl,Star Wars Animal Collection (Continued),horned head,Blunt;Stab,14,2,7.0,,HeadAttackTool,0.2
EnergySpider,Star Wars Animal Collection (Continued),tarsus spike,Cut;Stab,20,2.0,10.0,,SWClaws,
EnergySpider,Star Wars Animal Collection (Continued),fanged pedipalps,Bite,24,1.4,17.14,,HeadClaw,0.5
EnergySpider,Star Wars Animal Collection (Continued),head,Blunt,8,2.4,3.33,,HeadAttackTool,0.2
Eopie,Star Wars Animal Collection (Continued),head,Blunt,12,2.9,4.14,,HeadAttackTool,
Eopie,Star Wars Animal Collection (Continued),left hoof,Blunt;Poke,8,2,4.0,,FrontLeftLeg,
Eopie,Star Wars Animal Collection (Continued),right hoof,Blunt;Poke,8,2,4.0,,FrontRightLeg,
Eopie,Star Wars Animal Collection (Continued),,Bite,6,2,3.0,,Teeth,0.5
Falumpaset,Star Wars Animal Collection (Continued),head,Blunt,14,2.9,4.83,,HeadAttackTool,
Falumpaset,Star Wars Animal Collection (Continued),left hoof,Blunt;Poke,12,2,6.0,,FrontLeftLeg,
Falumpaset,Star Wars Animal Collection (Continued),right hoof,Blunt;Poke,12,2,6.0,,FrontRightLeg,
Falumpaset,Star Wars Animal Collection (Continued),,Bite,18,2,9.0,,Teeth,0.5
Fambaa,Star Wars Animal Collection (Continued),,Bite,28,2.6,10.77,,Teeth,0.7
Fambaa,Star Wars Animal Collection (Continued),left foot,Blunt,19,2,9.5,,FrontLeftPaw,
Fambaa,Star Wars Animal Collection (Continued),right foot,Blunt,19,2,9.5,,FrontRightPaw,
Fambaa,Star Wars Animal Collection (Continued),head,Blunt,17,2,8.5,,HeadAttackTool,0.2
Fanback,Star Wars Animal Collection (Continued),tusk,Scratch;Stab,14,2,7.0,,TuskAttackTool,
Fanback,Star Wars Animal Collection (Continued),tail,Blunt;Scratch,8,2.2,3.64,,SWTailAttackTool,
Fanback,Star Wars Animal Collection (Continued),left claw,Scratch,8,1.5,5.33,,FrontLeftPaw,
Fanback,Star Wars Animal Collection (Continued),right claw,Scratch,8,1.5,5.33,,FrontRightPaw,
FeralGrazer,Star Wars Animal Collection (Continued),horn,Scratch;Stab,12,2,6.0,,HornAttackTool,
FeralGrazer,Star Wars Animal Collection (Continued),horn,Blunt,12,2,6.0,,HornAttackTool,
FeralGrazer,Star Wars Animal Collection (Continued),head,Blunt,15,2.9,5.17,,HeadAttackTool,
FeralNerf,Star Wars Animal Collection (Continued),horns,Scratch;Stab,10,1.65,6.06,,HornAttackTool,
FeralNerf,Star Wars Animal Collection (Continued),left hoof,Blunt;Poke,10,2,5.0,,FrontLeftLeg,
FeralNerf,Star Wars Animal Collection (Continued),right hoof,Blunt;Poke,10,2,5.0,,FrontRightLeg,
FeralNerf,Star Wars Animal Collection (Continued),,Bite,10,2,5.0,,Teeth,0.5
FeralNerf,Star Wars Animal Collection (Continued),head,Blunt,13,2.6,5.0,,HeadAttackTool,
FrilledGorg,Star Wars Animal Collection (Continued),claws,Scratch,5,1.5,3.33,,FrontLeftClaws,
FrilledGorg,Star Wars Animal Collection (Continued),claws,Scratch,5,1.5,3.33,,FrontRightClaws,
FrilledGorg,Star Wars Animal Collection (Continued),,Bite,6,2,3.0,,Teeth,
FrilledGorg,Star Wars Animal Collection (Continued),head,Blunt,3,1.5,2.0,,HeadAttackTool,0.2
FrogDog,Star Wars Animal Collection (Continued),claws,Scratch,2,1.5,1.33,,Feet,
FrogDog,Star Wars Animal Collection (Continued),,Bite,12,2,6.0,,Teeth,
FrogDog,Star Wars Animal Collection (Continued),head,Blunt,6,1.5,4.0,,HeadAttackTool,0.2
Gelagrub,Star Wars Animal Collection (Continued),mandibles,Bite,12,2,6.0,,Mouth,
Gelagrub,Star Wars Animal Collection (Continued),head,Blunt,14,2,7.0,,HeadAttackTool,0.1
Gorg,Star Wars Animal Collection (Continued),claws,Scratch,2,1.5,1.33,,FrontLeftPaw,
Gorg,Star Wars Animal Collection (Continued),claws,Scratch,2,1.5,1.33,,FrontRightPaw,
Gorg,Star Wars Animal Collection (Continued),,Bite,3,2,1.5,,Teeth,
Gorg,Star Wars Animal Collection (Continued),head,Blunt,1,1.5,0.67,,HeadAttackTool,0.2
Gornt,Star Wars Animal Collection (Continued),horn,Scratch;Stab,9.0,2,4.5,,HornAttackTool,
Gornt,Star Wars Animal Collection (Continued),,Bite,8.0,2,4.0,,Teeth,0.6
Gornt,Star Wars Animal Collection (Continued),head,Blunt,5,2,2.5,,HeadAttackTool,0.2
Grank,Star Wars Animal Collection (Continued),left claw,Scratch,10,2,5.0,,FrontLeftPaw,0.5
Grank,Star Wars Animal Collection (Continued),right claw,Scratch,10,2,5.0,,FrontRightPaw,0.5
Grank,Star Wars Animal Collection (Continued),,Bite,16,2,8.0,,Teeth,0.9
Grank,Star Wars Animal Collection (Continued),head,Blunt,6,2,3.0,,HeadAttackTool,0.2
GraniteSlug,Star Wars Animal Collection (Continued),head,Blunt,1,2,0.5,,HeadAttackTool,0.2
Grazer,Star Wars Animal Collection (Continued),head,Blunt,10,2,5.0,,HeadAttackTool,0.2
GreaterKraytDragon,Star Wars Animal Collection (Continued),front left leg,Blunt,35,2,17.5,,Feet,
GreaterKraytDragon,Star Wars Animal Collection (Continued),front right leg,Blunt,35,2,17.5,,Feet,
GreaterKraytDragon,Star Wars Animal Collection (Continued),teeth,Bite,45,2,22.5,,Teeth,0.7
GreaterKraytDragon,Star Wars Animal Collection (Continued),Tail,Blunt;Stab,45,3,15.0,,SWTailAttackTool,
GreaterKraytDragon,Star Wars Animal Collection (Continued),head,Blunt,35,2,17.5,,HeadAttackTool,0.2
Gualaar,Star Wars Animal Collection (Continued),horn,Scratch;Stab,20,2,10.0,,HornAttackTool,
Gualaar,Star Wars Animal Collection (Continued),left hoof,Blunt;Poke,15,2,7.5,,FrontLeftLeg,
Gualaar,Star Wars Animal Collection (Continued),right hoof,Blunt;Poke,15,2,7.5,,FrontRightLeg,
Gualaar,Star Wars Animal Collection (Continued),,Bite,18,2,9.0,,Teeth,0.5
Gullipud,Star Wars Animal Collection (Continued),claws,Scratch,4,1.5,2.67,,FrontLeftPaw,
Gullipud,Star Wars Animal Collection (Continued),claws,Scratch,4,1.5,2.67,,FrontRightPaw,
Gullipud,Star Wars Animal Collection (Continued),,Bite,3,2,1.5,,Teeth,
Gullipud,Star Wars Animal Collection (Continued),head,Blunt,1,1.5,0.67,,HeadAttackTool,0.2
Gundark,Star Wars Animal Collection (Continued),left arm,Blunt,20,2,10.0,,SWLeftArmClawAttackTool,
Gundark,Star Wars Animal Collection (Continued),right arm,Blunt,20,2,10.0,,SWRightArmClawAttackTool,
Gundark,Star Wars Animal Collection (Continued),left middle claw,Scratch,10,1,10.0,,FrontLeftPaw,
Gundark,Star Wars Animal Collection (Continued),right middle claw,Scratch,10,1,10.0,,FrontRightPaw,
Gundark,Star Wars Animal Collection (Continued),teeth,Bite,26,2,13.0,,Teeth,
Gutkurr,Star Wars Animal Collection (Continued),left sickled claw,Scratch,13,1.5,8.67,,SWClaws,
Gutkurr,Star Wars Animal Collection (Continued),right sickled claw,Scratch,13,1.5,8.67,,SWClaws,
Gutkurr,Star Wars Animal Collection (Continued),beaked maw,Bite,16,2,8.0,,Teeth,0.9
Gutkurr,Star Wars Animal Collection (Continued),head,Blunt,15,2,7.5,,HeadAttackTool,0.2
HarvesterBeetle,Star Wars Animal Collection (Continued),mandibles,Bite,25,2,12.5,,Mouth,
HarvesterBeetle,Star Wars Animal Collection (Continued),head,Blunt,24,2,12.0,,HeadAttackTool,0.1
Hawkbat,Star Wars Animal Collection (Continued),tail,Scratch,7,2,3.5,,SWTailAttackTool,
Hawkbat,Star Wars Animal Collection (Continued),beak,Bite,10,2,5.0,,Beak,
Hawkbat,Star Wars Animal Collection (Continued),head,Blunt,4,1.5,2.67,,HeadAttackTool,0.2
Horax,Star Wars Animal Collection (Continued),left foot,Blunt,22,1.5,14.67,,SWLeftHoof,
Horax,Star Wars Animal Collection (Continued),right foot,Blunt,22,1.5,14.67,,SWRightHoof,
Horax,Star Wars Animal Collection (Continued),,Bite,25,2,12.5,,Teeth,0.6
Horax,Star Wars Animal Collection (Continued),head,Blunt;Stab;Scratch,32,2,16.0,,HornAttackTool,0.4
Horax,Star Wars Animal Collection (Continued),spiked club-tail,Blunt;Stab,26,2.4,10.83,,SWTailAttackTool,0.2
Hrumph,Star Wars Animal Collection (Continued),left hoof,Blunt,12,1.5,8.0,,FrontLeftLeg,
Hrumph,Star Wars Animal Collection (Continued),right hoof,Blunt;Poke,12,1.5,8.0,,FrontRightLeg,
Hrumph,Star Wars Animal Collection (Continued),,Bite,14,2,7.0,,Teeth,0.7
Hrumph,Star Wars Animal Collection (Continued),head,Blunt;Scratch;Stab,20,2,10.0,,HeadAttackTool,0.2
Hssiss,Star Wars Animal Collection (Continued),poisonous fangs,ToxicBite,18,2.6,6.92,,SWToxicAppendage,
Hssiss,Star Wars Animal Collection (Continued),tusk,Scratch;Stab,14,2,7.0,,TuskAttackTool,
Hssiss,Star Wars Animal Collection (Continued),tail,Blunt;Scratch,16,2.2,7.27,,SWTailAttackTool,
Hssiss,Star Wars Animal Collection (Continued),left claw,Scratch,12,1.5,8.0,,FrontLeftPaw,
Hssiss,Star Wars Animal Collection (Continued),right claw,Scratch,12,1.5,8.0,,FrontRightPaw,
Igitz,Star Wars Animal Collection (Continued),left paw,Scratch,3.0,2,1.5,,FrontLeftPaw,
Igitz,Star Wars Animal Collection (Continued),right paw,Scratch,3.0,2,1.5,,FrontRightPaw,
Igitz,Star Wars Animal Collection (Continued),fish teeth,Bite,4.8,2,2.4,,Teeth,0.7
Igitz,Star Wars Animal Collection (Continued),head,Blunt,6,2,3.0,,HeadAttackTool,0.2
Insectomorph,Star Wars Animal Collection (Continued),teeth,Bite,12,2,6.0,,Teeth,
Insectomorph,Star Wars Animal Collection (Continued),left foot,Blunt,6,1.5,4.0,,FrontLeftPaw,
Insectomorph,Star Wars Animal Collection (Continued),right foot,Blunt,6,1.5,4.0,,FrontRightPaw,
Insectomorph,Star Wars Animal Collection (Continued),head,Blunt,10,2,5.0,,HeadAttackTool,0.1
IridonianReek,Star Wars Animal Collection (Continued),horn,Stab,24,2,12.0,,SWHornAttackTool,
IridonianReek,Star Wars Animal Collection (Continued),horn,Scratch,24,2,12.0,,SWHornAttackTool,
IridonianReek,Star Wars Animal Collection (Continued),horn,Blunt,24,2,12.0,,SWHornAttackTool,
IridonianReek,Star Wars Animal Collection (Continued),,Bite,15,2.6,5.77,,Teeth,0.7
IridonianReek,Star Wars Animal Collection (Continued),head,Blunt,19,2,9.5,,HeadAttackTool,0.2
IridonianReek,Star Wars Animal Collection (Continued),front left hoof,Scratch,9,2,4.5,,FrontLeftPaw,
IridonianReek,Star Wars Animal Collection (Continued),front right hoof,Scratch,9,2,4.5,,FrontRightPaw,
IthorianReek,Star Wars Animal Collection (Continued),horn,Stab,15,2,7.5,,SWHornAttackTool,
IthorianReek,Star Wars Animal Collection (Continued),horn,Scratch,15,2,7.5,,SWHornAttackTool,
IthorianReek,Star Wars Animal Collection (Continued),horn,Blunt,15,2,7.5,,SWHornAttackTool,
IthorianReek,Star Wars Animal Collection (Continued),,Bite,11,2.6,4.23,,Teeth,0.7
IthorianReek,Star Wars Animal Collection (Continued),head,Blunt,15,2,7.5,,HeadAttackTool,0.2
IthorianReek,Star Wars Animal Collection (Continued),front left hoof,Blunt,5,2,2.5,,FrontLeftPaw,
IthorianReek,Star Wars Animal Collection (Continued),front right hoof,Blunt,5,2,2.5,,FrontRightPaw,
Iriaz,Star Wars Animal Collection (Continued),left hoof,Blunt;Poke,6,1.5,4.0,,FrontLeftLeg,
Iriaz,Star Wars Animal Collection (Continued),right hoof,Blunt;Poke,6,1.5,4.0,,FrontRightLeg,
Iriaz,Star Wars Animal Collection (Continued),,Bite,6,2,3.0,,Teeth,0.7
Iriaz,Star Wars Animal Collection (Continued),head,Blunt,8,2,4.0,,HeadAttackTool,0.2
Jakobeast,Star Wars Animal Collection (Continued),left tusk,Scratch;Stab,23,2,11.5,,TuskAttackTool,
Jakobeast,Star Wars Animal Collection (Continued),right tusk,Scratch;Stab,23,2,11.5,,TuskAttackTool,
Jakobeast,Star Wars Animal Collection (Continued),horns,Scratch;Stab,13,2.4,5.42,,HornAttackTool,
Jakobeast,Star Wars Animal Collection (Continued),head,Blunt,13,2.6,5.0,,HeadAttackTool,
Jakobeast,Star Wars Animal Collection (Continued),left paw,Blunt;Poke,10,2,5.0,,FrontLeftLeg,
Jakobeast,Star Wars Animal Collection (Continued),right paw,Blunt;Poke,10,2,5.0,,FrontRightLeg,
Jamel,Star Wars Animal Collection (Continued),head,Blunt,16,2.9,5.52,,HeadAttackTool,
Jamel,Star Wars Animal Collection (Continued),left hoof,Blunt;Poke,6,2,3.0,,FrontLeftLeg,
Jamel,Star Wars Animal Collection (Continued),right hoof,Blunt;Poke,6,2,3.0,,FrontRightLeg,
Jamel,Star Wars Animal Collection (Continued),,Bite,12,2,6.0,,Teeth,0.5
Jimvu,Star Wars Animal Collection (Continued),head,Blunt,8,2.9,2.76,,HeadAttackTool,
Jimvu,Star Wars Animal Collection (Continued),left hoof,Blunt;Poke,6,2,3.0,,FrontLeftPaw,
Jimvu,Star Wars Animal Collection (Continued),right hoof,Blunt;Poke,6,2,3.0,,FrontRightPaw,
Jimvu,Star Wars Animal Collection (Continued),,Bite,4,2,2.0,,Teeth,0.5
JungleRancor,Star Wars Animal Collection (Continued),left hand,Scratch;Cut,30,2,15.0,,SWLeftFingerClaw,0.2
JungleRancor,Star Wars Animal Collection (Continued),right hand,Scratch;Cut,30,2,15.0,,SWRightFingerClaw,0.2
JungleRancor,Star Wars Animal Collection (Continued),teeth,Bite,40,2,20.0,,Teeth,
JungleRancor,Star Wars Animal Collection (Continued),left foot,Blunt,20,2,10.0,,Feet,
JungleRancor,Star Wars Animal Collection (Continued),right foot,Blunt,20,2,10.0,,Feet,
JungleRancor,Star Wars Animal Collection (Continued),head,Blunt,30,2,15.0,,HeadAttackTool,0.2
Kaadu,Star Wars Animal Collection (Continued),foot,Blunt,13,1.5,8.67,,Feet,
Kaadu,Star Wars Animal Collection (Continued),beak,Bite,13,2,6.5,,Beak,
Kaadu,Star Wars Animal Collection (Continued),head,Blunt,8,2,4.0,,HeadAttackTool,0.2
Katarn,Star Wars Animal Collection (Continued),left claw,Scratch,18,1.5,12.0,,FrontLeftPaw,
Katarn,Star Wars Animal Collection (Continued),right claw,Scratch,18,1.5,12.0,,FrontRightPaw,
Katarn,Star Wars Animal Collection (Continued),razorfangs,Bite,15,2,7.5,,Teeth,0.9
Katarn,Star Wars Animal Collection (Continued),head,Scratch;Stab,15,2,7.5,,HeadAttackTool,0.2
KellDragon,Star Wars Animal Collection (Continued),front left claws,Blunt;Scratch,12,2,6.0,,Feet,
KellDragon,Star Wars Animal Collection (Continued),front right claws,Blunt;Scratch,12,2,6.0,,Feet,
KellDragon,Star Wars Animal Collection (Continued),teeth,Bite,20,2,10.0,,Teeth,0.7
KellDragon,Star Wars Animal Collection (Continued),spiked tail,Blunt;Stab,15,3,5.0,,SWTailAttackTool,
KellDragon,Star Wars Animal Collection (Continued),head,Blunt,10,2,5.0,,HeadAttackTool,0.2
KowakianMonkeyLizard,Star Wars Animal Collection (Continued),left fist,Blunt,4,1.5,2.67,,LeftHand,
KowakianMonkeyLizard,Star Wars Animal Collection (Continued),right fist,Blunt,4,1.5,2.67,,RightHand,
KowakianMonkeyLizard,Star Wars Animal Collection (Continued),,Bite,5,2,2.5,,Beak,0.7
KowakianMonkeyLizard,Star Wars Animal Collection (Continued),head,Blunt,2,2,1.0,,HeadAttackTool,0.2
Kinrath,Star Wars Animal Collection (Continued),poisonous stinger appendage,ScratchToxic,12,2.6,4.62,,SWToxicAppendage,
Kinrath,Star Wars Animal Collection (Continued),head,Blunt,6,2,3.0,,HeadAttackTool,0.2
Klorslug,Star Wars Animal Collection (Continued),poisonous tail-stinger,ScratchToxic,12,2.6,4.62,,SWToxicAppendage,
Klorslug,Star Wars Animal Collection (Continued),,Cut;Stab,12,2.0,6.0,,SWLeftLegClawAttackTool,0.4
Klorslug,Star Wars Animal Collection (Continued),,Cut;Stab,12,2.0,6.0,,SWRightLegClawAttackTool,0.4
Klorslug,Star Wars Animal Collection (Continued),circular teeth,Bite,14,1.4,10.0,,Teeth,0.5
Klorslug,Star Wars Animal Collection (Continued),head,Blunt;Cut;Stab,6,2,3.0,,HeadAttackTool,0.2
Krykna,Star Wars Animal Collection (Continued),beak,Bite,10,2,5.0,,Beak,
Krykna,Star Wars Animal Collection (Continued),head,Blunt,6,2,3.0,,HeadAttackTool,0.2
Kreetle,Star Wars Animal Collection (Continued),mandibles,Bite,5,2,2.5,,Mouth,
Kreetle,Star Wars Animal Collection (Continued),head,Blunt,3,2,1.5,,HeadAttackTool,0.1
KwazelMaw,Star Wars Animal Collection (Continued),,Bite,25,2.6,9.62,,Mouth,0.5
KwazelMaw,Star Wars Animal Collection (Continued),head,Blunt,30,2,15.0,,HeadAttackTool,0.2
Kwi,Star Wars Animal Collection (Continued),left claws,Scratch;Stab,8,1.5,5.33,,SWClaws,
Kwi,Star Wars Animal Collection (Continued),right claws,Scratch;Stab,8,1.5,5.33,,SWClaws,
Kwi,Star Wars Animal Collection (Continued),teeth,Bite,24,2,12.0,,Teeth,
Kwi,Star Wars Animal Collection (Continued),tail,Blunt,18,2,9.0,,SWTailAttackTool,
Kwi,Star Wars Animal Collection (Continued),head,Blunt,8,2,4.0,,HeadAttackTool,0.2
Kybuck,Star Wars Animal Collection (Continued),left hoof,Blunt;Poke,8,2,4.0,,SWLeftHoof,
Kybuck,Star Wars Animal Collection (Continued),right hoof,Blunt;Poke,8,2,4.0,,SWRightHoof,
Kybuck,Star Wars Animal Collection (Continued),,Bite,8,2,4.0,,Teeth,0.5
Kybuck,Star Wars Animal Collection (Continued),head,Blunt,20,2.6,7.69,,HeadAttackTool,
LavaFlea,Star Wars Animal Collection (Continued),trunked maw,Bite,12,2,6.0,,Mouth,
LavaFlea,Star Wars Animal Collection (Continued),head,Blunt,14,2,7.0,,HeadAttackTool,0.1
Leaftail,Star Wars Animal Collection (Continued),left claw,Scratch,4,2,2.0,,FrontLeftPaw,
Leaftail,Star Wars Animal Collection (Continued),right claw,Scratch,4,2,2.0,,FrontRightPaw,
Leaftail,Star Wars Animal Collection (Continued),,Bite,5,2,2.5,,Teeth,0.7
Leaftail,Star Wars Animal Collection (Continued),head,Blunt,2,2,1.0,,HeadAttackTool,0.2
LongtailGorg,Star Wars Animal Collection (Continued),claws,Scratch,4,1.5,2.67,,FrontLeftClaws,
LongtailGorg,Star Wars Animal Collection (Continued),claws,Scratch,4,1.5,2.67,,FrontRightClaws,
LongtailGorg,Star Wars Animal Collection (Continued),,Bite,5,2,2.5,,Teeth,
LongtailGorg,Star Wars Animal Collection (Continued),head,Blunt,2,1.5,1.33,,HeadAttackTool,0.2
Lothcat,Star Wars Animal Collection (Continued),left claw,Scratch,7,1.5,4.67,,FrontLeftPaw,
Lothcat,Star Wars Animal Collection (Continued),right claw,Scratch,7,1.5,4.67,,FrontRightPaw,
Lothcat,Star Wars Animal Collection (Continued),,Bite,6,2,3.0,,Teeth,0.7
Lothcat,Star Wars Animal Collection (Continued),head,Blunt,4,2,2.0,,HeadAttackTool,0.2
LothWolf,Star Wars Animal Collection (Continued),left claw,Scratch,16,1.5,10.67,,FrontLeftPaw,0.2
LothWolf,Star Wars Animal Collection (Continued),right claw,Scratch,16,1.5,10.67,,FrontRightPaw,0.2
LothWolf,Star Wars Animal Collection (Continued),,Bite,16,2,8.0,,Teeth,0.7
LothWolf,Star Wars Animal Collection (Continued),head,Blunt,8,2,4.0,,HeadAttackTool,0.2
Lylek,Star Wars Animal Collection (Continued),left tentacle,Blunt;Poke,28,2.0,14.0,,SWTentacleAttackTool,
Lylek,Star Wars Animal Collection (Continued),right tentacle,Blunt;Poke,28,2.0,14.0,,SWTentacleAttackTool,
Lylek,Star Wars Animal Collection (Continued),poison stinger,ScratchToxic,24,2.6,9.23,,SWToxicAppendage,0.8
Lylek,Star Wars Animal Collection (Continued),teeth,Bite,24,1.4,17.14,,Teeth,0.5
Lylek,Star Wars Animal Collection (Continued),head,Blunt,16,2.4,6.67,,HeadAttackTool,0.2
Maalraas,Star Wars Animal Collection (Continued),left paw,Scratch,12,2,6.0,,FrontLeftPaw,0.5
Maalraas,Star Wars Animal Collection (Continued),right paw,Scratch,12,2,6.0,,FrontRightPaw,0.5
Maalraas,Star Wars Animal Collection (Continued),,Bite,18,2,9.0,,Teeth,0.9
Maalraas,Star Wars Animal Collection (Continued),head,Blunt,8,2,4.0,,HeadAttackTool,0.2
Manka,Star Wars Animal Collection (Continued),tusks,Scratch;Stab,24,2,12.0,,TuskAttackTool,
Manka,Star Wars Animal Collection (Continued),left claw,Scratch,12,1.5,8.0,,FrontLeftPaw,
Manka,Star Wars Animal Collection (Continued),right claw,Scratch,12,1.5,8.0,,FrontRightPaw,
Manka,Star Wars Animal Collection (Continued),razor-fangs,Bite,14,2,7.0,,Teeth,0.9
Manka,Star Wars Animal Collection (Continued),head,Blunt,8,2,4.0,,HeadAttackTool,0.2
MarshHaunt,Star Wars Animal Collection (Continued),left fist,Blunt;Poke,18,1.5,12.0,,LeftHand,0.5
MarshHaunt,Star Wars Animal Collection (Continued),right fist,Blunt;Poke,18,1.5,12.0,,RightHand,0.5
MarshHaunt,Star Wars Animal Collection (Continued),,Bite,10,2,5.0,,Teeth,0.7
MarshHaunt,Star Wars Animal Collection (Continued),head,Blunt,16,2,8.0,,HeadAttackTool,0.2
Massiff,Star Wars Animal Collection (Continued),left claw,Scratch,9.9,2,4.95,,FrontLeftPaw,0.5
Massiff,Star Wars Animal Collection (Continued),right claw,Scratch,9.9,2,4.95,,FrontRightPaw,0.5
Massiff,Star Wars Animal Collection (Continued),,Bite,16,2,8.0,,Teeth,0.9
Massiff,Star Wars Animal Collection (Continued),head,Blunt,6,2,3.0,,HeadAttackTool,0.2
MastiffPhalone,Star Wars Animal Collection (Continued),beak,Bite,18,2,9.0,,Teeth,0.9
MastiffPhalone,Star Wars Animal Collection (Continued),left claw,Scratch,8,1.5,5.33,,FrontLeftPaw,0.2
MastiffPhalone,Star Wars Animal Collection (Continued),right claw,Scratch,8,1.5,5.33,,FrontRightPaw,0.2
MastiffPhalone,Star Wars Animal Collection (Continued),head,Blunt,6,2,3.0,,HeadAttackTool,0.2
Mastmot,Star Wars Animal Collection (Continued),tusk,Scratch;Stab,28,2,14.0,,TuskAttackTool,
Mastmot,Star Wars Animal Collection (Continued),horn,Blunt,19,2,9.5,,HornAttackTool,
Mastmot,Star Wars Animal Collection (Continued),left foot,Blunt,15,2,7.5,,FrontLeftPaw,
Mastmot,Star Wars Animal Collection (Continued),right foot,Blunt,15,2,7.5,,FrontRightPaw,
Mawvorr,Star Wars Animal Collection (Continued),left claw,Scratch,8,2,4.0,,FrontLeftPaw,0.5
Mawvorr,Star Wars Animal Collection (Continued),right claw,Scratch,8,2,4.0,,FrontRightPaw,0.5
Mawvorr,Star Wars Animal Collection (Continued),,Bite,16,2,8.0,,Teeth,0.9
Mawvorr,Star Wars Animal Collection (Continued),head,Blunt,6,2,3.0,,HeadAttackTool,0.2
Mott,Star Wars Animal Collection (Continued),left claw,Scratch,4,2,2.0,,FrontLeftPaw,
Mott,Star Wars Animal Collection (Continued),right claw,Scratch,4,2,2.0,,FrontRightPaw,
Mott,Star Wars Animal Collection (Continued),,Bite,9,2,4.5,,Teeth,0.7
Mott,Star Wars Animal Collection (Continued),head,Blunt,6,2,3.0,,HeadAttackTool,0.2
Mudhorn,Star Wars Animal Collection (Continued),horn,Scratch;Blunt,26,2,13.0,,HornAttackTool,0.5
Mudhorn,Star Wars Animal Collection (Continued),,Bite,19,2.6,7.31,,Teeth,0.7
Mudhorn,Star Wars Animal Collection (Continued),head,Blunt,26,2,13.0,,HeadAttackTool,0.2
Mynock,Star Wars Animal Collection (Continued),head,Blunt,3,2,1.5,,HeadAttackTool,0.2
Narglatch,Star Wars Animal Collection (Continued),left claw,Scratch,18,1.5,12.0,,FrontLeftPaw,
Narglatch,Star Wars Animal Collection (Continued),right claw,Scratch,18,1.5,12.0,,FrontRightPaw,
Narglatch,Star Wars Animal Collection (Continued),,Bite,26,2,13.0,,Teeth,0.7
Narglatch,Star Wars Animal Collection (Continued),head,Blunt,12,2,6.0,,HeadAttackTool,0.2
Neebray,Star Wars Animal Collection (Continued),head,Blunt,2,2,1.0,,HeadAttackTool,0.2
Neebray,Star Wars Animal Collection (Continued),bite,Bite,2.5,2,1.25,,Teeth,
Nuna,Star Wars Animal Collection (Continued),claws,Scratch,5,1.5,3.33,,Feet,
Nuna,Star Wars Animal Collection (Continued),beak,Bite,6,2,3.0,,Beak,
Nuna,Star Wars Animal Collection (Continued),head,Blunt,4,2,2.0,,HeadAttackTool,0.2
Ollopom,Star Wars Animal Collection (Continued),claws,Scratch,6,1.5,4.0,,FrontLeftPaw,
Ollopom,Star Wars Animal Collection (Continued),claws,Scratch,6,1.5,4.0,,FrontRightPaw,
Ollopom,Star Wars Animal Collection (Continued),bite,Bite,8,2,4.0,,Teeth,
Ollopom,Star Wars Animal Collection (Continued),head,Blunt,5,2,2.5,,HeadAttackTool,0.2
Orray,Star Wars Animal Collection (Continued),left claw,Scratch,14,1.5,9.33,,FrontLeftPaw,
Orray,Star Wars Animal Collection (Continued),right claw,Scratch,14,1.5,9.33,,FrontRightPaw,
Orray,Star Wars Animal Collection (Continued),,Bite,28,2,14.0,,Teeth,0.7
Orray,Star Wars Animal Collection (Continued),head,Blunt,12,2,6.0,,HeadAttackTool,0.2
PaintedSpat,Star Wars Animal Collection (Continued),foot,Blunt,8,1.5,5.33,,Feet,
PaintedSpat,Star Wars Animal Collection (Continued),beak,Bite,16,2,8.0,,Beak,
PaintedSpat,Star Wars Animal Collection (Continued),head,Blunt,12,2,6.0,,HeadAttackTool,0.2
PekoPeko,Star Wars Animal Collection (Continued),left wing claws,Scratch;Cut,6,1.5,4.0,,Feet,
PekoPeko,Star Wars Animal Collection (Continued),wing claws,Scratch;Cut,6,1.5,4.0,,Feet,
PekoPeko,Star Wars Animal Collection (Continued),strong beak,Bite,16,2,8.0,,Beak,
PekoPeko,Star Wars Animal Collection (Continued),head,Blunt,12,2,6.0,,HeadAttackTool,0.2
Pikobis,Star Wars Animal Collection (Continued),claws,Scratch,6,1.5,4.0,,SWClaws,
Pikobis,Star Wars Animal Collection (Continued),beak,Bite,8,2,4.0,,Teeth,
Pikobis,Star Wars Animal Collection (Continued),head,Blunt,5,2,2.5,,HeadAttackTool,0.2
Pufferpig,Star Wars Animal Collection (Continued),head tusk,Scratch;Stab,6,2,3.0,,TuskAttackTool,
Pufferpig,Star Wars Animal Collection (Continued),head,Blunt,10,2,5.0,,HeadAttackTool,0.2
Qormot,Star Wars Animal Collection (Continued),left claw,Scratch,8,2,4.0,,FrontLeftPaw,
Qormot,Star Wars Animal Collection (Continued),right claw,Scratch,8,2,4.0,,FrontRightPaw,
Qormot,Star Wars Animal Collection (Continued),quills,Scratch;Stab,9.0,2,4.5,,SWHornAttackTool,
Qormot,Star Wars Animal Collection (Continued),,Bite,10.0,2,5.0,,Teeth,0.6
Qormot,Star Wars Animal Collection (Continued),head,Blunt,6,2,3.0,,HeadAttackTool,0.2
Raxshir,Star Wars Animal Collection (Continued),left claw,Scratch;Cut,14,1.5,9.33,,FrontLeftPaw,0.2
Raxshir,Star Wars Animal Collection (Continued),right claw,Scratch;Cut,14,1.5,9.33,,FrontRightPaw,0.2
Raxshir,Star Wars Animal Collection (Continued),,Bite,16,2,8.0,,Teeth,0.7
Raxshir,Star Wars Animal Collection (Continued),head,Blunt,8,2,4.0,,HeadAttackTool,0.2
Rikknit,Star Wars Animal Collection (Continued),left claw,Scratch,8,2,4.0,,SWLeftLegClawAttackTool,
Rikknit,Star Wars Animal Collection (Continued),right claw,Scratch,8,2,4.0,,SWRightLegClawAttackTool,
Rikknit,Star Wars Animal Collection (Continued),tail,Cut;Scratch,6,2,3.0,,SWTailAttackTool,
Rikknit,Star Wars Animal Collection (Continued),,Bite,4,2,2.0,,Teeth,0.7
Rikknit,Star Wars Animal Collection (Continued),head,Blunt,4,2,2.0,,HeadAttackTool,0.2
Roggwart,Star Wars Animal Collection (Continued),left arm claws,Scratch;Cut,18,2,9.0,,SWLeftArmClawAttackTool,
Roggwart,Star Wars Animal Collection (Continued),right arm claws,Scratch;Cut,18,2,9.0,,SWRightArmClawAttackTool,
Roggwart,Star Wars Animal Collection (Continued),teeth,Bite,26,2,13.0,,Teeth,
Roggwart,Star Wars Animal Collection (Continued),trident-tipped tail,Blunt;Stab,18,2,9.0,,SWTailAttackTool,
Roggwart,Star Wars Animal Collection (Continued),cranial horns,Scratch;Stab,12,2,6.0,,SWHornAttackTool,
Ronto,Star Wars Animal Collection (Continued),,Bite,17,2.6,6.54,,Teeth,0.7
Ronto,Star Wars Animal Collection (Continued),left foot,Blunt,19,2,9.5,,FrontLeftLeg,
Ronto,Star Wars Animal Collection (Continued),right foot,Blunt,19,2,9.5,,FrontRightLeg,
Ronto,Star Wars Animal Collection (Continued),head,Blunt,28,2,14.0,,HeadAttackTool,0.2
Rycrit,Star Wars Animal Collection (Continued),,Bite,16.0,2,8.0,,Teeth,0.6
Rycrit,Star Wars Animal Collection (Continued),left claws,Scratch,6,2,3.0,,SWClaws,
Rycrit,Star Wars Animal Collection (Continued),right claws,Scratch,6,2,3.0,,SWClaws,
Rycrit,Star Wars Animal Collection (Continued),head,Blunt,10,2,5.0,,HeadAttackTool,0.2
Runyip,Star Wars Animal Collection (Continued),left hoof,Blunt;Poke,8,2,4.0,,FrontLeftLeg,
Runyip,Star Wars Animal Collection (Continued),right hoof,Blunt;Poke,8,2,4.0,,FrontRightLeg,
Runyip,Star Wars Animal Collection (Continued),horn,Scratch;Stab,8,2,4.0,,HornAttackTool,
Runyip,Star Wars Animal Collection (Continued),head,Blunt,16,2.9,5.52,,HeadAttackTool,
Scavrat,Star Wars Animal Collection (Continued),left claw,Scratch,5.5,2,2.75,,FrontLeftPaw,
Scavrat,Star Wars Animal Collection (Continued),right claw,Scratch,5.5,2,2.75,,FrontRightPaw,
Scavrat,Star Wars Animal Collection (Continued),,Bite,8,2,4.0,,Teeth,0.7
Scavrat,Star Wars Animal Collection (Continued),head,Blunt,4,2,2.0,,HeadAttackTool,0.2
Scurrier,Star Wars Animal Collection (Continued),left claw,Scratch,3,2,1.5,,SWClaws,
Scurrier,Star Wars Animal Collection (Continued),right claw,Scratch,3,2,1.5,,SWClaws,
Scurrier,Star Wars Animal Collection (Continued),,Bite,4,2,2.0,,Teeth,0.7
Scurrier,Star Wars Animal Collection (Continued),head,Blunt,2,2,1.0,,HeadAttackTool,0.2
Shaak,Star Wars Animal Collection (Continued),head,Blunt,12,2.9,4.14,,HeadAttackTool,
Shaak,Star Wars Animal Collection (Continued),left hoof,Blunt;Poke,6,2,3.0,,FrontLeftLeg,
Shaak,Star Wars Animal Collection (Continued),right hoof,Blunt;Poke,6,2,3.0,,FrontRightLeg,
Shaak,Star Wars Animal Collection (Continued),,Bite,4,2,2.0,,Teeth,0.5
Shiro,Star Wars Animal Collection (Continued),beak,Bite,9,2.5,3.6,,TurtleBeakAttackTool,
Shiro,Star Wars Animal Collection (Continued),head,Blunt,3,2.5,1.2,,HeadAttackTool,0.2
ShiroTrap,Star Wars Animal Collection (Continued),beak,Bite,12,2.5,4.8,,TurtleBeakAttackTool,
ShiroTrap,Star Wars Animal Collection (Continued),tooke-trap,Bite,8,2.5,3.2,,TurtleBeakAttackTool,0.2
ShiroTrap,Star Wars Animal Collection (Continued),head,Blunt,6,2.5,2.4,,HeadAttackTool,0.2
Shyrack,Star Wars Animal Collection (Continued),left scythe claw,Scratch;Cut,6,2,3.0,,SWLeftArmClawAttackTool,
Shyrack,Star Wars Animal Collection (Continued),right scythe claw,Scratch;Cut,6,2,3.0,,SWRightArmClawAttackTool,
Shyrack,Star Wars Animal Collection (Continued),,Bite,9,2,4.5,,Teeth,0.7
Shyrack,Star Wars Animal Collection (Continued),tail,Blunt,8,2,4.0,,SWTailAttackTool,
Silooth,Star Wars Animal Collection (Continued),mandibles,Blunt,25,2,12.5,,HeadClaw,
Silooth,Star Wars Animal Collection (Continued),,Bite,18,2,9.0,,Teeth,0.5
Silooth,Star Wars Animal Collection (Continued),head horn,Scratch;Stab,14,2,7.0,,HornAttackTool,0.1
Silooth,Star Wars Animal Collection (Continued),front left claw,Blunt;Stab,10,2,5.0,,Feet,
Silooth,Star Wars Animal Collection (Continued),front right claw,Blunt;Scratch,10,2,5.0,,Feet,
Skalder,Star Wars Animal Collection (Continued),tusk,Scratch;Stab,25,2.6,9.62,,TuskAttackTool,
Skalder,Star Wars Animal Collection (Continued),left foot,Blunt,16.9,2,8.45,,FrontLeftLeg,
Skalder,Star Wars Animal Collection (Continued),right foot,Blunt,16.9,2,8.45,,FrontRightLeg,
Skalder,Star Wars Animal Collection (Continued),head,Blunt,14,2,7.0,,HeadAttackTool,0.2
Sketto,Star Wars Animal Collection (Continued),left clawed paw,Scratch,8,1.5,5.33,,FrontLeftPaw,
Sketto,Star Wars Animal Collection (Continued),right clawed paw,Scratch,8,1.5,5.33,,FrontRightPaw,
Sketto,Star Wars Animal Collection (Continued),beak,Bite,12,2,6.0,,Teeth,
Sketto,Star Wars Animal Collection (Continued),head,Blunt,6,1.5,4.0,,HeadAttackTool,0.2
Snoruuk,Star Wars Animal Collection (Continued),head,Blunt,2,2,1.0,,HeadAttackTool,0.2
Squall,Star Wars Animal Collection (Continued),,Bite,4.0,2,2.0,,Teeth,0.6
Squall,Star Wars Animal Collection (Continued),left claws,Scratch,3,2,1.5,,FrontLeftPaw,
Squall,Star Wars Animal Collection (Continued),right claws,Scratch,3,2,1.5,,FrontRightPaw,
Squall,Star Wars Animal Collection (Continued),head,Blunt,2,2,1.0,,HeadAttackTool,0.2
Stintaril,Star Wars Animal Collection (Continued),left claw,Scratch,8,2,4.0,,FrontLeftClaws,0.5
Stintaril,Star Wars Animal Collection (Continued),right claw,Scratch,8,2,4.0,,FrontRightClaws,0.5
Stintaril,Star Wars Animal Collection (Continued),,Bite,12,2,6.0,,Teeth,0.9
Stintaril,Star Wars Animal Collection (Continued),head,Blunt,6,2,3.0,,HeadAttackTool,0.2
Strill,Star Wars Animal Collection (Continued),left claw,Scratch,10.9,2,5.45,,FrontLeftPaw,0.5
Strill,Star Wars Animal Collection (Continued),right claw,Scratch,10.9,2,5.45,,FrontRightPaw,0.5
Strill,Star Wars Animal Collection (Continued),,Bite,18,2,9.0,,Teeth,0.9
Strill,Star Wars Animal Collection (Continued),head,Blunt,6,2,3.0,,HeadAttackTool,0.2
Tach,Star Wars Animal Collection (Continued),left fist,Blunt;Scratch,6,1.5,4.0,,LeftHand,
Tach,Star Wars Animal Collection (Continued),right fist,Blunt;Scratch,6,1.5,4.0,,RightHand,
Tach,Star Wars Animal Collection (Continued),,Bite,8,2,4.0,,Teeth,0.7
Tach,Star Wars Animal Collection (Continued),head,Blunt,4,2,2.0,,HeadAttackTool,0.2
TeeMuss,Star Wars Animal Collection (Continued),head,Blunt,12,2.9,4.14,,HeadAttackTool,
TeeMuss,Star Wars Animal Collection (Continued),left hoof,Blunt;Poke,6,2,3.0,,FrontLeftLeg,
TeeMuss,Star Wars Animal Collection (Continued),right hoof,Blunt;Poke,6,2,3.0,,FrontRightLeg,
TeeMuss,Star Wars Animal Collection (Continued),,Bite,12,2,6.0,,Teeth,0.5
TetnissCrab,Star Wars Animal Collection (Continued),,Scratch;Stab,5,2.0,2.5,,SWLeftLegClawAttackTool,
TetnissCrab,Star Wars Animal Collection (Continued),,Scratch;Stab,5,2.0,2.5,,SWRightLegClawAttackTool,
TetnissCrab,Star Wars Animal Collection (Continued),head,Blunt,3,2.4,1.25,,HeadAttackTool,0.2
Thranta,Star Wars Animal Collection (Continued),tail,Blunt,12,2,6.0,,SWTailAttackTool,
Thranta,Star Wars Animal Collection (Continued),head,Blunt,18,2,9.0,,HeadAttackTool,0.2
Tibidee,Star Wars Animal Collection (Continued),left claws,Cut;Stab,20,2.0,10.0,,Feet,
Tibidee,Star Wars Animal Collection (Continued),right claws,Cut;Stab,20,2.0,10.0,,Feet,
Tibidee,Star Wars Animal Collection (Continued),,Bite,16,2,8.0,,Teeth,0.6
Tibidee,Star Wars Animal Collection (Continued),head,Blunt,28,2,14.0,,HeadAttackTool,0.4
Tibidee,Star Wars Animal Collection (Continued),tail,Blunt,32,2.2,14.55,,SWTailAttackTool,0.2
Tooke,Star Wars Animal Collection (Continued),left claw,Scratch,4,2,2.0,,FrontLeftPaw,
Tooke,Star Wars Animal Collection (Continued),right claw,Scratch,4,2,2.0,,FrontRightPaw,
Tooke,Star Wars Animal Collection (Continued),,Bite,5,2,2.5,,Teeth,0.7
Tooke,Star Wars Animal Collection (Continued),head,Blunt,2,2,1.0,,HeadAttackTool,0.2
Torton,Star Wars Animal Collection (Continued),,Bite,28,2.6,10.77,,TurtleBeakAttackTool,0.7
Torton,Star Wars Animal Collection (Continued),horn,Scratch;Stab,24,2,12.0,,HornAttackTool,
Torton,Star Wars Animal Collection (Continued),left foot,Blunt,19,2,9.5,,FrontLeftPaw,
Torton,Star Wars Animal Collection (Continued),right foot,Blunt,19,2,9.5,,FrontRightPaw,
Torton,Star Wars Animal Collection (Continued),head,Blunt,17,2,8.5,,HeadAttackTool,0.2
Taozin,Star Wars Animal Collection (Continued),spiked-tail,Blunt;Stab,24,2.2,10.91,,SWTailAttackTool,
Taozin,Star Wars Animal Collection (Continued),left claws,Cut;Stab,20,2.0,10.0,,Feet,
Taozin,Star Wars Animal Collection (Continued),right claws,Cut;Stab,20,2.0,10.0,,Feet,
Taozin,Star Wars Animal Collection (Continued),insectoid maw,Bite,12,1.4,8.57,,Mouth,0.5
Taozin,Star Wars Animal Collection (Continued),head,Blunt,16,2.4,6.67,,HeadAttackTool,0.2
Tukata,Star Wars Animal Collection (Continued),left claw,Scratch;Cut,18,1.5,12.0,,FrontLeftPaw,
Tukata,Star Wars Animal Collection (Continued),right claw,Scratch;Cut,18,1.5,12.0,,FrontRightPaw,
Tukata,Star Wars Animal Collection (Continued),poisonous fangs,ToxicBite,26,2,13.0,,Teeth,0.9
Tukata,Star Wars Animal Collection (Continued),tail stinger,ScratchToxic,12,2,6.0,,SWToxicAppendage,
Tukata,Star Wars Animal Collection (Continued),head,Blunt;Scratch,8,2,4.0,,HeadAttackTool,0.2
TuskCat,Star Wars Animal Collection (Continued),left claw,Scratch;Cut,14,1.5,9.33,,FrontLeftPaw,0.2
TuskCat,Star Wars Animal Collection (Continued),right claw,Scratch;Cut,14,1.5,9.33,,FrontRightPaw,0.2
TuskCat,Star Wars Animal Collection (Continued),,Bite,16,2,8.0,,Teeth,0.7
TuskCat,Star Wars Animal Collection (Continued),head,Blunt,10,2,5.0,,HeadAttackTool,0.2
Urusai,Star Wars Animal Collection (Continued),claws,Scratch,8,1.5,5.33,,Feet,
Urusai,Star Wars Animal Collection (Continued),beak,Bite,10,2,5.0,,Beak,
Urusai,Star Wars Animal Collection (Continued),head,Blunt,4,2,2.0,,HeadAttackTool,0.2
Uvak,Star Wars Animal Collection (Continued),claws,Scratch,8,1.5,5.33,,FrontLeftPaw,
Uvak,Star Wars Animal Collection (Continued),claws,Scratch,8,1.5,5.33,,FrontRightPaw,
Uvak,Star Wars Animal Collection (Continued),beak,Bite,16,2,8.0,,Teeth,
Uvak,Star Wars Animal Collection (Continued),horns,Cut;Stab,8,2,4.0,,HeadAttackTool,0.2
Vapaad,Star Wars Animal Collection (Continued),left toxic tentacle,Blunt;ScratchToxic,12,1,12.0,,SWTentacleAttackTool,
Vapaad,Star Wars Animal Collection (Continued),right toxic tentacle,Poke;ScratchToxic,12,1,12.0,,SWTentacleAttackTool,
Vapaad,Star Wars Animal Collection (Continued),left toxic tentacle,Scratch;ScratchToxic,14,1.5,9.33,,SWTentacleAttackTool,
Vapaad,Star Wars Animal Collection (Continued),right toxic tentacle,Stab;ScratchToxic,14,1.5,9.33,,SWTentacleAttackTool,
Varactyl,Star Wars Animal Collection (Continued),claws,Scratch,8,1.5,5.33,,FrontLeftPaw,
Varactyl,Star Wars Animal Collection (Continued),claws,Scratch,8,1.5,5.33,,FrontRightPaw,
Varactyl,Star Wars Animal Collection (Continued),beak,Bite,14,2,7.0,,Teeth,
Varactyl,Star Wars Animal Collection (Continued),head,Blunt,16,2,8.0,,HeadAttackTool,0.2
Veermok,Star Wars Animal Collection (Continued),left fist,Blunt;Scratch,18,1.5,12.0,,LeftHand,
Veermok,Star Wars Animal Collection (Continued),right fist,Blunt;Scratch,18,1.5,12.0,,RightHand,
Veermok,Star Wars Animal Collection (Continued),,Bite,18,2,9.0,,Teeth,0.7
Veermok,Star Wars Animal Collection (Continued),head,Blunt,8,2,4.0,,HeadAttackTool,0.2
Voorpak,Star Wars Animal Collection (Continued),left claw,Scratch,4,1.5,2.67,,FrontLeftPaw,
Voorpak,Star Wars Animal Collection (Continued),right claw,Scratch,4,1.5,2.67,,FrontRightPaw,
Voorpak,Star Wars Animal Collection (Continued),,Bite,6,2,3.0,,Teeth,0.7
Voorpak,Star Wars Animal Collection (Continued),head,Blunt,2,2,1.0,,HeadAttackTool,0.2
Vornskyr,Star Wars Animal Collection (Continued),whip-like tail,ScratchToxic,8,2,4.0,,SWToxicAppendage,0.9
Vornskyr,Star Wars Animal Collection (Continued),left paw,Scratch,13,2,6.5,,FrontLeftClaws,0.2
Vornskyr,Star Wars Animal Collection (Continued),right paw,Scratch,13,2,6.5,,FrontRightClaws,0.2
Vornskyr,Star Wars Animal Collection (Continued),,Bite,20,2,10.0,,Teeth,0.9
Vornskyr,Star Wars Animal Collection (Continued),head,Blunt,8,2,4.0,,HeadAttackTool,0.2
Warbird,Star Wars Animal Collection (Continued),serrated beak,Bite,24,2,12.0,,Teeth,0.7
Warbird,Star Wars Animal Collection (Continued),left claws,Scratch,6,2,3.0,,SWLeftArmClawAttackTool,
Warbird,Star Wars Animal Collection (Continued),right claws,Scratch,6,2,3.0,,SWRightArmClawAttackTool,
Warbird,Star Wars Animal Collection (Continued),head,Blunt,15,2,7.5,,HeadAttackTool,0.2
Warbird,Star Wars Animal Collection (Continued),tail,Blunt,16,2,8.0,,SWTailAttackTool,
WarWyrm,Star Wars Animal Collection (Continued),,ToxicBite,45,3.0,15.0,,Mouth,0.5
WarWyrm,Star Wars Animal Collection (Continued),head,Blunt,45,2.2,20.45,,HeadAttackTool,0.2
WarWyrm,Star Wars Animal Collection (Continued),serpentine tail,Blunt,45,2.4,18.75,,SWTailAttackTool,
Whisperbird,Star Wars Animal Collection (Continued),claws,Scratch,6,1.5,4.0,,Feet,
Whisperbird,Star Wars Animal Collection (Continued),beak,Bite,8,2,4.0,,Beak,
Whisperbird,Star Wars Animal Collection (Continued),head,Blunt,4,2,2.0,,HeadAttackTool,0.2
WompRat,Star Wars Animal Collection (Continued),left claw,Scratch,8.5,2,4.25,,FrontLeftPaw,
WompRat,Star Wars Animal Collection (Continued),right claw,Scratch,8.5,2,4.25,,FrontRightPaw,
WompRat,Star Wars Animal Collection (Continued),,Bite,8,2,4.0,,Teeth,0.7
WompRat,Star Wars Animal Collection (Continued),head,Blunt,4,2,2.0,,HeadAttackTool,0.2
Woolamander,Star Wars Animal Collection (Continued),left fist,Blunt;Scratch,9,1.5,6.0,,LeftHand,
Woolamander,Star Wars Animal Collection (Continued),right fist,Blunt;Scratch,9,1.5,6.0,,RightHand,
Woolamander,Star Wars Animal Collection (Continued),,Bite,12,2,6.0,,Teeth,0.7
Woolamander,Star Wars Animal Collection (Continued),head,Blunt,6,2,3.0,,HeadAttackTool,0.2
Worrt,Star Wars Animal Collection (Continued),webbed foot,Blunt,4,1.5,2.67,,FrontLeftPaw,
Worrt,Star Wars Animal Collection (Continued),webbed foot,Blunt,4,1.5,2.67,,FrontRightPaw,
Worrt,Star Wars Animal Collection (Continued),prehensile tongue,Bite,8,2,4.0,,Teeth,
Worrt,Star Wars Animal Collection (Continued),head,Blunt,6,1.5,4.0,,HeadAttackTool,0.2
Wraid,Star Wars Animal Collection (Continued),left claw,Blunt;Scratch,16,1.5,10.67,,FrontLeftPaw,
Wraid,Star Wars Animal Collection (Continued),right claw,Cut;Stab,16,1.5,10.67,,FrontRightPaw,
Wraid,Star Wars Animal Collection (Continued),teeth,Bite,16,2,8.0,,Teeth,0.9
Wraid,Star Wars Animal Collection (Continued),head,Blunt,16,2,8.0,,HeadAttackTool,0.2
Wyyyschokk,Star Wars Animal Collection (Continued),fanged chelicerae,Bite,20,2,10.0,,Teeth,0.2
Wyyyschokk,Star Wars Animal Collection (Continued),fanged pedipalp,Scratch;Cut,15,2,7.5,,SWLeftLegClawAttackTool,0.2
Wyyyschokk,Star Wars Animal Collection (Continued),fanged pedipalp,Scratch;Cut,15,2,7.5,,SWRightLegClawAttackTool,0.2
Wyyyschokk,Star Wars Animal Collection (Continued),head,Blunt,12,2,6.0,,HeadAttackTool,0.2
Yobshrimp,Star Wars Animal Collection (Continued),,Scratch;Stab,6,2.0,3.0,,SWLeftLegClawAttackTool,
Yobshrimp,Star Wars Animal Collection (Continued),,Scratch;Stab,6,2.0,3.0,,SWRightLegClawAttackTool,
Yobshrimp,Star Wars Animal Collection (Continued),head,Blunt,3,2.4,1.25,,HeadAttackTool,0.2
Zakkeg,Star Wars Animal Collection (Continued),left claws,Blunt;Scratch,18,1.5,12.0,,FrontLeftClaws,
Zakkeg,Star Wars Animal Collection (Continued),right claws,Cut;Stab,18,1.5,12.0,,FrontRightClaws,
Zakkeg,Star Wars Animal Collection (Continued),,Bite,26,2,13.0,,Teeth,0.6
Zakkeg,Star Wars Animal Collection (Continued),head,Blunt,20,2,10.0,,HeadAttackTool,0.2
Zakkeg,Star Wars Animal Collection (Continued),tail,Blunt,14,2.2,6.36,,SWTailAttackTool,
Zeer,Star Wars Animal Collection (Continued),horn,Scratch;Stab,16,2,8.0,,HornAttackTool,
Zeer,Star Wars Animal Collection (Continued),left hoof,Blunt;Poke,12,2,6.0,,FrontLeftLeg,
Zeer,Star Wars Animal Collection (Continued),right hoof,Blunt;Poke,12,2,6.0,,FrontRightLeg,
Zeer,Star Wars Animal Collection (Continued),,Bite,9,2,4.5,,Teeth,0.5
GiantAnt_Race,They! (Giant Ants),mandibles,Bite,18,1.6,11.25,,Mouth,0.8
GiantAnt_Race,They! (Giant Ants),head,Blunt,12,2.0,6.0,,HeadAttackTool,0.1
GiantAnt_Race,They! (Giant Ants),venomous sting,Stab,40,3.5,11.43,0.10,Mouth,0.1
Titan,Titans,left fist,Blunt,25.2,3,8.4,,LeftHand,
Titan,Titans,right fist,Blunt,25.2,3,8.4,,RightHand,
Titan,Titans,teeth,Bite,40.2,2,20.1,,Teeth,0.5
Titan,Titans,head,Blunt,12.0,2,6.0,,HeadAttackTool,0.2
AEXP_Coyote,Vanilla Animals Expanded,left claw,Scratch,7.7,2,3.85,,FrontLeftPaw,
AEXP_Coyote,Vanilla Animals Expanded,right claw,Scratch,7.7,2,3.85,,FrontRightPaw,
AEXP_Coyote,Vanilla Animals Expanded,,Bite,14.2,2.1,6.76,,Teeth,0.7
AEXP_Coyote,Vanilla Animals Expanded,head,Blunt,6,2,3.0,,HeadAttackTool,0.2
AEXP_Giraffe,Vanilla Animals Expanded,left hoof,Blunt;Poke,14,2.2,6.36,,FrontLeftLeg,
AEXP_Giraffe,Vanilla Animals Expanded,right hoof,Blunt;Poke,14,2.2,6.36,,FrontRightLeg,
AEXP_Giraffe,Vanilla Animals Expanded,,Bite,8,2,4.0,,Teeth,0.5
AEXP_Giraffe,Vanilla Animals Expanded,head,Blunt,6,2.6,2.31,,HeadAttackTool,
AEXP_Zebra,Vanilla Animals Expanded,head,Blunt,12,2.9,4.14,,HeadAttackTool,
AEXP_Zebra,Vanilla Animals Expanded,left hoof,Blunt;Poke,8,2,4.0,,FrontLeftLeg,
AEXP_Zebra,Vanilla Animals Expanded,right hoof,Blunt;Poke,8,2,4.0,,FrontRightLeg,
AEXP_Zebra,Vanilla Animals Expanded,,Bite,6,2,3.0,,Teeth,0.5
AEXP_Wildebeest,Vanilla Animals Expanded,,Bite,8.8,2.6,3.38,,Teeth,0.7
AEXP_Wildebeest,Vanilla Animals Expanded,head,Blunt,12,2,6.0,,HeadAttackTool,0.6
AEXP_Wildebeest,Vanilla Animals Expanded,left hoof,Blunt;Poke,8,2,4.0,,FrontLeftLeg,
AEXP_Wildebeest,Vanilla Animals Expanded,right hoof,Blunt;Poke,8,2,4.0,,FrontRightLeg,
AEXP_Crocodile,Vanilla Animals Expanded,,Bite,22,2.6,8.46,,Teeth,0.7
AEXP_Cheetah,Vanilla Animals Expanded,left claw,Scratch,11,1.5,7.33,,FrontLeftPaw,
AEXP_Cheetah,Vanilla Animals Expanded,right claw,Scratch,11,1.5,7.33,,FrontRightPaw,
AEXP_Cheetah,Vanilla Animals Expanded,,Bite,16,2,8.0,,Teeth,0.7
AEXP_Cheetah,Vanilla Animals Expanded,head,Blunt,9,2,4.5,,HeadAttackTool,0.2
AEXP_Boombat,Vanilla Animals Expanded,left claw,Scratch,3,1.5,2.0,,FrontLeftPaw,
AEXP_Boombat,Vanilla Animals Expanded,right claw,Scratch,3,1.5,2.0,,FrontRightPaw,
AEXP_Boombat,Vanilla Animals Expanded,,Bite,5.5,2,2.75,,Teeth,0.7
AEXP_Boombat,Vanilla Animals Expanded,head,Blunt,5,2,2.5,,HeadAttackTool,0.2
AEXP_Kangaroo,Vanilla Animals Expanded,,Blunt;Scratch,19,2,9.5,,AEXP_RearLeftClaws,
AEXP_Kangaroo,Vanilla Animals Expanded,,Blunt;Scratch,19,2,9.5,,AEXP_RearRightClaws,
AEXP_Kangaroo,Vanilla Animals Expanded,,Bite,5.5,2,2.75,,Teeth,0.7
AEXP_Kangaroo,Vanilla Animals Expanded,head,Blunt,13,2.6,5.0,,HeadAttackTool,
AEXP_Koala,Vanilla Animals Expanded,left claw,Scratch,2,2,1.0,,FrontLeftPaw,
AEXP_Koala,Vanilla Animals Expanded,right claw,Scratch,2,2,1.0,,FrontRightPaw,
AEXP_Koala,Vanilla Animals Expanded,,Bite,5,2,2.5,,Teeth,0.7
AEXP_Koala,Vanilla Animals Expanded,head,Blunt,3,2,1.5,,HeadAttackTool,0.2
AEXP_Platypus,Vanilla Animals Expanded,left claw,Scratch,2,2,1.0,,FrontLeftPaw,
AEXP_Platypus,Vanilla Animals Expanded,right claw,Scratch,2,2,1.0,,FrontRightPaw,
AEXP_Platypus,Vanilla Animals Expanded,,ToxicBite;Poke,9,2,4.5,,AEXP_RearLeftSpur,
AEXP_Platypus,Vanilla Animals Expanded,,ToxicBite;Poke,9,2,4.5,,AEXP_RearRightSpur,
AEXP_Platypus,Vanilla Animals Expanded,head,Blunt,1,2,0.5,,HeadAttackTool,0.2
AEXP_ArcticCoyote,Vanilla Animals Expanded,left claw,Scratch,7.7,2,3.85,,FrontLeftPaw,
AEXP_ArcticCoyote,Vanilla Animals Expanded,right claw,Scratch,7.7,2,3.85,,FrontRightPaw,
AEXP_ArcticCoyote,Vanilla Animals Expanded,,Bite,14.2,2.1,6.76,,Teeth,0.7
AEXP_ArcticCoyote,Vanilla Animals Expanded,head,Blunt,6,2,3.0,,HeadAttackTool,0.2
AEXP_BlackBear,Vanilla Animals Expanded,left claw,Scratch,17,2,8.5,,FrontLeftPaw,
AEXP_BlackBear,Vanilla Animals Expanded,right claw,Scratch,17,2,8.5,,FrontRightPaw,
AEXP_BlackBear,Vanilla Animals Expanded,,Bite,23.6,2.6,9.08,,Teeth,0.5
AEXP_BlackBear,Vanilla Animals Expanded,head,Blunt,11,2,5.5,,HeadAttackTool,0.2
AEXP_CatAbyssinian,Vanilla Animals Expanded,left claw,Scratch,6,1.5,4.0,,FrontLeftPaw,
AEXP_CatAbyssinian,Vanilla Animals Expanded,right claw,Scratch,6,1.5,4.0,,FrontRightPaw,
AEXP_CatAbyssinian,Vanilla Animals Expanded,,Bite,7,2,3.5,,Teeth,0.7
AEXP_CatAbyssinian,Vanilla Animals Expanded,head,Blunt,3,2,1.5,,HeadAttackTool,0.2
AEXP_CatBengal,Vanilla Animals Expanded,left claw,Scratch,6,1.5,4.0,,FrontLeftPaw,
AEXP_CatBengal,Vanilla Animals Expanded,right claw,Scratch,6,1.5,4.0,,FrontRightPaw,
AEXP_CatBengal,Vanilla Animals Expanded,,Bite,7,2,3.5,,Teeth,0.7
AEXP_CatBengal,Vanilla Animals Expanded,head,Blunt,3,2,1.5,,HeadAttackTool,0.2
AEXP_CatBritishShorthair,Vanilla Animals Expanded,left claw,Scratch,6,1.5,4.0,,FrontLeftPaw,
AEXP_CatBritishShorthair,Vanilla Animals Expanded,right claw,Scratch,6,1.5,4.0,,FrontRightPaw,
AEXP_CatBritishShorthair,Vanilla Animals Expanded,,Bite,7,2,3.5,,Teeth,0.7
AEXP_CatBritishShorthair,Vanilla Animals Expanded,head,Blunt,3,2,1.5,,HeadAttackTool,0.2
AEXP_CatMaineCoon,Vanilla Animals Expanded,left claw,Scratch,10,1.5,6.67,,FrontLeftPaw,
AEXP_CatMaineCoon,Vanilla Animals Expanded,right claw,Scratch,10,1.5,6.67,,FrontRightPaw,
AEXP_CatMaineCoon,Vanilla Animals Expanded,,Bite,8,2,4.0,,Teeth,0.7
AEXP_CatMaineCoon,Vanilla Animals Expanded,head,Blunt,6,2,3.0,,HeadAttackTool,0.2
AEXP_CatMunchkin,Vanilla Animals Expanded,left claw,Scratch,6,1.5,4.0,,FrontLeftPaw,
AEXP_CatMunchkin,Vanilla Animals Expanded,right claw,Scratch,6,1.5,4.0,,FrontRightPaw,
AEXP_CatMunchkin,Vanilla Animals Expanded,,Bite,7,2,3.5,,Teeth,0.7
AEXP_CatMunchkin,Vanilla Animals Expanded,head,Blunt,3,2,1.5,,HeadAttackTool,0.2
AEXP_CatNorwegianForest,Vanilla Animals Expanded,left claw,Scratch,6,1.5,4.0,,FrontLeftPaw,
AEXP_CatNorwegianForest,Vanilla Animals Expanded,right claw,Scratch,6,1.5,4.0,,FrontRightPaw,
AEXP_CatNorwegianForest,Vanilla Animals Expanded,,Bite,7,2,3.5,,Teeth,0.7
AEXP_CatNorwegianForest,Vanilla Animals Expanded,head,Blunt,3,2,1.5,,HeadAttackTool,0.2
AEXP_CatPersian,Vanilla Animals Expanded,left claw,Scratch,6,1.5,4.0,,FrontLeftPaw,
AEXP_CatPersian,Vanilla Animals Expanded,right claw,Scratch,6,1.5,4.0,,FrontRightPaw,
AEXP_CatPersian,Vanilla Animals Expanded,,Bite,7,2,3.5,,Teeth,0.7
AEXP_CatPersian,Vanilla Animals Expanded,head,Blunt,3,2,1.5,,HeadAttackTool,0.2
AEXP_CatSiamese,Vanilla Animals Expanded,left claw,Scratch,6,1.5,4.0,,FrontLeftPaw,
AEXP_CatSiamese,Vanilla Animals Expanded,right claw,Scratch,6,1.5,4.0,,FrontRightPaw,
AEXP_CatSiamese,Vanilla Animals Expanded,,Bite,7,2,3.5,,Teeth,0.7
AEXP_CatSiamese,Vanilla Animals Expanded,head,Blunt,3,2,1.5,,HeadAttackTool,0.2
AEXP_CatSomali,Vanilla Animals Expanded,left claw,Scratch,6,1.5,4.0,,FrontLeftPaw,
AEXP_CatSomali,Vanilla Animals Expanded,right claw,Scratch,6,1.5,4.0,,FrontRightPaw,
AEXP_CatSomali,Vanilla Animals Expanded,,Bite,7,2,3.5,,Teeth,0.7
AEXP_CatSomali,Vanilla Animals Expanded,head,Blunt,3,2,1.5,,HeadAttackTool,0.2
AEXP_CatSphynx,Vanilla Animals Expanded,left claw,Scratch,6,1.5,4.0,,FrontLeftPaw,
AEXP_CatSphynx,Vanilla Animals Expanded,right claw,Scratch,6,1.5,4.0,,FrontRightPaw,
AEXP_CatSphynx,Vanilla Animals Expanded,,Bite,7,2,3.5,,Teeth,0.7
AEXP_CatSphynx,Vanilla Animals Expanded,head,Blunt,3,2,1.5,,HeadAttackTool,0.2
AEXP_Hyena,Vanilla Animals Expanded,left claw,Scratch,7.7,2,3.85,,FrontLeftPaw,
AEXP_Hyena,Vanilla Animals Expanded,right claw,Scratch,7.7,2,3.85,,FrontRightPaw,
AEXP_Hyena,Vanilla Animals Expanded,,Bite,16.2,2.1,7.71,,Teeth,0.7
AEXP_Hyena,Vanilla Animals Expanded,head,Blunt,6,2,3.0,,HeadAttackTool,0.2
AEXP_DesertTortoise,Vanilla Animals Expanded,beak,Bite,8,2.6,3.08,,TurtleBeakAttackTool,
AEXP_DesertTortoise,Vanilla Animals Expanded,head,Blunt,3,2.6,1.15,,HeadAttackTool,0.2
AEXP_Lion,Vanilla Animals Expanded,left claw,Scratch,15,1.5,10.0,,FrontLeftPaw,
AEXP_Lion,Vanilla Animals Expanded,right claw,Scratch,15,1.5,10.0,,FrontRightPaw,
AEXP_Lion,Vanilla Animals Expanded,,Bite,18,2,9.0,,Teeth,0.7
AEXP_Lion,Vanilla Animals Expanded,head,Blunt,9,2,4.5,,HeadAttackTool,0.2
AEXP_GilaMonster,Vanilla Animals Expanded,left claw,Scratch,8,2,4.0,,FrontLeftClaws,
AEXP_GilaMonster,Vanilla Animals Expanded,right claw,Scratch,8,2,4.0,,FrontRightClaws,
AEXP_GilaMonster,Vanilla Animals Expanded,teeth,AEXP_GilaVenomousBite,8,2,4.0,,Teeth,0.5
AEXP_GilaMonster,Vanilla Animals Expanded,head,Blunt,5,2,2.5,,HeadAttackTool,0.2
AEXP_Beagle,Vanilla Animals Expanded,left claw,Scratch,3.6,2,1.8,,FrontLeftPaw,
AEXP_Beagle,Vanilla Animals Expanded,right claw,Scratch,3.6,2,1.8,,FrontRightPaw,
AEXP_Beagle,Vanilla Animals Expanded,cute little teeth,Bite,4.8,2,2.4,,Teeth,0.7
AEXP_Beagle,Vanilla Animals Expanded,head,Blunt,2,2,1.0,,HeadAttackTool,0.2
AEXP_Chihuahua,Vanilla Animals Expanded,left claw,Scratch,1.6,2,0.8,,FrontLeftPaw,
AEXP_Chihuahua,Vanilla Animals Expanded,right claw,Scratch,1.6,2,0.8,,FrontRightPaw,
AEXP_Chihuahua,Vanilla Animals Expanded,cute little teeth,Bite,2.8,2,1.4,,Teeth,0.7
AEXP_Chihuahua,Vanilla Animals Expanded,head,Blunt,1.2,2,0.6,,HeadAttackTool,0.2
AEXP_Corgi,Vanilla Animals Expanded,left claw,Scratch,3.6,2,1.8,,FrontLeftPaw,
AEXP_Corgi,Vanilla Animals Expanded,right claw,Scratch,3.6,2,1.8,,FrontRightPaw,
AEXP_Corgi,Vanilla Animals Expanded,cute little teeth,Bite,4.8,2,2.4,,Teeth,0.7
AEXP_Corgi,Vanilla Animals Expanded,head,Blunt,2,2,1.0,,HeadAttackTool,0.2
AEXP_FrenchBulldog,Vanilla Animals Expanded,left claw,Scratch,3.6,2,1.8,,FrontLeftPaw,
AEXP_FrenchBulldog,Vanilla Animals Expanded,right claw,Scratch,3.6,2,1.8,,FrontRightPaw,
AEXP_FrenchBulldog,Vanilla Animals Expanded,cute little teeth,Bite,4.8,2,2.4,,Teeth,0.7
AEXP_FrenchBulldog,Vanilla Animals Expanded,head,Blunt,2,2,1.0,,HeadAttackTool,0.2
AEXP_GermanShepherd,Vanilla Animals Expanded,left claw,Scratch,9,1.5,6.0,,FrontLeftPaw,
AEXP_GermanShepherd,Vanilla Animals Expanded,right claw,Scratch,9,1.5,6.0,,FrontRightPaw,
AEXP_GermanShepherd,Vanilla Animals Expanded,bite,Bite,16,2,8.0,,Teeth,0.9
AEXP_GermanShepherd,Vanilla Animals Expanded,head,Blunt,5,2,2.5,,HeadAttackTool,0.2
AEXP_GreatDane,Vanilla Animals Expanded,left claw,Scratch,8.5,2,4.25,,FrontLeftPaw,
AEXP_GreatDane,Vanilla Animals Expanded,right claw,Scratch,8.5,2,4.25,,FrontRightPaw,
AEXP_GreatDane,Vanilla Animals Expanded,,Bite,14.2,2.6,5.46,,Teeth,0.7
AEXP_GreatDane,Vanilla Animals Expanded,head,Blunt,5,2,2.5,,HeadAttackTool,0.2
AEXP_Poodle,Vanilla Animals Expanded,left claw,Scratch,8.5,2,4.25,,FrontLeftPaw,
AEXP_Poodle,Vanilla Animals Expanded,right claw,Scratch,8.5,2,4.25,,FrontRightPaw,
AEXP_Poodle,Vanilla Animals Expanded,,Bite,14.2,2.6,5.46,,Teeth,0.7
AEXP_Poodle,Vanilla Animals Expanded,head,Blunt,5,2,2.5,,HeadAttackTool,0.2
AEXP_Pug,Vanilla Animals Expanded,left claw,Scratch,3.6,2,1.8,,FrontLeftPaw,
AEXP_Pug,Vanilla Animals Expanded,right claw,Scratch,3.6,2,1.8,,FrontRightPaw,
AEXP_Pug,Vanilla Animals Expanded,cute little teeth,Bite,4.8,2,2.4,,Teeth,0.7
AEXP_Pug,Vanilla Animals Expanded,head,Blunt,2,2,1.0,,HeadAttackTool,0.2
AEXP_Rottweiler,Vanilla Animals Expanded,left claw,Scratch,8.5,2,4.25,,FrontLeftPaw,
AEXP_Rottweiler,Vanilla Animals Expanded,right claw,Scratch,8.5,2,4.25,,FrontRightPaw,
AEXP_Rottweiler,Vanilla Animals Expanded,,Bite,16.2,2.6,6.23,,Teeth,0.7
AEXP_Rottweiler,Vanilla Animals Expanded,head,Blunt,5,2,2.5,,HeadAttackTool,0.2
AEXP_Shih-Tzu,Vanilla Animals Expanded,left claw,Scratch,3.6,2,1.8,,FrontLeftPaw,
AEXP_Shih-Tzu,Vanilla Animals Expanded,right claw,Scratch,3.6,2,1.8,,FrontRightPaw,
AEXP_Shih-Tzu,Vanilla Animals Expanded,cute little teeth,Bite,4.8,2,2.4,,Teeth,0.7
AEXP_Shih-Tzu,Vanilla Animals Expanded,head,Blunt,2,2,1.0,,HeadAttackTool,0.2
AEXP_WelshTerrier,Vanilla Animals Expanded,left claw,Scratch,9.7,2,4.85,,FrontLeftPaw,
AEXP_WelshTerrier,Vanilla Animals Expanded,right claw,Scratch,9.7,2,4.85,,FrontRightPaw,
AEXP_WelshTerrier,Vanilla Animals Expanded,,Bite,14.2,2.6,5.46,,Teeth,0.7
AEXP_WelshTerrier,Vanilla Animals Expanded,head,Blunt,6,2,3.0,,HeadAttackTool,0.2
AEXP_Camel,Vanilla Animals Expanded,left hoof,Blunt;Poke,9,2,4.5,,FrontLeftLeg,
AEXP_Camel,Vanilla Animals Expanded,right hoof,Blunt;Poke,9,2,4.5,,FrontRightLeg,
AEXP_Camel,Vanilla Animals Expanded,,Bite,10,2,5.0,,Teeth,0.7
AEXP_Camel,Vanilla Animals Expanded,head,Blunt,7,2,3.5,,HeadAttackTool,0.2
AEXP_Rattlesnake,Vanilla Animals Expanded,venom-fangs,AEXP_RattleSnakeVenomousBite,12,2.4,5.0,,Mouth,
AEXP_Rattlesnake,Vanilla Animals Expanded,head,Blunt,3,2,1.5,,HeadAttackTool,0.2
AEXP_Megascorpion,Vanilla Animals Expanded,stinger,AEXP_MegascorpionVenomousBite,12,1.2,10.0,,HeadAttackTool,
AEXP_Megascorpion,Vanilla Animals Expanded,mandibles,Bite,5,2,2.5,,Mouth,
AEXP_Megascorpion,Vanilla Animals Expanded,head,Blunt,4,2,2.0,,HeadAttackTool,0.1
AEXP_RedPanda,Vanilla Animals Expanded,left fist,Scratch,3.6,1.5,2.4,,FrontLeftPaw,
AEXP_RedPanda,Vanilla Animals Expanded,right fist,Scratch,3.6,1.5,2.4,,FrontRightPaw,
AEXP_RedPanda,Vanilla Animals Expanded,,Bite,4,2,2.0,,Teeth,0.7
AEXP_RedPanda,Vanilla Animals Expanded,head,Blunt,2,2,1.0,,HeadAttackTool,0.2
AEXP_WildGoose,Vanilla Animals Expanded,claws,Scratch,5,1.5,3.33,,Feet,
AEXP_WildGoose,Vanilla Animals Expanded,beak,Bite,6.6,2,3.3,,Beak,
AEXP_WildGoose,Vanilla Animals Expanded,head,Blunt,2,1.5,1.33,,HeadAttackTool,0.2
AEXP_Beaver,Vanilla Animals Expanded,left claw,Scratch,5,2,2.5,,FrontLeftPaw,
AEXP_Beaver,Vanilla Animals Expanded,right claw,Scratch,5,2,2.5,,FrontRightPaw,
AEXP_Beaver,Vanilla Animals Expanded,,Bite,5.5,2,2.75,,Teeth,0.7
AEXP_Beaver,Vanilla Animals Expanded,head,Blunt,3,2,1.5,,HeadAttackTool,0.2
AEXP_Hedgehog,Vanilla Animals Expanded,left claw,Scratch,2,2,1.0,,FrontLeftPaw,
AEXP_Hedgehog,Vanilla Animals Expanded,right claw,Scratch,2,2,1.0,,FrontRightPaw,
AEXP_Hedgehog,Vanilla Animals Expanded,,Bite,3,2,1.5,,Teeth,0.7
AEXP_Hedgehog,Vanilla Animals Expanded,head,Blunt,3,2,1.5,,HeadAttackTool,0.2
AEXP_Jaguar,Vanilla Animals Expanded,left claw,Scratch,11,1.5,7.33,,FrontLeftPaw,
AEXP_Jaguar,Vanilla Animals Expanded,right claw,Scratch,11,1.5,7.33,,FrontRightPaw,
AEXP_Jaguar,Vanilla Animals Expanded,,Bite,16,2,8.0,,Teeth,0.7
AEXP_Jaguar,Vanilla Animals Expanded,head,Blunt,9,2,4.5,,HeadAttackTool,0.2
AEXP_Lemur,Vanilla Animals Expanded,left fist,Blunt,3.6,1.5,2.4,,LeftHand,
AEXP_Lemur,Vanilla Animals Expanded,right fist,Blunt,3.6,1.5,2.4,,RightHand,
AEXP_Lemur,Vanilla Animals Expanded,,Bite,4,2,2.0,,Teeth,0.7
AEXP_Lemur,Vanilla Animals Expanded,head,Blunt,2,2,1.0,,HeadAttackTool,0.2
AEXP_Mandrill,Vanilla Animals Expanded,left fist,Blunt,5.5,1.5,3.67,,LeftHand,
AEXP_Mandrill,Vanilla Animals Expanded,right fist,Blunt,5.5,1.5,3.67,,RightHand,
AEXP_Mandrill,Vanilla Animals Expanded,,Bite,14,2,7.0,,Teeth,0.7
AEXP_Mandrill,Vanilla Animals Expanded,head,Blunt,5,2,2.5,,HeadAttackTool,0.2
AEXP_Tapir,Vanilla Animals Expanded,,Bite,7.9,2,3.95,,Teeth,0.7
AEXP_Tapir,Vanilla Animals Expanded,head,Blunt,6,2,3.0,,HeadAttackTool,0.2
AEXP_Anaconda,Vanilla Animals Expanded,,Bite,20,2.5,8.0,,Mouth,
AEXP_Anaconda,Vanilla Animals Expanded,head,Blunt,3,2,1.5,,HeadAttackTool,0.2
AEXP_IndianElephant,Vanilla Animals Expanded,left foot,Blunt,14.9,2,7.45,,FrontLeftLeg,
AEXP_IndianElephant,Vanilla Animals Expanded,right foot,Blunt,14.9,2,7.45,,FrontRightLeg,
AEXP_IndianElephant,Vanilla Animals Expanded,head,Blunt,12,2,6.0,,HeadAttackTool,0.2
AEXP_MegaWolverine,Vanilla Animals Expanded,left claw,Scratch,21,1.4,15.0,,FrontLeftPaw,
AEXP_MegaWolverine,Vanilla Animals Expanded,right claw,Scratch,21,1.4,15.0,,FrontRightPaw,
AEXP_MegaWolverine,Vanilla Animals Expanded,,Bite,22,2.1,10.48,,Teeth,0.7
AEXP_MegaWolverine,Vanilla Animals Expanded,head,Blunt,15,2,7.5,,HeadAttackTool,0.2
VAEWaste_Hydra,Vanilla Animals Expanded — Waste Animals,venom-fangs,ToxicBite,12,1,12.0,,Mouth,
VAEWaste_Hydra,Vanilla Animals Expanded — Waste Animals,head,Blunt,3,2,1.5,,HeadAttackTool,0.2
VAEWaste_Megatardi,Vanilla Animals Expanded — Waste Animals,mandibles,Bite,7,2,3.5,,Mouth,
VAEWaste_Megatardi,Vanilla Animals Expanded — Waste Animals,head,Blunt,6,2,3.0,,HeadAttackTool,0.1
VAEWaste_Pestigator,Vanilla Animals Expanded — Waste Animals,,VAEWaste_RippingBite,22,2.6,8.46,,Teeth,1
VAEWaste_Toxafox,Vanilla Animals Expanded — Waste Animals,left claw,Scratch,8,2,4.0,,FrontLeftPaw,
VAEWaste_Toxafox,Vanilla Animals Expanded — Waste Animals,right claw,Scratch,8,2,4.0,,FrontRightPaw,
VAEWaste_Toxafox,Vanilla Animals Expanded — Waste Animals,,Bite,9,2,4.5,,Teeth,0.9
VAEWaste_Toxafox,Vanilla Animals Expanded — Waste Animals,head,Blunt,4,2,2.0,,HeadAttackTool,0.2
VAEWaste_Toxbear,Vanilla Animals Expanded — Waste Animals,left claw,Scratch,17,2,8.5,,FrontLeftPaw,
VAEWaste_Toxbear,Vanilla Animals Expanded — Waste Animals,right claw,Scratch,17,2,8.5,,FrontRightPaw,
VAEWaste_Toxbear,Vanilla Animals Expanded — Waste Animals,,Bite,23.6,2.6,9.08,,Teeth,0.5
VAEWaste_Toxbear,Vanilla Animals Expanded — Waste Animals,head,Blunt,11,2,5.5,,HeadAttackTool,0.2
VAEWaste_Toxiguana,Vanilla Animals Expanded — Waste Animals,left claw,Scratch,8,2,4.0,,FrontLeftClaws,
VAEWaste_Toxiguana,Vanilla Animals Expanded — Waste Animals,right claw,Scratch,8,2,4.0,,FrontRightClaws,
VAEWaste_Toxiguana,Vanilla Animals Expanded — Waste Animals,,Bite,10,2.6,3.85,,Teeth,0.7
VAEWaste_Toxiguana,Vanilla Animals Expanded — Waste Animals,head,Blunt,5,2,2.5,,HeadAttackTool,0.2
VAEWaste_Toxlion,Vanilla Animals Expanded — Waste Animals,left claw,VAEWaste_FluClaws,8,1.5,5.33,,FrontLeftPaw,0.3
VAEWaste_Toxlion,Vanilla Animals Expanded — Waste Animals,right claw,VAEWaste_FluClaws,8,1.5,5.33,,FrontRightPaw,0.3
VAEWaste_Toxlion,Vanilla Animals Expanded — Waste Animals,,VAEWaste_FluBite,10,2,5.0,,Teeth,0.3
VAEWaste_Toxlion,Vanilla Animals Expanded — Waste Animals,,Bite,6,2,3.0,,Teeth,0.7
VAEWaste_Toxscorpion,Vanilla Animals Expanded — Waste Animals,left pincer,Scratch,20,1.5,13.33,,VAEWaste_PincerAttackTool,
VAEWaste_Toxscorpion,Vanilla Animals Expanded — Waste Animals,right pincer,Scratch,20,1.5,13.33,,VAEWaste_PincerAttackTool,
VAEWaste_Toxscorpion,Vanilla Animals Expanded — Waste Animals,,VAEWaste_Sting,15,2,7.5,,VAEWaste_Sting,
VAEWaste_Toxscorpion,Vanilla Animals Expanded — Waste Animals,head,Blunt,4,2,2.0,,HeadAttackTool,0.1
VAEWaste_Wasteboar,Vanilla Animals Expanded — Waste Animals,tusk,Scratch;Stab,13,2,6.5,,TuskAttackTool,
VAEWaste_Wasteboar,Vanilla Animals Expanded — Waste Animals,,Bite,8.5,2,4.25,,Teeth,0.6
VAEWaste_Wasteboar,Vanilla Animals Expanded — Waste Animals,head,Blunt,5,2,2.5,,HeadAttackTool,0.2
VAEWaste_Wastedeer,Vanilla Animals Expanded — Waste Animals,left hoof,Blunt;Poke,7,2,3.5,,FrontLeftLeg,
VAEWaste_Wastedeer,Vanilla Animals Expanded — Waste Animals,right hoof,Blunt;Poke,7,2,3.5,,FrontRightLeg,
VAEWaste_Wastedeer,Vanilla Animals Expanded — Waste Animals,teeth,Bite,8,2,4.0,,Teeth,0.5
VAEWaste_Wastedeer,Vanilla Animals Expanded — Waste Animals,head,Blunt,5,2,2.5,,HeadAttackTool,0.2
VAEWaste_Wasteffalo,Vanilla Animals Expanded — Waste Animals,head,Blunt,13,1.3,10.0,,HeadAttackTool,
VAEWaste_Wasteffalo,Vanilla Animals Expanded — Waste Animals,left hoof,Blunt;Poke,10,2,5.0,,FrontLeftLeg,
VAEWaste_Wasteffalo,Vanilla Animals Expanded — Waste Animals,right hoof,Blunt;Poke,10,2,5.0,,FrontRightLeg,
VAEWaste_Wasteffalo,Vanilla Animals Expanded — Waste Animals,,Bite,8,1,8.0,,Teeth,0.5
VFEI2_Acidspitter,Vanilla Factions Expanded - Insectoids 2,head claw,Cut,12,2.6,4.62,0.18,HeadClaw,
VFEI2_Acidspitter,Vanilla Factions Expanded - Insectoids 2,mandibles,ToxicBite,10,2.6,3.85,0.1,Mouth,
VFEI2_Acidspitter,Vanilla Factions Expanded - Insectoids 2,head,Blunt,9,2,4.5,0.1,HeadAttackTool,0.2
VFEI2_Boomtick,Vanilla Factions Expanded - Insectoids 2,mandibles,Bite,4,2,2.0,0.07,Mouth,
VFEI2_Boomtick,Vanilla Factions Expanded - Insectoids 2,head,Blunt,3,2,1.5,0.06,HeadAttackTool,0.1
VFEI2_Durapod,Vanilla Factions Expanded - Insectoids 2,head claw,Cut,6,2,3.0,0.1,HeadClaw,
VFEI2_Durapod,Vanilla Factions Expanded - Insectoids 2,head,Blunt,6,2,3.0,0.09,HeadAttackTool,0.2
VFEI2_Empress,Vanilla Factions Expanded - Insectoids 2,head claw,Cut,6,2.6,2.31,0.06,HeadClaw,
VFEI2_Empress,Vanilla Factions Expanded - Insectoids 2,front claw,Cut,12,2.6,4.62,0.18,HeadClaw,
VFEI2_Empress,Vanilla Factions Expanded - Insectoids 2,head,Blunt,4,2,2.0,0.02,HeadAttackTool,0.2
VFEI2_Fuelmite,Vanilla Factions Expanded - Insectoids 2,head claw,Cut,12,2.8,4.29,0.18,HeadClaw,
VFEI2_Fuelmite,Vanilla Factions Expanded - Insectoids 2,head,Blunt,7,2,3.5,0.1,HeadAttackTool,0.2
VFEI2_Gigalocust,Vanilla Factions Expanded - Insectoids 2,head claw,Cut,15,2.6,5.77,,HeadClaw,
VFEI2_Gigalocust,Vanilla Factions Expanded - Insectoids 2,head,Blunt,9,2,4.5,,HeadAttackTool,0.2
VFEI2_Gigamite,Vanilla Factions Expanded - Insectoids 2,head claw,Cut,10,2,5.0,0.1,HeadClaw,
VFEI2_Gigamite,Vanilla Factions Expanded - Insectoids 2,head,Blunt,8,0.9,8.89,0.1,HeadAttackTool,0.2
VFEI2_Hellbeetle,Vanilla Factions Expanded - Insectoids 2,head claw,Cut,14,2.8,5.0,0.18,HeadClaw,
VFEI2_Hellbeetle,Vanilla Factions Expanded - Insectoids 2,head,Blunt,7,2,3.5,0.1,HeadAttackTool,0.2
VFEI2_Ironclad,Vanilla Factions Expanded - Insectoids 2,head claw,Cut,18,2.6,6.92,0.18,HeadClaw,
VFEI2_Ironclad,Vanilla Factions Expanded - Insectoids 2,head,Blunt,14,2,7.0,0.1,HeadAttackTool,0.2
VFEI2_Macrofly,Vanilla Factions Expanded - Insectoids 2,head claw,Cut,9,1.8,5.0,0.14,HeadClaw,
VFEI2_Macrofly,Vanilla Factions Expanded - Insectoids 2,head,Blunt,6,2,3.0,0.09,HeadAttackTool,0.2
VFEI2_Megapede,Vanilla Factions Expanded - Insectoids 2,head claw,Cut,17,2.6,6.54,0.18,HeadClaw,
VFEI2_Megapede,Vanilla Factions Expanded - Insectoids 2,mandibles,ToxicBite,15,2.6,5.77,0.1,Mouth,
VFEI2_Megapede,Vanilla Factions Expanded - Insectoids 2,head,Blunt,9,2,4.5,0.1,HeadAttackTool,0.2
VFEI2_Megathrips,Vanilla Factions Expanded - Insectoids 2,mandibles,VFEI2_AcidBite,5,2,2.5,0.07,Mouth,
VFEI2_Megathrips,Vanilla Factions Expanded - Insectoids 2,head,Blunt,4,2,2.0,0.06,HeadAttackTool,0.1
VFEI2_Megawasp,Vanilla Factions Expanded - Insectoids 2,head claw,Cut,14,2.2,6.36,0.26,HeadClaw,
VFEI2_Megawasp,Vanilla Factions Expanded - Insectoids 2,head,Blunt,7,2,3.5,0.1,HeadAttackTool,0.2
VFEI2_Patriarch,Vanilla Factions Expanded - Insectoids 2,head claw,Cut,6,2.6,2.31,0.06,HeadClaw,
VFEI2_Patriarch,Vanilla Factions Expanded - Insectoids 2,front claw,Cut,18,2,9.0,0.18,HeadClaw,
VFEI2_Patriarch,Vanilla Factions Expanded - Insectoids 2,head,Blunt,4,2,2.0,0.02,HeadAttackTool,0.2
VFEI2_Queen,Vanilla Factions Expanded - Insectoids 2,head claw,Cut,28,2.6,10.77,0.18,HeadClaw,
VFEI2_Queen,Vanilla Factions Expanded - Insectoids 2,head,Blunt,20,2,10.0,0.1,HeadAttackTool,0.2
VFEI2_RoyalMegascarab,Vanilla Factions Expanded - Insectoids 2,mandibles,Cut,7,2,3.5,0.1,Mouth,
VFEI2_RoyalMegascarab,Vanilla Factions Expanded - Insectoids 2,head,Blunt,5,2,2.5,0.08,HeadAttackTool,0.1
VFEI2_RoyalMegaspider,Vanilla Factions Expanded - Insectoids 2,head claw,Cut,17,2.6,6.54,0.18,HeadClaw,
VFEI2_RoyalMegaspider,Vanilla Factions Expanded - Insectoids 2,mandibles,ToxicBite,15,2.6,5.77,0.1,Mouth,
VFEI2_RoyalMegaspider,Vanilla Factions Expanded - Insectoids 2,head,Blunt,9,2,4.5,0.1,HeadAttackTool,0.2
VFEI2_RoyalSpelopede,Vanilla Factions Expanded - Insectoids 2,head claw,Cut,12,2.6,4.62,0.18,HeadClaw,
VFEI2_RoyalSpelopede,Vanilla Factions Expanded - Insectoids 2,head,Blunt,7,2,3.5,0.1,HeadAttackTool,0.2
VFEI2_Silverfish,Vanilla Factions Expanded - Insectoids 2,right claw,VFEI2_TeramantisStun,20,2.8,7.14,0.25,VFEI2_ClawAttackTool,
VFEI2_Silverfish,Vanilla Factions Expanded - Insectoids 2,left claw,VFEI2_TeramantisStun,20,2.8,7.14,0.25,VFEI2_ClawAttackTool,
VFEI2_Silverfish,Vanilla Factions Expanded - Insectoids 2,head,Blunt,16,2,8.0,0.08,HeadAttackTool,0.2
VFEI2_Swarmling,Vanilla Factions Expanded - Insectoids 2,mouth,Bite,1,2,0.5,0.07,Mouth,
VFEI2_Tankroach,Vanilla Factions Expanded - Insectoids 2,head claw,Cut,14,2.6,5.38,0.18,HeadClaw,
VFEI2_Tankroach,Vanilla Factions Expanded - Insectoids 2,mandibles,ToxicBite,15,2.6,5.77,0.1,Mouth,
VFEI2_Tankroach,Vanilla Factions Expanded - Insectoids 2,head,Blunt,9,2,4.5,0.1,HeadAttackTool,0.2
VFEI2_Teramantis,Vanilla Factions Expanded - Insectoids 2,head claw,Cut,16,1.4,11.43,0.9,HeadClaw,
VFEI2_Teramantis,Vanilla Factions Expanded - Insectoids 2,right claw,VFEI2_TeramantisStun,20,1.6,12.5,0.5,VFEI2_ClawAttackTool,
VFEI2_Teramantis,Vanilla Factions Expanded - Insectoids 2,left claw,VFEI2_TeramantisStun,20,1.6,12.5,0.5,VFEI2_ClawAttackTool,
VFEI2_Teramantis,Vanilla Factions Expanded - Insectoids 2,head,Blunt,9,0.9,10.0,0.1,HeadAttackTool,0.2
VFEI2_Titantick,Vanilla Factions Expanded - Insectoids 2,head horn,Cut,18,3.2,5.62,0.32,HeadClaw,
VFEI2_Titantick,Vanilla Factions Expanded - Insectoids 2,head,Blunt,8,2,4.0,0.02,HeadAttackTool,0.2
VFEI2_Venomite,Vanilla Factions Expanded - Insectoids 2,head claw,Cut,8,2.6,3.08,0.14,HeadClaw,
VFEI2_Venomite,Vanilla Factions Expanded - Insectoids 2,head,Blunt,6,2,3.0,0.1,HeadAttackTool,0.2
VGE_Astropede,Vanilla Gravship Expanded - Chapter 1,head,Blunt,17,2.6,6.54,,HeadAttackTool,
VGE_Hunter,Vanilla Gravship Expanded - Chapter 1,head,Blunt,17,2.6,6.54,,SpikedShellAttackTool,
VGE_Astronaut,Vanilla Gravship Expanded - Chapter 1,torso,Blunt,10,2.9,3.45,,SpikedShellAttackTool,
VQEA_Spliceling,Vanilla Quests Expanded - Ancients,left mutated fist,Blunt,5,1.5,3.33,,LeftHand,
VQEA_Spliceling,Vanilla Quests Expanded - Ancients,flesh club,Blunt,5,1.5,3.33,,RightHand,
VQEA_Spliceling,Vanilla Quests Expanded - Ancients,head,Blunt,5,2,2.5,,HeadAttackTool,0.1
VQEA_Splicehulk,Vanilla Quests Expanded - Ancients,left swollen arm,Blunt,12,2.6,4.62,,LeftHand,
VQEA_Splicehulk,Vanilla Quests Expanded - Ancients,right swollen arm,Blunt,12,2.6,4.62,,RightHand,
VQEA_Splicehulk,Vanilla Quests Expanded - Ancients,body slam,Blunt,14,3.2,4.38,,HeadAttackTool,0.25
VQEA_Splicefiend,Vanilla Quests Expanded - Ancients,left massive fist,Blunt,18,2.2,8.18,,LeftHand,
VQEA_Splicefiend,Vanilla Quests Expanded - Ancients,right massive fist,Blunt,18,2.2,8.18,,RightHand,
VQEA_Splicetoot,Vanilla Quests Expanded - Ancients,bite,VQEA_SuicideAttack,1,1.5,0.67,,Teeth,
VQE_IceCrawler,Vanilla Quests Expanded - Cryptoforge,head claw,Cut,7,2,3.5,,HeadClaw,
VQE_IceCrawler,Vanilla Quests Expanded - Cryptoforge,head,Blunt,6,2,3.0,,HeadAttackTool,0.2
VQE_Megamidge,Vanilla Quests Expanded - Cryptoforge,head,Blunt,7,2,3.5,,HeadAttackTool,0.2
VRE_CompanionDryad,Vanilla Races Expanded - Phytokin,left claw,Scratch,8,2,4.0,,FrontLeftPaw,
VRE_CompanionDryad,Vanilla Races Expanded - Phytokin,right claw,Scratch,8,2,4.0,,FrontRightPaw,
VRE_CompanionDryad,Vanilla Races Expanded - Phytokin,,Bite,9,2,4.5,,Teeth,0.9
VRE_CompanionDryad,Vanilla Races Expanded - Phytokin,head,Blunt,4,2,2.0,,HeadAttackTool,0.2
,[JDS] StarWars - The Separatist Droid Army,head,Blunt,6,2.6,2.31,,HeadAttackTool,
JDSCIS_Pistoeka_Sotage_Droid,[JDS] StarWars - The Separatist Droid Army,right blade,Cut;Stab,8,2,4.0,,HeadAttackTool,
JDSCIS_B1_Battle_Droid,[JDS] StarWars - The Separatist Droid Army,head,Blunt,6,2.6,2.31,,HeadAttackTool,
JDSCIS_B1_Security_Droid,[JDS] StarWars - The Separatist Droid Army,head,Blunt,6,2.6,2.31,,HeadAttackTool,
JDSCIS_B1_Commander_Droid,[JDS] StarWars - The Separatist Droid Army,head,Blunt,6,2.6,2.31,,HeadAttackTool,
JDSCIS_BX_Commando_Droid,[JDS] StarWars - The Separatist Droid Army,head,Blunt,6,2.6,2.31,,HeadAttackTool,
JDSCIS_IG-100_MagnaGuards,[JDS] StarWars - The Separatist Droid Army,head,Blunt,6,2.6,2.31,,HeadAttackTool,
JDSCIS_T1_Tactical_Droid,[JDS] StarWars - The Separatist Droid Army,head,Blunt,6,2.6,2.31,,HeadAttackTool,
JDSCIS_ST_Super_Tactical_Droid,[JDS] StarWars - The Separatist Droid Army,head,Blunt,6,2.6,2.31,,HeadAttackTool,
JDSCIS_B2_Super_Battle_Droid,[JDS] StarWars - The Separatist Droid Army,head,Blunt,6,2.6,2.31,,HeadAttackTool,
JDSCIS_B2_HA_Super_Battle_Droid,[JDS] StarWars - The Separatist Droid Army,head,Blunt,6,2.6,2.31,,HeadAttackTool,
JDSCIS_AQ_Battle_Droid,[JDS] StarWars - The Separatist Droid Army,head,Blunt,6,2.6,2.31,,HeadAttackTool,
JDSCIS_Droideka_Droid,[JDS] StarWars - The Separatist Droid Army,head,Blunt,6,2.6,2.31,,HeadAttackTool,
JDSCIS_Droideka_Sharpshooter_Droid,[JDS] StarWars - The Separatist Droid Army,head,Blunt,6,2.6,2.31,,HeadAttackTool,
JDSCIS_Demolition_Droid,[JDS] StarWars - The Separatist Droid Army,head,Blunt,6,2.6,2.31,,HeadAttackTool,
JDSCIS_DSD1_Dwarf_Spider_Droid,[JDS] StarWars - The Separatist Droid Army,head,Blunt,6,2.6,2.31,,HeadAttackTool,
JDSCIS_LR-57_Combat_Droid,[JDS] StarWars - The Separatist Droid Army,head,Blunt,6,2.6,2.31,,HeadAttackTool,
AA_AcanthamoebaGiganteaSmall,Alpha Animals,pseudopods,Blunt,4,1.2,3.33,,Arms,
AA_AcanthamoebaGiganteaLarge,Alpha Animals,pseudopods,Blunt,8,1.2,6.67,,Arms,
AA_AcanthamoebaGiganteaHuge,Alpha Animals,pseudopods,Blunt,12,1.2,10.0,,Arms,
AA_Aerofleet,Alpha Animals,,Bite,7,2.5,2.8,,Teeth,
AA_Aerofleet,Alpha Animals,tentacles,Blunt,4,1.65,2.42,,Arms,0.2
AA_ColossalAerofleet,Alpha Animals,,Bite,20,2.5,8.0,,Teeth,
AA_ColossalAerofleet,Alpha Animals,tentacles,Blunt,16,1.65,9.7,,Arms,0.2
AA_Agaripawn,Alpha Animals,left paw,Blunt,11,2.0,5.5,,FrontLeftPaw,
AA_Agaripawn,Alpha Animals,right paw,Blunt,11,2.0,5.5,,FrontRightPaw,
AA_Agaripawn,Alpha Animals,,AA_ToxicBite,6,1.65,3.64,,Teeth,
AA_Agaripawn,Alpha Animals,head,Blunt,3,1.65,1.82,,HeadAttackTool,0.2
AA_Agaripod,Alpha Animals,left paw,Blunt,23,2.0,11.5,,FrontLeftPaw,
AA_Agaripod,Alpha Animals,right paw,Blunt,23,2.0,11.5,,FrontRightPaw,
AA_Agaripod,Alpha Animals,,AA_ToxicBite,15,1.65,9.09,,Teeth,
AA_Agaripod,Alpha Animals,head,Blunt,6,1.65,3.64,,HeadAttackTool,0.2
AA_AngelMothLarva,Alpha Animals,head,Cut,5,2,2.5,,HeadAttackTool,
AA_AngelMoth,Alpha Animals,,Bite,15,1.2,12.5,,Mouth,
AA_AnimaColossus,Alpha Animals,,Bite,20,1.85,10.81,,Teeth,
AA_AnimaColossus,Alpha Animals,head,Blunt,15,1.65,9.09,,HeadAttackTool,0.2
AA_Animalisk,Alpha Animals,left first leg,Scratch,12,1.5,8.0,,LegAttackTool,
AA_Animalisk,Alpha Animals,right first leg,Scratch,12,1.5,8.0,,LegAttackTool,
AA_Animalisk,Alpha Animals,,AA_ToxicSting,15,1.65,9.09,,Mouth,
AA_Animalisk,Alpha Animals,head,Blunt,10,1.65,6.06,,HeadAttackTool,0.2
AA_AnimusVox,Alpha Animals,left claw,Scratch,8,2,4.0,,FrontLeftPaw,
AA_AnimusVox,Alpha Animals,right claw,Scratch,8,2,4.0,,FrontRightPaw,
AA_AnimusVox,Alpha Animals,,Bite,9,2,4.5,,Teeth,0.9
AA_AnimusVox,Alpha Animals,head,Blunt,4,2,2.0,,HeadAttackTool,0.2
AA_ArcticLion,Alpha Animals,left claw,Scratch,15,1.5,10.0,,FrontLeftPaw,
AA_ArcticLion,Alpha Animals,right claw,Scratch,15,1.5,10.0,,FrontRightPaw,
AA_ArcticLion,Alpha Animals,,Bite,18,1.85,9.73,,Teeth,
AA_ArcticLion,Alpha Animals,head,Blunt,9,1.75,5.14,,HeadAttackTool,0.2
AA_LarvalAtispec,Alpha Animals,head,Blunt,4,2,2.0,,HeadAttackTool,
AA_Atispec,Alpha Animals,left claw,Scratch,10,1.5,6.67,,FrontLeftClaws,
AA_Atispec,Alpha Animals,right claw,Scratch,10,1.5,6.67,,FrontRightClaws,
AA_Atispec,Alpha Animals,,AA_VeryToxicSting,25,1.5,16.67,,AA_Sting,0.4
AA_Atispec,Alpha Animals,,Bite,25,1.85,13.51,,Mouth,0.1
AA_AuroraSylph,Alpha Animals,,Bite,1,1.2,0.83,,Mouth,
AA_Barbslinger,Alpha Animals,left pincer,Scratch,20,1.5,13.33,,AA_PincerAttackTool,
AA_Barbslinger,Alpha Animals,right pincer,Scratch,20,1.5,13.33,,AA_PincerAttackTool,
AA_Barbslinger,Alpha Animals,,AA_ToxicSting,15,2,7.5,,AA_Sting,
AA_Barbslinger,Alpha Animals,head,Blunt,4,2,2.0,,HeadAttackTool,0.1
AA_BedBug,Alpha Animals,mandibles,AA_ParalysingBite,7,2,3.5,,Mouth,
AA_BedBug,Alpha Animals,head,Blunt,6,2,3.0,,HeadAttackTool,0.1
AA_Behemoth,Alpha Animals,left dragonclaw,Scratch,18,1.5,12.0,,FrontLeftPaw,
AA_Behemoth,Alpha Animals,right dragonclaw,Scratch,18,1.5,12.0,,FrontRightPaw,
AA_Behemoth,Alpha Animals,razorfangs,Bite,15,2,7.5,,Teeth,0.6
AA_Behemoth,Alpha Animals,devour,Blunt,5,2,2.5,,HeadAttackTool,0.1
AA_BlackScarab,Alpha Animals,mandibles,AA_ExtraDamageMechanoidsBite,7,2,3.5,,Mouth,
AA_BlackScarab,Alpha Animals,head,Blunt,6,2,3.0,,HeadAttackTool,0.1
AA_BlackSpelopede,Alpha Animals,head claw,AA_ExtraDamageMechanoidsClaws,9,2,4.5,,HeadClaw,
AA_BlackSpelopede,Alpha Animals,head,Blunt,8,2,4.0,,HeadAttackTool,0.2
AA_BlackSpider,Alpha Animals,head claw,AA_ExtraDamageMechanoidsClaws,14,2.6,5.38,,HeadClaw,
AA_BlackSpider,Alpha Animals,head,Blunt,10,2,5.0,,HeadAttackTool,0.2
AA_Blizzarisk,Alpha Animals,left first leg,Scratch,12,1.5,8.0,,LegAttackTool,
AA_Blizzarisk,Alpha Animals,right first leg,Scratch,12,1.5,8.0,,LegAttackTool,
AA_Blizzarisk,Alpha Animals,,AA_ToxicSting,15,1.65,9.09,,Mouth,
AA_Blizzarisk,Alpha Animals,head,Blunt,10,1.65,6.06,,HeadAttackTool,0.2
AA_BlizzariskClutchMother,Alpha Animals,left first leg,Scratch,12,1.5,8.0,,LegAttackTool,
AA_BlizzariskClutchMother,Alpha Animals,right first leg,Scratch,12,1.5,8.0,,LegAttackTool,
AA_BlizzariskClutchMother,Alpha Animals,,AA_ToxicSting,25,1.65,15.15,,Mouth,
AA_BlizzariskClutchMother,Alpha Animals,head,Blunt,10,1.65,6.06,,HeadAttackTool,0.2
AA_BloodShrimp,Alpha Animals,head,Blunt,6,1.65,3.64,,HeadAttackTool,0.1
AA_BloodShrimp,Alpha Animals,,AA_RegenerativePierce,15,2,7.5,,AA_Mouth,
AA_BloodShrimp,Alpha Animals,left blade,AA_RegenerativePierce,12,1.55,7.74,,AA_BladeAttackTool,
AA_BloodShrimp,Alpha Animals,right blade,AA_RegenerativePierce,12,1.55,7.74,,AA_BladeAttackTool,
AA_Bobeene,Alpha Animals,,Bite,8.8,2.6,3.38,,Teeth,0.7
AA_Bobeene,Alpha Animals,head,Blunt,7,2,3.5,,HeadAttackTool,0.2
AA_Bobeene,Alpha Animals,left hoof,Blunt;Poke,8,2,4.0,,FrontLeftLeg,
AA_Bobeene,Alpha Animals,right hoof,Blunt;Poke,8,2,4.0,,FrontRightLeg,
AA_BoulderMit,Alpha Animals,,Bite,32,2.1,15.24,,TurtleBeakAttackTool,
AA_BoulderMit,Alpha Animals,head,Blunt,12,1.65,7.27,,HeadAttackTool,0.2
AA_SummitCrab,Alpha Animals,,Bite,40,2.1,19.05,,TurtleBeakAttackTool,
AA_SummitCrab,Alpha Animals,head,Blunt,35,1.65,21.21,,HeadAttackTool,0.2
AA_Bumbledrone,Alpha Animals,,AA_VeryToxicSting,3,1.5,2.0,,AA_Sting,0.8
AA_Bumbledrone,Alpha Animals,claws,Scratch,1,1.55,0.65,,LegAttackTool,0.1
AA_Bumbledrone,Alpha Animals,,Bite,3,1.85,1.62,,Mouth,0.1
AA_BumbledroneHierophant,Alpha Animals,,AA_VeryToxicSting,10,1.5,6.67,,AA_Sting,0.4
AA_BumbledroneHierophant,Alpha Animals,claws,Scratch,15,1.55,9.68,,LegAttackTool,0.5
AA_BumbledroneHierophant,Alpha Animals,,Bite,3,1.85,1.62,,Mouth,0.1
AA_BumbledroneQueen,Alpha Animals,,AA_VeryToxicSting,4,1.5,2.67,,AA_Sting,0.8
AA_BumbledroneQueen,Alpha Animals,claws,Scratch,1,1.55,0.65,,LegAttackTool,0.1
AA_BumbledroneQueen,Alpha Animals,,Bite,1,1.85,0.54,,Mouth,0.1
AA_Cactipine,Alpha Animals,left claw,Scratch,6,1.5,4.0,,FrontLeftPaw,
AA_Cactipine,Alpha Animals,right claw,Scratch,6,1.5,4.0,,FrontRightPaw,
AA_Cactipine,Alpha Animals,,Bite,5,2,2.5,,Teeth,
AA_ChameleonYak,Alpha Animals,head,Blunt,15,2.6,5.77,,HeadAttackTool,
AA_ChameleonYak,Alpha Animals,left hoof,Blunt;Poke,8,2,4.0,,FrontLeftLeg,
AA_ChameleonYak,Alpha Animals,right hoof,Blunt;Poke,8,2,4.0,,FrontRightLeg,
AA_ChameleonYak,Alpha Animals,,Bite,10,2,5.0,,Teeth,0.5
AA_ChemfuelMyrmidon,Alpha Animals,head claw,Cut,11,2.6,4.23,,HeadClaw,
AA_ChemfuelMyrmidon,Alpha Animals,head,Blunt,10,2,5.0,,HeadAttackTool,0.2
AA_Cinderlisk,Alpha Animals,left first leg,AA_BurningAndFeedingBite,12,1.5,8.0,,LegAttackTool,
AA_Cinderlisk,Alpha Animals,right first leg,AA_BurningAndFeedingBite,12,1.5,8.0,,LegAttackTool,
AA_Cinderlisk,Alpha Animals,,AA_BurningAndFeedingBite,15,1.65,9.09,,Mouth,
AA_Cinderlisk,Alpha Animals,head,Blunt,10,1.65,6.06,,HeadAttackTool,0.2
AA_CrepuscularBeetle,Alpha Animals,head claw,Cut,18,2,9.0,,HeadClaw,
AA_CrepuscularBeetle,Alpha Animals,head,Blunt,6,2,3.0,,HeadAttackTool,0.2
AA_CrescendoAnole,Alpha Animals,left claw,Scratch,8,2,4.0,,FrontLeftClaws,
AA_CrescendoAnole,Alpha Animals,right claw,Scratch,8,2,4.0,,FrontRightClaws,
AA_CrescendoAnole,Alpha Animals,,Bite,10,2.6,3.85,,Teeth,0.7
AA_CrescendoAnole,Alpha Animals,head,Blunt,5,2,2.5,,HeadAttackTool,0.2
AA_CrystallineCaracal,Alpha Animals,left claw,Scratch,9,1.5,6.0,,FrontLeftPaw,
AA_CrystallineCaracal,Alpha Animals,right claw,Scratch,9,1.5,6.0,,FrontRightPaw,
AA_CrystallineCaracal,Alpha Animals,,Bite,10,1.85,5.41,,Teeth,
AA_CrystallineCaracal,Alpha Animals,head,Blunt,5,1.75,2.86,,HeadAttackTool,0.2
AA_CrystalMit,Alpha Animals,,Bite,8,2.6,3.08,,TurtleBeakAttackTool,
AA_CrystalMit,Alpha Animals,head,Blunt,4,1.65,2.42,,HeadAttackTool,0.2
AA_Darkbeast,Alpha Animals,horn,Blunt,20,1.5,13.33,,HornAttackTool,
AA_Darkbeast,Alpha Animals,,Bite,18,2.0,9.0,,Teeth,0.4
AA_Darkbeast,Alpha Animals,head,Blunt,3,1.65,1.82,,HeadAttackTool,0.2
AA_DarkVandal,Alpha Animals,tusk,Scratch;Stab,9.7,2,4.85,,TuskAttackTool,
AA_DarkVandal,Alpha Animals,,Bite,8.5,2,4.25,,Teeth,0.6
AA_DarkVandal,Alpha Animals,head,Blunt,5,2,2.5,,HeadAttackTool,0.2
AA_DecayDrake,Alpha Animals,left claw,Scratch,13,1.5,8.67,,FrontLeftPaw,
AA_DecayDrake,Alpha Animals,right claw,Scratch,13,1.5,8.67,,FrontRightPaw,
AA_DecayDrake,Alpha Animals,razorfangs,Bite,15,2,7.5,,Teeth,0.9
AA_DecayDrake,Alpha Animals,head,Blunt,5,2,2.5,,HeadAttackTool,0.2
AA_DesertAve,Alpha Animals,claws,Scratch,10,1.55,6.45,,Feet,
AA_DesertAve,Alpha Animals,,Bite,7,1.85,3.78,,Beak,
AA_DesertAve,Alpha Animals,head,Blunt,3,1.65,1.82,,HeadAttackTool,0.2
AA_DevilSheep,Alpha Animals,left hoof,Blunt;Poke,7,1.65,4.24,,FrontLeftLeg,
AA_DevilSheep,Alpha Animals,right hoof,Blunt;Poke,7,1.65,4.24,,FrontRightLeg,
AA_DevilSheep,Alpha Animals,,Bite,5,1.85,2.7,,Teeth,
AA_DevilSheep,Alpha Animals,head,Blunt,3,1.65,1.82,,HeadAttackTool,0.2
AA_DrainerLarva,Alpha Animals,head,Cut,3,2,1.5,,HeadAttackTool,
AA_Drainer,Alpha Animals,,Bite,7,1.2,5.83,,Mouth,
AA_Dunealisk,Alpha Animals,left first leg,Scratch,12,1.5,8.0,,LegAttackTool,
AA_Dunealisk,Alpha Animals,right first leg,Scratch,12,1.5,8.0,,LegAttackTool,
AA_Dunealisk,Alpha Animals,,AA_ToxicSting,15,1.65,9.09,,Mouth,
AA_Dunealisk,Alpha Animals,head,Blunt,10,1.65,6.06,,HeadAttackTool,0.2
AA_DunealiskClutchMother,Alpha Animals,left first leg,Scratch,12,1.5,8.0,,LegAttackTool,
AA_DunealiskClutchMother,Alpha Animals,right first leg,Scratch,12,1.5,8.0,,LegAttackTool,
AA_DunealiskClutchMother,Alpha Animals,,AA_ToxicSting,25,1.65,15.15,,Mouth,
AA_DunealiskClutchMother,Alpha Animals,head,Blunt,10,1.65,6.06,,HeadAttackTool,0.2
AA_DuskProwler,Alpha Animals,ninetails,Stab,3,0.2,15.0,,AA_Tail,
AA_DuskProwler,Alpha Animals,left claw,Scratch,16,1.8,8.89,,FrontLeftPaw,0.25
AA_DuskProwler,Alpha Animals,right claw,Scratch,16,1.8,8.89,,FrontRightPaw,0.25
AA_DuskProwler,Alpha Animals,,Bite,18,3.6,5.0,,Teeth,0.4
AA_DuskProwler,Alpha Animals,head,Blunt,3,3.6,0.83,,HeadAttackTool,0.1
AA_DuskRat,Alpha Animals,left claw,Scratch,3.6,1.5,2.4,,FrontLeftPaw,
AA_DuskRat,Alpha Animals,right claw,Scratch,3.6,1.5,2.4,,FrontRightPaw,
AA_DuskRat,Alpha Animals,,Bite,6,2,3.0,,Teeth,0.7
AA_DuskRat,Alpha Animals,head,Blunt,2,2,1.0,,HeadAttackTool,0.2
AA_EmpressButterflyLarva,Alpha Animals,head,Blunt,1,2,0.5,,HeadAttackTool,
AA_EmpressButterfly,Alpha Animals,,Bite,1,1.2,0.83,,Mouth,
AA_EngorgedTentacularAberration,Alpha Animals,,Blunt,25,1.85,13.51,,Teeth,0.6
AA_EngorgedTentacularAberration,Alpha Animals,tentacles,Blunt,15,1.65,9.09,,AA_TentacleAttackTool,0.4
AA_Erin,Alpha Animals,left claw,Scratch,11,1.5,7.33,,FrontLeftClaws,
AA_Erin,Alpha Animals,right claw,Scratch,11,1.5,7.33,,FrontRightClaws,
AA_Erin,Alpha Animals,fangs,Bite,17,2,8.5,,Teeth,0.9
AA_Erin,Alpha Animals,head,Blunt,5,2,2.5,,HeadAttackTool,0.2
AA_Eyeling,Alpha Animals,eye,AA_ToxicSting,8,2,4.0,,HeadAttackTool,0.2
AA_Feralisk,Alpha Animals,left first leg,Scratch,12,1.5,8.0,,LegAttackTool,
AA_Feralisk,Alpha Animals,right first leg,Scratch,12,1.5,8.0,,LegAttackTool,
AA_Feralisk,Alpha Animals,,AA_ToxicSting,15,1.65,9.09,,Mouth,
AA_Feralisk,Alpha Animals,head,Blunt,10,1.65,6.06,,HeadAttackTool,0.2
AA_FeraliskClutchMother,Alpha Animals,left first leg,Scratch,12,1.5,8.0,,LegAttackTool,
AA_FeraliskClutchMother,Alpha Animals,right first leg,Scratch,12,1.5,8.0,,LegAttackTool,
AA_FeraliskClutchMother,Alpha Animals,,AA_ToxicSting,25,1.65,15.15,,Mouth,
AA_FeraliskClutchMother,Alpha Animals,head,Blunt,10,1.65,6.06,,HeadAttackTool,0.2
AA_FireWasp,Alpha Animals,,AA_BurningAndFeedingBite,3,1.5,2.0,,AA_Sting,0.8
AA_FireWasp,Alpha Animals,claws,AA_BurningAndFeedingBite,1,1.55,0.65,,LegAttackTool,0.1
AA_FireWasp,Alpha Animals,,Bite,3,1.85,1.62,,Mouth,0.1
AA_FissionMouse,Alpha Animals,left claw,Scratch,4,2,2.0,,FrontLeftPaw,
AA_FissionMouse,Alpha Animals,right claw,Scratch,4,2,2.0,,FrontRightPaw,
AA_FissionMouse,Alpha Animals,,Bite,5,2,2.5,,Teeth,0.7
AA_FissionMouse,Alpha Animals,head,Blunt,2,2,1.0,,HeadAttackTool,0.2
AA_FissionMouseSecond,Alpha Animals,left claw,Scratch,3,2,1.5,,FrontLeftPaw,
AA_FissionMouseSecond,Alpha Animals,right claw,Scratch,3,2,1.5,,FrontRightPaw,
AA_FissionMouseSecond,Alpha Animals,,Bite,5,2,2.5,,Teeth,0.7
AA_FissionMouseSecond,Alpha Animals,head,Blunt,2,2,1.0,,HeadAttackTool,0.2
AA_FissionMouseThird,Alpha Animals,left claw,Scratch,2,2,1.0,,FrontLeftPaw,
AA_FissionMouseThird,Alpha Animals,right claw,Scratch,2,2,1.0,,FrontRightPaw,
AA_FissionMouseThird,Alpha Animals,,Bite,5,2,2.5,,Teeth,0.7
AA_FissionMouseThird,Alpha Animals,head,Blunt,2,2,1.0,,HeadAttackTool,0.2
AA_FlamingoPhoenix,Alpha Animals,claws,Scratch,5,1.5,3.33,,Feet,
AA_FlamingoPhoenix,Alpha Animals,beak,Bite,3,2,1.5,,Beak,
AA_FlamingoPhoenix,Alpha Animals,head,Blunt,4,2,2.0,,HeadAttackTool,0.2
AA_FrostAve,Alpha Animals,claws,Scratch,15,1.55,9.68,,Feet,
AA_FrostAve,Alpha Animals,,Bite,9,1.85,4.86,,Beak,
AA_FrostAve,Alpha Animals,head,Blunt,3,1.65,1.82,,HeadAttackTool,0.2
AA_FrostboundBehemoth,Alpha Animals,body,Blunt,25,1.9,13.16,,,
AA_Frostling,Alpha Animals,left claw,Scratch,16,1.5,10.67,,FrontLeftPaw,
AA_Frostling,Alpha Animals,right claw,Scratch,16,1.5,10.67,,FrontRightPaw,
AA_Frostling,Alpha Animals,,Bite,18,2.0,9.0,,Teeth,
AA_Frostling,Alpha Animals,head,Blunt,3,1.65,1.82,,HeadAttackTool,0.2
AA_FrostLynx,Alpha Animals,left claw,AA_FrostClaws,12,1.5,8.0,,FrontLeftPaw,
AA_FrostLynx,Alpha Animals,right claw,AA_FrostClaws,12,1.5,8.0,,FrontRightPaw,
AA_FrostLynx,Alpha Animals,,AA_FrostBite,15,1.85,8.11,,Teeth,
AA_FrostLynx,Alpha Animals,head,Blunt,9,1.75,5.14,,HeadAttackTool,0.2
AA_Frostmite,Alpha Animals,head-claw,Cut,7,2,3.5,,HeadClaw,
AA_Frostmite,Alpha Animals,,Bite,5,1.25,4.0,,Mouth,
AA_Frostmite,Alpha Animals,head,Blunt,2,1.65,1.21,,HeadAttackTool,0.2
AA_FungalHusk,Alpha Animals,left fist,AA_FungalClaws,12,2,6.0,,LeftHand,
AA_FungalHusk,Alpha Animals,right fist,AA_FungalClaws,12,2,6.0,,RightHand,
AA_FungalHusk,Alpha Animals,teeth,Bite,8.2,2,4.1,,Teeth,0.07
AA_FungalHusk,Alpha Animals,head,Blunt,5,2,2.5,,HeadAttackTool,0.2
AA_Gallatross,Alpha Animals,horn,Scratch,35,0.85,41.18,,HornAttackTool,
AA_Gallatross,Alpha Animals,horn,Blunt,27,1.7,15.88,,HornAttackTool,
AA_Gallatross,Alpha Animals,,Bite,12,1.65,7.27,,Teeth,
AA_Gallatross,Alpha Animals,head,Blunt,9,1.65,5.45,,HeadAttackTool,0.2
AA_GallatrossMoribund,Alpha Animals,horn,Scratch,35,0.85,41.18,,HornAttackTool,
AA_GallatrossMoribund,Alpha Animals,horn,Blunt,27,1.7,15.88,,HornAttackTool,
AA_GallatrossMoribund,Alpha Animals,,Bite,12,1.65,7.27,,Teeth,
AA_GallatrossMoribund,Alpha Animals,head,Blunt,9,1.65,5.45,,HeadAttackTool,0.2
AA_Genix,Alpha Animals,left claw,Scratch,12,1.5,8.0,,FrontLeftPaw,
AA_Genix,Alpha Animals,right claw,Scratch,12,1.5,8.0,,FrontRightPaw,
AA_Genix,Alpha Animals,,Bite,15,1.85,8.11,,Teeth,
AA_Genix,Alpha Animals,head,Blunt,9,1.75,5.14,,HeadAttackTool,0.2
AA_GiantCrownedSilkie,Alpha Animals,claws,Scratch,12,1.55,7.74,,Feet,
AA_GiantCrownedSilkie,Alpha Animals,,Bite,8,1.85,4.32,,Beak,
AA_GiantCrownedSilkie,Alpha Animals,head,Blunt,3,1.65,1.82,,HeadAttackTool,0.2
AA_Gigantelope,Alpha Animals,head,Blunt,13,2.6,5.0,,HeadAttackTool,
AA_Gigantelope,Alpha Animals,left hoof,Blunt;Poke,10,2,5.0,,FrontLeftLeg,
AA_Gigantelope,Alpha Animals,right hoof,Blunt;Poke,10,2,5.0,,FrontRightLeg,
AA_Gigantelope,Alpha Animals,,Bite,10,2,5.0,,Teeth,0.5
AA_GreatDevourer,Alpha Animals,,Bite,20,2.6,7.69,,,
AA_GreatDevourer,Alpha Animals,head,Blunt,12,1.65,7.27,,HeadAttackTool,0.3
AA_GreenGoo,Alpha Animals,tentacles,Blunt,8,1.2,6.67,,Arms,
AA_GreyCoatedMouflon,Alpha Animals,left hoof,Poke,7,1.65,4.24,,FrontLeftLeg,
AA_GreyCoatedMouflon,Alpha Animals,right hoof,Poke,7,1.65,4.24,,FrontRightLeg,
AA_GreyCoatedMouflon,Alpha Animals,,Bite,3,1.85,1.62,,Teeth,
AA_GreyCoatedMouflon,Alpha Animals,horns,Scratch,3,1.65,1.82,,HeadAttackTool,
AA_Groundrunner,Alpha Animals,left claw,Scratch,9,2.0,4.5,,FrontLeftPaw,
AA_Groundrunner,Alpha Animals,right claw,Scratch,9,2.0,4.5,,FrontRightPaw,
AA_Groundrunner,Alpha Animals,,Bite,7,1.65,4.24,,Teeth,
AA_Groundrunner,Alpha Animals,head,Blunt,4,1.65,2.42,,HeadAttackTool,0.2
AA_Helixien,Alpha Animals,body,Blunt,18,1.65,10.91,,HeadAttackTool,
AA_InfectedAerofleet,Alpha Animals,,Bite,7,2.5,2.8,,Teeth,
AA_InfectedAerofleet,Alpha Animals,tentacles,Blunt,4,1.65,2.42,,Arms,0.2
AA_IronhuskBeetle,Alpha Animals,,Bite,27,2.6,10.38,,Mouth,
AA_IronhuskBeetle,Alpha Animals,head,Blunt,9,1.65,5.45,,HeadAttackTool,0.5
AA_Junglelisk,Alpha Animals,left first leg,Scratch,12,1.5,8.0,,LegAttackTool,
AA_Junglelisk,Alpha Animals,right first leg,Scratch,12,1.5,8.0,,LegAttackTool,
AA_Junglelisk,Alpha Animals,,AA_ToxicSting,15,1.65,9.09,,Mouth,
AA_Junglelisk,Alpha Animals,head,Blunt,10,1.65,6.06,,HeadAttackTool,0.2
AA_Lockjaw,Alpha Animals,,AA_LockJawDamage,13,1.85,7.03,,Teeth,
AA_Lockjaw,Alpha Animals,head,Blunt,10,1.65,6.06,,HeadAttackTool,0.2
AA_Locusts,Alpha Animals,mandibles,Bite,1,40,0.03,,Mouth,
AA_LuciferBug,Alpha Animals,mandibles,Stab,3,2.5,1.2,,TuskAttackTool,
AA_LuciferBug,Alpha Animals,head,Blunt,5,1.65,3.03,,,0.2
AA_MammothWorm,Alpha Animals,body,AA_SiegeBlunt,30,1.9,15.79,,,
AA_MammothWorm,Alpha Animals,tusks,AA_ExtraDamageMechanoidsTusk,10,1.9,5.26,,TuskAttackTool,
AA_Mantrap,Alpha Animals,razor barbs,AA_Acid,5,1.35,3.7,,,
AA_Mantrap,Alpha Animals,,Bite,9,1.35,6.67,,AA_Mouth,
AA_Mantrap,Alpha Animals,head,Blunt,4,2,2.0,,HeadAttackTool,0.1
AA_MatureFleshbeast,Alpha Animals,,AA_SwallowWhole,20,1.85,10.81,,Teeth,0.6
AA_MatureFleshbeast,Alpha Animals,head,Blunt,15,1.65,9.09,,HeadAttackTool,0.4
AA_MeadowAve,Alpha Animals,claws,Scratch,12,1.55,7.74,,Feet,
AA_MeadowAve,Alpha Animals,,Bite,8,1.85,4.32,,Beak,
AA_MeadowAve,Alpha Animals,head,Blunt,3,1.65,1.82,,HeadAttackTool,0.2
AA_MegaLouse,Alpha Animals,tusks,AA_ExtraDamageMechanoidsTusk,16,2.5,6.4,,TuskAttackTool,
AA_MegaLouse,Alpha Animals,head,Blunt,5,1.65,3.03,,,0.2
AA_Metallovore,Alpha Animals,tentacle,Blunt,15,1.65,9.09,,AA_TentacleAttackTool,
AA_Metallovore,Alpha Animals,body,Blunt,7,1.65,4.24,,HeadAttackTool,
AA_Mime,Alpha Animals,left fist,Scratch,12,2,6.0,,LeftHand,
AA_Mime,Alpha Animals,right fist,Scratch,12,2,6.0,,RightHand,
AA_Mime,Alpha Animals,teeth,Bite,8.2,2,4.1,,Teeth,0.07
AA_Mime,Alpha Animals,head,Blunt,5,2,2.5,,HeadAttackTool,0.2
AA_Murkling,Alpha Animals,left claw,Scratch,4,2,2.0,,FrontLeftPaw,
AA_Murkling,Alpha Animals,right claw,Scratch,4,2,2.0,,FrontRightPaw,
AA_Murkling,Alpha Animals,plague carrier,FO_PlaguedBite,5,2,2.5,,Teeth,0.7
AA_Murkling,Alpha Animals,poisonous bite,ToxicBite,5,2,2.5,,Teeth,0.2
AA_Murkling,Alpha Animals,head,Blunt,2,2,1.0,,HeadAttackTool,0.1
AA_MycoidColossus,Alpha Animals,,Bite,20,1.85,10.81,,Teeth,
AA_MycoidColossus,Alpha Animals,head,Blunt,15,1.65,9.09,,HeadAttackTool,0.2
AA_Needlepost,Alpha Animals,stings,AA_ToxicSting,6,1.35,4.44,,,
AA_Needlepost,Alpha Animals,,Bite,8,1.35,5.93,,AA_Mouth,
AA_Needlepost,Alpha Animals,head,Blunt,4,2,2.0,,HeadAttackTool,0.1
AA_Needleroll,Alpha Animals,stings,AA_ToxicSting,3,1.35,2.22,,,
AA_Needleroll,Alpha Animals,,Bite,6,1.35,4.44,,AA_Mouth,
AA_Needleroll,Alpha Animals,head,Blunt,4,2,2.0,,HeadAttackTool,0.1
AA_NightMule,Alpha Animals,horns,Scratch,15,2,7.5,,HornAttackTool,
AA_NightMule,Alpha Animals,head,Blunt,9,2.6,3.46,,HeadAttackTool,
AA_NightMule,Alpha Animals,left hoof,Blunt;Poke,10,2,5.0,,FrontLeftLeg,
AA_NightMule,Alpha Animals,right hoof,Blunt;Poke,10,2,5.0,,FrontRightLeg,
AA_NightMule,Alpha Animals,,Bite,10,2,5.0,,Teeth,0.5
AA_NightAve,Alpha Animals,claws,Scratch,12,1.55,7.74,,Feet,
AA_NightAve,Alpha Animals,,Bite,8,1.85,4.32,,Beak,
AA_NightAve,Alpha Animals,head,Blunt,3,1.65,1.82,,HeadAttackTool,0.2
AA_Nightling,Alpha Animals,left claw,Scratch,11,1.5,7.33,,FrontLeftPaw,
AA_Nightling,Alpha Animals,right claw,Scratch,11,1.5,7.33,,FrontRightPaw,
AA_Nightling,Alpha Animals,,AA_ToxicBite,13,2.0,6.5,,Teeth,
AA_Nightling,Alpha Animals,head,Blunt,3,1.65,1.82,,HeadAttackTool,0.2
AA_NightRam,Alpha Animals,horn,Scratch,15,2,7.5,,HornAttackTool,
AA_NightRam,Alpha Animals,left hoof,Blunt;Poke,15,2,7.5,,FrontLeftLeg,
AA_NightRam,Alpha Animals,right hoof,Blunt;Poke,15,2,7.5,,FrontRightLeg,
AA_NightRam,Alpha Animals,,Bite,10,2,5.0,,Teeth,0.5
AA_NightRam,Alpha Animals,head,Blunt,13,2.6,5.0,,HeadAttackTool,
AA_OcularJelly,Alpha Animals,,Bite,7,1.1,6.36,,Teeth,
AA_OcularJelly,Alpha Animals,tentacles,Blunt,4,1.2,3.33,,Arms,
AA_OcularNightling,Alpha Animals,left claw,Scratch,11,1.5,7.33,,FrontLeftPaw,
AA_OcularNightling,Alpha Animals,right claw,Scratch,11,1.5,7.33,,FrontRightPaw,
AA_OcularNightling,Alpha Animals,,AA_ToxicBite,13,2.0,6.5,,Teeth,
AA_OcularNightling,Alpha Animals,head,Blunt,3,1.65,1.82,,HeadAttackTool,0.2
AA_OvergrownColossus,Alpha Animals,,Bite,20,1.85,10.81,,Teeth,
AA_OvergrownColossus,Alpha Animals,head,Blunt,15,1.65,9.09,,HeadAttackTool,0.2
AA_PebbleMit,Alpha Animals,,Bite,8,2.6,3.08,,TurtleBeakAttackTool,
AA_PebbleMit,Alpha Animals,head,Blunt,4,1.65,2.42,,HeadAttackTool,0.2
AA_PedigreedRaptor,Alpha Animals,claws,Scratch,8,1.55,5.16,,Feet,
AA_PedigreedRaptor,Alpha Animals,,Bite,6,1.85,3.24,,Teeth,
AA_PedigreedRaptor,Alpha Animals,head,Blunt,3,1.65,1.82,,HeadAttackTool,0.2
AA_PhoenixOwlcat,Alpha Animals,left claw,Scratch,6,1.5,4.0,,FrontLeftPaw,
AA_PhoenixOwlcat,Alpha Animals,right claw,Scratch,6,1.5,4.0,,FrontRightPaw,
AA_PhoenixOwlcat,Alpha Animals,,Bite,7,2,3.5,,Teeth,0.7
AA_PhoenixOwlcat,Alpha Animals,head,Blunt,3,2,1.5,,HeadAttackTool,0.2
AA_Plasmorph,Alpha Animals,eyestalk,Blunt,18,1.65,10.91,,AA_EyestalkAttackTool,
AA_Radyak,Alpha Animals,head,Blunt,13,2.6,5.0,,HeadAttackTool,
AA_Radyak,Alpha Animals,left hoof,Blunt;Poke,10,2,5.0,,FrontLeftLeg,
AA_Radyak,Alpha Animals,right hoof,Blunt;Poke,10,2,5.0,,FrontRightLeg,
AA_Radyak,Alpha Animals,,Bite,10,2,5.0,,Teeth,0.5
AA_RaptorShrimp,Alpha Animals,head,Blunt,6,1.65,3.64,,HeadAttackTool,0.1
AA_RaptorShrimp,Alpha Animals,,Bite,25,2,12.5,,AA_Mouth,
AA_RaptorShrimp,Alpha Animals,left blade,AA_Pierce,17,1.55,10.97,,AA_BladeAttackTool,
AA_RaptorShrimp,Alpha Animals,right blade,AA_Pierce,17,1.55,10.97,,AA_BladeAttackTool,
AA_Ravager,Alpha Animals,triple maw,AA_ExtraDamageMechanoidsClaws,25,2.6,9.62,,HeadClaw,
AA_Ravager,Alpha Animals,head,Blunt,10,2,5.0,,HeadAttackTool,0.2
AA_RayHound,Alpha Animals,left tentacle,AA_EMPBlunt,15,1.5,10.0,,AA_TentacleAttackTool,
AA_RayHound,Alpha Animals,right tentacle,AA_EMPBlunt,15,1.5,10.0,,AA_TentacleAttackTool,
AA_RayHound,Alpha Animals,,Bite,15,2.0,7.5,,Teeth,0.4
AA_RayHound,Alpha Animals,head,Blunt,3,1.65,1.82,,HeadAttackTool,0.2
AA_Razorjack,Alpha Animals,left claw,AA_InfectedClaws,13,1.5,8.67,,FrontLeftPaw,
AA_Razorjack,Alpha Animals,right claw,AA_InfectedClaws,13,1.5,8.67,,FrontRightPaw,
AA_Razorjack,Alpha Animals,razorfangs,Bite,15,2,7.5,,Teeth,0.9
AA_Razorjack,Alpha Animals,head,Blunt,5,2,2.5,,HeadAttackTool,0.2
AA_RedGoo,Alpha Animals,tentacles,Blunt,12,1.4,8.57,,Arms,
AA_RedSpore,Alpha Animals,tentacles,Blunt,14,1.2,11.67,,Arms,
AA_RipperHound,Alpha Animals,left claw,AA_ExtraDamageInsectoidsClaws,16,1.5,10.67,,FrontLeftClaws,
AA_RipperHound,Alpha Animals,right claw,AA_ExtraDamageInsectoidsClaws,16,1.5,10.67,,FrontRightClaws,
AA_RipperHound,Alpha Animals,,Bite,18,2.0,9.0,,Teeth,0.4
AA_RipperHound,Alpha Animals,head,Blunt,3,1.65,1.82,,HeadAttackTool,0.2
AA_RoughPlatedMonitor,Alpha Animals,left claw,Scratch,10,1.5,6.67,,FrontLeftPaw,
AA_RoughPlatedMonitor,Alpha Animals,right claw,Scratch,10,1.5,6.67,,FrontRightPaw,
AA_RoughPlatedMonitor,Alpha Animals,fangs,Bite,18,2,9.0,,Teeth,0.9
AA_RoughPlatedMonitor,Alpha Animals,head,Blunt,5,2,2.5,,HeadAttackTool,0.2
AA_RoyalAve,Alpha Animals,claws,Scratch,8,1.55,5.16,,Feet,
AA_RoyalAve,Alpha Animals,,Bite,5,1.85,2.7,,Beak,
AA_RoyalAve,Alpha Animals,head,Blunt,3,1.65,1.82,,HeadAttackTool,0.2
AA_SandLion,Alpha Animals,left claw,Scratch,15,1.5,10.0,,FrontLeftPaw,
AA_SandLion,Alpha Animals,right claw,Scratch,15,1.5,10.0,,FrontRightPaw,
AA_SandLion,Alpha Animals,,Bite,18,1.85,9.73,,Teeth,
AA_SandLion,Alpha Animals,head,Blunt,9,1.75,5.14,,HeadAttackTool,0.2
AA_SandProwler,Alpha Animals,left claw,Scratch,12,1.5,8.0,,FrontLeftPaw,
AA_SandProwler,Alpha Animals,right claw,Scratch,12,1.5,8.0,,FrontRightPaw,
AA_SandProwler,Alpha Animals,,Bite,15,1.85,8.11,,Teeth,
AA_SandProwler,Alpha Animals,head,Blunt,15,1.75,8.57,,HeadAttackTool,0.2
AA_SandSquid,Alpha Animals,,Bite,12,2.1,5.71,,AA_Mouth,
AA_SandSquid,Alpha Animals,tentacle,Blunt,18,1.65,10.91,,AA_TentacleAttackTool,
AA_ShadowCharger,Alpha Animals,horn,Scratch,15,2,7.5,,HornAttackTool,
AA_ShadowCharger,Alpha Animals,left hoof,Blunt;Poke,15,2,7.5,,FrontLeftLeg,
AA_ShadowCharger,Alpha Animals,right hoof,Blunt;Poke,15,2,7.5,,FrontRightLeg,
AA_ShadowCharger,Alpha Animals,,Bite,10,2,5.0,,Teeth,0.5
AA_ShadowCharger,Alpha Animals,head,Blunt,13,2.6,5.0,,HeadAttackTool,
AA_ShockGoat,Alpha Animals,left hoof,AA_Electric;Poke,7,1.65,4.24,,FrontLeftLeg,
AA_ShockGoat,Alpha Animals,right hoof,AA_Electric;Poke,7,1.65,4.24,,FrontRightLeg,
AA_ShockGoat,Alpha Animals,,Bite,3,1.85,1.62,,Teeth,
AA_ShockGoat,Alpha Animals,horns,AA_Electric,3,1.65,1.82,,HeadAttackTool,
AA_Skiphound,Alpha Animals,left claw,Scratch,12,2,6.0,,FrontLeftPaw,
AA_Skiphound,Alpha Animals,right claw,Scratch,12,2,6.0,,FrontRightPaw,
AA_Skiphound,Alpha Animals,,Bite,10,2,5.0,,Teeth,0.9
AA_Skiphound,Alpha Animals,head,Blunt,4,2,2.0,,HeadAttackTool,0.2
AA_Skyeel,Alpha Animals,,AA_Electric,12,2.1,5.71,,Mouth,
AA_Skyeel,Alpha Animals,head,Blunt,3,2,1.5,,HeadAttackTool,0.2
AA_Slurrypede,Alpha Animals,head,Blunt,8,2.6,3.08,,HeadAttackTool,
AA_SmallButterfly,Alpha Animals,mandibles,Bite,1,40,0.03,,Mouth,
AA_SpinedGow,Alpha Animals,head,Blunt,10,2.6,3.85,,HeadAttackTool,
AA_SpinedGow,Alpha Animals,left hoof,Blunt;Poke,10,2,5.0,,FrontLeftLeg,
AA_SpinedGow,Alpha Animals,right hoof,Blunt;Poke,10,2,5.0,,FrontRightLeg,
AA_SpinedGow,Alpha Animals,,Bite,10,2,5.0,,Teeth,0.5
AA_Swarmling,Alpha Animals,left claw,AA_SwarmlingClaws,4,2,2.0,,FrontLeftClaws,
AA_Swarmling,Alpha Animals,right claw,AA_SwarmlingClaws,4,2,2.0,,FrontRightClaws,
AA_Swarmling,Alpha Animals,,Bite,5,2,2.5,,Teeth,0.7
AA_Swarmling,Alpha Animals,head,Blunt,2,2,1.0,,HeadAttackTool,0.2
AA_TarGuzzler,Alpha Animals,left claw,Scratch,8,1.5,5.33,,FrontLeftPaw,
AA_TarGuzzler,Alpha Animals,right claw,Scratch,8,1.5,5.33,,FrontRightPaw,
AA_TarGuzzler,Alpha Animals,gaping maw,Bite,20,2,10.0,,Teeth,0.9
AA_TarGuzzler,Alpha Animals,head,Blunt,5,2,2.5,,HeadAttackTool,0.2
AA_TeratogenicOriginator,Alpha Animals,tentacles,Blunt,20,1.2,16.67,,Arms,
AA_Terramorph,Alpha Animals,fangs,Bite,14,2.6,5.38,,TurtleBeakAttackTool,
AA_Terramorph,Alpha Animals,head,Blunt,4,1.65,2.42,,HeadAttackTool,0.2
AA_TetraSlug,Alpha Animals,body,Blunt,27,1.65,16.36,,HeadAttackTool,
AA_Thermadon,Alpha Animals,head claw,Cut,14,2.6,5.38,,HeadClaw,
AA_Thermadon,Alpha Animals,head,Blunt,10,2,5.0,,HeadAttackTool,0.2
AA_Thunderbeast,Alpha Animals,horn,AA_Electric,20,1.5,13.33,,HornAttackTool,
AA_Thunderbeast,Alpha Animals,,Bite,18,2.0,9.0,,Teeth,0.4
AA_Thunderbeast,Alpha Animals,head,AA_Electric,3,1.65,1.82,,HeadAttackTool,0.2
AA_Thunderox,Alpha Animals,battleram,Blunt,15,2.6,5.77,,HeadAttackTool,
AA_Thunderox,Alpha Animals,runehorn,Stab,15,2.6,5.77,,HeadAttackTool,
AA_Thunderox,Alpha Animals,left hoof,Blunt;Poke,8,2,4.0,,FrontLeftLeg,
AA_Thunderox,Alpha Animals,right hoof,Blunt;Poke,8,2,4.0,,FrontRightLeg,
AA_Thunderox,Alpha Animals,,Bite,10,2,5.0,,Teeth,0.5
AA_UnblinkingEye,Alpha Animals,,Bite,25,1.85,13.51,,HeadAttackTool,0.1
AA_Wildpawn,Alpha Animals,left paw,Blunt,11,2.0,5.5,,FrontLeftPaw,
AA_Wildpawn,Alpha Animals,right paw,Blunt,11,2.0,5.5,,FrontRightPaw,
AA_Wildpawn,Alpha Animals,,AA_ToxicBite,6,1.65,3.64,,Teeth,
AA_Wildpawn,Alpha Animals,head,Blunt,3,1.65,1.82,,HeadAttackTool,0.2
AA_Wildpod,Alpha Animals,left paw,Blunt,23,2.0,11.5,,FrontLeftPaw,
AA_Wildpod,Alpha Animals,right paw,Blunt,23,2.0,11.5,,FrontRightPaw,
AA_Wildpod,Alpha Animals,,AA_ToxicBite,15,1.65,9.09,,Teeth,
AA_Wildpod,Alpha Animals,head,Blunt,6,1.65,3.64,,HeadAttackTool,0.2
AA_WindBeast,Alpha Animals,horn,Blunt,20,1.5,13.33,,HornAttackTool,
AA_WindBeast,Alpha Animals,,Bite,18,2.0,9.0,,Teeth,0.4
AA_WindBeast,Alpha Animals,head,Blunt,3,1.65,1.82,,HeadAttackTool,0.2
VFEI2_BlackEmpress,Alpha Animals,head claw,AA_ExtraDamageMechanoidsClaws,18,1.25,14.4,0.06,HeadClaw,
VFEI2_BlackEmpress,Alpha Animals,front claw,AA_ExtraDamageMechanoidsClaws,20,1.25,16.0,0.18,HeadClaw,
VFEI2_BlackEmpress,Alpha Animals,head,Blunt,4,2,2.0,0.02,HeadAttackTool,0.2
VFEI2_BlackQueen,Alpha Animals,head claw,AA_ExtraDamageMechanoidsClaws,28,2.6,10.77,0.18,HeadClaw,
VFEI2_BlackQueen,Alpha Animals,head,Blunt,20,2,10.0,0.1,HeadAttackTool,0.2
VFEI2_BlackSwarmling,Alpha Animals,mouth,Bite,1,2,0.5,0.07,Mouth,
BiomesIslands_Flamingo,Biomes! Core,claws,Scratch,7,1.5,4.67,,Feet,
BiomesIslands_Flamingo,Biomes! Core,beak,Bite,8,2,4.0,,Beak,
BiomesIslands_Flamingo,Biomes! Core,head,Blunt,6,2,3.0,,HeadAttackTool,0.2
BMT_LandOctopus,Biomes! Core,head,Blunt,10,2.5,4.0,,HeadAttackTool,
BMT_Maxolotl,Biomes! Core,left claw,Scratch,9,2,4.5,,FrontLeftPaw,
BMT_Maxolotl,Biomes! Core,right claw,Scratch,9,2,4.5,,FrontRightPaw,
BMT_Maxolotl,Biomes! Core,,Blunt,20,2.6,7.69,,Teeth,0.7
BMT_Maxolotl,Biomes! Core,head,Blunt,8,2,4.0,,HeadAttackTool,0.2
GiantToad,Giant Toads (Continued),tongue,Stab,18,2,9.0,0.4,ToadTongueAttackTool,0.3
GiantToad,Giant Toads (Continued),head,Blunt,11,2,5.5,0.2,HeadAttackTool,0.7
KingToad,Giant Toads (Continued),,AA_SwallowWhole,20,1.85,10.81,,HeadAttackTool,0.6
KingToad,Giant Toads (Continued),tongue,Stab,40,2.5,16.0,0.8,ToadTongueAttackTool,0.2
KingToad,Giant Toads (Continued),head,Blunt,33,1.8,18.33,0.4,HeadAttackTool,0.2
SW_Electricfish,Insectoids 2 - Isopoda geneline,claw,SW_FlameCut,10,1.5,6.67,0.60,HeadClaw,
SW_Electricfish,Insectoids 2 - Isopoda geneline,head claw,SW_FlameCut,10,1.5,6.67,0.60,HeadAttackTool,0.2
SW_Electricgryllotalpa,Insectoids 2 - Isopoda geneline,claw,SW_FlameCut,15,1.5,10.0,0.80,HeadClaw,
SW_Electricgryllotalpa,Insectoids 2 - Isopoda geneline,head claw,SW_FlameCut,15,1.5,10.0,0.80,HeadAttackTool,0.2
SW_Electrictick,Insectoids 2 - Isopoda geneline,claw,SW_FlameCut,5,1,5.0,0.60,HeadClaw,
SW_Electrictick,Insectoids 2 - Isopoda geneline,head claw,SW_FlameCut,5,1,5.0,0.60,HeadAttackTool,0.2
SW_Emperorisopod,Insectoids 2 - Isopoda geneline,right claw,SW_FlameCut,40,1.5,26.67,1.00,VFEI2_ClawAttackTool,
SW_Emperorisopod,Insectoids 2 - Isopoda geneline,left claw,SW_FlameCut,40,1.5,26.67,1.00,VFEI2_ClawAttackTool,
SW_Emperorisopod,Insectoids 2 - Isopoda geneline,head claw,SW_FlameCut,40,1.5,26.67,1.00,HeadAttackTool,0.2
SW_Grenadierworm,Insectoids 2 - Isopoda geneline,claw,SW_FlameCut,20,1.5,13.33,0.80,HeadClaw,
SW_Grenadierworm,Insectoids 2 - Isopoda geneline,head claw,SW_FlameCut,20,1.5,13.33,0.80,HeadAttackTool,0.2
SW_Juggernautbeetles,Insectoids 2 - Isopoda geneline,claw,SW_FlameCut,20,1.5,13.33,0.80,HeadClaw,
SW_Juggernautbeetles,Insectoids 2 - Isopoda geneline,head claw,SW_FlameCut,20,1.5,13.33,0.80,HeadAttackTool,0.2
DZY_RNGChicken,R-Hen-G: Chaos Chickens,claws,Scratch,2,1.5,1.33,,Feet,
DZY_RNGChicken,R-Hen-G: Chaos Chickens,beak,Bite,3,2,1.5,,Beak,
DZY_RNGChicken,R-Hen-G: Chaos Chickens,head,Blunt,1,1.5,0.67,,HeadAttackTool,0.2
RG_Rabbit,ReGrowth 2,,Bite,3.4,2,1.7,,Teeth,
RG_Rabbit,ReGrowth 2,head,Blunt,1.5,2,0.75,,HeadAttackTool,0.2
RG_WoollyStegosaurus,ReGrowth 2,head,Blunt,14,2.5,5.6,,HeadAttackTool,0.7
RG_WoollyStegosaurus,ReGrowth 2,,Bite,12,2,6.0,,Teeth,0.5
RG_WoollyStegosaurus,ReGrowth 2,left foot,Blunt,8,5,1.6,,FrontLeftLeg,0.2
RG_WoollyStegosaurus,ReGrowth 2,right foot,Blunt,8,5,1.6,,FrontRightLeg,0.2
RG_WoollyStegosaurus,ReGrowth 2,tail spikes,Scratch;Stab;Blunt,32,2.2,14.55,,RG_TailAttackTool,1.6
RG_Neutrolope,ReGrowth 2,head,Blunt,7,2,3.5,,HeadAttackTool,0.2
RG_Neutrolope,ReGrowth 2,left hoof,Blunt;Poke,9,2,4.5,,FrontLeftLeg,
RG_Neutrolope,ReGrowth 2,right hoof,Blunt;Poke,9,2,4.5,,FrontRightLeg,
RG_Neutrolope,ReGrowth 2,,Bite,10,2,5.0,,Teeth,0.5
RG_Rimclaw,ReGrowth 2,horn,Scratch;Stab,15,2,7.5,,HornAttackTool,
RG_Rimclaw,ReGrowth 2,left claw,Scratch;Stab,32,1.5,21.33,,FrontLeftClaws,
RG_Rimclaw,ReGrowth 2,right claw,Scratch;Stab,32,1.5,21.33,,FrontRightClaws,
RG_Rimclaw,ReGrowth 2,,Bite,25,2.5,10.0,,Teeth,0.7
RG_Rimclaw,ReGrowth 2,head,Blunt,15,1.95,7.69,,HeadAttackTool,0.4
RG_KiwiBird,ReGrowth 2,claws,Scratch,3,1.5,2.0,,Feet,
RG_KiwiBird,ReGrowth 2,beak,Bite,4,1.8,2.22,,Beak,
RG_KiwiBird,ReGrowth 2,head,Blunt,2,1.8,1.11,,HeadAttackTool,0.2
RG_Hemolope,ReGrowth 2,head,Blunt,5,2,2.5,,HeadAttackTool,0.2
RG_Hemolope,ReGrowth 2,left hoof,Blunt;Poke,7,2,3.5,,FrontLeftLeg,
RG_Hemolope,ReGrowth 2,right hoof,Blunt;Poke,7,2,3.5,,FrontRightLeg,
RG_Hemolope,ReGrowth 2,,Bite,8,2,4.0,,Teeth,0.5
VFEP_Mech_Wardrone,Vanilla Factions Expanded - Pirates,turret,Blunt,8.5,2,4.25,,HeadAttackTool,1
VFEP_Mech_Spidermine,Vanilla Factions Expanded - Pirates,frame,Blunt,8.5,2,4.25,,HeadAttackTool,1
AG_OcularSlinger,Alpha Genes,left pincer,Scratch,20,1.5,13.33,,AG_PincerAttackTool,
AG_OcularSlinger,Alpha Genes,right pincer,Scratch,20,1.5,13.33,,AG_PincerAttackTool,
AG_OcularSlinger,Alpha Genes,,AG_ToxicSting,15,2,7.5,,AG_Sting,
AG_OcularSlinger,Alpha Genes,head,Blunt,4,2,2.0,,HeadAttackTool,0.1
BMT_AaroxisDendoriaLarvae,Biomes! Caverns,mandibles,Bite,10,2,5.0,,Mouth,
BMT_AaroxisDendoriaLarvae,Biomes! Caverns,head,Blunt,8,2,4.0,,HeadAttackTool,0.1
BMT_AaroxisDendoriaPupa,Biomes! Caverns,Twitching,Blunt,0,10000,,,HeadAttackTool,
BMT_AaroxisDendoria,Biomes! Caverns,mandibles,Bite,6,2,3.0,,Mouth,
BMT_AaroxisDendoria,Biomes! Caverns,head,Blunt,5.2,2,2.6,,HeadAttackTool,0.1
BMT_AcidSlug,Biomes! Caverns,head,ToxicBite,28,2.0,14.0,,HeadAttackTool,
BMT_Basilisk,Biomes! Caverns,left claw,Scratch,8,2,4.0,,FrontLeftClaws,
BMT_Basilisk,Biomes! Caverns,right claw,Scratch,8,2,4.0,,FrontRightClaws,
BMT_Basilisk,Biomes! Caverns,,Bite,10,2.6,3.85,,Teeth,0.7
BMT_Basilisk,Biomes! Caverns,head,Blunt,5,2,2.5,,HeadAttackTool,0.2
BMT_Batbird,Biomes! Caverns,claws,Scratch,4,1.4,2.86,,LeftHand,
BMT_Batbird,Biomes! Caverns,claws,Scratch,4,1.4,2.86,,RightHand,
BMT_Batbird,Biomes! Caverns,,Bite,5,2,2.5,,Beak,0.7
BMT_Batbird,Biomes! Caverns,head,Blunt,2,1.8,1.11,,HeadAttackTool,0.2
BMT_BeardedYak,Biomes! Caverns,left hoof,Blunt;Poke,10,2,5.0,,FrontLeftLeg,
BMT_BeardedYak,Biomes! Caverns,right hoof,Blunt;Poke,10,2,5.0,,FrontRightLeg,
BMT_BeardedYak,Biomes! Caverns,,Bite,10,2,5.0,,Teeth,0.5
BMT_BeardedYak,Biomes! Caverns,head,Blunt,13,2.6,5.0,,HeadAttackTool,
BMT_BloodropLarvae,Biomes! Caverns,mandibles,BMT_BloodSuck,4,2,2.0,,Mouth,
BMT_BloodropLarvae,Biomes! Caverns,head,Blunt,3.5,2,1.75,,HeadAttackTool,0.1
BMT_BloodropPupa,Biomes! Caverns,Twitching,Blunt,0,10000,,,HeadAttackTool,
BMT_BloodropMoth,Biomes! Caverns,proboscis,BMT_BloodSuck,14,2,7.0,,Mouth,
BMT_BloodropMoth,Biomes! Caverns,head,Blunt,8,4,2.0,,HeadAttackTool,0.85
BMT_BovineBeetleLarvae,Biomes! Caverns,mandibles,Bite,4,2,2.0,,Mouth,
BMT_BovineBeetleLarvae,Biomes! Caverns,head,Blunt,3.5,2,1.75,,HeadAttackTool,0.1
BMT_BovineBeetlePupa,Biomes! Caverns,Twitching,Blunt,0,10000,,,HeadAttackTool,
BMT_BovineBeetle,Biomes! Caverns,mandibles,Bite,13,1,13.0,,Mouth,
BMT_BovineBeetle,Biomes! Caverns,head,Blunt,10,2,5.0,,HeadAttackTool,0.1
BMT_BrownBat,Biomes! Caverns,claws,Scratch,4,1.4,2.86,,LeftHand,
BMT_BrownBat,Biomes! Caverns,claws,Scratch,4,1.4,2.86,,RightHand,
BMT_BrownBat,Biomes! Caverns,,Bite,5,2,2.5,,Teeth,0.7
BMT_BrownBat,Biomes! Caverns,head,Blunt,2,1.8,1.11,,HeadAttackTool,0.2
BMT_CactusCrab,Biomes! Caverns,claw,Cut,30,2,15.0,,HeadClaw,
BMT_CactusCrab,Biomes! Caverns,head,Blunt,25,4,6.25,,HeadAttackTool,
BMT_CaveCricket,Biomes! Caverns,mandibles,Bite,9,2,4.5,,Mouth,0.4
BMT_CaveCricket,Biomes! Caverns,head,Blunt,6,2,3.0,,HeadAttackTool,0.2
BMT_CaveLemming,Biomes! Caverns,,Bite,3.4,2,1.7,,Teeth,
BMT_CaveLemming,Biomes! Caverns,head,Blunt,1.5,2,0.75,,HeadAttackTool,0.2
BMT_CaveSpider,Biomes! Caverns,venom-fangs,ToxicBite,35,2.0,17.5,,Mouth,0.8
BMT_CaveSpider,Biomes! Caverns,head,Blunt,27,2,13.5,,HeadAttackTool,0.02
BMT_CaveSpider,Biomes! Caverns,legs,Blunt,23,2,11.5,,FrontRightLeg,0.2
BMT_CaveSpider,Biomes! Caverns,legs,Blunt,23,2,11.5,,FrontLeftLeg,0.2
BMT_ChemSnail,Biomes! Caverns,head,Blunt,9,2.5,3.6,,HeadAttackTool,
BMT_CrestedDragon,Biomes! Caverns,left claw,Scratch,9,2,4.5,,FrontLeftClaws,
BMT_CrestedDragon,Biomes! Caverns,right claw,Scratch,9,2,4.5,,FrontRightClaws,
BMT_CrestedDragon,Biomes! Caverns,,Blunt,12,2.6,4.62,,Teeth,0.7
BMT_CrestedDragon,Biomes! Caverns,head,Blunt,8,2,4.0,,HeadAttackTool,0.2
BMT_CrystalBeetleLarvae,Biomes! Caverns,mandibles,Bite,4,2,2.0,,Mouth,
BMT_CrystalBeetleLarvae,Biomes! Caverns,head,Blunt,3.5,2,1.75,,HeadAttackTool,0.1
BMT_CrystalBeetlePupa,Biomes! Caverns,Twitching,Blunt,0,10000,,,HeadAttackTool,
BMT_CrystalBeetle,Biomes! Caverns,mandibles,Bite,6,2,3.0,,Mouth,
BMT_CrystalBeetle,Biomes! Caverns,head,Blunt,5.2,2,2.6,,HeadAttackTool,0.1
BMT_CrystalCrab,Biomes! Caverns,claw,Cut,30,2,15.0,,HeadClaw,
BMT_CrystalCrab,Biomes! Caverns,head,Blunt,25,4,6.25,,HeadAttackTool,
BMT_CrystalFairyMole,Biomes! Caverns,left claw,Scratch,7.5,2,3.75,,FrontLeftPaw,
BMT_CrystalFairyMole,Biomes! Caverns,right claw,Scratch,7.5,2,3.75,,FrontRightPaw,
BMT_CrystalFairyMole,Biomes! Caverns,,Bite,10,2.6,3.85,,Teeth,0.7
BMT_CrystalFairyMole,Biomes! Caverns,head,Blunt,6,2,3.0,,HeadAttackTool,0.2
BMT_CrystalMantis,Biomes! Caverns,mandibles,Bite,9,2,4.5,,Mouth,0.6
BMT_CrystalMantis,Biomes! Caverns,left scythe,Scratch,11,2,5.5,,BMT_FrontLeftScythe,
BMT_CrystalMantis,Biomes! Caverns,right scythe,Scratch,11,2,5.5,,BMT_FrontRightScythe,
BMT_CrystalMantis,Biomes! Caverns,head,Blunt,5,3,1.67,,HeadAttackTool,0.1
BMT_Crystalope,Biomes! Caverns,head,Blunt,7,2,3.5,,HeadAttackTool,0.2
BMT_Crystalope,Biomes! Caverns,left hoof,Blunt;Poke,9,2,4.5,,FrontLeftLeg,
BMT_Crystalope,Biomes! Caverns,right hoof,Blunt;Poke,9,2,4.5,,FrontRightLeg,
BMT_Crystalope,Biomes! Caverns,,Bite,10,2,5.0,,Teeth,0.5
BMT_DarkAxolotl,Biomes! Caverns,left claw,Scratch,7,2.0,3.5,,FrontLeftPaw,
BMT_DarkAxolotl,Biomes! Caverns,right claw,Scratch,7,2.0,3.5,,FrontRightPaw,
BMT_DarkAxolotl,Biomes! Caverns,jaw,Bite,9,2,4.5,,Teeth,0.9
BMT_DarkAxolotl,Biomes! Caverns,head,Blunt,5,2,2.5,,HeadAttackTool,0.2
BMT_Diggerpede,Biomes! Caverns,mandibles,Bite,4,2,2.0,,Mouth,
BMT_Diggerpede,Biomes! Caverns,head,Blunt,3.5,2,1.75,,HeadAttackTool,0.1
BMT_FacetMothLarvae,Biomes! Caverns,proboscis,,4,2,2.0,,Mouth,
BMT_FacetMothLarvae,Biomes! Caverns,head,Blunt,3.5,2,1.75,,HeadAttackTool,0.1
BMT_FacetMothPupa,Biomes! Caverns,Twitching,Blunt,0,10000,,,HeadAttackTool,
BMT_FacetMoth,Biomes! Caverns,proboscis,,6,2,3.0,,Mouth,
BMT_FacetMoth,Biomes! Caverns,head,Blunt,5,2,2.5,,HeadAttackTool,0.85
BMT_FireSalamander,Biomes! Caverns,left claw,Scratch,9,2,4.5,,FrontLeftPaw,
BMT_FireSalamander,Biomes! Caverns,right claw,Scratch,9,2,4.5,,FrontRightPaw,
BMT_FireSalamander,Biomes! Caverns,,Blunt,12,2.6,4.62,,Teeth,0.7
BMT_FireSalamander,Biomes! Caverns,head,Blunt,8,2,4.0,,HeadAttackTool,0.2
BMT_FleeceSpider,Biomes! Caverns,mandibles,Cut,6,2.6,2.31,,HeadClaw,
BMT_FleeceSpider,Biomes! Caverns,head,Blunt,3,2,1.5,,HeadAttackTool,0.2
BMT_FoundryBeetleLarvae,Biomes! Caverns,mandibles,Bite,4,2,2.0,,Mouth,
BMT_FoundryBeetleLarvae,Biomes! Caverns,head,Blunt,3.5,2,1.75,,HeadAttackTool,0.1
BMT_FoundryBeetlePupa,Biomes! Caverns,Twitching,Blunt,0,10000,,,HeadAttackTool,
BMT_FoundryBeetle,Biomes! Caverns,head claw,Cut,26,1.6,16.25,0.9,HeadClaw,
BMT_FoundryBeetle,Biomes! Caverns,head,Blunt,12,2,6.0,,HeadAttackTool,0.2
BMT_FreezerFrog,Biomes! Caverns,,Bite,3.4,2,1.7,,Teeth,
BMT_FreezerFrog,Biomes! Caverns,head,Blunt,1.5,2,0.75,,HeadAttackTool,0.2
BMT_FrostweaverSpider,Biomes! Caverns,venom-fangs,ToxicBite,13,2.0,6.5,,Mouth,0.8
BMT_FrostweaverSpider,Biomes! Caverns,head,Blunt,10,2,5.0,,HeadAttackTool,0.02
BMT_FrostweaverSpider,Biomes! Caverns,legs,Blunt,12,2,6.0,,FrontRightLeg,0.2
BMT_FrostweaverSpider,Biomes! Caverns,legs,Blunt,12,2,6.0,,FrontLeftLeg,0.2
BMT_FungalFerret,Biomes! Caverns,left claw,Scratch,7,2,3.5,,FrontLeftPaw,0.3
BMT_FungalFerret,Biomes! Caverns,right claw,Scratch,7,2,3.5,,FrontRightPaw,0.3
BMT_FungalFerret,Biomes! Caverns,,Bite,8,2,4.0,,Teeth,0.7
BMT_FungalFerret,Biomes! Caverns,head,Blunt,3,2,1.5,,HeadAttackTool,0.2
BMT_FungalMantis,Biomes! Caverns,mandibles,Bite,9,2,4.5,,Mouth,0.6
BMT_FungalMantis,Biomes! Caverns,left scythe,Scratch,7,2,3.5,,BMT_FrontLeftScythe,
BMT_FungalMantis,Biomes! Caverns,right scythe,Scratch,7,2,3.5,,BMT_FrontRightScythe,
BMT_FungalMantis,Biomes! Caverns,head,Blunt,5,3,1.67,,HeadAttackTool,0.1
BMT_FungalWeevil,Biomes! Caverns,mandibles,Bite,7,2,3.5,,Mouth,
BMT_FungalWeevil,Biomes! Caverns,head,Blunt,6,2,3.0,,HeadAttackTool,0.1
BMT_Gembug,Biomes! Caverns,mandibles,Bite,4.25,2,2.12,,Mouth,
BMT_Gembug,Biomes! Caverns,head,Blunt,3,2,1.5,,HeadAttackTool,0.1
BMT_GiantSlug,Biomes! Caverns,head,Blunt,10,2.5,4.0,,HeadAttackTool,
BMT_GiantSnail,Biomes! Caverns,head,Blunt,14,2.5,5.6,,HeadAttackTool,
BMT_GlarralPenguin,Biomes! Caverns,claws,Scratch,10,2,5.0,,Feet,
BMT_GlarralPenguin,Biomes! Caverns,beak,Bite,12,1.5,8.0,,Beak,
BMT_GlarralPenguin,Biomes! Caverns,head,Blunt,6,2,3.0,,HeadAttackTool,0.2
BMT_GlowBat,Biomes! Caverns,claws,Scratch,4,1.4,2.86,,LeftHand,
BMT_GlowBat,Biomes! Caverns,claws,Scratch,4,1.4,2.86,,RightHand,
BMT_GlowBat,Biomes! Caverns,,Bite,5,2,2.5,,Teeth,0.7
BMT_GlowBat,Biomes! Caverns,head,Blunt,2,1.8,1.11,,HeadAttackTool,0.2
BMT_GlowSlug,Biomes! Caverns,head,Blunt,7,2,3.5,,HeadAttackTool,
BMT_GoetoTadpole,Biomes! Caverns,teeth,Bite,1,2,0.5,,Mouth,0.8
BMT_GoetoTadpole,Biomes! Caverns,head,Blunt,1,2,0.5,,HeadAttackTool,0.1
BMT_GoetoToad,Biomes! Caverns,left claw,Scratch,2,2,1.0,,FrontLeftPaw,
BMT_GoetoToad,Biomes! Caverns,right claw,Scratch,2,2,1.0,,FrontRightPaw,
BMT_GoetoToad,Biomes! Caverns,,Bite,3,2,1.5,,Teeth,0.7
BMT_GoetoToad,Biomes! Caverns,head,Blunt,1,2,0.5,,HeadAttackTool,0.2
BMT_HoarfrostMastodon,Biomes! Caverns,tusk,Scratch;Stab,25,2.6,9.62,,TuskAttackTool,
BMT_HoarfrostMastodon,Biomes! Caverns,left foot,Blunt,16.9,2,8.45,,FrontLeftLeg,
BMT_HoarfrostMastodon,Biomes! Caverns,right foot,Blunt,16.9,2,8.45,,FrontRightLeg,
BMT_HoarfrostMastodon,Biomes! Caverns,head,Blunt,14,2,7.0,,HeadAttackTool,0.2
BMT_HungeringHydra,Biomes! Caverns,,Bite,40,2.5,16.0,,Teeth,
BMT_HungeringHydra,Biomes! Caverns,head,Blunt,14,2,7.0,,HeadAttackTool,0.2
BMT_ImperialToad,Biomes! Caverns,left claw,Scratch,2,2,1.0,,FrontLeftPaw,
BMT_ImperialToad,Biomes! Caverns,right claw,Scratch,2,2,1.0,,FrontRightPaw,
BMT_ImperialToad,Biomes! Caverns,,Bite,3,2,1.5,,Teeth,0.7
BMT_ImperialToad,Biomes! Caverns,head,Blunt,1,2,0.5,,HeadAttackTool,0.2
BMT_Jellypot,Biomes! Caverns,mandibles,Cut,4,2,2.0,,HeadClaw,
BMT_Jellypot,Biomes! Caverns,head,Blunt,3,2,1.5,,HeadAttackTool,0.2
BMT_JewelBeetleLarvae,Biomes! Caverns,mandibles,Bite,4,2,2.0,,Mouth,
BMT_JewelBeetleLarvae,Biomes! Caverns,head,Blunt,3.5,2,1.75,,HeadAttackTool,0.1
BMT_JewelBeetlePupa,Biomes! Caverns,Twitching,Blunt,0,10000,,,HeadAttackTool,
BMT_JewelBeetle,Biomes! Caverns,mandibles,Bite,6,2,3.0,,Mouth,
BMT_JewelBeetle,Biomes! Caverns,head,Blunt,5.2,2,2.6,,HeadAttackTool,0.1
BMT_MaceDrake,Biomes! Caverns,left wing,Blunt,4,6,0.67,,BMT_FrontLeftClaws,0.2
BMT_MaceDrake,Biomes! Caverns,right wing,Blunt,4,6,0.67,,BMT_FrontRightClaws,0.2
BMT_MaceDrake,Biomes! Caverns,rear left foot,Blunt,4,6,0.67,,BMT_RearLeftClaw,0.2
BMT_MaceDrake,Biomes! Caverns,rear right foot,Blunt,4,6,0.67,,BMT_RearRightClaw,0.2
BMT_MaceDrake,Biomes! Caverns,,Bite,10,2,5.0,,BMT_DinoBeakAttackTool,0.5
BMT_MaceDrake,Biomes! Caverns,head,Blunt,15,2.5,6.0,,HeadAttackTool,0.7
BMT_MaceDrake,Biomes! Caverns,tail-club,Blunt,20,2,10.0,,BMT_TailGroup,
BMT_Maguana,Biomes! Caverns,left claw,Scratch,8,2,4.0,,FrontLeftClaws,
BMT_Maguana,Biomes! Caverns,right claw,Scratch,8,2,4.0,,FrontRightClaws,
BMT_Maguana,Biomes! Caverns,,Bite,10,2.6,3.85,,Teeth,0.7
BMT_Maguana,Biomes! Caverns,head,Blunt,5,2,2.5,,HeadAttackTool,0.2
BMT_Megabat,Biomes! Caverns,wing,Scratch,24,2,12.0,,LeftHand,
BMT_Megabat,Biomes! Caverns,wing,Scratch,24,2,12.0,,RightHand,
BMT_Megabat,Biomes! Caverns,,Bite,25,2,12.5,,Teeth,0.7
BMT_Megabat,Biomes! Caverns,head,Blunt,22,1.8,12.22,,HeadAttackTool,0.2
BMT_Megapleura,Biomes! Caverns,mandibles,Cut,14,2.6,5.38,0.15,HeadClaw,
BMT_Megapleura,Biomes! Caverns,head,Blunt,12,2,6.0,,HeadAttackTool,0.2
BMT_MetalloSnail,Biomes! Caverns,head,Blunt,12.5,2.5,5.0,,HeadAttackTool,
BMT_Mole,Biomes! Caverns,left claw,Scratch,8,1.5,5.33,,FrontLeftPaw,
BMT_Mole,Biomes! Caverns,right claw,Scratch,8,1.5,5.33,,FrontRightPaw,
BMT_Mole,Biomes! Caverns,,Bite,8,2,4.0,,Teeth,0.7
BMT_Mole,Biomes! Caverns,head,Blunt,7,2,3.5,,HeadAttackTool,0.2
BMT_Molebear,Biomes! Caverns,left claw,Scratch,18,2,9.0,,FrontLeftPaw,
BMT_Molebear,Biomes! Caverns,right claw,Scratch,18,2,9.0,,FrontRightPaw,
BMT_Molebear,Biomes! Caverns,,Bite,20.0,2.6,7.69,,Teeth,0.5
BMT_Molebear,Biomes! Caverns,head,Blunt,12,2,6.0,,HeadAttackTool,0.2
BMT_MossBeetleLarvae,Biomes! Caverns,mandibles,Bite,4,2,2.0,,Mouth,
BMT_MossBeetleLarvae,Biomes! Caverns,head,Blunt,3.5,2,1.75,,HeadAttackTool,0.1
BMT_MossBeetlePupa,Biomes! Caverns,Twitching,Blunt,0,10000,,,HeadAttackTool,
BMT_MossBeetle,Biomes! Caverns,mandibles,Bite,6,2,3.0,,Mouth,
BMT_MossBeetle,Biomes! Caverns,head,Blunt,5.2,2,2.6,,HeadAttackTool,0.1
BMT_MossyFennec,Biomes! Caverns,left claw,Scratch,8,2,4.0,,FrontLeftPaw,0.3
BMT_MossyFennec,Biomes! Caverns,right claw,Scratch,8,2,4.0,,FrontRightPaw,0.3
BMT_MossyFennec,Biomes! Caverns,,Bite,9,2,4.5,,Teeth,0.9
BMT_MossyFennec,Biomes! Caverns,head,Blunt,4,2,2.0,,HeadAttackTool,0.2
BMT_Pillbug,Biomes! Caverns,mandibles,Bite,4,2,2.0,,Mouth,
BMT_Pillbug,Biomes! Caverns,head,Blunt,3,2,1.5,,HeadAttackTool,0.1
BMT_PodWorm,Biomes! Caverns,mandibles,Bite,10,2,5.0,,Mouth,
BMT_PodWorm,Biomes! Caverns,head,Blunt,8,2,4.0,,HeadAttackTool,0.1
BMT_Rimebeak,Biomes! Caverns,claws,Scratch,13,1.5,8.67,,Feet,
BMT_Rimebeak,Biomes! Caverns,beak,Bite,15,2,7.5,,Beak,
BMT_Rimebeak,Biomes! Caverns,head,Blunt,10,2,5.0,,HeadAttackTool,0.2
BMT_RoyalRhinoLarvae,Biomes! Caverns,mandibles,Bite,10,5,2.0,,Mouth,
BMT_RoyalRhinoLarvae,Biomes! Caverns,horn,Blunt,25,2,12.5,,HeadAttackTool,0.1
BMT_RoyalRhinoPupa,Biomes! Caverns,Twitching,Blunt,0,10000,,,HeadAttackTool,
BMT_RoyalRhino,Biomes! Caverns,mandibles,Bite,20,2,10.0,,Mouth,
BMT_RoyalRhino,Biomes! Caverns,horn,Scratch;Stab,25,2,12.5,,HornAttackTool,
BMT_RoyalRhino,Biomes! Caverns,head,Blunt,10,2,5.0,,HeadAttackTool,0.1
BMT_SandLeaper,Biomes! Caverns,,Bite,3.4,2,1.7,,Teeth,
BMT_SandLeaper,Biomes! Caverns,head,Blunt,1.5,2,0.75,,HeadAttackTool,0.2
BMT_SandPillar,Biomes! Caverns,mandibles,Bite,10,2,5.0,,Mouth,
BMT_SandPillar,Biomes! Caverns,head,Blunt,8,2,4.0,,HeadAttackTool,0.1
BMT_ShatterjawBeetleLarvae,Biomes! Caverns,mandibles,Bite,4,2,2.0,,Mouth,
BMT_ShatterjawBeetleLarvae,Biomes! Caverns,head,Blunt,3.5,2,1.75,,HeadAttackTool,0.1
BMT_ShatterjawBeetlePupa,Biomes! Caverns,Twitching,Blunt,0,10000,,,HeadAttackTool,
BMT_ShatterjawBeetle,Biomes! Caverns,mandibles,Cut,22,2.25,9.78,0.9,HeadClaw,
BMT_ShatterjawBeetle,Biomes! Caverns,head,Blunt,12,5,2.4,,HeadAttackTool,0.2
BMT_ShimmershellSnail,Biomes! Caverns,head,Blunt,8,2,4.0,,HeadAttackTool,
BMT_SilverSheep,Biomes! Caverns,head,Blunt,14,2.9,4.83,,HeadAttackTool,
BMT_SilverSheep,Biomes! Caverns,left hoof,Blunt;Poke,6,2,3.0,,FrontLeftLeg,
BMT_SilverSheep,Biomes! Caverns,right hoof,Blunt;Poke,6,2,3.0,,FrontRightLeg,
BMT_SilverSheep,Biomes! Caverns,,Bite,8,2,4.0,,Teeth,0.5
BMT_SmolderstingScorpion,Biomes! Caverns,left claw,Cut;Poke,6,2.6,2.31,,FrontLeftClaws,0.2
BMT_SmolderstingScorpion,Biomes! Caverns,right claw,Cut;Poke,6,2.6,2.31,,FrontRightClaws,0.2
BMT_SmolderstingScorpion,Biomes! Caverns,stinger,BMT_BurningSting,9,1,9.0,,BMT_StingerGroup,0.5
BMT_SmolderstingScorpion,Biomes! Caverns,head,Blunt,6,2,3.0,,HeadAttackTool,0.1
BMT_Snowstalker,Biomes! Caverns,left claw,Scratch,11,1.5,7.33,,FrontLeftPaw,
BMT_Snowstalker,Biomes! Caverns,right claw,Scratch,11,1.5,7.33,,FrontRightPaw,
BMT_Snowstalker,Biomes! Caverns,,Bite,16,2,8.0,,Teeth,0.7
BMT_Snowstalker,Biomes! Caverns,head,Blunt,9,2,4.5,,HeadAttackTool,0.2
BMT_SonarRabbit,Biomes! Caverns,,Bite,3.4,2,1.7,,Teeth,
BMT_SonarRabbit,Biomes! Caverns,head,Blunt,1.5,2,0.75,,HeadAttackTool,0.2
BMT_Stoneback,Biomes! Caverns,left claw,Scratch,8,2,4.0,,FrontLeftClaws,
BMT_Stoneback,Biomes! Caverns,right claw,Scratch,8,2,4.0,,FrontRightClaws,
BMT_Stoneback,Biomes! Caverns,,Bite,10,2.6,3.85,,Teeth,0.7
BMT_Stoneback,Biomes! Caverns,head,Blunt,5,2,2.5,,HeadAttackTool,0.2
BMT_Thrumbungus,Biomes! Caverns,mushrooms,ToxicBite,23,2.6,8.85,,HeadAttackTool,
BMT_Thrumbungus,Biomes! Caverns,,ToxicBite,28,2.6,10.77,,Teeth,0.7
BMT_Thrumbungus,Biomes! Caverns,left paw,Blunt,19,6,3.17,,FrontLeftPaw,
BMT_Thrumbungus,Biomes! Caverns,right foot,Blunt,19,6,3.17,,FrontRightPaw,
BMT_Thrumbungus,Biomes! Caverns,head,Blunt,17,6,2.83,,HeadAttackTool,0.2
BMT_TruffleMole,Biomes! Caverns,left claw,Scratch,4,1.5,2.67,,FrontLeftPaw,
BMT_TruffleMole,Biomes! Caverns,right claw,Scratch,4,1.5,2.67,,FrontRightPaw,
BMT_TruffleMole,Biomes! Caverns,,Bite,6,2,3.0,,Teeth,0.7
BMT_TruffleMole,Biomes! Caverns,head,Blunt,2,2,1.0,,HeadAttackTool,0.2
BMT_Woollybat,Biomes! Caverns,wing,Scratch,4,2,2.0,,LeftHand,
BMT_Woollybat,Biomes! Caverns,wing,Scratch,4,2,2.0,,RightHand,
BMT_Woollybat,Biomes! Caverns,,Bite,8,2,4.0,,Teeth,0.7
BMT_Woollybat,Biomes! Caverns,head,Blunt,5,1.8,2.78,,HeadAttackTool,0.2
BMT_Xyrion,Biomes! Caverns,left claw,Scratch,3,2,1.5,,FrontLeftClaws,
BMT_Xyrion,Biomes! Caverns,right claw,Scratch,3,2,1.5,,FrontRightClaws,
BMT_Xyrion,Biomes! Caverns,,Bite,6,2.6,2.31,,Teeth,0.7
BMT_Xyrion,Biomes! Caverns,head,Blunt,4,2,2.0,,HeadAttackTool,0.2
BMT_Yooka,Biomes! Caverns,left hoof,Blunt;Poke,8,2,4.0,,FrontLeftLeg,
BMT_Yooka,Biomes! Caverns,right hoof,Blunt;Poke,8,2,4.0,,FrontRightLeg,
BMT_Yooka,Biomes! Caverns,,Bite,10,5,2.0,,Teeth,0.7
BMT_Yooka,Biomes! Caverns,head,Blunt,14,5,2.8,,HeadAttackTool,0.2
BMT_BarbedPangolin,Biomes! Polluted Lands,left claw,Scratch,13,2.5,5.2,,FrontLeftPaw,
BMT_BarbedPangolin,Biomes! Polluted Lands,right claw,Scratch,13,2.5,5.2,,FrontRightPaw,
BMT_BarbedPangolin,Biomes! Polluted Lands,tonguelash,Bite,15,1,15.0,,Teeth,0.9
BMT_BiliousVarog,Biomes! Polluted Lands,left claw,Scratch,8,2.6,3.08,,FrontLeftClaws,
BMT_BiliousVarog,Biomes! Polluted Lands,right claw,Scratch,8,2.6,3.08,,FrontRightClaws,
BMT_BiliousVarog,Biomes! Polluted Lands,,Bite,10,2,5.0,,Teeth,0.7
BMT_BiliousVarog,Biomes! Polluted Lands,head,Blunt,5,2,2.5,,HeadAttackTool,0.2
BMT_BloodletterPetrel,Biomes! Polluted Lands,claws,Scratch,4,3,1.33,,Feet,0.2
BMT_BloodletterPetrel,Biomes! Polluted Lands,beak,Bite,7,1.5,4.67,,Beak,
BMT_BloodletterPetrel,Biomes! Polluted Lands,head,Blunt,2,1.8,1.11,,HeadAttackTool,0.2
BMT_BunkerBug,Biomes! Polluted Lands,claw,Cut,30,2,15.0,,HeadClaw,
BMT_BunkerBug,Biomes! Polluted Lands,head,Blunt,25,4,6.25,,HeadAttackTool,
BMT_CarrionVulture,Biomes! Polluted Lands,claws,Scratch,6,3,2.0,,Feet,0.2
BMT_CarrionVulture,Biomes! Polluted Lands,beak,Bite,9,1.5,6.0,,Beak,
BMT_CarrionVulture,Biomes! Polluted Lands,head,Blunt,4,1.8,2.22,,HeadAttackTool,0.2
BMT_FamineLocust,Biomes! Polluted Lands,,Bite,3.4,2,1.7,,Mouth,
BMT_FamineLocust,Biomes! Polluted Lands,head,Blunt,1.5,2,0.75,,HeadAttackTool,0.2
BMT_FenridStoat,Biomes! Polluted Lands,left claw,Scratch,13,1.5,8.67,,FrontLeftPaw,
BMT_FenridStoat,Biomes! Polluted Lands,right claw,Scratch,13,1.5,8.67,,FrontRightPaw,
BMT_FenridStoat,Biomes! Polluted Lands,razorfangs,Bite,15,2,7.5,,Teeth,0.9
BMT_FenridStoat,Biomes! Polluted Lands,head,Blunt,5,2,2.5,,HeadAttackTool,0.2
BMT_Polluwog,Biomes! Polluted Lands,teeth,Bite,1,2,0.5,,Mouth,0.8
BMT_Polluwog,Biomes! Polluted Lands,head,Blunt,1,2,0.5,,HeadAttackTool,0.1
BMT_GastroToad,Biomes! Polluted Lands,left claw,Scratch,2,2,1.0,,FrontLeftPaw,
BMT_GastroToad,Biomes! Polluted Lands,right claw,Scratch,2,2,1.0,,FrontRightPaw,
BMT_GastroToad,Biomes! Polluted Lands,,Bite,3,2,1.5,,Teeth,0.7
BMT_GastroToad,Biomes! Polluted Lands,head,Blunt,1,2,0.5,,HeadAttackTool,0.2
BMT_Glowtail,Biomes! Polluted Lands,left claw,Scratch,2,2,1.0,,FrontLeftClaws,
BMT_Glowtail,Biomes! Polluted Lands,right claw,Scratch,2,2,1.0,,FrontRightClaws,
BMT_Glowtail,Biomes! Polluted Lands,,Bite,3,2.6,1.15,,Teeth,0.7
BMT_Glowtail,Biomes! Polluted Lands,head,Blunt,2,2,1.0,,HeadAttackTool,0.2
BMT_LyncusSeal,Biomes! Polluted Lands,teeth,Bite,12,2.2,5.45,,Teeth,0.6
BMT_LyncusSeal,Biomes! Polluted Lands,head,Blunt,9,2,4.5,,HeadAttackTool,0.3
BMT_Maligoat,Biomes! Polluted Lands,,Bite,7.3,2,3.65,,Teeth,0.7
BMT_Maligoat,Biomes! Polluted Lands,head,Blunt,6,2,3.0,,HeadAttackTool,0.2
BMT_Creature_Mantrap,Biomes! Polluted Lands,left maw,,5,2,2.5,,BMT_FrontLeftScythe,
BMT_Creature_Mantrap,Biomes! Polluted Lands,right maw,,5,2,2.5,,BMT_FrontRightScythe,
BMT_Megakrill,Biomes! Polluted Lands,,Bite,1,2,0.5,,Mouth,
BMT_Megakrill,Biomes! Polluted Lands,head,Blunt,1,2,0.5,,HeadAttackTool,0.2
BMT_MegaphoridLarva,Biomes! Polluted Lands,proboscis,,4,2,2.0,,Mouth,
BMT_MegaphoridLarva,Biomes! Polluted Lands,head,Blunt,5,2,2.5,,HeadAttackTool,0.1
BMT_Megaphorid,Biomes! Polluted Lands,stinger,Scratch,1,1,1.0,,BMT_StingerGroup,
BMT_Megaroach,Biomes! Polluted Lands,,Bite,3.4,2,1.7,,Mouth,
BMT_Megaroach,Biomes! Polluted Lands,head,Blunt,1.5,2,0.75,,HeadAttackTool,0.2
BMT_MucklurkerCatfish,Biomes! Polluted Lands,teeth,,8,2,4.0,,Teeth,1.0
BMT_MucklurkerCatfish,Biomes! Polluted Lands,head,Blunt,7,2,3.5,,HeadAttackTool,0.1
BMT_MutagenicNorphea,Biomes! Polluted Lands,mandibles,Bite,5,2,2.5,,Mouth,
BMT_MutagenicNorphea,Biomes! Polluted Lands,head,Blunt,4,2,2.0,,HeadAttackTool,0.1
BMT_MutatingTumorfishSpawn,Biomes! Polluted Lands,teeth,,5,2,2.5,,Teeth,1.0
BMT_MutatingTumorfishSpawn,Biomes! Polluted Lands,head,Blunt,4,2,2.0,,HeadAttackTool,0.1
BMT_MutatingTumorfishFry,Biomes! Polluted Lands,teeth,,5,2,2.5,,Teeth,1.0
BMT_MutatingTumorfishFry,Biomes! Polluted Lands,head,Blunt,4,2,2.0,,HeadAttackTool,0.1
BMT_MutatingTumorfishAdult,Biomes! Polluted Lands,teeth,,12,2,6.0,,Teeth,1.0
BMT_MutatingTumorfishAdult,Biomes! Polluted Lands,head,Blunt,10,2,5.0,,HeadAttackTool,0.1
BMT_PustuleHornet,Biomes! Polluted Lands,,Bite,3.4,3,1.13,,Mouth,
BMT_PustuleHornet,Biomes! Polluted Lands,head,Blunt,1.5,3.5,0.43,,HeadAttackTool,0.2
BMT_PustuleHornet,Biomes! Polluted Lands,stinger,Scratch,2,2,1.0,,BMT_StingerGroup,
BMT_PustuleHornetSpawned,Biomes! Polluted Lands,,Bite,3.4,3,1.13,,Mouth,
BMT_PustuleHornetSpawned,Biomes! Polluted Lands,head,Blunt,1.5,3.5,0.43,,HeadAttackTool,0.2
BMT_PustuleHornetSpawned,Biomes! Polluted Lands,stinger,Scratch,2,2,1.0,,BMT_StingerGroup,
BMT_ColonyPustuleHornet,Biomes! Polluted Lands,,Bite,3.4,3,1.13,,Mouth,
BMT_ColonyPustuleHornet,Biomes! Polluted Lands,head,Blunt,1.5,3.5,0.43,,HeadAttackTool,0.2
BMT_ColonyPustuleHornet,Biomes! Polluted Lands,stinger,Scratch,2,2,1.0,,BMT_StingerGroup,
BMT_PustuleHornetQueen,Biomes! Polluted Lands,,Bite,4.4,2,2.2,,Mouth,
BMT_PustuleHornetQueen,Biomes! Polluted Lands,head,Blunt,3.5,2,1.75,,HeadAttackTool,0.2
BMT_PustuleHornetQueen,Biomes! Polluted Lands,stinger,Scratch,2,2,1.0,,BMT_StingerGroup,
BMT_ColonyPustuleHornetQueen,Biomes! Polluted Lands,,Bite,4.4,2,2.2,,Mouth,
BMT_ColonyPustuleHornetQueen,Biomes! Polluted Lands,head,Blunt,3.5,2,1.75,,HeadAttackTool,0.2
BMT_ColonyPustuleHornetQueen,Biomes! Polluted Lands,stinger,Scratch,2,2,1.0,,BMT_StingerGroup,
BMT_Sacapillar,Biomes! Polluted Lands,mandibles,,4,2,2.0,,Mouth,
BMT_Sacapillar,Biomes! Polluted Lands,head,Blunt,3.5,2,1.75,,HeadAttackTool,0.1
BMT_Screecher,Biomes! Polluted Lands,claws,Scratch,4,3,1.33,,Feet,0.2
BMT_Screecher,Biomes! Polluted Lands,beak,Bite,11,1.5,7.33,,Beak,
BMT_Screecher,Biomes! Polluted Lands,head,Blunt,2,2,1.0,,HeadAttackTool,0.2
BMT_SludgeCrawler,Biomes! Polluted Lands,head,Blunt,7,2.5,2.8,,HeadAttackTool,
BMT_SmogMothLarvae,Biomes! Polluted Lands,proboscis,,4,2,2.0,,Mouth,
BMT_SmogMothLarvae,Biomes! Polluted Lands,head,Blunt,3.5,2,1.75,,HeadAttackTool,0.1
BMT_SmogPupa,Biomes! Polluted Lands,Twitching,Blunt,0,10000,,,HeadAttackTool,
BMT_SmogMoth,Biomes! Polluted Lands,proboscis,,10,2,5.0,,Mouth,
BMT_SmogMoth,Biomes! Polluted Lands,wing,,8,2,4.0,,HeadAttackTool,
BMT_SmogMoth,Biomes! Polluted Lands,head,Blunt,8,3,2.67,,HeadAttackTool,
BMT_Swarmcaller,Biomes! Polluted Lands,,Bite,3.4,2,1.7,,Mouth,
BMT_Swarmcaller,Biomes! Polluted Lands,head,Blunt,1.5,2,0.75,,HeadAttackTool,0.2
BMT_TaintedTurtle,Biomes! Polluted Lands,beak,Bite,8,2.6,3.08,,TurtleBeakAttackTool,
BMT_TaintedTurtle,Biomes! Polluted Lands,head,Blunt,3,2.6,1.15,,HeadAttackTool,0.2
BMT_ToxSheep,Biomes! Polluted Lands,head,Blunt,12,2.8,4.29,,HeadAttackTool,
BMT_ToxSheep,Biomes! Polluted Lands,left hoof,Blunt;Poke,5,2,2.5,,FrontLeftLeg,
BMT_ToxSheep,Biomes! Polluted Lands,right hoof,Blunt;Poke,5,2,2.5,,FrontRightLeg,
BMT_ToxSheep,Biomes! Polluted Lands,,Bite,12,2,6.0,,Teeth,0.7
BMT_TripleSnapper,Biomes! Polluted Lands,,Bite,15,0.9,16.67,,TurtleBeakAttackTool,0.9
BMT_TripleSnapper,Biomes! Polluted Lands,head,Blunt,5,2,2.5,,HeadAttackTool,0.2
BMT_Varmot,Biomes! Polluted Lands,,Bite,3.4,2,1.7,,Teeth,
BMT_Varmot,Biomes! Polluted Lands,head,Blunt,1.5,2,0.75,,HeadAttackTool,0.2
BMT_WasteHound,Biomes! Polluted Lands,left claw,Scratch,13,1.5,8.67,,FrontLeftPaw,
BMT_WasteHound,Biomes! Polluted Lands,right claw,Scratch,13,1.5,8.67,,FrontRightPaw,
BMT_WasteHound,Biomes! Polluted Lands,razorfangs,Bite,15,2,7.5,,Teeth,0.9
BMT_WasteHound,Biomes! Polluted Lands,head,Blunt,5,2,2.5,,HeadAttackTool,0.2
RG_Owlbeast,ReGrowth: Boiling,left claw,Scratch,17,2,8.5,,FrontLeftPaw,
RG_Owlbeast,ReGrowth: Boiling,right claw,Scratch,17,2,8.5,,FrontRightPaw,
RG_Owlbeast,ReGrowth: Boiling,beak,Bite,23.6,2.6,9.08,,Teeth,0.5
RG_Owlbeast,ReGrowth: Boiling,head,Blunt,11,2,5.5,,HeadAttackTool,0.2
GR_ArchotechCentipede,Vanilla Genetics Expanded,head,Blunt,200,0.2,1000.0,,HeadAttackTool,0.2
GR_Chickenbear,Vanilla Genetics Expanded,claws,Scratch,4,1.65,2.42,,Feet,
GR_Chickenbear,Vanilla Genetics Expanded,,Bite,7,1.65,4.24,,Teeth,
GR_Chickenbear,Vanilla Genetics Expanded,head,Blunt,1,1.65,0.61,,HeadAttackTool,0.2
GR_Chickenlope,Vanilla Genetics Expanded,claws,Scratch,2,1.65,1.21,,Feet,
GR_Chickenlope,Vanilla Genetics Expanded,,Bite,3,1.65,1.82,,Beak,
GR_Chickenlope,Vanilla Genetics Expanded,head,Blunt,1,1.65,0.61,,HeadAttackTool,0.2
GR_Chickenffalo,Vanilla Genetics Expanded,claws,Scratch,2,1.65,1.21,,Feet,
GR_Chickenffalo,Vanilla Genetics Expanded,head,Blunt,6,1.65,3.64,,HeadAttackTool,0.2
GR_Chickenwolf,Vanilla Genetics Expanded,claws,Scratch,2,1.65,1.21,,Feet,
GR_Chickenwolf,Vanilla Genetics Expanded,,Bite,2.1,0.4,5.25,,Teeth,
GR_Chickenwolf,Vanilla Genetics Expanded,head,Blunt,1,1.65,0.61,,HeadAttackTool,0.2
GR_Chickenrabbit,Vanilla Genetics Expanded,claws,Scratch,2,1.65,1.21,,Feet,
GR_Chickenrabbit,Vanilla Genetics Expanded,,Bite,5,1.65,3.03,,Teeth,
GR_Chickenrabbit,Vanilla Genetics Expanded,head,Blunt,1,1.65,0.61,,HeadAttackTool,0.2
GR_Chickencat,Vanilla Genetics Expanded,claws,Scratch,1,1.2,0.83,,Feet,
GR_Chickencat,Vanilla Genetics Expanded,,Bite,2,0.4,5.0,,Teeth,
GR_Chickencat,Vanilla Genetics Expanded,head,Blunt,1,1.65,0.61,,HeadAttackTool,0.2
GR_Turkeyman,Vanilla Genetics Expanded,claws,Scratch,5,1.5,3.33,,Feet,
GR_Turkeyman,Vanilla Genetics Expanded,toothed beak,Bite,10,2,5.0,,Teeth,
GR_Turkeyman,Vanilla Genetics Expanded,head,Blunt,4,2,2.0,,HeadAttackTool,0.2
GR_Boomabear,Vanilla Genetics Expanded,,Bite,12,1.65,7.27,,Teeth,
GR_Boomabear,Vanilla Genetics Expanded,head,Blunt,9,1.65,5.45,,HeadAttackTool,0.2
GR_Boomachicken,Vanilla Genetics Expanded,head,Blunt,9,1.65,5.45,,HeadAttackTool,0.2
GR_Boomachicken,Vanilla Genetics Expanded,bite,Bite,9,1.65,5.45,,Beak,
GR_Boomffalo,Vanilla Genetics Expanded,head,Blunt,10,1.65,6.06,,HeadAttackTool,0.2
GR_Boomwolf,Vanilla Genetics Expanded,,Bite,15,1.5,10.0,,Teeth,
GR_Boomwolf,Vanilla Genetics Expanded,head,Blunt,9,1.5,6.0,,HeadAttackTool,0.2
GR_Boomsquirrel,Vanilla Genetics Expanded,left claw,Scratch,12,1.85,6.49,,FrontLeftPaw,
GR_Boomsquirrel,Vanilla Genetics Expanded,right claw,Scratch,12,1.85,6.49,,FrontRightPaw,
GR_Boomsquirrel,Vanilla Genetics Expanded,,Bite,8,2.0,4.0,,Teeth,
GR_Boomsquirrel,Vanilla Genetics Expanded,head,Blunt,4,1.65,2.42,,HeadAttackTool,0.2
GR_Boomcat,Vanilla Genetics Expanded,,Bite,12,1.5,8.0,,Teeth,
GR_Boomcat,Vanilla Genetics Expanded,head,Blunt,9,1.5,6.0,,HeadAttackTool,0.2
GR_Booman,Vanilla Genetics Expanded,,Bite,8,1.5,5.33,,Teeth,
GR_Booman,Vanilla Genetics Expanded,head,Blunt,9,1.5,6.0,,HeadAttackTool,0.2
GR_Wolfbear,Vanilla Genetics Expanded,left claw,GR_GoForTheHead,6,0.8,7.5,,FrontLeftPaw,
GR_Wolfbear,Vanilla Genetics Expanded,right claw,GR_GoForTheHead,6,0.8,7.5,,FrontRightPaw,
GR_Wolfbear,Vanilla Genetics Expanded,,Bite,11,2.1,5.24,,Teeth,
GR_Wolfbear,Vanilla Genetics Expanded,head,Blunt,3,1.65,1.82,,HeadAttackTool,0.2
GR_Wolfalope,Vanilla Genetics Expanded,left claw,Scratch,5,0.8,6.25,,FrontLeftPaw,
GR_Wolfalope,Vanilla Genetics Expanded,right claw,Scratch,5,0.8,6.25,,FrontRightPaw,
GR_Wolfalope,Vanilla Genetics Expanded,,Bite,5,0.8,6.25,,Teeth,
GR_Wolfalope,Vanilla Genetics Expanded,head,Blunt,3,1.65,1.82,,HeadAttackTool,0.2
GR_Wolfchicken,Vanilla Genetics Expanded,left claw,GR_BloodFrenzy,4,0.8,5.0,,FrontLeftPaw,
GR_Wolfchicken,Vanilla Genetics Expanded,right claw,GR_BloodFrenzy,4,0.8,5.0,,FrontRightPaw,
GR_Wolfchicken,Vanilla Genetics Expanded,,Bite,5,0.8,6.25,,Beak,
GR_Wolfchicken,Vanilla Genetics Expanded,head,Blunt,3,1.65,1.82,,HeadAttackTool,0.2
GR_Wolffalo,Vanilla Genetics Expanded,left claw,Scratch,2,0.8,2.5,,FrontLeftPaw,
GR_Wolffalo,Vanilla Genetics Expanded,right claw,Scratch,2,0.8,2.5,,FrontRightPaw,
GR_Wolffalo,Vanilla Genetics Expanded,head,Blunt,4,0.8,5.0,,HeadAttackTool,
GR_Wolfbeaver,Vanilla Genetics Expanded,left claw,Scratch,5,0.8,6.25,,FrontLeftPaw,
GR_Wolfbeaver,Vanilla Genetics Expanded,right claw,Scratch,5,0.8,6.25,,FrontRightPaw,
GR_Wolfbeaver,Vanilla Genetics Expanded,,Bite,8,1,8.0,,Teeth,
GR_Wolfbeaver,Vanilla Genetics Expanded,head,Blunt,3,1.65,1.82,,HeadAttackTool,0.2
GR_Wolfcat,Vanilla Genetics Expanded,left claw,GR_DoubleSlash,6,0.8,7.5,,FrontLeftPaw,
GR_Wolfcat,Vanilla Genetics Expanded,right claw,GR_DoubleSlash,6,0.8,7.5,,FrontRightPaw,
GR_Wolfcat,Vanilla Genetics Expanded,,Bite,8,0.8,10.0,,Teeth,
GR_Wolfcat,Vanilla Genetics Expanded,head,Blunt,3,1.65,1.82,,HeadAttackTool,0.2
GR_Dogman,Vanilla Genetics Expanded,left claw,Scratch,3,0.8,3.75,,FrontLeftPaw,
GR_Dogman,Vanilla Genetics Expanded,right claw,Scratch,3,0.8,3.75,,FrontRightPaw,
GR_Dogman,Vanilla Genetics Expanded,,Bite,4,0.8,5.0,,Teeth,
GR_Dogman,Vanilla Genetics Expanded,head,Blunt,2,1.65,1.21,,HeadAttackTool,0.2
GR_Thrumbear,Vanilla Genetics Expanded,horn,Scratch;Stab,40,3,13.33,,HornAttackTool,
GR_Thrumbear,Vanilla Genetics Expanded,,Bite,30,3.0,10.0,,Teeth,
GR_Thrumbear,Vanilla Genetics Expanded,left foot,Blunt,28,3,9.33,,FrontLeftLeg,
GR_Thrumbear,Vanilla Genetics Expanded,right foot,Blunt,28,3,9.33,,FrontRightLeg,
GR_Thrumbear,Vanilla Genetics Expanded,head,Blunt,15,3,5.0,,HeadAttackTool,0.2
GR_Thrumbalope,Vanilla Genetics Expanded,horn,Scratch;Stab,30,3,10.0,,HornAttackTool,
GR_Thrumbalope,Vanilla Genetics Expanded,,Bite,24,3.0,8.0,,Teeth,
GR_Thrumbalope,Vanilla Genetics Expanded,left foot,Blunt,25,3,8.33,,FrontLeftLeg,
GR_Thrumbalope,Vanilla Genetics Expanded,right foot,Blunt,25,3,8.33,,FrontRightLeg,
GR_Thrumbalope,Vanilla Genetics Expanded,head,Blunt,20,3,6.67,,HeadAttackTool,0.2
GR_Thrumbochicken,Vanilla Genetics Expanded,horn,Scratch;Stab,29,3,9.67,,HornAttackTool,
GR_Thrumbochicken,Vanilla Genetics Expanded,,Bite,39,3.0,13.0,,Beak,
GR_Thrumbochicken,Vanilla Genetics Expanded,head,Blunt,20,3,6.67,,HeadAttackTool,0.2
GR_Thrumffalo,Vanilla Genetics Expanded,horn,Scratch;Stab,29,3,9.67,,HornAttackTool,
GR_Thrumffalo,Vanilla Genetics Expanded,,Bite,21,3.0,7.0,,Teeth,
GR_Thrumffalo,Vanilla Genetics Expanded,left foot,Blunt,25,3,8.33,,FrontLeftLeg,
GR_Thrumffalo,Vanilla Genetics Expanded,right foot,Blunt,25,3,8.33,,FrontRightLeg,
GR_Thrumffalo,Vanilla Genetics Expanded,head,Blunt,20,3,6.67,,HeadAttackTool,0.2
GR_Thrumwolf,Vanilla Genetics Expanded,horn,Scratch;Stab,54,3,18.0,,HornAttackTool,
GR_Thrumwolf,Vanilla Genetics Expanded,,Bite,42,3,14.0,,Teeth,
GR_Thrumwolf,Vanilla Genetics Expanded,left foot,Blunt,25,3,8.33,,FrontLeftLeg,
GR_Thrumwolf,Vanilla Genetics Expanded,right foot,Blunt,25,3,8.33,,FrontRightLeg,
GR_Thrumwolf,Vanilla Genetics Expanded,head,Blunt,20,3,6.67,,HeadAttackTool,0.2
GR_Thrumbocat,Vanilla Genetics Expanded,horn,Scratch;Stab,45,3,15.0,,HornAttackTool,
GR_Thrumbocat,Vanilla Genetics Expanded,,GR_HairballBite,35,3,11.67,,Teeth,
GR_Thrumbocat,Vanilla Genetics Expanded,left foot,Blunt,20,3,6.67,,FrontLeftLeg,
GR_Thrumbocat,Vanilla Genetics Expanded,right foot,Blunt,20,3,6.67,,FrontRightLeg,
GR_Thrumbocat,Vanilla Genetics Expanded,head,Blunt,20,3,6.67,,HeadAttackTool,0.2
GR_Thrumbospider,Vanilla Genetics Expanded,,Cut,54,3,18.0,,HeadClaw,
GR_Thrumbospider,Vanilla Genetics Expanded,head,Blunt,25,3,8.33,,HeadAttackTool,0.2
GR_Thrumbolizard,Vanilla Genetics Expanded,horn,GR_VeryToxicBite;Stab,40,3,13.33,,HornAttackTool,
GR_Thrumbolizard,Vanilla Genetics Expanded,,GR_VeryToxicBite,30,3.0,10.0,,Teeth,
GR_Thrumbolizard,Vanilla Genetics Expanded,left foot,Blunt,11,3,3.67,,FrontLeftLeg,
GR_Thrumbolizard,Vanilla Genetics Expanded,right foot,Blunt,11,3,3.67,,FrontRightLeg,
GR_Thrumbolizard,Vanilla Genetics Expanded,head,Blunt,11,3,3.67,,HeadAttackTool,0.2
GR_Thrumborat,Vanilla Genetics Expanded,horn,Scratch;Stab,15,3,5.0,,HornAttackTool,
GR_Thrumborat,Vanilla Genetics Expanded,,Bite,24,3,8.0,,Teeth,
GR_Thrumborat,Vanilla Genetics Expanded,left paw,Blunt,26,3,8.67,,FrontLeftLeg,
GR_Thrumborat,Vanilla Genetics Expanded,right paw,Blunt,26,3,8.67,,FrontRightLeg,
GR_Thrumborat,Vanilla Genetics Expanded,head,Blunt,20,3,6.67,,HeadAttackTool,0.2
GR_Thrumhorse,Vanilla Genetics Expanded,horn,Scratch;Stab,30,3,10.0,,HornAttackTool,
GR_Thrumhorse,Vanilla Genetics Expanded,,Bite,24,3.0,8.0,,Teeth,
GR_Thrumhorse,Vanilla Genetics Expanded,left foot,Blunt,25,3,8.33,,FrontLeftLeg,
GR_Thrumhorse,Vanilla Genetics Expanded,right foot,Blunt,25,3,8.33,,FrontRightLeg,
GR_Thrumhorse,Vanilla Genetics Expanded,head,Blunt,20,3,6.67,,HeadAttackTool,0.2
GR_Thrumboman,Vanilla Genetics Expanded,horn,Scratch;Stab,24,3,8.0,,HornAttackTool,
GR_Thrumboman,Vanilla Genetics Expanded,,Bite,24,3.0,8.0,,Teeth,
GR_Thrumboman,Vanilla Genetics Expanded,left foot,Blunt,20,3,6.67,,FrontLeftLeg,
GR_Thrumboman,Vanilla Genetics Expanded,right foot,Blunt,20,3,6.67,,FrontRightLeg,
GR_Thrumboman,Vanilla Genetics Expanded,head,Blunt,20,3,6.67,,HeadAttackTool,0.2
GR_Bearhorse,Vanilla Genetics Expanded,head,Blunt,15,2.9,5.17,,HeadAttackTool,
GR_Bearhorse,Vanilla Genetics Expanded,left hoof,Blunt;Poke,12,2,6.0,,FrontLeftLeg,
GR_Bearhorse,Vanilla Genetics Expanded,right hoof,Blunt;Poke,12,2,6.0,,FrontRightLeg,
GR_Bearhorse,Vanilla Genetics Expanded,,Bite,5,2,2.5,,Teeth,0.5
GR_Boomhorse,Vanilla Genetics Expanded,head,Blunt,10,2.9,3.45,,HeadAttackTool,
GR_Boomhorse,Vanilla Genetics Expanded,left hoof,Blunt;Poke,7,2,3.5,,FrontLeftLeg,
GR_Boomhorse,Vanilla Genetics Expanded,right hoof,Blunt;Poke,7,2,3.5,,FrontRightLeg,
GR_Boomhorse,Vanilla Genetics Expanded,,Bite,5,2,2.5,,Teeth,0.5
GR_Chickenhorse,Vanilla Genetics Expanded,head,Blunt,10,2.9,3.45,,HeadAttackTool,
GR_Chickenhorse,Vanilla Genetics Expanded,left hoof,Blunt;Poke,5,2,2.5,,FrontLeftLeg,
GR_Chickenhorse,Vanilla Genetics Expanded,right hoof,Blunt;Poke,5,2,2.5,,FrontRightLeg,
GR_Chickenhorse,Vanilla Genetics Expanded,,Bite,5,2,2.5,,Teeth,0.5
GR_Cathorse,Vanilla Genetics Expanded,head,Blunt,10,2.9,3.45,,HeadAttackTool,
GR_Cathorse,Vanilla Genetics Expanded,left hoof-paw,Scratch,12,2,6.0,,FrontLeftPaw,
GR_Cathorse,Vanilla Genetics Expanded,right hoof-paw,Scratch,12,2,6.0,,FrontRightPaw,
GR_Cathorse,Vanilla Genetics Expanded,,Bite,15,2,7.5,,Teeth,0.5
GR_Molehorse,Vanilla Genetics Expanded,head,Blunt,7,2.9,2.41,,HeadAttackTool,
GR_Molehorse,Vanilla Genetics Expanded,left hoof,Blunt;Poke,6,2,3.0,,FrontLeftLeg,
GR_Molehorse,Vanilla Genetics Expanded,right hoof,Blunt;Poke,6,2,3.0,,FrontRightLeg,
GR_Molehorse,Vanilla Genetics Expanded,,Bite,5,2,2.5,,Teeth,0.5
GR_Wolfhorse,Vanilla Genetics Expanded,head,Blunt,5,2.9,1.72,,HeadAttackTool,
GR_Wolfhorse,Vanilla Genetics Expanded,left claw,Scratch,7,0.6,11.67,,FrontLeftPaw,
GR_Wolfhorse,Vanilla Genetics Expanded,right claw,Scratch,7,0.6,11.67,,FrontRightPaw,
GR_Wolfhorse,Vanilla Genetics Expanded,,Bite,15,2,7.5,,Teeth,0.5
GR_Muffalohorse,Vanilla Genetics Expanded,head,Blunt,16,2.9,5.52,,HeadAttackTool,
GR_Muffalohorse,Vanilla Genetics Expanded,left hoof,Blunt;Poke,12,2,6.0,,FrontLeftLeg,
GR_Muffalohorse,Vanilla Genetics Expanded,right hoof,Blunt;Poke,12,2,6.0,,FrontRightLeg,
GR_Muffalohorse,Vanilla Genetics Expanded,,Bite,5,2,2.5,,Teeth,0.5
GR_Crocorse,Vanilla Genetics Expanded,head,Blunt,10,2.9,3.45,,HeadAttackTool,
GR_Crocorse,Vanilla Genetics Expanded,left hoof,Blunt;Poke,7,2,3.5,,FrontLeftLeg,
GR_Crocorse,Vanilla Genetics Expanded,right hoof,Blunt;Poke,7,2,3.5,,FrontRightLeg,
GR_Crocorse,Vanilla Genetics Expanded,,GR_VeryToxicBite,15,2,7.5,,Teeth,0.5
GR_Spiderhorse,Vanilla Genetics Expanded,,Cut,20,1.9,10.53,,HeadClaw,
GR_Spiderhorse,Vanilla Genetics Expanded,head,Blunt,5,1.65,3.03,,HeadAttackTool,0.2
GR_Hurseman,Vanilla Genetics Expanded,head,Blunt,10,2.9,3.45,,HeadAttackTool,
GR_Hurseman,Vanilla Genetics Expanded,left hoof,Blunt;Poke,7,2,3.5,,FrontLeftLeg,
GR_Hurseman,Vanilla Genetics Expanded,right hoof,Blunt;Poke,7,2,3.5,,FrontRightLeg,
GR_Hurseman,Vanilla Genetics Expanded,,Bite,5,2,2.5,,Teeth,0.5
GR_Fleshling,Vanilla Genetics Expanded,bite,Bite,1,1,1.0,,Mouth,
GR_AberrantFleshbeast,Vanilla Genetics Expanded,bite,Bite,2,1,2.0,,Mouth,
GR_FleshMonstrosity,Vanilla Genetics Expanded,bite,GR_RabidSlash,25,1,25.0,,Mouth,
GR_FleshGrowth,Vanilla Genetics Expanded,bite,Bite,1,1,1.0,,Mouth,
GR_FleshFlies,Vanilla Genetics Expanded,bite,Bite,1,1,1.0,,Mouth,
GR_Catbear,Vanilla Genetics Expanded,left claw,Scratch,4,1.5,2.67,,FrontLeftPaw,
GR_Catbear,Vanilla Genetics Expanded,right claw,Scratch,4,1.5,2.67,,FrontRightPaw,
GR_Catbear,Vanilla Genetics Expanded,,Bite,10,2,5.0,,Teeth,0.7
GR_Catbear,Vanilla Genetics Expanded,head,Blunt,3,2,1.5,,HeadAttackTool,0.2
GR_Catalope,Vanilla Genetics Expanded,,Bite,5,2,2.5,,Teeth,0.7
GR_Catalope,Vanilla Genetics Expanded,head,Blunt,3,2,1.5,,HeadAttackTool,0.2
GR_Catchicken,Vanilla Genetics Expanded,,GR_GoForTheEyes,11,2.1,5.24,,Beak,
GR_Catchicken,Vanilla Genetics Expanded,head,Blunt,3,2,1.5,,HeadAttackTool,0.2
GR_Catffalo,Vanilla Genetics Expanded,head,Blunt,6,2.6,2.31,,HeadAttackTool,
GR_Catffalo,Vanilla Genetics Expanded,left hoof,Blunt;Poke,5,2,2.5,,FrontLeftLeg,
GR_Catffalo,Vanilla Genetics Expanded,right hoof,Blunt;Poke,5,2,2.5,,FrontRightLeg,
GR_Catffalo,Vanilla Genetics Expanded,,Bite,4,2,2.0,,Teeth,0.5
GR_Catrabbit,Vanilla Genetics Expanded,left claw,Scratch,4,1.5,2.67,,FrontLeftPaw,
GR_Catrabbit,Vanilla Genetics Expanded,right claw,Scratch,4,1.5,2.67,,FrontRightPaw,
GR_Catrabbit,Vanilla Genetics Expanded,,Bite,7,2,3.5,,Teeth,0.7
GR_Catrabbit,Vanilla Genetics Expanded,head,Blunt,3,2,1.5,,HeadAttackTool,0.2
GR_Catwolf,Vanilla Genetics Expanded,left claw,Scratch,4,1.25,3.2,,FrontLeftPaw,
GR_Catwolf,Vanilla Genetics Expanded,right claw,Scratch,4,1.25,3.2,,FrontRightPaw,
GR_Catwolf,Vanilla Genetics Expanded,,Bite,7,1,7.0,,Teeth,0.7
GR_Catwolf,Vanilla Genetics Expanded,head,Blunt,3,2,1.5,,HeadAttackTool,0.2
GR_Catman,Vanilla Genetics Expanded,,Bite,5,2,2.5,,Teeth,0.7
GR_Catman,Vanilla Genetics Expanded,head,Blunt,3,2,1.5,,HeadAttackTool,0.2
GR_Manbear,Vanilla Genetics Expanded,left fist,Blunt,2,1.5,1.33,,LeftHand,
GR_Manbear,Vanilla Genetics Expanded,right fist,Blunt,2,1.5,1.33,,RightHand,
GR_Manbear,Vanilla Genetics Expanded,,Bite,4,2,2.0,,Teeth,0.7
GR_Manbear,Vanilla Genetics Expanded,head,Blunt,2,2,1.0,,HeadAttackTool,0.2
GR_Manalope,Vanilla Genetics Expanded,,Bite,10,1.65,6.06,,Teeth,
GR_Manalope,Vanilla Genetics Expanded,head,Blunt,1,1.65,0.61,,HeadAttackTool,0.2
GR_Manchicken,Vanilla Genetics Expanded,claws,Scratch,6,1.65,3.64,,Feet,
GR_Manchicken,Vanilla Genetics Expanded,,Bite,6,1.65,3.64,,Beak,
GR_Manchicken,Vanilla Genetics Expanded,head,Blunt,1,1.65,0.61,,HeadAttackTool,0.2
GR_Manffalo,Vanilla Genetics Expanded,head,Blunt,10,1.65,6.06,,HeadAttackTool,0.2
GR_Manwolf,Vanilla Genetics Expanded,left claw,Scratch,12,1.5,8.0,,FrontLeftPaw,
GR_Manwolf,Vanilla Genetics Expanded,right claw,Scratch,12,1.5,8.0,,FrontRightPaw,
GR_Manwolf,Vanilla Genetics Expanded,,Bite,12,2.0,6.0,,Teeth,
GR_Manwolf,Vanilla Genetics Expanded,head,Blunt,3,1.65,1.82,,HeadAttackTool,0.2
GR_Mancat,Vanilla Genetics Expanded,,Bite,10,1.65,6.06,,Teeth,
GR_Mancat,Vanilla Genetics Expanded,head,Blunt,1,1.65,0.61,,HeadAttackTool,0.2
GR_Mansquirrel,Vanilla Genetics Expanded,left claw,Scratch,4,2,2.0,,FrontLeftPaw,
GR_Mansquirrel,Vanilla Genetics Expanded,right claw,Scratch,4,2,2.0,,FrontRightPaw,
GR_Mansquirrel,Vanilla Genetics Expanded,,Bite,8,2,4.0,,Teeth,0.7
GR_Mansquirrel,Vanilla Genetics Expanded,head,Blunt,2,2,1.0,,HeadAttackTool,0.2
GR_Bearscarab,Vanilla Genetics Expanded,,Cut,13,1.9,6.84,,HeadClaw,
GR_Bearscarab,Vanilla Genetics Expanded,head,Blunt,5,1.65,3.03,,HeadAttackTool,0.2
GR_Boombeetle,Vanilla Genetics Expanded,,Cut,4,1.5,2.67,,HeadClaw,
GR_Boombeetle,Vanilla Genetics Expanded,head,Blunt,3,1.65,1.82,,HeadAttackTool,0.2
GR_Chickenspider,Vanilla Genetics Expanded,,Cut,8,1.9,4.21,,HeadClaw,
GR_Chickenspider,Vanilla Genetics Expanded,head,Blunt,3,1.65,1.82,,HeadAttackTool,0.2
GR_Muffalopede,Vanilla Genetics Expanded,,Cut,13,1.65,7.88,,HeadClaw,
GR_Muffalopede,Vanilla Genetics Expanded,head,Blunt,3,1.65,1.82,,HeadAttackTool,0.2
GR_Wolfscarab,Vanilla Genetics Expanded,,Cut,8,.8,10.0,,HeadClaw,
GR_Wolfscarab,Vanilla Genetics Expanded,head,Blunt,14,1.95,7.18,,HeadAttackTool,0.2
GR_Spidercat,Vanilla Genetics Expanded,mandibles,Bite,12,2,6.0,,Mouth,
GR_Spidercat,Vanilla Genetics Expanded,head,Blunt,14,1.95,7.18,,HeadAttackTool,0.2
GR_Manscarab,Vanilla Genetics Expanded,mandibles,Bite,8,2,4.0,,Mouth,
GR_Manscarab,Vanilla Genetics Expanded,head,Blunt,6,1.95,3.08,,HeadAttackTool,0.2
GR_Mechabear,Vanilla Genetics Expanded,head,Blunt,15,1.65,9.09,,HeadAttackTool,0.2
GR_Mechalope,Vanilla Genetics Expanded,head,Blunt,10,1.65,6.06,,HeadAttackTool,0.2
GR_Mechachicken,Vanilla Genetics Expanded,head,Blunt,3,1.65,1.82,,HeadAttackTool,0.2
GR_Mechaspider,Vanilla Genetics Expanded,head,Blunt,20,1.65,12.12,,HeadAttackTool,0.2
GR_Mechamuffalo,Vanilla Genetics Expanded,head,Blunt,6,1.65,3.64,,HeadAttackTool,0.2
GR_Mecharat,Vanilla Genetics Expanded,head,Blunt,3,1.65,1.82,,HeadAttackTool,0.2
GR_Mechaturtle,Vanilla Genetics Expanded,head,Blunt,8,1.65,4.85,,HeadAttackTool,0.2
GR_Mechawolf,Vanilla Genetics Expanded,head,Blunt,14,1.65,8.48,,HeadAttackTool,0.2
GR_Mechathrumbo,Vanilla Genetics Expanded,head,Blunt,30,1.65,18.18,,HeadAttackTool,0.2
GR_Mechacat,Vanilla Genetics Expanded,head,Blunt,14,1.65,8.48,,HeadAttackTool,0.2
GR_Mechahorse,Vanilla Genetics Expanded,head,Blunt,15,2.9,5.17,,HeadAttackTool,
GR_Mechahorse,Vanilla Genetics Expanded,left hoof,Blunt;Poke,11,2,5.5,,FrontLeftLeg,
GR_Mechahorse,Vanilla Genetics Expanded,right hoof,Blunt;Poke,11,2,5.5,,FrontRightLeg,
GR_Mechahorse,Vanilla Genetics Expanded,,Bite,5,2,2.5,,Teeth,0.5
GR_Mechamime,Vanilla Genetics Expanded,left fist,Scratch,12,2,6.0,,LeftHand,
GR_Mechamime,Vanilla Genetics Expanded,right fist,Scratch,12,2,6.0,,RightHand,
GR_Mechamime,Vanilla Genetics Expanded,teeth,Bite,8.2,2,4.1,,Teeth,0.07
GR_Mechamime,Vanilla Genetics Expanded,head,Blunt,5,2,2.5,,HeadAttackTool,0.2
GR_Muffalobear,Vanilla Genetics Expanded,head,Blunt,15,1.65,9.09,,HeadAttackTool,
GR_Muffalope,Vanilla Genetics Expanded,head,Blunt,10,1.65,6.06,,HeadAttackTool,
GR_Muffalochicken,Vanilla Genetics Expanded,head,Blunt,8,1.65,4.85,,HeadAttackTool,0.2
GR_Muffalochicken,Vanilla Genetics Expanded,beak,Bite,8,1.65,4.85,,Beak,
GR_Muffalowolf,Vanilla Genetics Expanded,head,Blunt,10,1.35,7.41,,HeadAttackTool,
GR_Muffalocat,Vanilla Genetics Expanded,head,Blunt,10,2.6,3.85,,HeadAttackTool,
GR_Muffalocat,Vanilla Genetics Expanded,left hoof,Blunt;Poke,8,2,4.0,,FrontLeftLeg,
GR_Muffalocat,Vanilla Genetics Expanded,right hoof,Blunt;Poke,8,2,4.0,,FrontRightLeg,
GR_Muffalocat,Vanilla Genetics Expanded,,Bite,10,2,5.0,,Teeth,0.5
GR_Muffalorat,Vanilla Genetics Expanded,head,Blunt,8,1.35,5.93,,HeadAttackTool,
GR_Muffaloman,Vanilla Genetics Expanded,head,Blunt,10,1.65,6.06,,HeadAttackTool,
GR_ParagonBear,Vanilla Genetics Expanded,left claw,Scratch,25,2.0,12.5,,FrontLeftPaw,
GR_ParagonBear,Vanilla Genetics Expanded,right claw,Scratch,25,2.0,12.5,,FrontRightPaw,
GR_ParagonBear,Vanilla Genetics Expanded,,Bite,18,1.65,10.91,,Teeth,
GR_ParagonBear,Vanilla Genetics Expanded,head,Blunt,8,1.65,4.85,,HeadAttackTool,0.2
GR_ParagonBoomalope,Vanilla Genetics Expanded,head,Blunt,12,1.65,7.27,,HeadAttackTool,0.2
GR_ParagonChicken,Vanilla Genetics Expanded,claws,Scratch,4,1.65,2.42,,Feet,
GR_ParagonChicken,Vanilla Genetics Expanded,,Bite,6,1.65,3.64,,Beak,
GR_ParagonChicken,Vanilla Genetics Expanded,head,Blunt,3,1.65,1.82,,HeadAttackTool,0.2
GR_ParagonMuffalo,Vanilla Genetics Expanded,head,Blunt,14,1.65,8.48,,HeadAttackTool,0.2
GR_ParagonWolf,Vanilla Genetics Expanded,left claw,Scratch,11,1.65,6.67,,FrontLeftPaw,
GR_ParagonWolf,Vanilla Genetics Expanded,right claw,Scratch,11,1.65,6.67,,FrontRightPaw,
GR_ParagonWolf,Vanilla Genetics Expanded,,Bite,13,2.1,6.19,,Teeth,
GR_ParagonWolf,Vanilla Genetics Expanded,head,Blunt,6,1.65,3.64,,HeadAttackTool,0.2
GR_ParagonRat,Vanilla Genetics Expanded,left claw,GR_PlagueBite,4,1.65,2.42,,FrontLeftPaw,
GR_ParagonRat,Vanilla Genetics Expanded,right claw,GR_PlagueBite,4,1.65,2.42,,FrontRightPaw,
GR_ParagonRat,Vanilla Genetics Expanded,,GR_PlagueBite,5,1.65,3.03,,Teeth,
GR_ParagonRat,Vanilla Genetics Expanded,head,Blunt,1,1.65,0.61,,HeadAttackTool,0.2
GR_ParagonIguana,Vanilla Genetics Expanded,left claw,GR_VeryToxicBite,10,1.65,6.06,,FrontLeftClaws,
GR_ParagonIguana,Vanilla Genetics Expanded,right claw,GR_VeryToxicBite,10,1.65,6.06,,FrontRightClaws,
GR_ParagonIguana,Vanilla Genetics Expanded,,GR_VeryToxicBite,8,1.65,4.85,,Teeth,
GR_ParagonIguana,Vanilla Genetics Expanded,head,Blunt,3,1.65,1.82,,HeadAttackTool,0.2
GR_ParagonHorse,Vanilla Genetics Expanded,head,Blunt,15,2.9,5.17,,HeadAttackTool,
GR_ParagonHorse,Vanilla Genetics Expanded,left hoof,Blunt;Poke,11,2,5.5,,FrontLeftLeg,
GR_ParagonHorse,Vanilla Genetics Expanded,right hoof,Blunt;Poke,11,2,5.5,,FrontRightLeg,
GR_ParagonHorse,Vanilla Genetics Expanded,,Bite,5,2,2.5,,Teeth,0.5
GR_ParagonThrumbo,Vanilla Genetics Expanded,horn,Scratch;Stab,35,3,11.67,,HornAttackTool,
GR_ParagonThrumbo,Vanilla Genetics Expanded,,Bite,36,3,12.0,,Teeth,0.7
GR_ParagonThrumbo,Vanilla Genetics Expanded,left foot,Blunt,27,3,9.0,,FrontLeftLeg,
GR_ParagonThrumbo,Vanilla Genetics Expanded,right foot,Blunt,27,3,9.0,,FrontRightLeg,
GR_ParagonThrumbo,Vanilla Genetics Expanded,head,Blunt,26,3,8.67,,HeadAttackTool,0.2
GR_ParagonHumanoid,Vanilla Genetics Expanded,left fist,Blunt,20,2,10.0,,LeftHand,
GR_ParagonHumanoid,Vanilla Genetics Expanded,right fist,Blunt,20,2,10.0,,RightHand,
GR_ParagonHumanoid,Vanilla Genetics Expanded,,Bite,8,2.5,3.2,,Teeth,0.7
GR_ParagonHumanoid,Vanilla Genetics Expanded,head,Blunt,5,2,2.5,,HeadAttackTool,0.2
GR_ParagonFeline,Vanilla Genetics Expanded,left claw,Scratch,15,1.5,10.0,,FrontLeftPaw,
GR_ParagonFeline,Vanilla Genetics Expanded,right claw,Scratch,15,1.5,10.0,,FrontRightPaw,
GR_ParagonFeline,Vanilla Genetics Expanded,,Bite,19,2,9.5,,Teeth,0.7
GR_ParagonFeline,Vanilla Genetics Expanded,head,Blunt,9,2,4.5,,HeadAttackTool,0.2
GR_ParagonInsectoid,Vanilla Genetics Expanded,,Cut,15,1.9,7.89,,HeadClaw,
GR_ParagonInsectoid,Vanilla Genetics Expanded,head,Blunt,5,1.65,3.03,,HeadAttackTool,0.2
GR_Bearodile,Vanilla Genetics Expanded,left claw,GR_VeryToxicBite,13,2.0,6.5,,FrontLeftPaw,
GR_Bearodile,Vanilla Genetics Expanded,right claw,GR_VeryToxicBite,13,2.0,6.5,,FrontRightPaw,0.2
GR_Bearodile,Vanilla Genetics Expanded,,GR_VeryToxicBite,12,1.65,7.27,,Teeth,0.3
GR_Bearodile,Vanilla Genetics Expanded,head,Blunt,6,1.65,3.64,,HeadAttackTool,0.2
GR_Boomsnake,Vanilla Genetics Expanded,,GR_VeryToxicBite,10,1.65,6.06,,Mouth,
GR_Boomsnake,Vanilla Genetics Expanded,head,Blunt,1,1.65,0.61,,HeadAttackTool,0.2
GR_Chickenlizard,Vanilla Genetics Expanded,claws,Scratch,4,1.65,2.42,,Feet,
GR_Chickenlizard,Vanilla Genetics Expanded,,GR_LightToxicBite,4,1.65,2.42,,Beak,
GR_Chickenlizard,Vanilla Genetics Expanded,head,GR_LightToxicBite,1,1.65,0.61,,HeadAttackTool,0.2
GR_Muffalokomodo,Vanilla Genetics Expanded,,GR_VeryToxicBite,13,1.65,7.88,,Teeth,
GR_Spidersnake,Vanilla Genetics Expanded,,GR_VeryToxicBite,13,1.9,6.84,,Mouth,
GR_Spidersnake,Vanilla Genetics Expanded,head,GR_VeryToxicBite,4,1.65,2.42,,HeadAttackTool,0.2
GR_Wolfsnake,Vanilla Genetics Expanded,left claw,GR_VeryToxicBite,10,1.5,6.67,,FrontLeftPaw,
GR_Wolfsnake,Vanilla Genetics Expanded,right claw,GR_VeryToxicBite,10,1.5,6.67,,FrontRightPaw,
GR_Wolfsnake,Vanilla Genetics Expanded,,GR_VeryToxicBite,12,2.0,6.0,,Teeth,
GR_Wolfsnake,Vanilla Genetics Expanded,head,Blunt,3,1.65,1.82,,HeadAttackTool,0.2
GR_Snakecat,Vanilla Genetics Expanded,,GR_VeryToxicBite,16,1.65,9.7,,Teeth,
GR_Snakecat,Vanilla Genetics Expanded,head,Blunt,1,1.65,0.61,,HeadAttackTool,0.2
GR_Lizardman,Vanilla Genetics Expanded,,GR_VeryToxicBite,9,1.65,5.45,,Teeth,
GR_Lizardman,Vanilla Genetics Expanded,head,Blunt,1,1.65,0.61,,HeadAttackTool,0.2
GR_Molebear,Vanilla Genetics Expanded,left claw,Scratch,6,1.65,3.64,,FrontLeftPaw,
GR_Molebear,Vanilla Genetics Expanded,right claw,Scratch,6,1.65,3.64,,FrontRightPaw,
GR_Molebear,Vanilla Genetics Expanded,,Bite,12,2.1,5.71,,Teeth,
GR_Molebear,Vanilla Genetics Expanded,head,Blunt,3,1.65,1.82,,HeadAttackTool,0.2
GR_Squirralope,Vanilla Genetics Expanded,left claw,Scratch,5,1.85,2.7,,FrontLeftPaw,
GR_Squirralope,Vanilla Genetics Expanded,right claw,Scratch,5,1.85,2.7,,FrontRightPaw,
GR_Squirralope,Vanilla Genetics Expanded,,Bite,5,2.0,2.5,,Teeth,
GR_Squirralope,Vanilla Genetics Expanded,head,Blunt,1,1.65,0.61,,HeadAttackTool,0.2
GR_Rabbitchicken,Vanilla Genetics Expanded,,GR_DevastatingBite,9,4,2.25,,Teeth,
GR_Rabbitchicken,Vanilla Genetics Expanded,head,Blunt,1.5,2,0.75,,HeadAttackTool,0.2
GR_Ratffalo,Vanilla Genetics Expanded,,GR_PlagueBite,5,1.65,3.03,,Teeth,
GR_Ratffalo,Vanilla Genetics Expanded,head,Blunt,17,1.35,12.59,,HeadAttackTool,
GR_Beaverwolf,Vanilla Genetics Expanded,left claw,Scratch,5,1.65,3.03,,FrontLeftPaw,
GR_Beaverwolf,Vanilla Genetics Expanded,right claw,Scratch,5,1.65,3.03,,FrontRightPaw,
GR_Beaverwolf,Vanilla Genetics Expanded,,Bite,10,2.1,4.76,,Teeth,
GR_Beaverwolf,Vanilla Genetics Expanded,head,Blunt,3,1.65,1.82,,HeadAttackTool,0.2
GR_Rabbitcat,Vanilla Genetics Expanded,left claw,Scratch,8,1.35,5.93,,FrontLeftPaw,
GR_Rabbitcat,Vanilla Genetics Expanded,right claw,Scratch,8,1.35,5.93,,FrontRightPaw,
GR_Rabbitcat,Vanilla Genetics Expanded,,Bite,12,1.6,7.5,,Teeth,
GR_Moleman,Vanilla Genetics Expanded,left claw,Scratch,6,1.65,3.64,,FrontLeftPaw,
GR_Moleman,Vanilla Genetics Expanded,right claw,Scratch,6,1.65,3.64,,FrontRightPaw,
GR_Moleman,Vanilla Genetics Expanded,,Bite,5,2.1,2.38,,Teeth,
GR_Moleman,Vanilla Genetics Expanded,head,Blunt,3,1.65,1.82,,HeadAttackTool,0.2
GR_Bearalope,Vanilla Genetics Expanded,left claw,Scratch,13,2.0,6.5,,FrontLeftPaw,
GR_Bearalope,Vanilla Genetics Expanded,right claw,Scratch,13,2.0,6.5,,FrontRightPaw,
GR_Bearalope,Vanilla Genetics Expanded,,Bite,13,1.65,7.88,,Teeth,
GR_Bearalope,Vanilla Genetics Expanded,head,Blunt,6,1.65,3.64,,HeadAttackTool,0.2
GR_Bearchicken,Vanilla Genetics Expanded,left claw,Scratch,13,2.0,6.5,,FrontLeftPaw,
GR_Bearchicken,Vanilla Genetics Expanded,right claw,Scratch,13,2.0,6.5,,FrontRightPaw,
GR_Bearchicken,Vanilla Genetics Expanded,,Bite,13,1.65,7.88,,Beak,
GR_Bearchicken,Vanilla Genetics Expanded,head,Blunt,6,1.65,3.64,,HeadAttackTool,0.2
GR_Bearffalo,Vanilla Genetics Expanded,left claw,Scratch,14,2.0,7.0,,FrontLeftPaw,
GR_Bearffalo,Vanilla Genetics Expanded,right claw,Scratch,14,2.0,7.0,,FrontRightPaw,
GR_Bearffalo,Vanilla Genetics Expanded,,Bite,13,1.65,7.88,,Teeth,
GR_Bearffalo,Vanilla Genetics Expanded,head,Blunt,6,1.65,3.64,,HeadAttackTool,0.2
GR_Bearwolf,Vanilla Genetics Expanded,left claw,Scratch,15,1.5,10.0,,FrontLeftPaw,
GR_Bearwolf,Vanilla Genetics Expanded,right claw,Scratch,15,1.5,10.0,,FrontRightPaw,
GR_Bearwolf,Vanilla Genetics Expanded,,Bite,15,1.65,9.09,,Teeth,
GR_Bearwolf,Vanilla Genetics Expanded,head,Blunt,8,1.65,4.85,,HeadAttackTool,0.2
GR_Bearmole,Vanilla Genetics Expanded,left claw,Scratch,13,1.65,7.88,,FrontLeftPaw,
GR_Bearmole,Vanilla Genetics Expanded,right claw,Scratch,13,1.65,7.88,,FrontRightPaw,
GR_Bearmole,Vanilla Genetics Expanded,,Bite,20,2.1,9.52,,Teeth,
GR_Bearmole,Vanilla Genetics Expanded,head,Blunt,3,1.65,1.82,,HeadAttackTool,0.2
GR_Bearcat,Vanilla Genetics Expanded,left claw,Scratch,15,1.5,10.0,,FrontLeftPaw,
GR_Bearcat,Vanilla Genetics Expanded,right claw,Scratch,15,1.5,10.0,,FrontRightPaw,
GR_Bearcat,Vanilla Genetics Expanded,,Bite,16,2,8.0,,Teeth,0.7
GR_Bearcat,Vanilla Genetics Expanded,head,Blunt,9,2,4.5,,HeadAttackTool,0.2
GR_Bearman,Vanilla Genetics Expanded,left claw,Scratch,4,1.0,4.0,,FrontLeftPaw,
GR_Bearman,Vanilla Genetics Expanded,right claw,Scratch,4,1.0,4.0,,FrontRightPaw,
GR_Bearman,Vanilla Genetics Expanded,,Bite,13,1.65,7.88,,Teeth,
GR_Bearman,Vanilla Genetics Expanded,head,Blunt,6,1.65,3.64,,HeadAttackTool,0.2
GR_BearBug,Vanilla Genetics Expanded,mandibles,AA_ParalysingBite,15,2,7.5,,Mouth,
GR_BearBug,Vanilla Genetics Expanded,head,Blunt,6,2,3.0,,HeadAttackTool,0.1
GR_Boomalisk,Vanilla Genetics Expanded,left first leg,Scratch,6,1.5,4.0,,LegAttackTool,
GR_Boomalisk,Vanilla Genetics Expanded,right first leg,Scratch,6,1.5,4.0,,LegAttackTool,
GR_Boomalisk,Vanilla Genetics Expanded,,AA_ToxicSting,10,1.65,6.06,,Mouth,
GR_Boomalisk,Vanilla Genetics Expanded,head,Blunt,10,1.65,6.06,,HeadAttackTool,0.2
GR_Needlechicken,Vanilla Genetics Expanded,stings,AA_ToxicSting,6,1.35,4.44,,,
GR_Needlechicken,Vanilla Genetics Expanded,,Bite,3,1.35,2.22,,AA_Mouth,
GR_Needlechicken,Vanilla Genetics Expanded,head,Blunt,4,2,2.0,,HeadAttackTool,0.1
GR_Beetlefleet,Vanilla Genetics Expanded,,Bite,7,2.5,2.8,,Teeth,
GR_Beetlefleet,Vanilla Genetics Expanded,tentacles,Blunt,12,1.65,7.27,,Arms,
GR_Groundffalo,Vanilla Genetics Expanded,left claw,Scratch,13,2.0,6.5,,FrontLeftPaw,
GR_Groundffalo,Vanilla Genetics Expanded,right claw,Scratch,13,2.0,6.5,,FrontRightPaw,
GR_Groundffalo,Vanilla Genetics Expanded,horns,Scratch;Stab,15,2.2,6.82,,HornAttackTool,
GR_Groundffalo,Vanilla Genetics Expanded,head,Blunt,15,2.2,6.82,,HeadAttackTool,0.2
GR_MeadowLizard,Vanilla Genetics Expanded,claws,Scratch,12,1.55,7.74,,Feet,
GR_MeadowLizard,Vanilla Genetics Expanded,,AA_ToxicSting,8,1.85,4.32,,Beak,
GR_MeadowLizard,Vanilla Genetics Expanded,head,Blunt,3,1.65,1.82,,HeadAttackTool,0.2
GR_AnimusHare,Vanilla Genetics Expanded,left claw,Scratch,4,2,2.0,,FrontLeftPaw,
GR_AnimusHare,Vanilla Genetics Expanded,right claw,Scratch,4,2,2.0,,FrontRightPaw,
GR_AnimusHare,Vanilla Genetics Expanded,,Bite,2,2,1.0,,Teeth,0.9
GR_AnimusHare,Vanilla Genetics Expanded,head,Blunt,1,2,0.5,,HeadAttackTool,0.2
GR_Nighthrumbo,Vanilla Genetics Expanded,horn,Scratch;Stab,54,3,18.0,,HornAttackTool,
GR_Nighthrumbo,Vanilla Genetics Expanded,left claw,Scratch,30,3,10.0,,FrontLeftPaw,
GR_Nighthrumbo,Vanilla Genetics Expanded,right claw,Scratch,30,3,10.0,,FrontRightPaw,
GR_Nighthrumbo,Vanilla Genetics Expanded,,ToxicBite,30,3,10.0,,Teeth,
GR_Nighthrumbo,Vanilla Genetics Expanded,head,Blunt,5,3,1.67,,HeadAttackTool,0.2
GR_WolfShrimp,Vanilla Genetics Expanded,head,Blunt,6,1.65,3.64,,HeadAttackTool,0.1
GR_WolfShrimp,Vanilla Genetics Expanded,,Bite,18,2,9.0,,AA_Mouth,
GR_WolfShrimp,Vanilla Genetics Expanded,left blade,AA_Pierce,13,1.55,8.39,,AA_BladeAttackTool,
GR_WolfShrimp,Vanilla Genetics Expanded,right blade,AA_Pierce,13,1.55,8.39,,AA_BladeAttackTool,
GR_Elasmobearium,Vanilla Genetics Expanded,left claw,Scratch,17,2,8.5,,FrontLeftPaw,
GR_Elasmobearium,Vanilla Genetics Expanded,right claw,Scratch,17,2,8.5,,FrontRightPaw,
GR_Elasmobearium,Vanilla Genetics Expanded,,Bite,23.6,2.6,9.08,,Teeth,0.5
GR_Elasmobearium,Vanilla Genetics Expanded,horn,Scratch;Stab,20,1.7,11.76,,HornAttackTool,
GR_Boomnotherium,Vanilla Genetics Expanded,tusk,Scratch;Stab,32,2.3,13.91,,TuskAttackTool,
GR_Boomnotherium,Vanilla Genetics Expanded,left foot,Blunt,16,1.75,9.14,,FrontLeftLeg,
GR_Boomnotherium,Vanilla Genetics Expanded,right foot,Blunt,16,1.75,9.14,,FrontRightLeg,
GR_Boomnotherium,Vanilla Genetics Expanded,head,Blunt,13,1.65,7.88,,HeadAttackTool,0.01
GR_Chickenlodon,Vanilla Genetics Expanded,left claw,Scratch,16,1.35,11.85,,FrontLeftPaw,
GR_Chickenlodon,Vanilla Genetics Expanded,right claw,Scratch,16,1.35,11.85,,FrontRightPaw,
GR_Chickenlodon,Vanilla Genetics Expanded,,Scratch;Stab,21,1.6,13.12,,Beak,
GR_Mantistanis,Vanilla Genetics Expanded,claws,Scratch,12,1.2,10.0,,Feet,
GR_Mantistanis,Vanilla Genetics Expanded,mantis blades,Cut,10,1.2,8.33,,LeftBlade,
GR_Mantistanis,Vanilla Genetics Expanded,mantis blades,Cut,10,1.2,8.33,,RightBlade,
GR_Mantistanis,Vanilla Genetics Expanded,,Bite,15,1.4,10.71,,Beak,
GR_Paraceramuffalo,Vanilla Genetics Expanded,left hoof,Blunt,17,1.75,9.71,,FrontLeftLeg,
GR_Paraceramuffalo,Vanilla Genetics Expanded,right hoof,Blunt,17,1.75,9.71,,FrontRightLeg,
GR_Paraceramuffalo,Vanilla Genetics Expanded,,Bite,12,1.5,8.0,,Teeth,
GR_Lizardochs,Vanilla Genetics Expanded,left hoof,Blunt,10,1.65,6.06,,FrontLeftLeg,
GR_Lizardochs,Vanilla Genetics Expanded,right hoof,Blunt,10,1.65,6.06,,FrontRightLeg,
GR_Lizardochs,Vanilla Genetics Expanded,horn,GR_VeryToxicBite,18,1.35,13.33,,HornAttackTool,0.45
GR_Lizardochs,Vanilla Genetics Expanded,head,Blunt,15,1.65,9.09,,HeadAttackTool,0.25
GR_Doedicoon,Vanilla Genetics Expanded,tail,Blunt,7,3,2.33,,TailWeapon,0.25
GR_Doedicoon,Vanilla Genetics Expanded,left claw,Scratch,3,1.75,1.71,,FrontLeftPaw,
GR_Doedicoon,Vanilla Genetics Expanded,right claw,Scratch,3,1.75,1.71,,FrontRightPaw,
GR_Doedicoon,Vanilla Genetics Expanded,,Bite,4,1.8,2.22,,Teeth,
GR_Thrumdraeodon,Vanilla Genetics Expanded,horn,Scratch;Stab,45,3,15.0,,HornAttackTool,
GR_Thrumdraeodon,Vanilla Genetics Expanded,left hoof,Blunt,28,3,9.33,,FrontLeftLeg,
GR_Thrumdraeodon,Vanilla Genetics Expanded,right hoof,Blunt,28,3,9.33,,FrontRightLeg,
GR_Thrumdraeodon,Vanilla Genetics Expanded,,Bite,38,3,12.67,,Teeth,
GR_WoolyWolf,Vanilla Genetics Expanded,left claw,Scratch,9,1.65,5.45,,FrontLeftPaw,
GR_WoolyWolf,Vanilla Genetics Expanded,right claw,Scratch,9,1.65,5.45,,FrontRightPaw,
GR_WoolyWolf,Vanilla Genetics Expanded,,Bite,11,2.1,5.24,,Teeth,
GR_WoolyWolf,Vanilla Genetics Expanded,tusk,Scratch;Stab,16,2.2,7.27,,TuskAttackTool,
BS_GluttonRace,Big and Small - Genes & More,left fist,Blunt,8.2,2,4.1,,LeftHand,
BS_GluttonRace,Big and Small - Genes & More,right fist,Blunt,8.2,2,4.1,,RightHand,
BS_GluttonRace,Big and Small - Genes & More,teeth,Bite,8.2,2,4.1,,Teeth,0.07
BS_GluttonRace,Big and Small - Genes & More,head,Blunt,5,2,2.5,,HeadAttackTool,0.2
BS_InsectoidHumanoid_FourArmed,Big and Small - Genes & More,left fist,Blunt,8.2,2,4.1,,LeftHand,
BS_InsectoidHumanoid_FourArmed,Big and Small - Genes & More,right fist,Blunt,8.2,2,4.1,,RightHand,
BS_InsectoidHumanoid_FourArmed,Big and Small - Genes & More,teeth,Bite,8.2,2,4.1,,Teeth,0.07
BS_InsectoidHumanoid_FourArmed,Big and Small - Genes & More,head,Blunt,5,2,2.5,,HeadAttackTool,0.2
OuterRim_MuckrakerDroid,Outer Rim - Droid Depot,head,Blunt,6,2.6,2.31,,HeadAttackTool,
OuterRim_DestroyerDroid,Outer Rim - Droid Depot,head,Blunt,6,2.6,2.31,,HeadAttackTool,
OuterRim_DUMDroid,Outer Rim - Droid Depot,head,Blunt,6,2.6,2.31,,HeadAttackTool,
OuterRim_FX7Droid,Outer Rim - Droid Depot,head,Blunt,6,2.6,2.31,,HeadAttackTool,
OuterRim_GNKDroid,Outer Rim - Droid Depot,head,Blunt,6,2.6,2.31,,HeadAttackTool,
OuterRim_MSEDroid,Outer Rim - Droid Depot,head,Blunt,6,2.6,2.31,,HeadAttackTool,
OuterRim_SalvageAssistDroid,Outer Rim - Droid Depot,head,Blunt,6,2.6,2.31,,HeadAttackTool,
,Outer Rim - Droid Depot,head,Blunt,6,2.6,2.31,,HeadAttackTool,
OuterRim_AstromechDroid,Outer Rim - Droid Depot,head,Blunt,6,2.6,2.31,,HeadAttackTool,
SWPotF_RaceDef_ysalamir,Star Wars KotOR Resources and Materials,left claw,Scratch,8,2,4.0,,FrontLeftClaws,
SWPotF_RaceDef_ysalamir,Star Wars KotOR Resources and Materials,right claw,Scratch,8,2,4.0,,FrontRightClaws,
SWPotF_RaceDef_ysalamir,Star Wars KotOR Resources and Materials,,Bite,10,2.6,3.85,,Teeth,0.7
SWPotF_RaceDef_ysalamir,Star Wars KotOR Resources and Materials,head,Blunt,5,2,2.5,,HeadAttackTool,0.2
