tile,mutators
0,VEE_MineralDevoid;VEE_DeepOreDevoid
3,Mountain
6,Dunes
10,Oasis
18,Caves
20,Cliffs
24,VEE_MineralDevoid;VEE_DeepOreDevoid
25,Mountain;Oasis
29,Dunes
31,VEE_SaltPlains
35,VEE_MineralDevoid;VEE_DeepOreDevoid
36,Coast
37,VEE_FleshPits;VEE_FleshPits
41,Caves
44,VEE_MineralDevoid;VEE_DeepOreDevoid
51,VEE_MineralDevoid;VEE_DeepOreDevoid
52,Caves
53,Caves
54,Caves
55,Caves
64,Dunes
69,AB_AmbientRadiation;AB_DerelictClusters;AncientHeatVent;AncientRuins;AncientWarehouse;Junkyard;VEE_SulfuricLake;VEE_ToxicVents
70,VEE_MineralDevoid;VEE_DeepOreDevoid;Dunes
71,Dunes
83,Oasis
84,Cavern
85,Mountain;River
88,Caves
92,VEE_MineralDevoid;VEE_DeepOreDevoid
96,VEE_MineralDevoid;VEE_DeepOreDevoid
104,Dunes
105,VEE_MineralDevoid;VEE_DeepOreDevoid;VEE_DustBowl;VEE_PlantLife_Decimated;VEE_Fertility_Reduced;VEE_DustStorms
107,Mountain
110,VEE_SaltPlains
112,Caves
116,VEE_MeteorCrater
117,Caves;AncientRuins;AncientRuins
123,Dunes
124,VEE_MineralDevoid;VEE_DeepOreDevoid;Dunes
125,Dunes
126,Mountain
128,Mountain
130,Dunes
131,VEE_MineralDevoid;VEE_DeepOreDevoid;Dunes
132,Mountain
134,Mountain
136,Dunes
142,Mountain;Oasis
143,Mountain
144,Mountain;Oasis
147,Caves
151,Mountain
152,Caves
161,Caves
170,VEE_MineralDevoid;VEE_DeepOreDevoid;Dunes
171,Coast
175,Marshy;VEE_IncreasedInfestations;AB_FeraliskNest;VEE_RottenStench
177,VEE_SaltPlains
182,Mountain;Caves;MineralRich;VEE_DeepOreRich
190,Caves
199,Caves
201,MineralRich
208,Dunes
217,VEE_MineralDevoid;VEE_DeepOreDevoid
224,VEE_MineralDevoid;VEE_DeepOreDevoid
229,VEE_MineralDevoid;VEE_DeepOreDevoid
233,Dunes
236,DryGround
239,CoastalIsland
241,VEE_MineralDevoid;VEE_DeepOreDevoid
250,Caves
254,Dunes
255,Dunes
256,River
259,Mountain
260,VEE_MineralDevoid;VEE_DeepOreDevoid;VEE_PebbleDunes;VEE_PebbleDunes
262,AB_AmbientRadiation;AncientHeatVent;AncientRuins;Junkyard
263,VEE_RedDesert;VEE_RedDesertPlants;VEE_Sandstorms
265,Mountain;MineralRich
267,Caves
269,Coast
275,VEE_MineralDevoid;VEE_DeepOreDevoid
290,Cliffs
291,VEE_SaltPlains
293,Caves
296,Caves
299,Mountain
300,Caves
302,Dunes
303,Dunes
304,VEE_MineralDevoid;VEE_DeepOreDevoid;Dunes
306,Dunes
310,Dunes
311,VEE_MineralDevoid;VEE_DeepOreDevoid;Dunes
313,Mountain;MineralRich;VEE_DeepOreRich
315,Mountain;MineralRich
322,Mountain
323,Mountain
324,Mountain
338,Caves
339,Caves
345,VEE_MineralDevoid;VEE_DeepOreDevoid
351,Mountain
354,Marshy;VEE_IncreasedInfestations;AB_FeraliskNest;VEE_RottenStench;River
355,Dunes
359,CoastalIsland
360,CoastalIsland
361,CoastalIsland
363,Caves
370,Mountain;Caves
371,Caves
373,Caves
375,VEE_MineralDevoid;VEE_DeepOreDevoid
385,Mountain;MineralRich
386,VEE_MineralDevoid;VEE_DeepOreDevoid;Dunes
390,Dunes;Dunes
404,VEE_MineralDevoid;VEE_DeepOreDevoid
411,VEE_MineralDevoid;VEE_DeepOreDevoid
415,VEE_SaltPlains
416,Mountain
417,DryGround
420,DryGround
423,Caves
434,Dunes
440,Mountain
442,AB_AmbientRadiation;AB_DerelictClusters;VEE_SulfuricLake
443,AncientHeatVent;AncientRuins;VEE_SulfuricLake;VEE_ToxicVents
445,Dunes
446,VEE_MineralDevoid;VEE_DeepOreDevoid;VEE_GravelBeach
450,VEE_SaltPlains
451,VEE_SaltPlains
454,Mountain
456,VEE_SaltPlains
457,AB_TarLakes
461,Caves
464,VEE_MineralDevoid;VEE_DeepOreDevoid
469,VEE_FleshPits;VEE_FleshPits
470,VEE_MineralDevoid;VEE_DeepOreDevoid
474,VEE_MineralDevoid;VEE_DeepOreDevoid
476,AB_TarLakes
478,Dunes
479,VEE_MineralDevoid;VEE_DeepOreDevoid;Dunes
492,VEE_MineralDevoid;VEE_DeepOreDevoid;Dunes;Dunes
495,Mountain
499,VEE_SerpentineCanyons;Caves;MineralRich;VEE_DeepOreRich
508,Caves
511,Caves
519,VEE_DustBowl;VEE_PlantLife_Decimated;VEE_Fertility_Reduced;VEE_DustStorms
522,VEE_MineralDevoid;VEE_DeepOreDevoid
526,VEE_MineralDevoid;VEE_DeepOreDevoid
527,Dunes
528,Dunes
529,VEE_MineralDevoid;VEE_DeepOreDevoid;Dunes
530,Caves
542,VEE_MineralDevoid;VEE_DeepOreDevoid
546,Cliffs
547,Mountain
550,VEE_MineralDevoid;VEE_DeepOreDevoid
555,VEE_MineralDevoid;VEE_DeepOreDevoid
557,AncientChemfuelRefinery
562,VEE_MineralDevoid;VEE_DeepOreDevoid
566,VEE_SaltPlains
567,DryGround
570,VEE_MineralDevoid;VEE_DeepOreDevoid
572,Caves
575,Cliffs;Caves
576,Caves
577,Caves
578,Caves
579,Caves
581,Mountain
582,Caves
583,Mountain
591,Caves
594,Caves
599,Caves
601,Caves
603,Caves
609,AncientRuins;AncientRuins
618,AncientRuins_Frozen;AncientRuins_Frozen
623,Caves
627,MineralRich
629,Caves
632,Oasis
633,Mountain
634,Mountain;HotSprings
635,Cliffs;River
639,VEE_QuicksandDunes;VEE_QuicksandDunes
642,VEE_MineralDevoid;VEE_DeepOreDevoid
643,Dunes
644,Dunes
646,VEE_MineralDevoid;VEE_DeepOreDevoid;Dunes
648,Dunes
649,Dunes
650,VEE_SaltPlains;MineralRich
651,VEE_MineralDevoid;VEE_DeepOreDevoid;Dunes
657,MineralRich
658,MineralRich
661,MineralRich;VEE_DeepOreRich
662,VEE_MineralDevoid;VEE_DeepOreDevoid;Dunes
674,VEE_RottenStench;VEE_SulfuricLake;PlantLife_Increased;VEE_RottenStench
675,River
676,AB_DerelictClusters;AncientHeatVent;VEE_SulfuricLake
677,AB_DerelictClusters;AncientGarrison;AncientHeatVent;VEE_SulfuricLake
678,AncientGarrison;AB_AmbientRadiation;AB_DerelictClusters;AncientHeatVent;Junkyard;MineralRich;VEE_ToxicVents
679,VEE_Volcano;MineralRich;AncientHeatVent
680,Dunes
681,VEE_MineralDevoid;VEE_DeepOreDevoid;Dunes
682,Dunes
683,Dunes
685,VEE_MineralDevoid;VEE_DeepOreDevoid;Dunes
687,Dunes
688,Dunes
689,VEE_MineralDevoid;VEE_DeepOreDevoid;Dunes
690,Dunes
691,Dunes
698,Mountain
700,VEE_MineralDevoid;VEE_DeepOreDevoid
706,VEE_SaltPlains
708,VEE_SaltPlains
709,VEE_GravelBeach
710,MineralRich
712,Mountain;MineralRich
717,Mountain
718,Mountain
722,Caves
724,Caves
725,Caves
727,Mountain
728,VEE_MineralDevoid;VEE_DeepOreDevoid
733,Caves
739,Mountain
741,Caves
743,Caves
747,Mountain
750,CoastalIsland
751,CoastalIsland
753,Mountain
755,Mountain
758,Coast
759,Mountain
760,VEE_SaltPlains
761,VEE_SaltPlains
763,Oasis
765,VEE_DryRiver
766,VEE_MineralDevoid;VEE_DeepOreDevoid;Dunes
768,Mountain;MineralRich
769,Mountain
770,Oasis
773,Marshy;Oasis;VEE_IncreasedInfestations;AB_LocustPlagues
776,Mountain;River
777,Cliffs;MineralRich;VEE_DeepOreRich
780,Cliffs;MineralRich
781,Mountain;River
784,Caves
786,Caves
788,Peninsula
790,Caves
791,Caves
796,Caves
798,Caves
799,Caves
801,Mountain;Caves
802,CoastalIsland
804,VEE_SaltPlains
808,Caves
809,Cliffs;Caves
814,VEE_MineralDevoid;VEE_DeepOreDevoid
827,VEE_SaltPlains
828,Mountain
830,Chasm
835,Caves
842,Dunes
843,Dunes
844,VEE_MineralDevoid;VEE_DeepOreDevoid;Dunes
845,Dunes
846,Dunes
850,VEE_MineralDevoid;VEE_DeepOreDevoid;Dunes
853,Mountain;MineralRich
855,Mountain;MineralRich
861,VEE_MineralDevoid;VEE_DeepOreDevoid
862,Mountain
863,Oasis
872,Caves
876,VEE_MeteorCrater
877,Caves
890,Marshy;AB_LocustPlagues;VEE_RottenStench;InsectMegahive
891,VEE_IncreasedInfestations;AB_LocustPlagues;VEE_StagnantRivulet;ToxicLake;Pond;River
895,VEE_MineralDevoid;VEE_DeepOreDevoid;Dunes
900,CoastalIsland
910,Caves
912,Caves
913,Caves
920,Mountain;VEE_RedDesert;VEE_RedDesertPlants;VEE_Sandstorms
923,Cliffs
924,Cliffs
925,Mountain
931,Oasis
946,VEE_MineralDevoid;VEE_DeepOreDevoid
949,VEE_MineralDevoid;VEE_DeepOreDevoid
956,DryGround
957,ToxicLake
972,Caves
974,VEE_MineralDevoid;VEE_DeepOreDevoid;Dunes
981,Mountain
983,AB_DerelictClusters;AncientHeatVent;VEE_SulfuricLake
986,VEE_SaltPlains;CoastalIsland
991,CoastalIsland
992,VEE_FleshPits;VEE_FleshPits
994,AB_TarLakes
996,VEE_SaltPlains
1001,Caves
1003,Caves
1006,VEE_MineralDevoid;VEE_DeepOreDevoid
1011,VEE_MineralDevoid;VEE_DeepOreDevoid
1014,VEE_MineralDevoid;VEE_DeepOreDevoid
1016,Coast
1017,Dunes
1018,Dunes
1019,VEE_MineralDevoid;VEE_DeepOreDevoid;Dunes
1020,CoastalIsland
1032,VEE_MineralDevoid;VEE_DeepOreDevoid
1035,Mountain
1037,VEE_RockRidge
1038,Mountain
1039,Mountain
1046,VEE_GravelBeach
1051,Caves
1062,VEE_FleshPits;VEE_FleshPits
1066,VEE_MineralDevoid;VEE_DeepOreDevoid
1067,Dunes
1068,Dunes
1069,VEE_MineralDevoid;VEE_DeepOreDevoid
1072,Caves
1073,Caves
1084,VEE_MineralDevoid;VEE_DeepOreDevoid
1087,VEE_MineralDevoid;VEE_DeepOreDevoid
1091,VEE_MineralDevoid;VEE_DeepOreDevoid
1095,VEE_MineralDevoid;VEE_DeepOreDevoid
1104,VEE_MineralDevoid;VEE_DeepOreDevoid
1107,DryGround
1108,VEE_MineralDevoid;VEE_DeepOreDevoid
1111,VEE_MineralDevoid;VEE_DeepOreDevoid
1118,Caves
1123,Caves
1127,Caves
1128,Caves
1129,Caves
1134,Caves
1140,Caves
1145,VEE_Cenotes;VEE_Cenotes
1151,Hollow
1152,Caves
1153,VEE_RockRidge
1155,Mountain
1156,Cavern
1161,Caves
1162,Caves
1163,Caves
1168,Caves
1169,Caves
1172,Oasis
1174,VEE_StagnantRivulet;River
1175,VEE_StagnantRivulet;River
1178,Dunes
1180,Mountain
1181,Dunes;Dunes
1184,VEE_MineralDevoid;VEE_DeepOreDevoid;Dunes
1187,Dunes
1188,Dunes
1189,VEE_MineralDevoid;VEE_DeepOreDevoid;Dunes
1192,VEE_QuicksandDunes;VEE_QuicksandDunes
1198,MineralRich
1200,VEE_SulfuricLake
1210,VEE_MineralDevoid;VEE_DeepOreDevoid
1214,AncientHeatVent;AncientRuins;MineralRich
1216,AB_AmbientRadiation;AB_DerelictClusters;AncientHeatVent;AncientRuins;VEE_MechanoidShipChunks;VEE_ToxicVents
1217,AB_AmbientRadiation;AB_DerelictClusters;VEE_MechanoidShipChunks;VEE_ToxicVents
1218,AB_AmbientRadiation;AB_DerelictClusters;AncientHeatVent;AncientRuins;VEE_SulfuricLake;VEE_ToxicVents
1219,AncientGarrison;AncientHeatVent;Junkyard;VEE_SulfuricLake
1220,Dunes
1222,Dunes
1223,VEE_MineralDevoid;VEE_DeepOreDevoid;Dunes
1224,Dunes
1226,Dunes
1227,VEE_MineralDevoid;VEE_DeepOreDevoid;Dunes
1228,Dunes
1229,Dunes
1230,VEE_MineralDevoid;VEE_DeepOreDevoid;Dunes
1231,Dunes
1236,VEE_MineralDevoid;VEE_DeepOreDevoid
1238,Mountain;AbandonedColonyTribal;AbandonedColonyTribal
1246,VEE_SaltPlains;CoastalIsland
1247,VEE_SaltPlains;CoastalIsland
1251,VEE_MineralDevoid;VEE_DeepOreDevoid;Dunes
1252,Dunes
1254,Dunes
1255,VEE_MineralDevoid;VEE_DeepOreDevoid;Dunes
1257,Mountain
1259,Mountain
1263,Mountain
1266,Mountain
1275,Mountain
1276,VEE_MineralDevoid;VEE_DeepOreDevoid
1284,VEE_StoneForest
1286,CoastalIsland
1290,CoastalIsland
1291,CoastalIsland
1294,CoastalIsland
1295,Mountain;Coast
1296,CoastalIsland
1300,VEE_SaltPlains
1301,Oasis
1303,Oasis
1305,Mountain
1308,Mountain
1309,Mountain
1312,Mountain;VEE_StagnantRivulet;River
1313,River
1314,Oasis
1315,Mountain
1316,Mountain;MineralRich;VEE_DeepOreRich
1317,Cliffs
1321,Mountain;MineralRich;River
1324,Caves
1331,Mountain;Caves
1333,Mountain
1336,Caves
1338,Caves
1341,Mountain;Caves
1344,VEE_SaltPlains
1345,VEE_SaltPlains
1349,Caves
1352,VEE_MineralDevoid;VEE_DeepOreDevoid
1356,VEE_MineralDevoid;VEE_DeepOreDevoid
1360,VEE_MineralDevoid;VEE_DeepOreDevoid
1368,VEE_MineralDevoid;VEE_DeepOreDevoid
1372,VEE_MineralDevoid;VEE_DeepOreDevoid
1376,VEE_MineralDevoid;VEE_DeepOreDevoid
1379,VEE_MineralDevoid;VEE_DeepOreDevoid
1380,Dunes
1385,VEE_MineralDevoid;VEE_DeepOreDevoid
1389,Caves
1415,AB_QuicksandPits
1423,VEE_MineralDevoid;VEE_DeepOreDevoid
1426,Dunes
1427,VEE_MineralDevoid;VEE_DeepOreDevoid;Dunes
1428,Dunes
1437,VEE_MineralDevoid;VEE_DeepOreDevoid
1442,DryGround
1444,DryGround
1445,Mountain
1446,VEE_SaltPlains;AB_TarLakes
1447,DryGround;AncientHeatVent
1450,VEE_MineralDevoid;VEE_DeepOreDevoid
1453,VEE_MineralDevoid;VEE_DeepOreDevoid
1455,Chasm
1456,VEE_MineralDevoid;VEE_DeepOreDevoid
1460,VEE_SaltPlains
1462,VEE_SaltPlains
1464,VEE_MineralDevoid;VEE_DeepOreDevoid
1466,VEE_SaltPlains
1467,DryGround
1468,VEE_MineralDevoid;VEE_DeepOreDevoid
1472,Caves
1474,Caves
1475,Caves
1477,Caves
1486,Caves
1490,Caves
1494,Caves
1505,Caves;AncientRuins;AncientRuins
1507,Caves
1514,Mountain
1515,Mountain
1516,AncientRuins_Frozen;AncientRuins_Frozen
1522,Caves
1524,Caves
1526,Mountain;Caves;MineralRich
1530,Caves;MineralRich
1531,Caves
1532,VEE_MineralDevoid;VEE_DeepOreDevoid;Dunes
1534,VEE_StagnantRivulet;River
1535,VEE_StagnantRivulet;River
1536,Dunes;DryGround
1537,Dunes
1538,VEE_MineralDevoid;VEE_DeepOreDevoid;Dunes
1541,Dunes
1542,Dunes
1543,VEE_MineralDevoid;VEE_DeepOreDevoid;Dunes
1546,Dunes
1549,Dunes
1550,VEE_MineralDevoid;VEE_DeepOreDevoid;Dunes
1551,Dunes
1555,Dunes
1556,Mountain
1557,VEE_MineralDevoid;VEE_DeepOreDevoid;Dunes
1558,Dunes
1560,Valley;MineralRich;VEE_DeepOreRich
1561,Mountain
1562,Dunes
1563,VEE_MineralDevoid;VEE_DeepOreDevoid;Dunes
1576,AB_DerelictClusters
1578,Dunes
1580,Dunes
1581,VEE_MineralDevoid;VEE_DeepOreDevoid;Dunes
1582,Dunes
1583,Dunes
1584,VEE_MineralDevoid;VEE_DeepOreDevoid;Dunes
1585,Dunes
1586,Dunes
1587,VEE_MineralDevoid;VEE_DeepOreDevoid;Dunes
1588,Dunes
1589,Dunes
1590,VEE_MineralDevoid;VEE_DeepOreDevoid;Dunes
1591,Dunes
1594,Mountain
1595,Cliffs;MineralRich
1596,Dunes
1598,Mountain;MineralRich;VEE_DeepOreRich
1599,Mountain
1603,Mountain
1604,Chasm
1605,Mountain
1607,VEE_MineralDevoid;VEE_DeepOreDevoid
1608,Mountain
1610,VEE_PebbleDunes;VEE_PebbleDunes
1612,Mountain
1615,Mountain;MineralRich;VEE_DeepOreRich
1616,Mountain
1619,Dunes
1620,Mountain
1622,VEE_MineralDevoid;VEE_DeepOreDevoid
1625,Mountain
1626,Mountain
1627,Mountain
1640,Caves
1641,TerraformingScar
1642,Caves
1643,Caves
1647,VEE_MineralDevoid;VEE_DeepOreDevoid
1650,Mountain
1651,Mountain
1652,Mountain;Oasis
1653,Oasis
1654,Mountain;Oasis
1656,Mountain
1659,Mountain;MineralRich;VEE_DeepOreRich
1660,Oasis
1661,Oasis
1662,Mountain
1664,Mountain
1665,Oasis
1666,Mountain
1667,Oasis
1668,Mountain;HotSprings
1669,Mountain;River
1672,VEE_PlantLife_Overgrown;VEE_NoTrees
1673,Mountain
1677,Mountain;Oasis
1678,Mountain;Oasis
1697,Caves
1707,Mountain
1709,Mountain;Caves
1711,Caves
1712,Caves
1714,Caves
1715,Mountain
1716,Caves
1728,Caves
1732,Caves
1736,Caves
1738,Caves
1755,Caves
1766,Caves
1767,Caves
1768,Mountain
1769,Caves
1782,VEE_Cenotes;VEE_Cenotes
1784,VEE_MineralDevoid;VEE_DeepOreDevoid
1792,VEE_MineralDevoid;VEE_DeepOreDevoid
1793,Dunes
1795,VEE_MineralDevoid;VEE_DeepOreDevoid
1810,VEE_MineralDevoid;VEE_DeepOreDevoid
1812,Dunes
1814,VEE_MineralDevoid;VEE_DeepOreDevoid
1817,VEE_RottenStench;VEE_SulfuricLake;PlantLife_Increased;VEE_RottenStench
1821,Dunes
1822,VEE_MineralDevoid;VEE_DeepOreDevoid;Dunes
1824,Dunes
1825,VEE_MineralDevoid;VEE_DeepOreDevoid
1828,Coast
1829,CoastalIsland
1834,VEE_MineralDevoid;VEE_DeepOreDevoid
1837,sw_DeadSarlaccCave;sw_DeadSarlaccCave
1840,DryLake
1842,VEE_SaltPlains
1843,Dunes
1844,Mountain
1847,Mountain
1848,Marshy;AB_FeraliskNest;VEE_RottenStench;VEE_StagnantRivulet;AB_BumbledroneNests
1849,Marshy;AB_FeraliskNest;VEE_RottenStench;AB_LocustPlagues
1850,Marshy;VEE_IncreasedInfestations;AB_LocustPlagues;VEE_IncreasedDiseases;River
1854,Pond;AB_LocustPlagues;VEE_StagnantRivulet;AB_BumbledroneNests;VEE_RotstinkVents;River
1855,VEE_StagnantRivulet;River
1856,VEE_SaltPlains
1857,VEE_SaltPlains
1859,AB_TarLakes
1860,Mountain
1863,VEE_SaltPlains
1864,VEE_SaltPlains
1865,VEE_SaltPlains
1866,AB_TarLakes
1867,VEE_SaltPlains
1889,VEE_SaltPlains
1891,VEE_SaltPlains
1892,Caves;MineralRich
1893,Caves;MineralRich
1895,Mountain;Caves
1896,Caves;MineralRich
1897,Mountain;Caves;MineralRich
1899,Caves
1900,Caves
1906,Caves;MineralRich
1907,Cliffs;Caves;MineralRich;VEE_DeepOreRich
1908,Caves;MineralRich
1911,Caves
1915,Mountain
1916,Caves
1917,Caves
1921,Caves
1923,Caves
1924,Caves
1926,Caves
1931,Caves
1932,Caves
1940,Caves
1942,Cliffs;Caves
1944,Caves
1945,Caves
1947,Caves
1948,Caves
1949,Caves
1951,Caves
1953,Caves
1955,Caves
1957,Caves
1960,Caves
1961,Caves
1971,VEE_MineralDevoid;VEE_DeepOreDevoid
1973,ToxicLake
1978,VEE_SaltPlains
1983,VEE_MineralDevoid;VEE_DeepOreDevoid
1986,Oasis
1990,Caves
1992,Mountain;Caves
1994,Caves
1997,Caves
1999,Mountain;Caves
2000,MineralRich
2001,Cliffs;MineralRich
2008,MineralRich
2009,MineralRich
2010,AB_DerelictClusters;AncientWarehouse;VEE_ToxicVents
2011,VEE_PlantLife_Overgrown;VEE_NoTrees
2014,Mountain;VEE_StagnantRivulet
2015,Mountain;VEE_StagnantRivulet;River
2019,Oasis
2020,Mountain;VEE_StagnantRivulet;River
2021,VEE_PlantLife_Overgrown;VEE_NoTrees
2032,Valley
2033,Mountain
2035,Cliffs;River
2039,VEE_MineralDevoid;VEE_DeepOreDevoid;Oasis
2041,Dunes
2048,VEE_MineralDevoid;VEE_DeepOreDevoid;Dunes
2049,Dunes
2050,Dunes
2051,VEE_MineralDevoid;VEE_DeepOreDevoid;Dunes
2052,Dunes
2053,Dunes
2057,VEE_MineralDevoid;VEE_DeepOreDevoid;Dunes
2064,Mountain
2066,VEE_PebbleDunes;VEE_PebbleDunes
2067,Dunes
2068,VEE_MineralDevoid;VEE_DeepOreDevoid;Dunes
2072,VEE_MineralDevoid;VEE_DeepOreDevoid
2075,VEE_MineralDevoid;VEE_DeepOreDevoid
2082,VEE_MineralDevoid;VEE_DeepOreDevoid
2084,Mountain
2087,Mountain
2088,Caves
2100,VEE_MineralDevoid;VEE_DeepOreDevoid
2105,VEE_MineralDevoid;VEE_DeepOreDevoid
2109,VEE_MineralDevoid;VEE_DeepOreDevoid
2112,Caves
2121,VEE_MineralDevoid;VEE_DeepOreDevoid
2128,VEE_MineralDevoid;VEE_DeepOreDevoid
2136,ToxicLake
2137,VEE_MineralDevoid;VEE_DeepOreDevoid
2140,Caves
2141,Caves
2149,VEE_MineralDevoid;VEE_DeepOreDevoid
2152,VEE_MineralDevoid;VEE_DeepOreDevoid
2157,VEE_MineralDevoid;VEE_DeepOreDevoid
2165,VEE_MineralDevoid;VEE_DeepOreDevoid
2173,VEE_MineralDevoid;VEE_DeepOreDevoid
2176,VEE_MineralDevoid;VEE_DeepOreDevoid
2177,Dunes
2179,VEE_MineralDevoid;VEE_DeepOreDevoid;Dunes
2181,VEE_SaltPlains
2185,VEE_MineralDevoid;VEE_DeepOreDevoid
2189,VEE_MineralDevoid;VEE_DeepOreDevoid
2199,VEE_MineralDevoid;VEE_DeepOreDevoid;Dunes
2200,Dunes
2201,Dunes
2202,VEE_MineralDevoid;VEE_DeepOreDevoid;Dunes
2203,Dunes
2206,MineralRich
2210,DryLake
2212,Dunes
2213,VEE_MineralDevoid;VEE_DeepOreDevoid;Dunes
2216,Cliffs
2217,Chasm
2218,VEE_MineralDevoid;VEE_DeepOreDevoid
2221,DryGround
2224,VEE_SaltPlains
2225,VEE_SaltPlains;DryGround
2226,DryGround
2228,VEE_MineralDevoid;VEE_DeepOreDevoid
2231,VEE_MineralDevoid;VEE_DeepOreDevoid
2234,VEE_MineralDevoid;VEE_DeepOreDevoid;Coast
2235,VEE_SaltPlains;CoastalIsland
2236,Coast
2241,Cliffs;SteamGeysers_Increased
2243,Mountain
2244,VEE_MineralDevoid;VEE_DeepOreDevoid
2247,VEE_MineralDevoid;VEE_DeepOreDevoid;VEE_GravelBeach
2248,VEE_SaltPlains
2249,Archipelago
2251,CoastalIsland
2253,Mountain;Caves
2255,Caves
2258,Caves
2264,Mountain
2268,Caves
2269,Mountain
2301,Caves
2302,Caves
2303,Caves
2305,Caves
2307,Caves
2308,Caves
2309,Caves
2310,Caves
2320,Caves
2322,Caves
2325,Dunes
2326,VEE_MineralDevoid;VEE_DeepOreDevoid;Dunes
2327,Dunes
2328,Dunes
2329,VEE_MineralDevoid;VEE_DeepOreDevoid;Dunes
2330,Dunes
2333,VEE_MineralDevoid;VEE_DeepOreDevoid;Dunes
2334,Dunes
2338,Mountain;River
2339,River
2340,Cliffs;River
2341,Mountain;River
2346,VEE_MineralDevoid;VEE_DeepOreDevoid;DryGround
2349,Mountain;Oasis
2350,Dunes
2352,VEE_MineralDevoid;VEE_DeepOreDevoid
2354,Mountain
2356,MineralRich
2357,MineralRich
2358,VEE_Cenotes;VEE_Cenotes
2359,Mountain;River
2360,Dunes
2368,Dunes
2369,VEE_MineralDevoid;VEE_DeepOreDevoid;Dunes
2371,Dunes
2372,AB_AmbientRadiation;AB_AncientGreyPallVent;AB_DerelictClusters
2373,AB_AncientFreezingVent;Junkyard
2374,AB_AmbientRadiation;AB_DerelictClusters;AncientHeatVent;AncientRuins;VEE_SulfuricLake
2375,AB_DerelictClusters;AncientHeatVent;AncientRuins;MineralRich
2376,AB_AmbientRadiation;AB_DerelictClusters;AncientHeatVent;AncientRuins;MineralRich
2377,AB_AmbientRadiation;AncientHeatVent;Junkyard;MineralRich;VEE_MechanoidShipChunks
2378,Dunes
2380,AB_DerelictClusters;AncientHeatVent;AncientRuins;Junkyard;VEE_MechanoidShipChunks
2381,AB_DerelictClusters;VEE_MechanoidShipChunks;VEE_ToxicVents
2387,VEE_MineralDevoid;VEE_DeepOreDevoid;Dunes
2388,Dunes
2392,Dunes
2394,Mountain;MineralRich;VEE_DeepOreRich
2396,VEE_MineralDevoid;VEE_DeepOreDevoid
2401,VEE_MineralDevoid;VEE_DeepOreDevoid
2402,CoastalIsland
2405,Caves
2407,Peninsula
2408,CoastalIsland
2409,VEE_SaltPlains;CoastalIsland
2410,CoastalIsland
2412,CoastalIsland
2413,CoastalIsland
2415,VEE_SaltPlains;CoastalIsland
2420,CoastalIsland
2424,Caves
2426,CoastalIsland
2427,CoastalIsland
2431,CoastalIsland
2433,VEE_MineralDevoid;VEE_DeepOreDevoid
2436,VEE_MineralDevoid;VEE_DeepOreDevoid
2448,Cliffs;HotSprings
2449,Mountain
2450,Mountain
2451,Chasm;VEE_RotstinkVents
2455,Caves
2459,VEE_RockRidge
2462,Dunes
2463,Dunes
2464,VEE_MineralDevoid;VEE_DeepOreDevoid;Dunes
2465,Dunes
2466,Dunes
2468,VEE_MineralDevoid;VEE_DeepOreDevoid;Dunes
2471,Dunes
2472,MineralRich
2473,Dunes;Dunes
2474,VEE_MineralDevoid;VEE_DeepOreDevoid;Dunes
2475,MineralRich
2476,Dunes
2478,VEE_MineralDevoid;VEE_DeepOreDevoid
2481,VEE_MineralDevoid;VEE_DeepOreDevoid
2492,Caves
2493,Caves
2496,Caves
2510,VEE_IncreasedInfestations;Pond;VEE_StagnantRivulet;VEE_RotstinkVents
2511,Marshy;VEE_RotstinkVents;AB_LocustPlagues
2520,CoastalIsland
2529,Caves
2532,Caves
2533,Caves
2540,AB_MagmaVents;LavaFlow;AB_MagmaticQuagmire;AB_MagmaticQuagmire;AB_MagmaVents;AB_GeothermalHotspots
2541,Mountain
2544,Valley
2545,Mountain
2557,Mountain
2560,AncientGarrison
2562,VEE_MineralDevoid;VEE_DeepOreDevoid
2568,VEE_MineralDevoid;VEE_DeepOreDevoid
2576,DryGround
2577,VEE_SaltPlains
2578,VEE_SaltPlains
2584,Caves
2586,Caves
2594,VEE_MineralDevoid;VEE_DeepOreDevoid
2595,Dunes
2598,VEE_MineralDevoid;VEE_DeepOreDevoid;Dunes
2599,Dunes
2600,Dunes
2601,VEE_MineralDevoid;VEE_DeepOreDevoid;Dunes
2604,VEE_RottenStench;VEE_SulfuricLake;PlantLife_Increased;VEE_RottenStench
2607,VEE_SaltPlains
2616,VEE_GravelBeach
2623,Caves
2630,VEE_MineralDevoid;VEE_DeepOreDevoid
2633,VEE_MineralDevoid;VEE_DeepOreDevoid
2637,AB_TarLakes
2638,VEE_MineralDevoid;VEE_DeepOreDevoid;Dunes
2639,Dunes
2641,Coast
2647,Caves
2648,VEE_MineralDevoid;VEE_DeepOreDevoid
2651,VEE_MineralDevoid;VEE_DeepOreDevoid
2658,Mountain
2661,VEE_DustBowl;VEE_PlantLife_Decimated;VEE_Fertility_Reduced;VEE_DustStorms
2666,Caves
2667,Caves
2668,Caves
2677,AncientGarrison
2681,VEE_MineralDevoid;VEE_DeepOreDevoid
2686,VEE_MineralDevoid;VEE_DeepOreDevoid
2689,VEE_MineralDevoid;VEE_DeepOreDevoid
2691,AncientRuins;AncientRuins
2704,VEE_MineralDevoid;VEE_DeepOreDevoid
2707,VEE_MineralDevoid;VEE_DeepOreDevoid
2710,VEE_MineralDevoid;VEE_DeepOreDevoid
2713,VEE_MineralDevoid;VEE_DeepOreDevoid
2717,VEE_MineralDevoid;VEE_DeepOreDevoid
2726,VEE_MineralDevoid;VEE_DeepOreDevoid
2729,VEE_MineralDevoid;VEE_DeepOreDevoid
2732,Caves
2738,Caves
2740,Caves
2742,Caves
2743,Caves
2744,Caves
2746,Caves
2747,Caves
2748,Caves
2749,Caves
2750,Caves
2752,Caves
2754,Caves
2767,Caves
2774,Mountain
2775,Mountain
2779,Mountain
2783,Caves
2785,Caves
2788,Caves
2789,Caves
2793,VEE_StagnantRivulet
2795,VEE_StagnantRivulet;River
2796,VEE_StagnantRivulet;River
2800,Hollow
2808,VEE_MineralDevoid;VEE_DeepOreDevoid;Dunes
2825,VEE_MineralDevoid;VEE_DeepOreDevoid
2834,AB_DerelictClusters;AncientHeatVent;MineralRich;VEE_MechanoidShipChunks
2835,AncientChemfuelRefinery;AncientHeatVent;VEE_ToxicVents
2836,AB_AmbientRadiation;AB_AncientBloodRainVent;AB_DerelictClusters;VEE_MechanoidShipChunks;VEE_ToxicVents
2837,AB_DerelictClusters;AncientHeatVent;Junkyard;VEE_MechanoidShipChunks;VEE_ToxicVents
2838,AB_DerelictClusters;AncientHeatVent;MineralRich;VEE_ToxicVents
2839,AB_AmbientRadiation;AB_DerelictClusters;AncientHeatVent;VEE_MechanoidShipChunks;VEE_ToxicVents
2841,Dunes
2842,VEE_MineralDevoid;VEE_DeepOreDevoid;Dunes
2843,Dunes
2844,Dunes
2846,VEE_MineralDevoid;VEE_DeepOreDevoid;Dunes
2847,Dunes
2848,Dunes
2849,VEE_MineralDevoid;VEE_DeepOreDevoid;Dunes
2852,Dunes
2855,VEE_MineralDevoid;VEE_DeepOreDevoid
2870,VEE_MineralDevoid;VEE_DeepOreDevoid;Dunes;Dunes
2871,Dunes
2873,Dunes
2874,VEE_MineralDevoid;VEE_DeepOreDevoid;Dunes
2875,Dunes
2878,Mountain
2879,Mountain
2880,Mountain;AbandonedColonyTribal;AbandonedColonyTribal
2882,Cavern
2885,VEE_MineralDevoid;VEE_DeepOreDevoid
2893,VEE_MineralDevoid;VEE_DeepOreDevoid
2897,VEE_MineralDevoid;VEE_DeepOreDevoid
2900,Caves
2912,Mountain
2913,Mountain
2917,Mountain;Coast
2919,Coast
2920,Oasis;sw_SarlaccLair;sw_SarlaccLair;Coast
2922,Oasis
2923,Mountain;Oasis
2925,Mountain
2926,Mountain
2928,Mountain
2929,Mountain
2932,Cliffs;River
2933,Mountain;River
2934,Mountain
2935,Mountain
2936,Mountain;MineralRich
2937,Cliffs;MineralRich
2944,Caves
2946,Caves
2947,Caves
2949,Mountain;Peninsula
2952,Mountain;Caves
2953,Mountain
2956,Caves
2957,Caves
2959,Caves
2961,VEE_SaltPlains
2964,VEE_SaltPlains
2965,VEE_SaltPlains
2972,VEE_MineralDevoid;VEE_DeepOreDevoid
2975,VEE_MineralDevoid;VEE_DeepOreDevoid
2980,VEE_MineralDevoid;VEE_DeepOreDevoid
2991,VEE_MineralDevoid;VEE_DeepOreDevoid
2994,VEE_MineralDevoid;VEE_DeepOreDevoid
2997,VEE_MineralDevoid;VEE_DeepOreDevoid
3000,VEE_MineralDevoid;VEE_DeepOreDevoid
3004,VEE_MineralDevoid;VEE_DeepOreDevoid
3011,Caves
3012,Caves
3041,VEE_MineralDevoid;VEE_DeepOreDevoid
3044,Dunes
3045,VEE_MineralDevoid;VEE_DeepOreDevoid;Dunes
3046,Dunes
3047,Dunes
3049,VEE_MineralDevoid;VEE_DeepOreDevoid
3063,DryGround
3064,DryGround
3065,Chasm
3066,Mountain
3067,Mountain;AB_MagmaVents
3068,VEE_MineralDevoid;VEE_DeepOreDevoid
3071,VEE_MineralDevoid;VEE_DeepOreDevoid
3074,VEE_MineralDevoid;VEE_DeepOreDevoid
3080,VEE_SaltPlains
3082,DryGround
3083,VEE_SaltPlains
3086,VEE_MineralDevoid;VEE_DeepOreDevoid
3087,VEE_SaltPlains
3088,DryGround
3089,VEE_MineralDevoid;VEE_DeepOreDevoid
3092,Caves
3093,Caves
3095,Caves
3096,Caves
3097,Caves
3110,Caves
3135,Mountain
3146,Mountain;Caves;MineralRich;VEE_DeepOreRich
3147,Caves;MineralRich
3150,Cliffs;Caves;MineralRich;VEE_DeepOreRich
3153,Oasis
3155,Oasis;DryGround
3156,VEE_MineralDevoid;VEE_DeepOreDevoid;Dunes
3157,Dunes
3161,Dunes
3162,VEE_MineralDevoid;VEE_DeepOreDevoid;Dunes
3163,Dunes
3166,VEE_QuicksandDunes;VEE_QuicksandDunes
3169,VEE_MineralDevoid;VEE_DeepOreDevoid;Dunes
3171,Dunes
3176,Mountain;MineralRich
3177,Mountain
3178,Dunes
3179,VEE_MineralDevoid;VEE_DeepOreDevoid;Dunes
3180,Mountain;MineralRich
3181,Mountain
3182,Dunes
3183,Dunes
3184,VEE_MineralDevoid;VEE_DeepOreDevoid;Dunes
3191,Mountain
3200,Dunes
3201,Dunes
3202,VEE_MineralDevoid;VEE_DeepOreDevoid;Dunes
3203,Dunes
3204,Dunes
3205,VEE_MineralDevoid;VEE_DeepOreDevoid;Dunes
3206,Dunes
3207,Dunes
3208,VEE_MineralDevoid;VEE_DeepOreDevoid;Dunes
3209,Dunes
3210,Dunes
3211,VEE_MineralDevoid;VEE_DeepOreDevoid;Dunes
3212,Mountain
3213,Mountain
3214,Mountain;VEE_RedDesert;VEE_RedDesertPlants;VEE_Cactus_Barrel;VEE_Cactus_Hedgehog;VEE_RedDesert;VEE_RedDesertPlants;VEE_Sandstorms;VEE_Cactus_Barrel;VEE_Cactus_Hedgehog
3218,Mountain
3219,Mountain
3221,Coast
3222,Mountain;Coast
3223,Mountain
3224,Mountain;Coast
3225,Mountain
3226,Coast
3227,Mountain
3228,Mountain
3232,Mountain
3234,MineralRich
3238,Mountain
3239,Dunes
3240,Dunes
3241,VEE_MineralDevoid;VEE_DeepOreDevoid;Dunes
3242,Mountain
3243,Mountain
3244,Mountain
3245,Mountain
3247,Mountain
3251,AncientChemfuelRefinery
3252,Caves
3254,VEE_MineralDevoid;VEE_DeepOreDevoid
3269,VEE_MineralDevoid;VEE_DeepOreDevoid
3271,Mountain
3272,Oasis
3273,Mountain;Oasis
3274,Mountain;Oasis
3275,Mountain;Oasis
3276,Mountain;Oasis
3277,Oasis
3279,Mountain;MineralRich;VEE_DeepOreRich
3280,Oasis
3281,Oasis
3282,Mountain
3283,VEE_DryRiver
3285,VEE_DryRiver
3287,Mountain;Oasis
3288,River
3289,Mountain
3290,River
3294,VEE_StagnantRivulet
3307,Caves
3327,Valley
3328,Mountain
3330,Caves
3331,Mountain;Caves
3333,Mountain
3334,Caves
3335,Caves
3336,Caves
3337,Caves
3339,Caves
3342,VEE_MeteorCrater
3350,Caves
3351,AncientWarehouse
3352,Caves
3386,Caves
3387,Caves
3388,Caves
3389,Caves
3390,AncientWarehouse
3391,Caves
3406,VEE_MineralDevoid;VEE_DeepOreDevoid
3412,Dunes
3423,VEE_MineralDevoid;VEE_DeepOreDevoid
3426,VEE_MineralDevoid;VEE_DeepOreDevoid
3432,VEE_MineralDevoid;VEE_DeepOreDevoid
3440,Dunes
3441,VEE_MineralDevoid;VEE_DeepOreDevoid
3442,Dunes
3444,VEE_MineralDevoid;VEE_DeepOreDevoid;Dunes
3445,Dunes
3451,VEE_StagnantRivulet
3458,VEE_MineralDevoid;VEE_DeepOreDevoid;Dunes
3464,Mountain
3465,Mountain
3468,VEE_StagnantRivulet;VEE_RottenStench;AB_LocustPlagues;InsectMegahive;Pond
3470,Muddy;VEE_RottenStench;InsectMegahive
3471,Marshy;InsectMegahive;VEE_RottenStench
3473,VEE_IncreasedInfestations;VEE_StagnantRivulet;ToxicLake;Pond
3474,AB_FeraliskNest;Pond;InsectMegahive;VEE_StagnantRivulet;VEE_RotstinkVents
3476,VEE_SaltPlains
3482,VEE_SaltPlains
3483,VEE_SaltPlains
3484,VEE_SaltPlains
3485,VEE_SaltPlains
3486,VEE_SaltPlains
3487,VEE_SaltPlains
3493,CoastalIsland
3499,CoastalIsland
3507,CoastalIsland
3511,VEE_SaltPlains
3512,Caves;MineralRich;AncientRuins;AncientRuins
3513,Caves;MineralRich
3514,Mountain;Caves;MineralRich;VEE_DeepOreRich
3515,Mountain;Caves;MineralRich;VEE_DeepOreRich
3516,Caves;MineralRich
3517,Caves;MineralRich
3519,Caves
3527,Caves;MineralRich
3528,Mountain;Caves;MineralRich;VEE_DeepOreRich
3530,AncientRuins;AncientRuins
3536,Caves
3544,Caves
3545,AncientRuins_Frozen;AncientRuins_Frozen
3546,Caves
3562,Caves
3563,Caves
3564,Caves
3565,Caves
3566,Caves
3569,Caves
3570,Caves
3571,Caves
3572,VEE_MeteorCrater
3581,Caves
3582,Caves
3589,Caves
3602,VEE_MineralDevoid;VEE_DeepOreDevoid
3609,Caves
3610,Caves
3614,Mountain;Caves
3618,Caves
3619,Caves
3620,Mountain;MineralRich
3627,VEE_MineralDevoid;VEE_DeepOreDevoid
3628,MineralRich;VEE_DeepOreRich
3629,MineralRich;VEE_DryRiver
3632,Cliffs
3635,Mountain;Bay
3639,VEE_StagnantRivulet;River
3640,Mountain
3641,Mountain
3642,Oasis
3653,Cliffs
3655,Cliffs;Bay
3666,AncientGarrison
3668,Dunes
3669,VEE_MineralDevoid;VEE_DeepOreDevoid;Dunes
3670,Dunes
3671,Dunes
3672,VEE_MineralDevoid;VEE_DeepOreDevoid;Dunes
3673,Dunes
3678,VEE_RedDesert;VEE_RedDesertPlants;VEE_Cactus_Barrel;VEE_Cactus_Hedgehog;VEE_RedDesert;VEE_RedDesertPlants;VEE_Sandstorms;VEE_Cactus_Barrel;VEE_Cactus_Hedgehog
3685,Dunes
3687,VEE_MineralDevoid;VEE_DeepOreDevoid;Dunes
3688,Dunes;Dunes
3693,VEE_MineralDevoid;VEE_DeepOreDevoid
3696,VEE_MineralDevoid;VEE_DeepOreDevoid
3701,ToxicLake
3704,Mountain
3705,Mountain
3712,Caves
3716,VEE_MineralDevoid;VEE_DeepOreDevoid
3721,VEE_MineralDevoid;VEE_DeepOreDevoid
3725,VEE_MineralDevoid;VEE_DeepOreDevoid
3728,VEE_MineralDevoid;VEE_DeepOreDevoid
3730,Caves
3732,Caves
3736,AncientRuins;AncientRuins
3741,VEE_MineralDevoid;VEE_DeepOreDevoid
3747,VEE_MineralDevoid;VEE_DeepOreDevoid
3754,VEE_MineralDevoid;VEE_DeepOreDevoid
3771,VEE_MineralDevoid;VEE_DeepOreDevoid
3774,VEE_MineralDevoid;VEE_DeepOreDevoid
3777,VEE_MineralDevoid;VEE_DeepOreDevoid
3781,VEE_MineralDevoid;VEE_DeepOreDevoid
3783,DryLake
3794,VEE_MineralDevoid;VEE_DeepOreDevoid
3797,VEE_MineralDevoid;VEE_DeepOreDevoid;Dunes
3798,Dunes
3799,Dunes
3800,VEE_MineralDevoid;VEE_DeepOreDevoid
3806,VEE_MineralDevoid;VEE_DeepOreDevoid
3816,VEE_MineralDevoid;VEE_DeepOreDevoid
3818,Dunes
3819,Dunes
3820,VEE_MineralDevoid;VEE_DeepOreDevoid
3821,Dunes
3822,Dunes
3823,VEE_MineralDevoid;VEE_DeepOreDevoid;Dunes
3826,Mountain;MineralRich
3833,Dunes
3835,Dunes
3836,Chasm
3837,Mountain
3839,DryGround
3845,VEE_SaltPlains
3846,DryGround
3847,DryGround
3848,VEE_MineralDevoid;VEE_DeepOreDevoid
3851,VEE_MineralDevoid;VEE_DeepOreDevoid
3865,Mountain
3868,VEE_MineralDevoid;VEE_DeepOreDevoid
3869,Coast
3873,Caves
3878,Caves
3889,Mountain
3902,Caves
3915,VEE_Cenotes;VEE_Cenotes
3916,AncientRuins;AncientRuins
3920,Caves
3921,Caves
3922,Caves
3923,Caves
3924,AncientRuins;AncientRuins
3926,Caves
3927,Caves
3929,Caves
3930,Caves
3944,Dunes
3945,VEE_MineralDevoid;VEE_DeepOreDevoid;Dunes
3946,Dunes
3948,Dunes
3949,VEE_MineralDevoid;VEE_DeepOreDevoid;Dunes
3950,Dunes
3952,VEE_MineralDevoid;VEE_DeepOreDevoid
3953,Dunes
3954,Dunes
3955,VEE_MineralDevoid;VEE_DeepOreDevoid
3957,VEE_StagnantRivulet;River
3958,Mountain;River
3959,Mountain
3960,River
3967,VEE_MineralDevoid;VEE_DeepOreDevoid
3974,Cavern
3975,Mountain
3976,Mountain;MineralRich
3977,Mountain;MineralRich;VEE_DeepOreRich
3978,Mountain;MineralRich
3979,Mountain
3980,Dunes
3982,Dunes
3983,VEE_MineralDevoid;VEE_DeepOreDevoid;Dunes
3985,Dunes
3989,Dunes
3990,VEE_MineralDevoid;VEE_DeepOreDevoid;Dunes
3992,AB_AmbientRadiation;AncientHeatVent;VEE_MechanoidShipChunks;VEE_SulfuricLake;VEE_ToxicVents
3993,AB_AmbientRadiation;AB_AncientGreyPallVent;AB_DerelictClusters;AncientRuins;MineralRich;VEE_ToxicVents
3994,AB_AmbientRadiation;AB_DerelictClusters
3995,AB_AmbientRadiation;AncientHeatVent;VEE_MechanoidShipChunks;VEE_SulfuricLake
3996,AB_DerelictClusters;AncientHeatVent;AncientUplink
3997,AB_DerelictClusters;AncientHeatVent;AncientRuins;MineralRich;VEE_MechanoidShipChunks
4000,AncientLaunchSite
4001,Junkyard;VEE_MechanoidShipChunks
4007,Dunes
4008,Dunes
4009,VEE_MineralDevoid;VEE_DeepOreDevoid;Dunes
4010,Mountain
4011,Mountain
4014,Valley;MineralRich
4015,Mountain;MineralRich;VEE_DeepOreRich
4024,Coast
4027,Caves;Coast
4031,CoastalIsland
4033,CoastalIsland
4035,Coast
4038,Coast
4043,Coast
4052,VEE_MineralDevoid;VEE_DeepOreDevoid
4055,VEE_MineralDevoid;VEE_DeepOreDevoid
4058,VEE_MineralDevoid;VEE_DeepOreDevoid
4061,VEE_MineralDevoid;VEE_DeepOreDevoid
4070,VEE_MineralDevoid;VEE_DeepOreDevoid
4073,VEE_MineralDevoid;VEE_DeepOreDevoid
4076,VEE_MineralDevoid;VEE_DeepOreDevoid
4079,VEE_MineralDevoid;VEE_DeepOreDevoid
4121,VEE_MineralDevoid;VEE_DeepOreDevoid
4143,Mountain;AB_MagmaVents
4144,Cliffs
4145,VEE_SaltPlains
4146,VEE_SaltPlains
4147,DryGround
4148,DryGround
4150,DryGround
4155,DryGround
4159,VEE_MineralDevoid;VEE_DeepOreDevoid
4160,Mountain
4161,DryGround;VEE_SulfuricLake
4162,Mountain
4163,Mountain
4164,VEE_SaltPlains
4165,Chasm
4166,DryGround
4167,DryGround
4168,VEE_SaltPlains
4169,DryGround
4175,Caves
4197,Caves
4198,Caves
4200,Caves
4211,Cavern
4212,Mountain
4213,Mountain
4214,Mountain
4216,Mountain
4217,Mountain
4218,Cliffs;Caves;MineralRich;VEE_DeepOreRich
4220,Caves
4221,Caves
4225,Caves
4231,Caves
4232,VEE_MineralDevoid;VEE_DeepOreDevoid;Dunes
4233,Dunes
4234,Dunes
4235,VEE_MineralDevoid;VEE_DeepOreDevoid;Dunes
4236,Dunes
4237,Dunes
4238,VEE_MineralDevoid;VEE_DeepOreDevoid;Dunes
4239,Dunes
4240,Dunes
4241,VEE_MineralDevoid;VEE_DeepOreDevoid;Dunes
4242,Dunes
4243,Dunes
4244,VEE_MineralDevoid;VEE_DeepOreDevoid;Dunes
4245,Dunes
4246,Dunes
4249,VEE_MineralDevoid;VEE_DeepOreDevoid;Dunes
4250,Dunes
4251,Dunes
4252,VEE_MineralDevoid;VEE_DeepOreDevoid;Dunes
4255,VEE_SaltPlains
4256,Dunes
4257,Dunes
4258,VEE_MineralDevoid;VEE_DeepOreDevoid;Dunes
4259,Dunes
4260,Dunes
4261,VEE_MineralDevoid;VEE_DeepOreDevoid;Dunes
4263,Dunes
4278,Dunes
4279,VEE_MineralDevoid;VEE_DeepOreDevoid;Dunes
4280,Dunes
4281,Dunes
4282,VEE_MineralDevoid;VEE_DeepOreDevoid;Dunes
4283,Dunes
4284,Dunes
4285,VEE_MineralDevoid;VEE_DeepOreDevoid;Dunes
4288,Dunes
4289,Dunes
4290,VEE_MineralDevoid;VEE_DeepOreDevoid;Dunes
4291,Dunes
4293,Dunes;Dunes
4298,Cliffs;MineralRich
4299,Cliffs
4300,Cliffs
4301,Mountain
4302,Mountain
4303,Cavern;AncientQuarry;AncientQuarry;MineralRich
4310,Mountain;MineralRich
4311,Mountain;MineralRich
4312,Mountain;MineralRich;VEE_DeepOreRich
4313,Mountain
4314,Mountain
4320,Mountain
4321,Mountain;Oasis
4328,VEE_MineralDevoid;VEE_DeepOreDevoid
4331,DryLake
4336,VEE_MineralDevoid;VEE_DeepOreDevoid
4347,VEE_MineralDevoid;VEE_DeepOreDevoid
4350,VEE_MineralDevoid;VEE_DeepOreDevoid
4352,Cavern
4353,Mountain;Oasis
4354,Mountain;Oasis
4356,Mountain;MineralRich;VEE_DeepOreRich
4357,Mountain
4358,Mountain
4360,Mountain
4361,Mountain
4365,River
4366,River
4367,Cliffs;Oasis
4369,Mountain;Oasis
4372,Oasis
4373,Mountain;Oasis
4376,Oasis
4377,River
4378,VEE_StagnantRivulet
4379,River
4380,River
4399,Mountain
4405,Mountain
4413,Caves
4414,Caves
4419,Caves
4443,Caves
4444,Caves
4449,Caves
4453,Caves
4458,Caves
4468,Caves
4474,Caves
4489,VEE_RottenStench;VEE_SulfuricLake;PlantLife_Increased;VEE_RottenStench
4506,VEE_MineralDevoid;VEE_DeepOreDevoid
4515,VEE_RottenStench;VEE_SulfuricLake;PlantLife_Increased;VEE_RottenStench
4523,VEE_MineralDevoid;VEE_DeepOreDevoid
4526,VEE_StagnantRivulet;River
4527,Mountain
4534,VEE_MineralDevoid;VEE_DeepOreDevoid
4537,VEE_MineralDevoid;VEE_DeepOreDevoid
4545,Muddy;AB_FeraliskNest;VEE_RottenStench;AB_LocustPlagues;VEE_StagnantRivulet
4546,River
4547,Marshy;AB_LocustPlagues;VEE_StagnantRivulet;VEE_IncreasedDiseases
4548,Marshy;AB_LocustPlagues;VEE_StagnantRivulet;ToxicLake
4549,VEE_IncreasedInfestations;ToxicLake;AB_BumbledroneNests;Pond
4551,VEE_MineralDevoid;VEE_DeepOreDevoid;Dunes
4552,Dunes
4555,VEE_MineralDevoid;VEE_DeepOreDevoid;Dunes
4558,VEE_SaltPlains
4565,VEE_SaltPlains
4567,VEE_SaltPlains
4569,CoastalIsland
4571,VEE_SaltPlains
4594,Caves;MineralRich
4601,Caves
4602,Caves
4608,Caves
4609,Caves;MineralRich
4618,Caves
4620,Caves
4623,AncientRuins;AncientRuins
4626,Caves
4632,Caves
4640,Caves
4641,Caves
4642,Mountain;Caves
4643,Caves
4644,Caves
4645,Caves
4648,Caves
4649,Caves
4650,Caves
4655,Caves
4658,Caves
4671,VEE_MineralDevoid;VEE_DeepOreDevoid
4677,VEE_MineralDevoid;VEE_DeepOreDevoid
4686,Oasis
4687,VEE_MineralDevoid;VEE_DeepOreDevoid
4701,MineralRich
4704,VEE_QuicksandDunes;VEE_QuicksandDunes
4707,Mountain
4711,Mountain
4720,Cliffs
4721,Mountain
4722,Oasis
4723,Mountain
4730,Cliffs;MineralRich;Bay
4731,Mountain;MineralRich
4732,Mountain;MineralRich;VEE_DeepOreRich
4733,Mountain;MineralRich;VEE_DeepOreRich
4734,Cliffs;MineralRich;River
4735,Mountain;MineralRich;VEE_DeepOreRich
4739,Dunes
4740,VEE_MineralDevoid;VEE_DeepOreDevoid;Dunes
4750,Dunes
4757,VEE_PebbleDunes;VEE_PebbleDunes
4758,VEE_MineralDevoid;VEE_DeepOreDevoid;Dunes
4759,Dunes
4764,Dunes
4765,VEE_MineralDevoid;VEE_DeepOreDevoid;Dunes
4770,VEE_PebbleDunes;VEE_PebbleDunes
4774,VEE_MineralDevoid;VEE_DeepOreDevoid
4778,TerraformingScar
4781,Mountain
4782,Mountain
4792,VEE_MineralDevoid;VEE_DeepOreDevoid;ToxicLake
4802,Mountain
4803,Mountain
4804,VEE_MineralDevoid;VEE_DeepOreDevoid
4825,VEE_MineralDevoid;VEE_DeepOreDevoid;VEE_DustBowl;VEE_PlantLife_Decimated;VEE_Fertility_Reduced;VEE_DustStorms
4837,VEE_MineralDevoid;VEE_DeepOreDevoid
4845,VEE_MineralDevoid;VEE_DeepOreDevoid
4850,VEE_MineralDevoid;VEE_DeepOreDevoid
4854,VEE_MineralDevoid;VEE_DeepOreDevoid
4867,VEE_MineralDevoid;VEE_DeepOreDevoid
4872,VEE_MineralDevoid;VEE_DeepOreDevoid
4875,VEE_MineralDevoid;VEE_DeepOreDevoid
4878,VEE_MineralDevoid;VEE_DeepOreDevoid
4887,VEE_MineralDevoid;VEE_DeepOreDevoid
4892,VEE_MineralDevoid;VEE_DeepOreDevoid
4903,VEE_MineralDevoid;VEE_DeepOreDevoid;Dunes
4916,VEE_SaltPlains;AncientHeatVent
4917,Chasm
4918,DryGround
4919,VEE_MineralDevoid;VEE_DeepOreDevoid
4920,Cliffs
4921,Cliffs
4922,VEE_SaltPlains
4923,DryGround
4924,DryGround;VEE_SulfuricLake
4926,DryGround
4929,VEE_MineralDevoid;VEE_DeepOreDevoid
4932,VEE_MineralDevoid;VEE_DeepOreDevoid
4935,VEE_MineralDevoid;VEE_DeepOreDevoid
4938,VEE_MineralDevoid;VEE_DeepOreDevoid
4940,DryGround
4941,VEE_SaltPlains
4944,VEE_MineralDevoid;VEE_DeepOreDevoid
4945,DryGround
4946,DryGround
4949,VEE_SaltPlains
4950,VEE_SaltPlains
4951,VEE_SaltPlains
4958,Caves
4961,Mountain
4962,Caves
4963,Caves
4964,Caves
4965,Mountain
4967,Caves
4977,Caves
4983,Caves
4984,Caves
4995,AncientRuins;AncientRuins
4997,VEE_Cenotes;VEE_Cenotes
5004,Caves
5012,Caves
5024,VEE_MineralDevoid;VEE_DeepOreDevoid;Dunes
5036,VEE_MineralDevoid;VEE_DeepOreDevoid;Dunes;Dunes
5039,Hollow
5053,VEE_MineralDevoid;VEE_DeepOreDevoid;Dunes
5057,Mountain
5058,Mountain;MineralRich
5059,Mountain;MineralRich
5060,Mountain
5061,Mountain
5064,VEE_RedDesert;VEE_RedDesertPlants;VEE_Sandstorms;VEE_DryRiver
5065,Mountain
5066,Dunes
5069,DryLake
5072,AB_DerelictArchonexus;AncientHeatVent;MineralRich;VEE_SulfuricLake
5073,AB_DerelictClusters;AncientHeatVent
5076,AB_DerelictClusters;AncientHeatVent;AncientRuins;Junkyard;VEE_MechanoidShipChunks;VEE_SulfuricLake
5078,AB_AmbientRadiation;AB_DerelictClusters;VEE_SulfuricLake
5079,Dunes;Dunes
5080,AB_AncientBloodRainVent;AB_DerelictClusters;AncientRuins;VEE_ToxicVents
5081,AncientHeatVent;AncientRuins;Junkyard;VEE_MechanoidShipChunks;VEE_SulfuricLake;VEE_ToxicVents
5082,AB_DerelictClusters;AncientHeatVent;Junkyard
5083,AB_DerelictClusters;AncientHeatVent;AncientRuins;MineralRich;VEE_MechanoidShipChunks;VEE_ToxicVents
5086,VEE_MineralDevoid;VEE_DeepOreDevoid;Dunes
5091,Dunes;Dunes
5092,Dunes
5093,VEE_MineralDevoid;VEE_DeepOreDevoid;Dunes
5096,VEE_SaltPlains
5099,VEE_MineralDevoid;VEE_DeepOreDevoid
5101,VEE_SaltPlains
5105,VEE_MineralDevoid;VEE_DeepOreDevoid
5106,Coast
5114,VEE_SaltPlains
5115,VEE_SaltPlains
5117,VEE_SaltPlains;CoastalIsland
5118,VEE_SaltPlains
5119,VEE_SaltPlains
5134,VEE_MineralDevoid;VEE_DeepOreDevoid
5137,VEE_MineralDevoid;VEE_DeepOreDevoid
5142,Caves
5144,Mountain
5146,Cavern
5147,Mountain
5148,Mountain
5150,Mountain
5152,Cavern
5153,Mountain
5156,VEE_SaltPlains
5157,VEE_SaltPlains
5158,VEE_SaltPlains
5159,VEE_SaltPlains
5160,VEE_SaltPlains
5161,VEE_SaltPlains
5162,VEE_SaltPlains
5184,Caves
5185,Caves
5186,Caves
5187,Caves
5188,Caves
5189,Caves
5191,Caves
5205,VEE_MineralDevoid;VEE_DeepOreDevoid
5208,VEE_MineralDevoid;VEE_DeepOreDevoid
5212,VEE_MineralDevoid;VEE_DeepOreDevoid
5218,VEE_MineralDevoid;VEE_DeepOreDevoid
5221,VEE_MineralDevoid;VEE_DeepOreDevoid
5224,VEE_MineralDevoid;VEE_DeepOreDevoid
5240,VEE_MineralDevoid;VEE_DeepOreDevoid
5243,VEE_MineralDevoid;VEE_DeepOreDevoid
5246,VEE_MineralDevoid;VEE_DeepOreDevoid
5249,VEE_MineralDevoid;VEE_DeepOreDevoid
5252,VEE_MineralDevoid;VEE_DeepOreDevoid
5255,VEE_MineralDevoid;VEE_DeepOreDevoid
5265,VEE_MineralDevoid;VEE_DeepOreDevoid
5267,Dunes
5268,VEE_MineralDevoid;VEE_DeepOreDevoid
5279,VEE_MineralDevoid;VEE_DeepOreDevoid
5282,Dunes
5283,Dunes
5284,VEE_MineralDevoid;VEE_DeepOreDevoid;Dunes
5287,VEE_MineralDevoid;VEE_DeepOreDevoid
5288,Dunes
5289,Dunes
5290,VEE_MineralDevoid;VEE_DeepOreDevoid;Dunes
5291,Dunes
5292,Dunes
5293,VEE_MineralDevoid;VEE_DeepOreDevoid;Dunes
5294,Dunes
5295,Dunes
5296,VEE_MineralDevoid;VEE_DeepOreDevoid;Dunes
5297,Dunes
5299,VEE_MineralDevoid;VEE_DeepOreDevoid
5300,VEE_SaltPlains
5302,VEE_SaltPlains
5303,VEE_SaltPlains
5310,CoastalIsland
5345,VEE_MineralDevoid;VEE_DeepOreDevoid
5350,VEE_MineralDevoid;VEE_DeepOreDevoid
5357,VEE_MineralDevoid;VEE_DeepOreDevoid
5367,VEE_MineralDevoid;VEE_DeepOreDevoid
5369,Dunes;Dunes
5373,VEE_MineralDevoid;VEE_DeepOreDevoid
5374,Dunes
5391,Mountain
5393,Mountain;Caves
5394,Mountain;Caves
5403,Mountain
5409,Valley
5410,Caves;MineralRich;VEE_DeepOreRich
5411,Caves
5412,Caves;MineralRich
5413,Mountain
5414,Mountain
5415,Mountain
5417,Caves
5418,Caves;MineralRich
5425,VEE_DryRiver
5432,VEE_MineralDevoid;VEE_DeepOreDevoid
5434,Dunes;Dunes
5456,Coast
5458,Caves
5460,Caves
5462,Caves
5469,Caves
5473,Caves
5474,Caves
5475,Caves
5476,Caves
5477,Caves
5481,Caves
5485,Caves
5486,Caves
5487,Caves
5488,Caves
5490,Caves
5491,Caves
5531,TerraformingScar
5534,VEE_MineralDevoid;VEE_DeepOreDevoid
5539,VEE_MineralDevoid;VEE_DeepOreDevoid
5543,VEE_MineralDevoid;VEE_DeepOreDevoid
5553,VEE_MineralDevoid;VEE_DeepOreDevoid
5559,VEE_MineralDevoid;VEE_DeepOreDevoid
5567,VEE_MineralDevoid;VEE_DeepOreDevoid
5570,VEE_MineralDevoid;VEE_DeepOreDevoid
5573,VEE_MineralDevoid;VEE_DeepOreDevoid
5576,VEE_MineralDevoid;VEE_DeepOreDevoid
5579,VEE_MineralDevoid;VEE_DeepOreDevoid
5582,VEE_MineralDevoid;VEE_DeepOreDevoid;Dunes
5583,Dunes
5584,Dunes
5585,VEE_MineralDevoid;VEE_DeepOreDevoid;Dunes
5586,Dunes
5587,Dunes
5588,VEE_MineralDevoid;VEE_DeepOreDevoid;Dunes
5589,Dunes
5592,VEE_MineralDevoid;VEE_DeepOreDevoid;Dunes
5593,Dunes
5594,Dunes
5595,VEE_MineralDevoid;VEE_DeepOreDevoid;Dunes
5596,Dunes
5597,Dunes
5598,VEE_MineralDevoid;VEE_DeepOreDevoid;Dunes
5599,Dunes
5601,Caves
5605,VEE_RockRidge
5606,Caves
5610,VEE_MineralDevoid;VEE_DeepOreDevoid
5612,Caves
5614,VEE_DustBowl;VEE_PlantLife_Decimated;VEE_Fertility_Reduced;VEE_DustStorms
5617,Caves;AncientGarrison
5625,AncientRuins;AncientRuins
5628,Caves
5632,AncientRuins;AncientRuins
5637,Dunes
5638,VEE_MineralDevoid;VEE_DeepOreDevoid
5639,Dunes
5644,VEE_MineralDevoid;VEE_DeepOreDevoid
5662,Dunes
5672,VEE_MineralDevoid;VEE_DeepOreDevoid
5678,VEE_MineralDevoid;VEE_DeepOreDevoid
5681,VEE_MineralDevoid;VEE_DeepOreDevoid
5684,VEE_MineralDevoid;VEE_DeepOreDevoid
5687,VEE_MineralDevoid;VEE_DeepOreDevoid
5691,VEE_MineralDevoid;VEE_DeepOreDevoid
5696,VEE_MineralDevoid;VEE_DeepOreDevoid
5699,Cliffs
5701,Cliffs
5702,Chasm
5705,Chasm
5707,VEE_SaltPlains;DryGround
5708,VEE_MineralDevoid;VEE_DeepOreDevoid
5711,VEE_MineralDevoid;VEE_DeepOreDevoid
5720,VEE_MineralDevoid;VEE_DeepOreDevoid
5723,VEE_MineralDevoid;VEE_DeepOreDevoid
5726,VEE_MineralDevoid;VEE_DeepOreDevoid
5729,VEE_MineralDevoid;VEE_DeepOreDevoid
5740,VEE_MineralDevoid;VEE_DeepOreDevoid
5746,Mountain
5747,Cliffs
5752,VEE_MineralDevoid;VEE_DeepOreDevoid
5760,VEE_MineralDevoid;VEE_DeepOreDevoid
5761,AncientChemfuelRefinery
5767,VEE_MineralDevoid;VEE_DeepOreDevoid
5773,VEE_MineralDevoid;VEE_DeepOreDevoid
5778,VEE_MineralDevoid;VEE_DeepOreDevoid
5782,VEE_MineralDevoid;VEE_DeepOreDevoid
5790,VEE_MineralDevoid;VEE_DeepOreDevoid
5795,VEE_MineralDevoid;VEE_DeepOreDevoid
5804,VEE_MineralDevoid;VEE_DeepOreDevoid
5807,VEE_MineralDevoid;VEE_DeepOreDevoid
5810,VEE_MineralDevoid;VEE_DeepOreDevoid
5814,VEE_MineralDevoid;VEE_DeepOreDevoid
5816,VEE_Cenotes
5817,DryGround
5823,VEE_MineralDevoid;VEE_DeepOreDevoid
5824,DryGround
5827,VEE_SaltPlains
5829,VEE_MineralDevoid;VEE_DeepOreDevoid
5834,VEE_MineralDevoid;VEE_DeepOreDevoid
5837,VEE_MineralDevoid;VEE_DeepOreDevoid
5840,VEE_MineralDevoid;VEE_DeepOreDevoid
5843,VEE_MineralDevoid;VEE_DeepOreDevoid
5846,VEE_MineralDevoid;VEE_DeepOreDevoid
5849,VEE_MineralDevoid;VEE_DeepOreDevoid
5855,Caves
5864,Caves
5865,Caves
5868,Caves
5872,Caves
5873,Caves
5874,Caves
5875,Caves
5876,Caves
5877,Caves
5879,Caves
5889,Caves
5893,Caves
5894,Caves
5895,Caves
5899,Caves
5904,VEE_MineralDevoid;VEE_DeepOreDevoid
5910,Mountain
5913,Mountain;Caves
5916,Caves
5917,Caves
5919,Caves
5923,Mountain
5930,Caves
5931,Caves
5937,VEE_StoneForest
5940,Caves
5949,Caves
5951,AncientWarehouse
5952,Caves
5953,Caves
5954,Caves
5955,Caves
5956,Caves
5958,Caves
5959,Caves
5962,Caves
5963,Caves
5966,Caves
5969,Caves
5970,Caves
5971,Caves
5972,Caves
5973,Caves
5974,Caves
5980,Caves
5993,Caves
6009,Caves
6016,Caves
6017,Caves
6018,Caves
6023,Caves
6027,Caves
6028,Caves
6041,Caves
6082,Caves;MineralRich
6084,Caves;MineralRich
6093,AncientRuins;AncientRuins
6099,Caves
6102,AncientRuins_Frozen;AncientRuins_Frozen
6112,Mountain
6113,Mountain
6114,Mountain
6126,Mountain
6142,Caves
6147,Caves
6149,Caves
6150,Caves
6151,Caves
6155,Caves
6156,Caves
6157,Caves
6159,Caves
6160,Caves
6163,Caves
6164,Caves
6165,Caves
6169,Caves
6172,Caves
6183,Caves;MineralRich
6185,MineralRich
6186,Mountain;Caves;MineralRich
6187,Mountain;Caves;MineralRich
6188,Caves
6189,Caves
6190,Caves
6191,Caves;MineralRich
6192,Caves
6193,Mountain;Caves
6194,Caves
6199,Caves
6211,AncientRuins_Frozen;AncientRuins_Frozen
6213,VEE_StagnantRivulet;River
6215,Oasis
6219,Oasis
6220,Mountain
6223,Mountain;Oasis
6224,Mountain
6225,VEE_StagnantRivulet;River
6226,Mountain
6227,Oasis
6228,Mountain
6229,Cliffs;VEE_StagnantRivulet;River
6230,Mountain;River
6231,Mountain;River
6232,Cliffs
6233,Cliffs;AB_MagmaVents;AB_GeothermalHotspots
6234,Mountain;River
6235,Mountain;VEE_StagnantRivulet;River
6236,River
6238,Oasis
6239,River
6243,Oasis
6247,Oasis;DryGround
6248,Dunes
6250,VEE_MineralDevoid;VEE_DeepOreDevoid;Dunes
6252,Dunes
6253,DryLake;Junkyard
6254,Dunes
6255,VEE_MineralDevoid;VEE_DeepOreDevoid;Dunes
6257,Dunes
6270,VEE_MineralDevoid;VEE_DeepOreDevoid;Dunes
6274,Dunes
6276,VEE_MineralDevoid;VEE_DeepOreDevoid;Dunes
6278,Dunes
6279,VEE_MineralDevoid;VEE_DeepOreDevoid;Dunes
6281,Dunes
6282,Dunes
6283,VEE_MineralDevoid;VEE_DeepOreDevoid;Dunes
6284,Dunes
6285,Dunes
6286,VEE_MineralDevoid;VEE_DeepOreDevoid;Dunes
6287,Dunes
6288,Dunes
6289,VEE_MineralDevoid;VEE_DeepOreDevoid;Dunes
6291,VEE_SaltPlains
6293,Dunes
6294,VEE_MineralDevoid;VEE_DeepOreDevoid;Dunes
6296,Dunes
6297,Dunes
6298,VEE_MineralDevoid;VEE_DeepOreDevoid;Dunes
6299,Dunes
6300,Dunes
6301,VEE_MineralDevoid;VEE_DeepOreDevoid;Dunes
6303,VEE_SaltPlains
6307,Dunes
6308,Dunes
6309,VEE_MineralDevoid;VEE_DeepOreDevoid;Dunes
6310,Dunes
6312,Dunes
6315,VEE_MineralDevoid;VEE_DeepOreDevoid;VEE_PebbleDunes;VEE_PebbleDunes
6316,Dunes
6317,Dunes
6318,VEE_MineralDevoid;VEE_DeepOreDevoid;Dunes
6320,DryGround
6321,VEE_SaltPlains;DryGround
6322,VEE_SaltPlains;MineralRich
6323,VEE_SaltPlains;MineralRich
6324,VEE_SaltPlains;Oasis
6325,DryGround
6328,Dunes
6329,VEE_MineralDevoid;VEE_DeepOreDevoid;Dunes
6330,Dunes
6334,VEE_MineralDevoid;VEE_DeepOreDevoid
6335,VEE_SaltPlains
6342,VEE_MineralDevoid;VEE_DeepOreDevoid
6347,Dunes
6348,VEE_MineralDevoid;VEE_DeepOreDevoid;Dunes
6349,Dunes
6351,VEE_MineralDevoid;VEE_DeepOreDevoid
6353,Dunes
6355,VEE_MineralDevoid;VEE_DeepOreDevoid
6356,Dunes
6358,Dunes;Dunes
6359,VEE_MineralDevoid;VEE_DeepOreDevoid;Dunes
6360,Dunes
6361,Dunes
6362,MineralRich
6363,MineralRich;VEE_DeepOreRich
6366,Mountain
6367,Mountain;MineralRich
6368,MineralRich
6370,MineralRich;VEE_DeepOreRich
6371,Mountain;MineralRich;VEE_DeepOreRich
6372,VEE_DryRiver
6377,VEE_MineralDevoid;VEE_DeepOreDevoid
6381,AB_AmbientRadiation;AB_DerelictClusters
6382,AB_DerelictClusters;AncientHeatVent
6384,AB_DerelictClusters;AncientHeatVent;AncientRuins;Junkyard;VEE_MechanoidShipChunks
6385,AncientHeatVent;AncientRuins;MineralRich
6386,AB_AmbientRadiation;AB_DerelictClusters;AncientHeatVent;AncientRuins
6387,MineralRich
6388,MineralRich;VEE_DeepOreRich
6389,MineralRich;VEE_DeepOreRich
6390,TerraformingScar;Junkyard;AncientRuins
6391,MineralRich
6394,Dunes
6395,Dunes
6396,VEE_MineralDevoid;VEE_DeepOreDevoid;Dunes
6397,Dunes
6398,Dunes
6400,VEE_MineralDevoid;VEE_DeepOreDevoid;Dunes
6403,VEE_MineralDevoid;VEE_DeepOreDevoid
6415,VEE_MineralDevoid;VEE_DeepOreDevoid
6422,DryLake
6426,Dunes
6430,VEE_MineralDevoid;VEE_DeepOreDevoid;Dunes
6431,Dunes
6432,Dunes
6435,VEE_MineralDevoid;VEE_DeepOreDevoid;Dunes
6436,Dunes
6437,VEE_PebbleDunes;VEE_PebbleDunes
6439,VEE_MineralDevoid;VEE_DeepOreDevoid;Dunes;Dunes
6441,Dunes
6443,Dunes
6444,VEE_MineralDevoid;VEE_DeepOreDevoid
6448,VEE_StagnantRivulet;River
6449,VEE_StagnantRivulet;River
6450,VEE_StagnantRivulet;River
6454,Cliffs
6455,Mountain
6456,Oasis
6463,VEE_PebbleDunes;VEE_PebbleDunes
6470,River
6471,AB_DerelictClusters;MineralRich;VEE_SulfuricLake
6474,VEE_StagnantRivulet;River
6476,AB_AmbientRadiation;AB_DerelictClusters;AncientHeatVent;AncientRuins;VEE_ToxicVents
6477,AB_DerelictClusters;AncientHeatVent
6478,AB_DerelictClusters
6479,TerraformingScar;AB_AmbientRadiation;AncientHeatVent;MineralRich;VEE_MechanoidShipChunks
6480,AB_AmbientRadiation;AB_DerelictClusters;AncientHeatVent;AncientRuins;MineralRich
6481,AB_AmbientRadiation;AB_DerelictClusters;AncientHeatVent;VEE_MechanoidShipChunks;VEE_ToxicVents
6482,AB_DerelictClusters;VEE_SulfuricLake
6483,AncientHeatVent
6484,AB_AmbientRadiation;AB_DerelictClusters;AncientHeatVent;VEE_MechanoidShipChunks
6485,AB_AmbientRadiation;AncientHeatVent;AncientRuins;Junkyard;VEE_ToxicVents
6486,VEE_StagnantRivulet;River
6488,AB_AmbientRadiation;AB_DerelictClusters;AncientHeatVent;AncientRuins;Junkyard;VEE_ToxicVents
6489,AB_AmbientRadiation;AncientHeatVent;Junkyard;MineralRich;VEE_MechanoidShipChunks;VEE_ToxicVents
6490,AB_DerelictClusters;AncientHeatVent
6491,AB_AmbientRadiation;AB_DerelictClusters;AncientHeatVent;Junkyard;VEE_MechanoidShipChunks
6492,AB_DerelictClusters;AncientHeatVent;Junkyard;VEE_MechanoidShipChunks;VEE_SulfuricLake;VEE_ToxicVents
6493,AB_AmbientRadiation;AB_DerelictClusters;AncientHeatVent;AncientRuins;MineralRich;VEE_MechanoidShipChunks;VEE_ToxicVents
6494,AB_AncientDeathPallVent;AB_DerelictClusters;VEE_ToxicVents
6495,AB_DerelictClusters;AncientHeatVent;Junkyard;VEE_ToxicVents
6496,AB_DerelictClusters;AncientHeatVent;VEE_SulfuricLake
6497,AB_DerelictClusters;AncientHeatVent;AncientRuins;Junkyard;MineralRich
6498,AB_DerelictClusters;AncientHeatVent;VEE_MechanoidShipChunks
6499,AB_AmbientRadiation;AB_AncientGreyPallVent;MineralRich;VEE_MechanoidShipChunks
6500,VEE_MineralDevoid;VEE_DeepOreDevoid;Dunes
6501,Dunes
6502,Dunes
6503,VEE_MineralDevoid;VEE_DeepOreDevoid;Dunes
6504,Dunes
6505,Dunes
6506,VEE_MineralDevoid;VEE_DeepOreDevoid;Dunes
6507,Dunes
6508,Dunes
6509,VEE_MineralDevoid;VEE_DeepOreDevoid;Dunes
6510,Dunes
6511,Dunes
6512,VEE_MineralDevoid;VEE_DeepOreDevoid;Dunes
6513,Dunes
6514,Dunes
6515,VEE_MineralDevoid;VEE_DeepOreDevoid;Dunes
6516,Dunes
6517,Dunes
6518,VEE_MineralDevoid;VEE_DeepOreDevoid;Dunes
6519,Dunes
6520,Dunes
6521,VEE_MineralDevoid;VEE_DeepOreDevoid;Dunes
6522,Dunes
6523,Dunes
6530,VEE_MineralDevoid;VEE_DeepOreDevoid;Dunes
6533,Dunes
6534,Dunes
6535,VEE_MineralDevoid;VEE_DeepOreDevoid;Dunes
6536,Dunes
6537,Dunes
6542,VEE_MineralDevoid;VEE_DeepOreDevoid;Dunes
6543,Dunes
6544,Dunes
6545,VEE_MineralDevoid;VEE_DeepOreDevoid;Dunes
6546,Dunes
6547,Dunes
6548,VEE_MineralDevoid;VEE_DeepOreDevoid;Dunes
6549,Dunes
6550,Dunes
6551,VEE_MineralDevoid;VEE_DeepOreDevoid;Dunes
6552,Dunes
6553,Dunes
6554,VEE_MineralDevoid;VEE_DeepOreDevoid;Dunes
6555,Dunes
6556,Dunes
6557,VEE_MineralDevoid;VEE_DeepOreDevoid;Dunes
6560,Dunes
6561,Dunes
6564,VEE_MineralDevoid;VEE_DeepOreDevoid;Dunes
6565,Dunes
6566,Dunes
6567,VEE_MineralDevoid;VEE_DeepOreDevoid;Dunes
6568,Dunes
6569,Dunes
6570,VEE_MineralDevoid;VEE_DeepOreDevoid;Dunes
6571,Dunes
6575,Mountain
6576,Dunes
6579,VEE_SaltPlains
6580,VEE_MineralDevoid;VEE_DeepOreDevoid;Dunes
6588,Dunes
6605,Mountain;MineralRich
6606,Mountain;MineralRich
6607,Mountain;MineralRich;VEE_DeepOreRich
6608,Mountain
6610,Mountain
6611,Mountain
6612,Mountain
6613,Mountain
6614,Mountain
6615,Mountain
6616,MineralRich
6617,MineralRich
6620,VEE_MineralDevoid;VEE_DeepOreDevoid
6625,VEE_MineralDevoid;VEE_DeepOreDevoid
6634,VEE_MineralDevoid;VEE_DeepOreDevoid;Coast
6636,Archipelago
6637,VEE_MineralDevoid;VEE_DeepOreDevoid
6638,VEE_GravelBeach
6639,Dunes
6640,VEE_MineralDevoid;VEE_DeepOreDevoid;Dunes
6641,Dunes
6645,CoastalIsland
6654,Mountain;Coast
6658,Peninsula
6660,VEE_SaltPlains
6661,VEE_SaltPlains
6662,VEE_SaltPlains
6663,VEE_SaltPlains
6667,VEE_SaltPlains
6670,VEE_SaltPlains;CoastalIsland
6671,VEE_SaltPlains
6677,Coast
6678,Coast
6681,VEE_MineralDevoid;VEE_DeepOreDevoid;Dunes;Dunes
6682,Cliffs;MineralRich
6684,Mountain;MineralRich
6686,Dunes
6688,Dunes
6691,VEE_MineralDevoid;VEE_DeepOreDevoid;Dunes
6693,MineralRich
6695,Cavern;AncientQuarry;AncientQuarry;MineralRich
6696,Mountain;MineralRich;VEE_DeepOreRich
6697,Mountain;MineralRich;VEE_DeepOreRich
6702,Dunes;Dunes
6703,Dunes
6704,VEE_MineralDevoid;VEE_DeepOreDevoid;Dunes
6709,Dunes
6711,Dunes
6712,VEE_MineralDevoid;VEE_DeepOreDevoid;DryLake
6717,Basin
6721,VEE_MineralDevoid;VEE_DeepOreDevoid
6722,Mountain
6723,Mountain
6724,Mountain
6726,Mountain
6727,Mountain
6729,Mountain
6730,Mountain
6731,Mountain
6733,Mountain
6734,Mountain
6737,Mountain
6738,Dunes;Dunes
6750,VEE_MineralDevoid;VEE_DeepOreDevoid
6752,Mountain
6753,Mountain
6755,Mountain
6756,Caves
6764,VEE_MeteorCrater
6766,Caves
6772,Caves
6773,Caves
6783,Mountain
6784,Mountain
6785,Mountain
6791,VEE_MineralDevoid;VEE_DeepOreDevoid;ToxicLake
6795,VEE_MineralDevoid;VEE_DeepOreDevoid
6809,VEE_MineralDevoid;VEE_DeepOreDevoid
6814,Caves
6829,VEE_MineralDevoid;VEE_DeepOreDevoid
6834,Mountain
6840,AncientChemfuelRefinery
6843,VEE_MineralDevoid;VEE_DeepOreDevoid;VEE_SaltPlains
6854,AncientGarrison
6855,Mountain
6859,Mountain
6869,Caves
6871,Caves
6878,VEE_MeteorCrater
6879,Caves
6881,Caves
6882,Caves
6883,Caves
6885,Caves
6886,Caves
6887,Caves
6891,Caves
6894,Caves
6895,Caves
6899,Mountain
6903,Mountain
6904,Mountain
6905,Mountain
6911,Mountain
6914,CoastalIsland
6915,CoastalIsland
6919,Coast
6920,CoastalIsland
6921,CoastalIsland
6922,CoastalIsland
6923,CoastalIsland
6924,CoastalIsland
6927,CoastalIsland
6928,CoastalIsland
6929,CoastalIsland
6931,CoastalIsland
6933,Mountain
6936,Mountain
6940,Mountain
6941,VEE_PlantLife_Overgrown;VEE_NoTrees
6942,Mountain
6943,Mountain
6951,Mountain
6952,Mountain;CoastalIsland
6954,Mountain
6955,Cavern
6960,CoastalIsland
6969,Mountain
6971,Mountain;Oasis;Coast
6974,Oasis
6975,Oasis
6976,Mountain
6977,Mountain;AbandonedColonyTribal;AbandonedColonyTribal
6979,Oasis
6984,VEE_SaltPlains
6985,VEE_SaltPlains
6986,VEE_SaltPlains
6987,VEE_SaltPlains;Oasis
6988,VEE_SaltPlains
6989,VEE_SaltPlains
6991,Oasis
6999,Oasis
7000,Oasis
7001,Oasis
7002,Oasis
7003,Oasis
7004,VEE_DryRiver
7005,Mountain
7006,Oasis
7010,Mountain
7012,Mountain
7014,Mountain
7015,Mountain
7017,VEE_MineralDevoid;VEE_DeepOreDevoid;VEE_QuicksandDunes;VEE_QuicksandDunes
7028,Mountain
7029,Valley
7030,Mountain;MineralRich
7032,MineralRich
7033,Mountain;MineralRich;VEE_DeepOreRich
7036,Mountain
7037,Mountain;AbandonedColonyTribal;AbandonedColonyTribal
7038,Mountain
7041,Mountain;VEE_StagnantRivulet;River
7042,Oasis
7043,VEE_StagnantRivulet;River
7044,Mountain
7045,Mountain
7052,River
7053,VEE_StagnantRivulet
7054,VEE_StagnantRivulet;River
7055,VEE_StagnantRivulet;River
7057,VEE_StagnantRivulet;River
7058,AB_LocustPlagues;Oasis;InsectMegahive;VEE_IncreasedDiseases;Pond
7059,Oasis;AB_FeraliskNest;VEE_RottenStench;Pond;InsectMegahive;VEE_StagnantRivulet
7060,Marshy;Oasis;AB_FeraliskNest;InsectMegahive;VEE_RotstinkVents
7061,AB_LocustPlagues;VEE_StagnantRivulet;ToxicLake;AB_BumbledroneNests;Oasis
7062,Oasis;VEE_IncreasedInfestations;AB_FeraliskNest;VEE_RottenStench;Pond
7063,AB_FeraliskNest;AB_LocustPlagues;ToxicLake;Pond
7064,Mountain
7065,Mountain
7066,AB_FeraliskNest;VEE_RottenStench;Pond;InsectMegahive;VEE_StagnantRivulet
7069,Mountain;Bay
7076,Mountain;MineralRich;VEE_DeepOreRich
7077,Mountain;River
7078,Mountain
7079,Mountain;River
7080,Mountain;River
7081,Mountain;River
7084,Mountain
7085,Mountain
7086,Cliffs
7100,Mountain;MineralRich;VEE_GravelBeach
7101,Mountain;MineralRich;VEE_DeepOreRich;River
7104,Cliffs
7105,Mountain;MineralRich;River
7106,Mountain;River
7107,Mountain;MineralRich;River
7108,Mountain;MineralRich;VEE_DeepOreRich;River
7109,Mountain
7111,Mountain;River
7112,Caves
7117,Caves
7124,Caves
7128,Caves
7129,Caves
7136,Caves
7137,Caves
7139,Caves
7140,Caves
7141,Caves
7149,Caves
7160,Chasm;Caves
7162,Caves
7165,Caves
7166,Cliffs;Caves
7170,Caves
7174,VEE_JaggedRocks;VEE_MineralDevoid;VEE_DeepOreDevoid
7176,Mountain
7177,Mountain
7180,Mountain
7183,CoastalIsland
7187,Caves
7190,Caves
7198,Caves
7208,Caves
7209,Caves
7210,Caves
7212,Caves
7213,Caves
7214,Caves
7216,Caves
7217,Caves
7219,Caves
7221,CoastalIsland
7226,Mountain;Caves
7227,Mountain;Caves
7228,Mountain;Caves
7229,Caves
7230,Caves
7231,Caves
7244,VEE_SaltPlains
7246,VEE_SaltPlains
7247,VEE_SaltPlains
7248,VEE_SaltPlains
7250,Caves
7251,Mountain
7258,Caves
7268,Caves
7269,Caves
7270,Caves
7271,Caves
7272,Caves
7273,Mountain;Caves
7274,Mountain
7275,Mountain
7276,Caves
7277,Mountain;Caves
7278,Mountain;Caves
7279,Caves
7283,Mountain;Caves
7294,VEE_MineralDevoid;VEE_DeepOreDevoid
7306,AncientChemfuelRefinery
7307,Cliffs
7308,Cliffs
7309,Mountain;SteamGeysers_Increased
7310,Mountain
7311,Cliffs
7322,VEE_MineralDevoid;VEE_DeepOreDevoid;Dunes
7323,Dunes
7324,Dunes
7325,VEE_MineralDevoid;VEE_DeepOreDevoid;Dunes
7326,Dunes
7331,Dunes
7333,VEE_MineralDevoid;VEE_DeepOreDevoid;Dunes
7334,Dunes
7338,VEE_MineralDevoid;VEE_DeepOreDevoid
7341,VEE_MineralDevoid;VEE_DeepOreDevoid
7342,Oasis
7352,Caves
7376,CoastalIsland
7380,CoastalIsland
7387,VEE_Cenotes;VEE_Cenotes
7393,Caves
7400,AB_MagmaVents;LavaFlow;AB_MagmaticQuagmire;AB_MagmaticQuagmire;AB_MagmaVents;AB_GeothermalHotspots
7401,Cliffs
7402,Cliffs
7403,Cliffs
7404,Mountain
7405,AB_MagmaVents;LavaFlow;AB_MagmaticQuagmire;AB_MagmaticQuagmire;AB_MagmaVents;AB_GeothermalHotspots
7423,VEE_MineralDevoid;VEE_DeepOreDevoid
7427,VEE_MineralDevoid;VEE_DeepOreDevoid
7433,Mountain
7434,Mountain
7437,VEE_SaltPlains
7438,DryGround
7439,DryGround
7445,Caves
7446,Mountain
7447,Caves
7454,Dunes
7455,VEE_MineralDevoid;VEE_DeepOreDevoid;Dunes
7457,Dunes
7458,VEE_MineralDevoid;VEE_DeepOreDevoid;Dunes;Dunes
7459,Dunes
7485,VEE_FleshPits;VEE_FleshPits
7490,VEE_MineralDevoid;VEE_DeepOreDevoid
7493,VEE_MineralDevoid;VEE_DeepOreDevoid
7497,VEE_MineralDevoid;VEE_DeepOreDevoid;Coast
7500,VEE_MineralDevoid;VEE_DeepOreDevoid;CoastalIsland
7509,VEE_MineralDevoid;VEE_DeepOreDevoid
7512,VEE_MineralDevoid;VEE_DeepOreDevoid
7515,Mountain
7518,Mountain
7526,Caves
7527,Caves
7528,Caves
7529,Caves
7530,Caves
7531,Caves
7545,VEE_MineralDevoid;VEE_DeepOreDevoid
7548,VEE_MineralDevoid;VEE_DeepOreDevoid
7554,VEE_RockRidge
7563,VEE_MineralDevoid;VEE_DeepOreDevoid
7566,VEE_MineralDevoid;VEE_DeepOreDevoid
7569,VEE_MineralDevoid;VEE_DeepOreDevoid
7572,VEE_MineralDevoid;VEE_DeepOreDevoid
7577,TerraformingScar;VEE_MineralDevoid;VEE_DeepOreDevoid
7587,VEE_MineralDevoid;VEE_DeepOreDevoid
7590,VEE_MineralDevoid;VEE_DeepOreDevoid
7592,Caves
7593,Caves
7597,Caves
7598,Caves
7600,Caves
7602,Cliffs;Caves
7603,Caves
7604,Caves
7605,Caves
7606,Caves
7607,Caves
7608,Caves
7609,Caves
7610,Caves
7611,Caves
7613,Caves
7614,Caves
7615,Caves
7630,AncientRuins;AncientRuins
7634,Mountain
7635,Mountain
7639,Mountain
7640,AncientRuins;AncientRuins
7645,Caves
7649,Caves
7653,VEE_SaltPlains;VEE_StagnantRivulet;River
7668,Dunes
7674,VEE_MineralDevoid;VEE_DeepOreDevoid
7685,VEE_MineralDevoid;VEE_DeepOreDevoid
7689,Dunes
7694,AB_AmbientRadiation;AB_DerelictClusters;AncientHeatVent;VEE_MechanoidShipChunks;VEE_SulfuricLake;VEE_ToxicVents
7695,AB_DerelictClusters;AncientHeatVent;VEE_ToxicVents
7696,AB_DerelictClusters;MineralRich;VEE_SulfuricLake;VEE_ToxicVents
7697,TerraformingScar;AB_AmbientRadiation;AB_DerelictClusters;AncientHeatVent;VEE_MechanoidShipChunks;VEE_ToxicVents
7698,AB_AmbientRadiation;AB_DerelictClusters;AncientHeatVent;AncientInfestedSettlement
7699,AB_AmbientRadiation;AB_DerelictClusters;AncientHeatVent;AncientRuins;VEE_SulfuricLake
7702,VEE_MineralDevoid;VEE_DeepOreDevoid;Dunes
7703,Dunes
7704,Dunes
7705,VEE_MineralDevoid;VEE_DeepOreDevoid;Dunes
7707,Dunes
7708,Dunes
7709,VEE_MineralDevoid;VEE_DeepOreDevoid;Dunes
7710,Dunes
7720,VEE_MineralDevoid;VEE_DeepOreDevoid
7731,Dunes
7734,Dunes
7735,VEE_MineralDevoid;VEE_DeepOreDevoid;Dunes
7739,Mountain
7740,Mountain
7751,VEE_MeteorCrater
7752,VEE_MineralDevoid;VEE_DeepOreDevoid
7755,VEE_MineralDevoid;VEE_DeepOreDevoid
7758,VEE_MineralDevoid;VEE_DeepOreDevoid
7772,Mountain;Bay
7773,Mountain;Coast
7777,Mountain;Coast
7778,Mountain;Coast
7779,Mountain;Coast
7780,Oasis
7781,Mountain;Oasis
7782,Oasis
7783,Mountain
7785,Mountain
7786,Mountain
7788,Mountain
7789,Mountain
7790,Cliffs
7791,Cliffs;Bay
7792,Cliffs
7793,Mountain
7794,Mountain;River
7795,Mountain
7804,Caves
7806,Caves
7809,Mountain
7812,Caves
7814,Caves
7816,Caves
7817,Caves
7819,Caves
7821,VEE_SaltPlains
7825,VEE_SaltPlains
7833,VEE_MineralDevoid;VEE_DeepOreDevoid
7836,VEE_MineralDevoid;VEE_DeepOreDevoid
7841,VEE_MineralDevoid;VEE_DeepOreDevoid
7851,VEE_MineralDevoid;VEE_DeepOreDevoid
7854,VEE_MineralDevoid;VEE_DeepOreDevoid
7857,VEE_MineralDevoid;VEE_DeepOreDevoid
7860,VEE_MineralDevoid;VEE_DeepOreDevoid
7865,VEE_MineralDevoid;VEE_DeepOreDevoid
7871,Caves
7891,VEE_JaggedRocks
7897,VEE_DustBowl;VEE_PlantLife_Decimated;VEE_Fertility_Reduced;VEE_DustStorms
7900,VEE_MineralDevoid;VEE_DeepOreDevoid
7903,VEE_MineralDevoid;VEE_DeepOreDevoid
7904,Dunes
7905,Dunes
7906,VEE_MineralDevoid;VEE_DeepOreDevoid;Dunes
7907,Dunes
7908,Dunes
7909,VEE_MineralDevoid;VEE_DeepOreDevoid;Dunes
7924,Mountain
7925,Mountain
7926,Mountain
7927,DryGround
7928,VEE_MineralDevoid;VEE_DeepOreDevoid
7931,VEE_MineralDevoid;VEE_DeepOreDevoid
7936,VEE_MineralDevoid;VEE_DeepOreDevoid
7941,VEE_MineralDevoid;VEE_DeepOreDevoid
7942,DryGround
7943,VEE_SaltPlains
7944,VEE_MineralDevoid;VEE_DeepOreDevoid
7945,DryGround
7952,Caves
7953,Caves
7954,Caves
7955,Caves
7956,Caves
7957,Caves
7982,Caves
7987,Caves
8005,AncientRuins;AncientRuins
8006,Mountain;Caves;MineralRich;VEE_DeepOreRich
8007,Caves;MineralRich
8010,Caves;MineralRich
8013,Oasis
8014,Oasis
8017,VEE_PlantLife_Overgrown;VEE_NoTrees
8020,Dunes
8021,VEE_MineralDevoid;VEE_DeepOreDevoid;Dunes
8022,Dunes
8023,Dunes
8028,VEE_MineralDevoid;VEE_DeepOreDevoid;Dunes
8029,Dunes
8031,Dunes
8032,VEE_MineralDevoid;VEE_DeepOreDevoid;Dunes
8036,Mountain;MineralRich
8037,Mountain
8038,Mountain
8040,Mountain
8041,Mountain
8042,Dunes
8043,Dunes
8051,Mountain
8053,Mountain
8060,VEE_MineralDevoid;VEE_DeepOreDevoid;Dunes
8061,Dunes
8062,Dunes
8063,VEE_MineralDevoid;VEE_DeepOreDevoid;Dunes
8064,Dunes
8065,Dunes
8066,VEE_MineralDevoid;VEE_DeepOreDevoid;Dunes
8067,Dunes
8068,Dunes
8069,VEE_MineralDevoid;VEE_DeepOreDevoid;Dunes
8070,Dunes
8071,Dunes
8072,Mountain
8073,Mountain
8074,Mountain
8078,Mountain
8081,Coast
8083,Mountain
8084,Mountain;Bay
8085,Mountain
8086,Mountain
8087,Mountain
8088,Mountain
8089,Mountain
8093,Mountain
8096,VEE_MineralDevoid;VEE_DeepOreDevoid;Dunes;Dunes
8100,Dunes
8101,Dunes
8102,Mountain
8104,Mountain
8106,VEE_SerpentineCanyons
8107,Mountain
8108,VEE_MineralDevoid;VEE_DeepOreDevoid
8114,VEE_MineralDevoid;VEE_DeepOreDevoid
8126,Mountain
8130,Mountain
8132,Oasis
8133,Mountain;Oasis
8134,Mountain;Oasis
8135,Mountain;Oasis
8136,Mountain;Oasis
8137,Oasis
8139,Mountain
8140,Oasis
8141,Mountain
8142,Mountain
8143,Mountain;MineralRich;VEE_DeepOreRich
8144,Mountain
8145,Mountain
8146,Mountain;Oasis
8147,Valley
8148,Mountain
8149,Mountain;Oasis
8150,River
8151,River
8163,Caves
8165,Caves
8166,Caves
8167,Caves
8181,Peninsula
8188,Mountain
8189,Mountain
8190,Mountain
8191,Mountain
8193,Caves
8194,Caves
8195,Caves
8196,Caves
8199,Caves
8246,Caves
8247,Caves
8248,Caves
8250,Caves
8251,Caves
8268,VEE_MineralDevoid;VEE_DeepOreDevoid
8272,Oasis
8285,VEE_MineralDevoid;VEE_DeepOreDevoid
8290,VEE_MineralDevoid;VEE_DeepOreDevoid
8300,Dunes
8301,VEE_MineralDevoid;VEE_DeepOreDevoid
8302,Dunes
8303,Dunes
8304,VEE_MineralDevoid;VEE_DeepOreDevoid;Dunes
8305,Dunes
8306,Coast
8310,Coast
8325,Mountain
8330,Marshy;VEE_StagnantRivulet;VEE_IncreasedInfestations;AB_LocustPlagues;ToxicLake;River
8331,Marshy;VEE_StagnantRivulet;VEE_IncreasedInfestations;AB_FeraliskNest;ToxicLake;River
8332,Marshy;VEE_IncreasedInfestations;VEE_StagnantRivulet;ToxicLake
8333,VEE_IncreasedInfestations;AB_BumbledroneNests;VEE_IncreasedDiseases;Pond
8334,Marshy;AB_LocustPlagues;VEE_StagnantRivulet;InsectMegahive;VEE_IncreasedDiseases;River
8335,Marshy;VEE_IncreasedInfestations;AB_LocustPlagues;VEE_IncreasedDiseases
8342,VEE_SaltPlains
8343,VEE_SaltPlains
8344,VEE_SaltPlains
8345,VEE_SaltPlains
8346,VEE_SaltPlains
8347,VEE_SaltPlains
8367,CoastalIsland
8368,CoastalIsland
8372,Caves;MineralRich
8373,Mountain;Caves;MineralRich;VEE_DeepOreRich
8374,Cliffs;Caves;MineralRich;VEE_DeepOreRich
8375,Mountain;Caves;MineralRich;VEE_DeepOreRich
8376,Caves;MineralRich
8377,Mountain;Caves;MineralRich;VEE_DeepOreRich
8378,Caves
8379,Caves
8383,Caves
8388,Caves;MineralRich
8389,Caves;MineralRich
8396,Caves
8398,Caves
8399,Caves
8406,Caves
8407,Caves
8408,Caves
8409,Caves
8410,Caves
8422,Caves
8423,Caves
8424,Caves
8425,Caves
8426,Caves
8431,Caves
8436,Caves
8449,AncientWarehouse
8474,Cliffs;Caves
8475,Caves
8478,Caves
8479,Caves
8480,Dunes;Dunes
8486,MineralRich
8488,MineralRich
8497,Cliffs
8498,Oasis
8500,VEE_StagnantRivulet;River
8501,VEE_StagnantRivulet;River
8503,Oasis;VEE_StagnantRivulet
8515,Cliffs
8518,VEE_SaltPlains
8524,VEE_MineralDevoid;VEE_DeepOreDevoid
8528,Dunes
8529,Dunes
8530,VEE_MineralDevoid;VEE_DeepOreDevoid;Dunes
8531,Dunes
8532,Dunes
8533,VEE_MineralDevoid;VEE_DeepOreDevoid;Dunes
8548,Dunes
8553,VEE_MineralDevoid;VEE_DeepOreDevoid
8556,VEE_MineralDevoid;VEE_DeepOreDevoid
8564,Mountain
8565,Mountain
8570,Caves
8581,VEE_MineralDevoid;VEE_DeepOreDevoid
8584,VEE_MineralDevoid;VEE_DeepOreDevoid
8587,VEE_MineralDevoid;VEE_DeepOreDevoid
8590,Caves
8591,VEE_MineralDevoid;VEE_DeepOreDevoid
8601,VEE_MineralDevoid;VEE_DeepOreDevoid
8604,VEE_MineralDevoid;VEE_DeepOreDevoid
8608,VEE_MineralDevoid;VEE_DeepOreDevoid
8614,VEE_MineralDevoid;VEE_DeepOreDevoid
8626,VEE_MineralDevoid;VEE_DeepOreDevoid
8629,VEE_MineralDevoid;VEE_DeepOreDevoid
8632,VEE_MineralDevoid;VEE_DeepOreDevoid
8635,VEE_MineralDevoid;VEE_DeepOreDevoid
8639,VEE_MineralDevoid;VEE_DeepOreDevoid
8643,VEE_MineralDevoid;VEE_DeepOreDevoid
8654,VEE_MineralDevoid;VEE_DeepOreDevoid
8657,VEE_MineralDevoid;VEE_DeepOreDevoid
8658,Dunes
8659,Dunes
8663,VEE_MineralDevoid;VEE_DeepOreDevoid
8678,Dunes
8679,VEE_MineralDevoid;VEE_DeepOreDevoid;Dunes
8680,Dunes
8681,Dunes
8682,VEE_MineralDevoid;VEE_DeepOreDevoid;Dunes
8683,Dunes
8695,Dunes
8696,DryGround
8699,DryGround
8706,DryGround
8708,VEE_MineralDevoid;VEE_DeepOreDevoid
8711,VEE_MineralDevoid;VEE_DeepOreDevoid
8714,CoastalIsland
8715,CoastalIsland
8716,CoastalIsland
8717,CoastalIsland
8718,CoastalIsland
8719,CoastalIsland
8720,DryGround
8727,VEE_MineralDevoid;VEE_DeepOreDevoid
8731,VEE_SaltPlains
8780,Caves
8783,Caves
8786,Caves
8788,Caves
8789,Caves
8790,Caves
8794,AncientWarehouse
8796,VEE_MeteorCrater
8802,VEE_Cenotes;VEE_Cenotes
8804,VEE_MineralDevoid;VEE_DeepOreDevoid;Dunes
8806,Dunes
8807,Dunes
8808,VEE_MineralDevoid;VEE_DeepOreDevoid;Dunes
8809,Dunes
8810,Dunes
8811,VEE_MineralDevoid;VEE_DeepOreDevoid
8812,Dunes
8813,Dunes
8814,VEE_MineralDevoid;VEE_DeepOreDevoid;Dunes
8815,Dunes
8816,River
8817,Cavern
8818,Mountain;River
8819,Mountain
8824,VEE_MineralDevoid;VEE_DeepOreDevoid
8835,Mountain
8836,Mountain
8837,Mountain;MineralRich;VEE_DeepOreRich
8838,Mountain;MineralRich;VEE_DeepOreRich
8840,Dunes
8841,VEE_MineralDevoid;VEE_DeepOreDevoid;Dunes
8842,Dunes
8843,Dunes
8844,VEE_MineralDevoid;VEE_DeepOreDevoid;Dunes
8845,Dunes
8848,Dunes
8849,VEE_MineralDevoid;VEE_DeepOreDevoid;Dunes
8850,Dunes
8852,AB_AmbientRadiation;AB_DerelictClusters;AncientHeatVent;VEE_MechanoidShipChunks
8853,AB_AmbientRadiation;AB_AncientGreyPallVent;AB_DerelictClusters;AncientRuins;VEE_MechanoidShipChunks
8854,AB_AmbientRadiation;AncientHeatVent;AncientRuins;MineralRich
8855,AB_AmbientRadiation;AB_DerelictClusters;AncientHeatVent
8856,AB_AmbientRadiation;AB_AncientGreyPallVent;AB_DerelictClusters;MineralRich;VEE_MechanoidShipChunks;VEE_SulfuricLake
8857,AB_DerelictClusters;AncientHeatVent;Junkyard;MineralRich;VEE_MechanoidShipChunks
8868,Dunes
8869,VEE_MineralDevoid;VEE_DeepOreDevoid;Dunes
8870,Mountain;MineralRich;VEE_DeepOreRich
8871,Mountain
8872,Mountain
8874,MineralRich
8875,Mountain;MineralRich
8883,Caves;CoastalIsland
8884,CoastalIsland
8887,Caves
8896,Archipelago
8898,Coast
8904,Peninsula
8914,VEE_MineralDevoid;VEE_DeepOreDevoid
8917,VEE_MineralDevoid;VEE_DeepOreDevoid
8920,VEE_MineralDevoid;VEE_DeepOreDevoid
8923,VEE_MineralDevoid;VEE_DeepOreDevoid
8932,VEE_MineralDevoid;VEE_DeepOreDevoid
8935,VEE_MineralDevoid;VEE_DeepOreDevoid
8938,VEE_MineralDevoid;VEE_DeepOreDevoid
8941,VEE_MineralDevoid;VEE_DeepOreDevoid
8973,VEE_DustBowl;VEE_PlantLife_Decimated;VEE_Fertility_Reduced;VEE_DustStorms
8990,VEE_MineralDevoid;VEE_DeepOreDevoid
9002,Cliffs;AB_MagmaVents
9003,Mountain
9004,DryGround
9005,DryGround
9007,VEE_SaltPlains;DryGround
9010,DryGround
9019,VEE_MineralDevoid;VEE_DeepOreDevoid
9020,Chasm
9022,Cliffs
9023,Cliffs;HotSprings
9024,VEE_SaltPlains
9025,Cliffs
9026,VEE_SaltPlains
9027,DryGround
9028,VEE_SaltPlains
9029,VEE_SaltPlains
9030,DryGround
9031,Plateau;VEE_SaltPlains
9040,Caves
9041,Caves
9042,Caves
9057,Caves
9058,Caves
9059,Caves
9071,Mountain
9072,Mountain
9074,Mountain
9075,Mountain
9076,Mountain
9077,Mountain
9078,Mountain
9079,Mountain
9080,Caves
9082,Caves
9084,Caves
9085,Caves
9087,AncientRuins;AncientRuins
9090,Caves
9092,Dunes
9093,Dunes
9094,VEE_MineralDevoid;VEE_DeepOreDevoid;Dunes
9095,Dunes
9096,Dunes
9097,VEE_MineralDevoid;VEE_DeepOreDevoid;Dunes
9098,Dunes
9099,Dunes
9100,VEE_MineralDevoid;VEE_DeepOreDevoid;Dunes
9101,Dunes
9102,Dunes
9103,VEE_MineralDevoid;VEE_DeepOreDevoid;Dunes
9104,Dunes
9105,Dunes
9106,VEE_MineralDevoid;VEE_DeepOreDevoid;Dunes
9108,Dunes
9109,Dunes
9111,VEE_MineralDevoid;VEE_DeepOreDevoid;Dunes
9112,Dunes
9116,Dunes
9117,VEE_MineralDevoid;VEE_DeepOreDevoid;Dunes
9118,Dunes
9119,Dunes
9120,VEE_MineralDevoid;VEE_DeepOreDevoid;Dunes
9121,Dunes
9122,Dunes
9128,VEE_StagnantRivulet;River
9129,VEE_StagnantRivulet;River
9130,VEE_StagnantRivulet;River
9131,VEE_StagnantRivulet
9137,VEE_MineralDevoid;VEE_DeepOreDevoid;Dunes
9138,Dunes
9140,Dunes
9141,VEE_MineralDevoid;VEE_DeepOreDevoid;Dunes
9142,Dunes
9143,Dunes
9144,VEE_MineralDevoid;VEE_DeepOreDevoid;Dunes
9145,Dunes
9146,Dunes
9149,VEE_MineralDevoid;VEE_DeepOreDevoid;Dunes
9150,Dunes
9151,Dunes
9158,Cliffs
9159,Valley
9160,Mountain
9161,Mountain
9162,Mountain;MineralRich;VEE_DeepOreRich
9163,Cliffs;VEE_DeepOreRich;MineralRich
9167,AncientGarrison
9170,Mountain;MineralRich
9171,Mountain;MineralRich
9172,Mountain;MineralRich
9173,MineralRich;VEE_DryRiver
9174,Mountain
9182,VEE_MineralDevoid;VEE_DeepOreDevoid
9187,VEE_MineralDevoid;VEE_DeepOreDevoid
9193,VEE_MineralDevoid;VEE_DeepOreDevoid
9200,VEE_MineralDevoid;VEE_DeepOreDevoid
9212,Mountain;Oasis
9213,Mountain;Oasis
9214,Mountain;Oasis
9218,Mountain
9219,Mountain
9220,Mountain
9221,Mountain
9222,VEE_DryRiver
9224,River
9225,River
9226,Mountain
9227,Cliffs;Oasis
9228,Mountain;Oasis
9229,Mountain
9232,Oasis
9233,Oasis
9235,Oasis
9240,River
9241,River
9273,Caves
9308,Caves
9309,Caves
9312,Caves
9313,Caves
9314,Caves
9315,Caves
9318,Caves
9319,Caves
9326,Caves
9350,VEE_MineralDevoid;VEE_DeepOreDevoid
9358,VEE_MineralDevoid;VEE_DeepOreDevoid
9381,VEE_MineralDevoid;VEE_DeepOreDevoid
9387,Mountain
9389,Mountain
9390,VEE_PlantLife_Overgrown;VEE_NoTrees
9391,Mountain
9393,VEE_MineralDevoid;VEE_DeepOreDevoid
9396,VEE_MineralDevoid;VEE_DeepOreDevoid
9398,Dunes
9400,VEE_MineralDevoid;VEE_DeepOreDevoid
9404,Marshy;AB_LocustPlagues;ToxicLake;River
9405,Muddy;InsectMegahive;VEE_StagnantRivulet;AB_BumbledroneNests;VEE_IncreasedDiseases;River
9406,VEE_IncreasedInfestations;Pond;InsectMegahive;VEE_RotstinkVents
9407,Marshy;AB_FeraliskNest;AB_LocustPlagues;VEE_IncreasedDiseases;River
9408,AB_FeraliskNest;Pond;AB_LocustPlagues;VEE_StagnantRivulet;VEE_IncreasedDiseases
9409,AB_LocustPlagues;AB_BumbledroneNests;VEE_RotstinkVents;Pond
9410,Dunes
9411,Dunes
9412,VEE_MineralDevoid;VEE_DeepOreDevoid;Dunes
9413,Dunes
9414,Dunes
9415,VEE_MineralDevoid;VEE_DeepOreDevoid;Dunes
9427,VEE_SaltPlains
9428,CoastalIsland
9429,CoastalIsland
9446,CoastalIsland
9447,CoastalIsland
9448,CoastalIsland
9449,CoastalIsland
9450,CoastalIsland
9451,CoastalIsland
9456,VEE_Cenotes;VEE_Cenotes
9458,Caves
9460,Caves
9461,Caves
9462,Caves
9468,Caves
9476,Caves
9477,VEE_Cenotes;VEE_Cenotes
9478,Caves
9486,Caves
9492,Caves
9493,Caves
9500,Cliffs;Caves
9501,Mountain;Caves
9502,Caves
9503,Caves
9504,Mountain;Caves
9505,Mountain;Caves
9506,Caves
9508,Caves
9509,Caves
9510,Caves
9511,Caves
9519,Caves
9522,Caves
9523,Caves
9532,VEE_MineralDevoid;VEE_DeepOreDevoid
9539,VEE_MineralDevoid;VEE_DeepOreDevoid;ToxicLake
9542,Oasis
9543,VEE_MineralDevoid;VEE_DeepOreDevoid
9546,Oasis
9547,VEE_MineralDevoid;VEE_DeepOreDevoid
9553,AncientWarehouse
9558,AncientGarrison
9566,Plateau
9571,Mountain
9581,Mountain
9582,Mountain;Oasis
9583,Mountain;Oasis
9590,Mountain;MineralRich
9591,Mountain;MineralRich
9592,Mountain;MineralRich
9593,VEE_SerpentineCanyons;MineralRich;VEE_DeepOreRich
9594,Mountain;MineralRich
9595,Mountain;MineralRich;VEE_DeepOreRich
9598,Dunes
9599,Dunes
9600,VEE_MineralDevoid;VEE_DeepOreDevoid;Dunes
9614,Dunes
9616,Dunes
9617,VEE_MineralDevoid;VEE_DeepOreDevoid;Dunes
9619,Dunes;Dunes
9623,Dunes
9624,VEE_MineralDevoid;VEE_DeepOreDevoid;Dunes
9625,Dunes
9641,Mountain
9650,VEE_MineralDevoid;VEE_DeepOreDevoid
9653,VEE_MineralDevoid;VEE_DeepOreDevoid
9657,ToxicLake
9667,VEE_MineralDevoid;VEE_DeepOreDevoid
9705,VEE_MineralDevoid;VEE_DeepOreDevoid
9708,VEE_SaltPlains
9710,VEE_MineralDevoid;VEE_DeepOreDevoid
9713,VEE_MineralDevoid;VEE_DeepOreDevoid
9732,VEE_MineralDevoid;VEE_DeepOreDevoid
9736,VEE_MineralDevoid;VEE_DeepOreDevoid
9739,VEE_MineralDevoid;VEE_DeepOreDevoid
9751,VEE_MineralDevoid;VEE_DeepOreDevoid
9763,VEE_MineralDevoid;VEE_DeepOreDevoid
9776,Mountain
9777,Mountain;HotSprings
9778,DryGround
9780,Chasm
9781,Cliffs;HotSprings
9782,DryGround
9783,VEE_SaltPlains
9784,AB_TarLakes
9785,VEE_SaltPlains
9786,VEE_SaltPlains
9787,DryGround
9794,VEE_MineralDevoid;VEE_DeepOreDevoid
9797,VEE_MineralDevoid;VEE_DeepOreDevoid
9801,DryGround
9802,DryGround;AncientHeatVent
9803,DryGround
9804,VEE_SaltPlains
9805,DryGround
9806,CoastalIsland
9808,VEE_MineralDevoid;VEE_DeepOreDevoid
9810,VEE_SaltPlains
9811,VEE_SaltPlains
9820,Caves
9821,Mountain;Caves
9822,Caves
9823,Caves
9837,Caves
9845,Caves
9881,Caves
9889,VEE_QuicksandDunes;VEE_QuicksandDunes
9892,VEE_SaltPlains
9898,Mountain
9913,VEE_MineralDevoid;VEE_DeepOreDevoid;Dunes
9914,Mountain;MineralRich
9918,Mountain;MineralRich
9919,Mountain
9920,Mountain
9921,Mountain
9922,Mountain
9923,Mountain
9924,Mountain
9925,Mountain
9926,DryLake
9932,AB_DerelictClusters;AncientChemfuelRefinery
9934,AB_DerelictClusters;AncientHeatVent;AncientRuins
9936,AB_DerelictClusters;AncientHeatVent
9938,AB_AmbientRadiation;AncientHeatVent;Junkyard;VEE_MechanoidShipChunks;VEE_ToxicVents
9939,AB_DerelictClusters;AncientHeatVent;AncientRuins;MineralRich;VEE_MechanoidShipChunks
9940,AB_DerelictClusters;AncientHeatVent;AncientRuins;VEE_MechanoidShipChunks;VEE_ToxicVents
9941,AB_DerelictClusters
9942,AB_DerelictClusters;VEE_MechanoidShipChunks
9943,AB_AmbientRadiation;AncientHeatVent;AncientRuins;VEE_SulfuricLake;VEE_ToxicVents
9944,Dunes
9945,Dunes
9947,DryLake
9951,VEE_MineralDevoid;VEE_DeepOreDevoid;Dunes
9952,Dunes
9953,Dunes
9954,DryLake
9955,VEE_MineralDevoid;VEE_DeepOreDevoid;Dunes
9958,VEE_MineralDevoid;VEE_DeepOreDevoid
9959,Coast
9960,VEE_SaltPlains
9961,VEE_SaltPlains
9963,VEE_MineralDevoid;VEE_DeepOreDevoid;Coast
9966,VEE_MineralDevoid;VEE_DeepOreDevoid
9974,VEE_SaltPlains
9976,VEE_SaltPlains
9978,VEE_SaltPlains
9993,VEE_MineralDevoid;VEE_DeepOreDevoid
9996,VEE_MineralDevoid;VEE_DeepOreDevoid
10004,Mountain
10006,Mountain
10007,Mountain
10010,Mountain
10012,Mountain
10015,AB_TarLakes
10016,VEE_SaltPlains
10017,VEE_SaltPlains
10018,VEE_SaltPlains
10019,VEE_SaltPlains
10020,VEE_SaltPlains
10021,VEE_SaltPlains
10045,Caves
10046,Caves
10047,Caves
10048,Caves
10049,Caves
10051,Caves
10065,VEE_MineralDevoid;VEE_DeepOreDevoid
10068,VEE_MineralDevoid;VEE_DeepOreDevoid
10072,VEE_MineralDevoid;VEE_DeepOreDevoid
10078,VEE_MineralDevoid;VEE_DeepOreDevoid
10081,VEE_MineralDevoid;VEE_DeepOreDevoid
10084,VEE_MineralDevoid;VEE_DeepOreDevoid
10100,VEE_MineralDevoid;VEE_DeepOreDevoid
10103,VEE_MineralDevoid;VEE_DeepOreDevoid
10106,VEE_MineralDevoid;VEE_DeepOreDevoid
10109,VEE_MineralDevoid;VEE_DeepOreDevoid
10112,VEE_MineralDevoid;VEE_DeepOreDevoid
10115,VEE_MineralDevoid;VEE_DeepOreDevoid
10124,VEE_MineralDevoid;VEE_DeepOreDevoid
10127,VEE_MineralDevoid;VEE_DeepOreDevoid;Dunes
10136,VEE_MineralDevoid;VEE_DeepOreDevoid
10142,VEE_MineralDevoid;VEE_DeepOreDevoid;Dunes
10143,Dunes
10144,Dunes
10145,VEE_MineralDevoid;VEE_DeepOreDevoid;Dunes
10148,VEE_MineralDevoid;VEE_DeepOreDevoid;Dunes
10149,Dunes
10150,Dunes
10151,VEE_MineralDevoid;VEE_DeepOreDevoid;Dunes
10152,Dunes
10153,Dunes
10154,VEE_MineralDevoid;VEE_DeepOreDevoid;Dunes
10155,Dunes
10156,Dunes
10157,VEE_MineralDevoid;VEE_DeepOreDevoid;Dunes
10158,Dunes
10159,Dunes
10160,VEE_SaltPlains
10163,VEE_SaltPlains
10201,VEE_FleshPits;VEE_FleshPits
10202,VEE_MineralDevoid;VEE_DeepOreDevoid
10211,VEE_MineralDevoid;VEE_DeepOreDevoid
10217,VEE_MineralDevoid;VEE_DeepOreDevoid
10227,VEE_MineralDevoid;VEE_DeepOreDevoid
10231,VEE_MineralDevoid;VEE_DeepOreDevoid
10235,Dunes
10239,VEE_MineralDevoid;VEE_DeepOreDevoid
10251,Mountain
10252,Mountain;Caves
10253,Mountain;Caves
10254,Cliffs;Caves
10255,Mountain
10266,VEE_StoneForest
10268,Caves
10270,Caves;MineralRich
10271,Caves;MineralRich;VEE_DeepOreRich
10273,Mountain
10274,Caves;MineralRich
10275,Mountain
10276,Mountain
10279,Caves;MineralRich
10292,VEE_MineralDevoid;VEE_DeepOreDevoid
10293,VEE_DryRiver
10318,Caves
10321,Coast
10324,Caves
10329,Caves
10330,Caves
10331,Caves
10332,AncientGarrison
10333,Caves
10334,Caves
10336,Caves
10344,Caves;VEE_GravelBeach
10345,Caves
10346,Caves
10347,Caves
10350,Caves
10351,Caves
10355,AncientWarehouse
10368,Caves
10370,AncientWarehouse
10386,AncientRuins;AncientRuins
10394,VEE_MineralDevoid;VEE_DeepOreDevoid
10398,VEE_MineralDevoid;VEE_DeepOreDevoid
10412,VEE_MineralDevoid;VEE_DeepOreDevoid
10420,VEE_MineralDevoid;VEE_DeepOreDevoid
10426,VEE_MineralDevoid;VEE_DeepOreDevoid
10429,VEE_MineralDevoid;VEE_DeepOreDevoid
10432,VEE_MineralDevoid;VEE_DeepOreDevoid
10435,VEE_MineralDevoid;VEE_DeepOreDevoid
10438,VEE_MineralDevoid;VEE_DeepOreDevoid
10441,VEE_MineralDevoid;VEE_DeepOreDevoid
10442,Dunes
10443,Dunes
10444,VEE_MineralDevoid;VEE_DeepOreDevoid;Dunes
10445,Dunes
10446,Dunes
10447,VEE_MineralDevoid;VEE_DeepOreDevoid;Dunes
10449,Dunes
10450,Dunes
10451,VEE_MineralDevoid;VEE_DeepOreDevoid;Oasis
10452,Dunes
10453,Dunes
10454,VEE_MineralDevoid;VEE_DeepOreDevoid;Dunes
10455,Dunes
10456,Dunes
10457,VEE_MineralDevoid;VEE_DeepOreDevoid;Dunes
10458,Dunes
10459,Dunes
10460,Caves
10461,Caves
10463,Caves
10465,Caves
10468,VEE_DustBowl;VEE_PlantLife_Decimated;VEE_Fertility_Reduced;VEE_DustStorms
10470,VEE_MineralDevoid;VEE_DeepOreDevoid
10472,Caves
10474,Caves
10480,VEE_Cenotes;VEE_Cenotes
10486,VEE_RockRidge
10497,Dunes
10498,VEE_MineralDevoid;VEE_DeepOreDevoid
10501,VEE_MineralDevoid;VEE_DeepOreDevoid
10506,VEE_MineralDevoid;VEE_DeepOreDevoid
10518,AncientGarrison
10533,VEE_MineralDevoid;VEE_DeepOreDevoid
10536,VEE_MineralDevoid;VEE_DeepOreDevoid
10539,VEE_MineralDevoid;VEE_DeepOreDevoid
10542,VEE_MineralDevoid;VEE_DeepOreDevoid
10545,VEE_MineralDevoid;VEE_DeepOreDevoid
10548,VEE_MineralDevoid;VEE_DeepOreDevoid
10555,VEE_MineralDevoid;VEE_DeepOreDevoid
10556,Mountain;SteamGeysers_Increased
10557,Cliffs
10558,DryGround;AncientHeatVent
10559,Mountain
10561,Chasm
10562,Cliffs
10563,Cliffs
10565,DryGround
10566,Cliffs
10567,Mountain
10570,VEE_MineralDevoid;VEE_DeepOreDevoid
10573,VEE_MineralDevoid;VEE_DeepOreDevoid
10582,VEE_MineralDevoid;VEE_DeepOreDevoid
10585,VEE_MineralDevoid;VEE_DeepOreDevoid
10588,VEE_MineralDevoid;VEE_DeepOreDevoid
10591,VEE_MineralDevoid;VEE_DeepOreDevoid
10606,VEE_MineralDevoid;VEE_DeepOreDevoid
10609,VEE_MineralDevoid;VEE_DeepOreDevoid
10612,VEE_MineralDevoid;VEE_DeepOreDevoid
10620,VEE_MineralDevoid;VEE_DeepOreDevoid
10627,VEE_MineralDevoid;VEE_DeepOreDevoid
10639,VEE_MineralDevoid;VEE_DeepOreDevoid
10642,VEE_MineralDevoid;VEE_DeepOreDevoid
10650,VEE_MineralDevoid;VEE_DeepOreDevoid
10655,VEE_MineralDevoid;VEE_DeepOreDevoid
10660,VEE_MineralDevoid;VEE_DeepOreDevoid
10666,VEE_MineralDevoid;VEE_DeepOreDevoid
10671,VEE_MineralDevoid;VEE_DeepOreDevoid
10677,VEE_SaltPlains
10678,Plateau;VEE_SaltPlains
10679,VEE_SaltPlains
10683,DryGround
10684,DryGround
10685,VEE_SaltPlains
10686,DryGround
10687,VEE_SaltPlains
10690,VEE_MineralDevoid;VEE_DeepOreDevoid
10695,VEE_MineralDevoid;VEE_DeepOreDevoid
10698,VEE_MineralDevoid;VEE_DeepOreDevoid
10701,VEE_MineralDevoid;VEE_DeepOreDevoid
10704,VEE_MineralDevoid;VEE_DeepOreDevoid
10707,VEE_MineralDevoid;VEE_DeepOreDevoid
10710,VEE_MineralDevoid;VEE_DeepOreDevoid
10717,Caves
10724,Caves
10725,Caves
10730,Caves
10731,Caves
10732,Caves
10733,Caves
10734,Mountain;Caves
10735,Caves
10736,Caves
10737,Caves
10739,Caves
10742,Caves
10746,Caves
10747,Caves
10748,Caves
10749,Caves
10752,Caves
10754,Caves
10759,Caves
10768,Cavern
10770,Mountain
10773,Caves
10774,Caves
10776,Caves
10777,Cliffs;Caves
10779,Caves
10790,Caves
10806,VEE_Cenotes;VEE_Cenotes
10811,Caves
10813,Caves
10814,Caves
10815,Caves
10816,Caves
10818,Caves
10819,Caves
10821,Caves
10829,Caves
10830,Caves
10831,Caves
10832,Caves
10833,Caves
10834,Caves
10846,Caves
10848,Caves
10849,Caves
10855,Caves
10876,Caves
10877,Caves
10878,Caves
10882,Caves
10883,Caves
10885,Caves
10887,Caves
10888,Caves
10889,Caves
10891,Caves
10900,Caves
10937,Caves
10938,Caves
10940,Caves
10942,Caves;MineralRich
10943,Caves
10954,AncientRuins;AncientRuins
10960,Caves
10972,Mountain
10973,Mountain
10974,Mountain
10975,Mountain
10985,Mountain
10986,Mountain
11009,Caves
11010,Caves
11011,Caves
11015,Caves
11016,Caves
11018,Caves
11019,Caves
11021,Caves
11022,Caves
11023,Caves
11024,Caves
11025,Caves
11029,Caves
11042,MineralRich
11043,Caves;MineralRich
11045,MineralRich
11046,MineralRich
11047,MineralRich
11048,Caves
11049,Caves
11050,Caves
11053,Caves
11054,Caves
11055,Caves
11059,Caves
11075,Oasis
11077,Oasis
11078,Cavern
11079,Mountain;VEE_PlantLife_Overgrown;VEE_NoTrees
11082,Mountain
11083,Mountain
11084,Mountain
11085,Mountain;VEE_StagnantRivulet;River
11086,Mountain
11087,Mountain;Oasis
11088,Mountain;VEE_StagnantRivulet;River
11089,Mountain;VEE_StagnantRivulet;River
11090,Cliffs;River
11091,Valley;River
11092,Cliffs;River
11093,Cliffs;River
11094,Mountain;River
11095,Mountain;River
11096,River
11097,VEE_StagnantRivulet
11098,Oasis
11100,Oasis
11101,Oasis
11104,Oasis
11105,Oasis
11107,Oasis
11108,VEE_MineralDevoid;VEE_DeepOreDevoid;Dunes
11109,Dunes;Dunes
11110,Dunes
11111,VEE_MineralDevoid;VEE_DeepOreDevoid;Dunes
11113,Dunes
11114,Dunes
11115,VEE_MineralDevoid;VEE_DeepOreDevoid;Dunes
11126,VEE_MineralDevoid;VEE_DeepOreDevoid;Dunes;Dunes
11131,Dunes
11134,Dunes
11135,VEE_MineralDevoid;VEE_DeepOreDevoid
11136,Dunes
11138,VEE_MineralDevoid;VEE_DeepOreDevoid;Dunes
11139,Dunes
11140,Dunes
11141,VEE_MineralDevoid;VEE_DeepOreDevoid;Dunes
11142,Dunes
11143,Dunes
11144,VEE_MineralDevoid;VEE_DeepOreDevoid;Dunes
11145,Dunes
11146,Dunes
11147,VEE_MineralDevoid;VEE_DeepOreDevoid;Dunes
11148,Dunes
11149,Dunes
11154,VEE_MineralDevoid;VEE_DeepOreDevoid;Dunes
11156,Dunes
11157,Dunes
11158,VEE_MineralDevoid;VEE_DeepOreDevoid;Dunes
11159,Dunes
11160,Dunes
11161,VEE_MineralDevoid;VEE_DeepOreDevoid;Dunes
11166,Dunes
11167,Dunes
11168,VEE_MineralDevoid;VEE_DeepOreDevoid;Dunes
11169,VEE_QuicksandDunes;VEE_QuicksandDunes
11173,Dunes
11176,VEE_MineralDevoid;VEE_DeepOreDevoid;Dunes
11177,Dunes
11178,Dunes
11179,VEE_MineralDevoid;VEE_DeepOreDevoid;Dunes
11180,VEE_SaltPlains;DryGround
11181,VEE_SaltPlains;MineralRich
11182,VEE_SaltPlains;MineralRich
11183,VEE_ToxicCrater;MineralRich;VEE_SaltPlains
11184,VEE_SaltPlains;DryGround
11185,VEE_SaltPlains;DryGround
11188,Dunes
11189,Dunes
11190,VEE_MineralDevoid;VEE_DeepOreDevoid;Dunes
11191,Dunes
11193,VEE_MineralDevoid;VEE_DeepOreDevoid
11196,VEE_MineralDevoid;VEE_DeepOreDevoid;Dunes
11203,VEE_MineralDevoid;VEE_DeepOreDevoid
11207,Dunes
11208,Dunes
11209,VEE_MineralDevoid;VEE_DeepOreDevoid;Dunes
11212,VEE_MineralDevoid;VEE_DeepOreDevoid
11215,VEE_MineralDevoid;VEE_DeepOreDevoid
11222,MineralRich
11223,Mountain;MineralRich
11224,MineralRich
11225,Mountain
11226,Mountain
11227,Mountain;MineralRich
11230,MineralRich
11231,MineralRich;VEE_DeepOreRich
11236,Dunes;Dunes
11240,DryLake
11241,AB_AmbientRadiation;AB_DerelictClusters
11243,AB_DerelictClusters;AncientHeatVent;MineralRich;VEE_SulfuricLake
11244,AB_DerelictClusters;AncientHeatVent;MineralRich
11245,AncientHeatVent;Junkyard;VEE_SulfuricLake
11246,AB_DerelictClusters;Junkyard;MineralRich
11247,MineralRich
11248,MineralRich;VEE_DeepOreRich
11249,MineralRich;VEE_DeepOreRich
11250,AB_DerelictClusters;VEE_SulfuricLake
11251,MineralRich;VEE_DeepOreRich
11254,Dunes
11255,VEE_MineralDevoid;VEE_DeepOreDevoid;Dunes
11256,Dunes
11257,Dunes
11258,VEE_MineralDevoid;VEE_DeepOreDevoid;Dunes
11260,Dunes
11261,VEE_MineralDevoid;VEE_DeepOreDevoid
11274,VEE_MineralDevoid;VEE_DeepOreDevoid
11282,Dunes
11290,VEE_MineralDevoid;VEE_DeepOreDevoid;Dunes
11291,Dunes
11292,Dunes
11293,VEE_MineralDevoid;VEE_DeepOreDevoid;Dunes
11295,Dunes
11304,VEE_MineralDevoid;VEE_DeepOreDevoid
11308,VEE_StagnantRivulet;River
11309,VEE_StagnantRivulet
11312,Mountain
11315,Mountain
11330,River
11334,VEE_StagnantRivulet
11336,AB_AmbientRadiation;AB_AncientGreyPallVent;AB_DerelictClusters;VEE_MechanoidShipChunks
11337,AB_DerelictClusters;AncientHeatVent;AncientRuins;Junkyard;MineralRich;VEE_SulfuricLake
11338,AB_AmbientRadiation;AncientUplink;VEE_MechanoidShipChunks
11339,AB_AmbientRadiation;AB_DerelictClusters;AncientHeatVent;Junkyard
11340,AB_AmbientRadiation;AB_DerelictClusters;AncientHeatVent;MineralRich
11341,AB_AmbientRadiation;AB_DerelictClusters;AncientHeatVent;AncientWarehouse;VEE_MechanoidShipChunks;VEE_SulfuricLake
11342,AB_DerelictClusters;AncientHeatVent
11343,AB_AmbientRadiation;AncientHeatVent;MineralRich
11344,AncientHeatVent;Junkyard;VEE_SulfuricLake
11345,AncientHeatVent;AncientRuins;VEE_ToxicVents
11346,AB_DerelictClusters;AncientHeatVent;AncientRuins;VEE_ToxicVents
11347,VEE_StagnantRivulet;River
11348,AB_AmbientRadiation;AB_AncientDeathPallVent;AB_DerelictClusters;VEE_MechanoidShipChunks;VEE_SulfuricLake;VEE_ToxicVents
11349,AB_AmbientRadiation;AB_AncientDeathPallVent;AB_DerelictClusters;AncientRuins;VEE_MechanoidShipChunks;VEE_ToxicVents
11350,AB_AmbientRadiation;AB_AncientGreyPallVent;AB_DerelictClusters;AncientRuins;Junkyard;VEE_ToxicVents
11351,AB_AmbientRadiation;AB_DerelictClusters;AncientHeatVent;AncientRuins;VEE_MechanoidShipChunks;VEE_SulfuricLake;VEE_ToxicVents
11352,AB_DerelictClusters;AncientHeatVent;VEE_MechanoidShipChunks;VEE_SulfuricLake;VEE_ToxicVents
11353,TerraformingScar;AB_AmbientRadiation;AB_AncientFreezingVent;AB_DerelictClusters;VEE_MechanoidShipChunks;VEE_ToxicVents
11354,AB_AmbientRadiation;AB_AncientBloodRainVent;AB_DerelictClusters;VEE_MechanoidShipChunks
11355,AB_AmbientRadiation;AB_AncientGreyPallVent;AB_DerelictClusters;MineralRich;VEE_MechanoidShipChunks;VEE_ToxicVents
11356,AncientInfestedSettlement;AncientRuins;Junkyard
11357,AB_DerelictClusters;AncientHeatVent;VEE_SulfuricLake
11358,AncientGarrison
11359,AncientHeatVent
11360,Dunes
11361,VEE_MineralDevoid;VEE_DeepOreDevoid;Dunes
11362,Dunes
11363,Dunes
11364,VEE_MineralDevoid;VEE_DeepOreDevoid;Dunes
11365,Dunes
11366,Dunes
11367,VEE_MineralDevoid;VEE_DeepOreDevoid;Dunes
11368,Dunes
11369,Dunes
11370,VEE_MineralDevoid;VEE_DeepOreDevoid;Dunes
11371,Dunes
11372,Dunes
11373,VEE_MineralDevoid;VEE_DeepOreDevoid;Dunes
11374,Dunes
11375,Dunes
11376,VEE_MineralDevoid;VEE_DeepOreDevoid;Dunes
11377,Dunes
11378,Dunes
11379,VEE_MineralDevoid;VEE_DeepOreDevoid;Dunes
11380,Dunes
11381,Dunes
11382,VEE_MineralDevoid;VEE_DeepOreDevoid;Dunes
11383,Dunes
11389,DryLake
11390,Dunes
11394,VEE_MineralDevoid;VEE_DeepOreDevoid;Dunes
11395,Dunes
11396,Dunes
11397,VEE_MineralDevoid;VEE_DeepOreDevoid;Dunes
11402,Dunes
11403,Dunes
11404,VEE_MineralDevoid;VEE_DeepOreDevoid;Dunes
11405,Dunes
11406,Dunes
11407,VEE_MineralDevoid;VEE_DeepOreDevoid;Dunes
11408,Dunes
11409,Dunes
11410,VEE_MineralDevoid;VEE_DeepOreDevoid;Dunes
11411,Dunes
11412,Dunes
11413,VEE_MineralDevoid;VEE_DeepOreDevoid;Dunes
11414,Dunes
11416,Dunes
11417,VEE_MineralDevoid;VEE_DeepOreDevoid;Dunes
11418,Dunes
11420,Dunes
11421,VEE_MineralDevoid;VEE_DeepOreDevoid;Dunes
11422,Dunes
11423,Dunes
11424,VEE_MineralDevoid;VEE_DeepOreDevoid;Dunes
11425,Dunes
11426,Dunes
11427,VEE_MineralDevoid;VEE_DeepOreDevoid;Dunes
11428,Dunes
11429,Dunes
11430,VEE_MineralDevoid;VEE_DeepOreDevoid;Dunes
11431,Dunes
11448,Dunes
11451,VEE_MineralDevoid;VEE_DeepOreDevoid;Dunes;Dunes
11456,VEE_SaltPlains
11463,Dunes;Dunes
11465,Mountain;MineralRich
11466,Mountain;MineralRich
11467,Cliffs;MineralRich
11468,Mountain
11469,Mountain
11470,Mountain
11471,Mountain;Oasis
11472,Mountain
11473,Mountain
11475,Mountain
11476,Mountain;MineralRich;VEE_DeepOreRich
11477,Mountain;MineralRich;VEE_DeepOreRich
11480,VEE_MineralDevoid;VEE_DeepOreDevoid
11484,VEE_MineralDevoid;VEE_DeepOreDevoid
11493,VEE_MineralDevoid;VEE_DeepOreDevoid
11494,Coast
11496,VEE_MineralDevoid;VEE_DeepOreDevoid
11498,Coast
11499,VEE_MineralDevoid;VEE_DeepOreDevoid
11500,Dunes
11501,Dunes
11502,VEE_MineralDevoid;VEE_DeepOreDevoid;Coast
11503,Coast
11505,CoastalIsland
11518,VEE_SaltPlains
11519,Coast
11520,VEE_SaltPlains
11521,VEE_SaltPlains
11522,VEE_SaltPlains
11523,VEE_SaltPlains
11526,VEE_SaltPlains
11528,VEE_SaltPlains
11537,Coast
11538,Coast
11542,MineralRich
11544,MineralRich
11548,Dunes
11549,VEE_MineralDevoid;VEE_DeepOreDevoid;Dunes
11550,VEE_PebbleDunes;VEE_PebbleDunes
11552,MineralRich
11553,Mountain;MineralRich
11554,MineralRich
11555,Mountain;MineralRich
11556,Mountain;MineralRich;VEE_DeepOreRich
11557,Mountain;MineralRich;VEE_DeepOreRich
11558,Dunes;Dunes
11559,VEE_MineralDevoid;VEE_DeepOreDevoid;Dunes
11564,Dunes
11565,Dunes
11566,VEE_MineralDevoid;VEE_DeepOreDevoid;VEE_PebbleDunes;VEE_PebbleDunes
11569,Dunes
11572,Dunes
11578,VEE_MineralDevoid;VEE_DeepOreDevoid
11583,Mountain
11585,VEE_DryRiver
11586,Mountain
11587,Mountain
11588,Mountain
11589,Mountain
11590,Mountain;AbandonedColonyTribal;AbandonedColonyTribal
11591,Mountain
11592,Mountain
11593,Mountain
11607,VEE_MineralDevoid;VEE_DeepOreDevoid
11612,Mountain
11613,Mountain
11615,Caves
11617,Caves
11626,Caves
11627,Caves
11630,Caves
11633,Caves
11637,Mountain
11641,Mountain
11643,Mountain
11644,Mountain
11645,Mountain
11647,Mountain
11649,VEE_MineralDevoid;VEE_DeepOreDevoid
11652,VEE_MineralDevoid;VEE_DeepOreDevoid
11657,VEE_MineralDevoid;VEE_DeepOreDevoid
11690,AncientChemfuelRefinery
11704,VEE_MineralDevoid;VEE_DeepOreDevoid
11714,Mountain
11715,Mountain
11716,Mountain
11717,Mountain
11718,Mountain
11719,Mountain
11726,Caves
11727,Caves
11728,Caves
11729,Caves
11730,Caves
11739,Caves
11742,Caves
11743,Caves
11745,Caves
11746,Caves
11747,Caves
11748,Caves
11751,Caves
11762,Mountain
11763,Mountain
11764,Mountain
11765,Mountain
11766,Mountain
11767,Mountain
11778,VEE_GravelBeach
11779,Coast
11794,VEE_DustBowl;VEE_PlantLife_Decimated;VEE_Fertility_Reduced;VEE_DustStorms
11798,Mountain
11800,Mountain
11801,Mountain
11802,Mountain
11803,Mountain
11810,Mountain
11811,Mountain
11812,Mountain
11813,Mountain;Coast
11814,Mountain;Coast
11815,Mountain
11828,Mountain;Coast
11829,Mountain
11830,VEE_MineralDevoid;VEE_DeepOreDevoid;Peninsula
11831,Coast
11834,Mountain;Oasis
11835,Mountain;Oasis
11836,Mountain
11837,Mountain
11838,Mountain
11839,Mountain;Oasis
11842,VEE_SaltPlains
11843,VEE_SaltPlains
11844,VEE_SaltPlains
11845,VEE_SaltPlains
11846,VEE_SaltPlains
11847,VEE_SaltPlains
11848,VEE_SaltPlains
11849,VEE_SaltPlains
11851,Oasis;Peninsula
11858,Oasis
11859,Oasis
11860,Oasis
11861,Oasis
11862,Oasis
11863,Oasis
11871,Mountain
11872,Mountain
11875,Mountain
11876,Dunes
11877,Oasis
11878,Dunes
11885,VEE_MineralDevoid;VEE_DeepOreDevoid
11888,Mountain
11889,Mountain
11890,Mountain;MineralRich;VEE_DeepOreRich
11891,Mountain;MineralRich
11892,Mountain;MineralRich;VEE_DeepOreRich
11893,Mountain;MineralRich
11895,VEE_DryRiver
11897,Mountain
11898,Mountain
11899,Mountain
11900,Mountain
11901,Mountain
11902,Mountain;Oasis
11903,Mountain;HotSprings
11904,Mountain
11905,Mountain;Oasis
11912,River
11913,River
11914,VEE_SaltPlains;VEE_StagnantRivulet;River
11915,VEE_SaltPlains;VEE_StagnantRivulet;River
11916,VEE_StagnantRivulet;River
11917,VEE_StagnantRivulet;River
11918,Oasis;AB_FeraliskNest;Pond;AB_LocustPlagues;VEE_StagnantRivulet
11919,Muddy;VEE_RottenStench;Oasis;AB_BumbledroneNests
11920,Oasis;VEE_IncreasedInfestations;Pond;InsectMegahive;VEE_RotstinkVents
11921,Marshy;AB_FeraliskNest;Oasis;AB_BumbledroneNests
11922,VEE_IncreasedInfestations;Oasis;InsectMegahive;Pond
11923,Marshy;Oasis;VEE_IncreasedInfestations;InsectMegahive;VEE_StagnantRivulet;VEE_RotstinkVents
11924,Mountain;River
11925,Mountain
11926,Mountain;VEE_StagnantRivulet;River
11927,River
11936,Cavern;River
11937,Mountain;River
11938,Mountain;River
11939,Mountain;River
11940,River
11941,Mountain;River
11944,Cliffs;MineralRich;VEE_DeepOreRich
11945,Valley;VEE_StagnantRivulet
11946,Mountain;VEE_StagnantRivulet
11947,Cliffs;MineralRich;VEE_DeepOreRich
11960,Mountain;MineralRich
11961,Mountain;MineralRich;River
11964,Cliffs;MineralRich
11965,Mountain;MineralRich;River
11966,Mountain;River
11967,Mountain;River
11968,Mountain;River
11969,Mountain;River
11970,Mountain;River
11971,River
11976,Caves
11977,Caves
11984,Caves
11986,Caves
11987,Caves
11989,Caves
11996,Caves
11997,Caves
11998,Caves
11999,Caves
12000,Caves
12001,Caves
12020,Caves
12022,Caves
12026,Caves
12031,Caves
12033,Mountain
12035,VEE_MineralDevoid;VEE_DeepOreDevoid
12037,Mountain;AbandonedColonyTribal;AbandonedColonyTribal
12046,Caves
12047,Caves
12050,Caves
12051,Caves
12056,Caves
12057,Caves
12058,Caves
12059,Caves
12068,Caves
12069,Caves
12070,Caves
12071,Caves
12073,Caves
12075,Caves
12076,Caves
12077,Caves
12078,Caves
12079,Caves
12084,Caves
12086,Mountain;Caves
12087,Chasm;Caves
12088,Mountain;Caves
12089,Caves
12090,Caves
12091,Mountain;Caves
12104,VEE_SaltPlains
12105,VEE_SaltPlains
12106,VEE_SaltPlains
12107,VEE_SaltPlains
12108,VEE_SaltPlains
12109,VEE_SaltPlains
12111,Caves
12115,VEE_JaggedRocks
12118,Caves
12128,Cliffs;Caves
12129,Caves
12130,Mountain;Caves
12131,Mountain;Caves
12132,Caves
12133,Caves
12136,Caves
12137,Mountain;Caves
12138,Mountain;Caves
12139,Mountain;Caves
12143,Caves
12153,VEE_MineralDevoid;VEE_DeepOreDevoid
12156,VEE_MineralDevoid;VEE_DeepOreDevoid
12159,VEE_MineralDevoid;VEE_DeepOreDevoid
12162,VEE_MineralDevoid;VEE_DeepOreDevoid
12165,VEE_MineralDevoid;VEE_DeepOreDevoid
12168,VEE_MineralDevoid;VEE_DeepOreDevoid
12171,VEE_MineralDevoid;VEE_DeepOreDevoid
12176,VEE_MineralDevoid;VEE_DeepOreDevoid
12179,VEE_MineralDevoid;VEE_DeepOreDevoid
12185,Caves
12243,AncientHeatVent
12246,VEE_SaltPlains;DryGround
12247,DryGround;AncientHeatVent
12248,Mountain
12249,DryGround
12250,Cliffs;VEE_RotstinkVents
12251,Mountain
12252,DryGround
12253,Mountain
12260,Cliffs;VEE_RotstinkVents
12261,Chasm
12262,DryGround
12264,Chasm
12266,DryGround
12267,DryGround
12268,Mountain
12269,DryGround;ToxicLake
12271,VEE_SulfuricLake
12291,Caves
12292,Caves
12293,Caves
12300,Caves
12304,AncientWarehouse
12311,Mountain
12312,Valley
12321,Caves
12327,Caves
12328,Caves
12329,Caves
12332,Dunes
12333,VEE_MineralDevoid;VEE_DeepOreDevoid;Dunes
12334,Dunes
12335,Dunes
12336,VEE_MineralDevoid;VEE_DeepOreDevoid;Dunes
12337,Dunes
12338,Dunes
12339,VEE_MineralDevoid;VEE_DeepOreDevoid;Dunes
12340,Dunes
12341,Dunes
12342,VEE_MineralDevoid;VEE_DeepOreDevoid;Dunes
12343,Dunes
12344,Dunes
12345,VEE_MineralDevoid;VEE_DeepOreDevoid;Dunes
12346,Dunes
12347,Dunes
12348,VEE_MineralDevoid;VEE_DeepOreDevoid;Dunes
12349,Dunes
12350,Dunes
12351,VEE_MineralDevoid;VEE_DeepOreDevoid;Dunes
12352,Dunes
12353,Dunes
12354,VEE_MineralDevoid;VEE_DeepOreDevoid;Dunes
12355,Dunes
12356,Dunes
12357,VEE_MineralDevoid;VEE_DeepOreDevoid;Dunes
12358,Dunes
12359,Dunes
12360,VEE_MineralDevoid;VEE_DeepOreDevoid;Dunes
12361,Dunes
12366,VEE_StagnantRivulet;River
12369,Dunes
12373,VEE_MineralDevoid;VEE_DeepOreDevoid;Dunes
12374,Dunes
12376,Dunes
12379,VEE_MineralDevoid;VEE_DeepOreDevoid;VEE_QuicksandDunes;VEE_QuicksandDunes
12380,Dunes
12381,Dunes
12383,VEE_MineralDevoid;VEE_DeepOreDevoid;Dunes
12384,Dunes
12385,Dunes
12388,VEE_MineralDevoid;VEE_DeepOreDevoid;Dunes
12389,Dunes
12391,Dunes
12393,VEE_MineralDevoid;VEE_DeepOreDevoid;Dunes
12396,Cavern;AncientQuarry;AncientQuarry;MineralRich
12397,MineralRich
12398,MineralRich
12399,Mountain;MineralRich
12400,Cliffs;MineralRich
12401,Mountain;MineralRich
12402,MineralRich
12405,Dunes
12409,Dunes
12410,Mountain;MineralRich
12411,Cavern;AncientQuarry;AncientQuarry;MineralRich
12412,Mountain;MineralRich
12413,Cliffs;VEE_DeepOreRich;MineralRich
12414,Mountain;MineralRich
12415,Cliffs;VEE_DeepOreRich;MineralRich
12416,VEE_MineralDevoid;VEE_DeepOreDevoid;Dunes
12417,AbandonedColonyOutlander;AbandonedColonyOutlander
12423,VEE_MineralDevoid;VEE_DeepOreDevoid
12427,VEE_MineralDevoid;VEE_DeepOreDevoid
12430,VEE_MineralDevoid;VEE_DeepOreDevoid
12434,VEE_MineralDevoid;VEE_DeepOreDevoid
12438,VEE_MineralDevoid;VEE_DeepOreDevoid
12441,VEE_MineralDevoid;VEE_DeepOreDevoid
12444,ToxicLake
12446,VEE_MineralDevoid;VEE_DeepOreDevoid
12447,AncientChemfuelRefinery
12450,VEE_MineralDevoid;VEE_DeepOreDevoid
12455,Mountain
12456,Mountain
12457,VEE_DustBowl;VEE_PlantLife_Decimated;VEE_Fertility_Reduced;VEE_DustStorms
12459,Oasis
12461,Oasis
12464,River
12465,River
12467,Oasis
12469,River
12473,Mountain
12474,Oasis
12475,Oasis
12477,Oasis
12480,River
12508,Peninsula
12515,Caves
12516,Caves
12517,Caves
12519,Caves
12524,Caves
12542,Caves
12543,Caves
12545,Caves
12546,Caves
12547,Caves
12550,Caves
12558,Caves
12598,VEE_MineralDevoid;VEE_DeepOreDevoid
12601,VEE_MineralDevoid;VEE_DeepOreDevoid
12620,Marshy;VEE_RottenStench;AB_FeraliskNest
12623,Marshy;VEE_RottenStench;InsectMegahive;VEE_StagnantRivulet;AB_BumbledroneNests
12624,River
12625,VEE_IncreasedInfestations;VEE_StagnantRivulet;VEE_IncreasedDiseases;River
12626,Muddy;InsectMegahive;VEE_StagnantRivulet;VEE_IncreasedDiseases;River
12627,Marshy;InsectMegahive;AB_BumbledroneNests;VEE_RotstinkVents
12628,Mountain
12630,Muddy;AB_FeraliskNest;VEE_StagnantRivulet;InsectMegahive;ToxicLake
12631,Muddy;VEE_StagnantRivulet;ToxicLake;AB_BumbledroneNests
12638,VEE_MineralDevoid;VEE_DeepOreDevoid
12641,VEE_MineralDevoid;VEE_DeepOreDevoid
12644,Marshy;AB_FeraliskNest;AB_BumbledroneNests;VEE_IncreasedDiseases
12646,Marshy;AB_FeraliskNest;AB_BumbledroneNests;VEE_RotstinkVents
12650,VEE_MineralDevoid;VEE_DeepOreDevoid;Dunes
12651,Dunes
12652,Dunes
12653,VEE_MineralDevoid;VEE_DeepOreDevoid;Dunes
12654,Dunes
12655,Dunes
12677,CoastalIsland
12679,CoastalIsland
12687,CoastalIsland
12738,Caves
12739,Caves
12740,Caves
12741,Caves
12742,Caves
12743,Caves
12750,Caves
12752,Caves
12753,Caves
12754,Caves
12758,Caves
12759,Caves
12760,Caves
12762,Caves
12767,VEE_MineralDevoid;VEE_DeepOreDevoid
12773,VEE_MineralDevoid;VEE_DeepOreDevoid
12795,AncientGarrison
12801,Mountain
12804,Mountain
12805,Mountain
12806,Mountain
12808,Mountain
12809,Mountain
12818,Cliffs
12819,Mountain
12822,Cliffs;Bay
12825,Cliffs
12828,Cliffs;MineralRich
12829,Cliffs;River
12830,Mountain
12831,Mountain
12832,Mountain
12833,MineralRich;AncientRuins;AncientRuins
12834,Mountain;MineralRich;VEE_DeepOreRich
12835,Mountain;MineralRich;VEE_DeepOreRich
12846,DryLake
12856,VEE_MineralDevoid;VEE_DeepOreDevoid;Dunes
12857,VEE_PebbleDunes;VEE_PebbleDunes
12872,Mountain
12876,Mountain
12877,Mountain
12899,Cliffs
12900,Mountain
12901,Mountain
12905,VEE_MineralDevoid;VEE_DeepOreDevoid
12911,VEE_MeteorCrater
12936,VEE_DustBowl;VEE_PlantLife_Decimated;VEE_Fertility_Reduced;VEE_DustStorms
12944,VEE_MineralDevoid;VEE_DeepOreDevoid
12947,VEE_MineralDevoid;VEE_DeepOreDevoid
12950,VEE_MineralDevoid;VEE_DeepOreDevoid
12953,VEE_MineralDevoid;VEE_DeepOreDevoid
12956,VEE_MineralDevoid;VEE_DeepOreDevoid
12962,VEE_MineralDevoid;VEE_DeepOreDevoid
12965,VEE_MineralDevoid;VEE_DeepOreDevoid
12972,VEE_MineralDevoid;VEE_DeepOreDevoid
12975,VEE_MineralDevoid;VEE_DeepOreDevoid
12978,VEE_MineralDevoid;VEE_DeepOreDevoid
12988,VEE_MineralDevoid;VEE_DeepOreDevoid
13002,VEE_MineralDevoid;VEE_DeepOreDevoid
13016,VEE_SaltPlains
13018,DryGround
13020,DryGround
13021,VEE_SaltPlains
13022,VEE_SaltPlains
13023,Plateau;VEE_SaltPlains
13024,VEE_SaltPlains;DryGround
13025,VEE_SaltPlains
13026,VEE_SaltPlains;AB_TarLakes
13027,DryGround;AB_TarLakes
13028,DryGround
13030,VEE_SaltPlains
13031,VEE_SaltPlains
13036,DryGround
13039,VEE_MineralDevoid;VEE_DeepOreDevoid
13040,VEE_SaltPlains
13042,DryGround
13046,DryGround
13058,Mountain
13059,AncientRuins_Frozen;AncientRuins_Frozen
13065,Caves
13069,Caves
13072,Mountain
13082,Caves
13086,Caves
13113,Caves
13116,Caves
13119,VEE_Cenotes;VEE_Cenotes
13120,Caves
13121,Caves
13124,VEE_MineralDevoid;VEE_DeepOreDevoid;Dunes
13125,Dunes
13126,Dunes
13127,VEE_MineralDevoid;VEE_DeepOreDevoid;Dunes
13128,Dunes
13130,Dunes
13132,VEE_MineralDevoid;VEE_DeepOreDevoid;Dunes
13142,VEE_PebbleDunes;VEE_PebbleDunes
13144,VEE_MineralDevoid;VEE_DeepOreDevoid
13147,VEE_MineralDevoid;VEE_DeepOreDevoid
13148,Dunes
13149,DryLake
13160,VEE_MineralDevoid;VEE_DeepOreDevoid;Dunes
13161,Mountain
13162,Mountain
13168,Hollow
13169,Mountain
13171,Mountain
13175,Dunes
13179,AB_DerelictClusters;VEE_SulfuricLake
13180,AB_AncientFreezingVent
13181,AB_DerelictClusters;AncientHeatVent;VEE_SulfuricLake
13182,Junkyard;VEE_SulfuricLake;VEE_ToxicVents
13183,AB_DerelictClusters;AncientHeatVent;Junkyard
13186,AB_DerelictClusters
13187,AB_AmbientRadiation;AB_AncientFreezingVent;Junkyard
13191,Dunes
13194,VEE_MineralDevoid;VEE_DeepOreDevoid;Dunes
13195,Dunes
13203,Archipelago
13205,VEE_MineralDevoid;VEE_DeepOreDevoid
13223,VEE_MineralDevoid;VEE_DeepOreDevoid;Coast
13238,VEE_MineralDevoid;VEE_DeepOreDevoid
13256,VEE_SaltPlains
13257,VEE_SaltPlains
13258,VEE_SaltPlains
13259,VEE_SaltPlains
13260,VEE_SaltPlains
13287,Caves
13291,Caves
13299,Caves
13300,Caves
13301,Caves
13303,Caves
13306,VEE_MineralDevoid;VEE_DeepOreDevoid
13317,VEE_MineralDevoid;VEE_DeepOreDevoid
13320,VEE_MineralDevoid;VEE_DeepOreDevoid
13323,VEE_MineralDevoid;VEE_DeepOreDevoid
13326,VEE_MineralDevoid;VEE_DeepOreDevoid
13337,VEE_MineralDevoid;VEE_DeepOreDevoid
13341,VEE_MineralDevoid;VEE_DeepOreDevoid
13344,VEE_MineralDevoid;VEE_DeepOreDevoid
13347,VEE_MineralDevoid;VEE_DeepOreDevoid
13348,Oasis
13350,VEE_MineralDevoid;VEE_DeepOreDevoid
13353,VEE_MineralDevoid;VEE_DeepOreDevoid
13356,VEE_MineralDevoid;VEE_DeepOreDevoid
13359,VEE_MineralDevoid;VEE_DeepOreDevoid
13362,VEE_MineralDevoid;VEE_DeepOreDevoid
13365,VEE_MineralDevoid;VEE_DeepOreDevoid
13371,VEE_MineralDevoid;VEE_DeepOreDevoid
13376,Coast
13379,VEE_SaltPlains
13382,Dunes
13383,Dunes
13384,VEE_MineralDevoid;VEE_DeepOreDevoid;Dunes
13386,Dunes
13387,VEE_MineralDevoid;VEE_DeepOreDevoid;Dunes
13388,Dunes
13389,Dunes
13390,VEE_MineralDevoid;VEE_DeepOreDevoid;Dunes
13391,Dunes
13392,Dunes
13393,VEE_MineralDevoid;VEE_DeepOreDevoid;Dunes
13394,Dunes
13395,Dunes
13396,VEE_MineralDevoid;VEE_DeepOreDevoid;Dunes
13397,Dunes
13398,Dunes
13399,VEE_MineralDevoid;VEE_DeepOreDevoid;Dunes
13408,Coast
13409,VEE_GravelBeach
13411,VEE_SaltPlains;Coast
13415,Caves
13439,VEE_MineralDevoid;VEE_DeepOreDevoid
13443,VEE_MineralDevoid;VEE_DeepOreDevoid
13449,Oasis
13455,VEE_MineralDevoid;VEE_DeepOreDevoid
13459,VEE_MineralDevoid;VEE_DeepOreDevoid
13466,VEE_MineralDevoid;VEE_DeepOreDevoid
13473,VEE_MineralDevoid;VEE_DeepOreDevoid
13483,VEE_MineralDevoid;VEE_DeepOreDevoid
13490,Mountain
13492,Mountain
13494,Mountain
13495,Mountain
13508,Mountain
13509,Mountain
13510,Mountain
13511,Mountain
13512,Mountain
13513,Mountain;AncientRuins;AncientRuins
13514,Mountain
13515,Mountain
13516,Mountain
13517,Mountain
13518,Mountain
13519,Mountain
13557,Coast
13562,Caves
13563,Caves
13568,Caves
13570,Caves
13575,Caves
13578,Caves
13579,Caves
13580,Caves
13581,Caves
13585,Caves
13587,Caves
13588,Caves
13589,Caves
13590,Caves
13591,Caves
13602,AncientGarrison
13618,VEE_Cenotes;VEE_Cenotes
13644,TerraformingScar
13649,VEE_MineralDevoid;VEE_DeepOreDevoid
13664,VEE_MineralDevoid;VEE_DeepOreDevoid
13667,VEE_MineralDevoid;VEE_DeepOreDevoid
13670,VEE_MineralDevoid;VEE_DeepOreDevoid
13673,VEE_MineralDevoid;VEE_DeepOreDevoid
13676,VEE_MineralDevoid;VEE_DeepOreDevoid
13679,VEE_MineralDevoid;VEE_DeepOreDevoid
13682,VEE_MineralDevoid;VEE_DeepOreDevoid;Dunes
13683,Dunes
13684,Dunes
13685,VEE_MineralDevoid;VEE_DeepOreDevoid;Dunes
13686,Dunes
13687,Dunes
13688,VEE_MineralDevoid;VEE_DeepOreDevoid;Dunes
13690,Dunes
13691,VEE_MineralDevoid;VEE_DeepOreDevoid;Dunes
13692,Dunes
13693,Dunes
13694,VEE_MineralDevoid;VEE_DeepOreDevoid
13697,VEE_MineralDevoid;VEE_DeepOreDevoid
13698,Dunes
13710,Caves
13711,Caves
13712,AncientRuins;AncientRuins
13713,Caves
13715,Caves
13716,Caves
13718,Caves
13719,Caves
13720,Caves
13721,Caves
13722,Caves
13745,VEE_MineralDevoid;VEE_DeepOreDevoid
13773,VEE_MineralDevoid;VEE_DeepOreDevoid
13776,VEE_MineralDevoid;VEE_DeepOreDevoid
13779,VEE_MineralDevoid;VEE_DeepOreDevoid
13782,VEE_MineralDevoid;VEE_DeepOreDevoid
13785,VEE_MineralDevoid;VEE_DeepOreDevoid
13788,VEE_MineralDevoid;VEE_DeepOreDevoid
13791,VEE_MineralDevoid;VEE_DeepOreDevoid
13793,DryGround
13794,VEE_MineralDevoid;VEE_DeepOreDevoid
13796,DryGround
13797,VEE_MineralDevoid;VEE_DeepOreDevoid
13798,Chasm
13799,Mountain
13803,VEE_MineralDevoid;VEE_DeepOreDevoid
13809,VEE_MineralDevoid;VEE_DeepOreDevoid
13820,VEE_MineralDevoid;VEE_DeepOreDevoid
13823,VEE_MineralDevoid;VEE_DeepOreDevoid
13826,VEE_MineralDevoid;VEE_DeepOreDevoid
13829,VEE_MineralDevoid;VEE_DeepOreDevoid
13838,VEE_MineralDevoid;VEE_DeepOreDevoid
13841,VEE_MineralDevoid;VEE_DeepOreDevoid
13846,VEE_MineralDevoid;VEE_DeepOreDevoid
13850,VEE_MineralDevoid;VEE_DeepOreDevoid
13856,VEE_MineralDevoid;VEE_DeepOreDevoid
13878,VEE_MineralDevoid;VEE_DeepOreDevoid
13883,VEE_MineralDevoid;VEE_DeepOreDevoid
13894,VEE_MineralDevoid;VEE_DeepOreDevoid
13897,VEE_MineralDevoid;VEE_DeepOreDevoid
13906,VEE_MineralDevoid;VEE_DeepOreDevoid
13909,VEE_MineralDevoid;VEE_DeepOreDevoid
13914,VEE_MineralDevoid;VEE_DeepOreDevoid
13917,VEE_Cenotes
13918,VEE_MineralDevoid;VEE_DeepOreDevoid;VEE_Cenotes
13921,VEE_MineralDevoid;VEE_DeepOreDevoid
13925,VEE_Cenotes
13927,DryGround
13931,DryGround
13933,VEE_MineralDevoid;VEE_DeepOreDevoid
13936,VEE_MineralDevoid;VEE_DeepOreDevoid
13939,VEE_MineralDevoid;VEE_DeepOreDevoid
13942,VEE_MineralDevoid;VEE_DeepOreDevoid
13945,VEE_MineralDevoid;VEE_DeepOreDevoid
13948,VEE_MineralDevoid;VEE_DeepOreDevoid
13951,VEE_MineralDevoid;VEE_DeepOreDevoid
13959,Caves
13960,Caves
13961,Caves
13962,Caves
13973,Caves
13974,Caves
13988,Caves
13989,Caves
13990,Caves
13991,Caves
13992,Caves
13993,Caves
13994,Caves
13996,Caves
14010,Mountain
14012,Caves
14014,Caves
14016,Caves
14017,Caves
14018,Caves
14019,Caves
14020,Caves
14022,Caves
14026,VEE_MeteorCrater
14034,Caves
14036,Caves
14042,Caves
14043,Caves
14044,Caves
14045,Caves
14048,Caves
14049,Caves
14050,Caves
14051,Caves
14052,Caves
14053,Caves
14054,Caves
14055,Caves
14056,Caves
14057,Caves
14058,Caves
14059,Caves
14060,Caves
14065,Caves
14067,Caves
14073,Caves
14074,Caves
14076,Caves
14077,Caves
14085,Caves
14086,Caves
14115,Caves
14118,Caves
14122,Caves
14123,Caves
14124,Caves
14125,Caves
14130,Caves
14136,AncientWarehouse
14166,VEE_Cenotes;VEE_Cenotes
14179,VEE_RockRidge
14181,VEE_RockRidge
14182,Caves
14193,Caves
14196,Caves
14197,Caves
14204,Mountain
14205,Valley
14209,Mountain
14210,Mountain
14211,Mountain
14212,Mountain
14213,Mountain
14214,Mountain
14215,Mountain
14216,Mountain
14217,Mountain
14241,Caves
14246,Caves
14247,Caves
14248,Caves
14249,Caves
14250,Caves
14251,Caves
14252,Caves
14254,Caves
14259,Caves
14260,Caves
14262,Caves
14263,Caves
14264,Caves
14265,Caves
14266,Caves
14273,Caves
14275,Caves
14283,Caves
14288,Caves
14289,Chasm;Caves
14290,Caves
14291,Caves
14292,Caves
14293,Caves
14294,Caves
14295,Caves
14296,Caves
14297,Caves
14298,Caves
14299,Caves
14312,Oasis
14314,Oasis
14317,Oasis
14319,VEE_SaltPlains;VEE_StagnantRivulet;River
14320,Mountain;Oasis
14322,Mountain;VEE_StagnantRivulet;River
14323,VEE_StagnantRivulet;River
14324,VEE_StagnantRivulet;River
14325,VEE_StagnantRivulet;River
14326,Mountain;VEE_StagnantRivulet;River
14327,Mountain;VEE_StagnantRivulet;River
14328,Mountain;River
14329,VEE_StagnantRivulet;River
14330,VEE_StagnantRivulet;River
14331,VEE_StagnantRivulet;River
14332,VEE_StagnantRivulet;River
14333,VEE_StagnantRivulet;River
14335,VEE_SaltPlains;VEE_StagnantRivulet;River
14337,VEE_StagnantRivulet;River
14338,Oasis
14339,Oasis
14340,Oasis
14343,VEE_StagnantRivulet;River
14344,VEE_StagnantRivulet;River
14345,VEE_StagnantRivulet;River
14346,Oasis
14348,VEE_PebbleDunes;VEE_PebbleDunes
14349,Dunes
14350,VEE_MineralDevoid;VEE_DeepOreDevoid;Dunes
14351,Dunes
14360,Mountain
14364,Mountain
14365,Mountain
14374,VEE_MineralDevoid;VEE_DeepOreDevoid
14376,Dunes
14384,VEE_MineralDevoid;VEE_DeepOreDevoid;Dunes
14385,Dunes
14386,Dunes
14387,VEE_MineralDevoid;VEE_DeepOreDevoid;Dunes
14388,Dunes
14389,Dunes
14392,VEE_MineralDevoid;VEE_DeepOreDevoid;Dunes
14393,Dunes
14396,Dunes
14398,VEE_MineralDevoid;VEE_DeepOreDevoid;Dunes
14402,Dunes
14403,Dunes
14404,VEE_MineralDevoid;VEE_DeepOreDevoid;Dunes
14405,Dunes
14406,Dunes
14407,VEE_MineralDevoid;VEE_DeepOreDevoid;Dunes
14408,Dunes
14409,Dunes
14410,VEE_MineralDevoid;VEE_DeepOreDevoid;Dunes
14411,Dunes
14412,Dunes
14413,VEE_MineralDevoid;VEE_DeepOreDevoid;Dunes
14414,Dunes
14417,Dunes
14418,VEE_MineralDevoid;VEE_DeepOreDevoid;Dunes
14419,Dunes
14422,DryGround
14423,VEE_MineralDevoid;VEE_DeepOreDevoid
14429,VEE_MineralDevoid;VEE_DeepOreDevoid;Dunes;DryGround
14431,Dunes;DryGround
14433,VEE_MineralDevoid;VEE_DeepOreDevoid
14440,VEE_MineralDevoid;VEE_DeepOreDevoid
14446,VEE_RottenStench;VEE_SulfuricLake;PlantLife_Increased;VEE_RottenStench
14457,VEE_MineralDevoid;VEE_DeepOreDevoid;Dunes
14458,VEE_QuicksandDunes;VEE_QuicksandDunes
14464,Dunes
14465,VEE_MineralDevoid;VEE_DeepOreDevoid;Dunes
14468,MineralRich
14469,MineralRich
14470,Cavern;AncientQuarry;AncientQuarry;MineralRich
14471,MineralRich
14472,MineralRich
14473,MineralRich
14480,AncientHeatVent;VEE_MechanoidShipChunks
14481,MineralRich;AncientHeatVent
14482,AB_AmbientRadiation;AncientHeatVent
14483,AB_DerelictClusters;AncientHeatVent;AncientRuins
14484,AB_DerelictClusters;MineralRich
14485,MineralRich
14486,MineralRich;AncientHeatVent
14490,MineralRich;AncientHeatVent
14491,MineralRich
14514,VEE_MineralDevoid;VEE_DeepOreDevoid
14525,VEE_SaltPlains
14531,Dunes
14533,VEE_MineralDevoid;VEE_DeepOreDevoid
14542,VEE_MineralDevoid;VEE_DeepOreDevoid
14545,VEE_MineralDevoid;VEE_DeepOreDevoid
14559,VEE_SaltPlains
14564,AB_DerelictClusters;AncientHeatVent;AncientRuins;VEE_MechanoidShipChunks;VEE_ToxicVents;Headwater
14565,AB_AmbientRadiation;AB_DerelictClusters;VEE_ToxicVents
14567,AB_AmbientRadiation;AB_DerelictClusters;VEE_SulfuricLake
14569,AB_DerelictClusters;AncientHeatVent;AncientRuins;MineralRich;VEE_ToxicVents
14570,AB_DerelictClusters;AncientHeatVent;AncientRuins
14571,AB_DerelictClusters;AncientHeatVent;MineralRich;VEE_ToxicVents
14572,AncientHeatVent;AncientRuins;VEE_ToxicVents
14576,AB_AmbientRadiation;AB_DerelictClusters;AncientHeatVent;AncientRuins;MineralRich;VEE_ToxicVents
14577,AB_DerelictClusters;AncientHeatVent;VEE_ToxicVents
14578,AB_AmbientRadiation;AB_AncientGreyPallVent;AncientRuins;VEE_ToxicVents
14579,AB_AmbientRadiation;AB_DerelictClusters;AncientHeatVent;Junkyard;VEE_MechanoidShipChunks;VEE_ToxicVents
14580,AB_AmbientRadiation;AB_AncientDeathPallVent;AB_DerelictClusters;VEE_MechanoidShipChunks;VEE_ToxicVents
14581,AB_AmbientRadiation;AncientHeatVent;AncientRuins;VEE_ToxicVents
14582,AB_DerelictClusters;AncientHeatVent;VEE_MechanoidShipChunks
14583,AB_AmbientRadiation;AB_AncientGreyPallVent;AB_DerelictClusters;AncientRuins;MineralRich;VEE_ToxicVents
14584,AncientHeatVent;VEE_MechanoidShipChunks;VEE_SulfuricLake;VEE_ToxicVents
14585,AB_DerelictClusters;AncientHeatVent;Junkyard;VEE_ToxicVents
14586,AB_DerelictClusters;AncientHeatVent;AncientRuins;Junkyard
14587,AB_AmbientRadiation;AB_DerelictClusters;AncientHeatVent;VEE_MechanoidShipChunks
14588,AB_AmbientRadiation;AncientHeatVent;AncientRuins;VEE_MechanoidShipChunks;VEE_ToxicVents
14589,AB_AmbientRadiation;AB_DerelictClusters;AncientGarrison;Junkyard;VEE_ToxicVents
14590,AB_DerelictClusters;AncientHeatVent;VEE_ToxicVents
14591,AB_AmbientRadiation;AB_DerelictClusters;AncientHeatVent
14592,AB_AmbientRadiation;AB_DerelictClusters;AncientHeatVent;MineralRich;VEE_ToxicVents
14593,AB_AmbientRadiation;AB_DerelictClusters;AncientHeatVent;AncientRuins;Junkyard;VEE_ToxicVents
14594,AB_DerelictClusters;AncientHeatVent;VEE_MechanoidShipChunks;VEE_SulfuricLake;VEE_ToxicVents
14595,AB_DerelictClusters;AncientHeatVent;AncientRuins;VEE_MechanoidShipChunks;VEE_SulfuricLake;VEE_ToxicVents
14596,AncientHeatVent;VEE_SulfuricLake;VEE_ToxicVents
14597,AncientHeatVent;VEE_SulfuricLake;VEE_ToxicVents
14598,AB_DerelictClusters;AncientHeatVent;AncientRuins;Junkyard
14599,AncientHeatVent;MineralRich;VEE_SulfuricLake
14600,Dunes
14601,Dunes
14602,VEE_MineralDevoid;VEE_DeepOreDevoid;Dunes
14603,Dunes
14604,Dunes
14605,VEE_MineralDevoid;VEE_DeepOreDevoid;Dunes
14608,Dunes
14609,Dunes
14611,VEE_MineralDevoid;VEE_DeepOreDevoid;Dunes
14612,Dunes
14613,Dunes
14614,VEE_MineralDevoid;VEE_DeepOreDevoid;Dunes
14615,Dunes
14616,Dunes
14617,VEE_MineralDevoid;VEE_DeepOreDevoid;Dunes
14618,Dunes
14619,Dunes
14620,VEE_MineralDevoid;VEE_DeepOreDevoid;Dunes
14621,Dunes
14622,Dunes
14623,VEE_MineralDevoid;VEE_DeepOreDevoid;Dunes
14624,Dunes
14626,Dunes
14627,VEE_MineralDevoid;VEE_DeepOreDevoid;Dunes
14630,Dunes
14631,Dunes
14634,VEE_MineralDevoid;VEE_DeepOreDevoid;Dunes
14636,Dunes
14637,Dunes
14638,VEE_MineralDevoid;VEE_DeepOreDevoid;Dunes
14639,Dunes
14640,Dunes
14641,VEE_MineralDevoid;VEE_DeepOreDevoid;Dunes
14642,Dunes
14643,Dunes
14644,VEE_MineralDevoid;VEE_DeepOreDevoid;Dunes
14645,Dunes
14646,Dunes
14647,VEE_MineralDevoid;VEE_DeepOreDevoid;Dunes
14648,Dunes
14649,Dunes
14650,VEE_MineralDevoid;VEE_DeepOreDevoid;Dunes
14651,Dunes
14652,Dunes
14653,VEE_MineralDevoid;VEE_DeepOreDevoid;Dunes
14654,Dunes
14655,Dunes
14656,VEE_MineralDevoid;VEE_DeepOreDevoid;Dunes
14657,Dunes
14658,Dunes
14659,VEE_MineralDevoid;VEE_DeepOreDevoid;Dunes
14660,Dunes
14661,Dunes
14662,VEE_MineralDevoid;VEE_DeepOreDevoid;Dunes
14663,Dunes
14664,Dunes
14665,VEE_MineralDevoid;VEE_DeepOreDevoid;Dunes
14666,Dunes
14668,Dunes
14669,VEE_MineralDevoid;VEE_DeepOreDevoid;Dunes
14670,Dunes
14671,Dunes
14672,VEE_MineralDevoid;VEE_DeepOreDevoid;Dunes
14682,Dunes
14692,VEE_MineralDevoid;VEE_DeepOreDevoid
14697,VEE_MineralDevoid;VEE_DeepOreDevoid
14698,DryLake
14699,Dunes
14700,Dunes
14701,VEE_MineralDevoid;VEE_DeepOreDevoid
14704,VEE_SaltPlains
14709,Mountain
14710,Mountain
14711,Mountain
14712,Mountain
14713,Mountain
14716,Mountain;Oasis
14720,VEE_MineralDevoid;VEE_DeepOreDevoid
14723,VEE_MineralDevoid;VEE_DeepOreDevoid
14732,VEE_MineralDevoid;VEE_DeepOreDevoid
14735,VEE_MineralDevoid;VEE_DeepOreDevoid
14738,VEE_MineralDevoid;VEE_DeepOreDevoid;Dunes
14742,Dunes
14753,CoastalIsland
14755,CoastalIsland
14780,VEE_MineralDevoid;VEE_DeepOreDevoid;Dunes
14786,Dunes
14790,Dunes
14793,DryLake
14794,VEE_MineralDevoid;VEE_DeepOreDevoid;Dunes
14800,Dunes
14804,Dunes
14805,VEE_MineralDevoid;VEE_DeepOreDevoid;Dunes
14806,Dunes
14807,Dunes
14808,VEE_MineralDevoid;VEE_DeepOreDevoid;Dunes
14810,Dunes
14812,Dunes
14813,VEE_MineralDevoid;VEE_DeepOreDevoid;Dunes
14814,Dunes
14815,Dunes
14819,VEE_MineralDevoid;VEE_DeepOreDevoid
14822,Mountain
14823,Mountain
14824,Mountain
14825,Mountain
14826,Mountain
14827,Mountain
14828,Mountain
14830,Mountain
14831,VEE_DryRiver
14833,Mountain
14834,Mountain
14835,Mountain
14838,Mountain
14839,VEE_DryRiver
14852,Mountain
14853,Mountain
14857,Mountain
14858,Mountain
14879,Mountain
14880,Mountain
14885,Chasm
14886,Mountain
14891,VEE_MineralDevoid;VEE_DeepOreDevoid
14894,VEE_MineralDevoid;VEE_DeepOreDevoid
14897,VEE_MineralDevoid;VEE_DeepOreDevoid
14906,VEE_MineralDevoid;VEE_DeepOreDevoid
14924,VEE_MineralDevoid;VEE_DeepOreDevoid
14932,Mountain
14933,Mountain
14934,Mountain
14935,Mountain
14938,VEE_MineralDevoid;VEE_DeepOreDevoid
14942,VEE_MineralDevoid;VEE_DeepOreDevoid
14946,VEE_MineralDevoid;VEE_DeepOreDevoid
14951,VEE_MineralDevoid;VEE_DeepOreDevoid
14955,VEE_MineralDevoid;VEE_DeepOreDevoid
14965,Caves
14968,Caves
14969,Caves
14988,Caves
14991,Caves
14992,Caves
15008,Peninsula
15032,Mountain
15033,Mountain
15037,Mountain
15038,Mountain
15039,Mountain
15040,VEE_DustBowl;VEE_PlantLife_Decimated;VEE_Fertility_Reduced;VEE_DustStorms
15041,Mountain
15043,Mountain
15045,CoastalIsland
15046,CoastalIsland
15047,CoastalIsland
15048,CoastalIsland
15050,Mountain
15051,Mountain;Coast
15054,Mountain;Coast
15064,Mountain;Bay
15065,Mountain;Coast
15067,Mountain;Coast
15074,Mountain
15075,Oasis
15076,Coast
15077,Mountain;Bay
15082,VEE_SaltPlains
15083,VEE_SaltPlains
15084,VEE_SaltPlains
15085,VEE_SaltPlains
15086,Oasis
15088,Oasis
15089,Oasis
15096,Oasis
15097,Oasis
15098,Oasis
15099,Oasis
15100,Oasis
15101,Oasis
15102,Oasis
15103,Oasis
15110,Mountain
15111,Mountain;AbandonedColonyTribal;AbandonedColonyTribal
15112,Mountain
15113,Mountain
15114,Mountain
15115,Mountain
15116,Mountain
15120,Mountain
15121,Mountain
15125,Dunes
15127,VEE_MineralDevoid;VEE_DeepOreDevoid;Dunes;Dunes;VEE_SaltPlains
15128,Mountain
15129,Mountain
15130,Mountain
15133,Mountain
15134,Mountain
15135,Mountain
15136,Mountain
15139,VEE_DryRiver
15140,Cliffs
15141,Cavern
15142,Cliffs;Oasis
15152,Mountain;River
15153,Mountain;River
15154,Mountain
15155,Mountain;VEE_StagnantRivulet;River
15156,VEE_StagnantRivulet;River
15157,Mountain;VEE_StagnantRivulet;River
15158,Mountain;River
15160,River
15161,River
15164,Mountain
15166,Mountain;Oasis
15167,VEE_IncreasedInfestations;Oasis;AB_BumbledroneNests;Pond
15168,Mountain
15169,Oasis;VEE_IncreasedInfestations;Pond;InsectMegahive;VEE_StagnantRivulet;VEE_IncreasedDiseases
15171,Cliffs
15172,Mountain
15173,Mountain;Bay
15176,Mountain;MineralRich
15177,Mountain;MineralRich;VEE_DeepOreRich
15178,Mountain;HotSprings
15179,Mountain;River
15180,Mountain;HotSprings
15181,Valley;MineralRich;VEE_DeepOreRich
15184,Cliffs
15185,Mountain
15186,Cliffs;MineralRich;VEE_DeepOreRich
15187,Mountain
15206,Mountain;MineralRich;River
15207,Mountain;MineralRich
15208,Mountain;MineralRich
15209,Mountain;MineralRich;River
15210,Mountain;MineralRich;VEE_DeepOreRich
15211,Mountain;MineralRich;VEE_DeepOreRich
15213,Caves
15214,Caves
15226,Caves
15227,Caves
15228,Caves
15229,Caves
15234,VEE_StoneForest
15236,Caves
15237,Caves
15238,Caves
15239,Caves
15243,Caves
15244,Caves
15264,Caves
15265,Caves
15267,Mountain;Caves
15268,Mountain;Caves
15269,Mountain;Caves
15270,Caves
15271,Caves
15272,Mountain
15274,Mountain;Caves
15278,Mountain
15279,Mountain
15282,Mountain
15283,Mountain
15290,Caves
15291,Caves
15296,Caves
15300,Caves
15301,Caves
15308,Caves
15310,AncientWarehouse
15311,Caves
15312,Caves
15316,Caves
15317,Caves
15328,Mountain;Caves
15329,Cliffs;Caves
15330,Mountain;Caves
15331,Mountain;Caves
15335,CoastalIsland
15337,CoastalIsland
15344,VEE_SaltPlains
15345,VEE_SaltPlains
15346,VEE_SaltPlains
15348,VEE_SaltPlains
15349,VEE_SaltPlains
15350,VEE_SaltPlains
15351,VEE_SaltPlains
15352,VEE_SaltPlains
15353,VEE_SaltPlains
15354,Mountain
15373,VEE_JaggedRocks
15377,Mountain;Caves
15378,Mountain;Caves
15379,Caves
15381,VEE_JaggedRocks
15383,Mountain
15394,VEE_MineralDevoid;VEE_DeepOreDevoid
15397,VEE_MineralDevoid;VEE_DeepOreDevoid
15400,VEE_MineralDevoid;VEE_DeepOreDevoid
15403,VEE_MineralDevoid;VEE_DeepOreDevoid
15411,VEE_MineralDevoid;VEE_DeepOreDevoid
15416,VEE_MineralDevoid;VEE_DeepOreDevoid
15419,VEE_MineralDevoid;VEE_DeepOreDevoid
15422,VEE_MineralDevoid;VEE_DeepOreDevoid
15425,VEE_MineralDevoid;VEE_DeepOreDevoid
15428,VEE_MineralDevoid;VEE_DeepOreDevoid
15431,VEE_MineralDevoid;VEE_DeepOreDevoid
15442,VEE_MineralDevoid;VEE_DeepOreDevoid
15445,VEE_MineralDevoid;VEE_DeepOreDevoid
15448,VEE_MineralDevoid;VEE_DeepOreDevoid
15451,VEE_MineralDevoid;VEE_DeepOreDevoid
15470,VEE_MineralDevoid;VEE_DeepOreDevoid
15473,VEE_MineralDevoid;VEE_DeepOreDevoid
15488,VEE_MineralDevoid;VEE_DeepOreDevoid
15491,VEE_MineralDevoid;VEE_DeepOreDevoid
15500,VEE_MineralDevoid;VEE_DeepOreDevoid
15503,VEE_MineralDevoid;VEE_DeepOreDevoid
15506,VEE_MineralDevoid;VEE_DeepOreDevoid
15509,VEE_MineralDevoid;VEE_DeepOreDevoid
15512,VEE_MineralDevoid;VEE_DeepOreDevoid
15515,VEE_MineralDevoid;VEE_DeepOreDevoid
15518,VEE_MineralDevoid;VEE_DeepOreDevoid
15521,VEE_MineralDevoid;VEE_DeepOreDevoid
15524,VEE_MineralDevoid;VEE_DeepOreDevoid
15527,VEE_MineralDevoid;VEE_DeepOreDevoid
15530,VEE_MineralDevoid;VEE_DeepOreDevoid
15536,VEE_MineralDevoid;VEE_DeepOreDevoid
15539,VEE_MineralDevoid;VEE_DeepOreDevoid
15542,VEE_MineralDevoid;VEE_DeepOreDevoid
15545,VEE_MineralDevoid;VEE_DeepOreDevoid
15548,VEE_MineralDevoid;VEE_DeepOreDevoid
15551,VEE_MineralDevoid;VEE_DeepOreDevoid
15554,VEE_MineralDevoid;VEE_DeepOreDevoid
15557,VEE_MineralDevoid;VEE_DeepOreDevoid
15560,VEE_MineralDevoid;VEE_DeepOreDevoid
15562,Dunes
15563,VEE_MineralDevoid;VEE_DeepOreDevoid;Dunes
15564,Dunes
15566,VEE_MineralDevoid;VEE_DeepOreDevoid
15569,VEE_MineralDevoid;VEE_DeepOreDevoid
15584,VEE_MineralDevoid;VEE_DeepOreDevoid
15590,VEE_MineralDevoid;VEE_DeepOreDevoid
15593,VEE_MineralDevoid;VEE_DeepOreDevoid
15600,VEE_MineralDevoid;VEE_DeepOreDevoid
15610,VEE_MineralDevoid;VEE_DeepOreDevoid
15616,Caves
15618,Caves
15623,VEE_MineralDevoid;VEE_DeepOreDevoid;sw_DeadSarlaccCave;sw_DeadSarlaccCave
15633,Caves
15634,VEE_Cenotes;VEE_Cenotes
15684,AncientGarrison
15748,Caves
15749,Caves
15751,Caves
15770,VEE_DustBowl;VEE_PlantLife_Decimated;VEE_Fertility_Reduced;VEE_DustStorms
15771,VEE_MineralDevoid;VEE_DeepOreDevoid
15775,Plateau
15782,VEE_MineralDevoid;VEE_DeepOreDevoid
15789,VEE_MineralDevoid;VEE_DeepOreDevoid
15815,VEE_MineralDevoid;VEE_DeepOreDevoid
15822,VEE_MineralDevoid;VEE_DeepOreDevoid
15824,Dunes
15825,VEE_MineralDevoid;VEE_DeepOreDevoid
15828,VEE_MineralDevoid;VEE_DeepOreDevoid
15831,VEE_MineralDevoid;VEE_DeepOreDevoid
15836,Dunes
15837,VEE_MineralDevoid;VEE_DeepOreDevoid;Dunes
15838,Dunes
15840,VEE_MineralDevoid;VEE_DeepOreDevoid;Dunes
15841,Dunes
15842,Dunes
15843,VEE_MineralDevoid;VEE_DeepOreDevoid;Dunes
15844,Dunes
15845,Dunes
15846,VEE_MineralDevoid;VEE_DeepOreDevoid
15847,Dunes
15848,Dunes
15849,VEE_MineralDevoid;VEE_DeepOreDevoid;Dunes
15850,Dunes
15851,Dunes
15854,VEE_MineralDevoid;VEE_DeepOreDevoid
15857,VEE_MineralDevoid;VEE_DeepOreDevoid
15862,VEE_MineralDevoid;VEE_DeepOreDevoid
15870,VEE_DustBowl;VEE_PlantLife_Decimated;VEE_Fertility_Reduced;VEE_DustStorms
15882,VEE_MineralDevoid;VEE_DeepOreDevoid
15889,VEE_MineralDevoid;VEE_DeepOreDevoid
15904,VEE_MineralDevoid;VEE_DeepOreDevoid
15905,sw_DeadSarlaccCave;sw_DeadSarlaccCave
15933,Mountain
15934,Mountain
15935,Chasm
15937,DryGround
15945,DryGround
15950,Chasm
15951,Cliffs
15952,Chasm
15953,VEE_SaltPlains
15955,DryGround
15957,DryGround
15958,DryGround
15960,VEE_SaltPlains
15961,AncientHeatVent
15963,Cliffs
15964,Cliffs
15965,VEE_SaltPlains
15967,DryGround
15970,VEE_MineralDevoid;VEE_DeepOreDevoid
15973,VEE_MineralDevoid;VEE_DeepOreDevoid
15976,VEE_MineralDevoid;VEE_DeepOreDevoid
15979,VEE_MineralDevoid;VEE_DeepOreDevoid
15982,VEE_MineralDevoid;VEE_DeepOreDevoid
15985,VEE_MineralDevoid;VEE_DeepOreDevoid
15988,VEE_MineralDevoid;VEE_DeepOreDevoid
15991,VEE_MineralDevoid;VEE_DeepOreDevoid
15994,VEE_MineralDevoid;VEE_DeepOreDevoid
15997,VEE_MineralDevoid;VEE_DeepOreDevoid
16000,VEE_MineralDevoid;VEE_DeepOreDevoid
16003,VEE_MineralDevoid;VEE_DeepOreDevoid
16012,Mountain
16013,Chasm
16014,Cliffs
16015,VEE_MineralDevoid;VEE_DeepOreDevoid
16018,VEE_MineralDevoid;VEE_DeepOreDevoid
16021,VEE_MineralDevoid;VEE_DeepOreDevoid
16040,DryGround
16041,DryGround
16042,DryGround;ToxicLake
16043,DryGround
16044,DryGround
16045,VEE_SaltPlains
16051,VEE_MineralDevoid;VEE_DeepOreDevoid
16053,DryGround
16056,DryGround
16057,VEE_SaltPlains
16058,VEE_SaltPlains
16060,VEE_SaltPlains
16063,VEE_MineralDevoid;VEE_DeepOreDevoid
16068,VEE_MineralDevoid;VEE_DeepOreDevoid
16071,VEE_MineralDevoid;VEE_DeepOreDevoid
16074,VEE_MineralDevoid;VEE_DeepOreDevoid
16076,DryGround
16077,VEE_SaltPlains
16079,AncientHeatVent
16080,VEE_SaltPlains
16081,VEE_SaltPlains
16082,DryGround
16084,VEE_SaltPlains
16085,VEE_SaltPlains
16086,VEE_SaltPlains
16087,VEE_SaltPlains
16092,DryGround
16095,VEE_MineralDevoid;VEE_DeepOreDevoid
16098,VEE_MineralDevoid;VEE_DeepOreDevoid
16101,VEE_MineralDevoid;VEE_DeepOreDevoid
16102,DryGround
16107,VEE_MineralDevoid;VEE_DeepOreDevoid
16114,Caves
16116,Caves
16124,Caves
16125,Caves
16127,Caves
16133,Caves
16137,Caves
16140,Caves
16141,Caves
16142,Caves
16143,Caves
16146,Caves
16147,Caves
16161,Caves
16169,Mountain
16190,Caves
16192,Caves
16199,Caves
16222,Caves
16224,Caves
16225,Caves
16228,Caves
16229,Caves
16242,Caves
16244,Caves
16245,Caves
16246,Caves
16247,Caves
16265,Caves
16271,Caves
16272,Caves
16273,Caves
16274,Caves
16276,Caves
16292,Caves
16296,VEE_RockRidge
16310,Caves
16324,Caves
16326,Caves
16327,AncientRuins_Frozen;AncientRuins_Frozen
16354,Hollow
16356,Cavern
16362,Mountain
16363,Mountain
16365,Mountain
16366,Mountain
16367,Mountain
16368,Mountain
16370,Mountain
16371,Mountain
16372,Mountain
16373,Mountain
16374,Mountain
16375,Mountain
16397,Mountain
16398,Caves;MineralRich
16400,AncientRuins;AncientRuins
16415,Caves
16416,Caves
16427,AncientWarehouse
16428,Caves
16429,Caves
16434,Caves
16435,Caves
16436,Mountain;Caves;MineralRich;VEE_DeepOreRich
16437,Mountain;Caves;MineralRich;VEE_DeepOreRich
16438,Mountain;Caves;MineralRich
16439,Mountain;Caves;MineralRich
16440,Mountain;Caves;MineralRich
16441,Cliffs;Caves;MineralRich;VEE_DeepOreRich
16442,VEE_JaggedRocks
16443,VEE_RockRidge
16449,Caves
16451,Caves
16452,Caves
16460,Mountain;Caves;MineralRich;VEE_DeepOreRich
16461,Mountain;Caves;MineralRich;VEE_DeepOreRich
16462,Caves;MineralRich
16463,Caves;MineralRich
16464,Caves;MineralRich
16465,Caves;MineralRich
16466,Mountain;Caves;MineralRich;VEE_DeepOreRich
16467,Caves
16470,Mountain;Caves
16471,Caves
16472,Dunes
16473,Dunes
16474,VEE_MineralDevoid;VEE_DeepOreDevoid;Dunes
16475,Dunes
16476,Dunes
16477,VEE_MineralDevoid;VEE_DeepOreDevoid;Dunes
16483,Oasis
16486,VEE_StagnantRivulet
16489,VEE_StagnantRivulet;River
16490,VEE_StagnantRivulet;River
16491,DryGround
16492,DryGround
16493,VEE_SaltPlains;DryGround
16494,VEE_SaltPlains;MineralRich;River
16495,VEE_SaltPlains;DryGround
16496,VEE_SaltPlains;DryGround
16497,Dunes;DryGround
16498,Dunes;DryGround
16499,VEE_SaltPlains;DryGround
16500,VEE_MineralDevoid;VEE_DeepOreDevoid;Dunes
16501,Dunes
16502,Dunes
16503,VEE_MineralDevoid;VEE_DeepOreDevoid;Dunes
16504,Dunes
16505,Dunes
16506,VEE_MineralDevoid;VEE_DeepOreDevoid;Dunes
16507,Dunes
16508,Dunes
16509,VEE_MineralDevoid;VEE_DeepOreDevoid;Dunes
16510,Dunes
16511,Dunes
16512,VEE_MineralDevoid;VEE_DeepOreDevoid;Dunes
16526,Dunes
16527,Dunes
16528,VEE_MineralDevoid;VEE_DeepOreDevoid;Dunes
16529,Dunes
16530,Dunes
16531,VEE_MineralDevoid;VEE_DeepOreDevoid;Dunes
16532,Dunes
16533,Dunes
16534,VEE_MineralDevoid;VEE_DeepOreDevoid;Dunes
16535,Dunes
16536,Dunes
16537,VEE_MineralDevoid;VEE_DeepOreDevoid;Dunes
16538,Dunes
16539,Dunes
16540,VEE_MineralDevoid;VEE_DeepOreDevoid;Dunes
16541,Dunes
16542,Dunes
16543,VEE_MineralDevoid;VEE_DeepOreDevoid;Dunes
16546,Dunes
16547,Dunes
16550,VEE_MineralDevoid;VEE_DeepOreDevoid;Dunes
16553,Dunes
16554,Dunes
16555,VEE_MineralDevoid;VEE_DeepOreDevoid;Dunes
16557,Dunes
16558,Dunes
16560,VEE_MineralDevoid;VEE_DeepOreDevoid;Dunes
16561,Dunes
16566,Dunes
16567,VEE_MineralDevoid;VEE_DeepOreDevoid;Dunes
16571,VEE_PebbleDunes;VEE_PebbleDunes
16574,Dunes
16575,VEE_MineralDevoid;VEE_DeepOreDevoid;Dunes
16576,Dunes
16580,Dunes
16581,VEE_MineralDevoid;VEE_DeepOreDevoid;Dunes
16582,Dunes
16583,Dunes
16584,VEE_MineralDevoid;VEE_DeepOreDevoid;Dunes
16585,Dunes
16586,Dunes
16587,VEE_MineralDevoid;VEE_DeepOreDevoid;Dunes
16588,Dunes
16589,Dunes
16590,VEE_MineralDevoid;VEE_DeepOreDevoid;Dunes
16591,Dunes
16597,Dunes
16602,VEE_MineralDevoid;VEE_DeepOreDevoid;Dunes
16603,Dunes
16608,Dunes
16610,VEE_MineralDevoid;VEE_DeepOreDevoid;Dunes
16614,Dunes
16615,Dunes
16616,Mountain
16617,Mountain
16618,Mountain
16619,Mountain;Oasis
16620,Mountain;MineralRich
16621,Mountain;MineralRich
16623,VEE_MineralDevoid;VEE_DeepOreDevoid;Dunes
16625,Dunes
16626,Dunes
16627,VEE_MineralDevoid;VEE_DeepOreDevoid;Dunes
16628,Dunes
16629,Dunes
16630,VEE_MineralDevoid;VEE_DeepOreDevoid;Dunes
16631,Dunes
16634,VEE_SaltPlains
16636,Dunes
16640,Mountain;MineralRich
16641,Mountain;MineralRich;VEE_DeepOreRich
16642,MineralRich;VEE_DeepOreRich;VEE_RedDesert;VEE_RedDesertPlants;VEE_Sandstorms
16643,Mountain;MineralRich;VEE_DeepOreRich
16644,MineralRich;VEE_DeepOreRich
16645,Mountain;MineralRich;VEE_DeepOreRich
16646,Mountain;MineralRich
16647,Mountain
16648,Mountain
16649,Mountain
16650,Mountain
16652,VEE_MineralDevoid;VEE_DeepOreDevoid;Dunes
16653,Dunes
16654,Dunes
16655,VEE_MineralDevoid;VEE_DeepOreDevoid;Dunes
16656,Dunes
16657,Dunes
16658,VEE_MineralDevoid;VEE_DeepOreDevoid;Dunes
16659,Dunes
16660,Dunes
16661,VEE_MineralDevoid;VEE_DeepOreDevoid;Dunes
16662,Dunes
16663,Dunes
16664,VEE_MineralDevoid;VEE_DeepOreDevoid;Dunes
16665,Dunes
16669,Dunes
16674,VEE_MineralDevoid;VEE_DeepOreDevoid;Dunes
16680,Dunes
16690,DryLake
16707,VEE_DryRiver
16726,VEE_StagnantRivulet;River
16727,VEE_StagnantRivulet;River
16737,VEE_RottenStench;VEE_SulfuricLake;PlantLife_Increased;VEE_RottenStench
16738,AB_AmbientRadiation;AB_DerelictClusters
16740,AncientHeatVent;AncientRuins
16741,AB_AmbientRadiation;AB_DerelictClusters;Junkyard
16744,AB_DerelictClusters;MineralRich;VEE_SulfuricLake
16750,Dunes
16751,VEE_MineralDevoid;VEE_DeepOreDevoid;Dunes
16752,Dunes
16755,VEE_SaltPlains
16758,Dunes
16760,VEE_MineralDevoid;VEE_DeepOreDevoid;Dunes
16761,Dunes
16762,Dunes
16763,VEE_MineralDevoid;VEE_DeepOreDevoid;Dunes
16764,Dunes
16765,Dunes
16766,VEE_MineralDevoid;VEE_DeepOreDevoid;Dunes
16767,Dunes
16768,Dunes
16769,VEE_MineralDevoid;VEE_DeepOreDevoid;Dunes
16770,Dunes
16771,Dunes
16772,VEE_MineralDevoid;VEE_DeepOreDevoid;Dunes
16773,Dunes
16774,Dunes
16775,VEE_MineralDevoid;VEE_DeepOreDevoid;Dunes
16776,Dunes
16777,Dunes
16778,VEE_MineralDevoid;VEE_DeepOreDevoid;Dunes
16779,Dunes
16780,Dunes
16781,VEE_MineralDevoid;VEE_DeepOreDevoid;Dunes
16782,Dunes
16783,Dunes
16784,VEE_MineralDevoid;VEE_DeepOreDevoid;Dunes
16785,Dunes
16786,Dunes
16787,VEE_MineralDevoid;VEE_DeepOreDevoid;Dunes
16788,Dunes
16789,Dunes
16790,VEE_MineralDevoid;VEE_DeepOreDevoid;Dunes
16791,Dunes
16792,Dunes
16793,VEE_MineralDevoid;VEE_DeepOreDevoid;Dunes
16794,Dunes
16795,Dunes
16796,VEE_MineralDevoid;VEE_DeepOreDevoid;Dunes
16797,Dunes
16798,Dunes
16799,VEE_MineralDevoid;VEE_DeepOreDevoid;Dunes
16800,Dunes
16801,Dunes
16802,VEE_MineralDevoid;VEE_DeepOreDevoid;Dunes
16803,Dunes
16804,Dunes
16807,VEE_MineralDevoid;VEE_DeepOreDevoid;Dunes
16808,Dunes
16809,Dunes
16810,VEE_MineralDevoid;VEE_DeepOreDevoid;Dunes
16811,Dunes
16812,Dunes
16813,VEE_MineralDevoid;VEE_DeepOreDevoid;Dunes
16814,Dunes
16815,Dunes
16816,VEE_MineralDevoid;VEE_DeepOreDevoid;Dunes
16817,Dunes
16818,Dunes
16819,VEE_MineralDevoid;VEE_DeepOreDevoid;Dunes
16820,Dunes
16821,Dunes
16822,VEE_MineralDevoid;VEE_DeepOreDevoid;Dunes
16823,Dunes
16824,Dunes
16825,VEE_MineralDevoid;VEE_DeepOreDevoid;Dunes
16826,Dunes
16827,Dunes
16828,VEE_MineralDevoid;VEE_DeepOreDevoid;Dunes
16829,Dunes
16830,Dunes
16831,VEE_MineralDevoid;VEE_DeepOreDevoid;Dunes
16834,Dunes
16837,Mountain
16839,Mountain
16841,Mountain
16842,Mountain
16843,Mountain
16844,Mountain
16845,Mountain;VEE_DustBowl;VEE_PlantLife_Decimated;VEE_DustStorms
16847,Mountain
16848,Mountain
16849,Mountain
16850,Cliffs;VEE_DeepOreRich;MineralRich
16851,Cliffs;MineralRich
16852,Cliffs;VEE_DeepOreRich;MineralRich
16853,Mountain;MineralRich;VEE_DeepOreRich
16854,Cavern;AncientQuarry;AncientQuarry;MineralRich
16858,VEE_MineralDevoid;VEE_DeepOreDevoid;Dunes
16859,Dunes
16863,DryLake
16868,Mountain
16869,Cliffs
16870,Mountain;MineralRich;VEE_DeepOreRich
16871,Cliffs;VEE_DeepOreRich;MineralRich
16872,Mountain;MineralRich;VEE_DeepOreRich
16873,Mountain
16874,Mountain
16875,Mountain
16876,Mountain
16877,Mountain
16878,Mountain
16879,Mountain
16882,VEE_SaltPlains
16884,VEE_MineralDevoid;VEE_DeepOreDevoid;Dunes
16885,Dunes
16886,Dunes;Coast
16887,VEE_MineralDevoid;VEE_DeepOreDevoid;VEE_AlluvialFan;Coast
16888,Coast
16894,CoastalIsland
16895,CoastalIsland
16898,VEE_SerpentineCanyons;Coast
16899,Mountain
16900,Cliffs
16901,Mountain
16902,Mountain;Coast
16903,Mountain
16904,Mountain
16905,Mountain
16906,Mountain
16907,Mountain
16908,Mountain;Coast
16909,Mountain;Coast
16912,Mountain
16913,Mountain
16914,Mountain
16922,Coast
16924,VEE_MineralDevoid;VEE_DeepOreDevoid
16928,Mountain
16929,Mountain
16930,Mountain
16931,Mountain
16932,Mountain
16933,Mountain
16942,VEE_MineralDevoid;VEE_DeepOreDevoid;Dunes
16943,VEE_QuicksandDunes;VEE_QuicksandDunes
16945,Dunes;Dunes
16946,Mountain
16947,Mountain
16951,Mountain
16952,Mountain
16953,Mountain
16954,Valley
16955,Mountain
16956,Mountain
16957,Mountain
16961,Mountain
16962,Mountain
16969,MineralRich
16970,MineralRich
16971,Mountain;MineralRich;VEE_DeepOreRich
16972,MineralRich;VEE_DryRiver
16973,MineralRich
16974,Mountain;MineralRich;VEE_DeepOreRich
16975,MineralRich
16977,Mountain
16978,Mountain
16980,Mountain
16981,Mountain
16982,Mountain
16983,Mountain
16989,VEE_MineralDevoid;VEE_DeepOreDevoid;Dunes
16990,Mountain
16991,Mountain
16992,Mountain
16994,Dunes
16995,Dunes
16996,VEE_MineralDevoid;VEE_DeepOreDevoid;Dunes
16997,Dunes
16998,Dunes
16999,VEE_MineralDevoid;VEE_DeepOreDevoid;Dunes
17001,Oasis
17002,Mountain
17003,Mountain
17004,Mountain
17007,Dunes
17008,Dunes
17012,Mountain
17015,VEE_MineralDevoid;VEE_DeepOreDevoid
17019,Mountain
17024,Mountain
17027,Mountain
17028,Mountain
17029,Mountain
17030,Mountain
17031,Mountain
17032,Mountain
17035,Mountain
17036,Mountain
17037,Mountain
17038,Mountain
17039,Mountain
17040,Mountain
17041,Mountain
17043,Mountain
17044,Mountain
17045,Mountain
17047,Mountain
17052,ToxicLake
17055,VEE_MineralDevoid;VEE_DeepOreDevoid
17061,VEE_MineralDevoid;VEE_DeepOreDevoid
17067,VEE_MineralDevoid;VEE_DeepOreDevoid
17076,Caves
17077,Caves
17078,Caves
17085,TerraformingScar
17105,VEE_MineralDevoid;VEE_DeepOreDevoid
17106,AncientChemfuelRefinery
17119,VEE_MineralDevoid;VEE_DeepOreDevoid
17120,Caves
17125,Caves
17128,VEE_MineralDevoid;VEE_DeepOreDevoid
17132,Caves
17133,Caves
17136,Caves
17137,Caves
17140,Caves
17141,Caves
17142,Caves
17143,Caves
17147,Caves
17159,DryLake
17163,VEE_MineralDevoid;VEE_DeepOreDevoid
17166,VEE_MineralDevoid;VEE_DeepOreDevoid
17171,TerraformingScar
17176,VEE_MineralDevoid;VEE_DeepOreDevoid
17182,Mountain
17183,Mountain
17184,Mountain
17185,Chasm
17186,Mountain
17190,Mountain
17191,Mountain
17192,Oasis
17193,Oasis
17194,Oasis
17195,Mountain;Oasis
17196,Mountain;Oasis
17197,Mountain;Oasis
17198,Mountain;Oasis
17199,Oasis
17200,Mountain;Oasis
17202,Oasis
17203,Oasis
17204,Mountain;Oasis
17205,Mountain;Oasis
17206,Mountain;Bay
17207,Mountain
17208,Mountain;Oasis;Coast
17209,Mountain;Oasis;Coast
17210,Mountain;Oasis;Coast
17211,Mountain;Oasis;Bay
17215,Mountain;Oasis;Coast
17216,Mountain;Oasis
17217,Mountain
17219,Mountain
17220,Mountain
17221,Mountain
17223,Oasis
17224,Oasis
17225,Oasis
17229,MineralRich;VEE_DeepOreRich
17231,MineralRich;VEE_DeepOreRich
17232,Mountain;Oasis;AncientRuins;AncientRuins
17233,Oasis
17236,MineralRich;VEE_DeepOreRich
17237,Mountain;VEE_DryRiver
17238,Mountain
17239,Mountain
17240,Oasis
17241,Oasis
17242,Oasis
17243,Oasis
17244,Oasis
17245,Oasis
17246,Oasis
17247,Oasis
17248,Oasis
17249,Oasis
17251,Oasis
17252,Mountain
17253,Mountain
17254,Mountain
17255,Mountain
17256,Mountain
17257,Mountain;AncientRuins;AncientRuins
17261,Mountain
17263,Mountain
17266,Mountain;AbandonedColonyTribal;AbandonedColonyTribal
17267,Mountain
17268,Mountain
17269,Mountain
17270,Oasis
17274,Oasis
17276,Mountain;AbandonedColonyTribal;AbandonedColonyTribal
17278,Mountain
17279,Mountain
17280,Mountain
17283,Oasis
17285,Oasis
17286,Mountain
17287,Mountain
17288,Mountain
17289,Mountain
17290,Mountain
17291,Mountain;River
17292,Mountain;HotSprings
17293,Mountain;River
17294,Mountain;River
17295,River
17296,River
17297,Mountain
17298,Mountain
17304,River
17305,River
17307,VEE_StagnantRivulet
17309,Oasis
17313,Mountain
17319,Mountain
17320,Mountain
17321,Mountain
17323,Cavern
17324,VEE_SaltPlains;VEE_StagnantRivulet;River
17326,VEE_StagnantRivulet;River
17327,Mountain
17328,VEE_StagnantRivulet;River
17329,VEE_StagnantRivulet;River
17338,Cliffs;Oasis
17339,Cliffs
17340,Cliffs;MineralRich;VEE_DeepOreRich
17343,Mountain;VEE_StagnantRivulet
17345,Mountain;Oasis
17346,Hollow;Oasis
17349,Mountain
17350,Mountain
17351,Mountain
17352,Mountain;Oasis
17353,Mountain
17357,Mountain
17372,Caves
17373,Caves
17375,Caves
17404,Caves
17434,Caves
17435,Caves
17450,VEE_MeteorCrater
17460,Caves
17461,Caves;AncientWarehouse
17462,Caves
17464,Caves
17465,Caves
17495,Peninsula
17506,CoastalIsland
17507,CoastalIsland
17522,Mountain
17524,Mountain
17525,Mountain
17531,VEE_GravelBeach
17534,Mountain
17535,Mountain;Caves
17537,Caves
17538,Caves
17539,Mountain;Caves
17544,Caves
17545,Mountain;Caves
17546,Caves
17547,Cliffs;Caves
17548,Mountain;Caves
17549,Mountain;Caves
17551,Caves
17552,Caves
17553,Caves
17554,Caves
17555,Caves
17559,Mountain
17562,Mountain
17563,Mountain
17564,Caves
17565,Caves
17566,Caves
17567,Caves
17568,Caves
17569,Caves
17570,Mountain
17571,Cavern
17572,Caves
17573,Caves
17574,Mountain
17575,Mountain
17576,Caves
17577,Caves
17578,Caves
17579,Caves
17580,Caves
17581,Caves
17582,Caves
17583,Caves
17584,Caves
17596,Caves
17602,Caves
17603,Caves
17638,Caves
17640,Caves
17648,Caves
17649,Caves
17650,Caves
17651,Caves
17652,Caves
17673,Caves
17674,Caves
17675,Caves
17676,Caves
17677,Caves
17685,Caves
17694,VEE_MeteorCrater
17696,Caves
17699,Caves
17700,Caves
17708,Caves
17711,Caves
17713,Caves
17757,VEE_MineralDevoid;VEE_DeepOreDevoid
17765,Mountain
17767,Mountain
17768,Caves
17769,Caves
17770,Caves
17771,Caves
17792,VEE_MineralDevoid;VEE_DeepOreDevoid
17795,VEE_MineralDevoid;VEE_DeepOreDevoid
17813,Caves
17814,Caves
17815,Caves
17817,VEE_MineralDevoid;VEE_DeepOreDevoid
17820,VEE_MineralDevoid;VEE_DeepOreDevoid
17823,VEE_MineralDevoid;VEE_DeepOreDevoid
17828,VEE_FleshPits;VEE_FleshPits
17840,Caves
17841,Caves
17876,Caves
17877,Caves
17879,Caves
17880,Caves
17881,Caves
17882,Caves
17883,Caves
17884,Caves
17886,Caves
17887,Caves
17888,Caves
17889,Caves
17890,Mountain
17891,Mountain
17893,Caves
17894,Caves
17895,Caves
17896,Caves
17897,Caves;AncientRuins;AncientRuins
17898,Caves
17899,Caves
17901,Caves
17908,Caves
17949,VEE_MeteorCrater
17965,VEE_MeteorCrater
17988,VEE_MineralDevoid;VEE_DeepOreDevoid
18009,VEE_MineralDevoid;VEE_DeepOreDevoid
18013,VEE_MineralDevoid;VEE_DeepOreDevoid
18029,VEE_MineralDevoid;VEE_DeepOreDevoid
18040,Dunes;Dunes
18044,VEE_MineralDevoid;VEE_DeepOreDevoid
18047,VEE_MineralDevoid;VEE_DeepOreDevoid
18051,VEE_MineralDevoid;VEE_DeepOreDevoid
18054,VEE_MineralDevoid;VEE_DeepOreDevoid
18093,VEE_MineralDevoid;VEE_DeepOreDevoid
18105,VEE_MineralDevoid;VEE_DeepOreDevoid
18111,VEE_MineralDevoid;VEE_DeepOreDevoid
18115,VEE_MineralDevoid;VEE_DeepOreDevoid
18118,VEE_MineralDevoid;VEE_DeepOreDevoid
18122,VEE_MineralDevoid;VEE_DeepOreDevoid
18131,VEE_MineralDevoid;VEE_DeepOreDevoid
18135,VEE_RottenStench;VEE_SulfuricLake;PlantLife_Increased;VEE_RottenStench
18141,VEE_MineralDevoid;VEE_DeepOreDevoid
18144,VEE_MineralDevoid;VEE_DeepOreDevoid
18148,VEE_MineralDevoid;VEE_DeepOreDevoid
18152,VEE_MineralDevoid;VEE_DeepOreDevoid;Dunes
18153,Dunes
18154,Dunes
18155,VEE_MineralDevoid;VEE_DeepOreDevoid;Dunes
18156,Dunes
18157,Dunes
18158,VEE_MineralDevoid;VEE_DeepOreDevoid;Dunes
18162,Dunes
18166,VEE_MineralDevoid;VEE_DeepOreDevoid
18168,Dunes
18180,VEE_MineralDevoid;VEE_DeepOreDevoid
18188,Dunes
18191,Dunes
18197,VEE_MineralDevoid;VEE_DeepOreDevoid
18199,Dunes
18201,VEE_MineralDevoid;VEE_DeepOreDevoid;Oasis
18204,VEE_MineralDevoid;VEE_DeepOreDevoid
18206,Dunes
18207,VEE_MineralDevoid;VEE_DeepOreDevoid;Dunes
18210,VEE_MineralDevoid;VEE_DeepOreDevoid;Dunes
18211,Dunes
18212,Dunes
18213,VEE_MineralDevoid;VEE_DeepOreDevoid
18214,Dunes
18216,VEE_MineralDevoid;VEE_DeepOreDevoid;Dunes
18217,Dunes
18219,VEE_MineralDevoid;VEE_DeepOreDevoid
18222,VEE_MineralDevoid;VEE_DeepOreDevoid
18224,Dunes
18225,VEE_MineralDevoid;VEE_DeepOreDevoid;Dunes
18226,Dunes
18227,Dunes
18228,VEE_MineralDevoid;VEE_DeepOreDevoid;Dunes
18229,Dunes
18230,Dunes
18231,VEE_MineralDevoid;VEE_DeepOreDevoid;Dunes
18234,VEE_MineralDevoid;VEE_DeepOreDevoid;Dunes
18240,VEE_MineralDevoid;VEE_DeepOreDevoid
18243,VEE_StagnantRivulet;River
18247,VEE_StagnantRivulet;River
18249,Coast
18250,Coast
18251,Oasis
18266,VEE_MineralDevoid;VEE_DeepOreDevoid;Coast
18267,VEE_StagnantRivulet;RiverDelta;Coast
18270,Coast
18275,VEE_MineralDevoid;VEE_DeepOreDevoid
18289,VEE_MineralDevoid;VEE_DeepOreDevoid
18293,Dunes
18298,DryLake
18301,VEE_MineralDevoid;VEE_DeepOreDevoid
18312,Dunes
18314,VEE_MineralDevoid;VEE_DeepOreDevoid;Dunes
18315,Dunes
18319,Dunes
18327,VEE_MineralDevoid;VEE_DeepOreDevoid;Dunes
18331,Dunes
18339,Dunes
18340,VEE_MineralDevoid;VEE_DeepOreDevoid;Dunes
18341,Dunes
18344,Mountain
18346,Mountain
18347,Mountain
18348,Mountain
18349,Mountain
18352,Hollow
18353,Mountain
18362,Mountain
18363,Mountain
18365,Mountain
18366,Mountain
18367,Mountain
18368,Marshy;AB_FeraliskNest;VEE_StagnantRivulet;AB_BumbledroneNests;VEE_RotstinkVents;River
18369,VEE_StagnantRivulet;VEE_IncreasedInfestations;AB_LocustPlagues;ToxicLake;Pond;River
18370,Marshy;VEE_RottenStench;InsectMegahive
18371,VEE_StagnantRivulet;River
18372,Muddy;Oasis;AB_FeraliskNest;VEE_RottenStench;VEE_StagnantRivulet;AB_BumbledroneNests
18373,AB_LocustPlagues;VEE_RottenStench;AB_BumbledroneNests;Pond
18374,Muddy;AB_FeraliskNest;InsectMegahive;ToxicLake
18375,River
18376,River
18377,Marshy;VEE_IncreasedInfestations;InsectMegahive;VEE_StagnantRivulet;ToxicLake
18378,AB_FeraliskNest;VEE_StagnantRivulet;ToxicLake;AB_BumbledroneNests;Oasis
18379,VEE_IncreasedInfestations;VEE_RottenStench;Pond;AB_BumbledroneNests
18380,AB_FeraliskNest;VEE_RotstinkVents;Pond
18381,Muddy;VEE_RottenStench;VEE_IncreasedInfestations;VEE_StagnantRivulet
18382,Muddy;VEE_StagnantRivulet;AB_BumbledroneNests;VEE_IncreasedDiseases
18383,Marshy;VEE_IncreasedInfestations;VEE_RottenStench;InsectMegahive;River
18384,Marshy;VEE_IncreasedInfestations;AB_FeraliskNest;ToxicLake
18385,AB_LocustPlagues;InsectMegahive;VEE_StagnantRivulet;ToxicLake;Pond;River
18387,VEE_MineralDevoid;VEE_DeepOreDevoid
18388,Muddy;AB_LocustPlagues;InsectMegahive;VEE_StagnantRivulet;VEE_IncreasedDiseases
18389,Marshy;VEE_RottenStench;VEE_IncreasedInfestations;AB_BumbledroneNests
18392,Marshy;AB_LocustPlagues;VEE_IncreasedInfestations;ToxicLake
18393,Marshy;InsectMegahive;VEE_StagnantRivulet;AB_BumbledroneNests;VEE_IncreasedDiseases
18396,VEE_MineralDevoid;VEE_DeepOreDevoid
18398,VEE_StagnantRivulet;River
18399,VEE_StagnantRivulet;River
18402,VEE_MineralDevoid;VEE_DeepOreDevoid
18404,Marshy;InsectMegahive;VEE_StagnantRivulet;AB_BumbledroneNests;VEE_RotstinkVents;River
18405,AB_FeraliskNest;AB_LocustPlagues;VEE_StagnantRivulet;ToxicLake
18406,Marshy;AB_FeraliskNest;VEE_RottenStench;AB_LocustPlagues;VEE_StagnantRivulet
18407,Marshy;VEE_IncreasedInfestations;VEE_StagnantRivulet;AB_BumbledroneNests;VEE_RotstinkVents
18408,Muddy;VEE_IncreasedInfestations;VEE_RottenStench;AB_LocustPlagues;River
18409,Pond;AB_LocustPlagues;AB_BumbledroneNests;VEE_RotstinkVents
18411,VEE_StagnantRivulet;River
18413,VEE_StagnantRivulet;River
18416,VEE_SaltPlains
18417,VEE_SaltPlains
18421,VEE_SaltPlains
18422,VEE_SaltPlains
18423,VEE_SaltPlains
18424,VEE_SaltPlains
18425,VEE_SaltPlains
18426,VEE_SaltPlains
18427,VEE_SaltPlains
18430,Mountain
18432,Mountain
18440,Mountain
18442,Mountain
18443,Mountain
18444,Mountain
18452,VEE_SaltPlains
18458,VEE_SaltPlains
18459,VEE_SaltPlains
18460,VEE_SaltPlains
18461,VEE_SaltPlains
18462,VEE_SaltPlains
18463,VEE_SaltPlains
18464,VEE_SaltPlains
18465,VEE_SaltPlains
18466,VEE_SaltPlains
18467,VEE_SaltPlains
18468,VEE_SaltPlains
18469,VEE_SaltPlains
18470,VEE_SaltPlains
18472,VEE_SaltPlains
18473,VEE_SaltPlains
18474,VEE_SaltPlains
18482,VEE_SaltPlains
18483,VEE_SaltPlains
18484,VEE_SaltPlains
18485,VEE_SaltPlains
18486,VEE_SaltPlains
18487,VEE_SaltPlains
18490,CoastalIsland
18491,CoastalIsland
18513,CoastalIsland
18519,CoastalIsland
18520,CoastalIsland
18534,VEE_SaltPlains
18596,CoastalIsland
18597,CoastalIsland
18602,CoastalIsland
18604,CoastalIsland
18615,VEE_SaltPlains
18616,VEE_SaltPlains
18617,VEE_SaltPlains
18618,VEE_SaltPlains
18619,VEE_SaltPlains
18622,VEE_SaltPlains
18624,VEE_SaltPlains
18625,VEE_SaltPlains
18626,VEE_SaltPlains
18627,VEE_SaltPlains
18628,VEE_SaltPlains
18629,VEE_SaltPlains
18630,VEE_SaltPlains
18631,VEE_SaltPlains
18632,Caves;MineralRich
18633,Caves;MineralRich
18634,Caves;MineralRich
18635,Caves;MineralRich
18639,Caves;MineralRich
18641,Mountain;Caves;MineralRich;VEE_DeepOreRich
18642,Caves;MineralRich
18643,Caves;MineralRich
18645,Mountain
18646,Mountain
18647,Mountain
18649,Caves;MineralRich
18650,Caves;MineralRich
18651,Cliffs;Caves;MineralRich;VEE_DeepOreRich
18652,Mountain;Caves
18653,Caves
18654,Caves
18655,Mountain;Caves
18656,Caves;MineralRich
18657,Caves;MineralRich
18658,Caves
18659,Caves
18660,Caves
18661,Mountain;Caves;MineralRich
18662,Mountain;Caves;MineralRich
18663,Mountain;Caves;MineralRich;VEE_DeepOreRich
18664,Cliffs;Caves;MineralRich;VEE_DeepOreRich
18665,Caves;MineralRich
18666,Caves
18667,Caves
18668,Caves
18673,VEE_JaggedRocks
18674,Caves
18675,Caves
18676,Caves
18681,Caves
18682,Caves
18683,Caves;AncientGarrison
18688,Caves
18689,Caves
18694,Caves
18696,Caves
18704,VEE_RockRidge
18712,AncientRuins;AncientRuins
18716,Caves;MineralRich
18717,Caves;MineralRich
18718,Caves;MineralRich
18719,Caves;MineralRich
18720,Hollow;Caves;MineralRich;VEE_DeepOreRich
18721,Caves;MineralRich
18722,Mountain;Caves;MineralRich;VEE_DeepOreRich
18723,Mountain;Caves;MineralRich;VEE_DeepOreRich
18724,Mountain;Caves;MineralRich;VEE_DeepOreRich
18726,Mountain
18728,Caves;MineralRich;AncientRuins;AncientRuins
18729,Caves;MineralRich
18730,Caves;MineralRich
18733,Caves;MineralRich
18743,VEE_RockRidge
18744,Caves
18745,Caves
18747,Caves
18749,Caves
18770,VEE_SerpentineCanyons
18773,Mountain
18775,Cavern
18776,Caves
18777,Caves
18778,Caves
18779,Caves
18784,Caves
18785,Caves
18786,Caves
18787,Caves
18794,Caves
18795,Caves
18808,Caves
18809,Caves
18810,Caves
18811,Caves
18816,Caves
18818,Caves
18819,Caves
18821,Caves
18822,Caves
18823,Caves
18826,Caves
18827,Caves
18828,Caves
18836,Caves
18838,Caves
18839,Caves
18840,Caves
18841,Caves
18842,Caves
18849,Caves
18851,Caves
18866,Caves
18867,Caves
18871,Caves
18872,Caves
18873,Caves
18874,Caves
18875,Caves
18876,Caves
18877,Caves
18878,Caves
18880,Caves
18882,Caves
18883,Caves
18885,Caves
18904,Caves
18905,Caves
18920,Caves
18921,Cliffs;Caves
18923,Mountain;Caves
18924,Caves
18932,VEE_SerpentineCanyons;Caves
18933,Caves
18934,Caves
18935,Caves
18936,Mountain;Caves
18937,Mountain;Caves
18940,Caves
18941,Caves
18942,Caves
18944,Caves
18945,Caves
18946,Caves
18947,Cliffs;Caves
18949,Caves
18950,Caves
18951,Caves
18952,Caves
18953,Caves
18960,Caves
18961,Caves
18965,Caves
18966,Caves
18968,Caves
18969,Caves
18970,Caves
18971,Caves
18972,Caves
18973,Caves
18974,Caves
18975,Caves
18976,Caves
18979,Caves
18980,Caves
18981,Caves
18985,Caves
18986,Caves
18988,Caves
18989,Caves
18991,Caves
19003,Caves
19009,VEE_JaggedRocks
19010,Caves
19013,Caves
19014,Caves
19021,AncientWarehouse
19022,Caves
19026,Caves
19027,Caves
19040,Caves
19041,Caves
19045,Caves
19046,Caves
19047,Caves
19048,Caves
19049,Caves
19050,Caves
19065,Caves
19066,Caves
19067,Caves
19079,VEE_MeteorCrater
19110,VEE_MineralDevoid;VEE_DeepOreDevoid
19130,VEE_MineralDevoid;VEE_DeepOreDevoid
19135,VEE_MineralDevoid;VEE_DeepOreDevoid
19141,AncientChemfuelRefinery
19150,VEE_SaltPlains
19151,VEE_SaltPlains
19152,VEE_SaltPlains
19173,VEE_MineralDevoid;VEE_DeepOreDevoid
19177,VEE_MineralDevoid;VEE_DeepOreDevoid
19179,Oasis
19183,Oasis
19186,Oasis
19187,VEE_MineralDevoid;VEE_DeepOreDevoid;Oasis
19198,Oasis
19199,Oasis
19200,Oasis
19201,Oasis
19203,VEE_MineralDevoid;VEE_DeepOreDevoid
19220,Caves
19221,Caves
19222,Cliffs;Caves
19223,Caves
19224,Mountain;Caves
19225,Caves
19230,Caves
19232,Mountain;Caves
19233,Caves
19234,Mountain;Caves
19235,Mountain;Caves
19236,Mountain;Caves
19237,Cliffs;Caves
19238,Caves
19242,Caves
19244,Caves
19246,Caves
19248,Mountain;Caves
19249,Mountain;Caves
19262,Caves
19263,Caves
19265,Caves
19268,Caves
19269,Caves
19270,Mountain
19272,Cliffs;Caves
19273,Mountain;Caves
19274,Mountain;Caves
19275,Caves
19276,Caves
19277,Caves
19278,Caves
19279,Caves
19280,MineralRich
19281,MineralRich
19282,MineralRich
19283,MineralRich
19284,Mountain;MineralRich;VEE_DeepOreRich
19285,Mountain;MineralRich
19286,Cliffs;MineralRich
19287,MineralRich
19288,Cliffs;VEE_DeepOreRich;MineralRich
19289,Mountain;MineralRich
19290,Mountain
19293,VEE_MineralDevoid;VEE_DeepOreDevoid;VEE_PebbleDunes;VEE_PebbleDunes
19302,Oasis
19303,Oasis
19311,VEE_RedDesert;VEE_RedDesertPlants;VEE_Sandstorms
19314,VEE_PebbleDunes;VEE_PebbleDunes
19316,VEE_PebbleDunes;VEE_PebbleDunes
19317,VEE_MineralDevoid;VEE_DeepOreDevoid
19329,MineralRich
19330,MineralRich
19331,MineralRich
19332,MineralRich;VEE_DeepOreRich
19333,MineralRich;VEE_DeepOreRich
19334,MineralRich
19335,MineralRich;VEE_DeepOreRich
19336,MineralRich
19337,MineralRich;VEE_RedDesert;VEE_RedDesertPlants;VEE_Sandstorms;VEE_DryRiver
19338,AB_AmbientRadiation;AB_DerelictClusters;AncientChemfuelRefinery;AncientHeatVent;MineralRich;VEE_SulfuricLake
19339,MineralRich
19340,AB_AncientGreyPallVent;AB_DerelictClusters
19341,AB_AmbientRadiation;AB_DerelictClusters;AncientHeatVent;AncientRuins
19342,AB_DerelictClusters;AncientHeatVent;AncientRuins;VEE_MechanoidShipChunks
19343,AB_AncientDeathPallVent;AB_DerelictClusters;VEE_MechanoidShipChunks
19344,AB_DerelictClusters;AncientHeatVent;Junkyard;VEE_ToxicVents
19345,AB_DerelictClusters;AncientHeatVent;VEE_SulfuricLake;VEE_ToxicVents
19346,VEE_SulfuricLake;VEE_ToxicVents
19350,AncientHeatVent;AncientRuins;VEE_ToxicVents
19356,Mountain
19357,Chasm
19358,Mountain;RiverDelta
19360,Mountain
19362,Mountain
19365,Mountain
19366,VEE_StagnantRivulet;River
19368,Mountain
19370,Mountain
19371,Mountain;VEE_StagnantRivulet
19372,VEE_StagnantRivulet;River
19374,Mountain
19375,Hollow
19389,VEE_StagnantRivulet;River
19390,VEE_StagnantRivulet;River
19391,VEE_StagnantRivulet;River
19395,Oasis
19397,Oasis
19398,Mountain
19399,Valley
19400,Mountain;VEE_StagnantRivulet;River
19401,Mountain
19402,Mountain
19403,Mountain
19404,Mountain;VEE_StagnantRivulet
19405,Cavern
19406,Oasis
19408,Oasis
19467,Cliffs
19471,Mountain;MineralRich
19472,Cliffs
19473,Mountain
19474,Cliffs
19475,Mountain;MineralRich
19476,Mountain;MineralRich;VEE_DeepOreRich
19477,Mountain
19478,Cliffs
19479,Mountain
19480,Mountain
19481,Cliffs
19482,Mountain;VEE_StagnantRivulet;River
19483,Mountain
19490,Cliffs
19491,Cliffs
19492,Cliffs;River
19493,Cliffs;AB_MagmaVents;AB_GeothermalHotspots
19494,Cliffs
19495,Cliffs;LavaLake
19505,VEE_MineralDevoid;VEE_DeepOreDevoid;VEE_QuicksandDunes;VEE_QuicksandDunes
19517,Dunes
19518,VEE_MineralDevoid;VEE_DeepOreDevoid;Dunes
19519,Dunes
19526,Dunes
19529,VEE_MineralDevoid;VEE_DeepOreDevoid;Dunes
19530,Dunes
19531,Dunes
19541,VEE_MineralDevoid;VEE_DeepOreDevoid;Dunes
19542,Dunes;Dunes
19548,VEE_MineralDevoid;VEE_DeepOreDevoid;Dunes;Dunes
19568,Dunes
19569,VEE_MineralDevoid;VEE_DeepOreDevoid;Dunes
19570,Dunes
19571,Dunes
19572,VEE_MineralDevoid;VEE_DeepOreDevoid;Dunes
19573,Dunes
19574,Dunes
19575,VEE_MineralDevoid;VEE_DeepOreDevoid;Dunes
19576,Dunes
19577,Dunes
19578,VEE_MineralDevoid;VEE_DeepOreDevoid;Dunes
19579,Dunes
19580,Dunes
19581,VEE_MineralDevoid;VEE_DeepOreDevoid;Dunes
19582,Dunes
19583,Dunes
19584,VEE_MineralDevoid;VEE_DeepOreDevoid;Dunes
19585,Dunes
19586,Dunes
19587,VEE_MineralDevoid;VEE_DeepOreDevoid;Dunes
19588,Dunes
19589,Dunes
19590,VEE_MineralDevoid;VEE_DeepOreDevoid;Dunes
19591,Dunes
19592,Dunes
19593,VEE_MineralDevoid;VEE_DeepOreDevoid;Dunes
19594,Dunes
19595,Dunes
19596,VEE_MineralDevoid;VEE_DeepOreDevoid;Dunes
19597,Dunes
19598,Dunes
19599,VEE_MineralDevoid;VEE_DeepOreDevoid;Dunes
19600,Dunes
19601,Dunes
19602,VEE_MineralDevoid;VEE_DeepOreDevoid;Dunes
19604,DryLake
19618,Dunes
19620,Dunes
19624,VEE_MineralDevoid;VEE_DeepOreDevoid;Dunes
19625,Dunes
19643,Dunes
19646,VEE_MineralDevoid;VEE_DeepOreDevoid;VEE_QuicksandDunes;VEE_QuicksandDunes
19652,DryLake
19664,Mountain
19665,Mountain
19667,Mountain
19668,Mountain
19669,Mountain
19676,Dunes;Dunes
19682,Dunes
19683,VEE_MineralDevoid;VEE_DeepOreDevoid;Dunes
19684,Dunes
19685,Dunes
19686,VEE_MineralDevoid;VEE_DeepOreDevoid;Dunes
19687,Dunes
19688,VEE_QuicksandDunes;VEE_QuicksandDunes
19690,VEE_MineralDevoid;VEE_DeepOreDevoid;Dunes
19691,Dunes
19692,Dunes
19708,VEE_MineralDevoid;VEE_DeepOreDevoid
19711,VEE_MineralDevoid;VEE_DeepOreDevoid
19714,VEE_MineralDevoid;VEE_DeepOreDevoid
19717,VEE_MineralDevoid;VEE_DeepOreDevoid
19720,VEE_MineralDevoid;VEE_DeepOreDevoid
19723,VEE_MineralDevoid;VEE_DeepOreDevoid
19726,VEE_MineralDevoid;VEE_DeepOreDevoid
19729,VEE_MineralDevoid;VEE_DeepOreDevoid
19732,VEE_MineralDevoid;VEE_DeepOreDevoid
19735,VEE_MineralDevoid;VEE_DeepOreDevoid
19738,VEE_MineralDevoid;VEE_DeepOreDevoid
19741,VEE_MineralDevoid;VEE_DeepOreDevoid
19744,VEE_MineralDevoid;VEE_DeepOreDevoid
19747,VEE_MineralDevoid;VEE_DeepOreDevoid
19775,VEE_MineralDevoid;VEE_DeepOreDevoid
19782,Mountain
19783,Mountain
19784,Mountain
19785,Mountain
19786,Mountain
19789,Valley
19796,Caves
19797,Caves
19802,Mountain
19803,Mountain
19805,Caves
19809,Caves
19810,Caves
19811,Caves
19812,Caves
19837,Caves
19838,Caves
19850,VEE_MineralDevoid;VEE_DeepOreDevoid
19854,VEE_MineralDevoid;VEE_DeepOreDevoid
19857,VEE_MineralDevoid;VEE_DeepOreDevoid
19875,TerraformingScar;VEE_MineralDevoid;VEE_DeepOreDevoid
19886,VEE_MineralDevoid;VEE_DeepOreDevoid
19891,VEE_MineralDevoid;VEE_DeepOreDevoid
19905,VEE_MineralDevoid;VEE_DeepOreDevoid
19908,VEE_MineralDevoid;VEE_DeepOreDevoid
19912,VEE_MineralDevoid;VEE_DeepOreDevoid
19916,VEE_MineralDevoid;VEE_DeepOreDevoid
19919,VEE_MineralDevoid;VEE_DeepOreDevoid
19928,VEE_MineralDevoid;VEE_DeepOreDevoid
19934,VEE_DustBowl;VEE_PlantLife_Decimated;VEE_Fertility_Reduced;VEE_DustStorms
19935,VEE_MineralDevoid;VEE_DeepOreDevoid
19946,VEE_MineralDevoid;VEE_DeepOreDevoid
19949,VEE_MineralDevoid;VEE_DeepOreDevoid
19952,Caves
19953,Caves
19955,Caves
19957,Caves
19961,AncientGarrison
19985,VEE_Cenotes;VEE_Cenotes
20009,VEE_MineralDevoid;VEE_DeepOreDevoid
20018,VEE_MineralDevoid;VEE_DeepOreDevoid;ToxicLake
20029,VEE_MineralDevoid;VEE_DeepOreDevoid
20032,DryLake
20035,VEE_MineralDevoid;VEE_DeepOreDevoid
20040,VEE_MineralDevoid;VEE_DeepOreDevoid
20048,VEE_MineralDevoid;VEE_DeepOreDevoid
20072,VEE_MineralDevoid;VEE_DeepOreDevoid
20077,VEE_MineralDevoid;VEE_DeepOreDevoid
20085,AncientChemfuelRefinery
20086,VEE_MineralDevoid;VEE_DeepOreDevoid
20089,VEE_MineralDevoid;VEE_DeepOreDevoid
20097,VEE_MineralDevoid;VEE_DeepOreDevoid
20105,VEE_MineralDevoid;VEE_DeepOreDevoid
20121,Caves
20125,Caves
20128,Caves
20129,Caves
20130,Caves
20136,Cavern
20148,VEE_MineralDevoid;VEE_DeepOreDevoid
20156,VEE_MineralDevoid;VEE_DeepOreDevoid
20160,VEE_MineralDevoid;VEE_DeepOreDevoid
20167,VEE_MineralDevoid;VEE_DeepOreDevoid
20175,VEE_MineralDevoid;VEE_DeepOreDevoid
20182,VEE_MineralDevoid;VEE_DeepOreDevoid
20185,VEE_MineralDevoid;VEE_DeepOreDevoid
20188,VEE_MineralDevoid;VEE_DeepOreDevoid
20191,VEE_MineralDevoid;VEE_DeepOreDevoid
20194,VEE_MineralDevoid;VEE_DeepOreDevoid
20197,VEE_MineralDevoid;VEE_DeepOreDevoid
20204,VEE_MineralDevoid;VEE_DeepOreDevoid
20207,VEE_MineralDevoid;VEE_DeepOreDevoid
20211,VEE_MineralDevoid;VEE_DeepOreDevoid
20214,VEE_MineralDevoid;VEE_DeepOreDevoid
20217,VEE_MineralDevoid;VEE_DeepOreDevoid
20224,VEE_MineralDevoid;VEE_DeepOreDevoid
20228,VEE_MineralDevoid;VEE_DeepOreDevoid
20231,VEE_MineralDevoid;VEE_DeepOreDevoid
20235,VEE_MineralDevoid;VEE_DeepOreDevoid
20240,VEE_MineralDevoid;VEE_DeepOreDevoid
20271,VEE_MineralDevoid;VEE_DeepOreDevoid
20275,VEE_MineralDevoid;VEE_DeepOreDevoid
20285,Oasis
20293,VEE_MineralDevoid;VEE_DeepOreDevoid
20299,VEE_MineralDevoid;VEE_DeepOreDevoid
20302,VEE_MineralDevoid;VEE_DeepOreDevoid;Dunes
20310,VEE_MineralDevoid;VEE_DeepOreDevoid
20315,VEE_RottenStench;VEE_SulfuricLake;PlantLife_Increased;VEE_RottenStench
20320,VEE_MineralDevoid;VEE_DeepOreDevoid
20323,VEE_MineralDevoid;VEE_DeepOreDevoid
20326,VEE_MineralDevoid;VEE_DeepOreDevoid
20329,VEE_MineralDevoid;VEE_DeepOreDevoid
20332,VEE_MineralDevoid;VEE_DeepOreDevoid
20335,VEE_MineralDevoid;VEE_DeepOreDevoid
20338,VEE_MineralDevoid;VEE_DeepOreDevoid
20341,VEE_MineralDevoid;VEE_DeepOreDevoid
20342,Dunes
20343,Dunes
20344,VEE_MineralDevoid;VEE_DeepOreDevoid;Dunes
20345,Dunes
20346,Dunes
20347,VEE_MineralDevoid;VEE_DeepOreDevoid;Dunes
20350,VEE_MineralDevoid;VEE_DeepOreDevoid
20352,Dunes
20353,VEE_MineralDevoid;VEE_DeepOreDevoid;Dunes
20354,Dunes
20355,Dunes
20356,VEE_MineralDevoid;VEE_DeepOreDevoid;Dunes
20357,Dunes
20358,Dunes
20359,VEE_MineralDevoid;VEE_DeepOreDevoid;Dunes
20363,VEE_MineralDevoid;VEE_DeepOreDevoid
20372,VEE_MineralDevoid;VEE_DeepOreDevoid
20375,VEE_MineralDevoid;VEE_DeepOreDevoid
20383,VEE_MineralDevoid;VEE_DeepOreDevoid
20389,VEE_MineralDevoid;VEE_DeepOreDevoid
20395,VEE_MineralDevoid;VEE_DeepOreDevoid
20401,VEE_MineralDevoid;VEE_DeepOreDevoid
20404,Mountain
20405,Hollow
20410,VEE_MineralDevoid;VEE_DeepOreDevoid
20413,VEE_MineralDevoid;VEE_DeepOreDevoid
20417,VEE_MineralDevoid;VEE_DeepOreDevoid
20421,TerraformingScar
20427,MineralRich;VEE_DeepOreRich
20445,VEE_MineralDevoid;VEE_DeepOreDevoid
20449,VEE_MineralDevoid;VEE_DeepOreDevoid
20452,VEE_MineralDevoid;VEE_DeepOreDevoid
20456,sw_DeadSarlaccCave;sw_DeadSarlaccCave
20468,VEE_MineralDevoid;VEE_DeepOreDevoid
20473,Dunes
20474,VEE_MineralDevoid;VEE_DeepOreDevoid;Dunes
20475,Dunes
20476,Dunes
20477,VEE_MineralDevoid;VEE_DeepOreDevoid;Dunes
20478,Dunes
20479,Dunes
20480,VEE_MineralDevoid;VEE_DeepOreDevoid;Dunes
20481,Dunes
20483,VEE_MineralDevoid;VEE_DeepOreDevoid;Dunes
20484,Dunes
20485,Dunes
20486,VEE_MineralDevoid;VEE_DeepOreDevoid;Dunes
20487,Dunes
20488,Dunes
20489,VEE_MineralDevoid;VEE_DeepOreDevoid;Dunes
20490,Dunes
20491,Dunes
20492,VEE_MineralDevoid;VEE_DeepOreDevoid;Dunes
20493,Dunes
20494,Dunes
20495,VEE_MineralDevoid;VEE_DeepOreDevoid;Dunes
20496,Dunes
20497,Dunes
20498,VEE_MineralDevoid;VEE_DeepOreDevoid;Dunes
20499,Dunes
20500,Dunes
20501,VEE_MineralDevoid;VEE_DeepOreDevoid;Dunes
20502,Dunes
20503,Dunes
20506,VEE_MineralDevoid;VEE_DeepOreDevoid
20514,VEE_MineralDevoid;VEE_DeepOreDevoid;AncientGarrison
20516,MineralRich
20517,MineralRich
20518,MineralRich;VEE_DryRiver
20519,MineralRich
20520,MineralRich
20521,Mountain;MineralRich;VEE_DeepOreRich
20528,Mountain;MineralRich
20529,Valley
20531,Mountain;MineralRich
20545,Dunes
20552,Dunes
20553,VEE_MineralDevoid;VEE_DeepOreDevoid;Dunes
20556,Dunes
20557,Dunes
20558,VEE_MineralDevoid;VEE_DeepOreDevoid;Dunes
20559,Dunes
20560,Dunes
20561,VEE_MineralDevoid;VEE_DeepOreDevoid;Dunes
20562,Dunes
20563,Dunes
20564,VEE_MineralDevoid;VEE_DeepOreDevoid;Dunes
20566,Dunes
20567,Dunes
20568,VEE_MineralDevoid;VEE_DeepOreDevoid;Dunes
20569,Dunes
20572,Dunes
20576,Chasm
20577,Cliffs
20578,Cliffs
20579,Mountain
20580,VEE_SaltPlains;DryGround
20581,Mountain
20582,Mountain
20583,Chasm;AB_MagmaVents
20584,DryGround
20585,DryGround;AncientHeatVent
20586,Cliffs;AB_MagmaVents
20587,Chasm
20588,VEE_MineralDevoid;VEE_DeepOreDevoid
20591,VEE_MineralDevoid;VEE_DeepOreDevoid
20594,Mountain
20597,VEE_MineralDevoid;VEE_DeepOreDevoid
20599,DryGround
20606,VEE_MineralDevoid;VEE_DeepOreDevoid
20609,VEE_MineralDevoid;VEE_DeepOreDevoid
20622,VEE_MineralDevoid;VEE_DeepOreDevoid
20624,VEE_SaltPlains
20625,VEE_SaltPlains
20626,DryGround
20627,VEE_SaltPlains
20628,VEE_SaltPlains
20629,AncientHeatVent
20630,VEE_SaltPlains
20631,DryGround
20633,VEE_SaltPlains
20634,Mountain
20635,VEE_SaltPlains
20636,DryGround
20637,VEE_SaltPlains
20638,DryGround
20640,VEE_SaltPlains
20641,Plateau;VEE_SaltPlains
20643,DryGround
20646,VEE_MineralDevoid;VEE_DeepOreDevoid
20649,VEE_MineralDevoid;VEE_DeepOreDevoid
20652,VEE_MineralDevoid;VEE_DeepOreDevoid
20655,VEE_MineralDevoid;VEE_DeepOreDevoid
20658,VEE_MineralDevoid;VEE_DeepOreDevoid
20661,VEE_MineralDevoid;VEE_DeepOreDevoid
20664,VEE_MineralDevoid;VEE_DeepOreDevoid
20667,VEE_MineralDevoid;VEE_DeepOreDevoid
20670,VEE_MineralDevoid;VEE_DeepOreDevoid
20673,VEE_MineralDevoid;VEE_DeepOreDevoid
20676,VEE_MineralDevoid;VEE_DeepOreDevoid
20679,VEE_MineralDevoid;VEE_DeepOreDevoid
20682,VEE_MineralDevoid;VEE_DeepOreDevoid
20685,VEE_GravelBeach
20686,VEE_MineralDevoid;VEE_DeepOreDevoid
20688,Coast
20698,VEE_MineralDevoid;VEE_DeepOreDevoid;Coast
20700,Coast
20705,VEE_MineralDevoid;VEE_DeepOreDevoid;Coast
20706,Coast
20720,DryGround
20721,VEE_MineralDevoid;VEE_DeepOreDevoid
20726,Cliffs
20727,Cliffs;HotSprings
20728,Mountain
20729,Chasm
20730,DryGround
20731,VEE_SaltPlains;AncientHeatVent
20737,VEE_MineralDevoid;VEE_DeepOreDevoid
20738,Mountain
20740,Mountain
20741,Mountain
20742,Mountain
20743,Mountain
20750,VEE_MineralDevoid;VEE_DeepOreDevoid
20751,Mountain
20752,Cliffs
20758,VEE_MineralDevoid;VEE_DeepOreDevoid
20763,VEE_MineralDevoid;VEE_DeepOreDevoid;Coast
20765,VEE_SaltPlains
20766,VEE_MineralDevoid;VEE_DeepOreDevoid;Coast
20768,Coast
20770,Coast
20774,VEE_MineralDevoid;VEE_DeepOreDevoid
20776,Coast
20780,Coast
20781,Peninsula
20798,Mountain
20799,Mountain;AncientRuins_Frozen;AncientRuins_Frozen
20800,Cliffs;Caves
20801,Caves
20802,Caves
20803,Mountain;Caves
20807,Caves
20809,VEE_JaggedRocks
20810,Caves
20811,Caves
20812,Caves
20813,Caves
20814,Cliffs;Caves
20815,Caves
20829,Caves
20830,Caves
20831,Caves
20835,Caves
20842,Caves
20843,Caves
20853,AncientWarehouse
20864,Mountain
20865,Mountain
20866,Mountain
20867,Valley
20878,Hollow
20879,Mountain
20890,Caves
20891,Caves
20892,Caves
20893,AncientRuins_Frozen;AncientRuins_Frozen
20895,Mountain
20896,Mountain
20897,Caves
20898,Caves
20899,Caves
20938,Caves
20939,Caves
20974,Caves
20976,Caves
20988,Caves
21037,VEE_MeteorCrater
21073,AncientRuins;AncientRuins
21086,Caves
21087,Caves
21089,Caves
21090,Caves
21091,Caves
21092,Caves
21093,Caves
21094,Caves
21100,Caves
21101,Caves
21112,Caves
21123,Caves
21126,Caves
21127,Caves
21128,Caves
21129,Caves
21134,Caves
21135,Caves
21136,Caves
21137,Caves
21138,Caves
21139,Caves
21143,Caves
21144,Caves
21146,Caves
21172,Caves
21183,Caves
21197,AncientWarehouse
21201,Caves
21203,Caves
21205,Caves
21208,Caves
21214,Caves
21215,Caves
21216,Caves
21217,Caves
21224,VEE_MineralDevoid;VEE_DeepOreDevoid;Dunes
21229,Dunes
21230,Dunes
21231,VEE_MineralDevoid;VEE_DeepOreDevoid;Dunes
21232,Dunes
21233,Dunes
21234,VEE_MineralDevoid;VEE_DeepOreDevoid;Dunes
21236,Dunes
21237,Dunes
21238,VEE_MineralDevoid;VEE_DeepOreDevoid;Dunes
21239,Dunes
21240,Dunes
21241,VEE_MineralDevoid;VEE_DeepOreDevoid;Dunes
21242,Dunes
21243,Dunes
21246,VEE_MineralDevoid;VEE_DeepOreDevoid;Dunes
21247,Dunes
21248,Dunes
21249,VEE_MineralDevoid;VEE_DeepOreDevoid;Dunes
21250,Dunes
21251,Dunes
21252,VEE_MineralDevoid;VEE_DeepOreDevoid;Dunes
21253,Dunes
21254,Dunes
21255,VEE_MineralDevoid;VEE_DeepOreDevoid;Dunes
21258,Dunes
21260,VEE_MineralDevoid;VEE_DeepOreDevoid;Dunes
21267,Dunes
21271,VEE_MineralDevoid;VEE_DeepOreDevoid;Dunes
21273,Dunes
21274,VEE_MineralDevoid;VEE_DeepOreDevoid
21277,VEE_MineralDevoid;VEE_DeepOreDevoid;Dunes
21278,Dunes
21279,Dunes
21280,VEE_MineralDevoid;VEE_DeepOreDevoid;Dunes
21281,Dunes
21282,Dunes
21283,VEE_MineralDevoid;VEE_DeepOreDevoid;Dunes
21284,Dunes
21286,VEE_MineralDevoid;VEE_DeepOreDevoid;Dunes
21287,Dunes
21288,Dunes
21289,VEE_MineralDevoid;VEE_DeepOreDevoid
21292,VEE_MineralDevoid;VEE_DeepOreDevoid
21296,Oasis
21300,VEE_PlantLife_Overgrown;VEE_NoTrees
21301,Oasis
21302,Oasis
21304,Oasis
21305,Oasis
21307,VEE_StagnantRivulet;River
21308,Mountain;HotSprings
21309,Mountain;River
21310,Cliffs
21311,Cliffs;River
21312,Cliffs;LavaCrater
21313,Cliffs;River
21315,Mountain
21316,Mountain;River
21317,Mountain;River
21318,VEE_StagnantRivulet;River
21320,Cliffs;River
21321,Mountain;River
21322,Mountain;MineralRich;VEE_DeepOreRich;River
21323,Mountain;MineralRich;VEE_DeepOreRich;River
21324,Valley;River
21325,Mountain;River
21326,Mountain
21327,River
21329,Mountain
21330,Mountain;River
21331,Mountain;River
21338,VEE_MineralDevoid;VEE_DeepOreDevoid
21343,VEE_MineralDevoid;VEE_DeepOreDevoid
21351,VEE_MineralDevoid;VEE_DeepOreDevoid
21357,DryGround
21359,VEE_MineralDevoid;VEE_DeepOreDevoid;DryGround
21360,VEE_SaltPlains;Oasis
21361,VEE_SaltPlains;Oasis
21364,DryGround
21365,DryGround
21367,VEE_MineralDevoid;VEE_DeepOreDevoid
21374,Mountain
21375,Mountain
21376,Mountain
21377,Mountain;MineralRich
21378,Mountain;MineralRich
21382,Dunes
21383,VEE_QuicksandDunes;VEE_QuicksandDunes
21384,VEE_MineralDevoid;VEE_DeepOreDevoid;Dunes
21385,Dunes
21392,Dunes;Dunes
21393,VEE_MineralDevoid;VEE_DeepOreDevoid;Dunes
21406,Mountain;River
21407,Mountain
21408,Mountain;River
21409,Mountain
21411,MineralRich;VEE_DryRiver
21415,MineralRich
21416,MineralRich
21417,MineralRich;VEE_DryRiver
21418,Mountain;MineralRich;VEE_DeepOreRich
21419,Mountain;MineralRich
21420,Mountain;MineralRich
21421,Mountain;MineralRich;VEE_DeepOreRich
21422,Mountain;MineralRich;VEE_DeepOreRich
21423,Mountain;MineralRich;VEE_DeepOreRich
21425,MineralRich
21427,MineralRich
21429,Mountain
21430,Mountain;MineralRich
21431,Mountain
21432,Oasis
21433,Mountain
21434,Mountain;River
21435,Mountain
21436,Mountain;River
21437,Mountain
21438,Mountain;River
21439,Mountain;River
21440,VEE_MineralDevoid;VEE_DeepOreDevoid;Dunes
21441,Dunes;Dunes
21444,Dunes
21445,VEE_MineralDevoid;VEE_DeepOreDevoid;Dunes
21453,Dunes;Dunes
21454,Dunes
21456,VEE_MineralDevoid;VEE_DeepOreDevoid;Dunes
21459,Dunes
21460,Dunes
21461,VEE_MineralDevoid;VEE_DeepOreDevoid;Dunes
21464,Dunes
21484,VEE_SaltPlains
21488,Dunes
21489,VEE_MineralDevoid;VEE_DeepOreDevoid;Dunes
21492,Dunes
21493,Dunes
21494,VEE_MineralDevoid;VEE_DeepOreDevoid;Dunes
21495,Dunes
21496,Dunes
21499,VEE_MineralDevoid;VEE_DeepOreDevoid;Dunes
21502,Dunes
21507,VEE_SaltPlains
21508,Dunes
21511,VEE_MineralDevoid;VEE_DeepOreDevoid;Dunes
21512,AncientHeatVent;AncientRuins
21513,AB_DerelictClusters;AncientHeatVent;AncientRuins;MineralRich
21514,AB_DerelictClusters;AncientHeatVent
21515,AB_AmbientRadiation;AB_DerelictClusters;AncientHeatVent;AncientUplink;VEE_SulfuricLake
21516,AB_AmbientRadiation;AB_DerelictClusters;AncientHeatVent;AncientInfestedSettlement;AncientRuins;VEE_ToxicVents
21517,AB_DerelictClusters;AncientHeatVent;Junkyard;VEE_MechanoidShipChunks;VEE_SulfuricLake;VEE_ToxicVents
21518,AB_AmbientRadiation;AB_DerelictClusters;AncientHeatVent;VEE_MechanoidShipChunks;VEE_ToxicVents
21519,AB_AmbientRadiation;AncientHeatVent;VEE_ToxicVents
21520,AncientHeatVent;VEE_MechanoidShipChunks;VEE_SulfuricLake;VEE_ToxicVents
21521,AB_AmbientRadiation;AB_DerelictClusters;AncientHeatVent;MineralRich;VEE_MechanoidShipChunks
21522,AB_AmbientRadiation;AB_DerelictClusters;AncientHeatVent;AncientRuins;Junkyard
21523,AB_AmbientRadiation;AB_DerelictClusters;AncientHeatVent;AncientRuins;Junkyard;VEE_MechanoidShipChunks
21524,AB_AmbientRadiation;AB_DerelictClusters;AncientWarehouse;MineralRich;VEE_MechanoidShipChunks
21525,AB_DerelictClusters
21526,AB_AncientDeathPallVent;AB_DerelictClusters;VEE_SulfuricLake
21527,AB_DerelictClusters;AncientHeatVent;Junkyard;VEE_MechanoidShipChunks
21528,Junkyard;VEE_MechanoidShipChunks;VEE_SulfuricLake
21529,AB_DerelictClusters;AncientHeatVent;AncientRuins;VEE_MechanoidShipChunks
21530,AB_AmbientRadiation;AB_DerelictClusters;AncientHeatVent;AncientRuins;VEE_SulfuricLake
21531,Junkyard
21532,AB_AmbientRadiation;AB_DerelictClusters;AncientHeatVent;VEE_SulfuricLake
21533,AncientHeatVent;AncientRuins;VEE_SulfuricLake
21534,AB_AmbientRadiation;AB_DerelictClusters;AncientRuins
21535,AB_DerelictClusters;AncientRuins;Junkyard;MineralRich;VEE_MechanoidShipChunks;VEE_SulfuricLake
21536,AB_AmbientRadiation;AB_DerelictClusters;AncientHeatVent;AncientRuins;VEE_MechanoidShipChunks
21537,AB_AmbientRadiation;AB_DerelictClusters;AncientHeatVent;VEE_SulfuricLake
21538,AB_AmbientRadiation;AncientHeatVent;MineralRich;VEE_MechanoidShipChunks;VEE_SulfuricLake
21539,AncientHeatVent;VEE_SulfuricLake
21540,AncientHeatVent;MineralRich
21541,AB_AmbientRadiation;AB_DerelictClusters;AncientHeatVent;VEE_MechanoidShipChunks
21542,AB_DerelictClusters;AncientHeatVent;VEE_MechanoidShipChunks;VEE_ToxicVents
21543,AB_AmbientRadiation;AB_DerelictClusters;AncientHeatVent
21544,AB_AmbientRadiation;AB_DerelictClusters;AncientHeatVent;AncientRuins;VEE_MechanoidShipChunks
21545,AB_AmbientRadiation;AncientGarrison;AncientHeatVent;VEE_MechanoidShipChunks;VEE_SulfuricLake
21546,AB_AmbientRadiation;AB_AncientGreyPallVent;VEE_SulfuricLake;VEE_ToxicVents
21547,AB_AmbientRadiation;AB_DerelictClusters;AncientHeatVent;AncientLaunchSite;Junkyard;VEE_ToxicVents
21548,Dunes
21549,AB_AmbientRadiation;AB_DerelictClusters;AncientHeatVent;Junkyard;MineralRich
21550,Dunes
21551,AB_DerelictClusters;AncientHeatVent
21560,AB_AmbientRadiation;AncientHeatVent;Junkyard
21561,AB_AmbientRadiation;AncientHeatVent;MineralRich
21562,AB_AmbientRadiation;AB_DerelictClusters;AncientHeatVent;AncientRuins;VEE_SulfuricLake
21563,AB_DerelictClusters;AncientHeatVent;VEE_SulfuricLake
21564,AB_DerelictClusters;AncientHeatVent;VEE_SulfuricLake
21565,TerraformingScar;AncientHeatVent;AB_DerelictClusters;VEE_MechanoidShipChunks;VEE_ToxicVents
21566,AB_AncientBloodRainVent;AB_DerelictClusters;AncientWarehouse;Junkyard;MineralRich;VEE_MechanoidShipChunks
21567,AB_DerelictClusters;AncientHeatVent
21568,AB_AmbientRadiation;AB_DerelictClusters;AncientGarrison;AncientHeatVent;AncientRuins;VEE_MechanoidShipChunks;VEE_ToxicVents
21569,AB_AmbientRadiation;AB_DerelictClusters;AncientRuins;MineralRich;VEE_ToxicVents
21570,AB_AmbientRadiation;AncientHeatVent;AncientRuins;VEE_MechanoidShipChunks;VEE_SulfuricLake;VEE_ToxicVents
21571,AB_AmbientRadiation;AB_DerelictClusters;AncientHeatVent;MineralRich;VEE_ToxicVents
21572,VEE_RottenStench;VEE_SulfuricLake;PlantLife_Increased;VEE_RottenStench
21574,AB_DerelictClusters;AncientChemfuelRefinery;AncientHeatVent;AncientUplink;Junkyard;VEE_MechanoidShipChunks
21575,AncientHeatVent;VEE_SulfuricLake
21582,VEE_MineralDevoid;VEE_DeepOreDevoid;Dunes
21583,Dunes
21586,VEE_PebbleDunes;VEE_PebbleDunes
21592,VEE_MineralDevoid;VEE_DeepOreDevoid;Dunes
21597,Dunes
21602,Dunes
21603,VEE_MineralDevoid;VEE_DeepOreDevoid;Dunes
21604,Dunes
21605,Dunes
21606,VEE_MineralDevoid;VEE_DeepOreDevoid;Dunes
21607,Dunes
21608,Dunes
21609,VEE_MineralDevoid;VEE_DeepOreDevoid;Dunes
21610,Dunes
21611,Dunes
21612,VEE_MineralDevoid;VEE_DeepOreDevoid;Dunes
21613,Dunes
21616,Dunes
21617,VEE_MineralDevoid;VEE_DeepOreDevoid;Dunes
21623,Mountain
21626,Mountain
21627,Dunes
21628,Mountain
21629,Mountain
21634,Dunes
21639,MineralRich
21644,Mountain;MineralRich;VEE_DeepOreRich
21645,Mountain;MineralRich;VEE_DeepOreRich
21646,Mountain;MineralRich
21647,Mountain;MineralRich
21648,Cliffs;VEE_DeepOreRich;MineralRich
21649,Mountain;MineralRich
21651,MineralRich
21652,MineralRich
21653,VEE_MineralDevoid;VEE_DeepOreDevoid;VEE_PebbleDunes;VEE_PebbleDunes
21658,VEE_MineralDevoid;VEE_DeepOreDevoid
21661,VEE_MineralDevoid;VEE_DeepOreDevoid
21664,VEE_MineralDevoid;VEE_DeepOreDevoid
21667,VEE_MineralDevoid;VEE_DeepOreDevoid
21684,TerraformingScar;VEE_MineralDevoid;VEE_DeepOreDevoid
21691,VEE_MineralDevoid;VEE_DeepOreDevoid
21706,Coast
21709,VEE_MineralDevoid;VEE_DeepOreDevoid
21715,Caves
21716,Caves
21717,Caves
21720,Caves
21721,Caves
21724,Caves;Coast
21765,Coast
21767,Coast
21783,Coast
21797,VEE_MineralDevoid;VEE_DeepOreDevoid
21813,Coast
21821,Caves
21822,Caves
21823,Caves
21827,Caves
21828,Caves
21829,Caves
