tile,mutators
0,VEE_MineralDevoid;VEE_DeepOreDevoid
1,VEE_Mycelium;AB_MoldyEnvironment
3,Mountain
4,VEE_LessSolarPower
5,VEE_LessSolarPower
6,Dunes;sw_SarlaccLair;VEE_MoreSolarPower;WildTattooinePlants
7,VEE_MoreSolarPower;WildTattooinePlants;sw_SarlaccLair;MixedBiome
10,Oasis;AnimalLife_Increased
12,VEE_LessSolarPower
15,VEE_MoreSolarPower
17,VEE_LessSolarPower
18,Caves
20,Cliffs;VEE_MoreSolarPower
21,VEE_MoreSolarPower
22,VEE_LessSolarPower
24,VEE_MeteorCrater;VEE_DeepOreDevoid;VEE_MineralDevoid;VEE_DustBowl
25,Mountain;Oasis;VEE_MoreSolarPower
27,VEE_LessSolarPower
28,VEE_LessSolarPower
29,VEE_MeteorCrater;VEE_MoreSolarPower;Dunes;VEE_DustBowl
30,VEE_MoreSolarPower
31,VEE_SaltPlains
32,Hollow;VEE_Cenotes;VEE_StagnantRivulet;VEE_PlantLife_Overgrown;MixedBiome;AnimalHabitat
35,VEE_MineralDevoid;VEE_DeepOreDevoid
36,Coast
37,VEE_FleshPits;VEE_FleshPits
38,DryLake;AnimalLife_Decreased
41,Caves
43,DryLake;VEE_Sinkholes;Pollution_Increased
44,VEE_MineralDevoid;VEE_DeepOreDevoid;sw_SarlaccLair
48,AncientRuins;AncientWarehouse;Stockpile
49,AncientRuins;AncientWarehouse;Stockpile
51,VEE_MineralDevoid;VEE_DeepOreDevoid
52,Caves;VEE_LessSolarPower
53,Caves;VEE_LessSolarPower
54,Caves;VEE_LessSolarPower;AncientRuins;AncientWarehouse;Stockpile
55,Caves;VEE_LessSolarPower
56,UndergroundCave;VEE_LessSolarPower
57,VEE_LessSolarPower
58,VEE_LessSolarPower
59,VEE_LessSolarPower
60,VEE_LessSolarPower
62,Marshy;VEE_MoreSolarPower
63,VEE_MoreSolarPower
64,Dunes;VEE_MoreSolarPower;WildTattooinePlants;sw_SarlaccLair
65,VEE_MoreSolarPower;sw_SarlaccLair
66,VEE_MoreSolarPower
67,VEE_MoreSolarPower
68,VEE_MoreSolarPower;WildTattooinePlants
69,AB_AmbientRadiation;AB_DerelictClusters;AncientHeatVent;AncientRuins;AncientWarehouse;Junkyard;VEE_SulfuricLake;VEE_ToxicVents;AnimalLife_Increased;VEE_MoreSolarPower
70,VEE_MeteorCrater;VEE_MineralDevoid;VEE_DeepOreDevoid;Dunes;VEE_MoreSolarPower;VEE_DustBowl;SteamGeysers_Increased
71,Dunes;VEE_MoreSolarPower;WildTattooinePlants
72,VEE_MoreSolarPower
73,MineralRich;VEE_DeepOreRich;AbandonedColonyOutlander
75,VEE_MoreSolarPower
78,VEE_LessSolarPower
80,VEE_LessSolarPower
81,AncientWarehouse;VEE_MineralDevoid;VEE_DeepOreDevoid;WindyMutator;VEE_RelictDelta;AnimalLife_Decreased;VEE_RisingWaters;Coast
83,Oasis
84,Cavern;Cliffs;AnimalLife_Increased
85,Mountain;Fish_Increased;VEE_MoreSolarPower;River
86,SteamGeysers_Increased;VEE_SulfuricLake;Fish_Increased
87,VEE_LessSolarPower
88,Caves
89,VEE_LessSolarPower
90,WindyMutator
92,VEE_MineralDevoid;VEE_DeepOreDevoid
96,VEE_MineralDevoid;VEE_DeepOreDevoid
99,VEE_Mycelium;VEE_Cenotes
100,Fertile;VEE_Mycelium;AB_MoldyEnvironment;VEE_Cenotes;AnimalHabitat
104,Dunes
105,VEE_MineralDevoid;VEE_DeepOreDevoid;VEE_DustBowl;VEE_PlantLife_Decimated;VEE_Fertility_Reduced;VEE_DustStorms;VEE_Sinkholes
106,VEE_Sinkholes;VEE_QuicksandPits;VEE_Sandstorms;Stockpile
107,Cavern;VEE_Cenotes;VEE_StagnantRivulet;Stockpile;MixedBiome;AnimalHabitat
110,VEE_SaltPlains
112,Caves
113,VEE_LessSolarPower
114,VEE_LessSolarPower
115,VEE_LessSolarPower
116,VEE_MeteorCrater;VEE_LessSolarPower
117,Caves;AncientRuins;AncientRuins;VEE_LessSolarPower
118,VEE_LessSolarPower
120,VEE_LessSolarPower
121,VEE_LessSolarPower
122,VEE_MoreSolarPower
123,Dunes;VEE_MoreSolarPower;WildTattooinePlants
124,VEE_MineralDevoid;VEE_DeepOreDevoid;Dunes;VEE_MoreSolarPower;WildTattooinePlants
125,Dunes;VEE_MoreSolarPower
126,VEE_SerpentineCanyons;Fish_Increased;VEE_MoreSolarPower;River
127,VEE_MoreSolarPower;WildTattooinePlants
128,Mountain;VEE_MoreSolarPower;WildTattooinePlants
129,VEE_MoreSolarPower
130,Dunes;VEE_MoreSolarPower
131,VEE_MineralDevoid;VEE_DeepOreDevoid;Dunes;VEE_MoreSolarPower;WildTattooinePlants
132,Mountain;VEE_MoreSolarPower
134,Mountain
136,Dunes;VEE_SaltPlains
138,VEE_LessSolarPower
142,Mountain;Oasis
143,Mountain
144,Mountain;Caves;Oasis
145,Fish_Increased;River
147,Caves;VEE_LessSolarPower
150,WindyMutator
151,VEE_SerpentineCanyons;Stockpile
152,Caves
154,VEE_LessSolarPower
155,VEE_LessSolarPower
156,VEE_LessSolarPower
161,Caves
170,VEE_MineralDevoid;VEE_DeepOreDevoid;Dunes
171,Marshy;SunnyMutator;AnimalHabitat;ArcheanTrees;VEE_RisingWaters
173,VEE_MoreSolarPower
174,AnimalLife_Increased;VEE_MoreSolarPower
175,Marshy;VEE_IncreasedInfestations;AB_FeraliskNest;VEE_RottenStench;VEE_MoreSolarPower
176,WindyMutator
177,VEE_SaltPlains
182,Mountain;Caves;MineralRich;VEE_DeepOreRich
185,VEE_LessSolarPower
186,VEE_LessSolarPower
187,VEE_LessSolarPower
188,VEE_LessSolarPower
190,Caves;VEE_LessSolarPower
192,VEE_LessSolarPower
193,VEE_LessSolarPower
199,Caves
200,VEE_MoreSolarPower;WildTattooinePlants
201,MineralRich;VEE_MoreSolarPower;WildTattooinePlants
202,Fish_Increased
203,Marshy;VEE_MoreSolarPower
204,Fish_Decreased
205,SteamGeysers_Increased;VEE_SulfuricLake;Fish_Increased
208,Dunes;VEE_MoreSolarPower
209,VEE_MoreSolarPower
210,VEE_MoreSolarPower
214,VEE_LessSolarPower
215,VEE_LessSolarPower
216,VEE_LessSolarPower
217,VEE_MineralDevoid;VEE_DeepOreDevoid
221,VEE_Sinkholes;VEE_QuicksandPits;VEE_Sandstorms;AnimalHabitat
224,VEE_MineralDevoid;VEE_DeepOreDevoid
229,VEE_MineralDevoid;VEE_DeepOreDevoid
233,Dunes;VEE_MoreSolarPower
234,VEE_MoreSolarPower
235,VEE_MoreSolarPower
236,DryGround
239,CoastalIsland
241,VEE_MineralDevoid;VEE_DeepOreDevoid
243,VEE_LessSolarPower
246,VEE_LessSolarPower
247,VEE_LessSolarPower
250,Caves
251,VEE_LessSolarPower
252,VEE_LessSolarPower
253,VEE_LessSolarPower
254,Dunes
255,Dunes
256,Fish_Increased;VEE_MoreSolarPower;River
257,VEE_MoreSolarPower
259,Mountain;CaveLakes;VEE_MoreSolarPower;Headwater
260,VEE_MineralDevoid;VEE_DeepOreDevoid;VEE_PebbleDunes;VEE_PebbleDunes;VEE_MoreSolarPower;WildTattooinePlants
261,VEE_MoreSolarPower;WildTattooinePlants
262,AB_AmbientRadiation;AncientHeatVent;AncientRuins;Junkyard;VEE_MoreSolarPower
263,VEE_RedDesert;VEE_RedDesertPlants;VEE_Sandstorms;VEE_MoreSolarPower;WildTattooinePlants
264,VEE_MoreSolarPower;WildTattooinePlants
265,Mountain;MineralRich;VEE_MoreSolarPower;WildTattooinePlants
266,DryLake
267,Caves
269,Junkyard;Stockpile;VEE_MineralDevoid;VEE_DeepOreDevoid;Coast
271,AnimalHabitat;Fish_Increased;WindyMutator;Iceberg
275,VEE_MineralDevoid;VEE_DeepOreDevoid
276,VEE_SaltPlains
278,VEE_Mycelium;AB_MoldyEnvironment
279,VEE_Mycelium;Stockpile
280,VEE_Mycelium;AB_MoldyEnvironment
281,VEE_Mycelium
282,VEE_Sinkholes;VEE_QuicksandPits
285,VEE_Sinkholes;VEE_QuicksandPits;VEE_Sandstorms;SteamGeysers_Increased
286,VEE_Sinkholes;VEE_QuicksandPits;VEE_Sandstorms
290,Cliffs
291,VEE_SaltPlains
292,VEE_LessSolarPower
293,Caves;VEE_LessSolarPower
294,UndergroundCave;VEE_LessSolarPower
295,VEE_LessSolarPower
296,Caves
298,VEE_LessSolarPower
299,Mountain
300,Caves;VEE_LessSolarPower
301,VEE_LessSolarPower
302,Dunes;VEE_MoreSolarPower;WildTattooinePlants
303,Dunes;VEE_MoreSolarPower;WildTattooinePlants
304,VEE_MineralDevoid;VEE_DeepOreDevoid;Dunes;VEE_MoreSolarPower;WildTattooinePlants
305,VEE_MoreSolarPower;WildTattooinePlants
306,Dunes;VEE_MoreSolarPower;WildTattooinePlants
307,VEE_MoreSolarPower;WildTattooinePlants
308,Marshy;AncientRuins;VEE_MoreSolarPower
309,VEE_MoreSolarPower;WildTattooinePlants
310,Dunes;VEE_MoreSolarPower;WildTattooinePlants
311,VEE_MineralDevoid;VEE_DeepOreDevoid;Dunes;VEE_MoreSolarPower;WildTattooinePlants
312,VEE_MoreSolarPower
313,Cliffs;VEE_DeepOreRich;MineralRich
315,Mountain;AncientQuarry;MineralRich;VEE_DeepOreRich;AncientRuins
316,VEE_MoreSolarPower
318,VEE_LessSolarPower
319,VEE_LessSolarPower
322,Mountain
323,Mountain
324,Cliffs;AnimalLife_Increased;VEE_MoreSolarPower
326,Marshy;VEE_FloodPlains;VEE_MoreSolarPower
327,VEE_LessSolarPower
328,VEE_LessSolarPower
333,VEE_LessSolarPower
334,VEE_LessSolarPower
335,VEE_LessSolarPower
338,Caves
339,Caves
345,VEE_MineralDevoid;VEE_DeepOreDevoid
351,Mountain;AnimalLife_Increased
353,VEE_MoreSolarPower
354,Marshy;VEE_IncreasedInfestations;AB_FeraliskNest;VEE_RottenStench;Fish_Increased;VEE_FloodPlains;VEE_MoreSolarPower
355,Dunes;VEE_MoreSolarPower
357,VEE_LoneIsland
359,CoastalIsland
360,CoastalIsland
361,CoastalIsland
363,Caves
365,VEE_LessSolarPower
366,VEE_LessSolarPower
367,VEE_LessSolarPower
368,VEE_LessSolarPower
370,Mountain;Caves
371,Caves
372,VEE_LessSolarPower
373,Caves;VEE_LessSolarPower
375,VEE_MineralDevoid;VEE_DeepOreDevoid
380,VEE_MoreSolarPower;WildTattooinePlants
381,AnimalLife_Increased;VEE_MoreSolarPower
383,VEE_MoreSolarPower
385,Mountain;MineralRich;VEE_MoreSolarPower
386,VEE_MineralDevoid;VEE_DeepOreDevoid;Dunes;VEE_MoreSolarPower
388,VEE_MoreSolarPower
389,VEE_MoreSolarPower
390,Dunes;Dunes
393,VEE_LessSolarPower
394,VEE_LessSolarPower
395,VEE_LessSolarPower
404,VEE_MineralDevoid;VEE_DeepOreDevoid
411,VEE_MineralDevoid;VEE_DeepOreDevoid
413,VEE_MoreSolarPower
414,VEE_MoreSolarPower
415,VEE_SaltPlains;VEE_MoreSolarPower
416,Mountain
417,DryGround
420,DryGround
422,VEE_LessSolarPower
423,Caves;VEE_LessSolarPower
424,VEE_LessSolarPower
425,VEE_LessSolarPower
431,VEE_LessSolarPower
432,VEE_LessSolarPower
433,VEE_LessSolarPower
434,Dunes;VEE_MoreSolarPower
436,VEE_MoreSolarPower
437,VEE_MoreSolarPower
440,Mountain;VEE_MoreSolarPower;WildTattooinePlants
441,VEE_MoreSolarPower;WildTattooinePlants
442,AB_AmbientRadiation;AB_DerelictClusters;VEE_SulfuricLake;VEE_MoreSolarPower
443,AncientHeatVent;AncientRuins;VEE_SulfuricLake;VEE_ToxicVents;VEE_MoreSolarPower
444,VEE_MoreSolarPower;WildTattooinePlants
445,Dunes;VEE_MoreSolarPower;WildTattooinePlants
446,VEE_MineralDevoid;VEE_DeepOreDevoid;VEE_GravelBeach
448,Junkyard;Stockpile;VEE_MineralDevoid;VEE_DeepOreDevoid;WindyMutator;VEE_RelictDelta;VEE_RisingWaters;Coast
450,VEE_SaltPlains
451,VEE_SaltPlains
454,Mountain
456,VEE_SaltPlains
457,AB_TarLakes
461,Caves
464,VEE_MineralDevoid;VEE_DeepOreDevoid
469,VEE_FleshPits;VEE_FleshPits
470,VEE_MineralDevoid;VEE_DeepOreDevoid;VEE_DryRiver
474,VEE_MineralDevoid;VEE_DeepOreDevoid
476,AB_TarLakes
478,Dunes
479,VEE_MineralDevoid;VEE_DeepOreDevoid;Dunes
483,VEE_Mycelium
492,VEE_MineralDevoid;VEE_DeepOreDevoid;Dunes;Dunes
494,Hollow;VEE_Cenotes;VEE_StagnantRivulet
495,Mountain
499,VEE_SerpentineCanyons;Caves;MineralRich;VEE_DeepOreRich
505,VEE_Mycelium;AB_MoldyEnvironment
506,VEE_Mycelium;AB_MoldyEnvironment
508,Caves
511,Caves
518,VEE_Sinkholes;VEE_QuicksandPits
519,VEE_DustBowl;VEE_PlantLife_Decimated;VEE_Fertility_Reduced;VEE_DustStorms;VEE_Sinkholes
520,VEE_Sinkholes;VEE_QuicksandPits
522,VEE_MineralDevoid;VEE_DeepOreDevoid
526,VEE_MineralDevoid;VEE_DeepOreDevoid
527,Dunes
528,Dunes
529,VEE_MineralDevoid;VEE_DeepOreDevoid;Dunes
530,Caves
542,VEE_MineralDevoid;VEE_DeepOreDevoid
546,Cliffs
547,Mountain
550,VEE_MineralDevoid;VEE_DeepOreDevoid
555,VEE_MineralDevoid;VEE_DeepOreDevoid
557,AncientChemfuelRefinery
558,VEE_Sinkholes;VEE_QuicksandPits
562,VEE_MineralDevoid;VEE_DeepOreDevoid
566,VEE_SaltPlains
567,DryGround
570,VEE_MineralDevoid;VEE_DeepOreDevoid
572,Caves
573,VEE_LessSolarPower
575,Cliffs;Caves
576,Caves;VEE_LessSolarPower
577,Caves;VEE_LessSolarPower
578,Caves;VEE_LessSolarPower
579,Caves;VEE_LessSolarPower
581,Mountain;VEE_LessSolarPower
582,Caves
583,Mountain;VEE_LessSolarPower
584,VEE_LessSolarPower
585,VEE_LessSolarPower
588,VEE_LessSolarPower
589,VEE_LessSolarPower
590,VEE_LessSolarPower
591,Caves;VEE_LessSolarPower
592,VEE_LessSolarPower
593,VEE_LessSolarPower
594,Caves;VEE_LessSolarPower
596,VEE_LessSolarPower
597,UndergroundCave;VEE_LessSolarPower
598,VEE_LessSolarPower
599,Caves
600,VEE_LessSolarPower
601,Caves;VEE_LessSolarPower
602,VEE_LessSolarPower
603,Caves;VEE_LessSolarPower
605,VEE_LessSolarPower
607,VEE_LessSolarPower
608,VEE_LessSolarPower
609,AncientRuins;AncientRuins;VEE_LessSolarPower
612,VEE_LessSolarPower
617,VEE_LessSolarPower
618,AncientRuins_Frozen;AncientRuins_Frozen;VEE_LessSolarPower
619,VEE_LessSolarPower
620,VEE_LessSolarPower
621,VEE_LessSolarPower
622,VEE_LessSolarPower
623,Caves;VEE_LessSolarPower
624,VEE_LessSolarPower
625,VEE_LessSolarPower
627,MineralRich;VEE_LessSolarPower
629,Caves
631,VEE_LessSolarPower
632,Oasis;VEE_MoreSolarPower
633,Mountain;VEE_MoreSolarPower;WildTattooinePlants
634,Mountain;HotSprings;AnimalLife_Increased;VEE_MoreSolarPower
635,Cliffs;VEE_MoreSolarPower;River
636,Marshy;VEE_MoreSolarPower
637,VEE_MoreSolarPower
638,VEE_MoreSolarPower
639,VEE_QuicksandDunes;VEE_QuicksandDunes;VEE_MoreSolarPower
642,VEE_MineralDevoid;VEE_DeepOreDevoid;VEE_MoreSolarPower
643,Dunes;VEE_MoreSolarPower
644,Dunes;VEE_MoreSolarPower;WildTattooinePlants
645,VEE_MoreSolarPower;WildTattooinePlants
646,VEE_MineralDevoid;VEE_DeepOreDevoid;Dunes;VEE_MoreSolarPower
647,VEE_MoreSolarPower;WildTattooinePlants
648,Dunes;VEE_MoreSolarPower;WildTattooinePlants
649,Dunes;VEE_MoreSolarPower;WildTattooinePlants
650,MineralRich;VEE_SaltPlains;VEE_MoreSolarPower
651,VEE_MineralDevoid;VEE_DeepOreDevoid;Dunes;VEE_MoreSolarPower
652,VEE_MoreSolarPower
655,VEE_MoreSolarPower
656,VEE_MoreSolarPower;WildTattooinePlants
657,MineralRich;VEE_MoreSolarPower;WildTattooinePlants
658,MineralRich;VEE_MoreSolarPower;WildTattooinePlants
659,VEE_MoreSolarPower;WildTattooinePlants
660,VEE_MoreSolarPower
661,MineralRich;VEE_DeepOreRich;VEE_MoreSolarPower;WildTattooinePlants
662,VEE_MineralDevoid;VEE_DeepOreDevoid;Dunes;VEE_MoreSolarPower
663,VEE_MoreSolarPower
666,VEE_MoreSolarPower
667,VEE_MoreSolarPower
668,VEE_MoreSolarPower;WildTattooinePlants
669,VEE_MoreSolarPower;WildTattooinePlants
670,VEE_MoreSolarPower
671,Marshy;VEE_FloodPlains;VEE_MoreSolarPower
672,VEE_MoreSolarPower
673,VEE_MoreSolarPower;WildTattooinePlants
674,VEE_RottenStench;VEE_SulfuricLake;PlantLife_Increased;VEE_RottenStench;VEE_MoreSolarPower
675,Fish_Increased;VEE_MoreSolarPower
676,AB_DerelictClusters;AncientHeatVent;VEE_SulfuricLake;VEE_MoreSolarPower
677,AB_DerelictClusters;AncientGarrison;AncientHeatVent;VEE_SulfuricLake;VEE_FloodPlains;VEE_MoreSolarPower
678,AncientGarrison;AB_AmbientRadiation;AB_DerelictClusters;AncientHeatVent;Junkyard;MineralRich;VEE_ToxicVents;VEE_MoreSolarPower
679,VEE_Volcano;MineralRich;AncientHeatVent;VEE_MoreSolarPower
680,Dunes;VEE_MoreSolarPower
681,VEE_MineralDevoid;VEE_DeepOreDevoid;Dunes;VEE_MoreSolarPower
682,Dunes;VEE_MoreSolarPower
683,Dunes
685,VEE_MineralDevoid;VEE_DeepOreDevoid;Dunes;VEE_MoreSolarPower
686,VEE_MoreSolarPower
687,Dunes;VEE_MoreSolarPower;WildTattooinePlants
688,Dunes;VEE_MoreSolarPower;WildTattooinePlants
689,VEE_MineralDevoid;VEE_DeepOreDevoid;Dunes;VEE_MoreSolarPower
690,Dunes;VEE_MoreSolarPower;WildTattooinePlants
691,Dunes;VEE_MoreSolarPower;WildTattooinePlants
692,VEE_MoreSolarPower;VEE_DryRiver
693,VEE_MoreSolarPower
694,VEE_MoreSolarPower;WildTattooinePlants
695,VEE_MoreSolarPower
696,VEE_MoreSolarPower;WildTattooinePlants
697,VEE_MoreSolarPower
698,VEE_SerpentineCanyons;River
700,VEE_MineralDevoid;VEE_DeepOreDevoid
703,VEE_FloodPlains
704,AnimalHabitat;Fish_Increased
705,AnimalHabitat;Fish_Increased
706,VEE_SaltPlains
707,Junkyard;Stockpile;VEE_MineralDevoid;VEE_DeepOreDevoid;VEE_RisingWaters;Coast
708,VEE_SaltPlains
709,VEE_GravelBeach
710,MineralRich;VEE_MoreSolarPower
711,VEE_MoreSolarPower
712,Mountain;MineralRich;VEE_MoreSolarPower
713,VEE_MoreSolarPower
714,VEE_MoreSolarPower;WildTattooinePlants
715,VEE_MoreSolarPower;WildTattooinePlants
717,Mountain
718,Mountain
722,Caves
724,Caves
725,Caves
727,VEE_MineralDevoid;VEE_DeepOreDevoid;Archipelago
728,VEE_MineralDevoid;VEE_DeepOreDevoid;VEE_LessSolarPower
729,VEE_LessSolarPower
730,VEE_LessSolarPower
731,VEE_LessSolarPower
732,VEE_LessSolarPower
733,Caves;VEE_LessSolarPower
739,Mountain
740,VEE_LessSolarPower
741,Caves;VEE_LessSolarPower
742,VEE_LessSolarPower
743,Caves;VEE_LessSolarPower
744,VEE_LessSolarPower
745,VEE_LessSolarPower
746,AnimalHabitat;Fish_Increased;IceDunes;WindyMutator
747,Mountain
750,CoastalIsland
751,CoastalIsland
753,Mountain
755,Mountain
758,AnimalLife_Increased;Archipelago
759,Mountain
760,VEE_SaltPlains;Oasis;VEE_RisingWaters
761,VEE_SaltPlains
763,Oasis
765,VEE_DryRiver
766,VEE_MineralDevoid;VEE_DeepOreDevoid;Dunes;VEE_DryRiver;VEE_SaltPlains
768,Mountain;MineralRich
769,Mountain
770,Oasis;AncientRuins;VEE_MoreSolarPower
772,Marshy;SunnyMutator;VEE_DryRiver;VEE_MoreSolarPower
773,Marshy;Oasis;VEE_IncreasedInfestations;AB_LocustPlagues;VEE_MoreSolarPower
774,AnimalLife_Increased;VEE_MoreSolarPower
776,VEE_SerpentineCanyons;VEE_DeepOreRich;VEE_MoreSolarPower;River
777,Cliffs;MineralRich;VEE_DeepOreRich;Fish_Increased;AnimalLife_Increased;VEE_MoreSolarPower;RiverDelta
778,Fish_Decreased
779,ToxicLake;Fish_Decreased
780,Cliffs;MineralRich;AnimalLife_Increased;VEE_MoreSolarPower
781,Cliffs;VEE_MoreSolarPower;River
782,VEE_LessSolarPower
783,VEE_LessSolarPower
784,Caves;VEE_LessSolarPower
785,VEE_LessSolarPower
786,Caves;VEE_LessSolarPower
787,VEE_LessSolarPower
788,Peninsula
789,WindyMutator
790,Caves
791,Caves
794,VEE_LessSolarPower
795,VEE_LessSolarPower
796,Caves;VEE_LessSolarPower
797,VEE_LessSolarPower
798,Caves;VEE_LessSolarPower
799,Caves;VEE_LessSolarPower
800,WindyMutator
801,Mountain;Caves
802,Fish_Increased;AnimalLife_Increased;CoastalIsland
804,VEE_SaltPlains
808,Caves
809,Cliffs;Caves
814,VEE_MineralDevoid;VEE_DeepOreDevoid
818,VEE_Mycelium;AB_MoldyEnvironment
819,VEE_Mycelium;AB_MoldyEnvironment
820,VEE_Mycelium;AB_MoldyEnvironment
821,VEE_Mycelium;AB_MoldyEnvironment
822,VEE_Sinkholes;VEE_QuicksandPits
825,VEE_Sinkholes;VEE_QuicksandPits
827,VEE_SaltPlains
828,Mountain
830,Chasm
832,VEE_LessSolarPower
833,UndergroundCave;VEE_LessSolarPower
834,VEE_LessSolarPower
835,Caves;VEE_LessSolarPower
836,VEE_LessSolarPower
837,VEE_LessSolarPower
839,VEE_LessSolarPower
840,VEE_LessSolarPower
841,VEE_LessSolarPower
842,Dunes;VEE_MoreSolarPower;WildTattooinePlants
843,Dunes;VEE_MoreSolarPower;WildTattooinePlants
844,VEE_MineralDevoid;VEE_DeepOreDevoid;Dunes;VEE_MoreSolarPower;WildTattooinePlants
845,Dunes;VEE_MoreSolarPower;WildTattooinePlants
846,Dunes;VEE_MoreSolarPower;WildTattooinePlants
847,VEE_DryRiver;VEE_MoreSolarPower
848,VEE_MoreSolarPower
849,VEE_MoreSolarPower;WildTattooinePlants
850,VEE_MineralDevoid;VEE_DeepOreDevoid;Dunes;VEE_MoreSolarPower;WildTattooinePlants
851,VEE_MoreSolarPower;WildTattooinePlants
852,MineralRich
853,Mountain;MineralRich
855,Mountain;Caves;MineralRich
856,VEE_MoreSolarPower
859,VEE_LessSolarPower
861,VEE_MineralDevoid;VEE_DeepOreDevoid
862,Cliffs;AnimalLife_Increased
863,CaveLakes;SunnyMutator;River
864,AnimalLife_Increased;VEE_MoreSolarPower
866,AnimalLife_Increased
868,VEE_LessSolarPower
871,WindyMutator
872,Caves
873,VEE_LessSolarPower
874,VEE_LessSolarPower
875,VEE_LessSolarPower
876,VEE_MeteorCrater
877,Caves
890,Marshy;AB_LocustPlagues;VEE_RottenStench;InsectMegahive;AnimalLife_Increased
891,VEE_IncreasedInfestations;AB_LocustPlagues;Pond;Fish_Increased;VEE_FloodPlains;VEE_MoreSolarPower
894,VEE_MoreSolarPower
895,VEE_MineralDevoid;VEE_DeepOreDevoid;Dunes;VEE_MoreSolarPower
900,CoastalIsland
903,VEE_LessSolarPower
906,VEE_LessSolarPower
907,VEE_LessSolarPower
910,Caves
912,Caves;VEE_LessSolarPower
913,Caves;VEE_LessSolarPower
920,Mountain;VEE_RedDesert;VEE_RedDesertPlants;VEE_Sandstorms;VEE_MoreSolarPower;WildTattooinePlants
921,VEE_MoreSolarPower
922,Fish_Increased
923,Cliffs;VEE_MoreSolarPower
924,Cliffs;VEE_MoreSolarPower
925,Mountain;VEE_MoreSolarPower
926,VEE_MoreSolarPower
928,VEE_MoreSolarPower
929,VEE_MoreSolarPower
931,Oasis
933,VEE_LessSolarPower
934,VEE_LessSolarPower
935,VEE_LessSolarPower
946,VEE_MineralDevoid;VEE_DeepOreDevoid
949,VEE_MineralDevoid;VEE_DeepOreDevoid
951,VEE_MoreSolarPower
954,VEE_MoreSolarPower
955,VEE_MoreSolarPower
956,DryGround
957,ToxicLake
962,VEE_LessSolarPower
963,VEE_LessSolarPower
964,VEE_LessSolarPower
965,VEE_LessSolarPower
966,VEE_LessSolarPower
967,VEE_LessSolarPower
968,VEE_LessSolarPower
972,Caves;VEE_LessSolarPower
973,VEE_LessSolarPower
974,VEE_MineralDevoid;VEE_DeepOreDevoid;Dunes;VEE_MoreSolarPower
976,VEE_MoreSolarPower
977,VEE_MoreSolarPower
980,VEE_MoreSolarPower;WildTattooinePlants
981,Mountain;VEE_MoreSolarPower;WildTattooinePlants
982,VEE_MoreSolarPower
983,AB_DerelictClusters;AncientHeatVent;VEE_SulfuricLake;VEE_MoreSolarPower
984,VEE_MoreSolarPower;WildTattooinePlants
985,VEE_MoreSolarPower;WildTattooinePlants
986,VEE_SaltPlains;CoastalIsland
989,AnimalHabitat;Fish_Increased
991,CoastalIsland
992,VEE_FleshPits;VEE_FleshPits
994,AB_TarLakes
996,VEE_SaltPlains
1001,Caves
1003,Caves
1006,VEE_MineralDevoid;VEE_DeepOreDevoid
1011,VEE_MineralDevoid;VEE_DeepOreDevoid
1014,VEE_MineralDevoid;VEE_DeepOreDevoid
1016,VEE_RisingWaters
1017,Dunes
1018,Dunes
1019,VEE_MineralDevoid;VEE_DeepOreDevoid;Dunes
1020,CoastalIsland
1032,VEE_MineralDevoid;VEE_DeepOreDevoid
1035,Mountain
1037,VEE_RockRidge
1038,Mountain
1039,Mountain
1046,VEE_GravelBeach
1051,Caves
1058,VEE_Sinkholes;VEE_QuicksandPits
1059,VEE_Sinkholes;VEE_QuicksandPits
1060,VEE_Sinkholes;VEE_QuicksandPits
1062,VEE_FleshPits;VEE_FleshPits
1063,VEE_Sinkholes;VEE_QuicksandPits
1066,VEE_MineralDevoid;VEE_DeepOreDevoid
1067,Dunes
1068,Dunes
1069,VEE_MineralDevoid;VEE_DeepOreDevoid
1072,Caves
1073,Caves
1084,VEE_MineralDevoid;VEE_DeepOreDevoid
1087,VEE_MineralDevoid;VEE_DeepOreDevoid
1091,VEE_MineralDevoid;VEE_DeepOreDevoid
1095,VEE_MineralDevoid;VEE_DeepOreDevoid
1104,VEE_MineralDevoid;VEE_DeepOreDevoid
1107,DryGround
1108,VEE_MineralDevoid;VEE_DeepOreDevoid
1111,VEE_MineralDevoid;VEE_DeepOreDevoid
1112,VEE_LessSolarPower
1113,VEE_LessSolarPower
1114,VEE_LessSolarPower
1115,VEE_LessSolarPower
1116,VEE_LessSolarPower
1117,VEE_LessSolarPower
1118,Caves;VEE_LessSolarPower
1119,VEE_LessSolarPower
1120,VEE_LessSolarPower
1121,VEE_LessSolarPower
1122,VEE_LessSolarPower
1123,Caves;VEE_LessSolarPower
1124,VEE_LessSolarPower
1125,VEE_LessSolarPower
1126,VEE_LessSolarPower
1127,Caves;VEE_LessSolarPower
1128,Caves;VEE_LessSolarPower
1129,Caves;VEE_LessSolarPower
1131,VEE_LessSolarPower
1132,VEE_LessSolarPower
1134,Caves;VEE_LessSolarPower
1136,VEE_LessSolarPower
1137,UndergroundCave;VEE_LessSolarPower
1138,UndergroundCave;VEE_LessSolarPower
1139,VEE_LessSolarPower
1140,Caves;VEE_LessSolarPower
1141,VEE_LessSolarPower
1142,VEE_LessSolarPower
1143,VEE_LessSolarPower
1144,VEE_LessSolarPower
1145,VEE_Cenotes;VEE_Cenotes;VEE_LessSolarPower
1146,VEE_LessSolarPower
1147,VEE_LessSolarPower
1148,VEE_LessSolarPower
1149,VEE_LessSolarPower
1150,VEE_LessSolarPower
1151,Hollow;VEE_LessSolarPower
1152,Caves;VEE_LessSolarPower
1153,VEE_RockRidge;VEE_LessSolarPower
1154,VEE_LessSolarPower
1155,Mountain;VEE_LessSolarPower
1156,Cavern
1157,VEE_LessSolarPower
1159,VEE_LessSolarPower
1160,VEE_LessSolarPower
1161,Caves;VEE_LessSolarPower
1162,Caves;VEE_LessSolarPower
1163,Caves;VEE_LessSolarPower
1164,VEE_LessSolarPower
1165,VEE_LessSolarPower
1166,VEE_LessSolarPower
1167,VEE_LessSolarPower
1168,Caves
1169,Caves
1170,VEE_LessSolarPower
1171,VEE_LessSolarPower
1172,Oasis;VEE_MoreSolarPower
1173,VEE_MoreSolarPower
1174,VEE_StagnantRivulet;Fish_Increased;VEE_MoreSolarPower;River
1175,VEE_StagnantRivulet;Fish_Increased;VEE_MoreSolarPower;RiverIsland
1176,Marshy;AncientRuins;VEE_MoreSolarPower
1177,Marshy;VEE_MoreSolarPower
1178,Dunes;VEE_MoreSolarPower
1179,VEE_MoreSolarPower
1180,Mountain;VEE_MoreSolarPower
1181,Dunes;Dunes;VEE_MoreSolarPower
1182,VEE_MoreSolarPower
1183,VEE_MoreSolarPower
1184,VEE_MineralDevoid;VEE_DeepOreDevoid;Dunes;VEE_MoreSolarPower;WildTattooinePlants
1185,VEE_MoreSolarPower;WildTattooinePlants
1186,VEE_MoreSolarPower;WildTattooinePlants
1187,Dunes;VEE_MoreSolarPower;WildTattooinePlants
1188,Dunes;VEE_MoreSolarPower;WildTattooinePlants
1189,VEE_MineralDevoid;VEE_DeepOreDevoid;Dunes;VEE_MoreSolarPower;WildTattooinePlants
1190,VEE_MoreSolarPower
1191,VEE_MoreSolarPower
1192,VEE_QuicksandDunes;VEE_QuicksandDunes;VEE_MoreSolarPower
1193,VEE_MoreSolarPower
1194,VEE_MoreSolarPower
1195,VEE_MoreSolarPower
1196,VEE_MoreSolarPower;WildTattooinePlants
1197,VEE_MoreSolarPower;WildTattooinePlants
1198,MineralRich;VEE_MoreSolarPower;WildTattooinePlants
1199,VEE_MoreSolarPower;WildTattooinePlants
1200,VEE_SulfuricLake;VEE_MoreSolarPower
1201,VEE_MoreSolarPower;WildTattooinePlants
1202,VEE_MoreSolarPower
1203,VEE_MoreSolarPower
1204,VEE_MoreSolarPower
1205,VEE_MoreSolarPower
1206,VEE_MoreSolarPower
1207,VEE_MoreSolarPower
1208,VEE_MoreSolarPower;WildTattooinePlants
1209,VEE_MoreSolarPower;WildTattooinePlants
1210,Marshy;VEE_DeepOreDevoid;VEE_MineralDevoid;VEE_FloodPlains;VEE_MoreSolarPower
1211,VEE_MoreSolarPower;WildTattooinePlants
1212,VEE_MoreSolarPower;WildTattooinePlants
1213,VEE_MoreSolarPower;WildTattooinePlants
1214,AncientHeatVent;AncientRuins;MineralRich;VEE_MoreSolarPower;River
1215,VEE_MoreSolarPower
1216,AB_AmbientRadiation;AB_DerelictClusters;AncientHeatVent;AncientRuins;VEE_MechanoidShipChunks;VEE_ToxicVents;VEE_MoreSolarPower
1217,AB_AmbientRadiation;AB_DerelictClusters;VEE_MechanoidShipChunks;VEE_ToxicVents;VEE_MoreSolarPower
1218,AB_AmbientRadiation;AB_DerelictClusters;AncientHeatVent;AncientRuins;VEE_SulfuricLake;VEE_ToxicVents;VEE_MoreSolarPower
1219,AncientGarrison;AncientHeatVent;Junkyard;VEE_SulfuricLake;VEE_FloodPlains;VEE_MoreSolarPower
1220,Dunes;VEE_MoreSolarPower
1221,VEE_MoreSolarPower
1222,Dunes;VEE_MoreSolarPower
1223,VEE_MineralDevoid;VEE_DeepOreDevoid;Dunes;VEE_MoreSolarPower
1224,Dunes;VEE_MoreSolarPower
1225,VEE_MoreSolarPower
1226,Dunes;VEE_MoreSolarPower;WildTattooinePlants
1227,VEE_MineralDevoid;VEE_DeepOreDevoid;Dunes;VEE_MoreSolarPower;WildTattooinePlants
1228,Dunes;VEE_MoreSolarPower;WildTattooinePlants
1229,Dunes;VEE_MoreSolarPower;WildTattooinePlants
1230,VEE_MineralDevoid;VEE_DeepOreDevoid;Dunes;VEE_MoreSolarPower;WildTattooinePlants
1231,Dunes;VEE_MoreSolarPower;WildTattooinePlants
1232,VEE_MoreSolarPower
1233,VEE_MoreSolarPower
1234,VEE_MoreSolarPower;WildTattooinePlants
1235,VEE_MoreSolarPower
1236,VEE_MineralDevoid;VEE_DeepOreDevoid;VEE_MoreSolarPower
1237,VEE_MoreSolarPower
1238,Mountain;AbandonedColonyTribal;AbandonedColonyTribal
1242,VEE_DryRiver
1243,MineralRich;VEE_DeepOreRich;AncientRuins;Junkyard
1245,AnimalHabitat;Fish_Increased
1246,VEE_SaltPlains;AnimalHabitat;Fish_Increased;CoastalIsland
1247,VEE_SaltPlains;CoastalIsland
1250,VEE_MoreSolarPower
1251,VEE_MineralDevoid;VEE_DeepOreDevoid;Dunes;VEE_MoreSolarPower
1252,Dunes;VEE_MoreSolarPower
1253,VEE_MoreSolarPower
1254,Dunes;VEE_MoreSolarPower
1255,VEE_MineralDevoid;VEE_DeepOreDevoid;Dunes;VEE_MoreSolarPower;WildTattooinePlants
1257,Mountain
1259,Mountain
1263,Mountain
1266,Mountain
1268,VEE_LessSolarPower
1269,VEE_LessSolarPower
1270,VEE_LessSolarPower
1271,VEE_LessSolarPower
1272,VEE_LessSolarPower
1273,VEE_LessSolarPower
1275,Mountain
1276,VEE_MineralDevoid;VEE_DeepOreDevoid
1280,VEE_LessSolarPower
1281,VEE_LessSolarPower
1282,VEE_LessSolarPower
1283,VEE_LessSolarPower
1284,VEE_StoneForest;VEE_LessSolarPower
1285,VEE_LessSolarPower
1286,CoastalIsland
1287,AnimalHabitat;Fish_Increased;VEE_DeepSnow;WindyMutator
1289,AnimalHabitat;Fish_Increased
1290,CoastalIsland
1291,CoastalIsland
1294,SunnyMutator;CoastalIsland
1295,AnimalHabitat;CoastalIsland
1296,CoastalIsland
1300,VEE_SaltPlains;WindyMutator;VEE_RisingWaters
1301,Oasis
1303,Oasis
1305,Mountain
1306,AnimalLife_Increased
1307,VEE_FloodPlains;SunnyMutator;AnimalLife_Decreased;Junkyard
1308,Mountain;Caves
1309,Mountain
1310,Fish_Increased;AnimalLife_Increased;River
1311,Fish_Increased
1312,Cliffs;AnimalLife_Increased;VEE_StagnantRivulet;VEE_MoreSolarPower
1313,Fish_Increased;VEE_MoreSolarPower;River
1314,Oasis;AnimalLife_Increased;VEE_MoreSolarPower
1315,Mountain;VEE_MoreSolarPower
1316,Mountain;MineralRich;VEE_DeepOreRich;AnimalLife_Increased;VEE_MoreSolarPower
1317,Cliffs;Caves;VEE_ToxicVents;VEE_MoreSolarPower
1319,Fish_Decreased
1320,SteamGeysers_Increased;VEE_SulfuricLake;Fish_Increased
1321,Mountain;MineralRich;Fish_Increased;VEE_MoreSolarPower;River
1322,VEE_LessSolarPower
1323,VEE_LessSolarPower
1324,Caves;VEE_LessSolarPower
1325,VEE_LessSolarPower
1326,VEE_LessSolarPower
1327,VEE_LessSolarPower
1328,WindyMutator
1330,WindyMutator
1331,Mountain;Caves
1333,Mountain
1334,VEE_LessSolarPower
1335,VEE_LessSolarPower
1336,Caves;VEE_LessSolarPower
1337,VEE_LessSolarPower
1338,Caves;VEE_LessSolarPower
1339,VEE_LessSolarPower
1340,Fish_Increased;AnimalLife_Increased
1341,Mountain;Caves
1343,WindyMutator
1344,VEE_SaltPlains
1345,VEE_SaltPlains
1349,Caves
1352,VEE_MineralDevoid;VEE_DeepOreDevoid
1356,VEE_MineralDevoid;VEE_DeepOreDevoid
1360,VEE_MineralDevoid;VEE_DeepOreDevoid
1368,VEE_MineralDevoid;VEE_DeepOreDevoid
1372,VEE_MineralDevoid;VEE_DeepOreDevoid
1376,VEE_MineralDevoid;VEE_DeepOreDevoid
1377,VEE_SaltPlains
1378,VEE_DryRiver
1379,VEE_MineralDevoid;VEE_DeepOreDevoid;VEE_DryRiver
1380,Dunes
1382,VEE_Mycelium
1383,VEE_Mycelium
1385,VEE_MineralDevoid;VEE_DeepOreDevoid
1389,Caves
1394,VEE_Mycelium
1395,VEE_Mycelium
1396,VEE_Mycelium
1397,VEE_Mycelium
1399,VEE_Mycelium;AB_MoldyEnvironment
1400,VEE_Mycelium;AB_MoldyEnvironment
1401,VEE_Mycelium;AB_MoldyEnvironment
1402,VEE_Mycelium;AB_MoldyEnvironment
1403,VEE_Mycelium;AB_MoldyEnvironment
1404,VEE_Mycelium;AB_MoldyEnvironment
1405,VEE_Mycelium;AB_MoldyEnvironment
1407,VEE_Mycelium;AB_MoldyEnvironment
1408,VEE_Mycelium;AB_MoldyEnvironment
1412,VEE_Sinkholes;VEE_QuicksandPits
1415,AB_QuicksandPits
1417,VEE_Sinkholes;VEE_QuicksandPits
1420,VEE_Sinkholes;VEE_QuicksandPits
1423,VEE_MineralDevoid;VEE_DeepOreDevoid
1426,Dunes
1427,VEE_MineralDevoid;VEE_DeepOreDevoid;Dunes
1428,Dunes
1430,VEE_Sinkholes;VEE_QuicksandPits
1431,VEE_Sinkholes;VEE_QuicksandPits
1432,VEE_Sinkholes;VEE_QuicksandPits
1433,VEE_Sinkholes;VEE_QuicksandPits
1435,VEE_Sinkholes;VEE_QuicksandPits
1437,VEE_MineralDevoid;VEE_DeepOreDevoid
1438,VEE_Sinkholes
1442,DryGround
1444,DryGround
1445,Mountain
1446,VEE_SaltPlains
1447,DryGround;AncientHeatVent
1450,VEE_MineralDevoid;VEE_DeepOreDevoid
1453,VEE_MineralDevoid;VEE_DeepOreDevoid
1455,Chasm
1456,VEE_MineralDevoid;VEE_DeepOreDevoid
1460,VEE_SaltPlains
1462,VEE_SaltPlains
1464,VEE_MineralDevoid;VEE_DeepOreDevoid
1466,VEE_SaltPlains
1467,DryGround
1468,VEE_MineralDevoid;VEE_DeepOreDevoid
1472,Caves
1474,Caves;VEE_LessSolarPower
1475,Caves;VEE_LessSolarPower
1476,VEE_LessSolarPower
1477,Caves;VEE_LessSolarPower
1478,VEE_LessSolarPower
1479,VEE_LessSolarPower
1480,VEE_LessSolarPower
1481,VEE_LessSolarPower
1482,VEE_LessSolarPower
1483,VEE_LessSolarPower
1484,VEE_LessSolarPower
1485,VEE_LessSolarPower
1486,Caves;VEE_LessSolarPower
1487,VEE_LessSolarPower
1488,VEE_LessSolarPower
1489,UndergroundCave;VEE_LessSolarPower
1490,Caves
1491,VEE_LessSolarPower
1492,VEE_LessSolarPower
1493,VEE_LessSolarPower
1494,Caves
1495,VEE_LessSolarPower
1496,VEE_LessSolarPower
1498,VEE_LessSolarPower
1499,VEE_LessSolarPower
1500,VEE_LessSolarPower
1501,VEE_LessSolarPower
1502,VEE_LessSolarPower
1503,VEE_LessSolarPower
1504,VEE_LessSolarPower
1505,Caves;AncientRuins;AncientRuins;VEE_LessSolarPower
1506,VEE_LessSolarPower
1507,Caves;VEE_LessSolarPower
1509,VEE_LessSolarPower
1510,VEE_LessSolarPower
1512,VEE_LessSolarPower
1513,VEE_LessSolarPower
1514,Mountain
1515,Mountain
1516,AncientRuins_Frozen;AncientRuins_Frozen;VEE_LessSolarPower
1517,VEE_LessSolarPower
1518,VEE_LessSolarPower
1519,VEE_LessSolarPower
1520,VEE_LessSolarPower
1521,VEE_LessSolarPower
1522,Caves;VEE_LessSolarPower
1523,VEE_LessSolarPower
1524,Caves;VEE_LessSolarPower
1525,VEE_LessSolarPower
1526,Mountain;Caves;MineralRich;VEE_LessSolarPower
1527,VEE_LessSolarPower
1528,VEE_LessSolarPower
1529,VEE_LessSolarPower
1530,Caves;MineralRich;VEE_LessSolarPower
1531,Caves;VEE_LessSolarPower
1532,VEE_MineralDevoid;VEE_DeepOreDevoid;Dunes;VEE_MoreSolarPower;WildTattooinePlants
1533,VEE_MoreSolarPower
1534,Fish_Increased;VEE_FloodPlains;VEE_MoreSolarPower
1535,VEE_StagnantRivulet;Fish_Increased;VEE_MoreSolarPower;RiverIsland
1536,Dunes;DryGround;Pollution_Increased;VEE_DryRiver;VEE_MoreSolarPower
1537,Dunes;VEE_MoreSolarPower;WildTattooinePlants
1538,VEE_MineralDevoid;VEE_DeepOreDevoid;Dunes;VEE_MoreSolarPower;WildTattooinePlants
1539,VEE_MoreSolarPower;WildTattooinePlants
1540,VEE_MoreSolarPower
1541,Dunes;VEE_MoreSolarPower;WildTattooinePlants
1542,Dunes;VEE_MoreSolarPower;WildTattooinePlants
1543,VEE_MineralDevoid;VEE_DeepOreDevoid;Dunes;VEE_MoreSolarPower;WildTattooinePlants
1544,VEE_MoreSolarPower;WildTattooinePlants
1545,VEE_MoreSolarPower;WildTattooinePlants
1546,Dunes;VEE_MoreSolarPower;WildTattooinePlants
1547,VEE_MoreSolarPower;WildTattooinePlants
1548,VEE_MoreSolarPower;WildTattooinePlants
1549,Dunes;VEE_MoreSolarPower;WildTattooinePlants
1550,VEE_MineralDevoid;VEE_DeepOreDevoid;Dunes;VEE_MoreSolarPower
1551,Dunes;VEE_MoreSolarPower;WildTattooinePlants
1552,VEE_MoreSolarPower
1553,VEE_MoreSolarPower
1554,VEE_MoreSolarPower
1555,Dunes;VEE_MoreSolarPower
1556,Mountain;VEE_MoreSolarPower;WildTattooinePlants
1557,VEE_MineralDevoid;VEE_DeepOreDevoid;Dunes;VEE_MoreSolarPower
1558,Dunes;VEE_MoreSolarPower
1559,SunnyMutator;Junkyard;VEE_DryRiver;VEE_MoreSolarPower;WildTattooinePlants
1560,Valley;MineralRich;VEE_DeepOreRich;AnimalLife_Increased;VEE_MoreSolarPower
1561,Mountain;VEE_MoreSolarPower;WildTattooinePlants
1562,Dunes;VEE_MoreSolarPower;WildTattooinePlants
1563,VEE_MineralDevoid;VEE_DeepOreDevoid;Dunes;VEE_MoreSolarPower;WildTattooinePlants
1564,VEE_MoreSolarPower
1565,VEE_MoreSolarPower
1566,VEE_MoreSolarPower;WildTattooinePlants
1567,VEE_MoreSolarPower;WildTattooinePlants
1568,VEE_MoreSolarPower;WildTattooinePlants
1569,AnimalLife_Increased;VEE_MoreSolarPower
1570,VEE_MoreSolarPower;WildTattooinePlants
1571,VEE_MoreSolarPower;WildTattooinePlants
1572,VEE_MoreSolarPower
1573,Marshy;VEE_MoreSolarPower
1574,Marshy;VEE_MoreSolarPower
1575,VEE_MoreSolarPower
1576,AB_DerelictClusters;VEE_MoreSolarPower
1577,VEE_MoreSolarPower
1578,Dunes;VEE_MoreSolarPower;WildTattooinePlants
1579,VEE_MoreSolarPower;WildTattooinePlants
1580,Dunes;VEE_MoreSolarPower;WildTattooinePlants
1581,VEE_MineralDevoid;VEE_DeepOreDevoid;Dunes;VEE_MoreSolarPower
1582,Dunes;VEE_MoreSolarPower
1583,Dunes;VEE_MoreSolarPower
1584,VEE_MineralDevoid;VEE_DeepOreDevoid;Dunes;VEE_MoreSolarPower
1585,Dunes;VEE_MoreSolarPower
1586,Dunes;VEE_MoreSolarPower;WildTattooinePlants
1587,VEE_MineralDevoid;VEE_DeepOreDevoid;Dunes;VEE_MoreSolarPower;WildTattooinePlants
1588,Dunes;VEE_MoreSolarPower;WildTattooinePlants
1589,Dunes;VEE_MoreSolarPower
1590,VEE_MineralDevoid;VEE_DeepOreDevoid;Dunes;VEE_MoreSolarPower;WildTattooinePlants
1591,Dunes;VEE_MoreSolarPower
1592,VEE_MoreSolarPower
1593,VEE_MoreSolarPower
1594,Mountain;VEE_MoreSolarPower;VEE_DryRiver
1595,Cliffs;MineralRich;VEE_MoreSolarPower
1596,Dunes;VEE_MoreSolarPower
1597,VEE_MoreSolarPower
1598,Mountain;MineralRich;VEE_DeepOreRich
1599,Mountain;AncientQuarry;MineralRich;VEE_DeepOreRich;AncientWarehouse
1600,VEE_FloodPlains;MineralRich;VEE_DeepOreRich;AncientRuins;Junkyard
1601,Fish_Increased
1602,AnimalHabitat;Fish_Increased
1603,Cliffs;VEE_DryRiver
1604,Chasm
1605,Mountain
1607,VEE_MineralDevoid;VEE_DeepOreDevoid
1608,Mountain
1610,VEE_PebbleDunes;VEE_PebbleDunes;VEE_MoreSolarPower
1612,Cliffs;AnimalLife_Increased
1614,VEE_MoreSolarPower
1615,Mountain;MineralRich;VEE_DeepOreRich;VEE_MoreSolarPower
1616,Mountain
1618,VEE_MoreSolarPower
1619,Dunes;VEE_MoreSolarPower;VEE_DryRiver
1620,Mountain
1621,VEE_MoreSolarPower
1622,VEE_MineralDevoid;VEE_DeepOreDevoid
1625,Mountain
1626,Mountain
1627,Mountain
1628,VEE_LessSolarPower
1629,VEE_LessSolarPower
1630,VEE_LessSolarPower
1631,VEE_LessSolarPower
1632,VEE_LessSolarPower
1633,VEE_LessSolarPower
1636,VEE_LessSolarPower
1637,VEE_LessSolarPower
1639,VEE_LessSolarPower
1640,Caves;VEE_LessSolarPower
1641,TerraformingScar
1642,Caves
1643,Caves
1644,VEE_LessSolarPower
1645,VEE_LessSolarPower
1647,VEE_MineralDevoid;VEE_DeepOreDevoid
1650,Mountain
1651,Mountain
1652,Mountain;Oasis
1653,Oasis
1654,Mountain;Oasis
1655,Fish_Increased;VEE_MarineSanctuary
1656,Mountain
1659,Cliffs;VEE_DeepOreRich;MineralRich
1660,Oasis
1661,Oasis
1662,Mountain
1664,Mountain
1665,Oasis
1666,Mountain
1667,Oasis;VEE_MoreSolarPower
1668,Mountain;HotSprings;AnimalLife_Increased;VEE_MoreSolarPower
1669,Mountain;CaveLakes;VEE_MoreSolarPower;Headwater
1670,Marshy
1671,VEE_FloodPlains;VEE_MoreSolarPower
1672,VEE_PlantLife_Overgrown;VEE_NoTrees
1673,Mountain
1674,Fish_Increased;VEE_MoreSolarPower;River
1675,Marshy;VEE_FloodPlains;VEE_MoreSolarPower
1676,Fish_Increased
1677,Cliffs;Oasis;VEE_MoreSolarPower;RiverDelta
1678,Mountain;Oasis;VEE_MoreSolarPower
1679,Fish_Increased
1682,VEE_LessSolarPower
1683,VEE_LessSolarPower
1684,VEE_LessSolarPower
1685,VEE_LessSolarPower
1686,VEE_LessSolarPower
1687,VEE_LessSolarPower
1690,VEE_LessSolarPower
1691,VEE_LessSolarPower
1693,VEE_LessSolarPower
1694,VEE_LessSolarPower
1696,VEE_LessSolarPower
1697,Caves;VEE_LessSolarPower
1700,WindyMutator
1702,WindyMutator
1704,WindyMutator
1707,Mountain
1709,Mountain;Caves
1711,Caves
1712,Caves
1714,Caves
1715,Mountain
1716,Caves
1722,VEE_LessSolarPower
1723,VEE_LessSolarPower
1724,VEE_LessSolarPower
1725,VEE_LessSolarPower
1726,VEE_LessSolarPower
1727,VEE_LessSolarPower
1728,Caves;VEE_LessSolarPower
1729,VEE_LessSolarPower
1730,VEE_LessSolarPower
1731,VEE_LessSolarPower
1732,Caves;VEE_LessSolarPower
1733,VEE_LessSolarPower
1734,VEE_LessSolarPower
1735,VEE_LessSolarPower
1736,Caves;VEE_LessSolarPower
1737,VEE_LessSolarPower
1738,Caves
1739,VEE_LessSolarPower
1755,Caves
1763,VEE_Mycelium;AB_MoldyEnvironment
1766,Caves
1767,Caves
1768,Mountain
1769,Caves
1781,VEE_LessSolarPower
1782,VEE_Cenotes;VEE_Cenotes;VEE_LessSolarPower
1783,VEE_LessSolarPower
1784,VEE_MineralDevoid;VEE_DeepOreDevoid
1792,VEE_MineralDevoid;VEE_DeepOreDevoid
1793,Dunes
1795,VEE_MineralDevoid;VEE_DeepOreDevoid
1810,VEE_MineralDevoid;VEE_DeepOreDevoid;VEE_MoreSolarPower
1811,VEE_MoreSolarPower
1812,Dunes;VEE_MoreSolarPower
1814,VEE_MineralDevoid;VEE_DeepOreDevoid
1817,VEE_RottenStench;VEE_SulfuricLake;PlantLife_Increased;VEE_RottenStench
1821,Dunes
1822,VEE_MineralDevoid;VEE_DeepOreDevoid;Dunes
1824,Dunes
1825,VEE_MineralDevoid;VEE_DeepOreDevoid
1827,Marshy;VEE_FloodPlains
1828,SunnyMutator;VEE_RisingWaters
1829,CoastalIsland
1831,VEE_FloodPlains
1833,VEE_MoreSolarPower
1834,VEE_MineralDevoid;VEE_DeepOreDevoid
1837,sw_DeadSarlaccCave;sw_DeadSarlaccCave;VEE_MoreSolarPower
1838,VEE_MoreSolarPower
1839,VEE_MoreSolarPower
1840,DryLake;VEE_MoreSolarPower
1841,VEE_MoreSolarPower
1842,VEE_SaltPlains;VEE_MoreSolarPower
1843,Dunes;VEE_MoreSolarPower
1844,Mountain
1845,AnimalLife_Increased;VEE_MoreSolarPower
1846,VEE_FloodPlains;VEE_MoreSolarPower
1847,Mountain
1848,Marshy;AB_FeraliskNest;VEE_RottenStench;AB_BumbledroneNests;VEE_FloodPlains;AncientRuins;VEE_MoreSolarPower
1849,Marshy;AB_FeraliskNest;VEE_RottenStench;AB_LocustPlagues;VEE_MoreSolarPower
1850,Marshy;VEE_IncreasedInfestations;AB_LocustPlagues;VEE_IncreasedDiseases;Fish_Increased;VEE_FloodPlains;VEE_MoreSolarPower
1851,VEE_MoreSolarPower
1852,VEE_MoreSolarPower
1853,Fish_Increased;VEE_FloodPlains;VEE_MoreSolarPower
1854,Pond;AB_LocustPlagues;AB_BumbledroneNests;VEE_RotstinkVents;Fish_Increased;VEE_FloodPlains;VEE_MoreSolarPower
1855,Fish_Increased;VEE_FloodPlains;VEE_MoreSolarPower
1856,VEE_SaltPlains
1857,VEE_SaltPlains
1859,AB_TarLakes
1860,Mountain
1861,WindyMutator;VEE_GravelBeach
1862,VEE_LoneIsland
1863,VEE_SaltPlains
1864,VEE_SaltPlains
1865,VEE_SaltPlains
1866,AB_TarLakes
1867,VEE_SaltPlains
1874,Fish_Increased
1882,Fish_Increased;AnimalLife_Increased
1884,WindyMutator;VEE_RisingWaters
1889,VEE_SaltPlains
1891,VEE_SaltPlains
1892,Caves;MineralRich
1893,Caves;MineralRich
1895,Mountain;Caves
1896,Caves;MineralRich
1897,Mountain;Caves;MineralRich
1899,Caves
1900,Caves
1905,VEE_LessSolarPower
1906,Caves;MineralRich
1907,Cliffs;Caves;MineralRich;VEE_DeepOreRich
1908,Caves;MineralRich
1909,VEE_LessSolarPower
1910,VEE_LessSolarPower
1911,Caves;VEE_LessSolarPower
1912,VEE_LessSolarPower
1913,VEE_LessSolarPower
1915,Mountain;VEE_LessSolarPower
1916,Caves
1917,Caves;VEE_LessSolarPower
1918,VEE_LessSolarPower
1920,VEE_LessSolarPower
1921,Caves;VEE_LessSolarPower
1922,VEE_LessSolarPower
1923,Caves;VEE_LessSolarPower
1924,Caves;VEE_LessSolarPower
1925,VEE_LessSolarPower
1926,Caves;VEE_LessSolarPower
1928,VEE_LessSolarPower
1930,VEE_LessSolarPower
1931,Caves;VEE_LessSolarPower
1932,Caves
1933,VEE_LessSolarPower
1934,VEE_LessSolarPower
1936,VEE_LessSolarPower
1937,VEE_LessSolarPower
1938,VEE_LessSolarPower
1940,Caves
1941,VEE_LessSolarPower
1942,Cliffs;Caves;VEE_LessSolarPower
1943,VEE_LessSolarPower
1944,Caves
1945,Caves
1947,Caves
1948,Caves;VEE_LessSolarPower
1949,Caves
1951,Caves;VEE_LessSolarPower
1952,VEE_LessSolarPower
1953,Caves;VEE_LessSolarPower
1954,VEE_LessSolarPower
1955,Caves;VEE_LessSolarPower
1956,VEE_LessSolarPower
1957,Caves;VEE_LessSolarPower
1960,Caves
1961,Caves;VEE_LessSolarPower
1962,VEE_LessSolarPower
1963,VEE_LessSolarPower
1971,VEE_MineralDevoid;VEE_DeepOreDevoid
1973,ToxicLake
1974,Caves;AncientRuins
1978,VEE_SaltPlains
1982,VEE_DryRiver
1983,VEE_MineralDevoid;VEE_DeepOreDevoid;VEE_DryRiver;VEE_SaltPlains
1986,Oasis
1990,Caves
1992,Mountain;Caves
1994,Caves
1997,Caves
1999,Mountain;Caves
2000,MineralRich;VEE_MoreSolarPower
2001,Cliffs;MineralRich;VEE_MoreSolarPower
2002,VEE_MoreSolarPower;WildTattooinePlants
2003,VEE_MoreSolarPower;WildTattooinePlants
2004,VEE_MoreSolarPower;WildTattooinePlants
2005,VEE_MoreSolarPower;WildTattooinePlants
2006,VEE_MoreSolarPower;WildTattooinePlants
2007,VEE_MoreSolarPower;WildTattooinePlants
2008,MineralRich;VEE_MoreSolarPower;WildTattooinePlants
2009,MineralRich;VEE_MoreSolarPower;WildTattooinePlants
2010,AB_DerelictClusters;AncientWarehouse;VEE_ToxicVents;VEE_MoreSolarPower
2011,VEE_PlantLife_Overgrown;VEE_NoTrees;VEE_MoreSolarPower
2012,Fish_Increased
2013,Fish_Increased
2014,Mountain;VEE_StagnantRivulet;Fish_Increased;AnimalLife_Increased;VEE_MoreSolarPower;RiverDelta
2015,Cliffs;VEE_StagnantRivulet;Fish_Increased;VEE_MoreSolarPower;River
2016,Fish_Increased
2018,Marshy;VEE_MoreSolarPower
2019,CaveLakes;Fish_Increased;VEE_MoreSolarPower
2020,VEE_SerpentineCanyons;VEE_StagnantRivulet;Fish_Increased;VEE_DeepOreRich;VEE_MoreSolarPower;River
2021,VEE_PlantLife_Overgrown;VEE_NoTrees;VEE_MoreSolarPower
2022,VEE_MoreSolarPower
2023,VEE_MoreSolarPower
2024,Fish_Decreased
2025,ToxicLake;Fish_Decreased
2026,Fish_Decreased
2027,Fish_Decreased
2028,VEE_SulfuricLake;Fish_Decreased
2029,Fish_Decreased
2031,Fish_Increased
2032,Valley;VEE_MoreSolarPower
2033,Mountain;VEE_MoreSolarPower
2034,Fish_Increased
2035,Cliffs;VEE_MoreSolarPower
2039,VEE_MineralDevoid;VEE_DeepOreDevoid;Oasis
2040,VEE_MoreSolarPower
2041,Dunes;VEE_MoreSolarPower
2048,VEE_MineralDevoid;VEE_DeepOreDevoid;Dunes;VEE_MoreSolarPower
2049,Dunes;VEE_MoreSolarPower
2050,Dunes;VEE_MoreSolarPower
2051,VEE_MineralDevoid;VEE_DeepOreDevoid;Dunes;VEE_MoreSolarPower
2052,Dunes;VEE_MoreSolarPower
2053,Dunes;VEE_MoreSolarPower
2054,VEE_MoreSolarPower
2055,VEE_MoreSolarPower
2056,VEE_MoreSolarPower;WildTattooinePlants
2057,VEE_MineralDevoid;VEE_DeepOreDevoid;Dunes;VEE_MoreSolarPower;WildTattooinePlants
2058,VEE_MoreSolarPower
2059,VEE_MoreSolarPower
2060,VEE_MoreSolarPower
2061,VEE_MoreSolarPower
2062,VEE_MoreSolarPower
2063,VEE_MoreSolarPower
2064,Mountain
2066,VEE_PebbleDunes;VEE_PebbleDunes
2067,Dunes
2068,VEE_MineralDevoid;VEE_DeepOreDevoid;Dunes
2072,VEE_MineralDevoid;VEE_DeepOreDevoid
2075,VEE_MineralDevoid;VEE_DeepOreDevoid
2082,VEE_MineralDevoid;VEE_DeepOreDevoid;VEE_LessSolarPower
2083,VEE_LessSolarPower
2084,Mountain;VEE_LessSolarPower
2085,VEE_LessSolarPower
2086,VEE_LessSolarPower
2087,Mountain;VEE_LessSolarPower
2088,Caves;VEE_LessSolarPower
2089,VEE_LessSolarPower
2090,VEE_LessSolarPower
2091,VEE_LessSolarPower
2092,VEE_LessSolarPower
2093,VEE_LessSolarPower
2094,VEE_LessSolarPower
2095,VEE_LessSolarPower
2096,VEE_LessSolarPower
2097,VEE_LessSolarPower
2098,VEE_LessSolarPower
2099,VEE_LessSolarPower
2100,VEE_MineralDevoid;VEE_DeepOreDevoid
2105,VEE_MineralDevoid;VEE_DeepOreDevoid
2109,VEE_MineralDevoid;VEE_DeepOreDevoid
2111,VEE_Sinkholes
2112,Caves
2121,VEE_MineralDevoid;VEE_DeepOreDevoid
2126,VEE_Sinkholes
2128,VEE_MineralDevoid;VEE_DeepOreDevoid;VEE_Sinkholes
2129,VEE_Sinkholes
2130,VEE_Sinkholes
2136,ToxicLake
2137,VEE_MineralDevoid;VEE_DeepOreDevoid
2140,Caves
2141,Caves;VEE_LessSolarPower
2142,VEE_LessSolarPower
2143,VEE_LessSolarPower
2149,VEE_MineralDevoid;VEE_DeepOreDevoid
2152,VEE_MineralDevoid;VEE_DeepOreDevoid
2157,VEE_MineralDevoid;VEE_DeepOreDevoid
2165,VEE_MineralDevoid;VEE_DeepOreDevoid
2170,VEE_MoreSolarPower
2171,VEE_MoreSolarPower
2172,VEE_MoreSolarPower
2173,VEE_MineralDevoid;VEE_DeepOreDevoid
2176,VEE_MineralDevoid;VEE_DeepOreDevoid
2177,Dunes
2179,VEE_MineralDevoid;VEE_DeepOreDevoid;Dunes
2181,VEE_SaltPlains
2185,VEE_MineralDevoid;VEE_DeepOreDevoid
2189,VEE_MineralDevoid;VEE_DeepOreDevoid
2193,VEE_MoreSolarPower
2197,VEE_MoreSolarPower
2198,VEE_MoreSolarPower
2199,VEE_MineralDevoid;VEE_DeepOreDevoid;Dunes;VEE_MoreSolarPower
2200,Dunes;VEE_MoreSolarPower
2201,Dunes;VEE_MoreSolarPower
2202,VEE_MineralDevoid;VEE_DeepOreDevoid;Dunes;VEE_MoreSolarPower
2203,Dunes;VEE_MoreSolarPower
2205,VEE_MoreSolarPower
2206,MineralRich;VEE_MoreSolarPower
2208,VEE_MoreSolarPower
2209,VEE_MoreSolarPower
2210,DryLake;VEE_MoreSolarPower
2211,VEE_MoreSolarPower
2212,Dunes;VEE_MoreSolarPower
2213,VEE_MineralDevoid;VEE_DeepOreDevoid;Dunes;VEE_MoreSolarPower;WildTattooinePlants
2214,VEE_MoreSolarPower
2215,VEE_MoreSolarPower;WildTattooinePlants
2216,Cliffs
2217,Chasm
2218,VEE_MineralDevoid;VEE_DeepOreDevoid
2221,DryGround
2224,VEE_SaltPlains
2225,DryGround;VEE_SaltPlains
2226,DryGround
2228,VEE_MineralDevoid;VEE_DeepOreDevoid;VEE_SaltPlains
2229,VEE_DryRiver
2231,VEE_MineralDevoid;VEE_DeepOreDevoid
2234,VEE_MineralDevoid;VEE_DeepOreDevoid;WindyMutator;WildPlants;Coast
2235,VEE_SaltPlains;Fish_Increased;CoastalIsland
2236,Coast
2237,AnimalHabitat;Fish_Increased
2238,AnimalHabitat;Fish_Increased
2241,Cliffs;SteamGeysers_Increased
2243,Mountain
2244,VEE_MineralDevoid;VEE_DeepOreDevoid
2247,VEE_MineralDevoid;VEE_DeepOreDevoid;VEE_GravelBeach
2248,VEE_SaltPlains;VEE_RelictDelta
2249,Archipelago
2250,WildPlants;Junkyard;Stockpile;WindyMutator;VEE_RelictDelta;CoastalIsland
2251,AnimalHabitat;Fish_Increased;CoastalIsland
2252,VEE_LessSolarPower
2253,Mountain;Caves
2255,Caves;VEE_LessSolarPower
2258,Caves
2259,VEE_LessSolarPower
2261,VEE_LessSolarPower
2262,VEE_LessSolarPower
2263,VEE_LessSolarPower
2264,Mountain
2268,Caves;VEE_LessSolarPower
2269,Mountain
2270,VEE_LessSolarPower
2274,VEE_LessSolarPower
2275,VEE_LessSolarPower
2276,VEE_LessSolarPower
2277,VEE_LessSolarPower
2280,VEE_LessSolarPower
2284,VEE_LessSolarPower
2285,VEE_LessSolarPower
2286,VEE_LessSolarPower
2287,VEE_LessSolarPower
2301,Caves;VEE_LessSolarPower
2302,Caves
2303,Caves
2305,Caves;VEE_LessSolarPower
2306,VEE_LessSolarPower
2307,Caves;VEE_LessSolarPower
2308,Caves;VEE_LessSolarPower
2309,Caves;VEE_LessSolarPower
2310,Caves;VEE_LessSolarPower
2311,VEE_LessSolarPower
2312,VEE_LessSolarPower
2313,VEE_LessSolarPower
2314,VEE_LessSolarPower
2315,VEE_LessSolarPower
2316,VEE_LessSolarPower
2317,VEE_LessSolarPower
2319,VEE_LessSolarPower
2320,Caves;VEE_LessSolarPower
2321,VEE_LessSolarPower
2322,Caves;VEE_LessSolarPower
2325,Dunes
2326,VEE_MineralDevoid;VEE_DeepOreDevoid;Dunes
2327,Dunes
2328,Dunes;VEE_MoreSolarPower
2329,VEE_MineralDevoid;VEE_DeepOreDevoid;Dunes;VEE_MoreSolarPower
2330,Dunes
2333,VEE_MineralDevoid;VEE_DeepOreDevoid;Dunes
2334,Dunes
2336,VEE_MoreSolarPower
2337,VEE_MoreSolarPower
2338,Mountain;CaveLakes;VEE_MoreSolarPower;Headwater
2339,Fish_Increased;VEE_MoreSolarPower;River
2340,VEE_SerpentineCanyons;VEE_DeepOreRich;VEE_MoreSolarPower;River
2341,Mountain;Fish_Increased;VEE_MoreSolarPower;RiverIsland
2342,VEE_MoreSolarPower
2343,VEE_MoreSolarPower
2344,VEE_MoreSolarPower
2345,VEE_MoreSolarPower
2346,VEE_MineralDevoid;VEE_DeepOreDevoid;DryGround;VEE_MoreSolarPower
2347,VEE_MoreSolarPower
2349,Mountain;Oasis
2350,Dunes
2352,VEE_MineralDevoid;VEE_DeepOreDevoid
2354,Mountain;AnimalLife_Increased;VEE_MoreSolarPower
2355,Caves;VEE_MoreSolarPower
2356,MineralRich
2357,MineralRich
2358,Caves;VEE_Cenotes;VEE_Cenotes;VEE_MoreSolarPower
2359,Mountain;Fish_Increased;VEE_MoreSolarPower;RiverIsland
2360,Dunes;VEE_MoreSolarPower;WildTattooinePlants
2361,VEE_MoreSolarPower;WildTattooinePlants
2362,VEE_MoreSolarPower;WildTattooinePlants
2363,VEE_MoreSolarPower;WildTattooinePlants
2364,VEE_MoreSolarPower;WildTattooinePlants
2365,VEE_MoreSolarPower;WildTattooinePlants
2366,VEE_MoreSolarPower;WildTattooinePlants
2367,VEE_MoreSolarPower;WildTattooinePlants
2368,Dunes;VEE_MoreSolarPower;WildTattooinePlants
2369,VEE_MineralDevoid;VEE_DeepOreDevoid;Dunes;VEE_MoreSolarPower;WildTattooinePlants
2370,VEE_MoreSolarPower;WildTattooinePlants
2371,Dunes;VEE_MoreSolarPower;WildTattooinePlants
2372,AB_AmbientRadiation;AB_AncientGreyPallVent;AB_DerelictClusters;VEE_MoreSolarPower
2373,AB_AncientFreezingVent;Junkyard;VEE_MoreSolarPower
2374,AB_AmbientRadiation;AB_DerelictClusters;AncientHeatVent;AncientRuins;VEE_SulfuricLake;VEE_MoreSolarPower
2375,AB_DerelictClusters;AncientHeatVent;AncientRuins;MineralRich;VEE_MoreSolarPower
2376,AB_AmbientRadiation;AB_DerelictClusters;AncientHeatVent;AncientRuins;MineralRich;VEE_MoreSolarPower
2377,AB_AmbientRadiation;AncientHeatVent;Junkyard;MineralRich;VEE_MechanoidShipChunks;VEE_MoreSolarPower
2378,Dunes;VEE_MoreSolarPower;WildTattooinePlants
2379,VEE_MoreSolarPower;WildTattooinePlants
2380,AB_DerelictClusters;AncientHeatVent;AncientRuins;Junkyard;VEE_MechanoidShipChunks;VEE_MoreSolarPower
2381,AB_DerelictClusters;VEE_MechanoidShipChunks;VEE_ToxicVents;VEE_MoreSolarPower
2382,VEE_MoreSolarPower
2383,VEE_MoreSolarPower
2384,VEE_MoreSolarPower;WildTattooinePlants
2385,VEE_MoreSolarPower;WildTattooinePlants
2386,VEE_MoreSolarPower;WildTattooinePlants
2387,VEE_MineralDevoid;VEE_DeepOreDevoid;Dunes;VEE_MoreSolarPower;WildTattooinePlants
2388,Dunes;VEE_MoreSolarPower;WildTattooinePlants
2389,VEE_MoreSolarPower;WildTattooinePlants
2390,VEE_MoreSolarPower;WildTattooinePlants
2391,VEE_MoreSolarPower;WildTattooinePlants
2392,Dunes;VEE_MoreSolarPower;WildTattooinePlants
2393,VEE_MoreSolarPower;WildTattooinePlants
2394,Mountain;MineralRich;VEE_DeepOreRich;VEE_MoreSolarPower;WildTattooinePlants
2395,VEE_MoreSolarPower;WildTattooinePlants
2396,VEE_MineralDevoid;VEE_DeepOreDevoid
2401,VEE_MineralDevoid;VEE_DeepOreDevoid
2402,AnimalHabitat;Fish_Increased;CoastalIsland
2405,Caves
2407,Peninsula
2408,CoastalIsland
2409,VEE_SaltPlains;CoastalIsland
2410,AnimalHabitat;Fish_Increased;CoastalIsland
2412,CoastalIsland
2413,CoastalIsland
2415,VEE_SaltPlains;AnimalHabitat;Fish_Increased;CoastalIsland
2417,AnimalHabitat;Fish_Increased
2420,AnimalHabitat;Fish_Increased;CoastalIsland
2422,Archipelago
2424,Caves
2426,CoastalIsland
2427,CoastalIsland
2428,AnimalHabitat;Fish_Increased;WindyMutator;Iceberg
2430,AnimalHabitat;Fish_Increased;WindyMutator;Iceberg
2431,CoastalIsland
2433,VEE_MineralDevoid;VEE_DeepOreDevoid
2436,VEE_MineralDevoid;VEE_DeepOreDevoid
2437,VEE_Mycelium;AB_MoldyEnvironment
2438,VEE_Mycelium;AB_MoldyEnvironment
2439,VEE_Mycelium;AB_MoldyEnvironment
2440,VEE_Mycelium;AB_MoldyEnvironment
2441,VEE_Mycelium;AB_MoldyEnvironment
2445,VEE_Sinkholes
2448,Cliffs;HotSprings
2449,Mountain
2450,Mountain
2451,Chasm;VEE_RotstinkVents
2452,VEE_LessSolarPower
2453,UndergroundCave;VEE_LessSolarPower
2454,VEE_LessSolarPower
2455,Caves;VEE_LessSolarPower
2456,VEE_LessSolarPower
2457,VEE_LessSolarPower
2459,VEE_RockRidge;VEE_LessSolarPower
2460,VEE_LessSolarPower
2461,VEE_LessSolarPower
2462,Dunes;VEE_MoreSolarPower;WildTattooinePlants;sw_DeadSarlaccCave
2463,Dunes;VEE_MoreSolarPower;WildTattooinePlants;sw_DeadSarlaccCave
2464,VEE_MineralDevoid;VEE_DeepOreDevoid;Dunes;VEE_MoreSolarPower;WildTattooinePlants
2465,Dunes;VEE_MoreSolarPower;WildTattooinePlants
2466,Dunes;VEE_MoreSolarPower;WildTattooinePlants
2467,VEE_MoreSolarPower;WildTattooinePlants
2468,VEE_MineralDevoid;VEE_DeepOreDevoid;Dunes;VEE_MoreSolarPower;WildTattooinePlants;sw_DeadSarlaccCave;MixedBiome
2469,VEE_MoreSolarPower;WildTattooinePlants
2470,VEE_MoreSolarPower
2471,Dunes;VEE_MoreSolarPower;WildTattooinePlants
2472,MineralRich
2473,Dunes;Dunes;VEE_DryRiver
2474,VEE_MineralDevoid;VEE_DeepOreDevoid;Dunes;VEE_DryRiver;VEE_SaltPlains
2475,MineralRich;VEE_DryRiver
2476,Dunes
2478,VEE_MineralDevoid;VEE_DeepOreDevoid
2481,VEE_MineralDevoid;VEE_DeepOreDevoid
2482,VEE_FloodPlains
2483,River
2484,River
2485,Caves;VEE_DryRiver
2489,Fish_Increased
2492,Caves;VEE_LessSolarPower
2493,Caves;VEE_LessSolarPower
2494,VEE_LessSolarPower
2496,Caves
2510,Marshy;VEE_IncreasedInfestations;VEE_StagnantRivulet;VEE_RotstinkVents
2511,Marshy;VEE_RotstinkVents;AB_LocustPlagues;AnimalLife_Increased;VEE_MoreSolarPower
2514,VEE_MoreSolarPower
2515,VEE_MoreSolarPower
2520,SunnyMutator;CoastalIsland
2523,VEE_LessSolarPower
2526,VEE_LessSolarPower
2527,VEE_LessSolarPower
2529,Caves;VEE_LessSolarPower
2532,Caves
2533,Caves;VEE_LessSolarPower
2540,AB_MagmaVents;LavaFlow;AB_MagmaticQuagmire;AB_MagmaticQuagmire;AB_MagmaVents;AB_GeothermalHotspots;VEE_MoreSolarPower
2541,Mountain;VEE_MoreSolarPower
2542,Fish_Increased
2543,Fish_Increased
2544,Valley;VEE_MoreSolarPower
2545,Mountain;VEE_MoreSolarPower
2546,VEE_MoreSolarPower
2547,VEE_MoreSolarPower
2548,VEE_MoreSolarPower
2552,VEE_LessSolarPower
2553,VEE_LessSolarPower
2554,VEE_LessSolarPower
2557,Mountain
2560,AncientGarrison
2562,VEE_MineralDevoid;VEE_DeepOreDevoid
2568,VEE_MeteorCrater;VEE_DeepOreDevoid;VEE_MineralDevoid;AnimalHabitat
2571,VEE_MoreSolarPower
2574,VEE_MoreSolarPower
2575,VEE_MoreSolarPower
2576,DryGround
2577,VEE_SaltPlains
2578,VEE_SaltPlains
2582,VEE_LessSolarPower
2583,VEE_LessSolarPower
2584,Caves;VEE_LessSolarPower
2585,VEE_LessSolarPower
2586,Caves;VEE_LessSolarPower
2587,VEE_LessSolarPower
2588,VEE_LessSolarPower
2592,VEE_LessSolarPower
2593,VEE_LessSolarPower
2594,VEE_MineralDevoid;VEE_DeepOreDevoid;VEE_MoreSolarPower
2595,Dunes;VEE_MoreSolarPower
2597,VEE_MeteorCrater;VEE_MoreSolarPower;MixedBiome;Pollution_Increased
2598,VEE_MineralDevoid;VEE_DeepOreDevoid;Dunes
2599,Dunes
2600,Dunes;VEE_MoreSolarPower;WildTattooinePlants
2601,VEE_MineralDevoid;VEE_DeepOreDevoid;Dunes;VEE_MoreSolarPower;WildTattooinePlants
2602,VEE_MoreSolarPower
2603,VEE_MoreSolarPower
2604,VEE_RottenStench;VEE_SulfuricLake;PlantLife_Increased;VEE_RottenStench;VEE_MoreSolarPower
2605,VEE_MoreSolarPower;WildTattooinePlants
2606,AB_AgariluxPrime_Mutator;CoastalIsland
2607,VEE_SaltPlains;Junkyard;Stockpile;VEE_MineralDevoid;VEE_DeepOreDevoid;VEE_RisingWaters;Coast
2609,WildDantooinePlants;CoastalIsland
2613,TerraformingScar;VEE_Cenotes;SunnyMutator;MixedBiome
2616,VEE_GravelBeach
2623,Caves
2630,VEE_MineralDevoid;VEE_DeepOreDevoid
2633,VEE_MineralDevoid;VEE_DeepOreDevoid
2637,AB_TarLakes
2638,VEE_MineralDevoid;VEE_DeepOreDevoid;Dunes
2639,Dunes
2641,SunnyMutator;VEE_RisingWaters
2647,Caves
2648,VEE_MineralDevoid;VEE_DeepOreDevoid
2650,VEE_DustBowl
2651,VEE_MineralDevoid;VEE_DeepOreDevoid;VEE_DustBowl
2658,Mountain
2661,VEE_DustBowl;VEE_PlantLife_Decimated;VEE_Fertility_Reduced;VEE_DustStorms
2666,Caves
2667,Caves
2668,Caves
2677,AncientGarrison
2678,VEE_Sinkholes
2679,VEE_DustBowl;VEE_Sinkholes
2680,VEE_DustBowl;VEE_Sinkholes
2681,VEE_MineralDevoid;VEE_DeepOreDevoid;VEE_Sinkholes
2682,VEE_Sinkholes
2683,VEE_Sinkholes
2686,VEE_MineralDevoid;VEE_DeepOreDevoid
2689,VEE_MineralDevoid;VEE_DeepOreDevoid
2691,AncientRuins;AncientRuins
2704,VEE_MineralDevoid;VEE_DeepOreDevoid
2707,VEE_MineralDevoid;VEE_DeepOreDevoid
2709,AncientRuins;AncientUplink;AB_FeraliskNest
2710,VEE_MineralDevoid;VEE_DeepOreDevoid
2713,VEE_MineralDevoid;VEE_DeepOreDevoid
2715,AncientRuins
2717,VEE_MineralDevoid;VEE_DeepOreDevoid
2726,VEE_MineralDevoid;VEE_DeepOreDevoid
2729,VEE_MineralDevoid;VEE_DeepOreDevoid
2732,Caves;VEE_LessSolarPower
2734,VEE_LessSolarPower
2735,VEE_LessSolarPower
2736,VEE_LessSolarPower
2737,VEE_LessSolarPower
2738,Caves;VEE_LessSolarPower
2739,VEE_LessSolarPower
2740,Caves;VEE_LessSolarPower
2741,VEE_LessSolarPower
2742,Caves;VEE_LessSolarPower
2743,Caves;VEE_LessSolarPower
2744,Caves;VEE_LessSolarPower
2745,VEE_LessSolarPower
2746,Caves;VEE_LessSolarPower
2747,Caves;VEE_LessSolarPower;AncientRuins
2748,Caves;VEE_LessSolarPower
2749,Caves;VEE_LessSolarPower
2750,Caves;VEE_LessSolarPower
2751,VEE_LessSolarPower
2752,Caves;VEE_LessSolarPower
2753,VEE_LessSolarPower
2754,Caves
2755,VEE_LessSolarPower
2756,VEE_LessSolarPower
2757,VEE_LessSolarPower
2758,UndergroundCave;VEE_LessSolarPower
2759,UndergroundCave;VEE_LessSolarPower
2760,VEE_LessSolarPower
2761,VEE_LessSolarPower
2762,VEE_LessSolarPower
2763,VEE_LessSolarPower
2764,VEE_LessSolarPower
2765,VEE_LessSolarPower
2766,VEE_LessSolarPower
2767,Caves;VEE_LessSolarPower
2768,VEE_LessSolarPower
2769,VEE_LessSolarPower
2770,VEE_LessSolarPower
2771,VEE_LessSolarPower
2772,VEE_LessSolarPower
2773,VEE_LessSolarPower
2774,Mountain;VEE_LessSolarPower
2775,Mountain;VEE_LessSolarPower
2776,VEE_LessSolarPower
2777,VEE_LessSolarPower
2778,VEE_LessSolarPower
2779,Mountain;VEE_LessSolarPower
2780,VEE_LessSolarPower
2781,VEE_LessSolarPower
2782,VEE_LessSolarPower
2783,Caves;VEE_LessSolarPower
2784,VEE_LessSolarPower
2785,Caves;VEE_LessSolarPower
2787,VEE_LessSolarPower
2788,Caves;VEE_LessSolarPower
2789,Caves
2792,VEE_FloodPlains;VEE_MoreSolarPower
2793,VEE_StagnantRivulet;Fish_Increased;VEE_MoreSolarPower;RiverIsland
2794,Marshy;VEE_MoreSolarPower
2795,VEE_StagnantRivulet;Fish_Increased;VEE_MoreSolarPower;RiverIsland
2796,Marshy;Fish_Increased;VEE_FloodPlains;VEE_MoreSolarPower
2797,Marshy;VEE_MoreSolarPower
2798,VEE_MoreSolarPower
2799,VEE_MoreSolarPower
2800,Hollow;VEE_MoreSolarPower
2801,VEE_MoreSolarPower
2802,VEE_MoreSolarPower
2803,VEE_MoreSolarPower
2804,VEE_MoreSolarPower;WildTattooinePlants
2805,VEE_MoreSolarPower;WildTattooinePlants
2806,VEE_MoreSolarPower;WildTattooinePlants
2807,VEE_MoreSolarPower;WildTattooinePlants
2808,VEE_MineralDevoid;VEE_DeepOreDevoid;Dunes;VEE_MoreSolarPower;WildTattooinePlants
2809,VEE_MoreSolarPower;WildTattooinePlants
2810,VEE_MoreSolarPower
2811,VEE_MoreSolarPower
2812,VEE_MoreSolarPower
2813,VEE_MoreSolarPower
2814,VEE_MoreSolarPower
2815,VEE_MoreSolarPower
2816,VEE_MoreSolarPower
2817,VEE_MoreSolarPower
2818,VEE_MoreSolarPower;WildTattooinePlants
2819,VEE_MoreSolarPower;WildTattooinePlants
2820,VEE_MoreSolarPower;WildTattooinePlants
2821,VEE_MoreSolarPower
2822,VEE_MoreSolarPower
2823,VEE_MoreSolarPower
2824,VEE_MoreSolarPower
2825,VEE_MineralDevoid;VEE_DeepOreDevoid;VEE_MoreSolarPower
2826,VEE_MoreSolarPower
2827,VEE_MoreSolarPower
2828,VEE_MoreSolarPower;WildTattooinePlants
2829,VEE_MoreSolarPower;WildTattooinePlants
2830,VEE_MoreSolarPower
2831,VEE_MoreSolarPower;WildTattooinePlants
2832,VEE_MoreSolarPower;WildTattooinePlants
2833,VEE_MoreSolarPower;WildTattooinePlants
2834,AB_DerelictClusters;AncientHeatVent;MineralRich;VEE_MechanoidShipChunks;VEE_MoreSolarPower
2835,AncientChemfuelRefinery;AncientHeatVent;VEE_ToxicVents;VEE_FloodPlains;VEE_MoreSolarPower
2836,AB_AmbientRadiation;AB_AncientBloodRainVent;AB_DerelictClusters;VEE_MechanoidShipChunks;VEE_ToxicVents;VEE_MoreSolarPower
2837,AB_DerelictClusters;AncientHeatVent;Junkyard;VEE_MechanoidShipChunks;VEE_ToxicVents;VEE_MoreSolarPower
2838,AB_DerelictClusters;AncientHeatVent;MineralRich;VEE_ToxicVents;AnimalLife_Increased;VEE_MoreSolarPower
2839,AB_AmbientRadiation;AB_DerelictClusters;AncientHeatVent;VEE_MechanoidShipChunks;VEE_ToxicVents;VEE_MoreSolarPower;River
2840,VEE_MoreSolarPower
2841,VEE_RockRidge;VEE_MoreSolarPower;Dunes;MineralRich
2842,VEE_MineralDevoid;VEE_DeepOreDevoid;Dunes;VEE_MoreSolarPower
2843,Dunes;VEE_MoreSolarPower
2844,Dunes;VEE_MoreSolarPower
2845,VEE_MoreSolarPower
2846,VEE_MineralDevoid;VEE_DeepOreDevoid;Dunes;VEE_MoreSolarPower;WildTattooinePlants
2847,Dunes;VEE_MoreSolarPower;WildTattooinePlants
2848,Dunes;VEE_MoreSolarPower;WildTattooinePlants
2849,VEE_MineralDevoid;VEE_DeepOreDevoid;Dunes;VEE_MoreSolarPower;WildTattooinePlants
2850,VEE_MoreSolarPower;WildTattooinePlants
2851,VEE_MoreSolarPower;WildTattooinePlants
2852,Dunes;VEE_MoreSolarPower
2853,VEE_MoreSolarPower
2854,VEE_MoreSolarPower
2855,VEE_MineralDevoid;VEE_DeepOreDevoid;VEE_MoreSolarPower
2856,VEE_MoreSolarPower
2857,VEE_MoreSolarPower
2860,VEE_DryRiver
2862,MineralRich;VEE_DryRiver
2863,MineralRich;VEE_DeepOreRich;AncientWarehouse;VEE_DryRiver
2870,VEE_MineralDevoid;VEE_DeepOreDevoid;Dunes;Dunes;VEE_MoreSolarPower
2871,Dunes;VEE_MoreSolarPower
2872,VEE_MoreSolarPower
2873,Dunes;VEE_MoreSolarPower;VEE_DryRiver;VEE_SaltPlains
2874,VEE_MineralDevoid;VEE_DeepOreDevoid;Dunes;VEE_MoreSolarPower;VEE_SaltPlains
2875,Dunes;VEE_MoreSolarPower
2878,Mountain
2879,Mountain
2880,Mountain;AbandonedColonyTribal;AbandonedColonyTribal
2882,Cavern
2885,VEE_MineralDevoid;VEE_DeepOreDevoid
2888,VEE_LessSolarPower
2889,VEE_LessSolarPower
2890,VEE_LessSolarPower
2891,VEE_LessSolarPower
2892,VEE_LessSolarPower
2893,VEE_MineralDevoid;VEE_DeepOreDevoid;VEE_LessSolarPower
2897,VEE_MineralDevoid;VEE_DeepOreDevoid
2900,Caves;VEE_LessSolarPower
2901,VEE_LessSolarPower
2902,VEE_LessSolarPower
2903,VEE_LessSolarPower
2904,VEE_LessSolarPower
2905,VEE_LessSolarPower
2907,AnimalHabitat;Fish_Increased;VEE_DeepSnow;WindyMutator
2909,AnimalHabitat;Fish_Increased;VEE_DeepSnow;WindyMutator
2910,Junkyard;Stockpile;VEE_MineralDevoid;VEE_DeepOreDevoid;WindyMutator;VEE_RisingWaters
2912,Mountain
2913,Mountain
2917,Mountain;SunnyMutator;Coast
2919,VEE_SaltPlains;WindyMutator;Coast
2920,Oasis;sw_SarlaccLair;sw_SarlaccLair;SunnyMutator;Coast
2922,Oasis
2923,Mountain;Oasis
2925,Mountain;Caves
2926,VEE_SerpentineCanyons;River
2927,VEE_DryRiver
2928,Mountain;CaveLakes;Headwater
2929,Mountain
2930,Fish_Increased
2931,Fish_Increased;AnimalLife_Increased;River
2932,VEE_SerpentineCanyons;Fish_Increased;VEE_DeepOreRich;VEE_MoreSolarPower;River
2933,Mountain;CaveLakes;Fish_Increased;VEE_MoreSolarPower;Headwater
2934,VEE_SerpentineCanyons;Fish_Increased;VEE_MoreSolarPower;River
2935,Mountain;VEE_MoreSolarPower
2936,Mountain;MineralRich;AnimalLife_Increased;VEE_SmokeVents;VEE_MoreSolarPower
2937,Cliffs;MineralRich;VEE_MoreSolarPower
2938,SteamGeysers_Increased;VEE_SulfuricLake;Fish_Increased
2941,SteamGeysers_Increased;VEE_SulfuricLake;Fish_Increased
2942,VEE_LessSolarPower
2943,VEE_LessSolarPower
2944,Caves;VEE_LessSolarPower
2945,VEE_LessSolarPower
2946,Caves;VEE_LessSolarPower
2947,Caves;VEE_LessSolarPower
2948,WindyMutator
2949,Mountain;Peninsula
2950,WindyMutator
2951,WindyMutator
2952,Mountain;Caves
2953,Mountain
2954,VEE_LessSolarPower
2955,VEE_LessSolarPower
2956,Caves;VEE_LessSolarPower
2957,Caves;VEE_LessSolarPower
2958,VEE_LessSolarPower
2959,Caves;VEE_LessSolarPower
2961,VEE_SaltPlains
2963,WindyMutator
2964,VEE_SaltPlains
2965,VEE_SaltPlains
2972,VEE_MineralDevoid;VEE_DeepOreDevoid
2975,VEE_MineralDevoid;VEE_DeepOreDevoid
2980,VEE_MineralDevoid;VEE_DeepOreDevoid
2991,VEE_MineralDevoid;VEE_DeepOreDevoid
2994,VEE_MineralDevoid;VEE_DeepOreDevoid
2997,VEE_MineralDevoid;VEE_DeepOreDevoid;VEE_SaltPlains
2999,VEE_DryRiver
3000,VEE_MineralDevoid;VEE_DeepOreDevoid
3002,VEE_Mycelium
3004,VEE_MineralDevoid;VEE_DeepOreDevoid
3011,Caves
3012,Caves
3014,VEE_Mycelium
3015,VEE_Mycelium
3016,VEE_Mycelium
3017,VEE_Mycelium
3018,VEE_Mycelium
3019,VEE_Mycelium
3020,VEE_Mycelium;AB_MoldyEnvironment
3021,VEE_Mycelium;AB_MoldyEnvironment
3022,VEE_Mycelium;AB_MoldyEnvironment
3023,VEE_Mycelium;AB_MoldyEnvironment
3024,VEE_Mycelium;AB_MoldyEnvironment
3025,VEE_Mycelium;AB_MoldyEnvironment
3028,VEE_Mycelium;AB_MoldyEnvironment
3037,VEE_Sinkholes
3041,VEE_MineralDevoid;VEE_DeepOreDevoid
3044,Dunes
3045,VEE_MineralDevoid;VEE_DeepOreDevoid;Dunes
3046,Dunes
3047,Dunes
3049,VEE_MineralDevoid;VEE_DeepOreDevoid
3050,VEE_Sinkholes
3051,VEE_Sinkholes
3052,VEE_Sinkholes
3053,VEE_Sinkholes
3054,VEE_Sinkholes
3055,VEE_Sinkholes
3056,VEE_Sinkholes
3058,VEE_Sinkholes
3059,VEE_Sinkholes
3063,Hollow;DryGround;VEE_Cenotes
3064,DryGround
3065,Chasm
3066,Mountain
3067,Mountain;AB_MagmaVents
3068,VEE_MineralDevoid;VEE_DeepOreDevoid
3071,VEE_MineralDevoid;VEE_DeepOreDevoid
3074,VEE_MineralDevoid;VEE_DeepOreDevoid
3080,VEE_SaltPlains
3082,DryGround
3083,VEE_SaltPlains
3086,VEE_MineralDevoid;VEE_DeepOreDevoid
3087,VEE_SaltPlains
3088,DryGround
3089,VEE_MineralDevoid;VEE_DeepOreDevoid
3092,Caves;VEE_LessSolarPower
3093,Caves
3094,VEE_LessSolarPower
3095,Caves;VEE_LessSolarPower
3096,Caves
3097,Caves;VEE_LessSolarPower
3098,VEE_LessSolarPower
3099,VEE_LessSolarPower
3100,VEE_LessSolarPower
3101,VEE_LessSolarPower
3102,VEE_LessSolarPower
3103,VEE_LessSolarPower
3104,VEE_LessSolarPower
3105,VEE_LessSolarPower
3106,VEE_LessSolarPower
3107,VEE_LessSolarPower
3108,UndergroundCave;VEE_LessSolarPower
3109,VEE_LessSolarPower
3110,Caves;VEE_LessSolarPower
3111,VEE_LessSolarPower
3112,VEE_LessSolarPower
3113,VEE_LessSolarPower
3114,VEE_LessSolarPower
3115,VEE_LessSolarPower
3116,VEE_LessSolarPower
3117,VEE_LessSolarPower
3118,VEE_LessSolarPower
3119,VEE_LessSolarPower
3120,VEE_LessSolarPower
3121,VEE_LessSolarPower
3122,VEE_LessSolarPower
3123,VEE_LessSolarPower
3124,VEE_LessSolarPower
3125,VEE_LessSolarPower
3126,VEE_LessSolarPower
3127,VEE_LessSolarPower
3128,VEE_LessSolarPower
3131,VEE_LessSolarPower
3132,VEE_LessSolarPower
3133,VEE_LessSolarPower
3135,Mountain
3140,VEE_LessSolarPower
3141,VEE_LessSolarPower
3142,VEE_LessSolarPower
3143,VEE_LessSolarPower
3144,VEE_LessSolarPower
3145,VEE_LessSolarPower
3146,Mountain;Caves;MineralRich;VEE_DeepOreRich;VEE_LessSolarPower
3147,Caves;MineralRich;VEE_LessSolarPower
3148,VEE_LessSolarPower
3149,VEE_LessSolarPower
3150,Cliffs;Caves;MineralRich;VEE_DeepOreRich;VEE_LessSolarPower
3151,VEE_LessSolarPower
3152,VEE_MoreSolarPower
3153,Oasis;AnimalLife_Increased;VEE_MoreSolarPower
3154,Marshy;Fish_Increased;VEE_MoreSolarPower;River
3155,Oasis;DryGround;VEE_FloodPlains;Stockpile;SunnyMutator;VEE_MoreSolarPower
3156,VEE_MineralDevoid;VEE_DeepOreDevoid;Dunes;VEE_MoreSolarPower;WildTattooinePlants
3157,Dunes;VEE_MoreSolarPower;WildTattooinePlants
3158,VEE_MoreSolarPower;WildTattooinePlants
3159,VEE_MoreSolarPower;WildTattooinePlants
3160,VEE_MoreSolarPower;WildTattooinePlants
3161,Dunes;VEE_MoreSolarPower;WildTattooinePlants
3162,VEE_MineralDevoid;VEE_DeepOreDevoid;Dunes;VEE_MoreSolarPower;WildTattooinePlants
3163,Dunes;VEE_MoreSolarPower;WildTattooinePlants
3164,VEE_MoreSolarPower;WildTattooinePlants
3165,VEE_MoreSolarPower;WildTattooinePlants
3166,VEE_QuicksandDunes;VEE_QuicksandDunes;VEE_MoreSolarPower;WildTattooinePlants
3167,VEE_MoreSolarPower;WildTattooinePlants
3168,VEE_MoreSolarPower;WildTattooinePlants
3169,VEE_MineralDevoid;VEE_DeepOreDevoid;Dunes;VEE_MoreSolarPower;WildTattooinePlants
3170,VEE_MoreSolarPower
3171,Dunes;VEE_MoreSolarPower
3172,VEE_MoreSolarPower
3173,VEE_MoreSolarPower
3174,VEE_MoreSolarPower
3175,VEE_MoreSolarPower
3176,Mountain;MineralRich;AnimalLife_Increased;VEE_MoreSolarPower
3177,Mountain;Caves;VEE_MoreSolarPower
3178,Dunes;AncientRuins;VEE_MoreSolarPower
3179,VEE_MineralDevoid;VEE_DeepOreDevoid;Dunes;VEE_FloodPlains;SunnyMutator;VEE_MoreSolarPower
3180,Mountain;MineralRich;VEE_DryRiver;AnimalLife_Increased;VEE_MoreSolarPower
3181,Cliffs;VEE_MoreSolarPower;WildTattooinePlants
3182,Dunes;VEE_MoreSolarPower;WildTattooinePlants
3183,Dunes;VEE_MoreSolarPower;WildTattooinePlants
3184,VEE_MineralDevoid;VEE_DeepOreDevoid;Dunes;VEE_MoreSolarPower;WildTattooinePlants
3185,VEE_MoreSolarPower;WildTattooinePlants
3186,VEE_MoreSolarPower;WildTattooinePlants
3187,VEE_MoreSolarPower;WildTattooinePlants
3188,VEE_MoreSolarPower;WildTattooinePlants
3189,VEE_MoreSolarPower;WildTattooinePlants
3190,VEE_MoreSolarPower;WildTattooinePlants
3191,Mountain;VEE_MoreSolarPower
3192,AnimalLife_Increased;AncientRuins;VEE_MoreSolarPower
3193,VEE_MoreSolarPower
3194,VEE_MoreSolarPower
3195,AnimalLife_Increased;VEE_MoreSolarPower
3196,VEE_MoreSolarPower
3197,VEE_MoreSolarPower;WildTattooinePlants
3198,VEE_MoreSolarPower;WildTattooinePlants
3199,VEE_MoreSolarPower
3200,Dunes;VEE_MoreSolarPower
3201,Dunes;VEE_MoreSolarPower
3202,VEE_MineralDevoid;VEE_DeepOreDevoid;Dunes;VEE_MoreSolarPower
3203,Dunes;VEE_MoreSolarPower
3204,Dunes;VEE_MoreSolarPower
3205,VEE_MineralDevoid;VEE_DeepOreDevoid;Dunes;VEE_MoreSolarPower
3206,Dunes;VEE_MoreSolarPower;WildTattooinePlants
3207,Dunes;VEE_MoreSolarPower;WildTattooinePlants
3208,VEE_MineralDevoid;VEE_DeepOreDevoid;Dunes;VEE_MoreSolarPower;WildTattooinePlants
3209,Dunes;VEE_MoreSolarPower;WildTattooinePlants
3210,Dunes;VEE_MoreSolarPower;WildTattooinePlants
3211,VEE_MineralDevoid;VEE_DeepOreDevoid;Dunes;VEE_MoreSolarPower;WildTattooinePlants
3212,Mountain;VEE_MoreSolarPower
3213,Mountain;VEE_MoreSolarPower
3214,Mountain;VEE_RedDesert;VEE_RedDesertPlants;VEE_Cactus_Barrel;VEE_Cactus_Hedgehog;VEE_RedDesert;VEE_RedDesertPlants;VEE_Sandstorms;VEE_Cactus_Barrel;VEE_Cactus_Hedgehog;VEE_MoreSolarPower
3215,VEE_MoreSolarPower
3216,VEE_MoreSolarPower
3217,VEE_MoreSolarPower
3218,Mountain;MineralRich
3219,Mountain;Caves;MineralRich
3220,AncientRuins;MineralRich;Junkyard
3221,Coast
3222,AnimalLife_Increased;AnimalHabitat;Fish_Increased;AncientWarehouse;VEE_MineralDevoid;VEE_DeepOreDevoid;Archipelago
3223,Mountain
3224,Mountain;Coast
3225,Cavern
3226,Chasm;Coast
3227,Cavern
3228,Mountain
3230,VEE_MoreSolarPower
3231,VEE_MoreSolarPower
3232,Mountain
3234,MineralRich;VEE_MoreSolarPower
3238,Mountain;VEE_MoreSolarPower
3239,Dunes;VEE_MoreSolarPower;VEE_DryRiver
3240,Dunes;VEE_DryRiver;VEE_SaltPlains
3241,VEE_MineralDevoid;VEE_DeepOreDevoid;Dunes;VEE_MoreSolarPower
3242,Mountain
3243,Mountain
3244,Mountain
3245,Mountain
3247,Mountain
3248,VEE_LessSolarPower
3249,VEE_LessSolarPower
3250,VEE_LessSolarPower
3251,AncientChemfuelRefinery;VEE_LessSolarPower
3252,Caves;VEE_LessSolarPower
3253,VEE_LessSolarPower
3254,VEE_MineralDevoid;VEE_DeepOreDevoid
3256,VEE_LessSolarPower
3257,VEE_LessSolarPower
3259,VEE_LessSolarPower
3260,VEE_LessSolarPower
3261,VEE_LessSolarPower
3264,VEE_LessSolarPower
3269,VEE_MineralDevoid;VEE_DeepOreDevoid
3271,Mountain
3272,Oasis
3273,Mountain;Oasis
3274,Mountain;Oasis
3275,Mountain;Oasis
3276,Mountain;Oasis
3277,Oasis
3279,Mountain;Caves;MineralRich;VEE_DeepOreRich
3280,Oasis
3281,Oasis
3282,Mountain
3283,VEE_DryRiver
3285,VEE_DryRiver
3287,Mountain;Oasis;VEE_MoreSolarPower
3288,VEE_MoreSolarPower;River
3289,Mountain;VEE_MoreSolarPower
3290,Fish_Increased;VEE_MoreSolarPower;River
3291,VEE_FloodPlains;VEE_MoreSolarPower
3292,Marshy
3294,Fish_Increased;VEE_FloodPlains;VEE_MoreSolarPower
3296,Fish_Increased
3297,Fish_Increased
3298,Fish_Increased;AnimalLife_Increased
3299,Fish_Increased
3302,VEE_LessSolarPower
3303,VEE_LessSolarPower
3304,VEE_LessSolarPower
3305,VEE_LessSolarPower
3306,VEE_LessSolarPower
3307,Caves;VEE_LessSolarPower
3310,VEE_LessSolarPower
3311,VEE_LessSolarPower
3313,VEE_LessSolarPower
3314,VEE_LessSolarPower
3315,VEE_LessSolarPower
3316,VEE_LessSolarPower
3320,WindyMutator
3322,WindyMutator
3323,WindyMutator
3327,Valley
3328,VEE_SerpentineCanyons;Stockpile;Pollution_Increased
3329,Chasm
3330,Chasm;Caves
3331,Mountain;Caves
3333,Mountain
3334,Caves
3335,Caves
3336,Caves
3337,Caves
3339,Caves
3342,VEE_MeteorCrater
3344,VEE_LessSolarPower
3345,VEE_LessSolarPower
3346,VEE_LessSolarPower
3347,VEE_LessSolarPower
3348,VEE_LessSolarPower
3349,VEE_LessSolarPower
3350,Caves;VEE_LessSolarPower
3351,AncientWarehouse;VEE_LessSolarPower
3352,Caves;VEE_LessSolarPower
3353,VEE_LessSolarPower
3354,VEE_LessSolarPower
3355,VEE_LessSolarPower
3356,VEE_LessSolarPower
3357,VEE_LessSolarPower
3359,VEE_LessSolarPower
3386,Caves
3387,Caves
3388,Caves
3389,Caves
3390,AncientWarehouse
3391,Caves
3402,VEE_LessSolarPower
3403,VEE_LessSolarPower
3406,VEE_MineralDevoid;VEE_DeepOreDevoid
3412,Dunes
3423,VEE_MineralDevoid;VEE_DeepOreDevoid
3426,VEE_MineralDevoid;VEE_DeepOreDevoid
3430,VEE_MoreSolarPower
3431,VEE_MoreSolarPower
3432,VEE_MineralDevoid;VEE_DeepOreDevoid
3440,Dunes
3441,VEE_MineralDevoid;VEE_DeepOreDevoid
3442,Dunes
3444,VEE_MineralDevoid;VEE_DeepOreDevoid;Dunes
3445,Dunes
3446,Marshy;RiverDelta
3447,Marshy;AnimalLife_Increased;FoggyMutator;RiverDelta
3450,River
3451,Fish_Increased;VEE_FloodPlains
3458,VEE_MineralDevoid;VEE_DeepOreDevoid;Dunes;VEE_MoreSolarPower
3459,VEE_MoreSolarPower
3460,VEE_MoreSolarPower
3461,VEE_MoreSolarPower
3462,VEE_MoreSolarPower
3463,VEE_MoreSolarPower
3464,Mountain
3465,Mountain;AnimalLife_Increased
3466,Fish_Increased;VEE_FloodPlains;VEE_MoreSolarPower
3468,VEE_RottenStench;AB_LocustPlagues;InsectMegahive;Pond;VEE_FloodPlains;VEE_MoreSolarPower
3469,VEE_MoreSolarPower
3470,Muddy;VEE_RottenStench;InsectMegahive;VEE_FloodPlains;VEE_MoreSolarPower
3471,Marshy;InsectMegahive;VEE_RottenStench;VEE_MoreSolarPower
3472,AncientRuins;VEE_MoreSolarPower
3473,VEE_IncreasedInfestations;Pond;Fish_Increased;AnimalHabitat;VEE_ContaminatedRiver;VEE_MoreSolarPower
3474,AB_FeraliskNest;Pond;InsectMegahive;VEE_RotstinkVents;VEE_FloodPlains;VEE_MoreSolarPower
3475,Marshy;VEE_MoreSolarPower
3476,VEE_SaltPlains
3478,WindyMutator
3479,VEE_RisingWaters
3481,WildGalacticPlants;WindyMutator;VEE_RisingWaters
3482,VEE_SaltPlains
3483,VEE_SaltPlains
3484,VEE_SaltPlains
3485,VEE_SaltPlains
3486,VEE_SaltPlains
3487,VEE_SaltPlains
3493,WildPlants;VEE_SaltPlains;AncientWarehouse;CoastalIsland
3494,Fish_Increased
3496,Fish_Increased
3499,CoastalIsland
3500,Fish_Increased;AnimalLife_Increased
3502,WindyMutator
3504,WindyMutator;VEE_GravelBeach
3505,Fish_Increased;AnimalLife_Increased
3507,CoastalIsland
3510,WindyMutator;VEE_RisingWaters
3511,VEE_SaltPlains
3512,Caves;MineralRich;AncientRuins;AncientRuins
3513,Chasm;Caves;MineralRich
3514,Mountain;Caves;MineralRich;VEE_DeepOreRich
3515,Mountain;Caves;MineralRich;VEE_DeepOreRich
3516,Caves;MineralRich
3517,Caves;MineralRich
3519,Caves
3527,Caves;MineralRich
3528,Mountain;Caves;MineralRich;VEE_DeepOreRich
3530,AncientRuins;AncientRuins;VEE_LessSolarPower
3531,VEE_LessSolarPower
3532,VEE_LessSolarPower
3533,VEE_LessSolarPower
3534,VEE_LessSolarPower
3536,Caves
3538,VEE_LessSolarPower
3540,VEE_LessSolarPower
3541,VEE_LessSolarPower
3542,VEE_LessSolarPower
3543,VEE_LessSolarPower
3544,Caves;VEE_LessSolarPower
3545,AncientRuins_Frozen;AncientRuins_Frozen;VEE_LessSolarPower
3546,Caves;VEE_LessSolarPower
3548,VEE_LessSolarPower
3549,VEE_LessSolarPower
3550,VEE_LessSolarPower
3551,VEE_LessSolarPower
3552,VEE_LessSolarPower
3553,VEE_LessSolarPower
3556,VEE_LessSolarPower
3560,VEE_LessSolarPower
3561,VEE_LessSolarPower
3562,Caves
3563,Caves;VEE_LessSolarPower
3564,Caves
3565,Caves
3566,Caves
3568,VEE_LessSolarPower
3569,Caves
3570,Caves
3571,Caves
3572,VEE_MeteorCrater;VEE_LessSolarPower
3573,VEE_LessSolarPower
3574,VEE_LessSolarPower
3575,VEE_LessSolarPower
3576,VEE_LessSolarPower
3577,VEE_LessSolarPower
3578,VEE_LessSolarPower
3581,Caves;VEE_LessSolarPower
3582,Caves;VEE_LessSolarPower
3583,VEE_LessSolarPower
3589,Caves
3602,VEE_MineralDevoid;VEE_DeepOreDevoid
3609,Caves
3610,Caves
3614,Mountain;Caves
3618,Caves
3619,Caves
3620,Mountain;MineralRich;VEE_MoreSolarPower;WildTattooinePlants
3621,VEE_MoreSolarPower;WildTattooinePlants
3622,VEE_MoreSolarPower;WildTattooinePlants
3623,VEE_MoreSolarPower;WildTattooinePlants
3624,VEE_MoreSolarPower;WildTattooinePlants
3625,VEE_MoreSolarPower;WildTattooinePlants
3626,VEE_MoreSolarPower;WildTattooinePlants
3627,VEE_MineralDevoid;VEE_DeepOreDevoid;VEE_MoreSolarPower;WildTattooinePlants
3628,MineralRich;VEE_DeepOreRich;VEE_MoreSolarPower;WildTattooinePlants
3629,MineralRich;VEE_DryRiver;VEE_MoreSolarPower;WildTattooinePlants
3630,VEE_MoreSolarPower
3631,VEE_MoreSolarPower
3632,Cliffs;VEE_MoreSolarPower
3633,Fish_Increased;AnimalLife_Increased
3634,Fish_Increased
3635,Mountain;VEE_MoreSolarPower;Bay
3636,Fish_Increased
3637,Fish_Increased
3638,VEE_MoreSolarPower
3639,Marshy;VEE_MoreSolarPower
3640,VEE_SerpentineCanyons;Fish_Increased;VEE_DeepOreRich;VEE_MoreSolarPower;River
3641,Mountain;VEE_MoreSolarPower
3642,Oasis;AnimalLife_Increased;VEE_MoreSolarPower
3643,VEE_MoreSolarPower
3644,Fish_Decreased
3645,Fish_Decreased
3646,VEE_SulfuricLake;Fish_Decreased
3647,Fish_Decreased
3648,VEE_SulfuricLake;Fish_Decreased
3649,Fish_Decreased
3651,Fish_Increased
3652,SteamGeysers_Increased;Fish_Increased
3653,Cliffs;AB_GeothermalHotspots;VEE_ToxicVents;VEE_MoreSolarPower
3654,SteamGeysers_Increased;Fish_Increased
3655,Cliffs;Caves;AB_GeothermalHotspots;VEE_SmokeVents;VEE_MoreSolarPower;Bay
3666,AncientGarrison
3668,Dunes;VEE_MoreSolarPower
3669,VEE_MineralDevoid;VEE_DeepOreDevoid;Dunes;VEE_MoreSolarPower
3670,Dunes;VEE_MoreSolarPower
3671,Dunes;VEE_MoreSolarPower
3672,VEE_MineralDevoid;VEE_DeepOreDevoid;Dunes;VEE_MoreSolarPower
3673,Dunes;VEE_MoreSolarPower
3674,VEE_MoreSolarPower
3675,VEE_MoreSolarPower
3676,VEE_MoreSolarPower
3677,VEE_MoreSolarPower
3678,VEE_RedDesert;VEE_RedDesertPlants;VEE_Cactus_Barrel;VEE_Cactus_Hedgehog;VEE_RedDesert;VEE_RedDesertPlants;VEE_Sandstorms;VEE_Cactus_Barrel;VEE_Cactus_Hedgehog;VEE_MoreSolarPower
3679,VEE_MoreSolarPower
3680,VEE_MoreSolarPower
3681,VEE_MoreSolarPower
3683,VEE_MoreSolarPower
3685,Dunes
3687,VEE_MineralDevoid;VEE_DeepOreDevoid;Dunes
3688,Dunes;Dunes
3693,VEE_MineralDevoid;VEE_DeepOreDevoid
3696,VEE_MineralDevoid;VEE_DeepOreDevoid
3701,ToxicLake
3704,Mountain;VEE_LessSolarPower
3705,Mountain;VEE_LessSolarPower
3706,VEE_LessSolarPower
3707,VEE_LessSolarPower
3708,VEE_LessSolarPower
3709,VEE_LessSolarPower
3710,VEE_LessSolarPower
3711,VEE_LessSolarPower
3712,Caves;VEE_LessSolarPower
3713,VEE_LessSolarPower
3714,VEE_LessSolarPower
3715,VEE_LessSolarPower
3716,VEE_MineralDevoid;VEE_DeepOreDevoid;VEE_LessSolarPower
3717,VEE_LessSolarPower
3719,VEE_LessSolarPower
3721,VEE_MineralDevoid;VEE_DeepOreDevoid
3725,VEE_MineralDevoid;VEE_DeepOreDevoid
3728,VEE_MineralDevoid;VEE_DeepOreDevoid
3730,Caves
3732,Caves
3736,AncientRuins;AncientRuins
3741,VEE_MineralDevoid;VEE_DeepOreDevoid
3746,VEE_Sinkholes
3747,VEE_MineralDevoid;VEE_DeepOreDevoid;VEE_Sinkholes
3748,VEE_Sinkholes
3749,VEE_Sinkholes
3750,VEE_Sinkholes
3751,VEE_Sinkholes
3754,VEE_MineralDevoid;VEE_DeepOreDevoid
3762,VEE_LessSolarPower
3763,VEE_LessSolarPower
3771,VEE_MineralDevoid;VEE_DeepOreDevoid
3774,VEE_MineralDevoid;VEE_DeepOreDevoid
3777,VEE_MineralDevoid;VEE_DeepOreDevoid
3781,VEE_MineralDevoid;VEE_DeepOreDevoid
3783,DryLake
3790,VEE_MoreSolarPower
3791,VEE_MoreSolarPower
3794,VEE_MineralDevoid;VEE_DeepOreDevoid
3797,VEE_MineralDevoid;VEE_DeepOreDevoid;Dunes
3798,Dunes
3799,Dunes
3800,VEE_MineralDevoid;VEE_DeepOreDevoid
3806,VEE_MineralDevoid;VEE_DeepOreDevoid
3816,VEE_MineralDevoid;VEE_DeepOreDevoid
3818,Dunes;VEE_MoreSolarPower
3819,Dunes;VEE_MoreSolarPower
3820,VEE_MineralDevoid;VEE_DeepOreDevoid;VEE_MoreSolarPower
3821,Dunes;VEE_MoreSolarPower
3822,Dunes;VEE_MoreSolarPower
3823,VEE_MineralDevoid;VEE_DeepOreDevoid;Dunes;VEE_MoreSolarPower
3826,Mountain;MineralRich;VEE_MoreSolarPower
3828,VEE_MoreSolarPower
3829,VEE_MoreSolarPower
3830,VEE_MoreSolarPower
3831,VEE_MoreSolarPower
3832,VEE_MoreSolarPower
3833,Dunes;VEE_MoreSolarPower
3834,VEE_MoreSolarPower
3835,Dunes;VEE_MoreSolarPower
3836,Chasm
3837,Mountain
3839,DryGround
3845,VEE_SaltPlains
3846,DryGround
3847,DryGround
3848,VEE_MineralDevoid;VEE_DeepOreDevoid;VEE_DryRiver;VEE_SaltPlains
3851,VEE_MineralDevoid;VEE_DeepOreDevoid
3855,AnimalHabitat;Fish_Increased
3856,AnimalHabitat;Fish_Increased
3858,AnimalHabitat;Fish_Increased
3865,Mountain
3868,VEE_MineralDevoid;VEE_DeepOreDevoid
3869,Coast
3870,Junkyard
3871,Junkyard;VEE_MineralDevoid;VEE_DeepOreDevoid;VEE_RisingWaters;Coast
3873,Caves
3875,VEE_LessSolarPower
3878,Caves;VEE_LessSolarPower
3879,VEE_LessSolarPower
3881,VEE_LessSolarPower
3882,VEE_LessSolarPower
3883,VEE_LessSolarPower
3886,VEE_LessSolarPower
3888,VEE_LessSolarPower
3889,Mountain;VEE_LessSolarPower
3890,VEE_LessSolarPower
3895,VEE_LessSolarPower
3896,VEE_LessSolarPower
3897,VEE_LessSolarPower
3898,VEE_LessSolarPower
3901,VEE_LessSolarPower
3902,Caves;VEE_LessSolarPower
3904,VEE_LessSolarPower
3905,VEE_LessSolarPower
3906,VEE_LessSolarPower
3907,VEE_LessSolarPower
3915,VEE_Cenotes;VEE_Cenotes
3916,AncientRuins;AncientRuins
3920,Caves
3921,Caves
3922,Caves
3923,Caves
3924,AncientRuins;AncientRuins
3926,Caves;VEE_LessSolarPower
3927,Caves;VEE_LessSolarPower
3928,VEE_LessSolarPower
3929,Caves;VEE_LessSolarPower
3930,Caves;VEE_LessSolarPower
3931,VEE_LessSolarPower
3932,VEE_LessSolarPower
3933,VEE_LessSolarPower
3934,VEE_LessSolarPower
3935,VEE_LessSolarPower
3936,VEE_LessSolarPower
3937,VEE_LessSolarPower
3940,VEE_LessSolarPower
3941,VEE_LessSolarPower
3942,VEE_LessSolarPower
3944,Dunes
3945,VEE_MineralDevoid;VEE_DeepOreDevoid;Dunes
3946,Dunes
3948,Dunes
3949,VEE_MineralDevoid;VEE_DeepOreDevoid;Dunes
3950,Dunes
3952,VEE_MineralDevoid;VEE_DeepOreDevoid
3953,Dunes
3954,Dunes
3955,VEE_MineralDevoid;VEE_DeepOreDevoid
3956,AnimalLife_Increased;VEE_MoreSolarPower
3957,VEE_StagnantRivulet;Fish_Increased;VEE_MoreSolarPower;River
3958,VEE_SerpentineCanyons;VEE_MoreSolarPower;River
3959,Mountain;VEE_MoreSolarPower
3960,Fish_Increased;VEE_MoreSolarPower;RiverIsland
3961,Marshy;VEE_MoreSolarPower
3962,VEE_MoreSolarPower
3963,VEE_MoreSolarPower
3964,VEE_MoreSolarPower
3965,VEE_MoreSolarPower
3966,VEE_MoreSolarPower
3967,VEE_MineralDevoid;VEE_DeepOreDevoid;VEE_MoreSolarPower
3974,Cavern;Cliffs;AnimalLife_Increased;VEE_MoreSolarPower
3975,Mountain;Caves;VEE_MoreSolarPower
3976,Mountain;MineralRich
3977,Mountain;MineralRich;VEE_DeepOreRich
3978,Mountain;Caves;MineralRich
3979,Cliffs;VEE_MoreSolarPower
3980,Dunes;VEE_MoreSolarPower;WildTattooinePlants
3981,VEE_MoreSolarPower;WildTattooinePlants
3982,Dunes;VEE_MoreSolarPower;WildTattooinePlants
3983,VEE_MineralDevoid;VEE_DeepOreDevoid;Dunes;VEE_MoreSolarPower;WildTattooinePlants
3984,VEE_MoreSolarPower;WildTattooinePlants
3985,Dunes;VEE_MoreSolarPower;WildTattooinePlants
3986,VEE_MoreSolarPower;WildTattooinePlants
3987,VEE_MoreSolarPower;WildTattooinePlants
3988,VEE_MoreSolarPower;WildTattooinePlants
3989,Dunes;VEE_MoreSolarPower;WildTattooinePlants
3990,VEE_MineralDevoid;VEE_DeepOreDevoid;Dunes;VEE_MoreSolarPower;WildTattooinePlants
3991,VEE_MoreSolarPower;WildTattooinePlants
3992,AB_AmbientRadiation;AncientHeatVent;VEE_MechanoidShipChunks;VEE_SulfuricLake;VEE_ToxicVents;VEE_MoreSolarPower
3993,AB_AmbientRadiation;AB_AncientGreyPallVent;AB_DerelictClusters;AncientRuins;MineralRich;VEE_ToxicVents;VEE_MoreSolarPower
3994,AB_AmbientRadiation;AB_DerelictClusters;VEE_MoreSolarPower
3995,AB_AmbientRadiation;AncientHeatVent;VEE_MechanoidShipChunks;VEE_SulfuricLake;VEE_MoreSolarPower
3996,AB_DerelictClusters;AncientHeatVent;AncientUplink;VEE_MoreSolarPower
3997,AB_DerelictClusters;AncientHeatVent;AncientRuins;MineralRich;VEE_MechanoidShipChunks;VEE_MoreSolarPower
3998,VEE_MoreSolarPower;WildTattooinePlants
3999,VEE_MoreSolarPower;WildTattooinePlants
4000,AncientLaunchSite;VEE_MoreSolarPower
4001,Junkyard;VEE_MechanoidShipChunks;VEE_MoreSolarPower
4002,VEE_MoreSolarPower
4003,VEE_MoreSolarPower;WildTattooinePlants
4004,VEE_MoreSolarPower;WildTattooinePlants
4005,VEE_MoreSolarPower;WildTattooinePlants
4006,VEE_MoreSolarPower;WildTattooinePlants
4007,Dunes;VEE_MoreSolarPower;WildTattooinePlants
4008,Dunes;VEE_MoreSolarPower;WildTattooinePlants
4009,VEE_MineralDevoid;VEE_DeepOreDevoid;Dunes;VEE_MoreSolarPower;WildTattooinePlants
4010,Mountain;VEE_MoreSolarPower;WildTattooinePlants
4011,Mountain;VEE_MoreSolarPower;WildTattooinePlants
4012,VEE_MoreSolarPower;WildTattooinePlants
4013,VEE_MoreSolarPower;WildTattooinePlants
4014,Valley;MineralRich;VEE_MoreSolarPower;WildTattooinePlants
4015,Mountain;MineralRich;VEE_DeepOreRich;VEE_MoreSolarPower;WildTattooinePlants
4017,VEE_SaltPlains
4018,VEE_SaltPlains
4020,VEE_DustBowl
4022,VEE_MineralDevoid;VEE_DeepOreDevoid;VEE_RisingWaters;Coast
4024,Coast
4027,Caves;Coast
4031,CoastalIsland
4033,AnimalHabitat;Fish_Increased;CoastalIsland
4035,Junkyard;VEE_MineralDevoid;VEE_DeepOreDevoid;Archipelago
4037,AnimalHabitat;Fish_Increased
4038,Junkyard;Stockpile;VEE_MineralDevoid;VEE_DeepOreDevoid;Coast
4040,AnimalHabitat;Fish_Increased;WindyMutator
4041,AnimalHabitat;Fish_Increased;VEE_DeepSnow;WindyMutator
4043,Coast
4045,VEE_MineralDevoid;VEE_DeepOreDevoid;Archipelago
4046,AnimalHabitat;Fish_Increased
4047,WindyMutator;Archipelago
4048,AnimalHabitat;Fish_Increased;IceDunes;WindyMutator
4051,AnimalHabitat;Fish_Increased;WindyMutator;Iceberg
4052,VEE_MineralDevoid;VEE_DeepOreDevoid
4055,VEE_MineralDevoid;VEE_DeepOreDevoid
4058,VEE_MineralDevoid;VEE_DeepOreDevoid
4061,VEE_MineralDevoid;VEE_DeepOreDevoid
4070,VEE_MineralDevoid;VEE_DeepOreDevoid
4073,VEE_MineralDevoid;VEE_DeepOreDevoid
4076,VEE_MineralDevoid;VEE_DeepOreDevoid;VEE_SaltPlains
4079,VEE_MineralDevoid;VEE_DeepOreDevoid
4082,VEE_Mycelium;AB_MoldyEnvironment
4083,VEE_Mycelium;AB_MoldyEnvironment
4089,VEE_Mycelium;AB_MoldyEnvironment
4091,VEE_Mycelium;AB_MoldyEnvironment
4092,VEE_Mycelium;AB_MoldyEnvironment
4093,VEE_Mycelium;AB_MoldyEnvironment
4094,VEE_Mycelium;AB_MoldyEnvironment
4095,VEE_Mycelium
4096,VEE_Mycelium;AB_MoldyEnvironment
4097,VEE_Mycelium
4098,VEE_Mycelium
4099,VEE_Mycelium
4100,VEE_Mycelium
4101,VEE_Mycelium
4102,VEE_Mycelium
4103,VEE_Mycelium
4104,VEE_Mycelium
4105,VEE_Mycelium
4106,VEE_Mycelium
4107,VEE_Mycelium
4108,VEE_Mycelium
4112,VEE_Sinkholes
4113,VEE_Sinkholes
4114,VEE_Sinkholes
4115,VEE_Sinkholes
4116,VEE_Sinkholes
4117,VEE_Sinkholes
4121,VEE_MineralDevoid;VEE_DeepOreDevoid
4143,Mountain;AB_MagmaVents
4144,Cliffs
4145,VEE_SaltPlains
4146,VEE_SaltPlains
4147,DryGround
4148,DryGround
4150,DryGround
4155,DryGround
4159,VEE_MineralDevoid;VEE_DeepOreDevoid
4160,Mountain
4161,DryGround;VEE_SulfuricLake
4162,Mountain
4163,Mountain
4164,VEE_SaltPlains
4165,Chasm
4166,DryGround
4167,DryGround
4168,VEE_SaltPlains
4169,DryGround
4172,VEE_LessSolarPower
4173,VEE_LessSolarPower
4174,VEE_LessSolarPower
4175,Caves;VEE_LessSolarPower
4176,VEE_LessSolarPower
4177,VEE_LessSolarPower
4178,VEE_LessSolarPower
4179,VEE_LessSolarPower
4180,VEE_LessSolarPower
4181,VEE_LessSolarPower
4182,VEE_LessSolarPower
4183,VEE_LessSolarPower
4184,UndergroundCave;VEE_LessSolarPower
4185,UndergroundCave;VEE_LessSolarPower
4186,UndergroundCave;VEE_LessSolarPower
4187,UndergroundCave;VEE_LessSolarPower
4188,Cavern;MineralRich;VEE_LessSolarPower;AB_FeraliskNest
4189,VEE_LessSolarPower
4190,VEE_LessSolarPower
4191,VEE_LessSolarPower
4192,VEE_LessSolarPower
4193,VEE_LessSolarPower
4194,VEE_LessSolarPower
4195,VEE_LessSolarPower
4197,Caves;VEE_LessSolarPower
4198,Caves
4200,Caves
4202,VEE_LessSolarPower
4204,VEE_LessSolarPower
4207,VEE_LessSolarPower
4208,VEE_LessSolarPower
4209,VEE_LessSolarPower
4210,VEE_LessSolarPower
4211,Cavern
4212,Mountain
4213,Mountain
4214,Mountain
4216,Mountain
4217,Mountain;VEE_LessSolarPower
4218,Cliffs;Caves;MineralRich;VEE_DeepOreRich;VEE_LessSolarPower
4220,Caves;VEE_LessSolarPower
4221,Caves;VEE_LessSolarPower
4222,VEE_LessSolarPower
4223,VEE_LessSolarPower
4224,VEE_LessSolarPower
4225,Caves;VEE_LessSolarPower
4226,VEE_LessSolarPower
4227,VEE_LessSolarPower
4228,VEE_LessSolarPower
4229,VEE_LessSolarPower
4230,VEE_LessSolarPower
4231,Caves;VEE_LessSolarPower
4232,VEE_MineralDevoid;VEE_DeepOreDevoid;Dunes;VEE_MoreSolarPower;WildTattooinePlants
4233,Dunes;VEE_MoreSolarPower;WildTattooinePlants
4234,Dunes;VEE_MoreSolarPower;WildTattooinePlants
4235,VEE_MineralDevoid;VEE_DeepOreDevoid;Dunes;VEE_MoreSolarPower;WildTattooinePlants
4236,Dunes;VEE_MoreSolarPower;WildTattooinePlants
4237,Dunes;VEE_MoreSolarPower;WildTattooinePlants
4238,VEE_MineralDevoid;VEE_DeepOreDevoid;Dunes;VEE_MoreSolarPower;WildTattooinePlants
4239,Dunes;VEE_MoreSolarPower;WildTattooinePlants
4240,Dunes;VEE_MoreSolarPower;WildTattooinePlants
4241,VEE_MineralDevoid;VEE_DeepOreDevoid;Dunes;VEE_MoreSolarPower;WildTattooinePlants
4242,Dunes;VEE_MoreSolarPower;WildTattooinePlants
4243,Dunes;VEE_MoreSolarPower;WildTattooinePlants
4244,VEE_MineralDevoid;VEE_DeepOreDevoid;Dunes;VEE_MoreSolarPower;WildTattooinePlants
4245,Dunes;VEE_MoreSolarPower;WildTattooinePlants
4246,Dunes;VEE_MoreSolarPower;WildTattooinePlants
4247,VEE_MoreSolarPower;WildTattooinePlants
4248,VEE_MoreSolarPower;WildTattooinePlants
4249,VEE_MineralDevoid;VEE_DeepOreDevoid;Dunes;VEE_MoreSolarPower;WildTattooinePlants
4250,Dunes;VEE_MoreSolarPower;WildTattooinePlants
4251,Dunes;VEE_MoreSolarPower;WildTattooinePlants
4252,VEE_MineralDevoid;VEE_DeepOreDevoid;Dunes;VEE_MoreSolarPower;WildTattooinePlants
4253,VEE_MoreSolarPower;WildTattooinePlants
4254,VEE_MoreSolarPower;WildTattooinePlants
4255,VEE_SaltPlains;VEE_MoreSolarPower;WildTattooinePlants
4256,Dunes;VEE_MoreSolarPower;WildTattooinePlants
4257,Dunes;VEE_MoreSolarPower;WildTattooinePlants
4258,VEE_MineralDevoid;VEE_DeepOreDevoid;Dunes;VEE_MoreSolarPower;WildTattooinePlants
4259,Dunes;VEE_MoreSolarPower;WildTattooinePlants
4260,Dunes;VEE_MoreSolarPower;WildTattooinePlants
4261,VEE_MineralDevoid;VEE_DeepOreDevoid;Dunes;VEE_MoreSolarPower;WildTattooinePlants
4262,VEE_MoreSolarPower
4263,Dunes;VEE_MoreSolarPower;WildTattooinePlants
4264,VEE_MoreSolarPower;WildTattooinePlants
4265,VEE_MoreSolarPower;WildTattooinePlants
4266,VEE_MoreSolarPower;WildTattooinePlants
4267,VEE_MoreSolarPower
4268,VEE_FloodPlains;VEE_MoreSolarPower
4269,Marshy;VEE_MoreSolarPower
4270,AnimalLife_Increased;AncientRuins;VEE_MoreSolarPower
4271,Fish_Increased;VEE_MoreSolarPower;River
4272,VEE_FloodPlains;VEE_MoreSolarPower
4273,VEE_MoreSolarPower
4274,VEE_MoreSolarPower
4275,VEE_MoreSolarPower;WildTattooinePlants
4276,VEE_MoreSolarPower;WildTattooinePlants
4277,VEE_MoreSolarPower;WildTattooinePlants
4278,Dunes;VEE_MoreSolarPower;WildTattooinePlants
4279,VEE_MineralDevoid;VEE_DeepOreDevoid;Dunes;VEE_MoreSolarPower;WildTattooinePlants
4280,Dunes;VEE_MoreSolarPower;WildTattooinePlants
4281,Dunes;VEE_MoreSolarPower;WildTattooinePlants
4282,VEE_MineralDevoid;VEE_DeepOreDevoid;Dunes;VEE_MoreSolarPower;WildTattooinePlants
4283,Dunes;VEE_MoreSolarPower;WildTattooinePlants
4284,Dunes;VEE_MoreSolarPower;WildTattooinePlants
4285,VEE_MineralDevoid;VEE_DeepOreDevoid;Dunes;VEE_MoreSolarPower;WildTattooinePlants
4286,VEE_MoreSolarPower;WildTattooinePlants
4287,VEE_MoreSolarPower;WildTattooinePlants
4288,Dunes;VEE_MoreSolarPower;WildTattooinePlants
4289,Dunes;VEE_MoreSolarPower;WildTattooinePlants
4290,VEE_MineralDevoid;VEE_DeepOreDevoid;Dunes;VEE_MoreSolarPower;WildTattooinePlants
4291,Dunes;VEE_MoreSolarPower;WildTattooinePlants
4293,Dunes;Dunes;VEE_MoreSolarPower
4294,VEE_MoreSolarPower
4295,VEE_MoreSolarPower
4296,VEE_MoreSolarPower
4298,Cliffs;MineralRich
4299,Cliffs
4300,Cliffs
4301,Cliffs
4302,Mountain;Caves
4303,Cavern;AncientQuarry;AncientQuarry;MineralRich
4310,Mountain;AncientQuarry;MineralRich;VEE_DeepOreRich;AncientRuins
4311,Mountain;MineralRich
4312,Mountain;AncientQuarry;MineralRich;VEE_DeepOreRich;AncientWarehouse
4313,Mountain;MineralRich
4314,Mountain;AncientQuarry;MineralRich
4315,MineralRich;VEE_DeepOreRich;AncientRuins
4318,VEE_MoreSolarPower
4319,VEE_MoreSolarPower
4320,Mountain;VEE_MoreSolarPower
4321,Mountain;Oasis;VEE_MoreSolarPower
4328,VEE_MineralDevoid;VEE_DeepOreDevoid
4329,VEE_LessSolarPower
4330,VEE_LessSolarPower
4331,DryLake;VEE_LessSolarPower
4332,VEE_LessSolarPower
4336,VEE_MineralDevoid;VEE_DeepOreDevoid;VEE_LessSolarPower
4337,VEE_LessSolarPower
4338,VEE_LessSolarPower
4339,VEE_LessSolarPower
4347,VEE_MineralDevoid;VEE_DeepOreDevoid
4350,VEE_MineralDevoid;VEE_DeepOreDevoid
4352,Cavern
4353,Mountain;Oasis
4354,Mountain;Oasis
4356,Cliffs;MineralRich;VEE_DeepOreRich;AnimalLife_Increased
4357,Cliffs;VEE_DryRiver
4358,Cliffs;AnimalLife_Increased
4359,River
4360,Mountain
4361,Mountain
4364,AnimalLife_Increased
4365,VEE_DryRiver
4366,VEE_MoreSolarPower;River
4367,Cliffs;Oasis;VEE_MoreSolarPower
4368,Fish_Increased
4369,Mountain;Oasis;VEE_MoreSolarPower
4372,Oasis
4373,Mountain;Oasis
4376,Oasis;VEE_MoreSolarPower
4377,Fish_Increased;River
4378,VEE_DryRiver;Fish_Increased
4379,Marshy;VEE_FloodPlains;VEE_MoreSolarPower
4380,Fish_Increased;VEE_MoreSolarPower
4381,Marshy;VEE_MoreSolarPower
4383,VEE_LessSolarPower
4384,VEE_LessSolarPower
4385,VEE_LessSolarPower
4386,VEE_LessSolarPower
4390,VEE_LessSolarPower
4391,VEE_LessSolarPower
4392,VEE_LessSolarPower
4393,VEE_LessSolarPower
4399,Mountain
4404,WindyMutator
4405,Mountain
4407,WindyMutator
4409,WindyMutator
4413,Caves
4414,Caves
4418,VEE_LessSolarPower
4419,Caves;VEE_LessSolarPower
4420,VEE_LessSolarPower
4421,VEE_LessSolarPower
4422,VEE_LessSolarPower
4423,VEE_LessSolarPower
4424,VEE_LessSolarPower
4425,VEE_LessSolarPower
4426,VEE_LessSolarPower
4427,VEE_LessSolarPower
4428,VEE_LessSolarPower
4429,VEE_LessSolarPower
4430,VEE_LessSolarPower
4431,VEE_LessSolarPower
4432,VEE_LessSolarPower
4433,VEE_LessSolarPower
4434,VEE_LessSolarPower
4435,VEE_LessSolarPower
4443,Caves
4444,Caves
4449,Caves
4453,Caves
4458,Caves
4468,Caves
4474,Caves
4489,VEE_RottenStench;VEE_SulfuricLake;PlantLife_Increased;VEE_RottenStench
4506,VEE_MineralDevoid;VEE_DeepOreDevoid
4515,VEE_RottenStench;VEE_SulfuricLake;PlantLife_Increased;VEE_RottenStench
4523,VEE_MineralDevoid;VEE_DeepOreDevoid
4524,Marshy
4526,Fish_Increased;VEE_FloodPlains
4527,Mountain
4528,Fish_Increased;VEE_FloodPlains
4530,Caves
4534,VEE_MineralDevoid;VEE_DeepOreDevoid
4537,VEE_MineralDevoid;VEE_DeepOreDevoid
4538,VEE_MoreSolarPower
4539,VEE_MoreSolarPower
4540,VEE_MoreSolarPower
4541,VEE_MoreSolarPower
4542,VEE_MoreSolarPower
4543,VEE_MoreSolarPower
4544,Marshy;VEE_MoreSolarPower
4545,Marshy;AB_FeraliskNest;VEE_RottenStench;AB_LocustPlagues;VEE_StagnantRivulet;VEE_MoreSolarPower
4546,Marshy;VEE_FloodPlains;VEE_MoreSolarPower
4547,Marshy;AB_LocustPlagues;VEE_IncreasedDiseases;VEE_FloodPlains;VEE_MoreSolarPower
4548,Marshy;AB_LocustPlagues;VEE_StagnantRivulet;ToxicLake;AnimalLife_Increased;VEE_MoreSolarPower
4549,VEE_IncreasedInfestations;ToxicLake;AB_BumbledroneNests;Pond;VEE_MoreSolarPower
4550,VEE_MoreSolarPower
4551,VEE_MineralDevoid;VEE_DeepOreDevoid;Dunes;VEE_MoreSolarPower
4552,Dunes;VEE_MoreSolarPower
4553,VEE_MoreSolarPower
4554,VEE_MoreSolarPower
4555,VEE_MineralDevoid;VEE_DeepOreDevoid;Dunes;VEE_MoreSolarPower
4558,VEE_SaltPlains
4565,VEE_SaltPlains
4566,WindyMutator;VEE_RisingWaters
4567,VEE_SaltPlains
4569,CoastalIsland
4571,VEE_SaltPlains;WindyMutator;AncientRuins;CoastalAtoll
4589,Fish_Increased;VEE_MarineSanctuary
4591,Fish_Increased;VEE_MarineSanctuary
4594,Caves;MineralRich
4601,Caves
4602,Caves
4608,Caves
4609,Caves;MineralRich
4610,VEE_LessSolarPower
4611,VEE_LessSolarPower
4612,VEE_LessSolarPower
4613,VEE_LessSolarPower
4614,VEE_LessSolarPower
4615,VEE_LessSolarPower
4616,VEE_LessSolarPower
4617,VEE_LessSolarPower
4618,Caves;VEE_LessSolarPower
4619,VEE_LessSolarPower
4620,Caves;VEE_LessSolarPower
4621,VEE_LessSolarPower
4622,VEE_LessSolarPower
4623,AncientRuins;AncientRuins;VEE_LessSolarPower
4624,VEE_LessSolarPower
4625,VEE_LessSolarPower
4626,Caves;VEE_LessSolarPower
4627,VEE_LessSolarPower
4628,VEE_LessSolarPower
4629,VEE_LessSolarPower
4631,VEE_LessSolarPower
4632,Caves;VEE_LessSolarPower
4633,VEE_LessSolarPower
4634,VEE_LessSolarPower
4636,VEE_LessSolarPower
4640,Caves;VEE_LessSolarPower
4641,Caves;VEE_LessSolarPower
4642,Mountain;Caves
4643,Caves
4644,Caves
4645,Caves
4648,Caves
4649,Caves
4650,Caves;VEE_LessSolarPower
4652,VEE_LessSolarPower
4653,VEE_LessSolarPower
4654,VEE_LessSolarPower
4655,Caves;VEE_LessSolarPower
4656,VEE_LessSolarPower
4657,VEE_LessSolarPower
4658,Caves
4660,VEE_LessSolarPower
4661,VEE_LessSolarPower
4663,VEE_LessSolarPower
4671,VEE_MineralDevoid;VEE_DeepOreDevoid
4677,VEE_MineralDevoid;VEE_DeepOreDevoid
4686,Oasis
4687,VEE_MineralDevoid;VEE_DeepOreDevoid
4700,VEE_MoreSolarPower
4701,MineralRich;VEE_MoreSolarPower
4702,VEE_MoreSolarPower;WildTattooinePlants
4703,VEE_MoreSolarPower;WildTattooinePlants
4704,VEE_QuicksandDunes;VEE_QuicksandDunes;VEE_MoreSolarPower;WildTattooinePlants
4705,VEE_MoreSolarPower;WildTattooinePlants
4706,VEE_MoreSolarPower
4707,Mountain;VEE_MoreSolarPower
4708,VEE_MoreSolarPower
4709,VEE_FloodPlains;VEE_MoreSolarPower
4710,Fish_Increased;VEE_MoreSolarPower;River
4711,Mountain;VEE_MoreSolarPower
4712,Fish_Increased
4713,Fish_Increased
4716,Fish_Decreased
4718,VEE_MoreSolarPower
4719,VEE_MoreSolarPower;WildTattooinePlants
4720,Cliffs;VEE_MoreSolarPower
4721,Mountain;VEE_MoreSolarPower
4722,Oasis;AnimalLife_Increased;VEE_MoreSolarPower
4723,Cliffs;VEE_MoreSolarPower;RiverDelta
4725,Fish_Increased
4726,Fish_Decreased
4727,Fish_Decreased
4729,Fish_Increased
4730,Cliffs;MineralRich;VEE_MoreSolarPower;Bay
4731,Mountain;MineralRich;VEE_MoreSolarPower
4732,Mountain;MineralRich;VEE_DeepOreRich;VEE_MoreSolarPower
4733,Mountain;MineralRich;VEE_DeepOreRich;VEE_MoreSolarPower
4734,Cliffs;MineralRich;VEE_MoreSolarPower
4735,Mountain;MineralRich;VEE_DeepOreRich;VEE_MoreSolarPower
4736,VEE_MoreSolarPower
4737,VEE_MoreSolarPower
4738,VEE_MoreSolarPower
4739,Dunes;VEE_MoreSolarPower
4740,VEE_MineralDevoid;VEE_DeepOreDevoid;Dunes;VEE_MoreSolarPower
4741,VEE_MoreSolarPower
4748,VEE_MoreSolarPower
4749,VEE_MoreSolarPower
4750,Dunes;VEE_MoreSolarPower
4751,VEE_MoreSolarPower
4752,VEE_MoreSolarPower
4753,VEE_MoreSolarPower
4754,VEE_MoreSolarPower
4755,VEE_MoreSolarPower
4756,VEE_MoreSolarPower
4757,VEE_PebbleDunes;VEE_PebbleDunes;VEE_MoreSolarPower
4758,VEE_MineralDevoid;VEE_DeepOreDevoid;Dunes;VEE_MoreSolarPower
4759,Dunes;VEE_MoreSolarPower
4764,Dunes
4765,VEE_MineralDevoid;VEE_DeepOreDevoid;Dunes
4770,VEE_PebbleDunes;VEE_PebbleDunes
4774,VEE_MineralDevoid;VEE_DeepOreDevoid
4778,TerraformingScar;VEE_LessSolarPower
4779,VEE_LessSolarPower
4780,VEE_LessSolarPower
4781,Mountain;VEE_LessSolarPower
4782,Mountain;VEE_LessSolarPower
4783,VEE_LessSolarPower
4784,VEE_LessSolarPower
4785,VEE_LessSolarPower
4786,VEE_LessSolarPower
4787,VEE_LessSolarPower
4788,VEE_LessSolarPower
4789,VEE_LessSolarPower
4790,VEE_LessSolarPower
4791,VEE_LessSolarPower
4792,VEE_MineralDevoid;VEE_DeepOreDevoid;ToxicLake;VEE_LessSolarPower
4793,VEE_LessSolarPower
4794,VEE_LessSolarPower
4795,VEE_LessSolarPower
4802,Mountain
4803,Mountain
4804,VEE_MineralDevoid;VEE_DeepOreDevoid
4825,VEE_MineralDevoid;VEE_DeepOreDevoid;VEE_DustBowl;VEE_PlantLife_Decimated;VEE_Fertility_Reduced;VEE_DustStorms
4837,VEE_MineralDevoid;VEE_DeepOreDevoid
4845,VEE_MineralDevoid;VEE_DeepOreDevoid
4850,VEE_MineralDevoid;VEE_DeepOreDevoid
4854,VEE_MineralDevoid;VEE_DeepOreDevoid
4867,VEE_MineralDevoid;VEE_DeepOreDevoid
4872,VEE_MineralDevoid;VEE_DeepOreDevoid
4875,VEE_MineralDevoid;VEE_DeepOreDevoid
4878,VEE_MineralDevoid;VEE_DeepOreDevoid
4887,VEE_MineralDevoid;VEE_DeepOreDevoid
4892,VEE_MineralDevoid;VEE_DeepOreDevoid
4898,VEE_MoreSolarPower
4899,VEE_MoreSolarPower
4900,VEE_MoreSolarPower
4901,VEE_MoreSolarPower
4902,VEE_MoreSolarPower
4903,VEE_MineralDevoid;VEE_DeepOreDevoid;Dunes;VEE_MoreSolarPower
4904,VEE_MoreSolarPower
4905,VEE_MoreSolarPower
4906,VEE_MoreSolarPower
4907,VEE_MoreSolarPower
4908,VEE_MoreSolarPower
4909,VEE_MoreSolarPower
4910,VEE_MoreSolarPower
4911,VEE_MoreSolarPower
4912,VEE_MoreSolarPower
4913,VEE_MoreSolarPower
4914,VEE_MoreSolarPower
4915,VEE_MoreSolarPower
4916,VEE_SaltPlains;AncientHeatVent
4917,Chasm
4918,DryGround
4919,VEE_MineralDevoid;VEE_DeepOreDevoid
4920,Cliffs
4921,Cliffs
4922,VEE_SaltPlains
4923,DryGround
4924,DryGround;VEE_SulfuricLake
4926,DryGround
4929,VEE_MineralDevoid;VEE_DeepOreDevoid
4932,VEE_MineralDevoid;VEE_DeepOreDevoid
4935,VEE_MineralDevoid;VEE_DeepOreDevoid
4938,VEE_MineralDevoid;VEE_DeepOreDevoid
4940,DryGround
4941,VEE_SaltPlains
4944,VEE_MineralDevoid;VEE_DeepOreDevoid
4945,DryGround
4946,DryGround
4949,VEE_SaltPlains
4950,VEE_SaltPlains
4951,VEE_SaltPlains;Junkyard;Stockpile;VEE_MineralDevoid;VEE_DeepOreDevoid;VEE_RisingWaters;Coast
4952,VEE_LessSolarPower
4953,VEE_LessSolarPower
4957,VEE_LessSolarPower
4958,Caves;VEE_LessSolarPower
4959,VEE_LessSolarPower
4960,VEE_LessSolarPower
4961,Mountain;VEE_LessSolarPower
4962,Caves
4963,Caves;VEE_LessSolarPower
4964,Caves;VEE_LessSolarPower
4965,Mountain;VEE_LessSolarPower
4966,VEE_LessSolarPower
4967,Caves
4969,VEE_LessSolarPower
4970,VEE_LessSolarPower
4971,VEE_LessSolarPower
4972,VEE_LessSolarPower
4975,VEE_LessSolarPower
4977,Caves
4979,VEE_LessSolarPower
4983,Caves
4984,Caves
4986,VEE_LessSolarPower
4987,VEE_LessSolarPower
4995,AncientRuins;AncientRuins
4997,VEE_Cenotes;VEE_Cenotes
5004,Caves
5006,VEE_LessSolarPower
5007,VEE_LessSolarPower
5008,VEE_LessSolarPower
5009,VEE_LessSolarPower
5010,VEE_LessSolarPower
5011,VEE_LessSolarPower
5012,Caves;VEE_LessSolarPower
5013,VEE_LessSolarPower
5014,VEE_LessSolarPower
5015,VEE_LessSolarPower
5016,VEE_LessSolarPower
5017,VEE_LessSolarPower
5018,VEE_LessSolarPower
5019,VEE_LessSolarPower
5020,VEE_LessSolarPower
5021,VEE_LessSolarPower
5022,VEE_LessSolarPower
5023,VEE_LessSolarPower
5024,VEE_MineralDevoid;VEE_DeepOreDevoid;Dunes;VEE_MoreSolarPower
5025,VEE_MoreSolarPower
5026,VEE_MoreSolarPower
5027,VEE_MoreSolarPower
5028,VEE_MoreSolarPower
5029,VEE_MoreSolarPower
5036,VEE_MineralDevoid;VEE_DeepOreDevoid;Dunes;Dunes;VEE_MoreSolarPower
5037,VEE_MoreSolarPower
5038,VEE_MoreSolarPower
5039,Hollow;VEE_MoreSolarPower
5040,AnimalLife_Increased;AncientRuins;VEE_MoreSolarPower
5041,VEE_MoreSolarPower
5042,VEE_MoreSolarPower
5043,VEE_MoreSolarPower
5044,VEE_MoreSolarPower
5045,VEE_MoreSolarPower
5046,VEE_MoreSolarPower
5047,VEE_MoreSolarPower
5053,VEE_MineralDevoid;VEE_DeepOreDevoid;Dunes
5057,Mountain
5058,Mountain;MineralRich
5059,Mountain;MineralRich
5060,Mountain;VEE_MoreSolarPower;WildTattooinePlants
5061,Mountain;VEE_MoreSolarPower;WildTattooinePlants
5062,VEE_MoreSolarPower;WildTattooinePlants
5063,VEE_MoreSolarPower;WildTattooinePlants
5064,VEE_RedDesert;VEE_RedDesertPlants;VEE_Sandstorms;VEE_DryRiver;VEE_MoreSolarPower;WildTattooinePlants
5065,Mountain;VEE_MoreSolarPower;WildTattooinePlants
5066,Dunes;VEE_MoreSolarPower;WildTattooinePlants
5067,VEE_MoreSolarPower;WildTattooinePlants
5068,VEE_MoreSolarPower;WildTattooinePlants
5069,DryLake;VEE_MoreSolarPower;WildTattooinePlants
5070,VEE_MoreSolarPower;WildTattooinePlants
5071,VEE_MoreSolarPower;WildTattooinePlants
5072,AB_DerelictArchonexus;AncientHeatVent;MineralRich;VEE_SulfuricLake;VEE_MoreSolarPower
5073,AB_DerelictClusters;AncientHeatVent;VEE_MoreSolarPower
5074,VEE_MoreSolarPower;WildTattooinePlants
5075,VEE_MoreSolarPower;WildTattooinePlants
5076,AB_DerelictClusters;AncientHeatVent;AncientRuins;Junkyard;VEE_MechanoidShipChunks;VEE_SulfuricLake;VEE_MoreSolarPower
5077,VEE_MoreSolarPower;WildTattooinePlants
5078,AB_AmbientRadiation;AB_DerelictClusters;VEE_SulfuricLake;VEE_MoreSolarPower
5079,Dunes;Dunes;VEE_MoreSolarPower;WildTattooinePlants
5080,AB_AncientBloodRainVent;AB_DerelictClusters;AncientRuins;VEE_ToxicVents;VEE_MoreSolarPower
5081,AncientHeatVent;AncientRuins;Junkyard;VEE_MechanoidShipChunks;VEE_SulfuricLake;VEE_ToxicVents;VEE_MoreSolarPower
5082,AB_DerelictClusters;AncientHeatVent;Junkyard;VEE_MoreSolarPower
5083,AB_DerelictClusters;AncientHeatVent;AncientRuins;MineralRich;VEE_MechanoidShipChunks;VEE_ToxicVents;VEE_MoreSolarPower
5084,VEE_MoreSolarPower;WildTattooinePlants
5085,VEE_MoreSolarPower;WildTattooinePlants
5086,VEE_MineralDevoid;VEE_DeepOreDevoid;Dunes;VEE_MoreSolarPower;WildTattooinePlants
5087,VEE_MoreSolarPower;WildTattooinePlants
5088,VEE_MoreSolarPower;WildTattooinePlants
5089,VEE_MoreSolarPower;WildTattooinePlants
5090,VEE_MoreSolarPower;WildTattooinePlants
5091,Dunes;Dunes;VEE_MoreSolarPower;WildTattooinePlants
5092,Dunes;VEE_MoreSolarPower;WildTattooinePlants
5093,VEE_MineralDevoid;VEE_DeepOreDevoid;Dunes;VEE_MoreSolarPower;WildTattooinePlants
5094,VEE_MoreSolarPower;WildTattooinePlants
5095,VEE_MoreSolarPower;WildTattooinePlants
5096,VEE_SaltPlains;Archipelago
5099,VEE_MineralDevoid;VEE_DeepOreDevoid
5100,AnimalHabitat;Fish_Increased
5101,VEE_SaltPlains;CoastalIsland
5105,VEE_MineralDevoid;VEE_DeepOreDevoid
5106,Coast
5109,AnimalHabitat;Fish_Increased
5110,Junkyard;Stockpile;VEE_MineralDevoid;VEE_DeepOreDevoid;WindyMutator;VEE_RisingWaters;Coast
5112,Junkyard;VEE_MineralDevoid;VEE_DeepOreDevoid;WindyMutator;CoastalIsland
5114,VEE_SaltPlains;AnimalHabitat;Fish_Increased
5115,VEE_SaltPlains;AnimalHabitat;Fish_Increased
5117,VEE_SaltPlains;Fish_Increased;CoastalIsland
5118,VEE_SaltPlains
5119,VEE_SaltPlains;AnimalHabitat;Fish_Increased
5120,Junkyard;Stockpile;VEE_MineralDevoid;VEE_DeepOreDevoid;WindyMutator;VEE_RisingWaters;Coast
5121,AnimalHabitat;Fish_Increased;CoastalIsland
5122,AncientWarehouse;VEE_MineralDevoid;VEE_DeepOreDevoid;WindyMutator;VEE_RisingWaters;Coast
5123,WindyMutator;Archipelago
5126,CoastalIsland
5127,AncientWarehouse;VEE_MineralDevoid;VEE_DeepOreDevoid;WindyMutator;VEE_RisingWaters;Coast
5128,Junkyard;Stockpile;VEE_MineralDevoid;VEE_DeepOreDevoid;WindyMutator;VEE_RisingWaters;Coast
5129,SunnyMutator;AnimalHabitat;AnimalLife_Increased;Fish_Increased;Archipelago
5130,Junkyard;VEE_MineralDevoid;VEE_DeepOreDevoid;WindyMutator;VEE_RisingWaters;Coast
5134,VEE_MineralDevoid;VEE_DeepOreDevoid
5137,VEE_MineralDevoid;VEE_DeepOreDevoid
5142,Caves
5144,Mountain
5146,Cavern
5147,Mountain
5148,Mountain
5150,Mountain
5152,Cavern
5153,Mountain
5156,VEE_SaltPlains
5157,VEE_SaltPlains
5158,VEE_SaltPlains
5159,VEE_SaltPlains
5160,VEE_SaltPlains
5161,VEE_SaltPlains
5162,VEE_SaltPlains
5184,Caves
5185,Caves
5186,Caves
5187,Caves
5188,Caves
5189,Caves
5191,Caves
5205,VEE_MineralDevoid;VEE_DeepOreDevoid
5208,VEE_MineralDevoid;VEE_DeepOreDevoid
5212,VEE_MineralDevoid;VEE_DeepOreDevoid;VEE_SaltPlains
5218,VEE_MineralDevoid;VEE_DeepOreDevoid
5221,VEE_MineralDevoid;VEE_DeepOreDevoid
5224,VEE_MineralDevoid;VEE_DeepOreDevoid
5240,VEE_MineralDevoid;VEE_DeepOreDevoid
5242,VEE_DryRiver
5243,VEE_MineralDevoid;VEE_DeepOreDevoid;VEE_DryRiver
5244,VEE_DryRiver
5246,VEE_MineralDevoid;VEE_DeepOreDevoid
5248,VEE_DryRiver
5249,VEE_MineralDevoid;VEE_DeepOreDevoid
5252,VEE_MineralDevoid;VEE_DeepOreDevoid
5255,VEE_MineralDevoid;VEE_DeepOreDevoid
5265,VEE_MineralDevoid;VEE_DeepOreDevoid
5267,Dunes
5268,VEE_MineralDevoid;VEE_DeepOreDevoid
5279,VEE_MineralDevoid;VEE_DeepOreDevoid
5282,Dunes
5283,Dunes
5284,VEE_MineralDevoid;VEE_DeepOreDevoid;Dunes
5287,VEE_MineralDevoid;VEE_DeepOreDevoid
5288,Dunes
5289,Dunes
5290,VEE_MineralDevoid;VEE_DeepOreDevoid;Dunes
5291,Dunes
5292,Dunes
5293,VEE_MineralDevoid;VEE_DeepOreDevoid;Dunes
5294,Dunes
5295,Dunes
5296,VEE_MineralDevoid;VEE_DeepOreDevoid;Dunes
5297,Dunes
5299,VEE_MineralDevoid;VEE_DeepOreDevoid
5300,VEE_SaltPlains;Archipelago
5302,VEE_SaltPlains;Stockpile;AnimalHabitat;CoastalIsland
5303,VEE_SaltPlains
5310,CoastalIsland
5345,VEE_MineralDevoid;VEE_DeepOreDevoid
5350,VEE_MineralDevoid;VEE_DeepOreDevoid
5357,VEE_MineralDevoid;VEE_DeepOreDevoid
5367,VEE_MineralDevoid;VEE_DeepOreDevoid
5369,Dunes;Dunes
5373,VEE_MineralDevoid;VEE_DeepOreDevoid
5374,Dunes
5385,VEE_Cenotes
5386,Muddy;VEE_Cenotes;AnimalHabitat
5391,Mountain
5393,Mountain;Caves
5394,Mountain;Caves
5403,Mountain
5409,Valley
5410,Caves;MineralRich;VEE_DeepOreRich
5411,Caves
5412,Caves;MineralRich
5413,Mountain
5414,Mountain
5415,Mountain
5417,Caves
5418,Caves;MineralRich
5425,VEE_DryRiver
5432,VEE_MineralDevoid;VEE_DeepOreDevoid
5434,Dunes;Dunes
5456,Coast
5458,Caves
5460,Caves
5462,Caves
5469,Caves
5473,Caves
5474,Caves
5475,Caves
5476,Caves
5477,Caves
5481,Caves
5485,Caves
5486,Caves
5487,Caves
5488,Caves
5490,Caves
5491,Caves
5531,TerraformingScar
5534,VEE_MineralDevoid;VEE_DeepOreDevoid
5539,VEE_MineralDevoid;VEE_DeepOreDevoid
5543,VEE_MineralDevoid;VEE_DeepOreDevoid
5553,VEE_MineralDevoid;VEE_DeepOreDevoid
5559,VEE_MineralDevoid;VEE_DeepOreDevoid
5567,VEE_MineralDevoid;VEE_DeepOreDevoid
5570,VEE_MineralDevoid;VEE_DeepOreDevoid
5573,VEE_MineralDevoid;VEE_DeepOreDevoid
5576,VEE_MineralDevoid;VEE_DeepOreDevoid
5579,VEE_MineralDevoid;VEE_DeepOreDevoid
5582,VEE_MineralDevoid;VEE_DeepOreDevoid;Dunes
5583,Dunes
5584,Dunes
5585,VEE_MineralDevoid;VEE_DeepOreDevoid;Dunes
5586,Dunes
5587,Dunes
5588,VEE_MineralDevoid;VEE_DeepOreDevoid;Dunes
5589,Dunes
5592,VEE_MineralDevoid;VEE_DeepOreDevoid;Dunes
5593,Dunes
5594,Dunes
5595,VEE_MineralDevoid;VEE_DeepOreDevoid;Dunes
5596,Dunes
5597,Dunes
5598,VEE_MineralDevoid;VEE_DeepOreDevoid;Dunes
5599,Dunes
5601,Caves
5605,VEE_RockRidge
5606,Caves
5610,VEE_MineralDevoid;VEE_DeepOreDevoid
5612,Caves
5614,VEE_DustBowl;VEE_PlantLife_Decimated;VEE_Fertility_Reduced;VEE_DustStorms
5617,Caves;AncientGarrison
5625,AncientRuins;AncientRuins
5628,Caves
5632,AncientRuins;AncientRuins
5637,Dunes
5638,VEE_MineralDevoid;VEE_DeepOreDevoid
5639,Dunes
5644,VEE_MineralDevoid;VEE_DeepOreDevoid
5662,Dunes
5672,VEE_MineralDevoid;VEE_DeepOreDevoid
5678,VEE_MineralDevoid;VEE_DeepOreDevoid
5681,VEE_MineralDevoid;VEE_DeepOreDevoid
5684,VEE_MineralDevoid;VEE_DeepOreDevoid
5687,VEE_MineralDevoid;VEE_DeepOreDevoid
5691,VEE_MineralDevoid;VEE_DeepOreDevoid
5696,VEE_MineralDevoid;VEE_DeepOreDevoid
5699,Cliffs
5701,Cliffs
5702,Chasm
5705,Chasm
5707,VEE_SaltPlains;DryGround
5708,VEE_MineralDevoid;VEE_DeepOreDevoid
5711,VEE_MineralDevoid;VEE_DeepOreDevoid
5720,VEE_MineralDevoid;VEE_DeepOreDevoid
5723,VEE_MineralDevoid;VEE_DeepOreDevoid
5726,VEE_MineralDevoid;VEE_DeepOreDevoid
5729,VEE_MineralDevoid;VEE_DeepOreDevoid
5740,VEE_MineralDevoid;VEE_DeepOreDevoid
5746,Mountain
5747,Cliffs
5752,VEE_MineralDevoid;VEE_DeepOreDevoid
5760,VEE_MineralDevoid;VEE_DeepOreDevoid
5761,AncientChemfuelRefinery
5767,VEE_MineralDevoid;VEE_DeepOreDevoid
5773,VEE_MineralDevoid;VEE_DeepOreDevoid
5778,VEE_MineralDevoid;VEE_DeepOreDevoid
5782,VEE_MineralDevoid;VEE_DeepOreDevoid
5790,VEE_MineralDevoid;VEE_DeepOreDevoid
5795,VEE_MineralDevoid;VEE_DeepOreDevoid
5804,VEE_MineralDevoid;VEE_DeepOreDevoid
5807,VEE_MineralDevoid;VEE_DeepOreDevoid
5810,VEE_MineralDevoid;VEE_DeepOreDevoid
5814,VEE_MineralDevoid;VEE_DeepOreDevoid
5816,VEE_Cenotes
5817,DryGround
5823,VEE_MineralDevoid;VEE_DeepOreDevoid
5824,DryGround
5827,VEE_SaltPlains
5829,VEE_MineralDevoid;VEE_DeepOreDevoid
5834,VEE_MineralDevoid;VEE_DeepOreDevoid
5837,VEE_MineralDevoid;VEE_DeepOreDevoid
5840,VEE_MineralDevoid;VEE_DeepOreDevoid
5843,VEE_MineralDevoid;VEE_DeepOreDevoid
5846,VEE_MineralDevoid;VEE_DeepOreDevoid
5849,VEE_MineralDevoid;VEE_DeepOreDevoid
5852,VEE_LessSolarPower
5853,VEE_LessSolarPower
5855,Caves
5856,VEE_LessSolarPower
5857,VEE_LessSolarPower
5858,VEE_LessSolarPower
5859,VEE_LessSolarPower
5860,VEE_LessSolarPower
5861,VEE_LessSolarPower
5862,VEE_LessSolarPower
5863,VEE_LessSolarPower
5864,Caves;VEE_LessSolarPower
5865,Caves;VEE_LessSolarPower
5868,Caves
5869,VEE_LessSolarPower
5870,VEE_LessSolarPower
5872,Caves;VEE_LessSolarPower
5873,Caves
5874,Caves;VEE_LessSolarPower
5875,Caves;VEE_LessSolarPower
5876,Caves;VEE_LessSolarPower
5877,Caves;VEE_LessSolarPower
5879,Caves;VEE_LessSolarPower
5880,VEE_LessSolarPower
5881,VEE_LessSolarPower
5882,VEE_LessSolarPower
5883,VEE_LessSolarPower
5884,VEE_LessSolarPower
5885,VEE_LessSolarPower
5887,VEE_LessSolarPower
5888,VEE_LessSolarPower
5889,Caves;VEE_LessSolarPower
5890,VEE_LessSolarPower
5891,VEE_LessSolarPower
5892,VEE_LessSolarPower
5893,Caves;VEE_LessSolarPower
5894,Caves;VEE_LessSolarPower
5895,Caves;VEE_LessSolarPower
5896,VEE_LessSolarPower
5897,VEE_LessSolarPower
5898,VEE_LessSolarPower
5899,Caves;VEE_LessSolarPower
5900,VEE_LessSolarPower
5901,VEE_LessSolarPower
5904,VEE_MineralDevoid;VEE_DeepOreDevoid
5906,VEE_LessSolarPower
5907,VEE_LessSolarPower
5908,VEE_LessSolarPower
5909,VEE_LessSolarPower
5910,VEE_SerpentineCanyons;CaveLakes;VEE_LessSolarPower
5911,VEE_LessSolarPower
5913,Mountain;Caves;VEE_LessSolarPower
5916,Caves
5917,Caves;VEE_LessSolarPower
5918,VEE_LessSolarPower
5919,Caves;VEE_LessSolarPower
5920,VEE_LessSolarPower
5921,VEE_LessSolarPower
5922,VEE_LessSolarPower
5923,Mountain;VEE_LessSolarPower
5924,VEE_LessSolarPower
5925,VEE_LessSolarPower
5926,VEE_LessSolarPower
5927,VEE_LessSolarPower
5928,VEE_LessSolarPower
5929,VEE_LessSolarPower
5930,Caves;VEE_LessSolarPower
5931,Caves;VEE_LessSolarPower
5932,VEE_LessSolarPower
5933,VEE_LessSolarPower
5934,VEE_LessSolarPower
5935,VEE_LessSolarPower
5936,VEE_LessSolarPower
5937,VEE_StoneForest
5940,Caves
5941,VEE_LessSolarPower
5942,VEE_LessSolarPower
5943,VEE_LessSolarPower
5948,VEE_LessSolarPower
5949,Caves;VEE_LessSolarPower
5950,VEE_LessSolarPower
5951,AncientWarehouse;VEE_LessSolarPower
5952,Caves;VEE_LessSolarPower
5953,Caves;VEE_LessSolarPower
5954,Caves;VEE_LessSolarPower
5955,Caves;VEE_LessSolarPower
5956,Caves;VEE_LessSolarPower
5957,VEE_LessSolarPower
5958,Caves;VEE_LessSolarPower
5959,Caves;VEE_LessSolarPower
5960,VEE_LessSolarPower
5961,VEE_LessSolarPower
5962,Caves;VEE_LessSolarPower
5963,Caves;VEE_LessSolarPower
5964,VEE_LessSolarPower
5966,Caves;VEE_LessSolarPower
5968,VEE_LessSolarPower
5969,Caves;VEE_LessSolarPower
5970,Caves
5971,Caves
5972,Caves
5973,Caves;VEE_LessSolarPower
5974,Caves;VEE_LessSolarPower
5975,VEE_LessSolarPower
5976,VEE_LessSolarPower
5977,VEE_LessSolarPower
5978,VEE_LessSolarPower
5979,VEE_LessSolarPower
5980,Caves;VEE_LessSolarPower
5981,VEE_LessSolarPower
5982,VEE_LessSolarPower
5983,VEE_LessSolarPower
5984,VEE_LessSolarPower
5985,VEE_LessSolarPower
5986,VEE_LessSolarPower
5987,VEE_LessSolarPower
5988,VEE_LessSolarPower
5989,VEE_LessSolarPower
5993,Caves;VEE_LessSolarPower
5995,VEE_LessSolarPower
5996,VEE_LessSolarPower
5997,VEE_LessSolarPower
5998,VEE_LessSolarPower
5999,VEE_LessSolarPower
6000,VEE_LessSolarPower
6001,VEE_LessSolarPower
6002,UndergroundCave;VEE_LessSolarPower
6003,VEE_LessSolarPower
6005,UndergroundCave;VEE_LessSolarPower
6006,UndergroundCave;VEE_LessSolarPower
6007,VEE_LessSolarPower
6008,VEE_LessSolarPower
6009,Caves;VEE_LessSolarPower
6010,VEE_LessSolarPower
6011,VEE_LessSolarPower
6012,VEE_LessSolarPower
6013,VEE_LessSolarPower
6014,VEE_LessSolarPower
6015,VEE_LessSolarPower
6016,Caves
6017,Caves
6018,Caves
6020,VEE_LessSolarPower
6021,VEE_LessSolarPower
6022,VEE_LessSolarPower
6023,Caves;VEE_LessSolarPower
6024,VEE_LessSolarPower
6025,VEE_LessSolarPower
6026,VEE_LessSolarPower
6027,Caves;VEE_LessSolarPower
6028,Caves
6030,VEE_LessSolarPower
6031,VEE_LessSolarPower
6032,VEE_LessSolarPower
6033,VEE_LessSolarPower
6034,VEE_LessSolarPower
6035,VEE_LessSolarPower
6036,VEE_LessSolarPower
6037,VEE_LessSolarPower
6038,VEE_LessSolarPower
6039,VEE_LessSolarPower
6040,VEE_LessSolarPower
6041,Caves;VEE_LessSolarPower
6042,VEE_LessSolarPower
6043,VEE_LessSolarPower
6044,VEE_LessSolarPower
6045,VEE_LessSolarPower
6050,VEE_LessSolarPower
6051,VEE_LessSolarPower
6052,VEE_LessSolarPower
6053,VEE_LessSolarPower
6054,VEE_LessSolarPower
6055,VEE_LessSolarPower
6057,VEE_LessSolarPower
6061,VEE_LessSolarPower
6062,VEE_LessSolarPower
6063,VEE_LessSolarPower
6064,VEE_LessSolarPower
6065,VEE_LessSolarPower
6066,VEE_LessSolarPower
6067,VEE_LessSolarPower
6068,VEE_LessSolarPower
6069,VEE_LessSolarPower
6070,VEE_LessSolarPower
6071,VEE_LessSolarPower
6072,VEE_LessSolarPower
6073,VEE_LessSolarPower
6074,VEE_LessSolarPower
6075,VEE_LessSolarPower
6076,VEE_LessSolarPower
6077,VEE_LessSolarPower
6079,VEE_LessSolarPower
6080,VEE_LessSolarPower
6082,Caves;MineralRich
6084,Caves;MineralRich
6085,VEE_LessSolarPower
6086,VEE_LessSolarPower
6087,VEE_LessSolarPower
6092,VEE_LessSolarPower
6093,AncientRuins;AncientRuins;VEE_LessSolarPower
6094,VEE_LessSolarPower
6095,VEE_LessSolarPower
6096,VEE_LessSolarPower
6097,VEE_LessSolarPower
6098,VEE_LessSolarPower
6099,Caves;VEE_LessSolarPower
6100,VEE_LessSolarPower
6102,AncientRuins_Frozen;AncientRuins_Frozen;VEE_LessSolarPower
6105,VEE_LessSolarPower
6106,VEE_LessSolarPower
6107,VEE_LessSolarPower
6108,VEE_LessSolarPower
6109,VEE_LessSolarPower
6110,VEE_LessSolarPower
6112,Mountain;VEE_LessSolarPower
6113,Mountain;VEE_LessSolarPower
6114,Mountain;VEE_LessSolarPower
6123,VEE_LessSolarPower
6126,Mountain
6127,VEE_LessSolarPower
6128,VEE_LessSolarPower
6133,VEE_LessSolarPower
6134,VEE_LessSolarPower
6135,VEE_LessSolarPower
6136,VEE_LessSolarPower
6137,VEE_LessSolarPower
6139,VEE_LessSolarPower
6140,VEE_LessSolarPower
6141,VEE_LessSolarPower
6142,Caves;VEE_LessSolarPower
6143,VEE_LessSolarPower
6144,VEE_LessSolarPower
6145,VEE_LessSolarPower
6146,VEE_LessSolarPower
6147,Caves;VEE_LessSolarPower
6148,VEE_LessSolarPower
6149,Caves;VEE_LessSolarPower
6150,Caves;VEE_LessSolarPower
6151,Caves;VEE_LessSolarPower
6152,VEE_LessSolarPower
6153,VEE_LessSolarPower
6154,VEE_LessSolarPower
6155,Caves;VEE_LessSolarPower
6156,Caves;VEE_LessSolarPower
6157,Caves;VEE_LessSolarPower
6158,VEE_LessSolarPower
6159,Caves;VEE_LessSolarPower
6160,Caves;VEE_LessSolarPower
6161,VEE_LessSolarPower
6162,VEE_LessSolarPower
6163,Caves;VEE_LessSolarPower
6164,Caves;VEE_LessSolarPower
6165,Caves;VEE_LessSolarPower
6166,VEE_LessSolarPower
6167,VEE_LessSolarPower
6168,VEE_LessSolarPower
6169,Caves;VEE_LessSolarPower
6170,VEE_LessSolarPower
6171,VEE_LessSolarPower
6172,Caves;VEE_LessSolarPower
6173,VEE_LessSolarPower
6174,VEE_LessSolarPower
6175,VEE_LessSolarPower
6176,VEE_LessSolarPower
6178,VEE_LessSolarPower
6180,VEE_LessSolarPower
6181,VEE_LessSolarPower
6182,VEE_LessSolarPower
6183,Caves;MineralRich;VEE_LessSolarPower
6184,VEE_LessSolarPower
6185,MineralRich;VEE_LessSolarPower
6186,Mountain;Caves;MineralRich
6187,Mountain;Caves;MineralRich;VEE_LessSolarPower
6188,Caves
6189,Caves
6190,Caves
6191,Caves;MineralRich
6192,Caves
6193,Mountain;Caves
6194,Caves
6199,Caves
6200,VEE_LessSolarPower
6202,VEE_LessSolarPower
6203,VEE_LessSolarPower
6206,VEE_LessSolarPower
6207,VEE_LessSolarPower
6211,AncientRuins_Frozen;AncientRuins_Frozen;VEE_LessSolarPower
6212,Marshy;VEE_FloodPlains;VEE_MoreSolarPower
6213,Fish_Increased;VEE_FloodPlains;VEE_MoreSolarPower
6214,VEE_MoreSolarPower
6215,Oasis;VEE_MoreSolarPower
6216,AncientRuins;VEE_MoreSolarPower
6217,VEE_MoreSolarPower;WildTattooinePlants
6218,VEE_MoreSolarPower;WildTattooinePlants
6219,Caves;Oasis;VEE_MoreSolarPower
6220,Mountain;VEE_MoreSolarPower
6221,VEE_MoreSolarPower;WildTattooinePlants
6222,VEE_MoreSolarPower;WildTattooinePlants
6223,Mountain;Oasis;VEE_MoreSolarPower
6224,Mountain;AnimalLife_Increased;VEE_MoreSolarPower
6225,VEE_StagnantRivulet;Fish_Increased;VEE_MoreSolarPower;River
6226,Mountain;VEE_MoreSolarPower
6227,Oasis;VEE_MoreSolarPower
6228,Cliffs;AnimalLife_Increased;VEE_MoreSolarPower
6229,Cliffs;CaveLakes;VEE_StagnantRivulet;VEE_MoreSolarPower;Headwater
6230,Cliffs;AnimalLife_Increased;VEE_MoreSolarPower
6231,Cliffs;Fish_Increased;VEE_MoreSolarPower;River
6232,Cliffs;AnimalLife_Increased;VEE_MoreSolarPower
6233,Cliffs;AB_MagmaVents;AB_GeothermalHotspots;VEE_MoreSolarPower
6234,VEE_SerpentineCanyons;VEE_MoreSolarPower;River
6235,Cliffs;VEE_StagnantRivulet;Fish_Increased;VEE_MoreSolarPower;River
6236,Fish_Increased;VEE_MoreSolarPower;River
6237,VEE_MoreSolarPower
6238,Oasis;VEE_MoreSolarPower
6239,Fish_Increased;VEE_MoreSolarPower;River
6240,VEE_MoreSolarPower
6241,VEE_MoreSolarPower
6242,VEE_MoreSolarPower
6243,Oasis;AnimalLife_Increased;VEE_MoreSolarPower
6244,Marshy;AncientRuins;VEE_MoreSolarPower
6245,Marshy;VEE_MoreSolarPower
6246,VEE_MoreSolarPower
6247,Oasis;DryGround;Junkyard;VEE_MoreSolarPower
6248,Dunes;VEE_MoreSolarPower
6249,VEE_MoreSolarPower
6250,VEE_MineralDevoid;VEE_DeepOreDevoid;Dunes;VEE_MoreSolarPower
6251,VEE_MoreSolarPower
6252,Dunes;VEE_MoreSolarPower
6253,DryLake;Junkyard;VEE_MoreSolarPower
6254,Dunes;VEE_MoreSolarPower
6255,VEE_MineralDevoid;VEE_DeepOreDevoid;Dunes;VEE_MoreSolarPower
6256,VEE_MoreSolarPower
6257,Dunes;VEE_MoreSolarPower
6258,VEE_MoreSolarPower
6259,VEE_MoreSolarPower
6260,VEE_MoreSolarPower
6265,VEE_MoreSolarPower
6266,VEE_MoreSolarPower
6267,VEE_MoreSolarPower
6270,VEE_MineralDevoid;VEE_DeepOreDevoid;Dunes
6272,VEE_MoreSolarPower
6273,VEE_MoreSolarPower
6274,Dunes;VEE_MoreSolarPower
6275,VEE_MoreSolarPower
6276,VEE_MineralDevoid;VEE_DeepOreDevoid;Dunes;VEE_MoreSolarPower
6277,VEE_MoreSolarPower
6278,Dunes;VEE_MoreSolarPower
6279,VEE_MineralDevoid;VEE_DeepOreDevoid;Dunes;VEE_MoreSolarPower
6280,VEE_MoreSolarPower
6281,Dunes;VEE_MoreSolarPower
6282,Dunes;VEE_MoreSolarPower
6283,VEE_MineralDevoid;VEE_DeepOreDevoid;Dunes;VEE_MoreSolarPower
6284,Dunes;VEE_MoreSolarPower;WildTattooinePlants
6285,Dunes;VEE_MoreSolarPower;WildTattooinePlants
6286,VEE_MineralDevoid;VEE_DeepOreDevoid;Dunes;VEE_MoreSolarPower
6287,Dunes;VEE_MoreSolarPower;WildTattooinePlants
6288,Dunes;VEE_MoreSolarPower
6289,VEE_MineralDevoid;VEE_DeepOreDevoid;Dunes;VEE_MoreSolarPower;WildTattooinePlants
6290,VEE_MoreSolarPower;WildTattooinePlants
6291,VEE_SaltPlains;VEE_MoreSolarPower;WildTattooinePlants
6292,VEE_MoreSolarPower;WildTattooinePlants
6293,Dunes;VEE_MoreSolarPower;WildTattooinePlants
6294,VEE_MineralDevoid;VEE_DeepOreDevoid;Dunes;VEE_MoreSolarPower;WildTattooinePlants
6295,VEE_MoreSolarPower;WildTattooinePlants
6296,Dunes;VEE_MoreSolarPower;WildTattooinePlants
6297,Dunes;VEE_MoreSolarPower;WildTattooinePlants
6298,VEE_MineralDevoid;VEE_DeepOreDevoid;Dunes;VEE_MoreSolarPower
6299,Dunes;VEE_MoreSolarPower
6300,Dunes;VEE_MoreSolarPower
6301,VEE_MineralDevoid;VEE_DeepOreDevoid;Dunes;VEE_MoreSolarPower;WildTattooinePlants
6302,VEE_MoreSolarPower;WildTattooinePlants
6303,VEE_SaltPlains;VEE_MoreSolarPower;WildTattooinePlants
6304,VEE_MoreSolarPower;WildTattooinePlants
6305,VEE_MoreSolarPower;WildTattooinePlants
6306,VEE_MoreSolarPower;WildTattooinePlants
6307,Dunes;VEE_MoreSolarPower;WildTattooinePlants
6308,Dunes;VEE_MoreSolarPower;WildTattooinePlants
6309,VEE_MineralDevoid;VEE_DeepOreDevoid;Dunes;VEE_MoreSolarPower;WildTattooinePlants
6310,Dunes;VEE_MoreSolarPower;WildTattooinePlants
6311,VEE_MoreSolarPower;WildTattooinePlants
6312,Dunes;VEE_MoreSolarPower;WildTattooinePlants
6313,VEE_MoreSolarPower;WildTattooinePlants
6314,VEE_MoreSolarPower;WildTattooinePlants
6315,VEE_MineralDevoid;VEE_DeepOreDevoid;VEE_PebbleDunes;VEE_PebbleDunes;VEE_MoreSolarPower;WildTattooinePlants
6316,Dunes;VEE_MoreSolarPower;WildTattooinePlants
6317,Dunes;VEE_MoreSolarPower;WildTattooinePlants
6318,VEE_MineralDevoid;VEE_DeepOreDevoid;Dunes;VEE_MoreSolarPower;WildTattooinePlants
6319,VEE_MoreSolarPower;WildTattooinePlants
6320,DryGround;Junkyard;VEE_MoreSolarPower
6321,VEE_SaltPlains;DryGround;VEE_MoreSolarPower
6322,VEE_SaltPlains;MineralRich;AnimalLife_Increased;VEE_MoreSolarPower
6323,Marshy;MineralRich;Fish_Increased;VEE_MoreSolarPower;River
6324,VEE_SaltPlains;Oasis;Junkyard;VEE_MoreSolarPower
6325,DryGround;VEE_MoreSolarPower
6326,VEE_MoreSolarPower
6327,VEE_MoreSolarPower
6328,Dunes;SunnyMutator;VEE_MoreSolarPower
6329,VEE_MineralDevoid;VEE_DeepOreDevoid;Dunes;VEE_MoreSolarPower
6330,Dunes;VEE_MoreSolarPower
6331,VEE_MoreSolarPower
6332,VEE_MoreSolarPower
6333,VEE_MoreSolarPower
6334,VEE_MineralDevoid;VEE_DeepOreDevoid;VEE_MoreSolarPower
6335,VEE_SaltPlains;VEE_MoreSolarPower
6336,VEE_MoreSolarPower
6337,VEE_MoreSolarPower
6338,VEE_MoreSolarPower
6340,VEE_MoreSolarPower
6342,VEE_MineralDevoid;VEE_DeepOreDevoid
6344,VEE_MoreSolarPower
6345,VEE_MoreSolarPower
6347,Dunes
6348,VEE_MineralDevoid;VEE_DeepOreDevoid;Dunes
6349,Dunes
6350,VEE_MoreSolarPower
6351,VEE_MineralDevoid;VEE_DeepOreDevoid;VEE_MoreSolarPower
6352,VEE_MoreSolarPower
6353,Dunes;VEE_MoreSolarPower
6354,VEE_MoreSolarPower
6355,VEE_MineralDevoid;VEE_DeepOreDevoid;VEE_MoreSolarPower
6356,Dunes;VEE_MoreSolarPower;WildTattooinePlants
6357,VEE_MoreSolarPower;WildTattooinePlants
6358,Dunes;Dunes;VEE_MoreSolarPower;WildTattooinePlants
6359,VEE_MineralDevoid;VEE_DeepOreDevoid;Dunes;VEE_MoreSolarPower;WildTattooinePlants
6360,Dunes;VEE_MoreSolarPower;WildTattooinePlants
6361,Dunes;VEE_MoreSolarPower;WildTattooinePlants
6362,MineralRich;VEE_MoreSolarPower;WildTattooinePlants
6363,MineralRich;VEE_DeepOreRich;VEE_MoreSolarPower
6364,VEE_MoreSolarPower;WildTattooinePlants
6365,VEE_MoreSolarPower;WildTattooinePlants
6366,Mountain;VEE_MoreSolarPower;WildTattooinePlants
6367,Mountain;MineralRich;VEE_MoreSolarPower
6368,MineralRich;VEE_MoreSolarPower;WildTattooinePlants
6369,VEE_MoreSolarPower;WildTattooinePlants
6370,MineralRich;VEE_DeepOreRich;VEE_MoreSolarPower
6371,Mountain;MineralRich;VEE_DeepOreRich;VEE_MoreSolarPower
6372,VEE_DryRiver;VEE_MoreSolarPower;WildTattooinePlants
6373,VEE_MoreSolarPower;WildTattooinePlants
6374,VEE_MoreSolarPower;WildTattooinePlants
6375,VEE_MoreSolarPower;WildTattooinePlants
6376,VEE_MoreSolarPower;WildTattooinePlants
6377,VEE_MineralDevoid;VEE_DeepOreDevoid;VEE_MoreSolarPower;WildTattooinePlants
6378,VEE_MoreSolarPower;WildTattooinePlants
6379,VEE_MoreSolarPower;WildTattooinePlants
6380,VEE_MoreSolarPower;WildTattooinePlants
6381,AB_AmbientRadiation;AB_DerelictClusters;VEE_MoreSolarPower
6382,AB_DerelictClusters;AncientHeatVent;VEE_MoreSolarPower
6383,VEE_MoreSolarPower;WildTattooinePlants
6384,AB_DerelictClusters;AncientHeatVent;AncientRuins;Junkyard;VEE_MechanoidShipChunks;VEE_MoreSolarPower
6385,AncientHeatVent;AncientRuins;MineralRich;VEE_MoreSolarPower
6386,AB_AmbientRadiation;AB_DerelictClusters;AncientHeatVent;AncientRuins;VEE_MoreSolarPower
6387,MineralRich;VEE_MoreSolarPower;WildTattooinePlants
6388,MineralRich;VEE_DeepOreRich;VEE_MoreSolarPower;WildTattooinePlants
6389,MineralRich;VEE_DeepOreRich;VEE_MoreSolarPower;WildTattooinePlants
6390,TerraformingScar;Junkyard;AncientRuins;VEE_MoreSolarPower
6391,MineralRich;VEE_MoreSolarPower;WildTattooinePlants
6392,VEE_MoreSolarPower
6393,VEE_MoreSolarPower
6394,Dunes;VEE_MoreSolarPower
6395,Dunes;VEE_MoreSolarPower
6396,VEE_MineralDevoid;VEE_DeepOreDevoid;Dunes;VEE_MoreSolarPower
6397,Dunes;VEE_MoreSolarPower
6398,Dunes;VEE_MoreSolarPower
6399,VEE_MoreSolarPower
6400,VEE_MineralDevoid;VEE_DeepOreDevoid;Dunes;VEE_MoreSolarPower
6401,VEE_MoreSolarPower
6402,VEE_MoreSolarPower
6403,VEE_MineralDevoid;VEE_DeepOreDevoid;VEE_MoreSolarPower
6404,VEE_MoreSolarPower
6409,VEE_MoreSolarPower
6410,VEE_MoreSolarPower
6411,VEE_MoreSolarPower
6415,VEE_MineralDevoid;VEE_DeepOreDevoid
6416,VEE_MoreSolarPower
6417,VEE_MoreSolarPower
6418,VEE_MoreSolarPower
6419,VEE_MoreSolarPower
6420,VEE_MoreSolarPower
6421,VEE_MoreSolarPower
6422,DryLake;VEE_MoreSolarPower
6423,VEE_MoreSolarPower
6424,VEE_MoreSolarPower
6425,VEE_MoreSolarPower
6426,Dunes;VEE_MoreSolarPower
6427,VEE_MoreSolarPower
6428,VEE_MoreSolarPower;WildTattooinePlants
6429,VEE_MoreSolarPower;WildTattooinePlants
6430,VEE_MineralDevoid;VEE_DeepOreDevoid;Dunes;VEE_MoreSolarPower
6431,Dunes;VEE_MoreSolarPower;WildTattooinePlants
6432,Dunes;VEE_MoreSolarPower
6433,VEE_MoreSolarPower;WildTattooinePlants
6434,VEE_MoreSolarPower;WildTattooinePlants
6435,VEE_MineralDevoid;VEE_DeepOreDevoid;Dunes;VEE_MoreSolarPower;WildTattooinePlants
6436,Dunes;VEE_MoreSolarPower;WildTattooinePlants
6437,VEE_PebbleDunes;VEE_PebbleDunes;VEE_MoreSolarPower;WildTattooinePlants
6438,VEE_MoreSolarPower;WildTattooinePlants
6439,VEE_MineralDevoid;VEE_DeepOreDevoid;Dunes;Dunes;VEE_MoreSolarPower;WildTattooinePlants
6440,VEE_MoreSolarPower;WildTattooinePlants
6441,Dunes;AnimalLife_Increased;VEE_MoreSolarPower
6442,VEE_MoreSolarPower
6443,Dunes;VEE_MoreSolarPower
6444,VEE_MineralDevoid;VEE_DeepOreDevoid;AnimalLife_Increased;VEE_MoreSolarPower
6445,Marshy;VEE_MoreSolarPower
6446,Marshy;VEE_FloodPlains;VEE_MoreSolarPower
6447,Fish_Increased;VEE_FloodPlains;VEE_MoreSolarPower;WildTattooinePlants
6448,Marshy;VEE_MoreSolarPower
6449,Fish_Increased;VEE_FloodPlains;VEE_MoreSolarPower
6450,VEE_StagnantRivulet;Fish_Increased;VEE_MoreSolarPower;River
6451,VEE_MoreSolarPower;WildTattooinePlants
6452,VEE_MoreSolarPower
6453,VEE_MoreSolarPower;WildTattooinePlants
6454,Cliffs;AnimalLife_Increased;VEE_MoreSolarPower
6455,Mountain;VEE_MoreSolarPower
6456,Oasis;AnimalLife_Increased;VEE_MoreSolarPower
6457,VEE_MoreSolarPower
6458,VEE_MoreSolarPower;WildTattooinePlants
6459,VEE_MoreSolarPower;WildTattooinePlants
6460,VEE_MoreSolarPower;WildTattooinePlants
6461,VEE_MoreSolarPower;WildTattooinePlants
6462,VEE_MoreSolarPower
6463,VEE_PebbleDunes;VEE_PebbleDunes;VEE_MoreSolarPower;WildTattooinePlants
6464,AnimalLife_Increased;VEE_MoreSolarPower
6465,AnimalLife_Increased;VEE_MoreSolarPower
6466,VEE_MoreSolarPower;WildTattooinePlants
6467,VEE_MoreSolarPower;WildTattooinePlants
6468,VEE_MoreSolarPower
6469,VEE_MoreSolarPower
6470,Fish_Increased;VEE_MoreSolarPower;River
6471,AB_DerelictClusters;MineralRich;VEE_SulfuricLake;VEE_FloodPlains;VEE_MoreSolarPower
6472,VEE_MoreSolarPower
6473,VEE_MoreSolarPower
6474,AnimalLife_Increased;VEE_MoreSolarPower
6475,VEE_MoreSolarPower
6476,AB_AmbientRadiation;AB_DerelictClusters;AncientHeatVent;AncientRuins;VEE_ToxicVents;VEE_MoreSolarPower
6477,AB_DerelictClusters;AncientHeatVent;VEE_MoreSolarPower
6478,AB_DerelictClusters;VEE_MoreSolarPower
6479,TerraformingScar;AB_AmbientRadiation;AncientHeatVent;MineralRich;VEE_MechanoidShipChunks;VEE_MoreSolarPower
6480,AB_AmbientRadiation;AB_DerelictClusters;AncientHeatVent;AncientRuins;MineralRich;VEE_MoreSolarPower
6481,AB_AmbientRadiation;AB_DerelictClusters;AncientHeatVent;VEE_MechanoidShipChunks;VEE_ToxicVents;VEE_MoreSolarPower
6482,AB_DerelictClusters;VEE_SulfuricLake;VEE_FloodPlains;VEE_MoreSolarPower
6483,AncientHeatVent;VEE_FloodPlains;VEE_MoreSolarPower
6484,AB_AmbientRadiation;AB_DerelictClusters;AncientHeatVent;VEE_MechanoidShipChunks;VEE_MoreSolarPower
6485,AB_AmbientRadiation;AncientHeatVent;AncientRuins;Junkyard;VEE_ToxicVents;VEE_MoreSolarPower
6486,VEE_StagnantRivulet;Fish_Increased;VEE_MoreSolarPower;River
6487,Marshy;VEE_FloodPlains;VEE_MoreSolarPower
6488,AB_AmbientRadiation;AB_DerelictClusters;AncientHeatVent;AncientRuins;Junkyard;VEE_ToxicVents;VEE_MoreSolarPower
6489,AB_AmbientRadiation;AncientHeatVent;Junkyard;MineralRich;VEE_MechanoidShipChunks;VEE_ToxicVents;VEE_MoreSolarPower
6490,AB_DerelictClusters;AncientHeatVent;VEE_MoreSolarPower
6491,AB_AmbientRadiation;AB_DerelictClusters;AncientHeatVent;Junkyard;VEE_MechanoidShipChunks;VEE_MoreSolarPower
6492,AB_DerelictClusters;AncientHeatVent;Junkyard;VEE_MechanoidShipChunks;VEE_SulfuricLake;VEE_ToxicVents;VEE_MoreSolarPower
6493,AB_AmbientRadiation;AB_DerelictClusters;AncientHeatVent;AncientRuins;MineralRich;VEE_MechanoidShipChunks;VEE_ToxicVents;VEE_MoreSolarPower
6494,AB_AncientDeathPallVent;AB_DerelictClusters;VEE_ToxicVents;VEE_MoreSolarPower
6495,AB_DerelictClusters;AncientHeatVent;Junkyard;VEE_ToxicVents;VEE_MoreSolarPower
6496,AB_DerelictClusters;AncientHeatVent;VEE_SulfuricLake;VEE_MoreSolarPower
6497,AB_DerelictClusters;AncientHeatVent;AncientRuins;Junkyard;MineralRich;VEE_MoreSolarPower
6498,AB_DerelictClusters;AncientHeatVent;VEE_MechanoidShipChunks;VEE_MoreSolarPower
6499,AB_AmbientRadiation;AB_AncientGreyPallVent;MineralRich;VEE_MechanoidShipChunks;VEE_MoreSolarPower
6500,VEE_MineralDevoid;VEE_DeepOreDevoid;Dunes;VEE_MoreSolarPower
6501,Dunes;VEE_MoreSolarPower
6502,Dunes;VEE_MoreSolarPower
6503,VEE_MineralDevoid;VEE_DeepOreDevoid;Dunes;VEE_MoreSolarPower
6504,Dunes;VEE_MoreSolarPower
6505,Dunes;VEE_MoreSolarPower
6506,VEE_MineralDevoid;VEE_DeepOreDevoid;Dunes;VEE_MoreSolarPower
6507,Dunes;VEE_MoreSolarPower
6508,Dunes;VEE_MoreSolarPower
6509,VEE_MineralDevoid;VEE_DeepOreDevoid;Dunes;VEE_MoreSolarPower
6510,Dunes;VEE_MoreSolarPower
6511,Dunes;VEE_MoreSolarPower
6512,VEE_MineralDevoid;VEE_DeepOreDevoid;Dunes;VEE_MoreSolarPower
6513,Dunes;VEE_MoreSolarPower
6514,Dunes;VEE_MoreSolarPower
6515,VEE_MineralDevoid;VEE_DeepOreDevoid;Dunes;VEE_MoreSolarPower
6516,Dunes;VEE_MoreSolarPower
6517,Dunes;VEE_MoreSolarPower
6518,VEE_MineralDevoid;VEE_DeepOreDevoid;Dunes;VEE_MoreSolarPower
6519,Dunes
6520,Dunes;VEE_MoreSolarPower
6521,VEE_MineralDevoid;VEE_DeepOreDevoid;Dunes
6522,Dunes
6523,Dunes
6524,VEE_MoreSolarPower
6525,VEE_MoreSolarPower
6530,VEE_MineralDevoid;VEE_DeepOreDevoid;Dunes;VEE_MoreSolarPower
6531,VEE_MoreSolarPower
6532,VEE_MoreSolarPower
6533,Dunes;VEE_MoreSolarPower
6534,Dunes;VEE_MoreSolarPower
6535,VEE_MineralDevoid;VEE_DeepOreDevoid;Dunes;VEE_MoreSolarPower
6536,Dunes;VEE_MoreSolarPower;WildTattooinePlants
6537,Dunes;VEE_MoreSolarPower;WildTattooinePlants
6538,VEE_MoreSolarPower
6539,VEE_MoreSolarPower;WildTattooinePlants
6540,VEE_MoreSolarPower
6541,VEE_MoreSolarPower
6542,VEE_MineralDevoid;VEE_DeepOreDevoid;Dunes;VEE_MoreSolarPower;WildTattooinePlants
6543,Dunes;VEE_MoreSolarPower;WildTattooinePlants
6544,Dunes;VEE_MoreSolarPower;WildTattooinePlants
6545,VEE_MineralDevoid;VEE_DeepOreDevoid;Dunes;VEE_MoreSolarPower;WildTattooinePlants
6546,Dunes;VEE_MoreSolarPower;WildTattooinePlants
6547,Dunes;VEE_MoreSolarPower;WildTattooinePlants
6548,VEE_MineralDevoid;VEE_DeepOreDevoid;Dunes;VEE_MoreSolarPower;WildTattooinePlants
6549,Dunes;VEE_MoreSolarPower;WildTattooinePlants
6550,Dunes;VEE_MoreSolarPower;WildTattooinePlants
6551,VEE_MineralDevoid;VEE_DeepOreDevoid;Dunes;VEE_MoreSolarPower;WildTattooinePlants
6552,Dunes;VEE_MoreSolarPower
6553,Dunes;VEE_MoreSolarPower
6554,VEE_MineralDevoid;VEE_DeepOreDevoid;Dunes;VEE_MoreSolarPower;WildTattooinePlants
6555,Dunes;VEE_MoreSolarPower;WildTattooinePlants
6556,Dunes;VEE_MoreSolarPower;WildTattooinePlants
6557,VEE_MineralDevoid;VEE_DeepOreDevoid;Dunes;VEE_MoreSolarPower
6558,VEE_MoreSolarPower
6559,VEE_MoreSolarPower
6560,Dunes;VEE_MoreSolarPower;WildTattooinePlants
6561,Dunes;VEE_MoreSolarPower;WildTattooinePlants
6562,VEE_MoreSolarPower;WildTattooinePlants
6563,VEE_MoreSolarPower;WildTattooinePlants
6564,VEE_MineralDevoid;VEE_DeepOreDevoid;Dunes;VEE_MoreSolarPower;WildTattooinePlants
6565,Dunes;VEE_MoreSolarPower;WildTattooinePlants
6566,Dunes;VEE_MoreSolarPower;WildTattooinePlants
6567,VEE_MineralDevoid;VEE_DeepOreDevoid;Dunes;VEE_MoreSolarPower;WildTattooinePlants
6568,Dunes;VEE_MoreSolarPower;WildTattooinePlants
6569,Dunes;VEE_MoreSolarPower;WildTattooinePlants
6570,VEE_MineralDevoid;VEE_DeepOreDevoid;Dunes;VEE_MoreSolarPower;WildTattooinePlants
6571,Dunes;VEE_MoreSolarPower;WildTattooinePlants
6572,VEE_MoreSolarPower;VEE_DryRiver
6573,VEE_MoreSolarPower
6574,VEE_MoreSolarPower
6575,Mountain;VEE_MoreSolarPower
6576,Dunes;VEE_MoreSolarPower;VEE_DryRiver
6577,VEE_MoreSolarPower
6578,VEE_MoreSolarPower;VEE_DryRiver;VEE_SaltPlains
6579,VEE_SaltPlains;VEE_MoreSolarPower
6580,VEE_MineralDevoid;VEE_DeepOreDevoid;Dunes;VEE_MoreSolarPower;VEE_DryRiver
6581,VEE_MoreSolarPower
6582,VEE_MoreSolarPower
6583,VEE_MoreSolarPower
6584,VEE_MoreSolarPower
6585,VEE_MoreSolarPower
6586,VEE_MoreSolarPower;WildTattooinePlants
6587,VEE_MoreSolarPower
6588,Dunes;VEE_MoreSolarPower;WildTattooinePlants
6589,VEE_MoreSolarPower;WildTattooinePlants
6590,VEE_MoreSolarPower
6591,VEE_MoreSolarPower
6592,VEE_MoreSolarPower
6593,VEE_MoreSolarPower
6594,VEE_MoreSolarPower
6595,VEE_MoreSolarPower
6596,VEE_MoreSolarPower;WildTattooinePlants
6597,VEE_MoreSolarPower;WildTattooinePlants
6598,VEE_MoreSolarPower;WildTattooinePlants
6599,VEE_MoreSolarPower;WildTattooinePlants
6600,VEE_MoreSolarPower;WildTattooinePlants
6601,VEE_MoreSolarPower;WildTattooinePlants
6602,VEE_MoreSolarPower
6603,VEE_MoreSolarPower
6604,VEE_MoreSolarPower;VEE_DryRiver
6605,Mountain;MineralRich;VEE_MoreSolarPower
6606,Mountain;MineralRich;VEE_MoreSolarPower;WildTattooinePlants
6607,Mountain;MineralRich;VEE_DeepOreRich;VEE_MoreSolarPower
6608,Mountain;VEE_DryRiver
6609,MineralRich
6610,Cliffs;AncientQuarry;AnimalLife_Increased;MineralRich;AncientRuins
6611,Cliffs;MineralRich
6612,Cliffs;AnimalLife_Increased;VEE_DryRiver
6613,Mountain
6614,Mountain
6615,Mountain;VEE_DryRiver
6616,MineralRich
6617,MineralRich
6620,VEE_MineralDevoid;VEE_DeepOreDevoid
6625,VEE_MineralDevoid;VEE_DeepOreDevoid
6633,SunnyMutator;Junkyard
6634,VEE_MineralDevoid;VEE_DeepOreDevoid;Coast
6636,Archipelago
6637,VEE_MineralDevoid;VEE_DeepOreDevoid
6638,VEE_GravelBeach
6639,Dunes
6640,Dunes;VEE_FloodPlains;MineralRich;VEE_DeepOreRich;AncientWarehouse
6641,Dunes;Fish_Increased;VEE_FloodPlains
6642,Fish_Increased
6643,AnimalHabitat;Fish_Increased;AnimalLife_Increased
6645,Junkyard;Stockpile;VEE_MineralDevoid;VEE_DeepOreDevoid;CoastalIsland
6646,AnimalHabitat;Fish_Increased
6653,AnimalHabitat;Fish_Increased;AnimalLife_Increased
6654,Cliffs;AnimalLife_Increased;Coast
6655,AnimalHabitat;Fish_Increased
6656,AnimalHabitat;Fish_Increased
6658,Junkyard;VEE_MineralDevoid;VEE_DeepOreDevoid;Archipelago
6660,VEE_SaltPlains
6661,VEE_SaltPlains;WildTattooinePlants;Junkyard;Stockpile;VEE_MineralDevoid;VEE_DeepOreDevoid;Archipelago
6662,VEE_SaltPlains
6663,VEE_SaltPlains;AnimalHabitat;Fish_Increased
6664,WildPlants;Junkyard;Stockpile;VEE_MineralDevoid;VEE_DeepOreDevoid;VEE_RisingWaters;Coast
6665,WildDantooinePlants;WindyMutator;CoastalIsland
6666,Junkyard;Stockpile;VEE_MineralDevoid;VEE_DeepOreDevoid;VEE_RisingWaters;Coast
6667,VEE_SaltPlains
6670,VEE_SaltPlains;CoastalIsland
6671,VEE_SaltPlains
6674,AnimalHabitat;Fish_Increased
6676,AnimalHabitat;Fish_Increased
6677,Coast
6678,AnimalHabitat;Archipelago
6680,VEE_MoreSolarPower
6681,VEE_MineralDevoid;VEE_DeepOreDevoid;Dunes;Dunes;VEE_MoreSolarPower
6682,Cliffs;MineralRich;VEE_MoreSolarPower
6683,VEE_MoreSolarPower
6684,Mountain;MineralRich;VEE_MoreSolarPower;WildTattooinePlants
6685,VEE_MoreSolarPower
6686,Dunes;VEE_MoreSolarPower
6687,VEE_MoreSolarPower
6688,Dunes;VEE_MoreSolarPower
6689,VEE_MoreSolarPower
6690,VEE_MoreSolarPower
6691,VEE_MineralDevoid;VEE_DeepOreDevoid;Dunes;VEE_MoreSolarPower
6692,VEE_MoreSolarPower
6693,MineralRich;VEE_MoreSolarPower
6694,VEE_MoreSolarPower;VEE_DryRiver
6695,Cavern;AncientQuarry;AncientQuarry;MineralRich;VEE_MoreSolarPower
6696,Mountain;MineralRich;VEE_DeepOreRich;VEE_MoreSolarPower
6697,Mountain;MineralRich;VEE_DeepOreRich;VEE_MoreSolarPower
6698,VEE_MoreSolarPower
6699,VEE_MoreSolarPower
6700,VEE_MoreSolarPower
6701,VEE_MoreSolarPower
6702,Dunes;Dunes;VEE_MoreSolarPower
6703,Dunes;VEE_MoreSolarPower
6704,VEE_MineralDevoid;VEE_DeepOreDevoid;Dunes;VEE_MoreSolarPower
6705,VEE_MoreSolarPower;WildTattooinePlants
6706,VEE_MoreSolarPower
6707,VEE_MoreSolarPower
6708,VEE_MoreSolarPower;WildTattooinePlants
6709,Dunes;VEE_MoreSolarPower;WildTattooinePlants
6710,VEE_MoreSolarPower;WildTattooinePlants
6711,Dunes;VEE_MoreSolarPower;WildTattooinePlants
6712,VEE_MineralDevoid;VEE_DeepOreDevoid;DryLake;VEE_MoreSolarPower;WildTattooinePlants
6713,VEE_MoreSolarPower;WildTattooinePlants
6714,VEE_MoreSolarPower;WildTattooinePlants
6715,VEE_MoreSolarPower;WildTattooinePlants
6717,Basin
6721,VEE_MineralDevoid;VEE_DeepOreDevoid
6722,Mountain
6723,Mountain
6724,Mountain;VEE_DryRiver
6726,Mountain
6727,Mountain
6729,Mountain
6730,Mountain
6731,Mountain
6733,Mountain
6734,Mountain
6737,Mountain
6738,Dunes;Dunes
6750,VEE_MineralDevoid;VEE_DeepOreDevoid
6752,Mountain
6753,Mountain
6755,Mountain
6756,Caves
6764,VEE_MeteorCrater
6766,Caves
6772,Caves
6773,Caves
6778,WindyMutator;Iceberg
6779,Stockpile;AncientRuins;VEE_MineralDevoid;VEE_DeepOreDevoid;Archipelago
6781,VEE_MineralDevoid;VEE_DeepOreDevoid;Archipelago
6782,AncientRuins;VEE_MineralDevoid;VEE_DeepOreDevoid;Archipelago
6783,Mountain
6784,Mountain
6785,Mountain
6786,WindyMutator;Iceberg
6787,AncientRuins;VEE_MineralDevoid;VEE_DeepOreDevoid;Archipelago
6788,VEE_LessSolarPower
6789,VEE_LessSolarPower
6790,VEE_LessSolarPower
6791,VEE_MineralDevoid;VEE_DeepOreDevoid;ToxicLake;VEE_LessSolarPower
6792,VEE_LessSolarPower
6793,VEE_LessSolarPower
6794,VEE_LessSolarPower
6795,VEE_MineralDevoid;VEE_DeepOreDevoid;VEE_LessSolarPower
6796,VEE_LessSolarPower
6797,VEE_LessSolarPower
6798,VEE_LessSolarPower
6799,VEE_LessSolarPower
6800,VEE_LessSolarPower
6801,VEE_LessSolarPower
6802,VEE_LessSolarPower
6803,VEE_LessSolarPower
6804,VEE_LessSolarPower
6805,VEE_LessSolarPower
6806,VEE_LessSolarPower
6807,VEE_LessSolarPower
6808,VEE_LessSolarPower
6809,VEE_MineralDevoid;VEE_DeepOreDevoid;VEE_LessSolarPower
6810,VEE_LessSolarPower
6811,VEE_LessSolarPower
6812,VEE_LessSolarPower
6813,VEE_LessSolarPower
6814,Caves;VEE_LessSolarPower
6815,VEE_LessSolarPower
6816,VEE_LessSolarPower
6817,VEE_LessSolarPower
6818,VEE_LessSolarPower
6819,VEE_LessSolarPower
6820,VEE_LessSolarPower
6821,VEE_LessSolarPower
6822,VEE_LessSolarPower
6823,VEE_LessSolarPower
6829,VEE_MineralDevoid;VEE_DeepOreDevoid
6834,Mountain
6840,AncientChemfuelRefinery
6843,VEE_MineralDevoid;VEE_DeepOreDevoid;VEE_SaltPlains
6854,AncientGarrison
6855,Mountain
6859,Mountain
6860,VEE_LessSolarPower
6861,VEE_LessSolarPower
6862,VEE_LessSolarPower
6863,VEE_LessSolarPower
6864,VEE_LessSolarPower
6865,VEE_LessSolarPower
6866,VEE_LessSolarPower
6867,VEE_LessSolarPower
6868,VEE_LessSolarPower
6869,Caves;VEE_LessSolarPower
6870,VEE_LessSolarPower
6871,Caves;VEE_LessSolarPower
6872,VEE_LessSolarPower
6873,VEE_LessSolarPower
6874,VEE_LessSolarPower
6875,VEE_LessSolarPower
6876,VEE_LessSolarPower
6877,VEE_LessSolarPower
6878,VEE_MeteorCrater;VEE_LessSolarPower
6879,Caves;VEE_LessSolarPower
6880,VEE_LessSolarPower
6881,Caves;VEE_LessSolarPower
6882,Caves;VEE_LessSolarPower
6883,Caves;VEE_LessSolarPower
6884,VEE_LessSolarPower
6885,Caves;VEE_LessSolarPower
6886,Caves;VEE_LessSolarPower
6887,Caves;VEE_LessSolarPower
6890,VEE_LessSolarPower
6891,Caves;VEE_LessSolarPower
6892,VEE_LessSolarPower
6894,Caves;VEE_LessSolarPower
6895,Caves;VEE_LessSolarPower
6896,IceDunes;WindyMutator
6897,AncientRuins;VEE_MineralDevoid;VEE_DeepOreDevoid;Archipelago
6899,Mountain;AncientRuins;VEE_MineralDevoid;VEE_DeepOreDevoid
6900,AnimalHabitat;Fish_Increased;IceDunes;WindyMutator
6902,Junkyard;Stockpile;VEE_MineralDevoid;VEE_DeepOreDevoid
6903,Mountain
6904,Mountain
6905,Mountain
6911,Mountain
6914,CoastalIsland
6915,AnimalHabitat;Fish_Increased;CoastalIsland
6916,AnimalHabitat;Fish_Increased;AnimalLife_Increased
6919,Junkyard;Stockpile;Coast
6920,CoastalIsland
6921,CoastalIsland
6922,CoastalIsland
6923,AnimalHabitat;Fish_Increased;CoastalIsland
6924,CoastalIsland
6927,CoastalIsland
6928,CoastalIsland
6929,CoastalIsland
6931,CoastalIsland
6933,Mountain
6936,Mountain
6940,Mountain;Caves
6941,VEE_PlantLife_Overgrown;VEE_NoTrees
6942,Mountain
6943,Mountain
6951,Mountain
6952,Mountain;CoastalIsland
6954,Mountain
6955,Cavern
6960,CoastalIsland
6963,Fish_Increased
6964,Fish_Increased;VEE_MarineSanctuary
6965,Fish_Increased
6966,Fish_Increased
6969,Mountain
6971,Mountain;Oasis;SunnyMutator;Coast
6974,Oasis
6975,Oasis
6976,Mountain
6977,Mountain;AbandonedColonyTribal;AbandonedColonyTribal
6979,Oasis
6982,Fish_Increased;VEE_MarineSanctuary
6983,Fish_Increased
6984,VEE_SaltPlains;WindyMutator;VEE_RisingWaters
6985,VEE_SaltPlains
6986,VEE_SaltPlains
6987,VEE_SaltPlains;Oasis
6988,VEE_SaltPlains
6989,VEE_SaltPlains
6991,Oasis
6999,Oasis
7000,Oasis
7001,Oasis
7002,Oasis
7003,Oasis
7004,VEE_DryRiver
7005,Mountain
7006,Oasis
7008,VEE_DryRiver
7010,Mountain;Caves
7012,Mountain
7014,Mountain
7015,Mountain
7016,AnimalLife_Increased
7017,VEE_MineralDevoid;VEE_DeepOreDevoid;VEE_QuicksandDunes;VEE_QuicksandDunes;VEE_DryRiver
7024,AnimalLife_Increased;SunnyMutator
7028,Mountain
7029,Valley;Caves
7030,Mountain;MineralRich
7032,MineralRich
7033,Mountain;MineralRich;VEE_DeepOreRich
7035,Caves
7036,Mountain
7037,Mountain;AbandonedColonyTribal;AbandonedColonyTribal
7038,Mountain
7040,AnimalLife_Increased;VEE_MoreSolarPower
7041,Mountain;CaveLakes;VEE_StagnantRivulet;Fish_Increased;VEE_MoreSolarPower;Headwater
7042,Oasis;AncientRuins;VEE_MoreSolarPower
7043,CaveLakes;VEE_StagnantRivulet;Fish_Increased;VEE_MoreSolarPower;Headwater
7044,Mountain;VEE_MoreSolarPower
7045,Mountain;VEE_MoreSolarPower
7046,Fish_Increased
7047,Fish_Increased
7049,Fish_Decreased
7050,Fish_Decreased
7052,Fish_Increased;VEE_MoreSolarPower;River
7053,Marshy;VEE_FloodPlains;VEE_MoreSolarPower
7054,VEE_StagnantRivulet;Fish_Increased;VEE_MoreSolarPower;River
7055,VEE_StagnantRivulet;Fish_Increased;VEE_MoreSolarPower;RiverIsland
7056,Fish_Increased;VEE_FloodPlains;VEE_MoreSolarPower
7057,Fish_Increased;VEE_FloodPlains;VEE_MoreSolarPower
7058,AB_LocustPlagues;Oasis;InsectMegahive;VEE_IncreasedDiseases;Pond;VEE_FloodPlains;VEE_MoreSolarPower
7059,Oasis;AB_FeraliskNest;VEE_RottenStench;Pond;InsectMegahive;VEE_StagnantRivulet;AnimalLife_Increased;VEE_MoreSolarPower
7060,Marshy;Oasis;AB_FeraliskNest;InsectMegahive;VEE_RotstinkVents;VEE_MoreSolarPower
7061,AB_LocustPlagues;VEE_StagnantRivulet;ToxicLake;AB_BumbledroneNests;Oasis;VEE_MoreSolarPower
7062,Marshy;Oasis;VEE_IncreasedInfestations;AB_FeraliskNest;VEE_RottenStench;VEE_MoreSolarPower
7063,Marshy;AB_FeraliskNest;AB_LocustPlagues;ToxicLake;VEE_MoreSolarPower
7064,Mountain;AnimalLife_Increased;VEE_MoreSolarPower
7065,Mountain;VEE_MoreSolarPower
7066,AB_FeraliskNest;VEE_RottenStench;Pond;InsectMegahive;VEE_StagnantRivulet;AnimalLife_Increased;VEE_MoreSolarPower
7067,Marshy;VEE_MoreSolarPower
7068,AnimalLife_Increased;VEE_MoreSolarPower
7069,Mountain;VEE_MoreSolarPower;Bay
7071,Fish_Increased
7072,Fish_Increased
7074,VEE_SulfuricLake;Fish_Decreased
7075,Fish_Decreased
7076,Mountain;MineralRich;VEE_DeepOreRich;AnimalLife_Increased;VEE_MoreSolarPower
7077,Mountain;CaveLakes;VEE_MoreSolarPower;Headwater
7078,Cliffs;AnimalLife_Increased;VEE_MoreSolarPower
7079,Cliffs;VEE_MoreSolarPower;River
7080,Mountain;VEE_MoreSolarPower;RiverIsland
7081,Mountain;CaveLakes;VEE_MoreSolarPower;Headwater
7082,SteamGeysers_Increased;VEE_SulfuricLake;Fish_Increased
7083,Fish_Increased
7084,Mountain;AnimalLife_Increased;VEE_MoreSolarPower
7085,Mountain;VEE_MoreSolarPower
7086,Cliffs;AnimalLife_Increased;VEE_MoreSolarPower
7087,Fish_Increased;AnimalLife_Increased
7088,Fish_Decreased
7089,ToxicLake;Fish_Decreased
7091,Fish_Decreased
7092,VEE_SulfuricLake;Fish_Decreased
7093,Fish_Decreased
7096,Fish_Decreased
7097,ToxicLake;Fish_Decreased
7098,Fish_Decreased
7100,Mountain;MineralRich;AnimalLife_Increased;VEE_ToxicVents;VEE_MoreSolarPower;VEE_GravelBeach
7101,Mountain;CaveLakes;MineralRich;VEE_DeepOreRich;VEE_MoreSolarPower;Headwater
7102,SteamGeysers_Increased;VEE_SulfuricLake;Fish_Increased
7103,SteamGeysers_Increased;Fish_Increased
7104,Cliffs;AnimalLife_Increased;VEE_MoreSolarPower
7105,Mountain;MineralRich;VEE_MoreSolarPower;River
7106,Mountain;CaveLakes;VEE_MoreSolarPower;Headwater
7107,Mountain;MineralRich;Fish_Increased;VEE_MoreSolarPower;River
7108,Mountain;CaveLakes;MineralRich;VEE_DeepOreRich;VEE_MoreSolarPower;Headwater
7109,Mountain;VEE_MoreSolarPower
7110,AnimalLife_Increased;VEE_MoreSolarPower
7111,Mountain;Fish_Increased;VEE_MoreSolarPower;RiverIsland
7112,Caves;VEE_LessSolarPower
7113,VEE_LessSolarPower
7114,VEE_LessSolarPower
7115,VEE_LessSolarPower
7116,VEE_LessSolarPower
7117,Caves;VEE_LessSolarPower
7118,VEE_LessSolarPower
7119,VEE_LessSolarPower
7120,VEE_LessSolarPower
7121,VEE_LessSolarPower
7122,VEE_LessSolarPower
7123,VEE_LessSolarPower
7124,Caves;VEE_LessSolarPower
7125,VEE_LessSolarPower
7126,VEE_LessSolarPower
7127,VEE_LessSolarPower
7128,Caves;VEE_LessSolarPower
7129,Caves;VEE_LessSolarPower
7130,VEE_LessSolarPower
7131,VEE_LessSolarPower
7132,VEE_LessSolarPower
7133,VEE_LessSolarPower
7134,VEE_LessSolarPower
7135,VEE_LessSolarPower
7136,Caves;VEE_LessSolarPower
7137,Caves;VEE_LessSolarPower
7138,VEE_LessSolarPower
7139,Caves;VEE_LessSolarPower
7140,Caves;VEE_LessSolarPower
7141,Caves;VEE_LessSolarPower
7142,VEE_LessSolarPower
7143,VEE_LessSolarPower
7144,VEE_LessSolarPower
7145,VEE_LessSolarPower
7146,VEE_LessSolarPower
7147,VEE_LessSolarPower
7148,WindyMutator
7149,Caves
7153,WindyMutator
7155,Fish_Increased;AnimalLife_Increased
7158,WindyMutator;VEE_GravelBeach
7160,Chasm;Caves
7162,Caves
7165,Caves
7166,Cliffs;Caves
7170,Caves
7174,VEE_JaggedRocks;VEE_MineralDevoid;VEE_DeepOreDevoid
7176,Mountain
7177,Mountain
7179,WildPlants;WindyMutator
7180,Mountain
7181,WindyMutator;VEE_GravelBeach
7182,Fish_Increased;AnimalLife_Increased
7183,CoastalIsland
7184,VEE_LessSolarPower
7185,VEE_LessSolarPower
7186,VEE_LessSolarPower
7187,Caves;VEE_LessSolarPower
7188,VEE_LessSolarPower
7189,VEE_LessSolarPower
7190,Caves;VEE_LessSolarPower
7191,VEE_LessSolarPower
7192,VEE_LessSolarPower
7193,VEE_LessSolarPower
7194,VEE_LessSolarPower
7195,VEE_LessSolarPower
7196,VEE_LessSolarPower
7197,VEE_LessSolarPower
7198,Caves;VEE_LessSolarPower
7199,VEE_LessSolarPower
7200,VEE_LessSolarPower
7201,VEE_LessSolarPower
7202,VEE_LessSolarPower
7203,VEE_LessSolarPower
7204,VEE_LessSolarPower
7207,VEE_LessSolarPower
7208,Caves;VEE_LessSolarPower
7209,Caves;VEE_LessSolarPower
7210,Caves;VEE_LessSolarPower
7211,VEE_LessSolarPower
7212,Caves;VEE_LessSolarPower
7213,Caves;VEE_LessSolarPower
7214,Caves;VEE_LessSolarPower
7215,VEE_LessSolarPower
7216,Caves;VEE_LessSolarPower
7217,Caves;VEE_LessSolarPower
7218,VEE_LessSolarPower
7219,Caves;VEE_LessSolarPower
7220,WindyMutator;VEE_GravelBeach
7221,CoastalIsland
7222,WindyMutator
7223,WindyMutator
7225,WindyMutator
7226,Mountain;Caves
7227,Mountain;Caves
7228,Mountain;Caves
7229,Caves
7230,Caves
7231,Caves
7232,Fish_Increased;AnimalLife_Increased
7233,WindyMutator;VEE_GravelBeach
7235,WindyMutator
7237,Fish_Increased;AnimalLife_Increased
7238,WindyMutator;VEE_RisingWaters
7240,WindyMutator;VEE_GravelBeach
7241,Fish_Increased;AnimalLife_Increased
7244,VEE_SaltPlains
7246,VEE_SaltPlains
7247,VEE_SaltPlains
7248,VEE_SaltPlains
7250,Caves
7251,Mountain
7258,Caves
7268,Caves
7269,Caves
7270,Caves
7271,Caves
7272,Caves
7273,Mountain;Caves
7274,Mountain
7275,Mountain
7276,Caves
7277,Mountain;Caves
7278,Mountain;Caves
7279,Caves
7283,Mountain;Caves
7294,VEE_MineralDevoid;VEE_DeepOreDevoid
7306,AncientChemfuelRefinery
7307,Cliffs
7308,Cliffs
7309,Mountain;SteamGeysers_Increased
7310,Mountain
7311,Cliffs
7312,VEE_LessSolarPower
7313,VEE_LessSolarPower
7314,VEE_LessSolarPower
7315,VEE_LessSolarPower
7316,VEE_LessSolarPower
7317,VEE_LessSolarPower
7318,VEE_LessSolarPower
7319,VEE_LessSolarPower
7320,VEE_LessSolarPower
7321,VEE_LessSolarPower
7322,VEE_MineralDevoid;VEE_DeepOreDevoid;Dunes;VEE_MoreSolarPower;WildTattooinePlants
7323,Dunes;VEE_MoreSolarPower;WildTattooinePlants
7324,Dunes;VEE_MoreSolarPower;WildTattooinePlants
7325,VEE_MineralDevoid;VEE_DeepOreDevoid;Dunes;VEE_MoreSolarPower;WildTattooinePlants
7326,Dunes;VEE_MoreSolarPower;WildTattooinePlants
7327,VEE_MoreSolarPower;WildTattooinePlants
7328,VEE_MoreSolarPower;WildTattooinePlants
7329,VEE_MoreSolarPower;WildTattooinePlants
7330,Caves;VEE_MoreSolarPower
7331,Dunes;VEE_MoreSolarPower;WildTattooinePlants
7333,VEE_MineralDevoid;VEE_DeepOreDevoid;Dunes;VEE_DryRiver
7334,Dunes
7338,VEE_MineralDevoid;VEE_DeepOreDevoid
7341,VEE_MineralDevoid;VEE_DeepOreDevoid
7342,Oasis;VEE_FloodPlains
7343,River
7344,AnimalLife_Increased
7346,VEE_DryRiver
7352,Caves;VEE_LessSolarPower
7353,VEE_LessSolarPower
7354,VEE_LessSolarPower
7357,VEE_LessSolarPower
7370,VEE_MoreSolarPower
7371,VEE_MoreSolarPower
7374,VEE_MoreSolarPower
7375,VEE_MoreSolarPower
7376,VEE_AlluvialFan;CoastalIsland
7380,WindyMutator;AnimalHabitat;CoastalIsland
7382,VEE_LessSolarPower
7383,VEE_LessSolarPower
7386,VEE_LessSolarPower
7387,VEE_Cenotes;VEE_Cenotes;VEE_LessSolarPower
7388,VEE_LessSolarPower
7389,VEE_LessSolarPower
7393,Caves;VEE_LessSolarPower
7400,AB_MagmaVents;LavaFlow;AB_MagmaticQuagmire;AB_MagmaticQuagmire;AB_MagmaVents;AB_GeothermalHotspots;VEE_MoreSolarPower
7401,Cliffs;VEE_MoreSolarPower
7402,Cliffs;VEE_MoreSolarPower
7403,Cliffs;VEE_MoreSolarPower
7404,Mountain;VEE_MoreSolarPower
7405,AB_MagmaVents;LavaFlow;AB_MagmaticQuagmire;AB_MagmaticQuagmire;AB_MagmaVents;AB_GeothermalHotspots;VEE_MoreSolarPower
7406,VEE_MoreSolarPower
7407,VEE_MoreSolarPower
7408,VEE_MoreSolarPower
7411,VEE_MoreSolarPower
7412,VEE_LessSolarPower
7413,VEE_LessSolarPower
7414,VEE_LessSolarPower
7417,VEE_LessSolarPower
7423,VEE_MineralDevoid;VEE_DeepOreDevoid
7425,VEE_RockRidge
7426,VEE_MeteorCrater;VEE_DustBowl
7427,VEE_MeteorCrater;VEE_DeepOreDevoid;VEE_MineralDevoid;VEE_DustBowl
7428,VEE_RockRidge;VEE_DustBowl
7429,VEE_RockRidge
7430,VEE_MoreSolarPower
7431,VEE_MoreSolarPower
7433,Mountain
7434,Mountain;VEE_MoreSolarPower
7435,VEE_MoreSolarPower
7437,VEE_SaltPlains
7438,DryGround
7439,DryGround
7442,VEE_LessSolarPower
7443,VEE_LessSolarPower
7444,VEE_LessSolarPower
7445,Caves;VEE_LessSolarPower
7446,Mountain;VEE_LessSolarPower
7447,Caves;VEE_LessSolarPower
7448,VEE_LessSolarPower
7449,VEE_LessSolarPower
7452,VEE_LessSolarPower
7453,VEE_LessSolarPower
7454,VEE_RockRidge;VEE_MoreSolarPower;Dunes
7455,VEE_RockRidge;VEE_MineralDevoid;VEE_DeepOreDevoid;Dunes;VEE_MoreSolarPower
7456,VEE_MeteorCrater;VEE_DustBowl
7457,VEE_MeteorCrater;VEE_MoreSolarPower;Dunes;VEE_DustBowl
7458,VEE_RockRidge;VEE_MineralDevoid;VEE_DeepOreDevoid;Dunes;Dunes;VEE_MoreSolarPower
7459,VEE_RockRidge;VEE_DustBowl;Dunes
7460,VEE_MoreSolarPower
7461,VEE_MoreSolarPower
7462,VEE_MoreSolarPower
7463,VEE_MoreSolarPower
7464,VEE_MoreSolarPower
7465,VEE_MoreSolarPower
7466,Junkyard;Stockpile;VEE_MineralDevoid;VEE_DeepOreDevoid;WindyMutator;VEE_RisingWaters;Coast
7468,AncientWarehouse;VEE_MineralDevoid;VEE_DeepOreDevoid;WindyMutator;VEE_RisingWaters;Coast
7469,Junkyard;Stockpile;VEE_MineralDevoid;VEE_DeepOreDevoid;WindyMutator;VEE_RisingWaters;Coast
7473,Hollow;VEE_Cenotes;VEE_StagnantRivulet
7474,Hollow;VEE_StagnantRivulet
7475,Hollow;VEE_Cenotes;VEE_StagnantRivulet
7485,VEE_FleshPits;VEE_FleshPits
7490,VEE_MineralDevoid;VEE_DeepOreDevoid
7493,VEE_MineralDevoid;VEE_DeepOreDevoid
7497,VEE_MineralDevoid;VEE_DeepOreDevoid;SunnyMutator;VEE_RisingWaters
7500,VEE_MineralDevoid;VEE_DeepOreDevoid;CoastalIsland
7508,VEE_SaltPlains
7509,VEE_MineralDevoid;VEE_DeepOreDevoid;VEE_SaltPlains
7510,DryLake
7511,DryLake
7512,VEE_MineralDevoid;VEE_DeepOreDevoid;VEE_SaltPlains
7513,VEE_SaltPlains
7515,Mountain
7518,Mountain
7526,Caves
7527,Caves
7528,Caves
7529,Caves
7530,Caves
7531,Caves
7538,VEE_SaltPlains
7539,DryLake
7540,DryLake
7541,VEE_SaltPlains
7542,VEE_SaltPlains
7543,VEE_SaltPlains
7545,VEE_MineralDevoid;VEE_DeepOreDevoid
7548,VEE_MineralDevoid;VEE_DeepOreDevoid
7554,VEE_RockRidge
7563,VEE_MineralDevoid;VEE_DeepOreDevoid
7566,VEE_MineralDevoid;VEE_DeepOreDevoid
7569,VEE_MineralDevoid;VEE_DeepOreDevoid;AncientRuins;AncientWarehouse;Stockpile
7572,VEE_MineralDevoid;VEE_DeepOreDevoid;AncientRuins;AncientWarehouse;Stockpile
7573,AncientWarehouse;Stockpile
7575,AncientRuins;AncientWarehouse;Stockpile
7577,TerraformingScar;VEE_MineralDevoid;VEE_DeepOreDevoid
7578,AncientWarehouse;Stockpile
7579,AncientRuins;AncientWarehouse;Stockpile
7587,VEE_MineralDevoid;VEE_DeepOreDevoid
7590,VEE_MineralDevoid;VEE_DeepOreDevoid
7592,Caves
7593,Caves;VEE_LessSolarPower
7594,VEE_LessSolarPower
7595,VEE_LessSolarPower
7596,VEE_LessSolarPower
7597,Caves;VEE_LessSolarPower
7598,Caves;VEE_LessSolarPower
7599,VEE_LessSolarPower
7600,Caves;VEE_LessSolarPower
7601,VEE_LessSolarPower
7602,Cliffs;Caves;VEE_LessSolarPower
7603,Caves;VEE_LessSolarPower
7604,Caves;VEE_LessSolarPower
7605,Caves;VEE_LessSolarPower
7606,Caves;VEE_LessSolarPower;AncientRuins;AncientWarehouse;Stockpile
7607,Caves;VEE_LessSolarPower;AncientRuins;AncientWarehouse;Stockpile
7608,Caves;VEE_LessSolarPower;AncientWarehouse;Stockpile
7609,Caves;VEE_LessSolarPower
7610,Caves
7611,Caves;VEE_LessSolarPower
7612,VEE_LessSolarPower
7613,Caves;VEE_LessSolarPower
7614,Caves
7615,Caves;VEE_LessSolarPower
7616,VEE_LessSolarPower
7617,VEE_LessSolarPower
7618,UndergroundCave;VEE_LessSolarPower
7619,UndergroundCave;VEE_LessSolarPower
7620,VEE_LessSolarPower
7621,UndergroundCave;VEE_LessSolarPower
7622,VEE_LessSolarPower
7623,VEE_LessSolarPower
7624,VEE_LessSolarPower
7625,VEE_LessSolarPower
7626,VEE_LessSolarPower
7627,VEE_LessSolarPower
7628,VEE_LessSolarPower
7629,VEE_LessSolarPower
7630,AncientRuins;AncientRuins;VEE_LessSolarPower
7631,VEE_LessSolarPower
7632,VEE_LessSolarPower
7633,VEE_LessSolarPower
7634,Mountain;VEE_LessSolarPower
7635,Mountain;VEE_LessSolarPower
7636,VEE_LessSolarPower
7637,VEE_LessSolarPower
7638,VEE_LessSolarPower
7639,Mountain;VEE_LessSolarPower
7640,AncientRuins;AncientRuins;VEE_LessSolarPower
7641,VEE_LessSolarPower
7642,VEE_LessSolarPower
7643,VEE_LessSolarPower
7644,VEE_LessSolarPower
7645,Caves;VEE_LessSolarPower
7647,VEE_LessSolarPower
7648,VEE_LessSolarPower
7649,Caves
7652,VEE_FloodPlains;VEE_MoreSolarPower
7653,VEE_StagnantRivulet;Fish_Increased;VEE_MoreSolarPower;River
7654,Marshy;VEE_MoreSolarPower
7655,Marshy;VEE_MoreSolarPower
7656,AnimalLife_Increased;VEE_MoreSolarPower
7657,VEE_MoreSolarPower
7658,VEE_MoreSolarPower
7659,VEE_MoreSolarPower
7660,VEE_MoreSolarPower
7661,VEE_MoreSolarPower
7662,VEE_MoreSolarPower
7663,VEE_MoreSolarPower
7664,VEE_MoreSolarPower;WildTattooinePlants
7665,VEE_MoreSolarPower;WildTattooinePlants
7666,VEE_MoreSolarPower;WildTattooinePlants
7667,VEE_MoreSolarPower;WildTattooinePlants
7668,Dunes;VEE_MoreSolarPower;WildTattooinePlants
7669,VEE_MoreSolarPower;WildTattooinePlants
7670,VEE_MoreSolarPower
7671,VEE_MoreSolarPower
7672,VEE_MoreSolarPower
7673,VEE_MoreSolarPower
7674,VEE_MineralDevoid;VEE_DeepOreDevoid;VEE_MoreSolarPower
7675,VEE_MoreSolarPower
7676,VEE_MoreSolarPower
7677,VEE_MoreSolarPower
7678,VEE_MoreSolarPower
7679,VEE_MoreSolarPower
7680,VEE_MoreSolarPower
7681,VEE_MoreSolarPower
7682,VEE_MoreSolarPower
7683,VEE_MoreSolarPower
7684,VEE_MoreSolarPower
7685,VEE_MineralDevoid;VEE_DeepOreDevoid;VEE_MoreSolarPower
7686,VEE_MoreSolarPower
7687,VEE_MoreSolarPower
7688,VEE_MoreSolarPower;WildTattooinePlants
7689,Dunes;VEE_MoreSolarPower;WildTattooinePlants
7690,VEE_MoreSolarPower;WildTattooinePlants
7691,VEE_MoreSolarPower;WildTattooinePlants
7692,VEE_MoreSolarPower;WildTattooinePlants
7693,VEE_MoreSolarPower;WildTattooinePlants
7694,AB_AmbientRadiation;AB_DerelictClusters;AncientHeatVent;VEE_MechanoidShipChunks;VEE_SulfuricLake;VEE_ToxicVents;VEE_MoreSolarPower
7695,AB_DerelictClusters;AncientHeatVent;VEE_ToxicVents;AnimalLife_Increased;VEE_MoreSolarPower
7696,AB_DerelictClusters;MineralRich;VEE_SulfuricLake;VEE_ToxicVents;VEE_MoreSolarPower
7697,TerraformingScar;AB_AmbientRadiation;AB_DerelictClusters;AncientHeatVent;VEE_MechanoidShipChunks;VEE_ToxicVents;VEE_MoreSolarPower
7698,AB_AmbientRadiation;AB_DerelictClusters;AncientHeatVent;AncientInfestedSettlement;AnimalLife_Increased;VEE_MoreSolarPower
7699,AB_AmbientRadiation;AB_DerelictClusters;AncientHeatVent;AncientRuins;VEE_SulfuricLake;VEE_MoreSolarPower
7700,VEE_MoreSolarPower
7701,VEE_MoreSolarPower;VEE_DustBowl
7702,VEE_RockRidge;VEE_MineralDevoid;VEE_DeepOreDevoid;Dunes;VEE_MoreSolarPower
7703,VEE_RockRidge;VEE_MoreSolarPower;Dunes
7704,VEE_MeteorCrater;VEE_MoreSolarPower;Dunes;VEE_DustBowl
7705,VEE_MeteorCrater;VEE_MineralDevoid;VEE_DeepOreDevoid;Dunes;VEE_MoreSolarPower;VEE_DustBowl
7706,VEE_MoreSolarPower;WildTattooinePlants
7707,Dunes;VEE_MoreSolarPower;WildTattooinePlants
7708,Dunes;VEE_MoreSolarPower;WildTattooinePlants
7709,VEE_MineralDevoid;VEE_DeepOreDevoid;Dunes;VEE_MoreSolarPower;WildTattooinePlants
7710,Dunes;VEE_MoreSolarPower;WildTattooinePlants
7711,VEE_MoreSolarPower;WildTattooinePlants
7712,VEE_MoreSolarPower
7713,VEE_MoreSolarPower
7714,VEE_MoreSolarPower
7715,VEE_MoreSolarPower
7716,VEE_MoreSolarPower
7717,VEE_MoreSolarPower
7720,MineralRich;VEE_DeepOreRich;AncientRuins;Junkyard
7722,MineralRich;VEE_DeepOreRich;AncientWarehouse
7723,MineralRich;VEE_DeepOreRich;AncientRuins
7730,VEE_MoreSolarPower
7731,Dunes;VEE_MoreSolarPower
7732,VEE_MoreSolarPower
7733,VEE_MoreSolarPower
7734,Dunes;VEE_MoreSolarPower;VEE_SaltPlains
7735,VEE_MineralDevoid;VEE_DeepOreDevoid;Dunes;VEE_MoreSolarPower
7739,Mountain
7740,Mountain
7748,VEE_LessSolarPower
7749,VEE_LessSolarPower
7750,VEE_LessSolarPower
7751,VEE_MeteorCrater;VEE_LessSolarPower
7752,VEE_MineralDevoid;VEE_DeepOreDevoid;VEE_LessSolarPower
7753,VEE_LessSolarPower
7755,VEE_MineralDevoid;VEE_DeepOreDevoid
7758,VEE_MineralDevoid;VEE_DeepOreDevoid
7760,VEE_LessSolarPower
7761,VEE_LessSolarPower
7762,VEE_LessSolarPower
7763,VEE_LessSolarPower
7764,VEE_LessSolarPower
7765,VEE_LessSolarPower
7766,AnimalHabitat;Fish_Increased
7768,AnimalHabitat;Fish_Increased;IceDunes;WindyMutator
7769,AnimalHabitat;Fish_Increased;VEE_DeepSnow;WindyMutator
7771,Junkyard;VEE_MineralDevoid;VEE_DeepOreDevoid;WindyMutator;VEE_RisingWaters;Coast
7772,Mountain;Bay
7773,Mountain;SunnyMutator;Coast
7777,Archipelago
7778,Mountain;Coast
7779,Mountain;SunnyMutator;Coast
7780,Oasis
7781,Mountain;Oasis
7782,Oasis
7783,Mountain
7784,AncientRuins
7785,Mountain;Caves
7786,VEE_SerpentineCanyons;River
7787,VEE_DryRiver
7788,Cliffs;AnimalLife_Increased
7789,Mountain
7790,Cliffs;AnimalLife_Increased;VEE_MoreSolarPower
7791,Cliffs;Fish_Increased;AnimalLife_Increased;VEE_MoreSolarPower;RiverDelta;Bay
7792,Cliffs;AnimalLife_Increased;VEE_MoreSolarPower
7793,Mountain;VEE_MoreSolarPower
7794,Mountain;AnimalLife_Increased;VEE_MoreSolarPower
7795,Cliffs;Fish_Increased;VEE_MoreSolarPower;River
7796,SteamGeysers_Increased;Fish_Increased
7797,SteamGeysers_Increased;VEE_SulfuricLake;Fish_Increased
7798,SteamGeysers_Increased;Fish_Increased
7799,Fish_Increased
7801,SteamGeysers_Increased;Fish_Increased
7802,VEE_LessSolarPower
7803,VEE_LessSolarPower
7804,Caves;VEE_LessSolarPower
7805,VEE_LessSolarPower
7806,Caves;VEE_LessSolarPower
7807,VEE_LessSolarPower
7809,Mountain
7810,WindyMutator
7812,Caves
7814,Caves;VEE_LessSolarPower
7815,VEE_LessSolarPower
7816,Caves;VEE_LessSolarPower
7817,Caves;VEE_LessSolarPower
7818,VEE_LessSolarPower
7819,Caves;VEE_LessSolarPower
7820,WildPlants;Fish_Increased;WindyMutator;VEE_RisingWaters
7821,VEE_SaltPlains
7822,WindyMutator;VEE_GravelBeach
7823,WindyMutator
7824,VEE_RisingWaters
7825,VEE_SaltPlains
7833,VEE_MineralDevoid;VEE_DeepOreDevoid
7836,VEE_MineralDevoid;VEE_DeepOreDevoid
7841,VEE_MineralDevoid;VEE_DeepOreDevoid
7851,VEE_MineralDevoid;VEE_DeepOreDevoid;VEE_DryRiver
7854,VEE_MineralDevoid;VEE_DeepOreDevoid
7857,VEE_MineralDevoid;VEE_DeepOreDevoid
7858,VEE_SaltPlains;AnimalLife_Decreased
7859,VEE_DryRiver
7860,VEE_MineralDevoid;VEE_DeepOreDevoid
7865,VEE_MineralDevoid;VEE_DeepOreDevoid
7871,Caves
7891,VEE_JaggedRocks
7897,VEE_DustBowl;VEE_PlantLife_Decimated;VEE_Fertility_Reduced;VEE_DustStorms
7900,VEE_MineralDevoid;VEE_DeepOreDevoid
7903,VEE_MineralDevoid;VEE_DeepOreDevoid
7904,Dunes
7905,Dunes
7906,VEE_MineralDevoid;VEE_DeepOreDevoid;Dunes
7907,Dunes
7908,Dunes
7909,VEE_MineralDevoid;VEE_DeepOreDevoid;Dunes
7922,Hollow
7923,Hollow;VEE_StagnantRivulet
7924,Mountain;VEE_Cenotes;VEE_StagnantRivulet
7925,Mountain;VEE_Cenotes;VEE_StagnantRivulet
7926,Mountain
7927,Hollow;DryGround
7928,VEE_MineralDevoid;VEE_DeepOreDevoid
7931,VEE_MineralDevoid;VEE_DeepOreDevoid
7936,VEE_MineralDevoid;VEE_DeepOreDevoid
7941,VEE_MineralDevoid;VEE_DeepOreDevoid
7942,DryGround
7943,VEE_SaltPlains
7944,VEE_MineralDevoid;VEE_DeepOreDevoid
7945,DryGround
7952,Caves
7953,Caves
7954,Caves;VEE_LessSolarPower
7955,Caves;VEE_LessSolarPower
7956,Caves
7957,Caves;VEE_LessSolarPower
7958,VEE_LessSolarPower
7959,VEE_LessSolarPower
7960,VEE_LessSolarPower
7961,VEE_LessSolarPower
7962,VEE_LessSolarPower
7963,VEE_LessSolarPower
7964,VEE_LessSolarPower
7965,VEE_LessSolarPower
7966,VEE_LessSolarPower
7967,VEE_LessSolarPower
7968,VEE_LessSolarPower
7969,VEE_LessSolarPower
7970,VEE_LessSolarPower
7971,VEE_LessSolarPower
7972,VEE_LessSolarPower
7973,VEE_LessSolarPower
7974,VEE_LessSolarPower
7975,VEE_LessSolarPower
7976,VEE_LessSolarPower
7977,VEE_LessSolarPower
7978,VEE_LessSolarPower
7979,VEE_LessSolarPower
7980,VEE_LessSolarPower
7981,VEE_LessSolarPower
7982,Caves;VEE_LessSolarPower
7983,VEE_LessSolarPower
7984,VEE_LessSolarPower
7985,VEE_LessSolarPower
7986,VEE_LessSolarPower
7987,Caves;VEE_LessSolarPower
7990,VEE_LessSolarPower
7991,VEE_LessSolarPower
7992,VEE_LessSolarPower
7993,VEE_LessSolarPower
7997,VEE_LessSolarPower
8000,VEE_LessSolarPower
8001,VEE_LessSolarPower
8002,VEE_LessSolarPower
8003,VEE_LessSolarPower
8004,VEE_LessSolarPower
8005,AncientRuins;AncientRuins;VEE_LessSolarPower
8006,Mountain;Caves;MineralRich;VEE_DeepOreRich;VEE_LessSolarPower
8007,Caves;MineralRich;VEE_LessSolarPower
8008,VEE_LessSolarPower
8009,VEE_LessSolarPower
8010,Caves;MineralRich;VEE_LessSolarPower
8011,VEE_LessSolarPower
8012,VEE_MoreSolarPower
8013,Oasis;VEE_MoreSolarPower
8014,Oasis;AnimalLife_Increased;SunnyMutator;Stockpile;Junkyard;VEE_MoreSolarPower
8015,SunnyMutator;VEE_MoreSolarPower
8016,VEE_MoreSolarPower
8017,VEE_PlantLife_Overgrown;VEE_NoTrees;VEE_MoreSolarPower
8018,VEE_MoreSolarPower;WildTattooinePlants
8019,VEE_MoreSolarPower;WildTattooinePlants
8020,Dunes;VEE_MoreSolarPower;WildTattooinePlants
8021,VEE_MineralDevoid;VEE_DeepOreDevoid;Dunes;VEE_MoreSolarPower;WildTattooinePlants
8022,Dunes;VEE_MoreSolarPower;WildTattooinePlants
8023,Dunes;VEE_MoreSolarPower;WildTattooinePlants
8024,VEE_MoreSolarPower;WildTattooinePlants
8025,VEE_MoreSolarPower;WildTattooinePlants
8026,VEE_MoreSolarPower;WildTattooinePlants
8027,VEE_MoreSolarPower;WildTattooinePlants
8028,VEE_MineralDevoid;VEE_DeepOreDevoid;Dunes;VEE_MoreSolarPower;WildTattooinePlants
8029,Dunes;VEE_MoreSolarPower;WildTattooinePlants
8030,VEE_MoreSolarPower
8031,Dunes;VEE_MoreSolarPower
8032,VEE_MineralDevoid;VEE_DeepOreDevoid;Dunes;VEE_MoreSolarPower
8033,VEE_MoreSolarPower
8034,VEE_MoreSolarPower
8035,VEE_MoreSolarPower
8036,VEE_SerpentineCanyons;MineralRich;VEE_DeepOreRich;VEE_MoreSolarPower;River
8037,Mountain;VEE_MoreSolarPower
8038,Mountain;AnimalLife_Increased;VEE_MoreSolarPower
8039,VEE_FloodPlains;VEE_MoreSolarPower
8040,Mountain;VEE_DryRiver;AnimalLife_Increased;VEE_MoreSolarPower
8041,Cliffs;Fish_Increased;VEE_MoreSolarPower;River
8042,Dunes;VEE_MoreSolarPower;WildTattooinePlants
8043,Dunes;VEE_MoreSolarPower;WildTattooinePlants
8044,VEE_MoreSolarPower;WildTattooinePlants
8045,VEE_MoreSolarPower;WildTattooinePlants
8046,VEE_MoreSolarPower;WildTattooinePlants
8047,VEE_MoreSolarPower;WildTattooinePlants
8048,VEE_MoreSolarPower;WildTattooinePlants
8049,VEE_MoreSolarPower;WildTattooinePlants
8050,VEE_MoreSolarPower;WildTattooinePlants
8051,Mountain;VEE_MoreSolarPower
8052,VEE_MoreSolarPower
8053,Mountain;VEE_MoreSolarPower;WildTattooinePlants
8054,VEE_MoreSolarPower
8055,VEE_MoreSolarPower
8056,VEE_MoreSolarPower;WildTattooinePlants
8057,VEE_MoreSolarPower;WildTattooinePlants
8058,VEE_MoreSolarPower
8059,VEE_MoreSolarPower
8060,VEE_MineralDevoid;VEE_DeepOreDevoid;Dunes;VEE_MoreSolarPower
8061,Dunes;VEE_MoreSolarPower
8062,Dunes;VEE_MoreSolarPower
8063,VEE_MineralDevoid;VEE_DeepOreDevoid;Dunes;VEE_MoreSolarPower
8064,Dunes;VEE_MoreSolarPower
8065,Dunes;VEE_MoreSolarPower
8066,VEE_MineralDevoid;VEE_DeepOreDevoid;Dunes;VEE_MoreSolarPower;WildTattooinePlants
8067,Dunes;VEE_MoreSolarPower;WildTattooinePlants
8068,Dunes;VEE_MoreSolarPower;WildTattooinePlants
8069,VEE_MineralDevoid;VEE_DeepOreDevoid;Dunes;VEE_MoreSolarPower;WildTattooinePlants
8070,Dunes;VEE_MoreSolarPower;WildTattooinePlants
8071,Dunes;VEE_MoreSolarPower;WildTattooinePlants
8072,Mountain;VEE_MoreSolarPower
8073,Mountain;VEE_MoreSolarPower
8074,Mountain;VEE_MoreSolarPower
8075,VEE_MoreSolarPower
8076,VEE_MoreSolarPower
8077,VEE_MoreSolarPower
8078,Mountain;MineralRich
8079,Caves;MineralRich;AncientRuins
8080,AnimalLife_Increased
8081,Fish_Increased;AncientWarehouse;VEE_MineralDevoid;VEE_DeepOreDevoid;AnimalLife_Increased;RiverDelta;Coast
8082,Fish_Increased;River
8083,Cliffs
8084,Mountain;Bay
8085,Mountain
8086,Mountain
8087,Mountain
8088,Mountain
8089,Mountain
8090,VEE_MoreSolarPower
8091,VEE_MoreSolarPower
8093,Mountain
8095,Caves
8096,VEE_MineralDevoid;VEE_DeepOreDevoid;Dunes;Dunes;VEE_SaltPlains
8099,VEE_MoreSolarPower;VEE_DryRiver
8100,Dunes;VEE_DryRiver
8101,Dunes;VEE_MoreSolarPower;VEE_DryRiver
8102,Mountain
8104,Mountain
8106,VEE_SerpentineCanyons
8107,Mountain
8108,VEE_MineralDevoid;VEE_DeepOreDevoid;VEE_LessSolarPower
8109,VEE_LessSolarPower
8110,VEE_LessSolarPower
8111,VEE_LessSolarPower
8112,VEE_LessSolarPower
8113,VEE_LessSolarPower
8114,VEE_MineralDevoid;VEE_DeepOreDevoid
8117,VEE_LessSolarPower
8119,VEE_LessSolarPower
8120,VEE_LessSolarPower
8121,VEE_LessSolarPower
8126,Mountain
8130,Mountain
8132,Oasis
8133,Mountain;Oasis
8134,Mountain;Oasis
8135,Mountain;Oasis
8136,Mountain;Oasis
8137,Oasis
8139,Mountain
8140,Oasis
8141,Mountain
8142,Mountain
8143,Mountain;MineralRich;VEE_DeepOreRich
8144,Mountain
8145,Mountain;Caves
8146,Mountain;Oasis
8147,Valley;VEE_MoreSolarPower
8148,Mountain;AnimalLife_Increased;VEE_MoreSolarPower
8149,Mountain;Oasis
8150,AnimalLife_Increased;VEE_DryRiver;VEE_MoreSolarPower
8151,Fish_Increased;VEE_FloodPlains;VEE_MoreSolarPower
8152,Fish_Increased;River
8154,VEE_FloodPlains
8155,VEE_FloodPlains
8158,Fish_Increased
8159,Fish_Increased
8161,Fish_Increased
8162,VEE_LessSolarPower
8163,Caves;VEE_LessSolarPower
8164,VEE_LessSolarPower
8165,Caves;VEE_LessSolarPower
8166,Caves;VEE_LessSolarPower
8167,Caves;VEE_LessSolarPower
8171,VEE_LessSolarPower
8173,VEE_LessSolarPower
8174,VEE_LessSolarPower
8175,VEE_LessSolarPower
8181,Peninsula
8182,WindyMutator
8186,Chasm
8187,Chasm
8188,Mountain
8189,Mountain
8190,Mountain
8191,Mountain
8193,Caves
8194,Caves
8195,Caves
8196,Caves
8199,Caves
8204,VEE_LessSolarPower
8205,VEE_LessSolarPower
8206,VEE_LessSolarPower
8207,VEE_LessSolarPower
8208,VEE_LessSolarPower
8209,VEE_LessSolarPower
8210,VEE_LessSolarPower
8211,VEE_LessSolarPower
8212,VEE_LessSolarPower
8213,VEE_LessSolarPower
8214,VEE_LessSolarPower
8215,VEE_LessSolarPower
8216,VEE_LessSolarPower
8217,VEE_LessSolarPower
8219,VEE_LessSolarPower
8221,VEE_LessSolarPower
8246,Caves
8247,Caves
8248,Caves
8250,Caves
8251,Caves
8258,VEE_LessSolarPower
8262,VEE_LessSolarPower
8263,VEE_LessSolarPower
8268,VEE_MineralDevoid;VEE_DeepOreDevoid
8272,Oasis
8285,VEE_MineralDevoid;VEE_DeepOreDevoid
8288,VEE_MoreSolarPower
8290,VEE_MineralDevoid;VEE_DeepOreDevoid;VEE_MoreSolarPower
8291,VEE_MoreSolarPower
8300,Dunes
8301,VEE_MineralDevoid;VEE_DeepOreDevoid
8302,Dunes
8303,Dunes
8304,VEE_MineralDevoid;VEE_DeepOreDevoid;Dunes
8305,Dunes
8306,Marshy;VEE_RisingWaters
8307,Marshy;AnimalLife_Increased;RiverDelta
8310,Marshy;SunnyMutator;RiverDelta;VEE_RisingWaters
8311,Marshy;VEE_FloodPlains
8318,VEE_MoreSolarPower
8319,VEE_MoreSolarPower
8320,VEE_MoreSolarPower
8321,VEE_MoreSolarPower
8322,VEE_MoreSolarPower
8323,VEE_MoreSolarPower
8325,Mountain;AnimalLife_Increased
8326,Fish_Increased;VEE_FloodPlains;VEE_MoreSolarPower
8327,VEE_MoreSolarPower
8328,Fish_Increased;VEE_FloodPlains;VEE_MoreSolarPower
8329,VEE_MoreSolarPower
8330,Marshy;VEE_IncreasedInfestations;AB_LocustPlagues;Fish_Increased;VEE_ContaminatedRiver;VEE_MoreSolarPower
8331,Marshy;VEE_IncreasedInfestations;AB_FeraliskNest;Fish_Increased;AnimalHabitat;VEE_ContaminatedRiver;VEE_MoreSolarPower
8332,Marshy;VEE_IncreasedInfestations;VEE_StagnantRivulet;ToxicLake;AnimalLife_Increased;VEE_MoreSolarPower
8333,Marshy;VEE_IncreasedInfestations;AB_BumbledroneNests;VEE_IncreasedDiseases;VEE_FloodPlains;VEE_MoreSolarPower
8334,Marshy;AB_LocustPlagues;InsectMegahive;VEE_IncreasedDiseases;Fish_Increased;VEE_FloodPlains;VEE_MoreSolarPower
8335,Marshy;VEE_IncreasedInfestations;AB_LocustPlagues;VEE_IncreasedDiseases;VEE_MoreSolarPower
8336,WildGalacticPlants
8338,WindyMutator
8340,WindyMutator
8341,WindyMutator;VEE_RisingWaters
8342,VEE_SaltPlains
8343,VEE_SaltPlains
8344,VEE_SaltPlains
8345,VEE_SaltPlains
8346,VEE_SaltPlains
8347,VEE_SaltPlains
8356,Fish_Increased
8361,Fish_Increased;AnimalLife_Increased
8362,Fish_Increased;WildPlants;AnimalHabitat
8363,WindyMutator;VEE_GravelBeach
8364,WindyMutator;VEE_GravelBeach
8367,VEE_AlluvialFan;VEE_PlantLife_Overgrown;CoastalIsland
8368,Stockpile;Fish_Decreased;CoastalIsland
8370,VEE_RisingWaters
8371,VEE_SaltPlains;WindyMutator;AncientRuins;CoastalAtoll
8372,Chasm;Caves;MineralRich
8373,Mountain;Caves;MineralRich;VEE_DeepOreRich
8374,Cliffs;Caves;MineralRich;VEE_DeepOreRich
8375,Mountain;Caves;MineralRich;VEE_DeepOreRich
8376,Chasm;Caves;MineralRich
8377,Mountain;Caves;MineralRich;VEE_DeepOreRich
8378,Caves
8379,Caves
8383,Caves
8388,Caves;MineralRich
8389,Caves;MineralRich
8390,VEE_LessSolarPower
8391,VEE_LessSolarPower
8392,VEE_LessSolarPower
8393,VEE_LessSolarPower
8394,VEE_LessSolarPower
8396,Caves
8398,Caves;VEE_LessSolarPower
8399,Caves;VEE_LessSolarPower
8400,VEE_LessSolarPower
8401,VEE_LessSolarPower
8402,VEE_LessSolarPower
8403,VEE_LessSolarPower
8404,VEE_LessSolarPower
8405,VEE_LessSolarPower
8406,Caves;VEE_LessSolarPower
8407,Caves;VEE_LessSolarPower
8408,Caves;VEE_LessSolarPower
8409,Caves;VEE_LessSolarPower
8410,Caves;VEE_LessSolarPower
8411,VEE_LessSolarPower
8412,VEE_LessSolarPower
8413,VEE_LessSolarPower
8415,VEE_LessSolarPower
8420,VEE_LessSolarPower
8422,Caves
8423,Caves
8424,Caves;VEE_LessSolarPower
8425,Caves;VEE_LessSolarPower
8426,Caves
8431,Caves
8432,VEE_LessSolarPower
8433,VEE_LessSolarPower
8434,VEE_LessSolarPower
8435,VEE_LessSolarPower
8436,Caves;VEE_LessSolarPower
8437,VEE_LessSolarPower
8438,VEE_LessSolarPower
8441,VEE_LessSolarPower
8442,VEE_LessSolarPower
8443,VEE_LessSolarPower
8449,AncientWarehouse
8474,Cliffs;Caves
8475,Caves
8478,Caves
8479,Caves
8480,Dunes;Dunes;VEE_MoreSolarPower;WildTattooinePlants
8481,VEE_MoreSolarPower;WildTattooinePlants
8482,VEE_MoreSolarPower;WildTattooinePlants
8483,VEE_MoreSolarPower;WildTattooinePlants
8484,VEE_MoreSolarPower;WildTattooinePlants
8485,VEE_MoreSolarPower;WildTattooinePlants
8486,MineralRich;VEE_MoreSolarPower;WildTattooinePlants
8487,VEE_MoreSolarPower;WildTattooinePlants
8488,MineralRich;VEE_MoreSolarPower;WildTattooinePlants
8489,VEE_MoreSolarPower
8490,VEE_MoreSolarPower
8491,VEE_MoreSolarPower;WildTattooinePlants
8492,Fish_Increased
8493,Fish_Increased;AnimalLife_Increased;River
8494,Fish_Increased
8495,Fish_Increased
8496,Fish_Increased
8497,Cliffs;VEE_MoreSolarPower
8498,Oasis;AncientRuins;VEE_MoreSolarPower
8499,Marshy;VEE_MoreSolarPower
8500,VEE_StagnantRivulet;Fish_Increased;VEE_MoreSolarPower;River
8501,VEE_StagnantRivulet;Fish_Increased;VEE_MoreSolarPower;River
8502,Marshy;VEE_MoreSolarPower
8503,Oasis;VEE_StagnantRivulet;VEE_MoreSolarPower
8504,Fish_Decreased
8505,ToxicLake;Fish_Decreased
8506,Fish_Decreased
8507,ToxicLake;Fish_Decreased
8508,Fish_Decreased
8509,Fish_Decreased
8510,SteamGeysers_Increased;VEE_SulfuricLake;Fish_Increased
8511,Fish_Increased
8512,SteamGeysers_Increased;VEE_SulfuricLake;Fish_Increased
8513,SteamGeysers_Increased;Fish_Increased
8514,SteamGeysers_Increased;Fish_Increased
8515,Cliffs;VEE_MoreSolarPower
8518,VEE_SaltPlains
8524,VEE_MineralDevoid;VEE_DeepOreDevoid
8528,Dunes;VEE_MoreSolarPower
8529,Dunes;VEE_MoreSolarPower
8530,VEE_MineralDevoid;VEE_DeepOreDevoid;Dunes;VEE_MoreSolarPower
8531,Dunes;VEE_MoreSolarPower
8532,Dunes;VEE_MoreSolarPower
8533,VEE_MineralDevoid;VEE_DeepOreDevoid;Dunes;VEE_MoreSolarPower
8534,VEE_MoreSolarPower
8535,VEE_MoreSolarPower
8536,VEE_MoreSolarPower
8537,VEE_MoreSolarPower
8538,VEE_MoreSolarPower
8539,VEE_MoreSolarPower
8540,VEE_MoreSolarPower
8541,VEE_MoreSolarPower
8543,VEE_MoreSolarPower
8545,VEE_MoreSolarPower
8548,Dunes
8553,VEE_MineralDevoid;VEE_DeepOreDevoid
8556,VEE_MineralDevoid;VEE_DeepOreDevoid
8564,Mountain;VEE_LessSolarPower
8565,Mountain;VEE_LessSolarPower
8566,VEE_LessSolarPower
8567,VEE_LessSolarPower
8568,VEE_LessSolarPower
8569,VEE_LessSolarPower
8570,Caves;VEE_LessSolarPower
8571,VEE_LessSolarPower
8572,VEE_LessSolarPower
8573,VEE_LessSolarPower
8574,VEE_LessSolarPower
8575,VEE_LessSolarPower
8576,VEE_LessSolarPower
8577,VEE_LessSolarPower
8579,VEE_LessSolarPower
8581,VEE_MineralDevoid;VEE_DeepOreDevoid;VEE_LessSolarPower
8584,VEE_MineralDevoid;VEE_DeepOreDevoid
8587,VEE_MineralDevoid;VEE_DeepOreDevoid
8590,Caves
8591,VEE_MineralDevoid;VEE_DeepOreDevoid
8601,VEE_MineralDevoid;VEE_DeepOreDevoid
8604,VEE_MineralDevoid;VEE_DeepOreDevoid
8608,VEE_MineralDevoid;VEE_DeepOreDevoid
8614,VEE_MineralDevoid;VEE_DeepOreDevoid
8618,VEE_LessSolarPower
8622,VEE_LessSolarPower
8623,VEE_LessSolarPower
8626,VEE_MineralDevoid;VEE_DeepOreDevoid
8629,VEE_MineralDevoid;VEE_DeepOreDevoid
8632,VEE_MineralDevoid;VEE_DeepOreDevoid
8635,VEE_MineralDevoid;VEE_DeepOreDevoid
8639,VEE_MineralDevoid;VEE_DeepOreDevoid
8643,VEE_MineralDevoid;VEE_DeepOreDevoid
8648,VEE_MoreSolarPower
8650,VEE_MoreSolarPower
8651,VEE_MoreSolarPower
8654,VEE_MineralDevoid;VEE_DeepOreDevoid
8657,VEE_MineralDevoid;VEE_DeepOreDevoid
8658,Dunes
8659,Dunes
8663,VEE_MineralDevoid;VEE_DeepOreDevoid
8678,Dunes;VEE_MoreSolarPower
8679,VEE_MineralDevoid;VEE_DeepOreDevoid;Dunes;VEE_MoreSolarPower
8680,Dunes;VEE_MoreSolarPower
8681,Dunes;VEE_MoreSolarPower
8682,VEE_MineralDevoid;VEE_DeepOreDevoid;Dunes;VEE_MoreSolarPower
8683,Dunes;VEE_MoreSolarPower
8686,VEE_MoreSolarPower
8687,VEE_MoreSolarPower
8688,VEE_MoreSolarPower
8689,VEE_MoreSolarPower
8690,VEE_MoreSolarPower
8691,VEE_MoreSolarPower
8692,VEE_MoreSolarPower
8693,VEE_MoreSolarPower
8694,VEE_MoreSolarPower
8695,Dunes;VEE_MoreSolarPower
8696,DryGround
8699,DryGround
8706,DryGround
8708,VEE_MineralDevoid;VEE_DeepOreDevoid
8711,VEE_MineralDevoid;VEE_DeepOreDevoid
8714,Stockpile;SunnyMutator;CoastalIsland
8715,Junkyard;Stockpile;VEE_MineralDevoid;VEE_DeepOreDevoid;CoastalIsland
8716,CoastalIsland
8717,SunnyMutator;Junkyard;VEE_MineralDevoid;VEE_DeepOreDevoid;CoastalIsland
8718,CoastalIsland
8719,SunnyMutator;Stockpile;CoastalIsland
8720,DryGround
8727,VEE_MineralDevoid;VEE_DeepOreDevoid
8730,Junkyard;VEE_MineralDevoid;VEE_DeepOreDevoid;VEE_RisingWaters;Coast
8731,VEE_SaltPlains
8733,VEE_LessSolarPower
8738,VEE_LessSolarPower
8739,VEE_LessSolarPower
8740,VEE_LessSolarPower
8741,VEE_LessSolarPower
8742,VEE_LessSolarPower
8743,VEE_LessSolarPower
8746,VEE_LessSolarPower
8748,VEE_LessSolarPower
8750,VEE_LessSolarPower
8755,VEE_LessSolarPower
8756,VEE_LessSolarPower
8757,VEE_LessSolarPower
8758,VEE_LessSolarPower
8759,VEE_LessSolarPower
8761,VEE_LessSolarPower
8762,VEE_LessSolarPower
8764,VEE_LessSolarPower
8765,VEE_LessSolarPower
8766,VEE_LessSolarPower
8767,VEE_LessSolarPower
8780,Caves
8783,Caves
8786,Caves;VEE_LessSolarPower
8787,VEE_LessSolarPower
8788,Caves;VEE_LessSolarPower
8789,Caves;VEE_LessSolarPower
8790,Caves;VEE_LessSolarPower
8791,VEE_LessSolarPower
8792,VEE_LessSolarPower
8793,VEE_LessSolarPower
8794,AncientWarehouse;VEE_LessSolarPower
8795,VEE_LessSolarPower
8796,VEE_MeteorCrater;VEE_LessSolarPower
8797,VEE_LessSolarPower
8800,VEE_LessSolarPower
8801,VEE_LessSolarPower
8802,VEE_Cenotes;VEE_Cenotes;VEE_LessSolarPower
8803,VEE_LessSolarPower
8804,VEE_MineralDevoid;VEE_DeepOreDevoid;Dunes
8806,Dunes
8807,Dunes
8808,VEE_MineralDevoid;VEE_DeepOreDevoid;Dunes
8809,Dunes
8810,Dunes
8811,VEE_MineralDevoid;VEE_DeepOreDevoid
8812,Dunes
8813,Dunes
8814,VEE_MineralDevoid;VEE_DeepOreDevoid;Dunes
8815,Dunes
8816,Fish_Increased;VEE_MoreSolarPower;River
8817,Cavern;VEE_MoreSolarPower
8818,Mountain;Fish_Increased;VEE_MoreSolarPower;RiverIsland
8819,Mountain;VEE_MoreSolarPower
8820,AnimalLife_Increased;AncientRuins;VEE_MoreSolarPower
8821,VEE_MoreSolarPower
8822,VEE_MoreSolarPower
8823,VEE_MoreSolarPower
8824,VEE_MineralDevoid;VEE_DeepOreDevoid;VEE_MoreSolarPower
8825,VEE_MoreSolarPower
8826,VEE_MoreSolarPower
8827,VEE_MoreSolarPower
8834,VEE_MoreSolarPower;River
8835,Mountain;VEE_MoreSolarPower
8836,Cliffs;AnimalLife_Increased;VEE_MoreSolarPower
8837,Cliffs;VEE_DeepOreRich;MineralRich
8838,Cliffs;MineralRich;VEE_DeepOreRich;AnimalLife_Increased
8839,VEE_MoreSolarPower
8840,Dunes;VEE_MoreSolarPower;WildTattooinePlants
8841,VEE_MineralDevoid;VEE_DeepOreDevoid;Dunes;VEE_MoreSolarPower;WildTattooinePlants
8842,Dunes;VEE_MoreSolarPower;WildTattooinePlants
8843,Dunes;VEE_MoreSolarPower;WildTattooinePlants
8844,VEE_MineralDevoid;VEE_DeepOreDevoid;Dunes;VEE_MoreSolarPower;WildTattooinePlants
8845,Dunes;VEE_MoreSolarPower;WildTattooinePlants
8846,VEE_MoreSolarPower;WildTattooinePlants
8847,VEE_MoreSolarPower;WildTattooinePlants
8848,Dunes;VEE_MoreSolarPower;WildTattooinePlants
8849,VEE_MineralDevoid;VEE_DeepOreDevoid;Dunes;VEE_MoreSolarPower;WildTattooinePlants
8850,Dunes;VEE_MoreSolarPower;WildTattooinePlants
8851,VEE_MoreSolarPower;WildTattooinePlants
8852,AB_AmbientRadiation;AB_DerelictClusters;AncientHeatVent;VEE_MechanoidShipChunks;VEE_MoreSolarPower
8853,AB_AmbientRadiation;AB_AncientGreyPallVent;AB_DerelictClusters;AncientRuins;VEE_MechanoidShipChunks;VEE_MoreSolarPower
8854,AB_AmbientRadiation;AncientHeatVent;AncientRuins;MineralRich;VEE_MoreSolarPower
8855,AB_AmbientRadiation;AB_DerelictClusters;AncientHeatVent;VEE_MoreSolarPower
8856,AB_AmbientRadiation;AB_AncientGreyPallVent;AB_DerelictClusters;MineralRich;VEE_MechanoidShipChunks;VEE_SulfuricLake;VEE_MoreSolarPower
8857,AB_DerelictClusters;AncientHeatVent;Junkyard;MineralRich;VEE_MechanoidShipChunks;VEE_MoreSolarPower
8858,VEE_MoreSolarPower;WildTattooinePlants
8859,VEE_MoreSolarPower;WildTattooinePlants
8860,VEE_MoreSolarPower
8861,VEE_MoreSolarPower
8862,VEE_MoreSolarPower
8863,VEE_MoreSolarPower;WildTattooinePlants
8864,VEE_MoreSolarPower;WildTattooinePlants
8865,VEE_MoreSolarPower;WildTattooinePlants
8866,VEE_MoreSolarPower;WildTattooinePlants
8867,VEE_MoreSolarPower;WildTattooinePlants
8868,Dunes;VEE_MoreSolarPower;WildTattooinePlants
8869,VEE_MineralDevoid;VEE_DeepOreDevoid;Dunes;VEE_MoreSolarPower;WildTattooinePlants
8870,Mountain;MineralRich;VEE_DeepOreRich;VEE_MoreSolarPower;WildTattooinePlants
8871,Mountain;VEE_MoreSolarPower;WildTattooinePlants
8872,Mountain;VEE_MoreSolarPower;WildTattooinePlants
8873,VEE_MoreSolarPower;WildTattooinePlants
8874,MineralRich;VEE_MoreSolarPower;WildTattooinePlants
8875,Mountain;MineralRich;VEE_MoreSolarPower;WildTattooinePlants
8876,VEE_SaltPlains
8877,DryLake
8878,VEE_SaltPlains
8879,DryLake
8880,VEE_DustBowl
8881,VEE_DustBowl
8883,Caves;CoastalIsland
8884,CoastalIsland
8887,Caves
8896,Archipelago
8897,AnimalHabitat;Fish_Increased
8898,WindyMutator;CoastalIsland
8900,AnimalHabitat;Fish_Increased;IceDunes;WindyMutator
8901,Fish_Increased;VEE_DeepSnow
8902,Junkyard;Stockpile;VEE_MineralDevoid;VEE_DeepOreDevoid;WindyMutator;VEE_RisingWaters;Coast
8904,VEE_MineralDevoid;VEE_DeepOreDevoid;Archipelago
8905,AnimalHabitat;Fish_Increased;VEE_DeepSnow;WindyMutator
8907,Stockpile;Junkyard;VEE_MineralDevoid;VEE_DeepOreDevoid;WindyMutator;VEE_RisingWaters;Coast
8909,AnimalHabitat;Fish_Increased;WindyMutator;Iceberg
8910,AnimalHabitat;Fish_Increased
8914,VEE_MineralDevoid;VEE_DeepOreDevoid
8917,VEE_MineralDevoid;VEE_DeepOreDevoid
8920,VEE_MineralDevoid;VEE_DeepOreDevoid
8923,VEE_MineralDevoid;VEE_DeepOreDevoid
8932,VEE_MineralDevoid;VEE_DeepOreDevoid
8935,VEE_MineralDevoid;VEE_DeepOreDevoid
8938,VEE_MineralDevoid;VEE_DeepOreDevoid
8941,VEE_MineralDevoid;VEE_DeepOreDevoid
8973,VEE_DustBowl;VEE_PlantLife_Decimated;VEE_Fertility_Reduced;VEE_DustStorms
8990,VEE_MineralDevoid;VEE_DeepOreDevoid
9002,Cliffs;AB_MagmaVents
9003,Mountain
9004,DryGround
9005,DryGround
9007,VEE_SaltPlains;DryGround
9010,DryGround
9019,VEE_MineralDevoid;VEE_DeepOreDevoid
9020,Chasm
9022,Cliffs
9023,Cliffs;HotSprings
9024,VEE_SaltPlains
9025,Cliffs
9026,VEE_SaltPlains
9027,DryGround
9028,VEE_SaltPlains
9029,VEE_SaltPlains
9030,DryGround
9031,Plateau;VEE_SaltPlains
9032,VEE_LessSolarPower
9033,VEE_LessSolarPower
9034,VEE_LessSolarPower
9035,VEE_LessSolarPower
9036,VEE_LessSolarPower
9037,VEE_LessSolarPower
9038,VEE_LessSolarPower
9039,VEE_LessSolarPower
9040,Caves;VEE_LessSolarPower
9041,Caves;VEE_LessSolarPower
9042,Caves;VEE_LessSolarPower
9043,VEE_LessSolarPower
9044,UndergroundCave;VEE_LessSolarPower
9045,UndergroundCave;VEE_LessSolarPower
9046,VEE_LessSolarPower
9047,VEE_LessSolarPower;MineralRich
9048,VEE_LessSolarPower;MineralRich
9049,VEE_LessSolarPower
9050,VEE_LessSolarPower
9051,VEE_LessSolarPower
9052,VEE_LessSolarPower
9053,VEE_LessSolarPower
9054,VEE_LessSolarPower
9055,VEE_LessSolarPower
9057,Caves
9058,Caves
9059,Caves
9067,VEE_LessSolarPower
9068,VEE_LessSolarPower
9069,VEE_LessSolarPower
9071,Mountain
9072,Mountain
9074,Mountain
9075,Mountain
9076,Mountain;VEE_LessSolarPower
9077,Mountain
9078,Mountain
9079,Mountain
9080,Caves;VEE_LessSolarPower
9081,VEE_LessSolarPower
9082,Caves;VEE_LessSolarPower
9083,VEE_LessSolarPower
9084,Caves;VEE_LessSolarPower
9085,Caves;VEE_LessSolarPower
9086,VEE_LessSolarPower
9087,AncientRuins;AncientRuins;VEE_LessSolarPower
9088,VEE_LessSolarPower
9089,VEE_LessSolarPower
9090,Caves;VEE_LessSolarPower
9091,VEE_LessSolarPower
9092,Dunes;VEE_MoreSolarPower;WildTattooinePlants
9093,Dunes;VEE_MoreSolarPower;WildTattooinePlants
9094,VEE_MineralDevoid;VEE_DeepOreDevoid;Dunes;VEE_MoreSolarPower;WildTattooinePlants
9095,Dunes;VEE_MoreSolarPower;WildTattooinePlants
9096,Dunes;VEE_MoreSolarPower;WildTattooinePlants
9097,VEE_MineralDevoid;VEE_DeepOreDevoid;Dunes;VEE_MoreSolarPower;WildTattooinePlants
9098,Dunes;VEE_MoreSolarPower;WildTattooinePlants
9099,Dunes;VEE_MoreSolarPower;WildTattooinePlants
9100,VEE_MineralDevoid;VEE_DeepOreDevoid;Dunes;VEE_MoreSolarPower;WildTattooinePlants
9101,Dunes;VEE_MoreSolarPower;WildTattooinePlants
9102,Dunes;VEE_MoreSolarPower;WildTattooinePlants
9103,VEE_MineralDevoid;VEE_DeepOreDevoid;Dunes;VEE_MoreSolarPower;WildTattooinePlants
9104,Dunes;VEE_MoreSolarPower;WildTattooinePlants
9105,Dunes;VEE_MoreSolarPower;WildTattooinePlants
9106,VEE_MineralDevoid;VEE_DeepOreDevoid;Dunes;VEE_MoreSolarPower;WildTattooinePlants
9107,VEE_MoreSolarPower;WildTattooinePlants
9108,Dunes;VEE_MoreSolarPower;WildTattooinePlants
9109,Dunes;VEE_MoreSolarPower;WildTattooinePlants
9110,VEE_MoreSolarPower;WildTattooinePlants
9111,VEE_MineralDevoid;VEE_DeepOreDevoid;Dunes;VEE_MoreSolarPower;WildTattooinePlants
9112,Dunes;VEE_MoreSolarPower;WildTattooinePlants
9113,VEE_MoreSolarPower;WildTattooinePlants
9114,VEE_MoreSolarPower;WildTattooinePlants
9115,VEE_MoreSolarPower;WildTattooinePlants
9116,Dunes;VEE_MoreSolarPower;WildTattooinePlants
9117,VEE_MineralDevoid;VEE_DeepOreDevoid;Dunes;VEE_MoreSolarPower;WildTattooinePlants
9118,Dunes;VEE_MoreSolarPower;WildTattooinePlants
9119,Dunes;VEE_MoreSolarPower;WildTattooinePlants
9120,VEE_MineralDevoid;VEE_DeepOreDevoid;Dunes;VEE_MoreSolarPower;WildTattooinePlants
9121,Dunes;VEE_MoreSolarPower;WildTattooinePlants
9122,Dunes;VEE_MoreSolarPower;WildTattooinePlants
9123,VEE_MoreSolarPower;WildTattooinePlants
9124,VEE_MoreSolarPower;WildTattooinePlants
9125,VEE_MoreSolarPower;WildTattooinePlants
9126,VEE_MoreSolarPower
9127,VEE_MoreSolarPower
9128,VEE_StagnantRivulet;Fish_Increased;VEE_MoreSolarPower;River
9129,VEE_StagnantRivulet;Fish_Increased;VEE_MoreSolarPower;River
9130,VEE_StagnantRivulet;Fish_Increased;VEE_MoreSolarPower;River
9131,VEE_StagnantRivulet;Fish_Increased;VEE_MoreSolarPower;River
9132,Marshy;VEE_MoreSolarPower
9133,Marshy;VEE_MoreSolarPower
9134,VEE_MoreSolarPower;WildTattooinePlants
9135,VEE_MoreSolarPower;WildTattooinePlants
9136,VEE_MoreSolarPower;WildTattooinePlants
9137,VEE_MineralDevoid;VEE_DeepOreDevoid;Dunes;VEE_MoreSolarPower;WildTattooinePlants
9138,Dunes;VEE_MoreSolarPower;WildTattooinePlants
9139,VEE_MoreSolarPower;WildTattooinePlants
9140,Dunes;VEE_MoreSolarPower;WildTattooinePlants
9141,VEE_MineralDevoid;VEE_DeepOreDevoid;Dunes;VEE_MoreSolarPower;WildTattooinePlants
9142,Dunes;VEE_MoreSolarPower;WildTattooinePlants
9143,Dunes;VEE_MoreSolarPower;WildTattooinePlants
9144,VEE_MineralDevoid;VEE_DeepOreDevoid;Dunes;VEE_MoreSolarPower;WildTattooinePlants
9145,Dunes;VEE_MoreSolarPower;WildTattooinePlants
9146,Dunes;VEE_MoreSolarPower;WildTattooinePlants
9147,VEE_MoreSolarPower;WildTattooinePlants
9148,VEE_MoreSolarPower;WildTattooinePlants
9149,VEE_MineralDevoid;VEE_DeepOreDevoid;Dunes;VEE_MoreSolarPower;WildTattooinePlants
9150,Dunes;VEE_MoreSolarPower;WildTattooinePlants
9151,Dunes;VEE_MoreSolarPower;WildTattooinePlants
9152,VEE_MoreSolarPower
9153,VEE_MoreSolarPower
9154,VEE_MoreSolarPower
9155,VEE_MoreSolarPower
9156,VEE_MoreSolarPower
9157,VEE_MoreSolarPower
9158,Cliffs
9159,Valley
9160,Mountain;CaveLakes;Headwater
9161,Cliffs;VEE_DryRiver
9162,Mountain;Caves;MineralRich;VEE_DeepOreRich
9163,Cliffs;VEE_DeepOreRich;MineralRich
9167,AncientGarrison
9170,Mountain;MineralRich
9171,Mountain;AncientQuarry;MineralRich;VEE_DeepOreRich;AncientRuins
9172,Mountain;MineralRich
9173,MineralRich;VEE_DryRiver
9174,Mountain;AncientQuarry;MineralRich;AncientRuins
9175,Caves;MineralRich;AbandonedColonyOutlander
9176,VEE_MoreSolarPower
9177,VEE_MoreSolarPower
9178,VEE_MoreSolarPower
9179,VEE_MoreSolarPower
9180,VEE_MoreSolarPower
9181,VEE_MoreSolarPower
9182,VEE_MineralDevoid;VEE_DeepOreDevoid
9187,VEE_MineralDevoid;VEE_DeepOreDevoid
9188,VEE_LessSolarPower
9189,VEE_LessSolarPower
9190,VEE_LessSolarPower
9191,VEE_LessSolarPower
9192,VEE_LessSolarPower
9193,VEE_MineralDevoid;VEE_DeepOreDevoid;VEE_LessSolarPower
9194,VEE_LessSolarPower
9195,VEE_LessSolarPower
9196,VEE_LessSolarPower
9197,VEE_LessSolarPower
9198,VEE_LessSolarPower
9199,VEE_LessSolarPower
9200,VEE_MineralDevoid;VEE_DeepOreDevoid
9212,Mountain;Oasis
9213,Mountain;Oasis
9214,Mountain;Oasis
9216,AnimalLife_Increased
9218,Mountain
9219,Cliffs
9220,Mountain;Caves
9221,Mountain
9222,Caves;VEE_DryRiver
9224,VEE_MoreSolarPower
9225,VEE_DryRiver;VEE_MoreSolarPower
9226,Mountain;AnimalLife_Increased;VEE_MoreSolarPower
9227,Cliffs;Oasis;VEE_MoreSolarPower
9228,Mountain;Caves;Oasis;VEE_MoreSolarPower
9229,Cliffs;VEE_MoreSolarPower
9232,Oasis
9233,Oasis
9235,Oasis
9236,Marshy;VEE_MoreSolarPower
9237,Marshy;VEE_MoreSolarPower
9238,Marshy;VEE_MoreSolarPower
9239,VEE_FloodPlains;VEE_MoreSolarPower
9240,Fish_Increased;VEE_MoreSolarPower;River
9241,Marshy;Fish_Increased;VEE_MoreSolarPower
9242,VEE_LessSolarPower
9243,VEE_LessSolarPower
9244,VEE_LessSolarPower
9245,VEE_LessSolarPower
9246,VEE_LessSolarPower
9247,VEE_LessSolarPower
9248,VEE_LessSolarPower
9249,VEE_LessSolarPower
9250,VEE_LessSolarPower
9251,VEE_LessSolarPower
9252,VEE_LessSolarPower
9253,VEE_LessSolarPower
9268,WindyMutator
9269,WindyMutator
9271,WindyMutator
9273,Caves
9278,VEE_LessSolarPower
9279,VEE_LessSolarPower
9280,VEE_LessSolarPower
9281,VEE_LessSolarPower
9282,VEE_LessSolarPower
9283,VEE_LessSolarPower
9284,VEE_LessSolarPower
9285,VEE_LessSolarPower
9286,VEE_LessSolarPower
9287,VEE_LessSolarPower
9288,VEE_LessSolarPower
9289,VEE_LessSolarPower
9290,VEE_LessSolarPower
9291,VEE_LessSolarPower
9292,VEE_LessSolarPower
9293,VEE_LessSolarPower
9294,VEE_LessSolarPower
9295,VEE_LessSolarPower
9308,Caves
9309,Caves
9312,Caves
9313,Caves
9314,Caves
9315,Caves
9318,Caves
9319,Caves
9326,Caves
9350,VEE_MineralDevoid;VEE_DeepOreDevoid
9358,VEE_MineralDevoid;VEE_DeepOreDevoid
9381,VEE_MineralDevoid;VEE_DeepOreDevoid
9386,AnimalLife_Increased
9387,Mountain
9388,AnimalLife_Increased
9389,Mountain
9390,Caves;VEE_NoTrees;VEE_PlantLife_Overgrown
9391,Mountain
9393,VEE_MineralDevoid;VEE_DeepOreDevoid
9396,VEE_MineralDevoid;VEE_DeepOreDevoid
9398,Dunes;VEE_MoreSolarPower
9399,VEE_MoreSolarPower
9400,VEE_MineralDevoid;VEE_DeepOreDevoid;VEE_MoreSolarPower
9401,VEE_MoreSolarPower
9402,VEE_MoreSolarPower
9403,VEE_MoreSolarPower
9404,Marshy;AB_LocustPlagues;Fish_Increased;VEE_ContaminatedRiver;VEE_MoreSolarPower
9405,Muddy;InsectMegahive;VEE_StagnantRivulet;AB_BumbledroneNests;VEE_IncreasedDiseases;Fish_Increased;VEE_MoreSolarPower;RiverIsland
9406,VEE_IncreasedInfestations;Pond;InsectMegahive;VEE_RotstinkVents;Fish_Increased;VEE_FloodPlains;VEE_MoreSolarPower
9407,Marshy;AB_FeraliskNest;AB_LocustPlagues;VEE_IncreasedDiseases;Fish_Increased;VEE_FloodPlains;VEE_MoreSolarPower
9408,Marshy;AB_FeraliskNest;AB_LocustPlagues;VEE_StagnantRivulet;VEE_IncreasedDiseases;AncientRuins;VEE_MoreSolarPower
9409,Marshy;AB_LocustPlagues;AB_BumbledroneNests;VEE_RotstinkVents;VEE_MoreSolarPower
9410,Dunes;VEE_MoreSolarPower
9411,Dunes;VEE_MoreSolarPower
9412,VEE_MineralDevoid;VEE_DeepOreDevoid;Dunes;VEE_MoreSolarPower
9413,Dunes;VEE_MoreSolarPower
9414,Dunes;VEE_MoreSolarPower
9415,VEE_MineralDevoid;VEE_DeepOreDevoid;Dunes;VEE_MoreSolarPower
9417,WindyMutator;AncientWarehouse;CoastalAtoll
9419,WildPlants;CoastalIsland
9425,WindyMutator;VEE_RisingWaters
9427,VEE_SaltPlains
9428,SunnyMutator;CoastalIsland
9429,CoastalIsland
9446,SunnyMutator;CoastalIsland
9447,AB_AgariluxPrime_Mutator;CoastalIsland
9448,SunnyMutator;CoastalIsland
9449,CoastalIsland
9450,SunnyMutator;CoastalIsland
9451,SunnyMutator;CoastalIsland
9456,VEE_Cenotes;VEE_Cenotes
9458,Caves
9460,Caves
9461,Caves
9462,Caves
9468,Caves
9470,VEE_LessSolarPower
9471,VEE_LessSolarPower
9472,VEE_LessSolarPower
9473,VEE_LessSolarPower
9474,VEE_LessSolarPower
9475,VEE_LessSolarPower
9476,Caves;VEE_LessSolarPower
9477,VEE_Cenotes;VEE_Cenotes;VEE_LessSolarPower
9478,Caves;VEE_LessSolarPower
9479,VEE_LessSolarPower
9480,VEE_LessSolarPower
9481,VEE_LessSolarPower
9482,VEE_LessSolarPower
9483,VEE_LessSolarPower
9484,VEE_LessSolarPower
9485,VEE_LessSolarPower
9486,Caves;VEE_LessSolarPower
9487,VEE_LessSolarPower
9488,VEE_LessSolarPower
9489,VEE_LessSolarPower
9491,VEE_LessSolarPower
9492,Caves;VEE_LessSolarPower
9493,Caves;VEE_LessSolarPower
9494,VEE_LessSolarPower
9495,VEE_LessSolarPower
9500,Cliffs;Caves
9501,Mountain;Caves
9502,Caves
9503,Caves
9504,Mountain;Caves
9505,Mountain;Caves
9506,Caves;VEE_LessSolarPower
9508,Caves
9509,Caves
9510,Caves;VEE_LessSolarPower
9511,Caves
9512,VEE_LessSolarPower
9513,VEE_LessSolarPower
9514,VEE_LessSolarPower
9515,VEE_LessSolarPower
9516,VEE_LessSolarPower
9517,VEE_LessSolarPower
9519,Caves
9520,VEE_LessSolarPower
9521,VEE_LessSolarPower
9522,Caves
9523,Caves;VEE_LessSolarPower
9532,VEE_MineralDevoid;VEE_DeepOreDevoid
9539,VEE_MineralDevoid;VEE_DeepOreDevoid;ToxicLake
9542,Oasis
9543,VEE_MineralDevoid;VEE_DeepOreDevoid
9546,Oasis
9547,VEE_MineralDevoid;VEE_DeepOreDevoid
9553,AncientWarehouse
9558,AncientGarrison
9560,VEE_MoreSolarPower;WildTattooinePlants
9561,VEE_MoreSolarPower;WildTattooinePlants
9562,VEE_MoreSolarPower;WildTattooinePlants
9563,VEE_MoreSolarPower;WildTattooinePlants
9564,VEE_MoreSolarPower;WildTattooinePlants
9565,VEE_MoreSolarPower;WildTattooinePlants
9566,Plateau;VEE_MoreSolarPower
9567,VEE_MoreSolarPower
9568,VEE_MoreSolarPower
9569,Marshy;VEE_FloodPlains;VEE_MoreSolarPower
9570,VEE_FloodPlains;VEE_MoreSolarPower
9571,Mountain;VEE_MoreSolarPower
9572,Fish_Increased
9578,VEE_MoreSolarPower
9579,VEE_MoreSolarPower
9580,VEE_MoreSolarPower
9581,Mountain;VEE_MoreSolarPower
9582,Mountain;Oasis;AnimalLife_Increased;VEE_MoreSolarPower
9583,Mountain;Oasis;VEE_MoreSolarPower
9589,Fish_Increased
9590,Mountain;MineralRich;VEE_MoreSolarPower
9591,Mountain;MineralRich;VEE_MoreSolarPower
9592,Mountain;MineralRich;VEE_MoreSolarPower
9593,VEE_SerpentineCanyons;MineralRich;VEE_DeepOreRich;VEE_MoreSolarPower
9594,Mountain;MineralRich;VEE_MoreSolarPower
9595,Mountain;MineralRich;VEE_DeepOreRich;VEE_MoreSolarPower
9596,VEE_MoreSolarPower
9597,VEE_MoreSolarPower
9598,Dunes;VEE_MoreSolarPower
9599,Dunes;VEE_MoreSolarPower
9600,VEE_MineralDevoid;VEE_DeepOreDevoid;Dunes;VEE_MoreSolarPower
9601,VEE_MoreSolarPower
9608,VEE_MoreSolarPower
9609,VEE_MoreSolarPower
9610,VEE_MoreSolarPower
9611,VEE_MoreSolarPower
9612,VEE_MoreSolarPower
9613,VEE_MoreSolarPower
9614,Dunes;VEE_MoreSolarPower
9615,VEE_MoreSolarPower
9616,Dunes;VEE_MoreSolarPower
9617,VEE_MineralDevoid;VEE_DeepOreDevoid;Dunes;VEE_MoreSolarPower
9618,VEE_MoreSolarPower
9619,Dunes;Dunes;VEE_MoreSolarPower
9623,Dunes
9624,VEE_MineralDevoid;VEE_DeepOreDevoid;Dunes
9625,Dunes
9638,VEE_LessSolarPower
9639,VEE_LessSolarPower
9640,VEE_LessSolarPower
9641,Mountain;VEE_LessSolarPower
9642,VEE_LessSolarPower
9643,VEE_LessSolarPower
9644,VEE_LessSolarPower
9645,VEE_LessSolarPower
9646,VEE_LessSolarPower
9647,VEE_LessSolarPower
9648,VEE_LessSolarPower
9649,VEE_LessSolarPower
9650,VEE_MineralDevoid;VEE_DeepOreDevoid;VEE_LessSolarPower
9651,VEE_LessSolarPower
9652,VEE_LessSolarPower
9653,VEE_MineralDevoid;VEE_DeepOreDevoid;VEE_LessSolarPower
9654,VEE_LessSolarPower
9655,VEE_LessSolarPower
9657,ToxicLake
9667,VEE_MineralDevoid;VEE_DeepOreDevoid
9705,VEE_MineralDevoid;VEE_DeepOreDevoid
9708,VEE_SaltPlains
9710,VEE_MineralDevoid;VEE_DeepOreDevoid
9713,VEE_MineralDevoid;VEE_DeepOreDevoid
9732,VEE_MineralDevoid;VEE_DeepOreDevoid
9736,VEE_MineralDevoid;VEE_DeepOreDevoid
9739,VEE_MineralDevoid;VEE_DeepOreDevoid
9751,VEE_MineralDevoid;VEE_DeepOreDevoid
9758,VEE_MoreSolarPower
9759,VEE_MoreSolarPower
9760,VEE_MoreSolarPower
9761,VEE_MoreSolarPower
9762,VEE_MoreSolarPower
9763,VEE_MineralDevoid;VEE_DeepOreDevoid;VEE_MoreSolarPower
9764,VEE_MoreSolarPower
9765,VEE_MoreSolarPower
9766,VEE_MoreSolarPower
9767,VEE_MoreSolarPower
9768,VEE_MoreSolarPower
9769,VEE_MoreSolarPower
9770,VEE_MoreSolarPower
9771,VEE_MoreSolarPower
9772,VEE_MoreSolarPower
9773,VEE_MoreSolarPower
9774,VEE_MoreSolarPower
9775,VEE_MoreSolarPower
9776,Mountain
9777,Mountain;HotSprings
9778,DryGround
9780,Chasm
9781,Cliffs;HotSprings
9782,DryGround
9783,VEE_SaltPlains
9784,AB_TarLakes
9785,VEE_SaltPlains
9786,VEE_SaltPlains
9787,DryGround
9794,VEE_MineralDevoid;VEE_DeepOreDevoid
9797,VEE_MineralDevoid;VEE_DeepOreDevoid
9801,DryGround
9802,DryGround;AncientHeatVent
9803,DryGround
9804,VEE_SaltPlains
9805,DryGround
9806,CoastalIsland
9808,VEE_MineralDevoid;VEE_DeepOreDevoid
9810,VEE_SaltPlains
9811,VEE_SaltPlains
9812,VEE_LessSolarPower
9813,VEE_LessSolarPower
9816,VEE_LessSolarPower
9817,VEE_LessSolarPower
9818,VEE_LessSolarPower
9819,VEE_LessSolarPower
9820,Caves;VEE_LessSolarPower
9821,Mountain;Caves;VEE_LessSolarPower
9822,Caves;VEE_LessSolarPower
9823,Caves;VEE_LessSolarPower
9824,VEE_LessSolarPower
9825,VEE_LessSolarPower
9826,VEE_LessSolarPower
9827,VEE_LessSolarPower
9828,VEE_LessSolarPower
9829,VEE_LessSolarPower
9830,VEE_LessSolarPower
9831,VEE_LessSolarPower
9832,VEE_LessSolarPower
9833,VEE_LessSolarPower
9834,VEE_LessSolarPower
9835,VEE_LessSolarPower
9837,Caves
9845,Caves
9846,VEE_LessSolarPower
9866,VEE_LessSolarPower
9867,VEE_LessSolarPower
9868,VEE_LessSolarPower
9869,VEE_LessSolarPower
9870,VEE_LessSolarPower
9871,VEE_LessSolarPower
9872,VEE_LessSolarPower
9873,VEE_LessSolarPower
9874,VEE_LessSolarPower
9875,VEE_LessSolarPower
9876,VEE_LessSolarPower
9877,VEE_LessSolarPower
9878,VEE_LessSolarPower
9879,VEE_LessSolarPower
9880,VEE_LessSolarPower
9881,Caves;VEE_LessSolarPower
9882,VEE_LessSolarPower
9883,VEE_LessSolarPower
9884,VEE_MoreSolarPower
9885,VEE_MoreSolarPower
9886,VEE_MoreSolarPower
9887,VEE_MoreSolarPower
9888,VEE_MoreSolarPower
9889,VEE_QuicksandDunes;VEE_QuicksandDunes;VEE_MoreSolarPower
9892,VEE_SaltPlains
9896,VEE_MoreSolarPower
9897,VEE_MoreSolarPower
9898,Mountain;VEE_MoreSolarPower
9899,VEE_MoreSolarPower
9900,Caves;VEE_MoreSolarPower
9901,VEE_MoreSolarPower
9902,VEE_MoreSolarPower
9903,VEE_MoreSolarPower
9904,VEE_MoreSolarPower
9905,VEE_MoreSolarPower
9906,VEE_MoreSolarPower
9907,VEE_MoreSolarPower
9913,VEE_MineralDevoid;VEE_DeepOreDevoid;Dunes
9914,Mountain;MineralRich
9918,Mountain;MineralRich
9919,Mountain
9920,Mountain;VEE_MoreSolarPower;WildTattooinePlants
9921,Mountain;VEE_MoreSolarPower;WildTattooinePlants
9922,Mountain;VEE_MoreSolarPower;WildTattooinePlants
9923,Mountain;VEE_MoreSolarPower;WildTattooinePlants
9924,Mountain;VEE_MoreSolarPower;WildTattooinePlants
9925,Mountain;VEE_MoreSolarPower;WildTattooinePlants
9926,DryLake;VEE_MoreSolarPower;WildTattooinePlants
9927,VEE_MoreSolarPower;WildTattooinePlants
9928,VEE_MoreSolarPower;WildTattooinePlants
9929,VEE_MoreSolarPower;WildTattooinePlants
9930,VEE_MoreSolarPower;WildTattooinePlants
9931,VEE_MoreSolarPower;WildTattooinePlants
9932,AB_DerelictClusters;AncientChemfuelRefinery;VEE_MoreSolarPower
9933,VEE_MoreSolarPower
9934,AB_DerelictClusters;AncientHeatVent;AncientRuins;VEE_MoreSolarPower
9935,VEE_MoreSolarPower;WildTattooinePlants
9936,AB_DerelictClusters;AncientHeatVent;VEE_MoreSolarPower
9937,VEE_MoreSolarPower;WildTattooinePlants
9938,AB_AmbientRadiation;AncientHeatVent;Junkyard;VEE_MechanoidShipChunks;VEE_ToxicVents;VEE_MoreSolarPower
9939,AB_DerelictClusters;AncientHeatVent;AncientRuins;MineralRich;VEE_MechanoidShipChunks;VEE_MoreSolarPower
9940,AB_DerelictClusters;AncientHeatVent;AncientRuins;VEE_MechanoidShipChunks;VEE_ToxicVents;VEE_MoreSolarPower
9941,AB_DerelictClusters;VEE_MoreSolarPower
9942,AB_DerelictClusters;VEE_MechanoidShipChunks;VEE_MoreSolarPower
9943,AB_AmbientRadiation;AncientHeatVent;AncientRuins;VEE_SulfuricLake;VEE_ToxicVents;VEE_MoreSolarPower
9944,Dunes;VEE_MoreSolarPower;WildTattooinePlants
9945,Dunes;VEE_MoreSolarPower;WildTattooinePlants
9946,VEE_MoreSolarPower;WildTattooinePlants
9947,DryLake;VEE_MoreSolarPower;WildTattooinePlants
9948,VEE_MoreSolarPower;WildTattooinePlants
9949,VEE_MoreSolarPower;WildTattooinePlants
9950,VEE_MoreSolarPower;WildTattooinePlants
9951,VEE_MineralDevoid;VEE_DeepOreDevoid;Dunes;VEE_MoreSolarPower;WildTattooinePlants
9952,Dunes;VEE_MoreSolarPower;WildTattooinePlants
9953,Dunes;VEE_MoreSolarPower;WildTattooinePlants
9954,DryLake;VEE_MoreSolarPower;WildTattooinePlants
9955,VEE_MineralDevoid;VEE_DeepOreDevoid;Dunes;VEE_MoreSolarPower;WildTattooinePlants
9958,VEE_MineralDevoid;VEE_DeepOreDevoid
9959,Coast
9960,VEE_SaltPlains
9961,VEE_SaltPlains;Junkyard;Stockpile;VEE_MineralDevoid;VEE_DeepOreDevoid;VEE_RisingWaters;Coast
9963,VEE_MineralDevoid;VEE_DeepOreDevoid;VEE_RisingWaters
9966,VEE_MineralDevoid;VEE_DeepOreDevoid
9968,AncientWarehouse;VEE_MineralDevoid;VEE_DeepOreDevoid;WindyMutator;VEE_RisingWaters;Coast
9969,Junkyard;Stockpile;VEE_MineralDevoid;VEE_DeepOreDevoid;WindyMutator;VEE_RisingWaters;Coast
9971,Junkyard;VEE_MineralDevoid;VEE_DeepOreDevoid;WindyMutator;VEE_RisingWaters;Coast
9972,CoastalIsland
9973,AnimalHabitat;Fish_Increased
9974,VEE_SaltPlains;Stockpile;AnimalLife_Increased;Junkyard;VEE_MineralDevoid;VEE_DeepOreDevoid;CoastalIsland
9976,VEE_SaltPlains;Fish_Increased
9978,VEE_SaltPlains;CoastalIsland
9979,AnimalHabitat;Fish_Increased
9981,AncientWarehouse;VEE_MineralDevoid;VEE_DeepOreDevoid;WindyMutator;VEE_RisingWaters;Coast
9982,Junkyard;Stockpile;VEE_MineralDevoid;VEE_DeepOreDevoid;WindyMutator;VEE_RisingWaters;Coast
9986,AncientWarehouse;VEE_MineralDevoid;VEE_DeepOreDevoid;WindyMutator;VEE_RisingWaters
9987,Junkyard;Stockpile;VEE_MineralDevoid;VEE_DeepOreDevoid;WindyMutator;VEE_RisingWaters;Coast
9989,Junkyard;Stockpile;VEE_MineralDevoid;VEE_DeepOreDevoid;WindyMutator;VEE_RisingWaters;Coast
9991,AncientWarehouse;WindyMutator;VEE_RisingWaters
9993,VEE_MineralDevoid;VEE_DeepOreDevoid
9996,VEE_MineralDevoid;VEE_DeepOreDevoid
10004,Mountain
10006,Mountain
10007,Mountain
10010,Mountain
10012,Mountain
10015,AB_TarLakes
10016,VEE_SaltPlains
10017,VEE_SaltPlains
10018,VEE_SaltPlains
10019,VEE_SaltPlains
10020,VEE_SaltPlains
10021,VEE_SaltPlains
10045,Caves
10046,Caves
10047,Caves
10048,Caves
10049,Caves
10051,Caves
10065,VEE_MineralDevoid;VEE_DeepOreDevoid
10068,VEE_MineralDevoid;VEE_DeepOreDevoid
10070,VEE_SaltPlains;SunnyMutator
10072,VEE_MineralDevoid;VEE_DeepOreDevoid;VEE_SaltPlains
10078,VEE_MineralDevoid;VEE_DeepOreDevoid
10081,VEE_MineralDevoid;VEE_DeepOreDevoid
10084,VEE_MineralDevoid;VEE_DeepOreDevoid
10100,VEE_MineralDevoid;VEE_DeepOreDevoid
10101,VEE_DryRiver
10102,VEE_DryRiver
10103,VEE_MineralDevoid;VEE_DeepOreDevoid;VEE_DryRiver
10104,VEE_DryRiver
10106,VEE_MineralDevoid;VEE_DeepOreDevoid
10109,VEE_MineralDevoid;VEE_DeepOreDevoid
10112,VEE_MineralDevoid;VEE_DeepOreDevoid
10115,VEE_MineralDevoid;VEE_DeepOreDevoid
10124,VEE_MineralDevoid;VEE_DeepOreDevoid
10127,VEE_MineralDevoid;VEE_DeepOreDevoid;Dunes
10136,VEE_MineralDevoid;VEE_DeepOreDevoid
10142,VEE_MineralDevoid;VEE_DeepOreDevoid;Dunes
10143,Dunes
10144,Dunes
10145,VEE_MineralDevoid;VEE_DeepOreDevoid;Dunes
10148,VEE_MineralDevoid;VEE_DeepOreDevoid;Dunes
10149,Dunes
10150,Dunes
10151,VEE_MineralDevoid;VEE_DeepOreDevoid;Dunes
10152,Dunes
10153,Dunes
10154,VEE_MineralDevoid;VEE_DeepOreDevoid;Dunes
10155,Dunes
10156,Dunes
10157,VEE_MineralDevoid;VEE_DeepOreDevoid;Dunes
10158,Dunes
10159,Dunes
10160,VEE_SaltPlains;Bay
10163,VEE_SaltPlains;WildTattooinePlants;AnimalHabitat;WindyMutator;VEE_RisingWaters
10201,VEE_FleshPits;VEE_FleshPits
10202,VEE_MineralDevoid;VEE_DeepOreDevoid
10211,VEE_MineralDevoid;VEE_DeepOreDevoid
10217,VEE_MineralDevoid;VEE_DeepOreDevoid
10227,VEE_MineralDevoid;VEE_DeepOreDevoid
10231,VEE_MineralDevoid;VEE_DeepOreDevoid
10235,Dunes
10239,VEE_MineralDevoid;VEE_DeepOreDevoid
10245,Hollow;VEE_Cenotes;VEE_StagnantRivulet
10246,Hollow;VEE_StagnantRivulet
10247,Hollow;VEE_Cenotes;VEE_StagnantRivulet
10251,Mountain
10252,Mountain;Caves
10253,Mountain;Caves
10254,Cliffs;Caves
10255,Mountain
10266,VEE_StoneForest
10268,Caves
10270,Caves;MineralRich
10271,Caves;MineralRich;VEE_DeepOreRich
10273,Mountain
10274,Caves;MineralRich
10275,Mountain
10276,Mountain
10279,Caves;MineralRich
10292,VEE_MineralDevoid;VEE_DeepOreDevoid
10293,VEE_DryRiver
10318,Caves
10321,Coast
10324,Caves
10329,Caves
10330,Caves
10331,Caves
10332,AncientGarrison
10333,Caves
10334,Caves
10336,Caves
10344,Caves;VEE_GravelBeach
10345,Caves
10346,Caves
10347,Caves
10350,Caves
10351,Caves
10355,AncientWarehouse
10368,Caves
10370,AncientWarehouse
10386,AncientRuins;AncientRuins
10394,VEE_MineralDevoid;VEE_DeepOreDevoid
10398,VEE_MineralDevoid;VEE_DeepOreDevoid
10412,VEE_MineralDevoid;VEE_DeepOreDevoid
10420,VEE_MineralDevoid;VEE_DeepOreDevoid
10426,VEE_MineralDevoid;VEE_DeepOreDevoid
10429,VEE_MineralDevoid;VEE_DeepOreDevoid
10432,VEE_MineralDevoid;VEE_DeepOreDevoid
10435,VEE_MineralDevoid;VEE_DeepOreDevoid
10438,VEE_MineralDevoid;VEE_DeepOreDevoid
10441,VEE_MineralDevoid;VEE_DeepOreDevoid
10442,Dunes
10443,Dunes
10444,VEE_MineralDevoid;VEE_DeepOreDevoid;Dunes
10445,Dunes
10446,Dunes
10447,VEE_MineralDevoid;VEE_DeepOreDevoid;Dunes
10449,Dunes
10450,Dunes
10451,VEE_MineralDevoid;VEE_DeepOreDevoid;Oasis
10452,Dunes
10453,Dunes
10454,VEE_MineralDevoid;VEE_DeepOreDevoid;Dunes
10455,Dunes
10456,Dunes
10457,VEE_MineralDevoid;VEE_DeepOreDevoid;Dunes
10458,Dunes
10459,Dunes
10460,Caves
10461,Caves
10463,Caves
10465,Caves
10468,VEE_DustBowl;VEE_PlantLife_Decimated;VEE_Fertility_Reduced;VEE_DustStorms
10470,VEE_MineralDevoid;VEE_DeepOreDevoid
10472,Caves
10474,Caves
10480,VEE_Cenotes;VEE_Cenotes
10486,VEE_RockRidge
10497,Dunes
10498,VEE_MineralDevoid;VEE_DeepOreDevoid
10501,VEE_MineralDevoid;VEE_DeepOreDevoid
10506,VEE_MineralDevoid;VEE_DeepOreDevoid
10518,AncientGarrison
10533,VEE_MineralDevoid;VEE_DeepOreDevoid
10536,VEE_MineralDevoid;VEE_DeepOreDevoid
10539,VEE_MineralDevoid;VEE_DeepOreDevoid
10542,VEE_MineralDevoid;VEE_DeepOreDevoid
10545,VEE_MineralDevoid;VEE_DeepOreDevoid
10548,VEE_MineralDevoid;VEE_DeepOreDevoid
10555,VEE_MineralDevoid;VEE_DeepOreDevoid
10556,Mountain;SteamGeysers_Increased
10557,Cliffs
10558,DryGround;AncientHeatVent
10559,Mountain
10561,Chasm
10562,Cliffs
10563,Cliffs
10565,DryGround
10566,Cliffs
10567,Mountain
10570,VEE_MineralDevoid;VEE_DeepOreDevoid
10573,VEE_MineralDevoid;VEE_DeepOreDevoid
10582,VEE_MineralDevoid;VEE_DeepOreDevoid
10585,VEE_MineralDevoid;VEE_DeepOreDevoid
10588,VEE_MineralDevoid;VEE_DeepOreDevoid
10591,VEE_MineralDevoid;VEE_DeepOreDevoid
10606,VEE_MineralDevoid;VEE_DeepOreDevoid
10609,VEE_MineralDevoid;VEE_DeepOreDevoid
10612,VEE_MineralDevoid;VEE_DeepOreDevoid
10620,VEE_MineralDevoid;VEE_DeepOreDevoid
10627,VEE_MineralDevoid;VEE_DeepOreDevoid
10639,VEE_MineralDevoid;VEE_DeepOreDevoid
10642,VEE_MineralDevoid;VEE_DeepOreDevoid
10650,VEE_MineralDevoid;VEE_DeepOreDevoid
10655,VEE_MineralDevoid;VEE_DeepOreDevoid
10660,VEE_MineralDevoid;VEE_DeepOreDevoid
10666,VEE_MineralDevoid;VEE_DeepOreDevoid
10671,VEE_MineralDevoid;VEE_DeepOreDevoid
10677,VEE_SaltPlains
10678,Plateau;VEE_SaltPlains
10679,VEE_SaltPlains
10683,DryGround
10684,DryGround
10685,VEE_SaltPlains
10686,DryGround
10687,VEE_SaltPlains
10690,VEE_MineralDevoid;VEE_DeepOreDevoid
10695,VEE_MineralDevoid;VEE_DeepOreDevoid
10698,VEE_MineralDevoid;VEE_DeepOreDevoid
10701,VEE_MineralDevoid;VEE_DeepOreDevoid
10704,VEE_MineralDevoid;VEE_DeepOreDevoid
10707,VEE_MineralDevoid;VEE_DeepOreDevoid
10710,VEE_MineralDevoid;VEE_DeepOreDevoid
10712,VEE_LessSolarPower
10716,VEE_LessSolarPower
10717,Caves;VEE_LessSolarPower
10718,VEE_LessSolarPower
10719,VEE_LessSolarPower
10720,VEE_LessSolarPower
10721,VEE_LessSolarPower
10722,VEE_LessSolarPower
10723,VEE_LessSolarPower
10724,Caves
10725,Caves;VEE_LessSolarPower
10729,VEE_LessSolarPower
10730,Caves;VEE_LessSolarPower
10731,Caves
10732,Caves
10733,Caves
10734,Mountain;Caves;VEE_LessSolarPower
10735,Caves
10736,Caves;VEE_LessSolarPower
10737,Caves;VEE_LessSolarPower
10739,Caves;VEE_LessSolarPower
10740,VEE_LessSolarPower
10741,VEE_LessSolarPower
10742,Caves;VEE_LessSolarPower
10743,VEE_LessSolarPower
10744,VEE_LessSolarPower
10745,VEE_LessSolarPower
10746,Caves;VEE_LessSolarPower
10747,Caves;VEE_LessSolarPower
10748,Caves;VEE_LessSolarPower
10749,Caves;VEE_LessSolarPower
10750,VEE_LessSolarPower
10751,VEE_LessSolarPower
10752,Caves;VEE_LessSolarPower
10753,VEE_LessSolarPower
10754,Caves;VEE_LessSolarPower
10755,VEE_LessSolarPower
10756,VEE_LessSolarPower
10757,VEE_LessSolarPower
10758,VEE_LessSolarPower
10759,Caves;VEE_LessSolarPower
10766,Chasm;VEE_LessSolarPower
10767,Chasm;VEE_LessSolarPower
10768,Cavern;VEE_LessSolarPower
10769,Chasm;VEE_LessSolarPower
10770,Mountain;VEE_LessSolarPower
10771,Chasm;VEE_LessSolarPower
10773,Caves
10774,Caves
10776,Caves
10777,Cliffs;Caves;VEE_LessSolarPower
10778,VEE_LessSolarPower
10779,Caves;VEE_LessSolarPower
10780,VEE_LessSolarPower
10781,VEE_LessSolarPower
10782,VEE_LessSolarPower
10783,VEE_LessSolarPower
10784,VEE_LessSolarPower
10785,VEE_LessSolarPower
10786,VEE_LessSolarPower
10787,VEE_LessSolarPower
10788,VEE_LessSolarPower
10789,VEE_LessSolarPower
10790,Caves;VEE_LessSolarPower
10791,VEE_LessSolarPower
10792,VEE_LessSolarPower
10793,VEE_LessSolarPower
10794,VEE_LessSolarPower
10795,VEE_LessSolarPower
10803,VEE_LessSolarPower
10806,VEE_Cenotes;VEE_Cenotes
10808,VEE_LessSolarPower
10809,VEE_LessSolarPower
10810,VEE_LessSolarPower
10811,Caves;VEE_LessSolarPower
10812,VEE_LessSolarPower
10813,Caves;VEE_LessSolarPower
10814,Caves;VEE_LessSolarPower
10815,Caves;VEE_LessSolarPower
10816,Caves;VEE_LessSolarPower
10817,VEE_LessSolarPower
10818,Caves;VEE_LessSolarPower
10819,Caves;VEE_LessSolarPower
10820,VEE_LessSolarPower
10821,Caves;VEE_LessSolarPower
10822,VEE_LessSolarPower
10823,VEE_LessSolarPower
10824,VEE_LessSolarPower
10825,VEE_LessSolarPower
10826,VEE_LessSolarPower
10828,VEE_LessSolarPower
10829,Caves;VEE_LessSolarPower
10830,Caves;VEE_LessSolarPower
10831,Caves;VEE_LessSolarPower
10832,Caves;VEE_LessSolarPower
10833,Caves;VEE_LessSolarPower
10834,Caves;VEE_LessSolarPower
10835,VEE_LessSolarPower
10836,VEE_LessSolarPower
10837,VEE_LessSolarPower
10838,VEE_LessSolarPower
10839,VEE_LessSolarPower
10840,VEE_LessSolarPower
10841,VEE_LessSolarPower
10842,VEE_LessSolarPower
10843,VEE_LessSolarPower
10844,VEE_LessSolarPower
10845,VEE_LessSolarPower
10846,Caves;VEE_LessSolarPower
10847,VEE_LessSolarPower
10848,Caves;VEE_LessSolarPower
10849,Caves;VEE_LessSolarPower
10854,VEE_LessSolarPower
10855,Caves;VEE_LessSolarPower
10856,VEE_LessSolarPower
10857,VEE_LessSolarPower
10858,VEE_LessSolarPower
10859,VEE_LessSolarPower
10860,VEE_LessSolarPower
10861,VEE_LessSolarPower
10862,VEE_LessSolarPower
10863,VEE_LessSolarPower
10864,VEE_LessSolarPower
10865,VEE_LessSolarPower
10866,VEE_LessSolarPower
10867,VEE_LessSolarPower;MineralRich
10868,VEE_LessSolarPower
10869,VEE_LessSolarPower
10870,VEE_LessSolarPower
10871,VEE_LessSolarPower
10872,VEE_LessSolarPower
10873,VEE_LessSolarPower
10874,VEE_LessSolarPower
10876,Caves
10877,Caves
10878,Caves
10880,VEE_LessSolarPower
10881,VEE_LessSolarPower
10882,Caves;VEE_LessSolarPower
10883,Caves;VEE_LessSolarPower
10884,VEE_LessSolarPower
10885,Caves;VEE_LessSolarPower
10886,VEE_LessSolarPower
10887,Caves;VEE_LessSolarPower
10888,Caves;VEE_LessSolarPower
10889,Caves
10890,VEE_LessSolarPower
10891,Caves
10892,VEE_LessSolarPower
10893,VEE_LessSolarPower
10894,VEE_LessSolarPower
10895,VEE_LessSolarPower
10896,VEE_LessSolarPower
10897,VEE_LessSolarPower
10898,VEE_LessSolarPower
10899,VEE_LessSolarPower
10900,Caves;VEE_LessSolarPower
10901,VEE_LessSolarPower
10902,VEE_LessSolarPower
10903,VEE_LessSolarPower
10910,VEE_LessSolarPower
10911,VEE_LessSolarPower
10912,VEE_LessSolarPower
10913,VEE_LessSolarPower
10914,VEE_LessSolarPower
10915,VEE_LessSolarPower
10921,VEE_LessSolarPower
10922,VEE_LessSolarPower
10923,VEE_LessSolarPower
10924,VEE_LessSolarPower
10925,VEE_LessSolarPower
10926,VEE_LessSolarPower
10927,VEE_LessSolarPower
10928,VEE_LessSolarPower
10929,VEE_LessSolarPower
10930,VEE_LessSolarPower
10931,VEE_LessSolarPower
10932,VEE_LessSolarPower
10933,VEE_LessSolarPower
10934,VEE_LessSolarPower
10935,VEE_LessSolarPower
10936,VEE_LessSolarPower
10937,Caves;VEE_LessSolarPower
10938,Caves;VEE_LessSolarPower
10939,VEE_LessSolarPower
10940,Caves
10942,Caves;MineralRich
10943,Caves
10947,VEE_LessSolarPower
10952,VEE_LessSolarPower
10953,VEE_LessSolarPower
10954,AncientRuins;AncientRuins;VEE_LessSolarPower
10955,VEE_LessSolarPower
10956,VEE_LessSolarPower
10957,VEE_LessSolarPower
10958,VEE_LessSolarPower
10959,VEE_LessSolarPower
10960,Caves;VEE_LessSolarPower
10965,VEE_LessSolarPower
10966,VEE_LessSolarPower
10967,VEE_LessSolarPower
10972,Mountain;VEE_LessSolarPower
10973,Mountain;VEE_LessSolarPower
10974,Mountain;VEE_LessSolarPower
10975,Mountain;VEE_LessSolarPower
10983,VEE_LessSolarPower
10985,Mountain
10986,Mountain
10987,VEE_LessSolarPower
10988,VEE_LessSolarPower
10989,VEE_LessSolarPower
10990,VEE_LessSolarPower
10992,VEE_LessSolarPower
10993,VEE_LessSolarPower
10995,VEE_LessSolarPower
10996,VEE_LessSolarPower
10997,VEE_LessSolarPower
10999,VEE_LessSolarPower
11000,VEE_LessSolarPower
11001,VEE_LessSolarPower
11002,VEE_LessSolarPower
11003,VEE_LessSolarPower
11004,VEE_LessSolarPower
11005,VEE_LessSolarPower
11006,VEE_LessSolarPower
11007,VEE_LessSolarPower
11008,VEE_LessSolarPower
11009,Caves;VEE_LessSolarPower
11010,Caves;VEE_LessSolarPower
11011,Caves;VEE_LessSolarPower
11012,VEE_LessSolarPower
11013,VEE_LessSolarPower
11014,VEE_LessSolarPower
11015,Caves;VEE_LessSolarPower
11016,Caves;VEE_LessSolarPower
11017,VEE_LessSolarPower
11018,Caves;VEE_LessSolarPower
11019,Caves;VEE_LessSolarPower
11020,VEE_LessSolarPower
11021,Caves;VEE_LessSolarPower
11022,Caves;VEE_LessSolarPower
11023,Caves;VEE_LessSolarPower
11024,Caves;VEE_LessSolarPower
11025,Caves;VEE_LessSolarPower
11026,VEE_LessSolarPower
11027,VEE_LessSolarPower
11028,VEE_LessSolarPower
11029,Caves;VEE_LessSolarPower
11030,VEE_LessSolarPower
11031,VEE_LessSolarPower
11032,VEE_LessSolarPower
11033,VEE_LessSolarPower
11034,VEE_LessSolarPower
11035,VEE_LessSolarPower
11038,VEE_LessSolarPower
11040,VEE_LessSolarPower
11041,VEE_LessSolarPower
11042,MineralRich;VEE_LessSolarPower
11043,Caves;MineralRich;VEE_LessSolarPower
11044,VEE_LessSolarPower
11045,MineralRich;VEE_LessSolarPower
11046,MineralRich;VEE_LessSolarPower
11047,MineralRich;VEE_LessSolarPower
11048,Caves
11049,Caves
11050,Caves
11053,Caves
11054,Caves
11055,Caves
11059,Caves
11062,VEE_LessSolarPower
11063,VEE_LessSolarPower
11066,VEE_LessSolarPower
11067,VEE_LessSolarPower
11068,VEE_LessSolarPower
11069,VEE_LessSolarPower
11070,VEE_LessSolarPower
11071,VEE_LessSolarPower
11072,Marshy;VEE_FloodPlains;VEE_MoreSolarPower
11073,Marshy;VEE_FloodPlains;VEE_MoreSolarPower
11074,VEE_MoreSolarPower;WildTattooinePlants
11075,Oasis;VEE_MoreSolarPower
11076,VEE_MoreSolarPower;WildTattooinePlants
11077,Oasis;VEE_MoreSolarPower
11078,Cavern;VEE_MoreSolarPower;WildTattooinePlants
11079,Mountain;VEE_PlantLife_Overgrown;VEE_NoTrees;VEE_MoreSolarPower
11080,Caves;VEE_MoreSolarPower;WildTattooinePlants
11081,VEE_MoreSolarPower;WildTattooinePlants
11082,Mountain;VEE_MoreSolarPower;WildTattooinePlants
11083,Mountain;VEE_MoreSolarPower;WildTattooinePlants
11084,Mountain;AnimalLife_Increased;VEE_MoreSolarPower
11085,Mountain;CaveLakes;VEE_StagnantRivulet;VEE_MoreSolarPower;Headwater
11086,Cliffs;AnimalLife_Increased;VEE_MoreSolarPower
11087,Mountain;Oasis;VEE_MoreSolarPower
11088,Mountain;CaveLakes;VEE_StagnantRivulet;VEE_MoreSolarPower;Headwater
11089,Cliffs;VEE_StagnantRivulet;VEE_MoreSolarPower;River
11090,Cliffs;CaveLakes;VEE_MoreSolarPower;Headwater
11091,Cliffs;VEE_MoreSolarPower;River
11092,Cliffs;CaveLakes;VEE_MoreSolarPower;Headwater
11093,Cliffs;CaveLakes;VEE_MoreSolarPower;Headwater
11094,VEE_SerpentineCanyons;VEE_MoreSolarPower;River
11095,Cliffs;Fish_Increased;VEE_MoreSolarPower;River
11096,Fish_Increased;VEE_MoreSolarPower;River
11097,Marshy;VEE_StagnantRivulet;VEE_MoreSolarPower
11098,Oasis;VEE_MoreSolarPower
11099,Marshy;VEE_FloodPlains;VEE_MoreSolarPower
11100,Oasis;AnimalLife_Increased;VEE_MoreSolarPower
11101,Oasis;VEE_MoreSolarPower
11102,VEE_MoreSolarPower
11103,VEE_MoreSolarPower
11104,Oasis;VEE_MoreSolarPower
11105,Oasis;VEE_MoreSolarPower
11106,VEE_MoreSolarPower
11107,Oasis;VEE_MoreSolarPower
11108,VEE_MineralDevoid;VEE_DeepOreDevoid;Dunes;VEE_MoreSolarPower
11109,Dunes;Dunes;VEE_MoreSolarPower
11110,Dunes;VEE_MoreSolarPower
11111,VEE_MineralDevoid;VEE_DeepOreDevoid;Dunes;VEE_MoreSolarPower
11112,VEE_MoreSolarPower
11113,Dunes;VEE_MoreSolarPower
11114,Dunes;VEE_MoreSolarPower
11115,VEE_MineralDevoid;VEE_DeepOreDevoid;Dunes;VEE_MoreSolarPower
11116,VEE_MoreSolarPower
11117,VEE_MoreSolarPower
11118,VEE_MoreSolarPower
11119,VEE_MoreSolarPower
11126,VEE_MineralDevoid;VEE_DeepOreDevoid;Dunes;Dunes
11127,VEE_MoreSolarPower
11131,Dunes
11132,VEE_MoreSolarPower
11133,VEE_MoreSolarPower
11134,Dunes;VEE_MoreSolarPower
11135,VEE_MineralDevoid;VEE_DeepOreDevoid;VEE_MoreSolarPower
11136,Dunes;VEE_MoreSolarPower
11137,VEE_MoreSolarPower
11138,VEE_MineralDevoid;VEE_DeepOreDevoid;Dunes;VEE_MoreSolarPower
11139,Dunes;VEE_MoreSolarPower
11140,Dunes;VEE_MoreSolarPower
11141,VEE_MineralDevoid;VEE_DeepOreDevoid;Dunes;VEE_MoreSolarPower
11142,Dunes;VEE_MoreSolarPower
11143,Dunes;VEE_MoreSolarPower
11144,VEE_MineralDevoid;VEE_DeepOreDevoid;Dunes;VEE_MoreSolarPower;WildTattooinePlants
11145,Dunes;VEE_MoreSolarPower;WildTattooinePlants
11146,Dunes;VEE_MoreSolarPower;WildTattooinePlants
11147,VEE_MineralDevoid;VEE_DeepOreDevoid;Dunes;VEE_MoreSolarPower;WildTattooinePlants
11148,Dunes;VEE_MoreSolarPower;WildTattooinePlants
11149,Dunes;VEE_MoreSolarPower;WildTattooinePlants
11150,VEE_MoreSolarPower;WildTattooinePlants
11151,VEE_MoreSolarPower;WildTattooinePlants
11152,VEE_MoreSolarPower;WildTattooinePlants
11153,VEE_MoreSolarPower;WildTattooinePlants
11154,VEE_MineralDevoid;VEE_DeepOreDevoid;Dunes;VEE_MoreSolarPower;WildTattooinePlants
11155,VEE_MoreSolarPower;WildTattooinePlants
11156,Dunes;VEE_MoreSolarPower
11157,Dunes;VEE_MoreSolarPower;WildTattooinePlants
11158,VEE_MineralDevoid;VEE_DeepOreDevoid;Dunes;VEE_MoreSolarPower
11159,Dunes;VEE_MoreSolarPower
11160,Dunes;VEE_MoreSolarPower;WildTattooinePlants
11161,VEE_MineralDevoid;VEE_DeepOreDevoid;Dunes;VEE_MoreSolarPower;WildTattooinePlants
11162,VEE_MoreSolarPower;WildTattooinePlants
11163,VEE_MoreSolarPower;WildTattooinePlants
11164,VEE_MoreSolarPower;WildTattooinePlants
11165,VEE_MoreSolarPower;WildTattooinePlants
11166,Dunes;VEE_MoreSolarPower;WildTattooinePlants
11167,Dunes;VEE_MoreSolarPower;WildTattooinePlants
11168,VEE_MineralDevoid;VEE_DeepOreDevoid;Dunes;VEE_MoreSolarPower;WildTattooinePlants
11169,VEE_QuicksandDunes;VEE_QuicksandDunes;VEE_MoreSolarPower;WildTattooinePlants
11170,VEE_MoreSolarPower;WildTattooinePlants
11171,VEE_MoreSolarPower;WildTattooinePlants
11172,VEE_MoreSolarPower;WildTattooinePlants
11173,Dunes;VEE_MoreSolarPower;WildTattooinePlants
11174,VEE_MoreSolarPower;WildTattooinePlants
11175,VEE_MoreSolarPower;WildTattooinePlants
11176,VEE_MineralDevoid;VEE_DeepOreDevoid;Dunes;VEE_MoreSolarPower;WildTattooinePlants
11177,Dunes;VEE_MoreSolarPower;WildTattooinePlants
11178,Dunes;VEE_MoreSolarPower;WildTattooinePlants
11179,VEE_MineralDevoid;VEE_DeepOreDevoid;Dunes;VEE_MoreSolarPower;WildTattooinePlants
11180,VEE_SaltPlains;DryGround;SunnyMutator;VEE_MoreSolarPower
11181,VEE_SaltPlains;MineralRich;VEE_FloodPlains;VEE_MoreSolarPower
11182,VEE_SaltPlains;MineralRich;VEE_MoreSolarPower
11183,VEE_ToxicCrater;MineralRich;VEE_SaltPlains;VEE_FloodPlains;VEE_MoreSolarPower
11184,VEE_SaltPlains;DryGround;AnimalLife_Decreased;AncientUplink;VEE_MoreSolarPower
11185,VEE_SaltPlains;DryGround;VEE_MoreSolarPower
11186,VEE_MoreSolarPower
11187,VEE_MoreSolarPower
11188,Dunes;VEE_MoreSolarPower
11189,Dunes;VEE_MoreSolarPower
11190,VEE_MineralDevoid;VEE_DeepOreDevoid;Dunes;VEE_MoreSolarPower
11191,Dunes;VEE_MoreSolarPower
11192,VEE_MoreSolarPower
11193,VEE_MineralDevoid;VEE_DeepOreDevoid;VEE_MoreSolarPower
11194,VEE_MoreSolarPower
11195,VEE_MoreSolarPower
11196,VEE_MineralDevoid;VEE_DeepOreDevoid;Dunes;VEE_MoreSolarPower
11197,VEE_MoreSolarPower
11200,VEE_MoreSolarPower
11203,VEE_MineralDevoid;VEE_DeepOreDevoid
11207,Dunes
11208,Dunes
11209,VEE_MineralDevoid;VEE_DeepOreDevoid;Dunes
11210,VEE_MoreSolarPower
11211,VEE_MoreSolarPower
11212,VEE_MineralDevoid;VEE_DeepOreDevoid;VEE_MoreSolarPower
11213,VEE_MoreSolarPower
11214,VEE_MoreSolarPower
11215,VEE_MineralDevoid;VEE_DeepOreDevoid;VEE_MoreSolarPower
11216,VEE_MoreSolarPower;WildTattooinePlants
11217,VEE_MoreSolarPower;WildTattooinePlants
11218,VEE_MoreSolarPower;WildTattooinePlants
11219,VEE_MoreSolarPower;WildTattooinePlants
11220,VEE_MoreSolarPower;WildTattooinePlants
11221,VEE_MoreSolarPower;WildTattooinePlants
11222,MineralRich;VEE_MoreSolarPower;WildTattooinePlants
11223,Mountain;MineralRich;VEE_MoreSolarPower;WildTattooinePlants
11224,MineralRich;VEE_MoreSolarPower;WildTattooinePlants
11225,Mountain;VEE_MoreSolarPower;WildTattooinePlants
11226,Mountain;VEE_MoreSolarPower;WildTattooinePlants
11227,Mountain;MineralRich;VEE_MoreSolarPower;WildTattooinePlants
11228,VEE_MoreSolarPower;WildTattooinePlants
11229,VEE_MoreSolarPower;WildTattooinePlants
11230,MineralRich;VEE_MoreSolarPower;WildTattooinePlants
11231,MineralRich;VEE_DeepOreRich;VEE_MoreSolarPower
11232,VEE_MoreSolarPower
11233,VEE_MoreSolarPower;WildTattooinePlants
11234,VEE_MoreSolarPower;WildTattooinePlants
11235,VEE_MoreSolarPower;WildTattooinePlants
11236,Dunes;Dunes;VEE_MoreSolarPower;WildTattooinePlants
11237,VEE_MoreSolarPower;WildTattooinePlants
11238,VEE_MoreSolarPower;WildTattooinePlants
11239,VEE_MoreSolarPower;WildTattooinePlants
11240,DryLake;VEE_MoreSolarPower;WildTattooinePlants
11241,AB_AmbientRadiation;AB_DerelictClusters;VEE_MoreSolarPower
11242,VEE_MoreSolarPower
11243,AB_DerelictClusters;AncientHeatVent;MineralRich;VEE_SulfuricLake;VEE_MoreSolarPower
11244,AB_DerelictClusters;AncientHeatVent;MineralRich;VEE_MoreSolarPower
11245,AncientHeatVent;Junkyard;VEE_SulfuricLake;VEE_MoreSolarPower
11246,AB_DerelictClusters;Junkyard;MineralRich;VEE_MoreSolarPower
11247,MineralRich;VEE_MoreSolarPower;WildTattooinePlants
11248,MineralRich;VEE_DeepOreRich;VEE_MoreSolarPower;WildTattooinePlants
11249,MineralRich;VEE_DeepOreRich;VEE_MoreSolarPower;WildTattooinePlants
11250,AB_DerelictClusters;VEE_SulfuricLake;VEE_MoreSolarPower
11251,MineralRich;VEE_DeepOreRich;VEE_MoreSolarPower;WildTattooinePlants
11252,VEE_MoreSolarPower
11253,VEE_MoreSolarPower
11254,Dunes;VEE_MoreSolarPower
11255,VEE_MineralDevoid;VEE_DeepOreDevoid;Dunes;VEE_MoreSolarPower
11256,Dunes;VEE_MoreSolarPower
11257,Dunes;VEE_MoreSolarPower
11258,VEE_MineralDevoid;VEE_DeepOreDevoid;Dunes;VEE_MoreSolarPower
11259,VEE_MoreSolarPower
11260,Dunes;VEE_MoreSolarPower
11261,VEE_MineralDevoid;VEE_DeepOreDevoid;VEE_MoreSolarPower
11262,VEE_MoreSolarPower
11263,VEE_MoreSolarPower
11271,VEE_MoreSolarPower
11274,VEE_MineralDevoid;VEE_DeepOreDevoid
11276,VEE_MoreSolarPower
11277,VEE_MoreSolarPower
11278,VEE_MoreSolarPower
11279,VEE_MoreSolarPower
11280,VEE_MoreSolarPower
11281,VEE_MoreSolarPower
11282,Dunes;VEE_MoreSolarPower
11283,VEE_MoreSolarPower
11284,VEE_MoreSolarPower
11285,VEE_MoreSolarPower
11286,VEE_MoreSolarPower
11287,VEE_MoreSolarPower
11288,VEE_MoreSolarPower;WildTattooinePlants
11289,VEE_MoreSolarPower;WildTattooinePlants
11290,VEE_MineralDevoid;VEE_DeepOreDevoid;Dunes;VEE_MoreSolarPower;WildTattooinePlants
11291,Dunes;VEE_MoreSolarPower;WildTattooinePlants
11292,Dunes;VEE_MoreSolarPower;WildTattooinePlants
11293,VEE_MineralDevoid;VEE_DeepOreDevoid;Dunes;VEE_MoreSolarPower;WildTattooinePlants
11294,VEE_MoreSolarPower;WildTattooinePlants
11295,Dunes;VEE_MoreSolarPower;WildTattooinePlants
11296,VEE_MoreSolarPower;WildTattooinePlants
11297,VEE_MoreSolarPower;WildTattooinePlants
11298,VEE_MoreSolarPower;WildTattooinePlants
11299,VEE_MoreSolarPower;WildTattooinePlants
11300,VEE_MoreSolarPower
11301,VEE_MoreSolarPower;WildTattooinePlants
11302,VEE_MoreSolarPower
11303,VEE_MoreSolarPower
11304,VEE_MineralDevoid;VEE_DeepOreDevoid;AnimalLife_Increased;VEE_MoreSolarPower
11305,VEE_MoreSolarPower
11306,VEE_MoreSolarPower
11307,VEE_FloodPlains;VEE_MoreSolarPower;WildTattooinePlants
11308,Marshy;VEE_MoreSolarPower
11309,Marshy;VEE_MoreSolarPower
11310,Fish_Increased;VEE_FloodPlains;VEE_MoreSolarPower
11311,Fish_Increased;VEE_FloodPlains;VEE_MoreSolarPower;WildTattooinePlants
11312,Mountain;VEE_MoreSolarPower
11313,VEE_MoreSolarPower
11314,VEE_MoreSolarPower
11315,Mountain;VEE_MoreSolarPower
11316,VEE_MoreSolarPower
11317,VEE_MoreSolarPower
11318,VEE_MoreSolarPower;WildTattooinePlants
11319,VEE_MoreSolarPower;WildTattooinePlants
11320,VEE_MoreSolarPower;WildTattooinePlants
11321,VEE_MoreSolarPower;WildTattooinePlants
11322,VEE_MoreSolarPower;WildTattooinePlants
11323,VEE_MoreSolarPower;WildTattooinePlants
11324,VEE_MoreSolarPower
11325,VEE_MoreSolarPower
11326,VEE_MoreSolarPower;WildTattooinePlants
11327,VEE_MoreSolarPower;WildTattooinePlants
11328,VEE_MoreSolarPower
11329,VEE_MoreSolarPower
11330,Fish_Increased;VEE_MoreSolarPower
11331,VEE_MoreSolarPower
11332,AnimalLife_Increased;VEE_MoreSolarPower
11333,VEE_MoreSolarPower
11334,VEE_StagnantRivulet;Fish_Increased;VEE_MoreSolarPower;River
11335,VEE_MoreSolarPower
11336,AB_AmbientRadiation;AB_AncientGreyPallVent;AB_DerelictClusters;VEE_MechanoidShipChunks;VEE_MoreSolarPower
11337,AB_DerelictClusters;AncientHeatVent;AncientRuins;Junkyard;MineralRich;VEE_SulfuricLake;VEE_MoreSolarPower
11338,AB_AmbientRadiation;AncientUplink;VEE_MechanoidShipChunks;VEE_MoreSolarPower
11339,AB_AmbientRadiation;AB_DerelictClusters;AncientHeatVent;Junkyard;VEE_MoreSolarPower
11340,AB_AmbientRadiation;AB_DerelictClusters;AncientHeatVent;MineralRich;VEE_MoreSolarPower
11341,AB_AmbientRadiation;AB_DerelictClusters;AncientHeatVent;AncientWarehouse;VEE_MechanoidShipChunks;VEE_SulfuricLake;VEE_MoreSolarPower
11342,AB_DerelictClusters;AncientHeatVent;VEE_MoreSolarPower;River
11343,AB_AmbientRadiation;AncientHeatVent;MineralRich;VEE_MoreSolarPower;River
11344,AncientHeatVent;Junkyard;VEE_SulfuricLake;VEE_FloodPlains;VEE_MoreSolarPower
11345,AncientHeatVent;AncientRuins;VEE_ToxicVents;VEE_MoreSolarPower
11346,AB_DerelictClusters;AncientHeatVent;AncientRuins;VEE_ToxicVents;AnimalLife_Increased;VEE_MoreSolarPower
11347,VEE_StagnantRivulet;Fish_Increased;VEE_MoreSolarPower;River
11348,AB_AmbientRadiation;AB_AncientDeathPallVent;AB_DerelictClusters;VEE_MechanoidShipChunks;VEE_SulfuricLake;VEE_ToxicVents;VEE_MoreSolarPower
11349,AB_AmbientRadiation;AB_AncientDeathPallVent;AB_DerelictClusters;AncientRuins;VEE_MechanoidShipChunks;VEE_ToxicVents;VEE_MoreSolarPower
11350,AB_AmbientRadiation;AB_AncientGreyPallVent;AB_DerelictClusters;AncientRuins;Junkyard;VEE_ToxicVents;VEE_MoreSolarPower
11351,AB_AmbientRadiation;AB_DerelictClusters;AncientHeatVent;AncientRuins;VEE_MechanoidShipChunks;VEE_SulfuricLake;VEE_ToxicVents;VEE_MoreSolarPower
11352,AB_DerelictClusters;AncientHeatVent;VEE_MechanoidShipChunks;VEE_SulfuricLake;VEE_ToxicVents;VEE_MoreSolarPower
11353,TerraformingScar;AB_AmbientRadiation;AB_AncientFreezingVent;AB_DerelictClusters;VEE_MechanoidShipChunks;VEE_ToxicVents;VEE_MoreSolarPower
11354,AB_AmbientRadiation;AB_AncientBloodRainVent;AB_DerelictClusters;VEE_MechanoidShipChunks;VEE_MoreSolarPower
11355,AB_AmbientRadiation;AB_AncientGreyPallVent;AB_DerelictClusters;MineralRich;VEE_MechanoidShipChunks;VEE_ToxicVents;VEE_MoreSolarPower
11356,AncientInfestedSettlement;AncientRuins;Junkyard;VEE_MoreSolarPower
11357,AB_DerelictClusters;AncientHeatVent;VEE_SulfuricLake;VEE_MoreSolarPower
11358,AncientGarrison;VEE_MoreSolarPower
11359,AncientHeatVent;VEE_MoreSolarPower
11360,Dunes;VEE_MoreSolarPower
11361,VEE_MineralDevoid;VEE_DeepOreDevoid;Dunes;VEE_MoreSolarPower
11362,Dunes;VEE_MoreSolarPower
11363,Dunes;VEE_MoreSolarPower
11364,VEE_MineralDevoid;VEE_DeepOreDevoid;Dunes;VEE_MoreSolarPower
11365,Dunes;VEE_MoreSolarPower
11366,Dunes;VEE_MoreSolarPower
11367,VEE_MineralDevoid;VEE_DeepOreDevoid;Dunes;VEE_MoreSolarPower
11368,Dunes;VEE_MoreSolarPower
11369,Dunes;VEE_MoreSolarPower
11370,VEE_MineralDevoid;VEE_DeepOreDevoid;Dunes;VEE_MoreSolarPower
11371,Dunes;VEE_MoreSolarPower
11372,Dunes;VEE_MoreSolarPower
11373,VEE_MineralDevoid;VEE_DeepOreDevoid;Dunes;VEE_MoreSolarPower
11374,Dunes;VEE_MoreSolarPower
11375,Dunes;VEE_MoreSolarPower
11376,VEE_MineralDevoid;VEE_DeepOreDevoid;Dunes;VEE_MoreSolarPower
11377,Dunes;VEE_MoreSolarPower
11378,Dunes
11379,VEE_MineralDevoid;VEE_DeepOreDevoid;Dunes
11380,Dunes;VEE_MoreSolarPower
11381,Dunes
11382,VEE_MineralDevoid;VEE_DeepOreDevoid;Dunes
11383,Dunes
11389,DryLake
11390,Dunes;VEE_MoreSolarPower
11391,VEE_MoreSolarPower
11392,VEE_MoreSolarPower
11393,VEE_MoreSolarPower
11394,VEE_MineralDevoid;VEE_DeepOreDevoid;Dunes;VEE_MoreSolarPower
11395,Dunes;VEE_MoreSolarPower
11396,Dunes;VEE_MoreSolarPower;WildTattooinePlants
11397,VEE_MineralDevoid;VEE_DeepOreDevoid;Dunes;VEE_MoreSolarPower;WildTattooinePlants
11398,VEE_MoreSolarPower
11399,VEE_MoreSolarPower
11400,VEE_MoreSolarPower
11401,VEE_MoreSolarPower
11402,Dunes;VEE_MoreSolarPower;WildTattooinePlants
11403,Dunes;VEE_MoreSolarPower;WildTattooinePlants
11404,VEE_MineralDevoid;VEE_DeepOreDevoid;Dunes;VEE_MoreSolarPower;WildTattooinePlants
11405,Dunes;VEE_MoreSolarPower;WildTattooinePlants
11406,Dunes;VEE_MoreSolarPower;WildTattooinePlants
11407,VEE_MineralDevoid;VEE_DeepOreDevoid;Dunes;VEE_MoreSolarPower;WildTattooinePlants
11408,Dunes;VEE_MoreSolarPower;WildTattooinePlants
11409,Dunes;VEE_MoreSolarPower;WildTattooinePlants
11410,VEE_MineralDevoid;VEE_DeepOreDevoid;Dunes;VEE_MoreSolarPower;WildTattooinePlants
11411,Dunes;VEE_MoreSolarPower;WildTattooinePlants
11412,Dunes;VEE_MoreSolarPower;WildTattooinePlants
11413,VEE_MineralDevoid;VEE_DeepOreDevoid;Dunes;VEE_MoreSolarPower;WildTattooinePlants
11414,Dunes;VEE_MoreSolarPower;WildTattooinePlants
11415,VEE_MoreSolarPower;WildTattooinePlants
11416,Dunes;VEE_MoreSolarPower;WildTattooinePlants
11417,VEE_MineralDevoid;VEE_DeepOreDevoid;Dunes;VEE_MoreSolarPower
11418,Dunes;VEE_MoreSolarPower
11419,VEE_MoreSolarPower
11420,Dunes;VEE_MoreSolarPower;WildTattooinePlants
11421,VEE_MineralDevoid;VEE_DeepOreDevoid;Dunes;VEE_MoreSolarPower;WildTattooinePlants
11422,Dunes;VEE_MoreSolarPower;WildTattooinePlants
11423,Dunes;VEE_MoreSolarPower;WildTattooinePlants
11424,VEE_MineralDevoid;VEE_DeepOreDevoid;Dunes;VEE_MoreSolarPower;WildTattooinePlants
11425,Dunes;VEE_MoreSolarPower;WildTattooinePlants
11426,Dunes;VEE_MoreSolarPower;WildTattooinePlants
11427,VEE_MineralDevoid;VEE_DeepOreDevoid;Dunes;VEE_MoreSolarPower;WildTattooinePlants
11428,Dunes;VEE_MoreSolarPower;WildTattooinePlants
11429,Dunes;VEE_MoreSolarPower;WildTattooinePlants
11430,VEE_MineralDevoid;VEE_DeepOreDevoid;Dunes;VEE_MoreSolarPower;WildTattooinePlants
11431,Dunes;VEE_MoreSolarPower;WildTattooinePlants
11432,VEE_MoreSolarPower
11433,VEE_MoreSolarPower;VEE_DryRiver
11434,VEE_MoreSolarPower
11435,VEE_MoreSolarPower
11436,VEE_MoreSolarPower;VEE_DryRiver
11437,VEE_MoreSolarPower
11438,VEE_MoreSolarPower;VEE_SaltPlains;Junkyard
11439,VEE_MoreSolarPower
11440,VEE_MoreSolarPower
11441,VEE_MoreSolarPower
11442,VEE_MoreSolarPower
11443,VEE_MoreSolarPower
11444,VEE_MoreSolarPower
11445,VEE_MoreSolarPower
11446,VEE_MoreSolarPower;WildTattooinePlants
11447,VEE_MoreSolarPower;WildTattooinePlants
11448,Dunes;VEE_MoreSolarPower;WildTattooinePlants
11449,VEE_MoreSolarPower;WildTattooinePlants
11450,VEE_MoreSolarPower
11451,VEE_MineralDevoid;VEE_DeepOreDevoid;Dunes;Dunes;VEE_MoreSolarPower
11452,VEE_MoreSolarPower
11453,VEE_MoreSolarPower
11454,VEE_MoreSolarPower
11455,VEE_MoreSolarPower
11456,VEE_SaltPlains;VEE_MoreSolarPower;WildTattooinePlants
11457,VEE_MoreSolarPower;WildTattooinePlants
11458,VEE_MoreSolarPower;WildTattooinePlants
11459,VEE_MoreSolarPower;WildTattooinePlants
11460,VEE_MoreSolarPower;WildTattooinePlants
11461,VEE_MoreSolarPower;WildTattooinePlants
11462,VEE_MoreSolarPower
11463,Dunes;Dunes;VEE_MoreSolarPower
11464,VEE_MoreSolarPower
11465,Mountain;MineralRich;VEE_MoreSolarPower;VEE_DryRiver
11466,Mountain;MineralRich;VEE_MoreSolarPower
11467,Cliffs;MineralRich;VEE_MoreSolarPower;VEE_DryRiver
11468,Cliffs;AnimalLife_Increased
11469,Cliffs;AncientQuarry;Fish_Increased;MineralRich;AncientRuins;River
11470,VEE_SerpentineCanyons;River
11471,Cliffs;AncientQuarry;Oasis;MineralRich;AncientWarehouse
11472,Cliffs;AnimalLife_Increased;VEE_DryRiver
11473,Cliffs;VEE_DryRiver
11475,Mountain
11476,Mountain;MineralRich;VEE_DeepOreRich
11477,Mountain;MineralRich;VEE_DeepOreRich;VEE_DryRiver
11478,VEE_DryRiver
11479,VEE_DryRiver
11480,VEE_MineralDevoid;VEE_DeepOreDevoid
11484,VEE_MineralDevoid;VEE_DeepOreDevoid
11493,VEE_MineralDevoid;VEE_DeepOreDevoid
11494,Junkyard;VEE_MineralDevoid;VEE_DeepOreDevoid;VEE_RisingWaters
11495,VEE_DryRiver
11496,VEE_MineralDevoid;VEE_DeepOreDevoid;VEE_DryRiver;VEE_SaltPlains
11498,Coast
11499,VEE_MineralDevoid;VEE_DeepOreDevoid
11500,Dunes;VEE_DryRiver
11501,Dunes;VEE_FloodPlains
11502,VEE_MineralDevoid;VEE_DeepOreDevoid;VEE_FloodPlains;Stockpile;Junkyard;Archipelago
11503,Fish_Increased;AnimalLife_Increased;VEE_AlluvialFan;Coast
11504,AnimalHabitat;Fish_Increased
11505,Junkyard;Stockpile;VEE_MineralDevoid;VEE_DeepOreDevoid;CoastalIsland
11507,AnimalHabitat;Fish_Increased
11512,AnimalHabitat;Fish_Increased
11514,AnimalHabitat;Fish_Increased;AnimalLife_Increased
11515,AnimalHabitat;Fish_Increased
11517,AnimalHabitat;Fish_Increased
11518,VEE_SaltPlains
11519,Coast
11520,VEE_SaltPlains
11521,VEE_SaltPlains;AnimalHabitat;CoastalIsland
11522,VEE_SaltPlains
11523,VEE_SaltPlains;PlantLife_Increased;AncientUplink;Junkyard;Stockpile;VEE_MineralDevoid;VEE_DeepOreDevoid;Archipelago
11525,Junkyard;Stockpile;VEE_MineralDevoid;VEE_DeepOreDevoid;VEE_RisingWaters;Coast
11526,VEE_SaltPlains
11527,AnimalHabitat;Fish_Increased
11528,VEE_SaltPlains
11535,AnimalHabitat;Fish_Increased
11537,Junkyard;Stockpile;Coast
11538,Junkyard;Stockpile;VEE_MineralDevoid;VEE_DeepOreDevoid;Coast
11540,VEE_MoreSolarPower
11541,VEE_MoreSolarPower
11542,MineralRich;VEE_MoreSolarPower
11543,VEE_MoreSolarPower
11544,MineralRich;VEE_MoreSolarPower
11545,VEE_MoreSolarPower
11546,VEE_MoreSolarPower
11547,VEE_MoreSolarPower
11548,Dunes;VEE_MoreSolarPower
11549,VEE_MineralDevoid;VEE_DeepOreDevoid;Dunes;VEE_MoreSolarPower
11550,VEE_PebbleDunes;VEE_PebbleDunes;VEE_MoreSolarPower
11551,VEE_MoreSolarPower
11552,MineralRich;VEE_MoreSolarPower
11553,Mountain;MineralRich;VEE_MoreSolarPower
11554,MineralRich;VEE_MoreSolarPower
11555,Mountain;MineralRich;VEE_MoreSolarPower;VEE_DryRiver
11556,Mountain;MineralRich;VEE_DeepOreRich;VEE_MoreSolarPower;VEE_DryRiver
11557,Mountain;MineralRich;VEE_DeepOreRich;VEE_MoreSolarPower
11558,Dunes;Dunes;VEE_MoreSolarPower
11559,VEE_MineralDevoid;VEE_DeepOreDevoid;Dunes;VEE_MoreSolarPower
11560,VEE_MoreSolarPower
11561,VEE_MoreSolarPower
11562,VEE_MoreSolarPower
11563,VEE_MoreSolarPower
11564,Dunes;VEE_MoreSolarPower;WildTattooinePlants
11565,Dunes;VEE_MoreSolarPower;WildTattooinePlants
11566,VEE_MineralDevoid;VEE_DeepOreDevoid;VEE_PebbleDunes;VEE_PebbleDunes;VEE_MoreSolarPower
11567,VEE_MoreSolarPower
11568,VEE_MoreSolarPower;WildTattooinePlants
11569,Dunes;VEE_MoreSolarPower;WildTattooinePlants
11570,VEE_MoreSolarPower;WildTattooinePlants
11571,VEE_MoreSolarPower;WildTattooinePlants
11572,Dunes;VEE_MoreSolarPower;WildTattooinePlants
11573,VEE_MoreSolarPower;WildTattooinePlants
11574,VEE_MoreSolarPower;WildTattooinePlants
11575,VEE_MoreSolarPower;WildTattooinePlants
11578,VEE_MineralDevoid;VEE_DeepOreDevoid
11583,Mountain
11585,VEE_DryRiver
11586,Mountain
11587,Mountain
11588,Mountain
11589,Mountain
11590,Mountain;AbandonedColonyTribal;AbandonedColonyTribal
11591,Mountain
11592,Mountain
11593,Mountain
11607,VEE_MineralDevoid;VEE_DeepOreDevoid
11612,Mountain
11613,Mountain
11615,Caves
11617,Caves
11626,Caves
11627,Caves
11630,Caves
11633,Caves
11637,Mountain
11638,AnimalHabitat;Fish_Increased;WindyMutator;Iceberg
11640,AnimalHabitat;Fish_Increased;IceDunes;WindyMutator
11641,AncientRuins;VEE_MineralDevoid;VEE_DeepOreDevoid;Archipelago
11642,Fish_Increased;IceDunes
11643,Mountain;AncientRuins;VEE_MineralDevoid;VEE_DeepOreDevoid
11644,Mountain
11645,Mountain
11646,AnimalHabitat;Fish_Increased;IceDunes;WindyMutator
11647,Mountain
11648,VEE_LessSolarPower
11649,VEE_MineralDevoid;VEE_DeepOreDevoid;VEE_LessSolarPower
11650,VEE_LessSolarPower
11651,VEE_LessSolarPower
11652,VEE_MineralDevoid;VEE_DeepOreDevoid;VEE_LessSolarPower
11653,VEE_LessSolarPower
11654,VEE_LessSolarPower
11655,VEE_LessSolarPower
11656,VEE_LessSolarPower
11657,VEE_MineralDevoid;VEE_DeepOreDevoid;VEE_LessSolarPower
11658,VEE_LessSolarPower
11659,VEE_LessSolarPower
11660,VEE_LessSolarPower
11661,VEE_LessSolarPower
11662,VEE_LessSolarPower
11663,VEE_LessSolarPower
11664,VEE_LessSolarPower
11665,VEE_LessSolarPower
11666,VEE_LessSolarPower
11667,VEE_LessSolarPower
11668,VEE_LessSolarPower
11669,VEE_LessSolarPower
11670,VEE_LessSolarPower
11671,VEE_LessSolarPower
11672,VEE_LessSolarPower
11673,VEE_LessSolarPower
11674,VEE_LessSolarPower
11675,VEE_LessSolarPower
11676,VEE_LessSolarPower
11677,VEE_LessSolarPower
11678,VEE_LessSolarPower
11679,VEE_LessSolarPower
11680,VEE_LessSolarPower
11681,VEE_LessSolarPower
11682,VEE_LessSolarPower
11683,VEE_LessSolarPower
11690,AncientChemfuelRefinery
11704,VEE_MineralDevoid;VEE_DeepOreDevoid
11714,Mountain
11715,Mountain
11716,Mountain
11717,Mountain
11718,Mountain
11719,Mountain
11720,VEE_LessSolarPower
11721,VEE_LessSolarPower
11722,VEE_LessSolarPower
11723,VEE_LessSolarPower
11724,VEE_LessSolarPower
11725,VEE_LessSolarPower
11726,Caves;VEE_LessSolarPower
11727,Caves;VEE_LessSolarPower
11728,Caves;VEE_LessSolarPower
11729,Caves;VEE_LessSolarPower
11730,Caves;VEE_LessSolarPower
11731,VEE_LessSolarPower
11732,VEE_LessSolarPower
11733,VEE_LessSolarPower
11734,VEE_LessSolarPower
11735,VEE_LessSolarPower
11736,VEE_LessSolarPower
11737,VEE_LessSolarPower
11738,VEE_LessSolarPower
11739,Caves;VEE_LessSolarPower
11740,VEE_LessSolarPower
11741,VEE_LessSolarPower
11742,Caves;VEE_LessSolarPower
11743,Caves;VEE_LessSolarPower
11744,VEE_LessSolarPower
11745,Caves;VEE_LessSolarPower
11746,Caves;VEE_LessSolarPower
11747,Caves;VEE_LessSolarPower
11748,Caves;VEE_LessSolarPower
11750,VEE_LessSolarPower
11751,Caves;VEE_LessSolarPower
11752,VEE_LessSolarPower
11753,VEE_LessSolarPower
11754,VEE_LessSolarPower
11755,VEE_LessSolarPower
11756,AnimalHabitat;Fish_Increased;IceDunes;WindyMutator
11757,Stockpile
11758,Fish_Increased;IceDunes;WindyMutator
11761,AnimalHabitat;Fish_Increased;WindyMutator;Iceberg
11762,Mountain
11763,Mountain
11764,Mountain
11765,Mountain
11766,Mountain
11767,Mountain
11768,VEE_MineralDevoid;VEE_DeepOreDevoid;VEE_RisingWaters
11774,AnimalHabitat;Fish_Increased;WindyMutator
11776,AnimalHabitat;Fish_Increased;WindyMutator
11778,VEE_GravelBeach
11779,Junkyard;Stockpile;VEE_MineralDevoid;VEE_DeepOreDevoid;Coast
11786,WindyMutator
11794,VEE_DustBowl;VEE_PlantLife_Decimated;VEE_Fertility_Reduced;VEE_DustStorms
11798,Mountain
11800,Mountain;Caves
11801,Mountain
11802,Mountain
11803,Mountain
11810,Mountain
11811,Mountain
11812,Mountain
11813,Mountain;Coast
11814,Mountain;SunnyMutator;Coast
11815,Mountain
11822,Fish_Increased
11823,Fish_Increased
11824,Fish_Increased
11825,Fish_Increased;VEE_MarineSanctuary
11827,Fish_Increased
11828,Mountain;VEE_SaltPlains;WindyMutator;Coast
11829,Mountain
11830,VEE_MineralDevoid;VEE_DeepOreDevoid;VEE_SaltPlains;WindyMutator;AncientRuins;CoastalAtoll
11831,Coast
11834,Mountain;Oasis
11835,Mountain;Oasis
11836,Mountain
11837,Mountain
11838,Mountain
11839,Mountain;Oasis
11842,VEE_SaltPlains;VEE_RisingWaters
11843,VEE_SaltPlains;CoastalIsland
11844,VEE_SaltPlains
11845,VEE_SaltPlains;Fish_Decreased;Oasis;WindyMutator;VEE_RisingWaters
11846,VEE_SaltPlains
11847,VEE_SaltPlains
11848,VEE_SaltPlains
11849,VEE_SaltPlains
11851,Oasis;Peninsula
11858,Oasis
11859,Oasis
11860,Oasis
11861,Oasis
11862,Oasis
11863,Oasis
11866,VEE_DryRiver
11867,VEE_DryRiver
11871,Mountain
11872,Mountain
11875,Mountain
11876,Dunes;VEE_DryRiver;VEE_SaltPlains
11877,Oasis
11878,Dunes;VEE_SaltPlains;Stockpile;SunnyMutator
11885,VEE_MineralDevoid;VEE_DeepOreDevoid
11888,Mountain
11889,Mountain
11890,Mountain;MineralRich;VEE_DeepOreRich
11891,Mountain;MineralRich
11892,Mountain;MineralRich;VEE_DeepOreRich
11893,Mountain;MineralRich
11895,VEE_DryRiver
11897,Mountain
11898,Mountain
11899,Mountain
11900,Mountain;AnimalLife_Increased;VEE_MoreSolarPower
11901,Mountain;VEE_MoreSolarPower
11902,Mountain;Oasis;VEE_MoreSolarPower
11903,Mountain;HotSprings;VEE_MoreSolarPower
11904,Mountain;VEE_MoreSolarPower
11905,Mountain;Oasis;VEE_MoreSolarPower
11909,Fish_Decreased
11912,Fish_Increased;VEE_MoreSolarPower;RiverIsland
11913,Fish_Increased;VEE_FloodPlains;VEE_MoreSolarPower
11914,Marshy;VEE_StagnantRivulet;Fish_Increased;VEE_MoreSolarPower;River
11915,Fish_Increased;VEE_FloodPlains;VEE_MoreSolarPower
11916,Marshy;Junkyard;VEE_DryRiver;VEE_MoreSolarPower
11917,Marshy;SunnyMutator;Junkyard;VEE_DryRiver;VEE_MoreSolarPower
11918,Oasis;AB_FeraliskNest;Pond;AB_LocustPlagues;VEE_StagnantRivulet;VEE_MoreSolarPower
11919,Muddy;VEE_RottenStench;Oasis;AB_BumbledroneNests;AnimalLife_Increased;VEE_MoreSolarPower
11920,Oasis;VEE_IncreasedInfestations;Pond;InsectMegahive;VEE_RotstinkVents;VEE_MoreSolarPower
11921,Marshy;AB_FeraliskNest;Oasis;AB_BumbledroneNests;VEE_MoreSolarPower
11922,VEE_IncreasedInfestations;Oasis;InsectMegahive;Pond;AnimalLife_Increased;VEE_MoreSolarPower
11923,Marshy;Oasis;VEE_IncreasedInfestations;InsectMegahive;VEE_StagnantRivulet;VEE_RotstinkVents;VEE_MoreSolarPower
11924,VEE_SerpentineCanyons;Fish_Increased;VEE_DeepOreRich;VEE_MoreSolarPower;River
11925,Mountain;VEE_MoreSolarPower
11926,VEE_SerpentineCanyons;VEE_StagnantRivulet;Fish_Increased;VEE_MoreSolarPower;River
11927,Fish_Increased;VEE_FloodPlains;VEE_MoreSolarPower
11928,AnimalLife_Increased;AncientRuins;VEE_MoreSolarPower
11929,VEE_MoreSolarPower;WildTattooinePlants
11932,Fish_Increased
11936,Cavern;CaveLakes;VEE_MoreSolarPower;Headwater
11937,Cliffs;VEE_MoreSolarPower;River
11938,Mountain;VEE_MoreSolarPower;RiverIsland
11939,Mountain;VEE_MoreSolarPower;RiverIsland
11940,VEE_MoreSolarPower;River
11941,Mountain;CaveLakes;VEE_MoreSolarPower;Headwater
11942,Fish_Increased;AnimalLife_Increased
11943,Fish_Increased;AnimalLife_Increased;River
11944,Cliffs;MineralRich;VEE_DeepOreRich;AnimalLife_Increased;VEE_MoreSolarPower
11945,Valley;CaveLakes;VEE_StagnantRivulet;VEE_MoreSolarPower;Headwater
11946,Mountain;CaveLakes;VEE_StagnantRivulet;VEE_MoreSolarPower;Headwater
11947,Cliffs;MineralRich;VEE_DeepOreRich;Fish_Increased;AnimalLife_Increased;VEE_MoreSolarPower;RiverDelta
11948,VEE_SulfuricLake;Fish_Decreased
11949,Fish_Decreased
11950,Fish_Decreased
11951,ToxicLake;Fish_Decreased
11952,Fish_Decreased
11953,Fish_Decreased
11956,VEE_SulfuricLake;Fish_Decreased
11957,Fish_Decreased
11958,Fish_Decreased
11959,Fish_Decreased
11960,Mountain;MineralRich;AnimalLife_Increased;VEE_SmokeVents;VEE_MoreSolarPower
11961,Mountain;CaveLakes;MineralRich;VEE_MoreSolarPower;Headwater
11962,SteamGeysers_Increased;Fish_Increased
11963,SteamGeysers_Increased;VEE_SulfuricLake;Fish_Increased
11964,Cliffs;MineralRich;AnimalLife_Increased;VEE_MoreSolarPower
11965,Mountain;CaveLakes;MineralRich;VEE_MoreSolarPower;Headwater
11966,VEE_SerpentineCanyons;Fish_Increased;VEE_MoreSolarPower;River
11967,Cliffs;Fish_Increased;VEE_MoreSolarPower;River
11968,Mountain;CaveLakes;VEE_MoreSolarPower;Headwater
11969,Cliffs;VEE_MoreSolarPower;River
11970,VEE_SerpentineCanyons;VEE_MoreSolarPower;River
11971,VEE_MoreSolarPower;River
11972,VEE_LessSolarPower
11973,VEE_LessSolarPower
11974,VEE_LessSolarPower
11975,VEE_LessSolarPower
11976,Caves;VEE_LessSolarPower
11977,Caves;VEE_LessSolarPower
11978,VEE_LessSolarPower
11979,VEE_LessSolarPower
11980,VEE_LessSolarPower
11981,VEE_LessSolarPower
11982,VEE_LessSolarPower
11983,VEE_LessSolarPower
11984,Caves;VEE_LessSolarPower
11985,VEE_LessSolarPower
11986,Caves;VEE_LessSolarPower
11987,Caves;VEE_LessSolarPower
11988,VEE_LessSolarPower
11989,Caves;VEE_LessSolarPower
11990,VEE_LessSolarPower
11991,VEE_LessSolarPower
11992,VEE_LessSolarPower
11993,VEE_LessSolarPower
11994,VEE_LessSolarPower
11995,VEE_LessSolarPower
11996,Caves;VEE_LessSolarPower
11997,Caves;VEE_LessSolarPower
11998,Caves;VEE_LessSolarPower
11999,Caves;VEE_LessSolarPower
12000,Caves;VEE_LessSolarPower
12001,Caves;VEE_LessSolarPower
12002,VEE_LessSolarPower
12003,VEE_LessSolarPower
12004,VEE_LessSolarPower
12005,VEE_LessSolarPower
12006,VEE_LessSolarPower
12007,VEE_LessSolarPower
12012,WindyMutator
12015,WindyMutator
12017,WindyMutator
12019,Iceberg
12020,Caves
12022,Caves
12026,Caves
12031,Caves
12033,Mountain
12035,VEE_MineralDevoid;VEE_DeepOreDevoid
12037,Mountain;AbandonedColonyTribal;AbandonedColonyTribal
12038,WindyMutator;VEE_GravelBeach
12040,WindyMutator
12041,WindyMutator;VEE_GravelBeach
12043,WindyMutator;Iceberg
12044,VEE_LessSolarPower
12045,VEE_LessSolarPower
12046,Caves;VEE_LessSolarPower
12047,Caves;VEE_LessSolarPower
12048,VEE_LessSolarPower
12049,VEE_LessSolarPower
12050,Caves;VEE_LessSolarPower
12051,Caves;VEE_LessSolarPower
12052,VEE_LessSolarPower
12053,VEE_LessSolarPower
12054,VEE_LessSolarPower
12055,VEE_LessSolarPower
12056,Caves;VEE_LessSolarPower
12057,Caves;VEE_LessSolarPower
12058,Caves;VEE_LessSolarPower
12059,Caves;VEE_LessSolarPower
12060,VEE_LessSolarPower
12061,VEE_LessSolarPower
12062,VEE_LessSolarPower
12063,VEE_LessSolarPower
12064,VEE_LessSolarPower
12065,VEE_LessSolarPower
12068,Caves;VEE_LessSolarPower
12069,Caves;VEE_LessSolarPower
12070,Caves;VEE_LessSolarPower
12071,Caves;VEE_LessSolarPower
12072,VEE_LessSolarPower
12073,Caves;VEE_LessSolarPower
12074,VEE_LessSolarPower
12075,Caves;VEE_LessSolarPower
12076,Caves;VEE_LessSolarPower
12077,Caves;VEE_LessSolarPower
12078,Caves;VEE_LessSolarPower
12079,Caves;VEE_LessSolarPower
12081,WindyMutator
12084,Caves
12086,Mountain;Caves
12087,Chasm;Caves
12088,Mountain;Caves
12089,Caves
12090,Caves
12091,Mountain;Caves
12092,Fish_Increased;AnimalLife_Increased
12094,Fish_Increased;AnimalLife_Increased
12097,Fish_Increased;AnimalLife_Increased
12099,Fish_Increased;AnimalLife_Increased
12100,WindyMutator;VEE_GravelBeach
12104,VEE_SaltPlains
12105,VEE_SaltPlains
12106,VEE_SaltPlains
12107,VEE_SaltPlains
12108,VEE_SaltPlains
12109,VEE_SaltPlains
12111,Caves
12115,VEE_JaggedRocks
12118,Caves
12128,Cliffs;Caves
12129,Caves
12130,Mountain;Caves
12131,Mountain;Caves
12132,Caves
12133,Caves
12136,Caves
12137,Mountain;Caves
12138,Mountain;Caves
12139,Mountain;Caves
12143,Caves
12153,VEE_MineralDevoid;VEE_DeepOreDevoid
12156,VEE_MineralDevoid;VEE_DeepOreDevoid
12159,VEE_MineralDevoid;VEE_DeepOreDevoid
12162,VEE_MineralDevoid;VEE_DeepOreDevoid
12165,VEE_MineralDevoid;VEE_DeepOreDevoid
12168,VEE_MineralDevoid;VEE_DeepOreDevoid
12171,VEE_MineralDevoid;VEE_DeepOreDevoid
12176,VEE_MineralDevoid;VEE_DeepOreDevoid
12179,VEE_MineralDevoid;VEE_DeepOreDevoid
12185,Caves
12194,AB_EdibleAirborneMicrofungi
12195,AB_EdibleAirborneMicrofungi
12196,AB_EdibleAirborneMicrofungi
12197,AB_EdibleAirborneMicrofungi
12198,AB_EdibleAirborneMicrofungi
12199,AB_EdibleAirborneMicrofungi
12200,AB_EdibleAirborneMicrofungi
12201,AB_EdibleAirborneMicrofungi
12202,AB_EdibleAirborneMicrofungi
12203,AB_EdibleAirborneMicrofungi
12204,AB_EdibleAirborneMicrofungi
12205,AB_EdibleAirborneMicrofungi
12206,AB_EdibleAirborneMicrofungi
12207,AB_EdibleAirborneMicrofungi
12208,AB_EdibleAirborneMicrofungi
12209,AB_EdibleAirborneMicrofungi
12210,AB_EdibleAirborneMicrofungi
12211,AB_EdibleAirborneMicrofungi
12243,AncientHeatVent
12246,VEE_SaltPlains;DryGround
12247,DryGround;AncientHeatVent
12248,Mountain
12249,DryGround
12250,Cliffs;VEE_RotstinkVents
12251,Mountain
12252,DryGround
12253,Mountain
12260,Cliffs;VEE_RotstinkVents
12261,Chasm
12262,DryGround
12264,Chasm
12266,DryGround
12267,DryGround
12268,Mountain
12269,DryGround;ToxicLake
12271,VEE_SulfuricLake
12272,VEE_LessSolarPower
12273,VEE_LessSolarPower
12274,VEE_LessSolarPower
12275,VEE_LessSolarPower
12276,VEE_LessSolarPower
12277,VEE_LessSolarPower
12278,VEE_LessSolarPower
12279,VEE_LessSolarPower
12280,VEE_LessSolarPower
12281,VEE_LessSolarPower
12282,VEE_LessSolarPower
12283,VEE_LessSolarPower
12284,VEE_LessSolarPower
12285,VEE_LessSolarPower
12286,VEE_LessSolarPower
12287,VEE_LessSolarPower
12288,VEE_LessSolarPower
12289,VEE_LessSolarPower
12290,VEE_LessSolarPower
12291,Caves;VEE_LessSolarPower
12292,Caves;VEE_LessSolarPower
12293,Caves;VEE_LessSolarPower
12294,VEE_LessSolarPower
12295,VEE_LessSolarPower
12296,VEE_LessSolarPower
12297,VEE_LessSolarPower
12298,VEE_LessSolarPower
12299,VEE_LessSolarPower
12300,Caves;VEE_LessSolarPower
12301,VEE_LessSolarPower
12302,VEE_LessSolarPower
12303,VEE_LessSolarPower
12304,AncientWarehouse;VEE_LessSolarPower
12305,VEE_LessSolarPower
12306,VEE_LessSolarPower
12307,VEE_LessSolarPower
12308,VEE_LessSolarPower
12309,VEE_LessSolarPower
12311,Mountain
12312,Valley
12315,VEE_LessSolarPower
12316,VEE_LessSolarPower
12317,VEE_LessSolarPower
12318,VEE_LessSolarPower
12319,VEE_LessSolarPower
12320,VEE_LessSolarPower
12321,Caves;VEE_LessSolarPower
12322,VEE_LessSolarPower
12324,VEE_LessSolarPower
12325,VEE_LessSolarPower
12326,VEE_LessSolarPower
12327,Caves;VEE_LessSolarPower
12328,Caves;VEE_LessSolarPower
12329,Caves;VEE_LessSolarPower
12330,VEE_LessSolarPower
12331,VEE_LessSolarPower
12332,Dunes;VEE_MoreSolarPower;WildTattooinePlants
12333,VEE_MineralDevoid;VEE_DeepOreDevoid;Dunes;VEE_MoreSolarPower;WildTattooinePlants
12334,Dunes;VEE_MoreSolarPower;WildTattooinePlants
12335,Dunes;VEE_MoreSolarPower;WildTattooinePlants
12336,VEE_MineralDevoid;VEE_DeepOreDevoid;Dunes;VEE_MoreSolarPower;WildTattooinePlants
12337,Dunes;VEE_MoreSolarPower;WildTattooinePlants
12338,Dunes;VEE_MoreSolarPower;WildTattooinePlants
12339,VEE_MineralDevoid;VEE_DeepOreDevoid;Dunes;VEE_MoreSolarPower;WildTattooinePlants
12340,Dunes;VEE_MoreSolarPower;WildTattooinePlants
12341,Dunes;VEE_MoreSolarPower;WildTattooinePlants
12342,VEE_MineralDevoid;VEE_DeepOreDevoid;Dunes;VEE_MoreSolarPower;WildTattooinePlants
12343,Dunes;VEE_MoreSolarPower;WildTattooinePlants
12344,Dunes;VEE_MoreSolarPower;WildTattooinePlants
12345,VEE_MineralDevoid;VEE_DeepOreDevoid;Dunes;VEE_MoreSolarPower;WildTattooinePlants
12346,Dunes;VEE_MoreSolarPower;WildTattooinePlants
12347,Dunes;VEE_MoreSolarPower;WildTattooinePlants
12348,VEE_MineralDevoid;VEE_DeepOreDevoid;Dunes;VEE_MoreSolarPower;WildTattooinePlants
12349,Dunes;VEE_MoreSolarPower;WildTattooinePlants
12350,Dunes;VEE_MoreSolarPower;WildTattooinePlants
12351,VEE_MineralDevoid;VEE_DeepOreDevoid;Dunes;VEE_MoreSolarPower;WildTattooinePlants
12352,Dunes;VEE_MoreSolarPower;WildTattooinePlants
12353,Dunes;VEE_MoreSolarPower;WildTattooinePlants
12354,VEE_MineralDevoid;VEE_DeepOreDevoid;Dunes;VEE_MoreSolarPower;WildTattooinePlants
12355,Dunes;VEE_MoreSolarPower;WildTattooinePlants
12356,Dunes;VEE_MoreSolarPower;WildTattooinePlants
12357,VEE_MineralDevoid;VEE_DeepOreDevoid;Dunes;VEE_MoreSolarPower;WildTattooinePlants
12358,Dunes;VEE_MoreSolarPower;WildTattooinePlants
12359,Dunes;VEE_MoreSolarPower;WildTattooinePlants
12360,VEE_MineralDevoid;VEE_DeepOreDevoid;Dunes;VEE_MoreSolarPower;WildTattooinePlants
12361,Dunes;VEE_MoreSolarPower;WildTattooinePlants
12362,AncientRuins;VEE_MoreSolarPower
12363,AnimalLife_Decreased;SunnyMutator;VEE_DryRiver;VEE_MoreSolarPower
12364,VEE_MoreSolarPower
12365,VEE_FloodPlains;VEE_MoreSolarPower
12366,Marshy;VEE_StagnantRivulet;Fish_Increased;VEE_MoreSolarPower;River
12367,Marshy;VEE_MoreSolarPower
12368,VEE_MoreSolarPower
12369,Dunes;VEE_MoreSolarPower;WildTattooinePlants
12370,VEE_MoreSolarPower
12371,VEE_MoreSolarPower
12372,VEE_MoreSolarPower
12373,VEE_MineralDevoid;VEE_DeepOreDevoid;Dunes;VEE_MoreSolarPower;WildTattooinePlants
12374,Dunes;VEE_MoreSolarPower;WildTattooinePlants
12375,VEE_MoreSolarPower;WildTattooinePlants
12376,Dunes;VEE_MoreSolarPower;WildTattooinePlants
12377,VEE_MoreSolarPower;WildTattooinePlants
12378,VEE_MoreSolarPower;WildTattooinePlants
12379,VEE_MineralDevoid;VEE_DeepOreDevoid;VEE_QuicksandDunes;VEE_QuicksandDunes;VEE_MoreSolarPower;WildTattooinePlants
12380,Dunes;VEE_MoreSolarPower;WildTattooinePlants
12381,Dunes;VEE_MoreSolarPower;WildTattooinePlants
12382,VEE_MoreSolarPower
12383,VEE_MineralDevoid;VEE_DeepOreDevoid;Dunes;VEE_MoreSolarPower;WildTattooinePlants
12384,Dunes;VEE_MoreSolarPower;WildTattooinePlants
12385,Dunes;VEE_MoreSolarPower;WildTattooinePlants
12386,VEE_MoreSolarPower;WildTattooinePlants
12387,VEE_MoreSolarPower;WildTattooinePlants
12388,VEE_MineralDevoid;VEE_DeepOreDevoid;Dunes;VEE_MoreSolarPower;WildTattooinePlants
12389,Dunes;VEE_MoreSolarPower;WildTattooinePlants
12390,VEE_MoreSolarPower;WildTattooinePlants
12391,Dunes;VEE_MoreSolarPower;WildTattooinePlants
12393,VEE_MineralDevoid;VEE_DeepOreDevoid;Dunes
12395,TerraformingScar;MineralRich
12396,Cavern;AncientQuarry;AncientQuarry;MineralRich;VEE_DeepOreRich;AncientChemfuelRefinery
12397,MineralRich;AncientRuins
12398,MineralRich;VEE_DryRiver
12399,Mountain;MineralRich
12400,Cliffs;Caves;MineralRich
12401,Mountain;MineralRich
12402,MineralRich
12405,Dunes
12409,Dunes
12410,Mountain;AncientQuarry;MineralRich;AncientRuins
12411,Cavern;AncientQuarry;AncientQuarry;MineralRich
12412,Mountain;MineralRich;VEE_DryRiver
12413,Cliffs;VEE_DeepOreRich;MineralRich;VEE_DryRiver
12414,Mountain;AncientQuarry;MineralRich
12415,Cliffs;VEE_DeepOreRich;MineralRich
12416,VEE_MineralDevoid;VEE_DeepOreDevoid;Dunes;VEE_SaltPlains
12417,AbandonedColonyOutlander;AbandonedColonyOutlander;VEE_SaltPlains
12419,VEE_MoreSolarPower
12420,VEE_MoreSolarPower
12421,VEE_MoreSolarPower
12423,VEE_MineralDevoid;VEE_DeepOreDevoid
12427,VEE_MineralDevoid;VEE_DeepOreDevoid
12430,VEE_MineralDevoid;VEE_DeepOreDevoid
12434,VEE_MineralDevoid;VEE_DeepOreDevoid
12437,VEE_LessSolarPower
12438,VEE_MineralDevoid;VEE_DeepOreDevoid;VEE_LessSolarPower
12439,VEE_LessSolarPower
12441,VEE_MineralDevoid;VEE_DeepOreDevoid
12444,ToxicLake
12446,VEE_MineralDevoid;VEE_DeepOreDevoid
12447,AncientChemfuelRefinery
12450,VEE_MineralDevoid;VEE_DeepOreDevoid
12453,Caves;VEE_DryRiver
12454,AnimalLife_Increased;VEE_DryRiver
12455,Cliffs;River
12456,VEE_SerpentineCanyons;VEE_DeepOreRich;River
12457,VEE_DustBowl;VEE_PlantLife_Decimated;VEE_Fertility_Reduced;VEE_DustStorms
12458,River
12459,CaveLakes;River
12460,AnimalLife_Increased;AncientRuins
12461,Marshy;Oasis
12463,River
12464,River
12465,Fish_Increased;River
12466,AnimalLife_Increased;VEE_MoreSolarPower
12467,Oasis;VEE_MoreSolarPower
12468,Marshy;VEE_MoreSolarPower
12469,Fish_Increased;RiverIsland
12473,Mountain
12474,Oasis
12475,Oasis
12476,AnimalLife_Increased
12477,Oasis
12480,Fish_Increased;River
12481,Marshy
12491,VEE_LessSolarPower
12492,VEE_LessSolarPower
12493,VEE_LessSolarPower
12507,WindyMutator
12508,Peninsula
12509,WindyMutator
12510,WindyMutator
12515,Caves
12516,Caves;VEE_LessSolarPower
12517,Caves;VEE_LessSolarPower
12518,VEE_LessSolarPower
12519,Caves;VEE_LessSolarPower
12520,VEE_LessSolarPower
12521,VEE_LessSolarPower
12522,VEE_LessSolarPower
12523,VEE_LessSolarPower
12524,Caves;VEE_LessSolarPower
12525,VEE_LessSolarPower
12526,VEE_LessSolarPower
12527,VEE_LessSolarPower
12528,VEE_LessSolarPower
12529,VEE_LessSolarPower
12530,VEE_LessSolarPower
12531,VEE_LessSolarPower
12532,VEE_LessSolarPower
12533,VEE_LessSolarPower
12542,Caves
12543,Caves
12545,Caves
12546,Caves
12547,Caves
12550,Caves
12558,Caves
12598,VEE_MineralDevoid;VEE_DeepOreDevoid
12601,VEE_MineralDevoid;VEE_DeepOreDevoid
12620,Marshy;VEE_RottenStench;AB_FeraliskNest;AnimalLife_Increased
12621,AnimalLife_Increased
12623,Marshy;VEE_RottenStench;InsectMegahive;AB_BumbledroneNests;VEE_FloodPlains
12624,Fish_Increased;VEE_FloodPlains
12625,VEE_IncreasedInfestations;VEE_IncreasedDiseases;Fish_Increased;VEE_FloodPlains
12626,Muddy;InsectMegahive;VEE_IncreasedDiseases;Fish_Increased;VEE_FloodPlains
12627,Marshy;InsectMegahive;AB_BumbledroneNests;VEE_RotstinkVents;VEE_MoreSolarPower
12628,Cliffs;AnimalLife_Increased
12629,Marshy;VEE_MoreSolarPower
12630,Muddy;AB_FeraliskNest;InsectMegahive;Fish_Increased;VEE_ContaminatedRiver;VEE_MoreSolarPower
12631,Muddy;VEE_StagnantRivulet;ToxicLake;AB_BumbledroneNests;VEE_MoreSolarPower
12638,VEE_MineralDevoid;VEE_DeepOreDevoid
12639,VEE_MoreSolarPower
12641,VEE_MineralDevoid;VEE_DeepOreDevoid
12642,VEE_MoreSolarPower
12644,Marshy;AB_FeraliskNest;AB_BumbledroneNests;VEE_IncreasedDiseases;VEE_MoreSolarPower
12645,VEE_MoreSolarPower
12646,Marshy;AB_FeraliskNest;AB_BumbledroneNests;VEE_RotstinkVents;VEE_MoreSolarPower
12647,VEE_MoreSolarPower
12648,VEE_MoreSolarPower
12649,VEE_MoreSolarPower
12650,VEE_MineralDevoid;VEE_DeepOreDevoid;Dunes;VEE_MoreSolarPower
12651,Dunes;VEE_MoreSolarPower
12652,Dunes;VEE_MoreSolarPower
12653,VEE_MineralDevoid;VEE_DeepOreDevoid;Dunes;VEE_MoreSolarPower
12654,Dunes;VEE_MoreSolarPower
12655,Dunes;VEE_MoreSolarPower
12677,VEE_AlluvialFan;CoastalIsland
12679,SunnyMutator;CoastalIsland
12687,SunnyMutator;CoastalIsland
12691,Fish_Increased
12699,VEE_LessSolarPower
12701,VEE_LessSolarPower
12702,VEE_LessSolarPower
12703,VEE_LessSolarPower
12711,VEE_LessSolarPower
12714,VEE_LessSolarPower
12716,VEE_LessSolarPower
12717,VEE_LessSolarPower
12718,VEE_LessSolarPower
12719,VEE_LessSolarPower
12720,VEE_LessSolarPower
12721,VEE_LessSolarPower
12722,VEE_LessSolarPower
12723,VEE_LessSolarPower
12724,VEE_LessSolarPower
12725,VEE_LessSolarPower
12726,VEE_LessSolarPower
12727,VEE_LessSolarPower
12729,VEE_LessSolarPower
12730,VEE_LessSolarPower
12731,VEE_LessSolarPower
12732,VEE_LessSolarPower
12738,Caves
12739,Caves
12740,Caves
12741,Caves;VEE_LessSolarPower
12742,Caves;VEE_LessSolarPower
12743,Caves
12749,VEE_LessSolarPower
12750,Caves
12752,Caves;VEE_LessSolarPower
12753,Caves;VEE_LessSolarPower
12754,Caves;VEE_LessSolarPower
12755,VEE_LessSolarPower
12756,VEE_LessSolarPower
12757,VEE_LessSolarPower
12758,Caves;VEE_LessSolarPower
12759,Caves;VEE_LessSolarPower
12760,Caves;VEE_LessSolarPower
12761,VEE_LessSolarPower
12762,Caves;VEE_LessSolarPower
12763,VEE_LessSolarPower
12767,VEE_MineralDevoid;VEE_DeepOreDevoid
12773,VEE_MineralDevoid;VEE_DeepOreDevoid
12795,AncientGarrison
12800,VEE_MoreSolarPower
12801,Mountain;VEE_MoreSolarPower
12802,VEE_MoreSolarPower;WildTattooinePlants
12803,VEE_MoreSolarPower;WildTattooinePlants
12804,Mountain;VEE_MoreSolarPower
12805,Mountain;VEE_MoreSolarPower
12806,Mountain;VEE_MoreSolarPower
12807,VEE_MoreSolarPower
12808,Mountain;VEE_MoreSolarPower
12809,Mountain;VEE_MoreSolarPower
12810,Caves;VEE_MoreSolarPower
12811,VEE_MoreSolarPower
12812,Fish_Increased
12813,Fish_Increased
12817,Fish_Increased
12818,Cliffs;VEE_MoreSolarPower
12819,Mountain;VEE_MoreSolarPower
12820,Fish_Increased
12821,Fish_Increased
12822,Cliffs;VEE_MoreSolarPower;WildTattooinePlants;Bay
12823,Fish_Increased
12824,Fish_Increased
12825,Cliffs;VEE_MoreSolarPower
12826,Fish_Increased
12827,Fish_Increased
12828,Cliffs;MineralRich;VEE_MoreSolarPower
12829,Cliffs;VEE_MoreSolarPower
12830,Mountain;VEE_MoreSolarPower
12831,Mountain;VEE_MoreSolarPower
12832,Mountain;VEE_MoreSolarPower
12833,MineralRich;AncientRuins;AncientRuins;VEE_MoreSolarPower
12834,Mountain;MineralRich;VEE_DeepOreRich;VEE_MoreSolarPower
12835,Mountain;MineralRich;VEE_DeepOreRich;VEE_MoreSolarPower
12836,VEE_MoreSolarPower
12837,VEE_MoreSolarPower
12838,VEE_MoreSolarPower
12839,VEE_MoreSolarPower
12840,VEE_MoreSolarPower
12841,VEE_MoreSolarPower
12844,VEE_MoreSolarPower
12845,VEE_MoreSolarPower
12846,DryLake
12848,VEE_MoreSolarPower
12849,VEE_MoreSolarPower
12850,VEE_MoreSolarPower
12851,VEE_MoreSolarPower
12852,VEE_MoreSolarPower
12853,VEE_MoreSolarPower
12854,VEE_MoreSolarPower
12855,VEE_MoreSolarPower
12856,VEE_MineralDevoid;VEE_DeepOreDevoid;Dunes;VEE_MoreSolarPower
12857,VEE_PebbleDunes;VEE_PebbleDunes;VEE_MoreSolarPower
12872,Mountain
12876,Mountain;VEE_LessSolarPower
12877,Mountain;VEE_LessSolarPower
12878,VEE_LessSolarPower
12879,VEE_LessSolarPower
12880,VEE_LessSolarPower
12881,VEE_LessSolarPower
12882,VEE_LessSolarPower
12883,VEE_LessSolarPower
12884,VEE_LessSolarPower
12885,VEE_LessSolarPower
12886,VEE_LessSolarPower
12887,VEE_LessSolarPower
12888,VEE_LessSolarPower
12889,VEE_LessSolarPower
12890,VEE_LessSolarPower
12891,VEE_LessSolarPower
12892,VEE_LessSolarPower
12893,VEE_LessSolarPower
12899,Cliffs
12900,Mountain
12901,Mountain
12905,VEE_MineralDevoid;VEE_DeepOreDevoid
12911,VEE_MeteorCrater
12936,VEE_DustBowl;VEE_PlantLife_Decimated;VEE_Fertility_Reduced;VEE_DustStorms
12944,VEE_MineralDevoid;VEE_DeepOreDevoid
12947,VEE_MineralDevoid;VEE_DeepOreDevoid
12950,VEE_MineralDevoid;VEE_DeepOreDevoid
12953,VEE_MineralDevoid;VEE_DeepOreDevoid
12956,VEE_MineralDevoid;VEE_DeepOreDevoid
12962,VEE_MineralDevoid;VEE_DeepOreDevoid
12963,VEE_RockRidge;MixedBiome
12965,VEE_MineralDevoid;VEE_DeepOreDevoid
12972,VEE_MineralDevoid;VEE_DeepOreDevoid
12975,VEE_MineralDevoid;VEE_DeepOreDevoid
12978,VEE_MineralDevoid;VEE_DeepOreDevoid
12987,VEE_MoreSolarPower
12988,VEE_MineralDevoid;VEE_DeepOreDevoid
12989,VEE_MoreSolarPower
12990,VEE_MoreSolarPower
12991,VEE_MoreSolarPower
12999,VEE_MoreSolarPower
13002,VEE_MineralDevoid;VEE_DeepOreDevoid;VEE_MoreSolarPower
13004,VEE_MoreSolarPower
13005,VEE_MoreSolarPower
13006,VEE_MoreSolarPower
13007,VEE_MoreSolarPower
13008,VEE_MoreSolarPower
13009,VEE_MoreSolarPower
13010,VEE_MoreSolarPower
13011,VEE_MoreSolarPower
13012,VEE_MoreSolarPower
13013,VEE_MoreSolarPower
13014,VEE_MoreSolarPower
13015,VEE_MoreSolarPower
13016,VEE_SaltPlains
13018,DryGround
13020,DryGround
13021,VEE_SaltPlains
13022,VEE_SaltPlains
13023,Plateau;VEE_SaltPlains
13024,VEE_SaltPlains;DryGround
13025,VEE_SaltPlains
13026,VEE_SaltPlains;AB_TarLakes
13027,DryGround;AB_TarLakes
13028,DryGround
13030,VEE_SaltPlains
13031,VEE_SaltPlains
13036,DryGround
13039,VEE_MineralDevoid;VEE_DeepOreDevoid
13040,VEE_SaltPlains
13042,DryGround
13046,DryGround
13052,VEE_LessSolarPower
13053,VEE_LessSolarPower
13054,VEE_LessSolarPower
13055,VEE_LessSolarPower
13056,VEE_LessSolarPower
13057,VEE_LessSolarPower
13058,Mountain;VEE_LessSolarPower
13059,AncientRuins_Frozen;AncientRuins_Frozen;VEE_LessSolarPower
13060,VEE_LessSolarPower
13061,VEE_LessSolarPower
13062,VEE_LessSolarPower
13063,VEE_LessSolarPower
13064,VEE_LessSolarPower
13065,Caves;VEE_LessSolarPower
13066,VEE_LessSolarPower
13067,VEE_LessSolarPower
13068,VEE_LessSolarPower
13069,Caves;VEE_LessSolarPower
13070,VEE_LessSolarPower
13071,VEE_LessSolarPower
13072,Mountain;VEE_LessSolarPower
13073,VEE_LessSolarPower
13074,VEE_LessSolarPower
13075,VEE_LessSolarPower
13076,VEE_LessSolarPower
13077,VEE_LessSolarPower
13078,VEE_LessSolarPower
13079,VEE_LessSolarPower
13080,VEE_LessSolarPower
13081,VEE_LessSolarPower
13082,Caves;VEE_LessSolarPower
13083,VEE_LessSolarPower
13084,VEE_LessSolarPower
13086,Caves
13088,VEE_LessSolarPower
13091,VEE_LessSolarPower
13092,VEE_LessSolarPower
13093,VEE_LessSolarPower
13107,VEE_LessSolarPower
13110,VEE_LessSolarPower
13112,VEE_LessSolarPower
13113,Caves;VEE_LessSolarPower
13114,VEE_LessSolarPower
13115,VEE_LessSolarPower
13116,Caves;VEE_LessSolarPower
13117,VEE_LessSolarPower
13118,VEE_LessSolarPower
13119,VEE_Cenotes;VEE_Cenotes;VEE_LessSolarPower
13120,Caves;VEE_LessSolarPower
13121,Caves;VEE_LessSolarPower
13122,VEE_LessSolarPower
13123,VEE_LessSolarPower
13124,VEE_MeteorCrater;VEE_MineralDevoid;VEE_DeepOreDevoid;Dunes;VEE_MoreSolarPower
13125,Dunes;VEE_MoreSolarPower
13126,Dunes;VEE_MoreSolarPower
13127,VEE_MineralDevoid;VEE_DeepOreDevoid;Dunes;VEE_MoreSolarPower
13128,Dunes;VEE_MoreSolarPower
13129,VEE_MoreSolarPower
13130,Dunes
13132,VEE_MineralDevoid;VEE_DeepOreDevoid;Dunes;VEE_MoreSolarPower
13133,VEE_MoreSolarPower
13136,VEE_MoreSolarPower
13137,VEE_MoreSolarPower
13138,VEE_MoreSolarPower
13139,VEE_MoreSolarPower
13142,VEE_PebbleDunes;VEE_PebbleDunes;VEE_MoreSolarPower
13143,VEE_MoreSolarPower
13144,VEE_MineralDevoid;VEE_DeepOreDevoid;VEE_MoreSolarPower
13145,VEE_MoreSolarPower
13146,VEE_MoreSolarPower
13147,VEE_MineralDevoid;VEE_DeepOreDevoid;VEE_MoreSolarPower
13148,Dunes
13149,DryLake
13155,VEE_MeteorCrater;MineralRich
13160,VEE_MineralDevoid;VEE_DeepOreDevoid;Dunes;VEE_MoreSolarPower;WildTattooinePlants
13161,Mountain;VEE_MoreSolarPower;WildTattooinePlants
13162,Mountain;VEE_MoreSolarPower;WildTattooinePlants
13163,VEE_MoreSolarPower;WildTattooinePlants
13164,VEE_MoreSolarPower;WildTattooinePlants
13165,VEE_MoreSolarPower;WildTattooinePlants
13166,VEE_MoreSolarPower;WildTattooinePlants
13167,VEE_MoreSolarPower;WildTattooinePlants
13168,Hollow;VEE_MoreSolarPower;WildTattooinePlants
13169,Mountain;VEE_MoreSolarPower;WildTattooinePlants
13170,VEE_MoreSolarPower;WildTattooinePlants
13171,Mountain;VEE_MoreSolarPower;WildTattooinePlants
13172,VEE_MoreSolarPower
13173,VEE_MoreSolarPower
13174,VEE_MoreSolarPower
13175,Dunes;VEE_MoreSolarPower;WildTattooinePlants
13176,VEE_MoreSolarPower
13177,VEE_MoreSolarPower;WildTattooinePlants
13178,VEE_MoreSolarPower
13179,AB_DerelictClusters;VEE_SulfuricLake;VEE_MoreSolarPower
13180,AB_AncientFreezingVent;VEE_MoreSolarPower
13181,AB_DerelictClusters;AncientHeatVent;VEE_SulfuricLake;VEE_MoreSolarPower
13182,Junkyard;VEE_SulfuricLake;VEE_ToxicVents;VEE_MoreSolarPower
13183,AB_DerelictClusters;AncientHeatVent;Junkyard;VEE_MoreSolarPower
13184,VEE_MoreSolarPower;WildTattooinePlants
13185,VEE_MoreSolarPower;WildTattooinePlants
13186,AB_DerelictClusters;VEE_MoreSolarPower
13187,AB_AmbientRadiation;AB_AncientFreezingVent;Junkyard;VEE_MoreSolarPower
13188,VEE_MoreSolarPower;WildTattooinePlants
13189,VEE_MoreSolarPower;WildTattooinePlants
13190,VEE_MoreSolarPower;WildTattooinePlants
13191,Dunes;VEE_MoreSolarPower;WildTattooinePlants
13192,VEE_MoreSolarPower;WildTattooinePlants
13193,VEE_MoreSolarPower;WildTattooinePlants
13194,VEE_MineralDevoid;VEE_DeepOreDevoid;Dunes;VEE_MoreSolarPower;WildTattooinePlants
13195,Dunes;VEE_MoreSolarPower;WildTattooinePlants
13196,AnimalHabitat;Fish_Increased
13197,AnimalHabitat;Fish_Increased
13199,AnimalHabitat;Fish_Increased
13200,AnimalHabitat;Fish_Increased
13201,Fish_Increased
13203,Archipelago
13204,VEE_MineralDevoid;VEE_DeepOreDevoid;VEE_RisingWaters;Coast
13205,VEE_MineralDevoid;VEE_DeepOreDevoid
13209,AnimalHabitat;Fish_Increased
13210,AnimalHabitat;Fish_Increased
13212,AnimalHabitat;Fish_Increased
13214,AnimalHabitat;Fish_Increased
13215,AnimalHabitat;Fish_Increased
13217,AnimalHabitat;Fish_Increased
13220,Junkyard;Stockpile;VEE_MineralDevoid;VEE_DeepOreDevoid;VEE_RisingWaters;Coast
13222,VEE_MineralDevoid;VEE_DeepOreDevoid;VEE_RisingWaters;Coast
13223,VEE_MineralDevoid;VEE_DeepOreDevoid;Junkyard;Stockpile;VEE_RisingWaters
13224,Fish_Increased
13225,AnimalHabitat;Fish_Increased
13227,AnimalHabitat;Fish_Increased
13228,AnimalHabitat;Fish_Increased
13230,AnimalHabitat;Fish_Increased
13238,VEE_MineralDevoid;VEE_DeepOreDevoid
13255,WindyMutator;AB_FeraliskNest;WildPlants
13256,VEE_SaltPlains
13257,VEE_SaltPlains
13258,VEE_SaltPlains
13259,VEE_SaltPlains
13260,VEE_SaltPlains
13287,Caves
13291,Caves
13299,Caves
13300,Caves
13301,Caves
13303,Caves
13306,VEE_MineralDevoid;VEE_DeepOreDevoid
13317,VEE_MineralDevoid;VEE_DeepOreDevoid
13320,VEE_MineralDevoid;VEE_DeepOreDevoid
13323,VEE_MineralDevoid;VEE_DeepOreDevoid
13326,VEE_MineralDevoid;VEE_DeepOreDevoid
13337,VEE_MineralDevoid;VEE_DeepOreDevoid
13341,VEE_MineralDevoid;VEE_DeepOreDevoid
13344,VEE_MineralDevoid;VEE_DeepOreDevoid
13347,VEE_MineralDevoid;VEE_DeepOreDevoid
13348,Oasis
13350,VEE_MineralDevoid;VEE_DeepOreDevoid
13353,VEE_MineralDevoid;VEE_DeepOreDevoid
13356,VEE_MineralDevoid;VEE_DeepOreDevoid
13359,VEE_MineralDevoid;VEE_DeepOreDevoid
13362,VEE_MineralDevoid;VEE_DeepOreDevoid
13365,VEE_MineralDevoid;VEE_DeepOreDevoid
13371,VEE_MineralDevoid;VEE_DeepOreDevoid
13376,SunnyMutator;VEE_RisingWaters
13379,VEE_SaltPlains;WindyMutator;Bay
13382,Dunes
13383,Dunes
13384,VEE_MineralDevoid;VEE_DeepOreDevoid;Dunes
13386,Dunes
13387,VEE_MineralDevoid;VEE_DeepOreDevoid;Dunes
13388,Dunes
13389,Dunes
13390,VEE_MineralDevoid;VEE_DeepOreDevoid;Dunes
13391,Dunes
13392,Dunes
13393,VEE_MineralDevoid;VEE_DeepOreDevoid;Dunes
13394,Dunes
13395,Dunes
13396,VEE_MineralDevoid;VEE_DeepOreDevoid;Dunes
13397,Dunes
13398,Dunes
13399,VEE_MineralDevoid;VEE_DeepOreDevoid;Dunes
13408,Coast
13409,VEE_SaltPlains;WindyMutator;Bay
13411,VEE_SaltPlains;AncientWarehouse;Bay
13415,Caves
13439,VEE_MineralDevoid;VEE_DeepOreDevoid
13443,VEE_MineralDevoid;VEE_DeepOreDevoid
13449,Oasis
13455,VEE_MineralDevoid;VEE_DeepOreDevoid
13459,VEE_MineralDevoid;VEE_DeepOreDevoid
13466,VEE_MineralDevoid;VEE_DeepOreDevoid
13467,VEE_DustBowl
13473,VEE_MineralDevoid;VEE_DeepOreDevoid;VEE_DustBowl
13483,VEE_MineralDevoid;VEE_DeepOreDevoid
13490,Mountain
13492,Mountain
13494,Mountain
13495,Mountain
13508,Mountain
13509,Mountain
13510,Mountain
13511,Mountain
13512,Mountain
13513,Mountain;AncientRuins;AncientRuins
13514,Mountain
13515,Mountain
13516,Mountain
13517,Mountain
13518,Mountain
13519,Mountain
13557,Coast
13559,VEE_RelictDelta
13562,Caves;VEE_DryRiver;VEE_SaltPlains
13563,Caves;VEE_DryRiver
13564,VEE_SaltPlains
13568,Caves
13570,Caves;VEE_DryRiver
13575,Caves
13578,Caves
13579,Caves
13580,Caves
13581,Caves
13585,Caves
13587,Caves
13588,Caves
13589,Caves
13590,Caves
13591,Caves
13602,AncientGarrison
13618,VEE_Cenotes;VEE_Cenotes
13641,VEE_DustBowl
13644,TerraformingScar
13647,VEE_DustBowl
13649,VEE_MineralDevoid;VEE_DeepOreDevoid
13664,VEE_MineralDevoid;VEE_DeepOreDevoid
13667,VEE_MineralDevoid;VEE_DeepOreDevoid
13670,VEE_MineralDevoid;VEE_DeepOreDevoid
13673,VEE_MineralDevoid;VEE_DeepOreDevoid
13676,VEE_MineralDevoid;VEE_DeepOreDevoid
13679,VEE_MineralDevoid;VEE_DeepOreDevoid
13682,VEE_MineralDevoid;VEE_DeepOreDevoid;Dunes
13683,Dunes
13684,Dunes
13685,VEE_MineralDevoid;VEE_DeepOreDevoid;Dunes
13686,Dunes
13687,Dunes
13688,VEE_MineralDevoid;VEE_DeepOreDevoid;Dunes
13690,Dunes
13691,VEE_MineralDevoid;VEE_DeepOreDevoid;Dunes
13692,Dunes
13693,Dunes
13694,VEE_MineralDevoid;VEE_DeepOreDevoid
13697,VEE_MineralDevoid;VEE_DeepOreDevoid
13698,Dunes
13710,Caves
13711,Caves
13712,AncientRuins;AncientRuins
13713,Caves
13715,Caves
13716,Caves
13718,Caves
13719,Caves
13720,Caves
13721,Caves
13722,Caves
13745,VEE_MineralDevoid;VEE_DeepOreDevoid
13773,VEE_MineralDevoid;VEE_DeepOreDevoid
13776,VEE_MineralDevoid;VEE_DeepOreDevoid
13779,VEE_MineralDevoid;VEE_DeepOreDevoid
13782,VEE_MineralDevoid;VEE_DeepOreDevoid
13785,VEE_MineralDevoid;VEE_DeepOreDevoid
13788,VEE_MineralDevoid;VEE_DeepOreDevoid
13791,VEE_MineralDevoid;VEE_DeepOreDevoid
13793,DryGround
13794,VEE_MineralDevoid;VEE_DeepOreDevoid
13796,DryGround
13797,VEE_MineralDevoid;VEE_DeepOreDevoid
13798,Chasm
13799,Mountain
13803,VEE_MineralDevoid;VEE_DeepOreDevoid
13809,VEE_MineralDevoid;VEE_DeepOreDevoid
13820,VEE_MineralDevoid;VEE_DeepOreDevoid
13823,VEE_MineralDevoid;VEE_DeepOreDevoid
13826,VEE_MineralDevoid;VEE_DeepOreDevoid
13829,VEE_MineralDevoid;VEE_DeepOreDevoid
13838,VEE_MineralDevoid;VEE_DeepOreDevoid
13839,AncientRuins
13841,VEE_MineralDevoid;VEE_DeepOreDevoid
13844,AncientRuins;Junkyard;Stockpile
13846,VEE_MineralDevoid;VEE_DeepOreDevoid
13850,VEE_MineralDevoid;VEE_DeepOreDevoid
13856,VEE_MineralDevoid;VEE_DeepOreDevoid
13868,AncientRuins
13878,VEE_MineralDevoid;VEE_DeepOreDevoid
13883,VEE_MineralDevoid;VEE_DeepOreDevoid
13894,VEE_MineralDevoid;VEE_DeepOreDevoid
13897,VEE_MineralDevoid;VEE_DeepOreDevoid
13906,VEE_MineralDevoid;VEE_DeepOreDevoid
13909,VEE_MineralDevoid;VEE_DeepOreDevoid
13914,VEE_MineralDevoid;VEE_DeepOreDevoid
13917,VEE_Cenotes
13918,VEE_MineralDevoid;VEE_DeepOreDevoid;VEE_Cenotes
13921,VEE_MineralDevoid;VEE_DeepOreDevoid
13925,VEE_Cenotes
13927,DryGround
13931,DryGround
13933,VEE_MineralDevoid;VEE_DeepOreDevoid
13936,VEE_MineralDevoid;VEE_DeepOreDevoid
13939,VEE_MineralDevoid;VEE_DeepOreDevoid
13942,VEE_MineralDevoid;VEE_DeepOreDevoid
13945,VEE_MineralDevoid;VEE_DeepOreDevoid
13948,VEE_MineralDevoid;VEE_DeepOreDevoid
13951,VEE_MineralDevoid;VEE_DeepOreDevoid
13952,VEE_LessSolarPower
13953,VEE_LessSolarPower
13954,VEE_LessSolarPower
13955,VEE_LessSolarPower
13956,VEE_LessSolarPower
13957,VEE_LessSolarPower
13958,VEE_LessSolarPower
13959,Caves
13960,Caves;VEE_LessSolarPower
13961,Caves;VEE_LessSolarPower
13962,Caves;VEE_LessSolarPower
13963,VEE_LessSolarPower
13966,VEE_LessSolarPower
13967,VEE_LessSolarPower
13970,VEE_LessSolarPower
13971,VEE_LessSolarPower
13972,VEE_LessSolarPower
13973,Caves;VEE_LessSolarPower
13974,Caves;VEE_LessSolarPower
13975,VEE_LessSolarPower
13976,VEE_LessSolarPower
13977,VEE_LessSolarPower
13978,VEE_LessSolarPower
13979,VEE_LessSolarPower
13980,VEE_LessSolarPower
13981,VEE_LessSolarPower
13982,VEE_LessSolarPower
13983,VEE_LessSolarPower
13984,VEE_LessSolarPower
13985,VEE_LessSolarPower
13986,VEE_LessSolarPower
13987,VEE_LessSolarPower
13988,Caves;VEE_LessSolarPower
13989,Caves;VEE_LessSolarPower
13990,Caves;VEE_LessSolarPower
13991,Caves;VEE_LessSolarPower
13992,Caves;VEE_LessSolarPower
13993,Caves;VEE_LessSolarPower
13994,Caves;VEE_LessSolarPower
13995,VEE_LessSolarPower
13996,Caves;VEE_LessSolarPower
13997,VEE_LessSolarPower
13998,VEE_LessSolarPower
13999,VEE_LessSolarPower
14000,VEE_LessSolarPower
14001,VEE_LessSolarPower
14002,VEE_LessSolarPower
14004,VEE_LessSolarPower
14005,VEE_LessSolarPower
14006,VEE_LessSolarPower
14007,VEE_LessSolarPower
14008,VEE_LessSolarPower
14009,VEE_LessSolarPower
14010,Mountain;VEE_LessSolarPower
14011,VEE_LessSolarPower
14012,Caves;VEE_LessSolarPower
14013,VEE_LessSolarPower
14014,Caves;VEE_LessSolarPower
14015,VEE_LessSolarPower
14016,Caves;VEE_LessSolarPower
14017,Caves;VEE_LessSolarPower
14018,Caves;VEE_LessSolarPower
14019,Caves;VEE_LessSolarPower
14020,Caves;VEE_LessSolarPower
14021,VEE_LessSolarPower
14022,Caves;VEE_LessSolarPower
14023,VEE_LessSolarPower
14024,VEE_LessSolarPower
14025,VEE_LessSolarPower
14026,VEE_MeteorCrater;VEE_LessSolarPower
14027,VEE_LessSolarPower
14028,VEE_LessSolarPower
14029,VEE_LessSolarPower
14030,VEE_LessSolarPower
14031,VEE_LessSolarPower
14032,VEE_LessSolarPower
14033,VEE_LessSolarPower
14034,Caves;VEE_LessSolarPower
14035,VEE_LessSolarPower
14036,Caves;VEE_LessSolarPower
14037,VEE_LessSolarPower
14038,VEE_LessSolarPower
14039,VEE_LessSolarPower
14040,VEE_LessSolarPower
14041,VEE_LessSolarPower
14042,Caves;VEE_LessSolarPower
14043,Caves;VEE_LessSolarPower
14044,Caves;VEE_LessSolarPower
14045,Caves;VEE_LessSolarPower
14046,VEE_LessSolarPower
14048,Caves;VEE_LessSolarPower
14049,Caves;VEE_LessSolarPower;AncientRuins
14050,Caves;VEE_LessSolarPower
14051,Caves;VEE_LessSolarPower
14052,Caves;VEE_LessSolarPower
14053,Caves;VEE_LessSolarPower
14054,Caves;VEE_LessSolarPower
14055,Caves;VEE_LessSolarPower
14056,Caves;VEE_LessSolarPower
14057,Caves;VEE_LessSolarPower
14058,Caves;VEE_LessSolarPower
14059,Caves;VEE_LessSolarPower
14060,Caves;VEE_LessSolarPower
14061,VEE_LessSolarPower
14064,VEE_LessSolarPower
14065,Caves;VEE_LessSolarPower
14066,VEE_LessSolarPower
14067,Caves;VEE_LessSolarPower
14068,VEE_LessSolarPower
14069,VEE_LessSolarPower
14070,VEE_LessSolarPower
14071,VEE_LessSolarPower
14072,VEE_LessSolarPower
14073,Caves;VEE_LessSolarPower
14074,Caves;VEE_LessSolarPower
14075,VEE_LessSolarPower
14076,Caves
14077,Caves
14078,VEE_LessSolarPower
14080,VEE_LessSolarPower
14082,VEE_LessSolarPower
14083,VEE_LessSolarPower
14084,VEE_LessSolarPower
14085,Caves;VEE_LessSolarPower
14086,Caves;VEE_LessSolarPower
14087,VEE_LessSolarPower
14089,VEE_LessSolarPower
14095,VEE_LessSolarPower
14096,VEE_LessSolarPower
14097,VEE_LessSolarPower
14098,VEE_LessSolarPower
14099,VEE_LessSolarPower
14100,VEE_LessSolarPower
14101,VEE_LessSolarPower
14102,VEE_LessSolarPower
14103,VEE_LessSolarPower
14104,VEE_LessSolarPower
14105,VEE_LessSolarPower
14106,VEE_LessSolarPower
14108,VEE_LessSolarPower
14109,VEE_LessSolarPower
14110,VEE_LessSolarPower
14111,VEE_LessSolarPower
14112,VEE_LessSolarPower
14113,VEE_LessSolarPower
14114,VEE_LessSolarPower
14115,Caves;VEE_LessSolarPower
14116,VEE_LessSolarPower
14117,VEE_LessSolarPower
14118,Caves;VEE_LessSolarPower
14119,VEE_LessSolarPower
14120,VEE_LessSolarPower
14121,VEE_LessSolarPower
14122,Caves;VEE_LessSolarPower
14123,Caves;VEE_LessSolarPower
14124,Caves;VEE_LessSolarPower
14125,Caves;VEE_LessSolarPower
14126,VEE_LessSolarPower
14127,VEE_LessSolarPower
14128,VEE_LessSolarPower
14129,VEE_LessSolarPower
14130,Caves;VEE_LessSolarPower
14131,VEE_LessSolarPower
14132,VEE_LessSolarPower
14133,VEE_LessSolarPower
14134,VEE_LessSolarPower
14135,VEE_LessSolarPower
14136,AncientWarehouse;VEE_LessSolarPower
14137,VEE_LessSolarPower
14138,VEE_LessSolarPower
14139,VEE_LessSolarPower
14140,VEE_LessSolarPower
14141,VEE_LessSolarPower
14142,VEE_LessSolarPower
14143,VEE_LessSolarPower
14144,VEE_LessSolarPower
14145,VEE_LessSolarPower
14146,VEE_LessSolarPower
14148,VEE_LessSolarPower
14149,VEE_LessSolarPower
14150,VEE_LessSolarPower
14151,VEE_LessSolarPower
14152,VEE_LessSolarPower
14153,VEE_LessSolarPower
14154,VEE_LessSolarPower
14155,VEE_LessSolarPower
14156,VEE_LessSolarPower
14157,VEE_LessSolarPower
14158,VEE_LessSolarPower
14159,VEE_LessSolarPower
14160,VEE_LessSolarPower
14161,VEE_LessSolarPower
14162,VEE_LessSolarPower
14163,VEE_LessSolarPower
14164,VEE_LessSolarPower
14165,VEE_LessSolarPower
14166,VEE_Cenotes;VEE_Cenotes;VEE_LessSolarPower
14167,VEE_LessSolarPower
14168,VEE_LessSolarPower
14169,VEE_LessSolarPower
14170,VEE_LessSolarPower
14171,VEE_LessSolarPower
14172,VEE_LessSolarPower
14173,VEE_LessSolarPower
14174,VEE_LessSolarPower
14175,VEE_LessSolarPower
14176,VEE_LessSolarPower
14177,VEE_LessSolarPower
14178,VEE_LessSolarPower
14179,VEE_RockRidge;VEE_LessSolarPower
14180,VEE_LessSolarPower
14181,VEE_RockRidge;VEE_LessSolarPower
14182,Caves;VEE_LessSolarPower
14183,VEE_LessSolarPower
14184,VEE_LessSolarPower
14185,VEE_LessSolarPower
14186,VEE_LessSolarPower
14187,VEE_LessSolarPower
14188,VEE_LessSolarPower
14189,VEE_LessSolarPower
14190,VEE_LessSolarPower
14192,VEE_LessSolarPower
14193,Caves;VEE_LessSolarPower
14194,VEE_LessSolarPower
14195,VEE_LessSolarPower
14196,Caves;VEE_LessSolarPower
14197,Caves;VEE_LessSolarPower
14198,VEE_LessSolarPower
14199,VEE_LessSolarPower
14200,VEE_LessSolarPower
14201,VEE_LessSolarPower
14202,VEE_LessSolarPower
14203,VEE_LessSolarPower
14204,Mountain;VEE_LessSolarPower
14205,Valley;VEE_LessSolarPower
14207,VEE_LessSolarPower
14209,Mountain;VEE_LessSolarPower
14210,Mountain;VEE_LessSolarPower
14211,Mountain;VEE_LessSolarPower
14212,Mountain
14213,Mountain
14214,Mountain;VEE_LessSolarPower
14215,Mountain;VEE_LessSolarPower
14216,Mountain
14217,Mountain;VEE_LessSolarPower
14221,VEE_LessSolarPower
14222,VEE_LessSolarPower
14223,VEE_LessSolarPower
14224,VEE_LessSolarPower
14225,VEE_LessSolarPower
14226,VEE_LessSolarPower
14227,VEE_LessSolarPower
14229,VEE_LessSolarPower
14231,VEE_LessSolarPower
14232,VEE_LessSolarPower
14233,VEE_LessSolarPower
14234,VEE_LessSolarPower
14235,VEE_LessSolarPower
14236,VEE_LessSolarPower
14237,VEE_LessSolarPower
14238,VEE_LessSolarPower
14239,VEE_LessSolarPower
14240,VEE_LessSolarPower
14241,Caves;VEE_LessSolarPower
14242,VEE_LessSolarPower
14243,VEE_LessSolarPower
14244,VEE_LessSolarPower
14245,VEE_LessSolarPower
14246,Caves;VEE_LessSolarPower
14247,Caves;VEE_LessSolarPower
14248,Caves;VEE_LessSolarPower
14249,Caves;VEE_LessSolarPower
14250,Caves;VEE_LessSolarPower
14251,Caves;VEE_LessSolarPower
14252,Caves;VEE_LessSolarPower
14253,VEE_LessSolarPower
14254,Caves;VEE_LessSolarPower
14255,VEE_LessSolarPower
14256,VEE_LessSolarPower
14257,VEE_LessSolarPower
14258,VEE_LessSolarPower
14259,Caves;VEE_LessSolarPower
14260,Caves;VEE_LessSolarPower
14261,VEE_LessSolarPower
14262,Caves;VEE_LessSolarPower
14263,Caves;VEE_LessSolarPower
14264,Caves;VEE_LessSolarPower
14265,Caves;VEE_LessSolarPower
14266,Caves;VEE_LessSolarPower
14267,VEE_LessSolarPower
14268,VEE_LessSolarPower
14269,VEE_LessSolarPower
14270,VEE_LessSolarPower
14271,VEE_LessSolarPower
14272,VEE_LessSolarPower
14273,Caves;VEE_LessSolarPower
14274,VEE_LessSolarPower
14275,Caves;VEE_LessSolarPower
14276,VEE_LessSolarPower
14277,VEE_LessSolarPower
14278,VEE_LessSolarPower
14279,VEE_LessSolarPower
14280,VEE_LessSolarPower
14281,VEE_LessSolarPower
14282,VEE_LessSolarPower
14283,Caves;VEE_LessSolarPower
14284,VEE_LessSolarPower
14286,VEE_LessSolarPower
14288,Caves
14289,Chasm;Caves
14290,Caves
14291,Caves
14292,Caves
14293,Caves
14294,Caves
14295,Caves
14296,Caves
14297,Caves
14298,Caves
14299,Caves
14300,VEE_LessSolarPower
14301,VEE_LessSolarPower
14304,VEE_LessSolarPower
14306,VEE_LessSolarPower
14310,VEE_LessSolarPower
14311,VEE_LessSolarPower
14312,Oasis;VEE_MoreSolarPower
14313,Marshy;VEE_FloodPlains;VEE_MoreSolarPower
14314,Oasis;VEE_MoreSolarPower
14315,VEE_MoreSolarPower;WildTattooinePlants
14316,VEE_MoreSolarPower
14317,Oasis;VEE_MoreSolarPower
14318,AnimalLife_Increased;VEE_MoreSolarPower
14319,VEE_StagnantRivulet;Fish_Increased;VEE_MoreSolarPower;River
14320,Mountain;Oasis;VEE_MoreSolarPower
14321,VEE_MoreSolarPower
14322,VEE_SerpentineCanyons;VEE_StagnantRivulet;Fish_Increased;VEE_MoreSolarPower;River
14323,VEE_StagnantRivulet;Fish_Increased;VEE_MoreSolarPower;RiverIsland
14324,VEE_StagnantRivulet;Fish_Increased;VEE_MoreSolarPower;River
14325,VEE_StagnantRivulet;Fish_Increased;VEE_MoreSolarPower;RiverIsland
14326,VEE_SerpentineCanyons;VEE_StagnantRivulet;Fish_Increased;VEE_MoreSolarPower;River
14327,Cliffs;VEE_StagnantRivulet;VEE_MoreSolarPower
14328,Cliffs;AnimalLife_Increased;VEE_MoreSolarPower
14329,VEE_StagnantRivulet;Fish_Increased;VEE_MoreSolarPower;River
14330,VEE_StagnantRivulet;Fish_Increased;VEE_MoreSolarPower;RiverIsland
14331,Fish_Increased;VEE_FloodPlains;VEE_MoreSolarPower
14332,VEE_StagnantRivulet;Fish_Increased;VEE_MoreSolarPower;River
14333,VEE_StagnantRivulet;Fish_Increased;VEE_MoreSolarPower;RiverIsland
14334,AnimalLife_Increased;VEE_MoreSolarPower
14335,Fish_Increased;VEE_FloodPlains;VEE_MoreSolarPower
14336,Marshy;AncientRuins;VEE_MoreSolarPower
14337,VEE_StagnantRivulet;Fish_Increased;VEE_MoreSolarPower;River
14338,Oasis;VEE_MoreSolarPower
14339,Oasis;VEE_MoreSolarPower
14340,Oasis;AnimalLife_Increased;VEE_MoreSolarPower
14341,Marshy;VEE_MoreSolarPower
14342,Marshy;VEE_MoreSolarPower
14343,Marshy;Fish_Increased;VEE_FloodPlains;VEE_MoreSolarPower
14344,Fish_Increased;VEE_FloodPlains;VEE_MoreSolarPower
14345,VEE_StagnantRivulet;Fish_Increased;VEE_MoreSolarPower;River
14346,Oasis;AnimalLife_Increased;VEE_MoreSolarPower
14347,Marshy;VEE_MoreSolarPower
14348,VEE_PebbleDunes;VEE_PebbleDunes;VEE_MoreSolarPower
14349,Dunes;VEE_MoreSolarPower
14350,VEE_MineralDevoid;VEE_DeepOreDevoid;Dunes;VEE_MoreSolarPower
14351,Dunes;VEE_MoreSolarPower
14352,VEE_MoreSolarPower
14353,VEE_MoreSolarPower
14354,VEE_MoreSolarPower
14355,VEE_MoreSolarPower
14356,VEE_MoreSolarPower
14357,VEE_MoreSolarPower
14358,VEE_MoreSolarPower
14359,VEE_MoreSolarPower
14360,Mountain;VEE_MoreSolarPower
14361,VEE_MoreSolarPower
14362,VEE_MoreSolarPower
14363,VEE_MoreSolarPower
14364,Mountain;VEE_MoreSolarPower
14365,Mountain;VEE_MoreSolarPower
14366,VEE_MoreSolarPower
14367,VEE_MoreSolarPower
14368,VEE_MoreSolarPower
14369,VEE_MoreSolarPower
14370,VEE_MoreSolarPower
14372,VEE_MoreSolarPower
14373,VEE_MoreSolarPower
14374,VEE_MineralDevoid;VEE_DeepOreDevoid;VEE_MoreSolarPower
14375,VEE_MoreSolarPower
14376,Dunes;VEE_MoreSolarPower
14377,VEE_MoreSolarPower
14378,VEE_MoreSolarPower
14379,VEE_MoreSolarPower
14380,VEE_MoreSolarPower
14381,VEE_MoreSolarPower
14382,VEE_MoreSolarPower
14383,VEE_MoreSolarPower
14384,VEE_MineralDevoid;VEE_DeepOreDevoid;Dunes;VEE_MoreSolarPower;WildTattooinePlants
14385,Dunes;VEE_MoreSolarPower;WildTattooinePlants
14386,Dunes;VEE_MoreSolarPower;WildTattooinePlants
14387,VEE_MineralDevoid;VEE_DeepOreDevoid;Dunes;VEE_MoreSolarPower;WildTattooinePlants
14388,Dunes;VEE_MoreSolarPower;WildTattooinePlants
14389,Dunes;VEE_MoreSolarPower;WildTattooinePlants
14390,VEE_MoreSolarPower;WildTattooinePlants
14391,VEE_MoreSolarPower;WildTattooinePlants
14392,VEE_MineralDevoid;VEE_DeepOreDevoid;Dunes;VEE_MoreSolarPower;WildTattooinePlants
14393,Dunes;VEE_MoreSolarPower;WildTattooinePlants
14394,VEE_MoreSolarPower;WildTattooinePlants
14395,VEE_MoreSolarPower;WildTattooinePlants
14396,Dunes;VEE_MoreSolarPower;WildTattooinePlants
14397,VEE_MoreSolarPower;WildTattooinePlants
14398,VEE_MineralDevoid;VEE_DeepOreDevoid;Dunes;VEE_MoreSolarPower;WildTattooinePlants
14399,VEE_MoreSolarPower;WildTattooinePlants
14400,VEE_MoreSolarPower;WildTattooinePlants
14401,VEE_MoreSolarPower;WildTattooinePlants
14402,Dunes;VEE_MoreSolarPower;WildTattooinePlants
14403,Dunes;VEE_MoreSolarPower;WildTattooinePlants
14404,VEE_MineralDevoid;VEE_DeepOreDevoid;Dunes;VEE_MoreSolarPower;WildTattooinePlants
14405,Dunes;VEE_MoreSolarPower;WildTattooinePlants
14406,Dunes;VEE_MoreSolarPower;WildTattooinePlants
14407,VEE_MineralDevoid;VEE_DeepOreDevoid;Dunes;VEE_MoreSolarPower;WildTattooinePlants
14408,Dunes;VEE_MoreSolarPower;WildTattooinePlants
14409,Dunes;VEE_MoreSolarPower;WildTattooinePlants
14410,VEE_MineralDevoid;VEE_DeepOreDevoid;Dunes;VEE_MoreSolarPower;WildTattooinePlants
14411,Dunes;VEE_MoreSolarPower;WildTattooinePlants
14412,Dunes;VEE_MoreSolarPower;WildTattooinePlants
14413,VEE_MineralDevoid;VEE_DeepOreDevoid;Dunes;VEE_MoreSolarPower;WildTattooinePlants
14414,Dunes;VEE_MoreSolarPower;WildTattooinePlants
14415,VEE_MoreSolarPower;WildTattooinePlants
14416,VEE_MoreSolarPower;WildTattooinePlants
14417,Dunes;VEE_MoreSolarPower;WildTattooinePlants
14418,VEE_MineralDevoid;VEE_DeepOreDevoid;Dunes;VEE_MoreSolarPower;WildTattooinePlants
14419,Dunes;VEE_MoreSolarPower;WildTattooinePlants
14420,VEE_MoreSolarPower
14421,VEE_MoreSolarPower
14422,DryGround;VEE_MoreSolarPower
14423,VEE_MineralDevoid;VEE_DeepOreDevoid;VEE_MoreSolarPower
14424,VEE_MoreSolarPower
14425,VEE_MoreSolarPower
14426,VEE_MoreSolarPower
14427,VEE_MoreSolarPower
14428,VEE_MoreSolarPower
14429,VEE_MineralDevoid;VEE_DeepOreDevoid;Dunes;DryGround;SunnyMutator;Junkyard;VEE_MoreSolarPower
14430,VEE_MoreSolarPower
14431,Dunes;DryGround;VEE_MoreSolarPower
14432,VEE_MoreSolarPower
14433,VEE_MineralDevoid;VEE_DeepOreDevoid;VEE_MoreSolarPower
14434,VEE_MoreSolarPower
14435,VEE_MoreSolarPower
14436,VEE_MoreSolarPower
14437,VEE_MoreSolarPower
14438,VEE_MoreSolarPower
14439,VEE_MoreSolarPower
14440,VEE_MineralDevoid;VEE_DeepOreDevoid;VEE_MoreSolarPower
14441,VEE_MoreSolarPower
14442,VEE_MoreSolarPower
14443,VEE_MoreSolarPower
14444,VEE_MoreSolarPower
14445,VEE_MoreSolarPower
14446,VEE_RottenStench;VEE_SulfuricLake;PlantLife_Increased;VEE_RottenStench;VEE_MoreSolarPower
14447,VEE_MoreSolarPower
14448,VEE_MoreSolarPower
14450,VEE_MoreSolarPower
14451,VEE_MoreSolarPower
14452,VEE_MoreSolarPower
14453,VEE_MoreSolarPower
14454,VEE_MoreSolarPower
14455,VEE_MoreSolarPower
14456,VEE_MoreSolarPower
14457,VEE_MineralDevoid;VEE_DeepOreDevoid;Dunes;VEE_MoreSolarPower;WildTattooinePlants
14458,VEE_QuicksandDunes;VEE_QuicksandDunes;VEE_MoreSolarPower;WildTattooinePlants
14459,VEE_MoreSolarPower;WildTattooinePlants
14460,VEE_MoreSolarPower;WildTattooinePlants
14461,VEE_MoreSolarPower
14462,VEE_MoreSolarPower;WildTattooinePlants
14463,VEE_MoreSolarPower;WildTattooinePlants
14464,Dunes;VEE_MoreSolarPower;WildTattooinePlants
14465,VEE_MineralDevoid;VEE_DeepOreDevoid;Dunes;VEE_MoreSolarPower;WildTattooinePlants
14466,VEE_MoreSolarPower;WildTattooinePlants
14467,VEE_MoreSolarPower;WildTattooinePlants
14468,MineralRich;VEE_MoreSolarPower;WildTattooinePlants
14469,MineralRich;VEE_MoreSolarPower;WildTattooinePlants
14470,Cavern;AncientQuarry;AncientQuarry;MineralRich;VEE_MoreSolarPower;WildTattooinePlants
14471,MineralRich;VEE_MoreSolarPower;WildTattooinePlants
14472,MineralRich;VEE_MoreSolarPower;WildTattooinePlants
14473,MineralRich;VEE_MoreSolarPower
14474,VEE_MoreSolarPower
14475,VEE_MoreSolarPower
14476,VEE_MoreSolarPower;WildTattooinePlants
14477,VEE_MoreSolarPower;WildTattooinePlants
14478,VEE_MoreSolarPower;WildTattooinePlants
14479,VEE_MoreSolarPower;WildTattooinePlants
14480,AncientHeatVent;VEE_MechanoidShipChunks;VEE_MoreSolarPower
14481,MineralRich;AncientHeatVent;VEE_MoreSolarPower;WildTattooinePlants
14482,AB_AmbientRadiation;AncientHeatVent;VEE_MoreSolarPower
14483,AB_DerelictClusters;AncientHeatVent;AncientRuins;VEE_MoreSolarPower
14484,AB_DerelictClusters;MineralRich;VEE_MoreSolarPower
14485,MineralRich;VEE_MoreSolarPower;WildTattooinePlants
14486,MineralRich;AncientHeatVent;VEE_MoreSolarPower;WildTattooinePlants
14487,VEE_MoreSolarPower
14488,VEE_MoreSolarPower
14489,VEE_MoreSolarPower;WildTattooinePlants
14490,MineralRich;AncientHeatVent;VEE_MoreSolarPower;WildTattooinePlants
14491,MineralRich;VEE_MoreSolarPower;WildTattooinePlants
14492,VEE_MoreSolarPower
14493,VEE_MoreSolarPower
14494,VEE_MoreSolarPower
14495,VEE_MoreSolarPower
14496,VEE_MoreSolarPower
14497,VEE_MoreSolarPower
14498,VEE_MoreSolarPower
14499,VEE_MoreSolarPower
14500,VEE_MoreSolarPower
14501,VEE_MoreSolarPower
14502,VEE_MoreSolarPower
14503,VEE_MoreSolarPower
14504,VEE_MoreSolarPower
14505,VEE_MoreSolarPower
14506,VEE_MoreSolarPower
14507,VEE_MoreSolarPower
14508,VEE_MoreSolarPower
14509,VEE_MoreSolarPower
14510,VEE_MoreSolarPower
14511,VEE_MoreSolarPower
14512,VEE_MoreSolarPower
14513,VEE_MoreSolarPower
14514,VEE_MineralDevoid;VEE_DeepOreDevoid;VEE_MoreSolarPower
14516,VEE_MoreSolarPower
14517,VEE_MoreSolarPower
14518,VEE_MoreSolarPower
14519,VEE_MoreSolarPower
14520,VEE_MoreSolarPower
14521,VEE_MoreSolarPower
14522,VEE_MoreSolarPower
14523,VEE_MoreSolarPower
14524,VEE_MoreSolarPower
14525,VEE_SaltPlains;VEE_MoreSolarPower
14526,VEE_MoreSolarPower
14527,VEE_MoreSolarPower
14528,VEE_MoreSolarPower;WildTattooinePlants
14529,VEE_MoreSolarPower;WildTattooinePlants
14530,VEE_MoreSolarPower;WildTattooinePlants
14531,Dunes;VEE_MoreSolarPower;WildTattooinePlants
14532,VEE_MoreSolarPower;WildTattooinePlants
14533,VEE_MineralDevoid;VEE_DeepOreDevoid;VEE_MoreSolarPower;WildTattooinePlants
14534,VEE_MoreSolarPower;WildTattooinePlants
14535,VEE_MoreSolarPower;WildTattooinePlants
14536,VEE_MoreSolarPower;WildTattooinePlants
14537,VEE_MoreSolarPower;WildTattooinePlants
14538,VEE_MoreSolarPower;WildTattooinePlants
14539,VEE_MoreSolarPower;WildTattooinePlants
14540,VEE_MoreSolarPower
14541,AnimalLife_Increased;VEE_MoreSolarPower
14542,Marshy;VEE_DeepOreDevoid;VEE_MineralDevoid;VEE_MoreSolarPower
14543,Fish_Increased;VEE_FloodPlains;VEE_MoreSolarPower
14544,Fish_Increased;VEE_FloodPlains;VEE_MoreSolarPower
14545,Marshy;VEE_DeepOreDevoid;VEE_MineralDevoid;VEE_FloodPlains;VEE_MoreSolarPower
14546,AnimalLife_Increased;AncientRuins;VEE_MoreSolarPower;WildTattooinePlants
14547,AnimalLife_Increased;VEE_MoreSolarPower;WildTattooinePlants
14548,AnimalLife_Increased;VEE_MoreSolarPower;WildTattooinePlants
14549,VEE_MoreSolarPower;WildTattooinePlants
14550,Caves;VEE_MoreSolarPower;WildTattooinePlants
14551,VEE_MoreSolarPower;WildTattooinePlants
14552,VEE_MoreSolarPower;WildTattooinePlants
14553,VEE_MoreSolarPower;WildTattooinePlants
14554,VEE_MoreSolarPower;WildTattooinePlants
14555,VEE_MoreSolarPower;WildTattooinePlants
14556,VEE_MoreSolarPower;WildTattooinePlants
14557,VEE_MoreSolarPower;WildTattooinePlants
14558,VEE_MoreSolarPower;WildTattooinePlants
14559,VEE_SaltPlains;VEE_MoreSolarPower;WildTattooinePlants
14560,VEE_MoreSolarPower;WildTattooinePlants
14561,VEE_MoreSolarPower;WildTattooinePlants
14562,VEE_MoreSolarPower;WildTattooinePlants
14563,VEE_MoreSolarPower;WildTattooinePlants
14564,AB_DerelictClusters;AncientHeatVent;AncientRuins;VEE_MechanoidShipChunks;VEE_ToxicVents;AnimalLife_Increased;VEE_MoreSolarPower;Headwater
14565,AB_AmbientRadiation;AB_DerelictClusters;VEE_ToxicVents;VEE_MoreSolarPower;River
14566,AnimalLife_Increased;VEE_MoreSolarPower
14567,AB_AmbientRadiation;AB_DerelictClusters;VEE_SulfuricLake;VEE_FloodPlains;VEE_MoreSolarPower
14568,VEE_MoreSolarPower;River
14569,AB_DerelictClusters;AncientHeatVent;AncientRuins;MineralRich;VEE_ToxicVents;VEE_MoreSolarPower
14570,AB_DerelictClusters;AncientHeatVent;AncientRuins;VEE_MoreSolarPower;River
14571,AB_DerelictClusters;AncientHeatVent;MineralRich;VEE_ToxicVents;VEE_FloodPlains;VEE_MoreSolarPower
14572,AncientHeatVent;AncientRuins;VEE_ToxicVents;VEE_MoreSolarPower;River
14573,VEE_MoreSolarPower
14574,AnimalLife_Increased;AncientRuins;VEE_MoreSolarPower
14575,VEE_MoreSolarPower
14576,AB_AmbientRadiation;AB_DerelictClusters;AncientHeatVent;AncientRuins;MineralRich;VEE_ToxicVents;VEE_MoreSolarPower
14577,AB_DerelictClusters;AncientHeatVent;VEE_ToxicVents;VEE_MoreSolarPower
14578,AB_AmbientRadiation;AB_AncientGreyPallVent;AncientRuins;VEE_ToxicVents;VEE_MoreSolarPower
14579,AB_AmbientRadiation;AB_DerelictClusters;AncientHeatVent;Junkyard;VEE_MechanoidShipChunks;VEE_ToxicVents;VEE_MoreSolarPower
14580,AB_AmbientRadiation;AB_AncientDeathPallVent;AB_DerelictClusters;VEE_MechanoidShipChunks;VEE_ToxicVents;VEE_MoreSolarPower
14581,AB_AmbientRadiation;AncientHeatVent;AncientRuins;VEE_ToxicVents;VEE_MoreSolarPower
14582,AB_DerelictClusters;AncientHeatVent;VEE_MechanoidShipChunks;VEE_MoreSolarPower
14583,AB_AmbientRadiation;AB_AncientGreyPallVent;AB_DerelictClusters;AncientRuins;MineralRich;VEE_ToxicVents;VEE_MoreSolarPower
14584,AncientHeatVent;VEE_MechanoidShipChunks;VEE_SulfuricLake;VEE_ToxicVents;VEE_MoreSolarPower
14585,AB_DerelictClusters;AncientHeatVent;Junkyard;VEE_ToxicVents;VEE_MoreSolarPower
14586,AB_DerelictClusters;AncientHeatVent;AncientRuins;Junkyard;AnimalLife_Increased;VEE_MoreSolarPower
14587,AB_AmbientRadiation;AB_DerelictClusters;AncientHeatVent;VEE_MechanoidShipChunks;VEE_MoreSolarPower
14588,AB_AmbientRadiation;AncientHeatVent;AncientRuins;VEE_MechanoidShipChunks;VEE_ToxicVents;VEE_MoreSolarPower
14589,AB_AmbientRadiation;AB_DerelictClusters;AncientGarrison;Junkyard;VEE_ToxicVents;VEE_MoreSolarPower
14590,AB_DerelictClusters;AncientHeatVent;VEE_ToxicVents;VEE_MoreSolarPower
14591,AB_AmbientRadiation;AB_DerelictClusters;AncientHeatVent;VEE_MoreSolarPower
14592,AB_AmbientRadiation;AB_DerelictClusters;AncientHeatVent;MineralRich;VEE_ToxicVents;VEE_MoreSolarPower
14593,AB_AmbientRadiation;AB_DerelictClusters;AncientHeatVent;AncientRuins;Junkyard;VEE_ToxicVents;VEE_MoreSolarPower
14594,AB_DerelictClusters;AncientHeatVent;VEE_MechanoidShipChunks;VEE_SulfuricLake;VEE_ToxicVents;VEE_MoreSolarPower
14595,AB_DerelictClusters;AncientHeatVent;AncientRuins;VEE_MechanoidShipChunks;VEE_SulfuricLake;VEE_ToxicVents;VEE_MoreSolarPower
14596,AncientHeatVent;VEE_ToxicVents;VEE_SulfuricRiver;VEE_MoreSolarPower
14597,AncientHeatVent;VEE_ToxicVents;VEE_SulfuricRiver;VEE_MoreSolarPower
14598,AB_DerelictClusters;AncientHeatVent;AncientRuins;Junkyard;AnimalLife_Increased;VEE_MoreSolarPower
14599,AncientHeatVent;MineralRich;VEE_SulfuricLake;VEE_FloodPlains;VEE_MoreSolarPower
14600,Dunes;VEE_MoreSolarPower
14601,Dunes;VEE_MoreSolarPower
14602,VEE_MineralDevoid;VEE_DeepOreDevoid;Dunes;VEE_MoreSolarPower
14603,Dunes;VEE_MoreSolarPower
14604,Dunes;VEE_MoreSolarPower
14605,VEE_MineralDevoid;VEE_DeepOreDevoid;Dunes;VEE_MoreSolarPower
14606,VEE_MoreSolarPower
14607,VEE_MoreSolarPower
14608,Dunes;VEE_MoreSolarPower
14609,Dunes;VEE_MoreSolarPower
14610,VEE_MoreSolarPower
14611,VEE_MineralDevoid;VEE_DeepOreDevoid;Dunes;VEE_MoreSolarPower
14612,Dunes;VEE_MoreSolarPower
14613,Dunes;VEE_MoreSolarPower
14614,VEE_MineralDevoid;VEE_DeepOreDevoid;Dunes;VEE_MoreSolarPower
14615,Dunes;VEE_MoreSolarPower
14616,Dunes;VEE_MoreSolarPower
14617,VEE_MineralDevoid;VEE_DeepOreDevoid;Dunes;VEE_MoreSolarPower
14618,Dunes;VEE_MoreSolarPower
14619,Dunes;VEE_MoreSolarPower
14620,VEE_MineralDevoid;VEE_DeepOreDevoid;Dunes;VEE_MoreSolarPower
14621,Dunes;VEE_MoreSolarPower
14622,Dunes;VEE_MoreSolarPower
14623,VEE_MineralDevoid;VEE_DeepOreDevoid;Dunes;VEE_MoreSolarPower
14624,VEE_MeteorCrater;VEE_MoreSolarPower;Dunes;MineralRich;AnimalLife_Decreased
14625,VEE_MoreSolarPower
14626,Dunes;VEE_MoreSolarPower
14627,VEE_MineralDevoid;VEE_DeepOreDevoid;Dunes;VEE_MoreSolarPower
14628,VEE_MoreSolarPower
14630,Dunes;VEE_MoreSolarPower
14631,VEE_RockRidge;VEE_MoreSolarPower;Dunes
14632,VEE_MoreSolarPower
14633,VEE_MoreSolarPower
14634,VEE_MineralDevoid;VEE_DeepOreDevoid;Dunes;VEE_MoreSolarPower
14635,VEE_MoreSolarPower
14636,Dunes;VEE_MoreSolarPower;WildTattooinePlants
14637,Dunes;VEE_MoreSolarPower;WildTattooinePlants
14638,VEE_MineralDevoid;VEE_DeepOreDevoid;Dunes;VEE_MoreSolarPower;WildTattooinePlants
14639,Dunes;VEE_MoreSolarPower;WildTattooinePlants
14640,Dunes;VEE_MoreSolarPower;WildTattooinePlants
14641,VEE_MineralDevoid;VEE_DeepOreDevoid;Dunes;VEE_MoreSolarPower;WildTattooinePlants
14642,Dunes;VEE_MoreSolarPower;WildTattooinePlants
14643,Dunes;VEE_MoreSolarPower;WildTattooinePlants
14644,VEE_MineralDevoid;VEE_DeepOreDevoid;Dunes;VEE_MoreSolarPower;WildTattooinePlants
14645,Dunes;VEE_MoreSolarPower;WildTattooinePlants
14646,Dunes;VEE_MoreSolarPower;WildTattooinePlants
14647,VEE_MineralDevoid;VEE_DeepOreDevoid;Dunes;VEE_MoreSolarPower;WildTattooinePlants
14648,Dunes;VEE_MoreSolarPower;WildTattooinePlants
14649,Dunes;VEE_MoreSolarPower;WildTattooinePlants
14650,VEE_MineralDevoid;VEE_DeepOreDevoid;Dunes;VEE_MoreSolarPower;WildTattooinePlants
14651,Dunes;VEE_MoreSolarPower;WildTattooinePlants
14652,Dunes;VEE_MoreSolarPower;WildTattooinePlants
14653,VEE_MineralDevoid;VEE_DeepOreDevoid;Dunes;VEE_MoreSolarPower;WildTattooinePlants
14654,Dunes;VEE_MoreSolarPower;WildTattooinePlants
14655,Dunes;VEE_MoreSolarPower;WildTattooinePlants
14656,VEE_MineralDevoid;VEE_DeepOreDevoid;Dunes;VEE_MoreSolarPower;WildTattooinePlants
14657,Dunes;VEE_MoreSolarPower;WildTattooinePlants
14658,Dunes;VEE_MoreSolarPower;WildTattooinePlants
14659,VEE_MineralDevoid;VEE_DeepOreDevoid;Dunes;VEE_MoreSolarPower;WildTattooinePlants
14660,Dunes;VEE_MoreSolarPower;WildTattooinePlants
14661,Dunes;VEE_MoreSolarPower;WildTattooinePlants
14662,VEE_MineralDevoid;VEE_DeepOreDevoid;Dunes;VEE_MoreSolarPower;WildTattooinePlants
14663,Dunes;VEE_MoreSolarPower;WildTattooinePlants
14664,Dunes;VEE_MoreSolarPower;WildTattooinePlants
14665,VEE_MineralDevoid;VEE_DeepOreDevoid;Dunes;VEE_MoreSolarPower;WildTattooinePlants
14666,Dunes;VEE_MoreSolarPower;WildTattooinePlants
14667,VEE_MoreSolarPower;WildTattooinePlants
14668,Dunes;VEE_MoreSolarPower;WildTattooinePlants
14669,VEE_MineralDevoid;VEE_DeepOreDevoid;Dunes;VEE_MoreSolarPower;WildTattooinePlants
14670,Dunes;VEE_MoreSolarPower;WildTattooinePlants
14671,Dunes;VEE_MoreSolarPower;WildTattooinePlants
14672,VEE_MineralDevoid;VEE_DeepOreDevoid;Dunes;VEE_MoreSolarPower
14673,VEE_MoreSolarPower
14674,VEE_MoreSolarPower;VEE_DryRiver
14675,VEE_MoreSolarPower;VEE_DryRiver
14676,VEE_MoreSolarPower
14677,VEE_MoreSolarPower
14678,VEE_MoreSolarPower
14679,VEE_MoreSolarPower
14680,VEE_MoreSolarPower
14681,VEE_MoreSolarPower
14682,Dunes;VEE_MoreSolarPower
14683,VEE_MoreSolarPower
14684,VEE_MoreSolarPower
14685,VEE_MoreSolarPower
14686,VEE_MoreSolarPower;WildTattooinePlants
14687,VEE_MoreSolarPower;WildTattooinePlants
14688,VEE_MoreSolarPower;WildTattooinePlants
14689,VEE_MoreSolarPower;WildTattooinePlants
14690,VEE_MoreSolarPower
14691,VEE_MoreSolarPower
14692,VEE_MineralDevoid;VEE_DeepOreDevoid;VEE_MoreSolarPower
14693,VEE_MoreSolarPower
14694,VEE_MoreSolarPower
14695,VEE_MoreSolarPower
14696,VEE_MoreSolarPower
14697,VEE_MineralDevoid;VEE_DeepOreDevoid;VEE_MoreSolarPower
14698,DryLake;VEE_MoreSolarPower;WildTattooinePlants
14699,Dunes;VEE_MoreSolarPower;WildTattooinePlants
14700,Dunes;VEE_MoreSolarPower
14701,VEE_MineralDevoid;VEE_DeepOreDevoid;VEE_MoreSolarPower
14702,VEE_MoreSolarPower
14703,VEE_MoreSolarPower
14704,VEE_SaltPlains;VEE_MoreSolarPower
14705,VEE_MoreSolarPower;VEE_DryRiver
14706,VEE_MoreSolarPower
14707,VEE_MoreSolarPower;VEE_DryRiver
14708,VEE_DryRiver
14709,Mountain
14710,Mountain
14711,Mountain
14712,Mountain
14713,Mountain;VEE_DryRiver
14716,Mountain;Oasis
14720,VEE_MineralDevoid;VEE_DeepOreDevoid
14723,VEE_MineralDevoid;VEE_DeepOreDevoid
14725,VEE_DryRiver
14732,VEE_MineralDevoid;VEE_DeepOreDevoid;VEE_DryRiver
14733,VEE_DryRiver
14735,VEE_MineralDevoid;VEE_DeepOreDevoid
14738,Dunes;MineralRich;VEE_DeepOreRich;AncientRuins;Junkyard;VEE_DryRiver
14739,MineralRich;VEE_DryRiver
14740,Caves;MineralRich;VEE_DeepOreRich;AncientWarehouse;VEE_DryRiver
14741,MineralRich;VEE_DeepOreRich;AncientRuins
14742,Dunes;AncientRuins;MineralRich;VEE_DeepOreRich;AncientChemfuelRefinery;VEE_DryRiver
14743,VEE_FloodPlains;MineralRich;VEE_DeepOreRich;AncientRuins;Junkyard
14746,AnimalHabitat;Fish_Increased
14748,AnimalHabitat;Fish_Increased
14751,AnimalHabitat;Fish_Increased
14753,Junkyard;VEE_MineralDevoid;VEE_DeepOreDevoid;CoastalIsland
14755,Junkyard;Stockpile;CoastalIsland
14756,AnimalHabitat;Fish_Increased
14758,AnimalHabitat;Fish_Increased
14760,Fish_Increased
14761,AnimalHabitat;Fish_Increased
14764,AnimalHabitat;Fish_Increased
14779,AnimalHabitat;Fish_Increased
14780,VEE_MineralDevoid;VEE_DeepOreDevoid;Dunes;VEE_MoreSolarPower
14781,VEE_MoreSolarPower
14782,VEE_MoreSolarPower
14783,VEE_MoreSolarPower;WildTattooinePlants
14784,VEE_MoreSolarPower;WildTattooinePlants
14785,VEE_MoreSolarPower
14786,Dunes;VEE_MoreSolarPower
14787,VEE_MoreSolarPower
14788,VEE_MoreSolarPower
14789,VEE_MoreSolarPower
14790,Dunes;VEE_MoreSolarPower
14791,VEE_MoreSolarPower
14792,VEE_MoreSolarPower
14793,DryLake;VEE_MoreSolarPower;VEE_DryRiver
14794,VEE_MineralDevoid;VEE_DeepOreDevoid;Dunes;VEE_MoreSolarPower
14795,VEE_MoreSolarPower
14796,VEE_MoreSolarPower;VEE_DryRiver
14797,VEE_MoreSolarPower
14798,VEE_MoreSolarPower
14799,VEE_MoreSolarPower
14800,Dunes;VEE_MoreSolarPower
14801,VEE_MoreSolarPower
14802,VEE_MoreSolarPower
14803,VEE_MoreSolarPower
14804,Dunes;VEE_MoreSolarPower
14805,VEE_MineralDevoid;VEE_DeepOreDevoid;Dunes;VEE_MoreSolarPower
14806,Dunes;VEE_MoreSolarPower
14807,Dunes;VEE_MoreSolarPower
14808,VEE_MineralDevoid;VEE_DeepOreDevoid;Dunes;VEE_MoreSolarPower
14809,VEE_MoreSolarPower
14810,Dunes;VEE_MoreSolarPower;WildTattooinePlants
14811,VEE_MoreSolarPower
14812,Dunes;VEE_MoreSolarPower
14813,VEE_MineralDevoid;VEE_DeepOreDevoid;Dunes;VEE_MoreSolarPower;WildTattooinePlants
14814,Dunes;VEE_MoreSolarPower;WildTattooinePlants
14815,Dunes;VEE_MoreSolarPower;WildTattooinePlants
14819,VEE_MineralDevoid;VEE_DeepOreDevoid
14822,Mountain
14823,Mountain
14824,Mountain
14825,Mountain;VEE_DryRiver
14826,Mountain
14827,Mountain;VEE_DryRiver
14828,Mountain
14830,Mountain
14831,VEE_DryRiver
14833,Mountain
14834,Mountain
14835,Mountain
14838,Mountain
14839,VEE_DryRiver
14852,Mountain
14853,Mountain
14857,Mountain
14858,Mountain
14879,Mountain;AncientRuins;VEE_MineralDevoid;VEE_DeepOreDevoid
14880,Mountain
14885,Chasm
14886,Mountain
14888,VEE_LessSolarPower
14889,VEE_LessSolarPower
14890,VEE_LessSolarPower
14891,VEE_MineralDevoid;VEE_DeepOreDevoid;VEE_LessSolarPower
14892,VEE_LessSolarPower
14893,VEE_LessSolarPower
14894,VEE_MineralDevoid;VEE_DeepOreDevoid;VEE_LessSolarPower
14895,VEE_LessSolarPower
14896,VEE_LessSolarPower
14897,VEE_MineralDevoid;VEE_DeepOreDevoid;VEE_LessSolarPower
14898,VEE_LessSolarPower
14899,VEE_LessSolarPower
14900,VEE_LessSolarPower
14901,VEE_LessSolarPower
14902,VEE_LessSolarPower
14903,VEE_LessSolarPower
14904,VEE_LessSolarPower
14905,VEE_LessSolarPower
14906,VEE_MineralDevoid;VEE_DeepOreDevoid;VEE_LessSolarPower
14907,VEE_LessSolarPower
14908,VEE_LessSolarPower
14909,VEE_LessSolarPower
14910,VEE_LessSolarPower
14911,VEE_LessSolarPower
14912,VEE_LessSolarPower
14913,VEE_LessSolarPower
14914,VEE_LessSolarPower
14915,VEE_LessSolarPower
14916,VEE_LessSolarPower
14917,VEE_LessSolarPower
14918,VEE_LessSolarPower
14919,VEE_LessSolarPower
14920,VEE_LessSolarPower
14921,VEE_LessSolarPower
14922,VEE_LessSolarPower
14923,VEE_LessSolarPower
14924,VEE_MineralDevoid;VEE_DeepOreDevoid
14932,Mountain
14933,Mountain
14934,Mountain
14935,Mountain
14938,VEE_MineralDevoid;VEE_DeepOreDevoid
14942,VEE_MineralDevoid;VEE_DeepOreDevoid
14946,VEE_MineralDevoid;VEE_DeepOreDevoid
14951,VEE_MineralDevoid;VEE_DeepOreDevoid
14955,VEE_MineralDevoid;VEE_DeepOreDevoid
14960,VEE_LessSolarPower
14961,VEE_LessSolarPower
14962,VEE_LessSolarPower
14963,VEE_LessSolarPower
14964,VEE_LessSolarPower
14965,Caves;VEE_LessSolarPower
14966,VEE_LessSolarPower
14967,VEE_LessSolarPower
14968,Caves;VEE_LessSolarPower
14969,Caves;VEE_LessSolarPower
14970,VEE_LessSolarPower
14971,VEE_LessSolarPower
14972,VEE_LessSolarPower
14973,VEE_LessSolarPower
14974,VEE_LessSolarPower
14975,VEE_LessSolarPower
14976,VEE_LessSolarPower
14977,VEE_LessSolarPower
14978,VEE_LessSolarPower
14979,VEE_LessSolarPower
14980,VEE_LessSolarPower
14981,VEE_LessSolarPower
14982,VEE_LessSolarPower
14983,VEE_LessSolarPower
14984,VEE_LessSolarPower
14985,VEE_LessSolarPower
14986,VEE_LessSolarPower
14987,VEE_LessSolarPower
14988,Caves;VEE_LessSolarPower
14989,VEE_LessSolarPower
14990,VEE_LessSolarPower
14991,Caves;VEE_LessSolarPower
14992,Caves;VEE_LessSolarPower
14993,VEE_LessSolarPower
14994,VEE_LessSolarPower
14995,VEE_LessSolarPower
14996,WindyMutator
14997,WindyMutator;Iceberg
14999,WindyMutator
15000,WindyMutator
15002,AnimalHabitat;Fish_Increased;IceDunes;WindyMutator
15004,IceDunes;WindyMutator
15005,AnimalHabitat;Fish_Increased;VEE_DeepSnow;WindyMutator
15007,Junkyard;Stockpile;VEE_MineralDevoid;VEE_DeepOreDevoid;VEE_RisingWaters
15008,Peninsula
15009,VEE_MineralDevoid;VEE_DeepOreDevoid;Archipelago
15010,Junkyard;Stockpile;VEE_MineralDevoid;VEE_DeepOreDevoid;Archipelago
15014,AnimalHabitat;Fish_Increased;WindyMutator
15015,AnimalHabitat;Fish_Increased;WindyMutator
15017,AnimalHabitat;Fish_Increased;WindyMutator;Iceberg
15019,AnimalHabitat;Fish_Increased;WindyMutator
15020,AnimalHabitat;Fish_Increased;WindyMutator
15022,AnimalHabitat;Fish_Increased;WindyMutator
15023,AnimalHabitat;Fish_Increased
15025,AnimalHabitat;Fish_Increased
15028,AnimalHabitat;Fish_Increased
15032,Mountain
15033,Mountain
15037,Mountain
15038,Mountain
15039,Mountain
15040,VEE_DustBowl;VEE_PlantLife_Decimated;VEE_Fertility_Reduced;VEE_DustStorms
15041,Mountain
15043,Mountain
15045,SunnyMutator;CoastalIsland
15046,SunnyMutator;CoastalIsland
15047,VEE_AlluvialFan;CoastalIsland
15048,SunnyMutator;CoastalIsland
15050,Mountain
15051,Mountain;VEE_SaltPlains;WindyMutator;Coast
15054,Mountain;Coast
15064,Mountain;VEE_SaltPlains;WindyMutator;Bay
15065,Mountain;Coast
15066,Fish_Increased;VEE_MarineSanctuary
15067,AnimalHabitat;CoastalIsland
15074,Mountain
15075,Oasis
15076,AnimalHabitat;WildTattooinePlants;VEE_SaltPlains;WindyMutator;Coast
15077,Mountain;Bay
15082,VEE_SaltPlains;Oasis;WindyMutator;VEE_RisingWaters
15083,VEE_SaltPlains
15084,VEE_SaltPlains
15085,VEE_SaltPlains
15086,Oasis
15088,Oasis
15089,Oasis
15096,Oasis
15097,Oasis
15098,Oasis
15099,Oasis
15100,Oasis
15101,Oasis
15102,Oasis
15103,Oasis
15104,VEE_DryRiver
15109,VEE_DryRiver
15110,Mountain;Caves
15111,Mountain;AbandonedColonyTribal;AbandonedColonyTribal
15112,Mountain
15113,Mountain
15114,Mountain
15115,Mountain
15116,VEE_SerpentineCanyons;VEE_DeepOreRich;River
15117,River
15118,AnimalLife_Increased
15120,Mountain;Caves
15121,Cliffs
15122,VEE_DryRiver
15124,River
15125,Dunes;River
15126,AnimalLife_Increased;AncientUplink;Stockpile
15127,VEE_MineralDevoid;VEE_DeepOreDevoid;Dunes;Pond;River
15128,Cliffs;AnimalLife_Increased
15129,Cliffs
15130,Mountain
15132,Caves
15133,Cliffs
15134,Cliffs;AnimalLife_Increased
15135,Cliffs
15136,Mountain
15138,Caves
15139,VEE_DryRiver
15140,Cliffs;AnimalLife_Increased;VEE_MoreSolarPower
15141,Cavern;Fish_Increased;AnimalLife_Increased;VEE_MoreSolarPower;RiverDelta
15142,Cliffs;Oasis;AnimalLife_Increased;VEE_MoreSolarPower
15143,Fish_Increased
15144,Fish_Increased
15145,Fish_Increased
15146,Fish_Increased
15147,Fish_Increased
15151,Fish_Increased
15152,VEE_SerpentineCanyons;Fish_Increased;VEE_DeepOreRich;VEE_MoreSolarPower;River
15153,Mountain;Fish_Increased;VEE_MoreSolarPower;RiverIsland
15154,Mountain;AnimalLife_Increased;VEE_MoreSolarPower
15155,Mountain;CaveLakes;VEE_StagnantRivulet;VEE_MoreSolarPower;Headwater
15156,VEE_StagnantRivulet;Fish_Increased;VEE_MoreSolarPower;River
15157,Cliffs;VEE_StagnantRivulet;Fish_Increased;VEE_MoreSolarPower;River
15158,Cliffs;AnimalLife_Increased;VEE_DryRiver;VEE_MoreSolarPower
15159,Fish_Increased;VEE_MoreSolarPower;River
15160,Fish_Increased;VEE_MoreSolarPower;River
15161,Fish_Increased;VEE_MoreSolarPower;RiverIsland
15162,VEE_FloodPlains;AncientRuins;VEE_MoreSolarPower
15163,Marshy;VEE_MoreSolarPower
15164,Mountain;AnimalLife_Increased;VEE_MoreSolarPower
15165,AnimalLife_Increased;VEE_MoreSolarPower
15166,Mountain;Oasis;AnimalLife_Increased;VEE_MoreSolarPower
15167,VEE_IncreasedInfestations;Oasis;AB_BumbledroneNests;Pond;VEE_MoreSolarPower
15168,Mountain;AnimalLife_Increased;VEE_MoreSolarPower
15169,Oasis;VEE_IncreasedInfestations;Pond;InsectMegahive;VEE_StagnantRivulet;VEE_IncreasedDiseases;VEE_MoreSolarPower
15170,Fish_Increased
15171,Cliffs;VEE_MoreSolarPower
15172,Mountain;AnimalLife_Increased;VEE_MoreSolarPower
15173,Mountain;Fish_Increased;AnimalLife_Increased;VEE_MoreSolarPower;RiverDelta;Bay
15174,Fish_Increased
15175,Fish_Increased;AnimalLife_Increased;River
15176,Mountain;MineralRich;VEE_ToxicVents;VEE_MoreSolarPower
15177,Mountain;Caves;MineralRich;VEE_DeepOreRich;VEE_MoreSolarPower
15178,Mountain;HotSprings;AnimalLife_Increased;VEE_MoreSolarPower
15179,Mountain;CaveLakes;VEE_MoreSolarPower;Headwater
15180,Mountain;HotSprings;AnimalLife_Increased;VEE_MoreSolarPower
15181,Valley;MineralRich;VEE_DeepOreRich;VEE_MoreSolarPower
15182,SteamGeysers_Increased;VEE_SulfuricLake;Fish_Increased
15183,SteamGeysers_Increased;Fish_Increased
15184,Cliffs;VEE_ToxicVents;VEE_MoreSolarPower
15185,Mountain;VEE_MoreSolarPower
15186,Cliffs;Caves;MineralRich;VEE_DeepOreRich;VEE_MoreSolarPower
15187,Mountain;VEE_MoreSolarPower
15190,SteamGeysers_Increased;Fish_Increased
15191,Fish_Increased
15197,ToxicLake;Fish_Decreased
15198,Fish_Decreased
15199,Fish_Decreased
15200,SteamGeysers_Increased;VEE_SulfuricLake;Fish_Increased
15201,SteamGeysers_Increased;Fish_Increased
15204,SteamGeysers_Increased;VEE_SulfuricLake;Fish_Increased
15205,SteamGeysers_Increased;VEE_SulfuricLake;Fish_Increased
15206,VEE_SerpentineCanyons;MineralRich;Fish_Increased;VEE_MoreSolarPower;River
15207,Mountain;MineralRich;VEE_ToxicVents;VEE_MoreSolarPower
15208,Mountain;MineralRich;AnimalLife_Increased;VEE_SmokeVents;VEE_MoreSolarPower
15209,Mountain;MineralRich;VEE_MoreSolarPower;River
15210,Mountain;MineralRich;VEE_DeepOreRich;AnimalLife_Increased;VEE_MoreSolarPower
15211,Mountain;MineralRich;VEE_DeepOreRich;VEE_MoreSolarPower
15212,VEE_LessSolarPower
15213,Caves;VEE_LessSolarPower
15214,Caves;VEE_LessSolarPower
15215,VEE_LessSolarPower
15216,VEE_LessSolarPower
15217,VEE_LessSolarPower
15218,VEE_LessSolarPower
15219,VEE_LessSolarPower
15220,VEE_LessSolarPower
15221,VEE_LessSolarPower
15222,VEE_LessSolarPower
15223,VEE_LessSolarPower
15224,VEE_LessSolarPower
15225,VEE_LessSolarPower
15226,Caves;VEE_LessSolarPower
15227,Caves;VEE_LessSolarPower
15228,Caves;VEE_LessSolarPower
15229,Caves;VEE_LessSolarPower
15230,VEE_LessSolarPower
15231,VEE_LessSolarPower
15232,VEE_LessSolarPower
15233,VEE_LessSolarPower
15234,VEE_StoneForest;VEE_LessSolarPower
15235,VEE_LessSolarPower
15236,Caves;VEE_LessSolarPower
15237,Caves;VEE_LessSolarPower
15238,Caves;VEE_LessSolarPower
15239,Caves;VEE_LessSolarPower
15240,VEE_LessSolarPower
15241,VEE_LessSolarPower
15242,VEE_LessSolarPower
15243,Caves;VEE_LessSolarPower
15244,Caves;VEE_LessSolarPower
15245,VEE_LessSolarPower
15246,VEE_LessSolarPower
15247,VEE_LessSolarPower
15248,WindyMutator
15250,WindyMutator
15251,WindyMutator
15253,WindyMutator
15256,Fish_Increased;AnimalLife_Increased
15257,Iceberg
15258,WindyMutator
15261,WindyMutator
15263,WindyMutator
15264,Caves
15265,Caves
15266,WindyMutator
15267,Mountain;Caves
15268,Mountain;Caves
15269,Mountain;Caves
15270,Caves
15271,Caves
15272,Mountain
15274,Mountain;Caves
15278,Mountain;WindyMutator
15279,Mountain
15282,Mountain
15283,Mountain
15284,VEE_LessSolarPower
15285,VEE_LessSolarPower
15286,VEE_LessSolarPower
15287,VEE_LessSolarPower
15288,VEE_LessSolarPower
15289,VEE_LessSolarPower
15290,Caves;VEE_LessSolarPower
15291,Caves;VEE_LessSolarPower
15292,VEE_LessSolarPower
15293,VEE_LessSolarPower
15294,VEE_LessSolarPower
15295,VEE_LessSolarPower
15296,Caves;VEE_LessSolarPower
15297,VEE_LessSolarPower
15298,VEE_LessSolarPower
15299,VEE_LessSolarPower
15300,Caves;VEE_LessSolarPower
15301,Caves;VEE_LessSolarPower
15302,VEE_LessSolarPower
15303,VEE_LessSolarPower
15304,VEE_LessSolarPower
15305,VEE_LessSolarPower
15306,VEE_LessSolarPower
15307,VEE_LessSolarPower
15308,Caves;VEE_LessSolarPower
15309,VEE_LessSolarPower
15310,AncientWarehouse;VEE_LessSolarPower
15311,Caves;VEE_LessSolarPower
15312,Caves;VEE_LessSolarPower
15313,VEE_LessSolarPower
15314,VEE_LessSolarPower
15315,VEE_LessSolarPower
15316,Caves;VEE_LessSolarPower
15317,Caves;VEE_LessSolarPower
15318,VEE_LessSolarPower
15319,VEE_LessSolarPower
15320,Fish_Increased;AnimalLife_Increased
15322,WindyMutator
15323,WindyMutator;VEE_GravelBeach
15325,WindyMutator;VEE_GravelBeach
15327,WildDantooinePlants;WindyMutator;VEE_RisingWaters
15328,Mountain;Caves
15329,Cliffs;Caves
15330,Mountain;Caves
15331,Mountain;Caves
15333,WindyMutator
15335,CoastalIsland
15337,CoastalIsland
15338,WindyMutator;AncientUplink;VEE_RisingWaters
15340,WindyMutator;VEE_GravelBeach
15341,WindyMutator;VEE_GravelBeach
15343,WindyMutator;VEE_RisingWaters
15344,VEE_SaltPlains
15345,VEE_SaltPlains
15346,VEE_SaltPlains
15347,VEE_RisingWaters
15348,VEE_SaltPlains
15349,VEE_SaltPlains
15350,VEE_SaltPlains
15351,VEE_SaltPlains
15352,VEE_SaltPlains
15353,VEE_SaltPlains
15354,Mountain
15373,VEE_JaggedRocks
15377,Mountain;Caves
15378,Mountain;Caves
15379,Caves
15381,VEE_JaggedRocks
15383,Mountain
15394,VEE_MineralDevoid;VEE_DeepOreDevoid
15397,VEE_MineralDevoid;VEE_DeepOreDevoid
15400,VEE_MineralDevoid;VEE_DeepOreDevoid
15403,VEE_MineralDevoid;VEE_DeepOreDevoid
15411,VEE_MineralDevoid;VEE_DeepOreDevoid
15416,VEE_MineralDevoid;VEE_DeepOreDevoid
15419,VEE_MineralDevoid;VEE_DeepOreDevoid
15422,VEE_MineralDevoid;VEE_DeepOreDevoid
15425,VEE_MineralDevoid;VEE_DeepOreDevoid
15428,VEE_MineralDevoid;VEE_DeepOreDevoid
15431,VEE_MineralDevoid;VEE_DeepOreDevoid
15442,VEE_MineralDevoid;VEE_DeepOreDevoid
15445,VEE_MineralDevoid;VEE_DeepOreDevoid
15448,VEE_MineralDevoid;VEE_DeepOreDevoid
15451,VEE_MineralDevoid;VEE_DeepOreDevoid
15470,VEE_MineralDevoid;VEE_DeepOreDevoid
15473,VEE_MineralDevoid;VEE_DeepOreDevoid
15488,VEE_MineralDevoid;VEE_DeepOreDevoid
15491,VEE_MineralDevoid;VEE_DeepOreDevoid
15500,VEE_MineralDevoid;VEE_DeepOreDevoid
15503,VEE_MineralDevoid;VEE_DeepOreDevoid
15505,VEE_SaltPlains
15506,VEE_MineralDevoid;VEE_DeepOreDevoid
15509,VEE_MineralDevoid;VEE_DeepOreDevoid
15512,VEE_MineralDevoid;VEE_DeepOreDevoid
15515,VEE_MineralDevoid;VEE_DeepOreDevoid
15518,VEE_MineralDevoid;VEE_DeepOreDevoid
15521,VEE_MineralDevoid;VEE_DeepOreDevoid
15523,VEE_SaltPlains
15524,VEE_MineralDevoid;VEE_DeepOreDevoid;VEE_DryRiver
15525,VEE_DryRiver
15527,VEE_MineralDevoid;VEE_DeepOreDevoid;VEE_DryRiver
15530,VEE_MineralDevoid;VEE_DeepOreDevoid
15532,VEE_SaltPlains
15536,VEE_MineralDevoid;VEE_DeepOreDevoid
15539,VEE_MineralDevoid;VEE_DeepOreDevoid
15542,VEE_MineralDevoid;VEE_DeepOreDevoid;VEE_SaltPlains
15544,VEE_SaltPlains
15545,VEE_MineralDevoid;VEE_DeepOreDevoid;VEE_SaltPlains;SunnyMutator
15546,VEE_SaltPlains
15547,VEE_SaltPlains
15548,VEE_MineralDevoid;VEE_DeepOreDevoid;VEE_DryRiver
15549,VEE_DryRiver
15550,VEE_DryRiver
15551,VEE_MineralDevoid;VEE_DeepOreDevoid
15552,VEE_DryRiver
15553,VEE_DryRiver
15554,VEE_MineralDevoid;VEE_DeepOreDevoid;VEE_DryRiver
15555,VEE_DryRiver
15556,VEE_DryRiver
15557,VEE_MineralDevoid;VEE_DeepOreDevoid;VEE_DryRiver
15560,VEE_MineralDevoid;VEE_DeepOreDevoid
15562,Dunes
15563,VEE_MineralDevoid;VEE_DeepOreDevoid;Dunes
15564,Dunes
15566,VEE_MineralDevoid;VEE_DeepOreDevoid
15569,VEE_MineralDevoid;VEE_DeepOreDevoid
15574,AB_EdibleAirborneMicrofungi
15575,AB_EdibleAirborneMicrofungi
15584,VEE_MineralDevoid;VEE_DeepOreDevoid
15590,VEE_MineralDevoid;VEE_DeepOreDevoid
15593,VEE_MineralDevoid;VEE_DeepOreDevoid
15600,VEE_MineralDevoid;VEE_DeepOreDevoid
15610,VEE_MineralDevoid;VEE_DeepOreDevoid
15616,Caves
15618,Caves
15623,VEE_MineralDevoid;VEE_DeepOreDevoid;sw_DeadSarlaccCave;sw_DeadSarlaccCave
15633,Caves
15634,VEE_Cenotes;VEE_Cenotes
15653,AB_EdibleAirborneMicrofungi
15654,AB_EdibleAirborneMicrofungi
15674,AB_EdibleAirborneMicrofungi
15677,AB_EdibleAirborneMicrofungi
15679,AB_EdibleAirborneMicrofungi
15680,AB_EdibleAirborneMicrofungi
15681,AB_EdibleAirborneMicrofungi
15682,AB_EdibleAirborneMicrofungi
15683,AB_EdibleAirborneMicrofungi
15684,AncientGarrison
15685,AB_EdibleAirborneMicrofungi
15748,Caves
15749,Caves
15751,Caves
15770,VEE_DustBowl;VEE_PlantLife_Decimated;VEE_Fertility_Reduced;VEE_DustStorms
15771,VEE_MineralDevoid;VEE_DeepOreDevoid
15775,Plateau
15782,VEE_MineralDevoid;VEE_DeepOreDevoid
15789,VEE_MineralDevoid;VEE_DeepOreDevoid
15815,VEE_MineralDevoid;VEE_DeepOreDevoid
15822,VEE_MineralDevoid;VEE_DeepOreDevoid
15824,Dunes
15825,VEE_MineralDevoid;VEE_DeepOreDevoid
15828,VEE_MineralDevoid;VEE_DeepOreDevoid
15831,VEE_MineralDevoid;VEE_DeepOreDevoid
15836,Dunes
15837,VEE_MineralDevoid;VEE_DeepOreDevoid;Dunes
15838,Dunes
15840,VEE_MineralDevoid;VEE_DeepOreDevoid;Dunes
15841,Dunes
15842,Dunes
15843,VEE_MineralDevoid;VEE_DeepOreDevoid;Dunes
15844,Dunes
15845,Dunes
15846,VEE_MineralDevoid;VEE_DeepOreDevoid
15847,Dunes
15848,Dunes
15849,VEE_MineralDevoid;VEE_DeepOreDevoid;Dunes
15850,Dunes
15851,Dunes
15854,VEE_MineralDevoid;VEE_DeepOreDevoid
15857,VEE_MineralDevoid;VEE_DeepOreDevoid
15862,VEE_MineralDevoid;VEE_DeepOreDevoid
15870,VEE_DustBowl;VEE_PlantLife_Decimated;VEE_Fertility_Reduced;VEE_DustStorms
15882,VEE_MineralDevoid;VEE_DeepOreDevoid
15889,VEE_MineralDevoid;VEE_DeepOreDevoid
15904,VEE_MineralDevoid;VEE_DeepOreDevoid
15905,sw_DeadSarlaccCave;sw_DeadSarlaccCave
15933,Mountain
15934,Mountain
15935,Chasm
15937,DryGround
15945,DryGround
15950,Chasm
15951,Cliffs;VEE_Cenotes;MixedBiome
15952,Chasm
15953,VEE_SaltPlains
15955,DryGround
15957,DryGround
15958,DryGround
15960,VEE_SaltPlains
15961,AncientHeatVent
15963,Cliffs
15964,Cliffs
15965,VEE_SaltPlains
15967,DryGround
15970,VEE_MineralDevoid;VEE_DeepOreDevoid
15973,VEE_MineralDevoid;VEE_DeepOreDevoid
15976,VEE_MineralDevoid;VEE_DeepOreDevoid
15979,VEE_MineralDevoid;VEE_DeepOreDevoid
15982,VEE_MineralDevoid;VEE_DeepOreDevoid
15985,VEE_MineralDevoid;VEE_DeepOreDevoid
15988,VEE_MineralDevoid;VEE_DeepOreDevoid
15991,VEE_MineralDevoid;VEE_DeepOreDevoid
15994,VEE_MineralDevoid;VEE_DeepOreDevoid
15997,VEE_MineralDevoid;VEE_DeepOreDevoid
16000,VEE_MineralDevoid;VEE_DeepOreDevoid
16003,VEE_MineralDevoid;VEE_DeepOreDevoid
16012,Mountain
16013,Chasm
16014,Cliffs
16015,VEE_MineralDevoid;VEE_DeepOreDevoid
16018,VEE_MineralDevoid;VEE_DeepOreDevoid
16021,VEE_MineralDevoid;VEE_DeepOreDevoid
16040,DryGround
16041,DryGround
16042,DryGround;ToxicLake
16043,DryGround
16044,DryGround
16045,VEE_SaltPlains
16051,VEE_MineralDevoid;VEE_DeepOreDevoid
16053,DryGround
16056,DryGround
16057,VEE_SaltPlains
16058,VEE_SaltPlains
16060,VEE_SaltPlains
16063,VEE_MineralDevoid;VEE_DeepOreDevoid
16068,VEE_MineralDevoid;VEE_DeepOreDevoid
16071,VEE_MineralDevoid;VEE_DeepOreDevoid
16074,VEE_MineralDevoid;VEE_DeepOreDevoid
16076,DryGround
16077,VEE_SaltPlains
16079,AncientHeatVent
16080,VEE_SaltPlains
16081,VEE_SaltPlains
16082,DryGround
16084,VEE_SaltPlains
16085,VEE_SaltPlains
16086,VEE_SaltPlains
16087,VEE_SaltPlains
16092,DryGround
16095,VEE_MineralDevoid;VEE_DeepOreDevoid
16098,VEE_MineralDevoid;VEE_DeepOreDevoid
16101,VEE_MineralDevoid;VEE_DeepOreDevoid
16102,DryGround
16107,VEE_MineralDevoid;VEE_DeepOreDevoid
16112,VEE_LessSolarPower
16113,VEE_LessSolarPower
16114,Caves
16115,VEE_LessSolarPower
16116,Caves
16124,Caves
16125,Caves;VEE_LessSolarPower
16126,VEE_LessSolarPower
16127,Caves;VEE_LessSolarPower
16128,VEE_LessSolarPower
16129,VEE_LessSolarPower
16130,VEE_LessSolarPower
16131,VEE_LessSolarPower
16132,VEE_LessSolarPower
16133,Caves;VEE_LessSolarPower
16134,VEE_LessSolarPower
16135,VEE_LessSolarPower
16136,VEE_LessSolarPower
16137,Caves
16138,VEE_LessSolarPower
16139,VEE_LessSolarPower
16140,Caves;VEE_LessSolarPower
16141,Caves
16142,Caves
16143,Caves;VEE_LessSolarPower
16144,VEE_LessSolarPower
16145,VEE_LessSolarPower
16146,Caves
16147,Caves;VEE_LessSolarPower
16148,VEE_LessSolarPower
16149,VEE_LessSolarPower
16150,VEE_LessSolarPower
16151,VEE_LessSolarPower
16152,VEE_LessSolarPower
16153,VEE_LessSolarPower
16154,VEE_LessSolarPower
16155,VEE_LessSolarPower
16156,VEE_LessSolarPower
16157,VEE_LessSolarPower
16158,VEE_LessSolarPower
16159,VEE_LessSolarPower
16160,VEE_LessSolarPower
16161,Caves;VEE_LessSolarPower
16162,VEE_LessSolarPower
16163,VEE_LessSolarPower
16164,VEE_LessSolarPower
16165,VEE_LessSolarPower
16166,VEE_LessSolarPower
16167,VEE_LessSolarPower
16168,VEE_LessSolarPower
16169,Mountain;VEE_LessSolarPower
16170,VEE_LessSolarPower
16171,VEE_LessSolarPower
16172,VEE_LessSolarPower
16173,VEE_LessSolarPower
16174,VEE_LessSolarPower
16175,VEE_LessSolarPower
16176,VEE_LessSolarPower
16177,VEE_LessSolarPower
16178,VEE_LessSolarPower
16179,VEE_LessSolarPower
16180,VEE_LessSolarPower
16181,VEE_LessSolarPower
16182,VEE_LessSolarPower
16183,VEE_LessSolarPower
16184,VEE_LessSolarPower
16185,VEE_LessSolarPower
16186,VEE_LessSolarPower
16187,VEE_LessSolarPower
16188,VEE_LessSolarPower
16189,VEE_LessSolarPower
16190,Caves;VEE_LessSolarPower
16191,VEE_LessSolarPower
16192,Caves;VEE_LessSolarPower
16193,VEE_LessSolarPower
16194,VEE_LessSolarPower
16195,VEE_LessSolarPower
16196,VEE_LessSolarPower
16197,VEE_LessSolarPower
16198,VEE_LessSolarPower
16199,Caves;VEE_LessSolarPower
16200,VEE_LessSolarPower
16201,VEE_LessSolarPower
16202,VEE_LessSolarPower
16203,VEE_LessSolarPower
16204,VEE_LessSolarPower
16205,VEE_LessSolarPower
16206,VEE_LessSolarPower
16207,VEE_LessSolarPower
16208,VEE_LessSolarPower
16209,VEE_LessSolarPower
16211,VEE_LessSolarPower
16212,VEE_LessSolarPower
16213,VEE_LessSolarPower
16214,VEE_LessSolarPower
16215,VEE_LessSolarPower
16216,VEE_LessSolarPower
16217,VEE_LessSolarPower
16218,VEE_LessSolarPower
16219,VEE_LessSolarPower
16220,VEE_LessSolarPower
16221,VEE_LessSolarPower
16222,Caves
16223,VEE_LessSolarPower
16224,Caves
16225,Caves;VEE_LessSolarPower
16226,VEE_LessSolarPower
16227,VEE_LessSolarPower
16228,Caves;VEE_LessSolarPower
16229,Caves;VEE_LessSolarPower
16230,VEE_LessSolarPower
16231,VEE_LessSolarPower
16232,VEE_LessSolarPower
16233,VEE_LessSolarPower
16234,VEE_LessSolarPower
16235,VEE_LessSolarPower
16236,VEE_LessSolarPower
16237,VEE_LessSolarPower
16238,VEE_LessSolarPower
16239,VEE_LessSolarPower
16240,VEE_LessSolarPower
16241,VEE_LessSolarPower
16242,Caves;VEE_LessSolarPower
16243,VEE_LessSolarPower
16244,Caves
16245,Caves;VEE_LessSolarPower
16246,Caves
16247,Caves
16248,VEE_LessSolarPower
16249,VEE_LessSolarPower
16250,VEE_LessSolarPower
16251,VEE_LessSolarPower
16252,VEE_LessSolarPower
16253,VEE_LessSolarPower
16254,VEE_LessSolarPower
16255,VEE_LessSolarPower
16256,VEE_LessSolarPower
16257,VEE_LessSolarPower
16258,VEE_LessSolarPower;MineralRich
16259,VEE_LessSolarPower;MineralRich
16260,Cavern;MineralRich;VEE_LessSolarPower
16261,VEE_LessSolarPower
16262,VEE_LessSolarPower
16264,VEE_LessSolarPower
16265,Caves;VEE_LessSolarPower
16268,VEE_LessSolarPower
16269,VEE_LessSolarPower
16270,VEE_LessSolarPower
16271,Caves
16272,Caves
16273,Caves
16274,Caves;VEE_LessSolarPower
16275,VEE_LessSolarPower
16276,Caves;VEE_LessSolarPower
16277,VEE_LessSolarPower
16278,VEE_LessSolarPower
16279,VEE_LessSolarPower
16280,VEE_LessSolarPower
16281,VEE_LessSolarPower
16282,VEE_LessSolarPower
16283,VEE_LessSolarPower
16284,VEE_LessSolarPower
16285,VEE_LessSolarPower
16286,VEE_LessSolarPower
16287,VEE_LessSolarPower
16288,VEE_LessSolarPower
16289,VEE_LessSolarPower
16290,VEE_LessSolarPower
16291,VEE_LessSolarPower
16292,Caves;VEE_LessSolarPower
16293,VEE_LessSolarPower
16294,VEE_LessSolarPower
16295,VEE_LessSolarPower
16296,VEE_RockRidge;VEE_LessSolarPower
16297,VEE_LessSolarPower
16298,VEE_LessSolarPower
16299,VEE_LessSolarPower
16300,VEE_LessSolarPower
16301,VEE_LessSolarPower
16302,VEE_LessSolarPower
16303,VEE_LessSolarPower
16304,VEE_LessSolarPower
16305,VEE_LessSolarPower
16306,VEE_LessSolarPower
16307,VEE_LessSolarPower
16308,VEE_LessSolarPower
16309,VEE_LessSolarPower
16310,Caves;VEE_LessSolarPower
16311,VEE_LessSolarPower
16312,VEE_LessSolarPower
16313,VEE_LessSolarPower
16314,VEE_LessSolarPower
16315,VEE_LessSolarPower
16316,VEE_LessSolarPower
16317,VEE_LessSolarPower
16318,VEE_LessSolarPower
16319,VEE_LessSolarPower
16320,VEE_LessSolarPower
16321,VEE_LessSolarPower
16322,VEE_LessSolarPower
16323,VEE_LessSolarPower
16324,Caves;VEE_LessSolarPower
16325,VEE_LessSolarPower
16326,Caves;VEE_LessSolarPower
16327,AncientRuins_Frozen;AncientRuins_Frozen;VEE_LessSolarPower
16334,VEE_LessSolarPower
16335,VEE_LessSolarPower
16336,VEE_LessSolarPower
16337,VEE_LessSolarPower
16338,VEE_LessSolarPower
16339,VEE_LessSolarPower
16340,VEE_LessSolarPower
16341,VEE_LessSolarPower
16342,VEE_LessSolarPower
16343,VEE_LessSolarPower
16344,VEE_LessSolarPower
16345,VEE_LessSolarPower
16350,VEE_LessSolarPower
16351,VEE_LessSolarPower
16352,VEE_LessSolarPower
16353,VEE_LessSolarPower
16354,Hollow;VEE_LessSolarPower
16355,VEE_LessSolarPower
16356,Cavern;VEE_LessSolarPower
16357,VEE_LessSolarPower
16358,VEE_LessSolarPower
16359,VEE_LessSolarPower
16360,VEE_LessSolarPower
16361,VEE_LessSolarPower
16362,Mountain;VEE_LessSolarPower
16363,Mountain;VEE_LessSolarPower
16365,Mountain
16366,Mountain
16367,Mountain
16368,Mountain
16370,Mountain
16371,Mountain
16372,Mountain
16373,Mountain
16374,Mountain
16375,Mountain
16378,VEE_LessSolarPower
16380,VEE_LessSolarPower
16381,VEE_LessSolarPower
16382,VEE_LessSolarPower
16384,VEE_LessSolarPower
16385,VEE_LessSolarPower
16388,VEE_LessSolarPower
16389,VEE_LessSolarPower
16390,VEE_LessSolarPower
16391,VEE_LessSolarPower
16392,VEE_LessSolarPower
16393,VEE_LessSolarPower
16394,VEE_LessSolarPower
16397,Mountain;VEE_LessSolarPower
16398,Caves;MineralRich;VEE_LessSolarPower
16400,AncientRuins;AncientRuins;VEE_LessSolarPower
16401,VEE_LessSolarPower
16402,VEE_LessSolarPower
16403,VEE_LessSolarPower
16404,VEE_LessSolarPower
16405,VEE_LessSolarPower
16406,VEE_LessSolarPower
16407,VEE_LessSolarPower
16408,VEE_LessSolarPower
16409,VEE_LessSolarPower
16410,VEE_LessSolarPower
16411,VEE_LessSolarPower
16412,VEE_LessSolarPower
16413,VEE_LessSolarPower
16414,VEE_LessSolarPower
16415,Caves;VEE_LessSolarPower
16416,Caves;VEE_LessSolarPower
16417,VEE_LessSolarPower
16418,VEE_LessSolarPower
16419,VEE_LessSolarPower
16420,VEE_LessSolarPower
16421,VEE_LessSolarPower
16422,VEE_LessSolarPower
16423,VEE_LessSolarPower
16424,VEE_LessSolarPower
16425,VEE_LessSolarPower
16426,VEE_LessSolarPower
16427,AncientWarehouse;VEE_LessSolarPower
16428,Caves;VEE_LessSolarPower
16429,Caves;VEE_LessSolarPower
16430,VEE_LessSolarPower
16431,VEE_LessSolarPower
16432,VEE_LessSolarPower
16433,VEE_LessSolarPower
16434,Caves;VEE_LessSolarPower
16435,Caves;VEE_LessSolarPower
16436,Mountain;Caves;MineralRich;VEE_DeepOreRich;VEE_LessSolarPower
16437,Mountain;Caves;MineralRich;VEE_DeepOreRich;VEE_LessSolarPower
16438,Mountain;Caves;MineralRich
16439,Mountain;Caves;MineralRich
16440,Mountain;Caves;MineralRich;VEE_LessSolarPower
16441,Cliffs;Caves;MineralRich;VEE_DeepOreRich;VEE_LessSolarPower
16442,VEE_JaggedRocks;VEE_LessSolarPower
16443,VEE_RockRidge;VEE_LessSolarPower
16444,VEE_LessSolarPower
16446,VEE_LessSolarPower
16447,VEE_LessSolarPower
16448,VEE_LessSolarPower
16449,Caves;VEE_LessSolarPower
16450,VEE_LessSolarPower
16451,Caves;VEE_LessSolarPower
16452,Caves;VEE_LessSolarPower
16453,VEE_LessSolarPower
16454,VEE_LessSolarPower
16455,VEE_LessSolarPower
16456,VEE_LessSolarPower
16457,VEE_LessSolarPower
16458,VEE_LessSolarPower
16459,VEE_LessSolarPower
16460,Mountain;Caves;MineralRich;VEE_DeepOreRich;VEE_LessSolarPower
16461,Mountain;Caves;MineralRich;VEE_DeepOreRich;VEE_LessSolarPower
16462,Caves;MineralRich;VEE_LessSolarPower
16463,Caves;MineralRich;VEE_LessSolarPower
16464,Caves;MineralRich
16465,Caves;MineralRich
16466,Mountain;Caves;MineralRich;VEE_DeepOreRich;VEE_LessSolarPower
16467,Caves;VEE_LessSolarPower
16468,VEE_LessSolarPower
16469,VEE_LessSolarPower
16470,Mountain;Caves
16471,Caves;VEE_LessSolarPower
16472,Dunes;VEE_MoreSolarPower;WildTattooinePlants
16473,Dunes;VEE_MoreSolarPower;WildTattooinePlants
16474,VEE_MineralDevoid;VEE_DeepOreDevoid;Dunes;VEE_MoreSolarPower;WildTattooinePlants
16475,Dunes;VEE_MoreSolarPower;WildTattooinePlants
16476,Dunes;VEE_MoreSolarPower;WildTattooinePlants
16477,VEE_MineralDevoid;VEE_DeepOreDevoid;Dunes;VEE_MoreSolarPower;WildTattooinePlants
16478,VEE_MoreSolarPower
16479,SunnyMutator;Junkyard;VEE_MoreSolarPower
16480,VEE_MoreSolarPower
16481,VEE_MoreSolarPower
16482,VEE_MoreSolarPower
16483,Oasis;VEE_MoreSolarPower
16484,Marshy;VEE_FloodPlains;Junkyard;VEE_MoreSolarPower
16485,Marshy;VEE_FloodPlains;Stockpile;Junkyard;AnimalLife_Decreased;VEE_MoreSolarPower
16486,Fish_Increased;VEE_FloodPlains;VEE_MoreSolarPower
16487,Marshy;VEE_MoreSolarPower
16488,Marshy;VEE_FloodPlains;VEE_MoreSolarPower
16489,Fish_Increased;VEE_FloodPlains;VEE_MoreSolarPower
16490,Marshy;Fish_Increased;VEE_MoreSolarPower;RiverIsland
16491,Marshy;Fish_Increased;VEE_MoreSolarPower;River
16492,Marshy;AncientRuins;VEE_MoreSolarPower
16493,VEE_SaltPlains;DryGround;SunnyMutator;VEE_MoreSolarPower
16494,MineralRich;Fish_Increased;VEE_FloodPlains;VEE_MoreSolarPower
16495,Marshy;Fish_Increased;VEE_MoreSolarPower;River
16496,VEE_SaltPlains;DryGround;SunnyMutator;AncientUplink;Junkyard;VEE_DryRiver;VEE_MoreSolarPower
16497,Dunes;DryGround;Stockpile;SunnyMutator;AnimalLife_Decreased;VEE_MoreSolarPower
16498,Dunes;DryGround;VEE_MoreSolarPower
16499,VEE_SaltPlains;DryGround;VEE_MoreSolarPower
16500,VEE_MineralDevoid;VEE_DeepOreDevoid;Dunes;VEE_MoreSolarPower
16501,Dunes;Junkyard;VEE_MoreSolarPower
16502,Dunes;SunnyMutator;VEE_MoreSolarPower
16503,VEE_MineralDevoid;VEE_DeepOreDevoid;Dunes;VEE_MoreSolarPower;WildTattooinePlants
16504,Dunes;VEE_MoreSolarPower;WildTattooinePlants
16505,Dunes;VEE_MoreSolarPower;WildTattooinePlants
16506,VEE_MineralDevoid;VEE_DeepOreDevoid;Dunes;VEE_MoreSolarPower
16507,Dunes;VEE_MoreSolarPower
16508,Dunes;VEE_MoreSolarPower;WildTattooinePlants
16509,VEE_MineralDevoid;VEE_DeepOreDevoid;Dunes;VEE_MoreSolarPower;WildTattooinePlants
16510,Dunes;VEE_MoreSolarPower;WildTattooinePlants
16511,Dunes;VEE_MoreSolarPower;WildTattooinePlants
16512,VEE_MineralDevoid;VEE_DeepOreDevoid;Dunes;VEE_MoreSolarPower;WildTattooinePlants
16513,VEE_MoreSolarPower;WildTattooinePlants
16514,VEE_MoreSolarPower;WildTattooinePlants
16515,VEE_MoreSolarPower;WildTattooinePlants
16516,VEE_MoreSolarPower;WildTattooinePlants
16517,VEE_MoreSolarPower
16518,VEE_MoreSolarPower
16519,VEE_MoreSolarPower
16520,VEE_MoreSolarPower
16521,VEE_MoreSolarPower
16522,VEE_MoreSolarPower
16523,VEE_MoreSolarPower
16524,VEE_MoreSolarPower
16525,VEE_MoreSolarPower
16526,Dunes;VEE_MoreSolarPower
16527,Dunes;VEE_MoreSolarPower;WildTattooinePlants
16528,VEE_MineralDevoid;VEE_DeepOreDevoid;Dunes;VEE_MoreSolarPower
16529,Dunes;VEE_MoreSolarPower
16530,Dunes;VEE_MoreSolarPower;WildTattooinePlants
16531,VEE_MineralDevoid;VEE_DeepOreDevoid;Dunes;VEE_MoreSolarPower;WildTattooinePlants
16532,Dunes;VEE_MoreSolarPower;WildTattooinePlants
16533,Dunes;VEE_MoreSolarPower;WildTattooinePlants
16534,VEE_MineralDevoid;VEE_DeepOreDevoid;Dunes;VEE_MoreSolarPower;WildTattooinePlants
16535,Dunes;VEE_MoreSolarPower;WildTattooinePlants
16536,Dunes;VEE_MoreSolarPower;WildTattooinePlants
16537,VEE_MineralDevoid;VEE_DeepOreDevoid;Dunes;VEE_MoreSolarPower;WildTattooinePlants
16538,Dunes;VEE_MoreSolarPower;WildTattooinePlants
16539,Dunes;VEE_MoreSolarPower;WildTattooinePlants
16540,VEE_MineralDevoid;VEE_DeepOreDevoid;Dunes;VEE_MoreSolarPower;WildTattooinePlants
16541,Dunes;VEE_MoreSolarPower;WildTattooinePlants
16542,Dunes;VEE_MoreSolarPower;WildTattooinePlants
16543,VEE_MineralDevoid;VEE_DeepOreDevoid;Dunes;VEE_MoreSolarPower;WildTattooinePlants
16544,VEE_MoreSolarPower;WildTattooinePlants
16545,VEE_MoreSolarPower;WildTattooinePlants
16546,Dunes;VEE_MoreSolarPower;WildTattooinePlants
16547,Dunes;VEE_MoreSolarPower;WildTattooinePlants
16548,VEE_MoreSolarPower;WildTattooinePlants
16549,VEE_MoreSolarPower;WildTattooinePlants
16550,VEE_MineralDevoid;VEE_DeepOreDevoid;Dunes;VEE_MoreSolarPower;WildTattooinePlants
16551,VEE_MoreSolarPower;WildTattooinePlants
16552,VEE_MoreSolarPower;WildTattooinePlants
16553,Dunes;VEE_MoreSolarPower;WildTattooinePlants
16554,Dunes;VEE_MoreSolarPower;WildTattooinePlants
16555,VEE_MineralDevoid;VEE_DeepOreDevoid;Dunes;VEE_MoreSolarPower;WildTattooinePlants
16556,VEE_MoreSolarPower;WildTattooinePlants
16557,Dunes;VEE_MoreSolarPower;WildTattooinePlants
16558,Dunes;VEE_MoreSolarPower;WildTattooinePlants
16559,VEE_MoreSolarPower;WildTattooinePlants
16560,VEE_MineralDevoid;VEE_DeepOreDevoid;Dunes;VEE_MoreSolarPower;WildTattooinePlants
16561,Dunes;VEE_MoreSolarPower;WildTattooinePlants
16562,VEE_MoreSolarPower;WildTattooinePlants
16563,VEE_MoreSolarPower;WildTattooinePlants
16564,VEE_MoreSolarPower;WildTattooinePlants
16565,VEE_MoreSolarPower;WildTattooinePlants
16566,Dunes;VEE_MoreSolarPower;WildTattooinePlants
16567,VEE_MineralDevoid;VEE_DeepOreDevoid;Dunes;VEE_MoreSolarPower;WildTattooinePlants
16568,VEE_MoreSolarPower;WildTattooinePlants
16569,VEE_MoreSolarPower;WildTattooinePlants
16570,VEE_MoreSolarPower;WildTattooinePlants
16571,VEE_PebbleDunes;VEE_PebbleDunes;VEE_MoreSolarPower;WildTattooinePlants
16572,VEE_MoreSolarPower;WildTattooinePlants
16573,VEE_MoreSolarPower;WildTattooinePlants
16574,Dunes;VEE_MoreSolarPower;WildTattooinePlants
16575,VEE_MineralDevoid;VEE_DeepOreDevoid;Dunes;VEE_MoreSolarPower;WildTattooinePlants
16576,Dunes;VEE_MoreSolarPower;WildTattooinePlants
16577,VEE_MoreSolarPower;WildTattooinePlants
16578,VEE_MoreSolarPower;WildTattooinePlants
16579,VEE_MoreSolarPower;WildTattooinePlants
16580,Dunes;VEE_MoreSolarPower
16581,VEE_MineralDevoid;VEE_DeepOreDevoid;Dunes;VEE_MoreSolarPower
16582,Dunes;VEE_MoreSolarPower
16583,Dunes;VEE_MoreSolarPower
16584,VEE_MineralDevoid;VEE_DeepOreDevoid;Dunes;VEE_MoreSolarPower
16585,Dunes;VEE_MoreSolarPower
16586,Dunes;VEE_MoreSolarPower
16587,VEE_MineralDevoid;VEE_DeepOreDevoid;Dunes;VEE_MoreSolarPower
16588,Dunes;VEE_MoreSolarPower
16589,Dunes;VEE_MoreSolarPower;WildTattooinePlants
16590,VEE_MineralDevoid;VEE_DeepOreDevoid;Dunes;VEE_MoreSolarPower;WildTattooinePlants
16591,Dunes;VEE_MoreSolarPower;WildTattooinePlants
16592,VEE_MoreSolarPower
16593,VEE_MoreSolarPower
16594,VEE_MoreSolarPower
16595,VEE_MoreSolarPower
16596,VEE_MoreSolarPower
16597,Dunes;VEE_MoreSolarPower
16598,VEE_MoreSolarPower
16599,VEE_MoreSolarPower
16600,VEE_MoreSolarPower
16601,VEE_MoreSolarPower
16602,VEE_MineralDevoid;VEE_DeepOreDevoid;Dunes;VEE_MoreSolarPower
16603,Dunes;VEE_MoreSolarPower
16604,VEE_MoreSolarPower
16605,VEE_MoreSolarPower
16606,VEE_MoreSolarPower
16607,VEE_MoreSolarPower
16608,Dunes;VEE_MoreSolarPower
16609,VEE_MoreSolarPower
16610,VEE_MineralDevoid;VEE_DeepOreDevoid;Dunes;VEE_MoreSolarPower
16611,VEE_MoreSolarPower
16612,VEE_MoreSolarPower
16613,VEE_MoreSolarPower
16614,Dunes;VEE_MoreSolarPower
16615,Dunes;VEE_MoreSolarPower
16616,Mountain;VEE_MoreSolarPower
16617,Mountain;VEE_MoreSolarPower;WildTattooinePlants
16618,Mountain;VEE_MoreSolarPower;WildTattooinePlants
16619,Mountain;Oasis;VEE_MoreSolarPower;WildTattooinePlants
16620,Mountain;Caves;MineralRich;VEE_MoreSolarPower;WildTattooinePlants
16621,Mountain;MineralRich;VEE_MoreSolarPower
16622,VEE_MoreSolarPower
16623,VEE_MineralDevoid;VEE_DeepOreDevoid;Dunes;VEE_MoreSolarPower
16624,VEE_MoreSolarPower
16625,Dunes;VEE_MoreSolarPower;WildTattooinePlants
16626,Dunes;VEE_MoreSolarPower;WildTattooinePlants
16627,VEE_MineralDevoid;VEE_DeepOreDevoid;Dunes;VEE_MoreSolarPower;WildTattooinePlants
16628,Dunes;VEE_MoreSolarPower
16629,Dunes;SunnyMutator;AnimalLife_Decreased;VEE_MoreSolarPower
16630,VEE_MineralDevoid;VEE_DeepOreDevoid;Dunes;VEE_MoreSolarPower
16631,Dunes;VEE_MoreSolarPower;WildTattooinePlants
16632,VEE_MoreSolarPower
16633,VEE_MoreSolarPower;WildTattooinePlants
16634,Pond;Fish_Increased;VEE_MoreSolarPower;River
16635,VEE_MoreSolarPower
16636,Dunes;VEE_DryRiver;VEE_MoreSolarPower;WildTattooinePlants
16637,VEE_MoreSolarPower
16638,VEE_MoreSolarPower
16639,VEE_MoreSolarPower
16640,Mountain;MineralRich;AnimalLife_Increased;VEE_MoreSolarPower
16641,Mountain;CaveLakes;MineralRich;VEE_DeepOreRich;VEE_MoreSolarPower;River
16642,MineralRich;VEE_DeepOreRich;VEE_RedDesert;VEE_RedDesertPlants;VEE_Sandstorms;VEE_MoreSolarPower
16643,Mountain;MineralRich;VEE_DeepOreRich;VEE_MoreSolarPower
16644,MineralRich;VEE_DeepOreRich;VEE_MoreSolarPower
16645,Mountain;MineralRich;VEE_DeepOreRich;VEE_MoreSolarPower
16646,Mountain;MineralRich;VEE_MoreSolarPower
16647,Mountain;Caves;VEE_MoreSolarPower
16648,Mountain;VEE_MoreSolarPower
16649,Mountain;VEE_MoreSolarPower;WildTattooinePlants
16650,Mountain;Caves;VEE_MoreSolarPower;WildTattooinePlants
16651,VEE_MoreSolarPower;WildTattooinePlants
16652,VEE_MineralDevoid;VEE_DeepOreDevoid;Dunes;VEE_MoreSolarPower;WildTattooinePlants
16653,Dunes;VEE_MoreSolarPower;WildTattooinePlants
16654,Dunes;VEE_MoreSolarPower;WildTattooinePlants
16655,VEE_MineralDevoid;VEE_DeepOreDevoid;Dunes;VEE_MoreSolarPower;WildTattooinePlants
16656,Dunes;VEE_MoreSolarPower;WildTattooinePlants
16657,Dunes;VEE_MoreSolarPower;WildTattooinePlants
16658,VEE_MineralDevoid;VEE_DeepOreDevoid;Dunes;VEE_MoreSolarPower;WildTattooinePlants
16659,Dunes;VEE_MoreSolarPower;WildTattooinePlants
16660,Dunes;VEE_MoreSolarPower;WildTattooinePlants
16661,VEE_MineralDevoid;VEE_DeepOreDevoid;Dunes;VEE_MoreSolarPower
16662,Dunes;VEE_MoreSolarPower
16663,Dunes;VEE_MoreSolarPower
16664,VEE_MineralDevoid;VEE_DeepOreDevoid;Dunes;VEE_MoreSolarPower
16665,Dunes;VEE_MoreSolarPower
16666,VEE_MoreSolarPower
16667,VEE_MoreSolarPower
16668,VEE_MoreSolarPower
16669,Dunes;VEE_MoreSolarPower
16670,VEE_MoreSolarPower
16671,VEE_MoreSolarPower;WildTattooinePlants
16672,VEE_MoreSolarPower
16673,VEE_MoreSolarPower
16674,VEE_MineralDevoid;VEE_DeepOreDevoid;Dunes;VEE_MoreSolarPower;WildTattooinePlants
16675,VEE_MoreSolarPower;WildTattooinePlants
16676,VEE_MoreSolarPower;WildTattooinePlants
16677,VEE_MoreSolarPower;WildTattooinePlants
16678,VEE_MoreSolarPower;WildTattooinePlants
16679,VEE_MoreSolarPower;WildTattooinePlants
16680,Dunes;VEE_MoreSolarPower;WildTattooinePlants
16681,VEE_MoreSolarPower;WildTattooinePlants
16682,VEE_MoreSolarPower;WildTattooinePlants
16683,VEE_MoreSolarPower;WildTattooinePlants
16684,VEE_MoreSolarPower;WildTattooinePlants
16685,VEE_MoreSolarPower;WildTattooinePlants
16686,VEE_MoreSolarPower;WildTattooinePlants
16687,VEE_MoreSolarPower;WildTattooinePlants
16688,VEE_MoreSolarPower;WildTattooinePlants
16689,VEE_MoreSolarPower;WildTattooinePlants
16690,DryLake;VEE_MoreSolarPower;WildTattooinePlants
16691,VEE_MoreSolarPower;WildTattooinePlants
16692,VEE_MoreSolarPower;WildTattooinePlants
16693,VEE_MoreSolarPower;WildTattooinePlants
16694,VEE_MoreSolarPower
16695,AnimalLife_Increased;VEE_MoreSolarPower
16696,VEE_MoreSolarPower;WildTattooinePlants
16697,VEE_MoreSolarPower
16698,VEE_MoreSolarPower
16699,Marshy;VEE_MoreSolarPower
16700,VEE_MoreSolarPower;WildTattooinePlants
16701,VEE_MoreSolarPower;WildTattooinePlants
16702,VEE_MoreSolarPower;WildTattooinePlants
16703,VEE_MoreSolarPower;WildTattooinePlants
16704,VEE_MoreSolarPower;WildTattooinePlants
16705,VEE_MoreSolarPower;WildTattooinePlants
16706,VEE_MoreSolarPower;WildTattooinePlants
16707,VEE_DryRiver;VEE_MoreSolarPower;WildTattooinePlants
16708,VEE_MoreSolarPower;WildTattooinePlants
16709,VEE_MoreSolarPower;WildTattooinePlants
16710,VEE_MoreSolarPower;WildTattooinePlants
16711,VEE_MoreSolarPower;WildTattooinePlants
16712,VEE_MoreSolarPower
16713,VEE_MoreSolarPower
16714,VEE_MoreSolarPower
16715,VEE_MoreSolarPower
16716,AnimalLife_Increased;AncientRuins;VEE_MoreSolarPower
16717,VEE_MoreSolarPower
16718,Marshy;VEE_MoreSolarPower
16719,AnimalLife_Increased;VEE_MoreSolarPower
16720,VEE_MoreSolarPower
16721,VEE_MoreSolarPower
16722,Fish_Increased;VEE_MoreSolarPower;River
16723,Fish_Increased;VEE_MoreSolarPower;River
16724,VEE_MoreSolarPower
16725,Marshy;VEE_MoreSolarPower
16726,AnimalLife_Increased;VEE_DryRiver;VEE_MoreSolarPower;WildTattooinePlants
16727,VEE_StagnantRivulet;Fish_Increased;VEE_MoreSolarPower;River
16728,AnimalLife_Increased;VEE_MoreSolarPower
16729,VEE_MoreSolarPower
16730,VEE_MoreSolarPower
16731,VEE_MoreSolarPower
16732,VEE_MoreSolarPower
16733,VEE_MoreSolarPower
16734,VEE_MoreSolarPower
16735,VEE_MoreSolarPower
16736,VEE_MoreSolarPower
16737,VEE_RottenStench;VEE_SulfuricLake;PlantLife_Increased;VEE_RottenStench;VEE_MoreSolarPower
16738,AB_AmbientRadiation;AB_DerelictClusters;VEE_MoreSolarPower
16739,VEE_MoreSolarPower
16740,AncientHeatVent;AncientRuins;VEE_MoreSolarPower
16741,AB_AmbientRadiation;AB_DerelictClusters;Junkyard;VEE_MoreSolarPower
16742,VEE_MoreSolarPower
16743,VEE_MoreSolarPower
16744,AB_DerelictClusters;MineralRich;VEE_SulfuricLake;VEE_MoreSolarPower
16745,VEE_MoreSolarPower
16746,VEE_MoreSolarPower
16747,VEE_MoreSolarPower
16748,VEE_MoreSolarPower;WildTattooinePlants
16749,VEE_MoreSolarPower;WildTattooinePlants
16750,Dunes;VEE_MoreSolarPower;WildTattooinePlants
16751,VEE_MineralDevoid;VEE_DeepOreDevoid;Dunes;VEE_MoreSolarPower;WildTattooinePlants
16752,Dunes;VEE_MoreSolarPower;WildTattooinePlants
16753,VEE_MoreSolarPower;WildTattooinePlants
16754,VEE_MoreSolarPower;WildTattooinePlants
16755,VEE_SaltPlains;VEE_MoreSolarPower;WildTattooinePlants
16756,VEE_MoreSolarPower;WildTattooinePlants
16757,VEE_MoreSolarPower;WildTattooinePlants
16758,Dunes;VEE_MoreSolarPower;WildTattooinePlants
16759,VEE_MoreSolarPower;WildTattooinePlants
16760,VEE_MineralDevoid;VEE_DeepOreDevoid;Dunes;VEE_MoreSolarPower
16761,Dunes;VEE_MoreSolarPower
16762,Dunes;VEE_MoreSolarPower;WildTattooinePlants
16763,VEE_MineralDevoid;VEE_DeepOreDevoid;Dunes;VEE_MoreSolarPower;WildTattooinePlants
16764,Dunes;VEE_MoreSolarPower;WildTattooinePlants
16765,Dunes;VEE_MoreSolarPower
16766,VEE_MineralDevoid;VEE_DeepOreDevoid;Dunes;VEE_MoreSolarPower
16767,Dunes;VEE_MoreSolarPower
16768,Dunes;VEE_MoreSolarPower
16769,VEE_MineralDevoid;VEE_DeepOreDevoid;Dunes;VEE_MoreSolarPower
16770,Dunes;VEE_MoreSolarPower
16771,Dunes;VEE_MoreSolarPower
16772,VEE_MineralDevoid;VEE_DeepOreDevoid;Dunes;VEE_MoreSolarPower
16773,Dunes;VEE_MoreSolarPower
16774,Dunes;VEE_MoreSolarPower
16775,VEE_MineralDevoid;VEE_DeepOreDevoid;Dunes;VEE_MoreSolarPower
16776,Dunes;VEE_MoreSolarPower
16777,Dunes;VEE_MoreSolarPower
16778,VEE_MineralDevoid;VEE_DeepOreDevoid;Dunes;VEE_MoreSolarPower
16779,Dunes;VEE_MoreSolarPower
16780,Dunes;VEE_MoreSolarPower
16781,VEE_MineralDevoid;VEE_DeepOreDevoid;Dunes;VEE_MoreSolarPower
16782,Dunes;VEE_MoreSolarPower
16783,Dunes;VEE_MoreSolarPower
16784,VEE_MineralDevoid;VEE_DeepOreDevoid;Dunes;VEE_MoreSolarPower
16785,Dunes;VEE_MoreSolarPower
16786,Dunes;VEE_MoreSolarPower
16787,VEE_MineralDevoid;VEE_DeepOreDevoid;Dunes;VEE_MoreSolarPower
16788,Dunes;VEE_MoreSolarPower
16789,Dunes;VEE_MoreSolarPower
16790,VEE_MineralDevoid;VEE_DeepOreDevoid;Dunes;VEE_MoreSolarPower
16791,Dunes;VEE_MoreSolarPower
16792,Dunes;VEE_MoreSolarPower
16793,VEE_MineralDevoid;VEE_DeepOreDevoid;Dunes;VEE_MoreSolarPower
16794,Dunes;VEE_MoreSolarPower
16795,Dunes;VEE_MoreSolarPower
16796,VEE_MineralDevoid;VEE_DeepOreDevoid;Dunes;VEE_MoreSolarPower;WildTattooinePlants
16797,Dunes;VEE_MoreSolarPower;WildTattooinePlants
16798,Dunes;VEE_MoreSolarPower;WildTattooinePlants
16799,VEE_MineralDevoid;VEE_DeepOreDevoid;Dunes;VEE_MoreSolarPower;WildTattooinePlants
16800,Dunes;VEE_MoreSolarPower;WildTattooinePlants
16801,Dunes;VEE_MoreSolarPower;WildTattooinePlants
16802,VEE_MineralDevoid;VEE_DeepOreDevoid;Dunes;VEE_MoreSolarPower;WildTattooinePlants
16803,Dunes;VEE_MoreSolarPower;WildTattooinePlants
16804,Dunes;VEE_MoreSolarPower;WildTattooinePlants
16805,VEE_MoreSolarPower;WildTattooinePlants
16806,VEE_MoreSolarPower;WildTattooinePlants
16807,VEE_MineralDevoid;VEE_DeepOreDevoid;Dunes;VEE_MoreSolarPower;WildTattooinePlants
16808,Dunes;VEE_MoreSolarPower;WildTattooinePlants
16809,Dunes;VEE_MoreSolarPower
16810,VEE_MineralDevoid;VEE_DeepOreDevoid;Dunes;VEE_MoreSolarPower;WildTattooinePlants
16811,Dunes;VEE_MoreSolarPower;WildTattooinePlants
16812,Dunes;VEE_MoreSolarPower
16813,VEE_MineralDevoid;VEE_DeepOreDevoid;Dunes;VEE_MoreSolarPower
16814,Dunes;VEE_MoreSolarPower
16815,Dunes;VEE_MoreSolarPower
16816,VEE_MineralDevoid;VEE_DeepOreDevoid;Dunes;VEE_MoreSolarPower
16817,Dunes;VEE_MoreSolarPower
16818,Dunes;VEE_MoreSolarPower
16819,VEE_MineralDevoid;VEE_DeepOreDevoid;Dunes;VEE_MoreSolarPower
16820,Dunes;VEE_MoreSolarPower;WildTattooinePlants
16821,Dunes;VEE_MoreSolarPower;WildTattooinePlants
16822,VEE_MineralDevoid;VEE_DeepOreDevoid;Dunes;VEE_MoreSolarPower;WildTattooinePlants
16823,Dunes;VEE_MoreSolarPower;WildTattooinePlants
16824,Dunes;VEE_MoreSolarPower;WildTattooinePlants
16825,VEE_MineralDevoid;VEE_DeepOreDevoid;Dunes;VEE_MoreSolarPower;WildTattooinePlants
16826,Dunes;VEE_MoreSolarPower;WildTattooinePlants
16827,Dunes;VEE_MoreSolarPower;WildTattooinePlants
16828,VEE_MineralDevoid;VEE_DeepOreDevoid;Dunes;VEE_MoreSolarPower
16829,Dunes;VEE_MoreSolarPower
16830,Dunes;VEE_MoreSolarPower;WildTattooinePlants
16831,VEE_MineralDevoid;VEE_DeepOreDevoid;Dunes;VEE_MoreSolarPower
16832,VEE_MoreSolarPower
16833,VEE_MoreSolarPower
16834,Dunes;VEE_MoreSolarPower
16835,VEE_MoreSolarPower
16836,VEE_MoreSolarPower
16837,Mountain;VEE_MoreSolarPower
16838,VEE_MoreSolarPower
16839,Mountain;VEE_MoreSolarPower
16840,VEE_MoreSolarPower
16841,Mountain;VEE_MoreSolarPower
16842,Mountain;VEE_MoreSolarPower
16843,Mountain;VEE_MoreSolarPower
16844,Mountain;VEE_MoreSolarPower
16845,Mountain;VEE_DustBowl;VEE_PlantLife_Decimated;VEE_DustStorms;VEE_MoreSolarPower
16846,VEE_MoreSolarPower
16847,Mountain;VEE_MoreSolarPower;VEE_DryRiver
16848,Mountain;VEE_MoreSolarPower
16849,Mountain;VEE_MoreSolarPower
16850,Cliffs;VEE_DeepOreRich;MineralRich;VEE_MoreSolarPower
16851,Cliffs;MineralRich;VEE_MoreSolarPower
16852,Cliffs;VEE_DeepOreRich;MineralRich;VEE_MoreSolarPower
16853,Mountain;MineralRich;VEE_DeepOreRich;VEE_MoreSolarPower
16854,Cavern;AncientQuarry;AncientQuarry;MineralRich;VEE_MoreSolarPower
16855,VEE_MoreSolarPower
16856,VEE_MoreSolarPower
16857,VEE_MoreSolarPower
16858,VEE_MineralDevoid;VEE_DeepOreDevoid;Dunes;VEE_MoreSolarPower
16859,Dunes;VEE_MoreSolarPower
16860,VEE_MoreSolarPower
16861,VEE_MoreSolarPower
16862,VEE_MoreSolarPower
16863,DryLake;VEE_MoreSolarPower
16864,VEE_MoreSolarPower
16865,VEE_MoreSolarPower
16866,VEE_MoreSolarPower
16867,VEE_MoreSolarPower
16868,Mountain
16869,Cliffs
16870,Cliffs;MineralRich;VEE_DeepOreRich;AnimalLife_Increased
16871,Cliffs;VEE_DeepOreRich;MineralRich
16872,Mountain;Caves;MineralRich;VEE_DeepOreRich
16873,Mountain;AncientQuarry;MineralRich
16874,Mountain;AncientQuarry;MineralRich;AncientRuins
16875,Mountain;Caves;MineralRich
16876,Mountain;AncientQuarry;MineralRich;VEE_DeepOreRich;AncientWarehouse
16877,Mountain;MineralRich
16878,Mountain;Caves;MineralRich;VEE_DeepOreRich;AncientChemfuelRefinery
16879,Mountain;AncientQuarry;MineralRich;VEE_DeepOreRich;AncientRuins
16880,AnimalLife_Increased;MineralRich;AncientGarrison
16881,Caves;MineralRich;VEE_DeepOreRich;AncientWarehouse
16882,Fish_Increased;VEE_FloodPlains;MineralRich;VEE_DeepOreRich;AncientRuins;Junkyard
16883,Fish_Increased;MineralRich;VEE_DeepOreRich;AncientChemfuelRefinery;River
16884,VEE_DeepOreDevoid;Dunes;Fish_Increased;VEE_FloodPlains;MineralRich;AncientRuins;Junkyard
16885,Dunes;VEE_FloodPlains;MineralRich
16886,Dunes;VEE_FloodPlains;AncientWarehouse;VEE_MineralDevoid;VEE_DeepOreDevoid;VEE_RisingWaters
16887,VEE_MineralDevoid;VEE_DeepOreDevoid;VEE_AlluvialFan;Coast
16888,VEE_FloodPlains;CoastalIsland
16889,AnimalHabitat;Fish_Increased
16891,AnimalHabitat;Fish_Increased
16892,AnimalHabitat;Fish_Increased
16893,Fish_Increased;AnimalLife_Increased;River
16894,Junkyard;Stockpile;VEE_MineralDevoid;VEE_DeepOreDevoid;CoastalIsland
16895,CoastalIsland
16896,AnimalHabitat;Fish_Increased
16897,AnimalHabitat;Fish_Increased;AnimalLife_Increased;River
16898,VEE_SerpentineCanyons;Fish_Increased;River;Coast
16899,Cliffs;VEE_DryRiver
16900,Cliffs;VEE_DryRiver
16901,Cliffs;River
16902,Mountain;Fish_Increased;AncientRuins;VEE_MineralDevoid;VEE_DeepOreDevoid;AnimalLife_Increased;RiverDelta;Coast
16903,Cliffs;River
16904,Mountain
16905,Mountain;Caves
16906,Cliffs;AnimalLife_Increased
16907,Mountain;VEE_DryRiver
16908,Mountain;Caves;Coast
16909,VEE_MineralDevoid;VEE_DeepOreDevoid;Archipelago
16910,Chasm
16912,Mountain
16913,Mountain
16914,Mountain
16917,AnimalHabitat;Fish_Increased
16920,AnimalHabitat;Fish_Increased
16922,Junkyard;Stockpile;VEE_MineralDevoid;VEE_DeepOreDevoid;VEE_RisingWaters
16923,Chasm
16924,VEE_MineralDevoid;VEE_DeepOreDevoid
16928,Mountain
16929,Mountain
16930,Mountain
16931,Mountain
16932,Mountain
16933,Mountain
16940,VEE_MoreSolarPower
16941,VEE_MoreSolarPower
16942,VEE_MineralDevoid;VEE_DeepOreDevoid;Dunes;VEE_MoreSolarPower
16943,VEE_QuicksandDunes;VEE_QuicksandDunes;VEE_MoreSolarPower
16944,VEE_MoreSolarPower
16945,Dunes;Dunes;VEE_MoreSolarPower
16946,Mountain
16947,Mountain
16948,VEE_MoreSolarPower
16950,MineralRich
16951,Mountain;AncientQuarry;MineralRich;AncientRuins
16952,Mountain
16953,Cliffs;VEE_DryRiver
16954,Valley
16955,Mountain;MineralRich
16956,Cliffs;AncientQuarry;AnimalLife_Increased;MineralRich;AncientRuins
16957,Mountain;CaveLakes;Headwater
16961,Mountain
16962,Mountain
16964,VEE_MoreSolarPower
16965,VEE_MoreSolarPower
16966,VEE_MoreSolarPower
16967,VEE_MoreSolarPower
16968,VEE_MoreSolarPower
16969,MineralRich;VEE_MoreSolarPower
16970,MineralRich;VEE_MoreSolarPower
16971,Mountain;MineralRich;VEE_DeepOreRich;VEE_MoreSolarPower
16972,MineralRich;VEE_DryRiver
16973,MineralRich
16974,Mountain;MineralRich;VEE_DeepOreRich;VEE_MoreSolarPower
16975,MineralRich;VEE_MoreSolarPower
16977,Mountain
16978,Mountain
16980,Mountain
16981,Mountain
16982,Mountain
16983,Mountain;VEE_MoreSolarPower
16988,VEE_MoreSolarPower
16989,VEE_MineralDevoid;VEE_DeepOreDevoid;Dunes;VEE_MoreSolarPower;VEE_DryRiver
16990,Mountain;VEE_MoreSolarPower
16991,Mountain;VEE_MoreSolarPower
16992,Mountain;VEE_MoreSolarPower
16993,VEE_MoreSolarPower
16994,Dunes;VEE_MoreSolarPower;VEE_DryRiver
16995,Dunes;VEE_MoreSolarPower;VEE_DryRiver;Junkyard
16996,VEE_MineralDevoid;VEE_DeepOreDevoid;Dunes;VEE_MoreSolarPower;VEE_DryRiver
16997,Dunes;VEE_MoreSolarPower
16998,Dunes;VEE_MoreSolarPower
16999,VEE_MineralDevoid;VEE_DeepOreDevoid;Dunes;VEE_MoreSolarPower;VEE_DryRiver;VEE_SaltPlains
17001,Oasis
17002,Mountain
17003,Mountain
17004,Mountain
17007,Dunes;VEE_MoreSolarPower
17008,Dunes;VEE_MoreSolarPower;VEE_DryRiver
17009,VEE_MoreSolarPower
17011,VEE_MoreSolarPower
17012,Mountain
17015,VEE_MineralDevoid;VEE_DeepOreDevoid
17019,Mountain
17024,Mountain
17027,Mountain
17028,Mountain
17029,Mountain
17030,Mountain
17031,Mountain
17032,Mountain
17033,AncientRuins;VEE_MineralDevoid;VEE_DeepOreDevoid
17035,Mountain
17036,Mountain
17037,Mountain
17038,Mountain
17039,Mountain
17040,Mountain
17041,Mountain
17043,Mountain
17044,Mountain
17045,Mountain
17047,Mountain
17048,VEE_LessSolarPower
17049,VEE_LessSolarPower
17050,VEE_LessSolarPower
17051,VEE_LessSolarPower
17052,ToxicLake;VEE_LessSolarPower
17053,VEE_LessSolarPower
17054,VEE_LessSolarPower
17055,VEE_MineralDevoid;VEE_DeepOreDevoid;VEE_LessSolarPower
17056,VEE_LessSolarPower
17057,VEE_LessSolarPower
17058,VEE_LessSolarPower
17059,VEE_LessSolarPower
17060,VEE_LessSolarPower
17061,VEE_MineralDevoid;VEE_DeepOreDevoid;VEE_LessSolarPower
17062,VEE_LessSolarPower
17063,VEE_LessSolarPower
17064,VEE_LessSolarPower
17065,VEE_LessSolarPower
17066,VEE_LessSolarPower
17067,VEE_MineralDevoid;VEE_DeepOreDevoid;VEE_LessSolarPower
17068,VEE_LessSolarPower
17069,VEE_LessSolarPower
17070,VEE_LessSolarPower
17071,VEE_LessSolarPower
17072,VEE_LessSolarPower
17073,VEE_LessSolarPower
17074,VEE_LessSolarPower
17075,VEE_LessSolarPower
17076,Caves;VEE_LessSolarPower
17077,Caves;VEE_LessSolarPower
17078,Caves;VEE_LessSolarPower
17079,VEE_LessSolarPower
17080,VEE_LessSolarPower
17081,VEE_LessSolarPower
17082,VEE_LessSolarPower
17083,VEE_LessSolarPower
17085,TerraformingScar;VEE_LessSolarPower
17096,VEE_LessSolarPower
17097,VEE_LessSolarPower
17098,VEE_LessSolarPower
17099,VEE_LessSolarPower
17100,VEE_LessSolarPower
17101,VEE_LessSolarPower
17102,VEE_LessSolarPower
17103,VEE_LessSolarPower
17104,VEE_LessSolarPower
17105,VEE_MineralDevoid;VEE_DeepOreDevoid;VEE_LessSolarPower
17106,AncientChemfuelRefinery;VEE_LessSolarPower
17107,VEE_LessSolarPower
17115,VEE_LessSolarPower
17116,VEE_LessSolarPower
17117,VEE_LessSolarPower
17119,VEE_MineralDevoid;VEE_DeepOreDevoid;VEE_LessSolarPower
17120,Caves;VEE_LessSolarPower
17121,VEE_LessSolarPower
17122,VEE_LessSolarPower
17123,VEE_LessSolarPower
17124,VEE_LessSolarPower
17125,Caves;VEE_LessSolarPower
17128,VEE_MineralDevoid;VEE_DeepOreDevoid;VEE_LessSolarPower
17132,Caves
17133,Caves
17136,Caves
17137,Caves
17140,Caves
17141,Caves
17142,Caves
17143,Caves
17144,VEE_LessSolarPower
17145,VEE_LessSolarPower
17146,VEE_LessSolarPower
17147,Caves;VEE_LessSolarPower
17148,VEE_LessSolarPower
17149,VEE_LessSolarPower
17150,VEE_LessSolarPower
17151,VEE_LessSolarPower
17154,VEE_LessSolarPower
17155,VEE_LessSolarPower
17159,DryLake
17163,VEE_MineralDevoid;VEE_DeepOreDevoid
17166,VEE_MineralDevoid;VEE_DeepOreDevoid
17171,TerraformingScar
17176,VEE_MineralDevoid;VEE_DeepOreDevoid
17182,Mountain
17183,Mountain
17184,Mountain
17185,Chasm
17186,Mountain
17190,Mountain
17191,Mountain
17192,Oasis
17193,Oasis
17194,Oasis
17195,Mountain;Oasis
17196,Mountain;Oasis
17197,Mountain;Oasis
17198,Mountain;Oasis
17199,Oasis
17200,Mountain;Oasis
17202,Oasis
17203,Oasis
17204,Mountain;Oasis
17205,Mountain;Oasis
17206,Mountain;Bay
17207,Mountain
17208,Oasis;VEE_LoneIsland
17209,Mountain;WindyMutator;Oasis;Coast
17210,Mountain;Oasis;SunnyMutator;Coast
17211,Mountain;Oasis;Bay
17212,Fish_Increased;VEE_MarineSanctuary
17214,Fish_Increased;VEE_MarineSanctuary
17215,Oasis;Archipelago
17216,Mountain;Oasis
17217,Mountain
17219,Mountain
17220,Mountain
17221,Mountain
17223,Oasis
17224,Oasis
17225,Oasis
17229,Caves;VEE_DeepOreRich;MineralRich
17230,Caves
17231,MineralRich;VEE_DeepOreRich
17232,Mountain;Oasis;AncientRuins;AncientRuins
17233,Oasis
17234,AncientRuins
17235,Caves
17236,MineralRich;VEE_DeepOreRich;AnimalLife_Increased
17237,Mountain;CaveLakes;VEE_DryRiver;Headwater
17238,VEE_SerpentineCanyons;River
17239,Cliffs
17240,Oasis
17241,Oasis
17242,Oasis
17243,Oasis
17244,Oasis
17245,Oasis
17246,Oasis
17247,Oasis
17248,Oasis
17249,Oasis
17251,Oasis
17252,Mountain
17253,Mountain
17254,Mountain
17255,Mountain
17256,Mountain
17257,Mountain;AncientRuins;AncientRuins
17260,Caves
17261,Mountain
17263,Mountain
17266,Mountain;AbandonedColonyTribal;AbandonedColonyTribal
17267,Mountain
17268,Mountain
17269,Mountain
17270,Oasis
17271,VEE_MoreSolarPower
17274,Oasis
17276,Mountain;AbandonedColonyTribal;AbandonedColonyTribal
17278,Mountain
17279,Mountain
17280,Mountain
17283,Oasis;VEE_MoreSolarPower
17285,Oasis;VEE_MoreSolarPower
17286,Mountain;AnimalLife_Increased;VEE_MoreSolarPower
17287,Mountain;VEE_MoreSolarPower
17288,Mountain;AnimalLife_Increased;VEE_MoreSolarPower
17289,Mountain;VEE_MoreSolarPower
17290,Mountain;AnimalLife_Increased;VEE_MoreSolarPower
17291,Mountain;CaveLakes;VEE_MoreSolarPower;Headwater
17292,Mountain;HotSprings;AnimalLife_Increased;VEE_MoreSolarPower
17293,Mountain;CaveLakes;VEE_MoreSolarPower;Headwater
17294,Mountain;CaveLakes;VEE_MoreSolarPower;Headwater
17295,VEE_MoreSolarPower;RiverIsland
17296,VEE_MoreSolarPower;RiverIsland
17297,Mountain;VEE_MoreSolarPower
17298,Mountain;AnimalLife_Increased;VEE_MoreSolarPower
17299,VEE_MoreSolarPower
17300,AnimalLife_Increased
17302,Marshy
17304,Fish_Increased
17305,Fish_Increased;VEE_MoreSolarPower;RiverIsland
17306,Fish_Increased;VEE_MoreSolarPower;River
17307,Marshy;VEE_FloodPlains;VEE_MoreSolarPower
17308,Fish_Increased;VEE_MoreSolarPower;River
17309,Oasis;VEE_MoreSolarPower
17310,AnimalLife_Increased;VEE_MoreSolarPower
17311,VEE_FloodPlains;VEE_MoreSolarPower
17313,Mountain
17315,Caves
17318,AncientRuins
17319,Mountain
17320,Mountain;Caves
17321,Mountain
17323,Cavern
17324,VEE_StagnantRivulet;Fish_Increased;VEE_MoreSolarPower;River
17325,VEE_FloodPlains;VEE_MoreSolarPower
17326,VEE_StagnantRivulet;Fish_Increased;VEE_MoreSolarPower;River
17327,Mountain;VEE_MoreSolarPower
17328,VEE_StagnantRivulet;Fish_Increased;VEE_MoreSolarPower;RiverIsland
17329,Fish_Increased;VEE_FloodPlains;VEE_MoreSolarPower
17330,VEE_FloodPlains;VEE_MoreSolarPower
17331,VEE_FloodPlains;VEE_MoreSolarPower
17332,AncientRuins
17334,Fish_Increased;VEE_FloodPlains;VEE_MoreSolarPower
17335,Marshy;VEE_FloodPlains;VEE_MoreSolarPower
17336,Fish_Increased
17337,Fish_Increased
17338,Cliffs;Oasis;VEE_MoreSolarPower
17339,Cliffs;VEE_MoreSolarPower
17340,Cliffs;MineralRich;VEE_DeepOreRich;AnimalLife_Increased;VEE_MoreSolarPower
17341,Fish_Increased
17342,Fish_Increased;AnimalLife_Increased;RiverDelta
17343,Mountain;Fish_Increased;AnimalLife_Increased;VEE_MoreSolarPower;RiverDelta
17344,Fish_Increased
17345,Mountain;Oasis;VEE_MoreSolarPower
17346,Hollow;Oasis;AnimalLife_Increased;VEE_MoreSolarPower
17347,VEE_MoreSolarPower
17348,Fish_Increased
17349,Mountain;VEE_MoreSolarPower
17350,Mountain;AnimalLife_Increased;VEE_MoreSolarPower
17351,Mountain;VEE_MoreSolarPower
17352,Mountain;Oasis;AnimalLife_Increased;VEE_MoreSolarPower
17353,Mountain;VEE_MoreSolarPower
17354,Fish_Increased
17355,Fish_Increased
17356,Fish_Increased
17357,Mountain;VEE_MoreSolarPower
17358,Fish_Increased
17359,Fish_Increased
17360,Fish_Increased
17363,Fish_Increased
17366,VEE_SulfuricLake;Fish_Decreased
17370,Fish_Decreased
17371,ToxicLake;Fish_Decreased
17372,Caves;VEE_LessSolarPower
17373,Caves;VEE_LessSolarPower
17374,VEE_LessSolarPower
17375,Caves;VEE_LessSolarPower
17376,VEE_LessSolarPower
17377,VEE_LessSolarPower
17378,VEE_LessSolarPower
17379,VEE_LessSolarPower
17380,VEE_LessSolarPower
17381,VEE_LessSolarPower
17382,VEE_LessSolarPower
17383,VEE_LessSolarPower
17384,VEE_LessSolarPower
17385,VEE_LessSolarPower
17386,VEE_LessSolarPower
17387,VEE_LessSolarPower
17388,VEE_LessSolarPower
17389,VEE_LessSolarPower
17390,VEE_LessSolarPower
17391,VEE_LessSolarPower
17392,VEE_LessSolarPower
17393,VEE_LessSolarPower
17394,VEE_LessSolarPower
17395,VEE_LessSolarPower
17396,VEE_LessSolarPower
17397,VEE_LessSolarPower
17398,VEE_LessSolarPower
17399,VEE_LessSolarPower
17400,VEE_LessSolarPower
17401,VEE_LessSolarPower
17402,VEE_LessSolarPower
17403,VEE_LessSolarPower
17404,Caves;VEE_LessSolarPower
17405,VEE_LessSolarPower
17406,VEE_LessSolarPower
17407,VEE_LessSolarPower
17409,VEE_LessSolarPower
17420,VEE_LessSolarPower
17421,VEE_LessSolarPower
17422,VEE_LessSolarPower
17423,VEE_LessSolarPower
17424,VEE_LessSolarPower
17425,VEE_LessSolarPower
17426,VEE_LessSolarPower
17427,VEE_LessSolarPower
17428,VEE_LessSolarPower
17429,VEE_LessSolarPower
17430,VEE_LessSolarPower
17431,VEE_LessSolarPower
17434,Caves
17435,Caves
17439,VEE_LessSolarPower
17440,VEE_LessSolarPower
17441,VEE_LessSolarPower
17444,VEE_LessSolarPower
17445,VEE_LessSolarPower
17446,VEE_LessSolarPower
17447,VEE_LessSolarPower
17448,VEE_LessSolarPower
17449,VEE_LessSolarPower
17450,VEE_MeteorCrater
17452,VEE_LessSolarPower
17456,VEE_LessSolarPower
17457,VEE_LessSolarPower
17458,VEE_LessSolarPower
17459,VEE_LessSolarPower
17460,Caves;VEE_LessSolarPower
17461,Caves;AncientWarehouse;VEE_LessSolarPower
17462,Caves;VEE_LessSolarPower
17463,VEE_LessSolarPower
17464,Caves;VEE_LessSolarPower
17465,Caves;VEE_LessSolarPower
17481,WindyMutator
17482,WindyMutator
17484,WindyMutator
17486,WindyMutator
17487,WindyMutator
17489,WindyMutator
17491,WindyMutator
17492,WindyMutator
17494,WindyMutator
17495,Peninsula
17497,Fish_Increased
17499,WindyMutator
17500,WindyMutator
17502,WindyMutator
17504,WindyMutator
17505,WindyMutator
17506,VEE_AlluvialFan;CoastalIsland
17507,CoastalIsland
17509,WindyMutator
17515,WindyMutator
17522,Mountain
17524,Mountain
17525,Mountain
17531,VEE_GravelBeach
17534,Mountain
17535,Mountain;Caves
17537,Caves
17538,Caves
17539,Mountain;Caves
17544,Caves
17545,Mountain;Caves
17546,Caves
17547,Cliffs;Caves
17548,Mountain;Caves
17549,Mountain;Caves
17551,Caves
17552,Caves
17553,Caves
17554,Caves
17555,Caves
17559,Mountain
17562,Mountain
17563,Mountain
17564,Caves
17565,Caves
17566,Caves
17567,Caves
17568,Caves
17569,Caves
17570,Mountain
17571,Cavern
17572,Caves
17573,Caves
17574,Mountain
17575,Mountain
17576,Caves
17577,Caves
17578,Caves
17579,Caves
17580,Caves
17581,Caves
17582,Caves
17583,Caves
17584,Caves
17596,Caves
17599,VEE_LessSolarPower
17602,Caves
17603,Caves
17614,VEE_LessSolarPower
17616,VEE_LessSolarPower
17617,VEE_LessSolarPower
17618,VEE_LessSolarPower
17619,VEE_LessSolarPower
17620,VEE_LessSolarPower
17621,VEE_LessSolarPower
17622,VEE_LessSolarPower
17623,VEE_LessSolarPower
17624,VEE_LessSolarPower
17625,VEE_LessSolarPower
17626,VEE_LessSolarPower
17627,VEE_LessSolarPower
17628,VEE_LessSolarPower
17629,VEE_LessSolarPower
17630,VEE_LessSolarPower
17631,VEE_LessSolarPower
17632,VEE_LessSolarPower
17633,VEE_LessSolarPower
17634,VEE_LessSolarPower
17635,VEE_LessSolarPower
17636,VEE_LessSolarPower
17637,VEE_LessSolarPower
17638,Caves;VEE_LessSolarPower
17639,VEE_LessSolarPower
17640,Caves;VEE_LessSolarPower
17641,VEE_LessSolarPower
17642,VEE_LessSolarPower
17643,VEE_LessSolarPower
17644,VEE_LessSolarPower
17645,VEE_LessSolarPower
17646,VEE_LessSolarPower
17647,VEE_LessSolarPower
17648,Caves;VEE_LessSolarPower
17649,Caves;VEE_LessSolarPower
17650,Caves;VEE_LessSolarPower
17651,Caves;VEE_LessSolarPower
17652,Caves;VEE_LessSolarPower
17653,VEE_LessSolarPower
17654,VEE_LessSolarPower
17655,VEE_LessSolarPower
17656,VEE_LessSolarPower
17657,VEE_LessSolarPower
17658,VEE_LessSolarPower
17659,VEE_LessSolarPower
17660,VEE_LessSolarPower
17661,VEE_LessSolarPower
17662,VEE_LessSolarPower
17663,VEE_LessSolarPower
17664,VEE_LessSolarPower
17665,VEE_LessSolarPower
17666,VEE_LessSolarPower
17667,VEE_LessSolarPower
17668,VEE_LessSolarPower
17669,VEE_LessSolarPower
17670,VEE_LessSolarPower
17671,VEE_LessSolarPower
17672,VEE_LessSolarPower
17673,Caves;VEE_LessSolarPower
17674,Caves;VEE_LessSolarPower
17675,Caves;VEE_LessSolarPower
17676,Caves;VEE_LessSolarPower
17677,Caves;VEE_LessSolarPower
17678,VEE_LessSolarPower
17679,VEE_LessSolarPower
17680,VEE_LessSolarPower
17681,VEE_LessSolarPower
17682,VEE_LessSolarPower
17683,VEE_LessSolarPower
17684,VEE_LessSolarPower
17685,Caves;VEE_LessSolarPower
17686,VEE_LessSolarPower
17687,VEE_LessSolarPower
17688,VEE_LessSolarPower
17689,VEE_LessSolarPower
17690,VEE_LessSolarPower
17691,VEE_LessSolarPower
17692,VEE_LessSolarPower
17693,VEE_LessSolarPower
17694,VEE_MeteorCrater;VEE_LessSolarPower
17695,VEE_LessSolarPower
17696,Caves;VEE_LessSolarPower
17697,VEE_LessSolarPower
17698,VEE_LessSolarPower
17699,Caves;VEE_LessSolarPower
17700,Caves;VEE_LessSolarPower
17701,VEE_LessSolarPower
17702,VEE_LessSolarPower
17704,VEE_LessSolarPower
17705,VEE_LessSolarPower
17706,VEE_LessSolarPower
17708,Caves;VEE_LessSolarPower
17709,VEE_LessSolarPower
17711,Caves;VEE_LessSolarPower
17713,Caves
17714,VEE_LessSolarPower
17715,VEE_LessSolarPower
17716,VEE_LessSolarPower
17717,VEE_LessSolarPower
17718,VEE_LessSolarPower
17719,VEE_LessSolarPower
17757,VEE_MineralDevoid;VEE_DeepOreDevoid
17765,Mountain
17767,Mountain
17768,Caves
17769,Caves
17770,Caves
17771,Caves
17792,VEE_MineralDevoid;VEE_DeepOreDevoid
17795,VEE_MineralDevoid;VEE_DeepOreDevoid
17813,Caves
17814,Caves
17815,Caves
17817,VEE_MineralDevoid;VEE_DeepOreDevoid
17820,VEE_MineralDevoid;VEE_DeepOreDevoid
17823,VEE_MineralDevoid;VEE_DeepOreDevoid
17828,VEE_FleshPits;VEE_FleshPits
17840,Caves
17841,Caves
17876,Caves
17877,Caves
17879,Caves
17880,Caves
17881,Caves
17882,Caves
17883,Caves
17884,Caves
17886,Caves
17887,Caves
17888,Caves
17889,Caves
17890,Mountain
17891,Mountain
17893,Caves
17894,Caves
17895,Caves
17896,Caves
17897,Caves;AncientRuins;AncientRuins
17898,Caves
17899,Caves
17901,Caves
17908,Caves
17949,VEE_MeteorCrater
17965,VEE_MeteorCrater
17966,VEE_LessSolarPower
17967,VEE_LessSolarPower
17968,VEE_LessSolarPower
17969,VEE_LessSolarPower
17970,VEE_LessSolarPower
17971,VEE_LessSolarPower
17972,VEE_LessSolarPower
17973,VEE_LessSolarPower
17974,VEE_LessSolarPower
17975,VEE_LessSolarPower
17976,VEE_LessSolarPower
17977,VEE_LessSolarPower
17978,VEE_LessSolarPower
17979,VEE_LessSolarPower
17980,VEE_LessSolarPower
17981,VEE_LessSolarPower
17982,VEE_LessSolarPower
17983,VEE_LessSolarPower
17988,VEE_MineralDevoid;VEE_DeepOreDevoid
18009,VEE_MineralDevoid;VEE_DeepOreDevoid
18013,VEE_MineralDevoid;VEE_DeepOreDevoid
18029,VEE_MineralDevoid;VEE_DeepOreDevoid
18040,Dunes;Dunes
18044,VEE_MineralDevoid;VEE_DeepOreDevoid
18047,VEE_MineralDevoid;VEE_DeepOreDevoid
18051,VEE_MineralDevoid;VEE_DeepOreDevoid
18054,VEE_MineralDevoid;VEE_DeepOreDevoid
18093,VEE_MineralDevoid;VEE_DeepOreDevoid
18105,VEE_MineralDevoid;VEE_DeepOreDevoid
18111,VEE_MineralDevoid;VEE_DeepOreDevoid
18115,VEE_MineralDevoid;VEE_DeepOreDevoid
18118,VEE_MineralDevoid;VEE_DeepOreDevoid
18122,VEE_MineralDevoid;VEE_DeepOreDevoid
18131,VEE_MineralDevoid;VEE_DeepOreDevoid
18135,VEE_RottenStench;VEE_SulfuricLake;PlantLife_Increased;VEE_RottenStench
18140,VEE_MoreSolarPower
18141,VEE_MineralDevoid;VEE_DeepOreDevoid;VEE_MoreSolarPower
18142,VEE_MoreSolarPower
18143,VEE_MoreSolarPower
18144,VEE_MineralDevoid;VEE_DeepOreDevoid;VEE_MoreSolarPower
18145,VEE_MoreSolarPower
18146,VEE_MoreSolarPower
18147,VEE_MoreSolarPower
18148,VEE_MineralDevoid;VEE_DeepOreDevoid;VEE_MoreSolarPower
18149,VEE_MoreSolarPower
18150,VEE_MoreSolarPower
18151,VEE_MoreSolarPower
18152,VEE_MineralDevoid;VEE_DeepOreDevoid;Dunes;VEE_MoreSolarPower
18153,Dunes;VEE_MoreSolarPower
18154,Dunes;VEE_MoreSolarPower
18155,VEE_MineralDevoid;VEE_DeepOreDevoid;Dunes;VEE_MoreSolarPower
18156,Dunes;VEE_MoreSolarPower
18157,Dunes;VEE_MoreSolarPower
18158,VEE_MineralDevoid;VEE_DeepOreDevoid;Dunes
18162,Dunes
18166,VEE_MineralDevoid;VEE_DeepOreDevoid
18168,Dunes
18180,VEE_MineralDevoid;VEE_DeepOreDevoid
18188,Dunes
18191,Dunes
18197,VEE_MineralDevoid;VEE_DeepOreDevoid
18199,Dunes
18201,VEE_MineralDevoid;VEE_DeepOreDevoid;Oasis
18204,VEE_MineralDevoid;VEE_DeepOreDevoid
18206,Dunes
18207,VEE_MineralDevoid;VEE_DeepOreDevoid;Dunes
18210,VEE_MineralDevoid;VEE_DeepOreDevoid;Dunes
18211,Dunes
18212,Dunes
18213,VEE_MineralDevoid;VEE_DeepOreDevoid
18214,Dunes
18216,VEE_MineralDevoid;VEE_DeepOreDevoid;Dunes
18217,Dunes
18219,VEE_MineralDevoid;VEE_DeepOreDevoid
18222,VEE_MineralDevoid;VEE_DeepOreDevoid
18224,Dunes
18225,VEE_MineralDevoid;VEE_DeepOreDevoid;Dunes
18226,Dunes
18227,Dunes
18228,VEE_MineralDevoid;VEE_DeepOreDevoid;Dunes
18229,Dunes
18230,Dunes
18231,VEE_MineralDevoid;VEE_DeepOreDevoid;Dunes
18234,VEE_MineralDevoid;VEE_DeepOreDevoid;Dunes
18236,Marshy;RiverDelta
18237,Marshy;RiverDelta
18240,VEE_MineralDevoid;VEE_DeepOreDevoid
18242,VEE_FloodPlains;AncientRuins
18243,Fish_Increased;VEE_FloodPlains
18246,VEE_FloodPlains
18247,Fish_Increased;VEE_FloodPlains
18249,Coast
18250,Fish_Increased;Archipelago
18251,Oasis
18266,VEE_MineralDevoid;VEE_DeepOreDevoid;AnimalLife_Increased;CoastalIsland
18267,VEE_StagnantRivulet;Fish_Increased;River;Coast
18268,VEE_FloodPlains
18269,VEE_FloodPlains
18270,AncientRuins;Coast
18275,VEE_MineralDevoid;VEE_DeepOreDevoid
18276,VEE_MoreSolarPower
18278,VEE_MoreSolarPower
18279,VEE_MoreSolarPower
18280,VEE_MoreSolarPower
18281,VEE_MoreSolarPower
18282,VEE_MoreSolarPower
18283,VEE_MoreSolarPower
18289,VEE_MineralDevoid;VEE_DeepOreDevoid
18293,Dunes
18298,DryLake
18301,VEE_MineralDevoid;VEE_DeepOreDevoid
18302,VEE_MoreSolarPower
18306,VEE_MoreSolarPower
18307,VEE_MoreSolarPower
18308,VEE_MoreSolarPower
18309,VEE_MoreSolarPower
18310,VEE_MoreSolarPower
18311,VEE_MoreSolarPower
18312,Dunes;VEE_MoreSolarPower
18313,VEE_MoreSolarPower
18314,VEE_MineralDevoid;VEE_DeepOreDevoid;Dunes;VEE_MoreSolarPower
18315,Dunes;VEE_MoreSolarPower
18316,VEE_MoreSolarPower
18317,VEE_MoreSolarPower
18318,VEE_MoreSolarPower
18319,Dunes;VEE_MoreSolarPower
18320,VEE_MoreSolarPower
18321,VEE_MoreSolarPower
18322,VEE_MoreSolarPower
18323,VEE_MoreSolarPower
18324,VEE_MoreSolarPower
18325,VEE_MoreSolarPower
18326,VEE_MoreSolarPower
18327,VEE_MineralDevoid;VEE_DeepOreDevoid;Dunes;VEE_MoreSolarPower
18328,VEE_MoreSolarPower
18329,VEE_MoreSolarPower
18330,VEE_MoreSolarPower
18331,Dunes;VEE_MoreSolarPower
18332,VEE_MoreSolarPower
18333,VEE_MoreSolarPower
18334,VEE_MoreSolarPower
18335,VEE_MoreSolarPower
18336,VEE_MoreSolarPower
18337,VEE_MoreSolarPower
18338,VEE_MoreSolarPower
18339,Dunes;VEE_MoreSolarPower
18340,VEE_MineralDevoid;VEE_DeepOreDevoid;Dunes;VEE_MoreSolarPower
18341,Dunes;VEE_MoreSolarPower
18342,VEE_MoreSolarPower;WildTattooinePlants
18343,VEE_MoreSolarPower
18344,Mountain
18345,Caves
18346,Mountain
18347,Mountain
18348,Mountain
18349,Mountain
18350,VEE_MoreSolarPower
18351,VEE_FloodPlains;VEE_MoreSolarPower
18352,Hollow
18353,Mountain
18354,AnimalLife_Increased;AncientRuins;VEE_MoreSolarPower
18355,VEE_MoreSolarPower
18356,VEE_FloodPlains;VEE_MoreSolarPower
18357,AnimalLife_Increased
18358,Marshy;VEE_FloodPlains;VEE_MoreSolarPower
18360,Fish_Increased;VEE_FloodPlains;VEE_MoreSolarPower
18361,VEE_FloodPlains;VEE_MoreSolarPower
18362,Mountain
18363,Mountain
18365,Mountain
18366,Mountain
18367,Mountain
18368,Marshy;AB_FeraliskNest;VEE_StagnantRivulet;AB_BumbledroneNests;VEE_RotstinkVents;Fish_Increased;VEE_MoreSolarPower;RiverIsland
18369,VEE_IncreasedInfestations;AB_LocustPlagues;ToxicLake;Pond;VEE_FloodPlains;VEE_MoreSolarPower
18370,Marshy;VEE_RottenStench;InsectMegahive;AnimalLife_Increased;VEE_MoreSolarPower
18371,Fish_Increased;VEE_FloodPlains;VEE_MoreSolarPower
18372,Muddy;Oasis;AB_FeraliskNest;VEE_RottenStench;VEE_StagnantRivulet;AB_BumbledroneNests;AnimalLife_Increased;VEE_MoreSolarPower
18373,AB_LocustPlagues;VEE_RottenStench;AB_BumbledroneNests;Pond;VEE_MoreSolarPower
18374,Marshy;AB_FeraliskNest;InsectMegahive;ToxicLake;VEE_FloodPlains;VEE_MoreSolarPower
18375,Fish_Increased;VEE_FloodPlains;VEE_MoreSolarPower
18376,Fish_Increased;VEE_FloodPlains;VEE_MoreSolarPower
18377,Marshy;VEE_IncreasedInfestations;InsectMegahive;Fish_Increased;VEE_ContaminatedRiver;VEE_MoreSolarPower
18378,AB_FeraliskNest;VEE_StagnantRivulet;ToxicLake;AB_BumbledroneNests;Oasis;AnimalLife_Increased;VEE_MoreSolarPower
18379,Marshy;VEE_IncreasedInfestations;VEE_RottenStench;AB_BumbledroneNests;VEE_FloodPlains;VEE_MoreSolarPower
18380,AB_FeraliskNest;VEE_RotstinkVents;Pond;VEE_FloodPlains;VEE_MoreSolarPower
18381,Marshy;VEE_RottenStench;VEE_IncreasedInfestations;VEE_StagnantRivulet;VEE_MoreSolarPower
18382,Muddy;AB_BumbledroneNests;VEE_IncreasedDiseases;Fish_Increased;VEE_FloodPlains;VEE_MoreSolarPower
18383,Marshy;VEE_IncreasedInfestations;VEE_RottenStench;InsectMegahive;Fish_Increased;VEE_FloodPlains;VEE_MoreSolarPower
18384,Marshy;VEE_IncreasedInfestations;AB_FeraliskNest;ToxicLake;AnimalLife_Increased;VEE_MoreSolarPower
18385,AB_LocustPlagues;InsectMegahive;Pond;Fish_Increased;VEE_ContaminatedRiver;VEE_MoreSolarPower
18386,VEE_MoreSolarPower
18387,VEE_MineralDevoid;VEE_DeepOreDevoid;VEE_MoreSolarPower
18388,Muddy;AB_LocustPlagues;InsectMegahive;VEE_StagnantRivulet;VEE_IncreasedDiseases;VEE_MoreSolarPower
18389,Marshy;VEE_RottenStench;VEE_IncreasedInfestations;AB_BumbledroneNests;VEE_MoreSolarPower
18390,VEE_MoreSolarPower
18391,VEE_MoreSolarPower
18392,Marshy;AB_LocustPlagues;VEE_IncreasedInfestations;ToxicLake;AnimalLife_Increased;VEE_MoreSolarPower
18393,Marshy;InsectMegahive;VEE_StagnantRivulet;AB_BumbledroneNests;VEE_IncreasedDiseases;VEE_MoreSolarPower
18394,VEE_MoreSolarPower
18395,VEE_MoreSolarPower
18396,VEE_MineralDevoid;VEE_DeepOreDevoid;VEE_MoreSolarPower
18397,VEE_MoreSolarPower
18398,Fish_Increased;VEE_FloodPlains;VEE_MoreSolarPower
18399,Marshy;VEE_FloodPlains;VEE_MoreSolarPower
18400,Marshy;VEE_MoreSolarPower
18401,VEE_MoreSolarPower
18402,VEE_MineralDevoid;VEE_DeepOreDevoid;Fish_Increased;VEE_FloodPlains;VEE_MoreSolarPower
18403,Marshy;VEE_FloodPlains;VEE_MoreSolarPower
18404,Marshy;InsectMegahive;AB_BumbledroneNests;VEE_RotstinkVents;Fish_Increased;VEE_FloodPlains;VEE_MoreSolarPower
18405,AB_FeraliskNest;AB_LocustPlagues;ToxicLake;VEE_FloodPlains;VEE_MoreSolarPower
18406,Marshy;AB_FeraliskNest;VEE_RottenStench;AB_LocustPlagues;VEE_StagnantRivulet;AnimalLife_Increased;VEE_MoreSolarPower
18407,Marshy;VEE_IncreasedInfestations;VEE_StagnantRivulet;AB_BumbledroneNests;VEE_RotstinkVents;VEE_MoreSolarPower
18408,Muddy;VEE_IncreasedInfestations;VEE_RottenStench;AB_LocustPlagues;Fish_Increased;VEE_FloodPlains;VEE_MoreSolarPower
18409,Marshy;AB_LocustPlagues;AB_BumbledroneNests;VEE_RotstinkVents;VEE_MoreSolarPower
18410,Marshy;VEE_FloodPlains;AncientRuins;VEE_MoreSolarPower
18411,Fish_Increased;VEE_FloodPlains;VEE_MoreSolarPower
18412,Marshy;VEE_MoreSolarPower
18413,Fish_Increased;VEE_FloodPlains;VEE_MoreSolarPower
18414,Marshy;VEE_MoreSolarPower
18415,Marshy;VEE_MoreSolarPower
18416,VEE_SaltPlains
18417,VEE_SaltPlains
18418,CoastalIsland
18419,WindyMutator;VEE_RisingWaters
18420,WindyMutator;VEE_RisingWaters
18421,VEE_SaltPlains
18422,VEE_SaltPlains
18423,VEE_SaltPlains
18424,VEE_SaltPlains
18425,VEE_SaltPlains
18426,VEE_SaltPlains
18427,VEE_SaltPlains
18430,Mountain
18432,Mountain
18435,WindyMutator;VEE_RisingWaters
18440,Mountain
18441,WindyMutator
18442,Mountain
18443,Mountain
18444,Mountain
18445,WindyMutator
18446,WindyMutator
18448,WindyMutator;VEE_RisingWaters
18450,Fish_Increased;AnimalLife_Increased
18451,WindyMutator;VEE_GravelBeach
18452,VEE_SaltPlains
18453,WindyMutator;VEE_RisingWaters
18457,VEE_SaltPlains;VEE_RisingWaters
18458,VEE_SaltPlains
18459,VEE_SaltPlains
18460,VEE_SaltPlains;VEE_RisingWaters
18461,VEE_SaltPlains;WindyMutator;VEE_RisingWaters
18462,VEE_SaltPlains
18463,VEE_SaltPlains
18464,VEE_SaltPlains
18465,VEE_SaltPlains
18466,VEE_SaltPlains
18467,VEE_SaltPlains
18468,VEE_SaltPlains
18469,VEE_SaltPlains
18470,VEE_SaltPlains
18472,VEE_SaltPlains
18473,VEE_SaltPlains
18474,VEE_SaltPlains
18482,VEE_SaltPlains
18483,VEE_SaltPlains
18484,VEE_SaltPlains
18485,VEE_SaltPlains
18486,VEE_SaltPlains
18487,VEE_SaltPlains
18490,CoastalIsland
18491,SunnyMutator;CoastalIsland
18513,SunnyMutator;WildDantooinePlants;Fish_Increased;CoastalIsland
18519,VEE_SaltPlains;WindyMutator;AncientWarehouse;CoastalIsland
18520,VEE_SaltPlains;WindyMutator;AncientRuins;CoastalIsland
18524,Fish_Increased
18525,Fish_Increased
18527,Fish_Increased
18528,Fish_Increased;VEE_MarineSanctuary
18530,Fish_Increased
18532,Fish_Increased;VEE_MarineSanctuary
18533,Fish_Increased;VEE_MarineSanctuary
18534,VEE_SaltPlains;WindyMutator;AnimalHabitat;AncientWarehouse;CoastalIsland
18535,Fish_Increased;VEE_MarineSanctuary
18551,Fish_Increased
18560,Iceberg
18561,WindyMutator;AncientRuins;CoastalIsland
18563,WindyMutator;VEE_RisingWaters
18564,Fish_Increased;AnimalLife_Increased
18565,Iceberg
18573,Fish_Increased;AnimalLife_Increased
18574,WindyMutator
18576,Fish_Increased;AnimalLife_Increased
18581,Stockpile;AnimalLife_Increased
18582,Fish_Increased;AnimalLife_Increased
18584,WindyMutator;VEE_GravelBeach
18585,WildPlants
18586,WindyMutator;VEE_RisingWaters
18587,WindyMutator;VEE_GravelBeach
18589,Fish_Increased;AnimalLife_Increased
18591,Fish_Increased;AnimalLife_Increased
18596,CoastalIsland
18597,CoastalIsland
18602,CoastalIsland
18604,CoastalIsland
18607,Fish_Increased;VEE_MarineSanctuary
18609,Fish_Increased;VEE_MarineSanctuary
18610,Fish_Increased
18612,Fish_Increased
18614,VEE_SaltPlains;WindyMutator;VEE_RisingWaters
18615,VEE_SaltPlains
18616,VEE_SaltPlains;Archipelago
18617,VEE_SaltPlains
18618,VEE_SaltPlains
18619,VEE_SaltPlains
18621,CoastalIsland
18622,VEE_SaltPlains
18623,WindyMutator;AncientRuins;CoastalAtoll
18624,VEE_SaltPlains
18625,VEE_SaltPlains
18626,VEE_SaltPlains
18627,VEE_SaltPlains
18628,VEE_SaltPlains
18629,VEE_SaltPlains
18630,VEE_SaltPlains
18631,VEE_SaltPlains
18632,Caves;MineralRich
18633,Caves;MineralRich
18634,Caves;MineralRich
18635,Caves;MineralRich
18639,Caves;MineralRich
18641,Mountain;Caves;MineralRich;VEE_DeepOreRich
18642,Caves;MineralRich
18643,Caves;MineralRich
18644,Chasm
18645,Mountain
18646,Mountain
18647,Mountain
18649,Caves;MineralRich
18650,Caves;MineralRich
18651,Cliffs;Caves;MineralRich;VEE_DeepOreRich
18652,Mountain;Caves
18653,Caves
18654,Caves
18655,Mountain;Caves
18656,Caves;MineralRich
18657,Caves;MineralRich
18658,Caves
18659,Caves
18660,Caves
18661,Mountain;Caves;MineralRich
18662,Mountain;Caves;MineralRich
18663,Mountain;Caves;MineralRich;VEE_DeepOreRich
18664,Cliffs;Caves;MineralRich;VEE_DeepOreRich
18665,Caves;MineralRich
18666,Caves
18667,Caves
18668,Caves
18673,VEE_JaggedRocks
18674,Caves
18675,Caves
18676,Caves
18681,Caves
18682,Caves
18683,Caves;AncientGarrison
18688,Caves
18689,Caves
18694,Caves
18696,Caves
18704,VEE_RockRidge
18708,VEE_LessSolarPower
18710,VEE_LessSolarPower
18711,VEE_LessSolarPower
18712,AncientRuins;AncientRuins;VEE_LessSolarPower
18713,VEE_LessSolarPower
18714,VEE_LessSolarPower
18715,VEE_LessSolarPower
18716,Caves;MineralRich
18717,Caves;MineralRich
18718,Caves;MineralRich
18719,Caves;MineralRich
18720,Hollow;Caves;MineralRich;VEE_DeepOreRich
18721,Caves;MineralRich
18722,Mountain;Caves;MineralRich;VEE_DeepOreRich
18723,Mountain;Caves;MineralRich;VEE_DeepOreRich
18724,Mountain;Caves;MineralRich;VEE_DeepOreRich
18726,Mountain
18728,Caves;MineralRich;AncientRuins;AncientRuins
18729,Caves;MineralRich
18730,Caves;MineralRich
18733,Caves;MineralRich
18734,VEE_LessSolarPower
18738,VEE_LessSolarPower
18739,VEE_LessSolarPower
18740,VEE_LessSolarPower
18741,VEE_LessSolarPower
18742,VEE_LessSolarPower
18743,VEE_RockRidge;VEE_LessSolarPower
18744,Caves;VEE_LessSolarPower
18745,Caves;VEE_LessSolarPower
18746,VEE_LessSolarPower
18747,Caves;VEE_LessSolarPower
18748,VEE_LessSolarPower
18749,Caves;VEE_LessSolarPower
18752,VEE_LessSolarPower
18753,VEE_LessSolarPower
18754,VEE_LessSolarPower
18755,VEE_LessSolarPower
18756,VEE_LessSolarPower
18757,VEE_LessSolarPower
18758,VEE_LessSolarPower
18759,VEE_LessSolarPower
18760,VEE_LessSolarPower
18761,VEE_LessSolarPower
18762,VEE_LessSolarPower
18763,VEE_LessSolarPower
18769,VEE_LessSolarPower
18770,VEE_SerpentineCanyons;VEE_LessSolarPower
18771,VEE_LessSolarPower
18772,VEE_LessSolarPower
18773,Mountain;VEE_LessSolarPower
18774,VEE_LessSolarPower
18775,Cavern;VEE_LessSolarPower
18776,Caves
18777,Caves
18778,Caves
18779,Caves
18782,VEE_LessSolarPower
18783,VEE_LessSolarPower
18784,Caves
18785,Caves
18786,Caves;VEE_LessSolarPower
18787,Caves;VEE_LessSolarPower
18788,VEE_LessSolarPower
18790,VEE_LessSolarPower
18792,VEE_LessSolarPower
18793,VEE_LessSolarPower
18794,Caves
18795,Caves
18800,VEE_LessSolarPower
18801,VEE_LessSolarPower
18802,VEE_LessSolarPower
18803,VEE_LessSolarPower
18804,VEE_LessSolarPower
18805,VEE_LessSolarPower
18806,VEE_LessSolarPower
18807,VEE_LessSolarPower
18808,Caves;VEE_LessSolarPower
18809,Caves;VEE_LessSolarPower
18810,Caves;VEE_LessSolarPower
18811,Caves;VEE_LessSolarPower
18812,VEE_LessSolarPower
18813,VEE_LessSolarPower
18814,VEE_LessSolarPower
18815,VEE_LessSolarPower
18816,Caves;VEE_LessSolarPower
18817,VEE_LessSolarPower
18818,Caves;VEE_LessSolarPower
18819,Caves;VEE_LessSolarPower
18820,VEE_LessSolarPower
18821,Caves;VEE_LessSolarPower
18822,Caves;VEE_LessSolarPower
18823,Caves;VEE_LessSolarPower
18824,VEE_LessSolarPower
18825,VEE_LessSolarPower
18826,Caves;VEE_LessSolarPower
18827,Caves;VEE_LessSolarPower
18828,Caves;VEE_LessSolarPower
18830,VEE_LessSolarPower
18832,VEE_LessSolarPower
18833,VEE_LessSolarPower
18834,VEE_LessSolarPower
18836,Caves;VEE_LessSolarPower
18837,VEE_LessSolarPower
18838,Caves;VEE_LessSolarPower
18839,Caves;VEE_LessSolarPower
18840,Caves;VEE_LessSolarPower
18841,Caves;VEE_LessSolarPower
18842,Caves;VEE_LessSolarPower
18848,VEE_LessSolarPower
18849,Caves;VEE_LessSolarPower
18850,VEE_LessSolarPower
18851,Caves;VEE_LessSolarPower
18853,VEE_LessSolarPower
18855,VEE_LessSolarPower
18860,VEE_LessSolarPower
18861,VEE_LessSolarPower
18862,VEE_LessSolarPower
18863,VEE_LessSolarPower
18864,VEE_LessSolarPower
18865,VEE_LessSolarPower
18866,Caves
18867,Caves;VEE_LessSolarPower
18868,VEE_LessSolarPower
18869,VEE_LessSolarPower
18870,VEE_LessSolarPower
18871,Caves;VEE_LessSolarPower
18872,Caves;VEE_LessSolarPower
18873,Caves;VEE_LessSolarPower
18874,Caves
18875,Caves;VEE_LessSolarPower
18876,Caves
18877,Caves;VEE_LessSolarPower
18878,Caves;VEE_LessSolarPower
18879,VEE_LessSolarPower
18880,Caves
18882,Caves
18883,Caves
18884,VEE_LessSolarPower
18885,Caves
18886,VEE_LessSolarPower
18887,VEE_LessSolarPower
18893,VEE_LessSolarPower
18894,VEE_LessSolarPower
18895,VEE_LessSolarPower
18896,VEE_LessSolarPower
18897,VEE_LessSolarPower
18901,VEE_LessSolarPower
18904,Caves;VEE_LessSolarPower
18905,Caves;VEE_LessSolarPower
18906,VEE_LessSolarPower
18910,VEE_LessSolarPower
18911,VEE_LessSolarPower
18912,VEE_LessSolarPower
18920,Caves;VEE_LessSolarPower
18921,Cliffs;Caves
18922,VEE_LessSolarPower
18923,Mountain;Caves
18924,Caves;VEE_LessSolarPower
18925,VEE_LessSolarPower
18926,VEE_LessSolarPower
18927,VEE_LessSolarPower
18928,VEE_LessSolarPower
18929,VEE_LessSolarPower
18930,VEE_LessSolarPower
18931,VEE_LessSolarPower
18932,VEE_SerpentineCanyons;Caves
18933,Caves;VEE_LessSolarPower
18934,Caves;VEE_LessSolarPower
18935,Caves;VEE_LessSolarPower
18936,Mountain;Caves
18937,Mountain;Caves
18938,VEE_LessSolarPower
18940,Caves;VEE_LessSolarPower
18941,Caves;VEE_LessSolarPower
18942,Caves;VEE_LessSolarPower
18943,VEE_LessSolarPower
18944,Caves
18945,Caves
18946,Caves
18947,Cliffs;Caves
18949,Caves
18950,Caves
18951,Caves
18952,Caves
18953,Caves
18960,Caves
18961,Caves
18963,VEE_LessSolarPower
18965,Caves
18966,Caves
18968,Caves;VEE_LessSolarPower
18969,Caves;VEE_LessSolarPower
18970,Caves;VEE_LessSolarPower
18971,Caves;VEE_LessSolarPower
18972,Caves;VEE_LessSolarPower
18973,Caves;VEE_LessSolarPower
18974,Caves
18975,Caves;VEE_LessSolarPower
18976,Caves
18978,VEE_LessSolarPower
18979,Caves;VEE_LessSolarPower
18980,Caves
18981,Caves
18984,VEE_LessSolarPower
18985,Caves;VEE_LessSolarPower
18986,Caves;VEE_LessSolarPower
18987,VEE_LessSolarPower
18988,Caves;VEE_LessSolarPower
18989,Caves;VEE_LessSolarPower
18990,VEE_LessSolarPower
18991,Caves;VEE_LessSolarPower
18992,VEE_LessSolarPower
18993,VEE_LessSolarPower
18994,VEE_LessSolarPower
18995,VEE_LessSolarPower
18996,VEE_LessSolarPower
18997,VEE_LessSolarPower
18998,VEE_LessSolarPower
18999,VEE_LessSolarPower
19000,VEE_LessSolarPower
19001,VEE_LessSolarPower
19002,VEE_LessSolarPower
19003,Caves;VEE_LessSolarPower
19004,VEE_LessSolarPower
19005,VEE_LessSolarPower
19006,VEE_LessSolarPower
19007,VEE_LessSolarPower
19008,VEE_LessSolarPower
19009,VEE_JaggedRocks;VEE_LessSolarPower
19010,Caves;VEE_LessSolarPower
19011,VEE_LessSolarPower
19012,VEE_LessSolarPower
19013,Caves;VEE_LessSolarPower
19014,Caves;VEE_LessSolarPower
19015,VEE_LessSolarPower
19016,VEE_LessSolarPower
19017,VEE_LessSolarPower
19018,VEE_LessSolarPower
19019,VEE_LessSolarPower
19020,VEE_LessSolarPower
19021,AncientWarehouse;VEE_LessSolarPower
19022,Caves;VEE_LessSolarPower
19023,VEE_LessSolarPower
19024,VEE_LessSolarPower
19025,VEE_LessSolarPower
19026,Caves;VEE_LessSolarPower
19027,Caves;VEE_LessSolarPower
19040,Caves;VEE_LessSolarPower
19041,Caves;VEE_LessSolarPower
19045,Caves;VEE_LessSolarPower
19046,Caves;VEE_LessSolarPower
19047,Caves;VEE_LessSolarPower
19048,Caves;VEE_LessSolarPower
19049,Caves;VEE_LessSolarPower
19050,Caves;VEE_LessSolarPower
19051,VEE_LessSolarPower
19052,VEE_LessSolarPower
19053,VEE_LessSolarPower
19054,VEE_LessSolarPower
19055,VEE_LessSolarPower
19056,VEE_LessSolarPower
19057,VEE_LessSolarPower
19058,VEE_LessSolarPower
19059,VEE_LessSolarPower
19060,VEE_LessSolarPower
19061,VEE_LessSolarPower
19062,VEE_LessSolarPower
19063,VEE_LessSolarPower
19065,Caves
19066,Caves
19067,Caves
19079,VEE_MeteorCrater
19110,VEE_MineralDevoid;VEE_DeepOreDevoid
19126,AnimalLife_Increased;SunnyMutator;Junkyard
19130,VEE_MineralDevoid;VEE_DeepOreDevoid
19135,VEE_MineralDevoid;VEE_DeepOreDevoid
19141,AncientChemfuelRefinery
19150,VEE_SaltPlains
19151,VEE_SaltPlains
19152,VEE_SaltPlains
19173,VEE_MineralDevoid;VEE_DeepOreDevoid;VEE_DryRiver
19177,VEE_MineralDevoid;VEE_DeepOreDevoid;VEE_DryRiver
19179,Oasis
19180,VEE_DryRiver
19183,Oasis
19186,Oasis
19187,VEE_MineralDevoid;VEE_DeepOreDevoid;Oasis
19198,Oasis
19199,Oasis
19200,Oasis
19201,Oasis
19202,VEE_DryRiver
19203,VEE_MineralDevoid;VEE_DeepOreDevoid;VEE_DryRiver;SunnyMutator
19204,VEE_DryRiver
19220,Caves
19221,Caves
19222,Cliffs;Caves
19223,Caves
19224,Mountain;Caves
19225,Caves
19230,Caves
19232,Mountain;Caves
19233,Caves
19234,Mountain;Caves
19235,Mountain;Caves
19236,Mountain;Caves
19237,Cliffs;Caves
19238,Caves
19242,Caves
19244,Caves
19246,Caves
19248,Mountain;Caves
19249,Mountain;Caves
19262,Caves
19263,Caves
19265,Caves
19268,Caves
19269,Caves
19270,Mountain
19272,Cliffs;Caves
19273,Mountain;Caves
19274,Mountain;Caves
19275,Caves
19276,Caves
19277,Caves
19278,Caves
19279,Caves
19280,MineralRich;VEE_MoreSolarPower;WildTattooinePlants
19281,MineralRich;VEE_MoreSolarPower;WildTattooinePlants
19282,MineralRich;VEE_MoreSolarPower
19283,MineralRich;VEE_MoreSolarPower;WildTattooinePlants
19284,Mountain;MineralRich;VEE_DeepOreRich;VEE_MoreSolarPower
19285,Mountain;MineralRich;VEE_MoreSolarPower
19286,Cliffs;MineralRich;VEE_MoreSolarPower
19287,MineralRich;VEE_MoreSolarPower;WildTattooinePlants
19288,Cliffs;VEE_DeepOreRich;MineralRich;VEE_MoreSolarPower
19289,Mountain;MineralRich;VEE_MoreSolarPower
19290,Mountain;Caves;VEE_MoreSolarPower
19291,VEE_MoreSolarPower;WildTattooinePlants
19292,VEE_MoreSolarPower;WildTattooinePlants
19293,VEE_MineralDevoid;VEE_DeepOreDevoid;VEE_PebbleDunes;VEE_PebbleDunes;VEE_MoreSolarPower;WildTattooinePlants
19294,VEE_MoreSolarPower;WildTattooinePlants
19295,VEE_MoreSolarPower;WildTattooinePlants
19296,VEE_MoreSolarPower;WildTattooinePlants
19297,VEE_MoreSolarPower;WildTattooinePlants
19298,VEE_MoreSolarPower;WildTattooinePlants
19299,VEE_MoreSolarPower;WildTattooinePlants
19300,VEE_MoreSolarPower;WildTattooinePlants
19301,VEE_MoreSolarPower;WildTattooinePlants
19302,Caves;Oasis;VEE_MoreSolarPower
19303,Oasis;VEE_MoreSolarPower
19304,VEE_MoreSolarPower;WildTattooinePlants
19305,VEE_MoreSolarPower;WildTattooinePlants
19306,VEE_MoreSolarPower;WildTattooinePlants
19307,VEE_MoreSolarPower;WildTattooinePlants
19308,VEE_MoreSolarPower;WildTattooinePlants
19309,VEE_MoreSolarPower;WildTattooinePlants
19310,VEE_MoreSolarPower;WildTattooinePlants
19311,VEE_RedDesert;VEE_RedDesertPlants;VEE_Sandstorms;VEE_MoreSolarPower;WildTattooinePlants
19312,VEE_MoreSolarPower;WildTattooinePlants
19313,VEE_MoreSolarPower;WildTattooinePlants
19314,VEE_PebbleDunes;VEE_PebbleDunes;VEE_MoreSolarPower;WildTattooinePlants
19315,VEE_MoreSolarPower;WildTattooinePlants
19316,VEE_PebbleDunes;VEE_PebbleDunes;VEE_MoreSolarPower;WildTattooinePlants
19317,VEE_MineralDevoid;VEE_DeepOreDevoid;VEE_MoreSolarPower;WildTattooinePlants
19318,VEE_MoreSolarPower;WildTattooinePlants
19319,VEE_MoreSolarPower;WildTattooinePlants
19320,VEE_MoreSolarPower;WildTattooinePlants
19321,VEE_MoreSolarPower;WildTattooinePlants
19322,VEE_MoreSolarPower;WildTattooinePlants
19323,VEE_MoreSolarPower
19324,VEE_MoreSolarPower;WildTattooinePlants
19325,VEE_MoreSolarPower;WildTattooinePlants
19326,VEE_MoreSolarPower;WildTattooinePlants
19327,VEE_MoreSolarPower
19328,VEE_MoreSolarPower;WildTattooinePlants
19329,MineralRich;VEE_MoreSolarPower;WildTattooinePlants
19330,MineralRich;VEE_MoreSolarPower;WildTattooinePlants
19331,MineralRich;VEE_MoreSolarPower;WildTattooinePlants
19332,MineralRich;VEE_DeepOreRich;VEE_MoreSolarPower;WildTattooinePlants
19333,MineralRich;VEE_DeepOreRich;VEE_MoreSolarPower;WildTattooinePlants
19334,MineralRich;VEE_MoreSolarPower;WildTattooinePlants
19335,MineralRich;VEE_DeepOreRich;VEE_MoreSolarPower;WildTattooinePlants
19336,MineralRich;VEE_MoreSolarPower;WildTattooinePlants
19337,MineralRich;VEE_RedDesert;VEE_RedDesertPlants;VEE_Sandstorms;VEE_DryRiver;VEE_MoreSolarPower;WildTattooinePlants
19338,AB_AmbientRadiation;AB_DerelictClusters;AncientChemfuelRefinery;AncientHeatVent;MineralRich;VEE_SulfuricLake;VEE_MoreSolarPower
19339,MineralRich;VEE_MoreSolarPower;WildTattooinePlants
19340,AB_AncientGreyPallVent;AB_DerelictClusters;VEE_MoreSolarPower
19341,AB_AmbientRadiation;AB_DerelictClusters;AncientHeatVent;AncientRuins;VEE_MoreSolarPower
19342,AB_DerelictClusters;AncientHeatVent;AncientRuins;VEE_MechanoidShipChunks;VEE_MoreSolarPower
19343,AB_AncientDeathPallVent;AB_DerelictClusters;VEE_MechanoidShipChunks;VEE_MoreSolarPower
19344,AB_DerelictClusters;AncientHeatVent;Junkyard;VEE_ToxicVents;VEE_MoreSolarPower
19345,AB_DerelictClusters;AncientHeatVent;VEE_SulfuricLake;VEE_ToxicVents;VEE_MoreSolarPower
19346,VEE_SulfuricLake;VEE_ToxicVents;VEE_MoreSolarPower
19347,VEE_MoreSolarPower
19348,VEE_MoreSolarPower
19349,VEE_MoreSolarPower
19350,AncientHeatVent;AncientRuins;VEE_ToxicVents;VEE_FloodPlains;VEE_MoreSolarPower
19351,Marshy;VEE_FloodPlains;VEE_MoreSolarPower
19352,Fish_Increased
19353,Fish_Increased
19354,Fish_Increased
19355,Fish_Increased
19356,Mountain;VEE_MoreSolarPower
19357,Chasm;VEE_MoreSolarPower
19358,Mountain;VEE_MoreSolarPower;RiverDelta
19359,Fish_Increased
19360,Cliffs;AnimalLife_Increased;VEE_MoreSolarPower
19361,Fish_Increased;AnimalLife_Increased;RiverDelta
19362,Mountain;AnimalLife_Increased;VEE_MoreSolarPower
19363,Fish_Increased
19364,Fish_Increased;AnimalLife_Increased
19365,Mountain;VEE_MoreSolarPower
19366,Fish_Increased;VEE_FloodPlains;VEE_MoreSolarPower
19367,VEE_MoreSolarPower
19368,Mountain;AnimalLife_Increased;VEE_MoreSolarPower
19369,Fish_Increased;AnimalLife_Increased;River
19370,Mountain;AnimalLife_Increased;VEE_MoreSolarPower
19371,Mountain;VEE_StagnantRivulet;Fish_Increased;AnimalLife_Increased;VEE_MoreSolarPower;RiverDelta
19372,VEE_StagnantRivulet;Fish_Increased;VEE_MoreSolarPower;River
19373,VEE_MoreSolarPower
19374,Mountain;AnimalLife_Increased;VEE_MoreSolarPower
19375,Hollow;VEE_MoreSolarPower
19376,Fish_Increased
19377,Fish_Increased
19378,Fish_Increased
19379,Fish_Increased
19380,Fish_Increased
19383,Fish_Increased
19384,Fish_Increased
19388,Marshy;VEE_MoreSolarPower
19389,Marshy;VEE_StagnantRivulet;VEE_MoreSolarPower
19390,Marshy;Fish_Increased;VEE_MoreSolarPower
19391,Marshy;Fish_Increased;VEE_MoreSolarPower
19392,Marshy;VEE_MoreSolarPower
19393,VEE_MoreSolarPower
19394,Fish_Increased;VEE_MoreSolarPower;River
19395,Oasis;VEE_MoreSolarPower
19396,Marshy;VEE_MoreSolarPower
19397,CaveLakes;Fish_Increased;VEE_MoreSolarPower
19398,Mountain;AnimalLife_Increased;VEE_MoreSolarPower
19399,Valley;VEE_MoreSolarPower
19400,VEE_SerpentineCanyons;VEE_StagnantRivulet;Fish_Increased;VEE_DeepOreRich;VEE_MoreSolarPower;River
19401,Mountain;VEE_MoreSolarPower
19402,Mountain;AnimalLife_Increased;VEE_MoreSolarPower
19403,Mountain;VEE_MoreSolarPower
19404,Mountain;VEE_StagnantRivulet;Fish_Increased;AnimalLife_Increased;VEE_MoreSolarPower;RiverDelta
19405,Cavern;VEE_MoreSolarPower
19406,Oasis;VEE_MoreSolarPower
19407,VEE_MoreSolarPower
19408,Oasis;VEE_MoreSolarPower
19409,VEE_MoreSolarPower
19410,VEE_MoreSolarPower
19411,VEE_MoreSolarPower
19412,VEE_MoreSolarPower
19413,VEE_MoreSolarPower
19414,VEE_MoreSolarPower
19415,VEE_MoreSolarPower
19416,VEE_MoreSolarPower;WildTattooinePlants
19417,VEE_MoreSolarPower;WildTattooinePlants
19418,AncientRuins;VEE_MoreSolarPower
19419,VEE_MoreSolarPower
19420,VEE_MoreSolarPower
19421,VEE_MoreSolarPower
19422,AnimalLife_Increased;VEE_MoreSolarPower
19423,VEE_FloodPlains;VEE_MoreSolarPower
19424,Fish_Decreased
19425,ToxicLake;Fish_Decreased
19426,Fish_Decreased
19427,Fish_Decreased
19428,VEE_SulfuricLake;Fish_Decreased
19429,Fish_Decreased
19430,VEE_SulfuricLake;Fish_Decreased
19431,Fish_Decreased
19432,Fish_Decreased
19433,ToxicLake;Fish_Decreased
19435,Fish_Decreased
19436,Fish_Decreased
19437,Fish_Decreased
19438,VEE_SulfuricLake;Fish_Decreased
19439,Fish_Decreased
19440,Fish_Decreased
19441,ToxicLake;Fish_Decreased
19442,Fish_Decreased
19443,ToxicLake;Fish_Decreased
19444,Fish_Decreased
19445,Fish_Decreased
19447,Fish_Decreased
19448,VEE_SulfuricLake;Fish_Decreased
19449,Fish_Decreased
19450,Fish_Decreased
19451,ToxicLake;Fish_Decreased
19452,Fish_Decreased
19453,Fish_Decreased
19454,Fish_Decreased
19455,Fish_Decreased
19456,VEE_SulfuricLake;Fish_Decreased
19457,Fish_Decreased
19458,Fish_Decreased
19459,Fish_Decreased
19462,Fish_Decreased
19464,VEE_SulfuricLake;Fish_Decreased
19466,SteamGeysers_Increased;VEE_SulfuricLake;Fish_Increased
19467,Cliffs;VEE_MoreSolarPower
19468,Fish_Increased
19469,Fish_Increased
19470,Fish_Increased
19471,Mountain;MineralRich;VEE_MoreSolarPower
19472,Cliffs;AB_GeothermalHotspots;VEE_SmokeVents;VEE_MoreSolarPower
19473,Mountain;Caves;VEE_MoreSolarPower
19474,Cliffs;VEE_MoreSolarPower
19475,Mountain;MineralRich;VEE_MoreSolarPower
19476,Mountain;MineralRich;VEE_DeepOreRich;VEE_MoreSolarPower
19477,Mountain;VEE_MoreSolarPower
19478,Cliffs;VEE_MoreSolarPower
19479,Mountain;Caves;VEE_MoreSolarPower
19480,Mountain;VEE_MoreSolarPower
19481,Cliffs;VEE_MoreSolarPower
19482,Cliffs;AnimalLife_Increased;VEE_StagnantRivulet;VEE_MoreSolarPower
19483,Mountain;VEE_MoreSolarPower
19485,Fish_Increased
19488,SteamGeysers_Increased;Fish_Increased
19489,SteamGeysers_Increased;VEE_SulfuricLake;Fish_Increased
19490,Cliffs;Caves;VEE_MoreSolarPower
19491,Cliffs;VEE_MoreSolarPower
19492,Cliffs;VEE_MoreSolarPower
19493,Cliffs;AB_MagmaVents;AB_GeothermalHotspots;VEE_MoreSolarPower
19494,Cliffs;Caves;VEE_ToxicVents;VEE_MoreSolarPower
19495,Cliffs;LavaLake;VEE_MoreSolarPower
19499,VEE_MoreSolarPower
19505,VEE_MineralDevoid;VEE_DeepOreDevoid;VEE_QuicksandDunes;VEE_QuicksandDunes
19517,Dunes
19518,VEE_MineralDevoid;VEE_DeepOreDevoid;Dunes
19519,Dunes
19522,VEE_MoreSolarPower
19524,VEE_MoreSolarPower
19525,VEE_MoreSolarPower
19526,Dunes;VEE_MoreSolarPower
19527,VEE_MoreSolarPower
19528,VEE_MoreSolarPower
19529,VEE_MineralDevoid;VEE_DeepOreDevoid;Dunes;VEE_MoreSolarPower
19530,Dunes;VEE_MoreSolarPower
19531,Dunes;VEE_MoreSolarPower
19541,VEE_MineralDevoid;VEE_DeepOreDevoid;Dunes
19542,Dunes;Dunes
19548,VEE_MineralDevoid;VEE_DeepOreDevoid;Dunes;Dunes
19568,Dunes;VEE_MoreSolarPower
19569,VEE_MineralDevoid;VEE_DeepOreDevoid;Dunes;VEE_MoreSolarPower
19570,Dunes;VEE_MoreSolarPower
19571,Dunes;VEE_MoreSolarPower
19572,VEE_MineralDevoid;VEE_DeepOreDevoid;Dunes;VEE_MoreSolarPower
19573,Dunes;VEE_MoreSolarPower
19574,Dunes;VEE_MoreSolarPower
19575,VEE_MineralDevoid;VEE_DeepOreDevoid;Dunes;VEE_MoreSolarPower
19576,Dunes;VEE_MoreSolarPower
19577,Dunes;VEE_MoreSolarPower
19578,VEE_MineralDevoid;VEE_DeepOreDevoid;Dunes;VEE_MoreSolarPower
19579,Dunes;VEE_MoreSolarPower
19580,Dunes;VEE_MoreSolarPower
19581,VEE_MineralDevoid;VEE_DeepOreDevoid;Dunes;VEE_MoreSolarPower
19582,Dunes;VEE_MoreSolarPower
19583,Dunes;VEE_MoreSolarPower
19584,VEE_MineralDevoid;VEE_DeepOreDevoid;Dunes;VEE_MoreSolarPower
19585,Dunes;VEE_MoreSolarPower
19586,Dunes;VEE_MoreSolarPower
19587,VEE_MineralDevoid;VEE_DeepOreDevoid;Dunes;VEE_MoreSolarPower
19588,Dunes;VEE_MoreSolarPower
19589,Dunes;VEE_MoreSolarPower
19590,VEE_MineralDevoid;VEE_DeepOreDevoid;Dunes;VEE_MoreSolarPower
19591,Dunes;VEE_MoreSolarPower
19592,Dunes;VEE_MoreSolarPower
19593,VEE_MineralDevoid;VEE_DeepOreDevoid;Dunes;VEE_MoreSolarPower
19594,Dunes;VEE_MoreSolarPower;WildTattooinePlants
19595,Dunes;VEE_MoreSolarPower
19596,VEE_MineralDevoid;VEE_DeepOreDevoid;Dunes;VEE_MoreSolarPower
19597,Dunes;VEE_MoreSolarPower
19598,Dunes;VEE_MoreSolarPower
19599,VEE_MineralDevoid;VEE_DeepOreDevoid;Dunes;VEE_MoreSolarPower
19600,Dunes;VEE_MoreSolarPower
19601,Dunes;VEE_MoreSolarPower
19602,VEE_MineralDevoid;VEE_DeepOreDevoid;Dunes;VEE_MoreSolarPower
19603,VEE_MoreSolarPower
19604,DryLake;VEE_MoreSolarPower
19605,VEE_MoreSolarPower
19606,VEE_MoreSolarPower
19607,VEE_MoreSolarPower
19608,VEE_MoreSolarPower
19609,VEE_MoreSolarPower
19610,VEE_MoreSolarPower
19611,VEE_MoreSolarPower
19612,VEE_MoreSolarPower
19613,VEE_MoreSolarPower
19614,VEE_MoreSolarPower
19615,VEE_MoreSolarPower
19616,VEE_MoreSolarPower
19617,VEE_MoreSolarPower
19618,Dunes;VEE_MoreSolarPower;WildTattooinePlants
19619,VEE_MoreSolarPower;WildTattooinePlants
19620,Dunes;VEE_MoreSolarPower;WildTattooinePlants
19621,VEE_MoreSolarPower;WildTattooinePlants
19622,VEE_MoreSolarPower;WildTattooinePlants
19623,VEE_MoreSolarPower
19624,VEE_MineralDevoid;VEE_DeepOreDevoid;Dunes;VEE_MoreSolarPower;WildTattooinePlants
19625,Dunes;VEE_MoreSolarPower;WildTattooinePlants
19626,VEE_MoreSolarPower;WildTattooinePlants
19627,VEE_MoreSolarPower
19628,VEE_MoreSolarPower
19629,VEE_MoreSolarPower
19630,VEE_MoreSolarPower
19631,VEE_MoreSolarPower
19632,VEE_MoreSolarPower
19633,VEE_MoreSolarPower
19634,VEE_MoreSolarPower
19635,VEE_MoreSolarPower
19636,VEE_MoreSolarPower
19637,VEE_MoreSolarPower
19638,VEE_MoreSolarPower
19639,VEE_MoreSolarPower
19640,VEE_MoreSolarPower
19641,VEE_MoreSolarPower
19642,VEE_MoreSolarPower
19643,Dunes;VEE_MoreSolarPower
19644,VEE_MoreSolarPower
19645,VEE_MoreSolarPower
19646,VEE_MineralDevoid;VEE_DeepOreDevoid;VEE_QuicksandDunes;VEE_QuicksandDunes;VEE_MoreSolarPower
19648,VEE_MoreSolarPower
19649,VEE_MoreSolarPower
19650,VEE_MoreSolarPower
19652,DryLake;VEE_MoreSolarPower
19653,VEE_MoreSolarPower
19654,VEE_MoreSolarPower
19655,VEE_MoreSolarPower
19658,VEE_MoreSolarPower
19659,VEE_MoreSolarPower
19660,VEE_MoreSolarPower
19661,VEE_MoreSolarPower
19662,VEE_MoreSolarPower
19663,VEE_MoreSolarPower
19664,Mountain
19665,Mountain
19667,Mountain
19668,Mountain
19669,Mountain
19676,Dunes;Dunes
19682,Dunes
19683,VEE_MineralDevoid;VEE_DeepOreDevoid;Dunes
19684,Dunes
19685,Dunes
19686,VEE_MineralDevoid;VEE_DeepOreDevoid;Dunes
19687,Dunes
19688,VEE_QuicksandDunes;VEE_QuicksandDunes
19690,VEE_MineralDevoid;VEE_DeepOreDevoid;Dunes
19691,Dunes
19692,Dunes
19708,VEE_MineralDevoid;VEE_DeepOreDevoid
19711,VEE_MineralDevoid;VEE_DeepOreDevoid
19714,VEE_MineralDevoid;VEE_DeepOreDevoid
19717,VEE_MineralDevoid;VEE_DeepOreDevoid
19720,VEE_MineralDevoid;VEE_DeepOreDevoid
19723,VEE_MineralDevoid;VEE_DeepOreDevoid
19726,VEE_MineralDevoid;VEE_DeepOreDevoid
19729,VEE_MineralDevoid;VEE_DeepOreDevoid
19732,VEE_MineralDevoid;VEE_DeepOreDevoid
19735,VEE_MineralDevoid;VEE_DeepOreDevoid
19738,VEE_MineralDevoid;VEE_DeepOreDevoid
19741,VEE_MineralDevoid;VEE_DeepOreDevoid
19744,VEE_MineralDevoid;VEE_DeepOreDevoid
19747,VEE_MineralDevoid;VEE_DeepOreDevoid
19759,VEE_LessSolarPower
19774,VEE_LessSolarPower
19775,VEE_MineralDevoid;VEE_DeepOreDevoid
19776,VEE_LessSolarPower
19777,VEE_LessSolarPower
19778,VEE_LessSolarPower
19779,VEE_LessSolarPower
19780,VEE_LessSolarPower
19781,VEE_LessSolarPower
19782,Mountain;VEE_LessSolarPower
19783,Mountain;VEE_LessSolarPower
19784,Mountain;VEE_LessSolarPower
19785,Mountain;VEE_LessSolarPower
19786,Mountain;VEE_LessSolarPower
19787,VEE_LessSolarPower
19788,VEE_LessSolarPower
19789,Valley;VEE_LessSolarPower
19790,VEE_LessSolarPower
19791,VEE_LessSolarPower
19792,VEE_LessSolarPower
19793,VEE_LessSolarPower
19794,VEE_LessSolarPower
19795,VEE_LessSolarPower
19796,Caves;VEE_LessSolarPower
19797,Caves;VEE_LessSolarPower
19798,VEE_LessSolarPower
19799,VEE_LessSolarPower
19800,VEE_LessSolarPower
19801,VEE_LessSolarPower
19802,Mountain;VEE_LessSolarPower
19803,Mountain;VEE_LessSolarPower
19804,VEE_LessSolarPower
19805,Caves;VEE_LessSolarPower
19806,VEE_LessSolarPower
19807,VEE_LessSolarPower
19808,VEE_LessSolarPower
19809,Caves;VEE_LessSolarPower
19810,Caves;VEE_LessSolarPower
19811,Caves;VEE_LessSolarPower
19812,Caves;VEE_LessSolarPower
19813,VEE_LessSolarPower
19814,VEE_LessSolarPower
19815,VEE_LessSolarPower
19816,VEE_LessSolarPower
19817,VEE_LessSolarPower
19818,VEE_LessSolarPower
19819,VEE_LessSolarPower
19820,VEE_LessSolarPower
19821,VEE_LessSolarPower
19822,VEE_LessSolarPower
19823,VEE_LessSolarPower
19824,VEE_LessSolarPower
19825,VEE_LessSolarPower
19826,VEE_LessSolarPower
19827,VEE_LessSolarPower
19828,VEE_LessSolarPower
19829,VEE_LessSolarPower
19830,VEE_LessSolarPower
19831,VEE_LessSolarPower
19832,VEE_LessSolarPower
19833,VEE_LessSolarPower
19834,VEE_LessSolarPower
19835,VEE_LessSolarPower
19836,VEE_LessSolarPower
19837,Caves;VEE_LessSolarPower
19838,Caves;VEE_LessSolarPower
19839,VEE_LessSolarPower
19840,VEE_LessSolarPower
19841,VEE_LessSolarPower
19842,VEE_LessSolarPower
19843,VEE_LessSolarPower
19844,VEE_LessSolarPower
19845,VEE_LessSolarPower
19846,VEE_LessSolarPower
19847,VEE_LessSolarPower
19848,VEE_LessSolarPower
19849,VEE_LessSolarPower
19850,VEE_MineralDevoid;VEE_DeepOreDevoid;VEE_LessSolarPower
19851,VEE_LessSolarPower
19852,VEE_LessSolarPower
19853,VEE_LessSolarPower
19854,VEE_MineralDevoid;VEE_DeepOreDevoid;VEE_LessSolarPower
19855,VEE_LessSolarPower
19856,VEE_LessSolarPower
19857,VEE_MineralDevoid;VEE_DeepOreDevoid;VEE_LessSolarPower
19858,VEE_LessSolarPower
19859,VEE_LessSolarPower
19860,VEE_LessSolarPower
19861,VEE_LessSolarPower
19862,VEE_LessSolarPower
19864,VEE_LessSolarPower
19865,VEE_LessSolarPower
19866,VEE_LessSolarPower
19868,VEE_LessSolarPower
19869,VEE_LessSolarPower
19870,VEE_LessSolarPower
19871,VEE_LessSolarPower
19874,VEE_LessSolarPower
19875,TerraformingScar;VEE_MineralDevoid;VEE_DeepOreDevoid;VEE_LessSolarPower
19876,VEE_LessSolarPower
19877,VEE_LessSolarPower
19878,VEE_LessSolarPower
19879,VEE_LessSolarPower
19886,VEE_MineralDevoid;VEE_DeepOreDevoid
19891,VEE_MineralDevoid;VEE_DeepOreDevoid
19905,VEE_MineralDevoid;VEE_DeepOreDevoid
19908,VEE_MineralDevoid;VEE_DeepOreDevoid
19912,VEE_MineralDevoid;VEE_DeepOreDevoid
19916,VEE_MineralDevoid;VEE_DeepOreDevoid
19919,VEE_MineralDevoid;VEE_DeepOreDevoid
19928,VEE_MineralDevoid;VEE_DeepOreDevoid
19934,VEE_DustBowl;VEE_PlantLife_Decimated;VEE_Fertility_Reduced;VEE_DustStorms
19935,VEE_MineralDevoid;VEE_DeepOreDevoid
19946,VEE_MineralDevoid;VEE_DeepOreDevoid
19949,VEE_MineralDevoid;VEE_DeepOreDevoid
19952,Caves
19953,Caves
19955,Caves
19957,Caves
19961,AncientGarrison
19985,VEE_Cenotes;VEE_Cenotes
20009,VEE_MineralDevoid;VEE_DeepOreDevoid
20018,VEE_MineralDevoid;VEE_DeepOreDevoid;ToxicLake
20029,VEE_MineralDevoid;VEE_DeepOreDevoid
20032,DryLake
20035,VEE_MineralDevoid;VEE_DeepOreDevoid
20040,VEE_MineralDevoid;VEE_DeepOreDevoid
20048,VEE_MineralDevoid;VEE_DeepOreDevoid
20072,VEE_MineralDevoid;VEE_DeepOreDevoid
20077,VEE_MineralDevoid;VEE_DeepOreDevoid
20085,AncientChemfuelRefinery
20086,VEE_MineralDevoid;VEE_DeepOreDevoid
20089,VEE_MineralDevoid;VEE_DeepOreDevoid
20097,VEE_MineralDevoid;VEE_DeepOreDevoid
20105,VEE_MineralDevoid;VEE_DeepOreDevoid
20121,Caves
20125,Caves
20126,VEE_LessSolarPower
20127,VEE_LessSolarPower
20128,Caves;VEE_LessSolarPower
20129,Caves;VEE_LessSolarPower
20130,Caves;VEE_LessSolarPower
20131,VEE_LessSolarPower
20132,VEE_LessSolarPower
20133,VEE_LessSolarPower
20134,VEE_LessSolarPower
20135,VEE_LessSolarPower
20136,Cavern;VEE_LessSolarPower
20137,VEE_LessSolarPower
20138,VEE_LessSolarPower
20139,VEE_LessSolarPower
20140,VEE_LessSolarPower
20141,VEE_LessSolarPower
20142,VEE_LessSolarPower
20143,VEE_LessSolarPower
20148,VEE_MineralDevoid;VEE_DeepOreDevoid
20156,VEE_MineralDevoid;VEE_DeepOreDevoid
20160,VEE_MineralDevoid;VEE_DeepOreDevoid
20167,VEE_MineralDevoid;VEE_DeepOreDevoid
20175,VEE_MineralDevoid;VEE_DeepOreDevoid
20182,VEE_MineralDevoid;VEE_DeepOreDevoid
20185,VEE_MineralDevoid;VEE_DeepOreDevoid
20188,VEE_MineralDevoid;VEE_DeepOreDevoid
20191,VEE_MineralDevoid;VEE_DeepOreDevoid
20194,VEE_MineralDevoid;VEE_DeepOreDevoid
20197,VEE_MineralDevoid;VEE_DeepOreDevoid
20204,VEE_MineralDevoid;VEE_DeepOreDevoid
20207,VEE_MineralDevoid;VEE_DeepOreDevoid
20211,VEE_MineralDevoid;VEE_DeepOreDevoid
20214,VEE_MineralDevoid;VEE_DeepOreDevoid
20217,VEE_MineralDevoid;VEE_DeepOreDevoid
20224,VEE_MineralDevoid;VEE_DeepOreDevoid
20228,VEE_MineralDevoid;VEE_DeepOreDevoid
20231,VEE_MineralDevoid;VEE_DeepOreDevoid
20235,VEE_MineralDevoid;VEE_DeepOreDevoid
20240,VEE_MineralDevoid;VEE_DeepOreDevoid
20271,VEE_MineralDevoid;VEE_DeepOreDevoid
20275,VEE_MineralDevoid;VEE_DeepOreDevoid
20285,Oasis
20293,VEE_MineralDevoid;VEE_DeepOreDevoid
20299,VEE_MineralDevoid;VEE_DeepOreDevoid
20300,VEE_MoreSolarPower
20301,VEE_MoreSolarPower
20302,VEE_MineralDevoid;VEE_DeepOreDevoid;Dunes;VEE_MoreSolarPower
20303,VEE_MoreSolarPower
20304,VEE_MoreSolarPower
20305,VEE_MoreSolarPower
20306,VEE_MoreSolarPower
20307,VEE_MoreSolarPower
20308,VEE_MoreSolarPower
20309,VEE_MoreSolarPower
20310,VEE_MineralDevoid;VEE_DeepOreDevoid;VEE_MoreSolarPower
20311,VEE_MoreSolarPower
20312,VEE_MoreSolarPower
20313,VEE_MoreSolarPower
20314,VEE_MoreSolarPower
20315,VEE_RottenStench;VEE_SulfuricLake;PlantLife_Increased;VEE_RottenStench;VEE_MoreSolarPower
20316,VEE_MoreSolarPower
20317,VEE_MoreSolarPower
20320,VEE_MineralDevoid;VEE_DeepOreDevoid
20323,VEE_MineralDevoid;VEE_DeepOreDevoid
20326,VEE_MineralDevoid;VEE_DeepOreDevoid
20329,VEE_MineralDevoid;VEE_DeepOreDevoid
20332,VEE_MineralDevoid;VEE_DeepOreDevoid
20335,VEE_MineralDevoid;VEE_DeepOreDevoid
20338,VEE_MineralDevoid;VEE_DeepOreDevoid
20341,VEE_MineralDevoid;VEE_DeepOreDevoid
20342,Dunes
20343,Dunes
20344,VEE_MineralDevoid;VEE_DeepOreDevoid;Dunes
20345,Dunes
20346,Dunes
20347,VEE_MineralDevoid;VEE_DeepOreDevoid;Dunes
20350,VEE_MineralDevoid;VEE_DeepOreDevoid
20352,Dunes
20353,VEE_MineralDevoid;VEE_DeepOreDevoid;Dunes
20354,Dunes
20355,Dunes
20356,VEE_MineralDevoid;VEE_DeepOreDevoid;Dunes
20357,Dunes
20358,Dunes
20359,VEE_MineralDevoid;VEE_DeepOreDevoid;Dunes
20363,VEE_MineralDevoid;VEE_DeepOreDevoid
20372,VEE_MineralDevoid;VEE_DeepOreDevoid
20375,VEE_MineralDevoid;VEE_DeepOreDevoid
20383,VEE_MineralDevoid;VEE_DeepOreDevoid
20389,VEE_MineralDevoid;VEE_DeepOreDevoid
20395,VEE_MineralDevoid;VEE_DeepOreDevoid
20401,VEE_MineralDevoid;VEE_DeepOreDevoid
20404,Mountain
20405,Hollow
20410,VEE_MineralDevoid;VEE_DeepOreDevoid
20413,VEE_MineralDevoid;VEE_DeepOreDevoid
20417,VEE_MineralDevoid;VEE_DeepOreDevoid
20421,TerraformingScar
20427,MineralRich;VEE_DeepOreRich
20436,VEE_MoreSolarPower
20438,VEE_MoreSolarPower
20439,VEE_MoreSolarPower
20440,VEE_MoreSolarPower
20441,VEE_MoreSolarPower
20442,VEE_MoreSolarPower
20443,VEE_MoreSolarPower
20445,VEE_MineralDevoid;VEE_DeepOreDevoid
20449,VEE_MineralDevoid;VEE_DeepOreDevoid
20452,VEE_MineralDevoid;VEE_DeepOreDevoid
20456,sw_DeadSarlaccCave;sw_DeadSarlaccCave
20462,VEE_MoreSolarPower
20466,VEE_MoreSolarPower
20467,VEE_MoreSolarPower
20468,VEE_MineralDevoid;VEE_DeepOreDevoid;VEE_MoreSolarPower
20469,VEE_MoreSolarPower
20470,VEE_MoreSolarPower
20471,VEE_MoreSolarPower
20472,VEE_MoreSolarPower
20473,Dunes;VEE_MoreSolarPower
20474,VEE_MineralDevoid;VEE_DeepOreDevoid;Dunes;VEE_MoreSolarPower
20475,Dunes;VEE_MoreSolarPower
20476,Dunes;VEE_MoreSolarPower
20477,VEE_MineralDevoid;VEE_DeepOreDevoid;Dunes;VEE_MoreSolarPower
20478,Dunes;VEE_MoreSolarPower
20479,Dunes;VEE_MoreSolarPower
20480,VEE_MineralDevoid;VEE_DeepOreDevoid;Dunes;VEE_MoreSolarPower
20481,Dunes;VEE_MoreSolarPower
20482,VEE_MoreSolarPower
20483,VEE_MineralDevoid;VEE_DeepOreDevoid;Dunes;VEE_MoreSolarPower
20484,Dunes;VEE_MoreSolarPower
20485,Dunes;VEE_MoreSolarPower
20486,VEE_MineralDevoid;VEE_DeepOreDevoid;Dunes;VEE_MoreSolarPower
20487,Dunes;VEE_MoreSolarPower
20488,Dunes;VEE_MoreSolarPower
20489,VEE_MineralDevoid;VEE_DeepOreDevoid;Dunes;VEE_MoreSolarPower
20490,Dunes;VEE_MoreSolarPower
20491,Dunes;VEE_MoreSolarPower
20492,VEE_MineralDevoid;VEE_DeepOreDevoid;Dunes;VEE_MoreSolarPower
20493,Dunes;VEE_MoreSolarPower
20494,Dunes;VEE_MoreSolarPower
20495,VEE_MineralDevoid;VEE_DeepOreDevoid;Dunes;VEE_MoreSolarPower
20496,Dunes;VEE_MoreSolarPower
20497,Dunes;VEE_MoreSolarPower
20498,VEE_MineralDevoid;VEE_DeepOreDevoid;Dunes;VEE_MoreSolarPower
20499,Dunes;VEE_MoreSolarPower
20500,Dunes;VEE_MoreSolarPower
20501,VEE_MineralDevoid;VEE_DeepOreDevoid;Dunes;VEE_MoreSolarPower
20502,Dunes;VEE_MoreSolarPower;WildTattooinePlants
20503,Dunes;VEE_MoreSolarPower
20506,VEE_MineralDevoid;VEE_DeepOreDevoid
20510,VEE_MoreSolarPower
20511,VEE_MoreSolarPower
20514,VEE_MineralDevoid;VEE_DeepOreDevoid;AncientGarrison;VEE_MoreSolarPower
20515,VEE_MoreSolarPower
20516,MineralRich;VEE_MoreSolarPower
20517,MineralRich
20518,MineralRich;VEE_DryRiver;VEE_MoreSolarPower
20519,MineralRich
20520,MineralRich;VEE_MoreSolarPower
20521,Mountain;MineralRich;VEE_DeepOreRich;VEE_MoreSolarPower
20528,Mountain;MineralRich;VEE_MoreSolarPower
20529,Valley;VEE_MoreSolarPower
20530,VEE_MoreSolarPower
20531,Mountain;MineralRich;VEE_MoreSolarPower
20532,VEE_MoreSolarPower
20533,VEE_MoreSolarPower
20534,VEE_MoreSolarPower
20535,VEE_MoreSolarPower
20536,VEE_MoreSolarPower
20537,VEE_MoreSolarPower
20538,VEE_MoreSolarPower
20539,VEE_MoreSolarPower
20540,VEE_MoreSolarPower
20541,VEE_MoreSolarPower
20542,VEE_MoreSolarPower
20543,VEE_MoreSolarPower
20544,VEE_MoreSolarPower
20545,Dunes;VEE_MoreSolarPower
20546,VEE_MoreSolarPower
20547,VEE_MoreSolarPower
20548,VEE_MoreSolarPower
20549,VEE_MoreSolarPower
20550,VEE_MoreSolarPower
20551,VEE_MoreSolarPower
20552,Dunes;VEE_MoreSolarPower
20553,VEE_MineralDevoid;VEE_DeepOreDevoid;Dunes;VEE_MoreSolarPower
20554,VEE_MoreSolarPower
20555,VEE_MoreSolarPower
20556,Dunes;VEE_MoreSolarPower
20557,Dunes;VEE_MoreSolarPower
20558,VEE_MineralDevoid;VEE_DeepOreDevoid;Dunes;VEE_MoreSolarPower
20559,Dunes;VEE_MoreSolarPower;WildTattooinePlants
20560,Dunes;VEE_MoreSolarPower
20561,VEE_MineralDevoid;VEE_DeepOreDevoid;Dunes;VEE_MoreSolarPower;WildTattooinePlants
20562,Dunes;VEE_MoreSolarPower;WildTattooinePlants
20563,Dunes;VEE_MoreSolarPower;WildTattooinePlants
20564,VEE_MineralDevoid;VEE_DeepOreDevoid;Dunes;VEE_MoreSolarPower
20565,VEE_MoreSolarPower
20566,Dunes;VEE_MoreSolarPower
20567,Dunes;VEE_MoreSolarPower
20568,VEE_MineralDevoid;VEE_DeepOreDevoid;Dunes;VEE_MoreSolarPower
20569,Dunes;VEE_MoreSolarPower
20570,VEE_MoreSolarPower
20571,VEE_MoreSolarPower
20572,Dunes;VEE_MoreSolarPower;WildTattooinePlants
20573,VEE_MoreSolarPower;WildTattooinePlants
20574,VEE_MoreSolarPower;WildTattooinePlants
20575,VEE_MoreSolarPower;WildTattooinePlants
20576,Chasm
20577,Cliffs
20578,Cliffs
20579,Mountain
20580,VEE_SaltPlains;DryGround
20581,Mountain
20582,Mountain
20583,Chasm;AB_MagmaVents
20584,DryGround
20585,DryGround;AncientHeatVent
20586,Cliffs;AB_MagmaVents
20587,Chasm
20588,VEE_MineralDevoid;VEE_DeepOreDevoid
20591,VEE_MineralDevoid;VEE_DeepOreDevoid
20594,Mountain
20597,VEE_MineralDevoid;VEE_DeepOreDevoid
20599,DryGround
20606,VEE_MineralDevoid;VEE_DeepOreDevoid
20609,VEE_MineralDevoid;VEE_DeepOreDevoid
20622,VEE_MineralDevoid;VEE_DeepOreDevoid
20624,VEE_SaltPlains
20625,VEE_SaltPlains
20626,DryGround
20627,VEE_SaltPlains
20628,VEE_SaltPlains
20629,AncientHeatVent
20630,VEE_SaltPlains
20631,DryGround
20633,VEE_SaltPlains
20634,Mountain
20635,VEE_SaltPlains
20636,DryGround
20637,VEE_SaltPlains
20638,DryGround
20640,VEE_SaltPlains
20641,Plateau;VEE_SaltPlains
20643,DryGround
20646,VEE_MineralDevoid;VEE_DeepOreDevoid
20648,VEE_DryRiver;VEE_SaltPlains;SunnyMutator
20649,VEE_MineralDevoid;VEE_DeepOreDevoid;VEE_SaltPlains
20652,VEE_MineralDevoid;VEE_DeepOreDevoid
20654,VEE_DryRiver
20655,VEE_MineralDevoid;VEE_DeepOreDevoid;VEE_DryRiver
20656,VEE_DryRiver
20657,VEE_DryRiver
20658,VEE_MineralDevoid;VEE_DeepOreDevoid;VEE_DryRiver
20661,VEE_MineralDevoid;VEE_DeepOreDevoid
20664,VEE_MineralDevoid;VEE_DeepOreDevoid
20667,VEE_MineralDevoid;VEE_DeepOreDevoid
20670,VEE_MineralDevoid;VEE_DeepOreDevoid
20673,VEE_MineralDevoid;VEE_DeepOreDevoid
20676,VEE_MineralDevoid;VEE_DeepOreDevoid
20679,VEE_MineralDevoid;VEE_DeepOreDevoid
20682,VEE_MineralDevoid;VEE_DeepOreDevoid
20684,AnimalHabitat;Fish_Increased
20685,VEE_GravelBeach
20686,VEE_MineralDevoid;VEE_DeepOreDevoid
20688,Coast
20689,AnimalHabitat;Fish_Increased
20691,AnimalHabitat;Fish_Increased
20692,AnimalHabitat;Fish_Increased
20694,AnimalHabitat;Fish_Increased
20696,AnimalHabitat;Fish_Increased
20697,AnimalHabitat;Fish_Increased
20698,VEE_MineralDevoid;VEE_DeepOreDevoid;Coast
20700,Junkyard;Stockpile;VEE_MineralDevoid;VEE_DeepOreDevoid;VEE_RisingWaters
20701,Fish_Increased
20702,AnimalHabitat;Fish_Increased
20704,AnimalHabitat;Fish_Increased
20705,VEE_MineralDevoid;VEE_DeepOreDevoid;Junkyard;Stockpile;VEE_RisingWaters
20706,Coast
20707,AnimalHabitat;Fish_Increased
20710,AnimalHabitat;Fish_Increased
20712,AnimalHabitat;Fish_Increased
20715,AnimalHabitat;Fish_Increased
20720,DryGround
20721,VEE_MineralDevoid;VEE_DeepOreDevoid
20726,Cliffs
20727,Cliffs;HotSprings
20728,Mountain
20729,Chasm
20730,DryGround
20731,VEE_SaltPlains;AncientHeatVent
20737,VEE_MineralDevoid;VEE_DeepOreDevoid
20738,Mountain
20740,Mountain
20741,Mountain
20742,Mountain
20743,Mountain
20746,Junkyard;Stockpile;VEE_MineralDevoid;VEE_DeepOreDevoid
20750,VEE_MineralDevoid;VEE_DeepOreDevoid
20751,Mountain
20752,Cliffs
20758,VEE_MineralDevoid;VEE_DeepOreDevoid
20763,VEE_MineralDevoid;VEE_DeepOreDevoid;Coast
20765,VEE_SaltPlains
20766,VEE_MineralDevoid;VEE_DeepOreDevoid;Coast
20768,Coast
20770,Coast
20772,Archipelago
20774,VEE_MineralDevoid;VEE_DeepOreDevoid
20776,Coast
20778,VEE_RelictDelta;VEE_RisingWaters
20780,Coast
20781,Junkyard;Stockpile;VEE_MineralDevoid;VEE_DeepOreDevoid;VEE_RisingWaters;Coast
20782,AnimalHabitat;Fish_Increased
20783,Fish_Increased
20784,AnimalHabitat;Fish_Increased
20786,AnimalHabitat;Fish_Increased
20787,AnimalHabitat;Fish_Increased
20789,AnimalHabitat;Fish_Increased
20791,AnimalHabitat;Fish_Increased
20794,VEE_LessSolarPower
20795,VEE_LessSolarPower
20796,VEE_LessSolarPower
20798,Mountain
20799,Mountain;AncientRuins_Frozen;AncientRuins_Frozen
20800,Cliffs;Caves;VEE_LessSolarPower
20801,Caves
20802,Caves
20803,Mountain;Caves;VEE_LessSolarPower
20805,VEE_LessSolarPower
20807,Caves;VEE_LessSolarPower
20808,VEE_LessSolarPower
20809,VEE_JaggedRocks
20810,Caves;VEE_LessSolarPower
20811,Caves;VEE_LessSolarPower
20812,Caves;VEE_LessSolarPower
20813,Caves;VEE_LessSolarPower
20814,Cliffs;Caves;VEE_LessSolarPower
20815,Caves;VEE_LessSolarPower
20829,Caves
20830,Caves
20831,Caves
20834,VEE_LessSolarPower
20835,Caves;VEE_LessSolarPower
20836,VEE_LessSolarPower
20837,VEE_LessSolarPower
20838,VEE_LessSolarPower
20839,VEE_LessSolarPower
20841,VEE_LessSolarPower
20842,Caves
20843,Caves
20846,VEE_LessSolarPower
20847,VEE_LessSolarPower
20848,VEE_LessSolarPower
20849,VEE_LessSolarPower
20850,VEE_LessSolarPower
20851,VEE_LessSolarPower
20852,VEE_LessSolarPower
20853,AncientWarehouse;VEE_LessSolarPower
20855,VEE_LessSolarPower
20856,VEE_LessSolarPower
20857,VEE_LessSolarPower
20858,VEE_LessSolarPower
20859,VEE_LessSolarPower
20860,VEE_LessSolarPower
20861,VEE_LessSolarPower
20862,VEE_LessSolarPower
20863,VEE_LessSolarPower
20864,Mountain
20865,Mountain
20866,Mountain;VEE_LessSolarPower
20867,Valley;VEE_LessSolarPower
20868,VEE_LessSolarPower
20872,VEE_LessSolarPower
20878,Hollow
20879,Mountain
20886,VEE_LessSolarPower
20887,VEE_LessSolarPower
20889,VEE_LessSolarPower
20890,Caves;VEE_LessSolarPower
20891,Caves;VEE_LessSolarPower
20892,Caves;VEE_LessSolarPower
20893,AncientRuins_Frozen;AncientRuins_Frozen
20895,Mountain;VEE_LessSolarPower
20896,Mountain
20897,Caves
20898,Caves
20899,Caves
20900,VEE_LessSolarPower
20901,VEE_LessSolarPower
20905,VEE_LessSolarPower
20908,VEE_LessSolarPower
20909,VEE_LessSolarPower
20910,VEE_LessSolarPower
20915,VEE_LessSolarPower
20921,VEE_LessSolarPower
20922,VEE_LessSolarPower
20925,VEE_LessSolarPower
20927,VEE_LessSolarPower
20928,VEE_LessSolarPower
20929,VEE_LessSolarPower
20930,VEE_LessSolarPower
20931,VEE_LessSolarPower
20932,VEE_LessSolarPower
20933,VEE_LessSolarPower
20934,VEE_LessSolarPower
20935,VEE_LessSolarPower
20936,VEE_LessSolarPower
20937,VEE_LessSolarPower
20938,Caves
20939,Caves
20941,VEE_LessSolarPower
20942,VEE_LessSolarPower
20943,VEE_LessSolarPower
20944,VEE_LessSolarPower
20945,VEE_LessSolarPower
20946,VEE_LessSolarPower
20947,VEE_LessSolarPower
20953,VEE_LessSolarPower
20960,VEE_LessSolarPower
20961,VEE_LessSolarPower
20963,VEE_LessSolarPower
20964,VEE_LessSolarPower
20965,VEE_LessSolarPower
20969,VEE_LessSolarPower
20970,VEE_LessSolarPower
20974,Caves
20976,Caves;VEE_LessSolarPower
20977,VEE_LessSolarPower
20978,VEE_LessSolarPower
20979,VEE_LessSolarPower
20984,VEE_LessSolarPower
20985,VEE_LessSolarPower
20986,VEE_LessSolarPower
20987,VEE_LessSolarPower
20988,Caves;VEE_LessSolarPower
20989,VEE_LessSolarPower
20990,VEE_LessSolarPower
20991,VEE_LessSolarPower
20992,VEE_LessSolarPower
20993,VEE_LessSolarPower
20994,VEE_LessSolarPower
20995,VEE_LessSolarPower
20996,VEE_LessSolarPower
20997,VEE_LessSolarPower
20998,VEE_LessSolarPower
20999,VEE_LessSolarPower
21000,VEE_LessSolarPower
21001,VEE_LessSolarPower
21002,VEE_LessSolarPower
21003,VEE_LessSolarPower
21004,VEE_LessSolarPower
21005,VEE_LessSolarPower
21006,VEE_LessSolarPower
21007,VEE_LessSolarPower
21037,VEE_MeteorCrater
21073,AncientRuins;AncientRuins
21084,VEE_LessSolarPower
21086,Caves;VEE_LessSolarPower
21087,Caves;VEE_LessSolarPower
21088,VEE_LessSolarPower
21089,Caves;VEE_LessSolarPower
21090,Caves;VEE_LessSolarPower
21091,Caves;VEE_LessSolarPower
21092,Caves
21093,Caves
21094,Caves
21100,Caves
21101,Caves
21110,VEE_LessSolarPower
21112,Caves
21114,VEE_LessSolarPower
21115,VEE_LessSolarPower
21116,VEE_LessSolarPower
21117,VEE_LessSolarPower
21118,VEE_LessSolarPower
21119,VEE_LessSolarPower
21120,VEE_LessSolarPower
21121,VEE_LessSolarPower
21122,VEE_LessSolarPower
21123,Caves;VEE_LessSolarPower
21124,VEE_LessSolarPower
21125,VEE_LessSolarPower
21126,Caves;VEE_LessSolarPower
21127,Caves;VEE_LessSolarPower
21128,Caves;VEE_LessSolarPower
21129,Caves;VEE_LessSolarPower
21130,VEE_LessSolarPower
21131,VEE_LessSolarPower
21132,VEE_LessSolarPower
21133,VEE_LessSolarPower
21134,Caves;VEE_LessSolarPower
21135,Caves;VEE_LessSolarPower
21136,Caves;VEE_LessSolarPower
21137,Caves;VEE_LessSolarPower
21138,Caves;VEE_LessSolarPower
21139,Caves;VEE_LessSolarPower
21140,VEE_LessSolarPower
21141,VEE_LessSolarPower
21142,VEE_LessSolarPower
21143,Caves;VEE_LessSolarPower
21144,Caves;VEE_LessSolarPower
21145,VEE_LessSolarPower
21146,Caves;VEE_LessSolarPower
21147,VEE_LessSolarPower
21148,VEE_LessSolarPower
21149,VEE_LessSolarPower
21150,VEE_LessSolarPower
21151,VEE_LessSolarPower
21152,VEE_LessSolarPower
21153,VEE_LessSolarPower
21154,VEE_LessSolarPower
21155,VEE_LessSolarPower
21156,VEE_LessSolarPower
21157,VEE_LessSolarPower
21158,VEE_LessSolarPower
21159,VEE_LessSolarPower
21160,VEE_LessSolarPower
21161,VEE_LessSolarPower
21162,VEE_LessSolarPower
21163,VEE_LessSolarPower
21164,VEE_LessSolarPower
21165,VEE_LessSolarPower
21166,VEE_LessSolarPower
21167,VEE_LessSolarPower
21168,VEE_LessSolarPower
21169,VEE_LessSolarPower
21170,VEE_LessSolarPower
21171,VEE_LessSolarPower
21172,Caves;VEE_LessSolarPower
21173,VEE_LessSolarPower
21174,VEE_LessSolarPower
21175,VEE_LessSolarPower
21176,VEE_LessSolarPower
21177,VEE_LessSolarPower
21178,VEE_LessSolarPower
21179,VEE_LessSolarPower
21180,VEE_LessSolarPower
21181,VEE_LessSolarPower
21182,VEE_LessSolarPower
21183,Caves;VEE_LessSolarPower
21184,VEE_LessSolarPower
21185,VEE_LessSolarPower
21186,VEE_LessSolarPower
21187,VEE_LessSolarPower
21194,VEE_LessSolarPower
21195,VEE_LessSolarPower
21197,AncientWarehouse
21198,VEE_LessSolarPower
21199,VEE_LessSolarPower
21200,VEE_LessSolarPower
21201,Caves;VEE_LessSolarPower
21202,VEE_LessSolarPower
21203,Caves;VEE_LessSolarPower
21204,VEE_LessSolarPower
21205,Caves;VEE_LessSolarPower
21206,VEE_LessSolarPower
21207,VEE_LessSolarPower
21208,Caves;VEE_LessSolarPower
21209,VEE_LessSolarPower
21210,VEE_LessSolarPower
21211,VEE_LessSolarPower
21212,VEE_LessSolarPower
21214,Caves;VEE_LessSolarPower
21215,Caves;VEE_LessSolarPower
21216,Caves;VEE_LessSolarPower
21217,Caves
21224,VEE_MineralDevoid;VEE_DeepOreDevoid;Dunes
21227,VEE_MoreSolarPower
21229,Dunes
21230,Dunes
21231,VEE_MineralDevoid;VEE_DeepOreDevoid;Dunes
21232,Dunes
21233,Dunes
21234,VEE_MineralDevoid;VEE_DeepOreDevoid;Dunes
21236,Dunes
21237,Dunes
21238,VEE_MineralDevoid;VEE_DeepOreDevoid;Dunes
21239,Dunes
21240,Dunes
21241,VEE_MineralDevoid;VEE_DeepOreDevoid;Dunes
21242,Dunes
21243,Dunes
21246,VEE_MineralDevoid;VEE_DeepOreDevoid;Dunes
21247,Dunes
21248,Dunes
21249,VEE_MineralDevoid;VEE_DeepOreDevoid;Dunes
21250,Dunes;VEE_MoreSolarPower
21251,Dunes
21252,VEE_MineralDevoid;VEE_DeepOreDevoid;Dunes;VEE_MoreSolarPower
21253,Dunes;VEE_MoreSolarPower
21254,Dunes;VEE_MoreSolarPower
21255,VEE_MineralDevoid;VEE_DeepOreDevoid;Dunes;VEE_MoreSolarPower
21256,VEE_MoreSolarPower
21257,VEE_MoreSolarPower
21258,Dunes;VEE_MoreSolarPower
21259,VEE_MoreSolarPower
21260,VEE_MineralDevoid;VEE_DeepOreDevoid;Dunes
21267,Dunes
21271,VEE_MineralDevoid;VEE_DeepOreDevoid;Dunes
21273,Dunes
21274,VEE_MineralDevoid;VEE_DeepOreDevoid
21277,VEE_MineralDevoid;VEE_DeepOreDevoid;Dunes
21278,Dunes
21279,Dunes
21280,VEE_MineralDevoid;VEE_DeepOreDevoid;Dunes
21281,Dunes
21282,Dunes
21283,VEE_MineralDevoid;VEE_DeepOreDevoid;Dunes
21284,Dunes
21286,VEE_MineralDevoid;VEE_DeepOreDevoid;Dunes
21287,Dunes
21288,Dunes
21289,VEE_MineralDevoid;VEE_DeepOreDevoid
21292,VEE_MineralDevoid;VEE_DeepOreDevoid
21296,Oasis;VEE_MoreSolarPower
21297,AnimalLife_Increased;VEE_MoreSolarPower
21298,VEE_MoreSolarPower
21299,VEE_MoreSolarPower
21300,VEE_PlantLife_Overgrown;VEE_NoTrees;VEE_MoreSolarPower
21301,Oasis;VEE_MoreSolarPower
21302,Oasis;VEE_MoreSolarPower
21303,VEE_MoreSolarPower
21304,Oasis;VEE_MoreSolarPower
21305,Oasis;VEE_MoreSolarPower
21306,AnimalLife_Increased;VEE_MoreSolarPower
21307,VEE_StagnantRivulet;Fish_Increased;VEE_MoreSolarPower;River
21308,Mountain;HotSprings;AnimalLife_Increased;VEE_MoreSolarPower
21309,Cliffs;VEE_MoreSolarPower;River
21310,Cliffs;AnimalLife_Increased;VEE_MoreSolarPower
21311,Cliffs;CaveLakes;VEE_MoreSolarPower;Headwater
21312,Cliffs;LavaCrater;AnimalLife_Increased;VEE_MoreSolarPower
21313,Cliffs;CaveLakes;VEE_MoreSolarPower;Headwater
21314,Marshy;VEE_MoreSolarPower
21315,Mountain;VEE_MoreSolarPower
21316,VEE_SerpentineCanyons;VEE_DeepOreRich;VEE_MoreSolarPower;River
21317,Cliffs;Fish_Increased;VEE_MoreSolarPower;River
21318,VEE_StagnantRivulet;Fish_Increased;VEE_MoreSolarPower;RiverIsland
21319,Marshy;VEE_MoreSolarPower
21320,VEE_SerpentineCanyons;VEE_DeepOreRich;VEE_MoreSolarPower;River
21321,Cliffs;VEE_MoreSolarPower;River
21322,Mountain;CaveLakes;MineralRich;VEE_DeepOreRich;VEE_MoreSolarPower;Headwater
21323,Mountain;MineralRich;VEE_DeepOreRich;VEE_MoreSolarPower;River
21324,VEE_SerpentineCanyons;VEE_DeepOreRich;VEE_MoreSolarPower;River
21325,Mountain;VEE_MoreSolarPower;RiverIsland
21326,Mountain;AnimalLife_Increased;VEE_MoreSolarPower
21327,Fish_Increased;VEE_MoreSolarPower;River
21328,AnimalLife_Increased;VEE_MoreSolarPower
21329,Mountain;VEE_MoreSolarPower
21330,VEE_SerpentineCanyons;Fish_Increased;VEE_MoreSolarPower;River
21331,Cliffs;Fish_Increased;VEE_MoreSolarPower;River
21332,VEE_MoreSolarPower
21333,VEE_MoreSolarPower
21334,VEE_MoreSolarPower
21335,VEE_MoreSolarPower
21336,VEE_MoreSolarPower
21337,VEE_MoreSolarPower
21338,VEE_MineralDevoid;VEE_DeepOreDevoid;VEE_MoreSolarPower
21339,VEE_MoreSolarPower
21340,VEE_MoreSolarPower
21341,VEE_MoreSolarPower
21342,VEE_MoreSolarPower
21343,VEE_MineralDevoid;VEE_DeepOreDevoid;VEE_MoreSolarPower
21344,VEE_MoreSolarPower
21345,VEE_MoreSolarPower
21346,VEE_MoreSolarPower
21347,VEE_MoreSolarPower
21348,VEE_MoreSolarPower
21349,VEE_MoreSolarPower
21350,VEE_MoreSolarPower
21351,VEE_MineralDevoid;VEE_DeepOreDevoid;VEE_MoreSolarPower
21352,VEE_MoreSolarPower
21353,VEE_MoreSolarPower
21354,VEE_MoreSolarPower
21355,VEE_MoreSolarPower
21356,VEE_MoreSolarPower
21357,DryGround;VEE_MoreSolarPower
21358,VEE_MoreSolarPower
21359,VEE_MineralDevoid;VEE_DeepOreDevoid;DryGround;VEE_MoreSolarPower
21360,VEE_SaltPlains;Oasis;AnimalLife_Increased;VEE_MoreSolarPower
21361,VEE_SaltPlains;Oasis;VEE_MoreSolarPower
21362,VEE_MoreSolarPower
21363,VEE_MoreSolarPower
21364,DryGround;VEE_MoreSolarPower
21365,DryGround;VEE_MoreSolarPower
21366,VEE_MoreSolarPower
21367,VEE_MineralDevoid;VEE_DeepOreDevoid;VEE_MoreSolarPower
21374,Mountain
21375,Mountain
21376,Mountain
21377,Mountain;MineralRich
21378,Mountain;MineralRich
21382,Dunes
21383,VEE_QuicksandDunes;VEE_QuicksandDunes
21384,VEE_MineralDevoid;VEE_DeepOreDevoid;Dunes
21385,Dunes
21392,Dunes;Dunes
21393,VEE_MineralDevoid;VEE_DeepOreDevoid;Dunes
21404,VEE_MoreSolarPower
21405,AnimalLife_Increased;VEE_MoreSolarPower
21406,VEE_SerpentineCanyons;Fish_Increased;VEE_MoreSolarPower;River
21407,Mountain;VEE_MoreSolarPower
21408,Mountain;Fish_Increased;VEE_MoreSolarPower;RiverIsland
21409,Mountain;VEE_MoreSolarPower
21410,VEE_MoreSolarPower
21411,MineralRich;VEE_DryRiver
21412,VEE_MoreSolarPower
21413,VEE_MoreSolarPower
21414,VEE_MoreSolarPower
21415,MineralRich
21416,MineralRich
21417,MineralRich;VEE_DryRiver
21418,Mountain;MineralRich;VEE_DeepOreRich
21419,Mountain;MineralRich
21420,Mountain;MineralRich
21421,Mountain;MineralRich;VEE_DeepOreRich
21422,Mountain;MineralRich;VEE_DeepOreRich
21423,Mountain;MineralRich;VEE_DeepOreRich
21425,MineralRich
21427,MineralRich
21428,VEE_MoreSolarPower
21429,Cliffs;VEE_MoreSolarPower
21430,Mountain;Caves;MineralRich
21431,Mountain
21432,Caves;Oasis;VEE_MoreSolarPower
21433,Cliffs;VEE_MoreSolarPower
21434,Mountain;Fish_Increased;VEE_MoreSolarPower;RiverIsland
21435,Cliffs;VEE_MoreSolarPower;River
21436,VEE_SerpentineCanyons;VEE_DeepOreRich;VEE_MoreSolarPower;River
21437,Mountain;VEE_MoreSolarPower
21438,Mountain;VEE_MoreSolarPower;RiverIsland
21439,Cliffs;VEE_MoreSolarPower;River
21440,VEE_MineralDevoid;VEE_DeepOreDevoid;Dunes;VEE_MoreSolarPower;WildTattooinePlants
21441,Dunes;Dunes;VEE_MoreSolarPower;WildTattooinePlants
21442,VEE_MoreSolarPower;WildTattooinePlants
21443,VEE_MoreSolarPower;WildTattooinePlants
21444,Dunes;VEE_MoreSolarPower;WildTattooinePlants
21445,VEE_MineralDevoid;VEE_DeepOreDevoid;Dunes;VEE_MoreSolarPower;WildTattooinePlants
21446,VEE_MoreSolarPower;WildTattooinePlants
21447,VEE_MoreSolarPower;WildTattooinePlants
21448,VEE_MoreSolarPower;WildTattooinePlants
21449,VEE_MoreSolarPower;WildTattooinePlants
21450,VEE_MoreSolarPower;WildTattooinePlants
21451,VEE_MoreSolarPower;WildTattooinePlants
21452,VEE_MoreSolarPower;WildTattooinePlants
21453,Dunes;Dunes;VEE_MoreSolarPower;WildTattooinePlants
21454,Dunes;VEE_MoreSolarPower;WildTattooinePlants
21455,VEE_MoreSolarPower;WildTattooinePlants
21456,VEE_MineralDevoid;VEE_DeepOreDevoid;Dunes;VEE_MoreSolarPower;WildTattooinePlants
21457,VEE_MoreSolarPower;WildTattooinePlants
21458,VEE_MoreSolarPower;WildTattooinePlants
21459,Dunes;VEE_MoreSolarPower;WildTattooinePlants
21460,Dunes;VEE_MoreSolarPower;WildTattooinePlants
21461,VEE_MineralDevoid;VEE_DeepOreDevoid;Dunes;VEE_MoreSolarPower;WildTattooinePlants
21462,VEE_MoreSolarPower;WildTattooinePlants
21463,VEE_MoreSolarPower;WildTattooinePlants
21464,Dunes;VEE_MoreSolarPower;WildTattooinePlants
21465,VEE_MoreSolarPower;WildTattooinePlants
21466,VEE_MoreSolarPower;WildTattooinePlants
21467,VEE_MoreSolarPower;WildTattooinePlants
21468,VEE_MoreSolarPower;WildTattooinePlants
21469,VEE_MoreSolarPower;WildTattooinePlants
21470,VEE_MoreSolarPower;WildTattooinePlants
21471,VEE_MoreSolarPower;WildTattooinePlants
21472,VEE_MoreSolarPower;WildTattooinePlants
21473,VEE_MoreSolarPower;WildTattooinePlants
21474,VEE_MoreSolarPower;WildTattooinePlants
21475,VEE_MoreSolarPower;WildTattooinePlants
21476,VEE_MoreSolarPower;WildTattooinePlants
21477,VEE_MoreSolarPower;WildTattooinePlants
21478,VEE_MoreSolarPower;WildTattooinePlants
21479,VEE_MoreSolarPower;WildTattooinePlants
21480,VEE_MoreSolarPower;WildTattooinePlants
21481,VEE_MoreSolarPower;WildTattooinePlants
21482,VEE_MoreSolarPower;WildTattooinePlants
21483,VEE_MoreSolarPower;WildTattooinePlants
21484,VEE_SaltPlains;VEE_MoreSolarPower;WildTattooinePlants
21485,VEE_MoreSolarPower;WildTattooinePlants
21486,VEE_MoreSolarPower;WildTattooinePlants
21487,VEE_MoreSolarPower;WildTattooinePlants
21488,Dunes;VEE_MoreSolarPower;WildTattooinePlants
21489,VEE_MineralDevoid;VEE_DeepOreDevoid;Dunes;VEE_MoreSolarPower;WildTattooinePlants
21490,VEE_MoreSolarPower;WildTattooinePlants
21491,VEE_MoreSolarPower;WildTattooinePlants
21492,Dunes;VEE_MoreSolarPower;WildTattooinePlants
21493,Dunes;VEE_MoreSolarPower;WildTattooinePlants
21494,VEE_MineralDevoid;VEE_DeepOreDevoid;Dunes;VEE_MoreSolarPower;WildTattooinePlants
21495,Dunes;VEE_MoreSolarPower;WildTattooinePlants
21496,Dunes;VEE_MoreSolarPower;WildTattooinePlants
21497,VEE_MoreSolarPower;WildTattooinePlants
21498,VEE_MoreSolarPower;WildTattooinePlants
21499,VEE_MineralDevoid;VEE_DeepOreDevoid;Dunes;VEE_MoreSolarPower;WildTattooinePlants
21500,VEE_MoreSolarPower;WildTattooinePlants
21501,VEE_MoreSolarPower;WildTattooinePlants
21502,Dunes;VEE_MoreSolarPower;WildTattooinePlants
21503,VEE_MoreSolarPower;WildTattooinePlants
21504,VEE_MoreSolarPower;WildTattooinePlants
21505,VEE_MoreSolarPower;WildTattooinePlants
21506,VEE_MoreSolarPower;WildTattooinePlants
21507,VEE_SaltPlains;VEE_MoreSolarPower;WildTattooinePlants
21508,Dunes;VEE_MoreSolarPower;WildTattooinePlants
21509,VEE_MoreSolarPower;WildTattooinePlants
21510,VEE_MoreSolarPower;WildTattooinePlants
21511,VEE_MineralDevoid;VEE_DeepOreDevoid;Dunes;VEE_MoreSolarPower;WildTattooinePlants
21512,AncientHeatVent;AncientRuins;VEE_MoreSolarPower
21513,AB_DerelictClusters;AncientHeatVent;AncientRuins;MineralRich;VEE_MoreSolarPower
21514,AB_DerelictClusters;AncientHeatVent;VEE_MoreSolarPower
21515,AB_AmbientRadiation;AB_DerelictClusters;AncientHeatVent;AncientUplink;VEE_SulfuricLake;VEE_MoreSolarPower
21516,AB_AmbientRadiation;AB_DerelictClusters;AncientHeatVent;AncientInfestedSettlement;AncientRuins;VEE_ToxicVents;VEE_MoreSolarPower
21517,AB_DerelictClusters;AncientHeatVent;Junkyard;VEE_MechanoidShipChunks;VEE_SulfuricLake;VEE_ToxicVents;VEE_MoreSolarPower
21518,AB_AmbientRadiation;AB_DerelictClusters;AncientHeatVent;VEE_MechanoidShipChunks;VEE_ToxicVents;VEE_MoreSolarPower
21519,AB_AmbientRadiation;AncientHeatVent;VEE_ToxicVents;VEE_MoreSolarPower
21520,AncientHeatVent;VEE_MechanoidShipChunks;VEE_SulfuricLake;VEE_ToxicVents;VEE_MoreSolarPower
21521,AB_AmbientRadiation;AB_DerelictClusters;AncientHeatVent;MineralRich;VEE_MechanoidShipChunks;VEE_MoreSolarPower
21522,AB_AmbientRadiation;AB_DerelictClusters;AncientHeatVent;AncientRuins;Junkyard;VEE_MoreSolarPower
21523,AB_AmbientRadiation;AB_DerelictClusters;AncientHeatVent;AncientRuins;Junkyard;VEE_MechanoidShipChunks;VEE_MoreSolarPower
21524,AB_AmbientRadiation;AB_DerelictClusters;AncientWarehouse;MineralRich;VEE_MechanoidShipChunks;VEE_MoreSolarPower
21525,AB_DerelictClusters;VEE_MoreSolarPower
21526,AB_AncientDeathPallVent;AB_DerelictClusters;VEE_SulfuricLake;VEE_MoreSolarPower
21527,AB_DerelictClusters;AncientHeatVent;Junkyard;VEE_MechanoidShipChunks;VEE_MoreSolarPower
21528,Junkyard;VEE_MechanoidShipChunks;VEE_SulfuricLake;VEE_MoreSolarPower
21529,AB_DerelictClusters;AncientHeatVent;AncientRuins;VEE_MechanoidShipChunks;VEE_MoreSolarPower
21530,AB_AmbientRadiation;AB_DerelictClusters;AncientHeatVent;AncientRuins;VEE_SulfuricLake;VEE_MoreSolarPower
21531,Junkyard;VEE_MoreSolarPower
21532,AB_AmbientRadiation;AB_DerelictClusters;AncientHeatVent;VEE_SulfuricLake;VEE_MoreSolarPower
21533,AncientHeatVent;AncientRuins;VEE_SulfuricLake;VEE_MoreSolarPower
21534,AB_AmbientRadiation;AB_DerelictClusters;AncientRuins;VEE_MoreSolarPower
21535,AB_DerelictClusters;AncientRuins;Junkyard;MineralRich;VEE_MechanoidShipChunks;VEE_SulfuricLake;VEE_MoreSolarPower
21536,AB_AmbientRadiation;AB_DerelictClusters;AncientHeatVent;AncientRuins;VEE_MechanoidShipChunks;VEE_MoreSolarPower
21537,AB_AmbientRadiation;AB_DerelictClusters;AncientHeatVent;VEE_SulfuricLake;VEE_MoreSolarPower
21538,AB_AmbientRadiation;AncientHeatVent;MineralRich;VEE_MechanoidShipChunks;VEE_SulfuricLake;VEE_MoreSolarPower
21539,AncientHeatVent;VEE_SulfuricLake;VEE_MoreSolarPower
21540,AncientHeatVent;MineralRich;VEE_MoreSolarPower
21541,AB_AmbientRadiation;AB_DerelictClusters;AncientHeatVent;VEE_MechanoidShipChunks;VEE_MoreSolarPower
21542,AB_DerelictClusters;AncientHeatVent;VEE_MechanoidShipChunks;VEE_ToxicVents;VEE_MoreSolarPower
21543,AB_AmbientRadiation;AB_DerelictClusters;AncientHeatVent;VEE_MoreSolarPower
21544,AB_AmbientRadiation;AB_DerelictClusters;AncientHeatVent;AncientRuins;VEE_MechanoidShipChunks;VEE_MoreSolarPower
21545,AB_AmbientRadiation;AncientGarrison;AncientHeatVent;VEE_MechanoidShipChunks;VEE_SulfuricLake;VEE_MoreSolarPower
21546,AB_AmbientRadiation;AB_AncientGreyPallVent;VEE_SulfuricLake;VEE_ToxicVents;VEE_MoreSolarPower
21547,AB_AmbientRadiation;AB_DerelictClusters;AncientHeatVent;AncientLaunchSite;Junkyard;VEE_ToxicVents;VEE_MoreSolarPower
21548,Dunes;VEE_MoreSolarPower;WildTattooinePlants
21549,AB_AmbientRadiation;AB_DerelictClusters;AncientHeatVent;Junkyard;MineralRich;VEE_MoreSolarPower
21550,Dunes;VEE_MoreSolarPower;WildTattooinePlants
21551,AB_DerelictClusters;AncientHeatVent;VEE_MoreSolarPower
21552,VEE_MoreSolarPower;WildTattooinePlants
21553,VEE_MoreSolarPower;WildTattooinePlants
21554,VEE_MoreSolarPower;WildTattooinePlants
21555,VEE_MoreSolarPower;WildTattooinePlants
21556,VEE_MoreSolarPower;WildTattooinePlants
21557,VEE_MoreSolarPower;WildTattooinePlants
21558,VEE_MoreSolarPower;WildTattooinePlants
21559,VEE_MoreSolarPower;WildTattooinePlants
21560,AB_AmbientRadiation;AncientHeatVent;Junkyard;VEE_MoreSolarPower
21561,AB_AmbientRadiation;AncientHeatVent;MineralRich;VEE_MoreSolarPower
21562,AB_AmbientRadiation;AB_DerelictClusters;AncientHeatVent;AncientRuins;VEE_SulfuricLake;VEE_MoreSolarPower
21563,AB_DerelictClusters;AncientHeatVent;VEE_SulfuricLake;VEE_MoreSolarPower
21564,AB_DerelictClusters;AncientHeatVent;VEE_SulfuricLake;VEE_MoreSolarPower
21565,TerraformingScar;AncientHeatVent;AB_DerelictClusters;VEE_MechanoidShipChunks;VEE_ToxicVents;VEE_MoreSolarPower
21566,AB_AncientBloodRainVent;AB_DerelictClusters;AncientWarehouse;Junkyard;MineralRich;VEE_MechanoidShipChunks;VEE_MoreSolarPower
21567,AB_DerelictClusters;AncientHeatVent;VEE_MoreSolarPower
21568,AB_AmbientRadiation;AB_DerelictClusters;AncientGarrison;AncientHeatVent;AncientRuins;VEE_MechanoidShipChunks;VEE_ToxicVents;VEE_MoreSolarPower
21569,AB_AmbientRadiation;AB_DerelictClusters;AncientRuins;MineralRich;VEE_ToxicVents;VEE_MoreSolarPower
21570,AB_AmbientRadiation;AncientHeatVent;AncientRuins;VEE_MechanoidShipChunks;VEE_SulfuricLake;VEE_ToxicVents;VEE_MoreSolarPower
21571,AB_AmbientRadiation;AB_DerelictClusters;AncientHeatVent;MineralRich;VEE_ToxicVents;VEE_MoreSolarPower
21572,VEE_RottenStench;VEE_SulfuricLake;PlantLife_Increased;VEE_RottenStench;VEE_MoreSolarPower
21573,VEE_MoreSolarPower
21574,AB_DerelictClusters;AncientChemfuelRefinery;AncientHeatVent;AncientUplink;Junkyard;VEE_MechanoidShipChunks;VEE_MoreSolarPower
21575,AncientHeatVent;VEE_SulfuricLake;VEE_MoreSolarPower
21576,VEE_MoreSolarPower
21577,VEE_MoreSolarPower
21578,VEE_MoreSolarPower;WildTattooinePlants
21579,VEE_MoreSolarPower;WildTattooinePlants
21580,VEE_MoreSolarPower
21581,VEE_MoreSolarPower
21582,VEE_MineralDevoid;VEE_DeepOreDevoid;Dunes;VEE_MoreSolarPower;WildTattooinePlants
21583,Dunes;VEE_MoreSolarPower;WildTattooinePlants
21584,VEE_MoreSolarPower;WildTattooinePlants
21585,VEE_MoreSolarPower;WildTattooinePlants
21586,VEE_PebbleDunes;VEE_PebbleDunes;VEE_MoreSolarPower;WildTattooinePlants
21587,VEE_MoreSolarPower;WildTattooinePlants
21588,VEE_MoreSolarPower;WildTattooinePlants
21589,VEE_MoreSolarPower;WildTattooinePlants
21590,VEE_MoreSolarPower;WildTattooinePlants
21591,VEE_MoreSolarPower;WildTattooinePlants
21592,VEE_MineralDevoid;VEE_DeepOreDevoid;Dunes;VEE_MoreSolarPower;WildTattooinePlants
21593,VEE_MoreSolarPower;WildTattooinePlants
21594,VEE_MoreSolarPower;WildTattooinePlants
21595,VEE_MoreSolarPower;WildTattooinePlants
21596,VEE_MoreSolarPower;WildTattooinePlants
21597,Dunes;VEE_MoreSolarPower;WildTattooinePlants
21598,VEE_MoreSolarPower;WildTattooinePlants
21599,VEE_MoreSolarPower;WildTattooinePlants
21600,VEE_MoreSolarPower;WildTattooinePlants
21601,VEE_MoreSolarPower;WildTattooinePlants
21602,Dunes;VEE_MoreSolarPower;WildTattooinePlants
21603,VEE_MineralDevoid;VEE_DeepOreDevoid;Dunes;VEE_MoreSolarPower;WildTattooinePlants
21604,Dunes;VEE_MoreSolarPower;WildTattooinePlants
21605,Dunes;VEE_MoreSolarPower;WildTattooinePlants
21606,VEE_MineralDevoid;VEE_DeepOreDevoid;Dunes;VEE_MoreSolarPower;WildTattooinePlants
21607,Dunes;VEE_MoreSolarPower;WildTattooinePlants
21608,Dunes;VEE_MoreSolarPower;WildTattooinePlants
21609,VEE_MineralDevoid;VEE_DeepOreDevoid;Dunes;VEE_MoreSolarPower;WildTattooinePlants
21610,Dunes;VEE_MoreSolarPower;WildTattooinePlants
21611,Dunes;VEE_MoreSolarPower;WildTattooinePlants
21612,VEE_MineralDevoid;VEE_DeepOreDevoid;Dunes;VEE_MoreSolarPower;WildTattooinePlants
21613,Dunes;VEE_MoreSolarPower;WildTattooinePlants
21614,VEE_MoreSolarPower;WildTattooinePlants
21615,VEE_MoreSolarPower;WildTattooinePlants
21616,Dunes;VEE_MoreSolarPower;WildTattooinePlants
21617,VEE_MineralDevoid;VEE_DeepOreDevoid;Dunes;VEE_MoreSolarPower;WildTattooinePlants
21618,VEE_MoreSolarPower;WildTattooinePlants
21619,VEE_MoreSolarPower;WildTattooinePlants
21620,VEE_MoreSolarPower;WildTattooinePlants
21621,VEE_MoreSolarPower;WildTattooinePlants
21622,VEE_MoreSolarPower;WildTattooinePlants
21623,Mountain;VEE_MoreSolarPower;WildTattooinePlants
21624,VEE_MoreSolarPower;WildTattooinePlants
21625,VEE_MoreSolarPower;WildTattooinePlants
21626,Mountain;VEE_MoreSolarPower;WildTattooinePlants
21627,Dunes;VEE_MoreSolarPower;WildTattooinePlants
21628,Mountain;VEE_MoreSolarPower;WildTattooinePlants
21629,Mountain;VEE_MoreSolarPower;WildTattooinePlants
21630,VEE_MoreSolarPower;WildTattooinePlants
21631,VEE_MoreSolarPower;WildTattooinePlants
21632,VEE_MoreSolarPower;WildTattooinePlants
21633,VEE_MoreSolarPower;WildTattooinePlants
21634,Dunes;VEE_MoreSolarPower;WildTattooinePlants
21635,VEE_MoreSolarPower;WildTattooinePlants
21636,VEE_MoreSolarPower;WildTattooinePlants
21637,VEE_MoreSolarPower;WildTattooinePlants
21638,VEE_MoreSolarPower;WildTattooinePlants
21639,MineralRich;VEE_MoreSolarPower;WildTattooinePlants
21640,VEE_MoreSolarPower;WildTattooinePlants
21641,VEE_MoreSolarPower;WildTattooinePlants
21642,VEE_MoreSolarPower;WildTattooinePlants
21643,VEE_MoreSolarPower;WildTattooinePlants
21644,Mountain;MineralRich;VEE_DeepOreRich;VEE_MoreSolarPower;WildTattooinePlants
21645,Mountain;MineralRich;VEE_DeepOreRich;VEE_MoreSolarPower;WildTattooinePlants
21646,Mountain;MineralRich;VEE_MoreSolarPower;WildTattooinePlants
21647,Mountain;MineralRich;VEE_MoreSolarPower
21648,Cliffs;VEE_DeepOreRich;MineralRich;VEE_MoreSolarPower
21649,Mountain;MineralRich;VEE_MoreSolarPower
21650,VEE_MoreSolarPower;WildTattooinePlants
21651,MineralRich;VEE_MoreSolarPower;WildTattooinePlants
21652,MineralRich;VEE_MoreSolarPower;WildTattooinePlants
21653,VEE_MineralDevoid;VEE_DeepOreDevoid;VEE_PebbleDunes;VEE_PebbleDunes;VEE_MoreSolarPower;WildTattooinePlants
21654,VEE_MoreSolarPower;WildTattooinePlants
21655,VEE_MoreSolarPower;WildTattooinePlants
21658,VEE_MineralDevoid;VEE_DeepOreDevoid
21661,VEE_MineralDevoid;VEE_DeepOreDevoid
21664,VEE_MineralDevoid;VEE_DeepOreDevoid
21667,VEE_MineralDevoid;VEE_DeepOreDevoid
21681,VEE_DustBowl
21684,TerraformingScar;VEE_MineralDevoid;VEE_DeepOreDevoid
21691,VEE_MineralDevoid;VEE_DeepOreDevoid
21692,AnimalHabitat;Fish_Increased
21694,AnimalHabitat;Fish_Increased
21696,AnimalHabitat;Fish_Increased
21697,AnimalHabitat;Fish_Increased
21706,Coast
21709,VEE_MineralDevoid;VEE_DeepOreDevoid
21715,Caves
21716,Caves
21717,Caves
21720,Caves
21721,Caves
21722,VEE_RelictDelta
21724,Caves;Coast
21728,AnimalHabitat;Fish_Increased
21730,AnimalHabitat;Fish_Increased
21741,AnimalHabitat;Fish_Increased
21742,Fish_Increased
21743,AnimalHabitat;Fish_Increased
21748,AnimalHabitat;Fish_Increased
21760,Fish_Increased
21761,AnimalHabitat;Fish_Increased
21765,Coast
21767,Coast
21771,AnimalHabitat;Fish_Increased
21773,AnimalHabitat;Fish_Increased
21774,AnimalHabitat;Fish_Increased
21776,Fish_Increased
21778,AnimalHabitat;Fish_Increased
21779,AnimalHabitat;Fish_Increased
21782,AnimalHabitat;Fish_Increased
21783,Coast
21784,AnimalHabitat;Fish_Increased
21787,AnimalHabitat;Fish_Increased
21797,VEE_MineralDevoid;VEE_DeepOreDevoid
21800,AnimalHabitat;Fish_Increased
21801,Fish_Increased
21802,AnimalHabitat;Fish_Increased
21804,AnimalHabitat;Fish_Increased
21805,AnimalHabitat;Fish_Increased
21807,AnimalHabitat;Fish_Increased;VEE_DeepSnow;WindyMutator
21809,AnimalHabitat;Fish_Increased;VEE_DeepSnow;WindyMutator
21810,AnimalHabitat;Fish_Increased;IceDunes;WindyMutator
21813,Coast
21814,AncientWarehouse;WindyMutator;VEE_RisingWaters;Coast
21816,VEE_RelictDelta
21821,Caves
21822,Caves
21823,Caves
21827,Caves
21828,Caves
21829,Caves
21830,AncientRuins;VEE_MineralDevoid;VEE_DeepOreDevoid;Archipelago
21837,AnimalHabitat;Fish_Increased
21838,AnimalHabitat;Fish_Increased
21840,WindyMutator
21841,AnimalHabitat;Fish_Increased;WindyMutator
21842,Fish_Increased
21843,AnimalHabitat;Fish_Increased;WindyMutator
21845,AnimalHabitat;Fish_Increased
21846,AnimalHabitat;Fish_Increased
21848,AnimalHabitat;Fish_Increased;IceDunes;WindyMutator
21850,AnimalHabitat;Fish_Increased;WindyMutator
21851,AnimalHabitat;Fish_Increased
21853,AnimalHabitat;Fish_Increased
21856,AnimalHabitat;Fish_Increased;WindyMutator;Iceberg
21858,AnimalHabitat;Fish_Increased;IceDunes;WindyMutator
21861,AnimalHabitat;Fish_Increased;WindyMutator;Iceberg
21863,AnimalHabitat;Fish_Increased;VEE_DeepSnow;WindyMutator
21864,Junkyard;Stockpile;VEE_MineralDevoid;VEE_DeepOreDevoid;Archipelago
21865,VEE_DeepSnow
21866,AnimalHabitat;Fish_Increased;WindyMutator
21868,WindyMutator;Iceberg
21869,WindyMutator;Iceberg
21871,WindyMutator
