page,row,col,csvRow,defName,label,modName,packageId,loadOrder,duplicateDefName,pawnKindDefName,pawnKindMod,pawnKindCount,lifeStageIndex,lifeStageCount,texPath,texSuffix,textureFile,imageW,imageH,renderError
1,0,0,1,FancyRat,fancyrat,AA FancyRats,armoredampharos.fancyrats,41,,FancyRat,AA FancyRats,1,2,3,Things/Pawn/Animal/FancyRat/FancyRat_Albino,_south,C:\Program Files (x86)\Steam\steamapps\workshop\content\294100\3265419811\Common\Textures\Things\Pawn\Animal\FancyRat\FancyRat_Albino_south.png,75,207,
1,0,1,9,AA_AcanthamoebaGiganteaHuge,"acanthamoeba gigantea, huge",Alpha Animals,sarg.alphaanimals,416,,AA_AcanthamoebaGiganteaHuge,Alpha Animals,1,0,1,Things/Pawn/Animal/AA_AcanthamoebaGigantea/AA_AcanthamoebaGigantea,_south,C:\Program Files (x86)\Steam\steamapps\workshop\content\294100\1541721856\Textures\Things\Pawn\Animal\AA_AcanthamoebaGigantea\AA_AcanthamoebaGigantea_south.png,185,179,
1,0,2,10,AA_AcanthamoebaGiganteaLarge,"acanthamoeba gigantea, large",Alpha Animals,sarg.alphaanimals,416,,AA_AcanthamoebaGiganteaLarge,Alpha Animals,1,0,1,Things/Pawn/Animal/AA_AcanthamoebaGigantea/AA_AcanthamoebaGigantea,_south,C:\Program Files (x86)\Steam\steamapps\workshop\content\294100\1541721856\Textures\Things\Pawn\Animal\AA_AcanthamoebaGigantea\AA_AcanthamoebaGigantea_south.png,185,179,
1,0,3,11,AA_AcanthamoebaGiganteaSmall,"acanthamoeba gigantea, small",Alpha Animals,sarg.alphaanimals,416,,AA_AcanthamoebaGiganteaSmall,Alpha Animals,1,0,1,Things/Pawn/Animal/AA_AcanthamoebaGigantea/AA_AcanthamoebaGigantea,_south,C:\Program Files (x86)\Steam\steamapps\workshop\content\294100\1541721856\Textures\Things\Pawn\Animal\AA_AcanthamoebaGigantea\AA_AcanthamoebaGigantea_south.png,185,179,
1,0,4,12,AA_Aerofleet,aerofleet,Alpha Animals,sarg.alphaanimals,416,,AA_Aerofleet,Alpha Animals,1,2,3,Things/Pawn/Animal/AA_Aerofleet/AA_Aerofleet,_south,C:\Program Files (x86)\Steam\steamapps\workshop\content\294100\1541721856\Textures\Things\Pawn\Animal\AA_Aerofleet\AA_Aerofleet_south.png,210,237,
1,0,5,13,AA_Agaripawn,agaripawn,Alpha Animals,sarg.alphaanimals,416,,AA_Agaripawn,Alpha Animals,1,2,3,Things/Pawn/Animal/AA_Agaripawn/AA_Agaripawn,_south,C:\Program Files (x86)\Steam\steamapps\workshop\content\294100\1541721856\Textures\Things\Pawn\Animal\AA_Agaripawn\AA_Agaripawn_south.png,124,131,
1,0,6,14,AA_Agaripod,agaripod,Alpha Animals,sarg.alphaanimals,416,,AA_Agaripod,Alpha Animals,1,2,3,Things/Pawn/Animal/AA_Agaripod/AA_Agaripod,_south,C:\Program Files (x86)\Steam\steamapps\workshop\content\294100\1541721856\Textures\Things\Pawn\Animal\AA_Agaripod\AA_Agaripod_south.png,191,220,
1,0,7,15,AA_AngelMoth,angel moth,Alpha Animals,sarg.alphaanimals,416,,AA_AngelMoth,Alpha Animals,1,0,1,Things/Pawn/Animal/AA_AngelMoth/AA_AngelMoth,_south,C:\Program Files (x86)\Steam\steamapps\workshop\content\294100\1541721856\Textures\Things\Pawn\Animal\AA_AngelMoth\AA_AngelMoth_south.png,242,217,
1,0,8,16,AA_AngelMothLarva,angel moth larva,Alpha Animals,sarg.alphaanimals,416,,AA_AngelMothLarva,Alpha Animals,1,0,1,Things/Pawn/Animal/AA_AngelMoth/AA_AngelMothLarva,_south,C:\Program Files (x86)\Steam\steamapps\workshop\content\294100\1541721856\Textures\Things\Pawn\Animal\AA_AngelMoth\AA_AngelMothLarva_south.png,53,118,
1,0,9,17,AA_AnimaColossus,anima colossus,Alpha Animals,sarg.alphaanimals,416,,AA_AnimaColossus,Alpha Animals,1,2,3,Things/Pawn/Animal/AA_AnimaColossus/AA_AnimaColossus,_south,C:\Program Files (x86)\Steam\steamapps\workshop\content\294100\1541721856\Textures\Things\Pawn\Animal\AA_AnimaColossus\AA_AnimaColossus_south.png,129,192,
1,0,10,18,AA_Animalisk,animalisk,Alpha Animals,sarg.alphaanimals,416,,AA_Animalisk,Alpha Animals,1,2,3,Things/Pawn/Animal/AA_Animalisk/AA_Animalisk,_south,C:\Program Files (x86)\Steam\steamapps\workshop\content\294100\1541721856\Textures\Things\Pawn\Animal\AA_Animalisk\AA_Animalisk_south.png,144,201,
1,0,11,19,AA_AnimusVox,animus vox,Alpha Animals,sarg.alphaanimals,416,,AA_AnimusVox,Alpha Animals,1,2,3,Things/Pawn/Animal/AA_AnimusVox/AA_AnimusVox,_south,C:\Program Files (x86)\Steam\steamapps\workshop\content\294100\1541721856\Textures\Things\Pawn\Animal\AA_AnimusVox\AA_AnimusVox_south.png,86,181,
1,0,12,20,AA_ArcticLion,arctic lion,Alpha Animals,sarg.alphaanimals,416,,AA_ArcticLion,Alpha Animals,1,2,3,Things/Pawn/Animal/AA_ArcticLion/AA_ArcticLion,_south,C:\Program Files (x86)\Steam\steamapps\workshop\content\294100\3536598972\Textures\Things\Pawn\Animal\AA_ArcticLion\AA_ArcticLion_south.png,185,302,
1,0,13,21,AA_Atispec,atispec,Alpha Animals,sarg.alphaanimals,416,,AA_Atispec,Alpha Animals,1,0,1,Things/Pawn/Animal/AA_Atispec/AA_Atispec,_south,C:\Program Files (x86)\Steam\steamapps\workshop\content\294100\1541721856\Textures\Things\Pawn\Animal\AA_Atispec\AA_Atispec_south.png,120,198,
1,1,0,22,AA_AuroraSylph,Aurora sylph,Alpha Animals,sarg.alphaanimals,416,,AA_AuroraSylph,Alpha Animals,1,0,1,Things/Pawn/Animal/AA_AuroraSylph/AA_AuroraSylph,_south,C:\Program Files (x86)\Steam\steamapps\workshop\content\294100\1541721856\Textures\Things\Pawn\Animal\AA_AuroraSylph\AA_AuroraSylph_south.png,242,207,
1,1,1,23,AA_Barbslinger,barbslinger,Alpha Animals,sarg.alphaanimals,416,,AA_Barbslinger,Alpha Animals,1,2,3,Things/Pawn/Animal/AA_BarbSlinger/AA_BarbSlinger,_south,C:\Program Files (x86)\Steam\steamapps\workshop\content\294100\1541721856\Textures\Things\Pawn\Animal\AA_BarbSlinger\AA_BarbSlinger_south.png,182,205,
1,1,2,24,AA_BedBug,bedbug,Alpha Animals,sarg.alphaanimals,416,,AA_BedBug,Alpha Animals,1,2,3,Things/Pawn/Animal/AA_BedBug/AA_BedBug,_south,C:\Program Files (x86)\Steam\steamapps\workshop\content\294100\1541721856\Textures\Things\Pawn\Animal\AA_BedBug\AA_BedBug_south.png,201,202,
1,1,3,25,AA_Behemoth,Behemoth,Alpha Animals,sarg.alphaanimals,416,,AA_Behemoth,Alpha Animals,1,2,3,Things/Pawn/Animal/FO_ForsakenDragon/FO_ForsakenDragon,_south,C:\Program Files (x86)\Steam\steamapps\workshop\content\294100\1541721856\Textures\Things\Pawn\Animal\FO_ForsakenDragon\FO_ForsakenDragon_south.png,171,271,
1,1,4,26,AA_BlackScarab,black scarab,Alpha Animals,sarg.alphaanimals,416,,AA_BlackScarab,Alpha Animals,1,2,3,Things/Pawn/Animal/AA_BlackScarab/AA_BlackScarab,_south,C:\Program Files (x86)\Steam\steamapps\workshop\content\294100\1541721856\Textures\Things\Pawn\Animal\AA_BlackScarab\AA_BlackScarab_south.png,80,126,
1,1,5,27,AA_BlackSpelopede,black spelopede,Alpha Animals,sarg.alphaanimals,416,,AA_BlackSpelopede,Alpha Animals,1,2,3,Things/Pawn/Animal/AA_BlackSpelopede/AA_BlackSpelopede,_south,C:\Program Files (x86)\Steam\steamapps\workshop\content\294100\1541721856\Textures\Things\Pawn\Animal\AA_BlackSpelopede\AA_BlackSpelopede_south.png,110,210,
1,1,6,28,AA_BlackSpider,blackspider,Alpha Animals,sarg.alphaanimals,416,,AA_BlackSpider,Alpha Animals,1,2,3,Things/Pawn/Animal/AA_BlackSpider/AA_BlackSpider,_south,C:\Program Files (x86)\Steam\steamapps\workshop\content\294100\1541721856\Textures\Things\Pawn\Animal\AA_BlackSpider\AA_BlackSpider_south.png,97,185,
1,1,7,29,AA_Blizzarisk,blizzarisk,Alpha Animals,sarg.alphaanimals,416,,AA_Blizzarisk,Alpha Animals,1,2,3,Things/Pawn/Animal/AA_Blizzarisk/AA_Blizzarisk,_south,C:\Program Files (x86)\Steam\steamapps\workshop\content\294100\1541721856\Textures\Things\Pawn\Animal\AA_Blizzarisk\AA_Blizzarisk_south.png,143,181,
1,1,8,30,AA_BlizzariskClutchMother,blizzarisk clutch mother,Alpha Animals,sarg.alphaanimals,416,,AA_BlizzariskClutchMother,Alpha Animals,1,0,1,Things/Pawn/Animal/AA_Blizzarisk/AA_Blizzarisk_Clutchmother,_south,C:\Program Files (x86)\Steam\steamapps\workshop\content\294100\1541721856\Textures\Things\Pawn\Animal\AA_Blizzarisk\AA_Blizzarisk_Clutchmother_south.png,148,199,
1,1,9,31,AA_BloodShrimp,blood shrimp,Alpha Animals,sarg.alphaanimals,416,,AA_BloodShrimp,Alpha Animals,1,2,3,Things/Pawn/Animal/AA_BloodShrimp/AA_BloodShrimp,_south,C:\Program Files (x86)\Steam\steamapps\workshop\content\294100\1541721856\Textures\Things\Pawn\Animal\AA_BloodShrimp\AA_BloodShrimp_south.png,253,256,
1,1,10,32,AA_Bobeene,bobeene,Alpha Animals,sarg.alphaanimals,416,,AA_Bobeene,Alpha Animals,1,2,3,Things/Pawn/Animal/AA_Bobeene/AA_Bobeene_male,_south,C:\Program Files (x86)\Steam\steamapps\workshop\content\294100\1541721856\Textures\Things\Pawn\Animal\AA_Bobeene\AA_Bobeene_male_south.png,154,205,
1,1,11,33,AA_BoulderMit,bouldermit,Alpha Animals,sarg.alphaanimals,416,,AA_BoulderMit,Alpha Animals,1,2,3,Things/Pawn/Animal/AA_BoulderMit/AA_BoulderMit,_south,C:\Program Files (x86)\Steam\steamapps\workshop\content\294100\1541721856\Textures\Things\Pawn\Animal\AA_BoulderMit\AA_BoulderMit_south.png,177,178,
1,1,12,34,AA_Bumbledrone,bumbledrone,Alpha Animals,sarg.alphaanimals,416,,AA_Bumbledrone,Alpha Animals,1,2,3,Things/Pawn/Animal/AA_Bumbledrone/AA_Bumbledrone,_south,C:\Program Files (x86)\Steam\steamapps\workshop\content\294100\1541721856\Textures\Things\Pawn\Animal\AA_Bumbledrone\AA_Bumbledrone_south.png,256,256,
1,1,13,35,AA_BumbledroneHierophant,bumbledrone hierophant,Alpha Animals,sarg.alphaanimals,416,,AA_BumbledroneHierophant,Alpha Animals,1,2,3,Things/Pawn/Animal/AA_Bumbledrone/AA_BumbledroneHierophant,_south,C:\Program Files (x86)\Steam\steamapps\workshop\content\294100\1541721856\Textures\Things\Pawn\Animal\AA_Bumbledrone\AA_BumbledroneHierophant_south.png,256,256,
1,2,0,36,AA_BumbledroneQueen,bumbledrone queen,Alpha Animals,sarg.alphaanimals,416,,AA_BumbledroneQueen,Alpha Animals,1,2,3,Things/Pawn/Animal/AA_Bumbledrone/AA_BumbledroneQueen,_south,C:\Program Files (x86)\Steam\steamapps\workshop\content\294100\1541721856\Textures\Things\Pawn\Animal\AA_Bumbledrone\AA_BumbledroneQueen_south.png,256,256,
1,2,1,37,AA_Cactipine,cactipine,Alpha Animals,sarg.alphaanimals,416,,AA_Cactipine,Alpha Animals,1,2,3,Things/Pawn/Animal/AA_Cactipine/AA_Cactipine,_south,C:\Program Files (x86)\Steam\steamapps\workshop\content\294100\1541721856\Textures\Things\Pawn\Animal\AA_Cactipine\AA_Cactipine_south.png,113,195,
1,2,2,38,AA_ChameleonYak,chameleon yak,Alpha Animals,sarg.alphaanimals,416,,AA_ChameleonYak,Alpha Animals,1,2,3,Things/Pawn/Animal/AA_ChameleonYak/AA_ChameleonYak,_south,C:\Program Files (x86)\Steam\steamapps\workshop\content\294100\3536598972\Textures\Things\Pawn\Animal\AA_ChameleonYak\AA_ChameleonYak_south.png,326,353,
1,2,3,39,AA_ChemfuelMyrmidon,chemfuel myrmidon,Alpha Animals,sarg.alphaanimals,416,,AA_ChemfuelMyrmidon,Alpha Animals,1,2,3,Things/Pawn/Animal/AA_ChemfuelMyrmidon/AA_ChemfuelMyrmidon,_south,C:\Program Files (x86)\Steam\steamapps\workshop\content\294100\1541721856\Textures\Things\Pawn\Animal\AA_ChemfuelMyrmidon\AA_ChemfuelMyrmidon_south.png,256,256,
1,2,4,40,AA_Cinderlisk,cinderlisk,Alpha Animals,sarg.alphaanimals,416,,AA_Cinderlisk,Alpha Animals,1,2,3,Things/Pawn/Animal/AA_Cinderlisk/AA_Cinderlisk,_south,C:\Program Files (x86)\Steam\steamapps\workshop\content\294100\1541721856\Textures\Things\Pawn\Animal\AA_Cinderlisk\AA_Cinderlisk_south.png,256,256,
1,2,5,41,AA_ColossalAerofleet,colossal aerofleet,Alpha Animals,sarg.alphaanimals,416,,AA_ColossalAerofleet,Alpha Animals,1,0,1,Things/Pawn/Animal/AA_Aerofleet/AA_Aerofleet_Colossal,_south,C:\Program Files (x86)\Steam\steamapps\workshop\content\294100\1541721856\Textures\Things\Pawn\Animal\AA_Aerofleet\AA_Aerofleet_Colossal_south.png,124,231,
1,2,6,42,AA_CrepuscularBeetle,Crepuscular Beetle,Alpha Animals,sarg.alphaanimals,416,,AA_CrepuscularBeetle,Alpha Animals,1,2,3,Things/Pawn/Animal/AA_CrepuscularBeetle/AA_CrepuscularBeetle,_south,C:\Program Files (x86)\Steam\steamapps\workshop\content\294100\1541721856\Textures\Things\Pawn\Animal\AA_CrepuscularBeetle\AA_CrepuscularBeetle_south.png,99,194,
1,2,7,43,AA_CrescendoAnole,crescendo anole,Alpha Animals,sarg.alphaanimals,416,,AA_CrescendoAnole,Alpha Animals,1,2,3,Things/Pawn/Animal/AA_CrescendoAnole/AA_CrescendoAnole,_south,C:\Program Files (x86)\Steam\steamapps\workshop\content\294100\1541721856\Textures\Things\Pawn\Animal\AA_CrescendoAnole\AA_CrescendoAnole_south.png,71,202,
1,2,8,44,AA_CrystalMit,crystalmit,Alpha Animals,sarg.alphaanimals,416,,AA_CrystalMit,Alpha Animals,1,2,3,Things/Pawn/Animal/AA_CrystalMit/AA_CrystalMit,_south,C:\Program Files (x86)\Steam\steamapps\workshop\content\294100\1541721856\Textures\Things\Pawn\Animal\AA_CrystalMit\AA_CrystalMit_south.png,256,256,
1,2,9,45,AA_CrystallineCaracal,crystalline caracal,Alpha Animals,sarg.alphaanimals,416,,AA_CrystallineCaracal,Alpha Animals,1,2,3,Things/Pawn/Animal/AA_CrystallineCaracal/AA_CrystallineCaracal,_south,C:\Program Files (x86)\Steam\steamapps\workshop\content\294100\1541721856\Textures\Things\Pawn\Animal\AA_CrystallineCaracal\AA_CrystallineCaracal_south.png,103,228,
1,2,10,46,AA_DarkVandal,dark vandal,Alpha Animals,sarg.alphaanimals,416,,AA_DarkVandal,Alpha Animals,1,2,3,Things/Pawn/Animal/FO_ForsakenBoar/FO_ForsakenBoar,_south,C:\Program Files (x86)\Steam\steamapps\workshop\content\294100\1541721856\Textures\Things\Pawn\Animal\FO_ForsakenBoar\FO_ForsakenBoar_south.png,107,204,
1,2,11,47,AA_Darkbeast,darkbeast,Alpha Animals,sarg.alphaanimals,416,,AA_Darkbeast,Alpha Animals,1,2,3,Things/Pawn/Animal/AA_Darkbeast/AA_Darkbeast,_south,C:\Program Files (x86)\Steam\steamapps\workshop\content\294100\1541721856\Textures\Things\Pawn\Animal\AA_Darkbeast\AA_Darkbeast_south.png,105,195,
1,2,12,48,AA_DecayDrake,decay drake,Alpha Animals,sarg.alphaanimals,416,,AA_DecayDrake,Alpha Animals,1,2,3,Things/Pawn/Animal/AA_DecayDrake/AA_DecayDrake,_south,C:\Program Files (x86)\Steam\steamapps\workshop\content\294100\1541721856\Textures\Things\Pawn\Animal\AA_DecayDrake\AA_DecayDrake_south.png,118,160,
1,2,13,49,AA_DesertAve,desert ave,Alpha Animals,sarg.alphaanimals,416,,AA_DesertAve,Alpha Animals,1,2,3,Things/Pawn/Animal/AA_DesertAve/AA_DesertAve,_south,C:\Program Files (x86)\Steam\steamapps\workshop\content\294100\3536598972\Textures\Things\Pawn\Animal\AA_DesertAve\AA_DesertAve_south.png,250,333,
1,3,0,50,AA_DevilSheep,devil sheep,Alpha Animals,sarg.alphaanimals,416,,AA_DevilSheep,Alpha Animals,1,2,3,Things/Pawn/Animal/AA_DevilSheep/AA_DevilSheepMale,_south,C:\Program Files (x86)\Steam\steamapps\workshop\content\294100\1541721856\Textures\Things\Pawn\Animal\AA_DevilSheep\AA_DevilSheepMale_south.png,151,167,
1,3,1,51,AA_Drainer,drainer,Alpha Animals,sarg.alphaanimals,416,,AA_Drainer,Alpha Animals,1,0,1,Things/Pawn/Animal/AA_Drainer/AA_Drainer,_south,C:\Program Files (x86)\Steam\steamapps\workshop\content\294100\1541721856\Textures\Things\Pawn\Animal\AA_Drainer\AA_Drainer_south.png,222,214,
1,3,2,52,AA_DrainerLarva,drainer larva,Alpha Animals,sarg.alphaanimals,416,,AA_DrainerLarva,Alpha Animals,1,0,1,Things/Pawn/Animal/AA_Drainer/AA_DrainerLarva,_south,C:\Program Files (x86)\Steam\steamapps\workshop\content\294100\1541721856\Textures\Things\Pawn\Animal\AA_Drainer\AA_DrainerLarva_south.png,40,111,
1,3,3,53,AA_Dunealisk,dunealisk,Alpha Animals,sarg.alphaanimals,416,,AA_Dunealisk,Alpha Animals,1,2,3,Things/Pawn/Animal/AA_Dunealisk/AA_Dunealisk,_south,C:\Program Files (x86)\Steam\steamapps\workshop\content\294100\1541721856\Textures\Things\Pawn\Animal\AA_Dunealisk\AA_Dunealisk_south.png,136,184,
1,3,4,54,AA_DunealiskClutchMother,dunealisk clutch mother,Alpha Animals,sarg.alphaanimals,416,,AA_DunealiskClutchMother,Alpha Animals,1,0,1,Things/Pawn/Animal/AA_Dunealisk/AA_Dunealisk_Clutchmother,_south,C:\Program Files (x86)\Steam\steamapps\workshop\content\294100\1541721856\Textures\Things\Pawn\Animal\AA_Dunealisk\AA_Dunealisk_Clutchmother_south.png,156,198,
1,3,5,55,AA_DuskProwler,dusk prowler,Alpha Animals,sarg.alphaanimals,416,,AA_DuskProwler,Alpha Animals,1,2,3,Things/Pawn/Animal/FO_DuskProwler/FO_DuskProwler,_south,C:\Program Files (x86)\Steam\steamapps\workshop\content\294100\1541721856\Textures\Things\Pawn\Animal\FO_DuskProwler\FO_DuskProwler_south.png,70,197,
1,3,6,56,AA_DuskRat,dusk rat,Alpha Animals,sarg.alphaanimals,416,,AA_DuskRat,Alpha Animals,1,2,3,Things/Pawn/Animal/AA_DuskRat/AA_DuskRat,_south,C:\Program Files (x86)\Steam\steamapps\workshop\content\294100\1541721856\Textures\Things\Pawn\Animal\AA_DuskRat\AA_DuskRat_south.png,78,216,
1,3,7,57,AA_EmpressButterfly,Empress butterfly,Alpha Animals,sarg.alphaanimals,416,,AA_EmpressButterfly,Alpha Animals,1,0,1,Things/Pawn/Animal/AA_EmpressButterfly/AA_EmpressButterfly,_south,C:\Program Files (x86)\Steam\steamapps\workshop\content\294100\1541721856\Textures\Things\Pawn\Animal\AA_EmpressButterfly\AA_EmpressButterfly_south.png,222,206,
1,3,8,58,AA_EmpressButterflyLarva,Empress butterfly larva,Alpha Animals,sarg.alphaanimals,416,,AA_EmpressButterflyLarva,Alpha Animals,1,0,1,Things/Pawn/Animal/AA_EmpressButterfly/AA_EmpressButterflyLarva,_south,C:\Program Files (x86)\Steam\steamapps\workshop\content\294100\1541721856\Textures\Things\Pawn\Animal\AA_EmpressButterfly\AA_EmpressButterflyLarva_south.png,57,151,
1,3,9,59,AA_EngorgedTentacularAberration,engorged tentacular aberration,Alpha Animals,sarg.alphaanimals,416,,AA_EngorgedTentacularAberration,Alpha Animals,1,0,1,Things/Pawn/Animal/AA_EngorgedTentacularAberration/AA_EngorgedTentacularAberration,_south,C:\Program Files (x86)\Steam\steamapps\workshop\content\294100\1541721856\Textures\Things\Pawn\Animal\AA_EngorgedTentacularAberration\AA_EngorgedTentacularAberration_south.png,247,145,
1,3,10,60,AA_Erin,erin,Alpha Animals,sarg.alphaanimals,416,,AA_Erin,Alpha Animals,1,2,3,Things/Pawn/Animal/AA_Erin/AA_Erin,_south,C:\Program Files (x86)\Steam\steamapps\workshop\content\294100\1541721856\Textures\Things\Pawn\Animal\AA_Erin\AA_Erin_south.png,83,203,
1,3,11,61,AA_Eyeling,eyeling,Alpha Animals,sarg.alphaanimals,416,Alpha Animals | Alpha Memes,AA_Eyeling,Alpha Memes,2,2,3,Things/Pawn/Animal/AA_Eyeling/AA_Eyeling,_south,C:\Program Files (x86)\Steam\steamapps\workshop\content\294100\1541721856\Textures\Things\Pawn\Animal\AA_Eyeling\AA_Eyeling_south.png,134,144,
1,3,12,62,AA_Feralisk,feralisk,Alpha Animals,sarg.alphaanimals,416,,AA_Feralisk,Alpha Animals,1,2,3,Things/Pawn/Animal/AA_Feralisk/AA_Feralisk,_south,C:\Program Files (x86)\Steam\steamapps\workshop\content\294100\1541721856\Textures\Things\Pawn\Animal\AA_Feralisk\AA_Feralisk_south.png,140,166,
1,3,13,63,AA_FeraliskClutchMother,feralisk clutch mother,Alpha Animals,sarg.alphaanimals,416,,AA_FeraliskClutchMother,Alpha Animals,1,0,1,Things/Pawn/Animal/AA_Feralisk/AA_Feralisk_Clutchmother,_south,C:\Program Files (x86)\Steam\steamapps\workshop\content\294100\1541721856\Textures\Things\Pawn\Animal\AA_Feralisk\AA_Feralisk_Clutchmother_south.png,140,170,
1,4,0,64,AA_FireWasp,fire wasp,Alpha Animals,sarg.alphaanimals,416,,AA_FireWasp,Alpha Animals,1,2,3,Things/Pawn/Animal/AA_FireWasp/AA_FireWasp,_south,C:\Program Files (x86)\Steam\steamapps\workshop\content\294100\1541721856\Textures\Things\Pawn\Animal\AA_FireWasp\AA_FireWasp_south.png,256,256,
1,4,1,65,AA_FissionMouse,fission mouse,Alpha Animals,sarg.alphaanimals,416,,AA_FissionMouse,Alpha Animals,1,2,3,Things/Pawn/Animal/AA_FissionMouse/AA_FissionMouse,_south,C:\Program Files (x86)\Steam\steamapps\workshop\content\294100\1541721856\Textures\Things\Pawn\Animal\AA_FissionMouse\AA_FissionMouse_south.png,94,133,
1,4,2,66,AA_FissionMouseSecond,"fission mouse, second generation",Alpha Animals,sarg.alphaanimals,416,,AA_FissionMouseSecond,Alpha Animals,1,0,1,Things/Pawn/Animal/AA_FissionMouse/AA_FissionMouse,_south,C:\Program Files (x86)\Steam\steamapps\workshop\content\294100\1541721856\Textures\Things\Pawn\Animal\AA_FissionMouse\AA_FissionMouse_south.png,94,133,
1,4,3,67,AA_FissionMouseThird,"fission mouse, third generation",Alpha Animals,sarg.alphaanimals,416,,AA_FissionMouseThird,Alpha Animals,1,0,1,Things/Pawn/Animal/AA_FissionMouse/AA_FissionMouse,_south,C:\Program Files (x86)\Steam\steamapps\workshop\content\294100\1541721856\Textures\Things\Pawn\Animal\AA_FissionMouse\AA_FissionMouse_south.png,94,133,
1,4,4,68,AA_FlamingoPhoenix,flamingo phoenix,Alpha Animals,sarg.alphaanimals,416,,AA_FlamingoPhoenix,Alpha Animals,1,2,3,Things/Pawn/Animal/AA_FlamingoPhoenix/AA_FlamingoPhoenix,_south,C:\Program Files (x86)\Steam\steamapps\workshop\content\294100\1541721856\Textures\Things\Pawn\Animal\AA_FlamingoPhoenix\AA_FlamingoPhoenix_south.png,131,194,
1,4,5,69,AA_FrostAve,frost ave,Alpha Animals,sarg.alphaanimals,416,,AA_FrostAve,Alpha Animals,1,2,3,Things/Pawn/Animal/AA_FrostAve/AA_FrostAve,_south,C:\Program Files (x86)\Steam\steamapps\workshop\content\294100\3536598972\Textures\Things\Pawn\Animal\AA_FrostAve\AA_FrostAve_south.png,290,345,
1,4,6,70,AA_FrostLynx,frost lynx,Alpha Animals,sarg.alphaanimals,416,,AA_FrostLynx,Alpha Animals,1,2,3,Things/Pawn/Animal/AA_FrostLynx/AA_FrostLynx,_south,C:\Program Files (x86)\Steam\steamapps\workshop\content\294100\1541721856\Textures\Things\Pawn\Animal\AA_FrostLynx\AA_FrostLynx_south.png,62,193,
1,4,7,71,AA_FrostboundBehemoth,frostbound behemoth,Alpha Animals,sarg.alphaanimals,416,,AA_FrostboundBehemoth,Alpha Animals,1,2,3,Things/Pawn/Animal/AA_FrostboundBehemoth/AA_FrostboundBehemoth,_south,C:\Program Files (x86)\Steam\steamapps\workshop\content\294100\1541721856\Textures\Things\Pawn\Animal\AA_FrostboundBehemoth\AA_FrostboundBehemoth_south.png,111,188,
1,4,8,72,AA_Frostling,frostling,Alpha Animals,sarg.alphaanimals,416,,AA_Frostling,Alpha Animals,1,2,3,Things/Pawn/Animal/AA_Frostling/AA_Frostling,_south,C:\Program Files (x86)\Steam\steamapps\workshop\content\294100\1541721856\Textures\Things\Pawn\Animal\AA_Frostling\AA_Frostling_south.png,78,154,
1,4,9,73,AA_Frostmite,frostmite,Alpha Animals,sarg.alphaanimals,416,,AA_Frostmite,Alpha Animals,1,2,3,Things/Pawn/Animal/AA_FrostMite/AA_FrostMite,_south,C:\Program Files (x86)\Steam\steamapps\workshop\content\294100\1541721856\Textures\Things\Pawn\Animal\AA_FrostMite\AA_FrostMite_south.png,132,203,
1,4,10,74,AA_FungalHusk,fungal husk,Alpha Animals,sarg.alphaanimals,416,,AA_FungalHusk,Alpha Animals,1,0,1,Things/Pawn/Animal/AA_FungalHusk/AA_FungalHusk,_south,C:\Program Files (x86)\Steam\steamapps\workshop\content\294100\1541721856\Textures\Things\Pawn\Animal\AA_FungalHusk\AA_FungalHusk_south.png,162,191,
1,4,11,75,AA_Gallatross,gallatross,Alpha Animals,sarg.alphaanimals,416,,AA_Gallatross,Alpha Animals,1,2,3,Things/Pawn/Animal/AA_Gallatross/AA_Gallatross,_south,C:\Program Files (x86)\Steam\steamapps\workshop\content\294100\3536598972\Textures\Things\Pawn\Animal\AA_Gallatross\AA_Gallatross_south.png,358,388,
1,4,12,76,AA_GallatrossMoribund,moribund gallatross,Alpha Animals,sarg.alphaanimals,416,,AA_GallatrossMoribund,Alpha Animals,1,2,3,Things/Pawn/Animal/AA_Gallatross/AA_Gallatross_Moribund,_south,C:\Program Files (x86)\Steam\steamapps\workshop\content\294100\3536598972\Textures\Things\Pawn\Animal\AA_Gallatross\AA_Gallatross_Moribund_south.png,358,388,
1,4,13,77,AA_Genix,genix,Alpha Animals,sarg.alphaanimals,416,,AA_Genix,Alpha Animals,1,2,3,Things/Pawn/Animal/AA_Genix/AA_Genix,_south,C:\Program Files (x86)\Steam\steamapps\workshop\content\294100\1541721856\Textures\Things\Pawn\Animal\AA_Genix\AA_Genix_south.png,80,212,
1,5,0,78,AA_GiantCrownedSilkie,giant crowned silkie,Alpha Animals,sarg.alphaanimals,416,,AA_GiantCrownedSilkie,Alpha Animals,1,2,3,Things/Pawn/Animal/AA_GiantCrownedSilkie/AA_GiantCrownedSilkie,_south,C:\Program Files (x86)\Steam\steamapps\workshop\content\294100\1541721856\Textures\Things\Pawn\Animal\AA_GiantCrownedSilkie\AA_GiantCrownedSilkie_south.png,115,209,
1,5,1,79,AA_Gigantelope,gigantelope,Alpha Animals,sarg.alphaanimals,416,,AA_Gigantelope,Alpha Animals,1,2,3,Things/Pawn/Animal/AA_Gigantelope/AA_Gigantelope,_south,C:\Program Files (x86)\Steam\steamapps\workshop\content\294100\1541721856\Textures\Things\Pawn\Animal\AA_Gigantelope\AA_Gigantelope_south.png,107,186,
1,5,2,80,AA_GreatDevourer,great devourer,Alpha Animals,sarg.alphaanimals,416,,AA_GreatDevourer,Alpha Animals,1,2,3,Things/Pawn/Animal/AA_GreatDevourer/AA_GreatDevourer,_south,C:\Program Files (x86)\Steam\steamapps\workshop\content\294100\1541721856\Textures\Things\Pawn\Animal\AA_GreatDevourer\AA_GreatDevourer_south.png,163,153,
1,5,3,81,AA_GreenGoo,green goo,Alpha Animals,sarg.alphaanimals,416,,AA_GreenGoo,Alpha Animals,1,2,3,Things/Pawn/Animal/AA_GreenGoo/AA_GreenGoo,_south,C:\Program Files (x86)\Steam\steamapps\workshop\content\294100\1541721856\Textures\Things\Pawn\Animal\AA_GreenGoo\AA_GreenGoo_south.png,193,160,
1,5,4,82,AA_GreyCoatedMouflon,Grey-Coated Mouflon,Alpha Animals,sarg.alphaanimals,416,,AA_GreyCoatedMouflon,Alpha Animals,1,2,3,Things/Pawn/Animal/AA_GreyCoatedMouflon/AA_GreyCoatedMouflonMale,_south,C:\Program Files (x86)\Steam\steamapps\workshop\content\294100\3536598972\Textures\Things\Pawn\Animal\AA_GreyCoatedMouflon\AA_GreyCoatedMouflonMale_south.png,262,327,
1,5,5,83,AA_Groundrunner,groundrunner,Alpha Animals,sarg.alphaanimals,416,,AA_Groundrunner,Alpha Animals,1,2,3,Things/Pawn/Animal/AA_GroundRunner/AA_GroundRunner,_south,C:\Program Files (x86)\Steam\steamapps\workshop\content\294100\3536598972\Textures\Things\Pawn\Animal\AA_GroundRunner\AA_GroundRunner_south.png,312,304,
1,5,6,84,AA_Helixien,helixien,Alpha Animals,sarg.alphaanimals,416,,AA_Helixien,Alpha Animals,1,2,3,Things/Pawn/Animal/AA_Helixien/AA_Helixien,_south,C:\Program Files (x86)\Steam\steamapps\workshop\content\294100\1541721856\Textures\Things\Pawn\Animal\AA_Helixien\AA_Helixien_south.png,103,137,
1,5,7,85,AA_InfectedAerofleet,infected aerofleet,Alpha Animals,sarg.alphaanimals,416,,AA_InfectedAerofleet,Alpha Animals,1,2,3,Things/Pawn/Animal/AA_Aerofleet/AA_InfectedAerofleet,_south,C:\Program Files (x86)\Steam\steamapps\workshop\content\294100\1541721856\Textures\Things\Pawn\Animal\AA_Aerofleet\AA_InfectedAerofleet_south.png,206,233,
1,5,8,86,AA_IronhuskBeetle,ironhusk beetle,Alpha Animals,sarg.alphaanimals,416,,AA_IronhuskBeetle,Alpha Animals,1,2,3,Things/Pawn/Animal/AA_IronhuskBeetle/AA_IronhuskBeetle,_south,C:\Program Files (x86)\Steam\steamapps\workshop\content\294100\1541721856\Textures\Things\Pawn\Animal\AA_IronhuskBeetle\AA_IronhuskBeetle_south.png,127,167,
1,5,9,87,AA_Junglelisk,junglelisk,Alpha Animals,sarg.alphaanimals,416,,AA_Junglelisk,Alpha Animals,1,2,3,Things/Pawn/Animal/AA_Junglelisk/AA_Junglelisk,_south,C:\Program Files (x86)\Steam\steamapps\workshop\content\294100\1541721856\Textures\Things\Pawn\Animal\AA_Junglelisk\AA_Junglelisk_south.png,139,181,
1,5,10,88,AA_LarvalAtispec,larval atispec,Alpha Animals,sarg.alphaanimals,416,,AA_LarvalAtispec,Alpha Animals,1,0,1,Things/Pawn/Animal/AA_Atispec/AA_LarvalAtispec,_south,C:\Program Files (x86)\Steam\steamapps\workshop\content\294100\1541721856\Textures\Things\Pawn\Animal\AA_Atispec\AA_LarvalAtispec_south.png,108,117,
1,5,11,89,AA_Lockjaw,lockjaw,Alpha Animals,sarg.alphaanimals,416,,AA_Lockjaw,Alpha Animals,1,2,3,Things/Pawn/Animal/AA_Lockjaw/AA_Lockjaw,_south,C:\Program Files (x86)\Steam\steamapps\workshop\content\294100\1541721856\Textures\Things\Pawn\Animal\AA_Lockjaw\AA_Lockjaw_south.png,133,180,
1,5,12,90,AA_Locusts,locusts,Alpha Animals,sarg.alphaanimals,416,,AA_Locusts,Alpha Animals,1,0,1,Things/Pawn/Animal/AA_Locusts/AA_LocustsThree,_south,C:\Program Files (x86)\Steam\steamapps\workshop\content\294100\1541721856\Textures\Things\Pawn\Animal\AA_Locusts\AA_LocustsThree_south.png,38,13,
1,5,13,91,AA_LuciferBug,luciferbug,Alpha Animals,sarg.alphaanimals,416,,AA_LuciferBug,Alpha Animals,1,2,3,Things/Pawn/Animal/AA_LuciferBug/AA_LuciferBug,_south,C:\Program Files (x86)\Steam\steamapps\workshop\content\294100\1541721856\Textures\Things\Pawn\Animal\AA_LuciferBug\AA_LuciferBug_south.png,136,176,
1,6,0,92,AA_MammothWorm,mammoth worm,Alpha Animals,sarg.alphaanimals,416,,AA_MammothWorm,Alpha Animals,1,2,3,Things/Pawn/Animal/AA_MammothWorm/AA_MammothWorm,_south,C:\Program Files (x86)\Steam\steamapps\workshop\content\294100\1541721856\Textures\Things\Pawn\Animal\AA_MammothWorm\AA_MammothWorm_south.png,135,183,
1,6,1,93,AA_Mantrap,mantrap,Alpha Animals,sarg.alphaanimals,416,,AA_Mantrap,Alpha Animals,1,2,3,Things/Pawn/Animal/AA_Mantrap/AA_Mantrap,_south,C:\Program Files (x86)\Steam\steamapps\workshop\content\294100\1541721856\Textures\Things\Pawn\Animal\AA_Mantrap\AA_Mantrap_south.png,128,194,
1,6,2,94,AA_MatureFleshbeast,mature fleshbeast,Alpha Animals,sarg.alphaanimals,416,,AA_MatureFleshbeast,Alpha Animals,1,0,1,Things/Pawn/Animal/AA_MatureFleshbeast/AA_MatureFleshbeast,_south,C:\Program Files (x86)\Steam\steamapps\workshop\content\294100\1541721856\Textures\Things\Pawn\Animal\AA_MatureFleshbeast\AA_MatureFleshbeast_south.png,118,175,
1,6,3,95,AA_MeadowAve,meadow ave,Alpha Animals,sarg.alphaanimals,416,,AA_MeadowAve,Alpha Animals,1,2,3,Things/Pawn/Animal/AA_MeadowAve/AA_MeadowAve_1,_south,C:\Program Files (x86)\Steam\steamapps\workshop\content\294100\3536598972\Textures\Things\Pawn\Animal\AA_MeadowAve\AA_MeadowAve_1_south.png,290,404,
1,6,4,96,AA_MegaLouse,megalouse,Alpha Animals,sarg.alphaanimals,416,,AA_MegaLouse,Alpha Animals,1,2,3,Things/Pawn/Animal/AA_MegaLouse/AA_MegaLouse,_south,C:\Program Files (x86)\Steam\steamapps\workshop\content\294100\1541721856\Textures\Things\Pawn\Animal\AA_MegaLouse\AA_MegaLouse_south.png,86,149,
1,6,5,97,AA_Metallovore,metallovore,Alpha Animals,sarg.alphaanimals,416,,AA_Metallovore,Alpha Animals,1,2,3,Things/Pawn/Animal/AA_Metallovore/AA_Metallovore,_south,C:\Program Files (x86)\Steam\steamapps\workshop\content\294100\1541721856\Textures\Things\Pawn\Animal\AA_Metallovore\AA_Metallovore_south.png,256,256,
1,6,6,98,AA_Mime,mime,Alpha Animals,sarg.alphaanimals,416,,AA_Mime,Alpha Animals,1,0,1,Things/Pawn/Animal/AA_Mime/AA_Mime,_south,C:\Program Files (x86)\Steam\steamapps\workshop\content\294100\1541721856\Textures\Things\Pawn\Animal\AA_Mime\AA_Mime_south.png,88,182,
1,6,7,99,AA_Murkling,murkling,Alpha Animals,sarg.alphaanimals,416,,AA_Murkling,Alpha Animals,1,2,3,Things/Pawn/Animal/FO_NightPest/FO_NightPest,_south,C:\Program Files (x86)\Steam\steamapps\workshop\content\294100\1541721856\Textures\Things\Pawn\Animal\FO_NightPest\FO_NightPest_south.png,77,167,
1,6,8,100,AA_MycoidColossus,mycoid colossus,Alpha Animals,sarg.alphaanimals,416,,AA_MycoidColossus,Alpha Animals,1,2,3,Things/Pawn/Animal/AA_MycoidColossus/AA_MycoidColossus,_south,C:\Program Files (x86)\Steam\steamapps\workshop\content\294100\1541721856\Textures\Things\Pawn\Animal\AA_MycoidColossus\AA_MycoidColossus_south.png,130,176,
1,6,9,101,AA_Needlepost,needlepost,Alpha Animals,sarg.alphaanimals,416,,AA_Needlepost,Alpha Animals,1,2,3,Things/Pawn/Animal/AA_NeedlePost/AA_NeedlePost,_south,C:\Program Files (x86)\Steam\steamapps\workshop\content\294100\1541721856\Textures\Things\Pawn\Animal\AA_NeedlePost\AA_NeedlePost_south.png,105,216,
1,6,10,102,AA_Needleroll,needleroll,Alpha Animals,sarg.alphaanimals,416,,AA_Needleroll,Alpha Animals,1,2,3,Things/Pawn/Animal/AA_Needleroll/AA_Needleroll,_south,C:\Program Files (x86)\Steam\steamapps\workshop\content\294100\1541721856\Textures\Things\Pawn\Animal\AA_Needleroll\AA_Needleroll_south.png,145,119,
1,6,11,103,AA_NightAve,night ave,Alpha Animals,sarg.alphaanimals,416,,AA_NightAve,Alpha Animals,1,2,3,Things/Pawn/Animal/AA_NightAve/AA_NightAve,_south,C:\Program Files (x86)\Steam\steamapps\workshop\content\294100\3536598972\Textures\Things\Pawn\Animal\AA_NightAve\AA_NightAve_south.png,268,303,
1,6,12,104,AA_NightMule,nightmule,Alpha Animals,sarg.alphaanimals,416,,AA_NightMule,Alpha Animals,1,2,3,Things/Pawn/Animal/AA_NightMule/AA_NightMule,_south,C:\Program Files (x86)\Steam\steamapps\workshop\content\294100\1541721856\Textures\Things\Pawn\Animal\AA_NightMule\AA_NightMule_south.png,91,201,
1,6,13,105,AA_NightRam,nightram,Alpha Animals,sarg.alphaanimals,416,,AA_NightRam,Alpha Animals,1,2,3,Things/Pawn/Animal/AA_NightRam/AA_NightRam,_south,C:\Program Files (x86)\Steam\steamapps\workshop\content\294100\1541721856\Textures\Things\Pawn\Animal\AA_NightRam\AA_NightRam_south.png,69,187,
1,7,0,106,AA_Nightling,nightling,Alpha Animals,sarg.alphaanimals,416,,AA_Nightling,Alpha Animals,1,2,3,Things/Pawn/Animal/AA_Nightling/AA_Nightling,_south,C:\Program Files (x86)\Steam\steamapps\workshop\content\294100\1541721856\Textures\Things\Pawn\Animal\AA_Nightling\AA_Nightling_south.png,109,221,
1,7,1,107,AA_OcularJelly,ocular jelly,Alpha Animals,sarg.alphaanimals,416,,AA_OcularJelly,Alpha Animals,1,2,3,Things/Pawn/Animal/AA_OcularJelly/AA_OcularJelly,_south,C:\Program Files (x86)\Steam\steamapps\workshop\content\294100\1541721856\Textures\Things\Pawn\Animal\AA_OcularJelly\AA_OcularJelly_south.png,213,106,
1,7,2,108,AA_OcularNightling,ocular nightling,Alpha Animals,sarg.alphaanimals,416,,AA_OcularNightling,Alpha Animals,1,2,3,Things/Pawn/Animal/AA_OcularNightling/AA_OcularNightling,_south,C:\Program Files (x86)\Steam\steamapps\workshop\content\294100\1541721856\Textures\Things\Pawn\Animal\AA_OcularNightling\AA_OcularNightling_south.png,110,221,
1,7,3,109,AA_OvergrownColossus,overgrown colossus,Alpha Animals,sarg.alphaanimals,416,,AA_OvergrownColossus,Alpha Animals,1,2,3,Things/Pawn/Animal/AA_OvergrownColossus/AA_OvergrownColossus,_south,C:\Program Files (x86)\Steam\steamapps\workshop\content\294100\1541721856\Textures\Things\Pawn\Animal\AA_OvergrownColossus\AA_OvergrownColossus_south.png,126,171,
1,7,4,110,AA_PebbleMit,pebblemit,Alpha Animals,sarg.alphaanimals,416,,AA_PebbleMit,Alpha Animals,1,2,3,Things/Pawn/Animal/AA_PebbleMit/AA_PebbleMit1,_south,C:\Program Files (x86)\Steam\steamapps\workshop\content\294100\1541721856\Textures\Things\Pawn\Animal\AA_PebbleMit\AA_PebbleMit1_south.png,120,130,
1,7,5,111,AA_PedigreedRaptor,pedigreed raptor,Alpha Animals,sarg.alphaanimals,416,,AA_PedigreedRaptor,Alpha Animals,1,2,3,Things/Pawn/Animal/AA_PedigreedRaptor/AA_PedigreedRaptor,_south,C:\Program Files (x86)\Steam\steamapps\workshop\content\294100\1541721856\Textures\Things\Pawn\Animal\AA_PedigreedRaptor\AA_PedigreedRaptor_south.png,126,125,
1,7,6,112,AA_PhoenixOwlcat,phoenix owlcat,Alpha Animals,sarg.alphaanimals,416,,AA_PhoenixOwlcat,Alpha Animals,1,2,3,Things/Pawn/Animal/AA_PhoenixOwlcat/AA_PhoenixOwlcat,_south,C:\Program Files (x86)\Steam\steamapps\workshop\content\294100\1541721856\Textures\Things\Pawn\Animal\AA_PhoenixOwlcat\AA_PhoenixOwlcat_south.png,92,221,
1,7,7,113,AA_Plasmorph,plasmorph,Alpha Animals,sarg.alphaanimals,416,,AA_Plasmorph,Alpha Animals,1,2,3,Things/Pawn/Animal/AA_Plasmorph/AA_Plasmorph,_south,C:\Program Files (x86)\Steam\steamapps\workshop\content\294100\1541721856\Textures\Things\Pawn\Animal\AA_Plasmorph\AA_Plasmorph_south.png,256,256,
1,7,8,114,AA_Radyak,radyak,Alpha Animals,sarg.alphaanimals,416,,AA_Radyak,Alpha Animals,1,2,3,Things/Pawn/Animal/AA_Radyak/AA_Radyak,_south,C:\Program Files (x86)\Steam\steamapps\workshop\content\294100\1541721856\Textures\Things\Pawn\Animal\AA_Radyak\AA_Radyak_south.png,87,163,
1,7,9,115,AA_RaptorShrimp,raptor shrimp,Alpha Animals,sarg.alphaanimals,416,,AA_RaptorShrimp,Alpha Animals,1,2,3,Things/Pawn/Animal/AA_RaptorShrimp/AA_RaptorShrimp,_south,C:\Program Files (x86)\Steam\steamapps\workshop\content\294100\1541721856\Textures\Things\Pawn\Animal\AA_RaptorShrimp\AA_RaptorShrimp_south.png,241,200,
1,7,10,116,AA_Ravager,ravager,Alpha Animals,sarg.alphaanimals,416,,AA_Ravager,Alpha Animals,1,2,3,Things/Pawn/Animal/AA_Ravager/AA_Ravager,_south,C:\Program Files (x86)\Steam\steamapps\workshop\content\294100\1541721856\Textures\Things\Pawn\Animal\AA_Ravager\AA_Ravager_south.png,256,256,
1,7,11,117,AA_RayHound,ray-hound,Alpha Animals,sarg.alphaanimals,416,,AA_RayHound,Alpha Animals,1,2,3,Things/Pawn/Animal/AA_RayHound/AA_RayHound,_south,C:\Program Files (x86)\Steam\steamapps\workshop\content\294100\1541721856\Textures\Things\Pawn\Animal\AA_RayHound\AA_RayHound_south.png,89,203,
1,7,12,118,AA_Razorjack,razorjack,Alpha Animals,sarg.alphaanimals,416,,AA_Razorjack,Alpha Animals,1,2,3,Things/Pawn/Animal/AA_Razorjack/AA_Razorjack,_south,C:\Program Files (x86)\Steam\steamapps\workshop\content\294100\1541721856\Textures\Things\Pawn\Animal\AA_Razorjack\AA_Razorjack_south.png,256,256,
1,7,13,119,AA_RedGoo,red goo,Alpha Animals,sarg.alphaanimals,416,,AA_RedGoo,Alpha Animals,1,2,3,Things/Pawn/Animal/AA_RedGoo/AA_RedGoo,_south,C:\Program Files (x86)\Steam\steamapps\workshop\content\294100\1541721856\Textures\Things\Pawn\Animal\AA_RedGoo\AA_RedGoo_south.png,193,160,
1,8,0,120,AA_RedSpore,red spore,Alpha Animals,sarg.alphaanimals,416,,AA_RedSpore,Alpha Animals,1,2,3,Things/Pawn/Animal/AA_RedSpore/AA_RedSpore,_south,C:\Program Files (x86)\Steam\steamapps\workshop\content\294100\1541721856\Textures\Things\Pawn\Animal\AA_RedSpore\AA_RedSpore_south.png,177,254,
1,8,1,121,AA_RipperHound,ripper hound,Alpha Animals,sarg.alphaanimals,416,,AA_RipperHound,Alpha Animals,1,2,3,Things/Pawn/Animal/AA_RipperHound/AA_RipperHound,_south,C:\Program Files (x86)\Steam\steamapps\workshop\content\294100\1541721856\Textures\Things\Pawn\Animal\AA_RipperHound\AA_RipperHound_south.png,71,106,
1,8,2,122,AA_RoughPlatedMonitor,rough-plated monitor,Alpha Animals,sarg.alphaanimals,416,,AA_RoughPlatedMonitor,Alpha Animals,1,2,3,Things/Pawn/Animal/AA_RoughPlatedMonitor/AA_RoughPlatedMonitor,_south,C:\Program Files (x86)\Steam\steamapps\workshop\content\294100\1541721856\Textures\Things\Pawn\Animal\AA_RoughPlatedMonitor\AA_RoughPlatedMonitor_south.png,256,256,
1,8,3,123,AA_RoyalAve,royal ave,Alpha Animals,sarg.alphaanimals,416,,AA_RoyalAve,Alpha Animals,1,2,3,Things/Pawn/Animal/AA_RoyalAve/AA_RoyalAve,_south,C:\Program Files (x86)\Steam\steamapps\workshop\content\294100\3536598972\Textures\Things\Pawn\Animal\AA_RoyalAve\AA_RoyalAve_south.png,346,363,
1,8,4,124,AA_SandLion,sand lion,Alpha Animals,sarg.alphaanimals,416,,AA_SandLion,Alpha Animals,1,2,3,Things/Pawn/Animal/AA_SandLion/AA_SandLion,_south,C:\Program Files (x86)\Steam\steamapps\workshop\content\294100\1541721856\Textures\Things\Pawn\Animal\AA_SandLion\AA_SandLion_south.png,76,186,
1,8,5,125,AA_SandProwler,sand prowler,Alpha Animals,sarg.alphaanimals,416,,AA_SandProwler,Alpha Animals,1,2,3,Things/Pawn/Animal/AA_SandProwler/AA_SandProwler,_south,C:\Program Files (x86)\Steam\steamapps\workshop\content\294100\1541721856\Textures\Things\Pawn\Animal\AA_SandProwler\AA_SandProwler_south.png,87,218,
1,8,6,126,AA_SandSquid,sand squid,Alpha Animals,sarg.alphaanimals,416,,AA_SandSquid,Alpha Animals,1,2,3,Things/Pawn/Animal/AA_SandSquid/AA_SandSquid,_south,C:\Program Files (x86)\Steam\steamapps\workshop\content\294100\1541721856\Textures\Things\Pawn\Animal\AA_SandSquid\AA_SandSquid_south.png,256,256,
1,8,7,127,AA_ShadowCharger,shadow charger,Alpha Animals,sarg.alphaanimals,416,,AA_ShadowCharger,Alpha Animals,1,2,3,Things/Pawn/Animal/FO_NightCow/FO_NightCow,_south,C:\Program Files (x86)\Steam\steamapps\workshop\content\294100\1541721856\Textures\Things\Pawn\Animal\FO_NightCow\FO_NightCow_south.png,106,206,
1,8,8,128,AA_ShockGoat,shock goat,Alpha Animals,sarg.alphaanimals,416,,AA_ShockGoat,Alpha Animals,1,2,3,Things/Pawn/Animal/AA_ShockGoat/AA_ShockGoat,_south,C:\Program Files (x86)\Steam\steamapps\workshop\content\294100\1541721856\Textures\Things\Pawn\Animal\AA_ShockGoat\AA_ShockGoat_south.png,256,256,
1,8,9,129,AA_Skiphound,skiphound,Alpha Animals,sarg.alphaanimals,416,,AA_Skiphound,Alpha Animals,1,2,3,Things/Pawn/Animal/AA_Skiphound/AA_Skiphound,_south,C:\Program Files (x86)\Steam\steamapps\workshop\content\294100\1541721856\Textures\Things\Pawn\Animal\AA_Skiphound\AA_Skiphound_south.png,108,202,
1,8,10,130,AA_Skyeel,arcturan sky eel,Alpha Animals,sarg.alphaanimals,416,,AA_Skyeel,Alpha Animals,1,2,3,Things/Pawn/Animal/AA_Skyeel/AA_Skyeel,_south,C:\Program Files (x86)\Steam\steamapps\workshop\content\294100\1541721856\Textures\Things\Pawn\Animal\AA_Skyeel\AA_Skyeel_south.png,64,179,
1,8,11,131,AA_Slurrypede,slurrypede,Alpha Animals,sarg.alphaanimals,416,,AA_Slurrypede,Alpha Animals,1,0,1,Things/Pawn/Animal/AA_Slurrypede/AA_Slurrypede,_south,C:\Program Files (x86)\Steam\steamapps\workshop\content\294100\1541721856\Textures\Things\Pawn\Animal\AA_Slurrypede\AA_Slurrypede_south.png,136,136,
1,8,12,132,AA_SmallButterfly,small butterflies,Alpha Animals,sarg.alphaanimals,416,,AA_SmallButterfly,Alpha Animals,1,0,1,Things/Pawn/Animal/AA_SmallButterfly/AA_SmallButterflyThree,_south,C:\Program Files (x86)\Steam\steamapps\workshop\content\294100\1541721856\Textures\Things\Pawn\Animal\AA_SmallButterfly\AA_SmallButterflyThree_south.png,24,22,
1,8,13,133,AA_SpinedGow,spined gow,Alpha Animals,sarg.alphaanimals,416,,AA_SpinedGow,Alpha Animals,1,2,3,Things/Pawn/Animal/AA_SpinedGow/AA_SpinedGowMale,_south,C:\Program Files (x86)\Steam\steamapps\workshop\content\294100\1541721856\Textures\Things\Pawn\Animal\AA_SpinedGow\AA_SpinedGowMale_south.png,256,256,
2,0,0,134,AA_SummitCrab,summit crab,Alpha Animals,sarg.alphaanimals,416,,AA_SummitCrab,Alpha Animals,1,2,3,Things/Pawn/Animal/AA_BoulderMit/AA_SummitCrab,_south,C:\Program Files (x86)\Steam\steamapps\workshop\content\294100\1541721856\Textures\Things\Pawn\Animal\AA_BoulderMit\AA_SummitCrab_south.png,436,500,
2,0,1,135,AA_Swarmling,swarmling,Alpha Animals,sarg.alphaanimals,416,,AA_Swarmling,Alpha Animals,1,2,3,Things/Pawn/Animal/AA_Swarmling/AA_Swarmling,_south,C:\Program Files (x86)\Steam\steamapps\workshop\content\294100\1541721856\Textures\Things\Pawn\Animal\AA_Swarmling\AA_Swarmling_south.png,256,256,
2,0,2,136,AA_TarGuzzler,tar guzzler,Alpha Animals,sarg.alphaanimals,416,,AA_TarGuzzler,Alpha Animals,1,2,3,Things/Pawn/Animal/AA_TarGuzzler/AA_TarGuzzler,_south,C:\Program Files (x86)\Steam\steamapps\workshop\content\294100\1541721856\Textures\Things\Pawn\Animal\AA_TarGuzzler\AA_TarGuzzler_south.png,256,256,
2,0,3,137,AA_TeratogenicOriginator,teratogenic originator,Alpha Animals,sarg.alphaanimals,416,,AA_TeratogenicOriginator,Alpha Animals,1,2,3,Things/Pawn/Animal/AA_TeratogenicOriginator/AA_TeratogenicOriginator,_south,C:\Program Files (x86)\Steam\steamapps\workshop\content\294100\1541721856\Textures\Things\Pawn\Animal\AA_TeratogenicOriginator\AA_TeratogenicOriginator_south.png,194,160,
2,0,4,138,AA_Terramorph,terramorph,Alpha Animals,sarg.alphaanimals,416,,AA_Terramorph,Alpha Animals,1,2,3,Things/Pawn/Animal/AA_Terramorph/AA_Terramorph,_south,C:\Program Files (x86)\Steam\steamapps\workshop\content\294100\1541721856\Textures\Things\Pawn\Animal\AA_Terramorph\AA_Terramorph_south.png,154,175,
2,0,5,139,AA_TetraSlug,tetra slug,Alpha Animals,sarg.alphaanimals,416,,AA_TetraSlug,Alpha Animals,1,2,3,Things/Pawn/Animal/AA_TetraSlug/AA_TetraSlug,_south,C:\Program Files (x86)\Steam\steamapps\workshop\content\294100\1541721856\Textures\Things\Pawn\Animal\AA_TetraSlug\AA_TetraSlug_south.png,159,173,
2,0,6,140,AA_Thermadon,thermadon,Alpha Animals,sarg.alphaanimals,416,,AA_Thermadon,Alpha Animals,1,2,3,Things/Pawn/Animal/AA_Thermadon/AA_Thermadon,_south,C:\Program Files (x86)\Steam\steamapps\workshop\content\294100\1541721856\Textures\Things\Pawn\Animal\AA_Thermadon\AA_Thermadon_south.png,83,187,
2,0,7,141,AA_Thunderbeast,thunderbeast,Alpha Animals,sarg.alphaanimals,416,,AA_Thunderbeast,Alpha Animals,1,2,3,Things/Pawn/Animal/AA_Thunderbeast/AA_Thunderbeast,_south,C:\Program Files (x86)\Steam\steamapps\workshop\content\294100\1541721856\Textures\Things\Pawn\Animal\AA_Thunderbeast\AA_Thunderbeast_south.png,100,195,
2,0,8,142,AA_Thunderox,thunderox,Alpha Animals,sarg.alphaanimals,416,,AA_Thunderox,Alpha Animals,1,2,3,Things/Pawn/Animal/FO_WoolyDuskling/FO_WoolyDuskling,_south,C:\Program Files (x86)\Steam\steamapps\workshop\content\294100\1541721856\Textures\Things\Pawn\Animal\FO_WoolyDuskling\FO_WoolyDuskling_south.png,130,215,
2,0,9,143,AA_UnblinkingEye,unblinking eye,Alpha Animals,sarg.alphaanimals,416,,AA_UnblinkingEye,Alpha Animals,1,0,1,Things/Pawn/Animal/AA_UnblinkingEye/AA_UnblinkingEye,_south,C:\Program Files (x86)\Steam\steamapps\workshop\content\294100\1541721856\Textures\Things\Pawn\Animal\AA_UnblinkingEye\AA_UnblinkingEye_south.png,162,243,
2,0,10,144,AA_Wildpawn,wildpawn,Alpha Animals,sarg.alphaanimals,416,,AA_Wildpawn,Alpha Animals,1,2,3,Things/Pawn/Animal/AA_Wildpawn/AA_Wildpawn,_south,C:\Program Files (x86)\Steam\steamapps\workshop\content\294100\1541721856\Textures\Things\Pawn\Animal\AA_Wildpawn\AA_Wildpawn_south.png,131,131,
2,0,11,145,AA_Wildpod,wildpod,Alpha Animals,sarg.alphaanimals,416,,AA_Wildpod,Alpha Animals,1,2,3,Things/Pawn/Animal/AA_Wildpod/AA_Wildpod,_south,C:\Program Files (x86)\Steam\steamapps\workshop\content\294100\1541721856\Textures\Things\Pawn\Animal\AA_Wildpod\AA_Wildpod_south.png,190,210,
2,0,12,146,AA_WindBeast,windbeast,Alpha Animals,sarg.alphaanimals,416,,AA_WindBeast,Alpha Animals,1,2,3,Things/Pawn/Animal/AA_WindBeast/AA_WindBeast,_south,C:\Program Files (x86)\Steam\steamapps\workshop\content\294100\1541721856\Textures\Things\Pawn\Animal\AA_WindBeast\AA_WindBeast_south.png,100,195,
2,0,13,147,VFEI2_BlackEmpress,black empress,Alpha Animals,sarg.alphaanimals,416,,VFEI2_BlackEmpress,Alpha Animals,1,2,3,Things/Pawn/Animal/VFEI2_BlackEmpress/VFEI2_BlackEmpress,_south,C:\Program Files (x86)\Steam\steamapps\workshop\content\294100\1541721856\Textures\Things\Pawn\Animal\VFEI2_BlackEmpress\VFEI2_BlackEmpress_south.png,332,415,
2,1,0,148,VFEI2_BlackQueen,black insectoid queen,Alpha Animals,sarg.alphaanimals,416,,VFEI2_BlackQueen,Alpha Animals,1,2,3,Things/Pawn/Animal/AA_BlackQueen/AA_BlackQueen,_south,C:\Program Files (x86)\Steam\steamapps\workshop\content\294100\1541721856\Textures\Things\Pawn\Animal\AA_BlackQueen\AA_BlackQueen_south.png,112,173,
2,1,1,149,VFEI2_BlackSwarmling,black swarmlings,Alpha Animals,sarg.alphaanimals,416,,VFEI2_BlackSwarmling,Alpha Animals,1,2,3,Things/Pawn/Animal/VFEI2_BlackSwarmling/VFEI2_BlackSwarmling,_south,C:\Program Files (x86)\Steam\steamapps\workshop\content\294100\1541721856\Textures\Things\Pawn\Animal\VFEI2_BlackSwarmling\VFEI2_BlackSwarmling_south.png,44,74,
2,1,2,151,AG_OcularSlinger,ocular slinger,Alpha Genes,sarg.alphagenes,471,,AG_OcularSlinger,Alpha Genes,1,0,1,Things/Pawn/Animal/AG_OcularSlinger/AG_OcularSlinger,_south,C:\Program Files (x86)\Steam\steamapps\workshop\content\294100\2891845502\Textures\Things\Pawn\Animal\AG_OcularSlinger\AG_OcularSlinger_south.png,182,205,
2,1,3,153,AM_Apoptosis,apoptosis,Alpha Mechs,sarg.alphamechs,51,,AM_Apoptosis,Alpha Mechs,1,1,2,Things/Pawn/Mechanoid/AM_Apoptosis/AM_Apoptosis,_south,C:\Program Files (x86)\Steam\steamapps\workshop\content\294100\2973169158\Textures\Things\Pawn\Mechanoid\AM_Apoptosis\AM_Apoptosis_south.png,246,240,
2,1,4,154,AM_Aura,aura,Alpha Mechs,sarg.alphamechs,51,,AM_Aura,Alpha Mechs,1,1,2,Things/Pawn/Mechanoid/AM_MechAura/AM_MechAura,_south,C:\Program Files (x86)\Steam\steamapps\workshop\content\294100\2973169158\Textures\Things\Pawn\Mechanoid\AM_MechAura\AM_MechAura_south.png,242,173,
2,1,5,155,AM_Blitzkrieg,blitzkrieg,Alpha Mechs,sarg.alphamechs,51,,AM_Blitzkrieg,Alpha Mechs,1,1,2,Things/Pawn/Mechanoid/AM_Blitzkrieg/AM_Blitzkrieg,_south,C:\Program Files (x86)\Steam\steamapps\workshop\content\294100\2973169158\Textures\Things\Pawn\Mechanoid\AM_Blitzkrieg\AM_Blitzkrieg_south.png,173,132,
2,1,6,156,AM_Daggersnout,daggersnout,Alpha Mechs,sarg.alphamechs,51,,AM_Daggersnout,Alpha Mechs,1,1,2,Things/Pawn/Mechanoid/AM_MechDaggersnout/AM_MechDaggersnout,_south,C:\Program Files (x86)\Steam\steamapps\workshop\content\294100\2973169158\Textures\Things\Pawn\Mechanoid\AM_MechDaggersnout\AM_MechDaggersnout_south.png,142,136,
2,1,7,157,AM_Demolisher,demolisher,Alpha Mechs,sarg.alphamechs,51,,AM_Demolisher,Alpha Mechs,1,1,2,Things/Pawn/Mechanoid/AM_MechDemolisher/AM_MechDemolisher,_south,C:\Program Files (x86)\Steam\steamapps\workshop\content\294100\2973169158\Textures\Things\Pawn\Mechanoid\AM_MechDemolisher\AM_MechDemolisher_south.png,152,213,
2,1,8,158,AM_Fireworm,fireworm,Alpha Mechs,sarg.alphamechs,51,,AM_Fireworm,Alpha Mechs,1,1,2,Things/Pawn/Mechanoid/AM_MechFireworm/AM_MechFireworm,_south,C:\Program Files (x86)\Steam\steamapps\workshop\content\294100\2973169158\Textures\Things\Pawn\Mechanoid\AM_MechFireworm\AM_MechFireworm_south.png,98,178,
2,1,9,159,AM_Goliath,goliath,Alpha Mechs,sarg.alphamechs,51,,AM_Goliath,Alpha Mechs,1,1,2,Things/Pawn/Mechanoid/AM_MechGoliath/AM_MechGoliath,_south,C:\Program Files (x86)\Steam\steamapps\workshop\content\294100\2973169158\Textures\Things\Pawn\Mechanoid\AM_MechGoliath\AM_MechGoliath_south.png,172,186,
2,1,10,160,AM_Infernus,infernus,Alpha Mechs,sarg.alphamechs,51,,AM_Infernus,Alpha Mechs,1,1,2,Things/Pawn/Mechanoid/AM_Infernus/AM_Infernus,_south,C:\Program Files (x86)\Steam\steamapps\workshop\content\294100\2973169158\Textures\Things\Pawn\Mechanoid\AM_Infernus\AM_Infernus_south.png,421,414,
2,1,11,161,AM_Mech_Artilleron,artilleron,Alpha Mechs,sarg.alphamechs,51,,AM_Mech_Artilleron,Alpha Mechs,1,1,2,Things/Pawn/Mechanoid/AM_Bellicor_Mortar/AM_Bellicor_Mortar_Clean,_south,C:\Program Files (x86)\Steam\steamapps\workshop\content\294100\2973169158\Textures\Things\Pawn\Mechanoid\AM_Bellicor_Mortar\AM_Bellicor_Mortar_Clean_south.png,118,245,
2,1,12,162,AM_Mech_Bellicor,bellicor,Alpha Mechs,sarg.alphamechs,51,,AM_Mech_Bellicor,Alpha Mechs,1,1,2,Things/Pawn/Mechanoid/AM_Bellicor/AM_Bellicor,_south,C:\Program Files (x86)\Steam\steamapps\workshop\content\294100\2973169158\Textures\Things\Pawn\Mechanoid\AM_Bellicor\AM_Bellicor_south.png,166,222,
2,1,13,163,AM_Mech_Guttersnipe,guttersnipe,Alpha Mechs,sarg.alphamechs,51,,AM_Mech_Guttersnipe,Alpha Mechs,1,1,2,Things/Pawn/Mechanoid/AM_Guttersnipe/AM_Guttersnipe,_south,C:\Program Files (x86)\Steam\steamapps\workshop\content\294100\2973169158\Textures\Things\Pawn\Mechanoid\AM_Guttersnipe\AM_Guttersnipe_south.png,214,198,
2,2,0,164,AM_Mech_Legate,legate,Alpha Mechs,sarg.alphamechs,51,,AM_Mech_Legate,Alpha Mechs,1,1,2,Things/Pawn/Mechanoid/AM_Legate/AM_Legate,_south,C:\Program Files (x86)\Steam\steamapps\workshop\content\294100\2973169158\Textures\Things\Pawn\Mechanoid\AM_Legate\AM_Legate_south.png,173,248,
2,2,1,165,AM_Mech_Lux,lux,Alpha Mechs,sarg.alphamechs,51,,AM_Mech_Lux,Alpha Mechs,1,1,2,Things/Pawn/Mechanoid/AM_Harpyia/AM_Harpyia,_south,C:\Program Files (x86)\Steam\steamapps\workshop\content\294100\2973169158\Textures\Things\Pawn\Mechanoid\AM_Harpyia\AM_Harpyia_south.png,178,206,
2,2,2,166,AM_Mech_MasterChef,culinarius,Alpha Mechs,sarg.alphamechs,51,,AM_Mech_MasterChef,Alpha Mechs,1,1,2,Things/Pawn/Mechanoid/AM_MasterChef/AM_MasterChef,_south,C:\Program Files (x86)\Steam\steamapps\workshop\content\294100\2973169158\Textures\Things\Pawn\Mechanoid\AM_MasterChef\AM_MasterChef_south.png,112,229,
2,2,3,167,AM_Mech_Munifex,munifex,Alpha Mechs,sarg.alphamechs,51,,AM_Mech_Munifex,Alpha Mechs,1,1,2,Things/Pawn/Mechanoid/AM_Munifex/AM_Munifex,_south,C:\Program Files (x86)\Steam\steamapps\workshop\content\294100\2973169158\Textures\Things\Pawn\Mechanoid\AM_Munifex\AM_Munifex_south.png,202,256,
2,2,4,168,AM_Mech_Optio,optio,Alpha Mechs,sarg.alphamechs,51,,AM_Mech_Optio,Alpha Mechs,1,1,2,Things/Pawn/Mechanoid/AM_Optio/AM_Optio,_south,C:\Program Files (x86)\Steam\steamapps\workshop\content\294100\2973169158\Textures\Things\Pawn\Mechanoid\AM_Optio\AM_Optio_south.png,228,251,
2,2,5,169,AM_Mech_Polychoron,polychoron,Alpha Mechs,sarg.alphamechs,51,,AM_Mech_Polychoron,Alpha Mechs,1,1,2,Things/Pawn/Mechanoid/AM_Polychoron/AM_Polychoron,_south,C:\Program Files (x86)\Steam\steamapps\workshop\content\294100\2973169158\Textures\Things\Pawn\Mechanoid\AM_Polychoron\AM_Polychoron_south.png,188,255,
2,2,6,170,AM_Mech_PristineAssembler,pristine assembler,Alpha Mechs,sarg.alphamechs,51,,AM_Mech_PristineAssembler,Alpha Mechs,1,1,2,Things/Pawn/Mechanoid/AM_PristineAssembler/AM_PristineAssembler,_south,C:\Program Files (x86)\Steam\steamapps\workshop\content\294100\2973169158\Textures\Things\Pawn\Mechanoid\AM_PristineAssembler\AM_PristineAssembler_south.png,113,169,
2,2,7,171,AM_Mech_PristineSlurrypede,pristine slurrypede,Alpha Mechs,sarg.alphamechs,51,,AM_Mech_PristineSlurrypede,Alpha Mechs,1,1,2,Things/Pawn/Mechanoid/AM_PristineSlurrypede/AM_PristineSlurrypede,_south,C:\Program Files (x86)\Steam\steamapps\workshop\content\294100\2973169158\Textures\Things\Pawn\Mechanoid\AM_PristineSlurrypede\AM_PristineSlurrypede_south.png,136,136,
2,2,8,172,AM_Mech_Sagittarius,sagittarius,Alpha Mechs,sarg.alphamechs,51,,AM_Mech_Sagittarius,Alpha Mechs,1,1,2,Things/Pawn/Mechanoid/AM_Sagittarius/AM_Sagittarius,_south,C:\Program Files (x86)\Steam\steamapps\workshop\content\294100\2973169158\Textures\Things\Pawn\Mechanoid\AM_Sagittarius\AM_Sagittarius_south.png,114,224,
2,2,9,173,AM_Mech_TurboCleaner,turbocleaner,Alpha Mechs,sarg.alphamechs,51,,AM_Mech_TurboCleaner,Alpha Mechs,1,1,2,Things/Pawn/Mechanoid/AM_TurboCleaner/AM_TurboCleaner,_south,C:\Program Files (x86)\Steam\steamapps\workshop\content\294100\2973169158\Textures\Things\Pawn\Mechanoid\AM_TurboCleaner\AM_TurboCleaner_south.png,234,135,
2,2,10,174,AM_Phalanx,phalanx,Alpha Mechs,sarg.alphamechs,51,,AM_Phalanx,Alpha Mechs,1,1,2,Things/Pawn/Mechanoid/AM_MechPhalanx/AM_MechPhalanx,_south,C:\Program Files (x86)\Steam\steamapps\workshop\content\294100\2973169158\Textures\Things\Pawn\Mechanoid\AM_MechPhalanx\AM_MechPhalanx_south.png,106,205,
2,2,11,175,AM_PristineStrider,pristine strider,Alpha Mechs,sarg.alphamechs,51,,AM_PristineStrider,Alpha Mechs,1,1,2,Things/Pawn/Mechanoid/AM_PristineStrider/AM_PristineStrider,_south,C:\Program Files (x86)\Steam\steamapps\workshop\content\294100\2973169158\Textures\Things\Pawn\Mechanoid\AM_PristineStrider\AM_PristineStrider_south.png,138,222,
2,2,12,176,AM_Siegebreaker,siegebreaker,Alpha Mechs,sarg.alphamechs,51,,AM_Siegebreaker,Alpha Mechs,1,1,2,Things/Pawn/Mechanoid/AM_MechSiegebreaker/AM_MechSiegebreaker,_south,C:\Program Files (x86)\Steam\steamapps\workshop\content\294100\2973169158\Textures\Things\Pawn\Mechanoid\AM_MechSiegebreaker\AM_MechSiegebreaker_south.png,141,214,
2,2,13,177,AM_Siegemelter,siegemelter,Alpha Mechs,sarg.alphamechs,51,,AM_Siegemelter,Alpha Mechs,1,1,2,Things/Pawn/Mechanoid/AM_MechSiegebreaker/AM_Siegemelter,_south,C:\Program Files (x86)\Steam\steamapps\workshop\content\294100\2973169158\Textures\Things\Pawn\Mechanoid\AM_MechSiegebreaker\AM_Siegemelter_south.png,141,206,
2,3,0,178,AM_Starfire,starfire,Alpha Mechs,sarg.alphamechs,51,,AM_Starfire,Alpha Mechs,1,1,2,Things/Pawn/Mechanoid/AM_MechSiegebreaker/AM_Starfire,_south,C:\Program Files (x86)\Steam\steamapps\workshop\content\294100\2973169158\Textures\Things\Pawn\Mechanoid\AM_MechSiegebreaker\AM_Starfire_south.png,141,220,
2,3,1,179,AM_WarEmpress,war empress,Alpha Mechs,sarg.alphamechs,51,,AM_WarEmpress,Alpha Mechs,1,1,2,Things/Pawn/Mechanoid/AM_WarEmpress/AM_WarEmpress,_south,C:\Program Files (x86)\Steam\steamapps\workshop\content\294100\2973169158\Textures\Things\Pawn\Mechanoid\AM_WarEmpress\AM_WarEmpress_south.png,154,182,
2,3,2,180,AM_Dryad_Corruptor,corruptor dryad,Alpha Memes,sarg.alphamemes,52,,AM_Dryad_Corruptor,Alpha Memes,1,0,1,Things/Pawn/Animal/AM_Dryad_Corruptor/AM_Dryad_Corruptor,_south,C:\Program Files (x86)\Steam\steamapps\workshop\content\294100\2661356814\Textures\Things\Pawn\Animal\AM_Dryad_Corruptor\AM_Dryad_Corruptor_south.png,108,187,
2,3,3,181,AM_Dryad_Ocular,ocular dryad,Alpha Memes,sarg.alphamemes,52,,AM_Dryad_Ocular,Alpha Memes,1,0,1,Things/Pawn/Animal/AM_Dryad_Ocular/AM_Dryad_Ocular,_south,C:\Program Files (x86)\Steam\steamapps\workshop\content\294100\2661356814\Textures\Things\Pawn\Animal\AM_Dryad_Ocular\AM_Dryad_Ocular_south.png,112,170,
2,3,4,182,AM_Dryad_Spitter,spitter dryad,Alpha Memes,sarg.alphamemes,52,,AM_Dryad_Spitter,Alpha Memes,1,0,1,Things/Pawn/Animal/AM_Dryad_Spitter/AM_Dryad_Spitter,_south,C:\Program Files (x86)\Steam\steamapps\workshop\content\294100\2661356814\Textures\Things\Pawn\Animal\AM_Dryad_Spitter\AM_Dryad_Spitter_south.png,128,153,
2,3,5,183,AM_Dryad_Tumorous,tumorous dryad,Alpha Memes,sarg.alphamemes,52,,AM_Dryad_Tumorous,Alpha Memes,1,0,1,Things/Pawn/Animal/AM_Dryad_Tumorous/AM_Dryad_Tumorous,_south,C:\Program Files (x86)\Steam\steamapps\workshop\content\294100\2661356814\Textures\Things\Pawn\Animal\AM_Dryad_Tumorous\AM_Dryad_Tumorous_south.png,127,151,
2,3,6,184,AM_Dryad_Unstable,unstable dryad,Alpha Memes,sarg.alphamemes,52,,AM_Dryad_Unstable,Alpha Memes,1,0,1,Things/Pawn/Animal/AM_Dryad_Unstable/AM_Dryad_Unstable,_south,C:\Program Files (x86)\Steam\steamapps\workshop\content\294100\2661356814\Textures\Things\Pawn\Animal\AM_Dryad_Unstable\AM_Dryad_Unstable_south.png,114,138,
2,3,7,217,Penguin,penguin,Beasts of the Rim (Continued),mlie.beastsoftherim,62,Beasts of the Rim (Continued) | Odyssey,Penguin,Odyssey,2,2,3,Things/Pawn/Animal/Penguin/Penguin,_south,C:\Program Files (x86)\Steam\steamapps\workshop\content\294100\2871933948\Textures\Things\Pawn\Animal\Penguin\Penguin_south.png,147,183,
2,3,8,224,BI_Queen,queen,Better Infestations (Continued),zal.betterinfestations,70,,BI_Queen,Better Infestations (Continued),1,2,3,BI/Queen,_south,C:\Program Files (x86)\Steam\steamapps\workshop\content\294100\3285516766\Textures\BI\Queen_south.png,184,249,
2,3,9,238,BMT_AaroxisDendoria,aaroxis dendoria,Biomes! Caverns,biomesteam.biomescaverns,473,,BMT_AaroxisDendoria,Biomes! Caverns,1,2,3,BMT_Caverns/Things/Animal/AaroxisDendoria/AaroxisDendoria,_south,C:\Program Files (x86)\Steam\steamapps\workshop\content\294100\2969748433\Textures\BMT_Caverns\Things\Animal\AaroxisDendoria\AaroxisDendoria_south.png,145,154,
2,3,10,239,BMT_AaroxisDendoriaLarvae,cinnabar caterpillar,Biomes! Caverns,biomesteam.biomescaverns,473,,BMT_AaroxisDendoriaLarvae,Biomes! Caverns,1,2,3,BMT_Caverns/Things/Animal/AaroxisDendoria/AaroxisDendoriaLarvae,_south,C:\Program Files (x86)\Steam\steamapps\workshop\content\294100\2969748433\Textures\BMT_Caverns\Things\Animal\AaroxisDendoria\AaroxisDendoriaLarvae_south.png,103,199,
2,3,11,240,BMT_AaroxisDendoriaPupa,aaroxis dendoria pupa,Biomes! Caverns,biomesteam.biomescaverns,473,,BMT_AaroxisDendoriaPupa,Biomes! Caverns,1,0,1,BMT_Caverns/Things/Animal/BeetlePupae/AaroxisDendoriaPupa,_east,C:\Program Files (x86)\Steam\steamapps\workshop\content\294100\2969748433\Textures\BMT_Caverns\Things\Animal\BeetlePupae\AaroxisDendoriaPupa_east.png,242,109,
2,3,12,241,BMT_AcidSlug,acid slug,Biomes! Caverns,biomesteam.biomescaverns,473,,BMT_AcidSlug,Biomes! Caverns,1,2,3,BMT_Caverns/Things/Animal/AcidSlug/AcidSlug,_south,C:\Program Files (x86)\Steam\steamapps\workshop\content\294100\2969748433\Textures\BMT_Caverns\Things\Animal\AcidSlug\AcidSlug_south.png,367,368,
2,3,13,242,BMT_Basilisk,basilisk,Biomes! Caverns,biomesteam.biomescaverns,473,,BMT_Basilisk,Biomes! Caverns,1,2,3,BMT_Caverns/Things/Animal/Basilisk/Basilisk,_south,C:\Program Files (x86)\Steam\steamapps\workshop\content\294100\2969748433\Textures\BMT_Caverns\Things\Animal\Basilisk\Basilisk_south.png,321,428,
2,4,0,243,BMT_Batbird,batbird,Biomes! Caverns,biomesteam.biomescaverns,473,,BMT_Batbird,Biomes! Caverns,1,2,3,BMT_Caverns/Things/Animal/Batbird/Batbird_Sitting,_south,C:\Program Files (x86)\Steam\steamapps\workshop\content\294100\2969748433\Textures\BMT_Caverns\Things\Animal\Batbird\Batbird_Sitting_south.png,330,320,
2,4,1,244,BMT_BeardedYak,bearded yak,Biomes! Caverns,biomesteam.biomescaverns,473,,BMT_BeardedYak,Biomes! Caverns,1,2,3,BMT_Caverns/Things/Animal/BeardedYak/BeardedYak,_south,C:\Program Files (x86)\Steam\steamapps\workshop\content\294100\2969748433\Textures\BMT_Caverns\Things\Animal\BeardedYak\BeardedYak_south.png,184,200,
2,4,2,245,BMT_BloodropLarvae,bloodrop larvae,Biomes! Caverns,biomesteam.biomescaverns,473,,BMT_BloodropLarvae,Biomes! Caverns,1,2,3,BMT_Caverns/Things/Animal/BloodropMoth/BloodropMothLarvae,_south,C:\Program Files (x86)\Steam\steamapps\workshop\content\294100\2969748433\Textures\BMT_Caverns\Things\Animal\BloodropMoth\BloodropMothLarvae_south.png,512,512,
2,4,3,246,BMT_BloodropMoth,bloodrop moth,Biomes! Caverns,biomesteam.biomescaverns,473,,BMT_BloodropMoth,Biomes! Caverns,1,0,1,BMT_Caverns/Things/Animal/BloodropMoth/BloodropMoth,_south,C:\Program Files (x86)\Steam\steamapps\workshop\content\294100\2969748433\Textures\BMT_Caverns\Things\Animal\BloodropMoth\BloodropMoth_south.png,512,512,
2,4,4,247,BMT_BloodropPupa,bloodrop pupa,Biomes! Caverns,biomesteam.biomescaverns,473,,BMT_BloodropPupa,Biomes! Caverns,1,0,1,BMT_Caverns/Things/Animal/BeetlePupae/BloodDropMothPupa,_east,C:\Program Files (x86)\Steam\steamapps\workshop\content\294100\2969748433\Textures\BMT_Caverns\Things\Animal\BeetlePupae\BloodDropMothPupa_east.png,474,186,
2,4,5,248,BMT_BovineBeetle,bovine beetle,Biomes! Caverns,biomesteam.biomescaverns,473,,BMT_BovineBeetle,Biomes! Caverns,1,2,3,BMT_Caverns/Things/Animal/BovineBeetle/BovineBeetle,_south,C:\Program Files (x86)\Steam\steamapps\workshop\content\294100\2969748433\Textures\BMT_Caverns\Things\Animal\BovineBeetle\BovineBeetle_south.png,245,245,
2,4,6,249,BMT_BovineBeetleLarvae,bovine grub,Biomes! Caverns,biomesteam.biomescaverns,473,,BMT_BovineBeetleLarvae,Biomes! Caverns,1,2,3,BMT_Caverns/Things/Animal/BovineBeetle/BovineBeetleLarva,_south,C:\Program Files (x86)\Steam\steamapps\workshop\content\294100\2969748433\Textures\BMT_Caverns\Things\Animal\BovineBeetle\BovineBeetleLarva_south.png,208,398,
2,4,7,250,BMT_BovineBeetlePupa,bovine pupa,Biomes! Caverns,biomesteam.biomescaverns,473,,BMT_BovineBeetlePupa,Biomes! Caverns,1,0,1,BMT_Caverns/Things/Animal/BeetlePupae/BeetlePupa,_east,C:\Program Files (x86)\Steam\steamapps\workshop\content\294100\2969748433\Textures\BMT_Caverns\Things\Animal\BeetlePupae\BeetlePupa_east.png,419,201,
2,4,8,251,BMT_BrownBat,brown bat,Biomes! Caverns,biomesteam.biomescaverns,473,,BMT_BrownBat,Biomes! Caverns,1,2,3,BMT_Caverns/Things/Animal/Brownbat/Bat_Sitting,_south,C:\Program Files (x86)\Steam\steamapps\workshop\content\294100\2969748433\Textures\BMT_Caverns\Things\Animal\Brownbat\Bat_Sitting_south.png,197,109,
2,4,9,252,BMT_CactusCrab,cactus crab,Biomes! Caverns,biomesteam.biomescaverns,473,,BMT_CactusCrab,Biomes! Caverns,1,2,3,BMT_Caverns/Things/Animal/CactusCrab/CactusCrab,_south,C:\Program Files (x86)\Steam\steamapps\workshop\content\294100\2969748433\Textures\BMT_Caverns\Things\Animal\CactusCrab\CactusCrab_south.png,264,405,
2,4,10,253,BMT_CaveCricket,cave cricket,Biomes! Caverns,biomesteam.biomescaverns,473,,BMT_CaveCricket,Biomes! Caverns,1,2,3,BMT_Caverns/Things/Animal/CaveCricket/CaveCricket,_south,C:\Program Files (x86)\Steam\steamapps\workshop\content\294100\2969748433\Textures\BMT_Caverns\Things\Animal\CaveCricket\CaveCricket_south.png,190,178,
2,4,11,254,BMT_CaveLemming,cave lemming,Biomes! Caverns,biomesteam.biomescaverns,473,,BMT_CaveLemming,Biomes! Caverns,1,2,3,BMT_Caverns/Things/Animal/CaveLemming/CaveLemming,_south,C:\Program Files (x86)\Steam\steamapps\workshop\content\294100\2969748433\Textures\BMT_Caverns\Things\Animal\CaveLemming\CaveLemming_south.png,102,173,
2,4,12,255,BMT_CaveSpider,cave spider,Biomes! Caverns,biomesteam.biomescaverns,473,,BMT_CaveSpider,Biomes! Caverns,1,2,3,BMT_Caverns/Things/Animal/CaveSpider/CaveSpider,_south,C:\Program Files (x86)\Steam\steamapps\workshop\content\294100\2969748433\Textures\BMT_Caverns\Things\Animal\CaveSpider\CaveSpider_south.png,250,228,
2,4,13,256,BMT_ChemSnail,chem snail,Biomes! Caverns,biomesteam.biomescaverns,473,,BMT_ChemSnail,Biomes! Caverns,1,2,3,BMT_Caverns/Things/Animal/ChemSnail/ChemSnail,_south,C:\Program Files (x86)\Steam\steamapps\workshop\content\294100\2969748433\Textures\BMT_Caverns\Things\Animal\ChemSnail\ChemSnail_south.png,99,105,
2,5,0,257,BMT_CrestedDragon,crested dragon,Biomes! Caverns,biomesteam.biomescaverns,473,,BMT_CrestedDragon,Biomes! Caverns,1,2,3,BMT_Caverns/Things/Animal/CrestedDragon/CrestedDragon,_south,C:\Program Files (x86)\Steam\steamapps\workshop\content\294100\2969748433\Textures\BMT_Caverns\Things\Animal\CrestedDragon\CrestedDragon_south.png,82,220,
2,5,1,258,BMT_CrystalBeetle,crystalback beetle,Biomes! Caverns,biomesteam.biomescaverns,473,,BMT_CrystalBeetle,Biomes! Caverns,1,2,3,BMT_Caverns/Things/Animal/CrystalbackBeetle/CrystalBeetle,_south,C:\Program Files (x86)\Steam\steamapps\workshop\content\294100\2969748433\Textures\BMT_Caverns\Things\Animal\CrystalbackBeetle\CrystalBeetle_south.png,289,256,
2,5,2,259,BMT_CrystalBeetleLarvae,crystalback grub,Biomes! Caverns,biomesteam.biomescaverns,473,,BMT_CrystalBeetleLarvae,Biomes! Caverns,1,2,3,BMT_Caverns/Things/Animal/CrystalbackBeetle/CrystalBeetleLarva,_south,C:\Program Files (x86)\Steam\steamapps\workshop\content\294100\2969748433\Textures\BMT_Caverns\Things\Animal\CrystalbackBeetle\CrystalBeetleLarva_south.png,208,363,
2,5,3,260,BMT_CrystalBeetlePupa,crystalback pupa,Biomes! Caverns,biomesteam.biomescaverns,473,,BMT_CrystalBeetlePupa,Biomes! Caverns,1,0,1,BMT_Caverns/Things/Animal/BeetlePupae/BeetlePupa,_east,C:\Program Files (x86)\Steam\steamapps\workshop\content\294100\2969748433\Textures\BMT_Caverns\Things\Animal\BeetlePupae\BeetlePupa_east.png,419,201,
2,5,4,261,BMT_CrystalCrab,crystal crab,Biomes! Caverns,biomesteam.biomescaverns,473,,BMT_CrystalCrab,Biomes! Caverns,1,2,3,BMT_Caverns/Things/Animal/CrystalCrab/CrystalCrabMale,_south,C:\Program Files (x86)\Steam\steamapps\workshop\content\294100\2969748433\Textures\BMT_Caverns\Things\Animal\CrystalCrab\CrystalCrabMale_south.png,287,434,
2,5,5,262,BMT_CrystalFairyMole,crystal fairy mole,Biomes! Caverns,biomesteam.biomescaverns,473,,BMT_CrystalFairyMole,Biomes! Caverns,1,2,3,BMT_Caverns/Things/Animal/CrystalFairyMole/CrystalFairyMole,_south,C:\Program Files (x86)\Steam\steamapps\workshop\content\294100\2969748433\Textures\BMT_Caverns\Things\Animal\CrystalFairyMole\CrystalFairyMole_south.png,122,187,
2,5,6,263,BMT_CrystalMantis,crystal mimic mantis,Biomes! Caverns,biomesteam.biomescaverns,473,,BMT_CrystalMantis,Biomes! Caverns,1,2,3,BMT_Caverns/Things/Animal/CrystalMantis/CrystalMantis,_south,C:\Program Files (x86)\Steam\steamapps\workshop\content\294100\2969748433\Textures\BMT_Caverns\Things\Animal\CrystalMantis\CrystalMantis_south.png,150,198,
2,5,7,264,BMT_Crystalope,crystalope,Biomes! Caverns,biomesteam.biomescaverns,473,,BMT_Crystalope,Biomes! Caverns,1,2,3,BMT_Caverns/Things/Animal/Crystalope/Crystalope,_south,C:\Program Files (x86)\Steam\steamapps\workshop\content\294100\2969748433\Textures\BMT_Caverns\Things\Animal\Crystalope\Crystalope_south.png,131,184,
2,5,8,265,BMT_DarkAxolotl,dark axolotl,Biomes! Caverns,biomesteam.biomescaverns,473,,BMT_DarkAxolotl,Biomes! Caverns,1,2,3,BMT_Caverns/Things/Animal/DarkAxolotl/DarkAxolotl,_south,C:\Program Files (x86)\Steam\steamapps\workshop\content\294100\2969748433\Textures\BMT_Caverns\Things\Animal\DarkAxolotl\DarkAxolotl_south.png,206,463,
2,5,9,266,BMT_Diggerpede,diggerpede,Biomes! Caverns,biomesteam.biomescaverns,473,,BMT_Diggerpede,Biomes! Caverns,1,2,3,BMT_Caverns/Things/Animal/Diggerpede/Diggerpede,_south,C:\Program Files (x86)\Steam\steamapps\workshop\content\294100\2969748433\Textures\BMT_Caverns\Things\Animal\Diggerpede\Diggerpede_south.png,230,230,
2,5,10,267,BMT_FacetMoth,facet moth,Biomes! Caverns,biomesteam.biomescaverns,473,,BMT_FacetMoth,Biomes! Caverns,1,0,1,BMT_Caverns/Things/Animal/FacetMoth/FacetMoth,_south,C:\Program Files (x86)\Steam\steamapps\workshop\content\294100\2969748433\Textures\BMT_Caverns\Things\Animal\FacetMoth\FacetMoth_south.png,504,375,
2,5,11,268,BMT_FacetMothLarvae,crystalline caterpillar,Biomes! Caverns,biomesteam.biomescaverns,473,,BMT_FacetMothLarvae,Biomes! Caverns,1,2,3,BMT_Caverns/Things/Animal/FacetMoth/Crystalpillar,_south,C:\Program Files (x86)\Steam\steamapps\workshop\content\294100\2969748433\Textures\BMT_Caverns\Things\Animal\FacetMoth\Crystalpillar_south.png,106,170,
2,5,12,269,BMT_FacetMothPupa,facet pupa,Biomes! Caverns,biomesteam.biomescaverns,473,,BMT_FacetMothPupa,Biomes! Caverns,1,0,1,BMT_Caverns/Things/Animal/FacetMoth/FacetMothPupa,<bare>,C:\Program Files (x86)\Steam\steamapps\workshop\content\294100\2969748433\Textures\BMT_Caverns\Things\Animal\FacetMoth\FacetMothPupa.png,243,111,
2,5,13,270,BMT_FireSalamander,fire salamander,Biomes! Caverns,biomesteam.biomescaverns,473,,BMT_FireSalamander,Biomes! Caverns,1,2,3,BMT_Caverns/Things/Animal/FireSalamander/FireSalamander,_south,C:\Program Files (x86)\Steam\steamapps\workshop\content\294100\2969748433\Textures\BMT_Caverns\Things\Animal\FireSalamander\FireSalamander_south.png,74,183,
2,6,0,271,BMT_FleeceSpider,fleece spider,Biomes! Caverns,biomesteam.biomescaverns,473,,BMT_FleeceSpider,Biomes! Caverns,1,2,3,BMT_Caverns/Things/Animal/FleeceSpider/FleeceSpider,_south,C:\Program Files (x86)\Steam\steamapps\workshop\content\294100\2969748433\Textures\BMT_Caverns\Things\Animal\FleeceSpider\FleeceSpider_south.png,184,180,
2,6,1,272,BMT_FoundryBeetle,foundry beetle,Biomes! Caverns,biomesteam.biomescaverns,473,,BMT_FoundryBeetle,Biomes! Caverns,1,2,3,BMT_Caverns/Things/Animal/FoundryBeetle/FoundryBeetle,_south,C:\Program Files (x86)\Steam\steamapps\workshop\content\294100\2969748433\Textures\BMT_Caverns\Things\Animal\FoundryBeetle\FoundryBeetle_south.png,294,422,
2,6,2,273,BMT_FoundryBeetleLarvae,foundry grub,Biomes! Caverns,biomesteam.biomescaverns,473,,BMT_FoundryBeetleLarvae,Biomes! Caverns,1,2,3,BMT_Caverns/Things/Animal/FoundryBeetle/FoundryGrub,_south,C:\Program Files (x86)\Steam\steamapps\workshop\content\294100\2969748433\Textures\BMT_Caverns\Things\Animal\FoundryBeetle\FoundryGrub_south.png,184,438,
2,6,3,274,BMT_FoundryBeetlePupa,foundry pupa,Biomes! Caverns,biomesteam.biomescaverns,473,,BMT_FoundryBeetlePupa,Biomes! Caverns,1,0,1,BMT_Caverns/Things/Animal/BeetlePupae/BeetlePupa,_east,C:\Program Files (x86)\Steam\steamapps\workshop\content\294100\2969748433\Textures\BMT_Caverns\Things\Animal\BeetlePupae\BeetlePupa_east.png,419,201,
2,6,4,275,BMT_FreezerFrog,freezer frog,Biomes! Caverns,biomesteam.biomescaverns,473,,BMT_FreezerFrog,Biomes! Caverns,1,2,3,BMT_Caverns/Things/Animal/FreezerFrog/FreezerFrog,_south,C:\Program Files (x86)\Steam\steamapps\workshop\content\294100\2969748433\Textures\BMT_Caverns\Things\Animal\FreezerFrog\FreezerFrog_south.png,138,158,
2,6,5,276,BMT_FrostweaverSpider,frostweaver,Biomes! Caverns,biomesteam.biomescaverns,473,,BMT_FrostweaverSpider,Biomes! Caverns,1,2,3,BMT_Caverns/Things/Animal/Frostweaver/Frostweaver,_south,C:\Program Files (x86)\Steam\steamapps\workshop\content\294100\2969748433\Textures\BMT_Caverns\Things\Animal\Frostweaver\Frostweaver_south.png,426,486,
2,6,6,277,BMT_FungalFerret,fungal ferret,Biomes! Caverns,biomesteam.biomescaverns,473,,BMT_FungalFerret,Biomes! Caverns,1,2,3,BMT_Caverns/Things/Animal/FungalFerret/FungalFerret,_south,C:\Program Files (x86)\Steam\steamapps\workshop\content\294100\2969748433\Textures\BMT_Caverns\Things\Animal\FungalFerret\FungalFerret_south.png,80,232,
2,6,7,278,BMT_FungalMantis,fungal mimic mantis,Biomes! Caverns,biomesteam.biomescaverns,473,,BMT_FungalMantis,Biomes! Caverns,1,2,3,BMT_Caverns/Things/Animal/FungalMantis/FungalMantis,_south,C:\Program Files (x86)\Steam\steamapps\workshop\content\294100\2969748433\Textures\BMT_Caverns\Things\Animal\FungalMantis\FungalMantis_south.png,245,360,
2,6,8,279,BMT_FungalWeevil,fungal weevil,Biomes! Caverns,biomesteam.biomescaverns,473,,BMT_FungalWeevil,Biomes! Caverns,1,2,3,BMT_Caverns/Things/Animal/FungalWeevil/FungalWeevil,_south,C:\Program Files (x86)\Steam\steamapps\workshop\content\294100\2969748433\Textures\BMT_Caverns\Things\Animal\FungalWeevil\FungalWeevil_south.png,130,205,
2,6,9,280,BMT_Gembug,gembug,Biomes! Caverns,biomesteam.biomescaverns,473,,BMT_Gembug,Biomes! Caverns,1,2,3,BMT_Caverns/Things/Animal/Gembug/Blue/Jewelbug,_south,C:\Program Files (x86)\Steam\steamapps\workshop\content\294100\2969748433\Textures\BMT_Caverns\Things\Animal\Gembug\Blue\Jewelbug_south.png,200,315,
2,6,10,281,BMT_GiantSlug,giant slug,Biomes! Caverns,biomesteam.biomescaverns,473,,BMT_GiantSlug,Biomes! Caverns,1,2,3,BMT_Caverns/Things/Animal/GiantSlug/GiantSlug,_south,C:\Program Files (x86)\Steam\steamapps\workshop\content\294100\2969748433\Textures\BMT_Caverns\Things\Animal\GiantSlug\GiantSlug_south.png,94,210,
2,6,11,282,BMT_GiantSnail,giant snail,Biomes! Caverns,biomesteam.biomescaverns,473,,BMT_GiantSnail,Biomes! Caverns,1,2,3,BMT_Caverns/Things/Animal/GiantSnail_1.5_Temp/GiantSnail,_south,C:\Program Files (x86)\Steam\steamapps\workshop\content\294100\2969748433\Textures\BMT_Caverns\Things\Animal\GiantSnail_1.5_Temp\GiantSnail_south.png,152,219,
2,6,12,283,BMT_GlarralPenguin,glarral penguin,Biomes! Caverns,biomesteam.biomescaverns,473,,BMT_GlarralPenguin,Biomes! Caverns,1,2,3,BMT_Caverns/Things/Animal/GlarralPenguin/GlarralPenguin,_south,C:\Program Files (x86)\Steam\steamapps\workshop\content\294100\2969748433\Textures\BMT_Caverns\Things\Animal\GlarralPenguin\GlarralPenguin_south.png,152,227,
2,6,13,284,BMT_GlowBat,bioluminescent bat,Biomes! Caverns,biomesteam.biomescaverns,473,,BMT_GlowBat,Biomes! Caverns,1,2,3,BMT_Caverns/Things/Animal/Glowbat/GlowBat_Sitting,_south,C:\Program Files (x86)\Steam\steamapps\workshop\content\294100\2969748433\Textures\BMT_Caverns\Things\Animal\Glowbat\GlowBat_Sitting_south.png,197,109,
2,7,0,285,BMT_GlowSlug,glowslug,Biomes! Caverns,biomesteam.biomescaverns,473,,BMT_GlowSlug,Biomes! Caverns,1,2,3,BMT_Caverns/Things/Animal/GlowSlug/GlowSlug,_south,C:\Program Files (x86)\Steam\steamapps\workshop\content\294100\2969748433\Textures\BMT_Caverns\Things\Animal\GlowSlug\GlowSlug_south.png,106,209,
2,7,1,286,BMT_GoetoTadpole,goeto tadpole,Biomes! Caverns,biomesteam.biomescaverns,473,,BMT_GoetoTadpole,Biomes! Caverns,1,2,3,BMT_Caverns/Things/Animal/GoetoToad/GoetoToad,_south,C:\Program Files (x86)\Steam\steamapps\workshop\content\294100\2969748433\Textures\BMT_Caverns\Things\Animal\GoetoToad\GoetoToad_south.png,183,164,
2,7,2,287,BMT_GoetoToad,goeto toad,Biomes! Caverns,biomesteam.biomescaverns,473,,BMT_GoetoToad,Biomes! Caverns,1,2,3,BMT_Caverns/Things/Animal/GoetoToad/GoetoToad,_south,C:\Program Files (x86)\Steam\steamapps\workshop\content\294100\2969748433\Textures\BMT_Caverns\Things\Animal\GoetoToad\GoetoToad_south.png,183,164,
2,7,3,288,BMT_HoarfrostMastodon,hoarfrost mastodon,Biomes! Caverns,biomesteam.biomescaverns,473,,BMT_HoarfrostMastodon,Biomes! Caverns,1,2,3,BMT_Caverns/Things/Animal/HoarfrostMastodon/HoarfrostMastodon,_south,C:\Program Files (x86)\Steam\steamapps\workshop\content\294100\2969748433\Textures\BMT_Caverns\Things\Animal\HoarfrostMastodon\HoarfrostMastodon_south.png,312,444,
2,7,4,289,BMT_HungeringHydra,hungering hydra,Biomes! Caverns,biomesteam.biomescaverns,473,,BMT_HungeringHydra,Biomes! Caverns,1,2,3,BMT_Caverns/Things/Animal/HungeringHydra/Hydra,_south,C:\Program Files (x86)\Steam\steamapps\workshop\content\294100\2969748433\Textures\BMT_Caverns\Things\Animal\HungeringHydra\Hydra_south.png,291,481,
2,7,5,290,BMT_ImperialToad,imperial toad,Biomes! Caverns,biomesteam.biomescaverns,473,,BMT_ImperialToad,Biomes! Caverns,1,2,3,BMT_Caverns/Things/Animal/ImperialToad/ImperialToad,_south,C:\Program Files (x86)\Steam\steamapps\workshop\content\294100\2969748433\Textures\BMT_Caverns\Things\Animal\ImperialToad\ImperialToad_south.png,166,161,
2,7,6,291,BMT_Jellypot,jellypot,Biomes! Caverns,biomesteam.biomescaverns,473,,BMT_Jellypot,Biomes! Caverns,1,2,3,BMT_Caverns/Things/Animal/Jellypot/Jellypot,_south,C:\Program Files (x86)\Steam\steamapps\workshop\content\294100\2969748433\Textures\BMT_Caverns\Things\Animal\Jellypot\Jellypot_south.png,158,238,
2,7,7,292,BMT_JewelBeetle,jewel beetle,Biomes! Caverns,biomesteam.biomescaverns,473,,BMT_JewelBeetle,Biomes! Caverns,1,2,3,BMT_Caverns/Things/Animal/JewelBeetle/JewelBeetle,_south,C:\Program Files (x86)\Steam\steamapps\workshop\content\294100\2969748433\Textures\BMT_Caverns\Things\Animal\JewelBeetle\JewelBeetle_south.png,168,289,
2,7,8,293,BMT_JewelBeetleLarvae,jewel grub,Biomes! Caverns,biomesteam.biomescaverns,473,,BMT_JewelBeetleLarvae,Biomes! Caverns,1,2,3,BMT_Caverns/Things/Animal/JewelBeetle/JewelBeetleLarva,_south,C:\Program Files (x86)\Steam\steamapps\workshop\content\294100\2969748433\Textures\BMT_Caverns\Things\Animal\JewelBeetle\JewelBeetleLarva_south.png,267,359,
2,7,9,294,BMT_JewelBeetlePupa,jewel pupa,Biomes! Caverns,biomesteam.biomescaverns,473,,BMT_JewelBeetlePupa,Biomes! Caverns,1,0,1,BMT_Caverns/Things/Animal/BeetlePupae/BeetlePupa,_east,C:\Program Files (x86)\Steam\steamapps\workshop\content\294100\2969748433\Textures\BMT_Caverns\Things\Animal\BeetlePupae\BeetlePupa_east.png,419,201,
2,7,10,295,BMT_MaceDrake,mace drake,Biomes! Caverns,biomesteam.biomescaverns,473,,BMT_MaceDrake,Biomes! Caverns,1,2,3,BMT_Caverns/Things/Animal/Macedrake/MaceDrake,_south,C:\Program Files (x86)\Steam\steamapps\workshop\content\294100\2969748433\Textures\BMT_Caverns\Things\Animal\Macedrake\MaceDrake_south.png,244,223,
2,7,11,296,BMT_Maguana,maguana,Biomes! Caverns,biomesteam.biomescaverns,473,,BMT_Maguana,Biomes! Caverns,1,2,3,BMT_Caverns/Things/Animal/Maguana/Maguana,_south,C:\Program Files (x86)\Steam\steamapps\workshop\content\294100\2969748433\Textures\BMT_Caverns\Things\Animal\Maguana\Maguana_south.png,77,202,
2,7,12,297,BMT_Megabat,megabat,Biomes! Caverns,biomesteam.biomescaverns,473,,BMT_Megabat,Biomes! Caverns,1,2,3,BMT_Caverns/Things/Animal/Megabat/Megabat,_south,C:\Program Files (x86)\Steam\steamapps\workshop\content\294100\2969748433\Textures\BMT_Caverns\Things\Animal\Megabat\Megabat_south.png,224,205,
2,7,13,298,BMT_Megapleura,megapleura,Biomes! Caverns,biomesteam.biomescaverns,473,,BMT_Megapleura,Biomes! Caverns,1,2,3,BMT_Caverns/Things/Animal/Megapleura/Megapleura,_south,C:\Program Files (x86)\Steam\steamapps\workshop\content\294100\2969748433\Textures\BMT_Caverns\Things\Animal\Megapleura\Megapleura_south.png,298,468,
2,8,0,299,BMT_MetalloSnail,metallosnail,Biomes! Caverns,biomesteam.biomescaverns,473,,BMT_MetalloSnail,Biomes! Caverns,1,2,3,BMT_Caverns/Things/Animal/MetalloSnail/Metallosnail,_south,C:\Program Files (x86)\Steam\steamapps\workshop\content\294100\2969748433\Textures\BMT_Caverns\Things\Animal\MetalloSnail\Metallosnail_south.png,400,378,
2,8,1,300,BMT_Mole,mole,Biomes! Caverns,biomesteam.biomescaverns,473,,BMT_Mole,Biomes! Caverns,1,2,3,BMT_Caverns/Things/Animal/Mole/Mole,_south,C:\Program Files (x86)\Steam\steamapps\workshop\content\294100\2969748433\Textures\BMT_Caverns\Things\Animal\Mole\Mole_south.png,84,182,
2,8,2,301,BMT_Molebear,Molebear,Biomes! Caverns,biomesteam.biomescaverns,473,,BMT_Molebear,Biomes! Caverns,1,2,3,BMT_Caverns/Things/Animal/Molebear/Molebear,_south,C:\Program Files (x86)\Steam\steamapps\workshop\content\294100\2969748433\Textures\BMT_Caverns\Things\Animal\Molebear\Molebear_south.png,148,201,
2,8,3,302,BMT_MossBeetle,moss beetle,Biomes! Caverns,biomesteam.biomescaverns,473,,BMT_MossBeetle,Biomes! Caverns,1,1,2,BMT_Caverns/Things/Animal/MossBeetle/MossBeetle,_south,C:\Program Files (x86)\Steam\steamapps\workshop\content\294100\2969748433\Textures\BMT_Caverns\Things\Animal\MossBeetle\MossBeetle_south.png,66,92,
2,8,4,303,BMT_MossBeetleLarvae,moss grub,Biomes! Caverns,biomesteam.biomescaverns,473,,BMT_MossBeetleLarvae,Biomes! Caverns,1,2,3,BMT_Caverns/Things/Animal/MossBeetle/MossGrub,_south,C:\Program Files (x86)\Steam\steamapps\workshop\content\294100\2969748433\Textures\BMT_Caverns\Things\Animal\MossBeetle\MossGrub_south.png,277,371,
2,8,5,304,BMT_MossBeetlePupa,moss pupa,Biomes! Caverns,biomesteam.biomescaverns,473,,BMT_MossBeetlePupa,Biomes! Caverns,1,0,1,BMT_Caverns/Things/Animal/BeetlePupae/BeetlePupa,_east,C:\Program Files (x86)\Steam\steamapps\workshop\content\294100\2969748433\Textures\BMT_Caverns\Things\Animal\BeetlePupae\BeetlePupa_east.png,419,201,
2,8,6,305,BMT_MossyFennec,mossy fennec,Biomes! Caverns,biomesteam.biomescaverns,473,,BMT_MossyFennec,Biomes! Caverns,1,2,3,BMT_Caverns/Things/Animal/MossyFennec/MossyFennec,_south,C:\Program Files (x86)\Steam\steamapps\workshop\content\294100\2969748433\Textures\BMT_Caverns\Things\Animal\MossyFennec\MossyFennec_south.png,88,229,
2,8,7,306,BMT_Pillbug,pillbug,Biomes! Caverns,biomesteam.biomescaverns,473,,BMT_Pillbug,Biomes! Caverns,1,2,3,BMT_Caverns/Things/Animal/Pillbug/Pillbug,_south,C:\Program Files (x86)\Steam\steamapps\workshop\content\294100\2969748433\Textures\BMT_Caverns\Things\Animal\Pillbug\Pillbug_south.png,241,425,
2,8,8,307,BMT_PodWorm,pod worm,Biomes! Caverns,biomesteam.biomescaverns,473,,BMT_PodWorm,Biomes! Caverns,1,2,3,BMT_Caverns/Things/Animal/GlowWorm/GlowWorm,_south,C:\Program Files (x86)\Steam\steamapps\workshop\content\294100\2969748433\Textures\BMT_Caverns\Things\Animal\GlowWorm\GlowWorm_south.png,170,376,
2,8,9,308,BMT_Rimebeak,rimebeak,Biomes! Caverns,biomesteam.biomescaverns,473,,BMT_Rimebeak,Biomes! Caverns,1,2,3,BMT_Caverns/Things/Animal/Rimebeak/Rimebeak,_south,C:\Program Files (x86)\Steam\steamapps\workshop\content\294100\2969748433\Textures\BMT_Caverns\Things\Animal\Rimebeak\Rimebeak_south.png,155,216,
2,8,10,309,BMT_RoyalRhino,royal rhino beetle,Biomes! Caverns,biomesteam.biomescaverns,473,,BMT_RoyalRhino,Biomes! Caverns,1,2,3,BMT_Caverns/Things/Animal/RoyalRhinoBeetle/RoyalRhino,_south,C:\Program Files (x86)\Steam\steamapps\workshop\content\294100\2969748433\Textures\BMT_Caverns\Things\Animal\RoyalRhinoBeetle\RoyalRhino_south.png,275,279,
2,8,11,310,BMT_RoyalRhinoLarvae,royal rhino grub,Biomes! Caverns,biomesteam.biomescaverns,473,,BMT_RoyalRhinoLarvae,Biomes! Caverns,1,2,3,BMT_Caverns/Things/Animal/RoyalRhinoBeetle/RoyalGrub,_south,C:\Program Files (x86)\Steam\steamapps\workshop\content\294100\2969748433\Textures\BMT_Caverns\Things\Animal\RoyalRhinoBeetle\RoyalGrub_south.png,245,339,
2,8,12,311,BMT_RoyalRhinoPupa,royal rhino pupa,Biomes! Caverns,biomesteam.biomescaverns,473,,BMT_RoyalRhinoPupa,Biomes! Caverns,1,0,1,BMT_Caverns/Things/Animal/BeetlePupae/BeetlePupa,_east,C:\Program Files (x86)\Steam\steamapps\workshop\content\294100\2969748433\Textures\BMT_Caverns\Things\Animal\BeetlePupae\BeetlePupa_east.png,419,201,
2,8,13,312,BMT_SandLeaper,sand leaper,Biomes! Caverns,biomesteam.biomescaverns,473,,BMT_SandLeaper,Biomes! Caverns,1,2,3,BMT_Caverns/Things/Animal/SandLeaper/SandLeaper,_south,C:\Program Files (x86)\Steam\steamapps\workshop\content\294100\2969748433\Textures\BMT_Caverns\Things\Animal\SandLeaper\SandLeaper_south.png,169,235,
3,0,0,313,BMT_SandPillar,sandpillar,Biomes! Caverns,biomesteam.biomescaverns,473,,BMT_SandPillar,Biomes! Caverns,1,2,3,BMT_Caverns/Things/Animal/SandPillar/SandPillar,_south,C:\Program Files (x86)\Steam\steamapps\workshop\content\294100\2969748433\Textures\BMT_Caverns\Things\Animal\SandPillar\SandPillar_south.png,242,366,
3,0,1,314,BMT_ShatterjawBeetle,shatterjaw beetle,Biomes! Caverns,biomesteam.biomescaverns,473,,BMT_ShatterjawBeetle,Biomes! Caverns,1,2,3,BMT_Caverns/Things/Animal/ShatterjawBeetle/ShatterJaw,_south,C:\Program Files (x86)\Steam\steamapps\workshop\content\294100\2969748433\Textures\BMT_Caverns\Things\Animal\ShatterjawBeetle\ShatterJaw_south.png,165,378,
3,0,2,315,BMT_ShatterjawBeetleLarvae,shatterjaw grub,Biomes! Caverns,biomesteam.biomescaverns,473,,BMT_ShatterjawBeetleLarvae,Biomes! Caverns,1,2,3,BMT_Caverns/Things/Animal/ShatterjawBeetle/ShatterGrub,_south,C:\Program Files (x86)\Steam\steamapps\workshop\content\294100\2969748433\Textures\BMT_Caverns\Things\Animal\ShatterjawBeetle\ShatterGrub_south.png,267,359,
3,0,3,316,BMT_ShatterjawBeetlePupa,shatterjaw pupa,Biomes! Caverns,biomesteam.biomescaverns,473,,BMT_ShatterjawBeetlePupa,Biomes! Caverns,1,0,1,BMT_Caverns/Things/Animal/BeetlePupae/BeetlePupa,_east,C:\Program Files (x86)\Steam\steamapps\workshop\content\294100\2969748433\Textures\BMT_Caverns\Things\Animal\BeetlePupae\BeetlePupa_east.png,419,201,
3,0,4,317,BMT_ShimmershellSnail,shimmershell snail,Biomes! Caverns,biomesteam.biomescaverns,473,,BMT_ShimmershellSnail,Biomes! Caverns,1,2,3,BMT_Caverns/Things/Animal/ShimmershellSnail/ShimmershellSnail,_south,C:\Program Files (x86)\Steam\steamapps\workshop\content\294100\2969748433\Textures\BMT_Caverns\Things\Animal\ShimmershellSnail\ShimmershellSnail_south.png,125,213,
3,0,5,318,BMT_SilverSheep,silver sheep,Biomes! Caverns,biomesteam.biomescaverns,473,,BMT_SilverSheep,Biomes! Caverns,1,2,3,BMT_Caverns/Things/Animal/SilverSheep/SilverSheepMale,_south,C:\Program Files (x86)\Steam\steamapps\workshop\content\294100\2969748433\Textures\BMT_Caverns\Things\Animal\SilverSheep\SilverSheepMale_south.png,78,145,
3,0,6,319,BMT_SmolderstingScorpion,smoldersting scorpion,Biomes! Caverns,biomesteam.biomescaverns,473,,BMT_SmolderstingScorpion,Biomes! Caverns,1,2,3,BMT_Caverns/Things/Animal/SmolderstingScorpion/SmolderstingScorpion,_south,C:\Program Files (x86)\Steam\steamapps\workshop\content\294100\2969748433\Textures\BMT_Caverns\Things\Animal\SmolderstingScorpion\SmolderstingScorpion_south.png,512,512,
3,0,7,320,BMT_Snowstalker,snowstalker,Biomes! Caverns,biomesteam.biomescaverns,473,,BMT_Snowstalker,Biomes! Caverns,1,2,3,BMT_Caverns/Things/Animal/Snowstalker/Snowstalker,_south,C:\Program Files (x86)\Steam\steamapps\workshop\content\294100\2969748433\Textures\BMT_Caverns\Things\Animal\Snowstalker\Snowstalker_south.png,88,241,
3,0,8,321,BMT_SonarRabbit,sonar rabbit,Biomes! Caverns,biomesteam.biomescaverns,473,,BMT_SonarRabbit,Biomes! Caverns,1,2,3,BMT_Caverns/Things/Animal/SonarRabbit/SonarRabbit,_south,C:\Program Files (x86)\Steam\steamapps\workshop\content\294100\2969748433\Textures\BMT_Caverns\Things\Animal\SonarRabbit\SonarRabbit_south.png,110,100,
3,0,9,322,BMT_Stoneback,stoneback,Biomes! Caverns,biomesteam.biomescaverns,473,,BMT_Stoneback,Biomes! Caverns,1,2,3,BMT_Caverns/Things/Animal/Stoneback/Stoneback,_south,C:\Program Files (x86)\Steam\steamapps\workshop\content\294100\2969748433\Textures\BMT_Caverns\Things\Animal\Stoneback\Stoneback_south.png,130,204,
3,0,10,323,BMT_Thrumbungus,thrumbungus,Biomes! Caverns,biomesteam.biomescaverns,473,,BMT_Thrumbungus,Biomes! Caverns,1,2,3,BMT_Caverns/Things/Animal/Thrumbungus/Thrumbungus,_south,C:\Program Files (x86)\Steam\steamapps\workshop\content\294100\2969748433\Textures\BMT_Caverns\Things\Animal\Thrumbungus\Thrumbungus_south.png,298,368,
3,0,11,324,BMT_TruffleMole,truffle mole,Biomes! Caverns,biomesteam.biomescaverns,473,,BMT_TruffleMole,Biomes! Caverns,1,2,3,BMT_Caverns/Things/Animal/TruffleMole/TruffleMole,_south,C:\Program Files (x86)\Steam\steamapps\workshop\content\294100\2969748433\Textures\BMT_Caverns\Things\Animal\TruffleMole\TruffleMole_south.png,134,185,
3,0,12,325,BMT_Woollybat,woolly bat,Biomes! Caverns,biomesteam.biomescaverns,473,,BMT_Woollybat,Biomes! Caverns,1,2,3,BMT_Caverns/Things/Animal/Woollybat/Woollybat,_south,C:\Program Files (x86)\Steam\steamapps\workshop\content\294100\2969748433\Textures\BMT_Caverns\Things\Animal\Woollybat\Woollybat_south.png,190,212,
3,0,13,326,BMT_Xyrion,xyrion,Biomes! Caverns,biomesteam.biomescaverns,473,,BMT_Xyrion,Biomes! Caverns,1,2,3,BMT_Caverns/Things/Animal/Xyrion/Xyrion,_south,C:\Program Files (x86)\Steam\steamapps\workshop\content\294100\2969748433\Textures\BMT_Caverns\Things\Animal\Xyrion\Xyrion_south.png,88,238,
3,1,0,327,BMT_Yooka,yooka,Biomes! Caverns,biomesteam.biomescaverns,473,,BMT_Yooka,Biomes! Caverns,1,2,3,BMT_Caverns/Things/Animal/Yooka/Yooka,_south,C:\Program Files (x86)\Steam\steamapps\workshop\content\294100\2969748433\Textures\BMT_Caverns\Things\Animal\Yooka\Yooka_south.png,104,170,
3,1,1,332,BMT_LandOctopus,terrestrial octopus,Biomes! Core,biomesteam.biomescore,421,,BMT_LandOctopus,Biomes! Core,1,2,3,BMT_Core/Things/Animal/LandOctopus/LandOctopi,_south,C:\Program Files (x86)\Steam\steamapps\workshop\content\294100\2038000893\Textures\BMT_Core\Things\Animal\LandOctopus\LandOctopi_south.png,376,380,
3,1,2,333,BMT_Maxolotl,maxolotl,Biomes! Core,biomesteam.biomescore,421,,BMT_Maxolotl,Biomes! Core,1,2,3,BiomesCore_Things/Animal/Maxolotl/Maxolotl,_south,C:\Program Files (x86)\Steam\steamapps\workshop\content\294100\2038000893\Textures\BiomesCore_Things\Animal\Maxolotl\Maxolotl_south.png,206,463,
3,1,3,334,BiomesIslands_Flamingo,rose flamingo,Biomes! Core,biomesteam.biomescore,421,,BiomesIslands_Flamingo,Biomes! Core,1,2,3,BiomesCore_Things/Animal/Flamingo/Flamingo,_south,C:\Program Files (x86)\Steam\steamapps\workshop\content\294100\2038000893\Textures\BiomesCore_Things\Animal\Flamingo\Flamingo_south.png,142,230,
3,1,4,335,BMT_BarbedPangolin,barbed pangolin,Biomes! Polluted Lands,biomesteam.biomespollutedlands,474,,BMT_BarbedPangolin,Biomes! Polluted Lands,1,2,3,BMT_PollutedLands/Things/Animal/BarbedPangolin/BarbedPangolin,_south,C:\Program Files (x86)\Steam\steamapps\workshop\content\294100\3390196656\Textures\BMT_PollutedLands\Things\Animal\BarbedPangolin\BarbedPangolin_south.png,94,132,
3,1,5,336,BMT_BiliousVarog,bilious varog,Biomes! Polluted Lands,biomesteam.biomespollutedlands,474,,BMT_BiliousVarog,Biomes! Polluted Lands,1,2,3,BMT_PollutedLands/Things/Animal/BiliousVarog/BiliousVarog,_south,C:\Program Files (x86)\Steam\steamapps\workshop\content\294100\3390196656\Textures\BMT_PollutedLands\Things\Animal\BiliousVarog\BiliousVarog_south.png,96,112,
3,1,6,337,BMT_BloodletterPetrel,bloodletter petrel,Biomes! Polluted Lands,biomesteam.biomespollutedlands,474,,BMT_BloodletterPetrel,Biomes! Polluted Lands,1,2,3,BMT_PollutedLands/Things/Animal/BloodletterPetrel/BloodletterPetrel,_south,C:\Program Files (x86)\Steam\steamapps\workshop\content\294100\3390196656\Textures\BMT_PollutedLands\Things\Animal\BloodletterPetrel\BloodletterPetrel_south.png,84,106,
3,1,7,338,BMT_BunkerBug,bunker bug,Biomes! Polluted Lands,biomesteam.biomespollutedlands,474,,BMT_BunkerBug,Biomes! Polluted Lands,1,2,3,BMT_PollutedLands/Things/Animal/BunkerBug/BunkerBug,_south,C:\Program Files (x86)\Steam\steamapps\workshop\content\294100\3390196656\Textures\BMT_PollutedLands\Things\Animal\BunkerBug\BunkerBug_south.png,206,397,
3,1,8,339,BMT_CarrionVulture,carrion vulture,Biomes! Polluted Lands,biomesteam.biomespollutedlands,474,,BMT_CarrionVulture,Biomes! Polluted Lands,1,2,3,BMT_PollutedLands/Things/Animal/CarrionVulture/CarrionVulture,_south,C:\Program Files (x86)\Steam\steamapps\workshop\content\294100\3390196656\Textures\BMT_PollutedLands\Things\Animal\CarrionVulture\CarrionVulture_south.png,133,145,
3,1,9,340,BMT_ColonyPustuleHornet,pustule hornet,Biomes! Polluted Lands,biomesteam.biomespollutedlands,474,,BMT_ColonyPustuleHornet,Biomes! Polluted Lands,1,2,3,BMT_PollutedLands/Things/Animal/PustuleHornet/PustuleHornet,_south,C:\Program Files (x86)\Steam\steamapps\workshop\content\294100\3390196656\Textures\BMT_PollutedLands\Things\Animal\PustuleHornet\PustuleHornet_south.png,294,426,
3,1,10,341,BMT_ColonyPustuleHornetQueen,pustule queen,Biomes! Polluted Lands,biomesteam.biomespollutedlands,474,,BMT_ColonyPustuleHornetQueen,Biomes! Polluted Lands,1,2,3,BMT_PollutedLands/Things/Animal/PustuleHornetQueen/PustuleHornetQueen,_south,C:\Program Files (x86)\Steam\steamapps\workshop\content\294100\3390196656\Textures\BMT_PollutedLands\Things\Animal\PustuleHornetQueen\PustuleHornetQueen_south.png,504,496,
3,1,11,342,BMT_Creature_Mantrap,mantrap,Biomes! Polluted Lands,biomesteam.biomespollutedlands,474,,BMT_Creature_Mantrap,Biomes! Polluted Lands,1,0,1,BMT_PollutedLands/Things/Animal/MantrapCreature/Mantrap,_south,C:\Program Files (x86)\Steam\steamapps\workshop\content\294100\3390196656\Textures\BMT_PollutedLands\Things\Animal\MantrapCreature\Mantrap_south.png,256,244,
3,1,12,343,BMT_FamineLocust,famine locust,Biomes! Polluted Lands,biomesteam.biomespollutedlands,474,,BMT_FamineLocust,Biomes! Polluted Lands,1,2,3,BMT_PollutedLands/Things/Animal/SwarmingLocust/SwarmingLocust,_south,C:\Program Files (x86)\Steam\steamapps\workshop\content\294100\3390196656\Textures\BMT_PollutedLands\Things\Animal\SwarmingLocust\SwarmingLocust_south.png,94,147,
3,1,13,344,BMT_FenridStoat,fenrid stoat,Biomes! Polluted Lands,biomesteam.biomespollutedlands,474,,BMT_FenridStoat,Biomes! Polluted Lands,1,2,3,BMT_PollutedLands/Things/Animal/FenridStoat/FenridStoat,_south,C:\Program Files (x86)\Steam\steamapps\workshop\content\294100\3390196656\Textures\BMT_PollutedLands\Things\Animal\FenridStoat\FenridStoat_south.png,70,184,
3,2,0,345,BMT_GastroToad,gastro toad,Biomes! Polluted Lands,biomesteam.biomespollutedlands,474,,BMT_GastroToad,Biomes! Polluted Lands,1,2,3,BMT_PollutedLands/Things/Animal/GastroToad/GastroToad,_south,C:\Program Files (x86)\Steam\steamapps\workshop\content\294100\3390196656\Textures\BMT_PollutedLands\Things\Animal\GastroToad\GastroToad_south.png,166,163,
3,2,1,346,BMT_Glowtail,glowtail,Biomes! Polluted Lands,biomesteam.biomespollutedlands,474,,BMT_Glowtail,Biomes! Polluted Lands,1,2,3,BMT_PollutedLands/Things/Animal/Glowtail/Glowtail,_south,C:\Program Files (x86)\Steam\steamapps\workshop\content\294100\3390196656\Textures\BMT_PollutedLands\Things\Animal\Glowtail\Glowtail_south.png,67,239,
3,2,2,347,BMT_LyncusSeal,lyncus seal,Biomes! Polluted Lands,biomesteam.biomespollutedlands,474,,BMT_LyncusSeal,Biomes! Polluted Lands,1,2,3,BMT_PollutedLands/Things/Animal/LyncusSeal/LyncusSeal,_south,C:\Program Files (x86)\Steam\steamapps\workshop\content\294100\3390196656\Textures\BMT_PollutedLands\Things\Animal\LyncusSeal\LyncusSeal_south.png,156,122,
3,2,3,348,BMT_Maligoat,maligoat,Biomes! Polluted Lands,biomesteam.biomespollutedlands,474,,BMT_Maligoat,Biomes! Polluted Lands,1,2,3,BMT_PollutedLands/Things/Animal/Maligoat/MaligoatMale,_south,C:\Program Files (x86)\Steam\steamapps\workshop\content\294100\3390196656\Textures\BMT_PollutedLands\Things\Animal\Maligoat\MaligoatMale_south.png,178,324,
3,2,4,349,BMT_Megakrill,megakrill,Biomes! Polluted Lands,biomesteam.biomespollutedlands,474,,BMT_Megakrill,Biomes! Polluted Lands,1,2,3,BMT_PollutedLands/Things/Animal/Megakrill/Megakrill,_south,C:\Program Files (x86)\Steam\steamapps\workshop\content\294100\3390196656\Textures\BMT_PollutedLands\Things\Animal\Megakrill\Megakrill_south.png,58,172,
3,2,5,350,BMT_Megaphorid,megaphorid,Biomes! Polluted Lands,biomesteam.biomespollutedlands,474,,BMT_Megaphorid,Biomes! Polluted Lands,1,2,3,BMT_PollutedLands/Things/Animal/Megaphorid/Megaphorid,_south,C:\Program Files (x86)\Steam\steamapps\workshop\content\294100\3390196656\Textures\BMT_PollutedLands\Things\Animal\Megaphorid\Megaphorid_south.png,144,162,
3,2,6,351,BMT_MegaphoridLarva,megaphorid maggot,Biomes! Polluted Lands,biomesteam.biomespollutedlands,474,,BMT_MegaphoridLarva,Biomes! Polluted Lands,1,2,3,BMT_PollutedLands/Things/Animal/Megaphorid/MegaphoridLarva,_south,C:\Program Files (x86)\Steam\steamapps\workshop\content\294100\3390196656\Textures\BMT_PollutedLands\Things\Animal\Megaphorid\MegaphoridLarva_south.png,56,98,
3,2,7,352,BMT_Megaroach,megaroach,Biomes! Polluted Lands,biomesteam.biomespollutedlands,474,,BMT_Megaroach,Biomes! Polluted Lands,1,2,3,BMT_PollutedLands/Things/Animal/Megaroach/Megaroach,_south,C:\Program Files (x86)\Steam\steamapps\workshop\content\294100\3390196656\Textures\BMT_PollutedLands\Things\Animal\Megaroach\Megaroach_south.png,124,210,
3,2,8,353,BMT_MucklurkerCatfish,mucklurker catfish,Biomes! Polluted Lands,biomesteam.biomespollutedlands,474,,BMT_MucklurkerCatfish,Biomes! Polluted Lands,1,2,3,BMT_PollutedLands/Things/Animal/MucklurkerCatfish/MucklurkerCatfish,_south,C:\Program Files (x86)\Steam\steamapps\workshop\content\294100\3390196656\Textures\BMT_PollutedLands\Things\Animal\MucklurkerCatfish\MucklurkerCatfish_south.png,374,506,
3,2,9,354,BMT_MutagenicNorphea,mutagenic norphea,Biomes! Polluted Lands,biomesteam.biomespollutedlands,474,,BMT_MutagenicNorphea,Biomes! Polluted Lands,1,2,3,BMT_PollutedLands/Things/Animal/MutagenicNorphea/MutagenicNorphea,_south,C:\Program Files (x86)\Steam\steamapps\workshop\content\294100\3390196656\Textures\BMT_PollutedLands\Things\Animal\MutagenicNorphea\MutagenicNorphea_south.png,140,201,
3,2,10,355,BMT_MutatingTumorfishAdult,mutating tumorfish,Biomes! Polluted Lands,biomesteam.biomespollutedlands,474,,BMT_MutatingTumorfishAdult,Biomes! Polluted Lands,1,2,3,BMT_PollutedLands/Things/Animal/MutatingTumorfish/MutatingTumorfish_Stage3,_south,C:\Program Files (x86)\Steam\steamapps\workshop\content\294100\3390196656\Textures\BMT_PollutedLands\Things\Animal\MutatingTumorfish\MutatingTumorfish_Stage3_south.png,240,289,
3,2,11,356,BMT_MutatingTumorfishFry,mutating tumorfish fry,Biomes! Polluted Lands,biomesteam.biomespollutedlands,474,,BMT_MutatingTumorfishFry,Biomes! Polluted Lands,1,2,3,BMT_PollutedLands/Things/Animal/MutatingTumorfish/MutatingTumorfish_Stage2,_south,C:\Program Files (x86)\Steam\steamapps\workshop\content\294100\3390196656\Textures\BMT_PollutedLands\Things\Animal\MutatingTumorfish\MutatingTumorfish_Stage2_south.png,232,354,
3,2,12,357,BMT_MutatingTumorfishSpawn,mutating tumorfish spawn,Biomes! Polluted Lands,biomesteam.biomespollutedlands,474,,BMT_MutatingTumorfishSpawn,Biomes! Polluted Lands,1,2,3,BMT_PollutedLands/Things/Animal/MutatingTumorfish/MutatingTumorfish_Stage1,_south,C:\Program Files (x86)\Steam\steamapps\workshop\content\294100\3390196656\Textures\BMT_PollutedLands\Things\Animal\MutatingTumorfish\MutatingTumorfish_Stage1_south.png,134,126,
3,2,13,358,BMT_Polluwog,polluwog,Biomes! Polluted Lands,biomesteam.biomespollutedlands,474,,BMT_Polluwog,Biomes! Polluted Lands,1,2,3,BMT_PollutedLands/Things/Animal/GastroToad/Polluwog,_south,C:\Program Files (x86)\Steam\steamapps\workshop\content\294100\3390196656\Textures\BMT_PollutedLands\Things\Animal\GastroToad\Polluwog_south.png,44,111,
3,3,0,359,BMT_PustuleHornet,pustule hornet,Biomes! Polluted Lands,biomesteam.biomespollutedlands,474,,BMT_PustuleHornet,Biomes! Polluted Lands,1,2,3,BMT_PollutedLands/Things/Animal/PustuleHornet/PustuleHornet,_south,C:\Program Files (x86)\Steam\steamapps\workshop\content\294100\3390196656\Textures\BMT_PollutedLands\Things\Animal\PustuleHornet\PustuleHornet_south.png,294,426,
3,3,1,360,BMT_PustuleHornetQueen,pustule queen,Biomes! Polluted Lands,biomesteam.biomespollutedlands,474,,BMT_PustuleHornetQueen,Biomes! Polluted Lands,1,2,3,BMT_PollutedLands/Things/Animal/PustuleHornetQueen/PustuleHornetQueen,_south,C:\Program Files (x86)\Steam\steamapps\workshop\content\294100\3390196656\Textures\BMT_PollutedLands\Things\Animal\PustuleHornetQueen\PustuleHornetQueen_south.png,504,496,
3,3,2,361,BMT_PustuleHornetSpawned,pustule hornet,Biomes! Polluted Lands,biomesteam.biomespollutedlands,474,,BMT_PustuleHornetSpawned,Biomes! Polluted Lands,1,2,3,BMT_PollutedLands/Things/Animal/PustuleHornet/PustuleHornet,_south,C:\Program Files (x86)\Steam\steamapps\workshop\content\294100\3390196656\Textures\BMT_PollutedLands\Things\Animal\PustuleHornet\PustuleHornet_south.png,294,426,
3,3,3,362,BMT_Sacapillar,sacapillar,Biomes! Polluted Lands,biomesteam.biomespollutedlands,474,,BMT_Sacapillar,Biomes! Polluted Lands,1,2,3,BMT_PollutedLands/Things/Animal/SacaPillar/SacaPillar,_south,C:\Program Files (x86)\Steam\steamapps\workshop\content\294100\3390196656\Textures\BMT_PollutedLands\Things\Animal\SacaPillar\SacaPillar_south.png,222,412,
3,3,4,363,BMT_Screecher,screecher,Biomes! Polluted Lands,biomesteam.biomespollutedlands,474,,BMT_Screecher,Biomes! Polluted Lands,1,2,3,BMT_PollutedLands/Things/Animal/Screecher/Screecher,_south,C:\Program Files (x86)\Steam\steamapps\workshop\content\294100\3390196656\Textures\BMT_PollutedLands\Things\Animal\Screecher\Screecher_south.png,218,215,
3,3,5,364,BMT_SludgeCrawler,sludgecrawler,Biomes! Polluted Lands,biomesteam.biomespollutedlands,474,,BMT_SludgeCrawler,Biomes! Polluted Lands,1,2,3,BMT_PollutedLands/Things/Animal/SludgeCrawler/SludgeCrawler,_south,C:\Program Files (x86)\Steam\steamapps\workshop\content\294100\3390196656\Textures\BMT_PollutedLands\Things\Animal\SludgeCrawler\SludgeCrawler_south.png,148,171,
3,3,6,365,BMT_SmogMoth,smog moth,Biomes! Polluted Lands,biomesteam.biomespollutedlands,474,,BMT_SmogMoth,Biomes! Polluted Lands,1,0,1,BMT_PollutedLands/Things/Animal/SmogMoth/SmogMoth,_south,C:\Program Files (x86)\Steam\steamapps\workshop\content\294100\3390196656\Textures\BMT_PollutedLands\Things\Animal\SmogMoth\SmogMoth_south.png,498,283,
3,3,7,366,BMT_SmogMothLarvae,smog caterpillar,Biomes! Polluted Lands,biomesteam.biomespollutedlands,474,,BMT_SmogMothLarvae,Biomes! Polluted Lands,1,2,3,BMT_PollutedLands/Things/Animal/SmogMoth/Smogapillar,_south,C:\Program Files (x86)\Steam\steamapps\workshop\content\294100\3390196656\Textures\BMT_PollutedLands\Things\Animal\SmogMoth\Smogapillar_south.png,354,454,
3,3,8,367,BMT_SmogPupa,smog pupa,Biomes! Polluted Lands,biomesteam.biomespollutedlands,474,,BMT_SmogPupa,Biomes! Polluted Lands,1,0,1,BMT_PollutedLands/Things/Animal/SmogMoth/SmogPupa,_east,C:\Program Files (x86)\Steam\steamapps\workshop\content\294100\3390196656\Textures\BMT_PollutedLands\Things\Animal\SmogMoth\SmogPupa_east.png,462,214,
3,3,9,368,BMT_Swarmcaller,swarmcaller,Biomes! Polluted Lands,biomesteam.biomespollutedlands,474,,BMT_Swarmcaller,Biomes! Polluted Lands,1,2,3,BMT_PollutedLands/Things/Animal/Swarmcaller/Swarmcaller,_south,C:\Program Files (x86)\Steam\steamapps\workshop\content\294100\3390196656\Textures\BMT_PollutedLands\Things\Animal\Swarmcaller\Swarmcaller_south.png,212,398,
3,3,10,369,BMT_TaintedTurtle,tainted turtle,Biomes! Polluted Lands,biomesteam.biomespollutedlands,474,,BMT_TaintedTurtle,Biomes! Polluted Lands,1,2,3,BMT_PollutedLands/Things/Animal/TaintedTurtle/TaintedTurtle,_south,C:\Program Files (x86)\Steam\steamapps\workshop\content\294100\3390196656\Textures\BMT_PollutedLands\Things\Animal\TaintedTurtle\TaintedTurtle_south.png,143,133,
3,3,11,370,BMT_ToxSheep,tox-wool sheep,Biomes! Polluted Lands,biomesteam.biomespollutedlands,474,,BMT_ToxSheep,Biomes! Polluted Lands,1,2,3,BMT_PollutedLands/Things/Animal/ToxwoolSheep/ToxwoolSheepMale,_south,C:\Program Files (x86)\Steam\steamapps\workshop\content\294100\3390196656\Textures\BMT_PollutedLands\Things\Animal\ToxwoolSheep\ToxwoolSheepMale_south.png,148,177,
3,3,12,371,BMT_TripleSnapper,triple snapper,Biomes! Polluted Lands,biomesteam.biomespollutedlands,474,,BMT_TripleSnapper,Biomes! Polluted Lands,1,2,3,BMT_PollutedLands/Things/Animal/TripleSnapper/TripleSnapper,_south,C:\Program Files (x86)\Steam\steamapps\workshop\content\294100\3390196656\Textures\BMT_PollutedLands\Things\Animal\TripleSnapper\TripleSnapper_south.png,262,388,
3,3,13,372,BMT_Varmot,varmot,Biomes! Polluted Lands,biomesteam.biomespollutedlands,474,,BMT_Varmot,Biomes! Polluted Lands,1,2,3,BMT_PollutedLands/Things/Animal/Varmot/Varmot,_south,C:\Program Files (x86)\Steam\steamapps\workshop\content\294100\3390196656\Textures\BMT_PollutedLands\Things\Animal\Varmot\Varmot_south.png,92,155,
3,4,0,373,BMT_WasteHound,waste hound,Biomes! Polluted Lands,biomesteam.biomespollutedlands,474,,BMT_WasteHound,Biomes! Polluted Lands,1,2,3,BMT_PollutedLands/Things/Animal/Wastehound/Wastehound,_south,C:\Program Files (x86)\Steam\steamapps\workshop\content\294100\3390196656\Textures\BMT_PollutedLands\Things\Animal\Wastehound\Wastehound_south.png,74,160,
3,4,1,377,Mech_Agrihand,agrihand,Biotech,ludeon.rimworld.biotech,7,,Mech_Agrihand,Biotech,1,1,2,Things/Pawn/Mechanoid/AgrihandAncient,_south,C:\Program Files (x86)\Steam\steamapps\workshop\content\294100\3164022710\Textures\Things\Pawn\Mechanoid\AgrihandAncient_south.png,146,211,
3,4,2,378,Mech_Apocriton,apocriton,Biotech,ludeon.rimworld.biotech,7,,Mech_Apocriton,Biotech,1,1,2,Things/Pawn/Mechanoid/ApocritonAncient,_south,C:\Program Files (x86)\Steam\steamapps\workshop\content\294100\3164022710\Textures\Things\Pawn\Mechanoid\ApocritonAncient_south.png,256,512,
3,4,3,379,Mech_Centurion,centurion,Biotech,ludeon.rimworld.biotech,7,,Mech_Centurion,Biotech,1,1,2,Things/Pawn/Mechanoid/CenturionAncient,_south,C:\Program Files (x86)\Steam\steamapps\workshop\content\294100\3164022710\Textures\Things\Pawn\Mechanoid\CenturionAncient_south.png,392,468,
3,4,4,380,Mech_Cleansweeper,cleansweeper,Biotech,ludeon.rimworld.biotech,7,,Mech_Cleansweeper,Biotech,1,1,2,Things/Pawn/Mechanoid/CleansweeperAncient,_south,C:\Program Files (x86)\Steam\steamapps\workshop\content\294100\3164022710\Textures\Things\Pawn\Mechanoid\CleansweeperAncient_south.png,148,183,
3,4,5,381,Mech_Constructoid,constructoid,Biotech,ludeon.rimworld.biotech,7,,Mech_Constructoid,Biotech,1,1,2,Things/Pawn/Mechanoid/ConstructoidAncient,_south,C:\Program Files (x86)\Steam\steamapps\workshop\content\294100\3164022710\Textures\Things\Pawn\Mechanoid\ConstructoidAncient_south.png,214,198,
3,4,6,382,Mech_Diabolus,diabolus,Biotech,ludeon.rimworld.biotech,7,,Mech_Diabolus,Biotech,1,1,2,Things/Pawn/Mechanoid/DiabolusAncient,_south,C:\Program Files (x86)\Steam\steamapps\workshop\content\294100\3164022710\Textures\Things\Pawn\Mechanoid\DiabolusAncient_south.png,420,388,
3,4,7,383,Mech_Fabricor,fabricor,Biotech,ludeon.rimworld.biotech,7,,Mech_Fabricor,Biotech,1,1,2,Things/Pawn/Mechanoid/FabricorAncient,_south,C:\Program Files (x86)\Steam\steamapps\workshop\content\294100\3164022710\Textures\Things\Pawn\Mechanoid\FabricorAncient_south.png,158,226,
3,4,8,384,Mech_Legionary,legionary,Biotech,ludeon.rimworld.biotech,7,,Mech_Legionary,Biotech,1,1,2,Things/Pawn/Mechanoid/LegionaryAncient,_south,C:\Program Files (x86)\Steam\steamapps\workshop\content\294100\3164022710\Textures\Things\Pawn\Mechanoid\LegionaryAncient_south.png,410,493,
3,4,9,385,Mech_Lifter,lifter,Biotech,ludeon.rimworld.biotech,7,,Mech_Lifter,Biotech,1,1,2,Things/Pawn/Mechanoid/LifterAncient,_south,C:\Program Files (x86)\Steam\steamapps\workshop\content\294100\3164022710\Textures\Things\Pawn\Mechanoid\LifterAncient_south.png,186,214,
3,4,10,386,Mech_Militor,militor,Biotech,ludeon.rimworld.biotech,7,,Mech_Militor,Biotech,1,1,2,Things/Pawn/Mechanoid/MilitorAncient,_south,C:\Program Files (x86)\Steam\steamapps\workshop\content\294100\3164022710\Textures\Things\Pawn\Mechanoid\MilitorAncient_south.png,112,196,
3,4,11,387,Mech_Paramedic,paramedic,Biotech,ludeon.rimworld.biotech,7,,Mech_Paramedic,Biotech,1,1,2,Things/Pawn/Mechanoid/ParamedicAncient,_south,C:\Program Files (x86)\Steam\steamapps\workshop\content\294100\3164022710\Textures\Things\Pawn\Mechanoid\ParamedicAncient_south.png,212,188,
3,4,12,388,Mech_Scorcher,scorcher,Biotech,ludeon.rimworld.biotech,7,,Mech_Scorcher,Biotech,1,1,2,Things/Pawn/Mechanoid/ScorcherAncient,_south,C:\Program Files (x86)\Steam\steamapps\workshop\content\294100\3164022710\Textures\Things\Pawn\Mechanoid\ScorcherAncient_south.png,226,256,
3,4,13,389,Mech_Tesseron,tesseron,Biotech,ludeon.rimworld.biotech,7,,Mech_Tesseron,Biotech,1,1,2,Things/Pawn/Mechanoid/TesseronAncient,_south,C:\Program Files (x86)\Steam\steamapps\workshop\content\294100\3164022710\Textures\Things\Pawn\Mechanoid\TesseronAncient_south.png,266,512,
3,5,0,390,Mech_Tunneler,tunneler,Biotech,ludeon.rimworld.biotech,7,,Mech_Tunneler,Biotech,1,1,2,Things/Pawn/Mechanoid/TunnelerAncient,_south,C:\Program Files (x86)\Steam\steamapps\workshop\content\294100\3164022710\Textures\Things\Pawn\Mechanoid\TunnelerAncient_south.png,496,467,
3,5,1,391,Mech_WarUrchin,war urchin,Biotech,ludeon.rimworld.biotech,7,,Mech_WarUrchin,Biotech,1,1,2,Things/Pawn/Mechanoid/WarUrchinAncient,_south,C:\Program Files (x86)\Steam\steamapps\workshop\content\294100\3164022710\Textures\Things\Pawn\Mechanoid\WarUrchinAncient_south.png,166,176,
3,5,2,392,Mech_Warqueen,war queen,Biotech,ludeon.rimworld.biotech,7,,Mech_Warqueen,Biotech,1,1,2,Things/Pawn/Mechanoid/WarqueenAncient,_south,C:\Program Files (x86)\Steam\steamapps\workshop\content\294100\3164022710\Textures\Things\Pawn\Mechanoid\WarqueenAncient_south.png,332,480,
3,5,3,397,CACrystalScythe,Crystal scythe,Caravan Adventures,iforgotmysocks.caravanadventures,89,,CABossMechCrystalScythe,Caravan Adventures,1,0,1,Things/Bosses/2,_south,C:\Program Files (x86)\Steam\steamapps\workshop\content\294100\2558957509\Textures\Things\Bosses\2_south.png,512,511,
3,5,4,398,CADevourer,Devourer,Caravan Adventures,iforgotmysocks.caravanadventures,89,,CABossMechDevourer,Caravan Adventures,1,0,1,Things/Bosses/1,_south,C:\Program Files (x86)\Steam\steamapps\workshop\content\294100\2558957509\Textures\Things\Bosses\1_south.png,512,512,
3,5,5,399,CAEndBossMech,Judgment,Caravan Adventures,iforgotmysocks.caravanadventures,89,,CAEndBossMech,Caravan Adventures,1,0,1,Things/Bosses/5,_south,C:\Program Files (x86)\Steam\steamapps\workshop\content\294100\2558957509\Textures\Things\Bosses\5_south.png,512,512,
3,5,6,400,CAHarbinger,Harbinger,Caravan Adventures,iforgotmysocks.caravanadventures,89,,CABossMechHarbinger,Caravan Adventures,1,0,1,Things/Bosses/4,_south,C:\Program Files (x86)\Steam\steamapps\workshop\content\294100\2558957509\Textures\Things\Bosses\4_south.png,512,512,
3,5,7,401,CAHavoc,Havoc,Caravan Adventures,iforgotmysocks.caravanadventures,89,,CABossMechHavoc,Caravan Adventures,1,0,1,Things/Bosses/3,_south,C:\Program Files (x86)\Steam\steamapps\workshop\content\294100\2558957509\Textures\Things\Bosses\3_south.png,512,511,
3,5,8,403,JOE_Cephalope,cephalope,Cephaloids,joe.cephaloids,90,,JOE_Cephalope,Cephaloids,1,2,3,Things/Pawn/Animal/cephalope/cephalope,_south,C:\Program Files (x86)\Steam\steamapps\workshop\content\294100\3753477123\Textures\Things\Pawn\Animal\cephalope\cephalope_south.png,189,158,
3,5,9,404,JOE_Landopus,landopus,Cephaloids,joe.cephaloids,90,,JOE_Landopus,Cephaloids,1,0,1,Things/Pawn/Animal/landopus/landopus,_south,C:\Program Files (x86)\Steam\steamapps\workshop\content\294100\3753477123\Textures\Things\Pawn\Animal\landopus\landopus_south.png,184,134,
3,5,10,405,JOE_Nautilant,nautilant,Cephaloids,joe.cephaloids,90,,JOE_Nautilant,Cephaloids,1,1,2,Things/Pawn/Animal/nautilant/nautilant,_south,C:\Program Files (x86)\Steam\steamapps\workshop\content\294100\3753477123\Textures\Things\Pawn\Animal\nautilant\nautilant_south.png,381,463,
3,5,11,419,Alphabeaver,alphabeaver,Core,ludeon.rimworld,4,,Alphabeaver,Core,1,2,3,Things/Pawn/Animal/Beaver/Beaver,_south,C:\Program Files (x86)\Steam\steamapps\workshop\content\294100\2707120862\Textures\Things\Pawn\Animal\Beaver\Beaver_south.png,106,168,
3,5,12,427,Cassowary,cassowary,Core,ludeon.rimworld,4,,Cassowary,Core,1,2,3,Things/Pawn/Animal/Cassowary/Cassowary,_south,C:\Program Files (x86)\Steam\steamapps\workshop\content\294100\2707120862\Textures\Things\Pawn\Animal\Cassowary\Cassowary_south.png,136,220,
3,5,13,431,Cobra,cobra,Core,ludeon.rimworld,4,,Cobra,Core,1,2,3,Things/Pawn/Animal/Cobra/Cobra,_south,C:\Program Files (x86)\Steam\steamapps\workshop\content\294100\2707120862\Textures\Things\Pawn\Animal\Cobra\Cobra_south.png,144,207,
3,6,0,440,Emu,emu,Core,ludeon.rimworld,4,,Emu,Core,1,2,3,Things/Pawn/Animal/Emu/Emu,_south,C:\Program Files (x86)\Steam\steamapps\workshop\content\294100\2707120862\Textures\Things\Pawn\Animal\Emu\Emu_south.png,148,189,
3,6,1,444,Gazelle,gazelle,Core,ludeon.rimworld,4,,Gazelle,Core,1,2,3,Things/Pawn/Animal/Gazelle/Gazelle,_south,C:\Program Files (x86)\Steam\steamapps\workshop\content\294100\2707120862\Textures\Things\Pawn\Animal\Gazelle\Gazelle_south.png,93,197,
3,6,2,460,Megascarab,megascarab,Core,ludeon.rimworld,4,,Megascarab,Core,2,2,3,Things/Pawn/Animal/Megascarab/Megascarab,_south,C:\Program Files (x86)\Steam\steamapps\workshop\content\294100\3309003431\Textures\Things\Pawn\Animal\Megascarab\Megascarab_south.png,74,130,
3,6,3,462,Megaspider,megaspider,Core,ludeon.rimworld,4,,Megaspider,Core,2,2,3,Things/Pawn/Animal/Megaspider/Megaspider,_south,C:\Program Files (x86)\Steam\steamapps\workshop\content\294100\3309003431\Textures\Things\Pawn\Animal\Megaspider\Megaspider_south.png,110,181,
3,6,4,465,Ostrich,ostrich,Core,ludeon.rimworld,4,,Ostrich,Core,1,2,3,Things/Pawn/Animal/Ostrich/Ostrich,_south,C:\Program Files (x86)\Steam\steamapps\workshop\content\294100\2707120862\Textures\Things\Pawn\Animal\Ostrich\Ostrich_south.png,180,188,
3,6,5,472,Spelopede,spelopede,Core,ludeon.rimworld,4,,Spelopede,Core,2,2,3,Things/Pawn/Animal/Spelopede/Spelopede,_south,C:\Program Files (x86)\Steam\steamapps\workshop\content\294100\3309003431\Textures\Things\Pawn\Animal\Spelopede\Spelopede_south.png,90,192,
3,6,6,475,Tortoise,tortoise,Core,ludeon.rimworld,4,,Tortoise,Core,1,2,3,Things/Pawn/Animal/Tortoise/Tortoise,_south,C:\Program Files (x86)\Steam\steamapps\workshop\content\294100\2707120862\Textures\Things\Pawn\Animal\Tortoise\Tortoise_south.png,140,109,
3,6,7,482,YorkshireTerrier,yorkshire terrier,Core,ludeon.rimworld,4,,YorkshireTerrier,Core,1,2,3,Things/Pawn/Animal/YorkshireTerrier/YorkshireTerrier,_south,C:\Program Files (x86)\Steam\steamapps\workshop\content\294100\2707120862\Textures\Things\Pawn\Animal\YorkshireTerrier\YorkshireTerrier_south.png,88,202,
3,6,8,485,DA_ArcticOwlcat,arctic owlcat,Dark Ages : Beasts and Monsters,van.beasts,108,,DA_ArcticOwlcat,Dark Ages : Beasts and Monsters,1,2,3,Animal/Owlcat/ArcticOwlcat,_south,C:\Program Files (x86)\Steam\steamapps\workshop\content\294100\3472275628\Textures\Animal\Owlcat\ArcticOwlcat_south.png,136,206,
3,6,9,486,DA_Barog,barogoth,Dark Ages : Beasts and Monsters,van.beasts,108,,DA_Barog,Dark Ages : Beasts and Monsters,1,2,3,Animal/Barog/Barog,_south,C:\Program Files (x86)\Steam\steamapps\workshop\content\294100\3472275628\Textures\Animal\Barog\Barog_south.png,146,139,
3,6,10,487,DA_BeardedTroll,bearded troll,Dark Ages : Beasts and Monsters,van.beasts,108,,DA_BeardedTroll,Dark Ages : Beasts and Monsters,1,2,3,Animal/BeardedTroll/BeardedTroll,_south,C:\Program Files (x86)\Steam\steamapps\workshop\content\294100\3472275628\Textures\Animal\BeardedTroll\BeardedTroll_south.png,190,175,
3,6,11,488,DA_BlackScribe,black scribe,Dark Ages : Beasts and Monsters,van.beasts,108,,DA_BlackScribe,Dark Ages : Beasts and Monsters,1,2,3,Animal/BlackScribe/BlackScribe,_south,C:\Program Files (x86)\Steam\steamapps\workshop\content\294100\3472275628\Textures\Animal\BlackScribe\BlackScribe_south.png,124,227,
3,6,12,489,DA_Crestel,crestel,Dark Ages : Beasts and Monsters,van.beasts,108,,DA_Crestel,Dark Ages : Beasts and Monsters,1,2,3,Animal/Crestel/Crestel,_south,C:\Program Files (x86)\Steam\steamapps\workshop\content\294100\3472275628\Textures\Animal\Crestel\Crestel_south.png,358,316,
3,6,13,490,DA_DwarvenMuffton,dwarven muffton,Dark Ages : Beasts and Monsters,van.beasts,108,,DA_DwarvenMuffton,Dark Ages : Beasts and Monsters,1,2,3,Animal/DwarvenMuffton/DwarvenMuffton,_south,C:\Program Files (x86)\Steam\steamapps\workshop\content\294100\3472275628\Textures\Animal\DwarvenMuffton\DwarvenMuffton_south.png,167,194,
3,7,0,491,DA_ForestOwlcat,forest owlcat,Dark Ages : Beasts and Monsters,van.beasts,108,,DA_ForestOwlcat,Dark Ages : Beasts and Monsters,1,2,3,Animal/Owlcat/ForestOwlcat,_south,C:\Program Files (x86)\Steam\steamapps\workshop\content\294100\3472275628\Textures\Animal\Owlcat\ForestOwlcat_south.png,136,206,
3,7,1,492,DA_Goldilox,goldilox,Dark Ages : Beasts and Monsters,van.beasts,108,,DA_Goldilox,Dark Ages : Beasts and Monsters,1,2,3,Animal/Goldilox/Goldilox,_south,C:\Program Files (x86)\Steam\steamapps\workshop\content\294100\3472275628\Textures\Animal\Goldilox\Goldilox_south.png,248,302,
3,7,2,493,DA_ImperialRedhound,imperial redhound,Dark Ages : Beasts and Monsters,van.beasts,108,,DA_ImperialRedhound,Dark Ages : Beasts and Monsters,1,2,3,Animal/ImperialRedhound/ImperialRedhound,_south,C:\Program Files (x86)\Steam\steamapps\workshop\content\294100\3472275628\Textures\Animal\ImperialRedhound\ImperialRedhound_south.png,224,298,
3,7,3,494,DA_IroncasketBeetle,ironcasket beetle,Dark Ages : Beasts and Monsters,van.beasts,108,,DA_IroncasketBeetle,Dark Ages : Beasts and Monsters,1,2,3,Animal/IroncasketBeetle/IroncasketBeetle,_south,C:\Program Files (x86)\Steam\steamapps\workshop\content\294100\3472275628\Textures\Animal\IroncasketBeetle\IroncasketBeetle_south.png,73,109,
3,7,4,495,DA_Karabal,karabal,Dark Ages : Beasts and Monsters,van.beasts,108,,DA_Karabal,Dark Ages : Beasts and Monsters,1,2,3,Animal/Karabal/KarabalA,_south,C:\Program Files (x86)\Steam\steamapps\workshop\content\294100\3472275628\Textures\Animal\Karabal\KarabalA_south.png,105,202,
3,7,5,496,DA_LeviathanCrab,leviathan,Dark Ages : Beasts and Monsters,van.beasts,108,,DA_LeviathanCrab,Dark Ages : Beasts and Monsters,1,2,3,Animal/LeviathanCrab/Leviathan,_south,C:\Program Files (x86)\Steam\steamapps\workshop\content\294100\3472275628\Textures\Animal\LeviathanCrab\Leviathan_south.png,492,392,
3,7,6,497,DA_NorthernDrog,northern drog,Dark Ages : Beasts and Monsters,van.beasts,108,,DA_NorthernDrog,Dark Ages : Beasts and Monsters,1,2,3,Animal/NorthernDrog/NorthernDrog,_south,C:\Program Files (x86)\Steam\steamapps\workshop\content\294100\3472275628\Textures\Animal\NorthernDrog\NorthernDrog_south.png,252,324,
3,7,7,498,DA_Phrak,phrak,Dark Ages : Beasts and Monsters,van.beasts,108,,DA_Phrak,Dark Ages : Beasts and Monsters,1,2,3,Animal/Phrak/Phrak,_south,C:\Program Files (x86)\Steam\steamapps\workshop\content\294100\3472275628\Textures\Animal\Phrak\Phrak_south.png,142,194,
3,7,8,499,DA_Pilgrim,pilgrim,Dark Ages : Beasts and Monsters,van.beasts,108,,DA_Pilgrim,Dark Ages : Beasts and Monsters,1,2,3,Animal/Pilgrim/Pilgrim,_south,C:\Program Files (x86)\Steam\steamapps\workshop\content\294100\3472275628\Textures\Animal\Pilgrim\Pilgrim_south.png,116,166,
3,7,9,500,DA_RedhornedLarpah,red-horned larpah,Dark Ages : Beasts and Monsters,van.beasts,108,,DA_RedhornedLarpah,Dark Ages : Beasts and Monsters,1,2,3,Animal/RedhornedLarpah/RedhornedLarpahA,_south,C:\Program Files (x86)\Steam\steamapps\workshop\content\294100\3472275628\Textures\Animal\RedhornedLarpah\RedhornedLarpahA_south.png,178,184,
3,7,10,501,DA_RockTroll,rock troll,Dark Ages : Beasts and Monsters,van.beasts,108,,DA_RockTroll,Dark Ages : Beasts and Monsters,1,2,3,Animal/RockTroll/RockTroll,_south,C:\Program Files (x86)\Steam\steamapps\workshop\content\294100\3472275628\Textures\Animal\RockTroll\RockTroll_south.png,315,350,
3,7,11,502,DA_SilverMole,silver mole,Dark Ages : Beasts and Monsters,van.beasts,108,,DA_SilverMole,Dark Ages : Beasts and Monsters,1,2,3,Animal/SilverMole/SilverMole,_south,C:\Program Files (x86)\Steam\steamapps\workshop\content\294100\3472275628\Textures\Animal\SilverMole\SilverMole_south.png,158,161,
3,7,12,503,DA_Snaptoad,giant snaptoad,Dark Ages : Beasts and Monsters,van.beasts,108,,DA_Snaptoad,Dark Ages : Beasts and Monsters,1,2,3,Animal/GiantSnaptoad/GiantSnaptoad,_south,C:\Program Files (x86)\Steam\steamapps\workshop\content\294100\3472275628\Textures\Animal\GiantSnaptoad\GiantSnaptoad_south.png,344,278,
3,7,13,504,DA_SnowTaraal,snow taraal,Dark Ages : Beasts and Monsters,van.beasts,108,,DA_SnowTaraal,Dark Ages : Beasts and Monsters,1,2,3,Animal/Taraal/SnowTaraal,_south,C:\Program Files (x86)\Steam\steamapps\workshop\content\294100\3472275628\Textures\Animal\Taraal\SnowTaraal_south.png,315,302,
3,8,0,505,DA_Taraal,taraal,Dark Ages : Beasts and Monsters,van.beasts,108,,DA_Taraal,Dark Ages : Beasts and Monsters,1,2,3,Animal/Taraal/Taraal,_south,C:\Program Files (x86)\Steam\steamapps\workshop\content\294100\3472275628\Textures\Animal\Taraal\Taraal_south.png,315,300,
3,8,1,506,ERN_Amaro,amaro,Erin's Final Fantasy Animals,erin.ffanimals,138,,ERN_Amaro,Erin's Final Fantasy Animals,1,2,3,Things/Pawn/Animal/ERN_Amaro/Amaro,_south,C:\Program Files (x86)\Steam\steamapps\workshop\content\294100\2877589761\Textures\Things\Pawn\Animal\ERN_Amaro\Amaro_south.png,512,512,
3,8,2,507,ERN_BigCarbuncle,grand carbuncle,Erin's Final Fantasy Animals,erin.ffanimals,138,,ERN_BigCarbuncle,Erin's Final Fantasy Animals,1,2,3,Pawns/Animals/ERN_BigCarbuncle/CarbuncleBlue,_south,C:\Program Files (x86)\Steam\steamapps\workshop\content\294100\2877589761\Textures\Pawns\Animals\ERN_BigCarbuncle\CarbuncleBlue_south.png,512,512,
3,8,3,508,ERN_Carbuncle,carbuncle,Erin's Final Fantasy Animals,erin.ffanimals,138,,ERN_Carbuncle,Erin's Final Fantasy Animals,1,2,3,Pawns/Animals/ERN_Carbuncle/CarbuncleBlue,_south,C:\Program Files (x86)\Steam\steamapps\workshop\content\294100\2877589761\Textures\Pawns\Animals\ERN_Carbuncle\CarbuncleBlue_south.png,512,512,
3,8,4,509,ERN_Chocobo,chocobo,Erin's Final Fantasy Animals,erin.ffanimals,138,,ERN_Chocobo,Erin's Final Fantasy Animals,1,2,3,Things/Pawn/Animal/ERN_Chocobo/chocobo,_south,C:\Program Files (x86)\Steam\steamapps\workshop\content\294100\2877589761\Textures\Things\Pawn\Animal\ERN_Chocobo\chocobo_south.png,512,512,
3,8,5,510,GiantSnake,giant snake,Giant Snake (Continued),zal.giantsnake,151,,GiantSnake,Giant Snake (Continued),1,2,3,Things/Pawn/Animal/GiantSnake/GiantSnake,_south,C:\Program Files (x86)\Steam\steamapps\workshop\content\294100\3278855253\Textures\Things\Pawn\Animal\GiantSnake\GiantSnake_south.png,110,125,
3,8,6,511,WhiteViper,white viper,Giant Snake (Continued),zal.giantsnake,151,,WhiteViper,Giant Snake (Continued),1,2,3,Things/Pawn/Animal/GiantSnake/WhiteViper,_south,C:\Program Files (x86)\Steam\steamapps\workshop\content\294100\3278855253\Textures\Things\Pawn\Animal\GiantSnake\WhiteViper_south.png,110,125,
3,8,7,512,GiantToad,giant toad,Giant Toads (Continued),zal.gianttoads,431,,GiantToad,Giant Toads (Continued),1,2,3,Things/Pawn/Animal/GiantToad/GiantToad1,_south,C:\Program Files (x86)\Steam\steamapps\workshop\content\294100\3365223736\Textures\Things\Pawn\Animal\GiantToad\GiantToad1_south.png,512,512,
3,8,8,513,KingToad,king toad,Giant Toads (Continued),zal.gianttoads,431,,KingToad,Giant Toads (Continued),1,0,1,Things/Pawn/Animal/KingToad/vore,_south,C:\Program Files (x86)\Steam\steamapps\workshop\content\294100\3365223736\Textures\Things\Pawn\Animal\KingToad\vore_south.png,512,512,
3,8,9,514,Grimstone_Belloceros,belloceros,Grimstone : Beasts,abrolo.grimstone.beasts,159,,Grimstone_Belloceros,Grimstone : Beasts,1,2,3,Things/Pawn/Animal/Belloceros/Belloceros,_south,C:\Program Files (x86)\Steam\steamapps\workshop\content\294100\3535302121\Textures\Things\Pawn\Animal\Belloceros\Belloceros_south.png,222,347,
3,8,10,515,Grimstone_EmperorVulture,emperor vulture,Grimstone : Beasts,abrolo.grimstone.beasts,159,,Grimstone_EmperorVulture,Grimstone : Beasts,1,2,3,Things/Pawn/Animal/EmperorVulture/EmperorVulture,_south,C:\Program Files (x86)\Steam\steamapps\workshop\content\294100\3535302121\Textures\Things\Pawn\Animal\EmperorVulture\EmperorVulture_south.png,354,399,
3,8,11,516,Grimstone_Griffar,griffar,Grimstone : Beasts,abrolo.grimstone.beasts,159,,Grimstone_Griffar,Grimstone : Beasts,1,2,3,Things/Pawn/Animal/Griffar/Griffar,_south,C:\Program Files (x86)\Steam\steamapps\workshop\content\294100\3535302121\Textures\Things\Pawn\Animal\Griffar\Griffar_south.png,314,244,
3,8,12,517,Grimstone_Grimshadow,grimshadow,Grimstone : Beasts,abrolo.grimstone.beasts,159,,Grimstone_Grimshadow,Grimstone : Beasts,1,2,3,Things/Pawn/Animal/Grimshadow/Grimshadow_Old,_south,C:\Program Files (x86)\Steam\steamapps\workshop\content\294100\3535302121\Textures\Things\Pawn\Animal\Grimshadow\Grimshadow_Old_south.png,304,205,
3,8,13,518,Grimstone_NorthernLynx,northern lynx,Grimstone : Beasts,abrolo.grimstone.beasts,159,,Grimstone_NorthernLynx,Grimstone : Beasts,1,2,3,Things/Pawn/Animal/NorthernLynx/NorthernLynx,_south,C:\Program Files (x86)\Steam\steamapps\workshop\content\294100\3535302121\Textures\Things\Pawn\Animal\NorthernLynx\NorthernLynx_south.png,170,376,
4,0,0,519,Grimstone_Sheepdog,sheepdog,Grimstone : Beasts,abrolo.grimstone.beasts,159,,Grimstone_Sheepdog,Grimstone : Beasts,1,2,3,Things/Pawn/Animal/Sheepdog/Sheepdog,_south,C:\Program Files (x86)\Steam\steamapps\workshop\content\294100\3535302121\Textures\Things\Pawn\Animal\Sheepdog\Sheepdog_south.png,192,322,
4,0,1,520,Grimstone_Tetras,tetras,Grimstone : Beasts,abrolo.grimstone.beasts,159,,Grimstone_Tetras,Grimstone : Beasts,1,2,3,Things/Pawn/Animal/Tetras/Tetras,_south,C:\Program Files (x86)\Steam\steamapps\workshop\content\294100\3535302121\Textures\Things\Pawn\Animal\Tetras\Tetras_south.png,400,452,
4,0,2,538,SW_Electricfish,Electricfish,Insectoids 2 - Isopoda geneline,who.vfee.isopodageneline,433,,SW_Electricfish,Insectoids 2 - Isopoda geneline,1,2,3,Things/Pawn/Animal/SW_LaborBug/SW_LaborBugA,_south,C:\Program Files (x86)\Steam\steamapps\workshop\content\294100\3357632382\Textures\Things\Pawn\Animal\SW_LaborBug\SW_LaborBugA_south.png,255,256,
4,0,3,539,SW_Electricgryllotalpa,Electricgryllotalpa,Insectoids 2 - Isopoda geneline,who.vfee.isopodageneline,433,,SW_Electricgryllotalpa,Insectoids 2 - Isopoda geneline,1,2,3,Things/Pawn/Animal/SW_AcidSpittingSpider/SW_AcidSpittingSpiderA,_south,C:\Program Files (x86)\Steam\steamapps\workshop\content\294100\3357632382\Textures\Things\Pawn\Animal\SW_AcidSpittingSpider\SW_AcidSpittingSpiderA_south.png,255,256,
4,0,4,540,SW_Electrictick,Electrictick,Insectoids 2 - Isopoda geneline,who.vfee.isopodageneline,433,,SW_Electrictick,Insectoids 2 - Isopoda geneline,1,0,1,Things/Pawn/Animal/SW_GrenadeBug/SW_GrenadeBug,_south,C:\Program Files (x86)\Steam\steamapps\workshop\content\294100\3357632382\Textures\Things\Pawn\Animal\SW_GrenadeBug\SW_GrenadeBug_south.png,255,256,
4,0,5,541,SW_Emperorisopod,Emperorisopod,Insectoids 2 - Isopoda geneline,who.vfee.isopodageneline,433,,SW_Emperorisopod,Insectoids 2 - Isopoda geneline,1,2,3,Things/Pawn/Animal/SW_Emperorisopod/SW_EmperorisopodA,_south,C:\Program Files (x86)\Steam\steamapps\workshop\content\294100\3357632382\Textures\Things\Pawn\Animal\SW_Emperorisopod\SW_EmperorisopodA_south.png,510,512,
4,0,6,542,SW_Grenadierworm,Grenadierworm,Insectoids 2 - Isopoda geneline,who.vfee.isopodageneline,433,,SW_Grenadierworm,Insectoids 2 - Isopoda geneline,1,2,3,Things/Pawn/Animal/SW_EngineerBug/SW_EngineerBugA,_south,C:\Program Files (x86)\Steam\steamapps\workshop\content\294100\3357632382\Textures\Things\Pawn\Animal\SW_EngineerBug\SW_EngineerBugA_south.png,170,186,
4,0,7,543,SW_Juggernautbeetles,Juggernautbeetles,Insectoids 2 - Isopoda geneline,who.vfee.isopodageneline,433,,SW_Juggernautbeetles,Insectoids 2 - Isopoda geneline,1,2,3,Things/Pawn/Animal/SW_PraetorianExecutioner/SW_PraetorianExecutionerA,_south,C:\Program Files (x86)\Steam\steamapps\workshop\content\294100\3357632382\Textures\Things\Pawn\Animal\SW_PraetorianExecutioner\SW_PraetorianExecutionerA_south.png,204,216,
4,0,8,675,TYR_HotfootRat,hotfoot rat,Little Critters,tyrannidae.littlecritters,196,,TYR_HotfootRat,Little Critters,1,2,3,Things/Pawn/Animal/KangarooRat/KangarooRat_Tyr,_south,C:\Program Files (x86)\Steam\steamapps\workshop\content\294100\3331281387\Common\Textures\Things\Pawn\Animal\KangarooRat\KangarooRat_Tyr_south.png,92,98,
4,0,9,676,TYR_KangarooRat,kangaroo rat,Little Critters,tyrannidae.littlecritters,196,,TYR_KangarooRat,Little Critters,1,2,3,Things/Pawn/Animal/KangarooRat/KangarooRat_Tyr,_south,C:\Program Files (x86)\Steam\steamapps\workshop\content\294100\3331281387\Common\Textures\Things\Pawn\Animal\KangarooRat\KangarooRat_Tyr_south.png,92,98,
4,0,10,677,TYR_Lemming,lemming,Little Critters,tyrannidae.littlecritters,196,,TYR_Lemming,Little Critters,1,2,3,Things/Pawn/Animal/Lemming/Lemming_Tyr,_south,C:\Program Files (x86)\Steam\steamapps\workshop\content\294100\3331281387\Common\Textures\Things\Pawn\Animal\Lemming\Lemming_Tyr_south.png,85,133,
4,0,11,678,TYR_Mouse,mouse,Little Critters,tyrannidae.littlecritters,196,,TYR_Mouse,Little Critters,1,2,3,Things/Pawn/Animal/Mouse/Mouse_Tyr,_south,C:\Program Files (x86)\Steam\steamapps\workshop\content\294100\3331281387\Common\Textures\Things\Pawn\Animal\Mouse\Mouse_Tyr_south.png,80,212,
4,0,12,679,TYR_MousePoison,poison mouse,Little Critters,tyrannidae.littlecritters,196,,TYR_MousePoison,Little Critters,1,2,3,Things/Pawn/Animal/Mouse/Mouse_Tyr,_south,C:\Program Files (x86)\Steam\steamapps\workshop\content\294100\3331281387\Common\Textures\Things\Pawn\Animal\Mouse\Mouse_Tyr_south.png,80,212,
4,0,13,680,Andrewsarchus,andrewsarchus,Megafauna,spino.megafauna,208,,Andrewsarchus,Megafauna,1,2,3,Things/Pawn/Animal/Andrewsarchus/megafauna_andrewsarchus,_south,C:\Program Files (x86)\Steam\steamapps\workshop\content\294100\1055485938\Textures\Things\Pawn\Animal\Andrewsarchus\megafauna_andrewsarchus_south.png,113,153,
4,1,0,681,Arthropleura,arthropleura,Megafauna,spino.megafauna,208,,Arthropleura,Megafauna,1,2,3,Things/Pawn/Animal/Arthropleura/megafauna_arthropleura,_south,C:\Program Files (x86)\Steam\steamapps\workshop\content\294100\1055485938\Textures\Things\Pawn\Animal\Arthropleura\megafauna_arthropleura_south.png,103,143,
4,1,1,682,Aurochs,aurochs,Megafauna,spino.megafauna,208,,Aurochs,Megafauna,1,2,3,Things/Pawn/Animal/Aurochs/megafauna_aurochsMale,_south,C:\Program Files (x86)\Steam\steamapps\workshop\content\294100\1055485938\Textures\Things\Pawn\Animal\Aurochs\megafauna_aurochsMale_south.png,104,157,
4,1,2,683,Castoroides,castoroides,Megafauna,spino.megafauna,208,,Castoroides,Megafauna,1,2,3,Things/Pawn/Animal/Castoroides/megafauna_castoroides,_south,C:\Program Files (x86)\Steam\steamapps\workshop\content\294100\1055485938\Textures\Things\Pawn\Animal\Castoroides\megafauna_castoroides_south.png,110,98,
4,1,3,684,Chalicotherium,chalicotherium,Megafauna,spino.megafauna,208,,Chalicotherium,Megafauna,1,2,3,Things/Pawn/Animal/Chalicotherium/megafauna_chalicotherium,_south,C:\Program Files (x86)\Steam\steamapps\workshop\content\294100\1055485938\Textures\Things\Pawn\Animal\Chalicotherium\megafauna_chalicotherium_south.png,120,171,
4,1,4,685,Daeodon,daeodon,Megafauna,spino.megafauna,208,,Daeodon,Megafauna,1,2,3,Things/Pawn/Animal/Daeodon/megafauna_daeodon,_south,C:\Program Files (x86)\Steam\steamapps\workshop\content\294100\1055485938\Textures\Things\Pawn\Animal\Daeodon\megafauna_daeodon_south.png,104,194,
4,1,5,686,Deinotherium,deinotherium,Megafauna,spino.megafauna,208,,Deinotherium,Megafauna,1,2,3,Things/Pawn/Animal/Deinotherium/megafauna_deinotherium,_south,C:\Program Files (x86)\Steam\steamapps\workshop\content\294100\1055485938\Textures\Things\Pawn\Animal\Deinotherium\megafauna_deinotherium_south.png,120,154,
4,1,6,687,Dinocrocuta,dinocrocuta,Megafauna,spino.megafauna,208,,Dinocrocuta,Megafauna,1,2,3,Things/Pawn/Animal/Dinocrocuta/megafauna_dinocrocuta,_south,C:\Program Files (x86)\Steam\steamapps\workshop\content\294100\1055485938\Textures\Things\Pawn\Animal\Dinocrocuta\megafauna_dinocrocuta_south.png,121,146,
4,1,7,688,Dinopithecus,dinopithecus,Megafauna,spino.megafauna,208,,Dinopithecus,Megafauna,1,2,3,Things/Pawn/Animal/Dinopithecus/megafauna_dinopithecusMale,_south,C:\Program Files (x86)\Steam\steamapps\workshop\content\294100\1055485938\Textures\Things\Pawn\Animal\Dinopithecus\megafauna_dinopithecusMale_south.png,126,166,
4,1,8,689,Dinornis,dinornis,Megafauna,spino.megafauna,208,,Dinornis,Megafauna,1,2,3,Things/Pawn/Animal/Dinornis/megafauna_dinornisMale,_south,C:\Program Files (x86)\Steam\steamapps\workshop\content\294100\1055485938\Textures\Things\Pawn\Animal\Dinornis\megafauna_dinornisMale_south.png,112,175,
4,1,9,690,Diprotodon,diprotodon,Megafauna,spino.megafauna,208,,Diprotodon,Megafauna,1,2,3,Things/Pawn/Animal/Diprotodon/megafauna_diprotodon,_south,C:\Program Files (x86)\Steam\steamapps\workshop\content\294100\1055485938\Textures\Things\Pawn\Animal\Diprotodon\megafauna_diprotodon_south.png,128,120,
4,1,10,691,Doedicurus,doedicurus,Megafauna,spino.megafauna,208,,Doedicurus,Megafauna,1,2,3,Things/Pawn/Animal/Doedicurus/megafauna_doedicurus,_south,C:\Program Files (x86)\Steam\steamapps\workshop\content\294100\1055485938\Textures\Things\Pawn\Animal\Doedicurus\megafauna_doedicurus_south.png,124,111,
4,1,11,692,Elasmotherium,elasmotherium,Megafauna,spino.megafauna,208,,Elasmotherium,Megafauna,1,2,3,Things/Pawn/Animal/Elasmotherium/megafauna_elasmotherium,_south,C:\Program Files (x86)\Steam\steamapps\workshop\content\294100\1055485938\Textures\Things\Pawn\Animal\Elasmotherium\megafauna_elasmotherium_south.png,141,208,
4,1,12,693,Enhydriodon,enhydriodon,Megafauna,spino.megafauna,208,,Enhydriodon,Megafauna,1,2,3,Things/Pawn/Animal/Enhydriodon/megafauna_enhydriodon,_south,C:\Program Files (x86)\Steam\steamapps\workshop\content\294100\1055485938\Textures\Things\Pawn\Animal\Enhydriodon\megafauna_enhydriodon_south.png,92,150,
4,1,13,694,Gigantophis,gigantophis,Megafauna,spino.megafauna,208,,Gigantophis,Megafauna,1,2,3,Things/Pawn/Animal/Gigantophis/megafauna_gigantophisMale,_south,C:\Program Files (x86)\Steam\steamapps\workshop\content\294100\1055485938\Textures\Things\Pawn\Animal\Gigantophis\megafauna_gigantophisMale_south.png,100,192,
4,2,0,695,Gigantopithecus,gigantopithecus,Megafauna,spino.megafauna,208,,Gigantopithecus,Megafauna,1,2,3,Things/Pawn/Animal/Gigantopithecus/megafauna_gigantopithecusMale,_south,C:\Program Files (x86)\Steam\steamapps\workshop\content\294100\1055485938\Textures\Things\Pawn\Animal\Gigantopithecus\megafauna_gigantopithecusMale_south.png,144,144,
4,2,1,696,Gomphotaria,gomphotaria,Megafauna,spino.megafauna,208,,Gomphotaria,Megafauna,1,2,3,Things/Pawn/Animal/Gomphotaria/megafauna_gomphotaria,_south,C:\Program Files (x86)\Steam\steamapps\workshop\content\294100\1055485938\Textures\Things\Pawn\Animal\Gomphotaria\megafauna_gomphotaria_south.png,146,92,
4,2,2,697,Josephoartigasia,josephoartigasia,Megafauna,spino.megafauna,208,,Josephoartigasia,Megafauna,1,2,3,Things/Pawn/Animal/Josephoartigasia/megafauna_josephoartigasia,_south,C:\Program Files (x86)\Steam\steamapps\workshop\content\294100\1055485938\Textures\Things\Pawn\Animal\Josephoartigasia\megafauna_josephoartigasia_south.png,110,144,
4,2,3,698,Macrauchenia,macrauchenia,Megafauna,spino.megafauna,208,,Macrauchenia,Megafauna,1,2,3,Things/Pawn/Animal/Macrauchenia/megafauna_macrauchenia,_south,C:\Program Files (x86)\Steam\steamapps\workshop\content\294100\1055485938\Textures\Things\Pawn\Animal\Macrauchenia\megafauna_macrauchenia_south.png,96,189,
4,2,4,699,Megalania,megalania,Megafauna,spino.megafauna,208,,Megalania,Megafauna,1,2,3,Things/Pawn/Animal/Megalania/megafauna_megalania,_south,C:\Program Files (x86)\Steam\steamapps\workshop\content\294100\1055485938\Textures\Things\Pawn\Animal\Megalania\megafauna_megalania_south.png,106,155,
4,2,5,700,Megaloceros,megaloceros,Megafauna,spino.megafauna,208,,Megaloceros,Megafauna,1,2,3,Things/Pawn/Animal/Megaloceros/megafauna_megalocerosMale,_south,C:\Program Files (x86)\Steam\steamapps\workshop\content\294100\1055485938\Textures\Things\Pawn\Animal\Megaloceros\megafauna_megalocerosMale_south.png,254,167,
4,2,6,701,Megalochelys,megalochelys,Megafauna,spino.megafauna,208,,Megalochelys,Megafauna,1,2,3,Things/Pawn/Animal/Megalochelys/megafauna_megalochelys,_south,C:\Program Files (x86)\Steam\steamapps\workshop\content\294100\1055485938\Textures\Things\Pawn\Animal\Megalochelys\megafauna_megalochelys_south.png,182,105,
4,2,7,702,Meganeura,meganeura,Megafauna,spino.megafauna,208,,Meganeura,Megafauna,1,2,3,Things/Pawn/Animal/Meganeura/megafauna_meganeura,_south,C:\Program Files (x86)\Steam\steamapps\workshop\content\294100\1055485938\Textures\Things\Pawn\Animal\Meganeura\megafauna_meganeura_south.png,250,142,
4,2,8,703,Palaeeudyptes,palaeeudyptes,Megafauna,spino.megafauna,208,,Palaeeudyptes,Megafauna,1,2,3,Things/Pawn/Animal/Palaeeudyptes/megafauna_palaeeudyptes,_south,C:\Program Files (x86)\Steam\steamapps\workshop\content\294100\1055485938\Textures\Things\Pawn\Animal\Palaeeudyptes\megafauna_palaeeudyptes_south.png,78,159,
4,2,9,704,Paraceratherium,paraceratherium,Megafauna,spino.megafauna,208,,Paraceratherium,Megafauna,1,2,3,Things/Pawn/Animal/Paraceratherium/megafauna_paraceratherium,_south,C:\Program Files (x86)\Steam\steamapps\workshop\content\294100\1055485938\Textures\Things\Pawn\Animal\Paraceratherium\megafauna_paraceratherium_south.png,78,174,
4,2,10,705,Platybelodon,platybelodon,Megafauna,spino.megafauna,208,,Platybelodon,Megafauna,1,2,3,Things/Pawn/Animal/Platybelodon/megafauna_platybelodon,_south,C:\Program Files (x86)\Steam\steamapps\workshop\content\294100\1055485938\Textures\Things\Pawn\Animal\Platybelodon\megafauna_platybelodon_south.png,114,155,
4,2,11,706,Procoptodon,procoptodon,Megafauna,spino.megafauna,208,,Procoptodon,Megafauna,1,2,3,Things/Pawn/Animal/Procoptodon/megafauna_procoptodon,_south,C:\Program Files (x86)\Steam\steamapps\workshop\content\294100\1055485938\Textures\Things\Pawn\Animal\Procoptodon\megafauna_procoptodon_south.png,76,176,
4,2,12,707,Pulmonoscorpius,pulmonoscorpius,Megafauna,spino.megafauna,208,,Pulmonoscorpius,Megafauna,1,2,3,Things/Pawn/Animal/Pulmonoscorpius/megafauna_pulmonoscorpius,_south,C:\Program Files (x86)\Steam\steamapps\workshop\content\294100\1055485938\Textures\Things\Pawn\Animal\Pulmonoscorpius\megafauna_pulmonoscorpius_south.png,176,194,
4,2,13,708,Purussaurus,purussaurus,Megafauna,spino.megafauna,208,,Purussaurus,Megafauna,1,2,3,Things/Pawn/Animal/Purussaurus/megafauna_purussaurus,_south,C:\Program Files (x86)\Steam\steamapps\workshop\content\294100\1055485938\Textures\Things\Pawn\Animal\Purussaurus\megafauna_purussaurus_south.png,133,179,
4,3,0,709,Quinkana,quinkana,Megafauna,spino.megafauna,208,,Quinkana,Megafauna,1,2,3,Things/Pawn/Animal/Quinkana/megafauna_quinkana,_south,C:\Program Files (x86)\Steam\steamapps\workshop\content\294100\1055485938\Textures\Things\Pawn\Animal\Quinkana\megafauna_quinkana_south.png,118,153,
4,3,1,710,ShortfacedBear,Short-faced bear,Megafauna,spino.megafauna,208,,ShortfacedBear,Megafauna,1,2,3,Things/Pawn/Animal/ShortfacedBear/megafauna_shortfacedbear,_south,C:\Program Files (x86)\Steam\steamapps\workshop\content\294100\1055485938\Textures\Things\Pawn\Animal\ShortfacedBear\megafauna_shortfacedbear_south.png,137,142,
4,3,2,711,Sivatherium,sivatherium,Megafauna,spino.megafauna,208,,Sivatherium,Megafauna,1,2,3,Things/Pawn/Animal/Sivatherium/megafauna_sivatherium,_south,C:\Program Files (x86)\Steam\steamapps\workshop\content\294100\1055485938\Textures\Things\Pawn\Animal\Sivatherium\megafauna_sivatherium_south.png,89,181,
4,3,3,712,Smilodon,smilodon,Megafauna,spino.megafauna,208,,Smilodon,Megafauna,1,2,3,Things/Pawn/Animal/Smilodon/megafauna_smilodon,_south,C:\Program Files (x86)\Steam\steamapps\workshop\content\294100\1055485938\Textures\Things\Pawn\Animal\Smilodon\megafauna_smilodon_south.png,81,160,
4,3,4,713,Titanis,titanis,Megafauna,spino.megafauna,208,,Titanis,Megafauna,1,2,3,Things/Pawn/Animal/Titanis/megafauna_titanis,_south,C:\Program Files (x86)\Steam\steamapps\workshop\content\294100\1055485938\Textures\Things\Pawn\Animal\Titanis\megafauna_titanis_south.png,95,174,
4,3,5,714,Titanoboa,titanoboa,Megafauna,spino.megafauna,208,,Titanoboa,Megafauna,1,2,3,Things/Pawn/Animal/Titanoboa/megafauna_titanoboaMale,_south,C:\Program Files (x86)\Steam\steamapps\workshop\content\294100\1055485938\Textures\Things\Pawn\Animal\Titanoboa\megafauna_titanoboaMale_south.png,138,185,
4,3,6,715,Uintatherium,uintatherium,Megafauna,spino.megafauna,208,,Uintatherium,Megafauna,1,2,3,Things/Pawn/Animal/Uintatherium/megafauna_uintatherium,_south,C:\Program Files (x86)\Steam\steamapps\workshop\content\294100\1055485938\Textures\Things\Pawn\Animal\Uintatherium\megafauna_uintatherium_south.png,112,133,
4,3,7,716,WoollyMammoth,woolly mammoth,Megafauna,spino.megafauna,208,,WoollyMammoth,Megafauna,1,2,3,Things/Pawn/Animal/WoollyMammoth/megafauna_woollymammoth,_south,C:\Program Files (x86)\Steam\steamapps\workshop\content\294100\1055485938\Textures\Things\Pawn\Animal\WoollyMammoth\megafauna_woollymammoth_south.png,133,170,
4,3,8,717,Zygolophodon,zygolophodon,Megafauna,spino.megafauna,208,,Zygolophodon,Megafauna,1,2,3,Things/Pawn/Animal/Zygolophodon/megafauna_zygolophodon,_south,C:\Program Files (x86)\Steam\steamapps\workshop\content\294100\1055485938\Textures\Things\Pawn\Animal\Zygolophodon\megafauna_zygolophodon_south.png,86,176,
4,3,9,718,MO_AbominationRace,Abomination,Mo'Events (Continued),mlie.moevents,219,,MO_AbominationPawnKind,Mo'Events (Continued),1,0,1,Pawn/Abomination,_south,C:\Program Files (x86)\Steam\steamapps\workshop\content\294100\2035143365\Textures\Pawn\Abomination_south.png,86,127,
4,3,10,719,MA_Aminox,aminox,Mythic Ages: Megafauna Bestiary,veterano.mythicages.megafaunabestiary,232,,MA_Aminox,Mythic Ages: Megafauna Bestiary,1,2,3,Animal/Aminox/Aminox,_south,C:\Program Files (x86)\Steam\steamapps\workshop\content\294100\3537788184\Textures\Animal\Aminox\Aminox_south.png,298,446,
4,3,11,720,MA_Capryak,Capryak,Mythic Ages: Megafauna Bestiary,veterano.mythicages.megafaunabestiary,232,,MA_Capryak,Mythic Ages: Megafauna Bestiary,1,2,3,Animal/Capryak/Capryak,_south,C:\Program Files (x86)\Steam\steamapps\workshop\content\294100\3537788184\Textures\Animal\Capryak\Capryak_south.png,229,356,
4,3,12,721,MA_Deermoss,deermoss,Mythic Ages: Megafauna Bestiary,veterano.mythicages.megafaunabestiary,232,,MA_Deermoss,Mythic Ages: Megafauna Bestiary,1,2,3,Animal/Deermoss/Deermoss,_south,C:\Program Files (x86)\Steam\steamapps\workshop\content\294100\3537788184\Textures\Animal\Deermoss\Deermoss_south.png,395,379,
4,3,13,722,MA_Direhorse,direhorse,Mythic Ages: Megafauna Bestiary,veterano.mythicages.megafaunabestiary,232,,MA_Direhorse,Mythic Ages: Megafauna Bestiary,1,2,3,Animal/Direhorse/Direhorse,_south,C:\Program Files (x86)\Steam\steamapps\workshop\content\294100\3537788184\Textures\Animal\Direhorse\Direhorse_south.png,159,274,
4,4,0,723,MA_Dunbear,dunbear,Mythic Ages: Megafauna Bestiary,veterano.mythicages.megafaunabestiary,232,,MA_Dunbear,Mythic Ages: Megafauna Bestiary,1,2,3,Animal/Dunbear/Dunbear,_south,C:\Program Files (x86)\Steam\steamapps\workshop\content\294100\3537788184\Textures\Animal\Dunbear\Dunbear_south.png,317,426,
4,4,1,724,MA_Duskhorn,duskhorn,Mythic Ages: Megafauna Bestiary,veterano.mythicages.megafaunabestiary,232,,MA_Duskhorn,Mythic Ages: Megafauna Bestiary,1,2,3,Animal/Duskhorn/Duskhorn,_south,C:\Program Files (x86)\Steam\steamapps\workshop\content\294100\3537788184\Textures\Animal\Duskhorn\Duskhorn_south.png,303,394,
4,4,2,725,MA_Furpotamus,furpotamus,Mythic Ages: Megafauna Bestiary,veterano.mythicages.megafaunabestiary,232,,MA_Furpotamus,Mythic Ages: Megafauna Bestiary,1,2,3,Animal/Furpotamus/Furpotamus,_south,C:\Program Files (x86)\Steam\steamapps\workshop\content\294100\3537788184\Textures\Animal\Furpotamus\Furpotamus_south.png,324,417,
4,4,3,726,MA_Gnaut,gnaut,Mythic Ages: Megafauna Bestiary,veterano.mythicages.megafaunabestiary,232,,MA_Gnaut,Mythic Ages: Megafauna Bestiary,1,2,3,Animal/Gnaut/Gnaut,_south,C:\Program Files (x86)\Steam\steamapps\workshop\content\294100\3537788184\Textures\Animal\Gnaut\Gnaut_south.png,201,376,
4,4,4,727,MA_Harpeagle,harpeagle,Mythic Ages: Megafauna Bestiary,veterano.mythicages.megafaunabestiary,232,,MA_Harpeagle,Mythic Ages: Megafauna Bestiary,1,2,3,Animal/Harpeagle/Harpeagle,_south,C:\Program Files (x86)\Steam\steamapps\workshop\content\294100\3537788184\Textures\Animal\Harpeagle\Harpeagle_south.png,230,269,
4,4,5,728,MA_Hellboar,Hellboar,Mythic Ages: Megafauna Bestiary,veterano.mythicages.megafaunabestiary,232,,MA_Hellboar,Mythic Ages: Megafauna Bestiary,1,2,3,Animal/Hellboar/Hellboar,_south,C:\Program Files (x86)\Steam\steamapps\workshop\content\294100\3537788184\Textures\Animal\Hellboar\Hellboar_south.png,234,375,
4,4,6,729,MA_Manehound,manehound,Mythic Ages: Megafauna Bestiary,veterano.mythicages.megafaunabestiary,232,,MA_Manehound,Mythic Ages: Megafauna Bestiary,1,2,3,Animal/Manehound/Manehound,_south,C:\Program Files (x86)\Steam\steamapps\workshop\content\294100\3537788184\Textures\Animal\Manehound\Manehound_south.png,203,356,
4,4,7,730,MA_Narkospider,narkospider,Mythic Ages: Megafauna Bestiary,veterano.mythicages.megafaunabestiary,232,,MA_Narkospider,Mythic Ages: Megafauna Bestiary,1,2,3,Animal/Narkospider/Narkospider,_south,C:\Program Files (x86)\Steam\steamapps\workshop\content\294100\3537788184\Textures\Animal\Narkospider\Narkospider_south.png,231,364,
4,4,8,731,MA_Plastemmoth,Plastemmoth,Mythic Ages: Megafauna Bestiary,veterano.mythicages.megafaunabestiary,232,,MA_Plastemmoth,Mythic Ages: Megafauna Bestiary,1,2,3,Animal/Plastemmoth/Plastemmoth,_south,C:\Program Files (x86)\Steam\steamapps\workshop\content\294100\3537788184\Textures\Animal\Plastemmoth\Plastemmoth_south.png,320,474,
4,4,9,732,MA_PlastemmothAlpha,Plastemmoth alpha,Mythic Ages: Megafauna Bestiary,veterano.mythicages.megafaunabestiary,232,,MA_PlastemmothAlpha,Mythic Ages: Megafauna Bestiary,1,2,3,Animal/PlastemmothAlpha/PlastemmothAlpha,_south,C:\Program Files (x86)\Steam\steamapps\workshop\content\294100\3537788184\Textures\Animal\PlastemmothAlpha\PlastemmothAlpha_south.png,381,566,
4,4,10,733,MA_Raptorkhan,raptorkhan,Mythic Ages: Megafauna Bestiary,veterano.mythicages.megafaunabestiary,232,,MA_Raptorkhan,Mythic Ages: Megafauna Bestiary,1,2,3,Animal/Raptorkhan/Raptorkhan,_south,C:\Program Files (x86)\Steam\steamapps\workshop\content\294100\3537788184\Textures\Animal\Raptorkhan\Raptorkhan_south.png,198,290,
4,4,11,734,MA_Scarodon,scarodon,Mythic Ages: Megafauna Bestiary,veterano.mythicages.megafaunabestiary,232,,MA_Scarodon,Mythic Ages: Megafauna Bestiary,1,2,3,Animal/Scarodon/Scarodon,_south,C:\Program Files (x86)\Steam\steamapps\workshop\content\294100\3537788184\Textures\Animal\Scarodon\Scarodon_south.png,248,430,
4,4,12,735,MA_Simbakub,Simbakub,Mythic Ages: Megafauna Bestiary,veterano.mythicages.megafaunabestiary,232,,MA_Simbakub,Mythic Ages: Megafauna Bestiary,1,2,3,Animal/Simbakub/Simbakub,_south,C:\Program Files (x86)\Steam\steamapps\workshop\content\294100\3537788184\Textures\Animal\Simbakub\Simbakub_south.png,183,336,
4,4,13,736,MA_SimbakubAlpha,Simbakub Alpha,Mythic Ages: Megafauna Bestiary,veterano.mythicages.megafaunabestiary,232,,MA_SimbakubAlpha,Mythic Ages: Megafauna Bestiary,1,2,3,Animal/SimbakubAlpha/SimbakubAlpha,_south,C:\Program Files (x86)\Steam\steamapps\workshop\content\294100\3537788184\Textures\Animal\SimbakubAlpha\SimbakubAlpha_south.png,191,350,
4,5,0,737,MA_Sivatherium,sivatherium,Mythic Ages: Megafauna Bestiary,veterano.mythicages.megafaunabestiary,232,,MA_Sivatherium,Mythic Ages: Megafauna Bestiary,1,2,3,Animal/Sivatherium/Sivatherium,_south,C:\Program Files (x86)\Steam\steamapps\workshop\content\294100\3537788184\Textures\Animal\Sivatherium\Sivatherium_south.png,281,366,
4,5,1,738,MA_Sporemole,Sporemole,Mythic Ages: Megafauna Bestiary,veterano.mythicages.megafaunabestiary,232,,MA_Sporemole,Mythic Ages: Megafauna Bestiary,1,2,3,Animal/Sporemole/Sporemole,_south,C:\Program Files (x86)\Steam\steamapps\workshop\content\294100\3537788184\Textures\Animal\Sporemole\Sporemole_south.png,213,406,
4,5,2,739,MA_Worhin,worhin,Mythic Ages: Megafauna Bestiary,veterano.mythicages.megafaunabestiary,232,,MA_Worhin,Mythic Ages: Megafauna Bestiary,1,2,3,Animal/Worhin/Worhin,_south,C:\Program Files (x86)\Steam\steamapps\workshop\content\294100\3537788184\Textures\Animal\Worhin\Worhin_south.png,309,394,
4,5,3,740,Bigfoot,bigfoot,Mythological Creatures!,wiggler310.mythologicalcreatures,233,,Bigfoot,Mythological Creatures!,1,2,3,Things/Pawn/Animal/Bigfoot/Bigfoot,_south,C:\Program Files (x86)\Steam\steamapps\workshop\content\294100\3520377015\Textures\Things\Pawn\Animal\Bigfoot\Bigfoot_south.png,88,121,
4,5,4,741,Giant,giant,Mythological Creatures!,wiggler310.mythologicalcreatures,233,,Giant,Mythological Creatures!,1,2,3,Things/Pawn/Animal/Giant/Giant,_south,C:\Program Files (x86)\Steam\steamapps\workshop\content\294100\3520377015\Textures\Things\Pawn\Animal\Giant\Giant_south.png,77,117,
4,5,5,742,Gnome,gnome,Mythological Creatures!,wiggler310.mythologicalcreatures,233,,Gnome,Mythological Creatures!,1,2,3,Things/Pawn/Animal/Gnome/Gnome,_south,C:\Program Files (x86)\Steam\steamapps\workshop\content\294100\3520377015\Textures\Things\Pawn\Animal\Gnome\Gnome_south.png,61,108,
4,5,6,743,Goblin,goblin,Mythological Creatures!,wiggler310.mythologicalcreatures,233,,Goblin,Mythological Creatures!,1,2,3,Things/Pawn/Animal/Goblin/Goblin,_south,C:\Program Files (x86)\Steam\steamapps\workshop\content\294100\3520377015\Textures\Things\Pawn\Animal\Goblin\Goblin_south.png,68,102,
4,5,7,744,GoblinWarrior,goblin warrior,Mythological Creatures!,wiggler310.mythologicalcreatures,233,,GoblinWarrior,Mythological Creatures!,1,2,3,Things/Pawn/Animal/Goblin/GoblinChief,_south,C:\Program Files (x86)\Steam\steamapps\workshop\content\294100\3520377015\Textures\Things\Pawn\Animal\Goblin\GoblinChief_south.png,73,104,
4,5,8,745,Imp,imp,Mythological Creatures!,wiggler310.mythologicalcreatures,233,,Imp,Mythological Creatures!,1,2,3,Things/Pawn/Animal/Imp/Imp,_south,C:\Program Files (x86)\Steam\steamapps\workshop\content\294100\3520377015\Textures\Things\Pawn\Animal\Imp\Imp_south.png,95,92,
4,5,9,746,Leprechaun,leprechaun,Mythological Creatures!,wiggler310.mythologicalcreatures,233,,Leprechaun,Mythological Creatures!,1,2,3,Things/Pawn/Animal/Leprechaun/Leprechaun,_south,C:\Program Files (x86)\Steam\steamapps\workshop\content\294100\3520377015\Textures\Things\Pawn\Animal\Leprechaun\Leprechaun_south.png,68,101,
4,5,10,747,Skeleton,skeleton,Mythological Creatures!,wiggler310.mythologicalcreatures,233,,Skeleton,Mythological Creatures!,1,2,3,Things/Pawn/Animal/Generic/Dessicated_Generic,_south,C:\Program Files (x86)\Steam\steamapps\workshop\content\294100\3520377015\Textures\Things\Pawn\Animal\Generic\Dessicated_Generic_south.png,46,91,
4,5,11,748,Slime,slime,Mythological Creatures!,wiggler310.mythologicalcreatures,233,,Slime,Mythological Creatures!,1,2,3,Things/Pawn/Animal/Slime/Slime,_south,C:\Program Files (x86)\Steam\steamapps\workshop\content\294100\3520377015\Textures\Things\Pawn\Animal\Slime\Slime_south.png,97,64,
4,5,12,749,Troll,troll,Mythological Creatures!,wiggler310.mythologicalcreatures,233,,Troll,Mythological Creatures!,1,2,3,Things/Pawn/Animal/Troll/Troll,_south,C:\Program Files (x86)\Steam\steamapps\workshop\content\294100\3520377015\Textures\Things\Pawn\Animal\Troll\Troll_south.png,77,101,
4,5,13,750,Unicorn,unicorn,Mythological Creatures!,wiggler310.mythologicalcreatures,233,,Unicorn,Mythological Creatures!,1,2,3,Things/Pawn/Animal/Unicorn/Unicorn,_south,C:\Program Files (x86)\Steam\steamapps\workshop\content\294100\3520377015\Textures\Things\Pawn\Animal\Unicorn\Unicorn_south.png,256,256,
4,6,0,755,Alligator,alligator,Odyssey,ludeon.rimworld.odyssey,9,,Alligator,Odyssey,1,2,3,Things/Pawn/Animal/Alligator/Alligator,_south,C:\Program Files (x86)\Steam\steamapps\workshop\content\294100\2871933948\Textures\Things\Pawn\Animal\Alligator\Alligator_south.png,76,240,
4,6,1,757,Badger,badger,Odyssey,ludeon.rimworld.odyssey,9,,Badger,Odyssey,1,2,3,Things/Pawn/Animal/Badger/Badger,_south,C:\Program Files (x86)\Steam\steamapps\workshop\content\294100\2871933948\Textures\Things\Pawn\Animal\Badger\Badger_south.png,100,170,
4,6,2,768,Gorilla,gorilla,Odyssey,ludeon.rimworld.odyssey,9,,Gorilla,Odyssey,1,2,3,Things/Pawn/Animal/Gorilla/Gorilla,_south,C:\Program Files (x86)\Steam\steamapps\workshop\content\294100\2871933948\Textures\Things\Pawn\Animal\Gorilla\Gorilla_south.png,178,197,
4,6,3,771,Hippo,hippo,Odyssey,ludeon.rimworld.odyssey,9,,Hippo,Odyssey,1,2,3,Things/Pawn/Animal/Hippo/Hippo,_south,C:\Program Files (x86)\Steam\steamapps\workshop\content\294100\2871933948\Textures\Things\Pawn\Animal\Hippo\Hippo_south.png,158,167,
4,6,4,782,Moose,moose,Odyssey,ludeon.rimworld.odyssey,9,,Moose,Odyssey,1,2,3,Things/Pawn/Animal/Moose/MooseMale,_south,C:\Program Files (x86)\Steam\steamapps\workshop\content\294100\2871933948\Textures\Things\Pawn\Animal\Moose\MooseMale_south.png,512,512,
4,6,5,783,Muskox,muskox,Odyssey,ludeon.rimworld.odyssey,9,,Muskox,Odyssey,1,2,3,Things/Pawn/Animal/Muskox/Muskox,_south,C:\Program Files (x86)\Steam\steamapps\workshop\content\294100\2871933948\Textures\Things\Pawn\Animal\Muskox\Muskox_south.png,288,370,
4,6,6,784,Otter,otter,Odyssey,ludeon.rimworld.odyssey,9,,Otter,Odyssey,1,2,3,Things/Pawn/Animal/Otter/Otter,_south,C:\Program Files (x86)\Steam\steamapps\workshop\content\294100\2871933948\Textures\Things\Pawn\Animal\Otter\Otter_south.png,88,229,
4,6,7,787,Porcupine,porcupine,Odyssey,ludeon.rimworld.odyssey,9,,Porcupine,Odyssey,1,2,3,Things/Pawn/Animal/Porcupine/Porcupine,_south,C:\Program Files (x86)\Steam\steamapps\workshop\content\294100\2871933948\Textures\Things\Pawn\Animal\Porcupine\Porcupine_south.png,106,196,
4,6,8,792,Seal,seal,Odyssey,ludeon.rimworld.odyssey,9,,Seal,Odyssey,1,2,3,Things/Pawn/Animal/Seal/Seal,_south,C:\Program Files (x86)\Steam\steamapps\workshop\content\294100\2871933948\Textures\Things\Pawn\Animal\Seal\Seal_south.png,114,212,
4,6,9,796,Tiger,tiger,Odyssey,ludeon.rimworld.odyssey,9,,Tiger,Odyssey,1,2,3,Things/Pawn/Animal/Tiger/Tiger,_south,C:\Program Files (x86)\Steam\steamapps\workshop\content\294100\2871933948\Textures\Things\Pawn\Animal\Tiger\Tiger_south.png,88,164,
4,6,10,798,Walrus,walrus,Odyssey,ludeon.rimworld.odyssey,9,,Walrus,Odyssey,1,2,3,Things/Pawn/Animal/Walrus/Walrus,_south,C:\Program Files (x86)\Steam\steamapps\workshop\content\294100\2871933948\Textures\Things\Pawn\Animal\Walrus\Walrus_south.png,284,433,
4,6,11,810,IronScruff_Flatworm,flatworm hound,Primordial Geysers,ironscruff.primordialgeysers,256,,IronScruff_Flatworm,Primordial Geysers,1,2,3,Things/Animals/IronScruff_Flatworm/IronScruff_Flatworm,_south,C:\Program Files (x86)\Steam\steamapps\workshop\content\294100\2896731795\Textures\Things\Animals\IronScruff_Flatworm\IronScruff_Flatworm_south.png,60,108,
4,6,12,811,IronScruff_Hydrazoa,hydrazoa,Primordial Geysers,ironscruff.primordialgeysers,256,,IronScruff_Hydrazoa,Primordial Geysers,1,2,3,Things/Animals/IronScruff_Hydrazoa/IronScruff_Hydrazoa,_south,C:\Program Files (x86)\Steam\steamapps\workshop\content\294100\2896731795\Textures\Things\Animals\IronScruff_Hydrazoa\IronScruff_Hydrazoa_south.png,85,126,
4,6,13,812,IronScruff_Jellybird,jellybird,Primordial Geysers,ironscruff.primordialgeysers,256,,IronScruff_Jellybird,Primordial Geysers,1,2,3,Things/Animals/IronScruff_Jellybird/IronScruff_Jellybird,_south,C:\Program Files (x86)\Steam\steamapps\workshop\content\294100\2896731795\Textures\Things\Animals\IronScruff_Jellybird\IronScruff_Jellybird_south.png,84,99,
4,7,0,813,IronScruff_Tardigrade,giant tardigrade,Primordial Geysers,ironscruff.primordialgeysers,256,,IronScruff_Tardigrade,Primordial Geysers,1,2,3,Things/Animals/IronScruff_Tardigrade/IronScruff_Tardigrade,_south,C:\Program Files (x86)\Steam\steamapps\workshop\content\294100\2896731795\Textures\Things\Animals\IronScruff_Tardigrade\IronScruff_Tardigrade_south.png,107,125,
4,7,1,814,DZY_RNGChicken,chaos chicken,R-Hen-G: Chaos Chickens,dizzyeevee.rheng,447,,DZY_RNGChicken,R-Hen-G: Chaos Chickens,1,2,3,Things/Pawn/Animal/RNGChicken/AllSeeingEye/AllSeeingEye,_south,C:\Program Files (x86)\Steam\steamapps\workshop\content\294100\3521663802\Textures\Things\Pawn\Animal\RNGChicken\AllSeeingEye\AllSeeingEye_south.png,64,42,
4,7,2,819,RG_Rimclaw,rimclaw,ReGrowth 2,regrowth.botr.core,448,,RG_Rimclaw,ReGrowth 2,1,2,3,Things/Pawn/Animal/ReGrowth/Rimclaw/Rimclaw,_south,C:\Program Files (x86)\Steam\steamapps\workshop\content\294100\2260097569\Textures\Things\Pawn\Animal\ReGrowth\Rimclaw\Rimclaw_south.png,136,164,
4,7,3,820,RG_WoollyStegosaurus,woolly stegosaurus,ReGrowth 2,regrowth.botr.core,448,,RG_WoollyStegosaurus,ReGrowth 2,1,2,3,Things/Pawn/Animal/ReGrowth/WoollyStegosaurus/WoollyStegosaurus,_south,C:\Program Files (x86)\Steam\steamapps\workshop\content\294100\2260097569\Textures\Things\Pawn\Animal\ReGrowth\WoollyStegosaurus\WoollyStegosaurus_south.png,512,512,
4,7,4,821,RG_Owlbeast,owlbeast,ReGrowth: Boiling,regrowth.botr.boilingforest,490,,RG_Owlbeast,ReGrowth: Boiling,1,2,3,Things/Pawn/Animal/RG_Owlbeast/Owlbeast,_south,C:\Program Files (x86)\Steam\steamapps\workshop\content\294100\3565675704\Textures\Things\Pawn\Animal\RG_Owlbeast\Owlbeast_south.png,142,196,
4,7,5,822,Ling_Cockroach,巨型蟑螂,Rim cockroach,lingluo.cockroach,275,,Ling_Cockroach,Rim cockroach,2,1,2,Things/Pawn/Animal/Ling_Cockroach/Ling_Cockroach,_south,C:\Program Files (x86)\Steam\steamapps\workshop\content\294100\3196253802\Textures\Things\Pawn\Animal\Ling_Cockroach\Ling_Cockroach_south.png,250,250,
4,7,6,823,Ling_Cockroach_Mechanoid,机械蟑螂,Rim cockroach,lingluo.cockroach,275,,Ling_Cockroach_Mechanoid,Rim cockroach,2,0,1,Things/Pawn/Animal/LingCockroachMechanoid/LingCockroachMechanoid,_south,C:\Program Files (x86)\Steam\steamapps\workshop\content\294100\3196253802\Textures\Things\Pawn\Animal\LingCockroachMechanoid\LingCockroachMechanoid_south.png,250,250,
4,7,7,826,Scuttlebug,Space Worm,Space Worms (Continued),mlie.spaceworms,312,,Scuttlebug,Space Worms (Continued),1,2,3,Things/Pawn/Scuttlebug/scuttlebug,_south,C:\Program Files (x86)\Steam\steamapps\workshop\content\294100\2105322804\Textures\Things\Pawn\Scuttlebug\scuttlebug_south.png,55,118,
4,7,8,987,SWPotF_RaceDef_ysalamir,ysalamir,Star Wars KotOR Resources and Materials,guy762.mm.kotorcore,569,,SWPotF_ysalamir,Star Wars KotOR Resources and Materials,1,2,3,ysalamiri/ysalamiri,_south,C:\Program Files (x86)\Steam\steamapps\workshop\content\294100\3254370945\Textures\ysalamiri\ysalamiri_south.png,144,426,
4,7,9,988,GiantAnt_Race,giant ant,They! (Giant Ants),sapiently.theyatomicmonsters,327,,GiantAnt_Soldier,They! (Giant Ants),2,0,1,Things/Pawn/Animal/GiantAnt/GiantAnt,_south,C:\Program Files (x86)\Steam\steamapps\workshop\content\294100\3620253282\Textures\Things\Pawn\Animal\GiantAnt\GiantAnt_south.png,383,394,
4,7,10,989,Titan,titan,Titans,titans.fl,330,,Titan,Titans,1,2,3,Things/Pawn/Animal/Titan/Titan,_south,C:\Program Files (x86)\Steam\steamapps\workshop\content\294100\3572242808\Textures\Things\Pawn\Animal\Titan\Titan_south.png,107,190,
4,7,11,990,AEXP_Anaconda,anaconda,Vanilla Animals Expanded,vanillaexpanded.vanillaanimalsexpanded,353,,AEXP_Anaconda,Vanilla Animals Expanded,1,2,3,Things/Pawn/Animal/AEXP_Anaconda/Anaconda,_south,C:\Program Files (x86)\Steam\steamapps\workshop\content\294100\2871933948\Textures\Things\Pawn\Animal\AEXP_Anaconda\Anaconda_south.png,256,256,
4,7,12,991,AEXP_ArcticCoyote,arctic coyote,Vanilla Animals Expanded,vanillaexpanded.vanillaanimalsexpanded,353,,AEXP_ArcticCoyote,Vanilla Animals Expanded,1,2,3,Things/Pawn/Animal/AEXP_ArcticCoyote/ArcticCoyote,_south,C:\Program Files (x86)\Steam\steamapps\workshop\content\294100\2871933948\Textures\Things\Pawn\Animal\AEXP_ArcticCoyote\ArcticCoyote_south.png,256,256,
4,7,13,992,AEXP_Beagle,beagle,Vanilla Animals Expanded,vanillaexpanded.vanillaanimalsexpanded,353,,AEXP_Beagle,Vanilla Animals Expanded,1,2,3,Things/Pawn/Animal/AEXP_Beagle/Beagle,_south,C:\Program Files (x86)\Steam\steamapps\workshop\content\294100\2871933948\Textures\Things\Pawn\Animal\AEXP_Beagle\Beagle_south.png,256,256,
4,8,0,993,AEXP_Beaver,beaver,Vanilla Animals Expanded,vanillaexpanded.vanillaanimalsexpanded,353,,AEXP_Beaver,Vanilla Animals Expanded,1,2,3,Things/Pawn/Animal/AEXP_AmericanBeaver/AmericanBeaver,_south,C:\Program Files (x86)\Steam\steamapps\workshop\content\294100\2871933948\Textures\Things\Pawn\Animal\AEXP_AmericanBeaver\AmericanBeaver_south.png,256,256,
4,8,1,994,AEXP_BlackBear,black bear,Vanilla Animals Expanded,vanillaexpanded.vanillaanimalsexpanded,353,,AEXP_BlackBear,Vanilla Animals Expanded,1,2,3,Things/Pawn/Animal/AEXP_BlackBear/BlackBear,_south,C:\Program Files (x86)\Steam\steamapps\workshop\content\294100\2871933948\Textures\Things\Pawn\Animal\AEXP_BlackBear\BlackBear_south.png,256,256,
4,8,2,995,AEXP_Boombat,boombat,Vanilla Animals Expanded,vanillaexpanded.vanillaanimalsexpanded,353,,AEXP_Boombat,Vanilla Animals Expanded,1,2,3,Things/Pawn/Animal/AEXP_Boombat/AEXP_Boombat,_south,C:\Program Files (x86)\Steam\steamapps\workshop\content\294100\2871933948\Textures\Things\Pawn\Animal\AEXP_Boombat\AEXP_Boombat_south.png,104,126,
4,8,3,996,AEXP_Camel,camel,Vanilla Animals Expanded,vanillaexpanded.vanillaanimalsexpanded,353,,AEXP_Camel,Vanilla Animals Expanded,1,2,3,Things/Pawn/Animal/AEXP_Camel/Camel,_south,C:\Program Files (x86)\Steam\steamapps\workshop\content\294100\2871933948\Textures\Things\Pawn\Animal\AEXP_Camel\Camel_south.png,256,256,
4,8,4,997,AEXP_CatAbyssinian,abyssinian cat,Vanilla Animals Expanded,vanillaexpanded.vanillaanimalsexpanded,353,,AEXP_CatAbyssinian,Vanilla Animals Expanded,1,2,3,Things/Pawn/Animal/AEXP_CatAbyssinian/CatAbyssinian,_south,C:\Program Files (x86)\Steam\steamapps\workshop\content\294100\2871933948\Textures\Things\Pawn\Animal\AEXP_CatAbyssinian\CatAbyssinian_south.png,256,256,
4,8,5,998,AEXP_CatBengal,bengal cat,Vanilla Animals Expanded,vanillaexpanded.vanillaanimalsexpanded,353,,AEXP_CatBengal,Vanilla Animals Expanded,1,2,3,Things/Pawn/Animal/AEXP_CatBengal/CatBengal,_south,C:\Program Files (x86)\Steam\steamapps\workshop\content\294100\2871933948\Textures\Things\Pawn\Animal\AEXP_CatBengal\CatBengal_south.png,256,256,
4,8,6,999,AEXP_CatBritishShorthair,british shorthair cat,Vanilla Animals Expanded,vanillaexpanded.vanillaanimalsexpanded,353,,AEXP_CatBritishShorthair,Vanilla Animals Expanded,1,2,3,Things/Pawn/Animal/AEXP_CatBritishShorthair/CatBritishShorthair,_south,C:\Program Files (x86)\Steam\steamapps\workshop\content\294100\2871933948\Textures\Things\Pawn\Animal\AEXP_CatBritishShorthair\CatBritishShorthair_south.png,256,256,
4,8,7,1000,AEXP_CatMaineCoon,maine coon,Vanilla Animals Expanded,vanillaexpanded.vanillaanimalsexpanded,353,,AEXP_CatMaineCoon,Vanilla Animals Expanded,1,2,3,Things/Pawn/Animal/AEXP_CatMaineCoon/CatMaineCoon,_south,C:\Program Files (x86)\Steam\steamapps\workshop\content\294100\2871933948\Textures\Things\Pawn\Animal\AEXP_CatMaineCoon\CatMaineCoon_south.png,256,256,
4,8,8,1001,AEXP_CatMunchkin,munchkin cat,Vanilla Animals Expanded,vanillaexpanded.vanillaanimalsexpanded,353,,AEXP_CatMunchkin,Vanilla Animals Expanded,1,2,3,Things/Pawn/Animal/AEXP_CatMunchkin/CatMunchkin,_south,C:\Program Files (x86)\Steam\steamapps\workshop\content\294100\2871933948\Textures\Things\Pawn\Animal\AEXP_CatMunchkin\CatMunchkin_south.png,256,256,
4,8,9,1002,AEXP_CatNorwegianForest,norwegian forest cat,Vanilla Animals Expanded,vanillaexpanded.vanillaanimalsexpanded,353,,AEXP_CatNorwegianForest,Vanilla Animals Expanded,1,2,3,Things/Pawn/Animal/AEXP_CatNorwegian/CatNorwegian,_south,C:\Program Files (x86)\Steam\steamapps\workshop\content\294100\2871933948\Textures\Things\Pawn\Animal\AEXP_CatNorwegian\CatNorwegian_south.png,256,256,
4,8,10,1003,AEXP_CatPersian,persian cat,Vanilla Animals Expanded,vanillaexpanded.vanillaanimalsexpanded,353,,AEXP_CatPersian,Vanilla Animals Expanded,1,2,3,Things/Pawn/Animal/AEXP_CatPersian/CatPersian,_south,C:\Program Files (x86)\Steam\steamapps\workshop\content\294100\2871933948\Textures\Things\Pawn\Animal\AEXP_CatPersian\CatPersian_south.png,256,256,
4,8,11,1004,AEXP_CatSiamese,siamese cat,Vanilla Animals Expanded,vanillaexpanded.vanillaanimalsexpanded,353,,AEXP_CatSiamese,Vanilla Animals Expanded,1,2,3,Things/Pawn/Animal/AEXP_CatSiamese/CatSiamese,_south,C:\Program Files (x86)\Steam\steamapps\workshop\content\294100\2871933948\Textures\Things\Pawn\Animal\AEXP_CatSiamese\CatSiamese_south.png,256,256,
4,8,12,1005,AEXP_CatSomali,somali cat,Vanilla Animals Expanded,vanillaexpanded.vanillaanimalsexpanded,353,,AEXP_CatSomali,Vanilla Animals Expanded,1,2,3,Things/Pawn/Animal/AEXP_CatSomali/CatSomali,_south,C:\Program Files (x86)\Steam\steamapps\workshop\content\294100\2871933948\Textures\Things\Pawn\Animal\AEXP_CatSomali\CatSomali_south.png,256,256,
4,8,13,1006,AEXP_CatSphynx,sphynx cat,Vanilla Animals Expanded,vanillaexpanded.vanillaanimalsexpanded,353,,AEXP_CatSphynx,Vanilla Animals Expanded,1,2,3,Things/Pawn/Animal/AEXP_CatSphynx/CatSphynx,_south,C:\Program Files (x86)\Steam\steamapps\workshop\content\294100\2871933948\Textures\Things\Pawn\Animal\AEXP_CatSphynx\CatSphynx_south.png,256,256,
5,0,0,1007,AEXP_Cheetah,cheetah,Vanilla Animals Expanded,vanillaexpanded.vanillaanimalsexpanded,353,,AEXP_Cheetah,Vanilla Animals Expanded,1,2,3,Things/Pawn/Animal/AEXP_Cheetah/Cheetah,_south,C:\Program Files (x86)\Steam\steamapps\workshop\content\294100\2871933948\Textures\Things\Pawn\Animal\AEXP_Cheetah\Cheetah_south.png,256,256,
5,0,1,1008,AEXP_Chihuahua,chihuahua,Vanilla Animals Expanded,vanillaexpanded.vanillaanimalsexpanded,353,,AEXP_Chihuahua,Vanilla Animals Expanded,1,2,3,Things/Pawn/Animal/AEXP_Chihuahua/Chihuahua,_south,C:\Program Files (x86)\Steam\steamapps\workshop\content\294100\2871933948\Textures\Things\Pawn\Animal\AEXP_Chihuahua\Chihuahua_south.png,256,256,
5,0,2,1009,AEXP_Corgi,corgi,Vanilla Animals Expanded,vanillaexpanded.vanillaanimalsexpanded,353,,AEXP_Corgi,Vanilla Animals Expanded,1,2,3,Things/Pawn/Animal/AEXP_Corgi/Corgi,_south,C:\Program Files (x86)\Steam\steamapps\workshop\content\294100\2871933948\Textures\Things\Pawn\Animal\AEXP_Corgi\Corgi_south.png,256,256,
5,0,3,1010,AEXP_Coyote,coyote,Vanilla Animals Expanded,vanillaexpanded.vanillaanimalsexpanded,353,,AEXP_Coyote,Vanilla Animals Expanded,1,2,3,Things/Pawn/Animal/AEXP_Coyote/Coyote,_south,C:\Program Files (x86)\Steam\steamapps\workshop\content\294100\2871933948\Textures\Things\Pawn\Animal\AEXP_Coyote\Coyote_south.png,256,256,
5,0,4,1011,AEXP_Crocodile,crocodile,Vanilla Animals Expanded,vanillaexpanded.vanillaanimalsexpanded,353,,AEXP_Crocodile,Vanilla Animals Expanded,1,2,3,Things/Pawn/Animal/AEXP_Crocodile/Crocodile,_south,C:\Program Files (x86)\Steam\steamapps\workshop\content\294100\2871933948\Textures\Things\Pawn\Animal\AEXP_Crocodile\Crocodile_south.png,256,256,
5,0,5,1012,AEXP_DesertTortoise,desert tortoise,Vanilla Animals Expanded,vanillaexpanded.vanillaanimalsexpanded,353,,AEXP_DesertTortoise,Vanilla Animals Expanded,1,2,3,Things/Pawn/Animal/AEXP_DesertTortoise/DesertTortoise,_south,C:\Program Files (x86)\Steam\steamapps\workshop\content\294100\2871933948\Textures\Things\Pawn\Animal\AEXP_DesertTortoise\DesertTortoise_south.png,256,256,
5,0,6,1013,AEXP_FrenchBulldog,french bulldog,Vanilla Animals Expanded,vanillaexpanded.vanillaanimalsexpanded,353,,AEXP_FrenchBulldog,Vanilla Animals Expanded,1,2,3,Things/Pawn/Animal/AEXP_FrenchBulldog/FrenchBulldog,_south,C:\Program Files (x86)\Steam\steamapps\workshop\content\294100\2871933948\Textures\Things\Pawn\Animal\AEXP_FrenchBulldog\FrenchBulldog_south.png,256,256,
5,0,7,1014,AEXP_GermanShepherd,german shepherd,Vanilla Animals Expanded,vanillaexpanded.vanillaanimalsexpanded,353,,AEXP_GermanShepherd,Vanilla Animals Expanded,1,2,3,Things/Pawn/Animal/AEXP_GermanShepherd/GermanShepherd,_south,C:\Program Files (x86)\Steam\steamapps\workshop\content\294100\2871933948\Textures\Things\Pawn\Animal\AEXP_GermanShepherd\GermanShepherd_south.png,256,256,
5,0,8,1015,AEXP_GilaMonster,gila monster,Vanilla Animals Expanded,vanillaexpanded.vanillaanimalsexpanded,353,,AEXP_GilaMonster,Vanilla Animals Expanded,1,2,3,Things/Pawn/Animal/AEXP_GilaMonster/GilaMonster,_south,C:\Program Files (x86)\Steam\steamapps\workshop\content\294100\2871933948\Textures\Things\Pawn\Animal\AEXP_GilaMonster\GilaMonster_south.png,256,256,
5,0,9,1016,AEXP_Giraffe,giraffe,Vanilla Animals Expanded,vanillaexpanded.vanillaanimalsexpanded,353,,AEXP_Giraffe,Vanilla Animals Expanded,1,2,3,Things/Pawn/Animal/AEXP_Giraffe/Giraffe,_south,C:\Program Files (x86)\Steam\steamapps\workshop\content\294100\2871933948\Textures\Things\Pawn\Animal\AEXP_Giraffe\Giraffe_south.png,512,512,
5,0,10,1017,AEXP_GreatDane,great dane,Vanilla Animals Expanded,vanillaexpanded.vanillaanimalsexpanded,353,,AEXP_GreatDane,Vanilla Animals Expanded,1,2,3,Things/Pawn/Animal/AEXP_GreatDane/GreatDane,_south,C:\Program Files (x86)\Steam\steamapps\workshop\content\294100\2871933948\Textures\Things\Pawn\Animal\AEXP_GreatDane\GreatDane_south.png,256,256,
5,0,11,1018,AEXP_Hedgehog,hedgehog,Vanilla Animals Expanded,vanillaexpanded.vanillaanimalsexpanded,353,,AEXP_Hedgehog,Vanilla Animals Expanded,1,2,3,Things/Pawn/Animal/AEXP_Hedgehog/Hedgehog,_south,C:\Program Files (x86)\Steam\steamapps\workshop\content\294100\2871933948\Textures\Things\Pawn\Animal\AEXP_Hedgehog\Hedgehog_south.png,128,128,
5,0,12,1019,AEXP_Hyena,hyena,Vanilla Animals Expanded,vanillaexpanded.vanillaanimalsexpanded,353,,AEXP_Hyena,Vanilla Animals Expanded,1,2,3,Things/Pawn/Animal/AEXP_Hyena/Hyena,_south,C:\Program Files (x86)\Steam\steamapps\workshop\content\294100\2871933948\Textures\Things\Pawn\Animal\AEXP_Hyena\Hyena_south.png,256,256,
5,0,13,1020,AEXP_IndianElephant,indian elephant,Vanilla Animals Expanded,vanillaexpanded.vanillaanimalsexpanded,353,,AEXP_IndianElephant,Vanilla Animals Expanded,1,2,3,Things/Pawn/Animal/AEXP_IndianElephant/IndianElephant,_south,C:\Program Files (x86)\Steam\steamapps\workshop\content\294100\2871933948\Textures\Things\Pawn\Animal\AEXP_IndianElephant\IndianElephant_south.png,256,256,
5,1,0,1021,AEXP_Jaguar,jaguar,Vanilla Animals Expanded,vanillaexpanded.vanillaanimalsexpanded,353,,AEXP_Jaguar,Vanilla Animals Expanded,1,2,3,Things/Pawn/Animal/AEXP_Jaguar/Jaguar,_south,C:\Program Files (x86)\Steam\steamapps\workshop\content\294100\2871933948\Textures\Things\Pawn\Animal\AEXP_Jaguar\Jaguar_south.png,256,256,
5,1,1,1022,AEXP_Kangaroo,kangaroo,Vanilla Animals Expanded,vanillaexpanded.vanillaanimalsexpanded,353,,AEXP_Kangaroo,Vanilla Animals Expanded,1,2,3,Things/Pawn/Animal/AEXP_Kangaroo/AEXP_Kangaroo,_south,C:\Program Files (x86)\Steam\steamapps\workshop\content\294100\2871933948\Textures\Things\Pawn\Animal\AEXP_Kangaroo\AEXP_Kangaroo_south.png,101,189,
5,1,2,1023,AEXP_Koala,koala,Vanilla Animals Expanded,vanillaexpanded.vanillaanimalsexpanded,353,,AEXP_Koala,Vanilla Animals Expanded,1,2,3,Things/Pawn/Animal/AEXP_Koala/AEXP_Koala,_south,C:\Program Files (x86)\Steam\steamapps\workshop\content\294100\2871933948\Textures\Things\Pawn\Animal\AEXP_Koala\AEXP_Koala_south.png,84,116,
5,1,3,1024,AEXP_Lemur,lemur,Vanilla Animals Expanded,vanillaexpanded.vanillaanimalsexpanded,353,,AEXP_Lemur,Vanilla Animals Expanded,1,2,3,Things/Pawn/Animal/AEXP_Lemur/Lemur,_south,C:\Program Files (x86)\Steam\steamapps\workshop\content\294100\2871933948\Textures\Things\Pawn\Animal\AEXP_Lemur\Lemur_south.png,256,256,
5,1,4,1025,AEXP_Lion,lion,Vanilla Animals Expanded,vanillaexpanded.vanillaanimalsexpanded,353,,AEXP_Lion,Vanilla Animals Expanded,1,2,3,Things/Pawn/Animal/AEXP_Lion/LionMale,_south,C:\Program Files (x86)\Steam\steamapps\workshop\content\294100\2871933948\Textures\Things\Pawn\Animal\AEXP_Lion\LionMale_south.png,256,256,
5,1,5,1026,AEXP_Mandrill,mandrill,Vanilla Animals Expanded,vanillaexpanded.vanillaanimalsexpanded,353,,AEXP_Mandrill,Vanilla Animals Expanded,1,2,3,Things/Pawn/Animal/AEXP_Mandrill/Mandrill,_south,C:\Program Files (x86)\Steam\steamapps\workshop\content\294100\2871933948\Textures\Things\Pawn\Animal\AEXP_Mandrill\Mandrill_south.png,256,256,
5,1,6,1027,AEXP_MegaWolverine,megawolverine,Vanilla Animals Expanded,vanillaexpanded.vanillaanimalsexpanded,353,,AEXP_MegaWolverine,Vanilla Animals Expanded,1,2,3,Things/Pawn/Animal/AEXP_MegaWolverine/MegaWolverine,_south,C:\Program Files (x86)\Steam\steamapps\workshop\content\294100\2871933948\Textures\Things\Pawn\Animal\AEXP_MegaWolverine\MegaWolverine_south.png,256,256,
5,1,7,1028,AEXP_Megascorpion,megascorpion,Vanilla Animals Expanded,vanillaexpanded.vanillaanimalsexpanded,353,,AEXP_Megascorpion,Vanilla Animals Expanded,1,2,3,Things/Pawn/Animal/AEXP_Megascorpion/Megascorpion,_south,C:\Program Files (x86)\Steam\steamapps\workshop\content\294100\2871933948\Textures\Things\Pawn\Animal\AEXP_Megascorpion\Megascorpion_south.png,256,256,
5,1,8,1029,AEXP_Platypus,platypus,Vanilla Animals Expanded,vanillaexpanded.vanillaanimalsexpanded,353,,AEXP_Platypus,Vanilla Animals Expanded,1,2,3,Things/Pawn/Animal/AEXP_Platypus/AEXP_Platypus,_south,C:\Program Files (x86)\Steam\steamapps\workshop\content\294100\2871933948\Textures\Things\Pawn\Animal\AEXP_Platypus\AEXP_Platypus_south.png,93,204,
5,1,9,1030,AEXP_Poodle,poodle,Vanilla Animals Expanded,vanillaexpanded.vanillaanimalsexpanded,353,,AEXP_Poodle,Vanilla Animals Expanded,1,2,3,Things/Pawn/Animal/AEXP_Poodle/Poodle,_south,C:\Program Files (x86)\Steam\steamapps\workshop\content\294100\2871933948\Textures\Things\Pawn\Animal\AEXP_Poodle\Poodle_south.png,256,256,
5,1,10,1031,AEXP_Pug,pug,Vanilla Animals Expanded,vanillaexpanded.vanillaanimalsexpanded,353,,AEXP_Pug,Vanilla Animals Expanded,1,2,3,Things/Pawn/Animal/AEXP_Pug/Pug,_south,C:\Program Files (x86)\Steam\steamapps\workshop\content\294100\2871933948\Textures\Things\Pawn\Animal\AEXP_Pug\Pug_south.png,256,256,
5,1,11,1032,AEXP_Rattlesnake,rattlesnake,Vanilla Animals Expanded,vanillaexpanded.vanillaanimalsexpanded,353,,AEXP_Rattlesnake,Vanilla Animals Expanded,1,2,3,Things/Pawn/Animal/AEXP_Rattlesnake/Rattlesnake,_south,C:\Program Files (x86)\Steam\steamapps\workshop\content\294100\2871933948\Textures\Things\Pawn\Animal\AEXP_Rattlesnake\Rattlesnake_south.png,256,256,
5,1,12,1033,AEXP_RedPanda,red panda,Vanilla Animals Expanded,vanillaexpanded.vanillaanimalsexpanded,353,,AEXP_RedPanda,Vanilla Animals Expanded,1,2,3,Things/Pawn/Animal/AEXP_RedPanda/RedPanda,_south,C:\Program Files (x86)\Steam\steamapps\workshop\content\294100\2871933948\Textures\Things\Pawn\Animal\AEXP_RedPanda\RedPanda_south.png,256,256,
5,1,13,1034,AEXP_Rottweiler,rottweiler,Vanilla Animals Expanded,vanillaexpanded.vanillaanimalsexpanded,353,,AEXP_Rottweiler,Vanilla Animals Expanded,1,2,3,Things/Pawn/Animal/AEXP_Rottweiler/Rottweiler,_south,C:\Program Files (x86)\Steam\steamapps\workshop\content\294100\2871933948\Textures\Things\Pawn\Animal\AEXP_Rottweiler\Rottweiler_south.png,256,256,
5,2,0,1035,AEXP_Shih-Tzu,shih-tzu,Vanilla Animals Expanded,vanillaexpanded.vanillaanimalsexpanded,353,,AEXP_Shih-Tzu,Vanilla Animals Expanded,1,2,3,Things/Pawn/Animal/AEXP_ShihTzu/ShihTzu,_south,C:\Program Files (x86)\Steam\steamapps\workshop\content\294100\2871933948\Textures\Things\Pawn\Animal\AEXP_ShihTzu\ShihTzu_south.png,256,256,
5,2,1,1036,AEXP_Tapir,tapir,Vanilla Animals Expanded,vanillaexpanded.vanillaanimalsexpanded,353,,AEXP_Tapir,Vanilla Animals Expanded,1,2,3,Things/Pawn/Animal/AEXP_Tapir/Tapir,_south,C:\Program Files (x86)\Steam\steamapps\workshop\content\294100\2871933948\Textures\Things\Pawn\Animal\AEXP_Tapir\Tapir_south.png,256,256,
5,2,2,1037,AEXP_WelshTerrier,welsh terrier,Vanilla Animals Expanded,vanillaexpanded.vanillaanimalsexpanded,353,,AEXP_WelshTerrier,Vanilla Animals Expanded,1,2,3,Things/Pawn/Animal/AEXP_WelshTerrier/WelshTerrier,_south,C:\Program Files (x86)\Steam\steamapps\workshop\content\294100\2871933948\Textures\Things\Pawn\Animal\AEXP_WelshTerrier\WelshTerrier_south.png,256,256,
5,2,3,1038,AEXP_WildGoose,wild goose,Vanilla Animals Expanded,vanillaexpanded.vanillaanimalsexpanded,353,,AEXP_WildGoose,Vanilla Animals Expanded,1,2,3,Things/Pawn/Animal/AEXP_WildGoose/WildGoose,_south,C:\Program Files (x86)\Steam\steamapps\workshop\content\294100\2871933948\Textures\Things\Pawn\Animal\AEXP_WildGoose\WildGoose_south.png,256,256,
5,2,4,1039,AEXP_Wildebeest,wildebeest,Vanilla Animals Expanded,vanillaexpanded.vanillaanimalsexpanded,353,,AEXP_Wildebeest,Vanilla Animals Expanded,1,2,3,Things/Pawn/Animal/AEXP_Wildebeest/Wildebeest,_south,C:\Program Files (x86)\Steam\steamapps\workshop\content\294100\2871933948\Textures\Things\Pawn\Animal\AEXP_Wildebeest\Wildebeest_south.png,256,256,
5,2,5,1040,AEXP_Zebra,zebra,Vanilla Animals Expanded,vanillaexpanded.vanillaanimalsexpanded,353,,AEXP_Zebra,Vanilla Animals Expanded,1,2,3,Things/Pawn/Animal/AEXP_Zebra/Zebra,_south,C:\Program Files (x86)\Steam\steamapps\workshop\content\294100\2871933948\Textures\Things\Pawn\Animal\AEXP_Zebra\Zebra_south.png,256,256,
5,2,6,1042,VAEWaste_Hydra,hydra,Vanilla Animals Expanded — Waste Animals,vanillaexpanded.vaewaste,354,,VAEWaste_Hydra,Vanilla Animals Expanded — Waste Animals,1,2,3,Things/Pawn/Animal/Hydra/Hydra,_south,C:\Program Files (x86)\Steam\steamapps\workshop\content\294100\2962126499\Textures\Things\Pawn\Animal\Hydra\Hydra_south.png,256,256,
5,2,7,1043,VAEWaste_Megatardi,megatardi,Vanilla Animals Expanded — Waste Animals,vanillaexpanded.vaewaste,354,,VAEWaste_Megatardi,Vanilla Animals Expanded — Waste Animals,1,2,3,Things/Pawn/Animal/Megatardi/Megatardi,_south,C:\Program Files (x86)\Steam\steamapps\workshop\content\294100\2962126499\Textures\Things\Pawn\Animal\Megatardi\Megatardi_south.png,384,384,
5,2,8,1044,VAEWaste_Pestigator,pestigator,Vanilla Animals Expanded — Waste Animals,vanillaexpanded.vaewaste,354,,VAEWaste_Pestigator,Vanilla Animals Expanded — Waste Animals,1,2,3,Things/Pawn/Animal/Pestigator/Pestigator,_south,C:\Program Files (x86)\Steam\steamapps\workshop\content\294100\2962126499\Textures\Things\Pawn\Animal\Pestigator\Pestigator_south.png,141,485,
5,2,9,1045,VAEWaste_Toxafox,toxafox,Vanilla Animals Expanded — Waste Animals,vanillaexpanded.vaewaste,354,,VAEWaste_Toxafox,Vanilla Animals Expanded — Waste Animals,1,2,3,Things/Pawn/Animal/Toxafox/Toxafox,_south,C:\Program Files (x86)\Steam\steamapps\workshop\content\294100\2962126499\Textures\Things\Pawn\Animal\Toxafox\Toxafox_south.png,256,256,
5,2,10,1046,VAEWaste_Toxbear,toxbear,Vanilla Animals Expanded — Waste Animals,vanillaexpanded.vaewaste,354,,VAEWaste_Toxbear,Vanilla Animals Expanded — Waste Animals,1,2,3,Things/Pawn/Animal/Toxbear/Toxbear,_south,C:\Program Files (x86)\Steam\steamapps\workshop\content\294100\2962126499\Textures\Things\Pawn\Animal\Toxbear\Toxbear_south.png,163,201,
5,2,11,1047,VAEWaste_Toxiguana,toxiguana,Vanilla Animals Expanded — Waste Animals,vanillaexpanded.vaewaste,354,,VAEWaste_Toxiguana,Vanilla Animals Expanded — Waste Animals,1,2,3,Things/Pawn/Animal/Toxiguana/Toxiguana,_south,C:\Program Files (x86)\Steam\steamapps\workshop\content\294100\2962126499\Textures\Things\Pawn\Animal\Toxiguana\Toxiguana_south.png,112,195,
5,2,12,1048,VAEWaste_Toxlion,toxlion,Vanilla Animals Expanded — Waste Animals,vanillaexpanded.vaewaste,354,,VAEWaste_Toxlion,Vanilla Animals Expanded — Waste Animals,1,2,3,Things/Pawn/Animal/Toxlion/ToxlionMale,_south,C:\Program Files (x86)\Steam\steamapps\workshop\content\294100\2962126499\Textures\Things\Pawn\Animal\Toxlion\ToxlionMale_south.png,256,256,
5,2,13,1049,VAEWaste_Toxscorpion,toxscorpion,Vanilla Animals Expanded — Waste Animals,vanillaexpanded.vaewaste,354,,VAEWaste_Toxscorpion,Vanilla Animals Expanded — Waste Animals,1,2,3,Things/Pawn/Animal/Toxscorpion/Toxscorpion,_south,C:\Program Files (x86)\Steam\steamapps\workshop\content\294100\2962126499\Textures\Things\Pawn\Animal\Toxscorpion\Toxscorpion_south.png,384,384,
5,3,0,1050,VAEWaste_Wasteboar,wasteboar,Vanilla Animals Expanded — Waste Animals,vanillaexpanded.vaewaste,354,,VAEWaste_Wasteboar,Vanilla Animals Expanded — Waste Animals,1,2,3,Things/Pawn/Animal/Wasteboar/Wasteboar,_south,C:\Program Files (x86)\Steam\steamapps\workshop\content\294100\2962126499\Textures\Things\Pawn\Animal\Wasteboar\Wasteboar_south.png,256,256,
5,3,1,1051,VAEWaste_Wastedeer,wastedeer,Vanilla Animals Expanded — Waste Animals,vanillaexpanded.vaewaste,354,,VAEWaste_Wastedeer,Vanilla Animals Expanded — Waste Animals,1,2,3,Things/Pawn/Animal/Toxdeer/ToxdeerMale,_south,C:\Program Files (x86)\Steam\steamapps\workshop\content\294100\2962126499\Textures\Things\Pawn\Animal\Toxdeer\ToxdeerMale_south.png,256,256,
5,3,2,1052,VAEWaste_Wasteffalo,wasteffalo,Vanilla Animals Expanded — Waste Animals,vanillaexpanded.vaewaste,354,,VAEWaste_Wasteffalo,Vanilla Animals Expanded — Waste Animals,1,2,3,Things/Pawn/Animal/Wasteffalo/Wasteffalo,_south,C:\Program Files (x86)\Steam\steamapps\workshop\content\294100\2962126499\Textures\Things\Pawn\Animal\Wasteffalo\Wasteffalo_south.png,512,512,
5,3,3,1054,VFEI2_Acidspitter,acidspitter,Vanilla Factions Expanded - Insectoids 2,oskarpotocki.vfe.insectoid2,361,,VFEI2_Acidspitter,Vanilla Factions Expanded - Insectoids 2,1,2,3,Things/Pawn/Animal/Acidspitter/Acidspitter,_south,C:\Program Files (x86)\Steam\steamapps\workshop\content\294100\3309003431\Textures\Things\Pawn\Animal\Acidspitter\Acidspitter_south.png,152,206,
5,3,4,1055,VFEI2_Boomtick,boomtick,Vanilla Factions Expanded - Insectoids 2,oskarpotocki.vfe.insectoid2,361,,VFEI2_Boomtick,Vanilla Factions Expanded - Insectoids 2,1,2,3,Things/Pawn/Animal/Boomtick/Boomtick,_south,C:\Program Files (x86)\Steam\steamapps\workshop\content\294100\3309003431\Textures\Things\Pawn\Animal\Boomtick\Boomtick_south.png,110,159,
5,3,5,1056,VFEI2_Durapod,durapod,Vanilla Factions Expanded - Insectoids 2,oskarpotocki.vfe.insectoid2,361,,VFEI2_Durapod,Vanilla Factions Expanded - Insectoids 2,1,2,3,Things/Pawn/Animal/Durapod/Durapod,_south,C:\Program Files (x86)\Steam\steamapps\workshop\content\294100\3309003431\Textures\Things\Pawn\Animal\Durapod\Durapod_south.png,122,213,
5,3,6,1057,VFEI2_Empress,empress,Vanilla Factions Expanded - Insectoids 2,oskarpotocki.vfe.insectoid2,361,,VFEI2_Empress,Vanilla Factions Expanded - Insectoids 2,1,2,3,Things/Pawn/Animal/Empress/Empress,_south,C:\Program Files (x86)\Steam\steamapps\workshop\content\294100\3309003431\Textures\Things\Pawn\Animal\Empress\Empress_south.png,252,398,
5,3,7,1058,VFEI2_Fuelmite,fuelmite,Vanilla Factions Expanded - Insectoids 2,oskarpotocki.vfe.insectoid2,361,,VFEI2_Fuelmite,Vanilla Factions Expanded - Insectoids 2,1,2,3,Things/Pawn/Animal/Fuelmite/Fuelmite,_south,C:\Program Files (x86)\Steam\steamapps\workshop\content\294100\3309003431\Textures\Things\Pawn\Animal\Fuelmite\Fuelmite_south.png,149,183,
5,3,8,1059,VFEI2_Gigalocust,gigalocust,Vanilla Factions Expanded - Insectoids 2,oskarpotocki.vfe.insectoid2,361,,VFEI2_Gigalocust,Vanilla Factions Expanded - Insectoids 2,1,2,3,Things/Pawn/Animal/Gigalocust/Gigalocust,_south,C:\Program Files (x86)\Steam\steamapps\workshop\content\294100\3309003431\Textures\Things\Pawn\Animal\Gigalocust\Gigalocust_south.png,204,237,
5,3,9,1060,VFEI2_Gigamite,gigamite,Vanilla Factions Expanded - Insectoids 2,oskarpotocki.vfe.insectoid2,361,,VFEI2_Gigamite,Vanilla Factions Expanded - Insectoids 2,1,2,3,Things/Pawn/Animal/Gigamite/Gigamite,_south,C:\Program Files (x86)\Steam\steamapps\workshop\content\294100\3309003431\Textures\Things\Pawn\Animal\Gigamite\Gigamite_south.png,314,470,
5,3,10,1061,VFEI2_Hellbeetle,hellbeetle,Vanilla Factions Expanded - Insectoids 2,oskarpotocki.vfe.insectoid2,361,,VFEI2_Hellbeetle,Vanilla Factions Expanded - Insectoids 2,1,2,3,Things/Pawn/Animal/Hellbeetle/Hellbeetle,_south,C:\Program Files (x86)\Steam\steamapps\workshop\content\294100\3309003431\Textures\Things\Pawn\Animal\Hellbeetle\Hellbeetle_south.png,126,194,
5,3,11,1062,VFEI2_Ironclad,ironclad,Vanilla Factions Expanded - Insectoids 2,oskarpotocki.vfe.insectoid2,361,,VFEI2_Ironclad,Vanilla Factions Expanded - Insectoids 2,1,2,3,Things/Pawn/Animal/Ironclad/Ironclad,_south,C:\Program Files (x86)\Steam\steamapps\workshop\content\294100\3309003431\Textures\Things\Pawn\Animal\Ironclad\Ironclad_south.png,196,216,
5,3,12,1063,VFEI2_Macrofly,macrofly,Vanilla Factions Expanded - Insectoids 2,oskarpotocki.vfe.insectoid2,361,,VFEI2_Macrofly,Vanilla Factions Expanded - Insectoids 2,1,2,3,Things/Pawn/Animal/Macrofly/Macrofly,_south,C:\Program Files (x86)\Steam\steamapps\workshop\content\294100\3309003431\Textures\Things\Pawn\Animal\Macrofly\Macrofly_south.png,132,205,
5,3,13,1064,VFEI2_Megapede,megapede,Vanilla Factions Expanded - Insectoids 2,oskarpotocki.vfe.insectoid2,361,,VFEI2_Megapede,Vanilla Factions Expanded - Insectoids 2,1,2,3,Things/Pawn/Animal/Megapede/Megapede,_south,C:\Program Files (x86)\Steam\steamapps\workshop\content\294100\3309003431\Textures\Things\Pawn\Animal\Megapede\Megapede_south.png,176,222,
5,4,0,1065,VFEI2_Megathrips,megathrips,Vanilla Factions Expanded - Insectoids 2,oskarpotocki.vfe.insectoid2,361,,VFEI2_Megathrips,Vanilla Factions Expanded - Insectoids 2,1,2,3,Things/Pawn/Animal/Megathrips/Megathrips,_south,C:\Program Files (x86)\Steam\steamapps\workshop\content\294100\3309003431\Textures\Things\Pawn\Animal\Megathrips\Megathrips_south.png,114,156,
5,4,1,1066,VFEI2_Megawasp,megawasp,Vanilla Factions Expanded - Insectoids 2,oskarpotocki.vfe.insectoid2,361,,VFEI2_Megawasp,Vanilla Factions Expanded - Insectoids 2,1,2,3,Things/Pawn/Animal/Megawasp/Megawasp,_south,C:\Program Files (x86)\Steam\steamapps\workshop\content\294100\3309003431\Textures\Things\Pawn\Animal\Megawasp\Megawasp_south.png,140,220,
5,4,2,1067,VFEI2_Patriarch,patriarch,Vanilla Factions Expanded - Insectoids 2,oskarpotocki.vfe.insectoid2,361,,VFEI2_Patriarch,Vanilla Factions Expanded - Insectoids 2,1,2,3,Things/Pawn/Animal/Patriarch/Patriarch,_south,C:\Program Files (x86)\Steam\steamapps\workshop\content\294100\3309003431\Textures\Things\Pawn\Animal\Patriarch\Patriarch_south.png,398,417,
5,4,3,1068,VFEI2_Queen,insectoid queen,Vanilla Factions Expanded - Insectoids 2,oskarpotocki.vfe.insectoid2,361,,VFEI2_Queen,Vanilla Factions Expanded - Insectoids 2,1,2,3,Things/Pawn/Animal/InsectoidQueen/InsectoidQueen,_south,C:\Program Files (x86)\Steam\steamapps\workshop\content\294100\3309003431\Textures\Things\Pawn\Animal\InsectoidQueen\InsectoidQueen_south.png,138,212,
5,4,4,1069,VFEI2_RoyalMegascarab,royal megascarab,Vanilla Factions Expanded - Insectoids 2,oskarpotocki.vfe.insectoid2,361,,VFEI2_RoyalMegascarab,Vanilla Factions Expanded - Insectoids 2,1,2,3,Things/Pawn/Animal/RoyalMegascarab/RoyalMegascarab,_south,C:\Program Files (x86)\Steam\steamapps\workshop\content\294100\3309003431\Textures\Things\Pawn\Animal\RoyalMegascarab\RoyalMegascarab_south.png,112,177,
5,4,5,1070,VFEI2_RoyalMegaspider,royal megaspider,Vanilla Factions Expanded - Insectoids 2,oskarpotocki.vfe.insectoid2,361,,VFEI2_RoyalMegaspider,Vanilla Factions Expanded - Insectoids 2,1,2,3,Things/Pawn/Animal/RoyalMegaspider/RoyalMegaspider,_south,C:\Program Files (x86)\Steam\steamapps\workshop\content\294100\3309003431\Textures\Things\Pawn\Animal\RoyalMegaspider\RoyalMegaspider_south.png,138,199,
5,4,6,1071,VFEI2_RoyalSpelopede,royal spelopede,Vanilla Factions Expanded - Insectoids 2,oskarpotocki.vfe.insectoid2,361,,VFEI2_RoyalSpelopede,Vanilla Factions Expanded - Insectoids 2,1,2,3,Things/Pawn/Animal/RoyalSpelopede/RoyalSpelopede,_south,C:\Program Files (x86)\Steam\steamapps\workshop\content\294100\3309003431\Textures\Things\Pawn\Animal\RoyalSpelopede\RoyalSpelopede_south.png,104,215,
5,4,7,1072,VFEI2_Silverfish,silverfish,Vanilla Factions Expanded - Insectoids 2,oskarpotocki.vfe.insectoid2,361,,VFEI2_Silverfish,Vanilla Factions Expanded - Insectoids 2,1,2,3,Things/Pawn/Animal/Silverfish/Silverfish,_south,C:\Program Files (x86)\Steam\steamapps\workshop\content\294100\3309003431\Textures\Things\Pawn\Animal\Silverfish\Silverfish_south.png,424,208,
5,4,8,1073,VFEI2_Swarmling,swarmlings,Vanilla Factions Expanded - Insectoids 2,oskarpotocki.vfe.insectoid2,361,,VFEI2_Swarmling,Vanilla Factions Expanded - Insectoids 2,1,2,3,Things/Pawn/Animal/Swarmling/Swarmling,_south,C:\Program Files (x86)\Steam\steamapps\workshop\content\294100\3309003431\Textures\Things\Pawn\Animal\Swarmling\Swarmling_south.png,54,85,
5,4,9,1074,VFEI2_Tankroach,tankroach,Vanilla Factions Expanded - Insectoids 2,oskarpotocki.vfe.insectoid2,361,,VFEI2_Tankroach,Vanilla Factions Expanded - Insectoids 2,1,2,3,Things/Pawn/Animal/Tankroach/Tankroach,_south,C:\Program Files (x86)\Steam\steamapps\workshop\content\294100\3309003431\Textures\Things\Pawn\Animal\Tankroach\Tankroach_south.png,180,207,
5,4,10,1075,VFEI2_Teramantis,teramantis,Vanilla Factions Expanded - Insectoids 2,oskarpotocki.vfe.insectoid2,361,,VFEI2_Teramantis,Vanilla Factions Expanded - Insectoids 2,1,2,3,Things/Pawn/Animal/Teramantis/Teramantis,_south,C:\Program Files (x86)\Steam\steamapps\workshop\content\294100\3309003431\Textures\Things\Pawn\Animal\Teramantis\Teramantis_south.png,180,370,
5,4,11,1076,VFEI2_Titantick,titantick,Vanilla Factions Expanded - Insectoids 2,oskarpotocki.vfe.insectoid2,361,,VFEI2_Titantick,Vanilla Factions Expanded - Insectoids 2,1,2,3,Things/Pawn/Animal/Titantick/Titantick,_south,C:\Program Files (x86)\Steam\steamapps\workshop\content\294100\3309003431\Textures\Things\Pawn\Animal\Titantick\Titantick_south.png,356,425,
5,4,12,1077,VFEI2_Venomite,venomite,Vanilla Factions Expanded - Insectoids 2,oskarpotocki.vfe.insectoid2,361,,VFEI2_Venomite,Vanilla Factions Expanded - Insectoids 2,1,2,3,Things/Pawn/Animal/Venomite/Venomite,_south,C:\Program Files (x86)\Steam\steamapps\workshop\content\294100\3309003431\Textures\Things\Pawn\Animal\Venomite\Venomite_south.png,106,217,
5,4,13,1079,GR_AberrantFleshbeast,aberrant fleshbeast,Vanilla Genetics Expanded,vanillaexpanded.vgeneticse,527,,GR_AberrantFleshbeast,Vanilla Genetics Expanded,1,0,1,Things/Pawn/Animal/Failures/AberrantFleshbeast/Fleshbeast,_south,C:\Program Files (x86)\Steam\steamapps\workshop\content\294100\2801160906\Textures\Things\Pawn\Animal\Failures\AberrantFleshbeast\Fleshbeast_south.png,256,256,
5,5,0,1080,GR_AnimusHare,animus hare,Vanilla Genetics Expanded,vanillaexpanded.vgeneticse,527,,GR_AnimusHare,Vanilla Genetics Expanded,1,2,3,Things/Pawn/Animal/AlphaAnimals/Rodent/GR_AnimusHare,_south,C:\Program Files (x86)\Steam\steamapps\workshop\content\294100\2801160906\Textures\Things\Pawn\Animal\AlphaAnimals\Rodent\GR_AnimusHare_south.png,133,133,
5,5,1,1081,GR_ArchotechCentipede,archocentipede,Vanilla Genetics Expanded,vanillaexpanded.vgeneticse,527,,GR_ArchotechCentipede,Vanilla Genetics Expanded,1,0,1,Things/Pawn/Animal/Mechanoid/Archotech/GR_ArchotechCentipede,_south,C:\Program Files (x86)\Steam\steamapps\workshop\content\294100\2801160906\Textures\Things\Pawn\Animal\Mechanoid\Archotech\GR_ArchotechCentipede_south.png,256,256,
5,5,2,1082,GR_BearBug,bear bug,Vanilla Genetics Expanded,vanillaexpanded.vgeneticse,527,,GR_BearBug,Vanilla Genetics Expanded,1,2,3,Things/Pawn/Animal/AlphaAnimals/Bear/GR_BearBug,_south,C:\Program Files (x86)\Steam\steamapps\workshop\content\294100\2801160906\Textures\Things\Pawn\Animal\AlphaAnimals\Bear\GR_BearBug_south.png,134,131,
5,5,3,1083,GR_Bearalope,bearalope,Vanilla Genetics Expanded,vanillaexpanded.vgeneticse,527,,GR_Bearalope,Vanilla Genetics Expanded,1,2,3,Things/Pawn/Animal/Ursine/Bearalope/Bearalope,_south,C:\Program Files (x86)\Steam\steamapps\workshop\content\294100\2801160906\Textures\Things\Pawn\Animal\Ursine\Bearalope\Bearalope_south.png,256,256,
5,5,4,1084,GR_Bearcat,bearcat,Vanilla Genetics Expanded,vanillaexpanded.vgeneticse,527,,GR_Bearcat,Vanilla Genetics Expanded,1,2,3,Things/Pawn/Animal/Ursine/Bearcat/GR_Bearcat,_south,C:\Program Files (x86)\Steam\steamapps\workshop\content\294100\2801160906\Textures\Things\Pawn\Animal\Ursine\Bearcat\GR_Bearcat_south.png,256,256,
5,5,5,1085,GR_Bearchicken,bearchicken,Vanilla Genetics Expanded,vanillaexpanded.vgeneticse,527,,GR_Bearchicken,Vanilla Genetics Expanded,1,2,3,Things/Pawn/Animal/Ursine/Bearchicken/Bearchicken,_south,C:\Program Files (x86)\Steam\steamapps\workshop\content\294100\2801160906\Textures\Things\Pawn\Animal\Ursine\Bearchicken\Bearchicken_south.png,256,256,
5,5,6,1086,GR_Bearffalo,bearffalo,Vanilla Genetics Expanded,vanillaexpanded.vgeneticse,527,,GR_Bearffalo,Vanilla Genetics Expanded,1,2,3,Things/Pawn/Animal/Ursine/Bearffalo/Bearffalo,_south,C:\Program Files (x86)\Steam\steamapps\workshop\content\294100\2801160906\Textures\Things\Pawn\Animal\Ursine\Bearffalo\Bearffalo_south.png,256,256,
5,5,7,1087,GR_Bearhorse,bearhorse,Vanilla Genetics Expanded,vanillaexpanded.vgeneticse,527,,GR_Bearhorse,Vanilla Genetics Expanded,1,2,3,Things/Pawn/Animal/Equine/Bearhorse/GR_Bearhorse,_south,C:\Program Files (x86)\Steam\steamapps\workshop\content\294100\2801160906\Textures\Things\Pawn\Animal\Equine\Bearhorse\GR_Bearhorse_south.png,136,207,
5,5,8,1088,GR_Bearman,bearman,Vanilla Genetics Expanded,vanillaexpanded.vgeneticse,527,,GR_Bearman,Vanilla Genetics Expanded,1,2,3,Things/Pawn/Animal/Ursine/Bearman/GR_Bearman1,_south,C:\Program Files (x86)\Steam\steamapps\workshop\content\294100\2801160906\Textures\Things\Pawn\Animal\Ursine\Bearman\GR_Bearman1_south.png,140,155,
5,5,9,1089,GR_Bearmole,bearmole,Vanilla Genetics Expanded,vanillaexpanded.vgeneticse,527,,GR_Bearmole,Vanilla Genetics Expanded,1,2,3,Things/Pawn/Animal/Ursine/Bearmole/Bearmole,_south,C:\Program Files (x86)\Steam\steamapps\workshop\content\294100\2801160906\Textures\Things\Pawn\Animal\Ursine\Bearmole\Bearmole_south.png,256,256,
5,5,10,1090,GR_Bearodile,bearodile,Vanilla Genetics Expanded,vanillaexpanded.vgeneticse,527,,GR_Bearodile,Vanilla Genetics Expanded,1,2,3,Things/Pawn/Animal/Reptile/Bearodile/Bearodile,_south,C:\Program Files (x86)\Steam\steamapps\workshop\content\294100\2801160906\Textures\Things\Pawn\Animal\Reptile\Bearodile\Bearodile_south.png,256,256,
5,5,11,1091,GR_Bearscarab,bearscarab,Vanilla Genetics Expanded,vanillaexpanded.vgeneticse,527,,GR_Bearscarab,Vanilla Genetics Expanded,1,0,1,Things/Pawn/Animal/Insectoid/Bearscarab/Bearscarab,_south,C:\Program Files (x86)\Steam\steamapps\workshop\content\294100\2801160906\Textures\Things\Pawn\Animal\Insectoid\Bearscarab\Bearscarab_south.png,256,256,
5,5,12,1092,GR_Bearwolf,bearwolf,Vanilla Genetics Expanded,vanillaexpanded.vgeneticse,527,,GR_Bearwolf,Vanilla Genetics Expanded,1,2,3,Things/Pawn/Animal/Ursine/Bearwolf/Bearwolf,_south,C:\Program Files (x86)\Steam\steamapps\workshop\content\294100\2801160906\Textures\Things\Pawn\Animal\Ursine\Bearwolf\Bearwolf_south.png,256,256,
5,5,13,1093,GR_Beaverwolf,beaverwolf,Vanilla Genetics Expanded,vanillaexpanded.vgeneticse,527,,GR_Beaverwolf,Vanilla Genetics Expanded,1,2,3,Things/Pawn/Animal/Rodent/Beaverwolf/GR_Beaverwolf,_south,C:\Program Files (x86)\Steam\steamapps\workshop\content\294100\2801160906\Textures\Things\Pawn\Animal\Rodent\Beaverwolf\GR_Beaverwolf_south.png,256,256,
5,6,0,1094,GR_Beetlefleet,beetlefleet,Vanilla Genetics Expanded,vanillaexpanded.vgeneticse,527,,GR_Beetlefleet,Vanilla Genetics Expanded,1,2,3,Things/Pawn/Animal/AlphaAnimals/Insectoid/GR_Beetlefleet,_south,C:\Program Files (x86)\Steam\steamapps\workshop\content\294100\2801160906\Textures\Things\Pawn\Animal\AlphaAnimals\Insectoid\GR_Beetlefleet_south.png,148,248,
5,6,1,1095,GR_Boomabear,boomabear,Vanilla Genetics Expanded,vanillaexpanded.vgeneticse,527,,GR_Boomabear,Vanilla Genetics Expanded,1,2,3,Things/Pawn/Animal/Boomalope/Boomabear/Boomabear,_south,C:\Program Files (x86)\Steam\steamapps\workshop\content\294100\2801160906\Textures\Things\Pawn\Animal\Boomalope\Boomabear\Boomabear_south.png,256,256,
5,6,2,1096,GR_Boomachicken,boomachicken,Vanilla Genetics Expanded,vanillaexpanded.vgeneticse,527,,GR_Boomachicken,Vanilla Genetics Expanded,1,2,3,Things/Pawn/Animal/Boomalope/Boomachicken/Boomachicken,_south,C:\Program Files (x86)\Steam\steamapps\workshop\content\294100\2801160906\Textures\Things\Pawn\Animal\Boomalope\Boomachicken\Boomachicken_south.png,256,256,
5,6,3,1097,GR_Boomalisk,boomalisk,Vanilla Genetics Expanded,vanillaexpanded.vgeneticse,527,,GR_Boomalisk,Vanilla Genetics Expanded,1,2,3,Things/Pawn/Animal/AlphaAnimals/Boomalope/GR_Boomalisk,_south,C:\Program Files (x86)\Steam\steamapps\workshop\content\294100\2801160906\Textures\Things\Pawn\Animal\AlphaAnimals\Boomalope\GR_Boomalisk_south.png,110,179,
5,6,4,1098,GR_Booman,booman,Vanilla Genetics Expanded,vanillaexpanded.vgeneticse,527,,GR_Booman,Vanilla Genetics Expanded,1,2,3,Things/Pawn/Animal/Boomalope/Booman/GR_Booman,_south,C:\Program Files (x86)\Steam\steamapps\workshop\content\294100\2801160906\Textures\Things\Pawn\Animal\Boomalope\Booman\GR_Booman_south.png,122,172,
5,6,5,1099,GR_Boombeetle,boombeetle,Vanilla Genetics Expanded,vanillaexpanded.vgeneticse,527,,GR_Boombeetle,Vanilla Genetics Expanded,1,0,1,Things/Pawn/Animal/Insectoid/Boombeetle/Boombeetle,_south,C:\Program Files (x86)\Steam\steamapps\workshop\content\294100\2801160906\Textures\Things\Pawn\Animal\Insectoid\Boombeetle\Boombeetle_south.png,256,256,
5,6,6,1100,GR_Boomcat,boomcat,Vanilla Genetics Expanded,vanillaexpanded.vgeneticse,527,,GR_Boomcat,Vanilla Genetics Expanded,1,2,3,Things/Pawn/Animal/Boomalope/Boomacat/GR_Boomacat,_south,C:\Program Files (x86)\Steam\steamapps\workshop\content\294100\2801160906\Textures\Things\Pawn\Animal\Boomalope\Boomacat\GR_Boomacat_south.png,256,256,
5,6,7,1101,GR_Boomffalo,boomffalo,Vanilla Genetics Expanded,vanillaexpanded.vgeneticse,527,,GR_Boomffalo,Vanilla Genetics Expanded,1,2,3,Things/Pawn/Animal/Boomalope/Boomffalo/Boomffalo,_south,C:\Program Files (x86)\Steam\steamapps\workshop\content\294100\2801160906\Textures\Things\Pawn\Animal\Boomalope\Boomffalo\Boomffalo_south.png,136,180,
5,6,8,1102,GR_Boomhorse,boomhorse,Vanilla Genetics Expanded,vanillaexpanded.vgeneticse,527,,GR_Boomhorse,Vanilla Genetics Expanded,1,2,3,Things/Pawn/Animal/Equine/Boomhorse/GR_Boomhorse,_south,C:\Program Files (x86)\Steam\steamapps\workshop\content\294100\2801160906\Textures\Things\Pawn\Animal\Equine\Boomhorse\GR_Boomhorse_south.png,101,180,
5,6,9,1103,GR_Boomnotherium,boomnotherium,Vanilla Genetics Expanded,vanillaexpanded.vgeneticse,527,,GR_Boomnotherium,Vanilla Genetics Expanded,1,2,3,Things/Pawn/Animal/Megafauna/Boomalope/GR_Boomnotherium,_south,C:\Program Files (x86)\Steam\steamapps\workshop\content\294100\2801160906\Textures\Things\Pawn\Animal\Megafauna\Boomalope\GR_Boomnotherium_south.png,127,160,
5,6,10,1104,GR_Boomsnake,boomsnake,Vanilla Genetics Expanded,vanillaexpanded.vgeneticse,527,,GR_Boomsnake,Vanilla Genetics Expanded,1,2,3,Things/Pawn/Animal/Reptile/Boomsnake/Boomsnake,_south,C:\Program Files (x86)\Steam\steamapps\workshop\content\294100\2801160906\Textures\Things\Pawn\Animal\Reptile\Boomsnake\Boomsnake_south.png,256,256,
5,6,11,1105,GR_Boomsquirrel,boomsquirrel,Vanilla Genetics Expanded,vanillaexpanded.vgeneticse,527,,GR_Boomsquirrel,Vanilla Genetics Expanded,1,2,3,Things/Pawn/Animal/Boomalope/Boomsquirrel/Boomsquirrel,_south,C:\Program Files (x86)\Steam\steamapps\workshop\content\294100\2801160906\Textures\Things\Pawn\Animal\Boomalope\Boomsquirrel\Boomsquirrel_south.png,256,256,
5,6,12,1106,GR_Boomwolf,boomwolf,Vanilla Genetics Expanded,vanillaexpanded.vgeneticse,527,,GR_Boomwolf,Vanilla Genetics Expanded,1,2,3,Things/Pawn/Animal/Boomalope/Boomwolf/Boomwolf,_south,C:\Program Files (x86)\Steam\steamapps\workshop\content\294100\2801160906\Textures\Things\Pawn\Animal\Boomalope\Boomwolf\Boomwolf_south.png,256,256,
5,6,13,1107,GR_Catalope,catalope,Vanilla Genetics Expanded,vanillaexpanded.vgeneticse,527,,GR_Catalope,Vanilla Genetics Expanded,1,2,3,Things/Pawn/Animal/Feline/Catalope/GR_Catalope,_south,C:\Program Files (x86)\Steam\steamapps\workshop\content\294100\2801160906\Textures\Things\Pawn\Animal\Feline\Catalope\GR_Catalope_south.png,256,256,
5,7,0,1108,GR_Catbear,catbear,Vanilla Genetics Expanded,vanillaexpanded.vgeneticse,527,,GR_Catbear,Vanilla Genetics Expanded,1,2,3,Things/Pawn/Animal/Feline/Catbear/GR_Catbear,_south,C:\Program Files (x86)\Steam\steamapps\workshop\content\294100\2801160906\Textures\Things\Pawn\Animal\Feline\Catbear\GR_Catbear_south.png,256,256,
5,7,1,1109,GR_Catchicken,catchicken,Vanilla Genetics Expanded,vanillaexpanded.vgeneticse,527,,GR_Catchicken,Vanilla Genetics Expanded,1,2,3,Things/Pawn/Animal/Feline/Catchicken/GR_Catchicken,_south,C:\Program Files (x86)\Steam\steamapps\workshop\content\294100\2801160906\Textures\Things\Pawn\Animal\Feline\Catchicken\GR_Catchicken_south.png,256,256,
5,7,2,1110,GR_Catffalo,catffalo,Vanilla Genetics Expanded,vanillaexpanded.vgeneticse,527,,GR_Catffalo,Vanilla Genetics Expanded,1,2,3,Things/Pawn/Animal/Feline/Catffalo/GR_Catffalo,_south,C:\Program Files (x86)\Steam\steamapps\workshop\content\294100\2801160906\Textures\Things\Pawn\Animal\Feline\Catffalo\GR_Catffalo_south.png,256,256,
5,7,3,1111,GR_Cathorse,cathorse,Vanilla Genetics Expanded,vanillaexpanded.vgeneticse,527,,GR_Cathorse,Vanilla Genetics Expanded,1,2,3,Things/Pawn/Animal/Equine/Cathorse/GR_Cathorse,_south,C:\Program Files (x86)\Steam\steamapps\workshop\content\294100\2801160906\Textures\Things\Pawn\Animal\Equine\Cathorse\GR_Cathorse_south.png,94,197,
5,7,4,1112,GR_Catman,catman,Vanilla Genetics Expanded,vanillaexpanded.vgeneticse,527,,GR_Catman,Vanilla Genetics Expanded,1,2,3,Things/Pawn/Animal/Feline/Catman/GR_Catman,_south,C:\Program Files (x86)\Steam\steamapps\workshop\content\294100\2801160906\Textures\Things\Pawn\Animal\Feline\Catman\GR_Catman_south.png,76,222,
5,7,5,1113,GR_Catrabbit,catrabbit,Vanilla Genetics Expanded,vanillaexpanded.vgeneticse,527,,GR_Catrabbit,Vanilla Genetics Expanded,1,2,3,Things/Pawn/Animal/Feline/Catrabbit/GR_Catrabbit,_south,C:\Program Files (x86)\Steam\steamapps\workshop\content\294100\2801160906\Textures\Things\Pawn\Animal\Feline\Catrabbit\GR_Catrabbit_south.png,256,256,
5,7,6,1114,GR_Catwolf,catwolf,Vanilla Genetics Expanded,vanillaexpanded.vgeneticse,527,,GR_Catwolf,Vanilla Genetics Expanded,1,2,3,Things/Pawn/Animal/Feline/Catwolf/GR_Catwolf,_south,C:\Program Files (x86)\Steam\steamapps\workshop\content\294100\2801160906\Textures\Things\Pawn\Animal\Feline\Catwolf\GR_Catwolf_south.png,256,256,
5,7,7,1115,GR_Chickenbear,chickenbear,Vanilla Genetics Expanded,vanillaexpanded.vgeneticse,527,,GR_Chickenbear,Vanilla Genetics Expanded,1,2,3,Things/Pawn/Animal/Avian/Chickenbear/Chickenbear,_south,C:\Program Files (x86)\Steam\steamapps\workshop\content\294100\2801160906\Textures\Things\Pawn\Animal\Avian\Chickenbear\Chickenbear_south.png,184,195,
5,7,8,1116,GR_Chickencat,chickencat,Vanilla Genetics Expanded,vanillaexpanded.vgeneticse,527,,GR_Chickencat,Vanilla Genetics Expanded,1,2,3,Things/Pawn/Animal/Avian/Chickencat/GR_Chickencat,_south,C:\Program Files (x86)\Steam\steamapps\workshop\content\294100\2801160906\Textures\Things\Pawn\Animal\Avian\Chickencat\GR_Chickencat_south.png,184,195,
5,7,9,1117,GR_Chickenffalo,chickenffalo,Vanilla Genetics Expanded,vanillaexpanded.vgeneticse,527,,GR_Chickenffalo,Vanilla Genetics Expanded,1,2,3,Things/Pawn/Animal/Avian/Chickenffalo/Chickenffalo,_south,C:\Program Files (x86)\Steam\steamapps\workshop\content\294100\2801160906\Textures\Things\Pawn\Animal\Avian\Chickenffalo\Chickenffalo_south.png,184,205,
5,7,10,1118,GR_Chickenhorse,chickenhorse,Vanilla Genetics Expanded,vanillaexpanded.vgeneticse,527,,GR_Chickenhorse,Vanilla Genetics Expanded,1,2,3,Things/Pawn/Animal/Equine/Chickenhorse/GR_Chickenhorse,_south,C:\Program Files (x86)\Steam\steamapps\workshop\content\294100\2801160906\Textures\Things\Pawn\Animal\Equine\Chickenhorse\GR_Chickenhorse_south.png,165,194,
5,7,11,1119,GR_Chickenlizard,chickenlizard,Vanilla Genetics Expanded,vanillaexpanded.vgeneticse,527,,GR_Chickenlizard,Vanilla Genetics Expanded,1,2,3,Things/Pawn/Animal/Reptile/Chickenlizard/Chickenlizard,_south,C:\Program Files (x86)\Steam\steamapps\workshop\content\294100\2801160906\Textures\Things\Pawn\Animal\Reptile\Chickenlizard\Chickenlizard_south.png,256,256,
5,7,12,1120,GR_Chickenlodon,chickenlodon,Vanilla Genetics Expanded,vanillaexpanded.vgeneticse,527,,GR_Chickenlodon,Vanilla Genetics Expanded,1,2,3,Things/Pawn/Animal/Megafauna/Chicken/GR_Chickenlodon,_south,C:\Program Files (x86)\Steam\steamapps\workshop\content\294100\2801160906\Textures\Things\Pawn\Animal\Megafauna\Chicken\GR_Chickenlodon_south.png,99,204,
5,7,13,1121,GR_Chickenlope,chickenlope,Vanilla Genetics Expanded,vanillaexpanded.vgeneticse,527,,GR_Chickenlope,Vanilla Genetics Expanded,1,2,3,Things/Pawn/Animal/Avian/Chickenlope/Chickenlope,_south,C:\Program Files (x86)\Steam\steamapps\workshop\content\294100\2801160906\Textures\Things\Pawn\Animal\Avian\Chickenlope\Chickenlope_south.png,184,197,
5,8,0,1122,GR_Chickenrabbit,chickenrabbit,Vanilla Genetics Expanded,vanillaexpanded.vgeneticse,527,,GR_Chickenrabbit,Vanilla Genetics Expanded,1,2,3,Things/Pawn/Animal/Avian/Chickenrabbit/Chickenrabbit,_south,C:\Program Files (x86)\Steam\steamapps\workshop\content\294100\2801160906\Textures\Things\Pawn\Animal\Avian\Chickenrabbit\Chickenrabbit_south.png,256,256,
5,8,1,1123,GR_Chickenspider,chickenspider,Vanilla Genetics Expanded,vanillaexpanded.vgeneticse,527,,GR_Chickenspider,Vanilla Genetics Expanded,1,0,1,Things/Pawn/Animal/Insectoid/Chickenspider/Chickenspider,_south,C:\Program Files (x86)\Steam\steamapps\workshop\content\294100\2801160906\Textures\Things\Pawn\Animal\Insectoid\Chickenspider\Chickenspider_south.png,256,256,
5,8,2,1124,GR_Chickenwolf,chickenwolf,Vanilla Genetics Expanded,vanillaexpanded.vgeneticse,527,,GR_Chickenwolf,Vanilla Genetics Expanded,1,2,3,Things/Pawn/Animal/Avian/Chickenwolf/Chickenwolf,_south,C:\Program Files (x86)\Steam\steamapps\workshop\content\294100\2801160906\Textures\Things\Pawn\Animal\Avian\Chickenwolf\Chickenwolf_south.png,184,195,
5,8,3,1125,GR_Crocorse,crocorse,Vanilla Genetics Expanded,vanillaexpanded.vgeneticse,527,,GR_Crocorse,Vanilla Genetics Expanded,1,2,3,Things/Pawn/Animal/Equine/Crocorse/GR_Crocorse,_south,C:\Program Files (x86)\Steam\steamapps\workshop\content\294100\2801160906\Textures\Things\Pawn\Animal\Equine\Crocorse\GR_Crocorse_south.png,112,244,
5,8,4,1126,GR_Doedicoon,doedicoon,Vanilla Genetics Expanded,vanillaexpanded.vgeneticse,527,,GR_Doedicoon,Vanilla Genetics Expanded,1,2,3,Things/Pawn/Animal/Megafauna/Rodent/GR_Doedicoon,_south,C:\Program Files (x86)\Steam\steamapps\workshop\content\294100\2801160906\Textures\Things\Pawn\Animal\Megafauna\Rodent\GR_Doedicoon_south.png,127,110,
5,8,5,1127,GR_Dogman,dogman,Vanilla Genetics Expanded,vanillaexpanded.vgeneticse,527,,GR_Dogman,Vanilla Genetics Expanded,1,2,3,Things/Pawn/Animal/Canine/Dogman/GR_Dogman1,_south,C:\Program Files (x86)\Steam\steamapps\workshop\content\294100\2801160906\Textures\Things\Pawn\Animal\Canine\Dogman\GR_Dogman1_south.png,130,198,
5,8,6,1128,GR_Elasmobearium,elasmobearium,Vanilla Genetics Expanded,vanillaexpanded.vgeneticse,527,,GR_Elasmobearium,Vanilla Genetics Expanded,1,2,3,Things/Pawn/Animal/Megafauna/Bear/GR_Elasmobearium,_south,C:\Program Files (x86)\Steam\steamapps\workshop\content\294100\2801160906\Textures\Things\Pawn\Animal\Megafauna\Bear\GR_Elasmobearium_south.png,143,180,
5,8,7,1129,GR_FleshFlies,flesh flies,Vanilla Genetics Expanded,vanillaexpanded.vgeneticse,527,,GR_FleshFlies,Vanilla Genetics Expanded,1,0,1,Things/Pawn/Animal/Special/GR_Transparent,<bare>,C:\Program Files (x86)\Steam\steamapps\workshop\content\294100\2801160906\Textures\Things\Pawn\Animal\Special\GR_Transparent.png,,,blank_png
5,8,8,1130,GR_FleshGrowth,flesh growth,Vanilla Genetics Expanded,vanillaexpanded.vgeneticse,527,,GR_FleshGrowth,Vanilla Genetics Expanded,1,0,1,Things/Pawn/Animal/Failures/Fleshgrowth/FleshgrowthA,<bare>,C:\Program Files (x86)\Steam\steamapps\workshop\content\294100\2801160906\Textures\Things\Pawn\Animal\Failures\Fleshgrowth\FleshgrowthA.png,256,256,
5,8,9,1131,GR_FleshMonstrosity,flesh monstrosity,Vanilla Genetics Expanded,vanillaexpanded.vgeneticse,527,,GR_FleshMonstrosity,Vanilla Genetics Expanded,1,0,1,Things/Pawn/Animal/Failures/FleshMonstrosity/FleshMonstrosity,_south,C:\Program Files (x86)\Steam\steamapps\workshop\content\294100\2801160906\Textures\Things\Pawn\Animal\Failures\FleshMonstrosity\FleshMonstrosity_south.png,384,384,
5,8,10,1132,GR_Fleshling,fleshling,Vanilla Genetics Expanded,vanillaexpanded.vgeneticse,527,,GR_Fleshling,Vanilla Genetics Expanded,1,0,1,Things/Pawn/Animal/Failures/Fleshling/Fleshling,_south,C:\Program Files (x86)\Steam\steamapps\workshop\content\294100\2801160906\Textures\Things\Pawn\Animal\Failures\Fleshling\Fleshling_south.png,256,256,
5,8,11,1133,GR_Groundffalo,groundffalo,Vanilla Genetics Expanded,vanillaexpanded.vgeneticse,527,,GR_Groundffalo,Vanilla Genetics Expanded,1,2,3,Things/Pawn/Animal/AlphaAnimals/Muffalo/GR_Groundfallo,_south,C:\Program Files (x86)\Steam\steamapps\workshop\content\294100\2801160906\Textures\Things\Pawn\Animal\AlphaAnimals\Muffalo\GR_Groundfallo_south.png,152,112,
5,8,12,1134,GR_Hurseman,hurseman,Vanilla Genetics Expanded,vanillaexpanded.vgeneticse,527,,GR_Hurseman,Vanilla Genetics Expanded,1,2,3,Things/Pawn/Animal/Equine/Hurseman/GR_Hurseman1,_south,C:\Program Files (x86)\Steam\steamapps\workshop\content\294100\2801160906\Textures\Things\Pawn\Animal\Equine\Hurseman\GR_Hurseman1_south.png,102,194,
5,8,13,1135,GR_Lizardman,lizardman,Vanilla Genetics Expanded,vanillaexpanded.vgeneticse,527,,GR_Lizardman,Vanilla Genetics Expanded,1,2,3,Things/Pawn/Animal/Reptile/Lizardman/GR_Lizardman,_south,C:\Program Files (x86)\Steam\steamapps\workshop\content\294100\2801160906\Textures\Things\Pawn\Animal\Reptile\Lizardman\GR_Lizardman_south.png,98,171,
6,0,0,1136,GR_Lizardochs,lizardochs,Vanilla Genetics Expanded,vanillaexpanded.vgeneticse,527,,GR_Lizardochs,Vanilla Genetics Expanded,1,2,3,Things/Pawn/Animal/Megafauna/Reptile/GR_Lizardochs,_south,C:\Program Files (x86)\Steam\steamapps\workshop\content\294100\2801160906\Textures\Things\Pawn\Animal\Megafauna\Reptile\GR_Lizardochs_south.png,107,139,
6,0,1,1137,GR_Manalope,manalope,Vanilla Genetics Expanded,vanillaexpanded.vgeneticse,527,,GR_Manalope,Vanilla Genetics Expanded,1,2,3,Things/Pawn/Animal/Humanoid/Manalope/GR_Manalope,_south,C:\Program Files (x86)\Steam\steamapps\workshop\content\294100\2801160906\Textures\Things\Pawn\Animal\Humanoid\Manalope\GR_Manalope_south.png,88,185,
6,0,2,1138,GR_Manbear,manbear,Vanilla Genetics Expanded,vanillaexpanded.vgeneticse,527,,GR_Manbear,Vanilla Genetics Expanded,1,2,3,Things/Pawn/Animal/Humanoid/Manbear/GR_Manbear,_south,C:\Program Files (x86)\Steam\steamapps\workshop\content\294100\2801160906\Textures\Things\Pawn\Animal\Humanoid\Manbear\GR_Manbear_south.png,74,108,
6,0,3,1139,GR_Mancat,mancat,Vanilla Genetics Expanded,vanillaexpanded.vgeneticse,527,,GR_Mancat,Vanilla Genetics Expanded,1,2,3,Things/Pawn/Animal/Humanoid/Mancat/GR_Mancat,_south,C:\Program Files (x86)\Steam\steamapps\workshop\content\294100\2801160906\Textures\Things\Pawn\Animal\Humanoid\Mancat\GR_Mancat_south.png,80,118,
6,0,4,1140,GR_Manchicken,manchicken,Vanilla Genetics Expanded,vanillaexpanded.vgeneticse,527,,GR_Manchicken,Vanilla Genetics Expanded,1,2,3,Things/Pawn/Animal/Humanoid/Manchicken/GR_Manchicken,_south,C:\Program Files (x86)\Steam\steamapps\workshop\content\294100\2801160906\Textures\Things\Pawn\Animal\Humanoid\Manchicken\GR_Manchicken_south.png,130,211,
6,0,5,1141,GR_Manffalo,manffalo,Vanilla Genetics Expanded,vanillaexpanded.vgeneticse,527,,GR_Manffalo,Vanilla Genetics Expanded,1,2,3,Things/Pawn/Animal/Humanoid/Manffalo/GR_Manffalo_Male,_south,C:\Program Files (x86)\Steam\steamapps\workshop\content\294100\2801160906\Textures\Things\Pawn\Animal\Humanoid\Manffalo\GR_Manffalo_Male_south.png,134,194,
6,0,6,1142,GR_Manscarab,manscarab,Vanilla Genetics Expanded,vanillaexpanded.vgeneticse,527,,GR_Manscarab,Vanilla Genetics Expanded,1,0,1,Things/Pawn/Animal/Insectoid/Manscarab/GR_Manscarab,_south,C:\Program Files (x86)\Steam\steamapps\workshop\content\294100\2801160906\Textures\Things\Pawn\Animal\Insectoid\Manscarab\GR_Manscarab_south.png,177,201,
6,0,7,1143,GR_Mansquirrel,mansquirrel,Vanilla Genetics Expanded,vanillaexpanded.vgeneticse,527,,GR_Mansquirrel,Vanilla Genetics Expanded,1,2,3,Things/Pawn/Animal/Humanoid/Mansquirrel/GR_Mansquirrel,_south,C:\Program Files (x86)\Steam\steamapps\workshop\content\294100\2801160906\Textures\Things\Pawn\Animal\Humanoid\Mansquirrel\GR_Mansquirrel_south.png,88,131,
6,0,8,1144,GR_Mantistanis,mantistanis,Vanilla Genetics Expanded,vanillaexpanded.vgeneticse,527,,GR_Mantistanis,Vanilla Genetics Expanded,1,2,3,Things/Pawn/Animal/Megafauna/Insectoid/GR_Mantistanis,_south,C:\Program Files (x86)\Steam\steamapps\workshop\content\294100\2801160906\Textures\Things\Pawn\Animal\Megafauna\Insectoid\GR_Mantistanis_south.png,173,205,
6,0,9,1145,GR_Manwolf,manwolf,Vanilla Genetics Expanded,vanillaexpanded.vgeneticse,527,,GR_Manwolf,Vanilla Genetics Expanded,1,2,3,Things/Pawn/Animal/Humanoid/Manwolf/GR_Manwolf,_south,C:\Program Files (x86)\Steam\steamapps\workshop\content\294100\2801160906\Textures\Things\Pawn\Animal\Humanoid\Manwolf\GR_Manwolf_south.png,132,193,
6,0,10,1146,GR_MeadowLizard,meadow lizard,Vanilla Genetics Expanded,vanillaexpanded.vgeneticse,527,,GR_MeadowLizard,Vanilla Genetics Expanded,1,2,3,Things/Pawn/Animal/AlphaAnimals/Reptile/GR_MeadowLizard,_south,C:\Program Files (x86)\Steam\steamapps\workshop\content\294100\2801160906\Textures\Things\Pawn\Animal\AlphaAnimals\Reptile\GR_MeadowLizard_south.png,134,190,
6,0,11,1147,GR_Mechabear,mechabear,Vanilla Genetics Expanded,vanillaexpanded.vgeneticse,527,,GR_Mechabear,Vanilla Genetics Expanded,1,0,1,Things/Pawn/Animal/Mechanoid/Mechabear/GR_Mechanoid_Bear,_south,C:\Program Files (x86)\Steam\steamapps\workshop\content\294100\2801160906\Textures\Things\Pawn\Animal\Mechanoid\Mechabear\GR_Mechanoid_Bear_south.png,256,256,
6,0,12,1148,GR_Mechacat,mechacat,Vanilla Genetics Expanded,vanillaexpanded.vgeneticse,527,,GR_Mechacat,Vanilla Genetics Expanded,1,0,1,Things/Pawn/Animal/Mechanoid/Mechacat/GR_Mechacat,_south,C:\Program Files (x86)\Steam\steamapps\workshop\content\294100\2801160906\Textures\Things\Pawn\Animal\Mechanoid\Mechacat\GR_Mechacat_south.png,256,256,
6,0,13,1149,GR_Mechachicken,mecha-chicken,Vanilla Genetics Expanded,vanillaexpanded.vgeneticse,527,,GR_Mechachicken,Vanilla Genetics Expanded,1,0,1,Things/Pawn/Animal/Mechanoid/Mechachicken/GR_Mechanoid_Chicken,_south,C:\Program Files (x86)\Steam\steamapps\workshop\content\294100\2801160906\Textures\Things\Pawn\Animal\Mechanoid\Mechachicken\GR_Mechanoid_Chicken_south.png,256,256,
6,1,0,1150,GR_Mechahorse,mecha-horse,Vanilla Genetics Expanded,vanillaexpanded.vgeneticse,527,,GR_Mechahorse,Vanilla Genetics Expanded,1,0,1,Things/Pawn/Animal/Mechanoid/Mechahorse/GR_Mechanoid_Horse,_south,C:\Program Files (x86)\Steam\steamapps\workshop\content\294100\2801160906\Textures\Things\Pawn\Animal\Mechanoid\Mechahorse\GR_Mechanoid_Horse_south.png,86,167,
6,1,1,1151,GR_Mechalope,mechalope,Vanilla Genetics Expanded,vanillaexpanded.vgeneticse,527,,GR_Mechalope,Vanilla Genetics Expanded,1,0,1,Things/Pawn/Animal/Mechanoid/Mechalope/GR_Mechanoid_Boomalope,_south,C:\Program Files (x86)\Steam\steamapps\workshop\content\294100\2801160906\Textures\Things\Pawn\Animal\Mechanoid\Mechalope\GR_Mechanoid_Boomalope_south.png,256,256,
6,1,2,1152,GR_Mechamime,mecha-mime,Vanilla Genetics Expanded,vanillaexpanded.vgeneticse,527,,GR_Mechamime,Vanilla Genetics Expanded,1,0,1,Things/Pawn/Animal/Mechanoid/Mechahumanoid/GR_Mechanoid_Humanoid,_south,C:\Program Files (x86)\Steam\steamapps\workshop\content\294100\2801160906\Textures\Things\Pawn\Animal\Mechanoid\Mechahumanoid\GR_Mechanoid_Humanoid_south.png,118,199,
6,1,3,1153,GR_Mechamuffalo,mecha-muffalo,Vanilla Genetics Expanded,vanillaexpanded.vgeneticse,527,,GR_Mechamuffalo,Vanilla Genetics Expanded,1,0,1,Things/Pawn/Animal/Mechanoid/Mechamuffalo/GR_Mechanoid_Muffalo,_south,C:\Program Files (x86)\Steam\steamapps\workshop\content\294100\2801160906\Textures\Things\Pawn\Animal\Mechanoid\Mechamuffalo\GR_Mechanoid_Muffalo_south.png,256,256,
6,1,4,1154,GR_Mecharat,mecha-rat,Vanilla Genetics Expanded,vanillaexpanded.vgeneticse,527,,GR_Mecharat,Vanilla Genetics Expanded,1,0,1,Things/Pawn/Animal/Mechanoid/Mecharat/GR_Mechanoid_Rat,_south,C:\Program Files (x86)\Steam\steamapps\workshop\content\294100\2801160906\Textures\Things\Pawn\Animal\Mechanoid\Mecharat\GR_Mechanoid_Rat_south.png,256,256,
6,1,5,1155,GR_Mechaspider,mechaspider,Vanilla Genetics Expanded,vanillaexpanded.vgeneticse,527,,GR_Mechaspider,Vanilla Genetics Expanded,1,0,1,Things/Pawn/Animal/Mechanoid/Mechaspider/GR_Mechanoid_Megaspider,_south,C:\Program Files (x86)\Steam\steamapps\workshop\content\294100\2801160906\Textures\Things\Pawn\Animal\Mechanoid\Mechaspider\GR_Mechanoid_Megaspider_south.png,256,256,
6,1,6,1156,GR_Mechathrumbo,mechathrumbo,Vanilla Genetics Expanded,vanillaexpanded.vgeneticse,527,,GR_Mechathrumbo,Vanilla Genetics Expanded,1,0,1,Things/Pawn/Animal/Mechanoid/Mechathrumbo/GR_Mechanoid_Thrumbo,_south,C:\Program Files (x86)\Steam\steamapps\workshop\content\294100\2801160906\Textures\Things\Pawn\Animal\Mechanoid\Mechathrumbo\GR_Mechanoid_Thrumbo_south.png,256,256,
6,1,7,1157,GR_Mechaturtle,mechaturtle,Vanilla Genetics Expanded,vanillaexpanded.vgeneticse,527,,GR_Mechaturtle,Vanilla Genetics Expanded,1,0,1,Things/Pawn/Animal/Mechanoid/Mechaturtle/GR_Mechanoid_Turtle,_south,C:\Program Files (x86)\Steam\steamapps\workshop\content\294100\2801160906\Textures\Things\Pawn\Animal\Mechanoid\Mechaturtle\GR_Mechanoid_Turtle_south.png,256,256,
6,1,8,1158,GR_Mechawolf,mechawolf,Vanilla Genetics Expanded,vanillaexpanded.vgeneticse,527,,GR_Mechawolf,Vanilla Genetics Expanded,1,0,1,Things/Pawn/Animal/Mechanoid/Mechawolf/GR_Mechanoid_Wolf,_south,C:\Program Files (x86)\Steam\steamapps\workshop\content\294100\2801160906\Textures\Things\Pawn\Animal\Mechanoid\Mechawolf\GR_Mechanoid_Wolf_south.png,256,256,
6,1,9,1159,GR_Molebear,molebear,Vanilla Genetics Expanded,vanillaexpanded.vgeneticse,527,,GR_Molebear,Vanilla Genetics Expanded,1,2,3,Things/Pawn/Animal/Rodent/Molebear/GR_Molebear,_south,C:\Program Files (x86)\Steam\steamapps\workshop\content\294100\2801160906\Textures\Things\Pawn\Animal\Rodent\Molebear\GR_Molebear_south.png,256,256,
6,1,10,1160,GR_Molehorse,molehorse,Vanilla Genetics Expanded,vanillaexpanded.vgeneticse,527,,GR_Molehorse,Vanilla Genetics Expanded,1,2,3,Things/Pawn/Animal/Equine/Molehorse/GR_Molehorse,_south,C:\Program Files (x86)\Steam\steamapps\workshop\content\294100\2801160906\Textures\Things\Pawn\Animal\Equine\Molehorse\GR_Molehorse_south.png,104,169,
6,1,11,1161,GR_Moleman,moleman,Vanilla Genetics Expanded,vanillaexpanded.vgeneticse,527,,GR_Moleman,Vanilla Genetics Expanded,1,2,3,Things/Pawn/Animal/Rodent/Moleman/GR_Moleman,_south,C:\Program Files (x86)\Steam\steamapps\workshop\content\294100\2801160906\Textures\Things\Pawn\Animal\Rodent\Moleman\GR_Moleman_south.png,148,199,
6,1,12,1162,GR_Muffalobear,muffalobear,Vanilla Genetics Expanded,vanillaexpanded.vgeneticse,527,,GR_Muffalobear,Vanilla Genetics Expanded,1,2,3,Things/Pawn/Animal/Muffalo/Muffalobear/Muffalobear,_south,C:\Program Files (x86)\Steam\steamapps\workshop\content\294100\2801160906\Textures\Things\Pawn\Animal\Muffalo\Muffalobear\Muffalobear_south.png,256,256,
6,1,13,1163,GR_Muffalocat,muffalocat,Vanilla Genetics Expanded,vanillaexpanded.vgeneticse,527,,GR_Muffalocat,Vanilla Genetics Expanded,1,2,3,Things/Pawn/Animal/Muffalo/Muffalocat/GR_Muffalocat,_south,C:\Program Files (x86)\Steam\steamapps\workshop\content\294100\2801160906\Textures\Things\Pawn\Animal\Muffalo\Muffalocat\GR_Muffalocat_south.png,256,256,
6,2,0,1164,GR_Muffalochicken,muffalochicken,Vanilla Genetics Expanded,vanillaexpanded.vgeneticse,527,,GR_Muffalochicken,Vanilla Genetics Expanded,1,2,3,Things/Pawn/Animal/Muffalo/Muffalochicken/Muffalochicken,_south,C:\Program Files (x86)\Steam\steamapps\workshop\content\294100\2801160906\Textures\Things\Pawn\Animal\Muffalo\Muffalochicken\Muffalochicken_south.png,256,256,
6,2,1,1165,GR_Muffalohorse,muffalohorse,Vanilla Genetics Expanded,vanillaexpanded.vgeneticse,527,,GR_Muffalohorse,Vanilla Genetics Expanded,1,2,3,Things/Pawn/Animal/Equine/Muffalohorse/GR_Muffalohorse,_south,C:\Program Files (x86)\Steam\steamapps\workshop\content\294100\2801160906\Textures\Things\Pawn\Animal\Equine\Muffalohorse\GR_Muffalohorse_south.png,108,138,
6,2,2,1166,GR_Muffalokomodo,muffalokomodo,Vanilla Genetics Expanded,vanillaexpanded.vgeneticse,527,,GR_Muffalokomodo,Vanilla Genetics Expanded,1,2,3,Things/Pawn/Animal/Reptile/Muffalokomodo/Muffalokomodo,_south,C:\Program Files (x86)\Steam\steamapps\workshop\content\294100\2801160906\Textures\Things\Pawn\Animal\Reptile\Muffalokomodo\Muffalokomodo_south.png,256,256,
6,2,3,1167,GR_Muffaloman,muffaloman,Vanilla Genetics Expanded,vanillaexpanded.vgeneticse,527,,GR_Muffaloman,Vanilla Genetics Expanded,1,2,3,Things/Pawn/Animal/Muffalo/Muffaloman/GR_Muffaloman,_south,C:\Program Files (x86)\Steam\steamapps\workshop\content\294100\2801160906\Textures\Things\Pawn\Animal\Muffalo\Muffaloman\GR_Muffaloman_south.png,156,165,
6,2,4,1168,GR_Muffalope,muffalope,Vanilla Genetics Expanded,vanillaexpanded.vgeneticse,527,,GR_Muffalope,Vanilla Genetics Expanded,1,2,3,Things/Pawn/Animal/Muffalo/Muffalope/Muffalope,_south,C:\Program Files (x86)\Steam\steamapps\workshop\content\294100\2801160906\Textures\Things\Pawn\Animal\Muffalo\Muffalope\Muffalope_south.png,256,256,
6,2,5,1169,GR_Muffalopede,muffalopede,Vanilla Genetics Expanded,vanillaexpanded.vgeneticse,527,,GR_Muffalopede,Vanilla Genetics Expanded,1,0,1,Things/Pawn/Animal/Insectoid/Muffalopede/Muffalopede,_south,C:\Program Files (x86)\Steam\steamapps\workshop\content\294100\2801160906\Textures\Things\Pawn\Animal\Insectoid\Muffalopede\Muffalopede_south.png,256,256,
6,2,6,1170,GR_Muffalorat,muffalorat,Vanilla Genetics Expanded,vanillaexpanded.vgeneticse,527,,GR_Muffalorat,Vanilla Genetics Expanded,1,2,3,Things/Pawn/Animal/Muffalo/Muffalorat/Muffalorat,_south,C:\Program Files (x86)\Steam\steamapps\workshop\content\294100\2801160906\Textures\Things\Pawn\Animal\Muffalo\Muffalorat\Muffalorat_south.png,256,256,
6,2,7,1171,GR_Muffalowolf,muffalowolf,Vanilla Genetics Expanded,vanillaexpanded.vgeneticse,527,,GR_Muffalowolf,Vanilla Genetics Expanded,1,2,3,Things/Pawn/Animal/Muffalo/Muffalowolf/Muffalowolf,_south,C:\Program Files (x86)\Steam\steamapps\workshop\content\294100\2801160906\Textures\Things\Pawn\Animal\Muffalo\Muffalowolf\Muffalowolf_south.png,256,256,
6,2,8,1172,GR_Needlechicken,needlechicken,Vanilla Genetics Expanded,vanillaexpanded.vgeneticse,527,,GR_Needlechicken,Vanilla Genetics Expanded,1,2,3,Things/Pawn/Animal/AlphaAnimals/Chicken/GR_Needlechicken,_south,C:\Program Files (x86)\Steam\steamapps\workshop\content\294100\2801160906\Textures\Things\Pawn\Animal\AlphaAnimals\Chicken\GR_Needlechicken_south.png,190,212,
6,2,9,1173,GR_Nighthrumbo,nighthrumbo,Vanilla Genetics Expanded,vanillaexpanded.vgeneticse,527,,GR_Nighthrumbo,Vanilla Genetics Expanded,1,2,3,Things/Pawn/Animal/AlphaAnimals/Thrumbo/GR_Nighthrumbo,_south,C:\Program Files (x86)\Steam\steamapps\workshop\content\294100\2801160906\Textures\Things\Pawn\Animal\AlphaAnimals\Thrumbo\GR_Nighthrumbo_south.png,81,202,
6,2,10,1174,GR_Paraceramuffalo,paraceramuffalo,Vanilla Genetics Expanded,vanillaexpanded.vgeneticse,527,,GR_Paraceramuffalo,Vanilla Genetics Expanded,1,2,3,Things/Pawn/Animal/Megafauna/Muffalo/GR_Paraceramuffalo,_south,C:\Program Files (x86)\Steam\steamapps\workshop\content\294100\2801160906\Textures\Things\Pawn\Animal\Megafauna\Muffalo\GR_Paraceramuffalo_south.png,78,168,
6,2,11,1175,GR_ParagonBear,ursine paragon,Vanilla Genetics Expanded,vanillaexpanded.vgeneticse,527,,GR_ParagonBear,Vanilla Genetics Expanded,1,2,3,Things/Pawn/Animal/Paragon/Bear/GR_Paragonbear,_south,C:\Program Files (x86)\Steam\steamapps\workshop\content\294100\2801160906\Textures\Things\Pawn\Animal\Paragon\Bear\GR_Paragonbear_south.png,256,256,
6,2,12,1176,GR_ParagonBoomalope,boomalope paragon,Vanilla Genetics Expanded,vanillaexpanded.vgeneticse,527,,GR_ParagonBoomalope,Vanilla Genetics Expanded,1,2,3,Things/Pawn/Animal/Paragon/Boomalope/GR_Paragonboomalope,_south,C:\Program Files (x86)\Steam\steamapps\workshop\content\294100\2801160906\Textures\Things\Pawn\Animal\Paragon\Boomalope\GR_Paragonboomalope_south.png,256,256,
6,2,13,1177,GR_ParagonChicken,avian paragon,Vanilla Genetics Expanded,vanillaexpanded.vgeneticse,527,,GR_ParagonChicken,Vanilla Genetics Expanded,1,2,3,Things/Pawn/Animal/Paragon/Chicken/GR_ParagonChicken,_south,C:\Program Files (x86)\Steam\steamapps\workshop\content\294100\2801160906\Textures\Things\Pawn\Animal\Paragon\Chicken\GR_ParagonChicken_south.png,256,256,
6,3,0,1178,GR_ParagonFeline,feline paragon,Vanilla Genetics Expanded,vanillaexpanded.vgeneticse,527,,GR_ParagonFeline,Vanilla Genetics Expanded,1,2,3,Things/Pawn/Animal/Paragon/Cat/GR_ParagonFeline,_south,C:\Program Files (x86)\Steam\steamapps\workshop\content\294100\2801160906\Textures\Things\Pawn\Animal\Paragon\Cat\GR_ParagonFeline_south.png,105,187,
6,3,1,1179,GR_ParagonHorse,equine paragon,Vanilla Genetics Expanded,vanillaexpanded.vgeneticse,527,,GR_ParagonHorse,Vanilla Genetics Expanded,1,2,3,Things/Pawn/Animal/Paragon/Horse/GR_ParagonEquine1,_south,C:\Program Files (x86)\Steam\steamapps\workshop\content\294100\2801160906\Textures\Things\Pawn\Animal\Paragon\Horse\GR_ParagonEquine1_south.png,96,205,
6,3,2,1180,GR_ParagonHumanoid,humanoid paragon,Vanilla Genetics Expanded,vanillaexpanded.vgeneticse,527,,GR_ParagonHumanoid,Vanilla Genetics Expanded,1,2,3,Things/Pawn/Animal/Paragon/Humanoid/GR_ParagonHumanoid,_south,C:\Program Files (x86)\Steam\steamapps\workshop\content\294100\2801160906\Textures\Things\Pawn\Animal\Paragon\Humanoid\GR_ParagonHumanoid_south.png,135,177,
6,3,3,1181,GR_ParagonIguana,reptile paragon,Vanilla Genetics Expanded,vanillaexpanded.vgeneticse,527,,GR_ParagonIguana,Vanilla Genetics Expanded,1,2,3,Things/Pawn/Animal/Paragon/Iguana/GR_ParagonIguana,_south,C:\Program Files (x86)\Steam\steamapps\workshop\content\294100\2801160906\Textures\Things\Pawn\Animal\Paragon\Iguana\GR_ParagonIguana_south.png,256,256,
6,3,4,1182,GR_ParagonInsectoid,insectoid paragon,Vanilla Genetics Expanded,vanillaexpanded.vgeneticse,527,,GR_ParagonInsectoid,Vanilla Genetics Expanded,1,0,1,Things/Pawn/Animal/Paragon/Insectoid/GR_ParagonInsectoid,_south,C:\Program Files (x86)\Steam\steamapps\workshop\content\294100\2801160906\Textures\Things\Pawn\Animal\Paragon\Insectoid\GR_ParagonInsectoid_south.png,139,243,
6,3,5,1183,GR_ParagonMuffalo,muffalo paragon,Vanilla Genetics Expanded,vanillaexpanded.vgeneticse,527,,GR_ParagonMuffalo,Vanilla Genetics Expanded,1,2,3,Things/Pawn/Animal/Paragon/Muffalo/GR_ParagonMuffalo,_south,C:\Program Files (x86)\Steam\steamapps\workshop\content\294100\2801160906\Textures\Things\Pawn\Animal\Paragon\Muffalo\GR_ParagonMuffalo_south.png,256,256,
6,3,6,1184,GR_ParagonRat,rodent paragon,Vanilla Genetics Expanded,vanillaexpanded.vgeneticse,527,,GR_ParagonRat,Vanilla Genetics Expanded,1,2,3,Things/Pawn/Animal/Paragon/Rat/GR_ParagonRat,_south,C:\Program Files (x86)\Steam\steamapps\workshop\content\294100\2801160906\Textures\Things\Pawn\Animal\Paragon\Rat\GR_ParagonRat_south.png,256,256,
6,3,7,1185,GR_ParagonThrumbo,colossal paragon,Vanilla Genetics Expanded,vanillaexpanded.vgeneticse,527,,GR_ParagonThrumbo,Vanilla Genetics Expanded,1,2,3,Things/Pawn/Animal/Paragon/Thrumbo/GR_ParagonThrumbo,_south,C:\Program Files (x86)\Steam\steamapps\workshop\content\294100\2801160906\Textures\Things\Pawn\Animal\Paragon\Thrumbo\GR_ParagonThrumbo_south.png,116,230,
6,3,8,1186,GR_ParagonWolf,canine paragon,Vanilla Genetics Expanded,vanillaexpanded.vgeneticse,527,,GR_ParagonWolf,Vanilla Genetics Expanded,1,2,3,Things/Pawn/Animal/Paragon/Wolf/GR_ParagonTimberWolf,_south,C:\Program Files (x86)\Steam\steamapps\workshop\content\294100\2801160906\Textures\Things\Pawn\Animal\Paragon\Wolf\GR_ParagonTimberWolf_south.png,256,256,
6,3,9,1187,GR_Rabbitcat,rabbitcat,Vanilla Genetics Expanded,vanillaexpanded.vgeneticse,527,,GR_Rabbitcat,Vanilla Genetics Expanded,1,2,3,Things/Pawn/Animal/Rodent/Rabbitcat/GR_Rabbitcat,_south,C:\Program Files (x86)\Steam\steamapps\workshop\content\294100\2801160906\Textures\Things\Pawn\Animal\Rodent\Rabbitcat\GR_Rabbitcat_south.png,256,256,
6,3,10,1188,GR_Rabbitchicken,rabbitchicken,Vanilla Genetics Expanded,vanillaexpanded.vgeneticse,527,,GR_Rabbitchicken,Vanilla Genetics Expanded,1,2,3,Things/Pawn/Animal/Rodent/Rabbitchicken/GR_Rabbitchicken,_south,C:\Program Files (x86)\Steam\steamapps\workshop\content\294100\2801160906\Textures\Things\Pawn\Animal\Rodent\Rabbitchicken\GR_Rabbitchicken_south.png,256,256,
6,3,11,1189,GR_Ratffalo,ratffalo,Vanilla Genetics Expanded,vanillaexpanded.vgeneticse,527,,GR_Ratffalo,Vanilla Genetics Expanded,1,2,3,Things/Pawn/Animal/Rodent/Ratffalo/GR_Ratffalo,_south,C:\Program Files (x86)\Steam\steamapps\workshop\content\294100\2801160906\Textures\Things\Pawn\Animal\Rodent\Ratffalo\GR_Ratffalo_south.png,256,256,
6,3,12,1190,GR_Snakecat,snakecat,Vanilla Genetics Expanded,vanillaexpanded.vgeneticse,527,,GR_Snakecat,Vanilla Genetics Expanded,1,2,3,Things/Pawn/Animal/Reptile/Snakecat/GR_Snakecat,_south,C:\Program Files (x86)\Steam\steamapps\workshop\content\294100\2801160906\Textures\Things\Pawn\Animal\Reptile\Snakecat\GR_Snakecat_south.png,256,256,
6,3,13,1191,GR_Spidercat,spidercat,Vanilla Genetics Expanded,vanillaexpanded.vgeneticse,527,,GR_Spidercat,Vanilla Genetics Expanded,1,0,1,Things/Pawn/Animal/Insectoid/Spidercat/GR_Spidercat,_south,C:\Program Files (x86)\Steam\steamapps\workshop\content\294100\2801160906\Textures\Things\Pawn\Animal\Insectoid\Spidercat\GR_Spidercat_south.png,256,256,
6,4,0,1192,GR_Spiderhorse,spiderhorse,Vanilla Genetics Expanded,vanillaexpanded.vgeneticse,527,,GR_Spiderhorse,Vanilla Genetics Expanded,1,0,1,Things/Pawn/Animal/Equine/Spiderhorse/GR_Spiderhorse1,_south,C:\Program Files (x86)\Steam\steamapps\workshop\content\294100\2801160906\Textures\Things\Pawn\Animal\Equine\Spiderhorse\GR_Spiderhorse1_south.png,92,189,
6,4,1,1193,GR_Spidersnake,spidersnake,Vanilla Genetics Expanded,vanillaexpanded.vgeneticse,527,,GR_Spidersnake,Vanilla Genetics Expanded,1,2,3,Things/Pawn/Animal/Reptile/Spidersnake/Spidersnake,_south,C:\Program Files (x86)\Steam\steamapps\workshop\content\294100\2801160906\Textures\Things\Pawn\Animal\Reptile\Spidersnake\Spidersnake_south.png,256,256,
6,4,2,1194,GR_Squirralope,squirralope,Vanilla Genetics Expanded,vanillaexpanded.vgeneticse,527,,GR_Squirralope,Vanilla Genetics Expanded,1,2,3,Things/Pawn/Animal/Rodent/Squirralope/Squirralope,_south,C:\Program Files (x86)\Steam\steamapps\workshop\content\294100\2801160906\Textures\Things\Pawn\Animal\Rodent\Squirralope\Squirralope_south.png,256,256,
6,4,3,1195,GR_Thrumbalope,thrumbalope,Vanilla Genetics Expanded,vanillaexpanded.vgeneticse,527,,GR_Thrumbalope,Vanilla Genetics Expanded,1,2,3,Things/Pawn/Animal/Colossal/Thrumbalope/Thrumbalope,_south,C:\Program Files (x86)\Steam\steamapps\workshop\content\294100\2801160906\Textures\Things\Pawn\Animal\Colossal\Thrumbalope\Thrumbalope_south.png,256,256,
6,4,4,1196,GR_Thrumbear,thrumbear,Vanilla Genetics Expanded,vanillaexpanded.vgeneticse,527,,GR_Thrumbear,Vanilla Genetics Expanded,1,2,3,Things/Pawn/Animal/Colossal/Thrumbear/Thrumbear,_south,C:\Program Files (x86)\Steam\steamapps\workshop\content\294100\2801160906\Textures\Things\Pawn\Animal\Colossal\Thrumbear\Thrumbear_south.png,256,256,
6,4,5,1197,GR_Thrumbocat,thrumbocat,Vanilla Genetics Expanded,vanillaexpanded.vgeneticse,527,,GR_Thrumbocat,Vanilla Genetics Expanded,1,2,3,Things/Pawn/Animal/Colossal/Thrumbocat/GR_Thrumbocat,_south,C:\Program Files (x86)\Steam\steamapps\workshop\content\294100\2801160906\Textures\Things\Pawn\Animal\Colossal\Thrumbocat\GR_Thrumbocat_south.png,256,256,
6,4,6,1198,GR_Thrumbochicken,thrumbochicken,Vanilla Genetics Expanded,vanillaexpanded.vgeneticse,527,,GR_Thrumbochicken,Vanilla Genetics Expanded,1,2,3,Things/Pawn/Animal/Colossal/Thrumbochicken/Thrumbochicken,_south,C:\Program Files (x86)\Steam\steamapps\workshop\content\294100\2801160906\Textures\Things\Pawn\Animal\Colossal\Thrumbochicken\Thrumbochicken_south.png,256,256,
6,4,7,1199,GR_Thrumbolizard,thrumbolizard,Vanilla Genetics Expanded,vanillaexpanded.vgeneticse,527,,GR_Thrumbolizard,Vanilla Genetics Expanded,1,2,3,Things/Pawn/Animal/Colossal/Thrumbolizard/Thrumbolizard,_south,C:\Program Files (x86)\Steam\steamapps\workshop\content\294100\2801160906\Textures\Things\Pawn\Animal\Colossal\Thrumbolizard\Thrumbolizard_south.png,256,256,
6,4,8,1200,GR_Thrumboman,thrumboman,Vanilla Genetics Expanded,vanillaexpanded.vgeneticse,527,,GR_Thrumboman,Vanilla Genetics Expanded,1,2,3,Things/Pawn/Animal/Colossal/Thrumboman/GR_Thrumboman_Male,_south,C:\Program Files (x86)\Steam\steamapps\workshop\content\294100\2801160906\Textures\Things\Pawn\Animal\Colossal\Thrumboman\GR_Thrumboman_Male_south.png,156,196,
6,4,9,1201,GR_Thrumborat,thrumborat,Vanilla Genetics Expanded,vanillaexpanded.vgeneticse,527,,GR_Thrumborat,Vanilla Genetics Expanded,1,2,3,Things/Pawn/Animal/Colossal/Thrumborat/Thrumborat,_south,C:\Program Files (x86)\Steam\steamapps\workshop\content\294100\2801160906\Textures\Things\Pawn\Animal\Colossal\Thrumborat\Thrumborat_south.png,256,256,
6,4,10,1202,GR_Thrumbospider,thrumbospider,Vanilla Genetics Expanded,vanillaexpanded.vgeneticse,527,,GR_Thrumbospider,Vanilla Genetics Expanded,1,2,3,Things/Pawn/Animal/Colossal/Thrumbospider/Thrumbospider,_south,C:\Program Files (x86)\Steam\steamapps\workshop\content\294100\2801160906\Textures\Things\Pawn\Animal\Colossal\Thrumbospider\Thrumbospider_south.png,256,256,
6,4,11,1203,GR_Thrumdraeodon,thrumdraeodon,Vanilla Genetics Expanded,vanillaexpanded.vgeneticse,527,,GR_Thrumdraeodon,Vanilla Genetics Expanded,1,2,3,Things/Pawn/Animal/Megafauna/Thrumbo/GR_Thrumdraeodon,_south,C:\Program Files (x86)\Steam\steamapps\workshop\content\294100\2801160906\Textures\Things\Pawn\Animal\Megafauna\Thrumbo\GR_Thrumdraeodon_south.png,105,178,
6,4,12,1204,GR_Thrumffalo,thrumffalo,Vanilla Genetics Expanded,vanillaexpanded.vgeneticse,527,,GR_Thrumffalo,Vanilla Genetics Expanded,1,2,3,Things/Pawn/Animal/Colossal/Thrumffalo/Thrumffalo,_south,C:\Program Files (x86)\Steam\steamapps\workshop\content\294100\2801160906\Textures\Things\Pawn\Animal\Colossal\Thrumffalo\Thrumffalo_south.png,256,256,
6,4,13,1205,GR_Thrumhorse,thrumhorse,Vanilla Genetics Expanded,vanillaexpanded.vgeneticse,527,,GR_Thrumhorse,Vanilla Genetics Expanded,1,2,3,Things/Pawn/Animal/Colossal/Thrumhorse/GR_Thrumhorse,_south,C:\Program Files (x86)\Steam\steamapps\workshop\content\294100\2801160906\Textures\Things\Pawn\Animal\Colossal\Thrumhorse\GR_Thrumhorse_south.png,108,189,
6,5,0,1206,GR_Thrumwolf,thrumwolf,Vanilla Genetics Expanded,vanillaexpanded.vgeneticse,527,,GR_Thrumwolf,Vanilla Genetics Expanded,1,2,3,Things/Pawn/Animal/Colossal/Thrumwolf/Thrumwolf,_south,C:\Program Files (x86)\Steam\steamapps\workshop\content\294100\2801160906\Textures\Things\Pawn\Animal\Colossal\Thrumwolf\Thrumwolf_south.png,256,256,
6,5,1,1207,GR_Turkeyman,turkeyman,Vanilla Genetics Expanded,vanillaexpanded.vgeneticse,527,,GR_Turkeyman,Vanilla Genetics Expanded,1,2,3,Things/Pawn/Animal/Avian/Turkeyman/GR_Turkeyman,_south,C:\Program Files (x86)\Steam\steamapps\workshop\content\294100\2801160906\Textures\Things\Pawn\Animal\Avian\Turkeyman\GR_Turkeyman_south.png,154,172,
6,5,2,1208,GR_WolfShrimp,wolf shrimp,Vanilla Genetics Expanded,vanillaexpanded.vgeneticse,527,,GR_WolfShrimp,Vanilla Genetics Expanded,1,2,3,Things/Pawn/Animal/AlphaAnimals/Wolf/GR_WolfShrimp,_south,C:\Program Files (x86)\Steam\steamapps\workshop\content\294100\2801160906\Textures\Things\Pawn\Animal\AlphaAnimals\Wolf\GR_WolfShrimp_south.png,170,125,
6,5,3,1209,GR_Wolfalope,wolfalope,Vanilla Genetics Expanded,vanillaexpanded.vgeneticse,527,,GR_Wolfalope,Vanilla Genetics Expanded,1,2,3,Things/Pawn/Animal/Canine/Wolfalope/Wolfalope,_south,C:\Program Files (x86)\Steam\steamapps\workshop\content\294100\2801160906\Textures\Things\Pawn\Animal\Canine\Wolfalope\Wolfalope_south.png,256,256,
6,5,4,1210,GR_Wolfbear,wolfbear,Vanilla Genetics Expanded,vanillaexpanded.vgeneticse,527,,GR_Wolfbear,Vanilla Genetics Expanded,1,2,3,Things/Pawn/Animal/Canine/Wolfbear/Wolfbear,_south,C:\Program Files (x86)\Steam\steamapps\workshop\content\294100\2801160906\Textures\Things\Pawn\Animal\Canine\Wolfbear\Wolfbear_south.png,256,256,
6,5,5,1211,GR_Wolfbeaver,wolfbeaver,Vanilla Genetics Expanded,vanillaexpanded.vgeneticse,527,,GR_Wolfbeaver,Vanilla Genetics Expanded,1,2,3,Things/Pawn/Animal/Canine/Wolfbeaver/Wolfbeaver,_south,C:\Program Files (x86)\Steam\steamapps\workshop\content\294100\2801160906\Textures\Things\Pawn\Animal\Canine\Wolfbeaver\Wolfbeaver_south.png,256,256,
6,5,6,1212,GR_Wolfcat,wolfcat,Vanilla Genetics Expanded,vanillaexpanded.vgeneticse,527,,GR_Wolfcat,Vanilla Genetics Expanded,1,2,3,Things/Pawn/Animal/Canine/Wolfcat/GR_Wolfcat,_south,C:\Program Files (x86)\Steam\steamapps\workshop\content\294100\2801160906\Textures\Things\Pawn\Animal\Canine\Wolfcat\GR_Wolfcat_south.png,256,256,
6,5,7,1213,GR_Wolfchicken,wolfchicken,Vanilla Genetics Expanded,vanillaexpanded.vgeneticse,527,,GR_Wolfchicken,Vanilla Genetics Expanded,1,2,3,Things/Pawn/Animal/Canine/Wolfchicken/Wolfchicken,_south,C:\Program Files (x86)\Steam\steamapps\workshop\content\294100\2801160906\Textures\Things\Pawn\Animal\Canine\Wolfchicken\Wolfchicken_south.png,256,256,
6,5,8,1214,GR_Wolffalo,wolffalo,Vanilla Genetics Expanded,vanillaexpanded.vgeneticse,527,,GR_Wolffalo,Vanilla Genetics Expanded,1,2,3,Things/Pawn/Animal/Canine/Wolffalo/Wolffalo,_south,C:\Program Files (x86)\Steam\steamapps\workshop\content\294100\2801160906\Textures\Things\Pawn\Animal\Canine\Wolffalo\Wolffalo_south.png,256,256,
6,5,9,1215,GR_Wolfhorse,wolfhorse,Vanilla Genetics Expanded,vanillaexpanded.vgeneticse,527,,GR_Wolfhorse,Vanilla Genetics Expanded,1,2,3,Things/Pawn/Animal/Equine/Wolfhorse/GR_Wolfhorse,_south,C:\Program Files (x86)\Steam\steamapps\workshop\content\294100\2801160906\Textures\Things\Pawn\Animal\Equine\Wolfhorse\GR_Wolfhorse_south.png,104,214,
6,5,10,1216,GR_Wolfscarab,wolfscarab,Vanilla Genetics Expanded,vanillaexpanded.vgeneticse,527,,GR_Wolfscarab,Vanilla Genetics Expanded,1,0,1,Things/Pawn/Animal/Insectoid/Wolfscarab/Wolfscarab,_south,C:\Program Files (x86)\Steam\steamapps\workshop\content\294100\2801160906\Textures\Things\Pawn\Animal\Insectoid\Wolfscarab\Wolfscarab_south.png,256,256,
6,5,11,1217,GR_Wolfsnake,wolfsnake,Vanilla Genetics Expanded,vanillaexpanded.vgeneticse,527,,GR_Wolfsnake,Vanilla Genetics Expanded,1,2,3,Things/Pawn/Animal/Reptile/Wolfsnake/Wolfsnake,_south,C:\Program Files (x86)\Steam\steamapps\workshop\content\294100\2801160906\Textures\Things\Pawn\Animal\Reptile\Wolfsnake\Wolfsnake_south.png,256,256,
6,5,12,1218,GR_WoolyWolf,wooly Wolf,Vanilla Genetics Expanded,vanillaexpanded.vgeneticse,527,,GR_WoolyWolf,Vanilla Genetics Expanded,1,2,3,Things/Pawn/Animal/Megafauna/Wolf/GR_WoolyWolf,_south,C:\Program Files (x86)\Steam\steamapps\workshop\content\294100\2801160906\Textures\Things\Pawn\Animal\Megafauna\Wolf\GR_WoolyWolf_south.png,100,213,
6,5,13,1219,VGE_Astronaut,astronaut,Vanilla Gravship Expanded - Chapter 1,vanillaexpanded.gravship,374,,VGE_Astronaut,Vanilla Gravship Expanded - Chapter 1,1,1,2,Things/Pawns/Mechanoid/Astronaut/MechAncient_Astronaut,_south,C:\Program Files (x86)\Steam\steamapps\workshop\content\294100\3609835606\Textures\Things\Pawns\Mechanoid\Astronaut\MechAncient_Astronaut_south.png,152,170,
6,6,0,1220,VGE_Astropede,astropede,Vanilla Gravship Expanded - Chapter 1,vanillaexpanded.gravship,374,,VGE_Astropede,Vanilla Gravship Expanded - Chapter 1,1,1,2,Things/Pawns/Mechanoid/Astropede/AncientAstropede,_south,C:\Program Files (x86)\Steam\steamapps\workshop\content\294100\3609835606\Textures\Things\Pawns\Mechanoid\Astropede\AncientAstropede_south.png,160,188,
6,6,1,1221,VGE_Hunter,hunter,Vanilla Gravship Expanded - Chapter 1,vanillaexpanded.gravship,374,,VGE_Hunter,Vanilla Gravship Expanded - Chapter 1,1,1,2,Things/Pawns/Mechanoid/Hunter/AncientHunter,_south,C:\Program Files (x86)\Steam\steamapps\workshop\content\294100\3609835606\Textures\Things\Pawns\Mechanoid\Hunter\AncientHunter_south.png,248,206,
6,6,2,1222,VQEA_Splicefiend,splicefiend,Vanilla Quests Expanded - Ancients,vanillaquestsexpanded.ancients,381,,VQEA_Splicefiend,Vanilla Quests Expanded - Ancients,1,0,1,Pawn/Mutants/Splicefiend,_south,C:\Program Files (x86)\Steam\steamapps\workshop\content\294100\3618306875\Textures\Pawn\Mutants\Splicefiend_south.png,153,181,
6,6,3,1223,VQEA_Splicehulk,splicehulk,Vanilla Quests Expanded - Ancients,vanillaquestsexpanded.ancients,381,,VQEA_Splicehulk,Vanilla Quests Expanded - Ancients,1,0,1,Pawn/Mutants/Splicehulk,_south,C:\Program Files (x86)\Steam\steamapps\workshop\content\294100\3618306875\Textures\Pawn\Mutants\Splicehulk_south.png,142,159,
6,6,4,1224,VQEA_Spliceling,spliceling,Vanilla Quests Expanded - Ancients,vanillaquestsexpanded.ancients,381,,VQEA_Spliceling,Vanilla Quests Expanded - Ancients,1,0,1,Pawn/Mutants/Spliceling,_south,C:\Program Files (x86)\Steam\steamapps\workshop\content\294100\3618306875\Textures\Pawn\Mutants\Spliceling_south.png,90,122,
6,6,5,1225,VQEA_Splicetoot,splicetoot,Vanilla Quests Expanded - Ancients,vanillaquestsexpanded.ancients,381,,VQEA_Splicetoot,Vanilla Quests Expanded - Ancients,1,0,1,Pawn/Mutants/Splicetoot,_south,C:\Program Files (x86)\Steam\steamapps\workshop\content\294100\3618306875\Textures\Pawn\Mutants\Splicetoot_south.png,90,89,
6,6,6,1227,VQE_IceCrawler,ice crawler,Vanilla Quests Expanded - Cryptoforge,vanillaquestsexpanded.cryptoforge,382,,VQE_IceCrawler,Vanilla Quests Expanded - Cryptoforge,1,2,3,Pawn/Insectoid/IceCrawler,_south,C:\Program Files (x86)\Steam\steamapps\workshop\content\294100\3461526070\Textures\Pawn\Insectoid\IceCrawler_south.png,96,170,
6,6,7,1228,VQE_Megamidge,megamidge,Vanilla Quests Expanded - Cryptoforge,vanillaquestsexpanded.cryptoforge,382,,VQE_Megamidge,Vanilla Quests Expanded - Cryptoforge,1,2,3,Pawn/Insectoid/Megamidge,_south,C:\Program Files (x86)\Steam\steamapps\workshop\content\294100\3461526070\Textures\Pawn\Insectoid\Megamidge_south.png,132,144,
6,6,8,1229,VRE_CompanionDryad,companion dryad,Vanilla Races Expanded - Phytokin,vanillaracesexpanded.phytokin,387,,VRE_CompanionDryad,Vanilla Races Expanded - Phytokin,1,0,1,Things/Pawn/Animal/Companiondryad/Companiondryad,_south,C:\Program Files (x86)\Steam\steamapps\workshop\content\294100\2927323805\Textures\Things\Pawn\Animal\Companiondryad\Companiondryad_south.png,384,384,
6,6,9,1232,JDSCIS_AQ_Battle_Droid,AQ Battle Droid,[JDS] StarWars - The Separatist Droid Army,m3.continued.jangodsoul.starwars.tsda,414,,JDSCIS_AQ_Battle_Droid,[JDS] StarWars - The Separatist Droid Army,1,1,2,Things/AQ_Battle_Droid,_south,C:\Program Files (x86)\Steam\steamapps\workshop\content\294100\3276499495\Common\Textures\Things\AQ_Battle_Droid_south.png,320,320,
6,6,10,1233,JDSCIS_B1_Battle_Droid,B1 Battle Droid,[JDS] StarWars - The Separatist Droid Army,m3.continued.jangodsoul.starwars.tsda,414,,JDSCIS_B1_Battle_Droid,[JDS] StarWars - The Separatist Droid Army,1,1,2,Things/B1_Battle_Droids,_south,C:\Program Files (x86)\Steam\steamapps\workshop\content\294100\3276499495\Common\Textures\Things\B1_Battle_Droids_south.png,256,256,
6,6,11,1234,JDSCIS_B1_Commander_Droid,B1 Commander Droid,[JDS] StarWars - The Separatist Droid Army,m3.continued.jangodsoul.starwars.tsda,414,,JDSCIS_B1_Commander_Droid,[JDS] StarWars - The Separatist Droid Army,1,1,2,Things/B1_Commander_Droids,_south,C:\Program Files (x86)\Steam\steamapps\workshop\content\294100\3276499495\Common\Textures\Things\B1_Commander_Droids_south.png,256,256,
6,6,12,1235,JDSCIS_B1_Security_Droid,B1 Security Droid,[JDS] StarWars - The Separatist Droid Army,m3.continued.jangodsoul.starwars.tsda,414,,JDSCIS_B1_Security_Droid,[JDS] StarWars - The Separatist Droid Army,1,1,2,Things/B1_Security_Droids,_south,C:\Program Files (x86)\Steam\steamapps\workshop\content\294100\3276499495\Common\Textures\Things\B1_Security_Droids_south.png,256,256,
6,6,13,1236,JDSCIS_B2_HA_Super_Battle_Droid,B2 HA Super Battle Droid,[JDS] StarWars - The Separatist Droid Army,m3.continued.jangodsoul.starwars.tsda,414,,JDSCIS_B2_HA_Super_Battle_Droid,[JDS] StarWars - The Separatist Droid Army,1,1,2,Things/B2_HA_Super_Battle_Droid,_south,C:\Program Files (x86)\Steam\steamapps\workshop\content\294100\3276499495\Common\Textures\Things\B2_HA_Super_Battle_Droid_south.png,256,256,
6,7,0,1237,JDSCIS_B2_Super_Battle_Droid,B2 Super Battle Droid,[JDS] StarWars - The Separatist Droid Army,m3.continued.jangodsoul.starwars.tsda,414,,JDSCIS_B2_Super_Battle_Droid,[JDS] StarWars - The Separatist Droid Army,1,1,2,Things/B2_Super_Battle_Droid,_south,C:\Program Files (x86)\Steam\steamapps\workshop\content\294100\3276499495\Common\Textures\Things\B2_Super_Battle_Droid_south.png,256,256,
6,7,1,1238,JDSCIS_BX_Commando_Droid,BX Commando Droid,[JDS] StarWars - The Separatist Droid Army,m3.continued.jangodsoul.starwars.tsda,414,,JDSCIS_BX_Commando_Droid,[JDS] StarWars - The Separatist Droid Army,1,1,2,Things/BX_Commando_Droids,_south,C:\Program Files (x86)\Steam\steamapps\workshop\content\294100\3276499495\Common\Textures\Things\BX_Commando_Droids_south.png,256,256,
6,7,2,1239,JDSCIS_DSD1_Dwarf_Spider_Droid,DSD1 Dwarf Spider Droid,[JDS] StarWars - The Separatist Droid Army,m3.continued.jangodsoul.starwars.tsda,414,,JDSCIS_DSD1_Dwarf_Spider_Droid,[JDS] StarWars - The Separatist Droid Army,1,1,2,Things/DSD1_Dwarf_Spider_Droid,_south,C:\Program Files (x86)\Steam\steamapps\workshop\content\294100\3276499495\Common\Textures\Things\DSD1_Dwarf_Spider_Droid_south.png,512,512,
6,7,3,1240,JDSCIS_Demolition_Droid,Demolition Droid,[JDS] StarWars - The Separatist Droid Army,m3.continued.jangodsoul.starwars.tsda,414,,JDSCIS_Demolition_Droid,[JDS] StarWars - The Separatist Droid Army,1,1,2,Things/Demolition_Droid,_south,C:\Program Files (x86)\Steam\steamapps\workshop\content\294100\3276499495\Common\Textures\Things\Demolition_Droid_south.png,384,384,
6,7,4,1241,JDSCIS_Droideka_Droid,Droideka Droid,[JDS] StarWars - The Separatist Droid Army,m3.continued.jangodsoul.starwars.tsda,414,,JDSCIS_Droideka_Droid,[JDS] StarWars - The Separatist Droid Army,1,1,2,Things/Droideka_Droid,_south,C:\Program Files (x86)\Steam\steamapps\workshop\content\294100\3276499495\Common\Textures\Things\Droideka_Droid_south.png,320,320,
6,7,5,1242,JDSCIS_Droideka_Sharpshooter_Droid,Droideka Sharpshooter Droid,[JDS] StarWars - The Separatist Droid Army,m3.continued.jangodsoul.starwars.tsda,414,,JDSCIS_Droideka_Sharpshooter_Droid,[JDS] StarWars - The Separatist Droid Army,1,1,2,Things/Droideka_Sharpshooter_Droid,_south,C:\Program Files (x86)\Steam\steamapps\workshop\content\294100\3276499495\Common\Textures\Things\Droideka_Sharpshooter_Droid_south.png,320,320,
6,7,6,1243,JDSCIS_IG-100_MagnaGuards,IG-100 MagnaGuards,[JDS] StarWars - The Separatist Droid Army,m3.continued.jangodsoul.starwars.tsda,414,,JDSCIS_IG-100_MagnaGuards,[JDS] StarWars - The Separatist Droid Army,1,1,2,Things/IG-100_MagnaGuards,_south,C:\Program Files (x86)\Steam\steamapps\workshop\content\294100\3276499495\Common\Textures\Things\IG-100_MagnaGuards_south.png,256,256,
6,7,7,1244,JDSCIS_LR-57_Combat_Droid,LR-57 Combat Droid,[JDS] StarWars - The Separatist Droid Army,m3.continued.jangodsoul.starwars.tsda,414,,JDSCIS_LR-57_Combat_Droid,[JDS] StarWars - The Separatist Droid Army,1,1,2,Things/LR-57_Combat_Droid,_south,C:\Program Files (x86)\Steam\steamapps\workshop\content\294100\3276499495\Common\Textures\Things\LR-57_Combat_Droid_south.png,512,512,
6,7,8,1245,JDSCIS_Pistoeka_Sotage_Droid,Pistoeka Sotage Droid,[JDS] StarWars - The Separatist Droid Army,m3.continued.jangodsoul.starwars.tsda,414,,JDSCIS_Pistoeka_Sotage_Droid,[JDS] StarWars - The Separatist Droid Army,1,1,2,Things/Pistoeka_Sotage_Droid,_south,C:\Program Files (x86)\Steam\steamapps\workshop\content\294100\3276499495\Common\Textures\Things\Pistoeka_Sotage_Droid_south.png,256,256,
6,7,9,1246,JDSCIS_ST_Super_Tactical_Droid,ST Super Tactical Droid,[JDS] StarWars - The Separatist Droid Army,m3.continued.jangodsoul.starwars.tsda,414,,JDSCIS_ST_Super_Tactical_Droid,[JDS] StarWars - The Separatist Droid Army,1,1,2,Things/ST_Super_Tactical_Droid,_south,C:\Program Files (x86)\Steam\steamapps\workshop\content\294100\3276499495\Common\Textures\Things\ST_Super_Tactical_Droid_south.png,256,256,
6,7,10,1247,JDSCIS_T1_Tactical_Droid,T1 Tactical Droid,[JDS] StarWars - The Separatist Droid Army,m3.continued.jangodsoul.starwars.tsda,414,,JDSCIS_T1_Tactical_Droid,[JDS] StarWars - The Separatist Droid Army,1,1,2,Things/T1_Tactical_Droid,_south,C:\Program Files (x86)\Steam\steamapps\workshop\content\294100\3276499495\Common\Textures\Things\T1_Tactical_Droid_south.png,256,256,
